observation_id,mall_name,merchant_name_raw,merchant_name_normalized,category_raw,rating,avg_price_yuan,floor_location,card_type,research_eligible,exclusion_reason,rating_status,category_status,detection_method,ocr_confidence,title_score,title_height,frame_index,timestamp_sec,metadata_text,all_text,source_video
OBS-000001,正大广场,俄士廚房,俄士厨房,西餐,4.7,125,7F,rated,True,,rated,parsed,rating_anchor,0.9322,0.8964,56,24,0.409,7F | ★★★★★ | 4.7西餐￥125/人,俄士廚房 | 国 | 7F | ★★★★★ | 4.7西餐￥125/人 | 点评榜单 | 陆家嘴商圈西餐回头客榜第4名 | 秋口赴宴 | 俄味正当时 | 正宗俄餐体验，环境优雅舒适 | 2 | ￥9.9 | 2.9折 | 惠 | ￥35果蓉柳橙汁 | ￥97 | 9.7折 | ￥100100元代金券 | 惠,ocr/input_videos\上海__正大广场__20260826.mp4
OBS-000002,正大广场,点都德·德小馆,点都德·德小馆,粤式茶点,4.3,106,6F,rated,True,,rated,parsed,rating_anchor,0.9677,0.9687,52,24,0.409,6F | 🌟🌟⭐ | 粤式茶点￥106/人 | 4.3,点都德·德小馆 | 6F | 🌟🌟⭐ | 粤式茶点￥106/人 | 4.3 | 德小馆 | 点评榜单 | 陆家嘴商圈粵菜销量榜第1名 | 式馆 | 环境超赞，上菜快，点心用心 | 《 | 欢 | ￥11折 | 惠 | ￥10 | 【大红袍奶冻】 | ￥959.5折 | 【全天可用】100元.. | 惠 | ￥100,ocr/input_videos\上海__正大广场__20260826.mp4
OBS-000003,正大广场,北海宴·渔哥,北海宴·渔哥,粤菜馆,4.9,188,7F,rated,True,,rated,parsed,rating_anchor,0.9653,0.9688,55,24,0.409,粤菜馆￥188/人 | 7F | 🌟🌟🌟🌟🌟 | 4.9,北海宴·渔哥 | 粤菜馆￥188/人 | 7F | 🌟🌟🌟🌟🌟 | 4.9 | 点评榜单 | 陆家嘴商圈粤菜好评榜第3名 | 14:00休息 | ￥1495折 | ￥299砂锅酱油马友鱼 | 惠 | ￥939.3折 | 惠 | ￥100100元代金券,ocr/input_videos\上海__正大广场__20260826.mp4
OBS-000004,正大广场,魅KTVPlus·AI辅唱,魅KTVPlus·AI辅唱,量贩式KTV,4.4,78,7F,rated,True,,rated,parsed,rating_anchor,0.9597,0.9494,51,24,0.409,7F | 🌟🌟🌟 | 量贩式KTV￥78/人 | 4.4 | ★,千店连锁 | 魅KTVPlus·AI辅唱 | 7F | 🌟🌟🌟 | 量贩式KTV￥78/人 | 4.4 | ★ | (mei) | 陆家嘴商圈KTV销量榜第6名 | 魅KTV | 环境宽敞，大屏幕拍照打卡好去处” | “ | AI实时唱功辅唱 | 惠 | ￥68￥158纯唱-周内阳光档2小时小中.,ocr/input_videos\上海__正大广场__20260826.mp4
OBS-000005,正大广场,魅KTVPlus·AI辅唱,魅KTVPlus·AI辅唱,量贩式KTV,4.4,78,7F,rated,True,,rated,parsed,rating_anchor,0.9662,0.9642,54,108,1.841,7F | 🌟🌟⭐⭐ | 量贩式KTV￥78/人 | 4.4 | ★,魅KTVPlus·AI辅唱 | 千店连锁 | 7F | 🌟🌟⭐⭐ | 量贩式KTV￥78/人 | 4.4 | ★ | mei | 陆家嘴商圈KTV销量榜第6名 | 魅KTV | 环境宽敬，大屏幕拍照打卡好去处 | 《 | AI实时唱功辅唱 | 惠 | ￥68￥158纯唱-周内阳光档2小时小中..,ocr/input_videos\上海__正大广场__20260826.mp4
OBS-000006,正大广场,翠华餐厅,翠华餐厅,茶餐厅,4.0,78,6F,rated,True,,rated,parsed,rating_anchor,0.984,0.998,56,108,1.841,6F | 🌟🌟🌟🌟 | 4.0茶餐厅￥78/人,翠华餐厅 | 6F | 🌟🌟🌟🌟 | 4.0茶餐厅￥78/人 | 点评榜单 | 陆家嘴商圈粤菜打卡人气榜第2名 | 上海老式餐厅，口味超赞 | “ | ￥255.7折 | 【热门上新】新鲜出炉.. | 惠 | ￥44 | ￥959.5折 | 惠 | ￥100100元代金券,ocr/input_videos\上海__正大广场__20260826.mp4
OBS-000007,正大广场,SPACELAB失重餐厅,SPACELAB失重餐厅,西餐,4.6,129,5F,rated,True,,rated,parsed,rating_anchor,0.9791,0.9959,47,108,1.841,5F | 🌟🌟🌟🌟🌟 | 4.6西餐￥129/人,SPACELAB失重餐厅 | 轨道世界 | artid | 主题餐厅 | aace | 5F | 🌟🌟🌟🌟🌟 | 4.6西餐￥129/人 | Rshinnit | 点评榜单 | 陆家嘴商圈西餐销量榜第1名 | 披萨口感绝佳，适合与亲友共享 | GLAb | ￥19.9 | ￥28失重星饮 | 7.2折 | 惠 | ￥989.8折 | ￥100100元代金券 | 惠,ocr/input_videos\上海__正大广场__20260826.mp4
OBS-000008,正大广场,港丽餐厅,港丽餐厅,粤菜馆,4.4,95,7F,rated,True,,rated,parsed,rating_anchor,0.9682,0.9909,57,108,1.841,🌟🌟⭐⭐ | 7F | 粤菜馆￥95/人 | 4.4,港丽餐厅 | 🌟🌟⭐⭐ | 7F | 粤菜馆￥95/人 | 4.4 | 点评榜单 | 陆家嘴商圈粤菜回头客榜第2名 | 巨舒芙蕾，感细腻，服务贴” | C | ￥11.9 | 4.8折 | 惠 | ￥25 | 鸭屎香爆柠茶 | 惠 | ￥92.99.3折 | ￥100100元代金券,ocr/input_videos\上海__正大广场__20260826.mp4
OBS-000009,正大广场,魅KTVPlus·AI辅唱,魅KTVPlus·AI辅唱,量贩式KTV,4.4,78,7F,rated,True,,rated,parsed,rating_anchor,0.9577,0.9472,54,144,2.455,7F | 🌟🌟🌟🌟 | 量贩式KTV￥78/人 | 4.4 | ★ | -,魅KTVPlus·AI辅唱 | 千店连锁 | 7F | 🌟🌟🌟🌟 | 量贩式KTV￥78/人 | 4.4 | ★ | - | (mei | 陆家嘴商圈KTV销量榜第6名 | 魅KTV | 环境宽敞，大屏幕拍照打卡好去处” | AI实时唱功辅唱 | ￥68￥158纯唱-周内阳光档2小时小中... | 惠,ocr/input_videos\上海__正大广场__20260826.mp4
OBS-000010,正大广场,翠华餐厅,翠华餐厅,茶餐厅,4.0,78,6F,rated,True,,rated,parsed,rating_anchor,0.9795,0.9984,56,144,2.455,🌟🌟⭐🌟 | 6F | 茶餐厅￥78/人 | 4.0 | ￥,翠华餐厅 | 🌟🌟⭐🌟 | 6F | 茶餐厅￥78/人 | 4.0 | ￥ | 早平餐顺 | 点评榜单 | 中 | 陆家嘴商圈粵菜打卡人气榜第2名 | Ba. KEkr.e: | 上海老式餐厅，口味超赞 | 心 | ￥255.7折 | ￥44 | 惠 | 【热门上新】新鲜出炉.. | ￥959.5折 | 惠 | ￥100100元代金券,ocr/input_videos\上海__正大广场__20260826.mp4
OBS-000011,正大广场,SPACELAB失重餐厅,SPACELAB失重餐厅,西餐,4.6,129,5F,rated,True,,rated,parsed,rating_anchor,0.9859,0.9964,48,144,2.455,5F | 4.6西餐￥129/人 | 🌟🌟⭐⭐🌟,SPACELAB失重餐厅 | 轨道世界 | atinind | 主题餐厅 | Tee | 5F | 4.6西餐￥129/人 | 🌟🌟⭐⭐🌟 | RsiTG | 点评榜单 | 陆家嘴商圈西餐销量榜第1名 | 披萨口感绝佳，适合与亲友共享 | 5 | 广Ab | ￥19.97.2折 | ￥28失重星饮 | 惠 | ￥989.8折 | 惠 | ￥100100元代金券,ocr/input_videos\上海__正大广场__20260826.mp4
OBS-000012,正大广场,港丽餐厅,港丽餐厅,粤菜馆,4.4,95,7F,rated,True,,rated,parsed,rating_anchor,0.9719,0.9948,60,144,2.455,7F | 🌟🌟⭐⭐ | 粤菜馆￥95/人 | 4.4,港丽餐厅 | 永 | 产 | 7F | 🌟🌟⭐⭐ | 粤菜馆￥95/人 | 4.4 | 点评榜单 | 陆家嘴商圈粵菜回头客榜第2名 | 巨大舒芙蕾，口感细腻，服务贴心 | ￥11.9 | 4.8折 | 惠 | ￥25鸭屎香爆柠茶 | ￥92.9 | 9.3折 | 惠 | ￥100100元代金券,ocr/input_videos\上海__正大广场__20260826.mp4
OBS-000013,正大广场,港丽餐厅,港丽餐厅,粤菜馆,4.4,95,7F,rated,True,,rated,parsed,rating_anchor,0.9807,0.995,61,252,4.297,4.4粤菜馆￥95/人 | 7F | 🌟🌟⭐⭐ | ★,城 | 港丽餐厅 | 龙 | 4.4粤菜馆￥95/人 | 7F | 🌟🌟⭐⭐ | ★ | 点评榜单 | 陆家嘴商圈粤菜回头客榜第2名 | 巨大舒芙蕾，口感细腻，服务贴心” | ￥11.9 | 4.8折 | ￥25鸭屎香爆柠茶 | 惠 | ￥92.99.3折 | 惠 | ￥100100元代金券,ocr/input_videos\上海__正大广场__20260826.mp4
OBS-000014,正大广场,方格大战·跳格子,方格大战·跳格子,其他亲子游乐,4.8,113,6F,rated,True,,rated,parsed,rating_anchor,0.9818,0.9876,54,252,4.297,4.8其他亲子游乐￥113/人6F,方格大战·跳格子 | 防城团 | 4.8其他亲子游乐￥113/人6F | 点评榜单 | 浦东新区亲子游乐好评榜第1名 | 氛围梦幻，拍照效果一级棒！ | 5c | ￥139.8￥199.9方格大战双人挑战券 | 惠,ocr/input_videos\上海__正大广场__20260826.mp4
OBS-000015,正大广场,蔡澜点心·粵菜,蔡澜点心·粤菜,粤式茶点,4.4,91,6F,rated,True,,rated,parsed,rating_anchor,0.943,0.9288,55,252,4.297,4.4粤式茶点￥91/人 | 6F | 🌟🌟🌟🎉 | ★ | 1,蔡澜点心·粵菜 | 蔡澜 | 4.4粤式茶点￥91/人 | 6F | 🌟🌟🌟🎉 | 夏日上新 | ★ | 1 | 点评榜单 | 陆家嘴商圈粤菜销量榜第5名 | 鲜配手作 | ￥639折 | ￥70 | 【工作日】70元代金券 | 惠,ocr/input_videos\上海__正大广场__20260826.mp4
OBS-000016,正大广场,南里山房·新淮扬菜,南里山房·新淮扬菜,淮扬菜,4.8,108,7F,rated,True,,rated,parsed,rating_anchor,0.9634,0.9885,57,252,4.297,4.8淮扬菜￥108/人 | 7F,南里山房·新淮扬菜 | 4.8淮扬菜￥108/人 | 7F | 点评榜单 | 陆家嘴商圈淮扬菜热门榜第1名 | 牛肉上菜点火酷炫 | 2 | ￥10.56.6折 | ￥16杨梅汁 | 惠 | ￥46.59.3折 | ￥5050元代金券 | 惠,ocr/input_videos\上海__正大广场__20260826.mp4
OBS-000017,正大广场,港丽餐厅,港丽餐厅,粤菜馆,4.4,95,7F,rated,True,,rated,parsed,rating_anchor,0.9785,0.9981,56,264,4.501,7F | 🌟🌟⭐🌟 | 4.4粤菜馆￥95/人 | 食,港丽餐厅 | 7F | 🌟🌟⭐🌟 | 4.4粤菜馆￥95/人 | 食 | 点评榜单 | 陆家嘴商圈粤菜回头客榜第2名 | 巨大舒芙蕾，口感细腻，服务贴心” | ￥11.9 | 4.8折 | ￥25鸭屎香爆柠茶 | 惠 | ￥92.9 | 惠 | 9.3折 | ￥100100元代金券,ocr/input_videos\上海__正大广场__20260826.mp4
OBS-000018,正大广场,方格大战·跳格子,方格大战·跳格子,其他亲子游乐,4.8,113,6F,rated,True,,rated,parsed,rating_anchor,0.981,0.9861,54,264,4.501,4.8其他亲子游乐￥113/人6F,方格大战·跳格子 | 防城团 | 4.8其他亲子游乐￥113/人6F | 点评榜单 | 浦东新区亲子游乐好评榜第1名 | B | 氛围梦幻，拍照效果一级棒！ | ≤ | ￥139.8￥199.9方格大战双人挑战券 | 惠,ocr/input_videos\上海__正大广场__20260826.mp4
OBS-000019,正大广场,蔡澜点心·粵菜,蔡澜点心·粤菜,粤式茶点,4.4,91,6F,rated,True,,rated,parsed,rating_anchor,0.9362,0.9271,52,264,4.501,🌟🌟🌟🎉 | 6F | 粤式茶点￥91/人 | 4.4 | ★,蔡澜点心·粵菜 | 蔡澜 | 🌟🌟🌟🎉 | 6F | 粤式茶点￥91/人 | 4.4 | 夏日上新 | ★ | 点评榜单 | 鲜配手作 | 陆家嘴商圈粤菜销量榜第5名 | ￥639折 | ￥70 | 惠 | 【工作日】70元代金券,ocr/input_videos\上海__正大广场__20260826.mp4
OBS-000020,正大广场,南里山房·新淮扬菜,南里山房·新淮扬菜,淮扬菜,4.8,108,7F,rated,True,,rated,parsed,rating_anchor,0.9604,0.986,53,264,4.501,4.8淮扬菜￥108/人 | 7F,南里山房·新淮扬菜 | 南里山房 | 4.8淮扬菜￥108/人 | 7F | 0 | 奔赴奋妙 | 点评榜单 | 陆家嘴商圈淮扬菜热门榜第1名 | 迪士尼小镇店盛大自 | 牛肉上菜点火酷炫 | “ | 2 | ￥10.56.6折 | ￥16杨梅汁 | 惠 | ￥46.59.3折 | 惠 | ￥5050元代金券,ocr/input_videos\上海__正大广场__20260826.mp4
OBS-000021,正大广场,南里山房·新淮扬菜,南里山房·新淮扬菜,淮扬菜,4.8,108,7F,rated,True,,rated,parsed,rating_anchor,0.9603,0.9894,57,348,5.933,7F | 4.8淮扬菜￥108/人,南里山房·新淮扬菜 | 南里山房 | 7F | 4.8淮扬菜￥108/人 | 奔赴奇妙 | 点评榜单 | 陆家嘴商圈淮扬菜热门榜第1名 | 迪士尼小镇店盛大启基 | 牛肉上菜点火酷炫 | 3 | ￥10.5 | 6.6折 | ￥16杨梅汁 | 惠 | ￥46.51 | ￥5050元代金券 | 惠 | 9.3折,ocr/input_videos\上海__正大广场__20260826.mp4
OBS-000022,正大广场,安又胖韩国烤肉,安又胖韩国烤肉,韩式烤肉,4.4,110,8F,rated,True,,rated,parsed,rating_anchor,0.9841,0.9994,51,348,5.933,🌟🌟⭐⭐ | 8F | 韩式烤肉￥110/人 | 4.4,安又胖韩国烤肉 | 🌟🌟⭐⭐ | 8F | 韩式烤肉￥110/人 | 4.4 | 安又胖 | 点评榜单 | 陆家嘴商圈烤肉打卡人气榜第1名 | 特式划内科理 | 推荐给喜欢韩式烤肉的朋友们” | ￥29.97.7折 | ￥39 | 【夏季上新】济州岛.. | 惠 | ￥44.58.9折 | ￥50 | 惠 | 【帮你省薪】50元代...,ocr/input_videos\上海__正大广场__20260826.mp4
OBS-000023,正大广场,奧斯丁梦想乐园,奥斯丁梦想乐园,儿童乐园,3.6,103,2F,rated,True,,rated,parsed,rating_anchor,0.9676,0.9945,51,348,5.933,3.6儿童乐园￥103/人 | 2F,奧斯丁梦想乐园 | 3.6儿童乐园￥103/人 | 2F | 设施丰富多样，门票性价比超高 | 5,ocr/input_videos\上海__正大广场__20260826.mp4
OBS-000024,正大广场,SONAMU松那木·韩国烤肉店,SONAMU松那木·韩国烤肉店,韩式烤肉,4.5,166,1F,rated,True,,rated,parsed,rating_anchor,0.9726,0.986,53,348,5.933,★★★★★ | 1F | 4.5韩式烤肉￥166/人,SONAMU松那木·韩国烤肉店 | ★★★★★ | 1F | 4.5韩式烤肉￥166/人 | G | 点评榜单 | SONAMU | 陆家嘴商圈烤肉打卡人气榜第2名 | 有 | ￥388折 | ￥48 | 【工作日午市】泡菜汤.. | 惠 | ￥88 | ￥100 | 8.8折 | 【韩料酒饮部分】10... | 惠,ocr/input_videos\上海__正大广场__20260826.mp4
OBS-000025,正大广场,南里山房·新淮扬菜,南里山房·新淮扬菜,淮扬菜,4.8,108,7F,rated,True,,rated,parsed,rating_anchor,0.958,0.9795,51,372,6.343,7F | 4.8淮扬菜￥108/人,南里山房·新淮扬菜 | 南里山房 | 7F | 4.8淮扬菜￥108/人 | 奔赴奋妙 | 点评榜单 | 陆家嘴商圈淮扬菜热门榜第1名 | 迪士尼小镇店盛大自基 | 牛肉上菜点火酷炫 | 2 | ￥16杨梅汁 | ￥10.5 | 6.6折 | 惠 | ￥46.5 | ￥5050元代金券 | 惠 | 9.3折,ocr/input_videos\上海__正大广场__20260826.mp4
OBS-000026,正大广场,安又胖韩国烤肉,安又胖韩国烤肉,韩式烤肉,4.4,110,8F,rated,True,,rated,parsed,rating_anchor,0.9867,0.9995,48,372,6.343,🌟🌟⭐⭐ | 8F | 4.4韩式烤肉￥110/人 | ★,安又胖韩国烤肉 | 🌟🌟⭐⭐ | 8F | 4.4韩式烤肉￥110/人 | ★ | 安又阵 | 点评榜单 | 陆家嘴商圈烤肉打卡人气榜第1名 | 辆式河肉科理 | 推荐给喜欢韩式烤肉的朋友们 | ￥39 | ￥29.9 | 惠 | 7.7折 | 【夏季上新】济州岛.. | 8.9折 | ￥50 | ￥44.5 | 惠 | 【帮你省薪】50元代..,ocr/input_videos\上海__正大广场__20260826.mp4
OBS-000027,正大广场,奧斯丁梦想乐园,奥斯丁梦想乐园,儿童乐园,3.6,103,2F,rated,True,,rated,parsed,rating_anchor,0.9662,0.9988,51,372,6.343,⭐3.6儿童乐园￥103/人 | 2F,奧斯丁梦想乐园 | ⭐3.6儿童乐园￥103/人 | 2F | 设施丰富多样，门票性价比超高 | “,ocr/input_videos\上海__正大广场__20260826.mp4
OBS-000028,正大广场,SONAMU松那木·韩国烤肉店,SONAMU松那木·韩国烤肉店,韩式烤肉,4.5,166,1F,rated,True,,rated,parsed,rating_anchor,0.9744,0.9917,54,372,6.343,1F | 🌟🌟⭐⭐🌟 | 4.5 | 韩式烤肉￥166/人,SONAMU松那木·韩国烤肉店 | 1F | 🌟🌟⭐⭐🌟 | 4.5 | 韩式烤肉￥166/人 | 点评榜单 | SONAMU | 陆家嘴商圈烤肉打卡人气榜第2名 | 国月 | ￥388折 | ￥48 | 惠 | 【工作日午市】泡菜汤. | ￥888.8折 | ￥100 | 惠 | 【韩料酒饮部分】10...,ocr/input_videos\上海__正大广场__20260826.mp4
OBS-000029,正大广场,锦楼·臻选新杭帮,锦楼·臻选新杭帮,浙菜,4.8,168,6F,rated,True,,rated,parsed,rating_anchor,0.9763,0.987,55,372,6.343,6F | 4.8浙菜￥168/人,锦楼·臻选新杭帮 | 心吃榜 | 6F | SPLRNDEN | 4.8浙菜￥168/人,ocr/input_videos\上海__正大广场__20260826.mp4
OBS-000030,正大广场,安又胖韩国烤肉,安又胖韩国烤肉,韩式烤肉,4.4,110,8F,rated,True,,rated,parsed,rating_anchor,0.9827,0.9992,57,444,7.57,8F | 4.4韩式烤肉￥110/人 | 🌟🌟🌟⭐ | ★,安又胖韩国烤肉 | 8F | 4.4韩式烤肉￥110/人 | 🌟🌟🌟⭐ | ★ | 安又胖 | 点评榜单 | 陆家嘴商圈烤肉打卡人气榜第1名 | 式划皮建科开 | 推荐给喜欢韩式烤肉的朋友们 | ￥29.97.7折 | 惠 | 【夏季上新】济州岛.. | ￥39 | ￥44.5 | ￥50 | 惠 | 8.9折 | 【帮你省薪】50元代...,ocr/input_videos\上海__正大广场__20260826.mp4
OBS-000031,正大广场,奧斯丁梦想乐园,奥斯丁梦想乐园,儿童乐园,3.6,103,2F,rated,True,,rated,parsed,rating_anchor,0.9822,0.9965,57,444,7.57,2F | 3.6儿童乐园￥103/人,奧斯丁梦想乐园 | 2F | 3.6儿童乐园￥103/人 | “设施丰富多样，门票性价比超高,ocr/input_videos\上海__正大广场__20260826.mp4
OBS-000032,正大广场,SONAMU松那木·韩国烤肉店,SONAMU松那木·韩国烤肉店,韩式烤肉,4.5,166,1F,rated,True,,rated,parsed,rating_anchor,0.9779,0.9879,51,444,7.57,1F | 4.5韩式烤肉￥166/人,SONAMU松那木·韩国烤肉店 | 1F | 4.5韩式烤肉￥166/人 | 1四 | 点评榜单 | SONAMU | 陆家嘴商圈烤肉打卡人气榜第2名 | 肉 | ￥388折 | ￥48 | 【工作日午市】泡菜汤.. | 惠 | ￥88 | ￥100 | 8.8折 | 惠 | 【韩料酒饮部分】10...,ocr/input_videos\上海__正大广场__20260826.mp4
OBS-000033,正大广场,锦楼·臻选新杭帮,锦楼·臻选新杭帮,浙菜,4.8,168,6F,rated,True,,rated,parsed,rating_anchor,0.9578,0.9824,48,444,7.57,4.8浙菜￥168/人 | 6F,锦楼·臻选新杭帮 | 心吃榜 | 4.8浙菜￥168/人 | 6F | SLIND | 必吃榜 | 2026年上榜餐厅 | 14:00休息 | 创意杭帮菜，味觉享受，精致菜品 | ￥7.6 | 4折 | ￥19西湖龙井炖奶 | 惠 | ￥97 | 9.7折 | ￥100100元代金券 | 惠,ocr/input_videos\上海__正大广场__20260826.mp4
OBS-000034,正大广场,安又胖韩国烤肉,安又胖韩国烤肉,韩式烤肉,4.4,110,8F,rated,True,,rated,parsed,rating_anchor,0.9819,0.9993,57,492,8.389,8F | 🌟🌟⭐⭐ | 4.4韩式烤肉￥110/人 | ★,安又胖韩国烤肉 | 8F | 🌟🌟⭐⭐ | 4.4韩式烤肉￥110/人 | ★ | 安又胖 | 点评榜单 | 陆家嘴商圈烤肉打卡人气榜第1名 | 式 | 推荐给喜欢韩式烤肉的朋友们 | 7.7折 | ￥29.9 | 【夏季上新】济州岛. | 惠 | ￥39 | ￥44.5 | ￥50 | 惠 | 8.9折 | 【帮你省薪】50元代...,ocr/input_videos\上海__正大广场__20260826.mp4
OBS-000035,正大广场,奧斯丁梦想乐园,奥斯丁梦想乐园,儿童乐园,3.6,103,2F,rated,True,,rated,parsed,rating_anchor,0.9815,0.9952,52,492,8.389,2F | 3.6儿童乐园￥103/人,奧斯丁梦想乐园 | 2F | 3.6儿童乐园￥103/人 | “设施丰富多样，门票性价比超高,ocr/input_videos\上海__正大广场__20260826.mp4
OBS-000036,正大广场,SONAMU松那木·韩国烤肉店,SONAMU松那木·韩国烤肉店,韩式烤肉,4.5,166,1F,rated,True,,rated,parsed,rating_anchor,0.9528,0.9878,51,492,8.389,1F | ⭐4.5韩式烤肉￥166/人,SONAMU松那木·韩国烤肉店 | 1F | ⭐4.5韩式烤肉￥166/人 | 1四 | 点评榜单 | SONAMU | 陆家嘴商圈烤肉打卡人气榜第2名 | ￥388折 | ￥48 | 【工作日午市】泡菜汤.. | 惠 | ￥88 | ￥100 | 惠 | 8.8折 | 【韩料酒饮部分】10...,ocr/input_videos\上海__正大广场__20260826.mp4
OBS-000037,正大广场,锦楼·臻选新杭帮,锦楼·臻选新杭帮,浙菜,4.8,168,6F,rated,True,,rated,parsed,rating_anchor,0.9525,0.9826,48,492,8.389,6F | 4.8浙菜￥168/人,锦楼·臻选新杭帮 | 心吃榜 | 6F | 4.8浙菜￥168/人 | SL1ND | 必吃榜 | 2026年上榜餐厅 | 14:00休息 | 创意杭帮菜，味觉享受，精致菜品 | 4折 | ￥7.6 | ￥19西湖龙井炖奶 | 惠 | ￥97 | 9.7折 | ￥100100元代金券 | 惠,ocr/input_videos\上海__正大广场__20260826.mp4
OBS-000038,正大广场,安又胖韩国烤肉,安又胖韩国烤肉,韩式烤肉,4.4,110,8F,rated,True,,rated,parsed,rating_anchor,0.9851,0.9993,54,516,8.798,⭐🌟🌟⭐ | 4.4韩式烤肉￥110/人 | 8F,安又胖韩国烤肉 | ⭐🌟🌟⭐ | 4.4韩式烤肉￥110/人 | 8F | 安又胖 | 点评榜单 | 陆家嘴商圈烤肉打卡人气榜第1名 | 第光烤肉科理 | 推荐给喜欢韩式烤肉的朋友们 | ￥39 | ￥29.97.7折 | 【夏季上新】济州岛. | 惠 | ￥44.5 | ￥50 | 8.9折 | 惠 | 【帮你省薪】50元代...,ocr/input_videos\上海__正大广场__20260826.mp4
OBS-000039,正大广场,奧斯丁梦想乐园,奥斯丁梦想乐园,儿童乐园,3.6,103,2F,rated,True,,rated,parsed,rating_anchor,0.977,0.9866,52,516,8.798,2F | 3.6儿童乐园￥103/人,奧斯丁梦想乐园 | 2F | 3.6儿童乐园￥103/人 | 设施丰富多样，门票性价比超高,ocr/input_videos\上海__正大广场__20260826.mp4
OBS-000040,正大广场,SONAMU松那木·韩国烤肉店,SONAMU松那木·韩国烤肉店,韩式烤肉,4.5,166,1F,rated,True,,rated,parsed,rating_anchor,0.9734,0.9884,54,516,8.798,1F | 4.5韩式烤肉￥166/人,SONAMU松那木·韩国烤肉店 | 1F | 4.5韩式烤肉￥166/人 | 四 | 点评榜单 | SONAMU | 陆家嘴商圈烤肉打卡人气榜第2名 | ￥388折 | ￥48 | 【工作日午市】泡菜汤... | 惠 | ￥88 | ￥100 | 8.8折 | 【韩料酒饮部分】10... | 惠,ocr/input_videos\上海__正大广场__20260826.mp4
OBS-000041,正大广场,锦楼·臻选新杭帮,锦楼·臻选新杭帮,浙菜,4.8,168,6F,rated,True,,rated,parsed,rating_anchor,0.9456,0.9896,58,516,8.798,6F | ⭐4.8浙菜￥168/人,锦楼·臻选新杭帮 | 心吃榜 | 6F | ⭐4.8浙菜￥168/人 | 心吃榜 | 2026年上榜餐厅 | 14:00休息 | 创意杭帮菜，味觉享受，精致菜品 | K | ￥7.6 | 惠 | 4折 | ￥19 | 西湖龙井炖奶 | 惠 | ￥97 | 9.7折 | ￥100100元代金券,ocr/input_videos\上海__正大广场__20260826.mp4
OBS-000042,正大广场,毕真烤肉店,毕真烤肉店,融合烤肉,4.7,130,8F,rated,True,,rated,parsed,rating_anchor,0.9827,0.9998,58,516,8.798,🌟🌟⭐⭐🌟 | 8F | 融合烤肉￥130/人 | 4.7,毕真烤肉店 | 🌟🌟⭐⭐🌟 | 8F | 融合烤肉￥130/人 | 4.7,ocr/input_videos\上海__正大广场__20260826.mp4
OBS-000043,正大广场,锦楼·臻选新杭帮,锦楼·臻选新杭帮,浙菜,4.8,168,6F,rated,True,,rated,parsed,rating_anchor,0.9618,0.9841,52,540,9.207,6F | 4.8浙菜￥168/人,锦楼·臻选新杭帮 | 心吃榜 | 6F | 4.8浙菜￥168/人 | SPLINDOD | 吃榜 | 2026年上榜餐厅 | 14:00休息 | “ | ￥7.64折 | 惠 | ￥19西湖龙井炖奶 | ￥979.7折 | 惠 | ￥100100元代金券,ocr/input_videos\上海__正大广场__20260826.mp4
OBS-000044,正大广场,毕真烤肉店,毕真烤肉店,融合烤肉,4.7,130,8F,rated,True,,rated,parsed,rating_anchor,0.9672,0.9999,58,540,9.207,🌟🌟🌟⭐🌟 | 8F | 4.7 | 融合烤肉￥130/人,毕真烤肉店 | 🌟🌟🌟⭐🌟 | 8F | 4.7 | 融合烤肉￥130/人 | 点评榜单 | 浦东新区融合烤肉打卡人气榜第2名 | 城市中的自然原味 | 满满韩式情，鲜美多汁” | ￥2985.7折 | 惠 | ￥524人气精选2人餐2026 | ￥909折 | ￥100100元代金券 | 惠,ocr/input_videos\上海__正大广场__20260826.mp4
OBS-000045,正大广场,eatnwork·江景西餐厅,eatnwork·江景西餐厅,牛排,4.4,258,9F,rated,True,,rated,parsed,rating_anchor,0.9657,0.9767,54,540,9.207,🌟🌟⭐⭐ | 9F | 牛排￥258/人 | 4.4,eatnwork·江景西餐厅 | 🌟🌟⭐⭐ | 9F | 牛排￥258/人 | 4.4 | 点评榜单 | 浦东新区牛排热门榜第2名 | 口感赞到飞起的披萨，环境超赞 | “ | ￥698 | ￥5988.6折 | 惠 | 【畅销爆款】至尊.. | ￥989.8折 | 惠 | ￥100100元代金券,ocr/input_videos\上海__正大广场__20260826.mp4
OBS-000046,正大广场,圆苑,圆苑,本帮菜,4.6,186,4F,rated,True,,rated,parsed,rating_anchor,0.9612,0.9973,63,540,9.207,4F | 4.6本帮菜￥186/人,圆苑 | 4F | 4.6本帮菜￥186/人 | 点评榜单 | 陆家嘴商圈本帮菜热门榜第4名 | 味道赞，三口之家的不二之选 | 小 | 惠￥3575.8折 | ￥621 | 【双人】圆苑招牌套餐,ocr/input_videos\上海__正大广场__20260826.mp4
OBS-000047,正大广场,锦楼·臻选新杭帮,锦楼·臻选新杭帮,浙菜,4.8,168,6F,rated,True,,rated,parsed,rating_anchor,0.9608,0.9803,54,576,9.821,6F | 4.8浙菜￥168/人,锦楼·臻选新杭帮 | 心吃榜 | 6F | 4.8浙菜￥168/人 | SMLRNDOD | 必吃榜 | 2026年上榜餐厅 | 14:00休息 | ￥7.64折 | ￥19西湖龙井炖奶 | 惠 | ￥97 | 9.7折 | 惠 | ￥100100元代金券,ocr/input_videos\上海__正大广场__20260826.mp4
OBS-000048,正大广场,毕真烤肉店,毕真烤肉店,融合烤肉,4.7,130,8F,rated,True,,rated,parsed,rating_anchor,0.9823,0.9999,56,576,9.821,⭐🌟⭐⭐4.7 | 8F | 融合烤肉￥130/人,毕真烤肉店 | ⭐🌟⭐⭐4.7 | 8F | 融合烤肉￥130/人 | 点评榜单 | 浦东新区融合烤肉打卡人气榜第2名 | 城市中的自然原味 | 满满韩式风情，肉鲜美多汁” | ￥2985.7折 | 惠 | ￥524人气精选2人餐2026 | ￥909折 | 惠 | ￥100100元代金券,ocr/input_videos\上海__正大广场__20260826.mp4
OBS-000049,正大广场,eatn work·江景西餐厅,eatnwork·江景西餐厅,牛排,4.4,258,9F,rated,True,,rated,parsed,rating_anchor,0.969,0.9706,54,576,9.821,9F | 🌟🌟🌟🎉⭐ | 4.4牛排￥258/人,eatn work·江景西餐厅 | 9F | 🌟🌟🌟🎉⭐ | 4.4牛排￥258/人 | 点评榜单 | 浦东新区牛排热门榜第2名 | 口感赞到飞起的披萨，环境超赞 | 3 | “ | ￥698 | ￥598 | 8.6折 | 惠 | 【畅销爆款】至尊… | ￥989.8折 | 惠 | ￥100100元代金券,ocr/input_videos\上海__正大广场__20260826.mp4
OBS-000050,正大广场,圆苑,圆苑,本帮菜,4.6,186,4F,rated,True,,rated,parsed,rating_anchor,0.9617,0.9976,69,576,9.821,4F | 4.6本帮菜￥186/人,圆苑 | 4F | 4.6本帮菜￥186/人 | 圓範 | 上1SWC：10 | 点评榜单 | 到上海·吃圆员 | 陆家嘴商圈本帮菜热门榜第4名 | 联三年推荐餐厅 | 味道赞，三口之家的不二之选 | （C | ￥357 | ￥621 | 【双人】圆苑招牌套餐 | 5.8折 | 惠 | ￥88 | 惠 | 8.8折 | ￥100100元代金券,ocr/input_videos\上海__正大广场__20260826.mp4
OBS-000051,正大广场,毕真烤肉店,毕真烤肉店,融合烤肉,4.7,130,8F,rated,True,,rated,parsed,rating_anchor,0.9793,0.9998,51,636,10.844,8F | ★★★4.7 | 融合烤肉￥130/人,毕真烤肉店 | 8F | ★★★4.7 | 融合烤肉￥130/人 | 点评榜单 | 浦东新区融合烤肉打卡人气榜第2名 | 城市中的自然原味 | 满满韩式风情，肉鲜美多汁 | 2 | ￥298 | 惠 | 5.7折 | ￥524人气精选2人餐2026 | ￥909折 | 惠 | ￥100100元代金券,ocr/input_videos\上海__正大广场__20260826.mp4
OBS-000052,正大广场,eatn work·江景西餐厅,eatnwork·江景西餐厅,牛排,4.4,258,9F,rated,True,,rated,parsed,rating_anchor,0.9387,0.9232,51,636,10.844,9F | 🌟🌟⭐⭐ | 牛排￥258/人 | 4.4,eatn work·江景西餐厅 | 9F | 🌟🌟⭐⭐ | 牛排￥258/人 | 4.4 | 点评榜单 | 浦东新区牛排热门榜第2名 | 口感赞到飞起的披萨，环境超赞 | “ | ￥698 | ￥598 | 8.6折 | 惠 | 【畅销爆款】至尊.. | ￥989.8折 | 惠 | ￥100100元代金券,ocr/input_videos\上海__正大广场__20260826.mp4
OBS-000053,正大广场,圆苑,圆苑,本帮菜,4.6,186,4F,rated,True,,rated,parsed,rating_anchor,0.9505,0.9954,62,636,10.844,⭐4.6本帮菜￥186/人 | 4F,圆苑 | 圓範 | ⭐4.6本帮菜￥186/人 | 4F | 上1SWC10 | 点评榜单 | 到上海·吃圆费 | 陆家嘴商圈本帮菜热门榜第4名 | 联三年推荐餐厅 | 味道赞，三口之家的不二之选 | 3 | “ | ￥357 | ￥621 | 5.8折 | 惠 | 【双人】圆苑招牌套餐 | ￥888.8折 | 惠 | ￥100100元代金券,ocr/input_videos\上海__正大广场__20260826.mp4
OBS-000054,正大广场,eatnwork·江景西餐厅,eatnwork·江景西餐厅,牛排,4.4,258,9F,rated,True,,rated,parsed,rating_anchor,0.9507,0.9745,54,648,11.049,9F | ★🌟★★ | ★4.4牛排￥258/人,eatnwork·江景西餐厅 | 9F | ★🌟★★ | ★4.4牛排￥258/人 | 点评榜单 | 浦东新区牛排热门榜第2名 | 口感赞到飞起的披萨，环境超赞 | 5 | ￥5988.6折 | ￥698 | 惠 | 【畅销爆款】至尊. | ￥989.8折 | 惠 | ￥100100元代金券,ocr/input_videos\上海__正大广场__20260826.mp4
OBS-000055,正大广场,圆苑,圆苑,本帮菜,4.6,186,4F,rated,True,,rated,parsed,rating_anchor,0.9462,0.9974,62,648,11.049,4F | 4.6本帮菜￥186/人,圆苑 | 4F | 4.6本帮菜￥186/人 | 圓苑 | 上5：1 | 点评榜单 | 列上海·化国 | 陆家嘴商圈本帮菜热门榜第4名 | 职三年推养程厅 | 味道赞，三口之家的不二之选 | 惠 | ￥357 | ￥621 | 5.8折 | 【双人】圆苑招牌套餐 | ￥88 | 惠 | ￥100100元代金券 | 8.8折,ocr/input_videos\上海__正大广场__20260826.mp4
OBS-000056,正大广场,富天添鲜牛腩煲·鲜牛肉火锅·团...,富天添鲜牛腩煲·鲜牛肉火锅·团,潮汕牛肉火锅,4.4,99,8F,rated,True,,rated,parsed,rating_anchor,0.9195,0.9097,56,648,11.049,🌟🌟⭐⭐ | 4.4潮汕牛肉火锅￥99/人 | 8F | ★,富天添鲜牛腩煲·鲜牛肉火锅·团... | 上海牛腩煲 | TOP1 | 🌟🌟⭐⭐ | 4.4潮汕牛肉火锅￥99/人 | 8F | ★ | 点评榜单 | 陆家嘴商圈火锅好评榜第8名 | 香辣锅底令回味穷，性价 | S | 本地人推荐餐厅 | ￥15.5 | ￥39 | 惠 | 4折 | 【人气】新鲜吊龙( | ￥969.6折 | ￥100 | 惠 | 【扫码买券】100元..,ocr/input_videos\上海__正大广场__20260826.mp4
OBS-000057,正大广场,汤姆熊欢乐世界·史莱姆怪兽,汤姆熊欢乐世界·史莱姆怪兽,电玩城,4.1,83,2F,rated,True,,rated,parsed,rating_anchor,0.9803,0.9878,56,648,11.049,🌟🌟🌟🌟 | 2F | 4.1电玩城￥83/人,汤姆熊欢乐世界·史莱姆怪兽 | 🌟🌟🌟🌟 | 2F | 4.1电玩城￥83/人 | 陆家嘴商圈游戏厅销量榜第1名 | 南 | 金 | “抓娃娃中率，体验超棒! | 35 | 指定道额 | 客星巴克福利,ocr/input_videos\上海__正大广场__20260826.mp4
OBS-000058,正大广场,圆苑,圆苑,本帮菜,4.6,186,4F,rated,True,,rated,parsed,rating_anchor,0.9455,0.9977,63,696,11.867,4F | 4.6本帮菜￥186/人,圆苑 | 4F | 4.6本帮菜￥186/人 | 圓范 | 上1CE19 | 点评榜单 | 列上海·化区苑 | 陆家嘴商圈本帮菜热门榜第4名 | 联三年推养督厅 | 味道赞，三口之家的不二之选 | T | ￥621 | ￥357 | 5.8折 | 【双人】圆苑招牌套餐 | 惠 | ￥88 | 惠 | 8.8折 | ￥100100元代金券,ocr/input_videos\上海__正大广场__20260826.mp4
OBS-000059,正大广场,富天添鲜牛腩煲·鲜牛肉火锅·团..,富天添鲜牛腩煲·鲜牛肉火锅·团,潮汕牛肉火锅,4.4,99,8F,rated,True,,rated,parsed,rating_anchor,0.933,0.9139,59,696,11.867,4.4潮汕牛肉火锅￥99/人 | 8F,富天添鲜牛腩煲·鲜牛肉火锅·团.. | 上海牛腩煲 | TOP1 | 4.4潮汕牛肉火锅￥99/人 | 8F | 点评榜单 | 陆家嘴商圈火锅好评榜第8名 | 香辣锅底令人回味无穷，性价 | 本地人推荐餐厅 | ￥39 | ￥15.5 | 惠 | 4折 | 【人气】新鲜吊龙(.. | ￥969.6折 | ￥100 | 惠 | 【扫码买券】100元...,ocr/input_videos\上海__正大广场__20260826.mp4
OBS-000060,正大广场,汤姆熊欢乐世界·史莱姆怪兽,汤姆熊欢乐世界·史莱姆怪兽,电玩城,4.1,83,2F,rated,True,,rated,parsed,rating_anchor,0.9838,0.9893,56,696,11.867,2F | 🌟🌟🌟💥 | 4.1电玩城￥83/人,汤姆熊欢乐世界·史莱姆怪兽 | TomiwinRgD | 2F | 🌟🌟🌟💥 | 4.1电玩城￥83/人 | 陆家嘴商圈游戏厅销量榜第1名 | 原 | 肉 | 抓娃娃中率高，体验超棒！ | 55 | 零星巴克福利 | 指定额 | 惠 | ￥19.9￥2525枚游戏币,ocr/input_videos\上海__正大广场__20260826.mp4
OBS-000061,正大广场,LOKAL by Wagas,LOKALbyWagas,西餐,4.3,98,商场内,rated,True,,rated,parsed,rating_anchor,0.9482,0.9598,64,696,11.867,商场内 | 🌟🌟🌟🌟 | 西餐￥98/人 | 4.3,LOKAL by Wagas | LOKAL罗可 | 夏日约会 | 商场内 | 🌟🌟🌟🌟 | 西餐￥98/人 | 4.3 | 餐桌 | 精致美食，环境优雅，推荐品尝 | C | ￥927.4折 | ￥126 | 惠 | 【招牌北欧Brunch】,ocr/input_videos\上海__正大广场__20260826.mp4
OBS-000062,正大广场,富天添鲜牛腩煲·鲜牛肉火锅·团...,富天添鲜牛腩煲·鲜牛肉火锅·团,潮汕牛肉火锅,4.4,99,8F,rated,True,,rated,parsed,rating_anchor,0.9416,0.9213,56,756,12.89,⭐🌟🌟⭐ | 潮汕牛肉火锅￥99/人 | 8F | 4.4 | ★,富天添鲜牛腩煲·鲜牛肉火锅·团... | 上海牛腩煲 | TOP1 | ⭐🌟🌟⭐ | 潮汕牛肉火锅￥99/人 | 8F | 4.4 | ★ | 点评榜单 | 陆家嘴商圈火锅好评榜第8名 | 香辣锅底令人回味无穷，性价比高 | 本地人推荐餐厅 | ￥39 | 4折 | ￥15.5 | 惠 | 【人气】新鲜吊龙( | ￥969.6折 | 惠 | ￥100 | 【扫码买券】100元...,ocr/input_videos\上海__正大广场__20260826.mp4
OBS-000063,正大广场,汤姆熊欢乐世界·史莱姆怪兽,汤姆熊欢乐世界·史莱姆怪兽,电玩城,4.1,83,2F,rated,True,,rated,parsed,rating_anchor,0.9715,0.9887,51,756,12.89,🌟🌟💥⭐ | 2F | 电玩城￥83/人 | 4.1,汤姆熊欢乐世界·史莱姆怪兽 | 🌟🌟💥⭐ | 2F | 电玩城￥83/人 | 4.1 | 陆家嘴商圈游戏厅销量榜第1名 | 2 | 抓娃娃中率高，体验超棒！ | 55 | 喜星巴克福利 | 指定查餐 | 惠 | ￥19.9￥2525枚游戏币,ocr/input_videos\上海__正大广场__20260826.mp4
OBS-000064,正大广场,LOKAL by Wagas,LOKALbyWagas,西餐,4.3,98,商场内,rated,True,,rated,parsed,rating_anchor,0.9646,0.9846,67,756,12.89,商场内 | 🌟🌟🌟🌟 | 4.3 | 西餐￥98/人,LOKAL by Wagas | LOKAL罗可 | 夏日约会 | 商场内 | 🌟🌟🌟🌟 | 4.3 | 西餐￥98/人 | 餐桌 | 精致美食，环境优雅，推荐品尝 | ￥927.4折 | ￥126 | 惠 | 【招牌北欧Brunch】,ocr/input_videos\上海__正大广场__20260826.mp4
OBS-000065,正大广场,海底十万里,海底十万里,,,,2F,new_store,False,new_store,ocr_missing,missing,metadata_anchor,0.9998,0.9998,52,756,12.89,新店 | 2F | 更多新奇体验,海底十万里 | 海底十万里 | 新店 | 2F | 更多新奇体验,ocr/input_videos\上海__正大广场__20260826.mp4
OBS-000066,正大广场,麻六记·国潮川菜排队王,麻六记·国潮川菜排队王,川菜,4.1,65,6F,rated,True,,rated,parsed,rating_anchor,0.9731,0.9875,48,756,12.89,6F | 🌟🌟🌟🌟 | 4.1川菜￥65/人 | 食,麻六记·国潮川菜排队王 | 6F | 🌟🌟🌟🌟 | 4.1川菜￥65/人 | 食 | 点评焙单 | 陆家嘴商圈川菜好评榜第2名,ocr/input_videos\上海__正大广场__20260826.mp4
OBS-000067,正大广场,LOKAL by Wagas,LOKALbyWagas,西餐,4.3,98,商场内,rated,True,,rated,parsed,rating_anchor,0.9635,0.9831,63,792,13.504,商场内 | 🌟🌟⭐⭐ | 4.3 | 西餐￥98/人,LOKAL by Wagas | LOKAL罗可 | 夏日约会 | 商场内 | 🌟🌟⭐⭐ | 4.3 | 西餐￥98/人 | 餐桌 | 精致美食，环境优雅，推荐品尝 | ￥927.4折 | ￥126 | 惠 | 【招牌北欧Brunch】,ocr/input_videos\上海__正大广场__20260826.mp4
OBS-000068,正大广场,海底十万里,海底十万里,,,,2F,new_store,False,new_store,ocr_missing,missing,metadata_anchor,0.9997,0.9997,56,792,13.504,新店 | 2F | 更多新奇体验,海底十万里 | 海底十万里 | 新店 | 2F | 更多新奇体验,ocr/input_videos\上海__正大广场__20260826.mp4
OBS-000069,正大广场,麻六记·国潮川菜排队王,麻六记·国潮川菜排队王,川菜,4.1,65,6F,rated,True,,rated,parsed,rating_anchor,0.975,0.9958,54,792,13.504,4.1川菜￥65/人 | 6F,麻六记·国潮川菜排队王 | Cram | 4.1川菜￥65/人 | 6F | 点评榜单 | 陆家嘴商圈川菜好评榜第2名 | 味道正宗，环境优雅，服务态度好” | 川菜头牌 | 《 | ￥0.10.1折 | 惠 | ￥12 | 【收|藏+打卡+点推.. | ￥14.57.3折 | ￥2020元代金券 | 惠,ocr/input_videos\上海__正大广场__20260826.mp4
OBS-000070,正大广场,醉庐·新上海菜,醉庐·新上海菜,本帮菜,,110,6F,new_store,False,new_store,ocr_missing,parsed,metadata_anchor,0.9681,0.9806,55,792,13.504,6F | 新店 | 本帮菜￥110/人,醉庐·新上海菜 | 6F | 新店 | 本帮菜￥110/人 | 醉庐 | 点评榜单 | 上海江浙菜销量榜第1名 | ZULURANQLRT | ￥2786.7折 | ￥416 | 惠 | 【沪上双韵】2-3人餐,ocr/input_videos\上海__正大广场__20260826.mp4
OBS-000071,正大广场,LOKAL by Wagas,LOKALbyWagas,西餐,4.3,98,商场内,rated,True,,rated,parsed,rating_anchor,0.963,0.9811,63,852,14.527,商场内 | 🌟🌟⭐⭐ | 4.3 | 西餐￥98/人,LOKAL by Wagas | LOKAL罗可 | 夏日约会 | 商场内 | 🌟🌟⭐⭐ | 4.3 | 西餐￥98/人 | 餐桌 | 精致美食，环境优雅，推荐品尝 | ￥927.4折 | ￥126 | 惠 | 【招牌北欧Brunch】,ocr/input_videos\上海__正大广场__20260826.mp4
OBS-000072,正大广场,海底十万里,海底十万里,,,,2F,new_store,False,new_store,ocr_missing,missing,metadata_anchor,0.9996,0.9996,55,852,14.527,新店 | 2F | 更多新奇体验,海底十万里 | 海底十万里 | 新店 | 2F | 更多新奇体验,ocr/input_videos\上海__正大广场__20260826.mp4
OBS-000073,正大广场,麻六记·国潮川菜排队王,麻六记·国潮川菜排队王,川菜,4.1,65,6F,rated,True,,rated,parsed,rating_anchor,0.9513,0.9915,51,852,14.527,6F | 🌟🌟🌟🌟🌟 | 4.1川菜￥65/人,麻六记·国潮川菜排队王 | Crn | 6F | 🌟🌟🌟🌟🌟 | 4.1川菜￥65/人 | 点评榜单 | 陆家嘴商圈川菜好评榜第2名 | 味道正宗，环境优雅，服务态度好” | 川菜头牌 | “ | ￥0.10.1折 | ￥12 | 惠 | 【收|藏+打卡+点推... | 7.3折 | ￥14.5 | ￥2020元代金券 | 惠,ocr/input_videos\上海__正大广场__20260826.mp4
OBS-000074,正大广场,醉庐·新上海菜,醉庐·新上海菜,本帮菜,,110,6F,new_store,False,new_store,ocr_missing,parsed,metadata_anchor,0.9854,0.9715,52,852,14.527,新店 | 6F | ￥110/人 | 本帮菜,醉庐·新上海菜 | 新店 | 6F | ￥110/人 | 本帮菜 | 醉庐 | 点评榜单 | 上海江浙菜销量榜第1名 | ZULU RANQLTT | ￥416 | ￥278 | 6.7折 | 惠 | 【沪上双韵】2-3人餐,ocr/input_videos\上海__正大广场__20260826.mp4
OBS-000075,正大广场,海底十万里,海底十万里,,,,2F,new_store,False,new_store,ocr_missing,missing,metadata_anchor,0.999,0.999,45,888,15.141,新店 | 2F | 更多新奇体验,海底十万里 | 海底十万里 | 新店 | 2F | 更多新奇体验,ocr/input_videos\上海__正大广场__20260826.mp4
OBS-000076,正大广场,麻六记·国潮川菜排队王,麻六记·国潮川菜排队王,川菜,4.1,65,6F,rated,True,,rated,parsed,rating_anchor,0.9729,0.9948,56,888,15.141,6F | 🌟🌟⭐⭐ | 4.1川菜￥65/人 | ★,麻六记·国潮川菜排队王 | 6F | 🌟🌟⭐⭐ | 4.1川菜￥65/人 | ★ | 点评榜单 | 陆家嘴商圈川菜好评榜第2名 | 味道正宗，环境优雅，服务态度好” | 川菜头牌 | ￥0.10.1折 | ￥12 | 惠 | 【收|藏+打卡+点推.. | ￥14.57.3折 | ￥2020元代金券 | 惠,ocr/input_videos\上海__正大广场__20260826.mp4
OBS-000077,正大广场,醉庐·新上海菜,醉庐·新上海菜,本帮菜,,110,6F,new_store,False,new_store,ocr_missing,parsed,metadata_anchor,0.9352,0.947,52,888,15.141,6F | 新店 | 本帮菜￥110/人,醉庐·新上海菜 | 6F | 新店 | 本帮菜￥110/人 | 醉庐 | 点评榜单 | 上海江浙菜销量榜第1名 | ZULU BANDUEY | 新上海集 | ￥2786.7折 | ￥416 | 惠 | 【沪上双韵】2-3人餐,ocr/input_videos\上海__正大广场__20260826.mp4
OBS-000078,正大广场,AIFANDIKE,AIFANDIKE,服装,3.4,,3F,rated,True,,rated,parsed,rating_anchor,0.9987,0.9977,44,888,15.141,⭐🌟⭐ | 3F | 服装 | 3.4 | ★★,AIFANDIKE | AIFANDIKE | ⭐🌟⭐ | 3F | 服装 | 3.4 | ★★,ocr/input_videos\上海__正大广场__20260826.mp4
OBS-000079,正大广场,浦江晓月,浦江晓月,淮扬菜,4.7,172,5F,rated,True,,rated,parsed,rating_anchor,0.9787,0.9995,56,888,15.141,5F | 🌟🌟🌟🌟🌟 | 淮扬菜￥172/人 | 4.7,浦江晓月 | 工. | 瞰浦江盛景 | 5F | 🌟🌟🌟🌟🌟 | 淮扬菜￥172/人 | 4.7 | 尝准扬雅旗 | 点评榜单 | 陆家嘴商圈淮扬菜好评榜第4名 | 14:00休息 | 宴请佳选，菜品特色丰富 | 3 | ￥326.7折 | ￥48 | 惠 | 【超值】 | 清炖淮扬狮子头 | 59折 | ￥45 | ￥5050元代金券 | 惠,ocr/input_videos\上海__正大广场__20260826.mp4
OBS-000080,正大广场,麻六记·国潮川菜排队王,麻六记·国潮川菜排队王,川菜,4.1,65,6F,rated,True,,rated,parsed,rating_anchor,0.9676,0.9817,47,900,15.345,🌟🌟🌟⭐ | 6F | 4.1川菜￥65/人,麻六记·国潮川菜排队王 | 🌟🌟🌟⭐ | 6F | 4.1川菜￥65/人 | 点评榜单 | 陆家嘴商圈川菜好评榜第2名 | INU | 味道正宗，环境优雅，服务态度好” | 川菜头牌 | C | ￥12 | 惠 | ￥0.10.1折 | 【收|藏+打卡+点推.. | ￥14.57.3折 | 惠 | ￥2020元代金券,ocr/input_videos\上海__正大广场__20260826.mp4
OBS-000081,正大广场,醉庐·新上海菜,醉庐·新上海菜,本帮菜,,110,6F,new_store,False,new_store,ocr_missing,parsed,metadata_anchor,0.9863,0.9734,55,900,15.345,新店 | 6F | 本帮菜 | ￥110/人,醉庐·新上海菜 | 新店 | 6F | 本帮菜 | ￥110/人 | 醉庐 | 点评榜单 | 上海江浙菜销量榜第1名 | ZUILU DANQUTT | 新上闻装 | 6.7折 | ￥278 | ￥416 | 【沪上双韵】2-3人餐 | 惠,ocr/input_videos\上海__正大广场__20260826.mp4
OBS-000082,正大广场,AIFANDIKE,AIFANDIKE,服装,3.4,,3F,rated,True,,rated,parsed,rating_anchor,0.9991,0.9985,41,900,15.345,🌟🌟🎉⭐🌟 | 3F | 服装 | 3.4,AIFANDIKE | AIFANDIKE | 🌟🌟🎉⭐🌟 | 3F | 服装 | 3.4,ocr/input_videos\上海__正大广场__20260826.mp4
OBS-000083,正大广场,浦江晓月,浦江晓月,淮扬菜,4.7,172,5F,rated,True,,rated,parsed,rating_anchor,0.9759,0.9993,53,900,15.345,5F | 🌟🌟🌟🌟🌟 | 淮扬菜￥172/人 | 4.7,浦江晓月 | 油法电川 | 瞰浦江盛景 | 5F | 🌟🌟🌟🌟🌟 | 淮扬菜￥172/人 | 4.7 | 尝准扬雕读 | 点评榜单 | 陆家嘴商圈淮扬菜好评榜第4名 | 14:00休息 | 宴请佳选，菜品特色丰富 | 5 | C | ￥326.7折 | ￥48 | 惠 | 【超值】 | 清炖淮扬狮子头 | ￥459折 | ￥5050元代金券 | 惠,ocr/input_videos\上海__正大广场__20260826.mp4
OBS-000084,正大广场,韩吞・新派韩国料理,韩吞·新派韩国料理,韩式料理,,92,7F,new_store,False,new_store,ocr_missing,parsed,metadata_anchor,0.9254,0.8988,48,900,15.345,7F | 新店 | 韩式料理￥92/人,韩吞・新派韩国料理 | 7F | 新店 | 韩式料理￥92/人 | HaNaDul | 韩吞·新派韩国 | 点评镑单 | 家 | 浦东新区韩式料理打卡人气榜第1名 | 14:30休息,ocr/input_videos\上海__正大广场__20260826.mp4
OBS-000085,正大广场,醉庐·新上海菜,醉庐·新上海菜,本帮菜,,110,6F,new_store,False,new_store,ocr_missing,parsed,metadata_anchor,0.9725,0.9468,51,948,16.164,新店 | 本帮菜 | 6F | ￥110/人,醉庐·新上海菜 | 新店 | 本帮菜 | 6F | ￥110/人 | 醉庐 | 点评榜单 | 上海江浙菜销量榜第1名 | ZULU RANQUET | 新上街集 | ￥278 | ￥416 | 6.7折 | 【沪上双韵】2-3人餐 | 惠,ocr/input_videos\上海__正大广场__20260826.mp4
OBS-000086,正大广场,AIFANDIKE,AIFANDIKE,服装,3.4,,3F,rated,True,,rated,parsed,rating_anchor,0.9854,0.9988,40,948,16.164,⭐🌟🌟⭐🌟 | 3.4服装 | 3F,AIFANDIKE | AIFANDIKE | ⭐🌟🌟⭐🌟 | 3.4服装 | 3F,ocr/input_videos\上海__正大广场__20260826.mp4
OBS-000087,正大广场,浦江晓月,浦江晓月,淮扬菜,4.7,172,5F,rated,True,,rated,parsed,rating_anchor,0.9818,0.9989,55,948,16.164,🌟🌟🌟🌟🌟 | 淮扬菜￥172/人 | 5F | 4.7,浦江晓月 | 瞰浦江盛景 | 🌟🌟🌟🌟🌟 | 淮扬菜￥172/人 | 5F | 4.7 | 尝准扬誰读 | 点评榜单 | 陆家嘴商圈淮扬菜好评榜第4名 | 14:00休息 | 宴请佳选，菜品特色丰富 | “ | ￥326.7折 | ￥48 | 惠 | 【超值】 | 清炖淮扬狮子头 | ￥459折 | ￥5050元代金券 | 惠,ocr/input_videos\上海__正大广场__20260826.mp4
OBS-000088,正大广场,韩吞·新派韩国料理,韩吞·新派韩国料理,韩式料理,,92,7F,new_store,False,new_store,ocr_missing,parsed,metadata_anchor,0.9451,0.9236,51,948,16.164,新店 | 7F | 韩式料理￥92/人,韩吞·新派韩国料理 | 新店 | 7F | 韩式料理￥92/人 | HaNaDul | 韩吞·新派韩国 | 点评榜单 | 浦东新区韩式料理打卡人气榜第1名 | 14:30休息 | ￥11.2| | 4折 | ￥28 | 【清爽一夏】羽衣甘. | 惠 | ￥49 | 惠 | 9.8折 | ￥5050元代金券,ocr/input_videos\上海__正大广场__20260826.mp4
OBS-000089,正大广场,素满香·食养自助,素满香·食养自助,素食自助,3.7,32,B2,rated,True,,rated,parsed,rating_anchor,0.9715,0.9784,53,948,16.164,⭐🌟⭐🌟★3.7 | B2 | 素食自助￥32/人,素满香·食养自助 | 素满香 | ⭐🌟⭐🌟★3.7 | B2 | 素食自助￥32/人 | 70道菜品 | 鲜菜现炒 | 点评榜单 | 陆家嘴商圈自助餐销量榜第9名 | 集团连锁门店超120家 | 14:00休息 | “宝桶饭，环境好味优”,ocr/input_videos\上海__正大广场__20260826.mp4
OBS-000090,正大广场,韩吞·新派韩国料理,韩吞·新派韩国料理,韩式料理,,92,7F,new_store,False,new_store,ocr_missing,parsed,metadata_anchor,0.9448,0.9419,51,1032,17.596,新店 | 7F | 韩式料理￥92/人,韩吞·新派韩国料理 | 新店 | 7F | 韩式料理￥92/人 | HaNaDul | 韩吞·新派韩国 | 点评榜单 | 浦东新区韩式料理打卡人气榜第1名 | 14:30休息 | ￥11.24折 | ￥28 | 惠 | 【清爽一夏】羽衣甘.. | ￥499.8折 | 惠 | ￥5050元代金券,ocr/input_videos\上海__正大广场__20260826.mp4
OBS-000091,正大广场,素满香·食养自助,素满香·食养自助,素食自助,3.7,32,B2,rated,True,,rated,parsed,rating_anchor,0.97,0.9872,51,1032,17.596,B2 | 🌟🌟⭐🌟⭐3.7 | 素食自助￥32/人,素满香·食养自助 | 素满香 | B2 | 🌟🌟⭐🌟⭐3.7 | 素食自助￥32/人 | 70道菜品鲜菜现炒 | 点评榜单 | 陆家嘴商圈自助餐销量榜第9名 | 集团连门店超120家 | 14:00休息 | 八宝木桶饭，环境好口味优 | ￥35.8 | 【三店通用】单人.. | ￥32.8 | 9.2折 | 惠,ocr/input_videos\上海__正大广场__20260826.mp4
OBS-000092,正大广场,索尼影视庆典活动展览,索尼影视庆典活动展览,演出/活动,4.7,,商场内,rated,True,,rated,parsed,rating_anchor,0.9563,0.9998,48,1032,17.596,商场内 | ✨4.7演出/活动,索尼影视庆典活动展览 | SONY COLUMBIA | PICTURES | 商场内 | ✨4.7演出/活动,ocr/input_videos\上海__正大广场__20260826.mp4
OBS-000093,正大广场,苏小柳点心·手作小笼包,苏小柳点心·手作小笼包,本帮菜,4.2,64,B2,rated,True,,rated,parsed,rating_anchor,0.9396,0.9598,54,1032,17.596,4.2本帮菜￥64/人 | B2,苏小柳点心·手作小笼包 | 苏小柳 | SUE DINSUM | 4.2本帮菜￥64/人 | B2 | 量虽不多，却满载鲜美口感 | “ | 出山入海 | ￥1399.4折 | ￥148.9 | 【江南优鲜】双人. | 惠,ocr/input_videos\上海__正大广场__20260826.mp4
OBS-000094,正大广场,韩吞・新派韩国料理,韩吞·新派韩国料理,韩式料理,,92,7F,new_store,False,new_store,ocr_missing,parsed,metadata_anchor,0.9245,0.894,48,1068,18.21,新店 | 7F | 韩式料理￥92/人,韩吞・新派韩国料理 | 新店 | 7F | 韩式料理￥92/人 | HaNaDul | 韩吞·新派韩国宗 | 点评榜单 | 浦东新区韩式料理打卡人气榜第1名 | 14:30休息 | ￥11.24折 | ￥28 | 【清爽一夏】羽衣甘. | 惠 | ￥499.8折 | 惠 | ￥5050元代金券,ocr/input_videos\上海__正大广场__20260826.mp4
OBS-000095,正大广场,素满香·食养自助,素满香·食养自助,素食自助,3.7,32,B2,rated,True,,rated,parsed,rating_anchor,0.9159,0.9795,51,1068,18.21,B2 | ⭐⭐⭐⭐3.7素食自助￥32/人,素满香·食养自助 | 素满香 | B2 | ⭐⭐⭐⭐3.7素食自助￥32/人 | 70道菜品鲜菜现炒 | 点评榜单 | 陆家嘴商圈自助餐销量榜第9名 | 集团迄锁门店超120家 | 14:00休息 | 八宝木桶饭，环境好口味优 | ￥32.8 | ￥35.8 | 9.2折 | 【三店通用】单人. | 惠,ocr/input_videos\上海__正大广场__20260826.mp4
OBS-000096,正大广场,索尼影视庆典活动展览,索尼影视庆典活动展览,演出/活动,4.7,,商场内,rated,True,,rated,parsed,rating_anchor,0.983,0.9996,48,1068,18.21,4.7演出/活动 | 商场内,索尼影视庆典活动展览 | SONY COLUMEIA | PICTURES | 4.7演出/活动 | 商场内,ocr/input_videos\上海__正大广场__20260826.mp4
OBS-000097,正大广场,苏小柳点心·手作小笼包,苏小柳点心·手作小笼包,本帮菜,4.2,64,B2,rated,True,,rated,parsed,rating_anchor,0.972,0.9861,51,1068,18.21,🌟🌟🌟🌟🌟 | B2 | 4.2本帮菜￥64/人,苏小柳点心·手作小笼包 | 苏小柳 | SUE DIMSUM | 🌟🌟🌟🌟🌟 | B2 | 4.2本帮菜￥64/人 | 量虽不多，却满载鲜美口感” | F | 出山入海 | ￥1399.4折 | ￥148.9 | 【江南优鲜】双人 | 惠,ocr/input_videos\上海__正大广场__20260826.mp4
OBS-000098,正大广场,阳坊涮肉,阳坊涮肉,老北京火锅,4.7,130,6F,rated,True,,rated,parsed,rating_anchor,0.9847,0.9992,53,1068,18.21,🌟🌟⭐🌟 | 6F | 老北京火锅￥130/人 | 4.7,阳坊涮肉 | 贡羊节 | 🌟🌟⭐🌟 | 6F | 老北京火锅￥130/人 | 4.7 | 贴秋腊抽金条 | 点评榜单 | 浦东新区老北京火锅打卡人气榜第1名 | 2026阳坊期肉赏承书 | 环境优美，家门口的美食首选 | 7,ocr/input_videos\上海__正大广场__20260826.mp4
OBS-000099,正大广场,苏小柳点心·手作小笼包,苏小柳点心·手作小笼包,本帮菜,4.2,64,B2,rated,True,,rated,parsed,rating_anchor,0.9558,0.9754,53,1188,20.256,🌟🌟🌟🎉🌟 | B2 | 本帮菜￥64/人 | 4.2,苏小柳点心·手作小笼包 | 苏小柳 | SUE DINSUM | 🌟🌟🌟🎉🌟 | B2 | 本帮菜￥64/人 | 4.2 | 量虽不多，却满载鲜美口感 | 心 | 33 | 出山入海 | ￥1399.4折 | ￥148.9 | 【江南优鲜】双人. | 惠,ocr/input_videos\上海__正大广场__20260826.mp4
OBS-000100,正大广场,阳坊涮肉,阳坊涮肉,老北京火锅,4.7,130,6F,rated,True,,rated,parsed,rating_anchor,0.9837,0.9995,53,1188,20.256,🌟🌟🌟⭐🌟 | 6F | 老北京火锅￥130/人 | 4.7,阳坊涮肉 | 贡羊节 | 🌟🌟🌟⭐🌟 | 6F | 老北京火锅￥130/人 | 4.7 | 贴秋腊抽金条 | 点评榜单 | 浦东新区老北京火锅打卡人气榜第1名 | 2026阳坊期内黄率书 | 环境优美，家门口的美食首选 | ￥58.8 | ￥78 | 7.6折 | 【特惠】京城响当当 | 惠 | ￥929.2折 | ￥100 | 惠 | 【特价】100元代金券,ocr/input_videos\上海__正大广场__20260826.mp4
OBS-000101,正大广场,ORIGIN,ORIGIN,服装,3.6,,3F,rated,True,,rated,parsed,rating_anchor,0.9363,0.9986,50,1188,20.256,🌟3.6服装 | 3F,ORIGIN | RIGIN | 🌟3.6服装 | 3F,ocr/input_videos\上海__正大广场__20260826.mp4
OBS-000102,正大广场,桂满陇·江南流水席,桂满陇·江南流水席,浙菜,,92,6F,new_store,False,new_store,ocr_missing,parsed,metadata_anchor,0.9596,0.9918,54,1188,20.256,6F | 新店 | 浙菜￥92/人,盛大 | 桂满陇·江南流水席 | 6F | 新店 | 浙菜￥92/人 | 8109 | 启幕 | 点评榜单 | 陆家嘴商圈浙菜打卡人气榜第1名 | 14:00休息 | ￥2597.4折 | ￥350.9 | 【流水雅宴】新店. | 惠 | ￥969.6折 | ￥100100元代金券 | 惠,ocr/input_videos\上海__正大广场__20260826.mp4
OBS-000103,正大广场,SPACELAB失重餐厅,SPACELAB失重餐厅,西餐,4.6,129,5F,rated,True,,rated,parsed,rating_anchor,0.9731,0.9969,51,1188,20.256,5F | 🌟🌟🎉🌟🌟 | 4.6 | 西餐￥129/人,SPACELAB失重餐厅 | 轨道世界 | atnR | 主题餐厅 | tene | 5F | 🌟🌟🎉🌟🌟 | 4.6 | 西餐￥129/人 | RsaOt | 点评榜单 | 陆家嘴商圈西餐销量榜第1名,ocr/input_videos\上海__正大广场__20260826.mp4
OBS-000104,正大广场,苏小柳点心·手作小笼包,苏小柳点心·手作小笼包,本帮菜,4.2,64,B2,rated,True,,rated,parsed,rating_anchor,0.9588,0.9913,54,1212,20.665,⭐🌟⭐⭐ | B2 | 本帮菜￥64/人 | 4.2 | ★,苏小柳点心·手作小笼包 | 苏小柳 | SUE DINOUM | ⭐🌟⭐⭐ | B2 | 本帮菜￥64/人 | 4.2 | ★ | 量虽不多，却满载鲜美口感 | ” | 出山入海 | ￥1399.4折 | 【江南优鲜】双人 | ￥148.9 | 惠,ocr/input_videos\上海__正大广场__20260826.mp4
OBS-000105,正大广场,阳坊涮肉,阳坊涮肉,老北京火锅,4.7,130,6F,rated,True,,rated,parsed,rating_anchor,0.9866,0.9993,53,1212,20.665,🌟🌟⭐⭐🌟 | 6F | 4.7 | 老北京火锅￥130/人,阳坊涮肉 | 贡羊节 | 🌟🌟⭐⭐🌟 | 6F | 4.7 | 老北京火锅￥130/人 | 贴秋腰抽金条 | 点评榜单 | 浦东新区老北京火锅打卡人气榜第1名 | 2026阳枯到肉贸季中 | 环境优美，家门口的美食首选 | ￥58.8 | ￥78 | 7.6折 | 惠 | 【特惠】京城响当当.. | ￥929.2折 | ￥100 | 【特价】100元代金券 | 惠,ocr/input_videos\上海__正大广场__20260826.mp4
OBS-000106,正大广场,ORIGIN,ORIGIN,服装,3.6,,3F,rated,True,,rated,parsed,rating_anchor,0.9972,0.9988,46,1212,20.665,3F | 3.6服装 | ★★★★★,ORIGIN | RIGIN | 3F | 3.6服装 | ★★★★★,ocr/input_videos\上海__正大广场__20260826.mp4
OBS-000107,正大广场,桂满陇·江南流水席,桂满陇·江南流水席,浙菜,,92,6F,new_store,False,new_store,ocr_missing,parsed,metadata_anchor,0.9938,0.9895,51,1212,20.665,6F | 新店 | 浙菜 | ￥92/人,桂满陇·江南流水席 | 盛大 | 6F | 新店 | 浙菜 | ￥92/人 | L809 | 启幕 | 点评榜单 | 陆家嘴商圈浙菜打卡人气榜第1名 | 14:00休息 | ￥350.9 | ￥259 | 7.4折 | 惠 | 【流水雅宴】新店... | ￥969.6折 | ￥100100元代金券 | 惠,ocr/input_videos\上海__正大广场__20260826.mp4
OBS-000108,正大广场,SPACELAB失重餐厅,SPACELAB失重餐厅,西餐,4.6,129,5F,rated,True,,rated,parsed,rating_anchor,0.9791,0.9966,50,1212,20.665,西餐￥129/人 | 🌟🌟🌟🌟🌟 | 5F | 4.6,SPACELAB失重餐厅 | 轨道世界 | Oti | 主题餐厅 | aare | 西餐￥129/人 | 🌟🌟🌟🌟🌟 | 5F | Hsinnist | 4.6 | 点评榜单 | 陆家嘴商圈西餐销量榜第1名,ocr/input_videos\上海__正大广场__20260826.mp4
OBS-000109,正大广场,ORIGIN,ORIGIN,服装,3.6,,3F,rated,True,,rated,parsed,rating_anchor,0.9974,0.9982,49,1296,22.097,3.6服装 | 3F | 🌟🌟🌟🌟🌟,ORIGIN | RIGIN | 3.6服装 | 3F | 🌟🌟🌟🌟🌟,ocr/input_videos\上海__正大广场__20260826.mp4
OBS-000110,正大广场,桂满陇·江南流水席,桂满陇·江南流水席,浙菜,,92,6F,new_store,False,new_store,ocr_missing,parsed,metadata_anchor,0.9556,0.9888,51,1296,22.097,新店 | 6F | 浙菜￥92/人,盛大 | 桂满陇·江南流水席 | 新店 | 6F | 浙菜￥92/人 | 819 | 启幕 | 点评榜单 | 陆家嘴商圈浙菜打卡人气榜第1名 | 14:00休息 | ￥2597.4折 | ￥350.9 | 惠 | 【流水雅宴】新店.. | ￥969.6折 | ￥100100元代金券 | 惠,ocr/input_videos\上海__正大广场__20260826.mp4
OBS-000111,正大广场,SPACELAB失重餐厅,SPACELAB失重餐厅,西餐,4.6,129,5F,rated,True,,rated,parsed,rating_anchor,0.978,0.9974,54,1296,22.097,⭐🌟🌟🌟🌟 | 5F | 西餐￥129/人 | 4.6,SPACELAB失重餐厅 | 轨道世界 | atid | 主题餐厅 | aoe | ⭐🌟🌟🌟🌟 | 5F | 西餐￥129/人 | 4.6 | Hsinnus | 点评榜单 | 陆家嘴商圈西餐销量榜第1名 | 披萨口感绝佳，适合与亲友共享 | J | XANA | ￥19.97.2折 | ￥28失重星饮 | 惠 | ￥989.8折 | 惠 | ￥100100元代金券,ocr/input_videos\上海__正大广场__20260826.mp4
OBS-000112,正大广场,耶里夏丽·丝路国际新疆菜,耶里夏丽·丝路国际新疆菜,新疆菜,4.6,87,7F,rated,True,,rated,parsed,rating_anchor,0.9642,0.9884,51,1296,22.097,7F | 🌟🌟⭐⭐🌟 | 新疆菜￥87/人 | 4.6,耶里夏丽·丝路国际新疆菜 | ROM | IAR | 7F | 🌟🌟⭐⭐🌟 | 新疆菜￥87/人 | 4.6 | 点评榜单 | 上海新疆菜打卡人气榜第1名 | yer-shari | 耶里夏丽 | 正宗新疆味道 | “ | ￥484.2折 | 惠 | ￥116 | 工作日午市一人食套餐 | ￥989.8折 | ￥100 | 惠 | 【结账必用】100元...,ocr/input_videos\上海__正大广场__20260826.mp4
OBS-000113,正大广场,悬浮悬空馆历险其境,悬浮悬空馆历险其境,文化艺术,4.1,73,2F,rated,True,,rated,parsed,rating_anchor,0.9989,0.9985,51,1296,22.097,2F | ★★★★ | ￥73/人 | 文化艺术 | 4.1,悬浮悬空馆历险其境 | 2F | ★★★★ | ￥73/人 | 文化艺术 | 4.1 | 陆家嘴商罔文化艺术销号榜第2名,ocr/input_videos\上海__正大广场__20260826.mp4
OBS-000114,正大广场,桂满陇·江南流水席,桂满陇·江南流水席,浙菜,,92,6F,new_store,False,new_store,ocr_missing,parsed,metadata_anchor,0.9638,0.9828,50,1332,22.711,新店 | 6F | 浙菜￥92/人,盛大 | 桂满陇·江南流水席 | 新店 | 6F | 浙菜￥92/人 | 8109 | 启幕 | 点评榜单 | 陆家嘴商圈浙菜打卡人气榜第1名 | 14:00休息 | ￥2597.4折 | ￥350.9 | 惠 | 【流水雅宴】新店.. | ￥969.6折 | ￥100100元代金券 | 惠,ocr/input_videos\上海__正大广场__20260826.mp4
OBS-000115,正大广场,SPACELAB失重餐厅,SPACELAB失重餐厅,西餐,4.6,129,5F,rated,True,,rated,parsed,rating_anchor,0.9651,0.996,51,1332,22.711,5F | 4.6西餐￥129/人,轨道世界 | SPACELAB失重餐厅 | 主题餐厅 | hene | 5F | 4.6西餐￥129/人 | Rsanng | 点评榜单 | 陆家嘴商圈西餐销量榜第1名 | 披萨口感绝佳，适合与亲友共享 | HUJOAONA | ￥19.97.2折 | ￥28失重星饮 | 惠 | ￥989.8折 | 惠 | ￥100100元代金券,ocr/input_videos\上海__正大广场__20260826.mp4
OBS-000116,正大广场,耶里夏丽·丝路国际新疆菜,耶里夏丽·丝路国际新疆菜,新疆菜,4.6,87,7F,rated,True,,rated,parsed,rating_anchor,0.9349,0.9823,51,1332,22.711,7F | ⭐4.6新疆菜￥87/人,耶里夏丽·丝路国际新疆菜 | ROM | IAR | 7F | ⭐4.6新疆菜￥87/人 | 点评榜单 | 上海新疆菜打卡人气榜第1名 | yer·shari | 耶里夏丽 | 正宗新疆味道 | ￥484.2折 | ￥116工作日午市一人食套餐 | 惠 | ￥989.8折 | ￥100 | 惠 | 【结账必用】100元...,ocr/input_videos\上海__正大广场__20260826.mp4
OBS-000117,正大广场,悬浮悬空馆历险其境,悬浮悬空馆历险其境,文化艺术,4.1,73,2F,rated,True,,rated,parsed,rating_anchor,0.9869,0.9986,51,1332,22.711,2F | 4.1文化艺术￥73/人 | 🌟🌟🎉🌟,悬浮悬空馆历险其境 | 2F | 4.1文化艺术￥73/人 | 🌟🌟🎉🌟 | 陆家嘴商圈文化艺术销量榜第3名 | 身临其境的沉浸感，价格实惠 | 心 | 惠 | ￥128.9￥149美团特惠-【双人票】,ocr/input_videos\上海__正大广场__20260826.mp4
OBS-000118,正大广场,SPACELAB失重餐厅,SPACELAB失重餐厅,西餐,4.6,129,5F,rated,True,,rated,parsed,rating_anchor,0.9464,0.997,48,1392,23.734,5F | ★4.6西餐￥129/人,轨道世界 | SPACELAB失重餐厅 | OtnH | 主题餐厅 | tenc | 5F | ★4.6西餐￥129/人 | hsinnus | 点评榜单 | 陆家嘴商圈西餐销量榜第1名 | 披萨口感绝佳，适合与亲友共享 | 5 | XECACHAN. | ￥19.97.2折 | 惠 | ￥28失重星饮 | ￥989.8折 | 惠 | ￥100100元代金券,ocr/input_videos\上海__正大广场__20260826.mp4
OBS-000119,正大广场,耶里夏丽·丝路国际新疆菜,耶里夏丽·丝路国际新疆菜,新疆菜,4.6,87,7F,rated,True,,rated,parsed,rating_anchor,0.9529,0.978,47,1392,23.734,7F | 🌟🌟🌟🌟🌟 | 新疆菜￥87/人 | 4.6,耶里夏丽·丝路国际新疆菜 | ROM | 7F | 🌟🌟🌟🌟🌟 | 新疆菜￥87/人 | 4.6 | 点评榜单 | 上海新疆菜打卡人气榜第1名 | yer-shari | 耶里夏丽 | 正宗新疆味道” | “ | ￥484.2折 | 惠 | ￥116工作日午市一人食套餐 | ￥989.8折 | 惠 | ￥100 | 【结账必用】100元..,ocr/input_videos\上海__正大广场__20260826.mp4
OBS-000120,正大广场,悬浮悬空馆历险其境,悬浮悬空馆历险其境,文化艺术,4.1,73,2F,rated,True,,rated,parsed,rating_anchor,0.9838,0.9986,48,1392,23.734,🌟🌟🌟🌟 | 2F | 4.1文化艺术￥73/人,悬浮悬空馆历险其境 | 🌟🌟🌟🌟 | 2F | 4.1文化艺术￥73/人 | 陆家嘴商圈化艺术销量榜第3名 | 身临其境的沉浸感，价格实惠 | 3 | ￥128.9￥149美团特惠-【双人票】 | 惠,ocr/input_videos\上海__正大广场__20260826.mp4
OBS-000121,正大广场,佬鲜纪·鲜切鸡火锅,佬鲜纪·鲜切鸡火锅,打边炉/港式...,4.0,64,7F,rated,True,,rated,parsed,rating_anchor,0.9468,0.9943,48,1392,23.734,🌟🌟🌟⭐ | ￥64/人7F | 4.0打边炉/港式... | ★,佬鲜纪·鲜切鸡火锅 | 五指毛桃 | 鲜鸡煲 | 🌟🌟🌟⭐ | ￥64/人7F | 4.0打边炉/港式... | ★ | 点评榜单 | 浦东新区打边炉/港式火锅热门榜第6名 | 大赞，脱骨鸡脚，沙姜鸡，肥锅,ocr/input_videos\上海__正大广场__20260826.mp4
OBS-000122,正大广场,耶里夏丽·丝路国际新疆菜,耶里夏丽·丝路国际新疆菜,新疆菜,4.6,87,7F,rated,True,,rated,parsed,rating_anchor,0.9699,0.9905,57,1416,24.143,7F | 🌟🌟⭐🌟🌟 | 4.6新疆菜￥87/人,耶里夏丽·丝路国际新疆菜 | SHAR | ROM | 7F | 🌟🌟⭐🌟🌟 | 4.6新疆菜￥87/人 | 点评榜单 | 上海新疆菜打卡人气榜第1名 | yer-shari | 耶里要丽 | 正宗新疆味道 | ≤ | ￥484.2折 | 惠 | ￥116工作日午市一人食套餐 | ￥989.8折 | ￥100 | 惠 | 【结账必用】100元.,ocr/input_videos\上海__正大广场__20260826.mp4
OBS-000123,正大广场,悬浮悬空馆历险其境,悬浮悬空馆历险其境,文化艺术,4.1,73,2F,rated,True,,rated,parsed,rating_anchor,0.9805,0.9982,48,1416,24.143,2F | 🌟🌟🌟★ | 文化艺术￥73/人 | 4.1,悬浮悬空馆历险其境 | 2F | 🌟🌟🌟★ | 文化艺术￥73/人 | 4.1 | 陆家嘴商圈化艺术销量榜第3名 | 身临其境的沉浸感，价格实惠 | “ | ￥128.9￥149美团特惠-【双人票】 | 惠,ocr/input_videos\上海__正大广场__20260826.mp4
OBS-000124,正大广场,佬鲜纪·鲜切鸡火锅,佬鲜纪·鲜切鸡火锅,打边炉/港式..,4.0,64,7F,rated,True,,rated,parsed,rating_anchor,0.9609,0.9956,48,1416,24.143,🌟🌟🌟🌟 | ￥64/人7F | 4.0打边炉/港式..,佬鲜纪·鲜切鸡火锅 | 五指毛桃 | 鲜鸡煲 | 🌟🌟🌟🌟 | ￥64/人7F | 4.0打边炉/港式.. | 点评榜单 | 浦东新区打边炉/港式火锅热门榜第6名 | 大赞，脱骨鸡脚，沙姜鸡，肥牛锅 | “ | 2 | ￥1287.2折 | ￥179 | 惠 | 【烟火鲜啫】老广 | ￥989.8折 | 惠 | ￥100100元代金券,ocr/input_videos\上海__正大广场__20260826.mp4
OBS-000125,正大广场,保罗,保罗,箱包,3.4,,商场内,rated,True,,rated,parsed,rating_anchor,0.9687,0.9999,69,1416,24.143,★3.4箱包 | 商场内,保罗 | ★3.4箱包 | 商场内 | 王品,ocr/input_videos\上海__正大广场__20260826.mp4
OBS-000126,正大广场,圆苑,圆苑,本帮菜,4.6,186,4F,rated,True,,rated,parsed,rating_anchor,0.9603,0.9952,62,1416,24.143,4F | 4.6本帮菜￥186/人,圆苑 | 圓苑 | 4F | 4.6本帮菜￥186/人 | 上SWCEYYA | 点评榜单 | 到上海·吃国苑 | 陆家嘴商圈本帮菜热门榜第4名 | 三年图推群餐厅 | 味道赞， | 三口之家的不二之选,ocr/input_videos\上海__正大广场__20260826.mp4
OBS-000127,正大广场,悬浮悬空馆历险其境,悬浮悬空馆历险其境,文化艺术,4.1,73,2F,rated,True,,rated,parsed,rating_anchor,0.9837,0.9983,48,1428,24.348,2F | 🌟🌟💥🌟🌟 | 4.1文化艺术￥73/人,悬浮悬空馆历险其境 | 2F | 🌟🌟💥🌟🌟 | 4.1文化艺术￥73/人 | 陆家嘴商圈文化艺术销量榜第3名 | 身临其境的沉浸感，价格实惠 | 小 | ￥128.9￥149美团特惠-【双票】 | 惠,ocr/input_videos\上海__正大广场__20260826.mp4
OBS-000128,正大广场,佬鲜纪·鲜切鸡火锅,佬鲜纪·鲜切鸡火锅,打边炉/港式..,4.0,64,7F,rated,True,,rated,parsed,rating_anchor,0.9557,0.9949,54,1428,24.348,￥64/人7F | 🌟🌟🌟🌟🌟 | 4.0打边炉/港式..,佬鲜纪·鲜切鸡火锅 | 五指毛桃 | 鲜鸡煲 | ￥64/人7F | 🌟🌟🌟🌟🌟 | 4.0打边炉/港式.. | 点评榜单 | 浦东新区打边炉/港式火锅热门榜第6名 | 大赞，脱骨鸡脚，沙姜鸡，肥牛锅 | ￥179 | ￥1287.2折 | 惠 | 【烟火鲜啫】老广. | ￥989.8折 | 惠 | ￥100100元代金券,ocr/input_videos\上海__正大广场__20260826.mp4
OBS-000129,正大广场,保罗,保罗,箱包,3.4,,商场内,rated,True,,rated,parsed,rating_anchor,0.9318,0.9997,66,1428,24.348,★★★3.4箱包 | 商场内,保罗 | ★★★3.4箱包 | 商场内 | 王品,ocr/input_videos\上海__正大广场__20260826.mp4
OBS-000130,正大广场,圆苑,圆苑,本帮菜,4.6,186,4F,rated,True,,rated,parsed,rating_anchor,0.962,0.9984,66,1428,24.348,4F | 4.6本帮菜￥186/人,圆苑 | 4F | 圓苑 | 4.6本帮菜￥186/人 | 上海1C：1 | 点评榜单 | 到上海·吃国员 | 陆家嘴商圈本帮菜热门榜第4名 | 联三年推荐餐厅 | 味道赞，三口之家的不二之选 | ≤ | ￥621 | ￥357 | 5.8折 | 【双人】圆苑招牌套餐 | 惠 | 惠 | ￥88 | 8.8折 | ￥100100元代金券,ocr/input_videos\上海__正大广场__20260826.mp4
OBS-000131,正大广场,悬浮悬空馆历险其境,悬浮悬空馆历险其境,文化艺术,4.1,73,2F,rated,True,,rated,parsed,rating_anchor,0.9831,0.9991,51,1476,25.166,2F | 🌟🌟⭐⭐ | 4.1文化艺术￥73/人 | ★,悬浮悬空馆历险其境 | 2F | 🌟🌟⭐⭐ | 4.1文化艺术￥73/人 | ★ | 陆家嘴商圈文化艺术销量榜第3名 | 身临其境的沉浸感，价格实惠 | C | 惠 | ￥128.9￥149 | 美团特惠-【双人票】,ocr/input_videos\上海__正大广场__20260826.mp4
OBS-000132,正大广场,佬鲜纪·鲜切鸡火锅,佬鲜纪·鲜切鸡火锅,打边炉/港式....,4.1,64,7F,rated,True,,rated,parsed,rating_anchor,0.922,0.9951,48,1476,25.166,🌟🌟🌟⭐ | ￥64/人7F | 打边炉/港式.... | 4.1,佬鲜纪·鲜切鸡火锅 | 五指毛桃 | F | 鲜鸡煲 | 🌟🌟🌟⭐ | ￥64/人7F | 打边炉/港式.... | 4.1 | 点评榜单 | 浦东新区打边炉/港式火锅热门榜第6名 | 大赞，脱骨鸡脚，沙姜鸡，肥牛锅 | 5 | 【烟火鲜啫】老广 | 7.2折 | ￥179 | ￥128 | 惠 | ￥989.8折 | 惠 | ￥100100元代金券,ocr/input_videos\上海__正大广场__20260826.mp4
OBS-000133,正大广场,保罗,保罗,箱包,3.4,,商场内,rated,True,,rated,parsed,rating_anchor,0.951,0.9999,69,1476,25.166,⭐3.4箱包 | 商场内,保罗 | ⭐3.4箱包 | 商场内 | 王品,ocr/input_videos\上海__正大广场__20260826.mp4
OBS-000134,正大广场,圆苑,圆苑,本帮菜,4.6,186,4F,rated,True,,rated,parsed,rating_anchor,0.9291,0.9921,61,1476,25.166,4F | ⭐⭐4.6本帮菜￥186/人,圆苑 | 圓苑 | 4F | ⭐⭐4.6本帮菜￥186/人 | 上SEWCEIXA | 点评榜单 | 到上海·吃圆员 | 陆家嘴商圈本帮菜热门榜第4名 | 联三年图推群餐厅 | 味道赞，三口之家的不二之选” | （ | ￥621 | ￥357 | 5.8折 | 【双人】 | 惠 | 圆苑招牌套餐 | ￥88 | 惠 | 8.8折 | ￥100100元代金券,ocr/input_videos\上海__正大广场__20260826.mp4
OBS-000135,正大广场,喜顶上品家餐厅·东北菜,喜顶上品家餐厅·东北菜,特色菜,4.3,96,8F,rated,True,,rated,parsed,rating_anchor,0.9717,0.9968,54,1476,25.166,8F | 🌟🌟🌟🌟 | 特色菜￥96/人 | 4.3,喜顶上品家餐厅·东北菜 | 一桌好菜 | 8F | 🌟🌟🌟🌟 | 快乐相聚 | 特色菜￥96/人 | 4.3 | 点评榜单 | 陆家嘴商圈特色菜销量榜第1名,ocr/input_videos\上海__正大广场__20260826.mp4
OBS-000136,正大广场,悬浮悬空馆历险其境,悬浮悬空馆历险其境,文化艺术,4.1,73,2F,rated,True,,rated,parsed,rating_anchor,0.9842,0.999,51,1500,25.575,2F | ★🌟 | 4.1文化艺术￥73/人 | ★,悬浮悬空馆历险其境 | 2F | ★🌟 | 4.1文化艺术￥73/人 | ★ | 陆家嘴商圈化艺术销量榜第3名 | 身临其境的沉浸感，价格实惠 | ￥128.9￥149美团特惠-【双人票】 | 惠,ocr/input_videos\上海__正大广场__20260826.mp4
OBS-000137,正大广场,佬鲜纪·鲜切鸡火锅,佬鲜纪·鲜切鸡火锅,打边炉/港式...,4.0,64,7F,rated,True,,rated,parsed,rating_anchor,0.949,0.9926,54,1500,25.575,🌟🌟⭐⭐ | ￥64/人7F | ★4.0打边炉/港式...,佬鲜纪·鲜切鸡火锅 | 五指毛桃 | 鲜鸡煲 | 🌟🌟⭐⭐ | ￥64/人7F | ★4.0打边炉/港式... | 点评榜单 | 浦东新区打边炉/港式火锅热门榜第6名 | 大赞，脱骨鸡脚，沙姜鸡，肥锅 | 【烟火鲜啫】老广 | ￥128 | ￥179 | 7.2折 | 惠 | ￥989.8折 | 惠 | ￥100100元代金券,ocr/input_videos\上海__正大广场__20260826.mp4
OBS-000138,正大广场,保罗,保罗,箱包,3.4,,商场内,rated,True,,rated,parsed,rating_anchor,0.9188,0.9999,66,1500,25.575,⭐🌟⭐⭐⭐3.4箱包 | 商场内,保罗 | ⭐🌟⭐⭐⭐3.4箱包 | 商场内 | 王品,ocr/input_videos\上海__正大广场__20260826.mp4
OBS-000139,正大广场,圆苑,圆苑,本帮菜,4.6,186,4F,rated,True,,rated,parsed,rating_anchor,0.9708,0.9991,71,1500,25.575,4.6本帮菜￥186/人 | 4F,圆苑 | 4.6本帮菜￥186/人 | 4F | 圓站 | 上海1C1 | 点评榜单 | 列上海·顺圆苑 | 陆家嘴商圈本帮菜热门榜第4名 | 联三年推养餐厅 | 味道赞，三口之家的不二之选 | ≤ | ￥3575.8折 | ￥621 | 【双人】圆苑招牌套餐 | 惠 | ￥888.8折 | 惠 | ￥100100元代金券,ocr/input_videos\上海__正大广场__20260826.mp4
OBS-000140,正大广场,喜顶上品家餐厅·东北菜,喜顶上品家餐厅·东北菜,特色菜,4.3,96,8F,rated,True,,rated,parsed,rating_anchor,0.9729,0.9943,56,1500,25.575,8F | 特色菜￥96/人 | 🌟🌟🌟🌟 | 4.3,喜顶上品家餐厅·东北菜 | 一桌好菜 | 快乐相聚 | 8F | 特色菜￥96/人 | 🌟🌟🌟🌟 | 4.3 | 点评榜单 | 陆家嘴商圈特色菜销量榜第1名,ocr/input_videos\上海__正大广场__20260826.mp4
OBS-000141,正大广场,圆苑,圆苑,本帮菜,4.6,186,4F,rated,True,,rated,parsed,rating_anchor,0.9565,0.9975,61,1584,27.008,4.6本帮菜￥186/人 | 4F,圆苑 | 圓苑 | 4.6本帮菜￥186/人 | 4F | 上海15C：10 | 点评榜单 | 到上海·电费 | 陆家嘴商圈本帮菜热门榜第4名 | 联三年推养餐厅 | 味道赞，三口之家的不二之选” | ￥357 | 5.8折 | ￥621 | 【双人】 | 惠 | 圆苑招牌套餐 | 8.8折 | ￥88 | ￥100100元代金券 | 惠,ocr/input_videos\上海__正大广场__20260826.mp4
OBS-000142,正大广场,喜顶上品家餐厅·东北菜,喜顶上品家餐厅·东北菜,特色菜,4.3,96,8F,rated,True,,rated,parsed,rating_anchor,0.9695,0.9954,51,1584,27.008,8F | 🌟🌟🌟🌟 | 特色菜￥96/人 | 4.3 | ★,喜顶上品家餐厅·东北菜 | 一桌好菜 | 快乐相聚 | 8F | 🌟🌟🌟🌟 | 特色菜￥96/人 | 4.3 | ★ | 点评榜单 | 陆家嘴商圈特色菜销量榜第1名 | 环境舒适，性价比高，味道佳 | ￥199 | 6.3折 | ￥318 | 】暖心.. | 【应有尽有】 | 惠 | ￥95 | ￥100100元代金券 | 9.5折 | 惠,ocr/input_videos\上海__正大广场__20260826.mp4
OBS-000143,正大广场,平成屋·LateNight食堂,平成屋·LateNight食堂,日本料理,4.2,92,5F,rated,True,,rated,parsed,rating_anchor,0.9487,0.9564,56,1584,27.008,5F | 🌟🌟🌟⭐ | 日本料理￥92/人 | 4.2 | ★,平成屋·LateNight食堂 | 精风酒 | 鑫千西 | 5F | 🌟🌟🌟⭐ | 日本料理￥92/人 | 4.2 | ★ | 点评榜单 | 陆家嘴商圈日式料理打卡人气榜第1名 | 文本较长，需要进行分段和简化 | 店的味道人的味道科理的味道 | ￥757.5折 | ￥100 | 【晚市特惠】100元. | 惠,ocr/input_videos\上海__正大广场__20260826.mp4
OBS-000144,正大广场,NICOLE&NATHAN,NICOLE&NATHAN,服饰鞋包,4.1,204,3F,rated,True,,rated,parsed,rating_anchor,0.9785,0.9957,43,1584,27.008,3F | 🌟🌟⭐⭐⭐ | 4.1服饰鞋包￥204/人,NICOLE&NATHAN | 3F | 🌟🌟⭐⭐⭐ | 4.1服饰鞋包￥204/人,ocr/input_videos\上海__正大广场__20260826.mp4
OBS-000145,正大广场,富天添鲜牛腩煲·鲜牛肉火锅·团...,富天添鲜牛腩煲·鲜牛肉火锅·团,潮汕牛肉火锅,4.4,99,8F,rated,True,,rated,parsed,rating_anchor,0.9386,0.9272,51,1584,27.008,⭐🌟⭐⭐ | 潮汕牛肉火锅￥99/人 | 8F | 4.4,上海牛腩煲 | 富天添鲜牛腩煲·鲜牛肉火锅·团... | TOP1 | ⭐🌟⭐⭐ | 潮汕牛肉火锅￥99/人 | 8F | 4.4 | 点评榜单 | 陆家嘴商圈火锅好评榜第8名,ocr/input_videos\上海__正大广场__20260826.mp4
OBS-000146,正大广场,圆苑,圆苑,本帮菜,4.6,186,4F,rated,True,,rated,parsed,rating_anchor,0.973,0.9957,66,1608,27.417,4F | 4.6本帮菜￥186/人,圆苑 | 4F | 4.6本帮菜￥186/人 | 圓苑 | SVC-14 | 点评榜单 | 刘上海·吃风苑 | 陆家嘴商圈本帮菜热门榜第4名 | 联三年推有厅 | 味道赞，三口之家的不二之选 | ￥3575.8折 | ￥621 | 惠 | 【双人】圆苑招牌套餐 | ￥888.8折 | 惠 | ￥100100元代金券,ocr/input_videos\上海__正大广场__20260826.mp4
OBS-000147,正大广场,喜顶上品家餐厅·东北菜,喜顶上品家餐厅·东北菜,特色菜,4.3,96,8F,rated,True,,rated,parsed,rating_anchor,0.9725,0.9952,54,1608,27.417,🌟🌟⭐⭐ | 8F | 特色菜￥96/人 | 4.3,喜顶上品家餐厅·东北菜 | 一桌好菜 | 🌟🌟⭐⭐ | 8F | 快乐租聚 | 特色菜￥96/人 | 4.3 | 点评榜单 | 陆家嘴商圈特色菜销量榜第1名 | 环境舒适，性价比高，味道佳 | ￥199 | ￥318 | 【应有尽有】暖心. | 6.3折 | 惠 | ￥959.5折 | 惠 | ￥100100元代金券,ocr/input_videos\上海__正大广场__20260826.mp4
OBS-000148,正大广场,平成屋·Late Night食堂,平成屋·LateNight食堂,日,4.2,92,5F,rated,True,,rated,parsed,rating_anchor,0.9524,0.9634,59,1608,27.417,5F | 🌟🌟🌟⭐ | 日本料理￥92/人 | 4.2日 | ★,平成屋·Late Night食堂 | 嘉千南 | 5F | 🌟🌟🌟⭐ | 日本料理￥92/人 | 4.2日 | ★ | 点评榜单 | 陆家嘴商圈日式料理打卡人气榜第1名 | 文本较长，需要进行分段和简化 | 6 | 店的味道人的味通料理的味通 | ￥757.5折 | ￥100 | 【晚市特惠】100元... | 惠,ocr/input_videos\上海__正大广场__20260826.mp4
OBS-000149,正大广场,NICOLE&NATHAN,NICOLE&NATHAN,服饰鞋包,4.1,204,3F,rated,True,,rated,parsed,rating_anchor,0.9829,0.998,40,1608,27.417,3F | 4.1服饰鞋包￥204/人,NICOLE&NATHAN | 3F | 4.1服饰鞋包￥204/人,ocr/input_videos\上海__正大广场__20260826.mp4
OBS-000150,正大广场,富天添鲜牛腩煲·鲜牛肉火锅·团...,富天添鲜牛腩煲·鲜牛肉火锅·团,潮汕牛肉火锅,4.4,99,8F,rated,True,,rated,parsed,rating_anchor,0.9485,0.9297,53,1608,27.417,4.4潮汕牛肉火锅￥99/人 | 8F,富天添鲜牛腩煲·鲜牛肉火锅·团... | 上海牛腩煲 | TOP1 | 4.4潮汕牛肉火锅￥99/人 | 8F | 点评榜单 | 陆家嘴商圈火锅好评榜第8名,ocr/input_videos\上海__正大广场__20260826.mp4
OBS-000151,正大广场,喜顶上品家餐厅·东北菜,喜顶上品家餐厅·东北菜,特色菜,4.3,96,8F,rated,True,,rated,parsed,rating_anchor,0.9758,0.997,54,1680,28.644,8F | 🌟🌟🌟🌟 | 特色菜￥96/人 | 4.3,喜顶上品家餐厅·东北菜 | 一桌好菜 | 快乐相聚 | 8F | 🌟🌟🌟🌟 | 特色菜￥96/人 | 4.3 | 点评榜单 | 陆家嘴商圈特色菜销量榜第1名 | “环境舒适，性价，味道佳” | ￥318 | ￥199 | 6.3折 | 【应有尽有】暖心. | 惠 | ￥959.5折 | ￥100100元代金券 | 惠,ocr/input_videos\上海__正大广场__20260826.mp4
OBS-000152,正大广场,平成屋·LateNight食堂,平成屋·LateNight食堂,日本料理,4.2,92,5F,rated,True,,rated,parsed,rating_anchor,0.9707,0.985,56,1680,28.644,5F | 日本料理￥92/人 | 🌟🌟🌟 | 4.2 | ★,平成屋·LateNight食堂 | 海千西 | 5F | 日本料理￥92/人 | 🌟🌟🌟 | 4.2 | ★ | 点评镑单 | 陆家嘴商圈日式料理打卡人气榜第1名 | 文本较长，需要进行分段和简化 | 中的味道人的味道科理的味道 | ￥757.5折 | ￥100 | 【晚市特惠】100元.. | 惠,ocr/input_videos\上海__正大广场__20260826.mp4
OBS-000153,正大广场,NICOLE&NATHAN,NICOLE&NATHAN,服饰鞋包,4.1,204,3F,rated,True,,rated,parsed,rating_anchor,0.9826,0.9958,43,1680,28.644,4.1服饰鞋包￥204/人 | 3F,NICOLE&NATHAN | 4.1服饰鞋包￥204/人 | 3F,ocr/input_videos\上海__正大广场__20260826.mp4
OBS-000154,正大广场,富天添鲜牛腩煲·鲜牛肉火锅·团...,富天添鲜牛腩煲·鲜牛肉火锅·团,潮汕牛肉火锅,4.4,99,8F,rated,True,,rated,parsed,rating_anchor,0.9535,0.9404,56,1680,28.644,🌟🌟🌟🌟 | 4.4潮汕牛肉火锅￥99/人 | 8F | ★,富天添鲜牛腩煲·鲜牛肉火锅·团... | 上海牛腩煲 | TOP1 | 🌟🌟🌟🌟 | 4.4潮汕牛肉火锅￥99/人 | 8F | ★ | 点评镑单 | 陆家嘴商圈火锅好评榜第8名 | 香辣锅底令人回味无穷，性价比高 | L | 本地人推荐餐厅,ocr/input_videos\上海__正大广场__20260826.mp4
OBS-000155,正大广场,平成屋·LateNight食堂,平成屋·LateNight食堂,日本料理,4.2,92,5F,rated,True,,rated,parsed,rating_anchor,0.9367,0.9718,59,1692,28.849,5F | 4.2日本料理￥92/人,平成屋·LateNight食堂 | 特风酒 | 海千南 | 5F | 4.2日本料理￥92/人 | 点评榜单 | 陆家嘴商圈式料理打卡榜第1名 | 文本较长，需要进分段和简化 | 中的味道人的味道科理的味道 | ￥757.5折 | ￥100 | 惠 | 【晚市特惠】100元...,ocr/input_videos\上海__正大广场__20260826.mp4
OBS-000156,正大广场,NICOLE&NATHAN,NICOLE&NATHAN,服饰鞋包,4.1,204,3F,rated,True,,rated,parsed,rating_anchor,0.9772,0.9953,41,1692,28.849,3F | 4.1服饰鞋包￥204/人,NICOLE&NATHAN | 3F | 4.1服饰鞋包￥204/人,ocr/input_videos\上海__正大广场__20260826.mp4
OBS-000157,正大广场,富天添鲜牛腩煲·鲜牛肉火锅·团...,富天添鲜牛腩煲·鲜牛肉火锅·团,潮汕牛肉火锅,4.4,99,8F,rated,True,,rated,parsed,rating_anchor,0.9008,0.886,51,1692,28.849,🌟🌟🌟 | 4.4潮汕牛肉火锅￥99/人 | 8F | ★,上海牛腩煲 | 富天添鲜牛腩煲·鲜牛肉火锅·团... | TOP1 | 🌟🌟🌟 | 4.4潮汕牛肉火锅￥99/人 | 8F | ★ | 点评榜单 | 陆家嘴商圈火锅好评榜第8名 | 辣锅底令回味穷，性价” | 本地人推荐餐厅 | ￥39 | ￥15.54折 | 惠 | 【人气】新鲜吊龙(.. | ￥969.6折 | ￥100 | 惠 | 【扫码买券】100元...,ocr/input_videos\上海__正大广场__20260826.mp4
OBS-000158,正大广场,左庭右院鲜牛肉火锅,左庭右院鲜牛肉火锅,潮汕牛肉火锅,4.7,135,8F,rated,True,,rated,parsed,rating_anchor,0.9716,0.9888,51,1692,28.849,4.7潮汕牛肉火锅￥135/人 | 8F,左庭右院鲜牛肉火锅 | 4.7潮汕牛肉火锅￥135/人 | 8F | 点评榜单 | 陆家嘴商圈火锅销量榜第8名 | 五星级服务，新鲜牛肉，干净环境 | 止 | 【阳学金】长专化获节工 | 山,ocr/input_videos\上海__正大广场__20260826.mp4
OBS-000159,正大广场,NICOLE&NATHAN,NICOLE&NATHAN,服饰鞋包,4.1,204,3F,rated,True,,rated,parsed,rating_anchor,0.9832,0.9976,40,1740,29.667,3F | ★🌟★★★ | 4.1服饰鞋包￥204/人,NICOLE&NATHAN | 3F | ★🌟★★★ | 4.1服饰鞋包￥204/人,ocr/input_videos\上海__正大广场__20260826.mp4
OBS-000160,正大广场,富天添鲜牛腩煲·鲜牛肉火锅·团...,富天添鲜牛腩煲·鲜牛肉火锅·团,潮汕牛肉火锅,4.4,99,8F,rated,True,,rated,parsed,rating_anchor,0.9541,0.9318,56,1740,29.667,🌟🌟⭐⭐🌟 | 8F | 4.4潮汕牛肉火锅￥99/人,富天添鲜牛腩煲·鲜牛肉火锅·团... | 上海牛腩煲 | TOP1 | 🌟🌟⭐⭐🌟 | 8F | 4.4潮汕牛肉火锅￥99/人 | 点评榜单 | 陆家嘴商圈火锅好评榜第8名 | 香辣锅底令人回味无穷，性价比高 | 《 | 本地人推荐餐厅 | ￥39 | ￥15.5 | 4折 | 【人气】新鲜吊龙（… | 惠 | ￥969.6折 | ￥100 | 惠 | 【扫码买券】100元.,ocr/input_videos\上海__正大广场__20260826.mp4
OBS-000161,正大广场,左庭右院鲜牛肉火锅,左庭右院鲜牛肉火锅,潮汕牛肉火锅,4.7,135,8F,rated,True,,rated,parsed,rating_anchor,0.9869,0.9956,48,1740,29.667,⭐🌟⭐🌟4.7 | 潮汕牛肉火锅￥135/人 | 8F,左庭右院鲜牛肉火锅 | e | 升0 | 有机日光 | ⭐🌟⭐🌟4.7 | 潮汕牛肉火锅￥135/人 | 8F | 番茄锅 | 点评榜单 | 陆家嘴商圈火锅销量榜第8名 | 10多致蔬乐 | 无眼畅吃：268 | 五星级服务，新鲜牛肉，干净环境 | “ | 惠 | 【限堂食】长寿乡蔬菜无.. | ￥26.8￥26.8 | ￥989.8折 | 惠 | ￥100100元代金券,ocr/input_videos\上海__正大广场__20260826.mp4
OBS-000162,正大广场,牛一番·日式和牛烧肉,牛一番·日式和牛烧肉,式烧烤/烤肉,,,6F,new_store,False,new_store,ocr_missing,parsed,metadata_anchor,0.9763,0.9843,54,1740,29.667,新店 | 6F | 式烧烤/烤肉￥235/,牛一番·日式和牛烧肉 | 新店 | 6F | 式烧烤/烤肉￥235/ | 33 | 肉 | 点评榜单 | 浦东新区烤肉好评榜第1名 | 14:30休息 | 【外滩江景】甄选... | ￥4688.2折 | ￥571.6 | 惠,ocr/input_videos\上海__正大广场__20260826.mp4
OBS-000163,正大广场,奧斯丁汽车小镇,奥斯丁汽车小镇,游戏厅,,78,2F,unrated,False,explicitly_unrated,unrated,parsed,unrated_anchor,0.9737,0.9871,50,1740,29.667,2F | ★★★★★ | 游戏厅￥78/人 | 暂无星级,奧斯丁汽车小镇 | 2F | ★★★★★ | 游戏厅￥78/人 | 暂无星级,ocr/input_videos\上海__正大广场__20260826.mp4
OBS-000164,正大广场,牛一番·日式和牛烧肉,牛一番·日式和牛烧肉,日式烧烤/烤肉,,235,6F,new_store,False,new_store,ocr_missing,parsed,metadata_anchor,0.9707,0.9811,51,1884,32.123,6F | 新店 | 日式烧烤/烤肉￥235/人,牛一番·日式和牛烧肉 | 6F | 新店 | 日式烧烤/烤肉￥235/人 | 点评榜单 | 肉 | 浦东新区烤肉好评榜第1名 | 14:30休息 | ￥4688.2折 | ￥571.6 | 惠 | 【外滩江景】甄选..,ocr/input_videos\上海__正大广场__20260826.mp4
OBS-000165,正大广场,奧斯丁汽车小镇,奥斯丁汽车小镇,游戏厅,,78,2F,unrated,False,explicitly_unrated,unrated,parsed,unrated_anchor,0.9766,0.9862,50,1884,32.123,游戏厅￥78/人 | ★★★★★ | 暂无星级 | 2F,奧斯丁汽车小镇 | 游戏厅￥78/人 | ★★★★★ | 暂无星级 | 2F,ocr/input_videos\上海__正大广场__20260826.mp4
OBS-000166,正大广场,Tapa Tapa,TapaTapa,西班牙菜,,177,6F,new_store,False,new_store,ocr_missing,parsed,metadata_anchor,0.979,0.9917,66,1884,32.123,新店 | 6F | 西班牙菜￥177/人,Tapa Tapa | 新店 | 6F | TapoTapo | 西班牙菜￥177/人 | tapas &wine bar | 点评榜单 | 上海西班牙菜好评榜第1名 | 无敌江景西班牙餐厅,ocr/input_videos\上海__正大广场__20260826.mp4
OBS-000167,正大广场,雨松·精致铁板料理·景观餐厅,雨松·精致铁板料理·景观餐厅,日式铁板烧,3.8,116,7F,rated,True,,rated,parsed,rating_anchor,0.9744,0.9825,51,1884,32.123,7F | 🌟🌟🌟🌟🌟 | 日式铁板烧￥116/人 | 3.8,雨松·精致铁板料理·景观餐厅 | PANORAMIC | 用 | VIEW | 7F | 🌟🌟🌟🌟🌟 | 日式铁板烧￥116/人 | 3.8 | 全景视野 | 270 | 5D光影餐厅 | 点评榜单 | 陆家嘴商圈日式料理打卡人气榜第5名 | 14:00休息 | 上菜速度超快，强烈推荐 | ￥288 | 4折 | ￥730 | 惠 | 珠江佐宴双人餐 | ￥989.8折 | ￥100100元代金券 | 惠,ocr/input_videos\上海__正大广场__20260826.mp4
OBS-000168,正大广场,牛一番·日式和牛烧肉,牛一番·日式和牛烧肉,日式烧烤/烤肉,,235,6F,new_store,False,new_store,ocr_missing,parsed,metadata_anchor,0.9611,0.9789,48,1932,32.941,新店 | 6F | 日式烧烤/烤肉￥235/人,牛一番·日式和牛烧肉 | 新店 | 6F | 日式烧烤/烤肉￥235/人 | 点评榜单 | 肉 | 浦东新区烤肉好评榜第1名 | 14:30休息 | ￥468 | 8.2折 | 惠 | ￥571.6 | 【外滩江景】甄选..,ocr/input_videos\上海__正大广场__20260826.mp4
OBS-000169,正大广场,奧斯丁汽车小镇,奥斯丁汽车小镇,游戏厅,,78,2F,unrated,False,explicitly_unrated,unrated,parsed,unrated_anchor,0.9701,0.9817,53,1932,32.941,★★★★★ | 暂无星级 | 游戏厅￥78/人 | 2F,奧斯丁汽车小镇 | ★★★★★ | 暂无星级 | 游戏厅￥78/人 | 2F,ocr/input_videos\上海__正大广场__20260826.mp4
OBS-000170,正大广场,Tapa Tapa,TapaTapa,西班牙菜,,177,6F,new_store,False,new_store,ocr_missing,parsed,metadata_anchor,0.9663,0.9872,64,1932,32.941,新店 | 6F | 西班牙菜￥177/人,Tapa Tapa | 新店 | 6F | TapaTapo | 西班牙菜￥177/人 | tapas &wine bar | 点评榜单 | 上海西班牙菜好评榜第1名 | 无敌江景西班牙餐厅,ocr/input_videos\上海__正大广场__20260826.mp4
OBS-000171,正大广场,雨松·精致铁板料理·景观餐厅,雨松·精致铁板料理·景观餐厅,日式铁板烧,3.8,116,7F,rated,True,,rated,parsed,rating_anchor,0.9758,0.9829,51,1932,32.941,7F | ★🌟🌟🌟🌟 | 日式铁板烧￥116/人 | 3.8,雨松·精致铁板料理·景观餐厅 | PANORAMIC | 用祥 | VIEW | 7F | ★🌟🌟🌟🌟 | 日式铁板烧￥116/人 | 3.8 | 全景视野 | 270 | 5D光影餐厅 | 点评榜单 | 陆家嘴商圈日式料理打卡人气榜第5名 | 14:00休息 | 上菜速度超快，强烈推荐 | ￥288 | 4折 | ￥730 | 惠 | 珠江佐宴双人餐 | 惠 | ￥98 | ￥100100元代金券 | 9.8折,ocr/input_videos\上海__正大广场__20260826.mp4
OBS-000172,正大广场,Tapa Tapa,TapaTapa,西班牙菜,,177,6F,new_store,False,new_store,ocr_missing,parsed,metadata_anchor,0.9513,0.9853,66,1980,33.76,新店 | 西班牙菜￥177/人 | 6F,Tapa Tapa | TapoTopo | 新店 | 西班牙菜￥177/人 | 6F | tapas &wine bar | 点评榜单 | 上海西班牙菜好评榜第1名 | 无敌江景西班牙餐厅,ocr/input_videos\上海__正大广场__20260826.mp4
OBS-000173,正大广场,雨松·精致铁板料理·景观餐厅,雨松·精致铁板料理·景观餐厅,日式铁板烧,3.8,116,7F,rated,True,,rated,parsed,rating_anchor,0.9582,0.9848,48,1980,33.76,★🌟★★ | 7F | 日式铁板烧￥116/人 | 3.8,PANORAMIC | 雨松·精致铁板料理·景观餐厅 | 承然 | VIEW | ★🌟★★ | 7F | 日式铁板烧￥116/人 | 3.8 | 全景视野 | 270 | 5D光影餐厅 | 点评榜单 | 陆家嘴商圈日式料理打卡人气榜第5名 | 14:00休息 | 上菜速度超快，强烈推荐 | “ | ￥288 | 惠 | 4折 | ￥730 | 珠江佐宴双人餐 | ￥98 | 9.8折 | ￥100100元代金券 | 惠,ocr/input_videos\上海__正大广场__20260826.mp4
OBS-000174,正大广场,3号仓库·创意中国菜,3号仓库·创意中国菜,创意菜,4.8,153,2F,rated,True,,rated,parsed,rating_anchor,0.9662,0.9906,51,1980,33.76,2F | 4.8创意菜￥153/人,3号仓库·创意中国菜 | 2F | 4.8创意菜￥153/人 | B003100E | 上海家院·正大广通店 | 点评榜单 | 陆家嘴商圈美食打卡人气榜第1名 | 14:30休息 | 创意特色，服务周到，性价比超高 | 力 | ￥9.9 | 4.5折 | 惠 | ￥22 | 牛奶芒果布丁一约会..,ocr/input_videos\上海__正大广场__20260826.mp4
OBS-000175,正大广场,乐漫演艺空间,乐漫演艺空间,剧场/剧院,4.7,,8F,rated,True,,rated,parsed,rating_anchor,0.9964,0.9989,47,1980,33.76,🌟🌟🌟🌟 | 8F | 剧场/剧院 | 4.7,乐漫演艺空间 | 乐淄清艺空间 | 🌟🌟🌟🌟 | 8F | 剧场/剧院 | 4.7,ocr/input_videos\上海__正大广场__20260826.mp4
OBS-000176,正大广场,阳坊涮肉,阳坊涮肉,老北京火锅,4.7,130,6F,rated,True,,rated,parsed,rating_anchor,0.9834,0.999,55,1980,33.76,6F | 🌟🌟🌟🌟🌟 | 老北京火锅￥130/人 | 4.7,阳坊涮肉 | 贡羊节 | 6F | 🌟🌟🌟🌟🌟 | 老北京火锅￥130/人 | 4.7 | 贴秋腊抽金条 | 点评榜单 | 浦东新区老北京火锅打卡人气榜第1名 | 2026阳坊期内黄零市 | “环境优美，家门的美选 | 力,ocr/input_videos\上海__正大广场__20260826.mp4
OBS-000177,正大广场,Tapa Tapa,TapaTapa,西班牙菜,,177,6F,new_store,False,new_store,ocr_missing,parsed,metadata_anchor,0.9663,0.9763,66,2004,34.169,新店 | 西班牙菜￥177/人 | 6F,Tapa Tapa | TopoTopo | 新店 | 西班牙菜￥177/人 | 6F | tapas &wine bap | 点评榜单 | 上海西班牙菜好评榜第1名 | 无敌江景西班牙餐厅,ocr/input_videos\上海__正大广场__20260826.mp4
OBS-000178,正大广场,雨松·精致铁板料理·景观餐厅,雨松·精致铁板料理·景观餐厅,日式铁板烧,3.8,116,7F,rated,True,,rated,parsed,rating_anchor,0.9758,0.9822,47,2004,34.169,🌟🌟🌟🌟🌟 | 7F | 日式铁板烧￥116/人 | 3.8,雨松·精致铁板料理·景观餐厅 | PANORAMIC | VIEW | 承 | 🌟🌟🌟🌟🌟 | 7F | 日式铁板烧￥116/人 | 3.8 | 全景视野 | 270 | 5D光影餐厅 | 点评镑单 | 陆家嘴商圈日式料理打卡人气榜第5名 | 14:00休息 | 上菜速度超快，强烈推荐 | “ | 5 | ￥288 | 4折 | 惠 | ￥730 | 珠江佐宴双人餐 | ￥989.8折 | ￥100100元代金券 | 惠,ocr/input_videos\上海__正大广场__20260826.mp4
OBS-000179,正大广场,3号仓库·创意中国菜,3号仓库·创意中国菜,创意菜,4.8,153,2F,rated,True,,rated,parsed,rating_anchor,0.9694,0.9915,53,2004,34.169,2F | 4.8创意菜￥153/人,3号仓库·创意中国菜 | 2F | 4.8创意菜￥153/人 | E0AREH0USE | 上海·所家·正大广通店 | 点评榜单 | 陆家嘴商圈美食打卡人气榜第1名 | 14:30休息 | 创意特色，服务周到，性价比超高 | 3 | ￥9.9 | 4.5折 | 惠 | ￥22 | 牛奶芒果布丁一约会...,ocr/input_videos\上海__正大广场__20260826.mp4
OBS-000180,正大广场,乐漫演艺空间,乐漫演艺空间,剧场/剧院,4.7,,8F,rated,True,,rated,parsed,rating_anchor,0.9975,0.9983,51,2004,34.169,⭐🌟⭐⭐🌟 | 8F | 4.7 | 剧场/剧院,乐漫演艺空间 | 乐温消艺空间 | ⭐🌟⭐⭐🌟 | 8F | 4.7 | 剧场/剧院,ocr/input_videos\上海__正大广场__20260826.mp4
OBS-000181,正大广场,阳坊涮肉,阳坊涮肉,老北京火锅,4.7,130,6F,rated,True,,rated,parsed,rating_anchor,0.9848,0.9995,53,2004,34.169,6F | 🌟🌟🎉🌟🌟 | 老北京火锅￥130/人 | 4.7,阳坊涮肉 | 贡羊节 | 6F | 🌟🌟🎉🌟🌟 | 老北京火锅￥130/人 | 4.7 | 贴秋腊抽金条 | 点评榜单 | 浦东新区老北京火锅打卡人气榜第1名 | 2026'阳坊期肉置季书 | 环境优美，家门口的美食首选 | “ | 91,ocr/input_videos\上海__正大广场__20260826.mp4
OBS-000182,正大广场,3号仓库·创意中国菜,3号仓库·创意中国菜,创意菜,4.8,153,2F,rated,True,,rated,parsed,rating_anchor,0.9712,0.9866,53,2088,35.601,2F | 4.8创意菜￥153/人,3号仓库·创意中国菜 | 2F | 4.8创意菜￥153/人 | BAEH00S | 上海·限家险·正大广场店 | 点评榜单 | 陆家嘴商圈美食打卡人气榜第1名 | 14:30休息 | 创意特，服务周到，性价超 | ￥22牛奶芒果布丁|约会... | 4.5折 | 惠 | ￥9.9,ocr/input_videos\上海__正大广场__20260826.mp4
OBS-000183,正大广场,乐漫演艺空间,乐漫演艺空间,剧场/剧院,4.7,,8F,rated,True,,rated,parsed,rating_anchor,0.9823,0.9996,50,2088,35.601,8F | 4.7剧场/剧院,乐漫演艺空间 | 乐潜海艺空间 | 8F | 4.7剧场/剧院 | 福,ocr/input_videos\上海__正大广场__20260826.mp4
OBS-000184,正大广场,阳坊涮肉,阳坊涮肉,老北京火锅,4.7,130,6F,rated,True,,rated,parsed,rating_anchor,0.983,0.9994,56,2088,35.601,⭐🌟🌟⭐🌟 | 6F | 4.7 | 老北京火锅￥130/人,阳坊涮肉 | 赁羊节 | ⭐🌟🌟⭐🌟 | 6F | 4.7 | 老北京火锅￥130/人 | 贴秋腊抽金条 | 点评榜单 | 浦东新区老北京火锅打卡人气榜第1名 | 2026阳枯新内贸季节 | 环境优美，家门口的美食首选 | ￥58.87.6折 | ￥78 | 惠 | 【特惠】京城响当当.. | ￥929.2折 | 惠 | ￥100 | 【特价】100元代金券,ocr/input_videos\上海__正大广场__20260826.mp4
OBS-000185,正大广场,呛头家云南民族菜,呛头家云南民族菜,特色菜,4.3,99,7F,rated,True,,rated,parsed,rating_anchor,0.9643,0.9987,53,2088,35.601,🌟🌟🌟🌟 | 7F | 4.3 | 特色菜￥99/人,呛头家云南民族菜 | 哈头家 | 🌟🌟🌟🌟 | 7F | 4.3 | 特色菜￥99/人 | 点评榜单 | 陆家嘴商圈特色菜打卡榜第1名 | 地道云南菜，辣得过瘾” | ￥19.99.1折 | ￥22 | 【云南特色】滇西南 | 惠 | ￥46.59.3折 | 惠 | ￥50 | 【常规47.5】 | 50元代.,ocr/input_videos\上海__正大广场__20260826.mp4
OBS-000186,正大广场,乐漫演艺空间,乐漫演艺空间,剧场/剧院,4.7,,8F,rated,True,,rated,parsed,rating_anchor,0.9972,0.9992,51,2112,36.01,🌟🌟🌟🌟🌟 | 8F | 剧场/剧院 | 4.7,乐漫演艺空间 | 乐潜演艺空间 | 🌟🌟🌟🌟🌟 | 8F | 剧场/剧院 | 4.7,ocr/input_videos\上海__正大广场__20260826.mp4
OBS-000187,正大广场,阳坊涮肉,阳坊涮肉,老北京火锅,4.7,130,6F,rated,True,,rated,parsed,rating_anchor,0.9772,0.9995,53,2112,36.01,🌟🌟⭐🌟 | 6F | 老北京火锅￥130/人 | 4.7,阳坊涮肉 | 贡羊节 | 🌟🌟⭐🌟 | 6F | 老北京火锅￥130/人 | 4.7 | 贴秋腰抽金条 | 点评榜单 | 浦东新区老北京火锅打卡人气榜第1名 | 2026阳坊内置市 | 环境优美，家门口的美食首选 | 2 | ￥58.87.6折 | ￥78 | 惠 | 【特惠】京城响当当. | ￥929.2折 | ￥100 | 惠 | 【特价】100元代金券,ocr/input_videos\上海__正大广场__20260826.mp4
OBS-000188,正大广场,呛头家云南民族菜,呛头家云南民族菜,特色菜,4.3,99,7F,rated,True,,rated,parsed,rating_anchor,0.971,0.9991,48,2112,36.01,🌟🌟🌟🌟 | 特色菜￥99/人 | 7F | 4.3,呛头家云南民族菜 | 哈头家 | 🌟🌟🌟🌟 | 特色菜￥99/人 | 7F | 4.3 | 点评榜单 | 陆家嘴商圈特色菜打卡人气榜第1名 | 云 | 地道云南菜，辣得过瘾 | ￥22 | ￥19.9| | 【云南特色】滇西南….. | 9.1折 | 惠 | ￥50 | 9.3折 | 【常规47.5】50元代... | ￥46.5 | 惠,ocr/input_videos\上海__正大广场__20260826.mp4
OBS-000189,正大广场,世大家Sidagar,世大家Sidagar,居家日用,4.2,,3F,rated,True,,rated,parsed,rating_anchor,0.8927,0.9704,57,2112,36.01,★⭐★4.2居家日用 | 3F,世大家Sidagar | ★⭐★4.2居家日用 | 3F,ocr/input_videos\上海__正大广场__20260826.mp4
OBS-000190,正大广场,唏嘛香·兰州小馆,唏嘛香·兰州小馆,西北民间菜,4.4,41,5F,rated,True,,rated,parsed,rating_anchor,0.9476,0.9727,54,2112,36.01,🌟🌟🌟🌟 | 5F | 西北民间菜￥41/人 | 4.4,唏嘛香·兰州小馆 | 唏嘛香 | ® | 🌟🌟🌟🌟 | 5F | 西北民间菜￥41/人 | 4.4 | 兰州小馆 | 点评榜单 | 浦东新区西北民间菜口味榜第3名 | 兰州华肉香·羊肉串·风味小吃 | 羊肉串美味出乎意料 | V/1单人快乐餐 | a折 | 出 | 2口,ocr/input_videos\上海__正大广场__20260826.mp4
OBS-000191,正大广场,乐漫演艺空间,乐漫演艺空间,剧场/剧院,4.7,,8F,rated,True,,rated,parsed,rating_anchor,0.9976,0.9996,52,2124,36.215,8F | 🌟🌟🌟🌟🌟 | 剧场/剧院 | 4.7,乐漫演艺空间 | 乐温海艺空间 | 请 | 8F | 🌟🌟🌟🌟🌟 | 剧场/剧院 | 4.7,ocr/input_videos\上海__正大广场__20260826.mp4
OBS-000192,正大广场,阳坊涮肉,阳坊涮肉,老北京火锅,4.7,130,6F,rated,True,,rated,parsed,rating_anchor,0.9848,0.9991,53,2124,36.215,6F | 🌟🌟🌟🌟🌟 | 老北京火锅￥130/人 | 4.7,阳坊涮肉 | 贡羊节 | 6F | 🌟🌟🌟🌟🌟 | 老北京火锅￥130/人 | 4.7 | 贴秋腰抽金条 | 点评榜单 | 浦东新区老北京火锅打卡人气榜第1名 | 2026阳结期肉赏承 | 环境优美，家门口的美食首选 | 2 | ￥58.8 | ￥78 | 惠 | 7.6折 | 【特惠】京城响当当.. | 9.2折 | ￥92 | ￥100 | 惠 | 【特价】100元代金券,ocr/input_videos\上海__正大广场__20260826.mp4
OBS-000193,正大广场,呛头家云南民族菜,呛头家云南民族菜,特色菜,4.3,99,7F,rated,True,,rated,parsed,rating_anchor,0.9803,0.9989,48,2124,36.215,🌟🌟🌟🌟 | 7F | 特色菜￥99/人 | 4.3,呛头家云南民族菜 | 哈头家 | 🌟🌟🌟🌟 | 7F | 特色菜￥99/人 | 4.3 | 点评榜单 | 陆家嘴商圈特色菜打卡人气榜第1名 | 云南 | 地道云南菜，辣得过瘾 | ￥22 | ￥19.9 | 9.1折 | 【云南特色】滇西南. | 惠 | ￥46.5 | ￥50 | 9.3折 | 惠 | 50元代.. | 【常规47.5】,ocr/input_videos\上海__正大广场__20260826.mp4
OBS-000194,正大广场,世大家Sidagar,世大家Sidagar,居家日用,4.2,,3F,rated,True,,rated,parsed,rating_anchor,0.998,0.9974,59,2124,36.215,3F | 🌟🌟⭐⭐ | 4.2居家日用 | ★,世大家Sidagar | 3F | 🌟🌟⭐⭐ | 4.2居家日用 | ★,ocr/input_videos\上海__正大广场__20260826.mp4
OBS-000195,正大广场,唏嘛香·兰州小馆,唏嘛香·兰州小馆,西北民间菜,4.4,41,5F,rated,True,,rated,parsed,rating_anchor,0.9722,0.9866,55,2124,36.215,🌟🌟⭐ | 5F | 4.4 | 西北民间菜￥41/人,唏嘛香·兰州小馆 | ® | 唏嘛香 | 🌟🌟⭐ | 5F | 4.4 | 西北民间菜￥41/人 | 兰州小馆 | 点评榜单 | 浦东新区西北民间菜口味榜第3名 | 羊肉串美味出乎意料 | 兰州牛肉西·羊肉串·贝味小吃 | 心 | 1单人快乐餐 | 東 | 00折 | y60,ocr/input_videos\上海__正大广场__20260826.mp4
OBS-000196,正大广场,呛头家云南民族菜,呛头家云南民族菜,特色菜,4.3,99,7F,rated,True,,rated,parsed,rating_anchor,0.9697,0.9979,53,2232,38.056,7F | 🌟🌟🎉🎉 | 特色菜￥99/人 | 4.3 | ★,呛头家云南民族菜 | 哈头家 | 7F | 🌟🌟🎉🎉 | 特色菜￥99/人 | 4.3 | ★ | 点评榜单 | 陆家嘴商圈特色菜打卡人气榜第1名 | 地道云南菜，辣得过瘾 | G | 5 | ￥19.99.1折 | ￥22 | 【云南特色】滇西南... | 惠 | ￥50 | ￥46.59.3折 | 惠 | 【常规47.5】50元代...,ocr/input_videos\上海__正大广场__20260826.mp4
OBS-000197,正大广场,世大家Sidagar,世大家Sidagar,居家日用,4.2,,3F,rated,True,,rated,parsed,rating_anchor,0.9933,0.9884,60,2232,38.056,3F | 🌟🌟⭐⭐⭐ | 4.2居家日用,世大家Sidagar | 3F | 🌟🌟⭐⭐⭐ | 4.2居家日用,ocr/input_videos\上海__正大广场__20260826.mp4
OBS-000198,正大广场,唏嘛香·兰州小馆,唏嘛香·兰州小馆,西北民间菜,,41,5F,unknown,True,,ocr_missing,parsed,metadata_anchor,0.9631,0.9811,51,2232,38.056,⭐🌟🌟🌟 | 5F | 西北民间菜￥41/人 | ★,唏嘛香·兰州小馆 | 唏嘛香 | D | ⭐🌟🌟🌟 | 5F | 西北民间菜￥41/人 | ★ | 兰州小馆 | 点评榜单 | 浦东新区西北民间菜口味榜第3名 | 兰州牛肉西·羊肉串·风味小吃 | 羊肉串美味出乎意料 | ￥40.59.9折 | 惠 | ￥41单人快乐餐,ocr/input_videos\上海__正大广场__20260826.mp4
OBS-000199,正大广场,安又胖韩国烤肉,安又胖韩国烤肉,韩式烤肉,,110,8F,unknown,True,,ocr_missing,parsed,metadata_anchor,0.9803,0.9995,48,2232,38.056,8F | 🌟🌟🌟⭐ | 韩式烤肉￥110/人,安又胖韩国烤肉 | 8F | 🌟🌟🌟⭐ | 韩式烤肉￥110/人 | Un | 安又胖 | 点评榜单 | 陆家嘴商圈烤肉打卡人气榜第1名 | 骆式河肉科理 | 推荐给喜欢韩式烤肉的朋友们 | ￥39 | ￥29.9 | 7.7折 | 【夏季上新】济州岛.. | 惠 | ￥50 | 惠 | 8.9折 | ￥44.5 | 【帮你省薪】50元代...,ocr/input_videos\上海__正大广场__20260826.mp4
OBS-000200,正大广场,兴蜀府·臻味江景餐厅,兴蜀府·臻味江景餐厅,川菜馆,4.8,289,4F,rated,True,,rated,parsed,rating_anchor,0.9386,0.9874,53,2232,38.056,4F | ⭐⭐4.8川菜馆￥289/人,兴蜀府·臻味江景餐厅 | 4F | ⭐⭐4.8川菜馆￥289/人 | 興蜀府·臻味 | SISESUUCEIHE | 点评榜单 | 川粤融合菜— | 浦东新区川菜环境榜第3名 | -,ocr/input_videos\上海__正大广场__20260826.mp4
OBS-000201,正大广场,安又胖韩国烤肉,安又胖韩国烤肉,韩式烤肉,4.4,110,8F,rated,True,,rated,parsed,rating_anchor,0.9766,0.9981,54,2340,39.898,8F | 🌟🌟🌟⭐ | 韩式烤肉￥110/人 | 4.4 | ★,安又胖韩国烤肉 | 8F | 🌟🌟🌟⭐ | 韩式烤肉￥110/人 | 4.4 | ★ | 安又胖 | 点评榜单 | 陆家嘴商圈烤肉打卡人气榜第1名 | 式划内料理 | 推荐给喜欢韩式烤肉的朋友们 | 7.7折 | 【夏季上新】济州岛.. | ￥29.9 | 惠 | ￥39 | 惠 | ￥50 | ￥44.5 | 8.9折 | 【帮你省薪】50元代..,ocr/input_videos\上海__正大广场__20260826.mp4
OBS-000202,正大广场,兴蜀府·臻味江景餐厅,兴蜀府·臻味江景餐厅,川菜馆,4.8,289,4F,rated,True,,rated,parsed,rating_anchor,0.9715,0.9903,51,2340,39.898,4F | 4.8川菜馆￥289/人,兴蜀府·臻味江景餐厅 | 4F | 4.8川菜馆￥289/人 | 兴蜀府·臻味 | 515ESUUEBHSE | 点评榜单 | 川粤融合菜 | 浦东新区川菜环境榜第3名 | 地道江景，性价比高 | 3 | ￥328 | 6.6折 | 惠 | ￥498 | 午市2-3人可选工作餐 | ￥959.5折 | 惠 | ￥100100元代金券,ocr/input_videos\上海__正大广场__20260826.mp4
OBS-000203,正大广场,衣架,衣架,服装,3.7,,3F,rated,True,,rated,parsed,rating_anchor,0.8587,0.9995,61,2340,39.898,🌟🌟⭐🌟3.7服装 | 3F,衣架 | 🌟🌟⭐🌟3.7服装 | 3F | 春装新季上市，时尚与品质兼具,ocr/input_videos\上海__正大广场__20260826.mp4
OBS-000204,正大广场,鱼酷活鱼烤鱼,鱼酷活鱼烤鱼,烤鱼,4.6,96,7F,rated,True,,rated,parsed,rating_anchor,0.963,0.9936,52,2340,39.898,7F | 🌟🌟⭐🌟🌟 | 烤鱼￥96/人 | 4.6,象带田 | 鱼酷活鱼烤鱼 | 酸爽觉醒 | 7F | 🌟🌟⭐🌟🌟 | 烤鱼￥96/人 | 4.6 | 魂穿凯里 | 点评榜单 | 浦东新区烤鱼销量榜第1名 | 荔枝味烤鱼，惊艳你的味蕾 | 5 | ￥33.85折 | ￥68 | 惠 | 【小龙虾烤鱼搭档】 | ￥929.2折 | ￥100100元代金券 | 惠,ocr/input_videos\上海__正大广场__20260826.mp4
OBS-000205,正大广场,eatn work露台餐吧,eatnwork露台餐吧,特调酒吧,4.1,158,9F,rated,True,,rated,parsed,rating_anchor,0.9927,0.987,51,2340,39.898,9F | 🌟🌟🌟🌟 | 4.1特调酒吧 | ￥158/人 | ★,eatn work露台餐吧 | 9F | 🌟🌟🌟🌟 | 4.1特调酒吧 | ￥158/人 | ★,ocr/input_videos\上海__正大广场__20260826.mp4
OBS-000206,正大广场,安又胖韩国烤肉,安又胖韩国烤肉,韩式烤肉,4.4,110,8F,rated,True,,rated,parsed,rating_anchor,0.9808,0.9994,52,2352,40.102,8F | 🌟🌟🌟🎉 | 韩式烤肉￥110/人 | 4.4 | ★,安又胖韩国烤肉 | 8F | 🌟🌟🌟🎉 | 韩式烤肉￥110/人 | 4.4 | ★ | 安又胖 | 点评榜单 | 陆家嘴商圈烤肉打卡人气榜第1名 | 销式域内料理 | 推荐给喜欢韩式烤肉的朋友们 | 告 | ￥29.9 | 7.7折 | ￥39 | 【夏季上新】济州岛... | 惠 | ￥44.5 | ￥50 | 8.9折 | 惠 | 【帮你省薪】50元代...,ocr/input_videos\上海__正大广场__20260826.mp4
OBS-000207,正大广场,兴蜀府·臻味江景餐厅,兴蜀府·臻味江景餐厅,川菜馆,4.8,289,4F,rated,True,,rated,parsed,rating_anchor,0.9695,0.9904,54,2352,40.102,4F | 4.8川菜馆￥289/人,兴蜀府·臻味江景餐厅 | 4F | 4.8川菜馆￥289/人 | 興蜀府·臻味 | 5155SUUEt5E | 点评榜单 | 浦东新区川菜环境榜第3名 | 川粤融合菜 | 地道江景，性价比高 | ￥328 | ￥498 | 6.6折 | 午市2-3人可选工作餐 | 惠 | ￥959.5折 | 惠 | ￥100100元代金券,ocr/input_videos\上海__正大广场__20260826.mp4
OBS-000208,正大广场,衣架,衣架,服装,3.7,,3F,rated,True,,rated,parsed,rating_anchor,0.8844,0.9998,63,2352,40.102,⭐🌟⭐⭐⭐3.7服装 | 3F,衣架 | ⭐🌟⭐⭐⭐3.7服装 | 3F | 春装新季上市，时尚与品质兼具,ocr/input_videos\上海__正大广场__20260826.mp4
OBS-000209,正大广场,鱼酷活鱼烤鱼,鱼酷活鱼烤鱼,烤鱼,4.6,96,7F,rated,True,,rated,parsed,rating_anchor,0.9701,0.9889,52,2352,40.102,🌟🌟🌟🌟🌟 | 7F | 4.6烤鱼￥96/人,条酷田 | 鱼酷活鱼烤鱼 | 酸爽觉醒 | 🌟🌟🌟🌟🌟 | 7F | 4.6烤鱼￥96/人 | 魂穿凯里 | 点评榜单 | 浦东新区烤鱼销量榜第1名 | 荔枝味烤鱼，惊艳你的味蕾 | 3 | ≤ | ￥33.85折 | 惠 | ￥68 | 【小龙虾烤鱼搭档】 | ￥929.2折 | ￥100100元代金券 | 惠,ocr/input_videos\上海__正大广场__20260826.mp4
OBS-000210,正大广场,eat n work露台餐吧,eatnwork露台餐吧,特调酒吧,4.1,158,9F,rated,True,,rated,parsed,rating_anchor,0.9864,0.9732,58,2352,40.102,9F | ⭐🌟🌟⭐ | 特调酒吧 | ￥158/人 | 4.1 | ★,eat n work露台餐吧 | 9F | ⭐🌟🌟⭐ | 特调酒吧 | ￥158/人 | 4.1 | ★,ocr/input_videos\上海__正大广场__20260826.mp4
OBS-000211,正大广场,兴蜀府·臻味江景餐厅,兴蜀府·臻味江景餐厅,川菜馆,4.8,289,4F,rated,True,,rated,parsed,rating_anchor,0.9609,0.9853,54,2460,41.944,4.8川菜馆￥289/人 | 4F,兴蜀府·臻味江景餐厅 | 4.8川菜馆￥289/人 | 4F | 兴蜀府·臻味 | S15ESUUETHXE | 点评榜单 | 川粤融合菜 | 浦东新区川菜环境榜第3名 | 地道江景，性价比高 | ￥498午市2-3人可选工作餐 | ￥3286.6折 | 惠 | ￥959.5折 | 惠 | ￥100100元代金券,ocr/input_videos\上海__正大广场__20260826.mp4
OBS-000212,正大广场,衣架,衣架,服装,3.7,,3F,rated,True,,rated,parsed,rating_anchor,0.8888,0.9995,66,2460,41.944,3F | 🌟🌟⭐⭐3.7服装,衣架 | 3F | 🌟🌟⭐⭐3.7服装 | 春装新季上市，时尚与品质兼具 | <,ocr/input_videos\上海__正大广场__20260826.mp4
OBS-000213,正大广场,鱼酷活鱼烤鱼,鱼酷活鱼烤鱼,烤鱼,4.6,96,7F,rated,True,,rated,parsed,rating_anchor,0.928,0.9826,52,2460,41.944,7F | 🌟4.6烤鱼￥96/人,象酷田 | 鱼酷活鱼烤鱼 | 酸爽觉醒 | 7F | 🌟4.6烤鱼￥96/人 | 魂穿凯果 | 点评榜单 | 浦东新区烤鱼销量榜第1名 | 荔枝味烤鱼，惊艳你的味蕾 | 3 | ￥33.8 | 5折 | ￥68 | 惠 | 【小龙虾烤鱼搭档】 | ￥929.2折 | 惠 | ￥100100元代金券,ocr/input_videos\上海__正大广场__20260826.mp4
OBS-000214,正大广场,eat n work露台餐吧,eatnwork露台餐吧,特调酒吧,4.1,158,9F,rated,True,,rated,parsed,rating_anchor,0.9623,0.9567,55,2460,41.944,4.1特调酒吧￥158/人 | 9F,eat n work露台餐吧 | 4.1特调酒吧￥158/人 | 9F | 2025酒吧指南 | 氛围好有音乐，江景窗边体验佳 | ￥38￥78经典鸡尾酒套餐 | 惠,ocr/input_videos\上海__正大广场__20260826.mp4
OBS-000215,正大广场,兴蜀府·臻味江景餐厅,兴蜀府·臻味江景餐厅,川菜馆,4.8,289,4F,rated,True,,rated,parsed,rating_anchor,0.9764,0.9901,54,2484,42.353,4F | 4.8川菜馆￥289/人,兴蜀府·臻味江景餐厅 | 4F | 4.8川菜馆￥289/人 | 兴蜀府·臻味 | S15ESUUETHNE | 点评榜单 | 浦东新区川菜环境榜第3名 | 川粤融合菜 | 地道江景，性价比高 | ￥498午市2-3人可选工作餐 | ￥3286.6折 | 惠 | ￥959.5折 | 惠 | ￥100100元代金券,ocr/input_videos\上海__正大广场__20260826.mp4
OBS-000216,正大广场,衣架,衣架,服装,3.7,,3F,rated,True,,rated,parsed,rating_anchor,0.8896,0.9998,63,2484,42.353,3F | ⭐🌟⭐⭐3.7服装,衣架 | 3F | ⭐🌟⭐⭐3.7服装 | 春装新季上市，时尚与品质兼具 | <,ocr/input_videos\上海__正大广场__20260826.mp4
OBS-000217,正大广场,鱼酷活鱼烤鱼,鱼酷活鱼烤鱼,烤鱼,4.6,96,7F,rated,True,,rated,parsed,rating_anchor,0.9538,0.9834,52,2484,42.353,4.6烤鱼￥96/人 | 7F,象酷田 | 鱼酷活鱼烤鱼 | 酸爽觉醒 | 4.6烤鱼￥96/人 | 7F | 魂穿凯里 | 点评榜单 | 浦东新区烤鱼销量榜第1名 | 荔枝味烤鱼，惊艳你的味蕾 | 3 | ￥33.8 | ￥68 | 5折 | 惠 | 【小龙虾烤鱼搭档】 | ￥929.2折 | 惠 | ￥100100元代金券,ocr/input_videos\上海__正大广场__20260826.mp4
OBS-000218,正大广场,eat n work露台餐吧,eatnwork露台餐吧,特调酒吧,4.1,158,9F,rated,True,,rated,parsed,rating_anchor,0.9644,0.9652,55,2484,42.353,4.1特调酒吧￥158/人 | 9F,eat n work露台餐吧 | 4.1特调酒吧￥158/人 | 9F | 2025酒吧指南 | 氛围好有音乐，江景窗边体验佳 | ￥38￥78经典鸡尾酒套餐 | 惠,ocr/input_videos\上海__正大广场__20260826.mp4
OBS-000219,正大广场,eatn work露台餐吧,eatnwork露台餐吧,特调酒吧,4.1,158,9F,rated,True,,rated,parsed,rating_anchor,0.965,0.9631,54,2544,43.376,9F | 4.1特调酒吧￥158/人,eatn work露台餐吧 | 9F | 4.1特调酒吧￥158/人 | 2025酒吧指南 | 氛围好有音乐，江景窗边体验佳 | ￥38￥78经典鸡尾酒套餐 | 惠,ocr/input_videos\上海__正大广场__20260826.mp4
OBS-000220,正大广场,wacoal,wacoal,服装,3.7,,3F,rated,True,,rated,parsed,rating_anchor,0.9657,0.9805,55,2544,43.376,3F | 3.7服装658/人,wacoal | 3F | 3.7服装658/人,ocr/input_videos\上海__正大广场__20260826.mp4
OBS-000221,正大广场,辣堂·鲜辣小馆·江西菜,辣堂·鲜辣小馆·江西菜,江西菜,4.1,54,6F,rated,True,,rated,parsed,rating_anchor,0.9569,0.9649,54,2544,43.376,6F | 🌟🌟🌟🌟 | 4.1江西菜￥54/人 | ★,辣堂·鲜辣小馆·江西菜 | 6F | 🌟🌟🌟🌟 | 4.1江西菜￥54/人 | ★ | “跟著 | 辣堂 | 点评榜单 | 浦东新区江西菜回头客榜第5名 | 吃江西菜” | 性价比高，江西菜爱好者的首选 | ￥39.97.7折 | ￥52单人头牌牛肉炒粉套餐 | 惠,ocr/input_videos\上海__正大广场__20260826.mp4
OBS-000222,正大广场,啊撒啊撒O从O从,啊撒啊撒O从O从,韩式料理,4.2,90,7F,rated,True,,rated,parsed,rating_anchor,0.8264,0.7011,51,2544,43.376,🌟🌟⭐⭐ | 7F | 韩式料理￥90/人 | 4.2,啊撒啊撒O从O从 | 啊撒啊撒 | 🌟🌟⭐⭐ | 7F | 韩式料理￥90/人 | 4.2 | 从0从 | 点评榜单 | 浦东新区韩式料理好评榜第8名 | 杭州亚运会转国国家队运动员 | 集体打卡签名韩餐 | “甜蜜软糯，年糕巨好吃” | ￥1787.2折 | ￥248 | 【首尔】豆脊骨… | 惠 | 惠 | ￥959.5折 | ￥100100元代金券,ocr/input_videos\上海__正大广场__20260826.mp4
OBS-000223,正大广场,eat n work露台餐吧,eatnwork露台餐吧,特调酒吧,4.1,158,9F,rated,True,,rated,parsed,rating_anchor,0.968,0.9629,54,2580,43.99,🌟🌟⭐⭐ | 9F | 4.1特调酒吧￥158/人 | ★,eat n work露台餐吧 | 🌟🌟⭐⭐ | 9F | 4.1特调酒吧￥158/人 | ★ | 2025酒吧指南 | 氛围好有音乐，江景窗边体验佳 | ￥38￥78经典鸡尾酒套餐 | 惠,ocr/input_videos\上海__正大广场__20260826.mp4
OBS-000224,正大广场,wacoal,wacoal,服装,3.7,658,3F,rated,True,,rated,parsed,rating_anchor,0.971,0.9918,52,2580,43.99,3F | 3.7服装￥658/人,wlbcod | wacoal | 3F | 3.7服装￥658/人,ocr/input_videos\上海__正大广场__20260826.mp4
OBS-000225,正大广场,辣堂·鲜辣小馆·江西菜,辣堂·鲜辣小馆·江西菜,江西菜,4.1,54,6F,rated,True,,rated,parsed,rating_anchor,0.9867,0.9752,54,2580,43.99,6F | ⭐🌟⭐⭐ | 4.1江西菜 | ￥54/人,辣堂·鲜辣小馆·江西菜 | 辣堂 | 6F | ⭐🌟⭐⭐ | 4.1江西菜 | ￥54/人 | “跟著 | 辣堂 | 点评榜单 | 浦东新区江西菜回头客榜第5名 | 吃江西菜” | 性价比高，江西菜爱好者的首选 | 9 | ￥39.9 | 7.7折 | 惠 | ￥52单人头牌牛肉炒粉套餐,ocr/input_videos\上海__正大广场__20260826.mp4
OBS-000226,正大广场,啊撒啊撒从则,啊撒啊撒从则,韩式料理,4.2,90,7F,rated,True,,rated,parsed,rating_anchor,0.873,0.7864,51,2580,43.99,韩式料理￥90/人 | 7F | 🌟🌟⭐★ | 4.2,啊撒啊撒从则 | 啊撒啊撒 | 韩式料理￥90/人 | 7F | 🌟🌟⭐★ | 4.2 | 0从0从 | 点评榜单 | 浦东新区韩式料理好评榜第8名 | 杭州亚运会转国国家队运动员 | 集体打卡签名韩餐 | 甜蜜软糯，年糕巨好吃 | 《 | 5 | ￥248 | ￥1787.2折 | 【首尔】 | 惠 | 土豆脊骨. | ￥959.5折 | 惠 | ￥100100元代金券,ocr/input_videos\上海__正大广场__20260826.mp4
OBS-000227,正大广场,北海宴·渔哥,北海宴·渔哥,粤菜馆,4.9,188,7F,rated,True,,rated,parsed,rating_anchor,0.965,0.9748,57,2580,43.99,7F | ★★★★★ | 粤菜馆￥188/人 | 4.9,北海宴·渔哥 | 7F | ★★★★★ | 粤菜馆￥188/人 | 4.9 | 点评镑单 | 陆家嘴商圈粤菜好评榜第3名,ocr/input_videos\上海__正大广场__20260826.mp4
OBS-000228,正大广场,啊撒啊撒从则,啊撒啊撒从则,韩式料理,4.2,90,7F,rated,True,,rated,parsed,rating_anchor,0.8938,0.8355,53,2688,45.831,7F | 🌟🌟🌟🌟 | 4.2 | 韩式料理￥90/人,啊撒啊撒从则 | 啊撒啊撒 | 7F | 🌟🌟🌟🌟 | 4.2 | 韩式料理￥90/人 | 0从0从 | 点评榜单 | 浦东新区韩式料理好评榜第8名 | 杭州亚运会转国国家队运动员 | 集体打卡签名韩餐 | “甜蜜软糯，年糕巨好吃” | ￥1787.2折 | 惠 | ￥248 | 【首尔】土豆脊骨. | ￥959.5折 | 惠 | ￥100100元代金券,ocr/input_videos\上海__正大广场__20260826.mp4
OBS-000229,正大广场,北海宴·渔哥,北海宴·渔哥,粤菜馆,4.9,188,7F,rated,True,,rated,parsed,rating_anchor,0.9677,0.9747,55,2688,45.831,7F | 🌟⭐⭐🎉4.9 | 粤菜馆￥188/人,北海宴·渔哥 | 7F | 🌟⭐⭐🎉4.9 | 粤菜馆￥188/人 | 点评榜单 | 陆家嘴商圈粤菜好评榜第3名 | 14:00休息 | 惠￥1495折 | ￥299砂锅酱油马友鱼 | ￥939.3折 | 惠 | ￥100100元代金券,ocr/input_videos\上海__正大广场__20260826.mp4
OBS-000230,正大广场,小蓝象,小蓝象,儿童服饰,3.7,469,2F,rated,True,,rated,parsed,rating_anchor,0.9664,0.9657,57,2688,45.831,2F | 🌟🌟🌟🌟🌟 | 3.7儿童服饰￥469/人,小蓝象 | 2F | 🌟🌟🌟🌟🌟 | 3.7儿童服饰￥469/人 | 选对睡衣 | 对宝宝睡服很重要！ | 面料吸湿排汗，款式越来越好看,ocr/input_videos\上海__正大广场__20260826.mp4
OBS-000231,正大广场,知魚之味,知鱼之味,酸菜鱼/水煮鱼,4.4,37,B2,rated,True,,rated,parsed,rating_anchor,0.9628,0.9946,56,2688,45.831,🌟🌟🌟🎉 | 酸菜鱼/水煮鱼￥37/人 | B2 | 4.4,知魚之味 | 🌟🌟🌟🎉 | 酸菜鱼/水煮鱼￥37/人 | B2 | 4.4 | 知魚之味 | 点评榜单 | 浦东新区酸菜鱼/水煮鱼口味榜第5名 | ZHIY ZHI WEI | 青花椒鱼，鱼片搭配爽口配菜 | “ | 2 | ￥91 | ￥74.628.2折 | 【鱼宴】黑鱼双人 | 惠,ocr/input_videos\上海__正大广场__20260826.mp4
OBS-000232,正大广场,临家闽南宴,临家闽南宴,福建菜,4.8,198,7F,rated,True,,rated,parsed,rating_anchor,0.9689,0.9961,55,2688,45.831,7F | 4.8福建菜￥198/人,临家闽南宴 | 7F | 4.8福建菜￥198/人,ocr/input_videos\上海__正大广场__20260826.mp4
OBS-000233,正大广场,啊撒啊撒O从,啊撒啊撒O从,韩式料理,4.2,90,7F,rated,True,,rated,parsed,rating_anchor,0.9014,0.8671,50,2700,46.036,7F | ⭐🌟⭐⭐ | 4.2 | 韩式料理￥90/人,啊撒啊撒O从 | 啊撒啊撒 | 7F | ⭐🌟⭐⭐ | 4.2 | 韩式料理￥90/人 | 0从0从 | 点评榜单 | 浦东新区韩式料理好评榜第8名 | 杭州亚运会转国国家队运动员 | 集体打卡签名韩餐 | “甜蜜软糯，年糕巨好吃” | ￥248 | ￥1787.2折 | 【首尔】土豆脊骨. | 惠 | ￥959.5折 | ￥100100元代金券 | 惠,ocr/input_videos\上海__正大广场__20260826.mp4
OBS-000234,正大广场,北海宴·渔哥,北海宴·渔哥,粤菜馆,4.9,188,7F,rated,True,,rated,parsed,rating_anchor,0.9745,0.9814,52,2700,46.036,7F | 🌟🌟🌟🌟🌟 | 4.9 | 粤菜馆￥188/人,北海宴·渔哥 | 7F | 🌟🌟🌟🌟🌟 | 4.9 | 粤菜馆￥188/人 | 点评榜单 | 陆家嘴商圈粤菜好评榜第3名 | 14:00休息 | ￥149 | 5折 | ￥299砂锅酱油马友鱼 | 惠 | ￥939.3折 | 惠 | ￥100100元代金券,ocr/input_videos\上海__正大广场__20260826.mp4
OBS-000235,正大广场,小蓝象,小蓝象,儿童服饰,3.7,469,2F,rated,True,,rated,parsed,rating_anchor,0.9829,0.9953,58,2700,46.036,⭐🌟🌟🌟🌟 | 2F | 3.7儿童服饰￥469/人,小蓝象 | ⭐🌟🌟🌟🌟 | 2F | 3.7儿童服饰￥469/人 | 选对睡衣 | 对宝宝睡眼很重要！ | 面料吸湿排汗，款式越来越好看,ocr/input_videos\上海__正大广场__20260826.mp4
OBS-000236,正大广场,知魚之味,知鱼之味,酸菜鱼/水煮鱼,4.4,,B2,rated,True,,rated,parsed,rating_anchor,0.9594,0.9954,56,2700,46.036,⭐🌟🌟⭐ | B2 | 4.4 | 酸菜鱼/水煮鱼￥371人,知魚之味 | ⭐🌟🌟⭐ | B2 | 4.4 | 酸菜鱼/水煮鱼￥371人 | 知魚之味 | 点评榜单 | 浦东新区酸菜鱼/水煮鱼口味榜第5名 | ZHIY ZHIWEI | 青花椒鱼，鱼片搭配爽口配菜 | “ | ￥74.628.2折 | ￥91 | 【鱼宴】黑鱼双人 | 惠,ocr/input_videos\上海__正大广场__20260826.mp4
OBS-000237,正大广场,临家闽南宴,临家闽南宴,福建菜,,198,7F,unknown,True,,ocr_missing,parsed,metadata_anchor,0.9783,0.9935,52,2700,46.036,7F | 🌟🌟⭐⭐🌟 | 福建菜￥198/人 | 14.8,临家闽南宴 | 7F | 🌟🌟⭐⭐🌟 | 福建菜￥198/人 | 14.8 | 点评接单 | 浦东新区福建苹销量接策1名,ocr/input_videos\上海__正大广场__20260826.mp4
OBS-000238,正大广场,小蓝象,小蓝象,儿童服饰,3.7,469,2F,rated,True,,rated,parsed,rating_anchor,0.9675,0.9928,59,2832,48.286,2F | 3.7儿童服饰￥469/人,小蓝象 | 2F | 3.7儿童服饰￥469/人 | 选对睡衣 | 对宝宝睡服很重要！ | 面料吸湿排汗，款式越来越好看 | “ | 5,ocr/input_videos\上海__正大广场__20260826.mp4
OBS-000239,正大广场,知魚之味,知鱼之味,酸菜鱼/水煮鱼,4.4,37,B2,rated,True,,rated,parsed,rating_anchor,0.9604,0.9914,57,2832,48.286,🌟🌟🌟🎉 | 4.4酸菜鱼/水煮鱼￥37/人 | B2 | ★,知魚之味 | 🌟🌟🌟🎉 | 4.4酸菜鱼/水煮鱼￥37/人 | B2 | 知魚之味 | ★ | K | 点评榜单 | 浦东新区酸菜鱼/水煮鱼口味榜第5名 | ZHIY ZHIWEI | 青花椒鱼，鱼搭配爽口配菜 | “ | F | ￥74.628.2折 | ￥91 | 【鱼宴】黑鱼双人… | 惠,ocr/input_videos\上海__正大广场__20260826.mp4
OBS-000240,正大广场,临家闽南宴,临家闽南宴,福建菜,4.8,,7F,rated,True,,rated,parsed,rating_anchor,0.969,0.9968,55,2832,48.286,4.8福建菜198/人 | 7F,临家闽南宴 | 4.8福建菜198/人 | 7F | 点评榜单 | 浦东新区福建菜销量榜第1名 | 常 | 14:00休息 | 海鲜大咖，让你一次过瘾 | 3 | ￥15.9 | 6.4折 | ￥25.1闽南花生汤 | 惠 | ￥979.7折 | 惠 | ￥100100元代金券,ocr/input_videos\上海__正大广场__20260826.mp4
OBS-000241,正大广场,新氧青春诊所,新氧青春诊所,医学美容,4.4,1342,7F,rated,True,,rated,parsed,rating_anchor,0.9816,0.9988,52,2832,48.286,4.4医学美容￥1342/人 | 7F,新氧青春诊所 | 美迪迈黄金微针 | 4.4医学美容￥1342/人 | 7F | 足量足发买1得3 | 升级冷风机版怕疼专用 | 品牌新客核销赠博乐达1次 | 皮肤光滑透亮，医生态度提醒到位 | 力 | 899 | ￥ | ￥199￥399元气超光子Pro全面部|光... | 惠,ocr/input_videos\上海__正大广场__20260826.mp4
OBS-000242,正大广场,小蓝象,小蓝象,儿童服饰,3.7,469,2F,rated,True,,rated,parsed,rating_anchor,0.955,0.9834,58,2844,48.491,3.7儿童服饰￥469/人 | 2F,小蓝象 | 3.7儿童服饰￥469/人 | 2F | 选对睡衣 | 对宝宝睡眠很要！ | 面料吸湿排汗，款式越来越好看 | ≤ | 3,ocr/input_videos\上海__正大广场__20260826.mp4
OBS-000243,正大广场,知魚之味,知鱼之味,酸菜鱼/水煮鱼,4.4,37,B2,rated,True,,rated,parsed,rating_anchor,0.9702,0.9923,56,2844,48.491,⭐🌟⭐⭐ | 4.4 | 酸菜鱼/水煮鱼￥37/人 | B2 | 2,知魚之味 | ⭐🌟⭐⭐ | 4.4 | 酸菜鱼/水煮鱼￥37/人 | B2 | 知魚之味 | 2 | 点评榜单 | 浦东新区酸菜鱼/水煮鱼口味榜第5名 | ZHI Y ZHI WEI | 《 | 青花椒鱼，鱼片搭配爽口配菜 | ￥74.628.2折 | ￥91 | 【鱼宴】黑鱼双 | 惠,ocr/input_videos\上海__正大广场__20260826.mp4
OBS-000244,正大广场,临家闽南宴,临家闽南宴,福建菜,4.8,198,7F,rated,True,,rated,parsed,rating_anchor,0.9719,0.9898,52,2844,48.491,7F | 4.8福建菜￥198/人,临家闽南宴 | 7F | 4.8福建菜￥198/人 | 点评榜单 | 浦东新区福建菜销量榜第1名 | 14:00休息 | 海鲜大咖，让你一次过瘾 | 93 | 惠 | ￥15.9 | 6.4折 | ￥25.1闽南花生汤 | ￥97 | 惠 | 9.7折 | ￥100100元代金券,ocr/input_videos\上海__正大广场__20260826.mp4
OBS-000245,正大广场,新氧青春诊所,新氧青春诊所,医学美容,4.4,1342,7F,rated,True,,rated,parsed,rating_anchor,0.981,0.9957,54,2844,48.491,7F | 🌟🌟🌟🌟 | 医学美容￥1342/人 | 4.4,新氧青春诊所 | 美迪迈黄金微针 | 7F | 🌟🌟🌟🌟 | 医学美容￥1342/人 | 4.4 | 足量足发买1得3 | 升级冷风机版怕疼专用 | 品牌新客核销赠博乐达1次 | 皮肤光滑透亮，医生态度提醒到位 | 899 | ￥ | 惠￥199￥399元气超光Pro全面部|光...,ocr/input_videos\上海__正大广场__20260826.mp4
OBS-000246,正大广场,BLACKROSE黑玫瑰男士专属沙龙,BLACKROSE黑玫瑰男士专属沙龙,美发,4.6,356,2F,rated,True,,rated,parsed,rating_anchor,0.964,0.9837,50,2844,48.491,2F | 4.6美发￥356/人,BLACKROSE黑玫瑰男士专属沙龙 | 2F | 4.6美发￥356/人,ocr/input_videos\上海__正大广场__20260826.mp4
OBS-000247,正大广场,小蓝象,小蓝象,儿童服饰,3.7,469,2F,rated,True,,rated,parsed,rating_anchor,0.9842,0.9949,55,2880,49.105,2F | 3.7儿童服饰￥469/人 | 🌟🌟🌟🌟🌟,小蓝象 | 2F | 3.7儿童服饰￥469/人 | 🌟🌟🌟🌟🌟 | 选对睡衣 | 对宝宝睡眼很重要！ | 面料吸湿排汗，款式越来越好看 | ≤,ocr/input_videos\上海__正大广场__20260826.mp4
OBS-000248,正大广场,知魚之味,知鱼之味,酸菜鱼/水煮鱼,4.4,37,B2,rated,True,,rated,parsed,rating_anchor,0.9693,0.996,56,2880,49.105,⭐🌟🌟⭐ | B2 | 酸菜鱼/水煮鱼￥37/人 | 4.4,知魚之味 | ⭐🌟🌟⭐ | B2 | 酸菜鱼/水煮鱼￥37/人 | 4.4 | 知魚之味 | 点评榜单 | 浦东新区酸菜鱼/水煮鱼口味榜第5名 | ZHIYU ZHI WE! | 青花椒鱼，鱼片搭配爽口配菜 | “ | ￥74.628.2折 | ￥91 | 【鱼宴】黑鱼双人 | 惠,ocr/input_videos\上海__正大广场__20260826.mp4
OBS-000249,正大广场,临家闽南宴,临家闽南宴,福建菜,4.8,198,7F,rated,True,,rated,parsed,rating_anchor,0.9584,0.9954,55,2880,49.105,7F | 🌟4.8福建菜￥198/人,临家闽南宴 | 7F | 🌟4.8福建菜￥198/人 | 点评榜单 | 浦东新区福建菜销量榜第1名 | 14:00休息 | 海鲜大咖，让你一次过足瘾 | 5 | 6.4折 | ￥15.91 | ￥25.1闽南花生汤 | 惠 | ￥979.7折 | ￥100100元代金券 | 惠,ocr/input_videos\上海__正大广场__20260826.mp4
OBS-000250,正大广场,新氧青春诊所,新氧青春诊所,医学美容,4.4,1342,7F,rated,True,,rated,parsed,rating_anchor,0.9844,0.9991,51,2880,49.105,7F | 🌟🌟🌟 | 医学美容￥1342/人 | 4.4 | ★,新氧青春诊所 | 美迪迈黄金微针 | 7F | 🌟🌟🌟 | 医学美容￥1342/人 | 4.4 | ★ | 足量足发买1得3 | 升级冷风机版怕疼专用 | 品牌新客核销赠博乐达1次 | 皮肤光滑透亮，医生态度提醒到位 | S | 899 | ￥ | ￥199￥399元气超光子Pro全面部|光... | 惠,ocr/input_videos\上海__正大广场__20260826.mp4
OBS-000251,正大广场,BLACKROSE黑玫瑰男士专属沙龙,BLACKROSE黑玫瑰男士专属沙龙,美发,4.6,356,2F,rated,True,,rated,parsed,rating_anchor,0.976,0.9915,55,2880,49.105,2F | 🌟🌟🌟🌟🌟 | 4.6美发￥356/人,BLACKROSE黑玫瑰男士专属沙龙 | 2F | 🌟🌟🌟🌟🌟 | 4.6美发￥356/人 | 陆家嘴商圈洗剪吹销量榜第2名 | 装修oldschool，造型师专业,ocr/input_videos\上海__正大广场__20260826.mp4
OBS-000252,正大广场,小蓝象,小蓝象,儿童服饰,3.7,469,2F,rated,True,,rated,parsed,rating_anchor,0.9556,0.9871,58,2928,49.923,2F | ⭐3.7儿童服饰￥469/人,小蓝象 | 2F | ⭐3.7儿童服饰￥469/人 | 选对睡衣 | 对宝宝睡眼很重要！ | 面料吸湿排汗，款式越来越好看 | C | 5,ocr/input_videos\上海__正大广场__20260826.mp4
OBS-000253,正大广场,知魚之味,知鱼之味,酸菜鱼/水煮鱼,4.4,37,B2,rated,True,,rated,parsed,rating_anchor,0.974,0.9979,56,2928,49.923,⭐🌟⭐🌟 | 4.4酸菜鱼/水煮鱼￥37/人 | B2 | ★,知魚之味 | ⭐🌟⭐🌟 | 4.4酸菜鱼/水煮鱼￥37/人 | B2 | ★ | 知魚之味 | 点评榜单 | 浦东新区酸菜鱼/水煮鱼口味榜第5名 | ZHIYU ZHI WEI | 青花椒鱼，鱼片搭配爽口配菜 | ≤ | ￥74.628.2折 | ￥91 | 【鱼宴】黑鱼双人. | 惠,ocr/input_videos\上海__正大广场__20260826.mp4
OBS-000254,正大广场,临家闽南宴,临家闽南宴,福建菜,4.8,198,7F,rated,True,,rated,parsed,rating_anchor,0.9782,0.9973,54,2928,49.923,7F | 4.8福建菜￥198/人,临家闽南宴 | 7F | 4.8福建菜￥198/人 | 点评榜单 | 浦东新区福建菜销量榜第1名 | 赏竞油 | 14:00休息 | 海鲜大咖，让你一次过足瘾 | 55 | 0 | ￥15.9 | 6.4折 | ￥25.4闽南花生汤 | 惠 | ￥979.7折 | 惠 | ￥100100元代金券,ocr/input_videos\上海__正大广场__20260826.mp4
OBS-000255,正大广场,新氧青春诊所,新氧青春诊所,医学美容,4.4,1342,7F,rated,True,,rated,parsed,rating_anchor,0.9875,0.9987,51,2928,49.923,7F | 🌟🌟🌟⭐⭐ | 4.4医学美容￥1342/人,新氧青春诊所 | 美迪迈黄金微针 | 7F | 🌟🌟🌟⭐⭐ | 4.4医学美容￥1342/人 | 足量足发买1得3 | 升级冷风机版怕疼专用 | 小 | 品牌新客核销赠博乐达1次 | 皮肤光滑透亮，医生态度提醒到位 | 899 | ￥ | ￥199￥399元气超光子Pro全面部|光... | 惠,ocr/input_videos\上海__正大广场__20260826.mp4
OBS-000256,正大广场,BLACKROSE黑玫瑰男士专属沙龙,BLACKROSE黑玫瑰男士专属沙龙,美发,4.6,356,2F,rated,True,,rated,parsed,rating_anchor,0.9585,0.9917,50,2928,49.923,2F | 4.6美发￥356/人,BLACKROSE黑玫瑰男士专属沙龙 | 2F | 4.6美发￥356/人 | 陆家嘴商圈洗剪吹销量榜第2名 | 装修oldschool，造型师专业 | C,ocr/input_videos\上海__正大广场__20260826.mp4
OBS-000257,正大广场,知魚之味,知鱼之味,酸菜鱼/水煮鱼,4.4,37,B2,rated,True,,rated,parsed,rating_anchor,0.9645,0.9908,53,2940,50.128,⭐🌟⭐⭐ | 酸菜鱼/水煮鱼￥37/人 | B2 | 4.4,知魚之味 | ⭐🌟⭐⭐ | 酸菜鱼/水煮鱼￥37/人 | B2 | 4.4 | 知魚之味 | 点评榜单 | 浦东新区酸菜鱼/水煮鱼口味榜第5名 | ZHI | 花椒鱼，鱼搭配爽口配菜” | ￥91 | ￥74.628.2折 | 【鱼宴】鱼双. | 惠,ocr/input_videos\上海__正大广场__20260826.mp4
OBS-000258,正大广场,临家闽南宴,临家闽南宴,福建菜,4.8,198,7F,rated,True,,rated,parsed,rating_anchor,0.978,0.9962,54,2940,50.128,7F | 4.8福建菜￥198/人,临家闽南宴 | 7F | 4.8福建菜￥198/人 | 点评榜单 | 浦东新区福建菜销量榜第1名 | 赏竞铺 | 14:00休息 | “海鲜咖，让你次过瘾 | 5 | ￥15.9 | 6.4折 | ￥25.1闽南花生汤 | 惠 | ￥979.7折 | 惠 | ￥100100元代金券,ocr/input_videos\上海__正大广场__20260826.mp4
OBS-000259,正大广场,新氧青春诊所,新氧青春诊所,医学美容,4.4,,7F,rated,True,,rated,parsed,rating_anchor,0.9823,0.9986,52,2940,50.128,4.4医学美容￥1342/ | 7F,新氧青春诊所 | 美迪迈黄金微针 | 4.4医学美容￥1342/ | 7F | 足量足发买1得3 | 升级冷风机版怕疼专用 | 品牌新客核销赠博乐达1次 | 皮肤光滑透亮，医生态度提醒到位 | 899 | ￥ | ￥199￥399元气超光子Pro全面部|光.. | 惠,ocr/input_videos\上海__正大广场__20260826.mp4
OBS-000260,正大广场,BLACKROSE黑玫瑰男士专属沙龙,BLACKROSE黑玫瑰男士专属沙龙,美发,4.6,356,2F,rated,True,,rated,parsed,rating_anchor,0.9509,0.9761,51,2940,50.128,2F | 4.6美发￥356/人,BLACKROSE黑玫瑰男士专属沙龙 | 2F | 4.6美发￥356/人 | 陆家嘴商圈洗剪吹销量榜第2名 | 装修oldschool，造型师专业” | C | ￥1508.5折 | ￥188 | 【席设计】精剪+.. | 惠,ocr/input_videos\上海__正大广场__20260826.mp4
OBS-000261,正大广场,不二君·四川乐山菜,不二君·四川乐山菜,川菜馆,4.4,86,8F,rated,True,,rated,parsed,rating_anchor,0.9171,0.8639,56,2940,50.128,🌟🌟🌟🎉 | 8F | 4.4川菜馆￥86/人 | ★,不二君·四川乐山菜 | 三君 | 🌟🌟🌟🎉 | 8F | 4.4川菜馆￥86/人 | 全城榜首 | ★ | 常年排队 | 点评榜单 | 陆家嘴商圈川菜热门榜第5名,ocr/input_videos\上海__正大广场__20260826.mp4
OBS-000262,正大广场,新氧青春诊所,新氧青春诊所,医学美容,4.4,1342,7F,rated,True,,rated,parsed,rating_anchor,0.9877,0.9981,50,2964,50.537,7F | 🌟🌟🌟🌟 | 医学美容￥1342/人 | 4.4,新氧青春诊所 | 美迪迈黄金微针 | 7F | 🌟🌟🌟🌟 | 医学美容￥1342/人 | 4.4 | 足量足发买1得3 | 升级冷风机版怕疼专用 | 品牌新客核销赠博乐达1次 | 皮肤光滑透亮，医生态度提醒到位 | 899 | ￥ | ￥199￥399元气超光Pro全面部|光... | 惠,ocr/input_videos\上海__正大广场__20260826.mp4
OBS-000263,正大广场,BLACKROSE黑玫瑰男专属沙龙,BLACKROSE黑玫瑰男专属沙龙,美发,4.6,356,2F,rated,True,,rated,parsed,rating_anchor,0.9628,0.9917,55,2964,50.537,4.6美发￥356/人 | 2F,BLACKROSE黑玫瑰男专属沙龙 | 4.6美发￥356/人 | 2F | 陆家嘴商圈洗剪吹销量榜第2名 | 装修oldschool，造型师专业 | ￥188 | 【首席设计】精剪+. | ￥1508.5折 | 惠,ocr/input_videos\上海__正大广场__20260826.mp4
OBS-000264,正大广场,不二君·四川乐山菜,不二君·四川乐山菜,川菜馆,4.4,86,8F,rated,True,,rated,parsed,rating_anchor,0.9535,0.9561,54,2964,50.537,⭐🌟🌟⭐ | 8F | 4.4川菜馆￥86/人 | ★,不二君·四川乐山菜 | 不三君 | ⭐🌟🌟⭐ | 8F | 4.4川菜馆￥86/人 | 全城榜首 | ★ | 常年排队 | 点评榜单 | 陆家嘴商圈川菜热门榜第5名 | 手工现做，口感独特，下次还来 | 1 | ￥1918.5折 | 惠 | ￥226不二招牌·精选双人餐,ocr/input_videos\上海__正大广场__20260826.mp4
OBS-000265,正大广场,湘辣辣鲜炒黄牛肉,湘辣辣鲜炒黄牛肉,湘菜,4.7,82,8F,rated,True,,rated,parsed,rating_anchor,0.9684,0.9705,51,2964,50.537,8F | 🌟🌟🌟🌟🌟 | 4.7湘菜￥82/人,湘辣辣鲜炒黄牛肉 | 8F | 🌟🌟🌟🌟🌟 | 4.7湘菜￥82/人 | 点评榜单 | 陆家嘴商圈湘菜口味榜第1名 | 湘辣辣 | 鲜炒黄牛肉 | 尝过必赞，口感佳性价比高 | 9,ocr/input_videos\上海__正大广场__20260826.mp4
OBS-000266,正大广场,新氧青春诊所,新氧青春诊所,医学美容,4.4,1342,7F,rated,True,,rated,parsed,rating_anchor,0.9842,0.993,48,3012,51.355,⭐🌟🎉 | 7F | 医学美容￥1342/人 | 4.4,新氧青春诊所 | 美迪迈黄金微针 | ⭐🌟🎉 | 7F | 医学美容￥1342/人 | 4.4 | 足量足发买1得3 | 升级冷风机版怕疼专用 | 品牌新客核销赠博乐达1次 | 皮肤光滑透亮，医生态度提醒到位 | S | 899 | ￥ | ￥199￥399元气超光子Pro全面部|光.. | 惠,ocr/input_videos\上海__正大广场__20260826.mp4
OBS-000267,正大广场,BLACKROSE黑玫瑰男士专属沙龙,BLACKROSE黑玫瑰男士专属沙龙,美发,4.6,356,2F,rated,True,,rated,parsed,rating_anchor,0.9762,0.9949,53,3012,51.355,2F | 🌟🌟🌟🌟🌟 | 美发￥356/人 | 4.6,"BLACKROSE黑玫瑰男士专属沙龙 | 2F | 🌟🌟🌟🌟🌟 | 美发￥356/人 | 4.6 | 陆家嘴商圈洗剪吹销量榜第2名 | 装修oldschool，造型师专业"" | 【首席设计】精剪+. | ￥188 | ￥1508.5折 | 惠",ocr/input_videos\上海__正大广场__20260826.mp4
OBS-000268,正大广场,不二君・四川乐山菜,不二君·四川乐山菜,川菜馆,4.4,86,8F,rated,True,,rated,parsed,rating_anchor,0.9427,0.9314,51,3012,51.355,🌟🌟🌟🌟 | 8F | 4.4川菜馆￥86/人,不二君・四川乐山菜 | 🌟🌟🌟🌟 | 8F | 4.4川菜馆￥86/人 | 全城榜首 | 常年排队 | 点评榜单 | 陆家嘴商圈川菜热门榜第5名 | 手工现做，口感独特，下次还来 | ￥191 | 8.5折 | 惠 | ￥226不二招牌·精选双人餐,ocr/input_videos\上海__正大广场__20260826.mp4
OBS-000269,正大广场,湘辣辣鲜炒黄牛肉,湘辣辣鲜炒黄牛肉,湘菜,4.7,82,8F,rated,True,,rated,parsed,rating_anchor,0.9431,0.909,51,3012,51.355,⭐🌟⭐⭐🌟 | 8F | 4.7湘菜￥82/人,湘辣辣鲜炒黄牛肉 | ⭐🌟⭐⭐🌟 | 8F | 4.7湘菜￥82/人 | 点评榜单 | 陆家嘴商圈湘菜口味榜第1名 | 湘辣辣 | 鲜炒黄牛肉 | 尝过必赞，口感佳性价比高 | 2 | ￥19.9 | 【暑期爆品】牛肉C... | 6.7折 | ￥30 | 惠,ocr/input_videos\上海__正大广场__20260826.mp4
OBS-000270,正大广场,紫颖·专业美胸·连锁养护中心,紫颖·专业美胸·连锁养护中心,SPA美体,4.7,415,7F,rated,True,,rated,parsed,rating_anchor,0.9706,0.9905,47,3012,51.355,7F | 4.7SPA美体￥415/人,紫颖·专业美胸·连锁养护中心 | Eco Zephie | 7F | 24周年 | 4.7SPA美体￥415/人 | th | 陆家嘴商圈美容美体回头客榜第9名 | 专注女性美胸养护,ocr/input_videos\上海__正大广场__20260826.mp4
OBS-000271,正大广场,不二君・四川乐山菜,不二君·四川乐山菜,川菜馆,4.4,86,8F,rated,True,,rated,parsed,rating_anchor,0.9507,0.9342,55,3096,52.788,🌟🌟🌟🌟 | 8F | 4.4川菜馆￥86/人 | ★,不二君・四川乐山菜 | 🌟🌟🌟🌟 | 8F | 4.4川菜馆￥86/人 | 全城榜首 | ★ | 常年排队 | 点评榜单 | 陆家嘴商圈川菜热门榜第5名 | 手工现做，口感独特，下次还来 | “ | 5 | ￥1918.5折 | ￥226不二招牌·精选双人餐 | 惠,ocr/input_videos\上海__正大广场__20260826.mp4
OBS-000272,正大广场,湘辣辣鲜炒黄牛肉,湘辣辣鲜炒黄牛肉,湘菜,4.7,82,8F,rated,True,,rated,parsed,rating_anchor,0.9302,0.9129,56,3096,52.788,8F | 4.7湘菜￥82/人,湘辣辣鲜炒黄牛肉 | 8F | 4.7湘菜￥82/人 | 点评榜单 | 陆家嘴商圈湘菜口味榜第1名 | 湘辣辣 | 鲜炒黄牛肉 | 尝过必赞，口感佳性价比高 | “ | ￥19.9 | 6.7折 | ￥30 | 【暑期爆品】牛肉C. | 惠,ocr/input_videos\上海__正大广场__20260826.mp4
OBS-000273,正大广场,紫颖·专业美胸·连锁养护中心,紫颖·专业美胸·连锁养护中心,SPA美体,4.7,415,7F,rated,True,,rated,parsed,rating_anchor,0.979,0.9909,57,3096,52.788,7F | 4.7SPA美体￥415/人,紫颖·专业美胸·连锁养护中心 | ZLo Zephire n | 24周年 | 7F | 4.7SPA美体￥415/人 | 陆家嘴商圈美容美体回头客榜第9名 | 专注女性美胸养护 | 环境安静无推销，享受过程 | 53 | ￥1936.8折 | ￥398美胸|65分钟匠心... | 惠,ocr/input_videos\上海__正大广场__20260826.mp4
OBS-000274,正大广场,CHaKO LAB,CHaKOLAB,杂货礼品,4.6,597,3F,rated,True,,rated,parsed,rating_anchor,0.955,0.9817,49,3096,52.788,3F | ⭐4.6杂货礼品￥597/人,CHaKO LAB | CHONO UAD | 3F | ⭐4.6杂货礼品￥597/人,ocr/input_videos\上海__正大广场__20260826.mp4
OBS-000275,正大广场,不二君・四川乐山菜,不二君·四川乐山菜,川菜馆,4.4,86,8F,rated,True,,rated,parsed,rating_anchor,0.9541,0.9414,57,3132,53.401,8F | 🌟🌟🎉🎉 | 4.4川菜馆￥86/人 | ★,不二君・四川乐山菜 | 8F | 🌟🌟🎉🎉 | 4.4川菜馆￥86/人 | 全城榜首 | ★ | 常年排队 | 点评榜单 | 陆家嘴商圈川菜热门榜第5名 | 手工现做，口感独特，下次还来 | “ | 5 | ￥1918.5折 | 惠 | ￥226不二招牌·精选双人餐,ocr/input_videos\上海__正大广场__20260826.mp4
OBS-000276,正大广场,湘辣辣鮮炒黃牛肉,湘辣辣鲜炒黄牛肉,湘菜,4.7,82,8F,rated,True,,rated,parsed,rating_anchor,0.9414,0.9263,54,3132,53.401,8F | 4.7湘菜￥82/人,湘辣辣鮮炒黃牛肉 | 8F | 4.7湘菜￥82/人 | 点评榜单 | 陆家嘴商圈湘菜口味榜第1名 | 湘辣辣 | 鲜炒黄牛肉 | 尝过必赞，口感佳性价比高 | “ | ￥30 | ￥19.9 | 6.7折 | 【暑期爆品】牛肉C.. | 惠,ocr/input_videos\上海__正大广场__20260826.mp4
OBS-000277,正大广场,紫颖·专业美胸·连锁养护中心,紫颖·专业美胸·连锁养护中心,SPA美体,4.7,415,7F,rated,True,,rated,parsed,rating_anchor,0.9568,0.9929,54,3132,53.401,7F | 🌈4.7SPA美体￥415/人,紫颖·专业美胸·连锁养护中心 | ZLo Zephire n | 24周年 | 7F | 🌈4.7SPA美体￥415/人 | 陆家嘴商圈美容美体回头客榜第9名 | 专注女性美胸养护 | 环境安静无推销，享受过程 | 9 | “ | ￥1936.8折 | ￥398美胸|65分钟匠心.. | 惠,ocr/input_videos\上海__正大广场__20260826.mp4
OBS-000278,正大广场,CHaKO LAB,CHaKOLAB,杂货礼品,4.6,597,3F,rated,True,,rated,parsed,rating_anchor,0.9545,0.985,49,3132,53.401,3F | ⭐4.6杂货礼品￥597/人,CHaKO LAB | CHOKO LAD | 3F | ⭐4.6杂货礼品￥597/人 | 小菜园新徽菜,ocr/input_videos\上海__正大广场__20260826.mp4
OBS-000279,正大广场,不二君・四川乐山菜,不二君·四川乐山菜,川菜馆,4.4,86,8F,rated,True,,rated,parsed,rating_anchor,0.9582,0.9559,56,3156,53.811,8F | 🌟🌟🌟⭐ | 4.4川菜馆￥86/人 | ★,不二君・四川乐山菜 | 8F | 🌟🌟🌟⭐ | 4.4川菜馆￥86/人 | 全城榜首 | ★ | 常年排队 | 点评榜单 | 陆家嘴商圈川菜热门榜第5名 | 手工现做，口感独特，下次还来 | “ | ￥191 | ￥226不二招牌·精选双人餐 | 8.5折 | 惠,ocr/input_videos\上海__正大广场__20260826.mp4
OBS-000280,正大广场,湘辣辣鲜炒黄牛肉,湘辣辣鲜炒黄牛肉,湘菜,4.7,82,8F,rated,True,,rated,parsed,rating_anchor,0.9392,0.9541,51,3156,53.811,4.7湘菜￥82/人 | 8F,湘辣辣鲜炒黄牛肉 | 4.7湘菜￥82/人 | 8F | 点评榜单 | 陆家嘴商圈湘菜口味榜第1名 | 湘辣辣 | 鲜炒黄牛肉 | 尝过必赞，口感佳性价比高 | “ | 5 | 6.7折 | ￥30 | 【暑期爆品】牛肉C.. | ￥19.9 | 惠,ocr/input_videos\上海__正大广场__20260826.mp4
OBS-000281,正大广场,紫颖·专业美胸·连锁养护中心,紫颖·专业美胸·连锁养护中心,SPA美体,4.7,415,7F,rated,True,,rated,parsed,rating_anchor,0.9802,0.9927,54,3156,53.811,7F | 4.7SPA美体￥415/人,紫颖·专业美胸·连锁养护中心 | Zlo Zephive 8n | 24周年 | 7F | 4.7SPA美体￥415/人 | 陆家嘴商圈美容美体回头客榜第9名 | 专注女性美胸养护 | 环境安静无推销，享受过程 | 《 | 5 | ￥398美胸165分钟匠心.. | 惠 | ￥193 | 6.8折,ocr/input_videos\上海__正大广场__20260826.mp4
OBS-000282,正大广场,CHaKO LAB,CHaKOLAB,杂货礼品,4.6,597,3F,rated,True,,rated,parsed,rating_anchor,0.9698,0.9758,54,3156,53.811,3F | 4.6杂货礼品￥597/人,CHaKO LAB | CHONO UBA | 3F | 4.6杂货礼品￥597/人,ocr/input_videos\上海__正大广场__20260826.mp4
OBS-000283,正大广场,小菜园新徽菜,小菜园新徽菜,徽菜,4.1,68,8F,rated,True,,rated,parsed,rating_anchor,0.9727,0.9988,51,3156,53.811,8F | 🌟🌟🌟🌟 | 徽菜￥68/人 | 4.1,小菜园新徽菜 | 8F | 🌟🌟🌟🌟 | 徽菜￥68/人 | 4.1 | 点评榜单 | 浦东新区徽菜打卡人气榜第4名,ocr/input_videos\上海__正大广场__20260826.mp4
OBS-000284,正大广场,紫颖·专业美胸·连锁养护中心,紫颖·专业美胸·连锁养护中心,SPA美体,4.7,415,7F,rated,True,,rated,parsed,rating_anchor,0.9711,0.9845,47,3180,54.22,7F | 4.7SPA美体￥415/人,紫颖·专业美胸·连锁养护中心 | ZEo Zephire | 24周年 | 7F | 4.7SPA美体￥415/人 | 陆家嘴商圈美容美体回头客榜第9名 | 专注女性美胸养护 | 环境安静无推销，享受过程 | ￥193 | ￥398 | 6.8折 | 惠 | 美胸|65分钟匠心...,ocr/input_videos\上海__正大广场__20260826.mp4
OBS-000285,正大广场,CHaKO LAB,CHaKOLAB,杂货礼品,4.6,597,3F,rated,True,,rated,parsed,rating_anchor,0.9557,0.9625,45,3180,54.22,🌟🌟🎉⭐🌟 | 3F | 杂货礼品￥597/人 | 4.6,CHaKO LAB | 🌟🌟🎉⭐🌟 | 3F | 杂货礼品￥597/人 | 4.6,ocr/input_videos\上海__正大广场__20260826.mp4
OBS-000286,正大广场,小菜园新徽菜,小菜园新徽菜,徽菜,4.1,68,8F,rated,True,,rated,parsed,rating_anchor,0.9658,0.9983,52,3180,54.22,🌟🌟🌟⭐ | 徽菜￥68/人 | 8F | 4.1,小菜园新徽菜 | 🌟🌟🌟⭐ | 徽菜￥68/人 | 8F | 4.1 | 点评榜单 | 浦东新区徽菜打卡人气榜第4名 | 小莱园 | 3 | 安徽菜的巅峰之作，服务态度赞 | “ | J | ￥39￥39招牌农家红烧肉（须叠加套餐. | 惠 | 9.7折 | ￥97 | ￥100100元代金券 | 惠,ocr/input_videos\上海__正大广场__20260826.mp4
OBS-000287,正大广场,璞徽·徽商家宴,璞徽·徽商家宴,徽菜,4.9,228,5F,rated,True,,rated,parsed,rating_anchor,0.9603,0.9707,51,3180,54.22,5F | ⭐⭐4.9 | 徽菜￥228/人,璞徽·徽商家宴 | 璞 | 5F | ⭐⭐4.9 | 徽菜￥228/人 | 点评榜单 | 上海徽菜口味榜第1名 | 14:00休息 | 面条鲜美，家人聚餐好去处” | “ | 惠 | ￥48 | 1.9折 | ￥8.8 | 【网友推荐】祁红茶冻 | ￥959.5折 | 惠 | ￥100100元代金券,ocr/input_videos\上海__正大广场__20260826.mp4
OBS-000288,正大广场,牛一番·日式和牛烧肉,牛一番·日式和牛烧肉,式烧烤/烤肉,,,6F,new_store,False,new_store,ocr_missing,parsed,metadata_anchor,0.9752,0.982,48,3180,54.22,6F | 新店 | 式烧烤/烤肉￥235/,牛一番·日式和牛烧肉 | 6F | 新店 | 式烧烤/烤肉￥235/,ocr/input_videos\上海__正大广场__20260826.mp4
OBS-000289,正大广场,紫颖·专业美胸·连锁养护中心,紫颖·专业美胸·连锁养护中心,SPA美体,4.7,415,7F,rated,True,,rated,parsed,rating_anchor,0.9678,0.9902,48,3216,54.834,4.7SPA美体￥415/人 | 7F,紫颖·专业美胸·连锁养护中心 | ZLoZephive n | 24周年 | 4.7SPA美体￥415/人 | 7F | 陆家嘴商圈美容美体回头客榜第9名 | 专注女性美购养护 | 环境安静无推销，享受过程 | ￥398美胸|65分钟匠心.. | ￥193 | 6.8折 | 惠,ocr/input_videos\上海__正大广场__20260826.mp4
OBS-000290,正大广场,CHaKO LAB,CHaKOLAB,杂货礼品,4.6,597,3F,rated,True,,rated,parsed,rating_anchor,0.9508,0.9569,44,3216,54.834,3F | 🌟🌟⭐🌟🌟 | 杂货礼品￥597/人 | 4.6,CHaKO LAB | CHOKOLAR | 3F | 🌟🌟⭐🌟🌟 | 杂货礼品￥597/人 | 4.6,ocr/input_videos\上海__正大广场__20260826.mp4
OBS-000291,正大广场,小菜园新徽菜,小菜园新徽菜,徽菜,4.1,68,8F,rated,True,,rated,parsed,rating_anchor,0.9625,0.9988,51,3216,54.834,8F | 🌟🌟🌟⭐ | 徽菜￥68/人 | 4.1 | ★,小菜园新徽菜 | 8F | 🌟🌟🌟⭐ | 徽菜￥68/人 | 4.1 | ★ | 点评榜单 | 浦东新区徽菜打卡人气榜第4名 | 小莱园 | 安徽菜的巅峰之作，服务态度赞 | “ | 55 | ￥39￥39招牌农家红烧肉(须叠加套餐... | 惠 | 9.7折 | ￥97 | 惠 | ￥100100元代金券,ocr/input_videos\上海__正大广场__20260826.mp4
OBS-000292,正大广场,璞徽·徽商家宴,璞徽·徽商家宴,徽菜,,228,5F,unknown,True,,ocr_missing,parsed,metadata_anchor,0.9644,0.9799,51,3216,54.834,5F | 徽菜￥228/人 | 🌟🌟🌟⭐🌟 | 14.9,璞徽·徽商家宴 | 璞 | 5F | 徽菜￥228/人 | 🌟🌟🌟⭐🌟 | 14.9 | THUI PUHU | 点评榜单 | 上海徽菜口味榜第1名 | 14:00休息 | 面条鲜美，家人聚餐好去处” | “ | 1.9折 | ￥8.8 | ￥48 | 惠 | 【网友推荐】祁红茶冻 | ￥959.5折 | 惠 | ￥100100元代金券,ocr/input_videos\上海__正大广场__20260826.mp4
OBS-000293,正大广场,牛一番·日式和牛烧肉,牛一番·日式和牛烧肉,日式烧烤/烤肉,,235,6F,new_store,False,new_store,ocr_missing,parsed,metadata_anchor,0.9745,0.9808,51,3216,54.834,新店 | 6F | 日式烧烤/烤肉￥235/人,牛一番·日式和牛烧肉 | 日 | 新店 | 6F | 日式烧烤/烤肉￥235/人 | 统 | 点评榜单 | 肉 | 浦东新区烤肉好评榜第1名,ocr/input_videos\上海__正大广场__20260826.mp4
OBS-000294,正大广场,小菜园新徽菜,小菜园新徽菜,徽菜,4.1,68,8F,rated,True,,rated,parsed,rating_anchor,0.9682,0.9963,52,3324,56.675,8F | 🌟🌟🌟🌟 | 徽菜￥68/人 | 4.1,小菜园新徽菜 | 8F | 🌟🌟🌟🌟 | 徽菜￥68/人 | 4.1 | 点评榜单 | 浦东新区徽菜打卡人气榜第4名 | 小莱园 | 安徽菜的巅峰之作，服务态度赞 | 心 | 55 | ￥39￥39招牌农家红烧肉 | 惠 | （须叠加套餐... | ￥979.7折 | 惠 | ￥100100元代金券,ocr/input_videos\上海__正大广场__20260826.mp4
OBS-000295,正大广场,璞徽·徽商家宴,璞徽·徽商家宴,徽菜,4.9,228,5F,rated,True,,rated,parsed,rating_anchor,0.9625,0.9715,52,3324,56.675,5F | ★★★★★ | 徽菜￥228/人 | 4.9,璞徽·徽商家宴 | 璞 | 5F | ★★★★★ | 徽菜￥228/人 | 4.9 | 点评榜单 | 上海徽菜口味榜第1名 | 14:00休息 | 面条鲜美，家人聚餐好去处” | ≤ | ￥8.81.9折 | ￥48 | 惠 | 【网友推荐】祁红茶冻 | ￥959.5折 | ￥100100元代金券 | 惠,ocr/input_videos\上海__正大广场__20260826.mp4
OBS-000296,正大广场,牛一番·日式和牛烧肉,牛一番·日式和牛烧肉,式烧烤/烤235/,,,6F,new_store,False,new_store,ocr_missing,parsed,metadata_anchor,0.991,0.9877,54,3324,56.675,6F | 新店 | 式烧烤/烤235/,牛一番·日式和牛烧肉 | 日 | 6F | 新店 | 式烧烤/烤235/ | 肉 | 点评榜单 | 浦东新区烤肉好评榜第1名 | 14:30休息 | ￥4688.2折 | ￥571.6 | 【外滩江景】甄选... | 惠,ocr/input_videos\上海__正大广场__20260826.mp4
OBS-000297,正大广场,正大广场·停车库,正大广场·停车库,停车场,3.4,22,B2,rated,True,,rated,parsed,rating_anchor,0.9805,0.992,52,3324,56.675,★★★ | 3.4停车场￥22/人 | B2 | ★★,正大广场·停车库 | ★★★ | 3.4停车场￥22/人 | B2 | ★★ | 停车方便，洗车服务贴心 | 新源转与理,ocr/input_videos\上海__正大广场__20260826.mp4
OBS-000298,正大广场,小菜园新徽菜,小菜园新徽菜,徽菜,4.1,68,8F,rated,True,,rated,parsed,rating_anchor,0.9716,0.9988,51,3360,57.289,8F | 🌟🌟🌟🌟 | 徽菜￥68/人 | 4.1,小菜园新徽菜 | 8F | 🌟🌟🌟🌟 | 徽菜￥68/人 | 4.1 | 点评镑单 | 浦东新区徽菜打卡人气榜第4名 | 小菜园 | 安徽菜的巅峰之作，服务态度赞 | 正 | ￥39￥39招牌农家红烧肉（须叠加套餐.. | 惠 | 9.7折 | ￥97 | 惠 | ￥100100元代金券,ocr/input_videos\上海__正大广场__20260826.mp4
OBS-000299,正大广场,璞徽·徽商家宴,璞徽·徽商家宴,徽菜,4.9,228,5F,rated,True,,rated,parsed,rating_anchor,0.9703,0.9851,51,3360,57.289,5F | 🌟🌟⭐⭐🌟 | 徽菜￥228/人 | 4.9,璞徽·徽商家宴 | 接 | 5F | 🌟🌟⭐⭐🌟 | 徽菜￥228/人 | 4.9 | 点评榜单 | 上海徽菜口味榜第1名 | 14:00休息 | 面条鲜美，家人聚餐好去处” | 1.9折 | ￥8.8 | ￥48 | 惠 | 【网友推荐】祁红茶冻 | ￥959.5折 | 惠 | ￥100100元代金券,ocr/input_videos\上海__正大广场__20260826.mp4
OBS-000300,正大广场,牛一番·日式和牛烧肉,牛一番·日式和牛烧肉,日式烧烤/烤肉,,235,6F,new_store,False,new_store,ocr_missing,parsed,metadata_anchor,0.9634,0.9789,48,3360,57.289,新店 | 6F | 日式烧烤/烤肉￥235/人,牛一番·日式和牛烧肉 | 新店 | 6F | 日式烧烤/烤肉￥235/人 | 交 | 肉 | 点评榜单 | 浦东新区烤肉好评榜第1名 | 14:30休息 | ￥4688.2折 | 【外滩江景】甄选.. | ￥571.6 | 惠,ocr/input_videos\上海__正大广场__20260826.mp4
OBS-000301,正大广场,正大广场·停车库,正大广场·停车库,停车场,3.4,22,B2,rated,True,,rated,parsed,rating_anchor,0.9635,0.9908,51,3360,57.289,★3.4停车场￥22/人 | B2,正大广场·停车库 | ★3.4停车场￥22/人 | B2 | A57 | “停车方便，洗车服务贴心”,ocr/input_videos\上海__正大广场__20260826.mp4
OBS-000302,正大广场,韩吞·新派韩国料理,韩吞·新派韩国料理,韩式料理,,92,7F,new_store,False,new_store,ocr_missing,parsed,metadata_anchor,0.9344,0.9113,47,3360,57.289,7F | 新店 | 韩式料理￥92/人,韩吞·新派韩国料理 | 7F | 新店 | 韩式料理￥92/人 | HaNaDul | 韩吞·新派韩国家 | 点评榜单 | 浦东新区韩式料理打卡人气榜第1名,ocr/input_videos\上海__正大广场__20260826.mp4
OBS-000303,正大广场,牛一番·日式和牛烧肉,牛一番·日式和牛烧肉,式烧烤/烤肉,,,6F,new_store,False,new_store,ocr_missing,parsed,metadata_anchor,0.9626,0.9822,53,3444,58.721,新店 | 6F | 式烧烤/烤肉￥235/,牛一番·日式和牛烧肉 | 新店 | 6F | 式烧烤/烤肉￥235/ | 点评榜单 | 肉 | 浦东新区烤肉好评榜第1名 | 14:30休息 | ￥4688.2折 | ￥571.6 | 惠 | 【外滩江景】甄选...,ocr/input_videos\上海__正大广场__20260826.mp4
OBS-000304,正大广场,正大广场·停车库,正大广场·停车库,停车场,3.4,22,B2,rated,True,,rated,parsed,rating_anchor,0.9558,0.9754,51,3444,58.721,★3.4停车场￥22/人 | B2,正大广场·停车库 | ★3.4停车场￥22/人 | B2 | 停车方便，洗车服务贴心,ocr/input_videos\上海__正大广场__20260826.mp4
OBS-000305,正大广场,韩吞·新派韩国料理,韩吞·新派韩国料理,韩式料理,,,7F,new_store,False,new_store,ocr_missing,parsed,metadata_anchor,0.9581,0.9697,50,3444,58.721,新店 | 7F | 韩式料理￥92/,韩吞·新派韩国料理 | 新店 | 7F | 韩式料理￥92/ | HaNaDul | 韩吞·新派韩国 | 点评榜单 | 家 | 浦东新区韩式料理打卡人气榜第1名 | 14:30休息 | ￥11.24折 | ￥28 | 【清爽一夏】羽衣甘. | 惠 | ￥499.8折 | 惠 | ￥5050元代金券,ocr/input_videos\上海__正大广场__20260826.mp4
OBS-000306,正大广场,麻六记·国潮川菜排队王,麻六记·国潮川菜排队王,川菜,4.1,,6F,rated,True,,rated,parsed,rating_anchor,0.9814,0.9934,51,3444,58.721,6F | 4.1川菜65/人,麻六记·国潮川菜排队王 | 6F | 4.1川菜65/人 | 点评榜单 | 陆家嘴商圈川菜好评榜第2名 | 味道正宗，环境优雅，服务态度好” | 川菜头牌 | G | ￥0.10.1折 | 【收|藏+打卡+点推.. | ￥12 | 惠,ocr/input_videos\上海__正大广场__20260826.mp4
OBS-000307,正大广场,牛一番·日式和牛烧肉,牛一番·日式和牛烧肉,日式烧烤/烤肉,,235,6F,new_store,False,new_store,ocr_missing,parsed,metadata_anchor,0.9903,0.9842,51,3480,59.335,新店 | 6F | 日式烧烤/烤肉 | ￥235/人,牛一番·日式和牛烧肉 | 新店 | 6F | 日式烧烤/烤肉 | ￥235/人 | 点评榜单 | 肉 | 浦东新区烤肉好评榜第1名 | 14:30休息 | 【外滩江景】甄选... | ￥468 | 8.2折 | 惠 | ￥571.6,ocr/input_videos\上海__正大广场__20260826.mp4
OBS-000308,正大广场,正大广场·停车库,正大广场·停车库,停车场,3.4,22,B2,rated,True,,rated,parsed,rating_anchor,0.977,0.9898,51,3480,59.335,3.4停车场￥22/人 | B2,正大广场·停车库 | 3.4停车场￥22/人 | B2 | 停车方便，洗车服务贴心,ocr/input_videos\上海__正大广场__20260826.mp4
OBS-000309,正大广场,韩吞·新派韩国料理,韩吞·新派韩国料理,韩式料理,,92,7F,new_store,False,new_store,ocr_missing,parsed,metadata_anchor,0.9282,0.8909,54,3480,59.335,新店 | 7F | 韩式料理￥92/人,韩吞·新派韩国料理 | 新店 | 7F | 韩式料理￥92/人 | HaNaDul | 韩吞·新派韩国 | 点评榜单 | 浦东新区韩式料理打卡人气榜第1名 | 14:30休息 | ￥11.2| | ￥28 | 4折 | 【清爽一夏】羽衣甘 | 惠 | ￥49 | 惠 | 9.8折 | ￥5050元代金券,ocr/input_videos\上海__正大广场__20260826.mp4
OBS-000310,正大广场,麻六记·国潮川菜排队王,麻六记·国潮川菜排队王,川菜,4.1,65,6F,rated,True,,rated,parsed,rating_anchor,0.9728,0.9877,50,3480,59.335,6F | 🌟🌟🌟🌟 | 4.1川菜￥65/人 | ★,麻六记·国潮川菜排队王 | 6F | 🌟🌟🌟🌟 | 4.1川菜￥65/人 | ★ | 点评榜单 | 陆家嘴商圈川菜好评榜第2名 | 味道正宗，环境优雅，服务态度好” | 川菜头牌 | “ | ￥12 | ￥0.1 | 0.1折 | 惠 | 【收|藏+打卡+点推... | 7.3折 | 惠 | ￥14.5 | ￥2020元代金券,ocr/input_videos\上海__正大广场__20260826.mp4
OBS-000311,正大广场,VASO意大利市集餐厅·拿坡里披萨,VASO意大利市集餐厅·拿坡里披萨,意大利菜,,152,6F,new_store,False,new_store,ocr_missing,parsed,metadata_anchor,0.9775,0.9897,50,3480,59.335,6F | 新店 | 意大利菜￥152/人,VASO意大利市集餐厅·拿坡里披萨 | 6F | 新店 | 意大利菜￥152/人,ocr/input_videos\上海__正大广场__20260826.mp4
OBS-000312,正大广场,韩吞·新派韩国料理,韩吞·新派韩国料理,韩式料理,,92,7F,new_store,False,new_store,ocr_missing,parsed,metadata_anchor,0.9394,0.9356,51,3588,61.176,新店 | 7F | 韩式料理￥92/人,韩吞·新派韩国料理 | 新店 | 7F | 韩式料理￥92/人 | HaNaDul | 韩吞·新派韩国 | 点评榜单 | 浦东新区韩式料理打卡人气榜第1名 | 14:30休息 | ￥11.24折 | ￥28 | 【清爽一夏】羽衣甘… | 惠 | ￥499.8折 | 惠 | ￥5050元代金券,ocr/input_videos\上海__正大广场__20260826.mp4
OBS-000313,正大广场,麻六记·国潮川菜排队王,麻六记·国潮川菜排队王,川菜,4.1,65,6F,rated,True,,rated,parsed,rating_anchor,0.9616,0.9671,47,3588,61.176,6F | 🌟🌟🌟⭐ | 4.1川菜￥65/人,麻六记·国潮川菜排队王 | 6F | 🌟🌟🌟⭐ | 4.1川菜￥65/人 | 点评榜单 | 陆家嘴商圈川菜好评榜第2名 | 味道正宗，环境优雅，服务态度好” | 川菜头牌 | ￥0.10.1折 | ￥12 | 惠 | 【收|藏+打卡+点推.. | ￥14.57.3折 | 惠 | ￥2020元代金券,ocr/input_videos\上海__正大广场__20260826.mp4
OBS-000314,正大广场,VASO意大利市集餐厅·拿坡里披萨,VASO意大利市集餐厅·拿坡里披萨,意利菜,,152,6F,new_store,False,new_store,ocr_missing,parsed,metadata_anchor,0.9544,0.9866,47,3588,61.176,6F | 新店 | 意利菜￥152/人,VASO意大利市集餐厅·拿坡里披萨 | 6F | 新店 | 意利菜￥152/人 | 点评镑单 | 上海西餐好评榜第1名 | 无敌江景！ | 意大利市集餐厅,ocr/input_videos\上海__正大广场__20260826.mp4
OBS-000315,正大广场,BeLLE 百丽,BeLLE百丽,鞋靴,4.1,707,1F,rated,True,,rated,parsed,rating_anchor,0.9462,0.9843,49,3588,61.176,⭐🌟🌟🎉 | 1F | 4.1 | 鞋靴￥707/人 | ★,BeLLE 百丽 | 00-P8 | BELLE | ⭐🌟🌟🎉 | 1F | 4.1 | 鞋靴￥707/人 | ★ | 点评榜单 | 浦东新区鞋靴热门榜第10名,ocr/input_videos\上海__正大广场__20260826.mp4
OBS-000316,正大广场,巡湘记·乡野湖南菜,巡湘记·乡野湖南菜,湘菜,4.2,70,6F,rated,True,,rated,parsed,rating_anchor,0.9766,0.9889,51,3588,61.176,6F | 🌟🌟🌟⭐ | 4.2湘菜￥70/人 | ★,巡湘记·乡野湖南菜 | 上海湘菜 | 6F | 🌟🌟🌟⭐ | 4.2湘菜￥70/人 | 人气王 | ★ | 点评榜单 | 陆家嘴商圈湘菜销量榜第3名 | 巡湘记 | 藕片脆口，服务上菜都赞 | “ | 11 | 全国直营门店超70家,ocr/input_videos\上海__正大广场__20260826.mp4
OBS-000317,正大广场,麻六记·国潮川菜排队王,麻六记·国潮川菜排队王,川菜,4.1,65,6F,rated,True,,rated,parsed,rating_anchor,0.9673,0.9828,47,3600,61.381,🌟🌟🌟🎉 | 4.1川菜￥65/人 | 6F,麻六记·国潮川菜排队王 | 🌟🌟🌟🎉 | 4.1川菜￥65/人 | 6F | 点评榜单 | 陆家嘴商圈川菜好评榜第2名 | 味道正宗，环境优雅，服务态度好” | 川菜头牌 | “ | ￥0.10.1折 | 惠 | ￥12 | 【收|藏+打卡+点推.. | 7.3折 | ￥14.5 | ￥20 | 惠 | 20元代金券,ocr/input_videos\上海__正大广场__20260826.mp4
OBS-000318,正大广场,VASO意大利市集餐厅·拿坡里披萨,VASO意大利市集餐厅·拿坡里披萨,意利菜,,152,6F,new_store,False,new_store,ocr_missing,parsed,metadata_anchor,0.9472,0.9731,50,3600,61.381,新店 | 6F | 意利菜￥152/人,VASO意大利市集餐厅·拿坡里披萨 | 新店 | 6F | 意利菜￥152/人 | 点评榜单 | 上海西餐好评榜第1名 | 无敌江景！ | 意大利市集餐厅 | 广告,ocr/input_videos\上海__正大广场__20260826.mp4
OBS-000319,正大广场,BeLLE 百丽,BeLLE百丽,鞋靴,4.1,707,1F,rated,True,,rated,parsed,rating_anchor,0.9478,0.9817,48,3600,61.381,1F | 🌟🌟🌟 | 鞋靴￥707/人 | 4.1,BeLLE 百丽 | AN-PA | BELLE | 1F | 🌟🌟🌟 | 鞋靴￥707/人 | 4.1 | 点评榜单 | 浦东新区鞋靴热门榜第10名,ocr/input_videos\上海__正大广场__20260826.mp4
OBS-000320,正大广场,巡湘记·乡野湖南菜,巡湘记·乡野湖南菜,湘菜,4.2,70,6F,rated,True,,rated,parsed,rating_anchor,0.9768,0.9821,48,3600,61.381,6F | 4.2湘菜￥70/人 | ★★★★ | ★,巡湘记·乡野湖南菜 | 上海湘菜 | 6F | 4.2湘菜￥70/人 | ★★★★ | 人气王 | ★ | 点评榜单 | 陆家嘴商圈湘菜销量榜第3名 | 巡湘记 | 藕片脆口，服务上菜都赞 | 《 | 2 | 全国直营门店超70家 | ￥105.3折 | ￥19 | 宝宝餐 | 惠 | ￥89 | 惠 | 8.9折 | ￥100100元代金券,ocr/input_videos\上海__正大广场__20260826.mp4
OBS-000321,正大广场,麻六记·国潮川菜排队王,麻六记·国潮川菜排队王,川菜,4.1,65,6F,rated,True,,rated,parsed,rating_anchor,0.9683,0.9956,51,3636,61.995,6F | 🌟🌟🌟🌟 | 4.1川菜￥65/人 | ★,麻六记·国潮川菜排队王 | Cram | 6F | 🌟🌟🌟🌟 | 4.1川菜￥65/人 | ★ | 点评榜单 | 陆家嘴商圈川菜好评榜第2名 | 味道正宗，环境优雅，服务态度好” | 川菜头牌 | ￥12 | ￥0.1 | 0.1折 | 惠 | 【收|藏+打卡+点推.. | ￥2020元代金券 | 7.3折 | 惠 | ￥14.5,ocr/input_videos\上海__正大广场__20260826.mp4
OBS-000322,正大广场,VASO意大利市集餐厅·拿坡里披萨,VASO意大利市集餐厅·拿坡里披萨,意大利菜,,152,6F,new_store,False,new_store,ocr_missing,parsed,metadata_anchor,0.9542,0.9889,51,3636,61.995,6F | 新店 | 意大利菜￥152/人,VASO意大利市集餐厅·拿坡里披萨 | 6F | 新店 | 意大利菜￥152/人 | 点评榜单 | 上海西餐好评榜第1名 | 无敌江景！ | 意大利市集餐厅,ocr/input_videos\上海__正大广场__20260826.mp4
OBS-000323,正大广场,BeLLE 百丽,BeLLE百丽,鞋靴,4.1,707,1F,rated,True,,rated,parsed,rating_anchor,0.9454,0.9692,49,3636,61.995,1F | 🌟🌟⭐⭐ | 鞋靴￥707/人 | 4.1,BeLLE 百丽 | AUHP8 | BELLE | 1F | 🌟🌟⭐⭐ | 鞋靴￥707/人 | 4.1 | 点评榜单 | 浦东新区鞋靴热门榜第10名,ocr/input_videos\上海__正大广场__20260826.mp4
OBS-000324,正大广场,巡湘记·乡野湖南菜,巡湘记·乡野湖南菜,湘菜,4.2,70,6F,rated,True,,rated,parsed,rating_anchor,0.9617,0.9855,51,3636,61.995,6F | 🌟🌟🌟🌟 | 湘菜￥70/人 | 4.2 | ★,巡湘记·乡野湖南菜 | 上海湘菜 | 6F | 人气王 | 🌟🌟🌟🌟 | 湘菜￥70/人 | 4.2 | ★ | 点评榜单 | 陆家嘴商圈湘菜销量榜第3名 | 巡湘记 | 藕片脆口，服务上菜都赞 | 1 | “ | 全国直管门店超70家 | ￥105.3折 | ￥19 | 宝宝餐 | 惠 | ￥89 | 惠 | 8.9折 | ￥100100元代金券,ocr/input_videos\上海__正大广场__20260826.mp4
OBS-000325,正大广场,喜茶,喜茶,茶饮果汁,4.0,23,5F,rated,True,,rated,parsed,rating_anchor,0.9876,0.9982,61,3636,61.995,🌟🌟⭐ | 5F | 4.0茶饮果汁￥23/人 | ★,喜茶 | 🌟🌟⭐ | 5F | 4.0茶饮果汁￥23/人 | ★,ocr/input_videos\上海__正大广场__20260826.mp4
OBS-000326,正大广场,麻六记·国潮川菜排队王,麻六记·国潮川菜排队王,川菜,4.1,65,6F,rated,True,,rated,parsed,rating_anchor,0.9767,0.9929,48,3660,62.404,6F | 🌟🌟🌟 | 4.1川菜￥65/人,麻六记·国潮川菜排队王 | 6F | 🌟🌟🌟 | 4.1川菜￥65/人 | 点评榜单 | 陆家嘴商圈川菜好评榜第2名 | 川菜头牌 | 味道正宗，环境优雅，服务态度好 | 0.1折 | ￥0.1 | ￥12 | 惠 | 【收|藏+打卡+点推.. | 惠 | ￥14.5 | ￥2020元代金券 | 7.3折,ocr/input_videos\上海__正大广场__20260826.mp4
OBS-000327,正大广场,VASO意大利市集餐厅·拿坡里披萨,VASO意大利市集餐厅·拿坡里披萨,意大利菜,,152,6F,new_store,False,new_store,ocr_missing,parsed,metadata_anchor,0.9701,0.9887,51,3660,62.404,新店 | 6F | 意大利菜￥152/人,VASO意大利市集餐厅·拿坡里披萨 | 新店 | 6F | 意大利菜￥152/人 | 点评榜单 | 5X | 上海西餐好评榜第1名 | 无敌江景！ | 意大利市集餐厅,ocr/input_videos\上海__正大广场__20260826.mp4
OBS-000328,正大广场,BeLLE 百丽,BeLLE百丽,鞋靴,4.1,707,1F,rated,True,,rated,parsed,rating_anchor,0.9568,0.9805,52,3660,62.404,1F | 🌟🌟⭐⭐ | 鞋靴￥707/人 | 4.1 | √,BeLLE 百丽 | 0URP8 | BELLE | 1F | 🌟🌟⭐⭐ | 鞋靴￥707/人 | 4.1 | √ | 点评榜单 | 浦东新区鞋靴热门榜第10名,ocr/input_videos\上海__正大广场__20260826.mp4
OBS-000329,正大广场,巡湘记·乡野湖南菜,巡湘记·乡野湖南菜,湘菜,4.2,70,6F,rated,True,,rated,parsed,rating_anchor,0.9657,0.9917,54,3660,62.404,6F | 🌟🌟🌟🎉 | 湘菜￥70/人 | 4.2,巡湘记·乡野湖南菜 | 上海湘菜 | 6F | 🌟🌟🌟🎉 | 湘菜￥70/人 | 人气王 | 4.2 | 点评榜单 | 陆家嘴商圈湘菜销量榜第3名 | 巡湘记 | 藕片脆口，服务上菜都赞 | 力 | 全国直管门店超70家 | ￥105.3折 | ￥19 | 宝宝餐 | 惠 | ￥89 | 8.9折 | ￥100100元代金券 | 惠,ocr/input_videos\上海__正大广场__20260826.mp4
OBS-000330,正大广场,喜茶,喜茶,茶饮果汁,4.0,23,5F,rated,True,,rated,parsed,rating_anchor,0.9851,0.9977,61,3660,62.404,🌟🌟🌟⭐🌟 | 5F | 4.0茶饮果汁￥23/人,喜茶 | 🌟🌟🌟⭐🌟 | 5F | 4.0茶饮果汁￥23/人,ocr/input_videos\上海__正大广场__20260826.mp4
OBS-000331,正大广场,VASO意大利市集餐厅·拿坡里披萨,VASO意大利市集餐厅·拿坡里披萨,意利菜,,152,6F,new_store,False,new_store,ocr_missing,parsed,metadata_anchor,0.9505,0.9741,54,3720,63.427,6F | 新店 | 意利菜￥152/人,VASO意大利市集餐厅·拿坡里披萨 | 6F | 新店 | 意利菜￥152/人 | MAFOLI | 点评榜单 | 上海西餐好评榜第1名 | 无敌江景！ | 意大利市集餐厅 | 广告,ocr/input_videos\上海__正大广场__20260826.mp4
OBS-000332,正大广场,BeLLE 百丽,BeLLE百丽,鞋靴,4.1,707,1F,rated,True,,rated,parsed,rating_anchor,0.9431,0.9461,55,3720,63.427,1F | 🌟🌟🌟🎉 | 鞋靴￥707/人 | 4.1,BeLLE 百丽 | AUFP8 | BELLE | 1F | 🌟🌟🌟🎉 | 鞋靴￥707/人 | 4.1 | 点评榜单 | 浦东新区鞋靴热门榜第10名,ocr/input_videos\上海__正大广场__20260826.mp4
OBS-000333,正大广场,巡湘记·乡野湖南菜,巡湘记·乡野湖南菜,湘菜,4.2,70,6F,rated,True,,rated,parsed,rating_anchor,0.9631,0.9851,51,3720,63.427,湘菜￥70/人 | 6F | 🌟🌟⭐⭐ | 4.2 | ★,巡湘记·乡野湖南菜 | 上海湘菜 | 湘菜￥70/人 | 6F | 人气王 | 🌟🌟⭐⭐ | 4.2 | ★ | 点评榜单 | 陆家嘴商圈湘菜销量榜第3名 | 巡湘记 | 藕片脆口，服务上菜都赞 | S | 11 | 全国直营门店70家 | ￥105.3折 | ￥19 | 宝宝餐 | 惠 | ￥89 | 惠 | 8.9折 | ￥100100元代金券,ocr/input_videos\上海__正大广场__20260826.mp4
OBS-000334,正大广场,喜茶,喜茶,茶饮果汁,4.0,23,5F,rated,True,,rated,parsed,rating_anchor,0.9838,0.9944,70,3720,63.427,🌟🌟🌟🌟 | 5F | 4.0茶饮果汁￥23/人 | ★,喜茶 | 🌟🌟🌟🌟 | 5F | 4.0茶饮果汁￥23/人 | ★ | 心 | ￥17.59.3折 | ￥19 | 【人气推荐】5选1 | 惠,ocr/input_videos\上海__正大广场__20260826.mp4
OBS-000335,正大广场,浦江晓月,浦江晓月,淮扬菜,4.7,172,5F,rated,True,,rated,parsed,rating_anchor,0.981,0.9994,59,3720,63.427,🌟🌟🎉🌟🌟 | 5F | 淮扬菜￥172/人 | 4.7,浦江晓月 | 瞰浦江盛景 | 🌟🌟🎉🌟🌟 | 5F | 淮扬菜￥172/人 | 4.7 | 尝准扬雅误 | 点评榜单 | 陆家嘴商圈淮扬菜好评榜第4名 | 14:00休息 | 宴请佳选，菜品特色丰富 | 3 | “ | ￥326.7折 | ￥48 | 惠 | 【超值】清炖淮扬狮子头,ocr/input_videos\上海__正大广场__20260826.mp4
OBS-000336,正大广场,BeLLE 百丽,BeLLE百丽,鞋靴,4.1,707,1F,rated,True,,rated,parsed,rating_anchor,0.9657,0.9792,55,3768,64.245,1F | 🌟🌟⭐⭐ | 鞋靴￥707/人 | 4.1,BeLLE 百丽 | BEFPE | BELLE | 1F | 🌟🌟⭐⭐ | 鞋靴￥707/人 | 4.1 | 点评榜单 | 浦东新区鞋靴热门榜第10名,ocr/input_videos\上海__正大广场__20260826.mp4
OBS-000337,正大广场,巡湘记·乡野湖南菜,巡湘记·乡野湖南菜,湘菜,4.2,70,6F,rated,True,,rated,parsed,rating_anchor,0.9663,0.9879,54,3768,64.245,湘菜￥70/人 | 6F | 🌟🌟🌟 | 4.2,巡湘记·乡野湖南菜 | 上海湘菜 | 湘菜￥70/人 | 6F | 人气王 | 🌟🌟🌟 | 4.2 | 点评榜单 | 陆家嘴商圈湘菜销量榜第3名 | 巡湘记 | 藕片脆口，服务上菜都赞 | “ | 全国直管门店超70家 | ￥19 | ￥10 | 5.3折 | 惠 | 宝宝餐 | ￥89 | 8.9折 | ￥100100元代金券 | 惠,ocr/input_videos\上海__正大广场__20260826.mp4
OBS-000338,正大广场,喜茶,喜茶,茶饮果汁,4.0,23,5F,rated,True,,rated,parsed,rating_anchor,0.9854,0.9971,62,3768,64.245,🌟🌟⭐⭐🌟 | 4.0茶饮果汁￥23/人 | 5F,喜茶 | 🌟🌟⭐⭐🌟 | 4.0茶饮果汁￥23/人 | 5F | ￥19 | ￥17.5 | 9.3折 | 【人气推荐】5选1 | 惠,ocr/input_videos\上海__正大广场__20260826.mp4
OBS-000339,正大广场,浦江晓月,浦江晓月,淮扬菜,4.7,172,5F,rated,True,,rated,parsed,rating_anchor,0.982,0.9992,56,3768,64.245,5F | 🌟🌟🌟🌟🌟 | 淮扬菜￥172/人 | 4.7,浦江晓月 | 瞰浦江盛景 | 5F | 🌟🌟🌟🌟🌟 | 淮扬菜￥172/人 | 4.7 | 尝准扬雕误 | 点评榜单 | 陆家嘴商圈淮扬菜好评榜第4名 | 14:00休息 | 宴请佳选，菜品特色丰富 | 之 | S | ￥326.7折 | ￥48 | 惠 | 【超值】 | 清炖淮扬狮子头 | ￥459折 | 惠 | ￥5050元代金券,ocr/input_videos\上海__正大广场__20260826.mp4
OBS-000340,正大广场,Dell戴尔,Dell戴尔,数码产品,4.6,,6F,rated,True,,rated,parsed,rating_anchor,0.9811,0.9869,56,3768,64.245,4.6数码产品 | 6F,Dell戴尔 | 4.6数码产品 | 6F,ocr/input_videos\上海__正大广场__20260826.mp4
OBS-000341,正大广场,喜茶,喜茶,茶饮果汁,4.0,23,5F,rated,True,,rated,parsed,rating_anchor,0.9632,0.9962,66,3852,65.678,⭐4.0茶饮果汁￥23/人 | 5F,喜茶 | ⭐4.0茶饮果汁￥23/人 | 5F | 武 | ￥17.59.3折 | ￥19 | 惠 | 【人气推荐】5选1,ocr/input_videos\上海__正大广场__20260826.mp4
OBS-000342,正大广场,浦江晓月,浦江晓月,淮扬菜,4.7,172,5F,rated,True,,rated,parsed,rating_anchor,0.9867,0.9994,61,3852,65.678,🌟🌟🌟🌟🌟 | 5F | 4.7淮扬菜￥172/人,浦江晓月 | 瞰浦江盛景 | 🌟🌟🌟🌟🌟 | 5F | 4.7淮扬菜￥172/人 | 尝淮扬雅旗 | 点评榜单 | 陆家嘴商圈淮扬菜好评榜第4名 | 14:00休息 | 宴请佳选，菜品特色丰富 | “ | 2 | ￥326.7折 | ￥48 | 【超值】清炖淮扬狮子头 | 惠 | ￥459折 | ￥5050元代金券 | 惠,ocr/input_videos\上海__正大广场__20260826.mp4
OBS-000343,正大广场,Dell戴尔,Dell戴尔,数码产品,4.6,,6F,rated,True,,rated,parsed,rating_anchor,0.9915,0.9904,61,3852,65.678,4.6数码产品 | 6F,Dell戴尔 | 4.6数码产品 | 6F,ocr/input_videos\上海__正大广场__20260826.mp4
OBS-000344,正大广场,DQ·蛋糕·冰淇淋,DQ·蛋糕·冰淇淋,冰淇淋,4.3,28,5F,rated,True,,rated,parsed,rating_anchor,0.979,0.9812,62,3852,65.678,5F | 🌟🌟🎉🌟 | 4.3冰淇淋￥28/人 | ★,DQ·蛋糕·冰淇淋 | DO | 5F | 🌟🌟🎉🌟 | 4.3冰淇淋￥28/人 | ★ | 点评榜单 | 陆家嘴商圈冰淇淋销量榜第3名 | 清凉爽口冰淇淋，浓郁奶香果味 | C | 5 | ￥19.9 | ￥18.2 | 9.2折 | 【爆品】DQ双头怪 | 惠,ocr/input_videos\上海__正大广场__20260826.mp4
OBS-000345,正大广场,喜茶,喜茶,茶饮果汁,4.0,23,5F,rated,True,,rated,parsed,rating_anchor,0.9304,0.9879,68,3912,66.701,⭐⭐4.0茶饮果汁￥23/人 | 5F,喜茶 | ⭐⭐4.0茶饮果汁￥23/人 | 5F | ￥17.59.3折 | ￥19 | 【人气推荐】5选1 | 惠,ocr/input_videos\上海__正大广场__20260826.mp4
OBS-000346,正大广场,浦江晓月,浦江晓月,淮扬菜,4.7,172,5F,rated,True,,rated,parsed,rating_anchor,0.9813,0.9993,60,3912,66.701,5F | 🌟🌟🌟🌟🌟 | 淮扬菜￥172/人 | 4.7,浦江晓月 | 瞰浦江盛景 | 5F | 🌟🌟🌟🌟🌟 | 淮扬菜￥172/人 | 4.7 | 尝准扬雅旗 | 点评榜单 | 陆家嘴商圈淮扬菜好评榜第4名 | 14:00休息 | 宴请佳选，菜品特色丰富 | “ | 2 | ￥326.7折 | ￥48 | 【超值】清炖淮扬狮子头 | 惠 | ￥459折 | ￥5050元代金券 | 惠,ocr/input_videos\上海__正大广场__20260826.mp4
OBS-000347,正大广场,Dell戴尔,Dell戴尔,数码产品,4.6,,6F,rated,True,,rated,parsed,rating_anchor,0.9823,0.9742,60,3912,66.701,4.6数码产品 | 6F,Dell戴尔 | 4.6数码产品 | 6F,ocr/input_videos\上海__正大广场__20260826.mp4
OBS-000348,正大广场,DQ·蛋糕·冰淇淋,DQ·蛋糕·冰淇淋,冰淇淋,4.3,28,5F,rated,True,,rated,parsed,rating_anchor,0.9722,0.9689,57,3912,66.701,5F | 🌟🌟🌟🌟 | 4.3冰淇淋￥28/人 | ★,DQ·蛋糕·冰淇淋 | DO | 5F | 🌟🌟🌟🌟 | 4.3冰淇淋￥28/人 | ★ | 点评榜单 | 陆家嘴商圈冰淇淋销量榜第3名 | 清凉爽口冰淇淋，浓郁奶香果味 | C | 5 | ￥19.9 | 9.2折 | 【爆品】DQ双头怪 | ￥18.2 | 惠,ocr/input_videos\上海__正大广场__20260826.mp4
OBS-000349,正大广场,DQ·蛋糕·冰淇淋,DQ·蛋糕·冰淇淋,冰淇淋,4.3,28,5F,rated,True,,rated,parsed,rating_anchor,0.9725,0.9825,61,3984,67.928,5F | ⭐🌟⭐⭐ | 冰淇淋￥28/人 | 4.3,DQ·蛋糕·冰淇淋 | DD | 果棉米 | 5F | ⭐🌟⭐⭐ | 冰淇淋￥28/人 | 4.3 | 点评榜单 | 陆家嘴商圈冰淇淋销量榜第3名 | 清凉爽口冰淇淋，浓郁奶香果味 | 2 | ￥19.9 | 9.2折 | ￥18.2 | 惠 | 【爆品】DQ双头怪,ocr/input_videos\上海__正大广场__20260826.mp4
OBS-000350,正大广场,无印良品咖啡Café MUJI,无印良品咖啡CaféMUJI,咖啡,4.3,19,3F,rated,True,,rated,parsed,rating_anchor,0.9535,0.9644,54,3984,67.928,🌟🌟💥⭐ | 3F | 咖啡￥19/人 | 4.3 | ★,无印良品咖啡Café MUJI | 新品上市 | 薄荷巧克力Gelato | 🌟🌟💥⭐ | 3F | 咖啡￥19/人 | 4.3 | ★ | 点评榜单 | 陆家嘴商圈咖啡打卡人气榜第3名 | CMUJI | ￥64折 | ￥15 | 【限时】美式咖啡 | 惠,ocr/input_videos\上海__正大广场__20260826.mp4
OBS-000351,正大广场,Tapa Tapa,TapaTapa,西班牙菜,,177,6F,new_store,False,new_store,ocr_missing,parsed,metadata_anchor,0.9595,0.9951,70,3984,67.928,新店 | 6F | 西班牙菜￥177/人,Tapa Tapa | 新店 | 6F | 西班牙菜￥177/人 | TapoTopo | tapas &wine bar | 点评榜单 | 上海西班牙菜好评榜第1名 | 无敌江景西班牙餐厅,ocr/input_videos\上海__正大广场__20260826.mp4
OBS-000352,正大广场,正大集团,正大集团,购物,3.8,,5F,rated,True,,rated,parsed,rating_anchor,0.8844,0.9999,57,3984,67.928,⭐⭐★3.8购物 | 5F,正大集团 | ⭐⭐★3.8购物 | 5F,ocr/input_videos\上海__正大广场__20260826.mp4
OBS-000353,正大广场,瑞幸咖啡,瑞幸咖啡,咖啡,3.6,14,B2,rated,True,,rated,parsed,rating_anchor,0.9652,0.9999,60,3984,67.928,3.6咖啡￥14/人 | B2,瑞幸咖啡 | 3.6咖啡￥14/人 | B2 | 双杯冰茶洁爽登场！ | 理 | UMNEN | ￥11.96折 | ￥20 | 惠 | 【瑞门闭眼入】10选1,ocr/input_videos\上海__正大广场__20260826.mp4
OBS-000354,正大广场,DQ·蛋糕·冰淇淋,DQ·蛋糕·冰淇淋,冰淇淋,4.3,28,5F,rated,True,,rated,parsed,rating_anchor,0.9697,0.9735,57,4008,68.337,🌟🌟⭐⭐ | 5F | 冰淇淋￥28/人 | 4.3 | 食,DQ·蛋糕·冰淇淋 | DQ | 🌟🌟⭐⭐ | 5F | 冰淇淋￥28/人 | 4.3 | 食 | 点评榜单 | 陆家嘴商圈冰淇淋销量榜第3名 | 清凉爽口冰淇淋，浓郁奶香果味 | ￥19.9 | 9.2折 | ￥18.2 | 惠 | 【爆品】DQ双头怪,ocr/input_videos\上海__正大广场__20260826.mp4
OBS-000355,正大广场,无印良品咖啡Café MUJI,无印良品咖啡CaféMUJI,咖啡,4.3,19,3F,rated,True,,rated,parsed,rating_anchor,0.9485,0.9646,51,4008,68.337,3F | ⭐🌟🌟⭐ | 咖啡￥19/人 | 4.3,无印良品咖啡Café MUJI | 新品上市 | 薄荷巧克力Gelato | 3F | ⭐🌟🌟⭐ | 咖啡￥19/人 | 4.3 | 点评榜单 | 陆家嘴商圈咖啡打卡人气榜第3名 | CaMUJI | ￥64折 | ￥15 | 惠 | 【限时】美式咖啡,ocr/input_videos\上海__正大广场__20260826.mp4
OBS-000356,正大广场,Tapa Tapa,TapaTapa,西班牙菜,,177,6F,new_store,False,new_store,ocr_missing,parsed,metadata_anchor,0.973,0.9902,65,4008,68.337,新店 | 6F | 西班牙菜￥177/人,Tapa Tapa | 新店 | TopoTopo | 6F | 西班牙菜￥177/人 | tapas&wine.bar | 点评榜单 | 上海西班牙菜好评榜第1名 | 无敌江景西班牙餐厅,ocr/input_videos\上海__正大广场__20260826.mp4
OBS-000357,正大广场,正大集团,正大集团,购物,3.8,,5F,rated,True,,rated,parsed,rating_anchor,0.8994,0.9998,56,4008,68.337,⭐⭐⭐3.8购物 | 5F,正大集团 | ⭐⭐⭐3.8购物 | 5F | ME,ocr/input_videos\上海__正大广场__20260826.mp4
OBS-000358,正大广场,瑞幸咖啡,瑞幸咖啡,咖啡,3.6,14,B2,rated,True,,rated,parsed,rating_anchor,0.976,0.9999,60,4008,68.337,🌟🌟🌟🌟⭐ | B2 | 3.6咖啡￥14/人,瑞幸咖啡 | 🌟🌟🌟🌟⭐ | B2 | 3.6咖啡￥14/人 | 双杯冰茶清爽登场！ | 果 | 还 | 系 | 即 | NE | ￥11.9 | 6折 | ￥20 | 惠 | 【瑞门闭眼入】10选1,ocr/input_videos\上海__正大广场__20260826.mp4
OBS-000359,正大广场,正大集团,正大集团,购物,3.8,,5F,rated,True,,rated,parsed,rating_anchor,0.9992,0.9998,56,4116,70.179,3.8购物 | 🌟🌟⭐⭐⭐ | 5F,正大集团 | 3.8购物 | 🌟🌟⭐⭐⭐ | 5F,ocr/input_videos\上海__正大广场__20260826.mp4
OBS-000360,正大广场,瑞幸咖啡,瑞幸咖啡,咖啡,3.6,14,B2,rated,True,,rated,parsed,rating_anchor,0.9716,0.9998,56,4116,70.179,3.6咖啡￥14/人 | B2,瑞幸咖啡 | 3.6咖啡￥14/人 | B2 | 双杯水茶清爽登场！ | 装 | S | ￥20 | ￥11.9 | 6折 | 【瑞门闭眼入】10选1 | 惠,ocr/input_videos\上海__正大广场__20260826.mp4
OBS-000361,正大广场,霸王茶姬,霸王茶姬,茶饮果汁,4.3,21,3F,rated,True,,rated,parsed,rating_anchor,0.9798,0.9917,56,4116,70.179,3F | ⭐🌟⭐🌟 | 4.3茶饮果汁￥21/人,霸王茶姬 | 3F | ⭐🌟⭐🌟 | 4.3茶饮果汁￥21/人 | CHAGEE | 点评榜单 | 陆家嘴商圈茶饮果汁销量榜第7名 | 伯绝弦，唤起青春回忆” | 惠￥189折 | ￥20 | 【新会员专享】伯牙绝弦,ocr/input_videos\上海__正大广场__20260826.mp4
OBS-000362,正大广场,金洪兴·蟹黄面·饭,金洪兴·蟹黄面·饭,面馆,3.7,93,B2,rated,True,,rated,parsed,rating_anchor,0.9583,0.9666,54,4116,70.179,🌟🌟🌟🌟🌟 | B2 | 3.7面馆￥93/人,金洪兴·蟹黄面·饭 | 金洪興 | 🌟🌟🌟🌟🌟 | B2 | 3.7面馆￥93/人 | 爷叔江南经典味道 | 百年蟹黃面 | 点评榜单 | 陆家嘴商圈面馆热门榜第4名 | 蟹黄拌饭，满口香，超值性价比 | 拍起1958年 | ￥925.5折 | ￥168单人|招牌【严选】 | 惠,ocr/input_videos\上海__正大广场__20260826.mp4
OBS-000363,正大广场,有仙儿集淘趣财神殿,有仙儿集淘趣财神殿,杂货礼品,,,1F,new_store,False,new_store,ocr_missing,parsed,metadata_anchor,0.9977,0.9988,54,4116,70.179,新店 | 1F | 杂货礼品,有仙儿集淘趣财神殿 | 新店 | 有仙贸集淘趣 | 1F | 杂货礼品 | 財神殿 | 门 | 2 | 点评榜单 | 陆家嘴商圈杂货礼品好评榜第6名 | RICH GOO SUPERMARKET,ocr/input_videos\上海__正大广场__20260826.mp4
OBS-000364,正大广场,正大集团,正大集团,购物,3.8,,5F,rated,True,,rated,parsed,rating_anchor,0.9974,0.9969,52,4140,70.588,3.8购物 | 🌟🌟🎉🌟⭐ | 5F,正大集团 | 3.8购物 | 🌟🌟🎉🌟⭐ | 5F,ocr/input_videos\上海__正大广场__20260826.mp4
OBS-000365,正大广场,瑞幸咖啡,瑞幸咖啡,咖啡,3.6,14,B2,rated,True,,rated,parsed,rating_anchor,0.9799,0.9999,56,4140,70.588,3.6咖啡￥14/人 | B2 | 🌟🌟⭐🌟🌟,瑞幸咖啡 | 3.6咖啡￥14/人 | B2 | 🌟🌟⭐🌟🌟 | 双杯冰茶清爽登场！ | 香茶香 | ￥11.96折 | ￥20 | 【瑞门闭眼入】10选1 | 惠,ocr/input_videos\上海__正大广场__20260826.mp4
OBS-000366,正大广场,霸王茶姬,霸王茶姬,茶饮果汁,4.3,21,3F,rated,True,,rated,parsed,rating_anchor,0.9769,0.9961,55,4140,70.588,⭐🌟⭐⭐ | 3F | 茶饮果汁￥21/人 | 4.3,霸王茶姬 | ⭐🌟⭐⭐ | 3F | 茶饮果汁￥21/人 | 4.3 | CHAGEE | 点评榜单 | 陆家嘴商圈茶饮果汁销量榜第7名 | 伯牙绝弦，唤起青春回忆” | ￥189折 | ￥20 | 惠 | 【新会员专享】伯牙绝弦,ocr/input_videos\上海__正大广场__20260826.mp4
OBS-000367,正大广场,金洪兴·蟹黄面·饭,金洪兴·蟹黄面·饭,面馆,3.7,93,B2,rated,True,,rated,parsed,rating_anchor,0.9427,0.9507,54,4140,70.588,B2 | 🌟🌟🌟🌟🌟 | 3.7 | 面馆￥93/人,金洪兴·蟹黄面·饭 | 金洪興 | B2 | 🌟🌟🌟🌟🌟 | 3.7 | 面馆￥93/人 | 爷叔江南经典味道 | 百年蟹黃面 | 点评榜单 | 陆家嘴商圈面馆热门榜第4名 | 蟹黄拌饭，满口香，超值性价比 | 拾起1958年 | ￥921 | 5.5折 | ￥168单人1招牌【严选】 | 惠,ocr/input_videos\上海__正大广场__20260826.mp4
OBS-000368,正大广场,有仙儿集淘趣财神殿,有仙儿集淘趣财神殿,杂货礼品,,,1F,new_store,False,new_store,ocr_missing,parsed,metadata_anchor,0.9977,0.9992,56,4140,70.588,新店 | 1F | 杂货礼品,有仙儿集淘趣财神殿 | 新店 | 1F | 杂货礼品 | 有仙兄淘趣 | 神殿 | 2 | 点评榜单 | 陆家嘴商圈杂货礼品好评榜第6名 | RICH GOO SUPERMARKET | 野人先生Gelato | 0583,ocr/input_videos\上海__正大广场__20260826.mp4
OBS-000369,正大广场,正大集团,正大集团,购物,3.8,,5F,rated,True,,rated,parsed,rating_anchor,0.9239,0.9998,57,4164,70.997,⭐⭐3.8购物 | 5F,正大集团 | ⭐⭐3.8购物 | 5F,ocr/input_videos\上海__正大广场__20260826.mp4
OBS-000370,正大广场,瑞幸咖啡,瑞幸咖啡,咖啡,3.6,14,B2,rated,True,,rated,parsed,rating_anchor,0.9739,0.9999,60,4164,70.997,B2 | 3.6咖啡￥14/人,瑞幸咖啡 | B2 | 3.6咖啡￥14/人 | 双杯冰茶洁爽登场！ | 通 | 果 | ￥11.9 | 6折 | ￥20 | 惠 | 【瑞门闭眼入】10选1,ocr/input_videos\上海__正大广场__20260826.mp4
OBS-000371,正大广场,霸王茶姬,霸王茶姬,茶饮果汁,4.3,21,3F,rated,True,,rated,parsed,rating_anchor,0.9822,0.9937,56,4164,70.997,🌟🌟🌟🎉 | 3F | 4.3茶饮果汁￥21/人,霸王茶姬 | 🌟🌟🌟🎉 | 3F | 4.3茶饮果汁￥21/人 | CHAGEE | 点评榜单 | 陆家嘴商圈茶饮果汁销量榜第7名 | 伯牙绝弦，唤起青春回忆” | 5 | ￥20 | ￥189折 | 【新会员专享】伯牙绝弦 | 惠,ocr/input_videos\上海__正大广场__20260826.mp4
OBS-000372,正大广场,金洪兴·蟹黄面·饭,金洪兴·蟹黄面·饭,面馆,3.7,93,B2,rated,True,,rated,parsed,rating_anchor,0.9597,0.9575,54,4164,70.997,3.7面馆￥93/人 | B2 | ★🌟★🌟★,金洪兴·蟹黄面·饭 | 金洪興 | 3.7面馆￥93/人 | B2 | ★🌟★🌟★ | 爷叔江南经典味道 | 百年蟹黃面 | 点评榜单 | 陆家嘴商圈面馆热门榜第4名 | 蟹黄拌饭，满口香，超值性价比 | 抬起1958年 | AHA | ￥925.5折 | ￥168单人|招牌【严选】 | 惠,ocr/input_videos\上海__正大广场__20260826.mp4
OBS-000373,正大广场,有仙儿集淘趣财神殿,有仙儿集淘趣财神殿,杂货礼品,,,1F,new_store,False,new_store,ocr_missing,parsed,metadata_anchor,0.9982,0.9991,58,4164,70.997,新店 | 杂货礼品 | 1F,有仙儿集淘趣财神殿 | 新店 | 杂货礼品 | 1F | 有仙见集询趣 | 神殿 | 国 | F | 点评榜单 | 陆家嘴商圈杂货礼品好评榜第6名 | RICH GOO SUPERMARKET,ocr/input_videos\上海__正大广场__20260826.mp4
OBS-000374,正大广场,瑞幸咖啡,瑞幸咖啡,咖啡,3.6,14,B2,rated,True,,rated,parsed,rating_anchor,0.9361,0.9997,56,4224,72.02,⭐3.6咖啡￥14/人 | B2,瑞幸咖啡 | ⭐3.6咖啡￥14/人 | B2 | 双杯冰茶清爽登场！ | 西运荟香 | ￥20 | ￥11.9 | 6折 | 惠 | 【瑞门闭眼入】10选1,ocr/input_videos\上海__正大广场__20260826.mp4
OBS-000375,正大广场,霸王茶姬,霸王茶姬,茶饮果汁,4.3,21,3F,rated,True,,rated,parsed,rating_anchor,0.9831,0.9906,56,4224,72.02,🌟🌟🌟🌟 | 3F | 4.3茶饮果汁￥21/人,霸王茶姬 | 🌟🌟🌟🌟 | 3F | 4.3茶饮果汁￥21/人 | CHAGEE | 点评榜单 | 陆家嘴商圈茶饮果汁销量榜第7名 | 伯绝弦，唤起青春回忆” | ￥189折 | ￥20 | 【新会员专享】伯牙绝弦 | 惠,ocr/input_videos\上海__正大广场__20260826.mp4
OBS-000376,正大广场,金洪兴·蟹黄面·饭,金洪兴·蟹黄面·饭,面馆,3.7,93,B2,rated,True,,rated,parsed,rating_anchor,0.9582,0.9655,54,4224,72.02,🌟🌟🌟🌟🌟 | B2 | 3.7 | 面馆￥93/人,金洪兴·蟹黄面·饭 | 金洪興 | 🌟🌟🌟🌟🌟 | B2 | 3.7 | 面馆￥93/人 | 爷权江南经典味道 | 百年蟹黃面 | 点评榜单 | 陆家嘴商圈面馆热门榜第4名 | 拾起1958年 | 蟹黄拌饭，满口香，超值性价比 | G | ￥92 | 5.5折 | ￥168单|招牌【严选】 | 惠,ocr/input_videos\上海__正大广场__20260826.mp4
OBS-000377,正大广场,有仙儿集淘趣财神殿,有仙儿集淘趣财神殿,杂货礼品,,,1F,new_store,False,new_store,ocr_missing,parsed,metadata_anchor,0.998,0.9985,54,4224,72.02,新店 | 杂货礼品 | 1F,有仙儿集淘趣财神殿 | 新店 | 杂货礼品 | 1F | 有仙见集询趣 | 財神殿 | 点评榜单 | 陆家嘴商圈杂货礼品好评榜第6名 | RICH GOP SUPERMARKET,ocr/input_videos\上海__正大广场__20260826.mp4
OBS-000378,正大广场,野人先生Gelato,野人先生Gelato,冰淇淋,4.3,30,3F,rated,True,,rated,parsed,rating_anchor,0.9754,0.9985,51,4224,72.02,🌟🌟⭐🌟 | 3F | 冰淇淋￥30/人 | 4.3,野人先生Gelato | r | 山野 | 该瑰 | 🌟🌟⭐🌟 | 3F | 冰淇淋￥30/人 | 4.3 | GELATO | 点评榜单 | 陆家嘴商圈冰淇淋销量榜第2名 | Vea,ocr/input_videos\上海__正大广场__20260826.mp4
OBS-000379,正大广场,有仙儿集淘趣财神殿,有仙儿集淘趣财神殿,杂货礼品,,,1F,new_store,False,new_store,ocr_missing,parsed,metadata_anchor,0.9981,0.9979,54,4260,72.634,新店 | 1F | 杂货礼品,有仙儿集淘趣财神殿 | 新店 | 1F | 有仙见集询趣 | 杂货礼品 | 神殿 | 印 | 点评榜单 | 陆家嘴商圈杂货礼品好评榜第6名 | RICH QOP SUPERMARKET,ocr/input_videos\上海__正大广场__20260826.mp4
OBS-000380,正大广场,野人先生Gelato,野人先生Gelato,冰淇淋,4.3,30,3F,rated,True,,rated,parsed,rating_anchor,0.9848,0.9992,53,4260,72.634,3F | 4.3冰淇淋￥30/人 | 🌟🌟⭐⭐ | ★,野人先生Gelato | 山野 | 改瑰 | 3F | 4.3冰淇淋￥30/人 | 🌟🌟⭐⭐ | ★ | GELATO | 点评榜单 | 陆家嘴商圈冰淇淋销量榜第2名 | 鄂 | 每一个都很好吃，买的双拼 | “ | 5 | ￥38 | ￥369.5折 | 惠 | 【任意拼】双拼口味冰..,ocr/input_videos\上海__正大广场__20260826.mp4
OBS-000381,正大广场,GELATODINATURA帝娜朵拉,GELATODINATURA帝娜朵拉,冰淇淋,4.1,32,3F,rated,True,,rated,parsed,rating_anchor,0.9645,0.9866,50,4260,72.634,3F | 4.1冰淇淋￥32/人,GELATODINATURA帝娜朵拉 | 济海朵拉 | 3F | 4.1冰淇淋￥32/人 | GELATO DINATURA | 疯狂暑期 | ME | ￥42.9 | ￥104 | 惠 | 4.2折 | 【人气单品】三球..,ocr/input_videos\上海__正大广场__20260826.mp4
OBS-000382,正大广场,兴蜀府·臻味江景餐厅,兴蜀府·臻味江景餐厅,川菜馆,4.8,289,4F,rated,True,,rated,parsed,rating_anchor,0.9723,0.9913,57,4260,72.634,4F | 4.8川菜馆￥289/人,兴蜀府·臻味江景餐厅 | 4F | 4.8川菜馆￥289/人 | 兴蜀府·臻味 | STWESC | 点评榜单 | 浦东新区川菜环境榜第3名 | —川粤融合菜一 | 地道江景，性价比高 | J | 告 | ￥3286.6折 | 惠 | ￥498午市2-3人可选工作餐 | ￥959.5折 | 惠 | ￥100100元代金券,ocr/input_videos\上海__正大广场__20260826.mp4
OBS-000383,正大广场,有仙儿集淘趣财神殿,有仙儿集淘趣财神殿,杂货礼品,,,1F,new_store,False,new_store,ocr_missing,parsed,metadata_anchor,0.9957,0.999,54,4284,73.043,1F | 新店 | 杂货礼品,有仙儿集淘趣财神殿 | 1F | 新店 | 杂货礼品 | 有仙贤集向趣 | 財神殿 | 点评榜单 | 陆家嘴商圈杂货礼品好评榜第6名 | RICH GOP SUPERMARXET,ocr/input_videos\上海__正大广场__20260826.mp4
OBS-000384,正大广场,野人先生Gelato,野人先生Gelato,冰淇淋,4.3,30,3F,rated,True,,rated,parsed,rating_anchor,0.9681,0.9988,50,4284,73.043,3F | 🌟🌟🎉🌟 | 冰淇淋￥30/人 | 4.3,野人先生Gelato | er | 山野 | 张瑰 | 3F | 🌟🌟🎉🌟 | 冰淇淋￥30/人 | 4.3 | GELATO | 点评榜单 | 陆家嘴商圈冰淇淋销量榜第2名 | B | 每一个都很好吃，买的双拼” | “ | ￥369.5折 | ￥38 | 惠 | 【任意拼】双拼口味冰...,ocr/input_videos\上海__正大广场__20260826.mp4
OBS-000385,正大广场,GELATODINATURA帝娜朵拉,GELATODINATURA帝娜朵拉,冰淇淋,4.1,32,3F,rated,True,,rated,parsed,rating_anchor,0.9532,0.9887,51,4284,73.043,3F | 4.1冰淇淋￥32/人,GELATODINATURA帝娜朵拉 | 趣朵拉 | 3F | 4.1冰淇淋￥32/人 | GELATO DINATURA | 疯狂暑期 | Somne | ￥42.9 | 4.2折 | ￥104 | 【人气单品】三球... | 惠,ocr/input_videos\上海__正大广场__20260826.mp4
OBS-000386,正大广场,兴蜀府·臻味江景餐厅,兴蜀府·臻味江景餐厅,川菜馆,4.8,289,4F,rated,True,,rated,parsed,rating_anchor,0.9705,0.9917,54,4284,73.043,4F | 4.8川菜馆￥289/人,兴蜀府·臻味江景餐厅 | 4F | 4.8川菜馆￥289/人 | 興蜀府·臻味 | 点评镑单 | 川粤融合菜 | 浦东新区川菜环境榜第3名 | 地道江景，性价比高 | 厂告 | ￥328 | 惠 | 6.6折 | ￥498 | 午市2-3人可选工作餐 | ￥95 | 惠 | 9.5折 | ￥100100元代金券,ocr/input_videos\上海__正大广场__20260826.mp4
OBS-000387,正大广场,BUT.飞顿牛奶肌.INDIBA.科技美..,BUT.飞顿牛奶肌.INDIBA.科技美,祛痘,4.4,,7F,rated,True,,rated,parsed,rating_anchor,0.9766,0.9614,53,4284,73.043,7F | 🌟🌟🎉🎉 | 祛痘 | 4.4 | ★,BUT.飞顿牛奶肌.INDIBA.科技美.. | BBE | 西班牙INDIBA | 7F | 🌟🌟🎉🎉 | 祛痘 | 4.4 | 正器仅游富方授权 | ★ | 推荐体验” | 美容师效果好， | “,ocr/input_videos\上海__正大广场__20260826.mp4
OBS-000388,正大广场,有仙儿集淘趣财神殿,有仙儿集淘趣财神殿,杂货礼品,,,1F,new_store,False,new_store,ocr_missing,parsed,metadata_anchor,0.997,0.995,48,4308,73.453,杂货礼品 | 新店 | 1F,有仙儿集淘趣财神殿 | 杂货礼品 | 新店 | 1F | 有仙见集淘趣 | 財神殿 | 陆家嘴商圈杂货礼品好评榜第6名 | 点评榜单 | RICH GOO SUPERMARKET,ocr/input_videos\上海__正大广场__20260826.mp4
OBS-000389,正大广场,野人先生Gelato,野人先生Gelato,冰淇淋,4.3,30,3F,rated,True,,rated,parsed,rating_anchor,0.9741,0.9987,51,4308,73.453,🌟🌟🌟⭐ | 3F | 冰淇淋￥30/人 | 4.3,野人先生Gelato | MINNA | 山野 | 改瑰 | 🌟🌟🌟⭐ | 3F | 冰淇淋￥30/人 | 4.3 | GELATO | 点评榜单 | S | 陆家嘴商圈冰淇淋销量榜第2名 | 每一个都很好吃，买的双拼” | 心 | ￥369.5折 | ￥38 | 惠 | 【任意拼】双拼口味冰...,ocr/input_videos\上海__正大广场__20260826.mp4
OBS-000390,正大广场,GELATODI NATURA帝娜朵拉,GELATODINATURA帝娜朵拉,冰淇淋,4.1,32,3F,rated,True,,rated,parsed,rating_anchor,0.9675,0.9647,51,4308,73.453,🌟🌟⭐⭐ | 3F | 4.1冰淇淋￥32/人 | ￥,GELATODI NATURA帝娜朵拉 | 形海杂拉 | 🌟🌟⭐⭐ | 3F | GELATO DINATURA | 4.1冰淇淋￥32/人 | ￥ | 疯狂暑期 | SnEN | 4.2折 | ￥104 | ￥42.9 | 【人气单品】三球.. | 惠,ocr/input_videos\上海__正大广场__20260826.mp4
OBS-000391,正大广场,兴蜀府·臻味江景餐厅,兴蜀府·臻味江景餐厅,川菜馆,4.8,289,4F,rated,True,,rated,parsed,rating_anchor,0.9749,0.9898,53,4308,73.453,4F | 🌟🌟🎉🎉🌟4.8 | 川菜馆￥289/人,兴蜀府·臻味江景餐厅 | 4F | 🌟🌟🎉🎉🌟4.8 | 川菜馆￥289/人 | 兴蜀府·臻味 | SITLUCEU | 点评榜单 | —川粤融合菜 | 浦东新区川菜环境榜第3名 | 地道江景，性价比高 | 广告 | C | ￥328 | 6.6折 | ￥498 | 惠 | 午市2-3人可选工作餐 | ￥95 | 9.5折 | ￥100100元代金券 | 惠,ocr/input_videos\上海__正大广场__20260826.mp4
OBS-000392,正大广场,BUT.飞顿牛奶肌.INDIBA.科技美..,BUT.飞顿牛奶肌.INDIBA.科技美,祛痘,4.4,,7F,rated,True,,rated,parsed,rating_anchor,0.9767,0.9567,53,4308,73.453,7F | ⭐⭐⭐4.4 | 祛痘,BUT.飞顿牛奶肌.INDIBA.科技美.. | 国人 | 西班牙INDIBA | 7F | ⭐⭐⭐4.4 | 祛痘 | 正易仅器富方投权 | 美容师效果好，推荐体验 | “,ocr/input_videos\上海__正大广场__20260826.mp4
OBS-000393,正大广场,兴蜀府·臻味江景餐厅,兴蜀府·臻味江景餐厅,川菜馆,4.8,289,4F,rated,True,,rated,parsed,rating_anchor,0.9662,0.987,55,4392,74.885,4F | 4.8川菜馆￥289/人,兴蜀府·臻味江景餐厅 | 4F | 4.8川菜馆￥289/人 | 兴蜀府·臻味 | S1SISLUCELN | 点评榜单 | 浦东新区川菜环境榜第3名 | 川粤融合菜一 | 地道江景，性价比高 | 厂告 | ￥3286.6折 | ￥498 | 惠 | 午市2-3人可选工作餐 | ￥959.5折 | 惠 | ￥100100元代金券,ocr/input_videos\上海__正大广场__20260826.mp4
OBS-000394,正大广场,BUT.飞顿牛奶肌.INDIBA.科技美,BUT.飞顿牛奶肌.INDIBA.科技美,祛痘,4.4,,7F,rated,True,,rated,parsed,rating_anchor,0.9933,0.997,57,4392,74.885,7F | 4.4祛痘 | 🌟🌟⭐🌟 | ★,BUT.飞顿牛奶肌.INDIBA.科技美 | OUT.ESSC | 西班牙INDIBA | 7F | 4.4祛痘 | 🌟🌟⭐🌟 | 正易仅富疗授权 | ★ | 美容师效果好，推荐体验 | “ | ￥1615折 | ￥76855分钟清洁修护|祛... | 惠,ocr/input_videos\上海__正大广场__20260826.mp4
OBS-000395,正大广场,BERRY·下午茶,BERRY·下午茶,咖啡,3.8,,9F,rated,True,,rated,parsed,rating_anchor,0.9079,0.9831,55,4392,74.885,⭐⭐3.8咖啡 | 9F,BERRY·下午茶 | ⭐⭐3.8咖啡 | 9F | BERRY | 14:00营业 | ￥480009.6折 | 惠 | ￥50000包场咨询,ocr/input_videos\上海__正大广场__20260826.mp4
OBS-000396,正大广场,LAVAZZA拉瓦萨咖啡,LAVAZZA拉瓦萨咖啡,咖啡,4.3,31,1F,rated,True,,rated,parsed,rating_anchor,0.974,0.9984,51,4392,74.885,1F | ★🌟★★ | 咖啡￥31/人 | 4.3 | ★,LAVAZZA拉瓦萨咖啡 | CINCHNLDAV | LAVAIIA | 1F | ★🌟★★ | 咖啡￥31/人 | 4.3 | ★ | 21IAA | 拉瓦开脚啡 | 周三会员日买一送一 | 点评榜单 | 陆家嘴商圈咖啡好评榜第8名 | 杯水牛乳酒京续 | ￥22.97.2折 | ￥32 | 【经典黑咖】风味美 | 惠,ocr/input_videos\上海__正大广场__20260826.mp4
OBS-000397,正大广场,醉庐·新上海菜,醉庐·新上海菜,本帮菜,,110,6F,new_store,False,new_store,ocr_missing,parsed,metadata_anchor,0.9543,0.9605,51,4392,74.885,新店 | 6F | 本帮菜￥110/人,醉庐·新上海菜 | 新店 | 6F | 本帮菜￥110/人 | 醉庐 | 点评镑单 | 上海江浙菜销量榜第1名 | ZUILU DANQURT | 新士阅菜,ocr/input_videos\上海__正大广场__20260826.mp4
OBS-000398,正大广场,兴蜀府·臻味江景餐厅,兴蜀府·臻味江景餐厅,川菜馆,4.8,289,4F,rated,True,,rated,parsed,rating_anchor,0.9677,0.9932,54,4428,75.499,4F | 4.8川菜馆￥289/人,兴蜀府·臻味江景餐厅 | 4F | 4.8川菜馆￥289/人 | 兴蜀府·臻味 | SIWEUCEM | 点评榜单 | 浦东新区川菜环境榜第3名 | —川粤融合菜 | 地道江景，性价比高 | ￥328 | 6.6折 | ￥498 | 惠 | 午市2-3人可选工作餐 | ￥95 | 9.5折 | ￥100100元代金券 | 惠,ocr/input_videos\上海__正大广场__20260826.mp4
OBS-000399,正大广场,BUT.飞顿牛奶肌.INDIBA.科技美...,BUT.飞顿牛奶肌.INDIBA.科技美,祛痘,4.4,,7F,rated,True,,rated,parsed,rating_anchor,0.9288,0.939,54,4428,75.499,⭐4.4祛痘 | 7F,BUT.飞顿牛奶肌.INDIBA.科技美... | RUT.ESSE | 西班牙INDIBA | ⭐4.4祛痘 | 7F | 正易仪器武方播权 | 美容师效果好，推荐体验” | ￥1615折 | ￥76855分钟清洁修护|祛... | 惠,ocr/input_videos\上海__正大广场__20260826.mp4
OBS-000400,正大广场,BERRY·下午茶,BERRY·下午茶,咖啡,3.8,,9F,rated,True,,rated,parsed,rating_anchor,0.986,0.9762,51,4428,75.499,3.8咖啡 | 9F,BERRY·下午茶 | 3.8咖啡 | 9F | BERRY | 14:00营业 | ￥480009.6折 | ￥50000包场咨询 | 惠,ocr/input_videos\上海__正大广场__20260826.mp4
OBS-000401,正大广场,LAVAZZA拉瓦萨咖啡,LAVAZZA拉瓦萨咖啡,咖啡,4.3,31,1F,rated,True,,rated,parsed,rating_anchor,0.9708,0.9981,54,4428,75.499,1F | 咖啡￥31/人 | 🌟🌟🌟🌟 | 4.3 | ★,LAVAZZA拉瓦萨咖啡 | CINCINDAV | LAVAIZA | 1F | 咖啡￥31/人 | 🌟🌟🌟🌟 | 4.3 | ★ | 1A1 | 按瓦牌咖啡 | 周三会员日买一送一 | 点评榜单 | 陆家嘴商圈咖啡好评榜第8名 | 大杯水牛乳酒甜京铁 | ￥32 | ￥22.9 | 7.2折 | 【经典黑咖】风味美.. | 惠,ocr/input_videos\上海__正大广场__20260826.mp4
OBS-000402,正大广场,醉庐·新上海菜,醉庐·新上海菜,本帮菜,,110,6F,new_store,False,new_store,ocr_missing,parsed,metadata_anchor,0.9804,0.9617,55,4428,75.499,6F | 新店 | ￥110/人 | 本帮菜,醉庐·新上海菜 | 6F | 新店 | ￥110/人 | 本帮菜 | 醉庐 | 点评榜单 | 上海江浙菜销量榜第1名,ocr/input_videos\上海__正大广场__20260826.mp4
OBS-000403,正大广场,BUT.飞顿牛奶肌.INDIBA.科技美..,BUT.飞顿牛奶肌.INDIBA.科技美,祛痘,4.4,,7F,rated,True,,rated,parsed,rating_anchor,0.9251,0.9722,59,4524,77.135,⭐⭐4.4祛痘 | 7F,BUT.飞顿牛奶肌.INDIBA.科技美.. | BUTE8BE | 西班牙INDIBA | ⭐⭐4.4祛痘 | 7F | 正易仅游宣方授校 | “美容师效果好，推荐体验” | “ | ￥1615折 | ￥76855分钟清洁修护|祛... | 惠,ocr/input_videos\上海__正大广场__20260826.mp4
OBS-000404,正大广场,BERRY·下午茶,BERRY·下午茶,咖啡,3.8,,9F,rated,True,,rated,parsed,rating_anchor,0.9042,0.9842,55,4524,77.135,⭐⭐3.8咖啡 | 9F,BERRY·下午茶 | ⭐⭐3.8咖啡 | 9F | BERRY | 14:00营业 | 惠 | ￥480009.6折 | ￥50000包场咨询,ocr/input_videos\上海__正大广场__20260826.mp4
OBS-000405,正大广场,LAVAZZA拉瓦萨咖啡,LAVAZZA拉瓦萨咖啡,咖啡,4.3,31,1F,rated,True,,rated,parsed,rating_anchor,0.961,0.9982,58,4524,77.135,⭐🌟⭐⭐ | 咖啡￥31/人 | 1F | 4.3 | ★,LAVAZZA拉瓦萨咖啡 | CINCNDAV | LAVATZA | ⭐🌟⭐⭐ | 咖啡￥31/人 | 1F | 4.3 | ★ | 拉瓦萨咖啡 | 周三会员日买一送一 | 点评榜单 | 陆家嘴商圈咖啡好评榜第8名 | 大杯水牛电铺享快 | ￥32 | ￥22.97.2折 | 【经典黑咖】风味美. | 惠,ocr/input_videos\上海__正大广场__20260826.mp4
OBS-000406,正大广场,醉庐·新上海菜,醉庐·新上海菜,本帮菜,,110,6F,new_store,False,new_store,ocr_missing,parsed,metadata_anchor,0.9691,0.9892,61,4524,77.135,新店 | 6F | 本帮菜￥110/人,醉庐·新上海菜 | 新店 | 6F | 本帮菜￥110/人 | 醉庐 | 点评榜单 | 上海江浙菜销量榜第1名 | ZUILU BANDUET | 新上测果 | 广告 | ￥2786.7折 | ￥416 | 【沪上双韵】2-3人餐 | 惠,ocr/input_videos\上海__正大广场__20260826.mp4
OBS-000407,正大广场,BUT.飞顿牛奶肌.INDIBA.科技美,BUT.飞顿牛奶肌.INDIBA.科技美,祛痘,4.4,,7F,rated,True,,rated,parsed,rating_anchor,0.9432,0.9908,61,4548,77.545,⭐⭐4.4祛痘 | 7F,BUT.飞顿牛奶肌.INDIBA.科技美 | BUTESBE | 西班牙INDIBA | ⭐⭐4.4祛痘 | 7F | 正易仅游宣方授权 | 美容师效果好，推荐体验 | “ | ￥1615折 | ￥76855分钟清洁修护|祛... | 惠,ocr/input_videos\上海__正大广场__20260826.mp4
OBS-000408,正大广场,BERRY·下午茶,BERRY·下午茶,咖啡,3.8,,9F,rated,True,,rated,parsed,rating_anchor,0.933,0.9868,55,4548,77.545,⭐3.8咖啡 | 9F,BERRY·下午茶 | ⭐3.8咖啡 | 9F | BERRY | 14:00营业 | ￥480009.6折 | ￥50000包场咨询 | 惠,ocr/input_videos\上海__正大广场__20260826.mp4
OBS-000409,正大广场,LAVAZZA拉瓦萨咖啡,LAVAZZA拉瓦萨咖啡,咖啡,4.3,31,1F,rated,True,,rated,parsed,rating_anchor,0.9689,0.9984,54,4548,77.545,4.3咖啡￥31/人 | 1F,LAVAZZA拉瓦萨咖啡 | CINCINDAV | LAVALZA | 4.3咖啡￥31/人 | 1F | 拉瓦产咖啡 | 周三会员日买一送一 | 点评榜单 | 陆家嘴商圈咖啡好评榜第8名 | 大抒水牛电铺出阜快 | ￥22.97.2折 | ￥32 | 【经典黑咖】风味美. | 惠,ocr/input_videos\上海__正大广场__20260826.mp4
OBS-000410,正大广场,醉庐·新上海菜,醉庐·新上海菜,本帮菜,,110,6F,new_store,False,new_store,ocr_missing,parsed,metadata_anchor,0.9701,0.9784,58,4548,77.545,新店 | 本帮菜￥110/人 | 6F,醉庐·新上海菜 | 新店 | 本帮菜￥110/人 | 6F | 醉庐 | 点评榜单 | 上海江浙菜销量榜第1名 | ZUILU BANQUET | 新上海果 | 广告 | ￥2786.7折 | ￥416 | 惠 | 【沪上双韵】2-3人餐,ocr/input_videos\上海__正大广场__20260826.mp4
OBS-000411,正大广场,BUT.飞顿牛奶肌.INDIBA.科技美,BUT.飞顿牛奶肌.INDIBA.科技美,祛痘,4.4,,7F,rated,True,,rated,parsed,rating_anchor,0.9266,0.9964,57,4560,77.749,⭐⭐⭐4.4祛痘 | 7F,BUT.飞顿牛奶肌.INDIBA.科技美 | BUT.ES8E | 西班牙INDIBA | ⭐⭐⭐4.4祛痘 | 7F | 正易仪箱武方播校 | 美容师效果好，推荐体验 | ≤ | ￥1615折 | ￥76855分钟清洁修护|祛... | 惠,ocr/input_videos\上海__正大广场__20260826.mp4
OBS-000412,正大广场,BERRY·下午茶,BERRY·下午茶,咖啡,3.8,,9F,rated,True,,rated,parsed,rating_anchor,0.9867,0.9807,55,4560,77.749,3.8咖啡 | 9F,BERRY·下午茶 | 3.8咖啡 | 9F | BERRY | 14:00营业 | ￥480009.6折 | ￥50000包场咨询 | 惠,ocr/input_videos\上海__正大广场__20260826.mp4
OBS-000413,正大广场,LAVAZZA拉瓦萨咖啡,LAVAZZA拉瓦萨咖啡,咖啡,4.3,31,1F,rated,True,,rated,parsed,rating_anchor,0.9813,0.9983,54,4560,77.749,⭐🌟⭐⭐ | 1F | 4.3咖啡￥31/人,LAVAZZA拉瓦萨咖啡 | CINCIN DAV | LAVATZA | ⭐🌟⭐⭐ | 1F | 4.3咖啡￥31/人 | 拉瓦萨咖啡 | 周三会员日买一送一 | 点评榜单 | 陆家嘴商圈咖啡好评榜第8名 | 大杯水牛乳清甜京铁 | ￥32 | ￥22.97.2折 | 惠 | 【经典黑咖】风味美.,ocr/input_videos\上海__正大广场__20260826.mp4
OBS-000414,正大广场,醉庐·新上海菜,醉庐·新上海菜,本帮菜,,110,6F,new_store,False,new_store,ocr_missing,parsed,metadata_anchor,0.9762,0.988,58,4560,77.749,新店 | 6F | 本帮菜￥110/人,醉庐·新上海菜 | 新店 | 6F | 本帮菜￥110/人 | 醉庐 | 点评榜单 | 上海江浙菜销量榜第1名 | ZUILUBANDUET | 新上海聚- | 广告 | ￥278 | ￥416 | 6.7折 | 【沪上双韵】2-3人餐 | 惠,ocr/input_videos\上海__正大广场__20260826.mp4
OBS-000415,正大广场,BUT.飞顿牛奶肌.INDIBA.科技美..,BUT.飞顿牛奶肌.INDIBA.科技美,祛痘,4.4,,7F,rated,True,,rated,parsed,rating_anchor,0.9788,0.9645,57,4584,78.158,7F | 🌟🌟🎉🎉 | 祛痘 | 4.4 | ★,BUT.飞顿牛奶肌.INDIBA.科技美.. | BUTESBE | 西班牙INDIBA | 7F | 🌟🌟🎉🎉 | 祛痘 | 正易仅箱富方授校 | 4.4 | ★ | “美容师效果好，推荐体验” | ￥161 | 5折 | ￥76855分钟清洁修护|祛... | 惠,ocr/input_videos\上海__正大广场__20260826.mp4
OBS-000416,正大广场,BERRY·下午茶,BERRY·下午茶,咖啡,3.8,,9F,rated,True,,rated,parsed,rating_anchor,0.8609,0.9787,57,4584,78.158,⭐⭐⭐3.8咖啡 | 9F,BERRY·下午茶 | ⭐⭐⭐3.8咖啡 | 9F | BERRY | 14:00营业 | ￥480009.6折 | ￥50000 | 包场咨询 | 惠,ocr/input_videos\上海__正大广场__20260826.mp4
OBS-000417,正大广场,LAVAZZA拉瓦萨咖啡,LAVAZZA拉瓦萨咖啡,咖啡,4.3,31,1F,rated,True,,rated,parsed,rating_anchor,0.9631,0.9978,58,4584,78.158,1F | 🌟🌟🌟🌟 | 4.3 | 咖啡￥31/人 | ★,LAVAZZA拉瓦萨咖啡 | CINCINDAV | LAVATLA | 1F | 🌟🌟🌟🌟 | 4.3 | 咖啡￥31/人 | ★ | 拉瓦产咖啡 | 周三会员日买一送一 | 点评榜单 | 陆家嘴商圈咖啡好评榜第8名 | 大杯水牛电铺比享快 | ￥22.9 | 7.2折 | ￥32 | 惠 | 【经典黑咖】风味美.,ocr/input_videos\上海__正大广场__20260826.mp4
OBS-000418,正大广场,醉庐·新上海菜,醉庐·新上海菜,本帮菜,,110,6F,new_store,False,new_store,ocr_missing,parsed,metadata_anchor,0.9789,0.9876,54,4584,78.158,新店 | 本帮菜￥110/人 | 6F,醉庐·新上海菜 | 新店 | 本帮菜￥110/人 | 6F | 醉庐 | 点评榜单 | 上海江浙菜销量榜第1名 | ZUILU BANDUET | 新上测染 | 广告 | ￥2786.7折 | ￥416 | 惠 | 【沪上双韵】2-3人餐,ocr/input_videos\上海__正大广场__20260826.mp4
OBS-000419,正大广场,NMY诺美妍美容,NMY诺美妍美容,SPA美体,,137,,unknown,True,,ocr_missing,parsed,metadata_anchor,0.949,0.997,52,4584,78.158,7E | SPA美体￥137/人,NMY诺美妍美容 | 7E | SPA美体￥137/人,ocr/input_videos\上海__正大广场__20260826.mp4
OBS-000420,正大广场,醉庐·新上海菜,醉庐·新上海菜,本帮菜,,110,6F,new_store,False,new_store,ocr_missing,parsed,metadata_anchor,0.969,0.974,55,4632,78.977,新店 | 本帮菜￥110/人 | 6F,醉庐·新上海菜 | 新店 | 本帮菜￥110/人 | 6F | 醉庐 | 点评榜单 | 上海江浙菜销量榜第1名 | ZULU RANQUET | 新上海集 | 广告 | ￥2786.7折 | ￥416 | 【沪上双韵】2-3人餐 | 惠,ocr/input_videos\上海__正大广场__20260826.mp4
OBS-000421,正大广场,NMY诺美妍美容,NMY诺美妍美容,SPA美体,3.0,137,7F,rated,True,,rated,parsed,rating_anchor,0.9818,0.9989,51,4632,78.977,3.0SPA美体￥137/人 | 7F,NMY诺美妍美容 | 3.0SPA美体￥137/人 | 7F,ocr/input_videos\上海__正大广场__20260826.mp4
OBS-000422,正大广场,柠季·手打柠檬茶,柠季·手打柠檬茶,茶饮果汁,4.2,17,6F,rated,True,,rated,parsed,rating_anchor,0.9768,0.9832,51,4632,78.977,4.2茶饮果汁￥17/人 | 🌟🌟🌟🌟⭐ | 6F,柠季Ningi | 柠季·手打柠檬茶 | 4.2茶饮果汁￥17/人 | 🌟🌟🌟🌟⭐ | 6F | 点评榜单 | 陆家嘴商圈茶饮果汁销量榜第4名 | 正大性价比高” | “ | ￥10.9 | 5.2折 | 惠 | ￥21 | 【国际美味奖】鸭屎...,ocr/input_videos\上海__正大广场__20260826.mp4
OBS-000423,正大广场,星巴克臻选,星巴克臻选,咖啡,3.9,37,3F,rated,True,,rated,parsed,rating_anchor,0.9769,0.999,56,4632,78.977,3.9咖啡￥37/人 | 3F,星巴克臻选 | 3.9咖啡￥37/人 | 3F | “好喝的太妃榛果，26元杯虽贵” | 真茶真奶真愛你 | ￥59.97.7折 | ￥78 | 【爆款推荐】星巴克.. | 惠,ocr/input_videos\上海__正大广场__20260826.mp4
OBS-000424,正大广场,北海宴·渔哥,北海宴·渔哥,粤菜馆,4.9,188,7F,rated,True,,rated,parsed,rating_anchor,0.9772,0.9891,58,4632,78.977,7F | 🌟🌟🎉🎉⭐4.9 | 粤菜馆￥188/人,北海宴·渔哥 | 7F | 🌟🌟🎉🎉⭐4.9 | 粤菜馆￥188/人 | 点评榜单 | 陆家嘴商圈粵菜好评榜第3名 | 14:00休息 | ￥1495折 | 惠 | ￥299砂锅酱油马友鱼,ocr/input_videos\上海__正大广场__20260826.mp4
OBS-000425,正大广场,星巴克臻选,星巴克臻选,咖啡,3.9,37,3F,rated,True,,rated,parsed,rating_anchor,0.9714,0.9991,56,4728,80.614,3F | 3.9咖啡￥37/人,星巴克臻选 | 3F | 3.9咖啡￥37/人 | “好喝的太妃榛果，26元杯虽贵 | 真茶真奶真爱你 | ￥59.97.7折 | ￥78 | 【爆款推荐】星巴克.. | 惠,ocr/input_videos\上海__正大广场__20260826.mp4
OBS-000426,正大广场,北海宴·渔哥,北海宴·渔哥,粤菜馆,4.9,188,7F,rated,True,,rated,parsed,rating_anchor,0.9774,0.989,58,4728,80.614,🌟🌟🎉🎉4.9 | 7F | 粤菜馆￥188/人,北海宴·渔哥 | 🌟🌟🎉🎉4.9 | 7F | 粤菜馆￥188/人 | 点评榜单 | 陆家嘴商圈粤菜好评榜第3名 | 14:00休息 | ￥1495折 | ￥299砂锅酱油马友鱼 | 惠 | ￥939.3折 | 惠 | ￥100100元代券,ocr/input_videos\上海__正大广场__20260826.mp4
OBS-000427,正大广场,耳语,耳语,综合珠宝首饰,3.4,,3F,rated,True,,rated,parsed,rating_anchor,0.9982,0.9996,67,4728,80.614,3.4综合珠宝首饰 | 3F,耳语 | 3.4综合珠宝首饰 | 3F | ERYU,ocr/input_videos\上海__正大广场__20260826.mp4
OBS-000428,正大广场,瑞幸咖啡,瑞幸咖啡,咖啡,4.2,16,商场内,rated,True,,rated,parsed,rating_anchor,0.9652,0.9997,60,4728,80.614,4.2咖啡￥16/人 | 商场内,瑞幸咖啡 | 4.2咖啡￥16/人 | 商场内 | “瑞幸咖啡最好出的家” | ￥21 | ￥14.97.1折 | 【超大杯】非咖啡5选1 | 惠,ocr/input_videos\上海__正大广场__20260826.mp4
OBS-000429,正大广场,星巴克臻选,星巴克臻选,咖啡,3.9,37,3F,rated,True,,rated,parsed,rating_anchor,0.9781,0.9992,56,4776,81.432,3F | 3.9咖啡￥37/人,星巴克臻选 | 3F | 3.9咖啡￥37/人 | “好喝的太妃榛果，26元杯虽贵” | 真茶真奶真愛你 | ￥59.97.7折 | ￥78 | 【爆款推荐】星巴克. | 惠,ocr/input_videos\上海__正大广场__20260826.mp4
OBS-000430,正大广场,北海宴·渔哥,北海宴·渔哥,粤菜馆,4.9,188,7F,rated,True,,rated,parsed,rating_anchor,0.976,0.9877,59,4776,81.432,7F | 🌟🌟🎉🎉🌟 | 粤菜馆￥188/人 | 4.9,北海宴·渔哥 | 7F | 🌟🌟🎉🎉🌟 | 粤菜馆￥188/人 | 4.9 | 点评榜单 | 陆家嘴商圈粤菜好评榜第3名 | 14:00休息 | ￥1495折 | ￥299砂锅酱油马友鱼 | 惠 | ￥939.3折 | 惠 | ￥100100元代金券,ocr/input_videos\上海__正大广场__20260826.mp4
OBS-000431,正大广场,耳语,耳语,综合珠宝首饰,3.4,,3F,rated,True,,rated,parsed,rating_anchor,0.9978,0.999,73,4776,81.432,3.4综合珠宝首饰 | 3F,耳语 | 3.4综合珠宝首饰 | 3F | ERYU,ocr/input_videos\上海__正大广场__20260826.mp4
OBS-000432,正大广场,瑞幸咖啡,瑞幸咖啡,咖啡,4.2,16,商场内,rated,True,,rated,parsed,rating_anchor,0.9722,0.9997,60,4776,81.432,商场内 | 4.2咖啡￥16/人,瑞幸咖啡 | 商场内 | 4.2咖啡￥16/人 | “瑞幸咖啡最好出的家” | luckin coffee | ￥21 | ￥14.97.1折 | 【超大杯】非咖啡5选1 | 惠,ocr/input_videos\上海__正大广场__20260826.mp4
OBS-000433,正大广场,桃夏护手霜,桃夏护手霜,化妆品,4.7,164,3F,rated,True,,rated,parsed,rating_anchor,0.9691,0.9998,59,4776,81.432,3F | 4.7化妆品￥164/人,桃夏护手霜 | 3F | 4.7化妆品￥164/人,ocr/input_videos\上海__正大广场__20260826.mp4
OBS-000434,正大广场,北海宴·渔哥,北海宴·渔哥,粤菜馆,,188,7F,unknown,True,,ocr_missing,parsed,metadata_anchor,0.9711,0.9882,58,4848,82.66,⭐🌟★⭐🌟 | 14.9 | 7F | 粤菜馆￥188/人,北海宴·渔哥 | ⭐🌟★⭐🌟 | 14.9 | 7F | 粤菜馆￥188/人 | 点评榜单 | 陆家嘴商圈粤菜好评榜第3名 | 14:00休息 | ￥1495折 | ￥299砂锅酱油马友鱼 | 惠 | ￥939.3折 | 惠 | ￥100100元代金券,ocr/input_videos\上海__正大广场__20260826.mp4
OBS-000435,正大广场,耳语,耳语,综合珠宝首饰,3.4,,3F,rated,True,,rated,parsed,rating_anchor,0.9973,0.9998,69,4848,82.66,3.4综合珠宝首饰 | 3F,耳语 | 3.4综合珠宝首饰 | 3F | ERYU,ocr/input_videos\上海__正大广场__20260826.mp4
OBS-000436,正大广场,瑞幸咖啡,瑞幸咖啡,咖啡,4.2,16,商场内,rated,True,,rated,parsed,rating_anchor,0.9817,0.9998,62,4848,82.66,商场内 | 🌟🌟🌟🌟 | 4.2咖啡￥16/人 | ★,瑞幸咖啡 | 商场内 | 🌟🌟🌟🌟 | 4.2咖啡￥16/人 | ★ | 瑞幸咖啡最好出的家” | luckin coffee | ￥14.97.1折 | ￥21 | 【超大杯】非咖啡5选1 | 惠,ocr/input_videos\上海__正大广场__20260826.mp4
OBS-000437,正大广场,桃夏护手霜,桃夏护手霜,化妆品,4.7,164,3F,rated,True,,rated,parsed,rating_anchor,0.9708,0.9987,55,4848,82.66,4.7化妆品￥164/人 | 3F,桃夏护手霜 | 4.7化妆品￥164/人 | 3F,ocr/input_videos\上海__正大广场__20260826.mp4
OBS-000438,正大广场,浦江晓月,浦江晓月,淮扬菜,4.7,172,5F,rated,True,,rated,parsed,rating_anchor,0.9835,0.9994,57,4848,82.66,5F | 🌟🌟🌟🌟🌟 | 淮扬菜￥172/人 | 4.7,浦江晓月 | 瞰浦江盛景 | 5F | 🌟🌟🌟🌟🌟 | 淮扬菜￥172/人 | 4.7 | 尝准扬雕误 | 点评榜单 | 陆家嘴商圈淮扬菜好评榜第4名 | 14:00休息 | 宴请佳选，菜品特色丰富 | 3 | “ | ￥32 | ￥48 | 惠 | 6.7折 | 【超值】清炖淮扬狮子头 | 5050元代余卷 | 459折 | 市,ocr/input_videos\上海__正大广场__20260826.mp4
OBS-000439,正大广场,瑞幸咖啡,瑞幸咖啡,咖啡,4.2,16,商场内,rated,True,,rated,parsed,rating_anchor,0.9759,0.9999,57,4896,83.478,商场内 | ⭐🌟⭐⭐⭐ | 4.2咖啡￥16/人,瑞幸咖啡 | 商场内 | ⭐🌟⭐⭐⭐ | 4.2咖啡￥16/人 | “瑞幸咖啡最好出的家” | “ | luckin coffee | ￥14.97.1折 | ￥21 | 惠 | 【超大杯】非咖啡5选1,ocr/input_videos\上海__正大广场__20260826.mp4
OBS-000440,正大广场,桃夏护手霜,桃夏护手霜,化妆品,4.7,164,3F,rated,True,,rated,parsed,rating_anchor,0.9685,0.9986,55,4896,83.478,4.7化妆品￥164/人 | 3F,桃夏护手霜 | 4.7化妆品￥164/人 | 3F,ocr/input_videos\上海__正大广场__20260826.mp4
OBS-000441,正大广场,浦江晓月,浦江晓月,淮扬菜,4.7,172,5F,rated,True,,rated,parsed,rating_anchor,0.9886,0.9995,56,4896,83.478,5F | 🌟🌟🌟🌟🌟 | 4.7淮扬菜￥172/人,浦江晓月 | 瞰浦江盛景 | 5F | 🌟🌟🌟🌟🌟 | 4.7淮扬菜￥172/人 | 尝准扬雅读 | 点评榜单 | 陆家嘴商圈淮扬菜好评榜第4名 | 14:00休息 | 宴请佳选，菜品特色丰富 | 37 | C | ￥326.7折 | ￥48 | 惠 | 【超值】清炖淮扬狮子头 | ￥459折 | 惠 | ￥5050元代金券,ocr/input_videos\上海__正大广场__20260826.mp4
OBS-000442,正大广场,张亮麻辣烫,张亮麻辣烫,麻辣烫,3.6,33,B2,rated,True,,rated,parsed,rating_anchor,0.9791,0.9997,55,4896,83.478,B2 | 🌟★🌟🌟🌟 | 麻辣烫￥33/人 | 3.6,张亮麻辣烫 | B2 | 🌟★🌟🌟🌟 | 麻辣烫￥33/人 | 3.6 | 点评榜单 | 浦东新区麻辣烫销量榜第1名 | 张亮麻辣烫 | ￥21.98.8折 | ￥25 | 惠 | 【夏日狂欢】25元代..,ocr/input_videos\上海__正大广场__20260826.mp4
OBS-000443,正大广场,趙记羊肉馆,赵记羊肉馆,小吃,3.7,31,B2,rated,True,,rated,parsed,rating_anchor,0.9579,0.9654,56,4896,83.478,B2 | 🌟🌟🌟★🌟 | 3.7小吃￥31/人,趙记羊肉馆 | B2 | 🌟🌟🌟★🌟 | 3.7小吃￥31/人 | 超記羊肉馆 | 点评榜单 | 陆家嘴商圈小吃热门榜第3名 | 活酒酒染百琴车号,ocr/input_videos\上海__正大广场__20260826.mp4
OBS-000444,正大广场,张亮麻辣烫,张亮麻辣烫,麻辣烫,3.6,33,B2,rated,True,,rated,parsed,rating_anchor,0.9817,0.9996,58,5016,85.524,B2 | 🌟🌟🌟🌟🌟 | 麻辣烫￥33/人 | 3.6,张亮麻辣烫 | B2 | 🌟🌟🌟🌟🌟 | 麻辣烫￥33/人 | 3.6 | 点评榜单 | 浦东新区麻辣烫销量榜第1名 | 张亮麻辣烫 | ￥21.9 | 8.8折 | ￥25 | 【夏日狂欢】25元代.. | 惠,ocr/input_videos\上海__正大广场__20260826.mp4
OBS-000445,正大广场,趙记羊肉馆,赵记羊肉馆,吃,3.7,,B2,rated,True,,rated,parsed,rating_anchor,0.9685,0.9793,55,5016,85.524,B2 | 3.7吃￥31/ | 🌟🌟🌟🌟🌟,趙记羊肉馆 | B2 | 3.7吃￥31/ | 🌟🌟🌟🌟🌟 | 超記羊肉馆 | 点评榜单 | 陆家嘴商圈小吃热门榜第3名 | 活选博染百彩号 | ￥19.9 | 7.2折 | ￥28 | 【经典老味道】招牌... | 惠 | ￥29.9 | 8.6折 | ￥3535元代金券 | 惠,ocr/input_videos\上海__正大广场__20260826.mp4
OBS-000446,正大广场,乐高授权专卖店,乐高授权专卖店,玩具,4.8,341,2F,rated,True,,rated,parsed,rating_anchor,0.9628,0.9992,51,5016,85.524,4.8玩具￥341/人 | 2F,乐高授权专卖店 | 4.8玩具￥341/人 | 2F | LESO | 乐高积木，亲子体验超有趣” | (,ocr/input_videos\上海__正大广场__20260826.mp4
OBS-000447,正大广场,璞徽·徽商家宴,璞徽·徽商家宴,徽菜,4.9,228,5F,rated,True,,rated,parsed,rating_anchor,0.97,0.9782,51,5016,85.524,5F | 徽菜￥228/人 | 🌟🌟🎉🎉🌟4.9,璞徽·徽商家宴 | 5F | 徽菜￥228/人 | 🌟🌟🎉🎉🌟4.9 | 点评榜单 | 上海徽菜口味榜第1名 | 14:00休息 | 面条鲜美，家人聚餐好去处” | “,ocr/input_videos\上海__正大广场__20260826.mp4
OBS-000448,正大广场,张亮麻辣烫,张亮麻辣烫,麻辣烫,3.6,33,B2,rated,True,,rated,parsed,rating_anchor,0.9825,0.9998,56,5040,85.933,3.6麻辣烫￥33/人 | B2,张亮麻辣烫 | 3.6麻辣烫￥33/人 | B2 | 点评榜单 | 浦东新区麻辣烫销量榜第1名 | 张亮麻辣烫 | ￥21.98.8折 | 【夏日狂欢】25元代... | ￥25 | 惠,ocr/input_videos\上海__正大广场__20260826.mp4
OBS-000449,正大广场,趙记羊肉馆,赵记羊肉馆,小吃,3.7,31,B2,rated,True,,rated,parsed,rating_anchor,0.9344,0.9527,58,5040,85.933,🌟🌟🌟🌟🌟 | B2 | 小吃￥31/人 | 3.7,趙记羊肉馆 | 🌟🌟🌟🌟🌟 | B2 | 小吃￥31/人 | 3.7 | 超記羊肉馆 | 点评榜单 | 含池传品百年字号 | 陆家嘴商圈小吃热门榜第3名 | ￥19.97.2折 | ￥28 | 【经典老味道】招牌. | 惠 | ￥29.9 | 8.6折 | ￥3535元代金券 | 惠,ocr/input_videos\上海__正大广场__20260826.mp4
OBS-000450,正大广场,乐高授权专卖店,乐高授权专卖店,玩具,4.8,341,2F,rated,True,,rated,parsed,rating_anchor,0.9737,0.9997,55,5040,85.933,4.8玩具￥341/人 | 2F,乐高授权专卖店 | 4.8玩具￥341/人 | 2F | LEDO | 乐高积木，亲子体验超有趣” | S,ocr/input_videos\上海__正大广场__20260826.mp4
OBS-000451,正大广场,璞徽·徽商家宴,璞徽·徽商家宴,徽菜,4.9,228,5F,rated,True,,rated,parsed,rating_anchor,0.9645,0.9721,52,5040,85.933,⭐4.9 | 5F | 徽菜￥228/人,璞徽·徽商家宴 | 璞 | ⭐4.9 | 5F | 徽菜￥228/人 | TYHE | 家 | 点评镑单 | 上海徽菜口味榜第1名 | 14:00休息 | 面条鲜美，家人聚餐好去处” | ￥8.8 | 1.9折 | ￥48 | 惠 | 【网友推荐】祁红茶冻 | ￥959.5折 | ￥100100元代金券 | 惠,ocr/input_videos\上海__正大广场__20260826.mp4
OBS-000452,正大广场,张亮麻辣烫,张亮麻辣烫,麻辣烫,3.6,33,B2,rated,True,,rated,parsed,rating_anchor,0.9808,0.9997,55,5100,86.956,3.6麻辣烫￥33/人 | B2,张亮麻辣烫 | 3.6麻辣烫￥33/人 | B2 | 点评榜单 | 浦东新区麻辣烫销量榜第1名 | 张亮麻辣烫 | ￥21.9 | 【夏日狂欢】25元代... | 8.8折 | ￥25 | 惠,ocr/input_videos\上海__正大广场__20260826.mp4
OBS-000453,正大广场,趙记羊肉馆,赵记羊肉馆,小吃,3.7,31,B2,rated,True,,rated,parsed,rating_anchor,0.9638,0.9776,59,5100,86.956,3.7小吃￥31/人 | B2 | 🌟🌟🌟🌟🌟,趙记羊肉馆 | 3.7小吃￥31/人 | B2 | 🌟🌟🌟🌟🌟 | 趙記羊肉馆 | 点评榜单 | 陆家嘴商圈小吃热门榜第3名 | 含油线首年字号 | ￥28 | ￥19.97.2折 | 惠 | 【经典老味道】招牌... | ￥29.9 | 惠 | 8.6折 | ￥3535元代金券,ocr/input_videos\上海__正大广场__20260826.mp4
OBS-000454,正大广场,乐高授权专卖店,乐高授权专卖店,玩具,4.8,341,2F,rated,True,,rated,parsed,rating_anchor,0.9709,0.9995,55,5100,86.956,4.8玩具￥341/人 | 2F,乐高授权专卖店 | 4.8玩具￥341/人 | 2F | LEDO | 乐高积木，亲子体验超有趣” | S,ocr/input_videos\上海__正大广场__20260826.mp4
OBS-000455,正大广场,璞徽·徽商家宴,璞徽·徽商家宴,徽菜,4.9,228,5F,rated,True,,rated,parsed,rating_anchor,0.9642,0.9739,52,5100,86.956,⭐🌟⭐⭐🌟4.9 | 5F | 徽菜￥228/人,璞徽·徽商家宴 | 璞 | ⭐🌟⭐⭐🌟4.9 | 5F | 徽菜￥228/人 | PEH | TYHE | 点评榜单 | 2 | 上海徽菜口味榜第1名 | 14:00休息 | 面条鲜美，家人聚餐好去处” | ￥8.8 | 1.9折 | ￥48 | 惠 | 【网友推荐】祁红茶冻 | ￥95 | 9.5折 | ￥100100元代金券 | 惠,ocr/input_videos\上海__正大广场__20260826.mp4
OBS-000456,正大广场,乐高授权专卖店,乐高授权专卖店,玩具,4.8,341,2F,rated,True,,rated,parsed,rating_anchor,0.9666,0.9973,52,5124,87.366,2F | 4.8玩具￥341/人,乐高授权专卖店 | 2F | 4.8玩具￥341/人 | LEOO | 乐高积木，亲子体验超有趣”,ocr/input_videos\上海__正大广场__20260826.mp4
OBS-000457,正大广场,璞徽·徽商家宴,璞徽·徽商家宴,徽菜,4.9,228,5F,rated,True,,rated,parsed,rating_anchor,0.9616,0.9721,52,5124,87.366,5F | 徽菜￥228/人 | ★⭐★⭐4.9,璞徽·徽商家宴 | 璞 | 5F | 徽菜￥228/人 | ★⭐★⭐4.9 | TYHE | p | 点评榜单 | 上海徽菜口味榜第1名 | 14:00休息 | 面条鲜美，家人聚餐好去处” | ≤ | ￥48 | 1.9折 | ￥8.8 | 惠 | 【友推荐】祁红茶冻 | ￥95 | 59.5折 | ￥100100元代金券 | 惠,ocr/input_videos\上海__正大广场__20260826.mp4
OBS-000458,正大广场,樾鲜·台州菜,樾鲜·台州菜,海鲜,4.8,184,8F,rated,True,,rated,parsed,rating_anchor,0.9296,0.9356,55,5124,87.366,8F | 4.8海鲜￥184/人,樾鲜·台州菜 | 8F | 4.8海鲜￥184/人 | 樹鲜 | 点评榜单 | 陆家嘴商圈鱼鲜海鲜热门榜第1名 | 14:00休息 | 口感咸淡适中，让人食欲大增 | ≤ | ￥399 | ￥1328 | 3.1折 | 惠 | 【特价】双人餐 | ￥959.5折 | ￥100100元代金券 | 惠,ocr/input_videos\上海__正大广场__20260826.mp4
OBS-000459,正大广场,間道·面,间道·面,面馆,4.2,32,B2,rated,True,,rated,parsed,rating_anchor,0.9458,0.9351,58,5124,87.366,🌟🌟⭐⭐ | 4.2面馆￥32/人 | B2,間道·面 | 🌟🌟⭐⭐ | 4.2面馆￥32/人 | B2 | 点评榜单 | 陆家嘴商圈面馆口味榜第3名,ocr/input_videos\上海__正大广场__20260826.mp4
OBS-000460,正大广场,璞徽·徽商家宴,璞徽·徽商家宴,徽菜,4.9,228,5F,rated,True,,rated,parsed,rating_anchor,0.9593,0.9606,48,5160,87.979,🌟🌟🌟🎉🎉4.9 | 5F | 徽菜￥228/人,璞徽·徽商家宴 | 璞 | 🌟🌟🌟🎉🎉4.9 | 5F | 徽菜￥228/人 | 点评榜单 | 上海徽菜口味榜第1名 | 14:00休息 | 面条鲜美，家人聚餐好去处 | “ | 1.9折 | ￥48 | ￥8.8 | 惠 | 【网友推荐】祁红茶冻 | ￥959.5折 | ￥100100元代金券 | 惠,ocr/input_videos\上海__正大广场__20260826.mp4
OBS-000461,正大广场,樾鲜·台州菜,樾鲜·台州菜,海鲜,4.8,184,8F,rated,True,,rated,parsed,rating_anchor,0.9551,0.9673,52,5160,87.979,8F | 4.8海鲜￥184/人,樾鲜·台州菜 | 9 | 8F | 4.8海鲜￥184/人 | 桂 | 点评榜单 | 陆家嘴商圈鱼鲜海鲜热门榜第1名 | 14:00休息 | 口感咸淡适中，让人食欲大增 | ￥3993.1折 | ￥1328 | 惠 | 【特价】双人餐 | ￥959.5折 | 惠 | ￥100100元代金券,ocr/input_videos\上海__正大广场__20260826.mp4
OBS-000462,正大广场,間道·面,间道·面,面馆,4.2,32,B2,rated,True,,rated,parsed,rating_anchor,0.9539,0.9317,59,5160,87.979,⭐🌟⭐⭐ | B2 | 4.2面馆￥32/人,間道·面 | 老陝手工面 | ShaexiMondande Noodle | ⭐🌟⭐⭐ | B2 | 4.2面馆￥32/人 | 陕西遮面 | SHAN XI BIANG BIANG MLAN | 点评榜单 | 陆家嘴商圈面馆口味榜第3名 | 手工肉夹馍 | 正宗·传统·地道 | ￥29.99.1折 | 【干饭必备】秦岭大 | ￥33 | 惠,ocr/input_videos\上海__正大广场__20260826.mp4
OBS-000463,正大广场,迪桑特DESCENTE,迪桑特DESCENTE,运动.,4.9,3631,商场内,rated,True,,rated,parsed,rating_anchor,0.8972,0.9991,56,5160,87.979,⭐⭐🎉⭐⭐4.9运动. | ￥3631/人商场内,迪桑特DESCENTE | ⭐⭐🎉⭐⭐4.9运动. | ￥3631/人商场内 | 点评榜单 | 陆家嘴商圈运动户外好评榜第1名 | 店铺特别大，货品上海最全 | “,ocr/input_videos\上海__正大广场__20260826.mp4
OBS-000464,正大广场,艾维庭美学SPA,艾维庭美学SPA,SPA美体,4.5,258,7F,rated,True,,rated,parsed,rating_anchor,0.9869,0.9975,47,5160,87.979,7F | 🌟🌟⭐⭐🌟 | 4.5SPA美体￥258/人,艾维庭美学SPA | 7F | 🌟🌟⭐⭐🌟 | 4.5SPA美体￥258/人 | 艾维庭SPA | 陆家嘴商圈皮肤管理销量榜第9名,ocr/input_videos\上海__正大广场__20260826.mp4
OBS-000465,正大广场,樾鲜·台州菜,樾鲜·台州菜,海鲜,4.8,184,8F,rated,True,,rated,parsed,rating_anchor,0.9462,0.9728,56,5280,90.025,4.8海鲜￥184/人 | 8F,樾鲜·台州菜 | 4.8海鲜￥184/人 | 8F | 点评榜单 | 陆家嘴商圈鱼鲜海鲜热门榜第1名 | 14:00休息 | 口感咸淡适中，让人食欲大增 | “ | ￥399 | 3.1折 | ￥1328 | 惠 | 【特价】双人餐 | ￥95 | 惠 | 9.5折 | ￥100100元代金券,ocr/input_videos\上海__正大广场__20260826.mp4
OBS-000466,正大广场,間道·面,间道·面,面馆,4.2,32,B2,rated,True,,rated,parsed,rating_anchor,0.9523,0.9296,58,5280,90.025,🌟🌟⭐⭐ | B2 | 4.2面馆￥32/人,間道·面 | 老陕手工面 | ShauxiHandaake Nssdle | 🌟🌟⭐⭐ | B2 | 4.2面馆￥32/人 | 陕西蘧遮面 | SHAN XI BIANG BIANG MIAN | 点评榜单 | 陆家嘴商圈面馆口味榜第3名 | 手工肉夹馍 | 正宗·传统·地道 | ￥33 | ￥29.99.1折 | 【干饭必备】秦岭大. | 惠,ocr/input_videos\上海__正大广场__20260826.mp4
OBS-000467,正大广场,迪桑特DESCENTE,迪桑特DESCENTE,运动...,4.9,3631,商场内,rated,True,,rated,parsed,rating_anchor,0.8883,0.9988,51,5280,90.025,🌟🌟🎉🌟🌟4.9 | 运动... | ￥3631/人商场内,迪桑特DESCENTE | 🌟🌟🎉🌟🌟4.9 | 运动... | ￥3631/人商场内 | 点评榜单 | 陆家嘴商圈运动户外好评榜第1名 | 店铺特别大，货品上海最全 | C,ocr/input_videos\上海__正大广场__20260826.mp4
OBS-000468,正大广场,艾维庭美学SPA,艾维庭美学SPA,SPA美体,4.5,258,7F,rated,True,,rated,parsed,rating_anchor,0.9806,0.9973,54,5280,90.025,7F | 4.5SPA美体￥258/人,艾维庭美学SPA | 7F | 4.5SPA美体￥258/人 | 艾维庭SPA | 陆家嘴商圈皮肤管理销量榜第9名 | 隐私性好，清理细致干净 | “ | 3 | 广告 | ￥1918.8折 | ￥128060分钟深层清洁收... | 惠,ocr/input_videos\上海__正大广场__20260826.mp4
OBS-000469,正大广场,間道·面,间道·面,面馆,4.2,32,B2,rated,True,,rated,parsed,rating_anchor,0.9532,0.9465,58,5328,90.844,⭐🌟⭐⭐ | B2 | 4.2面馆￥32/人 | ★,間道·面 | 老陝手工面 | ShcexI Handaade Needle | ⭐🌟⭐⭐ | B2 | 4.2面馆￥32/人 | ★ | 陕西遮遷面 | 点评榜单 | SHAN XI BIANG BIANG MIAN | 陆家嘴商圈面馆口味榜第3名 | 手工肉夹馍 | 正宗·传统·地道 | ￥29.99.1折 | ￥33 | 【干饭必备】秦岭大. | 惠,ocr/input_videos\上海__正大广场__20260826.mp4
OBS-000470,正大广场,迪桑特DESCENTE,迪桑特DESCENTE,运动...,4.9,3631,商场内,rated,True,,rated,parsed,rating_anchor,0.9264,0.9994,50,5328,90.844,运动... | 🌟🌟🌟🌟4.9 | ￥3631/人商场内,迪桑特DESCENTE | 运动... | 🌟🌟🌟🌟4.9 | ￥3631/人商场内 | 点评榜单 | 陆家嘴商圈运动户外好评榜第1名 | 店铺特别大，货品上海最全 | 小 | 3,ocr/input_videos\上海__正大广场__20260826.mp4
OBS-000471,正大广场,艾维庭美学SPA,艾维庭美学SPA,SPA美体,4.5,258,7F,rated,True,,rated,parsed,rating_anchor,0.9766,0.9971,50,5328,90.844,7F | 4.5SPA美体￥258/人,艾维庭美学SPA | 7F | 4.5SPA美体￥258/人 | 艾维庭SPA | 陆家嘴商圈皮肤管理销量榜第9名 | 隐私性好，清理细致干净 | 3 | 《 | 广告 | ￥191 | ￥128060分钟深层清洁|收... | 8.8折 | 惠,ocr/input_videos\上海__正大广场__20260826.mp4
OBS-000472,正大广场,楚汉传奇·热干面,楚汉传奇·热干面,小吃快餐,3.6,25,B2,rated,True,,rated,parsed,rating_anchor,0.9657,0.9765,52,5328,90.844,B2 | 3.6小吃快餐￥25/人,楚汉传奇·热干面 | 湖北头牌 | 蔬藕排骨務 | B2 | 3.6小吃快餐￥25/人 | 5 | ￥26.87.9折 | ￥34 | 【武汉招牌】热干面... | 惠,ocr/input_videos\上海__正大广场__20260826.mp4
OBS-000473,正大广场,香港肥锅港式米线,香港肥锅港式米线,小吃快餐,3.7,29,B2,rated,True,,rated,parsed,rating_anchor,0.9804,0.9996,51,5328,90.844,3.7小吃快餐￥29/人 | B2,香港肥锅港式米线 | 3.7小吃快餐￥29/人 | B2 | 肥锅港式米线 | 经大拍数 本张现意 | ￥26.8 | 惠 | ￥23.88.9折 | 【美味集结】麻酱.,ocr/input_videos\上海__正大广场__20260826.mp4
OBS-000474,正大广场,楚汉传奇·热干面,楚汉传奇·热干面,小吃快餐,3.6,25,B2,rated,True,,rated,parsed,rating_anchor,0.9667,0.9697,52,5448,92.89,3.6小吃快餐￥25/人 | B2,楚汉传奇·热干面 | 湖北头牌 | 莲藥排骨務 | 3.6小吃快餐￥25/人 | B2 | ￥26.87.9折 | ￥34 | 【武汉招牌】热干面... | 惠,ocr/input_videos\上海__正大广场__20260826.mp4
OBS-000475,正大广场,香港肥锅港式米线,香港肥锅港式米线,小吃快餐,3.7,29,B2,rated,True,,rated,parsed,rating_anchor,0.9743,0.9856,51,5448,92.89,3.7小吃快餐￥29/人 | B2,香港肥锅港式米线 | 3.7小吃快餐￥29/人 | B2 | 肥锅港式米线 | 自大拍务本保建意 | ￥23.88.9折 | ￥26.8 | 惠 | 【美味集结】麻酱…. | ￥28.9 | 9.7折 | ￥3030元代金券 | 惠,ocr/input_videos\上海__正大广场__20260826.mp4
OBS-000476,正大广场,保罗彼得,保罗彼得,服装,3.5,785,4F,rated,True,,rated,parsed,rating_anchor,0.984,0.9999,57,5448,92.89,🌟🌟🌟🌟🌟 | 4F | 3.5服装￥785/人,保罗彼得 | 福 | PAULO POO | 🌟🌟🌟🌟🌟 | 4F | 3.5服装￥785/人,ocr/input_videos\上海__正大广场__20260826.mp4
OBS-000477,正大广场,程studio,程studio,美发,4.2,241,B1,rated,True,,rated,parsed,rating_anchor,0.9777,0.9956,56,5448,92.89,🌟🌟🌟🌟 | B1 | 4.2美发￥241/人 | ★,程studio | 程 | 🌟🌟🌟🌟 | B1 | 4.2美发￥241/人 | ★ | SHUH | 陆家嘴商圈洗吹销量榜第1名 | 美发 | 发型师设计专业，环境舒适香气满满 | 4 | ￥148￥190 | 惠 | 【S2】首席洗剪吹造型设计,ocr/input_videos\上海__正大广场__20260826.mp4
OBS-000478,正大广场,麦当劳,麦当劳,西式快餐,3.9,28,5F,rated,True,,rated,parsed,rating_anchor,0.9813,0.9993,62,5448,92.89,5F | 🌟🌟🌟💥⭐ | 3.9 | 西式快餐￥28/人,麦当劳 | m | 13 | 随心配国 | 福 | 中 | 5F | 🌟🌟🌟💥⭐ | 3.9 | 西式快餐￥28/人 | 点评榜单 | 陆家嘴商圈小吃快餐销量榜第9名 | 信网 | 間國國國 | GD-6 | 汉堡随心配，独特美味等你尝 | 5,ocr/input_videos\上海__正大广场__20260826.mp4
OBS-000479,正大广场,香港肥锅港式米线,香港肥锅港式米线,小吃快餐,3.7,29,B2,rated,True,,rated,parsed,rating_anchor,0.9498,0.9717,38,5568,94.936,B2 | 3.7小吃快餐￥29/人,香港肥锅港式米线 | B2 | 3.7小吃快餐￥29/人 | 肥锅港式米线 | 服我 | 色内饭象 | ￥26.8 | ￥23.88.9折 | 惠 | 【美味集结】麻酱.. | ￥28.9 | 9.7折 | ￥3030元代金券 | 惠,ocr/input_videos\上海__正大广场__20260826.mp4
OBS-000480,正大广场,保罗彼得,保罗彼得,服装,3.5,785,4F,rated,True,,rated,parsed,rating_anchor,0.9764,0.9999,57,5568,94.936,3.5服装￥785/人 | 4F,保罗彼得 | 光 | PAULO PEDRO | 3.5服装￥785/人 | 4F,ocr/input_videos\上海__正大广场__20260826.mp4
OBS-000481,正大广场,程studio,程studio,美发,4.2,241,B1,rated,True,,rated,parsed,rating_anchor,0.975,0.9992,55,5568,94.936,B1 | 🌟🌟🌟🎉 | 4.2 | 美发￥241/人,程studio | 程 | B1 | 🌟🌟🌟🎉 | 4.2 | 美发￥241/人 | CHIMG | 陆家嘴商圈洗吹销量榜第1名 | STUD10 | 美发 | 发型师设计专业，环境舒适香气满满 | ￥148￥190 | 【S2】席洗剪吹造型设计 | 惠,ocr/input_videos\上海__正大广场__20260826.mp4
OBS-000482,正大广场,麦当劳,麦当劳,西式快餐,3.9,28,5F,rated,True,,rated,parsed,rating_anchor,0.9842,0.9991,59,5568,94.936,5F | 🌟🌟🌟🌟🌟 | 西式快餐￥28/人 | 3.9,麦当劳 | M | 13 | 陆心配工江 | 福 | 欢车南更能美字 | 5F | 🌟🌟🌟🌟🌟 | 8 | 西式快餐￥28/人 | 3.9 | 点评榜单 | 陆家嘴商圈小吃快餐销量榜第9名 | 日品國 | 送国空 | 汉堡随心配，独特美味等你尝 | ￥145折 | ￥28 | 惠 | 【买一送一】麦旋风任选,ocr/input_videos\上海__正大广场__20260826.mp4
OBS-000483,正大广场,巧国源记国风巧克力,巧国源记国风巧克力,甜品,4.3,68,3F,rated,True,,rated,parsed,rating_anchor,0.9726,0.9991,51,5568,94.936,3F | 🌟🌟⭐⭐ | 甜品￥68/人 | 4.3 | ★,巧国源记国风巧克力 | 巧国源记 | 国风巧克力 | 3F | 🌟🌟⭐⭐ | 甜品￥68/人 | 4.3 | ★ | 点评榜单 | 陆家嘴商圈甜品环境榜第10名 | ￥69龙井茶巧克力 | ￥45.96.7折 | 惠,ocr/input_videos\上海__正大广场__20260826.mp4
OBS-000484,正大广场,程studio,程studio,美发,4.2,241,B1,rated,True,,rated,parsed,rating_anchor,0.9839,0.9991,55,5592,95.345,🌟🌟🌟⭐ | 4.2美发￥241/人 | B1,程studio | 程 | 🌟🌟🌟⭐ | 4.2美发￥241/人 | B1 | CHIMG | 陆家嘴商圈洗吹销量榜第1名 | STUD10 | 美发 | 发型师设计专业，环境舒适香气满满 | “ | 【S2】首席洗剪吹造型设计 | ￥148￥190 | 惠,ocr/input_videos\上海__正大广场__20260826.mp4
OBS-000485,正大广场,麦当劳,麦当劳,西式快餐,3.9,28,5F,rated,True,,rated,parsed,rating_anchor,0.979,0.999,59,5592,95.345,5F | 🌟🌟🌟🌟🌟 | 3.9 | 西式快餐￥28/人,麦当劳 | M | 陆心配红 | 133 | 福 | 中季商字 | 5F | 🌟🌟🌟🌟🌟 | 3.9 | 西式快餐￥28/人 | 材 | 点评榜单 | 陆家嘴商圈小吃快餐销量榜第9名 | 信M园 | 開西國西 | 一 | 汉堡随心配，独特美味等你尝 | ￥145折 | ￥28 | 惠 | 【买一送一】麦旋风任选,ocr/input_videos\上海__正大广场__20260826.mp4
OBS-000486,正大广场,巧国源记国风巧克力,巧国源记国风巧克力,甜品,4.3,68,3F,rated,True,,rated,parsed,rating_anchor,0.9746,0.9989,54,5592,95.345,🌟🌟🎉🎉 | 3F | 甜品￥68/人 | 4.3 | ★,巧国源记国风巧克力 | 巧国源记 | 国风巧克力 | w | 🌟🌟🎉🎉 | 3F | 甜品￥68/人 | 4.3 | ★ | 点评榜单 | 陆家嘴商圈甜品环境榜第10名 | 6.7折 | ￥45.9 | ￥69龙井茶巧克力 | 惠 | ￥89 | 8.9折 | ￥100100元代金券 | 惠,ocr/input_videos\上海__正大广场__20260826.mp4
OBS-000487,正大广场,New Beauty,NewBeauty,美容/SPA,3.4,174,7F,rated,True,,rated,parsed,rating_anchor,0.959,0.9533,64,5592,95.345,3.4美容/SPA￥174/人 | 7F,New Beauty | 3.4美容/SPA￥174/人 | 7F | 环境舒适现代，服务贴心” | 心,ocr/input_videos\上海__正大广场__20260826.mp4
OBS-000488,正大广场,eat n work露台餐吧,eatnwork露台餐吧,特调酒吧,4.1,158,9F,rated,True,,rated,parsed,rating_anchor,0.9526,0.9478,57,5592,95.345,★★⭐🌟 | 9F | 特调酒吧￥158/人 | 4.1 | ★,eat n work露台餐吧 | ★★⭐🌟 | 9F | 特调酒吧￥158/人 | 4.1 | ★ | 2025酒吧指南 | 江景窗边体验佳” | 氛围好有音乐,ocr/input_videos\上海__正大广场__20260826.mp4
OBS-000489,正大广场,程studio,程studio,美发,4.2,241,B1,rated,True,,rated,parsed,rating_anchor,0.9842,0.999,56,5604,95.55,★🌟🌟⭐ | 4.2美发￥241/人 | B1 | ★,程studio | 程 | ★🌟🌟⭐ | 4.2美发￥241/人 | B1 | ★ | CHIMG | 陆家嘴商圈洗吹销量榜第1名 | SEUDIO | 美发 | 发型师设计专业，环境舒适香气满满 | 【S2】首席洗剪吹造型设计 | ￥148￥190 | 惠,ocr/input_videos\上海__正大广场__20260826.mp4
OBS-000490,正大广场,麦当劳,麦当劳,西式快餐,3.9,28,5F,rated,True,,rated,parsed,rating_anchor,0.98,0.9991,62,5604,95.55,5F | ★★★🌟★ | 西式快餐￥28/人 | 3.9,麦当劳 | 133 | m | 随心配口五 | 8 | 安和配学 | 5F | ★★★🌟★ | 西式快餐￥28/人 | 3.9 | 点评榜单 | 陆家嘴商圈小吃快餐销量榜第9名 | S-6 | 間國西 | 汉堡随心配，独特美味等你尝 | 2 | ￥145折 | ￥28 | 【买一送一】麦旋风任选 | 惠,ocr/input_videos\上海__正大广场__20260826.mp4
OBS-000491,正大广场,巧国源记国风巧克力,巧国源记国风巧克力,甜品,4.3,68,3F,rated,True,,rated,parsed,rating_anchor,0.98,0.9991,51,5604,95.55,3F | 🌟🌟⭐ | 4.3甜品￥68/人,巧国源记国风巧克力 | 巧国源记 | 国风巧克力 | 3F | 🌟🌟⭐ | 4.3甜品￥68/人 | 点评榜单 | 陆家嘴商圈甜品环境榜第10名 | ￥69龙井茶巧克力 | ￥45.9 | 6.7折 | 惠 | ￥89 | 8.9折 | 惠 | ￥100100元代金券,ocr/input_videos\上海__正大广场__20260826.mp4
OBS-000492,正大广场,New Beauty,NewBeauty,美容/SPA,3.4,174,7F,rated,True,,rated,parsed,rating_anchor,0.9615,0.9608,63,5604,95.55,3.4美容/SPA￥174/人 | 7F,New Beauty | 3.4美容/SPA￥174/人 | 7F | 环境舒适现代，服务贴心”,ocr/input_videos\上海__正大广场__20260826.mp4
OBS-000493,正大广场,eat n work露台餐吧,eatnwork露台餐吧,特调酒吧,4.1,158,9F,rated,True,,rated,parsed,rating_anchor,0.9824,0.9877,55,5604,95.55,9F | 4.1特调酒吧￥158/人 | ★🌟★⭐⭐,eat n work露台餐吧 | 9F | 4.1特调酒吧￥158/人 | ★🌟★⭐⭐ | 2025酒吧指南 | 氛围好有音乐， | 江景窗边体验佳 | K,ocr/input_videos\上海__正大广场__20260826.mp4
OBS-000494,正大广场,巧国源记国风巧克力,巧国源记国风巧克力,甜品,4.3,68,3F,rated,True,,rated,parsed,rating_anchor,0.9717,0.9991,54,5700,97.186,3F | 🌟🌟🌟🌟 | 甜品￥68/人 | 4.3,巧国源记国风巧克力 | 巧国源记 | 国风巧克力 | 3F | 🌟🌟🌟🌟 | 甜品￥68/人 | 4.3 | 点评榜单 | 陆家嘴商圈甜品环境榜第10名 | ￥45.9 | 6.7折 | ￥69龙井茶巧克力 | 惠 | ￥898.9折 | 惠 | ￥100100元代金券,ocr/input_videos\上海__正大广场__20260826.mp4
OBS-000495,正大广场,New Beauty,NewBeauty,美容/SPA,3.4,174,7F,rated,True,,rated,parsed,rating_anchor,0.9463,0.9498,64,5700,97.186,3.4美容/SPA￥174/人 | 7F,New Beauty | 3.4美容/SPA￥174/人 | 7F | 环境舒适现代，服务贴心 | “ | 5,ocr/input_videos\上海__正大广场__20260826.mp4
OBS-000496,正大广场,eatn work露台餐吧,eatnwork露台餐吧,特调酒吧,4.1,158,9F,rated,True,,rated,parsed,rating_anchor,0.9593,0.9629,57,5700,97.186,🌟🌟🌟⭐ | 9F | 4.1特调酒吧￥158/人 | ★,eatn work露台餐吧 | 🌟🌟🌟⭐ | 9F | 4.1特调酒吧￥158/人 | ★ | 2025酒吧指南 | 氛围好有音乐，江景窗边体验佳” | ￥38￥78经典鸡尾酒套餐 | 惠,ocr/input_videos\上海__正大广场__20260826.mp4
OBS-000497,正大广场,云阿蛮云南生烫牛肉米线,云阿蛮云南生烫牛肉米线,小吃快餐,4.1,33,B2,rated,True,,rated,parsed,rating_anchor,0.9647,0.9941,54,5700,97.186,⭐🌟⭐⭐ | B2 | 4.1小吃快餐￥33/人 | ★,云阿蛮云南生烫牛肉米线 | 云阿熏 | ⭐🌟⭐⭐ | B2 | 4.1小吃快餐￥33/人 | ★ | 我是云阿蛮， | 点评榜单 | 陆家嘴商圈小吃快餐回头客榜第2名 | 我来自云南 | ￥12.8 | 【馋嘴必备】玫瑰.. | ￥1.99 | 1.6折 | 惠 | ￥289.4折 | ￥3030元代金券 | 惠,ocr/input_videos\上海__正大广场__20260826.mp4
OBS-000498,正大广场,巧国源记国风巧克力,巧国源记国风巧克力,甜品,4.3,68,3F,rated,True,,rated,parsed,rating_anchor,0.9769,0.9992,54,5724,97.596,🌟🌟🌟 | 3F | 4.3甜品￥68/人 | ★,巧国源记国风巧克力 | 巧国源记 | 风巧克力 | 🌟🌟🌟 | 3F | 4.3甜品￥68/人 | ★ | 点评榜单 | 陆家嘴商圈甜品环境榜第10名 | ￥45.9 | 6.7折 | 惠 | ￥69龙井茶巧克力 | ￥89 | 8.9折 | 惠 | ￥100100元代金券,ocr/input_videos\上海__正大广场__20260826.mp4
OBS-000499,正大广场,New Beauty,NewBeauty,美容/SPA,3.4,174,7F,rated,True,,rated,parsed,rating_anchor,0.9663,0.9576,64,5724,97.596,⭐🌟⭐ | 3.4美容/SPA￥174/人 | 7F,New Beauty | ⭐🌟⭐ | 3.4美容/SPA￥174/人 | 7F | 环境舒适现代，服务贴心”,ocr/input_videos\上海__正大广场__20260826.mp4
OBS-000500,正大广场,eat n work露台餐吧,eatnwork露台餐吧,特调酒吧,4.1,158,9F,rated,True,,rated,parsed,rating_anchor,0.9792,0.987,56,5724,97.596,9F | 4.1特调酒吧￥158/人 | ⭐🌟🌟⭐🌟,eat n work露台餐吧 | 9F | 4.1特调酒吧￥158/人 | ⭐🌟🌟⭐🌟 | 2025酒吧指南 | 氛围好有音乐，江景窗边体验佳” | ￥38￥78经典鸡尾酒套餐 | 惠,ocr/input_videos\上海__正大广场__20260826.mp4
OBS-000501,正大广场,云阿蛮云南生烫牛肉米线,云阿蛮云南生烫牛肉米线,小吃快餐,4.1,33,B2,rated,True,,rated,parsed,rating_anchor,0.9796,0.9993,54,5724,97.596,🌟🌟🌟🌟 | 4.1小吃快餐￥33/人 | B2,云阿蛮云南生烫牛肉米线 | 云阿童 | 🌟🌟🌟🌟 | 4.1小吃快餐￥33/人 | B2 | 我是云阿蛮， | 点评榜单 | 陆家嘴商圈小吃快餐回头客榜第2名 | 我来自云南 | ￥12.8 | ￥1.991.6折 | 惠 | 【馋嘴必备】玫瑰.. | ￥289.4折 | ￥3030元代金券 | 惠,ocr/input_videos\上海__正大广场__20260826.mp4
OBS-000502,正大广场,巧国源记国风巧克力,巧国源记国风巧克力,甜品,4.3,68,3F,rated,True,,rated,parsed,rating_anchor,0.9844,0.999,54,5796,98.823,🌟🌟⭐⭐ | 4.3甜品￥68/人 | 3F | ★,巧国源记国风巧克力 | 巧国源记 | 风巧克力 | 🌟🌟⭐⭐ | 4.3甜品￥68/人 | 3F | ★ | 点评榜单 | 陆家嘴商圈甜品环境榜第10名 | ￥45.9 | 6.7折 | ￥69龙井茶巧克力 | 惠 | ￥89 | 惠 | 8.9折 | ￥100100元代金券,ocr/input_videos\上海__正大广场__20260826.mp4
OBS-000503,正大广场,New Beauty,NewBeauty,美容/SPA,3.4,174,7F,rated,True,,rated,parsed,rating_anchor,0.9638,0.9558,64,5796,98.823,🌟🌟 | 3.4美容/SPA￥174/人 | 7F,New Beauty | 🌟🌟 | 3.4美容/SPA￥174/人 | 7F | 环境舒适现代，服务贴心”,ocr/input_videos\上海__正大广场__20260826.mp4
OBS-000504,正大广场,eat n work露台餐吧,eatnwork露台餐吧,特调酒吧,4.1,158,9F,rated,True,,rated,parsed,rating_anchor,0.9586,0.9839,57,5796,98.823,9F | 4.1特调酒吧￥158/人 | ⭐🌟⭐⭐ | ★,eat n work露台餐吧 | 9F | 4.1特调酒吧￥158/人 | ⭐🌟⭐⭐ | ★ | 2025酒吧指南 | 氛围好有音乐，江景窗边体验佳 | ￥38￥78经典鸡尾酒套餐 | 惠,ocr/input_videos\上海__正大广场__20260826.mp4
OBS-000505,正大广场,云阿蛮云南生烫牛肉米线,云阿蛮云南生烫牛肉米线,小吃快餐,4.1,33,B2,rated,True,,rated,parsed,rating_anchor,0.9802,0.9994,54,5796,98.823,🌟🌟🌟🌟 | 4.1小吃快餐￥33/人 | B2 | ★,云阿蛮云南生烫牛肉米线 | 云阿童 | 🌟🌟🌟🌟 | 4.1小吃快餐￥33/人 | B2 | ★ | 我是云阿蛮， | 点评榜单 | 陆家嘴商圈小吃快餐回头客榜第2名 | 我来自云南 | 1.6折 | ￥1.99 | ￥12.8 | 惠 | 【馋嘴必备】玫瑰.. | ￥289.4折 | ￥3030元代金券 | 惠,ocr/input_videos\上海__正大广场__20260826.mp4
OBS-000506,正大广场,eat n work露台餐吧,eatnwork露台餐吧,特调酒吧,4.1,158,9F,rated,True,,rated,parsed,rating_anchor,0.956,0.9572,51,5820,99.233,🌟🌟🌟🌟 | 9F | 4.1特调酒吧￥158/人 | ★,eat n work露台餐吧 | 🌟🌟🌟🌟 | 9F | 4.1特调酒吧￥158/人 | ★ | 2025酒吧指南 | 氛围好有音乐，江景窗边体验佳 | s | 1 | 惠 | ￥38￥78经典鸡尾酒套餐,ocr/input_videos\上海__正大广场__20260826.mp4
OBS-000507,正大广场,云阿蛮云南生烫牛肉米线,云阿蛮云南生烫牛肉米线,小吃快餐,4.1,33,B2,rated,True,,rated,parsed,rating_anchor,0.9604,0.9978,54,5820,99.233,B2 | 🌟🌟⭐⭐ | 4.1小吃快餐￥33/人 | ★,云阿蛮云南生烫牛肉米线 | 云阿童 | B2 | 🌟🌟⭐⭐ | 4.1小吃快餐￥33/人 | ★ | 我是云阿蛮， | 点评榜单 | 陆家嘴商圈小吃快餐回头客榜第2名 | 我来自云南 | ￥12.8 | ￥1.991.6折 | 惠 | 【馋嘴必备】玫瑰. | ￥289.4折 | ￥3030元代金券 | 惠,ocr/input_videos\上海__正大广场__20260826.mp4
OBS-000508,正大广场,沪上蒸嗨,沪上蒸嗨,小吃,3.6,28,商场内,rated,True,,rated,parsed,rating_anchor,0.9803,0.9973,57,5820,99.233,商场内 | 3.6小吃￥28/人 | 🌟🌟🌟🌟🌟,沪上蒸味 | 沪上蒸嗨 | 中大16 | 商场内 | 3.6小吃￥28/人 | 🌟🌟🌟🌟🌟 | 点评榜单 | 陆家嘴商圈小吃销量榜第4名 | 荤素搭配，实惠划算，方便快捷 | C | 5 | 【实惠一荤一素】单. | ￥26.8 | ￥49 | 5.5折 | 惠,ocr/input_videos\上海__正大广场__20260826.mp4
OBS-000509,正大广场,金洪兴·蟹黄面·饭,金洪兴·蟹黄面·饭,面馆,3.7,93,B2,rated,True,,rated,parsed,rating_anchor,0.9247,0.9734,54,5820,99.233,★3.7面馆￥93/人 | B2,金洪兴·蟹黄面·饭 | 金洪興 | ★3.7面馆￥93/人 | B2 | 爷叔江南经典味道 | 百年蟹黃面 | 点评榜单 | 陆家嘴商圈面馆热门榜第4名 | 话 | 蟹黄拌饭，满口香，超值性价比 | 拾起1958年 | “ | 1 | ￥168单人|招牌【严选】… | ￥925.5折 | 惠,ocr/input_videos\上海__正大广场__20260826.mp4
OBS-000510,正大广场,eatn work露台餐吧,eatnwork露台餐吧,特调酒吧,4.1,158,9F,rated,True,,rated,parsed,rating_anchor,0.967,0.974,55,5832,99.437,9F | 4.1特调酒吧￥158/人,eatn work露台餐吧 | 9F | 4.1特调酒吧￥158/人 | 2025酒吧指南 | 氛围好有音乐，江景窗边体验佳 | ≤ | ￥38￥78经典鸡尾酒套餐 | 惠,ocr/input_videos\上海__正大广场__20260826.mp4
OBS-000511,正大广场,云阿蛮云南生烫牛肉米线,云阿蛮云南生烫牛肉米线,小吃快餐,4.1,33,B2,rated,True,,rated,parsed,rating_anchor,0.9303,0.9971,50,5832,99.437,🌟🌟🌟🌟 | B2 | ★4.1小吃快餐￥33/人,云阿蛮云南生烫牛肉米线 | 云阿蛮 | 🌟🌟🌟🌟 | B2 | ★4.1小吃快餐￥33/人 | 我是云阿蛮， | 点评榜单 | 陆家嘴商圈小吃快餐回头客榜第2名 | 我来自云南 | ￥1.991.6折 | ￥12.8 | 惠 | 【馋嘴必备】玫瑰.. | ￥289.4折 | 惠 | ￥3030元代金券,ocr/input_videos\上海__正大广场__20260826.mp4
OBS-000512,正大广场,沪上蒸嗨,沪上蒸嗨,小吃,3.6,28,商场内,rated,True,,rated,parsed,rating_anchor,0.9684,0.9983,59,5832,99.437,⭐🌟★🌟🌟 | 商场内 | 3.6小吃￥28/人,沪上燕嗨 | 沪上蒸嗨 | 中16元 | ⭐🌟★🌟🌟 | 商场内 | 3.6小吃￥28/人 | 点评榜单 | 陆家嘴商圈小吃销量榜第4名 | 荤素搭配，实惠划算，方便快捷 | ￥26.85.5折 | 惠 | ￥49 | 【实惠一荤一素】单.,ocr/input_videos\上海__正大广场__20260826.mp4
OBS-000513,正大广场,金洪兴·蟹黄面·饭,金洪兴·蟹黄面·饭,面馆,3.7,93,B2,rated,True,,rated,parsed,rating_anchor,0.9414,0.9565,51,5832,99.437,3.7面馆￥93/人 | B2,金洪兴·蟹黄面·饭 | 金洪興 | 3.7面馆￥93/人 | B2 | 爷权江南经典味道 | 百年蟹黃面 | 点评榜单 | 陆家嘴商圈面馆热门榜第4名 | 蟹黄拌饭，满口香，超值性价比 | 拾起1958年 | 2 | “ | ￥925.5折 | ￥168单人|招牌【严选】 | 惠,ocr/input_videos\上海__正大广场__20260826.mp4
OBS-000514,正大广场,crocs,crocs,服饰鞋包,4.4,729,3F,rated,True,,rated,parsed,rating_anchor,0.9844,0.998,47,5832,99.437,🌟🌟🌟⭐⭐ | 3F | 4.4服饰鞋包￥729/人,crocs | 🌟🌟🌟⭐⭐ | 3F | 4.4服饰鞋包￥729/人,ocr/input_videos\上海__正大广场__20260826.mp4
OBS-000515,正大广场,云阿蛮云南生烫牛肉米线,云阿蛮云南生烫牛肉米线,小吃快餐,4.1,33,B2,rated,True,,rated,parsed,rating_anchor,0.9837,0.9967,50,5868,100.051,🌟🌟⭐⭐ | B2 | 4.1小吃快餐￥33/人 | ★,云阿蛮云南生烫牛肉米线 | 云阿蛮 | 🌟🌟⭐⭐ | B2 | 4.1小吃快餐￥33/人 | ★ | 我是云阿蛮， | 点评榜单 | 陆家嘴商圈小吃快餐回头客榜第2名 | 我来自云南 | ￥1.991.6折 | ￥12.8 | 【馋嘴必备】玫瑰.. | 惠 | ￥289.4折 | 惠 | ￥3030元代金券,ocr/input_videos\上海__正大广场__20260826.mp4
OBS-000516,正大广场,沪上蒸嗨,沪上蒸嗨,小吃,3.6,28,商场内,rated,True,,rated,parsed,rating_anchor,0.972,0.998,56,5868,100.051,商场内 | ★🌟★🌟🌟 | 3.6小吃￥28/人,沪上燕嗨 | 沪上蒸嗨 | 2TA16X3 | 商场内 | ★🌟★🌟🌟 | 3.6小吃￥28/人 | 点评榜单 | 陆家嘴商圈小吃销量榜第4名 | 荤素搭配，实惠划算，方便快捷 | J | ￥26.8 | ￥49 | 5.5折 | 【实惠一荤一素】单. | 惠,ocr/input_videos\上海__正大广场__20260826.mp4
OBS-000517,正大广场,金洪兴·蟹黄面·饭,金洪兴·蟹黄面·饭,面馆,3.7,93,B2,rated,True,,rated,parsed,rating_anchor,0.9562,0.9703,51,5868,100.051,3.7面馆￥93/人 | B2,金洪兴·蟹黄面·饭 | 金洪興 | ® | 3.7面馆￥93/人 | B2 | 爷权汇南经典味道 | 百年蟹黃面 | 点评榜单 | 陆家嘴商圈面馆热门榜第4名 | 蟹黄拌饭，满口香，超值性价比 | 拾起1958年 | “ | ￥925.5折 | 惠 | ￥168单人|招牌【严选】,ocr/input_videos\上海__正大广场__20260826.mp4
OBS-000518,正大广场,crocs,crocs,服饰鞋包,4.4,729,3F,rated,True,,rated,parsed,rating_anchor,0.987,0.9985,43,5868,100.051,3F | 🌟🌟🌟⭐ | 4.4服饰鞋包￥729/人 | ★,crocs | 3F | 🌟🌟🌟⭐ | 4.4服饰鞋包￥729/人 | ★ | COMEAS | FOUAO1,ocr/input_videos\上海__正大广场__20260826.mp4
OBS-000519,正大广场,LAVAZZA拉瓦萨咖啡,LAVAZZA拉瓦萨咖啡,咖啡,4.3,31,1F,rated,True,,rated,parsed,rating_anchor,0.9697,0.9987,50,5868,100.051,1F | 🌟🌟🌟🌟 | 咖啡￥31/人 | 4.3 | ★,LAVAZZA拉瓦萨咖啡 | CINCNDAV | LAVAILA | 1F | 🌟🌟🌟🌟 | 咖啡￥31/人 | 4.3 | ★ | TUTP | 拉五萨咖啡 | 周三会员日买一送一 | 点评榜单 | 陆家嘴商圈咖啡好评榜第8名 | 人杯水牛乳酒出京铁,ocr/input_videos\上海__正大广场__20260826.mp4
OBS-000520,正大广场,云阿蛮云南生烫牛肉米线,云阿蛮云南生烫牛肉米线,小吃快餐,4.1,33,B2,rated,True,,rated,parsed,rating_anchor,0.987,0.9995,53,5892,100.46,B2 | 🌟🌟🌟🎉 | 4.1小吃快餐￥33/人,云阿蛮云南生烫牛肉米线 | 云阿童 | B2 | 🌟🌟🌟🎉 | 4.1小吃快餐￥33/人 | 我是云阿蛮， | 点评榜单 | 陆家嘴商圈小吃快餐回头客榜第2名 | 我来自云南 | ￥12.8 | ￥1.99 | 1.6折 | 【馋嘴必备】玫瑰.. | 惠 | 9.4折 | ￥28 | 惠 | ￥3030元代金券,ocr/input_videos\上海__正大广场__20260826.mp4
OBS-000521,正大广场,沪上蒸嗨,沪上蒸嗨,小吃,3.6,28,商场内,rated,True,,rated,parsed,rating_anchor,0.9767,0.9984,56,5892,100.46,商场内 | 🌟🌟🌟🌟🌟 | 3.6小吃￥28/人,沪上蒸味 | 沪上蒸嗨 | 1A | 商场内 | 🌟🌟🌟🌟🌟 | 3.6小吃￥28/人 | 点评榜单 | 陆家嘴商圈小吃销量榜第4名 | 荤素搭配，实惠划算，方便快捷 | 55 | ￥26.8 | ￥49 | 惠 | 5.5折 | 【实惠一荤一素】单.,ocr/input_videos\上海__正大广场__20260826.mp4
OBS-000522,正大广场,金洪兴·蟹黄面·饭,金洪兴·蟹黄面·饭,面馆,3.7,93,B2,rated,True,,rated,parsed,rating_anchor,0.9284,0.9593,51,5892,100.46,⭐3.7面馆￥93/人 | B2,金洪兴·蟹黄面·饭 | 金洪興 | ⭐3.7面馆￥93/人 | B2 | 爷叔江南经典味道 | 百年蟹黃面 | 点评榜单 | 陆家嘴商圈面馆热门榜第4名 | 蟹黄拌饭，满口香，超值性价比 | 拍起1958年 | “ | ￥925.5折 | 惠 | ￥168单人|招牌【严选】,ocr/input_videos\上海__正大广场__20260826.mp4
OBS-000523,正大广场,crocs,crocs,服饰鞋包,4.4,729,3F,rated,True,,rated,parsed,rating_anchor,0.9892,0.9982,46,5892,100.46,3F | 🌟🌟🎉🎉 | 4.4服饰鞋包￥729/人 | ★,crocs | 3F | 🌟🌟🎉🎉 | 4.4服饰鞋包￥729/人 | ★ | COMEAS | TOUARS,ocr/input_videos\上海__正大广场__20260826.mp4
OBS-000524,正大广场,LAVAZZA拉瓦萨咖啡,LAVAZZA拉瓦萨咖啡,咖啡,4.3,31,1F,rated,True,,rated,parsed,rating_anchor,0.9658,0.9978,51,5892,100.46,咖啡￥31/人 | 1F | 🌟🌟🌟🌟 | 4.3,LAVAZZA拉瓦萨咖啡 | CINCNDAV | LAVATZA | 咖啡￥31/人 | 1F | 🌟🌟🌟🌟 | 4.3 | 控瓦萨咖啡 | 周三会员日买一送一 | 点评榜单 | 陆家嘴商圈咖啡好评榜第8名 | 大杯水牛乳常诈拿铁,ocr/input_videos\上海__正大广场__20260826.mp4
OBS-000525,正大广场,云啊虫云用土災十肉不线,云啊虫云用土灾十肉不线,小吃快餐,4.1,33,B2,rated,True,,rated,parsed,rating_anchor,0.8166,0.6732,31,5952,101.483,B2 | ★🌟★★ | 4.1小吃快餐￥33/人,云啊虫云用土災十肉不线 | 云阿薰 | B2 | ★🌟★★ | 4.1小吃快餐￥33/人 | 我是云阿蛮， | 点评榜单 | 我来自云南 | 陆家嘴商圈小吃快餐回头客榜第2名 | ￥1.991.6折 | ￥12.8 | 【馋嘴必备】玫瑰.. | 惠 | ￥289.4折 | ￥3030元代金券 | 惠,ocr/input_videos\上海__正大广场__20260826.mp4
OBS-000526,正大广场,沪上蒸嗨,沪上蒸嗨,小吃,3.6,28,商场内,rated,True,,rated,parsed,rating_anchor,0.9798,0.998,56,5952,101.483,商场内 | 🌟🌟🌟🌟 | 3.6小吃￥28/人,沪上蒸味 | 沪上蒸嗨 | 平160 | 商场内 | 🌟🌟🌟🌟 | 3.6小吃￥28/人 | 点评榜单 | 陆家嘴商圈小吃销量榜第4名 | 荤素搭配，实惠划算，方便快捷 | 5 | C | ￥26.8 | 5.5折 | ￥49 | 【实惠一荤一素】单…. | 惠,ocr/input_videos\上海__正大广场__20260826.mp4
OBS-000527,正大广场,金洪兴·蟹黄面·饭,金洪兴·蟹黄面·饭,面馆,3.7,93,B2,rated,True,,rated,parsed,rating_anchor,0.9579,0.9744,54,5952,101.483,3.7面馆￥93/人 | B2,金洪兴·蟹黄面·饭 | 金洪興 | 3.7面馆￥93/人 | B2 | 爷叔江南经典味道 | 百年蟹黃面 | 点评榜单 | 陆家嘴商圈面馆热门榜第4名 | 蟹黄拌饭，满口香，超值性价比 | 拍起1958年 | ￥925.5折 | ￥168单人|招牌【严选】… | 惠,ocr/input_videos\上海__正大广场__20260826.mp4
OBS-000528,正大广场,crocs,crocs,服饰鞋包,4.4,729,3F,rated,True,,rated,parsed,rating_anchor,0.9842,0.9971,40,5952,101.483,3F | 🌟🌟🌟🌟 | 4.4服饰鞋包￥729/人 | ★,crocs | 3F | 🌟🌟🌟🌟 | 4.4服饰鞋包￥729/人 | ★ | COMEAS | STOUAS,ocr/input_videos\上海__正大广场__20260826.mp4
OBS-000529,正大广场,LAVAZZA拉瓦萨咖啡,LAVAZZA拉瓦萨咖啡,咖啡,4.3,31,1F,rated,True,,rated,parsed,rating_anchor,0.9649,0.9951,48,5952,101.483,1F | 🌟🌟🌟🌟 | 咖啡￥31/人 | 4.3,LAVAZZA拉瓦萨咖啡 | CINCN DAV | LAVATTA | 1F | 🌟🌟🌟🌟 | 咖啡￥31/人 | 4.3 | A | 控瓦华咖啡 | 周三会员日买一送一 | 点评榜单 | 陆家嘴商圈咖啡好评榜第8名 | 大杯水牛卖清站拿铁 | ￥22.97.2折 | 惠 | ￥32 | 【经典黑咖】风味美...,ocr/input_videos\上海__正大广场__20260826.mp4
OBS-000530,正大广场,金洪兴·蟹黄面·饭,金洪兴·蟹黄面·饭,面馆,3.7,93,B2,rated,True,,rated,parsed,rating_anchor,0.9351,0.9353,54,6000,102.302,🌟🌟🌟🌟🌟 | B2 | 3.7 | 面馆￥93/人,金洪兴·蟹黄面·饭 | 金洪興 | 🌟🌟🌟🌟🌟 | B2 | 3.7 | 面馆￥93/人 | 爷权江南经典味道 | 百年蟹黃面 | 点评榜单 | 陆家嘴商圈面馆热门榜第4名 | 拾起1958年 | 蟹黄拌饭，满口香，超值性价比 | 公 | ￥925.5折 | ￥168单人|招牌【严选】 | 惠,ocr/input_videos\上海__正大广场__20260826.mp4
OBS-000531,正大广场,crocs,crocs,服饰鞋包,4.4,729,3F,rated,True,,rated,parsed,rating_anchor,0.9836,0.9987,39,6000,102.302,3F | 🌟🌟🌟⭐ | 4.4服饰鞋包￥729/人,crocs | 3F | 🌟🌟🌟⭐ | 4.4服饰鞋包￥729/人 | COMTAS | YOUAGE,ocr/input_videos\上海__正大广场__20260826.mp4
OBS-000532,正大广场,LAVAZZA拉瓦萨咖啡,LAVAZZA拉瓦萨咖啡,咖啡,4.3,31,1F,rated,True,,rated,parsed,rating_anchor,0.9641,0.9986,50,6000,102.302,1F | 咖啡￥31/人 | 🌟🌟🌟🌟 | 4.3,LAVAZZA拉瓦萨咖啡 | CINCINDAV | LAVATIA | 1F | 咖啡￥31/人 | 🌟🌟🌟🌟 | 4.3 | 11 | 拉五萨咖啡 | 周三会员日买一送一 | 点评榜单 | 陆家嘴商圈咖啡好评榜第8名 | 杯水牛乳霜出学续 | ￥22.97.2折 | ￥32 | 惠 | 【经典黑咖】风味美.,ocr/input_videos\上海__正大广场__20260826.mp4
OBS-000533,正大广场,悅湘遇,悦湘遇,快餐简餐,3.7,28,B2,rated,True,,rated,parsed,rating_anchor,0.9374,0.9112,58,6000,102.302,🌟🌟🌟🌟⭐ | B2 | 快餐简餐￥28/人 | 3.7,悅湘遇 | 悅湘遇 | 🌟🌟🌟🌟⭐ | B2 | 快餐简餐￥28/人 | 3.7 | 干净卫生，口味出众，服务态度好” | 湘菜盖码饭 | ￥238.9折 | ￥26 | 惠 | 【湘味经典】青椒辣子….,ocr/input_videos\上海__正大广场__20260826.mp4
OBS-000534,正大广场,海马体照相馆,海马体照相馆,快照摄影,4.1,232,2F,rated,True,,rated,parsed,rating_anchor,0.9893,0.999,51,6000,102.302,2F | 4.1快照摄影￥232/人 | 🌟🌟🌟🌟,ONOA2 | 海马体照相馆 | 2F | 4.1快照摄影￥232/人 | 🌟🌟🌟🌟 | 浦东新区情侣写真销量榜第3名 | 自然美 | 我的人生证件照 | 拍照技术一流，环境舒适 | “ | ￥919.7折 | ￥99 | 惠 | 【毕业季热卖】儿童证...,ocr/input_videos\上海__正大广场__20260826.mp4
OBS-000535,正大广场,金洪兴·蟹黄面·饭,金洪兴·蟹黄面·饭,面馆,3.7,93,B2,rated,True,,rated,parsed,rating_anchor,0.9495,0.9614,54,6012,102.506,面馆￥93/人 | 🌟⭐⭐⭐3.7 | B2,金洪兴·蟹黄面·饭 | 金洪興 | 面馆￥93/人 | 🌟⭐⭐⭐3.7 | B2 | 爷权江南经典味道 | 百年蟹黃面 | 点评榜单 | 陆家嘴商圈面馆热门榜第4名 | 蟹黄拌饭，满口香，超值性价比 | 拾起1958年 | “ | ￥925.5折 | ￥168单人|招牌【严选】 | 惠,ocr/input_videos\上海__正大广场__20260826.mp4
OBS-000536,正大广场,crocs,crocs,服饰鞋包,4.4,729,3F,rated,True,,rated,parsed,rating_anchor,0.9591,0.9985,39,6012,102.506,3F | ★★🌟🌟 | ★4.4服饰鞋包￥729/人,crocs | 3F | ★★🌟🌟 | ★4.4服饰鞋包￥729/人 | COMAS | YDUARE,ocr/input_videos\上海__正大广场__20260826.mp4
OBS-000537,正大广场,LAVAZZA拉瓦萨咖啡,LAVAZZA拉瓦萨咖啡,咖啡,4.3,31,1F,rated,True,,rated,parsed,rating_anchor,0.9594,0.9821,47,6012,102.506,🌟🌟🌟🌟 | 1F | 咖啡￥31/人 | 4.3,LAVAZZA拉瓦萨咖啡 | CINCINDAV | LAVALLA | 🌟🌟🌟🌟 | 1F | 咖啡￥31/人 | 4.3 | T5. | 拉瓦萨咖理 | 周三会员日买一送一 | 点评榜单 | 陆家嘴商圈咖啡好评榜第8名 | 杯水牛乳调学 | 7.2折 | ￥22.9 | ￥32 | 惠 | 【经典黑咖】风味美.,ocr/input_videos\上海__正大广场__20260826.mp4
OBS-000538,正大广场,悅湘遇,悦湘遇,快餐简餐,3.7,28,B2,rated,True,,rated,parsed,rating_anchor,0.9515,0.955,58,6012,102.506,3.7快餐简餐￥28/人 | B2,悅湘遇 | 悅湘遇 | 3.7快餐简餐￥28/人 | B2 | 干净卫生，口味出众，服务态度好” | “ | 湘菜盖码饭 | ￥238.9折 | ￥26 | 【湘味经典】青椒辣子.. | 惠,ocr/input_videos\上海__正大广场__20260826.mp4
OBS-000539,正大广场,海马体照相馆,海马体照相馆,快照摄影,4.1,232,2F,rated,True,,rated,parsed,rating_anchor,0.9729,0.997,51,6012,102.506,2F | 🌟🌟⭐🌟 | 4.1快照摄影￥232/人,海马体照相馆 | MCana | 2F | 🌟🌟⭐🌟 | 4.1快照摄影￥232/人 | 浦东新区情侣写真销量榜第3名 | 然美 | 我的人生证件照 | 拍照技术一流，环境舒适 | “ | ￥919.7折 | ￥99 | 惠 | 【毕业季热卖】儿童证...,ocr/input_videos\上海__正大广场__20260826.mp4
OBS-000540,正大广场,悅湘遇,悦湘遇,快餐简餐,3.7,28,B2,rated,True,,rated,parsed,rating_anchor,0.9308,0.9071,58,6084,103.734,3.7快餐简餐￥28/人 | B2,悅湘遇 | 悅湘遇 | 3.7快餐简餐￥28/人 | B2 | 净卫，口味出众，服务态度好” | ≤ | 湘菜盖码饭 | ￥238.9折 | ￥26 | 【湘味经典】青椒辣子. | 惠,ocr/input_videos\上海__正大广场__20260826.mp4
OBS-000541,正大广场,海马体照相馆,海马体照相馆,快照摄影,4.1,232,2F,rated,True,,rated,parsed,rating_anchor,0.9674,0.9995,55,6084,103.734,2F | 🌟🌟🌟🌟 | 4.1快照摄影￥232/人 | 1,海马体照相馆 | ) | 2F | 🌟🌟🌟🌟 | 4.1快照摄影￥232/人 | 1 | 浦东新区情侣写真销量榜第3名 | 美 | 我的人生证件照 | 拍照技术一流，环境舒适 | 3 | “ | ￥919.7折 | ￥99 | 惠 | 【毕业季热卖】儿童证..,ocr/input_videos\上海__正大广场__20260826.mp4
OBS-000542,正大广场,好利来,好利来,面包蛋糕,3.9,48,3F,rated,True,,rated,parsed,rating_anchor,0.9877,0.9989,64,6084,103.734,⭐🌟🌟🌟 | 3.9面包蛋糕￥48/人 | 3F,好利来 | Holiland | ⭐🌟🌟🌟 | 3.9面包蛋糕￥48/人 | 3F | 好利来 | 点评榜单 | 陆家嘴商圈面包蛋糕销量榜第3名 | ￥1059.6折 | ￥110 | 【好利来】110元代.. | 惠,ocr/input_videos\上海__正大广场__20260826.mp4
OBS-000543,正大广场,潮宏基,潮宏基,更多购物.,4.8,7345,3F,rated,True,,rated,parsed,rating_anchor,0.9629,0.9998,62,6084,103.734,4.8更多购物. | ￥7345/人3F,潮宏基 | 4.8更多购物. | ￥7345/人3F | 款式好看价格优，服务态度嘎嘎好 | 贴芯贴忆,ocr/input_videos\上海__正大广场__20260826.mp4
OBS-000544,正大广场,悅湘遇,悦湘遇,快餐简餐,3.7,28,B2,rated,True,,rated,parsed,rating_anchor,0.9501,0.9432,55,6108,104.143,3.7快餐简餐￥28/人 | B2,悅湘遇 | 悅湘遇 | 3.7快餐简餐￥28/人 | B2 | 干净卫生，口味出众，服务态度好” | 湘菜盖码饭 | ￥238.9折 | ￥26 | 【湘味经典】青椒辣子.. | 惠,ocr/input_videos\上海__正大广场__20260826.mp4
OBS-000545,正大广场,海马体照相馆,海马体照相馆,快照摄影,4.1,232,2F,rated,True,,rated,parsed,rating_anchor,0.9824,0.9991,51,6108,104.143,2F | 🌟🌟🌟🌟 | 快照摄影￥232/人 | 4.1 | ★,海马体照相馆 | 2F | 🌟🌟🌟🌟 | 快照摄影￥232/人 | 4.1 | ★ | 浦东新区情侣写真销量榜第3名 | 我的人生证件照 | 拍照技术一流，环境舒适 | 3 | ￥919.7折 | ￥99 | 惠 | 【毕业季热卖】儿童证...,ocr/input_videos\上海__正大广场__20260826.mp4
OBS-000546,正大广场,好利来,好利来,面包蛋糕,3.9,48,3F,rated,True,,rated,parsed,rating_anchor,0.9818,0.9997,58,6108,104.143,3F | 🌟🌟⭐🌟🌟 | 面包蛋糕￥48/人 | 3.9,好利来 | Holiland | 3F | 🌟🌟⭐🌟🌟 | 面包蛋糕￥48/人 | 3.9 | 好利来 | 点评榜单 | 陆家嘴商圈面包蛋糕销量榜第3名 | ￥1059.6折 | ￥110 | 【好利来】110元代.. | 惠,ocr/input_videos\上海__正大广场__20260826.mp4
OBS-000547,正大广场,潮宏基,潮宏基,更多购物...,4.8,7345,3F,rated,True,,rated,parsed,rating_anchor,0.9406,0.9996,58,6108,104.143,🌟🌟⭐🌟🌟4.8 | 更多购物... | ￥7345/人3F,潮宏基 | MeWrSeue | 🌟🌟⭐🌟🌟4.8 | 更多购物... | ￥7345/人3F | 款式好看价格优，服务态度嘎嘎好 | C,ocr/input_videos\上海__正大广场__20260826.mp4
OBS-000548,正大广场,贴芯贴忆,贴芯贴忆,锅贴,3.9,30,B2,rated,True,,rated,parsed,rating_anchor,0.9664,0.9968,56,6108,104.143,★🌟★🌟★ | B2 | 锅贴￥30/人 | 3.9,贴芯贴忆 | 贴芯贴忆 | ★🌟★🌟★ | B2 | 锅贴￥30/人 | 3.9 | 点评榜单 | 浦东新区锅贴销量榜第2名 | 本帮面 | 牛肉锅贴 | 老鸭粉丝汤,ocr/input_videos\上海__正大广场__20260826.mp4
OBS-000549,正大广场,潮宏基,潮宏基,更多购物.,4.8,7345,3F,rated,True,,rated,parsed,rating_anchor,0.9344,0.9997,58,6228,106.189,⭐4.8更多购物. | ￥7345/人3F,潮宏基 | 1ilisouina | ⭐4.8更多购物. | ￥7345/人3F | 款式好看价格优，服务态度嘎嘎好,ocr/input_videos\上海__正大广场__20260826.mp4
OBS-000550,正大广场,贴芯贴忆,贴芯贴忆,锅贴,3.9,30,B2,rated,True,,rated,parsed,rating_anchor,0.9654,0.9979,55,6228,106.189,🌟🌟🌟🌟⭐ | B2 | 锅贴￥30/人 | 3.9,贴芯贴忆 | 贴芯贴忆 | 🌟🌟🌟🌟⭐ | B2 | 锅贴￥30/人 | 3.9 | 点评榜单 | 浦东新区锅贴销量榜第2名 | 本帮面 | 牛肉钢贴 | 老鸭粉丝汤 | ￥18 | ￥9.6 | 5.4折 | 惠 | 【王炸宠粉】开洋葱..,ocr/input_videos\上海__正大广场__20260826.mp4
OBS-000551,正大广场,欧味多,欧味多,零食,3.6,54,6F,rated,True,,rated,parsed,rating_anchor,0.9715,0.9997,63,6228,106.189,3.6零食￥54/人 | 6F,欧味多 | 零食 | 3.6零食￥54/人 | 6F | 欧味多 | FOOD AND MOOD | 小姐姐服务态度很好，物美价廉” | ￥57.2折 | ¥6.96 | 惠 | 【专治不爱吃蔬菜】综.. | ￥909折 | ￥100 | 惠 | 【520专享】100元代金券,ocr/input_videos\上海__正大广场__20260826.mp4
OBS-000552,正大广场,鸿蒙智行体验中心,鸿蒙智行体验中心,4S店,,,商场内,unknown,True,,ocr_missing,parsed,metadata_anchor,0.9386,0.9963,51,6228,106.189,⭐⭐⭐4.44S店 | 商场内,鸿蒙智行体验中心 | M | ⭐⭐⭐4.44S店 | 商场内 | 防晕车模式超人性化，逛街好选择 | ¥0.01￥50预约智驾体验&赢取精美好礼 | 惠,ocr/input_videos\上海__正大广场__20260826.mp4
OBS-000553,正大广场,汉堡王,汉堡王,西式快餐,3.9,29,B2,rated,True,,rated,parsed,rating_anchor,0.9832,0.9994,62,6228,106.189,B2 | 🌟🌟🌟🌟⭐ | 西式快餐￥29/人 | 3.9,汉堡王 | 三色彩椒烤鸡腿堡 | B2 | 🌟🌟🌟🌟⭐ | 西式快餐￥29/人 | 3.9 | 点评榜单 | 陆家嘴商圈小吃快餐回头客榜第6名,ocr/input_videos\上海__正大广场__20260826.mp4
OBS-000554,正大广场,潮宏基,潮宏基,更多购物,4.8,7345,3F,rated,True,,rated,parsed,rating_anchor,0.9662,0.9998,61,6252,106.598,4.8 更多购物 | ￥7345/人3F,潮宏基 | tENisoune | 4.8 更多购物 | ￥7345/人3F | 款式好看价格优，服务态度嘎嘎好”,ocr/input_videos\上海__正大广场__20260826.mp4
OBS-000555,正大广场,贴芯贴忆,贴芯贴忆,锅贴,3.9,30,B2,rated,True,,rated,parsed,rating_anchor,0.9688,0.9987,60,6252,106.598,锅贴￥30/人 | B2 | 🌟🌟🌟🌟🌟 | 3.9,贴芯贴忆 | 贴芯贴忆 | 锅贴￥30/人 | B2 | 🌟🌟🌟🌟🌟 | 3.9 | 点评榜单 | 浦东新区锅贴销量榜第2名 | 本帮面 | 牛肉锅贴 | 老鸭粉丝汤 | ￥9.65.4折 | ￥18 | 【王炸宠粉】开洋葱.. | 惠,ocr/input_videos\上海__正大广场__20260826.mp4
OBS-000556,正大广场,欧味多,欧味多,零食,3.6,54,6F,rated,True,,rated,parsed,rating_anchor,0.9699,0.9996,65,6252,106.598,3.6零食￥54/人 | 6F,欧味多 | 零食 | 3.6零食￥54/人 | 6F | 欧味客 | FOOD ANDMOOD | 小姐姐服务态度很好，物美价廉” | ￥57.2折 | ￥6.96 | 惠 | 【专治不爱吃蔬菜】综... | ￥909折 | ￥100 | 惠 | 【520专享】100元代金券,ocr/input_videos\上海__正大广场__20260826.mp4
OBS-000557,正大广场,鸿蒙智行体验中心,鸿蒙智行体验中心,4S店,,,商场内,unknown,True,,ocr_missing,parsed,metadata_anchor,0.9931,0.9967,54,6252,106.598,商场内 | ★★🌟🌟🌟 | 4.44S店,鸿蒙智行体验中心 | 商场内 | ★★🌟🌟🌟 | 4.44S店 | 防晕车模式超人性化，逛街好选择 | ￥0.01￥50预约智驾体验&赢取精美好礼 | 惠,ocr/input_videos\上海__正大广场__20260826.mp4
OBS-000558,正大广场,汉堡王,汉堡王,西式快餐,3.9,29,B2,rated,True,,rated,parsed,rating_anchor,0.9802,0.9996,62,6252,106.598,🌟🌟🌟🌟 | B2 | 3.9 | 西式快餐￥29/人,汉堡王 | 2 | 三色彩椒烤鸡腿堡 | 🌟🌟🌟🌟 | B2 | 3.9 | 西式快餐￥29/人 | 点评榜单 | 陆家嘴商圈小吃快餐回头客榜第6名 | “折扣给力，多种选择满你”,ocr/input_videos\上海__正大广场__20260826.mp4
OBS-000559,正大广场,贴心贴忆,贴心贴忆,锅贴,3.9,30,B2,rated,True,,rated,parsed,rating_anchor,0.8716,0.8187,44,6324,107.826,B2 | 🌟🌟🌟🌟 | 锅贴￥30/人 | 3.9,贴心贴忆 | 贴芯贴忆： | B2 | 🌟🌟🌟🌟 | 锅贴￥30/人 | 3.9 | 点评榜单 | 浦东新区锅贴销量榜第2名 | 本帮面 | 牛肉钢贴 | 老鸭粉丝汤 | ￥9.65.4折 | ￥18 | 惠 | 【王炸宠粉】开洋葱..,ocr/input_videos\上海__正大广场__20260826.mp4
OBS-000560,正大广场,欧味多,欧味多,零食,3.6,54,6F,rated,True,,rated,parsed,rating_anchor,0.9543,0.9997,59,6324,107.826,3.6零食￥54/人 | 6F,欧味多 | 零食 | 欧味多 | 3.6零食￥54/人 | 6F | FODD AND MGOD | 小姐姐服务态度很好，物美价廉 | S | ￥57.2折 | ￥6.96 | 惠 | 【专治不爱吃蔬菜】综.. | ￥909折 | ￥100 | 惠 | 【520专享】100元代金券,ocr/input_videos\上海__正大广场__20260826.mp4
OBS-000561,正大广场,鸿蒙智行体验中心,鸿蒙智行体验中心,4S店,,,商场内,unknown,True,,ocr_missing,parsed,metadata_anchor,0.993,0.9974,54,6324,107.826,商场内 | 4.44S店,鸿蒙智行体验中心 | 商场内 | 4.44S店 | o | 防晕车模式超人性化，逛街好选择 | 3 | / | 惠 | ￥0.01￥50预约智驾体验&赢取精美好礼,ocr/input_videos\上海__正大广场__20260826.mp4
OBS-000562,正大广场,汉堡王,汉堡王,西式快餐,3.9,29,B2,rated,True,,rated,parsed,rating_anchor,0.9791,0.9995,59,6324,107.826,🌟🌟⭐3.9 | B2 | 西式快餐￥29/人,汉堡王 | 三色彩椒烤鸡腿堡 | 🌟🌟⭐3.9 | B2 | 西式快餐￥29/人 | 新 | 点评榜单 | 陆家嘴商圈小吃快餐回头客榜第6名 | 折扣给力，多种选择满你 | ￥5.94折 | ￥15 | 【今天薯条换个吃法】 | 惠,ocr/input_videos\上海__正大广场__20260826.mp4
OBS-000563,正大广场,萨莉亚意式餐厅,萨莉亚意式餐厅,意大利菜,3.9,50,5F,rated,True,,rated,parsed,rating_anchor,0.9519,0.9977,52,6324,107.826,3.9意大利菜￥50/人 | 5F,萨莉亚意式餐厅 | aizeriya | 3.9意大利菜￥50/人 | 5F | ec | 意式餐厅 | 萨莉亚,ocr/input_videos\上海__正大广场__20260826.mp4
OBS-000564,正大广场,欧味多,欧味多,零食,3.6,54,6F,rated,True,,rated,parsed,rating_anchor,0.9698,0.9995,63,6372,108.644,6F | 3.6零食￥54/人,欧味多 | 零食 | 6F | 欧味多 | 3.6零食￥54/人 | FOOD AND MOOD | “小姐姐服务态度很好，物美价廉” | “ | ￥57.2折 | ￥6.96 | 【专治不爱吃蔬菜】综.. | 惠 | ￥909折 | ￥100 | 惠 | 【520专享】100元代金券,ocr/input_videos\上海__正大广场__20260826.mp4
OBS-000565,正大广场,鸿蒙智行体验中心,鸿蒙智行体验中心,4S店,,,商场内,unknown,True,,ocr_missing,parsed,metadata_anchor,0.9602,0.9946,55,6372,108.644,商场内 | ⭐4.44S店,鸿蒙智行体验中心 | 商场内 | ⭐4.44S店 | • | 防晕车模式超人性化，逛街好选择” | ￥0.01￥50预约智驾体验&赢取精美好礼 | 惠,ocr/input_videos\上海__正大广场__20260826.mp4
OBS-000566,正大广场,汉堡王,汉堡王,西式快餐,3.9,29,B2,rated,True,,rated,parsed,rating_anchor,0.9845,0.9994,63,6372,108.644,🌟🌟🌟🌟🌟 | B2 | 3.9西式快餐￥29/人,汉堡王 | A | 三色彩椒烤鸡腿堡 | 🌟🌟🌟🌟🌟 | B2 | 3.9西式快餐￥29/人 | 新 | 点评镑单 | 陆家嘴商圈小吃快餐回头客榜第6名 | “折扣给力，多种选择满足你” | ￥5.9 | ￥15 | 惠 | 4折 | 【今天薯条换个吃法】,ocr/input_videos\上海__正大广场__20260826.mp4
OBS-000567,正大广场,萨莉亚意式餐厅,萨莉亚意式餐厅,意大利菜,3.9,50,5F,rated,True,,rated,parsed,rating_anchor,0.9817,0.9972,52,6372,108.644,5F | 3.9意大利菜￥50/人,萨莉亚意式餐厅 | aizeriya | - | 5F | 3.9意大利菜￥50/人 | arcoart icant | 意式餐厅 | 萨莉亚 | 飞跃上海,ocr/input_videos\上海__正大广场__20260826.mp4
OBS-000568,正大广场,欧味多,欧味多,零食,3.6,54,6F,rated,True,,rated,parsed,rating_anchor,0.9721,0.9996,65,6408,109.258,6F | 3.6零食￥54/人,欧味多 | 零食 | 6F | 欧味多 | 3.6零食￥54/人 | FOOD AND MOOD | “姐姐服务态度很好，物美价廉” | “ | ￥6.96 | ￥57.2折 | 【专治不爱吃蔬菜】综.. | 惠 | ￥909折 | ￥100 | 惠 | 【520专享】100元代金券,ocr/input_videos\上海__正大广场__20260826.mp4
OBS-000569,正大广场,鸿蒙智行体验中心,鸿蒙智行体验中心,4S店,,,商场内,unknown,True,,ocr_missing,parsed,metadata_anchor,0.9966,0.9973,54,6408,109.258,商场内 | 4.44S店,鸿蒙智行体验中心 | 商场内 | 4.44S店 | ● | 防晕车模式超人性化，逛街好选择” | ￥0.01￥50预约智驾体验&赢取精美好礼 | 惠,ocr/input_videos\上海__正大广场__20260826.mp4
OBS-000570,正大广场,汉堡王,汉堡王,西式快餐,3.9,29,B2,rated,True,,rated,parsed,rating_anchor,0.9819,0.9994,63,6408,109.258,🌟🌟🌟🌟🌟 | B2 | 3.9西式快餐￥29/人,汉堡王 | A | 三色彩椒烤鸡腿堡 | 🌟🌟🌟🌟🌟 | B2 | 3.9西式快餐￥29/人 | 新 | 点评镑单 | 陆家嘴商圈小吃快餐回头客榜第6名 | “折扣给力，多种选择满足你” | ￥5.9 | ￥15 | 4折 | 惠 | 【今天薯条换个吃法】,ocr/input_videos\上海__正大广场__20260826.mp4
OBS-000571,正大广场,萨莉亚意式餐厅,萨莉亚意式餐厅,意大利菜,3.9,50,5F,rated,True,,rated,parsed,rating_anchor,0.9811,0.9959,52,6408,109.258,5F | 3.9意大利菜￥50/人,萨莉亚意式餐厅 | aizeriya | - | 5F | 3.9意大利菜￥50/人 | arcoart i cant | 意式餐厅 | 萨莉亚 | 飞跃上海,ocr/input_videos\上海__正大广场__20260826.mp4
OBS-000572,正大广场,鸿蒙智行体验中心,鸿蒙智行体验中心,4S店,,,商场内,unknown,True,,ocr_missing,parsed,metadata_anchor,0.9618,0.9986,54,6420,109.463,4.44S店 | 商场内,鸿蒙智行体验中心 | 4.44S店 | 商场内 | “防晕车模式超性化，逛街好选择 | ￥0.01￥50预约智驾体验&赢取精美好礼 | 惠,ocr/input_videos\上海__正大广场__20260826.mp4
OBS-000573,正大广场,汉堡王,汉堡王,西式快餐,3.9,29,B2,rated,True,,rated,parsed,rating_anchor,0.9765,0.9997,62,6420,109.463,🌟🌟💥🌟🌟 | B2 | 西式快餐￥29/人 | 3.9,汉堡王 | 2 | 三色彩椒烤鸡腿堡 | 🌟🌟💥🌟🌟 | B2 | 西式快餐￥29/人 | 3.9 | 点评榜单 | 陆家嘴商圈小吃快餐回头客榜第6名 | 折扣给，多种选择满你” | ￥5.9 | 4折 | ￥15 | 惠 | 【今天薯条换个吃法】,ocr/input_videos\上海__正大广场__20260826.mp4
OBS-000574,正大广场,萨莉亚意式餐厅,萨莉亚意式餐厅,意利菜,3.9,50,5F,rated,True,,rated,parsed,rating_anchor,0.9643,0.999,58,6420,109.463,3.9意利菜￥50/人 | 5F,萨莉亚意式餐厅 | aizeriya | 3.9意利菜￥50/人 | 5F | 意式餐厅 | 萨莉亚,ocr/input_videos\上海__正大广场__20260826.mp4
OBS-000575,正大广场,飞跃上海,飞跃上海,化艺术,3.2,44,2F,rated,True,,rated,parsed,rating_anchor,0.9677,0.9997,56,6420,109.463,⭐🌟🌟 | 2F | ★★ | 3.2化艺术￥44/人,飞跃上海 | ⭐🌟🌟 | 2F | ★★ | 3.2化艺术￥44/人 | 飞跃 | 浦东新区文化艺术销量榜第2名 | 奇幻剧场 | 服务热情有耐心，沉浸式体验回味无穷 | 加 | ￥78.9 | 6.7折 | ￥120必玩榜-【亲子票1.. | 惠,ocr/input_videos\上海__正大广场__20260826.mp4
OBS-000576,正大广场,程studio,程studio,美发,4.2,241,B1,rated,True,,rated,parsed,rating_anchor,0.9676,0.9985,62,6420,109.463,4.2美发￥241/人 | B1,程studio | 4.2美发￥241/人 | B1,ocr/input_videos\上海__正大广场__20260826.mp4
OBS-000577,正大广场,汉堡王,汉堡王,西式快餐,3.9,29,B2,rated,True,,rated,parsed,rating_anchor,0.9763,0.9993,62,6456,110.076,★★★★★ | B2 | 3.9 | 西式快餐￥29/人,汉堡王 | A | 三色彩椒烤鸡腿堡 | ★★★★★ | B2 | 3.9 | 西式快餐￥29/人 | 点评榜单 | 陆家嘴商圈小吃快餐回头客榜第6名 | “折扣给力，多种选择满你” | ￥5.9 | 4折 | ￥15 | 【今天薯条换个吃法】 | 惠,ocr/input_videos\上海__正大广场__20260826.mp4
OBS-000578,正大广场,萨莉亚意式餐厅,萨莉亚意式餐厅,意大利菜,3.9,50,5F,rated,True,,rated,parsed,rating_anchor,0.9804,0.9978,57,6456,110.076,3.9意大利菜￥50/人 | 5F,萨莉亚意式餐厅 | aizeriya | 3.9意大利菜￥50/人 | 5F | arcoJrt I caRt | 意式餐厅 | 萨莉亚,ocr/input_videos\上海__正大广场__20260826.mp4
OBS-000579,正大广场,飞跃上海,飞跃上海,文化艺术,3.2,44,2F,rated,True,,rated,parsed,rating_anchor,0.9827,0.9998,56,6456,110.076,🌟🌟⭐⭐🌟 | 2F | 3.2文化艺术￥44/人,飞跃上海 | 🌟🌟⭐⭐🌟 | 2F | 3.2文化艺术￥44/人 | 飞跃 | 浦东新区文化艺术销量榜第2名 | 奇幻剧场 | 服务热情有耐心，沉浸式体验回味无穷 | 分 | C | ￥78.96.7折 | ￥120必玩榜-【亲子票1... | 惠,ocr/input_videos\上海__正大广场__20260826.mp4
OBS-000580,正大广场,程studio,程studio,美发,4.2,241,B1,rated,True,,rated,parsed,rating_anchor,0.9853,0.9994,53,6456,110.076,4.2美发￥241/人 | B1 | ★★★★★,程studio | 礁 | 4.2美发￥241/人 | B1 | ★★★★★ | CHING | 陆家嘴商圈洗吹销量榜第1名 | SEUDIO | 美发 | 发型师设计专业，环境舒适香气满满 | ￥148￥190 | 【S2】首席洗剪吹造型设计 | 惠,ocr/input_videos\上海__正大广场__20260826.mp4
OBS-000581,正大广场,Tapa Tapa,TapaTapa,西班牙菜,,177,6F,new_store,False,new_store,ocr_missing,parsed,metadata_anchor,0.9457,0.9517,61,6456,110.076,新店 | 6F | 西班牙菜￥177/人,Tapa Tapa | 新店 | TapoTopo | 6F | 西班牙菜￥177/人 | tapas &wine bap | 点评榜单 | 上海西班牙菜好评榜第1名 | 无敌江景西班牙餐厅,ocr/input_videos\上海__正大广场__20260826.mp4
OBS-000582,正大广场,萨莉亚意式餐厅,萨莉亚意式餐厅,意大利菜,3.9,50,5F,rated,True,,rated,parsed,rating_anchor,0.9679,0.9989,54,6564,111.918,3.9意大利菜￥50/人 | 5F,萨莉亚意式餐厅 | aizeriya | 3.9意大利菜￥50/人 | 5F | AC | 意式餐厅 | 萨莉亚,ocr/input_videos\上海__正大广场__20260826.mp4
OBS-000583,正大广场,飞跃上海,飞跃上海,文化艺术,3.2,44,2F,rated,True,,rated,parsed,rating_anchor,0.9857,0.9997,57,6564,111.918,⭐🎉★★ | 2F | 3.2文化艺术￥44/人,飞跃上海 | ⭐🎉★★ | 2F | 3.2文化艺术￥44/人 | 飞跃 | 浦东新区文化艺术销量榜第2名 | 奇幻剧场 | 服务热情有耐心，沉浸式体验回味无穷 | “ | ￥78.9 | 6.7折 | ￥120必玩榜-【亲子票1.. | 惠,ocr/input_videos\上海__正大广场__20260826.mp4
OBS-000584,正大广场,程studio,程studio,美发,4.2,241,B1,rated,True,,rated,parsed,rating_anchor,0.9822,0.9987,56,6564,111.918,B1 | 🌟🌟⭐⭐ | 4.2美发￥241/人 | ★,程studio | 程 | B1 | 🌟🌟⭐⭐ | 4.2美发￥241/人 | ★ | CHING | 陆家嘴商圈洗吹销量榜第1名 | 5TUDIO | 美业 | 发型师设计专业，环境舒适香气满满 | 1 | 【S2】席洗剪吹造型设计 | ￥148￥190 | 惠,ocr/input_videos\上海__正大广场__20260826.mp4
OBS-000585,正大广场,Tapa Tapa,TapaTapa,西班菜,,177,6F,new_store,False,new_store,ocr_missing,parsed,metadata_anchor,0.9478,0.9883,66,6564,111.918,6F | 新店 | 西班菜￥177/人,Tapa Tapa | 6F | 新店 | 西班菜￥177/人 | TopoTapo | tapas &wine bap | 点评榜单 | 上海西班牙菜好评榜第1名 | 无敌江景西班牙餐厅,ocr/input_videos\上海__正大广场__20260826.mp4
OBS-000586,正大广场,浦江晓月·宴会厅,浦江晓月·宴会厅,淮扬菜,4.0,1425,5F,rated,True,,rated,parsed,rating_anchor,0.9756,0.9889,54,6564,111.918,🌟🌟⭐⭐⭐ | 5F | 4.0淮扬菜￥1425/人,浦江晓月·宴会厅 | 🌟🌟⭐⭐⭐ | 5F | 4.0淮扬菜￥1425/人,ocr/input_videos\上海__正大广场__20260826.mp4
OBS-000587,正大广场,程studio,程studio,美发,4.2,241,B1,rated,True,,rated,parsed,rating_anchor,0.9695,0.9995,53,6612,112.736,🌟🌟⭐⭐ | B1 | 美发￥241/人 | 4.2,程studio | 程 | 🌟🌟⭐⭐ | B1 | 美发￥241/人 | 4.2 | CHING | 陆家嘴商圈洗吹销量榜第1名 | ≤TUD10 | 美发 | 发型师设计专业，环境舒适香气满满 | ￥148￥190 | 【S2】 | 惠 | 首席洗剪吹造型设计,ocr/input_videos\上海__正大广场__20260826.mp4
OBS-000588,正大广场,Tapa Tapa,TapaTapa,西班牙菜,,177,6F,new_store,False,new_store,ocr_missing,parsed,metadata_anchor,0.9953,0.991,66,6612,112.736,新店 | 6F | 西班牙菜 | ￥177/人,Tapa Tapa | 新店 | TapoTapo | 6F | 西班牙菜 | ￥177/人 | tapas &wine bar | 点评榜单 | 上海西班牙菜好评榜第1名 | 无敌江景西班牙餐厅,ocr/input_videos\上海__正大广场__20260826.mp4
OBS-000589,正大广场,浦江晓月·宴会厅,浦江晓月·宴会厅,淮扬菜,4.0,1425,5F,rated,True,,rated,parsed,rating_anchor,0.9717,0.9871,51,6612,112.736,🌟🌟🎉⭐ | 5F | 淮扬菜￥1425/人 | 4.0 | ★,浦江晓月·宴会厅 | 🌟🌟🎉⭐ | 5F | 淮扬菜￥1425/人 | 4.0 | ★,ocr/input_videos\上海__正大广场__20260826.mp4
OBS-000590,正大广场,casio,casio,钟表,4.3,,4F,rated,True,,rated,parsed,rating_anchor,0.9978,0.9978,55,6612,112.736,4F | ⭐🌟🌟⭐ | 钟表 | 4.3 | ★,casio | CASIO | 4F | ⭐🌟🌟⭐ | 钟表 | 4.3 | ★,ocr/input_videos\上海__正大广场__20260826.mp4
OBS-000591,正大广场,VASO意大利市集餐厅·拿坡里披萨,VASO意大利市集餐厅·拿坡里披萨,意大利菜,,152,6F,new_store,False,new_store,ocr_missing,parsed,metadata_anchor,0.9798,0.9897,53,6612,112.736,6F | 意大利菜￥152/人 | 新店,VASO意大利市集餐厅·拿坡里披萨 | 6F | 意大利菜￥152/人 | 新店 | 点评榜单 | 上海西餐好评榜第1名 | 无敌江景！,ocr/input_videos\上海__正大广场__20260826.mp4
OBS-000592,正大广场,金匠寿司,金匠寿司,寿司,4.4,108,5F,rated,True,,rated,parsed,rating_anchor,0.9829,0.9998,56,6612,112.736,5F | 🌟🌟🌟⭐ | 4.4寿司￥108/人,1月20日 | 金匠寿司 | D | 上新 | 畅快 | 5F | 🌟🌟🌟⭐ | 4.4寿司￥108/人 | 点评榜单 | 陆家嘴商圈日式料理热门榜第1名,ocr/input_videos\上海__正大广场__20260826.mp4
OBS-000593,正大广场,柱studio,柱studio,美发,4.2,241,B1,rated,True,,rated,parsed,rating_anchor,0.9357,0.9195,41,6672,113.759,🌟🌟🌟⭐ | B1 | 美发￥241/人 | 4.2 | ★,柱studio | 程 | 🌟🌟🌟⭐ | B1 | 美发￥241/人 | 4.2 | ★ | CH I MG | 陆家嘴商圈洗吹销量榜第1名 | SEUD10 | 英发 | 发型师设计专业，环境舒适香气满满 | 3 | ￥148￥190 | 【S2】 | 惠 | 首席洗剪吹造型设计,ocr/input_videos\上海__正大广场__20260826.mp4
OBS-000594,正大广场,Tapa Tapa,TapaTapa,西班牙菜,,177,6F,new_store,False,new_store,ocr_missing,parsed,metadata_anchor,0.9626,0.9653,69,6672,113.759,西班牙菜￥177/人 | 6F | 新店,Tapa Tapa | TopoTopo | 西班牙菜￥177/人 | 6F | 新店 | tapas &wine bar | 点评榜单 | 上海西班牙菜好评榜第1名 | 无敌江景西班牙餐厅,ocr/input_videos\上海__正大广场__20260826.mp4
OBS-000595,正大广场,浦江晓月·宴会厅,浦江晓月·宴会厅,淮扬菜,4.0,1425,5F,rated,True,,rated,parsed,rating_anchor,0.965,0.9879,55,6672,113.759,淮扬菜￥1425/人 | 🌟🌟🌟🌟⭐ | 4.0 | 5F,浦江晓月·宴会厅 | 淮扬菜￥1425/人 | 🌟🌟🌟🌟⭐ | 4.0 | 5F,ocr/input_videos\上海__正大广场__20260826.mp4
OBS-000596,正大广场,casio,casio,钟表,4.3,,4F,rated,True,,rated,parsed,rating_anchor,0.9982,0.9972,59,6672,113.759,钟表 | 4F | ⭐🌟🌟⭐🌟 | 4.3,casio | CASIO | 钟表 | 4F | ⭐🌟🌟⭐🌟 | 4.3,ocr/input_videos\上海__正大广场__20260826.mp4
OBS-000597,正大广场,VASO意大利市集餐厅·拿坡里披萨,VASO意大利市集餐厅·拿坡里披萨,意大利菜,,152,6F,new_store,False,new_store,ocr_missing,parsed,metadata_anchor,0.984,0.99,54,6672,113.759,6F | 新店 | 意大利菜￥152/人,VASO意大利市集餐厅·拿坡里披萨 | 6F | 新店 | 意大利菜￥152/人 | 点评榜单 | 上海西餐好评榜第1名 | 无敌江景！ | 意大利市集餐厅,ocr/input_videos\上海__正大广场__20260826.mp4
OBS-000598,正大广场,金匠寿司,金匠寿司,寿司,4.4,108,5F,rated,True,,rated,parsed,rating_anchor,0.986,0.9999,60,6672,113.759,5F | 🌟🌟🌟🌟 | 4.4寿司￥108/人,1月20日 | 金匠寿司 | 物快上新 | 5F | 🌟🌟🌟🌟 | 4.4寿司￥108/人 | 点评榜单 | 陆家嘴商圈日式料理热门榜第1名,ocr/input_videos\上海__正大广场__20260826.mp4
OBS-000599,正大广场,casio,casio,钟表,4.3,,4F,rated,True,,rated,parsed,rating_anchor,0.9943,0.9894,55,6720,114.578,🌟🌟🌟🎉 | 钟表 | 4F | 4.3 | ★,casio | CASIO | 🌟🌟🌟🎉 | 钟表 | 4F | 4.3 | ★,ocr/input_videos\上海__正大广场__20260826.mp4
OBS-000600,正大广场,VASO意大利市集餐厅·拿坡里披萨,VASO意大利市集餐厅·拿坡里披萨,意大利菜,,152,6F,new_store,False,new_store,ocr_missing,parsed,metadata_anchor,0.96,0.9862,51,6720,114.578,6F | 新店 | 意大利菜￥152/人,VASO意大利市集餐厅·拿坡里披萨 | 6F | 新店 | 意大利菜￥152/人 | 点评榜单 | 上海西餐好评榜第1名 | 无敌江景！ | 意大利市集保厅,ocr/input_videos\上海__正大广场__20260826.mp4
OBS-000601,正大广场,金匠寿司,金匠寿司,寿司,4.4,108,5F,rated,True,,rated,parsed,rating_anchor,0.9816,0.9997,56,6720,114.578,🌟🌟⭐⭐ | 4.4寿司￥108/人 | 5F,1月20日 | 金匠寿司 | 物快上新 | ( | 🌟🌟⭐⭐ | 4.4寿司￥108/人 | 5F | 点评榜单 | 陆家嘴商圈日式料理热门榜第1名,ocr/input_videos\上海__正大广场__20260826.mp4
OBS-000602,正大广场,ecco,ecco,鞋靴,4.0,1630,3F,rated,True,,rated,parsed,rating_anchor,0.9735,0.9983,40,6720,114.578,3F | ⭐🌟🌟🌟 | 鞋靴￥1630/人 | 4.0 | ★,gcCo | ecco | 3F | ⭐🌟🌟🌟 | 鞋靴￥1630/人 | 4.0 | ★,ocr/input_videos\上海__正大广场__20260826.mp4
OBS-000603,正大广场,哥哥の深夜食堂,哥哥の深夜食堂,日本料理,4.7,106,7F,rated,True,,rated,parsed,rating_anchor,0.9765,0.9997,52,6720,114.578,🌟🌟🌟🌟🌟 | 7F | 日本料理￥106/人 | 4.7,哥哥の深夜食堂 | 🌟🌟🌟🌟🌟 | 7F | 日本料理￥106/人 | 4.7 | 点评榜单 | 陆家嘴商圈日本料理好评榜第3名 | 14:00休息,ocr/input_videos\上海__正大广场__20260826.mp4
OBS-000604,正大广场,费大厨辣椒炒肉,费大厨辣椒炒肉,湘菜,4.6,79,6F,rated,True,,rated,parsed,rating_anchor,0.9962,0.9943,52,6720,114.578,6F | 🌟🌟🌟🌟 | 湘菜 | ￥79/人 | 4.6,费大厨辣椒炒肉 | 费大廚 | 6F | 🌟🌟🌟🌟 | 湘菜 | ￥79/人 | 4.6 | 辣椒炒肉 | 点评榜单 | 陆家嘴商圈湘菜好评榜第1名 | 精选黑猪肉专业大厨炒,ocr/input_videos\上海__正大广场__20260826.mp4
OBS-000605,正大广场,casio,casio,钟表,4.3,,4F,rated,True,,rated,parsed,rating_anchor,0.9933,0.9877,55,6744,114.987,🌟🌟🌟🌟 | 钟表 | 4F | 4.3 | ★,casio | CASIO | 🌟🌟🌟🌟 | 钟表 | 4F | 4.3 | ★,ocr/input_videos\上海__正大广场__20260826.mp4
OBS-000606,正大广场,VASO意大利市集餐厅·拿坡里披萨,VASO意大利市集餐厅·拿坡里披萨,意大利菜,,152,6F,new_store,False,new_store,ocr_missing,parsed,metadata_anchor,0.9755,0.9868,51,6744,114.987,6F | 新店 | 意大利菜￥152/人,VASO意大利市集餐厅·拿坡里披萨 | 6F | 新店 | 意大利菜￥152/人 | MAPOLIPITZA:MAEKET | 点评榜单 | 上海西餐好评榜第1名 | 无敌江景！ | 意大利市集餐厅,ocr/input_videos\上海__正大广场__20260826.mp4
OBS-000607,正大广场,金匠寿司,金匠寿司,寿司,4.4,108,5F,rated,True,,rated,parsed,rating_anchor,0.9808,0.9999,56,6744,114.987,🌟🌟⭐⭐ | 5F | 4.4寿司￥108/人,1月20日 | 金匠寿司 | 杨快上新 | 🌟🌟⭐⭐ | 5F | 4.4寿司￥108/人 | 点评榜单 | 陆家嘴商圈日式料理热门榜第1名,ocr/input_videos\上海__正大广场__20260826.mp4
OBS-000608,正大广场,ecco,ecco,鞋靴,4.0,1630,3F,rated,True,,rated,parsed,rating_anchor,0.9792,0.9984,39,6744,114.987,⭐🌟⭐⭐ | 3F | 鞋靴￥1630/人 | 4.0 | ★,ecCo | ecco | ⭐🌟⭐⭐ | 3F | 鞋靴￥1630/人 | 4.0 | ★,ocr/input_videos\上海__正大广场__20260826.mp4
OBS-000609,正大广场,哥哥の深夜食堂,哥哥の深夜食堂,日本料理,4.7,106,7F,rated,True,,rated,parsed,rating_anchor,0.9791,0.9981,51,6744,114.987,7F | 🌟🌟⭐🌟🌟 | 日本料理￥106/人 | 4.7,哥哥の深夜食堂 | 7F | 🌟🌟⭐🌟🌟 | 日本料理￥106/人 | 4.7 | 点评榜单 | 陆家嘴商圈日本料理好评榜第3名 | 14:00休息,ocr/input_videos\上海__正大广场__20260826.mp4
OBS-000610,正大广场,费大厨辣椒炒肉,费大厨辣椒炒肉,湘菜,4.6,79,6F,rated,True,,rated,parsed,rating_anchor,0.9971,0.9966,52,6744,114.987,6F | 🌟🌟🌟🌟🌟 | 湘菜 | ￥79/人 | 4.6,费大厨辣椒炒肉 | 费大廚 | 6F | 🌟🌟🌟🌟🌟 | 湘菜 | ￥79/人 | 4.6 | 辣椒炒肉 | 点评榜单 | 陆家嘴商圈湘菜好评榜第1名 | 精选黑猪肉专业大厨炒,ocr/input_videos\上海__正大广场__20260826.mp4
OBS-000611,正大广场,casio,casio,钟表,4.3,,4F,rated,True,,rated,parsed,rating_anchor,0.9931,0.9884,55,6864,117.033,🌟🌟🌟🌟 | 钟表 | 4F | 4.3 | ★,casio | CASIO | 🌟🌟🌟🌟 | 钟表 | 4F | 4.3 | ★,ocr/input_videos\上海__正大广场__20260826.mp4
OBS-000612,正大广场,VASO意大利市集餐厅·拿坡里披萨,VASO意大利市集餐厅·拿坡里披萨,意大利菜,,152,6F,new_store,False,new_store,ocr_missing,parsed,metadata_anchor,0.9835,0.983,51,6864,117.033,新店 | 6F | 意大利菜￥152/人,VASO意大利市集餐厅·拿坡里披萨 | 新店 | 6F | 意大利菜￥152/人 | 点评榜单 | MARGLI | IA·VADKP | 上海西餐好评榜第1名 | 无敌江景！ | 意大利市集餐厅,ocr/input_videos\上海__正大广场__20260826.mp4
OBS-000613,正大广场,金匠寿司,金匠寿司,寿司,4.4,108,5F,rated,True,,rated,parsed,rating_anchor,0.986,0.9998,57,6864,117.033,🌟🌟⭐⭐ | 5F | 4.4寿司￥108/人,1月20日 | 金匠寿司 | 物快上新 | 0 | 🌟🌟⭐⭐ | 5F | 4.4寿司￥108/人 | 点评榜单 | 陆家嘴商圈日式料理热门榜第1名,ocr/input_videos\上海__正大广场__20260826.mp4
OBS-000614,正大广场,ecco,ecco,鞋靴,4.0,1630,3F,rated,True,,rated,parsed,rating_anchor,0.973,0.9986,39,6864,117.033,3F | 🌟🌟🌟⭐ | 鞋靴￥1630/人 | 4.0 | ★,gcCO | ecco | 3F | 🌟🌟🌟⭐ | 鞋靴￥1630/人 | 4.0 | ★,ocr/input_videos\上海__正大广场__20260826.mp4
OBS-000615,正大广场,哥哥の深夜食堂,哥哥の深夜食堂,日本料理,4.7,106,7F,rated,True,,rated,parsed,rating_anchor,0.9739,0.9994,52,6864,117.033,7F | 🌟🌟🌟🌟🌟 | 4.7 | 日本料理￥106/人,哥哥の深夜食堂 | 7F | 🌟🌟🌟🌟🌟 | 4.7 | 日本料理￥106/人 | 夜 | 点评榜单 | 陆家嘴商圈日本料理好评榜第3名 | 14:00休息,ocr/input_videos\上海__正大广场__20260826.mp4
OBS-000616,正大广场,费大厨辣椒炒肉,费大厨辣椒炒肉,湘菜,4.6,79,6F,rated,True,,rated,parsed,rating_anchor,0.9952,0.9931,52,6864,117.033,6F | 🌟🌟🎉🌟🌟 | 湘菜 | ￥79/人 | 4.6,费大厨辣椒炒肉 | 费大廚 | 6F | 🌟🌟🎉🌟🌟 | 湘菜 | ￥79/人 | 4.6 | 辣椒炒肉 | 点评榜单 | 陆家嘴商圈湘菜好评榜第1名 | 精选黑猪肉专业大厨炒,ocr/input_videos\上海__正大广场__20260826.mp4
OBS-000617,正大广场,志八未良门手吸土及所,志八未良门手吸土及所,意大利菜,,152,6F,new_store,False,new_store,ocr_missing,parsed,metadata_anchor,0.7393,0.5054,33,6876,117.238,6F | 新店 | 意大利菜￥152/人,志八未良门手吸土及所 | 6F | 新店 | 意大利菜￥152/人 | MAFOLIPOZZA-MAEKET | 点评榜单 | 上海西餐好评榜第1名 | 无敌江景！ | 意大利市集餐厅,ocr/input_videos\上海__正大广场__20260826.mp4
OBS-000618,正大广场,金匠寿司,金匠寿司,寿司,4.4,108,5F,rated,True,,rated,parsed,rating_anchor,0.9847,0.9999,57,6876,117.238,🌟🌟🌟⭐ | 5F | 4.4寿司￥108/人,1月20日 | 金匠寿司 | 上新 | 🌟🌟🌟⭐ | 5F | 4.4寿司￥108/人 | 点评榜单 | 陆家嘴商圈日式料理热门榜第1名,ocr/input_videos\上海__正大广场__20260826.mp4
OBS-000619,正大广场,ecco,ecco,鞋靴,4.0,1630,3F,rated,True,,rated,parsed,rating_anchor,0.9769,0.9986,43,6876,117.238,🌟🌟⭐⭐ | 3F | 4.0 | 鞋靴￥1630/人 | ★,ecco | 🌟🌟⭐⭐ | 3F | 4.0 | 鞋靴￥1630/人 | ★,ocr/input_videos\上海__正大广场__20260826.mp4
OBS-000620,正大广场,哥哥の深夜食堂,哥哥の深夜食堂,日本料理,4.7,106,7F,rated,True,,rated,parsed,rating_anchor,0.976,0.9987,54,6876,117.238,7F | 🌟🌟🌟 | 日本料理￥106/人 | 4.7,哥哥の深夜食堂 | 7F | 🌟🌟🌟 | 日本料理￥106/人 | 4.7 | 夜 | 点评榜单 | 陆家嘴商圈日本料理好评榜第3名 | 14:00休息,ocr/input_videos\上海__正大广场__20260826.mp4
OBS-000621,正大广场,费大厨辣椒炒肉,费大厨辣椒炒肉,湘菜,4.6,79,6F,rated,True,,rated,parsed,rating_anchor,0.953,0.9631,52,6876,117.238,6F | 🌟🌟🌟🌟🌟 | 湘菜￥79/人 | 4.6,费大厨辣椒炒肉 | 6F | 费大廚 | 🌟🌟🌟🌟🌟 | 湘菜￥79/人 | 4.6 | 辣椒炒肉 | 点评榜单 | 陆家嘴商圈湘菜好评榜第1名 | 精选黑猪肉专业大厨炒,ocr/input_videos\上海__正大广场__20260826.mp4
OBS-000622,正大广场,champion,champion,服装,4.3,1141,5F,rated,True,,rated,parsed,rating_anchor,0.9815,0.9996,60,6876,117.238,🌟🌟🌟🌟 | 5F | 4.3 | 服装￥1141/人,champion | 🌟🌟🌟🌟 | 5F | 4.3 | 服装￥1141/人 | 点评榜单 | 陆家嘴商圈服装好评榜第6名 | 超大屏幕清晰，打卡合影绝佳”,ocr/input_videos\上海__正大广场__20260826.mp4
OBS-000623,正大广场,志八未民门手妆土双所,志八未民门手妆土双所,意大利菜,,152,6F,new_store,False,new_store,ocr_missing,parsed,metadata_anchor,0.7206,0.5088,31,6924,118.056,6F | 新店 | 意大利菜￥152/人,志八未民门手妆土双所 | 6F | 新店 | 意大利菜￥152/人 | MAFOLIPOZZA-MAEKET | 点评榜单 | 上海西餐好评榜第1名 | 无敌江景！ | 意大利市集餐厅,ocr/input_videos\上海__正大广场__20260826.mp4
OBS-000624,正大广场,金匠寿司,金匠寿司,寿司,4.4,108,5F,rated,True,,rated,parsed,rating_anchor,0.9856,0.9998,56,6924,118.056,🌟🌟⭐⭐ | 5F | 4.4寿司￥108/人,1月20日 | 金匠寿司 | 上新 | 🌟🌟⭐⭐ | 5F | 4.4寿司￥108/人 | 点评榜单 | 陆家嘴商圈日式料理热门榜第1名,ocr/input_videos\上海__正大广场__20260826.mp4
OBS-000625,正大广场,ecco,ecco,鞋靴,4.0,1630,3F,rated,True,,rated,parsed,rating_anchor,0.9785,0.9988,43,6924,118.056,🌟🌟⭐⭐ | 3F | 4.0 | 鞋靴￥1630/人 | ★,ecco | 🌟🌟⭐⭐ | 3F | 4.0 | 鞋靴￥1630/人 | ★,ocr/input_videos\上海__正大广场__20260826.mp4
OBS-000626,正大广场,哥哥の深夜食堂,哥哥の深夜食堂,日本料理,4.7,106,7F,rated,True,,rated,parsed,rating_anchor,0.979,0.9983,51,6924,118.056,7F | 🌟🌟🌟🌟 | 日本料理￥106/人 | 4.7,哥哥の深夜食堂 | 7F | 🌟🌟🌟🌟 | 日本料理￥106/人 | 4.7 | 夜 | 点评榜单 | 陆家嘴商圈日本料理好评榜第3名 | 14:00休息,ocr/input_videos\上海__正大广场__20260826.mp4
OBS-000627,正大广场,费大厨辣椒炒肉,费大厨辣椒炒肉,湘菜,4.6,79,6F,rated,True,,rated,parsed,rating_anchor,0.9647,0.9886,54,6924,118.056,6F | 🌟🌟🌟🌟🌟 | 湘菜￥79/人 | 4.6,费大厨辣椒炒肉 | 费大廚 | 6F | 🌟🌟🌟🌟🌟 | 湘菜￥79/人 | 4.6 | 辣椒炒肉 | 点评榜单 | 陆家嘴商圈湘菜好评榜第1名 | 精选黑猪肉专业大厨炒,ocr/input_videos\上海__正大广场__20260826.mp4
OBS-000628,正大广场,champion,champion,服装,4.3,1141,5F,rated,True,,rated,parsed,rating_anchor,0.9811,0.9995,59,6924,118.056,🌟🌟⭐🌟 | 5F | 4.3 | 服装￥1141/人,champion | 🌟🌟⭐🌟 | 5F | 4.3 | 服装￥1141/人 | 点评榜单 | 陆家嘴商圈服装好评榜第6名 | 超大屏幕清晰，打卡合影绝佳 | 城南往事·山东家常菜·果木烤鸭,ocr/input_videos\上海__正大广场__20260826.mp4
OBS-000629,正大广场,志八制未民门手收土双所,志八制未民门手收土双所,意大利菜,,152,6F,new_store,False,new_store,ocr_missing,parsed,metadata_anchor,0.7301,0.5022,31,6936,118.261,6F | 新店 | 意大利菜￥152/人,志八制未民门手收土双所 | 6F | 新店 | 意大利菜￥152/人 | MAFOLIPOZZA-MAEKET | 点评榜单 | 上海西餐好评榜第1名 | 无敌江景！ | 意大利市集餐厅,ocr/input_videos\上海__正大广场__20260826.mp4
OBS-000630,正大广场,金匠寿司,金匠寿司,寿司,4.4,108,5F,rated,True,,rated,parsed,rating_anchor,0.9852,0.9998,56,6936,118.261,🌟🌟⭐⭐ | 5F | 4.4寿司￥108/人,1月20日 | 金匠寿司 | 上新 | 🌟🌟⭐⭐ | 5F | 4.4寿司￥108/人 | 点评榜单 | 陆家嘴商圈日式料理热门榜第1名,ocr/input_videos\上海__正大广场__20260826.mp4
OBS-000631,正大广场,ecco,ecco,鞋靴,4.0,1630,3F,rated,True,,rated,parsed,rating_anchor,0.9712,0.9987,43,6936,118.261,🌟🌟⭐⭐ | 3F | 4.0 | 鞋靴￥1630/人 | ★,ecco | 🌟🌟⭐⭐ | 3F | 4.0 | 鞋靴￥1630/人 | ★,ocr/input_videos\上海__正大广场__20260826.mp4
OBS-000632,正大广场,哥哥の深夜食堂,哥哥の深夜食堂,日本料理,4.7,106,7F,rated,True,,rated,parsed,rating_anchor,0.98,0.998,51,6936,118.261,7F | 🌟🌟🌟🌟 | 日本料理￥106/人 | 4.7,哥哥の深夜食堂 | 7F | 🌟🌟🌟🌟 | 日本料理￥106/人 | 4.7 | 夜 | 点评榜单 | 陆家嘴商圈日本料理好评榜第3名 | 14:00休息,ocr/input_videos\上海__正大广场__20260826.mp4
OBS-000633,正大广场,费大厨辣椒炒肉,费大厨辣椒炒肉,湘菜,4.6,79,6F,rated,True,,rated,parsed,rating_anchor,0.9659,0.9911,54,6936,118.261,6F | 🌟🌟🌟🌟🌟 | 湘菜￥79/人 | 4.6,费大厨辣椒炒肉 | 费大廚 | 6F | 🌟🌟🌟🌟🌟 | 湘菜￥79/人 | 4.6 | 辣椒炒肉 | 点评榜单 | 陆家嘴商圈湘菜好评榜第1名 | 精选黑猪肉专业大厨炒,ocr/input_videos\上海__正大广场__20260826.mp4
OBS-000634,正大广场,champion,champion,服装,4.3,1141,5F,rated,True,,rated,parsed,rating_anchor,0.9811,0.9995,59,6936,118.261,🌟🌟⭐🌟 | 5F | 4.3 | 服装￥1141/人,champion | 🌟🌟⭐🌟 | 5F | 4.3 | 服装￥1141/人 | 点评榜单 | 陆家嘴商圈服装好评榜第6名 | 超大屏幕清晰，打卡合影绝佳 | 城南往事·山东家常菜·果木烤鸭,ocr/input_videos\上海__正大广场__20260826.mp4
OBS-000635,正大广场,费大厨辣椒炒肉,费大厨辣椒炒肉,湘菜,4.6,79,6F,rated,True,,rated,parsed,rating_anchor,0.9794,0.9963,51,6972,118.874,4.6湘菜￥79/人 | 🌟🌟🌟🌟🌟 | 6F,费大厨辣椒炒肉 | 费大廚 | 4.6湘菜￥79/人 | 🌟🌟🌟🌟🌟 | 6F | 辣椒炒肉 | 点评榜单 | 陆家嘴商圈湘菜好评榜第1名 | 精选黑猪肉专业大厨炒,ocr/input_videos\上海__正大广场__20260826.mp4
OBS-000636,正大广场,champion,champion,服装,4.3,1141,5F,rated,True,,rated,parsed,rating_anchor,0.9812,0.9993,57,6972,118.874,5F | ⭐🌟⭐🌟 | 服装￥1141/人 | 4.3,champion | 5F | ⭐🌟⭐🌟 | 服装￥1141/人 | 4.3 | 点评榜单 | 陆家嘴商圈服装好评榜第6名 | 超大屏幕清晰，打卡合影绝佳,ocr/input_videos\上海__正大广场__20260826.mp4
OBS-000637,正大广场,城南往事·山东家常菜·果木烤鸭,城南往事·山东家常菜·果木烤鸭,鲁菜,4.7,196,3F,rated,True,,rated,parsed,rating_anchor,0.9569,0.9841,53,6972,118.874,4.7鲁菜￥196/人 | 3F,城南往事·山东家常菜·果木烤鸭 | 4 | 4.7鲁菜￥196/人 | 3F | 2 | 数 | 性价比高，下次约姐妹一起来 | 暂停营业,ocr/input_videos\上海__正大广场__20260826.mp4
OBS-000638,正大广场,鹿角巷THE ALLEY,鹿角巷THEALLEY,茶饮果汁,3.7,15,6F,rated,True,,rated,parsed,rating_anchor,0.9669,0.9685,53,6972,118.874,6F | 🌟★★3.7 | 茶饮果汁￥15/人,鹿角巷THE ALLEY | 6F | 🌟★★3.7 | 茶饮果汁￥15/人 | “味独特，原味好评不断” | 暂停营业,ocr/input_videos\上海__正大广场__20260826.mp4
OBS-000639,正大广场,聚融网银行房产助贷咨询中心,聚融网银行房产助贷咨询中心,,3.8,,10F,rated,True,,rated,missing,rating_anchor,0.998,0.998,51,6972,118.874,3.8咨询服务 | 10F,聚融网银行房产助贷咨询中心 | 3.8咨询服务 | 10F | ￥1￥399 | 惠 | 【房产抵押贷】抵押经营贷/....,ocr/input_videos\上海__正大广场__20260826.mp4
OBS-000640,正大广场,费大厨辣椒炒肉,费大厨辣椒炒肉,湘菜,4.6,79,6F,rated,True,,rated,parsed,rating_anchor,0.9668,0.9933,50,7008,119.488,6F | 🌟🌟🎉🎉🌟 | 湘菜￥79/人 | 4.6,费大厨辣椒炒肉 | 费大廚 | 6F | 🌟🌟🎉🎉🌟 | 湘菜￥79/人 | 4.6 | 辣椒炒肉 | 点评榜单 | 陆家嘴商圈湘菜好评榜第1名 | 精选黑猪肉专业大厨炒,ocr/input_videos\上海__正大广场__20260826.mp4
OBS-000641,正大广场,champion,champion,服装,4.3,1141,5F,rated,True,,rated,parsed,rating_anchor,0.9784,0.9996,58,7008,119.488,5F | 🌟🌟⭐⭐ | 服装￥1141/人 | 4.3 | ★,champion | 5F | 🌟🌟⭐⭐ | 服装￥1141/人 | 4.3 | ★ | 点评榜单 | 陆家嘴商圈服装好评榜第6名 | 超大屏幕清晰，打卡合影绝佳,ocr/input_videos\上海__正大广场__20260826.mp4
OBS-000642,正大广场,城南往事·山东家常菜·果木烤鸭,城南往事·山东家常菜·果木烤鸭,鲁菜,4.7,196,3F,rated,True,,rated,parsed,rating_anchor,0.966,0.9754,56,7008,119.488,3F | 4.7鲁菜￥196/人,城南往事·山东家常菜·果木烤鸭 | 3F | 4.7鲁菜￥196/人 | 性价比高，下次约姐妹一起来 | 暂停营业,ocr/input_videos\上海__正大广场__20260826.mp4
OBS-000643,正大广场,鹿角巷THE ALLEY,鹿角巷THEALLEY,茶饮果汁,3.7,15,6F,rated,True,,rated,parsed,rating_anchor,0.9642,0.9631,51,7008,119.488,6F | 🌟🌟🎉🌟🌟 | 茶饮果汁￥15/人 | 3.7,鹿角巷THE ALLEY | 6F | 🌟🌟🎉🌟🌟 | 茶饮果汁￥15/人 | 3.7 | 风味独特，原味好评不断 | 1 | 暂停营业,ocr/input_videos\上海__正大广场__20260826.mp4
OBS-000644,正大广场,聚融网银行房产助贷咨询中心,聚融网银行房产助贷咨询中心,,3.8,,10F,rated,True,,rated,missing,rating_anchor,0.9991,0.9991,48,7008,119.488,🌟🌟🎉🌟⭐3.8 | 10F | 咨询服务,聚融网银行房产助贷咨询中心 | 房产 | 🌟🌟🎉🌟⭐3.8 | 10F | 咨询服务 | 抵押 | ￥1￥399 | 【房产抵押贷】抵押经营贷/... | 惠,ocr/input_videos\上海__正大广场__20260826.mp4
OBS-000645,正大广场,茶乐媞,茶乐媞,饮品,3.3,,商场内,rated,True,,rated,parsed,rating_anchor,0.9888,0.9801,61,7008,119.488,3.3饮品 | 商场内 | ⭐🌟⭐🌟🌟,茶乐媞 | 恭OHALETEY费 | 3.3饮品 | 商场内 | ⭐🌟⭐🌟🌟,ocr/input_videos\上海__正大广场__20260826.mp4
OBS-000646,正大广场,城南往事·山东家常菜·果木烤鸭,城南往事·山东家常菜·果木烤鸭,鲁菜,4.7,196,3F,rated,True,,rated,parsed,rating_anchor,0.9553,0.9835,54,7080,120.716,3F | 4.7鲁菜￥196/人,城南往事·山东家常菜·果木烤鸭 | 的 | 3F | 4.7鲁菜￥196/人 | 性价比，下次约姐妹一起来 | 暂停营业,ocr/input_videos\上海__正大广场__20260826.mp4
OBS-000647,正大广场,鹿角巷THE ALLEY,鹿角巷THEALLEY,茶饮果汁,3.7,15,6F,rated,True,,rated,parsed,rating_anchor,0.9693,0.9714,51,7080,120.716,🌟🌟🎉🌟⭐3.7 | 6F | 茶饮果汁￥15/人,鹿角巷THE ALLEY | 🌟🌟🎉🌟⭐3.7 | 6F | 茶饮果汁￥15/人 | 风味独特，原味好评不断” | 暂停营业,ocr/input_videos\上海__正大广场__20260826.mp4
OBS-000648,正大广场,聚融网银行房产助贷咨询中心,聚融网银行房产助贷咨询中心,,3.8,,10F,rated,True,,rated,missing,rating_anchor,0.9989,0.9989,51,7080,120.716,⭐⭐3.8咨询服务 | 10F,聚融网银行房产助贷咨询中心 | 房产 | ⭐⭐3.8咨询服务 | 10F | 抵押 | 【房产抵押贷】抵押经营贷/... | 惠 | ￥1￥399,ocr/input_videos\上海__正大广场__20260826.mp4
OBS-000649,正大广场,茶乐媞,茶乐媞,饮品,3.3,,商场内,rated,True,,rated,parsed,rating_anchor,0.9915,0.9901,60,7080,120.716,3.3饮品 | 商场内 | 🌟🌟⭐⭐🌟,茶乐媞 | 摩OHALETEY话 | 3.3饮品 | 商场内 | 🌟🌟⭐⭐🌟,ocr/input_videos\上海__正大广场__20260826.mp4
OBS-000650,正大广场,莎士雷可俄罗斯烤肉,莎士雷可俄罗斯烤肉,俄罗斯菜,,,5F,unrated,False,explicitly_unrated,unrated,parsed,unrated_anchor,0.9993,0.9994,51,7080,120.716,俄罗斯菜 | 5F | ★★★★ | 暂无星级,莎士雷可俄罗斯烤肉 | 俄罗斯菜 | 5F | ★★★★ | 暂无星级 | 活动喵团建年会展会旅游,ocr/input_videos\上海__正大广场__20260826.mp4
OBS-000651,正大广场,聚融网银行房产助贷咨询中心,聚融网银行房产助贷咨询中心,,3.8,,10F,rated,True,,rated,missing,rating_anchor,0.9989,0.9989,47,7128,121.534,10F | 🌟🌟🌟★ | 咨询服务 | 3.8,聚融网银行房产助贷咨询中心 | 房产 | 10F | 🌟🌟🌟★ | 咨询服务 | 3.8 | 抵押 | ￥1￥399 | 惠 | 【房产抵押贷】抵押经营贷/...,ocr/input_videos\上海__正大广场__20260826.mp4
OBS-000652,正大广场,茶乐媞,茶乐媞,饮品,3.3,,商场内,rated,True,,rated,parsed,rating_anchor,0.9572,0.9147,55,7128,121.534,商场内 | ★🌟★★★ | 饮品 | 3.3,茶乐媞 | POHALETEYR | 商场内 | ★🌟★★★ | 饮品 | 3.3,ocr/input_videos\上海__正大广场__20260826.mp4
OBS-000653,正大广场,莎士雷可俄罗斯烤肉,莎士雷可俄罗斯烤肉,俄罗斯菜,,,5F,unrated,False,explicitly_unrated,unrated,parsed,unrated_anchor,0.9991,0.999,48,7128,121.534,5F | ★★★★★ | 暂无星级 | 俄罗斯菜,莎士雷可俄罗斯烤肉 | 5F | ★★★★★ | 暂无星级 | 俄罗斯菜,ocr/input_videos\上海__正大广场__20260826.mp4
OBS-000654,正大广场,活动喵团建年会展会旅游,活动喵团建年会展会旅游,团建拓展,3.7,192,5F,rated,True,,rated,parsed,rating_anchor,0.9631,0.9979,51,7128,121.534,⭐⭐3.7团建拓展 | 5F | ￥192/人,活动喵团建年会展会旅游 | ⭐⭐3.7团建拓展 | 5F | ￥192/人 | V | 活动喵团建,ocr/input_videos\上海__正大广场__20260826.mp4
OBS-000655,正大广场,SULTAN PREMIUM·苏坦土耳其,SULTANPREMIUM·苏坦土耳其,西餐,,,商场内,unrated,False,explicitly_unrated,unrated,parsed,unrated_anchor,0.9709,0.9421,61,7128,121.534,商场内 | 西餐 | ★★★★★ | 暂无星级,SULTAN PREMIUM·苏坦土耳其 | 商场内 | 西餐 | ★★★★★ | 暂无星级 | Sultan | Prondinn | 即将开业,ocr/input_videos\上海__正大广场__20260826.mp4
OBS-000656,正大广场,御东龙·鳗食局,御东龙·鳗食局,日本料理,,,5F,new_store,False,new_store,ocr_missing,parsed,metadata_anchor,0.9909,0.983,57,7128,121.534,新店 | 5F | 日本料理,御东龙·鳗食局 | 馒食局 | 新店 | 5F | 日本料理,ocr/input_videos\上海__正大广场__20260826.mp4
OBS-000657,正大广场,聚融网银行房产助贷咨询中心,聚融网银行房产助贷咨询中心,,3.8,,10F,rated,True,,rated,missing,rating_anchor,0.9989,0.9989,48,7140,121.739,🌟🌟🎉🌟3.8 | 10F | 咨询服务,聚融网银行房产助贷咨询中心 | 房产 | 🌟🌟🎉🌟3.8 | 10F | 咨询服务 | 抵押 | ￥399 | 【房产抵押贷】抵押经营贷/... | 惠 | ￥1,ocr/input_videos\上海__正大广场__20260826.mp4
OBS-000658,正大广场,茶乐媞,茶乐媞,饮品,3.3,,商场内,rated,True,,rated,parsed,rating_anchor,0.9929,0.9894,55,7140,121.739,3.3饮品 | 商场内 | ⭐🌟⭐🌟⭐,茶乐媞 | OHALETEYQ | 3.3饮品 | 商场内 | ⭐🌟⭐🌟⭐,ocr/input_videos\上海__正大广场__20260826.mp4
OBS-000659,正大广场,莎士雷可俄罗斯烤肉,莎士雷可俄罗斯烤肉,俄罗斯菜,,,5F,unrated,False,explicitly_unrated,unrated,parsed,unrated_anchor,0.9995,0.9997,51,7140,121.739,5F | 暂无星级 | 俄罗斯菜 | ★★★★★,莎士雷可俄罗斯烤肉 | 5F | 暂无星级 | 俄罗斯菜 | ★★★★★,ocr/input_videos\上海__正大广场__20260826.mp4
OBS-000660,正大广场,活动喵团建年会展会旅游,活动喵团建年会展会旅游,团建拓展,3.7,192,5F,rated,True,,rated,parsed,rating_anchor,0.9983,0.9971,51,7140,121.739,🎉🌟⭐3.7 | 5F | ￥192/人 | 团建拓展,活动喵团建年会展会旅游 | 🎉🌟⭐3.7 | 5F | ￥192/人 | 团建拓展 | 活动喵团建,ocr/input_videos\上海__正大广场__20260826.mp4
OBS-000661,正大广场,SULTAN PREMIUM·苏坦土耳其..,SULTANPREMIUM·苏坦土耳其,西餐,,,商场内,unrated,False,explicitly_unrated,unrated,parsed,unrated_anchor,0.9636,0.9278,54,7140,121.739,西餐 | 商场内 | ★★★★★ | 暂无星级,SULTAN PREMIUM·苏坦土耳其.. | 欢 | 西餐 | 商场内 | ★★★★★ | 暂无星级 | Sultan | Prndinn | 即将开业,ocr/input_videos\上海__正大广场__20260826.mp4
OBS-000662,正大广场,御东龙·鳗食局,御东龙·鳗食局,日本料理,,,5F,new_store,False,new_store,ocr_missing,parsed,metadata_anchor,0.9938,0.9888,54,7140,121.739,新店 | 5F | 日本料理,馒食局 | 御东龙·鳗食局 | 新店 | 5F | 日本料理,ocr/input_videos\上海__正大广场__20260826.mp4
OBS-000663,正大广场,莎士雷可俄罗斯烤肉,莎士雷可俄罗斯烤肉,俄罗斯菜,,,5F,unrated,False,explicitly_unrated,unrated,parsed,unrated_anchor,0.9986,0.9974,53,7224,123.171,★★★★★ | 暂无星级 | 俄罗斯菜 | 5F,莎士雷可俄罗斯烤肉 | ★★★★★ | 暂无星级 | 俄罗斯菜 | 5F,ocr/input_videos\上海__正大广场__20260826.mp4
OBS-000664,正大广场,活动喵团建年会展会旅游,活动喵团建年会展会旅游,团建拓展,3.7,192,5F,rated,True,,rated,parsed,rating_anchor,0.9975,0.9954,51,7224,123.171,🌟🌟🌟🌟🌟 | 5F | 团建拓展 | ￥192/人 | 3.7,活动喵团建年会展会旅游 | 🌟🌟🌟🌟🌟 | 5F | 团建拓展 | ￥192/人 | 3.7 | 活动喵团建,ocr/input_videos\上海__正大广场__20260826.mp4
OBS-000665,正大广场,SULTAN PREMIUM·苏坦土耳其..,SULTANPREMIUM·苏坦土耳其,西餐,,,商场内,unrated,False,explicitly_unrated,unrated,parsed,unrated_anchor,0.9612,0.9227,55,7224,123.171,商场内 | 西餐 | 暂无星级 | ★★★★★,SULTAN PREMIUM·苏坦土耳其.. | 海 | 商场内 | 西餐 | 暂无星级 | ★★★★★ | Sultan | Pronm | 即将开业,ocr/input_videos\上海__正大广场__20260826.mp4
OBS-000666,正大广场,御东龙·鳗食局,御东龙·鳗食局,日本料理,,,5F,new_store,False,new_store,ocr_missing,parsed,metadata_anchor,0.991,0.9826,51,7224,123.171,新店 | 5F | 日本料理,鳗食局 | 御东龙·鳗食局 | 新店 | 5F | 日本料理 | 14:00休息,ocr/input_videos\上海__正大广场__20260826.mp4
OBS-000667,正大广场,青稚护手霜QINGZHI,青稚护手霜QINGZHI,化妆品,4.3,201,3F,rated,True,,rated,parsed,rating_anchor,0.9986,0.9986,58,7224,123.171,3F | ⭐🌟⭐⭐⭐ | 化妆品 | ￥201/人 | 4.3,青稚护手霜QINGZHI | QINGZHI | 3F | ⭐🌟⭐⭐⭐ | 化妆品 | ￥201/人 | 4.3 | 滋润款和夜来香味道好闻 | 非遗两百年 | 上,ocr/input_videos\上海__正大广场__20260826.mp4
OBS-000668,正大广场,沙工苗可找夕斯烤肉,沙工苗可找夕斯烤肉,俄罗斯菜,,,5F,unrated,False,explicitly_unrated,unrated,parsed,unrated_anchor,0.9063,0.8131,31,7272,123.989,★★★★ | 5F | 俄罗斯菜 | 暂无星级,沙工苗可找夕斯烤肉 | ★★★★ | 5F | 俄罗斯菜 | 暂无星级,ocr/input_videos\上海__正大广场__20260826.mp4
OBS-000669,正大广场,活动喵团建年会展会旅游,活动喵团建年会展会旅游,团建拓展,3.7,192,5F,rated,True,,rated,parsed,rating_anchor,0.9977,0.9956,51,7272,123.989,🌟🌟⭐🌟 | 5F | 3.7 | ￥192/人 | 团建拓展,活动喵团建年会展会旅游 | 🌟🌟⭐🌟 | 5F | 3.7 | ￥192/人 | 团建拓展 | 活动喵团建,ocr/input_videos\上海__正大广场__20260826.mp4
OBS-000670,正大广场,SULTAN PREMIUM·苏坦土耳其...,SULTANPREMIUM·苏坦土耳其,西餐,,,商场内,unrated,False,explicitly_unrated,unrated,parsed,unrated_anchor,0.9536,0.9075,58,7272,123.989,西餐 | 商场内 | ★🌟★★★ | 暂无星级,SULTAN PREMIUM·苏坦土耳其... | 西餐 | 商场内 | ★🌟★★★ | 暂无星级 | Sultan | Premim | 即将开业,ocr/input_videos\上海__正大广场__20260826.mp4
OBS-000671,正大广场,御东龙·鳗食局,御东龙·鳗食局,日本料理,,,5F,new_store,False,new_store,ocr_missing,parsed,metadata_anchor,0.9896,0.9799,52,7272,123.989,新店 | 5F | 日本料理,御东龙·鳗食局 | 馒食局 | 新店 | 5F | 日本料理 | 14:00休息,ocr/input_videos\上海__正大广场__20260826.mp4
OBS-000672,正大广场,青稚护手霜QINGZHI,青稚护手霜QINGZHI,化妆品,4.3,201,3F,rated,True,,rated,parsed,rating_anchor,0.9983,0.9986,48,7272,123.989,3F | 🌟🌟🎉⭐⭐ | 化妆品 | ￥201/人 | 4.3,青稚护手霜QINGZHI | QINGZHI | 3F | 🌟🌟🎉⭐⭐ | 化妆品 | ￥201/人 | 4.3 | 滋润款和夜来香味道好闻,ocr/input_videos\上海__正大广场__20260826.mp4
OBS-000673,正大广场,非遗两百年,非遗两百年,牛羊肉火锅,,,6F,new_store,False,new_store,ocr_missing,parsed,metadata_anchor,0.9904,0.982,52,7272,123.989,6F | 新店 | 牛羊肉火锅,非遗两百年 | 6F | 新店 | 牛羊肉火锅 | 食咖圈美食广场,ocr/input_videos\上海__正大广场__20260826.mp4
OBS-000674,正大广场,御乐化·暖艮向,御乐化·暖艮向,日本料理,,,5F,new_store,False,new_store,ocr_missing,parsed,metadata_anchor,0.8032,0.607,34,7344,125.217,新店 | 5F | 日本料理,便食局 | 御乐化·暖艮向 | 新店 | 5F | 日本料理 | 14:00休息,ocr/input_videos\上海__正大广场__20260826.mp4
OBS-000675,正大广场,青稚护手霜QINGZHI,青稚护手霜QINGZHI,化妆品,4.3,201,3F,rated,True,,rated,parsed,rating_anchor,0.9989,0.9988,51,7344,125.217,￥201/人 | 3F | 🌟🌟🌟🌟 | 化妆品 | 4.3 | ★,青稚护手霜QINGZHI | QINGZHI | ￥201/人 | 3F | 🌟🌟🌟🌟 | 化妆品 | 4.3 | ★ | 滋润款和夜来香味道好闻,ocr/input_videos\上海__正大广场__20260826.mp4
OBS-000676,正大广场,非遗两百年,非遗两百年,牛羊肉火锅,,,6F,new_store,False,new_store,ocr_missing,parsed,metadata_anchor,0.998,0.9967,56,7344,125.217,6F | 新店 | 牛羊肉火锅,非遗两百年 | 6F | 新店 | 牛羊肉火锅,ocr/input_videos\上海__正大广场__20260826.mp4
OBS-000677,正大广场,食咖圈美食广场,食咖圈美食广场,美食城,3.7,,商场内,rated,True,,rated,parsed,rating_anchor,0.998,0.9967,51,7344,125.217,美食城 | 商场内 | 🌟🌟⭐🌟🌟 | 3.7,食咖圈美食广场 | 美食城 | 商场内 | 🌟🌟⭐🌟🌟 | 3.7 | centrepot | 面 | 宜 | 国,ocr/input_videos\上海__正大广场__20260826.mp4
OBS-000678,正大广场,华为授权服务中心,华为授权服务中心,数码产品,4.7,,2F,rated,True,,rated,parsed,rating_anchor,0.9997,0.9997,51,7344,125.217,数码产品 | 🌟🌟🌟🌟 | 2F | 4.7,华为授权服务中心 | 数码产品 | 🌟🌟🌟🌟 | 2F | 4.7 | HUAWEI,ocr/input_videos\上海__正大广场__20260826.mp4
OBS-000679,正大广场,西塔星球,西塔星球,零食,4.1,55,2F,rated,True,,rated,parsed,rating_anchor,0.9675,0.9998,53,7344,125.217,2F | 🌟🌟🌟⭐ | 零食￥55/人 | 4.1 | ★,西塔星球 | 2F | 🌟🌟🌟⭐ | 零食￥55/人 | 4.1 | ★ | 服务态度超好，糖果品类多样 | ThetaStor'西培星球 | 唐闰和,ocr/input_videos\上海__正大广场__20260826.mp4
OBS-000680,正大广场,青稚护手霜QINGZHI,青稚护手霜QINGZHI,化妆品,4.3,201,3F,rated,True,,rated,parsed,rating_anchor,0.9828,0.999,51,7380,125.831,化妆品￥201/人 | ⭐🌟⭐⭐🌟 | 3F | 4.3,青稚护手霜QINGZHI | QINGZHI | 化妆品￥201/人 | ⭐🌟⭐⭐🌟 | 3F | 4.3 | 滋润款和夜来香味道好闻”,ocr/input_videos\上海__正大广场__20260826.mp4
OBS-000681,正大广场,非遗两百年,非遗两百年,牛羊肉火锅,,,6F,new_store,False,new_store,ocr_missing,parsed,metadata_anchor,0.998,0.9969,56,7380,125.831,6F | 新店 | 牛羊肉火锅,非遗两百年 | 6F | 新店 | 牛羊肉火锅,ocr/input_videos\上海__正大广场__20260826.mp4
OBS-000682,正大广场,食咖圈美食广场,食咖圈美食广场,美食城,3.7,,商场内,rated,True,,rated,parsed,rating_anchor,0.9973,0.9952,56,7380,125.831,🌟🌟🎉🌟⭐3.7 | 美食城 | 商场内,食咖圈美食广场 | 🌟🌟🎉🌟⭐3.7 | 美食城 | 商场内 | centrepot | 食 | 国 | 心,ocr/input_videos\上海__正大广场__20260826.mp4
OBS-000683,正大广场,华为授权服务中心,华为授权服务中心,数码产品,4.7,,2F,rated,True,,rated,parsed,rating_anchor,0.9995,0.9996,51,7380,125.831,2F | 🌟🌟🌟🌟🌟 | 数码产品 | 4.7,华为授权服务中心 | 2F | 🌟🌟🌟🌟🌟 | 数码产品 | 4.7 | HUAWEI,ocr/input_videos\上海__正大广场__20260826.mp4
OBS-000684,正大广场,西塔星球,西塔星球,零食,4.1,55,2F,rated,True,,rated,parsed,rating_anchor,0.9598,1.0,58,7380,125.831,2F | ⭐🌟★★★ | 零食￥55/人 | 4.1,西塔星球 | 2F | ⭐🌟★★★ | 零食￥55/人 | 4.1 | 服务态度超好，糖果品类多样 | ThetaStar'西塔星球,ocr/input_videos\上海__正大广场__20260826.mp4
OBS-000685,正大广场,唐闰和,唐闰和,小吃,3.5,,6F,rated,True,,rated,parsed,rating_anchor,0.8677,0.9233,59,7380,125.831,⭐⭐3.5小吃 | 6F,唐闰和 | ⭐⭐3.5小吃 | 6F,ocr/input_videos\上海__正大广场__20260826.mp4
OBS-000686,正大广场,青稚护手霜QINGZHI,青稚护手霜QINGZHI,化妆品,4.3,201,3F,rated,True,,rated,parsed,rating_anchor,0.9982,0.9985,63,7464,127.263,3F | 化妆品 | ★🌟★★★ | ￥201/人 | 4.3,青稚护手霜QINGZHI | QINGZHI | L | 3F | 化妆品 | ★🌟★★★ | ￥201/人 | 4.3 | 滋润款和夜来香味道好闻,ocr/input_videos\上海__正大广场__20260826.mp4
OBS-000687,正大广场,非遗两百年,非遗两百年,牛羊肉火锅,,,6F,new_store,False,new_store,ocr_missing,parsed,metadata_anchor,0.9991,0.9991,59,7464,127.263,新店 | 牛羊肉火锅 | 6F,非遗两百年 | 新店 | 牛羊肉火锅 | 6F,ocr/input_videos\上海__正大广场__20260826.mp4
OBS-000688,正大广场,食咖圈美食广场,食咖圈美食广场,美食城,3.7,,商场内,rated,True,,rated,parsed,rating_anchor,0.9977,0.9958,52,7464,127.263,🌟🌟⭐3.7 | 美食城 | 商场内,食咖圈美食广场 | 🌟🌟⭐3.7 | 美食城 | 商场内 | centrepot | 国 | 真 | 国,ocr/input_videos\上海__正大广场__20260826.mp4
OBS-000689,正大广场,华为授权服务中心,华为授权服务中心,数码产品,4.7,,2F,rated,True,,rated,parsed,rating_anchor,0.9172,0.9994,54,7464,127.263,⭐⭐⭐⭐4.7数码产品 | 2F,华为授权服务中心 | ⭐⭐⭐⭐4.7数码产品 | 2F | HUAWEI,ocr/input_videos\上海__正大广场__20260826.mp4
OBS-000690,正大广场,西塔星球,西塔星球,零食,4.1,55,2F,rated,True,,rated,parsed,rating_anchor,0.9702,0.9999,56,7464,127.263,2F | 🌟🌟⭐🌟 | 零食￥55/人 | 4.1 | ★,西塔星球 | 2F | 🌟🌟⭐🌟 | 零食￥55/人 | 4.1 | ★ | 服务态度超好，糖果品类多样 | ThetaStar'西塔温球,ocr/input_videos\上海__正大广场__20260826.mp4
OBS-000691,正大广场,唐闰和,唐闰和,小吃,3.5,,6F,rated,True,,rated,parsed,rating_anchor,0.8347,0.9367,59,7464,127.263,6F | ⭐🌟⭐⭐⭐3.5小吃,唐闰和 | 6F | ⭐🌟⭐⭐⭐3.5小吃 | 5 | 荣耀授权体验店,ocr/input_videos\上海__正大广场__20260826.mp4
OBS-000692,正大广场,华为授权服务中心,华为授权服务中心,数码产品,4.7,,2F,rated,True,,rated,parsed,rating_anchor,0.9997,0.9996,54,7500,127.877,数码产品 | ⭐🌟4.7 | 2F,华为授权服务中心 | 数码产品 | ⭐🌟4.7 | 2F | HUAWEI,ocr/input_videos\上海__正大广场__20260826.mp4
OBS-000693,正大广场,西塔星球,西塔星球,零食,4.1,55,2F,rated,True,,rated,parsed,rating_anchor,0.9835,0.9999,57,7500,127.877,2F | 🌟🌟🎉⭐⭐ | 4.1零食￥55/人,西塔星球 | 2F | 🌟🌟🎉⭐⭐ | 4.1零食￥55/人 | 服务态度超好，糖果品类多样 | ThetaStar西塔量球,ocr/input_videos\上海__正大广场__20260826.mp4
OBS-000694,正大广场,唐闰和,唐闰和,小吃,3.5,,6F,rated,True,,rated,parsed,rating_anchor,0.9659,0.9419,58,7500,127.877,🌟🌟🌟🌟⭐ | 3.5小吃 | 6F,唐闰和 | 🌟🌟🌟🌟⭐ | 3.5小吃 | 6F | 佳器,ocr/input_videos\上海__正大广场__20260826.mp4
OBS-000695,正大广场,荣耀授权体验店,荣耀授权体验店,数码产品,4.8,,2F,rated,True,,rated,parsed,rating_anchor,0.9992,0.9986,52,7500,127.877,2F | 数码产品 | 🌟🌟🎉🎉⭐4.8,荣耀授权体验店 | 2F | 数码产品 | 🌟🌟🎉🎉⭐4.8 | 心 | 哥哥灯箱和立牌可打卡，环境氛围超棒 | HONOR,ocr/input_videos\上海__正大广场__20260826.mp4
OBS-000696,正大广场,粵状元港式烧腊,粤状元港式烧腊,小吃,3.8,30,B2,rated,True,,rated,parsed,rating_anchor,0.9512,0.9657,52,7500,127.877,B2 | 3.8小吃￥30/人,粵状元港式烧腊 | 粤状元 | B2 | 3.8小吃￥30/人 | 深井烧鹅,ocr/input_videos\上海__正大广场__20260826.mp4
OBS-000697,正大广场,黄油&渔·黄油手工烤鱼片,黄油&渔·黄油手工烤鱼片,小吃,3.6,67,5F,rated,True,,rated,parsed,rating_anchor,0.9315,0.9616,54,7500,127.877,5F | 3.6小吃￥67/人,黄油&渔·黄油手工烤鱼片 | 5F | 3.6小吃￥67/人 | 程studio,ocr/input_videos\上海__正大广场__20260826.mp4
OBS-000698,正大广场,华为授权服务中心,华为授权服务中心,数码产品,4.7,,2F,rated,True,,rated,parsed,rating_anchor,0.9798,0.9994,54,7548,128.695,4.7数码产品 | 2F,华为授权服务中心 | 4.7数码产品 | 2F | HUAWEI,ocr/input_videos\上海__正大广场__20260826.mp4
OBS-000699,正大广场,西塔星球,西塔星球,零食,4.1,55,2F,rated,True,,rated,parsed,rating_anchor,0.9808,0.9999,57,7548,128.695,🌟🌟🌟🌟⭐ | 2F | 4.1零食￥55/人,找更多速 | 西塔星球 | 🌟🌟🌟🌟⭐ | 2F | 4.1零食￥55/人 | 服务态度超好，糖果品类多样 | ThetaStar'西塔是球,ocr/input_videos\上海__正大广场__20260826.mp4
OBS-000700,正大广场,唐闰和,唐闰和,小吃,3.5,,6F,rated,True,,rated,parsed,rating_anchor,0.9489,0.9057,58,7548,128.695,3.5小吃 | 🌟🌟⭐💥🌟 | 6F,唐闰和 | 3.5小吃 | 🌟🌟⭐💥🌟 | 6F,ocr/input_videos\上海__正大广场__20260826.mp4
OBS-000701,正大广场,荣耀授权体验店,荣耀授权体验店,数码产品,4.8,,2F,rated,True,,rated,parsed,rating_anchor,0.9224,0.9989,52,7548,128.695,⭐⭐⭐4.8数码产品 | 2F,荣耀授权体验店 | ⭐⭐⭐4.8数码产品 | 2F | 哥哥灯箱和立牌可打卡，环境氛围超棒 | 《 | HONOR,ocr/input_videos\上海__正大广场__20260826.mp4
OBS-000702,正大广场,粵状元港式烧腊,粤状元港式烧腊,小吃,3.8,30,B2,rated,True,,rated,parsed,rating_anchor,0.9718,0.9964,52,7548,128.695,3.8小吃￥30/人 | B2,粵状元港式烧腊 | 粤状元 | 3.8小吃￥30/人 | B2 | 深井烧鹅,ocr/input_videos\上海__正大广场__20260826.mp4
OBS-000703,正大广场,黄油&渔·黄油手工烤鱼片,黄油&渔·黄油手工烤鱼片,小吃,3.6,,5F,rated,True,,rated,parsed,rating_anchor,0.9549,0.9544,54,7548,128.695,3.6小吃67/人 | 5F,黄油&渔·黄油手工烤鱼片 | 3.6小吃67/人 | 5F,ocr/input_videos\上海__正大广场__20260826.mp4
OBS-000704,正大广场,荣耀授权体验店,荣耀授权体验店,数码产品,4.8,,2F,rated,True,,rated,parsed,rating_anchor,0.9995,0.9992,54,7596,129.514,数码产品 | 2F | 🌟🌟★★🌟4.8,荣耀授权体验店 | 数码产品 | 2F | 🌟🌟★★🌟4.8 | 哥哥灯箱和牌可打卡，环境氛围超棒 | HONOR,ocr/input_videos\上海__正大广场__20260826.mp4
OBS-000705,正大广场,粵状元港式烧腊,粤状元港式烧腊,小吃,3.8,30,B2,rated,True,,rated,parsed,rating_anchor,0.9714,0.9898,52,7596,129.514,3.8小吃￥30/人 | B2 | 🌟🌟🌟💥🌟,粵状元港式烧腊 | 粤状元 | 3.8小吃￥30/人 | B2 | 🌟🌟🌟💥🌟 | 深井烧鹅,ocr/input_videos\上海__正大广场__20260826.mp4
OBS-000706,正大广场,黄油&渔·黄油手工烤鱼片,黄油&渔·黄油手工烤鱼片,小吃,3.6,,5F,rated,True,,rated,parsed,rating_anchor,0.9571,0.9594,55,7596,129.514,5F | 3.6小吃67/人,黄油&渔·黄油手工烤鱼片 | 5F | 3.6小吃67/人,ocr/input_videos\上海__正大广场__20260826.mp4
OBS-000707,正大广场,程studio,程studio,美发,4.2,241,B1,rated,True,,rated,parsed,rating_anchor,0.9807,0.999,57,7596,129.514,⭐🌟⭐ | B1 | 4.2美发￥241/人 | ★,程studio | 程 | ⭐🌟⭐ | B1 | 4.2美发￥241/人 | ★ | CHIMG | 陆家嘴商圈洗吹销量榜第1名 | 3EUD10 | 美发 | 发型师设计专业，环境舒适香气满满 | “ | 【S2】席洗剪吹造型设计 | ￥148￥190 | 惠,ocr/input_videos\上海__正大广场__20260826.mp4
OBS-000708,正大广场,the juicy hot crab,thejuicyhotcrab,海鲜,3.5,,6F,rated,True,,rated,parsed,rating_anchor,0.9122,0.9943,64,7596,129.514,⭐🌟3.5海鲜 | 6F,the juicy hot crab | ⭐🌟3.5海鲜 | 6F,ocr/input_videos\上海__正大广场__20260826.mp4
OBS-000709,正大广场,火辣关爷,火辣关爷,快餐简餐,2.9,47,B2,rated,True,,rated,parsed,rating_anchor,0.98,0.9993,56,7596,129.514,⭐🌟⭐⭐⭐ | B2 | 快餐简餐￥47/人 | 2.9,火辣关爷 | ⭐🌟⭐⭐⭐ | B2 | 快餐简餐￥47/人 | 2.9,ocr/input_videos\上海__正大广场__20260826.mp4
OBS-000710,正大广场,粵状元港式烧腊,粤状元港式烧腊,小吃,3.8,30,B2,rated,True,,rated,parsed,rating_anchor,0.9598,0.9863,55,7608,129.718,3.8小吃￥30/人 | B2,粵状元港式烧腊 | 粤状元 | 3.8小吃￥30/人 | B2 | 深井烧鹅,ocr/input_videos\上海__正大广场__20260826.mp4
OBS-000711,正大广场,黄油&渔·黄油手工烤鱼片,黄油&渔·黄油手工烤鱼片,小吃,3.6,,5F,rated,True,,rated,parsed,rating_anchor,0.9512,0.9265,55,7608,129.718,3.6小吃67/人 | 5F,黄油&渔·黄油手工烤鱼片 | 3.6小吃67/人 | 5F,ocr/input_videos\上海__正大广场__20260826.mp4
OBS-000712,正大广场,程studio,程studio,美发,4.2,241,B1,rated,True,,rated,parsed,rating_anchor,0.98,0.9961,56,7608,129.718,⭐🌟⭐⭐⭐ | 4.2美发￥241/人 | B1,程studio | 程 | ⭐🌟⭐⭐⭐ | 4.2美发￥241/人 | B1 | CHIHG | 陆家嘴商圈洗吹销量榜第1名 | $EUD10 | 美发 | 发型师设计专业，环境舒适香气满满 | 【S2】首席洗剪吹造型设计 | ￥148￥190 | 惠,ocr/input_videos\上海__正大广场__20260826.mp4
OBS-000713,正大广场,the juicy hot crab,thejuicyhotcrab,海鲜,3.5,,6F,rated,True,,rated,parsed,rating_anchor,0.9823,0.967,61,7608,129.718,3.5海鲜 | 🌟🌟🌟🌟🌟 | 6F,the juicy hot crab | 3.5海鲜 | 🌟🌟🌟🌟🌟 | 6F,ocr/input_videos\上海__正大广场__20260826.mp4
OBS-000714,正大广场,火辣关爷,火辣关爷,快餐简餐,2.9,47,B2,rated,True,,rated,parsed,rating_anchor,0.9834,0.9996,62,7608,129.718,🌟🌟🌟🌟🌟 | 2.9快餐简餐￥47/人 | B2,火辣关爷 | 火辣关爷 | 🌟🌟🌟🌟🌟 | 2.9快餐简餐￥47/人 | B2 | 味道正宗食材新鲜,ocr/input_videos\上海__正大广场__20260826.mp4
OBS-000715,正大广场,程studio,程studio,美发,4.2,241,B1,rated,True,,rated,parsed,rating_anchor,0.9747,0.997,46,7692,131.151,B1 | ⭐🌟⭐🌈 | 4.2 | 美发￥241/人 | ★,程studio | 程 | B1 | ⭐🌟⭐🌈 | 4.2 | 美发￥241/人 | ★ | CHIMG | 陆家嘴商圈洗吹销量榜第1名 | STUD10 | 美发 | 发型师设计专业，环境舒适香气满满 | ￥148￥190 | 【S2】 | 惠 | 首席洗剪吹造型设计,ocr/input_videos\上海__正大广场__20260826.mp4
OBS-000716,正大广场,the juicy hot crab,thejuicyhotcrab,海鲜,3.5,,6F,rated,True,,rated,parsed,rating_anchor,0.9456,0.9796,61,7692,131.151,🌟3.5海鲜 | 6F,the juicy hot crab | 🌟3.5海鲜 | 6F,ocr/input_videos\上海__正大广场__20260826.mp4
OBS-000717,正大广场,火辣关爷,火辣关爷,快餐简餐,2.9,47,B2,rated,True,,rated,parsed,rating_anchor,0.9816,0.9996,64,7692,131.151,🌟🌟⭐⭐🌟 | 2.9 | 快餐简餐￥47/人 | B2,火辣关爷 | 火辣关爷 | 🌟🌟⭐⭐🌟 | 2.9 | 快餐简餐￥47/人 | B2 | 味道正宗食材新鲜,ocr/input_videos\上海__正大广场__20260826.mp4
OBS-000718,正大广场,爱慕,爱慕,内衣,4.0,530,3F,rated,True,,rated,parsed,rating_anchor,0.972,0.9981,65,7692,131.151,4.0内衣￥530/人 | 3F,爱慕 | 4.0内衣￥530/人 | 3F | AIMER爱慕,ocr/input_videos\上海__正大广场__20260826.mp4
OBS-000719,正大广场,米村拌饭,米村拌饭,快餐简餐,4.2,31,6F,rated,True,,rated,parsed,rating_anchor,0.9814,0.9987,60,7692,131.151,⭐🌟🌟⭐ | 6F | 4.2 | 快餐简餐￥31/人,米村拌饭 | 米村 | ⭐🌟🌟⭐ | 6F | 4.2 | 快餐简餐￥31/人 | 拌饭 | 点评榜单 | 陆家嘴商圈小吃快餐口味榜第10名,ocr/input_videos\上海__正大广场__20260826.mp4
OBS-000720,正大广场,大白兔,大白兔,零食,4.2,35,3F,rated,True,,rated,parsed,rating_anchor,0.9788,0.9974,69,7692,131.151,🌟🌟🌟⭐ | 4.2零食￥35/人 | 3F | ★,大白兔 | 🌟🌟🌟⭐ | 4.2零食￥35/人 | 3F | ★,ocr/input_videos\上海__正大广场__20260826.mp4
OBS-000721,正大广场,the juicy hot crab,thejuicyhotcrab,海鲜,3.5,,6F,rated,True,,rated,parsed,rating_anchor,0.9899,0.983,60,7728,131.764,🌟🌟⭐🌟🌟 | 海鲜 | 3.5 | 6F,the juicy hot crab | 🌟🌟⭐🌟🌟 | 海鲜 | 3.5 | 6F,ocr/input_videos\上海__正大广场__20260826.mp4
OBS-000722,正大广场,火辣关爷,火辣关爷,快餐简餐,2.9,47,B2,rated,True,,rated,parsed,rating_anchor,0.983,0.9994,63,7728,131.764,🌟🌟🌟⭐🌟 | 2.9快餐简餐￥47/人 | B2,火辣关爷 | 火辣关爷 | 🌟🌟🌟⭐🌟 | 2.9快餐简餐￥47/人 | B2 | 味道正宗食材新鲜,ocr/input_videos\上海__正大广场__20260826.mp4
OBS-000723,正大广场,爱慕,爱慕,内衣,4.0,530,3F,rated,True,,rated,parsed,rating_anchor,0.9809,0.9965,66,7728,131.764,3F | 🌟🌟🌟🎉 | 4.0内衣￥530/人 | ★,爱慕 | 3F | 🌟🌟🌟🎉 | 4.0内衣￥530/人 | ★ | AIMER爱慕,ocr/input_videos\上海__正大广场__20260826.mp4
OBS-000724,正大广场,米村拌饭,米村拌饭,快餐简餐,4.2,31,6F,rated,True,,rated,parsed,rating_anchor,0.9793,0.9995,56,7728,131.764,🌟🌟🌟⭐ | 6F | 快餐简餐￥31/人 | 4.2,米村拌饭 | 米村 | 🌟🌟🌟⭐ | 6F | 快餐简餐￥31/人 | 4.2 | 拌饭 | 点评榜单 | 陆家嘴商圈小吃快餐口味榜第10名,ocr/input_videos\上海__正大广场__20260826.mp4
OBS-000725,正大广场,大白兔,大白兔,零食,4.2,35,3F,rated,True,,rated,parsed,rating_anchor,0.9796,0.9973,58,7728,131.764,🌟🌟⭐⭐ | 3F | 4.2零食￥35/人 | ★,大白兔 | 🌟🌟⭐⭐ | 3F | 4.2零食￥35/人 | ★,ocr/input_videos\上海__正大广场__20260826.mp4
OBS-000726,正大广场,攜程外币兌換,携程外币兑换,换汇/汇款,4.8,,B1,rated,True,,rated,parsed,rating_anchor,0.9343,0.8719,54,7728,131.764,B1 | ⭐⭐4.8 | 换汇/汇款,攜程外币兌換 | 武携程外币兑换 | B1 | ⭐⭐4.8 | 换汇/汇款 | 兑换多种外币，停车方便”,ocr/input_videos\上海__正大广场__20260826.mp4
OBS-000727,正大广场,大白兔,大白兔,零食,4.2,35,3F,rated,True,,rated,parsed,rating_anchor,0.9754,0.9978,60,7884,134.424,3F | 零食￥35/人 | 🌟🌟🌟🌟 | 4.2 | ★,大白兔 | 3F | 零食￥35/人 | 🌟🌟🌟🌟 | 4.2 | ★,ocr/input_videos\上海__正大广场__20260826.mp4
OBS-000728,正大广场,攜程外币兌換,携程外币兑换,换汇/汇款,4.8,,B1,rated,True,,rated,parsed,rating_anchor,0.9541,0.9143,51,7884,134.424,换汇/汇款 | B1 | ★★★★★ | 4.8,攜程外币兌換 | 携程外币兑换 | 换汇/汇款 | B1 | ★★★★★ | 4.8 | 兑换多种外币，停车方便,ocr/input_videos\上海__正大广场__20260826.mp4
OBS-000729,正大广场,青川味小馆,青川味小馆,川菜馆,,,5F,unrated,False,explicitly_unrated,unrated,parsed,unrated_anchor,0.9983,0.9994,52,7884,134.424,川菜馆 | 暂无星级 | 5F | ★★★★★,青川味小馆 | 川菜馆 | 暂无星级 | 5F | ★★★★★ | 青川味小馆 | 即将开业,ocr/input_videos\上海__正大广场__20260826.mp4
OBS-000730,正大广场,冰淇淋,冰淇淋,冰淇淋,,,2F,unrated,False,explicitly_unrated,unrated,parsed,unrated_anchor,0.9981,0.9992,54,7884,134.424,★★★★★ | 冰淇淋 | 2F | 暂无星级,冰淇淋 | ★★★★★ | 冰淇淋 | 2F | 暂无星级 | 美食,ocr/input_videos\上海__正大广场__20260826.mp4
OBS-000731,正大广场,NB 1906,NB1906,服饰鞋包,3.9,1286,5F,rated,True,,rated,parsed,rating_anchor,0.9783,0.9577,46,7884,134.424,🌟🌟🌟🌟🌟 | 5F | 服饰鞋包 | 3.9 | ￥1286/人,NB 1906 | 书 | 🌟🌟🌟🌟🌟 | 5F | 服饰鞋包 | 3.9 | ￥1286/人 | new balance,ocr/input_videos\上海__正大广场__20260826.mp4
OBS-000732,正大广场,全家湃客咖啡,全家湃客咖啡,咖啡,,,B1,unrated,False,explicitly_unrated,unrated,parsed,unrated_anchor,0.9994,0.9988,52,7884,134.424,咖啡 | ★🌟★🌟 | 暂无星级 | B1,全家湃客咖啡 | 咖啡 | ★🌟★🌟 | 暂无星级 | B1 | 美食,ocr/input_videos\上海__正大广场__20260826.mp4
OBS-000733,正大广场,大白兔,大白兔,零食,4.2,35,3F,rated,True,,rated,parsed,rating_anchor,0.9672,0.9976,62,7896,134.629,3F | 🌟🌟🌟🌟 | 4.2 | 零食￥35/人,大白兔 | 3F | 🌟🌟🌟🌟 | 4.2 | 零食￥35/人,ocr/input_videos\上海__正大广场__20260826.mp4
OBS-000734,正大广场,攜程外币兌換,携程外币兑换,换汇/汇款,4.8,,B1,rated,True,,rated,parsed,rating_anchor,0.929,0.8623,52,7896,134.629,B1 | 🌟🌟🌟🎉🌟 | 换汇/汇款 | 4.8,攜程外币兌換 | 携程外币兑换 | B1 | 🌟🌟🌟🎉🌟 | 换汇/汇款 | 4.8 | 兑换多种外币，停车方便 | “ | 限,ocr/input_videos\上海__正大广场__20260826.mp4
OBS-000735,正大广场,青川味小馆,青川味小馆,川菜馆,,,5F,unrated,False,explicitly_unrated,unrated,parsed,unrated_anchor,0.999,0.9989,53,7896,134.629,★★★★★ | 川菜馆 | 5F | 暂无星级,青川味小馆 | ★★★★★ | 川菜馆 | 5F | 暂无星级 | 青川味馆 | 即将开业,ocr/input_videos\上海__正大广场__20260826.mp4
OBS-000736,正大广场,冰淇淋,冰淇淋,冰淇淋,,,2F,unrated,False,explicitly_unrated,unrated,parsed,unrated_anchor,0.9973,0.998,57,7896,134.629,2F | ★🌟★★★ | 暂无星级 | 冰淇淋,冰淇淋 | 2F | ★🌟★★★ | 暂无星级 | 冰淇淋 | 美食,ocr/input_videos\上海__正大广场__20260826.mp4
OBS-000737,正大广场,NB 1906,NB1906,服饰鞋包,3.9,1286,5F,rated,True,,rated,parsed,rating_anchor,0.9804,0.9927,48,7896,134.629,⭐🌟🌟🌟🌟 | 5F | 服饰鞋包￥1286/人 | 3.9,NB 1906 | 书 | ⭐🌟🌟🌟🌟 | 5F | 服饰鞋包￥1286/人 | 3.9 | new balance,ocr/input_videos\上海__正大广场__20260826.mp4
OBS-000738,正大广场,全家湃客咖啡,全家湃客咖啡,咖啡,,,B1,unrated,False,explicitly_unrated,unrated,parsed,unrated_anchor,0.999,0.9981,51,7896,134.629,咖啡 | 暂无星级 | B1 | ★★★★★,全家湃客咖啡 | 咖啡 | 暂无星级 | B1 | ★★★★★ | 美食,ocr/input_videos\上海__正大广场__20260826.mp4
OBS-000739,正大广场,大白兔,大白兔,零食,4.2,35,3F,rated,True,,rated,parsed,rating_anchor,0.9817,0.996,62,7920,135.038,3F | 🌟🌟⭐🌟 | 4.2零食￥35/人 | ★,大白兔 | 3F | 🌟🌟⭐🌟 | 4.2零食￥35/人 | ★,ocr/input_videos\上海__正大广场__20260826.mp4
OBS-000740,正大广场,攜程外币兌换,携程外币兑换,换汇/汇款,,,B1,unknown,True,,ocr_missing,parsed,metadata_anchor,0.9046,0.8122,51,7920,135.038,🌟🌟🌟🌟🌟 | 换汇/汇款 | B1 | 14.8,攜程外币兌换 | 携程外币兑换 | 🌟🌟🌟🌟🌟 | 换汇/汇款 | B1 | 14.8 | 兑换多种外币，停车方便,ocr/input_videos\上海__正大广场__20260826.mp4
OBS-000741,正大广场,青川味小馆,青川味小馆,川菜馆,,,5F,unrated,False,explicitly_unrated,unrated,parsed,unrated_anchor,0.9988,0.9997,51,7920,135.038,5F | ★★★★★ | 暂无星级 | 川菜馆,青川味小馆 | 5F | ★★★★★ | 暂无星级 | 川菜馆 | 青川喇馆 | 即将开业,ocr/input_videos\上海__正大广场__20260826.mp4
OBS-000742,正大广场,冰淇淋,冰淇淋,冰淇淋,,,2F,unrated,False,explicitly_unrated,unrated,parsed,unrated_anchor,0.9984,0.999,58,7920,135.038,2F | ★★★★★ | 冰淇淋 | 暂无星级,冰淇淋 | 2F | ★★★★★ | 冰淇淋 | 暂无星级 | 美食,ocr/input_videos\上海__正大广场__20260826.mp4
OBS-000743,正大广场,NB 1906,NB1906,服饰鞋包,3.9,1286,5F,rated,True,,rated,parsed,rating_anchor,0.9904,0.9816,48,7920,135.038,🌟🌟🌟🌟🌟 | 5F | 服饰鞋包 | 3.9 | ￥1286/人,NB 1906 | 部 | 🌟🌟🌟🌟🌟 | 5F | 服饰鞋包 | 3.9 | ￥1286/人 | new balance,ocr/input_videos\上海__正大广场__20260826.mp4
OBS-000744,正大广场,全家湃客咖啡,全家湃客咖啡,咖啡,,,B1,unrated,False,explicitly_unrated,unrated,parsed,unrated_anchor,0.9995,0.999,57,7920,135.038,咖啡 | 暂无星级 | B1 | ★★★★★,全家湃客咖啡 | 咖啡 | 暂无星级 | B1 | ★★★★★ | 美食,ocr/input_videos\上海__正大广场__20260826.mp4
OBS-000745,正大广场,大白兔,大白兔,2零食,4.2,35,3F,rated,True,,rated,parsed,rating_anchor,0.9704,0.9972,66,8016,136.675,3F | 🌟🌟⭐🌟 | 2零食￥35/人 | 4.2 | ★,大白兔 | 3F | 🌟🌟⭐🌟 | 2零食￥35/人 | 4.2 | ★,ocr/input_videos\上海__正大广场__20260826.mp4
OBS-000746,正大广场,攜程外币兌換,携程外币兑换,换汇/汇款,4.8,,B1,rated,True,,rated,parsed,rating_anchor,0.9381,0.8817,52,8016,136.675,B1 | 🌟🌟🎉🌟🌟 | 换汇/汇款 | 4.8,攜程外币兌換 | 携程外币兑换 | B1 | 🌟🌟🎉🌟🌟 | 换汇/汇款 | 4.8 | 兑换多种外币，停车方便” | “,ocr/input_videos\上海__正大广场__20260826.mp4
OBS-000747,正大广场,青川味小馆,青川味小馆,川菜馆,,,5F,unrated,False,explicitly_unrated,unrated,parsed,unrated_anchor,0.9991,0.9993,55,8016,136.675,5F | 川菜馆 | ★★★★★ | 暂无星级,青川味小馆 | 5F | 川菜馆 | ★★★★★ | 暂无星级 | 青川味馆 | 即将开业,ocr/input_videos\上海__正大广场__20260826.mp4
OBS-000748,正大广场,冰淇淋,冰淇淋,冰淇淋,,,2F,unrated,False,explicitly_unrated,unrated,parsed,unrated_anchor,0.9985,0.999,58,8016,136.675,冰淇淋 | ⭐🌟💥🌟🌟 | 暂无星级 | 2F,冰淇淋 | 冰淇淋 | ⭐🌟💥🌟🌟 | 暂无星级 | 2F | 美食,ocr/input_videos\上海__正大广场__20260826.mp4
OBS-000749,正大广场,NB 1906,NB1906,服饰鞋包,3.9,1286,5F,rated,True,,rated,parsed,rating_anchor,0.9667,0.9685,52,8016,136.675,🌟🌟🌟🌟🌟 | 服饰鞋包￥1286/人 | 5F | 3.9,NB 1906 | 福 | 🌟🌟🌟🌟🌟 | 服饰鞋包￥1286/人 | 5F | 3.9 | new balance,ocr/input_videos\上海__正大广场__20260826.mp4
OBS-000750,正大广场,全家湃客咖啡,全家湃客咖啡,咖啡,,,B1,unrated,False,explicitly_unrated,unrated,parsed,unrated_anchor,0.9991,0.9984,55,8016,136.675,咖啡 | 暂无星级 | B1 | ★★★★★,全家湃客咖啡 | 咖啡 | 暂无星级 | B1 | ★★★★★ | 美食,ocr/input_videos\上海__正大广场__20260826.mp4
OBS-000751,正大广场,青川味小馆,青川味小馆,川菜馆,,,5F,unrated,False,explicitly_unrated,unrated,parsed,unrated_anchor,0.9976,0.9981,48,8040,137.084,5F | ★★★★★ | 川菜馆 | 暂无星级,青川味小馆 | 5F | ★★★★★ | 川菜馆 | 暂无星级 | YD | 青川喇馆 | 即将开业,ocr/input_videos\上海__正大广场__20260826.mp4
OBS-000752,正大广场,冰淇淋,冰淇淋,冰淇淋,,,2F,unrated,False,explicitly_unrated,unrated,parsed,unrated_anchor,0.998,0.9988,61,8040,137.084,★★★★★ | 冰淇淋 | 2F | 暂无星级,冰淇淋 | ★★★★★ | 冰淇淋 | 2F | 暂无星级 | 美食,ocr/input_videos\上海__正大广场__20260826.mp4
OBS-000753,正大广场,NB 1906,NB1906,服饰鞋包,3.9,1286,5F,rated,True,,rated,parsed,rating_anchor,0.983,0.9665,46,8040,137.084,🌟🌟🌟⭐ | 5F | 服饰鞋包 | ￥1286/人 | 3.9,NB 1906 | 超 | 🌟🌟🌟⭐ | 5F | 服饰鞋包 | ￥1286/人 | 3.9 | new balance,ocr/input_videos\上海__正大广场__20260826.mp4
OBS-000754,正大广场,全家湃客咖啡,全家湃客咖啡,咖啡,,,B1,unrated,False,explicitly_unrated,unrated,parsed,unrated_anchor,0.9987,0.9982,54,8040,137.084,咖啡 | ★★★★★ | 暂无星级 | B1,全家湃客咖啡 | 咖啡 | ★★★★★ | 暂无星级 | B1 | 美食,ocr/input_videos\上海__正大广场__20260826.mp4
OBS-000755,正大广场,商壳繁昌,商壳繁昌,其他中餐,,,1F,unrated,False,explicitly_unrated,unrated,parsed,unrated_anchor,0.955,0.9101,56,8040,137.084,1F | ★★★★★ | 其他中餐 | 暂无星级,商壳繁昌 | 5 | 高 | 1F | ★★★★★ | 其他中餐 | 暂无星级 | 国平尚美配串烧油峰 | 福,ocr/input_videos\上海__正大广场__20260826.mp4
OBS-000756,正大广场,W.Management,W.Management,服装,4.8,436,3F,rated,True,,rated,parsed,rating_anchor,0.9991,0.9988,58,8040,137.084,3F | ⭐🌟★★🌟 | ￥436/人 | 4.8 | 服装,W.Management | OSORY | 3F | ⭐🌟★★🌟 | ￥436/人 | 4.8 | 服装 | 点评榜单 | 陆家嘴商圈服装热门榜第1名 | 节日氛围浓郁， | 拍照超出片 | 5,ocr/input_videos\上海__正大广场__20260826.mp4
OBS-000757,正大广场,冰淇淋,冰淇淋,冰淇淋,,,2F,unrated,False,explicitly_unrated,unrated,parsed,unrated_anchor,0.9982,0.9987,58,8088,137.903,2F | 🌟🌟🌟💥🌟 | 冰淇淋 | 暂无星级,冰淇淋 | 2F | 🌟🌟🌟💥🌟 | 冰淇淋 | 暂无星级 | 美食,ocr/input_videos\上海__正大广场__20260826.mp4
OBS-000758,正大广场,NB 1906,NB1906,服饰鞋包,3.9,1286,5F,rated,True,,rated,parsed,rating_anchor,0.9745,0.9769,52,8088,137.903,🌟🌟🌟🌟🌟 | 5F | 3.9 | 服饰鞋包￥1286/人,NB 1906 | 书 | 🌟🌟🌟🌟🌟 | 5F | 3.9 | 服饰鞋包￥1286/人 | new balance,ocr/input_videos\上海__正大广场__20260826.mp4
OBS-000759,正大广场,全家湃客咖啡,全家湃客咖啡,咖啡,,,B1,unrated,False,explicitly_unrated,unrated,parsed,unrated_anchor,0.9996,0.9991,52,8088,137.903,咖啡 | 暂无星级 | B1 | ★★★★★,全家湃客咖啡 | 咖啡 | 暂无星级 | B1 | ★★★★★ | 美食,ocr/input_videos\上海__正大广场__20260826.mp4
OBS-000760,正大广场,商壳繁昌,商壳繁昌,其他中餐,,,1F,unrated,False,explicitly_unrated,unrated,parsed,unrated_anchor,0.9404,0.8808,56,8088,137.903,1F | 🌟🌟⭐🌟🌟 | 暂无星级 | 其他中餐,商壳繁昌 | 35 | 尚器 | 1F | 🌟🌟⭐🌟🌟 | 暂无星级 | 其他中餐 | 平尚美配串烧油峰心,ocr/input_videos\上海__正大广场__20260826.mp4
OBS-000761,正大广场,W.Management,W.Management,服装,4.8,436,3F,rated,True,,rated,parsed,rating_anchor,0.999,0.9987,58,8088,137.903,3F | 🌟🌟⭐🌟🌟 | ￥436/人 | 4.8 | 服装,W.Management | OORO | 3F | 🌟🌟⭐🌟🌟 | ￥436/人 | 4.8 | 服装 | 点评榜单 | 陆家嘴商圈服装热门榜第1名 | 节日氛围浓郁，拍照超出片 | 《,ocr/input_videos\上海__正大广场__20260826.mp4
OBS-000762,正大广场,冰淇淋,冰淇淋,冰淇淋,,,2F,unrated,False,explicitly_unrated,unrated,parsed,unrated_anchor,0.9984,0.9987,58,8148,138.926,2F | 🌟🌟🌟💥🌟 | 冰淇淋 | 暂无星级,冰淇淋 | 2F | 🌟🌟🌟💥🌟 | 冰淇淋 | 暂无星级 | 美食,ocr/input_videos\上海__正大广场__20260826.mp4
OBS-000763,正大广场,NB 1906,NB1906,服饰鞋包,3.9,1286,5F,rated,True,,rated,parsed,rating_anchor,0.9751,0.9769,52,8148,138.926,🌟🌟🌟🌟🌟 | 5F | 3.9 | 服饰鞋包￥1286/人,NB 1906 | 福 | 🌟🌟🌟🌟🌟 | 5F | 3.9 | 服饰鞋包￥1286/人 | new balance,ocr/input_videos\上海__正大广场__20260826.mp4
OBS-000764,正大广场,全家湃客咖啡,全家湃客咖啡,咖啡,,,B1,unrated,False,explicitly_unrated,unrated,parsed,unrated_anchor,0.9994,0.9989,52,8148,138.926,咖啡 | 暂无星级 | B1 | ★★★★★,全家湃客咖啡 | 咖啡 | 暂无星级 | B1 | ★★★★★ | 美食,ocr/input_videos\上海__正大广场__20260826.mp4
OBS-000765,正大广场,商壳繁昌,商壳繁昌,其他中餐,,,1F,unrated,False,explicitly_unrated,unrated,parsed,unrated_anchor,0.9396,0.8793,56,8148,138.926,🌟🌟★🌟🌟 | 1F | 暂无星级 | 其他中餐,商壳繁昌 | 5 | 0S | 🌟🌟★🌟🌟 | 1F | 暂无星级 | 其他中餐 | 国平雨美心烧油峰心,ocr/input_videos\上海__正大广场__20260826.mp4
OBS-000766,正大广场,W.Management,W.Management,服装,4.8,436,3F,rated,True,,rated,parsed,rating_anchor,0.999,0.9986,59,8148,138.926,3F | 🌟🌟⭐🌟🌟 | ￥436/人 | 4.8 | 服装,W.Management | OORO | 3F | 🌟🌟⭐🌟🌟 | ￥436/人 | 4.8 | 服装 | 点评榜单 | 陆家嘴商圈服装热门榜第1名 | 节日氛围浓郁，拍照超出片 | 《 | 新式 | 细粉入好味 | Super | Salad 3TH | 蔬三时,ocr/input_videos\上海__正大广场__20260826.mp4
OBS-000767,正大广场,全家湃客咖啡,全家湃客咖啡,咖啡,,,B1,unrated,False,explicitly_unrated,unrated,parsed,unrated_anchor,0.9757,0.9982,51,8232,140.358,咖啡 | 🌟🌟🌟🌟🌟 | 暂无星级 | B1,全家湃客咖啡 | 咖啡 | 🌟🌟🌟🌟🌟 | 暂无星级 | B1 | 美食,ocr/input_videos\上海__正大广场__20260826.mp4
OBS-000768,正大广场,商売繁昌,商売繁昌,其他中餐,,,1F,unrated,False,explicitly_unrated,unrated,parsed,unrated_anchor,0.9469,0.894,52,8232,140.358,其他中餐 | 1F | ★★★★★ | 暂无星级,商売繁昌 | 欢装话5 | 南店 | A20 | 其他中餐 | 1F | ★★★★★ | 平而分烧酒场心 | 暂无星级,ocr/input_videos\上海__正大广场__20260826.mp4
OBS-000769,正大广场,W.Management,W.Management,服装,4.8,436,3F,rated,True,,rated,parsed,rating_anchor,0.9993,0.9987,54,8232,140.358,3F | ⭐4.8 | ￥436/人 | 服装,W.Management | SXR | 3F | ⭐4.8 | ￥436/人 | 服装 | 点评榜单 | 陆家嘴商圈服装热门榜第1名 | 节日氛围浓郁，拍照超出片 | 5 | “,ocr/input_videos\上海__正大广场__20260826.mp4
OBS-000770,正大广场,细粉入好味,细粉入好味,小吃,,,6F,unrated,False,explicitly_unrated,unrated,parsed,unrated_anchor,0.9995,0.9995,54,8232,140.358,小吃 | ★★★★★ | 6F | 暂无星级,细粉入好味 | 新式 | Super | Salad 3TH | 蔬三时 | 小吃 | ★★★★★ | 6F | 暂无星级 | 鲜享品质 | 轻食健康餐,ocr/input_videos\上海__正大广场__20260826.mp4
OBS-000771,正大广场,广连甲,广连甲,大闸蟹,,,5F,new_store,False,new_store,ocr_missing,parsed,metadata_anchor,0.9993,0.9993,58,8232,140.358,新店 | 大闸蟹 | 5F,广连甲 | 新店 | 大闸蟹 | 5F | 美食,ocr/input_videos\上海__正大广场__20260826.mp4
OBS-000772,正大广场,西西弗书店&矢量咖啡,西西弗书店&矢量咖啡,书店音像,4.8,63,2F,rated,True,,rated,parsed,rating_anchor,0.9868,0.9746,51,8232,140.358,2F | 书店音像 | ★★★★ | ￥63/人 | 4.8,西西弗书店&矢量咖啡 | 2F | 书店音像 | ★★★★ | ￥63/人 | 4.8 | 盲盒超可爱， | 咖啡饮品丰富 | 5,ocr/input_videos\上海__正大广场__20260826.mp4
OBS-000773,正大广场,商壳繁昌,商壳繁昌,其他中餐,,,1F,unrated,False,explicitly_unrated,unrated,parsed,unrated_anchor,0.9504,0.9009,53,8316,141.79,暂无星级 | 1F | ★★★★★ | 其他中餐,商壳繁昌 | 欢福5 | 南店 | A | 暂无星级 | 1F | ★★★★★ | 其他中餐 | 平商美日串烧酒场心,ocr/input_videos\上海__正大广场__20260826.mp4
OBS-000774,正大广场,W.Management,W.Management,服装,4.8,436,3F,rated,True,,rated,parsed,rating_anchor,0.9983,0.9973,55,8316,141.79,3F | 🌟🌟⭐⭐🌟 | 服装 | ￥436/人 | 4.8,W.Management | OSXORT | 3F | 🌟🌟⭐⭐🌟 | 服装 | ￥436/人 | 4.8 | 点评榜单 | 陆家嘴商圈服装热门榜第1名 | 节日氛围浓郁，拍照超出片 | 心,ocr/input_videos\上海__正大广场__20260826.mp4
OBS-000775,正大广场,细粉入好味,细粉入好味,小吃,,,6F,unrated,False,explicitly_unrated,unrated,parsed,unrated_anchor,0.9994,0.9994,52,8316,141.79,小吃 | 6F | ⭐⭐💥🌟🌟 | 暂无星级,新式 | Super | 细粉入好味 | Salad 3TH | 蔬三时 | 小吃 | 6F | ⭐⭐💥🌟🌟 | 暂无星级 | 轻食健康餐 | 鲜享品质,ocr/input_videos\上海__正大广场__20260826.mp4
OBS-000776,正大广场,广连甲,广连甲,大闸蟹,,,5F,new_store,False,new_store,ocr_missing,parsed,metadata_anchor,0.9985,0.9995,59,8316,141.79,大闸蟹 | 新店 | 5F,广连甲 | 大闸蟹 | 新店 | 5F | 美食,ocr/input_videos\上海__正大广场__20260826.mp4
OBS-000777,正大广场,西西弗书店&矢量咖啡,西西弗书店&矢量咖啡,书店音像,4.8,63,2F,rated,True,,rated,parsed,rating_anchor,0.9636,0.9717,51,8316,141.79,🌟🌟⭐⭐🌟 | 书店音像￥63/人 | 2F | 4.8,西西弗书店&矢量咖啡 | 🌟🌟⭐⭐🌟 | 书店音像￥63/人 | 2F | 4.8 | 盲盒超可爱，咖啡饮品丰富,ocr/input_videos\上海__正大广场__20260826.mp4
OBS-000778,正大广场,绿塔市集,绿塔市集,美食城,,56,B2,unrated,False,explicitly_unrated,unrated,parsed,unrated_anchor,0.9804,0.9988,53,8316,141.79,⭐🌟💥🌟🌟 | 暂无星级 | 美食城￥56/人 | B2,绿塔市集 | green&tasty绿造市 | ⭐🌟💥🌟🌟 | 暂无星级 | 美食城￥56/人 | B2,ocr/input_videos\上海__正大广场__20260826.mp4
OBS-000779,正大广场,广连甲,广连甲,大闸蟹,,,5F,new_store,False,new_store,ocr_missing,parsed,metadata_anchor,0.9988,0.9992,61,8352,142.404,大闸蟹 | 新店 | 5F,广连甲 | 大闸蟹 | 新店 | 5F | 美食,ocr/input_videos\上海__正大广场__20260826.mp4
OBS-000780,正大广场,西西弗书店&矢量咖啡,西西弗书店&矢量咖啡,书店音像,,63,2F,unknown,True,,ocr_missing,parsed,metadata_anchor,0.9693,0.9769,51,8352,142.404,2F | 🌟🌟🌟🌟★ | 书店音像￥63/人 | 14.8,西西弗书店&矢量咖啡 | 2F | 🌟🌟🌟🌟★ | 书店音像￥63/人 | 14.8 | 盲盒超可爱，咖啡饮品丰富,ocr/input_videos\上海__正大广场__20260826.mp4
OBS-000781,正大广场,绿塔市集,绿塔市集,美食城,,56,B2,unrated,False,explicitly_unrated,unrated,parsed,unrated_anchor,0.9728,0.9998,56,8352,142.404,★★★★★ | 暂无星级 | 美食城￥56/人 | B2,绿塔市集 | green&tasty绿路市装 | ★★★★★ | 暂无星级 | 美食城￥56/人 | B2,ocr/input_videos\上海__正大广场__20260826.mp4
OBS-000782,正大广场,joy&peace,joy&peace,鞋靴,3.5,,3F,rated,True,,rated,parsed,rating_anchor,0.9936,0.9926,65,8352,142.404,🌟🌟🌟🌟🌟 | 3F | 鞋靴 | 3.5,joy&peace | 🌟🌟🌟🌟🌟 | 3F | 鞋靴 | 3.5,ocr/input_videos\上海__正大广场__20260826.mp4
OBS-000783,正大广场,璞徽·江景宴会厅,璞徽·江景宴会厅,酒店婚宴/...,4.5,1310,5F,rated,True,,rated,parsed,rating_anchor,0.9117,0.9839,51,8352,142.404,🌟🌟⭐🌟 | 酒店婚宴/... | ￥1310/人 | 4.5 | 5F,璞徽·江景宴会厅 | 璞徽 | 🌟🌟⭐🌟 | HEPU | 酒店婚宴/... | ￥1310/人 | 4.5 | 5F | 点评榜单 | 陆家嘴商圈婚宴/宴会场地好评榜第10名 | 江景·宴会厅 | 陆家嘴城景一览无余，臭鳜鱼鲜香入口 | 22,ocr/input_videos\上海__正大广场__20260826.mp4
OBS-000784,正大广场,Samsonite新秀丽,Samsonite新秀丽,服饰鞋包,,2876,4F,unknown,True,,ocr_missing,parsed,metadata_anchor,0.9992,0.9994,53,8352,142.404,4F | ★★★★★ | 服饰鞋包 | 14.8 | ￥2876/人,Samsonite新秀丽 | 4F | ★★★★★ | 服饰鞋包 | 14.8 | ￥2876/人 | Samsonite | 点评榜单 | 陆家嘴商圈服饰鞋包好评榜第8名,ocr/input_videos\上海__正大广场__20260826.mp4
OBS-000785,正大广场,广连甲,广连甲,大闸蟹,,,5F,new_store,False,new_store,ocr_missing,parsed,metadata_anchor,0.9989,0.9991,57,8376,142.813,大闸蟹 | 5F | 新店,广连甲 | 大闸蟹 | 5F | 新店 | 美食,ocr/input_videos\上海__正大广场__20260826.mp4
OBS-000786,正大广场,西西弗书店&矢量咖啡,西西弗书店&矢量咖啡,书店音像,4.8,63,2F,rated,True,,rated,parsed,rating_anchor,0.9897,0.9806,50,8376,142.813,书店音像 | 2F | 🌟🌟⭐🌟🌟 | ￥63/人 | 4.8,西西弗书店&矢量咖啡 | 书店音像 | 2F | 🌟🌟⭐🌟🌟 | ￥63/人 | 4.8 | 盲盒超可爱，咖啡饮品丰富,ocr/input_videos\上海__正大广场__20260826.mp4
OBS-000787,正大广场,绿塔市集,绿塔市集,美食城,,56,B2,unrated,False,explicitly_unrated,unrated,parsed,unrated_anchor,0.9771,0.9991,52,8376,142.813,B2 | ★★★★★ | 美食城￥56/人 | 暂无星级,绿塔市集 | green&tasty绿路市装 | B2 | ★★★★★ | 美食城￥56/人 | 暂无星级,ocr/input_videos\上海__正大广场__20260826.mp4
OBS-000788,正大广场,joy&peace,joy&peace,鞋靴,3.5,,3F,rated,True,,rated,parsed,rating_anchor,0.9939,0.9925,55,8376,142.813,鞋靴 | 🌟🌟🌟🌟🌟 | 3F | 3.5,joy&peace | 鞋靴 | 🌟🌟🌟🌟🌟 | 3F | 3.5,ocr/input_videos\上海__正大广场__20260826.mp4
OBS-000789,正大广场,璞徽·江景宴会厅,璞徽·江景宴会厅,酒店婚宴/....,4.5,1310,5F,rated,True,,rated,parsed,rating_anchor,0.9145,0.9836,54,8376,142.813,★★★★★ | 酒店婚宴/.... | 4.5 | ￥1310/人 | 5F,璞徽·江景宴会厅 | 璞徽 | ★★★★★ | 酒店婚宴/.... | 4.5 | ￥1310/人 | 5F | 点评榜单 | 陆家嘴商圈婚宴/宴会场地好评榜第10名 | 江景·宴会厅 | 陆家嘴城景一览无余，臭鳜鱼鲜香入口,ocr/input_videos\上海__正大广场__20260826.mp4
OBS-000790,正大广场,Samsonite新秀丽,Samsonite新秀丽,服饰鞋包,4.8,2876,4F,rated,True,,rated,parsed,rating_anchor,0.985,0.9996,48,8376,142.813,⭐🌟⭐⭐⭐4.8 | 4F | 服饰鞋包￥2876/人,Samsonite新秀丽 | ⭐🌟⭐⭐⭐4.8 | 4F | 服饰鞋包￥2876/人 | SamsGnite | 点评榜单 | 陆家嘴商圈服饰鞋包好评榜第8名 | 专利材质轻且结实，赠品超实用 | 3,ocr/input_videos\上海__正大广场__20260826.mp4
OBS-000791,正大广场,西西弗书店&矢量咖啡,西西弗书店&矢量咖啡,书店音像,4.8,63,2F,rated,True,,rated,parsed,rating_anchor,0.9898,0.9813,54,8460,144.245,⭐★⭐4.8 | 2F | ￥63/人 | 书店音像,西西弗书店&矢量咖啡 | ⭐★⭐4.8 | 2F | ￥63/人 | 书店音像 | 盲盒超可爱，咖啡饮品丰富,ocr/input_videos\上海__正大广场__20260826.mp4
OBS-000792,正大广场,绿塔市集,绿塔市集,美食城,,56,B2,unrated,False,explicitly_unrated,unrated,parsed,unrated_anchor,0.9794,0.9996,58,8460,144.245,B2 | ★★★★★ | 暂无星级 | 美食城￥56/人,绿塔市集 | green&tasty绿市装 | B2 | ★★★★★ | 暂无星级 | 美食城￥56/人,ocr/input_videos\上海__正大广场__20260826.mp4
OBS-000793,正大广场,joy&peace,joy&peace,鞋靴,3.5,,3F,rated,True,,rated,parsed,rating_anchor,0.9912,0.9919,56,8460,144.245,3F | 3.5鞋靴 | 🌟🌟🌟🌟⭐,joy&peace | 3F | 3.5鞋靴 | 🌟🌟🌟🌟⭐,ocr/input_videos\上海__正大广场__20260826.mp4
OBS-000794,正大广场,璞徽·江景宴会厅,璞徽·江景宴会厅,酒店婚宴/..,4.5,1310,5F,rated,True,,rated,parsed,rating_anchor,0.9411,0.987,51,8460,144.245,🌟🌟🌟🌟🌟 | 酒店婚宴/.. | ￥1310/人5F | 4.5,璞徽·江景宴会厅 | 璞徽 | AEPU | 🌟🌟🌟🌟🌟 | 酒店婚宴/.. | ￥1310/人5F | 4.5 | 点评榜单 | 陆家嘴商圈婚宴/宴会场地好评榜第10名 | 江景·宴会厅 | 陆家嘴城景一览无余，臭鳜鱼鲜香入口,ocr/input_videos\上海__正大广场__20260826.mp4
OBS-000795,正大广场,Samsonite新秀丽,Samsonite新秀丽,服饰鞋包,4.8,2876,4F,rated,True,,rated,parsed,rating_anchor,0.9801,0.9994,48,8460,144.245,🌟🌟🌈⭐4.8 | 4F | 服饰鞋包￥2876/人,Samsonite新秀丽 | 🌟🌟🌈⭐4.8 | 4F | 服饰鞋包￥2876/人 | SamsGnite | 点评榜单 | 陆家嘴商圈服饰鞋包好评榜第8名 | 专利材质轻且结实，赠品超实用 | “ | ￥1￥999 | 惠 | 购正价产品满4999赠送首饰.. | 惠 | ￥1￥100代金券,ocr/input_videos\上海__正大广场__20260826.mp4
OBS-000796,正大广场,joy&peace,joy&peace,鞋靴,3.5,,3F,rated,True,,rated,parsed,rating_anchor,0.9946,0.9906,65,8496,144.859,🌟🌟★3.5 | 鞋靴 | 3F,joy&peace | 🌟🌟★3.5 | 鞋靴 | 3F,ocr/input_videos\上海__正大广场__20260826.mp4
OBS-000797,正大广场,璞徽·江景宴会厅,璞徽·江景宴会厅,酒店婚宴/...,4.5,1310,5F,rated,True,,rated,parsed,rating_anchor,0.8929,0.9866,51,8496,144.859,￥1310/人5F | ⭐⭐⭐⭐4.5酒店婚宴/...,璞徽·江景宴会厅 | 璞徽 | HPO | ￥1310/人5F | ⭐⭐⭐⭐4.5酒店婚宴/... | 点评榜单 | 陆家嘴商圈婚宴/宴会场地好评榜第10名 | 江景宴会厅 | 陆家嘴城景一览无余，臭鳜鱼鲜香入口 | 炒,ocr/input_videos\上海__正大广场__20260826.mp4
OBS-000798,正大广场,Samsonite新秀丽,Samsonite新秀丽,服饰鞋包,4.8,2876,4F,rated,True,,rated,parsed,rating_anchor,0.9758,0.9993,56,8496,144.859,4F | 4.8服饰鞋包￥2876/人,Samsonite新秀丽 | 4F | 4.8服饰鞋包￥2876/人 | SamsGnite | 点评榜单 | 陆家嘴商圈服饰鞋包好评榜第8名 | 专利材质轻且结实，赠品超实用 | 55 | “ | ￥1￥999购正价产品满4999赠送饰... | 惠 | ￥1￥100代金券 | 惠,ocr/input_videos\上海__正大广场__20260826.mp4
OBS-000799,正大广场,泰兰尼斯TARANIS,泰兰尼斯TARANIS,服饰鞋包,3.8,451,2F,rated,True,,rated,parsed,rating_anchor,0.9802,0.9978,54,8496,144.859,3.8服饰鞋包￥451/人 | 2F,泰兰尼斯TARANIS | 3.8服饰鞋包￥451/人 | 2F | 环境宽明亮，还有儿童玩具区,ocr/input_videos\上海__正大广场__20260826.mp4
OBS-000800,正大广场,维多利亚羊绒,维多利亚羊绒,服装,3.5,1584,3F,rated,True,,rated,parsed,rating_anchor,0.9758,0.9989,52,8496,144.859,3.5服装￥1584/人 | 3F,维多利亚羊绒 | VUOUORA! | XS0BUG | 3.5服装￥1584/人 | 3F | 小米之家,ocr/input_videos\上海__正大广场__20260826.mp4
OBS-000801,正大广场,joy&peace,joy&peace,鞋靴,3.5,,3F,rated,True,,rated,parsed,rating_anchor,0.9942,0.9896,59,8520,145.268,3F | 🌟🌟🌟🌟 | 鞋靴 | 3.5,joy&peace | 3F | 🌟🌟🌟🌟 | 鞋靴 | 3.5,ocr/input_videos\上海__正大广场__20260826.mp4
OBS-000802,正大广场,璞徽·江景宴会厅,璞徽·江景宴会厅,酒店婚宴/..,4.5,1310,5F,rated,True,,rated,parsed,rating_anchor,0.9254,0.9838,51,8520,145.268,⭐⭐4.5酒店婚宴/.. | ￥1310/人5F,璞徽·江景宴会厅 | 璞徽 | ⭐⭐4.5酒店婚宴/.. | ￥1310/人5F | 点评榜单 | 陆家嘴商圈婚宴/宴会场地好评榜第10名 | 江景宴会厅 | 陆家嘴城景一览无余，臭鳜鱼鲜香入口 | 力,ocr/input_videos\上海__正大广场__20260826.mp4
OBS-000803,正大广场,Samsonite新秀丽,Samsonite新秀丽,服饰鞋包,4.8,2876,4F,rated,True,,rated,parsed,rating_anchor,0.9787,0.9997,48,8520,145.268,⭐🌟⭐★⭐4.8 | 4F | 服饰鞋包￥2876/人,Samsonite新秀丽 | ⭐🌟⭐★⭐4.8 | 4F | 服饰鞋包￥2876/人 | SamsGnite | 点评榜单 | 陆家嘴商圈服饰鞋包好评榜第8名 | 专利材质轻且结实，赠品超实用 | 5 | 购正价产品满4999赠送首饰.... | ￥1￥999贝 | 惠 | - | 惠￥1￥100代金券,ocr/input_videos\上海__正大广场__20260826.mp4
OBS-000804,正大广场,泰兰尼斯TARANIS,泰兰尼斯TARANIS,服饰鞋包,3.8,451,2F,rated,True,,rated,parsed,rating_anchor,0.9827,0.9984,51,8520,145.268,🌟🌟🌟🌟🌟 | 2F | 3.8 | 服饰鞋包￥451/人,泰兰尼斯TARANIS | 🌟🌟🌟🌟🌟 | 2F | 3.8 | 服饰鞋包￥451/人 | 环境宽敬明亮，还有儿童玩具区,ocr/input_videos\上海__正大广场__20260826.mp4
OBS-000805,正大广场,维多利亚羊绒,维多利亚羊绒,服装,3.5,1584,3F,rated,True,,rated,parsed,rating_anchor,0.982,0.9975,51,8520,145.268,3F | 🌟🌟🌟🌟⭐ | 3.5服装￥1584/人,维多利亚羊绒 | VUOTORA! | CXSUBUGL | 3F | 🌟🌟🌟🌟⭐ | 3.5服装￥1584/人,ocr/input_videos\上海__正大广场__20260826.mp4
OBS-000806,正大广场,小米之家,小米之家,数码产品,4.7,2330,2F,rated,True,,rated,parsed,rating_anchor,0.9828,0.9978,56,8520,145.268,2F | 🌟🌟🌟⭐🌟 | 数码产品￥2330/人 | 4.7,小米之家 | 2F | 🌟🌟🌟⭐🌟 | 数码产品￥2330/人 | 4.7 | 手机轻薄拍摄好” | 服务热情耐心。,ocr/input_videos\上海__正大广场__20260826.mp4
OBS-000807,正大广场,joy&peace,joy&peace,鞋靴,3.5,,3F,rated,True,,rated,parsed,rating_anchor,0.9939,0.9882,59,8532,145.473,3F | 🌟🌟⭐🌟⭐3.5 | 鞋靴,joy&peace | 3F | 🌟🌟⭐🌟⭐3.5 | 鞋靴,ocr/input_videos\上海__正大广场__20260826.mp4
OBS-000808,正大广场,璞徽·江景宴会厅,璞徽·江景宴会厅,酒店婚宴/,4.5,1310,5F,rated,True,,rated,parsed,rating_anchor,0.9226,0.9839,52,8532,145.473,⭐⭐4.5酒店婚宴/ | ￥1310/人5F,璞徽·江景宴会厅 | 璞徽 | ⭐⭐4.5酒店婚宴/ | epi | ￥1310/人5F | 点评榜单 | 陆家嘴商圈婚宴/宴会场地好评榜第10名 | 江景·宴会厅 | 陆家嘴城景一览无余，臭鳜鱼鲜香入口 | 91,ocr/input_videos\上海__正大广场__20260826.mp4
OBS-000809,正大广场,Samsonite新秀丽,Samsonite新秀丽,服饰鞋包,,2876,4F,unknown,True,,ocr_missing,parsed,metadata_anchor,0.9849,0.9997,54,8532,145.473,4F | 🌟🌟⭐⭐⭐48 | 服饰鞋包￥2876/人,Samsonite新秀丽 | 4F | 🌟🌟⭐⭐⭐48 | 服饰鞋包￥2876/人 | SamsGnite | 点评榜单 | 陆家嘴商圈服饰鞋包好评榜第8名 | 专利材质轻且结实，赠品超实用 | 3 | ￥1￥999 | 购正价产品满4999赠送首饰... | 惠 | 惠￥1￥100代金券,ocr/input_videos\上海__正大广场__20260826.mp4
OBS-000810,正大广场,泰兰尼斯TARANIS,泰兰尼斯TARANIS,服饰鞋包,3.8,451,2F,rated,True,,rated,parsed,rating_anchor,0.9836,0.9981,51,8532,145.473,2F | 🌟🌟🌟🌟 | 3.8 | 服饰鞋包￥451/人,泰兰尼斯TARANIS | 2F | 🌟🌟🌟🌟 | 3.8 | 服饰鞋包￥451/人 | 环境宽敞明亮，还有儿童玩具区,ocr/input_videos\上海__正大广场__20260826.mp4
OBS-000811,正大广场,维多利亚羊绒,维多利亚羊绒,服装,3.5,1584,3F,rated,True,,rated,parsed,rating_anchor,0.9769,0.9984,55,8532,145.473,3F | 3.5服装￥1584/人,维多利亚羊绒 | VUOTORA! | XS0B0G | 3F | 3.5服装￥1584/人,ocr/input_videos\上海__正大广场__20260826.mp4
OBS-000812,正大广场,小米之家,小米之家,数码产品,4.7,2330,2F,rated,True,,rated,parsed,rating_anchor,0.9837,0.9985,55,8532,145.473,🌟🌟🌟🌟🌟 | 2F | 数码产品￥2330/人 | 4.7,小米之家 | MI | 🌟🌟🌟🌟🌟 | 2F | 数码产品￥2330/人 | 4.7 | 服务热情耐心， | 手机轻薄拍摄好,ocr/input_videos\上海__正大广场__20260826.mp4
OBS-000813,正大广场,璞徽·江景宴会厅,璞徽·江景宴会厅,酒店婚宴/.,4.5,1310,5F,rated,True,,rated,parsed,rating_anchor,0.9285,0.9888,51,8628,147.11,⭐4.5酒店婚宴/. | ￥1310/人5F,璞徽·江景宴会厅 | 璞徽 | ⭐4.5酒店婚宴/. | ￥1310/人5F | P | 点评榜单 | 陆家嘴商圈婚宴/宴会场地好评榜第10名 | 江景·宴会厅 | 陆家嘴城景一览无余，臭鳜鱼鲜香入口 | 2,ocr/input_videos\上海__正大广场__20260826.mp4
OBS-000814,正大广场,Samsonite新秀丽,Samsonite新秀丽,服饰鞋包,4.8,2876,4F,rated,True,,rated,parsed,rating_anchor,0.984,0.9997,51,8628,147.11,⭐🌟🌟⭐⭐4.8 | 4F | 服饰鞋包￥2876/人,Samsonite新秀丽 | ⭐🌟🌟⭐⭐4.8 | 4F | 服饰鞋包￥2876/人 | SamsGnite | 点评榜单 | 陆家嘴商圈服饰鞋包好评榜第8名 | 专利材质轻且结实，赠品超实用 | 惠￥1￥999 | 购正价产品满4999赠送首饰... | 惠￥1￥100代金券,ocr/input_videos\上海__正大广场__20260826.mp4
OBS-000815,正大广场,泰兰尼斯TARANIS,泰兰尼斯TARANIS,服饰鞋包,3.8,451,2F,rated,True,,rated,parsed,rating_anchor,0.9757,0.998,51,8628,147.11,3.8服饰鞋包￥451/人 | 2F,泰兰尼斯TARANIS | 3.8服饰鞋包￥451/人 | 2F | 环境宽敬明亮，还有儿童玩具区,ocr/input_videos\上海__正大广场__20260826.mp4
OBS-000816,正大广场,维多利亚羊绒,维多利亚羊绒,服装,3.5,1584,3F,rated,True,,rated,parsed,rating_anchor,0.9735,0.9986,52,8628,147.11,3.5服装￥1584/人 | 3F,维多利亚羊绒 | VICTODAT | OASWMELB | 3.5服装￥1584/人 | 3F,ocr/input_videos\上海__正大广场__20260826.mp4
OBS-000817,正大广场,小米之家,小米之家,数码产品,4.7,2330,2F,rated,True,,rated,parsed,rating_anchor,0.985,0.9987,56,8628,147.11,2F | 🌟🌟🌟🌟🌟 | 数码产品￥2330/人 | 4.7,小米之家 | 2F | 🌟🌟🌟🌟🌟 | MI | 数码产品￥2330/人 | 4.7 | 服务热情耐心，手机轻薄拍摄好” | ￥9.99￥11.1小米巨能写中性笔10支装 | 惠,ocr/input_videos\上海__正大广场__20260826.mp4
OBS-000818,正大广场,璞徽·江景宴会厅,璞徽·江景宴会厅,酒店婚宴/..,4.5,1310,5F,rated,True,,rated,parsed,rating_anchor,0.961,0.9884,53,8688,148.133,🌟🌟⭐⭐🌟 | ￥1310/人5F | 4.5酒店婚宴/..,璞徽·江景宴会厅 | 璞徽 | 🌟🌟⭐⭐🌟 | ￥1310/人5F | 4.5酒店婚宴/.. | 点评榜单 | 陆家嘴商圈婚宴/宴会场地好评榜第10名 | 江景·宴会厅 | 陆家嘴城景一览无余，臭鳜鱼鲜香入口 | 2,ocr/input_videos\上海__正大广场__20260826.mp4
OBS-000819,正大广场,Samsonite新秀丽,Samsonite新秀丽,服饰鞋包,,2876,4F,unknown,True,,ocr_missing,parsed,metadata_anchor,0.9831,0.9998,51,8688,148.133,4F | 🌟🌟🌟🌟 | 服饰鞋包￥2876/人 | 14.8,Samsonite新秀丽 | 4F | 🌟🌟🌟🌟 | 服饰鞋包￥2876/人 | 14.8 | SamsGnite | 点评榜单 | 陆家嘴商圈服饰鞋包好评榜第8名 | 专利材质轻且结实，赠品超实用 | “ | 惠￥1￥999 | 购正价产品满4999赠送首饰... | 惠￥1￥100代金券,ocr/input_videos\上海__正大广场__20260826.mp4
OBS-000820,正大广场,泰兰尼斯TARANIS,泰兰尼斯TARANIS,服饰鞋包,3.8,451,2F,rated,True,,rated,parsed,rating_anchor,0.9774,0.9985,51,8688,148.133,3.8服饰鞋包￥451/人 | 2F,泰兰尼斯TARANIS | 3.8服饰鞋包￥451/人 | 2F | 环境宽敬明亮，还有儿童玩具区,ocr/input_videos\上海__正大广场__20260826.mp4
OBS-000821,正大广场,维多利亚羊绒,维多利亚羊绒,服装,3.5,1584,3F,rated,True,,rated,parsed,rating_anchor,0.9764,0.9968,54,8688,148.133,3.5服装￥1584/人 | 3F,维多利亚羊绒 | VICTODAT | OASWMELB | 3.5服装￥1584/人 | 3F,ocr/input_videos\上海__正大广场__20260826.mp4
OBS-000822,正大广场,小米之家,小米之家,数码产品,4.7,2330,2F,rated,True,,rated,parsed,rating_anchor,0.9809,0.9982,53,8688,148.133,🌟🌟🌟🌟🌟 | 2F | 数码产品￥2330/人 | 4.7,小米之家 | 🌟🌟🌟🌟🌟 | 2F | 数码产品￥2330/人 | MI | 4.7 | 服务热情耐心，手机轻薄拍摄好” | 2 | ￥9.99￥11.1小米巨能写中性笔10支装 | 惠,ocr/input_videos\上海__正大广场__20260826.mp4
OBS-000823,正大广场,Samsonite新秀丽,Samsonite新秀丽,服饰鞋包,4.8,2876,4F,rated,True,,rated,parsed,rating_anchor,0.9804,0.9996,53,8712,148.542,★★★★★4.8 | 4F | 服饰鞋包￥2876/人,Samsonite新秀丽 | ★★★★★4.8 | 4F | 服饰鞋包￥2876/人 | SamsGnite | 点评榜单 | 陆家嘴商圈服饰鞋包好评榜第8名 | 专利材质轻且结实，赠品超实用” | 惠￥1￥999 | 购正价产品满4999赠送首饰... | 惠￥1￥100代金券,ocr/input_videos\上海__正大广场__20260826.mp4
OBS-000824,正大广场,泰兰尼斯TARANIS,泰兰尼斯TARANIS,服饰鞋包,3.8,451,2F,rated,True,,rated,parsed,rating_anchor,0.9776,0.9977,51,8712,148.542,3.8服饰鞋包￥451/人 | 2F,泰兰尼斯TARANIS | 3.8服饰鞋包￥451/人 | 2F | 环境宽明亮，还有儿童玩具区,ocr/input_videos\上海__正大广场__20260826.mp4
OBS-000825,正大广场,维多利亚羊绒,维多利亚羊绒,服装,3.5,1584,3F,rated,True,,rated,parsed,rating_anchor,0.9723,0.9985,57,8712,148.542,3.5服装￥1584/人 | 3F,维多利亚羊绒 | VUOTORA! | ASUB0G此 | 3.5服装￥1584/人 | 3F,ocr/input_videos\上海__正大广场__20260826.mp4
OBS-000826,正大广场,小米之家,小米之家,数码产品,4.7,2330,2F,rated,True,,rated,parsed,rating_anchor,0.9825,0.9983,56,8712,148.542,★4.7 | 2F | 数码产品￥2330/人,小米之家 | MI | ★4.7 | 2F | 数码产品￥2330/人 | 服务热情耐心，手机轻薄拍摄好” | ￥9.99￥11.1小米巨能写中性笔10支装 | 惠,ocr/input_videos\上海__正大广场__20260826.mp4
OBS-000827,正大广场,宜百利,宜百利,杂货礼品,4.2,85,6F,rated,True,,rated,parsed,rating_anchor,0.9762,0.9938,64,8712,148.542,6F | ★★★★ | 4.2杂货礼品￥85/人,宜百利 | Ebil! | 6F | ★★★★ | 4.2杂货礼品￥85/人 | 宜百利 | 玩具种类丰富，体验五光十色 | 心 | 2 | ￥55￥60宜百利55代60代金券 | 惠,ocr/input_videos\上海__正大广场__20260826.mp4
OBS-000828,正大广场,维多利亚羊绒,维多利亚羊绒,服装,3.5,1584,3F,rated,True,,rated,parsed,rating_anchor,0.9778,0.9989,55,8736,148.951,3.5服装￥1584/人 | 3F,维多利亚羊绒 | VUOTORAN | OXSWBUGB | 3.5服装￥1584/人 | 3F,ocr/input_videos\上海__正大广场__20260826.mp4
OBS-000829,正大广场,小米之家,小米之家,数码产品,4.7,2330,2F,rated,True,,rated,parsed,rating_anchor,0.9828,0.9983,56,8736,148.951,🌟🌟🌟4.7 | 数码产品￥2330/人 | 2F,小米之家 | MI | 🌟🌟🌟4.7 | 数码产品￥2330/人 | 2F | 服务热情耐心，手机轻薄拍摄好” | ￥9.99￥11.1小米巨能写中性笔10支装 | 惠,ocr/input_videos\上海__正大广场__20260826.mp4
OBS-000830,正大广场,宜百利,宜百利,杂货礼品,4.2,85,6F,rated,True,,rated,parsed,rating_anchor,0.9826,0.9968,61,8736,148.951,🌟🌟🎉⭐ | 6F | 4.2杂货礼品￥85/人 | ★,宜百利 | Ebil! | 🌟🌟🎉⭐ | 6F | 4.2杂货礼品￥85/人 | ★ | 宜百利 | 玩具种类丰富，体验五光十色 | 1 | ￥55￥60宜百利55代60代金券 | 惠,ocr/input_videos\上海__正大广场__20260826.mp4
OBS-000831,正大广场,正大广场中古市集,正大广场中古市集,集市,3.6,,商场内,rated,True,,rated,parsed,rating_anchor,0.9544,0.9997,55,8736,148.951,⭐⭐⭐⭐3.6集市 | 商场内,正大广场中古市集 | ⭐⭐⭐⭐3.6集市 | 商场内,ocr/input_videos\上海__正大广场__20260826.mp4
OBS-000832,正大广场,FILA,FILA,运动户外,3.4,1030,6F,rated,True,,rated,parsed,rating_anchor,0.9777,0.9917,57,8736,148.951,3.4运动户外￥1030/人 | 6F,FILA | 3.4运动户外￥1030/人 | 6F | FIUA,ocr/input_videos\上海__正大广场__20260826.mp4
OBS-000833,正大广场,丝芙兰Sephora,丝芙兰Sephora,化妆品,3.7,500,1F,rated,True,,rated,parsed,rating_anchor,0.9753,0.9993,64,8736,148.951,"3.7化妆品￥500/人 | 1F,2F","丝芙兰Sephora | 3.7化妆品￥500/人 | 1F,2F | SEPHORA | 芙",ocr/input_videos\上海__正大广场__20260826.mp4
OBS-000834,正大广场,小米之家,小米之家,数码产品,4.7,2330,2F,rated,True,,rated,parsed,rating_anchor,0.9849,0.9985,59,8760,149.36,2F | 🌟🌟🌟🌟🌟 | 数码产品￥2330/人 | 4.7,小米之家 | MI | 2F | 🌟🌟🌟🌟🌟 | 数码产品￥2330/人 | 4.7 | 服务热情耐心，手机轻薄拍摄好” | ￥9.99￥11.1小米巨能写中性笔10支装 | 惠,ocr/input_videos\上海__正大广场__20260826.mp4
OBS-000835,正大广场,宜百利,宜百利,杂货礼品,4.2,85,6F,rated,True,,rated,parsed,rating_anchor,0.9732,0.9935,59,8760,149.36,🌟🌟🌟🌟 | 6F | 杂货礼品￥85/人 | 4.2 | ★,宜百利 | Ebil! | 🌟🌟🌟🌟 | 6F | 杂货礼品￥85/人 | 4.2 | ★ | 宜百利 | 玩具种类丰富，体验五光十色 | 5 | ￥55￥60宜百利55代60代金券 | 惠,ocr/input_videos\上海__正大广场__20260826.mp4
OBS-000836,正大广场,正大广场中古市集,正大广场中古市集,集市,3.6,,商场内,rated,True,,rated,parsed,rating_anchor,0.9392,0.9995,54,8760,149.36,⭐⭐3.6集市 | 商场内,正大广场中古市集 | ⭐⭐3.6集市 | 商场内,ocr/input_videos\上海__正大广场__20260826.mp4
OBS-000837,正大广场,FILA,FILA,运动户外,3.4,1030,6F,rated,True,,rated,parsed,rating_anchor,0.973,0.9734,58,8760,149.36,3.4运动户外￥1030/人 | 6F,FILA | 3.4运动户外￥1030/人 | 6F | FILA,ocr/input_videos\上海__正大广场__20260826.mp4
OBS-000838,正大广场,丝芙兰Sephora,丝芙兰Sephora,化妆品,3.7,500,1F,rated,True,,rated,parsed,rating_anchor,0.9681,0.9994,64,8760,149.36,"1F,2F | ★★3.7 | 化妆品￥500/人","丝芙兰Sephora | 1F,2F | ★★3.7 | 化妆品￥500/人 | SEPHORA | 丝芙兰 | “妆感超绝，618必买！ | "" | Saucony索康尼",ocr/input_videos\上海__正大广场__20260826.mp4
OBS-000839,正大广场,小米之家,小米之家,数码产品,4.7,2330,2F,rated,True,,rated,parsed,rating_anchor,0.984,0.9983,60,8808,150.179,🌟🌟🌟🌟🌟 | 2F | 数码产品￥2330/人 | 4.7,小米之家 | MI | 🌟🌟🌟🌟🌟 | 2F | 数码产品￥2330/人 | 4.7 | 服务热情耐心，手机轻薄拍摄好 | ￥9.99￥11.1小米巨能写中性笔10支装 | 惠,ocr/input_videos\上海__正大广场__20260826.mp4
OBS-000840,正大广场,宜百利,宜百利,杂货礼品,4.2,85,6F,rated,True,,rated,parsed,rating_anchor,0.9763,0.9923,59,8808,150.179,🌟🌟🌟🎉 | 6F | 杂货礼品￥85/人 | 4.2,宜百利 | Ebil! | 🌟🌟🌟🎉 | 6F | 杂货礼品￥85/人 | 4.2 | 宜百利 | 玩具种类丰富，体验五光十色” | ￥55￥60宜百利55代60代金券 | 惠,ocr/input_videos\上海__正大广场__20260826.mp4
OBS-000841,正大广场,正大广场中古市集,正大广场中古市集,集市,3.6,,商场内,rated,True,,rated,parsed,rating_anchor,0.9532,0.9996,55,8808,150.179,⭐🌟⭐⭐⭐3.6集市 | 商场内,正大广场中古市集 | ⭐🌟⭐⭐⭐3.6集市 | 商场内,ocr/input_videos\上海__正大广场__20260826.mp4
OBS-000842,正大广场,FILA,FILA,运动户外,3.4,1030,6F,rated,True,,rated,parsed,rating_anchor,0.9784,0.995,55,8808,150.179,3.4运动户外￥1030/人 | 6F,FILA | 3.4运动户外￥1030/人 | 6F | FILA,ocr/input_videos\上海__正大广场__20260826.mp4
OBS-000843,正大广场,丝芙兰Sephora,丝芙兰Sephora,化妆品,3.7,500,1F,rated,True,,rated,parsed,rating_anchor,0.9703,0.9991,61,8808,150.179,"1F,2F | 3.7化妆品￥500/人","丝芙兰Sephora | 1F,2F | 3.7化妆品￥500/人 | SEPHORA | 丝芙兰 | 妆感超绝，618必买！ | 3 | Saucony索康尼 | 广",ocr/input_videos\上海__正大广场__20260826.mp4
OBS-000844,正大广场,宜百利,宜百利,杂货礼品,4.2,85,6F,rated,True,,rated,parsed,rating_anchor,0.9747,0.9889,58,8844,150.793,杂货礼品￥85/人 | 🌟🌟⭐⭐ | 6F | 4.2,宜百利 | Ebil! | 杂货礼品￥85/人 | 🌟🌟⭐⭐ | 6F | 4.2 | 宜百利 | “玩具种类丰富，体验五光十色 | 5 | ￥55￥60宜百利55代60代金券 | 惠,ocr/input_videos\上海__正大广场__20260826.mp4
OBS-000845,正大广场,正大广场中古市集,正大广场中古市集,集市,3.6,,商场内,rated,True,,rated,parsed,rating_anchor,0.9167,0.9995,57,8844,150.793,⭐⭐⭐3.6集市 | 商场内,正大广场中古市集 | ⭐⭐⭐3.6集市 | 商场内,ocr/input_videos\上海__正大广场__20260826.mp4
OBS-000846,正大广场,FILA,FILA,运动户外,3.4,1030,6F,rated,True,,rated,parsed,rating_anchor,0.9823,0.9954,52,8844,150.793,⭐🌟⭐ | 6F | ★★ | 3.4运动户外￥1030/人,FILA | ⭐🌟⭐ | 6F | ★★ | 3.4运动户外￥1030/人 | FILA,ocr/input_videos\上海__正大广场__20260826.mp4
OBS-000847,正大广场,丝芙兰Sephora,丝芙兰Sephora,化妆品,3.7,500,1F,rated,True,,rated,parsed,rating_anchor,0.999,0.999,60,8844,150.793,"化妆品 | 1F,2F | 🌟🌟🌟🌟 | 3.7 | ￥500/人","丝芙兰Sephora | 化妆品 | 1F,2F | 🌟🌟🌟🌟 | 3.7 | ￥500/人 | SEPHORA | 丝芙兰 | “妆感超绝，618必买！",ocr/input_videos\上海__正大广场__20260826.mp4
OBS-000848,正大广场,Saucony索康尼,Saucony索康尼,运动户外,3.7,1451,4F,rated,True,,rated,parsed,rating_anchor,0.981,0.9994,61,8844,150.793,4F | 运动户外￥1451/人 | 🌟🌟⭐🌟🌟 | 3.7,Saucony索康尼 | 4F | 运动户外￥1451/人 | 🌟🌟⭐🌟🌟 | 3.7 | saucony | 服务贴心不推销，缓震稳定效果好”,ocr/input_videos\上海__正大广场__20260826.mp4
OBS-000849,正大广场,TOYSRUS玩具反斗城,TOYSRUS玩具反斗城,杂货礼品,,193,6F,unknown,True,,ocr_missing,parsed,metadata_anchor,0.9987,0.9995,51,8844,150.793,⭐🌟🎉🎉🌟 | 6F | 杂货礼品 | ￥193/人 | 14.8,TOYSRUS玩具反斗城 | ToysHos | ⭐🌟🎉🎉🌟 | 6F | 杂货礼品 | ￥193/人 | 14.8,ocr/input_videos\上海__正大广场__20260826.mp4
OBS-000850,正大广场,FILA,FILA,运动户外,3.4,1030,6F,rated,True,,rated,parsed,rating_anchor,0.9797,0.9914,56,8868,151.202,3.4运动户外￥1030/人 | 6F,FILA | 3.4运动户外￥1030/人 | 6F | FILA,ocr/input_videos\上海__正大广场__20260826.mp4
OBS-000851,正大广场,丝芙兰Sephora,丝芙兰Sephora,化妆品,3.7,500,1F,rated,True,,rated,parsed,rating_anchor,0.978,0.9992,61,8868,151.202,"1F,2F | 🌟🌟🎉🌟⭐3.7 | 化妆品￥500/人","丝芙兰Sephora | 1F,2F | 🌟🌟🎉🌟⭐3.7 | 化妆品￥500/人 | SEPHORＡ | 丝芙兰 | “妆感超绝，618必买！",ocr/input_videos\上海__正大广场__20260826.mp4
OBS-000852,正大广场,Saucony索康尼,Saucony索康尼,运动户外,3.7,1451,4F,rated,True,,rated,parsed,rating_anchor,0.982,0.9992,62,8868,151.202,运动户外￥1451/人 | 4F | 🌟🌟★★★3.7,Saucony索康尼 | 运动户外￥1451/人 | 4F | 🌟🌟★★★3.7 | saucony | 服务贴心不推销，缓震稳定效果好”,ocr/input_videos\上海__正大广场__20260826.mp4
OBS-000853,正大广场,TOYSRUS玩具反斗城,TOYSRUS玩具反斗城,杂货礼品,4.8,193,6F,rated,True,,rated,parsed,rating_anchor,0.9982,0.9992,58,8868,151.202,6F | 🌟4.8 | 杂货礼品 | ￥193/人,TOYSRUS玩具反斗城 | ToysAos | 4 | 6F | 🌟4.8 | 杂货礼品 | ￥193/人 | 点评榜单 | 陆家嘴商圈杂货礼品好评榜第4名 | “娃娃套装可喝尿尿，价格实惠” | ￥100 | ￥91 | 9.9折 | 惠 | 【玩具反斗城|暑期..,ocr/input_videos\上海__正大广场__20260826.mp4
OBS-000854,正大广场,泡泡玛特POPMART,泡泡玛特POPMART,杂货礼品,4.8,143,5F,rated,True,,rated,parsed,rating_anchor,0.9817,0.9987,50,8868,151.202,5F | 🌟🌟🎉⭐🎉4.8 | 杂货礼品￥143/人,泡泡玛特POPMART | 5F | 🌟🌟🎉⭐🎉4.8 | 杂货礼品￥143/人 | POP MART | 泡泡玛特款式多，商场特别大 | 1,ocr/input_videos\上海__正大广场__20260826.mp4
OBS-000855,正大广场,THE GUNDAM BASE 高达基地,THEGUNDAMBASE高达基地,杂货礼品,4.8,224,5F,rated,True,,rated,parsed,rating_anchor,0.9566,0.9542,60,8868,151.202,5F | 杂货礼品￥224/人 | ★★★★★ | 4.8,THE GUNDAM BASE 高达基地 | 5F | 杂货礼品￥224/人 | ★★★★★ | 4.8 | 点评榜单 | 陆家嘴商圈杂货礼品好评榜第3名 | 男人至死是少年” | 高达基地，,ocr/input_videos\上海__正大广场__20260826.mp4
OBS-000856,正大广场,丝芙兰Sephora,丝芙兰Sephora,化妆品,3.7,500,1F,rated,True,,rated,parsed,rating_anchor,0.9751,0.9993,67,8892,151.611,"1F,2F | 3.7化妆品￥500/人","丝芙兰Sephora | 1F,2F | 3.7化妆品￥500/人 | SEPHORA | 丝芙兰 | 妆感超绝，618必买！ | 39",ocr/input_videos\上海__正大广场__20260826.mp4
OBS-000857,正大广场,Saucony索康尼,Saucony索康尼,运动户外,3.7,1451,4F,rated,True,,rated,parsed,rating_anchor,0.982,0.9991,55,8892,151.611,🌟3.7 | 4F | 运动户外￥1451/人,Saucony索康尼 | 🌟3.7 | 4F | 运动户外￥1451/人 | saucony | 00 | 服务贴心不推销，缓震稳定效果好”,ocr/input_videos\上海__正大广场__20260826.mp4
OBS-000858,正大广场,TOYSRUS玩具反斗城,TOYSRUS玩具反斗城,杂货礼品,4.8,193,6F,rated,True,,rated,parsed,rating_anchor,0.9948,0.9988,57,8892,151.611,🌟🌟🌟🌟🌟 | 6F | 杂货礼品 | ￥193/人 | 4.8,TOYSRUS玩具反斗城 | 🌟🌟🌟🌟🌟 | 6F | 杂货礼品 | ￥193/人 | 4.8 | 点评榜单 | 陆家嘴商圈杂货礼品好评榜第4名 | 娃娃套装可喝水尿尿，价格实惠 | ￥91 | ￥100 | 19.9折 | 惠 | 【玩具反斗城|暑期..,ocr/input_videos\上海__正大广场__20260826.mp4
OBS-000859,正大广场,泡泡玛特POPMART,泡泡玛特POPMART,杂货礼品,4.8,143,5F,rated,True,,rated,parsed,rating_anchor,0.9846,0.9988,51,8892,151.611,⭐🌟🎉⭐4.8 | 5F | 杂货礼品￥143/人,泡泡玛特POPMART | ⭐🌟🎉⭐4.8 | 5F | 杂货礼品￥143/人 | POP MART | “泡泡玛特款式多，商场特别”,ocr/input_videos\上海__正大广场__20260826.mp4
OBS-000860,正大广场,THEGUNDAM BASE高达基地,THEGUNDAMBASE高达基地,品,4.8,224,5F,rated,True,,rated,parsed,rating_anchor,0.9271,0.9591,55,8892,151.611,5F | 品￥224/人 | 🌟🌟🌟🌟🌟 | 杂货礼品 | 4.8,THEGUNDAM BASE高达基地 | BASE | 5F | 品￥224/人 | 🌟🌟🌟🌟🌟 | 杂货礼品 | 4.8 | 中 | 点评榜单 | 陆家嘴商圈杂货礼品好评榜第3名 | DaTSJ-S | 高达基地，男人至死是少年 | “,ocr/input_videos\上海__正大广场__20260826.mp4
OBS-000861,正大广场,FLOWER PLUS鲜花,FLOWERPLUS鲜花,花店,4.6,291,,rated,True,,rated,parsed,rating_anchor,0.9448,0.9633,54,8892,151.611,1E | 4.6花店￥291/人,FLOWER PLUS鲜花 | 1E | 4.6花店￥291/人,ocr/input_videos\上海__正大广场__20260826.mp4
OBS-000862,正大广场,丝芙兰Sephora,丝芙兰Sephora,化妆品,3.7,500,1F,rated,True,,rated,parsed,rating_anchor,0.9758,0.9993,64,8904,151.816,"1F,2F | 3.7化妆品￥500/人","丝芙兰Sephora | 1F,2F | 3.7化妆品￥500/人 | SEPHORA | 丝芙兰 | 妆感超绝，618必买！ | 35",ocr/input_videos\上海__正大广场__20260826.mp4
OBS-000863,正大广场,Saucony索康尼,Saucony索康尼,运动户外,3.7,1451,4F,rated,True,,rated,parsed,rating_anchor,0.9851,0.9991,63,8904,151.816,🌟🌟⭐🌟⭐ | 3.7运动户外￥1451/人 | 4F,Saucony索康尼 | 🌟🌟⭐🌟⭐ | 3.7运动户外￥1451/人 | 4F | saucony | mm | “服务贴心不推销，缓震稳定效果好”,ocr/input_videos\上海__正大广场__20260826.mp4
OBS-000864,正大广场,TOYSRUS玩具反斗城,TOYSRUS玩具反斗城,杂货礼品,4.8,193,6F,rated,True,,rated,parsed,rating_anchor,0.9935,0.9996,50,8904,151.816,6F | ★★★★★ | 杂货礼品 | ￥193/人 | 4.8,TOYSRUS玩具反斗城 | ToysAos | 6F | ★★★★★ | 杂货礼品 | ￥193/人 | 4.8 | 点评榜单 | 陆家嘴商圈杂货礼品好评榜第4名 | 娃娃套装可喝水尿尿，价格实惠 | 53 | ￥100 | 9.9折 | ￥91 | 惠 | 【玩具反斗城|暑期..,ocr/input_videos\上海__正大广场__20260826.mp4
OBS-000865,正大广场,泡泡玛特POPMART,泡泡玛特POPMART,杂货礼品,4.8,143,5F,rated,True,,rated,parsed,rating_anchor,0.9778,0.9991,51,8904,151.816,5F | 🌟⭐🎉4.8 | 杂货礼品￥143/人,泡泡玛特POPMART | 5F | 🌟⭐🎉4.8 | 杂货礼品￥143/人 | POP MART | 泡泡玛特款式多，商场特别大,ocr/input_videos\上海__正大广场__20260826.mp4
OBS-000866,正大广场,THE GUNDAM BASE 高达基地,THEGUNDAMBASE高达基地,杂货礼品,4.8,224,5F,rated,True,,rated,parsed,rating_anchor,0.959,0.9537,54,8904,151.816,4.8杂货礼品￥224/人 | 5F,THE GUNDAM BASE 高达基地 | BASE | 州 | 4.8杂货礼品￥224/人 | 5F | 点评榜单 | 陆家嘴商圈杂货礼品好评榜第3名 | CDaTUJ | 高达基地，男人至死是少年”,ocr/input_videos\上海__正大广场__20260826.mp4
OBS-000867,正大广场,FLOWER PLUS鲜花,FLOWERPLUS鲜花,花店,4.6,291,1F,rated,True,,rated,parsed,rating_anchor,0.9696,0.9725,51,8904,151.816,4.6花店￥291/人 | ★🌟★★★ | 1F,FLOWER PLUS鲜花 | 4.6花店￥291/人 | ★🌟★★★ | 1F,ocr/input_videos\上海__正大广场__20260826.mp4
OBS-000868,正大广场,TOYSRUS玩具反斗城,TOYSRUS玩具反斗城,杂货礼品,,193,6F,unknown,True,,ocr_missing,parsed,metadata_anchor,0.9991,0.9993,53,9000,153.452,🌟🌟⭐🌟🌟 | 6F | 杂货礼品 | ￥193/人 | 14.8,TOYSRUS玩具反斗城 | 🌟🌟⭐🌟🌟 | 6F | 杂货礼品 | ￥193/人 | 14.8 | 点评榜单 | 陆家嘴商圈杂货礼品好评榜第4名 | 娃娃套装可喝水尿尿，价格实惠 | ￥91 | ￥100 | 9.9折 | 惠 | 【玩具反斗城|暑期...,ocr/input_videos\上海__正大广场__20260826.mp4
OBS-000869,正大广场,泡泡玛特POPMART,泡泡玛特POPMART,杂货礼品,4.8,143,5F,rated,True,,rated,parsed,rating_anchor,0.9982,0.9988,51,9000,153.452,5F | ⭐🌟⭐★⭐4.8 | 杂货礼品 | ￥143/人,泡泡玛特POPMART | 5F | ⭐🌟⭐★⭐4.8 | 杂货礼品 | ￥143/人 | POP MART | “泡泡玛特款式多，商场特别”,ocr/input_videos\上海__正大广场__20260826.mp4
OBS-000870,正大广场,THE GUNDAM BASE 高达基地,THEGUNDAMBASE高达基地,杂货礼品,4.8,224,5F,rated,True,,rated,parsed,rating_anchor,0.9656,0.9429,56,9000,153.452,5F | 🌟🌟⭐⭐🌟 | 杂货礼品 | ￥224/人 | 4.8,THE GUNDAM BASE 高达基地 | BASE | 5F | 🌟🌟⭐⭐🌟 | 杂货礼品 | ￥224/人 | 4.8 | 点评榜单 | 陆家嘴商圈杂货礼品好评榜第3名 | 高达基地，男人至死是少年 | “,ocr/input_videos\上海__正大广场__20260826.mp4
OBS-000871,正大广场,FLOWER PLUS鲜花,FLOWERPLUS鲜花,花店,4.6,291,1F,rated,True,,rated,parsed,rating_anchor,0.9705,0.9891,54,9000,153.452,1F | 🌟🌟🌟🌟🌟 | 花店￥291/人 | 4.6,FLOWER PLUS鲜花 | 1F | 🌟🌟🌟🌟🌟 | 花店￥291/人 | 4.6 | 满屋鲜花香气，搭配艺术感十”,ocr/input_videos\上海__正大广场__20260826.mp4
OBS-000872,正大广场,VIEAING,VIEAING,服装,3.9,,3F,rated,True,,rated,parsed,rating_anchor,0.9975,0.9967,52,9000,153.452,3.9服装 | 3F | 🌟🌟🌟🌟🌟,"VIEAING | 3.9服装 | 3F | 🌟🌟🌟🌟🌟 | ITUNIG | 博业 | BA,EBE",ocr/input_videos\上海__正大广场__20260826.mp4
OBS-000873,正大广场,TOYSRUS玩具反斗城,TOYSRUS玩具反斗城,杂货礼品,4.8,193,6F,rated,True,,rated,parsed,rating_anchor,0.999,0.9994,51,9048,154.271,6F | 🌟🌟🌟🌟🌟 | 杂货礼品 | ￥193/人 | 4.8,TOYSRUS玩具反斗城 | 6F | 🌟🌟🌟🌟🌟 | 杂货礼品 | ￥193/人 | 4.8 | 点评榜单 | 陆家嘴商圈杂货礼品好评榜第4名 | 娃娃套装可喝水尿尿，价格实惠 | 5 | ￥100 | ￥91 | 9.9折 | 惠 | 【玩具反斗城|暑期...,ocr/input_videos\上海__正大广场__20260826.mp4
OBS-000874,正大广场,泡泡玛特POPMART,泡泡玛特POPMART,杂货礼品,4.8,143,5F,rated,True,,rated,parsed,rating_anchor,0.9956,0.9991,51,9048,154.271,⭐🌟★⭐🎉4.8 | 5F | 杂货礼品 | ￥143/人,泡泡玛特POPMART | ⭐🌟★⭐🎉4.8 | 5F | 杂货礼品 | ￥143/人 | POP MART | “泡泡玛特款式多，商场特别大”,ocr/input_videos\上海__正大广场__20260826.mp4
OBS-000875,正大广场,THE GUNDAM BASE 高达基地,THEGUNDAMBASE高达基地,杂货礼品,4.8,224,5F,rated,True,,rated,parsed,rating_anchor,0.971,0.9474,56,9048,154.271,5F | 🌟🌟⭐⭐🌟 | 杂货礼品 | ￥224/人 | 4.8,THE GUNDAM BASE 高达基地 | BASE | 5F | 🌟🌟⭐⭐🌟 | 杂货礼品 | ￥224/人 | 4.8 | 点评榜单 | 陆家嘴商圈杂货礼品好评榜第3名 | 高达基地，男人至死是少年 | “,ocr/input_videos\上海__正大广场__20260826.mp4
OBS-000876,正大广场,FLOWER PLUS鲜花,FLOWERPLUS鲜花,花店,4.6,291,1F,rated,True,,rated,parsed,rating_anchor,0.965,0.9845,54,9048,154.271,1F | ★★★★ | 花店￥291/人 | 4.6,FLOWER PLUS鲜花 | 1F | ★★★★ | 花店￥291/人 | 4.6 | 满屋鲜花香气，搭配艺术感十足”,ocr/input_videos\上海__正大广场__20260826.mp4
OBS-000877,正大广场,VIEAING,VIEAING,服装,3.9,,3F,rated,True,,rated,parsed,rating_anchor,0.9976,0.9968,52,9048,154.271,3.9服装 | 3F | 🌟🌟🌟🌟🌟,VIEAING | 3.9服装 | 3F | 🌟🌟🌟🌟🌟 | TUNMG | 0博 | 1LNIB | THE BERRY | SIANGHA | THE BERRY,ocr/input_videos\上海__正大广场__20260826.mp4
OBS-000878,正大广场,泡泡玛特POPMART,泡泡玛特POPMART,杂货礼品,4.8,143,5F,rated,True,,rated,parsed,rating_anchor,0.9747,0.9986,48,9084,154.885,5F | 🌟★★★4.8 | 杂货礼品￥143/人,泡泡玛特POPMART | 5F | 🌟★★★4.8 | 杂货礼品￥143/人 | POP MART | 泡泡玛特款式多，商场特别大 | 1,ocr/input_videos\上海__正大广场__20260826.mp4
OBS-000879,正大广场,THE GUNDAM BASE 高达基地,THEGUNDAMBASE高达基地,杂货礼品,4.8,224,5F,rated,True,,rated,parsed,rating_anchor,0.9634,0.9651,54,9084,154.885,5F | 杂货礼品￥224/人 | ★🌟★★★ | 4.8,THE GUNDAM BASE 高达基地 | BASE | 武 | 5F | 杂货礼品￥224/人 | ★🌟★★★ | 4.8 | 点评榜单 | 陆家嘴商圈杂货礼品好评榜第3名 | 高达基地，男人至死是少年 | 9 | G,ocr/input_videos\上海__正大广场__20260826.mp4
OBS-000880,正大广场,FLOWER PLUS鲜花,FLOWERPLUS鲜花,花店,4.6,291,1F,rated,True,,rated,parsed,rating_anchor,0.9612,0.9668,54,9084,154.885,⭐🌟🌟⭐🌟 | 花店￥291/人 | 1F | 4.6,FLOWER PLUS鲜花 | ⭐🌟🌟⭐🌟 | 花店￥291/人 | 1F | 4.6 | 满屋鲜花香气， | 搭配艺术感十足 | C,ocr/input_videos\上海__正大广场__20260826.mp4
OBS-000881,正大广场,VIEAING,VIEAING,服装,3.9,,3F,rated,True,,rated,parsed,rating_anchor,0.9986,0.9975,46,9084,154.885,服装 | 3F | 🌟🌟🌟🌟🌟 | 3.9,VIEAING | 服装 | 3F | 🌟🌟🌟🌟🌟 | 3.9 | IIANG,ocr/input_videos\上海__正大广场__20260826.mp4
OBS-000882,正大广场,THE BERRY,THEBERRY,特调酒吧,4.3,194,9F,rated,True,,rated,parsed,rating_anchor,0.9483,0.98,48,9084,154.885,9F | ⭐🌟🌟⭐ | 特调酒吧￥194/人 | 4.3 | ★,THE BERRY | SIANGIIAI | THE BERRY | 9F | ⭐🌟🌟⭐ | 特调酒吧￥194/人 | 4.3 | ★ | 浦东新区清吧销量榜第1名 | 休息中 | 氛围和谐有音乐，夜景打卡好去处” | ≤ | ￥288￥376打卡必点|鸡尾酒微醺套.. | 惠,ocr/input_videos\上海__正大广场__20260826.mp4
OBS-000883,正大广场,FLOWER PLUS鲜花,FLOWERPLUS鲜花,花店,4.6,291,1F,rated,True,,rated,parsed,rating_anchor,0.9637,0.9633,55,9132,155.703,1F | 4.6花店￥291/人 | 🌟🌟🌟🎉🌟,FLOWER PLUS鲜花 | 1F | 4.6花店￥291/人 | 🌟🌟🌟🎉🌟 | 满屋鲜花香气，搭配艺术感十”,ocr/input_videos\上海__正大广场__20260826.mp4
OBS-000884,正大广场,VIEAING,VIEAING,服装,3.9,,3F,rated,True,,rated,parsed,rating_anchor,0.9972,0.9971,52,9132,155.703,3.9服装 | 3F | 🌟🌟🌟🌟⭐,VIEAING | 3.9服装 | 3F | 🌟🌟🌟🌟⭐ | 16NG,ocr/input_videos\上海__正大广场__20260826.mp4
OBS-000885,正大广场,THE BERRY,THEBERRY,特调酒吧,4.3,194,9F,rated,True,,rated,parsed,rating_anchor,0.9751,0.9848,51,9132,155.703,9F | 🌟🌟⭐⭐ | 4.3 | 特调酒吧￥194/人 | ★,THE BERRY | SHANGHAI | THE BERRY | 9F | 🌟🌟⭐⭐ | 4.3 | 特调酒吧￥194/人 | ★ | 浦东新区清吧销量榜第1名 | 休息中 | 氛围和谐有音乐，夜景打卡好去处” | ￥288￥376打卡必点|鸡尾酒微醺套.. | 惠,ocr/input_videos\上海__正大广场__20260826.mp4
OBS-000886,正大广场,eat n work露台餐吧,eatnwork露台餐吧,特调酒吧,4.1,158,9F,rated,True,,rated,parsed,rating_anchor,0.9687,0.9684,57,9132,155.703,4.1特调酒吧￥158/人 | 9F | 🌟🌟🌟⭐ | ★,eat n work露台餐吧 | 4.1特调酒吧￥158/人 | 9F | 🌟🌟🌟⭐ | ★ | 2025酒吧指南 | 氛围好有音乐，江景窗边体验佳” | ￥38￥78经典鸡尾酒套餐 | 惠,ocr/input_videos\上海__正大广场__20260826.mp4
OBS-000887,正大广场,ROG玩家国度,ROG玩家国度,数码产品,4.8,15035,5F,rated,True,,rated,parsed,rating_anchor,0.9868,0.9989,57,9132,155.703,🌟🌟🌟4.8 | 5F | 数码产品￥15035/人,ROG玩家国度 | 20 | 🌟🌟🌟4.8 | 5F | 数码产品￥15035/人 | AMNIVERSARY | 科技感十足，送人有排面！ | 【电脑清灰】ROG笔记本.. | ￥169￥199 | 惠,ocr/input_videos\上海__正大广场__20260826.mp4
OBS-000888,正大广场,THE BERRY,THEBERRY,特调酒吧,4.3,194,9F,rated,True,,rated,parsed,rating_anchor,0.9779,0.9903,49,9216,157.135,🌟🌟💥🌟 | 9F | 特调酒吧￥194/人 | 4.3,THE BERRY | SIANGHAI | THE BERRY | 🌟🌟💥🌟 | 9F | 特调酒吧￥194/人 | 4.3 | 浦东新区清吧销量榜第1名 | 休息中 | 氛围和谐有音乐，夜景打卡好去处” | ￥288￥376打卡必点|鸡尾酒微醺套. | 惠,ocr/input_videos\上海__正大广场__20260826.mp4
OBS-000889,正大广场,eat n work露台餐吧,eatnwork露台餐吧,特调酒吧,4.1,158,9F,rated,True,,rated,parsed,rating_anchor,0.9686,0.9813,57,9216,157.135,9F | ★🌟★ | 4.1特调酒吧￥158/人,eat n work露台餐吧 | 9F | ★🌟★ | 4.1特调酒吧￥158/人 | 2025酒吧指南 | 氛围好有音乐，江景窗边体验佳” | ￥38￥78经典鸡尾酒套餐 | 惠,ocr/input_videos\上海__正大广场__20260826.mp4
OBS-000890,正大广场,ROG玩家国度,ROG玩家国度,数码产品,4.8,15035,5F,rated,True,,rated,parsed,rating_anchor,0.9867,0.9988,57,9216,157.135,🌟🌟🌟🌟🌟 | 5F | 4.8 | 数码产品￥15035/人,ROG玩家国度 | 20 | 🌟🌟🌟🌟🌟 | 5F | 4.8 | 数码产品￥15035/人 | AMNIVERSARY | 科技感十足，送人有排面！ | 53 | ￥169￥199 | 【电脑清灰】ROG笔记本... | 惠,ocr/input_videos\上海__正大广场__20260826.mp4
OBS-000891,正大广场,美旅箱包,美旅箱包,服饰鞋包,4.8,969,2F,rated,True,,rated,parsed,rating_anchor,0.9795,1.0,56,9216,157.135,4.8服饰鞋包￥969/人 | 2F,美旅箱包 | 4.8服饰鞋包￥969/人 | 2F | AMERICAN | TOURISTER | 颜值高，轮子保护套实用 | SNE33 | 51 | 惠￥1￥399单笔消费满额送收纳包,ocr/input_videos\上海__正大广场__20260826.mp4
OBS-000892,正大广场,ARC'TERYX始祖鸟,ARC'TERYX始祖鸟,运动....,4.0,3587,商场内,rated,True,,rated,parsed,rating_anchor,0.9177,0.9914,55,9216,157.135,4.0运动.... | 🌟🌟🌟⭐🌟 | ￥3587/人商场内,ARC'TERYX始祖鸟 | 4.0运动.... | 🌟🌟🌟⭐🌟 | ￥3587/人商场内,ocr/input_videos\上海__正大广场__20260826.mp4
OBS-000893,正大广场,eatn work露台餐吧,eatnwork露台餐吧,特调酒吧,4.1,158,9F,rated,True,,rated,parsed,rating_anchor,0.9932,0.9873,54,9228,157.34,🌟🌟🎉🌟 | 9F | ￥158/人 | 4.1 | 特调酒吧 | ★,eatn work露台餐吧 | 🌟🌟🎉🌟 | 9F | ￥158/人 | 4.1 | 特调酒吧 | ★ | 2025酒吧指南 | 江景窗边体验佳 | 氛围好有音乐， | ￥38￥78经典鸡尾酒套餐 | 惠,ocr/input_videos\上海__正大广场__20260826.mp4
OBS-000894,正大广场,ROG玩家国度,ROG玩家国度,数码产品,4.8,15035,5F,rated,True,,rated,parsed,rating_anchor,0.9848,0.9991,51,9228,157.34,★🌟🌟🌟🌟 | 5F | 数码产品￥15035/人 | 4.8,ROG玩家国度 | 20 | ★🌟🌟🌟🌟 | 5F | 数码产品￥15035/人 | 4.8 | AMNIVERSARY | 3 | 科技感十足，送人有排面！ | 【电脑清灰】ROG笔记本... | ￥169￥199 | 惠,ocr/input_videos\上海__正大广场__20260826.mp4
OBS-000895,正大广场,美旅箱包,美旅箱包,服饰鞋包,4.8,969,2F,rated,True,,rated,parsed,rating_anchor,0.9985,1.0,56,9228,157.34,2F | ★★★★★ | 4.8服饰鞋包 | ￥969/人,美旅箱包 | 2F | ★★★★★ | 4.8服饰鞋包 | ￥969/人 | AMERICAN | TOURISTER | 颜值高，轮子保护套实用 | SME | ￥1￥399 | 惠 | 单笔消费满额送收纳包,ocr/input_videos\上海__正大广场__20260826.mp4
OBS-000896,正大广场,ARC'TERYX始祖鸟,ARC'TERYX始祖鸟,运动....,4.0,3587,商场内,rated,True,,rated,parsed,rating_anchor,0.8843,0.989,51,9228,157.34,⭐🌟⭐⭐⭐ | 运动.... | 4.0 | ￥3587/人商场内,ARC'TERYX始祖鸟 | ⭐🌟⭐⭐⭐ | 运动.... | 4.0 | ￥3587/人商场内 | “门店环境宽敞，服务亲切不推销 | ARC'TERYX,ocr/input_videos\上海__正大广场__20260826.mp4
OBS-000897,正大广场,爱回收·手机回收维修,爱回收·手机回收维修,手机维修,3.6,1052,3F,rated,True,,rated,parsed,rating_anchor,0.9801,0.9943,54,9228,157.34,3.6手机维修￥1052/人 | 3F,爱回收·手机回收维修 | M | 3.6手机维修￥1052/人 | 3F | 爱回收 | 换屏效果一模一样，服务态度很好 | 维修 | 手机回收 | 宗日,ocr/input_videos\上海__正大广场__20260826.mp4
OBS-000898,正大广场,ROG玩家国度,ROG玩家国度,数码产品,4.8,15035,5F,rated,True,,rated,parsed,rating_anchor,0.9842,0.9991,51,9276,158.158,🌟🌟⭐⭐🌟 | 5F | 数码产品￥15035/人 | 4.8,ROG玩家国度 | 20 | 🌟🌟⭐⭐🌟 | 5F | 数码产品￥15035/人 | 4.8 | AMNIVERSARY | 科技感十足，送人有排面！ | 53 | ￥169￥199 | 【电脑清灰】ROG笔记本... | 惠,ocr/input_videos\上海__正大广场__20260826.mp4
OBS-000899,正大广场,美旅箱包,美旅箱包,服饰鞋包,4.8,969,2F,rated,True,,rated,parsed,rating_anchor,0.9604,1.0,56,9276,158.158,2F | ￥969/人 | ⭐4.8服饰鞋包,美旅箱包 | 2F | ￥969/人 | ⭐4.8服饰鞋包 | AMERICAN | TOURISTER | 4133 | 颜值高，轮子保护套实用 | ￥1￥399单笔消费满额送收纳包 | 惠,ocr/input_videos\上海__正大广场__20260826.mp4
OBS-000900,正大广场,ARC'TERYX始祖鸟,ARC'TERYX始祖鸟,运动...,4.0,3587,商场内,rated,True,,rated,parsed,rating_anchor,0.8884,0.9935,54,9276,158.158,🌟🌟⭐⭐⭐ | ￥3587/人商场内 | 运动... | 4.0,ARC'TERYX始祖鸟 | 🌟🌟⭐⭐⭐ | ￥3587/人商场内 | 运动... | 4.0 | “门店环境宽敬，服务亲切不推销 | ARC'TERYX,ocr/input_videos\上海__正大广场__20260826.mp4
OBS-000901,正大广场,爱回收·手机回收维修,爱回收·手机回收维修,手机维修,3.6,1052,3F,rated,True,,rated,parsed,rating_anchor,0.987,0.9951,54,9276,158.158,🌟⭐🌟3.6 | 3F | 手机维修￥1052/人,爱回收·手机回收维修 | 🌟⭐🌟3.6 | 3F | 手机维修￥1052/人 | 爱回收 | 换屏效果一模一样，服务态度很好 | 手机回收维修,ocr/input_videos\上海__正大广场__20260826.mp4
OBS-000902,正大广场,MUJI无印良品,MUJI无印良品,箱包,4.8,143,3F,rated,True,,rated,parsed,rating_anchor,0.9768,0.9973,52,9276,158.158,3F | 🌟🌟🌟🌟🌟 | 4.8箱包￥143/人,MUJI无印良品 | 3F | 🌟🌟🌟🌟🌟 | 4.8箱包￥143/人 | MUJI | 点评榜单 | 無印良品 | 陆家嘴商圈服饰鞋包好评榜第2名 | 种类巨多，香薰体验失望 | 2,ocr/input_videos\上海__正大广场__20260826.mp4
OBS-000903,正大广场,李宁,李宁,运动户外,,7,,unknown,True,,ocr_missing,parsed,metadata_anchor,0.8012,0.9991,63,9276,158.158,48运动户外￥7/人 | 4E,李宁 | 48运动户外￥7/人 | 4E,ocr/input_videos\上海__正大广场__20260826.mp4
OBS-000904,正大广场,ROG玩家国度,ROG玩家国度,数码产品,4.8,15035,5F,rated,True,,rated,parsed,rating_anchor,0.9829,0.9996,52,9288,158.363,🌟🌟⭐⭐🌟 | 5F | 数码产品￥15035/人 | 4.8,ROG玩家国度 | 20 | 🌟🌟⭐⭐🌟 | 5F | 数码产品￥15035/人 | 4.8 | AMNIVERSARY | 科技感十足，送人有排面！ | ￥169￥199 | 【电脑清灰】ROG笔记本.. | 惠,ocr/input_videos\上海__正大广场__20260826.mp4
OBS-000905,正大广场,美旅箱包,美旅箱包,服饰鞋包,4.8,969,2F,rated,True,,rated,parsed,rating_anchor,0.9574,1.0,56,9288,158.363,⭐⭐4.8服饰鞋包 | 2F | ￥969/人,美旅箱包 | ⭐⭐4.8服饰鞋包 | 2F | ￥969/人 | AMERICAN | TOURISTER | 8INCE7733 | 颜值高，轮子保护套实用 | 惠￥1￥399单笔消费满额送收纳包,ocr/input_videos\上海__正大广场__20260826.mp4
OBS-000906,正大广场,ARC'TERYX始祖鸟,ARC'TERYX始祖鸟,运动...,4.0,3587,商场内,rated,True,,rated,parsed,rating_anchor,0.8919,0.9909,58,9288,158.363,🌟🌟⭐🌟🌟 | 运动... | ￥3587/人商场内 | 4.0,ARC'TERYX始祖鸟 | 🌟🌟⭐🌟🌟 | 运动... | ￥3587/人商场内 | 4.0 | “门店环境宽敬，服务亲切不推销 | ARC'TERYX,ocr/input_videos\上海__正大广场__20260826.mp4
OBS-000907,正大广场,爱回收·手机回收维修,爱回收·手机回收维修,手机维修,3.6,1052,3F,rated,True,,rated,parsed,rating_anchor,0.9772,0.9924,54,9288,158.363,3.6手机维修￥1052/人 | 3F,爱回收·手机回收维修 | 3.6手机维修￥1052/人 | 3F | 爱回收 | 换屏效果一模一样，服务态度很好 | 手机回收维修,ocr/input_videos\上海__正大广场__20260826.mp4
OBS-000908,正大广场,MUJI无印良品,MUJI无印良品,箱包,4.8,143,3F,rated,True,,rated,parsed,rating_anchor,0.9731,0.9984,51,9288,158.363,🌟🌟🎉🌟🌟 | 3F | 箱包￥143/人 | 4.8,MUJI无印良品 | 🌟🌟🎉🌟🌟 | 3F | 箱包￥143/人 | MUJI | 4.8 | 無印良品 | 点评榜单 | 陆家嘴商圈服饰鞋包好评榜第2名 | 种类巨多，香薰体验失望 | 33,ocr/input_videos\上海__正大广场__20260826.mp4
OBS-000909,正大广场,李宁,李宁,运动户外,,737,,unknown,True,,ocr_missing,parsed,metadata_anchor,0.9293,0.9996,58,9288,158.363,4E | 48运动户外￥737/人 | A田I,李宁 | 4E | 48运动户外￥737/人 | A田I,ocr/input_videos\上海__正大广场__20260826.mp4
OBS-000910,正大广场,ARC'TERYX始祖鸟,ARC'TERYX始祖鸟,3587/商场内,4.0,,商场内,rated,True,,rated,parsed,rating_anchor,0.9811,0.9886,58,9360,159.59,⭐🎉🎉🎉⭐4.0 | 运动... | ￥3587/商场内,ARC'TERYX始祖鸟 | ⭐🎉🎉🎉⭐4.0 | 运动... | ￥3587/商场内 | “门店环境宽，服务亲切不推销 | ARC'TERYX,ocr/input_videos\上海__正大广场__20260826.mp4
OBS-000911,正大广场,爱回收·手机回收维修,爱回收·手机回收维修,手机维修,3.6,1052,3F,rated,True,,rated,parsed,rating_anchor,0.9841,0.9935,50,9360,159.59,3F | 🌟🌟🌟⭐3.6 | 手机维修￥1052/人,爱回收·手机回收维修 | 3F | 🌟🌟🌟⭐3.6 | 手机维修￥1052/人 | 爱回收 | 换屏效果一模一样，服务态度很好 | 维修 | 手机回收,ocr/input_videos\上海__正大广场__20260826.mp4
OBS-000912,正大广场,MUJI无印良品,MUJI无印良品,箱包,4.8,143,3F,rated,True,,rated,parsed,rating_anchor,0.9743,0.9964,56,9360,159.59,3F | 4.8箱包￥143/人,MUJI无印良品 | 3F | 4.8箱包￥143/人 | MUJI | 点评榜单 | 無印良品 | 陆家嘴商圈服饰鞋包好评榜第2名 | 种类巨多，香薰体验失望 | 2,ocr/input_videos\上海__正大广场__20260826.mp4
OBS-000913,正大广场,李宁,李宁,运动户外,4.8,737,4F,rated,True,,rated,parsed,rating_anchor,0.9617,0.9989,65,9360,159.59,4.8运动户外￥737/人 | 4F,李宁 | 4.8运动户外￥737/人 | 4F | LI-NING | 点评榜单 | 陆家嘴商圈运动户外好评榜第3名 | 店面宽敞明亮，运动鞋设计时尚” | ￥540￥600 | 惠 | 【开学季】 | 540团600折上...,ocr/input_videos\上海__正大广场__20260826.mp4
OBS-000914,正大广场,URBAN REVIVO,URBANREVIVO,服饰鞋包,4.8,689,3F,rated,True,,rated,parsed,rating_anchor,0.9736,0.9782,41,9360,159.59,🌟4.8 | 3F | 服饰鞋包￥689/人,URBAN REVIVO | UR | 🌟4.8 | 3F | 服饰鞋包￥689/人 | 点评榜单 | 陆家嘴商圈服饰鞋包热门榜第7名 | URBAN REVIVO | 拍大头贴超有趣，还有电子版live图 | 3,ocr/input_videos\上海__正大广场__20260826.mp4
OBS-000915,正大广场,eatnwork·江景宴会厅,eatnwork·江景宴会厅,酒店婚宴/...,4.0,742,10F,rated,True,,rated,parsed,rating_anchor,0.9345,0.9857,54,9360,159.59,🌟🌟🌟🌟 | ￥742/人10F | 酒店婚宴/... | 4.0 | ★,eatnwork·江景宴会厅 | 🌟🌟🌟🌟 | ￥742/人10F | 酒店婚宴/... | 4.0 | ★,ocr/input_videos\上海__正大广场__20260826.mp4
OBS-000916,正大广场,爱回收·手机回收维修,爱回收·手机回收维修,手机维修,3.6,1052,3F,rated,True,,rated,parsed,rating_anchor,0.9786,0.9944,51,9384,160.0,3.6手机维修￥1052/人 | 3F,爱回收·手机回收维修 | 3.6手机维修￥1052/人 | 3F | 爱回收 | “换屏效果一模一样，服务态度很好 | 维修 | 手机回收,ocr/input_videos\上海__正大广场__20260826.mp4
OBS-000917,正大广场,MUJI无印良品,MUJI无印良品,箱包,4.8,143,3F,rated,True,,rated,parsed,rating_anchor,0.9707,0.998,51,9384,160.0,🌟🌟🌟🌟🌟 | 3F | 箱包￥143/人 | 】4.8,MUJI无印良品 | 🌟🌟🌟🌟🌟 | 3F | 箱包￥143/人 | 】4.8 | MUJI | 点评榜单 | 無印良品 | 陆家嘴商圈服饰鞋包好评榜第2名 | 种类巨多，香薰体验失望,ocr/input_videos\上海__正大广场__20260826.mp4
OBS-000918,正大广场,李宁,李宁,运动户外,4.8,737,4F,rated,True,,rated,parsed,rating_anchor,0.9811,0.9994,62,9384,160.0,4F | 4.8运动户外￥737/人,李宁 | 4F | 4.8运动户外￥737/人 | 点评榜单 | LI-NING | 陆家嘴商圈运动户外好评榜第3名 | 店面宽敬明亮，运动鞋设计时尚 | S | 5 | ￥540￥600 | 【开学季】540团600折上... | 惠,ocr/input_videos\上海__正大广场__20260826.mp4
OBS-000919,正大广场,URBAN REVIVO,URBANREVIVO,服饰鞋包,4.8,689,3F,rated,True,,rated,parsed,rating_anchor,0.9661,0.9669,46,9384,160.0,3F | 🌟🌟🌟🌟🌟 | 服饰鞋包￥689/人 | 4.8,URBAN REVIVO | UR | 3F | 🌟🌟🌟🌟🌟 | 服饰鞋包￥689/人 | 4.8 | 点评榜单 | 陆家嘴商圈服饰鞋包热门榜第7名 | URBAN REVIVO | 拍大头贴超有趣，还有电子版live图,ocr/input_videos\上海__正大广场__20260826.mp4
OBS-000920,正大广场,eatn work·江景宴会厅,eatnwork·江景宴会厅,酒店婚宴/.,4.0,742,10F,rated,True,,rated,parsed,rating_anchor,0.951,0.9564,51,9384,160.0,★★★★★ | 4.0酒店婚宴/. | ￥742/人10F,eatn work·江景宴会厅 | eat n work | ★★★★★ | 4.0酒店婚宴/. | ￥742/人10F | 落地大玻璃窗，江景美翻了 | 觉源外江 | 9模V2区,ocr/input_videos\上海__正大广场__20260826.mp4
OBS-000921,正大广场,爱回收·手机回收维修,爱回收·手机回收维修,手机维修,3.6,1052,3F,rated,True,,rated,parsed,rating_anchor,0.9804,0.9916,54,9420,160.613,3.6手机维修￥1052/人 | 3F,爱回收·手机回收维修 | 3.6手机维修￥1052/人 | 3F | 爱回收 | “换屏效果一模一样，服务态度很好 | 维修 | 手机回收,ocr/input_videos\上海__正大广场__20260826.mp4
OBS-000922,正大广场,MUJI无印良品,MUJI无印良品,箱包,4.8,143,3F,rated,True,,rated,parsed,rating_anchor,0.9714,0.998,51,9420,160.613,⭐🌟🌟🌟🌟 | 3F | 箱包￥143/人 | 4.8,MUJI无印良品 | ⭐🌟🌟🌟🌟 | 3F | 箱包￥143/人 | 4.8 | MUJI | 点评榜单 | 無印良品 | 陆家嘴商圈服饰鞋包好评榜第2名 | 种类巨多，香薰体验失望,ocr/input_videos\上海__正大广场__20260826.mp4
OBS-000923,正大广场,李宁,李宁,运动户外,4.8,737,4F,rated,True,,rated,parsed,rating_anchor,0.963,0.9993,65,9420,160.613,4F | ⭐4.8运动户外￥737/人,李宁 | 4F | ⭐4.8运动户外￥737/人 | LI-NING | 点评榜单 | 陆家嘴商圈运动户外好评榜第3名 | 店面宽敬明亮，运动鞋设计时尚 | 5 | C | ￥540￥600 | 【开学季】540团600折上... | 惠,ocr/input_videos\上海__正大广场__20260826.mp4
OBS-000924,正大广场,URBAN REVIVO,URBANREVIVO,服饰鞋包,4.8,689,3F,rated,True,,rated,parsed,rating_anchor,0.9777,0.9851,44,9420,160.613,3F | 🌟🌟🌟🌟🌟 | 服饰鞋包￥689/人 | 4.8,URBAN REVIVO | UR | 3F | 🌟🌟🌟🌟🌟 | 服饰鞋包￥689/人 | 4.8 | 点评榜单 | 陆家嘴商圈服饰鞋包热门榜第7名 | URBAN REVIVO | 拍大头贴超有趣，还有电子版live图,ocr/input_videos\上海__正大广场__20260826.mp4
OBS-000925,正大广场,eat n work·江景宴会厅,eatnwork·江景宴会厅,酒店婚宴...,4.0,742,10F,rated,True,,rated,parsed,rating_anchor,0.9211,0.9494,54,9420,160.613,⭐🌟★⭐🌟 | 4.0酒店婚宴... | ￥742/人10F,eat n work·江景宴会厅 | eat n work | ⭐🌟★⭐🌟 | 4.0酒店婚宴... | ￥742/人10F | 落地大玻璃窗，江景美翻了 | 源外滩江家 | 9楼V2区 | 影石Insta360 | HZirata350 X6 | 拍万物，皆无界,ocr/input_videos\上海__正大广场__20260826.mp4
OBS-000926,正大广场,URBAN REVIVO,URBANREVIVO,服饰鞋包,4.8,689,3F,rated,True,,rated,parsed,rating_anchor,0.9749,0.9832,50,9456,161.227,3F | 4.8服饰鞋包￥689/人,URBAN REVIVO | UR | 3F | 4.8服饰鞋包￥689/人 | 点评榜单 | 陆家嘴商圈服饰鞋包热门榜第7名 | URBAN REVIVO | 拍大头贴超有趣，还有电子版live图 | 3 | “,ocr/input_videos\上海__正大广场__20260826.mp4
OBS-000927,正大广场,eatn work·江景宴会厅,eatnwork·江景宴会厅,酒店婚宴.,4.0,742,10F,rated,True,,rated,parsed,rating_anchor,0.9022,0.9497,55,9456,161.227,⭐⭐4.0酒店婚宴. | ￥742/人10F,eatn work·江景宴会厅 | eat n work | ⭐⭐4.0酒店婚宴. | ￥742/人10F | 落地大玻璃窗，江景美翻了” | 的款外海工顶 | 9楼V2区,ocr/input_videos\上海__正大广场__20260826.mp4
OBS-000928,正大广场,影石Insta360,影石Insta360,数码产品,4.9,2974,5F,rated,True,,rated,parsed,rating_anchor,0.9714,0.9865,52,9456,161.227,5F | 🌟🌟🌈🎉🎉4.9 | 数码产品￥2974/人,影石Insta360 | 0606133506 | 拍万物，皆无界 | 5F | 🌟🌟🌈🎉🎉4.9 | 数码产品￥2974/人 | 防抖性能出，相机轻巧好玩” | ￥129￥139影Insta360脖挂架 | 惠,ocr/input_videos\上海__正大广场__20260826.mp4
OBS-000929,正大广场,NIKE,NIKE,运动户外,4.6,1248,4F,rated,True,,rated,parsed,rating_anchor,0.9583,0.9982,55,9456,161.227,4.6运动户外￥1248/人 | 4F,NIKE | 4.6运动户外￥1248/人 | 4F | 点评榜单 | 陆家嘴商圈运动户外好评榜第5名 | T酒博 | 简约运动设计，青春活力满满 | ￥674.249.8折 | ￥800上海多品牌688... | 惠,ocr/input_videos\上海__正大广场__20260826.mp4
OBS-000930,正大广场,阿迪达斯,阿迪达斯,运动户外,4.5,879,5F,rated,True,,rated,parsed,rating_anchor,0.9672,0.9993,59,9456,161.227,4.5运动户外￥879/人 | 5F,阿迪达斯 | 4.5运动户外￥879/人 | 5F,ocr/input_videos\上海__正大广场__20260826.mp4
OBS-000931,正大广场,eatn work·江景宴会厅,eatnwork·江景宴会厅,酒店婚宴.,4.0,742,10F,rated,True,,rated,parsed,rating_anchor,0.9532,0.9573,55,9504,162.046,4.0酒店婚宴. | ￥742/人10F,eatn work·江景宴会厅 | eat n work | 4.0酒店婚宴. | ￥742/人10F | 落地大玻璃窗，江景美翻了” | 总源外江 | 9楼V2区,ocr/input_videos\上海__正大广场__20260826.mp4
OBS-000932,正大广场,影石Insta360,影石Insta360,数码产品,,2974,5F,unknown,True,,ocr_missing,parsed,metadata_anchor,0.9761,0.9887,52,9504,162.046,🌟🌟🌟🌟🌟 | 5F | 数码产品￥2974/人 | 14.9,影石Insta360 | 86613350X6 | 拍万物，皆无界 | 🌟🌟🌟🌟🌟 | 5F | 数码产品￥2974/人 | 14.9 | 防抖性能出色，相机轻巧好玩 | ￥129￥139影石Insta360脖挂支架 | 惠,ocr/input_videos\上海__正大广场__20260826.mp4
OBS-000933,正大广场,NIKE,NIKE,运动户外,4.6,1248,4F,rated,True,,rated,parsed,rating_anchor,0.9866,0.9987,51,9504,162.046,4F | 🌟🌟🎉🌟🌟 | 4.6运动户外￥1248/人,NIKE | 4F | 🌟🌟🎉🌟🌟 | 4.6运动户外￥1248/人 | 点评榜单 | 陆家嘴商圈运动户外好评榜第5名 | 丁酒博 | 简约运动设计，青春活力满满 | C | ￥800上海多品牌688... | 惠 | ￥674.249.8折,ocr/input_videos\上海__正大广场__20260826.mp4
OBS-000934,正大广场,阿迪达斯,阿迪达斯,运动户外,4.5,879,5F,rated,True,,rated,parsed,rating_anchor,0.9798,0.9995,57,9504,162.046,4.5运动户外￥879/人 | 5F,阿迪达斯 | 4.5运动户外￥879/人 | 5F,ocr/input_videos\上海__正大广场__20260826.mp4
OBS-000935,正大广场,TEENIE WEENIE,TEENIEWEENIE,月,3.9,208,2F,rated,True,,rated,parsed,rating_anchor,0.9027,0.9911,45,9504,162.046,⭐⭐3.9月 | 2F | 服装￥208/人,EENIE WENIE BE | TEENIE WEENIE | ⭐⭐3.9月 | 2F | 服装￥208/人,ocr/input_videos\上海__正大广场__20260826.mp4
OBS-000936,正大广场,PEARL DELUXE日置名媛,PEARLDELUXE日置名媛,皮肤管理,4.2,1354,7F,rated,True,,rated,parsed,rating_anchor,0.9715,0.9689,51,9504,162.046,7F | 4.2皮肤管理￥1354/人 | ★★★★,PEARL DELUXE日置名媛 | 7F | 4.2皮肤管理￥1354/人 | ★★★★ | 日置名媛,ocr/input_videos\上海__正大广场__20260826.mp4
OBS-000937,正大广场,NIKE,NIKE,运动户外,4.6,1248,4F,rated,True,,rated,parsed,rating_anchor,0.9708,0.9978,58,9576,163.273,4.6运动户外￥1248/人 | 4F,NIKE | 4.6运动户外￥1248/人 | 4F | 点评榜单 | 陆家嘴商圈运动户外好评榜第5名 | T酒博 | 简约运动设计，青春活力满满 | ￥674.249.8折 | ￥800上海多品牌688. | 惠,ocr/input_videos\上海__正大广场__20260826.mp4
OBS-000938,正大广场,阿迪达斯,阿迪达斯,运动户外,4.5,879,5F,rated,True,,rated,parsed,rating_anchor,0.979,0.9996,63,9576,163.273,4.5运动户外￥879/人 | 5F,阿迪达斯 | 4.5运动户外￥879/人 | 5F,ocr/input_videos\上海__正大广场__20260826.mp4
OBS-000939,正大广场,TEENIE WEENIE,TEENIEWEENIE,服装,3.9,208,2F,rated,True,,rated,parsed,rating_anchor,0.9712,0.9918,48,9576,163.273,3.9服装￥208/人 | 2F,EENIE WTNIE BE | TEENIE WEENIE | 3.9服装￥208/人 | 2F,ocr/input_videos\上海__正大广场__20260826.mp4
OBS-000940,正大广场,PEARL DELUXE日置名媛,PEARLDELUXE日置名媛,皮肤管理,4.2,1354,7F,rated,True,,rated,parsed,rating_anchor,0.9594,0.9525,54,9576,163.273,4.2皮肤管理￥1354/人 | 7F,PEARL DELUXE日置名媛 | 4.2皮肤管理￥1354/人 | 7F | 日置名媛 | PEARL DELUXE | 环境私密性高，美容师手法专业 | “ | ￥498 | ￥17.358.8折 | 【居家限定】骨. | 惠,ocr/input_videos\上海__正大广场__20260826.mp4
OBS-000941,正大广场,超奇妙,超奇妙,亲,,,2F,unrated,False,explicitly_unrated,unrated,parsed,unrated_anchor,0.9615,0.9996,62,9576,163.273,暂无星级亲·￥162/2F | ★★★★★,超奇妙 | 暂无星级亲·￥162/2F | ★★★★★ | 转转二手回收,ocr/input_videos\上海__正大广场__20260826.mp4
OBS-000942,正大广场,阿迪达斯,阿迪达斯,运动户外,4.5,879,5F,rated,True,,rated,parsed,rating_anchor,0.9802,0.9989,59,9624,164.092,4.5运动户外￥879/人 | 5F,阿迪达斯 | 4.5运动户外￥879/人 | 5F,ocr/input_videos\上海__正大广场__20260826.mp4
OBS-000943,正大广场,TEENIE WEENIE,TEENIEWEENIE,服装,3.9,208,2F,rated,True,,rated,parsed,rating_anchor,0.9768,0.9895,47,9624,164.092,2F | 🌟🌟🌟🌟🌟 | 服装￥208/人 | 3.9,EENIE WTYIE BE | TEENIE WEENIE | 2F | 🌟🌟🌟🌟🌟 | 服装￥208/人 | 3.9,ocr/input_videos\上海__正大广场__20260826.mp4
OBS-000944,正大广场,PEARL DELUXE日置名媛,PEARLDELUXE日置名媛,皮肤管理,4.2,1354,7F,rated,True,,rated,parsed,rating_anchor,0.9701,0.9704,58,9624,164.092,🌟🌟🌟⭐⭐ | 7F | 皮肤管理￥1354/人 | 4.2,PEARL DELUXE日置名媛 | 🌟🌟🌟⭐⭐ | 7F | 皮肤管理￥1354/人 | 4.2 | 日置名媛 | “环境私密性高，美容师手法专业” | PEARLDELUXE | ￥498 | ￥17.358.8折 | 【居家限定】骨… | 惠,ocr/input_videos\上海__正大广场__20260826.mp4
OBS-000945,正大广场,超奇妙,超奇妙,亲子,,162,2F,unrated,False,explicitly_unrated,unrated,parsed,unrated_anchor,0.9085,0.9996,61,9624,164.092,🌟🌟💥🌟 | 暂无星级 | 亲子· | ￥162/人2F,超奇妙 | 🌟🌟💥🌟 | 暂无星级 | 亲子· | ￥162/人2F,ocr/input_videos\上海__正大广场__20260826.mp4
OBS-000946,正大广场,转转二手回收,转转二手回收,手机数码回收,3.8,,3F,rated,True,,rated,parsed,rating_anchor,0.9999,0.9999,54,9624,164.092,3F | 🌟🌟⭐🌟🌟 | 手机数码回收 | 3.8,转转二手回收 | 3F | 🌟🌟⭐🌟🌟 | 手机数码回收 | 3.8 | 转转 | 暂停营业,ocr/input_videos\上海__正大广场__20260826.mp4
OBS-000947,正大广场,一撇一捺,一撇一捺,服饰鞋包,3.6,212,3F,rated,True,,rated,parsed,rating_anchor,0.9773,0.9901,64,9624,164.092,🌟🌟⭐🌟🌟 | 3F | 3.6服饰鞋包￥212/人,一撇一捺 | 🌟🌟⭐🌟🌟 | 3F | 3.6服饰鞋包￥212/人 | 一·时尚艺术珠里,ocr/input_videos\上海__正大广场__20260826.mp4
OBS-000948,正大广场,阿迪达斯,阿迪达斯,运动户外,4.5,879,5F,rated,True,,rated,parsed,rating_anchor,0.9821,0.9995,57,9636,164.296,4.5运动户外￥879/人 | 5F,阿迪达斯 | 4.5运动户外￥879/人 | 5F,ocr/input_videos\上海__正大广场__20260826.mp4
OBS-000949,正大广场,TEENIE WEENIE,TEENIEWEENIE,服装,3.9,208,2F,rated,True,,rated,parsed,rating_anchor,0.9718,0.993,45,9636,164.296,3.9服装￥208/人 | 2F,EENIE WEENIE BE | TEENIE WEENIE | 3.9服装￥208/人 | 2F,ocr/input_videos\上海__正大广场__20260826.mp4
OBS-000950,正大广场,PEARL DELUXE日置名媛,PEARLDELUXE日置名媛,皮肤管理,4.2,1354,7F,rated,True,,rated,parsed,rating_anchor,0.9703,0.9776,54,9636,164.296,7F | ★★★★★ | 皮肤管理￥1354/人 | 4.2,PEARL DELUXE日置名媛 | 7F | ★★★★★ | 皮肤管理￥1354/人 | 4.2 | 日置名媛 | “环境私密性高，美容师手法专业” | PEARL DELUXE | ￥498 | ￥17.358.8折 | 【居家限定】骨. | 惠,ocr/input_videos\上海__正大广场__20260826.mp4
OBS-000951,正大广场,超奇妙,超奇妙,亲子,,162,2F,unrated,False,explicitly_unrated,unrated,parsed,unrated_anchor,0.9459,0.9995,65,9636,164.296,★★★★★ | 暂无星级 | 亲子·￥162/人2F,超奇妙 | ★★★★★ | 暂无星级 | 亲子·￥162/人2F,ocr/input_videos\上海__正大广场__20260826.mp4
OBS-000952,正大广场,转转二手回收,转转二手回收,手机数码回收,3.8,,3F,rated,True,,rated,parsed,rating_anchor,0.9998,0.9998,59,9636,164.296,🌟🌟🌟🌟⭐3.8 | 3F | 手机数码回收,转转二手回收 | 🌟🌟🌟🌟⭐3.8 | 3F | 手机数码回收 | 转转 | 暂停营业,ocr/input_videos\上海__正大广场__20260826.mp4
OBS-000953,正大广场,一撇一捺,一撇一捺,服饰鞋包,3.6,212,3F,rated,True,,rated,parsed,rating_anchor,0.9848,0.9939,60,9636,164.296,3F | ⭐🌟⭐🌟🌟 | 3.6服饰鞋包￥212/人,一撇一捺 | 3F | ⭐🌟⭐🌟🌟 | 3.6服饰鞋包￥212/人 | 一缴一族·时尚艺术珠宝,ocr/input_videos\上海__正大广场__20260826.mp4
OBS-000954,正大广场,TEENIE WEENIE,TEENIEWEENIE,服装,3.9,208,2F,rated,True,,rated,parsed,rating_anchor,0.9753,0.9861,50,9708,165.524,2F | 🌟🌟🌟🌟🌟 | 服装￥208/人 | 3.9,TEENIE WEENIE | EENIE WFNIE BE | 2F | 🌟🌟🌟🌟🌟 | 服装￥208/人 | 3.9,ocr/input_videos\上海__正大广场__20260826.mp4
OBS-000955,正大广场,PEARL DELUXE日置名媛,PEARLDELUXE日置名媛,皮肤管理,4.2,1354,7F,rated,True,,rated,parsed,rating_anchor,0.9565,0.9463,56,9708,165.524,7F | 皮肤管理￥1354/人 | ⭐🌟★★🌟 | 4.2,PEARL DELUXE日置名媛 | 7F | 皮肤管理￥1354/人 | ⭐🌟★★🌟 | 4.2 | 日置名媛 | “环境私密性高，美容师手法专业” | PEARL DELUXE | ￥498 | ￥17.358.8折 | 【居家限定】骨 | 惠,ocr/input_videos\上海__正大广场__20260826.mp4
OBS-000956,正大广场,超奇妙,超奇妙,亲子·...,,162,2F,unrated,False,explicitly_unrated,unrated,parsed,unrated_anchor,0.885,0.9993,59,9708,165.524,暂无星级 | 亲子·… | ★★★★★ | ￥162/人2F,超奇妙 | 暂无星级 | 亲子·… | ★★★★★ | ￥162/人2F | VD,ocr/input_videos\上海__正大广场__20260826.mp4
OBS-000957,正大广场,转转二手回收,转转二手回收,手机数码回收,3.8,,3F,rated,True,,rated,parsed,rating_anchor,0.9998,0.9999,55,9708,165.524,🌟🌟🎉🌟🌟 | 3F | 手机数码回收 | 3.8,转转二手回收 | 🌟🌟🎉🌟🌟 | 3F | 手机数码回收 | 3.8 | 转转 | 暂停营业,ocr/input_videos\上海__正大广场__20260826.mp4
OBS-000958,正大广场,一撇一捺,一撇一捺,服饰鞋包,3.6,212,3F,rated,True,,rated,parsed,rating_anchor,0.9805,0.9953,57,9708,165.524,3F | ★🌟★🌟★ | 3.6服饰鞋包￥212/人,一撇一捺 | 3F | ★🌟★🌟★ | 3.6服饰鞋包￥212/人 | 一数一换·时尚艺术珠宝 | ￥93￥100100代金券 | 惠,ocr/input_videos\上海__正大广场__20260826.mp4
OBS-000959,正大广场,PEARL DELUXE日置名媛,PEARLDELUXE日置名媛,皮肤管理,4.2,1354,7F,rated,True,,rated,parsed,rating_anchor,0.9655,0.9637,57,9720,165.729,🌟🌟⭐⭐ | 皮肤管理￥1354/人 | 7F | 4.2 | ★,PEARL DELUXE日置名媛 | 🌟🌟⭐⭐ | 皮肤管理￥1354/人 | 7F | 4.2 | ★ | 日置名媛 | PEARL DELUXE | “环境私密性，美容师法专业” | ￥498 | ￥17.358.8折 | 【居家限定】骨. | 惠,ocr/input_videos\上海__正大广场__20260826.mp4
OBS-000960,正大广场,超奇妙,超奇妙,亲子·.,,162,2F,unrated,False,explicitly_unrated,unrated,parsed,unrated_anchor,0.923,0.9996,64,9720,165.729,🌟🌟🌟🌟⭐ | 亲子·．￥162/人2F | 暂无星级,超奇妙 | 🌟🌟🌟🌟⭐ | 亲子·．￥162/人2F | 暂无星级,ocr/input_videos\上海__正大广场__20260826.mp4
OBS-000961,正大广场,转转二手回收,转转二手回收,手机数码回收,3.8,,3F,rated,True,,rated,parsed,rating_anchor,0.9648,0.9998,56,9720,165.729,⭐⭐3.8手机数码回收 | 3F,转转二手回收 | ⭐⭐3.8手机数码回收 | 3F | 转转 | 暂停营业,ocr/input_videos\上海__正大广场__20260826.mp4
OBS-000962,正大广场,一撇一捺,一撇一捺,服饰鞋包,3.6,212,3F,rated,True,,rated,parsed,rating_anchor,0.9778,0.9904,61,9720,165.729,🌟🌟⭐🌟🌟 | 3F | 服饰鞋包￥212/人 | 3.6 | 。,一撇一捺 | 🌟🌟⭐🌟🌟 | 3F | 服饰鞋包￥212/人 | 3.6 | 。 | 一豫一-时尚艺术珠宝 | ￥93￥100100代金券 | 惠,ocr/input_videos\上海__正大广场__20260826.mp4
OBS-000963,正大广场,名创优品,名创优品,居家日用,4.8,60,3F,rated,True,,rated,parsed,rating_anchor,0.9711,0.9998,61,9720,165.729,3F | 4.8居家日用￥60/人,名创优品 | 3F | 4.8居家日用￥60/人 | MINI | SOü | 香水好闻，环境干净卫生,ocr/input_videos\上海__正大广场__20260826.mp4
OBS-000964,正大广场,超奇妙,超奇妙,亲子,,162,2F,unrated,False,explicitly_unrated,unrated,parsed,unrated_anchor,0.9221,0.9997,68,9756,166.342,★★★★★ | 暂无星级 | 亲子·￥162/人2F,超奇妙 | ★★★★★ | 暂无星级 | 亲子·￥162/人2F,ocr/input_videos\上海__正大广场__20260826.mp4
OBS-000965,正大广场,转转二手回收,转转二手回收,手机数码回收,3.8,,3F,rated,True,,rated,parsed,rating_anchor,0.9996,0.9998,61,9756,166.342,3.8手机数码回收 | 🌟🌟🌟🌟🌟 | 3F,转转二手回收 | 3.8手机数码回收 | 🌟🌟🌟🌟🌟 | 3F | 转转 | 暂停营业,ocr/input_videos\上海__正大广场__20260826.mp4
OBS-000966,正大广场,一撇一捺,一撇一捺,服饰鞋包,3.6,212,3F,rated,True,,rated,parsed,rating_anchor,0.9739,0.9952,65,9756,166.342,3.6服饰鞋包￥212/人 | 3F,一撇一捺 | 3.6服饰鞋包￥212/人 | 3F | 一缴一族·时尚艺术珠宝 | ￥93￥100100代金券 | 惠,ocr/input_videos\上海__正大广场__20260826.mp4
OBS-000967,正大广场,名创优品,名创优品,居家日用,4.8,60,3F,rated,True,,rated,parsed,rating_anchor,0.9749,0.9998,61,9756,166.342,4.8居家日用￥60/人 | 3F,名创优品 | 4.8居家日用￥60/人 | 3F | MINI | SOü | 香水好闻，环境干净卫生 | ￥40.59.7折 | ￥50好物专享·名创优品... | 惠,ocr/input_videos\上海__正大广场__20260826.mp4
OBS-000968,正大广场,OPPO服务体验中心,OPPO服务体验中心,数码产品,,5693,2F,new_store,False,new_store,ocr_missing,parsed,metadata_anchor,0.9816,0.9982,61,9756,166.342,新店 | 2F | 数码产品￥5693/人,OPPO服务体验中心 | 新店 | 2F | 数码产品￥5693/人 | OppO,ocr/input_videos\上海__正大广场__20260826.mp4
OBS-000969,正大广场,超奇妙,超奇妙,亲子·.,,162,2F,unrated,False,explicitly_unrated,unrated,parsed,unrated_anchor,0.9207,0.9995,65,9792,166.956,★★★🌟★ | 暂无星级 | 亲子·.￥162/人2F,超奇妙 | ★★★🌟★ | 暂无星级 | 亲子·.￥162/人2F,ocr/input_videos\上海__正大广场__20260826.mp4
OBS-000970,正大广场,转转二手回收,转转二手回收,手机数码回收,3.8,,3F,rated,True,,rated,parsed,rating_anchor,0.9996,0.9998,61,9792,166.956,3.8手机数码回收 | 🌟🌟⭐🌟⭐ | 3F,转转二手回收 | 3.8手机数码回收 | 🌟🌟⭐🌟⭐ | 3F | 转转 | 暂停营业,ocr/input_videos\上海__正大广场__20260826.mp4
OBS-000971,正大广场,一撇一捺,一撇一捺,服饰鞋包,3.6,212,3F,rated,True,,rated,parsed,rating_anchor,0.9805,0.9967,64,9792,166.956,3.6服饰鞋包￥212/人 | 3F,一撇一捺 | 3.6服饰鞋包￥212/人 | 3F | 一缴一题·时尚艺术珠宝 | ￥93￥100100代金券 | 惠,ocr/input_videos\上海__正大广场__20260826.mp4
OBS-000972,正大广场,名创优品,名创优品,居家日用,4.8,,3F,rated,True,,rated,parsed,rating_anchor,0.9885,0.9998,60,9792,166.956,4.8居家日用60/人 | 3F,名创优品 | 4.8居家日用60/人 | 3F | MINI | SOü | 香水好闻，环境干净卫生 | 2 | ￥50好物专享·名创优品... | ￥40.59.7折 | 惠,ocr/input_videos\上海__正大广场__20260826.mp4
OBS-000973,正大广场,OPPO服务体验中心,OPPO服务体验中心,数码产品,,5693,2F,new_store,False,new_store,ocr_missing,parsed,metadata_anchor,0.9795,0.9984,62,9792,166.956,新店 | 数码产品￥5693/人 | 2F,OPPO服务体验中心 | 新店 | 数码产品￥5693/人 | 2F | oppo | 陆家嘴空中步行连廊,ocr/input_videos\上海__正大广场__20260826.mp4
OBS-000974,正大广场,名创优品,名创优品,居家日用,4.8,60,3F,rated,True,,rated,parsed,rating_anchor,0.9687,0.9999,53,9828,167.57,⭐4.8居家日用 | ￥60/人 | 3F,名创优品 | ⭐4.8居家日用 | ￥60/人 | 3F | MINI | “香好闻，环境干净卫” | SOü | ￥40.5 | ￥50好物专享·名创优品. | 9.7折 | 惠,ocr/input_videos\上海__正大广场__20260826.mp4
OBS-000975,正大广场,OPPO服务体验中心,OPPO服务体验中心,数码产品,,5693,2F,new_store,False,new_store,ocr_missing,parsed,metadata_anchor,0.9805,0.9986,54,9828,167.57,2F | 新店 | 数码产品￥5693/人,OPPO服务体验中心 | 2F | 新店 | 数码产品￥5693/人 | OpPo,ocr/input_videos\上海__正大广场__20260826.mp4
OBS-000976,正大广场,陆家嘴空中步行连廊,陆家嘴空中步行连廊,景点/周边游,4.9,,1F,rated,True,,rated,parsed,rating_anchor,0.9869,0.9971,54,9828,167.57,1F | 4.9景点/周边游,陆家嘴空中步行连廊 | 1F | 4.9景点/周边游,ocr/input_videos\上海__正大广场__20260826.mp4
OBS-000977,正大广场,moody,moody,眼镜店,,,3F,new_store,False,new_store,ocr_missing,parsed,metadata_anchor,0.9968,0.9992,68,9828,167.57,眼镜店 | 新店 | 3F,moody | 眼镜店 | 新店 | 3F | moody 彩瞳,ocr/input_videos\上海__正大广场__20260826.mp4
OBS-000978,正大广场,Miss赵的美甲店,Miss赵的美甲店,美甲,3.4,202,7F,rated,True,,rated,parsed,rating_anchor,0.9768,0.9982,52,9828,167.57,3.4美甲￥202/人 | 7F,Miss赵的美甲店 | 3.4美甲￥202/人 | 7F,ocr/input_videos\上海__正大广场__20260826.mp4
OBS-000979,正大广场,紫颖·专业美胸·连锁养护中心,紫颖·专业美胸·连锁养护中心,SPA美体,4.7,415,7F,rated,True,,rated,parsed,rating_anchor,0.9791,0.9927,54,9828,167.57,7F | 🌟🌟⭐🌟🌟 | 4.7SPA美体￥415/人,紫颖·专业美胸·连锁养护中心 | E Lo epAie | 24周年 | 7F | 🌟🌟⭐🌟🌟 | 4.7SPA美体￥415/人 | 陆家嘴商圈美容美体回头客榜第9名 | 专注女性美胸养护 | 环境安静无推销，享受过程,ocr/input_videos\上海__正大广场__20260826.mp4
OBS-000980,正大广场,OPPO服务体验中心,OPPO服务体验中心,品,,5693,2F,new_store,False,new_store,ocr_missing,parsed,metadata_anchor,0.9436,0.9983,50,9852,167.979,新店 | 2F | 品￥5693/人 | 数码产品,OPPO服务体验中心 | 新店 | 2F | 品￥5693/人 | 数码产品 | OpPO,ocr/input_videos\上海__正大广场__20260826.mp4
OBS-000981,正大广场,陆家嘴空中步行连廊,陆家嘴空中步行连廊,景点/周边游,4.9,,1F,rated,True,,rated,parsed,rating_anchor,0.9963,0.9962,51,9852,167.979,🌟4.9 | 景点/周边游 | 1F,陆家嘴空中步行连廊 | 🌟4.9 | 景点/周边游 | 1F,ocr/input_videos\上海__正大广场__20260826.mp4
OBS-000982,正大广场,moody,moody,眼镜店,,,3F,new_store,False,new_store,ocr_missing,parsed,metadata_anchor,0.999,0.9991,69,9852,167.979,眼镜店 | 新店 | 3F,moody | 眼镜店 | 新店 | 3F | moody彩瞳,ocr/input_videos\上海__正大广场__20260826.mp4
OBS-000983,正大广场,Miss赵的美甲店,Miss赵的美甲店,美甲,3.4,202,7F,rated,True,,rated,parsed,rating_anchor,0.9821,0.9985,55,9852,167.979,⭐🌟⭐ | 3.4美甲￥202/人 | 7F,Miss赵的美甲店 | ⭐🌟⭐ | 3.4美甲￥202/人 | 7F,ocr/input_videos\上海__正大广场__20260826.mp4
OBS-000984,正大广场,紫颖·专业美胸·连锁养护中心,紫颖·专业美胸·连锁养护中心,SPA美体,4.7,415,7F,rated,True,,rated,parsed,rating_anchor,0.9757,0.993,56,9852,167.979,7F | 🌟⭐🌟 | SPA美体￥415/人 | 4.7,紫颖·专业美胸·连锁养护中心 | ZCo Zephie 8 | 7F | 🌟⭐🌟 | SPA美体￥415/人 | 4.7 | 陆家嘴商圈美容美体回头客榜第9名 | 专注女性美胸养护 | 环境安静无推销，享受过程 | 55 | ￥398美胸165分钟匠心.. | ￥193 | 6.8折 | 惠,ocr/input_videos\上海__正大广场__20260826.mp4
OBS-000985,正大广场,7-ELEVEn,7-ELEVEn,超市便利,4.4,20,B2,rated,True,,rated,parsed,rating_anchor,0.9742,0.9975,44,9852,167.979,B2 | ⭐🌟⭐⭐ | 超市便利￥20/人 | 4.4 | ★,7-ELEVEn | B2 | ⭐🌟⭐⭐ | 超市便利￥20/人 | 4.4 | ★ | ELEVEN | 点评榜单 | 陆家嘴商圈超市便利热门榜第4名 | 9,ocr/input_videos\上海__正大广场__20260826.mp4
OBS-000986,正大广场,OPPO服务体验中心,OPPO服务体验中心,数码产品,,5693,2F,new_store,False,new_store,ocr_missing,parsed,metadata_anchor,0.98,0.9985,51,9864,168.184,新店 | 数码产品￥5693/人 | 2F,OPPO服务体验中心 | 新店 | 数码产品￥5693/人 | 2F | OPPO,ocr/input_videos\上海__正大广场__20260826.mp4
OBS-000987,正大广场,陆家嘴空中步行连廊,陆家嘴空中步行连廊,景,4.9,,1F,rated,True,,rated,parsed,rating_anchor,0.8564,0.9966,54,9864,168.184,景点/周边游 | 1F | ⭐🌟4.9景,陆家嘴空中步行连廊 | 景点/周边游 | 1F | ⭐🌟4.9景,ocr/input_videos\上海__正大广场__20260826.mp4
OBS-000988,正大广场,moody,moody,眼镜店,,,3F,new_store,False,new_store,ocr_missing,parsed,metadata_anchor,0.9986,0.9992,69,9864,168.184,新店 | 眼镜店 | 3F,moody | 新店 | 眼镜店 | 3F | moody彩瞳,ocr/input_videos\上海__正大广场__20260826.mp4
OBS-000989,正大广场,Miss赵的美甲店,Miss赵的美甲店,美甲,3.4,202,7F,rated,True,,rated,parsed,rating_anchor,0.9844,0.9984,55,9864,168.184,7F | 3.4美甲￥202/人 | 🌟🌟⭐,Miss赵的美甲店 | 7F | 3.4美甲￥202/人 | 🌟🌟⭐,ocr/input_videos\上海__正大广场__20260826.mp4
OBS-000990,正大广场,紫颖·专业美胸·连锁养护中心,紫颖·专业美胸·连锁养护中心,SPA美体,4.7,415,7F,rated,True,,rated,parsed,rating_anchor,0.9838,0.992,54,9864,168.184,7F | 🌟🌟⭐⭐🌟 | 4.7SPA美体￥415/人,紫颖·专业美胸·连锁养护中心 | ZLo Zephive 8 | 7F | 🌟🌟⭐⭐🌟 | 4.7SPA美体￥415/人 | 24 | 陆家嘴商圈美容美体回头客榜第9名 | 专注女性美胸养护 | 环境安静无推销，享受过程 | ￥1936.8折 | ￥398 | 惠 | 美胸|65分钟匠心..,ocr/input_videos\上海__正大广场__20260826.mp4
OBS-000991,正大广场,7-ELEVEn,7-ELEVEn,超市便利,4.4,20,B2,rated,True,,rated,parsed,rating_anchor,0.9754,0.9976,50,9864,168.184,B2 | 🌟🌟🌟⭐ | 超市便利￥20/人 | 4.4 | ★,7-ELEVEn | B2 | 🌟🌟🌟⭐ | 超市便利￥20/人 | 4.4 | ★ | ELEVEN | 点评榜单 | 陆家嘴商圈超市便利热门榜第4名 | 8,ocr/input_videos\上海__正大广场__20260826.mp4
OBS-000992,正大广场,OPPO服务体验中心,OPPO服务体验中心,数码产品,,5693,2F,new_store,False,new_store,ocr_missing,parsed,metadata_anchor,0.9987,0.9982,51,9912,169.002,新店 | 2F | 数码产品 | ￥5693/人,OPPO服务体验中心 | 新店 | 2F | 数码产品 | ￥5693/人 | OPPO,ocr/input_videos\上海__正大广场__20260826.mp4
OBS-000993,正大广场,陆家嘴空中步行连廊,陆家嘴空中步行连廊,景点/周边游,4.9,,1F,rated,True,,rated,parsed,rating_anchor,0.9962,0.9969,55,9912,169.002,1F | ⭐🌟★★🌟4.9 | 景点/周边游,陆家嘴空中步行连廊 | 1F | ⭐🌟★★🌟4.9 | 景点/周边游,ocr/input_videos\上海__正大广场__20260826.mp4
OBS-000994,正大广场,moody,moody,眼镜店,,,3F,new_store,False,new_store,ocr_missing,parsed,metadata_anchor,0.9991,0.9992,71,9912,169.002,眼镜店 | 新店 | 3F,moody | 眼镜店 | 新店 | 3F | moody彩瞳,ocr/input_videos\上海__正大广场__20260826.mp4
OBS-000995,正大广场,Miss赵的美甲店,Miss赵的美甲店,美甲,3.4,202,7F,rated,True,,rated,parsed,rating_anchor,0.9845,0.9988,58,9912,169.002,7F | 3.4美甲￥202/人 | ⭐🌟🌟,Miss赵的美甲店 | 7F | 3.4美甲￥202/人 | ⭐🌟🌟,ocr/input_videos\上海__正大广场__20260826.mp4
OBS-000996,正大广场,紫颖·专业美胸·连锁养护中心,紫颖·专业美胸·连锁养护中心,SPA美体,4.7,415,7F,rated,True,,rated,parsed,rating_anchor,0.9735,0.9913,54,9912,169.002,7F | 🌟🌟🌟🎉🌟 | SPA美体￥415/人 | 4.7,紫颖·专业美胸·连锁养护中心 | Z Co Zephire 8 | 7F | 🌟🌟🌟🎉🌟 | SPA美体￥415/人 | 4.7 | 24 | 陆家嘴商圈美容美体回头客榜第9名 | 专注女性美胸养护 | 环境安静无推销，享受过程 | 山 | 5 | ￥398美胸|65分钟匠心.... | ￥193 | 6.8折 | 惠,ocr/input_videos\上海__正大广场__20260826.mp4
OBS-000997,正大广场,7-ELEVEn,7-ELEVEn,超市便利,4.4,20,B2,rated,True,,rated,parsed,rating_anchor,0.9827,0.9971,49,9912,169.002,🌟🌟🌟🌟 | B2 | 4.4超市便利￥20/人 | ★,7-ELEVEn | 🌟🌟🌟🌟 | B2 | 4.4超市便利￥20/人 | ★ | ELEVEN | 点评榜单 | 陆家嘴商圈超市便利热门榜第4名 | ©,ocr/input_videos\上海__正大广场__20260826.mp4
OBS-000998,正大广场,紫颖·专业美胸·连锁养护中心,紫颖·专业美胸·连锁养护中心,SPA美体,4.7,415,7F,rated,True,,rated,parsed,rating_anchor,0.9802,0.9886,51,9972,170.025,7F | 🌟🌟🌟🌟🌟 | 4.7SPA美体￥415/人,紫颖·专业美胸·连锁养护中心 | Co Zephive | 7F | 🌟🌟🌟🌟🌟 | 4.7SPA美体￥415/人 | 24周年 | th | 陆家嘴商圈美容美体回头客榜第9名 | 专注女性美胸养护 | 环境安静无推销，享受过程 | 35 | ￥193 | ￥398 | 6.8折 | 美胸|65分钟匠心... | 惠,ocr/input_videos\上海__正大广场__20260826.mp4
OBS-000999,正大广场,7-ELEVEn,7-ELEVEn,超市便利,4.4,20,B2,rated,True,,rated,parsed,rating_anchor,0.9764,0.9976,47,9972,170.025,B2 | 🌟🌟🌟🌟 | 4.4 | 超市便利￥20/人,7-ELEVEn | B2 | 🌟🌟🌟🌟 | 4.4 | 超市便利￥20/人 | ELEVEN | 点评榜单 | 陆家嘴商圈超市便利热门榜第4名 | 0 | 服务耐心，脆骨粒肠超好吃,ocr/input_videos\上海__正大广场__20260826.mp4
OBS-001000,正大广场,宝可梦明耀之星,宝可梦明耀之星,电玩城,,,2F,unrated,False,explicitly_unrated,unrated,parsed,unrated_anchor,0.9995,0.9995,51,9972,170.025,暂无星级 | 电玩城 | 2F | ★★★★,宝可梦明耀之星 | 暂无星级 | 电玩城 | 2F | ★★★★,ocr/input_videos\上海__正大广场__20260826.mp4
OBS-001001,正大广场,adidas,adidas,运动户外,4.3,1085,2F,rated,True,,rated,parsed,rating_anchor,0.9818,0.9992,53,9972,170.025,🌟🌟⭐⭐ | 2F | ￥ | 4.3 | 运动户外￥1085/人,adidas | 🌟🌟⭐⭐ | 2F | ￥ | 4.3 | 运动户外￥1085/人 | 货品齐全，唐装款式完美 | T酒搏,ocr/input_videos\上海__正大广场__20260826.mp4
OBS-001002,正大广场,璞·漂间影院式足道SPA,璞·漂间影院式足道SPA,休闲按摩足浴,4.6,352,8F,rated,True,,rated,parsed,rating_anchor,0.9719,0.9546,48,9972,170.025,🌟🌟⭐🌟🌟 | 4.6休闲按摩足浴 | ￥352/人 | 8F,璞·漂间影院式足道SPA | 🌟🌟⭐🌟🌟 | 4.6休闲按摩足浴 | ￥352/人 | 8F | 璞·活間 | 消费者喜爱商户 | 陆家嘴商圈按摩/疗销量榜第1名 | 5 | 2025美团大众点评单世题 | 位置便利，铜壶项目性价比高 | （铜壶）… | ￥3559.5折 | 惠 | ￥439 | 东方神韵,ocr/input_videos\上海__正大广场__20260826.mp4
OBS-001003,正大广场,紫颖·专业美胸·连锁养护中心,紫颖·专业美胸·连锁养护中心,SPA美体,4.7,415,7F,rated,True,,rated,parsed,rating_anchor,0.9709,0.9914,53,9996,170.434,7F | 4.7SPA美体￥415/人,紫颖·专业美胸·连锁养护中心 | ELoZeAie | 24周年 | 7F | 4.7SPA美体￥415/人 | 陆家嘴商圈美容美体回头客榜第9名 | 专注女性美购养护 | 环境安静无推销，享受过程 | 心 | 55 | ￥398美胸|65分钟匠心.... | ￥193 | 惠 | 6.8折,ocr/input_videos\上海__正大广场__20260826.mp4
OBS-001004,正大广场,7-ELEVEn,7-ELEVEn,超市便利,4.4,20,B2,rated,True,,rated,parsed,rating_anchor,0.9827,0.9982,51,9996,170.434,🌟🌟🎉🌟 | B2 | 4.4超市便利￥20/人,7-ELEVEn | 🌟🌟🎉🌟 | B2 | 4.4超市便利￥20/人 | ELEVEN | 点评榜单 | 陆家嘴商圈超市便利热门榜第4名 | 2 | 服务耐心，脆骨粒肠超好吃,ocr/input_videos\上海__正大广场__20260826.mp4
OBS-001005,正大广场,宝可梦明耀之星,宝可梦明耀之星,电玩城,,,2F,unrated,False,explicitly_unrated,unrated,parsed,unrated_anchor,0.9995,0.9995,51,9996,170.434,电玩城 | 🌟🌟🌟🌟🌟 | 2F | 暂无星级,宝可梦明耀之星 | 电玩城 | 🌟🌟🌟🌟🌟 | 2F | 暂无星级,ocr/input_videos\上海__正大广场__20260826.mp4
OBS-001006,正大广场,adidas,adidas,运动户外,4.3,1085,2F,rated,True,,rated,parsed,rating_anchor,0.9803,0.9992,53,9996,170.434,🌟🌟⭐⭐ | 2F | 运动户外￥1085/人 | 4.3,adidas | 🌟🌟⭐⭐ | 2F | 运动户外￥1085/人 | 4.3 | 货品齐全，唐装款式完美 | T酒搏,ocr/input_videos\上海__正大广场__20260826.mp4
OBS-001007,正大广场,璞·漂间影院式足道SPA,璞·漂间影院式足道SPA,休闲按摩足浴,4.6,352,8F,rated,True,,rated,parsed,rating_anchor,0.9838,0.9697,48,9996,170.434,★★★★★ | 休闲按摩足浴 | ￥352/人 | 8F | 4.6,璞·漂间影院式足道SPA | ★★★★★ | 休闲按摩足浴 | ￥352/人 | 8F | 4.6 | 璞·江間 | 陆家嘴商圈按摩/足疗销量榜第1名 | 消费者喜爱商户 | 2025黄团大众点印年度选 | 位置便利，铜壶项目性价比高 | 2 | （铜壶）… | ￥355 | ￥439 | 9.5折 | 惠 | 东方神韵,ocr/input_videos\上海__正大广场__20260826.mp4
OBS-001008,正大广场,紫颖·专业美胸·连锁养护中心,紫颖·专业美胸·连锁养护中心,SPA美体,4.7,415,7F,rated,True,,rated,parsed,rating_anchor,0.9748,0.9899,47,10032,171.048,7F | 🌟🌟⭐🌟 | 4.7 | SPA美体￥415/人,紫颖·专业美胸·连锁养护中心 | Z. Co Ziphie 8 | 7F | 🌟🌟⭐🌟 | 4.7 | SPA美体￥415/人 | 24 | 陆家嘴商圈美容美体回头客榜第9名 | 专注女性美购养护 | 环境安静无推销，享受过程 | ￥193 | 惠 | 6.8折 | ￥398 | 美胸165分钟匠心...,ocr/input_videos\上海__正大广场__20260826.mp4
OBS-001009,正大广场,7-ELEVEn,7-ELEVEn,超市便利,4.4,20,B2,rated,True,,rated,parsed,rating_anchor,0.977,0.9981,45,10032,171.048,B2 | 🌟🌟🌟⭐ | 超市便利￥20/人 | 4.4,7-ELEVEn | B2 | 🌟🌟🌟⭐ | 超市便利￥20/人 | 4.4 | ELEVEN | 点评榜单 | 陆家嘴商圈超市便利热门榜第4名 | © | 服务耐心，脆骨粒肠超好吃,ocr/input_videos\上海__正大广场__20260826.mp4
OBS-001010,正大广场,宝可梦明耀之星,宝可梦明耀之星,电玩城,,,2F,unrated,False,explicitly_unrated,unrated,parsed,unrated_anchor,0.9993,0.9991,51,10032,171.048,2F | ★★★★★ | 电玩城 | 暂无星级,宝可梦明耀之星 | 2F | ★★★★★ | 电玩城 | 暂无星级,ocr/input_videos\上海__正大广场__20260826.mp4
OBS-001011,正大广场,adidas,adidas,运动户外,4.3,1085,2F,rated,True,,rated,parsed,rating_anchor,0.9807,0.9996,49,10032,171.048,🌟🌟🌟🌟 | 2F | 运动户外￥1085/人 | ￥ | 4.3,adidas | 🌟🌟🌟🌟 | 2F | 运动户外￥1085/人 | ￥ | 4.3 | 货品齐全，唐装款式完美 | T酒搏,ocr/input_videos\上海__正大广场__20260826.mp4
OBS-001012,正大广场,璞·雲间影院式足道SPA,璞·云间影院式足道SPA,休闲按摩足浴,4.6,352,8F,rated,True,,rated,parsed,rating_anchor,0.9768,0.9563,50,10032,171.048,🌟🌟🎉🌟🌟 | 4.6 | ￥352/人 | 休闲按摩足浴 | 8F,璞·雲间影院式足道SPA | 🌟🌟🎉🌟🌟 | 4.6 | ￥352/人 | 休闲按摩足浴 | 8F | 璞·間 | 陆家嘴商圈按摩/足疗销量榜第1名 | 消费者喜爱商户 | 5 | 总 | 2025美团大众点评年题 | 位置便利，铜壶项目性价比高 | 3 | ￥355 | ￥439 | （铜壶） | 惠 | 9.5折 | 东方神韵,ocr/input_videos\上海__正大广场__20260826.mp4
OBS-001013,正大广场,玉可夕明惟生,玉可夕明惟生,电玩城,,,2F,unrated,False,explicitly_unrated,unrated,parsed,unrated_anchor,0.8016,0.6038,32,10104,172.276,2F | 电玩城 | ★★★★★ | 暂无星级,玉可夕明惟生 | 2F | 电玩城 | ★★★★★ | 暂无星级,ocr/input_videos\上海__正大广场__20260826.mp4
OBS-001014,正大广场,adidas,adidas,运动户外,4.3,1085,2F,rated,True,,rated,parsed,rating_anchor,0.9856,0.9993,53,10104,172.276,2F | 🌟🌟🌟⭐🌟 | 4.3运动户外￥1085/人,adidas | 2F | 🌟🌟🌟⭐🌟 | 4.3运动户外￥1085/人 | “货品齐全，唐装款式完美” | T酒搏,ocr/input_videos\上海__正大广场__20260826.mp4
OBS-001015,正大广场,璞·漂间影院式足道SPA,璞·漂间影院式足道SPA,休闲按摩足浴,4.6,352,8F,rated,True,,rated,parsed,rating_anchor,0.9435,0.9386,53,10104,172.276,🌟🌟🎉🌟🌟 | 4.6休闲按摩足浴￥352/人 | 8F,璞·漂间影院式足道SPA | 🌟🌟🎉🌟🌟 | 4.6休闲按摩足浴￥352/人 | 8F | 璞·脚 | 消费者喜爱商户诊 | 陆家嘴商圈按摩/足疗销量榜第1名 | 5 | 2025美团大众点评年暂选 | 位置便利，铜壶项目性价比高 | ￥355 | 9.5折 | ￥439 | （铜壶） | 惠 | 东方神韵,ocr/input_videos\上海__正大广场__20260826.mp4
OBS-001016,正大广场,艾维庭美学SPA,艾维庭美学SPA,SPA美体,4.5,258,7F,rated,True,,rated,parsed,rating_anchor,0.9834,0.9977,52,10104,172.276,7F | 4.5SPA美体￥258/人,艾维庭美学SPA | 7F | 4.5SPA美体￥258/人 | 艾维庭SPA | 陆家嘴商圈皮肤管理销量榜第9名 | 隐私性好，清理细致干净 | 3 | ￥128060分钟深层清洁|收.... | ￥191 | 8.8折 | 惠,ocr/input_videos\上海__正大广场__20260826.mp4
OBS-001017,正大广场,小天才步步高,小天才步步高,数码产品,4.8,1447,2F,rated,True,,rated,parsed,rating_anchor,0.9732,0.9983,57,10104,172.276,🌟🌟🎉🎉🎉4.8 | 数码产品￥1447/人 | 2F,小天才步步高 | 🌟🌟🎉🎉🎉4.8 | 数码产品￥1447/人 | 2F | 限量版手表不少，值得一去” | C2020 | R | ￥1￥500 | 惠 | 【国补专享】小天才步步高国...,ocr/input_videos\上海__正大广场__20260826.mp4
OBS-001018,正大广场,adidas,adidas,运动户外,4.3,1085,2F,rated,True,,rated,parsed,rating_anchor,0.9845,0.9993,56,10176,173.503,⭐🌟⭐⭐⭐ | 2F | 4.3运动户外￥1085/人,adidas | ⭐🌟⭐⭐⭐ | 2F | 4.3运动户外￥1085/人 | 货品齐全，唐装款式完美 | “ | T酒搏,ocr/input_videos\上海__正大广场__20260826.mp4
OBS-001019,正大广场,璞·雲间影院式足道SPA,璞·云间影院式足道SPA,休闲按摩足浴,4.6,352,8F,rated,True,,rated,parsed,rating_anchor,0.952,0.9567,51,10176,173.503,4.6休闲按摩足浴￥352/人 | 🌟🌟⭐⭐🌟 | 8F,璞·雲间影院式足道SPA | 4.6休闲按摩足浴￥352/人 | 🌟🌟⭐⭐🌟 | 8F | 璞·露园 | 陆家嘴商圈按摩/足疗销量榜第1名 | 消费者喜爱商户 | 2025美团大众点评年暂选 | 位置便利，铜壶项目性价比高 | 惠 | ￥355 | 9.5折 | （铜壶） | ￥439 | 东方神韵,ocr/input_videos\上海__正大广场__20260826.mp4
OBS-001020,正大广场,艾维庭美学SPA,艾维庭美学SPA,SPA美体,4.5,258,7F,rated,True,,rated,parsed,rating_anchor,0.9818,0.9981,51,10176,173.503,★★★4.5 | 7F | SPA美体￥258/人,艾维庭美学SPA | ★★★4.5 | 7F | SPA美体￥258/人 | 艾维庭SPA | 陆家嘴商圈皮肤管理销量榜第9名 | 隐私性好，清理细致干净 | 3 | ￥128060分钟深层清洁|收... | ￥191 | 8.8折 | 惠,ocr/input_videos\上海__正大广场__20260826.mp4
OBS-001021,正大广场,小天才步步高,小天才步步高,数码产品,4.8,1447,2F,rated,True,,rated,parsed,rating_anchor,0.9793,0.9984,52,10176,173.503,🌟🌟🎉🎉🌟4.8 | 2F | 数码产品￥1447/人,小天才步步高 | 🌟🌟🎉🎉🌟4.8 | 2F | 数码产品￥1447/人 | 限量版手表不少，值得一去” | C2020 | R | ￥1￥500 | 惠 | 【国补专享】小天才步步高国..,ocr/input_videos\上海__正大广场__20260826.mp4
OBS-001022,正大广场,adidas,adidas,运动户外,4.3,1085,2F,rated,True,,rated,parsed,rating_anchor,0.985,0.9992,53,10188,173.708,🌟🌟⭐⭐ | 2F | 4.3运动户外￥1085/人,adidas | 🌟🌟⭐⭐ | 2F | 4.3运动户外￥1085/人 | 货品齐全，唐装款式完美” | T酒搏,ocr/input_videos\上海__正大广场__20260826.mp4
OBS-001023,正大广场,璞·漂间影院式足道SPA,璞·漂间影院式足道SPA,休闲按摩浴,4.6,352,8F,rated,True,,rated,parsed,rating_anchor,0.9493,0.9496,48,10188,173.708,4.6休闲按摩浴￥352/人8F,璞·漂间影院式足道SPA | 4.6休闲按摩浴￥352/人8F | 璞·透园 | 陆家嘴商圈按摩/足疗销量榜第1名 | 消费者喜爱商户 | 2025美团大众点华度型选 | 位置便利，铜壶项目性价比高 | 2 | ￥355 | ￥439东方神韵（铜壶） | 惠 | 9.5折,ocr/input_videos\上海__正大广场__20260826.mp4
OBS-001024,正大广场,艾维庭美学SPA,艾维庭美学SPA,SPA美体,4.5,258,7F,rated,True,,rated,parsed,rating_anchor,0.9816,0.9974,50,10188,173.708,7F | 4.5SPA美体￥258/人,艾维庭美学SPA | 7F | 4.5SPA美体￥258/人 | 艾维庭SPA | 陆家嘴商圈皮肤管理销量榜第9名 | 隐私性好，清理细致干净 | 3 | ￥191 | 8.8折 | ￥128060分钟深层清洁收.. | 惠,ocr/input_videos\上海__正大广场__20260826.mp4
OBS-001025,正大广场,小天才步步高,小天才步步高,数码产品,4.8,1447,2F,rated,True,,rated,parsed,rating_anchor,0.9719,0.9944,57,10188,173.708,2F | 🌟🌟🎉🎉⭐4.8 | 数码产品￥1447/人,小天才步步高 | 2F | 🌟🌟🎉🎉⭐4.8 | 数码产品￥1447/人 | 限量版表不少，值得去” | ATU | 惠￥1￥500 | 【国补专享】天才步步国..,ocr/input_videos\上海__正大广场__20260826.mp4
OBS-001026,正大广场,美车堂,美车堂,美容洗车,3.7,118,B3,rated,True,,rated,parsed,rating_anchor,0.977,0.9999,59,10188,173.708,3.7美容洗车￥118/人 | B3,美车堂 | 3.7美容洗车￥118/人 | B3 | CNSONE | 美车堂 | 停车方便，车厢内饰深度清洁 | 3 | 惠￥108￥138 | 【普通洗车】40分钟|全车..,ocr/input_videos\上海__正大广场__20260826.mp4
OBS-001027,正大广场,小天才步步高,小天才步步高,数码产品,4.8,1447,2F,rated,True,,rated,parsed,rating_anchor,0.9777,0.9988,54,10236,174.526,⭐🌟⭐4.8 | 2F | 数码产品￥1447/人,小天才步步高 | ⭐🌟⭐4.8 | 2F | 数码产品￥1447/人 | 限量版手表不少，值得一去” | AATET0 | CNRE | 惠￥1￥500 | 【国补专享】小天才步步高国..,ocr/input_videos\上海__正大广场__20260826.mp4
OBS-001028,正大广场,美车堂,美车堂,美容洗车,3.7,118,B3,rated,True,,rated,parsed,rating_anchor,0.9802,0.9999,61,10236,174.526,3.7美容洗车￥118/人 | B3,美车堂 | 3.7美容洗车￥118/人 | B3 | CNRSONE | 美车堂 | 停车方便，车厢内饰深度清洁 | ￥108￥138 | 惠 | 【普通洗车】40分钟|全车...,ocr/input_videos\上海__正大广场__20260826.mp4
OBS-001029,正大广场,优衣库,优衣库,服饰鞋包,4.8,211,B1,rated,True,,rated,parsed,rating_anchor,0.9788,0.9997,58,10236,174.526,4.8服饰鞋包￥211/人 | B1,优衣库 | UNI | 4.8服饰鞋包￥211/人 | B1 | QLO | 点评榜单 | 陆家嘴商圈服饰鞋包热门榜第5名 | 店面设计优雅大气，款式多样色彩鲜艳 | 炒,ocr/input_videos\上海__正大广场__20260826.mp4
OBS-001030,正大广场,巴拉巴拉,巴拉巴拉,服饰鞋包,3.8,340,2F,rated,True,,rated,parsed,rating_anchor,0.9876,0.9998,60,10236,174.526,🌟🌟🌟🌟🌟 | 2F | 3.8服饰鞋包￥340/人,巴拉巴拉 | 🌟🌟🌟🌟🌟 | 2F | 3.8服饰鞋包￥340/人 | balabala | 巴拉巴拉 | 款式齐全，设计感提升 | “ | 5 | ￥200 | 巴拉巴拉【返校... | ￥131.529.8折 | 惠,ocr/input_videos\上海__正大广场__20260826.mp4
OBS-001031,正大广场,吉韵密码,吉韵密码,黄金首饰,4.1,1183,5F,rated,True,,rated,parsed,rating_anchor,0.987,0.9958,57,10236,174.526,🌟🌟🌟⭐⭐ | 5F | 4.1黄金首饰￥1183/人,吉韵密码 | 吉韵密码 | 🌟🌟🌟⭐⭐ | 5F | 4.1黄金首饰￥1183/人 | 花朝祈运 | 饰品纯手工编织，独一无二” | 岁序千祥 | 福奈特洗衣洗鞋 | APNET | F,ocr/input_videos\上海__正大广场__20260826.mp4
OBS-001032,正大广场,小天才步步高,小天才步步高,数码产品,4.8,1447,2F,rated,True,,rated,parsed,rating_anchor,0.971,0.9983,52,10248,174.731,★4.8 | 2F | 数码产品￥1447/人,小天才步步高 | ★4.8 | 2F | 数码产品￥1447/人 | 限量版手表不少，值得去” | AT3ET | 中器大园 | 惠￥1￥500 | 【国补专享】天才步步高国..,ocr/input_videos\上海__正大广场__20260826.mp4
OBS-001033,正大广场,美车堂,美车堂,美容洗车,3.7,118,B3,rated,True,,rated,parsed,rating_anchor,0.9812,0.9999,61,10248,174.731,3.7美容洗车￥118/人 | B3,美车堂 | 3.7美容洗车￥118/人 | B3 | CNRSONE | 美车堂 | “停车方便，车厢内饰深度清洁 | ￥108￥138 | 【普通洗车】40分钟全车... | 惠,ocr/input_videos\上海__正大广场__20260826.mp4
OBS-001034,正大广场,优衣库,优衣库,服饰鞋包,4.8,211,B1,rated,True,,rated,parsed,rating_anchor,0.9805,0.9997,63,10248,174.731,4.8服饰鞋包￥211/人 | B1,优衣库 | UNI | 4.8服饰鞋包￥211/人 | B1 | QLO | 点评榜单 | 陆家嘴商圈服饰鞋包热门榜第5名 | 店面设计优雅大气，款式多样色彩鲜艳 | 炒,ocr/input_videos\上海__正大广场__20260826.mp4
OBS-001035,正大广场,巴拉巴拉,巴拉巴拉,服饰鞋包,3.8,340,2F,rated,True,,rated,parsed,rating_anchor,0.9798,0.9998,60,10248,174.731,3.8服饰鞋包￥340/人 | 2F,巴拉巴拉 | 3.8服饰鞋包￥340/人 | 2F | balabala | 巴拉巴拉 | 款式齐全，设计感提升 | “ | ￥200巴拉巴拉【返校. | ￥131.529.8折 | 惠,ocr/input_videos\上海__正大广场__20260826.mp4
OBS-001036,正大广场,吉韵密码,吉韵密码,黄金首饰,4.1,1183,5F,rated,True,,rated,parsed,rating_anchor,0.9652,0.9954,57,10248,174.731,⭐🌟🎉⭐🌟 | 5F | 4.1黄金首饰￥1183/人,吉韵密码 | 吉韵密码 | ⭐🌟🎉⭐🌟 | 5F | 4.1黄金首饰￥1183/人 | 花朝祈运 | “饰品纯手工编织，独一无二” | 岁序千祥,ocr/input_videos\上海__正大广场__20260826.mp4
OBS-001037,正大广场,小天才步步高,小天才步步高,数码产品,4.8,1447,2F,rated,True,,rated,parsed,rating_anchor,0.9624,0.9989,55,10284,175.345,2F | 4.8 | 数码产品￥1447/人,小天才步步高 | 2F | 4.8 | 数码产品￥1447/人 | 限量版手表不少，值得去” | 4372820 | R | 惠￥1￥500 | 【国补专享】小天才步步高国.,ocr/input_videos\上海__正大广场__20260826.mp4
OBS-001038,正大广场,美车堂,美车堂,美容洗车,3.7,118,B3,rated,True,,rated,parsed,rating_anchor,0.9869,0.9999,62,10284,175.345,🌟🌟🌟🌟🌟 | B3 | 3.7美容洗车￥118/人,美车堂 | 🌟🌟🌟🌟🌟 | B3 | 3.7美容洗车￥118/人 | CNRSONE | 美车堂 | 停车方便，车厢内饰深度清洁 | ￥108￥138 | 惠 | 【普通洗车】40分钟|全车...,ocr/input_videos\上海__正大广场__20260826.mp4
OBS-001039,正大广场,优衣库,优衣库,服饰鞋包,4.8,211,B1,rated,True,,rated,parsed,rating_anchor,0.977,0.9997,62,10284,175.345,4.8服饰鞋包￥211/人 | B1,优衣库 | UNI | 4.8服饰鞋包￥211/人 | B1 | QLO | 点评榜单 | 陆家嘴商圈服饰鞋包热门榜第5名 | 店面设计优雅大气，款式多样色彩鲜艳,ocr/input_videos\上海__正大广场__20260826.mp4
OBS-001040,正大广场,巴拉巴拉,巴拉巴拉,服饰鞋包,3.8,340,2F,rated,True,,rated,parsed,rating_anchor,0.9821,0.9998,60,10284,175.345,🌟🌟🌟🌟🌟 | 2F | 3.8服饰鞋包￥340/人,巴拉巴拉 | 🌟🌟🌟🌟🌟 | 2F | 3.8服饰鞋包￥340/人 | balabala | 巴拉巴拉 | “款式齐全，设计感提升” | ￥200 | ￥131.529.8折 | 巴拉巴拉【返校... | 惠,ocr/input_videos\上海__正大广场__20260826.mp4
OBS-001041,正大广场,吉韵密码,吉韵密码,黄金首饰,4.1,1183,5F,rated,True,,rated,parsed,rating_anchor,0.9849,0.9955,62,10284,175.345,🌟🌟⭐⭐⭐ | 5F | 4.1黄金首饰￥1183/人,吉韵密码 | 吉韵密码 | 🌟🌟⭐⭐⭐ | 5F | 花朝祈运 | 4.1黄金首饰￥1183/人 | 饰品纯手工编织，独一无二” | 岁序千祥,ocr/input_videos\上海__正大广场__20260826.mp4
OBS-001042,正大广场,优衣库,优衣库,服饰鞋包,4.8,211,B1,rated,True,,rated,parsed,rating_anchor,0.9821,0.9996,58,10344,176.368,★★★4.8 | B1 | 服饰鞋包￥211/人,优衣库 | UNI | ★★★4.8 | B1 | 服饰鞋包￥211/人 | QLO | 点评榜单 | 陆家嘴商圈服饰鞋包热门榜第5名 | 店面设计优雅大气，款式多样色彩鲜艳 | L,ocr/input_videos\上海__正大广场__20260826.mp4
OBS-001043,正大广场,巴拉巴拉,巴拉巴拉,服饰鞋包,3.8,340,2F,rated,True,,rated,parsed,rating_anchor,0.9627,0.9997,62,10344,176.368,★3.8服饰鞋包￥340/人 | 2F,巴拉巴拉 | ★3.8服饰鞋包￥340/人 | 2F | balabala | 巴拉巴拉 | 款式齐全，设计感提升 | 《 | ￥200 | 巴拉巴拉【返校. | ￥131.529.8折 | 惠,ocr/input_videos\上海__正大广场__20260826.mp4
OBS-001044,正大广场,吉韵密码,吉韵密码,黄金首饰,4.1,1183,5F,rated,True,,rated,parsed,rating_anchor,0.9577,0.9928,55,10344,176.368,🌟🌟🌟⭐⭐ | 5F | 4.1黄金首饰￥1183/人,吉韵密码 | 吉韵密码 | 🌟🌟🌟⭐⭐ | 5F | 4.1黄金首饰￥1183/人 | 花朝祈运 | 饰品纯手工编织，独一无二” | 岁序千祥,ocr/input_videos\上海__正大广场__20260826.mp4
OBS-001045,正大广场,福奈特洗衣洗鞋,福奈特洗衣洗鞋,洗衣洗鞋,4.6,119,B1,rated,True,,rated,parsed,rating_anchor,0.9702,0.9999,51,10344,176.368,4.6洗衣洗鞋￥119/人 | B1,福奈特洗衣洗鞋 | FORNET | 4.6洗衣洗鞋￥119/人 | B1 | 上门取送 | “洗白效果出众，服务态度特别好” | Since 1997 | ￥77￥88 | 惠 | 【到店洗衣】 | 任洗1件羽绒服/... | 惠 | ￥45￥50代金券,ocr/input_videos\上海__正大广场__20260826.mp4
OBS-001046,正大广场,巴拉巴拉,巴拉巴拉,服饰鞋包,3.8,340,2F,rated,True,,rated,parsed,rating_anchor,0.9804,0.9998,59,10380,176.982,3.8服饰鞋包￥340/人 | 2F,巴拉巴拉 | 3.8服饰鞋包￥340/人 | 2F | balabala | 巴拉巴拉 | 款式齐全，设计感提升 | ￥200巴拉巴拉【返校... | ￥131.529.8折 | 惠,ocr/input_videos\上海__正大广场__20260826.mp4
OBS-001047,正大广场,吉韵密码,吉韵密码,黄金首饰,4.1,1183,5F,rated,True,,rated,parsed,rating_anchor,0.9863,0.9945,55,10380,176.982,🌟🌟🌟🎉 | 5F | 4.1黄金首饰￥1183/人 | ★,吉韵密码 | 吉韵密码 | 🌟🌟🌟🎉 | 5F | 4.1黄金首饰￥1183/人 | 花朝祈运 | ★ | “饰品纯手工编织，独一无二” | 岁序千祥,ocr/input_videos\上海__正大广场__20260826.mp4
OBS-001048,正大广场,福奈特洗衣洗鞋,福奈特洗衣洗鞋,洗衣洗鞋,4.6,119,B1,rated,True,,rated,parsed,rating_anchor,0.9644,0.9998,50,10380,176.982,🌈4.6洗衣洗鞋￥119/人 | B1,福奈特洗衣洗鞋 | FORNET | 🌈4.6洗衣洗鞋￥119/人 | B1 | 上门取送 | 洗白效果出众，服务态度特别好 | Since 1997 | 惠￥77￥88 | 【到店洗衣】任洗1件羽绒服/... | ￥45￥50代金券 | 惠,ocr/input_videos\上海__正大广场__20260826.mp4
OBS-001049,正大广场,华为智能生活馆,华为智能生活馆,数码产品,4.9,4861,2F,rated,True,,rated,parsed,rating_anchor,0.9774,0.9997,51,10380,176.982,2F | 4.9数码产品￥4861/人,华为智能生活馆 | 2F | 4.9数码产品￥4861/人 | HUAWEI | 点评榜单 | 陆家嘴商圈购物好评榜第1名 | “环境宽敞明亮，服务贴心无推销” | ¥9.9￥49手机贴膜|华为手机9.9享手... | 惠,ocr/input_videos\上海__正大广场__20260826.mp4
OBS-001050,正大广场,兴蜀府宴会厅·宝宝宴·生日宴·订..,兴蜀府宴会厅·宝宝宴·生日宴·订,宝宝宴/派对,4.8,236,4F,rated,True,,rated,parsed,rating_anchor,0.9665,0.9676,51,10380,176.982,4.8宝宝宴/派对￥236/人 | 4F,兴蜀府宴会厅·宝宝宴·生日宴·订.. | 4.8宝宝宴/派对￥236/人 | 4F | 点评榜单 | 陆家嘴商圈宝宝宴好评榜第1名 | 不督实生日实商务家1家富室 | 陆家嘴江景宴会厅 | 菜品味道刚好，歌乐山辣子鸡超好吃,ocr/input_videos\上海__正大广场__20260826.mp4
OBS-001051,正大广场,巴拉巴拉,巴拉巴拉,服饰鞋包,3.8,340,2F,rated,True,,rated,parsed,rating_anchor,0.9821,0.9998,57,10404,177.391,🌟🌟🎉🌟🌟 | 3.8服饰鞋包￥340/人 | 2F,巴拉巴拉 | 🌟🌟🎉🌟🌟 | 3.8服饰鞋包￥340/人 | 2F | balabala | 巴拉巴拉 | 款式齐全，设计感提升 | ￥200 | ￥131.529.8折 | 巴拉巴拉【返校.. | 惠,ocr/input_videos\上海__正大广场__20260826.mp4
OBS-001052,正大广场,吉韵密码,吉韵密码,黄金首饰,4.1,1183,5F,rated,True,,rated,parsed,rating_anchor,0.9891,0.9963,55,10404,177.391,🌟🌟🌟⭐⭐ | 5F | 4.1黄金首饰￥1183/人,吉韵密码 | 吉韵密码 | 🌟🌟🌟⭐⭐ | 5F | 4.1黄金首饰￥1183/人 | 花朝祈运 | 饰品纯手工编织，独一无二” | 岁序千祥,ocr/input_videos\上海__正大广场__20260826.mp4
OBS-001053,正大广场,福奈特洗衣洗鞋,福奈特洗衣洗鞋,洗衣洗鞋,4.6,119,B1,rated,True,,rated,parsed,rating_anchor,0.9769,0.9998,55,10404,177.391,4.6洗衣洗鞋￥119/人 | B1,福奈特洗衣洗鞋 | FORNET | 4.6洗衣洗鞋￥119/人 | B1 | 上门取送 | 洗白效果出众，服务态度特别好 | Since 1997 | 惠 | ￥77￥88 | 【到店洗衣】任洗1件羽绒服/.... | ￥45￥50代金券 | 惠,ocr/input_videos\上海__正大广场__20260826.mp4
OBS-001054,正大广场,华为智能生活馆,华为智能生活馆,数码产品,4.9,4861,2F,rated,True,,rated,parsed,rating_anchor,0.9871,0.9998,54,10404,177.391,⭐🌟⭐⭐⭐4.9 | 2F | 数码产品￥4861/人,华为智能生活馆 | ⭐🌟⭐⭐⭐4.9 | 2F | 数码产品￥4861/人 | HUAWEI | 点评榜单 | 陆家嘴商圈购物好评榜第1名 | “环境宽明亮，服务贴心无推销 | 惠 | ￥9.9￥49 | 手机贴膜|华为手机9.9享手...,ocr/input_videos\上海__正大广场__20260826.mp4
OBS-001055,正大广场,兴蜀府宴会厅·宝宝宴·生日宴·订...,兴蜀府宴会厅·宝宝宴·生日宴·订,宝宝宴/派对,4.8,236,4F,rated,True,,rated,parsed,rating_anchor,0.9505,0.9367,53,10404,177.391,4.8宝宝宴/派对￥236/人 | 4F | -,兴蜀府宴会厅·宝宝宴·生日宴·订... | 4.8宝宝宴/派对￥236/人 | 4F | - | 点评榜单 | 陆家嘴商圈宝宝宴好评榜第1名 | 不高生日务家 | 陆家嘴江景宴会厅 | 菜品味道刚好，歌乐山辣子鸡超好吃 | 心,ocr/input_videos\上海__正大广场__20260826.mp4
OBS-001056,正大广场,吉的密吗,吉的密吗,黄金首饰,4.1,1183,5F,rated,True,,rated,parsed,rating_anchor,0.731,0.4866,34,10476,178.619,5F | 🌟🌟🌟🎉 | 4.1黄金首饰￥1183/人 | ★,兰吉韵密码 | 吉的密吗 | 5F | 🌟🌟🌟🎉 | 花朝祈运 | 4.1黄金首饰￥1183/人 | ★ | 饰品纯手工编织，独一无二” | 岁序千祥,ocr/input_videos\上海__正大广场__20260826.mp4
OBS-001057,正大广场,福奈特洗衣洗鞋,福奈特洗衣洗鞋,洗衣洗鞋,4.6,119,B1,rated,True,,rated,parsed,rating_anchor,0.9775,0.9998,54,10476,178.619,4.6洗衣洗鞋￥119/人 | B1,福奈特洗衣洗鞋 | FORNET | 4.6洗衣洗鞋￥119/人 | B1 | 上门取送 | 洗白效果出众，服务态度特别好 | Since 1997 | 惠￥77￥88 | 【到店洗衣】任洗1件羽绒服/.... | 惠￥45￥50代金券,ocr/input_videos\上海__正大广场__20260826.mp4
OBS-001058,正大广场,华为智能生活馆,华为智能生活馆,数码产品,4.9,4861,2F,rated,True,,rated,parsed,rating_anchor,0.9856,0.9994,54,10476,178.619,🌟🌟🌈🌈🌟4.9 | 2F | 数码产品￥4861/人,华为智能生活馆 | 🌟🌟🌈🌈🌟4.9 | 2F | 数码产品￥4861/人 | HUAWEI | 点评榜单 | 陆家嘴商圈购物好评榜第1名 | 环境宽明亮，服务贴心无推销 | ￥9.9￥49机贴膜|华为机9.9享.. | 惠,ocr/input_videos\上海__正大广场__20260826.mp4
OBS-001059,正大广场,兴蜀府宴会厅·宝宝宴·生日宴·订...,兴蜀府宴会厅·宝宝宴·生日宴·订,宝宝宴/派对,4.8,236,4F,rated,True,,rated,parsed,rating_anchor,0.944,0.9308,53,10476,178.619,🌟🌟⭐⭐⭐4.8 | 宝宝宴/派对￥236/人 | 4F,兴蜀府宴会厅·宝宝宴·生日宴·订... | 🌟🌟⭐⭐⭐4.8 | 宝宝宴/派对￥236/人 | 4F | 点评榜单 | 陆家嘴商圈宝宝宴好评榜第1名 | 不婚实生口实|商务家|家富宴 | 陆家嘴江景宴会厅 | 菜品味道刚好，歌乐山辣子鸡超好吃 | 惠￥1￥100 | 【派对布置专属摄影】气球...,ocr/input_videos\上海__正大广场__20260826.mp4
OBS-001060,正大广场,新氧青春诊所,新氧青春诊所,医学美容,4.4,1342,7F,rated,True,,rated,parsed,rating_anchor,0.9815,0.9982,52,10476,178.619,4.4医学美容￥1342/人 | 7F,新氧青春诊所 | 美迪迈黄金微针 | 4.4医学美容￥1342/人 | 7F | 足量足发买1得3 | 升级冷风机版怕疼专用 | 品牌新客核销赠博乐达1次 | 皮肤光滑透亮，医生态度提醒到位 | 899 | ￥ | ￥199￥399元气超光子Pro全面部|光... | 惠,ocr/input_videos\上海__正大广场__20260826.mp4
OBS-001061,正大广场,兴蜀府宴会厅·宝宝宴·生日宴·订..,兴蜀府宴会厅·宝宝宴·生日宴·订,宝宝宴/派对,4.8,236,4F,rated,True,,rated,parsed,rating_anchor,0.9398,0.9498,56,10512,179.232,★4.8宝宝宴/派对￥236/人 | 4F,兴蜀府宴会厅·宝宝宴·生日宴·订.. | ★4.8宝宝宴/派对￥236/人 | 4F | 点评榜单 | 陆家嘴商圈宝宝宴好评榜第1名 | 不宴生日宴|商务宴宴 | 陆家嘴江景宴会厅 | 菜品味道刚好，歌乐山辣子鸡超好吃 | 惠￥1￥100 | 【派对布置专属摄影】气球..,ocr/input_videos\上海__正大广场__20260826.mp4
OBS-001062,正大广场,新氧青春诊所,新氧青春诊所,医学美容,4.4,1342,7F,rated,True,,rated,parsed,rating_anchor,0.9803,0.9955,50,10512,179.232,⭐🌟⭐ | 7F | 医学美容￥1342/人 | 4.4,新氧青春诊所 | 美迪迈黄金微针 | ⭐🌟⭐ | 7F | 医学美容￥1342/人 | 4.4 | 足量足发买1得3 | 升级冷风机版怕专用 | 品牌新客核销赠博乐达1次 | 皮肤光滑透亮，医生态度提醒到位 | 899 | ￥ | ￥199￥399元气超光子Pro全面部|光... | 惠,ocr/input_videos\上海__正大广场__20260826.mp4
OBS-001063,正大广场,学而思学习机,学而思学习机,课后辅导,4.1,,2F,rated,True,,rated,parsed,rating_anchor,0.962,0.9994,54,10512,179.232,⭐4.1课后辅导 | 2F,学而思学习机 | 开学季福利 | ⭐4.1课后辅导 | 2F | 学习内容超丰富，AI错题本功能实用 | ￥11999￥12999正价-学而思学习机T.. | 惠,ocr/input_videos\上海__正大广场__20260826.mp4
OBS-001064,正大广场,玛奴拉,玛奴拉,裁缝改衣,3.8,74,B1,rated,True,,rated,parsed,rating_anchor,0.9772,0.99,55,10512,179.232,🌟🌟🌟🌟 | B1 | 3.8裁缝改衣￥74/人,玛奴拉 | FORNET | 🌟🌟🌟🌟 | B1 | 3.8裁缝改衣￥74/人 | 福奈特·洗衣 | 改衣设计专业，环境有特色 | 洗社注包家居灌护上门送 | Sic0 1997,ocr/input_videos\上海__正大广场__20260826.mp4
OBS-001065,正大广场,兴蜀府宴会厅·宝宝宴·生日宴·订..,兴蜀府宴会厅·宝宝宴·生日宴·订,宝宝宴/派对,4.8,236,4F,rated,True,,rated,parsed,rating_anchor,0.9602,0.9543,56,10548,179.846,4.8宝宝宴/派对￥236/人 | 4F,兴蜀府宴会厅·宝宝宴·生日宴·订.. | 4.8宝宝宴/派对￥236/人 | 4F | 点评榜单 | 陆家嘴商圈宝宝宴好评榜第1名 | 不高生日室|商务|家室 | 菜品味道刚好，歌乐山辣子鸡超好吃 | 陆家嘴江景宴会厅 | “ | 惠 | 【派对布置专属摄影】气球... | ￥1￥100,ocr/input_videos\上海__正大广场__20260826.mp4
OBS-001066,正大广场,新氧青春诊所,新氧青春诊所,医学美容,4.4,1342,7F,rated,True,,rated,parsed,rating_anchor,0.9864,0.9979,51,10548,179.846,4.4医学美容￥1342/人 | 7F | ⭐🌟🌟⭐,新氧青春诊所 | 美迪迈黄金微针 | 4.4医学美容￥1342/人 | 7F | ⭐🌟🌟⭐ | 足量足发买1得3 | 升级冷风机版怕疼专用 | 品牌新客核销赠博乐达1次 | 皮肤光滑透亮，医生态度提醒到位 | “ | 899 | ￥ | ￥199￥399元气超光子Pro全面部|光... | 惠,ocr/input_videos\上海__正大广场__20260826.mp4
OBS-001067,正大广场,学而思学习机,学而思学习机,课后辅导,4.1,,2F,rated,True,,rated,parsed,rating_anchor,0.9988,0.9998,52,10548,179.846,⭐🌟🌟⭐🌟 | 2F | 4.1课后辅导,学而思学习机 | 开学季福利 | ⭐🌟🌟⭐🌟 | 2F | 4.1课后辅导 | 学习内容超丰富，AI错题本功能实用 | C | 和月量 | ￥11999￥12999正价-学而思学习机T.. | 惠,ocr/input_videos\上海__正大广场__20260826.mp4
OBS-001068,正大广场,玛奴拉,玛奴拉,裁缝改衣,3.8,74,B1,rated,True,,rated,parsed,rating_anchor,0.9622,0.994,61,10548,179.846,B1 | 3.8裁缝改衣￥74/人,玛奴拉 | FORNET | B1 | 3.8裁缝改衣￥74/人 | 福奈特·洗衣 | 改衣设计专业，环境有特色 | 5 | 洗鞋洗包家居奢护上门联送 | Since 1997,ocr/input_videos\上海__正大广场__20260826.mp4
OBS-001069,正大广场,兴蜀府宴会厅·宝宝宴·生日宴·订.,兴蜀府宴会厅·宝宝宴·生日宴·订.,宝宝宴/派对,4.8,236,4F,rated,True,,rated,parsed,rating_anchor,0.9631,0.9608,55,10560,180.051,4F | 4.8宝宝宴/派对￥236/人,兴蜀府宴会厅·宝宝宴·生日宴·订. | 4F | 4.8宝宝宴/派对￥236/人 | 点评榜单 | 陆家嘴商圈宝宝宴好评榜第1名 | 不婚实生口家|商务家|家富室 | 陆家嘴江景宴会厅 | 菜品味道刚好，歌乐山辣子鸡超好吃 | “ | ￥1￥100 | 惠 | 【派对布置专属摄影】气球...,ocr/input_videos\上海__正大广场__20260826.mp4
OBS-001070,正大广场,新氧青春诊所,新氧青春诊所,医学美容,4.4,1342,7F,rated,True,,rated,parsed,rating_anchor,0.9855,0.993,52,10560,180.051,7F | 🌟🌟⭐🌟🌟 | 4.4医学美容￥1342/人,新氧青春诊所 | 美迪迈黄金微针 | 7F | 🌟🌟⭐🌟🌟 | 4.4医学美容￥1342/人 | 足量足发买1得3 | 升级冷风机版怕疼专用 | 皮肤光滑透亮，医生态度提醒到位 | 品牌新客核销赠博乐达1次 | “ | ￥ | 惠￥199￥399元气超光子Pro全面部|光...,ocr/input_videos\上海__正大广场__20260826.mp4
OBS-001071,正大广场,学而思学习机,学而思学习机,课后辅导,4.1,,2F,rated,True,,rated,parsed,rating_anchor,0.9989,0.9997,51,10560,180.051,2F | ★★★★★ | 4.1课后辅导,学而思学习机 | 开学季福利 | 2F | ★★★★★ | 4.1课后辅导 | 学习内容超丰富，AI错题本功能实用” | ￥11999￥12999正价-学而思学习机T... | 惠,ocr/input_videos\上海__正大广场__20260826.mp4
OBS-001072,正大广场,玛奴拉,玛奴拉,裁缝改衣,3.8,74,B1,rated,True,,rated,parsed,rating_anchor,0.9692,0.9983,58,10560,180.051,3.8裁缝改衣￥74/人 | B1,玛奴拉 | FORNET | 3.8裁缝改衣￥74/人 | B1 | 福奈特·洗衣 | 改衣设计专业，环境有特色 | 5 | 洗鞋洗色家唇奢护上门联谱 | Snce 1997,ocr/input_videos\上海__正大广场__20260826.mp4
OBS-001073,正大广场,全家便利店,全家便利店,超市便利,4.8,20,B1,rated,True,,rated,parsed,rating_anchor,0.9783,0.9976,55,10560,180.051,⭐⭐⭐4.8 | B1 | 超市便利￥20/人,全家便利店 | ⭐⭐⭐4.8 | B1 | 超市便利￥20/人,ocr/input_videos\上海__正大广场__20260826.mp4
OBS-001074,正大广场,兴蜀府宴会厅·宝宝宴·生日宴·订..,兴蜀府宴会厅·宝宝宴·生日宴·订,宝宝宴/派对,4.8,236,4F,rated,True,,rated,parsed,rating_anchor,0.9615,0.9514,55,10596,180.665,4F | 4.8宝宝宴/派对￥236/人,兴蜀府宴会厅·宝宝宴·生日宴·订.. | 4F | 4.8宝宝宴/派对￥236/人 | 点评榜单 | 陆家嘴商圈宝宝宴好评榜第1名 | 不婚实生日实|商务家|家店室 | 陆家嘴江景宴会厅 | 菜品味道刚好，歌乐山辣子鸡超好吃 | “ | ￥1￥100 | 惠 | 【派对布置专属摄影】气球..,ocr/input_videos\上海__正大广场__20260826.mp4
OBS-001075,正大广场,新氧青春诊所,新氧青春诊所,医学美容,4.4,1342,7F,rated,True,,rated,parsed,rating_anchor,0.9834,0.9925,52,10596,180.665,7F | 🌟🌟⭐⭐ | 4.4医学美容￥1342/人 | ★,新氧青春诊所 | 美迪迈黄金微针 | 7F | 🌟🌟⭐⭐ | 4.4医学美容￥1342/人 | ★ | 足量足发买1得3 | 升级冷风机版怕疼专用 | 皮肤光滑透亮，医生态度提醒到位 | 品牌新客核销赠博乐达1次 | “ | ￥ | 惠￥199￥399元气超光子Pro全面部|光...,ocr/input_videos\上海__正大广场__20260826.mp4
OBS-001076,正大广场,学而思学习机,学而思学习机,课后辅导,4.1,,2F,rated,True,,rated,parsed,rating_anchor,0.9994,0.9998,51,10596,180.665,2F | ★★★★★ | 4.1课后辅导,学而思学习机 | 开学季福利 | 2F | ★★★★★ | 4.1课后辅导 | 学习内容超丰富，AI错题本功能实用” | 惠 | ￥11999￥12999正价-学而思学习机T...,ocr/input_videos\上海__正大广场__20260826.mp4
OBS-001077,正大广场,玛奴拉,玛奴拉,裁缝改衣,3.8,74,B1,rated,True,,rated,parsed,rating_anchor,0.9713,0.9985,58,10596,180.665,3.8裁缝改衣￥74/人 | B1,玛奴拉 | FORNET | 3.8裁缝改衣￥74/人 | B1 | 福奈特·洗衣 | 改衣设计专业，环境有特色 | 5 | 洗鞋洗包家居奢护上门联送 | 5nce 1997,ocr/input_videos\上海__正大广场__20260826.mp4
OBS-001078,正大广场,全家便利店,全家便利店,超市便利,4.8,20,B1,rated,True,,rated,parsed,rating_anchor,0.9742,0.9977,55,10596,180.665,⭐⭐⭐4.8 | B1 | 超市便利￥20/人,全家便利店 | ⭐⭐⭐4.8 | B1 | 超市便利￥20/人,ocr/input_videos\上海__正大广场__20260826.mp4
OBS-001079,正大广场,兴蜀府宴会厅·宝宝宴·生日宴·订...,兴蜀府宴会厅·宝宝宴·生日宴·订,宝宝宴/派对,4.8,236,4F,rated,True,,rated,parsed,rating_anchor,0.9536,0.949,50,10620,181.074,⭐🌟⭐⭐⭐4.8 | 宝宝宴/派对￥236/人 | 4F,兴蜀府宴会厅·宝宝宴·生日宴·订... | ⭐🌟⭐⭐⭐4.8 | 宝宝宴/派对￥236/人 | 4F | 点评榜单 | 陆家嘴商圈宝宝宴好评榜第1名 | 环婚实生目实|商务宴|家富室 | 陆家嘴江景宴会厅 | 菜品味道刚好，歌乐山辣子鸡超好吃 | 【派对布置专属摄影】气球... | ￥1￥100 | 惠,ocr/input_videos\上海__正大广场__20260826.mp4
OBS-001080,正大广场,新氧青春诊所,新氧青春诊所,医学美容,4.4,1342,7F,rated,True,,rated,parsed,rating_anchor,0.9825,0.9939,51,10620,181.074,⭐🌟⭐⭐ | 7F | 医学美容￥1342/人 | 4.4,新氧青春诊所 | 美迪迈黄金微针 | ⭐🌟⭐⭐ | 7F | 医学美容￥1342/人 | 4.4 | 足量足发买1得3 | 升级冷风机版怕疼专用 | 品牌新客核销赠博乐达1次 | 皮肤光滑透亮，医生态度提醒到位 | 899 | ￥ | 惠￥199￥399元气超光子Pro全面部|光...,ocr/input_videos\上海__正大广场__20260826.mp4
OBS-001081,正大广场,学而思学习机,学而思学习机,课后辅导,4.1,,2F,rated,True,,rated,parsed,rating_anchor,0.9507,0.9996,52,10620,181.074,2F | ⭐⭐⭐4.1课后辅导,学而思学习机 | 开学季福利 | 2F | ⭐⭐⭐4.1课后辅导 | 学习内容超丰富，AI错题本功能实用 | ““ | 惠 | ￥11999￥12999正价-学而思学习机T..,ocr/input_videos\上海__正大广场__20260826.mp4
OBS-001082,正大广场,玛奴拉,玛奴拉,裁缝改衣,3.8,74,B1,rated,True,,rated,parsed,rating_anchor,0.9682,0.9922,55,10620,181.074,⭐🌟🌟🌟🌟 | 裁缝改衣￥74/人 | B1 | 3.8,玛奴拉 | FORNET | ⭐🌟🌟🌟🌟 | 裁缝改衣￥74/人 | B1 | 3.8 | 福奈特·洗衣 | 改衣设计专业，环境有特色 | 洗鞋洗包家居奢护上门取送 | Slnce 1997,ocr/input_videos\上海__正大广场__20260826.mp4
OBS-001083,正大广场,全家便利店,全家便利店,超市便利,4.8,20,B1,rated,True,,rated,parsed,rating_anchor,0.9815,0.9982,52,10620,181.074,⭐⭐⭐⭐4.8 | B1 | 超市便利￥20/人,全家便利店 | ⭐⭐⭐⭐4.8 | B1 | 超市便利￥20/人 | 点评榜单 | 陆家嘴商圈超市便利热门榜第2名 | 全家FamilyMart | 便利店餐饮DIY，价格实惠满足感 | 2,ocr/input_videos\上海__正大广场__20260826.mp4
OBS-001084,正大广场,玛奴拉,玛奴拉,裁缝改衣,3.8,74,B1,rated,True,,rated,parsed,rating_anchor,0.9769,0.9985,58,10668,181.892,🌟🌟⭐🌟🌟 | B1 | 裁缝改衣￥74/人 | 3.8,玛奴拉 | FORNET | 🌟🌟⭐🌟🌟 | B1 | 裁缝改衣￥74/人 | 3.8 | 福奈特·洗衣 | 改衣设计专业，环境有特色” | 洗社洗权家居灌护上门彩送 | Sec0 1997,ocr/input_videos\上海__正大广场__20260826.mp4
OBS-001085,正大广场,全家便利店,全家便利店,超市便利,4.8,20,B1,rated,True,,rated,parsed,rating_anchor,0.9615,0.9977,55,10668,181.892,4.8超市便利￥20/人 | B1,全家便利店 | 4.8超市便利￥20/人 | B1 | 点评榜单 | 陆家嘴商圈超市便利热门榜第2名 | 全家FamilyMart | 便利店餐饮DIY，价格实惠满足感 | 3 | G | ￥3.5￥5 | 惠 | 【2个装】茶叶蛋【全家】,ocr/input_videos\上海__正大广场__20260826.mp4
OBS-001086,正大广场,LANNI蘭泰式古法按摩,LANNI兰泰式古法按摩,精油SPA,4.8,357,6F,rated,True,,rated,parsed,rating_anchor,0.9794,0.9951,48,10668,181.892,6F | 4.8精油SPA￥357/人,LANNI蘭泰式古法按摩 | Lann | 6F | 4.8精油SPA￥357/人 | 品牌人气榜 | -2025年度 | 陆家嘴商圈精油SPA销量榜第2名 | 80+门店 | 泰式古法按摩，舒适放松 | 全国 | ￥498 | ￥4108.5折 | 惠 | 【全身精油】泰式S...,ocr/input_videos\上海__正大广场__20260826.mp4
OBS-001087,正大广场,贝密丝健发养发中心,贝密丝健发养发中心,养发,4.4,127,4F,rated,True,,rated,parsed,rating_anchor,0.9466,0.9978,53,10668,181.892,4F | ★4.4养发￥127/人,贝密丝健发养发中心 | BNS | 4F | ★4.4养发￥127/人 | 手法细致，洗得很舒服 | S | 暂停营业,ocr/input_videos\上海__正大广场__20260826.mp4
OBS-001088,正大广场,东森自然美·科技美肤·直营店,东森自然美·科技美肤·直营店,皮肤管理,4.6,237,7F,rated,True,,rated,parsed,rating_anchor,0.9681,0.9669,51,10668,181.892,🌟🌟⭐🌟 | 7F | 4.6皮肤管理￥237/人,东森自然美·科技美肤·直营店 | n35002 | 热理红剂美 | 🌟🌟⭐🌟 | 7F | 4.6皮肤管理￥237/人 | 回然就是美 | 陆家嘴商圈皮肤管理销量榜第6名 | 环境舒适整洁，皮肤滑溜溜的”,ocr/input_videos\上海__正大广场__20260826.mp4
OBS-001089,正大广场,玛奴拉,玛奴拉,裁缝改衣,3.8,74,B1,rated,True,,rated,parsed,rating_anchor,0.9827,0.9981,61,10836,184.757,B1 | 🌟🌟🎉🌟🌟 | 3.8裁缝改衣￥74/人,玛奴拉 | FORNET | B1 | 🌟🌟🎉🌟🌟 | 3.8裁缝改衣￥74/人 | 福奈特·洗衣 | 改衣设计专业，环境有特色 | S | 洗鞋洗权家居奢护上门教送 | Siec0 1997,ocr/input_videos\上海__正大广场__20260826.mp4
OBS-001090,正大广场,全家便利店,全家便利店,超市便利,4.8,20,B1,rated,True,,rated,parsed,rating_anchor,0.9752,0.9978,56,10836,184.757,B1 | ★🌟★★🌟 | 超市便利￥20/人 | 4.8,全家便利店 | B1 | ★🌟★★🌟 | 超市便利￥20/人 | 4.8 | 点评榜单 | 陆家嘴商圈超市便利热门榜第2名 | 全家FamilyMart | 便利店餐饮DIY，价格实惠满足感 | ￥3.5￥5 | 【2个装】茶叶蛋【全家】 | 惠,ocr/input_videos\上海__正大广场__20260826.mp4
OBS-001091,正大广场,LANNI蘭泰式古法按摩,LANNI兰泰式古法按摩,精油SPA,4.8,357,6F,rated,True,,rated,parsed,rating_anchor,0.9798,0.9947,48,10836,184.757,🌟🌟🌟🌟🎉4.8 | 6F | 精油SPA￥357/人,LANNI蘭泰式古法按摩 | Lann | 🌟🌟🌟🌟🎉4.8 | 6F | 精油SPA￥357/人 | 品牌人气榜 | -2025年度 | 陆家嘴商圈精油SPA销量榜第2名 | 80+门店 | 全国 | 泰式古法按摩，舒适放松 | “ | ￥4108.5折 | ￥498 | 惠 | 【全身精油】泰式S...,ocr/input_videos\上海__正大广场__20260826.mp4
OBS-001092,正大广场,贝密丝健发养发中心,贝密丝健发养发中心,养发,4.4,127,4F,rated,True,,rated,parsed,rating_anchor,0.9658,0.9983,51,10836,184.757,4.4养发￥127/人 | 4F,贝密丝健发养发中心 | BNIS | 4.4养发￥127/人 | 4F | 手法细致，洗得很舒服 | K | 暂停营业,ocr/input_videos\上海__正大广场__20260826.mp4
OBS-001093,正大广场,东森自然美·科技美肤·直营店,东森自然美·科技美肤·直营店,皮肤管理,4.6,237,7F,rated,True,,rated,parsed,rating_anchor,0.9577,0.971,51,10836,184.757,4.6皮肤管理￥237/人 | 7F,东森自然美·科技美肤·直营店 | r35000 | 红新美 | 4.6皮肤管理￥237/人 | 7F | 回新教是美 | 陆家嘴商圈皮肤管理销量榜第6名 | 环境舒适整洁，皮肤滑溜溜的,ocr/input_videos\上海__正大广场__20260826.mp4
OBS-001094,正大广场,全家便利店,全家便利店,超市便利,4.8,20,B1,rated,True,,rated,parsed,rating_anchor,0.9741,0.9982,56,10848,184.961,🌟4.8 | B1 | 超市便利￥20/人,全家便利店 | 🌟4.8 | B1 | 超市便利￥20/人 | 点评榜单 | 陆家嘴商圈超市便利热门榜第2名 | 全家FamilyMart | 便利店餐饮DIY，价格实惠满足感 | ￥3.5￥5 | 惠 | 【2个装】茶叶蛋【全家】,ocr/input_videos\上海__正大广场__20260826.mp4
OBS-001095,正大广场,LANNI蘭泰式古法按摩,LANNI兰泰式古法按摩,精油SPA,4.8,357,6F,rated,True,,rated,parsed,rating_anchor,0.9676,0.9828,54,10848,184.961,6F | 4.8精油SPA￥357/人,LANNI蘭泰式古法按摩 | Lann | 6F | 4.8精油SPA￥357/人 | 品牌人气榜》 | -2025年度- | 陆家嘴商圈精油SPA销量榜第2名 | 全国80+门店 | 泰式古法按摩，舒适放松 | 31 | 5 | ￥4108.5折 | ￥498 | 惠 | 【全身精油】泰式S...,ocr/input_videos\上海__正大广场__20260826.mp4
OBS-001096,正大广场,贝密丝健发养发中心,贝密丝健发养发中心,养发,4.4,127,4F,rated,True,,rated,parsed,rating_anchor,0.9598,0.995,54,10848,184.961,4F | 4.4养发￥127/人,贝密丝健发养发中心 | BMIS | 4F | 4.4养发￥127/人 | 手法细致，洗得很舒服” | 暂停营业,ocr/input_videos\上海__正大广场__20260826.mp4
OBS-001097,正大广场,东森自然美·科技美肤·直营店,东森自然美·科技美肤·直营店,皮肤管理,4.6,237,7F,rated,True,,rated,parsed,rating_anchor,0.963,0.9786,51,10848,184.961,7F | 4.6皮肤管理￥237/人,东森自然美·科技美肤·直营店 | n30 | 自 | 7F | 4.6皮肤管理￥237/人 | 自然就是美 | 陆家嘴商圈皮肤管理销量榜第6名 | 环境舒适整洁，皮肤滑溜溜的” | ￥982.5折 | ￥128060分钟清洁补水一 | 惠,ocr/input_videos\上海__正大广场__20260826.mp4
OBS-001098,正大广场,DP私教,DP私教,私教工作室,4.1,5486,5F,rated,True,,rated,parsed,rating_anchor,0.9621,0.9992,57,10848,184.961,🌟🌟🌟⭐ | 5F | 4.1私教工作室￥5486/人,DP私教 | d | 🌟🌟🌟⭐ | 5F | S | 4.1私教工作室￥5486/人 | CPOTINEY | 陆家嘴商圈私教/团操工作室销量榜第10名 | 13周年庆典 | 瘦身大计，从现在开始！ | 33 | ￥49.95折 | 【减脂塑形】|新人 | 惠 | ￥798,ocr/input_videos\上海__正大广场__20260826.mp4
OBS-001099,正大广场,贝密丝健发养发中心,贝密丝健发养发中心,养发,4.4,127,4F,rated,True,,rated,parsed,rating_anchor,0.9629,0.987,54,10896,185.78,4.4养发￥127/人 | 4F,贝密丝健发养发中心 | BAIS | 4.4养发￥127/人 | 4F | 手法细致，洗得很舒服 | 暂停营业,ocr/input_videos\上海__正大广场__20260826.mp4
OBS-001100,正大广场,东森自然美·科技美肤·直营店,东森自然美·科技美肤·直营店,皮肤管理,4.6,237,7F,rated,True,,rated,parsed,rating_anchor,0.9558,0.968,54,10896,185.78,4.6皮肤管理￥237/人 | 7F,东森自然美·科技美肤·直营店 | n300热 | OCEWWBDY | 法辉自然英 | 4.6皮肤管理￥237/人 | 7F | 自然材题美 | 陆家嘴商圈皮肤管理销量榜第6名 | 环境舒适整洁，皮肤滑溜溜的 | ￥982.5折 | ￥128060分钟清洁补水|…. | 惠,ocr/input_videos\上海__正大广场__20260826.mp4
OBS-001101,正大广场,DP私教,DP私教,私教工作室,4.1,5486,5F,rated,True,,rated,parsed,rating_anchor,0.983,0.9993,56,10896,185.78,⭐🌟🌟🌟🌟 | 5F | 4.1私教工作室￥5486/人,DP私教 | 中 | ⭐🌟🌟🌟🌟 | 5F | 4.1私教工作室￥5486/人 | CPOTENE | 陆家嘴商圈私教/团操工作室销量榜第10名 | 13周年庆典 | 瘦身大计，从现在开始！ | 3 | ￥49.9 | ￥798 | 5折 | 【减脂塑形】|新人… | 惠,ocr/input_videos\上海__正大广场__20260826.mp4
OBS-001102,正大广场,乐摩吧,乐摩吧,智能按摩空间,3.8,19,5F,rated,True,,rated,parsed,rating_anchor,0.9866,1.0,64,10896,185.78,3.8智能按摩空间￥19/人 | 5F,乐摩吧 | 承司乐 | （乐南电） | 地具卖 | 3.8智能按摩空间￥19/人 | 5F | 乐摩吧 | LEMOBAR,ocr/input_videos\上海__正大广场__20260826.mp4
OBS-001103,正大广场,新洁·洗衣洗鞋精致洗护,新洁·洗衣洗鞋精致洗护,洗衣洗鞋,3.7,46,B1,rated,True,,rated,parsed,rating_anchor,0.9625,0.9725,48,10896,185.78,3.7洗衣洗鞋￥46/人 | B1,新洁·洗衣洗鞋精致洗护 | 3.7洗衣洗鞋￥46/人 | B1 | 陆家嘴商圈洗涤回头客榜实体店第6名 | Eresh 新洁 | 羽绒服洗得超级干净，还很蓬松！ | 3 | “ | ￥26￥35 | 惠 | 【到店干洗】羽绒服大衣球鞋...,ocr/input_videos\上海__正大广场__20260826.mp4
OBS-001104,正大广场,乐摩吧,乐摩吧,智能按摩空间,3.8,19,5F,rated,True,,rated,parsed,rating_anchor,0.9814,0.9999,59,11016,187.826,3.8智能按摩空间￥19/人 | 5F,乐摩吧 | 承网 | 乐承电器） | 3.8智能按摩空间￥19/人 | 5F | 乐摩吧 | 米 | LEMOBAR,ocr/input_videos\上海__正大广场__20260826.mp4
OBS-001105,正大广场,新洁·洗衣洗鞋精致洗护,新洁·洗衣洗鞋精致洗护,洗衣洗鞋,3.7,46,B1,rated,True,,rated,parsed,rating_anchor,0.9705,0.9825,54,11016,187.826,🌟🌟🌟🌟🌟 | 3.7洗衣洗鞋￥46/人 | B1,新洁·洗衣洗鞋精致洗护 | 🌟🌟🌟🌟🌟 | 3.7洗衣洗鞋￥46/人 | B1 | 陆家嘴商圈洗涤回头客榜实体店第6名 | Fresh | 新洁 | Clean | 3 | 羽绒服洗得超级干净，还很蓬松！ | ￥26￥35 | 【到店干洗】羽绒服大衣球鞋... | 惠,ocr/input_videos\上海__正大广场__20260826.mp4
OBS-001106,正大广场,BOLON暴龙眼镜,BOLON暴龙眼镜,眼镜店,4.8,813,3F,rated,True,,rated,parsed,rating_anchor,0.9806,0.999,51,11016,187.826,⭐4.8 | 3F | 眼镜店￥813/人,BOLON暴龙眼镜 | ⭐4.8 | 3F | 眼镜店￥813/人 | BOLON | EYEWEAR | 点评榜单 | 陆家嘴商圈眼镜店好评榜第7名 | 款式多样，店员专业热情 | “,ocr/input_videos\上海__正大广场__20260826.mp4
OBS-001107,正大广场,史云逊养发护发,史云逊养发护发,养发,4.1,108,5F,rated,True,,rated,parsed,rating_anchor,0.9693,0.9997,55,11016,187.826,4.1养发￥108/人 | 5F,史云逊养发护发 | S | 4.1养发￥108/人 | 5F | “环境安静适合放松，按摩舒适头洗干净” | 史云逊 | SVENSON | ￥239￥357 | 惠 | 【头皮清洁】保湿补水头...,ocr/input_videos\上海__正大广场__20260826.mp4
OBS-001108,正大广场,海马体照相馆,海马体照相馆,快照摄影,4.1,232,2F,rated,True,,rated,parsed,rating_anchor,0.9817,0.9998,55,11016,187.826,2F | 🌟🌟⭐ | 4.1快照摄影￥232/人 | ★,海马体照相馆 | 2F | 🌟🌟⭐ | 4.1快照摄影￥232/人 | ★ | 浦东新区情侣写真销量榜第3名 | 白美 | 我的人生证件照 | 拍照技术一流，环境舒适 | ￥919.7折 | ￥99 | 惠 | 【毕业季热卖】儿童证...,ocr/input_videos\上海__正大广场__20260826.mp4
OBS-001109,正大广场,乐摩吧,乐摩吧,智能按摩空间,3.8,19,5F,rated,True,,rated,parsed,rating_anchor,0.9897,1.0,60,11028,188.03,🌟🌟🌟🌟🌟 | 5F | 3.8智能按摩空间￥19/人,乐摩吧 | 原开州乐理 | （电号） | 唐具花 | 🌟🌟🌟🌟🌟 | 5F | 3.8智能按摩空间￥19/人 | 乐摩吧 | 米 | LEMOBAR,ocr/input_videos\上海__正大广场__20260826.mp4
OBS-001110,正大广场,新洁·洗衣洗鞋精致洗护,新洁·洗衣洗鞋精致洗护,洗衣洗鞋,3.7,46,B1,rated,True,,rated,parsed,rating_anchor,0.9643,0.9841,54,11028,188.03,B1 | 3.7洗衣洗鞋￥46/人,新洁·洗衣洗鞋精致洗护 | B1 | 3.7洗衣洗鞋￥46/人 | 陆家嘴商圈洗涤回头客榜实体店第6名 | Fresh | 新洁 | 羽绒服洗得超级干净，还很蓬松！ | 3 | ￥26￥35 | 惠 | 【到店干洗】羽绒服大衣球鞋...,ocr/input_videos\上海__正大广场__20260826.mp4
OBS-001111,正大广场,BOLON暴龙眼镜,BOLON暴龙眼镜,眼镜店,4.8,813,3F,rated,True,,rated,parsed,rating_anchor,0.9819,0.9991,51,11028,188.03,3F | 眼镜店￥813/人 | 🌟🌟🎉🎉⭐4.8,BOLON暴龙眼镜 | 3F | 眼镜店￥813/人 | 🌟🌟🎉🎉⭐4.8 | BOLON | CYCWEAR | 点评榜单 | 陆家嘴商圈眼镜店好评榜第7名 | 款式多样，店员专业热情 | 2,ocr/input_videos\上海__正大广场__20260826.mp4
OBS-001112,正大广场,史云逊养发护发,史云逊养发护发,养发,4.1,108,5F,rated,True,,rated,parsed,rating_anchor,0.9771,0.9996,51,11028,188.03,5F | 4.1养发￥108/人,史云逊养发护发 | S | 5F | 4.1养发￥108/人 | 史云逊 | 环境安静适合放松，按摩舒适头洗干净 | SVENSON | ￥239￥357 | 【头皮清洁】保湿补水头... | 惠,ocr/input_videos\上海__正大广场__20260826.mp4
OBS-001113,正大广场,海马体照相馆,海马体照相馆,快照摄影,4.1,232,2F,rated,True,,rated,parsed,rating_anchor,0.9843,0.9998,55,11028,188.03,🌟🌟🌟🎉 | 2F | 4.1快照摄影￥232/人,海马体照相馆 | 🌟🌟🌟🎉 | 2F | 4.1快照摄影￥232/人 | 浦东新区情侣写真销量榜第3名 | 我的人生证件照 | 拍照技术一流，环境舒适 | ￥919.7折 | ￥99 | 【毕业季热卖】儿童证... | 惠,ocr/input_videos\上海__正大广场__20260826.mp4
OBS-001114,正大广场,乐摩吧,乐摩吧,智能按摩空间,3.8,19,5F,rated,True,,rated,parsed,rating_anchor,0.9471,0.9238,46,11076,188.849,⭐🌟⭐3.8 | 5F | 智能按摩空间￥19/人,乐摩吧 | ⭐🌟⭐3.8 | 5F | 智能按摩空间￥19/人 | 乐摩吧 | 米 | LEMOBAR,ocr/input_videos\上海__正大广场__20260826.mp4
OBS-001115,正大广场,新洁·洗衣洗鞋精致洗护,新洁·洗衣洗鞋精致洗护,洗衣洗鞋,3.7,46,B1,rated,True,,rated,parsed,rating_anchor,0.9655,0.9835,51,11076,188.849,3.7洗衣洗鞋￥46/人 | B1,新洁·洗衣洗鞋精致洗护 | 3.7洗衣洗鞋￥46/人 | B1 | 陆家嘴商圈洗涤回头客榜实体店第6名 | Fresh | 新洁 | Clean | 羽绒服洗得超级干净，还很蓬松！ | ￥26￥35 | 惠 | 【到店干洗】羽绒服大衣球鞋...,ocr/input_videos\上海__正大广场__20260826.mp4
OBS-001116,正大广场,BOLON暴龙眼镜,BOLON暴龙眼镜,眼镜店,4.8,813,3F,rated,True,,rated,parsed,rating_anchor,0.9723,0.9936,51,11076,188.849,3F | ⭐🌟⭐⭐⭐4.8 | 眼镜店￥813/人,BOLON暴龙眼镜 | 3F | ⭐🌟⭐⭐⭐4.8 | 眼镜店￥813/人 | BOLON | EYEWEAR | 点评榜单 | 陆家嘴商圈眼镜店好评榜第7名 | 款式多样，店员专业热情,ocr/input_videos\上海__正大广场__20260826.mp4
OBS-001117,正大广场,史云逊养发护发,史云逊养发护发,养发,4.1,108,5F,rated,True,,rated,parsed,rating_anchor,0.9738,0.9998,52,11076,188.849,4.1养发￥108/人 | 5F,史云逊养发护发 | S | 4.1养发￥108/人 | 5F | 环境安静适合放松，按摩舒适头洗干净” | 史云逊 | SVENSON | ￥239￥357 | 惠 | 【头皮清洁】保湿补水头...,ocr/input_videos\上海__正大广场__20260826.mp4
OBS-001118,正大广场,海马体照相馆,海马体照相馆,快照摄影,4.1,232,2F,rated,True,,rated,parsed,rating_anchor,0.9889,0.9994,55,11076,188.849,2F | 🌟🌟⭐⭐ | 4.1快照摄影￥232/人,海马体照相馆 | 2F | 🌟🌟⭐⭐ | 4.1快照摄影￥232/人 | 浦东新区情侣写真销量榜第3名 | 白美 | 我的人生证件照 | 拍照技术一流，环境舒适 | 小 | 3 | ￥919.7折 | ￥99 | 惠 | 【毕业季热卖】儿童证...,ocr/input_videos\上海__正大广场__20260826.mp4
OBS-001119,正大广场,新洁·洗衣洗鞋精致洗护,新洁·洗衣洗鞋精致洗护,洗衣洗鞋,3.7,46,B1,rated,True,,rated,parsed,rating_anchor,0.9753,0.9854,54,11124,189.667,B1 | 洗衣洗鞋￥46/人 | ⭐🌟⭐🌟⭐3.7,新洁·洗衣洗鞋精致洗护 | B1 | 洗衣洗鞋￥46/人 | ⭐🌟⭐🌟⭐3.7 | 陆家嘴商圈洗涤回头客榜实体店第6名 | Fresh | 新洁 | “ | 羽绒服洗得超级干净，还很蓬松！ | ” | ￥26￥35 | 惠 | 【到店干洗】羽绒服大衣球鞋...,ocr/input_videos\上海__正大广场__20260826.mp4
OBS-001120,正大广场,BOLON暴龙眼镜,BOLON暴龙眼镜,眼镜店,,813,3F,unknown,True,,ocr_missing,parsed,metadata_anchor,0.9813,0.9989,51,11124,189.667,3F | 🌟🌟🌟🌟🌟 | 眼镜店￥813/人 | 14.8,BOLON暴龙眼镜 | 3F | 🌟🌟🌟🌟🌟 | 眼镜店￥813/人 | 14.8 | BOLON | ETEWEAR | 点评榜单 | 陆家嘴商圈眼镜店好评榜第7名 | 款式多样，店员专业热情,ocr/input_videos\上海__正大广场__20260826.mp4
OBS-001121,正大广场,史云逊养发护发,史云逊养发护发,养发,4.1,108,5F,rated,True,,rated,parsed,rating_anchor,0.9748,0.9995,51,11124,189.667,4.1养发￥108/人 | 5F,史云逊养发护发 | S | 4.1养发￥108/人 | 5F | 史云逊 | “环境安静适合放松，按摩舒适头洗干净 | SVENSON | ￥239￥357 | 【头皮清洁】保湿补水头... | 惠,ocr/input_videos\上海__正大广场__20260826.mp4
OBS-001122,正大广场,海马体照相馆,海马体照相馆,快照摄影,4.1,232,2F,rated,True,,rated,parsed,rating_anchor,0.9852,0.9986,51,11124,189.667,2F | 🌟🌟🌟⭐ | 4.1快照摄影￥232/人,海马体照相馆 | OEO | 2F | 🌟🌟🌟⭐ | 4.1快照摄影￥232/人 | 浦东新区情侣写真销量榜第3名 | 我的人生证件照 | 拍照技术一流，环境舒适 | ￥99 | 9.7折 | ￥91 | 惠 | 【毕业季热卖】儿童证...,ocr/input_videos\上海__正大广场__20260826.mp4
OBS-001123,正大广场,茂昌眼镜,茂昌眼镜,眼镜店,4.8,821,3F,rated,True,,rated,parsed,rating_anchor,0.9822,0.9992,59,11124,189.667,⭐⭐4.8 | 3F | 眼镜店￥821/人,茂昌眼镜 | ⭐⭐4.8 | 3F | 茂昌眼镜 | 眼镜店￥821/人,ocr/input_videos\上海__正大广场__20260826.mp4
OBS-001124,正大广场,史云逊养发护发,史云逊养发护发,养发,4.1,108,5F,rated,True,,rated,parsed,rating_anchor,0.9671,0.9994,51,11148,190.076,4.1养发￥108/人 | 5F,史云逊养发护发 | S | 4.1养发￥108/人 | 5F | “环境安静适合放松，按摩舒适头洗净” | 史云逊 | SVENSON | ￥239￥357 | 【头清洁】保湿补头... | 惠,ocr/input_videos\上海__正大广场__20260826.mp4
OBS-001125,正大广场,海马体照相馆,海马体照相馆,快照摄影,4.1,232,2F,rated,True,,rated,parsed,rating_anchor,0.965,0.9994,52,11148,190.076,2F | ★4.1快照摄影￥232/人,海马体照相馆 | OHOWa | 2F | ★4.1快照摄影￥232/人 | 浦东新区情侣写真销量榜第3名 | 我的人生证件照 | 拍照技术一流，环境舒适 | 《 | ￥919.7折 | ￥99 | 惠 | 【毕业季热卖】儿童证...,ocr/input_videos\上海__正大广场__20260826.mp4
OBS-001126,正大广场,茂昌眼镜,茂昌眼镜,眼镜店,4.8,821,3F,rated,True,,rated,parsed,rating_anchor,0.974,0.9991,59,11148,190.076,3F | 4.8眼镜店￥821/人,茂昌眼镜 | 3F | 4.8眼镜店￥821/人 | 茂昌眼镜 | MAOCHANG | 点评榜单 | 陆家嘴商圈眼镜店好评榜第8名 | 百联集团成员企业 | 装修风格老上海，验光配镜速度快 | 3 | 惠￥10￥300眼镜智耀膜升级券,ocr/input_videos\上海__正大广场__20260826.mp4
OBS-001127,正大广场,WOWBEAUTY,WOWBEAUTY,化妆品,3.8,191,3F,rated,True,,rated,parsed,rating_anchor,0.9712,0.9971,45,11148,190.076,3F | 3.8化妆品￥191/人,WOWBEAUTY | 3F | 3.8化妆品￥191/人 | WOW COLOUR | 位置便利，环境时尚现代 | ≤ | 惠￥1￥39 | 【需要提前预约】专业修眉服务,ocr/input_videos\上海__正大广场__20260826.mp4
OBS-001128,正大广场,《敦煌寻圣》大型沉浸式主题特展,《敦煌寻圣》大型沉浸式主题特展,演出/活动,,,8F,unrated,False,explicitly_unrated,unrated,parsed,unrated_anchor,0.9956,0.9993,54,11148,190.076,8F | 暂无星级演出/活动 | ★★★★★,《敦煌寻圣》大型沉浸式主题特展 | 8F | 暂无星级演出/活动 | ★★★★★,ocr/input_videos\上海__正大广场__20260826.mp4
OBS-001129,正大广场,史云逊养发护发,史云逊养发护发,养发,4.1,108,5F,rated,True,,rated,parsed,rating_anchor,0.9878,0.9996,59,11172,190.486,4.1养发￥108/人 | 🌟🌟🌟 | 5F | ★,史云逊养发护发 | S | 4.1养发￥108/人 | 🌟🌟🌟 | 5F | ★ | “环境安静适合放松，按摩舒适头洗干净 | 史云逊 | SVENSON | ￥239￥357 | 【头皮清洁】保湿补水头... | 惠,ocr/input_videos\上海__正大广场__20260826.mp4
OBS-001130,正大广场,海马体照相馆,海马体照相馆,快照摄影,4.1,232,2F,rated,True,,rated,parsed,rating_anchor,0.9828,0.9989,51,11172,190.486,⭐🌟🌟⭐ | 2F | 快照摄影￥232/人 | 4.1,海马体照相馆 | ⭐🌟🌟⭐ | 2F | 快照摄影￥232/人 | 4.1 | 浦东新区情侣写真销量榜第3名 | 我的人生证件照 | 拍照技术一流，环境舒适 | ￥919.7折 | ￥99 | 惠 | 【毕业季热卖】儿童证..,ocr/input_videos\上海__正大广场__20260826.mp4
OBS-001131,正大广场,茂昌眼镜,茂昌眼镜,眼镜店,4.8,821,3F,rated,True,,rated,parsed,rating_anchor,0.9771,0.9926,56,11172,190.486,3F | 🌟🌟🌟🌟🌟 | 眼镜店￥821/人 | 4.8,茂昌眼镜 | 茂昌眼镜 | 3F | 🌟🌟🌟🌟🌟 | 眼镜店￥821/人 | 4.8 | MAOCHANG | 点评榜单 | 陆家嘴商圈眼镜店好评榜第8名 | 西联集团成员企业 | 装修风格老上海，验光配镜速度快 | ￥10￥300眼镜智耀膜升级券 | 惠,ocr/input_videos\上海__正大广场__20260826.mp4
OBS-001132,正大广场,WOWBEAUTY,WOWBEAUTY,化妆品,3.8,191,3F,rated,True,,rated,parsed,rating_anchor,0.9738,0.9975,38,11172,190.486,🌟🌟🌟🌟🌟 | 3F | 化妆品￥191/人 | 3.8,WOWBEAUTY | 🌟🌟🌟🌟🌟 | 3F | 化妆品￥191/人 | 3.8 | WOW COLOUR | 位置便利，环境时尚现代 | 惠￥1￥39 | 【需要提前预约】专业修眉服务,ocr/input_videos\上海__正大广场__20260826.mp4
OBS-001133,正大广场,《敦煌寻圣》大型沉浸式主题特展,《敦煌寻圣》大型沉浸式主题特展,演出/活动,,,8F,unrated,False,explicitly_unrated,unrated,parsed,unrated_anchor,0.9983,0.9996,51,11172,190.486,8F | ★★★★★ | 暂无星级演出/活动,《敦煌寻圣》大型沉浸式主题特展 | 敦煌寻圣 | 8F | ★★★★★ | 暂无星级演出/活动 | 大型多体风漫式主聪特,ocr/input_videos\上海__正大广场__20260826.mp4
OBS-001134,正大广场,史云逊养发护发,史云逊养发护发,养发,4.1,108,5F,rated,True,,rated,parsed,rating_anchor,0.9766,0.9996,53,11220,191.304,4.1养发￥108/人 | 5F,史云逊养发护发 | S | 4.1养发￥108/人 | 5F | 史云逊 | 环境安静适合放松，按摩舒适头洗干净 | SVENSON | ￥239￥357 | 【头皮清洁】保湿补水头.. | 惠,ocr/input_videos\上海__正大广场__20260826.mp4
OBS-001135,正大广场,海马体照相馆,海马体照相馆,快照摄影,4.1,232,2F,rated,True,,rated,parsed,rating_anchor,0.9813,0.9992,51,11220,191.304,2F | 🌟🌟🎉🎉 | 4.1快照摄影￥232/人 | ★,海马体照相馆 | 2F | 🌟🌟🎉🎉 | 4.1快照摄影￥232/人 | ★ | 浦东新区情侣写真销量榜第3名 | 白然美 | 我的人生证件照 | 拍照技术一流，环境舒适 | ￥919.7折 | ￥99 | 惠 | 【毕业季热卖】儿童证...,ocr/input_videos\上海__正大广场__20260826.mp4
OBS-001136,正大广场,茂昌眼镜,茂昌眼镜,眼镜店,4.8,821,3F,rated,True,,rated,parsed,rating_anchor,0.9819,0.9944,56,11220,191.304,3F | 4.8眼镜店￥821/人,茂昌眼镜 | 茂昌眼镜 | 3F | 4.8眼镜店￥821/人 | MAOCHANG | 点评榜单 | 陆家嘴商圈眼镜店好评榜第8名 | 西集团成员企业 | 装修风格老上海，验光配镜速度快 | ￥10￥300眼镜智耀膜升级券 | 惠,ocr/input_videos\上海__正大广场__20260826.mp4
OBS-001137,正大广场,WOWBEAUTY,WOWBEAUTY,化妆品,3.8,191,3F,rated,True,,rated,parsed,rating_anchor,0.9771,0.9979,41,11220,191.304,3.8化妆品￥191/人 | 3F,WOWBEAUTY | 3.8化妆品￥191/人 | 3F | WOW COLOUR | 位置便利，环境时尚现代 | S | 惠￥1￥39 | 【需要提前预约】专业修眉服务,ocr/input_videos\上海__正大广场__20260826.mp4
OBS-001138,正大广场,《敦煌寻圣》大型沉浸式主题特展,《敦煌寻圣》大型沉浸式主题特展,演出/活动,,,8F,unrated,False,explicitly_unrated,unrated,parsed,unrated_anchor,0.9982,0.9996,56,11220,191.304,8F | 暂无星级演出/活动 | ★★★★★,《敦煌寻圣》大型沉浸式主题特展 | 敦煌寻圣 | 8F | 暂无星级演出/活动 | ★★★★★ | 大型多辉体风漫式主联特国,ocr/input_videos\上海__正大广场__20260826.mp4
OBS-001139,正大广场,茂昌眼镜,茂昌眼镜,眼镜店,4.8,821,3F,rated,True,,rated,parsed,rating_anchor,0.9787,0.997,56,11292,192.532,🌟🌟⭐🌟🌟 | 眼镜店￥821/人 | 3F | 4.8,茂昌眼镜 | 茂昌眼镜 | 🌟🌟⭐🌟🌟 | 眼镜店￥821/人 | 3F | 4.8 | MAOCHANG | 点评榜单 | 陆家嘴商圈眼镜店好评榜第8名 | 西联集团成企业 | 装修风格老上海，验光配镜速度快 | 3 | ￥10￥300 | 惠 | 眼镜智耀膜升级券,ocr/input_videos\上海__正大广场__20260826.mp4
OBS-001140,正大广场,WOWBEAUTY,WOWBEAUTY,化妆品,3.8,191,3F,rated,True,,rated,parsed,rating_anchor,0.979,0.9984,41,11292,192.532,⭐🌟⭐🌟⭐ | 化妆品￥191/人 | 3F | 3.8,WOWBEAUTY | ⭐🌟⭐🌟⭐ | 化妆品￥191/人 | 3F | 3.8 | WOW COLOUR | 位置便利，环境时尚现代 | 惠￥1￥39 | 【需要提前预约】专业修眉服务,ocr/input_videos\上海__正大广场__20260826.mp4
OBS-001141,正大广场,《敦煌寻圣》,《敦煌寻圣》,演出/活动,,,8F,unrated,False,explicitly_unrated,unrated,parsed,unrated_anchor,0.994,0.9996,52,11292,192.532,8F | ★★★★★ | 演出/活动 | 暂无星级,《敦煌寻圣》 | 大型沉浸式主题特展 | 敦煌寻圣 | 8F | ★★★★★ | 演出/活动 | 暂无星级 | 大型多媒停式漫式主联特国,ocr/input_videos\上海__正大广场__20260826.mp4
OBS-001142,正大广场,逸安启超级充电站,逸安启超级充电站,充电站/桩,,,B1,unrated,False,explicitly_unrated,unrated,parsed,unrated_anchor,0.9929,0.9989,54,11292,192.532,★★★★★ | B1 | 暂无星级 | 充电站/桩,逸安启超级充电站 | ★★★★★ | B1 | 暂无星级 | 充电站/桩 | 养车/用车,ocr/input_videos\上海__正大广场__20260826.mp4
OBS-001143,正大广场,BMS,BMS,更多购物场所,,,4F,unrated,False,explicitly_unrated,unrated,parsed,unrated_anchor,0.9975,0.9951,52,11292,192.532,★★★★★ | 更多购物场所 | 4F | 暂无星级,BMS | ★★★★★ | 更多购物场所 | 4F | 暂无星级 | 暂停营业 | CLMX | 尼处 | 新工司尔,ocr/input_videos\上海__正大广场__20260826.mp4
OBS-001144,正大广场,WOWBEAUTY,WOWBEAUTY,化妆品,3.8,191,3F,rated,True,,rated,parsed,rating_anchor,0.9797,0.9985,44,11328,193.145,3F | 化妆品￥191/人 | 🌟🌟🎉🌟🌟 | 3.8,WOWBEAUTY | 3F | 化妆品￥191/人 | 🌟🌟🎉🌟🌟 | 3.8 | WOW COLOUR | 位置便利，环境时尚现代 | ￥1￥39 | 惠 | 【需要提前预约】专业修眉服务,ocr/input_videos\上海__正大广场__20260826.mp4
OBS-001145,正大广场,《敦煌寻圣》大型沉浸式主题特展,《敦煌寻圣》大型沉浸式主题特展,演出/活动,,,8F,unrated,False,explicitly_unrated,unrated,parsed,unrated_anchor,0.9984,0.9994,53,11328,193.145,8F | ★★★★★ | 暂无星级演出/活动,《敦煌寻圣》大型沉浸式主题特展 | 敦煌寻圣 | 8F | ★★★★★ | 暂无星级演出/活动 | 大型多体众湿式主结园,ocr/input_videos\上海__正大广场__20260826.mp4
OBS-001146,正大广场,逸安启超级充电站,逸安启超级充电站,充电站/桩,,,B1,unrated,False,explicitly_unrated,unrated,parsed,unrated_anchor,0.992,0.9987,55,11328,193.145,暂无星级 | B1 | 充电站/桩 | ★★★★★,逸安启超级充电站 | 暂无星级 | B1 | 充电站/桩 | ★★★★★ | 养车/用车,ocr/input_videos\上海__正大广场__20260826.mp4
OBS-001147,正大广场,BMS,BMS,更多购物场所,,,4F,unrated,False,explicitly_unrated,unrated,parsed,unrated_anchor,0.9971,0.9943,51,11328,193.145,4F | ★★★★★ | 暂无星级 | 更多购物场所,BMS | 4F | ★★★★★ | 暂无星级 | 更多购物场所 | 暂停营业,ocr/input_videos\上海__正大广场__20260826.mp4
OBS-001148,正大广场,CLMX,CLMX,服饰....,,947,3F,unrated,False,explicitly_unrated,unrated,parsed,unrated_anchor,0.9161,0.9936,50,11328,193.145,服饰.... | ★★★★★ | ￥947/人3F | 暂无星级,"CLMX | CLMX | 服饰.... | ★★★★★ | ￥947/人3F | 暂无星级 | 质地柔软颜色鲜艳，穿上自信满满！ | """,ocr/input_videos\上海__正大广场__20260826.mp4
OBS-001149,正大广场,Alphabet爱法贝,Alphabet爱法贝,儿童服饰,,,2F,unrated,False,explicitly_unrated,unrated,parsed,unrated_anchor,0.9918,0.9847,61,11328,193.145,2F | ★★★★★ | 暂无星级 | 儿童服饰,Alphabet爱法贝 | HTLAR | 2F | ★★★★★ | 暂无星级 | 儿童服饰 | WapPy,ocr/input_videos\上海__正大广场__20260826.mp4
OBS-001150,正大广场,WOWBEAUTY,WOWBEAUTY,化妆品,3.8,191,3F,rated,True,,rated,parsed,rating_anchor,0.9795,0.9986,41,11364,193.759,化妆品￥191/人 | 3F | 🌟🌟🌟🌟🌟 | 3.8,WOWBEAUTY | 化妆品￥191/人 | 3F | 🌟🌟🌟🌟🌟 | 3.8 | WOW COLOUR | 位置便利，环境时尚现代 | C | ￥1￥39 | 【需要提前预约】 | 惠 | 专业修眉服务,ocr/input_videos\上海__正大广场__20260826.mp4
OBS-001151,正大广场,《敦煌寻圣》大型沉浸式主题特展,《敦煌寻圣》大型沉浸式主题特展,演出/活动,,,8F,unrated,False,explicitly_unrated,unrated,parsed,unrated_anchor,0.996,0.9996,59,11364,193.759,8F | ★★★★★ | 暂无星级 | 演出/活动,《敦煌寻圣》大型沉浸式主题特展 | 敦煌寻圣 | 8F | ★★★★★ | 暂无星级 | 演出/活动 | 大型多辉体风漫式主聪特国,ocr/input_videos\上海__正大广场__20260826.mp4
OBS-001152,正大广场,逸安启超级充电站,逸安启超级充电站,充电站/桩,,,B1,unrated,False,explicitly_unrated,unrated,parsed,unrated_anchor,0.9881,0.9882,55,11364,193.759,★★★★★ | 暂无星级 | 充电站/桩 | B1,逸安启超级充电站 | ★★★★★ | 暂无星级 | 充电站/桩 | B1 | 养车/用车,ocr/input_videos\上海__正大广场__20260826.mp4
OBS-001153,正大广场,BMS,BMS,更多购物场所,,,4F,unrated,False,explicitly_unrated,unrated,parsed,unrated_anchor,0.9979,0.9959,51,11364,193.759,4F | ★★★★★ | 暂无星级 | 更多购物场所,BMS | 4F | ★★★★★ | 暂无星级 | 更多购物场所 | 暂停营业,ocr/input_videos\上海__正大广场__20260826.mp4
OBS-001154,正大广场,CLMX,CLMX,服饰..,,947,3F,unrated,False,explicitly_unrated,unrated,parsed,unrated_anchor,0.8887,0.9955,47,11364,193.759,🌟🌟💥🌟🌟 | 暂无星级 | 服饰.. | ￥947/人 | 3F,CLMX | CLMX | 🌟🌟💥🌟🌟 | 暂无星级 | 服饰.. | ￥947/人 | 3F | 质地柔软颜色鲜艳，穿上自信满满！ | ≤,ocr/input_videos\上海__正大广场__20260826.mp4
OBS-001155,正大广场,Alphabet爱法贝,Alphabet爱法贝,儿童服饰,,,2F,unrated,False,explicitly_unrated,unrated,parsed,unrated_anchor,0.9897,0.9799,62,11364,193.759,暂无星级 | ★★★★★ | 2F | 儿童服饰,Alphabet爱法贝 | MLOAR | 暂无星级 | ★★★★★ | 2F | 儿童服饰,ocr/input_videos\上海__正大广场__20260826.mp4
OBS-001156,正大广场,《敦煌寻圣》大型沉浸式主题特展,《敦煌寻圣》大型沉浸式主题特展,演出/活动,,,8F,unrated,False,explicitly_unrated,unrated,parsed,unrated_anchor,0.9934,0.9997,54,11460,195.396,8F | 🌟🌟🌟★🌟 | 暂无星级 | 演出/活动,《敦煌寻圣》大型沉浸式主题特展 | 敦煌寻圣 | 8F | 🌟🌟🌟★🌟 | 暂无星级 | 演出/活动 | 大型多体双湿式主题特园,ocr/input_videos\上海__正大广场__20260826.mp4
OBS-001157,正大广场,逸安启超级充电站,逸安启超级充电站,充电站/桩,,,B1,unrated,False,explicitly_unrated,unrated,parsed,unrated_anchor,0.9927,0.999,54,11460,195.396,充电站/桩 | ★★★★★ | 暂无星级 | B1,逸安启超级充电站 | 充电站/桩 | ★★★★★ | 暂无星级 | B1 | 养车/用车,ocr/input_videos\上海__正大广场__20260826.mp4
OBS-001158,正大广场,BMS,BMS,更多购物场所,,,4F,unrated,False,explicitly_unrated,unrated,parsed,unrated_anchor,0.997,0.9945,49,11460,195.396,★★★★★ | 更多购物场所 | 4F | 暂无星级,BMS | ★★★★★ | 更多购物场所 | 4F | 暂无星级 | 暂停营业,ocr/input_videos\上海__正大广场__20260826.mp4
OBS-001159,正大广场,CLMX,CLMX,服饰...,,947,3F,unrated,False,explicitly_unrated,unrated,parsed,unrated_anchor,0.9066,0.9941,50,11460,195.396,★★★★★ | 暂无星级 | 服饰... | ￥947/人3F,CLMX | CLMX | ★★★★★ | 暂无星级 | 服饰... | ￥947/人3F | 质地柔软颜色鲜艳，穿上自信满满！,ocr/input_videos\上海__正大广场__20260826.mp4
OBS-001160,正大广场,Alphabet爱法贝,Alphabet爱法贝,儿童服饰,,,2F,unrated,False,explicitly_unrated,unrated,parsed,unrated_anchor,0.9929,0.9861,55,11460,195.396,★★★★★ | 儿童服饰 | 2F | 暂无星级,Alphabet爱法贝 | AICIAR | ★★★★★ | 儿童服饰 | 2F | 暂无星级,ocr/input_videos\上海__正大广场__20260826.mp4
OBS-001161,正大广场,AMERICAN TOURISTER,AMERICANTOURISTER,箱包,,,2F,unrated,False,explicitly_unrated,unrated,parsed,unrated_anchor,0.9924,0.9859,44,11460,195.396,2F | 箱包 | ★★★★★ | 暂无星级,AMERICAN TOURISTER | 2F | 箱包 | ★★★★★ | 暂无星级,ocr/input_videos\上海__正大广场__20260826.mp4
OBS-001162,正大广场,BMS,BMS,更多购物场所,,,4F,unrated,False,explicitly_unrated,unrated,parsed,unrated_anchor,0.9974,0.995,49,11496,196.01,⭐⭐⭐🌟 | 4F | 暂无星级 | 更多购物场所,BMS | ⭐⭐⭐🌟 | 4F | 暂无星级 | 更多购物场所 | 暂停营业,ocr/input_videos\上海__正大广场__20260826.mp4
OBS-001163,正大广场,CLMX,CLMX,服饰...,,947,3F,unrated,False,explicitly_unrated,unrated,parsed,unrated_anchor,0.8807,0.9955,50,11496,196.01,★★★★★ | 暂无星级 | 服饰... | ￥947/人 | 3F,CLMX | CLMX | ★★★★★ | 暂无星级 | 服饰... | ￥947/人 | 3F | 质地柔软颜色鲜艳，穿上自信满满！ | 5,ocr/input_videos\上海__正大广场__20260826.mp4
OBS-001164,正大广场,Alphabet爱法贝,Alphabet爱法贝,儿童服饰,,,2F,unrated,False,explicitly_unrated,unrated,parsed,unrated_anchor,0.9919,0.9842,60,11496,196.01,2F | 🌟🌟💥🌟 | 儿童服饰 | 暂无星级,Alphabet爱法贝 | ALIOLAR | 2F | 🌟🌟💥🌟 | 儿童服饰 | 暂无星级 | WaPPy,ocr/input_videos\上海__正大广场__20260826.mp4
OBS-001165,正大广场,AMERICAN TOURISTER,AMERICANTOURISTER,箱包,,,2F,unrated,False,explicitly_unrated,unrated,parsed,unrated_anchor,0.9908,0.9822,49,11496,196.01,箱包 | 暂无星级 | 2F | ★★★★★,AMERICAN TOURISTER | ANRF具 | 箱包 | 暂无星级 | 2F | ★★★★★,ocr/input_videos\上海__正大广场__20260826.mp4
OBS-001166,正大广场,小猪佩奇迷你剧·完美的下雨天,小猪佩奇迷你剧·完美的下雨天,剧场/剧院,,,8F,unrated,False,explicitly_unrated,unrated,parsed,unrated_anchor,0.9812,0.9662,56,11496,196.01,8F | ★★★★★ | 剧场/剧院 | 暂无星级,小猪佩奇迷你剧·完美的下雨天 | 8F | ★★★★★ | 剧场/剧院 | 暂无星级 | dianping.com,ocr/input_videos\上海__正大广场__20260826.mp4
OBS-001167,正大广场,手机虾,手机虾,购物,,,4F,new_store,False,new_store,ocr_missing,parsed,metadata_anchor,0.9996,0.9991,59,11496,196.01,购物 | 新店 | 4F,手机虾 | 购物 | 新店 | 4F | 购物,ocr/input_videos\上海__正大广场__20260826.mp4
OBS-001168,正大广场,BMS,BMS,更多购物场所,,,4F,unrated,False,explicitly_unrated,unrated,parsed,unrated_anchor,0.9977,0.9956,52,11520,196.419,★★★★★ | 4F | 暂无星级 | 更多购物场所,BMS | ★★★★★ | 4F | 暂无星级 | 更多购物场所 | 暂停营业,ocr/input_videos\上海__正大广场__20260826.mp4
OBS-001169,正大广场,CLMX,CLMX,服饰...,,947,3F,unrated,False,explicitly_unrated,unrated,parsed,unrated_anchor,0.9073,0.9928,52,11520,196.419,★★★★★ | 服饰... | 暂无星级 | ￥947/人3F,CLMX | CLMX | ★★★★★ | 服饰... | 暂无星级 | ￥947/人3F | 质地柔软颜色鲜艳，穿上自信满满！ | 5,ocr/input_videos\上海__正大广场__20260826.mp4
OBS-001170,正大广场,Alphabet爱法贝,Alphabet爱法贝,儿童服饰,,,2F,unrated,False,explicitly_unrated,unrated,parsed,unrated_anchor,0.9966,0.9935,58,11520,196.419,2F | 儿童服饰 | 🌟🌟🌟🌟⭐ | 暂无星级,Alphabet爱法贝 | AIULAR | 2F | 儿童服饰 | 🌟🌟🌟🌟⭐ | 暂无星级 | WaPPy,ocr/input_videos\上海__正大广场__20260826.mp4
OBS-001171,正大广场,AMERICAN TOURISTER,AMERICANTOURISTER,箱包,,,2F,unrated,False,explicitly_unrated,unrated,parsed,unrated_anchor,0.992,0.9843,48,11520,196.419,暂无星级 | 箱包 | 🌟🌟🌟★🌟 | 2F,AMERICAN TOURISTER | ANRA | 暂无星级 | 箱包 | 🌟🌟🌟★🌟 | 2F,ocr/input_videos\上海__正大广场__20260826.mp4
OBS-001172,正大广场,小猪佩奇迷你剧·完美的下雨天,小猪佩奇迷你剧·完美的下雨天,剧场/剧院,,,8F,unrated,False,explicitly_unrated,unrated,parsed,unrated_anchor,0.9771,0.958,54,11520,196.419,8F | ★★★★★ | 暂无星级 | 剧场/剧院,小猪佩奇迷你剧·完美的下雨天 | 8F | ★★★★★ | 暂无星级 | 剧场/剧院 | dianping.com,ocr/input_videos\上海__正大广场__20260826.mp4
OBS-001173,正大广场,手机虾,手机虾,购物,,,4F,new_store,False,new_store,ocr_missing,parsed,metadata_anchor,0.9997,0.9994,63,11520,196.419,购物 | 新店 | 4F,手机虾 | 购物 | 新店 | 4F | 购物,ocr/input_videos\上海__正大广场__20260826.mp4
OBS-001174,正大广场,BMS,BMS,更多购物场所,,,4F,unrated,False,explicitly_unrated,unrated,parsed,unrated_anchor,0.998,0.9964,52,11592,197.647,⭐🌟🌟🌟🌟 | 4F | 暂无星级 | 更多购物场所,BMS | ⭐🌟🌟🌟🌟 | 4F | 暂无星级 | 更多购物场所 | 暂停营业,ocr/input_videos\上海__正大广场__20260826.mp4
OBS-001175,正大广场,CLMX,CLMX,服饰..,,947,3F,unrated,False,explicitly_unrated,unrated,parsed,unrated_anchor,0.9156,0.9928,50,11592,197.647,⭐🌟💥🌟🌟 | 暂无星级 | 服饰.. | ￥947/人 | 3F,CLMX | CLMX | ⭐🌟💥🌟🌟 | 暂无星级 | 服饰.. | ￥947/人 | 3F | 质地柔软颜色鲜艳，穿上自信满满！ | 55,ocr/input_videos\上海__正大广场__20260826.mp4
OBS-001176,正大广场,Alphabet爱法贝,Alphabet爱法贝,儿童服饰,,,2F,unrated,False,explicitly_unrated,unrated,parsed,unrated_anchor,0.9902,0.9806,57,11592,197.647,暂无星级 | 2F | ⭐🌟⭐🌟🌟 | 儿童服饰,Alphabet爱法贝 | MIOAR | 暂无星级 | 2F | ⭐🌟⭐🌟🌟 | 儿童服饰 | NAP,ocr/input_videos\上海__正大广场__20260826.mp4
OBS-001177,正大广场,AMERICAN TOURISTER,AMERICANTOURISTER,箱包,,,2F,unrated,False,explicitly_unrated,unrated,parsed,unrated_anchor,0.9933,0.9882,41,11592,197.647,2F | 箱包 | ★★★★★ | 暂无星级,AMERICAN TOURISTER | ANAERN宁A | 2F | 箱包 | ★★★★★ | 暂无星级,ocr/input_videos\上海__正大广场__20260826.mp4
OBS-001178,正大广场,小猪佩奇迷你剧·完美的下雨天,小猪佩奇迷你剧·完美的下雨天,剧场/剧院,,,8F,unrated,False,explicitly_unrated,unrated,parsed,unrated_anchor,0.9782,0.9577,51,11592,197.647,8F | ★★★★★ | 暂无星级 | 剧场/剧院,小猪佩奇迷你剧·完美的下雨天 | 8F | ★★★★★ | 暂无星级 | 剧场/剧院 | dianping.com,ocr/input_videos\上海__正大广场__20260826.mp4
OBS-001179,正大广场,手机虾,手机虾,购物,,,4F,new_store,False,new_store,ocr_missing,parsed,metadata_anchor,0.9998,0.9996,58,11592,197.647,购物 | 新店 | 4F,手机虾 | 购物 | 新店 | 4F | 购物 | 711便利店·咖啡·简餐,ocr/input_videos\上海__正大广场__20260826.mp4
OBS-001180,正大广场,AMERICAN TOURISTER,AMERICANTOURISTER,箱包,,,2F,unrated,False,explicitly_unrated,unrated,parsed,unrated_anchor,0.9819,0.9645,53,11616,198.056,箱包 | 2F | ★★★★★ | 暂无星级,AMERICAN TOURISTER | ANRNGAR | 箱包 | 2F | ★★★★★ | 暂无星级,ocr/input_videos\上海__正大广场__20260826.mp4
OBS-001181,正大广场,小猪佩奇迷你剧·完美的下雨天,小猪佩奇迷你剧·完美的下雨天,剧场/剧院,,,8F,unrated,False,explicitly_unrated,unrated,parsed,unrated_anchor,0.9755,0.9527,54,11616,198.056,8F | ★★★★★ | 暂无星级 | 剧场/剧院,小猪佩奇迷你剧·完美的下雨天 | 8F | ★★★★★ | 暂无星级 | 剧场/剧院 | lianping.com,ocr/input_videos\上海__正大广场__20260826.mp4
OBS-001182,正大广场,手机虾,手机虾,购物,,,4F,new_store,False,new_store,ocr_missing,parsed,metadata_anchor,0.9998,0.9997,58,11616,198.056,购物 | 新店 | 4F,手机虾 | 购物 | 新店 | 4F | 购物,ocr/input_videos\上海__正大广场__20260826.mp4
OBS-001183,正大广场,711便利店·咖啡·简餐,711便利店·咖啡·简餐,超市便利,,,B2,unrated,False,explicitly_unrated,unrated,parsed,unrated_anchor,0.9917,0.9836,51,11616,198.056,B2 | ★★★★★ | 暂无星级 | 超市便利,711便利店·咖啡·简餐 | B2 | ★★★★★ | 暂无星级 | 超市便利 | ELEVEN,ocr/input_videos\上海__正大广场__20260826.mp4
OBS-001184,正大广场,联合办公,联合办公,联合办公.,,,商场内,unrated,False,explicitly_unrated,unrated,parsed,unrated_anchor,0.9503,0.9997,56,11616,198.056,商场内 | 🌟🌟🌟💥🌟 | 暂无星级 | 联合办公.,联合办公 | 商场内 | 🌟🌟🌟💥🌟 | 暂无星级 | 联合办公. | 生活服务,ocr/input_videos\上海__正大广场__20260826.mp4
OBS-001185,正大广场,停车场春区,停车场春区,道路附属...,,,商场内,unrated,False,explicitly_unrated,unrated,parsed,unrated_anchor,0.945,0.9992,55,11616,198.056,商场内 | 🌟🌟★★★ | 暂无星级 | 道路附属…,停车场春区 | 商场内 | 🌟🌟★★★ | 暂无星级 | 道路附属… | 百慕大冒险,ocr/input_videos\上海__正大广场__20260826.mp4
OBS-001186,正大广场,小豬佩奇迷你剧·完美的下雨天,小猪佩奇迷你剧·完美的下雨天,剧场/剧院,,,8F,unrated,False,explicitly_unrated,unrated,parsed,unrated_anchor,0.9773,0.9573,49,11640,198.465,剧场/剧院 | ★★★★★ | 8F | 暂无星级,小豬佩奇迷你剧·完美的下雨天 | 剧场/剧院 | ★★★★★ | 8F | 暂无星级 | dlianping.com,ocr/input_videos\上海__正大广场__20260826.mp4
OBS-001187,正大广场,手机虾,手机虾,购物,,,4F,new_store,False,new_store,ocr_missing,parsed,metadata_anchor,0.9991,0.9982,61,11640,198.465,购物 | 新店 | 4F,手机虾 | 购物 | 新店 | 4F | 购物,ocr/input_videos\上海__正大广场__20260826.mp4
OBS-001188,正大广场,711便利店·咖啡·简餐,711便利店·咖啡·简餐,超市便利,,,B2,unrated,False,explicitly_unrated,unrated,parsed,unrated_anchor,0.9895,0.9794,53,11640,198.465,★★★★★ | 超市便利 | B2 | 暂无星级,711便利店·咖啡·简餐 | ★★★★★ | 超市便利 | B2 | 暂无星级 | ELEVEN,ocr/input_videos\上海__正大广场__20260826.mp4
OBS-001189,正大广场,联合办公,联合办公,联合办公...,,,商场内,unrated,False,explicitly_unrated,unrated,parsed,unrated_anchor,0.9306,0.9997,56,11640,198.465,联合办公... | 商场内 | ★★★★★ | 暂无星级,联合办公 | 联合办公... | 商场内 | ★★★★★ | 暂无星级 | 生活服务,ocr/input_videos\上海__正大广场__20260826.mp4
OBS-001190,正大广场,停车场春区,停车场春区,道路附属...,,,商场内,unrated,False,explicitly_unrated,unrated,parsed,unrated_anchor,0.9154,0.9991,52,11640,198.465,商场内 | 道路附属... | ★🌟🌟🌟 | 暂无星级,停车场春区 | 道路 | 商场内 | 道路附属... | ★🌟🌟🌟 | 暂无星级 | 附属设施,ocr/input_videos\上海__正大广场__20260826.mp4
OBS-001191,正大广场,百慕大冒险,百慕大冒险,休闲娱乐,,,2F,unrated,False,explicitly_unrated,unrated,parsed,unrated_anchor,0.9866,0.9977,57,11640,198.465,2F | ★★★★★ | 暂无星级 | 休闲娱乐,百慕大冒险 | 2F | ★★★★★ | 暂无星级 | 休闲娱乐,ocr/input_videos\上海__正大广场__20260826.mp4
OBS-001192,正大广场,小猪佩奇迷你剧·完美的下雨天,小猪佩奇迷你剧·完美的下雨天,剧场/剧院,,,8F,unrated,False,explicitly_unrated,unrated,parsed,unrated_anchor,0.9769,0.9575,53,11664,198.874,剧场/剧院 | 8F | ★★★★★ | 暂无星级,小猪佩奇迷你剧·完美的下雨天 | 剧场/剧院 | 8F | ★★★★★ | 暂无星级 | dianping.com,ocr/input_videos\上海__正大广场__20260826.mp4
OBS-001193,正大广场,手机虾,手机虾,购物,,,4F,new_store,False,new_store,ocr_missing,parsed,metadata_anchor,0.9997,0.9995,65,11664,198.874,购物 | 4F | 新店,手机虾 | 购物 | 4F | 新店 | 购物,ocr/input_videos\上海__正大广场__20260826.mp4
OBS-001194,正大广场,711便利店·咖啡·简餐,711便利店·咖啡·简餐,超市便利,,,B2,unrated,False,explicitly_unrated,unrated,parsed,unrated_anchor,0.9908,0.9819,54,11664,198.874,🌟🌟🌟🌟⭐ | B2 | 暂无星级 | 超市便利,711便利店·咖啡·简餐 | 🌟🌟🌟🌟⭐ | B2 | 暂无星级 | 超市便利 | ELEVEN,ocr/input_videos\上海__正大广场__20260826.mp4
OBS-001195,正大广场,联合办公,联合办公,联合办公...,,,商场内,unrated,False,explicitly_unrated,unrated,parsed,unrated_anchor,0.9181,0.9997,53,11664,198.874,联合办公... | 商场内 | ★★★★★ | 暂无星级,联合办公 | 联合办公... | 商场内 | ★★★★★ | 暂无星级 | 生活服务,ocr/input_videos\上海__正大广场__20260826.mp4
OBS-001196,正大广场,停车场春区,停车场春区,道路附属....,,,商场内,unrated,False,explicitly_unrated,unrated,parsed,unrated_anchor,0.93,0.9993,55,11664,198.874,商场内 | 暂无星级 | 道路附属…. | ★★★★★,停车场春区 | 道路 | 商场内 | 暂无星级 | 道路附属…. | ★★★★★ | 附属设施,ocr/input_videos\上海__正大广场__20260826.mp4
OBS-001197,正大广场,百慕大冒险,百慕大冒险,休闲娱乐,,,2F,unrated,False,explicitly_unrated,unrated,parsed,unrated_anchor,0.9629,0.9942,55,11664,198.874,休闲娱乐 | 暂无星级 | 2F | ★★★★★,百慕大冒险 | 休闲娱乐 | 暂无星级 | 2F | ★★★★★,ocr/input_videos\上海__正大广场__20260826.mp4
OBS-001198,正大广场,手机虾,手机虾,购物,,,4F,new_store,False,new_store,ocr_missing,parsed,metadata_anchor,0.9998,0.9996,58,11724,199.897,购物 | 新店 | 4F,手机虾 | 购物 | 新店 | 4F | 购物,ocr/input_videos\上海__正大广场__20260826.mp4
OBS-001199,正大广场,711便利店·咖啡·简餐,711便利店·咖啡·简餐,超市便利,,,B2,unrated,False,explicitly_unrated,unrated,parsed,unrated_anchor,0.9844,0.969,51,11724,199.897,B2 | 暂无星级 | 超市便利 | ★★★★★,711便利店·咖啡·简餐 | B2 | 暂无星级 | 超市便利 | ★★★★★ | ELEVEN,ocr/input_videos\上海__正大广场__20260826.mp4
OBS-001200,正大广场,联合办公,联合办公,联合办公...,,,商场内,unrated,False,explicitly_unrated,unrated,parsed,unrated_anchor,0.8911,0.9997,56,11724,199.897,商场内 | 暂无星级 | 联合办公... | ★★★★★,联合办公 | 商场内 | 暂无星级 | 联合办公... | ★★★★★ | 生活服务,ocr/input_videos\上海__正大广场__20260826.mp4
OBS-001201,正大广场,停车场春区,停车场春区,道路附属..,,,商场内,unrated,False,explicitly_unrated,unrated,parsed,unrated_anchor,0.9368,0.9994,52,11724,199.897,商场内 | ★★★★★ | 暂无星级 | 道路附属..,停车场春区 | 道路 | 商场内 | ★★★★★ | 暂无星级 | 道路附属.. | 附属设施,ocr/input_videos\上海__正大广场__20260826.mp4
OBS-001202,正大广场,百慕大冒险,百慕大冒险,休闲娱乐,,,2F,unrated,False,explicitly_unrated,unrated,parsed,unrated_anchor,0.9686,0.9968,55,11724,199.897,暂无星级 | 2F | ★★★★★ | 休闲娱乐,百慕大冒险 | 暂无星级 | 2F | ★★★★★ | 休闲娱乐,ocr/input_videos\上海__正大广场__20260826.mp4
OBS-001203,正大广场,yiran,yiran,综合珠宝...,,,商场内,unrated,False,explicitly_unrated,unrated,parsed,unrated_anchor,0.8946,0.998,63,11724,199.897,综合珠宝... | 商场内 | ★★★★ | 暂无星级,yiran | 综合珠宝... | 商场内 | ★★★★ | 暂无星级 | 法账,ocr/input_videos\上海__正大广场__20260826.mp4
OBS-001204,正大广场,停车场春区,停车场春区,道路附属...,,,商场内,unrated,False,explicitly_unrated,unrated,parsed,unrated_anchor,0.9061,0.9993,55,11772,200.716,商场内 | 道路附属... | ★★★★★ | 暂无星级,停车场春区 | 道路 | 商场内 | 道路附属... | ★★★★★ | 暂无星级 | 附属设施,ocr/input_videos\上海__正大广场__20260826.mp4
OBS-001205,正大广场,百慕大冒险,百慕大冒险,休闲娱乐,,,2F,unrated,False,explicitly_unrated,unrated,parsed,unrated_anchor,0.9861,0.9964,58,11772,200.716,★★★★★ | 暂无星级 | 2F | 休闲娱乐,百慕大冒险 | ★★★★★ | 暂无星级 | 2F | 休闲娱乐,ocr/input_videos\上海__正大广场__20260826.mp4
OBS-001206,正大广场,yiran,yiran,综合珠宝..,,,商场内,unrated,False,explicitly_unrated,unrated,parsed,unrated_anchor,0.9314,0.9988,62,11772,200.716,商场内 | 综合珠宝.. | ⭐🌟💥🌟🌟 | 暂无星级,yiran | 商场内 | 综合珠宝.. | ⭐🌟💥🌟🌟 | 暂无星级 | 结婚,ocr/input_videos\上海__正大广场__20260826.mp4
OBS-001207,正大广场,IMAX,IMAX,服装,,,8F,unrated,False,explicitly_unrated,unrated,parsed,unrated_anchor,0.9949,0.9903,51,11772,200.716,服装 | 8F | ★🌟★ | 暂无星级,IMAX | 服装 | 8F | ★🌟★ | 暂无星级,ocr/input_videos\上海__正大广场__20260826.mp4
OBS-001208,正大广场,ADORME,ADORME,黄金首饰,,,商场内,unrated,False,explicitly_unrated,unrated,parsed,unrated_anchor,0.9984,0.9973,45,11772,200.716,商场内 | 黄金首饰 | ★★★★★ | 暂无星级,ADORME | 商场内 | 黄金首饰 | ★★★★★ | 暂无星级 | 米,ocr/input_videos\上海__正大广场__20260826.mp4
OBS-001209,正大广场,真美诗,真美诗,鞋靴,,,2F,unrated,False,explicitly_unrated,unrated,parsed,unrated_anchor,0.9984,0.9995,59,11772,200.716,⭐🌟🌟🌟 | 鞋靴 | 2F | 暂无星级,真美诗 | ⭐🌟🌟🌟 | 鞋靴 | 2F | 暂无星级 | 购物 | 顺主速运,ocr/input_videos\上海__正大广场__20260826.mp4
OBS-001210,正大广场,停车场春区,停车场春区,道路附属..,,,商场内,unrated,False,explicitly_unrated,unrated,parsed,unrated_anchor,0.9134,0.9994,55,11784,200.92,道路附属.. | 商场内 | ★★★★★ | 暂无星级,停车场春区 | 道路 | 道路附属.. | 商场内 | ★★★★★ | 暂无星级 | 附属设施,ocr/input_videos\上海__正大广场__20260826.mp4
OBS-001211,正大广场,百慕大冒险,百慕大冒险,休闲娱乐,,,2F,unrated,False,explicitly_unrated,unrated,parsed,unrated_anchor,0.9816,0.9948,59,11784,200.92,★★★★★ | 暂无星级 | 2F | 休闲娱乐,百慕大冒险 | ★★★★★ | 暂无星级 | 2F | 休闲娱乐,ocr/input_videos\上海__正大广场__20260826.mp4
OBS-001212,正大广场,yiran,yiran,综合珠宝...,,,商场内,unrated,False,explicitly_unrated,unrated,parsed,unrated_anchor,0.9248,0.998,68,11784,200.92,综合珠宝... | 商场内 | 🌟🌟💥🌟🌟 | 暂无星级,yiran | 综合珠宝... | 商场内 | 🌟🌟💥🌟🌟 | 暂无星级 | 结婚,ocr/input_videos\上海__正大广场__20260826.mp4
OBS-001213,正大广场,IMAX,IMAX,服装,,,8F,unrated,False,explicitly_unrated,unrated,parsed,unrated_anchor,0.9946,0.9895,50,11784,200.92,服装 | 8F | 暂无星级 | 🌟🌟🌟🌟,IMAX | 服装 | 8F | 暂无星级 | 🌟🌟🌟🌟,ocr/input_videos\上海__正大广场__20260826.mp4
OBS-001214,正大广场,ADORME,ADORME,黄金首饰,,,商场内,unrated,False,explicitly_unrated,unrated,parsed,unrated_anchor,0.9978,0.9962,48,11784,200.92,商场内 | 黄金首饰 | ★★★★★ | 暂无星级,ADORME | 商场内 | 黄金首饰 | ★★★★★ | 暂无星级 | 1,ocr/input_videos\上海__正大广场__20260826.mp4
OBS-001215,正大广场,真美诗,真美诗,鞋靴,,,2F,unrated,False,explicitly_unrated,unrated,parsed,unrated_anchor,0.9977,0.9995,59,11784,200.92,鞋靴 | 🌟🌟🌟🌟 | 2F | 暂无星级,真美诗 | 鞋靴 | 🌟🌟🌟🌟 | 2F | 暂无星级 | 购物 | 顺主速运,ocr/input_videos\上海__正大广场__20260826.mp4
OBS-001216,正大广场,百慕大冒险,百慕大冒险,休闲娱乐,,,2F,unrated,False,explicitly_unrated,unrated,parsed,unrated_anchor,0.9662,0.995,59,11856,202.148,2F | ★★★★★ | 暂无星级 | 休闲娱乐,百慕大冒险 | 2F | ★★★★★ | 暂无星级 | 休闲娱乐,ocr/input_videos\上海__正大广场__20260826.mp4
OBS-001217,正大广场,yiran,yiran,综合珠宝.,,,商场内,unrated,False,explicitly_unrated,unrated,parsed,unrated_anchor,0.9762,0.9989,65,11856,202.148,商场内 | ★★★★★ | 暂无星级 | 综合珠宝.,yiran | 商场内 | ★★★★★ | 暂无星级 | 综合珠宝. | 结婚,ocr/input_videos\上海__正大广场__20260826.mp4
OBS-001218,正大广场,IMAX,IMAX,服装,,,8F,unrated,False,explicitly_unrated,unrated,parsed,unrated_anchor,0.9934,0.9876,56,11856,202.148,⭐🌟⭐🌟🌟 | 服装 | 8F | 暂无星级,IMAX | ⭐🌟⭐🌟🌟 | 服装 | 8F | 暂无星级,ocr/input_videos\上海__正大广场__20260826.mp4
OBS-001219,正大广场,ADORME,ADORME,黄金首饰,,,商场内,unrated,False,explicitly_unrated,unrated,parsed,unrated_anchor,0.9977,0.9959,51,11856,202.148,商场内 | ⭐🌟🌟🌟⭐ | 暂无星级 | 黄金首饰,ADORME | 商场内 | ⭐🌟🌟🌟⭐ | 暂无星级 | 黄金首饰 | 福,ocr/input_videos\上海__正大广场__20260826.mp4
OBS-001220,正大广场,真美诗,真美诗,鞋靴,,,2F,unrated,False,explicitly_unrated,unrated,parsed,unrated_anchor,0.9971,0.9999,62,11856,202.148,鞋靴 | ★★★★★ | 2F | 暂无星级,真美诗 | 鞋靴 | ★★★★★ | 2F | 暂无星级 | 购物,ocr/input_videos\上海__正大广场__20260826.mp4
OBS-001221,正大广场,顺丰速运,顺丰速运,物流快递,,20,B3,unrated,False,explicitly_unrated,unrated,parsed,unrated_anchor,0.9994,0.9989,59,11856,202.148,暂无星级 | ￥20/人 | ★🌟⭐🌟 | 物流快递 | B3,顺丰速运 | EXPRESS | 顺丰速运 | 暂无星级 | ￥20/人 | ★🌟⭐🌟 | 物流快递 | B3 | 超划算超快速 | ¥0.01 | ¥3万人复购|顺丰寄件立减3| | 惠,ocr/input_videos\上海__正大广场__20260826.mp4
OBS-001222,正大广场,IMAX,IMAX,服装,,,8F,unrated,False,explicitly_unrated,unrated,parsed,unrated_anchor,0.9953,0.9912,54,11880,202.557,服装 | 暂无星级 | 8F | ★★★★★,IMAX | 服装 | 暂无星级 | 8F | ★★★★★,ocr/input_videos\上海__正大广场__20260826.mp4
OBS-001223,正大广场,ADORME,ADORME,黄金首饰,,,商场内,unrated,False,explicitly_unrated,unrated,parsed,unrated_anchor,0.998,0.9969,48,11880,202.557,商场内 | 暂无星级 | ★★★★★ | 黄金首饰,ADORME | 商场内 | 暂无星级 | ★★★★★ | 黄金首饰 | 品,ocr/input_videos\上海__正大广场__20260826.mp4
OBS-001224,正大广场,真美诗,真美诗,鞋靴,,,2F,unrated,False,explicitly_unrated,unrated,parsed,unrated_anchor,0.999,0.9999,62,11880,202.557,★★★★★ | 鞋靴 | 暂无星级 | 2F,真美诗 | ★★★★★ | 鞋靴 | 暂无星级 | 2F | 购物,ocr/input_videos\上海__正大广场__20260826.mp4
OBS-001225,正大广场,顺丰速运,顺丰速运,物流快递,,20,B3,unrated,False,explicitly_unrated,unrated,parsed,unrated_anchor,0.9867,0.999,56,11880,202.557,物流快递￥20/人 | ★★★★★ | 暂无星级 | B3,顺丰速运 | EXPRESS | SF | 顺丰速运 | 物流快递￥20/人 | ★★★★★ | 暂无星级 | B3 | / | S9 | 超划算超快速 | ￥0.01￥3万人复购|顺丰寄件立减3| | 惠,ocr/input_videos\上海__正大广场__20260826.mp4
OBS-001226,正大广场,乐摩吧,乐摩吧,智能按.,,17,B1,unrated,False,explicitly_unrated,unrated,parsed,unrated_anchor,0.9637,1.0,58,11880,202.557,智能按.￥17/人B1 | ★★★★★ | 暂无星级,乐摩吧 | 京际座 | 乐南吧器 | 信R | 智能按.￥17/人B1 | ★★★★★ | 暂无星级 | 乐摩吧 | LEMOBAR,ocr/input_videos\上海__正大广场__20260826.mp4
OBS-001227,正大广场,IMAX,IMAX,服装,,,8F,unrated,False,explicitly_unrated,unrated,parsed,unrated_anchor,0.9951,0.9907,51,11916,203.171,服装 | 8F | ★★★★★ | 暂无星级,IMAX | 服装 | 8F | ★★★★★ | 暂无星级,ocr/input_videos\上海__正大广场__20260826.mp4
OBS-001228,正大广场,ADORME,ADORME,黄金首饰,,,商场内,unrated,False,explicitly_unrated,unrated,parsed,unrated_anchor,0.9981,0.9975,45,11916,203.171,商场内 | 暂无星级 | ★★★★★ | 黄金首饰,ADORME | 商场内 | 暂无星级 | ★★★★★ | 黄金首饰 | 品牌,ocr/input_videos\上海__正大广场__20260826.mp4
OBS-001229,正大广场,真美诗,真美诗,鞋靴,,,2F,unrated,False,explicitly_unrated,unrated,parsed,unrated_anchor,0.9988,0.9998,59,11916,203.171,鞋靴 | ★★★★★ | 2F | 暂无星级,真美诗 | 鞋靴 | ★★★★★ | 2F | 暂无星级 | 购物,ocr/input_videos\上海__正大广场__20260826.mp4
OBS-001230,正大广场,顺丰速运,顺丰速运,物流快递,,20,B3,unrated,False,explicitly_unrated,unrated,parsed,unrated_anchor,0.985,0.9988,53,11916,203.171,暂无星级 | ★★★★★ | 物流快递￥20/人 | B3,顺丰速运 | EXPRESS | 顺丰速运 | 暂无星级 | ★★★★★ | 物流快递￥20/人 | B3 | N | 9 | 超划算超快速 | ￥0.01￥3万人复购|顺丰寄件立减3| | 惠,ocr/input_videos\上海__正大广场__20260826.mp4
OBS-001231,正大广场,乐摩吧,乐摩吧,智能按.,,17,B1,unrated,False,explicitly_unrated,unrated,parsed,unrated_anchor,0.9494,1.0,58,11916,203.171,★★★★★ | 暂无星级 | ￥17/人B1 | 智能按.,乐摩吧 | 承机康 | 乐原电器 | 信R究 | ★★★★★ | 暂无星级 | ￥17/人B1 | 智能按. | 乐摩吧 | LEMOBAR | 乐摩吧 | （乐牌吃司） | 信真营红,ocr/input_videos\上海__正大广场__20260826.mp4
OBS-001232,正大广场,顺丰速运,顺丰速运,物流快递,,20,B3,unrated,False,explicitly_unrated,unrated,parsed,unrated_anchor,0.9994,0.999,53,11976,204.194,暂无星级 | 🌟🌟💥💥🌟 | B3 | 物流快递 | ￥20/人,顺丰速运 | EXPRESS | SF | 顺丰速运 | 暂无星级 | 🌟🌟💥💥🌟 | B3 | 物流快递 | ￥20/人 | 2 | SS | 超划算超快速 | ¥0.01￥3万人复购|顺丰寄件减3| | 惠,ocr/input_videos\上海__正大广场__20260826.mp4
OBS-001233,正大广场,乐摩吧,乐摩吧,智能按...,,17,B1,unrated,False,explicitly_unrated,unrated,parsed,unrated_anchor,0.9271,1.0,60,11976,204.194,⭐🌟💥🌟🌟 | 暂无星级 | ￥17/人B1 | 智能按…,乐摩吧 | 常部乐 | 乐库电） | 地真 | ⭐🌟💥🌟🌟 | 暂无星级 | ￥17/人B1 | 智能按… | 乐摩吧 | LEMOBAR,ocr/input_videos\上海__正大广场__20260826.mp4
OBS-001234,正大广场,乐摩吧,乐摩吧,智能按.,,17,B1,unrated,False,explicitly_unrated,unrated,parsed,unrated_anchor,0.957,1.0,58,11976,204.194,智能按.￥17/人B1 | ★★★★ | 暂无星级,乐摩吧 | 不原电） | 要 | 智能按.￥17/人B1 | ★★★★ | 暂无星级 | 零重力按摩，解压神器 | 国面 | 暂停营业R,ocr/input_videos\上海__正大广场__20260826.mp4
OBS-001235,正大广场,大太阳音乐·Ushow,大太阳音乐·Ushow,音乐,,,7F,unrated,False,explicitly_unrated,unrated,parsed,unrated_anchor,0.9906,0.9816,51,11976,204.194,音乐 | ★🌟★★★ | 7F | 暂无星级,大太阳音乐·Ushow | 音乐 | ★🌟★★★ | 7F | 暂无星级 | U-SHOW | 成人学唱歌,ocr/input_videos\上海__正大广场__20260826.mp4
OBS-001236,正大广场,乐摩吧,乐摩吧,智能按.,,20,4F,unrated,False,explicitly_unrated,unrated,parsed,unrated_anchor,0.9244,1.0,58,11976,204.194,★★★★★ | 暂无星级 | ￥20/人4F | 智能按.,乐摩吧 | 乐事电） | 原质 | 热就更 | ★★★★★ | 暂无星级 | ￥20/人4F | 智能按. | 乐摩吧 | 米 | LEMOBAR,ocr/input_videos\上海__正大广场__20260826.mp4
OBS-001237,正大广场,顺丰速运,顺丰速运,物流快递,,20,B3,unrated,False,explicitly_unrated,unrated,parsed,unrated_anchor,0.9991,0.9982,55,11988,204.399,★★★★★ | 暂无星级 | 物流快递 | ￥20/人 | B3,顺丰速运 | EXPRESS | SF | 顺丰速运 | ★★★★★ | 暂无星级 | 物流快递 | ￥20/人 | B3 | 5 | 超划算超快速 | ￥0.01￥3万人复购|顺丰寄件立减3| | 惠,ocr/input_videos\上海__正大广场__20260826.mp4
OBS-001238,正大广场,乐摩吧,乐摩吧,智能按...,,17,B1,unrated,False,explicitly_unrated,unrated,parsed,unrated_anchor,0.9204,1.0,54,11988,204.399,智能按..．￥17/人B1 | 暂无星级 | ★★★★★,乐摩吧 | 乐原电器 | 信R | 智能按..．￥17/人B1 | 暂无星级 | ★★★★★ | 乐摩吧 | LEMOBAR,ocr/input_videos\上海__正大广场__20260826.mp4
OBS-001239,正大广场,乐摩吧,乐摩吧,智能按..,,17,B1,unrated,False,explicitly_unrated,unrated,parsed,unrated_anchor,0.95,1.0,61,11988,204.399,智能按..￥17/人B1 | ★★★★★ | 暂无星级,乐摩吧 | 黄 | （乐库吃） | 智能按..￥17/人B1 | ★★★★★ | 暂无星级 | 零重力按摩，解压神器 | 国 | 暂停营业 | R,ocr/input_videos\上海__正大广场__20260826.mp4
OBS-001240,正大广场,大太阳音乐·Ushow,大太阳音乐·Ushow,音乐,,,7F,unrated,False,explicitly_unrated,unrated,parsed,unrated_anchor,0.9902,0.9808,53,11988,204.399,音乐 | ★★★★★ | 7F | 暂无星级,大太阳音乐·Ushow | 音乐 | ★★★★★ | 7F | 暂无星级 | U-SHOW | 成人学唱歌,ocr/input_videos\上海__正大广场__20260826.mp4
OBS-001241,正大广场,乐摩吧,乐摩吧,智能按.....,,20,4F,unrated,False,explicitly_unrated,unrated,parsed,unrated_anchor,0.8634,1.0,61,11988,204.399,⭐🌟★🌟 | 暂无星级 | ￥20/人4F | 智能按.….,乐摩吧 | 承诉杂 | 乐摩吃 | 培具营 | ⭐🌟★🌟 | 暂无星级 | ￥20/人4F | 智能按.…. | 乐摩吧 | LEMOBAR,ocr/input_videos\上海__正大广场__20260826.mp4
OBS-001242,正大广场,乐摩吧,乐摩吧,智能按...,,20,8F,unrated,False,explicitly_unrated,unrated,parsed,unrated_anchor,0.9242,1.0,55,11988,204.399,⭐🌟🌟🌟🌟 | 暂无星级 | ￥20/人8F | 智能按…,乐摩吧 | 骨 | 乐屏电制） | ⭐🌟🌟🌟🌟 | 暂无星级 | ￥20/人8F | 智能按… | 乐摩吧 | LEMOBAR,ocr/input_videos\上海__正大广场__20260826.mp4
OBS-001243,正大广场,顺丰速运,顺丰速运,物流快递,,20,B3,unrated,False,explicitly_unrated,unrated,parsed,unrated_anchor,0.9994,0.9989,53,12024,205.012,￥20/人 | ★★★★★ | 暂无星级 | 物流快递 | B3,顺丰速运 | EXPRESS | SF | 顺丰速运 | ￥20/人 | ★★★★★ | 暂无星级 | 物流快递 | B3 | S | 超划算超快速 | ￥0.01￥3万人复购|顺丰寄件立减3| | 惠,ocr/input_videos\上海__正大广场__20260826.mp4
OBS-001244,正大广场,乐摩吧,乐摩吧,智能按.,,17,B1,unrated,False,explicitly_unrated,unrated,parsed,unrated_anchor,0.9596,0.9999,58,12024,205.012,⭐🌟🌟⭐🌟 | 智能按.￥17/人B1 | 暂无星级,乐摩吧 | （乐席电司） | 承菜 | 地兴卖 | ⭐🌟🌟⭐🌟 | 智能按.￥17/人B1 | 暂无星级 | 乐摩吧 | 米 | LEMOBAR,ocr/input_videos\上海__正大广场__20260826.mp4
OBS-001245,正大广场,乐摩吧,乐摩吧,智能按..,,17,B1,unrated,False,explicitly_unrated,unrated,parsed,unrated_anchor,0.9404,1.0,58,12024,205.012,★★★★★ | 智能按..￥17/人B1 | 暂无星级,乐摩吧 | 乐师电 | 受家 | ★★★★★ | 智能按..￥17/人B1 | 暂无星级 | 零重力按摩，解压神器 | 国面 | 暂停营业R,ocr/input_videos\上海__正大广场__20260826.mp4
OBS-001246,正大广场,大太阳音乐·Ushow,大太阳音乐·Ushow,音乐,,,7F,unrated,False,explicitly_unrated,unrated,parsed,unrated_anchor,0.9949,0.9901,51,12024,205.012,音乐 | 暂无星级 | ★★★★★ | 7F,大太阳音乐·Ushow | 音乐 | 暂无星级 | ★★★★★ | 7F | U-SHOW | 成人学唱歌,ocr/input_videos\上海__正大广场__20260826.mp4
OBS-001247,正大广场,乐摩吧,乐摩吧,智能按.,,20,4F,unrated,False,explicitly_unrated,unrated,parsed,unrated_anchor,0.9336,1.0,54,12024,205.012,暂无星级 | ★★★★★ | 智能按. | ￥20/人4F,乐摩吧 | 乐原电刷 | 暂无星级 | ★★★★★ | 智能按. | ￥20/人4F | 乐摩吧 | LEMOBAR,ocr/input_videos\上海__正大广场__20260826.mp4
OBS-001248,正大广场,乐摩吧,乐摩吧,智能按.,,20,8F,unrated,False,explicitly_unrated,unrated,parsed,unrated_anchor,0.9502,0.9999,57,12024,205.012,智能按．￥20/人8F | ★★★★★ | 暂无星级,乐摩吧 | （乐摩电器） | 德具营场 | 智能按．￥20/人8F | ★★★★★ | 暂无星级 | 乐摩吧,ocr/input_videos\上海__正大广场__20260826.mp4
OBS-001249,正大广场,示摩吧,示摩吧,智能按...,,17,B1,unrated,False,explicitly_unrated,unrated,parsed,unrated_anchor,0.9121,0.9682,37,12132,206.854,智能按… | ￥17/人B1 | ★★★★★ | 暂无星级,示摩吧 | 智能按… | ￥17/人B1 | ★★★★★ | 暂无星级 | 零重力按摩，解压神器 | 海面 | 暂停营业R,ocr/input_videos\上海__正大广场__20260826.mp4
OBS-001250,正大广场,大太阳音乐·Ushow,大太阳音乐·Ushow,音乐,,,7F,unrated,False,explicitly_unrated,unrated,parsed,unrated_anchor,0.9932,0.9867,51,12132,206.854,音乐 | 7F | 🌟🌟🎉🌟🌟 | 暂无星级,大太阳音乐·Ushow | 音乐 | 7F | 🌟🌟🎉🌟🌟 | 暂无星级 | U-SHOW | 成人学唱歌,ocr/input_videos\上海__正大广场__20260826.mp4
OBS-001251,正大广场,乐摩吧,乐摩吧,智能按.,,20,4F,unrated,False,explicitly_unrated,unrated,parsed,unrated_anchor,0.9441,1.0,58,12132,206.854,★🌟★★★ | 暂无星级 | 智能按. | ￥20/人4F,乐摩吧 | 原羽 | 乐原电） | 值更 | ★🌟★★★ | 暂无星级 | 智能按. | ￥20/人4F | 乐摩吧 | LEMOBAR,ocr/input_videos\上海__正大广场__20260826.mp4
OBS-001252,正大广场,乐摩吧,乐摩吧,智能按..,,20,8F,unrated,False,explicitly_unrated,unrated,parsed,unrated_anchor,0.9123,1.0,55,12132,206.854,★★★★★ | 暂无星级 | 智能按.. | ￥20/人8F,乐摩吧 | 承制证座 | 乐摩电器 | 造民 | ★★★★★ | 暂无星级 | 智能按.. | ￥20/人8F | 乐摩吧 | 米 | LEMOBAR,ocr/input_videos\上海__正大广场__20260826.mp4
OBS-001253,正大广场,乐摩吧,乐摩吧,智能按....,,18,2F,unrated,False,explicitly_unrated,unrated,parsed,unrated_anchor,0.8849,0.9999,58,12132,206.854,★★★★★ | 暂无星级 | 智能按…. | ￥18/人2F,乐摩吧 | 承讯实菜 | （乐岸味） | 意灵营 | ★★★★★ | 暂无星级 | 智能按…. | ￥18/人2F | 乐摩吧 | 米 | LEMOBAR,ocr/input_videos\上海__正大广场__20260826.mp4
OBS-001254,正大广场,乐摩吧,乐摩吧,智能按.,,17,B2,unrated,False,explicitly_unrated,unrated,parsed,unrated_anchor,0.9371,1.0,55,12132,206.854,￥17/人B2 | ★★★★★ | 暂无星级 | 智能按.,乐摩吧 | 家机正品 | 乐摩吧器 | 造R | ￥17/人B2 | ★★★★★ | 暂无星级 | 智能按. | 麻音 | 暂停营业 | R,ocr/input_videos\上海__正大广场__20260826.mp4
