observation_id,mall_name,merchant_name_raw,merchant_name_normalized,category_raw,rating,avg_price_yuan,floor_location,card_type,research_eligible,exclusion_reason,rating_status,category_status,detection_method,ocr_confidence,title_score,title_height,frame_index,timestamp_sec,metadata_text,all_text,source_video
OBS-000001,五角场合生汇,禧粵魚撈·斑魚海鮮粥火鍋,禧粤鱼捞·斑鱼海鲜粥火锅,粤菜馆,4.7,120,L2,rated,True,,rated,parsed,rating_anchor,0.9707,0.9903,51,11,0.192,L2 | ⭐⭐🌟4.7 | 粤菜馆￥120/人,禧粵魚撈·斑魚海鮮粥火鍋 | L2 | ⭐⭐🌟4.7 | 粤菜馆￥120/人 | 点评榜单 | 上海粤菜好评榜第1名 | 15:00休息 | 海鲜粥鲜美浓郁，服务热情周到 | 5.6折 | 【浪涌鲜殖】生蚝(. | ￥19.9 | 惠 | ￥36 | ￥459折 | ￥50 | 惠 | 【超值优惠】50元代金券,ocr/input_videos\上海__五角场合生汇__20260824.mp4
OBS-000002,五角场合生汇,醉庐·新上海菜,醉庐·新上海菜,本帮菜,4.8,122,L2,rated,True,,rated,parsed,rating_anchor,0.9438,0.9675,51,11,0.192,L2 | ⭐4.8本帮菜￥122/人,醉庐·新上海菜 | L2 | ⭐4.8本帮菜￥122/人 | 醉庐 | 点评榜单 | 上海本帮菜回头客榜第1名 | ZULU RANQLST | 休息中 | 聚餐首选，服务周到，味道超赞 | 3 | “ | ￥9.96.2折 | 惠 | ￥16冻柠茶 | ￥959.5折 | ￥100 | 【结账必用】100元.. | 惠,ocr/input_videos\上海__五角场合生汇__20260824.mp4
OBS-000003,五角场合生汇,咏發顺德海鲜大排档,咏发顺德海鲜大排档,顺德菜,4.6,95,B2,rated,True,,rated,parsed,rating_anchor,0.9535,0.9403,50,11,0.192,★🌟★🌟 | B2 | 4.6顺德菜￥95/人,咏發顺德海鲜大排档 | 龙登料理 | 咏發 | ★🌟★🌟 | B2 | 4.6顺德菜￥95/人 | 点评榜单 | 顺德海鲜大排楷 | 杨浦区粤菜热门榜第1名 | 休息中 | 6.8折 | ￥19暴打柠檬茶 | ￥12.9 | 惠 | ￥48.5 | 9.7折 | ￥50 | 惠 | 【结账必用】50元代..,ocr/input_videos\上海__五角场合生汇__20260824.mp4
OBS-000004,五角场合生汇,点都德,点都德,粤式茶点,4.6,102,L6,rated,True,,rated,parsed,rating_anchor,0.9797,0.9992,61,11,0.192,★🌟🌟🌟🌟 | 粤式茶点￥102/人 | L6 | 4.6,点都德 | 點都德 | ★🌟🌟🌟🌟 | 粤式茶点￥102/人 | L6 | 4.6 | 点评榜单 | 上海粤菜回头客榜第1名 | 传统方式·现场制作 | “招牌菜品，远近闻名 | ￥959.5折 | 【全天可用】100元... | ￥100 | 惠,ocr/input_videos\上海__五角场合生汇__20260824.mp4
OBS-000005,五角场合生汇,牛小新烧肉·和牛放题,牛小新烧肉·和牛放题,烤肉自助,4.4,187,B2,rated,True,,rated,parsed,rating_anchor,0.9857,0.9728,48,165,2.886,B2 | 🌟🌟🌟🌟 | 4.4烤肉自助 | ￥187/人,牛小新烧肉·和牛放题 | 牛小新 | B2 | 🌟🌟🌟🌟 | BBW | 4.4烤肉自助 | ￥187/人 | 点评榜单 | 上海烤肉自助好评榜第2名 | 15:00休息 | ￥347.828.8折 | 惠 | ￥398 | 【双人】安格斯...,ocr/input_videos\上海__五角场合生汇__20260824.mp4
OBS-000006,五角场合生汇,禧粵魚撈·斑魚海鮮粥火鍋,禧粤鱼捞·斑鱼海鲜粥火锅,粤菜馆,4.7,120,L2,rated,True,,rated,parsed,rating_anchor,0.9747,0.9882,50,165,2.886,L2 | 🌟🌟🌟⭐🌟 | 粤菜馆￥120/人 | 4.7,禧粵魚撈·斑魚海鮮粥火鍋 | L2 | 🌟🌟🌟⭐🌟 | 粤菜馆￥120/人 | 4.7 | 点评榜单 | 上海粤菜好评榜第1名 | 15:00休息 | “海鲜粥鲜美浓郁，服务热情周到” | ￥19.9 | ￥36 | 5.6折 | 【浪涌鲜】生蚝(. | 惠 | ￥459折 | ￥50 | 惠 | 【超值优惠】50元代金券,ocr/input_videos\上海__五角场合生汇__20260824.mp4
OBS-000007,五角场合生汇,咏發顺德海鲜大排档,咏发顺德海鲜大排档,顺德菜,4.6,95,B2,rated,True,,rated,parsed,rating_anchor,0.9663,0.9668,48,165,2.886,🌟🌟🌟🌟🌟 | B2 | 顺德菜￥95/人 | 4.6,咏發顺德海鲜大排档 | 龙庭料理 | 咏發 | 🌟🌟🌟🌟🌟 | B2 | 顺德菜￥95/人 | 4.6 | 点评榜单 | 顺德海鲜大排檔 | 杨浦区粤菜热门榜第1名 | 休息中 | ￥12.9 | 惠 | 6.8折 | ￥19 | 暴打柠檬茶 | 惠 | ￥48.5 | 9.7折 | ￥50 | 【结账必用】50元代...,ocr/input_videos\上海__五角场合生汇__20260824.mp4
OBS-000008,五角场合生汇,淳粵·新广府菜,淳粤·新广府菜,广州菜,4.4,135,L5,rated,True,,rated,parsed,rating_anchor,0.9594,0.949,51,165,2.886,🌟🌟⭐ | L5 | 4.4广州菜￥135/人,淳粵·新广府菜 | 盛夏尝鲜 | 🌟🌟⭐ | L5 | 4.4广州菜￥135/人 | 点评榜单 | 79#100% | 上海广州菜销量榜第6名 | 休息中 | 粤味 | ￥486 | ￥268 | 5.6折 | 惠 | 【星厨推荐】招牌... | ￥95 | 惠 | 9.5折 | ￥100100元代金券,ocr/input_videos\上海__五角场合生汇__20260824.mp4
OBS-000009,五角场合生汇,禧粵魚撈·斑魚海鮮粥火鍋,禧粤鱼捞·斑鱼海鲜粥火锅,粤菜馆,4.7,120,L2,rated,True,,rated,parsed,rating_anchor,0.969,0.9845,48,242,4.233,⭐🌟4.7 | L2 | 粤菜馆￥120/人,禧粵魚撈·斑魚海鮮粥火鍋 | ⭐🌟4.7 | L2 | 粤菜馆￥120/人 | 点评榜单 | 上海粤菜好评榜第1名 | 15:00休息 | 海鲜粥鲜美浓郁，服务热情周到 | C | ￥36 | 【浪涌鲜殖】生蚝(. | 惠 | ￥19.9 | 5.6折 | ￥459折 | ￥50 | 惠 | 【超值优惠】50元代金券,ocr/input_videos\上海__五角场合生汇__20260824.mp4
OBS-000010,五角场合生汇,咏發顺德海鲜大排档,咏发顺德海鲜大排档,顺德菜,4.6,95,B2,rated,True,,rated,parsed,rating_anchor,0.9694,0.9705,47,242,4.233,4.6顺德菜￥95/人 | B2 | ★★★★★,咏發顺德海鲜大排档 | 龙料理 | 咏發 | 4.6顺德菜￥95/人 | B2 | ★★★★★ | 点评榜单 | 杨浦区粤菜热门榜第1名 | 顺德海鲜大排檔 | 休息中 | ￥12.9 | 6.8折 | ￥19暴打柠檬茶 | 惠 | ￥50 | 9.7折 | 惠 | ￥48.5 | 【结账必用】50元代...,ocr/input_videos\上海__五角场合生汇__20260824.mp4
OBS-000011,五角场合生汇,淳粵·新广府菜,淳粤·新广府菜,广州菜,4.4,135,L5,rated,True,,rated,parsed,rating_anchor,0.9233,0.9158,51,242,4.233,L5 | ⭐🌟🌟⭐ | 4.4广州菜￥135/人,淳粵·新广府菜 | 盛夏尝鲜 | L5 | ⭐🌟🌟⭐ | 4.4广州菜￥135/人 | 点评榜单 | 79100% | 上海广州菜销量榜第6名 | 休息中粤味 | ￥486 | ￥2685.6折 | 【星厨推荐】招牌.. | 惠 | ￥959.5折 | 惠 | ￥100100元代金券,ocr/input_videos\上海__五角场合生汇__20260824.mp4
OBS-000012,五角场合生汇,点都德,点都德,粤式茶点,4.6,102,L6,rated,True,,rated,parsed,rating_anchor,0.9804,0.9995,58,242,4.233,🌟4.6 | L6 | 粤式茶点￥102/人,点都德 | 點都德 | 🌟4.6 | L6 | 粤式茶点￥102/人 | 点评榜单 | 上海粤菜回头客榜第1名 | 传统方式·现场制作 | “中 | 行宁,ocr/input_videos\上海__五角场合生汇__20260824.mp4
OBS-000013,五角场合生汇,禧粵魚撈·斑魚海鮮粥火鍋,禧粤鱼捞·斑鱼海鲜粥火锅,粤菜馆,4.7,120,L2,rated,True,,rated,parsed,rating_anchor,0.9606,0.9844,51,264,4.618,4.7粤菜馆￥120/人 | L2,禧粵魚撈·斑魚海鮮粥火鍋 | 4.7粤菜馆￥120/人 | L2 | 点评榜单 | 上海粤菜好评榜第1名 | 15:00休息 | 海鲜粥鲜美浓郁，服务热情周到 | 【浪涌鲜殖】生蚝. | ￥19.9 | 5.6折 | ￥36 | 惠 | ￥459折 | ￥50 | 惠 | 【超值优惠】50元代金券,ocr/input_videos\上海__五角场合生汇__20260824.mp4
OBS-000014,五角场合生汇,咏發顺德海鲜大排档,咏发顺德海鲜大排档,顺德菜,4.6,95,B2,rated,True,,rated,parsed,rating_anchor,0.9725,0.9779,54,264,4.618,🌟🌟⭐⭐🌟 | B2 | 4.6顺德菜￥95/人,咏發顺德海鲜大排档 | 龙蓬料理 | 咏發 | 🌟🌟⭐⭐🌟 | B2 | 4.6顺德菜￥95/人 | 点评榜单 | 顺德海鲜大排檔 | 杨浦区粤菜热门榜第1名 | 休息中 | ￥19暴打柠檬茶 | 惠 | 6.8折 | ￥12.9 | ￥50 | 9.7折 | ￥48.5 | 惠 | 【结账必用】50元代...,ocr/input_videos\上海__五角场合生汇__20260824.mp4
OBS-000015,五角场合生汇,淳粵·新广府菜,淳粤·新广府菜,广州菜,4.4,135,L5,rated,True,,rated,parsed,rating_anchor,0.9544,0.9454,55,264,4.618,L5 | 🌟🌟★🌟 | 4.4广州菜￥135/人 | ★,淳粵·新广府菜 | 盛夏尝鲜 | L5 | 🌟🌟★🌟 | 4.4广州菜￥135/人 | ★ | 点评榜单 | 79100% | 上海广州菜销量榜第6名 | 休息中 | 专粤味 | ￥2685.6折 | ￥486 | 【星厨推荐】招牌.. | 惠 | ￥959.5折 | 惠 | ￥100100元代金券,ocr/input_videos\上海__五角场合生汇__20260824.mp4
OBS-000016,五角场合生汇,点都德,点都德,粤式茶点,4.6,102,L6,rated,True,,rated,parsed,rating_anchor,0.9586,0.9965,59,264,4.618,4.6粤式茶点￥102/人 | L6,点都德 | 點都德 | 4.6粤式茶点￥102/人 | L6 | 点评榜单 | 上海粤菜回头客榜第1名 | 传统方式·现场制作 | 招牌菜品，远近闻名 | ￥959.5折 | ￥100 | 惠 | 【全天可用】100元.,ocr/input_videos\上海__五角场合生汇__20260824.mp4
OBS-000017,五角场合生汇,淳粤·新广府菜,淳粤·新广府菜,广州菜,4.4,135,L5,rated,True,,rated,parsed,rating_anchor,0.9176,0.8954,52,297,5.195,🌟🌟⭐🌟 | L5 | 4.4广州菜￥135/人 | ★,淳粤·新广府菜 | 浮粤 | 盛夏尝鲜 | 🌟🌟⭐🌟 | L5 | 4.4广州菜￥135/人 | ★ | 点评镑单 | 79100% | 上海广州菜销量榜第6名 | 休息中 | 粤味 | ￥486 | ￥268 | 惠 | 5.6折 | 【星厨推荐】招牌.. | ￥959.5折 | 惠 | ￥100100元代金券,ocr/input_videos\上海__五角场合生汇__20260824.mp4
OBS-000018,五角场合生汇,点都德,点都德,粤式茶点,4.6,102,L6,rated,True,,rated,parsed,rating_anchor,0.9775,0.9963,59,297,5.195,🌟🌟🎉🌟🌟 | L6 | 粤式茶点￥102/人 | 4.6,点都德 | 點都德 | 🌟🌟🎉🌟🌟 | L6 | 粤式茶点￥102/人 | 4.6 | 点评榜单 | 上海粤菜回头客榜第1名 | 传统方式·现场制作 | 招牌菜品，远近闻名 | ￥959.5折 | ￥100 | 惠 | 【全天可用】100元...,ocr/input_videos\上海__五角场合生汇__20260824.mp4
OBS-000019,五角场合生汇,醉庐·新上海菜,醉庐·新上海菜,本帮菜,4.8,122,L2,rated,True,,rated,parsed,rating_anchor,0.9639,0.9611,51,297,5.195,L2 | 🌟🌟🌟🌟🌟 | 本帮菜￥122/人 | 4.8,醉庐·新上海菜 | L2 | 🌟🌟🌟🌟🌟 | 本帮菜￥122/人 | 4.8 | 醉庐 | 点评榜单 | 上海本帮菜回头客榜第1名 | ZULUBANOUET | 休息中 | 聚餐首选，服务周到，味道超赞 | 9 | 6.2折 | ￥9.9 | 惠 | 冻柠茶 | ￥16 | ￥95 | 9.5折 | ￥100 | 惠 | 【结账必用】100元..,ocr/input_videos\上海__五角场合生汇__20260824.mp4
OBS-000020,五角场合生汇,大树餐厅,大树餐厅,粤菜馆,4.4,106,L5,rated,True,,rated,parsed,rating_anchor,0.9777,0.9968,52,297,5.195,🌟🌟💥⭐ | 粤菜馆￥106/人 | L5 | 4.4,大树餐厅 | THe TReE | 🌟🌟💥⭐ | 粤菜馆￥106/人 | L5 | 4.4 | 点评榜单 | 杨浦区粤菜热门榜第4名 | “创意粤菜 | 奇妙搭配”,ocr/input_videos\上海__五角场合生汇__20260824.mp4
OBS-000021,五角场合生汇,点都德,点都德,粤式茶点,4.6,102,L6,rated,True,,rated,parsed,rating_anchor,0.9814,0.9984,58,330,5.772,🌟🌟🌟🌟🌟 | 粤式茶点￥102/人 | L6 | 4.6,点都德 | 點都德 | 🌟🌟🌟🌟🌟 | 粤式茶点￥102/人 | L6 | 4.6 | 点评榜单 | 上海粤菜回头客榜第1名 | 传统方式·现场制作 | 招牌菜品，远近闻名” | ￥959.5折 | ￥100 | 【全天可用】100元.. | 惠,ocr/input_videos\上海__五角场合生汇__20260824.mp4
OBS-000022,五角场合生汇,醉庐·新上海菜,醉庐·新上海菜,本帮菜,4.8,122,L2,rated,True,,rated,parsed,rating_anchor,0.9658,0.9636,52,330,5.772,🌟🌟⭐⭐🌟 | L2 | 4.8本帮菜￥122/人,醉庐·新上海菜 | 🌟🌟⭐⭐🌟 | L2 | 4.8本帮菜￥122/人 | 醉庐 | 点评榜单 | 上海本帮菜回头客榜第1名 | ZUILU BANOUET | 休息中 | 聚餐首选，服务周到，味道超赞 | 53 | ￥16冻柠茶 | 6.2折 | ￥9.9 | 惠 | ￥959.5折 | ￥100 | 惠 | 【结账必用】100元..,ocr/input_videos\上海__五角场合生汇__20260824.mp4
OBS-000023,五角场合生汇,大树餐厅,大树餐厅,粤菜馆,4.4,106,L5,rated,True,,rated,parsed,rating_anchor,0.9807,0.998,56,330,5.772,🌟🌟🌟⭐ | L5 | 4.4 | 粤菜馆￥106/人 | ★,大树餐厅 | THe TREE | 🌟🌟🌟⭐ | L5 | 4.4 | 粤菜馆￥106/人 | ★ | 点评榜单 | 杨浦区粤菜热门榜第4名 | 创意粤菜，奇妙搭配 | 惠 | ￥2908.4折 | ￥348 | 【招牌必点】随心.,ocr/input_videos\上海__五角场合生汇__20260824.mp4
OBS-000024,五角场合生汇,池奈·咖喱蛋包饭,池奈·咖喱蛋包饭,日本料理,3.9,41,B2,rated,True,,rated,parsed,rating_anchor,0.97,0.9873,50,330,5.772,B2 | 日本料理￥41/人 | ★★★★★ | 3.9,KEEPON | 池奈·咖喱蛋包饭 | B2 | 日本料理￥41/人 | ★★★★★ | 3.9 | 3XX华用度请价基 | 点评榜单 | 五角场/大学路日本料理销量榜第9名,ocr/input_videos\上海__五角场合生汇__20260824.mp4
OBS-000025,五角场合生汇,点都德,点都德,粤式茶点,4.6,102,L6,rated,True,,rated,parsed,rating_anchor,0.986,0.9998,66,363,6.349,⭐4.6 | L6 | 粤式茶点￥102/人,点都德 | 點都德 | ⭐4.6 | L6 | 粤式茶点￥102/人 | 点评榜单 | 上海粤菜回头客榜第1名 | 传统方式现场制作 | 招牌菜品，远近闻名 | ￥100 | ￥959.5折 | 【全天可用】100元... | 惠,ocr/input_videos\上海__五角场合生汇__20260824.mp4
OBS-000026,五角场合生汇,醉庐·新上海菜,醉庐·新上海菜,本帮菜,4.8,122,L2,rated,True,,rated,parsed,rating_anchor,0.9561,0.969,52,363,6.349,4.8本帮菜￥122/人 | L2,醉庐·新上海菜 | 4.8本帮菜￥122/人 | L2 | 醉庐 | 点评榜单 | 上海本帮菜回头客榜第1名 | ZUILU BANDUET | 休息中 | 聚餐首选，服务周到，味道超赞 | 55 | 6.2折 | ￥16冻柠茶 | ￥9.9 | 惠 | ￥959.5折 | ￥100 | 惠 | 【结账必用】100元...,ocr/input_videos\上海__五角场合生汇__20260824.mp4
OBS-000027,五角场合生汇,大树餐厅,大树餐厅,粤菜馆,4.4,106,L5,rated,True,,rated,parsed,rating_anchor,0.9823,0.9941,57,363,6.349,🌟🌟🌟🌟 | L5 | 4.4粤菜馆￥106/人 | ★,大树餐厅 | THe TREE | 🌟🌟🌟🌟 | L5 | 4.4粤菜馆￥106/人 | ★ | 点评榜单 | 杨浦区粤菜热门榜第4名 | “创意粤菜，奇妙搭配” | ￥2908.4折 | ￥348 | 惠 | 【招牌必点】随心.,ocr/input_videos\上海__五角场合生汇__20260824.mp4
OBS-000028,五角场合生汇,池奈·咖喱蛋包饭,池奈·咖喱蛋包饭,日本料理,3.9,41,B2,rated,True,,rated,parsed,rating_anchor,0.9642,0.9821,51,363,6.349,B2 | 🌟🌟🌟🌟⭐3.9 | 日本料理￥41/人,KEEPSN | 池奈·咖喱蛋包饭 | B2 | 🌟🌟🌟🌟⭐3.9 | 日本料理￥41/人 | X合 | 点评榜单 | 五角场/大学路日本料理销量榜第9名 | ￥3.94.9折 | ￥8南瓜可乐饼 | 惠 | ￥49 | 惠 | 9.8折 | ￥5050元代金券,ocr/input_videos\上海__五角场合生汇__20260824.mp4
OBS-000029,五角场合生汇,大树餐厅,大树餐厅,粤菜馆,4.4,106,L5,rated,True,,rated,parsed,rating_anchor,0.9741,0.9971,52,462,8.081,🌟🌟⭐⭐ | L5 | 粤菜馆￥106/人 | 4.4,大树餐厅 | THE TREE | 🌟🌟⭐⭐ | L5 | 粤菜馆￥106/人 | 4.4 | 点评榜单 | 杨浦区粤菜热门榜第4名 | 创意粤菜，奇妙搭配 | ≤ | ￥348 | ￥2908.4折 | 【招牌必点】随心. | 惠,ocr/input_videos\上海__五角场合生汇__20260824.mp4
OBS-000030,五角场合生汇,池奈·咖喱蛋包饭,池奈·咖喱蛋包饭,日本料理,3.9,41,B2,rated,True,,rated,parsed,rating_anchor,0.9709,0.9876,51,462,8.081,B2 | ★★★★★ | 3.9 | 日本料理￥41/人,KEEPSN | 池奈·咖喱蛋包饭 | B2 | ★★★★★ | 3.9 | 日本料理￥41/人 | 2X其星 | 点评榜单 | 五角场/大学路日本料理销量榜第9名 | ￥3.9 | 4.9折 | 南瓜可乐饼 | 惠 | ￥8 | ￥499.8折 | 惠 | ￥5050元代金券,ocr/input_videos\上海__五角场合生汇__20260824.mp4
OBS-000031,五角场合生汇,厚贞日式烤肉,厚贞日式烤肉,式烧烤/烤肉,,,L2,unknown,True,,ocr_missing,parsed,metadata_anchor,0.9701,0.9983,51,462,8.081,★★🌟🌟★ | 14.9 | 式烧烤/烤肉￥145/L2,厚贞日式烤肉 | 心吃榜 | 松露 | 横膈膜 | ★★🌟🌟★ | 14.9 | 式烧烤/烤肉￥145/L2 | 必吃榜 | 2026年上榜餐厅 | “烤肉味道超赞，秒杀隔壁三胖” | ￥369 | 惠 | 8.9折 | ￥419厚贞爆款2人情侣套餐,ocr/input_videos\上海__五角场合生汇__20260824.mp4
OBS-000032,五角场合生汇,MOST最洋食·亚洲创意料理,MOST最洋食·亚洲创意料理,特色菜,4.1,90,L4,rated,True,,rated,parsed,rating_anchor,0.9798,0.9858,51,462,8.081,⭐🌟⭐⭐ | 4.1特色菜￥90/人 | L4,MOST最洋食·亚洲创意料理 | MgST | ⭐🌟⭐⭐ | 4.1特色菜￥90/人 | L4 | 点评榜单 | 新品正桌 | 杨浦区特色菜热门榜第2名 | 金营业 | 《 | 错过这款美食，会后悔一整年 | ￥3.8 | 2.2折 | ￥18MOST最洋食联合Se... | 惠,ocr/input_videos\上海__五角场合生汇__20260824.mp4
OBS-000033,五角场合生汇,池奈·咖喱蛋包饭,池奈·咖喱蛋包饭,日本料理,3.9,41,B2,rated,True,,rated,parsed,rating_anchor,0.9664,0.9827,48,473,8.273,B2 | 🌟🌟🌟🌟🌟 | 3.9 | 日本料理￥41/人,池奈·咖喱蛋包饭 | KEEPSN | leF | B2 | 🌟🌟🌟🌟🌟 | 3.9 | 日本料理￥41/人 | 点评榜单 | 五角场/大学路日本料理销量榜第9名 | ￥3.94.9折 | ￥8南瓜可乐饼 | 惠 | 惠 | ￥499.8折 | ￥5050元代金券,ocr/input_videos\上海__五角场合生汇__20260824.mp4
OBS-000034,五角场合生汇,厚贞日式烤肉,厚贞日式烤肉,日式烧烤/烤肉,4.9,,L2,rated,True,,rated,parsed,rating_anchor,0.9713,0.9988,51,473,8.273,🌟🌟🌟⭐🌟 | 4.9 | 日式烧烤/烤肉￥145/L2,厚贞日式烤肉 | 心吃榜松露 | 横膈膜 | 🌟🌟🌟⭐🌟 | 4.9 | 日式烧烤/烤肉￥145/L2 | 心吃榜 | 2026年上榜餐厅 | 烤肉味道超赞，秒杀隔壁三胖子 | ￥3698.9折 | 惠 | ￥419厚贞爆款2人情侣套餐,ocr/input_videos\上海__五角场合生汇__20260824.mp4
OBS-000035,五角场合生汇,MOST最洋食·亚洲创意料理,MOST最洋食·亚洲创意料理,特色菜,4.1,90,L4,rated,True,,rated,parsed,rating_anchor,0.9668,0.9854,48,473,8.273,🌟🌟🎉⭐⭐4.1 | L4 | 特色菜￥90/人,MOST最洋食·亚洲创意料理 | MOST | 4 | 🌟🌟🎉⭐⭐4.1 | L4 | 特色菜￥90/人 | 点评榜单 | 新品上桌 | 杨浦区特色菜热门榜第2名 | 错过这款美，会后悔一整年 | 全天营业 | “ | ￥3.82.2折 | ￥18MOST最洋食联合Se.. | 惠,ocr/input_videos\上海__五角场合生汇__20260824.mp4
OBS-000036,五角场合生汇,争鲜回转寿司,争鲜回转寿司,日本料理,3.9,71,B2,rated,True,,rated,parsed,rating_anchor,0.9673,0.9989,51,473,8.273,B2 | 🌟🌟🌟🌟🌟 | 日本料理￥71/人 | 3.9,争鲜的人 | 争鲜回转寿司 | 快来争挪威 | 的鲜 | B2 | 🌟🌟🌟🌟🌟 | 日本料理￥71/人 | 3.9 | 点评榜单 | 五角场/大学路日本料理打卡人气榜第8名 | 争鮮 | 非常好的评价，性价比非常 | S,ocr/input_videos\上海__五角场合生汇__20260824.mp4
OBS-000037,五角场合生汇,池奈·咖喱蛋包饭,池奈·咖喱蛋包饭,日本料理,3.9,41,B2,rated,True,,rated,parsed,rating_anchor,0.9728,0.9888,51,517,9.043,B2 | 🌟🌟🎉🌟★ | 3.9 | 日本料理￥41/人,KEEPSN | 池奈·咖喱蛋包饭 | B2 | 🌟🌟🎉🌟★ | 3.9 | 日本料理￥41/人 | 点评榜单 | 五角场/大学路日本料理销量榜第9名 | ￥3.9 | 4.9折 | ￥8南瓜可乐饼 | 惠 | ￥49 | 9.8折 | 惠 | ￥5050元代金券,ocr/input_videos\上海__五角场合生汇__20260824.mp4
OBS-000038,五角场合生汇,厚贞日式烤肉,厚贞日式烤肉,式烧烤/烤肉,4.9,,L2,rated,True,,rated,parsed,rating_anchor,0.9724,0.9989,53,517,9.043,⭐🌟⭐🌟🌟 | 4.9 | 式烧烤/烤肉￥145/L2,厚贞日式烤肉 | 心吃榜松露 | 横膈膜 | ⭐🌟⭐🌟🌟 | 4.9 | 式烧烤/烤肉￥145/L2 | - | 光吃榜 | 2026年上榜餐厅 | “烤肉味道超赞，秒杀隔壁三胖” | ￥3698.9折 | 惠 | ￥419厚贞爆款2人情侣套餐,ocr/input_videos\上海__五角场合生汇__20260824.mp4
OBS-000039,五角场合生汇,MOST最洋食·亚洲创意料理,MOST最洋食·亚洲创意料理,特色菜,4.1,90,L4,rated,True,,rated,parsed,rating_anchor,0.9712,0.9836,48,517,9.043,★★★★ | L4 | 4.1特色菜￥90/人 | ★,MOST最洋食·亚洲创意料理 | MOST | ★★★★ | L4 | 4.1特色菜￥90/人 | ★ | 新品正桌 | 点评榜单 | 杨浦区特色菜热门榜第2名 | 全营业 | 错过这款美食，会后悔一整年 | “ | ￥3.8 | ￥18MOST最洋食联合Se.. | 惠 | 2.2折,ocr/input_videos\上海__五角场合生汇__20260824.mp4
OBS-000040,五角场合生汇,争鲜回转寿司,争鲜回转寿司,日本料理,3.9,71,B2,rated,True,,rated,parsed,rating_anchor,0.9716,0.9984,54,517,9.043,B2 | 🌟🌟🌟🌟★ | 3.9 | 日本料理￥71/人,争鲜的人 | 争鲜回转寿司 | 快来争挪威 | B2 | 🌟🌟🌟🌟★ | 3.9 | 日本料理￥71/人 | 的鲜 | 点评榜单 | 五角场/大学路日本料理打卡人气榜第8名 | 爭鮮 | 非常好的评价，性价比非常高 | “ | 2 | 7.5折 | ￥12 | 惠 | ￥9 | 【到店必点】三文鱼寿司 | ￥57.99.7折 | ￥60 | 惠 | 【工作日专享】60元...,ocr/input_videos\上海__五角场合生汇__20260824.mp4
OBS-000041,五角场合生汇,池奈·咖喱蛋包饭,池奈·咖喱蛋包饭,日本料理,3.9,41,B2,rated,True,,rated,parsed,rating_anchor,0.9679,0.9884,53,539,9.428,B2 | 🌟🌟🌟🌟🌟 | 日本料理￥41/人 | 3.9,KEEPSN | 池奈·咖喱蛋包饭 | B2 | 🌟🌟🌟🌟🌟 | 日本料理￥41/人 | 3.9 | 点评榜单 | 五角场/大学路日本料理销量榜第9名 | 4.9折 | ￥3.9 | ￥8南瓜可乐饼 | 惠 | ￥49 | 惠 | 9.8折 | ￥5050元代金券,ocr/input_videos\上海__五角场合生汇__20260824.mp4
OBS-000042,五角场合生汇,厚贞日式烤肉,厚贞日式烤肉,日式烧烤/烤肉,4.9,145,L2,rated,True,,rated,parsed,rating_anchor,0.9746,0.9989,51,539,9.428,⭐🌟⭐⭐🎉4.9 | 日式烧烤/烤肉￥145/人L2,厚贞日式烤肉 | 光吃榜松露 | 橫膈膜 | ⭐🌟⭐⭐🎉4.9 | 日式烧烤/烤肉￥145/人L2 | 必吃榜 | 2026年上榜餐厅 | “烤肉味道超赞，秒杀隔壁三胖子” | ￥3698.9折 | 惠 | ￥419厚贞爆款2人情侣套餐,ocr/input_videos\上海__五角场合生汇__20260824.mp4
OBS-000043,五角场合生汇,MOST最洋食·亚洲创意料理,MOST最洋食·亚洲创意料理,特色菜,4.1,90,L4,rated,True,,rated,parsed,rating_anchor,0.9769,0.9803,49,539,9.428,L4 | ★★★★ | 4.1特色菜￥90/人,MOST最洋食·亚洲创意料理 | MOST | L4 | ★★★★ | 4.1特色菜￥90/人 | 新品正桌 | 点评榜单 | 杨浦区特色菜热门榜第2名 | 全天营业 | 错过这款美食，会后悔一整年 | ￥3.82.2折 | ￥18MOST最洋食联合Se.... | 惠,ocr/input_videos\上海__五角场合生汇__20260824.mp4
OBS-000044,五角场合生汇,争鲜回转寿司,争鲜回转寿司,日本料理,3.9,71,B2,rated,True,,rated,parsed,rating_anchor,0.9818,0.9984,54,539,9.428,B2 | 🌟🌟🌟🌟🌟 | 3.9 | 日本料理￥71/人,争鲜的人 | 争鲜回转寿司 | 快来争挪威 | B2 | 🌟🌟🌟🌟🌟 | 3.9 | 日本料理￥71/人 | 的鲜 | 点评镑单 | 五角场/大学路日本料理打卡人气榜第8名 | 爭鮮 | 非常好的评价，性价比非常高 | “ | ￥97.5折 | 惠 | ￥12 | 【到店必点】三文鱼寿司 | ￥57.99.7折 | ￥60 | 惠 | 【工作日专享】60元..,ocr/input_videos\上海__五角场合生汇__20260824.mp4
OBS-000045,五角场合生汇,厚贝日式烤肉,厚贝日式烤肉,式烧烤/烤肉,4.9,,L2,rated,True,,rated,parsed,rating_anchor,0.9582,0.9607,39,616,10.774,🌟4.9 | 式烧烤/烤肉￥145/L2,厚贝日式烤肉 | 心吃榜 | 黒松露 | 横膈膜 | 🌟4.9 | 式烧烤/烤肉￥145/L2 | 业吃榜 | 2026年上榜餐厅 | “烤肉味道超赞，秒杀隔壁三胖” | ￥3698.9折 | ￥419厚贞爆款2人情侣套餐 | 惠,ocr/input_videos\上海__五角场合生汇__20260824.mp4
OBS-000046,五角场合生汇,MOST最洋食·亚洲创意料理,MOST最洋食·亚洲创意料理,特色菜,4.1,90,L4,rated,True,,rated,parsed,rating_anchor,0.9742,0.9828,47,616,10.774,⭐🌟🌟⭐ | L4 | 4.1特色菜￥90/人,MOST最洋食·亚洲创意料理 | MOST | ⭐🌟🌟⭐ | L4 | 4.1特色菜￥90/人 | 新品上桌 | 点评榜单 | 杨浦区特色菜热门榜第2名 | 错过这款美食，会后悔一整年” | 天营业 | ￥3.82.2折 | 惠 | ￥18MOST最洋食联合Se...,ocr/input_videos\上海__五角场合生汇__20260824.mp4
OBS-000047,五角场合生汇,争鲜回转寿司,争鲜回转寿司,日本料理,3.9,71,B2,rated,True,,rated,parsed,rating_anchor,0.9568,0.9951,52,616,10.774,B2 | ★★★★★ | 日本料理￥71/人 | 3.9,争鲜的人 | 争鲜回转寿司 | B2 | ★★★★★ | 日本料理￥71/人 | 的鲜 | 3.9 | 点评镑单 | 五角场/大学路日本料理打卡人气榜第8名 | 争鮮 | 非常好的评价，性价比非常高 | 2 | 7.5折 | ￥12 | ￥9 | 惠 | 【到店必点】三文鱼寿司 | ￥57.99.7折 | 【工作日专享】60元... | 惠 | ￥60,ocr/input_videos\上海__五角场合生汇__20260824.mp4
OBS-000048,五角场合生汇,炙柒Sekinana·精致日料,炙柒Sekinana·精致日料,日本料理,4.7,148,L5,rated,True,,rated,parsed,rating_anchor,0.9645,0.9654,53,616,10.774,L5 | 🌟🌟⭐🌟4.7 | 日本料理￥148/人,炙柒Sekinana·精致日料 | L5 | 🌟🌟⭐🌟4.7 | 日本料理￥148/人 | M | 点评榜单 | 上海日式料理打卡人气榜第1名 | Sekinana | 休息中 | 口味服务双好评，必吃榜名不虚传 | “ | ￥4.8 | 4折 | 惠 | ￥12轻享·单杯可尔比思 | ￥989.8折 | 惠 | ￥100100元代金券,ocr/input_videos\上海__五角场合生汇__20260824.mp4
OBS-000049,五角场合生汇,鮨士道寿司,鮨士道寿司,寿司,4.0,51,B2,rated,True,,rated,parsed,rating_anchor,0.9747,0.998,54,616,10.774,🌟🌟🌟🌟 | B2 | 4.0寿司￥51/人 | ★,鮨士道寿司 | YSHD | H | 熊士道 | 🌟🌟🌟🌟 | B2 | 4.0寿司￥51/人 | ★,ocr/input_videos\上海__五角场合生汇__20260824.mp4
OBS-000050,五角场合生汇,尹鲜回牧寿可,尹鲜回牧寿可,日本料理,3.9,71,B2,rated,True,,rated,parsed,rating_anchor,0.8131,0.6575,34,660,11.544,B2 | 🌟🌟⭐🌟🌟 | 日本料理￥71/人 | 3.9,崇鲜 | 尹鲜回牧寿可 | B2 | 🌟🌟⭐🌟🌟 | 的鲜 | 日本料理￥71/人 | 3.9 | 点评榜单 | 五角场/大学路日本料理打卡人气榜第8名 | 争鮮 | 非常好的评价，性价比非常高 | “ | ￥12 | ￥97.5折 | 惠 | 【到店必点】三文鱼寿司 | ￥57.99.7折 | 惠 | 【工作日专享】60元.. | ￥60,ocr/input_videos\上海__五角场合生汇__20260824.mp4
OBS-000051,五角场合生汇,炙柒Sekinana·精致日料,炙柒Sekinana·精致日料,日,4.7,148,L5,rated,True,,rated,parsed,rating_anchor,0.8654,0.9768,54,660,11.544,L5 | ⭐🌟4.7日 | 日本料理￥148/人,炙柒Sekinana·精致日料 | L5 | ⭐🌟4.7日 | 日本料理￥148/人 | 图 | 点评榜单 | 上海日式料理打卡人气榜第1名 | Sekinana | 休息中 | 口味服务双好评，必吃榜名不虚传” | ≤ | ￥4.8 | 4折 | 惠 | ￥12轻享·单杯可尔比思 | ￥989.8折 | 惠 | ￥100100元代金券,ocr/input_videos\上海__五角场合生汇__20260824.mp4
OBS-000052,五角场合生汇,鮨士道寿司,鮨士道寿司,寿司,4.0,51,B2,rated,True,,rated,parsed,rating_anchor,0.9733,0.993,52,660,11.544,B2 | 🌟🌟🎉🌟 | 4.0寿司￥51/人 | ★,鮨士道寿司 | 熊士道 | R商箱YISHID | GYISHI | B2 | 🌟🌟🎉🌟 | 4.0寿司￥51/人 | ★ | 点评榜单 | 杨浦区寿司好评榜第3名 | 看得见的好口味，干净整洁环境 | 中华寿司·手工现做 | ￥395.8折 | ￥68超值单人套餐（10颗） | 惠,ocr/input_videos\上海__五角场合生汇__20260824.mp4
OBS-000053,五角场合生汇,KCOOKING概念韩餐,KCOOKING概念韩餐,韩式料理,4.2,110,L4,rated,True,,rated,parsed,rating_anchor,0.9824,0.9947,50,660,11.544,⭐🌟🌟🌟🌟 | L4 | 4.2 | 韩式料理￥110/人,KCOOKING概念韩餐 | ⭐🌟🌟🌟🌟 | L4 | 4.2 | 韩式料理￥110/人 | 点评镑单 | 杨浦区韩式料理热门榜第1名 | Return. | □感绝佳，环境优雅，服务一流” | ￥24.57折 | ￥35招牌年糕雪冰 | 惠 | ￥47.5 | 9.5折 | ￥5050元代金券 | 惠,ocr/input_videos\上海__五角场合生汇__20260824.mp4
OBS-000054,五角场合生汇,争鲜回转寿司,争鲜回转寿司,日本料理,3.9,71,B2,rated,True,,rated,parsed,rating_anchor,0.9812,0.9988,52,693,12.121,B2 | 日本料理￥71/人 | 🌟🌟🌟🌟🌟 | 3.9,争鲜的人 | 争鲜回转寿司 | 快来争挪威 | 的鲜 | B2 | 日本料理￥71/人 | 🌟🌟🌟🌟🌟 | 3.9 | 福 | 点评榜单 | 五角场/大学路日本料理打卡人气榜第8名 | 争鮮 | 非常好的评价，性价比非常高 | 《 | 7.5折 | ￥12 | 惠 | ￥9 | 【到店必点】三文鱼寿司 | ￥57.9 | 9.7折 | ￥60 | 惠 | 【工作日专享】60元.,ocr/input_videos\上海__五角场合生汇__20260824.mp4
OBS-000055,五角场合生汇,炙柒Sekinana·精致日料,炙柒Sekinana·精致日料,日本料理,4.7,148,L5,rated,True,,rated,parsed,rating_anchor,0.9613,0.9823,54,693,12.121,4.7日本料理￥148/人 | L5,炙柒Sekinana·精致日料 | 4.7日本料理￥148/人 | L5 | 图 | 点评镑单 | 上海日式料理打卡人气榜第1名 | Sekinana | 休息中 | 口味服务双好评，必吃榜名不虚传” | ≤ | ￥4.8 | 惠 | 4折 | ￥12轻享·单杯可尔比思 | ￥989.8折 | 惠 | ￥100100元代金券,ocr/input_videos\上海__五角场合生汇__20260824.mp4
OBS-000056,五角场合生汇,鮨士道寿司,鮨士道寿司,寿司,4.0,51,B2,rated,True,,rated,parsed,rating_anchor,0.9765,0.9917,55,693,12.121,🌟🌟⭐⭐ | 4.0寿司￥51/人 | B2,鮨士道寿司 | 熊大道 | RSYISHIP | 联GYISHI | 🌟🌟⭐⭐ | 4.0寿司￥51/人 | B2 | 点评榜单 | 杨浦区寿司好评榜第3名 | 看得见的好口味，干净整洁环境 | 中华寿司·手工现做 | “ | ￥395.8折 | 惠 | ￥68超值单人套餐（10颗）,ocr/input_videos\上海__五角场合生汇__20260824.mp4
OBS-000057,五角场合生汇,KCOOKING概念韩餐,KCOOKING概念韩餐,韩式料理,4.2,110,L4,rated,True,,rated,parsed,rating_anchor,0.983,0.9956,55,693,12.121,4.2韩式料理￥110/人 | L4,KCOOKING概念韩餐 | 4.2韩式料理￥110/人 | L4 | 点评榜单 | 杨浦区韩式料理热门榜第1名 | Return. | 口感绝佳，环境优雅，服务一流” | 3 | “ | ￥24.5 | 惠 | 7折 | ￥35招牌年糕雪冰 | ￥47.5 | 惠 | 9.5折 | ￥5050元代金券,ocr/input_videos\上海__五角场合生汇__20260824.mp4
OBS-000058,五角场合生汇,KCOOKING概念韩餐,KCOOKING概念韩餐,韩式料理,4.2,,L4,rated,True,,rated,parsed,rating_anchor,0.9857,0.9957,51,770,13.468,🌟🌟🌟🌟⭐ | 4.2韩式料理￥110/ | L4,KCOOKING概念韩餐 | 🌟🌟🌟🌟⭐ | 4.2韩式料理￥110/ | L4 | 点评榜单 | 杨浦区韩式料理热门榜第1名 | Return. | 感绝佳，环境优雅，服务一流 | 3 | ≤ | ￥24.57折 | ￥35招牌年糕雪冰 | 惠 | ￥47.59.5折 | 惠 | ￥5050元代金券,ocr/input_videos\上海__五角场合生汇__20260824.mp4
OBS-000059,五角场合生汇,呆板日式料理,呆板日式料理,日本料理,,123,L2,new_store,False,new_store,ocr_missing,parsed,metadata_anchor,0.9703,0.9966,57,770,13.468,新店 | L2 | 日本料理￥123/人,呆板日式料理 | 新店 | L2 | 日本料理￥123/人 | Sar | 点评榜单 | 上海日式料理热门榜第1名 | doi aan | 休息中理 | 惠￥10.96.9折 | ￥16限量超值单品握寿司 | ￥989.8折 | ￥100 | 惠 | 【呆板98元】100元...,ocr/input_videos\上海__五角场合生汇__20260824.mp4
OBS-000060,五角场合生汇,大神太神·铁板烧,大神太神·铁板烧,日式铁板烧,4.2,126,L4,rated,True,,rated,parsed,rating_anchor,0.9776,0.9886,51,770,13.468,🌟🌟🌟🌟 | L4 | 4.2 | 日式铁板烧￥126/人 | ★,极勒颜 | 大神太神·铁板烧 | 🌟🌟🌟🌟 | L4 | 4.2 | 日式铁板烧￥126/人 | ★ | 点评榜单 | 上海日式铁板烧好评榜第2名 | 服务态度一流，推荐大家来品尝 | ￥7.94 | 4折 | ￥20松饼冰淇淋 | 惠 | ￥969.6折 | 惠 | ￥100100元代金券,ocr/input_videos\上海__五角场合生汇__20260824.mp4
OBS-000061,五角场合生汇,味千拉面,味千拉面,日式面条,3.6,47,B2,rated,True,,rated,parsed,rating_anchor,0.9334,0.9257,59,770,13.468,3.6日式面条￥47/人 | B2,味千拉面 | 一碗5色， | 酸辣一夏 | 3.6日式面条￥47/人 | B2,ocr/input_videos\上海__五角场合生汇__20260824.mp4
OBS-000062,五角场合生汇,KCOOKING概念韩餐,KCOOKING概念韩餐,韩式料理,4.2,110,L4,rated,True,,rated,parsed,rating_anchor,0.9729,0.9963,54,803,14.045,⭐🌟⭐⭐⭐ | 4.2韩式料理￥110/人 | L4,KCOOKING概念韩餐 | ⭐🌟⭐⭐⭐ | 4.2韩式料理￥110/人 | L4 | 点评榜单 | 杨浦区韩式料理热门榜第1名 | Return. | 口感绝佳，环境优雅，服务流” | “ | ￥24.57折 | ￥35招牌年糕雪冰 | 惠 | ￥47.5 | 惠 | 9.5折 | ￥5050元代金券,ocr/input_videos\上海__五角场合生汇__20260824.mp4
OBS-000063,五角场合生汇,呆板日式料理,呆板日式料理,日本料理,,123,L2,new_store,False,new_store,ocr_missing,parsed,metadata_anchor,0.9733,0.9959,54,803,14.045,新店 | L2 | 日本料理￥123/人,呆板日式料理 | 新店 | L2 | 日本料理￥123/人 | Sa | 点评榜单 | 上海日式料理热门榜第1名 | 休息中+理 | 惠￥10.96.9折 | ￥16限量超值单品握寿司 | ￥989.8折 | ￥100 | 惠 | 【呆板98元】100元..,ocr/input_videos\上海__五角场合生汇__20260824.mp4
OBS-000064,五角场合生汇,大神太神·铁板烧,大神太神·铁板烧,日,4.2,126,L4,rated,True,,rated,parsed,rating_anchor,0.9426,0.9918,51,803,14.045,⭐🌟🌟⭐ | L4 | 4.2日 | 日式铁板烧￥126/人,茶辣 | 大神太神·铁板烧 | ⭐🌟🌟⭐ | L4 | 4.2日 | 日式铁板烧￥126/人 | 点评榜单 | 上海日式铁板烧好评榜第2名 | 服务态度一流，推荐大家来品尝 | ￥7.9 | 4折 | ￥20松饼冰淇淋 | 惠 | ￥969.6折 | 惠 | ￥100100元代金券,ocr/input_videos\上海__五角场合生汇__20260824.mp4
OBS-000065,五角场合生汇,味千拉面,味千拉面,日式面条,3.6,,B2,rated,True,,rated,parsed,rating_anchor,0.9513,0.9394,56,803,14.045,3.6日式面条47/人 | B2,味千拉面 | 一碗5色. | 广 | 酸辣一夏 | 3.6日式面条47/人 | B2 | ￥49.99.8折 | ￥51 | 【热销】经典四选一 | 惠,ocr/input_videos\上海__五角场合生汇__20260824.mp4
OBS-000066,五角场合生汇,KCOOKING概念韩餐,KCOOKING概念韩餐,韩式料理,4.2,110,L4,rated,True,,rated,parsed,rating_anchor,0.987,0.9965,51,836,14.622,⭐🌟★⭐⭐ | L4 | 4.2韩式料理￥110/人,KCOOKING概念韩餐 | ⭐🌟★⭐⭐ | L4 | 4.2韩式料理￥110/人 | 点评榜单 | 杨浦区韩式料理热门榜第1名 | Return. | □感绝佳，环境优雅，服务一流” | “ | ￥24.57折 | 惠 | ￥35招牌年糕雪冰 | ￥47.5 | 惠 | 9.5折 | ￥5050元代金券,ocr/input_videos\上海__五角场合生汇__20260824.mp4
OBS-000067,五角场合生汇,呆板日式料理,呆板日式料理,日本料理,,123,L2,new_store,False,new_store,ocr_missing,parsed,metadata_anchor,0.9679,0.9644,55,836,14.622,新店 | L2 | 日本料理￥123/人,呆板日式料理 | 新店 | L2 | 日本料理￥123/人 | a | 点评榜单 | 呆 | 上海日式料理热门榜第1名 | 休息中理 | ￥10.96.9折 | ￥16限量超值单品握寿司 | 惠 | ￥989.8折 | ￥100 | 惠 | 【呆板98元】100元.,ocr/input_videos\上海__五角场合生汇__20260824.mp4
OBS-000068,五角场合生汇,大神太神·铁板烧,大神太神·铁板烧,日式铁板烧,4.2,126,L4,rated,True,,rated,parsed,rating_anchor,0.9761,0.9842,52,836,14.622,⭐💥⭐⭐ | L4 | 4.2 | 日式铁板烧￥126/人,衣勒辣 | 大神太神·铁板烧 | ⭐💥⭐⭐ | L4 | 4.2 | 日式铁板烧￥126/人 | 点评榜单 | 上海日式铁板烧好评榜第2名 | 服务态度一流，推荐大家来品尝 | ￥7.9 | 4折 | ￥20松饼冰淇淋 | 惠 | ￥969.6折 | 惠 | ￥100100元代金券,ocr/input_videos\上海__五角场合生汇__20260824.mp4
OBS-000069,五角场合生汇,味千拉面,味千拉面,日式面条,3.6,47,B2,rated,True,,rated,parsed,rating_anchor,0.9588,0.9763,63,836,14.622,3.6日式面条￥47/人 | B2,味千拉面 | 一碗5色， | 酸辣一夏 | 3.6日式面条￥47/人 | B2 | ￥49.99.8折 | 惠 | ￥51 | 【热销】经典四选一,ocr/input_videos\上海__五角场合生汇__20260824.mp4
OBS-000070,五角场合生汇,大神太神·铁板烧,大神太神·铁板烧,日式铁板烧,4.2,126,L4,rated,True,,rated,parsed,rating_anchor,0.9775,0.9894,51,924,16.162,🌟🌟⭐⭐ | L4 | 4.2 | 日式铁板烧￥126/人 | ★,衣勒颜 | 大神太神·铁板烧 | 🌟🌟⭐⭐ | L4 | 4.2 | 日式铁板烧￥126/人 | ★ | 点评榜单 | 上海式铁板烧好评榜第2名 | 服务态度一流，推荐大家来品尝 | ￥7.9 | 惠 | 4折 | ￥20松饼冰淇淋 | ￥969.6折 | 惠 | ￥100100元代金券,ocr/input_videos\上海__五角场合生汇__20260824.mp4
OBS-000071,五角场合生汇,味千拉面,味千拉面,日式面条,3.6,47,B2,rated,True,,rated,parsed,rating_anchor,0.9445,0.9506,59,924,16.162,3.6日式面条￥47/人 | B2,味千拉面 | 一碗色， | 酸辣一夏 | 3.6日式面条￥47/人 | B2 | ￥51 | ￥49.99.8折 | 【热销】经典四选. | 惠,ocr/input_videos\上海__五角场合生汇__20260824.mp4
OBS-000072,五角场合生汇,贵Guui,贵Guui,贵州菜黔菜,4.4,118,L5,rated,True,,rated,parsed,rating_anchor,0.9857,0.9984,58,924,16.162,🌟🌟🌟🌟 | 4.4贵州菜黔菜￥118/人 | L5,贵Guui | 🌟🌟🌟🌟 | 4.4贵州菜黔菜￥118/人 | L5 | 点评榜单 | 杨浦区贵州菜|黔菜热门榜第1名 | 贵州口味正宗，服务贴心周到” | “ | 2 | ￥21.96.9折 | ￥32 | 【时令风味】贵州冰.. | 惠 | ￥959.5折 | ￥100100元代金券 | 惠,ocr/input_videos\上海__五角场合生汇__20260824.mp4
OBS-000073,五角场合生汇,安又胖韩国烤肉,安又胖韩国烤肉,韩式烤肉,4.4,110,L2,rated,True,,rated,parsed,rating_anchor,0.985,0.9991,51,924,16.162,🌟🌟⭐🎉 | 4.4韩式烤肉￥110/人 | L2,安又胖韩国烤肉 | 🌟🌟⭐🎉 | 4.4韩式烤肉￥110/人 | L2 | 安又胖 | 点评榜单 | 杨浦区烤肉销量榜第2名 | 药式博肉科理 | 唤醒味蕾的秘密武器 | 3 | ￥39 | 惠 | ￥29.9 | 7.7折 | 【夏季上新】济州岛.. | ￥47.59.5折 | 惠 | ￥50 | 【帮你省薪】50元代. | T,ocr/input_videos\上海__五角场合生汇__20260824.mp4
OBS-000074,五角场合生汇,味千拉面,味千拉面,日式面条,3.6,47,B2,rated,True,,rated,parsed,rating_anchor,0.9163,0.8974,55,935,16.354,3.6日式面条￥47/人 | B2,味千拉面 | 一碗5色， | 酸辣一夏 | 3.6日式面条￥47/人 | B2 | ￥49.99.8折 | ￥51 | 【热销】经典四选一. | 惠,ocr/input_videos\上海__五角场合生汇__20260824.mp4
OBS-000075,五角场合生汇,贵Guui,贵Guui,贵州菜黔菜,4.4,118,L5,rated,True,,rated,parsed,rating_anchor,0.9851,0.9987,58,935,16.354,🌟🌟🌟🌟 | L5 | 4.4贵州菜黔菜￥118/人 | ★,贵Guui | 🌟🌟🌟🌟 | L5 | 4.4贵州菜黔菜￥118/人 | ★ | 点评榜单 | 杨浦区贵州菜|黔菜热门榜第1名 | 贵州口味正宗，服务贴心周到” | 广告 | ￥21.9 | 6.9折 | ￥32 | 【时令味】贵州冰.. | 惠 | ￥959.5折 | 惠 | ￥100100元代金券,ocr/input_videos\上海__五角场合生汇__20260824.mp4
OBS-000076,五角场合生汇,安又胖韩国烤肉,安又胖韩国烤肉,韩式烤肉,4.4,110,L2,rated,True,,rated,parsed,rating_anchor,0.9831,0.9994,51,935,16.354,L2 | 🌟🌟⭐⭐ | 4.4韩式烤肉￥110/人 | ★,安又胖韩国烤肉 | L2 | 🌟🌟⭐⭐ | 4.4韩式烤肉￥110/人 | ★ | 安双胖 | 点评榜单 | 杨浦区烤肉销量榜第2名 | 韩式划内料理 | 唤醒味蕾的秘密武器 | ￥29.97.7折 | 【夏季上新】济州岛.. | ￥39 | 惠 | ￥50 | 【帮你省薪】50元代.. | 惠 | ￥47.5 | 9.5折,ocr/input_videos\上海__五角场合生汇__20260824.mp4
OBS-000077,五角场合生汇,北丐先生·野馄饨烧烤,北丐先生·野馄饨烧烤,烤串,3.9,,商场内,rated,True,,rated,parsed,rating_anchor,0.9665,0.9743,48,935,16.354,商场内 | 3.9烤串65/人,北丐先生·野馄饨烧烤 | Mr.Beigai | 北巧先生 | 商场内 | 3.9烤串65/人,ocr/input_videos\上海__五角场合生汇__20260824.mp4
OBS-000078,五角场合生汇,味千拉面,味千拉面,日式面条,3.6,47,B2,rated,True,,rated,parsed,rating_anchor,0.9372,0.9676,56,979,17.124,B2 | ⭐3.6日式面条￥47/人,味千拉面 | 一碗色， | 酸辣一夏 | B2 | ⭐3.6日式面条￥47/人 | ￥49.99.8折 | ￥51 | 【热销】经典四选一 | 惠,ocr/input_videos\上海__五角场合生汇__20260824.mp4
OBS-000079,五角场合生汇,贵Guui,贵Guui,贵州菜黔菜,4.4,118,L5,rated,True,,rated,parsed,rating_anchor,0.9895,0.9986,58,979,17.124,🌟🌟🌟🌟 | 4.4贵州菜黔菜￥118/人 | L5,贵Guui | 🌟🌟🌟🌟 | 4.4贵州菜黔菜￥118/人 | L5 | 点评榜单 | 杨浦区贵州菜黔菜热门榜第1名 | 贵州口味正宗，服务贴心周到 | ￥21.9 | 6.9折 | ￥32 | 【时令风味】贵州冰.. | 惠 | ￥959.5折 | 惠 | ￥100100元代金券,ocr/input_videos\上海__五角场合生汇__20260824.mp4
OBS-000080,五角场合生汇,安又胖韩国烤肉,安又胖韩国烤肉,韩式烤肉,4.4,110,L2,rated,True,,rated,parsed,rating_anchor,0.9856,0.9991,54,979,17.124,L2 | 🌟🌟⭐ | 4.4韩式烤肉￥110/人,安又胖韩国烤肉 | L2 | 🌟🌟⭐ | 4.4韩式烤肉￥110/人 | 安又胖 | 点评榜单 | 杨浦区烤肉销量榜第2名 | 特式州内科理 | 唤醒味蕾的秘密武器 | ￥29.9 | 7.7折 | ￥39 | 惠 | 【夏季上新】济州岛. | ￥50 | ￥47.59.5折 | 惠 | 【帮你省薪】50元代..,ocr/input_videos\上海__五角场合生汇__20260824.mp4
OBS-000081,五角场合生汇,北丐先生·野馄饨烧烤,北丐先生·野馄饨烧烤,烤串,3.9,65,商场内,rated,True,,rated,parsed,rating_anchor,0.9705,0.9836,48,979,17.124,商场内 | 3.9烤串￥65/人 | 🌟🌟🌟🌟🌟,北丐先生·野馄饨烧烤 | Mr.Beigai | 北巧先生 | 商场内 | 3.9烤串￥65/人 | 🌟🌟🌟🌟🌟 | 野馄饨·烧烤 | 点评榜单 | 杨浦区烧烤烤串销量榜第1名 | 全国门店150+ | 麻辣刺激，回味无穷 | 5.2折 | ￥10.1| | ￥19.8烧烤快乐水 | 惠 | ￥459折 | ￥50 | 惠 | 【前台买券】50元代金券,ocr/input_videos\上海__五角场合生汇__20260824.mp4
OBS-000082,五角场合生汇,味千拉面,味千拉面,日式面条,3.6,47,B2,rated,True,,rated,parsed,rating_anchor,0.9426,0.9458,58,990,17.316,3.6日式面条￥47/人 | B2,味千拉面 | 一碗5色. | 酸辣一夏 | 3.6日式面条￥47/人 | B2 | ￥49.99.8折 | ￥51 | 惠 | 【热销】经典四选一.,ocr/input_videos\上海__五角场合生汇__20260824.mp4
OBS-000083,五角场合生汇,贵Guui,贵Guui,贵州菜黔菜,4.4,118,L5,rated,True,,rated,parsed,rating_anchor,0.9861,0.9974,61,990,17.316,⭐🌟🌟⭐ | L5 | 4.4贵州菜黔菜￥118/人 | ★,贵Guui | ⭐🌟🌟⭐ | L5 | 4.4贵州菜黔菜￥118/人 | ★ | 点评榜单 | 杨浦区贵州菜|黔菜热门榜第1名 | 贵州口味正宗，服务贴心周到 | ≤ | - | ￥21.9 | ￥32 | 【时令风味】贵州冰.. | 6.9折 | 惠 | ￥959.5折 | 惠 | ￥100100元代金券,ocr/input_videos\上海__五角场合生汇__20260824.mp4
OBS-000084,五角场合生汇,安又胖韩国烤肉,安又胖韩国烤肉,韩式烤肉,4.4,110,L2,rated,True,,rated,parsed,rating_anchor,0.9873,0.9993,54,990,17.316,L2 | 🌟🌟🌟🎉 | 4.4韩式烤肉￥110/人,安又胖韩国烤肉 | L2 | 🌟🌟🌟🎉 | 4.4韩式烤肉￥110/人 | 安又胖 | 点评榜单 | 杨浦区烤肉销量榜第2名 | 特式州内料理 | 唤醒味蕾的秘密武器 | “ | ￥29.97.7折 | 惠 | ￥39 | 【夏季上新】济州岛.. | ￥47.59.5折 | ￥50 | 【帮你省薪】50元代.. | 惠,ocr/input_videos\上海__五角场合生汇__20260824.mp4
OBS-000085,五角场合生汇,北丐先生·野馄饨烧烤,北丐先生·野馄饨烧烤,烤串,3.9,65,商场内,rated,True,,rated,parsed,rating_anchor,0.9696,0.976,51,990,17.316,商场内 | 🌟🌟🌟🌟🌟 | 3.9烤串￥65/人,北丐先生·野馄饨烧烤 | Mr. Beigai | 北巧先生 | 商场内 | 🌟🌟🌟🌟🌟 | 3.9烤串￥65/人 | 野馄饨·烧烤 | 点评榜单 | 杨浦区烧烤烤串销量榜第1名 | 全国门店150+ | 麻辣刺激，回味无穷 | ￥10.1 | 5.2折 | ￥19.8烧烤快乐水 | 惠 | ￥459折 | 惠 | ￥50 | 【前台买券】50元代金券,ocr/input_videos\上海__五角场合生汇__20260824.mp4
OBS-000086,五角场合生汇,味千拉面,味千拉面,日式面条,3.6,,B2,rated,True,,rated,parsed,rating_anchor,0.9375,0.8958,60,1023,17.893,3.6日式面条47/人 | B2,味千拉面 | 一碗5色， | 一酸辣一夏 | 3.6日式面条47/人 | B2 | ￥49.99.8折 | ￥51 | 惠 | 【热销】经典四选一.,ocr/input_videos\上海__五角场合生汇__20260824.mp4
OBS-000087,五角场合生汇,贵Guui,贵Guui,贵州菜黔菜,4.4,118,L5,rated,True,,rated,parsed,rating_anchor,0.9882,0.9988,58,1023,17.893,🌟🌟⭐⭐ | L5 | 4.4贵州菜黔菜￥118/人 | ★,贵Guui | 🌟🌟⭐⭐ | L5 | 4.4贵州菜黔菜￥118/人 | ★ | 点评榜单 | 杨浦区贵州菜黔菜热门榜第1名 | uuI | 贵州口味正宗，服务贴心周到 | “ | ￥21.9 | 6.9折 | ￥32 | 惠 | 【时令风味】贵州冰... | ￥959.5折 | 惠 | ￥100100元代金券,ocr/input_videos\上海__五角场合生汇__20260824.mp4
OBS-000088,五角场合生汇,安又胖韩国烤肉,安又胖韩国烤肉,韩式烤肉,4.4,110,L2,rated,True,,rated,parsed,rating_anchor,0.9828,0.9994,52,1023,17.893,L2 | ⭐🌟⭐🌟 | 韩式烤肉￥110/人 | 4.4,安又胖韩国烤肉 | L2 | ⭐🌟⭐🌟 | 韩式烤肉￥110/人 | 4.4 | 安又降 | 点评榜单 | 杨浦区烤肉销量榜第2名 | 韩式河肉科理 | 喚醒味蕾的秘密武器 | 5 | ￥39 | ￥29.9 | 7.7折 | 【夏季上新】济州岛. | 惠 | ￥50 | 惠 | ￥47.5 | 9.5折 | 【帮你省薪】50元代...,ocr/input_videos\上海__五角场合生汇__20260824.mp4
OBS-000089,五角场合生汇,北丐先生·野馄饨烧烤,北丐先生·野馄饨烧烤,烤串,3.9,65,商场内,rated,True,,rated,parsed,rating_anchor,0.9631,0.9738,54,1023,17.893,商场内 | 3.9烤串￥65/人 | 🌟🌟🌟🌟🌟,北丐先生·野馄饨烧烤 | Mr.Beigai | 北巧先生 | 商场内 | 3.9烤串￥65/人 | 🌟🌟🌟🌟🌟 | 野馄饨·烧烤 | 点评榜单 | 杨浦区烧烤烤串销量榜第1名 | 全国门店150+ | 麻辣刺激，回味无穷 | “ | 5.2折 | ￥19.8烧烤快乐水 | ￥10.1 | 惠 | ￥459折 | ￥50 | 惠 | 【前台买券】50元代金券,ocr/input_videos\上海__五角场合生汇__20260824.mp4
OBS-000090,五角场合生汇,贵Guui,贵Guui,贵州菜黔菜,4.4,118,L5,rated,True,,rated,parsed,rating_anchor,0.988,0.9986,61,1100,19.24,★🌟★★ | 4.4贵州菜黔菜￥118/人 | L5 | ★,贵Guui | ★🌟★★ | 4.4贵州菜黔菜￥118/人 | L5 | ★ | 点评榜单 | 杨浦区贵州菜|黔菜热门榜第1名 | 贵州口味正宗，服务贴心周到 | 告 | ￥21.9 | ￥32 | 6.9折 | 【时令风味】 | 惠 | 贵州冰. | ￥959.5折 | 惠 | ￥100100元代金券,ocr/input_videos\上海__五角场合生汇__20260824.mp4
OBS-000091,五角场合生汇,安又胖韩国烤肉,安又胖韩国烤肉,韩式烤肉,4.4,110,L2,rated,True,,rated,parsed,rating_anchor,0.9774,0.9991,53,1100,19.24,L2 | 🌟🌟🌟🌟 | 韩式烤肉￥110/人 | 4.4,安又胖韩国烤肉 | L2 | 🌟🌟🌟🌟 | 韩式烤肉￥110/人 | 4.4 | 安又胖 | 点评榜单 | 杨浦区烤肉销量榜第2名 | 韩式烤肉料理 | 唤醒味蕾的秘密武器 | ￥29.97.7折 | 【夏季上新】济州岛.. | ￥39 | 惠 | ￥47.59.5折 | ￥50 | 【帮你省薪】50元代... | 惠,ocr/input_videos\上海__五角场合生汇__20260824.mp4
OBS-000092,五角场合生汇,北丐先生·野馄饨烧烤,北丐先生·野馄饨烧烤,烤串,3.9,65,商场内,rated,True,,rated,parsed,rating_anchor,0.9676,0.9826,48,1100,19.24,商场内 | 🌟🌟🌟🌟⭐ | 3.9烤串￥65/人,北丐先生·野馄饨烧烤 | Mr.Beigai | 北巧先生 | 商场内 | 🌟🌟🌟🌟⭐ | 3.9烤串￥65/人 | 点评榜单 | 野馄饨·烧烤 | 杨浦区烧烤烤串销量榜第1名 | 全国门店150+ | 麻辣刺激，回味无穷 | 惠 | ￥10.1 | 5.2折 | ￥19.8烧烤快乐水 | ￥459折 | 惠 | ￥50 | 【前台买券】50元代金券,ocr/input_videos\上海__五角场合生汇__20260824.mp4
OBS-000093,五角场合生汇,西塔老太太泥炉烤肉,西塔老太太泥炉烤肉,韩式烤肉,4.6,128,L5,rated,True,,rated,parsed,rating_anchor,0.9771,0.9998,50,1100,19.24,L5 | 4.6韩式烤肉￥128/人,西塔老太太泥炉烤肉 | 西琴 | L5 | 4.6韩式烤肉￥128/人 | aTIr | 点评榜单 | 杨浦区烤肉回头客榜第2名 | 西塔王牛排 | 重休息中 | 肉质鲜美，性价比高，服务贴心 | 55 | ￥491 | ￥2745.6折 | 惠 | 【经典】精品2人烤.. | ￥797.9折 | ￥100 | 惠 | 【午市】100元代金券,ocr/input_videos\上海__五角场合生汇__20260824.mp4
OBS-000094,五角场合生汇,安又胖韩国烤肉,安又胖韩国烤肉,韩式烤肉,4.4,110,L2,rated,True,,rated,parsed,rating_anchor,0.9841,0.999,48,1111,19.432,L2 | 🌟🌟🌟 | 4.4韩式烤肉￥110/人 | ★,安又胖韩国烤肉 | L2 | 🌟🌟🌟 | 4.4韩式烤肉￥110/人 | ★ | 安又胖 | 点评榜单 | 杨浦区烤肉销量榜第2名 | 特式州内科理 | 唤醒味蕾的秘密武器 | “ | 5 | 惠 | ￥29.9 | 7.7折 | ￥39 | 【夏季上新】济州岛.. | ￥50 | 惠 | ￥47.59.5折 | 【帮你省薪】50元代...,ocr/input_videos\上海__五角场合生汇__20260824.mp4
OBS-000095,五角场合生汇,北丐先生·野馄饨烧烤,北丐先生·野馄饨烧烤,烤串,3.9,65,商场内,rated,True,,rated,parsed,rating_anchor,0.9621,0.9806,48,1111,19.432,商场内 | 3.9烤串￥65/人,北丐先生·野馄饨烧烤 | Mr.Belgai | 北巧先生 | 商场内 | 3.9烤串￥65/人 | 野馄饨·烧烤 | 点评镑单 | 杨浦区烧烤烤串销量榜第1名 | 全国门店150+ | 麻辣刺激，回味无穷 | ￥10.1 | ￥19.8烧烤快乐水 | 5.2折 | 惠 | ￥459折 | 惠 | ￥50 | 【前台买券】50元代金券,ocr/input_videos\上海__五角场合生汇__20260824.mp4
OBS-000096,五角场合生汇,西塔老太太泥炉烤肉,西塔老太太泥炉烤肉,韩式烤肉,4.6,128,L5,rated,True,,rated,parsed,rating_anchor,0.9665,0.9996,53,1111,19.432,L5 | ★★★★★ | 4.6 | 韩式烤肉￥128/人,西塔老太太泥炉烤肉 | 西 | L5 | ★★★★★ | 4.6 | 韩式烤肉￥128/人 | 海T3997 | 点评榜单 | 杨浦区烤肉回头客榜第2名 | 西塔王牛排 | 重休息中 | 肉质鲜美，性价比，服务贴心 | ￥491 | ￥2745.6折 | 【经典】精品2人烤... | 惠 | ￥797.9折 | ￥100 | 惠 | 【午市】100元代金券,ocr/input_videos\上海__五角场合生汇__20260824.mp4
OBS-000097,五角场合生汇,塔哈尔·毡房行,塔哈尔·毡房行,新疆菜,4.6,91,L4,rated,True,,rated,parsed,rating_anchor,0.9655,0.9841,51,1111,19.432,🌟🌟🌟 | L4 | 新疆菜￥91/人 | 4.6,塔哈尔·毡房行 | 🌟🌟🌟 | L4 | 新疆菜￥91/人 | 4.6,ocr/input_videos\上海__五角场合生汇__20260824.mp4
OBS-000098,五角场合生汇,安又胖韩国烤肉,安又胖韩国烤肉,韩式烤肉,4.4,110,L2,rated,True,,rated,parsed,rating_anchor,0.9814,0.9993,48,1133,19.817,L2 | ⭐🌟🌟⭐ | 4.4韩式烤肉￥110/人 | ★,安又胖韩国烤肉 | L2 | ⭐🌟🌟⭐ | 4.4韩式烤肉￥110/人 | ★ | 安又胖 | 点评榜单 | 杨浦区烤肉销量榜第2名 | 韩式烤内料理 | 唤醒味蕾的秘密武器 | C | ￥29.97.7折 | ￥39 | 惠 | 【夏季上新】济州岛. | ￥47.59.5折 | ￥50 | 惠 | 【帮你省薪】50元代..,ocr/input_videos\上海__五角场合生汇__20260824.mp4
OBS-000099,五角场合生汇,北丐先生·野馄饨烧烤,北丐先生·野馄饨烧烤,烤串,3.9,65,商场内,rated,True,,rated,parsed,rating_anchor,0.9457,0.9782,48,1133,19.817,商场内 | 3.9烤串￥65/人,北丐先生·野馄饨烧烤 | Mr.Beigai | 北巧先生 | 商场内 | 3.9烤串￥65/人 | 野馄饨·烧烤 | 点评榜单 | 杨浦区烧烤烤串销量榜第1名 | 全国门店150 | 麻辣刺激，回味无穷 | ￥10.1 | ￥19.8烧烤快乐水 | 5.2折 | 惠 | ￥459折 | 惠 | ￥50 | 【前台买券】50元代金券,ocr/input_videos\上海__五角场合生汇__20260824.mp4
OBS-000100,五角场合生汇,西塔老太太泥炉烤肉,西塔老太太泥炉烤肉,韩式烤肉,4.6,128,L5,rated,True,,rated,parsed,rating_anchor,0.9733,0.9997,53,1133,19.817,L5 | 4.6韩式烤肉￥128/人,西塔老太太泥炉烤肉 | 号 | 西 | L5 | 4.6韩式烤肉￥128/人 | TIST | 点评榜单 | 杨浦区烤肉回头客榜第2名 | 西塔王牛排 | 重休息中场 | 肉质鲜美，性价比，服务贴心 | 33 | ≤ | ￥2745.6折 | ￥491 | 【经典】精品2人烤.. | 惠 | ￥79 | 7.9折 | 【午市】100元代金券 | 惠 | ￥100,ocr/input_videos\上海__五角场合生汇__20260824.mp4
OBS-000101,五角场合生汇,塔哈尔·毡房行,塔哈尔·毡房行,新疆菜,4.6,91,L4,rated,True,,rated,parsed,rating_anchor,0.9687,0.9831,51,1133,19.817,L4 | ★★★★★ | 4.6新疆菜￥91/人,塔哈尔·毡房行 | L4 | ★★★★★ | 4.6新疆菜￥91/人 | 点评榜单 | 杨浦区新疆菜销量榜第1名 | 新疆风情浓郁 | ￥10.54.1折 | 惠 | ￥26特色Ⅱ牛奶饭冰淇淋 | ￥94.59.5折 | 惠 | ￥100100元代金券,ocr/input_videos\上海__五角场合生汇__20260824.mp4
OBS-000102,五角场合生汇,北丐先生·野馄饨烧烤,北丐先生·野馄饨烧烤,烤串,3.9,,商场内,rated,True,,rated,parsed,rating_anchor,0.9447,0.9805,48,1188,20.779,商场内 | 3.9烤串65/人,北丐先生·野馄饨烧烤 | Mr.Beigai | 北巧先生 | 商场内 | 3.9烤串65/人 | 点评榜单 | 野馄饨·烧烤 | 杨浦区烧烤烤串销量榜第1名 | 全国门店150+ | 麻辣刺激，回味穷 | 1 | S | ￥10.1 | 5.2折 | ￥19.8烧烤快乐水 | 惠 | ￥459折 | ￥50 | 惠 | 【前台买券】50元代金券,ocr/input_videos\上海__五角场合生汇__20260824.mp4
OBS-000103,五角场合生汇,西塔老太太泥炉烤肉,西塔老太太泥炉烤肉,韩式烤肉,4.6,128,L5,rated,True,,rated,parsed,rating_anchor,0.9739,0.9997,53,1188,20.779,L5 | 4.6韩式烤肉￥128/人,西塔老太太泥炉烤肉 | 保终图身 | 西 | L5 | 4.6韩式烤肉￥128/人 | 平3T | 点评榜单 | 杨浦区烤肉回头客榜第2名 | 西塔王牛排 | 重休息中场 | 肉质鲜美，性价比，服务贴心 | “ | ￥491 | ￥2745.6折 | 惠 | 【经典】精品2人烤... | ￥797.9折 | ￥100 | 惠 | 【午市】100元代金券,ocr/input_videos\上海__五角场合生汇__20260824.mp4
OBS-000104,五角场合生汇,塔哈尔·毡房行,塔哈尔·毡房行,新疆菜,4.6,91,L4,rated,True,,rated,parsed,rating_anchor,0.9642,0.9811,51,1188,20.779,L4 | 🌟🌟🌟🌟🌟 | 新疆菜￥91/人 | 4.6,塔哈尔·毡房行 | L4 | 🌟🌟🌟🌟🌟 | 新疆菜￥91/人 | 4.6 | 点评榜单 | 杨浦区新疆菜销量榜第1名 | 新疆风情浓郁” | ￥10.54.1折 | ￥26特色牛奶饭冰淇淋 | 惠 | ￥94.59.5折 | 惠 | ￥100100元代金券,ocr/input_videos\上海__五角场合生汇__20260824.mp4
OBS-000105,五角场合生汇,牛New寿喜烧,牛New寿喜烧,寿喜锅/烧..,4.6,,B2,rated,True,,rated,parsed,rating_anchor,0.9462,0.9991,52,1188,20.779,🌟🌟🌟🌟🌟 | ￥177/B2 | 4.6 | 寿喜锅/烧..,牛New寿喜烧 | 洁蒸梭子蟹 | 🌟🌟🌟🌟🌟 | ￥177/B2 | 4.6 | 寿喜锅/烧.. | 蒜蓉生蚝 | 畅吃 | 点评榜单 | 杨浦区自助餐好评榜第3名 | 工 | 休息中 | 味雪芭 | ￥159 | 惠 | 【吃肉自由】哈 | ￥155.59.8折,ocr/input_videos\上海__五角场合生汇__20260824.mp4
OBS-000106,五角场合生汇,北丐先生·野馄饨烧烤,北丐先生·野馄饨烧烤,烤串,3.9,65,商场内,rated,True,,rated,parsed,rating_anchor,0.9652,0.9655,48,1221,21.356,商场内 | 3.9烤串￥65/人 | 🌟🌟🌟🌟⭐,北丐先生·野馄饨烧烤 | Mr.Beigai | 北巧先生 | 商场内 | 3.9烤串￥65/人 | 🌟🌟🌟🌟⭐ | 野馄饨·烧烤 | 点评榜单 | 杨浦区烧烤烤串销量榜第1名 | 全国门店150+ | 麻辣刺激，回味无穷 | “ | ￥10.1| | ￥19.8烧烤快乐水 | 5.2折 | 惠 | ￥459折 | 惠 | ￥50 | 【前台买券】50元代金券,ocr/input_videos\上海__五角场合生汇__20260824.mp4
OBS-000107,五角场合生汇,西塔老太太泥炉烤肉,西塔老太太泥炉烤肉,韩式烤肉,4.6,128,L5,rated,True,,rated,parsed,rating_anchor,0.9795,0.9997,53,1221,21.356,L5 | ★★🌟🌟🌟 | 4.6 | 韩式烤肉￥128/人,西塔老太太泥炉烤肉 | 西大 | L5 | ★★🌟🌟🌟 | 4.6 | 韩式烤肉￥128/人 | 海T3997 | 点评镑单 | 杨浦区烤肉回头客榜第2名 | 西塔王牛排 | 重休息中 | “质鲜美，性价比，服务贴心” | 3 | ￥491 | ￥2745.6折 | 惠 | 【经典】精品2人烤.. | ￥100 | ￥797.9折 | 惠 | 【午市】100元代金券,ocr/input_videos\上海__五角场合生汇__20260824.mp4
OBS-000108,五角场合生汇,塔哈尔·毡房行,塔哈尔·毡房行,新疆菜,4.6,91,L4,rated,True,,rated,parsed,rating_anchor,0.972,0.9873,51,1221,21.356,L4 | 🌟🌟⭐🌟 | 4.6 | 新疆菜￥91/人,塔哈尔·毡房行 | L4 | 🌟🌟⭐🌟 | 4.6 | 新疆菜￥91/人 | 行 | 点评榜单 | 杨浦区新疆菜销量榜第1名 | 新疆风情浓郁” | ￥10.54.1折 | 惠 | ￥26特色Ⅱ牛奶饭冰淇淋 | ￥94.59.5折 | 惠 | ￥100100元代金券,ocr/input_videos\上海__五角场合生汇__20260824.mp4
OBS-000109,五角场合生汇,牛New寿喜烧,牛New寿喜烧,寿喜锅/烧..,4.6,177,B2,rated,True,,rated,parsed,rating_anchor,0.9479,0.9993,51,1221,21.356,🌟🌟🌟🌟🌟 | ￥177/人B2 | 寿喜锅/烧.. | 4.6,牛New寿喜烧 | 清蒸梭子蟹 | 🌟🌟🌟🌟🌟 | ￥177/人B2 | 寿喜锅/烧.. | 4.6 | 蒜蓉生蚝 | 畅口 | 吃 | 点评榜单 | 杨浦区自助餐好评榜第3名 | Hǎaaen | 休息中 | 味雪芭 | 【吃肉自由】哈. | ￥159 | ￥155.59.8折 | 惠,ocr/input_videos\上海__五角场合生汇__20260824.mp4
OBS-000110,五角场合生汇,西塔老太太泥炉烤肉,西塔老太太泥炉烤肉,韩式烤肉,4.6,128,L5,rated,True,,rated,parsed,rating_anchor,0.9831,0.9999,53,1309,22.895,L5 | 🌟🌟🎉🌟🌟 | 韩式烤肉￥128/人 | 4.6,西塔老太太泥炉烤肉 | 西 | L5 | 🌟🌟🎉🌟🌟 | 韩式烤肉￥128/人 | 4.6 | 个17 | 点评榜单 | 杨浦区烤肉回头客榜第2名 | 西塔王牛排 | 重休息中 | 肉质鲜美，性价比高，服务贴心 | 3 | 5 | ￥2745.6折 | ￥491 | 【经典】精品2人烤.. | 惠 | ￥797.9折 | ￥100 | 惠 | 【午市】100元代金券,ocr/input_videos\上海__五角场合生汇__20260824.mp4
OBS-000111,五角场合生汇,塔哈尔·毡房行,塔哈尔·毡房行,新疆菜,4.6,91,L4,rated,True,,rated,parsed,rating_anchor,0.9672,0.9816,54,1309,22.895,🌟🌟⭐🌟 | L4 | 新疆菜￥91/人 | 4.6,塔哈尔·毡房行 | 川 | 🌟🌟⭐🌟 | L4 | 新疆菜￥91/人 | 4.6 | 行 | 点评榜单 | 杨浦区新疆菜销量榜第1名 | 新疆风情浓郁” | ￥10.5 | 4.1折 | 惠 | ￥26特色Ⅱ牛奶饭冰淇淋 | ￥94.5 | 惠 | 9.5折 | ￥100100元代金券,ocr/input_videos\上海__五角场合生汇__20260824.mp4
OBS-000112,五角场合生汇,牛New寿喜烧,牛New寿喜烧,寿喜锅/烧...,4.6,177,B2,rated,True,,rated,parsed,rating_anchor,0.9517,0.9995,51,1309,22.895,⭐🌟⭐🌟🌟 | ￥177/人B2 | 4.6寿喜锅/烧...,牛New寿喜烧 | 清蒸梭子蟹 | ⭐🌟⭐🌟🌟 | ￥177/人B2 | 4.6寿喜锅/烧... | 蒜蓉生蚝 | 畅口 | 吃 | 点评榜单 | 杨浦区自助餐好评榜第3名 | 元点 | UE | Haagen | 休息中 | 味雪芭 | ￥159 | ￥155.59.8折 | 【吃肉自由】哈. | 惠,ocr/input_videos\上海__五角场合生汇__20260824.mp4
OBS-000113,五角场合生汇,西塔老太太泥炉烤肉,西塔老太太泥炉烤肉,韩式烤肉,4.6,128,L5,rated,True,,rated,parsed,rating_anchor,0.9794,0.9997,53,1342,23.473,L5 | ★★🌟★★ | 韩式烤肉￥128/人 | 4.6,西塔老太太泥炉烤肉 | 号 | 西美 | L5 | ★★🌟★★ | 韩式烤肉￥128/人 | 4.6 | ATIS7 | 点评榜单 | 杨浦区烤肉回头客榜第2名 | 西塔王牛排 | 重休息中场 | 肉质鲜美，性价比高，服务贴心 | 53 | ￥491 | ￥274 | 5.6折 | 惠 | 【经典】精品2人烤.. | ￥79 | 7.9折 | ￥100 | 惠 | 【午市】100元代金券,ocr/input_videos\上海__五角场合生汇__20260824.mp4
OBS-000114,五角场合生汇,塔哈尔·毡房行,塔哈尔·毡房行,新疆菜,4.6,91,L4,rated,True,,rated,parsed,rating_anchor,0.9684,0.9867,51,1342,23.473,🎉⭐🌟4.6 | 新疆菜￥91/人 | L4,塔哈尔·毡房行 | 🎉⭐🌟4.6 | 新疆菜￥91/人 | L4 | 点评榜单 | 杨浦区新疆菜销量榜第1名 | 新疆风情浓郁 | ￥10.54.1折 | 惠 | ￥26特色牛奶饭冰淇淋 | ￥94.59.5折 | 惠 | ￥100100元代金券,ocr/input_videos\上海__五角场合生汇__20260824.mp4
OBS-000115,五角场合生汇,牛New寿喜烧,牛New寿喜烧,寿喜锅/烧..,4.6,177,B2,rated,True,,rated,parsed,rating_anchor,0.9495,0.9994,52,1342,23.473,🌟🌟🎉🌟🌟 | ￥177/人B2 | 寿喜锅/烧.. | 4.6,牛New寿喜烧 | 清蒸梭子蟹 | 🌟🌟🎉🌟🌟 | ￥177/人B2 | 寿喜锅/烧.. | 4.6 | 蒜蓉生蚝 | 畅吃 | 点评榜单 | 杨浦区自助餐好评榜第3名 | Haaaer | 休息中 | 味雪芭 | ￥159 | 【吃肉自由】哈 | ￥155.59.8折 | 惠,ocr/input_videos\上海__五角场合生汇__20260824.mp4
OBS-000116,五角场合生汇,五角场凯悦·中廚房,五角场凯悦·中厨房,本帮菜,4.8,246,L6,rated,True,,rated,parsed,rating_anchor,0.9096,0.8812,50,1342,23.473,4.8本帮菜￥246/人 | L6,五角场凯悦·中廚房 | 1TDH | NYATT RCGENCY | 中厨房 | 4.8本帮菜￥246/人 | L6 | 点评榜单 | 五角场/大学路江浙菜环境榜第1名 | 私房本帮 | 谢珍锁 | 休息中 | 环境简约雅致，服务热情专业” | ￥3185.4折 | ￥599 | 惠 | 中厨房大厅午或晚..,ocr/input_videos\上海__五角场合生汇__20260824.mp4
OBS-000117,五角场合生汇,西塔老太太泥炉烤肉,西塔老太太泥炉烤肉,韩式烤肉,4.6,128,L5,rated,True,,rated,parsed,rating_anchor,0.9742,0.9998,53,1386,24.242,L5 | 4.6韩式烤肉￥128/人,西塔老太太泥炉烤肉 | 号 | 西必 | L5 | 4.6韩式烤肉￥128/人 | ATIS7 | 点评榜单 | 杨浦区烤肉回头客榜第2名 | 西塔王牛排 | 重休息中场 | 肉质鲜美，性价比高，服务贴心 | 53 | ￥491 | ￥274 | 5.6折 | 惠 | 【经典】精品2人烤.. | ￥79 | 惠 | 7.9折 | ￥100 | 【午市】100元代金券,ocr/input_videos\上海__五角场合生汇__20260824.mp4
OBS-000118,五角场合生汇,塔哈尔·毡房行,塔哈尔·毡房行,新疆菜,4.6,91,L4,rated,True,,rated,parsed,rating_anchor,0.9602,0.9857,51,1386,24.242,新疆菜￥91/人 | L4 | ⭐🌟🌟⭐🌟 | 4.6,塔哈尔·毡房行 | 新疆菜￥91/人 | L4 | ⭐🌟🌟⭐🌟 | 4.6 | 点评榜单 | 杨浦区新疆菜销量榜第1名 | 新疆风情浓郁 | ￥10.54.1折 | 惠 | ￥26特色牛奶饭冰淇淋 | ￥94.59.5折 | 惠 | ￥100100元代金券,ocr/input_videos\上海__五角场合生汇__20260824.mp4
OBS-000119,五角场合生汇,牛New寿喜烧,牛New寿喜烧,寿喜锅/烧..,4.6,177,B2,rated,True,,rated,parsed,rating_anchor,0.9462,0.9985,54,1386,24.242,🌟🌟🌟🌟🌟 | 4.6 | ￥177/人B2 | 寿喜锅/烧..,牛New寿喜烧 | 清蒸梭子蟹 | 厂 | 🌟🌟🌟🌟🌟 | 4.6 | ￥177/人B2 | 寿喜锅/烧.. | 蒜蓉生蚝 | 畅吃 | 点评榜单 | 杨浦区自助餐好评榜第3名 | Haaaer | 休息中 | 味雪芭 | ￥155.59.8折 | ￥159 | 【吃肉自由】哈. | 惠,ocr/input_videos\上海__五角场合生汇__20260824.mp4
OBS-000120,五角场合生汇,五角场凯悦·中廚房,五角场凯悦·中厨房,本帮菜,4.8,246,L6,rated,True,,rated,parsed,rating_anchor,0.9059,0.872,50,1386,24.242,4.8本帮菜￥246/人 | L6,五角场凯悦·中廚房 | 1ADH | NYATTREGENCY | 中厨房 | 4.8本帮菜￥246/人 | L6 | 点评榜单 | 五角场/大学路江浙菜环境榜第1名 | 私房本帮 | 谢珍楼 | 休息中 | 环境简约雅致，服务热情专业” | ￥3185.4折 | ￥599 | 惠 | 中厨房大厅午或晚...,ocr/input_videos\上海__五角场合生汇__20260824.mp4
OBS-000121,五角场合生汇,西塔老太太泥炉烤肉,西塔老太太泥炉烤肉,韩式烤肉,4.6,128,L5,rated,True,,rated,parsed,rating_anchor,0.9765,0.9998,53,1408,24.627,L5 | ⭐⭐🌟4.6 | 韩式烤肉￥128/人,西塔老太太泥炉烤肉 | 号 | 西必 | L5 | ⭐⭐🌟4.6 | 韩式烤肉￥128/人 | ATIS7 | 点评榜单 | 杨浦区烤肉回头客榜第2名 | 西塔王牛排 | 重休息中场 | 肉质鲜美，性价比高，服务贴心 | 53 | ￥491 | ￥274 | 惠 | 5.6折 | 【经典】精品2人烤... | ￥79 | 惠 | 7.9折 | ￥100 | 【午市】100元代金券,ocr/input_videos\上海__五角场合生汇__20260824.mp4
OBS-000122,五角场合生汇,塔哈尔·毡房行,塔哈尔·毡房行,新疆菜,4.6,91,L4,rated,True,,rated,parsed,rating_anchor,0.9614,0.9857,51,1408,24.627,新疆菜￥91/人 | L4 | ⭐🌟🌟⭐🌟 | 4.6,塔哈尔·毡房行 | 新疆菜￥91/人 | L4 | ⭐🌟🌟⭐🌟 | 4.6 | 点评榜单 | 杨浦区新疆菜销量榜第1名 | 新疆风情浓郁 | ￥10.54.1折 | 惠 | ￥26特色Ⅱ牛奶饭冰淇淋 | ￥94.59.5折 | 惠 | ￥100100元代金券,ocr/input_videos\上海__五角场合生汇__20260824.mp4
OBS-000123,五角场合生汇,牛New寿喜烧,牛New寿喜烧,寿喜锅/烧...,4.6,177,B2,rated,True,,rated,parsed,rating_anchor,0.9317,0.9985,54,1408,24.627,🌟🌟🌟🌟🌟 | ￥177/人B2 | 寿喜锅/烧... | 4.6,牛New寿喜烧 | 清蒸梭子蟹 | 厂 | 🌟🌟🌟🌟🌟 | ￥177/人B2 | 寿喜锅/烧... | 4.6 | 蒜蓉生蚝 | 畅吃 | 点评榜单 | 杨浦区自助餐好评榜第3名 | Haaaer | 休息中 | 味雪芭 | ￥159 | 【吃肉自由】哈 | ￥155.59.8折 | 惠,ocr/input_videos\上海__五角场合生汇__20260824.mp4
OBS-000124,五角场合生汇,五角场凯悦·中厨房,五角场凯悦·中厨房,本帮菜,4.8,246,L6,rated,True,,rated,parsed,rating_anchor,0.9116,0.8832,50,1408,24.627,4.8本帮菜￥246/人 | L6,五角场凯悦·中厨房 | 1ADH | NYATTRCGENCY | 中厨房 | 4.8本帮菜￥246/人 | L6 | 点评榜单 | 五角场/大学路江浙菜环境榜第1名 | 私房本帮 | 谢珍楼 | 休息中 | 环境简约雅致，服务热情专业 | ￥3185.4折 | ￥599 | 惠 | 中厨房大厅午或晚..,ocr/input_videos\上海__五角场合生汇__20260824.mp4
OBS-000125,五角场合生汇,牛New寿喜烧,牛New寿喜烧,寿喜锅/烧..,4.6,177,B2,rated,True,,rated,parsed,rating_anchor,0.9678,0.998,50,1463,25.589,🌟🌟🌟🌟🌟 | ￥177/人B2 | 4.6寿喜锅/烧..,牛New寿喜烧 | 洁蒸梭子蟹 | 吃 | 🌟🌟🌟🌟🌟 | ￥177/人B2 | 4.6寿喜锅/烧.. | 蒜蓉生蚝 | 畅吃 | 点评榜单 | 杨浦区自助餐好评榜第3名 | H | 休息中 | 味雪芭 | ￥159 | ￥155.59.8折 | 【吃肉自由】哈. | 惠,ocr/input_videos\上海__五角场合生汇__20260824.mp4
OBS-000126,五角场合生汇,五角场凯悦·中厨房,五角场凯悦·中厨房,本帮菜,4.8,246,L6,rated,True,,rated,parsed,rating_anchor,0.9554,0.9681,55,1463,25.589,4.8本帮菜￥246/人 | L6,五角场凯悦·中厨房 | A2 | HYATTREGENCY | 中厨房 | 4.8本帮菜￥246/人 | L6 | 点评榜单 | 五角场/大学路江浙菜环境榜第1名 | 私房帮 | 谢纱楼 | 休息中 | 环境简约雅致，服务热情专业” | ￥3185.4折 | ￥599 | 惠 | 中厨房大厅午或晚...,ocr/input_videos\上海__五角场合生汇__20260824.mp4
OBS-000127,五角场合生汇,一绪に寿喜烧放题,一绪に寿喜烧放题,自助餐,4.6,182,L3,rated,True,,rated,parsed,rating_anchor,0.9775,0.9915,48,1463,25.589,L3 | ★★★★4.6 | 自助餐￥182/人,一绪に寿喜烧放题 | L3 | ★★★★4.6 | 自助餐￥182/人 | 点评榜单 | 梭子蟹 | 上海自助餐好评榜第1名 | 开沐息中 | 招牌寿喜锅，独特浓郁，环境优美” | ￥138 | 7.8折 | 惠 | ￥178畅吃雪花牛上脑\工..,ocr/input_videos\上海__五角场合生汇__20260824.mp4
OBS-000128,五角场合生汇,椰庭·椰子鸡·老爸茶,椰庭·椰子鸡·老爸茶,椰子鸡火锅,4.3,120,L5,rated,True,,rated,parsed,rating_anchor,0.9619,0.9667,48,1463,25.589,🌟🌟🌟⭐ | L5 | 4.3 | 椰子鸡火锅￥120/人,制阳主 | 椰庭·椰子鸡·老爸茶 | 菠萝蜜椰子鸡 | 🌟🌟🌟⭐ | 限时尝鲜 | L5 | 4.3 | 椰子鸡火锅￥120/人 | 点评榜单 | 五角场/大学路火锅销量榜第6名 | 沉浸式海边体验,ocr/input_videos\上海__五角场合生汇__20260824.mp4
OBS-000129,五角场合生汇,五角场凯悦·中厨房,五角场凯悦·中厨房,本帮菜,4.8,246,L6,rated,True,,rated,parsed,rating_anchor,0.9504,0.9604,51,1507,26.359,L6 | 4.8本帮菜￥246/人,五角场凯悦·中厨房 | 10万内02 | HYATTREGENCY | 中厨房 | L6 | 4.8本帮菜￥246/人 | 点评榜单 | 私房本帮 | 五角场/大学路江浙菜环境榜第1名 | 信 | 休息中 | 环境简约雅致，服务热情专业” | “ | ￥3185.4折 | ￥599 | 中厨房大厅午或晚... | 惠,ocr/input_videos\上海__五角场合生汇__20260824.mp4
OBS-000130,五角场合生汇,一绪に寿喜烧放题,一绪に寿喜烧放题,自助餐,4.6,182,L3,rated,True,,rated,parsed,rating_anchor,0.9833,0.9946,53,1507,26.359,L3 | 🌟🌟🌟⭐🌟 | 4.6自助餐￥182/人,一绪に寿喜烧放题 | L3 | 🌟🌟🌟⭐🌟 | 4.6自助餐￥182/人 | 点评榜单 | 上海自助餐好评榜第1名 | 梭子蟹 | 开海 | 休息中 | 招牌寿喜锅，独特浓郁，环境优美” | ￥1387.8折 | ￥178畅吃雪花牛上脑\工.. | 惠,ocr/input_videos\上海__五角场合生汇__20260824.mp4
OBS-000131,五角场合生汇,椰庭·椰子鸡·老爸茶,椰庭·椰子鸡·老爸茶,椰子鸡火锅,4.3,120,L5,rated,True,,rated,parsed,rating_anchor,0.9711,0.977,48,1507,26.359,4.3椰子鸡火锅￥120/人 | L5,节材庭 | 椰庭·椰子鸡·老爸茶 | 菠萝蜜椰子鸡 | 4.3椰子鸡火锅￥120/人 | L5 | 限时尝鲜 | 点评榜单 | 五角场/大学路火锅销量榜第6名 | 沉浸式海边体验 | J | ￥18.9 | 8折 | ￥23.9好吃的宝宝餐|番茄... | 惠 | ￥989.8折 | 惠 | ￥100100元代金券,ocr/input_videos\上海__五角场合生汇__20260824.mp4
OBS-000132,五角场合生汇,锦府园·新台州菜,锦府园·新台州菜,浙菜,4.8,156,L5,rated,True,,rated,parsed,rating_anchor,0.9625,0.9822,53,1507,26.359,L5 | 4.8浙菜￥156/人,锦府园·新台州菜 | L5 | 4.8浙菜￥156/人 | 锦府园 | 点评榜单 | 杨浦区浙菜热门榜第1名 | +新台州菜+ | 休息中 | 优质服务与菜品，长寿面大赞 | 力 | ￥3277.3折 | ￥453锦府园经典双人餐 | 惠 | ￥888.8折 | 惠 | ￥100100元代金券,ocr/input_videos\上海__五角场合生汇__20260824.mp4
OBS-000133,五角场合生汇,时春·食春,时春·食春,淮扬菜,4.5,85,L4,rated,True,,rated,parsed,rating_anchor,0.9473,0.9546,52,1507,26.359,4.5淮扬菜￥85/人 | L4,时春·食春 | 4.5淮扬菜￥85/人 | L4 | 专,ocr/input_videos\上海__五角场合生汇__20260824.mp4
OBS-000134,五角场合生汇,五角场凯悦·中厨房,五角场凯悦·中厨房,本帮菜,4.8,246,L6,rated,True,,rated,parsed,rating_anchor,0.9169,0.9017,51,1518,26.551,4.8本帮菜￥246/人 | L6,五角场凯悦·中厨房 | ADH | MYATTRCGENCY | Q | 中厨房 | 4.8本帮菜￥246/人 | L6 | 点评榜单 | 五角场/大学路江浙菜环境榜第1名 | 私房本帮 | 休息中 | 环境简约雅致，服务热情专业” | ￥599 | ￥3185.4折 | 惠 | 中厨房大厅午或晚...,ocr/input_videos\上海__五角场合生汇__20260824.mp4
OBS-000135,五角场合生汇,一绪に寿喜烧放题,一绪に寿喜烧放题,自助餐,4.6,182,L3,rated,True,,rated,parsed,rating_anchor,0.984,0.9955,51,1518,26.551,🌟🌟🌟🌟🌟 | L3 | 自助餐￥182/人 | 4.6,一绪に寿喜烧放题 | 🌟🌟🌟🌟🌟 | L3 | 自助餐￥182/人 | 4.6 | 点评榜单 | 梭子蟹 | 上海自助餐好评榜第1名 | 开沐息中 | 招牌寿喜锅，独特浓郁，环境优美” | ￥1387.8折 | 畅吃雪花牛上脑\工.. | 惠 | ￥178,ocr/input_videos\上海__五角场合生汇__20260824.mp4
OBS-000136,五角场合生汇,椰庭·椰子鸡·老爸茶,椰庭·椰子鸡·老爸茶,椰子鸡火锅,4.3,120,L5,rated,True,,rated,parsed,rating_anchor,0.9734,0.9735,51,1518,26.551,L5 | 4.3椰子鸡火锅￥120/人 | ★★★★,制主 | 椰庭·椰子鸡·老爸茶 | 菠萝蜜椰子鸡 | L5 | 限时尝鲜 | 4.3椰子鸡火锅￥120/人 | ★★★★ | 点评榜单 | 五角场/大学路火锅销量榜第6名 | “沉浸式海边体验” | ￥18.9 | ￥23.9好吃的宝宝餐|番茄... | 8折 | 惠 | ￥989.8折 | 惠 | ￥100100元代金券,ocr/input_videos\上海__五角场合生汇__20260824.mp4
OBS-000137,五角场合生汇,锦府园·新台州菜,锦府园·新台州菜,浙菜,4.8,156,L5,rated,True,,rated,parsed,rating_anchor,0.9582,0.9861,48,1518,26.551,4.8浙菜￥156/人 | L5,锦府园·新台州菜 | 4.8浙菜￥156/人 | L5 | 锦府园 | 点评榜单 | 杨浦区浙菜热门榜第1名 | +新台州装+ | 休息中 | 优质服务与菜品，长寿面大赞 | 3 | ￥3277.3折 | ￥453 | 惠 | 锦府园经典双人餐 | ￥888.8折 | 惠 | ￥100100元代金券,ocr/input_videos\上海__五角场合生汇__20260824.mp4
OBS-000138,五角场合生汇,时春·食春,时春·食春,淮扬菜,4.5,85,L4,rated,True,,rated,parsed,rating_anchor,0.9484,0.9434,53,1518,26.551,4.5 | L4 | 淮扬菜￥85/人,时春·食春 | 4.5 | L4 | 淮扬菜￥85/人 | 时春,ocr/input_videos\上海__五角场合生汇__20260824.mp4
OBS-000139,五角场合生汇,五角场凯悦·中厨房,五角场凯悦·中厨房,本帮菜,4.8,246,L6,rated,True,,rated,parsed,rating_anchor,0.9274,0.9132,54,1551,27.128,L6 | 4.8本帮菜￥246/人,五角场凯悦·中厨房 | 上 | HYATTREGENCY | 中厨房 | L6 | 4.8本帮菜￥246/人 | 点评榜单 | 私房海帮 | 五角场/大学路江浙菜环境榜第1名 | 新珍 | 休息中 | 环境简约雅致，服务热情专业 | 0 | 惠 | ￥318 | ￥599 | 5.4折 | 中厨房大厅午或晚...,ocr/input_videos\上海__五角场合生汇__20260824.mp4
OBS-000140,五角场合生汇,一绪に寿喜烧放题,一绪に寿喜烧放题,自助餐,4.6,182,L3,rated,True,,rated,parsed,rating_anchor,0.9809,0.9868,44,1551,27.128,★★★★★ | L3 | 自助餐￥182/人 | 4.6,一绪に寿喜烧放题 | ★★★★★ | L3 | 自助餐￥182/人 | 4.6 | 点评榜单 | 梭子蟹 | 上海自助餐好评榜第1名 | 开袜息中 | 招牌寿喜锅，独特浓郁，环境优美” | ￥138 | 7.8折 | 惠 | ￥178畅吃雪花牛上脑\工..,ocr/input_videos\上海__五角场合生汇__20260824.mp4
OBS-000141,五角场合生汇,椰庭·椰子鸡·老爸茶,椰庭·椰子鸡·老爸茶,椰子鸡火锅,4.3,120,L5,rated,True,,rated,parsed,rating_anchor,0.9714,0.9738,51,1551,27.128,🌟🌟⭐ | L5 | 4.3 | 椰子鸡火锅￥120/人,制主 | 椰庭·椰子鸡·老爸茶 | 菠萝蜜椰子鸡 | 🌟🌟⭐ | 限时尝鲜 | L5 | 4.3 | 椰子鸡火锅￥120/人 | 点评榜单 | 五角场/大学路火锅销量榜第6名 | 沉浸式海边体验 | ￥18.9 | 8折 | 惠 | ￥23.9好吃的宝宝餐一番茄... | ￥989.8折 | 惠 | ￥100100元代金券,ocr/input_videos\上海__五角场合生汇__20260824.mp4
OBS-000142,五角场合生汇,锦府园·新台州菜,锦府园·新台州菜,浙菜,4.8,156,L5,rated,True,,rated,parsed,rating_anchor,0.959,0.9681,48,1551,27.128,4.8浙菜￥156/人 | L5,锦府园·新台州菜 | 4.8浙菜￥156/人 | L5 | 锦府园 | 点评榜单 | 杨浦区浙菜热门榜第1名 | ++ | 休息中 | 优质服务与菜品，长寿面大赞 | ￥3277.3折 | 惠 | ￥453锦府园经典双人餐 | ￥88 | 8.8折 | 惠 | ￥100100元代金券,ocr/input_videos\上海__五角场合生汇__20260824.mp4
OBS-000143,五角场合生汇,时春·食春,时春·食春,准扬菜,4.5,,,rated,True,,rated,parsed,rating_anchor,0.9096,0.968,52,1551,27.128,🌈4.5准扬菜85/人,时春·食春 | 🌈4.5准扬菜85/人,ocr/input_videos\上海__五角场合生汇__20260824.mp4
OBS-000144,五角场合生汇,椰庭·椰子鸡·老爸茶,椰庭·椰子鸡·老爸茶,椰子鸡火锅,4.3,120,L5,rated,True,,rated,parsed,rating_anchor,0.972,0.9787,51,1628,28.475,4.3椰子鸡火锅￥120/人 | L5,节相庭 | 椰庭·椰子鸡·老爸茶 | 菠萝蜜椰子鸡 | 限时尝鲜 | 4.3椰子鸡火锅￥120/人 | L5 | 点评榜单 | 五角场/大学路火锅销量榜第6名 | 沉浸式海边体验” | ￥18.9 | 8折 | ￥23.9好吃的宝宝餐|番茄... | 惠 | ￥989.8折 | 惠 | ￥100100元代金券,ocr/input_videos\上海__五角场合生汇__20260824.mp4
OBS-000145,五角场合生汇,锦府园·新台州菜,锦府园·新台州菜,浙菜,4.8,156,L5,rated,True,,rated,parsed,rating_anchor,0.9555,0.9831,53,1628,28.475,4.8浙菜￥156/人 | L5,锦府园·新台州菜 | 4.8浙菜￥156/人 | L5 | 锦府园 | 点评榜单 | 杨浦区浙菜热门榜第1名 | +新台州菜+ | 休息中 | 优质服务与菜品，长寿面大赞 | ￥3277.3折 | 惠 | ￥453锦府园经典双人餐 | ￥888.8折 | 惠 | ￥100100元代金券,ocr/input_videos\上海__五角场合生汇__20260824.mp4
OBS-000146,五角场合生汇,时春·食春,时春·食春,淮扬菜,4.5,85,L4,rated,True,,rated,parsed,rating_anchor,0.9595,0.9565,52,1628,28.475,🌟🌟🌟🌟🌟 | L4 | 4.5淮扬菜￥85/人,时春·食春 | 🌟🌟🌟🌟🌟 | L4 | 4.5淮扬菜￥85/人 | 时春 | 点评榜单 | 杨浦区淮扬菜好评榜第2名 | 在上海的淮扬菜 | 扬州狮子头清口鲜甜 | ￥94 | ￥899.5折 | 惠 | 【香约江南】葱油莴笋... | ￥999.9折 | 惠 | ￥100100元代金券,ocr/input_videos\上海__五角场合生汇__20260824.mp4
OBS-000147,五角场合生汇,浦题·海蒸汇蒸汽海鲜自助,浦题·海蒸汇蒸汽海鲜自助,海鲜自助,4.4,267,L3,rated,True,,rated,parsed,rating_anchor,0.9608,0.9864,48,1628,28.475,L3 | ★★★★★ | 4.4海鲜自助￥267/人,浦题·海蒸汇蒸汽海鲜自助 | 1周年庆 | L3 | ★★★★★ | 4.4海鲜自助￥267/人 | 小蓝光,ocr/input_videos\上海__五角场合生汇__20260824.mp4
OBS-000148,五角场合生汇,锦府园·新台州菜,锦府园·新台州菜,浙菜,4.8,156,L5,rated,True,,rated,parsed,rating_anchor,0.9558,0.989,54,1661,29.052,★4.8浙菜￥156/人 | L5,锦府园·新台州菜 | ★4.8浙菜￥156/人 | L5 | 锦府园 | 点评榜单 | 杨浦区浙菜热门榜第1名 | +新台州菜 | 休息中 | 优质服务与菜品，长寿面大赞 | ￥3277.3折 | 惠 | ￥453锦府园经典双人餐 | ￥88 | 惠 | 8.8折 | ￥100100元代金券,ocr/input_videos\上海__五角场合生汇__20260824.mp4
OBS-000149,五角场合生汇,时春·食春,时春·食春,淮扬菜,4.5,85,L4,rated,True,,rated,parsed,rating_anchor,0.9705,0.9722,56,1661,29.052,🌟🌟🎉🎉🌟 | L4 | 4.5淮扬菜￥85/人,时春·食春 | 🌟🌟🎉🎉🌟 | L4 | 4.5淮扬菜￥85/人 | 时春 | 点评榜单 | 杨浦区淮扬菜好评榜第2名 | 在上海的淮扬菜 | “扬州狮头清鲜甜” | ￥899.5折 | ￥94 | 惠 | 【香约江南】葱油莴笋... | ￥99 | 9.9折 | ￥100100元代金券 | 惠,ocr/input_videos\上海__五角场合生汇__20260824.mp4
OBS-000150,五角场合生汇,浦题·海蒸汇蒸汽海鲜自助,浦题·海蒸汇蒸汽海鲜自助,海鲜自助,4.4,267,L3,rated,True,,rated,parsed,rating_anchor,0.9677,0.9908,51,1661,29.052,🌟 | L3 | 4.4海鲜自助￥267/人,浦题·海蒸汇蒸汽海鲜自助 | 1周年庆 | 🌟 | L3 | 4.4海鲜自助￥267/人 | 点评榜单 | 杨浦区自助餐热门榜第1名 | 休息中 | 海鲜现捞，口感鲜美，环境舒适 | ￥2987折 | ￥428 | 惠 | 【周年庆晚市及周末.,ocr/input_videos\上海__五角场合生汇__20260824.mp4
OBS-000151,五角场合生汇,是隆潞船面,是隆潞船面,面馆,4.1,52,B2,rated,True,,rated,parsed,rating_anchor,0.9509,0.9737,55,1661,29.052,🌟🌟⭐⭐ | B2 | 4.1面馆￥52/人,泰国街边 | 是隆潞船面 | 地道美食 | 🌟🌟⭐⭐ | B2 | 4.1面馆￥52/人 | 点评榜单 | 杨浦区面馆热门榜第1名 | 广告 | ￥44.89.4折 | 惠 | ￥48silom特色嫩牛船面,ocr/input_videos\上海__五角场合生汇__20260824.mp4
OBS-000152,五角场合生汇,锦府园·新台州菜,锦府园·新台州菜,浙菜,4.8,156,L5,rated,True,,rated,parsed,rating_anchor,0.9613,0.9755,48,1694,29.629,4.8浙菜￥156/人 | L5,锦府园·新台州菜 | 4.8浙菜￥156/人 | L5 | 锦府园 | 点评榜单 | 杨浦区浙菜热门榜第1名 | 新生 | 休息中 | 优质服务与菜品，长寿面大赞 | ￥3277.3折 | ￥453锦府园经典双人餐 | 惠 | ￥88 | 8.8折 | 惠 | ￥100100元代金券,ocr/input_videos\上海__五角场合生汇__20260824.mp4
OBS-000153,五角场合生汇,时春·食春,时春·食春,淮扬菜,4.5,85,L4,rated,True,,rated,parsed,rating_anchor,0.9715,0.978,59,1694,29.629,L4 | 🌟🌟🌟🌟🌟 | 4.5淮扬菜￥85/人,时春·食春 | L4 | 🌟🌟🌟🌟🌟 | 4.5淮扬菜￥85/人 | 时春 | 点评镑单 | 杨浦区淮扬菜好评榜第2名 | 在上海的淮扬菜 | “扬州狮子头清口鲜甜” | ￥899.5折 | ￥94 | 惠 | 【香约江南】葱油莴笋... | ￥99 | 9.9折 | 惠 | ￥100100元代金券,ocr/input_videos\上海__五角场合生汇__20260824.mp4
OBS-000154,五角场合生汇,浦题·海蒸汇 蒸汽海鲜自助,浦题·海蒸汇蒸汽海鲜自助,海鲜自助,4.4,267,L3,rated,True,,rated,parsed,rating_anchor,0.9428,0.9518,51,1694,29.629,🌟🌟🌟⭐ | L3 | 4.4海鲜自助￥267/人,浦题·海蒸汇 蒸汽海鲜自助 | 1周年庆 | 🌟🌟🌟⭐ | L3 | 4.4海鲜自助￥267/人 | 点评榜单 | 杨浦区自助餐热门榜第1名 | 休息中 | 海鲜现捞，口感鲜美，环境舒适 | ￥428 | ￥298 | 7折 | 惠 | 【周年庆晚市及周末..,ocr/input_videos\上海__五角场合生汇__20260824.mp4
OBS-000155,五角场合生汇,是隆潞船面,是隆潞船面,面馆,4.1,52,B2,rated,True,,rated,parsed,rating_anchor,0.9721,0.9748,52,1694,29.629,🌟🌟⭐⭐ | B2 | 4.1面馆￥52/人,泰国街边 | 是隆潞船面 | 地道美食 | 🌟🌟⭐⭐ | B2 | 4.1面馆￥52/人 | 点评榜单 | 杨浦区面馆热门榜第1名 | 告 | ￥44.89.4折 | 惠 | ￥48silom特色嫩牛船面,ocr/input_videos\上海__五角场合生汇__20260824.mp4
OBS-000156,五角场合生汇,锦府园·新台州菜,锦府园·新台州菜,浙菜,4.8,156,L5,rated,True,,rated,parsed,rating_anchor,0.972,0.9791,51,1716,30.014,L5 | ★★★★★ | 4.8浙菜￥156/人,锦府园·新台州菜 | L5 | ★★★★★ | 4.8浙菜￥156/人 | 锦府园 | 点评榜单 | 杨浦区浙菜热门榜第1名 | +新州+ | 休息中 | 优质服务与菜品，长寿面大赞 | 占 | ￥3277.3折 | ￥453锦府园经典双人餐 | 惠 | ￥88 | 8.8折 | 惠 | ￥100100元代金券,ocr/input_videos\上海__五角场合生汇__20260824.mp4
OBS-000157,五角场合生汇,时春·食春,时春·食春,淮扬菜,4.5,85,L4,rated,True,,rated,parsed,rating_anchor,0.9664,0.9644,53,1716,30.014,🌟🌟🌟🌟🌟 | L4 | 4.5淮扬菜￥85/人,时春·食春 | 🌟🌟🌟🌟🌟 | L4 | 4.5淮扬菜￥85/人 | 时春 | 点评榜单 | 杨浦区淮扬菜好评榜第2名 | 在上海的淮扬菜 | “扬州狮子头清口鲜甜” | ￥899.5折 | ￥94 | 惠 | 【香约江南】葱油莴笋... | ￥99 | 9.9折 | 惠 | ￥100100元代金券,ocr/input_videos\上海__五角场合生汇__20260824.mp4
OBS-000158,五角场合生汇,浦题·海蒸汇蒸汽海鲜自助,浦题·海蒸汇蒸汽海鲜自助,海鲜自助,4.4,267,L3,rated,True,,rated,parsed,rating_anchor,0.9746,0.989,51,1716,30.014,🌟🌟🌟⭐ | L3 | 4.4海鲜自助￥267/人,浦题·海蒸汇蒸汽海鲜自助 | 1周年庆 | 🌟🌟🌟⭐ | L3 | 4.4海鲜自助￥267/人 | 1· | 点评榜单 | 杨浦区自助餐热门榜第1名 | 休息中 | 海鲜现捞，口感鲜美，环境舒适 | 活含 | ￥2987折 | ￥428 | 惠 | 【周年庆晚市及周末...,ocr/input_videos\上海__五角场合生汇__20260824.mp4
OBS-000159,五角场合生汇,是隆潞船面,是隆潞船面,面馆,4.1,52,B2,rated,True,,rated,parsed,rating_anchor,0.9729,0.9801,52,1716,30.014,B2 | 4.1面馆￥52/人 | ⭐🌟⭐🌟 | ★,泰国街边 | 是隆潞船面 | 地道美食 | B2 | 4.1面馆￥52/人 | ⭐🌟⭐🌟 | ★ | 点评榜单 | 杨浦区面馆热门榜第1名 | 厂告 | ￥44.89.4折 | ￥48silom特色嫩牛船面 | 惠,ocr/input_videos\上海__五角场合生汇__20260824.mp4
OBS-000160,五角场合生汇,时春·食春,时春·食春,淮扬菜,4.5,85,L4,rated,True,,rated,parsed,rating_anchor,0.962,0.9714,58,1782,31.169,⭐🌟⭐⭐🌟 | 4.5淮扬菜￥85/人 | L4,时春·食春 | ⭐🌟⭐⭐🌟 | 4.5淮扬菜￥85/人 | L4 | 时春 | 点评榜单 | 杨浦区淮扬菜好评榜第2名 | 在上海的淮扬菜 | “扬州狮头清鲜甜” | ￥899.5折 | ￥94 | 惠 | 【香约江南】葱油莴笋.. | ￥99 | 9.9折 | 惠 | ￥100100元代金券,ocr/input_videos\上海__五角场合生汇__20260824.mp4
OBS-000161,五角场合生汇,浦题·海蒸汇蒸汽海鲜自助,浦题·海蒸汇蒸汽海鲜自助,海鲜自助,4.4,267,L3,rated,True,,rated,parsed,rating_anchor,0.9711,0.9886,48,1782,31.169,🌟🌟🌟🌟 | L3 | 4.4海鲜自助￥267/人,浦题·海蒸汇蒸汽海鲜自助 | 1周年庆 | 🌟🌟🌟🌟 | L3 | 4.4海鲜自助￥267/人 | 点评榜单 | 杨浦区自助餐热门榜第1名 | 休息中 | 海鲜现捞，口感鲜美，环境舒适 | 55 | ￥2987折 | ￥428 | 惠 | 【周年庆晚市及周末...,ocr/input_videos\上海__五角场合生汇__20260824.mp4
OBS-000162,五角场合生汇,是隆潞船面,是隆潞船面,面馆,4.1,52,B2,rated,True,,rated,parsed,rating_anchor,0.9697,0.9716,54,1782,31.169,🌟🌟🌟🌟 | B2 | 4.1面馆￥52/人,泰国街边 | 是隆潞船面 | 地道美食 | 🌟🌟🌟🌟 | B2 | 4.1面馆￥52/人 | 点评榜单 | 杨浦区面馆热门榜第1名 | 厂告 | ￥44.89.4折 | ￥48silom特色嫩船面 | 惠,ocr/input_videos\上海__五角场合生汇__20260824.mp4
OBS-000163,五角场合生汇,满陇山房·天麻火腿土鸡煲·家烧膏...,满陇山房·天麻火腿土鸡煲·家烧膏,私房菜,4.8,117,L4,rated,True,,rated,parsed,rating_anchor,0.9016,0.9174,57,1782,31.169,★★4.8私房菜￥117/人 | L4,满陇山房·天麻火腿土鸡煲·家烧膏... | 满 | ★★4.8私房菜￥117/人 | 隴 | L4 | 序 | TOP1 | 点评榜单 | 杨浦区私房菜热门榜第1名 | 休息中 | 服务态度热情，口味很不错 | 93 | 京 | ￥9.93.6折 | ￥28宝相慕斯甜品1份 | 惠 | ￥97 | 惠 | 9.7折 | ￥100 | 【结账必用】100元...,ocr/input_videos\上海__五角场合生汇__20260824.mp4
OBS-000164,五角场合生汇,浦题·海蒸汇蒸汽海鲜自助,浦题·海蒸汇蒸汽海鲜自助,海鲜自助,4.4,267,L3,rated,True,,rated,parsed,rating_anchor,0.9703,0.9851,48,1804,31.553,🌟🌟⭐⭐ | L3 | 4.4海鲜自助￥267/人 | ★,浦题·海蒸汇蒸汽海鲜自助 | 1周年庆 | 🌟🌟⭐⭐ | L3 | 4.4海鲜自助￥267/人 | ★ | 点评榜单 | 杨浦区自助餐热门榜第1名 | 休息中 | 海鲜现捞，口感鲜美，环境舒适 | 55 | 5利包 | ￥428 | ￥2987折 | 惠 | 【周年庆晚市及周末...,ocr/input_videos\上海__五角场合生汇__20260824.mp4
OBS-000165,五角场合生汇,是隆潞船面,是隆潞船面,面馆,4.1,52,B2,rated,True,,rated,parsed,rating_anchor,0.961,0.9571,51,1804,31.553,B2 | 4.1面馆￥52/人 | ⭐🌟⭐⭐ | ★,泰国街边 | 是隆潞船面 | 地道美食 | B2 | 4.1面馆￥52/人 | ⭐🌟⭐⭐ | ★ | 点评榜单 | 杨浦区面馆热门榜第1名 | 广出 | 9.4折 | ￥44.8 | ￥48silom特色嫩牛船面 | 惠,ocr/input_videos\上海__五角场合生汇__20260824.mp4
OBS-000166,五角场合生汇,满陇山房·天麻火腿土鸡煲·家烧膏,满陇山房·天麻火腿土鸡煲·家烧膏,私房菜,4.8,117,L4,rated,True,,rated,parsed,rating_anchor,0.9611,0.9908,53,1804,31.553,4.8私房菜￥117/人 | L4,满陇山房·天麻火腿土鸡煲·家烧膏 | 印 | 满麗 | 4.8私房菜￥117/人 | L4 | 序 | 点评榜单 | TOP1 | 杨浦区私房菜热门榜第1名 | 休息中 | 服务态度热情，口味很不错 | ￥9.9 | 3.6折 | ￥28 | 惠 | 宝相慕斯甜品1份 | ￥100 | ￥97 | 9.7折 | 惠 | 【结账必用】100元.,ocr/input_videos\上海__五角场合生汇__20260824.mp4
OBS-000167,五角场合生汇,黔山婆·地道贵州菜,黔山婆·地道贵州菜,特色菜,4.4,110,L4,rated,True,,rated,parsed,rating_anchor,0.9751,0.9843,48,1804,31.553,🌟🌟🌟⭐ | 4.4特色菜￥110/人 | L4,黔山婆·地道贵州菜 | 山目 | 山野好食材 | “以间烟火味 | 🌟🌟🌟⭐ | 4.4特色菜￥110/人 | L4 | 点评榜单 | 杨浦区特色菜打卡人气榜第1名 | 服务环境好评如潮 | ￥326.7折 | 惠 | ￥48单人冰淇淋玉米粑粑 | ￥989.8折 | 惠 | ￥100100元代金券,ocr/input_videos\上海__五角场合生汇__20260824.mp4
OBS-000168,五角场合生汇,南里山房·新淮扬菜,南里山房·新淮扬菜,淮扬菜,4.8,126,L5,rated,True,,rated,parsed,rating_anchor,0.956,0.9894,53,1804,31.553,L5 | 4.8淮扬菜￥126/人,南里山房·新淮扬菜 | 南里山房 | L5 | 4.8淮扬菜￥126/人 | 奔赴奇妙,ocr/input_videos\上海__五角场合生汇__20260824.mp4
OBS-000169,五角场合生汇,是隆潞船面,是隆潞船面,面馆,4.1,52,B2,rated,True,,rated,parsed,rating_anchor,0.9667,0.9677,52,1848,32.323,B2 | ★🌟★★ | 4.1面馆￥52/人,泰国街边 | 是隆潞船面 | 地道美食 | B2 | ★🌟★★ | 4.1面馆￥52/人 | 点评榜单 | 杨浦区面馆热门榜第1名 | 广告 | ￥44.89.4折 | ￥48silom特色嫩牛船面 | 惠,ocr/input_videos\上海__五角场合生汇__20260824.mp4
OBS-000170,五角场合生汇,满陇山房·天麻火腿土鸡煲·家烧膏..,满陇山房·天麻火腿土鸡煲·家烧膏,私房菜,4.8,117,L4,rated,True,,rated,parsed,rating_anchor,0.9341,0.9353,49,1848,32.323,4.8私房菜￥117/人 | L4,满陇山房·天麻火腿土鸡煲·家烧膏.. | 国 | 满隴 | 4.8私房菜￥117/人 | 序 | L4 | TOP1 | 点评榜单 | 杨浦区私房菜热门榜第1名 | 休息中 | 服务态度热情，口味很不错 | ￥9.9 | 3.6折 | 惠 | ￥28 | 宝相慕斯甜品1份 | ￥979.7折 | ￥100 | 【结账必用】100元... | 惠,ocr/input_videos\上海__五角场合生汇__20260824.mp4
OBS-000171,五角场合生汇,黔山婆·地道贵州菜,黔山婆·地道贵州菜,特色菜,4.4,110,L4,rated,True,,rated,parsed,rating_anchor,0.9541,0.9855,48,1848,32.323,L4 | ★4.4特色菜￥110/人,黔山婆·地道贵州菜 | 黔山目 | 山好好食材” | “间烟火味 | L4 | ★4.4特色菜￥110/人 | 点评榜单 | 杨浦区特色菜打卡人气榜第1名 | 服务环境好评如潮 | ￥32 | 6.7折 | ￥48单人冰淇淋玉米粑粑 | 惠 | ￥989.8折 | 惠 | ￥100100元代金券,ocr/input_videos\上海__五角场合生汇__20260824.mp4
OBS-000172,五角场合生汇,南里山房·新淮扬菜,南里山房·新淮扬菜,淮扬菜,4.8,126,L5,rated,True,,rated,parsed,rating_anchor,0.9549,0.9877,53,1848,32.323,L5 | 4.8淮扬菜￥126/人,南里山房·新淮扬菜 | 南里山房 | L5 | 4.8淮扬菜￥126/人 | 奔过奇妙 | 点评榜单 | 杨浦区江浙菜打卡人气榜第1名 | 迪士尼小镇店盛大自基 | 休息中 | 热情服务，泉水牛肉高品质 | 2 | ￥16杨梅汁 | 6.6折 | 惠 | ￥10.5 | ￥42.5 | 8.5折 | ￥5050元代金券 | 惠,ocr/input_videos\上海__五角场合生汇__20260824.mp4
OBS-000173,五角场合生汇,是隆潞船面,是隆潞船面,面馆,4.1,52,B2,rated,True,,rated,parsed,rating_anchor,0.9681,0.9707,49,1859,32.515,B2 | ⭐🌟⭐⭐ | 4.1面馆￥52/人,泰国街边 | 是隆潞船面 | 地道美食 | B2 | ⭐🌟⭐⭐ | 4.1面馆￥52/人 | 点评榜单 | 杨浦区面馆热门榜第1名 | ￥44.89.4折 | ￥48silom特色嫩牛船面 | 惠,ocr/input_videos\上海__五角场合生汇__20260824.mp4
OBS-000174,五角场合生汇,满陇山房·天麻火腿土鸡煲·家烧膏..,满陇山房·天麻火腿土鸡煲·家烧膏,私房菜,4.8,117,L4,rated,True,,rated,parsed,rating_anchor,0.9448,0.9509,54,1859,32.515,4.8私房菜￥117/人 | L4,满陇山房·天麻火腿土鸡煲·家烧膏.. | STIMME | FC | 满 | 4.8私房菜￥117/人 | L4 | 隴 | 序 | TOP1 | 点评榜单 | 杨浦区私房菜热门榜第1名 | 723 | 休息中 | 服务态度热情，口味很不错 | 3 | 3.6折 | ￥9.9 | ￥28 | 惠 | 宝相慕斯甜品1份 | 9.7折 | ￥100 | ￥97 | 惠 | 【结账必用】100元...,ocr/input_videos\上海__五角场合生汇__20260824.mp4
OBS-000175,五角场合生汇,黔山婆·地道贵州菜,黔山婆·地道贵州菜,特色菜,4.4,110,L4,rated,True,,rated,parsed,rating_anchor,0.9783,0.9853,48,1859,32.515,4.4特色菜￥110/人 | 🌟🌟⭐ | L4 | ★,黔山婆·地道贵州菜 | 山目 | 山野好食材” | “间烟火味 | 4.4特色菜￥110/人 | 🌟🌟⭐ | L4 | ★ | 点评榜单 | 杨浦区特色菜打卡人气榜第1名 | 服务环境好评如潮 | ￥32 | 惠 | 6.7折 | ￥48单人冰淇淋玉米粑粑 | ￥989.8折 | 惠 | ￥100100元代金券,ocr/input_videos\上海__五角场合生汇__20260824.mp4
OBS-000176,五角场合生汇,南里山房·新淮扬菜,南里山房·新淮扬菜,淮扬菜,4.8,126,L5,rated,True,,rated,parsed,rating_anchor,0.9721,0.9792,47,1859,32.515,L5 | ⭐⭐⭐★⭐4.8 | 淮扬菜￥126/人,南里山房·新淮扬菜 | 南里山房 | L5 | ⭐⭐⭐★⭐4.8 | 淮扬菜￥126/人 | 奔赴奇妙 | 点评榜单 | 杨浦区江浙菜打卡人气榜第1名 | 迪上尼小集店盛大启享 | 休息中 | 热情服务，泉水牛肉高品质 | 53 | 6.6折 | ￥10.5 | ￥16 | 杨梅汁 | 惠 | 惠 | ￥42.5 | ￥5050元代金券 | 8.5折,ocr/input_videos\上海__五角场合生汇__20260824.mp4
OBS-000177,五角场合生汇,满陇山房·天麻火腿土鸡煲·家烧膏.,满陇山房·天麻火腿土鸡煲·家烧膏.,私房菜,4.8,117,L4,rated,True,,rated,parsed,rating_anchor,0.9566,0.9748,54,1925,33.67,L4 | 4.8私房菜￥117/人,满陇山房·天麻火腿土鸡煲·家烧膏. | 原 | LAME | L4 | 4.8私房菜￥117/人 | 序 | TOP1 | 点评榜单 | 杨浦区私房菜热门榜第1名 | 休息中 | 服务态度热情，口味很不错 | 2 | ￥28 | 3.6折 | 惠 | ￥9.9 | 宝相慕斯甜品1份 | ￥979.7折 | ￥100 | 惠 | 【结账必用】100元.,ocr/input_videos\上海__五角场合生汇__20260824.mp4
OBS-000178,五角场合生汇,黔山婆·地道贵州菜,黔山婆·地道贵州菜,特色菜,4.4,110,L4,rated,True,,rated,parsed,rating_anchor,0.976,0.9819,51,1925,33.67,L4 | ★★★★ | 4.4特色菜￥110/人,黔山婆·地道贵州菜 | 黔山目 | 中 | 山好好食材” | “人间烟火味 | L4 | ★★★★ | 4.4特色菜￥110/人 | 点评榜单 | 杨浦区特色菜打卡人气榜第1名 | 服务环境好评如潮 | ￥326.7折 | 惠 | ￥48单人冰淇淋玉米粑粑 | ￥989.8折 | 惠 | ￥100100元代金券,ocr/input_videos\上海__五角场合生汇__20260824.mp4
OBS-000179,五角场合生汇,南里山房·新淮扬菜,南里山房·新淮扬菜,淮扬菜,4.8,126,L5,rated,True,,rated,parsed,rating_anchor,0.9604,0.9889,54,1925,33.67,4.8淮扬菜￥126/人 | L5,南里山房·新淮扬菜 | 南里山房 | 4.8淮扬菜￥126/人 | L5 | 日 | 奔赴奇妙 | 点评榜单 | 杨浦区江浙菜打卡人气榜第1名 | 迪士尼小镇店盛大启基 | 休息中 | 热情服务，泉水牛肉高品质 | ￥16杨梅汁 | ￥10.5 | 6.6折 | 惠 | ￥42.5 | 8.5折 | ￥5050元代金券 | 惠,ocr/input_videos\上海__五角场合生汇__20260824.mp4
OBS-000180,五角场合生汇,茶米有言,茶米有言,茶饮果汁,4.0,17,L4,rated,True,,rated,parsed,rating_anchor,0.9749,0.9962,56,1925,33.67,🌟🌟⭐⭐ | L4 | 茶饮果汁￥17/人 | 4.0,茶米有言 | 🌟🌟⭐⭐ | L4 | 茶饮果汁￥17/人 | 4.0 | 点评榜单 | 杨浦区饮品销量榜第3名 | 浓巧可可上新 | 咸甜交融，冰热双体验 | C | ￥158.9折 | ￥17 | 【招牌必喝】鲜米豆花... | 惠,ocr/input_videos\上海__五角场合生汇__20260824.mp4
OBS-000181,五角场合生汇,南里山房·新淮扬菜,南里山房·新淮扬菜,淮扬菜,4.8,126,L5,rated,True,,rated,parsed,rating_anchor,0.9618,0.9867,51,1958,34.247,4.8淮扬菜￥126/人 | L5,南里山房·新淮扬菜 | 南里山房 | 4.8淮扬菜￥126/人 | L5 | 奔赴奇妙 | 点评榜单 | 杨浦区江浙菜打卡人气榜第1名 | 迪士尼小镇店盛大自源 | 休息中 | 热情服务，泉水牛肉品质 | “ | ￥10.5 | 6.6折 | ￥16杨梅汁 | 惠 | ￥42.5 | 惠 | 8.5折 | ￥5050元代金券,ocr/input_videos\上海__五角场合生汇__20260824.mp4
OBS-000182,五角场合生汇,茶米有言,茶米有言,茶饮果汁,4.0,17,L4,rated,True,,rated,parsed,rating_anchor,0.9801,0.9961,56,1958,34.247,⭐🌟🌟🌟 | L4 | 4.0茶饮果汁￥17/人,茶米有言 | ⭐🌟🌟🌟 | L4 | 4.0茶饮果汁￥17/人 | 点评榜单 | 杨浦区饮品销量榜第3名 | 浓巧可可上新 | 咸甜交融，冰热双体验 | ≤ | ￥158.9折 | ￥17 | 惠 | 【招牌必喝】鲜米豆花..,ocr/input_videos\上海__五角场合生汇__20260824.mp4
OBS-000183,五角场合生汇,CRAZYONES西班牙海鲜饭,CRAZYONES西班牙海鲜饭,西班牙菜,4.4,100,L5,rated,True,,rated,parsed,rating_anchor,0.9847,0.9977,48,1958,34.247,🌟🌟🌟🎉 | L5 | 4.4西班牙菜￥100/人 | ★,CRAZYONES西班牙海鲜饭 | 选你爱的饭 | 🌟🌟🌟🎉 | L5 | 4.4西班牙菜￥100/人 | 加你的鲜 | ★ | 点评榜单 | 上海西班牙菜好评榜第5名 | 精致海鲜饭，满分服务，环境舒适 | ￥18.85.9折 | 惠 | ￥32 | 西班牙油条 | ￥959.5折 | 惠 | ￥100100元代金券,ocr/input_videos\上海__五角场合生汇__20260824.mp4
OBS-000184,五角场合生汇,江南晓馆·地道杭帮菜,江南晓馆·地道杭帮菜,浙菜,4.7,109,L4,rated,True,,rated,parsed,rating_anchor,0.9628,0.9912,48,1958,34.247,L4 | 4.7浙菜￥109/人,江南晓馆·地道杭帮菜 | 江南晓馆 | L4 | 4.7浙菜￥109/人 | 点评榜单 | 五角场/大学路浙菜销量榜第2名 | 15:00休息 | 服务一流，宋嫂羹胡椒味浓郁 | S | 1 | ￥5.96折 | ￥9.9 | 惠 | 【江南甜点】 | 黑芝麻汤圆,ocr/input_videos\上海__五角场合生汇__20260824.mp4
OBS-000185,五角场合生汇,南里山房·新淮扬菜,南里山房·新淮扬菜,淮扬菜,4.8,126,L5,rated,True,,rated,parsed,rating_anchor,0.9558,0.9863,51,1980,34.632,4.8淮扬菜￥126/人 | L5,南里山房·新淮扬菜 | 南里山房 | 4.8淮扬菜￥126/人 | L5 | 奔赴奇妙 | 点评榜单 | 杨浦区江浙菜打卡人气榜第1名 | 迪士尼小镇店盛大启源 | 休息中 | 热情服务，泉水牛肉高品质 | 6.6折 | 惠 | ￥10.5 | ￥16杨梅汁 | ￥42.5 | 8.5折 | 惠 | ￥5050元代金券,ocr/input_videos\上海__五角场合生汇__20260824.mp4
OBS-000186,五角场合生汇,茶米有言,茶米有言,茶饮果汁,4.0,17,L4,rated,True,,rated,parsed,rating_anchor,0.9728,0.9938,56,1980,34.632,⭐🌟⭐⭐ | L4 | 4.0 | 茶饮果汁￥17/人,茶米有言 | ⭐🌟⭐⭐ | L4 | 4.0 | 茶饮果汁￥17/人 | 点评榜单 | 杨浦区饮品销量榜第3名 | 浓巧可可上新 | 咸甜交融，冰热双体验 | 1 | ￥158.9折 | ￥17 | 【招牌必喝】鲜米豆花.. | 惠,ocr/input_videos\上海__五角场合生汇__20260824.mp4
OBS-000187,五角场合生汇,CRAZYONES西班牙海鲜饭,CRAZYONES西班牙海鲜饭,西班牙菜,4.4,100,L5,rated,True,,rated,parsed,rating_anchor,0.9848,0.9979,47,1980,34.632,L5 | 🌟🌟⭐🌟 | 4.4西班牙菜￥100/人,CRAZYONES西班牙海鲜饭 | 选你爱的饭 | L5 | 🌟🌟⭐🌟 | 4.4西班牙菜￥100/人 | 加你爱的鲜 | 点评榜单 | 上海西班牙菜好评榜第5名 | 精致海鲜饭，满分服务，环境舒适” | 5.9折 | ￥18.8 | 惠 | ￥32 | 西班牙油条 | ￥959.5折 | 惠 | ￥100100元代金券,ocr/input_videos\上海__五角场合生汇__20260824.mp4
OBS-000188,五角场合生汇,江南晓馆·地道杭帮菜,江南晓馆·地道杭帮菜,浙菜,4.7,109,L4,rated,True,,rated,parsed,rating_anchor,0.9584,0.989,47,1980,34.632,4.7浙菜￥109/人 | L4,江南晓馆·地道杭帮菜 | 江南晓馆 | 4.7浙菜￥109/人 | L4 | 点评榜单 | 五角场/大学路浙菜销量榜第2名 | 15:00休息 | 服务一流，宋嫂羹胡椒味浓郁” | ￥5.9 | ￥9.9 | 6折 | 惠 | 【江南甜点】 | 黑芝麻汤圆 | ￥95 | 9.5折 | 惠 | ￥100100元代金券,ocr/input_videos\上海__五角场合生汇__20260824.mp4
OBS-000189,五角场合生汇,CRAZYONES西班牙海鲜饭,CRAZYONES西班牙海鲜饭,西班牙菜,4.4,,L5,rated,True,,rated,parsed,rating_anchor,0.9825,0.9972,51,2079,36.363,🌟🌟🌟⭐ | L5 | 4.4西班牙菜￥100/,CRAZYONES西班牙海鲜饭 | 选你爱的饭 | 🌟🌟🌟⭐ | L5 | 4.4西班牙菜￥100/ | 加你爱的鲜 | 点评榜单 | 上海西班牙菜好评榜第5名 | 精致海鲜饭，满分服务，环境舒适 | C | ￥18.85.9折 | ￥32 | 惠 | 西班牙油条 | ￥959.5折 | 惠 | ￥100100元代金券,ocr/input_videos\上海__五角场合生汇__20260824.mp4
OBS-000190,五角场合生汇,江南晓馆·地道杭帮菜,江南晓馆·地道杭帮菜,浙菜,4.7,109,L4,rated,True,,rated,parsed,rating_anchor,0.9598,0.991,54,2079,36.363,4.7浙菜￥109/人 | L4,江南晓馆·地道杭帮菜 | 江南晓馆 | 4.7浙菜￥109/人 | L4 | 点评榜单 | 五角场/大学路浙菜销量榜第2名 | 15:00休息 | 服务流，宋嫂羹胡椒味浓郁 | ≤ | ￥9.9 | ￥5.9 | 6折 | 惠 | 【江南甜点】黑芝麻汤圆 | ￥959.5折 | 惠 | ￥100100元代券,ocr/input_videos\上海__五角场合生汇__20260824.mp4
OBS-000191,五角场合生汇,五角场凯悦·The Lounge西餐厅...,五角场凯悦·TheLounge西餐厅,牛排,4.6,135,L6,rated,True,,rated,parsed,rating_anchor,0.9209,0.8845,57,2079,36.363,牛排￥135/人 | L6 | 🌟🌟🌟🌟🌟 | 4.6,五角场凯悦·The Lounge西餐厅... | 牛排￥135/人 | L6 | 🌟🌟🌟🌟🌟 | 4.6 | 点评榜单 | 杨浦区牛排口味榜第4名 | ￥68￥68夏日冷萃茶 | 惠 | ￥858.5折 | 惠 | ￥100100元代金券,ocr/input_videos\上海__五角场合生汇__20260824.mp4
OBS-000192,五角场合生汇,贵Guui,贵Guui,贵州菜黔菜,4.4,118,L5,rated,True,,rated,parsed,rating_anchor,0.9879,0.9972,58,2079,36.363,🌟🌟💥⭐ | L5 | 4.4贵州菜黔菜￥118/人 | ★,贵Guui | 🌟🌟💥⭐ | L5 | 4.4贵州菜黔菜￥118/人 | ★ | 点评榜单 | 杨浦区贵州菜黔菜热门榜第1名 | 贵州口味正宗，服务贴心周到 | “ | ￥21.96.9折 | 【时令风味】贵州冰.. | ￥32 | 惠 | ￥959.5折 | ￥100100元代金券 | 惠,ocr/input_videos\上海__五角场合生汇__20260824.mp4
OBS-000193,五角场合生汇,江南晓馆·地道杭帮菜,江南晓馆·地道杭帮菜,浙菜,4.7,109,L4,rated,True,,rated,parsed,rating_anchor,0.9674,0.9887,50,2112,36.941,4.7浙菜￥109/人 | L4,江南晓馆·地道杭帮菜 | 江南晓馆 | 2mW | 4.7浙菜￥109/人 | L4 | 点评榜单 | 五角场/大学路浙菜销量榜第2名 | 15:00休息 | 服务一流，宋嫂羹胡椒味浓郁 | “ | ￥9.9 | ￥5.9 | 6折 | 惠 | 【江南甜点】黑芝麻汤圆 | ￥959.5折 | ￥100100元代金券 | 惠,ocr/input_videos\上海__五角场合生汇__20260824.mp4
OBS-000194,五角场合生汇,五角场凯悦·The Lounge西餐厅...,五角场凯悦·TheLounge西餐厅,牛排,4.6,135,L6,rated,True,,rated,parsed,rating_anchor,0.9337,0.9159,57,2112,36.941,L6 | 🌟🌟★★🌟4.6 | 牛排￥135/人,五角场凯悦·The Lounge西餐厅... | L6 | 🌟🌟★★🌟4.6 | 牛排￥135/人 | 点评榜单 | 杨浦区牛排口味榜第4名 | 惠￥68￥68夏日冷萃茶 | ￥858.5折 | ￥100100元代金券 | 惠,ocr/input_videos\上海__五角场合生汇__20260824.mp4
OBS-000195,五角场合生汇,贵Guui,贵Guui,贵州菜黔菜,4.4,118,L5,rated,True,,rated,parsed,rating_anchor,0.9479,0.9208,58,2112,36.941,🌟🌟🌟🌟 | L5 | 4.4贵州菜黔菜￥118/人 | ★,贵Guui | 🌟🌟🌟🌟 | L5 | 4.4贵州菜黔菜￥118/人 | ★ | 点评榜单 | 杨浦区贵州菜黔菜热门榜第1名 | 贵州口味正宗，服务贴心周到 | 心 | 告 | ￥21.9 | 6.9折 | ￥32 | 【时令风味】贵州冰. | 惠 | ￥959.5折 | ￥100100元代金券 | 惠,ocr/input_videos\上海__五角场合生汇__20260824.mp4
OBS-000196,五角场合生汇,MAVERICK小牛·西餐厅,MAVERICK小牛·西餐厅,牛排,4.4,123,L5,rated,True,,rated,parsed,rating_anchor,0.9679,0.9827,51,2112,36.941,⭐🌟⭐⭐ | L5 | 牛排￥123/人 | 4.4 | ★,原切牛排 | MAVERICK小牛·西餐厅 | ⭐🌟⭐⭐ | L5 | 牛排￥123/人 | 4.4 | ★ | 点评榜单 | 杨浦区牛排打卡人气榜第1名 | 出品质量不错” | MAVERICK | “ | 小牛西餐厅 | ￥11.64折 | 惠 | ￥29 | 【人气爆款】拿铁咖... | ￥489.6折 | ￥5050元代金券 | 惠,ocr/input_videos\上海__五角场合生汇__20260824.mp4
OBS-000197,五角场合生汇,江南晓馆·地道杭帮菜,江南晓馆·地道杭帮菜,浙菜,4.7,109,L4,rated,True,,rated,parsed,rating_anchor,0.9452,0.9907,54,2145,37.518,⭐4.7浙菜￥109/人 | L4,江南晓馆·地道杭帮菜 | 江南晓馆 | 2 | ⭐4.7浙菜￥109/人 | L4 | 点评榜单 | 五角场/大学路浙菜销量榜第2名 | 15:00休息 | 服务一流，宋嫂羹胡椒味浓郁 | ￥5.96折 | ￥9.9 | 惠 | 【江南甜点】黑芝麻汤圆 | ￥959.5折 | 惠 | ￥100100元代金券,ocr/input_videos\上海__五角场合生汇__20260824.mp4
OBS-000198,五角场合生汇,五角场凯悦·The Lounge西餐厅...,五角场凯悦·TheLounge西餐厅,牛排,4.6,135,L6,rated,True,,rated,parsed,rating_anchor,0.9457,0.9304,68,2145,37.518,L6 | 🌟🌟🌟🌟🌟 | 4.6 | 牛排￥135/人,五角场凯悦·The Lounge西餐厅... | L6 | 🌟🌟🌟🌟🌟 | 4.6 | 牛排￥135/人 | 点评榜单 | 杨浦区牛排口味榜第4名 | ￥68￥68夏日冷萃茶 | 惠 | ￥85 | 惠 | 8.5折 | ￥100100元代金券,ocr/input_videos\上海__五角场合生汇__20260824.mp4
OBS-000199,五角场合生汇,贵Guui,贵Guui,贵州菜黔菜,4.4,118,L5,rated,True,,rated,parsed,rating_anchor,0.985,0.9974,61,2145,37.518,🌟🌟🌟 | 4.4贵州菜黔菜￥118/人 | L5 | ★,贵Guui | 🌟🌟🌟 | 4.4贵州菜黔菜￥118/人 | L5 | ★ | 点评榜单 | 杨浦区贵州菜黔菜热门榜第1名 | 贵州口味正宗，服务贴心周到 | “ | 3 | ￥21.9 | 惠 | 6.9折 | ￥32 | 【时令风味】贵州冰. | ￥959.5折 | 惠 | ￥100100元代金券,ocr/input_videos\上海__五角场合生汇__20260824.mp4
OBS-000200,五角场合生汇,MAVERICK小牛·西餐厅,MAVERICK小牛·西餐厅,牛排,4.4,123,L5,rated,True,,rated,parsed,rating_anchor,0.9775,0.9892,54,2145,37.518,🌟🌟⭐⭐ | 4.4牛排￥123/人 | L5,MAVERICK小牛·西餐厅 | 原切牛排 | 严 | 🌟🌟⭐⭐ | 4.4牛排￥123/人 | L5 | 点评榜单 | 杨浦区牛排打卡人气榜第1名 | MAVERICK | “出品质量不错” | 小牛西餐厅 | ￥11.64折 | ￥29 | 惠 | 【人气爆款】拿铁咖... | ￥489.6折 | 惠 | ￥5050元代金券,ocr/input_videos\上海__五角场合生汇__20260824.mp4
OBS-000201,五角场合生汇,江南晓馆·地道杭帮菜,江南晓馆·地道杭帮菜,浙菜,4.7,109,L4,rated,True,,rated,parsed,rating_anchor,0.9454,0.9919,53,2189,38.287,⭐4.7浙菜￥109/人 | L4,江南晓馆·地道杭帮菜 | 江南晓馆 | 2 | ⭐4.7浙菜￥109/人 | L4 | 点评镑单 | 五角场/大学路浙菜销量榜第2名 | 15:00休息 | 服务一流，宋嫂羹胡椒味浓郁 | ￥5.9 | ￥9.9 | 6折 | 惠 | 【江南甜点】黑芝麻汤圆 | ￥959.5折 | 惠 | ￥100100元代金券,ocr/input_videos\上海__五角场合生汇__20260824.mp4
OBS-000202,五角场合生汇,五角场凯悦·The Lounge西餐厅....,五角场凯悦·TheLounge西餐厅,牛排,4.6,135,L6,rated,True,,rated,parsed,rating_anchor,0.9324,0.9093,64,2189,38.287,★🌟🌟🌟🌟 | 牛排￥135/人 | L6 | 4.6,五角场凯悦·The Lounge西餐厅.... | ★🌟🌟🌟🌟 | 牛排￥135/人 | L6 | 4.6 | 点评榜单 | 杨浦区牛排口味榜第4名 | ￥68￥68夏日冷萃茶 | 惠 | ￥85 | 惠 | 8.5折 | ￥100100元代金券,ocr/input_videos\上海__五角场合生汇__20260824.mp4
OBS-000203,五角场合生汇,贵Guui,贵Guui,贵州菜黔菜,4.4,118,L5,rated,True,,rated,parsed,rating_anchor,0.988,0.999,58,2189,38.287,🌟🌟🌟⭐ | L5 | 4.4贵州菜黔菜￥118/人,贵Guui | 🌟🌟🌟⭐ | L5 | 4.4贵州菜黔菜￥118/人 | 点评榜单 | 杨浦区贵州菜黔菜热门榜第1名 | 贵州口味正宗，服务贴心周到 | “ | ￥21.9 | 惠 | 6.9折 | ￥32 | 【时令风味】贵州冰... | ￥959.5折 | 惠 | ￥100100元代金券,ocr/input_videos\上海__五角场合生汇__20260824.mp4
OBS-000204,五角场合生汇,MAVERICK小牛·西餐厅,MAVERICK小牛·西餐厅,牛排,4.4,123,L5,rated,True,,rated,parsed,rating_anchor,0.9743,0.9906,54,2189,38.287,🌟🌟🎉 | L5 | 4.4 | 牛排￥123/人,MAVERICK小牛·西餐厅 | 原切牛排 | 🌟🌟🎉 | L5 | 4.4 | 牛排￥123/人 | 点评榜单 | 杨浦区牛排打卡人气榜第1名 | “出品质量不错” | MAVERICK | “ | 小牛园餐厅 | ￥29 | ￥11.6 | 4折 | 惠 | 【人气爆款】拿铁咖.. | ￥489.6折 | ￥5050元代金券 | 惠,ocr/input_videos\上海__五角场合生汇__20260824.mp4
OBS-000205,五角场合生汇,MAVERICK小牛·西餐厅,MAVERICK小牛·西餐厅,牛排,4.4,123,L5,rated,True,,rated,parsed,rating_anchor,0.971,0.9816,48,2233,39.057,L5 | ⭐🌟⭐⭐ | 4.4牛排￥123/人 | ★,原切牛排 | MAVERICK小牛·西餐厅 | E | 局 | L5 | ⭐🌟⭐⭐ | 4.4牛排￥123/人 | ★ | 点评榜单 | 杨浦区牛排打卡人气榜第1名 | 出品质量不错” | MAVERICK | ≤ | 小牛园餐厅 | ￥29 | ￥11.6 | 4折 | 惠 | 【人气爆款】 | 】拿铁咖... | ￥489.6折 | 惠 | ￥5050元代金券,ocr/input_videos\上海__五角场合生汇__20260824.mp4
OBS-000206,五角场合生汇,战锅计麻辣香锅,战锅计麻辣香锅,干锅/香锅,,47,B2,new_store,False,new_store,ocr_missing,parsed,metadata_anchor,0.994,0.9995,51,2233,39.057,新店 | B2 | ￥47/人 | 干锅/香锅,战锅计麻辣香锅 | SPICY POT | 新店 | B2 | ￥47/人 | 干锅/香锅 | 战锅计 | 点评榜单 | 五角场/大学路川菜新店榜第4名 | 麻辣香锅 | ￥39.9 | 6折 | ￥67五荤五素（商务单人餐） | 惠 | ￥69 | 6.9折 | 惠 | ￥100100元代金券,ocr/input_videos\上海__五角场合生汇__20260824.mp4
OBS-000207,五角场合生汇,椒爱水煮鱼川菜,椒爱水煮鱼川菜,川菜,4.6,104,L5,rated,True,,rated,parsed,rating_anchor,0.9679,0.9983,51,2233,39.057,L5 | ★🌟★🌟🌟 | 4.6川菜￥104/人,椒爱水煮鱼川菜 | 颜微 | 当活鱼 | L5 | ★🌟★🌟🌟 | 4.6川菜￥104/人 | 点评榜单 | 杨浦区川菜回头客榜第2名 | 鱼肉鲜嫩多汁，环境优雅舒适 | 2.8折 | ￥39 | 惠 | ￥10.9 | 【夏日限定】 | 咔滋小. | ￥489.6折 | 惠 | ￥50 | 【超值优惠】50元代金券,ocr/input_videos\上海__五角场合生汇__20260824.mp4
OBS-000208,五角场合生汇,芸山季·云南山珍菌火锅,芸山季·云南山珍菌火锅,云南火锅,4.4,105,L3,rated,True,,rated,parsed,rating_anchor,0.9727,0.9774,51,2233,39.057,L3 | 4.4云南火锅￥105/人 | ★★★,紫见手青 | 芸山季·云南山珍菌火锅 | 8款山菌来袭 | L3 | 4.4云南火锅￥105/人 | ★★★,ocr/input_videos\上海__五角场合生汇__20260824.mp4
OBS-000209,五角场合生汇,MAVERICK小牛·西餐厅,MAVERICK小牛·西餐厅,牛排,4.4,123,L5,rated,True,,rated,parsed,rating_anchor,0.9574,0.957,48,2255,39.442,🌟🌟🌟🌟 | L5 | 4.4牛排￥123/人 | ★,MAVERICK小牛·西餐厅 | 原切牛排 | 🌟🌟🌟🌟 | L5 | 4.4牛排￥123/人 | ★ | 点评榜单 | 杨浦区牛排打卡人气榜第1名 | MAVERICK | 出品质量不错” | 小牛西餐厅 | 4折 | ￥11.6 | ￥29 | 惠 | 【人气爆款】拿铁咖.. | ￥489.6折 | 惠 | ￥5050元代金券,ocr/input_videos\上海__五角场合生汇__20260824.mp4
OBS-000210,五角场合生汇,战锅计麻辣香锅,战锅计麻辣香锅,干锅/香锅,,47,B2,new_store,False,new_store,ocr_missing,parsed,metadata_anchor,0.9748,0.9996,51,2255,39.442,新店 | B2 | 干锅/香锅￥47/人,战锅计麻辣香锅 | SPICY POT | 新店 | B2 | 干锅/香锅￥47/人 | 战锅计 | 点评榜单 | 五角场/大学路川菜新店榜第4名 | 麻辣香锅 | 惠￥39.96折 | ￥67五荤五素（商务单人餐） | 6.9折 | ￥69 | ￥100100元代金券 | 惠,ocr/input_videos\上海__五角场合生汇__20260824.mp4
OBS-000211,五角场合生汇,椒爱水煮鱼川菜,椒爱水煮鱼川菜,川菜,4.6,104,L5,rated,True,,rated,parsed,rating_anchor,0.9531,0.9977,47,2255,39.442,L5 | 4.6川菜￥104/人,爱 | 椒爱水煮鱼川菜 | 当活鱼 | L5 | 4.6川菜￥104/人 | 点评榜单 | 杨浦区川菜回头客榜第2名 | 鱼肉鲜嫩多汁，环境优雅舒适 | ￥39 | ￥10.9 | 2.8折 | 惠 | 【夏日限定】 | 咔滋小. | ￥489.6折 | ￥50 | 惠 | 【超值优惠】50元代金券,ocr/input_videos\上海__五角场合生汇__20260824.mp4
OBS-000212,五角场合生汇,芸山季·云南山珍菌火锅,芸山季·云南山珍菌火锅,云南火锅,4.4,105,L3,rated,True,,rated,parsed,rating_anchor,0.9709,0.9759,51,2255,39.442,🌟🌟⭐⭐ | L3 | 4.4云南火锅￥105/人 | ★,紫见手青 | 芸山季·云南山珍菌火锅 | 8款山菌来袭 | 🌟🌟⭐⭐ | L3 | 4.4云南火锅￥105/人 | ★ | 点评榜单 | 五角场/大学路火锅销量榜第3名 | 鲜美菌汤，品质保证 | G | 芸山 | 1.7折 | ￥0.99 | 惠 | ￥64周年1泰国香妃虾1...,ocr/input_videos\上海__五角场合生汇__20260824.mp4
OBS-000213,五角场合生汇,MAVERICK小牛·西餐厅,MAVERICK小牛·西餐厅,牛排,4.4,123,L5,rated,True,,rated,parsed,rating_anchor,0.9721,0.9852,51,2277,39.827,L5 | ★★★★★ | 4.4牛排￥123/人,MAVERICK小牛·西餐厅 | 原切牛排 | L5 | ★★★★★ | 4.4牛排￥123/人 | 点评榜单 | 杨浦区牛排打卡人气榜第1名 | MAVERICK | 出品质量不错” | S | 小牛西餐厅 | ￥11.64折 | ￥29 | 【人气爆款】拿铁咖.. | 惠 | ￥489.6折 | 惠 | ￥5050元代金券,ocr/input_videos\上海__五角场合生汇__20260824.mp4
OBS-000214,五角场合生汇,战锅计麻辣香锅,战锅计麻辣香锅,干锅/香锅,,47,B2,new_store,False,new_store,ocr_missing,parsed,metadata_anchor,0.9584,0.9991,51,2277,39.827,新店 | B2 | 干锅/香锅￥47/人,战锅计麻辣香锅 | SPICY POT | 新店 | B2 | 干锅/香锅￥47/人 | 战锅计 | 点评榜单 | 五角场/大学路川菜新店榜第4名 | 麻辣香锅 | ￥39.9 | 6折 | 惠 | ￥67五荤五素（商务单人餐） | ￥696.9折 | 惠 | ￥100100元代金券,ocr/input_videos\上海__五角场合生汇__20260824.mp4
OBS-000215,五角场合生汇,椒爱水煮鱼川菜,椒爱水煮鱼川菜,川菜,4.6,104,L5,rated,True,,rated,parsed,rating_anchor,0.9682,0.998,52,2277,39.827,L5 | 🌟🌟🌟⭐🌟 | 4.6川菜￥104/人,椒爱水煮鱼川菜 | 顺 | 当活鱼 | L5 | 🌟🌟🌟⭐🌟 | 4.6川菜￥104/人 | 点评榜单 | 杨浦区川菜回头客榜第2名 | 鱼肉鲜嫩多汁，环境优雅舒适 | ≤ | 1 | ￥10.92.8折 | 惠 | ￥39 | 【夏日限定】咔滋小. | ￥489.6折 | ￥50 | 惠 | 【超值优惠】50元代金券,ocr/input_videos\上海__五角场合生汇__20260824.mp4
OBS-000216,五角场合生汇,芸山季·云南山珍菌火锅,芸山季·云南山珍菌火锅,云南火锅,4.4,105,L3,rated,True,,rated,parsed,rating_anchor,0.9784,0.9828,51,2277,39.827,L3 | ★★★★★ | 4.4云南火锅￥105/人,紫见手青 | 芸山季·云南山珍菌火锅 | 8款山菌来袭 | L3 | ★★★★★ | 4.4云南火锅￥105/人 | 点评镑单 | 五角场/大学路火锅销量榜第3名 | 鲜美菌汤，品质保证 | 《 | ￥0.991.7折 | 惠 | ￥64周年1泰国香妃虾1. | ￥989.8折 | ￥100 | 惠 | 【结账必用】100元...,ocr/input_videos\上海__五角场合生汇__20260824.mp4
OBS-000217,五角场合生汇,MAVERICK小牛·西餐厅,MAVERICK小牛·西餐厅,牛排,4.4,123,L5,rated,True,,rated,parsed,rating_anchor,0.9774,0.9834,51,2299,40.211,L5 | 🌟🌟🌟⭐ | 4.4牛排￥123/人,MAVERICK小牛·西餐厅 | 原切牛排 | L5 | 🌟🌟🌟⭐ | 4.4牛排￥123/人 | 点评榜单 | 杨浦区牛排打卡人气榜第1名 | MAVERICK | 出品质量不错” | “ | 小牛西餐厅 | ￥11.64折 | ￥29 | 惠 | 【人气爆款】拿铁咖.. | ￥489.6折 | 惠 | ￥5050元代金券,ocr/input_videos\上海__五角场合生汇__20260824.mp4
OBS-000218,五角场合生汇,战锅计麻辣香锅,战锅计麻辣香锅,干锅/香锅,,47,B2,new_store,False,new_store,ocr_missing,parsed,metadata_anchor,0.9645,0.9996,51,2299,40.211,新店 | B2 | 干锅/香锅￥47/人,战锅计麻辣香锅 | SPICY POT | 新店 | B2 | 干锅/香锅￥47/人 | 战锅计 | 点评榜单 | 五角场/大学路川菜新店榜第4名 | 麻辣香锅 | ￥39.96折 | 惠 | ￥67五荤五素（商务单人餐） | ￥696.9折 | 惠 | ￥100100元代金券,ocr/input_videos\上海__五角场合生汇__20260824.mp4
OBS-000219,五角场合生汇,椒爱水煮鱼川菜,椒爱水煮鱼川菜,川菜,4.6,104,L5,rated,True,,rated,parsed,rating_anchor,0.9732,0.9972,52,2299,40.211,L5 | 🌟🌟🌟⭐🌟 | 4.6川菜￥104/人,椒爱水煮鱼川菜 | B | 当活鱼 | L5 | 🌟🌟🌟⭐🌟 | 4.6川菜￥104/人 | 点评榜单 | 杨浦区川菜回头客榜第2名 | 鱼肉鲜嫩多汁，环境优雅舒适 | “ | 2.8折 | ￥10.9 | ￥39 | 惠 | 【夏日限定】咔滋小. | ￥489.6折 | ￥50 | 惠 | 【超值优惠】50元代金券,ocr/input_videos\上海__五角场合生汇__20260824.mp4
OBS-000220,五角场合生汇,芸山季·云南山珍菌火锅,芸山季·云南山珍菌火锅,云南火锅,4.4,105,L3,rated,True,,rated,parsed,rating_anchor,0.9736,0.9758,51,2299,40.211,L3 | 🌟🌟⭐ | 4.4云南火锅￥105/人 | ★,紫见手青 | 芸山季·云南山珍菌火锅 | 8款山菌来袭 | L3 | 🌟🌟⭐ | 4.4云南火锅￥105/人 | ★ | 点评榜单 | 五角场/大学路火锅销量榜第3名 | 鲜美菌汤，品质保证 | “ | ￥0.99 | 1.7折 | 惠 | ￥64周年1泰国香妃虾1... | ￥989.8折 | ￥100 | 惠 | 【结账必用】100元...,ocr/input_videos\上海__五角场合生汇__20260824.mp4
OBS-000221,五角场合生汇,战锅计麻辣香锅,战锅计麻辣香锅,干锅/香锅,,47,B2,new_store,False,new_store,ocr_missing,parsed,metadata_anchor,0.9519,0.9994,51,2332,40.789,新店 | B2 | 干锅/香锅￥47/人,战锅计麻辣香锅 | SPICY POT | 新店 | B2 | 干锅/香锅￥47/人 | 战锅计 | 点评榜单 | 五角场/大学路川菜新店榜第4名 | 麻辣香锅 | ￥39.9 | 6折 | 惠 | ￥67五荤五素（商务单人餐） | ￥69 | 6.9折 | 惠 | ￥100100元代金券,ocr/input_videos\上海__五角场合生汇__20260824.mp4
OBS-000222,五角场合生汇,椒爱水煮鱼川菜,椒爱水煮鱼川菜,川菜,4.6,104,L5,rated,True,,rated,parsed,rating_anchor,0.96,0.9986,51,2332,40.789,4.6川菜￥104/人 | L5,椒爱水煮鱼川菜 | 欧业 | 当活鱼 | 4.6川菜￥104/人 | L5 | 点评镑单 | 杨浦区川菜回头客榜第2名 | 鱼肉鲜嫩多汁，环境优雅舒适 | ￥10.9 | 2.8折 | ￥39 | 惠 | 【夏日限定】咔滋小. | ￥50 | ￥489.6折 | 惠 | 【超值优惠】50元代金券,ocr/input_videos\上海__五角场合生汇__20260824.mp4
OBS-000223,五角场合生汇,芸山季·云南山珍菌火锅,芸山季·云南山珍菌火锅,云南火锅,4.4,105,L3,rated,True,,rated,parsed,rating_anchor,0.9669,0.9662,50,2332,40.789,🌟🌟🌟🌟 | L3 | 4.4云南火锅￥105/人 | ★,紫见手青 | 芸山季·云南山珍菌火锅 | 8款山菌来袭 | 🌟🌟🌟🌟 | L3 | 4.4云南火锅￥105/人 | ★ | 点评榜单 | 五角场/大学路火锅销量榜第3名 | 鲜美菌汤，品质保证 | 名山 | ￥0.99 | 1.7折 | 惠 | ￥64周年泰国香妃虾1... | ￥989.8折 | ￥100 | 惠 | 【结账必用】100元.,ocr/input_videos\上海__五角场合生汇__20260824.mp4
OBS-000224,五角场合生汇,湊湊火锅·茶憩,凑凑火锅·茶憩,火锅,3.9,146,L2,rated,True,,rated,parsed,rating_anchor,0.9135,0.8794,48,2332,40.789,L2 | 3.9火锅￥146/人,湊湊火锅·茶憩 | 火锅+KTV | 嗨吃海唱 | L2 | 3.9火锅￥146/人 | 服务员热情周到，火锅口味鲜美 | 黄金弃驰锅 | 一同赴美好人生 | 迎接无限全 | ￥158￥158 | 【全时段】158安格斯. | 惠,ocr/input_videos\上海__五角场合生汇__20260824.mp4
OBS-000225,五角场合生汇,芸山季·云南山珍菌火锅,芸山季·云南山珍菌火锅,云南火锅,4.4,105,L3,rated,True,,rated,parsed,rating_anchor,0.9764,0.9879,54,2376,41.558,🌟🌟🌟🎉 | L3 | 云南火锅￥105/人 | 4.4,紫见手青 | 芸山季·云南山珍菌火锅 | 8款山菌来袭 | 🌟🌟🌟🎉 | L3 | 云南火锅￥105/人 | 4.4 | 点评榜单 | 五角场/大学路火锅销量榜第3名 | 鲜美菌汤，品质保证 | 芸山 | ￥0.99 | 1.7折 | ￥64周年1泰国香妃虾1... | 惠 | ￥989.8折 | ￥100 | 惠 | 【结账必用】100元...,ocr/input_videos\上海__五角场合生汇__20260824.mp4
OBS-000226,五角场合生汇,湊湊火锅·茶憩,凑凑火锅·茶憩,火锅,3.9,146,L2,rated,True,,rated,parsed,rating_anchor,0.93,0.9314,51,2376,41.558,3.9火锅￥146/人 | L2,湊湊火锅·茶憩 | 火锅+KTV | 嗨吃梅唱 | 3.9火锅￥146/人 | L2 | 服务员热情周到，火锅口味鲜美 | 5 | 黄金奔驰锅 | 一同膏起美好人生 | 血培元限“金家 | ￥158￥158 | 【全时段】158安格斯肉... | 惠,ocr/input_videos\上海__五角场合生汇__20260824.mp4
OBS-000227,五角场合生汇,烤匠麻辣烤鱼,烤匠麻辣烤鱼,烤鱼,4.3,122,L2,rated,True,,rated,parsed,rating_anchor,0.9832,0.9993,51,2376,41.558,L2 | 4.3烤鱼￥122/人 | ★★★★,烤匠麻辣烤鱼 | 不吃火锅 | L2 | 4.3烤鱼￥122/人 | ★★★★ | 就吃烤匠 | 点评榜单 | 上海川菜回头客榜第1名 | 营业至凌晨05：00 | ￥19.9￥19.9夜宵啤酒19.9/人畅饮版 | 惠 | ￥499.8折 | 惠 | ￥5050元代金券,ocr/input_videos\上海__五角场合生汇__20260824.mp4
OBS-000228,五角场合生汇,沸点计划火锅,沸点计划火锅,四川火锅,4.4,133,L2,rated,True,,rated,parsed,rating_anchor,0.9785,0.9995,51,2376,41.558,⭐🌟⭐⭐ | L2 | 四川火锅￥133/人 | 4.4 | ★,沸点计划火锅 | 夏味 | aL | ⭐🌟⭐⭐ | L2 | 四川火锅￥133/人 | 4.4 | ★ | 修 | 四川油辣锅，好吃到停不下来 | “ | 5 | 暂停营业 | ￥8.84折 | ￥22 | 惠 | 【爆款】土冬瓜山茶 | ￥95 | 9.5折 | 惠 | ￥100100元代金券,ocr/input_videos\上海__五角场合生汇__20260824.mp4
OBS-000229,五角场合生汇,芸山季·云南山珍菌火锅,芸山季·云南山珍菌火锅,云南火锅,4.4,105,L3,rated,True,,rated,parsed,rating_anchor,0.975,0.9844,54,2398,41.943,L3 | 🌟🌟🌟⭐ | 4.4云南火锅￥105/人,紫见手青 | 芸山季·云南山珍菌火锅 | 8款山菌来袭 | L3 | 🌟🌟🌟⭐ | 4.4云南火锅￥105/人 | 点评镑单 | 五角场/大学路火锅销量榜第3名 | 鲜美菌汤，品质保证” | ￥0.99 | 1.7折 | ￥64周年|泰国香妃虾1... | 惠 | ￥989.8折 | ￥100 | 【结账必用】100元... | 惠,ocr/input_videos\上海__五角场合生汇__20260824.mp4
OBS-000230,五角场合生汇,湊凑火锅·茶憩,凑凑火锅·茶憩,火锅146/,3.9,,L2,rated,True,,rated,parsed,rating_anchor,0.9062,0.8576,52,2398,41.943,3.9火锅146/ | L2,湊凑火锅·茶憩 | 火锅+KTV | 嗨吃梅唱 | 3.9火锅146/ | L2 | 服务员热情周到，火锅口味鲜美 | 55 | 黄金奔驰锅 | 一网奔赴美好人生 | 迎摇元限金彩 | 惠 | ￥158￥158 | 【全时段】158安格斯.,ocr/input_videos\上海__五角场合生汇__20260824.mp4
OBS-000231,五角场合生汇,烤匠麻辣烤鱼,烤匠麻辣烤鱼,烤鱼,4.3,122,L2,rated,True,,rated,parsed,rating_anchor,0.9774,0.9991,51,2398,41.943,L2 | 4.3烤鱼￥122/人 | 🌟🌟⭐⭐,烤匠麻辣烤鱼 | 不吃火锅 | L2 | 4.3烤鱼￥122/人 | 🌟🌟⭐⭐ | 就吃烤匠 | 点评榜单 | 上海川菜回头客榜第1名 | 营业至凌层05：00 | ￥19.9￥19.9夜宵啤酒19.9/人畅饮版 | 惠 | ￥499.8折 | ￥5050元代金券 | 惠,ocr/input_videos\上海__五角场合生汇__20260824.mp4
OBS-000232,五角场合生汇,沸点计划火锅,沸点计划火锅,四川火锅,4.4,133,L2,rated,True,,rated,parsed,rating_anchor,0.9793,0.9993,50,2398,41.943,L2 | 🌟🌟🌟⭐ | 四川火锅￥133/人 | 4.4 | ★,夏味 | 沸点计划火锅 | L2 | 🌟🌟🌟⭐ | 四川火锅￥133/人 | 4.4 | ★ | 照 | 四川油辣锅，好吃到停不下来 | ≤ | 暂停营业 | ￥22 | ￥8.84折 | 惠 | 【爆款】土冬瓜山茶 | ￥95 | 9.5折 | ￥100100元代金券 | 惠,ocr/input_videos\上海__五角场合生汇__20260824.mp4
OBS-000233,五角场合生汇,芸山季·云南山珍菌火锅,芸山季·云南山珍菌火锅,云南火锅,4.4,105,L3,rated,True,,rated,parsed,rating_anchor,0.9479,0.9675,54,2409,42.135,🌟🌟⭐⭐ | L3 | ★4.4云南火锅￥105/人,紫见手青 | 芸山季·云南山珍菌火锅 | 8款山菌来袭 | 🌟🌟⭐⭐ | L3 | ★4.4云南火锅￥105/人 | 点评榜单 | 五角场/大学路火锅销量榜第3名 | 鲜美菌汤，品质保证 | 山学 | ￥0.99 | 1.7折 | 惠 | ￥64周年|泰国香妃虾1... | ￥989.8折 | 惠 | ￥100 | 【结账必用】100元...,ocr/input_videos\上海__五角场合生汇__20260824.mp4
OBS-000234,五角场合生汇,湊湊火锅·茶憩,凑凑火锅·茶憩,火锅,3.9,146,L2,rated,True,,rated,parsed,rating_anchor,0.9544,0.9465,52,2409,42.135,L2 | 🌟🌟⭐🌟🌟 | 3.9火锅￥146/人,湊湊火锅·茶憩 | 火锅+KTV | 嗨吃梅唱 | L2 | 🌟🌟⭐🌟🌟 | 3.9火锅￥146/人 | 服务员热情周到，火锅口味鲜美 | J | 黄金奔驰锅 | 一网齊龄英好人生 | 湿接无限金彩 | ￥158￥158 | 【全时段】158安格斯牛肉.. | 惠,ocr/input_videos\上海__五角场合生汇__20260824.mp4
OBS-000235,五角场合生汇,烤匠麻辣烤鱼,烤匠麻辣烤鱼,烤鱼,4.3,122,L2,rated,True,,rated,parsed,rating_anchor,0.9753,0.9991,51,2409,42.135,L2 | 🌟🌟🌟 | 烤鱼￥122/人 | 4.3 | ★,烤匠麻辣烤鱼 | 不吃火锅 | L2 | 🌟🌟🌟 | 烤鱼￥122/人 | 4.3 | ★ | 就吃烤匠 | 点评榜单 | 上海川菜回头客榜第1名 | 营业至凌晨05：00 | ￥19.9￥19.9 | 惠 | 夜宵啤酒19.9/人畅饮版 | ￥499.8折 | 惠 | ￥5050元代金券,ocr/input_videos\上海__五角场合生汇__20260824.mp4
OBS-000236,五角场合生汇,沸点计划火锅,沸点计划火锅,四川火锅,4.4,133,L2,rated,True,,rated,parsed,rating_anchor,0.9768,0.9998,50,2409,42.135,L2 | 🌟🌟🌟⭐ | 四川火锅￥133/人 | 4.4 | ★,沸点计划火锅 | 夏味 | L2 | 🌟🌟🌟⭐ | 四川火锅￥133/人 | 4.4 | ★ | 现 | 四川牛油辣锅，好吃到停不下来 | ≤ | 暂停营业 | ￥8.8 | ￥22 | 4折 | 【爆款】土冬瓜山茶 | 惠 | ￥95 | 惠 | 9.5折 | ￥100100元代金券,ocr/input_videos\上海__五角场合生汇__20260824.mp4
OBS-000237,五角场合生汇,湊湊火锅·茶憩,凑凑火锅·茶憩,火锅,3.9,146,L2,rated,True,,rated,parsed,rating_anchor,0.9099,0.8763,52,2486,43.482,3.9火锅￥146/人 | L2,湊湊火锅·茶憩 | 火锅+KTV | 嗨吃海唱 | 3.9火锅￥146/人 | L2 | 服务员热情周到，火锅口味鲜美 | 55 | 黄金奔驰锅 | 一同齐龄美好人生 | 温接无限金究 | 惠￥158￥158 | 【全时段】158安格斯牛肉...,ocr/input_videos\上海__五角场合生汇__20260824.mp4
OBS-000238,五角场合生汇,烤匠麻辣烤鱼,烤匠麻辣烤鱼,烤鱼,4.3,122,L2,rated,True,,rated,parsed,rating_anchor,0.9843,0.9992,54,2486,43.482,L2 | ★★★★ | 4.3烤鱼￥122/人,烤匠麻辣烤鱼 | 不吃火锅 | L2 | ★★★★ | 4.3烤鱼￥122/人 | 就吃烤匠 | 点评榜单 | 上海川菜回头客榜第1名 | 营业至凌晨05：00 | ￥19.9￥19.9夜宵啤酒19.9/人畅饮版 | 惠 | ￥499.8折 | 惠 | ￥5050元代金券,ocr/input_videos\上海__五角场合生汇__20260824.mp4
OBS-000239,五角场合生汇,沸点计划火锅,沸点计划火锅,四川火锅,4.4,133,L2,rated,True,,rated,parsed,rating_anchor,0.9855,0.9995,48,2486,43.482,L2 | 🌟🌟⭐🌟 | 四川火锅￥133/人 | 4.4 | ★,夏味 | 沸点计划火锅 | 大 | L2 | 🌟🌟⭐🌟 | 四川火锅￥133/人 | 4.4 | ★ | 5 | 四川牛油辣锅，好吃到停不下来 | ≤ | 1 | 暂停营业 | ￥8.8 | 4折 | ￥22 | 【爆款】土冬瓜山茶 | 惠 | ￥95 | 9.5折 | 惠 | ￥100100元代金券,ocr/input_videos\上海__五角场合生汇__20260824.mp4
OBS-000240,五角场合生汇,王奋斗贵州酸汤牛肉火锅,王奋斗贵州酸汤牛肉火锅,牛羊肉火锅,4.4,107,L5,rated,True,,rated,parsed,rating_anchor,0.9718,0.9991,48,2486,43.482,🌟🌟🌟⭐ | 牛羊肉火锅￥107/人 | L5 | 4.4 | ★,王奋斗贵州酸汤牛肉火锅 | 新品上新 | 酸爽一夏 | 🌟🌟🌟⭐ | 牛羊肉火锅￥107/人 | L5 | 4.4 | ★ | 点评榜单 | 杨浦区牛羊肉火锅热门榜第1名 | 王香斗器。 | 糊辣椒蘸水，特色十足，酸汤开胃 | 3 | 5.3折 | ￥9.9 | ￥19 | 【贵州特饮】酸角气泡饮 | 惠 | ￥47.5 | 9.5折 | 惠 | ￥5050元代金券,ocr/input_videos\上海__五角场合生汇__20260824.mp4
OBS-000241,五角场合生汇,湊湊火锅·茶憩,凑凑火锅·茶憩,火锅,3.9,146,L2,rated,True,,rated,parsed,rating_anchor,0.9116,0.8803,52,2541,44.444,🌟3.9 | L2 | 火锅￥146/人,湊湊火锅·茶憩 | 火锅+KTV | 嗨吃海唱 | 🌟3.9 | L2 | 火锅￥146/人 | 服务员热情周到，火锅口味鲜美 | 55 | 黄金奔驰锅 | 一网亭龄英好人生 | 温接元限金究 | ￥158￥158 | 【全时段】158安格斯肉... | 惠,ocr/input_videos\上海__五角场合生汇__20260824.mp4
OBS-000242,五角场合生汇,烤匠麻辣烤鱼,烤匠麻辣烤鱼,烤鱼,4.3,122,L2,rated,True,,rated,parsed,rating_anchor,0.9873,0.9995,50,2541,44.444,L2 | ★★★★ | 4.3烤鱼￥122/人,烤匠麻辣烤鱼 | 不吃火锅 | L2 | ★★★★ | 4.3烤鱼￥122/人 | 就吃烤匠 | 点评榜单 | 上海川菜回头客榜第1名 | 营业至凌晨05：00 | ￥19.9￥19.9夜宵啤酒19.9/人畅饮版 | 惠 | ￥499.8折 | 惠 | ￥5050元代金券,ocr/input_videos\上海__五角场合生汇__20260824.mp4
OBS-000243,五角场合生汇,沸点计划火锅,沸点计划火锅,四川火锅,4.4,133,L2,rated,True,,rated,parsed,rating_anchor,0.982,0.9996,48,2541,44.444,L2 | 🌟🌟🌟🌟 | 四川火锅￥133/人 | 4.4 | ★,夏味 | 沸点计划火锅 | L2 | 🌟🌟🌟🌟 | 四川火锅￥133/人 | 4.4 | ★ | 5 | 四川牛油辣锅，好吃到停不下来 | ≤ | 1 | 暂停营业 | ￥8.8 | 4折 | ￥22 | 【爆款】土冬瓜山茶 | 惠 | ￥95 | 9.5折 | 惠 | ￥100100元代金券,ocr/input_videos\上海__五角场合生汇__20260824.mp4
OBS-000244,五角场合生汇,王奋斗贵州酸汤牛肉火锅,王奋斗贵州酸汤牛肉火锅,牛羊肉火锅,,107,L5,unknown,True,,ocr_missing,parsed,metadata_anchor,0.9787,0.9973,50,2541,44.444,🌟🌟🌟⭐ | 牛羊肉火锅￥107/人 | L5,王奋斗贵州酸汤牛肉火锅 | 新品上新 | 酸爽一夏 | 🌟🌟🌟⭐ | 牛羊肉火锅￥107/人 | L5 | 点评榜单 | 杨浦区牛羊肉火锅热门榜第1名 | 王春斗器。 | 糊辣椒蘸水，特色十足，酸汤开胃 | 3 | ￥9.9 | 5.3折 | ￥19 | 惠 | 【贵州特饮】酸角气泡饮 | 惠 | ￥47.5 | 9.5折 | ￥5050元代金券,ocr/input_videos\上海__五角场合生汇__20260824.mp4
OBS-000245,五角场合生汇,王奋斗贵州酸汤牛肉火锅,王奋斗贵州酸汤牛肉火锅,牛羊肉火锅,4.4,107,L5,rated,True,,rated,parsed,rating_anchor,0.9548,0.9839,47,2607,45.599,🌟🌟🌟🌟 | 牛羊肉火锅￥107/人 | L5 | 4.4,新晶上新 | 王奋斗贵州酸汤牛肉火锅 | 酸爽一夏 | 🌟🌟🌟🌟 | 牛羊肉火锅￥107/人 | L5 | 4.4 | 点评榜单 | 杨浦区牛羊肉火锅热门榜第1名 | 糊辣椒蘸水，特色十足，酸汤开胃 | 工春斗 | 2 | 5.3折 | ￥19 | ￥9.9 | 惠 | 【贵州特饮】酸气泡饮 | 惠 | ￥47.59.5折 | ￥5050元代金券,ocr/input_videos\上海__五角场合生汇__20260824.mp4
OBS-000246,五角场合生汇,江边城外烤全鱼,江边城外烤全鱼,烤鱼,3.9,109,L5,rated,True,,rated,parsed,rating_anchor,0.9654,0.9981,44,2607,45.599,★★★★🌟 | L5 | 3.9 | 烤鱼￥109/人,江边城外烤全鱼 | 江边城外 | K | 金蒋汉解护承烤业 | ★★★★🌟 | L5 | 3.9 | 烤鱼￥109/人 | 点评榜单 | 杨浦区烤鱼销量榜第2名 | 开级超料 | 热腾腾的烤鱼配菜，服务周到细致 | ￥2588.9折 | ￥291.04招牌推荐2-3人. | 惠,ocr/input_videos\上海__五角场合生汇__20260824.mp4
OBS-000247,五角场合生汇,新太二·鲜料川菜,新太二·鲜料川菜,酸菜鱼/水煮鱼,4.4,94,L4,rated,True,,rated,parsed,rating_anchor,0.936,0.9413,54,2607,45.599,🌟🌟🌟🌟 | 4.4 | 酸菜鱼/水煮鱼￥94/人 | L4,新太二·鲜料川菜 | 鲜料 | 🌟🌟🌟🌟 | 4.4 | 酸菜鱼/水煮鱼￥94/人 | L4 | 川菜 | 点评榜单 | 杨浦区酸菜鱼/水煮鱼热门榜第1名 | 享受欢乐时光，太等你来” | 《 | 新太二 | 3.7折 | 惠 | ￥2.9 | ￥8 | 翻砂红糖冰粉 | ￥969.6折 | 惠 | ￥100100元代金券,ocr/input_videos\上海__五角场合生汇__20260824.mp4
OBS-000248,五角场合生汇,云潇潇抚仙湖石锅鱼,云潇潇抚仙湖石锅鱼,鱼火锅,4.3,69,L4,rated,True,,rated,parsed,rating_anchor,0.9644,0.9924,50,2607,45.599,🌟🌟⭐⭐ | 鱼火锅￥69/人 | 4.3 | L4,云潇潇抚仙湖石锅鱼 | 🌟🌟⭐⭐ | 鱼火锅￥69/人 | 4.3 | L4 | 点评榜单 | 杨浦区鱼火锅热门榜第3名 | 云潇潇 | 比让湿石锁 | 云南风情浓郁，煮鱼蒸汽弥漫 | “ | 3,ocr/input_videos\上海__五角场合生汇__20260824.mp4
OBS-000249,五角场合生汇,王奋斗贵州酸汤牛肉火锅,王奋斗贵州酸汤牛肉火锅,牛肉火锅,4.4,107,L5,rated,True,,rated,parsed,rating_anchor,0.9415,0.9576,48,2629,45.983,L5 | ★★★★ | 4.4牛肉火锅￥107/人 | ★,王奋斗贵州酸汤牛肉火锅 | 新品上新 | 酸爽一算 | L5 | ★★★★ | 4.4牛肉火锅￥107/人 | ★ | 点评榜单 | 杨浦区牛火锅热门榜第1名 | 中 | 糊辣椒蘸水，特色十，酸汤开胃 | 王查斗 | 5.3折 | 惠 | ￥9.9 | ￥19 | 【贵州特饮】酸角气泡饮 | ￥47.59.5折 | 惠 | ￥5050元代金券,ocr/input_videos\上海__五角场合生汇__20260824.mp4
OBS-000250,五角场合生汇,江边城外烤全鱼,江边城外烤全鱼,烤鱼,3.9,109,L5,rated,True,,rated,parsed,rating_anchor,0.9742,0.9969,51,2629,45.983,3.9烤鱼￥109/人 | 🌟🌟🌟🌟🌟 | L5,江边城外烤全鱼 | 江边城外 | 4 | 3.9烤鱼￥109/人 | 🌟🌟🌟🌟🌟 | L5 | 点评榜单 | 杨浦区烤鱼销量榜第2名 | 热腾腾的烤鱼配菜，服务周到细致 | ￥2588.9折 | ￥291.04招牌推荐2-3人.. | 惠,ocr/input_videos\上海__五角场合生汇__20260824.mp4
OBS-000251,五角场合生汇,新太二·鲜料川菜,新太二·鲜料川菜,酉,4.4,94,L4,rated,True,,rated,parsed,rating_anchor,0.9017,0.9451,51,2629,45.983,🌟🌟🌟🌟 | ★4.4酉 | 酸菜鱼/水煮鱼￥94/人 | L4,新太二·鲜料川菜 | 鲜料 | 🌟🌟🌟🌟 | ★4.4酉 | 酸菜鱼/水煮鱼￥94/人 | L4 | 川菜 | 点评榜单 | 杨浦区酸菜鱼/水煮鱼热门榜第1名 | 享受欢乐时光，太二等你来 | “ | 新太二 | ￥2.9 | 3.7折 | 惠 | ￥8翻砂红糖冰粉 | ￥969.6折 | 惠 | ￥100100元代金券,ocr/input_videos\上海__五角场合生汇__20260824.mp4
OBS-000252,五角场合生汇,云潇潇抚仙湖石锅鱼,云潇潇抚仙湖石锅鱼,鱼火锅,4.3,69,L4,rated,True,,rated,parsed,rating_anchor,0.9568,0.9912,47,2629,45.983,L4 | 鱼火锅￥69/人 | ⭐🌟⭐⭐ | 4.3 | ★,云潇潇抚仙湖石锅鱼 | L4 | 鱼火锅￥69/人 | ⭐🌟⭐⭐ | 4.3 | ★ | 点评榜单 | 杨浦区鱼火锅热门榜第3名 | 云潇潇 | 货山没台端量 | “ | 云南风情浓郁，煮鱼蒸汽弥漫 | ￥4.84折 | 惠 | ￥12 | 【云南风味】鲜奶米布 | ￥49 | 4.9折 | 惠 | ￥100100元代金券,ocr/input_videos\上海__五角场合生汇__20260824.mp4
OBS-000253,五角场合生汇,新太二·鲜料川菜,新太二·鲜料川菜,酸菜鱼/水煮鱼,4.4,94,L4,rated,True,,rated,parsed,rating_anchor,0.9464,0.9425,51,2717,47.523,🌟🌟🌟🌟 | 酸菜鱼/水煮鱼￥94/人 | 4.4 | L4,新太二·鲜料川菜 | 鲜料 | 🌟🌟🌟🌟 | 酸菜鱼/水煮鱼￥94/人 | 4.4 | L4 | 川菜 | 点评榜单 | 杨浦区酸菜鱼/水煮鱼热门榜第1名 | 享受欢乐时光，太二等你来” | “ | 新太二 | ￥2.93.7折 | 惠 | ￥8翻砂红糖冰粉 | ￥969.6折 | 惠 | ￥100100元代金券,ocr/input_videos\上海__五角场合生汇__20260824.mp4
OBS-000254,五角场合生汇,云潇潇抚仙湖石锅鱼,云潇潇抚仙湖石锅鱼,鱼火锅,4.3,69,L4,rated,True,,rated,parsed,rating_anchor,0.9659,0.9975,48,2717,47.523,🌟🌟⭐⭐ | 鱼火锅￥69/人 | L4 | 4.3,云潇潇抚仙湖石锅鱼 | 🌟🌟⭐⭐ | 鱼火锅￥69/人 | L4 | 4.3 | 点评榜单 | 杨浦区鱼火锅热门榜第3名 | 云潇潇 | 妖山装花滨 | 云南风情浓郁，煮鱼蒸汽弥漫 | ≤ | ￥4.84折 | ￥12 | 惠 | 【云南风味】鲜奶米布 | ￥49 | 4.9折 | 惠 | ￥100100元代金券,ocr/input_videos\上海__五角场合生汇__20260824.mp4
OBS-000255,五角场合生汇,呷哺呷哺小火锅,呷哺呷哺小火锅,小火锅,3.9,50,B2,rated,True,,rated,parsed,rating_anchor,0.9795,0.9962,50,2717,47.523,🌟🌟🌟🌟🌟 | B2 | 3.9小火锅￥50/人,先吃鱼后涮肉 | 呷哺呷哺小火锅 | 荔枝糊辣满口鲜 | 🌟🌟🌟🌟🌟 | B2 | 3.9小火锅￥50/人 | 荔枝果香 | 现律鱼满科小火锅 | 点评榜单 | 杨浦区小火锅销量榜第1名 | 桂花米酿新品上市，口感醇厚 | ￥62 | ￥49.9 | 8.1折 | 【主推】秋日主题一 | 惠,ocr/input_videos\上海__五角场合生汇__20260824.mp4
OBS-000256,五角场合生汇,左庭右院鲜牛肉火锅,左庭右院鲜牛肉火锅,潮汕肉火锅,4.8,,L4,rated,True,,rated,parsed,rating_anchor,0.963,0.9867,53,2717,47.523,4.8潮汕肉火锅￥141/L4,左庭右院鲜牛肉火锅 | 双 | 开象 | Oo | 有机日光 | 4.8潮汕肉火锅￥141/L4 | 番茄锅 | 点评镑单 | 杨浦区潮汕牛肉火锅口味榜第1名 | 10多效范菜 | 无限畅吃268 | 红糖糍粑和脆油条，吃的很满足 | 9 | ￥4.8 | 8折 | 鲜活虾1只（2只起点） | 惠 | ￥6 | ￥989.8折 | 惠 | ￥100100元代金券,ocr/input_videos\上海__五角场合生汇__20260824.mp4
OBS-000257,五角场合生汇,云潇潇抚仙湖石锅鱼,云潇潇抚仙湖石锅鱼,鱼火锅,4.3,69,L4,rated,True,,rated,parsed,rating_anchor,0.9716,0.9927,48,2728,47.715,⭐4.3 | L4 | 鱼火锅￥69/人,云潇潇抚仙湖石锅鱼 | ⭐4.3 | L4 | 鱼火锅￥69/人 | 点评榜单 | 杨浦区鱼火锅热门榜第3名 | 云潇潇 | 风仙温石锅 | 云南风情浓郁，煮鱼蒸汽弥漫 | “ | y | ￥4.8 | 4折 | ￥12 | 【云南风味】鲜奶米布 | 惠 | ￥49 | 惠 | 4.9折 | ￥100100元代金券,ocr/input_videos\上海__五角场合生汇__20260824.mp4
OBS-000258,五角场合生汇,呷哺呷哺小火锅,呷哺呷哺小火锅,小火锅,3.9,50,B2,rated,True,,rated,parsed,rating_anchor,0.9579,0.9969,50,2728,47.715,⭐🌟🌟🌟 | B2 | 3.9 | 小火锅￥50/人,先吃鱼后涮肉 | 呷哺呷哺小火锅 | 荔枝糊辣满口鲜 | ⭐🌟🌟🌟 | B2 | 3.9 | 小火锅￥50/人 | 第核果香 | 点评榜单 | 杨浦区小火锅销量榜第1名 | 桂花米酿新品上市，口感醇厚 | 8.1折 | ￥62 | 惠 | ￥49.9 | 【主推】秋日主题一,ocr/input_videos\上海__五角场合生汇__20260824.mp4
OBS-000259,五角场合生汇,左庭右院鲜牛肉火锅,左庭右院鲜牛肉火锅,潮汕牛肉火锅,4.8,141,L4,rated,True,,rated,parsed,rating_anchor,0.9668,0.9917,48,2728,47.715,潮汕牛肉火锅￥141/人L4 | 🌟🌟4.8,左庭右院鲜牛肉火锅 | EN | + | 有机日光 | 潮汕牛肉火锅￥141/人L4 | 🌟🌟4.8 | 番茄锅 | 点评榜单 | 杨浦区潮汕牛肉火锅口味榜第1名 | 10多款惑菜 | 无限畅吃：268 | 红糖糍粑和脆油条，吃的很满足 | 55 | ￥4.8 | 惠 | 8折 | ￥6鲜活虾1只(2只起点） | ￥989.8折 | 惠 | ￥100100元代金券,ocr/input_videos\上海__五角场合生汇__20260824.mp4
OBS-000260,五角场合生汇,眉州东坡,眉州东坡,川菜馆,4.7,94,L5,rated,True,,rated,parsed,rating_anchor,0.9361,0.9997,53,2728,47.715,4.7川菜馆￥94/人 | L5,眉州东坡 | 眉州东坡 | 4.7川菜馆￥94/人 | L5 | 一经典川菜一 | 点评榜单 | 杨浦区川菜销量榜第2名 | 沁夏见面 | 获奖宫保鸡丁，大麻鱼，跷脚肉” | 有机双豆鸡丝凉面,ocr/input_videos\上海__五角场合生汇__20260824.mp4
OBS-000261,五角场合生汇,云潇潇抚仙湖石锅鱼,云潇潇抚仙湖石锅鱼,鱼火锅,4.3,69,L4,rated,True,,rated,parsed,rating_anchor,0.9751,0.9944,50,2783,48.677,🌟🌟🎉🎉 | 鱼火锅￥69/人 | L4 | 4.3,云潇潇抚仙湖石锅鱼 | 🌟🌟🎉🎉 | 鱼火锅￥69/人 | L4 | 4.3 | 点评榜单 | 杨浦区鱼火锅热门榜第3名 | 云潇潇 | 洗山迎名 | 云南风情浓郁，煮鱼蒸汽弥漫 | “ | ￥12 | ￥4.8 | 4折 | 【云南风味】鲜奶米布 | 惠 | ￥49 | 4.9折 | 惠 | ￥100100元代金券,ocr/input_videos\上海__五角场合生汇__20260824.mp4
OBS-000262,五角场合生汇,呷哺呷哺小火锅,呷哺呷哺小火锅,小火锅,3.9,50,B2,rated,True,,rated,parsed,rating_anchor,0.9721,0.9989,51,2783,48.677,3.9小火锅￥50/人 | B2,先吃鱼后涮肉 | 呷哺呷哺小火锅 | 荔枝糊辣满口鮮 | 3.9小火锅￥50/人 | B2 | 施枝果香 | 现辣鱼满料小火锅 | 点评榜单 | 杨浦区小火锅销量榜第1名 | 桂花米酿新品上市，口感醇厚 | ￥49.9| | 8.1折 | ￥62 | 惠 | 【主推】秋日主题一….,ocr/input_videos\上海__五角场合生汇__20260824.mp4
OBS-000263,五角场合生汇,左庭右院鲜牛肉火锅,左庭右院鲜牛肉火锅,潮汕牛肉火锅,4.8,141,L4,rated,True,,rated,parsed,rating_anchor,0.9821,0.9914,48,2783,48.677,4.8潮汕牛肉火锅￥141/人 | 、L4,左庭右院鲜牛肉火锅 | 双通 | 开 | 有机日光 | 4.8潮汕牛肉火锅￥141/人 | 、L4 | 番茄锅 | 点评榜单 | 杨浦区潮汕牛肉火锅口味榜第1名 | 10多款蔬菜 | 无限畅吃268 | 红糖糍粑和脆油条，吃的很满足 | ￥4.88折 | 惠 | 鲜活虾1只 | （2只起点） | ￥6 | ￥989.8折 | 惠 | ￥100100元代金券,ocr/input_videos\上海__五角场合生汇__20260824.mp4
OBS-000264,五角场合生汇,眉州东坡,眉州东坡,川菜馆,4.7,94,L5,rated,True,,rated,parsed,rating_anchor,0.9507,0.9997,52,2783,48.677,L5 | ⭐4.7川菜馆￥94/人,眉州东坡 | 眉州东坡 | L5 | ⭐4.7川菜馆￥94/人 | 一经典川菜一 | 点评榜单 | 杨浦区川菜销量榜第2名 | 沁夏见面 | 获奖宫保鸡丁，大麻鱼，跷脚牛肉 | 有机双豆鸡丝凉面 | C | 惠 | ￥5 | 5.6折 | 老板娘冰粉 | 49 | ￥85 | 惠 | 8.5折 | ￥100100元代金券,ocr/input_videos\上海__五角场合生汇__20260824.mp4
OBS-000265,五角场合生汇,沙胆彪炭炉牛杂煲,沙胆彪炭炉牛杂煲,打边炉/港式..,4.4,95,L5,rated,True,,rated,parsed,rating_anchor,0.966,0.9991,50,2871,50.216,🌟🌟🌟 | 4.4打边炉/港式.. | ￥95/人L5,沙胆彪炭炉牛杂煲 | E9T1988 | 🌟🌟🌟 | 沙胆彪 | 4.4打边炉/港式.. | ￥95/人L5 | 炭炉牛杂煲 | 点评榜单 | 上海打边炉/港式火锅打卡人气榜第3名 | AANLUO | AU ZAAPHG | 牛杂煲和牛肉丸必试” | ￥489.6折 | 惠 | ￥5050元代金券,ocr/input_videos\上海__五角场合生汇__20260824.mp4
OBS-000266,五角场合生汇,巴奴毛肚火锅,巴奴毛肚火锅,重庆火锅,,151,L5,new_store,False,new_store,ocr_missing,parsed,metadata_anchor,0.9854,0.9991,52,2871,50.216,新店 | L5 | 重庆火锅￥151/人,巴奴毛肚火锅 | 巴奴 | 新店 | L5 | 重庆火锅￥151/人 | 毛肚火锅 | 点评榜单 | BANU HOTPOT | 杨浦区重庆火锅热门榜第1名 | 24小时营业 | 惠 | ￥29.5￥29.5 | 巴奴会员|夜宵啤酒畅饮 | ￥989.8折 | 惠 | ￥100100元代金券,ocr/input_videos\上海__五角场合生汇__20260824.mp4
OBS-000267,五角场合生汇,盖饭邦·长沙菜馆,盖饭邦·长沙菜馆,湘菜,4.3,64,B1,rated,True,,rated,parsed,rating_anchor,0.9726,0.9884,48,2871,50.216,B1 | 4.3湘菜￥64/人 | 🌟🌟⭐ | ★,盖饭邦·长沙菜馆 | 盖饭邦” | B1 | 4.3湘菜￥64/人 | 🌟🌟⭐ | ★ | 湘菜排队王 | 鲜切现炒拒绝预制 | 点评榜单 | 杨浦区湘菜打卡人气榜第4名 | 霸榜人气湘菜馆 | 长沙盖饭帮，湘菜香辣过瘾 | F | ￥49.97.5折 | ￥66.8 | 【必点】小炒黄牛. | 惠 | ￥999.9折 | 惠 | ￥100100元代金券,ocr/input_videos\上海__五角场合生汇__20260824.mp4
OBS-000268,五角场合生汇,FAT PHO大發越南粉,FATPHO大发越南粉,越南菜,4.3,73,L3,rated,True,,rated,parsed,rating_anchor,0.9506,0.9675,48,2871,50.216,4.3越南菜￥73/人 | L3,FAT PHO大發越南粉 | 大發越南粉 | FAT PHO | 4.3越南菜￥73/人 | L3,ocr/input_videos\上海__五角场合生汇__20260824.mp4
OBS-000269,五角场合生汇,眉州东坡,眉州东坡,川菜馆,4.7,94,L5,rated,True,,rated,parsed,rating_anchor,0.9646,0.9668,56,2893,50.601,L5 | 🌟🌟🌟⭐🌟 | 4.7川菜馆￥94/人,眉州东坡 | 眉州东坡 | L5 | 🌟🌟🌟⭐🌟 | 4.7川菜馆￥94/人 | 一经典川菜一 | 点评榜单 | 杨浦区川菜销量榜第2名 | 沁夏见面 | 获奖宫保鸡丁，大麻鱼，跷脚牛肉 | 有机双豆鸡丝凉面 | 1 | 惠 | ￥5 | 5.6折 | 老板娘冰粉 | ￥9 | ￥85 | 8.5折 | 惠 | ￥100100元代金券,ocr/input_videos\上海__五角场合生汇__20260824.mp4
OBS-000270,五角场合生汇,沙胆彪炭炉牛杂煲,沙胆彪炭炉牛杂煲,打边炉/港式....,4.4,95,L5,rated,True,,rated,parsed,rating_anchor,0.9254,0.9995,48,2893,50.601,🌟🌟🌟🌟 | ￥95/人L5 | 4.4 | 打边炉/港式.... | ★,沙胆彪炭炉牛杂煲 | 🌟🌟🌟🌟 | 沙胆彪 | ￥95/人L5 | 4.4 | 打边炉/港式.... | ★ | 炭炉牛杂煲 | 点评榜单 | 上海打边炉/港式火锅打卡人气榜第3名 | AAN LUO | NGAUZAAPRO | 牛杂煲和牛肉丸必试” | ￥489.6折 | 惠 | ￥50 | 50元代金券,ocr/input_videos\上海__五角场合生汇__20260824.mp4
OBS-000271,五角场合生汇,巴奴毛肚火锅,巴奴毛肚火锅,重庆火锅,,151,L5,new_store,False,new_store,ocr_missing,parsed,metadata_anchor,0.9778,0.9984,53,2893,50.601,新店 | L5 | 重庆火锅￥151/人,巴奴毛肚火锅 | 巴奴 | 新店 | L5 | 重庆火锅￥151/人 | 毛肚火锅 | 点评榜单 | 杨浦区重庆火锅热门榜第1名 | BANU HOTPOT | 24小时营业 | 惠 | ￥29.5￥29.5 | 巴奴会员|夜宵啤酒畅饮 | ￥989.8折 | 惠 | ￥100100元代金券,ocr/input_videos\上海__五角场合生汇__20260824.mp4
OBS-000272,五角场合生汇,盖饭邦·长沙菜馆,盖饭邦·长沙菜馆,湘菜,4.3,64,B1,rated,True,,rated,parsed,rating_anchor,0.9549,0.9917,54,2893,50.601,B1 | 湘菜￥64/人 | 🌟🌟🌟 | 4.3,盖饭邦·长沙菜馆 | 盖饭邦` | B1 | 湘菜￥64/人 | 🌟🌟🌟 | 4.3 | 湘菜排队王 | 鲜切现炒拒绝预制 | 点评镑单 | 杨浦区湘菜打卡人气榜第4名 | 霸榜人气湘菜馆 | 长沙盖饭帮，湘菜香辣过瘾 | 5 | 惠 | ￥49.97.5折 | ￥66.8 | 【必点】小炒黄牛 | ￥999.9折 | 惠 | ￥100100元代金券,ocr/input_videos\上海__五角场合生汇__20260824.mp4
OBS-000273,五角场合生汇,眉州东坡,眉州东坡,川菜馆,4.7,94,L5,rated,True,,rated,parsed,rating_anchor,0.9793,0.9995,53,2904,50.793,🌟🌟🌟🌟🌟 | L5 | 4.7川菜馆￥94/人,眉州东坡 | 眉州东坡 | 🌟🌟🌟🌟🌟 | L5 | 4.7川菜馆￥94/人 | 一经典川菜一 | 点评榜单 | 杨浦区川菜销量榜第2名 | 沁夏见面 | 获奖宫保鸡丁，大麻鱼，跷脚牛肉 | 有机双豆鸡丝凉面 | 5.6折 | ￥5 | 惠 | 老板娘冰粉 | ￥9 | ￥85 | 8.5折 | 惠 | ￥100100元代金券,ocr/input_videos\上海__五角场合生汇__20260824.mp4
OBS-000274,五角场合生汇,沙胆彪炭炉牛杂煲,沙胆彪炭炉牛杂煲,打边炉/港式..,4.4,95,L5,rated,True,,rated,parsed,rating_anchor,0.9563,0.9993,48,2904,50.793,🌟🌟⭐⭐ | ￥95/人L5 | 4.4打边炉/港式.. | ★,沙胆彪炭炉牛杂煲 | 1E911482 | 🌟🌟⭐⭐ | ￥95/人L5 | 沙胆彪 | 4.4打边炉/港式.. | ★ | 炭炉牛杂煲 | 点评榜单 | 上海打边炉/港式火锅打卡人气榜第3名 | TAANLUO | *NGAU ZAAP BOG | 牛杂煲和牛肉丸必试 | ￥489.6折 | ￥5050元代金券 | 惠,ocr/input_videos\上海__五角场合生汇__20260824.mp4
OBS-000275,五角场合生汇,巴奴毛肚火锅,巴奴毛肚火锅,重庆火锅,,151,L5,new_store,False,new_store,ocr_missing,parsed,metadata_anchor,0.9894,0.9991,53,2904,50.793,新店 | L5 | 重庆火锅￥151/人,巴奴毛肚火锅 | 巴奴 | 新店 | L5 | 重庆火锅￥151/人 | 毛肚火锅 | 点评榜单 | BANU HOTPOT | 杨浦区重庆火锅热门榜第1名 | 24小时营业 | 惠 | ￥29.5￥29.5 | 巴奴会员|夜宵啤酒畅饮 | 惠 | ￥989.8折 | ￥100100元代金券,ocr/input_videos\上海__五角场合生汇__20260824.mp4
OBS-000276,五角场合生汇,盖饭邦·长沙菜馆,盖饭邦·长沙菜馆,湘菜,4.3,64,B1,rated,True,,rated,parsed,rating_anchor,0.9728,0.9867,47,2904,50.793,🌟🌟🌟⭐ | B1 | 4.3湘菜￥64/人 | ★,盖饭邦·长沙菜馆 | 盖饭邦* | 🌟🌟🌟⭐ | B1 | 4.3湘菜￥64/人 | ★ | 湘菜排队王 | 鲜切现炒拒绝预制 | 点评榜单 | 杨浦区湘菜打卡人气榜第4名 | 霸榜人气湘菜馆 | “长沙盖饭帮，湘菜香辣过瘾 | 53 | ￥66.8 | ￥49.9 | 7.5折 | 【必点】小炒黄牛. | 惠 | ￥999.9折 | 惠 | ￥100100元代金券,ocr/input_videos\上海__五角场合生汇__20260824.mp4
OBS-000277,五角场合生汇,沙胆彪炭炉牛杂煲,沙胆彪炭炉牛杂煲,打边炉/港式...,4.4,95,L5,rated,True,,rated,parsed,rating_anchor,0.9609,0.9979,53,2959,51.755,🌟🌟🌟🌟 | 4.4打边炉/港式... | ￥95/人L5,沙胆彪炭炉牛杂煲 | 🌟🌟🌟🌟 | 4.4打边炉/港式... | ￥95/人L5 | 沙胆彪 | 炭炉牛杂煲 | 点评榜单 | 上海打边炉/港式火锅打卡人气榜第3名 | ANLUO | *NGIUZAAP BOC | 牛杂煲和牛肉丸必试” | ￥489.6折 | ￥5050元代金券 | 惠,ocr/input_videos\上海__五角场合生汇__20260824.mp4
OBS-000278,五角场合生汇,巴奴毛肚火锅,巴奴毛肚火锅,重庆火锅,,151,L5,new_store,False,new_store,ocr_missing,parsed,metadata_anchor,0.9716,0.9973,51,2959,51.755,新店 | L5 | 重庆火锅￥151/人,巴奴毛肚火锅 | 巴奴 | 新店 | L5 | 重庆火锅￥151/人 | 毛肚火锅 | 点评榜单 | BANU HOTPOT | 杨浦区重庆火锅热门榜第1名 | 24小时营业 | ￥29.5￥29.5巴奴会员1夜宵啤酒畅饮 | 惠 | ￥989.8折 | 惠 | ￥100100元代金券,ocr/input_videos\上海__五角场合生汇__20260824.mp4
OBS-000279,五角场合生汇,盖饭邦·长沙菜馆,盖饭邦·长沙菜馆,湘菜,4.3,64,B1,rated,True,,rated,parsed,rating_anchor,0.9741,0.9921,50,2959,51.755,B1 | ⭐🌟🌟⭐ | 4.3湘菜￥64/人 | ★,盖饭邦·长沙菜馆 | 盖饭邦' | B1 | ⭐🌟🌟⭐ | 4.3湘菜￥64/人 | 湘菜排队王 | ★ | 鲜切现炒拒绝预制 | 点评榜单 | 杨浦区湘菜打卡人气榜第4名 | 霸榜人气湘菜馆 | 长沙盖饭帮，湘菜香辣过瘾 | 57 | 7.5折 | ￥66.8 | ￥49.9 | 惠 | 【必点】小炒黄牛 | ￥99 | 惠 | 9.9折 | ￥100100元代金券,ocr/input_videos\上海__五角场合生汇__20260824.mp4
OBS-000280,五角场合生汇,FATPHO大發越南粉,FATPHO大发越南粉,越南菜,4.3,73,L3,rated,True,,rated,parsed,rating_anchor,0.9766,0.9891,47,2959,51.755,L3 | 🌟🌟🌟🌟 | 越南菜￥73/人 | 4.3,FATPHO大發越南粉 | 大發越南粉 | FAT PHO | L3 | 🌟🌟🌟🌟 | 越南菜￥73/人 | 4.3 | 点评榜单 | SAa | 杨浦区东南亚菜好评榜第5名 | 优质服务，环境明亮舒适 | 3 | ￥788.3折 | 惠 | ￥94 | 【薄荷入夏】大發必点...,ocr/input_videos\上海__五角场合生汇__20260824.mp4
OBS-000281,五角场合生汇,沙胆彪炭炉牛杂煲,沙胆彪炭炉牛杂煲,打边炉/港式...,4.4,95,L5,rated,True,,rated,parsed,rating_anchor,0.9631,0.9997,51,3014,52.717,🌟🌟🌟⭐ | ￥95/人L5 | 4.4打边炉/港式... | ￥,沙胆彪炭炉牛杂煲 | 🌟🌟🌟⭐ | ￥95/人L5 | 沙胆彪 | 4.4打边炉/港式... | ￥ | 炭炉牛杂煲 | 点评榜单 | 上海打边炉/港式火锅打卡人气榜第3名 | AANLUO | GIU ZAAP BOU | 牛杂煲和牛肉丸必试 | ￥489.6折 | ￥5050元代金券 | 惠,ocr/input_videos\上海__五角场合生汇__20260824.mp4
OBS-000282,五角场合生汇,巴奴毛肚火锅,巴奴毛肚火锅,重庆火锅,,151,L5,new_store,False,new_store,ocr_missing,parsed,metadata_anchor,0.9818,0.9977,52,3014,52.717,新店 | L5 | 重庆火锅￥151/人,巴奴毛肚火锅 | 巴奴 | 新店 | L5 | 重庆火锅￥151/人 | 毛肚火锅 | 点评榜单 | 杨浦区重庆火锅热门榜第1名 | BANU HOTPOT | 24小时营业 | ￥29.5￥29.5 | 惠 | 巴奴会员一夜宵啤酒畅饮 | ￥989.8折 | 惠 | ￥100100元代金券,ocr/input_videos\上海__五角场合生汇__20260824.mp4
OBS-000283,五角场合生汇,盖饭邦·长沙菜馆,盖饭邦·长沙菜馆,湘菜,4.3,64,B1,rated,True,,rated,parsed,rating_anchor,0.9702,0.9919,51,3014,52.717,🌟🌟🌟🌟⭐ | B1 | 4.3湘菜￥64/人,盖饭邦·长沙菜馆 | 盖饭邦' | 🌟🌟🌟🌟⭐ | B1 | 4.3湘菜￥64/人 | 湘菜排队王 | 鲜切现炒拒绝预制 | 点评榜单 | 杨浦区湘菜打卡人气榜第4名 | 霸榜人气湘菜馆 | 长沙盖饭帮，湘菜香辣过瘾 | ￥49.9 | 7.5折 | ￥66.8 | 惠 | 【必点】小炒黄牛.. | ￥99 | 9.9折 | 惠 | ￥100100元代金券,ocr/input_videos\上海__五角场合生汇__20260824.mp4
OBS-000284,五角场合生汇,FATPHO大發越南粉,FATPHO大发越南粉,越南菜,4.3,73,L3,rated,True,,rated,parsed,rating_anchor,0.9814,0.9924,48,3014,52.717,🌟🌟⭐⭐ | L3 | 4.3越南菜￥73/人 | ★,FATPHO大發越南粉 | 大發越南粉 | FAT PHO | 🌟🌟⭐⭐ | L3 | 4.3越南菜￥73/人 | ★ | 点评榜单 | 杨浦区东南亚菜好评榜第5名 | 05 | 优质服务，环境明亮舒适 | ￥788.3折 | ￥94 | 惠 | 【薄荷入夏】大發必点..,ocr/input_videos\上海__五角场合生汇__20260824.mp4
OBS-000285,五角场合生汇,沙胆彪炭炉牛杂煲,沙胆彪炭炉牛杂煲,打边炉/港式...,4.4,95,L5,rated,True,,rated,parsed,rating_anchor,0.964,0.9994,48,3036,53.102,🌟🌟🌟⭐ | ￥95/人L5 | 4.4打边炉/港式... | ￥,沙胆彪炭炉牛杂煲 | 🌟🌟🌟⭐ | ￥95/人L5 | 沙胆彪 | 4.4打边炉/港式... | ￥ | 炭炉牛杂煲 | 点评榜单 | 上海打边炉/港式火锅打卡人气榜第3名 | AANLUO | NGIU ZAAPBOU | 牛杂煲和牛肉丸必试 | ￥489.6折 | ￥5050元代金券 | 惠,ocr/input_videos\上海__五角场合生汇__20260824.mp4
OBS-000286,五角场合生汇,巴奴毛肚火锅,巴奴毛肚火锅,重庆火锅,,151,L5,new_store,False,new_store,ocr_missing,parsed,metadata_anchor,0.9867,0.9993,51,3036,53.102,新店 | L5 | 重庆火锅￥151/人,巴奴毛肚火锅 | 巴奴 | 新店 | L5 | 重庆火锅￥151/人 | 毛肚火锅 | 点评榜单 | 杨浦区重庆火锅热门榜第1名 | BANU HOTPOT | 24小时营业 | ￥29.5￥29.5 | 惠 | 巴奴会员|夜宵啤酒畅饮 | ￥989.8折 | 惠 | ￥100100元代金券,ocr/input_videos\上海__五角场合生汇__20260824.mp4
OBS-000287,五角场合生汇,盖饭邦·长沙菜馆,盖饭邦·长沙菜馆,湘菜,4.3,64,B1,rated,True,,rated,parsed,rating_anchor,0.9724,0.991,51,3036,53.102,🌟🌟🌟🌟⭐ | B1 | 4.3湘菜￥64/人,盖饭邦·长沙菜馆 | 盖饭邦' | 🌟🌟🌟🌟⭐ | B1 | 4.3湘菜￥64/人 | 湘菜排队王 | 鲜切现炒拒绝预制 | 点评榜单 | 杨浦区湘菜打卡人气榜第4名 | 霸榜人气湘菜馆 | 长沙盖饭帮，湘菜香辣过瘾 | ￥49.9 | 7.5折 | ￥66.8 | 惠 | 【必点】小炒黄牛.. | ￥99 | 9.9折 | 惠 | ￥100100元代金券,ocr/input_videos\上海__五角场合生汇__20260824.mp4
OBS-000288,五角场合生汇,FATPHO大發越南粉,FATPHO大发越南粉,越南菜,4.3,73,L3,rated,True,,rated,parsed,rating_anchor,0.9795,0.9878,48,3036,53.102,L3 | 🌟🌟⭐⭐ | 越南菜￥73/人 | 4.3 | ★,FATPHO大發越南粉 | 大發越南粉 | FAT PHO | L3 | 🌟🌟⭐⭐ | 越南菜￥73/人 | 4.3 | ★ | 点评榜单 | 杨浦区东南亚菜好评榜第5名 | 05 | 优质服务，环境明亮舒适 | ￥788.3折 | 惠 | ￥94 | 【薄荷入夏】大發必点..,ocr/input_videos\上海__五角场合生汇__20260824.mp4
OBS-000289,五角场合生汇,巴奴毛肚火锅,巴奴毛肚火锅,重庆火锅,,151,L5,new_store,False,new_store,ocr_missing,parsed,metadata_anchor,0.9678,0.9986,54,3080,53.872,新店 | L5 | 重庆火锅￥151/人,巴奴毛肚火锅 | 巴奴 | 新店 | L5 | 重庆火锅￥151/人 | 毛肚火锅 | 点评榜单 | 杨浦区重庆火锅热门榜第1名 | BANU HOTPOT | 24小时营业 | ￥29.5￥29.5日 | 惠 | 巴奴会员|夜宵啤酒畅饮 | ￥989.8折 | 惠 | ￥100100元代金券,ocr/input_videos\上海__五角场合生汇__20260824.mp4
OBS-000290,五角场合生汇,盖饭邦·长沙菜馆,盖饭邦·长沙菜馆,湘菜,4.3,64,B1,rated,True,,rated,parsed,rating_anchor,0.9718,0.991,51,3080,53.872,B1 | 🌟🌟🌟🌟 | 4.3湘菜￥64/人,盖饭邦·长沙菜馆 | 盖饭邦` | B1 | 🌟🌟🌟🌟 | 4.3湘菜￥64/人 | 湘菜排队王 | 鲜切现炒拒绝预制 | 点评镑单 | 杨浦区湘菜打卡人气榜第4名 | “长沙盖饭帮，湘菜香辣过瘾 | 霸榜人气湘菜馆 | 5 | ￥49.97.5折 | ￥66.8 | 惠 | 【必点】小炒黄牛 | ￥999.9折 | 惠 | ￥100100元代金券,ocr/input_videos\上海__五角场合生汇__20260824.mp4
OBS-000291,五角场合生汇,FATPHO大發越南粉,FATPHO大发越南粉,越南菜,4.3,73,L3,rated,True,,rated,parsed,rating_anchor,0.9754,0.9886,50,3080,53.872,🌟🌟🌟⭐ | L3 | 越南菜￥73/人 | 4.3,FATPHO大發越南粉 | 大發越南粉 | FAT PHO | 🌟🌟🌟⭐ | L3 | 越南菜￥73/人 | 4.3 | 点评榜单 | 杨浦区东南亚菜好评榜第5名 | SA | 优质服务，环境明亮舒适 | ￥788.3折 | ￥94 | 惠 | 【薄荷入夏】大發必点...,ocr/input_videos\上海__五角场合生汇__20260824.mp4
OBS-000292,五角场合生汇,胡厨·超级小炒肉,胡厨·超级小炒肉,湘菜,4.2,58,B2,rated,True,,rated,parsed,rating_anchor,0.9324,0.9001,51,3080,53.872,🌟🌟⭐⭐ | 4.2湘菜￥58/人 | B2,胡厨·超级小炒肉 | Q橱 | 🌟🌟⭐⭐ | 4.2湘菜￥58/人 | B2 | 超级好食材 | 新鲜不隔夜 | 点评榜单 | 五角场/大学路湘菜销量榜第4名 | 鲜嫩肉，性价比之王，现点现炒 | ￥587.4折 | ￥78.7 | 惠 | 甄选单.... | 【雪碧晚市】,ocr/input_videos\上海__五角场合生汇__20260824.mp4
OBS-000293,五角场合生汇,FATPHO大發越南粉,FATPHO大发越南粉,越南菜,4.3,73,L3,rated,True,,rated,parsed,rating_anchor,0.9782,0.9907,50,3124,54.641,🌟🌟⭐⭐ | L3 | 越南菜￥73/人 | 4.3,FATPHO大發越南粉 | 大發越南粉 | FAT PHO | 🌟🌟⭐⭐ | L3 | 越南菜￥73/人 | 4.3 | 点评榜单 | 50105 | 杨浦区东南亚菜好评榜第5名 | 优质服务，环境明亮舒适 | “ | 33 | ￥788.3折 | 惠 | ￥94 | 【薄荷入夏】大發必点.,ocr/input_videos\上海__五角场合生汇__20260824.mp4
OBS-000294,五角场合生汇,胡子大厨·超级小炒肉,胡子大厨·超级小炒肉,湘菜,4.2,58,B2,rated,True,,rated,parsed,rating_anchor,0.9548,0.9406,54,3124,54.641,B2 | 🌟🌟⭐⭐ | 4.2湘菜￥58/人,胡子大厨·超级小炒肉 | 三 | B2 | 🌟🌟⭐⭐ | 4.2湘菜￥58/人 | 夜 | 2 | 点评榜单 | 五角场/大学路湘菜销量榜第4名 | 鲜嫩肉，性价比之王，现点现炒 | C | ￥78.7 | ￥587.4折 | 惠 | 【雪碧晚市】甄选单..,ocr/input_videos\上海__五角场合生汇__20260824.mp4
OBS-000295,五角场合生汇,茶米有言,茶米有言,茶饮果汁,4.0,17,L4,rated,True,,rated,parsed,rating_anchor,0.9766,0.9961,57,3124,54.641,★🌟🌟⭐ | L4 | 4.0茶饮果汁￥17/人 | ★,茶米有言 | ★🌟🌟⭐ | L4 | 4.0茶饮果汁￥17/人 | ★ | 点评榜单 | 杨浦区饮品销量榜第3名 | 浓巧可可上新 | 咸甜交融，冰热双体验 | 55 | 惠￥158.9折 | ￥17 | 【招牌必喝】鲜米豆花..,ocr/input_videos\上海__五角场合生汇__20260824.mp4
OBS-000296,五角场合生汇,阿元来了,阿元来了,台湾菜,3.9,43,B2,rated,True,,rated,parsed,rating_anchor,0.9732,0.9996,57,3124,54.641,B2 | ★★★★★ | 台湾菜￥43/人 | 3.9,阿元来了 | 阿元子 | 蝉联六年米其林 | B2 | ★★★★★ | 台湾菜￥43/人 | 3.9 | 点评榜单 | 杨浦区台湾菜销量榜第1名 | ￥9.96.6折 | 惠 | ￥15古早味茉莉珍珠奶茶 | ￥489.6折 | 惠 | ￥5050元代金券,ocr/input_videos\上海__五角场合生汇__20260824.mp4
OBS-000297,五角场合生汇,蛙来哒超级夜市,蛙来哒超级夜市,湘菜,1.5,85,,rated,True,,rated,parsed,rating_anchor,0.939,0.9983,51,3124,54.641,44湘菜￥85/人 | 1.5,蛙来哒超级夜市 | 爱在此刻 | 口鲜嫩 | 44湘菜￥85/人 | 1.5,ocr/input_videos\上海__五角场合生汇__20260824.mp4
OBS-000298,五角场合生汇,FAT PHO大發越南粉,FATPHO大发越南粉,越南菜,4.3,73,L3,rated,True,,rated,parsed,rating_anchor,0.9648,0.9611,47,3135,54.834,L3 | 🌟🌟⭐🌟 | 越南菜￥73/人 | 4.3,FAT PHO大發越南粉 | 大發越南粉 | FAT PHO | L3 | 🌟🌟⭐🌟 | 越南菜￥73/人 | 4.3 | 点评榜单 | 杨浦区东南亚菜好评榜第5名 | SASaR | 优质服务，环境明亮舒适 | 37 | ￥788.3折 | ￥94 | 惠 | 【薄荷入夏】大發必点.,ocr/input_videos\上海__五角场合生汇__20260824.mp4
OBS-000299,五角场合生汇,胡子大厨·超级小炒肉,胡子大厨·超级小炒肉,湘菜,4.2,58,B2,rated,True,,rated,parsed,rating_anchor,0.9643,0.9882,53,3135,54.834,🌟🌟🌟🌟 | B2 | 湘菜￥58/人 | 4.2 | ★,胡子大厨·超级小炒肉 | 宜 | 🌟🌟🌟🌟 | B2 | 湘菜￥58/人 | 4.2 | ★ | 新鲜不隔夜 | 超級好食材 | 点评榜单 | 五角场/大学路湘菜销量榜第4名 | 鲜嫩肉片，性价比之王，现点现炒 | ￥587.4折 | ￥78.7 | 惠 | 【雪碧晚市】 | 甄选单....,ocr/input_videos\上海__五角场合生汇__20260824.mp4
OBS-000300,五角场合生汇,茶米有言,茶米有言,茶饮果汁,4.0,17,L4,rated,True,,rated,parsed,rating_anchor,0.9744,0.9958,56,3135,54.834,🌟🌟⭐🌟 | L4 | 茶饮果汁￥17/人 | 4.0 | ★,茶米有言 | 🌟🌟⭐🌟 | L4 | 茶饮果汁￥17/人 | 4.0 | ★ | 点评榜单 | 杨浦区饮品销量榜第3名 | 浓巧可可上新 | 咸甜交融，冰热双体验 | ≤ | ￥17 | 8.9折 | ￥15 | 【招牌必喝】鲜米豆花. | 惠,ocr/input_videos\上海__五角场合生汇__20260824.mp4
OBS-000301,五角场合生汇,阿元来了,阿元来了,台湾菜,3.9,43,B2,rated,True,,rated,parsed,rating_anchor,0.9815,0.9998,53,3135,54.834,🌟🌟🌟🌟 | B2 | 台湾菜￥43/人 | 3.9,阿元来了 | 阿元秉了 | 蝉联六年米其林 | 🌟🌟🌟🌟 | B2 | 台湾菜￥43/人 | 3.9 | 点评榜单 | 杨浦区台湾菜销量榜第1名 | ￥9.9 | 6.6折 | 惠 | ￥15 | 古早味茉莉珍珠奶茶 | ￥489.6折 | ￥5050元代金券 | 惠,ocr/input_videos\上海__五角场合生汇__20260824.mp4
OBS-000302,五角场合生汇,蛙来哒超级夜市,蛙来哒超级夜市,湘菜,4.4,85,,rated,True,,rated,parsed,rating_anchor,0.9939,0.9961,48,3135,54.834,15 | 4.4湘菜 | ￥85/人,蛙来哒超级夜市 | (爱在此刻 | 一口鲜嫩 | 15 | 4.4湘菜 | ￥85/人,ocr/input_videos\上海__五角场合生汇__20260824.mp4
OBS-000303,五角场合生汇,FAT PHO大發越南粉,FATPHO大发越南粉,越南菜,4.3,73,L3,rated,True,,rated,parsed,rating_anchor,0.9577,0.9488,53,3179,55.603,L3 | ⭐🌟⭐🌈 | 越南菜￥73/人 | 4.3,FAT PHO大發越南粉 | 大越南粉 | FAT PHO | L3 | ⭐🌟⭐🌈 | 越南菜￥73/人 | 4.3 | 点评榜单 | 杨浦区东南亚菜好评榜第5名 | 白面海酒 | 优质服务，环境明亮舒适 | 51 | ￥788.3折 | ￥94 | 惠 | 【薄荷入夏】大發必点.,ocr/input_videos\上海__五角场合生汇__20260824.mp4
OBS-000304,五角场合生汇,胡子大厨·超级小炒肉,胡子大厨·超级小炒肉,湘菜,4.2,58,B2,rated,True,,rated,parsed,rating_anchor,0.9794,0.99,53,3179,55.603,B2 | 4.2湘菜￥58/人 | ⭐🌟⭐🌟,胡子大厨·超级小炒肉 | 宜棚 | B2 | 4.2湘菜￥58/人 | ⭐🌟⭐🌟 | 点评榜单 | 五角场/大学路湘菜销量榜第4名 | 鲜嫩肉片，性价比之王，现点现炒 | 3 | ￥58 | ￥78.7 | 7.4折 | 惠 | 【雪碧晚市】甄选单...,ocr/input_videos\上海__五角场合生汇__20260824.mp4
OBS-000305,五角场合生汇,茶米有言,茶米有言,茶饮果汁,4.0,17,L4,rated,True,,rated,parsed,rating_anchor,0.981,0.9947,56,3179,55.603,🌟🌟🌟🌟 | L4 | 4.0茶饮果汁￥17/人 | ★,茶米有言 | 东 | 🌟🌟🌟🌟 | L4 | 4.0茶饮果汁￥17/人 | ★ | 点评榜单 | 杨浦区饮品销量榜第3名 | 浓巧可可上新 | 咸甜交融，冰热双体验 | “ | 2 | ￥17 | ￥158.9折 | 【招牌必喝】鲜米豆花... | 惠,ocr/input_videos\上海__五角场合生汇__20260824.mp4
OBS-000306,五角场合生汇,阿元来了,阿元来了,台湾菜,3.9,43,B2,rated,True,,rated,parsed,rating_anchor,0.9783,0.9995,53,3179,55.603,⭐🌟🌟⭐3.9 | 台湾菜￥43/人 | B2,阿元来了 | 阿元秉了 | 蝉联六年米其林 | ⭐🌟🌟⭐3.9 | 台湾菜￥43/人 | B2 | 点评榜单 | 杨浦区台湾菜销量榜第1名 | ￥9.9 | 6.6折 | 惠 | ￥15古早味茉莉珍珠奶茶 | ￥489.6折 | 惠 | ￥5050元代金券,ocr/input_videos\上海__五角场合生汇__20260824.mp4
OBS-000307,五角场合生汇,蛙来哒超级夜市,蛙来哒超级夜市,湘菜,4.4,85,L5,rated,True,,rated,parsed,rating_anchor,0.9821,0.9983,51,3179,55.603,L5 | 🌟🌟⭐🌟 | 4.4湘菜￥85/人,蛙来哒超级夜市 | (爱在此刻 | 一口鮮嫩 | L5 | 🌟🌟⭐🌟 | 4.4湘菜￥85/人,ocr/input_videos\上海__五角场合生汇__20260824.mp4
OBS-000308,五角场合生汇,阿元来了,阿元来了,台湾菜,3.9,43,B2,rated,True,,rated,parsed,rating_anchor,0.9797,0.9995,56,3245,56.758,B2 | 🌟🌟⭐🌟⭐3.9 | 台湾菜￥43/人,阿元来了 | 阿元乘了 | 蝉联六年米其林 | B2 | 🌟🌟⭐🌟⭐3.9 | 台湾菜￥43/人 | 点评榜单 | 杨浦区台湾菜销量榜第1名 | ￥9.9 | 6.6折 | 惠 | ￥15古早味茉莉珍珠奶茶 | ￥489.6折 | 惠 | ￥5050元代金券,ocr/input_videos\上海__五角场合生汇__20260824.mp4
OBS-000309,五角场合生汇,蛙来哒超级夜市,蛙来哒超级夜市,湘菜,4.4,85,L5,rated,True,,rated,parsed,rating_anchor,0.9664,0.9975,50,3245,56.758,🌟🌟🌟🌟 | L5 | 4.4湘菜￥85/人,蛙来哒超级夜市 | (爱在此刻 | 一口鲜嫩 | 🌟🌟🌟🌟 | L5 | 4.4湘菜￥85/人 | 点评榜单 | 杨浦区湘菜好评榜第4名 | （哇来哒） | 服务周到，蛙来哒口味绝佳 | ￥13 | ￥9.97.7折 | 惠 | 【解辣最佳拍档】冰.. | ￥979.7折 | ￥100 | 惠 | 【结账店员确认】10...,ocr/input_videos\上海__五角场合生汇__20260824.mp4
OBS-000310,五角场合生汇,荣先森·福建小馆,荣先森·福建小馆,福建菜,4.4,85,L5,rated,True,,rated,parsed,rating_anchor,0.9677,0.9859,51,3245,56.758,4.4福建菜￥85/人 | L5,荣先森·福建小馆 | 翡翠二 | 胖级 | 4.4福建菜￥85/人 | L5 | 点评榜单 | 杨浦区福建菜热门榜第1名 | 福建菜清淡可口，鱼汤奶白下饭 | ￥2228.4折 | ￥266 | 惠 | 【地道闽味】2选1.. | ￥989.8折 | 惠 | ￥100100元代金券,ocr/input_videos\上海__五角场合生汇__20260824.mp4
OBS-000311,五角场合生汇,KCOOKING概念韩餐,KCOOKING概念韩餐,韩式料理,4.2,110,L4,rated,True,,rated,parsed,rating_anchor,0.983,0.9968,50,3245,56.758,🌟🌟⭐⭐ | 4.2韩式料理￥110/人 | L4,KCOOKING概念韩餐 | 🌟🌟⭐⭐ | 4.2韩式料理￥110/人 | L4 | 点评榜单 | 杨浦区韩式料理热门榜第1名,ocr/input_videos\上海__五角场合生汇__20260824.mp4
OBS-000312,五角场合生汇,阿元来了,阿元来了,台湾菜,3.9,43,B2,rated,True,,rated,parsed,rating_anchor,0.9802,0.9994,59,3267,57.143,B2 | 🌟🌟🌟💥★ | 台湾菜￥43/人 | 3.9,阿元来了 | 阿元子 | 蝉联六年米其林 | B2 | 🌟🌟🌟💥★ | 台湾菜￥43/人 | 3.9 | 00000o | 点评榜单 | 杨浦区台湾菜销量榜第1名 | ￥9.96.6折 | 惠 | ￥15古早味茉莉珍珠奶茶 | ￥489.6折 | 惠 | ￥5050元代金券,ocr/input_videos\上海__五角场合生汇__20260824.mp4
OBS-000313,五角场合生汇,蛙来哒超级夜市,蛙来哒超级夜市,湘菜,4.4,85,L5,rated,True,,rated,parsed,rating_anchor,0.9796,0.9985,51,3267,57.143,🌟🌟🌟⭐ | L5 | 4.4湘菜￥85/人 | ★,蛙来哒超级夜市 | 爱在此刻 | 一口鲜嫩 | 🌟🌟🌟⭐ | L5 | 4.4湘菜￥85/人 | ★ | + | 点评榜单 | 杨浦区湘菜好评榜第4名 | （唯来） | 服务周到，蛙来哒口味绝佳 | 7.7折 | ￥9.9 | ￥13 | 【解辣最佳拍档】冰.. | 惠 | ￥979.7折 | ￥100 | 惠 | 【结账店员确认】10...,ocr/input_videos\上海__五角场合生汇__20260824.mp4
OBS-000314,五角场合生汇,荣先森·福建小馆,荣先森·福建小馆,福建菜,4.4,85,L5,rated,True,,rated,parsed,rating_anchor,0.9747,0.9767,54,3267,57.143,L5 | 🌟🌟⭐⭐ | 4.4福建菜￥85/人,荣先森·福建小馆 | 翡翠二 | 胖丝 | L5 | 🌟🌟⭐⭐ | 4.4福建菜￥85/人 | 点评榜单 | 杨浦区福建菜热门榜第1名 | 条免卖 | 福建菜清淡可口，鱼汤奶白下饭 | 3 | “ | ￥2228.4折 | 【地道闽味】2选1.. | 惠 | ￥266 | ￥989.8折 | 惠 | ￥100100元代金券,ocr/input_videos\上海__五角场合生汇__20260824.mp4
OBS-000315,五角场合生汇,KCOOKING概念韩餐,KCOOKING概念韩餐,韩式料理,4.2,110,L4,rated,True,,rated,parsed,rating_anchor,0.9809,0.9919,51,3267,57.143,🌟🌟⭐🎉 | L4 | 4.2 | 韩式料理￥110/人 | 4,KCOOKING概念韩餐 | 🌟🌟⭐🎉 | L4 | 4.2 | 韩式料理￥110/人 | 4 | 点评榜单 | 杨浦区韩式料理热门榜第1名 | Feturn. | 口感绝佳，环境优雅，服务一流 | “ | ￥24.57折 | 惠 | ￥35招牌年糕雪冰 | ￥47.5 | 惠 | 9.5折 | ￥5050元代金券,ocr/input_videos\上海__五角场合生汇__20260824.mp4
OBS-000316,五角场合生汇,KCOOKING概念韩餐,KCOOKING概念韩餐,韩式料理,4.2,110,L4,rated,True,,rated,parsed,rating_anchor,0.9816,0.9944,54,3377,59.067,🌟🌟🌟🌟 | L4 | 4.2 | 韩式料理￥110/人,KCOOKING概念韩餐 | 🌟🌟🌟🌟 | L4 | 4.2 | 韩式料理￥110/人 | 点评榜单 | 杨浦区韩式料理热门榜第1名 | Return. | 口感绝佳，环境优雅，服务一流 | “ | ￥24.5 | 7折 | 惠 | ￥35招牌年糕雪冰 | ￥47.5 | 9.5折 | 惠 | ￥5050元代金券,ocr/input_videos\上海__五角场合生汇__20260824.mp4
OBS-000317,五角场合生汇,贵Guui,贵Guui,贵州菜黔菜,4.4,118,L5,rated,True,,rated,parsed,rating_anchor,0.9856,0.9984,57,3377,59.067,🌟🌟🌟🌟 | L5 | 4.4贵州菜黔菜￥118/人 | ★,贵Guui | 🌟🌟🌟🌟 | L5 | 4.4贵州菜黔菜￥118/人 | ★ | 点评榜单 | 杨浦区贵州菜黔菜热门榜第1名 | 贵州口味正宗，服务贴心周到 | 2 | ￥21.96.9折 | 惠 | ￥32 | 【时令风味】贵州冰. | ￥959.5折 | 惠 | ￥100100元代金券,ocr/input_videos\上海__五角场合生汇__20260824.mp4
OBS-000318,五角场合生汇,塔哈尔·毡房行,塔哈尔·毡房行,新疆菜,4.6,91,L4,rated,True,,rated,parsed,rating_anchor,0.9712,0.9877,52,3377,59.067,L4 | ⭐🌟⭐🌟🌟 | 4.6 | 新疆菜￥91/人,塔哈尔·毡房行 | L4 | ⭐🌟⭐🌟🌟 | 4.6 | 新疆菜￥91/人 | 点评榜单 | 杨浦区新疆菜销量榜第1名 | 新疆风情浓郁” | ￥10.5 | 4.1折 | ￥26特色Ⅱ牛奶饭冰淇淋 | 惠 | ￥94.59.5折 | 惠 | ￥100100元代金券,ocr/input_videos\上海__五角场合生汇__20260824.mp4
OBS-000319,五角场合生汇,潇湘阁,潇湘阁,湘菜,4.4,86,L6,rated,True,,rated,parsed,rating_anchor,0.9784,0.9945,58,3377,59.067,🌟🌟🎉🌟 | L6 | 4.4湘菜￥86/人,潇湘阁 | HLNAY CLISINE | 也许你已误解箱案好多年 | 🌟🌟🎉🌟 | L6 | 4.4湘菜￥86/人 | 潇湘阁 | 点评榜单 | 杨浦区湘菜热门榜第1名 | XIAO XIANG GE | 用心服务，行李箱也能放心托付”,ocr/input_videos\上海__五角场合生汇__20260824.mp4
OBS-000320,五角场合生汇,KCOOKING概念韩餐,KCOOKING概念韩餐,韩式料理,4.2,110,L4,rated,True,,rated,parsed,rating_anchor,0.9815,0.9958,53,3410,59.644,🌟🌟🌟🌟 | L4 | 4.2 | 韩式料理￥110/人,KCOOKING概念韩餐 | 🌟🌟🌟🌟 | L4 | 4.2 | 韩式料理￥110/人 | 点评榜单 | 杨浦区韩式料理热门榜第1名 | Return. | □感绝佳，环境优雅，服务一流” | “ | ￥24.57折 | ￥35招牌年糕雪冰 | 惠 | ￥47.59.5折 | 惠 | ￥5050元代金券,ocr/input_videos\上海__五角场合生汇__20260824.mp4
OBS-000321,五角场合生汇,贵Guui,贵Guui,号,4.4,118,L5,rated,True,,rated,parsed,rating_anchor,0.9482,0.9987,58,3410,59.644,⭐🌟🌟⭐ | L5 | ￥ | 贵州菜|黔菜￥118/人 | 4.4号,贵Guui | ⭐🌟🌟⭐ | L5 | ￥ | 贵州菜|黔菜￥118/人 | 4.4号 | 点评榜单 | 杨浦区贵州菜黔菜热门榜第1名 | 贵州口味正宗，服务贴心周到” | “ | ￥21.96.9折 | ￥32 | 【时令风味】号 | 贵州冰.... | 惠 | ￥959.5折 | ￥100100元代金券 | 惠,ocr/input_videos\上海__五角场合生汇__20260824.mp4
OBS-000322,五角场合生汇,塔哈尔·毡房行,塔哈尔·毡房行,新疆菜,4.6,91,L4,rated,True,,rated,parsed,rating_anchor,0.9685,0.9902,52,3410,59.644,🌟🌟🌟🌟🌟 | 新疆菜￥91/人 | L4 | 4.6,塔哈尔·毡房行 | 🌟🌟🌟🌟🌟 | 新疆菜￥91/人 | L4 | 4.6 | 行 | 点评榜单 | 杨浦区新疆菜销量榜第1名 | 新疆风情浓郁 | ￥10.54.1折 | 惠 | ￥26特色牛奶饭冰淇淋 | ￥94.59.5折 | 惠 | ￥100100元代金券,ocr/input_videos\上海__五角场合生汇__20260824.mp4
OBS-000323,五角场合生汇,潇湘阁,潇湘阁,湘菜,4.4,86,L6,rated,True,,rated,parsed,rating_anchor,0.9787,0.992,59,3410,59.644,🌟🌟🌟🎉 | L6 | 4.4湘菜￥86/人,潇湘阁 | HILNAX CLISIXE | 也许你已误解相常好多年 | 🌟🌟🌟🎉 | L6 | 4.4湘菜￥86/人 | 潇湘阁 | 点评榜单 | 杨浦区湘菜热门榜第1名 | XIAO XIANG GE | 用心服务，行李箱也能放心托付” | ￥101 | 8折 | ￥127尝鲜双人餐 | 惠 | ￥459折 | ￥5050元代金券 | 惠,ocr/input_videos\上海__五角场合生汇__20260824.mp4
OBS-000324,五角场合生汇,塔哈尔·毡房行,塔哈尔·毡房行,新疆菜,4.6,91,L4,rated,True,,rated,parsed,rating_anchor,0.9288,0.9007,46,3509,61.375,L4 | ⭐🌟🌟🌟🌟 | 新疆菜￥91/人 | 4.6,塔哈尔·毡房行 | L4 | ⭐🌟🌟🌟🌟 | 新疆菜￥91/人 | 4.6 | 点评榜单 | 杨浦区新疆菜销量榜第1名 | 新疆风情浓郁” | ￥10.5 | 4.1折 | ￥26特色Ⅱ牛奶饭冰淇淋 | 惠 | 惠 | ￥94.5 | 9.5折 | ￥100100元代金券,ocr/input_videos\上海__五角场合生汇__20260824.mp4
OBS-000325,五角场合生汇,潇湘阁,潇湘阁,湘菜,4.4,86,L6,rated,True,,rated,parsed,rating_anchor,0.9734,0.9841,59,3509,61.375,🌟🌟⭐⭐ | L6 | 4.4湘菜￥86/人,潇湘阁 | HUNAY CUISINE | 也许你己误解用深好多年 | 🌟🌟⭐⭐ | L6 | 4.4湘菜￥86/人 | 潇湘阁 | 点评榜单 | 杨浦区湘菜热门榜第1名 | XIAO XIANG GE | 用心服务，行李箱也能放心托付” | ￥101 | ￥127 | 8折 | 惠 | 尝鲜双人餐 | ￥459折 | 惠 | ￥5050元代金券,ocr/input_videos\上海__五角场合生汇__20260824.mp4
OBS-000326,五角场合生汇,大米先生·湘菜小炒,大米先生·湘菜小炒,湘菜,4.0,36,B2,rated,True,,rated,parsed,rating_anchor,0.9691,0.9853,51,3509,61.375,4.0湘菜￥36/人 | B2 | 🌟🌟⭐⭐,大米先生·湘菜小炒 | 大米先生 | 4.0湘菜￥36/人 | B2 | 🌟🌟⭐⭐ | 鲜肉鲜菜小锅现炒 | 点评榜单 | 五角场/大学路湘菜好评榜第7名 | 集团直营门店超2000家 | ￥102.98.8折 | ￥117 | 惠 | 【小锅现炒】糖.. | ￥199.5折 | ￥20 | 惠 | 【帮你省薪】20元代金券,ocr/input_videos\上海__五角场合生汇__20260824.mp4
OBS-000327,五角场合生汇,K22.酸奶草莓,K22.酸奶草莓,酸奶鲜奶,4.1,19,B2,rated,True,,rated,parsed,rating_anchor,0.9812,0.9993,50,3509,61.375,🌟🌟⭐⭐ | B2 | 酸奶鲜奶￥19/人 | 4.1,K22.酸奶草莓 | 吨吨·益生菌果蔬茶 | 全新上市！ | 🌟🌟⭐⭐ | B2 | 酸奶鲜奶￥19/人 | 4.1 | 点评榜单 | 上海酸奶鲜奶回头客榜第1名 | 大杯福利，畅饮不停 | ￥11.9 | ￥18 | 6.7折 | 【吨吨】益生菌果蔬.. | 惠,ocr/input_videos\上海__五角场合生汇__20260824.mp4
OBS-000328,五角场合生汇,塔哈尔·毡房行,塔哈尔·毡房行,新疆菜,4.6,91,L4,rated,True,,rated,parsed,rating_anchor,0.9201,0.8844,46,3531,61.76,L4 | 🌟🌟🌟🌟🌟 | 新疆菜￥91/人 | 4.6,塔哈尔·毡房行 | L4 | 🌟🌟🌟🌟🌟 | 新疆菜￥91/人 | 4.6 | 点评榜单 | 杨浦区新疆菜销量榜第1名 | 新疆风情浓郁 | 4.1折 | ￥10.5 | ￥26特色Ⅱ牛奶饭冰淇淋 | 惠 | 惠 | ￥94.5 | 9.5折 | ￥100100元代金券,ocr/input_videos\上海__五角场合生汇__20260824.mp4
OBS-000329,五角场合生汇,潇湘阁,潇湘阁,湘菜,4.4,86,L6,rated,True,,rated,parsed,rating_anchor,0.9715,0.9808,59,3531,61.76,🌟🌟⭐⭐ | L6 | 4.4湘菜￥86/人,潇湘阁 | HUNAY CUTSINE | 也许你己误解相深好多年 | 🌟🌟⭐⭐ | L6 | 4.4湘菜￥86/人 | 潇湘阁 | 点评榜单 | 杨浦区湘菜热门榜第1名 | XIAO XIANG GE | 用心服务，行李箱也能放心托付” | ￥127尝鲜双人餐 | ￥101 | 惠 | 8折 | ￥459折 | 惠 | ￥5050元代金券,ocr/input_videos\上海__五角场合生汇__20260824.mp4
OBS-000330,五角场合生汇,大米先生·湘菜小炒,大米先生·湘菜小炒,湘菜,4.0,36,B2,rated,True,,rated,parsed,rating_anchor,0.9745,0.9892,54,3531,61.76,4.0湘菜￥36/人 | B2 | 🌟🌟⭐⭐,大米先生·湘菜小炒 | 大米先生 | 4.0湘菜￥36/人 | B2 | 🌟🌟⭐⭐ | 鲜肉鲜菜小锅现炒 | 点评榜单 | 五角场/大学路湘菜好评榜第7名 | 团直营门店超2000家 | ￥102.98.8折 | ￥117 | 【小锅现炒】糖... | 惠 | ￥19 | 9.5折 | ￥20 | 惠 | 【帮你省薪】20元代金券,ocr/input_videos\上海__五角场合生汇__20260824.mp4
OBS-000331,五角场合生汇,K22.酸奶草莓,K22.酸奶草莓,酸奶鲜奶,4.1,19,B2,rated,True,,rated,parsed,rating_anchor,0.9759,0.9994,50,3531,61.76,B2 | 🌟🌟⭐⭐ | 酸奶鲜奶￥19/人 | 4.1,K22.酸奶草莓 | 吨吨·益生菌果蔬茶 | 全新上市！ | B2 | 🌟🌟⭐⭐ | 酸奶鲜奶￥19/人 | 4.1 | 点评榜单 | 上海酸奶鲜奶回头客榜第1名 | 大杯福利，畅饮不停 | ￥18 | ￥11.9 | 6.7折 | 【吨吨】益生菌果蔬….. | 惠,ocr/input_videos\上海__五角场合生汇__20260824.mp4
OBS-000332,五角场合生汇,潇湘阁,潇湘阁,湘菜,4.4,86,L6,rated,True,,rated,parsed,rating_anchor,0.971,0.9853,58,3575,62.53,🌟🌟🌟🌟 | L6 | 4.4湘菜￥86/人,潇湘阁 | HLNAY CLISISE | 也许你己误解湘深好多年 | 🌟🌟🌟🌟 | L6 | 4.4湘菜￥86/人 | 潇湘阁 | 点评榜单 | 杨浦区湘菜热门榜第1名 | XIAO XIANG GE | 用心服务，行李箱也能放心托付 | ￥101 | 8折 | 惠 | ￥127 | 尝鲜双人餐 | ￥459折 | 惠 | ￥5050元代金券,ocr/input_videos\上海__五角场合生汇__20260824.mp4
OBS-000333,五角场合生汇,大米先生·湘菜小炒,大米先生·湘菜小炒,湘菜,4.0,36,B2,rated,True,,rated,parsed,rating_anchor,0.965,0.9619,51,3575,62.53,4.0湘菜￥36/人 | B2 | 🌟🌟🌟⭐,大米先生·湘菜小炒 | 大米先生 | 4.0湘菜￥36/人 | B2 | 🌟🌟🌟⭐ | 鲜肉鲜菜小锅现炒 | 点评榜单 | 五角场/大学路湘菜好评榜第7名 | 团直营门店超2000家 | ￥102.98.8折 | 惠 | ￥117 | 【小锅现炒】糖. | ￥20 | ￥199.5折 | 惠 | 【帮你省薪】20元代金券,ocr/input_videos\上海__五角场合生汇__20260824.mp4
OBS-000334,五角场合生汇,K22.酸奶草莓,K22.酸奶草莓,酸奶鲜奶,4.1,19,B2,rated,True,,rated,parsed,rating_anchor,0.977,0.9994,51,3575,62.53,B2 | 🌟🌟🌟🌟 | 酸奶鲜奶￥19/人 | 4.1,K22.酸奶草莓 | 吨吨·益生菌果蔬茶 | 全新上市！ | B2 | 🌟🌟🌟🌟 | 酸奶鲜奶￥19/人 | 4.1 | NEW | 点评榜单 | 上海酸奶鲜奶回头客榜第1名 | 大杯福利，畅饮不停 | ￥18 | 【吨吨】益生菌果蔬.. | ￥11.9 | 6.7折 | 惠,ocr/input_videos\上海__五角场合生汇__20260824.mp4
OBS-000335,五角场合生汇,柠檬向右,柠檬向右,茶饮果汁,4.3,18,B2,rated,True,,rated,parsed,rating_anchor,0.9823,0.9945,59,3575,62.53,🌟🌟🌟🌟 | B2 | 4.3茶饮果汁￥18/人 | ★,柠檬向右 | LEMONRYHY | 尚博风尚 | 🌟🌟🌟🌟 | B2 | 4.3茶饮果汁￥18/人 | ★ | 点评榜单 | 杨浦区饮品回头客榜第2名 | 芙莉莲的味觉记忆 | ￥146.7折 | 惠 | ￥21 | 【精选三种柠檬】鸭屎...,ocr/input_videos\上海__五角场合生汇__20260824.mp4
OBS-000336,五角场合生汇,K22.酸奶草莓,K22.酸奶草莓,酸奶鲜奶,4.1,19,B2,rated,True,,rated,parsed,rating_anchor,0.9764,0.9996,54,3608,63.107,B2 | 酸奶鲜奶￥19/人 | ⭐🌟🌟⭐ | 4.1 | ★,K22.酸奶草莓 | 吨吨·益生菌果蔬茶 | 全新上市！ | B2 | 酸奶鲜奶￥19/人 | ⭐🌟🌟⭐ | 4.1 | ★ | NEW | 点评榜单 | 上海酸奶鲜奶回头客榜第1名 | 杯福利，畅饮不停” | “ | ￥18 | ￥11.9 | 6.7折 | 【吨吨】益生菌果蔬.. | 惠,ocr/input_videos\上海__五角场合生汇__20260824.mp4
OBS-000337,五角场合生汇,柠檬向右,柠檬向右,茶饮果汁,4.3,18,B2,rated,True,,rated,parsed,rating_anchor,0.98,0.9893,57,3608,63.107,★★★★ | B2 | 4.3 | 茶饮果汁￥18/人,柠檬向右 | LENONROHT | 楼 | ★★★★ | B2 | 4.3 | 茶饮果汁￥18/人 | 点评榜单 | 杨浦区饮品回头客榜第2名 | 芙莉莲的味觉记忆 | 惠￥146.7折 | ￥21 | 【精选三种柠檬】鸭屎..,ocr/input_videos\上海__五角场合生汇__20260824.mp4
OBS-000338,五角场合生汇,喜茶,喜茶,茶饮果汁,3.9,24,B2,rated,True,,rated,parsed,rating_anchor,0.9727,0.9916,66,3608,63.107,3.9茶饮果汁￥24/人 | B2,喜茶 | 3.9茶饮果汁￥24/人 | B2 | 心 | 惠￥17.59.3折 | ￥19 | 【人气推荐】5选1,ocr/input_videos\上海__五角场合生汇__20260824.mp4
OBS-000339,五角场合生汇,REDOLL荭猫撸猫馆·购宠·拼豆,REDOLL荭猫撸猫馆·购宠·拼豆,咖啡,4.4,87,L3,rated,True,,rated,parsed,rating_anchor,0.9603,0.9544,58,3608,63.107,L3 | 🌟🌟🎉🎉 | 4.4咖啡￥87/人,REDOLL荭猫撸猫馆·购宠·拼豆 | L3 | 🌟🌟🎉🎉 | 4.4咖啡￥87/人 | 点评榜单 | 杨浦区咖啡打卡人气榜第3名 | 萌宠相伴，让等位不再无聊 | 沙滩度假撸貓池 | “ | ￥925.3折 | ￥176单人工作1时·赠.. | 惠,ocr/input_videos\上海__五角场合生汇__20260824.mp4
OBS-000340,五角场合生汇,T9tea,T9tea,茶饮果汁,4.2,35,L1,rated,True,,rated,parsed,rating_anchor,0.9823,0.9937,59,3608,63.107,🌟🌟🌟🌟 | L1 | 4.2茶饮果汁￥35/人 | ★,T9tea | CNTMTNNT IC CTANCNPC | 一□，冰消淋在口中化开 | 🌟🌟🌟🌟 | L1 | 4.2茶饮果汁￥35/人 | ★,ocr/input_videos\上海__五角场合生汇__20260824.mp4
OBS-000341,五角场合生汇,K22.酸奶草莓,K22.酸奶草莓,酸奶鲜奶,4.1,19,B2,rated,True,,rated,parsed,rating_anchor,0.9785,0.9996,54,3652,63.877,🌟🌟🌟🌟 | B2 | 酸奶鲜奶￥19/人 | 4.1,K22.酸奶草莓 | 吨吨·益生菌果蔬茶 | 全新上市！ | 🌟🌟🌟🌟 | B2 | 酸奶鲜奶￥19/人 | 4.1 | NEW | 点评榜单 | 上海酸奶鲜奶回头客榜第1名 | 大杯福利，畅饮不停” | 6.7折 | ￥18 | ￥11.9 | 【吨吨】益生菌果蔬.. | 惠,ocr/input_videos\上海__五角场合生汇__20260824.mp4
OBS-000342,五角场合生汇,柠檬向右,柠檬向右,茶饮果汁,4.3,18,B2,rated,True,,rated,parsed,rating_anchor,0.978,0.992,57,3652,63.877,⭐🌟⭐⭐ | B2 | 4.3 | 茶饮果汁￥18/人,柠檬向右 | LEMOVROT | 热特牌点 | ⭐🌟⭐⭐ | B2 | 4.3 | 茶饮果汁￥18/人 | 点评榜单 | 杨浦区饮品回头客榜第2名 | 芙莉莲的味觉记忆 | 惠￥146.7折 | ￥21 | 【精选三种柠檬】鸭屎.,ocr/input_videos\上海__五角场合生汇__20260824.mp4
OBS-000343,五角场合生汇,喜茶,喜茶,茶饮果汁,3.9,24,B2,rated,True,,rated,parsed,rating_anchor,0.9763,0.9962,67,3652,63.877,3.9茶饮果汁￥24/人 | B2,喜茶 | 3.9茶饮果汁￥24/人 | B2 | 公 | 惠￥17.59.3折 | ￥19 | 【人气推荐】5选1,ocr/input_videos\上海__五角场合生汇__20260824.mp4
OBS-000344,五角场合生汇,REDOLL荭猫撸猫馆·购宠·拼豆,REDOLL荭猫撸猫馆·购宠·拼豆,咖啡,4.4,87,L3,rated,True,,rated,parsed,rating_anchor,0.962,0.9579,54,3652,63.877,🌟🌟🌟⭐ | L3 | 4.4咖啡￥87/人,REDOLL荭猫撸猫馆·购宠·拼豆 | 🌟🌟🌟⭐ | L3 | 4.4咖啡￥87/人 | 点评榜单 | 杨浦区咖啡打卡人气榜第3名 | 萌宠相伴，让等位不再无聊 | 陟雜度假撸貓池 | “ | 5 | ￥925.3折 | 惠 | ￥176单人工作日1小时·赠.,ocr/input_videos\上海__五角场合生汇__20260824.mp4
OBS-000345,五角场合生汇,T9tea,T9tea,茶饮果汁,4.2,35,L1,rated,True,,rated,parsed,rating_anchor,0.983,0.9944,58,3652,63.877,⭐🌟⭐⭐ | 4.2茶饮果汁￥35/人 | L1 | ★,T9tea | CNTEMSITANTICCTNCNFNG | 一□，像冰演淋在口中化开 | ⭐🌟⭐⭐ | 4.2茶饮果汁￥35/人 | L1 | ★ | 点评榜单 | 杨浦区饮品好评榜第2名,ocr/input_videos\上海__五角场合生汇__20260824.mp4
OBS-000346,五角场合生汇,柠檬向右,柠檬向右,茶饮果汁,4.3,18,B2,rated,True,,rated,parsed,rating_anchor,0.9731,0.9866,60,3707,64.839,🌟🌟🌟🎉 | 4.3 | B2 | 茶饮果汁￥18/人,柠檬向右 | LEMONRIRHT | 老便网店 | 🌟🌟🌟🎉 | 4.3 | B2 | 茶饮果汁￥18/人 | 点评榜单 | 杨浦区饮品回头客榜第2名 | 芙莉莲味觉记忆 | 惠￥146.7折 | ￥21 | 【精选三种柠檬】鸭屎...,ocr/input_videos\上海__五角场合生汇__20260824.mp4
OBS-000347,五角场合生汇,喜茶,喜茶,茶饮果汁,3.9,24,B2,rated,True,,rated,parsed,rating_anchor,0.9726,0.9944,67,3707,64.839,3.9茶饮果汁￥24/人 | B2,喜茶 | 3.9茶饮果汁￥24/人 | B2 | 原 | ￥17.59.3折 | ￥19 | 【人气推荐】5选1 | 惠,ocr/input_videos\上海__五角场合生汇__20260824.mp4
OBS-000348,五角场合生汇,REDOLL荭猫撸猫馆·购宠·拼豆,REDOLL荭猫撸猫馆·购宠·拼豆,咖啡,4.4,87,L3,rated,True,,rated,parsed,rating_anchor,0.9625,0.965,54,3707,64.839,🌟🌟🎉🎉 | L3 | 4.4咖啡￥87/人,REDOLL荭猫撸猫馆·购宠·拼豆 | 🌟🌟🎉🎉 | L3 | 4.4咖啡￥87/人 | 点评榜单 | 杨浦区咖啡打卡人气榜第3名 | 萌宠相伴，让等位不再无聊 | 沙滩度假撸猫池 | ￥925.3折 | 惠 | ￥176单人工作日1小时·赠...,ocr/input_videos\上海__五角场合生汇__20260824.mp4
OBS-000349,五角场合生汇,T9tea,T9tea,茶饮果汁,4.2,35,L1,rated,True,,rated,parsed,rating_anchor,0.9777,0.9928,61,3707,64.839,⭐🌟🌟⭐ | L1 | 4.2茶饮果汁￥35/人,T9tea | 一□，冰淇淋在口中化开 | ⭐🌟🌟⭐ | L1 | 4.2茶饮果汁￥35/人 | 点评榜单 | 杨浦区饮品好评榜第2名 | “玉兰甘露，回味甜” | TP PREMIUM TEA | ￥36 | 5.6折 | ￥19.9 | 【限时福利返场】爱... | 惠,ocr/input_videos\上海__五角场合生汇__20260824.mp4
OBS-000350,五角场合生汇,DQ·蛋糕·冰淇淋,DQ·蛋糕·冰淇淋,冰淇淋,4.3,26,B2,rated,True,,rated,parsed,rating_anchor,0.9478,0.973,58,3707,64.839,B2 | 4.3冰淇淋￥26/人,DQ·蛋糕·冰淇淋 | DO | 艺果棉米 | B2 | 4.3冰淇淋￥26/人,ocr/input_videos\上海__五角场合生汇__20260824.mp4
OBS-000351,五角场合生汇,REDOLL荭猫撸猫馆·购宠·拼豆,REDOLL荭猫撸猫馆·购宠·拼豆,咖啡,4.4,87,L3,rated,True,,rated,parsed,rating_anchor,0.9585,0.9589,58,3718,65.031,🌟🌟🌟🌟 | L3 | 4.4咖啡￥87/人,REDOLL荭猫撸猫馆·购宠·拼豆 | 🌟🌟🌟🌟 | L3 | 4.4咖啡￥87/人 | 点评榜单 | 杨浦区咖啡打卡榜第3名 | 萌宠相伴，让等位不再无聊 | 沙滩度假撸貓池 | “ | ￥925.3折 | ￥176单人工作日1时·赠. | 惠,ocr/input_videos\上海__五角场合生汇__20260824.mp4
OBS-000352,五角场合生汇,T9tea,T9tea,茶饮果汁,4.2,35,L1,rated,True,,rated,parsed,rating_anchor,0.9595,0.9892,63,3718,65.031,🌟🌟💥🌟 | 4.2茶饮果汁￥35/人 | L1 | 冷,T9tea | 一口，像冰淋在口中化开 | 🌟🌟💥🌟 | 4.2茶饮果汁￥35/人 | L1 | 冷 | 点评榜单 | 杨浦区饮品好评榜第2名 | “玉兰甘露，回味甘甜” | “ | TO PREHIUM IEA | ￥36 | ￥19.95.6折 | 惠 | 【限时福利返场】爱..,ocr/input_videos\上海__五角场合生汇__20260824.mp4
OBS-000353,五角场合生汇,DQ·蛋糕·冰淇淋,DQ·蛋糕·冰淇淋,冰淇淋,4.3,26,B2,rated,True,,rated,parsed,rating_anchor,0.9649,0.9706,58,3718,65.031,4.3冰淇淋￥26/人 | B2 | ★,DQ·蛋糕·冰淇淋 | DO | 芒果棉米 | 4.3冰淇淋￥26/人 | B2 | ★ | 点评榜单 | 杨浦区冰淇淋销量榜第3名 | ￥19.9 | 惠￥18.889.5折 | 【爆品】DQ双头怪,ocr/input_videos\上海__五角场合生汇__20260824.mp4
OBS-000354,五角场合生汇,Yee3·三号椰·椰子炒冰,Yee3·三号椰·椰子炒冰,茶饮果汁,3.9,20,B2,rated,True,,rated,parsed,rating_anchor,0.9578,0.9699,57,3718,65.031,3.9茶饮果汁￥20/人 | B2,Yee3·三号椰·椰子炒冰 | aE | 3.9茶饮果汁￥20/人 | B2 | 椰遇永夜 | 惠￥13.97折 | ￥20 | 【新客特惠】补充每.,ocr/input_videos\上海__五角场合生汇__20260824.mp4
OBS-000355,五角场合生汇,T9tea,T9tea,茶饮果汁,4.2,35,L1,rated,True,,rated,parsed,rating_anchor,0.982,0.992,62,3751,65.608,⭐🌟🌟⭐ | 4.2茶饮果汁￥35/人 | L1 | ★,T9tea | CCC | 一□，像冰请淋在口中化开 | ⭐🌟🌟⭐ | 4.2茶饮果汁￥35/人 | L1 | ★ | 点评榜单 | 杨浦区饮品好评榜第2名 | 玉兰甘露，回味甘甜 | ≤ | TP PREMIUM TEA | ￥36 | ￥19.9 | 5.6折 | 【限时福利返场】爱.. | 惠,ocr/input_videos\上海__五角场合生汇__20260824.mp4
OBS-000356,五角场合生汇,DQ·蛋糕·冰淇淋,DQ·蛋糕·冰淇淋,冰淇淋,4.3,26,B2,rated,True,,rated,parsed,rating_anchor,0.9633,0.9743,60,3751,65.608,B2 | 🌟🌟🌟🌟 | 冰淇淋￥26/人 | 4.3 | ★,DQ·蛋糕·冰淇淋 | DO | B2 | 🌟🌟🌟🌟 | 冰淇淋￥26/人 | 4.3 | ★ | 点评榜单 | 杨浦区冰淇淋销量榜第3名 | ￥19.9 | ￥18.889.5折 | 【爆品】DQ双头怪 | 惠,ocr/input_videos\上海__五角场合生汇__20260824.mp4
OBS-000357,五角场合生汇,Yee3·三号椰·椰子炒冰,Yee3·三号椰·椰子炒冰,茶饮果汁,3.9,20,B2,rated,True,,rated,parsed,rating_anchor,0.9779,0.9861,55,3751,65.608,3.9茶饮果汁￥20/人 | B2,Yee3·三号椰·椰子炒冰 | X831 | 3.9茶饮果汁￥20/人 | B2 | 椰遇永夜 | ￥13.97折 | ￥20 | 【新客特惠】补充每… | 惠,ocr/input_videos\上海__五角场合生汇__20260824.mp4
OBS-000358,五角场合生汇,OT另茶,OT另茶,茶饮果汁,4.2,24,L5,rated,True,,rated,parsed,rating_anchor,0.9853,0.9964,64,3751,65.608,🌟🌟🌟🌟 | L5 | 4.2茶饮果汁￥24/人,OT另茶 | OTHER | 🌟🌟🌟🌟 | L5 | 4.2茶饮果汁￥24/人 | TEA男茶 | ￥22.89.5折 | ￥24 | 【热销推荐】泰式咸.. | 惠 | ￥7.5 | 7.5折 | 惠 | ￥1010元代金券,ocr/input_videos\上海__五角场合生汇__20260824.mp4
OBS-000359,五角场合生汇,T9tea,T9tea,茶饮果汁,4.2,35,L1,rated,True,,rated,parsed,rating_anchor,0.9815,0.9945,60,3773,65.993,L1 | 🌟🌟🌟🌟 | 4.2茶饮果汁￥35/人,T9tea | CN | 一□，冰消淋在口中化开 | L1 | 🌟🌟🌟🌟 | 4.2茶饮果汁￥35/人 | G | 点评榜单 | 杨浦区饮品好评榜第2名 | 玉兰甘露，回味甘甜 | TP PREMIUM TEA | ￥36 | ￥19.9 | 5.6折 | 【限时福利返场】爱. | 惠,ocr/input_videos\上海__五角场合生汇__20260824.mp4
OBS-000360,五角场合生汇,DQ·蛋糕·冰淇淋,DQ·蛋糕·冰淇淋,冰淇淋,4.3,26,B2,rated,True,,rated,parsed,rating_anchor,0.9704,0.9825,61,3773,65.993,🌟🌟⭐⭐ | B2 | 冰淇淋￥26/人 | 4.3 | ★,DQ·蛋糕·冰淇淋 | DD | 艺果棉米 | 🌟🌟⭐⭐ | B2 | 冰淇淋￥26/人 | 4.3 | ★ | 点评榜单 | 杨浦区冰淇淋销量榜第3名 | ￥19.9 | ￥18.889.5折 | 【爆品】DQ双头怪 | 惠,ocr/input_videos\上海__五角场合生汇__20260824.mp4
OBS-000361,五角场合生汇,Yee3·三号椰·椰子炒冰,Yee3·三号椰·椰子炒冰,茶饮果汁,3.9,20,B2,rated,True,,rated,parsed,rating_anchor,0.9751,0.9879,55,3773,65.993,3.9茶饮果汁￥20/人 | B2,Yee3·三号椰·椰子炒冰 | 3.9茶饮果汁￥20/人 | B2 | 椰遇永夜 | ￥13.9 | 7折 | ￥20 | 【新客特惠】补充每.. | 惠,ocr/input_videos\上海__五角场合生汇__20260824.mp4
OBS-000362,五角场合生汇,OT另茶,OT另茶,茶饮果汁,4.2,24,L5,rated,True,,rated,parsed,rating_anchor,0.9635,0.9972,61,3773,65.993,★4.2茶饮果汁￥24/人 | L5 | -,OT另茶 | OTHER | ★4.2茶饮果汁￥24/人 | L5 | - | TEA另茶 | ￥22.89.5折 | ￥24 | 【热销推荐】泰式咸... | 惠 | ￥7.57.5折 | ￥1010元代金券 | 惠,ocr/input_videos\上海__五角场合生汇__20260824.mp4
OBS-000363,五角场合生汇,DQ·蛋糕·冰淇淋,DQ·蛋糕·冰淇淋,冰淇淋,4.4,27,L4,rated,True,,rated,parsed,rating_anchor,0.9752,0.9787,58,3773,65.993,L4 | 🌟🌟🌟🎉 | 4.4冰淇淋￥27/人 | ★,DQ·蛋糕·冰淇淋 | DQ | L4 | 🌟🌟🌟🎉 | 4.4冰淇淋￥27/人 | ★,ocr/input_videos\上海__五角场合生汇__20260824.mp4
OBS-000364,五角场合生汇,Yee3·三号椰·椰子炒冰,Yee3·三号椰·椰子炒冰,茶饮果汁,3.9,20,B2,rated,True,,rated,parsed,rating_anchor,0.9761,0.9822,60,3883,67.917,B2 | 3.9茶饮果汁￥20/人,Yee3·三号椰·椰子炒冰 | ②.4 | 83 | B2 | 3.9茶饮果汁￥20/人 | 椰遇永夜 | ￥13.97折 | ￥20 | 【新客特惠】补充每. | 惠,ocr/input_videos\上海__五角场合生汇__20260824.mp4
OBS-000365,五角场合生汇,OT另茶,OT另茶,茶饮果汁,4.2,24,L5,rated,True,,rated,parsed,rating_anchor,0.9866,0.9975,62,3883,67.917,🌟🌟🎉🌟 | L5 | 4.2茶饮果汁￥24/人 | ★,OT另茶 | OTHER | 🌟🌟🎉🌟 | L5 | 4.2茶饮果汁￥24/人 | ★ | TEA男茶 | ￥24 | ￥22.89.5折 | 【热销推荐】泰式咸... | 惠 | ￥7.57.5折 | ￥1010元代金券 | 惠,ocr/input_videos\上海__五角场合生汇__20260824.mp4
OBS-000366,五角场合生汇,DQ·蛋糕·冰淇淋,DQ·蛋糕·冰淇淋,冰淇淋,4.4,27,L4,rated,True,,rated,parsed,rating_anchor,0.9665,0.9714,61,3883,67.917,🎉⭐ | 4.4冰淇淋￥27/人 | L4 | ★,DQ·蛋糕·冰淇淋 | D | 果棉术 | 🎉⭐ | 4.4冰淇淋￥27/人 | L4 | ★ | 点评榜单 | 杨浦区冰淇淋口味榜第3名 | ￥19.9 | 惠￥18.889.5折 | 【爆品】DQ双头怪,ocr/input_videos\上海__五角场合生汇__20260824.mp4
OBS-000367,五角场合生汇,红鸟瑰丽·甄选牛乳·Gelato&饮品,红鸟瑰丽·甄选牛乳·Gelato&饮品,茶饮果汁,4.4,27,B2,rated,True,,rated,parsed,rating_anchor,0.9729,0.9823,60,3883,67.917,B2 | 🌟🌟🎉🎉 | 4.4茶饮果汁￥27/人,红鸟瑰丽·甄选牛乳·Gelato&饮品 | Q | 3=X3 | 二口喝到 | 三种柚子 | B2 | 🌟🌟🎉🎉 | 4.4茶饮果汁￥27/人 | 比a | 点评榜单 | 杨浦区饮品销量榜第4名 | ￥29.87.9折 | ￥38经典系列|单杯冰绮... | 惠,ocr/input_videos\上海__五角场合生汇__20260824.mp4
OBS-000368,五角场合生汇,Yee3·三号椰·椰子炒冰,Yee3·三号椰·椰子炒冰,茶饮果汁,3.9,20,B2,rated,True,,rated,parsed,rating_anchor,0.9741,0.9779,54,3938,68.879,B2 | 3.9茶饮果汁￥20/人,Yee3·三号椰·椰子炒冰 | B2 | 3.9茶饮果汁￥20/人 | 椰遇永夜 | ￥13.97折 | ￥20 | 【新客特惠】补充每.. | 惠,ocr/input_videos\上海__五角场合生汇__20260824.mp4
OBS-000369,五角场合生汇,OT另茶,OT另茶,茶饮果汁,4.2,24,L5,rated,True,,rated,parsed,rating_anchor,0.9861,0.9976,62,3938,68.879,🌟🌟🎉⭐ | 4.2茶饮果汁￥24/人 | L5 | ★,OT另茶 | OTHER | 🌟🌟🎉⭐ | 4.2茶饮果汁￥24/人 | L5 | ★ | TEA男茶 | ￥24 | ￥22.89.5折 | 【热销推荐】泰式咸... | 惠 | ￥7.57.5折 | ￥1010元代金券 | 惠,ocr/input_videos\上海__五角场合生汇__20260824.mp4
OBS-000370,五角场合生汇,DQ·蛋糕·冰淇淋,DQ·蛋糕·冰淇淋,冰淇淋,4.4,27,L4,rated,True,,rated,parsed,rating_anchor,0.9628,0.9721,61,3938,68.879,🎉⭐ | 4.4冰淇淋￥27/人 | L4 | ★,D | DQ·蛋糕·冰淇淋 | 果槐水 | 🎉⭐ | 4.4冰淇淋￥27/人 | L4 | ★ | 点评榜单 | 杨浦区冰淇淋口味榜第3名 | ￥19.9 | ￥18.889.5折 | 【爆品】DQ双头怪 | 惠,ocr/input_videos\上海__五角场合生汇__20260824.mp4
OBS-000371,五角场合生汇,红鸟瑰丽·甄选牛乳·Gelato&饮品,红鸟瑰丽·甄选牛乳·Gelato&饮品,茶饮果汁,4.4,27,B2,rated,True,,rated,parsed,rating_anchor,0.9682,0.985,61,3938,68.879,B2 | 🌟🌟🎉🎉 | 4.4茶饮果汁￥27/人,红鸟瑰丽·甄选牛乳·Gelato&饮品 | 3=x*3 | Q | 二口喝到 | 三种柚子 | B2 | 🌟🌟🎉🎉 | 4.4茶饮果汁￥27/人 | 比点证号 | 点评榜单 | 杨浦区饮品销量榜第4名 | ￥29.87.9折 | ￥38经典系列|单杯冰绮.. | 惠,ocr/input_videos\上海__五角场合生汇__20260824.mp4
OBS-000372,五角场合生汇,红鸟瑰丽·甄选牛乳·Gelato&饮品,红鸟瑰丽·甄选牛乳·Gelato&饮品,茶饮果汁,4.4,27,B2,rated,True,,rated,parsed,rating_anchor,0.9583,0.9829,60,4037,70.61,🌟🌟⭐⭐🌟 | B2 | 4.4茶饮果汁￥27/人,红鸟瑰丽·甄选牛乳·Gelato&饮品 | x=人区 | NS | 一口喝到 | 三种柚子 | 🌟🌟⭐⭐🌟 | B2 | 4.4茶饮果汁￥27/人 | u让a | 点评榜单 | 杨浦区饮品销量榜第4名 | ￥29.87.9折 | ￥38经典系列|单杯冰绮.... | 惠,ocr/input_videos\上海__五角场合生汇__20260824.mp4
OBS-000373,五角场合生汇,柠檬向右,柠檬向右,茶饮果汁,4.1,18,L4,rated,True,,rated,parsed,rating_anchor,0.9798,0.9875,61,4037,70.61,🌟🌟🌟🌟🌟 | 4.1茶饮果汁￥18/人 | L4,柠檬向右 | LEMOVRIAT | 君肉 | 🌟🌟🌟🌟🌟 | 4.1茶饮果汁￥18/人 | L4 | 芙莉莲的味觉记忆 | ￥146.7折 | ￥21 | 【精选三种柠檬】鸭屎... | 惠,ocr/input_videos\上海__五角场合生汇__20260824.mp4
OBS-000374,五角场合生汇,茶米有言,茶米有言,茶饮果汁,4.0,17,L4,rated,True,,rated,parsed,rating_anchor,0.9812,0.9945,57,4037,70.61,⭐🌟⭐⭐ | 4.0茶饮果汁￥17/人 | L4,茶米有言 | ⭐🌟⭐⭐ | 4.0茶饮果汁￥17/人 | L4 | 点评榜单 | 杨浦区饮品销量榜第3名 | 浓巧可可上新 | “咸甜交融，冰热双体验” | ￥158.9折 | ￥17 | 【招牌必喝】鲜米豆花. | 惠,ocr/input_videos\上海__五角场合生汇__20260824.mp4
OBS-000375,五角场合生汇,VQ鲜榨果汁,VQ鲜榨果汁,茶饮果汁,4.2,22,L4,rated,True,,rated,parsed,rating_anchor,0.98,0.9953,55,4037,70.61,4.2茶饮果汁￥22/人 | L4,VQ鲜榨果汁 | 4.2茶饮果汁￥22/人 | L4 | ￥17.97.8折 | 【轻甜热销】芒果雪.. | ￥23 | 惠,ocr/input_videos\上海__五角场合生汇__20260824.mp4
OBS-000376,五角场合生汇,红鸟瑰丽·甄选牛乳·Gelato&饮品,红鸟瑰丽·甄选牛乳·Gelato&饮品,茶饮果汁,4.4,27,B2,rated,True,,rated,parsed,rating_anchor,0.9765,0.9836,60,4081,71.38,B2 | 🌟🌟⭐⭐ | 4.4茶饮果汁￥27/人,红鸟瑰丽·甄选牛乳·Gelato&饮品 | 3=x产3 | 一口喝到 | 三种柚字 | B2 | 🌟🌟⭐⭐ | 4.4茶饮果汁￥27/人 | M | 比点温 | 点评榜单 | 杨浦区饮品销量榜第4名 | ￥29.87.9折 | ￥38经典系列|单杯冰绮... | 惠,ocr/input_videos\上海__五角场合生汇__20260824.mp4
OBS-000377,五角场合生汇,柠檬向右,柠檬向右,茶饮果汁,4.1,18,L4,rated,True,,rated,parsed,rating_anchor,0.9818,0.9934,56,4081,71.38,4.1茶饮果汁￥18/人 | L4,柠檬向右 | LFNOVRIT | 行肉 | 4.1茶饮果汁￥18/人 | L4 | 芙莉莲的味觉记忆 | ￥146.7折 | ￥21 | 【精选三种柠檬】鸭屎... | 惠,ocr/input_videos\上海__五角场合生汇__20260824.mp4
OBS-000378,五角场合生汇,茶米有言,茶米有言,茶饮果汁,4.0,17,L4,rated,True,,rated,parsed,rating_anchor,0.98,0.9922,60,4081,71.38,🌟🌟⭐⭐ | L4 | 4.0茶饮果汁￥17/人,茶米有言 | 🌟🌟⭐⭐ | L4 | 4.0茶饮果汁￥17/人 | 点评榜单 | 杨浦区饮品销量榜第3名 | 浓巧可可上新 | 咸甜交融，冰热双体验 | “ | 5 | ￥158.9折 | ￥17 | 【招牌必喝】鲜米豆花... | 惠,ocr/input_videos\上海__五角场合生汇__20260824.mp4
OBS-000379,五角场合生汇,VQ鲜榨果汁,VQ鲜榨果汁,茶饮果汁,4.2,22,L4,rated,True,,rated,parsed,rating_anchor,0.9855,0.9963,58,4081,71.38,⭐🌟🌟⭐🌟 | L4 | 4.2茶饮果汁￥22/人,VQ鲜榨果汁 | va | M热压 | ⭐🌟🌟⭐🌟 | L4 | 4.2茶饮果汁￥22/人 | ￥17.97.8折 | ￥23 | 【轻甜热销】芒果雪... | 惠 | ￥2.44.8折 | 惠 | ￥55元代金券,ocr/input_videos\上海__五角场合生汇__20260824.mp4
OBS-000380,五角场合生汇,1点点,1点点,茶饮果汁,4.2,17,B2,rated,True,,rated,parsed,rating_anchor,0.9813,0.9996,63,4081,71.38,4.2茶饮果汁￥17/人 | B2,1点点 | 4.2茶饮果汁￥17/人 | B2 | 黑照 | “经典口味四季奶青，三分甜”,ocr/input_videos\上海__五角场合生汇__20260824.mp4
OBS-000381,五角场合生汇,茶米有言,茶米有言,茶饮果汁,4.0,17,L4,rated,True,,rated,parsed,rating_anchor,0.9779,0.9966,61,4158,72.727,⭐🌟💥🌟 | 4.0茶饮果汁￥17/人 | L4 | ★,茶米有言 | ⭐🌟💥🌟 | 4.0茶饮果汁￥17/人 | L4 | ★ | 点评榜单 | 杨浦区饮品销量榜第3名 | 浓巧可可上新 | 咸甜交融，冰热双体验 | ≤ | 9 | ￥17 | ￥158.9折 | 【招牌必喝】鲜米豆花. | 惠,ocr/input_videos\上海__五角场合生汇__20260824.mp4
OBS-000382,五角场合生汇,VQ鲜榨果汁,VQ鲜榨果汁,茶饮果汁,4.2,22,L4,rated,True,,rated,parsed,rating_anchor,0.9811,0.9966,62,4158,72.727,4.2茶饮果汁￥22/人 | L4,VQ鲜榨果汁 | v | MATERNELON | 双东 | 4.2茶饮果汁￥22/人 | L4 | ￥17.97.8折 | ￥23 | 【轻甜热销】芒果雪... | 惠 | ￥2.44.8折￥55元代金券 | 惠,ocr/input_videos\上海__五角场合生汇__20260824.mp4
OBS-000383,五角场合生汇,1点点,1点点,茶饮果汁,4.2,17,B2,rated,True,,rated,parsed,rating_anchor,0.9874,0.9995,71,4158,72.727,🌟🌟🌟🌟 | B2 | 4.2茶饮果汁￥17/人 | ★,1点点 | 🌟🌟🌟🌟 | B2 | 4.2茶饮果汁￥17/人 | ★ | 黑照 | “经典口味四季奶青，三分甜” | 惠￥17.19.5折 | ￥18QQ美莓奶茶（大杯),ocr/input_videos\上海__五角场合生汇__20260824.mp4
OBS-000384,五角场合生汇,野人先生Gelato,野人先生Gelato,冰淇淋,4.2,29,B2,rated,True,,rated,parsed,rating_anchor,0.9885,0.999,57,4158,72.727,B2 | 🌟🌟🌟🌟 | 4.2冰淇淋￥29/人,野人先生Gelato | er | 山野 | 该瑰 | B2 | 🌟🌟🌟🌟 | 4.2冰淇淋￥29/人 | GELATO | 点评榜单 | 杨浦区冰淇淋销量榜第1名 | S | “粉嫩养乐多冰淇淋，魔都必打卡” | ￥369.5折 | ￥38 | 【任意拼】双拼口味冰... | 惠,ocr/input_videos\上海__五角场合生汇__20260824.mp4
OBS-000385,五角场合生汇,1点点,1点点,茶饮果汁,4.2,17,B2,rated,True,,rated,parsed,rating_anchor,0.9881,0.9997,71,4202,73.496,🌟🌟🎉🌟🌟 | B2 | 4.2茶饮果汁￥17/人,1点点 | 🌟🌟🎉🌟🌟 | B2 | 4.2茶饮果汁￥17/人 | 黑照 | “经典口味四季奶青，三分甜” | ￥17.1 | ￥18QQ美莓奶茶（大杯) | 9.5折 | 惠,ocr/input_videos\上海__五角场合生汇__20260824.mp4
OBS-000386,五角场合生汇,野人先生Gelato,野人先生Gelato,冰淇淋,4.2,29,B2,rated,True,,rated,parsed,rating_anchor,0.9858,0.9993,57,4202,73.496,🌟🌟⭐⭐ | B2 | 4.2冰淇淋￥29/人 | ★,野人先生Gelato | eN | 山野 | 茨瑰 | 🌟🌟⭐⭐ | B2 | 4.2冰淇淋￥29/人 | ★ | GELATO | 点评榜单 | 杨浦区冰淇淋销量榜第1名 | 鄂 | 粉嫩养乐多冰淇淋，魔都必打卡 | 3 | ≤ | ￥369.5折 | ￥38 | 【任意拼】双拼口味冰.. | 惠,ocr/input_videos\上海__五角场合生汇__20260824.mp4
OBS-000387,五角场合生汇,柒日原叶·冻干茶,柒日原叶·冻干茶,茶饮果汁,,47,B2,new_store,False,new_store,ocr_missing,parsed,metadata_anchor,0.955,0.9806,58,4202,73.496,新店 | B2 | 茶饮果汁￥47/人,柒日原叶·冻干茶 | 新店 | B2 | 茶饮果汁￥47/人 | 点评榜单 | 柒日原叶 | 杨浦区茶饮果汁环境榜第1名 | -SEVEN TEA- | ￥556.2折 | ￥89 | 【进店必选】心动六边.. | 惠,ocr/input_videos\上海__五角场合生汇__20260824.mp4
OBS-000388,五角场合生汇,混果汁,混果汁,茶饮果汁,,24,B1,new_store,False,new_store,ocr_missing,parsed,metadata_anchor,0.9812,0.9996,65,4202,73.496,新店 | B1 | 茶饮果汁￥24/人,混果汁 | 新店 | B1 | 茶饮果汁￥24/人 | 点评榜单 | 杨浦区饮品新店榜第2名 | 湿果汁彩 | ￥25.98.1折 | ￥32 | 【复购TOP】招牌生 | 惠,ocr/input_videos\上海__五角场合生汇__20260824.mp4
OBS-000389,五角场合生汇,野人先生Gelato,野人先生Gelato,冰淇淋,4.2,29,B2,rated,True,,rated,parsed,rating_anchor,0.9855,0.9977,56,4301,75.228,B2 | 🌟🌟💥🌟 | 4.2冰淇淋￥29/人,野人先生Gelato | 山野 | 张瑰 | B2 | 🌟🌟💥🌟 | 4.2冰淇淋￥29/人 | GELATO | 点评榜单 | 杨浦区冰淇淋销量榜第1名 | B | “粉嫩养乐多冰淇淋，魔都必打卡” | ￥369.5折 | ￥38 | 惠 | 【任意拼】双拼口味冰...,ocr/input_videos\上海__五角场合生汇__20260824.mp4
OBS-000390,五角场合生汇,柒日原叶·冻干茶,柒日原叶·冻干茶,茶饮果汁,,47,B2,new_store,False,new_store,ocr_missing,parsed,metadata_anchor,0.942,0.9768,58,4301,75.228,新店 | B2 | 茶饮果汁￥47/人,柒日原叶·冻干茶 | 新店 | B2 | 茶饮果汁￥47/人 | 点评榜单 | 柒日原叶 | 杨浦区茶饮果汁环境榜第1名 | -SEVEN TEA- | ￥556.2折 | ￥89 | 【进店必选】心动六边. | 惠,ocr/input_videos\上海__五角场合生汇__20260824.mp4
OBS-000391,五角场合生汇,混果汁,混果汁,茶饮果汁,,24,B1,new_store,False,new_store,ocr_missing,parsed,metadata_anchor,0.9795,0.9998,58,4301,75.228,新店 | 茶饮果汁￥24/人 | B1,混果汁 | 2 | 新店 | 茶饮果汁￥24/人 | B1 | 点评榜单 | 杨浦区饮品新店榜第2名 | 湿果汁N | ￥25.9 | ￥32 | 8.1折 | 【复购TOP】招牌.. | 惠,ocr/input_videos\上海__五角场合生汇__20260824.mp4
OBS-000392,五角场合生汇,吉事桔香茶,吉事桔香茶,茶饮果汁,4.2,21,B2,rated,True,,rated,parsed,rating_anchor,0.9755,0.995,59,4301,75.228,🌟🌟🌟⭐ | B2 | 茶饮果汁￥21/人 | 4.2,吉事桔香茶 | 正事格香不 | 事已到福民迪卡 | 4 | 🌟🌟🌟⭐ | B2 | 茶饮果汁￥21/人 | 4.2 | HSHIC | 点评镑单 | 上海饮品回头客榜第1名 | ￥19.89折 | ￥22 | 惠 | 【上海侬好】吉事人,ocr/input_videos\上海__五角场合生汇__20260824.mp4
OBS-000393,五角场合生汇,混果汁,混果汁,茶饮果汁,,24,B1,new_store,False,new_store,ocr_missing,parsed,metadata_anchor,0.9821,0.9997,65,4323,75.613,新店 | 茶饮果汁￥24/人 | B1,混果汁 | 新店 | 茶饮果汁￥24/人 | B1 | 点评榜单 | 杨浦区饮品新店榜第2名 | 混果汁e | ￥32 | ￥25.98.1折 | 【复购TOP】招牌生. | 惠,ocr/input_videos\上海__五角场合生汇__20260824.mp4
OBS-000394,五角场合生汇,吉事桔香茶,吉事桔香茶,茶饮果汁,4.2,21,B2,rated,True,,rated,parsed,rating_anchor,0.9833,0.9955,60,4323,75.613,🌟🌟🌟⭐ | B2 | 4.2茶饮果汁￥21/人,六 | 吉事桔香茶 | 吉事已划格风迎 | 11 | 🌟🌟🌟⭐ | B2 | 4.2茶饮果汁￥21/人 | PISHIC | 点评榜单 | 上海饮品回头客榜第1名 | ￥19.89折 | ￥22 | 【上海侬好】吉事人 | 惠,ocr/input_videos\上海__五角场合生汇__20260824.mp4
OBS-000395,五角场合生汇,Tamkoko泰柯茶园,Tamkoko泰柯茶园,茶饮果汁,4.0,20,B2,rated,True,,rated,parsed,rating_anchor,0.9717,0.9968,55,4323,75.613,4.0茶饮果汁￥20/人 | B2,Tamkoko泰柯茶园 | O | 4.0茶饮果汁￥20/人 | B2 | 点评榜单 | 杨浦区饮品销量榜第2名 | 惠￥16.99.4折 | ￥18 | 【经典OG】甄选泰奶,ocr/input_videos\上海__五角场合生汇__20260824.mp4
OBS-000396,五角场合生汇,东方墨兰,东方墨兰,茶饮果汁,4.1,17,B2,rated,True,,rated,parsed,rating_anchor,0.9785,0.9998,67,4323,75.613,🌟🌟🌟🎉⭐ | 4.1茶饮果汁￥17/人 | B2,东方墨兰 | 🌟🌟🌟🎉⭐ | 4.1茶饮果汁￥17/人 | B2 | 生椰冰奶联名上新 | “新品天杏欢纯果茶，口感清爽” | ￥16 | 8.1折 | ￥12.9 | 【超值单杯】招牌鲜.. | 惠,ocr/input_videos\上海__五角场合生汇__20260824.mp4
OBS-000397,五角场合生汇,混果汁,混果汁,茶饮果汁,,24,B1,new_store,False,new_store,ocr_missing,parsed,metadata_anchor,0.9829,0.9997,62,4378,76.575,新店 | 茶饮果汁￥24/人 | B1,混果汁 | 新店 | 茶饮果汁￥24/人 | B1 | 点评榜单 | 杨浦区饮品新店榜第2名 | 湿果汁彩 | ￥32 | ￥25.98.1折 | 【复购TOP】招牌生... | 惠,ocr/input_videos\上海__五角场合生汇__20260824.mp4
OBS-000398,五角场合生汇,吉事桔香茶,吉事桔香茶,茶饮果汁,4.2,21,B2,rated,True,,rated,parsed,rating_anchor,0.9834,0.9971,58,4378,76.575,⭐🌟🌟⭐ | 4.2茶饮果汁￥21/人 | B2 | ★,吉事桔香茶 | 通特不 | 已到福迪卡 | … | ⭐🌟🌟⭐ | 4.2茶饮果汁￥21/人 | B2 | ★ | JISHIO | 点评榜单 | 上海饮品回头客榜第1名 | ￥19.89折 | ￥22 | 【上海侬好】吉事人 | 惠,ocr/input_videos\上海__五角场合生汇__20260824.mp4
OBS-000399,五角场合生汇,Tamkoko泰柯茶园,Tamkoko泰柯茶园,茶饮果汁,4.0,20,B2,rated,True,,rated,parsed,rating_anchor,0.9491,0.999,54,4378,76.575,B2 | ⭐⭐4.0茶饮果汁￥20/人,Tamkoko泰柯茶园 | x Tokoko | Qinz | B2 | ⭐⭐4.0茶饮果汁￥20/人 | 点评榜单 | 杨浦区饮品销量榜第2名 | ￥16.99.4折 | ￥18 | 【经典OG】甄选泰奶 | 惠,ocr/input_videos\上海__五角场合生汇__20260824.mp4
OBS-000400,五角场合生汇,东方墨兰,东方墨兰,茶饮果汁,4.1,17,B2,rated,True,,rated,parsed,rating_anchor,0.9838,0.9999,65,4378,76.575,⭐🌟🌟⭐🌟 | B2 | 4.1茶饮果汁￥17/人,东方墨兰 | ⭐🌟🌟⭐🌟 | B2 | 4.1茶饮果汁￥17/人 | 生椰冰奶联名上新 | 新品天杏欢纯果茶，口感清爽” | ￥12.98.1折 | ￥16 | 【超值单杯】招牌鲜... | 惠,ocr/input_videos\上海__五角场合生汇__20260824.mp4
OBS-000401,五角场合生汇,茉莉奶白,茉莉奶白,茶饮果汁,4.2,19,B2,rated,True,,rated,parsed,rating_anchor,0.9735,0.9973,61,4378,76.575,★★★★★ | B2 | 4.2茶饮果汁￥19/人,茉莉奶白 | MOLLY TEA | 黑莉好自 | ★★★★★ | B2 | 4.2茶饮果汁￥19/人 | 甜而不腻，三分糖也足够甜蜜 | “,ocr/input_videos\上海__五角场合生汇__20260824.mp4
OBS-000402,五角场合生汇,吉事桔香茶,吉事桔香茶,茶饮果汁,4.2,21,B2,rated,True,,rated,parsed,rating_anchor,0.9865,0.9984,65,4455,77.922,⭐🌟⭐⭐ | 4.2茶饮果汁￥21/人 | B2 | ★,吉事桔香茶 | 事 | 吉事已到风迫 | ⭐🌟⭐⭐ | 4.2茶饮果汁￥21/人 | B2 | ★ | HSHI | 点评榜单 | 上海饮品回头客榜第1名 | ￥19.89折 | ￥22 | 【上海侬好】吉事人 | 惠,ocr/input_videos\上海__五角场合生汇__20260824.mp4
OBS-000403,五角场合生汇,Tamkoko泰柯茶园,Tamkoko泰柯茶园,茶饮果汁,4.0,20,B2,rated,True,,rated,parsed,rating_anchor,0.9845,0.9983,58,4455,77.922,B2 | 🌟🌟🌟🎉 | 4.0茶饮果汁￥20/人,Tamkoko泰柯茶园 | Qing Tonlako | B2 | 🌟🌟🌟🎉 | 4.0茶饮果汁￥20/人 | 点评榜单 | 杨浦区饮品销量榜第2名 | ￥18 | ￥16.99.4折 | 【经典OG】甄选泰奶 | 惠,ocr/input_videos\上海__五角场合生汇__20260824.mp4
OBS-000404,五角场合生汇,东方墨兰,东方墨兰,茶饮果汁,4.1,17,B2,rated,True,,rated,parsed,rating_anchor,0.9705,0.9998,67,4455,77.922,4.1茶饮果汁￥17/人 | B2,东方墨兰 | 4.1茶饮果汁￥17/人 | B2 | 生椰冰奶联名上新 | “新品天杏欢纯果茶，口感清爽” | “ | ￥12.98.1折 | ￥16 | 惠 | 【超值单杯】招牌鲜.…,ocr/input_videos\上海__五角场合生汇__20260824.mp4
OBS-000405,五角场合生汇,茉莉奶白,茉莉奶白,茶饮果汁,4.2,19,B2,rated,True,,rated,parsed,rating_anchor,0.9837,0.9952,68,4455,77.922,🌟🌟🌟⭐🌟 | B2 | 4.2茶饮果汁￥19/人,茉莉奶白 | MOLLYTEA | 第利划白 | 🌟🌟🌟⭐🌟 | B2 | 4.2茶饮果汁￥19/人 | 甜而不腻，三分糖也足够甜蜜” | “ | TT | ￥20 | ￥17.88.9折 | 【开心就好】开心果.. | 惠,ocr/input_videos\上海__五角场合生汇__20260824.mp4
OBS-000406,五角场合生汇,吉事桔香茶,吉事桔香茶,茶饮果汁,4.2,21,B2,rated,True,,rated,parsed,rating_anchor,0.9851,0.996,62,4510,78.884,🌟🌟⭐ | 4.2茶饮果汁￥21/人 | B2 | ★,吉事桔香茶 | 有事 | 吉事已到风迫 | 🌟🌟⭐ | 4.2茶饮果汁￥21/人 | B2 | ★ | 点评榜单 | JISHI | 上海饮品回头客榜第1名 | ￥19.89折 | ￥22 | 【上海侬好】吉事人… | 惠,ocr/input_videos\上海__五角场合生汇__20260824.mp4
OBS-000407,五角场合生汇,Tamkoko泰柯茶园,Tamkoko泰柯茶园,茶饮果汁,4.0,20,B2,rated,True,,rated,parsed,rating_anchor,0.9837,0.9966,55,4510,78.884,🌟🌟🌟🎉 | B2 | 4.0茶饮果汁￥20/人,Tamkoko泰柯茶园 | Qing Toglaku | 🌟🌟🌟🎉 | B2 | 4.0茶饮果汁￥20/人 | 点评榜单 | 杨浦区饮品销量榜第2名 | ￥18 | ￥16.99.4折 | 【经典OG】甄选泰奶 | 惠,ocr/input_videos\上海__五角场合生汇__20260824.mp4
OBS-000408,五角场合生汇,东方墨兰,东方墨兰,茶饮果汁,4.1,17,B2,rated,True,,rated,parsed,rating_anchor,0.9865,0.9998,64,4510,78.884,🌟🌟⭐⭐⭐ | B2 | 4.1茶饮果汁￥17/人,东方墨兰 | 🌟🌟⭐⭐⭐ | B2 | 4.1茶饮果汁￥17/人 | 生椰冰奶联名上新 | 新品天杏欢纯果茶，口感清爽 | ￥12.98.1折 | ￥16 | 惠 | 【超值单杯】招牌鲜...,ocr/input_videos\上海__五角场合生汇__20260824.mp4
OBS-000409,五角场合生汇,茉莉奶白,茉莉奶白,茶饮果汁,4.2,19,B2,rated,True,,rated,parsed,rating_anchor,0.9874,0.9987,63,4510,78.884,🌟🌟⭐⭐ | B2 | 4.2茶饮果汁￥19/人,茉莉奶白 | MOLLYTEA | 第利奶白 | 🌟🌟⭐⭐ | B2 | 4.2茶饮果汁￥19/人 | 甜而不腻，三分糖也足够甜蜜” | “ | T | 4 | ￥17.88.9折 | ￥20 | 【开心就好】开心果... | 惠,ocr/input_videos\上海__五角场合生汇__20260824.mp4
OBS-000410,五角场合生汇,Tamkoko泰柯茶园,Tamkoko泰柯茶园,茶饮果汁,4.0,20,B2,rated,True,,rated,parsed,rating_anchor,0.9888,0.9979,54,4565,79.846,🌟🌟⭐ | B2 | 4.0茶饮果汁￥20/人,Tamkoko泰柯茶园 | Qing × Tonakoo | 🌟🌟⭐ | B2 | 4.0茶饮果汁￥20/人 | 点评榜单 | 杨浦区饮品销量榜第2名 | 惠￥16.99.4折 | ￥18 | 【经典OG】甄选泰奶,ocr/input_videos\上海__五角场合生汇__20260824.mp4
OBS-000411,五角场合生汇,东方墨兰,东方墨兰,茶饮果汁,4.1,17,B2,rated,True,,rated,parsed,rating_anchor,0.9861,0.9997,65,4565,79.846,B2 | 🌟🌟🌟🌟🌟 | 4.1茶饮果汁￥17/人,东方墨兰 | B2 | 🌟🌟🌟🌟🌟 | 4.1茶饮果汁￥17/人 | 生椰冰奶联名上新 | 新品天杏欢纯果茶，口感清爽 | ￥16 | ￥12.9 | 8.1折 | 惠 | 【超值单杯】招牌鲜...,ocr/input_videos\上海__五角场合生汇__20260824.mp4
OBS-000412,五角场合生汇,茉莉奶白,茉莉奶白,茶饮果汁,4.2,19,B2,rated,True,,rated,parsed,rating_anchor,0.9867,0.9953,63,4565,79.846,⭐🌟⭐⭐ | B2 | 4.2茶饮果汁￥19/人,茉莉奶白 | MOLLYTEA | 芝狗奶白 | ⭐🌟⭐⭐ | B2 | 4.2茶饮果汁￥19/人 | 甜而不腻，三分糖也足够甜蜜” | n | 惠￥17.88.9折 | ￥20 | 【开心就好】开心果..,ocr/input_videos\上海__五角场合生汇__20260824.mp4
OBS-000413,五角场合生汇,Salud撒露欧洲冻酸奶,Salud撒露欧洲冻酸奶,冰淇淋,3.8,24,L4,rated,True,,rated,parsed,rating_anchor,0.9473,0.9748,54,4565,79.846,3.8冰淇淋￥24/人 | L4,Salud撒露欧洲冻酸奶 | salud.欧洲冻酸奶 | 3.8冰淇淋￥24/人 | L4 | 点评榜单 | 杨浦区冰淇淋销量榜第5名 | 限时特惠 | 是您用餐的好去处” | 小 | ￥239.2折 | 【必选单品】Sä小杯冻... | ￥25 | 惠 | 4折 | ￥55元代金券 | 惠 | ￥2,ocr/input_videos\上海__五角场合生汇__20260824.mp4
OBS-000414,五角场合生汇,KOI Thé,KOIThé,茶饮果汁,4.3,22,L4,rated,True,,rated,parsed,rating_anchor,0.9714,0.965,55,4565,79.846,🌟🌟🌟 | 4.3茶饮果汁￥22/人 | L4 | ★,KOI Thé | 🌟🌟🌟 | 4.3茶饮果汁￥22/人 | L4 | ★,ocr/input_videos\上海__五角场合生汇__20260824.mp4
OBS-000415,五角场合生汇,茉莉奶白,茉莉奶白,茶饮果汁,4.2,19,B2,rated,True,,rated,parsed,rating_anchor,0.9881,0.9979,60,4587,80.23,🌟🌟 | 4.2茶饮果汁￥19/人 | B2,茉莉奶白 | MOLLY TEA | 美粉影白 | 🌟🌟 | 4.2茶饮果汁￥19/人 | B2 | 甜而不腻，三分糖也足够甜蜜 | 5 | Tj | ￥20 | 惠￥17.88.9折 | 【开心就好】开心果..,ocr/input_videos\上海__五角场合生汇__20260824.mp4
OBS-000416,五角场合生汇,Salud撒露欧洲冻酸奶,Salud撒露欧洲冻酸奶,冰淇淋,3.8,24,L4,rated,True,,rated,parsed,rating_anchor,0.9706,0.9991,51,4587,80.23,3.8冰淇淋￥24/人 | L4,Salud撒露欧洲冻酸奶 | sälud.欧洲冻酸奶 | 3.8冰淇淋￥24/人 | L4 | 点评榜单 | 杨浦区冰淇淋销量榜第5名 | 限时特惠 | 是您用餐的好去处” | “ | 惠￥239.2折 | ￥25 | 【必选单品】Sä小杯冻... | 4折 | ￥2 | 惠 | ￥55元代金券,ocr/input_videos\上海__五角场合生汇__20260824.mp4
OBS-000417,五角场合生汇,KOI Thé,KOIThé,茶饮果汁,4.3,22,L4,rated,True,,rated,parsed,rating_anchor,0.9566,0.9562,52,4587,80.23,4.3茶饮果汁￥22/人 | L4,KOI Thé | 山野酸 | KOl The | 回甘 | 4.3茶饮果汁￥22/人 | L4 | 2Et | ￥20.98.8折 | ￥24KOI招牌2选1（大杯） | 惠,ocr/input_videos\上海__五角场合生汇__20260824.mp4
OBS-000418,五角场合生汇,礼厚茶肆,礼厚茶肆,茶饮果汁,4.3,21,B2,rated,True,,rated,parsed,rating_anchor,0.9813,0.9902,57,4587,80.23,🌟🌟⭐⭐ | B2 | 4.3茶饮果汁￥21/人 | ★,礼厚茶肆 | 礼厚 | 🌟🌟⭐⭐ | B2 | 4.3茶饮果汁￥21/人 | ★ | 茶肆 | 点评榜单 | 五角场/大学路茶饮果汁好评榜第5名 | LIHOU CHASI | 浓郁的抹茶与香滑芋泥完美搭配 | “ | ￥17.69.8折 | ￥18 | 【招牌推荐】闽南手.. | 惠,ocr/input_videos\上海__五角场合生汇__20260824.mp4
OBS-000419,五角场合生汇,茉莉奶白,茉莉奶白,茶饮果汁,4.2,19,B2,rated,True,,rated,parsed,rating_anchor,0.9861,0.9988,56,4631,81.0,🌟🌟🌟🌟🌟 | B2 | 4.2茶饮果汁￥19/人,茉莉奶白 | MOLLY TEA | 芝利奶白 | 🌟🌟🌟🌟🌟 | B2 | 4.2茶饮果汁￥19/人 | 甜而不腻，三分糖也足够甜蜜” | 7x | 2 | ￥17.88.9折 | ￥20 | 惠 | 【开心就好】开心果.,ocr/input_videos\上海__五角场合生汇__20260824.mp4
OBS-000420,五角场合生汇,Salud撒露欧洲冻酸奶,Salud撒露欧洲冻酸奶,冰淇淋,3.8,24,L4,rated,True,,rated,parsed,rating_anchor,0.9684,0.9996,53,4631,81.0,3.8冰淇淋￥24/人 | L4,Salud撒露欧洲冻酸奶 | salud.欧洲冻酸奶 | 3.8冰淇淋￥24/人 | L4 | 点评榜单 | 杨浦区冰淇淋销量榜第5名 | 限时特惠 | 是您用餐的好去处 | “ | ￥239.2折 | ￥25 | 【必选单品】Sä小杯冻... | 惠 | 惠 | 4折 | ￥2 | ￥55元代金券,ocr/input_videos\上海__五角场合生汇__20260824.mp4
OBS-000421,五角场合生汇,KOI Thé,KOIThé,茶饮果汁,4.3,22,L4,rated,True,,rated,parsed,rating_anchor,0.9685,0.9729,53,4631,81.0,🌟🌟★★ | 4.3茶饮果汁￥22/人 | L4,KOI Thé | 山野所酸 | KOl The | 回味的甘 | 🌟🌟★★ | 4.3茶饮果汁￥22/人 | L4 | ￥20.9 | 8.8折 | ￥24KOI招牌2选1(大杯) | 惠,ocr/input_videos\上海__五角场合生汇__20260824.mp4
OBS-000422,五角场合生汇,礼厚茶肆,礼厚茶肆,茶饮果汁,4.3,21,B2,rated,True,,rated,parsed,rating_anchor,0.983,0.9935,57,4631,81.0,🌟🌟🌟🌟 | B2 | 4.3茶饮果汁￥21/人,礼厚茶肆 | 礼厚 | 🌟🌟🌟🌟 | B2 | 4.3茶饮果汁￥21/人 | 茶肆 | 点评榜单 | 五角场/大学路茶饮果汁好评榜第5名 | LIHOU CHASI | “浓郁的抹茶与滑芋泥完美搭配’ | ￥18 | ￥17.69.8折 | 【招牌推荐】闽南手. | 惠,ocr/input_videos\上海__五角场合生汇__20260824.mp4
OBS-000423,五角场合生汇,椿田熟成茶行,椿田熟成茶行,茶饮果汁,,21,B2,new_store,False,new_store,ocr_missing,parsed,metadata_anchor,0.967,0.9906,59,4631,81.0,新店 | B2 | 茶饮果汁￥21/人,椿田熟成茶行 | 新店 | B2 | 茶饮果汁￥21/人 | CHUNTIAN | 点评榜单 | 杨浦区饮品热门榜第3名 | 精田熟威茶行,ocr/input_videos\上海__五角场合生汇__20260824.mp4
OBS-000424,五角场合生汇,茉莉奶白,茉莉奶白,茶饮果汁,4.2,19,B2,rated,True,,rated,parsed,rating_anchor,0.9856,0.9971,59,4642,81.192,🌟🌟⭐ | B2 | 4.2茶饮果汁￥19/人,茉莉奶白 | MOLLYTEA | 复利则白 | 🌟🌟⭐ | B2 | 4.2茶饮果汁￥19/人 | 甜而不腻，三分糖也足够甜蜜 | 心 | n | 惠￥17.88.9折 | ￥20 | 【开心就好】开心果.,ocr/input_videos\上海__五角场合生汇__20260824.mp4
OBS-000425,五角场合生汇,Salud撒露欧洲冻酸奶,Salud撒露欧洲冻酸奶,冰淇淋,3.8,24,L4,rated,True,,rated,parsed,rating_anchor,0.9699,0.9996,53,4642,81.192,3.8冰淇淋￥24/人 | L4,Salud撒露欧洲冻酸奶 | salud.欧洲冻酸奶 | 3.8冰淇淋￥24/人 | L4 | 点评榜单 | 杨浦区冰淇淋销量榜第5名 | 限时特惠 | 是您用餐的好去处 | “ | ￥239.2折 | ￥25 | 【必选单品】Sä小杯冻... | 惠 | 4折 | ￥2 | ￥55元代金券 | 惠,ocr/input_videos\上海__五角场合生汇__20260824.mp4
OBS-000426,五角场合生汇,KOI Thé,KOIThé,茶饮果汁,4.3,22,L4,rated,True,,rated,parsed,rating_anchor,0.9683,0.9608,53,4642,81.192,🌟🌟🌟🌟 | L4 | 4.3茶饮果汁￥22/人 | ★,KOI Thé | 山野酸 | KOl The | 回味的甘 | 🌟🌟🌟🌟 | L4 | 4.3茶饮果汁￥22/人 | ★ | ￥20.98.8折 | 惠 | ￥24KOI招牌2选1（大杯）,ocr/input_videos\上海__五角场合生汇__20260824.mp4
OBS-000427,五角场合生汇,礼厚茶肆,礼厚茶肆,茶饮果汁,4.3,21,B2,rated,True,,rated,parsed,rating_anchor,0.9823,0.9928,60,4642,81.192,⭐🌟🌟⭐ | 4.3茶饮果汁￥21/人 | B2,礼厚茶肆 | 礼厚 | ⭐🌟🌟⭐ | 4.3茶饮果汁￥21/人 | B2 | 茶肆 | 点评榜单 | 五角场/大学路茶饮果汁好评榜第5名 | LIHOU CHASI | “浓郁的抹茶与香滑芋泥完美搭配” | ￥18 | ￥17.69.8折 | 【招牌推荐】闽南手. | 惠,ocr/input_videos\上海__五角场合生汇__20260824.mp4
OBS-000428,五角场合生汇,椿田熟成茶行,椿田熟成茶行,茶饮果汁,,21,B2,new_store,False,new_store,ocr_missing,parsed,metadata_anchor,0.9719,0.9802,55,4642,81.192,新店 | B2 | 茶饮果汁￥21/人,椿田熟成茶行 | 新店 | B2 | 茶饮果汁￥21/人 | CHUNTIAN | 点评榜单 | 杨浦区饮品热门榜第3名 | 椿田款展茶行,ocr/input_videos\上海__五角场合生汇__20260824.mp4
OBS-000429,五角场合生汇,茉莉奶白,茉莉奶白,茶饮果汁,4.2,19,B2,rated,True,,rated,parsed,rating_anchor,0.9843,0.992,57,4675,81.77,⭐🌟🌟⭐🌟 | B2 | 4.2茶饮果汁￥19/人,茉莉奶白 | MOLLYTEA | 黑利好白 | ⭐🌟🌟⭐🌟 | B2 | 4.2茶饮果汁￥19/人 | 甜而不腻，三分糖也足够甜蜜 | -T | ￥20 | 惠￥17.88.9折 | 【开心就好】开心果.,ocr/input_videos\上海__五角场合生汇__20260824.mp4
OBS-000430,五角场合生汇,Salud撒露欧洲冻酸奶,Salud撒露欧洲冻酸奶,冰淇淋,3.8,24,L4,rated,True,,rated,parsed,rating_anchor,0.9844,0.9993,50,4675,81.77,🌟🌟🎉🌟⭐ | 3.8冰淇淋￥24/人 | L4,Salud撒露欧洲冻酸奶 | salud.欧洲冻酸奶 | 🌟🌟🎉🌟⭐ | 3.8冰淇淋￥24/人 | L4 | 点评榜单 | 杨浦区冰淇淋销量榜第5名 | 限时特惠 | 是您用餐的好去处” | ￥239.2折 | ￥25 | 惠 | 【必选单品】Sä小杯冻... | 4折 | ￥2 | ￥55元代金券 | 惠,ocr/input_videos\上海__五角场合生汇__20260824.mp4
OBS-000431,五角场合生汇,KOI Thé,KOIThé,茶饮果汁,4.3,22,L4,rated,True,,rated,parsed,rating_anchor,0.9557,0.9566,53,4675,81.77,4.3茶饮果汁￥22/人 | L4,KOI Thé | 山野酸 | KOI The | 回味的甘 | 4.3茶饮果汁￥22/人 | L4 | ￥20.9 | 8.8折 | ￥24KOI招牌2选1（大杯） | 惠,ocr/input_videos\上海__五角场合生汇__20260824.mp4
OBS-000432,五角场合生汇,礼厚茶肆,礼厚茶肆,茶饮果汁,4.3,21,B2,rated,True,,rated,parsed,rating_anchor,0.9843,0.9927,63,4675,81.77,⭐⭐⭐ | B2 | 4.3茶饮果汁￥21/人,礼厚茶肆 | 礼厚 | ⭐⭐⭐ | B2 | 4.3茶饮果汁￥21/人 | 茶肆 | 点评榜单 | 五角场/大学路茶饮果汁好评榜第5名 | LIHOU CHASI | “浓郁的抹茶与香滑芋泥完美搭配” | ￥17.69.8折 | ￥18 | 惠 | 【招牌推荐】闽南手.,ocr/input_videos\上海__五角场合生汇__20260824.mp4
OBS-000433,五角场合生汇,椿田熟成茶行,椿田熟成茶行,茶饮果汁,,21,B2,new_store,False,new_store,ocr_missing,parsed,metadata_anchor,0.9745,0.9823,60,4675,81.77,新店 | B2 | 茶饮果汁￥21/人,椿田熟成茶行 | 新店 | B2 | 茶饮果汁￥21/人 | CIUNTIAN | 点评镑单 | 杨浦区饮品热门榜第3名 | 热田熟成养行,ocr/input_videos\上海__五角场合生汇__20260824.mp4
OBS-000434,五角场合生汇,礼厚茶肆,礼厚茶肆,茶饮果汁,4.3,21,B2,rated,True,,rated,parsed,rating_anchor,0.9819,0.9897,59,4785,83.694,B2 | 🌟🌟🌟🎉 | 4.3茶饮果汁￥21/人,礼厚茶肆 | 礼厚 | B2 | 🌟🌟🌟🎉 | 4.3茶饮果汁￥21/人 | 茶肆 | 点评榜单 | LHOU CHASI | 五角场/大学路茶饮果汁好评榜第5名 | 浓郁的抹茶与香滑芋泥完美搭配 | ￥18 | ￥17.69.8折 | 【招牌推荐】闽南手. | 惠,ocr/input_videos\上海__五角场合生汇__20260824.mp4
OBS-000435,五角场合生汇,椿田熟成茶行,椿田熟成茶行,茶饮果汁,,21,B2,new_store,False,new_store,ocr_missing,parsed,metadata_anchor,0.976,0.9888,56,4785,83.694,新店 | 茶饮果汁￥21/人 | B2,椿田熟成茶行 | 新店 | 茶饮果汁￥21/人 | B2 | ② | CIUNTIAN | 点评榜单 | 杨浦区饮品热门榜第3名 | 椿田熟成并行 | ￥16.79.9折 | ￥17 | 【冷榨苹果】富士苹... | 惠,ocr/input_videos\上海__五角场合生汇__20260824.mp4
OBS-000436,五角场合生汇,茶米有言,茶米有言,茶饮果汁,,15,L4,new_store,False,new_store,ocr_missing,parsed,metadata_anchor,0.9793,0.997,63,4785,83.694,新店 | 茶饮果汁￥15/人 | L4,茶米有言 | 武安 | NEW | 日 | 新店 | 茶饮果汁￥15/人 | L4 | 点评榜单 | 杨浦区茶饮果汁打卡人气榜第2名 | 茶光有官 | CaTur | 新店试营业 | ￥158.9折 | ￥17 | 【招牌必喝】鲜米豆花. | 惠,ocr/input_videos\上海__五角场合生汇__20260824.mp4
OBS-000437,五角场合生汇,瑞幸咖啡,瑞幸咖啡,咖啡,3.9,15,B2,rated,True,,rated,parsed,rating_anchor,0.9733,0.9999,60,4785,83.694,3.9咖啡￥15/人 | B2,瑞幸咖啡 | 3.9咖啡￥15/人 | B2 | 双杯冰茶清爽登场！ | 5 | 1 | ￥20 | ￥11.9 | 6折 | 【瑞门闭眼入】10选1 | 惠,ocr/input_videos\上海__五角场合生汇__20260824.mp4
OBS-000438,五角场合生汇,星巴克,星巴克,咖啡,3.9,37,B1,rated,True,,rated,parsed,rating_anchor,0.9604,0.9992,62,4785,83.694,B1 | 咖啡￥37/人 | 🌟🌟🌟🌟🌟 | 3.9,星巴克 | B1 | 咖啡￥37/人 | 🌟🌟🌟🌟🌟 | 3.9 | 拓试区咖涨销量接策厂名 | 与和障闲,ocr/input_videos\上海__五角场合生汇__20260824.mp4
OBS-000439,五角场合生汇,椿田熟成茶行,椿田熟成茶行,茶饮果汁,,21,B2,new_store,False,new_store,ocr_missing,parsed,metadata_anchor,0.9558,0.9939,52,4807,84.078,新店 | 茶饮果汁￥21/人 | B2,椿田熟成茶行 | 新店 | 茶饮果汁￥21/人 | B2 | CHUNTIAN | 点评榜单 | 杨浦区饮品热门榜第3名 | 格田熟威并行 | ￥16.79.9折 | ￥17 | 【冷榨苹果】富士苹... | 惠,ocr/input_videos\上海__五角场合生汇__20260824.mp4
OBS-000440,五角场合生汇,茶米有言,茶米有言,茶饮果汁,,15,L4,new_store,False,new_store,ocr_missing,parsed,metadata_anchor,0.9798,0.9954,59,4807,84.078,新店 | 茶饮果汁￥15/人 | L4,茶米有言 | 新店 | 茶饮果汁￥15/人 | L4 | 点评榜单 | 杨浦区茶饮果汁打卡人气榜第2名 | 荣来有官 | CWIMI | 新店试营业 | ￥158.9折 | ￥17 | 【招牌必喝】鲜米豆花.. | 惠,ocr/input_videos\上海__五角场合生汇__20260824.mp4
OBS-000441,五角场合生汇,瑞幸咖啡,瑞幸咖啡,咖啡,3.9,15,B2,rated,True,,rated,parsed,rating_anchor,0.9734,0.9999,57,4807,84.078,3.9咖啡￥15/人 | B2,瑞幸咖啡 | 3.9咖啡￥15/人 | B2 | 双杯冰茶清爽登场！ | E | i | 惠￥11.96折 | ￥20 | 【瑞门闭眼入】10选1,ocr/input_videos\上海__五角场合生汇__20260824.mp4
OBS-000442,五角场合生汇,星巴克,星巴克,咖啡,3.9,37,B1,rated,True,,rated,parsed,rating_anchor,0.9691,0.9993,63,4807,84.078,🌟🌟🌟🌟⭐ | 咖啡￥37/人 | B1 | 3.9,星巴克 | 🌟🌟🌟🌟⭐ | 咖啡￥37/人 | B1 | 3.9 | 点评榜单 | 杨浦区咖啡销量榜第5名 | 真茶真奶真爱你 | 甜而不腻的蛋糕和醇香咖啡 | “ | ￥59.97.7折 | ￥78 | 惠 | 【爆款推荐】星巴克...,ocr/input_videos\上海__五角场合生汇__20260824.mp4
OBS-000443,五角场合生汇,椿田熟成茶行,椿田熟成茶行,茶饮果汁,,21,B2,new_store,False,new_store,ocr_missing,parsed,metadata_anchor,0.9696,0.9896,56,4818,84.271,新店 | B2 | 茶饮果汁￥21/人,椿田熟成茶行 | 新店 | B2 | 茶饮果汁￥21/人 | CIUNTIAN | 点评榜单 | 杨浦区饮品热门榜第3名 | 椿田熟成养行 | ￥16.79.9折 | ￥17 | 惠 | 【冷榨苹果】富士苹.,ocr/input_videos\上海__五角场合生汇__20260824.mp4
OBS-000444,五角场合生汇,茶米有言,茶米有言,茶饮果汁,,15,L4,new_store,False,new_store,ocr_missing,parsed,metadata_anchor,0.9818,0.9946,64,4818,84.271,新店 | 茶饮果汁￥15/人 | L4,茶米有言 | 新店 | 茶饮果汁￥15/人 | L4 | 点评榜单 | 杨浦区茶饮果汁打卡人气榜第2名 | 茶宫 | CAIUI | 新店试营业 | ￥158.9折 | ￥17 | 【招牌必喝】鲜米豆花.. | 惠,ocr/input_videos\上海__五角场合生汇__20260824.mp4
OBS-000445,五角场合生汇,瑞幸咖啡,瑞幸咖啡,咖啡,3.9,15,B2,rated,True,,rated,parsed,rating_anchor,0.9702,0.9997,60,4818,84.271,3.9咖啡￥15/人 | B2,瑞幸咖啡 | 3.9咖啡￥15/人 | B2 | 双杯冰茶清爽登场！ | 果 | 还 | 委 | 家 | 国 | 惠￥11.9 | ￥20 | 6折 | 【瑞门闭眼入】10选1,ocr/input_videos\上海__五角场合生汇__20260824.mp4
OBS-000446,五角场合生汇,星巴克,星巴克,咖啡,3.9,37,B1,rated,True,,rated,parsed,rating_anchor,0.9714,0.9995,63,4818,84.271,3.9咖啡￥37/人 | B1,星巴克 | 3.9咖啡￥37/人 | B1 | 点评榜单 | 杨浦区咖啡销量榜第5名 | 真茶真奶真愛你 | 甜而不腻的蛋糕和醇香咖啡 | “ | 7.7折 | ￥59.9 | ￥78 | 惠 | 【爆款推荐】星巴克..,ocr/input_videos\上海__五角场合生汇__20260824.mp4
OBS-000447,五角场合生汇,椿田熟成茶行,椿田熟成茶行,茶饮果汁,,21,B2,new_store,False,new_store,ocr_missing,parsed,metadata_anchor,0.9769,0.9889,57,4851,84.848,新店 | 茶饮果汁￥21/人 | B2,椿田熟成茶行 | 新店 | 茶饮果汁￥21/人 | B2 | FH1 | t1 | CHUNTIAN | 点评榜单 | 杨浦区饮品热门榜第3名 | 椿田熟威茶行 | ￥17 | ￥16.79.9折 | 惠 | 【冷榨苹果】富士苹.,ocr/input_videos\上海__五角场合生汇__20260824.mp4
OBS-000448,五角场合生汇,茶米有言,茶米有言,茶饮果汁,,15,L4,new_store,False,new_store,ocr_missing,parsed,metadata_anchor,0.981,0.9973,63,4851,84.848,茶饮果汁￥15/人 | 新店 | L4,茶米有言 | 日来 | 茶饮果汁￥15/人 | 新店 | L4 | 点评榜单 | 杨浦区茶饮果汁打卡人气榜第2名 | 茶有言 | EM | 新店试营业 | ￥158.9折 | ￥17 | 【招牌必喝】鲜米豆花.. | 惠,ocr/input_videos\上海__五角场合生汇__20260824.mp4
OBS-000449,五角场合生汇,瑞幸咖啡,瑞幸咖啡,咖啡,3.9,15,B2,rated,True,,rated,parsed,rating_anchor,0.9743,0.9997,60,4851,84.848,3.9咖啡￥15/人 | B2,瑞幸咖啡 | 3.9咖啡￥15/人 | B2 | 双杯水茶清爽登场！ | 委 | 通 | UNEN | ￥11.96折 | ￥20 | 【瑞门闭眼入】10选1 | 惠,ocr/input_videos\上海__五角场合生汇__20260824.mp4
OBS-000450,五角场合生汇,星巴克,星巴克,咖啡,3.9,37,B1,rated,True,,rated,parsed,rating_anchor,0.9753,0.9992,62,4851,84.848,🌟🌟🌟🌟⭐ | 咖啡￥37/人 | B1 | 3.9,星巴克 | 🌟🌟🌟🌟⭐ | 咖啡￥37/人 | B1 | 3.9 | 点评榜单 | 杨浦区咖啡销量榜第5名 | 甜而不腻的蛋糕和醇香咖啡” | 真茶真奶真愛你 | ￥59.97.7折 | ￥78 | 【爆款推荐】星巴克... | 惠,ocr/input_videos\上海__五角场合生汇__20260824.mp4
OBS-000451,五角场合生汇,CoCo都可,CoCo都可,茶饮果汁,3.9,14,B2,rated,True,,rated,parsed,rating_anchor,0.957,0.9994,59,4851,84.848,★3.9茶饮果汁￥14/人 | B2,CoCo都可 | ★3.9茶饮果汁￥14/人 | B2 | 良心柠檬红茶超值” | 止 | CoCo,ocr/input_videos\上海__五角场合生汇__20260824.mp4
OBS-000452,五角场合生汇,椿田熟成茶行,椿田熟成茶行,茶饮果汁,,21,B2,new_store,False,new_store,ocr_missing,parsed,metadata_anchor,0.9803,0.9922,55,4884,85.425,新店 | B2 | 茶饮果汁￥21/人,椿田熟成茶行 | 新店 | B2 | 茶饮果汁￥21/人 | CHUNTIAN | 点评榜单 | 杨浦区饮品热门榜第3名 | 椿田热成茶行 | ￥16.79.9折 | ￥17 | 【冷榨苹果】富士苹... | 惠,ocr/input_videos\上海__五角场合生汇__20260824.mp4
OBS-000453,五角场合生汇,茶米有言,茶米有言,茶饮果汁,,15,L4,new_store,False,new_store,ocr_missing,parsed,metadata_anchor,0.9814,0.9921,60,4884,85.425,新店 | 茶饮果汁￥15/人 | L4,茶米有言 | 新店 | 茶饮果汁￥15/人 | L4 | 点评榜单 | 杨浦区茶饮果汁打卡人气榜第2名 | 茶有言 | EM | 新店试营业 | ￥158.9折 | ￥17 | 【招牌必喝】鲜米豆花... | 惠,ocr/input_videos\上海__五角场合生汇__20260824.mp4
OBS-000454,五角场合生汇,瑞幸咖啡,瑞幸咖啡,咖啡,3.9,15,B2,rated,True,,rated,parsed,rating_anchor,0.9747,0.9997,60,4884,85.425,3.9咖啡￥15/人 | B2,瑞幸咖啡 | 3.9咖啡￥15/人 | B2 | 双杯冰茶清爽登场！ | ￥20 | ￥11.9 | 6折 | 【瑞门闭眼入】10选1 | 惠,ocr/input_videos\上海__五角场合生汇__20260824.mp4
OBS-000455,五角场合生汇,星巴克,星巴克,咖啡,3.9,37,B1,rated,True,,rated,parsed,rating_anchor,0.9814,0.9991,62,4884,85.425,🌟🌟🌟🌟⭐ | 3.9咖啡￥37/人 | B1,星巴克 | 🌟🌟🌟🌟⭐ | 3.9咖啡￥37/人 | B1 | 点评榜单 | 杨浦区咖啡销量榜第5名 | “甜而不腻的蛋糕和醇香咖啡” | 真茶真奶真愛你 | ￥59.9 | ￥78 | 7.7折 | 【爆款推荐】星巴克.. | 惠,ocr/input_videos\上海__五角场合生汇__20260824.mp4
OBS-000456,五角场合生汇,CoCo都可,CoCo都可,茶饮果汁,3.9,14,B2,rated,True,,rated,parsed,rating_anchor,0.9845,0.9995,55,4884,85.425,B2 | 🌟🌟⭐💥🌟 | 3.9茶饮果汁￥14/人,CoCo都可 | B2 | 🌟🌟⭐💥🌟 | 3.9茶饮果汁￥14/人 | 00 | 良心柠檬红茶超值” | CoCo,ocr/input_videos\上海__五角场合生汇__20260824.mp4
OBS-000457,五角场合生汇,瑞幸咖啡,瑞幸咖啡,咖啡,3.9,15,B2,rated,True,,rated,parsed,rating_anchor,0.9754,0.9997,56,4983,87.157,3.9咖啡￥15/人 | B2,瑞幸咖啡 | 3.9咖啡￥15/人 | B2 | 双杯冰茶清爽登场！ | 器 | 图 | 运 | 2 | ￥11.9 | ￥20 | 6折 | 惠 | 【瑞门闭眼入】10选1,ocr/input_videos\上海__五角场合生汇__20260824.mp4
OBS-000458,五角场合生汇,星巴克,星巴克,咖啡,3.9,37,B1,rated,True,,rated,parsed,rating_anchor,0.9705,0.9991,64,4983,87.157,B1 | 🌟🌟💥🌟⭐ | 咖啡￥37/人 | 3.9,星巴克 | B1 | 🌟🌟💥🌟⭐ | 咖啡￥37/人 | 3.9 | 点评镑单 | 杨浦区咖啡销量榜第5名 | 真茶真奶真愛你 | 甜而不腻的蛋糕和醇香咖啡 | “ | ￥59.97.7折 | ￥78 | 惠 | 【爆款推荐】星巴克.,ocr/input_videos\上海__五角场合生汇__20260824.mp4
OBS-000459,五角场合生汇,CoCo都可,CoCo都可,茶饮果汁,3.9,14,B2,rated,True,,rated,parsed,rating_anchor,0.9697,0.9994,58,4983,87.157,3.9茶饮果汁￥14/人 | B2,CoCo都可 | 3.9茶饮果汁￥14/人 | B2 | 00 | 良心柠檬红茶超值 | “ | CoCo | ￥10.97.3折 | ￥15 | 【清爽有料】生椰杨.. | 惠,ocr/input_videos\上海__五角场合生汇__20260824.mp4
OBS-000460,五角场合生汇,GODIVA,GODIVA,冰淇淋,4.3,44,L1,rated,True,,rated,parsed,rating_anchor,0.9818,0.9988,50,4983,87.157,🌟🌟🌟💥 | L1 | 4.3冰淇淋￥44/人,GODIVA | 🌟🌟🌟💥 | L1 | 4.3冰淇淋￥44/人 | CODIVA | 点评榜单 | 五角场/大学路冰淇淋好评榜第3名 | 2 | 《 | 公 | Htrurcsadcxrx:133. | ￥110经典软冰淇淋2支 | ￥101.89.3折 | 惠,ocr/input_videos\上海__五角场合生汇__20260824.mp4
OBS-000461,五角场合生汇,LINLEE林里·手打柠檬茶,LINLEE林里·手打柠檬茶,茶饮果汁,4.2,18,商场内,rated,True,,rated,parsed,rating_anchor,0.9718,0.9701,51,4983,87.157,商场内 | 🌟🌟💥 | 4.2茶饮果汁￥18/人 | ★,LINLEE林里·手打柠檬茶 | 商场内 | 🌟🌟💥 | 4.2茶饮果汁￥18/人 | ★,ocr/input_videos\上海__五角场合生汇__20260824.mp4
OBS-000462,五角场合生汇,星巴克,星巴克,咖啡,3.9,37,B1,rated,True,,rated,parsed,rating_anchor,0.9629,0.9995,63,4994,87.349,🌟🌟🌟🌟🎉 | 咖啡￥37/人 | B1 | 3.9,星巴克 | 🌟🌟🌟🌟🎉 | 咖啡￥37/人 | B1 | 3.9 | 点评榜单 | 杨浦区咖啡销量榜第5名 | 甜而不腻的蛋糕和醇香咖啡” | 真茶真奶真愛你 | ￥59.97.7折 | ￥78 | 惠 | 【爆款推荐】星巴克..,ocr/input_videos\上海__五角场合生汇__20260824.mp4
OBS-000463,五角场合生汇,CoCo都可,CoCo都可,茶饮果汁,3.9,14,B2,rated,True,,rated,parsed,rating_anchor,0.9791,0.999,62,4994,87.349,🌟🌟🌟⭐3.9 | B2 | 茶饮果汁￥14/人,CoCo都可 | 🌟🌟🌟⭐3.9 | B2 | 茶饮果汁￥14/人 | 良心柠檬红茶超值 | CoCo | ￥15 | ￥10.97.3折 | 惠 | 【清爽有料】生椰杨.,ocr/input_videos\上海__五角场合生汇__20260824.mp4
OBS-000464,五角场合生汇,GODIVA,GODIVA,冰淇淋,4.3,44,L1,rated,True,,rated,parsed,rating_anchor,0.9817,0.999,53,4994,87.349,🌟🌟💥 | L1 | 4.3冰淇淋￥44/人,GODIVA | 🌟🌟💥 | L1 | 4.3冰淇淋￥44/人 | CODIVA | 点评榜单 | 五角场/大学路冰淇淋好评榜第3名 | 心 | Hcrurtrcaa rx:13s. | ￥101.89.3折 | ￥110经典软冰淇淋2支 | 惠,ocr/input_videos\上海__五角场合生汇__20260824.mp4
OBS-000465,五角场合生汇,LINLEE林里·手打柠檬茶,LINLEE林里·手打柠檬茶,茶饮果汁,4.2,18,商场内,rated,True,,rated,parsed,rating_anchor,0.977,0.9856,54,4994,87.349,商场内 | 🌟🌟🌟🎉 | 4.2茶饮果汁￥18/人,LINLEE林里·手打柠檬茶 | H2LIM.CC | 这杯康普 | 好汽质 | 商场内 | 🌟🌟🌟🎉 | 4.2茶饮果汁￥18/人 | 点评榜单 | 杨浦区茶饮果汁回头客榜第8名 | ￥9.66.4折 | ￥15 | 【解腻闭眼囤】清新. | 惠,ocr/input_videos\上海__五角场合生汇__20260824.mp4
OBS-000466,五角场合生汇,星巴克,星巴克,咖啡,3.9,37,B1,rated,True,,rated,parsed,rating_anchor,0.9762,0.9994,62,5038,88.119,🌟🌟🌟🌟🌟 | 咖啡￥37/人 | B1 | 3.9,星巴克 | 🌟🌟🌟🌟🌟 | 咖啡￥37/人 | B1 | 3.9 | 点评榜单 | 杨浦区咖啡销量榜第5名 | 甜而不腻的蛋糕和醇香咖啡” | 真茶真奶真愛你 | ￥59.97.7折 | ￥78 | 惠 | 【爆款推荐】星巴克.,ocr/input_videos\上海__五角场合生汇__20260824.mp4
OBS-000467,五角场合生汇,CoCo都可,CoCo都可,茶饮果汁,3.9,14,B2,rated,True,,rated,parsed,rating_anchor,0.9733,0.9996,61,5038,88.119,3.9茶饮果汁￥14/人 | B2,CoCo都可 | 3.9茶饮果汁￥14/人 | B2 | 良心柠檬红茶超值” | 《 | CoCo | ￥10.97.3折 | ￥15 | 【清爽有料】生椰杨.. | 惠,ocr/input_videos\上海__五角场合生汇__20260824.mp4
OBS-000468,五角场合生汇,GODIVA,GODIVA,冰淇淋,4.3,44,L1,rated,True,,rated,parsed,rating_anchor,0.9797,0.9991,50,5038,88.119,★★★★★ | L1 | 4.3冰淇淋￥44/人,GODIVA | ★★★★★ | L1 | 4.3冰淇淋￥44/人 | CODIVA | 点评榜单 | L | 五角场/大学路冰淇淋好评榜第3名 | Heirart csadx xrx=135. | 惠￥101.89.3折 | ￥110经典软冰淇淋2支,ocr/input_videos\上海__五角场合生汇__20260824.mp4
OBS-000469,五角场合生汇,LINLEE林里·手打柠檬茶,LINLEE林里·手打柠檬茶,茶饮果汁,4.2,18,商场内,rated,True,,rated,parsed,rating_anchor,0.9828,0.9894,62,5038,88.119,商场内 | 🌟🌟⭐⭐⭐ | 4.2茶饮果汁￥18/人,LINLEE林里·手打柠檬茶 | MILIM.EE | 这杯康普 | 好汽质 | 商场内 | 🌟🌟⭐⭐⭐ | 4.2茶饮果汁￥18/人 | 点评榜单 | 杨浦区茶饮果汁回头客榜第8名 | ￥9.66.4折 | ￥15 | 惠 | 【解腻闭眼囤】清新.….,ocr/input_videos\上海__五角场合生汇__20260824.mp4
OBS-000470,五角场合生汇,星巴克,星巴克,咖啡,3.9,37,B1,rated,True,,rated,parsed,rating_anchor,0.9697,0.9995,62,5060,88.504,B1 | 咖啡￥37/人 | 🌟🌟🌟🌟🌟 | 3.9,星巴克 | B1 | 咖啡￥37/人 | 🌟🌟🌟🌟🌟 | 3.9 | 点评榜单 | 杨浦区咖啡销量榜第5名 | 甜而不腻的蛋糕和醇香咖啡” | 真茶真奶真愛你 | ￥59.97.7折 | ￥78 | 惠 | 【爆款推荐】星巴克…,ocr/input_videos\上海__五角场合生汇__20260824.mp4
OBS-000471,五角场合生汇,CoCo都可,CoCo都可,茶饮果汁,3.9,14,B2,rated,True,,rated,parsed,rating_anchor,0.9781,0.9996,61,5060,88.504,3.9茶饮果汁￥14/人 | B2,CoCo都可 | 3.9茶饮果汁￥14/人 | B2 | 2 | 良心柠檬红茶超值” | CoCo | ￥10.97.3折 | ￥15 | 【清爽有料】生椰杨... | 惠,ocr/input_videos\上海__五角场合生汇__20260824.mp4
OBS-000472,五角场合生汇,GODIVA,GODIVA,冰淇淋,4.3,44,L1,rated,True,,rated,parsed,rating_anchor,0.979,0.9991,50,5060,88.504,★🌟★★⭐ | L1 | 4.3冰淇淋￥44/人,GODIVA | ★🌟★★⭐ | L1 | 4.3冰淇淋￥44/人 | CODIVA | 点评榜单 | L | 五角场/大学路冰淇淋好评榜第3名 | Heirgrigcsadax xrx:35. | ￥101.89.3折 | ￥110经典软冰淇淋2支 | 惠,ocr/input_videos\上海__五角场合生汇__20260824.mp4
OBS-000473,五角场合生汇,LINLEE林里·手打柠檬茶,LINLEE林里·手打柠檬茶,茶饮果汁,4.2,18,商场内,rated,True,,rated,parsed,rating_anchor,0.9832,0.9906,55,5060,88.504,商场内 | 🌟🌟⭐⭐⭐ | 4.2茶饮果汁￥18/人,LINLEE林里·手打柠檬茶 | MILIM.EE | 这杯康普 | 好汽质 | 商场内 | 🌟🌟⭐⭐⭐ | 4.2茶饮果汁￥18/人 | 点评榜单 | 杨浦区茶饮果汁回头客榜第8名 | ￥15 | ￥9.66.4折 | 惠 | 【解腻闭眼囤】清新….,ocr/input_videos\上海__五角场合生汇__20260824.mp4
OBS-000474,五角场合生汇,星巴克,星巴克,咖啡,3.9,37,B1,rated,True,,rated,parsed,rating_anchor,0.9619,0.999,62,5137,89.85,🌟🌟🌟🌟⭐ | B1 | 咖啡￥37/人 | 3.9,星巴克 | 🌟🌟🌟🌟⭐ | B1 | 咖啡￥37/人 | 3.9 | 点评榜单 | 杨浦区咖啡销量榜第5名 | 真茶真奶真爱你 | 甜而不腻的蛋糕和醇香咖啡 | ￥59.97.7折 | ￥78 | 【爆款推荐】星巴克.. | 惠,ocr/input_videos\上海__五角场合生汇__20260824.mp4
OBS-000475,五角场合生汇,CoCo都可,CoCo都可,茶饮果汁,3.9,14,B2,rated,True,,rated,parsed,rating_anchor,0.978,0.9993,60,5137,89.85,🌟🌟🎉🌟⭐3.9 | B2 | 茶饮果汁￥14/人,CoCo都可 | 🌟🌟🎉🌟⭐3.9 | B2 | 茶饮果汁￥14/人 | 良心柠檬红茶超值” | CoCo | ￥10.97.3折 | ￥15 | 【清爽有料】生椰杨. | 惠,ocr/input_videos\上海__五角场合生汇__20260824.mp4
OBS-000476,五角场合生汇,GODIVA,GODIVA,冰淇淋,4.3,44,L1,rated,True,,rated,parsed,rating_anchor,0.9878,0.9991,53,5137,89.85,L1 | ⭐🌟⭐⭐ | 4.3冰淇淋￥44/人,GODIVA | L1 | ⭐🌟⭐⭐ | 4.3冰淇淋￥44/人 | CODIVA | 点评榜单 | 五角场/大学路冰淇淋好评榜第3名 | 2 | Rigdss. | ￥110经典软冰淇淋2支 | ￥101.89.3折 | 惠,ocr/input_videos\上海__五角场合生汇__20260824.mp4
OBS-000477,五角场合生汇,LINLEE林里·手打柠檬茶,LINLEE林里·手打柠檬茶,茶饮果汁,4.2,18,商场内,rated,True,,rated,parsed,rating_anchor,0.9756,0.9853,55,5137,89.85,商场内 | 🌟🌟🌟🎉 | 茶饮果汁￥18/人 | 4.2,LINLEE林里·手打柠檬茶 | HLIN.EE | 这杯康普 | 好汽质 | 商场内 | 🌟🌟🌟🎉 | 茶饮果汁￥18/人 | 4.2 | 点评榜单 | 杨浦区茶饮果汁回头客榜第8名 | ￥15 | 6.4折 | ￥9.6 | 【解腻闭眼囤】清新.. | 惠,ocr/input_videos\上海__五角场合生汇__20260824.mp4
OBS-000478,五角场合生汇,廣蓮申·海派點心,广莲申·海派点心,甜品,3.8,36,B2,rated,True,,rated,parsed,rating_anchor,0.9647,0.9853,52,5137,89.85,3.8甜品￥36/人 | B2,廣蓮申·海派點心 | 廣蓮申 | 3.8甜品￥36/人 | B2,ocr/input_videos\上海__五角场合生汇__20260824.mp4
OBS-000479,五角场合生汇,LINLEE林里·手打柠檬茶,LINLEE林里·手打柠檬茶,茶饮果汁,4.2,18,商场内,rated,True,,rated,parsed,rating_anchor,0.9799,0.9857,51,5170,90.428,🌟🌟💥⭐ | 商场内 | 4.2茶饮果汁￥18/人 | ★,HLI.k | LINLEE林里·手打柠檬茶 | 这杯康誉 | 好汽质 | 🌟🌟💥⭐ | 商场内 | 4.2茶饮果汁￥18/人 | ★ | 点评榜单 | 杨浦区茶饮果汁回头客榜第8名 | ￥15 | ￥9.66.4折 | 惠 | 【解腻闭眼囤】清新..,ocr/input_videos\上海__五角场合生汇__20260824.mp4
OBS-000480,五角场合生汇,廣蓮申·海派點心,广莲申·海派点心,甜品,3.8,36,B2,rated,True,,rated,parsed,rating_anchor,0.9608,0.9802,54,5170,90.428,🌟🌟🌟🌟🌟 | B2 | 甜品￥36/人 | 3.8,廣蓮申·海派點心 | 廣蓮申 | 🌟🌟🌟🌟🌟 | B2 | 甜品￥36/人 | 3.8 | 点评榜单 | 五角场/大学路甜品回头客榜第4名 | 海GRAND LIZ 站心 | ￥499.8折 | ￥5050元代金券 | 惠,ocr/input_videos\上海__五角场合生汇__20260824.mp4
OBS-000481,五角场合生汇,汕心·潮汕甜汤,汕心·潮汕甜汤,甜品,3.9,25,B2,rated,True,,rated,parsed,rating_anchor,0.959,0.9676,54,5170,90.428,🌟🌟🌟✨ | 甜品￥25/人 | B2 | 3.9,汕心·潮汕甜汤 | 食甜饮凉 | 饮味潮汕 | 胎 | 🌟🌟🌟✨ | 甜品￥25/人 | B2 | 3.9 | 点评榜单 | 杨浦区甜品回头客榜第1名 | ￥17 | ￥13.8 | 8.2折 | 惠 | 【潮汕特调】潮汕特… | 惠 | ￥26.8 | 9折 | ￥3030元代金券,ocr/input_videos\上海__五角场合生汇__20260824.mp4
OBS-000482,五角场合生汇,SKROLL卡特司库·司康·生吐司,SKROLL卡特司库·司康·生吐司,面包蛋糕,4.3,33,B2,rated,True,,rated,parsed,rating_anchor,0.9658,0.9727,54,5170,90.428,🌟🌟🌟⭐ | B2 | 4.3面包蛋糕￥33/人,SKROLL卡特司库·司康·生吐司 | OREO | SIOHL | CRUNCH | SCONE | 🌟🌟🌟⭐ | B2 | 4.3面包蛋糕￥33/人 | 点评镑单 | 杨浦区面包蛋糕销量榜第3名 | 澳利明 | 出 | ￥459折 | ￥50 | 【超值】50元代金券 | 惠,ocr/input_videos\上海__五角场合生汇__20260824.mp4
OBS-000483,五角场合生汇,LINLEE林里·手打柠檬茶,LINLEE林里·手打柠檬茶,茶饮果汁,4.2,18,商场内,rated,True,,rated,parsed,rating_anchor,0.9792,0.9892,51,5214,91.197,商场内 | ★★🌟🌟 | 茶饮果汁￥18/人 | 4.2,LINLEE林里·手打柠檬茶 | LIMEK | 这杯康普 | 好汽质 | 商场内 | ★★🌟🌟 | 茶饮果汁￥18/人 | 4.2 | 点评榜单 | 杨浦区茶饮果汁回头客榜第8名 | ￥15 | ￥9.66.4折 | 惠 | 【解腻闭眼囤】清新.,ocr/input_videos\上海__五角场合生汇__20260824.mp4
OBS-000484,五角场合生汇,廣蓮申·海派點心,广莲申·海派点心,甜品,3.8,36,B2,rated,True,,rated,parsed,rating_anchor,0.9712,0.9875,54,5214,91.197,3.8甜品￥36/人 | B2,廣蓮申·海派點心 | 廣蓮申 | 3.8甜品￥36/人 | B2 | 点评榜单 | 五角场/大学路甜品回头客榜第4名 | 海深GRAND LIZ 點心 | ￥499.8折 | ￥5050元代金券 | 惠,ocr/input_videos\上海__五角场合生汇__20260824.mp4
OBS-000485,五角场合生汇,汕心·潮汕甜汤,汕心·潮汕甜汤,甜品,3.9,25,B2,rated,True,,rated,parsed,rating_anchor,0.9618,0.9742,54,5214,91.197,甜品￥25/人 | B2 | 🌟🌟🌟🌟🌟 | 3.9,汕心·潮汕甜汤 | 食甜饮凉 | 饮味潮汕 | 9 | 甜品￥25/人 | B2 | 🌟🌟🌟🌟🌟 | 3.9 | 点评榜单 | 杨浦区甜品回头客榜第1名 | 出汕心 | ￥13.88.2折 | ￥17 | 惠 | 【潮汕特调】潮汕特… | ￥26.8 | 9折 | 惠 | ￥3030元代金券,ocr/input_videos\上海__五角场合生汇__20260824.mp4
OBS-000486,五角场合生汇,SKROLL卡特司库·司康·生吐司,SKROLL卡特司库·司康·生吐司,面包蛋糕,4.3,33,B2,rated,True,,rated,parsed,rating_anchor,0.9736,0.9909,54,5214,91.197,B2 | ⭐🌟🌟⭐ | 面包蛋糕￥33/人 | 4.3 | ★,OREO | SOHL | SKROLL卡特司库·司康·生吐司 | CRUNCH | SCONE | B2 | ⭐🌟🌟⭐ | 面包蛋糕￥33/人 | 4.3 | ★ | 点评榜单 | 更利 | 杨浦区面包蛋糕销量榜第3名 | 司康 | ￥459折 | ￥50 | 【超值】 | 惠 | 50元代金券,ocr/input_videos\上海__五角场合生汇__20260824.mp4
OBS-000487,五角场合生汇,HERERS赫芮斯·轻糖蛋糕,HERERS赫芮斯·轻糖蛋糕,面包蛋糕,4.5,124,B2,rated,True,,rated,parsed,rating_anchor,0.9805,0.9891,51,5214,91.197,★★★★★ | B2 | 4.5面包蛋糕￥124/人,盗陷入热恋 | HERERS赫芮斯·轻糖蛋糕 | 石榴 | ★★★★★ | B2 | 4.5面包蛋糕￥124/人 | 点评榜单 | 杨浦区面包蛋糕好评榜第3名,ocr/input_videos\上海__五角场合生汇__20260824.mp4
OBS-000488,五角场合生汇,LINLEE林里·手打柠檬茶,LINLEE林里·手打柠檬茶,茶饮果汁,4.2,18,商场内,rated,True,,rated,parsed,rating_anchor,0.9719,0.986,48,5247,91.774,🌟🌟🌟⭐ | 商场内 | 茶饮果汁￥18/人 | 4.2 | ★,LINLEE林里·手打柠檬茶 | 林型LIME | 这杯康普 | 好汽质 | 🌟🌟🌟⭐ | 商场内 | 茶饮果汁￥18/人 | 4.2 | ★ | 点评榜单 | 杨浦区茶饮果汁回头客榜第8名 | ￥9.66.4折 | ￥15 | 【解腻闭眼囤】清新.. | 惠,ocr/input_videos\上海__五角场合生汇__20260824.mp4
OBS-000489,五角场合生汇,廣蓮申·海派點心,广莲申·海派点心,甜品,3.8,36,B2,rated,True,,rated,parsed,rating_anchor,0.967,0.9796,50,5247,91.774,3.8甜品￥36/人 | B2,廣蓮申·海派點心 | 廣蓮申 | 3.8甜品￥36/人 | B2 | 点评榜单 | 五角场/大学路甜品回头客榜第4名 | 海深GRAND LZ贴心 | ￥499.8折 | ￥50 | 惠 | 50元代金券,ocr/input_videos\上海__五角场合生汇__20260824.mp4
OBS-000490,五角场合生汇,汕心·潮汕甜汤,汕心·潮汕甜汤,甜品,3.9,25,B2,rated,True,,rated,parsed,rating_anchor,0.9577,0.9665,55,5247,91.774,🌟🌟🌟🌟🌟 | B2 | 3.9 | 甜品￥25/人,汕心·潮汕甜汤 | 食甜饮凉 | 饮味潮汕 | 福 | 🌟🌟🌟🌟🌟 | B2 | 3.9 | 甜品￥25/人 | 1422410 | 点评榜单 | 杨浦区甜品回头客榜第1名 | ￥13.8 | 8.2折 | ￥17 | 惠 | 【潮汕特调】潮汕特…. | ￥26.89折 | 惠 | ￥3030元代金券,ocr/input_videos\上海__五角场合生汇__20260824.mp4
OBS-000491,五角场合生汇,SKROLL卡特司库·司康·生吐司,SKROLL卡特司库·司康·生吐司,面包蛋糕,4.3,33,B2,rated,True,,rated,parsed,rating_anchor,0.9673,0.9866,50,5247,91.774,B2 | 面包蛋糕￥33/人 | ★★★★ | 4.3 | ★,OREO | SKROLL卡特司库·司康·生吐司 | CRUNCH | SCONE | B2 | 面包蛋糕￥33/人 | ★★★★ | 4.3 | ★ | 点评榜单 | 到 | 杨浦区面包蛋糕销量榜第3名 | 同康。 | ￥459折 | ￥50 | 【超值】50元代金券 | 惠,ocr/input_videos\上海__五角场合生汇__20260824.mp4
OBS-000492,五角场合生汇,HERERS赫芮斯·轻糖蛋糕,HERERS赫芮斯·轻糖蛋糕,面包蛋糕,4.5,124,B2,rated,True,,rated,parsed,rating_anchor,0.9792,0.9874,47,5247,91.774,B2 | 🌟🌟🌟🌟🌟 | 4.5面包蛋糕￥124/人,陷入热恋 | HERERS赫芮斯·轻糖蛋糕 | 石榴 | B2 | 🌟🌟🌟🌟🌟 | 4.5面包蛋糕￥124/人 | 点评榜单 | 杨浦区面包蛋糕好评榜第3名,ocr/input_videos\上海__五角场合生汇__20260824.mp4
OBS-000493,五角场合生汇,汕心·潮汕甜汤,汕心·潮汕甜汤,甜品,3.9,25,B2,rated,True,,rated,parsed,rating_anchor,0.9124,0.8891,37,5357,93.698,B2 | 甜品￥25/人 | 🌟🌟🌟🌟 | 3.9,食甜饮凉 | 汕心·潮汕甜汤 | 饮味潮汕 | 福 | B2 | 甜品￥25/人 | 🌟🌟🌟🌟 | 3.9 | L122-0 | 点评榜单 | 杨浦区甜品回头客榜第1名 | 涵心 | 惠￥13.88.2折 | ￥17 | 【潮汕特调】潮汕特. | ￥26.8 | ￥3030元代金券 | 9折 | 惠,ocr/input_videos\上海__五角场合生汇__20260824.mp4
OBS-000494,五角场合生汇,SKROLL卡特司库·司康·吐司,SKROLL卡特司库·司康·吐司,面包蛋糕,4.3,33,B2,rated,True,,rated,parsed,rating_anchor,0.972,0.986,54,5357,93.698,B2 | 面包蛋糕￥33/人 | ★ | 4.3,OREO | SKROLL卡特司库·司康·吐司 | SOIL | CRUNCH | SCONE | B2 | 面包蛋糕￥33/人 | ★ | 4.3 | 点评榜单 | 杨浦区面包蛋糕销量榜第3名 | 问 | ￥459折 | ￥50 | 【超值】50元代金券 | 惠,ocr/input_videos\上海__五角场合生汇__20260824.mp4
OBS-000495,五角场合生汇,HERERS赫芮斯·轻糖蛋糕,HERERS赫芮斯·轻糖蛋糕,面包蛋糕,4.5,124,B2,rated,True,,rated,parsed,rating_anchor,0.9904,0.9827,56,5357,93.698,🌟🌟🌟🌟 | B2 | 4.5 | ￥124/人 | 面包蛋糕,陷入热恋 | HERERS赫芮斯·轻糖蛋糕 | 石榴 | 🌟🌟🌟🌟 | B2 | 4.5 | ￥124/人 | 面包蛋糕 | 点评榜单 | 杨浦区面包蛋糕好评榜第3名 | HERERS | ￥24.9 | ￥59.9 | 【口感上头】樱桃/... | 4.2折 | 惠 | ￥47 | 9.4折 | 惠 | ￥5050元代金券,ocr/input_videos\上海__五角场合生汇__20260824.mp4
OBS-000496,五角场合生汇,李村脂渣,李村脂渣,小吃,4.0,34,B2,rated,True,,rated,parsed,rating_anchor,0.9584,0.9997,56,5357,93.698,⭐🌟🌟⭐ | B2 | 小吃￥34/人 | 4.0,李村脂渣 | ⭐🌟🌟⭐ | B2 | 小吃￥34/人 | 4.0 | 点评榜单 | 杨浦区小吃销量榜第1名 | ￥19.995折 | ￥40 | 惠 | 【香酥过瘾】招牌五... | ￥489.6折 | 惠 | ￥5050元代金券,ocr/input_videos\上海__五角场合生汇__20260824.mp4
OBS-000497,五角场合生汇,HOTCRUSH趁热集合·现烤面包,HOTCRUSH趁热集合·现烤面包,面包蛋糕,4.1,41,B1,rated,True,,rated,parsed,rating_anchor,0.9772,0.9854,56,5357,93.698,B1 | 4.1面包蛋糕￥41/人,HOTCRUSH趁热集合·现烤面包 | B1 | 4.1面包蛋糕￥41/人,ocr/input_videos\上海__五角场合生汇__20260824.mp4
OBS-000498,五角场合生汇,SKROLL卡特司库·司康·生吐司,SKROLL卡特司库·司康·生吐司,面包蛋糕,4.3,33,B2,rated,True,,rated,parsed,rating_anchor,0.9769,0.9898,50,5390,94.276,🌟🌟⭐⭐ | B2 | 面包蛋糕￥33/人 | 4.3 | 1,OREO | SKROLL卡特司库·司康·生吐司 | S川U | CRUNCH | SCONE | 🌟🌟⭐⭐ | B2 | 面包蛋糕￥33/人 | 4.3 | 1 | 点评榜单 | 利 | 杨浦区面包蛋糕销量榜第3名 | t | ￥459折 | ￥50 | 【超值】50元代金券 | 惠,ocr/input_videos\上海__五角场合生汇__20260824.mp4
OBS-000499,五角场合生汇,HERERS赫芮斯·轻糖蛋糕,HERERS赫芮斯·轻糖蛋糕,面包蛋糕,4.5,124,B2,rated,True,,rated,parsed,rating_anchor,0.9734,0.9761,50,5390,94.276,B2 | 🌟🌟🌟★🌟 | 4.5面包蛋糕￥124/人,HERERS赫芮斯·轻糖蛋糕 | B2 | 🌟🌟🌟★🌟 | 4.5面包蛋糕￥124/人 | 点评榜单 | 杨浦区面包蛋糕好评榜第3名 | HERERS | ￥59.9 | ￥24.9 | 4.2折 | 【口感上头】樱桃/.. | 惠 | ￥479.4折 | 惠 | ￥5050元代金券,ocr/input_videos\上海__五角场合生汇__20260824.mp4
OBS-000500,五角场合生汇,李村脂渣,李村脂渣,小吃,4.0,34,B2,rated,True,,rated,parsed,rating_anchor,0.9508,0.9998,57,5390,94.276,🌟🌟🌟🌟 | B2 | 4.0 | 小吃￥34/人,李村脂渣 | 🌟🌟🌟🌟 | B2 | 4.0 | 小吃￥34/人 | 点评榜单 | 杨浦区小吃销量榜第1名 | 李村脂渣 | LIOUN GREAVES | ￥19.995折 | ￥40 | 惠 | 【香酥过瘾】招牌五... | ￥489.6折 | ￥5050元代金券 | 惠,ocr/input_videos\上海__五角场合生汇__20260824.mp4
OBS-000501,五角场合生汇,HOTCRUSH趁热集合·现烤面包,HOTCRUSH趁热集合·现烤面包,面包蛋糕,4.1,41,B1,rated,True,,rated,parsed,rating_anchor,0.9838,0.9922,54,5390,94.276,⭐🌟⭐⭐ | ￥ | B1 | 4.1面包蛋糕￥41/人,HOTCRUSH趁热集合·现烤面包 | OHOT CRUSH | ⭐🌟⭐⭐ | ￥ | B1 | 4.1面包蛋糕￥41/人 | 点评榜单 | 杨浦区面包蛋糕甜品打卡人气榜第1名 | 新口味蛋黄酥，用料足 | ￥37.8 | ￥15.9 | 4.3折 | 惠 | 【超划算】精品咖.. | ￥5050元代金券 | ￥45.5 | 9.1折 | 惠,ocr/input_videos\上海__五角场合生汇__20260824.mp4
OBS-000502,五角场合生汇,SKROLL卡特司库·司康·生吐司,SKROLL卡特司库·司康·生吐司,面包蛋糕,4.3,33,B2,rated,True,,rated,parsed,rating_anchor,0.9827,0.9891,51,5445,95.238,B2 | ⭐🌟🌟⭐⭐ | 4.3面包蛋糕￥33/人,OREO: | 零 | SKROLL卡特司库·司康·生吐司 | CRUNCH | SCONE | B2 | ⭐🌟🌟⭐⭐ | 4.3面包蛋糕￥33/人 | 点评榜单 | 更到 | 杨浦区面包蛋糕销量榜第3名 | 司康 | ￥459折 | ￥50 | 惠 | 【超值】50元代金券,ocr/input_videos\上海__五角场合生汇__20260824.mp4
OBS-000503,五角场合生汇,HERERS赫芮斯·轻糖蛋糕,HERERS赫芮斯·轻糖蛋糕,面包蛋糕,4.5,124,B2,rated,True,,rated,parsed,rating_anchor,0.971,0.9829,56,5445,95.238,B2 | 4.5面包蛋糕￥124/人,石榴陷入热恋 | HERERS赫芮斯·轻糖蛋糕 | B2 | 4.5面包蛋糕￥124/人 | 点评榜单 | 杨浦区面包蛋糕好评榜第3名 | HERERS | ￥24.94.2折 | ￥59.9 | 惠 | 【口感上头】樱桃/... | ￥479.4折 | 惠 | ￥5050元代金券,ocr/input_videos\上海__五角场合生汇__20260824.mp4
OBS-000504,五角场合生汇,李村脂渣,李村脂渣,小吃,4.0,34,B2,rated,True,,rated,parsed,rating_anchor,0.9665,0.9999,62,5445,95.238,🌟🌟⭐⭐ | B2 | 4.0小吃￥34/人 | ★,李村脂渣 | 🌟🌟⭐⭐ | B2 | 4.0小吃￥34/人 | ★ | 点评榜单 | 杨浦区小吃销量榜第1名 | 李村脂渣 | LIOUN GREAYES | ￥19.995折 | ￥40 | 【香酥过瘾】招牌五. | 惠 | ￥489.6折 | 惠 | ￥5050元代金券,ocr/input_videos\上海__五角场合生汇__20260824.mp4
OBS-000505,五角场合生汇,HOTCRUSH趁热集合·现烤面包,HOTCRUSH趁热集合·现烤面包,面包蛋糕,4.1,41,B1,rated,True,,rated,parsed,rating_anchor,0.9762,0.9905,54,5445,95.238,🌟🌟🌟🎉 | B1 | 面包蛋糕￥41/人 | 4.1,HOTCRUSH趁热集合·现烤面包 | HOT CRUSH | 🌟🌟🌟🎉 | B1 | 面包蛋糕￥41/人 | 4.1 | 点评榜单 | 杨浦区面包蛋糕甜品打卡人气榜第1名 | 新口味蛋黄酥，用料足 | ￥37.8 | ￥15.9 | 4.3折 | 【超划算】精品咖.. | 惠 | ￥45.5 | ￥5050元代金券 | 9.1折 | 惠,ocr/input_videos\上海__五角场合生汇__20260824.mp4
OBS-000506,五角场合生汇,HOTCRUSH趁热集合·现烤面包,HOTCRUSH趁热集合·现烤面包,面包蛋糕,4.1,41,B1,rated,True,,rated,parsed,rating_anchor,0.9796,0.9925,54,5566,97.354,🌟🌟🌟🌟 | B1 | 4.1面包蛋糕￥41/人 | ￥,HOTCRUSH趁热集合·现烤面包 | HOT CRUSH | 🌟🌟🌟🌟 | B1 | 4.1面包蛋糕￥41/人 | ￥ | 点评榜单 | 杨浦区面包蛋糕甜品打卡人气榜第1名 | 新口味蛋黄酥，用料足 | ￥15.9 | ￥37.8 | 4.3折 | 【超划算】精品咖... | 惠 | 惠 | ￥45.5 | 9.1折 | ￥5050元代金券,ocr/input_videos\上海__五角场合生汇__20260824.mp4
OBS-000507,五角场合生汇,一板一肉,一板一肉,日式简餐/快餐,3.8,44,B2,rated,True,,rated,parsed,rating_anchor,0.9804,0.9979,62,5566,97.354,🌟🌟🌟🌟🌟 | 3.8 | 日式简餐/快餐￥44/人 | B2,一板一肉 | 🌟🌟🌟🌟🌟 | 3.8 | 日式简餐/快餐￥44/人 | B2 | 一柄一肉 | 点评榜单 | 杨浦区日式简餐/快餐热门榜第1名 | GRLL MEAT IROWL | 板前现制和牛饭 | ￥48.8 | 惠 | 8.7折 | ￥56.7谷饲和牛独享餐,ocr/input_videos\上海__五角场合生汇__20260824.mp4
OBS-000508,五角场合生汇,蟹榭·本帮江浙菜·蟹宴,蟹榭·本帮江浙菜·蟹宴,大闸蟹,4.7,188,L2,rated,True,,rated,parsed,rating_anchor,0.9641,0.9806,55,5566,97.354,L2 | 4.7大闸蟹￥188/人,蟹榭·本帮江浙菜·蟹宴 | L2 | 4.7大闸蟹￥188/人 | 点评榜单 | 上海大闸蟹热门榜第1名 | BRN | 国道国·品海风话 | 优雅环境，口味稳定，服务非常好” | C | ￥366 | ￥169 | 4.7折 | 惠 | 【尝鲜】单人餐 | ￥989.8折 | ￥100100元代金券 | 惠,ocr/input_videos\上海__五角场合生汇__20260824.mp4
OBS-000509,五角场合生汇,马记永·兰州牛肉面,马记永·兰州牛肉面,面馆,3.7,36,B2,rated,True,,rated,parsed,rating_anchor,0.964,0.9914,57,5566,97.354,3.7面馆￥36/人 | B2,马记永·兰州牛肉面 | 昌配录国明 | 凉面串 | 3.7面馆￥36/人 | B2 | 才叫过夏天 | 牛肉面香气扑鼻，汤面鲜美” | ￥42经典必点单人餐 | 9.9折 | 惠 | ￥41.5,ocr/input_videos\上海__五角场合生汇__20260824.mp4
OBS-000510,五角场合生汇,HOTCRUSH趁热集合·现烤面包,HOTCRUSH趁热集合·现烤面包,面包蛋糕,4.1,41,B1,rated,True,,rated,parsed,rating_anchor,0.9786,0.984,51,5588,97.739,B1 | 🌟🌟🌟🌟 | 4.1面包蛋糕￥41/人,HOTCRUSH趁热集合·现烤面包 | HOT CRUSH | B1 | 🌟🌟🌟🌟 | 4.1面包蛋糕￥41/人 | 点评榜单 | 杨浦区面包蛋糕甜品打卡人气榜第1名 | 新口味蛋黄酥，用料足 | S | 4.3折 | ￥37.8 | ￥15.9 | 【超划算】精品咖.. | 惠 | ￥45.5 | ￥5050元代金券 | 9.1折 | 惠,ocr/input_videos\上海__五角场合生汇__20260824.mp4
OBS-000511,五角场合生汇,一板一肉,一板一肉,日式简餐/快餐,3.8,44,B2,rated,True,,rated,parsed,rating_anchor,0.9812,0.9981,59,5588,97.739,🌟🌟⭐🌟🌟 | 3.8 | 日式简餐/快餐￥44/人 | B2,一板一肉 | 🌟🌟⭐🌟🌟 | 3.8 | 日式简餐/快餐￥44/人 | B2 | 一板一肉 | 点评榜单 | 杨浦区日式简餐/快餐热门榜第1名 | CRLL MEAT DOWL | 板前现制和牛饭 | ￥48.88.7折 | 惠 | ￥56.7谷饲和牛独享餐,ocr/input_videos\上海__五角场合生汇__20260824.mp4
OBS-000512,五角场合生汇,蟹榭·本帮江浙菜·蟹宴,蟹榭·本帮江浙菜·蟹宴,大闸蟹,4.7,188,L2,rated,True,,rated,parsed,rating_anchor,0.9454,0.9755,51,5588,97.739,L2 | ⭐4.7大闸蟹￥188/人,蟹榭·本帮江浙菜·蟹宴 | L2 | ⭐4.7大闸蟹￥188/人 | 点评榜单 | 上海大闸蟹热门榜第1名 | HEN | 创过服售·风海风通 | 优雅环境，口味稳定，服务非常好” | ￥1694.7折 | ￥366 | 【尝鲜】单人餐… | 惠 | ￥989.8折 | ￥100100元代金券 | 惠,ocr/input_videos\上海__五角场合生汇__20260824.mp4
OBS-000513,五角场合生汇,马记永·兰州牛肉面,马记永·兰州牛肉面,面馆,3.7,36,B2,rated,True,,rated,parsed,rating_anchor,0.9674,0.9887,53,5588,97.739,3.7面馆￥36/人 | B2,马记永·兰州牛肉面 | 具配承区明 | 凉面串 | 3.7面馆￥36/人 | B2 | 才叫过夏夫 | 牛肉面香气扑鼻，汤面鲜美 | “ | ￥41.59.9折 | ￥42经典必点单人餐 | 惠,ocr/input_videos\上海__五角场合生汇__20260824.mp4
OBS-000514,五角场合生汇,APOLIITABAKERY·AP意大利料..,APOLIITABAKERY·AP意大利料,面包蛋糕,3.7,,,rated,True,,rated,parsed,rating_anchor,0.9635,0.9552,52,5588,97.739,3.7面包蛋糕45/人 | 11 | -,APOLIITABAKERY·AP意大利料.. | ADOLi | 3.7面包蛋糕45/人 | 11 | -,ocr/input_videos\上海__五角场合生汇__20260824.mp4
OBS-000515,五角场合生汇,一板一肉,一板一肉,日式简餐/快餐,3.8,44,B2,rated,True,,rated,parsed,rating_anchor,0.9672,0.994,60,5698,99.663,🌟🌟🌟🌟🌟 | 日式简餐/快餐￥44/人 | B2 | 3.8,一板一肉 | 8 | 🌟🌟🌟🌟🌟 | 日式简餐/快餐￥44/人 | B2 | 3.8 | 司 | 一板一肉 | 点评榜单 | 杨浦区日式简餐/快餐热门榜第1名 | GHELI NEAT BOWE | 板前现制和牛饭 | ￥48.88.7折 | ￥56.7谷饲和牛独享餐 | 惠,ocr/input_videos\上海__五角场合生汇__20260824.mp4
OBS-000516,五角场合生汇,蟹榭·本帮江浙菜·蟹宴,蟹榭·本帮江浙菜·蟹宴,大闸蟹,4.7,188,L2,rated,True,,rated,parsed,rating_anchor,0.9571,0.9805,57,5698,99.663,4.7大闸蟹￥188/人 | L2,蟹榭·本帮江浙菜·蟹宴 | 4.7大闸蟹￥188/人 | L2 | 点评榜单 | BAN | 上海大闸蟹热门榜第1名 | - | 国国风心 | 优雅环境，口味稳定，服务非常好” | ￥1694.7折 | ￥366 | 【尝鲜】单人餐… | 惠 | ￥989.8折 | ￥100100元代金券 | 惠,ocr/input_videos\上海__五角场合生汇__20260824.mp4
OBS-000517,五角场合生汇,马记永·兰州牛肉面,马记永·兰州牛肉面,面馆,3.7,36,B2,rated,True,,rated,parsed,rating_anchor,0.9714,0.9919,57,5698,99.663,3.7面馆￥36/人 | B2,马记永·兰州牛肉面 | 国記录4 | 凉面串 | 3.7面馆￥36/人 | B2 | 才叫过莫天 | 牛肉面香气扑鼻，汤面鲜美 | （ | ￥41.59.9折 | 惠 | ￥42经典必点单人餐,ocr/input_videos\上海__五角场合生汇__20260824.mp4
OBS-000518,五角场合生汇,APOLIITABAKERY·AP意大利料..,APOLIITABAKERY·AP意大利料,面包蛋糕,3.7,45,L1,rated,True,,rated,parsed,rating_anchor,0.9383,0.9316,53,5698,99.663,L1 | 3.7面包蛋糕￥45/人,APOLIITABAKERY·AP意大利料.. | APOLi | L1 | 3.7面包蛋糕￥45/人 | 点评榜单 | 杨浦区面包蛋糕甜品销量榜第1名 | ASSAPORA LTTALLA | 1000 | 「杨首店」 | ￥15.8 | ￥24.9意式牧场牛乳鲜吐司 | 6.4折 | 惠 | ￥568.7折 | 惠 | ￥6565元代金券,ocr/input_videos\上海__五角场合生汇__20260824.mp4
OBS-000519,五角场合生汇,一板一肉,一板一肉,日式简餐/快餐,3.8,44,B2,rated,True,,rated,parsed,rating_anchor,0.9808,0.9986,57,5742,100.432,🌟🌟🌟🌟🌟 | B2 | 日式简餐/快餐￥44/人 | 3.8,一板一肉 | 🌟🌟🌟🌟🌟 | B2 | 日式简餐/快餐￥44/人 | 3.8 | 司 | 一柄一肉 | 点评榜单 | 杨浦区日式简餐/快餐热门榜第1名 | GHELI NEAT BOWE | 板前现制和牛饭 | ￥48.88.7折 | ￥56.7谷饲和牛独享餐 | 惠,ocr/input_videos\上海__五角场合生汇__20260824.mp4
OBS-000520,五角场合生汇,蟹榭·本帮江浙菜·蟹宴,蟹榭·本帮江浙菜·蟹宴,大闸蟹,4.7,188,L2,rated,True,,rated,parsed,rating_anchor,0.9503,0.971,54,5742,100.432,4.7大闸蟹￥188/人 | L2,蟹榭·本帮江浙菜·蟹宴 | 4.7大闸蟹￥188/人 | L2 | 点评镑单 | 上海大闸蟹热门榜第1名 | AA | 配国风 | 优雅环境，口味稳定，服务非常好” | ￥366 | ￥169 | 4.7折 | 【尝鲜】单人餐… | 惠 | ￥989.8折 | 惠 | ￥100100元代金券,ocr/input_videos\上海__五角场合生汇__20260824.mp4
OBS-000521,五角场合生汇,马记永·兰州牛肉面,马记永·兰州牛肉面,面馆,3.7,36,B2,rated,True,,rated,parsed,rating_anchor,0.9719,0.9911,56,5742,100.432,3.7面馆￥36/人 | B2,马记永·兰州牛肉面 | 国記录 | 凉面串 | 3.7面馆￥36/人 | B2 | 才叫过莫天 | 牛肉面香气扑鼻，汤面鲜美 | “ | ￥41.59.9折 | 惠 | ￥42经典必点单人餐,ocr/input_videos\上海__五角场合生汇__20260824.mp4
OBS-000522,五角场合生汇,APOLI ITABAKERY·AP意大利料..,APOLIITABAKERY·AP意大利料,面包蛋糕,3.7,45,L1,rated,True,,rated,parsed,rating_anchor,0.9299,0.9152,52,5742,100.432,L1 | 3.7面包蛋糕￥45/人,APOLI ITABAKERY·AP意大利料.. | APOLi | L1 | 3.7面包蛋糕￥45/人 | 点评榜单 | 杨浦区面包蛋糕甜品销量榜第1名 | ASSAPORALTTALLA | 1000 | 「杨浦首店」 | ￥15.8 | 6.4折 | ￥24.9意式牧场牛乳鲜吐司 | 惠 | ￥568.7折 | 惠 | ￥6565元代金券,ocr/input_videos\上海__五角场合生汇__20260824.mp4
OBS-000523,五角场合生汇,马记永·兰州牛肉面,马记永·兰州牛肉面,面馆,3.7,36,B2,rated,True,,rated,parsed,rating_anchor,0.9651,0.9921,57,5764,100.817,3.7面馆￥36/人 | B2,马记永·兰州牛肉面 | 国配承国肉 | 凉面串 | 3.7面馆￥36/人 | B2 | 才叫过夏天 | 牛肉扑鼻，汤面鲜美” | ≤≤ | ￥41.5 | 9.9折 | 惠 | ￥42经典必点单人餐,ocr/input_videos\上海__五角场合生汇__20260824.mp4
OBS-000524,五角场合生汇,APOLIITABAKERY·AP意利料..,APOLIITABAKERY·AP意利料,面包蛋糕,3.7,45,L1,rated,True,,rated,parsed,rating_anchor,0.9419,0.9305,58,5764,100.817,3.7面包蛋糕￥45/人 | L1,APOLIITABAKERY·AP意利料.. | APOLi | 3.7面包蛋糕￥45/人 | L1 | 点评榜单 | 杨浦区面包蛋糕甜品销量榜第1名 | ASSAPORA LTTALIA | 1900 | 「杨道首店 | 惠￥15.86.4折 | ￥24.9 | 意式牧场牛乳鲜吐司 | ￥568.7折 | 惠 | ￥6565元代金券,ocr/input_videos\上海__五角场合生汇__20260824.mp4
OBS-000525,五角场合生汇,BreadTalk面包新语,BreadTalk面包新语,面包蛋糕,4.0,29,B2,rated,True,,rated,parsed,rating_anchor,0.9705,0.9882,51,5764,100.817,🌟🌟🌟🌟 | B2 | 面包蛋糕￥29/人 | 4.0,BreadTalk面包新语 | CotfeRoRoBress | 咖啡帕帕 | 🌟🌟🌟🌟 | B2 | 面包蛋糕￥29/人 | 4.0 | 点评榜单 | 杨浦区面包蛋糕销量榜第8名 | 蛋糕独享，快乐” | Bxa | ￥26.257.5折 | 惠 | ￥35爆浆咸蛋黄吐司1份 | ￥488.8折 | 惠 | ￥5555元代金券,ocr/input_videos\上海__五角场合生汇__20260824.mp4
OBS-000526,五角场合生汇,阪枝屋·深海鱼糕,阪枝屋·深海鱼糕,吃快餐,3.4,,B2,rated,True,,rated,parsed,rating_anchor,0.932,0.9353,53,5764,100.817,3.4吃快餐￥26/ | B2,阪枝屋·深海鱼糕 | 3.4吃快餐￥26/ | B2,ocr/input_videos\上海__五角场合生汇__20260824.mp4
OBS-000527,五角场合生汇,马记水·三州十肉面,马记水·三州十肉面,面馆,3.7,36,B2,rated,True,,rated,parsed,rating_anchor,0.864,0.7928,40,5775,101.01,3.7面馆￥36/人 | B2,马记水·三州十肉面 | 涼面串 | 3.7面馆￥36/人 | B2 | 才叫过莫夫 | 牛肉面香气扑鼻，汤面鲜美” | “ | 惠￥41.59.9折 | ￥42经典必点单人餐,ocr/input_videos\上海__五角场合生汇__20260824.mp4
OBS-000528,五角场合生汇,APOLIITABAKERY·AP意大利料..,APOLIITABAKERY·AP意大利料,面包蛋糕,3.7,45,L1,rated,True,,rated,parsed,rating_anchor,0.9414,0.918,58,5775,101.01,3.7面包蛋糕￥45/人 | L1,APOLIITABAKERY·AP意大利料.. | APOLi | 3.7面包蛋糕￥45/人 | L1 | 点评榜单 | 杨浦区面包蛋糕甜品销量榜第1名 | ASSAPORALTTALLA | 1000 | 「福浦首店」 | ￥15.86.4折 | ￥24.9意式牧场乳鲜吐司 | 惠 | ￥568.7折 | 惠 | ￥6565元代金券,ocr/input_videos\上海__五角场合生汇__20260824.mp4
OBS-000529,五角场合生汇,BreadTallk面包新语,BreadTallk面包新语,面包蛋糕,4.0,29,B2,rated,True,,rated,parsed,rating_anchor,0.9663,0.9701,54,5775,101.01,🌟🌟🌟⭐ | 面包蛋糕￥29/人 | B2 | 4.0,BreadTallk面包新语 | Colfee PaRa Bread | 咖啡帕帕 | 🌟🌟🌟⭐ | 面包蛋糕￥29/人 | B2 | 4.0 | 点评榜单 | 杨浦区面包蛋糕销量榜第8名 | 大蛋糕独享，生日快乐 | 5 | ￥26.257.5折 | ￥35爆浆咸蛋黄吐司1份 | 惠 | ￥488.8折 | 惠 | ￥5555元代金券,ocr/input_videos\上海__五角场合生汇__20260824.mp4
OBS-000530,五角场合生汇,阪枝屋·深海鱼糕,阪枝屋·深海鱼糕,小吃快餐,3.4,26,B2,rated,True,,rated,parsed,rating_anchor,0.9558,0.9839,52,5775,101.01,3.4小吃快餐￥26/人 | B2,阪枝屋·深海鱼糕 | 3.4小吃快餐￥26/人 | B2 | 阪枝屋 | かま | ￥16 | ￥13.9 | 【精美吃】原味章. | 8.7折 | 惠,ocr/input_videos\上海__五角场合生汇__20260824.mp4
OBS-000531,五角场合生汇,老香斋,老香斋,快餐简餐,3.7,43,B2,rated,True,,rated,parsed,rating_anchor,0.9727,0.9994,59,5775,101.01,3.7快餐简餐￥43/人 | B2,老香斋 | 3.7快餐简餐￥43/人 | B2 | 老香齋 | 是,ocr/input_videos\上海__五角场合生汇__20260824.mp4
OBS-000532,五角场合生汇,APOLIITABAKERY·AP意大利料..,APOLIITABAKERY·AP意大利料,面包蛋糕,3.7,45,L1,rated,True,,rated,parsed,rating_anchor,0.9515,0.9347,57,5808,101.587,🌟🌟🌟🌟🌟 | 3.7面包蛋糕￥45/人 | L1,APOLIITABAKERY·AP意大利料.. | APOLi | 🌟🌟🌟🌟🌟 | 3.7面包蛋糕￥45/人 | L1 | 点评榜单 | 杨浦区面包蛋糕甜品销量榜第1名 | ASSAPORALTTALIA | 1900 | 「杨酒首店』 | ￥15.8 | ￥24.9意式牧场牛乳鲜吐司 | 6.4折 | 惠 | ￥568.7折 | 惠 | ￥6565元代金券,ocr/input_videos\上海__五角场合生汇__20260824.mp4
OBS-000533,五角场合生汇,BreadTalk面包新语,BreadTalk面包新语,面包蛋糕,4.0,29,B2,rated,True,,rated,parsed,rating_anchor,0.981,0.9963,55,5808,101.587,🌟🌟⭐⭐ | B2 | 4.0 | 面包蛋糕￥29/人,BreadTalk面包新语 | Oalfe Paa Bread | 咖啡帕帕 | 🌟🌟⭐⭐ | B2 | 4.0 | 面包蛋糕￥29/人 | 点评镑单 | 杨浦区面包蛋糕销量榜第8名 | 大蛋糕独享，生日快乐 | 59 | BvTk | ￥26.257.5折 | ￥35爆浆咸蛋黄吐司1份 | 惠 | ￥488.8折 | ￥5555元代金券 | 惠,ocr/input_videos\上海__五角场合生汇__20260824.mp4
OBS-000534,五角场合生汇,阪枝屋·深海鱼糕,阪枝屋·深海鱼糕,小吃快餐,3.4,26,B2,rated,True,,rated,parsed,rating_anchor,0.9741,0.9846,60,5808,101.587,3.4小吃快餐￥26/人 | B2,阪枝屋·深海鱼糕 | 3.4小吃快餐￥26/人 | B2 | 阪枝屋 | 鱼かま照 | ￥13.98.7折 | ￥16 | 【精美小吃】原味章. | 惠,ocr/input_videos\上海__五角场合生汇__20260824.mp4
OBS-000535,五角场合生汇,老香斋,老香斋,快餐简餐,3.7,43,B2,rated,True,,rated,parsed,rating_anchor,0.9761,0.9995,61,5808,101.587,3.7快餐简餐￥43/人 | B2,老香斋 | 3.7快餐简餐￥43/人 | B2 | 老香齋 | 国 | ￥9.98.3折 | ￥12 | 惠 | 【限时活动】9.9原味... | ￥959.5折 | 惠 | ￥100100元代金券,ocr/input_videos\上海__五角场合生汇__20260824.mp4
OBS-000536,五角场合生汇,APOLIITABAKERY·AP意大利料...,APOLIITABAKERY·AP意大利料,面包蛋糕,3.7,45,L1,rated,True,,rated,parsed,rating_anchor,0.9298,0.897,59,5940,103.896,3.7面包蛋糕￥45/人 | L1,APOLIITABAKERY·AP意大利料... | APOLi | 3.7面包蛋糕￥45/人 | L1 | 点评榜单 | 杨浦区面包蛋糕甜品销量榜第1名 | ASSAPORA LTTALLA | 1000 | 「杨酒首店」 | ￥15.86.4折 | ￥24.9意式牧场牛乳鲜吐司 | 惠 | ￥568.7折 | ￥6565元代金券 | 惠,ocr/input_videos\上海__五角场合生汇__20260824.mp4
OBS-000537,五角场合生汇,BreadTallk面包新语,BreadTallk面包新语,面包蛋糕,4.0,29,B2,rated,True,,rated,parsed,rating_anchor,0.9584,0.9583,54,5940,103.896,🌟🌟🎉🌟 | B2 | 面包蛋糕￥29/人 | 4.0,BreadTallk面包新语 | Colfe PaRa Bread | 咖啡帕帕 | 🌟🌟🎉🌟 | B2 | 面包蛋糕￥29/人 | 4.0 | 点评榜单 | 杨浦区面包蛋糕销量榜第8名 | 大蛋糕独享，生日快乐 | DvosTra | ￥26.257.5折 | ￥35爆浆咸蛋黄吐司1份 | 惠 | ￥488.8折 | 惠 | ￥5555元代金券,ocr/input_videos\上海__五角场合生汇__20260824.mp4
OBS-000538,五角场合生汇,阪枝屋·深海鱼糕,阪枝屋·深海鱼糕,小吃快餐,3.4,26,B2,rated,True,,rated,parsed,rating_anchor,0.9716,0.9796,52,5940,103.896,3.4小吃快餐￥26/人 | B2,阪枝屋·深海鱼糕 | 3.4小吃快餐￥26/人 | B2 | 版树屋 | 直かまはこ | 惠￥13.98.7折 | ￥16 | 【精美小吃】原味章..,ocr/input_videos\上海__五角场合生汇__20260824.mp4
OBS-000539,五角场合生汇,老香斋,老香斋,快餐简餐,3.7,43,B2,rated,True,,rated,parsed,rating_anchor,0.981,0.9992,61,5940,103.896,3.7快餐简餐￥43/人 | B2,老香斋 | 3.7快餐简餐￥43/人 | B2 | 老香齋 | 是 | ￥9.98.3折 | ￥12 | 惠 | 【限时活动】9.9原味... | ￥959.5折 | 惠 | ￥100100元代金券,ocr/input_videos\上海__五角场合生汇__20260824.mp4
OBS-000540,五角场合生汇,阪枝屋·深海鱼糕,阪枝屋·深海鱼糕,小吃快餐,3.4,26,B2,rated,True,,rated,parsed,rating_anchor,0.9625,0.9868,52,5951,104.088,3.4小吃快餐￥26/人 | B2,阪枝屋·深海鱼糕 | 3.4小吃快餐￥26/人 | B2 | 阪相屋 | 鱼か家 | ￥13.98.7折 | 【精美小吃】原味章. | 惠 | ￥16,ocr/input_videos\上海__五角场合生汇__20260824.mp4
OBS-000541,五角场合生汇,老香斋,老香斋,快餐简餐,3.7,43,B2,rated,True,,rated,parsed,rating_anchor,0.9766,0.9996,62,5951,104.088,3.7快餐简餐￥43/人 | B2,老香斋 | 3.7快餐简餐￥43/人 | B2 | 老香齋 | 是 | ￥9.98.3折 | ￥12 | 【限时活动】9.9原味... | 惠 | ￥959.5折 | ￥100100元代金券 | 惠,ocr/input_videos\上海__五角场合生汇__20260824.mp4
OBS-000542,五角场合生汇,伽喱博士Dr.CURRY咖喱饭,伽喱博士Dr.CURRY咖喱饭,日式简餐/快餐,4.1,48,B1,rated,True,,rated,parsed,rating_anchor,0.9785,0.9855,51,5951,104.088,🌟🌟🎉🎉 | 4.1日式简餐/快餐￥48/人 | B1,伽喱博士Dr.CURRY咖喱饭 | 🌟🌟🎉🎉 | 4.1日式简餐/快餐￥48/人 | B1 | 点评榜单 | 杨浦区日式简餐/快餐好评榜第1名 | 伽喱博士7岁啦 | 毛豆麻香，音乐陪衬，服务周到 | 6 | ￥498.2折 | ￥60招牌现炸猪排单人餐 | 惠,ocr/input_videos\上海__五角场合生汇__20260824.mp4
OBS-000543,五角场合生汇,加个面·新疆料理,加个面·新疆料理,面馆,3.9,40,B2,rated,True,,rated,parsed,rating_anchor,0.9608,0.9928,55,5951,104.088,🌟🌟🌟💥🌟 | B2 | 面馆￥40/人 | 3.9,加个面·新疆料理 | 🌟🌟🌟💥🌟 | B2 | 面馆￥40/人 | 3.9 | 点评榜单 | 五角场/大学路面馆销量榜第3名,ocr/input_videos\上海__五角场合生汇__20260824.mp4
OBS-000544,五角场合生汇,老香斋,老香斋,快餐简餐,3.7,43,B2,rated,True,,rated,parsed,rating_anchor,0.9791,0.9998,61,5995,104.858,3.7快餐简餐￥43/人 | B2,老香斋 | 3.7快餐简餐￥43/人 | B2 | 老香齋 | 4 | ￥9.98.3折 | ￥12 | 惠 | 【限时活动】9.9原味... | ￥959.5折 | ￥100100元代金券 | 惠,ocr/input_videos\上海__五角场合生汇__20260824.mp4
OBS-000545,五角场合生汇,伽喱博士 Dr.CURRY咖喱饭,伽喱博士Dr.CURRY咖喱饭,日式简餐/快餐,4.1,48,B1,rated,True,,rated,parsed,rating_anchor,0.9708,0.9608,51,5995,104.858,🌟🌟🌟🌟 | 4.1日式简餐/快餐￥48/人 | B1,伽喱博士 Dr.CURRY咖喱饭 | 🌟🌟🌟🌟 | 4.1日式简餐/快餐￥48/人 | B1 | 点评榜单 | 杨浦区日式简餐/快餐好评榜第1名 | 伽喱博士7岁啦 | 毛豆麻香，音乐陪衬，服务周到” | “ | ￥49 | 8.2折 | ￥60招牌现炸猪排单人餐 | 惠,ocr/input_videos\上海__五角场合生汇__20260824.mp4
OBS-000546,五角场合生汇,加个面·新疆料理,加个面·新疆料理,面馆,3.9,40,B2,rated,True,,rated,parsed,rating_anchor,0.9554,0.9677,51,5995,104.858,B2 | 3.9面馆￥40/人,加个面·新疆料理 | B2 | 3.9面馆￥40/人 | 加面 | 点评榜单 | 五角场/大学路面馆销量榜第3名 | Eldlles Noodle | ￥29.89.4折 | ￥32 | 惠 | 【新疆特色】丁丁炒面,ocr/input_videos\上海__五角场合生汇__20260824.mp4
OBS-000547,五角场合生汇,Pantry's Best派悦坊蛋糕,Pantry'sBest派悦坊蛋糕,面包蛋糕,4.4,47,B2,rated,True,,rated,parsed,rating_anchor,0.9644,0.97,56,5995,104.858,🌟🌟🌟🌟 | B2 | 面包蛋糕￥47/人 | 4.4,Pantry's Best派悦坊蛋糕 | 夏日来杏 | 🌟🌟🌟🌟 | B2 | 面包蛋糕￥47/人 | 4.4 | 点评榜单 | 五角场/大学路面包蛋糕口味榜第8名 | PANTRYSBESTD | ￥398.7折 | ￥45 | 惠 | 【一人食】方块蛋糕 | (..,ocr/input_videos\上海__五角场合生汇__20260824.mp4
OBS-000548,五角场合生汇,旧村·砂锅焗海鲜,旧村·砂锅焗海鲜,海鲜,4.5,113,L5,rated,True,,rated,parsed,rating_anchor,0.9621,0.9785,50,5995,104.858,L5 | 4.5海鲜￥113/人,旧村 | 旧村·砂锅焗海鲜 | 欢经卧 | L5 | 4.5海鲜￥113/人 | 点评榜单 | 杨浦区鱼鲜海鲜热门榜第1名 | 开渔啦 | 梭子休息中市 | 好味始终如 | 服务贴心 | “ | 1,ocr/input_videos\上海__五角场合生汇__20260824.mp4
OBS-000549,五角场合生汇,老香斋,老香斋,快餐简餐,3.7,43,B2,rated,True,,rated,parsed,rating_anchor,0.9673,0.9996,58,6006,105.05,3.7快餐简餐￥43/人 | B2,老香斋 | 3.7快餐简餐￥43/人 | B2 | 老香齋 | ￥9.98.3折 | 【限时活动】9.9原味... | ￥12 | 惠 | ￥959.5折 | ￥100100元代金券 | 惠,ocr/input_videos\上海__五角场合生汇__20260824.mp4
OBS-000550,五角场合生汇,伽喱博士 Dr.CURRY咖喱饭,伽喱博士Dr.CURRY咖喱饭,日式简餐/快餐,4.1,48,B1,rated,True,,rated,parsed,rating_anchor,0.9714,0.9616,51,6006,105.05,⭐🌟🌟⭐ | 4.1日式简餐/快餐￥48/人 | B1,伽喱博士 Dr.CURRY咖喱饭 | ⭐🌟🌟⭐ | 4.1日式简餐/快餐￥48/人 | B1 | 点评榜单 | 杨浦区日式简餐/快餐好评榜第1名 | 伽喱博士7岁啦 | 毛豆麻香，音乐陪衬，服务周到 | “ | ￥498.2折 | 惠 | ￥60招牌现炸猪排单人餐,ocr/input_videos\上海__五角场合生汇__20260824.mp4
OBS-000551,五角场合生汇,加个面·新疆料理,加个面·新疆料理,面馆,3.9,40,B2,rated,True,,rated,parsed,rating_anchor,0.9665,0.9907,56,6006,105.05,3.9面馆￥40/人 | B2,加个面·新疆料理 | 3.9面馆￥40/人 | B2 | 加人面 | 点评榜单 | 五角场/大学路面馆销量榜第3名 | Eildless Moodle | ￥29.89.4折 | ￥32 | 【新疆特色】丁丁炒面 | 惠,ocr/input_videos\上海__五角场合生汇__20260824.mp4
OBS-000552,五角场合生汇,Pantry's Best派悦坊蛋糕,Pantry'sBest派悦坊蛋糕,面包蛋糕,4.4,47,B2,rated,True,,rated,parsed,rating_anchor,0.9633,0.9605,56,6006,105.05,⭐🌟⭐🌟 | 4.4面包蛋糕￥47/人 | B2,Pantry's Best派悦坊蛋糕 | 夏日来杏 | ⭐🌟⭐🌟 | 4.4面包蛋糕￥47/人 | B2 | 点评榜单 | 五角场/大学路面包蛋糕口味榜第8名 | PANTKYS BESTD悦 | ￥398.7折 | 惠 | ￥45 | 【一人食】方块蛋糕 | (.. | d,ocr/input_videos\上海__五角场合生汇__20260824.mp4
OBS-000553,五角场合生汇,旧村·砂锅焗海鲜,旧村·砂锅焗海鲜,海鲜,4.5,113,L5,rated,True,,rated,parsed,rating_anchor,0.9624,0.9733,51,6006,105.05,L5 | 4.5海鲜￥113/人,旧村·砂锅焗海鲜 | 旧村 | 核热进好 | 4 | L5 | 4.5海鲜￥113/人 | 点评榜单 | 杨浦区鱼鲜海鲜热门榜第1名 | 开渔啦 | +,ocr/input_videos\上海__五角场合生汇__20260824.mp4
OBS-000554,五角场合生汇,老香斋,老香斋,快餐简餐,3.7,43,B2,rated,True,,rated,parsed,rating_anchor,0.9575,0.9995,61,6050,105.82,⭐3.7快餐简餐￥43/人 | B2,老香斋 | ⭐3.7快餐简餐￥43/人 | B2 | 老香齋 | 8.3折 | ￥12 | 惠 | ￥9.9 | 【限时活动】9.9原味... | ￥959.5折 | ￥100100元代金券 | 惠,ocr/input_videos\上海__五角场合生汇__20260824.mp4
OBS-000555,五角场合生汇,伽喱博士 Dr.CURRY咖喱饭,伽喱博士Dr.CURRY咖喱饭,日式简餐/快餐,4.1,48,B1,rated,True,,rated,parsed,rating_anchor,0.9798,0.9784,54,6050,105.82,4.1日式简餐/快餐￥48/人 | 🌟🌟🌟🌟 | B1,伽喱博士 Dr.CURRY咖喱饭 | 4.1日式简餐/快餐￥48/人 | 🌟🌟🌟🌟 | B1 | 点评榜单 | 杨浦区日式简餐/快餐好评榜第1名 | 伽喱博士7岁啦 | 毛豆麻香，音乐陪衬，服务周到” | 1 | ￥498.2折 | ￥60招牌现炸猪排单人餐 | 惠,ocr/input_videos\上海__五角场合生汇__20260824.mp4
OBS-000556,五角场合生汇,加个面·新疆料理,加个面·新疆料理,面馆,3.9,40,B2,rated,True,,rated,parsed,rating_anchor,0.9629,0.9882,52,6050,105.82,面馆￥40/人 | B2 | 🌟⭐🌟⭐3.9,加个面·新疆料理 | 面馆￥40/人 | B2 | 🌟⭐🌟⭐3.9 | 加人面 | 点评榜单 | 五角场/大学路面馆销量榜第3名 | fldless Noodle | ￥29.89.4折 | ￥32 | 惠 | 【新疆特色】丁丁炒面,ocr/input_videos\上海__五角场合生汇__20260824.mp4
OBS-000557,五角场合生汇,Pantry's Best派悅坊蛋糕,Pantry'sBest派悦坊蛋糕,面包蛋糕,4.4,47,B2,rated,True,,rated,parsed,rating_anchor,0.9557,0.9511,60,6050,105.82,🌟🌟🌟🌟 | B2 | 面包蛋糕￥47/人 | 4.4,Pantry's Best派悅坊蛋糕 | 夏日来杏 | 🌟🌟🌟🌟 | B2 | 面包蛋糕￥47/人 | 4.4 | 点评榜单 | 五角场/大学路面包蛋糕口味榜第8名 | PANTRYSBEST | ￥398.7折 | 惠 | ￥45 | 【一人食】方块蛋糕 | .,ocr/input_videos\上海__五角场合生汇__20260824.mp4
OBS-000558,五角场合生汇,旧村·砂锅焗海鲜,旧村·砂锅焗海鲜,海鲜,4.5,113,L5,rated,True,,rated,parsed,rating_anchor,0.9622,0.9849,51,6050,105.82,4.5海鲜￥113/人 | L5,旧村 | 旧村·砂锅焗海鲜 | 欢热通进好 | 4.5海鲜￥113/人 | L5 | 点评焙单 | 杨浦区鱼鲜海鲜热门榜第1名,ocr/input_videos\上海__五角场合生汇__20260824.mp4
OBS-000559,五角场合生汇,加下面·新疆科理,加下面·新疆科理,面馆,3.9,40,B2,rated,True,,rated,parsed,rating_anchor,0.8158,0.6918,37,6127,107.166,B2 | 面馆￥40/人 | 🌟🌟🌟🌟🌟 | 3.9,加下面·新疆科理 | B2 | 面馆￥40/人 | 🌟🌟🌟🌟🌟 | 3.9 | 加面 | 点评榜单 | 五角场/大学路面馆销量榜第3名 | Eldles Moodle | ￥29.89.4折 | ￥32 | 惠 | 【新疆特色】丁丁炒面,ocr/input_videos\上海__五角场合生汇__20260824.mp4
OBS-000560,五角场合生汇,Pantry'sBest派悦坊蛋糕,Pantry'sBest派悦坊蛋糕,面包蛋糕,4.4,47,B2,rated,True,,rated,parsed,rating_anchor,0.9656,0.9769,60,6127,107.166,4.4面包蛋糕￥47/人 | 🌟🌟🌟⭐ | B2 | ★,Pantry'sBest派悦坊蛋糕 | 夏日来杏 | 4.4面包蛋糕￥47/人 | 🌟🌟🌟⭐ | B2 | ★ | 点评榜单 | 五角场/大学路面包蛋糕口味榜第8名 | PANTRYS BEST M | ￥398.7折 | ￥45 | 惠 | 【一人食】方块蛋糕,ocr/input_videos\上海__五角场合生汇__20260824.mp4
OBS-000561,五角场合生汇,旧村·砂锅焗海鲜,旧村·砂锅焗海鲜,海鲜,4.5,113,L5,rated,True,,rated,parsed,rating_anchor,0.9608,0.9777,52,6127,107.166,L5 | 4.5海鲜￥113/人,旧村 | 旧村·砂锅焗海鲜 | 艾经海卧 | L5 | 4.5海鲜￥113/人 | 点评榜单 | 杨浦区鱼鲜海鲜热门榜第1名 | 开渔啦 | 梭子休息中市 | 服务贴心，好味始终如 | 3 | ￥10.86折 | ￥18暴打鸭屎香柠檬茶 | 惠 | ￥929.2折 | 惠 | ￥100100元代金券,ocr/input_videos\上海__五角场合生汇__20260824.mp4
OBS-000562,五角场合生汇,匡朵·厚乳酪裸蛋糕,匡朵·厚乳酪裸蛋糕,面包蛋糕,4.1,35,B2,rated,True,,rated,parsed,rating_anchor,0.9676,0.9875,59,6127,107.166,4.1面包蛋糕￥35/人 | B2,匡朵·厚乳酪裸蛋糕 | 4.1面包蛋糕￥35/人 | B2 | 玉露相逢 | ￥269.3折 | ￥28招牌切蛋糕5选1 | 惠 | ￥489.6折 | 惠 | ￥5050元代金券,ocr/input_videos\上海__五角场合生汇__20260824.mp4
OBS-000563,五角场合生汇,糖小满·冰糖葫芦,糖小满·冰糖葫芦,小吃快餐,4.1,13,B2,rated,True,,rated,parsed,rating_anchor,0.9441,0.9803,55,6127,107.166,4.1小吃快餐￥13/人 | B2,糖小满·冰糖葫芦 | 4.1小吃快餐￥13/人 | B2,ocr/input_videos\上海__五角场合生汇__20260824.mp4
OBS-000564,五角场合生汇,Pantry's Best派悦坊蛋糕,Pantry'sBest派悦坊蛋糕,面包蛋糕,4.4,47,B2,rated,True,,rated,parsed,rating_anchor,0.9569,0.9539,59,6171,107.936,🌟🌟🎉⭐ | B2 | 面包蛋糕￥47/人 | 4.4,Pantry's Best派悦坊蛋糕 | 夏日来杏 | 🌟🌟🎉⭐ | B2 | 面包蛋糕￥47/人 | 4.4 | 点评榜单 | 五角场/大学路面包蛋糕口味榜第8名 | PANTRYS BEST | ￥398.7折 | ￥45 | 惠 | 【一人食】方块蛋糕,ocr/input_videos\上海__五角场合生汇__20260824.mp4
OBS-000565,五角场合生汇,旧村·砂锅焗海鲜,旧村·砂锅焗海鲜,海鲜,4.5,113,L5,rated,True,,rated,parsed,rating_anchor,0.9591,0.9716,52,6171,107.936,4.5海鲜￥113/人 | L5,旧村·砂锅焗海鲜 | 旧村 | 热进 | 4.5海鲜￥113/人 | L5 | 点评榜单 | 杨浦区鱼鲜海鲜热门榜第1名 | 开渔啦 | 梭子休息中市 | 服务贴心，好味始终如一 | 3 | ￥10.86折 | ￥18暴打鸭屎香柠檬茶 | 惠 | ￥929.2折 | 惠 | ￥100100元代金券,ocr/input_videos\上海__五角场合生汇__20260824.mp4
OBS-000566,五角场合生汇,匡朵·厚乳酪裸蛋糕,匡朵·厚乳酪裸蛋糕,面包蛋糕,4.1,35,B2,rated,True,,rated,parsed,rating_anchor,0.9727,0.9875,55,6171,107.936,4.1面包蛋糕￥35/人 | B2,匡朵·厚乳酪裸蛋糕 | 4.1面包蛋糕￥35/人 | B2 | 玉露相逢 | ￥269.3折 | ￥28招牌切片蛋糕5选1 | 惠 | ￥489.6折 | ￥5050元代金券 | 惠,ocr/input_videos\上海__五角场合生汇__20260824.mp4
OBS-000567,五角场合生汇,糖小满·冰糖葫芦,糖小满·冰糖葫芦,小吃快餐,4.1,13,B2,rated,True,,rated,parsed,rating_anchor,0.9721,0.9843,55,6171,107.936,4.1小吃快餐￥13/人 | B2,糖小满·冰糖葫芦 | 4.1小吃快餐￥13/人 | B2 | 进京清 | ￥20冰板栗200g | ￥6.93.5折 | 惠,ocr/input_videos\上海__五角场合生汇__20260824.mp4
OBS-000568,五角场合生汇,FASCINO BAKERY,FASCINOBAKERY,甜品,4.1,50,,rated,True,,rated,parsed,rating_anchor,0.9414,0.9741,47,6171,107.936,4.1甜品¥50/人,FASCINO BAKERY | 4.1甜品¥50/人,ocr/input_videos\上海__五角场合生汇__20260824.mp4
OBS-000569,五角场合生汇,旧村·砂锅焗海鲜,旧村·砂锅焗海鲜,海鲜,4.5,113,L5,rated,True,,rated,parsed,rating_anchor,0.9761,0.9758,55,6292,110.052,4.5海鲜￥113/人 | L5 | 🌟🌟🌟🌟🌟,旧村·砂锅焗海鲜 | 旧村 | 热痛进鲜 | 4.5海鲜￥113/人 | L5 | 🌟🌟🌟🌟🌟 | 点评榜单 | 杨浦区鱼鲜海鲜热门榜第1名 | 开渔啦 | 梭子休息中市 | 服务贴心，好味始终如一 | ” | ￥10.8 | ￥18暴打鸭屎香柠檬茶 | 6折 | 惠 | ￥929.2折 | 惠 | ￥100100元代金券,ocr/input_videos\上海__五角场合生汇__20260824.mp4
OBS-000570,五角场合生汇,匡朵·厚乳酪裸蛋糕,匡朵·厚乳酪裸蛋糕,面包蛋糕,4.1,35,B2,rated,True,,rated,parsed,rating_anchor,0.9731,0.9876,57,6292,110.052,4.1面包蛋糕￥35/人 | B2,匡朵·厚乳酪裸蛋糕 | 4.1面包蛋糕￥35/人 | B2 | 玉露相逢 | ￥269.3折 | ￥28招牌切片蛋糕5选1 | 惠 | ￥48 | 39.6折 | ￥5050元代金券 | 惠,ocr/input_videos\上海__五角场合生汇__20260824.mp4
OBS-000571,五角场合生汇,糖小满·冰糖葫芦,糖小满·冰糖葫芦,小吃快餐,4.1,13,B2,rated,True,,rated,parsed,rating_anchor,0.9612,0.9757,52,6292,110.052,4.1小吃快餐￥13/人 | B2,糖小满·冰糖葫芦 | 4.1小吃快餐￥13/人 | B2 | 进小清 | ￥20冰板栗200g | ￥6.9 | 3.5折 | 惠,ocr/input_videos\上海__五角场合生汇__20260824.mp4
OBS-000572,五角场合生汇,FASCINO BAKERY,FASCINOBAKERY,甜品,4.1,50,L1,rated,True,,rated,parsed,rating_anchor,0.9404,0.9551,48,6292,110.052,🌟🌟⭐⭐ | 甜品￥50/人 | L1 | 4.1,FASCINO BAKERY | 🌟🌟⭐⭐ | 甜品￥50/人 | L1 | 4.1 | 彩彩 | 点评榜单 | 杨浦区甜品热门榜第3名 | FASCINO | B.ACIEY  CAE | “服务一流，舒芙蕾现做，超值” | ￥308.2折 | 能量加“贝”套餐 | 惠 | ￥37,ocr/input_videos\上海__五角场合生汇__20260824.mp4
OBS-000573,五角场合生汇,旧村·砂锅焗海鲜,旧村·砂锅焗海鲜,海鲜,4.5,113,L5,rated,True,,rated,parsed,rating_anchor,0.9731,0.9737,51,6336,110.822,4.5海鲜￥113/人 | L5 | 🌟🌟🌟🌟🌟,旧村 | 旧村·砂锅焗海鲜 | 欢热婚进 | 4.5海鲜￥113/人 | L5 | 🌟🌟🌟🌟🌟 | 点评榜单 | 杨浦区鱼鲜海鲜热门榜第1名 | 开渔啦 | 梭子休息中市 | 服务贴心，好味始终如一 | ” | ￥10.8 | 6折 | 惠 | ￥18 | 暴打鸭屎香柠檬茶 | ￥929.2折 | ￥100100元代金券 | 惠,ocr/input_videos\上海__五角场合生汇__20260824.mp4
OBS-000574,五角场合生汇,匡朵·厚乳酪裸蛋糕,匡朵·厚乳酪裸蛋糕,面包蛋糕,4.1,35,B2,rated,True,,rated,parsed,rating_anchor,0.9662,0.9842,56,6336,110.822,⭐4.1面包蛋糕 | B2 | ￥35/人,匡朵·厚乳酪裸蛋糕 | ⭐4.1面包蛋糕 | B2 | ￥35/人 | 玉露相逢 | ￥269.3折 | ￥28招牌切片蛋糕5选1 | 惠 | ￥48 | 9.6折 | 惠 | ￥50 | 50元代金券,ocr/input_videos\上海__五角场合生汇__20260824.mp4
OBS-000575,五角场合生汇,糖小满·冰糖葫芦,糖小满·冰糖葫芦,小吃快餐,4.1,13,B2,rated,True,,rated,parsed,rating_anchor,0.9511,0.9819,54,6336,110.822,4.1小吃快餐￥13/人 | B2,糖小满·冰糖葫芦 | 4.1小吃快餐￥13/人 | B2 | 经小清 | ￥6.9 | ￥20冰板栗200g | 3.5折 | 惠,ocr/input_videos\上海__五角场合生汇__20260824.mp4
OBS-000576,五角场合生汇,FASCINO BAKERY,FASCINOBAKERY,甜品,4.1,50,L1,rated,True,,rated,parsed,rating_anchor,0.9522,0.9771,48,6336,110.822,L1 | 🌟🌟⭐⭐ | 甜品￥50/人 | 4.1 | ★,FASCINO BAKERY | L1 | 🌟🌟⭐⭐ | 甜品￥50/人 | 4.1 | ★ | 彩彩浆 | 点评榜单 | 杨浦区甜品热门榜第3名 | FASCINO | BRCIEY  CAE | “服务一流，舒芙蕾现做，超值” | ￥30 | 8.2折 | 惠 | ￥37 | 能量加“贝”套餐,ocr/input_videos\上海__五角场合生汇__20260824.mp4
OBS-000577,五角场合生汇,匡朵·厚乳酪裸蛋糕,匡朵·厚乳酪裸蛋糕,面包蛋糕,4.1,35,B2,rated,True,,rated,parsed,rating_anchor,0.9675,0.9831,56,6358,111.207,4.1面包蛋糕￥35/人 | B2,匡朵·厚乳酪裸蛋糕 | 4.1面包蛋糕￥35/人 | B2 | 玉露相逢 | ￥269.3折 | ￥28招牌切蛋糕5选1 | 惠 | ￥48 | 9.6折 | ￥5050元代金券 | 惠,ocr/input_videos\上海__五角场合生汇__20260824.mp4
OBS-000578,五角场合生汇,糖小满·冰糖葫芦,糖小满·冰糖葫芦,小吃快餐,4.1,13,B2,rated,True,,rated,parsed,rating_anchor,0.9644,0.9866,54,6358,111.207,4.1小吃快餐￥13/人 | B2,糖小满·冰糖葫芦 | 4.1小吃快餐￥13/人 | B2 | 壁小溝 | ￥20冰板栗200g | ￥6.9 | 3.5折 | 惠,ocr/input_videos\上海__五角场合生汇__20260824.mp4
OBS-000579,五角场合生汇,FASCINO BAKERY,FASCINOBAKERY,甜品,4.1,50,L1,rated,True,,rated,parsed,rating_anchor,0.9474,0.9711,50,6358,111.207,🌟🌟⭐⭐ | 甜品￥50/人 | L1 | 4.1 | ★,FASCINO BAKERY | 🌟🌟⭐⭐ | 甜品￥50/人 | L1 | 4.1 | ★ | 点评榜单 | 杨浦区甜品热门榜第3名 | FASCINO | B.ACIEY A <AE | 服务一流，舒芙蕾现做，超值” | ￥308.2折 | 能量加“贝”套餐 | 惠 | ￥37,ocr/input_videos\上海__五角场合生汇__20260824.mp4
OBS-000580,五角场合生汇,燕之屋·燕窝,燕之屋·燕窝,滋补品,3.8,1603,B2,rated,True,,rated,parsed,rating_anchor,0.9739,0.9871,55,6358,111.207,3.8滋补品￥1603/人 | B2,燕之屋·燕窝 | GNZM | 中秋送碗燕 | 3.8滋补品￥1603/人 | B2 | 健康共团圆,ocr/input_videos\上海__五角场合生汇__20260824.mp4
OBS-000581,五角场合生汇,FASCINO BAKERY,FASCINOBAKERY,甜品,4.1,50,L1,rated,True,,rated,parsed,rating_anchor,0.9647,0.9788,50,6402,111.976,L1 | ⭐🌟⭐⭐ | 甜品￥50/人 | 4.1,FASCINO BAKERY | L1 | ⭐🌟⭐⭐ | 甜品￥50/人 | 4.1 | 点评榜单 | 杨浦区甜品热门榜第3名 | FASCINO | EACIY ACAE | “服务一流，舒芙蕾现做，超值” | 轻风PO | - | ￥308.2折 | 惠 | ￥37能量加“贝”套餐,ocr/input_videos\上海__五角场合生汇__20260824.mp4
OBS-000582,五角场合生汇,燕之屋·燕窝,燕之屋·燕窝,滋补品,3.8,1603,B2,rated,True,,rated,parsed,rating_anchor,0.9769,0.9872,55,6402,111.976,3.8滋补品￥1603/人 | B2,燕之屋·燕窝 | 中秋送碗燕 | 3.8滋补品￥1603/人 | B2 | 健康共团圆 | ￥7195.6折 | ￥1290 | 【浮雕礼盒】鲜炖.. | 惠,ocr/input_videos\上海__五角场合生汇__20260824.mp4
OBS-000583,五角场合生汇,是隆潞船面,是隆潞船面,面馆,4.1,52,B2,rated,True,,rated,parsed,rating_anchor,0.9604,0.961,56,6402,111.976,🌟🌟🌟🌟 | B2 | 4.1面馆￥52/人,泰国街边 | 是隆潞船面 | 地道美食 | 🌟🌟🌟🌟 | B2 | 4.1面馆￥52/人 | 点评榜单 | 杨浦区面馆热门榜第1名 | ￥44.89.4折 | ￥48silom特色嫩牛船面 | 惠,ocr/input_videos\上海__五角场合生汇__20260824.mp4
OBS-000584,五角场合生汇,琦王花生,琦王花生,栗子/干果,3.9,40,B2,rated,True,,rated,parsed,rating_anchor,0.969,0.9997,57,6402,111.976,3.9栗子/干果￥40/人 | B2,琦王花生 | 琦王 | 3.9栗子/干果￥40/人 | B2 | 花生 | 小锅·慢炒 | ￥19.8￥19.8红山雪葵（原味瓜子） | 惠,ocr/input_videos\上海__五角场合生汇__20260824.mp4
OBS-000585,五角场合生汇,冷面张·烤冷面,冷面张·烤冷面,快餐简餐,3.9,24,B2,rated,True,,rated,parsed,rating_anchor,0.973,0.9907,54,6402,111.976,🌟★🌟🌟⭐ | B2 | 快餐简餐￥24/人 | 3.9,飞张好冷面 | 冷面张·烤冷面 | 张张无化味 | 🌟★🌟🌟⭐ | B2 | 快餐简餐￥24/人 | 3.9 | 点评榜单 | 五角场/大学路小吃快餐打卡人气榜第8名 | 冷面张 | LENG MIANZHANG,ocr/input_videos\上海__五角场合生汇__20260824.mp4
OBS-000586,五角场合生汇,FASCINO BAKERY,FASCINOBAKERY,甜品,4.1,50,L1,rated,True,,rated,parsed,rating_anchor,0.9355,0.9462,47,6479,113.323,🌟★🌟🌟 | L1 | 4.1 | 甜品￥50/人,FASCINO BAKERY | 🌟★🌟🌟 | L1 | 4.1 | 甜品￥50/人 | 兴 | 点评榜单 | FASCINO | 杨浦区甜品热门榜第3名 | EAEIRY a CATE | “服务一流，舒芙蕾现做，超值” | ￥308.2折 | ￥37 | 能量加“贝”套餐 | 惠,ocr/input_videos\上海__五角场合生汇__20260824.mp4
OBS-000587,五角场合生汇,燕之屋·燕窝,燕之屋·燕窝,滋补品,3.8,1603,B2,rated,True,,rated,parsed,rating_anchor,0.9697,0.9773,55,6479,113.323,3.8滋补品￥1603/人 | B2,燕之屋·燕窝 | 乙 | 中秋送碗燕 | 3.8滋补品￥1603/人 | B2 | 健康共团圆 | ￥7195.6折 | 【浮雕礼盒】鲜炖. | ￥1290 | 惠,ocr/input_videos\上海__五角场合生汇__20260824.mp4
OBS-000588,五角场合生汇,是隆潞船面,是隆潞船面,面馆,4.1,52,B2,rated,True,,rated,parsed,rating_anchor,0.9723,0.9742,55,6479,113.323,B2 | 🌟🌟🌟🎉 | 4.1面馆￥52/人 | ★,泰国街边 | 是隆潞船面 | 地道美食 | B2 | 🌟🌟🌟🎉 | 4.1面馆￥52/人 | ★ | 点评榜单 | 杨浦区面馆热门榜第1名 | ￥48silom特色嫩牛船面 | ￥44.8 | 9.4折 | 惠,ocr/input_videos\上海__五角场合生汇__20260824.mp4
OBS-000589,五角场合生汇,琦王花生,琦王花生,栗子/干果,3.9,40,B2,rated,True,,rated,parsed,rating_anchor,0.9764,0.997,56,6479,113.323,⭐🌟🌟🌟🌟 | B2 | 3.9栗子/干果￥40/人,琦王花生 | 琦王 | ⭐🌟🌟🌟🌟 | B2 | 3.9栗子/干果￥40/人 | 花生 | 小锅·慢炒 | 惠￥19.8￥19.8红山雪葵(原味瓜子),ocr/input_videos\上海__五角场合生汇__20260824.mp4
OBS-000590,五角场合生汇,冷面张·烤冷面,冷面张·烤冷面,快餐简餐,3.9,24,B2,rated,True,,rated,parsed,rating_anchor,0.9731,0.9882,57,6479,113.323,B2 | 🌟🌟🌟🌟🌟 | 快餐简餐￥24/人 | 3.9,樂好淀票 | 冷面张·烤冷面 | B2 | 🌟🌟🌟🌟🌟 | 快餐简餐￥24/人 | 3.9 | 点评榜单 | 五角场/大学路小吃快餐打卡人气榜第8名 | 冷面张 | LENGMIANZNANG,ocr/input_videos\上海__五角场合生汇__20260824.mp4
OBS-000591,五角场合生汇,冷面张·烤冷面,冷面张·烤冷面,快餐简餐,3.9,24,B2,rated,True,,rated,parsed,rating_anchor,0.9719,0.9904,55,6523,114.093,3.9快餐简餐￥24/人 | B2,集汽菜 | 冷面张·烤冷面 | 3.9快餐简餐￥24/人 | B2 | 点评榜单 | 五角场/大学路小吃快餐打卡人气榜第8名 | 冷面张 | LENGMIANZHANG | ￥18.87.9折 | ￥24冷面尝鲜单人餐 | 惠,ocr/input_videos\上海__五角场合生汇__20260824.mp4
OBS-000592,五角场合生汇,Mamatata·塔塔商店,Mamatata·塔塔商店,小吃,4.2,50,B2,rated,True,,rated,parsed,rating_anchor,0.9198,0.9867,54,6523,114.093,★★4.2小吃￥50/人 | B2,Mamatata·塔塔商店 | MAMATATA塔商店 | ★★4.2小吃￥50/人 | B2 | 点评镑单 | 五角场/大学路小吃环境榜第1名 | MaMa | ￥28.88.6折 | ￥33.6 | 惠 | 【塔塔招牌】骨香.. | ￥909折 | 惠 | ￥100100元代金券,ocr/input_videos\上海__五角场合生汇__20260824.mp4
OBS-000593,五角场合生汇,MIKAMAKA马卡龙,MIKAMAKA马卡龙,甜品,,43,B2,new_store,False,new_store,ocr_missing,parsed,metadata_anchor,0.9676,0.9951,51,6523,114.093,新店 | 甜品￥43/人 | B2,MIKAMAKA马卡龙 | MIKAMAKA | 新店 | 甜品￥43/人 | B2 | 点评榜单 | 杨浦区甜品新店榜第3名 | ￥100 | ￥78.87.9折 | 【招牌尝鲜】马卡.. | 惠 | ￥448.8折 | 惠 | ￥5050元代金券,ocr/input_videos\上海__五角场合生汇__20260824.mp4
OBS-000594,五角场合生汇,成都你六姐·牛肉冒菜·麻辣香锅,成都你六姐·牛肉冒菜·麻辣香锅,小吃快餐,3.8,43,B2,rated,True,,rated,parsed,rating_anchor,0.94,0.9824,57,6523,114.093,3.8小吃快餐￥43/人 | B2,成都你六姐·牛肉冒菜·麻辣香锅 | 成都你六姐 | 中生： | 9周年庆 | 3.8小吃快餐￥43/人 | B2 | OmB | Meel | 9/9-9/11送水杯抽盲盒 | ￥200 | 【重磅新品】六姐,ocr/input_videos\上海__五角场合生汇__20260824.mp4
OBS-000595,五角场合生汇,冷面张·烤冷面,冷面张·烤冷面,快餐简餐,3.9,24,B2,rated,True,,rated,parsed,rating_anchor,0.9748,0.9908,55,6545,114.477,B2 | ⭐🌟🌟🌟🌟 | 3.9 | 快餐简餐￥24/人,冷面张·烤冷面 | 张张好冷面 | 藏张东味 | B2 | ⭐🌟🌟🌟🌟 | 3.9 | 快餐简餐￥24/人 | 点评榜单 | 五角场/大学路小吃快餐打卡人气榜第8名 | 冷面张 | LENG MIANZHANN | ￥18.87.9折 | 惠 | ￥24冷面尝鲜单人餐,ocr/input_videos\上海__五角场合生汇__20260824.mp4
OBS-000596,五角场合生汇,Mamatata·塔塔商店,Mamatata·塔塔商店,小吃,4.2,50,B2,rated,True,,rated,parsed,rating_anchor,0.9729,0.9865,54,6545,114.477,4.2小吃￥50/人 | B2 | 🌟🌟🌟🌟 | ★,Mamatata·塔塔商店 | MAMATATA塔塔商店 | 4.2小吃￥50/人 | B2 | 🌟🌟🌟🌟 | ★ | 点评镑单 | 五角场/大学路小吃环境榜第1名 | MaMa | ￥33.6 | ￥28.8 | 8.6折 | 【塔塔招牌】骨香.. | 惠 | ￥909折 | 惠 | ￥100100元代金券,ocr/input_videos\上海__五角场合生汇__20260824.mp4
OBS-000597,五角场合生汇,MIKAMAKA马卡龙,MIKAMAKA马卡龙,甜品,,43,B2,new_store,False,new_store,ocr_missing,parsed,metadata_anchor,0.9672,0.9941,54,6545,114.477,新店 | 甜品￥43/人 | B2,MIKAMAKA马卡龙 | MIKAMAKA | 小 | 新店 | 甜品￥43/人 | B2 | 点评榜单 | 杨浦区甜品新店榜第3名 | ￥100 | ￥78.87.9折 | 惠 | 【招牌尝鲜】马卡... | ￥448.8折 | 惠 | ￥5050元代金券,ocr/input_videos\上海__五角场合生汇__20260824.mp4
OBS-000598,五角场合生汇,成都你六姐·牛肉冒菜·麻辣香锅,成都你六姐·牛肉冒菜·麻辣香锅,小吃快餐,3.8,43,B2,rated,True,,rated,parsed,rating_anchor,0.9796,0.9863,57,6545,114.477,B2 | 🌟🌟🌟🌟🌟 | 3.8小吃快餐￥43/人,成都你六姐·牛肉冒菜·麻辣香锅 | 成得你六姐 | 中 | 9周年庆 | B2 | 🌟🌟🌟🌟🌟 | 3.8小吃快餐￥43/人 | XONS | 9/9-9/1送水杯抽盲盒 | ￥29.9 | 9.7折 | ￥28.9 | 【重磅新品】六姐. | 惠,ocr/input_videos\上海__五角场合生汇__20260824.mp4
OBS-000599,五角场合生汇,冷面张·烤冷面,冷面张·烤冷面,快餐简餐,3.9,24,B2,rated,True,,rated,parsed,rating_anchor,0.977,0.992,57,6567,114.862,🌟🌟🌟🌟🌟 | B2 | 3.9 | 快餐简餐￥24/人,冷面张·烤冷面 | 张张好冷面 | 张张东色 | 🌟🌟🌟🌟🌟 | B2 | 3.9 | 快餐简餐￥24/人 | 点评榜单 | 五角场/大学路小吃快餐打卡人气榜第8名 | 冷面张 | LENG MIAN ZHANG | ￥18.87.9折 | 惠 | ￥24冷面尝鲜单人餐,ocr/input_videos\上海__五角场合生汇__20260824.mp4
OBS-000600,五角场合生汇,Mamatata·塔塔商店,Mamatata·塔塔商店,小吃,4.2,50,B2,rated,True,,rated,parsed,rating_anchor,0.969,0.9888,51,6567,114.862,4.2小吃￥50/人 | B2,Mamatata·塔塔商店 | MAMATATA塔塔商店 | 4.2小吃￥50/人 | B2 | 点评榜单 | 五角场/大学路小吃环境榜第1名 | 微 | 烤鱼 | MaMa | ￥28.88.6折 | ￥33.6 | 【塔塔招牌】骨香... | 惠 | ￥909折 | 惠 | ￥100100元代金券,ocr/input_videos\上海__五角场合生汇__20260824.mp4
OBS-000601,五角场合生汇,MIKAMAKA马卡龙,MIKAMAKA马卡龙,甜品,,43,B2,new_store,False,new_store,ocr_missing,parsed,metadata_anchor,0.967,0.9961,51,6567,114.862,新店 | B2 | 甜品￥43/人,MIKAMAKA马卡龙 | MIKAMAKA | 新店 | B2 | 甜品￥43/人 | 点评榜单 | 杨浦区甜品新店榜第3名 | ￥78.87.9折 | ￥100 | 惠 | 【招牌尝鲜】马卡.. | ￥448.8折 | 惠 | ￥5050元代金券,ocr/input_videos\上海__五角场合生汇__20260824.mp4
OBS-000602,五角场合生汇,成都你六姐·牛肉冒菜·麻辣香锅,成都你六姐·牛肉冒菜·麻辣香锅,小吃快餐,3.8,43,B2,rated,True,,rated,parsed,rating_anchor,0.973,0.9854,53,6567,114.862,3.8小吃快餐￥43/人 | B2,成都你六姐·牛肉冒菜·麻辣香锅 | 成春你六组 | T6： | 9周年庆 | 3.8小吃快餐￥43/人 | B2 | 原 | Meel | XONS | 9/9-9/11送水杯抽盲盒 | ￥29.9 | ￥28.99.7折 | 惠 | 【重磅新品】六姐...,ocr/input_videos\上海__五角场合生汇__20260824.mp4
OBS-000603,五角场合生汇,成都你六姐·牛肉冒菜·麻辣香锅,成都你六姐·牛肉冒菜·麻辣香锅,小吃快餐,3.8,43,B2,rated,True,,rated,parsed,rating_anchor,0.9631,0.9809,50,6688,116.979,B2 | 3.8小吃快餐￥43/人,成都你六姐·牛肉冒菜·麻辣香锅 | 成称你六退 | ? | ·5 | 9周年庆 | B2 | 3.8小吃快餐￥43/人 | Omo | Moey | YON | 9/9-9/11送水杯抽盲盒 | ￥28.99.7折 | ￥29.9 | 【重磅新品】六姐. | 惠,ocr/input_videos\上海__五角场合生汇__20260824.mp4
OBS-000604,五角场合生汇,留夫鸭·鲜卤土鸭,留夫鸭·鲜卤土鸭,卤味鸭脖,3.6,32,B2,rated,True,,rated,parsed,rating_anchor,0.9124,0.8845,54,6688,116.979,3.6卤味鸭脖￥32/人 | B2,留夫鸭·鲜卤土鸭 | 不大国 | 夏日解馋选土鸭 | 鲜卤慢炖出真味 | 3.6卤味鸭脖￥32/人 | B2 | 吃鲜卤土鸭就找留夫鸭 | ￥19.87.7折 | ￥25.87 | 【夏日拼团季】 | 惠,ocr/input_videos\上海__五角场合生汇__20260824.mp4
OBS-000605,五角场合生汇,有堂古·甘草水果·鲜榨果汁,有堂古·甘草水果·鲜榨果汁,水果店,4.0,28,L4,rated,True,,rated,parsed,rating_anchor,0.9825,0.9681,53,6688,116.979,L4 | 🌟🌟🌟⭐ | ￥28/人 | 4.0水果店 | ★,有堂古·甘草水果·鲜榨果汁 | 有堂古 | 潮汕阿媛 | L4 | 🌟🌟🌟⭐ | ￥28/人 | 4.0水果店 | ★ | 点评榜单 | 杨浦区水果店热门榜第1名 | 推荐甘草水果，下次再来尝尝 | ￥22.8 | 8.9折 | ￥25.8 | 惠 | 【潮汕水果】尝鲜. | 惠 | ￥0.5 | 2.5折 | ￥22元代金券,ocr/input_videos\上海__五角场合生汇__20260824.mp4
OBS-000606,五角场合生汇,德罗心DELORSIM,德罗心DELORSIM,甜品,4.4,138,B2,rated,True,,rated,parsed,rating_anchor,0.8943,0.9966,51,6688,116.979,B2 | ⭐★⭐⭐4.4甜品 | ￥138/人,德罗心DELORSIM | DeLorsim | 德导心 | B2 | ⭐★⭐⭐4.4甜品 | ￥138/人 | 点评榜单 | 杨浦区甜品口味榜第3名 | Porecaranate | Seauoa | 籽籽真心 | 4.2折 | ￥19.9 | ￥48 | 惠 | 【双层系列】 | 水果多... | ￥45 | 9折 | 惠 | ￥50 | 50元代金券,ocr/input_videos\上海__五角场合生汇__20260824.mp4
OBS-000607,五角场合生汇,成都你六姐·牛肉冒菜·麻辣香锅,成都你六姐·牛肉冒菜·麻辣香锅,小吃快餐,3.8,43,B2,rated,True,,rated,parsed,rating_anchor,0.9454,0.9811,54,6710,117.363,B2 | ★3.8小吃快餐￥43/人,成都你六姐·牛肉冒菜·麻辣香锅 | 成都你六退 | 六 | 9周年庆 | B2 | ★3.8小吃快餐￥43/人 | OmB | Mel | 9/9-9/11送水杯抽盲盒 | ￥28.99.7折 | ￥29.9 | 惠 | 【重磅新品】六姐..,ocr/input_videos\上海__五角场合生汇__20260824.mp4
OBS-000608,五角场合生汇,留夫鸭·鲜卤土鸭,留夫鸭·鲜卤土鸭,卤味鸭脖,3.6,32,B2,rated,True,,rated,parsed,rating_anchor,0.9338,0.9222,54,6710,117.363,3.6卤味鸭脖￥32/人 | B2,留夫鸭·鲜卤土鸭 | 贸大国 | 夏日解馋选土鸭 | 鲜卤慢燉出真味 | 3.6卤味鸭脖￥32/人 | B2 | 吃鲜卤土鸭就找留夫鸭 | ￥19.87.7折 | ￥25.87 | 惠 | 【夏日拼团季】,ocr/input_videos\上海__五角场合生汇__20260824.mp4
OBS-000609,五角场合生汇,有堂古·甘草水果·鲜榨果汁,有堂古·甘草水果·鲜榨果汁,水果店,4.0,28,L4,rated,True,,rated,parsed,rating_anchor,0.9674,0.9629,54,6710,117.363,L4 | 🌟🌟⭐ | 4.0水果店￥28/人,有堂古·甘草水果·鲜榨果汁 | 有型古 | 一潮汕阿嬤 | L4 | 🌟🌟⭐ | 4.0水果店￥28/人 | 点评榜单 | 杨浦区水果店热门榜第1名 | 推荐甘草水果，下次再来尝尝 | C | ￥22.8 | ￥25.8 | 8.9折 | 【潮汕水果】尝鲜.. | 惠 | 惠 | ￥0.5 | 2.5折 | ￥22元代金券,ocr/input_videos\上海__五角场合生汇__20260824.mp4
OBS-000610,五角场合生汇,德罗心DELORSIM,德罗心DELORSIM,甜品,4.4,138,B2,rated,True,,rated,parsed,rating_anchor,0.973,0.9962,51,6710,117.363,🌟🌟🌟🌟 | B2 | 甜品￥138/人 | 4.4 | ￥,德罗心DELORSIM | DeLorSim | 德婴心 | 🌟🌟🌟🌟 | B2 | 甜品￥138/人 | 4.4 | ￥ | 点评榜单 | 杨浦区甜品口味榜第3名 | Saoa | Poreegraaate | 籽籽真心 | 4.2折 | ￥48 | ￥19.9 | 惠 | 【双层系列】水果多. | ￥459折 | 惠 | ￥5050元代金券,ocr/input_videos\上海__五角场合生汇__20260824.mp4
OBS-000611,五角场合生汇,成都你六姐·牛肉冒菜·麻辣香锅,成都你六姐·牛肉冒菜·麻辣香锅,小吃快餐,3.8,43,B2,rated,True,,rated,parsed,rating_anchor,0.9705,0.9814,54,6754,118.133,B2 | 3.8小吃快餐￥43/人,成都你六姐·牛肉冒菜·麻辣香锅 | 成都你六退 | 六 | 4 | 9周年庆 | B2 | 3.8小吃快餐￥43/人 | OmB | Moel | 9/9-9/11送水杯抽窗盒 | ￥28.99.7折 | ￥29.9 | 惠 | 【重磅新品】六姐.,ocr/input_videos\上海__五角场合生汇__20260824.mp4
OBS-000612,五角场合生汇,留夫鸭・鲜卤土鸭,留夫鸭·鲜卤土鸭,卤味鸭脖,3.6,32,B2,rated,True,,rated,parsed,rating_anchor,0.9352,0.9282,54,6754,118.133,3.6卤味鸭脖￥32/人 | B2,留夫鸭・鲜卤土鸭 | 贸大国 | 夏日解馋选土鸭 | 鲜卤慢燉出真味 | 3.6卤味鸭脖￥32/人 | B2 | 吃鲜卤土鸭就找留夫鸭 | ￥19.87.7折 | ￥25.87 | 惠 | 【夏日拼团季】,ocr/input_videos\上海__五角场合生汇__20260824.mp4
OBS-000613,五角场合生汇,有堂古·甘草水果·鲜榨果汁,有堂古·甘草水果·鲜榨果汁,水果店,4.0,28,L4,rated,True,,rated,parsed,rating_anchor,0.9438,0.9624,56,6754,118.133,⭐4.0水果店￥28/人 | L4,有堂古·甘草水果·鲜榨果汁 | 有型古 | 一潮汕阿媛 | ⭐4.0水果店￥28/人 | L4 | 点评榜单 | 杨浦区水果店热门榜第1名 | 推荐甘草水果，下次再来尝尝 | C | 8.9折 | ￥22.8 | ￥25.8 | 惠 | 【潮汕水果】尝鲜…. | 惠 | ￥0.5 | 2.5折 | ￥22元代金券,ocr/input_videos\上海__五角场合生汇__20260824.mp4
OBS-000614,五角场合生汇,德罗心DELORSIM,德罗心DELORSIM,甜品,4.4,138,B2,rated,True,,rated,parsed,rating_anchor,0.9723,0.997,54,6754,118.133,🌟🌟🌟🌟 | B2 | 甜品￥138/人 | 4.4 | ★,德罗心DELORSIM | DeLorSim | 写心 | 🌟🌟🌟🌟 | B2 | 甜品￥138/人 | 4.4 | ★ | 点评榜单 | 杨浦区甜品口味榜第3名 | Poreegraaate | Saoa | 籽籽真心 | 4.2折 | ￥48 | ￥19.9 | 惠 | 【双层系列】水果多. | ￥459折 | 惠 | ￥5050元代金券,ocr/input_videos\上海__五角场合生汇__20260824.mp4
OBS-000615,五角场合生汇,成都你六姐·牛肉冒菜·麻辣香锅,成都你六姐·牛肉冒菜·麻辣香锅,小吃快餐,3.8,43,B2,rated,True,,rated,parsed,rating_anchor,0.964,0.9798,54,6776,118.518,3.8小吃快餐￥43/人 | B2,成都你六姐·牛肉冒菜·麻辣香锅 | 成都你六姐 | 中号· | 9周年庆 | 3.8小吃快餐￥43/人 | B2 | OmB | Meel | ICNS | 9/9-9/11送水杯抽盲盒 | ￥29.9 | ￥28.9 | 9.7折 | 【重磅新品】六姐.. | 惠,ocr/input_videos\上海__五角场合生汇__20260824.mp4
OBS-000616,五角场合生汇,留夫鸭·鲜卤土鸭,留夫鸭·鲜卤土鸭,卤味鸭脖,3.6,32,B2,rated,True,,rated,parsed,rating_anchor,0.9241,0.8997,56,6776,118.518,3.6卤味鸭脖￥32/人 | B2,留夫鸭·鲜卤土鸭 | 夫聘国 | 夏日解馋选土鸭 | 鲜卤慢燉出真味 | 3.6卤味鸭脖￥32/人 | B2 | 吃鲜卤土鸭就找留夫鸭 | 7.7折 | ￥19.8 | ￥25.87 | 【夏日拼团季】 | 惠,ocr/input_videos\上海__五角场合生汇__20260824.mp4
OBS-000617,五角场合生汇,有堂古·甘草水果·鲜榨果汁,有堂古·甘草水果·鲜榨果汁,水果店,4.0,28,L4,rated,True,,rated,parsed,rating_anchor,0.9686,0.9586,51,6776,118.518,🌟🌟⭐⭐ | L4 | 4.0水果店￥28/人 | ★,有堂古·甘草水果·鲜榨果汁 | 有型古 | 潮汕阿媛 | 🌟🌟⭐⭐ | L4 | 4.0水果店￥28/人 | ★ | 点评榜单 | 杨浦区水果店热门榜第1名 | 推荐甘草水果，下次再来尝尝 | 3 | 8.9折 | ￥22.8 | ￥25.8 | 惠 | 【潮汕水果】尝鲜…. | ￥0.5 | 2.5折 | 惠 | ￥22元代金券,ocr/input_videos\上海__五角场合生汇__20260824.mp4
OBS-000618,五角场合生汇,德罗心DELORSIM,德罗心DELORSIM,甜品,4.4,138,B2,rated,True,,rated,parsed,rating_anchor,0.9741,0.9953,54,6776,118.518,B2 | ⭐⭐⭐⭐4.4 | 甜品￥138/人,德罗心DELORSIM | Delorsim | 请写心 | B2 | ⭐⭐⭐⭐4.4 | 甜品￥138/人 | 点评榜单 | 杨浦区甜品口味榜第3名 | Pirtegraaate | Saua | 籽籽真心 | 4.2折 | ￥19.9 | ￥48 | 【双层系列】水果多 | 惠 | ￥459折 | ￥5050元代金券 | 惠,ocr/input_videos\上海__五角场合生汇__20260824.mp4
OBS-000619,五角场合生汇,Potato Corner,PotatoCorner,西式快餐,4.1,30,L4,rated,True,,rated,parsed,rating_anchor,0.9727,0.9744,49,6776,118.518,🌟🌟🌟⭐⭐ | 4.1西式快餐￥30/人 | L4,Potato Corner | 🌟🌟🌟⭐⭐ | 4.1西式快餐￥30/人 | L4 | POTATO | ODDEP,ocr/input_videos\上海__五角场合生汇__20260824.mp4
OBS-000620,五角场合生汇,德罗心DELORSIM,德罗心DELORSIM,甜品,4.4,138,B2,rated,True,,rated,parsed,rating_anchor,0.9755,0.995,54,6798,118.903,🌟🌟⭐⭐ | 甜品￥138/人 | B2 | 4.4 | ★,德罗心DELORSIM | DeLorsim | 德罗心 | 🌟🌟⭐⭐ | 甜品￥138/人 | B2 | 4.4 | ★ | 点评榜单 | 杨浦区甜品口味榜第3名 | 籽籽真心 | 4.2折 | ￥19.9 | ￥48 | 【双层系列】水果多.. | 惠 | ￥459折 | ￥5050元代金券 | 惠,ocr/input_videos\上海__五角场合生汇__20260824.mp4
OBS-000621,五角场合生汇,Potato Corner,PotatoCorner,西式快餐,4.1,30,L4,rated,True,,rated,parsed,rating_anchor,0.9797,0.9932,55,6798,118.903,🌟🌟🌟🌟 | 4.1西式快餐￥30/人 | L4 | ★,Potato Corner | 🌟🌟🌟🌟 | 4.1西式快餐￥30/人 | L4 | ★ | POTATO | CORNER | ￥42.9 | 9折 | ￥48超值三拼单人餐 | 惠 | ￥27 | 9折 | ￥30 | 惠 | 【工作日专享】30元代金券,ocr/input_videos\上海__五角场合生汇__20260824.mp4
OBS-000622,五角场合生汇,金匠寿司,金匠寿司,寿司,4.4,108,B2,rated,True,,rated,parsed,rating_anchor,0.9867,0.9999,57,6798,118.903,⭐🌟⭐⭐ | B2 | 4.4寿司￥108/人,1月20日 | 金匠寿司 | 2和快上新 | ⭐🌟⭐⭐ | B2 | 4.4寿司￥108/人 | 点评榜单 | 杨浦区寿司热门榜第1名 | 另外，店内还设置了失物招领页面 | “,ocr/input_videos\上海__五角场合生汇__20260824.mp4
OBS-000623,五角场合生汇,烧鸟一番,烧鸟一番,日,3.9,39,B2,rated,True,,rated,parsed,rating_anchor,0.9561,0.9987,60,6798,118.903,🌟🌟🌟🌟⭐ | 日式烧烤/烤肉￥39/人 | 3.9日 | B2,烧鸟一番 | 新鲜食材 | 🌟🌟🌟🌟⭐ | 日式烧烤/烤肉￥39/人 | 3.9日 | B2 | 现点现烤,ocr/input_videos\上海__五角场合生汇__20260824.mp4
OBS-000624,五角场合生汇,肉肉大米,肉肉大米,日本料理,4.3,77,B1,rated,True,,rated,parsed,rating_anchor,0.9678,0.9995,57,6798,118.903,B1 | 4.3日本料理￥77/人,肉肉大米 | B1 | 4.3日本料理￥77/人,ocr/input_videos\上海__五角场合生汇__20260824.mp4
OBS-000625,五角场合生汇,Potato Corner,PotatoCorner,西式快餐,4.1,30,L4,rated,True,,rated,parsed,rating_anchor,0.9844,0.9924,51,6820,119.287,⭐🌟⭐⭐🌟 | 4.1西式快餐￥30/人 | L4,Potato Corner | ⭐🌟⭐⭐🌟 | 4.1西式快餐￥30/人 | L4 | POTATO | CORNER | ￥42.99折 | ￥48超值三拼单人餐 | 惠 | ￥279折 | ￥30 | 惠 | 【工作日专享】30元代金券,ocr/input_videos\上海__五角场合生汇__20260824.mp4
OBS-000626,五角场合生汇,金匠寿司,金匠寿司,寿司,4.4,108,B2,rated,True,,rated,parsed,rating_anchor,0.9836,0.9999,60,6820,119.287,🌟🌟🌟🌟 | B2 | 4.4寿司￥108/人,金匠寿司 | 1月20日 | 汤快上新 | 2 | 🌟🌟🌟🌟 | B2 | 4.4寿司￥108/人 | 点评榜单 | 杨浦区寿司热门榜第1名 | 另外，店内还设置了失物招领页面 | ≤,ocr/input_videos\上海__五角场合生汇__20260824.mp4
OBS-000627,五角场合生汇,烧鸟一番,烧鸟一番,日式烧烤/烤肉,3.9,39,B2,rated,True,,rated,parsed,rating_anchor,0.9725,0.9988,61,6820,119.287,3.9日式烧烤/烤肉￥39/人 | B2,烧鸟一番 | 新鲜食材 | 3.9日式烧烤/烤肉￥39/人 | B2 | 现点现烤,ocr/input_videos\上海__五角场合生汇__20260824.mp4
OBS-000628,五角场合生汇,肉肉大米,肉肉大米,日本料理,4.3,77,B1,rated,True,,rated,parsed,rating_anchor,0.9739,0.9996,57,6820,119.287,🌟🌟🌟⭐ | B1 | 4.3 | 日本料理￥77/人 | ★,浦东世纪汇 | 肉肉大米 | 🌟🌟🌟⭐ | B1 | 4.3 | 日本料理￥77/人 | ★ | 点评榜单 | 五角场/大学路日本料理热门榜第5名 | 盛大开业,ocr/input_videos\上海__五角场合生汇__20260824.mp4
OBS-000629,五角场合生汇,天天·天妇罗专门店,天天·天妇罗专门店,日本料理,4.3,82,B2,rated,True,,rated,parsed,rating_anchor,0.9772,0.991,54,6820,119.287,🌟🌟🌟⭐⭐ | B2 | 4.3 | 日本料理￥82/人,期间阳 | 天天·天妇罗专门店 | 🌟🌟🌟⭐⭐ | B2 | 4.3 | 日本料理￥82/人,ocr/input_videos\上海__五角场合生汇__20260824.mp4
OBS-000630,五角场合生汇,Potato Corner,PotatoCorner,西式快餐,4.1,30,L4,rated,True,,rated,parsed,rating_anchor,0.9778,0.996,54,6853,119.865,🌟🌟🎉🎉 | 西式快餐￥30/人 | L4 | 4.1 | ★,Potato Corner | 🌟🌟🎉🎉 | 西式快餐￥30/人 | L4 | 4.1 | ★ | POTATO | CORNER | ￥42.9 | ￥48超值三拼单人餐 | 惠 | 9折 | ￥27 | 9折 | ￥30 | 惠 | 【工作日专享】30元代金券,ocr/input_videos\上海__五角场合生汇__20260824.mp4
OBS-000631,五角场合生汇,金匠寿司,金匠寿司,寿司,4.4,108,B2,rated,True,,rated,parsed,rating_anchor,0.9814,0.9999,57,6853,119.865,🌟🌟🌟🎉 | B2 | 4.4寿司￥108/人,1月20日 | 金匠寿司 | 物快上新 | 🌟🌟🌟🎉 | B2 | 4.4寿司￥108/人 | 点评榜单 | 杨浦区寿司热门榜第1名 | 另外，店内还设置了失物招领页面 | ≤ | 2,ocr/input_videos\上海__五角场合生汇__20260824.mp4
OBS-000632,五角场合生汇,烧鸟一番,烧鸟一番,日式烧烤/烤肉,3.9,39,B2,rated,True,,rated,parsed,rating_anchor,0.9802,0.9983,63,6853,119.865,🌟🌟⭐🌟🌟 | B2 | 3.9 | 日式烧烤/烤肉￥39/人,烧鸟一番 | 新鲜食材 | 🌟🌟⭐🌟🌟 | B2 | 3.9 | 日式烧烤/烤肉￥39/人 | 现点现烤,ocr/input_videos\上海__五角场合生汇__20260824.mp4
OBS-000633,五角场合生汇,肉肉大米,肉肉大米,日本料理,4.3,77,B1,rated,True,,rated,parsed,rating_anchor,0.9791,0.9996,59,6853,119.865,🌟🌟⭐ | 日本料理￥77/人 | B1 | 4.3,浦东世纪汇 | 肉肉大米 | 🌟🌟⭐ | 日本料理￥77/人 | B1 | 4.3 | 点评榜单 | 五角场/大学路日本料理热门榜第5名 | 盛大开业,ocr/input_videos\上海__五角场合生汇__20260824.mp4
OBS-000634,五角场合生汇,天天·天妇罗专门店,天天·天妇罗专门店,日本料理,4.3,82,B2,rated,True,,rated,parsed,rating_anchor,0.9736,0.992,55,6853,119.865,🌟🌟🌟🎉 | B2 | 日本料理￥82/人 | 4.3 | ★,期间限定 | 天天·天妇罗专门店 | 🌟🌟🌟🎉 | B2 | 日本料理￥82/人 | 4.3 | ★ | 小绪牧场·自助小火锅 | 畅 | 吃,ocr/input_videos\上海__五角场合生汇__20260824.mp4
OBS-000635,五角场合生汇,Potato,Potato,西式快餐,4.1,30,L4,rated,True,,rated,parsed,rating_anchor,0.9779,0.9995,46,6897,120.634,🌟🌟🌟⭐ | 西式快餐￥30/人 | L4 | 4.1 | ★,Potato | Corner | 🌟🌟🌟⭐ | 西式快餐￥30/人 | L4 | 4.1 | ★ | POTATO | CORNER | ￥42.9 | 9折 | ￥48 | 惠 | 超值三拼单人餐 | ￥30 | ￥27 | 9折 | 惠 | 【工作日专享】30元代金券,ocr/input_videos\上海__五角场合生汇__20260824.mp4
OBS-000636,五角场合生汇,金匠寿司,金匠寿司,寿司,4.4,108,B2,rated,True,,rated,parsed,rating_anchor,0.986,0.9998,58,6897,120.634,B2 | 🌟🌟🎉⭐ | 4.4寿司￥108/人,1月20日 | 金匠寿司 | 物快上新 | B2 | 🌟🌟🎉⭐ | 4.4寿司￥108/人 | 点评榜单 | 杨浦区寿司热门榜第1名 | 另外，店内还设置了失物招领页面,ocr/input_videos\上海__五角场合生汇__20260824.mp4
OBS-000637,五角场合生汇,烧鸟一番,烧鸟一番,日式烧烤/烤肉,3.9,39,B2,rated,True,,rated,parsed,rating_anchor,0.9779,0.9987,60,6897,120.634,🌟🌟🎉🌟⭐ | B2 | 日式烧烤/烤肉￥39/人 | 3.9,烧鸟一番 | 新鲜食材 | 🌟🌟🎉🌟⭐ | B2 | 日式烧烤/烤肉￥39/人 | 3.9 | 现点现烤,ocr/input_videos\上海__五角场合生汇__20260824.mp4
OBS-000638,五角场合生汇,肉肉大米,肉肉大米,日本料理,4.3,77,B1,rated,True,,rated,parsed,rating_anchor,0.978,0.9996,59,6897,120.634,🌟🌟⭐⭐ | B1 | 日本料理￥77/人 | 4.3,浦东世纪汇 | 肉肉大米 | 🌟🌟⭐⭐ | B1 | 日本料理￥77/人 | 4.3 | 点评榜单 | 五角场/大学路日本料理热门榜第5名 | 盛大开业,ocr/input_videos\上海__五角场合生汇__20260824.mp4
OBS-000639,五角场合生汇,天天·天妇罗专门店,天天·天妇罗专门店,日本料理,4.3,82,B2,rated,True,,rated,parsed,rating_anchor,0.9699,0.9794,54,6897,120.634,⭐🌟🎉🎉 | 日本料理￥82/人 | B2 | 4.3 | ★,期间限定 | 天天·天妇罗专门店 | ⭐🌟🎉🎉 | 日本料理￥82/人 | B2 | 4.3 | ★,ocr/input_videos\上海__五角场合生汇__20260824.mp4
OBS-000640,五角场合生汇,小绪牧场·自助小火锅,小绪牧场·自助小火锅,小火锅,3.8,65,B2,rated,True,,rated,parsed,rating_anchor,0.9957,0.9919,54,6897,120.634,B2 | 🌟🌟🌟🌟🌟 | ￥65/人 | 小火锅 | 3.8,小绪牧场·自助小火锅 | 畅 | 吃 | B2 | 🌟🌟🌟🌟🌟 | ￥65/人 | 小火锅 | 3.8,ocr/input_videos\上海__五角场合生汇__20260824.mp4
OBS-000641,五角场合生汇,亚正夺可,亚正夺可,寿司,4.4,108,B2,rated,True,,rated,parsed,rating_anchor,0.7663,0.574,34,6952,121.596,🌟🌟🌟🌟 | B2 | 4.4寿司￥108/人,1F勒快上新 | 亚正夺可 | 🌟🌟🌟🌟 | B2 | 4.4寿司￥108/人 | 点评镑单 | 杨浦区寿司热门榜第1名 | 另外，店内还设置了失物招领页面 | “,ocr/input_videos\上海__五角场合生汇__20260824.mp4
OBS-000642,五角场合生汇,烧鸟一番,烧鸟一番,日式烧烤/烤肉,3.9,39,B2,rated,True,,rated,parsed,rating_anchor,0.9776,0.999,57,6952,121.596,🌟🌟🌟🌟🌟 | 日式烧烤/烤肉￥39/人 | B2 | 3.9,烧鸟一番 | 新鲜食材 | 🌟🌟🌟🌟🌟 | 日式烧烤/烤肉￥39/人 | B2 | 3.9 | 现点现烤,ocr/input_videos\上海__五角场合生汇__20260824.mp4
OBS-000643,五角场合生汇,肉肉大米,肉肉大米,日本料理,4.3,77,B1,rated,True,,rated,parsed,rating_anchor,0.9718,0.9995,58,6952,121.596,🌟🌟🌟 | B1 | 4.3 | 日本料理￥77/人,浦东世纪汇 | 肉肉大米 | 🌟🌟🌟 | B1 | 4.3 | 日本料理￥77/人 | 点评榜单 | 五角场/大学路日本料理热门榜第5名 | 盛大开业,ocr/input_videos\上海__五角场合生汇__20260824.mp4
OBS-000644,五角场合生汇,天天·天妇罗专门店,天天·天妇罗专门店,日本料理,4.3,82,B2,rated,True,,rated,parsed,rating_anchor,0.9779,0.9932,54,6952,121.596,🌟🌟🌟⭐ | B2 | 日本料理￥82/人 | 4.3 | ★,期间限定 | 天天·天妇罗专门店 | 🌟🌟🌟⭐ | B2 | 日本料理￥82/人 | 4.3 | ★,ocr/input_videos\上海__五角场合生汇__20260824.mp4
OBS-000645,五角场合生汇,小绪牧场·自助小火锅,小绪牧场·自助小火锅,小火锅,3.8,65,B2,rated,True,,rated,parsed,rating_anchor,0.9542,0.9671,51,6952,121.596,B2 | ⭐🌟🌟🌟⭐ | 小火锅￥65/人 | 3.8,小绪牧场·自助小火锅 | 吃 | 畅 | B2 | ⭐🌟🌟🌟⭐ | 小火锅￥65/人 | 3.8 | 点评榜单 | 杨浦区小火锅热门榜第1名 | 699 | 必点肥牛卷和虾滑，8种锅底任选” | 畅吃近百数食材！,ocr/input_videos\上海__五角场合生汇__20260824.mp4
OBS-000646,五角场合生汇,浩海火燒雲傣家菜,浩海火烧云傣家菜,云南菜滇菜,4.6,104,L2,rated,True,,rated,parsed,rating_anchor,0.9695,0.9959,51,6952,121.596,🌟🌟🌟🎉🌟 | 云南菜滇菜￥104/人 | L2 | 4.6,浩海火燒雲傣家菜 | 浩海火燒雲 | 🌟🌟🌟🎉🌟 | 云南菜滇菜￥104/人 | L2 | 4.6 | 漆家菜 | 点评榜单 | 杨浦区云南菜|滇菜热门榜第1名 | 开限新10国业 | 竹若金枪鱼,ocr/input_videos\上海__五角场合生汇__20260824.mp4
OBS-000647,五角场合生汇,天天·天妇罗专门店,天天·天妇罗专门店,里,4.3,82,B2,rated,True,,rated,parsed,rating_anchor,0.9342,0.9919,54,6974,121.981,B2 | 🌟🌟⭐⭐ | 里￥82/人 | 4.3 | 日本料理 | ★,期间限定 | 天天·天妇罗专门店 | B2 | 🌟🌟⭐⭐ | 里￥82/人 | 4.3 | 日本料理 | ★,ocr/input_videos\上海__五角场合生汇__20260824.mp4
OBS-000648,五角场合生汇,小绪牧场·自助小火锅,小绪牧场·自助小火锅,小火锅,3.8,65,B2,rated,True,,rated,parsed,rating_anchor,0.9453,0.9567,50,6974,121.981,3.8小火锅￥65/人 | B2,小绪牧场·自助小火锅 | 吃 | 畅 | 3.8小火锅￥65/人 | B2 | 点评榜单 | 杨浦区小火锅热门榜第1名 | 699 | 必点肥牛卷和虾滑，8种锅底任选 | 畅吃近百款食材！ | 3,ocr/input_videos\上海__五角场合生汇__20260824.mp4
OBS-000649,五角场合生汇,浩海火燒雲傣家菜,浩海火烧云傣家菜,云南菜滇菜,4.6,104,L2,rated,True,,rated,parsed,rating_anchor,0.9735,0.9946,53,6974,121.981,🌟🌟🌟🌟🌟 | L2 | 云南菜滇菜￥104/人 | 4.6,浩海火燒雲傣家菜 | 浩海火燒雲 | 🌟🌟🌟🌟🌟 | L2 | 云南菜滇菜￥104/人 | 4.6 | 家菜 | 点评榜单 | 杨浦区云南菜|滇菜热门榜第1名 | BA | 换新10月第,ocr/input_videos\上海__五角场合生汇__20260824.mp4
OBS-000650,五角场合生汇,竹若金枪鱼,竹若金枪鱼,日本料理,,,商场内,unrated,False,explicitly_unrated,unrated,parsed,unrated_anchor,0.9971,0.9955,54,6974,121.981,商场内 | 🌟🌟🌟🌟 | 暂无星级 | 日本料理,竹若金枪鱼 | 商场内 | 🌟🌟🌟🌟 | 暂无星级 | 日本料理 | 美食 | 即将开业,ocr/input_videos\上海__五角场合生汇__20260824.mp4
OBS-000651,五角场合生汇,岜岚·民间特色烤肉,岜岚·民间特色烤肉,融合烤肉,,,L5,new_store,False,new_store,ocr_missing,parsed,metadata_anchor,0.9649,0.9304,53,6974,121.981,新店 | 融合烤肉 | L5,岜岚·民间特色烤肉 | 新店 | 融合烤肉 | L5 | 削 | G92A | 上 | 4 | 2,ocr/input_videos\上海__五角场合生汇__20260824.mp4
OBS-000652,五角场合生汇,有机心情·霍普森西餐,有机心情·霍普森西餐,意大利菜,,,L4,unrated,False,explicitly_unrated,unrated,parsed,unrated_anchor,0.9913,0.9836,51,6974,121.981,★★★★★ | 暂无星级 | 意大利菜 | L4,有机心情·霍普森西餐 | ★★★★★ | 暂无星级 | 意大利菜 | L4 | 即将开业,ocr/input_videos\上海__五角场合生汇__20260824.mp4
OBS-000653,五角场合生汇,小绪牧场·自助小火锅,小绪牧场·自助小火锅,小火锅,3.8,65,B2,rated,True,,rated,parsed,rating_anchor,0.9685,0.9877,48,7018,122.751,🌟🌟3.8 | B2 | 小火锅￥65/人,小绪牧场·自助小火锅 | 畅 | 吃 | 🌟🌟3.8 | B2 | 小火锅￥65/人 | 点评榜单 | 杨浦区小火锅热门榜第1名 | 699 | 必点肥牛卷和虾滑，8种锅底任选 | 畅吃近百款食材！,ocr/input_videos\上海__五角场合生汇__20260824.mp4
OBS-000654,五角场合生汇,浩海火燒雲傣家菜,浩海火烧云傣家菜,云南菜滇菜,4.6,104,L2,rated,True,,rated,parsed,rating_anchor,0.9783,0.9973,51,7018,122.751,🌟🌟🌟🌟🌟 | L2 | 云南菜滇菜￥104/人 | 4.6,浩海火燒雲傣家菜 | 浩海火燒雲 | 🌟🌟🌟🌟🌟 | L2 | 云南菜滇菜￥104/人 | 4.6 | 家菜 | 点评榜单 | 杨浦区云南菜滇菜热门榜第1名 | THPHBOP | 升证所10月国业,ocr/input_videos\上海__五角场合生汇__20260824.mp4
OBS-000655,五角场合生汇,竹若金枪鱼,竹若金枪鱼,日本料理,,,商场内,unrated,False,explicitly_unrated,unrated,parsed,unrated_anchor,0.9957,0.9918,55,7018,122.751,商场内 | ★★★★★ | 暂无星级 | 日本料理,竹若金枪鱼 | 商场内 | ★★★★★ | 暂无星级 | 日本料理 | 美食 | 即将开业,ocr/input_videos\上海__五角场合生汇__20260824.mp4
OBS-000656,五角场合生汇,岂岚·民间特色烤肉,岂岚·民间特色烤肉,融合烤肉,,,L5,new_store,False,new_store,ocr_missing,parsed,metadata_anchor,0.9755,0.9515,54,7018,122.751,融合烤肉 | 新店 | L5,岂岚·民间特色烤肉 | 融合烤肉 | 新店 | L5 | 联深电汽,ocr/input_videos\上海__五角场合生汇__20260824.mp4
OBS-000657,五角场合生汇,有机心情·霍普森西餐,有机心情·霍普森西餐,意大利菜,,,L4,unrated,False,explicitly_unrated,unrated,parsed,unrated_anchor,0.9915,0.9834,54,7018,122.751,★★🌟 | 暂无星级 | 意大利菜 | L4,有机心情·霍普森西餐 | ★★🌟 | 暂无星级 | 意大利菜 | L4 | 即将开业 | Wagas沃歌斯,ocr/input_videos\上海__五角场合生汇__20260824.mp4
OBS-000658,五角场合生汇,浩海火燒雲傣家菜,浩海火烧云傣家菜,云南菜滇菜,4.6,104,L2,rated,True,,rated,parsed,rating_anchor,0.9972,0.9976,55,7106,124.29,L2 | 🌟🌟🎉🌟🌟 | 云南菜滇菜 | ￥104/人 | 4.6,浩海火燒雲傣家菜 | 浩海火燒雲 | L2 | 🌟🌟🎉🌟🌟 | 云南菜滇菜 | ￥104/人 | 4.6 | 家菜 | 点评榜单 | 杨浦区云南菜|滇菜热门榜第1名 | B | 换款10月发会,ocr/input_videos\上海__五角场合生汇__20260824.mp4
OBS-000659,五角场合生汇,竹若金枪鱼,竹若金枪鱼,日本料理,,,商场内,unrated,False,explicitly_unrated,unrated,parsed,unrated_anchor,0.9967,0.9945,55,7106,124.29,商场内 | 日本料理 | ★★★★★ | 暂无星级,竹若金枪鱼 | 商场内 | 日本料理 | ★★★★★ | 暂无星级 | 美食 | 即将开业,ocr/input_videos\上海__五角场合生汇__20260824.mp4
OBS-000660,五角场合生汇,岜岚·民间特色烤肉,岜岚·民间特色烤肉,融合烤肉,,,L5,new_store,False,new_store,ocr_missing,parsed,metadata_anchor,0.9783,0.9573,48,7106,124.29,新店 | L5 | 融合烤肉,岜岚·民间特色烤肉 | 新店 | L5 | 融合烤肉 | 63923 | 上B | 0 | 2,ocr/input_videos\上海__五角场合生汇__20260824.mp4
OBS-000661,五角场合生汇,有机心情·霍普森西餐,有机心情·霍普森西餐,意大利菜,,,L4,unrated,False,explicitly_unrated,unrated,parsed,unrated_anchor,0.9934,0.9871,51,7106,124.29,意大利菜 | ★★★★★ | 暂无星级 | L4,有机心情·霍普森西餐 | 意大利菜 | ★★★★★ | 暂无星级 | L4 | 即将开业,ocr/input_videos\上海__五角场合生汇__20260824.mp4
OBS-000662,五角场合生汇,Wagas沃歌斯,Wagas沃歌斯,西餐,,,B2,unrated,False,explicitly_unrated,unrated,parsed,unrated_anchor,0.9996,0.9997,67,7106,124.29,西餐 | ★★★★★ | 暂无星级 | B2,Wagas沃歌斯 | 西餐 | ★★★★★ | 暂无星级 | B2 | wogos | 1 | 1N | 高品健票轻食 | 即将开业,ocr/input_videos\上海__五角场合生汇__20260824.mp4
OBS-000663,五角场合生汇,Manner Coffee,MannerCoffee,咖啡,4.3,20,B2,rated,True,,rated,parsed,rating_anchor,0.9475,0.957,53,7106,124.29,🌟🌟🌟 | B2 | 4.3 | 咖啡￥20/人 | ★,Manner Coffee | 🌟🌟🌟 | B2 | 4.3 | 咖啡￥20/人 | ★ | MANNER,ocr/input_videos\上海__五角场合生汇__20260824.mp4
OBS-000664,五角场合生汇,有机心情·霍普森西餐,有机心情·霍普森西餐,意大利菜,,,L4,unrated,False,explicitly_unrated,unrated,parsed,unrated_anchor,0.9948,0.9898,54,7150,125.059,意大利菜 | ⭐⭐💥🌟🌟 | 暂无星级 | L4,有机心情·霍普森西餐 | 意大利菜 | ⭐⭐💥🌟🌟 | 暂无星级 | L4 | 即将开业,ocr/input_videos\上海__五角场合生汇__20260824.mp4
OBS-000665,五角场合生汇,Wagas沃歌斯,Wagas沃歌斯,西餐,,,B2,unrated,False,explicitly_unrated,unrated,parsed,unrated_anchor,0.9996,0.9996,66,7150,125.059,西餐 | 暂无星级 | ★★★★★ | B2,Wagas沃歌斯 | 西餐 | 暂无星级 | ★★★★★ | B2 | wogos | 1=Nt | 高品源健聚轻食 | 即将开业,ocr/input_videos\上海__五角场合生汇__20260824.mp4
OBS-000666,五角场合生汇,Manner Coff ee,MannerCoffee,咖啡,4.3,20,B2,rated,True,,rated,parsed,rating_anchor,0.9501,0.9578,54,7150,125.059,🌟🌟🌟🎉 | 咖啡￥20/人 | B2 | 4.3 | ★,Manner Coff ee | 🌟🌟🌟🎉 | 咖啡￥20/人 | B2 | 4.3 | ★ | MANNER,ocr/input_videos\上海__五角场合生汇__20260824.mp4
OBS-000667,五角场合生汇,OTALEG意大利手作冰淇淋,OTALEG意大利手作冰淇淋,冰淇淋,4.0,32,L5,rated,True,,rated,parsed,rating_anchor,0.9797,0.9993,50,7150,125.059,🌟🌟🌟🌟 | L5 | 冰淇淋￥32/人 | 4.0 | ★,OTALEG意大利手作冰淇淋 | 🌟🌟🌟🌟 | L5 | 冰淇淋￥32/人 | 4.0 | ★ | 一试难忘，各种口味皆可试吃” | 心 | 暂停营业,ocr/input_videos\上海__五角场合生汇__20260824.mp4
OBS-000668,五角场合生汇,Manner Coffee,MannerCoffee,咖啡,4.1,20,L1,rated,True,,rated,parsed,rating_anchor,0.908,0.9478,57,7150,125.059,🌟🌟⭐⭐ | 4.1 | L1 | 咖啡￥20/人 | ★,Manner Coffee | 🌟🌟⭐⭐ | 4.1 | L1 | 咖啡￥20/人 | ★ | MANNER,ocr/input_videos\上海__五角场合生汇__20260824.mp4
OBS-000669,五角场合生汇,大胡子冰可可,大胡子冰可可,茶饮果汁,3.8,20,B1,rated,True,,rated,parsed,rating_anchor,0.9822,0.9994,51,7150,125.059,🌟🌟🎉🌟⭐ | 茶饮果汁￥20/人 | B1 | 3.8,大胡子冰可可 | 🌟🌟🎉🌟⭐ | 茶饮果汁￥20/人 | B1 | 3.8,ocr/input_videos\上海__五角场合生汇__20260824.mp4
OBS-000670,五角场合生汇,有机心情·霍普森西餐,有机心情·霍普森西餐,意大利菜,,,L4,unrated,False,explicitly_unrated,unrated,parsed,unrated_anchor,0.9928,0.9859,54,7183,125.637,暂无星级 | L4 | ★🌟🌟★ | 意大利菜,有机心情·霍普森西餐 | 暂无星级 | L4 | ★🌟🌟★ | 意大利菜 | 即将开业,ocr/input_videos\上海__五角场合生汇__20260824.mp4
OBS-000671,五角场合生汇,Wagas沃歌斯,Wagas沃歌斯,西餐,,,B2,unrated,False,explicitly_unrated,unrated,parsed,unrated_anchor,0.9994,0.9997,66,7183,125.637,西餐 | ★🌟🌟🌟★ | B2 | 暂无星级,Wagas沃歌斯 | 西餐 | ★🌟🌟🌟★ | B2 | 暂无星级 | Logas | 1= | 麻品源健聚校食 | 即将开业,ocr/input_videos\上海__五角场合生汇__20260824.mp4
OBS-000672,五角场合生汇,Manner Coff ee,MannerCoffee,咖啡,4.3,20,B2,rated,True,,rated,parsed,rating_anchor,0.9468,0.9584,54,7183,125.637,🌟🌟🌟🌟 | 咖啡￥20/人 | B2 | 4.3 | ★,Manner Coff ee | 🌟🌟🌟🌟 | 咖啡￥20/人 | B2 | 4.3 | ★ | MANNER,ocr/input_videos\上海__五角场合生汇__20260824.mp4
OBS-000673,五角场合生汇,OTALEG意大利手作冰淇淋,OTALEG意大利手作冰淇淋,冰淇淋,4.0,32,L5,rated,True,,rated,parsed,rating_anchor,0.9815,0.9993,51,7183,125.637,🌟🌟⭐⭐ | 冰淇淋￥32/人 | L5 | 4.0 | ★,OTALEG意大利手作冰淇淋 | 🌟🌟⭐⭐ | 冰淇淋￥32/人 | L5 | 4.0 | ★ | 一试难忘，各种口味皆可试吃 | “ | 1 | 暂停营业,ocr/input_videos\上海__五角场合生汇__20260824.mp4
OBS-000674,五角场合生汇,Manner Coffee,MannerCoffee,咖啡,4.1,20,L1,rated,True,,rated,parsed,rating_anchor,0.9548,0.9439,55,7183,125.637,4.1咖啡￥20/人 | 🌟🌟⭐🌟 | L1 | ★,Manner Coffee | 4.1咖啡￥20/人 | 🌟🌟⭐🌟 | L1 | ★ | MANNER,ocr/input_videos\上海__五角场合生汇__20260824.mp4
OBS-000675,五角场合生汇,大胡子冰可可,大胡子冰可可,茶饮果汁,3.8,20,B1,rated,True,,rated,parsed,rating_anchor,0.9778,0.9973,51,7183,125.637,🌟🌟⭐🌟🌟 | 茶饮果汁￥20/人 | B1 | 3.8,Lalns | 大胡子冰可可 | 🌟🌟⭐🌟🌟 | 茶饮果汁￥20/人 | B1 | 3.8,ocr/input_videos\上海__五角场合生汇__20260824.mp4
OBS-000676,五角场合生汇,OTALEG意大利手作冰淇淋,OTALEG意大利手作冰淇淋,冰淇淋,4.0,32,L5,rated,True,,rated,parsed,rating_anchor,0.9816,0.9993,48,7282,127.368,L5 | ⭐🌟🌟⭐ | 冰淇淋￥32/人 | 4.0 | ★,OTALEG意大利手作冰淇淋 | L5 | ⭐🌟🌟⭐ | 冰淇淋￥32/人 | 4.0 | ★ | 一试难忘，各种口味皆可试吃 | “ | 暂停营业,ocr/input_videos\上海__五角场合生汇__20260824.mp4
OBS-000677,五角场合生汇,Manner Coffee,MannerCoffee,咖啡,4.1,20,L1,rated,True,,rated,parsed,rating_anchor,0.9304,0.9694,56,7282,127.368,🌟🌟⭐🌟 | 咖啡￥20/人 | L1 | 4.1 | ★,Manner Coffee | 🌟🌟⭐🌟 | 咖啡￥20/人 | L1 | 4.1 | ★ | MANNER,ocr/input_videos\上海__五角场合生汇__20260824.mp4
OBS-000678,五角场合生汇,大胡子冰可可,大胡子冰可可,茶饮果汁,3.8,20,B1,rated,True,,rated,parsed,rating_anchor,0.9754,0.999,52,7282,127.368,🌟🌟🌟🌟🌟 | 茶饮果汁￥20/人 | B1 | 3.8,大胡子冰可可 | 🌟🌟🌟🌟🌟 | 茶饮果汁￥20/人 | B1 | 3.8,ocr/input_videos\上海__五角场合生汇__20260824.mp4
OBS-000679,五角场合生汇,星巴克臻选,星巴克臻选,咖啡,4.2,53,L1,rated,True,,rated,parsed,rating_anchor,0.9742,0.9982,55,7282,127.368,🌟🌟🌟🌟 | 咖啡￥53/人 | L1 | 4.2,星巴克臻选 | 🌟🌟🌟🌟 | 咖啡￥53/人 | L1 | 4.2 | 点评榜单 | 杨浦区咖啡打卡人气榜第5名,ocr/input_videos\上海__五角场合生汇__20260824.mp4
OBS-000680,五角场合生汇,布歌东京,布歌东京,甜品,4.4,137,B2,rated,True,,rated,parsed,rating_anchor,0.9803,0.9989,56,7282,127.368,B2 | 🌟🌟🌟🌟 | 甜品￥137/人 | 4.4,布歌东京 | 石榴红提 | B2 | 🌟🌟🌟🌟 | 甜品￥137/人 | 4.4 | 点评榜单 | 杨浦区甜品口味榜第4名,ocr/input_videos\上海__五角场合生汇__20260824.mp4
OBS-000681,五角场合生汇,白玉兰食品甜凤店,白玉兰食品甜凤店,包子,4.1,35,B2,rated,True,,rated,parsed,rating_anchor,0.9994,0.9992,51,7282,127.368,B2 | 🌟🌟★★ | 4.1 | ￥35/人 | 包子,白玉兰食品甜凤店 | B2 | 🌟🌟★★ | 4.1 | ￥35/人 | 包子 | 点评榜单 | 杨浦区包子好评榜第1名 | 石头先生的烤炉,ocr/input_videos\上海__五角场合生汇__20260824.mp4
OBS-000682,五角场合生汇,大胡子冰可可,大胡子冰可可,茶饮果汁,3.8,20,B1,rated,True,,rated,parsed,rating_anchor,0.9785,0.9993,52,7315,127.945,★★★🌟★ | 茶饮果汁￥20/人 | B1 | 3.8,大胡子冰可可 | ★★★🌟★ | 茶饮果汁￥20/人 | B1 | 3.8,ocr/input_videos\上海__五角场合生汇__20260824.mp4
OBS-000683,五角场合生汇,星巴克臻选,星巴克臻选,咖啡,4.2,53,L1,rated,True,,rated,parsed,rating_anchor,0.9726,0.9994,52,7315,127.945,⭐🌟🌟🌟 | 咖啡￥53/人 | 4.2 | L1,星巴克臻选 | ⭐🌟🌟🌟 | 咖啡￥53/人 | 4.2 | L1 | 点评榜单 | 杨浦区咖啡打卡人气榜第5名,ocr/input_videos\上海__五角场合生汇__20260824.mp4
OBS-000684,五角场合生汇,布歌东京,布歌东京,甜品,4.4,137,B2,rated,True,,rated,parsed,rating_anchor,0.9729,0.9989,56,7315,127.945,⭐🌟🌟🎉 | B2 | 甜品￥137/人 | 4.4,布歌东京 | 石榴红提 | ⭐🌟🌟🎉 | B2 | 甜品￥137/人 | 4.4 | 点评榜单 | 杨浦区甜品口味榜第4名,ocr/input_videos\上海__五角场合生汇__20260824.mp4
OBS-000685,五角场合生汇,白玉兰食品甜凤店,白玉兰食品甜凤店,包子,4.1,35,B2,rated,True,,rated,parsed,rating_anchor,0.997,0.9953,54,7315,127.945,⭐🌟⭐⭐ | B2 | 包子 | 4.1 | ￥35/人 | ★,白玉兰食品甜凤店 | ⭐🌟⭐⭐ | B2 | 包子 | 4.1 | ￥35/人 | ★ | 点评榜单 | 杨浦区包子好评榜第1名,ocr/input_videos\上海__五角场合生汇__20260824.mp4
OBS-000686,五角场合生汇,石头先生的烤炉,石头先生的烤炉,面包蛋糕,4.2,31,B2,rated,True,,rated,parsed,rating_anchor,0.9977,0.9996,54,7315,127.945,🌟🌟⭐⭐ | 面包蛋糕 | ￥31/人 | B2 | 4.2,石头先生的烤炉 | A万 | 新品 | 上市 | 🌟🌟⭐⭐ | 面包蛋糕 | ￥31/人 | B2 | 4.2 | 吐司奶香十足，栗子味刚好” | 暂停营业,ocr/input_videos\上海__五角场合生汇__20260824.mp4
OBS-000687,五角场合生汇,雷允上,雷允上,滋补品,3.7,,B2,rated,True,,rated,parsed,rating_anchor,0.997,0.9943,59,7315,127.945,⭐🌟🌟🌟🌟 | B2 | 滋补品 | 3.7,雷允上 | 充上n | ⭐🌟🌟🌟🌟 | B2 | 滋补品 | 3.7,ocr/input_videos\上海__五角场合生汇__20260824.mp4
OBS-000688,五角场合生汇,大胡子冰可可,大胡子冰可可,茶饮果汁,3.8,20,B1,rated,True,,rated,parsed,rating_anchor,0.9789,0.9988,52,7359,128.715,⭐🌟🌟🌟⭐ | 茶饮果汁￥20/人 | B1 | 3.8,nlns | 大胡子冰可可 | ⭐🌟🌟🌟⭐ | 茶饮果汁￥20/人 | B1 | 3.8,ocr/input_videos\上海__五角场合生汇__20260824.mp4
OBS-000689,五角场合生汇,星巴克臻选,星巴克臻选,咖啡,4.2,53,L1,rated,True,,rated,parsed,rating_anchor,0.9669,0.9982,55,7359,128.715,L1 | 🌟🌟🌟🌟 | 咖啡￥53/人 | 4.2 | ★,星巴克臻选 | L1 | 🌟🌟🌟🌟 | 咖啡￥53/人 | 4.2 | ★ | 点评榜单 | 杨浦区咖啡打卡人气榜第5名,ocr/input_videos\上海__五角场合生汇__20260824.mp4
OBS-000690,五角场合生汇,布歌东京,布歌东京,甜品,4.4,137,B2,rated,True,,rated,parsed,rating_anchor,0.9752,0.9991,56,7359,128.715,B2 | 🌟🌟🌟⭐ | 甜品￥137/人 | 4.4,布歌东京 | 石榴红提 | B2 | 🌟🌟🌟⭐ | 甜品￥137/人 | 4.4 | 点评榜单 | 杨浦区甜品口味榜第4名,ocr/input_videos\上海__五角场合生汇__20260824.mp4
OBS-000691,五角场合生汇,白玉兰食品甜凤店,白玉兰食品甜凤店,包子,4.1,35,B2,rated,True,,rated,parsed,rating_anchor,0.9981,0.998,53,7359,128.715,B2 | 🌟🌟⭐⭐ | 4.1 | 包子 | ￥35/人,白玉兰食品甜凤店 | B2 | 🌟🌟⭐⭐ | 4.1 | 包子 | ￥35/人 | 点评榜单 | 杨浦区包子好评榜第1名,ocr/input_videos\上海__五角场合生汇__20260824.mp4
OBS-000692,五角场合生汇,石头先生的烤炉,石头先生的烤炉,面包蛋糕,4.2,31,B2,rated,True,,rated,parsed,rating_anchor,0.9982,0.9992,55,7359,128.715,B2 | 🌟🌟⭐🌟 | ￥31/人 | 4.2 | 面包蛋糕 | ★,石头先生的烤炉 | 石民光的 | 新品 | B2 | 上市 | 🌟🌟⭐🌟 | ￥31/人 | 4.2 | 面包蛋糕 | ★ | 吐司奶香十足，栗子味刚好” | C | 暂停营业,ocr/input_videos\上海__五角场合生汇__20260824.mp4
OBS-000693,五角场合生汇,雷允上,雷允上,滋补品,3.7,,B2,rated,True,,rated,parsed,rating_anchor,0.9997,0.9995,64,7359,128.715,🌟🌟🌟🌟🌟 | 滋补品 | B2 | 3.7,雷允上 | 读充上 | 🌟🌟🌟🌟🌟 | 滋补品 | B2 | 3.7,ocr/input_videos\上海__五角场合生汇__20260824.mp4
OBS-000694,五角场合生汇,布歌东京,布歌东京,甜品,4.4,137,B2,rated,True,,rated,parsed,rating_anchor,0.9787,0.9991,58,7414,129.677,⭐🌟🌟⭐ | B2 | 甜品￥137/人 | 4.4,布歌东京 | 石榴红提 | ⭐🌟🌟⭐ | B2 | 甜品￥137/人 | 4.4 | 点评榜单 | 杨浦区甜品口味榜第4名,ocr/input_videos\上海__五角场合生汇__20260824.mp4
OBS-000695,五角场合生汇,白玉兰食品甜凤店,白玉兰食品甜凤店,包子,4.1,35,B2,rated,True,,rated,parsed,rating_anchor,0.9988,0.9985,54,7414,129.677,🌟🌟🌟🌟 | B2 | 包子 | 4.1 | ￥35/人 | ★,白玉兰食品甜凤店 | 🌟🌟🌟🌟 | B2 | 包子 | 4.1 | ￥35/人 | ★ | 点评榜单 | 杨浦区包子好评榜第1名,ocr/input_videos\上海__五角场合生汇__20260824.mp4
OBS-000696,五角场合生汇,石头先生的烤炉,石头先生的烤炉,面包蛋糕,4.2,31,B2,rated,True,,rated,parsed,rating_anchor,0.9986,0.9988,54,7414,129.677,￥31/人 | 🌟🌟🌟 | 面包蛋糕 | B2 | 4.2,石头先生的烤炉 | S5A | 新品 | 上市 | ￥31/人 | 🌟🌟🌟 | 面包蛋糕 | B2 | 4.2 | 吐司奶香十，栗子味刚好 | 暂停营业,ocr/input_videos\上海__五角场合生汇__20260824.mp4
OBS-000697,五角场合生汇,雷允上,雷允上,滋补品,3.7,,B2,rated,True,,rated,parsed,rating_anchor,0.9963,0.9926,59,7414,129.677,★🌟★★ | 滋补品 | B2 | 3.7,雷允上 | 雪充上 | ★🌟★★ | 滋补品 | B2 | 3.7,ocr/input_videos\上海__五角场合生汇__20260824.mp4
OBS-000698,五角场合生汇,禛吉斋,禛吉斋,美食,3.3,168,B2,rated,True,,rated,parsed,rating_anchor,0.9597,0.9658,58,7414,129.677,🌟🌟★★🌟 | B2 | 3.3美食￥168/人,禛吉斋 | 昌承 | 4 | 政 | M | 🌟🌟★★🌟 | B2 | 3.3美食￥168/人 | C,ocr/input_videos\上海__五角场合生汇__20260824.mp4
OBS-000699,五角场合生汇,TopSold大口兽新鲜零食商店,TopSold大口兽新鲜零食商店,零食,,47,B2,new_store,False,new_store,ocr_missing,parsed,metadata_anchor,0.9389,0.9863,56,7414,129.677,新店 | B2 | 零食￥47/人,TopSold大口兽新鲜零食商店 | 新店 | B2 | 零食￥47/人,ocr/input_videos\上海__五角场合生汇__20260824.mp4
OBS-000700,五角场合生汇,雷允上,雷允上,滋补品,3.7,,B2,rated,True,,rated,parsed,rating_anchor,0.9978,0.9957,59,7447,130.254,滋补品 | 🌟🌟🌟🌟🌟 | B2 | 3.7,雷允上 | 雪充上n | 滋补品 | 🌟🌟🌟🌟🌟 | B2 | 3.7,ocr/input_videos\上海__五角场合生汇__20260824.mp4
OBS-000701,五角场合生汇,禛吉斋,禛吉斋,美食,3.3,168,B2,rated,True,,rated,parsed,rating_anchor,0.9669,0.9626,58,7447,130.254,🌟🌟⭐ | B2 | 3.3美食￥168/人 | ★★,禛吉斋 | 晶承 | 古 | 法 | 🌟🌟⭐ | B2 | 3.3美食￥168/人 | ★★ | 心,ocr/input_videos\上海__五角场合生汇__20260824.mp4
OBS-000702,五角场合生汇,TopSold大口兽新鲜零食商店,TopSold大口兽新鲜零食商店,零食,,47,B2,new_store,False,new_store,ocr_missing,parsed,metadata_anchor,0.9561,0.9742,56,7447,130.254,零食￥47/人 | 新店 | B2,TopSold大口兽新鲜零食商店 | 零食￥47/人 | 新店 | B2 | 大口兽 | TOP SOLD,ocr/input_videos\上海__五角场合生汇__20260824.mp4
OBS-000703,五角场合生汇,万益蓝WONDERLAB,万益蓝WONDERLAB,零食,3.9,,B1,rated,True,,rated,parsed,rating_anchor,0.9578,0.9971,51,7447,130.254,⭐⭐3.9零食 | B1,万益蓝WONDERLAB | ⭐⭐3.9零食 | B1 | 万益蓝 | WONDERLAB,ocr/input_videos\上海__五角场合生汇__20260824.mp4
OBS-000704,五角场合生汇,WenTinG文汀·半糖蛋糕,WenTinG文汀·半糖蛋糕,甜品,4.8,136,L5,rated,True,,rated,parsed,rating_anchor,0.9924,0.985,50,7447,130.254,🌟🌟⭐⭐🌟 | L5 | 甜品 | ￥136/人 | 4.8,WenTinG文汀·半糖蛋糕 | 🌟🌟⭐⭐🌟 | L5 | 甜品 | ￥136/人 | 4.8 | 点评榜单 | 杨浦区甜品口味榜第1名 | 口感极佳，团购价优惠再升级” | VenTinG | “,ocr/input_videos\上海__五角场合生汇__20260824.mp4
OBS-000705,五角场合生汇,米村拌饭,米村拌饭,快餐简餐,4.4,32,L5,rated,True,,rated,parsed,rating_anchor,0.9983,0.9993,55,7447,130.254,🌟🌟🌟🎉 | L5 | 快餐简餐 | ￥32/人 | 4.4,米村拌饭 | 米村 | 🌟🌟🌟🎉 | L5 | 快餐简餐 | ￥32/人 | 4.4 | 拌饭 | 点评榜单 | 五角场/大学路小吃快餐服务榜第5名,ocr/input_videos\上海__五角场合生汇__20260824.mp4
OBS-000706,五角场合生汇,雷允上,雷允上,滋补品,3.7,,B2,rated,True,,rated,parsed,rating_anchor,0.9948,0.9896,59,7458,130.447,🌟🌟🌟🌟⭐ | 滋补品 | B2 | 3.7,雷允上 | 香允上H | 🌟🌟🌟🌟⭐ | 滋补品 | B2 | 3.7,ocr/input_videos\上海__五角场合生汇__20260824.mp4
OBS-000707,五角场合生汇,禛吉斋,禛吉斋,美食,3.3,168,B2,rated,True,,rated,parsed,rating_anchor,0.9538,0.942,61,7458,130.447,⭐🌟⭐⭐⭐ | 3.3美食￥168/人 | B2,禛吉斋 | 晶承 | 经 | 去 | 川 | 中 | ⭐🌟⭐⭐⭐ | 3.3美食￥168/人 | B2 | ME,ocr/input_videos\上海__五角场合生汇__20260824.mp4
OBS-000708,五角场合生汇,TopSold大口兽新鲜零食商店,TopSold大口兽新鲜零食商店,零食,,,B2,new_store,False,new_store,ocr_missing,parsed,metadata_anchor,0.9369,0.9931,56,7458,130.447,新店 | B2 | 零食￥471人,TopSold大口兽新鲜零食商店 | 新店 | B2 | 零食￥471人 | 大口兽 | TOP SOLD,ocr/input_videos\上海__五角场合生汇__20260824.mp4
OBS-000709,五角场合生汇,万益蓝WONDERLAB,万益蓝WONDERLAB,零食,3.9,,B1,rated,True,,rated,parsed,rating_anchor,0.999,0.9984,51,7458,130.447,⭐🌟💥⭐3.9 | 零食 | B1,万益蓝WONDERLAB | ⭐🌟💥⭐3.9 | 零食 | B1 | 万益蓝 | ó | WONDERLAB,ocr/input_videos\上海__五角场合生汇__20260824.mp4
OBS-000710,五角场合生汇,WenTinG文汀·半糖蛋糕,WenTinG文汀·半糖蛋糕,甜品,4.8,136,L5,rated,True,,rated,parsed,rating_anchor,0.9726,0.9917,51,7458,130.447,L5 | 🌟🌟🌟⭐🌟 | 甜品￥136/人 | 4.8,WenTinG文汀·半糖蛋糕 | L5 | 🌟🌟🌟⭐🌟 | 甜品￥136/人 | 4.8 | 点评榜单 | 杨浦区甜品口味榜第1名 | 口感极佳，团购价优惠再升级 | enTinG | ≤,ocr/input_videos\上海__五角场合生汇__20260824.mp4
OBS-000711,五角场合生汇,米村拌饭,米村拌饭,快餐简餐,4.4,32,L5,rated,True,,rated,parsed,rating_anchor,0.9985,0.9993,56,7458,130.447,⭐🌟🌟🌟 | 4.4快餐简餐 | ￥32/人 | L5,米村拌饭 | 米村 | ⭐🌟🌟🌟 | 4.4快餐简餐 | ￥32/人 | L5 | 拌饭 | 点评榜单 | 五角场/大学路小吃快餐服务榜第5名,ocr/input_videos\上海__五角场合生汇__20260824.mp4
OBS-000712,五角场合生汇,雷允上,雷允上,滋补品,3.7,,B2,rated,True,,rated,parsed,rating_anchor,0.9989,0.9979,66,7491,131.024,滋补品 | 🌟🌟🌟🌟🌟 | B2 | 3.7,雷允上 | 香允上H | 滋补品 | 🌟🌟🌟🌟🌟 | B2 | 3.7,ocr/input_videos\上海__五角场合生汇__20260824.mp4
OBS-000713,五角场合生汇,禛吉斋,禛吉斋,美食,3.3,168,B2,rated,True,,rated,parsed,rating_anchor,0.9735,0.9723,59,7491,131.024,🌟🌟🌟 | 3.3美食￥168/人 | B2 | ⭐⭐,禛吉斋 | 昌示 | 盛古 | 月法 | 🌟🌟🌟 | 3.3美食￥168/人 | B2 | ⭐⭐ | 银に | 新 | 心,ocr/input_videos\上海__五角场合生汇__20260824.mp4
OBS-000714,五角场合生汇,TopSold大口兽新鲜零食商店,TopSold大口兽新鲜零食商店,零食,,,B2,new_store,False,new_store,ocr_missing,parsed,metadata_anchor,0.9576,0.9898,56,7491,131.024,新店 | B2 | 零食￥471人,TopSold大口兽新鲜零食商店 | 新店 | B2 | 零食￥471人 | 大口兽 | TOP SOLD,ocr/input_videos\上海__五角场合生汇__20260824.mp4
OBS-000715,五角场合生汇,万益蓝WONDERLAB,万益蓝WONDERLAB,零食,3.9,,B1,rated,True,,rated,parsed,rating_anchor,0.9983,0.9969,51,7491,131.024,零食 | B1 | 🌟🌟🌟⭐3.9,万益蓝WONDERLAB | 零食 | B1 | 🌟🌟🌟⭐3.9 | 万益蓝 | WONDERLAB,ocr/input_videos\上海__五角场合生汇__20260824.mp4
OBS-000716,五角场合生汇,WenTinG文汀·半糖蛋糕,WenTinG文汀·半糖蛋糕,甜品,4.8,136,L5,rated,True,,rated,parsed,rating_anchor,0.9669,0.9872,51,7491,131.024,🌟🌟🌟🌟🌟 | L5 | 甜品￥136/人 | 4.8,WenTinG文汀·半糖蛋糕 | 🌟🌟🌟🌟🌟 | L5 | 甜品￥136/人 | 4.8 | 点评榜单 | 杨浦区甜品口味榜第1名 | VenTinG | 口感极佳，团购价优惠再升级 | ≤ | 3,ocr/input_videos\上海__五角场合生汇__20260824.mp4
OBS-000717,五角场合生汇,米村拌饭,米村拌饭,快餐简餐,4.4,32,L5,rated,True,,rated,parsed,rating_anchor,0.9979,0.9994,56,7491,131.024,★🌟★⭐ | L5 | 4.4快餐简餐 | ￥32/人,米村拌饭 | 米村 | ★🌟★⭐ | L5 | 4.4快餐简餐 | ￥32/人 | 拌饭 | 点评榜单 | 五角场/大学路小吃快餐服务榜第5名,ocr/input_videos\上海__五角场合生汇__20260824.mp4
OBS-000718,五角场合生汇,万益蓝WONDERLAB,万益蓝WONDERLAB,零食,3.9,,B1,rated,True,,rated,parsed,rating_anchor,0.9985,0.9973,48,7590,132.755,零食 | ⭐🌟⭐3.9 | B1,万益蓝WONDERLAB | 零食 | ⭐🌟⭐3.9 | B1 | 万益蓝 | WONDERLAB,ocr/input_videos\上海__五角场合生汇__20260824.mp4
OBS-000719,五角场合生汇,WenTinG文汀·半糖蛋糕,WenTinG文汀·半糖蛋糕,甜品,4.8,136,L5,rated,True,,rated,parsed,rating_anchor,0.967,0.9918,51,7590,132.755,L5 | ⭐🌟⭐⭐🌟 | 甜品￥136/人 | 4.8,WenTinG文汀·半糖蛋糕 | L5 | ⭐🌟⭐⭐🌟 | 甜品￥136/人 | 4.8 | 点评榜单 | 杨浦区甜品口味榜第1名 | 口感极佳，团购价优惠再升级 | WVenTinG | “,ocr/input_videos\上海__五角场合生汇__20260824.mp4
OBS-000720,五角场合生汇,米村拌饭,米村拌饭,快餐简餐,4.4,32,L5,rated,True,,rated,parsed,rating_anchor,0.987,0.9993,56,7590,132.755,⭐🌟⭐ | 4.4快餐简餐￥32/人 | L5 | ★,米村拌饭 | 米村 | ⭐🌟⭐ | 4.4快餐简餐￥32/人 | L5 | ★ | 拌饭 | 点评榜单 | 五角场/大学路小吃快餐服务榜第5名,ocr/input_videos\上海__五角场合生汇__20260824.mp4
OBS-000721,五角场合生汇,喜多藏・日式便当,喜多藏·日式便当,快餐简餐,3.5,,B2,rated,True,,rated,parsed,rating_anchor,0.9884,0.9793,56,7590,132.755,🌟⭐🌟⭐3.5 | B2 | 快餐简餐,喜多藏・日式便当 | 🌟⭐🌟⭐3.5 | B2 | 快餐简餐 | 美食,ocr/input_videos\上海__五角场合生汇__20260824.mp4
OBS-000722,五角场合生汇,春风松月楼,春风松月楼,小吃,3.8,23,B2,rated,True,,rated,parsed,rating_anchor,0.9702,0.9991,52,7590,132.755,⭐🌟⭐🌟⭐ | B2 | 小吃￥23/人 | 3.8,春风松月楼 | ⭐🌟⭐🌟⭐ | B2 | 小吃￥23/人 | 3.8 | 点评榜单 | 五角场/大学路小吃热门榜第5名 | 百年松月楼·素食匠心造,ocr/input_videos\上海__五角场合生汇__20260824.mp4
OBS-000723,五角场合生汇,喜六月冰糖葫芦,喜六月冰糖葫芦,小吃快餐,3.9,19,B2,rated,True,,rated,parsed,rating_anchor,0.9993,0.9997,51,7590,132.755,⭐🌟🌟🌟🌟 | B2 | ￥19/人 | 小吃快餐 | 3.9,喜六月冰糖葫芦 | ⭐🌟🌟🌟🌟 | B2 | ￥19/人 | 小吃快餐 | 3.9,ocr/input_videos\上海__五角场合生汇__20260824.mp4
OBS-000724,五角场合生汇,WenTinG文汀·半糖蛋糕,WenTinG文汀·半糖蛋糕,甜品,4.8,136,L5,rated,True,,rated,parsed,rating_anchor,0.9738,0.9477,48,7601,132.948,★★★★★ | L5 | 甜品 | ￥136/人 | 4.8,WenTinG文汀·半糖蛋糕 | ★★★★★ | L5 | 甜品 | ￥136/人 | 4.8 | 点评榜单 | 杨浦区甜品口味榜第1名 | VenTinG | 口感极佳，团购价优惠再升级 | “ | 3,ocr/input_videos\上海__五角场合生汇__20260824.mp4
OBS-000725,五角场合生汇,米村拌饭,米村拌饭,快餐简餐,4.4,32,L5,rated,True,,rated,parsed,rating_anchor,0.9871,0.9993,53,7601,132.948,🌟🌟🌟🌟 | 4.4快餐简餐￥32/人 | L5,米村拌饭 | 米村 | 🌟🌟🌟🌟 | 4.4快餐简餐￥32/人 | L5 | 拌饭 | 点评榜单 | 五角场/大学路小吃快餐服务榜第5名,ocr/input_videos\上海__五角场合生汇__20260824.mp4
OBS-000726,五角场合生汇,喜多藏・日式便当,喜多藏·日式便当,快餐简餐,3.5,,B2,rated,True,,rated,parsed,rating_anchor,0.985,0.9745,51,7601,132.948,B2 | ★★★★3.5 | 快餐简餐,喜多藏・日式便当 | B2 | ★★★★3.5 | 快餐简餐 | 美食,ocr/input_videos\上海__五角场合生汇__20260824.mp4
OBS-000727,五角场合生汇,春风松月楼,春风松月楼,小吃,3.8,23,B2,rated,True,,rated,parsed,rating_anchor,0.9641,0.9987,55,7601,132.948,B2 | 🌟🌟🌟🌟🌟 | 小吃￥23/人 | 3.8,春风松月楼 | B2 | 🌟🌟🌟🌟🌟 | 小吃￥23/人 | 3.8 | 点评榜单 | 五角场/大学路小吃热门榜第5名 | 百年松月接·素食匠心造,ocr/input_videos\上海__五角场合生汇__20260824.mp4
OBS-000728,五角场合生汇,喜六月冰糖葫芦,喜六月冰糖葫芦,小吃快餐,3.9,19,B2,rated,True,,rated,parsed,rating_anchor,0.9815,0.9997,55,7601,132.948,🌟🌟🌟🌟🌟 | B2 | 小吃快餐￥19/人 | 3.9,喜六月冰糖葫芦 | 🌟🌟🌟🌟🌟 | B2 | 小吃快餐￥19/人 | 3.9 | Q | 喜六月 | 暂停营业,ocr/input_videos\上海__五角场合生汇__20260824.mp4
OBS-000729,五角场合生汇,上海哈尔滨食品厂,上海哈尔滨食品厂,面包蛋糕,3.6,47,B2,rated,True,,rated,parsed,rating_anchor,0.9978,0.9993,53,7601,132.948,B2 | 🌟🌟⭐💥🌟 | 3.6面包蛋糕 | ￥47/人,上海哈尔滨食品厂 | 哈 | B2 | 🌟🌟⭐💥🌟 | 3.6面包蛋糕 | ￥47/人,ocr/input_videos\上海__五角场合生汇__20260824.mp4
OBS-000730,五角场合生汇,WenTinG文汀·半糖蛋糕,WenTinG文汀·半糖蛋糕,甜品,4.8,136,L5,rated,True,,rated,parsed,rating_anchor,0.9766,0.9884,51,7645,133.717,L5 | 甜品￥136/人 | ★★★★★ | 4.8,WenTinG文汀·半糖蛋糕 | L5 | 甜品￥136/人 | ★★★★★ | 4.8 | 点评榜单 | 杨浦区甜品口味榜第1名 | 口感极佳，团购价优惠再升级 | VenTinG | S | 分,ocr/input_videos\上海__五角场合生汇__20260824.mp4
OBS-000731,五角场合生汇,米村拌饭,米村拌饭,快餐简餐,4.4,32,L5,rated,True,,rated,parsed,rating_anchor,0.9813,0.9993,56,7645,133.717,🌟🌟🌟🌟 | L5 | 4.4快餐简餐￥32/人,米村拌饭 | 米村 | 🌟🌟🌟🌟 | L5 | 4.4快餐简餐￥32/人 | 拌饭 | 点评榜单 | 五角场/大学路小吃快餐服务榜第5名,ocr/input_videos\上海__五角场合生汇__20260824.mp4
OBS-000732,五角场合生汇,喜多藏・日式便当,喜多藏·日式便当,快餐简餐,3.5,,B2,rated,True,,rated,parsed,rating_anchor,0.9645,0.971,52,7645,133.717,B2 | 🌟🌟🌟🌟🌟 | 快餐简餐 | 3.5,喜多藏・日式便当 | B2 | 🌟🌟🌟🌟🌟 | 快餐简餐 | 3.5 | 美食,ocr/input_videos\上海__五角场合生汇__20260824.mp4
OBS-000733,五角场合生汇,春风松月楼,春风松月楼,小吃,3.8,23,B2,rated,True,,rated,parsed,rating_anchor,0.9646,0.9982,55,7645,133.717,B2 | 🌟🌟🌟🌟🌟 | 3.8 | 小吃￥23/人,春风松月楼 | B2 | 🌟🌟🌟🌟🌟 | 3.8 | 小吃￥23/人 | 点评榜单 | 五角场/大学路小吃热门榜第5名 | 百年松月楼·袁食匠心造,ocr/input_videos\上海__五角场合生汇__20260824.mp4
OBS-000734,五角场合生汇,喜六月冰糖葫芦,喜六月冰糖葫芦,小吃快餐,3.9,19,B2,rated,True,,rated,parsed,rating_anchor,0.9788,0.9997,56,7645,133.717,🌟🌟🌟🌟★ | 小吃快餐￥19/人 | B2 | 3.9,喜六月冰糖葫芦 | 2 | 🌟🌟🌟🌟★ | 小吃快餐￥19/人 | B2 | 3.9 | 喜六月 | 暂停营业,ocr/input_videos\上海__五角场合生汇__20260824.mp4
OBS-000735,五角场合生汇,上海哈尔滨食品厂,上海哈尔滨食品厂,面包蛋糕,3.6,47,B2,rated,True,,rated,parsed,rating_anchor,0.9979,0.9996,54,7645,133.717,🌟🌟⭐🌟⭐ | B2 | 3.6面包蛋糕 | ￥47/人,上海哈尔滨食品厂 | 哈氏 | 🌟🌟⭐🌟⭐ | B2 | 3.6面包蛋糕 | ￥47/人,ocr/input_videos\上海__五角场合生汇__20260824.mp4
OBS-000736,五角场合生汇,不付仟收,不付仟收,快餐简餐,4.4,32,L5,rated,True,,rated,parsed,rating_anchor,0.7772,0.558,34,7733,135.257,🌟🌟🌟⭐ | L5 | ￥32/人 | 快餐简餐 | 4.4,不付仟收 | 米村 | 🌟🌟🌟⭐ | L5 | ￥32/人 | 快餐简餐 | 4.4 | 拌饭 | 点评榜单 | 五角场/大学路小吃快餐服务榜第5名,ocr/input_videos\上海__五角场合生汇__20260824.mp4
OBS-000737,五角场合生汇,喜多藏・日式便当,喜多藏·日式便当,快餐简餐,3.5,,B2,rated,True,,rated,parsed,rating_anchor,0.962,0.9579,52,7733,135.257,🌟🌟⭐🌟⭐ | B2 | 快餐简餐 | 3.5,喜多藏・日式便当 | 🌟🌟⭐🌟⭐ | B2 | 快餐简餐 | 3.5 | 美食,ocr/input_videos\上海__五角场合生汇__20260824.mp4
OBS-000738,五角场合生汇,春风松月楼,春风松月楼,小吃,3.8,23,B2,rated,True,,rated,parsed,rating_anchor,0.9697,0.9991,58,7733,135.257,🌟🌟🌟🌟 | B2 | 小吃￥23/人 | 3.8,春风松月楼 | 🌟🌟🌟🌟 | B2 | 小吃￥23/人 | 3.8 | 点评榜单 | 五角场/大学路小吃热门榜第5名 | 百年松月楼·素食匠心造,ocr/input_videos\上海__五角场合生汇__20260824.mp4
OBS-000739,五角场合生汇,喜六月冰糖葫芦,喜六月冰糖葫芦,小吃快餐,3.9,19,B2,rated,True,,rated,parsed,rating_anchor,0.9797,0.9993,54,7733,135.257,🌟🌟🌟🌟🌟 | B2 | 3.9小吃快餐￥19/人,喜六月冰糖葫芦 | 🌟🌟🌟🌟🌟 | B2 | 3.9小吃快餐￥19/人 | 0 | 喜六月 | 暂停营业,ocr/input_videos\上海__五角场合生汇__20260824.mp4
OBS-000740,五角场合生汇,上海哈尔滨食品厂,上海哈尔滨食品厂,面包蛋糕,3.6,47,B2,rated,True,,rated,parsed,rating_anchor,0.9703,0.9995,54,7733,135.257,⭐3.6面包蛋糕 | B2 | ￥47/人,上海哈尔滨食品厂 | 哈氏 | ⭐3.6面包蛋糕 | B2 | ￥47/人,ocr/input_videos\上海__五角场合生汇__20260824.mp4
OBS-000741,五角场合生汇,湘西山野菜,湘西山野菜,湘菜,,,L5,unrated,False,explicitly_unrated,unrated,parsed,unrated_anchor,0.999,0.9995,55,7733,135.257,湘菜 | L5 | 暂无星级 | ★★★★★,湘西山野菜 | 湘菜 | L5 | 暂无星级 | ★★★★★ | 湘西山野菜,ocr/input_videos\上海__五角场合生汇__20260824.mp4
OBS-000742,五角场合生汇,不村仟吸,不村仟吸,快餐简餐,4.4,32,L5,rated,True,,rated,parsed,rating_anchor,0.7489,0.5025,34,7766,135.834,L5 | 🌟🌟⭐⭐ | ￥32/人 | 快餐简餐 | 4.4,不村仟吸 | 米村 | L5 | 🌟🌟⭐⭐ | ￥32/人 | 快餐简餐 | 4.4 | 拌饭 | 点评榜单 | 五角场/大学路小吃快餐服务榜第5名,ocr/input_videos\上海__五角场合生汇__20260824.mp4
OBS-000743,五角场合生汇,喜多藏・日式便当,喜多藏·日式便当,快餐简餐,3.5,,B2,rated,True,,rated,parsed,rating_anchor,0.9763,0.9732,52,7766,135.834,B2 | 🌟🌟⭐🌟⭐ | 快餐简餐 | 3.5,喜多藏・日式便当 | B2 | 🌟🌟⭐🌟⭐ | 快餐简餐 | 3.5 | 美食,ocr/input_videos\上海__五角场合生汇__20260824.mp4
OBS-000744,五角场合生汇,春风松月楼,春风松月楼,小吃,3.8,23,B2,rated,True,,rated,parsed,rating_anchor,0.9724,0.9989,55,7766,135.834,🌟🌟🌟🌟 | B2 | 小吃￥23/人 | 3.8,春风松月楼 | 🌟🌟🌟🌟 | B2 | 小吃￥23/人 | 3.8 | 点评榜单 | 五角场/大学路小吃热门榜第5名 | 百年松月楼·素食匠心造,ocr/input_videos\上海__五角场合生汇__20260824.mp4
OBS-000745,五角场合生汇,喜六月冰糖葫芦,喜六月冰糖葫芦,小吃快餐,3.9,19,B2,rated,True,,rated,parsed,rating_anchor,0.9843,0.9993,54,7766,135.834,⭐🌟🌟🌟 | B2 | 3.9小吃快餐￥19/人,喜六月冰糖葫芦 | ⭐🌟🌟🌟 | B2 | 3.9小吃快餐￥19/人 | 0 | 喜六月 | 暂停营业,ocr/input_videos\上海__五角场合生汇__20260824.mp4
OBS-000746,五角场合生汇,上海哈尔滨食品厂,上海哈尔滨食品厂,面包蛋糕,3.6,,B2,rated,True,,rated,parsed,rating_anchor,0.9983,0.9995,51,7766,135.834,🌟🌟🌟🌟🌟 | B2 | 3.6面包蛋糕 | ￥471人,上海哈尔滨食品厂 | 哈氏 | 🌟🌟🌟🌟🌟 | B2 | 3.6面包蛋糕 | ￥471人,ocr/input_videos\上海__五角场合生汇__20260824.mp4
OBS-000747,五角场合生汇,湘西山野菜,湘西山野菜,湘菜,,,L5,unrated,False,explicitly_unrated,unrated,parsed,unrated_anchor,0.9991,0.9997,52,7766,135.834,暂无星级 | 湘菜 | L5 | ★★★★★,湘西山野菜 | 暂无星级 | 湘菜 | L5 | ★★★★★ | 湘西山野茶 | 自助饮料,ocr/input_videos\上海__五角场合生汇__20260824.mp4
OBS-000748,五角场合生汇,春风松月楼,春风松月楼,小吃,3.8,23,B2,rated,True,,rated,parsed,rating_anchor,0.968,0.9992,55,7821,136.796,🌟🌟🌟🌟🌟 | B2 | 3.8 | 小吃￥23/人,春风松月楼 | 🌟🌟🌟🌟🌟 | B2 | 3.8 | 小吃￥23/人 | 点评榜单 | 五角场/大学路小吃热门榜第5名 | 百年松月楼·素食匠心造,ocr/input_videos\上海__五角场合生汇__20260824.mp4
OBS-000749,五角场合生汇,喜六月冰糖葫芦,喜六月冰糖葫芦,小吃快餐,3.9,19,B2,rated,True,,rated,parsed,rating_anchor,0.9781,0.9991,54,7821,136.796,小吃快餐￥19/人 | B2 | 🌟🌟🌟🌟 | 3.9,喜六月冰糖葫芦 | 小吃快餐￥19/人 | B2 | 🌟🌟🌟🌟 | 3.9 | 喜六月 | 暂停营业,ocr/input_videos\上海__五角场合生汇__20260824.mp4
OBS-000750,五角场合生汇,上海哈尔滨食品厂,上海哈尔滨食品厂,焦,3.6,47,B2,rated,True,,rated,parsed,rating_anchor,0.9295,0.9994,51,7821,136.796,🌟🌟🎉🌟⭐3.6 | B2 | 焦￥47/人 | 面包蛋糕,上海哈尔滨食品厂 | 哈氏 | 🌟🌟🎉🌟⭐3.6 | B2 | 焦￥47/人 | 面包蛋糕,ocr/input_videos\上海__五角场合生汇__20260824.mp4
OBS-000751,五角场合生汇,湘西山野菜,湘西山野菜,湘菜,,,L5,unrated,False,explicitly_unrated,unrated,parsed,unrated_anchor,0.9995,0.9996,55,7821,136.796,湘菜 | 暂无星级 | ★★★★★ | L5,湘西山野菜 | 湘菜 | 暂无星级 | ★★★★★ | L5 | 湘西山野菜,ocr/input_videos\上海__五角场合生汇__20260824.mp4
OBS-000752,五角场合生汇,自助饮料,自助饮料,饮品,,,B2,new_store,False,new_store,ocr_missing,parsed,metadata_anchor,0.9997,0.9995,57,7821,136.796,饮品 | 新店 | B2,自助饮料 | 饮品 | 新店 | B2,ocr/input_videos\上海__五角场合生汇__20260824.mp4
OBS-000753,五角场合生汇,上海以水以鱼餐饮管理有限公司翔...,上海以水以鱼餐饮管理有限公司翔,其他中餐,,,L5,unrated,False,explicitly_unrated,unrated,parsed,unrated_anchor,0.9846,0.9694,54,7821,136.796,L5 | ★★★★ | 暂无星级 | 其他中餐,上海以水以鱼餐饮管理有限公司翔... | L5 | ★★★★ | 暂无星级 | 其他中餐 | 美食 | 卤八怪·现捞热卤,ocr/input_videos\上海__五角场合生汇__20260824.mp4
OBS-000754,五角场合生汇,湘西山野菜,湘西山野菜,湘菜,,,L5,unrated,False,explicitly_unrated,unrated,parsed,unrated_anchor,0.9995,0.9997,52,7854,137.373,湘菜 | L5 | ★★★★★ | 暂无星级,湘西山野菜 | 湘菜 | L5 | ★★★★★ | 暂无星级 | 湘西山野菜,ocr/input_videos\上海__五角场合生汇__20260824.mp4
OBS-000755,五角场合生汇,自助饮料,自助饮料,饮品,,,B2,new_store,False,new_store,ocr_missing,parsed,metadata_anchor,0.9997,0.9997,53,7854,137.373,饮品 | 新店 | B2,自助饮料 | 饮品 | 新店 | B2 | 1 | 224,ocr/input_videos\上海__五角场合生汇__20260824.mp4
OBS-000756,五角场合生汇,上海以水以鱼餐饮管理有限公司翔..,上海以水以鱼餐饮管理有限公司翔,其他中餐,,,L5,unrated,False,explicitly_unrated,unrated,parsed,unrated_anchor,0.9742,0.9486,56,7854,137.373,L5 | 其他中餐 | 暂无星级 | ★★★★,上海以水以鱼餐饮管理有限公司翔.. | L5 | 其他中餐 | 暂无星级 | ★★★★ | 美食,ocr/input_videos\上海__五角场合生汇__20260824.mp4
OBS-000757,五角场合生汇,卤八怪·现捞热卤,卤八怪·现捞热卤,卤味鸭脖,,,B2,unrated,False,explicitly_unrated,unrated,parsed,unrated_anchor,0.9865,0.9829,53,7854,137.373,B2 | ★★★★★ | 卤味鸭脖 | 暂无星级,卤八怪·现捞热卤 | 八怪 | 白选现捞热 | B2 | ★★★★★ | 卤味鸭脖 | 暂无星级 | 即将开业,ocr/input_videos\上海__五角场合生汇__20260824.mp4
OBS-000758,五角场合生汇,屹荣府·家宴,屹荣府·家宴,海鲜,,,商场内,unrated,False,explicitly_unrated,unrated,parsed,unrated_anchor,0.9874,0.9762,52,7854,137.373,商场内 | 海鲜 | ⭐🌟💥💥🌟 | 暂无星级,屹荣府·家宴 | 商场内 | 海鲜 | ⭐🌟💥💥🌟 | 暂无星级 | 美食 | 即将开业 | 潮宏基·Souffle,ocr/input_videos\上海__五角场合生汇__20260824.mp4
OBS-000759,五角场合生汇,上海以水以鱼餐饮管理有限公司翔...,上海以水以鱼餐饮管理有限公司翔,其他中餐,,,L5,unrated,False,explicitly_unrated,unrated,parsed,unrated_anchor,0.9737,0.9475,51,7975,139.489,★★★★★ | 暂无星级 | 其他中餐 | L5,上海以水以鱼餐饮管理有限公司翔... | ★★★★★ | 暂无星级 | 其他中餐 | L5 | 美食,ocr/input_videos\上海__五角场合生汇__20260824.mp4
OBS-000760,五角场合生汇,卤八怪·现捞热卤,卤八怪·现捞热卤,卤味鸭脖,,,B2,unrated,False,explicitly_unrated,unrated,parsed,unrated_anchor,0.9845,0.9798,51,7975,139.489,B2 | 卤味鸭脖 | ★★★★★ | 暂无星级,G八怪 | 卤八怪·现捞热卤 | LM2U-+ | 白选现捞热 | B2 | 卤味鸭脖 | ★★★★★ | 暂无星级 | 即将开业,ocr/input_videos\上海__五角场合生汇__20260824.mp4
OBS-000761,五角场合生汇,屹荣府·家宴,屹荣府·家宴,海鲜,,,商场内,unrated,False,explicitly_unrated,unrated,parsed,unrated_anchor,0.9889,0.9792,52,7975,139.489,商场内 | 海鲜 | ★★★★★ | 暂无星级,屹荣府·家宴 | 商场内 | 海鲜 | ★★★★★ | 暂无星级 | 美食 | 即将开业,ocr/input_videos\上海__五角场合生汇__20260824.mp4
OBS-000762,五角场合生汇,潮宏基·Souffle,潮宏基·Souffle,美食,,,L1,unrated,False,explicitly_unrated,unrated,parsed,unrated_anchor,0.9858,0.9716,51,7975,139.489,美食 | ★★★★★ | 暂无星级 | L1,潮宏基·Souffle | 美食 | ★★★★★ | 暂无星级 | L1 | 美食,ocr/input_videos\上海__五角场合生汇__20260824.mp4
OBS-000763,五角场合生汇,SMASC,SMASC,美食,,,B1,unrated,False,explicitly_unrated,unrated,parsed,unrated_anchor,0.9959,0.9919,46,7975,139.489,美食 | ★★★★★ | B1 | 暂无星级,SMASC | 美食 | ★★★★★ | B1 | 暂无星级,ocr/input_videos\上海__五角场合生汇__20260824.mp4
OBS-000764,五角场合生汇,woodwood澳洲鲜零食&新鲜烘焙,woodwood澳洲鲜零食&新鲜烘焙,美食,,,B2,unrated,False,explicitly_unrated,unrated,parsed,unrated_anchor,0.9954,0.9909,56,7975,139.489,美食 | ★★★★★ | 暂无星级 | B2,woodwood澳洲鲜零食&新鲜烘焙 | 美食 | ★★★★★ | 暂无星级 | B2 | 美食,ocr/input_videos\上海__五角场合生汇__20260824.mp4
OBS-000765,五角场合生汇,卤八怪·现捞热卤,卤八怪·现捞热卤,卤味鸭脖,,,B2,unrated,False,explicitly_unrated,unrated,parsed,unrated_anchor,0.9881,0.9862,51,7986,139.682,🌟🌟🌟 | 卤味鸭脖 | B2 | 暂无星级,八怪 | 卤八怪·现捞热卤 | 自选现排热点 | 🌟🌟🌟 | 卤味鸭脖 | B2 | 暂无星级 | 即将开业,ocr/input_videos\上海__五角场合生汇__20260824.mp4
OBS-000766,五角场合生汇,屹荣府·家宴,屹荣府·家宴,海鲜,,,商场内,unrated,False,explicitly_unrated,unrated,parsed,unrated_anchor,0.9879,0.9768,55,7986,139.682,商场内 | 海鲜 | ★★★★★ | 暂无星级,屹荣府·家宴 | 商场内 | 海鲜 | ★★★★★ | 暂无星级 | 美食 | 即将开业,ocr/input_videos\上海__五角场合生汇__20260824.mp4
OBS-000767,五角场合生汇,潮宏基·Souffle,潮宏基·Souffle,美食,,,L1,unrated,False,explicitly_unrated,unrated,parsed,unrated_anchor,0.981,0.9622,52,7986,139.682,美食 | 暂无星级 | ★★★★★ | L1,潮宏基·Souffle | 美食 | 暂无星级 | ★★★★★ | L1 | 美食,ocr/input_videos\上海__五角场合生汇__20260824.mp4
OBS-000768,五角场合生汇,SMASC,SMASC,美食,,,B1,unrated,False,explicitly_unrated,unrated,parsed,unrated_anchor,0.9961,0.9924,49,7986,139.682,美食 | ★★★★★ | 暂无星级 | B1,SMASC | 美食 | ★★★★★ | 暂无星级 | B1,ocr/input_videos\上海__五角场合生汇__20260824.mp4
OBS-000769,五角场合生汇,woodwood澳洲鲜零食&新鲜烘焙,woodwood澳洲鲜零食&新鲜烘焙,美食,,,B2,unrated,False,explicitly_unrated,unrated,parsed,unrated_anchor,0.9932,0.9865,56,7986,139.682,美食 | ★★★★★ | B2 | 暂无星级,woodwood澳洲鲜零食&新鲜烘焙 | 美食 | ★★★★★ | B2 | 暂无星级 | 美食 | 即将开业,ocr/input_videos\上海__五角场合生汇__20260824.mp4
OBS-000770,五角场合生汇,海派十五面馆,海派十五面馆,美食,,,B2,unrated,False,explicitly_unrated,unrated,parsed,unrated_anchor,0.999,0.9981,51,7986,139.682,暂无星级 | ⭐🌟🌟🌟 | 美食 | B2,海派十五面馆 | 十玉面门 | 暂无星级 | ⭐🌟🌟🌟 | 美食 | B2 | 主国 | 送顶BCsy,ocr/input_videos\上海__五角场合生汇__20260824.mp4
OBS-000771,五角场合生汇,屹荣府·家宴,屹荣府·家宴,海鲜,,,商场内,unrated,False,explicitly_unrated,unrated,parsed,unrated_anchor,0.9822,0.9664,55,8008,140.067,海鲜 | 商场内 | 🌟🌟⭐🌟 | 暂无星级,屹荣府·家宴 | 海鲜 | 商场内 | 🌟🌟⭐🌟 | 暂无星级 | 美食 | 即将开业,ocr/input_videos\上海__五角场合生汇__20260824.mp4
OBS-000772,五角场合生汇,潮宏基·Souffle,潮宏基·Souffle,美食,,,L1,unrated,False,explicitly_unrated,unrated,parsed,unrated_anchor,0.9791,0.9583,55,8008,140.067,美食 | ★★★★ | 暂无星级 | L1,潮宏基·Souffle | 美食 | ★★★★ | 暂无星级 | L1 | 美食,ocr/input_videos\上海__五角场合生汇__20260824.mp4
OBS-000773,五角场合生汇,SMASC,SMASC,美食,,,B1,unrated,False,explicitly_unrated,unrated,parsed,unrated_anchor,0.9953,0.9906,51,8008,140.067,美食 | ★★★★★ | 暂无星级 | B1,SMASC | 美食 | ★★★★★ | 暂无星级 | B1,ocr/input_videos\上海__五角场合生汇__20260824.mp4
OBS-000774,五角场合生汇,woodwood澳洲鲜零食&新鲜烘焙,woodwood澳洲鲜零食&新鲜烘焙,美食,,,B2,unrated,False,explicitly_unrated,unrated,parsed,unrated_anchor,0.9975,0.995,56,8008,140.067,美食 | ★★★★★ | 暂无星级 | B2,woodwood澳洲鲜零食&新鲜烘焙 | 美食 | ★★★★★ | 暂无星级 | B2 | 美食 | 即将开业,ocr/input_videos\上海__五角场合生汇__20260824.mp4
OBS-000775,五角场合生汇,海派十五面馆,海派十五面馆,美食,,,B2,unrated,False,explicitly_unrated,unrated,parsed,unrated_anchor,0.9981,0.9964,51,8008,140.067,美食 | B2 | ★★★★★ | 暂无星级,海派十五面馆 | 十武面片 | 美食 | B2 | ★★★★★ | 暂无星级 | 主吧国 | 送顶MN | 西香 | 即将开业,ocr/input_videos\上海__五角场合生汇__20260824.mp4
OBS-000776,五角场合生汇,KE VAIN,KEVAIN,服装,4.5,1988,L2,rated,True,,rated,parsed,rating_anchor,0.9247,0.8816,35,8140,142.375,4.5服装￥1988/人 | L2 | 🌟🌟🎉🌟🌟,KE VAIN | 4.5服装￥1988/人 | L2 | 🌟🌟🎉🌟🌟,ocr/input_videos\上海__五角场合生汇__20260824.mp4
OBS-000777,五角场合生汇,ubag,ubag,箱包,3.4,,B1,rated,True,,rated,parsed,rating_anchor,0.9341,0.9993,72,8140,142.375,⭐🌟⭐⭐⭐3.4 箱包 | B1,ubag | ⭐🌟⭐⭐⭐3.4 箱包 | B1,ocr/input_videos\上海__五角场合生汇__20260824.mp4
OBS-000778,五角场合生汇,寻找独角兽FINDING UNICORN,寻找独角兽FINDINGUNICORN,杂货礼品,,59,B1,new_store,False,new_store,ocr_missing,parsed,metadata_anchor,0.9705,0.9761,60,8140,142.375,新店 | 杂货礼品￥59/人 | B1,寻找独角兽FINDING UNICORN | FINDING | 新店 | 杂货礼品￥59/人 | B1 | UICORN | 点评榜单 | 杨浦区杂货礼品热门榜第9名 | 寻找独角兽,ocr/input_videos\上海__五角场合生汇__20260824.mp4
OBS-000779,五角场合生汇,索尼PlayStation PS5授权店,索尼PlayStationPS5授权店,数码产品,4.5,2142,L4,rated,True,,rated,parsed,rating_anchor,0.968,0.9718,57,8140,142.375,4.5数码产品￥2142/人 | L4,索尼PlayStation PS5授权店 | 4.5数码产品￥2142/人 | L4 | 工作人员耐心讲解，游戏租赁服务超划算,ocr/input_videos\上海__五角场合生汇__20260824.mp4
OBS-000780,五角场合生汇,LOVE&LOVE,LOVE&LOVE,内衣,3.3,659,B1,rated,True,,rated,parsed,rating_anchor,0.981,0.9922,45,8140,142.375,3.3内衣￥659/人 | B1 | 🌟🌟🌟 | ★★,LOVE&LOVE | LONLSIOAT | 3.3内衣￥659/人 | B1 | 🌟🌟🌟 | ★★ | 聚拢效果超赞，内衣再也不空杯跑杯”,ocr/input_videos\上海__五角场合生汇__20260824.mp4
OBS-000781,五角场合生汇,上海市消费帮扶百县百品直营店,上海市消费帮扶百县百品直营店,购物,3.8,,B2,rated,True,,rated,parsed,rating_anchor,0.8876,0.9912,54,8140,142.375,⭐🌟⭐3.8购物 | B2,上海市消费帮扶百县百品直营店 | ⭐🌟⭐3.8购物 | B2 | 素蚝油价格实惠，蔬菜烫拌超好吃,ocr/input_videos\上海__五角场合生汇__20260824.mp4
OBS-000782,五角场合生汇,DR钻戒,DR钻戒,钻石彩宝,4.8,21088,L1,rated,True,,rated,parsed,rating_anchor,0.963,0.9992,61,8228,143.915,4.8钻石彩宝￥21088/人 | L1,DR钻戒 | IR | 一次一人 | 人2射 | 4.8钻石彩宝￥21088/人 | L1 | 一生只送一人的浪漫，接待很热情 | “ | ￥49509.9折 | ￥5000.01代金券 | 惠,ocr/input_videos\上海__五角场合生汇__20260824.mp4
OBS-000783,五角场合生汇,VIEAING薇迎女装,VIEAING薇迎女装,服饰鞋包,3.6,,L3,rated,True,,rated,parsed,rating_anchor,0.9582,0.9925,54,8228,143.915,⭐⭐⭐3.6服饰鞋包 | L3,VIEAING薇迎女装 | VIEAING | ⭐⭐⭐3.6服饰鞋包 | L3,ocr/input_videos\上海__五角场合生汇__20260824.mp4
OBS-000784,五角场合生汇,GuGuGuGu,GuGuGuGu,杂货礼品,3.8,,L4,rated,True,,rated,parsed,rating_anchor,0.9984,0.9987,47,8228,143.915,3.8杂货礼品 | 🌟🌟⭐🌟⭐ | L4,(合生汇中影国际影.. | GuGuGuGu | nw | 3.8杂货礼品 | 🌟🌟⭐🌟⭐ | L4,ocr/input_videos\上海__五角场合生汇__20260824.mp4
OBS-000785,五角场合生汇,Binkeke Aunacici,BinkekeAunacici,服装,3.7,,L3,rated,True,,rated,parsed,rating_anchor,0.9968,0.9939,50,8228,143.915,服装 | L3 | 🌟🌟🌟🌟🌟 | 3.7,Binkeke Aunacici | 服装 | L3 | 🌟🌟🌟🌟🌟 | 3.7 | 点评榜单 | 五角场/大学路服装热门榜第8名,ocr/input_videos\上海__五角场合生汇__20260824.mp4
OBS-000786,五角场合生汇,Apple零售店,Apple零售店,数码产品,3.3,6647,L1,rated,True,,rated,parsed,rating_anchor,0.9771,0.9991,71,8228,143.915,🌟🌟🌟🌟⭐ | 3.3 | 数码产品￥6647/人 | L1,Apple零售店 | 🌟🌟🌟🌟⭐ | 3.3 | 数码产品￥6647/人 | L1 | “换电池丝滑，停车方便”,ocr/input_videos\上海__五角场合生汇__20260824.mp4
OBS-000787,五角场合生汇,RE'VAN,RE'VAN,服装,4.5,1988,L2,rated,True,,rated,parsed,rating_anchor,0.9468,0.943,53,8228,143.915,4.5服装￥1988/人 | L2,K | RE'VAN | 4.5服装￥1988/人 | L2,ocr/input_videos\上海__五角场合生汇__20260824.mp4
OBS-000788,五角场合生汇,GuGuGuGu,GuGuGuGu,杂货礼品,3.8,,L4,rated,True,,rated,parsed,rating_anchor,0.9972,0.9986,45,8437,147.57,🌟🌟🌟🌟🌟 | 杂货礼品 | L4 | 3.8,（合生汇中影国际影... | GuGuGuGu | Loa | 🌟🌟🌟🌟🌟 | 杂货礼品 | L4 | 3.8,ocr/input_videos\上海__五角场合生汇__20260824.mp4
OBS-000789,五角场合生汇,Binkeke Aunacici,BinkekeAunacici,服装,3.7,,L3,rated,True,,rated,parsed,rating_anchor,0.9958,0.9918,50,8437,147.57,服装 | L3 | 🌟🌟🌟💥🌟 | 3.7,Binkeke Aunacici | 服装 | L3 | 🌟🌟🌟💥🌟 | 3.7 | 点评榜单 | 五角场/大学路服装热门榜第8名,ocr/input_videos\上海__五角场合生汇__20260824.mp4
OBS-000790,五角场合生汇,Apple零售店,Apple零售店,数码产品,3.3,6647,L1,rated,True,,rated,parsed,rating_anchor,0.9772,0.9993,64,8437,147.57,🌟🌟⭐ | L1 | ⭐⭐ | 数码产品￥6647/人 | 3.3,Apple零售店 | 🌟🌟⭐ | L1 | ⭐⭐ | 数码产品￥6647/人 | 3.3 | “换电池丝滑，停车便”,ocr/input_videos\上海__五角场合生汇__20260824.mp4
OBS-000791,五角场合生汇,RE'VAN,RE'VAN,服装,4.5,1988,L2,rated,True,,rated,parsed,rating_anchor,0.9639,0.9638,56,8437,147.57,4.5服装￥1988/人 | L2,KC | RE'VAN | 4.5服装￥1988/人 | L2,ocr/input_videos\上海__五角场合生汇__20260824.mp4
OBS-000792,五角场合生汇,ubag,ubag,箱包,3.4,,B1,rated,True,,rated,parsed,rating_anchor,0.8853,0.9985,77,8437,147.57,⭐⭐⭐⭐3.4 箱包 | B1,ubag | ⭐⭐⭐⭐3.4 箱包 | B1,ocr/input_videos\上海__五角场合生汇__20260824.mp4
OBS-000793,五角场合生汇,寻找独角兽FINDING UNICORN,寻找独角兽FINDINGUNICORN,杂货礼品,,59,B1,new_store,False,new_store,ocr_missing,parsed,metadata_anchor,0.985,0.9722,57,8437,147.57,￥59/人 | 新店 | 杂货礼品 | B1,寻找独角兽FINDING UNICORN | FINDING | ￥59/人 | 新店 | 杂货礼品 | B1 | UNICORN | 点评榜单 | 杨浦区杂货礼品热门榜第9名 | 寻找独角兽 | 索尼PlayStation PS5授权店,ocr/input_videos\上海__五角场合生汇__20260824.mp4
OBS-000794,五角场合生汇,Binkeke Aunacici,BinkekeAunacici,服装,3.7,,L3,rated,True,,rated,parsed,rating_anchor,0.9977,0.9957,54,8459,147.955,服装 | ⭐🌟🌟🌟🌟 | L3 | 3.7,Binkeke Aunacici | 服装 | ⭐🌟🌟🌟🌟 | L3 | 3.7 | 点评榜单 | 五角场/大学路服装热门榜第8名,ocr/input_videos\上海__五角场合生汇__20260824.mp4
OBS-000795,五角场合生汇,Apple零售店,Apple零售店,数码产品,3.3,6647,L1,rated,True,,rated,parsed,rating_anchor,0.9867,0.9994,65,8459,147.955,3.3数码产品￥6647/人 | ⭐🌟⭐ | ★★ | L1,Apple零售店 | 3.3数码产品￥6647/人 | ⭐🌟⭐ | ★★ | L1 | “换电池丝滑，停车方便”,ocr/input_videos\上海__五角场合生汇__20260824.mp4
OBS-000796,五角场合生汇,RE'VAN,RE'VAN,服装,4.5,1988,L2,rated,True,,rated,parsed,rating_anchor,0.9444,0.9607,57,8459,147.955,⭐4.5服装￥1988/人 | L2,R | RE'VAN | ⭐4.5服装￥1988/人 | L2,ocr/input_videos\上海__五角场合生汇__20260824.mp4
OBS-000797,五角场合生汇,ubag,ubag,箱包,3.4,,B1,rated,True,,rated,parsed,rating_anchor,0.8973,0.9985,74,8459,147.955,🌟🌟⭐⭐⭐3.4箱包 | B1,ubag | 🌟🌟⭐⭐⭐3.4箱包 | B1,ocr/input_videos\上海__五角场合生汇__20260824.mp4
OBS-000798,五角场合生汇,寻找独角兽FINDING UNICORN,寻找独角兽FINDINGUNICORN,杂货礼品,,59,B1,new_store,False,new_store,ocr_missing,parsed,metadata_anchor,0.969,0.9763,60,8459,147.955,新店 | 杂货礼品￥59/人 | B1,寻找独角兽FINDING UNICORN | FINDING | 新店 | 杂货礼品￥59/人 | B1 | UICORN | 点评榜单 | 杨浦区杂货礼品热门榜第9名 | 寻找独角兽,ocr/input_videos\上海__五角场合生汇__20260824.mp4
OBS-000799,五角场合生汇,索尼PlayStation PS5授权店,索尼PlayStationPS5授权店,数码产品,4.5,2142,L4,rated,True,,rated,parsed,rating_anchor,0.9719,0.9784,57,8459,147.955,★★🌟🌟🌟 | 数码产品￥2142/人 | L4 | 4.5,索尼PlayStation PS5授权店 | ★★🌟🌟🌟 | 数码产品￥2142/人 | L4 | 4.5 | 工作人员耐心讲解，游戏租赁服务超划算” | (,ocr/input_videos\上海__五角场合生汇__20260824.mp4
OBS-000800,五角场合生汇,Binkeke Aunacici,BinkekeAunacici,服装,3.7,,L3,rated,True,,rated,parsed,rating_anchor,0.9967,0.9935,50,8470,148.147,服装 | 🌟✨🎉🌟⭐ | 3.7 | L3,Binkeke Aunacici | 服装 | 🌟✨🎉🌟⭐ | 3.7 | L3 | 点评榜单 | 五角场/大学路服装热门榜第8名,ocr/input_videos\上海__五角场合生汇__20260824.mp4
OBS-000801,五角场合生汇,Apple零售店,Apple零售店,数码产品,3.3,6647,L1,rated,True,,rated,parsed,rating_anchor,0.9594,0.9992,69,8470,148.147,⭐3.3数码产品￥6647/人 | L1,Apple零售店 | ⭐3.3数码产品￥6647/人 | L1 | “换电池丝滑，停车方便” | 5,ocr/input_videos\上海__五角场合生汇__20260824.mp4
OBS-000802,五角场合生汇,RE'VAN,RE'VAN,服装,4.5,1988,L2,rated,True,,rated,parsed,rating_anchor,0.9399,0.9398,53,8470,148.147,4.5服装￥1988/人 | L2,5E | RE'VAN | 4.5服装￥1988/人 | L2,ocr/input_videos\上海__五角场合生汇__20260824.mp4
OBS-000803,五角场合生汇,ubag,ubag,箱包,3.4,,B1,rated,True,,rated,parsed,rating_anchor,0.9107,0.9984,73,8470,148.147,⭐🌟⭐⭐3.4箱包 | B1,ubag | ⭐🌟⭐⭐3.4箱包 | B1,ocr/input_videos\上海__五角场合生汇__20260824.mp4
OBS-000804,五角场合生汇,寻找独角兽 FINDING UNICORN,寻找独角兽FINDINGUNICORN,杂货礼品,,59,B1,new_store,False,new_store,ocr_missing,parsed,metadata_anchor,0.9633,0.9695,57,8470,148.147,杂货礼品￥59/人 | 新店 | B1,寻找独角兽 FINDING UNICORN | FINDING | 杂货礼品￥59/人 | 新店 | B1 | UICORN | 杨浦区杂货礼品热门榜第9名 | 点评榜单 | 寻找独角兽,ocr/input_videos\上海__五角场合生汇__20260824.mp4
OBS-000805,五角场合生汇,索尼PlayStation PS5授权店,索尼PlayStationPS5授权店,数码产品,4.5,2142,L4,rated,True,,rated,parsed,rating_anchor,0.9754,0.9813,58,8470,148.147,🌟🌟🌟🌟 | 数码产品￥2142/人 | L4 | 4.5,索尼PlayStation PS5授权店 | 🌟🌟🌟🌟 | 数码产品￥2142/人 | L4 | 4.5 | 工作人员耐心讲解，游戏租赁服务超划算,ocr/input_videos\上海__五角场合生汇__20260824.mp4
OBS-000806,五角场合生汇,RE'VAN,RE'VAN,服装,4.5,1988,L2,rated,True,,rated,parsed,rating_anchor,0.9463,0.9534,50,8547,149.494,4.5服装￥1988/人 | L2,KC | RE'VAN | 4.5服装￥1988/人 | L2,ocr/input_videos\上海__五角场合生汇__20260824.mp4
OBS-000807,五角场合生汇,ubag,ubag,箱包,3.4,,B1,rated,True,,rated,parsed,rating_anchor,0.9225,0.9985,71,8547,149.494,⭐⭐⭐3.4箱包 | B1,ubag | ⭐⭐⭐3.4箱包 | B1,ocr/input_videos\上海__五角场合生汇__20260824.mp4
OBS-000808,五角场合生汇,寻找独角兽FINDING UNICORN,寻找独角兽FINDINGUNICORN,杂货礼品,,59,B1,new_store,False,new_store,ocr_missing,parsed,metadata_anchor,0.9651,0.9765,59,8547,149.494,新店 | B1 | 杂货礼品￥59/人,寻找独角兽FINDING UNICORN | FINDING | 新店 | B1 | 杂货礼品￥59/人 | UICORN | 点评榜单 | 杨浦区杂货礼品热门榜第9名 | 寻找独角兽,ocr/input_videos\上海__五角场合生汇__20260824.mp4
OBS-000809,五角场合生汇,索尼PlayStation PS5授权店,索尼PlayStationPS5授权店,数码产品,4.5,2142,L4,rated,True,,rated,parsed,rating_anchor,0.9756,0.982,54,8547,149.494,4.5数码产品￥2142/人 | L4,索尼PlayStation PS5授权店 | 4.5数码产品￥2142/人 | L4 | 工作人员耐心讲解，游戏租赁服务超划算”,ocr/input_videos\上海__五角场合生汇__20260824.mp4
OBS-000810,五角场合生汇,LOVE&LOVE,LOVE&LOVE,内衣,3.3,659,B1,rated,True,,rated,parsed,rating_anchor,0.972,0.9929,48,8547,149.494,🌟🌟🌟⭐🌟 | 3.3 | 内衣￥659/人 | B1,LOVE&LOVE | 🌟🌟🌟⭐🌟 | 3.3 | 内衣￥659/人 | B1 | 聚拢效果超赞，内衣再也不空杯跑杯,ocr/input_videos\上海__五角场合生汇__20260824.mp4
OBS-000811,五角场合生汇,上海市消费帮扶百县百品直营店,上海市消费帮扶百县百品直营店,购物,3.8,,B2,rated,True,,rated,parsed,rating_anchor,0.8773,0.9989,54,8547,149.494,🌟🌟🌟⭐3.8购物 | B2,上海市消费帮扶百县百品直营店 | 🌟🌟🌟⭐3.8购物 | B2 | 素蚝油价格实惠，蔬菜烫拌超好吃” | L,ocr/input_videos\上海__五角场合生汇__20260824.mp4
OBS-000812,五角场合生汇,KE VAIN,KEVAIN,服装,4.5,1988,L2,rated,True,,rated,parsed,rating_anchor,0.9179,0.8816,35,8580,150.071,4.5服装￥1988/人 | L2,KE VAIN | 4.5服装￥1988/人 | L2,ocr/input_videos\上海__五角场合生汇__20260824.mp4
OBS-000813,五角场合生汇,ubag,ubag,箱包,3.4,,B1,rated,True,,rated,parsed,rating_anchor,0.9463,0.9993,72,8580,150.071,⭐🌟⭐⭐⭐3.4箱包 | B1,ubag | ⭐🌟⭐⭐⭐3.4箱包 | B1,ocr/input_videos\上海__五角场合生汇__20260824.mp4
OBS-000814,五角场合生汇,寻找独角兽FINDING UNICORN,寻找独角兽FINDINGUNICORN,杂货礼品,,59,B1,new_store,False,new_store,ocr_missing,parsed,metadata_anchor,0.9669,0.9704,60,8580,150.071,新店 | 杂货礼品￥59/人 | B1,寻找独角兽FINDING UNICORN | FINDING | 新店 | 杂货礼品￥59/人 | B1 | UICORN | 点评榜单 | 杨浦区杂货礼品热门榜第9名 | 寻找独角兽,ocr/input_videos\上海__五角场合生汇__20260824.mp4
OBS-000815,五角场合生汇,索尼PlayStation PS5授权店,索尼PlayStationPS5授权店,数码产品,4.5,2142,L4,rated,True,,rated,parsed,rating_anchor,0.9666,0.9688,57,8580,150.071,4.5数码产品￥2142/人 | L4,索尼PlayStation PS5授权店 | 4.5数码产品￥2142/人 | L4 | 工作人员耐心讲解，游戏租赁服务超划算,ocr/input_videos\上海__五角场合生汇__20260824.mp4
OBS-000816,五角场合生汇,LOVE&LOVE,LOVE&LOVE,内衣,3.3,659,B1,rated,True,,rated,parsed,rating_anchor,0.9792,0.9922,45,8580,150.071,3.3内衣￥659/人 | B1 | 🌟🌟🌟 | ★★,LOVE&LOVE | LONLSIOAT | 3.3内衣￥659/人 | B1 | 🌟🌟🌟 | ★★ | 聚拢效果超赞，内衣再也不空杯跑杯”,ocr/input_videos\上海__五角场合生汇__20260824.mp4
OBS-000817,五角场合生汇,上海市消费帮扶百县百品直营店,上海市消费帮扶百县百品直营店,购物,3.8,,B2,rated,True,,rated,parsed,rating_anchor,0.9182,0.9943,54,8580,150.071,🌟⭐3.8购物 | B2,上海市消费帮扶百县百品直营店 | 🌟⭐3.8购物 | B2 | 素蚝油价格实惠，蔬菜烫拌超好吃,ocr/input_videos\上海__五角场合生汇__20260824.mp4
OBS-000818,五角场合生汇,KE VAIN,KEVAIN,服装,4.5,1988,L2,rated,True,,rated,parsed,rating_anchor,0.9441,0.9125,34,8613,150.649,L2 | 4.5服装￥1988/人 | 🌟🌟🎉🌟🌟,KE VAIN | L2 | 4.5服装￥1988/人 | 🌟🌟🎉🌟🌟,ocr/input_videos\上海__五角场合生汇__20260824.mp4
OBS-000819,五角场合生汇,ubag,ubag,箱包,3.4,,B1,rated,True,,rated,parsed,rating_anchor,0.9479,0.9993,72,8613,150.649,⭐🌟⭐⭐⭐3.4箱包 | B1,ubag | ⭐🌟⭐⭐⭐3.4箱包 | B1,ocr/input_videos\上海__五角场合生汇__20260824.mp4
OBS-000820,五角场合生汇,寻找独角兽FINDING UNICORN,寻找独角兽FINDINGUNICORN,杂货礼品,,59,B1,new_store,False,new_store,ocr_missing,parsed,metadata_anchor,0.9747,0.9836,58,8613,150.649,新店 | 杂货礼品￥59/人 | B1,寻找独角兽FINDING UNICORN | FINDING | 新店 | 杂货礼品￥59/人 | B1 | UNICORN | 点评榜单 | 杨浦区杂货礼品热门榜第9名 | 寻找独角兽,ocr/input_videos\上海__五角场合生汇__20260824.mp4
OBS-000821,五角场合生汇,索尼PlayStation PS5授权店,索尼PlayStationPS5授权店,数码产品,4.5,2142,L4,rated,True,,rated,parsed,rating_anchor,0.971,0.9771,56,8613,150.649,🌟🌟⭐🌟4.5 | L4 | 数码产品￥2142/人,索尼PlayStation PS5授权店 | 🌟🌟⭐🌟4.5 | L4 | 数码产品￥2142/人 | 工作人员耐心讲解，游戏租赁服务超划算,ocr/input_videos\上海__五角场合生汇__20260824.mp4
OBS-000822,五角场合生汇,LOVE&LOVE,LOVE&LOVE,内衣,3.3,659,B1,rated,True,,rated,parsed,rating_anchor,0.9751,0.9916,45,8613,150.649,🌟🌟🌟 | B1 | 内衣￥659/人 | 3.3 | ★★,LOVE&LOVE | LOALSIAT | 🌟🌟🌟 | B1 | 内衣￥659/人 | 3.3 | ★★ | 聚拢效果超赞，内衣再也不空杯跑杯”,ocr/input_videos\上海__五角场合生汇__20260824.mp4
OBS-000823,五角场合生汇,上海市消费帮扶百县百品直营店,上海市消费帮扶百县百品直营店,购物,3.8,,B2,rated,True,,rated,parsed,rating_anchor,0.9424,0.9943,54,8613,150.649,🌟3.8购物 | B2,上海市消费帮扶百县百品直营店 | 🌟3.8购物 | B2 | 素蚝油价格实惠，蔬菜烫拌超好吃 | 冰川IBING CHUAN | BINGCHUAN,ocr/input_videos\上海__五角场合生汇__20260824.mp4
OBS-000824,五角场合生汇,索尼PlayStationPS5授权店,索尼PlayStationPS5授权店,数码产品,4.5,2142,L4,rated,True,,rated,parsed,rating_anchor,0.9782,0.9928,56,8646,151.226,⭐⭐⭐🌟4.5 | 数码产品￥2142/人 | L4,索尼PlayStationPS5授权店 | ⭐⭐⭐🌟4.5 | 数码产品￥2142/人 | L4 | 工作人员耐心讲解，游戏租赁服务超划算,ocr/input_videos\上海__五角场合生汇__20260824.mp4
OBS-000825,五角场合生汇,LOVE&LOVE,LOVE&LOVE,内衣,3.3,659,B1,rated,True,,rated,parsed,rating_anchor,0.9742,0.9961,44,8646,151.226,⭐🌟⭐ | ⭐⭐ | B1 | 内衣￥659/人 | 3.3,LOVE&LOVE | LGLSUAT | ⭐🌟⭐ | ⭐⭐ | B1 | 内衣￥659/人 | 3.3 | 聚拢效果超赞，内衣再也不空杯跑杯”,ocr/input_videos\上海__五角场合生汇__20260824.mp4
OBS-000826,五角场合生汇,上海市消费帮扶百县百品直营店,上海市消费帮扶百县百品直营店,购物,3.8,,B2,rated,True,,rated,parsed,rating_anchor,0.9244,0.9911,55,8646,151.226,⭐⭐3.8购物 | B2,上海市消费帮扶百县百品直营店 | ⭐⭐3.8购物 | B2 | 素蚝油价格实惠，蔬菜烫拌超好吃”,ocr/input_videos\上海__五角场合生汇__20260824.mp4
OBS-000827,五角场合生汇,冰川IBINGCHUAN,冰川IBINGCHUAN,服饰鞋包,4.6,318,商场内,rated,True,,rated,parsed,rating_anchor,0.9653,0.9698,48,8646,151.226,服饰鞋包￥318/人 | 商场内 | 🌟🌟🌟🌟 | 4.6,冰川IBINGCHUAN | BINGCHUAN | 服饰鞋包￥318/人 | 商场内 | 🌟🌟🌟🌟 | 4.6 | 零 | ATAT,ocr/input_videos\上海__五角场合生汇__20260824.mp4
OBS-000828,五角场合生汇,上海故事,上海故事,服装,4.0,627,L2,rated,True,,rated,parsed,rating_anchor,0.9634,1.0,59,8646,151.226,🌟🌟🎉🎉 | L2 | 服装￥627/人 | 4.0 | ★,好E到 | 上海故事 | 上#故审 | 🌟🌟🎉🎉 | L2 | 服装￥627/人 | 4.0 | ★ | 老牌子值得推荐，面料大气实用,ocr/input_videos\上海__五角场合生汇__20260824.mp4
OBS-000829,五角场合生汇,ARIOSE Years,ARIOSEYears,服装,3.7,,L2,rated,True,,rated,parsed,rating_anchor,0.9728,0.946,49,8646,151.226,服装 | L2 | 🌟🌟🌟🌟⭐ | 3.7,ARIOSE Years | 服装 | L2 | 🌟🌟🌟🌟⭐ | 3.7 | 春季新款上线，服装店美翻了,ocr/input_videos\上海__五角场合生汇__20260824.mp4
OBS-000830,五角场合生汇,LOVE&LOVE,LOVE&LOVE,内衣,3.3,659,B1,rated,True,,rated,parsed,rating_anchor,0.9711,0.9922,45,8690,151.995,🌟⭐⭐⭐ | B1 | 内衣￥659/人 | 3.3,LOVE&LOVE | LOALALOA | 🌟⭐⭐⭐ | B1 | 内衣￥659/人 | 3.3 | 聚拢效果超赞，内衣再也不空杯跑杯”,ocr/input_videos\上海__五角场合生汇__20260824.mp4
OBS-000831,五角场合生汇,上海市消费帮扶百县百品直营店,上海市消费帮扶百县百品直营店,购物,3.8,,B2,rated,True,,rated,parsed,rating_anchor,0.8698,0.9987,51,8690,151.995,⭐🌟🌟⭐3.8购物 | B2,上海市消费帮扶百县百品直营店 | ⭐🌟🌟⭐3.8购物 | B2 | 素蚝油价格实惠，蔬菜烫拌超好吃” | C,ocr/input_videos\上海__五角场合生汇__20260824.mp4
OBS-000832,五角场合生汇,冰川IBING CHUAN,冰川IBINGCHUAN,服饰鞋包,4.6,318,商场内,rated,True,,rated,parsed,rating_anchor,0.951,0.9425,48,8690,151.995,🌟🌟🌟🌟🌟 | 商场内 | 服饰鞋包￥318/人 | 4.6,冰川IBING CHUAN | BINGCHUAN | 🌟🌟🌟🌟🌟 | 商场内 | 服饰鞋包￥318/人 | 4.6,ocr/input_videos\上海__五角场合生汇__20260824.mp4
OBS-000833,五角场合生汇,上海故事,上海故事,服装,4.0,627,L2,rated,True,,rated,parsed,rating_anchor,0.9774,1.0,56,8690,151.995,L2 | ⭐🌟★⭐ | 4.0服装￥627/人 | ★,上海故事 | 上海故康 | L2 | ⭐🌟★⭐ | 4.0服装￥627/人 | ★ | 老牌子值得推荐，面料大气实用 | 5,ocr/input_videos\上海__五角场合生汇__20260824.mp4
OBS-000834,五角场合生汇,ARIOSE Years,ARIOSEYears,服装,3.7,,L2,rated,True,,rated,parsed,rating_anchor,0.9699,0.9402,47,8690,151.995,⭐🌟⭐🌟⭐ | 服装 | L2 | 3.7,ARIOSE Years | ⭐🌟⭐🌟⭐ | 服装 | L2 | 3.7 | 春季新款上线，服装店美翻了,ocr/input_videos\上海__五角场合生汇__20260824.mp4
OBS-000835,五角场合生汇,HOPESHOW,HOPESHOW,服装,,1404,L2,unknown,True,,ocr_missing,parsed,metadata_anchor,0.9712,0.9994,44,8690,151.995,🌟🌟⭐⭐🌟 | L2 | 14.8 | 服装￥1404/人,HOPESHOW | HOPESHOW | 🌟🌟⭐⭐🌟 | L2 | 14.8 | 服装￥1404/人 | 点评榜单 | 五角场/大学路服装好评榜第8名 | 小 | 可爱小熊猫治愈人心，快闪店打卡有好礼”,ocr/input_videos\上海__五角场合生汇__20260824.mp4
OBS-000836,五角场合生汇,LOVE&LOVE,LOVE&LOVE,内衣,3.3,659,B1,rated,True,,rated,parsed,rating_anchor,0.9694,0.9945,45,8756,153.15,🌟🌟🌟 | ⭐⭐ | 内衣￥659/人 | B1 | 3.3,LOVE&LOVE | CATAIAT | 🌟🌟🌟 | ⭐⭐ | 内衣￥659/人 | B1 | 3.3 | 聚拢效果超赞，内衣再也不空杯跑杯”,ocr/input_videos\上海__五角场合生汇__20260824.mp4
OBS-000837,五角场合生汇,上海市消费帮扶百县百品直营店,上海市消费帮扶百县百品直营店,购物,3.8,,B2,rated,True,,rated,parsed,rating_anchor,0.8784,0.997,54,8756,153.15,⭐⭐⭐⭐3.8购物 | B2,上海市消费帮扶百县百品直营店 | ⭐⭐⭐⭐3.8购物 | B2 | 素蚝油价格实惠，蔬菜烫拌超好吃 | “,ocr/input_videos\上海__五角场合生汇__20260824.mp4
OBS-000838,五角场合生汇,冰川IBING CHUAN,冰川IBINGCHUAN,服饰鞋包,4.6,318,商场内,rated,True,,rated,parsed,rating_anchor,0.9525,0.9453,48,8756,153.15,🌟🌟⭐⭐🌟 | 商场内 | 服饰鞋包￥318/人 | 4.6,冰川IBING CHUAN | BINGCHUAN | 🌟🌟⭐⭐🌟 | 商场内 | 服饰鞋包￥318/人 | 4.6 | ALATY,ocr/input_videos\上海__五角场合生汇__20260824.mp4
OBS-000839,五角场合生汇,上海故事,上海故事,服装,4.0,627,L2,rated,True,,rated,parsed,rating_anchor,0.98,1.0,56,8756,153.15,⭐🌟⭐⭐ | L2 | 4.0服装￥627/人 | ★,好百到 | 上海故事 | 上品审 | ⭐🌟⭐⭐ | L2 | 4.0服装￥627/人 | ★ | 老牌子值得推荐，面料大气实用”,ocr/input_videos\上海__五角场合生汇__20260824.mp4
OBS-000840,五角场合生汇,ARIOSE Years,ARIOSEYears,服装,3.7,,L2,rated,True,,rated,parsed,rating_anchor,0.8643,0.9505,51,8756,153.15,🌟⭐⭐⭐3.7服装 | L2,ARIOSE Years | 🌟⭐⭐⭐3.7服装 | L2 | “春季新款上线，服装店美翻了,ocr/input_videos\上海__五角场合生汇__20260824.mp4
OBS-000841,五角场合生汇,HOPESHOW,HOPESHOW,服装,4.8,1404,L2,rated,True,,rated,parsed,rating_anchor,0.9731,0.9995,45,8756,153.15,L2 | 🌟🌟🌟🌟🌟 | 服装￥1404/人 | 4.8,HOPESHOW | HOPESHOW | L2 | 🌟🌟🌟🌟🌟 | 服装￥1404/人 | 4.8 | 点评榜单 | 五角场/大学路服装好评榜第8名 | 可爱小熊猫治愈人心，快闪店打卡有好礼,ocr/input_videos\上海__五角场合生汇__20260824.mp4
OBS-000842,五角场合生汇,上海市消费帮扶百县百品直营店,上海市消费帮扶百县百品直营店,购物,3.8,,B2,rated,True,,rated,parsed,rating_anchor,0.9994,0.9988,51,8767,153.342,⭐🌟🌟🌟⭐ | 购物 | B2 | 3.8,上海市消费帮扶百县百品直营店 | ⭐🌟🌟🌟⭐ | 购物 | B2 | 3.8 | 素蚝油价格实惠，蔬菜烫拌超好吃,ocr/input_videos\上海__五角场合生汇__20260824.mp4
OBS-000843,五角场合生汇,冰川IBING CHUAN,冰川IBINGCHUAN,服饰鞋包,4.6,318,商场内,rated,True,,rated,parsed,rating_anchor,0.9491,0.9359,48,8767,153.342,商场内 | 🌟🌟🌟⭐🌟 | 服饰鞋包￥318/人 | 4.6,冰川IBING CHUAN | BINGCHUAN | 商场内 | 🌟🌟🌟⭐🌟 | 服饰鞋包￥318/人 | 4.6 | 市,ocr/input_videos\上海__五角场合生汇__20260824.mp4
OBS-000844,五角场合生汇,上海故事,上海故事,服装,4.0,627,L2,rated,True,,rated,parsed,rating_anchor,0.9677,1.0,59,8767,153.342,L2 | ⭐🌟🌟🌟 | 服装￥627/人 | 4.0 | ★,好间 | 上海故事 | 上油故串 | L2 | ⭐🌟🌟🌟 | 服装￥627/人 | 4.0 | ★ | 老牌子值得推荐，面料大气实用 | 5,ocr/input_videos\上海__五角场合生汇__20260824.mp4
OBS-000845,五角场合生汇,ARIOSE Years,ARIOSEYears,服装,3.7,,L2,rated,True,,rated,parsed,rating_anchor,0.9805,0.9615,52,8767,153.342,L2 | 服装 | ⭐🌟🌟🌟🌟 | 3.7,ARIOSE Years | L2 | 服装 | ⭐🌟🌟🌟🌟 | 3.7 | 春季新款上线，服装店美翻了”,ocr/input_videos\上海__五角场合生汇__20260824.mp4
OBS-000846,五角场合生汇,HOPESHOW,HOPESHOW,服装,,1404,L2,unknown,True,,ocr_missing,parsed,metadata_anchor,0.9741,0.9992,47,8767,153.342,L2 | 🌟🌟🌟🌟⭐ | 服装￥1404/人 | 14.8,HOPESHOW | HOPESHOW | L2 | 🌟🌟🌟🌟⭐ | 服装￥1404/人 | 14.8 | 点评榜单 | 五角场/大学路服装好评榜第8名 | 可爱小熊猫治愈心，快闪店打卡有好礼 | “,ocr/input_videos\上海__五角场合生汇__20260824.mp4
OBS-000847,五角场合生汇,Degre Zero·微奢零度,DegreZero·微奢零度,服装,3.5,,L2,rated,True,,rated,parsed,rating_anchor,0.9817,0.9638,63,8767,153.342,🌟🌟🌟🌟🌟 | L2 | 服装 | 3.5,Degre Zero·微奢零度 | 🌟🌟🌟🌟🌟 | L2 | 服装 | 3.5,ocr/input_videos\上海__五角场合生汇__20260824.mp4
OBS-000848,五角场合生汇,上海故事,上海故事,服装,4.0,627,L2,rated,True,,rated,parsed,rating_anchor,0.973,1.0,56,8811,154.112,🌟🌟⭐⭐ | L2 | 服装￥627/人 | 4.0 | ★,中国 | 上海故事 | 上油故串 | 🌟🌟⭐⭐ | L2 | 服装￥627/人 | 4.0 | ★ | 老牌子值得推荐，面料大气实用 | 55,ocr/input_videos\上海__五角场合生汇__20260824.mp4
OBS-000849,五角场合生汇,ARIOSE Years,ARIOSEYears,服装,3.7,,L2,rated,True,,rated,parsed,rating_anchor,0.9556,0.9115,52,8811,154.112,🌟🌟🌟🌟⭐ | 服装 | 3.7 | L2,ARIOSE Years | 🌟🌟🌟🌟⭐ | 服装 | 3.7 | L2 | 春季新款上线，服装店美翻了”,ocr/input_videos\上海__五角场合生汇__20260824.mp4
OBS-000850,五角场合生汇,HOPESHOW,HOPESHOW,服装,4.8,1404,L2,rated,True,,rated,parsed,rating_anchor,0.9703,0.9992,44,8811,154.112,L2 | 🌟🌟⭐🌟🌟 | 服装￥1404/人 | 4.8,HOPESHOW | HOPESHOW | L2 | 🌟🌟⭐🌟🌟 | 服装￥1404/人 | 4.8 | 点评榜单 | 五角场/大学路服装好评榜第8名 | 可爱小熊猫治愈人心，快闪店打卡有好礼 | “ | J,ocr/input_videos\上海__五角场合生汇__20260824.mp4
OBS-000851,五角场合生汇,Degre Zero·微奢零度,DegreZero·微奢零度,服装,3.5,,L2,rated,True,,rated,parsed,rating_anchor,0.9892,0.9785,63,8811,154.112,服装 | 🌟🌟🌟🌟⭐ | L2 | 3.5,Degre Zero·微奢零度 | 服装 | 🌟🌟🌟🌟⭐ | L2 | 3.5,ocr/input_videos\上海__五角场合生汇__20260824.mp4
OBS-000852,五角场合生汇,EVISU,EVISU,服饰鞋包,3.9,1144,L2,rated,True,,rated,parsed,rating_anchor,0.9793,0.9973,47,8811,154.112,L2 | 🌟🌟🌟🌟⭐ | 服饰鞋包￥1144/人 | 3.9,EVISU | L2 | 🌟🌟🌟🌟⭐ | 服饰鞋包￥1144/人 | 3.9 | EVISU,ocr/input_videos\上海__五角场合生汇__20260824.mp4
OBS-000853,五角场合生汇,PSO brand,PSObrand,服装,4.3,,B1,rated,True,,rated,parsed,rating_anchor,0.9878,0.9758,52,8811,154.112,服装 | 🌟🌟⭐⭐ | B1 | 4.3 | ★,PSO brand | Pso brand8 | 服装 | 🌟🌟⭐⭐ | B1 | 4.3 | ★ | 点评榜单 | 杨浦区服装热门榜第2名 | 韩系平价女装，逛街必打卡 | C | A,ocr/input_videos\上海__五角场合生汇__20260824.mp4
OBS-000854,五角场合生汇,上海故事,上海故事,服装,4.0,627,L2,rated,True,,rated,parsed,rating_anchor,0.9708,1.0,57,8833,154.497,🌟🌟🌟🎉 | L2 | ★ | 服装￥627/人 | 4.0,E宝 | 上海故事 | 上改审 | 🌟🌟🌟🎉 | L2 | ★ | 服装￥627/人 | 4.0 | 老牌子值得推荐，面料大气实用,ocr/input_videos\上海__五角场合生汇__20260824.mp4
OBS-000855,五角场合生汇,ARIOSE Years,ARIOSEYears,服装,3.7,,L2,rated,True,,rated,parsed,rating_anchor,0.9549,0.9104,53,8833,154.497,服装 | L2 | 🌟🌟🌟💥🌟 | 3.7,ARIOSE Years | 服装 | L2 | 🌟🌟🌟💥🌟 | 3.7 | 春季新款上线，服装店美翻了” | K,ocr/input_videos\上海__五角场合生汇__20260824.mp4
OBS-000856,五角场合生汇,HOPESHOW,HOPESHOW,服装,4.8,1404,L2,rated,True,,rated,parsed,rating_anchor,0.9715,0.9993,44,8833,154.497,服装￥1404/人 | L2 | ⭐🌟⭐🌟🌟 | 4.8,HOPESHOW | HOPESHOW | 服装￥1404/人 | L2 | ⭐🌟⭐🌟🌟 | 4.8 | 点评榜单 | 五角场/大学路服装好评榜第8名 | 可爱小熊猫治愈人心，快闪店打卡有好礼,ocr/input_videos\上海__五角场合生汇__20260824.mp4
OBS-000857,五角场合生汇,Degre Zero·微奢零度,DegreZero·微奢零度,服装,3.5,,L2,rated,True,,rated,parsed,rating_anchor,0.9031,0.9817,62,8833,154.497,⭐⭐3.5服装 | L2,Degre Zero·微奢零度 | ⭐⭐3.5服装 | L2,ocr/input_videos\上海__五角场合生汇__20260824.mp4
OBS-000858,五角场合生汇,EVISU,EVISU,服饰鞋包,3.9,1144,L2,rated,True,,rated,parsed,rating_anchor,0.9841,0.9973,50,8833,154.497,🌟🌟🌟🌟🌟 | L2 | 服饰鞋包￥1144/人 | 3.9,EVISU | 🌟🌟🌟🌟🌟 | L2 | 服饰鞋包￥1144/人 | 3.9 | EVISU,ocr/input_videos\上海__五角场合生汇__20260824.mp4
OBS-000859,五角场合生汇,PSO brand,PSObrand,服装,4.3,,B1,rated,True,,rated,parsed,rating_anchor,0.9836,0.9675,52,8833,154.497,服装 | B1 | 🌟🌟⭐⭐ | 4.3 | ￥,PSO brand | Pso brande | 服装 | B1 | 🌟🌟⭐⭐ | 4.3 | ￥ | 点评榜单 | 杨浦区服装热门榜第2名 | 韩系平价女装，逛街必打卡 | A,ocr/input_videos\上海__五角场合生汇__20260824.mp4
OBS-000860,五角场合生汇,Degre Zero·微奢零度,DegreZero·微奢零度,服装,3.5,,L2,rated,True,,rated,parsed,rating_anchor,0.9158,0.9804,63,8932,156.228,⭐⭐3.5服装 | L2,Degre Zero·微奢零度 | ⭐⭐3.5服装 | L2,ocr/input_videos\上海__五角场合生汇__20260824.mp4
OBS-000861,五角场合生汇,EVISU,EVISU,服饰鞋包,3.9,1144,L2,rated,True,,rated,parsed,rating_anchor,0.979,0.9975,51,8932,156.228,★★🌟🌟🌟 | L2 | 服饰鞋包￥1144/人 | 3.9,EVISU | ★★🌟🌟🌟 | L2 | 服饰鞋包￥1144/人 | 3.9 | EVISU,ocr/input_videos\上海__五角场合生汇__20260824.mp4
OBS-000862,五角场合生汇,PsO brand,PsObrand,服装,4.3,,B1,rated,True,,rated,parsed,rating_anchor,0.9615,0.9232,55,8932,156.228,服装 | B1 | 🌟🌟🌟🌟 | 4.3,PsO brand | PSo brands | 服装 | B1 | 🌟🌟🌟🌟 | 4.3 | 福 | 5 | 点评榜单 | 杨浦区服装热门榜第2名 | 韩系平价女装，逛街必打卡 | 55 | C,ocr/input_videos\上海__五角场合生汇__20260824.mp4
OBS-000863,五角场合生汇,WOWLOOK金珍多,WOWLOOK金珍多,服饰鞋包,4.2,,B1,rated,True,,rated,parsed,rating_anchor,0.9877,0.9761,54,8932,156.228,⭐🌟⭐⭐ | 服饰鞋包 | 4.2 | B1,WOWLOOK金珍多 | ⭐🌟⭐⭐ | 服饰鞋包 | 4.2 | B1 | 饰品金包银，款式超好看”,ocr/input_videos\上海__五角场合生汇__20260824.mp4
OBS-000864,五角场合生汇,FLAGLADY,FLAGLADY,服装,4.2,1061,L2,rated,True,,rated,parsed,rating_anchor,0.9853,0.9984,48,8932,156.228,🌟★🌟🌟 | L2 | 4.2服装￥1061/人 | 冷,FLAGLADY | RLASUN | 🌟★🌟🌟 | L2 | 4.2服装￥1061/人 | 冷,ocr/input_videos\上海__五角场合生汇__20260824.mp4
OBS-000865,五角场合生汇,Serta舒达床垫,Serta舒达床垫,成品家具,4.8,16040,L3,rated,True,,rated,parsed,rating_anchor,0.9852,0.9975,52,8932,156.228,🌟🌟🌟🌟🌟 | L3 | 成品家具￥16040/人 | 4.8,Serta舒达床垫 | Serta | 🌟🌟🌟🌟🌟 | L3 | 成品家具￥16040/人 | 4.8 | 点评榜单 | Ahways Comforloble. | 杨浦区家具家居好评榜第2名 | 舒达床垫 | 服务细节到位，智能床体验超赞 | 95 | S | 收】 | [s],ocr/input_videos\上海__五角场合生汇__20260824.mp4
OBS-000866,五角场合生汇,DegreLero·微百令反,DegreLero·微百令反,服装,3.5,,L2,rated,True,,rated,parsed,rating_anchor,0.9058,0.8228,37,8954,156.613,3.5服装 | L2,DegreLero·微百令反 | 3.5服装 | L2,ocr/input_videos\上海__五角场合生汇__20260824.mp4
OBS-000867,五角场合生汇,EVISU,EVISU,服饰鞋包,3.9,1144,L2,rated,True,,rated,parsed,rating_anchor,0.9796,0.9964,56,8954,156.613,3.9服饰鞋包￥1144/人 | L2,EVISU | 3.9服饰鞋包￥1144/人 | L2 | EVISU,ocr/input_videos\上海__五角场合生汇__20260824.mp4
OBS-000868,五角场合生汇,PsO brand,PsObrand,服装,4.3,,B1,rated,True,,rated,parsed,rating_anchor,0.9736,0.9475,56,8954,156.613,4.3 | 服装 | 🌟🌟🎉🌟 | B1,PsO brand | PSo brands | 4.3 | 服装 | 🌟🌟🎉🌟 | B1 | 点评榜单 | 杨浦区服装热门榜第2名 | 韩系平价女装，逛街必打卡” | C,ocr/input_videos\上海__五角场合生汇__20260824.mp4
OBS-000869,五角场合生汇,WOWLOOK金珍多,WOWLOOK金珍多,服饰鞋包,4.2,,B1,rated,True,,rated,parsed,rating_anchor,0.9918,0.984,54,8954,156.613,⭐🌟⭐⭐ | B1 | 服饰鞋包 | 4.2 | ★,WOWLOOK金珍多 | ⭐🌟⭐⭐ | B1 | 服饰鞋包 | 4.2 | ★ | 饰品金包银，款式超好看,ocr/input_videos\上海__五角场合生汇__20260824.mp4
OBS-000870,五角场合生汇,FLAGLADY,FLAGLADY,服装,4.2,1061,L2,rated,True,,rated,parsed,rating_anchor,0.9852,0.9983,48,8954,156.613,⭐🌟🌟🌟 | 4.2服装￥1061/人 | L2 | ★,FLAGLADY | RASUN | ⭐🌟🌟🌟 | 4.2服装￥1061/人 | L2 | ★,ocr/input_videos\上海__五角场合生汇__20260824.mp4
OBS-000871,五角场合生汇,Serta舒达床垫,Serta舒达床垫,成品家具,4.8,16040,L3,rated,True,,rated,parsed,rating_anchor,0.9861,0.9973,54,8954,156.613,🌟🌟🌟🌟🌟 | L3 | 4.8成品家具￥16040/人,Serta舒达床垫 | Serta | 🌟🌟🌟🌟🌟 | L3 | 4.8成品家具￥16040/人 | 点评榜单 | Atways Comfortoble. | 杨浦区家具家居好评榜第2名 | 舒达床垫 | 服务细节到位，智能床体验超赞 | G | ￥1￥3000 | 【超值焕新】 | 惠 | 舒达以旧换新...,ocr/input_videos\上海__五角场合生汇__20260824.mp4
OBS-000872,五角场合生汇,EVISU,EVISU,服饰鞋包,3.9,1144,L2,rated,True,,rated,parsed,rating_anchor,0.981,0.9971,51,9009,157.575,🌟🌟⭐🌟🌟 | L2 | 3.9服饰鞋包￥1144/人,EVISU | 🌟🌟⭐🌟🌟 | L2 | 3.9服饰鞋包￥1144/人 | EVISU,ocr/input_videos\上海__五角场合生汇__20260824.mp4
OBS-000873,五角场合生汇,PSO brand,PSObrand,服装,4.3,,B1,rated,True,,rated,parsed,rating_anchor,0.9893,0.9789,49,9009,157.575,🌟🌟🌟🌟 | 服装 | B1 | 4.3 | ★,PSO brand | Pso brande | 🌟🌟🌟🌟 | 服装 | B1 | 4.3 | ★ | 国 | 点评榜单 | 杨浦区服装热门榜第2名 | 韩系平价女装，逛街必打卡,ocr/input_videos\上海__五角场合生汇__20260824.mp4
OBS-000874,五角场合生汇,WOWLOOK金珍多,WOWLOOK金珍多,服饰鞋包,4.2,,B1,rated,True,,rated,parsed,rating_anchor,0.9788,0.9582,58,9009,157.575,服饰鞋包 | B1 | 🌟🌟🌟🎉 | 4.2,WOWLOOK金珍多 | 服饰鞋包 | B1 | 🌟🌟🌟🎉 | 4.2 | “饰品金包银，款式超好看,ocr/input_videos\上海__五角场合生汇__20260824.mp4
OBS-000875,五角场合生汇,FLAGLADY,FLAGLADY,服装,4.2,1061,L2,rated,True,,rated,parsed,rating_anchor,0.9841,0.9983,45,9009,157.575,🌟🌟⭐⭐🌟 | L2 | 4.2服装￥1061/人,FLAGLADY | 🌟🌟⭐⭐🌟 | L2 | 4.2服装￥1061/人,ocr/input_videos\上海__五角场合生汇__20260824.mp4
OBS-000876,五角场合生汇,Serta舒达床垫,Serta舒达床垫,成品家具,4.8,16040,L3,rated,True,,rated,parsed,rating_anchor,0.9842,0.9975,54,9009,157.575,⭐🌟4.8 | L3 | 成品家具￥16040/人,Serta舒达床垫 | Serta | ⭐🌟4.8 | L3 | 成品家具￥16040/人 | 点评榜单 | 杨浦区家具家居好评榜第2名 | Always Comfortoble. | 舒达床垫 | 服务细节到位，智能床体验超赞 | 【超值焕新】舒达以旧换新... | ￥1 | 惠 | 1￥3000,ocr/input_videos\上海__五角场合生汇__20260824.mp4
OBS-000877,五角场合生汇,EVISU,EVISU,服饰鞋包,3.9,1144,L2,rated,True,,rated,parsed,rating_anchor,0.9803,0.9969,50,9064,158.537,3.9服饰鞋包￥1144/人 | L2,EVISU | 3.9服饰鞋包￥1144/人 | L2 | EVISU,ocr/input_videos\上海__五角场合生汇__20260824.mp4
OBS-000878,五角场合生汇,PsO brand,PsObrand,服装,4.3,,B1,rated,True,,rated,parsed,rating_anchor,0.9764,0.953,54,9064,158.537,🌟🌟🌟🌟 | 服装 | B1 | 4.3 | ★,PsO brand | PSO brande | 🌟🌟🌟🌟 | 服装 | B1 | 4.3 | ★ | 点评榜单 | 杨浦区服装热门榜第2名 | 韩系平价女装，逛街必打卡”,ocr/input_videos\上海__五角场合生汇__20260824.mp4
OBS-000879,五角场合生汇,WOWLOOK金珍多,WOWLOOK金珍多,服饰鞋包,4.2,,B1,rated,True,,rated,parsed,rating_anchor,0.987,0.9762,58,9064,158.537,4.2服饰鞋包 | 🌟🌟🌟🎉 | ★ | B1,WOWLOOK金珍多 | 4.2服饰鞋包 | 🌟🌟🌟🎉 | ★ | B1 | “饰品金包银，款式超好看,ocr/input_videos\上海__五角场合生汇__20260824.mp4
OBS-000880,五角场合生汇,FLAGLADY,FLAGLADY,服装,4.2,1061,L2,rated,True,,rated,parsed,rating_anchor,0.9856,0.9981,48,9064,158.537,⭐🌟🌟⭐ | L2 | 4.2服装￥1061/人 | ★,FLAGLADY | ⭐🌟🌟⭐ | L2 | 4.2服装￥1061/人 | ★,ocr/input_videos\上海__五角场合生汇__20260824.mp4
OBS-000881,五角场合生汇,Serta舒达床垫,Serta舒达床垫,成品家具,4.8,16040,L3,rated,True,,rated,parsed,rating_anchor,0.9817,0.9974,52,9064,158.537,4.8成品家具￥16040/人 | L3,Serta舒达床垫 | Serta | 4.8成品家具￥16040/人 | L3 | 点评榜单 | 杨浦区家具家居好评榜第2名 | Atways Comfortoble.- | 舒达床垫 | 服务细节到位，智能床体验超赞 | 小 | ￥1￥3000 | 惠 | 【超值焕新】舒达以旧换新...,ocr/input_videos\上海__五角场合生汇__20260824.mp4
OBS-000882,五角场合生汇,BONELESS,BONELESS,服饰鞋包,3.8,603,B1,rated,True,,rated,parsed,rating_anchor,0.9868,0.9988,49,9064,158.537,B1 | 服饰鞋包￥603/人 | 🌟🌟🌟🌟 | 3.8,BONELESS | B1 | 服饰鞋包￥603/人 | 🌟🌟🌟🌟 | 3.8 | 300斤都能穿” | 尺码友好 | “,ocr/input_videos\上海__五角场合生汇__20260824.mp4
OBS-000883,五角场合生汇,FLAGLADY,FLAGLADY,服装,4.2,1061,L2,rated,True,,rated,parsed,rating_anchor,0.9845,0.9981,45,9086,158.922,L2 | 4.2服装￥1061/人 | 🌟🌟🌟 | ★,FLAGLADY | RASLUN | L2 | 4.2服装￥1061/人 | 🌟🌟🌟 | ★,ocr/input_videos\上海__五角场合生汇__20260824.mp4
OBS-000884,五角场合生汇,Serta舒达床垫,Serta舒达床垫,成品家具,4.8,16040,L3,rated,True,,rated,parsed,rating_anchor,0.9832,0.9982,55,9086,158.922,L3 | 成品家具￥16040/人 | 🌟🌟⭐🌟🌟 | 4.8,Serta舒达床垫 | Serta | L3 | 成品家具￥16040/人 | 🌟🌟⭐🌟🌟 | 4.8 | 点评榜单 | Atways Comfortoble. | 杨浦区家具家居好评榜第2名 | 舒达床垫 | 服务细节到位，智能床体验超赞” | ￥1￥3000 | 惠 | 【超值焕新】含 | 舒达以旧换新..,ocr/input_videos\上海__五角场合生汇__20260824.mp4
OBS-000885,五角场合生汇,BONELESS,BONELESS,服饰鞋包,3.8,603,B1,rated,True,,rated,parsed,rating_anchor,0.9785,0.9986,48,9086,158.922,服饰鞋包￥603/人 | B1 | 🌟🌟🌟🌟⭐ | 3.8,BONELESS | 服饰鞋包￥603/人 | B1 | 🌟🌟🌟🌟⭐ | 3.8 | 尺码友好，300斤都能穿,ocr/input_videos\上海__五角场合生汇__20260824.mp4
OBS-000886,五角场合生汇,LACOSTE,LACOSTE,服装,3.6,,L1,rated,True,,rated,parsed,rating_anchor,0.9979,0.9991,49,9086,158.922,3.6服装 | ⭐🌟🌟🌟🌟 | L1,LACOSTE | LACOSTE | 3.6服装 | ⭐🌟🌟🌟🌟 | L1,ocr/input_videos\上海__五角场合生汇__20260824.mp4
OBS-000887,五角场合生汇,ROSEALYSSA,ROSEALYSSA,服饰鞋包,3.5,1364,L3,rated,True,,rated,parsed,rating_anchor,0.984,0.9979,45,9086,158.922,🌟🌟🌟🌟⭐ | L3 | 服饰鞋包￥1364/人 | 3.5,ROSEALYSSA | RVSS | 🌟🌟🌟🌟⭐ | L3 | 服饰鞋包￥1364/人 | 3.5 | 色系吸引人， | ，设计感十足,ocr/input_videos\上海__五角场合生汇__20260824.mp4
OBS-000888,五角场合生汇,Serta舒达床垫,Serta舒达床垫,成品家具,4.8,16040,L3,rated,True,,rated,parsed,rating_anchor,0.9831,0.9963,52,9130,159.691,⭐🌟🌟⭐🌟 | L3 | 成品家具￥16040/人 | 4.8,Serta舒达床垫 | Serta | ⭐🌟🌟⭐🌟 | L3 | 成品家具￥16040/人 | 4.8 | 点评榜单 | 杨浦区家具家居好评榜第2名 | Always Comfortoble. | 舒达床垫 | 服务细节到位，智能床体验超赞 | “ | 惠 | ￥1￥3000 | 舒达以旧换新... | 【超值焕新】,ocr/input_videos\上海__五角场合生汇__20260824.mp4
OBS-000889,五角场合生汇,BONELESS,BONELESS,服饰鞋包,3.8,603,B1,rated,True,,rated,parsed,rating_anchor,0.9989,0.9988,44,9130,159.691,🌟🌟🌟🌟🌟 | B1 | 服饰鞋包 | ￥603/人 | 3.8,BONELESS | 🌟🌟🌟🌟🌟 | B1 | 服饰鞋包 | ￥603/人 | 3.8 | 尺码友好，300斤都能穿,ocr/input_videos\上海__五角场合生汇__20260824.mp4
OBS-000890,五角场合生汇,LACOSTE,LACOSTE,服装,3.6,,L1,rated,True,,rated,parsed,rating_anchor,0.9995,0.9993,47,9130,159.691,🌟🌟⭐🌟⭐ | 服装 | L1 | 3.6,LACOSTE | LACOSTE | 🌟🌟⭐🌟⭐ | 服装 | L1 | 3.6,ocr/input_videos\上海__五角场合生汇__20260824.mp4
OBS-000891,五角场合生汇,ROSEALYSSA,ROSEALYSSA,服饰鞋包,3.5,1364,L3,rated,True,,rated,parsed,rating_anchor,0.9824,0.9978,45,9130,159.691,🌟🌟🌟🌟🌟 | L3 | 服饰鞋包￥1364/人 | 3.5,ROSEALYSSA | 🌟🌟🌟🌟🌟 | L3 | 服饰鞋包￥1364/人 | 3.5 | 色系吸引人，设计感十,ocr/input_videos\上海__五角场合生汇__20260824.mp4
OBS-000892,五角场合生汇,汉麻世家,汉麻世家,服装,3.6,,L2,rated,True,,rated,parsed,rating_anchor,0.9964,0.9984,58,9130,159.691,3.6服装 | ⭐🌟🌟🌟🌟 | L2,汉麻世家 | 3.6服装 | ⭐🌟🌟🌟🌟 | L2,ocr/input_videos\上海__五角场合生汇__20260824.mp4
OBS-000893,五角场合生汇,LAZBOY乐至宝,LAZBOY乐至宝,成品家具,3.8,10321,L4,rated,True,,rated,parsed,rating_anchor,0.983,0.9989,51,9130,159.691,🌟🌟🌟🌟⭐ | 成品家具￥10321/人 | L4 | 3.8,LAZBOY乐至宝 | 国好虾造季 | 观通零重力 | Global | 🌟🌟🌟🌟⭐ | 成品家具￥10321/人 | L4 | 3.8 | Comtort | 点评榜单 | 杨浦区家具家居热门榜第5名 | 椅子可坐可躺，服务也非常好! | 39 | DOY,ocr/input_videos\上海__五角场合生汇__20260824.mp4
OBS-000894,五角场合生汇,Serta舒达床垫,Serta舒达床垫,成品家具,4.8,16040,L3,rated,True,,rated,parsed,rating_anchor,0.9783,0.995,52,9141,159.884,🌟🌟🌟🌟🌟 | L3 | 成品家具￥16040/人 | 4.8,Serta舒达床垫 | Serta | 🌟🌟🌟🌟🌟 | L3 | 成品家具￥16040/人 | 4.8 | 点评榜单 | 杨浦区家具家居好评榜第2名 | Ahways Comtortoble. | 舒达床垫 | 服务细节到位，智能床体验超赞 | S | 33 | ￥1￥3000 | 惠 | 【超值焕新】 | 舒达以旧换新..,ocr/input_videos\上海__五角场合生汇__20260824.mp4
OBS-000895,五角场合生汇,BONELESS,BONELESS,服饰鞋包,3.8,603,B1,rated,True,,rated,parsed,rating_anchor,0.9991,0.999,41,9141,159.884,🌟🎉🌟⭐ | B1 | 服饰鞋包 | ￥603/人 | 3.8,BONELESS | 🌟🎉🌟⭐ | B1 | 服饰鞋包 | ￥603/人 | 3.8 | 尺码友好，300斤都能穿,ocr/input_videos\上海__五角场合生汇__20260824.mp4
OBS-000896,五角场合生汇,LACOSTE,LACOSTE,服装,3.6,,L1,rated,True,,rated,parsed,rating_anchor,0.9994,0.999,48,9141,159.884,🌟🌟🌟🌟🌟 | 服装 | L1 | 3.6,LACOSTE | LACOSTE | + | 🌟🌟🌟🌟🌟 | 服装 | L1 | 3.6,ocr/input_videos\上海__五角场合生汇__20260824.mp4
OBS-000897,五角场合生汇,ROSEALYSSA,ROSEALYSSA,服饰鞋包,3.5,1364,L3,rated,True,,rated,parsed,rating_anchor,0.9992,0.9987,44,9141,159.884,🌟🌟🎉🌟🌟 | L3 | 服饰鞋包 | 3.5 | ￥1364/人,ROSEALYSSA | 🌟🌟🎉🌟🌟 | L3 | 服饰鞋包 | 3.5 | ￥1364/人 | 设计感十足” | 色系吸引人，,ocr/input_videos\上海__五角场合生汇__20260824.mp4
OBS-000898,五角场合生汇,汉麻世家,汉麻世家,服装,3.6,,L2,rated,True,,rated,parsed,rating_anchor,0.9991,0.9984,58,9141,159.884,L2 | 服装 | 🌟🌟🌟🌟🌟 | 3.6 | ),汉麻世家 | L2 | 服装 | 🌟🌟🌟🌟🌟 | 3.6 | ),ocr/input_videos\上海__五角场合生汇__20260824.mp4
OBS-000899,五角场合生汇,LAZBOY乐至宝,LAZBOY乐至宝,成品家具,3.8,10321,L4,rated,True,,rated,parsed,rating_anchor,0.977,0.9989,51,9141,159.884,🌟🌟🌟🌟🌟 | 成品家具￥10321/人 | L4 | 3.8,LAZBOY乐至宝 | 国际舒适季 | 观业零重力 | Global | 🌟🌟🌟🌟🌟 | 成品家具￥10321/人 | L4 | 3.8 | Comtort | 点评榜单 | 杨浦区家具家居热门榜第5名 | 椅子可坐可躺，服务也非常好！ | 59 | DOY | LA,ocr/input_videos\上海__五角场合生汇__20260824.mp4
OBS-000900,五角场合生汇,BONELESS,BONELESS,服饰鞋包,3.8,603,B1,rated,True,,rated,parsed,rating_anchor,0.9853,0.9988,45,9196,160.846,🌟🌟🌟🌟🌟 | B1 | 服饰鞋包￥603/人 | 3.8,BONELESS | 🌟🌟🌟🌟🌟 | B1 | 服饰鞋包￥603/人 | 3.8 | 尺码友好，300斤都能穿 | C,ocr/input_videos\上海__五角场合生汇__20260824.mp4
OBS-000901,五角场合生汇,LACOSTE,LACOSTE,服装,3.6,,L1,rated,True,,rated,parsed,rating_anchor,0.9985,0.9991,48,9196,160.846,★🌟★★★ | 3.6服装 | L1,LACOSTE | LACOSTE | ★🌟★★★ | 3.6服装 | L1,ocr/input_videos\上海__五角场合生汇__20260824.mp4
OBS-000902,五角场合生汇,ROSEALYSSA,ROSEALYSSA,服饰鞋包,3.5,1364,L3,rated,True,,rated,parsed,rating_anchor,0.9785,0.9968,48,9196,160.846,服饰鞋包￥1364/人 | L3 | 🌟🌟⭐🌟🌟 | 3.5,ROSEALYSSA | 服饰鞋包￥1364/人 | L3 | 🌟🌟⭐🌟🌟 | 3.5 | 色系吸引人，设计感十足 | （C,ocr/input_videos\上海__五角场合生汇__20260824.mp4
OBS-000903,五角场合生汇,汉麻世家,汉麻世家,服装,3.6,,L2,rated,True,,rated,parsed,rating_anchor,0.9323,0.9989,60,9196,160.846,⭐⭐3.6服装 | L2,汉麻世家 | ⭐⭐3.6服装 | L2,ocr/input_videos\上海__五角场合生汇__20260824.mp4
OBS-000904,五角场合生汇,LAZBOY乐至宝,LAZBOY乐至宝,成品家具,3.8,10321,L4,rated,True,,rated,parsed,rating_anchor,0.9865,0.9993,52,9196,160.846,🌟🌟⭐🌟🌟 | L4 | 成品家具￥10321/人 | 3.8,LAZBOY乐至宝 | 国际活学 | 益业零重力 | Global | 🌟🌟⭐🌟🌟 | L4 | 成品家具￥10321/人 | 3.8 | Comtort | 点评榜单 | 杨浦区家具家居热门榜第5名 | 椅子可坐可躺，服务也非常好！ | 55 | OY | 惠 | ￥1￥1990 | 【免费量房设计】软装搭配/... | ￥6000代金券 | 惠 | x2000,ocr/input_videos\上海__五角场合生汇__20260824.mp4
OBS-000905,五角场合生汇,汉麻世家,汉麻世家,服装,3.6,,L2,rated,True,,rated,parsed,rating_anchor,0.9979,0.9994,57,9240,161.615,3.6服装 | 🌟🌟🌟🌟🌟 | L2,汉麻世家 | 3.6服装 | 🌟🌟🌟🌟🌟 | L2,ocr/input_videos\上海__五角场合生汇__20260824.mp4
OBS-000906,五角场合生汇,LAZBOY乐至宝,LAZBOY乐至宝,成品家具,3.8,10321,L4,rated,True,,rated,parsed,rating_anchor,0.9842,0.999,52,9240,161.615,🌟🌟🌟🌟🌟 | 成品家具￥10321/人 | L4 | 3.8,LAZBOY乐至宝 | 国际纤活季 | 温维零重力 | Global | 🌟🌟🌟🌟🌟 | 成品家具￥10321/人 | L4 | 3.8 | Comtort | 点评榜单 | 杨浦区家具家居热门榜第5名 | C5 | “椅子可坐可躺，服务也非常好！ | 5 | OY | LA | 惠 | ￥1￥1990 | 【免费量房设计】软装搭配/... | ￥2000￥6000代金券 | 惠,ocr/input_videos\上海__五角场合生汇__20260824.mp4
OBS-000907,五角场合生汇,STANCE,STANCE,服饰鞋包,3.7,,B1,rated,True,,rated,parsed,rating_anchor,0.9969,0.9988,49,9240,161.615,🌟🌟🌟🌟⭐ | 3.7服饰鞋包 | B1,STANCE | 🌟🌟🌟🌟⭐ | 3.7服饰鞋包 | B1 | STINE,ocr/input_videos\上海__五角场合生汇__20260824.mp4
OBS-000908,五角场合生汇,AMONAVIS,AMONAVIS,服饰鞋包,3.3,,L3,rated,True,,rated,parsed,rating_anchor,0.997,0.9947,48,9240,161.615,🌟🌟🎉 | L3 | 服饰鞋包 | ★★ | 3.3,AMONAVIS | 🌟🌟🎉 | L3 | 服饰鞋包 | ★★ | 3.3,ocr/input_videos\上海__五角场合生汇__20260824.mp4
OBS-000909,五角场合生汇,MaXiaoNa,MaXiaoNa,服饰鞋包,4.5,3835,L2,rated,True,,rated,parsed,rating_anchor,0.9799,0.999,49,9240,161.615,🌟🌟⭐⭐🌟 | L2 | 服饰鞋包￥3835/人 | 4.5,MaXiaoNa | ® | N./ | 🌟🌟⭐⭐🌟 | L2 | 服饰鞋包￥3835/人 | 4.5 | Ma xiao na | 衣服款式多样，做工精细舒适 | V | 麻筱那,ocr/input_videos\上海__五角场合生汇__20260824.mp4
OBS-000910,五角场合生汇,花与珍珠匣,花与珍珠匣,服饰鞋包,3.9,1171,B1,rated,True,,rated,parsed,rating_anchor,0.9741,0.9969,56,9240,161.615,🌟⭐3.9 | B1 | 服饰鞋包￥1171/人,花与珍珠匣 | 🌟⭐3.9 | B1 | 服饰鞋包￥1171/人,ocr/input_videos\上海__五角场合生汇__20260824.mp4
OBS-000911,五角场合生汇,LAZBOY乐至宝,LAZBOY乐至宝,成品家具,3.8,10321,L4,rated,True,,rated,parsed,rating_anchor,0.9834,0.9982,54,9273,162.192,🌟🌟🎉🌟🌟 | 成品家具￥10321/人 | L4 | 3.8,LAZBOY乐至宝 | 温道零直力 | 国际养活季 | Global | 🌟🌟🎉🌟🌟 | 成品家具￥10321/人 | L4 | 3.8 | Comort | 点评榜单 | 杨浦区家具家居热门榜第5名 | 一1 | “椅子可坐可躺，服务也非常好！ | 5 | 2 | BOY | L | 【免费量房设计】软装搭配/... | ￥1￥1990 | 惠 | ￥2000￥6000代金券 | 惠,ocr/input_videos\上海__五角场合生汇__20260824.mp4
OBS-000912,五角场合生汇,STANCE,STANCE,服饰鞋包,3.7,,B1,rated,True,,rated,parsed,rating_anchor,0.9992,0.9988,49,9273,162.192,🌟🌟🌟🌟🌟 | 服饰鞋包 | B1 | 3.7,STANCE | 🌟🌟🌟🌟🌟 | 服饰鞋包 | B1 | 3.7 | STNWE | -,ocr/input_videos\上海__五角场合生汇__20260824.mp4
OBS-000913,五角场合生汇,AMONAVIS,AMONAVIS,服饰鞋包,3.3,,L3,rated,True,,rated,parsed,rating_anchor,0.9948,0.9951,45,9273,162.192,3.3服饰鞋包 | L3 | 🌟🌟⭐🌟🌟,AMONAVIS | 3.3服饰鞋包 | L3 | 🌟🌟⭐🌟🌟,ocr/input_videos\上海__五角场合生汇__20260824.mp4
OBS-000914,五角场合生汇,MaXiaoNa,MaXiaoNa,服饰鞋包,4.5,3835,L2,rated,True,,rated,parsed,rating_anchor,0.9844,0.9989,50,9273,162.192,🌟🌟⭐🌟🌟 | 服饰鞋包￥3835/人 | L2 | 4.5,MaXiaoNa | ® | 🌟🌟⭐🌟🌟 | 服饰鞋包￥3835/人 | L2 | 4.5 | Ma xiao na | 衣服款式多样，做工精细舒适 | □ | 麻那,ocr/input_videos\上海__五角场合生汇__20260824.mp4
OBS-000915,五角场合生汇,花与珍珠匣,花与珍珠匣,服饰鞋包,3.9,1171,B1,rated,True,,rated,parsed,rating_anchor,0.9804,0.9991,56,9273,162.192,🌟🌟🌟🌟⭐ | B1 | 服饰鞋包￥1171/人 | 3.9,花与珍珠匣 | 🌟🌟🌟🌟⭐ | B1 | 服饰鞋包￥1171/人 | 3.9,ocr/input_videos\上海__五角场合生汇__20260824.mp4
OBS-000916,五角场合生汇,联想直营旗舰店,联想直营旗舰店,数码产品,4.8,7549,L4,rated,True,,rated,parsed,rating_anchor,0.9849,0.9997,52,9273,162.192,⭐🌟🌟🌟🌟 | L4 | 数码产品￥7549/人 | 】4.8,联想直营旗舰店 | 联理A1手 | 拯收者手机Y70新一代 | ⭐🌟🌟🌟🌟 | 道事心旺 | L4 | 数码产品￥7549/人 | 】4.8 | 《,ocr/input_videos\上海__五角场合生汇__20260824.mp4
OBS-000917,五角场合生汇,STANCE,STANCE,服饰鞋包,3.7,,B1,rated,True,,rated,parsed,rating_anchor,0.9194,0.9967,52,9350,163.539,⭐⭐⭐3.7服饰鞋包 | B1,STANCE | ⭐⭐⭐3.7服饰鞋包 | B1 | STNNE,ocr/input_videos\上海__五角场合生汇__20260824.mp4
OBS-000918,五角场合生汇,AMONAVIS,AMONAVIS,服饰鞋包,3.3,,L3,rated,True,,rated,parsed,rating_anchor,0.9715,0.994,47,9350,163.539,⭐⭐3.3服饰鞋包 | L3,AMONAVIS | ⭐⭐3.3服饰鞋包 | L3,ocr/input_videos\上海__五角场合生汇__20260824.mp4
OBS-000919,五角场合生汇,MaXiaoNa,MaXiaoNa,服饰鞋包,4.5,3835,L2,rated,True,,rated,parsed,rating_anchor,0.9843,0.9983,56,9350,163.539,🌟✨⭐⭐🌟 | 服饰鞋包￥3835/人 | L2 | 4.5,MaXiaoNa | ® | 🌟✨⭐⭐🌟 | 服饰鞋包￥3835/人 | L2 | 4.5 | Ma xiao na | 衣服款式多样，做工精细舒适” | □ | 麻筱那,ocr/input_videos\上海__五角场合生汇__20260824.mp4
OBS-000920,五角场合生汇,花与珍珠匣,花与珍珠匣,服饰鞋包,3.9,1171,B1,rated,True,,rated,parsed,rating_anchor,0.9743,0.9859,63,9350,163.539,3.9服饰鞋包￥1171/人 | B1,花与珍珠匣 | 3.9服饰鞋包￥1171/人 | B1,ocr/input_videos\上海__五角场合生汇__20260824.mp4
OBS-000921,五角场合生汇,联想直营旗舰店,联想直营旗舰店,数码产品,4.8,7549,L4,rated,True,,rated,parsed,rating_anchor,0.9841,0.9998,55,9350,163.539,🌟🌟🎉🌟🌟4.8 | 数码产品￥7549/人 | L4,联想直营旗舰店 | 联A1 | 热粒者手机Y7新一代 | 价心注 | 🌟🌟🎉🌟🌟4.8 | 数码产品￥7549/人 | L4 | “装修焕新速度快，电脑款式多样” | ： | 服 | 【官方直营】随心享服务卡 | ￥299 | ￥300 | 惠 | ￥1￥100代金券 | 惠,ocr/input_videos\上海__五角场合生汇__20260824.mp4
OBS-000922,五角场合生汇,STANCE,STANCE,服饰鞋包,3.7,,B1,rated,True,,rated,parsed,rating_anchor,0.9973,0.9974,51,9394,164.309,🌟🌟⭐🌟⭐ | B1 | 3.7服饰鞋包,STANCE | 🌟🌟⭐🌟⭐ | B1 | 3.7服饰鞋包 | STWE,ocr/input_videos\上海__五角场合生汇__20260824.mp4
OBS-000923,五角场合生汇,AMONAVIS,AMONAVIS,服饰鞋包,3.3,,L3,rated,True,,rated,parsed,rating_anchor,0.9547,0.9938,44,9394,164.309,⭐⭐3.3服饰鞋包 | L3,AMONAVIS | ⭐⭐3.3服饰鞋包 | L3,ocr/input_videos\上海__五角场合生汇__20260824.mp4
OBS-000924,五角场合生汇,MaXiaoNa,MaXiaoNa,服饰鞋包,4.5,3835,L2,rated,True,,rated,parsed,rating_anchor,0.9816,0.9988,51,9394,164.309,🌟✨⭐🌟 | L2 | 服饰鞋包￥3835/人 | 4.5,MaXiaoNa | ® | 🌟✨⭐🌟 | L2 | 服饰鞋包￥3835/人 | 4.5 | Ma xiao na | 衣服款式多样，做工精细舒适” | - | 麻筱那,ocr/input_videos\上海__五角场合生汇__20260824.mp4
OBS-000925,五角场合生汇,花与珍珠匣,花与珍珠匣,服饰鞋包,3.9,1171,B1,rated,True,,rated,parsed,rating_anchor,0.9719,0.9661,60,9394,164.309,⭐🌟🌟🌟🌟 | 3.9服饰鞋包￥1171/人 | B1,花与珍珠匣 | ⭐🌟🌟🌟🌟 | 3.9服饰鞋包￥1171/人 | B1,ocr/input_videos\上海__五角场合生汇__20260824.mp4
OBS-000926,五角场合生汇,联想直营旗舰店,联想直营旗舰店,数码产品,4.8,7549,L4,rated,True,,rated,parsed,rating_anchor,0.9848,0.9996,55,9394,164.309,🌟🌟🎉🎉🎉4.8 | 数码产品￥7549/人 | L4,联想直营旗舰店 | 联A1 | 通粒者机Y7新一代 | 心红 | 🌟🌟🎉🎉🎉4.8 | 数码产品￥7549/人 | L4 | 装修焕新速度快，电脑款式多样” | 眼 | 8 | 【官方直营】随心享服务卡 | ￥299 | ￥300 | 惠 | ￥1￥100代金券 | 惠,ocr/input_videos\上海__五角场合生汇__20260824.mp4
OBS-000927,五角场合生汇,MaXiaoNa,MaXiaoNa,服饰鞋包,4.5,3835,L2,rated,True,,rated,parsed,rating_anchor,0.9854,0.9985,51,9427,164.886,⭐🌟🌟⭐🌟 | L2 | 服饰鞋包￥3835/人 | 4.5,MaXiaoNa | ® | ⭐🌟🌟⭐🌟 | L2 | 服饰鞋包￥3835/人 | 4.5 | Maxiao na | 衣服款式多样，做工精细舒适 | 力 | 二 | —麻筱那,ocr/input_videos\上海__五角场合生汇__20260824.mp4
OBS-000928,五角场合生汇,花与珍珠匣,花与珍珠匣,服饰鞋包,3.9,1171,B1,rated,True,,rated,parsed,rating_anchor,0.9537,0.9377,55,9427,164.886,⭐🌟⭐🌟⭐3.9 | B1 | 服饰鞋包￥1171/人,花与珍珠匣 | ⭐🌟⭐🌟⭐3.9 | B1 | 服饰鞋包￥1171/人,ocr/input_videos\上海__五角场合生汇__20260824.mp4
OBS-000929,五角场合生汇,联想直营旗舰店,联想直营旗舰店,数码产品,4.8,7549,L4,rated,True,,rated,parsed,rating_anchor,0.9864,0.9998,55,9427,164.886,🌟🌟🎉🌟⭐4.8 | 数码产品￥7549/人 | L4,联想直营旗舰店 | 联量A1手8 | 拯技者手机Y7新一代 | 🌟🌟🎉🌟⭐4.8 | 数码产品￥7549/人 | 心 | L4 | 装修焕新速度快，电脑款式多样” | “ | ： | 【官方直营】随心享服务卡 | ￥299 | ￥300 | 惠 | ￥1￥100代金券 | 惠,ocr/input_videos\上海__五角场合生汇__20260824.mp4
OBS-000930,五角场合生汇,LUCKYLOOP,LUCKYLOOP,更多购物场所,,,B1,new_store,False,new_store,ocr_missing,parsed,metadata_anchor,0.9983,0.9967,48,9427,164.886,新店 | B1 | 更多购物场所,LUCKYLOOP | LUCKYLOOP | 新店 | B1 | 更多购物场所,ocr/input_videos\上海__五角场合生汇__20260824.mp4
OBS-000931,五角场合生汇,FUGGLER,FUGGLER,杂货礼品,,,B2,new_store,False,new_store,ocr_missing,parsed,metadata_anchor,0.9985,0.9976,48,9427,164.886,杂货礼品 | 新店 | B2,FUGGLER | 杂货礼品 | 新店 | B2 | 杨浦区杂货礼品好评榜第10名 | 点评榜单,ocr/input_videos\上海__五角场合生汇__20260824.mp4
OBS-000932,五角场合生汇,ecco,ecco,鞋靴,3.4,1631,L2,rated,True,,rated,parsed,rating_anchor,0.9759,0.9984,44,9427,164.886,3.4鞋靴￥1631/人 | L2,ecco | 3.4鞋靴￥1631/人 | L2,ocr/input_videos\上海__五角场合生汇__20260824.mp4
OBS-000933,五角场合生汇,联想直营旗舰店,联想直营旗舰店,数码产品,4.8,7549,L4,rated,True,,rated,parsed,rating_anchor,0.9829,0.9986,52,9471,165.656,⭐🌟⭐🎉4.8 | 数码产品￥7549/人 | L4,联想直营旗舰店 | 联福A1年式 | 热教者手机Y7口新一代 | ⭐🌟⭐🎉4.8 | 心 | 数码产品￥7549/人 | L4 | 装修焕新速度快，电脑款式多样” | 聘 | ￥299 | ￥300 | 【官方直营】 | 随心享服务卡 | 惠 | 惠 | ￥1￥100 | 代金券,ocr/input_videos\上海__五角场合生汇__20260824.mp4
OBS-000934,五角场合生汇,LUCKYLOOP,LUCKYLOOP,更多购物场所,,,B1,new_store,False,new_store,ocr_missing,parsed,metadata_anchor,0.9975,0.9951,50,9471,165.656,新店 | 更多购物场所 | B1,LUCKYLOOP | LUCKyLOOP | 新店 | 更多购物场所 | B1,ocr/input_videos\上海__五角场合生汇__20260824.mp4
OBS-000935,五角场合生汇,FUGGLER,FUGGLER,杂货礼品,,,B2,new_store,False,new_store,ocr_missing,parsed,metadata_anchor,0.9983,0.9978,49,9471,165.656,杂货礼品 | 新店 | B2,FUGGLER | 杂货礼品 | 新店 | B2 | 点评榜单 | 杨浦区杂货礼品好评榜第10名,ocr/input_videos\上海__五角场合生汇__20260824.mp4
OBS-000936,五角场合生汇,ecco,ecco,鞋靴,3.4,1631,L2,rated,True,,rated,parsed,rating_anchor,0.9757,0.9985,40,9471,165.656,🌟⭐ | ⭐⭐ | L2 | 鞋靴￥1631/人 | 3.4,ecco | 🌟⭐ | ⭐⭐ | L2 | 鞋靴￥1631/人 | 3.4 | 鞋子质量舒适，种类齐全 | “ | 力,ocr/input_videos\上海__五角场合生汇__20260824.mp4
OBS-000937,五角场合生汇,H'S,H'S,服装,4.0,,L2,rated,True,,rated,parsed,rating_anchor,0.9944,0.989,59,9471,165.656,🌟🌟🌟⭐ | 服装 | L2 | 4.0 | ★,H'S | 🌟🌟🌟⭐ | 服装 | L2 | 4.0 | ★,ocr/input_videos\上海__五角场合生汇__20260824.mp4
OBS-000938,五角场合生汇,月记窑,月记窑,杂货礼品,,1122,L1,unknown,True,,ocr_missing,parsed,metadata_anchor,0.9876,0.9985,59,9471,165.656,⭐🌟🌟🌟🌟 | 杂货礼品￥1122/人 | L1 | 14.8,月记窑 | ⭐🌟🌟🌟🌟 | 杂货礼品￥1122/人 | L1 | 14.8,ocr/input_videos\上海__五角场合生汇__20260824.mp4
OBS-000939,五角场合生汇,联想直营旗舰店,联想直营旗舰店,数码产品,4.8,7549,L4,rated,True,,rated,parsed,rating_anchor,0.984,0.9985,52,9537,166.81,🌟🌟🌟4.8 | 数码产品￥7549/人 | L4,联想直营旗舰店 | 新理A1手锁 | 拯收者手机Y70新一代 | 🌟🌟🌟4.8 | 数码产品￥7549/人 | 心联 | L4 | 装修焕新速度快，电脑款式多样 | C | 1 | 国 | ￥299 | 惠 | ￥300 | 【官方直营】随心享服务卡 | ￥1￥100代金券 | 惠,ocr/input_videos\上海__五角场合生汇__20260824.mp4
OBS-000940,五角场合生汇,LUCKYLOOP,LUCKYLOOP,更多购物场所,,,B1,new_store,False,new_store,ocr_missing,parsed,metadata_anchor,0.9969,0.9941,48,9537,166.81,新店 | 更多购物场所 | B1,LUCKYLOOP | LUCKyLOOP | 新店 | 更多购物场所 | B1,ocr/input_videos\上海__五角场合生汇__20260824.mp4
OBS-000941,五角场合生汇,FUGGLER,FUGGLER,杂货礼品,,,B2,new_store,False,new_store,ocr_missing,parsed,metadata_anchor,0.9978,0.998,45,9537,166.81,杂货礼品 | 新店 | B2,FUGGLER | 杂货礼品 | 新店 | B2 | 点评榜单 | 杨浦区杂货礼品好评榜第10名 | 风业,ocr/input_videos\上海__五角场合生汇__20260824.mp4
OBS-000942,五角场合生汇,ecco,ecco,鞋靴,3.4,1631,L2,rated,True,,rated,parsed,rating_anchor,0.9761,0.9984,40,9537,166.81,L2 | ⭐🌟⭐ | ★★ | 鞋靴￥1631/人 | 3.4,ecco | L2 | ⭐🌟⭐ | ★★ | 鞋靴￥1631/人 | 3.4 | 鞋子质量舒适，种类齐全 | “,ocr/input_videos\上海__五角场合生汇__20260824.mp4
OBS-000943,五角场合生汇,H'S,H'S,服装,4.0,,L2,rated,True,,rated,parsed,rating_anchor,0.9925,0.9851,58,9537,166.81,🌟🌟🌟🌟 | 服装 | 4.0 | L2 | ★,H'S | AB | 🌟🌟🌟🌟 | 服装 | 4.0 | L2 | ★,ocr/input_videos\上海__五角场合生汇__20260824.mp4
OBS-000944,五角场合生汇,月记窑,月记窑,杂货礼品,4.8,1122,L1,rated,True,,rated,parsed,rating_anchor,0.9876,0.9975,57,9537,166.81,L1 | 🌟🌟🌟🌟🌟 | 杂货礼品￥1122/人 | 4.8,月记窑 | L1 | 🌟🌟🌟🌟🌟 | 杂货礼品￥1122/人 | 4.8 | 点评榜单 | 杨浦区杂货礼品好评榜第9名 | 始于1619 | 关学体购雨城”,ocr/input_videos\上海__五角场合生汇__20260824.mp4
OBS-000945,五角场合生汇,H'S,H'S,服装,4.0,,L2,rated,True,,rated,parsed,rating_anchor,0.9849,0.9738,63,9570,167.387,🌟🌟🌟⭐🌟 | 4.0服装 | L2,H'S | H | 🌟🌟🌟⭐🌟 | 4.0服装 | L2,ocr/input_videos\上海__五角场合生汇__20260824.mp4
OBS-000946,五角场合生汇,月记窑,月记窑,杂货礼品,4.8,1122,L1,rated,True,,rated,parsed,rating_anchor,0.9796,0.9984,59,9570,167.387,L1 | ★★★★★ | 杂货礼品￥1122/人 | 4.8,月记窑 | L1 | ★★★★★ | 杂货礼品￥1122/人 | 4.8 | 点评榜单 | 杨浦区杂货礼品好评榜第9名 | 始于1619 | 瓷火匠心，美学体验震撼 | ≤ | 2,ocr/input_videos\上海__五角场合生汇__20260824.mp4
OBS-000947,五角场合生汇,initial,initial,服装,3.3,7505,L2,rated,True,,rated,parsed,rating_anchor,0.9629,0.9994,58,9570,167.387,★3.3服装￥7505/人 | L2,initial | ★3.3服装￥7505/人 | L2 | initial | TIHEUNUSUALEXPERIENCE | cYer | axd,ocr/input_videos\上海__五角场合生汇__20260824.mp4
OBS-000948,五角场合生汇,CHUU,CHUU,服饰鞋包,3.4,533,B1,rated,True,,rated,parsed,rating_anchor,0.9896,0.9993,51,9570,167.387,⭐🌟⭐ | B1 | ⭐⭐ | 3.4服饰鞋包￥533/人,CHUU | ⭐🌟⭐ | B1 | ⭐⭐ | 3.4服饰鞋包￥533/人 | 店面绿绿的很新潮，衣服款式多 | ≤,ocr/input_videos\上海__五角场合生汇__20260824.mp4
OBS-000949,五角场合生汇,a blueberry,ablueberry,服饰鞋包,4.8,700,B1,rated,True,,rated,parsed,rating_anchor,0.9795,0.9915,64,9570,167.387,🌟🌟⭐⭐⭐ | B1 | 服饰鞋包￥700/人 | 4.8,a blueberry | 🌟🌟⭐⭐⭐ | B1 | 服饰鞋包￥700/人 | 4.8 | 点评榜单 | 五角场/大学路服饰鞋包热门榜第9名 | 试不完的新款，服务热心 | 37,ocr/input_videos\上海__五角场合生汇__20260824.mp4
OBS-000950,五角场合生汇,迈从,迈从,数码产品,4.8,618,L4,rated,True,,rated,parsed,rating_anchor,0.9817,0.9946,66,9570,167.387,⭐⭐4.8 | 数码产品￥618/人 | L4,迈从 | MCHOSE迈从 | ⭐⭐4.8 | 数码产品￥618/人 | L4,ocr/input_videos\上海__五角场合生汇__20260824.mp4
OBS-000951,五角场合生汇,H'S,H'S,服装,4.0,,L2,rated,True,,rated,parsed,rating_anchor,0.9467,0.9751,59,9592,167.772,⭐⭐⭐⭐4.0服装 | L2,H'S | ⭐⭐⭐⭐4.0服装 | L2,ocr/input_videos\上海__五角场合生汇__20260824.mp4
OBS-000952,五角场合生汇,月记窑,月记窑,杂货礼品,,1122,L1,unknown,True,,ocr_missing,parsed,metadata_anchor,0.9811,0.998,61,9592,167.772,⭐🌟🌟🌟🌟 | 杂货礼品￥1122/人 | L1 | 14.8,月记窑 | ⭐🌟🌟🌟🌟 | 杂货礼品￥1122/人 | L1 | 14.8 | 点评榜单 | 杨浦区杂货礼品好评榜第9名 | 始于1619 | 瓷火匠心，美学体验震撼,ocr/input_videos\上海__五角场合生汇__20260824.mp4
OBS-000953,五角场合生汇,initial,initial,服装,3.3,7505,L2,rated,True,,rated,parsed,rating_anchor,0.9601,0.9996,51,9592,167.772,⭐3.3服装￥7505/人 | L2,initial | ⭐3.3服装￥7505/人 | L2 | initial | THEUNUSUALEXPERIENCE,ocr/input_videos\上海__五角场合生汇__20260824.mp4
OBS-000954,五角场合生汇,CHUU,CHUU,服饰鞋包,3.4,533,B1,rated,True,,rated,parsed,rating_anchor,0.9886,0.9991,50,9592,167.772,🌟 | B1 | 3.4服饰鞋包￥533/人 | ★★,CHUU | 🌟 | B1 | 3.4服饰鞋包￥533/人 | ★★ | “店面绿绿的很新潮，衣服款式多”,ocr/input_videos\上海__五角场合生汇__20260824.mp4
OBS-000955,五角场合生汇,a blueberry,ablueberry,服饰鞋包,4.8,700,B1,rated,True,,rated,parsed,rating_anchor,0.9811,0.9908,63,9592,167.772,🌟🌟🌟🌟🌟 | B1 | 服饰鞋包￥700/人 | 4.8,a blueberry | 🌟🌟🌟🌟🌟 | B1 | 服饰鞋包￥700/人 | 4.8 | 点评榜单 | 五角场/大学路服饰鞋包热门榜第9名 | 试不完的新款，服务热心 | 2,ocr/input_videos\上海__五角场合生汇__20260824.mp4
OBS-000956,五角场合生汇,迈从,迈从,数码产品,4.8,618,L4,rated,True,,rated,parsed,rating_anchor,0.9742,0.9841,66,9592,167.772,🌟🌟🎉🎉🎉4.8 | 数码产品￥618/人 | L4,迈从 | MCHOSE 迈从 | 🌟🌟🎉🎉🎉4.8 | 数码产品￥618/人 | L4 | “服务周到贴心，品质出众靠谱 | 万,ocr/input_videos\上海__五角场合生汇__20260824.mp4
OBS-000957,五角场合生汇,H'S,H'S,服装,4.0,,L2,rated,True,,rated,parsed,rating_anchor,0.9294,0.9744,64,9625,168.349,⭐⭐⭐4.0服装 | L2,H'S | A3 | ⭐⭐⭐4.0服装 | L2,ocr/input_videos\上海__五角场合生汇__20260824.mp4
OBS-000958,五角场合生汇,月记窑,月记窑,杂货礼品,4.8,1122,L1,rated,True,,rated,parsed,rating_anchor,0.9843,0.9966,62,9625,168.349,⭐🌟⭐🌟🌟 | L1 | 杂货礼品￥1122/人 | 4.8,月记窑 | ⭐🌟⭐🌟🌟 | L1 | 杂货礼品￥1122/人 | 4.8 | 点评榜单 | 杨浦区杂货礼品好评榜第9名 | 始于1619 | 瓷火匠心，美学体验震撼 | “,ocr/input_videos\上海__五角场合生汇__20260824.mp4
OBS-000959,五角场合生汇,initial,initial,服装,3.3,7505,L2,rated,True,,rated,parsed,rating_anchor,0.9615,0.9994,58,9625,168.349,⭐3.3服装￥7505/人 | L2,"initial | ⭐3.3服装￥7505/人 | L2 | initial | THEUNUSUALEXPERIENCE | 1 K | eireee, | ncarbrsyear | wiedi",ocr/input_videos\上海__五角场合生汇__20260824.mp4
OBS-000960,五角场合生汇,CHUU,CHUU,服饰鞋包,3.4,533,B1,rated,True,,rated,parsed,rating_anchor,0.9877,0.999,55,9625,168.349,⭐🌟🎉 | B1 | 🌟⭐ | 3.4服饰鞋包￥533/人,CHUU | ⭐🌟🎉 | B1 | 🌟⭐ | 3.4服饰鞋包￥533/人 | 店面绿绿的很新潮，衣服款式多 | ≤,ocr/input_videos\上海__五角场合生汇__20260824.mp4
OBS-000961,五角场合生汇,a blueberry,ablueberry,服饰鞋包,4.8,700,B1,rated,True,,rated,parsed,rating_anchor,0.9783,0.993,65,9625,168.349,B1 | 🌟🌟🌟🌟🌟 | 服饰鞋包￥700/人 | 4.8,a blueberry | B1 | 🌟🌟🌟🌟🌟 | 服饰鞋包￥700/人 | 4.8 | 点评榜单 | 五角场/大学路服饰鞋包热门榜第9名 | 试不完的新款，服务热心,ocr/input_videos\上海__五角场合生汇__20260824.mp4
OBS-000962,五角场合生汇,迈从,迈从,数码产品,4.8,,L4,rated,True,,rated,parsed,rating_anchor,0.9787,0.9729,67,9625,168.349,L4 | 4.8数码产品618/人,迈从 | MCHOSE 迈从 | L4 | 4.8数码产品618/人 | “服务周到贴心，品质出众靠谱,ocr/input_videos\上海__五角场合生汇__20260824.mp4
OBS-000963,五角场合生汇,月记窑,月记窑,杂货礼品,4.8,1122,L1,rated,True,,rated,parsed,rating_anchor,0.9847,0.9977,60,9669,169.119,🌈4.8 | L1 | 杂货礼品￥1122/人,月记窑 | 🌈4.8 | L1 | 杂货礼品￥1122/人 | 点评榜单 | 杨浦区杂货礼品好评榜第9名 | 始于1619 | 瓷火匠心，美学体验震撼,ocr/input_videos\上海__五角场合生汇__20260824.mp4
OBS-000964,五角场合生汇,initial,initial,服装,3.3,7505,L2,rated,True,,rated,parsed,rating_anchor,0.9759,0.9995,51,9669,169.119,3.3服装￥7505/人 | L2,initial | 3.3服装￥7505/人 | L2 | initial | TIHEUNUSUALEXPERIENCI | 1i | a1,ocr/input_videos\上海__五角场合生汇__20260824.mp4
OBS-000965,五角场合生汇,CHUU,CHUU,服饰鞋包,3.4,533,B1,rated,True,,rated,parsed,rating_anchor,0.9775,0.9989,54,9669,169.119,3.4服饰鞋包￥533/人 | ⭐🌟⭐ | B1,CHUU | 3.4服饰鞋包￥533/人 | ⭐🌟⭐ | B1 | 店绿绿的很新潮，衣服款式多” | （,ocr/input_videos\上海__五角场合生汇__20260824.mp4
OBS-000966,五角场合生汇,a blueberry,ablueberry,服饰鞋包,4.8,700,B1,rated,True,,rated,parsed,rating_anchor,0.9773,0.9877,64,9669,169.119,⭐🌟⭐⭐🌟 | B1 | 服饰鞋包￥700/人 | 4.8,a blueberry | ⭐🌟⭐⭐🌟 | B1 | 服饰鞋包￥700/人 | 4.8 | 点评榜单 | 五角场/大学路服饰鞋包热门榜第9名 | 试不完的新款，服务热心 | 3,ocr/input_videos\上海__五角场合生汇__20260824.mp4
OBS-000967,五角场合生汇,迈从,迈从,数码产品,4.8,,L4,rated,True,,rated,parsed,rating_anchor,0.9797,0.9856,66,9669,169.119,L4 | 4.8数码产品618/人,迈从 | MCHOSE 迈从 | L4 | 4.8数码产品618/人 | “服务周到贴心，品质出众靠谱,ocr/input_videos\上海__五角场合生汇__20260824.mp4
OBS-000968,五角场合生汇,泰普尔TEMPUR床垫,泰普尔TEMPUR床垫,成品家具,3.9,,L3,rated,True,,rated,parsed,rating_anchor,0.9517,0.9965,55,9669,169.119,⭐3.9成品家具 | L3,泰普尔TEMPUR床垫 | 35 | TEMPUR | ⭐3.9成品家具 | L3 | 零压力太空材质，枕头超舒适 | 泰普尔枕头节 | ￥79￥210泰普尔枕头保护套枕套(千. | 惠 | 市 | 卡金类 | 2100,ocr/input_videos\上海__五角场合生汇__20260824.mp4
OBS-000969,五角场合生汇,initial,initial,服装,3.3,7505,L2,rated,True,,rated,parsed,rating_anchor,0.9848,0.9995,57,9713,169.888,3.3服装￥7505/人 | L2,initial | 3.3服装￥7505/人 | L2 | initial | THEUNUSUALEXPERIENCE,ocr/input_videos\上海__五角场合生汇__20260824.mp4
OBS-000970,五角场合生汇,CHUU,CHUU,服饰鞋包,3.4,533,B1,rated,True,,rated,parsed,rating_anchor,0.9823,0.9992,50,9713,169.888,🌟🌟🎉 | 3.4服饰鞋包￥533/人 | B1 | ★★,CHUU | 🌟🌟🎉 | 3.4服饰鞋包￥533/人 | B1 | ★★ | 店面绿绿的很新潮，衣服款式多”,ocr/input_videos\上海__五角场合生汇__20260824.mp4
OBS-000971,五角场合生汇,a blueberry,ablueberry,服饰鞋包,,700,B1,unknown,True,,ocr_missing,parsed,metadata_anchor,0.9787,0.9945,63,9713,169.888,★🌟★★🌟 | B1 | 服饰鞋包￥700/人 | 14.8,a blueberry | ★🌟★★🌟 | B1 | 服饰鞋包￥700/人 | 14.8 | 点评榜单 | 五角场/大学路服饰鞋包热门榜第9名 | 试不完的新款，服务热心 | 33,ocr/input_videos\上海__五角场合生汇__20260824.mp4
OBS-000972,五角场合生汇,迈从,迈从,数码产品,4.8,618,L4,rated,True,,rated,parsed,rating_anchor,0.9806,0.9979,60,9713,169.888,🌟4.8 | L4 | 数码产品￥618/人,迈从 | MCHOSE 迈从 | 🌟4.8 | L4 | 数码产品￥618/人 | 服务周到贴心，品质出众靠谱,ocr/input_videos\上海__五角场合生汇__20260824.mp4
OBS-000973,五角场合生汇,泰普尔TEMPUR床垫,泰普尔TEMPUR床垫,成品家具,3.9,,L3,rated,True,,rated,parsed,rating_anchor,0.9244,0.9973,54,9713,169.888,⭐⭐⭐3.9成品家具 | L3,泰普尔TEMPUR床垫 | TEMPUR | 35 | ⭐⭐⭐3.9成品家具 | L3 | 零压力太空材质，枕头超舒适 | “ | 泰蓄尔枕实证 | ￥79￥210泰普尔枕头保护套枕套（千... | 惠 | ￥9.9￥100代金券 | 惠,ocr/input_videos\上海__五角场合生汇__20260824.mp4
OBS-000974,五角场合生汇,迈从,迈从,数码产品,4.8,618,L4,rated,True,,rated,parsed,rating_anchor,0.9758,0.9884,57,9768,170.85,🌟🌟★🌟4.8 | L4 | 数码产品￥618/人,迈从 | MCHOSE 迈从 | 🌟🌟★🌟4.8 | L4 | 数码产品￥618/人 | 服务周到贴心，品质出众靠谱 | 4,ocr/input_videos\上海__五角场合生汇__20260824.mp4
OBS-000975,五角场合生汇,泰普尔TEMPUR床垫,泰普尔TEMPUR床垫,成品家具,3.9,,L3,rated,True,,rated,parsed,rating_anchor,0.9986,0.9981,51,9768,170.85,🌟3.9 | 成品家具 | L3,泰普尔TEMPUR床垫 | 35 | TEMPUR | 🌟3.9 | 成品家具 | L3 | 零压力太空材质，枕头超舒适 | 套音尔枕头市 | ￥79￥210泰普尔枕头保护套枕套(千... | 惠 | ￥9.9￥100代金券 | 惠,ocr/input_videos\上海__五角场合生汇__20260824.mp4
OBS-000976,五角场合生汇,JNBY,JNBY,服饰鞋包,3.7,,L2,rated,True,,rated,parsed,rating_anchor,0.999,0.999,51,9768,170.85,🌟⭐🌟⭐3.7 | L2 | 服饰鞋包,JNBY | 🌟⭐🌟⭐3.7 | L2 | 服饰鞋包 | JNBY | 环境时尚设计感强，柜姐推荐款式热情 | 《,ocr/input_videos\上海__五角场合生汇__20260824.mp4
OBS-000977,五角场合生汇,TREK&TRAVEL,TREK&TRAVEL,服装,3.4,769,L1,rated,True,,rated,parsed,rating_anchor,0.9731,0.9947,47,9768,170.85,3.4服装￥769/人 | L1,TREK&TRAVEL | 3.4服装￥769/人 | L1 | 暂停营业,ocr/input_videos\上海__五角场合生汇__20260824.mp4
OBS-000978,五角场合生汇,Abercrombie & Fitch,Abercrombie&Fitch,服饰鞋包,4.6,765,L1,rated,True,,rated,parsed,rating_anchor,0.9783,0.9571,48,9768,170.85,🌟🌟🌟🌟🌟 | L1 | 服饰鞋包 | ￥765/人 | 4.6,Abercrombie & Fitch | 🌟🌟🌟🌟🌟 | L1 | 服饰鞋包 | ￥765/人 | 4.6 | 点评榜单 | 五角场/大学路服饰鞋包热门榜第10名 | D | 古龙水香水味，卫衣超柔软舒适 | “ | 5,ocr/input_videos\上海__五角场合生汇__20260824.mp4
OBS-000979,五角场合生汇,AIGLE,AIGLE,服装,3.4,1649,L1,rated,True,,rated,parsed,rating_anchor,0.9542,0.9949,50,9768,170.85,★3.4服装￥1649/人 | L1,AIGLE | ★3.4服装￥1649/人 | L1,ocr/input_videos\上海__五角场合生汇__20260824.mp4
OBS-000980,五角场合生汇,泰普尔TEMPUR床垫,泰普尔TEMPUR床垫,成品家具,3.9,,L3,rated,True,,rated,parsed,rating_anchor,0.935,0.9959,54,9801,171.428,⭐⭐3.9成品家具 | L3,泰普尔TEMPUR床垫 | 35 | TEMPUR | ⭐⭐3.9成品家具 | L3 | 零压力太空材质，枕头超舒适 | “ | 套普尔机头市 | ￥79￥210泰普尔枕头保护套枕套（千.. | 惠 | ￥9.9￥100代金券 | 惠,ocr/input_videos\上海__五角场合生汇__20260824.mp4
OBS-000981,五角场合生汇,JNBY,JNBY,服饰鞋包,3.7,,L2,rated,True,,rated,parsed,rating_anchor,0.9545,0.999,55,9801,171.428,⭐3.7服饰鞋包 | L2,JNBY | ⭐3.7服饰鞋包 | L2 | JNBY | “环境时尚设计感强，柜姐推荐款式热情 | 9,ocr/input_videos\上海__五角场合生汇__20260824.mp4
OBS-000982,五角场合生汇,TREK&TRAVEL,TREK&TRAVEL,服装,3.4,769,L1,rated,True,,rated,parsed,rating_anchor,0.9645,0.995,48,9801,171.428,L1 | 🌟🌟⭐ | ★3.4服装￥769/人,TREK&TRAVEL | L1 | 🌟🌟⭐ | ★3.4服装￥769/人 | 暂停营业,ocr/input_videos\上海__五角场合生汇__20260824.mp4
OBS-000983,五角场合生汇,Abercrombie & Fitch,Abercrombie&Fitch,服饰鞋包,4.6,765,L1,rated,True,,rated,parsed,rating_anchor,0.9758,0.9815,51,9801,171.428,🌟🌟⭐⭐🌟 | 服饰鞋包￥765/人 | L1 | 4.6,Abercrombie & Fitch | 🌟🌟⭐⭐🌟 | 服饰鞋包￥765/人 | L1 | 4.6 | 六 | 点评榜单 | 五角场/大学路服饰鞋包热门榜第10名 | 古龙水香水味，卫衣超柔软舒适 | “,ocr/input_videos\上海__五角场合生汇__20260824.mp4
OBS-000984,五角场合生汇,AIGLE,AIGLE,服装,3.4,1649,L1,rated,True,,rated,parsed,rating_anchor,0.9836,0.9946,53,9801,171.428,🌟🌟🌟⭐🌟 | L1 | 3.4服装￥1649/人,AIGLE | 🌟🌟🌟⭐🌟 | L1 | 3.4服装￥1649/人 | 环境宽敬明亮，单品陈列有序”,ocr/input_videos\上海__五角场合生汇__20260824.mp4
OBS-000985,五角场合生汇,福福贴贴,福福贴贴,杂货礼品,4.0,,L1,rated,True,,rated,parsed,rating_anchor,0.9984,0.9993,56,9801,171.428,🌟🌟🌟🌟 | 4.0杂货礼品 | L1,福福贴贴 | 🌟🌟🌟🌟 | 4.0杂货礼品 | L1 | 证,ocr/input_videos\上海__五角场合生汇__20260824.mp4
OBS-000986,五角场合生汇,泰普尔TEMPUR床垫,泰普尔TEMPUR床垫,成品家具,3.9,,L3,rated,True,,rated,parsed,rating_anchor,0.9417,0.9968,57,9823,171.812,⭐⭐⭐⭐3.9成品家具 | L3,泰普尔TEMPUR床垫 | 35 | TENPUR | ⭐⭐⭐⭐3.9成品家具 | L3 | 零压力太空材质，枕头超舒适 | “ | 泰高尔材买市 | ￥79￥210泰普尔枕头保护套枕套（千. | 惠 | ￥9.9￥100代金券 | 惠,ocr/input_videos\上海__五角场合生汇__20260824.mp4
OBS-000987,五角场合生汇,JNBY,JNBY,服饰鞋包,3.7,,L2,rated,True,,rated,parsed,rating_anchor,0.9588,0.9988,54,9823,171.812,⭐3.7 服饰鞋包 | L2,JNBY | ⭐3.7 服饰鞋包 | L2 | JNBY | 环境时尚设计感强，柜姐推荐款式热情,ocr/input_videos\上海__五角场合生汇__20260824.mp4
OBS-000988,五角场合生汇,TREK&TRAVEL,TREK&TRAVEL,服装,3.4,769,L1,rated,True,,rated,parsed,rating_anchor,0.9764,0.9964,46,9823,171.812,3.4服装￥769/人 | L1,TREK&TRAVEL | 3.4服装￥769/人 | L1 | 暂停营业,ocr/input_videos\上海__五角场合生汇__20260824.mp4
OBS-000989,五角场合生汇,Abercrombie & Fitch,Abercrombie&Fitch,服饰鞋包,4.6,765,L1,rated,True,,rated,parsed,rating_anchor,0.9784,0.9872,50,9823,171.812,⭐🌟⭐⭐🌟4.6 | L1 | 服饰鞋包￥765/人,Abercrombie & Fitch | ⭐🌟⭐⭐🌟4.6 | L1 | 服饰鞋包￥765/人 | 点评榜单 | 五角场/大学路服饰鞋包热门榜第10名 | 古龙水香水味，卫衣超柔软舒适 | 55,ocr/input_videos\上海__五角场合生汇__20260824.mp4
OBS-000990,五角场合生汇,AIGLE,AIGLE,服装,3.4,1649,L1,rated,True,,rated,parsed,rating_anchor,0.9833,0.995,51,9823,171.812,🌟 | 3.4服装￥1649/人 | L1 | ⭐⭐,AIGLE | 🌟 | 3.4服装￥1649/人 | L1 | ⭐⭐ | -A | “环境宽敞明亮，单品陈列有序,ocr/input_videos\上海__五角场合生汇__20260824.mp4
OBS-000991,五角场合生汇,福福贴贴,福福贴贴,杂货礼品,4.0,,L1,rated,True,,rated,parsed,rating_anchor,0.9975,0.9987,57,9823,171.812,🌟🌟🌟🌟 | L1 | 4.0杂货礼品 | ★,福福贴贴 | 🌟🌟🌟🌟 | L1 | 4.0杂货礼品 | ★,ocr/input_videos\上海__五角场合生汇__20260824.mp4
OBS-000992,五角场合生汇,Abercrombie & Fitch,Abercrombie&Fitch,服饰鞋包,4.6,765,L1,rated,True,,rated,parsed,rating_anchor,0.9709,0.9819,50,9900,173.159,🌟🌟🌟🌟🌟 | 服饰鞋包￥765/人 | L1 | 4.6,Abercrombie & Fitch | 🌟🌟🌟🌟🌟 | 服饰鞋包￥765/人 | L1 | 4.6 | 六 | 点评榜单 | 五角场/大学路服饰鞋包热门榜第10名 | 古龙水香水味，卫衣超柔软舒适 | K,ocr/input_videos\上海__五角场合生汇__20260824.mp4
OBS-000993,五角场合生汇,AIGLE,AIGLE,服装,3.4,1649,L1,rated,True,,rated,parsed,rating_anchor,0.9835,0.9952,54,9900,173.159,★★ | 🌟🌟⭐ | 3.4服装￥1649/人 | L1,AIGLE | ★★ | 🌟🌟⭐ | 3.4服装￥1649/人 | L1 | 环境宽敬明亮，单品陈列有序,ocr/input_videos\上海__五角场合生汇__20260824.mp4
OBS-000994,五角场合生汇,福福贴贴,福福贴贴,杂货礼品,4.0,,L1,rated,True,,rated,parsed,rating_anchor,0.9983,0.9987,60,9900,173.159,🌟🌟💥🎉 | 杂货礼品 | L1 | 4.0,福福贴贴 | 🌟🌟💥🎉 | 杂货礼品 | L1 | 4.0 | 迎 | 福 | 福 | 吃 | 2ao0a | Pea | CeaCa,ocr/input_videos\上海__五角场合生汇__20260824.mp4
OBS-000995,五角场合生汇,allbirds,allbirds,服饰鞋包,4.6,,L1,rated,True,,rated,parsed,rating_anchor,0.9814,0.9976,56,9900,173.159,4.6服饰鞋包627/人 | L1,allbinds | allbirds | 4.6服饰鞋包627/人 | L1,ocr/input_videos\上海__五角场合生汇__20260824.mp4
OBS-000996,五角场合生汇,LAVANDE宇微花艺,LAVANDE宇微花艺,花店,,147,B1,unknown,True,,ocr_missing,parsed,metadata_anchor,0.9672,0.9983,54,9900,173.159,⭐🌟🌟🌟🌟 | 花店￥147/人 | B1 | 14.8,ANDE | LAVANDE宇微花艺 | ee手做 | ⭐🌟🌟🌟🌟 | 花店￥147/人 | B1 | 14.8 | 点评榜单 | 五角场/大学路植物花卉热门榜第8名 | 包花体验治愈，店员服务贴心 | ≤,ocr/input_videos\上海__五角场合生汇__20260824.mp4
OBS-000997,五角场合生汇,VIZA VIZA,VIZAVIZA,服装,3.5,,L3,rated,True,,rated,parsed,rating_anchor,0.986,0.9723,49,9900,173.159,服装 | 🌟🌟🌟🌟🌟 | L3 | 3.5,VIZAVIZA | VIZA VIZA | 服装 | 🌟🌟🌟🌟🌟 | L3 | 3.5,ocr/input_videos\上海__五角场合生汇__20260824.mp4
OBS-000998,五角场合生汇,AIGLE,AIGLE,服装,3.4,1649,L1,rated,True,,rated,parsed,rating_anchor,0.9838,0.9958,51,9922,173.544,⭐🌟⭐ | 3.4服装￥1649/人 | L1 | ★★,AIGLE | ⭐🌟⭐ | 3.4服装￥1649/人 | L1 | ★★ | “环境宽敞明亮，单品陈列有序,ocr/input_videos\上海__五角场合生汇__20260824.mp4
OBS-000999,五角场合生汇,福福贴贴,福福贴贴,杂货礼品,4.0,,L1,rated,True,,rated,parsed,rating_anchor,0.9974,0.9986,59,9922,173.544,4.0杂货礼品 | 🌟🌟🌟🎉 | L1 | ★,福福贴贴 | 4.0杂货礼品 | 🌟🌟🌟🎉 | L1 | ★ | 亮 | C01e | □中00,ocr/input_videos\上海__五角场合生汇__20260824.mp4
OBS-001000,五角场合生汇,allbirds,allbirds,服饰鞋包,4.6,627,L1,rated,True,,rated,parsed,rating_anchor,0.9808,0.9967,50,9922,173.544,🌟🌟🌟🌟🌟 | L1 | 服饰鞋包￥627/人 | 4.6,allbinds | allbirds | 🌟🌟🌟🌟🌟 | L1 | 服饰鞋包￥627/人 | 4.6,ocr/input_videos\上海__五角场合生汇__20260824.mp4
OBS-001001,五角场合生汇,LAVANDE宇微花艺,LAVANDE宇微花艺,花店,4.8,147,B1,rated,True,,rated,parsed,rating_anchor,0.9582,0.9987,54,9922,173.544,⭐⭐4.8花店 | ￥147/人 | B1,LAVANDE宇微花艺 | DE | FeFeleW手做 | ⭐⭐4.8花店 | ￥147/人 | B1 | 点评榜单 | 五角场/大学路植物花卉热门榜第8名 | 包花体验治愈，店员服务贴心 | 2,ocr/input_videos\上海__五角场合生汇__20260824.mp4
OBS-001002,五角场合生汇,VIZA VIZA,VIZAVIZA,服装,3.5,,L3,rated,True,,rated,parsed,rating_anchor,0.9822,0.9648,48,9922,173.544,★🌟3.5 | 服装 | L3,VIZA VIZA | ★🌟3.5 | 服装 | L3,ocr/input_videos\上海__五角场合生汇__20260824.mp4
OBS-001003,五角场合生汇,雪中飞,雪中飞,服饰鞋包,4.1,57,L3,rated,True,,rated,parsed,rating_anchor,0.9877,0.9997,57,9922,173.544,🌟🌟🌟🎉 | 4.1服饰鞋包￥57/人 | L3 | ★,雪中飞 | 🌟🌟🌟🎉 | 4.1服饰鞋包￥57/人 | L3 | 雪中飞 | ★ | SNIOWFLYINIG,ocr/input_videos\上海__五角场合生汇__20260824.mp4
OBS-001004,五角场合生汇,AIGLE,AIGLE,服装,3.4,1649,L1,rated,True,,rated,parsed,rating_anchor,0.9852,0.9965,54,9955,174.121,3.4服装￥1649/人 | 🌟🌟🌟 | ★⭐ | L1,AIGLE | 3.4服装￥1649/人 | 🌟🌟🌟 | ★⭐ | L1 | 环境宽敬明亮，单品陈列有序,ocr/input_videos\上海__五角场合生汇__20260824.mp4
OBS-001005,五角场合生汇,福福贴贴,福福贴贴,杂货礼品,4.0,,L1,rated,True,,rated,parsed,rating_anchor,0.9958,0.9946,63,9955,174.121,🌟🌟🌟⭐⭐ | 杂货礼品 | L1 | 4.0,福福贴贴 | 🌟🌟🌟⭐⭐ | 杂货礼品 | L1 | 4.0 | 彩 | 0000 | P-e | Co0aa,ocr/input_videos\上海__五角场合生汇__20260824.mp4
OBS-001006,五角场合生汇,allbirds,allbirds,服饰鞋包,4.6,627,L1,rated,True,,rated,parsed,rating_anchor,0.9818,0.9958,50,9955,174.121,🌟🌟🌟 | L1 | 服饰鞋包￥627/人 | 4.6,allbinds | allbirds | 🌟🌟🌟 | L1 | 服饰鞋包￥627/人 | 4.6,ocr/input_videos\上海__五角场合生汇__20260824.mp4
OBS-001007,五角场合生汇,LAVANDE宇微花艺,LAVANDE宇微花艺,花店,4.8,147,B1,rated,True,,rated,parsed,rating_anchor,0.9988,0.9987,54,9955,174.121,⭐4.8 | ￥147/人 | B1 | 花店,LAVANDE宇微花艺 | VDE | vefade y做 | ⭐4.8 | ￥147/人 | B1 | 花店 | 点评榜单 | 五角场/大学路植物花卉热门榜第8名 | 包花体验治愈，店员服务贴心 | 3 | “,ocr/input_videos\上海__五角场合生汇__20260824.mp4
OBS-001008,五角场合生汇,VIZA VIZA,VIZAVIZA,服装,3.5,,L3,rated,True,,rated,parsed,rating_anchor,0.9838,0.968,49,9955,174.121,🌟🌟🌟🌟🌟 | 服装 | L3 | 3.5,VIZAVIZAA | VIZA VIZA | 🌟🌟🌟🌟🌟 | 服装 | L3 | 3.5,ocr/input_videos\上海__五角场合生汇__20260824.mp4
OBS-001009,五角场合生汇,雪中飞,雪中飞,服饰鞋包,4.1,57,L3,rated,True,,rated,parsed,rating_anchor,0.985,0.9998,61,9955,174.121,⭐🌟⭐⭐🌟 | 4.1服饰鞋包￥57/人 | L3,雪中飞 | ⭐🌟⭐⭐🌟 | 4.1服饰鞋包￥57/人 | L3 | 雪中飞 | SNIOW/FLYINIG,ocr/input_videos\上海__五角场合生汇__20260824.mp4
OBS-001010,五角场合生汇,福福贴贴,福福贴贴,杂货礼品,4.0,,L1,rated,True,,rated,parsed,rating_anchor,0.9937,0.9992,56,10010,175.083,杂货礼品 | L1 | ⭐🌟⭐⭐ | 4.0 | ★,福福贴贴 | 杂货礼品 | L1 | ⭐🌟⭐⭐ | 4.0 | ★ | 彩 | 000 | --0 | C0□a0,ocr/input_videos\上海__五角场合生汇__20260824.mp4
OBS-001011,五角场合生汇,allbirds,allbirds,服饰鞋包,4.6,627,L1,rated,True,,rated,parsed,rating_anchor,0.9834,0.999,53,10010,175.083,⭐🌟⭐🌟🌟 | 服饰鞋包￥627/人 | L1 | 4.6,allbinds | allbirds | ⭐🌟⭐🌟🌟 | 服饰鞋包￥627/人 | L1 | 4.6,ocr/input_videos\上海__五角场合生汇__20260824.mp4
OBS-001012,五角场合生汇,LAVANDE宇微花艺,LAVANDE宇微花艺,花店,4.8,147,B1,rated,True,,rated,parsed,rating_anchor,0.9974,0.998,56,10010,175.083,⭐🌟🌟🌟🌟 | B1 | ￥147/人 | 花店 | 4.8,LAVANDE宇微花艺 | Lvar2s手做 | ⭐🌟🌟🌟🌟 | B1 | ￥147/人 | 花店 | 4.8 | 点评榜单 | 五角场/大学路植物花卉热门榜第8名 | 包花体验治愈，店员服务贴心 | 2,ocr/input_videos\上海__五角场合生汇__20260824.mp4
OBS-001013,五角场合生汇,VIZA VIZA,VIZAVIZA,服装,3.5,,L3,rated,True,,rated,parsed,rating_anchor,0.9806,0.9614,52,10010,175.083,服装 | 🌟🌟🌟🌟⭐ | L3 | 3.5,VIZAVIZA | VIZA VIZA | 服装 | 🌟🌟🌟🌟⭐ | L3 | 3.5,ocr/input_videos\上海__五角场合生汇__20260824.mp4
OBS-001014,五角场合生汇,雪中飞,雪中飞,服饰鞋包,4.1,57,L3,rated,True,,rated,parsed,rating_anchor,0.9869,0.9997,58,10010,175.083,🌟🌟🌟⭐🌟 | L3 | 4.1服饰鞋包￥57/人,雪中飞 | 🌟🌟🌟⭐🌟 | L3 | 4.1服饰鞋包￥57/人 | 雪中飞 | SNIOWFLYINIG,ocr/input_videos\上海__五角场合生汇__20260824.mp4
OBS-001015,五角场合生汇,AAPE,AAPE,服装,4.1,895,B1,rated,True,,rated,parsed,rating_anchor,0.9757,0.9958,54,10010,175.083,⭐🌟⭐⭐ | B1 | 4.1 | 服装￥895/人,AAPE | ⭐🌟⭐⭐ | B1 | 4.1 | 服装￥895/人 | Aape | 点评榜单 | ? | 五角场/大学路服装热门榜第6名 | BF'A BATHNS APEO | 心 | 卡通猿头标记显眼，街头文化风格,ocr/input_videos\上海__五角场合生汇__20260824.mp4
OBS-001016,五角场合生汇,allbirds,allbirds,服饰鞋包,4.6,627,L1,rated,True,,rated,parsed,rating_anchor,0.9565,0.9962,59,10054,175.853,L1 | ⭐4.6服饰鞋包￥627/人,allbinds | allbirds | L1 | ⭐4.6服饰鞋包￥627/人,ocr/input_videos\上海__五角场合生汇__20260824.mp4
OBS-001017,五角场合生汇,LAVANDE宇微花艺,LAVANDE宇微花艺,花店,4.8,147,B1,rated,True,,rated,parsed,rating_anchor,0.9987,0.9979,58,10054,175.853,B1 | ⭐🌟🎉🎉🎉4.8 | 花店 | ￥147/人,LAVANDE宇微花艺 | 72128手做 | B1 | ⭐🌟🎉🎉🎉4.8 | 花店 | ￥147/人 | 点评榜单 | 五角场/大学路植物花卉热门榜第8名 | 包花体验治愈，店员服务贴心,ocr/input_videos\上海__五角场合生汇__20260824.mp4
OBS-001018,五角场合生汇,VIZA VIZA,VIZAVIZA,服装,3.5,,L3,rated,True,,rated,parsed,rating_anchor,0.881,0.9621,52,10054,175.853,⭐⭐⭐3.5服装 | L3,VIZAVIZAAA | VIZA VIZA | ⭐⭐⭐3.5服装 | L3,ocr/input_videos\上海__五角场合生汇__20260824.mp4
OBS-001019,五角场合生汇,雪中飞,雪中飞,服饰鞋包,4.1,57,L3,rated,True,,rated,parsed,rating_anchor,0.9876,0.9997,64,10054,175.853,🌟🌟🌟⭐🌟 | L3 | 4.1服饰鞋包￥57/人,雪中飞 | 🌟🌟🌟⭐🌟 | L3 | 4.1服饰鞋包￥57/人 | 雪中飞 | SNIOWFLYINIG,ocr/input_videos\上海__五角场合生汇__20260824.mp4
OBS-001020,五角场合生汇,AAPE,AAPE,服装,4.1,895,B1,rated,True,,rated,parsed,rating_anchor,0.9779,0.9932,57,10054,175.853,🌟🌟🌟🎉 | B1 | 4.1服装￥895/人,AAPE | 🌟🌟🌟🎉 | B1 | 4.1服装￥895/人 | Aape | @ | 点评榜单 | 五角场/大学路服装热门榜第6名 | BEA BATHING APEO | 卡通猿头标记显眼，街头文化风格 | 2 | 三星授权体验店,ocr/input_videos\上海__五角场合生汇__20260824.mp4
OBS-001021,五角场合生汇,LAVANDE宇微花艺,LAVANDE宇微花艺,花店,4.8,147,B1,rated,True,,rated,parsed,rating_anchor,0.9673,0.9984,54,10098,176.622,🌟4.8 | B1 | 花店￥147/人,LAVANDE宇微花艺 | NDE | pepeey手做 | 🌟4.8 | B1 | 花店￥147/人 | 点评榜单 | 五角场/大学路植物花卉热门榜第8名 | 包花体验治愈，店员服务贴心” | K,ocr/input_videos\上海__五角场合生汇__20260824.mp4
OBS-001022,五角场合生汇,VIZA VIZA,VIZAVIZA,服装,3.5,,L3,rated,True,,rated,parsed,rating_anchor,0.9001,0.9739,52,10098,176.622,⭐⭐⭐⭐3.5服装 | L3,VIZAVIZA | VIZA VIZA | ⭐⭐⭐⭐3.5服装 | L3,ocr/input_videos\上海__五角场合生汇__20260824.mp4
OBS-001023,五角场合生汇,雪中飞,雪中飞,服饰鞋包,4.1,57,L3,rated,True,,rated,parsed,rating_anchor,0.9859,0.9997,59,10098,176.622,🌟🌟🌟⭐🌟 | L3 | 4.1服饰鞋包￥57/人,雪中飞 | 🌟🌟🌟⭐🌟 | L3 | 雪中飞 | 4.1服饰鞋包￥57/人 | SNIOWFLYINIG,ocr/input_videos\上海__五角场合生汇__20260824.mp4
OBS-001024,五角场合生汇,AAPE,AAPE,服装,4.1,895,B1,rated,True,,rated,parsed,rating_anchor,0.9615,0.9943,55,10098,176.622,🌟🌟🌟🌟 | B1 | 4.1服装￥895/人,AAPE | 🌟🌟🌟🌟 | B1 | 4.1服装￥895/人 | Aape | 点评榜单 | 0 | 五角场/大学路服装热门榜第6名 | BEABATENS APEO | 卡通猿头标记显眼，街头文化风格 | 心 | 3,ocr/input_videos\上海__五角场合生汇__20260824.mp4
OBS-001025,五角场合生汇,三星授权体验店,三星授权体验店,数码产品,4.8,9506,L4,rated,True,,rated,parsed,rating_anchor,0.981,0.9997,55,10098,176.622,🌟★★4.8 | 数码产品￥9506/人 | L4,三星授权体验店 | CaaxyZ FoicaUtraFokas | CoampA | 🌟★★4.8 | 数码产品￥9506/人 | L4 | 店员耐心热情，拍照功能和屏幕显示超赞 | C | ￥2499￥2499三星Watch9新品智能... | 惠,ocr/input_videos\上海__五角场合生汇__20260824.mp4
OBS-001026,五角场合生汇,Levi's,Levi's,服饰鞋包,3.9,1211,L2,rated,True,,rated,parsed,rating_anchor,0.9788,0.9968,61,10098,176.622,3.9服饰鞋包￥1211/人 | L2,Levi's | 3.9服饰鞋包￥1211/人 | L2,ocr/input_videos\上海__五角场合生汇__20260824.mp4
OBS-001027,五角场合生汇,AAPE,AAPE,服装,4.1,895,B1,rated,True,,rated,parsed,rating_anchor,0.9843,0.9952,54,10142,177.392,🌟🌟⭐🌟 | B1 | 4.1服装￥895/人,"AAPE | 🌟🌟⭐🌟 | B1 | 4.1服装￥895/人 | Aape | 点评榜单 | 五角场/大学路服装热门榜第6名 | BP""ABATHNE APEO | 卡通猿头标记显眼，街头文化风格 | “ | 2",ocr/input_videos\上海__五角场合生汇__20260824.mp4
OBS-001028,五角场合生汇,三星授权体验店,三星授权体验店,数码产品,4.8,9506,L4,rated,True,,rated,parsed,rating_anchor,0.9798,0.9998,62,10142,177.392,数码产品￥9506/人 | L4 | 🌟🌟🎉🎉⭐4.8,三星授权体验店 | GdiaxyZFolcUtra|FoldB | Cdiamyk | 数码产品￥9506/人 | L4 | 🌟🌟🎉🎉⭐4.8 | 店员耐心热情，拍照功能和屏幕显示超赞 | 1 | ￥2499￥2499三星Watch9 新品智能... | 惠,ocr/input_videos\上海__五角场合生汇__20260824.mp4
OBS-001029,五角场合生汇,Levi's,Levi's,服饰鞋包,3.9,1211,L2,rated,True,,rated,parsed,rating_anchor,0.9695,0.9971,61,10142,177.392,3.9服饰鞋包￥1211/人 | L2,Levi's | 3.9服饰鞋包￥1211/人 | L2 | Levi's,ocr/input_videos\上海__五角场合生汇__20260824.mp4
OBS-001030,五角场合生汇,STENDERS,STENDERS,化妆品,3.4,651,L1,rated,True,,rated,parsed,rating_anchor,0.9732,0.9984,48,10142,177.392,🌟🌟🌟 | 化妆品￥651/人 | L1 | ★★ | 3.4,STENDERS | 🌟🌟🌟 | 化妆品￥651/人 | L1 | ★★ | 3.4 | STENDERS | “泡泡球超好看，手部护理超级舒服”,ocr/input_videos\上海__五角场合生汇__20260824.mp4
OBS-001031,五角场合生汇,tnt,tnt,杂货礼品,3.5,,B2,rated,True,,rated,parsed,rating_anchor,0.9943,0.999,55,10142,177.392,3.5杂货礼品 | B2,tnt | 1 | 3.5杂货礼品 | B2,ocr/input_videos\上海__五角场合生汇__20260824.mp4
OBS-001032,五角场合生汇,TheGreenParty,TheGreenParty,杂货礼品,4.9,82,B2,rated,True,,rated,parsed,rating_anchor,0.997,0.9994,64,10142,177.392,B2 | ★★★★★ | 杂货礼品 | ￥82/人 | 4.9,TheGreenParty | B2 | ★★★★★ | 杂货礼品 | ￥82/人 | 4.9 | 点评榜单 | 杨浦区杂货礼品好评榜第1名,ocr/input_videos\上海__五角场合生汇__20260824.mp4
OBS-001033,五角场合生汇,AAPE,AAPE,服装,4.1,895,B1,rated,True,,rated,parsed,rating_anchor,0.9793,0.9946,54,10175,177.969,B1 | 🌟🌟⭐🌟 | 4.1服装￥895/人 | ★,"AAPE | B1 | 🌟🌟⭐🌟 | 4.1服装￥895/人 | ★ | 点评榜单 | Aape | 五角场/大学路服装热门榜第6名 | 0 | BP""ABATNENG APEO | 心 | 卡通猿头标记显眼，街头文化风格",ocr/input_videos\上海__五角场合生汇__20260824.mp4
OBS-001034,五角场合生汇,三星授权体验店,三星授权体验店,数码产品,4.8,9506,L4,rated,True,,rated,parsed,rating_anchor,0.983,0.9998,52,10175,177.969,⭐🌟4.8 | 数码产品￥9506/人 | L4,三星授权体验店 | CdaxyZFocUra|Fod5 | Coemyk | ⭐🌟4.8 | 数码产品￥9506/人 | L4 | 店员耐心热情，拍照功能和屏幕显示超赞 | 3 | C | ￥2499￥2499三星Watch9新品智能.. | 惠,ocr/input_videos\上海__五角场合生汇__20260824.mp4
OBS-001035,五角场合生汇,Levi's,Levi's,服饰鞋包,3.9,1211,L2,rated,True,,rated,parsed,rating_anchor,0.986,0.997,62,10175,177.969,3.9服饰鞋包￥1211/人 | L2,Levi's | 3.9服饰鞋包￥1211/人 | L2 | Levi's,ocr/input_videos\上海__五角场合生汇__20260824.mp4
OBS-001036,五角场合生汇,STENDERS,STENDERS,化妆品,3.4,651,L1,rated,True,,rated,parsed,rating_anchor,0.9865,0.9989,47,10175,177.969,3.4化妆品￥651/人 | L1 | ⭐🌟⭐ | ★★,STENDERS | 3.4化妆品￥651/人 | L1 | ⭐🌟⭐ | ★★ | STENDERS | “泡泡球超好看，部护理超级舒服”,ocr/input_videos\上海__五角场合生汇__20260824.mp4
OBS-001037,五角场合生汇,tnt,tnt,杂货礼品,3.5,,B2,rated,True,,rated,parsed,rating_anchor,0.9948,0.9992,54,10175,177.969,3.5杂货礼品 | B2,tnt | 3.5杂货礼品 | B2,ocr/input_videos\上海__五角场合生汇__20260824.mp4
OBS-001038,五角场合生汇,TheGreenParty,TheGreenParty,杂货礼品,4.9,82,B2,rated,True,,rated,parsed,rating_anchor,0.9814,0.9996,61,10175,177.969,🌟🌟🌟🌟🌟4.9 | B2 | 杂货礼品￥82/人,TheGreenParty | 🌟🌟🌟🌟🌟4.9 | B2 | 杂货礼品￥82/人 | 2 | 点评榜单 | 杨浦区杂货礼品好评榜第1名 | 超大绿光派对，品种丰富多样,ocr/input_videos\上海__五角场合生汇__20260824.mp4
OBS-001039,五角场合生汇,STENDERS,STENDERS,化妆品,3.4,651,L1,rated,True,,rated,parsed,rating_anchor,0.9744,0.9987,49,10230,178.931,★★★★ | 化妆品￥651/人 | L1 | 3.4,STENDERS | ★★★★ | 化妆品￥651/人 | L1 | 3.4 | STENDERS | 泡泡球超好看，手部护理超级舒服”,ocr/input_videos\上海__五角场合生汇__20260824.mp4
OBS-001040,五角场合生汇,tnt,tnt,杂货礼品,3.5,,B2,rated,True,,rated,parsed,rating_anchor,0.9929,0.9985,59,10230,178.931,3.5杂货礼品 | B2,tnt | 1 | 3.5杂货礼品 | B2,ocr/input_videos\上海__五角场合生汇__20260824.mp4
OBS-001041,五角场合生汇,TheGreenParty,TheGreenParty,杂货礼品,4.9,82,B2,rated,True,,rated,parsed,rating_anchor,0.9827,0.9994,64,10230,178.931,杂货礼品￥82/人 | B2 | 🌟🌟🌟🌟🌟 | 4.9,TheGreenParty | 杂货礼品￥82/人 | B2 | 🌟🌟🌟🌟🌟 | 4.9 | 点评榜单 | 杨浦区杂货礼品好评榜第1名 | 超大绿光派对，品种丰富多样 | “,ocr/input_videos\上海__五角场合生汇__20260824.mp4
OBS-001042,五角场合生汇,n'one,n'one,服饰鞋包,3.9,,L3,rated,True,,rated,parsed,rating_anchor,0.9934,0.9873,62,10230,178.931,L3 | 🌟🌟🌟🌟🌟 | 服饰鞋包 | 3.9,n'one | n'one | L3 | 🌟🌟🌟🌟🌟 | 服饰鞋包 | 3.9 | 面料高级，设计感十 | 5,ocr/input_videos\上海__五角场合生汇__20260824.mp4
OBS-001043,五角场合生汇,THE NORTH FACE,THENORTHFACE,服饰鞋包,4.3,,B1,rated,True,,rated,parsed,rating_anchor,0.9869,0.9745,50,10230,178.931,🌟🌟🌟🌟 | B1 | 长 | 服饰鞋包 | 4.3,THE NORTH FACE | THEI | 🌟🌟🌟🌟 | B1 | 长 | 服饰鞋包 | 4.3 | NORTH | 点评榜单 | 杨浦区原创设计师店榜第5名 | FACED | 雾霾蓝高级雾面感，鹅绒填充蓬松保暖 | 3,ocr/input_videos\上海__五角场合生汇__20260824.mp4
OBS-001044,五角场合生汇,OSIM傲胜,OSIM傲胜,家用电器,3.8,,L3,rated,True,,rated,parsed,rating_anchor,0.9184,0.9933,56,10230,178.931,⭐🌟⭐⭐⭐3.8家用电器 | L3,OSIM傲胜 | ⭐🌟⭐⭐⭐3.8家用电器 | L3,ocr/input_videos\上海__五角场合生汇__20260824.mp4
OBS-001045,五角场合生汇,TheGreenParty,TheGreenParty,杂货礼品,4.9,82,B2,rated,True,,rated,parsed,rating_anchor,0.9762,0.9997,62,10263,179.508,🌟🌟🌟🌟🌟 | B2 | 杂货礼品￥82/人 | 4.9,TheGreenParty | E-ETTHEISREENRARN | 🌟🌟🌟🌟🌟 | B2 | 杂货礼品￥82/人 | 4.9 | 点评榜单 | 杨浦区杂货礼品好评榜第1名 | 超大绿光派对，品种丰富多样 | 2,ocr/input_videos\上海__五角场合生汇__20260824.mp4
OBS-001046,五角场合生汇,n'one,n'one,服饰鞋包,3.9,,L3,rated,True,,rated,parsed,rating_anchor,0.9904,0.9814,60,10263,179.508,🌟🌟🌟🌟★ | L3 | 服饰鞋包 | 3.9,n'one | n'one | 🌟🌟🌟🌟★ | L3 | 服饰鞋包 | 3.9 | 面料高级，设计感十足 | 《,ocr/input_videos\上海__五角场合生汇__20260824.mp4
OBS-001047,五角场合生汇,THE NORTH FACE,THENORTHFACE,服饰鞋包,4.3,,B1,rated,True,,rated,parsed,rating_anchor,0.9835,0.9679,47,10263,179.508,🌟🌟🌟🌟 | B1 | 服饰鞋包 | 4.3 | 1,THE NORTH FACE | 🌟🌟🌟🌟 | THEI | B1 | 服饰鞋包 | 4.3 | 1 | NORTHI | 点评榜单 | 杨浦区原创设计师店榜第5名 | FACED | 心 | 雾霾蓝高级雾面感，鹅绒填充蓬松保暖,ocr/input_videos\上海__五角场合生汇__20260824.mp4
OBS-001048,五角场合生汇,OSIM傲胜,OSIM傲胜,家用电器,3.8,,L3,rated,True,,rated,parsed,rating_anchor,0.9976,0.9953,52,10263,179.508,⭐🌟⭐🌟🌟 | L3 | 家用电器 | 3.8,OSIM傲胜 | 新a | ⭐🌟⭐🌟🌟 | L3 | 家用电器 | 3.8 | 2,ocr/input_videos\上海__五角场合生汇__20260824.mp4
OBS-001049,五角场合生汇,CONCEPT SDEER圣迪奥,CONCEPTSDEER圣迪奥,服饰鞋包,4.3,,L3,rated,True,,rated,parsed,rating_anchor,0.9764,0.9533,53,10263,179.508,🌟🌟⭐🌟 | 服饰鞋包 | L3 | 4.3 | ★,CONCEPT SDEER圣迪奥 | 🌟🌟⭐🌟 | 服饰鞋包 | L3 | 4.3 | ★ | CONOEPT/S·DEER,ocr/input_videos\上海__五角场合生汇__20260824.mp4
OBS-001050,五角场合生汇,任天堂Switch专卖店,任天堂Switch专卖店,数码...,4.5,2119,商场内,rated,True,,rated,parsed,rating_anchor,0.8579,0.9992,53,10263,179.508,⭐🌟🌟🌟🌟 | 数码... | ￥2119/人商场内 | 4.5,任天堂Switch专卖店 | 0D2 | ⭐🌟🌟🌟🌟 | 数码... | ￥2119/人商场内 | 4.5 | 游戏卡种类齐全，验机检测专业 | NINTENDO | SWITCH.,ocr/input_videos\上海__五角场合生汇__20260824.mp4
OBS-001051,五角场合生汇,TheGreenParty,TheGreenParty,杂货礼品,4.9,82,B2,rated,True,,rated,parsed,rating_anchor,0.9846,0.9996,62,10285,179.893,⭐🌟🌟🌟⭐ | B2 | 杂货礼品￥82/人 | 4.9,TheGreenParty | SREERBAN | ⭐🌟🌟🌟⭐ | B2 | 杂货礼品￥82/人 | 4.9 | 点评榜单 | 杨浦区杂货礼品好评榜第1名 | 超大绿光派对，品种丰富多样,ocr/input_videos\上海__五角场合生汇__20260824.mp4
OBS-001052,五角场合生汇,n'one,n'one,服饰鞋包,3.9,,L3,rated,True,,rated,parsed,rating_anchor,0.9915,0.9839,53,10285,179.893,⭐🌟🌟🌟🌟 | L3 | 服饰鞋包 | 3.9,n'one | n'one | ⭐🌟🌟🌟🌟 | L3 | 服饰鞋包 | 3.9 | 面料高级，设计感十足 | C,ocr/input_videos\上海__五角场合生汇__20260824.mp4
OBS-001053,五角场合生汇,THE NORTH FACE,THENORTHFACE,服饰鞋包,4.3,,B1,rated,True,,rated,parsed,rating_anchor,0.9891,0.9792,47,10285,179.893,B1 | 🌟🌟🎉 | 4.3 | 服饰鞋包,THE NORTH FACE | B1 | THEI | 🌟🌟🎉 | 4.3 | 服饰鞋包 | NORTHI | 点评榜单 | 杨浦区原创设计师店榜第5名 | FACED | 雾霾蓝高级雾面感，鹅绒填充蓬松保暖,ocr/input_videos\上海__五角场合生汇__20260824.mp4
OBS-001054,五角场合生汇,OSIM傲胜,OSIM傲胜,家用电器,3.8,,L3,rated,True,,rated,parsed,rating_anchor,0.997,0.9941,53,10285,179.893,🌟🌟🌟⭐ | 家用电器 | L3 | 3.8,OSIM傲胜 | 🌟🌟🌟⭐ | 家用电器 | L3 | 3.8,ocr/input_videos\上海__五角场合生汇__20260824.mp4
OBS-001055,五角场合生汇,CONCEPTSDEER圣迪奥,CONCEPTSDEER圣迪奥,服饰鞋包,4.3,,L3,rated,True,,rated,parsed,rating_anchor,0.9837,0.9681,51,10285,179.893,🌟🌟🌟🌟 | 服饰鞋包 | L3 | 4.3 | ★,CONCEPTSDEER圣迪奥 | 🌟🌟🌟🌟 | 服饰鞋包 | L3 | 4.3 | ★ | CONOEPT/S-DEER,ocr/input_videos\上海__五角场合生汇__20260824.mp4
OBS-001056,五角场合生汇,任天堂Switch专卖店,任天堂Switch专卖店,数码...,4.5,2119,商场内,rated,True,,rated,parsed,rating_anchor,0.87,0.9993,51,10285,179.893,★🌟🌟4.5 | ￥2119/人商场内 | 数码...,任天堂Switch专卖店 | 0D2 | ★🌟🌟4.5 | ￥2119/人商场内 | 数码... | 游戏卡种类齐全，验机检测专业 | NINTENDO | SWITCH.,ocr/input_videos\上海__五角场合生汇__20260824.mp4
OBS-001057,五角场合生汇,TheGreenParty,TheGreenParty,杂货礼品,4.9,82,B2,rated,True,,rated,parsed,rating_anchor,0.9816,0.9996,62,10296,180.086,🌟🌟⭐🌟🌟 | 杂货礼品￥82/人 | B2 | 4.9,TheGreenParty | 🌟🌟⭐🌟🌟 | 杂货礼品￥82/人 | B2 | 4.9 | 点评榜单 | 杨浦区杂货礼品好评榜第1名 | 超大绿光派对，品种丰富多样,ocr/input_videos\上海__五角场合生汇__20260824.mp4
OBS-001058,五角场合生汇,n'one,n'one,服饰鞋包,3.9,,L3,rated,True,,rated,parsed,rating_anchor,0.9738,0.9485,56,10296,180.086,服饰鞋包 | 🌟🌟🎉🌟🌟 | L3 | 3.9,n'one | n'one | 服饰鞋包 | 🌟🌟🎉🌟🌟 | L3 | 3.9 | 面料高级，设计感十足,ocr/input_videos\上海__五角场合生汇__20260824.mp4
OBS-001059,五角场合生汇,THE NORTH FACE,THENORTHFACE,服饰鞋包,4.3,,B1,rated,True,,rated,parsed,rating_anchor,0.993,0.9866,47,10296,180.086,服饰鞋包 | B1 | ★★★★ | 4.3,THE NORTH FACE | 服饰鞋包 | B1 | THEI | ★★★★ | 4.3 | NORTHI | 点评榜单 | 杨浦区原创设计师店榜第5名 | FACED | 雾霾蓝高级雾面感，鹅绒填充蓬松保暖,ocr/input_videos\上海__五角场合生汇__20260824.mp4
OBS-001060,五角场合生汇,OSIM傲胜,OSIM傲胜,家用电器,3.8,,L3,rated,True,,rated,parsed,rating_anchor,0.9974,0.9948,52,10296,180.086,🌟🌟🌟🌟🌟 | L3 | 家用电器 | 3.8,OSIM傲胜 | 🌟🌟🌟🌟🌟 | L3 | 家用电器 | 3.8,ocr/input_videos\上海__五角场合生汇__20260824.mp4
OBS-001061,五角场合生汇,CONCEPT SDEER圣迪奧,CONCEPTSDEER圣迪奥,服饰鞋包,4.3,,L3,rated,True,,rated,parsed,rating_anchor,0.9889,0.9783,51,10296,180.086,L3 | 🌟🌟🌟 | 服饰鞋包 | 4.3 | ★,CONCEPT SDEER圣迪奧 | L3 | 🌟🌟🌟 | 服饰鞋包 | 4.3 | ★ | CONOOPT/S-DUCR,ocr/input_videos\上海__五角场合生汇__20260824.mp4
OBS-001062,五角场合生汇,任天堂Switch专卖店,任天堂Switch专卖店,数码.,4.5,2119,商场内,rated,True,,rated,parsed,rating_anchor,0.9574,0.9995,51,10296,180.086,🌟🌟🎉🎉🌟4.5 | ￥2119/人商场内 | 数码.,任天堂Switch专卖店 | 02 | 🌟🌟🎉🎉🌟4.5 | ￥2119/人商场内 | 数码. | “游戏卡种类齐全，验机检测专业 | NINTENDO | SWITCH.,ocr/input_videos\上海__五角场合生汇__20260824.mp4
OBS-001063,五角场合生汇,THE NORTH FACE,THENORTHFACE,服饰鞋包,4.3,,B1,rated,True,,rated,parsed,rating_anchor,0.9881,0.9768,48,10362,181.24,★★★★ | B1 | 服饰鞋包 | 4.3 | ★,THE NORTH FACE | THEI | ★★★★ | B1 | 服饰鞋包 | 4.3 | ★ | NORTH | 点评榜单 | 杨浦区原创设计师店榜第5名 | FACED | 雾霾蓝高级雾面感，鹅绒填充蓬松保暖,ocr/input_videos\上海__五角场合生汇__20260824.mp4
OBS-001064,五角场合生汇,OSIM傲胜,OSIM傲胜,家用电器,3.8,,L3,rated,True,,rated,parsed,rating_anchor,0.9297,0.9931,56,10362,181.24,🌟⭐3.8家用电器 | L3,OSIM傲胜 | 🌟⭐3.8家用电器 | L3,ocr/input_videos\上海__五角场合生汇__20260824.mp4
OBS-001065,五角场合生汇,CONCEPT SDEER圣迪奧,CONCEPTSDEER圣迪奥,服饰鞋包,4.3,,L3,rated,True,,rated,parsed,rating_anchor,0.931,0.9541,51,10362,181.24,⭐⭐4.3 服饰鞋包 | L3,CONCEPT SDEER圣迪奧 | ⭐⭐4.3 服饰鞋包 | L3 | CONOOPT/S·DUCR,ocr/input_videos\上海__五角场合生汇__20260824.mp4
OBS-001066,五角场合生汇,任天堂Switch专卖店,任天堂Switch专卖店,数码.,4.5,,商场内,rated,True,,rated,parsed,rating_anchor,0.9426,0.9804,55,10362,181.24,4.5数码. | ￥2119/商场内,任天堂Switch专卖店 | 0D2 | 4.5数码. | ￥2119/商场内 | “游戏卡种类齐全，验机检测专业 | NINTENDO | SWITCH.,ocr/input_videos\上海__五角场合生汇__20260824.mp4
OBS-001067,五角场合生汇,ROG玩家国度,ROG玩家国度,数码产品,4.8,10673,L4,rated,True,,rated,parsed,rating_anchor,0.9848,0.9995,55,10362,181.24,🌟🌟★🌟4.8 | 数码产品￥10673/人 | L4,ROG玩家国度 | 🌟🌟★🌟4.8 | 数码产品￥10673/人 | L4 | 装得快环境好，位置便利” | 3 | 政府补贴15% | 亚高立源1500元 | 【电脑清灰】ROG笔记本... | ￥169￥199 | 惠,ocr/input_videos\上海__五角场合生汇__20260824.mp4
OBS-001068,五角场合生汇,Abun(,Abun(,月,4.0,708,L3,rated,True,,rated,parsed,rating_anchor,0.8957,0.9607,49,10362,181.24,⭐🌟⭐⭐4.0月 | L3 | 服饰鞋包￥708/人,（杨浦合生汇店） | Abun( | ⭐🌟⭐⭐4.0月 | L3 | 服饰鞋包￥708/人 | “位置好找，服饰简约时尚,ocr/input_videos\上海__五角场合生汇__20260824.mp4
OBS-001069,五角场合生汇,任天堂Switch专卖店,任天堂Switch专卖店,数码.,4.5,2119,商场内,rated,True,,rated,parsed,rating_anchor,0.9136,0.9987,57,10406,182.01,✨4.5数码. | ￥2119/人商场内,任天堂Switch专卖店 | 0D2 | ✨4.5数码. | ￥2119/人商场内 | 游戏卡种类齐全，验机检测专业 | NINTENDO | SWITCH.,ocr/input_videos\上海__五角场合生汇__20260824.mp4
OBS-001070,五角场合生汇,ROG玩家国度,ROG玩家国度,数码产品,4.8,10673,L4,rated,True,,rated,parsed,rating_anchor,0.9845,0.9992,52,10406,182.01,⭐🌈4.8 | 数码产品￥10673/人 | L4,ROG玩家国度 | ⭐🌈4.8 | 数码产品￥10673/人 | L4 | 装得快环境好，位置便利” | 政府补贴15% | 亚商立商1500元 | ￥169￥199 | 【电脑清灰】ROG笔记本... | 惠,ocr/input_videos\上海__五角场合生汇__20260824.mp4
OBS-001071,五角场合生汇,Abun,Abun,月,4.0,708,L3,rated,True,,rated,parsed,rating_anchor,0.9806,0.9976,54,10406,182.01,⭐🌟🌟⭐ | L3 | 服饰鞋包￥708/人 | 4.0月 | ★,(杨浦合生汇店) | Abun | ⭐🌟🌟⭐ | ASum | L3 | 服饰鞋包￥708/人 | 4.0月 | ★ | 位置好找，服饰简约时尚 | 《 | ￥380￥1000 | 【部分品】Abun380代1... | 惠,ocr/input_videos\上海__五角场合生汇__20260824.mp4
OBS-001072,五角场合生汇,播broadcast,播broadcast,服饰鞋包,3.9,855,L2,rated,True,,rated,parsed,rating_anchor,0.9809,0.9996,55,10406,182.01,🌟🌟🌟🌟🌟 | L2 | 服饰鞋包￥855/人 | 3.9,播broadcast | brcadcest | 🌟🌟🌟🌟🌟 | L2 | 服饰鞋包￥855/人 | 3.9 | “艺复古设计，天然材质舒适,ocr/input_videos\上海__五角场合生汇__20260824.mp4
OBS-001073,五角场合生汇,Joy&Peace,Joy&Peace,鞋靴,3.5,1230,L2,rated,True,,rated,parsed,rating_anchor,0.9664,0.9962,58,10406,182.01,3.5鞋靴￥1230/人 | L2,Joy&Peace | 3.5鞋靴￥1230/人 | L2,ocr/input_videos\上海__五角场合生汇__20260824.mp4
OBS-001074,五角场合生汇,HOKA,HOKA,运动户外,3.4,1368,,rated,True,,rated,parsed,rating_anchor,0.9161,0.9984,47,10406,182.01,3.4运动户外￥1368/人,HOKA | 3.4运动户外￥1368/人,ocr/input_videos\上海__五角场合生汇__20260824.mp4
OBS-001075,五角场合生汇,任天堂Switch专卖店,任天堂Switch专卖店,数码.,4.5,2119,商场内,rated,True,,rated,parsed,rating_anchor,0.9139,0.9664,55,10439,182.587,⭐4.5数码. | ￥2119/人商场内,任天堂Switch专卖店 | 02 | ⭐4.5数码. | ￥2119/人商场内 | 游戏卡种类齐全，验机检测专业 | NINTENDO | “ | SWITCH.,ocr/input_videos\上海__五角场合生汇__20260824.mp4
OBS-001076,五角场合生汇,ROG玩家国度,ROG玩家国度,数码产品,4.8,10673,L4,rated,True,,rated,parsed,rating_anchor,0.9846,0.9994,55,10439,182.587,🌟🌟🌟🌟4.8 | L4 | 数码产品￥10673/人,ROG玩家国度 | 🌟🌟🌟🌟4.8 | L4 | 数码产品￥10673/人 | 装得快环境好，位置便利” | 政府补贴15% | 亚高立减1500元 | ￥169￥199 | 【电脑清灰】ROG笔记本... | 惠,ocr/input_videos\上海__五角场合生汇__20260824.mp4
OBS-001077,五角场合生汇,Abun(,Abun(,服饰鞋包,4.0,708,L3,rated,True,,rated,parsed,rating_anchor,0.9563,0.9416,53,10439,182.587,⭐🌟🎉 | 服饰鞋包￥708/人 | L3 | 4.0 | ★,（杨浦合生汇店） | Abun( | ⭐🌟🎉 | ASum | 服饰鞋包￥708/人 | L3 | 4.0 | ★ | 位置好找，服饰简约时尚 | ≤ | ￥380￥1000 | 【部分品】Abun380代1... | 惠,ocr/input_videos\上海__五角场合生汇__20260824.mp4
OBS-001078,五角场合生汇,播broadcast,播broadcast,服饰鞋包,3.9,855,L2,rated,True,,rated,parsed,rating_anchor,0.985,0.9997,59,10439,182.587,🌟🌟🎉🌟🌟 | 服饰鞋包￥855/人 | L2 | 3.9,播broadcast | 漏brcodcaet | 🌟🌟🎉🌟🌟 | 服饰鞋包￥855/人 | L2 | 3.9 | 文艺复古设计，天然材质舒适,ocr/input_videos\上海__五角场合生汇__20260824.mp4
OBS-001079,五角场合生汇,Joy&Peace,Joy&Peace,鞋靴,3.5,1230,L2,rated,True,,rated,parsed,rating_anchor,0.9881,0.9962,55,10439,182.587,3.5鞋靴￥1230/人 | L2 | 🌟🌟🌟🌟🌟,Joy&Peace | 3.5鞋靴￥1230/人 | L2 | 🌟🌟🌟🌟🌟,ocr/input_videos\上海__五角场合生汇__20260824.mp4
OBS-001080,五角场合生汇,HOKA,HOKA,运动户外,3.4,1368,,rated,True,,rated,parsed,rating_anchor,0.9741,0.9986,51,10439,182.587,★★3.4运动户外￥1368/人 | ★★★,HOKA | ★★3.4运动户外￥1368/人 | ★★★,ocr/input_videos\上海__五角场合生汇__20260824.mp4
OBS-001081,五角场合生汇,Abun,Abun,服饰鞋包,4.0,708,L3,rated,True,,rated,parsed,rating_anchor,0.9845,0.9981,54,10505,183.741,⭐🌟⭐⭐🌟 | 4.0服饰鞋包￥708/人 | L3,（杨浦合生汇店） | Abun | ⭐🌟⭐⭐🌟 | ASum | 4.0服饰鞋包￥708/人 | L3 | 位置好找，服饰简约时尚 | 2 | ￥380￥1000 | 【部分品】Abun380代1.. | 惠,ocr/input_videos\上海__五角场合生汇__20260824.mp4
OBS-001082,五角场合生汇,播broadcast,播broadcast,服饰鞋包,3.9,855,L2,rated,True,,rated,parsed,rating_anchor,0.9809,0.9995,55,10505,183.741,3.9服饰鞋包￥855/人 | L2,播broadcast | 漏brcadcaet | 3.9服饰鞋包￥855/人 | L2 | “艺复古设计，天然材质舒适,ocr/input_videos\上海__五角场合生汇__20260824.mp4
OBS-001083,五角场合生汇,Joy&Peace,Joy&Peace,鞋靴,3.5,1230,L2,rated,True,,rated,parsed,rating_anchor,0.9652,0.9944,58,10505,183.741,3.5鞋靴￥1230/人 | L2,Joy&Peace | 3.5鞋靴￥1230/人 | L2,ocr/input_videos\上海__五角场合生汇__20260824.mp4
OBS-001084,五角场合生汇,HOKA,HOKA,运动户外,3.4,1368,L1,rated,True,,rated,parsed,rating_anchor,0.9835,0.9979,50,10505,183.741,🌟🌟💥 | ★★ | 3.4运动户外￥1368/人 | L1,HOKA | 🌟🌟💥 | ★★ | 3.4运动户外￥1368/人 | L1 | HEKA | 点评榜单 | 杨浦区运动户外热门榜第7名 | 服务贴心，鞋子上脚很舒服”,ocr/input_videos\上海__五角场合生汇__20260824.mp4
OBS-001085,五角场合生汇,丝涟床垫,丝涟床垫,成品家具,3.9,,L2,rated,True,,rated,parsed,rating_anchor,0.9896,0.9882,64,10505,183.741,3.9成品家具 | L2,丝涟床垫 | 直营 | Sealy | 3.9成品家具 | L2 | 躺上去像陷进云朵里，服务细致周到 | 丝涟床垫,ocr/input_videos\上海__五角场合生汇__20260824.mp4
OBS-001086,五角场合生汇,LILY商务时装,LILY商务时装,服装,4.7,1228,L2,rated,True,,rated,parsed,rating_anchor,0.9584,0.9985,55,10505,183.741,4.7服装￥1228/人 | L2,LILY商务时装 | 4.7服装￥1228/人 | L2 | 质感无敌，垂坠感十足 | C,ocr/input_videos\上海__五角场合生汇__20260824.mp4
OBS-001087,五角场合生汇,Joy&Peace,Joy&Peace,鞋靴,3.5,1230,L2,rated,True,,rated,parsed,rating_anchor,0.9769,0.9963,56,10549,184.511,🌟🌟🌟 | L2 | 3.5 | 鞋靴￥1230/人,Joy&Peace | 🌟🌟🌟 | L2 | 3.5 | 鞋靴￥1230/人,ocr/input_videos\上海__五角场合生汇__20260824.mp4
OBS-001088,五角场合生汇,HOKA,HOKA,运动户外,3.4,1368,L1,rated,True,,rated,parsed,rating_anchor,0.9798,0.9986,50,10549,184.511,🌟🌟🌟 | L1 | 运动户外￥1368/人 | ★★ | 3.4,HOKA | 🌟🌟🌟 | L1 | 运动户外￥1368/人 | ★★ | 3.4 | HEKA | 点评榜单 | 杨浦区运动户外热门榜第7名 | 服务贴心，鞋子上脚很舒服 | ≤,ocr/input_videos\上海__五角场合生汇__20260824.mp4
OBS-001089,五角场合生汇,丝涟床垫,丝涟床垫,成品家具,3.9,,L2,rated,True,,rated,parsed,rating_anchor,0.9287,0.9833,56,10549,184.511,L2 | ⭐⭐3.9成品家具,丝涟床垫 | 直营 | Sealy | L2 | ⭐⭐3.9成品家具 | 躺上去像陷进云朵里，服务细致周到” | 丝涟床垫,ocr/input_videos\上海__五角场合生汇__20260824.mp4
OBS-001090,五角场合生汇,LILY商务时装,LILY商务时装,服装,4.7,1228,L2,rated,True,,rated,parsed,rating_anchor,0.9707,0.998,52,10549,184.511,4.7服装￥1228/人 | L2,LILY商务时装 | LILY | 4.7服装￥1228/人 | L2 | 商务时装 | 质感无敌，垂坠感十足,ocr/input_videos\上海__五角场合生汇__20260824.mp4
OBS-001091,五角场合生汇,小米之家,小米之家,数码产品,,3649,L4,unknown,True,,ocr_missing,parsed,metadata_anchor,0.9987,0.9977,60,10549,184.511,🌟🌟🌟🌟🌟 | 数码产品 | ￥3649/人 | L4 | 14.8,小米之家 | 🌟🌟🌟🌟🌟 | 数码产品 | ￥3649/人 | L4 | 14.8 | MI | 拍照性能强，环境敬亮干净 | ￥9.99￥11.1小米巨能写中性笔10支装 | 惠,ocr/input_videos\上海__五角场合生汇__20260824.mp4
OBS-001092,五角场合生汇,FUANNA富安娜,FUANNA富安娜,家饰家纺,3.6,,L2,rated,True,,rated,parsed,rating_anchor,0.9979,0.9964,51,10549,184.511,L2 | ★★★★★ | 家饰家纺 | 3.6,FUANNA富安娜 | L2 | ★★★★★ | 家饰家纺 | 3.6 | 富安娜 | FUANNA | “枕头蓬松柔软，支撑力强”,ocr/input_videos\上海__五角场合生汇__20260824.mp4
OBS-001093,五角场合生汇,Joy&Peace,Joy&Peace,鞋靴,3.5,1230,L2,rated,True,,rated,parsed,rating_anchor,0.9763,0.9978,56,10560,184.703,L2 | ★🌟🌟★🌟 | 3.5 | 鞋靴￥1230/人,Joy&Peace | L2 | ★🌟🌟★🌟 | 3.5 | 鞋靴￥1230/人,ocr/input_videos\上海__五角场合生汇__20260824.mp4
OBS-001094,五角场合生汇,HOKA,HOKA,运动户外,3.4,1368,L1,rated,True,,rated,parsed,rating_anchor,0.9863,0.9984,52,10560,184.703,⭐🌟⭐ | L1 | 3.4运动户外￥1368/人 | ★★,HOKA | ⭐🌟⭐ | L1 | 3.4运动户外￥1368/人 | ★★ | HEKA | 点评榜单 | 杨浦区运动户外热门榜第7名 | 服务贴心，鞋子上脚很舒服,ocr/input_videos\上海__五角场合生汇__20260824.mp4
OBS-001095,五角场合生汇,丝涟床垫,丝涟床垫,成品家具,3.9,,L2,rated,True,,rated,parsed,rating_anchor,0.9911,0.9858,56,10560,184.703,🌟🌟🌟🌟🌟 | L2 | 3.9成品家具,丝涟床垫 | 直营 | Sealy | 🌟🌟🌟🌟🌟 | L2 | 3.9成品家具 | 躺上去像陷进云朵里，服务细致周到 | 丝涟床垫,ocr/input_videos\上海__五角场合生汇__20260824.mp4
OBS-001096,五角场合生汇,LILY商务时装,LILY商务时装,服装,4.7,1228,L2,rated,True,,rated,parsed,rating_anchor,0.9836,0.9977,51,10560,184.703,L2 | 🌟🌟🎉🌟🌟 | 4.7服装￥1228/人,LILY商务时装 | LILY | L2 | 🌟🌟🎉🌟🌟 | 4.7服装￥1228/人 | 商务时装 | 质感无敌，垂坠感十足,ocr/input_videos\上海__五角场合生汇__20260824.mp4
OBS-001097,五角场合生汇,小米之家,小米之家,数码产品,,3649,L4,unknown,True,,ocr_missing,parsed,metadata_anchor,0.9988,0.9979,56,10560,184.703,⭐🌟🎉🌟🎉 | 数码产品 | L4 | 14.8 | ￥3649/人,小米之家 | MI | ⭐🌟🎉🌟🎉 | 数码产品 | L4 | 14.8 | ￥3649/人 | 拍照性能强，环境敞亮干净 | ￥9.99￥11.1小米巨能写中性笔10支装 | 惠,ocr/input_videos\上海__五角场合生汇__20260824.mp4
OBS-001098,五角场合生汇,FUANNA富安娜,FUANNA富安娜,家饰家纺,3.6,,L2,rated,True,,rated,parsed,rating_anchor,0.9979,0.9962,51,10560,184.703,🌟🌟🌟🌟🌟 | 家饰家纺 | L2 | 3.6,FUANNA富安娜 | 🌟🌟🌟🌟🌟 | 家饰家纺 | L2 | 3.6 | 富安娜 | 0 | FUANNA | 枕头蓬松柔软，支撑力强,ocr/input_videos\上海__五角场合生汇__20260824.mp4
OBS-001099,五角场合生汇,丝涟床垫,丝涟床垫,成品家具,3.9,,L2,rated,True,,rated,parsed,rating_anchor,0.9947,0.9912,57,10670,186.627,L2 | 🌟🌟🌟🌟🌟 | 成品家具 | 3.9,丝涟床垫 | 直营 | Sealy | L2 | 🌟🌟🌟🌟🌟 | 成品家具 | 3.9 | 躺上去像陷进云朵里，服务细致周到 | 丝涟床垫,ocr/input_videos\上海__五角场合生汇__20260824.mp4
OBS-001100,五角场合生汇,LILY商务时装,LILY商务时装,服装,4.7,1228,L2,rated,True,,rated,parsed,rating_anchor,0.9853,0.9964,51,10670,186.627,🌟🌟🌟🌟🌟 | L2 | 4.7服装￥1228/人,LILY商务时装 | LILY | 🌟🌟🌟🌟🌟 | L2 | 4.7服装￥1228/人 | 商务时装 | 质感无敌，垂坠感十足,ocr/input_videos\上海__五角场合生汇__20260824.mp4
OBS-001101,五角场合生汇,小米之家,小米之家,数码产品,4.8,3649,L4,rated,True,,rated,parsed,rating_anchor,0.9977,0.9975,56,10670,186.627,🌟🌟🌟⭐🌟 | L4 | 4.8数码产品 | ￥3649/人,小米之家 | MI | 🌟🌟🌟⭐🌟 | L4 | 4.8数码产品 | ￥3649/人 | “拍照性能强，环境敞亮干净 | ￥9.99￥11.1小米巨能写中性笔10支装 | 惠,ocr/input_videos\上海__五角场合生汇__20260824.mp4
OBS-001102,五角场合生汇,FUANNA富安娜,FUANNA富安娜,家饰家纺,3.6,,L2,rated,True,,rated,parsed,rating_anchor,0.9977,0.9961,51,10670,186.627,🌟🌟🌟🌟⭐ | L2 | 家饰家纺 | 3.6,FUANNA富安娜 | 🌟🌟🌟🌟⭐ | L2 | 家饰家纺 | 3.6 | 富安娜 | FUANNA | “枕头蓬松柔软，支撑力强,ocr/input_videos\上海__五角场合生汇__20260824.mp4
OBS-001103,五角场合生汇,TCH,TCH,服装,3.6,1465,L1,rated,True,,rated,parsed,rating_anchor,0.9854,0.9985,52,10670,186.627,🌟🌟🌟🌟🌟 | L1 | 3.6服装￥1465/人,TCH | 🌟🌟🌟🌟🌟 | L1 | 3.6服装￥1465/人 | 限时优惠买一赠，衣服潮又实惠” | 有仙儿集淘趣财神殿 | 力化之,ocr/input_videos\上海__五角场合生汇__20260824.mp4
OBS-001104,五角场合生汇,小米之家,小米之家,数码产品,,3649,L4,unknown,True,,ocr_missing,parsed,metadata_anchor,0.9843,0.9982,53,10736,187.782,★★★★★ | 数码产品￥3649/人 | L4 | 14.8,小米之家 | MI | ★★★★★ | 数码产品￥3649/人 | L4 | 14.8 | “拍照性能强，环境敞亮干净 | ￥9.99￥11.1小米巨能写中性笔10支装 | 惠,ocr/input_videos\上海__五角场合生汇__20260824.mp4
OBS-001105,五角场合生汇,FUANNA富安娜,FUANNA富安娜,家饰家纺,3.6,,L2,rated,True,,rated,parsed,rating_anchor,0.9979,0.9965,47,10736,187.782,🌟🌟🌟3.6 | L2 | 家饰家纺,FUANNA富安娜 | 🌟🌟🌟3.6 | L2 | 家饰家纺 | 富安娜 | FUANNA | “枕头蓬松柔软，支撑力强 | 业,ocr/input_videos\上海__五角场合生汇__20260824.mp4
OBS-001106,五角场合生汇,TCH,TCH,服装,3.6,1465,L1,rated,True,,rated,parsed,rating_anchor,0.9701,0.9984,51,10736,187.782,3.6服装￥1465/人 | L1,TCH | 3.6服装￥1465/人 | L1 | 限时优惠买赠，服潮实惠”,ocr/input_videos\上海__五角场合生汇__20260824.mp4
OBS-001107,五角场合生汇,有仙儿集淘趣财神殿,有仙儿集淘趣财神殿,杂货礼品,4.6,,B2,rated,True,,rated,parsed,rating_anchor,0.997,0.9975,50,10736,187.782,B2 | 🌟🌟🌟🌟🌟 | 杂货礼品 | 4.6,有仙儿集淘趣财神殿 | B2 | 有仙兄淘趣 | 🌟🌟🌟🌟🌟 | 杂货礼品 | 4.6 | 财神殿 | RICH GOO SUPERMARKET | 暂停营业,ocr/input_videos\上海__五角场合生汇__20260824.mp4
OBS-001108,五角场合生汇,pop子和pipi美的日常,pop子和pipi美的日常,杂货礼品,,,B1,new_store,False,new_store,ocr_missing,parsed,metadata_anchor,0.9961,0.9953,62,10736,187.782,杂货礼品 | 新店 | B1,pop子和pipi美的日常 | POP于我PIP更的日常 | 杂货礼品 | 新店 | B1,ocr/input_videos\上海__五角场合生汇__20260824.mp4
OBS-001109,五角场合生汇,CLMX,CLMX,月,4.5,922,L3,rated,True,,rated,parsed,rating_anchor,0.9066,0.9932,50,10736,187.782,⭐🌟4.5月 | 服饰鞋包￥922/人 | L3,CLMX | ⭐🌟4.5月 | 服饰鞋包￥922/人 | L3 | 衣服款式新颖有设计感，试衣体验很棒,ocr/input_videos\上海__五角场合生汇__20260824.mp4
OBS-001110,五角场合生汇,FUAININA亩文,FUAININA亩文,家饰家纺,3.6,,L2,rated,True,,rated,parsed,rating_anchor,0.9467,0.8942,34,10769,188.359,L2 | 🌟🌟🌟⭐ | 家饰家纺 | 3.6,FUAININA亩文 | L2 | 🌟🌟🌟⭐ | 家饰家纺 | 3.6 | 富安娜 | FUANNA | “枕头蓬松柔软，支撑力强”,ocr/input_videos\上海__五角场合生汇__20260824.mp4
OBS-001111,五角场合生汇,TCH,TCH,服装,3.6,1465,L1,rated,True,,rated,parsed,rating_anchor,0.9746,0.9991,49,10769,188.359,L1 | 3.6服装￥1465/人,TCH | L1 | 3.6服装￥1465/人 | 限时优惠买赠，衣服潮又实惠” | 止,ocr/input_videos\上海__五角场合生汇__20260824.mp4
OBS-001112,五角场合生汇,有仙儿集淘趣财神殿,有仙儿集淘趣财神殿,杂货礼品,4.6,,B2,rated,True,,rated,parsed,rating_anchor,0.997,0.999,56,10769,188.359,杂货礼品 | 🌟🌟⭐🌟🌟 | B2 | 4.6,有仙儿集淘趣财神殿 | 杂货礼品 | 🌟🌟⭐🌟🌟 | B2 | 有仙见集询趣 | 4.6 | 財神殿 | RVCH QOP SUPERMARKET | 暂停营业,ocr/input_videos\上海__五角场合生汇__20260824.mp4
OBS-001113,五角场合生汇,pop子和pipi美的日常,pop子和pipi美的日常,杂货礼品,,,B1,new_store,False,new_store,ocr_missing,parsed,metadata_anchor,0.998,0.9988,64,10769,188.359,新店 | 杂货礼品 | B1,pop子和pipi美的日常 | POp于我PP品日 | 新店 | 杂货礼品 | B1,ocr/input_videos\上海__五角场合生汇__20260824.mp4
OBS-001114,五角场合生汇,CLMX,CLMX,服饰鞋包,4.5,922,L3,rated,True,,rated,parsed,rating_anchor,0.9314,0.995,50,10769,188.359,⭐⭐✨4.5服饰鞋包 | L3 | ￥922/人,CLMX | CLMX | ⭐⭐✨4.5服饰鞋包 | L3 | ￥922/人 | 衣服款式新颖有设计感，试衣体验很棒,ocr/input_videos\上海__五角场合生汇__20260824.mp4
OBS-001115,五角场合生汇,MLB,MLB,服饰鞋包,4.3,481,B1,rated,True,,rated,parsed,rating_anchor,0.9991,0.9987,49,10769,188.359,🌟🌟⭐⭐ | B1 | 服饰鞋包 | ￥481/人 | 4.3 | ★,MLB | 🌟🌟⭐⭐ | B1 | 服饰鞋包 | ￥481/人 | 4.3 | MLB | ★ | 帽子款式多样，可以试戴 | 6 | ubras,ocr/input_videos\上海__五角场合生汇__20260824.mp4
OBS-001116,五角场合生汇,TCH,TCH,服装,3.6,1465,L1,rated,True,,rated,parsed,rating_anchor,0.9789,0.9985,52,10813,189.128,🌟🌟🌟🌟⭐ | 3.6服装￥1465/人 | L1,TCH | 🌟🌟🌟🌟⭐ | 3.6服装￥1465/人 | L1 | 限时优惠买赠，服潮又实惠”,ocr/input_videos\上海__五角场合生汇__20260824.mp4
OBS-001117,五角场合生汇,有仙儿集淘趣财神殿,有仙儿集淘趣财神殿,杂货礼品,4.6,,B2,rated,True,,rated,parsed,rating_anchor,0.9978,0.9981,54,10813,189.128,🌟🌟🌟🌟🌟 | B2 | 杂货礼品 | 4.6,有仙儿集淘趣财神殿 | 🌟🌟🌟🌟🌟 | B2 | 有仙贸其淘趣 | 杂货礼品 | 4.6 | 財神殿 | 西 | 限 | RICH GOO SUPERMARKIT | 暂停营业,ocr/input_videos\上海__五角场合生汇__20260824.mp4
OBS-001118,五角场合生汇,pop子和pipi美的日常,pop子和pipi美的日常,杂货礼品,,,B1,new_store,False,new_store,ocr_missing,parsed,metadata_anchor,0.9962,0.9949,64,10813,189.128,杂货礼品 | 新店 | B1,pop子和pipi美的日常 | POP于我PP页的日常 | 22 | 杂货礼品 | 新店 | B1,ocr/input_videos\上海__五角场合生汇__20260824.mp4
OBS-001119,五角场合生汇,CLMX,CLMX,服饰鞋包,4.5,922,L3,rated,True,,rated,parsed,rating_anchor,0.9759,0.9915,53,10813,189.128,L3 | 🌟🌟⭐⭐🌟 | 服饰鞋包￥922/人 | 4.5,CLMX | CLMX | L3 | 🌟🌟⭐⭐🌟 | 服饰鞋包￥922/人 | 4.5 | 衣服款式新颖有设计感，试衣体验很棒,ocr/input_videos\上海__五角场合生汇__20260824.mp4
OBS-001120,五角场合生汇,MLB,MLB,服饰鞋包,4.3,481,B1,rated,True,,rated,parsed,rating_anchor,0.9837,0.9982,52,10813,189.128,⭐🌟⭐⭐ | B1 | 服饰鞋包￥481/人 | 4.3 | ★,MLB | ⭐🌟⭐⭐ | B1 | 服饰鞋包￥481/人 | 4.3 | MLB | ★ | 帽子款式多样，可以试戴 | “,ocr/input_videos\上海__五角场合生汇__20260824.mp4
OBS-001121,五角场合生汇,ubras,ubras,内衣,4.8,636,B1,rated,True,,rated,parsed,rating_anchor,0.9486,0.9992,53,10813,189.128,4.8内衣￥636/人 | B1,ubras | 4.8内衣￥636/人 | B1 | ubras | 穿上身超级舒服，内衣不显印子” | “ | ￥2009.8折 | 惠 | ￥21510周年-折上折ubra,ocr/input_videos\上海__五角场合生汇__20260824.mp4
OBS-001122,五角场合生汇,MLB,MLB,服饰鞋包,4.3,481,B1,rated,True,,rated,parsed,rating_anchor,0.9857,0.9975,56,10901,190.668,🌟🌟🌟⭐ | 4.3服饰鞋包￥481/人 | B1 | ★,MLB | 🌟🌟🌟⭐ | 4.3服饰鞋包￥481/人 | B1 | ★ | MLB | 帽子款式多样，可以试戴,ocr/input_videos\上海__五角场合生汇__20260824.mp4
OBS-001123,五角场合生汇,ubras,ubras,内衣,4.8,636,B1,rated,True,,rated,parsed,rating_anchor,0.9572,0.999,57,10901,190.668,4.8内衣￥636/人 | B1,ubras | 4.8内衣￥636/人 | B1 | ubras | 穿上身超级舒服，内衣不显印子 | ￥2009.8折 | ￥21510周年-折上折ubra... | 惠,ocr/input_videos\上海__五角场合生汇__20260824.mp4
OBS-001124,五角场合生汇,科大讯飞直营店,科大讯飞直营店,数码产品,4.7,4449,L4,rated,True,,rated,parsed,rating_anchor,0.9776,0.9991,55,10901,190.668,4.7数码产品￥4449/人 | L4,科大讯飞直营店 | IFLYTEK 讯飞 | 4.7数码产品￥4449/人 | L4 | 智能办公本体验佳，店员服务贴心”,ocr/input_videos\上海__五角场合生汇__20260824.mp4
OBS-001125,五角场合生汇,Calvin Klein,CalvinKlein,服装,4.1,833,L2,rated,True,,rated,parsed,rating_anchor,0.9812,0.9924,54,10901,190.668,4.1服装￥833/人 | L2 | ★🌟★🌟,Calvin Klein | 4.1服装￥833/人 | L2 | ★🌟★🌟 | Calvin Klein | 点评榜单 | 五角场/大学路服装热门榜第7名 | 手表颜值美腻，双十一还有打折 | 55,ocr/input_videos\上海__五角场合生汇__20260824.mp4
OBS-001126,五角场合生汇,MONOLOGUE,MONOLOGUE,综合珠宝,4.1,2049,B1,rated,True,,rated,parsed,rating_anchor,0.9465,0.9987,48,10901,190.668,⭐⭐4.1 综合珠宝 | ￥2049/人B1,MONOLOGUE | MONOLOGUE | ⭐⭐4.1 综合珠宝 | ￥2049/人B1 | 大英博物馆系列戒指，款式新颖精湛 | 5 | ONEMOMENT(上海合生汇店）,ocr/input_videos\上海__五角场合生汇__20260824.mp4
OBS-001127,五角场合生汇,ubras,ubras,内衣,4.8,636,B1,rated,True,,rated,parsed,rating_anchor,0.9623,0.9994,58,10923,191.052,4.8内衣￥636/人 | B1,ubras | 4.8内衣￥636/人 | B1 | ubras | 《 | 穿上身超级舒服，内衣不显印子 | ￥2009.8折 | ￥21510周年-折上折ubra.. | 惠,ocr/input_videos\上海__五角场合生汇__20260824.mp4
OBS-001128,五角场合生汇,科大讯飞直营店,科大讯飞直营店,数码产品,4.7,4449,L4,rated,True,,rated,parsed,rating_anchor,0.9849,0.9991,60,10923,191.052,🌟4.7 | 数码产品￥4449/人 | L4,科大讯飞直营店 | IFLYTEK 讯飞 | 🌟4.7 | 数码产品￥4449/人 | L4 | 智能办公本体验佳，店员服务贴心 | G,ocr/input_videos\上海__五角场合生汇__20260824.mp4
OBS-001129,五角场合生汇,Calvin Klein,CalvinKlein,服装,4.1,833,L2,rated,True,,rated,parsed,rating_anchor,0.9574,0.9489,51,10923,191.052,L2 | 服装￥833/人 | 🌟🌟⭐🌟 | 4.1,Calvin Klein | L2 | 服装￥833/人 | 🌟🌟⭐🌟 | 4.1 | Calvin Klein | 点评榜单 | 五角场/大学路服装热门榜第7名 | 手表颜值美腻，双十一还有打折 | “ | 55,ocr/input_videos\上海__五角场合生汇__20260824.mp4
OBS-001130,五角场合生汇,MONOLOGUE,MONOLOGUE,综合珠宝..,4.1,2049,B1,rated,True,,rated,parsed,rating_anchor,0.951,0.9977,50,10923,191.052,⭐🌟⭐ | 4.1综合珠宝.. | ￥2049/人B1 | ★,MONOLOGUE | MONOLOGUE | ⭐🌟⭐ | 4.1综合珠宝.. | ￥2049/人B1 | ★ | 大英博物馆系列戒指，款式新颖精湛”,ocr/input_videos\上海__五角场合生汇__20260824.mp4
OBS-001131,五角场合生汇,ONE MOMENT(上海合生汇店),ONEMOMENT(上海合生汇店),服饰鞋包,,251,B2,new_store,False,new_store,ocr_missing,parsed,metadata_anchor,0.9553,0.948,58,10923,191.052,新店 | B2 | 服饰鞋包￥251/人,ONE MOMENT(上海合生汇店) | aaa | 新店 | B2 | 服饰鞋包￥251/人 | 点评榜单 | one MoMent | 杨浦区服饰鞋包热门榜第2名 | 华硕电脑智汇家,ocr/input_videos\上海__五角场合生汇__20260824.mp4
OBS-001132,五角场合生汇,ubras,ubras,内衣,4.8,636,B1,rated,True,,rated,parsed,rating_anchor,0.9661,0.9992,54,10945,191.437,B1 | 4.8内衣￥636/人,ubras | B1 | 4.8内衣￥636/人 | ubras | 穿上身超级舒服，内衣不显印子 | ￥2009.8折 | ￥21510周年-折上折ubra.. | 惠,ocr/input_videos\上海__五角场合生汇__20260824.mp4
OBS-001133,五角场合生汇,科大讯飞直营店,科大讯飞直营店,数码产品,4.7,4449,L4,rated,True,,rated,parsed,rating_anchor,0.9805,0.9974,52,10945,191.437,4.7数码产品￥4449/人 | L4,科大讯飞直营店 | iFLYTEK 讯飞 | 4.7数码产品￥4449/人 | L4 | 智能办公本体验佳，店员服务贴心”,ocr/input_videos\上海__五角场合生汇__20260824.mp4
OBS-001134,五角场合生汇,Calvin Klein,CalvinKlein,服装,4.1,833,L2,rated,True,,rated,parsed,rating_anchor,0.9796,0.9946,49,10945,191.437,🌟🌟🌟🌟 | L2 | 服装￥833/人 | 4.1 | ★,Calvin Klein | 🌟🌟🌟🌟 | L2 | 服装￥833/人 | 4.1 | ★ | Calvin Klein | 点评榜单 | 五角场/大学路服装热门榜第7名 | 手表颜值美腻，双十一还有打折 | 5,ocr/input_videos\上海__五角场合生汇__20260824.mp4
OBS-001135,五角场合生汇,MONOLOGUE,MONOLOGUE,综合珠宝..,4.1,2049,B1,rated,True,,rated,parsed,rating_anchor,0.923,0.9985,45,10945,191.437,★★★★★ | ￥2049/人B1 | 4.1 | 综合珠宝..,MONOLOGUE | MONOLOGUE | ★★★★★ | ￥2049/人B1 | 4.1 | 综合珠宝.. | 大英博物馆系列戒指，款式新颖精湛,ocr/input_videos\上海__五角场合生汇__20260824.mp4
OBS-001136,五角场合生汇,ONE MOMENT(上海合生汇店),ONEMOMENT(上海合生汇店),服饰鞋包,,251,B2,new_store,False,new_store,ocr_missing,parsed,metadata_anchor,0.9694,0.9648,56,10945,191.437,新店 | B2 | 服饰鞋包￥251/人,ONE MOMENT(上海合生汇店) | aaa | 新店 | B2 | 服饰鞋包￥251/人 | 点评榜单 | 杨浦区服饰鞋包热门榜第2名 | oneMoMent,ocr/input_videos\上海__五角场合生汇__20260824.mp4
OBS-001137,五角场合生汇,华硕电脑智汇家,华硕电脑智汇家,数码产品,4.8,8454,L4,rated,True,,rated,parsed,rating_anchor,0.9784,0.9994,50,10945,191.437,4.8数码产品￥8454/人 | L4,华硕电脑智汇家 | ASUS | 4.8数码产品￥8454/人 | L4 | 华硕智汇家 | 性价比高，游戏本重量最轻 | CC | 20 | - | 政府补贴15%,ocr/input_videos\上海__五角场合生汇__20260824.mp4
OBS-001138,五角场合生汇,科大讯飞直营店,科大讯飞直营店,数码产品,4.7,4449,L4,rated,True,,rated,parsed,rating_anchor,0.9763,0.9992,55,11011,192.592,4.7数码产品￥4449/人 | L4,科大讯飞直营店 | iFLYTEK 讯飞 | 4.7数码产品￥4449/人 | L4 | “智能办公本体验佳，店员服务贴心”,ocr/input_videos\上海__五角场合生汇__20260824.mp4
OBS-001139,五角场合生汇,Calvin Klein,CalvinKlein,服装,4.1,833,L2,rated,True,,rated,parsed,rating_anchor,0.9853,0.9952,52,11011,192.592,4.1服装￥833/人 | L2 | 🌟🌟🌟🌟,Calvin Klein | 4.1服装￥833/人 | L2 | 🌟🌟🌟🌟 | Calvin Klein | 点评榜单 | 五角场/大学路服装热门榜第7名 | 手表颜值美腻，双十一还有打折”,ocr/input_videos\上海__五角场合生汇__20260824.mp4
OBS-001140,五角场合生汇,MONOLOGUE,MONOLOGUE,综合珠宝..,4.1,2049,B1,rated,True,,rated,parsed,rating_anchor,0.9658,0.9984,45,11011,192.592,⭐🌟⭐⭐🎉 | 4.1综合珠宝.. | ￥2049/人B1,MONOLOGUE | MONOLOGUE | ⭐🌟⭐⭐🎉 | 4.1综合珠宝.. | ￥2049/人B1 | 大英博物馆系列戒指，款式新颖精湛 | 《,ocr/input_videos\上海__五角场合生汇__20260824.mp4
OBS-001141,五角场合生汇,ONE MOMENT(上海合生汇店),ONEMOMENT(上海合生汇店),服饰鞋包,,251,B2,new_store,False,new_store,ocr_missing,parsed,metadata_anchor,0.9647,0.9583,57,11011,192.592,新店 | B2 | 服饰鞋包￥251/人,ONE MOMENT(上海合生汇店) | aaa | 新店 | B2 | 服饰鞋包￥251/人 | 点评榜单 | one MoMent | 杨浦区服饰鞋包热门榜第2名,ocr/input_videos\上海__五角场合生汇__20260824.mp4
OBS-001142,五角场合生汇,华硕电脑智汇家,华硕电脑智汇家,数码产品,4.8,8454,L4,rated,True,,rated,parsed,rating_anchor,0.9808,0.9989,52,11011,192.592,4.8数码产品￥8454/人 | L4,华硕电脑智汇家 | SUS | 4.8数码产品￥8454/人 | L4 | 华硕智汇家 | 性价比高，游戏本重量最轻” | 政府补贴15% | 淄高立减1500元 | ￥99￥199 | 惠 | 【电脑清灰】笔记本电脑拆..,ocr/input_videos\上海__五角场合生汇__20260824.mp4
OBS-001143,五角场合生汇,POPOP,POPOP,杂货礼品,4.7,,L1,rated,True,,rated,parsed,rating_anchor,0.9934,0.9988,50,11099,194.131,🌟🌟⭐🌟🌟 | L1 | 杂货礼品 | 4.7,POPOP | 🌟🌟⭐🌟🌟 | L1 | 杂货礼品 | 4.7 | pOpOP | 点评榜单 | 杨浦区杂货礼品热门榜第4名 | 五角场新店打卡，24k金系列超可爱 | 力,ocr/input_videos\上海__五角场合生汇__20260824.mp4
OBS-001144,五角场合生汇,青稚护手霜QINGZHI,青稚护手霜QINGZHI,化妆品,4.6,99,B1,rated,True,,rated,parsed,rating_anchor,0.9725,0.9979,54,11099,194.131,🌟🌟🌟🌟🌟 | 化妆品￥99/人 | B1 | 4.6,青稚护手霜QINGZHI | 🌟🌟🌟🌟🌟 | 化妆品￥99/人 | B1 | 4.6,ocr/input_videos\上海__五角场合生汇__20260824.mp4
OBS-001145,五角场合生汇,PELLIOT伯希和上海五角场,PELLIOT伯希和上海五角场,服饰鞋包,4.7,635,B1,rated,True,,rated,parsed,rating_anchor,0.9838,0.9982,51,11099,194.131,🌟🌟🌟🌟🌟 | B1 | 4.7 | 服饰鞋包￥635/人,PELLIOT伯希和上海五角场 | PELCIOT | 🌟🌟🌟🌟🌟 | B1 | 4.7 | 服饰鞋包￥635/人,ocr/input_videos\上海__五角场合生汇__20260824.mp4
OBS-001146,五角场合生汇,岚图空间,岚图空间,4S店,,,L1,unknown,True,,ocr_missing,parsed,metadata_anchor,0.9972,0.9997,56,11099,194.131,3.64S店 | 🌟🌟★ | L1,岚图空间 | 岚图追光S | 3.64S店 | 🌟🌟★ | L1 | 四激光料技FUV | “3200mm超长轴距，空间宽敞舒适 | ￥0.01￥10 | 惠 | 【预约品鉴】岚图知音现金...,ocr/input_videos\上海__五角场合生汇__20260824.mp4
OBS-001147,五角场合生汇,舒福德智能床,舒福德智能床,成品家具,3.7,13664,L3,rated,True,,rated,parsed,rating_anchor,0.985,0.9995,51,11099,194.131,🌟🌟🌟🌟🌟 | L3 | 成品家具￥13664/人 | 3.7,舒福德智能床 | 键入眠 | 一 | 睡舒福德 | 🌟🌟🌟🌟🌟 | L3 | 成品家具￥13664/人 | 3.7 | 好描达 | © | 科技感十，床垫柔软舒适,ocr/input_videos\上海__五角场合生汇__20260824.mp4
OBS-001148,五角场合生汇,POPOP,POPOP,杂货礼品,4.7,,L1,rated,True,,rated,parsed,rating_anchor,0.991,0.9982,53,11132,194.708,🌟🌟★★🌟4.7 | 杂货礼品 | L1,POPOP | 🌟🌟★★🌟4.7 | 杂货礼品 | L1 | popOp | 点评榜单 | 杨浦区杂货礼品热门榜第4名 | 五角场新店打卡，24k金系列超可爱,ocr/input_videos\上海__五角场合生汇__20260824.mp4
OBS-001149,五角场合生汇,青稚护手霜QINGZHI,青稚护手霜QINGZHI,化妆品,4.6,99,B1,rated,True,,rated,parsed,rating_anchor,0.9598,0.998,57,11132,194.708,4.6化妆品￥99/人 | B1,青稚护手霜QINGZHI | 4.6化妆品￥99/人 | B1,ocr/input_videos\上海__五角场合生汇__20260824.mp4
OBS-001150,五角场合生汇,PELLIOT伯希和上海五角场,PELLIOT伯希和上海五角场,月,4.7,635,B1,rated,True,,rated,parsed,rating_anchor,0.824,0.9984,54,11132,194.708,🌟🎉🎉🎉🌟4.7月 | B1 | 服饰鞋包￥635/人,PELLIOT伯希和上海五角场 | PELtIOT | 🌟🎉🎉🎉🌟4.7月 | B1 | 服饰鞋包￥635/人,ocr/input_videos\上海__五角场合生汇__20260824.mp4
OBS-001151,五角场合生汇,岚图空间,岚图空间,4S店,,,L1,unknown,True,,ocr_missing,parsed,metadata_anchor,0.9972,0.9993,57,11132,194.708,3.64S店 | 🌟🌟🌟🌟⭐ | L1,岚图空间 | 岚图追光S | 3.64S店 | 🌟🌟🌟🌟⭐ | L1 | 四激光料技FUV | 3200mm超长轴距，空间宽敞舒适 | ￥0.01￥10 | 【预约品鉴】岚图知音现金... | 惠,ocr/input_videos\上海__五角场合生汇__20260824.mp4
OBS-001152,五角场合生汇,舒福德智能床,舒福德智能床,成品家具,3.7,13664,L3,rated,True,,rated,parsed,rating_anchor,0.986,0.9991,51,11132,194.708,🌟🌟⭐3.7 | L3 | 成品家具￥13664/人,舒福德智能床 | 一键入眠 | 睡舒福德 | 🌟🌟⭐3.7 | L3 | 成品家具￥13664/人 | 证 | 科技感十足，床垫柔软舒适 | 1,ocr/input_videos\上海__五角场合生汇__20260824.mp4
OBS-001153,五角场合生汇,GARMIN佳明,GARMIN佳明,数码产品,4.7,3469,B1,rated,True,,rated,parsed,rating_anchor,0.9776,0.9976,50,11132,194.708,🌟🌟🌟🌟🌟 | B1 | 数码产品￥3469/人 | 4.7,GARMIN佳明 | 🌟🌟🌟🌟🌟 | B1 | 数码产品￥3469/人 | 4.7 | GARMIN | 颜值高质感好，智能潜水电脑表功能强大 | C | 5,ocr/input_videos\上海__五角场合生汇__20260824.mp4
OBS-001154,五角场合生汇,POPOP,POPOP,杂货礼品,4.7,,L1,rated,True,,rated,parsed,rating_anchor,0.9965,0.9982,52,11154,195.093,🌟🌟⭐🌟🌟 | L1 | 杂货礼品 | 4.7,POPOP | 🌟🌟⭐🌟🌟 | L1 | 杂货礼品 | 4.7 | pOPOP | 点评榜单 | 杨浦区杂货礼品热门榜第4名 | 五角场新店打卡，24k金系列超可爱,ocr/input_videos\上海__五角场合生汇__20260824.mp4
OBS-001155,五角场合生汇,青稚护手霜QINGZHI,青稚护手霜QINGZHI,化妆品,4.6,99,B1,rated,True,,rated,parsed,rating_anchor,0.9738,0.9983,54,11154,195.093,⭐🌟🌟🌟🌟 | 化妆品￥99/人 | B1 | 4.6,青稚护手霜QINGZHI | ⭐🌟🌟🌟🌟 | 化妆品￥99/人 | B1 | 4.6,ocr/input_videos\上海__五角场合生汇__20260824.mp4
OBS-001156,五角场合生汇,PELLIOT伯希和 上海五角场,PELLIOT伯希和上海五角场,服饰鞋包,4.7,635,B1,rated,True,,rated,parsed,rating_anchor,0.9708,0.9708,51,11154,195.093,🌟🌟🎉🌟🌟 | B1 | 服饰鞋包￥635/人 | 4.7,PELLIOT伯希和 上海五角场 | PEULIOT | 🌟🌟🎉🌟🌟 | B1 | 服饰鞋包￥635/人 | 4.7,ocr/input_videos\上海__五角场合生汇__20260824.mp4
OBS-001157,五角场合生汇,岚图空间,岚图空间,4S店,3.6,,L1,rated,True,,rated,parsed,rating_anchor,0.9966,0.9998,56,11154,195.093,L1 | 🌟🌟🌟🌟🌟 | 4S店 | 3.6,岚图空间 | 岚图追光S | L1 | 🌟🌟🌟🌟🌟 | 4S店 | 3.6 | 四激光料技FUV | “3200mm超长轴距，空间宽敞舒适 | ￥0.01 | ￥10 | 惠 | 【预约品鉴】岚图知音现金...,ocr/input_videos\上海__五角场合生汇__20260824.mp4
OBS-001158,五角场合生汇,舒福德智能床,舒福德智能床,成品家具,3.7,13664,L3,rated,True,,rated,parsed,rating_anchor,0.9849,0.999,51,11154,195.093,🌟⭐🌟⭐3.7 | L3 | 成品家具￥13664/人,舒福德智能床 | 键入眠 | — | 睡舒福德 | 🌟⭐🌟⭐3.7 | L3 | 成品家具￥13664/人 | 好指达 | 金建 | 2 | 科技感十足，床垫柔软舒适,ocr/input_videos\上海__五角场合生汇__20260824.mp4
OBS-001159,五角场合生汇,GARMIN佳明,GARMIN佳明,数码产品,4.7,3469,B1,rated,True,,rated,parsed,rating_anchor,0.9755,0.998,50,11154,195.093,🌟★🌟🌟🌟 | B1 | 4.7 | 数码产品￥3469/人,GARMIN佳明 | 🌟★🌟🌟🌟 | B1 | 4.7 | 数码产品￥3469/人 | GARMIN | 颜值高质感好，智能潜水电脑表功能强大 | “,ocr/input_videos\上海__五角场合生汇__20260824.mp4
OBS-001160,五角场合生汇,青稚护手霜QINGZHI,青稚护手霜QINGZHI,化妆品,4.6,99,B1,rated,True,,rated,parsed,rating_anchor,0.9605,0.9983,57,11220,196.247,4.6化妆品￥99/人 | B1,青稚护手霜QINGZHI | 4.6化妆品￥99/人 | B1,ocr/input_videos\上海__五角场合生汇__20260824.mp4
OBS-001161,五角场合生汇,PELLIOT伯希和上海五角场,PELLIOT伯希和上海五角场,服饰鞋包,4.7,635,B1,rated,True,,rated,parsed,rating_anchor,0.9789,0.9927,54,11220,196.247,B1 | 4.7服饰鞋包￥635/人,PELLIOT伯希和上海五角场 | PELCIOT | B1 | 4.7服饰鞋包￥635/人,ocr/input_videos\上海__五角场合生汇__20260824.mp4
OBS-001162,五角场合生汇,岚图空间,岚图空间,4S店,,,L1,unknown,True,,ocr_missing,parsed,metadata_anchor,0.9169,0.9997,57,11220,196.247,🌟🌟3.64S店 | L1,岚图空间 | 岚图追光S | 🌟🌟3.64S店 | L1 | 四激光科技FUV | “3200mm超长轴距，空间宽敬舒适 | ￥0.01￥10 | 【预约品鉴】岚图知音现金.... | 惠,ocr/input_videos\上海__五角场合生汇__20260824.mp4
OBS-001163,五角场合生汇,舒福德智能床,舒福德智能床,成品家具,3.7,13664,L3,rated,True,,rated,parsed,rating_anchor,0.9734,0.9991,55,11220,196.247,3.7成品家具￥13664/人 | L3,舒福德智能床 | 一键入眠 | 睡舒福德 | 3.7成品家具￥13664/人 | L3 | 好指油 | “科技感，床垫柔软舒适”,ocr/input_videos\上海__五角场合生汇__20260824.mp4
OBS-001164,五角场合生汇,GARMIN佳明,GARMIN佳明,数码产品,4.7,3469,B1,rated,True,,rated,parsed,rating_anchor,0.9747,0.9967,58,11220,196.247,★★4.7 | B1 | 数码产品￥3469/人,GARMIN佳明 | ★★4.7 | B1 | 数码产品￥3469/人 | GARMIN | 颜值高质感好，智能潜水电脑表功能强大 | 《 | ￥4.9￥20到店贴膜-佳明255 | 惠,ocr/input_videos\上海__五角场合生汇__20260824.mp4
OBS-001165,五角场合生汇,惠普电脑授权店,惠普电脑授权店,数码产品,4.5,3317,L5,rated,True,,rated,parsed,rating_anchor,0.9858,0.9981,52,11220,196.247,4.5数码产品￥3317/人 | L5,惠普电脑授权店 | 4.5数码产品￥3317/人 | L5,ocr/input_videos\上海__五角场合生汇__20260824.mp4
OBS-001166,五角场合生汇,岚图空间,岚图空间,4S店,,,L1,unknown,True,,ocr_missing,parsed,metadata_anchor,0.9961,0.9994,60,11231,196.44,3.64S店 | 🌟🌟🌟🌟🌟 | L1,岚图空间 | 岚图追光S | 3.64S店 | 🌟🌟🌟🌟🌟 | L1 | 四激光科技FUV | “3200mm超长轴距，空间宽敞舒适” | ￥0.01￥10 | 惠 | 【预约品鉴】岚图知音现金...,ocr/input_videos\上海__五角场合生汇__20260824.mp4
OBS-001167,五角场合生汇,舒福德智能床,舒福德智能床,成品家具,3.7,13664,L3,rated,True,,rated,parsed,rating_anchor,0.98,0.9992,55,11231,196.44,3.7成品家具￥13664/人 | L3,舒福德智能床 | 一键入眠 | 睡舒福德 | 3.7成品家具￥13664/人 | L3 | 好福话国深全理 | 科技感十，床垫柔软舒适,ocr/input_videos\上海__五角场合生汇__20260824.mp4
OBS-001168,五角场合生汇,GARMIN佳明,GARMIN佳明,数码产品,4.7,3469,B1,rated,True,,rated,parsed,rating_anchor,0.9762,0.9975,58,11231,196.44,⭐🌟🌟4.7 | 数码产品￥3469/人 | B1,GARMIN佳明 | ⭐🌟🌟4.7 | 数码产品￥3469/人 | B1 | GARMIN | 颜值高质感好，智能潜水电脑表功能强大 | ￥4.9￥20到店贴膜-佳明255 | 惠,ocr/input_videos\上海__五角场合生汇__20260824.mp4
OBS-001169,五角场合生汇,惠普电脑授权店,惠普电脑授权店,数码产品,4.5,3317,L5,rated,True,,rated,parsed,rating_anchor,0.9759,0.9955,55,11231,196.44,4.5数码产品￥3317/人 | L5,惠普电脑授权店 | 4.5数码产品￥3317/人 | L5,ocr/input_videos\上海__五角场合生汇__20260824.mp4
OBS-001170,五角场合生汇,d'zzit,d'zzit,服装,4.3,,L2,rated,True,,rated,parsed,rating_anchor,0.9916,0.9872,58,11231,196.44,🌟🌟⭐⭐ | 4.3服装 | L2,d'zzit | dzzit | 🌟🌟⭐⭐ | 4.3服装 | L2,ocr/input_videos\上海__五角场合生汇__20260824.mp4
OBS-001171,五角场合生汇,Tommy Hilfiger,TommyHilfiger,服饰鞋包,4.2,1036,L1,rated,True,,rated,parsed,rating_anchor,0.9856,0.9978,62,11231,196.44,⭐🌟⭐⭐ | 4.2 | L1 | 服饰鞋包￥1036/人 | ★,Tommy Hilfiger | ⭐🌟⭐⭐ | 4.2 | L1 | 服饰鞋包￥1036/人 | ★,ocr/input_videos\上海__五角场合生汇__20260824.mp4
OBS-001172,五角场合生汇,舒福德智能床,舒福德智能床,成品家具,3.7,13664,L3,rated,True,,rated,parsed,rating_anchor,0.9783,0.9991,55,11253,196.824,L3 | 🌟🌟🌟🌟🌟 | 3.7 | 成品家具￥13664/人,舒福德智能床 | 一键入眠 | 睡舒福德 | L3 | 🌟🌟🌟🌟🌟 | 3.7 | 成品家具￥13664/人 | @ | 科技感十，床垫柔软舒适,ocr/input_videos\上海__五角场合生汇__20260824.mp4
OBS-001173,五角场合生汇,GARMIN佳明,GARMIN佳明,数码产品,4.7,3469,B1,rated,True,,rated,parsed,rating_anchor,0.9803,0.9976,51,11253,196.824,⭐🌟🌟🌟🌟 | B1 | 4.7 | 数码产品￥3469/人,GARMIN佳明 | ⭐🌟🌟🌟🌟 | B1 | 4.7 | 数码产品￥3469/人 | GARMIN | 颜值高质感好，智能潜水电脑表功能强大 | ￥4.9￥20到店贴膜-佳明255 | 惠,ocr/input_videos\上海__五角场合生汇__20260824.mp4
OBS-001174,五角场合生汇,惠普电脑授权店,惠普电脑授权店,数码产品,4.5,3317,L5,rated,True,,rated,parsed,rating_anchor,0.9853,0.9985,54,11253,196.824,L5 | 4.5数码产品￥3317/人,惠普电脑授权店 | L5 | 4.5数码产品￥3317/人,ocr/input_videos\上海__五角场合生汇__20260824.mp4
OBS-001175,五角场合生汇,d'zzit,d'zzit,服装,4.3,,L2,rated,True,,rated,parsed,rating_anchor,0.9215,0.9909,54,11253,196.824,⭐🌟⭐⭐⭐4.3服装 | L2,d'zzit | ⭐🌟⭐⭐⭐4.3服装 | dzzit | L2,ocr/input_videos\上海__五角场合生汇__20260824.mp4
OBS-001176,五角场合生汇,Tommy Hilfiger,TommyHilfiger,服饰鞋包,4.2,1036,L1,rated,True,,rated,parsed,rating_anchor,0.9807,0.9986,63,11253,196.824,⭐🌟⭐⭐ | 4.2 | 服饰鞋包￥1036/人 | L1 | ★,Tommy Hilfiger | TOMMY | ⭐🌟⭐⭐ | 4.2 | 服饰鞋包￥1036/人 | L1 | ★ | H I LF I G E R,ocr/input_videos\上海__五角场合生汇__20260824.mp4
OBS-001177,五角场合生汇,源氏木语,源氏木语,成品家具,3.9,8757,B1,rated,True,,rated,parsed,rating_anchor,0.9774,0.9998,57,11253,196.824,🌟🌟⭐🌟⭐ | B1 | 成品家具￥8757/人 | 3.9,源氏木语 | 「新实木主义 | 🌟🌟⭐🌟⭐ | B1 | 成品家具￥8757/人 | 3.9 | 22% | 点评榜单 | 杨浦区家具家居热门榜第2名 | 民：E6-9/9 | 导购耐心仔细，沙发坐起来很舒服 | “ | 源氏术语×超品日 | 2,ocr/input_videos\上海__五角场合生汇__20260824.mp4
OBS-001178,五角场合生汇,GARMIN佳明,GARMIN佳明,数码产品,4.7,3469,B1,rated,True,,rated,parsed,rating_anchor,0.9782,0.9973,54,11308,197.786,⭐🌟★⭐🌟 | 数码产品￥3469/人 | B1 | 4.7,GARMIN佳明 | ⭐🌟★⭐🌟 | 数码产品￥3469/人 | B1 | 4.7 | GARMIN | 颜值高质感好，智能潜水电脑表功能强大 | ￥4.9￥20到店贴膜-佳明255 | 惠,ocr/input_videos\上海__五角场合生汇__20260824.mp4
OBS-001179,五角场合生汇,惠普电脑授权店,惠普电脑授权店,数码产品,4.5,3317,L5,rated,True,,rated,parsed,rating_anchor,0.985,0.9994,58,11308,197.786,4.5数码产品￥3317/人 | L5,惠普电脑授权店 | 4.5数码产品￥3317/人 | L5,ocr/input_videos\上海__五角场合生汇__20260824.mp4
OBS-001180,五角场合生汇,d'zzit,d'zzit,服装,4.3,,L2,rated,True,,rated,parsed,rating_anchor,0.916,0.9298,59,11308,197.786,⭐4.3服装 | L2,d'zzit | ⭐4.3服装 | d'zzit | L2,ocr/input_videos\上海__五角场合生汇__20260824.mp4
OBS-001181,五角场合生汇,Tommy Hilfiger,TommyHilfiger,服饰鞋包,4.2,1036,L1,rated,True,,rated,parsed,rating_anchor,0.9874,0.9988,61,11308,197.786,⭐🌟⭐⭐⭐ | 4.2服饰鞋包￥1036/人 | L1,Tommy Hilfiger | TOMMY | ⭐🌟⭐⭐⭐ | 4.2服饰鞋包￥1036/人 | L1 | H I LF I G E R,ocr/input_videos\上海__五角场合生汇__20260824.mp4
OBS-001182,五角场合生汇,源氏木语,源氏木语,成品家具,3.9,8757,B1,rated,True,,rated,parsed,rating_anchor,0.9797,0.9997,64,11308,197.786,⭐🌟🌟💥🌟 | 成品家具￥8757/人 | B1 | 3.9,源氏木语 | 「新实木主义 | ⭐🌟🌟💥🌟 | 成品家具￥8757/人 | B1 | 3.9 | 22% | 点评榜单 | 杨浦区家具家居热门榜第2名 | ：L心-9/9 | “导购耐心仔细，沙发坐起来很舒服” | 源氏术语×超品日 | “ | ￥1￥999效果图|全屋空间3D效果搭... | 惠,ocr/input_videos\上海__五角场合生汇__20260824.mp4
OBS-001183,五角场合生汇,GARMIN佳明,GARMIN佳明,数码产品,4.7,3469,B1,rated,True,,rated,parsed,rating_anchor,0.979,0.998,55,11330,198.171,⭐⭐🌟4.7 | B1 | 数码产品￥3469/人,GARMIN佳明 | ⭐⭐🌟4.7 | B1 | 数码产品￥3469/人 | GARMIN | “颜值质感好，智能潜水电脑表功能强大” | “ | ￥4.9￥20到店贴膜-佳明255 | 惠,ocr/input_videos\上海__五角场合生汇__20260824.mp4
OBS-001184,五角场合生汇,惠普电脑授权店,惠普电脑授权店,数码产品,4.5,3317,L5,rated,True,,rated,parsed,rating_anchor,0.9852,0.998,58,11330,198.171,4.5数码产品￥3317/人 | L5,惠普电脑授权店 | 4.5数码产品￥3317/人 | L5,ocr/input_videos\上海__五角场合生汇__20260824.mp4
OBS-001185,五角场合生汇,d'zzit,d'zzit,服装,4.3,,L2,rated,True,,rated,parsed,rating_anchor,0.9093,0.9606,63,11330,198.171,⭐⭐⭐⭐⭐4.3 服装 | L2,d'zzit | ⭐⭐⭐⭐⭐4.3 服装 | dzzit | L2,ocr/input_videos\上海__五角场合生汇__20260824.mp4
OBS-001186,五角场合生汇,Tommy Hilfiger,TommyHilfiger,服饰鞋包,4.2,1036,L1,rated,True,,rated,parsed,rating_anchor,0.9861,0.9978,64,11330,198.171,🌟⭐ | 4.2服饰鞋包￥1036/人 | L1 | ★,Tommy Hilfiger | TOMMY | 🌟⭐ | 4.2服饰鞋包￥1036/人 | L1 | ★ | H I L F I G E R,ocr/input_videos\上海__五角场合生汇__20260824.mp4
OBS-001187,五角场合生汇,源氏木语,源氏木语,成品家具,3.9,8757,B1,rated,True,,rated,parsed,rating_anchor,0.9871,0.9997,59,11330,198.171,🌟🌟🌟🌟🌟 | B1 | 3.9成品家具￥8757/人,源氏木语 | 「新实木主义 | 🌟🌟🌟🌟🌟 | B1 | 3.9成品家具￥8757/人 | 22% | 点评榜单 | 杨浦区家具家居热门榜第2名 | 温间E6-9 | “导购耐心仔细，沙发坐起来很舒服” | 源氏木语×超品日 | “ | ￥1￥999效果图|全屋空间3D效果搭.. | 惠,ocr/input_videos\上海__五角场合生汇__20260824.mp4
OBS-001188,五角场合生汇,源氏木语,源氏木语,成品家具,3.9,8757,B1,rated,True,,rated,parsed,rating_anchor,0.9819,0.9998,56,11396,199.326,🌟🌟🌟🌟🌟 | 成品家具￥8757/人 | B1 | 3.9,源氏木语 | 「新实木主义 | 🌟🌟🌟🌟🌟 | 成品家具￥8757/人 | B1 | 3.9 | 22% | - | 点评榜单 | 杨浦区家具家居热门榜第2名 | 民：E心-9/9 | 导购耐心仔细，沙发坐起来很舒服 | “ | 源氏术语×超品日 | ￥1￥999效果图|全屋空间3D效果搭.. | 惠,ocr/input_videos\上海__五角场合生汇__20260824.mp4
OBS-001189,五角场合生汇,Saucony索康尼,Saucony索康尼,运动户外,3.9,1068,L1,rated,True,,rated,parsed,rating_anchor,0.9824,0.9993,57,11396,199.326,🌟🌟🌟⭐ | L1 | 运动户外￥1068/人 | 3.9,Saucony索康尼 | 🌟🌟🌟⭐ | L1 | 运动户外￥1068/人 | 3.9 | saucony | … | “外观简约气，缓震回弹超出 | 5,ocr/input_videos\上海__五角场合生汇__20260824.mp4
OBS-001190,五角场合生汇,W·Management,W·Management,服装,4.8,373,B1,rated,True,,rated,parsed,rating_anchor,0.973,0.9919,53,11396,199.326,⭐🌈4.8 | B1 | 服装￥373/人,W·Management | ⭐🌈4.8 | B1 | 服装￥373/人 | 点评榜单 | 杨浦区服饰鞋包热门榜第1名,ocr/input_videos\上海__五角场合生汇__20260824.mp4
OBS-001191,五角场合生汇,SALOMON萨洛蒙,SALOMON萨洛蒙,运动户外,4.6,1561,L1,rated,True,,rated,parsed,rating_anchor,0.9756,0.9985,50,11396,199.326,4.6运动户外￥1561/人 | L1,SALOMON萨洛蒙 | 4.6运动户外￥1561/人 | L1 | SALOMON | 点评榜单 | 杨浦区运动户外热门榜第6名 | 店铺款式多，上脚很好看,ocr/input_videos\上海__五角场合生汇__20260824.mp4
OBS-001192,五角场合生汇,FANCI范琦,FANCI范琦,综合珠宝首饰,4.3,457,B1,rated,True,,rated,parsed,rating_anchor,0.9868,0.9981,54,11396,199.326,🌟🌟🌟🌟 | 综合珠宝首饰￥457/人 | 4.3 | B1 | ★,FANCI范琦 | FANCT | 🌟🌟🌟🌟 | 综合珠宝首饰￥457/人 | 4.3 | B1 | ★ | 哈利波特联名设计，包装仪式感十,ocr/input_videos\上海__五角场合生汇__20260824.mp4
OBS-001193,五角场合生汇,Ms.Myland米兰妮,Ms.Myland米兰妮,服饰鞋包,3.9,,L2,rated,True,,rated,parsed,rating_anchor,0.9965,0.9934,56,11396,199.326,L2 | 🌟🌟🌟3.9 | 服饰鞋包,Ms.Myland米兰妮 | L2 | 🌟🌟🌟3.9 | 服饰鞋包,ocr/input_videos\上海__五角场合生汇__20260824.mp4
OBS-001194,五角场合生汇,Saucony索康尼,Saucony索康尼,运动户外,3.9,1068,L1,rated,True,,rated,parsed,rating_anchor,0.9812,0.999,61,11407,199.518,🌟🌟🌟🌟 | 运动户外￥1068/人 | L1 | 3.9,Saucony索康尼 | 🌟🌟🌟🌟 | 运动户外￥1068/人 | L1 | 3.9 | saucony | 外观简约大气，缓震回弹超出色 | 3 | S,ocr/input_videos\上海__五角场合生汇__20260824.mp4
OBS-001195,五角场合生汇,W·Management,W·Management,服装,4.8,373,B1,rated,True,,rated,parsed,rating_anchor,0.9746,0.9918,55,11407,199.518,★★★★4.8 | B1 | 服装￥373/人,W·Management | ★★★★4.8 | B1 | 服装￥373/人 | 点评榜单 | 杨浦区服饰鞋包热门榜第1名,ocr/input_videos\上海__五角场合生汇__20260824.mp4
OBS-001196,五角场合生汇,SALOMON萨洛蒙,SALOMON萨洛蒙,运动户外,4.6,1561,L1,rated,True,,rated,parsed,rating_anchor,0.9837,0.9974,56,11407,199.518,⭐🌟🌟🌟🌟 | L1 | 运动户外￥1561/人 | 4.6,SALOMON萨洛蒙 | ⭐🌟🌟🌟🌟 | L1 | 运动户外￥1561/人 | 4.6 | SALOMON | 点评榜单 | 杨浦区运动户外热门榜第6名 | 小 | 店铺款式多，上脚很好看 | 1,ocr/input_videos\上海__五角场合生汇__20260824.mp4
OBS-001197,五角场合生汇,FANCI范琦,FANCI范琦,综合珠宝首饰,4.3,457,B1,rated,True,,rated,parsed,rating_anchor,0.983,0.9982,55,11407,199.518,⭐🌟💥 | 4.3 | 综合珠宝首饰￥457/人 | B1 | ★,FANCI范琦 | FANCI | ⭐🌟💥 | 4.3 | 综合珠宝首饰￥457/人 | B1 | ★ | 哈利波特联名设计，包装仪式感十足,ocr/input_videos\上海__五角场合生汇__20260824.mp4
OBS-001198,五角场合生汇,Ms.Myland米兰妮,Ms.Myland米兰妮,服饰鞋包,3.9,,L2,rated,True,,rated,parsed,rating_anchor,0.9509,0.9939,56,11407,199.518,⭐3.9服饰鞋包 | L2,Ms.Myland米兰妮 | ⭐3.9服饰鞋包 | L2 | GABPiEL伽利,ocr/input_videos\上海__五角场合生汇__20260824.mp4
OBS-001199,五角场合生汇,Saucony索康尼,Saucony索康尼,运动户外,3.9,1068,L1,rated,True,,rated,parsed,rating_anchor,0.981,0.9991,58,11429,199.903,🌟🌟🌟🌟🌟 | L1 | 运动户外￥1068/人 | 3.9,Saucony索康尼 | 🌟🌟🌟🌟🌟 | L1 | 运动户外￥1068/人 | 3.9 | saucony | 外观简约大气，缓震回弹超出色 | 5,ocr/input_videos\上海__五角场合生汇__20260824.mp4
OBS-001200,五角场合生汇,W·Management,W·Management,服装,4.8,373,B1,rated,True,,rated,parsed,rating_anchor,0.9475,0.9935,52,11429,199.903,B1 | ⭐4.8服装 | ￥373/人,W·Management | B1 | ⭐4.8服装 | ￥373/人 | 点评榜单 | 杨浦区服饰鞋包热门榜第1名,ocr/input_videos\上海__五角场合生汇__20260824.mp4
OBS-001201,五角场合生汇,SALOMON萨洛蒙,SALOMON萨洛蒙,运动户外,4.6,1561,L1,rated,True,,rated,parsed,rating_anchor,0.9828,0.998,50,11429,199.903,🌟🌟⭐🌟🌟 | L1 | 运动户外￥1561/人 | 4.6,SALOMON萨洛蒙 | 🌟🌟⭐🌟🌟 | L1 | 运动户外￥1561/人 | 4.6 | SALOMON | 点评榜单 | 杨浦区运动户外热门榜第6名 | 心 | 店铺款式多，上脚很好看 | 33,ocr/input_videos\上海__五角场合生汇__20260824.mp4
OBS-001202,五角场合生汇,FANCI范琦,FANCI范琦,综合珠宝首饰,4.3,457,B1,rated,True,,rated,parsed,rating_anchor,0.9868,0.9984,54,11429,199.903,🌟🌟🎉🎉 | 4.3 | 综合珠宝首饰￥457/人 | B1 | ★,FANCI范琦 | FANCT | 🌟🌟🎉🎉 | 4.3 | 综合珠宝首饰￥457/人 | B1 | ★ | “哈利波特联名设计，包装仪式感十足”,ocr/input_videos\上海__五角场合生汇__20260824.mp4
OBS-001203,五角场合生汇,Ms.Myland米兰妮,Ms.Myland米兰妮,服饰鞋包,3.9,,L2,rated,True,,rated,parsed,rating_anchor,0.9974,0.9956,58,11429,199.903,L2 | ⭐⭐🌟⭐3.9 | 服饰鞋包,Ms.Myland米兰妮 | L2 | ⭐⭐🌟⭐3.9 | 服饰鞋包 | soa,ocr/input_videos\上海__五角场合生汇__20260824.mp4
OBS-001204,五角场合生汇,GABRiEL伽百利,GABRiEL伽百利,杂货礼品,4.8,272,B1,rated,True,,rated,parsed,rating_anchor,0.9802,0.9969,51,11429,199.903,🌟⭐⭐🌟4.8 | 杂货礼品￥272/人 | B1,GABRiEL伽百利 | 🌟⭐⭐🌟4.8 | 杂货礼品￥272/人 | B1 | 公仔可爱，环境干净舒适 | GABRIEL,ocr/input_videos\上海__五角场合生汇__20260824.mp4
OBS-001205,五角场合生汇,Saucony索康尼,Saucony索康尼,运动户外,3.9,1068,L1,rated,True,,rated,parsed,rating_anchor,0.9867,0.9993,60,11484,200.865,3.9运动户外￥1068/人 | 🌟🌟🌟🌟⭐ | L1,Saucony索康尼 | 3.9运动户外￥1068/人 | 🌟🌟🌟🌟⭐ | L1 | saucony | “外观简约，缓震回弹超出色”,ocr/input_videos\上海__五角场合生汇__20260824.mp4
OBS-001206,五角场合生汇,W·Management,W·Management,服装,4.8,373,B1,rated,True,,rated,parsed,rating_anchor,0.9759,0.9952,56,11484,200.865,B1 | 服装￥373/人 | 🌟🌟🎉🎉⭐4.8,W·Management | B1 | 服装￥373/人 | 🌟🌟🎉🎉⭐4.8 | 点评榜单 | 杨浦区服饰鞋包热门榜第1名,ocr/input_videos\上海__五角场合生汇__20260824.mp4
OBS-001207,五角场合生汇,SALOMON萨洛蒙,SALOMON萨洛蒙,运动户外,4.6,1561,L1,rated,True,,rated,parsed,rating_anchor,0.9824,0.9984,54,11484,200.865,L1 | 4.6运动户外￥1561/人,SALOMON萨洛蒙 | L1 | 4.6运动户外￥1561/人 | SALOMON | 点评榜单 | 杨浦区运动户外热门榜第6名 | 店铺款式多，上脚很好看,ocr/input_videos\上海__五角场合生汇__20260824.mp4
OBS-001208,五角场合生汇,FANCI范琦,FANCI范琦,综合珠宝首饰,4.3,457,B1,rated,True,,rated,parsed,rating_anchor,0.9841,0.9982,56,11484,200.865,⭐🌟⭐⭐ | 4.3 | 综合珠宝首饰￥457/人 | B1 | ★,FANCI范琦 | FANCT | ⭐🌟⭐⭐ | 4.3 | 综合珠宝首饰￥457/人 | B1 | ★ | 哈利波特联名设计，包装仪式感十足 | J,ocr/input_videos\上海__五角场合生汇__20260824.mp4
OBS-001209,五角场合生汇,Ms.Myland米兰妮,Ms.Myland米兰妮,服饰鞋包,3.9,,L2,rated,True,,rated,parsed,rating_anchor,0.9728,0.9975,58,11484,200.865,⭐3.9服饰鞋包 | L2,Ms.Myland米兰妮 | ⭐3.9服饰鞋包 | L2,ocr/input_videos\上海__五角场合生汇__20260824.mp4
OBS-001210,五角场合生汇,GABRiEL伽百利,GABRiEL伽百利,杂货礼品,4.8,272,B1,rated,True,,rated,parsed,rating_anchor,0.9715,0.9953,52,11484,200.865,4.8杂货礼品￥272/人 | B1,GABRiEL伽百利 | 4.8杂货礼品￥272/人 | B1 | 公仔可爱，环境干净舒适 | GABRIEL,ocr/input_videos\上海__五角场合生汇__20260824.mp4
OBS-001211,五角场合生汇,W·Management,W·Management,服装,4.8,373,B1,rated,True,,rated,parsed,rating_anchor,0.9737,0.9891,55,11517,201.442,⭐⭐🌟4.8 | 服装￥373/人 | B1,W·Management | ⭐⭐🌟4.8 | 服装￥373/人 | B1 | 点评榜单 | 杨浦区服饰鞋包热门榜第1名,ocr/input_videos\上海__五角场合生汇__20260824.mp4
OBS-001212,五角场合生汇,SALOMON萨洛蒙,SALOMON萨洛蒙,运动户外,4.6,1561,L1,rated,True,,rated,parsed,rating_anchor,0.9806,0.9984,51,11517,201.442,★★🌟🌟★ | L1 | 运动户外￥1561/人 | 4.6,SALOMON萨洛蒙 | ★★🌟🌟★ | L1 | 运动户外￥1561/人 | 4.6 | SALOMON | 点评榜单 | 杨浦区运动户外热门榜第6名 | 心 | 店铺款式多，上脚很好看 | 31,ocr/input_videos\上海__五角场合生汇__20260824.mp4
OBS-001213,五角场合生汇,FANCI范琦,FANCI范琦,综合珠宝首饰,4.3,457,B1,rated,True,,rated,parsed,rating_anchor,0.9773,0.9985,55,11517,201.442,🌟🌟⭐⭐ | 4.3 | B1 | 综合珠宝首饰￥457/人 | ★,FANCI范琦 | FANCI | 🌟🌟⭐⭐ | 4.3 | B1 | 综合珠宝首饰￥457/人 | ★ | 哈利波特联名设计，包装仪式感十足,ocr/input_videos\上海__五角场合生汇__20260824.mp4
OBS-001214,五角场合生汇,Ms.Myland米兰妮,Ms.Myland米兰妮,服饰鞋包,3.9,,L2,rated,True,,rated,parsed,rating_anchor,0.9968,0.9942,56,11517,201.442,服饰鞋包 | 🌟⭐3.9 | L2,Ms.Myland米兰妮 | 服饰鞋包 | 🌟⭐3.9 | L2,ocr/input_videos\上海__五角场合生汇__20260824.mp4
OBS-001215,五角场合生汇,GABRiEL伽百利,GABRiEL伽百利,杂货礼品,4.8,272,B1,rated,True,,rated,parsed,rating_anchor,0.9765,0.9967,52,11517,201.442,🌟🌟🌟🌟🌟4.8 | 杂货礼品￥272/人 | B1,GABRiEL伽百利 | 🌟🌟🌟🌟🌟4.8 | 杂货礼品￥272/人 | B1 | 公仔可爱，环境干净舒适 | “ | GABRIEL,ocr/input_videos\上海__五角场合生汇__20260824.mp4
OBS-001216,五角场合生汇,Hush Puppies,HushPuppies,鞋靴,4.1,958,L2,rated,True,,rated,parsed,rating_anchor,0.9776,0.9992,61,11517,201.442,🌟🌟🌟🎉 | 4.1鞋靴￥958/人 | L2,Hush Puppies | Hush Puppies | 🌟🌟🌟🎉 | 4.1鞋靴￥958/人 | L2,ocr/input_videos\上海__五角场合生汇__20260824.mp4
OBS-001217,五角场合生汇,GABRiEL伽百利,GABRiEL伽百利,杂货礼品,4.8,272,B1,rated,True,,rated,parsed,rating_anchor,0.9735,0.9971,51,11561,202.211,4.8杂货礼品￥272/人 | B1,GABRiEL伽百利 | 4.8杂货礼品￥272/人 | B1 | 公仔可爱，环境干净舒适 | GABRIEL,ocr/input_videos\上海__五角场合生汇__20260824.mp4
OBS-001218,五角场合生汇,Hush Puppies,HushPuppies,鞋靴,4.1,958,L2,rated,True,,rated,parsed,rating_anchor,0.9687,0.9937,62,11561,202.211,4.1鞋靴￥958/人 | L2,Hush Puppies | Hush Puppies | 4.1鞋靴￥958/人 | L2 | “鞋型好软又结实，店长服务贴心”,ocr/input_videos\上海__五角场合生汇__20260824.mp4
OBS-001219,五角场合生汇,OGAWA奥佳华,OGAWA奥佳华,家用电器,4.5,11873,L3,rated,True,,rated,parsed,rating_anchor,0.9599,0.9601,55,11561,202.211,4.5家用电器￥11873/人 | L3,OGAWA奥佳华 | 4.5家用电器￥11873/人 | L3 | OGAWA | 奥佳华 | “精准按摩，包裹感超舒适' | ￥9.9￥39.9 | 【轻盈养护】奥佳华按摩... | 惠,ocr/input_videos\上海__五角场合生汇__20260824.mp4
OBS-001220,五角场合生汇,荣泰按摩椅,荣泰按摩椅,家用电器,4.3,21736,L3,rated,True,,rated,parsed,rating_anchor,0.9888,0.9992,54,11561,202.211,L3 | 4.3家用电器￥21736/人 | 🌟🌟🌟🎉 | ★,荣泰按摩椅 | R2TAI | 能定文下一代牌 | 档 | 拉伸按摩机器人 | L3 | 4.3家用电器￥21736/人 | 🌟🌟🌟🎉 | ★ | 功能升级大，按摩椅超舒适” | ￥99￥1000夏日品牌月焕新季|荣泰.. | 惠,ocr/input_videos\上海__五角场合生汇__20260824.mp4
OBS-001221,五角场合生汇,KingKoil金可儿床垫,KingKoil金可儿床垫,成品家具,3.7,,L3,rated,True,,rated,parsed,rating_anchor,0.9924,0.9956,62,11561,202.211,3.7成品家具 | L3,KingKoil金可儿床垫 | KING | 3.7成品家具 | L3 | KOIL | 金可儿床垫 | ￥0￥299建材安装送货上门免费安装 | 惠,ocr/input_videos\上海__五角场合生汇__20260824.mp4
OBS-001222,五角场合生汇,GABRiEL伽百利,GABRiEL伽百利,杂货礼品,4.8,272,B1,rated,True,,rated,parsed,rating_anchor,0.9712,0.9965,55,11594,202.789,4.8杂货礼品￥272/人 | B1,GABRiEL伽百利 | 4.8杂货礼品￥272/人 | B1 | 公仔可爱，环境干净舒适 | “ | GABRIEL,ocr/input_videos\上海__五角场合生汇__20260824.mp4
OBS-001223,五角场合生汇,Hush Puppies,HushPuppies,鞋靴,4.1,958,L2,rated,True,,rated,parsed,rating_anchor,0.96,0.9937,65,11594,202.789,4.1鞋靴￥958/人 | L2,Hush Puppies | Hush Puppies | 4.1鞋靴￥958/人 | L2 | 鞋型好又软结实，店长服务贴心 | “ | -,ocr/input_videos\上海__五角场合生汇__20260824.mp4
OBS-001224,五角场合生汇,OGAWA奧佳华,OGAWA奥佳华,家用电器,4.5,11873,L3,rated,True,,rated,parsed,rating_anchor,0.9494,0.9407,55,11594,202.789,4.5家用电器￥11873/人 | L3,OGAWA奧佳华 | 4.5家用电器￥11873/人 | L3 | OGAWA | 奥佳华 | 精准按摩，包裹感超舒适” | ￥9.9￥39.9 | 【轻盈养护】奥佳华按摩... | 惠,ocr/input_videos\上海__五角场合生汇__20260824.mp4
OBS-001225,五角场合生汇,荣泰按摩椅,荣泰按摩椅,家用电器,4.3,21736,L3,rated,True,,rated,parsed,rating_anchor,0.9843,0.999,58,11594,202.789,4.3家用电器￥21736/人 | L3,荣泰按摩椅 | RDTAI | 能宠父下一代牌 | 拉伸按摩机器人 | ATMAX | 4.3家用电器￥21736/人 | L3 | “功能升级大，按摩椅超舒适” | ￥99￥1000夏日品牌月焕新季|荣泰.. | 惠,ocr/input_videos\上海__五角场合生汇__20260824.mp4
OBS-001226,五角场合生汇,KingKoil金可儿床垫,KingKoil金可儿床垫,成品家具,3.7,,L3,rated,True,,rated,parsed,rating_anchor,0.9745,0.9939,62,11594,202.789,⭐⭐3.7成品家具 | L3,KingKoil金可儿床垫 | KING | ⭐⭐3.7成品家具 | KOIL | L3 | 金可儿床垫 | ￥0￥299建材安装|送货上门免费安装 | 惠,ocr/input_videos\上海__五角场合生汇__20260824.mp4
OBS-001227,五角场合生汇,OGAWA奥佳华,OGAWA奥佳华,家用电器,4.5,11873,L3,rated,True,,rated,parsed,rating_anchor,0.9487,0.9636,55,11638,203.558,L3 | 4.5家用电器￥11873/人,OGAWA奥佳华 | L3 | 4.5家用电器￥11873/人 | OGAWA | 奥佳华 | “精准按摩，包裹感超舒适” | ￥9.9￥39.9 | 【轻盈养护】奥佳华按摩... | 惠,ocr/input_videos\上海__五角场合生汇__20260824.mp4
OBS-001228,五角场合生汇,荣泰按摩椅,荣泰按摩椅,家用电器,4.3,21736,L3,rated,True,,rated,parsed,rating_anchor,0.9851,0.9993,58,11638,203.558,🌟🌟🌟⭐ | L3 | 4.3 | 家用电器￥21736/人 | ★,荣泰按摩椅 | 项能定义下一代院模 | 拉伸按摩机器人 | ATEMAX | 🌟🌟🌟⭐ | L3 | 4.3 | 家用电器￥21736/人 | ★ | 功能升级大，按摩椅超舒适” | 5 | ￥99￥1000夏日品牌月焕新季|荣泰... | 惠,ocr/input_videos\上海__五角场合生汇__20260824.mp4
OBS-001229,五角场合生汇,KingKoil金可儿床垫,KingKoil金可儿床垫,成品家具,3.7,,L3,rated,True,,rated,parsed,rating_anchor,0.9674,0.9957,62,11638,203.558,L3 | ⭐3.7成品家具,KingKoil金可儿床垫 | KING | KOIL | L3 | ⭐3.7成品家具 | 金可儿床垫 | ￥0￥299建材安装|送货上门免费安装 | 惠,ocr/input_videos\上海__五角场合生汇__20260824.mp4
OBS-001230,五角场合生汇,ZAKKAMI杂货猫,ZAKKAMI杂货猫,杂货礼品,,55,B2,new_store,False,new_store,ocr_missing,parsed,metadata_anchor,0.9622,0.9917,52,11638,203.558,新店 | B2 | 杂货礼品￥55/人,ZAKKAMI杂货猫 | 新店 | B2 | 杂货礼品￥55/人 | ZAKKAMI | Niee BHeals | 点评单 | 杨浦区杂货礼品热门榜第7名 | 杂货猫,ocr/input_videos\上海__五角场合生汇__20260824.mp4
OBS-001231,五角场合生汇,Champion,Champion,鞋靴,4.1,928,L1,rated,True,,rated,parsed,rating_anchor,0.9714,0.9994,61,11638,203.558,L1 | 🌟🌟🌟🌟 | 4.1鞋靴￥928/人 | ★,Champion | L1 | 🌟🌟🌟🌟 | 4.1鞋靴￥928/人 | ★ | 黑科技面料，马拉松级实测” | “ | ACTDEE,ocr/input_videos\上海__五角场合生汇__20260824.mp4
OBS-001232,五角场合生汇,KingKoil金可儿床垫,KingKoil金可儿床垫,成品家具,3.7,,L3,rated,True,,rated,parsed,rating_anchor,0.9929,0.9965,61,11660,203.943,3.7成品家具 | L3,KingKoil金可儿床垫 | KING | 3.7成品家具 | KOIL | L3 | 金可儿床垫 | ￥0￥299建 | 惠 | 建材安装送货上门免费安装,ocr/input_videos\上海__五角场合生汇__20260824.mp4
OBS-001233,五角场合生汇,ZAKKAMI杂货猫,ZAKKAMI杂货猫,杂货礼品,,55,B2,new_store,False,new_store,ocr_missing,parsed,metadata_anchor,0.9899,0.9827,52,11660,203.943,新店 | B2 | ￥55/人 | 杂货礼品,ZAKKAMI杂货猫 | 新店 | B2 | ￥55/人 | 杂货礼品 | ZAKKAMI | smune a rening | 点评榜单 | 杨浦区杂货礼品热门榜第7名 | 杂货猫,ocr/input_videos\上海__五角场合生汇__20260824.mp4
OBS-001234,五角场合生汇,Champion,Champion,鞋靴,4.1,928,L1,rated,True,,rated,parsed,rating_anchor,0.9749,0.9994,60,11660,203.943,🌟🌟⭐⭐ | L1 | 鞋靴￥928/人 | 4.1 | ★,Champion | 🌟🌟⭐⭐ | L1 | 鞋靴￥928/人 | 4.1 | ★ | 黑科技面料，马拉松级实测,ocr/input_videos\上海__五角场合生汇__20260824.mp4
OBS-001235,五角场合生汇,ACTREE,ACTREE,服装,4.1,973,L3,rated,True,,rated,parsed,rating_anchor,0.9798,0.9974,49,11660,203.943,🌟🌟⭐🌟⭐ | L3 | 4.1服装￥973/人,ACTREE | AYSTE | 🌟🌟⭐🌟⭐ | L3 | 4.1服装￥973/人,ocr/input_videos\上海__五角场合生汇__20260824.mp4
OBS-001236,五角场合生汇,CHARLES KEITH,CHARLESKEITH,箱包,4.0,427,B1,rated,True,,rated,parsed,rating_anchor,0.9734,0.9476,44,11660,203.943,🌟🌟🌟⭐ | B1 | 箱包 | ￥427/人 | 4.0 | ★,CHARLUS L SENG | CHARLES KEITH | 🌟🌟🌟⭐ | B1 | 箱包 | ￥427/人 | 4.0 | ★ | 皮质软拉链顺，容量巨大可放平板” | C | YOUNGOR | 明法 | A,ocr/input_videos\上海__五角场合生汇__20260824.mp4
OBS-001237,五角场合生汇,ZAKKAMI杂货猫,ZAKKAMI杂货猫,杂货礼品,,55,B2,new_store,False,new_store,ocr_missing,parsed,metadata_anchor,0.9731,0.9891,55,11704,204.713,杂货礼品￥55/人 | B2 | 新店,ZAKKAMI杂货猫 | 杂货礼品￥55/人 | B2 | 新店 | ZAKKAMI | NmatDing | 点评榜单 | 杨浦区杂货礼品热门榜第7名 | 杂货猫,ocr/input_videos\上海__五角场合生汇__20260824.mp4
OBS-001238,五角场合生汇,Champion,Champion,鞋靴,4.1,928,L1,rated,True,,rated,parsed,rating_anchor,0.9821,0.9996,64,11704,204.713,⭐🌟⭐ | L1 | 4.1鞋靴￥928/人 | ★,Champion | ⭐🌟⭐ | L1 | 4.1鞋靴￥928/人 | ★ | 黑科技面料，马拉松级实测,ocr/input_videos\上海__五角场合生汇__20260824.mp4
OBS-001239,五角场合生汇,ACTREE,ACTREE,服装,4.1,973,L3,rated,True,,rated,parsed,rating_anchor,0.979,0.9982,49,11704,204.713,🌟🌟🌟⭐⭐ | L3 | 4.1服装￥973/人,ACTREE | AEE | 🌟🌟🌟⭐⭐ | L3 | 4.1服装￥973/人,ocr/input_videos\上海__五角场合生汇__20260824.mp4
OBS-001240,五角场合生汇,CHARLES KEITH,CHARLESKEITH,箱包,4.0,427,B1,rated,True,,rated,parsed,rating_anchor,0.9633,0.973,46,11704,204.713,🌟🌟⭐⭐⭐ | 箱包￥427/人 | B1 | 4.0,CHARLES KEITH | CHAGLLSL TEIR | 🌟🌟⭐⭐⭐ | 箱包￥427/人 | B1 | 4.0 | 皮质软拉链顺，容量巨大可放平板” | （,ocr/input_videos\上海__五角场合生汇__20260824.mp4
OBS-001241,五角场合生汇,YOUNGOR,YOUNGOR,服装,4.3,,L2,rated,True,,rated,parsed,rating_anchor,0.9988,0.9978,52,11704,204.713,服装 | L2 | 🌟🌟🌟🌟 | 4.3 | ★,YOUNGOR | 服装 | L2 | 🌟🌟🌟🌟 | 4.3 | ★ | 西服款式多，版型正不” | ≤ | ￥1000￥1050新春唤新折上折1000团... | 惠,ocr/input_videos\上海__五角场合生汇__20260824.mp4
OBS-001242,五角场合生汇,荣耀授权高级体验店,荣耀授权高级体验店,数码产品,4.7,3943,L4,rated,True,,rated,parsed,rating_anchor,0.9839,0.9984,55,11704,204.713,⭐🌟4.7 | 数码产品￥3943/人 | L4,荣耀授权高级体验店 | ⭐🌟4.7 | 数码产品￥3943/人 | L4,ocr/input_videos\上海__五角场合生汇__20260824.mp4
OBS-001243,五角场合生汇,ZAKKAMI杂货猫,ZAKKAMI杂货猫,杂货礼品,,55,B2,new_store,False,new_store,ocr_missing,parsed,metadata_anchor,0.9896,0.9822,51,11726,205.097,新店 | 杂货礼品 | B2 | ￥55/人,ZAKKAMI杂货猫 | 新店 | 杂货礼品 | B2 | ￥55/人 | ZAKKAMI | NHDng | 点评榜单 | 杨浦区杂货礼品热门榜第7名 | 杂货猫,ocr/input_videos\上海__五角场合生汇__20260824.mp4
OBS-001244,五角场合生汇,Champion,Champion,鞋靴,4.1,928,L1,rated,True,,rated,parsed,rating_anchor,0.9713,0.9995,63,11726,205.097,🌟⭐ | L1 | 鞋靴￥928/人 | ★ | 4.1,Champion | 🌟⭐ | L1 | 鞋靴￥928/人 | ★ | 4.1 | 黑科技面料，马拉松级实测 | “ | 5,ocr/input_videos\上海__五角场合生汇__20260824.mp4
OBS-001245,五角场合生汇,ACTREE,ACTREE,服装,4.1,973,L3,rated,True,,rated,parsed,rating_anchor,0.9838,0.9982,49,11726,205.097,🌟🌟⭐⭐ | L3 | 4.1服装￥973/人 | ★,ACTREE | AEE | 🌟🌟⭐⭐ | L3 | 4.1服装￥973/人 | ★,ocr/input_videos\上海__五角场合生汇__20260824.mp4
OBS-001246,五角场合生汇,CHARLES KEITH,CHARLESKEITH,箱包,4.0,427,B1,rated,True,,rated,parsed,rating_anchor,0.9506,0.9701,47,11726,205.097,箱包￥427/人 | B1 | 🌟🌟🌟⭐ | 4.0 | ★,CHARLES KEITH | CHAKLES & LENR | 箱包￥427/人 | B1 | 🌟🌟🌟⭐ | 4.0 | ★ | 皮质软拉链顺，容量巨大可放平板”,ocr/input_videos\上海__五角场合生汇__20260824.mp4
OBS-001247,五角场合生汇,YOUNGOR,YOUNGOR,服装,4.3,,L2,rated,True,,rated,parsed,rating_anchor,0.9988,0.9979,49,11726,205.097,服装 | 🌟🌟🎉🎉 | L2 | 4.3 | 4,YOUNGOR | 服装 | 🌟🌟🎉🎉 | L2 | 4.3 | 4 | 西服款式多，版型正不老气” | ≤ | ￥1000￥1050 | 新春唤新折上折1000团... | 惠,ocr/input_videos\上海__五角场合生汇__20260824.mp4
OBS-001248,五角场合生汇,荣耀授权高级体验店,荣耀授权高级体验店,数码产品,4.7,3943,L4,rated,True,,rated,parsed,rating_anchor,0.9995,0.9992,55,11726,205.097,🌟🌟🎉🌟 | 数码产品 | L4 | 4.7 | ￥3943/人,荣耀授权高级体验店 | 🌟🌟🎉🌟 | 数码产品 | L4 | 4.7 | ￥3943/人 | “拍昭清晰色彩好 | AI功能超智能”,ocr/input_videos\上海__五角场合生汇__20260824.mp4
OBS-001249,五角场合生汇,ZAKKAMI杂货猫,ZAKKAMI杂货猫,杂货礼品,,55,B2,new_store,False,new_store,ocr_missing,parsed,metadata_anchor,0.9639,0.9778,51,11748,205.482,新店 | B2 | 杂货礼品￥55/人,ZAKKAMI杂货猫 | 新店 | B2 | 杂货礼品￥55/人 | ZAKKAMI | Nmn Hire | 点评榜单 | 杨浦区杂货礼品热门榜第7名 | 杂货猫,ocr/input_videos\上海__五角场合生汇__20260824.mp4
OBS-001250,五角场合生汇,Champion,Champion,鞋靴,4.1,928,L1,rated,True,,rated,parsed,rating_anchor,0.9687,0.9995,64,11748,205.482,🌟🌟🎉🎉 | L1 | 4.1 | 鞋靴￥928/人 | ★,Champion | 🌟🌟🎉🎉 | L1 | 4.1 | 鞋靴￥928/人 | ★ | 黑科技面料，马拉松级实测,ocr/input_videos\上海__五角场合生汇__20260824.mp4
OBS-001251,五角场合生汇,ACTREE,ACTREE,服装,4.1,973,L3,rated,True,,rated,parsed,rating_anchor,0.9812,0.9975,52,11748,205.482,L3 | 🌟🌟🌟🎉 | 4.1服装￥973/人 | ★,ACTREE | AEE | L3 | 🌟🌟🌟🎉 | 4.1服装￥973/人 | ★,ocr/input_videos\上海__五角场合生汇__20260824.mp4
OBS-001252,五角场合生汇,CHARLES KEITH,CHARLESKEITH,箱包,4.0,427,B1,rated,True,,rated,parsed,rating_anchor,0.9602,0.9815,44,11748,205.482,箱包￥427/人 | B1 | ★★★★★ | 4.0,CHARLES KEITH | CHAGLLS A SENN | 箱包￥427/人 | B1 | ★★★★★ | 4.0 | 皮质软拉链顺，容量巨大可放平板” | C,ocr/input_videos\上海__五角场合生汇__20260824.mp4
OBS-001253,五角场合生汇,YOUNGOR,YOUNGOR,服装,4.3,,L2,rated,True,,rated,parsed,rating_anchor,0.9991,0.9983,49,11748,205.482,服装 | ⭐🌟⭐⭐ | L2 | 4.3 | ★,YOUNGOR | 服装 | ⭐🌟⭐⭐ | L2 | 4.3 | ★ | 西服款式多，版型正不老气” | ≤ | ￥1000￥1050新春唤新折上折1000团... | 惠,ocr/input_videos\上海__五角场合生汇__20260824.mp4
OBS-001254,五角场合生汇,荣耀授权高级体验店,荣耀授权高级体验店,数码产品,4.7,3943,L4,rated,True,,rated,parsed,rating_anchor,0.982,0.9967,54,11748,205.482,⭐🌟🎉🌟4.7 | 数码产品￥3943/人 | L4,荣耀授权高级体验店 | 9 | ⭐🌟🎉🌟4.7 | 数码产品￥3943/人 | L4 | “拍照清晰色彩好，AI功能超智能”,ocr/input_videos\上海__五角场合生汇__20260824.mp4
OBS-001255,五角场合生汇,ZAKKAMI杂货猫,ZAKKAMI杂货猫,杂货礼品,,55,B2,new_store,False,new_store,ocr_missing,parsed,metadata_anchor,0.9722,0.9842,60,11781,206.059,新店 | B2 | 杂货礼品￥55/人,ZAKKAMI杂货猫 | 新店 | B2 | 杂货礼品￥55/人 | ZAKKAMI | 点评榜单 | 杨浦区杂货礼品热门榜第7名 | 杂货猫,ocr/input_videos\上海__五角场合生汇__20260824.mp4
OBS-001256,五角场合生汇,Champion,Champion,鞋靴,4.1,928,L1,rated,True,,rated,parsed,rating_anchor,0.978,0.9995,62,11781,206.059,⭐🌟⭐ | L1 | 鞋靴￥928/人 | 4.1 | ★,Champion | ⭐🌟⭐ | L1 | 鞋靴￥928/人 | 4.1 | ★ | 黑科技面料，马拉松级实测 | “,ocr/input_videos\上海__五角场合生汇__20260824.mp4
OBS-001257,五角场合生汇,ACTREE,ACTREE,服装,4.1,973,L3,rated,True,,rated,parsed,rating_anchor,0.9794,0.998,49,11781,206.059,⭐🌟🌟⭐ | L3 | 4.1服装￥973/人 | ★,ACTREE | 一A5E | ⭐🌟🌟⭐ | L3 | 4.1服装￥973/人 | ★,ocr/input_videos\上海__五角场合生汇__20260824.mp4
OBS-001258,五角场合生汇,CHARLES KEITH,CHARLESKEITH,箱包,4.0,427,B1,rated,True,,rated,parsed,rating_anchor,0.9459,0.981,47,11781,206.059,箱包￥427/人 | B1 | 🌟🌟⭐⭐ | 4.0 | ★,CHARLES KEITH | CHACLES L SENR | 箱包￥427/人 | B1 | 🌟🌟⭐⭐ | 4.0 | ★ | 皮质软拉链顺，容量巨大可放平板”,ocr/input_videos\上海__五角场合生汇__20260824.mp4
OBS-001259,五角场合生汇,YOUNGOR,YOUNGOR,服装,4.3,,L2,rated,True,,rated,parsed,rating_anchor,0.9992,0.9986,48,11781,206.059,服装 | 🌟🌟🎉🎉 | L2 | 4.3 | ★,YOUNGOR | 服装 | 🌟🌟🎉🎉 | L2 | 4.3 | ★ | 西服款式多，版型正不老气” | “ | 惠 | ￥1000￥1050新春唤新折上折1000团..,ocr/input_videos\上海__五角场合生汇__20260824.mp4
OBS-001260,五角场合生汇,荣耀授权高级体验店,荣耀授权高级体验店,数码产品,4.7,3943,L4,rated,True,,rated,parsed,rating_anchor,0.9787,0.9887,54,11781,206.059,⭐⭐⭐🌟4.7 | L4 | 数码产品￥3943/人,荣耀授权高级体验店 | 6 | ⭐⭐⭐🌟4.7 | L4 | 数码产品￥3943/人 | “拍照清晰色彩好，AI功能超智能”,ocr/input_videos\上海__五角场合生汇__20260824.mp4
OBS-001261,五角场合生汇,荣耀授权高级体验店,荣耀授权高级体验店,数码产品,4.7,3943,L4,rated,True,,rated,parsed,rating_anchor,0.9794,0.9975,57,11858,207.406,4.7数码产品￥3943/人 | L4,荣耀授权高级体验店 | 4.7数码产品￥3943/人 | L4 | “拍照清晰色彩好，AI功能超智能 | HONOR,ocr/input_videos\上海__五角场合生汇__20260824.mp4
OBS-001262,五角场合生汇,Lee,Lee,服饰鞋包,3.8,1208,L2,rated,True,,rated,parsed,rating_anchor,0.9835,0.9995,58,11858,207.406,3.8服饰鞋包￥1208/人 | L2,Lee | Leé | 3.8服饰鞋包￥1208/人 | L2,ocr/input_videos\上海__五角场合生汇__20260824.mp4
OBS-001263,五角场合生汇,李宁,李宁,运动户外,4.8,672,B1,rated,True,,rated,parsed,rating_anchor,0.9711,0.9986,66,11858,207.406,4.8运动户外￥672/人 | B1,李宁 | 4.8运动户外￥672/人 | B1 | LI-NING | 点评榜单 | 五角场/大学路运动户外好评榜第3名 | 款式新码数全，购物体验很舒服 | ￥540 | ￥600 | 惠 | 【开学季】540团600折上....,ocr/input_videos\上海__五角场合生汇__20260824.mp4
OBS-001264,五角场合生汇,泰兰尼斯TARANIS,泰兰尼斯TARANIS,鞋靴,4.0,438,L3,rated,True,,rated,parsed,rating_anchor,0.973,0.9986,50,11858,207.406,🌟🌟🌟🌟 | L3 | 4.0 | 鞋靴￥438/人 | ★,泰兰尼斯TARANIS | 🌟🌟🌟🌟 | L3 | 4.0 | 鞋靴￥438/人 | 店迎 | ★ | 小 | 泰兰尼斯学步鞋，柔软舒适,ocr/input_videos\上海__五角场合生汇__20260824.mp4
OBS-001265,五角场合生汇,追觅DREAME,追觅DREAME,家用电器,3.8,1645,B1,rated,True,,rated,parsed,rating_anchor,0.9812,0.9973,59,11858,207.406,★🌟⭐🌟🌟 | B1 | 家用电器￥1645/人 | 3.8,追觅DREAME | DREAME | ★🌟⭐🌟🌟 | B1 | 家用电器￥1645/人 | 3.8 | 品类齐全，吸尘器空气净化器都有” | <,ocr/input_videos\上海__五角场合生汇__20260824.mp4
OBS-001266,五角场合生汇,荣耀授权高级体验店,荣耀授权高级体验店,数码产品,4.7,3943,L4,rated,True,,rated,parsed,rating_anchor,0.9837,0.9991,55,11880,207.791,4.7数码产品￥3943/人 | L4,荣耀授权高级体验店 | 4.7数码产品￥3943/人 | L4 | “拍照清晰色彩好，AI功能超智能 | HONOR,ocr/input_videos\上海__五角场合生汇__20260824.mp4
OBS-001267,五角场合生汇,Lee,Lee,服饰鞋包,3.8,1208,L2,rated,True,,rated,parsed,rating_anchor,0.9595,0.9995,58,11880,207.791,⭐3.8服饰鞋包￥1208/人 | L2,Lee | Leé | ⭐3.8服饰鞋包￥1208/人 | L2,ocr/input_videos\上海__五角场合生汇__20260824.mp4
OBS-001268,五角场合生汇,李宁,李宁,运动户外,4.8,672,B1,rated,True,,rated,parsed,rating_anchor,0.9676,0.9992,68,11880,207.791,4.8运动户外￥672/人 | B1,李宁 | 4.8运动户外￥672/人 | B1 | LI-NING | 点评榜单 | 五角场/大学路运动户外好评榜第3名 | 款式新码数全，购物体验很舒服 | 53 | ￥540￥600 | 【开学季】540团600折上... | 惠,ocr/input_videos\上海__五角场合生汇__20260824.mp4
OBS-001269,五角场合生汇,泰兰尼斯TARANIS,泰兰尼斯TARANIS,鞋靴,4.0,438,L3,rated,True,,rated,parsed,rating_anchor,0.9831,0.9979,54,11880,207.791,🌟🌟🌟🌟⭐ | L3 | 4.0鞋靴￥438/人,泰兰尼斯TARANIS | 🌟🌟🌟🌟⭐ | L3 | 4.0鞋靴￥438/人 | 房 | 泰兰尼斯学步鞋，柔软舒适”,ocr/input_videos\上海__五角场合生汇__20260824.mp4
OBS-001270,五角场合生汇,追觅DREAME,追觅DREAME,家用电器,3.8,1645,B1,rated,True,,rated,parsed,rating_anchor,0.9787,0.9983,55,11880,207.791,3.8家用电器￥1645/人 | B1,追觅DREAME | DREAME | 3.8家用电器￥1645/人 | B1 | 品类齐全，吸尘器空气净化器都有,ocr/input_videos\上海__五角场合生汇__20260824.mp4
OBS-001271,五角场合生汇,荣耀授权高级体验店,荣耀授权高级体验店,数码产品,4.7,3943,L4,rated,True,,rated,parsed,rating_anchor,0.9826,0.9988,55,11913,208.368,4.7数码产品￥3943/人 | L4,荣耀授权高级体验店 | 4.7数码产品￥3943/人 | L4 | “拍照清晰色彩好，AI功能超智能 | HONOR,ocr/input_videos\上海__五角场合生汇__20260824.mp4
OBS-001272,五角场合生汇,Lee,Lee,服饰鞋包,3.8,1208,L2,rated,True,,rated,parsed,rating_anchor,0.9842,0.9994,56,11913,208.368,3.8服饰鞋包￥1208/人 | L2,Lee | Leé | 3.8服饰鞋包￥1208/人 | L2,ocr/input_videos\上海__五角场合生汇__20260824.mp4
OBS-001273,五角场合生汇,李宁,李宁,运动户外,4.8,672,B1,rated,True,,rated,parsed,rating_anchor,0.9706,0.999,66,11913,208.368,4.8运动户外￥672/人 | B1,李宁 | 4.8运动户外￥672/人 | B1 | LI-NING | 点评榜单 | 五角场/大学路运动户外好评榜第3名 | 款式新码数全，购物体验很舒服 | 55 | ￥540￥600 | 【开学季】540团600折上.... | 惠,ocr/input_videos\上海__五角场合生汇__20260824.mp4
OBS-001274,五角场合生汇,泰兰尼斯TARANIS,泰兰尼斯TARANIS,鞋靴,4.0,438,L3,rated,True,,rated,parsed,rating_anchor,0.9809,0.9977,54,11913,208.368,🌟🌟🎉🎉🌟 | L3 | 4.0鞋靴￥438/人,泰兰尼斯TARANIS | 🌟🌟🎉🎉🌟 | L3 | 4.0鞋靴￥438/人 | 房足 | 泰兰尼斯学步鞋，柔软舒适”,ocr/input_videos\上海__五角场合生汇__20260824.mp4
OBS-001275,五角场合生汇,追觅DREAME,追觅DREAME,家用电器,3.8,1645,B1,rated,True,,rated,parsed,rating_anchor,0.9812,0.9983,55,11913,208.368,B1 | 3.8家用电器￥1645/人,追觅DREAME | DREAME | B1 | 3.8家用电器￥1645/人 | 品类齐全，吸尘器空气净化器都有 | “ | 极氪空间,ocr/input_videos\上海__五角场合生汇__20260824.mp4
OBS-001276,五角场合生汇,极氪空间,极氪空间,4S店,,196642,L1,unknown,True,,ocr_missing,parsed,metadata_anchor,0.9881,0.9983,57,12001,209.907,⭐🌟🌟🌟⭐ | L1 | 4.24S店￥196642/人,极氪空间 | ⭐🌟🌟🌟⭐ | L1 | 4.24S店￥196642/人 | 试驾流程轻松流畅，科技感十足 | 5 | ￥0.01￥1 | 惠 | 【试驾有礼】极氪全系车型..,ocr/input_videos\上海__五角场合生汇__20260824.mp4
OBS-001277,五角场合生汇,MO&Co.,MO&Co.,服饰鞋包,4.2,1743,L2,rated,True,,rated,parsed,rating_anchor,0.9668,0.9709,55,12001,209.907,🌟🌟🌟⭐ | L2 | 4.2 | 服饰鞋包￥1743/人 | ★,MO&Co. | 🌟🌟🌟⭐ | L2 | 4.2 | 服饰鞋包￥1743/人 | ★ | MO&Co.,ocr/input_videos\上海__五角场合生汇__20260824.mp4
OBS-001278,五角场合生汇,膜壳先锋手机贴膜维修回收,膜壳先锋手机贴膜维修回收,数码产品,4.3,138,B1,rated,True,,rated,parsed,rating_anchor,0.983,0.9962,54,12001,209.907,数码产品￥138/人 | B1 | 🌟🌟⭐🌟🌟 | 4.3,膜壳先锋手机贴膜维修回收 | 膜壳先锋 | 数码产品￥138/人 | B1 | 🌟🌟⭐🌟🌟 | 4.3 | MOOKCE | 始丝划一地提供社验的客户体验 | 手机完美复活，价格实惠 | 手机 | 电脑 | 高价 | 维修 | 维修 | 回收 | ￥69￥89蓝猩高清防静电钢化膜【苹果... | 惠￥ | 惠￥50￥100代金券,ocr/input_videos\上海__五角场合生汇__20260824.mp4
OBS-001279,五角场合生汇,moodytiger,moodytiger,服饰鞋包,3.4,,L3,rated,True,,rated,parsed,rating_anchor,0.9988,0.9995,60,12001,209.907,🌟🌟🎉⭐🌟 | L3 | 3.4服饰鞋包,moodytiger | 🌟🌟🎉⭐🌟 | L3 | 3.4服饰鞋包 | 香薰精油扩香，店铺舒适放松” | moodytiger | 小,ocr/input_videos\上海__五角场合生汇__20260824.mp4
OBS-001280,五角场合生汇,阿维塔体验中心上海合生汇店,阿维塔体验中心上海合生汇店,4S店,,233830,L1,unknown,True,,ocr_missing,parsed,metadata_anchor,0.9738,0.9983,53,12001,209.907,3.74S店￥233830/人 | L1,阿维塔体验中心上海合生汇店 | 3.74S店￥233830/人 | L1,ocr/input_videos\上海__五角场合生汇__20260824.mp4
OBS-001281,五角场合生汇,极氪空间,极氪空间,4S店,,196642,L1,unknown,True,,ocr_missing,parsed,metadata_anchor,0.9856,0.9967,59,12023,210.292,🌟🌟🎉🌟🌟 | 4.24S店￥196642/人 | L1,极氪空间 | 🌟🌟🎉🌟🌟 | 4.24S店￥196642/人 | L1 | “试驾流程轻松流畅，科技感十” | ￥0.01￥1 | 【试驾有礼】极氪全系车型... | 惠,ocr/input_videos\上海__五角场合生汇__20260824.mp4
OBS-001282,五角场合生汇,MO&Co.,MO&Co.,服饰鞋包,4.2,1743,L2,rated,True,,rated,parsed,rating_anchor,0.9635,0.9454,56,12023,210.292,🌟🌟🌟⭐🌟 | L2 | 4.2服饰鞋包￥1743/人,MO&Co. | 🌟🌟🌟⭐🌟 | L2 | 4.2服饰鞋包￥1743/人 | MO&Co.,ocr/input_videos\上海__五角场合生汇__20260824.mp4
OBS-001283,五角场合生汇,膜壳先锋手机贴膜维修回收,膜壳先锋手机贴膜维修回收,数码产品,4.3,138,B1,rated,True,,rated,parsed,rating_anchor,0.9824,0.9971,54,12023,210.292,🌟🌟🌟⭐🌟 | 4.3数码产品￥138/人 | B1,膜壳先锋手机贴膜维修回收 | 膜壳先锋 | 🌟🌟🌟⭐🌟 | 4.3数码产品￥138/人 | B1 | MCOKZE | 始划一地提供股验的容户体验 | 手机完美复活，价格实惠” | “ | 电 | 手机 | 高价 | 维修 | 回收 | ￥69￥89蓝猩高清防静电钢化膜【苹果.. | 惠 | ￥50￥100代金券 | 惠,ocr/input_videos\上海__五角场合生汇__20260824.mp4
OBS-001284,五角场合生汇,moodytiger,moodytiger,服饰鞋包,3.4,,L3,rated,True,,rated,parsed,rating_anchor,0.999,0.9995,61,12023,210.292,3.4服饰鞋包 | ★★★★★ | L3,moodytiger | 3.4服饰鞋包 | ★★★★★ | L3 | moodytiger | 香薰精油扩香，店铺舒适放松,ocr/input_videos\上海__五角场合生汇__20260824.mp4
OBS-001285,五角场合生汇,阿维塔体验中心上海合生汇店,阿维塔体验中心上海合生汇店,4S店,,233830,L1,unknown,True,,ocr_missing,parsed,metadata_anchor,0.9777,0.9989,56,12023,210.292,3.74S店￥233830/人 | L1,阿维塔体验中心上海合生汇店 | 3.74S店￥233830/人 | L1,ocr/input_videos\上海__五角场合生汇__20260824.mp4
OBS-001286,五角场合生汇,膜壳先锋手机贴膜维修回收,膜壳先锋手机贴膜维修回收,数码产品,4.3,138,B1,rated,True,,rated,parsed,rating_anchor,0.9792,0.9962,51,12100,211.639,★★★🌟 | 数码产品￥138/人 | B1 | 4.3 | ★,膜壳先锋手机贴膜维修回收 | 膜壳先锋 | ★★★🌟 | 数码产品￥138/人 | B1 | 4.3 | ★ | MOOKZE | 培丝划一地提供联验的容户产体验 | 手机完美复活，价格实惠” | K | 手机 | 电脑 | 高价 | 维修 | 维修 | 回收 | 惠 | ￥69￥89蓝猩高清防静电钢化膜【苹果... | ￥50￥100代金券 | 惠,ocr/input_videos\上海__五角场合生汇__20260824.mp4
OBS-001287,五角场合生汇,moodytiger,moodytiger,服饰鞋包,3.4,,L3,rated,True,,rated,parsed,rating_anchor,0.9987,0.9992,58,12100,211.639,🌟🌟🎉★🌟 | 3.4服饰鞋包 | L3,moodytiger | 🌟🌟🎉★🌟 | 3.4服饰鞋包 | L3 | moodytiger | 香薰精油扩香，店铺舒适放松”,ocr/input_videos\上海__五角场合生汇__20260824.mp4
OBS-001288,五角场合生汇,阿维塔体验中心上海合生汇店,阿维塔体验中心上海合生汇店,4S店,,233830,L1,unknown,True,,ocr_missing,parsed,metadata_anchor,0.9652,0.9886,56,12100,211.639,3.74S店￥233830/人 | L1,阿维塔体验中心上海合生汇店 | 3.74S店￥233830/人 | L1,ocr/input_videos\上海__五角场合生汇__20260824.mp4
OBS-001289,五角场合生汇,宋朝香氛,宋朝香氛,化妆品,3.9,237,B1,rated,True,,rated,parsed,rating_anchor,0.9753,0.9984,57,12100,211.639,🌟🌟🌟🌟🌟 | 化妆品￥237/人 | B1 | 3.9,宋朝香氛 | 🌟🌟🌟🌟🌟 | 化妆品￥237/人 | B1 | 3.9 | 宋朝香氛 | SonG Chao | 香氛味道清新，对人畜无害 | S,ocr/input_videos\上海__五角场合生汇__20260824.mp4
OBS-001290,五角场合生汇,URBAN REVIVO,URBANREVIVO,服饰鞋包,4.8,425,B1,rated,True,,rated,parsed,rating_anchor,0.9646,0.9704,44,12100,211.639,🌟🌟4.8 | B1 | 服饰鞋包￥425/人,URBAN REVIVO | 🌟🌟4.8 | B1 | 服饰鞋包￥425/人 | 点评镑单 | 五角场/大学路服饰鞋包好评榜第3名 | 设计感强，材质柔软细腻” | OCE,ocr/input_videos\上海__五角场合生汇__20260824.mp4
OBS-001291,五角场合生汇,阿维塔体验中心上海合生汇店,阿维塔体验中心上海合生汇店,4S店,,233830,L1,unknown,True,,ocr_missing,parsed,metadata_anchor,0.9575,0.9986,51,12144,212.409,★3.74S店￥233830/人 | L1,阿维塔体验中心上海合生汇店 | ★3.74S店￥233830/人 | L1 | 房,ocr/input_videos\上海__五角场合生汇__20260824.mp4
OBS-001292,五角场合生汇,宋朝香氛,宋朝香氛,化妆品,3.9,237,B1,rated,True,,rated,parsed,rating_anchor,0.9982,0.9978,56,12144,212.409,🌟🌟🌟⭐ | 化妆品 | B1 | ￥237/人 | 3.9,宋朝香氛 | 🌟🌟🌟⭐ | 化妆品 | B1 | ￥237/人 | 3.9 | 宋朝香氛 | 香氛味道清新，对人畜无害” | SǒnG Chao,ocr/input_videos\上海__五角场合生汇__20260824.mp4
OBS-001293,五角场合生汇,URBAN REVIVO,URBANREVIVO,服饰鞋包,4.8,425,B1,rated,True,,rated,parsed,rating_anchor,0.9643,0.9551,45,12144,212.409,B1 | 🌟🌟🌟⭐🌟 | 服饰鞋包￥425/人 | 4.8,URBAN REVIVO | UR | B1 | 🌟🌟🌟⭐🌟 | 服饰鞋包￥425/人 | 4.8 | 点评榜单 | 五角场/大学路服饰鞋包好评榜第3名 | URBAN REVIVO | 设计感强，材质柔软细腻 | “,ocr/input_videos\上海__五角场合生汇__20260824.mp4
OBS-001294,五角场合生汇,OCE,OCE,居家日用,4.8,82,B1,rated,True,,rated,parsed,rating_anchor,0.9681,0.9981,57,12144,212.409,B1 | ⭐4.8居家日用￥82/人,OCE | B1 | ⭐4.8居家日用￥82/人 | O.CE | “ | 可爱物品超多，香薰精油持久留香 | ￥1￥2 | 惠 | 【馨动礼遇】OCE天然饮用水*1瓶 | ￥100 | 惠 | ￥88.5 | 9.9折 | 代金券,ocr/input_videos\上海__五角场合生汇__20260824.mp4
OBS-001295,五角场合生汇,麦檬MM,麦檬MM,服装,3.1,,L3,rated,True,,rated,parsed,rating_anchor,0.9959,0.9941,57,12144,212.409,🌟🌟🎉⭐⭐ | 3.1服装 | L3,麦檬MM | 🌟🌟🎉⭐⭐ | 3.1服装 | L3,ocr/input_videos\上海__五角场合生汇__20260824.mp4
OBS-001296,五角场合生汇,乐道体验店,乐道体验店,4S店,3.9,,L1,rated,True,,rated,parsed,rating_anchor,0.996,0.9999,55,12144,212.409,4S店 | 🌟★🌟🌟🌟 | L1 | 3.9,乐道体验店 | 购新乐道L60 | 享限时礼遇 | 4S店 | 🌟★🌟🌟🌟 | L1 | 3.9,ocr/input_videos\上海__五角场合生汇__20260824.mp4
OBS-001297,五角场合生汇,宋朝香氛,宋朝香氛,化妆品,3.9,237,B1,rated,True,,rated,parsed,rating_anchor,0.9805,0.9973,59,12243,214.14,🌟🌟🌟🌟⭐ | 化妆品￥237/人 | B1 | 3.9,宋朝香氛 | 🌟🌟🌟🌟⭐ | 化妆品￥237/人 | B1 | 3.9 | 宋朝香氛 | SonG Chao | 香氛味道清新，对人畜无害 | “,ocr/input_videos\上海__五角场合生汇__20260824.mp4
OBS-001298,五角场合生汇,URBAN REVIVO,URBANREVIVO,服饰鞋包,4.8,425,B1,rated,True,,rated,parsed,rating_anchor,0.9612,0.9573,43,12243,214.14,🌟🌟🌟🌟🌟 | B1 | 服饰鞋包￥425/人 | 4.8,URBAN REVIVO | UR | 🌟🌟🌟🌟🌟 | B1 | 服饰鞋包￥425/人 | 4.8 | 点评榜单 | 五角场/大学路服饰鞋包好评榜第3名 | URBAN REVIVO | 设计感强，材质柔软细腻”,ocr/input_videos\上海__五角场合生汇__20260824.mp4
OBS-001299,五角场合生汇,OCE,OCE,居家日用,4.8,82,B1,rated,True,,rated,parsed,rating_anchor,0.9801,0.9979,60,12243,214.14,4.8居家日用￥82/人 | B1,OCE | 4.8居家日用￥82/人 | B1 | O.CE | 可爱物品超多，香薰精油持久留香” | “ | ￥1￥2 | 惠 | 【馨动礼遇】OCE天然饮用水*1瓶 | ￥100代金券 | ￥88.5 | 9.9折 | 惠,ocr/input_videos\上海__五角场合生汇__20260824.mp4
OBS-001300,五角场合生汇,麦檬 MM,麦檬MM,服装,3.1,,L3,rated,True,,rated,parsed,rating_anchor,0.9773,0.9592,63,12243,214.14,⭐🌟🎉 | 3.1服装 | ⭐⭐ | L3,麦檬 MM | ⭐🌟🎉 | 3.1服装 | ⭐⭐ | L3,ocr/input_videos\上海__五角场合生汇__20260824.mp4
OBS-001301,五角场合生汇,乐道体验店,乐道体验店,4S店,3.9,,L1,rated,True,,rated,parsed,rating_anchor,0.9978,0.9999,56,12243,214.14,3.9 | 4S店 | 🌟🌟⭐⭐🌟 | L1,乐道体验店 | 购新乐道L60 | 享限时礼遇 | 3.9 | 4S店 | 🌟🌟⭐⭐🌟 | L1 | 位置好找，内饰高级有质感,ocr/input_videos\上海__五角场合生汇__20260824.mp4
OBS-001302,五角场合生汇,宋朝香氛,宋朝香氛,化妆品,3.9,237,B1,rated,True,,rated,parsed,rating_anchor,0.9814,0.9973,59,12287,214.91,🌟🌟🌟🌟⭐ | 化妆品￥237/人 | B1 | 3.9,宋朝香氛 | 🌟🌟🌟🌟⭐ | 化妆品￥237/人 | B1 | 3.9 | 宋朝香氛 | 香氛味道清新，对人畜无害 | SonG Chao | “,ocr/input_videos\上海__五角场合生汇__20260824.mp4
OBS-001303,五角场合生汇,URBAN REVIVO,URBANREVIVO,服饰鞋包,4.8,425,B1,rated,True,,rated,parsed,rating_anchor,0.9614,0.9578,43,12287,214.91,🌟🌟🌟🌟🌟 | B1 | 服饰鞋包￥425/人 | 4.8,URBAN REVIVO | UR | 🌟🌟🌟🌟🌟 | B1 | 服饰鞋包￥425/人 | 4.8 | 点评榜单 | 五角场/大学路服饰鞋包好评榜第3名 | URBAN REVIVO | 设计感强，材质柔软细腻”,ocr/input_videos\上海__五角场合生汇__20260824.mp4
OBS-001304,五角场合生汇,OCE,OCE,居家日用,4.8,82,B1,rated,True,,rated,parsed,rating_anchor,0.9801,0.9979,60,12287,214.91,4.8居家日用￥82/人 | B1,OCE | 4.8居家日用￥82/人 | B1 | O.CE | 可爱物品超多，香薰精油持久留香” | “ | ￥1￥2 | 惠 | 【馨动礼遇】OCE天然饮用水*1瓶 | ￥100代金券 | ￥88.5 | 9.9折 | 惠,ocr/input_videos\上海__五角场合生汇__20260824.mp4
OBS-001305,五角场合生汇,麦檬 MM,麦檬MM,服装,3.1,,L3,rated,True,,rated,parsed,rating_anchor,0.9464,0.8975,57,12287,214.91,⭐🌟🎉 | 3.1服装 | ⭐⭐ | L3,麦檬 MM | ⭐🌟🎉 | 3.1服装 | ⭐⭐ | L3,ocr/input_videos\上海__五角场合生汇__20260824.mp4
OBS-001306,五角场合生汇,乐道体验店,乐道体验店,4S店,3.9,,L1,rated,True,,rated,parsed,rating_anchor,0.9978,0.9999,56,12287,214.91,4S店 | 🌟🌟⭐⭐🌟 | 3.9 | L1,乐道体验店 | 购新乐道L60 | 享限时礼遇 | 4S店 | 🌟🌟⭐⭐🌟 | 3.9 | L1 | 位置好找，内饰高级有质感 | ACMEITEM爱棵米,ocr/input_videos\上海__五角场合生汇__20260824.mp4
OBS-001307,五角场合生汇,OCE,OCE,居家日用,4.8,82,B1,rated,True,,rated,parsed,rating_anchor,0.9749,0.9982,53,12331,215.679,🌟🌈4.8 | B1 | 居家日用￥82/人,OCE | 🌟🌈4.8 | B1 | 居家日用￥82/人 | O.CE | 可爱物品超多，香薰精油持久留香 | “ | 力 | ￥1￥2 | 惠 | 【馨动礼遇】OCE天然饮用水*1瓶 | ￥88.5 | ￥100代金券 | 惠 | 9.9折,ocr/input_videos\上海__五角场合生汇__20260824.mp4
OBS-001308,五角场合生汇,麦檬MM,麦檬MM,服装,3.1,,L3,rated,True,,rated,parsed,rating_anchor,0.992,0.9879,55,12331,215.679,★★★★★ | 3.1服装 | L3,麦檬MM | ★★★★★ | 3.1服装 | L3 | RD,ocr/input_videos\上海__五角场合生汇__20260824.mp4
OBS-001309,五角场合生汇,乐道体验店,乐道体验店,4S店,3.9,,L1,rated,True,,rated,parsed,rating_anchor,0.9984,0.9999,55,12331,215.679,L1 | 🌟🌟🌟🎉 | 4S店 | 3.9,乐道体验店 | 购新乐道L60 | 享限时礼遇 | L1 | 🌟🌟🌟🎉 | 4S店 | 3.9 | “位置好找，内饰级有质感,ocr/input_videos\上海__五角场合生汇__20260824.mp4
OBS-001310,五角场合生汇,ACMEITEM爱棵米,ACMEITEM爱棵米,购物,3.5,1670,B1,rated,True,,rated,parsed,rating_anchor,0.9721,0.9963,50,12331,215.679,🌟🌟🌟3.5 | B1 | 购物￥1670/人,ACMEITEM爱棵米 | 🌟🌟🌟3.5 | B1 | 购物￥1670/人 | 装修有格调，速干衣超好穿！ | ” | “,ocr/input_videos\上海__五角场合生汇__20260824.mp4
OBS-001311,五角场合生汇,FILA,FILA,运动户外,3.8,997,B1,rated,True,,rated,parsed,rating_anchor,0.9724,0.9945,52,12331,215.679,3.8运动户外￥997/人 | B1,FILA | 3.8运动户外￥997/人 | B1 | FIUA,ocr/input_videos\上海__五角场合生汇__20260824.mp4
OBS-001312,五角场合生汇,示迫体验店,示迫体验店,4S店,3.9,,L1,rated,True,,rated,parsed,rating_anchor,0.8803,0.7639,36,12364,216.257,4S店 | L1 | ⭐🌟🌟🌟🌟 | 3.9,示迫体验店 | 购新乐道L60 | 享限时礼遇 | 4S店 | L1 | ⭐🌟🌟🌟🌟 | 3.9 | 位置好找，内饰高级有质感,ocr/input_videos\上海__五角场合生汇__20260824.mp4
OBS-001313,五角场合生汇,ACMEITEM爱棵米,ACMEITEM爱棵米,购物,3.5,1670,B1,rated,True,,rated,parsed,rating_anchor,0.9739,0.9951,48,12364,216.257,🌟🌟🌟🌟🌟 | B1 | 购物￥1670/人 | 3.5,ACMEITEM爱棵米 | 🌟🌟🌟🌟🌟 | B1 | 购物￥1670/人 | 3.5 | 装修有格调，速干衣超好穿！ | 3 | G,ocr/input_videos\上海__五角场合生汇__20260824.mp4
OBS-001314,五角场合生汇,FILA,FILA,运动户外,3.8,997,B1,rated,True,,rated,parsed,rating_anchor,0.9735,0.9958,52,12364,216.257,3.8运动户外￥997/人 | B1,FILA | 3.8运动户外￥997/人 | B1 | FIUA,ocr/input_videos\上海__五角场合生汇__20260824.mp4
OBS-001315,五角场合生汇,BeLLE,BeLLE,鞋靴,4.1,554,L2,rated,True,,rated,parsed,rating_anchor,0.9711,0.9981,47,12364,216.257,🌟🌟⭐🌟 | L2 | 鞋靴￥554/人 | 4.1 | ★,BeLLE | 🌟🌟⭐🌟 | L2 | 鞋靴￥554/人 | 4.1 | ★ | ＢＥＬＬE | 款式多样又百搭，材质舒适还有增高,ocr/input_videos\上海__五角场合生汇__20260824.mp4
OBS-001316,五角场合生汇,MOUSSY,MOUSSY,服装,4.0,1200,B1,rated,True,,rated,parsed,rating_anchor,0.9805,0.9938,45,12364,216.257,🌟🌟🎉🎉 | 4.0服装￥1200/人 | B1 | ￥,MOUSSY | 🌟🌟🎉🎉 | 4.0服装￥1200/人 | B1 | ￥ | 设计独特，面料舒适耐穿,ocr/input_videos\上海__五角场合生汇__20260824.mp4
OBS-001317,五角场合生汇,结绳荟,结绳荟,综合珠宝首饰,4.3,455,B2,rated,True,,rated,parsed,rating_anchor,0.99,0.9994,55,12364,216.257,综合珠宝首饰￥455/人 | ★🌟★★ | B2 | 4.3 | ★,结绳荟 | 综合珠宝首饰￥455/人 | ★🌟★★ | B2 | 4.3 | ★ | 结绳荟 | 实物比照片更好看，服务耐心审美佳 | “ | XNOTYED JEMELERY | lululemon,ocr/input_videos\上海__五角场合生汇__20260824.mp4
OBS-001318,五角场合生汇,ACMEITEM爱棵米,ACMEITEM爱棵米,购物,3.5,1670,B1,rated,True,,rated,parsed,rating_anchor,0.9705,0.9866,51,12386,216.641,B1 | 🌟🌟🌟🌟🌟 | 3.5 | 购物￥1670/人,ACMEITEM爱棵米 | B1 | 🌟🌟🌟🌟🌟 | 3.5 | 购物￥1670/人 | 装修有格调，速干衣超好穿！ | 3,ocr/input_videos\上海__五角场合生汇__20260824.mp4
OBS-001319,五角场合生汇,FILA,FILA,运动户外,3.8,997,B1,rated,True,,rated,parsed,rating_anchor,0.9775,0.9958,52,12386,216.641,🌟🌟🌟🌟🌟 | B1 | 3.8运动户外￥997/人,FILA | 🌟🌟🌟🌟🌟 | B1 | 3.8运动户外￥997/人 | FIUA,ocr/input_videos\上海__五角场合生汇__20260824.mp4
OBS-001320,五角场合生汇,BeLLE,BeLLE,鞋靴,4.1,554,L2,rated,True,,rated,parsed,rating_anchor,0.9701,0.9988,47,12386,216.641,⭐🌟⭐🌟 | L2 | 鞋靴￥554/人 | ￥ | 4.1,BeLLE | ⭐🌟⭐🌟 | L2 | 鞋靴￥554/人 | ￥ | 4.1 | ＢＥＬＬE | 款式多样又百搭，材质舒适还有增高,ocr/input_videos\上海__五角场合生汇__20260824.mp4
OBS-001321,五角场合生汇,MOUSSY,MOUSSY,服装,4.0,1200,B1,rated,True,,rated,parsed,rating_anchor,0.9723,0.9923,46,12386,216.641,🌟🌟⭐⭐ | 服装￥1200/人 | B1 | 4.0 | ★,MOUSSY | 🌟🌟⭐⭐ | 服装￥1200/人 | B1 | 4.0 | ★ | 设计独特，面料舒适耐穿 | 2,ocr/input_videos\上海__五角场合生汇__20260824.mp4
OBS-001322,五角场合生汇,结绳荟,结绳荟,综合珠宝首饰,4.3,455,B2,rated,True,,rated,parsed,rating_anchor,0.9885,0.9994,55,12386,216.641,🌟🌟⭐⭐ | 综合珠宝首饰￥455/人 | B2 | 4.3 | ★,结绳荟 | 🌟🌟⭐⭐ | 综合珠宝首饰￥455/人 | B2 | 4.3 | 结绳荟 | ★ | 实物比照片更好看，服务耐心审美佳 | XNDTTED JENELLERY,ocr/input_videos\上海__五角场合生汇__20260824.mp4
OBS-001323,五角场合生汇,lululemon,lululemon,运动户外,,999,,unknown,True,,ocr_missing,parsed,metadata_anchor,0.9533,0.987,47,12386,216.641,运动户外￥999/人 | 3 | ★,lululemon | 运动户外￥999/人 | 3 | ★,ocr/input_videos\上海__五角场合生汇__20260824.mp4
OBS-001324,五角场合生汇,结绳荟,结绳荟,综合珠宝首饰,4.3,455,B2,rated,True,,rated,parsed,rating_anchor,0.9876,0.9993,55,12463,217.988,★🌟🌟 | 4.3 | 综合珠宝首饰￥455/人 | B2 | ★,结绳荟 | ★🌟🌟 | 4.3 | 综合珠宝首饰￥455/人 | B2 | 结绳荟 | ★ | 实物比照片更好看，服务耐心审美佳 | “ | KNOTTEO JEMELLERY,ocr/input_videos\上海__五角场合生汇__20260824.mp4
OBS-001325,五角场合生汇,lululemon,lululemon,运动户外,3.9,999,L1,rated,True,,rated,parsed,rating_anchor,0.9768,0.9953,50,12463,217.988,运动户外￥999/人 | ⭐🌟🌟🌟🌟 | L1 | 3.9,Ω | lululemon | 运动户外￥999/人 | ⭐🌟🌟🌟🌟 | L1 | 3.9 | 点评榜单 | 五角场/大学路运动户外热门榜第2名 | 试衣间大且有三面镜，购物体验愉快,ocr/input_videos\上海__五角场合生汇__20260824.mp4
OBS-001326,五角场合生汇,hotwind热风,hotwind热风,服饰鞋包,4.7,262,B1,rated,True,,rated,parsed,rating_anchor,0.9729,0.998,51,12463,217.988,★★★🌟4.7 | 服饰鞋包￥262/人 | B1,hotwind热风 | otwlnda | ★★★🌟4.7 | 服饰鞋包￥262/人 | B1 | 环境时尚音乐好，服装也很棒,ocr/input_videos\上海__五角场合生汇__20260824.mp4
OBS-001327,五角场合生汇,谭木匠,谭木匠,杂货礼品,4.1,571,L3,rated,True,,rated,parsed,rating_anchor,0.9849,0.9988,60,12463,217.988,⭐🌟⭐ | 4.1杂货礼品￥571/人 | L3 | ￥,谭木匠 | ⭐🌟⭐ | 4.1杂货礼品￥571/人 | L3 | 譚木匠 | ￥ | “位置好找，梳子超级好 | ￥288￥288谭木匠礼盒漆艺护发梳翠屏 | 惠,ocr/input_videos\上海__五角场合生汇__20260824.mp4
OBS-001328,五角场合生汇,HAZZYS哈吉斯,HAZZYS哈吉斯,服饰鞋包,4.6,1210,L1,rated,True,,rated,parsed,rating_anchor,0.9817,0.9991,52,12463,217.988,🌟🌟🌟🌟🌟 | L1 | 服饰鞋包￥1210/人 | 4.6,HAZZYS哈吉斯 | h | 🌟🌟🌟🌟🌟 | L1 | 服饰鞋包￥1210/人 | 4.6 | HAZZYS,ocr/input_videos\上海__五角场合生汇__20260824.mp4
OBS-001329,五角场合生汇,结绳荟,结绳荟,综合珠宝首饰,4.3,455,B2,rated,True,,rated,parsed,rating_anchor,0.9876,0.9985,57,12496,218.565,🌟🌟🌟🌟 | 综合珠宝首饰￥455/人 | 4.3 | B2 | ★,结绳荟 | 🌟🌟🌟🌟 | 综合珠宝首饰￥455/人 | 4.3 | B2 | 结绳荟 | ★ | 实物比照片更好看，服务耐心审美佳 | “ | XNOTTED JEMELLERY,ocr/input_videos\上海__五角场合生汇__20260824.mp4
OBS-001330,五角场合生汇,lululemon,lululemon,运动户外,3.9,999,L1,rated,True,,rated,parsed,rating_anchor,0.9772,0.9967,53,12496,218.565,🌟🌟⭐🌟🌟 | 运动户外￥999/人 | L1 | 3.9,Ω | lululemon | 🌟🌟⭐🌟🌟 | 运动户外￥999/人 | L1 | 3.9 | 点评榜单 | 五角场/大学路运动户外热门榜第2名 | 试衣间大且有三面镜，购物体验愉快,ocr/input_videos\上海__五角场合生汇__20260824.mp4
OBS-001331,五角场合生汇,hotwind热风,hotwind热风,服饰鞋包,4.7,262,B1,rated,True,,rated,parsed,rating_anchor,0.9844,0.9992,52,12496,218.565,⭐🌟⭐🌟4.7 | B1 | 服饰鞋包￥262/人,hotwind热风 | hotwindR | ⭐🌟⭐🌟4.7 | B1 | 服饰鞋包￥262/人 | 环境时尚音乐好，服装也很棒,ocr/input_videos\上海__五角场合生汇__20260824.mp4
OBS-001332,五角场合生汇,谭木匠,谭木匠,杂货礼品,4.1,571,L3,rated,True,,rated,parsed,rating_anchor,0.9843,0.9988,59,12496,218.565,🌟🌟🌟⭐ | L3 | 4.1杂货礼品￥571/人,谭木匠 | 🌟🌟🌟⭐ | L3 | 4.1杂货礼品￥571/人 | 譚木匠 | 位置好找，梳子超级好用 | ￥288￥288谭木匠礼盒漆艺护发梳翠屏 | 惠,ocr/input_videos\上海__五角场合生汇__20260824.mp4
OBS-001333,五角场合生汇,HAZZYS哈吉斯,HAZZYS哈吉斯,服饰鞋包,4.6,1210,L1,rated,True,,rated,parsed,rating_anchor,0.98,0.9989,52,12496,218.565,4.6服饰鞋包￥1210/人 | L1,HAZZYS哈吉斯 | h | 4.6服饰鞋包￥1210/人 | L1 | HAZZYS,ocr/input_videos\上海__五角场合生汇__20260824.mp4
OBS-001334,五角场合生汇,卡游,卡游,杂货礼品,4.8,113,L3,rated,True,,rated,parsed,rating_anchor,0.9837,1.0,62,12496,218.565,L3 | ⭐🌟🎉⭐⭐4.8 | 杂货礼品￥113/人,卡游 | L3 | ⭐🌟🎉⭐⭐4.8 | 杂货礼品￥113/人 | KAYOU | 面积超大” | 小 | “卡牌品种丰富，,ocr/input_videos\上海__五角场合生汇__20260824.mp4
OBS-001335,五角场合生汇,结绳荟,结绳荟,综合珠宝首饰,4.3,455,B2,rated,True,,rated,parsed,rating_anchor,0.987,0.9985,54,12507,218.758,🌟🌟🌟🌟 | 综合珠宝首饰￥455/人 | 4.3 | B2 | ★,结绳荟 | 🌟🌟🌟🌟 | 综合珠宝首饰￥455/人 | 4.3 | B2 | 结绳荟 | ★ | 实物比照片更好看，服务耐心审美佳 | KNOTTED JE'WELLENY | S,ocr/input_videos\上海__五角场合生汇__20260824.mp4
OBS-001336,五角场合生汇,lululemon,lululemon,运动户外,3.9,999,L1,rated,True,,rated,parsed,rating_anchor,0.9726,0.9951,49,12507,218.758,🌟🌟🌟🌟🌟 | L1 | 运动户外￥999/人 | 3.9,Ω | lululemon | 🌟🌟🌟🌟🌟 | L1 | 运动户外￥999/人 | 3.9 | 点评镑单 | 五角场/大学路运动户外热门榜第2名 | “试衣间大且有三面镜，购物体验愉快,ocr/input_videos\上海__五角场合生汇__20260824.mp4
OBS-001337,五角场合生汇,hotwind热风,hotwind热风,服饰鞋包,4.7,262,B1,rated,True,,rated,parsed,rating_anchor,0.9813,0.9989,51,12507,218.758,⭐🌟4.7 | B1 | 服饰鞋包￥262/人,hotwind热风 | ⭐🌟4.7 | B1 | 服饰鞋包￥262/人 | 环境时尚音乐好，服装也很棒,ocr/input_videos\上海__五角场合生汇__20260824.mp4
OBS-001338,五角场合生汇,谭木匠,谭木匠,杂货礼品,4.1,571,L3,rated,True,,rated,parsed,rating_anchor,0.9814,0.9987,58,12507,218.758,🌟🌟🌟⭐ | L3 | 4.1杂货礼品￥571/人 | ★,谭木匠 | 🌟🌟🌟⭐ | L3 | 4.1杂货礼品￥571/人 | 譚木匠 | ★ | 位置好找，梳子超级好用 | ￥288￥288谭木匠礼盒漆艺护发梳翠屏 | 惠,ocr/input_videos\上海__五角场合生汇__20260824.mp4
OBS-001339,五角场合生汇,HAZZYS哈吉斯,HAZZYS哈吉斯,服饰鞋包,4.6,1210,L1,rated,True,,rated,parsed,rating_anchor,0.9609,0.9989,52,12507,218.758,4.6服饰鞋包￥1210/人 | L1,HAZZYS哈吉斯 | h | 4.6服饰鞋包￥1210/人 | L1 | HAZZYS,ocr/input_videos\上海__五角场合生汇__20260824.mp4
OBS-001340,五角场合生汇,卡游,卡游,杂货礼品,4.8,113,L3,rated,True,,rated,parsed,rating_anchor,0.9824,1.0,57,12507,218.758,⭐⭐⭐🌟4.8 | L3 | 杂货礼品￥113/人,卡游 | ⭐⭐⭐🌟4.8 | L3 | 杂货礼品￥113/人 | KYOU | 卡牌品种丰富， | 面积超大 | “,ocr/input_videos\上海__五角场合生汇__20260824.mp4
OBS-001341,五角场合生汇,结绳荟,结绳荟,综合珠宝首饰,4.3,455,B2,rated,True,,rated,parsed,rating_anchor,0.9869,0.999,54,12540,219.335,⭐🌟⭐⭐ | 4.3 | 综合珠宝首饰￥455/人 | B2 | ★,结绳荟 | ⭐🌟⭐⭐ | 4.3 | 综合珠宝首饰￥455/人 | B2 | ★ | 结绳荟 | 实物比照片更好看，服务耐心审美佳 | KNOTTED JEWELLERY,ocr/input_videos\上海__五角场合生汇__20260824.mp4
OBS-001342,五角场合生汇,lululemon,lululemon,运动户外,3.9,999,L1,rated,True,,rated,parsed,rating_anchor,0.9756,0.9951,51,12540,219.335,🌟🌟⭐🌟🌟 | 运动户外￥999/人 | L1 | 3.9,Ω | lululemon | 🌟🌟⭐🌟🌟 | 运动户外￥999/人 | L1 | 3.9 | 点评榜单 | 五角场/大学路运动户外热门榜第2名 | “试衣间大且有三面镜，购物体验愉快,ocr/input_videos\上海__五角场合生汇__20260824.mp4
OBS-001343,五角场合生汇,hotwind热风,hotwind热风,服饰鞋包,4.7,262,B1,rated,True,,rated,parsed,rating_anchor,0.9793,0.9991,51,12540,219.335,⭐🌟🎉🌟🌟 | 服饰鞋包￥262/人 | B1 | 4.7,hotwind热风 | ⭐🌟🎉🌟🌟 | 服饰鞋包￥262/人 | B1 | 4.7 | 环境时尚音乐好，服装也很棒,ocr/input_videos\上海__五角场合生汇__20260824.mp4
OBS-001344,五角场合生汇,谭木匠,谭木匠,杂货礼品,4.1,571,L3,rated,True,,rated,parsed,rating_anchor,0.9819,0.9983,58,12540,219.335,🌟🌟🎉🎉 | L3 | 4.1杂货礼品￥571/人 | ★,谭木匠 | 🌟🌟🎉🎉 | L3 | 譚木匠 | 4.1杂货礼品￥571/人 | ★ | 位置好找，梳子超级好用 | ￥288￥288谭木匠礼盒漆艺护发梳翠屏 | 惠,ocr/input_videos\上海__五角场合生汇__20260824.mp4
OBS-001345,五角场合生汇,HAZZYS哈吉斯,HAZZYS哈吉斯,服饰鞋包,4.6,1210,L1,rated,True,,rated,parsed,rating_anchor,0.981,0.9987,52,12540,219.335,4.6服饰鞋包￥1210/人 | L1,HAZZYS哈吉斯 | h | 4.6服饰鞋包￥1210/人 | L1 | HAZZYS,ocr/input_videos\上海__五角场合生汇__20260824.mp4
OBS-001346,五角场合生汇,卡游,卡游,杂货礼品,4.8,113,L3,rated,True,,rated,parsed,rating_anchor,0.9837,1.0,61,12540,219.335,L3 | 🌟🌟🎉🎉🌟4.8 | 杂货礼品￥113/人,卡游 | L3 | 🌟🌟🎉🎉🌟4.8 | 杂货礼品￥113/人 | KAYOU | 面积超大” | 卡牌品种丰富，,ocr/input_videos\上海__五角场合生汇__20260824.mp4
OBS-001347,五角场合生汇,lululemon,lululemon,运动户外,3.9,999,L1,rated,True,,rated,parsed,rating_anchor,0.9745,0.9969,56,12617,220.682,🌟⭐🌟🌟 | 运动户外￥999/人 | L1 | 3.9,Ω | lululemon | 🌟⭐🌟🌟 | 运动户外￥999/人 | L1 | 3.9 | 点评榜单 | 五角场/大学路运动户外热门榜第2名 | “试衣间大且有三面镜，购物体验愉快,ocr/input_videos\上海__五角场合生汇__20260824.mp4
OBS-001348,五角场合生汇,hotwind热风,hotwind热风,服饰鞋包,4.7,262,B1,rated,True,,rated,parsed,rating_anchor,0.9805,0.9989,52,12617,220.682,4.7服饰鞋包￥262/人 | B1,hotwind热风 | hotwindHa | 4.7服饰鞋包￥262/人 | B1 | 环境时尚音乐好，服装也很棒,ocr/input_videos\上海__五角场合生汇__20260824.mp4
OBS-001349,五角场合生汇,谭木匠,谭木匠,杂货礼品,4.1,571,L3,rated,True,,rated,parsed,rating_anchor,0.9853,0.9989,62,12617,220.682,🌟🌟🌟🌟 | 4.1杂货礼品￥571/人 | L3,谭木匠 | 🌟🌟🌟🌟 | 4.1杂货礼品￥571/人 | L3 | 譚木匠 | “位置好找，梳子超级好用 | 2 | ￥288￥288谭木匠礼盒漆艺护发梳翠屏 | 惠,ocr/input_videos\上海__五角场合生汇__20260824.mp4
OBS-001350,五角场合生汇,HAZZYS哈吉斯,HAZZYS哈吉斯,服饰鞋包,4.6,1210,L1,rated,True,,rated,parsed,rating_anchor,0.9851,0.9968,55,12617,220.682,🌟🌟🎉🌟 | L1 | 4.6 | 服饰鞋包￥1210/人,HAZZYS哈吉斯 | h | 🌟🌟🎉🌟 | L1 | 4.6 | 服饰鞋包￥1210/人 | HAZZYS,ocr/input_videos\上海__五角场合生汇__20260824.mp4
OBS-001351,五角场合生汇,卡游,卡游,杂货礼品,4.8,113,L3,rated,True,,rated,parsed,rating_anchor,0.9828,1.0,65,12617,220.682,4.8杂货礼品￥113/人 | L3,卡游 | 4.8杂货礼品￥113/人 | L3 | KAYOU | 卡牌品种丰富，面积超大” | “ | ￥939.8折 | ￥100 | 惠 | 【限时福利】100代金券,ocr/input_videos\上海__五角场合生汇__20260824.mp4
OBS-001352,五角场合生汇,lululemon,lululemon,运动户外,3.9,999,L1,rated,True,,rated,parsed,rating_anchor,0.975,0.9968,53,12672,221.644,🌟⭐🌟⭐ | 运动户外￥999/人 | L1 | 3.9,Ω | lululemon | 🌟⭐🌟⭐ | 运动户外￥999/人 | L1 | 3.9 | 点评榜单 | 五角场/大学路运动户外热门榜第2名 | “试衣间大且有三面镜，购物体验愉快,ocr/input_videos\上海__五角场合生汇__20260824.mp4
OBS-001353,五角场合生汇,hotwind热风,hotwind热风,服饰鞋包,4.7,262,B1,rated,True,,rated,parsed,rating_anchor,0.9818,0.9988,52,12672,221.644,4.7服饰鞋包￥262/人 | B1,hotwind热风 | Motwinda | 4.7服饰鞋包￥262/人 | B1 | 环境时尚音乐好，服装也很棒,ocr/input_videos\上海__五角场合生汇__20260824.mp4
OBS-001354,五角场合生汇,谭木匠,谭木匠,杂货礼品,4.1,571,L3,rated,True,,rated,parsed,rating_anchor,0.9886,0.9987,59,12672,221.644,🌟🌟🌟🌟 | 4.1杂货礼品￥571/人 | L3 | ￥,谭木匠 | 🌟🌟🌟🌟 | 4.1杂货礼品￥571/人 | L3 | 譚木匠 | ￥ | “位置好找，梳子超级好用 | 2 | ￥288￥288谭木匠礼盒漆艺护发梳翠屏 | 惠,ocr/input_videos\上海__五角场合生汇__20260824.mp4
OBS-001355,五角场合生汇,HAZZYS哈吉斯,HAZZYS哈吉斯,服饰鞋包,4.6,1210,L1,rated,True,,rated,parsed,rating_anchor,0.9868,0.9979,55,12672,221.644,🌟✨⭐🌟 | L1 | 服饰鞋包￥1210/人 | 4.6,HAZZYS哈吉斯 | h | 🌟✨⭐🌟 | L1 | 服饰鞋包￥1210/人 | 4.6 | HAZZYS,ocr/input_videos\上海__五角场合生汇__20260824.mp4
OBS-001356,五角场合生汇,卡游,卡游,杂货礼品,4.8,113,L3,rated,True,,rated,parsed,rating_anchor,0.9842,1.0,64,12672,221.644,L3 | 4.8杂货礼品￥113/人,卡游 | L3 | 4.8杂货礼品￥113/人 | KAYOU | 卡牌品种丰富，面积超大” | “ | ￥939.8折 | ￥100 | 惠 | 【限时福利】100代金券,ocr/input_videos\上海__五角场合生汇__20260824.mp4
OBS-001357,五角场合生汇,谭木匠,谭木匠,杂货礼品,4.1,571,L3,rated,True,,rated,parsed,rating_anchor,0.9634,0.9988,61,12760,223.183,★★★★ | ★4.1杂货礼品￥571/人 | L3,谭木匠 | ★★★★ | ★4.1杂货礼品￥571/人 | L3 | 譚木匠 | 位置好找，梳子超级好用 | 3 | ￥288￥288谭木匠礼盒漆艺护发梳翠屏 | 惠,ocr/input_videos\上海__五角场合生汇__20260824.mp4
OBS-001358,五角场合生汇,HAZZYS哈吉斯,HAZZYS哈吉斯,服饰鞋包,4.6,1210,L1,rated,True,,rated,parsed,rating_anchor,0.9695,0.9974,55,12760,223.183,4.6服饰鞋包￥1210/人 | L1,HAZZYS哈吉斯 | h | 4.6服饰鞋包￥1210/人 | L1 | HAZZYS,ocr/input_videos\上海__五角场合生汇__20260824.mp4
OBS-001359,五角场合生汇,卡游,卡游,杂货礼品,4.8,113,L3,rated,True,,rated,parsed,rating_anchor,0.9778,0.9999,70,12760,223.183,4.8杂货礼品￥113/人 | L3,卡游 | 4.8杂货礼品￥113/人 | L3 | KAYOU | 卡牌品种丰富，面积超大” | ￥100 | ￥939.8折 | 【限时福利】100代金券 | 惠,ocr/input_videos\上海__五角场合生汇__20260824.mp4
OBS-001360,五角场合生汇,浪琴表LONGINES,浪琴表LONGINES,钟表,4.8,18992,L1,rated,True,,rated,parsed,rating_anchor,0.9666,0.9957,55,12760,223.183,4.8钟表￥18992/人 | L1,浪琴表LONGINES | 4.8钟表￥18992/人 | L1 | LONGINES | 灰康卡斯低调，服务特别好” | 0,ocr/input_videos\上海__五角场合生汇__20260824.mp4
OBS-001361,五角场合生汇,名创优品,名创优品,居家日用,4.8,78,B2,rated,True,,rated,parsed,rating_anchor,0.9796,0.9998,60,12760,223.183,4.8居家日用￥78/人 | B2,名创优品 | 4.8居家日用￥78/人 | B2 | MINI | “情绪价值拉满，价格亲民” | SOü | “ | ￥50好物专享·名创优品.. | ￥40.59.7折 | 惠,ocr/input_videos\上海__五角场合生汇__20260824.mp4
OBS-001362,五角场合生汇,卡游,卡游,杂货礼品,4.8,113,L3,rated,True,,rated,parsed,rating_anchor,0.9753,1.0,66,12782,223.568,4.8杂货礼品￥113/人 | L3,卡游 | 4.8杂货礼品￥113/人 | L3 | KAYOU | 卡牌品种丰富，面积超大 | ￥100 | ￥939.8折 | 惠 | 【限时福利】100代金券,ocr/input_videos\上海__五角场合生汇__20260824.mp4
OBS-001363,五角场合生汇,浪琴表LONGINES,浪琴表LONGINES,钟表,4.8,18992,L1,rated,True,,rated,parsed,rating_anchor,0.9684,0.9893,51,12782,223.568,4.8钟表￥18992/人 | L1,浪琴表LONGINES | 4.8钟表￥18992/人 | L1 | LONGINES | 灰色康卡斯大气低调，服务特别好”,ocr/input_videos\上海__五角场合生汇__20260824.mp4
OBS-001364,五角场合生汇,名创优品,名创优品,居家日用,4.8,78,B2,rated,True,,rated,parsed,rating_anchor,0.9811,0.9999,59,12782,223.568,4.8居家日用￥78/人 | B2,名创优品 | 4.8居家日用￥78/人 | B2 | MINI | “情绪价值拉满，价格亲民 | SOü | 1 | ￥40.59.7折 | ￥50好物专享·名创优品... | 惠,ocr/input_videos\上海__五角场合生汇__20260824.mp4
OBS-001365,五角场合生汇,蔚来中心,蔚来中心,4S店,,191256,L1,unknown,True,,ocr_missing,parsed,metadata_anchor,0.989,0.9992,60,12782,223.568,🌟🌟🌟🌟🌟 | L1 | 3.74S店￥191256/人,蔚来中心 | 购蔚来ES8 | 享1万元选装基金 | 🌟🌟🌟🌟🌟 | L1 | 3.74S店￥191256/人 | “环境干净整洁，适合边遛娃边办公”,ocr/input_videos\上海__五角场合生汇__20260824.mp4
OBS-001366,五角场合生汇,泡泡玛特POPMART,泡泡玛特POPMART,杂货礼品,4.8,140,B1,rated,True,,rated,parsed,rating_anchor,0.9986,0.9986,54,12782,223.568,B1 | ★★★★★ | 杂货礼品 | ￥140/人 | 4.8,泡泡玛特POPMART | B1 | ★★★★★ | 杂货礼品 | ￥140/人 | 4.8 | POP MART | 点评榜单 | 杨浦区杂货礼品热门榜第1名 | 细节处理到位，温润触感 | 万,ocr/input_videos\上海__五角场合生汇__20260824.mp4
OBS-001367,五角场合生汇,蕉下,蕉下,运动户外,3.9,322,B1,rated,True,,rated,parsed,rating_anchor,0.9871,0.9995,63,12782,223.568,🌟🌟🌟🌟⭐ | B1 | 3.9运动户外￥322/人,蕉下 | 🌟🌟🌟🌟⭐ | B1 | 3.9运动户外￥322/人,ocr/input_videos\上海__五角场合生汇__20260824.mp4
OBS-001368,五角场合生汇,浪琴表LONGINES,浪琴表LONGINES,钟表,4.8,18992,L1,rated,True,,rated,parsed,rating_anchor,0.9678,0.9944,54,12804,223.953,4.8钟表￥18992/人 | L1,浪琴表LONGINES | 4.8钟表￥18992/人 | L1 | LONGINES | 灰色康卡斯大气低调，服务特别好” | 1,ocr/input_videos\上海__五角场合生汇__20260824.mp4
OBS-001369,五角场合生汇,名创优品,名创优品,居家日用,4.8,78,B2,rated,True,,rated,parsed,rating_anchor,0.9755,0.9999,59,12804,223.953,4.8居家日用￥78/人 | B2,名创优品 | 4.8居家日用￥78/人 | B2 | MINI | SOü | 情绪价值拉满，价格亲民 | ￥40.59.7折 | ￥50好物专享·名创优品... | 惠,ocr/input_videos\上海__五角场合生汇__20260824.mp4
OBS-001370,五角场合生汇,蔚来中心,蔚来中心,4S店,,191256,L1,unknown,True,,ocr_missing,parsed,metadata_anchor,0.9866,0.9993,59,12804,223.953,3.74S店￥191256/人 | 🌟🌟🌟🌟🌟 | L1,蔚来中心 | 购蔚来ES8 | 享1万元选装基金 | 3.74S店￥191256/人 | 🌟🌟🌟🌟🌟 | L1 | “环境干净整洁，适合边遛娃边办公”,ocr/input_videos\上海__五角场合生汇__20260824.mp4
OBS-001371,五角场合生汇,泡泡玛特POPMART,泡泡玛特POPMART,杂货礼品,4.8,140,B1,rated,True,,rated,parsed,rating_anchor,0.9743,0.9986,50,12804,223.953,🌟🌟🌟🌟🌟4.8 | B1 | 杂货礼品￥140/人,泡泡玛特POPMART | 🌟🌟🌟🌟🌟4.8 | B1 | 杂货礼品￥140/人 | POP MART | 点评榜单 | 杨浦区杂货礼品热门榜第1名 | “细节处理到位，温润触感 | 2,ocr/input_videos\上海__五角场合生汇__20260824.mp4
OBS-001372,五角场合生汇,蕉下,蕉下,运动户外,3.9,322,B1,rated,True,,rated,parsed,rating_anchor,0.9765,0.9996,68,12804,223.953,3.9运动户外￥322/人 | B1,蕉下 | 3.9运动户外￥322/人 | B1,ocr/input_videos\上海__五角场合生汇__20260824.mp4
OBS-001373,五角场合生汇,泡泡玛特POPMART,泡泡玛特POPMART,杂货礼品,4.8,140,B1,rated,True,,rated,parsed,rating_anchor,0.9808,0.9983,54,12991,227.223,⭐★🌟4.8 | B1 | 杂货礼品￥140/人,泡泡玛特POPMART | ⭐★🌟4.8 | B1 | 杂货礼品￥140/人 | POP MART | 点评榜单 | 杨浦区杂货礼品热门榜第1名 | 细节处理到位，温润触感,ocr/input_videos\上海__五角场合生汇__20260824.mp4
OBS-001374,五角场合生汇,蕉下,蕉下,运动户外,3.9,322,B1,rated,True,,rated,parsed,rating_anchor,0.9839,0.9998,66,12991,227.223,⭐🌟🌟★⭐ | B1 | 3.9运动户外￥322/人,蕉下 | ⭐🌟🌟★⭐ | B1 | 3.9运动户外￥322/人 | ￥379￥399 | 【折上折】379代399代金券 | 惠,ocr/input_videos\上海__五角场合生汇__20260824.mp4
OBS-001375,五角场合生汇,DJI大疆,DJI大疆,数码产品,4.8,3540,L1,rated,True,,rated,parsed,rating_anchor,0.9782,0.9989,54,12991,227.223,L1 | 4.8 | 数码产品￥3540/人,DJI大疆 | 疆（上海合生汇授权体验店） | 山 | L1 | 4.8 | 数码产品￥3540/人 | 画质和性能超棒，还能直播 | “ | 5 | 授权体验店,ocr/input_videos\上海__五角场合生汇__20260824.mp4
OBS-001376,五角场合生汇,丝芙兰Sephora,丝芙兰Sephora,化妆品,3.6,431,L1,rated,True,,rated,parsed,rating_anchor,0.9666,0.9994,62,12991,227.223,3.6化妆品￥431/人 | L1,丝芙兰Sephora | 3.6化妆品￥431/人 | L1 | SEPHORA | 丝芙兰 | 彩妆香水活动，情人节送礼首选,ocr/input_videos\上海__五角场合生汇__20260824.mp4
OBS-001377,五角场合生汇,亚一金店,亚一金店,黄金首饰,3.4,4646,L1,rated,True,,rated,parsed,rating_anchor,0.987,0.9991,60,12991,227.223,L1 | ⭐🌟⭐ | ★★ | 3.4黄金首饰￥4646/人,亚一金店 | 2一店 | L1 | ⭐🌟⭐ | ★★ | 3.4黄金首饰￥4646/人 | 服务热情，编手绳技艺精湛” | 小天才步步高,ocr/input_videos\上海__五角场合生汇__20260824.mp4
OBS-001378,五角场合生汇,泡泡玛特POPMART,泡泡玛特POPMART,杂货礼品,,140,B1,unknown,True,,ocr_missing,parsed,metadata_anchor,0.9817,0.9991,51,13035,227.993,⭐🌟🌟⭐🌟 | B1 | 杂货礼品￥140/人 | 14.8,泡泡玛特POPMART | ⭐🌟🌟⭐🌟 | B1 | 杂货礼品￥140/人 | 14.8 | POP MART | 点评榜单 | 杨浦区杂货礼品热门榜第1名 | 细节处理到位，温润触感 | 2,ocr/input_videos\上海__五角场合生汇__20260824.mp4
OBS-001379,五角场合生汇,蕉下,蕉下,运动户外,3.9,322,B1,rated,True,,rated,parsed,rating_anchor,0.9784,0.9995,62,13035,227.993,3.9运动户外￥322/人 | B1,蕉下 | 3.9运动户外￥322/人 | B1 | ￥379￥399 | 【折上折】379代399代金券 | 惠,ocr/input_videos\上海__五角场合生汇__20260824.mp4
OBS-001380,五角场合生汇,DJI大疆 (上海合生汇授权体验店),DJI大疆(上海合生汇授权体验店),数码产品,4.8,3540,L1,rated,True,,rated,parsed,rating_anchor,0.9504,0.9481,58,13035,227.993,⭐🌟⭐⭐4.8 | L1 | 数码产品￥3540/人,DJI大疆 (上海合生汇授权体验店) | 少 | ⭐🌟⭐⭐4.8 | L1 | 数码产品￥3540/人 | 画质和性能超棒，还能直播 | 2 | “ | 授权体验店,ocr/input_videos\上海__五角场合生汇__20260824.mp4
OBS-001381,五角场合生汇,丝芙兰Sephora,丝芙兰Sephora,化妆品,3.6,431,L1,rated,True,,rated,parsed,rating_anchor,0.9798,0.9993,62,13035,227.993,3.6化妆品￥431/人 | L1,丝芙兰Sephora | 3.6化妆品￥431/人 | L1 | SEPHORA | 丝芙兰 | 彩妆香水活动，情人节送礼首选,ocr/input_videos\上海__五角场合生汇__20260824.mp4
OBS-001382,五角场合生汇,亚一金店,亚一金店,黄金首饰,3.4,4646,L1,rated,True,,rated,parsed,rating_anchor,0.986,0.9991,60,13035,227.993,🌟🌟🎉 | 3.4黄金首饰￥4646/人 | L1 | ⭐⭐,亚一金店 | 0-B | 🌟🌟🎉 | 3.4黄金首饰￥4646/人 | L1 | ⭐⭐ | 服务热情，编手绳技艺精湛” | 小天才步步高 | 数现文□ | 217211,ocr/input_videos\上海__五角场合生汇__20260824.mp4
OBS-001383,五角场合生汇,蕉下,蕉下,运动户外,3.9,322,B1,rated,True,,rated,parsed,rating_anchor,0.9768,0.999,62,13134,229.725,3.9运动户外￥322/人 | B1,蕉下 | 3.9运动户外￥322/人 | B1 | ￥379￥399 | 【折上折】379代399代金券 | 惠,ocr/input_videos\上海__五角场合生汇__20260824.mp4
OBS-001384,五角场合生汇,DJI大疆（上海合生汇授权体验店）,DJI大疆(上海合生汇授权体验店),数码产品,4.8,3540,L1,rated,True,,rated,parsed,rating_anchor,0.9517,0.941,61,13134,229.725,⭐🌟⭐⭐4.8 | L1 | 数码产品￥3540/人,DJI大疆（上海合生汇授权体验店） | 山 | ⭐🌟⭐⭐4.8 | L1 | 数码产品￥3540/人 | 画质和性能超棒，还能直播 | “ | 授权体验店,ocr/input_videos\上海__五角场合生汇__20260824.mp4
OBS-001385,五角场合生汇,丝芙兰Sephora,丝芙兰Sephora,化妆品,3.6,431,L1,rated,True,,rated,parsed,rating_anchor,0.9674,0.9993,61,13134,229.725,3.6化妆品￥431/人 | L1,丝芙兰Sephora | 3.6化妆品￥431/人 | L1 | SEPHORA | 丝芙兰 | 彩妆香水活动，情人节送礼首选 | 2 | G,ocr/input_videos\上海__五角场合生汇__20260824.mp4
OBS-001386,五角场合生汇,亚一金店,亚一金店,黄金首饰,3.4,4646,L1,rated,True,,rated,parsed,rating_anchor,0.9847,0.9991,64,13134,229.725,🌟🌟⭐ | 3.4黄金首饰￥4646/人 | ★★ | L1,亚一金店 | 02-3店 | 🌟🌟⭐ | 3.4黄金首饰￥4646/人 | ★★ | L1 | 服务热情，编手绳技艺精湛,ocr/input_videos\上海__五角场合生汇__20260824.mp4
OBS-001387,五角场合生汇,小天才步步高,小天才步步高,数码产品,4.9,1721,L4,rated,True,,rated,parsed,rating_anchor,0.985,0.9979,52,13134,229.725,🌟🌟⭐⭐🌟4.9 | L4 | 数码产品￥1721/人,小天才步步高 | 🌟🌟⭐⭐🌟4.9 | L4 | 数码产品￥1721/人 | 双频GPS定位精准，语音拍照超有趣 | 2 | 中名 | ￥0.10.3折 | ￥5【全国特价】天才表.. | 惠,ocr/input_videos\上海__五角场合生汇__20260824.mp4
OBS-001388,五角场合生汇,DJI大疆 (上海合生汇授权体验店),DJI大疆(上海合生汇授权体验店),数码产品,4.8,3540,L1,rated,True,,rated,parsed,rating_anchor,0.9491,0.9339,61,13156,230.109,4.8数码产品￥3540/人 | L1,DJI大疆 (上海合生汇授权体验店) | 少 | 4.8数码产品￥3540/人 | L1 | 画质和性能超棒，还能直播” | 授权体验店,ocr/input_videos\上海__五角场合生汇__20260824.mp4
OBS-001389,五角场合生汇,丝芙兰Sephora,丝芙兰Sephora,化妆品,3.6,431,L1,rated,True,,rated,parsed,rating_anchor,0.9724,0.9995,65,13156,230.109,L1 | 3.6化妆品￥431/人,丝芙兰Sephora | L1 | 3.6化妆品￥431/人 | SEPHORＡ | 丝芙兰 | 彩妆香水活动，情人节送礼首选,ocr/input_videos\上海__五角场合生汇__20260824.mp4
OBS-001390,五角场合生汇,亚一金店,亚一金店,黄金首饰,3.4,4646,L1,rated,True,,rated,parsed,rating_anchor,0.9792,0.999,60,13156,230.109,3.4黄金首饰￥4646/人 | L1,亚一金店 | 0Q-38 | 3.4黄金首饰￥4646/人 | L1 | 服务热情，编手绳技艺精湛”,ocr/input_videos\上海__五角场合生汇__20260824.mp4
OBS-001391,五角场合生汇,小天才步步高,小天才步步高,数码产品,4.9,1721,L4,rated,True,,rated,parsed,rating_anchor,0.9856,0.9988,55,13156,230.109,⭐4.9 | L4 | 数码产品￥1721/人,小天才步步高 | ⭐4.9 | L4 | 数码产品￥1721/人 | 双频GPS定位精准，语音拍照超有趣 | 2 | 名 | ￥0.10.3折 | 【全国特价】小天才表.. | 惠 | ￥5,ocr/input_videos\上海__五角场合生汇__20260824.mp4
OBS-001392,五角场合生汇,CHIIKAWA,CHIIKAWA,杂货礼品,4.8,153,L1,rated,True,,rated,parsed,rating_anchor,0.9482,0.9726,48,13156,230.109,⭐4.8杂货礼品￥153/人 | L1,CHIIKAWA | ⭐4.8杂货礼品￥153/人 | L1 | 5 | 暂停营业,ocr/input_videos\上海__五角场合生汇__20260824.mp4
OBS-001393,五角场合生汇,DJI大疆(上海合生汇授权体验店),DJI大疆(上海合生汇授权体验店),数码产品,4.8,3540,L1,rated,True,,rated,parsed,rating_anchor,0.9689,0.9683,57,13189,230.687,4.8数码产品￥3540/人 | L1,DJI大疆(上海合生汇授权体验店) | 少 | 4.8数码产品￥3540/人 | L1 | 画质和性能超棒，还能直播” | 授权体验店,ocr/input_videos\上海__五角场合生汇__20260824.mp4
OBS-001394,五角场合生汇,丝芙兰Sephora,丝芙兰Sephora,化妆品,3.6,431,L1,rated,True,,rated,parsed,rating_anchor,0.9729,0.9995,65,13189,230.687,L1 | 3.6化妆品￥431/人,丝芙兰Sephora | L1 | 3.6化妆品￥431/人 | SEPHORA | 丝芙兰 | 彩妆香水活动，情人节送礼首选,ocr/input_videos\上海__五角场合生汇__20260824.mp4
OBS-001395,五角场合生汇,亚一金店,亚一金店,黄金首饰,3.4,4646,L1,rated,True,,rated,parsed,rating_anchor,0.9798,0.9989,60,13189,230.687,3.4黄金首饰￥4646/人 | L1,亚一金店 | 00-38 | 3.4黄金首饰￥4646/人 | L1 | 服务热情，编手绳技艺精湛”,ocr/input_videos\上海__五角场合生汇__20260824.mp4
OBS-001396,五角场合生汇,小天才步步高,小天才步步高,数码产品,4.9,1721,L4,rated,True,,rated,parsed,rating_anchor,0.9851,0.999,55,13189,230.687,🌟4.9 | L4 | 数码产品￥1721/人,小天才步步高 | 🌟4.9 | L4 | 数码产品￥1721/人 | 双频GPS定位精准，语音拍照超有趣 | 2 | 名 | ￥0.10.3折 | 【全国特价】小天才表.. | 惠 | ￥5,ocr/input_videos\上海__五角场合生汇__20260824.mp4
OBS-001397,五角场合生汇,CHIIKAWA,CHIIKAWA,杂货礼品,4.8,153,L1,rated,True,,rated,parsed,rating_anchor,0.9642,0.997,45,13189,230.687,L1 | ⭐4.8杂货礼品￥153/人,CHIIKAWA | L1 | ⭐4.8杂货礼品￥153/人 | 5 | 暂停营业 | Beonly培育钻石,ocr/input_videos\上海__五角场合生汇__20260824.mp4
OBS-001398,五角场合生汇,DJI大疆(上海合生汇授权体验店),DJI大疆(上海合生汇授权体验店),数码产品,4.8,3540,L1,rated,True,,rated,parsed,rating_anchor,0.9634,0.963,57,13211,231.071,4.8数码产品￥3540/人 | L1,DJI大疆(上海合生汇授权体验店) | 少 | 4.8数码产品￥3540/人 | L1 | 画质和性能超棒，还能直播” | 授权体验店,ocr/input_videos\上海__五角场合生汇__20260824.mp4
OBS-001399,五角场合生汇,丝芙兰Sephora,丝芙兰Sephora,化妆品,3.6,431,L1,rated,True,,rated,parsed,rating_anchor,0.9744,0.9995,63,13211,231.071,L1 | 3.6化妆品￥431/人,丝芙兰Sephora | L1 | 3.6化妆品￥431/人 | SEPHORA | 丝芙兰 | 彩妆香水活动，情人节送礼首选,ocr/input_videos\上海__五角场合生汇__20260824.mp4
OBS-001400,五角场合生汇,亚一金店,亚一金店,黄金首饰,3.4,4646,L1,rated,True,,rated,parsed,rating_anchor,0.9799,0.9994,57,13211,231.071,3.4黄金首饰￥4646/人 | L1,亚一金店 | 00-38 | 3.4黄金首饰￥4646/人 | L1 | 服务热情，编手绳技艺精湛”,ocr/input_videos\上海__五角场合生汇__20260824.mp4
OBS-001401,五角场合生汇,小天才步步高,小天才步步高,数码产品,4.9,1721,L4,rated,True,,rated,parsed,rating_anchor,0.9854,0.9987,55,13211,231.071,⭐🌟🌟4.9 | L4 | 数码产品￥1721/人,小天才步步高 | ⭐🌟🌟4.9 | L4 | 数码产品￥1721/人 | 双频GPS定位精准，语音拍照超有趣 | 名 | ￥0.10.3折 | 【全国特价】小天才表... | 惠 | ￥5,ocr/input_videos\上海__五角场合生汇__20260824.mp4
OBS-001402,五角场合生汇,CHIIKAWA,CHIIKAWA,杂货礼品,4.8,153,L1,rated,True,,rated,parsed,rating_anchor,0.9805,0.9965,42,13211,231.071,L1 | 4.8杂货礼品￥153/人,CHIIKAWA | L1 | 4.8杂货礼品￥153/人 | 5 | 暂停营业 | Beonly培育钻石,ocr/input_videos\上海__五角场合生汇__20260824.mp4
OBS-001403,五角场合生汇,CHIIKAWA,CHIIKAWA,杂货礼品,4.8,153,L1,rated,True,,rated,parsed,rating_anchor,0.9841,0.9972,45,13310,232.803,L1 | ⭐🌟🌟🌟🌟4.8 | 杂货礼品￥153/人,CHIIKAWA | L1 | ⭐🌟🌟🌟🌟4.8 | 杂货礼品￥153/人 | 5 | 暂停营业,ocr/input_videos\上海__五角场合生汇__20260824.mp4
OBS-001404,五角场合生汇,Beonly培育钻,Beonly培育钻,珠宝首饰,4.7,7630,B1,rated,True,,rated,parsed,rating_anchor,0.9757,0.9965,52,13310,232.803,4.7珠宝首饰￥7630/人 | B1,Beonly培育钻 | 4.7珠宝首饰￥7630/人 | B1 | 钻石戒指和手链搭配，效果超美！ | 3 | 3,ocr/input_videos\上海__五角场合生汇__20260824.mp4
OBS-001405,五角场合生汇,OPPO体验店,OPPO体验店,数码产品,4.8,3903,L4,rated,True,,rated,parsed,rating_anchor,0.9841,0.9993,52,13310,232.803,⭐🌟⭐⭐🎉4.8 | 数码产品￥3903/人 | L4,OPPO体验店 | ⭐🌟⭐⭐🎉4.8 | 数码产品￥3903/人 | L4 | Oppo | “服务员专业，性能和拍照都很棒 | ￥1￥39.9120umUV固化手机膜5折券 | 惠,ocr/input_videos\上海__五角场合生汇__20260824.mp4
OBS-001406,五角场合生汇,DR·KONG江博士健康鞋,DR·KONG江博士健康鞋,鞋靴,4.3,413,L3,rated,True,,rated,parsed,rating_anchor,0.9631,0.9791,51,13310,232.803,L3 | 🌟🌟🌟⭐ | 鞋靴￥413/人 | 4.3 | ★,DR·KONG江博士健康鞋 | L3 | 🌟🌟🌟⭐ | 鞋靴￥413/人 | 4.3 | ★ | DR·KONG | 点评榜单 | 五角场/大学路鞋靴好评榜第3名 | 江博士·健康鞋 | 鞋垫柔软有弹性，走路特别跟脚 | ￥599 | 9.7折 | 【夏日特惠】199….. | ￥197.1 | 惠,ocr/input_videos\上海__五角场合生汇__20260824.mp4
OBS-001407,五角场合生汇,周大福荟馆JEWELRIA,周大福荟馆JEWELRIA,黄金首饰,4.6,10229,L1,rated,True,,rated,parsed,rating_anchor,0.9684,0.9615,54,13310,232.803,🌟🌟⭐⭐🌟 | L1 | 4.6黄金首饰￥10229/人,周大福荟馆JEWELRIA | 🌟🌟⭐⭐🌟 | L1 | 4.6黄金首饰￥10229/人 | 周大福警館,ocr/input_videos\上海__五角场合生汇__20260824.mp4
OBS-001408,五角场合生汇,DR·KONG江博士健康鞋,DR·KONG江博士健康鞋,鞋靴,4.3,413,L3,rated,True,,rated,parsed,rating_anchor,0.9653,0.9898,53,13453,235.304,🌟🌟⭐⭐ | L3 | 鞋靴￥413/人 | 4.3 | ★,DR·KONG江博士健康鞋 | 🌟🌟⭐⭐ | L3 | 鞋靴￥413/人 | 4.3 | ★ | DR·KONG | 点评榜单 | 江博士·健康鞋 | 五角场/大学路鞋靴好评榜第3名 | 鞋垫柔软有弹性，走路特别跟脚 | ￥599 | ￥197.19.7折 | 【夏日特惠】199.….. | 惠,ocr/input_videos\上海__五角场合生汇__20260824.mp4
OBS-001409,五角场合生汇,周大福荟馆JEWELRIA,周大福荟馆JEWELRIA,黄金首饰,4.6,10229,L1,rated,True,,rated,parsed,rating_anchor,0.9663,0.9826,54,13453,235.304,4.6黄金首饰￥10229/人 | L1,周大福荟馆JEWELRIA | 4.6黄金首饰￥10229/人 | L1 | 周大福警馆 | 送人很不错，礼物小巧精致” | JEWELRIA,ocr/input_videos\上海__五角场合生汇__20260824.mp4
OBS-001410,五角场合生汇,Fakeme,Fakeme,眼镜店,,,L1,new_store,False,new_store,ocr_missing,parsed,metadata_anchor,0.999,0.9994,55,13453,235.304,眼镜店 | 新店 | L1,Fakeme | 眼镜店 | 新店 | L1 | Fulale | 点评榜单 | 五角场/大学路眼镜店热门榜第10名,ocr/input_videos\上海__五角场合生汇__20260824.mp4
OBS-001411,五角场合生汇,潮宏基,潮宏基,黄金首饰,3.3,3971,L1,rated,True,,rated,parsed,rating_anchor,0.9779,0.9998,61,13453,235.304,3.3黄金首饰￥3971/人 | L1,潮宏基 | 3.3黄金首饰￥3971/人 | L1 | 编红绳手艺一绝，服务热情周到,ocr/input_videos\上海__五角场合生汇__20260824.mp4
OBS-001412,五角场合生汇,vivo官方授权体验店,vivo官方授权体验店,数码产品,4.9,3954,L4,rated,True,,rated,parsed,rating_anchor,0.9752,0.9927,54,13453,235.304,🌟4.9 | 数码产品￥3954/人 | L4,vivo官方授权体验店 | vivoX300E | 0418 | 🌟4.9 | 数码产品￥3954/人 | L4 | 颜值在线，拍照细节清晰 | 来vivo体验店.享国家补贴 | 惠￥1￥967vivo全机型到店购机专属权益...,ocr/input_videos\上海__五角场合生汇__20260824.mp4
OBS-001413,五角场合生汇,潮宏基,潮宏基,黄金首饰,3.3,3971,L1,rated,True,,rated,parsed,rating_anchor,0.9784,0.9996,60,13585,237.613,3.3黄金首饰￥3971/人 | L1,潮宏基 | 3.3黄金首饰￥3971/人 | L1 | 编红绳手艺一绝，服务热情周到,ocr/input_videos\上海__五角场合生汇__20260824.mp4
OBS-001414,五角场合生汇,vivo官方授权体验店,vivo官方授权体验店,数码产品,4.9,3954,L4,rated,True,,rated,parsed,rating_anchor,0.98,0.9983,58,13585,237.613,4.9数码产品￥3954/人 | L4,vivo官方授权体验店 | vivo×300E | 电 | 1 | 4.9数码产品￥3954/人 | L4 | 颜值在线，拍照细节清晰” | 来vivo体验店、享国家补贴 | ￥1￥967vivo全机型到店购机专属权益... | 惠,ocr/input_videos\上海__五角场合生汇__20260824.mp4
OBS-001415,五角场合生汇,理想汽车上海合生汇零售中心,理想汽车上海合生汇零售中心,4S店,,267323,L1,unknown,True,,ocr_missing,parsed,metadata_anchor,0.9806,0.9995,57,13585,237.613,4.24S店￥267323/人 | L1,理想汽车上海合生汇零售中心 | 新一代理想L6 | 全能四SUV | 4.24S店￥267323/人 | L1 | ￥0.01￥399 | 【免费预约试驾】理想i6... | 惠,ocr/input_videos\上海__五角场合生汇__20260824.mp4
OBS-001416,五角场合生汇,SWAROVSKI回收黄金,SWAROVSKI回收黄金,奢侈品,3.8,1763,L1,rated,True,,rated,parsed,rating_anchor,0.9735,0.9844,58,13585,237.613,3.8奢侈品￥1763/人 | L1,SWAROVSKI回收黄金 | 黄金回收 | 安全 | 3.8奢侈品￥1763/人 | L1 | 正规 | 便捷 | 心,ocr/input_videos\上海__五角场合生汇__20260824.mp4
OBS-001417,五角场合生汇,CHANEL香奈儿,CHANEL香奈儿,化妆品,2.8,926,L1,rated,True,,rated,parsed,rating_anchor,0.9243,0.9969,52,13585,237.613,★★★2.8化妆品￥926/人 | L1,CHANEL香奈儿 | ★★★2.8化妆品￥926/人 | L1 | 服务贴心，香水味道闻得开心 | 力 | 50,ocr/input_videos\上海__五角场合生汇__20260824.mp4
OBS-001418,五角场合生汇,潮宏基,潮宏基,黄金首饰,3.3,3971,L1,rated,True,,rated,parsed,rating_anchor,0.9779,0.9995,60,13629,238.383,3.3黄金首饰￥3971/人 | L1,潮宏基 | 3.3黄金首饰￥3971/人 | L1 | 编红绳手艺一绝，服务热情周到,ocr/input_videos\上海__五角场合生汇__20260824.mp4
OBS-001419,五角场合生汇,vivo官方授权体验店,vivo官方授权体验店,数码产品,4.9,3954,L4,rated,True,,rated,parsed,rating_anchor,0.9805,0.9975,55,13629,238.383,4.9数码产品￥3954/人 | L4,vivo官方授权体验店 | vivo×300E | 电 | 1 | 4.9数码产品￥3954/人 | L4 | 颜值在线，拍照细节清晰” | 来vivo体验店、享国家补贴 | ￥1￥967vivo全机型到店购机专属权益... | 惠,ocr/input_videos\上海__五角场合生汇__20260824.mp4
OBS-001420,五角场合生汇,理想汽车上海合生汇零售中心,理想汽车上海合生汇零售中心,4S店,,267323,L1,unknown,True,,ocr_missing,parsed,metadata_anchor,0.9803,0.9993,57,13629,238.383,4.24S店￥267323/人 | L1,理想汽车上海合生汇零售中心 | 新一代理想L6 | 全能四嘉SUV | 4.24S店￥267323/人 | L1 | ￥0.01￥399 | 【免费预约试驾】理想i6... | 惠,ocr/input_videos\上海__五角场合生汇__20260824.mp4
OBS-001421,五角场合生汇,SWAROVSKI回收黄金,SWAROVSKI回收黄金,奢侈品,3.8,1763,L1,rated,True,,rated,parsed,rating_anchor,0.9708,0.9789,58,13629,238.383,L1 | 3.8奢侈品￥1763/人,SWAROVSKI回收黄金 | 黄金回收 | 安全 | L1 | 3.8奢侈品￥1763/人 | 正舰 | 便施 | 心,ocr/input_videos\上海__五角场合生汇__20260824.mp4
OBS-001422,五角场合生汇,CHANEL香奈儿,CHANEL香奈儿,化妆品,2.8,926,L1,rated,True,,rated,parsed,rating_anchor,0.9479,0.9956,52,13629,238.383,★★2.8化妆品￥926/人 | L1,CHANEL香奈儿 | ★★2.8化妆品￥926/人 | L1 | 服务贴心，香水味道闻得开心 | 3 | C | Ca | SHINE萱子饰品,ocr/input_videos\上海__五角场合生汇__20260824.mp4
OBS-001423,五角场合生汇,理想汽车上海合生汇零售中心,理想汽车上海合生汇零售中心,4S店,,267323,L1,unknown,True,,ocr_missing,parsed,metadata_anchor,0.9863,0.9987,54,13717,239.922,L1 | 🌟🌟🎉🎉🌟 | 4.24S店￥267323/人,理想汽车上海合生汇零售中心 | 新一代理想L6 | 全能四驱SUV | L1 | 🌟🌟🎉🎉🌟 | 4.24S店￥267323/人 | ￥0.01￥399 | 【免费预约试驾】理想i6... | 惠,ocr/input_videos\上海__五角场合生汇__20260824.mp4
OBS-001424,五角场合生汇,SWAROVSKI回收黄金,SWAROVSKI回收黄金,奢侈品,3.8,1763,L1,rated,True,,rated,parsed,rating_anchor,0.9788,0.9919,53,13717,239.922,3.8奢侈品￥1763/人 | L1,SWAROVSKI回收黄金 | 黄金回收 | 安全 | 3.8奢侈品￥1763/人 | L1 | 正舰,ocr/input_videos\上海__五角场合生汇__20260824.mp4
OBS-001425,五角场合生汇,CHANEL香奈儿,CHANEL香奈儿,化妆品,2.8,926,L1,rated,True,,rated,parsed,rating_anchor,0.9492,0.9889,51,13717,239.922,2.8化妆品￥926/人 | L1,CHANEL香奈儿 | 2.8化妆品￥926/人 | L1 | 服务贴，味道闻得开” | Ca,ocr/input_videos\上海__五角场合生汇__20260824.mp4
OBS-001426,五角场合生汇,SHINE萱子饰品,SHINE萱子饰品,杂货礼品,3.8,202,B1,rated,True,,rated,parsed,rating_anchor,0.9861,0.9978,58,13717,239.922,🌟🌟🌟🌟🌟 | 3.8杂货礼品￥202/人 | B1,SHINE萱子饰品 | 🌟🌟🌟🌟🌟 | 3.8杂货礼品￥202/人 | SHINE | B1 | 萱子 | 萱子饰品季节限定，设计超赞！ | 33 | “,ocr/input_videos\上海__五角场合生汇__20260824.mp4
OBS-001427,五角场合生汇,九木杂物社,九木杂物社,杂货礼品,4.7,84,B1,rated,True,,rated,parsed,rating_anchor,0.9767,0.9996,56,13717,239.922,杂货礼品￥84/人 | B1 | ★🌟★★★ | 4.7,九木杂物社 | 九 | 杂货礼品￥84/人 | B1 | ★🌟★★★ | 4.7 | 0 | 米 | 点评榜单 | 杨浦区杂货礼品热门榜第10名 | 杂物社 | 夏日限定好可爱，解压小物超多 | “ | 3 | ￥939.8折 | ￥100九木杂物社·夏日限定.. | 惠,ocr/input_videos\上海__五角场合生汇__20260824.mp4
OBS-001428,五角场合生汇,优衣库,优衣库,服饰鞋包,,244,B1,unknown,True,,ocr_missing,parsed,metadata_anchor,0.9995,0.9996,62,13717,239.922,B1 | 🌟🌟🌟🎉🌟 | 服饰鞋包 | ￥244/人 | 14.8,优衣库 | B1 | 🌟🌟🌟🎉🌟 | 服饰鞋包 | ￥244/人 | 14.8 | 与证焙单 | 无色择大学购服饰鞋包奶证榜管名,ocr/input_videos\上海__五角场合生汇__20260824.mp4
OBS-001429,五角场合生汇,CHANEL香奈儿,CHANEL香奈儿,化妆品,2.8,926,L1,rated,True,,rated,parsed,rating_anchor,0.9671,0.9924,52,13739,240.307,化妆品￥926/人 | 🌟🌟 | 🌟⭐🌟 | L1 | 2.8,CHANEL香奈儿 | 化妆品￥926/人 | 🌟🌟 | 🌟⭐🌟 | L1 | 2.8 | 业 | 服务贴心，香水味道闻得开心 | （ | Co,ocr/input_videos\上海__五角场合生汇__20260824.mp4
OBS-001430,五角场合生汇,SHINE萱子饰品,SHINE萱子饰品,杂货礼品,3.8,202,B1,rated,True,,rated,parsed,rating_anchor,0.989,0.9986,53,13739,240.307,🌟🌟🎉🌟🌟 | 3.8杂货礼品￥202/人 | B1,SHINE萱子饰品 | 🌟🌟🎉🌟🌟 | 3.8杂货礼品￥202/人 | B1 | SHINE | 萱子 | 萱子饰品季节限定，设计超赞！ | 53 | ≤,ocr/input_videos\上海__五角场合生汇__20260824.mp4
OBS-001431,五角场合生汇,九木杂物社,九木杂物社,杂货礼品,4.7,84,B1,rated,True,,rated,parsed,rating_anchor,0.9979,0.9997,55,13739,240.307,杂货礼品 | ￥84/人 | 🌟🌟🌟🌟🌟 | B1 | 4.7,九木杂物社 | 力 | 杂货礼品 | ￥84/人 | 🌟🌟🌟🌟🌟 | B1 | 4.7 | 3 | 品 | 木 | 点评榜单 | 杨浦区杂货礼品热门榜第10名 | 杂物社 | 夏日限定好可爱，解压小物超多 | “ | 55 | ￥939.8折 | ￥100九木杂物社·夏日限定... | 惠,ocr/input_videos\上海__五角场合生汇__20260824.mp4
OBS-001432,五角场合生汇,优衣库,优衣库,服饰鞋包,4.8,244,B1,rated,True,,rated,parsed,rating_anchor,0.9827,0.9998,59,13739,240.307,服饰鞋包￥244/人 | B1 | 🌟🌟🎉🌟🌟 | 4.8,优衣库 | UNI | 服饰鞋包￥244/人 | B1 | 🌟🌟🎉🌟🌟 | 4.8 | QLO | 点评榜单 | 五角场/大学路服饰鞋包好评榜第4名 | 3D极细中空纤维填充，轻盈保暖不跑绒 | 2,ocr/input_videos\上海__五角场合生汇__20260824.mp4
OBS-001433,五角场合生汇,影石Insta360,影石Insta360,数码产品,4.8,2807,L1,rated,True,,rated,parsed,rating_anchor,0.968,0.9775,51,13739,240.307,⭐🌟⭐⭐⭐4.8 | L1 | 数码产品￥2807/人,影石Insta360 | 6613350x6 | 拍万物，皆无界 | ⭐🌟⭐⭐⭐4.8 | L1 | 数码产品￥2807/人 | 暂停营业 | 好特卖HotMaxx,ocr/input_videos\上海__五角场合生汇__20260824.mp4
OBS-001434,五角场合生汇,优衣库,优衣库,服饰鞋包,4.8,244,B1,rated,True,,rated,parsed,rating_anchor,0.9763,0.9995,59,13882,242.808,B1 | 4.8服饰鞋包￥244/人,优衣库 | UNI | B1 | 4.8服饰鞋包￥244/人 | QLO | 点评榜单 | 五角场/大学路服饰鞋包好评榜第4名 | 3D极细中空纤维填充，轻盈保暖不跑绒,ocr/input_videos\上海__五角场合生汇__20260824.mp4
OBS-001435,五角场合生汇,影石Insta360,影石Insta360,数码产品,4.8,2807,L1,rated,True,,rated,parsed,rating_anchor,0.955,0.9851,52,13882,242.808,4.8数码产品￥2807/人 | L1,影石Insta360 | ia1200 X6 | 拍万物，皆无界 | 4.8数码产品￥2807/人 | L1 | 暂停营业,ocr/input_videos\上海__五角场合生汇__20260824.mp4
OBS-001436,五角场合生汇,好特卖HotMaxx,好特卖HotMaxx,超市便利,4.9,,B2,rated,True,,rated,parsed,rating_anchor,0.9762,0.9881,57,13882,242.808,4.9超市便利61/人 | B2,好特卖HotMaxx | 4.9超市便利61/人 | B2 | 好特卖 | 点评榜单 | 杨浦区超市便利好评榜第1名 | HotMax | 咸蛋黄瓜籽超好吃，商场内多家店铺 | S | ￥2.8￥2.9 | 【会员享】磨坊脆肉枣80g | 惠,ocr/input_videos\上海__五角场合生汇__20260824.mp4
OBS-001437,五角场合生汇,adidas,adidas,运动户外,4.7,,B1,rated,True,,rated,parsed,rating_anchor,0.98,0.9989,59,13882,242.808,4.7运动户外￥1008/ | B1,adidas | 4.7运动户外￥1008/ | B1 | 点评榜单 | 杨浦区运动户外热门榜第4名 | 复古棕遇上清新蓝，氛围感拉满 | ￥674.249.8折 | ￥800上海多品牌688... | 惠,ocr/input_videos\上海__五角场合生汇__20260824.mp4
OBS-001438,五角场合生汇,莱绅通灵珠宝,莱绅通灵珠宝,综合珠宝饰,4.2,,L1,rated,True,,rated,parsed,rating_anchor,0.9898,0.9949,51,13882,242.808,4.2综合珠宝饰￥238/L1 | ★★★★★,莱绅通灵珠宝 | 4.2综合珠宝饰￥238/L1 | ★★★★★ | “鎏光织链，艺精湛显级',ocr/input_videos\上海__五角场合生汇__20260824.mp4
OBS-001439,五角场合生汇,优衣库,优衣库,服饰鞋包,,244,B1,unknown,True,,ocr_missing,parsed,metadata_anchor,0.9806,0.9995,58,13915,243.385,B1 | 🌟🌟★★★ | 服饰鞋包￥244/人 | 14.8,优衣库 | UNI | B1 | 🌟🌟★★★ | 服饰鞋包￥244/人 | 14.8 | QLO | 点评榜单 | 五角场/大学路服饰鞋包好评榜第4名 | 3D极细中空纤维填充，轻盈保暖不跑绒 | 2,ocr/input_videos\上海__五角场合生汇__20260824.mp4
OBS-001440,五角场合生汇,影石Insta360,影石Insta360,数码产品,,2807,L1,unknown,True,,ocr_missing,parsed,metadata_anchor,0.9672,0.9706,51,13915,243.385,🌟🌟⭐🌟🌟 | L1 | 数码产品￥2807/人 | 14.8,影石Insta360 | Tiata360 6 | 拍万物，皆无界 | 🌟🌟⭐🌟🌟 | L1 | 数码产品￥2807/人 | 14.8 | 暂停营业,ocr/input_videos\上海__五角场合生汇__20260824.mp4
OBS-001441,五角场合生汇,好特卖HotMaxx,好特卖HotMaxx,超市便利,4.9,61,B2,rated,True,,rated,parsed,rating_anchor,0.9712,0.9933,51,13915,243.385,B2 | ⭐🌟⭐🌟4.9 | 超市便利￥61/人,好特卖HotMaxx | B2 | ⭐🌟⭐🌟4.9 | 超市便利￥61/人 | 好特卖 | 点评榜单 | 杨浦区超市便利好评榜第1名 | HotMax | 咸蛋黄瓜籽超好吃，商场内多家店铺 | 《 | ￥2.8￥2.9 | 【会员享】金磨坊脆骨肉枣80g | 惠,ocr/input_videos\上海__五角场合生汇__20260824.mp4
OBS-001442,五角场合生汇,adidas,adidas,运动户外,4.7,1008,B1,rated,True,,rated,parsed,rating_anchor,0.9811,0.9994,53,13915,243.385,⭐🌟⭐🌟4.7 | B1 | 运动户外￥1008/人,adidas | ⭐🌟⭐🌟4.7 | B1 | 运动户外￥1008/人 | 点评榜单 | 杨浦区运动户外热门榜第4名 | 丁酒博 | 复古棕遇上清新蓝，氛围感拉满 | 5 | ￥674.249.8折 | 惠 | ￥800 | 上海多品牌688...,ocr/input_videos\上海__五角场合生汇__20260824.mp4
OBS-001443,五角场合生汇,莱绅通灵珠宝,莱绅通灵珠宝,综合珠宝首饰,4.2,238,L1,rated,True,,rated,parsed,rating_anchor,0.9819,0.9888,52,13915,243.385,🌟🌟🌟🎉 | 综合珠宝首饰￥238/人 | 4.2 | 、L1 | ★,莱绅通灵珠宝 | 莱绅通灵传世金 | 值得验随的艺术黄金 | 🌟🌟🌟🎉 | 综合珠宝首饰￥238/人 | 4.2 | 、L1 | ★ | 鎏光织金手链，工艺精湛显高级” | S,ocr/input_videos\上海__五角场合生汇__20260824.mp4
OBS-001444,五角场合生汇,COACH蔻驰,COACH蔻驰,奢侈品,,,L1,new_store,False,new_store,ocr_missing,parsed,metadata_anchor,0.9991,0.9985,55,13915,243.385,奢侈品 | 新店 | L1,COACH蔻驰 | 奢侈品 | 新店 | L1,ocr/input_videos\上海__五角场合生汇__20260824.mp4
OBS-001445,五角场合生汇,adidas,adidas,运动户外,4.7,1008,B1,rated,True,,rated,parsed,rating_anchor,0.9804,0.9988,60,14047,245.694,★★★★★ | B1 | 运动户外￥1008/人 | 4.7,adidas | ★★★★★ | B1 | 运动户外￥1008/人 | 4.7 | 点评榜单 | 杨浦区运动户外热门榜第4名 | T酒搏 | 复古棕遇上清新蓝，氛围感拉满 | 5 | “ | ￥800上海多品牌688.. | ￥674.249.8折 | 惠,ocr/input_videos\上海__五角场合生汇__20260824.mp4
OBS-001446,五角场合生汇,莱绅通灵珠宝,莱绅通灵珠宝,综合珠宝饰,4.2,,L1,rated,True,,rated,parsed,rating_anchor,0.9881,0.995,55,14047,245.694,4.2综合珠宝饰￥238/L1 | 🌟🌟🌟🌟 | ★,莱绅通灵珠宝 | 莱绅通灵 传世金 | 值得验随的艺术食金 | 4.2综合珠宝饰￥238/L1 | 🌟🌟🌟🌟 | ★ | 鎏光织金手链，工艺精湛显级”,ocr/input_videos\上海__五角场合生汇__20260824.mp4
OBS-001447,五角场合生汇,COACH蔻驰,COACH蔻驰,奢侈品,,,L1,new_store,False,new_store,ocr_missing,parsed,metadata_anchor,0.9978,0.9968,59,14047,245.694,奢侈品 | 新店 | L1,COACH蔻驰 | 奢侈品 | 新店 | L1 | COACH | NEWYORK,ocr/input_videos\上海__五角场合生汇__20260824.mp4
OBS-001448,五角场合生汇,Dior,Dior,奢侈品,4.3,1157,L1,rated,True,,rated,parsed,rating_anchor,0.9557,0.9987,61,14047,245.694,4.3奢侈品￥1157/人 | L1,DIOR | Dior | 4.3奢侈品￥1157/人 | L1,ocr/input_videos\上海__五角场合生汇__20260824.mp4
OBS-001449,五角场合生汇,华为授权体验店,华为授权体验店,数码产品,4.8,5558,L4,rated,True,,rated,parsed,rating_anchor,0.9742,0.9994,58,14047,245.694,4.8数码产品￥5558/人 | L4,华为授权体验店 | 4.8数码产品￥5558/人 | L4 | “位置便利，屏幕看剧超爽” | ￥9.9￥49手机贴膜|华为手机9.9享手... | 惠,ocr/input_videos\上海__五角场合生汇__20260824.mp4
OBS-001450,五角场合生汇,adidas,adidas,运动户外,4.7,1008,B1,rated,True,,rated,parsed,rating_anchor,0.9801,0.9993,53,14091,246.463,⭐🌟🌟🌟🌟 | B1 | 4.7运动户外￥1008/人,adidas | ⭐🌟🌟🌟🌟 | B1 | 4.7运动户外￥1008/人 | 点评榜单 | 杨浦区运动户外热门榜第4名 | T酒搏 | 复古棕遇上清新蓝，氛围感拉满 | J | ￥674.249.8折 | ￥800上海多品牌688.. | 惠,ocr/input_videos\上海__五角场合生汇__20260824.mp4
OBS-001451,五角场合生汇,莱绅通灵珠宝,莱绅通灵珠宝,综合珠宝首饰,4.2,238,L1,rated,True,,rated,parsed,rating_anchor,0.9849,0.9958,55,14091,246.463,综合珠宝首饰￥238/人L1 | ⭐🌟🌟⭐⭐ | 4.2,莱绅通灵珠宝 | 莱绅通灵 传世金 | 值得珍驰的艺水黄鱼 | 综合珠宝首饰￥238/人L1 | ⭐🌟🌟⭐⭐ | 4.2 | 鎏光织金手链，工艺精湛显高级,ocr/input_videos\上海__五角场合生汇__20260824.mp4
OBS-001452,五角场合生汇,COACH蔻驰,COACH蔻驰,奢侈品,,,L1,new_store,False,new_store,ocr_missing,parsed,metadata_anchor,0.9986,0.9993,56,14091,246.463,奢侈品 | 新店 | L1,COACH蔻驰 | 奢侈品 | 新店 | L1 | COACH | NEWYORK,ocr/input_videos\上海__五角场合生汇__20260824.mp4
OBS-001453,五角场合生汇,Dior,Dior,奢侈品,4.3,1157,L1,rated,True,,rated,parsed,rating_anchor,0.9782,0.999,61,14091,246.463,🌟🌟🌟⭐ | 奢侈品￥1157/人 | L1 | 4.3 | ★,DIOR | Dior | 🌟🌟🌟⭐ | 奢侈品￥1157/人 | L1 | 4.3 | ★,ocr/input_videos\上海__五角场合生汇__20260824.mp4
OBS-001454,五角场合生汇,华为授权体验店,华为授权体验店,数码产品,4.8,5558,L4,rated,True,,rated,parsed,rating_anchor,0.9851,0.9998,58,14091,246.463,4.8数码产品￥5558/人 | L4,华为授权体验店 | 4.8数码产品￥5558/人 | L4 | HUAWEI | “位置便利，大屏幕看剧超爽” | ¥9.9￥49手机贴膜|华为手机9.9享手. | 惠,ocr/input_videos\上海__五角场合生汇__20260824.mp4
OBS-001455,五角场合生汇,adidas,adidas,运动户外,4.7,1008,B1,rated,True,,rated,parsed,rating_anchor,0.983,0.9993,53,14113,246.848,⭐🌟⭐🌟🌟 | 4.7运动户外￥1008/人 | B1,adidas | ⭐🌟⭐🌟🌟 | 4.7运动户外￥1008/人 | B1 | 点评榜单 | 杨浦区运动户外热门榜第4名 | T酒搏 | 复古棕遇上清新蓝，氛围感拉满 | ￥674.249.8折 | ￥800上海多品牌688.. | 惠,ocr/input_videos\上海__五角场合生汇__20260824.mp4
OBS-001456,五角场合生汇,莱绅通灵珠宝,莱绅通灵珠宝,综合珠宝首饰,4.2,238,L1,rated,True,,rated,parsed,rating_anchor,0.9877,0.9956,54,14113,246.848,⭐🌟🌟⭐ | 综合珠宝首饰￥238/人L1 | 4.2 | ★,莱绅通灵珠宝 | 莱绅通灵 传世金 | 值得珍驰的艺水黄鱼 | ⭐🌟🌟⭐ | 综合珠宝首饰￥238/人L1 | 4.2 | ★ | 鎏光织金手链，工艺精湛显高级,ocr/input_videos\上海__五角场合生汇__20260824.mp4
OBS-001457,五角场合生汇,COACH蔻驰,COACH蔻驰,奢侈品,,,L1,new_store,False,new_store,ocr_missing,parsed,metadata_anchor,0.9986,0.9993,56,14113,246.848,奢侈品 | 新店 | L1,COACH蔻驰 | 奢侈品 | 新店 | L1 | COACH | NEWYORK,ocr/input_videos\上海__五角场合生汇__20260824.mp4
OBS-001458,五角场合生汇,Dior,Dior,奢侈品,4.3,1157,L1,rated,True,,rated,parsed,rating_anchor,0.9736,0.999,61,14113,246.848,⭐🌟⭐⭐ | L1 | 4.3 | 奢侈品￥1157/人 | ★,DIOR | Dior | ⭐🌟⭐⭐ | L1 | 4.3 | 奢侈品￥1157/人 | ★,ocr/input_videos\上海__五角场合生汇__20260824.mp4
OBS-001459,五角场合生汇,华为授权体验店,华为授权体验店,数码产品,4.8,5558,L4,rated,True,,rated,parsed,rating_anchor,0.9849,0.9993,57,14113,246.848,4.8数码产品￥5558/人 | L4,华为授权体验店 | 4.8数码产品￥5558/人 | L4 | HUAWEI | “位置便利，大屏幕看剧超爽” | ￥9.9￥49手机贴膜|华为手机9.9享手. | 惠,ocr/input_videos\上海__五角场合生汇__20260824.mp4
OBS-001460,五角场合生汇,华为授权体验店,华为授权体验店,数码产品,4.8,5558,L4,rated,True,,rated,parsed,rating_anchor,0.9852,0.9998,57,14201,248.387,数码产品￥5558/人 | L4 | 🌟🌟🌟🌟🌟4.8,华为授权体验店 | 数码产品￥5558/人 | L4 | 🌟🌟🌟🌟🌟4.8 | HUAWEI | “位置便利，屏幕看剧超爽” | ￥9.9￥49机贴膜|华为机9.9享. | 惠,ocr/input_videos\上海__五角场合生汇__20260824.mp4
OBS-001461,五角场合生汇,酷乐潮玩,酷乐潮玩,杂货礼品,3.9,89,B2,rated,True,,rated,parsed,rating_anchor,0.9808,0.9958,60,14201,248.387,3.9杂货礼品￥89/人 | B2,酷乐潮玩 | 酷乐 | 3.9杂货礼品￥89/人 | B2 | 潮 | 暂停营业,ocr/input_videos\上海__五角场合生汇__20260824.mp4
OBS-001462,五角场合生汇,老庙黄金,老庙黄金,黄金首饰,4.1,4667,L1,rated,True,,rated,parsed,rating_anchor,0.9463,0.9847,60,14201,248.387,4.1黄金首饰￥4667/人 | L1,老庙黄金 | 4.1黄金首饰￥4667/人 | L1 | 老庙 | 华您牵来好运气。 | ￥9599.9折 | ￥1000 | 【上海】970代100... | 惠,ocr/input_videos\上海__五角场合生汇__20260824.mp4
OBS-001463,五角场合生汇,周大福CHOW TAI FOOK,周大福CHOWTAIFOOK,珠宝首饰,4.3,8137,L1,rated,True,,rated,parsed,rating_anchor,0.9407,0.9574,53,14201,248.387,4.3珠宝首饰￥8137/人 | L1,周大福CHOW TAI FOOK | 4.3珠宝首饰￥8137/人 | L1 | “编绳子很好看，效果超满意”,ocr/input_videos\上海__五角场合生汇__20260824.mp4
OBS-001464,五角场合生汇,全家便利店,全家便利店,超市便利,4.1,14,L1,rated,True,,rated,parsed,rating_anchor,0.9771,0.998,59,14201,248.387,🌟🌟🌟⭐ | L1 | 4.1超市便利￥14/人,全家便利店 | 🌟🌟🌟⭐ | L1 | 4.1超市便利￥14/人 | 点评榜单 | 五角场/大学路超市便利热门榜第7名,ocr/input_videos\上海__五角场合生汇__20260824.mp4
OBS-001465,五角场合生汇,华为授权体验店,华为授权体验店,数码产品,4.8,5558,L4,rated,True,,rated,parsed,rating_anchor,0.982,0.9996,58,14234,248.964,4.8数码产品￥5558/人 | L4,华为授权体验店 | 4.8数码产品￥5558/人 | L4 | HUAWEI | “位置便利，大屏幕看剧超爽” | ¥9.9￥49手机贴膜|华为手机9.9享手... | 惠,ocr/input_videos\上海__五角场合生汇__20260824.mp4
OBS-001466,五角场合生汇,酷乐潮玩,酷乐潮玩,杂货礼品,3.9,89,B2,rated,True,,rated,parsed,rating_anchor,0.9813,0.9987,57,14234,248.964,3.9杂货礼品￥89/人 | B2,酷乐潮玩 | 酷乐 | 3.9杂货礼品￥89/人 | B2 | 潮玩 | 暂停营业,ocr/input_videos\上海__五角场合生汇__20260824.mp4
OBS-001467,五角场合生汇,老庙黄金,老庙黄金,黄金首饰,4.1,4667,L1,rated,True,,rated,parsed,rating_anchor,0.9477,0.9467,64,14234,248.964,4.1黄金首饰￥4667/人 | L1,老庙黄金 | 4.1黄金首饰￥4667/人 | L1 | 瑜老庙 | 操您常爱好建气。 | ￥9599.9折 | ￥1000 | 惠 | 【上海】970代100...,ocr/input_videos\上海__五角场合生汇__20260824.mp4
OBS-001468,五角场合生汇,周大福CHOW TAI FOOK,周大福CHOWTAIFOOK,珠宝首饰,4.3,8137,L1,rated,True,,rated,parsed,rating_anchor,0.9645,0.9494,55,14234,248.964,★★🌟🌟★ | L1 | 4.3珠宝首饰￥8137/人,周大福CHOW TAI FOOK | ★★🌟🌟★ | L1 | 4.3珠宝首饰￥8137/人 | 周大福 | “编绳子很好看，效果超满意” | SINCE 1929,ocr/input_videos\上海__五角场合生汇__20260824.mp4
OBS-001469,五角场合生汇,全家便利店,全家便利店,超市便利,4.1,14,L1,rated,True,,rated,parsed,rating_anchor,0.9819,0.9972,59,14234,248.964,L1 | 🌟🌟🌟🌟 | 4.1超市便利￥14/人 | ★,全家便利店 | L1 | 🌟🌟🌟🌟 | 4.1超市便利￥14/人 | ★ | 点评榜单 | 五角场/大学路超市便利热门榜第7名 | 全家FamilyMart | ￥3.5￥5 | 惠 | 【2个装】茶叶蛋【全家】,ocr/input_videos\上海__五角场合生汇__20260824.mp4
OBS-001470,五角场合生汇,周大福CHOWTAIFOOK,周大福CHOWTAIFOOK,珠宝首饰,4.3,8137,L1,rated,True,,rated,parsed,rating_anchor,0.9706,0.9869,57,14355,251.081,🌟🌟🎉🌟🌟 | 4.3珠宝首饰￥8137/人 | L1,周大福CHOWTAIFOOK | 🌟🌟🎉🌟🌟 | 4.3珠宝首饰￥8137/人 | L1 | 周大福 | “编绳很好看，效果超满意” | SINCE 1929,ocr/input_videos\上海__五角场合生汇__20260824.mp4
OBS-001471,五角场合生汇,全家便利店,全家便利店,超市便利,4.1,14,L1,rated,True,,rated,parsed,rating_anchor,0.977,0.9976,55,14355,251.081,🌟🌟💥🌟 | L1 | 超市便利￥14/人 | 4.1,全家便利店 | 🌟🌟💥🌟 | L1 | 超市便利￥14/人 | 4.1 | 点评榜单 | 五角场/大学路超市便利热门榜第7名 | 全家FamilyMart | ￥3.5￥5 | 【2个装】茶叶蛋【全家】 | 惠,ocr/input_videos\上海__五角场合生汇__20260824.mp4
OBS-001472,五角场合生汇,AOJO眼镜,AOJO眼镜,眼镜店,4.8,550,B1,rated,True,,rated,parsed,rating_anchor,0.9778,0.9985,56,14355,251.081,🌟🌟🌟🌟🌟 | B1 | 眼镜店￥550/人 | 4.8,AOJO眼镜 | 🌟🌟🌟🌟🌟 | B1 | 眼镜店￥550/人 | 4.8 | AOJO澳镜 | 店铺氛围暖心，拍照效果超赞 | 家庭视力健康管理专家 | 5 | ￥25.41 | ￥199成人验光|提供验... | 8.5折 | 惠 | ￥1￥300代金券 | 惠,ocr/input_videos\上海__五角场合生汇__20260824.mp4
OBS-001473,五角场合生汇,结绳记,结绳记,综合珠宝饰,4.3,,L2,rated,True,,rated,parsed,rating_anchor,0.9899,0.9992,62,14355,251.081,★★★★★ | 4.3综合珠宝饰￥400/L2,结绳记 | ★★★★★ | 4.3综合珠宝饰￥400/L2 | “氛围感，提前预留犯太岁产品,ocr/input_videos\上海__五角场合生汇__20260824.mp4
OBS-001474,五角场合生汇,MUJOSH木九十眼镜,MUJOSH木九十眼镜,眼镜店,4.6,,L2,rated,True,,rated,parsed,rating_anchor,0.9695,0.9987,54,14355,251.081,4.6眼镜店￥1098/ | L2,MUJOSH木九十眼镜 | 4.6眼镜店￥1098/ | L2 | “服务耐细致，限量版眼镜值得拥有 | 5,ocr/input_videos\上海__五角场合生汇__20260824.mp4
OBS-001475,五角场合生汇,周大福CHOW TAI FOOK,周大福CHOWTAIFOOK,珠宝首饰,4.3,8137,L1,rated,True,,rated,parsed,rating_anchor,0.9673,0.9642,53,14377,251.466,🌟🌟🌟⭐⭐ | 4.3珠宝首饰￥8137/人 | L1,周大福CHOW TAI FOOK | 🌟🌟🌟⭐⭐ | 4.3珠宝首饰￥8137/人 | L1 | 周大福 | 编绳子很好看，效果超满意 | SINCE 1929,ocr/input_videos\上海__五角场合生汇__20260824.mp4
OBS-001476,五角场合生汇,全家便利店,全家便利店,超市便利,4.1,14,L1,rated,True,,rated,parsed,rating_anchor,0.9764,0.9967,55,14377,251.466,🌟🌟⭐🎉 | L1 | 超市便利￥14/人 | 4.1,全家便利店 | 🌟🌟⭐🎉 | L1 | 超市便利￥14/人 | 4.1 | 点评榜单 | 五角场/大学路超市便利热门榜第7名 | 全家 FamilyMart | ￥3.5￥5 | 【2个装】茶叶蛋【全家】 | 惠,ocr/input_videos\上海__五角场合生汇__20260824.mp4
OBS-001477,五角场合生汇,AOJO眼镜,AOJO眼镜,眼镜店,4.8,550,B1,rated,True,,rated,parsed,rating_anchor,0.9802,0.998,53,14377,251.466,⭐🌟🌟🌟4.8 | 眼镜店￥550/人 | B1,AOJO眼镜 | ⭐🌟🌟🌟4.8 | 眼镜店￥550/人 | B1 | AOJO澳镜 | 店铺氛围暖心，拍照效果超赞 | 家庭税力健康管理专家 | 力 | ““ | ￥199成人验光|提供验.... | 8.5折 | ￥25.41 | 惠 | ￥1￥300代金券 | 惠,ocr/input_videos\上海__五角场合生汇__20260824.mp4
OBS-001478,五角场合生汇,结绳记,结绳记,综合珠宝首饰,4.3,400,L2,rated,True,,rated,parsed,rating_anchor,0.9891,0.9986,58,14377,251.466,⭐🌟⭐⭐ | 综合珠宝首饰￥400/人 | 4.3 | 、L2,结绳记 | ⭐🌟⭐⭐ | 结绳记 | 综合珠宝首饰￥400/人 | 4.3 | 、L2 | 氛围感十足，提前预留犯太岁产品 | 力 | K | THE KNOTS,ocr/input_videos\上海__五角场合生汇__20260824.mp4
OBS-001479,五角场合生汇,MUJOSH木九十眼镜,MUJOSH木九十眼镜,眼镜店,4.6,1098,L2,rated,True,,rated,parsed,rating_anchor,0.9846,0.9984,54,14377,251.466,L2 | ★🌟🌟⭐🌟 | 眼镜店￥1098/人 | 4.6,MUJOSH木九十眼镜 | 科 | L2 | ★🌟🌟⭐🌟 | 眼镜店￥1098/人 | 4.6 | 服务耐心细致，限量版眼镜值得拥有,ocr/input_videos\上海__五角场合生汇__20260824.mp4
OBS-001480,五角场合生汇,周大福CHOW TAI FOOK,周大福CHOWTAIFOOK,珠宝首饰,4.3,8137,L1,rated,True,,rated,parsed,rating_anchor,0.9608,0.9482,53,14399,251.85,4.3珠宝首饰￥8137/人 | L1,周大福CHOW TAI FOOK | 4.3珠宝首饰￥8137/人 | L1 | 周大福 | “编绳子很好看，效果超满意” | SINCE 1929,ocr/input_videos\上海__五角场合生汇__20260824.mp4
OBS-001481,五角场合生汇,全家便利店,全家便利店,超市便利,4.1,14,L1,rated,True,,rated,parsed,rating_anchor,0.967,0.997,55,14399,251.85,🌟🌟🌟🌟 | L1 | 超市便利￥14/人 | 4.1,全家便利店 | 🌟🌟🌟🌟 | L1 | 超市便利￥14/人 | 4.1 | 点评榜单 | 五角场/大学路超市便利热门榜第7名 | 全家FamilyMart | ￥3.5￥5 | 【2个装】茶叶蛋【全家】 | 惠,ocr/input_videos\上海__五角场合生汇__20260824.mp4
OBS-001482,五角场合生汇,AOJO眼镜,AOJO眼镜,眼镜店,,550,B1,unknown,True,,ocr_missing,parsed,metadata_anchor,0.9752,0.9985,53,14399,251.85,B1 | 🌟🌟🌟🎉🌟 | 14.8目 | 眼镜店￥550/人,AOJO眼镜 | B1 | 🌟🌟🌟🎉🌟 | 14.8目 | 眼镜店￥550/人 | AOJO澳镜 | 店铺氛围暖心，拍照效果超赞 | 家庭视力健康饮理专家 | “ | ￥199成人验光|提供验... | 8.5折 | ￥25.41 | 惠 | ￥1￥300代金券 | 惠,ocr/input_videos\上海__五角场合生汇__20260824.mp4
OBS-001483,五角场合生汇,结绳记,结绳记,综合珠宝首饰,4.3,400,L2,rated,True,,rated,parsed,rating_anchor,0.9752,0.9989,61,14399,251.85,⭐🌟⭐⭐ | 4.3综合珠宝首饰￥400/人 | 、L2 | ★,结绳记 | ⭐🌟⭐⭐ | 4.3综合珠宝首饰￥400/人 | 结绳记 | 、L2 | ★ | 氛围感十足，提前预留犯太岁产品 | THE KNOTS,ocr/input_videos\上海__五角场合生汇__20260824.mp4
OBS-001484,五角场合生汇,MUJOSH木九十眼镜,MUJOSH木九十眼镜,眼镜店,4.6,1098,L2,rated,True,,rated,parsed,rating_anchor,0.9877,0.9987,54,14399,251.85,🌟🌟⭐🌟🌟 | L2 | 4.6眼镜店￥1098/人,MUJOSH木九十眼镜 | 科 | 🌟🌟⭐🌟🌟 | L2 | 4.6眼镜店￥1098/人 | 服务耐心细致，限量版眼镜值得拥有,ocr/input_videos\上海__五角场合生汇__20260824.mp4
OBS-001485,五角场合生汇,周大福CHOW TAI FOOK,周大福CHOWTAIFOOK,珠宝首饰,4.3,8137,L1,rated,True,,rated,parsed,rating_anchor,0.9577,0.9568,53,14421,252.235,4.3珠宝首饰￥8137/人 | L1,周大福CHOW TAI FOOK | 4.3珠宝首饰￥8137/人 | L1 | 周大福 | 编绳子很好看，效果超满意 | SINCE 1929,ocr/input_videos\上海__五角场合生汇__20260824.mp4
OBS-001486,五角场合生汇,全家便利店,全家便利店,超市便利,4.1,14,L1,rated,True,,rated,parsed,rating_anchor,0.975,0.9975,56,14421,252.235,🌟🌟🌟🌟 | L1 | 4.1超市便利￥14/人,全家便利店 | 🌟🌟🌟🌟 | L1 | 4.1超市便利￥14/人 | 点评榜单 | 五角场/大学路超市便利热门榜第7名 | 全家FamilyMart | ￥3.5￥5 | 惠 | 【2个装】茶叶蛋【全家】,ocr/input_videos\上海__五角场合生汇__20260824.mp4
OBS-001487,五角场合生汇,AOJO眼镜,AOJO眼镜,眼镜店,4.8,550,B1,rated,True,,rated,parsed,rating_anchor,0.9724,0.9984,53,14421,252.235,⭐🌈4.8 | B1 | 眼镜店￥550/人,AOJO眼镜 | ⭐🌈4.8 | B1 | 眼镜店￥550/人 | AOJO澳镜 | 店铺氛围暖心，拍照效果超赞 | 家庭视力健康管理专家 | “ | ￥25.41 | ￥199成人验光提供验... | 8.5折 | 惠 | 惠￥1￥300代金券,ocr/input_videos\上海__五角场合生汇__20260824.mp4
OBS-001488,五角场合生汇,结绳记,结绳记,综合珠宝首饰,4.3,400,L2,rated,True,,rated,parsed,rating_anchor,0.9864,0.9991,59,14421,252.235,⭐🌟🎉🎉 | 综合珠宝首饰￥400/人 | 4.3 | L2,结绳记 | ⭐🌟🎉🎉 | 结绳记 | 综合珠宝首饰￥400/人 | 4.3 | L2 | 氛围感十足，提前预留犯太岁产品 | 中 | THE KNOTS,ocr/input_videos\上海__五角场合生汇__20260824.mp4
OBS-001489,五角场合生汇,MUJOSH木九十眼镜,MUJOSH木九十眼镜,眼镜店,4.6,1098,L2,rated,True,,rated,parsed,rating_anchor,0.9807,0.9992,51,14421,252.235,🌟🌟🎉🌟🌟 | L2 | 眼镜店￥1098/人 | 4.6,MUJOSH木九十眼镜 | 科 | 🌟🌟🎉🌟🌟 | L2 | 眼镜店￥1098/人 | 4.6 | 服务耐心细致，限量版眼镜值得拥有,ocr/input_videos\上海__五角场合生汇__20260824.mp4
OBS-001490,五角场合生汇,周大福CHOW TAI FOOK,周大福CHOWTAIFOOK,珠宝首饰,4.3,8137,L1,rated,True,,rated,parsed,rating_anchor,0.9593,0.9491,55,14498,253.582,🌟🌟🎉🎉🌟 | 珠宝首饰￥8137/人 | L1 | 4.3,周大福CHOW TAI FOOK | 🌟🌟🎉🎉🌟 | 珠宝首饰￥8137/人 | L1 | 4.3 | 周大福 | “编绳子很好看，效果超满意” | SINCE 1929,ocr/input_videos\上海__五角场合生汇__20260824.mp4
OBS-001491,五角场合生汇,全家便利店,全家便利店,超市便利,4.1,14,L1,rated,True,,rated,parsed,rating_anchor,0.9755,0.9977,56,14498,253.582,L1 | 🌟🌟🎉🌟 | 超市便利￥14/人 | 4.1,全家便利店 | L1 | 🌟🌟🎉🌟 | 超市便利￥14/人 | 4.1 | 点评榜单 | 五角场/大学路超市便利热门榜第7名 | 全家FamilyMart | ￥3.5￥5 | 【2个装】茶叶蛋【全家】 | 惠,ocr/input_videos\上海__五角场合生汇__20260824.mp4
OBS-001492,五角场合生汇,AOJO眼镜,AOJO眼镜,眼镜店,,550,B1,unknown,True,,ocr_missing,parsed,metadata_anchor,0.9713,0.9968,52,14498,253.582,🌟🌟⭐🌟🌟 | B1 | 眼镜店￥550/人 | 14.8,AOJO眼镜 | 🌟🌟⭐🌟🌟 | B1 | 眼镜店￥550/人 | 14.8 | AOJO澳镜 | 店铺氛围暖心，拍照效果超赞 | 家庭视力健康管理专家 | 3 | C | ￥199成人验光|提供验.. | ￥25.41 | 8.5折 | 惠 | ￥1￥300代金券 | 惠,ocr/input_videos\上海__五角场合生汇__20260824.mp4
OBS-001493,五角场合生汇,结绳记,结绳记,综合珠宝首饰,4.3,400,L2,rated,True,,rated,parsed,rating_anchor,0.9894,0.9992,59,14498,253.582,🌟🌟🌟🌟 | 4.3 | 综合珠宝首饰￥400/人 | L2 | ★,结绳记 | 结绳记 | 🌟🌟🌟🌟 | 4.3 | 综合珠宝首饰￥400/人 | L2 | ★ | 氛围感十足，提前预留犯太岁产品 | 力 | THE KNOTS,ocr/input_videos\上海__五角场合生汇__20260824.mp4
OBS-001494,五角场合生汇,MUJOSH木九十眼镜,MUJOSH木九十眼镜,眼镜店,4.6,1098,L2,rated,True,,rated,parsed,rating_anchor,0.9871,0.9992,54,14498,253.582,L2 | 🌟🌟🌟🌟🌟 | 4.6眼镜店￥1098/人,MUJOSH木九十眼镜 | 种 | L2 | 🌟🌟🌟🌟🌟 | 4.6眼镜店￥1098/人 | 服务耐心细致，限量版眼镜值得拥有 | Ray·Ban雷朋,ocr/input_videos\上海__五角场合生汇__20260824.mp4
OBS-001495,五角场合生汇,结绳记,结绳记,综合珠宝首饰,4.3,400,L2,rated,True,,rated,parsed,rating_anchor,0.9898,0.998,59,14520,253.967,🌟🌟🌟 | 综合珠宝首饰￥400/人L2 | 4.3 | ★,结绳记 | 🌟🌟🌟 | 结绳记 | 综合珠宝首饰￥400/人L2 | 4.3 | ★ | 氛围感十足，提前预留犯太岁产品 | 2 | THE KNOTS,ocr/input_videos\上海__五角场合生汇__20260824.mp4
OBS-001496,五角场合生汇,MUJOSH木九十眼镜,MUJOSH木九十眼镜,眼镜店,4.6,1098,L2,rated,True,,rated,parsed,rating_anchor,0.9564,0.9931,51,14520,253.967,L2 | ⭐⭐4.6眼镜店￥1098/人,MUJOSH木九十眼镜 | 热 | L2 | ⭐⭐4.6眼镜店￥1098/人 | “服务耐心细致，限量版眼镜值得拥有,ocr/input_videos\上海__五角场合生汇__20260824.mp4
OBS-001497,五角场合生汇,Ray·Ban雷朋,Ray·Ban雷朋,眼镜店,4.8,1193,B1,rated,True,,rated,parsed,rating_anchor,0.9747,0.9857,61,14520,253.967,⭐🌟⭐4.8 | B1 | 眼镜店￥1193/人,Ray·Ban雷朋 | ⭐🌟⭐4.8 | B1 | 眼镜店￥1193/人 | Rer | .Ban | - | 店员推荐眼镜超贴心，粉色水洗镜片夜... | ￥399￥500太阳镜|【大促狂欢】399.. | 惠,ocr/input_videos\上海__五角场合生汇__20260824.mp4
OBS-001498,五角场合生汇,中国黄金精品店,中国黄金精品店,黄金.,4.1,13172,商场内,rated,True,,rated,parsed,rating_anchor,0.9192,0.9967,52,14520,253.967,⭐4.1黄金. | ￥13172/人商场内,中国黄金精品店 | ⭐4.1黄金. | ￥13172/人商场内 | 服务贴心无推销，手编绳子很漂亮 | 中国黄金 | China Gold,ocr/input_videos\上海__五角场合生汇__20260824.mp4
OBS-001499,五角场合生汇,MUJOSH木九十眼镜,MUJOSH木九十眼镜,眼镜店,4.5,1102,B1,rated,True,,rated,parsed,rating_anchor,0.9815,0.9992,51,14520,253.967,4.5眼镜店￥1102/人 | B1,MUJOSH木九十眼镜 | 4.5眼镜店￥1102/人 | B1 | 验光专业又仔细，佩戴清晰舒适,ocr/input_videos\上海__五角场合生汇__20260824.mp4
OBS-001500,五角场合生汇,结绳记,结绳记,综合珠宝首饰,4.3,400,L2,rated,True,,rated,parsed,rating_anchor,0.99,0.9985,60,14553,254.544,🌟🌟🌟🎉 | 综合珠宝首饰￥400/人L2 | 4.3 | ★,结绳记 | 🌟🌟🌟🎉 | 结绳记 | 综合珠宝首饰￥400/人L2 | 4.3 | ★ | 氛围感十足，提前预留犯太岁产品 | 3 | THE KNOTS,ocr/input_videos\上海__五角场合生汇__20260824.mp4
OBS-001501,五角场合生汇,MUJOSH木九十眼镜,MUJOSH木九十眼镜,眼镜店,4.6,1098,L2,rated,True,,rated,parsed,rating_anchor,0.9545,0.9906,51,14553,254.544,L2 | ⭐4.6眼镜店￥1098/人,MUJOSH木九十眼镜 | L2 | ⭐4.6眼镜店￥1098/人 | “服务耐心细致，限量版眼镜值得拥有,ocr/input_videos\上海__五角场合生汇__20260824.mp4
OBS-001502,五角场合生汇,Ray·Ban雷朋,Ray·Ban雷朋,眼镜店,4.8,1193,B1,rated,True,,rated,parsed,rating_anchor,0.9764,0.9799,62,14553,254.544,🌟🌟4.8 | B1 | 眼镜店￥1193/人,Ray·Ban雷朋 | 🌟🌟4.8 | B1 | 眼镜店￥1193/人 | Ban | Ray | 店员推荐眼镜超贴心，粉色水洗镜片夜... | ￥399￥500太阳镜|【大促狂欢】399.. | 惠,ocr/input_videos\上海__五角场合生汇__20260824.mp4
OBS-001503,五角场合生汇,中国黄金精品店,中国黄金精品店,黄金,4.1,13172,商场内,rated,True,,rated,parsed,rating_anchor,0.9368,0.996,51,14553,254.544,⭐⭐⭐⭐4.1黄金 | ￥13172/人商场内,中国黄金精品店 | ⭐⭐⭐⭐4.1黄金 | ￥13172/人商场内 | 服务贴心无推销，手编绳子很漂亮 | 中国黄金 | China Gold,ocr/input_videos\上海__五角场合生汇__20260824.mp4
OBS-001504,五角场合生汇,MUJOSH木九十眼镜,MUJOSH木九十眼镜,眼镜店,4.5,1102,B1,rated,True,,rated,parsed,rating_anchor,0.9548,0.994,54,14553,254.544,⭐4.5眼镜店￥1102/人 | B1,MUJOSH木九十眼镜 | ⭐4.5眼镜店￥1102/人 | B1 | 验光专业又仔细，佩戴清晰舒适 | 老凤祥银楼,ocr/input_videos\上海__五角场合生汇__20260824.mp4
OBS-001505,五角场合生汇,MUJOSH木九十眼镜,MUJOSH木九十眼镜,眼镜店,4.6,1098,L2,rated,True,,rated,parsed,rating_anchor,0.9791,0.9987,54,14619,255.698,🌟🌟🌟🌟🌟 | L2 | 眼镜店￥1098/人 | 4.6,MUJOSH木九十眼镜 | 型 | 🌟🌟🌟🌟🌟 | L2 | 眼镜店￥1098/人 | 4.6 | 服务耐心细致，限量版眼镜值得拥有,ocr/input_videos\上海__五角场合生汇__20260824.mp4
OBS-001506,五角场合生汇,Ray·Ban雷朋,Ray·Ban雷朋,眼镜店,4.8,1193,B1,rated,True,,rated,parsed,rating_anchor,0.9648,0.9715,58,14619,255.698,眼镜店￥1193/人 | B1 | 🌟🌟🌈★🌟4.8,Ray·Ban雷朋 | 眼镜店￥1193/人 | B1 | 🌟🌟🌈★🌟4.8 | .Ban | Ray! | 店员推荐眼镜超贴心，粉色水洗镜片夜... | ￥399￥500太阳镜|【促狂欢】399. | 惠,ocr/input_videos\上海__五角场合生汇__20260824.mp4
OBS-001507,五角场合生汇,中国黄金精品店,中国黄金精品店,黄,4.1,,商场内,rated,True,,rated,parsed,rating_anchor,0.938,0.9983,51,14619,255.698,4.1 黄 ￥13172/商场内,中国黄金精品店 | 4.1 黄 ￥13172/商场内 | 服务贴心无推销，手编绳子很漂亮 | 力 | 中国黄金 | Chinn Goid,ocr/input_videos\上海__五角场合生汇__20260824.mp4
OBS-001508,五角场合生汇,MUJOSH木九十眼镜,MUJOSH木九十眼镜,眼镜店,4.5,,B1,rated,True,,rated,parsed,rating_anchor,0.9773,0.9983,54,14619,255.698,4.5眼镜店￥1102/ | B1,MUJOSH木九十眼镜 | 4.5眼镜店￥1102/ | B1 | 验光专业又仔细，佩戴清晰舒适,ocr/input_videos\上海__五角场合生汇__20260824.mp4
OBS-001509,五角场合生汇,老凤祥银楼,老凤祥银楼,黄金首饰,3.9,12200,L1,rated,True,,rated,parsed,rating_anchor,0.9805,0.9978,52,14619,255.698,黄金首饰￥12200/人 | 🌟🌟🌟🌟🌟 | L1 | 3.9,老凤祥银楼 | 黄金首饰￥12200/人 | 🌟🌟🌟🌟🌟 | L1 | 3.9 | 黄金吊坠造型精致，手费超值” | ￥970￥1000代金券 | 惠,ocr/input_videos\上海__五角场合生汇__20260824.mp4
OBS-001510,五角场合生汇,LOHO眼镜,LOHO眼镜,眼镜店,4.8,715,L2,rated,True,,rated,parsed,rating_anchor,0.9728,0.9981,52,14619,255.698,🌟🌟⭐⭐🌟 | L2 | 眼镜店￥715/人 | 4.8,LOHO眼镜 | 🌟🌟⭐⭐🌟 | L2 | 眼镜店￥715/人 | 4.8 | 护照自带高级感 | “镜框款式多到挑花眼,ocr/input_videos\上海__五角场合生汇__20260824.mp4
OBS-001511,五角场合生汇,MUJOSH木九十眼镜,MUJOSH木九十眼镜,眼镜店,4.5,1102,B1,rated,True,,rated,parsed,rating_anchor,0.9864,0.9991,54,14652,256.276,4.5眼镜店￥1102/人 | B1,MUJOSH木九十眼镜 | 4.5眼镜店￥1102/人 | B1 | 验光专业又仔细，佩戴清晰舒适,ocr/input_videos\上海__五角场合生汇__20260824.mp4
OBS-001512,五角场合生汇,老凤祥银楼,老凤祥银楼,黄金首饰,3.9,12200,L1,rated,True,,rated,parsed,rating_anchor,0.9862,0.9975,55,14652,256.276,🌟🌟🌟🌟🌟 | 3.9黄金首饰￥12200/人 | L1,老凤祥银楼 | 🌟🌟🌟🌟🌟 | 3.9黄金首饰￥12200/人 | L1 | 黄金吊坠造型精致，手工费超值” | ￥970￥1000代金券 | 惠,ocr/input_videos\上海__五角场合生汇__20260824.mp4
OBS-001513,五角场合生汇,LOHO眼镜,LOHO眼镜,眼镜店,4.8,715,L2,rated,True,,rated,parsed,rating_anchor,0.9801,0.9987,52,14652,256.276,4.8眼镜店￥715/人 | L2,LOHO眼镜 | LOHO | 退湖记 | aeaei | 4.8眼镜店￥715/人 | L2 | 镜框款式多到挑花眼，拍照自带高级感.. | 青装上阵 | 美学料波新站上容 | ￥29.9￥59.9LOHO眼镜专属验光|关... | 惠,ocr/input_videos\上海__五角场合生汇__20260824.mp4
OBS-001514,五角场合生汇,DR钻戒,DR钻戒,钻石彩宝,4.8,21088,L1,rated,True,,rated,parsed,rating_anchor,0.9753,0.9975,57,14652,256.276,4.8钻石彩宝￥21088/人 | L1,DR钻戒 | IR | 一重照方一 | 4.8钻石彩宝￥21088/人 | L1 | 一生只送一人的浪漫，接待很热情 | 心 | ￥49509.9折 | 惠 | ￥5000.01代金券,ocr/input_videos\上海__五角场合生汇__20260824.mp4
OBS-001515,五角场合生汇,周生生Chow Sang Sang,周生生ChowSangSang,黄金首饰,4.5,8046,L1,rated,True,,rated,parsed,rating_anchor,0.9593,0.9575,73,14652,256.276,⭐🌟4.5 | 黄金首饰￥8046/人 | L1,周生生Chow Sang Sang | 周生生 | ⭐🌟4.5 | 黄金首饰￥8046/人 | L1 | 服务细节到位，礼物贴心选择 | C | Chou Sang Sang,ocr/input_videos\上海__五角场合生汇__20260824.mp4
OBS-001516,五角场合生汇,MUJOSH木九十眼镜,MUJOSH木九十眼镜,眼镜店,4.5,1102,B1,rated,True,,rated,parsed,rating_anchor,0.9662,0.9908,50,14685,256.853,4.5眼镜店￥1102/人 | B1,MUJOSH木九十眼镜 | 4.5眼镜店￥1102/人 | B1 | 验光专业又仔细，佩戴清晰舒适,ocr/input_videos\上海__五角场合生汇__20260824.mp4
OBS-001517,五角场合生汇,老凤祥银楼,老凤祥银楼,黄金首饰,3.9,12200,L1,rated,True,,rated,parsed,rating_anchor,0.9818,0.9978,58,14685,256.853,🌟🌟🎉🌟3.9 | L1 | 黄金首饰￥12200/人,老凤祥银楼 | 🌟🌟🎉🌟3.9 | L1 | 黄金首饰￥12200/人 | “黄金吊坠造型精致，手工费超值” | ￥970￥1000代金券 | 惠,ocr/input_videos\上海__五角场合生汇__20260824.mp4
OBS-001518,五角场合生汇,LOHO眼镜,LOHO眼镜,眼镜店,4.8,715,L2,rated,True,,rated,parsed,rating_anchor,0.9822,0.9981,56,14685,256.853,4.8眼镜店￥715/人 | L2,LOHO眼镜 | 源游记 | LOHO | 92.3% | 4.8眼镜店￥715/人 | L2 | 镜框款式多到挑花眼，拍照自带高级感.. | 青装上阵 | （ | 轻 | 美学科接新品上市 | ￥29.9￥59.9 LOHO眼镜专属验光1关... | 惠,ocr/input_videos\上海__五角场合生汇__20260824.mp4
OBS-001519,五角场合生汇,DR钻戒,DR钻戒,钻石彩宝,4.8,21088,L1,rated,True,,rated,parsed,rating_anchor,0.9784,0.9986,58,14685,256.853,4.8钻石彩宝￥21088/人 | L1,DR钻戒 | IR | 一生次超务一人 | 4.8钻石彩宝￥21088/人 | L1 | 园 | 一生只送一人的浪漫，接待很热情 | ≤≤ | ￥49509.9折 | ￥5000.01代金券 | 惠,ocr/input_videos\上海__五角场合生汇__20260824.mp4
OBS-001520,五角场合生汇,周生生Chow Sang Sang,周生生ChowSangSang,黄金首饰,4.5,8046,L1,rated,True,,rated,parsed,rating_anchor,0.9679,0.9691,69,14685,256.853,4.5黄金首饰￥8046/人 | L1,周生生Chow Sang Sang | 周生生 | 4.5黄金首饰￥8046/人 | L1 | 服务细节到位，礼物贴心选择 | 力 | Chou Sang Sang,ocr/input_videos\上海__五角场合生汇__20260824.mp4
OBS-001521,五角场合生汇,MUJOSH木九十眼镜,MUJOSH木九十眼镜,眼镜店,4.5,1102,B1,rated,True,,rated,parsed,rating_anchor,0.9866,0.9992,53,14718,257.43,4.5眼镜店￥1102/人 | B1,MUJOSH木九十眼镜 | 4.5眼镜店￥1102/人 | B1 | 验光专业又仔细，佩戴清晰舒适”,ocr/input_videos\上海__五角场合生汇__20260824.mp4
OBS-001522,五角场合生汇,老凤祥银楼,老凤祥银楼,黄金首饰,3.9,12200,L1,rated,True,,rated,parsed,rating_anchor,0.9841,0.9953,57,14718,257.43,⭐🌟⭐🌟3.9 | 黄金首饰￥12200/人 | L1,老凤祥银楼 | ⭐🌟⭐🌟3.9 | 黄金首饰￥12200/人 | L1 | “黄金吊坠造型精致，工费超值” | ￥970￥1000代金券 | 惠,ocr/input_videos\上海__五角场合生汇__20260824.mp4
OBS-001523,五角场合生汇,LOHO眼镜,LOHO眼镜,眼镜店,4.8,715,L2,rated,True,,rated,parsed,rating_anchor,0.98,0.996,53,14718,257.43,4.8眼镜店￥715/人 | L2,LOHO眼镜 | LOHO | 退湖记 | 4.8眼镜店￥715/人 | L2 | 镜框款式多到挑花眼，拍照自带高级感. | 青装上阵 | 美学科性热站上型 | ￥29.9￥59.9LOHO眼镜专属验光|关... | 惠,ocr/input_videos\上海__五角场合生汇__20260824.mp4
OBS-001524,五角场合生汇,DR钻戒,DR钻戒,钻石彩宝,4.8,21088,L1,rated,True,,rated,parsed,rating_anchor,0.9783,0.9988,58,14718,257.43,4.8钻石彩宝￥21088/人 | L1,DR钻戒 | IR | 一六一人 | 人2 | 4.8钻石彩宝￥21088/人 | L1 | 园 | 一生只送一人的浪漫，接待很热情 | “ | ￥49509.9折 | ￥5000.01代金券 | 惠,ocr/input_videos\上海__五角场合生汇__20260824.mp4
OBS-001525,五角场合生汇,周生生Chow Sang Sang,周生生ChowSangSang,黄金首饰,4.5,8046,L1,rated,True,,rated,parsed,rating_anchor,0.9595,0.9656,71,14718,257.43,4.5黄金首饰￥8046/人 | L1,周生生Chow Sang Sang | 周生生 | 4.5黄金首饰￥8046/人 | L1 | 服务细节到位，礼物贴心选择” | C | Chou Sang Sang,ocr/input_videos\上海__五角场合生汇__20260824.mp4
OBS-001526,五角场合生汇,周生生Chow Sang Sang,周生生ChowSangSang,黄金首饰,4.5,8046,L1,rated,True,,rated,parsed,rating_anchor,0.9759,0.9848,76,14784,258.584,🌟🌟🎉🌟🌟 | 4.5黄金首饰￥8046/人 | L1,周生生Chow Sang Sang | 周生生 | 🌟🌟🎉🌟🌟 | 4.5黄金首饰￥8046/人 | L1 | 服务细节到位，礼物贴心选择” | “ | Chou Sang Sang,ocr/input_videos\上海__五角场合生汇__20260824.mp4
OBS-001527,五角场合生汇,小团眼镜,小团眼镜,眼镜店,4.9,413,B2,rated,True,,rated,parsed,rating_anchor,0.9743,0.9979,57,14784,258.584,眼镜店￥413/人 | B2 | 🌟🌟🌟⭐🌟 | 4.9,小团眼镜 | 眼镜店￥413/人 | B2 | 🌟🌟🌟⭐🌟 | 4.9 | 点评榜单 | 杨浦区眼镜店热门榜第1名 | 小团眼镜 | xiaotuan | 量贩式价格，验光专业无推销 | ￥235 | 【50-800度】1.6.. | ￥153.59.8折 | 惠,ocr/input_videos\上海__五角场合生汇__20260824.mp4
OBS-001528,五角场合生汇,TSL謝瑞麟,TSL谢瑞麟,综合珠宝..,4.4,10611,1F,rated,True,,rated,parsed,rating_anchor,0.9591,0.9993,52,14784,258.584,🌟🌟🌟🎉⭐ | 4.4综合珠宝..￥10611/人1F,TSL謝瑞麟 | 🌟🌟🌟🎉⭐ | 4.4综合珠宝..￥10611/人1F | 款式显气质，做工精致无毛刺 | D,ocr/input_videos\上海__五角场合生汇__20260824.mp4
OBS-001529,五角场合生汇,一代眼镜,一代眼镜,眼镜店,4.7,936,B1,rated,True,,rated,parsed,rating_anchor,0.9805,0.998,55,14784,258.584,🌟4.7 | B1 | 眼镜店￥936/人,一代眼镜 | 🌟4.7 | B1 | 眼镜店￥936/人 | IDEE | 一代眼镜 | 杨浦区离焦镜销量榜第5名 | 专业配锁值得信赖 | 款式多又新，服务超贴心” | 蔡司·做视路官方授权 | “ | ￥16.918.5折 | 惠 | ￥25海昌|隐形眼镜美瞳...,ocr/input_videos\上海__五角场合生汇__20260824.mp4
OBS-001530,五角场合生汇,JINS,JINS,眼镜店,4.8,810,B1,rated,True,,rated,parsed,rating_anchor,0.9657,0.9975,55,14784,258.584,4.8眼镜店￥810/人 | B1,JINS | 4.8眼镜店￥810/人 | B1,ocr/input_videos\上海__五角场合生汇__20260824.mp4
OBS-001531,五角场合生汇,周生生Chow Sang Sang,周生生ChowSangSang,黄金首饰,4.5,8046,L1,rated,True,,rated,parsed,rating_anchor,0.9656,0.9747,75,14817,259.162,🌟🌟🌟🌟🌟 | 黄金首饰￥8046/人 | L1 | 4.5,周生生Chow Sang Sang | 周生生 | 🌟🌟🌟🌟🌟 | 黄金首饰￥8046/人 | L1 | 4.5 | 服务细节到位，礼物贴心选择” | Chou Sang Sang,ocr/input_videos\上海__五角场合生汇__20260824.mp4
OBS-001532,五角场合生汇,小团眼镜,小团眼镜,眼镜店,4.9,413,B2,rated,True,,rated,parsed,rating_anchor,0.973,0.9983,59,14817,259.162,眼镜店￥413/人 | B2 | 🌟🌟🌟★ | 4.9,小团眼镜 | 眼镜店￥413/人 | B2 | 🌟🌟🌟★ | 4.9 | 点评榜单 | 杨浦区眼镜店热门榜第1名 | 小团眼镜 | xiaotuan | 量贩式价格，验光专业无推销 | “ | 中 | ￥235 | 【50-800度】1.6... | ￥153.59.8折 | 惠,ocr/input_videos\上海__五角场合生汇__20260824.mp4
OBS-001533,五角场合生汇,TSL謝瑞麟,TSL谢瑞麟,综合珠宝...,4.4,10611,1F,rated,True,,rated,parsed,rating_anchor,0.9499,0.9996,53,14817,259.162,🌟🌟🌟🌟 | 4.4综合珠宝...￥10611/人1F | ★,TSL謝瑞麟 | 🌟🌟🌟🌟 | 4.4综合珠宝...￥10611/人1F | ★ | 款式显气质，做工精致无毛刺 | “,ocr/input_videos\上海__五角场合生汇__20260824.mp4
OBS-001534,五角场合生汇,一代眼镜,一代眼镜,眼镜店,4.7,936,B1,rated,True,,rated,parsed,rating_anchor,0.9785,0.9981,60,14817,259.162,B1 | 🌟🌟🌟🌟🌟 | 眼镜店￥936/人 | 4.7,一代眼镜 | 好 | B1 | 🌟🌟🌟🌟🌟 | 眼镜店￥936/人 | IDEE | 4.7 | 一代眼镜 | 杨浦区离焦镜销量榜第5名 | 专业配镜值得信赖 | 款式多又新，服务超贴心” | 蔡间·做视路官方授权 | “ | ￥16.918.5折 | 惠 | ￥25海昌|隐形眼镜美瞳..,ocr/input_videos\上海__五角场合生汇__20260824.mp4
OBS-001535,五角场合生汇,JINS,JINS,眼镜店,4.8,810,B1,rated,True,,rated,parsed,rating_anchor,0.9803,0.9982,52,14817,259.162,🌟🌟🌟🌟🌟 | B1 | 眼镜店￥810/人 | 4.8,JINS | J!NS | 🌟🌟🌟🌟🌟 | B1 | 眼镜店￥810/人 | 4.8 | 30分钟 | 点评榜单 | 杨浦区眼镜店热门榜第5名 | 立等可取 | 全球越800家直营店 | 店员耐心不推销，款式多样舒适 | 套餐含1.60非球面锁片399起,ocr/input_videos\上海__五角场合生汇__20260824.mp4
OBS-001536,五角场合生汇,周生生Chow Sang Sang,周生生ChowSangSang,黄金首饰,4.5,8046,L1,rated,True,,rated,parsed,rating_anchor,0.9658,0.9543,70,14828,259.354,🌟🌟🌟🌟 | 4.5黄金首饰￥8046/人 | L1,周生生Chow Sang Sang | 周生生 | 🌟🌟🌟🌟 | 4.5黄金首饰￥8046/人 | L1 | “服务细节到位，礼物贴心选择 | (hou Sang Sang,ocr/input_videos\上海__五角场合生汇__20260824.mp4
OBS-001537,五角场合生汇,小团眼镜,小团眼镜,眼镜店,4.9,413,B2,rated,True,,rated,parsed,rating_anchor,0.9802,0.9985,59,14828,259.354,B2 | 🌟🌟🎉🌟🌟 | 眼镜店￥413/人 | 4.9,小团眼镜 | B2 | 🌟🌟🎉🌟🌟 | 眼镜店￥413/人 | 4.9 | 点评榜单 | 杨浦区眼镜店热门榜第1名 | 小团眼镜 | xiaotuan | 量贩式价格，验光专业无推销 | “ | ￥235 | ￥153.59.8折 | 【50-800度】1.6... | 惠,ocr/input_videos\上海__五角场合生汇__20260824.mp4
OBS-001538,五角场合生汇,TSL謝瑞麟,TSL谢瑞麟,综合珠宝.,4.4,10611,1F,rated,True,,rated,parsed,rating_anchor,0.9769,0.9997,53,14828,259.354,🌟🌟🌟🌟 | 4.4综合珠宝.￥10611/人1F | ★,TSL謝瑞麟 | 🌟🌟🌟🌟 | 4.4综合珠宝.￥10611/人1F | ★ | 款式显气质，做工精致无毛刺 | “,ocr/input_videos\上海__五角场合生汇__20260824.mp4
OBS-001539,五角场合生汇,一代眼镜,一代眼镜,眼镜店,4.7,936,B1,rated,True,,rated,parsed,rating_anchor,0.9793,0.9982,56,14828,259.354,🌟🌟🌟🌟🌟 | B1 | 眼镜店￥936/人 | 4.7,一代眼镜 | 好 | 🌟🌟🌟🌟🌟 | B1 | 眼镜店￥936/人 | IDEE | 4.7 | 一代眼镜 | 杨浦区离焦镜销量榜第5名 | 专业配镜值得信赖 | 款式多又新，服务超贴心 | 获司·依拐路官方预权 | 3 | 8.5折 | ￥16.91 | 惠 | ￥25海昌|隐形眼镜美瞳..,ocr/input_videos\上海__五角场合生汇__20260824.mp4
OBS-001540,五角场合生汇,JINS,JINS,眼镜店,4.8,810,B1,rated,True,,rated,parsed,rating_anchor,0.9765,0.9953,55,14828,259.354,⭐⭐⭐4.8 | B1 | 眼镜店￥810/人,JINS | J!NS | ⭐⭐⭐4.8 | B1 | 眼镜店￥810/人 | 30分钟 | 点评榜单 | 杨浦区眼镜店热门榜第5名 | 立等可取 | 全球超800家直营店 | 店员耐心不推销，款式多样舒适 | 55 | C | 套餐含1.60非球面镇片399起,ocr/input_videos\上海__五角场合生汇__20260824.mp4
OBS-001541,五角场合生汇,周生生Chow Sang Sang,周生生ChowSangSang,黄金首饰,4.5,8046,L1,rated,True,,rated,parsed,rating_anchor,0.9681,0.9368,69,14905,260.701,L1 | 🌟🌟⭐🌟 | 黄金首饰 | 4.5 | ￥8046/人,周生生Chow Sang Sang | 周生生 | L1 | 🌟🌟⭐🌟 | 黄金首饰 | 4.5 | ￥8046/人 | 服务细节到位，礼物贴心选择 | Chou Sang Sang,ocr/input_videos\上海__五角场合生汇__20260824.mp4
OBS-001542,五角场合生汇,小团眼镜,小团眼镜,眼镜店,4.9,413,B2,rated,True,,rated,parsed,rating_anchor,0.9725,0.9974,55,14905,260.701,B2 | ★🌟🌟🌟🌟 | 眼镜店￥413/人 | 4.9,小团眼镜 | B2 | ★🌟🌟🌟🌟 | 眼镜店￥413/人 | 4.9 | 点评榜单 | 杨浦区眼镜店热门榜第1名 | 小团眼镜 | xiaotuan | 量贩式价格，验光专业无推销 | ￥153.59.8折 | ￥235 | 【50-800度】1.6... | 惠,ocr/input_videos\上海__五角场合生汇__20260824.mp4
OBS-001543,五角场合生汇,TSL謝瑞麟,TSL谢瑞麟,综合珠宝..,4.4,,1F,rated,True,,rated,parsed,rating_anchor,0.9686,0.9995,51,14905,260.701,🌟🌟⭐🌟 | 4.4综合珠宝..￥10611/1F | ★,TSL謝瑞麟 | 🌟🌟⭐🌟 | 4.4综合珠宝..￥10611/1F | ★ | 款式显气质，做工精致无毛刺,ocr/input_videos\上海__五角场合生汇__20260824.mp4
OBS-001544,五角场合生汇,一代眼镜,一代眼镜,眼镜店,4.7,936,B1,rated,True,,rated,parsed,rating_anchor,0.9732,0.9982,53,14905,260.701,🌟★🌟🌟🌟 | B1 | 眼镜店￥936/人 | 4.7,一代眼镜 | 🌟★🌟🌟🌟 | B1 | 眼镜店￥936/人 | 4.7 | IDEE | 代眼镜 | 杨浦区离焦镜销量榜第5名 | 专业配镜 | 值得信赖 | 款式多又新，服务超贴心 | 张司·视路官方授权 | ￥16.91 | 8.5折 | 惠 | ￥25海昌|隐形眼镜美瞳...,ocr/input_videos\上海__五角场合生汇__20260824.mp4
OBS-001545,五角场合生汇,JINS,JINS,眼镜店,,810,B1,unknown,True,,ocr_missing,parsed,metadata_anchor,0.9799,0.999,48,14905,260.701,B1 | 眼镜店￥810/人 | ★★★★★ | 14.8,JINS | J!NS | B1 | 眼镜店￥810/人 | ★★★★★ | 14.8 | 30分钟 | 点评榜单 | 杨浦区眼镜店热门榜第5名 | 立等可取 | 全球超800家直营店 | 店员耐心不推销，款式多样舒适 | 5 | S | 套餐含1.60非球面馈片399起,ocr/input_videos\上海__五角场合生汇__20260824.mp4
OBS-001546,五角场合生汇,吴良材眼镜,吴良材眼镜,眼镜店,4.8,1219,B2,rated,True,,rated,parsed,rating_anchor,0.9516,0.9447,49,14905,260.701,🌟🌟🌈4.8 | B2 | 眼镜店￥1219/人,吴良材眼镜 | 🌟🌟🌈4.8 | B2 | 眼镜店￥1219/人 | 电 | 吴良材 | 镜,ocr/input_videos\上海__五角场合生汇__20260824.mp4
OBS-001547,五角场合生汇,一代眼镜,一代眼镜,目,4.7,936,B1,rated,True,,rated,parsed,rating_anchor,0.8566,0.9986,59,14927,261.086,⭐⭐🌟4.7目 | B1 | 眼镜店￥936/人,一代眼镜 | 好 | ⭐⭐🌟4.7目 | B1 | 眼镜店￥936/人 | IDEE | 一代眼镜 | 杨浦区离焦镜销量榜第5名 | 专业配镜值得信赖 | 款式多又新，服务超贴心” | 获司·依视路官方授权 | “ | ￥16.918.5折 | 惠 | ￥25海昌|隐形眼镜美瞳...,ocr/input_videos\上海__五角场合生汇__20260824.mp4
OBS-001548,五角场合生汇,JINS,JINS,眼镜店,4.8,810,B1,rated,True,,rated,parsed,rating_anchor,0.9758,0.9976,52,14927,261.086,4.8眼镜店￥810/人 | B1,JINS | J!NS | 4.8眼镜店￥810/人 | B1 | 30分钟 | 点评榜单 | 杨浦区眼镜店热门榜第5名 | 立等可取 | 全球超800家直营店 | 店员耐心不推销，款式多样舒适 | L | 套餐含1.60非球面镇片399起,ocr/input_videos\上海__五角场合生汇__20260824.mp4
OBS-001549,五角场合生汇,吴良材眼镜,吴良材眼镜,眼镜店,4.8,1219,B2,rated,True,,rated,parsed,rating_anchor,0.9679,0.9854,58,14927,261.086,4.8眼镜店￥1219/人 | B2,吴良材眼镜 | 4.8眼镜店￥1219/人 | B2 | 吴良材 | 服 | 服务贴心，矫正清洗免费 | 小 | 百联集团成员企业 | ￥10￥300眼镜智耀膜升级券 | 惠,ocr/input_videos\上海__五角场合生汇__20260824.mp4
OBS-001550,五角场合生汇,moody彩瞳,moody彩瞳,眼镜店,4.4,190,B1,rated,True,,rated,parsed,rating_anchor,0.974,0.996,57,14927,261.086,🌟🌟🎉🌟 | B1 | 眼镜店￥190/人 | 4.4,moody彩瞳 | 🌟🌟🎉🌟 | B1 | 眼镜店￥190/人 | 4.4 | moody 彩瞳 | 选择丰富，隐形眼镜断货色号还能快递 | “ | ￥24.9moodyl隐形眼镜美.. | ￥12.7 | 8.5折 | 惠,ocr/input_videos\上海__五角场合生汇__20260824.mp4
OBS-001551,五角场合生汇,一代眼镜,一代眼镜,眼镜店,4.7,936,B1,rated,True,,rated,parsed,rating_anchor,0.9778,0.9985,59,14960,261.663,4.7眼镜店￥936/人 | B1,一代眼镜 | 4.7眼镜店￥936/人 | B1 | IDEE | 一代眼镜 | 杨浦区离焦镜销量榜第5名 | 专业配镜值得信赖 | 款式多又新，服务超贴心” | 获司·依视路官方授权 | “ | ￥16.918.5折 | 惠 | ￥25海昌|隐形眼镜美瞳...,ocr/input_videos\上海__五角场合生汇__20260824.mp4
OBS-001552,五角场合生汇,JINS,JINS,眼镜店,4.8,810,B1,rated,True,,rated,parsed,rating_anchor,0.984,0.9984,56,14960,261.663,B1 | 4.8眼镜店￥810/人,JINS | J!NS | B1 | 4.8眼镜店￥810/人 | 30分钟 | 点评榜单 | 杨浦区眼镜店热门榜第5名 | 立等可取 | 全球超800家直营店 | 店员耐心不推销，款式多样舒适 | S | 套餐含1.60非球面镇片399起,ocr/input_videos\上海__五角场合生汇__20260824.mp4
OBS-001553,五角场合生汇,吴良材眼镜,吴良材眼镜,眼镜店,4.8,1219,B2,rated,True,,rated,parsed,rating_anchor,0.9429,0.9717,56,14960,261.663,⭐4.8眼镜店￥1219/人 | B2,吴良材眼镜 | ⭐4.8眼镜店￥1219/人 | B2 | 吳良材 | 服 | 镜 | 品 | 服务贴心，矫正清洗免费 | “ | 百联集团成员企业 | 惠 | ￥10￥300眼镜智耀膜升级券,ocr/input_videos\上海__五角场合生汇__20260824.mp4
OBS-001554,五角场合生汇,moody彩瞳,moody彩瞳,眼镜店,4.4,190,B1,rated,True,,rated,parsed,rating_anchor,0.9802,0.9975,58,14960,261.663,🌟🌟🎉🌟 | B1 | 眼镜店￥190/人 | 4.4,moody彩瞳 | 🌟🌟🎉🌟 | B1 | 眼镜店￥190/人 | 4.4 | moody 彩瞳 | 选择丰富，隐形眼镜断货色号还能快递 | “ | ￥24.9moodyl隐形眼镜美... | ￥12.7 | 8.5折 | 惠,ocr/input_videos\上海__五角场合生汇__20260824.mp4
OBS-001555,五角场合生汇,一代眼镜,一代眼镜,眼镜店,4.7,936,B1,rated,True,,rated,parsed,rating_anchor,0.9522,0.9986,58,14993,262.24,🌈4.7眼镜店￥936/人 | B1,一代眼镜 | 🌈4.7眼镜店￥936/人 | B1 | IDEE | 一代眼镜 | 杨浦区离焦镜销量榜第5名 | 专业配镜值得信赖 | 款式多又新，服务超贴心” | 获司·依视路官方授权 | “ | ￥16.918.5折 | 惠 | ￥25海昌|隐形眼镜美瞳...,ocr/input_videos\上海__五角场合生汇__20260824.mp4
OBS-001556,五角场合生汇,JINS,JINS,眼镜店,4.8,810,B1,rated,True,,rated,parsed,rating_anchor,0.9745,0.9984,56,14993,262.24,B1 | 🌟🌟🎉🎉🎉4.8 | 眼镜店￥810/人,JINS | J!NS | B1 | 🌟🌟🎉🎉🎉4.8 | 眼镜店￥810/人 | 30分钟 | 点评榜单 | 杨浦区眼镜店热门榜第5名 | 立等可取 | 全球超800家直营店 | 店员耐心不推销，款式多样舒适 | L | 套餐含1.60非球面镇片399起,ocr/input_videos\上海__五角场合生汇__20260824.mp4
OBS-001557,五角场合生汇,吴良材眼镜,吴良材眼镜,目,4.8,1219,B2,rated,True,,rated,parsed,rating_anchor,0.925,0.9717,56,14993,262.24,⭐⭐⭐⭐4.8目 | B2 | 眼镜店￥1219/人,吴良材眼镜 | ⭐⭐⭐⭐4.8目 | B2 | 眼镜店￥1219/人 | 吴良材 | 服 | 服务贴心，矫正清洗免费 | 百联集团成员企业 | ￥10￥300眼镜智耀膜升级券 | 惠,ocr/input_videos\上海__五角场合生汇__20260824.mp4
OBS-001558,五角场合生汇,moody彩瞳,moody彩瞳,眼镜店,4.4,190,B1,rated,True,,rated,parsed,rating_anchor,0.9807,0.9975,58,14993,262.24,🌟🌟🎉🌟 | B1 | 眼镜店￥190/人 | 4.4,moody彩瞳 | 🌟🌟🎉🌟 | B1 | 眼镜店￥190/人 | 4.4 | moody 彩瞳 | 选择丰富，隐形眼镜断货色号还能快递 | “ | ￥24.9moodyl隐形眼镜美... | ￥12.7 | 8.5折 | 惠,ocr/input_videos\上海__五角场合生汇__20260824.mp4
OBS-001559,五角场合生汇,moody彩瞳,moody彩瞳,眼镜店,4.4,190,B1,rated,True,,rated,parsed,rating_anchor,0.9848,0.997,66,15037,263.01,🌟🌟🌟🌟 | B1 | 眼镜店￥190/人 | 4.4 | ★,moody彩瞳 | 🌟🌟🌟🌟 | B1 | 眼镜店￥190/人 | 4.4 | ★ | moody彩瞳 | 选择丰富，隐形眼镜断货色号还能快递 | ￥24.9moodyl隐形眼镜美... | ￥12.7 | 8.5折 | 惠,ocr/input_videos\上海__五角场合生汇__20260824.mp4
OBS-001560,五角场合生汇,BOLON暴龙眼镜,BOLON暴龙眼镜,眼镜店,4.5,917,L2,rated,True,,rated,parsed,rating_anchor,0.9744,0.9988,52,15037,263.01,★⭐🌟4.5 | L2 | 眼镜店￥917/人,BOLON暴龙眼镜 | ★⭐🌟4.5 | L2 | 眼镜店￥917/人 | BOLON | ETEWEAR | 店铺位置好找，眼镜轻巧无负担,ocr/input_videos\上海__五角场合生汇__20260824.mp4
OBS-001561,五角场合生汇,茂昌眼镜,茂昌眼镜,眼镜店,4.7,1053,B2,rated,True,,rated,parsed,rating_anchor,0.9776,0.9989,59,15037,263.01,4.7眼镜店￥1053/人 | B2,茂昌眼镜 | 茂昌眼镜 | 4.7眼镜店￥1053/人 | B2 | MAOCHANG | 眼镜店布置整洁，服务细心贴心” | 西联团成员企业 | ￥10￥300目 | 惠 | 眼镜智耀膜升级券,ocr/input_videos\上海__五角场合生汇__20260824.mp4
OBS-001562,五角场合生汇,品牌箱包快闪店,品牌箱包快闪店,服饰鞋包,,,B1,new_store,False,new_store,ocr_missing,parsed,metadata_anchor,0.999,0.9989,52,15037,263.01,服饰鞋包 | 新店 | B1,品牌箱包快闪店 | 服饰鞋包 | 新店 | B1 | Lee,ocr/input_videos\上海__五角场合生汇__20260824.mp4
OBS-001563,五角场合生汇,Baryour Mand Lee,BaryourMandLee,服饰鞋包,,,B1,new_store,False,new_store,ocr_missing,parsed,metadata_anchor,0.997,0.9945,56,15037,263.01,新店 | 服饰鞋包 | B1,Baryour Mand Lee | 新店 | 服饰鞋包 | B1 | 上海蔚来汽车用户服务有限公司,ocr/input_videos\上海__五角场合生汇__20260824.mp4
OBS-001564,五角场合生汇,moody彩瞳,moody彩瞳,眼镜店,4.4,190,B1,rated,True,,rated,parsed,rating_anchor,0.9842,0.9974,66,15059,263.394,B1 | 🌟🌟🌟🎉 | 眼镜店￥190/人 | 4.4,moody彩瞳 | B1 | 🌟🌟🌟🎉 | 眼镜店￥190/人 | 4.4 | moody 彩瞳 | 选择丰富，隐形眼镜断货色号还能快递 | ￥24.9moodyl隐形眼镜美. | ￥12.7 | 8.5折 | 惠,ocr/input_videos\上海__五角场合生汇__20260824.mp4
OBS-001565,五角场合生汇,BOLON暴龙眼镜,BOLON暴龙眼镜,眼镜店,4.5,917,L2,rated,True,,rated,parsed,rating_anchor,0.9762,0.9989,51,15059,263.394,🌟🌟🎉🌟🌟 | L2 | 眼镜店￥917/人 | 4.5,BOLON暴龙眼镜 | 🌟🌟🎉🌟🌟 | L2 | 眼镜店￥917/人 | 4.5 | BOLON | EYEWEAR | 店铺位置好找，眼镜轻巧无负担,ocr/input_videos\上海__五角场合生汇__20260824.mp4
OBS-001566,五角场合生汇,茂昌眼镜,茂昌眼镜,眼镜店,4.7,1053,B2,rated,True,,rated,parsed,rating_anchor,0.9836,0.9991,57,15059,263.394,4.7眼镜店￥1053/人 | B2,茂昌眼镜 | 茂昌眼镜 | 4.7眼镜店￥1053/人 | B2 | MAOCHANG | 眼镜店布置整洁，服务细心贴心 | 5 | 百联集团成员企受 | ￥10￥300 | 惠 | 眼镜智耀膜升级券,ocr/input_videos\上海__五角场合生汇__20260824.mp4
OBS-001567,五角场合生汇,品牌箱包快闪店,品牌箱包快闪店,服饰鞋包,,,B1,new_store,False,new_store,ocr_missing,parsed,metadata_anchor,0.9995,0.9996,55,15059,263.394,服饰鞋包 | 新店 | B1,品牌箱包快闪店 | 服饰鞋包 | 新店 | B1 | lee,ocr/input_videos\上海__五角场合生汇__20260824.mp4
OBS-001568,五角场合生汇,Baryour Mand Lee,BaryourMandLee,服饰鞋包,,,B1,new_store,False,new_store,ocr_missing,parsed,metadata_anchor,0.998,0.9969,55,15059,263.394,新店 | 服饰鞋包 | B1,Baryour Mand Lee | 新店 | 服饰鞋包 | B1 | 上海蔚来汽车用户服务有限公司,ocr/input_videos\上海__五角场合生汇__20260824.mp4
OBS-001569,五角场合生汇,moody彩瞳,moody彩瞳,眼镜店,4.4,190,B1,rated,True,,rated,parsed,rating_anchor,0.9871,0.9966,63,15092,263.972,⭐🌟🌟⭐ | B1 | 4.4眼镜店￥190/人 | ★,moody彩瞳 | ⭐🌟🌟⭐ | B1 | 4.4眼镜店￥190/人 | ★ | moody彩瞳 | 选择丰富，隐形眼镜断货色号还能快递 | ￥12.7 | 8.5折 | ￥24.9 | moodyl隐形眼镜美... | 惠,ocr/input_videos\上海__五角场合生汇__20260824.mp4
OBS-001570,五角场合生汇,BOLON暴龙眼镜,BOLON暴龙眼镜,目,4.5,917,L2,rated,True,,rated,parsed,rating_anchor,0.883,0.9988,52,15092,263.972,🌟🌟🌟4.5目 | 眼镜店￥917/人 | L2,BOLON暴龙眼镜 | 🌟🌟🌟4.5目 | 眼镜店￥917/人 | L2 | BOLON | ETEWEAR | 店铺位置好找，眼镜轻巧无负担 | C,ocr/input_videos\上海__五角场合生汇__20260824.mp4
OBS-001571,五角场合生汇,茂昌眼镜,茂昌眼镜,眼镜店,4.7,1053,B2,rated,True,,rated,parsed,rating_anchor,0.979,0.9972,56,15092,263.972,4.7眼镜店￥1053/人 | B2,茂昌眼镜 | 茂昌眼镜 | 4.7眼镜店￥1053/人 | B2 | MAOCHANG | 眼镜店布置整洁，服务细心贴心 | C | 西联案团成员企业 | 惠 | ￥10￥300眼镜智耀膜升级券,ocr/input_videos\上海__五角场合生汇__20260824.mp4
OBS-001572,五角场合生汇,品牌箱包快闪店,品牌箱包快闪店,服饰鞋包,,,B1,new_store,False,new_store,ocr_missing,parsed,metadata_anchor,0.9994,0.9992,57,15092,263.972,新店 | 服饰鞋包 | B1,品牌箱包快闪店 | 新店 | 服饰鞋包 | B1 | Lee,ocr/input_videos\上海__五角场合生汇__20260824.mp4
OBS-001573,五角场合生汇,Baryour Mand Lee,BaryourMandLee,服饰鞋包,,,B1,new_store,False,new_store,ocr_missing,parsed,metadata_anchor,0.9879,0.9764,56,15092,263.972,新店 | 服饰鞋包 | B1,Baryour Mand Lee | 新店 | 服饰鞋包 | B1 | 上海蔚来汽车用户服务有限公司,ocr/input_videos\上海__五角场合生汇__20260824.mp4
OBS-001574,五角场合生汇,Baryour Mand Lee,BaryourMandLee,服饰鞋包,,,B1,new_store,False,new_store,ocr_missing,parsed,metadata_anchor,0.9904,0.9815,60,15180,265.511,新店 | 服饰鞋包 | B1,Baryour Mand Lee | 新店 | 服饰鞋包 | B1,ocr/input_videos\上海__五角场合生汇__20260824.mp4
OBS-001575,五角场合生汇,上海蔚来汽车用户服务有限公司,上海蔚来汽车用户服务有限公司,综合经销商,,,L1,unrated,False,explicitly_unrated,unrated,parsed,unrated_anchor,0.9919,0.984,57,15180,265.511,L1 | 综合经销商 | ★★★★★ | 暂无星级,上海蔚来汽车用户服务有限公司 | L1 | 综合经销商 | ★★★★★ | 暂无星级 | 养车/用车,ocr/input_videos\上海__五角场合生汇__20260824.mp4
OBS-001576,五角场合生汇,安莉芳,安莉芳,服饰鞋包,,,L2,unrated,False,explicitly_unrated,unrated,parsed,unrated_anchor,0.9989,0.9996,65,15180,265.511,L2 | ⭐🌟★⭐★ | 服饰鞋包 | 暂无星级,安莉芳 | L2 | ⭐🌟★⭐★ | 服饰鞋包 | 暂无星级,ocr/input_videos\上海__五角场合生汇__20260824.mp4
OBS-001577,五角场合生汇,jnbybyJNBY,jnbybyJNBY,服饰鞋包,,,L3,unrated,False,explicitly_unrated,unrated,parsed,unrated_anchor,0.9988,0.9985,68,15180,265.511,🌟🌟🌟🌟⭐ | 暂无星级 | 服饰鞋包 | L3,jnbybyJNBY | jnby | 🌟🌟🌟🌟⭐ | 暂无星级 | 服饰鞋包 | L3 | by | JNBY,ocr/input_videos\上海__五角场合生汇__20260824.mp4
OBS-001578,五角场合生汇,一加手机,一加手机,数码产品,,,L4,unrated,False,explicitly_unrated,unrated,parsed,unrated_anchor,0.9998,0.9998,59,15180,265.511,★★★★★ | 暂无星级 | 数码产品 | L4,一加手机 | S- | ★★★★★ | 暂无星级 | 数码产品 | L4,ocr/input_videos\上海__五角场合生汇__20260824.mp4
OBS-001579,五角场合生汇,美洋MEIYANG,美洋MEIYANG,服饰...,,1344,L3,unrated,False,explicitly_unrated,unrated,parsed,unrated_anchor,0.9526,0.9984,51,15180,265.511,暂无星级 | ★★★★★ | 服饰...￥1344/人L3,美洋MEIYANG | 暂无星级 | ★★★★★ | 服饰...￥1344/人L3,ocr/input_videos\上海__五角场合生汇__20260824.mp4
OBS-001580,五角场合生汇,Baryour Mand Lee,BaryourMandLee,服饰鞋包,,,B1,new_store,False,new_store,ocr_missing,parsed,metadata_anchor,0.9968,0.9943,60,15202,265.896,新店 | 服饰鞋包 | B1,Baryour Mand Lee | 新店 | 服饰鞋包 | B1,ocr/input_videos\上海__五角场合生汇__20260824.mp4
OBS-001581,五角场合生汇,上海蔚来汽车用户服务有限公司,上海蔚来汽车用户服务有限公司,综合经销商,,,L1,unrated,False,explicitly_unrated,unrated,parsed,unrated_anchor,0.9901,0.9804,57,15202,265.896,★★★★★ | 综合经销商 | L1 | 暂无星级,上海蔚来汽车用户服务有限公司 | ★★★★★ | 综合经销商 | L1 | 暂无星级 | 养车/用车,ocr/input_videos\上海__五角场合生汇__20260824.mp4
OBS-001582,五角场合生汇,安莉芳,安莉芳,服饰鞋包,,,L2,unrated,False,explicitly_unrated,unrated,parsed,unrated_anchor,0.9994,0.9997,58,15202,265.896,L2 | 暂无星级 | 服饰鞋包 | ★★★★★,安莉芳 | L2 | 暂无星级 | 服饰鞋包 | ★★★★★,ocr/input_videos\上海__五角场合生汇__20260824.mp4
OBS-001583,五角场合生汇,jnbybyJNBY,jnbybyJNBY,服饰鞋包,,,L3,unrated,False,explicitly_unrated,unrated,parsed,unrated_anchor,0.9986,0.9982,63,15202,265.896,⭐⭐🌟🌟🌟 | 暂无星级 | 服饰鞋包 | L3,jnbybyJNBY | jnby | ⭐⭐🌟🌟🌟 | 暂无星级 | 服饰鞋包 | L3 | by | JNBY,ocr/input_videos\上海__五角场合生汇__20260824.mp4
OBS-001584,五角场合生汇,一加手机,一加手机,数码产品,,,L4,unrated,False,explicitly_unrated,unrated,parsed,unrated_anchor,0.9997,0.9997,63,15202,265.896,🌟🌟🌟🌟 | 数码产品 | 暂无星级 | L4,一加手机 | 6- | 🌟🌟🌟🌟 | 数码产品 | 暂无星级 | L4,ocr/input_videos\上海__五角场合生汇__20260824.mp4
OBS-001585,五角场合生汇,美洋MEIYANG,美洋MEIYANG,服饰..,,1344,L3,unrated,False,explicitly_unrated,unrated,parsed,unrated_anchor,0.957,0.9986,51,15202,265.896,★★★★★ | 暂无星级 | 服饰..￥1344/人L3,美洋MEIYANG | ★★★★★ | 暂无星级 | 服饰..￥1344/人L3,ocr/input_videos\上海__五角场合生汇__20260824.mp4
OBS-001586,五角场合生汇,上海尉米汽车用厂服务有限公可,上海尉米汽车用厂服务有限公可,综合经销商,,,L1,unrated,False,explicitly_unrated,unrated,parsed,unrated_anchor,0.9241,0.8484,33,15290,267.435,★★★★★ | L1 | 暂无星级 | 综合经销商,上海尉米汽车用厂服务有限公可 | ★★★★★ | L1 | 暂无星级 | 综合经销商 | 养车/用车,ocr/input_videos\上海__五角场合生汇__20260824.mp4
OBS-001587,五角场合生汇,安莉芳,安莉芳,服饰鞋包,,,L2,unrated,False,explicitly_unrated,unrated,parsed,unrated_anchor,0.9993,0.9994,58,15290,267.435,L2 | 🌟🌟💥🌟🌟 | 暂无星级 | 服饰鞋包,安莉芳 | L2 | 🌟🌟💥🌟🌟 | 暂无星级 | 服饰鞋包,ocr/input_videos\上海__五角场合生汇__20260824.mp4
OBS-001588,五角场合生汇,jnbybyJNBY,jnbybyJNBY,服饰鞋包,,,L3,unrated,False,explicitly_unrated,unrated,parsed,unrated_anchor,0.9988,0.9982,63,15290,267.435,🌟🌟🌟🌟🌟 | 暂无星级 | L3 | 服饰鞋包,jnbybyJNBY | jnby | 🌟🌟🌟🌟🌟 | 暂无星级 | L3 | 服饰鞋包 | by | JNBY,ocr/input_videos\上海__五角场合生汇__20260824.mp4
OBS-001589,五角场合生汇,一加手机,一加手机,数码产品,,,L4,unrated,False,explicitly_unrated,unrated,parsed,unrated_anchor,0.9998,0.9999,56,15290,267.435,★★★★★ | 暂无星级 | 数码产品 | L4,一加手机 | G | ★★★★★ | 暂无星级 | 数码产品 | L4,ocr/input_videos\上海__五角场合生汇__20260824.mp4
OBS-001590,五角场合生汇,美洋MEIYANG,美洋MEIYANG,服饰..,,1344,L3,unrated,False,explicitly_unrated,unrated,parsed,unrated_anchor,0.9633,0.9983,52,15290,267.435,★★★★★ | 暂无星级 | 服饰..￥1344/人L3,美洋MEIYANG | B0Y | ★★★★★ | 暂无星级 | 服饰..￥1344/人L3,ocr/input_videos\上海__五角场合生汇__20260824.mp4
OBS-001591,五角场合生汇,motoAI手机,motoAI手机,数码产品,,,L4,new_store,False,new_store,ocr_missing,parsed,metadata_anchor,0.9724,0.9451,59,15290,267.435,数码产品 | 新店 | L4,motoAI手机 | 数码产品 | 新店 | L4 | 购物,ocr/input_videos\上海__五角场合生汇__20260824.mp4
OBS-001592,五角场合生汇,上海尉米汽牛用厂服务有限公可,上海尉米汽牛用厂服务有限公可,综合经销商,,,L1,unrated,False,explicitly_unrated,unrated,parsed,unrated_anchor,0.9074,0.8151,35,15323,268.012,★★★★★ | 暂无星级 | 综合经销商 | L1,上海尉米汽牛用厂服务有限公可 | ★★★★★ | 暂无星级 | 综合经销商 | L1 | 养车/用车,ocr/input_videos\上海__五角场合生汇__20260824.mp4
OBS-001593,五角场合生汇,安莉芳,安莉芳,服饰鞋包,,,L2,unrated,False,explicitly_unrated,unrated,parsed,unrated_anchor,0.9994,0.9997,61,15323,268.012,L2 | 🌟🌟🌟🌟 | 服饰鞋包 | 暂无星级,安莉芳 | L2 | 🌟🌟🌟🌟 | 服饰鞋包 | 暂无星级,ocr/input_videos\上海__五角场合生汇__20260824.mp4
OBS-001594,五角场合生汇,jnbybyJNBY,jnbybyJNBY,服饰鞋包,,,L3,unrated,False,explicitly_unrated,unrated,parsed,unrated_anchor,0.9975,0.9979,64,15323,268.012,★★★★ | 暂无星级 | L3 | 服饰鞋包,jnbybyJNBY | jnby | ★★★★ | 暂无星级 | L3 | 服饰鞋包 | by | JNBY,ocr/input_videos\上海__五角场合生汇__20260824.mp4
OBS-001595,五角场合生汇,一加手机,一加手机,数码产品,,,L4,unrated,False,explicitly_unrated,unrated,parsed,unrated_anchor,0.9998,0.9999,56,15323,268.012,暂无星级 | ★★★★★ | 数码产品 | L4,一加手机 | S- | 暂无星级 | ★★★★★ | 数码产品 | L4,ocr/input_videos\上海__五角场合生汇__20260824.mp4
OBS-001596,五角场合生汇,美洋MEIYANG,美洋MEIYANG,服饰..,,1344,L3,unrated,False,explicitly_unrated,unrated,parsed,unrated_anchor,0.9572,0.9984,52,15323,268.012,暂无星级 | 服饰..￥1344/人L3 | ★★★★★,美洋MEIYANG | Q0Y | 暂无星级 | 服饰..￥1344/人L3 | ★★★★★,ocr/input_videos\上海__五角场合生汇__20260824.mp4
OBS-001597,五角场合生汇,motoAl手机,motoAl手机,数码产品,,,L4,new_store,False,new_store,ocr_missing,parsed,metadata_anchor,0.97,0.9401,56,15323,268.012,新店 | 数码产品 | L4,motoAl手机 | 新店 | 数码产品 | L4 | 购物 | 曼妮芬,ocr/input_videos\上海__五角场合生汇__20260824.mp4
OBS-001598,五角场合生汇,天洋MEIYANG,天洋MEIYANG,服饰.,,1344,L3,unrated,False,explicitly_unrated,unrated,parsed,unrated_anchor,0.9022,0.8589,40,15400,269.359,服饰.￥1344/人L3 | 暂无星级 | ★★★★★,天洋MEIYANG | 服饰.￥1344/人L3 | 暂无星级 | ★★★★★,ocr/input_videos\上海__五角场合生汇__20260824.mp4
OBS-001599,五角场合生汇,moto Al手机,motoAl手机,数码产品,,,L4,new_store,False,new_store,ocr_missing,parsed,metadata_anchor,0.9527,0.9058,62,15400,269.359,数码产品 | 新店 | L4,moto Al手机 | 数码产品 | 新店 | L4 | 购物,ocr/input_videos\上海__五角场合生汇__20260824.mp4
OBS-001600,五角场合生汇,曼妮芬,曼妮芬,内衣,,,L3,unrated,False,explicitly_unrated,unrated,parsed,unrated_anchor,0.9977,0.9998,59,15400,269.359,内衣 | ★★★★ | 暂无星级 | L3,曼妮芬 | 内衣 | ★★★★ | 暂无星级 | L3,ocr/input_videos\上海__五角场合生汇__20260824.mp4
OBS-001601,五角场合生汇,ADELLAFANDI,ADELLAFANDI,综合珠宝首饰,,,L2,unrated,False,explicitly_unrated,unrated,parsed,unrated_anchor,0.9963,0.993,45,15400,269.359,★★★★★ | 暂无星级 | L2 | 综合珠宝首饰,ADELLAFANDI | ★★★★★ | 暂无星级 | L2 | 综合珠宝首饰 | ADELLA FAND | ARRIE,ocr/input_videos\上海__五角场合生汇__20260824.mp4
OBS-001602,五角场合生汇,WM,WM,服饰鞋包,,,B1,new_store,False,new_store,ocr_missing,parsed,metadata_anchor,0.9915,0.9839,53,15400,269.359,新店 | 服饰鞋包 | B1,WM | 新店 | 服饰鞋包 | B1 | 购物,ocr/input_videos\上海__五角场合生汇__20260824.mp4
OBS-001603,五角场合生汇,上集,上集,服装,,,L3,unrated,False,explicitly_unrated,unrated,parsed,unrated_anchor,0.9998,1.0,63,15400,269.359,服装 | ★★★★★ | L3 | 暂无星级,上集 | 服装 | ★★★★★ | L3 | 暂无星级 | ZEEKR,ocr/input_videos\上海__五角场合生汇__20260824.mp4
OBS-001604,五角场合生汇,motoAI手机,motoAI手机,数码产品,,,L4,new_store,False,new_store,ocr_missing,parsed,metadata_anchor,0.9706,0.9415,59,15444,270.128,数码产品 | 新店 | L4,motoAI手机 | 数码产品 | 新店 | L4 | 购物,ocr/input_videos\上海__五角场合生汇__20260824.mp4
OBS-001605,五角场合生汇,曼妮芬,曼妮芬,内衣,,,L3,unrated,False,explicitly_unrated,unrated,parsed,unrated_anchor,0.9965,0.9998,57,15444,270.128,内衣 | 暂无星级 | ★★★★★ | L3,曼妮芬 | 内衣 | 暂无星级 | ★★★★★ | L3,ocr/input_videos\上海__五角场合生汇__20260824.mp4
OBS-001606,五角场合生汇,ADELLA FANDI,ADELLAFANDI,综合珠宝首饰,,,L2,unrated,False,explicitly_unrated,unrated,parsed,unrated_anchor,0.9834,0.9673,43,15444,270.128,L2 | ★★★★★ | 暂无星级 | 综合珠宝首饰,ADELLA FANDI | L2 | ★★★★★ | 暂无星级 | 综合珠宝首饰 | ADELLA FAND,ocr/input_videos\上海__五角场合生汇__20260824.mp4
OBS-001607,五角场合生汇,WM,WM,服饰鞋包,,,B1,new_store,False,new_store,ocr_missing,parsed,metadata_anchor,0.9883,0.9776,51,15444,270.128,新店 | 服饰鞋包 | B1,WM | 新店 | 服饰鞋包 | B1 | 购物,ocr/input_videos\上海__五角场合生汇__20260824.mp4
OBS-001608,五角场合生汇,上集,上集,服装,,,L3,unrated,False,explicitly_unrated,unrated,parsed,unrated_anchor,0.9999,1.0,61,15444,270.128,服装 | L3 | ★★★★★ | 暂无星级,上集 | 服装 | L3 | ★★★★★ | 暂无星级 | 上集ISHANGJI,ocr/input_videos\上海__五角场合生汇__20260824.mp4
OBS-001609,五角场合生汇,ZEEKR,ZEEKR,4S店,,,B2,unrated,False,explicitly_unrated,unrated,parsed,unrated_anchor,0.9959,0.9966,53,15444,270.128,4S店 | B2 | 🌟🌟🌟🌟 | 暂无星级,ZEEKR | 4S店 | B2 | 🌟🌟🌟🌟 | 暂无星级,ocr/input_videos\上海__五角场合生汇__20260824.mp4
OBS-001610,五角场合生汇,motoAI手机,motoAI手机,数码产品,,,L4,new_store,False,new_store,ocr_missing,parsed,metadata_anchor,0.9703,0.9408,56,15499,271.09,新店 | 数码产品 | L4,motoAI手机 | 新店 | 数码产品 | L4 | 购物,ocr/input_videos\上海__五角场合生汇__20260824.mp4
OBS-001611,五角场合生汇,曼妮芬,曼妮芬,内衣,,,L3,unrated,False,explicitly_unrated,unrated,parsed,unrated_anchor,0.9966,0.9998,58,15499,271.09,内衣 | ★★★★★ | 暂无星级 | L3,曼妮芬 | 内衣 | ★★★★★ | 暂无星级 | L3,ocr/input_videos\上海__五角场合生汇__20260824.mp4
OBS-001612,五角场合生汇,ADELLA FANDI,ADELLAFANDI,综合珠宝首饰,,,L2,unrated,False,explicitly_unrated,unrated,parsed,unrated_anchor,0.9858,0.972,45,15499,271.09,L2 | 暂无星级 | ★★★★★ | 综合珠宝首饰,ADELLA FANDI | L2 | 暂无星级 | ★★★★★ | 综合珠宝首饰 | ADELLA FAND | ABRIE,ocr/input_videos\上海__五角场合生汇__20260824.mp4
OBS-001613,五角场合生汇,WM,WM,服饰鞋包,,,B1,new_store,False,new_store,ocr_missing,parsed,metadata_anchor,0.9949,0.9904,53,15499,271.09,新店 | 服饰鞋包 | B1,WM | 新店 | 服饰鞋包 | B1 | 购物,ocr/input_videos\上海__五角场合生汇__20260824.mp4
OBS-001614,五角场合生汇,上集,上集,服装,,,L3,unrated,False,explicitly_unrated,unrated,parsed,unrated_anchor,0.9996,1.0,62,15499,271.09,服装 | L3 | ★★★★★ | 暂无星级,上集 | 服装 | L3 | ★★★★★ | 暂无星级 | 上集ISHANGJI,ocr/input_videos\上海__五角场合生汇__20260824.mp4
OBS-001615,五角场合生汇,ZEEKR,ZEEKR,4S店,,,B2,unrated,False,explicitly_unrated,unrated,parsed,unrated_anchor,0.9962,0.9964,51,15499,271.09,4S店 | B2 | 🌟🌟 | 暂无星级,ZEEKR | 4S店 | B2 | 🌟🌟 | 暂无星级 | Oian Zhu,ocr/input_videos\上海__五角场合生汇__20260824.mp4
OBS-001616,五角场合生汇,要姚分,要姚分,内衣,,,L3,unrated,False,explicitly_unrated,unrated,parsed,unrated_anchor,0.8534,0.7213,38,15532,271.668,内衣 | L3 | 暂无星级 | ★★★★★,要姚分 | 内衣 | L3 | 暂无星级 | ★★★★★,ocr/input_videos\上海__五角场合生汇__20260824.mp4
OBS-001617,五角场合生汇,ADELLA FANDI,ADELLAFANDI,综合珠宝首饰,,,L2,unrated,False,explicitly_unrated,unrated,parsed,unrated_anchor,0.9771,0.9545,47,15532,271.668,暂无星级 | L2 | 综合珠宝首饰 | ★★,ADELLA FANDI | 暂无星级 | L2 | 综合珠宝首饰 | ★★ | ADELLA FAND,ocr/input_videos\上海__五角场合生汇__20260824.mp4
OBS-001618,五角场合生汇,WM,WM,服饰鞋包,,,B1,new_store,False,new_store,ocr_missing,parsed,metadata_anchor,0.992,0.9852,53,15532,271.668,新店 | 服饰鞋包 | B1,WM | 新店 | 服饰鞋包 | B1 | 购物,ocr/input_videos\上海__五角场合生汇__20260824.mp4
OBS-001619,五角场合生汇,上集,上集,服装,,,L3,unrated,False,explicitly_unrated,unrated,parsed,unrated_anchor,0.9996,1.0,63,15532,271.668,服装 | 🌟🌟🌟🌟 | L3 | 暂无星级,上集 | 服装 | 🌟🌟🌟🌟 | L3 | 暂无星级 | 上集ISHANGJI,ocr/input_videos\上海__五角场合生汇__20260824.mp4
OBS-001620,五角场合生汇,ZEEKR,ZEEKR,4S店,,,B2,unrated,False,explicitly_unrated,unrated,parsed,unrated_anchor,0.996,0.9965,49,15532,271.668,4S店 | 暂无星级 | B2 | ★★★★★,ZEEKR | 4S店 | 暂无星级 | B2 | ★★★★★,ocr/input_videos\上海__五角场合生汇__20260824.mp4
OBS-001621,五角场合生汇,Qian Zhu,QianZhu,服装,,,L2,unrated,False,explicitly_unrated,unrated,parsed,unrated_anchor,0.9957,0.9919,61,15532,271.668,服装 | ★★★★★ | 暂无星级 | L2,Qian Zhu | 服装 | ★★★★★ | 暂无星级 | L2 | 购物 | 已经到底啦~,ocr/input_videos\上海__五角场合生汇__20260824.mp4
OBS-001622,五角场合生汇,Ms.Sue秘术工匠银饰DIY,Ms.Sue秘术工匠银饰DIY,DIY坊221/,4.8,,B1,rated,True,,rated,parsed,rating_anchor,0.9749,0.9821,51,15598,272.822,4.8DIY坊221/ | B1,Ms.Sue秘术工匠银饰DIY | 4.8DIY坊221/ | B1 | 杨浦区DIY坊好评榜第2名 | 新手小白也能放心来，情绪价值满满 | ￥3968.2折 | ￥596 | 惠 | 【七夕节特惠/2枚】 | ￥10￥20代金券 | 惠,ocr/input_videos\上海__五角场合生汇__20260824.mp4
OBS-001623,五角场合生汇,星际传奇家庭运动中心·宝可梦·抓..,星际传奇家庭运动中心·宝可梦·抓,电玩城,4.2,87,L3,rated,True,,rated,parsed,rating_anchor,0.9547,0.955,59,15598,272.822,L3 | 4.2电玩城￥87/人,星际传奇家庭运动中心·宝可梦·抓.. | L3 | 4.2电玩城￥87/人 | 五角场/大学路电玩城回头客榜第3名 | 整体品质高档，周末游戏好去处 | 惠￥1.879.9折 | ￥7.5 | 【新用户专享】5枚...,ocr/input_videos\上海__五角场合生汇__20260824.mp4
OBS-001624,五角场合生汇,拾光星球弹珠堂,拾光星球弹珠堂,弹珠店,3.9,49,L5,rated,True,,rated,parsed,rating_anchor,0.9575,0.9991,56,15598,272.822,3.9弹珠店￥49/人 | L5,拾光星球弹珠堂 | 3.9弹珠店￥49/人 | L5 | 五角场/大学路弹珠店销量榜第1名 | 卡片兑换奖品丰富，周末人气超多！ | 3 | 。 | ￥49.9￥149 | 【新手体验弹珠乐趣】30... | 惠,ocr/input_videos\上海__五角场合生汇__20260824.mp4
OBS-001625,五角场合生汇,中影国际影城,中影国际影城,电影院,4.6,,L4,rated,True,,rated,parsed,rating_anchor,0.9825,1.0,51,15598,272.822,4.6电影院 | L4,中影国际影城 | 4.6电影院 | L4,ocr/input_videos\上海__五角场合生汇__20260824.mp4
OBS-001626,五角场合生汇,神盾局密室逃脱,神盾局密室逃脱,密室/沉浸...,4.5,146,L3,rated,True,,rated,parsed,rating_anchor,0.9118,0.9654,51,15620,273.207,★★★★ | 4.5 | 密室/沉浸... | ￥146/人L3,神盾局密室逃脱 | 口 | ★★★★ | 4.5 | 密室/沉浸... | ￥146/人L3 | 点评榜单 | 五角场/大学路密室/沉浸好评榜第3名 | SEDUN | 神居局 | “机关设计巧妙，解谜量足 | 3 | 厂告 | ￥129￥139129单人券基础票通用型. | 惠,ocr/input_videos\上海__五角场合生汇__20260824.mp4
OBS-001627,五角场合生汇,Ms.Sue秘术工匠银饰DIY,Ms.Sue秘术工匠银饰DIY,DIY手工坊,4.8,221,B1,rated,True,,rated,parsed,rating_anchor,0.9758,0.9965,47,15620,273.207,B1 | 4.8DIY手工坊￥221/人,6店同庆 | Ms.Sue秘术工匠银饰DIY | B1 | 4.8DIY手工坊￥221/人 | 点评榜单 | 杨浦区DIY手工坊好评榜第2名 | 电0Y | 低至5折起 | 新手小白也能放心来，情绪价值满满 | 告 | ￥3968.2折 | ￥596 | 惠 | 【七夕节特惠/2枚】 | … | ￥10￥20代金券 | 惠,ocr/input_videos\上海__五角场合生汇__20260824.mp4
OBS-001628,五角场合生汇,星际传奇家庭运动中心·宝可梦·抓...,星际传奇家庭运动中心·宝可梦·抓,电玩城,4.2,87,L3,rated,True,,rated,parsed,rating_anchor,0.9603,0.9508,54,15620,273.207,4.2电玩城￥87/人 | L3 | ★🌟⭐★,星际传奇家庭运动中心·宝可梦·抓... | LOA | 奔赴星际 | 舞力全开 | 4.2电玩城￥87/人 | L3 | ★🌟⭐★ | 五角场/大学路电玩城回头客榜第3名 | 8月14日-8月21日 | 整体品质高档，周末游戏好去处 | 9 | ￥1.879.9折 | 【新用户专享】5枚... | ￥7.5 | 惠,ocr/input_videos\上海__五角场合生汇__20260824.mp4
OBS-001629,五角场合生汇,拾光星球弹珠堂,拾光星球弹珠堂,弹珠店,3.9,49,L5,rated,True,,rated,parsed,rating_anchor,0.9822,0.9966,51,15620,273.207,L5 | 🌟🌟🌟🌟🌟 | 弹珠店￥49/人 | 3.9,拾光星球弹珠堂 | L5 | 🌟🌟🌟🌟🌟 | 弹珠店￥49/人 | 3.9 | 班堂 | Guene | 五角场/大学路弹珠店销量榜第1名 | 招 | 卡兑换奖品丰富，周末人气超多！ | ≤ | ￥49.9￥149 | 【新手体验弹珠乐趣】30.... | 惠,ocr/input_videos\上海__五角场合生汇__20260824.mp4
OBS-001630,五角场合生汇,中影国际影城,中影国际影城,电影院,4.6,,L4,rated,True,,rated,parsed,rating_anchor,0.9999,0.9999,51,15620,273.207,L4 | ⭐4.6 | 电影院,中影国际影城 | L4 | ⭐4.6 | 电影院,ocr/input_videos\上海__五角场合生汇__20260824.mp4
OBS-001631,五角场合生汇,拾光星球弹珠堂,拾光星球弹珠堂,弹珠店,3.9,49,L5,rated,True,,rated,parsed,rating_anchor,0.9765,0.9987,52,15763,275.708,弹珠店￥49/人 | L5 | ★★★★★ | 3.9,拾光星球弹珠堂 | 弹珠店￥49/人 | L5 | ★★★★★ | 3.9 | Fi理自 | Guane | 五角场/大学路弹珠店销量榜第1名 | 卡片兑换奖品丰富，周末人气超多！ | 53 | “ | 【新手体验弹珠乐趣】30.... | ￥49.9￥149 | 惠,ocr/input_videos\上海__五角场合生汇__20260824.mp4
OBS-001632,五角场合生汇,中影国际影城,中影国际影城,电影院,4.6,,L4,rated,True,,rated,parsed,rating_anchor,0.9945,0.9999,52,15763,275.708,4.6电影院 | L4,中影国际影城 | 4.6电影院 | L4,ocr/input_videos\上海__五角场合生汇__20260824.mp4
OBS-001633,五角场合生汇,雅谷屋·足道SPA採耳,雅谷屋·足道SPA采耳,休闲按摩浴,4.7,,L3,rated,True,,rated,parsed,rating_anchor,0.9567,0.9521,51,15763,275.708,4.7休闲按摩浴￥231/L3,雅谷屋·足道SPA採耳 | 4.7休闲按摩浴￥231/L3 | 雅谷屋SPA | 杨浦区按摩/足疗销量榜第2名 | 好技术好服务好环境 | “放松解压好去处，SPA体验舒畅宁静” | 告 | ￥2098.1折 | ￥299 | 【经络·疏通】中. | 惠,ocr/input_videos\上海__五角场合生汇__20260824.mp4
OBS-001634,五角场合生汇,疯狂娃娃城,疯狂娃娃城,娃娃屋,3.4,66,B2,rated,True,,rated,parsed,rating_anchor,0.983,0.9974,52,15763,275.708,⭐🌟🎉 | B2 | 3.4娃娃屋￥66/人 | ★★,疯狂娃娃城 | 疯注娃佳城 | ⭐🌟🎉 | B2 | 3.4娃娃屋￥66/人 | ★★ | 杨浦区娃娃屋销量榜第3名 | 抓娃娃概率高，体验感很好！ | ” | 惠 | ￥1.88￥9 | 【新朋友专属】6枚娃娃币...,ocr/input_videos\上海__五角场合生汇__20260824.mp4
OBS-001635,五角场合生汇,拾光星球弹珠堂,拾光星球弹珠堂,引,3.9,49,L5,rated,True,,rated,parsed,rating_anchor,0.8493,0.9987,51,15785,276.093,🌟🌟★3.9引 | L5 | 弹珠店￥49/人,拾光星球弹珠堂 | 🌟🌟★3.9引 | L5 | 弹珠店￥49/人 | 弹球堂 | 五角场/大学路弹珠店销量榜第1名 | 招 | 卡兑换奖品丰富，周末人气超多！ | 53 | C | 【新手体验弹珠乐趣】30... | 惠 | ￥49.9￥149,ocr/input_videos\上海__五角场合生汇__20260824.mp4
OBS-001636,五角场合生汇,中影国际影城,中影国际影城,电影院,4.6,,L4,rated,True,,rated,parsed,rating_anchor,0.9999,0.9999,52,15785,276.093,电影院 | 🌟4.6 | L4,中影国际影城 | 电影院 | 🌟4.6 | L4,ocr/input_videos\上海__五角场合生汇__20260824.mp4
OBS-001637,五角场合生汇,雅谷屋·足道SPA采耳,雅谷屋·足道SPA采耳,休闲按摩浴,4.7,,L3,rated,True,,rated,parsed,rating_anchor,0.9592,0.9548,51,15785,276.093,4.7休闲按摩浴￥231/L3,雅谷屋·足道SPA采耳 | 4.7休闲按摩浴￥231/L3 | 雅谷屋SPA | 杨浦区按摩/足疗销量榜第2名 | 好技术好服务好环境 | 放松解压好去处，SPA体验舒畅宁静 | ￥2098.1折 | ￥299 | 【经络·疏通】中.. | 惠,ocr/input_videos\上海__五角场合生汇__20260824.mp4
OBS-001638,五角场合生汇,疯狂娃娃城,疯狂娃娃城,娃娃屋,3.4,66,B2,rated,True,,rated,parsed,rating_anchor,0.9785,0.9986,51,15785,276.093,⭐🌟⭐ | B2 | 3.4娃娃屋￥66/人 | ★,疯狂娃娃城 | 疯证娃佳城 | ⭐🌟⭐ | B2 | 3.4娃娃屋￥66/人 | ★ | 杨浦区娃娃屋销量榜第3名 | 分 | 抓娃娃概率高，体验感很好！ | ￥1.88￥9 | 惠 | 【新朋友专属】6枚娃娃币...,ocr/input_videos\上海__五角场合生汇__20260824.mp4
OBS-001639,五角场合生汇,汤姆熊欢乐世界,汤姆熊欢乐世界,电玩城,3.5,78,L2,rated,True,,rated,parsed,rating_anchor,0.9841,0.9991,51,15785,276.093,🌟🌟🌟🌟🌟 | L2 | 3.5电玩城￥78/人,汤姆熊欢乐世界 | Tamee | 🌟🌟🌟🌟🌟 | L2 | 3.5电玩城￥78/人,ocr/input_videos\上海__五角场合生汇__20260824.mp4
OBS-001640,五角场合生汇,拾光星球弹珠堂,拾光星球弹珠堂,弹珠店,3.9,49,L5,rated,True,,rated,parsed,rating_anchor,0.9751,0.9987,50,15807,276.478,🌟🌟🌟🌟🌟 | L5 | 弹珠店￥49/人 | 3.9,拾光星球弹珠堂 | 🌟🌟🌟🌟🌟 | L5 | 弹珠店￥49/人 | 3.9 | 列环堂 | 五角场/大学路弹珠店销量榜第1名 | 星 | 3 | 卡片兑换奖品丰富，周末人气超多！ | 【新手体验弹珠乐趣】30... | ￥49.9￥149 | 惠,ocr/input_videos\上海__五角场合生汇__20260824.mp4
OBS-001641,五角场合生汇,中影国际影城,中影国际影城,电影院,4.6,,L4,rated,True,,rated,parsed,rating_anchor,0.9999,0.9999,51,15807,276.478,⭐🌟⭐🌟4.6 | 电影院 | L4,中影国际影城 | ⭐🌟⭐🌟4.6 | 电影院 | L4,ocr/input_videos\上海__五角场合生汇__20260824.mp4
OBS-001642,五角场合生汇,雅谷屋·足道SPA采耳,雅谷屋·足道SPA采耳,休闲按摩足浴,4.7,231,L3,rated,True,,rated,parsed,rating_anchor,0.9477,0.9588,51,15807,276.478,4.7休闲按摩足浴￥231/人 | L3,雅谷屋·足道SPA采耳 | 4.7休闲按摩足浴￥231/人 | L3 | 雅谷屋SPA | 杨浦区按摩/足疗销量榜第2名 | 好技术好服务好环境 | 放松解压好去处，SPA体验舒畅宁静” | 6 | 日 | ￥209 | ￥299 | 惠 | 8.1折 | 【经络·疏通】中.,ocr/input_videos\上海__五角场合生汇__20260824.mp4
OBS-001643,五角场合生汇,疯狂娃娃城,疯狂娃娃城,娃娃屋,3.4,66,B2,rated,True,,rated,parsed,rating_anchor,0.9818,0.9991,49,15807,276.478,B2 | 🌟🌟⭐ | ★★ | 3.4娃娃屋￥66/人,疯狂娃娃城 | 疯狂程城 | B2 | 🌟🌟⭐ | ★★ | 3.4娃娃屋￥66/人 | 杨浦区娃娃屋销量榜第3名 | 3 | 抓娃娃概率高，体验感很好！ | ￥1.88￥9 | 惠 | 【新朋友专属】6枚娃娃币...,ocr/input_videos\上海__五角场合生汇__20260824.mp4
OBS-001644,五角场合生汇,汤姆熊欢乐世界,汤姆熊欢乐世界,电玩城,3.5,78,L2,rated,True,,rated,parsed,rating_anchor,0.9794,0.9995,48,15807,276.478,L2 | ⭐🌟⭐⭐★3.5 | 电玩城￥78/人,汤姆熊欢乐世界 | L2 | ⭐🌟⭐⭐★3.5 | 电玩城￥78/人 | 杨浦区游戏厅销量榜第2名 | 地理位置方便，卡片机更新快 | 享星巴克福制 | 指定育额,ocr/input_videos\上海__五角场合生汇__20260824.mp4
OBS-001645,五角场合生汇,拾光星球弹珠堂,拾光星球弹珠堂,弹珠店,3.9,49,L5,rated,True,,rated,parsed,rating_anchor,0.9752,0.9978,51,15851,277.247,L5 | 3.9 | ★🌟🌟★ | 弹珠店￥49/人,拾光星球弹珠堂 | L5 | 3.9 | ★🌟🌟★ | 弹珠店￥49/人 | 湿珠室 | ua | 五角场/大学路弹珠店销量榜第1名 | pI | 卡片兑换奖品丰富，周末人气超多！ | 33 | 《 | 【新手体验弹珠乐趣】30... | ￥49.9￥149 | 惠,ocr/input_videos\上海__五角场合生汇__20260824.mp4
OBS-001646,五角场合生汇,中影国际影城,中影国际影城,电影院,4.6,,L4,rated,True,,rated,parsed,rating_anchor,0.9996,0.9999,51,15851,277.247,🌟🎉🌟4.6 | 电影院 | L4,中影国际影城 | 🌟🎉🌟4.6 | 电影院 | L4,ocr/input_videos\上海__五角场合生汇__20260824.mp4
OBS-001647,五角场合生汇,雅谷屋·足道SPA采耳,雅谷屋·足道SPA采耳,休闲按摩足浴,4.7,231,L3,rated,True,,rated,parsed,rating_anchor,0.9552,0.9476,53,15851,277.247,4.7休闲按摩足浴￥231/人L3,雅谷屋·足道SPA采耳 | 4.7休闲按摩足浴￥231/人L3 | 雅谷屋SPA | 杨浦区按摩/足疗销量榜第2名 | 好技术好服务好环境 | “放松解压好去处，SPA体验舒畅宁静” | 告 | ￥2098.1折 | ￥299 | 【经络·疏通】中. | 惠,ocr/input_videos\上海__五角场合生汇__20260824.mp4
OBS-001648,五角场合生汇,疯狂娃娃城,疯狂娃娃城,娃娃屋,3.4,66,B2,rated,True,,rated,parsed,rating_anchor,0.9828,0.9975,55,15851,277.247,B2 | 🌟🌟🌟⭐⭐ | 3.4娃娃屋￥66/人,疯狂娃娃城 | 疯狂娃佳城 | B2 | 🌟🌟🌟⭐⭐ | 3.4娃娃屋￥66/人 | 杨浦区娃娃屋销量榜第3名 | 抓娃娃概率高，体验感很好！ | S | ￥1.88￥9 | 惠 | 【新朋友专属】6枚娃娃币...,ocr/input_videos\上海__五角场合生汇__20260824.mp4
OBS-001649,五角场合生汇,汤姆熊欢乐世界,汤姆熊欢乐世界,电玩城,3.5,78,L2,rated,True,,rated,parsed,rating_anchor,0.9847,0.9993,51,15851,277.247,3.5电玩城￥78/人 | L2,汤姆熊欢乐世界 | TumiweRyD | 3.5电玩城￥78/人 | L2 | 杨浦区游戏厅销量榜第2名 | 盗 | 地理位置方便，卡片机更新快 | 指定套喜星巴克福利,ocr/input_videos\上海__五角场合生汇__20260824.mp4
OBS-001650,五角场合生汇,疯狂娃娃城,疯狂娃娃城,娃娃屋,3.4,66,B2,rated,True,,rated,parsed,rating_anchor,0.9467,0.9986,51,15917,278.402,★3.4娃娃屋￥66/人 | B2,疯狂娃娃城 | 疯江 | 城 | ★3.4娃娃屋￥66/人 | B2 | 杨浦区娃娃屋销量榜第3名 | 抓娃娃概率高，体验感很好！ | 3 | ￥1.88￥9 | 【新朋友专属】6枚娃娃币….. | 惠,ocr/input_videos\上海__五角场合生汇__20260824.mp4
OBS-001651,五角场合生汇,汤姆熊欢乐世界,汤姆熊欢乐世界,电玩城,3.5,78,L2,rated,True,,rated,parsed,rating_anchor,0.9761,0.9993,53,15917,278.402,L2 | 3.5电玩城￥78/人,汤姆熊欢乐世界 | L2 | 3.5电玩城￥78/人 | 杨浦区游戏厅销量榜第2名 | 地理位置方便，卡片机更新快 | F | 享星巴克福利 | 指定育额 | ￥19.9￥2525枚游戏币 | 惠,ocr/input_videos\上海__五角场合生汇__20260824.mp4
OBS-001652,五角场合生汇,星聚会KTV,星聚会KTV,量贩式KTV,3.7,78,L4,rated,True,,rated,parsed,rating_anchor,0.9838,0.998,52,15917,278.402,★★★★3.7 | L4 | 量贩式KTV￥78/人,星聚会KTV | 星堅會 | ★★★★3.7 | L4 | 量贩式KTV￥78/人 | 不仅仅是KTV | 杨浦区KTV销量榜第2名 | AI趣唱 | 《 | 装修豪华音效好，话筒音质超级棒 | ￥88￥288 | 惠 | 【AI趣唱】星聚会白天档3...,ocr/input_videos\上海__五角场合生汇__20260824.mp4
OBS-001653,五角场合生汇,长风拨筋养身养颜,长风拨筋养身养颜,推拿养生,4.6,168,L2,rated,True,,rated,parsed,rating_anchor,0.9692,0.9895,48,15917,278.402,4.6推拿养生￥168/人 | L2,拨筋 | 长风拨筋养身养颜 | 4.6推拿养生￥168/人 | L2 | 五角场/大学路推拿养生销量榜第5名 | 养身 | 夏三伏拨筋节 | 头皮按摩超舒适，血液运行起来了！ | 55 | G | ￥1388.3折 | ￥169 | 肩颈拨筋一直击酸.. | 惠,ocr/input_videos\上海__五角场合生汇__20260824.mp4
OBS-001654,五角场合生汇,开心麻花经典重生沉浸版《夏洛特...,开心麻花经典重生沉浸版《夏洛特,演出/活动,4.9,,B1,rated,True,,rated,parsed,rating_anchor,0.975,0.964,53,15917,278.402,4.9演出/活动 | B1,开心麻花经典重生沉浸版《夏洛特... | 夏洛特烦恤 | 4.9演出/活动 | 世转卖染 | B1,ocr/input_videos\上海__五角场合生汇__20260824.mp4
OBS-001655,五角场合生汇,疯狂娃娃城,疯狂娃娃城,娃娃屋,3.4,66,B2,rated,True,,rated,parsed,rating_anchor,0.9814,0.9976,52,15928,278.594,B2 | 🌟🌟🎉 | 3.4娃娃屋￥66/人 | ★★,疯狂娃娃城 | 疯社娃佳城 | B2 | 🌟🌟🎉 | 3.4娃娃屋￥66/人 | ★★ | 杨浦区娃娃屋销量榜第3名 | 抓娃娃概率高，体验感很好！ | ￥1.88￥9 | 惠 | 【新朋友专属】6枚娃娃币..,ocr/input_videos\上海__五角场合生汇__20260824.mp4
OBS-001656,五角场合生汇,汤姆熊欢乐世界,汤姆熊欢乐世界,电玩城,3.5,78,L2,rated,True,,rated,parsed,rating_anchor,0.955,0.9995,50,15928,278.594,L2 | ⭐3.5电玩城￥78/人,汤姆熊欢乐世界 | Tamiw | L2 | ⭐3.5电玩城￥78/人 | 杨浦区游戏厅销量榜第2名 | 地理位置方便，卡片机更新快 | 喜星巴克福利 | 指定音罐 | 惠 | ￥19.9￥2525枚游戏币,ocr/input_videos\上海__五角场合生汇__20260824.mp4
OBS-001657,五角场合生汇,星聚会KTV,星聚会KTV,量贩式KTV,3.7,78,L4,rated,True,,rated,parsed,rating_anchor,0.9825,0.9983,49,15928,278.594,★3.7 | L4 | 量贩式KTV￥78/人,星聚会KTV | 星坚會 | ★3.7 | L4 | 量贩式KTV￥78/人 | 不仅仅是KTV | 杨浦区KTV销量榜第2名 | 装修豪华音效好，话筒音质超级棒” | AI趣唱 | “ | ￥88￥288 | 惠 | 【AI趣唱】星聚会白天档3...,ocr/input_videos\上海__五角场合生汇__20260824.mp4
OBS-001658,五角场合生汇,长风拨筋养身养颜,长风拨筋养身养颜,推拿养生,4.6,168,L2,rated,True,,rated,parsed,rating_anchor,0.9731,0.9958,48,15928,278.594,L2 | 4.6推拿养生￥168/人,拨筋 | 长风拨筋养身养颜 | L2 | 4.6推拿养生￥168/人 | 五角场/大学路推拿养生销量榜第5名 | 养身 | 夏三伏拨筋节 | 头皮按摩超舒适，血液运行起来了！ | 33 | “ | ￥1388.3折 | ￥169 | 肩颈拨筋|直击酸.. | 惠,ocr/input_videos\上海__五角场合生汇__20260824.mp4
OBS-001659,五角场合生汇,开心麻花经典重生沉浸版《夏洛特...,开心麻花经典重生沉浸版《夏洛特,演出/活动,4.9,,B1,rated,True,,rated,parsed,rating_anchor,0.9469,0.9615,51,15928,278.594,B1 | ⭐4.9演出/活动,开心麻花经典重生沉浸版《夏洛特... | 内重汽 | 夏洛特烦恼 | ②迎转洗奖 | B1 | ⭐4.9演出/活动 | 我未不品mei让我看ta读,ocr/input_videos\上海__五角场合生汇__20260824.mp4
OBS-001660,五角场合生汇,长风拨筋养身养颜,长风拨筋养身养颜,推拿养生,4.6,168,L2,rated,True,,rated,parsed,rating_anchor,0.9825,0.9982,51,16049,280.71,4.6推拿养生￥168/人 | L2,拨筋 | 长风拨筋养身养颜 | 4.6推拿养生￥168/人 | L2 | 五角场/大学路推拿养生销量榜第5名 | 养身 | 夏三伏拨筋节 | 头皮按摩超舒适，血液运行起来了！ | 55 | S | ￥138 | ￥169 | 8.3折 | 惠 | 肩颈拨筋|直击酸...,ocr/input_videos\上海__五角场合生汇__20260824.mp4
OBS-001661,五角场合生汇,开心麻花经典重生沉浸版,开心麻花经典重生沉浸版,演出/活动,4.9,,B1,rated,True,,rated,parsed,rating_anchor,0.9968,0.9992,51,16049,280.71,⭐4.9 | B1 | 演出/活动,开心麻花经典重生沉浸版 | 《夏洛特. | 夏洛特烦恼 | ②世转决染 | ⭐4.9 | B1 | 演出/活动 | 我的未点不卧mei让我查ta源话,ocr/input_videos\上海__五角场合生汇__20260824.mp4
OBS-001662,五角场合生汇,开心麻花U空间,开心麻花U空间,演出/活动,4.9,,B1,rated,True,,rated,parsed,rating_anchor,0.9891,0.9982,54,16049,280.71,4.9演出/活动 | B1,开心麻花U空间 | 堂肉大杂 | 夏洛特烦恼 | 4.9演出/活动 | ②花转夫央 | B1 | 我的来不图mei让我通ta数读,ocr/input_videos\上海__五角场合生汇__20260824.mp4
OBS-001663,五角场合生汇,开心麻花爆笑客厅喜剧,开心麻花爆笑客厅喜剧,演出/活动,4.9,,B1,rated,True,,rated,parsed,rating_anchor,0.9537,0.9992,51,16049,280.71,B1 | ⭐⭐⭐⭐4.9演出/活动,《空降未婚.. | 开心麻花爆笑客厅喜剧 | 8035 | B1 | ⭐⭐⭐⭐4.9演出/活动,ocr/input_videos\上海__五角场合生汇__20260824.mp4
OBS-001664,五角场合生汇,跑跑太空熊,跑跑太空熊,主机游戏,,56,B2,unrated,False,explicitly_unrated,unrated,parsed,unrated_anchor,0.9814,0.998,52,16049,280.71,主机游戏￥56/人B2 | 暂无星级 | ★★★★★,跑跑太空熊 | 主机游戏￥56/人B2 | 暂无星级 | ★★★★★ | 05n | 3,ocr/input_videos\上海__五角场合生汇__20260824.mp4
OBS-001665,五角场合生汇,长风拨筋养身养颜,长风拨筋养身养颜,推拿养生,4.6,168,L2,rated,True,,rated,parsed,rating_anchor,0.9763,0.9986,54,16093,281.48,4.6推拿养生￥168/人 | L2,拨筋 | 长风拨筋养身养颜 | 4.6推拿养生￥168/人 | L2 | 五角场/大学路推拿养生销量榜第5名 | 养身 | 夏三伏拨筋节 | 头皮按摩超舒适，血液运行起来了！ | 55 | ￥138 | ￥169 | 惠 | 8.3折 | 肩颈拨筋Ⅰ直击酸...,ocr/input_videos\上海__五角场合生汇__20260824.mp4
OBS-001666,五角场合生汇,开心麻花经典重生沉浸版,开心麻花经典重生沉浸版,演出/活动,4.9,,B1,rated,True,,rated,parsed,rating_anchor,0.9958,0.999,51,16093,281.48,B1 | 4.9 | 演出/活动,《夏洛特. | 开心麻花经典重生沉浸版 | 夏洛特烦恼 | ②世转疾染 | B1 | 4.9 | 演出/活动 | 我的未感不限mei让我看ta费话,ocr/input_videos\上海__五角场合生汇__20260824.mp4
OBS-001667,五角场合生汇,开心麻花U空间,开心麻花U空间,演出/活动,4.9,,B1,rated,True,,rated,parsed,rating_anchor,0.9904,0.9992,51,16093,281.48,4.9演出/活动 | B1,开心麻花U空间 | 型专肉大杂 | 夏洛特烦恼 | ②持未来 | 4.9演出/活动 | B1 | 我的来不图mei让我看ta,ocr/input_videos\上海__五角场合生汇__20260824.mp4
OBS-001668,五角场合生汇,开心麻花爆笑客厅喜剧,开心麻花爆笑客厅喜剧,演出/活动,4.9,,B1,rated,True,,rated,parsed,rating_anchor,0.9319,0.9986,51,16093,281.48,B1 | ⭐⭐⭐4.9演出/活动,《空降未婚.. | 开心麻花爆笑客厅喜剧 | 8035 | B1 | ⭐⭐⭐4.9演出/活动,ocr/input_videos\上海__五角场合生汇__20260824.mp4
OBS-001669,五角场合生汇,跑跑太空熊,跑跑太空熊,主机游戏,,56,B2,unrated,False,explicitly_unrated,unrated,parsed,unrated_anchor,0.9805,0.998,52,16093,281.48,★★★★★ | 暂无星级 | 主机游戏￥56/人 | B2,跑跑太空熊 | ★★★★★ | 暂无星级 | 主机游戏￥56/人 | B2 | 2909 | 105 | K·1萌宠专售·貓舍狗舍 | K·1 Pet,ocr/input_videos\上海__五角场合生汇__20260824.mp4
OBS-001670,五角场合生汇,开心麻花爆笑客厅喜剧,开心麻花爆笑客厅喜剧,演出/活动,4.9,,B1,rated,True,,rated,parsed,rating_anchor,0.9708,0.9993,56,16170,282.827,4.9演出/活动 | B1,开心麻花爆笑客厅喜剧 | 《空降未婚.. | 0.8020 | 4.9演出/活动 | B1,ocr/input_videos\上海__五角场合生汇__20260824.mp4
OBS-001671,五角场合生汇,跑跑太空熊,跑跑太空熊,主机游戏,,56,B2,unrated,False,explicitly_unrated,unrated,parsed,unrated_anchor,0.9822,0.9983,55,16170,282.827,主机游戏￥56/人B2 | ★★★★★ | 暂无星级,跑跑太空熊 | BI | 主机游戏￥56/人B2 | ★★★★★ | 暂无星级 | B | 2509 | 03 | 0,ocr/input_videos\上海__五角场合生汇__20260824.mp4
OBS-001672,五角场合生汇,K·1萌宠专售·猫舍狗舍,K·1萌宠专售·猫舍狗舍,宠物店,4.7,926,L2,rated,True,,rated,parsed,rating_anchor,0.9197,0.9035,54,16170,282.827,4.7宠物店￥926/人 | L2,K·1萌宠专售·猫舍狗舍 | K·1 Pet | 4.7宠物店￥926/人 | L2 | eatx | 点评榜单 | 杨浦区宠物店热门榜第7名 | 猫咪狗狗超萌，照顾得很好 | 3 | 2 | 9 | 1 | . | ￥99购宠专享|一对一答疑 | ￥1 | 1折 | 惠,ocr/input_videos\上海__五角场合生汇__20260824.mp4
OBS-001673,五角场合生汇,心转手作所·首饰DIY,心转手作所·首饰DIY,DIY手工坊,,207,B1,new_store,False,new_store,ocr_missing,parsed,metadata_anchor,0.9768,0.9914,51,16170,282.827,新店 | B1 | DIY手工坊￥207/人,心转手作所·首饰DIY | 顺热：手作 | 七夕 | 新店 | B1 | DIY手工坊￥207/人 | 晶喜手作 | 亲千串一串 | 心 | 专属水晶手串 | SDIY | 搜定制 | 合作所配 | ￥228 | ￥378 | 【生辰解读】本命... | 7.7折 | 惠,ocr/input_videos\上海__五角场合生汇__20260824.mp4
OBS-001674,五角场合生汇,REDOLL荭貓貓舍·高端貓咪专售,REDOLL荭猫猫舍·高端猫咪专售,宠物店,4.0,63,L3,rated,True,,rated,parsed,rating_anchor,0.9265,0.9178,54,16170,282.827,4.0宠物店￥63/人 | L3,REDOLL荭貓貓舍·高端貓咪专售 | REDOLL | 莊猫猫舍 | 4.0宠物店￥63/人 | L3 | 高端猫咪专售 | ￥6.88￥399 | 【皇家礼遇】购宠新家.. | 惠,ocr/input_videos\上海__五角场合生汇__20260824.mp4
OBS-001675,五角场合生汇,开心麻花爆笑客厅喜剧,开心麻花爆笑客厅喜剧,演出/活动,4.9,,B1,rated,True,,rated,parsed,rating_anchor,0.9647,0.999,54,16192,283.212,B1 | ⭐⭐4.9演出/活动,《空降未婚. | 开心麻花爆笑客厅喜剧 | 240.S030 | B1 | ⭐⭐4.9演出/活动 | 102,ocr/input_videos\上海__五角场合生汇__20260824.mp4
OBS-001676,五角场合生汇,跑跑太空熊,跑跑太空熊,主机游戏,,56,B2,unrated,False,explicitly_unrated,unrated,parsed,unrated_anchor,0.9774,0.9984,55,16192,283.212,暂无星级 | ★★★★★ | 主机游戏￥56/人 | 、B2,跑跑太空熊 | 暂无星级 | ★★★★★ | 主机游戏￥56/人 | 、B2 | 品,ocr/input_videos\上海__五角场合生汇__20260824.mp4
OBS-001677,五角场合生汇,K·1萌宠专售·貓舍狗舍,K·1萌宠专售·猫舍狗舍,宠物店,4.7,926,L2,rated,True,,rated,parsed,rating_anchor,0.9014,0.8987,55,16192,283.212,4.7宠物店￥926/人 | L2,K·1萌宠专售·貓舍狗舍 | K·1 Pet | 4.7宠物店￥926/人 | L2 | a | 点评榜单 | 杨浦区宠物店热门榜第7名 | Z30. | 猫咪狗狗超萌，照顾得很好” | 分 | 2 | 5 | 1 | ￥99购宠专享|一对一答疑 | 1折 | 惠 | ￥1,ocr/input_videos\上海__五角场合生汇__20260824.mp4
OBS-001678,五角场合生汇,心转手作所·首饰DIY,心转手作所·首饰DIY,DIY手工坊,,207,B1,new_store,False,new_store,ocr_missing,parsed,metadata_anchor,0.9736,0.9847,53,16192,283.212,新店 | B1 | DIY手工坊￥207/人,心转手作所·首饰DIY | 照：手作所 | 七夕 | 新店 | B1 | DIY手工坊￥207/人 | 晶喜手作 | 亲手串一串 | 心 | 专属水晶手串 | SDIY | 搜定 | 个作所配 | ￥2287.7折 | ￥378 | 【生辰解读】本命... | 惠,ocr/input_videos\上海__五角场合生汇__20260824.mp4
OBS-001679,五角场合生汇,REDOLL荭貓貓舍·高端貓咪专售,REDOLL荭猫猫舍·高端猫咪专售,宠物店,4.0,63,L3,rated,True,,rated,parsed,rating_anchor,0.9536,0.9319,54,16192,283.212,L3 | 4.0宠物店￥63/人 | 🌟🌟🌟🌟 | ★,REDOLL荭貓貓舍·高端貓咪专售 | REDOLL | 注猫猫舍 | L3 | 4.0宠物店￥63/人 | 🌟🌟🌟🌟 | ★ | 高端猫咪专售 | ￥6.88￥399 | 惠 | 【皇家礼遇】购宠新家大..,ocr/input_videos\上海__五角场合生汇__20260824.mp4
OBS-001680,五角场合生汇,K·1萌宠专售·猫舍狗舍,K·1萌宠专售·猫舍狗舍,宠物店,4.7,926,L2,rated,True,,rated,parsed,rating_anchor,0.9239,0.9053,54,16291,284.943,L2 | 4.7宠物店￥926/人,K·1萌宠专售·猫舍狗舍 | K·l Pet | L2 | 4.7宠物店￥926/人 | R | 生 | 点评榜单 | 杨浦区宠物店热门榜第7名 | 2208 | 猫咪狗狗超萌，照顾得很好' | ® | ￥1 | 1折 | 惠 | ￥99购宠专享|对答疑,ocr/input_videos\上海__五角场合生汇__20260824.mp4
OBS-001681,五角场合生汇,心转手作所·首饰DIY,心转手作所·首饰DIY,DIY手工坊,,207,B1,new_store,False,new_store,ocr_missing,parsed,metadata_anchor,0.9232,0.9258,51,16291,284.943,新店 | B1 | DIY手工坊￥207/人,心转手作所·首饰DIY | 5.手作活 | 七夕 | 新店 | B1 | DIY手工坊￥207/人 | 晶喜手作 | 亲手一 | 专国水晶千串 | SDIY | 阿度北制 | 个作挡批 | ￥2287.7折 | ￥378 | 惠 | 【生辰解读】本命..,ocr/input_videos\上海__五角场合生汇__20260824.mp4
OBS-001682,五角场合生汇,REDOLL荭猫猫舍·高端猫咪专售,REDOLL荭猫猫舍·高端猫咪专售,宠物店,4.0,,L3,rated,True,,rated,parsed,rating_anchor,0.9269,0.8895,57,16291,284.943,4.0宠物店63/人 | L3,REDOLL荭猫猫舍·高端猫咪专售 | REDOLL | 红猫猫含 | 4.0宠物店63/人 | L3 | 高端猫咪专售 | ￥6.88￥399 | 惠 | 【皇家礼遇】购宠新家大..,ocr/input_videos\上海__五角场合生汇__20260824.mp4
OBS-001683,五角场合生汇,梦回暹罗泰式Massage&Spa,梦回暹罗泰式Massage&Spa,精油SPA,4.7,302,L6,rated,True,,rated,parsed,rating_anchor,0.9791,0.9945,63,16291,284.943,🌟4.7* | L6 | 精油SPA￥302/人,梦回暹罗泰式Massage&Spa | 🌟4.7* | L6 | 精油SPA￥302/人 | 周年店庆 | 五角场/大学路精油SPA销量榜第5名 | 100%泰籍技师 | 泰式古法按摩，环境安静舒适 | ￥458 | ￥2388折 | 惠 | 【经典拉伸】传统泰..,ocr/input_videos\上海__五角场合生汇__20260824.mp4
OBS-001684,五角场合生汇,耳禾·精致采耳·SPA,耳禾·精致采耳·SPA,采耳头疗,4.5,194,L3,rated,True,,rated,parsed,rating_anchor,0.9612,0.9751,53,16291,284.943,L3 | 4.5采耳头疗￥194/人,耳禾·精致采耳·SPA | 耳 | L3 | 4.5采耳头疗￥194/人 | 禾 | 古法采耳，仪式感满满 | 全员资深采耳师,ocr/input_videos\上海__五角场合生汇__20260824.mp4
OBS-001685,五角场合生汇,心转手作所·首饰DIY,心转手作所·首饰DIY,DIY手工坊,,207,B1,new_store,False,new_store,ocr_missing,parsed,metadata_anchor,0.9748,0.9876,51,16302,285.136,新店 | B1 | DIY手工坊￥207/人,心转手作所·首饰DIY | 照5·年活 | 七夕 | 新店 | B1 | DIY手工坊￥207/人 | 晶喜手作 | 亲手串一串 | 专属水品手串 | RDIY | ￥378 | ￥228 | 【生辰解读】本命... | 7.7折 | 惠,ocr/input_videos\上海__五角场合生汇__20260824.mp4
OBS-001686,五角场合生汇,REDOLL荭貓貓舍·高端貓咪专售,REDOLL荭猫猫舍·高端猫咪专售,宠物店,4.0,,L3,rated,True,,rated,parsed,rating_anchor,0.9373,0.8965,51,16302,285.136,4.0宠物店63/人 | L3,REDOLL荭貓貓舍·高端貓咪专售 | REDOLL | 莊猫猫舍 | 4.0宠物店63/人 | L3 | 高端猫咪专售 | ￥6.88￥399 | 【皇家礼遇】购宠新家大 | 惠,ocr/input_videos\上海__五角场合生汇__20260824.mp4
OBS-001687,五角场合生汇,梦回暹罗泰式Massage&Spa,梦回暹罗泰式Massage&Spa,精油SPA,4.7,302,L6,rated,True,,rated,parsed,rating_anchor,0.9824,0.9942,63,16302,285.136,🌟🌟🌟🌟4.7 | 精油SPA￥302/人 | L6,梦回暹罗泰式Massage&Spa | 🌟🌟🌟🌟4.7 | 精油SPA￥302/人 | L6 | ANDXTAM梦 | 周年店庆 | 五角场/大学路精油SPA销量榜第5名 | 100%泰籍技师 | 泰式古法按摩，环境安静舒适 | “ | ￥2388折 | ￥458 | 【经典拉伸】传统泰... | 惠,ocr/input_videos\上海__五角场合生汇__20260824.mp4
OBS-001688,五角场合生汇,耳禾·精致采耳·SPA,耳禾·精致采耳·SPA,采耳头疗,4.5,194,L3,rated,True,,rated,parsed,rating_anchor,0.9674,0.9834,57,16302,285.136,4.5采耳头疗￥194/人 | L3,耳禾·精致采耳·SPA | 耳 | 4.5采耳头疗￥194/人 | L3 | 禾 | 古法采耳，仪式感满满 | “ | 5 | 全员资深采耳师 | ￥2098.1折 | ￥299 | 【经络·疏通】中 | 惠,ocr/input_videos\上海__五角场合生汇__20260824.mp4
OBS-001689,五角场合生汇,乐摩吧,乐摩吧,智能按摩空间,3.6,20,B1,rated,True,,rated,parsed,rating_anchor,0.9819,0.9999,62,16302,285.136,🌟🌟🌟🌟🌟 | B1 | 3.6智能按摩空间￥20/人,乐摩吧 | 家司新乐 | （乐牌吃司） | 德真营 | 🌟🌟🌟🌟🌟 | B1 | 3.6智能按摩空间￥20/人,ocr/input_videos\上海__五角场合生汇__20260824.mp4
OBS-001690,五角场合生汇,心转手作所·首饰DIY,心转手作所·首饰DIY,DIY手工坊,,207,B1,new_store,False,new_store,ocr_missing,parsed,metadata_anchor,0.9745,0.9905,51,16335,285.713,新店 | DIY手工坊￥207/人 | B1,心转手作所·首饰DIY | 5·手活 | 七夕 | 新店 | DIY手工坊￥207/人 | B1 | 晶喜手作 | 亲手出一牛 | 专属水温千串 | SDIY | 学 | ￥2287.7折 | ￥378 | 【生辰解读】本命. | 惠,ocr/input_videos\上海__五角场合生汇__20260824.mp4
OBS-001691,五角场合生汇,REDOLL荭貓貓舍·高端貓咪专售,REDOLL荭猫猫舍·高端猫咪专售,宠物店,4.0,63,L3,rated,True,,rated,parsed,rating_anchor,0.9232,0.9113,53,16335,285.713,4.0宠物店￥63/人 | L3,REDOLL荭貓貓舍·高端貓咪专售 | REDOLL | 红猫猫舍 | 4.0宠物店￥63/人 | L3 | 高端猫咪专售 | ￥6.88￥399 | 惠 | 【皇家礼遇】购宠新家大...,ocr/input_videos\上海__五角场合生汇__20260824.mp4
OBS-001692,五角场合生汇,梦回暹罗泰式Massage&Spa,梦回暹罗泰式Massage&Spa,精油SPA,4.7,302,L6,rated,True,,rated,parsed,rating_anchor,0.9796,0.9937,63,16335,285.713,L6 | 4.7精油SPA￥302/人,梦回暹罗泰式Massage&Spa | L6 | 4.7精油SPA￥302/人 | SIANORLAM梦 | 周年店庆 | 五角场/大学路精油SPA销量榜第5名 | 100%泰籍技师 | 泰式古法按摩，环境安静舒适 | ￥458 | ￥238 | 惠 | 8折 | 【经典拉伸】传统泰...,ocr/input_videos\上海__五角场合生汇__20260824.mp4
OBS-001693,五角场合生汇,耳禾·精致采耳·SPA,耳禾·精致采耳·SPA,采耳头疗,4.5,194,L3,rated,True,,rated,parsed,rating_anchor,0.9679,0.9736,48,16335,285.713,4.5采耳头疗￥194/人 | L3,耳禾·精致采耳·SPA | 耳 | 4.5采耳头疗￥194/人 | L3 | 禾 | 古法采耳，仪式感满满 | 全员资深采耳师 | ￥299 | ￥209 | 【经络·疏通】中. | 8.1折 | 惠,ocr/input_videos\上海__五角场合生汇__20260824.mp4
OBS-001694,五角场合生汇,乐摩吧,乐摩吧,智能按摩空间,3.6,20,B1,rated,True,,rated,parsed,rating_anchor,0.9861,1.0,65,16335,285.713,3.6智能按摩空间￥20/人 | B1,乐摩吧 | 服员能 | （不师电器） | 3.6智能按摩空间￥20/人 | B1 | 米 | 乐摩吧 | LEMOBAR,ocr/input_videos\上海__五角场合生汇__20260824.mp4
OBS-001695,五角场合生汇,REDOLL荭貓貓舍·高端猫咪专售,REDOLL荭猫猫舍·高端猫咪专售,宠物店,4.0,63,L3,rated,True,,rated,parsed,rating_anchor,0.9218,0.9037,51,16434,287.444,4.0宠物店￥63/人 | L3,REDOLL | REDOLL荭貓貓舍·高端猫咪专售 | 猫猫含 | 4.0宠物店￥63/人 | L3 | 高端猫咪专售 | ￥6.88￥399 | 【皇家礼遇】购宠新家大.. | 惠,ocr/input_videos\上海__五角场合生汇__20260824.mp4
OBS-001696,五角场合生汇,梦回暹罗泰式Massage&Spa,梦回暹罗泰式Massage&Spa,精油SPA,4.7,302,L6,rated,True,,rated,parsed,rating_anchor,0.9819,0.9916,63,16434,287.444,L6 | 精油SPA￥302/人 | 🌟⭐⭐🌟4.7,梦回暹罗泰式Massage&Spa | L6 | 精油SPA￥302/人 | 🌟⭐⭐🌟4.7 | SIAN DRIAM | 周年店庆 | 五角场/大学路精油SPA销量榜第5名 | 100%泰籍技师 | 泰式古法按摩，环境安静舒适 | ￥458 | ￥238 | 8折 | 【经典拉伸】传统泰... | 惠,ocr/input_videos\上海__五角场合生汇__20260824.mp4
OBS-001697,五角场合生汇,耳禾·精致采耳·SPA,耳禾·精致采耳·SPA,采耳头疗,4.5,194,L3,rated,True,,rated,parsed,rating_anchor,0.9417,0.9753,53,16434,287.444,✨4.5采耳头疗 | L3 | ￥194/人,耳禾·精致采耳·SPA | 耳 | ✨4.5采耳头疗 | L3 | ￥194/人 | 禾 | 古法采耳，仪式感满满 | 5 | 3 | 全员资深采耳师 | ￥2098.1折 | ￥299 | 【经络·疏通】中… | 惠,ocr/input_videos\上海__五角场合生汇__20260824.mp4
OBS-001698,五角场合生汇,乐摩吧,乐摩吧,智能按摩空间,3.6,20,B1,rated,True,,rated,parsed,rating_anchor,0.9826,1.0,64,16434,287.444,3.6智能按摩空间￥20/人 | B1,乐摩吧 | （乐电） | 深 | 查具更 | 3.6智能按摩空间￥20/人 | B1 | 乐摩吧 | * | LEMOBAR,ocr/input_videos\上海__五角场合生汇__20260824.mp4
OBS-001699,五角场合生汇,乐摩吧,乐摩吧,智能按摩空间,3.6,20,L2,rated,True,,rated,parsed,rating_anchor,0.9867,1.0,58,16434,287.444,🌟🌟🌟🌟🌟 | 智能按摩空间￥20/人 | L2 | 3.6,乐摩吧 | （乐摩吧器） | 🌟🌟🌟🌟🌟 | 智能按摩空间￥20/人 | L2 | 3.6,ocr/input_videos\上海__五角场合生汇__20260824.mp4
OBS-001700,五角场合生汇,REDOLL荭貓貓舍·高端貓咪专售,REDOLL荭猫猫舍·高端猫咪专售,宠物店,4.0,,L3,rated,True,,rated,parsed,rating_anchor,0.9451,0.9161,54,16456,287.829,4.0宠物店63/人 | L3,REDOLL荭貓貓舍·高端貓咪专售 | REDOLL | 猫猫舍 | 4.0宠物店63/人 | L3 | 高端猫咪专售 | ￥6.88￥399 | 【皇家礼遇】购宠新家大.. | 惠,ocr/input_videos\上海__五角场合生汇__20260824.mp4
OBS-001701,五角场合生汇,梦回暹罗泰式Massage&Spa,梦回暹罗泰式Massage&Spa,精油SPA,4.7,302,L6,rated,True,,rated,parsed,rating_anchor,0.9813,0.9902,60,16456,287.829,⭐🌟⭐🌟4.7 | L6 | 精油SPA￥302/人,梦回暹罗泰式Massage&Spa | ⭐🌟⭐🌟4.7 | L6 | 精油SPA￥302/人 | SIANDRIAM | 周年店庆 | 五角场/大学路精油SPA销量榜第5名 | 100%泰籍技师 | 泰式古法按摩，环境安静舒适 | 7 | ￥2388折 | ￥458 | 惠 | 【经典拉伸】传统泰...,ocr/input_videos\上海__五角场合生汇__20260824.mp4
OBS-001702,五角场合生汇,耳禾·精致采耳·SPA,耳禾·精致采耳·SPA,采耳头疗,4.5,194,L3,rated,True,,rated,parsed,rating_anchor,0.9704,0.9749,51,16456,287.829,4.5采耳头疗￥194/人 | L3,耳禾·精致采耳·SPA | 耳（ | 4.5采耳头疗￥194/人 | L3 | 禾 | 古法采耳，仪式感满满 | 55 | 全员资深采耳师 | ￥209 | ￥299 | 【经络·疏通】中… | 惠 | 8.1折,ocr/input_videos\上海__五角场合生汇__20260824.mp4
OBS-001703,五角场合生汇,乐摩吧,乐摩吧,智能按摩空间,3.6,20,B1,rated,True,,rated,parsed,rating_anchor,0.9855,1.0,65,16456,287.829,3.6智能按摩空间￥20/人 | B1,乐摩吧 | （乐电） | 承菜 | 地兴 | 3.6智能按摩空间￥20/人 | B1 | 乐摩吧 | 米 | LEMOBAR,ocr/input_videos\上海__五角场合生汇__20260824.mp4
OBS-001704,五角场合生汇,乐摩吧,乐摩吧,智能按摩空间,3.6,20,L2,rated,True,,rated,parsed,rating_anchor,0.9859,1.0,58,16456,287.829,🌟🌟🌟🎉 | 3.6智能按摩空间￥20/人 | L2,乐摩吧 | 商员业 | 乐摩电） | 🌟🌟🌟🎉 | 3.6智能按摩空间￥20/人 | L2 | “按摩手法专业，肩颈腰背放松” | 乐摩吧 | LEMOBAR,ocr/input_videos\上海__五角场合生汇__20260824.mp4
OBS-001705,五角场合生汇,耳禾·精致采耳·SPA,耳禾·精致采耳·SPA,采耳头疗,4.5,194,L3,rated,True,,rated,parsed,rating_anchor,0.9848,0.9726,51,16478,288.214,🌟🌟⭐⭐🌟 | 4.5采耳头疗 | L3 | ￥194/人,耳禾·精致采耳·SPA | 耳 | 🌟🌟⭐⭐🌟 | 4.5采耳头疗 | L3 | ￥194/人 | 禾 | 古法采耳，仪式感满满 | 全员资深采耳师 | ￥299 | ￥209 | 【经络·疏通】中 | 8.1折 | 惠,ocr/input_videos\上海__五角场合生汇__20260824.mp4
OBS-001706,五角场合生汇,乐摩吧,乐摩吧,香,3.6,20,B1,rated,True,,rated,parsed,rating_anchor,0.8759,1.0,61,16478,288.214,智能按摩空间￥20/人 | B1 | 🌟🌟3.6香,乐摩吧 | 乐电 | 承乳心 | 智能按摩空间￥20/人 | B1 | 🌟🌟3.6香 | 乐摩吧 | LEMOBAR,ocr/input_videos\上海__五角场合生汇__20260824.mp4
OBS-001707,五角场合生汇,乐摩吧,乐摩吧,智,3.6,20,L2,rated,True,,rated,parsed,rating_anchor,0.8371,1.0,60,16478,288.214,智能按摩空间￥20/人 | ⭐🌟⭐⭐⭐3.6智 | L2,乐摩吧 | （乐南吃司） | 信具营经 | 智能按摩空间￥20/人 | ⭐🌟⭐⭐⭐3.6智 | L2 | “按摩手法专业，肩颈腰背放松” | 乐摩吧 | * | LEMOBAR,ocr/input_videos\上海__五角场合生汇__20260824.mp4
OBS-001708,五角场合生汇,乐摩吧,乐摩吧,智能按摩空间,3.6,20,B2,rated,True,,rated,parsed,rating_anchor,0.9834,0.9999,62,16478,288.214,🌟🌟🌟🌟⭐ | 智能按摩空间￥20/人 | B2 | 3.6,乐摩吧 | （乐库电） | 常讯部来司 | 德真美 | 🌟🌟🌟🌟⭐ | 智能按摩空间￥20/人 | B2 | 3.6 | 乐摩吧 | 米 | LEMOBAR,ocr/input_videos\上海__五角场合生汇__20260824.mp4
OBS-001709,五角场合生汇,托马斯小火车,托马斯小火车,休闲娱乐,,56,L3,unrated,False,explicitly_unrated,unrated,parsed,unrated_anchor,0.9708,0.9996,55,16478,288.214,暂无星级 | ★★★★★ | 休闲娱乐￥56/人 | L3,托马斯小火车 | 暂无星级 | ★★★★★ | 休闲娱乐￥56/人 | L3 | 当地玩乐 | K·IPET | 新王早级 | 宠物店,ocr/input_videos\上海__五角场合生汇__20260824.mp4
OBS-001710,五角场合生汇,耳禾·精致采耳·SPA,耳禾·精致采耳·SPA,采耳头疗,4.5,194,L3,rated,True,,rated,parsed,rating_anchor,0.9838,0.9696,48,16522,288.983,L3 | 🌟🌟🎉🌟🌟 | 4.5采耳头疗 | ￥194/人,耳禾·精致采耳·SPA | 耳 | L3 | 🌟🌟🎉🌟🌟 | 4.5采耳头疗 | ￥194/人 | 禾 | 古法采耳， | 仪式感满满 | 全员资深采耳师 | ￥209 | ￥299 | 【经络·疏通】中… | 8.1折 | 惠,ocr/input_videos\上海__五角场合生汇__20260824.mp4
OBS-001711,五角场合生汇,乐摩吧,乐摩吧,智能按摩空间,3.6,20,B1,rated,True,,rated,parsed,rating_anchor,0.9843,1.0,62,16522,288.983,🌟🌟🌟🌟⭐ | B1 | 智能按摩空间￥20/人 | 3.6,乐摩吧 | （乐摩吃号） | 信真营 | 🌟🌟🌟🌟⭐ | B1 | 智能按摩空间￥20/人 | 3.6 | 乐摩吧 | 米 | LEMOBAR,ocr/input_videos\上海__五角场合生汇__20260824.mp4
OBS-001712,五角场合生汇,乐摩吧,乐摩吧,智能按摩空间,3.6,20,L2,rated,True,,rated,parsed,rating_anchor,0.9999,1.0,61,16522,288.983,🌟🌟⭐🌟🌟 | ￥20/人 | L2 | 智能按摩空间 | 3.6,乐摩吧 | 原 | （乐原电） | 质翼 | 🌟🌟⭐🌟🌟 | ￥20/人 | L2 | 智能按摩空间 | 3.6 | “按摩手法专业，肩颈腰背放松” | 乐摩吧 | 米 | LEMOBAR,ocr/input_videos\上海__五角场合生汇__20260824.mp4
OBS-001713,五角场合生汇,乐摩吧,乐摩吧,智能按摩空间,3.6,20,B2,rated,True,,rated,parsed,rating_anchor,0.9861,1.0,55,16522,288.983,智能按摩空间￥20/人 | 🌟🌟🌟🌟🌟 | B2 | 3.6,乐摩吧 | 乐摩电器 | 明 | RG | 智能按摩空间￥20/人 | 🌟🌟🌟🌟🌟 | B2 | 3.6 | 乐摩吧 | LEMOBAR,ocr/input_videos\上海__五角场合生汇__20260824.mp4
OBS-001714,五角场合生汇,托马斯小火车,托马斯小火车,休闲娱乐,,56,L3,unrated,False,explicitly_unrated,unrated,parsed,unrated_anchor,0.9879,0.9996,54,16522,288.983,★★★★ | 暂无星级 | 休闲娱乐 | ￥56/人 | L3,托马斯小火车 | ★★★★ | 暂无星级 | 休闲娱乐 | ￥56/人 | L3 | 当地玩乐,ocr/input_videos\上海__五角场合生汇__20260824.mp4
OBS-001715,五角场合生汇,K·IPET,K·IPET,宠物店,,,L2,unrated,False,explicitly_unrated,unrated,parsed,unrated_anchor,0.9771,0.9547,45,16522,288.983,★★★★★ | 宠物店 | L2 | 暂无星级,K·IPET | ★★★★★ | 宠物店 | L2 | 暂无星级 | 宠物店,ocr/input_videos\上海__五角场合生汇__20260824.mp4
OBS-001716,五角场合生汇,耳禾·精致采耳·SPA,耳禾·精致采耳·SPA,采耳头疗,4.5,194,L3,rated,True,,rated,parsed,rating_anchor,0.9877,0.9763,54,16555,289.561,￥194/人 | 🌟🌟⭐🌟 | 采耳头疗 | L3 | 4.5,耳禾·精致采耳·SPA | 耳 | ￥194/人 | 🌟🌟⭐🌟 | 采耳头疗 | L3 | 4.5 | 禾 | 古法采耳，仪式感满满 | 全员资深采耳师 | ￥2098.1折 | ￥299 | 【经络·疏通】中… | 惠,ocr/input_videos\上海__五角场合生汇__20260824.mp4
OBS-001717,五角场合生汇,乐摩吧,乐摩吧,智能按摩空间,3.6,20,B1,rated,True,,rated,parsed,rating_anchor,0.9863,1.0,57,16555,289.561,🌟🌟🌟🌟🌟 | B1 | 智能按摩空间￥20/人 | 3.6,乐摩吧 | 乐隔电） | 🌟🌟🌟🌟🌟 | B1 | 智能按摩空间￥20/人 | 3.6 | 米 | 乐摩吧 | LEMOBAR,ocr/input_videos\上海__五角场合生汇__20260824.mp4
OBS-001718,五角场合生汇,乐摩吧,乐摩吧,司,3.6,20,L2,rated,True,,rated,parsed,rating_anchor,0.9038,1.0,57,16555,289.561,★★★★★ | L2 | 司￥20/人 | 3.6 | 智能按摩空间,乐摩吧 | （乐原电器） | 用明品 | 国民 | ★★★★★ | L2 | 司￥20/人 | 3.6 | 智能按摩空间 | “按摩手法专业，肩颈腰背放松” | 乐摩吧 | 米 | LEMOBAR,ocr/input_videos\上海__五角场合生汇__20260824.mp4
OBS-001719,五角场合生汇,乐摩吧,乐摩吧,智能按摩空间,3.6,20,B2,rated,True,,rated,parsed,rating_anchor,0.9856,1.0,57,16555,289.561,⭐🌟🌟🌟🌟 | 3.6智能按摩空间￥20/人 | B2,乐摩吧 | （乐摩吃） | 承州痛 | 信真营经 | ⭐🌟🌟🌟🌟 | 3.6智能按摩空间￥20/人 | B2 | 乐摩吧 | LEMOBAR,ocr/input_videos\上海__五角场合生汇__20260824.mp4
OBS-001720,五角场合生汇,托马斯小火车,托马斯小火车,休闲娱乐,,56,L3,unrated,False,explicitly_unrated,unrated,parsed,unrated_anchor,0.9839,0.9996,54,16555,289.561,★★★★★ | 暂无星级 | 休闲娱乐 | ￥56/人 | L3,托马斯小火车 | ★★★★★ | 暂无星级 | 休闲娱乐 | ￥56/人 | L3 | 当地玩乐,ocr/input_videos\上海__五角场合生汇__20260824.mp4
OBS-001721,五角场合生汇,K·IPET,K·IPET,宠物店,,,L2,unrated,False,explicitly_unrated,unrated,parsed,unrated_anchor,0.9764,0.9533,49,16555,289.561,宠物店 | ★★★★★ | L2 | 暂无星级,K·IPET | 宠物店 | ★★★★★ | L2 | 暂无星级 | 宠物店,ocr/input_videos\上海__五角场合生汇__20260824.mp4
OBS-001722,五角场合生汇,乐摩吧,乐摩吧,智能按摩空间,3.6,20,B1,rated,True,,rated,parsed,rating_anchor,0.9845,1.0,61,16621,290.715,🌟🌟⭐🌟🌟 | 3.6智能按摩空间￥20/人 | B1,乐摩吧 | 承证房 | 乐摩） | 信真营 | 🌟🌟⭐🌟🌟 | 3.6智能按摩空间￥20/人 | B1 | 乐摩吧 | LEMOBAR,ocr/input_videos\上海__五角场合生汇__20260824.mp4
OBS-001723,五角场合生汇,乐摩吧,乐摩吧,司,3.6,20,L2,rated,True,,rated,parsed,rating_anchor,0.9134,0.9999,58,16621,290.715,🌟🌟🌟🌟⭐ | 司￥20/人 | L2 | 智能按摩空间 | 3.6,乐摩吧 | （乐屏电制） | 菜 | 信调卖 | 🌟🌟🌟🌟⭐ | 司￥20/人 | L2 | 智能按摩空间 | 3.6 | “按摩手法专业，肩颈腰背放松” | 乐摩吧 | LEMOBAR,ocr/input_videos\上海__五角场合生汇__20260824.mp4
OBS-001724,五角场合生汇,乐摩吧,乐摩吧,智能按摩空间,3.6,20,B2,rated,True,,rated,parsed,rating_anchor,0.982,1.0,60,16621,290.715,智能按摩空间￥20/人 | 🌟🌟🌟🌟🌟 | B2 | 3.6,乐摩吧 | 乐摩电 | 智能按摩空间￥20/人 | 🌟🌟🌟🌟🌟 | B2 | 3.6 | 米 | 乐摩吧 | LEMOBAR,ocr/input_videos\上海__五角场合生汇__20260824.mp4
OBS-001725,五角场合生汇,托马斯小火车,托马斯小火车,休闲娱乐,,56,L3,unrated,False,explicitly_unrated,unrated,parsed,unrated_anchor,0.9742,0.9995,55,16621,290.715,🌟🌟🌟🌟🌟 | 暂无星级 | 休闲娱乐￥56/人 | L3,托马斯小火车 | 🌟🌟🌟🌟🌟 | 暂无星级 | 休闲娱乐￥56/人 | L3 | 当地玩乐,ocr/input_videos\上海__五角场合生汇__20260824.mp4
OBS-001726,五角场合生汇,K·I PET,K·IPET,宠物店,,,L2,unrated,False,explicitly_unrated,unrated,parsed,unrated_anchor,0.9613,0.923,46,16621,290.715,宠物店 | L2 | 暂无星级 | ★★★★★,K·I PET | 宠物店 | L2 | 暂无星级 | ★★★★★ | 宠物店 | 幻影剧本体验馆,ocr/input_videos\上海__五角场合生汇__20260824.mp4
OBS-001727,五角场合生汇,托马斯小火车,托马斯小火车,休闲娱乐,,56,L3,unrated,False,explicitly_unrated,unrated,parsed,unrated_anchor,0.9849,0.9995,57,16654,291.292,🌟🌟🌟⭐🌟 | 暂无星级 | 休闲娱乐 | ￥56/人 | L3,托马斯小火车 | 🌟🌟🌟⭐🌟 | 暂无星级 | 休闲娱乐 | ￥56/人 | L3 | 当地玩乐,ocr/input_videos\上海__五角场合生汇__20260824.mp4
OBS-001728,五角场合生汇,K·I PET,K·IPET,宠物店,,,L2,unrated,False,explicitly_unrated,unrated,parsed,unrated_anchor,0.9576,0.9158,46,16654,291.292,暂无星级 | 宠物店 | L2 | ★★★★★,K·I PET | 暂无星级 | 宠物店 | L2 | ★★★★★ | 宠物店,ocr/input_videos\上海__五角场合生汇__20260824.mp4
OBS-001729,五角场合生汇,幻影剧本体验馆,幻影剧本体验馆,剧本杀,,73,L4,new_store,False,new_store,ocr_missing,parsed,metadata_anchor,0.9997,0.9997,51,16654,291.292,L4 | 新店 | ￥73/人 | 剧本杀,幻影剧本体验馆 | L4 | 新店 | ￥73/人 | 剧本杀 | 当地玩乐,ocr/input_videos\上海__五角场合生汇__20260824.mp4
OBS-001730,五角场合生汇,领宠,领宠,宠物店,,,L2,unrated,False,explicitly_unrated,unrated,parsed,unrated_anchor,0.9998,0.9999,60,16654,291.292,宠物店 | ⭐🌟🌟🌟🌟 | L2 | 暂无星级,K1领宠 | 领宠 | 宠物店 | ⭐🌟🌟🌟🌟 | L2 | 暂无星级,ocr/input_videos\上海__五角场合生汇__20260824.mp4
OBS-001731,五角场合生汇,乐摩吧,乐摩吧,智能按..,,20,L3,unrated,False,explicitly_unrated,unrated,parsed,unrated_anchor,0.9403,1.0,57,16654,291.292,★★★★★ | 暂无星级 | 智能按.. | ￥20/人L3,乐摩吧 | 乐摩吃） | ★★★★★ | 暂无星级 | 智能按.. | ￥20/人L3 | 乐摩吧 | * | LEMOBAR,ocr/input_videos\上海__五角场合生汇__20260824.mp4
OBS-001732,五角场合生汇,乐摩吧,乐摩吧,智能按...,,20,L4,unrated,False,explicitly_unrated,unrated,parsed,unrated_anchor,0.9331,1.0,62,16654,291.292,🌟🌟🌟🌟🌟 | 暂无星级 | 智能按… | ￥20/人L4,乐摩吧 | 深荣 | （乐屏电） | 唐商装 | 🌟🌟🌟🌟🌟 | 暂无星级 | 智能按… | ￥20/人L4 | 乐摩吧 | 米 | FMORAR,ocr/input_videos\上海__五角场合生汇__20260824.mp4
OBS-001733,五角场合生汇,托马斯小火车,托马斯小火车,休闲娱乐,,56,L3,unrated,False,explicitly_unrated,unrated,parsed,unrated_anchor,0.9721,0.9995,55,16676,291.677,暂无星级 | 休闲娱乐￥56/人 | ★★★★★ | L3,托马斯小火车 | 暂无星级 | 休闲娱乐￥56/人 | ★★★★★ | L3 | 当地玩乐,ocr/input_videos\上海__五角场合生汇__20260824.mp4
OBS-001734,五角场合生汇,K·I PET,K·IPET,宠物店,,,L2,unrated,False,explicitly_unrated,unrated,parsed,unrated_anchor,0.9629,0.9263,46,16676,291.677,★🌟★★ | 宠物店 | L2 | 暂无星级,K·I PET | ★🌟★★ | 宠物店 | L2 | 暂无星级 | 宠物店,ocr/input_videos\上海__五角场合生汇__20260824.mp4
OBS-001735,五角场合生汇,幻影剧本体验馆,幻影剧本体验馆,剧本杀,,73,L4,new_store,False,new_store,ocr_missing,parsed,metadata_anchor,0.9989,0.9982,51,16676,291.677,新店 | L4 | 剧本杀 | ￥73/人,幻影剧本体验馆 | 新店 | L4 | 剧本杀 | ￥73/人 | 当地玩乐,ocr/input_videos\上海__五角场合生汇__20260824.mp4
OBS-001736,五角场合生汇,领宠,领宠,宠物店,,,L2,unrated,False,explicitly_unrated,unrated,parsed,unrated_anchor,0.9997,0.9998,65,16676,291.677,宠物店 | ★★★★★ | L2 | 暂无星级,K1领宠 | 领宠 | 宠物店 | ★★★★★ | L2 | 暂无星级,ocr/input_videos\上海__五角场合生汇__20260824.mp4
OBS-001737,五角场合生汇,乐摩吧,乐摩吧,智能按,,20,L3,unrated,False,explicitly_unrated,unrated,parsed,unrated_anchor,0.9978,1.0,58,16676,291.677,★★★★★ | 暂无星级 | ￥20/人L3 | 智能按,乐摩吧 | 员 | 乐摩电器） | ★★★★★ | 暂无星级 | ￥20/人L3 | 智能按 | 乐摩吧 | 米 | LEMOBAR,ocr/input_videos\上海__五角场合生汇__20260824.mp4
OBS-001738,五角场合生汇,乐摩吧,乐摩吧,智能按...,,20,L4,unrated,False,explicitly_unrated,unrated,parsed,unrated_anchor,0.9294,0.9999,61,16676,291.677,智能按..．￥20/人L4 | ★★★★★ | 暂无星级,乐摩吧 | （乐障吃器） | 费具动 | 智能按..．￥20/人L4 | ★★★★★ | 暂无星级 | 乐摩吧 | LEMOBAR,ocr/input_videos\上海__五角场合生汇__20260824.mp4
OBS-001739,五角场合生汇,托马斯小火车,托马斯小火车,休闲娱乐,,56,L3,unrated,False,explicitly_unrated,unrated,parsed,unrated_anchor,0.978,0.9995,57,16775,293.409,★🌟🌟★🌟 | 暂无星级 | 休闲娱乐 | L3 | ￥56/人,托马斯小火车 | ★🌟🌟★🌟 | 暂无星级 | 休闲娱乐 | L3 | ￥56/人 | 当地玩乐,ocr/input_videos\上海__五角场合生汇__20260824.mp4
OBS-001740,五角场合生汇,K·IPET,K·IPET,宠物店,,,L2,unrated,False,explicitly_unrated,unrated,parsed,unrated_anchor,0.9801,0.9605,48,16775,293.409,L2 | 宠物店 | 暂无星级 | ★★★★★,K·IPET | L2 | 宠物店 | 暂无星级 | ★★★★★ | 宠物店,ocr/input_videos\上海__五角场合生汇__20260824.mp4
OBS-001741,五角场合生汇,幻影剧本体验馆,幻影剧本体验馆,剧本杀,,73,L4,new_store,False,new_store,ocr_missing,parsed,metadata_anchor,0.9988,0.9983,48,16775,293.409,新店 | L4 | 剧本杀 | ￥73/人,幻影剧本体验馆 | 新店 | L4 | 剧本杀 | ￥73/人 | 当地玩乐,ocr/input_videos\上海__五角场合生汇__20260824.mp4
OBS-001742,五角场合生汇,领宠,领宠,宠物店,,,L2,unrated,False,explicitly_unrated,unrated,parsed,unrated_anchor,0.9997,0.9999,61,16775,293.409,宠物店 | L2 | 🌟🌟🌟🌟🌟 | 暂无星级,K1领宠 | 领宠 | 宠物店 | L2 | 🌟🌟🌟🌟🌟 | 暂无星级,ocr/input_videos\上海__五角场合生汇__20260824.mp4
OBS-001743,五角场合生汇,乐摩吧,乐摩吧,智能按.,,20,L3,unrated,False,explicitly_unrated,unrated,parsed,unrated_anchor,0.9359,1.0,60,16775,293.409,★🌟💥★ | 暂无星级 | 智能按. | ￥20/人L3,乐摩吧 | 乐摩吃） | ★🌟💥★ | 暂无星级 | 智能按. | ￥20/人L3 | 乐摩吧 | 米 | LEMOBAR,ocr/input_videos\上海__五角场合生汇__20260824.mp4
OBS-001744,五角场合生汇,乐摩吧,乐摩吧,智能按...,,20,L4,unrated,False,explicitly_unrated,unrated,parsed,unrated_anchor,0.9424,1.0,60,16775,293.409,★★★★ | 智能按… | 暂无星级 | ￥20/人L4,乐摩吧 | 原光出乐 | 乐屏电） | 唐兴 | ★★★★ | 智能按… | 暂无星级 | ￥20/人L4 | 乐摩吧 | 米 | LEMOBAR | 乐摩吧 | 商贸 | 乐事电器）,ocr/input_videos\上海__五角场合生汇__20260824.mp4
OBS-001745,五角场合生汇,影剧本体验后,影剧本体验后,剧本杀,,73,L4,new_store,False,new_store,ocr_missing,parsed,metadata_anchor,0.8414,0.7361,33,16797,293.793,新店 | 剧本杀￥73/人 | L4,影剧本体验后 | 新店 | 剧本杀￥73/人 | L4 | 当地玩乐,ocr/input_videos\上海__五角场合生汇__20260824.mp4
OBS-001746,五角场合生汇,领宠,领宠,宠物店,,,L2,unrated,False,explicitly_unrated,unrated,parsed,unrated_anchor,0.9998,0.9998,58,16797,293.793,宠物店 | L2 | ★★★★★ | 暂无星级,大1领宠 | 领宠 | 宠物店 | L2 | ★★★★★ | 暂无星级,ocr/input_videos\上海__五角场合生汇__20260824.mp4
OBS-001747,五角场合生汇,乐摩吧,乐摩吧,智能按.,,20,L3,unrated,False,explicitly_unrated,unrated,parsed,unrated_anchor,0.924,1.0,58,16797,293.793,★★★★ | 暂无星级 | 智能按. | ￥20/人L3,乐摩吧 | 深羽 | 乐电） | 地具 | ★★★★ | 暂无星级 | 智能按. | ￥20/人L3 | 乐摩吧 | LEMOBAR,ocr/input_videos\上海__五角场合生汇__20260824.mp4
OBS-001748,五角场合生汇,乐摩吧,乐摩吧,智能按.,,20,L4,unrated,False,explicitly_unrated,unrated,parsed,unrated_anchor,0.94,1.0,58,16797,293.793,★★★★★ | 智能按. | 暂无星级 | ￥20/人L4,乐摩吧 | （乐摩电 | 深明 | 活RG | ★★★★★ | 智能按. | 暂无星级 | ￥20/人L4 | 乐摩吧 | 米 | LEMOBAR,ocr/input_videos\上海__五角场合生汇__20260824.mp4
OBS-001749,五角场合生汇,乐摩吧,乐摩吧,智能按,,20,L2,unrated,False,explicitly_unrated,unrated,parsed,unrated_anchor,0.9973,1.0,60,16797,293.793,★★★★★ | 暂无星级 | 智能按 | ￥20/人L2,乐摩吧 | 乐库味） | 承讯乐 | 危兴宽 | ★★★★★ | 暂无星级 | 智能按 | ￥20/人L2 | 乐摩吧 | LEMOBAR,ocr/input_videos\上海__五角场合生汇__20260824.mp4
OBS-001750,五角场合生汇,乐摩吧,乐摩吧,智能按...,,20,L3,unrated,False,explicitly_unrated,unrated,parsed,unrated_anchor,0.9481,0.9999,58,16797,293.793,⭐🌟⭐🌟🌟 | 暂无星级 | 智能按… | ￥20/人L3,乐摩吧 | 乐隔电利） | 原丹型菜 | 热翼美 | ⭐🌟⭐🌟🌟 | 暂无星级 | 智能按… | ￥20/人L3 | 乐摩吧 | LEMOBAR,ocr/input_videos\上海__五角场合生汇__20260824.mp4
OBS-001751,五角场合生汇,领宠,领宠,宠物店,,,L2,unrated,False,explicitly_unrated,unrated,parsed,unrated_anchor,0.9997,1.0,58,16830,294.371,宠物店 | ⭐🌟🌟🌟 | 暂无星级 | L2,K1领宠 | 领宠 | 宠物店 | ⭐🌟🌟🌟 | 暂无星级 | L2,ocr/input_videos\上海__五角场合生汇__20260824.mp4
OBS-001752,五角场合生汇,乐摩吧,乐摩吧,智能按.,,20,L3,unrated,False,explicitly_unrated,unrated,parsed,unrated_anchor,0.9362,0.9999,60,16830,294.371,🌟🌟🌟💥🌟 | 暂无星级 | 智能按. | ￥20/人L3,乐摩吧 | （乐摩吃制） | 深州环乐 | 意兴装家 | 🌟🌟🌟💥🌟 | 暂无星级 | 智能按. | ￥20/人L3 | 乐摩吧 | LEMOBAR,ocr/input_videos\上海__五角场合生汇__20260824.mp4
OBS-001753,五角场合生汇,乐摩吧,乐摩吧,智能按.,,20,L4,unrated,False,explicitly_unrated,unrated,parsed,unrated_anchor,0.945,1.0,58,16830,294.371,★★★★★ | 暂无星级 | 智能按. | ￥20/人L4,乐摩吧 | 摩电司） | ★★★★★ | 暂无星级 | 智能按. | ￥20/人L4 | 乐摩吧 | 米 | LEMOBAR,ocr/input_videos\上海__五角场合生汇__20260824.mp4
OBS-001754,五角场合生汇,乐摩吧,乐摩吧,智能按.,,20,L2,unrated,False,explicitly_unrated,unrated,parsed,unrated_anchor,0.9535,1.0,55,16830,294.371,￥20/人L2 | ★★★★★ | 暂无星级 | 智能按.,乐摩吧 | 员 | 乐原电器 | ￥20/人L2 | ★★★★★ | 暂无星级 | 智能按. | 乐摩吧 | 米 | LEMOBAR,ocr/input_videos\上海__五角场合生汇__20260824.mp4
OBS-001755,五角场合生汇,乐摩吧,乐摩吧,智能按.,,20,L3,unrated,False,explicitly_unrated,unrated,parsed,unrated_anchor,0.9211,1.0,60,16830,294.371,★★★★★ | 智能按. | 暂无星级 | ￥20/人L3,乐摩吧 | （乐摩吃司） | 费具营吃 | ★★★★★ | 智能按. | 暂无星级 | ￥20/人L3 | 乐摩吧 | LEMOBAR | 已经到底啦~,ocr/input_videos\上海__五角场合生汇__20260824.mp4
OBS-001756,五角场合生汇,VS假发,VS假发,美发,4.8,4572,L2,rated,True,,rated,parsed,rating_anchor,0.9638,0.9941,65,16874,295.14,4.8美发￥4572/人 | L2,VS假发 | 4.8美发￥4572/人 | L2 | 五角场/大学路美发好评榜第9名 | “发型越做越好看，服务依然很好’ | 1.2折 | ￥100假发试戴|男通| | ￥1 | 惠,ocr/input_videos\上海__五角场合生汇__20260824.mp4
OBS-001757,五角场合生汇,合汇1楼B·U·T·ESSE专柜,合汇1楼B·U·T·ESSE专柜,皮肤管理,3.7,,L2,rated,True,,rated,parsed,rating_anchor,0.9781,0.9724,56,16874,295.14,L2 | 3.7皮肤管理,合汇1楼B·U·T·ESSE专柜 | L2 | 3.7皮肤管理 | “肌肤检测精准，专业建议实,ocr/input_videos\上海__五角场合生汇__20260824.mp4
OBS-001758,五角场合生汇,Rebecca瑞贝卡时尚假发,Rebecca瑞贝卡时尚假发,美发,4.7,,L2,rated,True,,rated,parsed,rating_anchor,0.9673,0.9956,54,16874,295.14,4.7美发￥4498/ | L2,Rebecca瑞贝卡时尚假发 | 4.7美发￥4498/ | L2,ocr/input_videos\上海__五角场合生汇__20260824.mp4
OBS-001759,五角场合生汇,BUT·飞顿奶肌·INDIBA·科技美...,BUT·飞顿奶肌·INDIBA·科技美,皮肤管理,4.6,444,L2,rated,True,,rated,parsed,rating_anchor,0.9301,0.9111,53,16874,295.14,4.6皮肤管理￥444/人 | L2,BUT·飞顿奶肌·INDIBA·科技美... | 4.6皮肤管理￥444/人 | L2 | 装修高华轻奢，皮肤透亮效果好 | ￥1615折 | ￥76855分钟清洁修护|祛.. | 惠,ocr/input_videos\上海__五角场合生汇__20260824.mp4
OBS-001760,五角场合生汇,美丽田园,美丽田园,SPA美体,4.5,290,L2,rated,True,,rated,parsed,rating_anchor,0.9708,0.9996,61,16874,295.14,L2 | 4.5SPA美体￥290/人,美丽田园 | L2 | 4.5SPA美体￥290/人,ocr/input_videos\上海__五角场合生汇__20260824.mp4
OBS-001761,五角场合生汇,东瀛造型,东瀛造型,美发,4.3,318,L2,rated,True,,rated,parsed,rating_anchor,0.9651,0.9997,56,16885,295.333,L2 | ⭐🌟🌟🌟 | 美发￥318/人 | 4.3,东瀛造型 | 上海美 | L2 | ⭐🌟🌟🌟 | 美发￥318/人 | 4.3 | 销量榜 | 第1名 | 杨浦区洗剪吹销量榜第2名 | 环境明亮，洗发房硬件酷炫” | ≤ | ￥198 | ￥1639.8折 | 【洗剪吹】首席设.. | 惠,ocr/input_videos\上海__五角场合生汇__20260824.mp4
OBS-001762,五角场合生汇,VS假发,VS假发,美发,4.8,4572,L2,rated,True,,rated,parsed,rating_anchor,0.9722,0.9912,56,16885,295.333,L2 | 4.8美发￥4572/人,VS假发 | V'S | L2 | 4.8美发￥4572/人 | 假发·设计师品牌 | WGDESICNERORSO | 点评榜单 | 五角场/大学路美发好评榜第9名 | 全国连锁品牌 | 发型越做越好看，服务依然很好 | (C | 1.2折 | ￥100假发试戴|男女通用一… | 惠 | ￥1,ocr/input_videos\上海__五角场合生汇__20260824.mp4
OBS-001763,五角场合生汇,合生汇1楼B·U·T·ESSE专柜,合生汇1楼B·U·T·ESSE专柜,皮肤管理,3.7,,L2,rated,True,,rated,parsed,rating_anchor,0.9855,0.9823,51,16885,295.333,L2 | 3.7皮肤管理,合生汇1楼B·U·T·ESSE专柜 | L2 | 3.7皮肤管理 | 小 | 肌肤检测精准，专业建议实用,ocr/input_videos\上海__五角场合生汇__20260824.mp4
OBS-001764,五角场合生汇,Rebecca瑞贝卡时尚假发,Rebecca瑞贝卡时尚假发,美发,4.7,4498,L2,rated,True,,rated,parsed,rating_anchor,0.9716,0.9986,51,16885,295.333,4.7美发￥4498/人 | L2,Rebecca瑞贝卡时尚假发 | 4.7美发￥4498/人 | L2 | Rebecca,ocr/input_videos\上海__五角场合生汇__20260824.mp4
OBS-001765,五角场合生汇,BUT·飞顿牛奶肌·INDIBA·科技美..,BUT·飞顿牛奶肌·INDIBA·科技美,皮肤管理,4.6,444,L2,rated,True,,rated,parsed,rating_anchor,0.945,0.9408,57,16885,295.333,4.6皮肤管理￥444/人 | L2,BUT·飞顿牛奶肌·INDIBA·科技美.. | 西班牙INDIBA | 4.6皮肤管理￥444/人 | L2 | 正易仪副富方投权 | 装修高华轻奢，皮肤透亮效果好 | K | ￥1615折 | ￥76855分钟清洁修护|祛... | 惠,ocr/input_videos\上海__五角场合生汇__20260824.mp4
OBS-001766,五角场合生汇,合生汇1楼B·U·T·ESSE专柜,合生汇1楼B·U·T·ESSE专柜,皮肤管理,3.7,,L2,rated,True,,rated,parsed,rating_anchor,0.9775,0.9748,51,16973,296.872,3.7皮肤管理 | L2,合生汇1楼B·U·T·ESSE专柜 | 3.7皮肤管理 | L2 | 肌肤检测精准，专业建议实用,ocr/input_videos\上海__五角场合生汇__20260824.mp4
OBS-001767,五角场合生汇,Rebecca瑞贝卡时尚假发,Rebecca瑞贝卡时尚假发,美发,4.7,4498,L2,rated,True,,rated,parsed,rating_anchor,0.963,0.9796,51,16973,296.872,L2 | 4.7美发￥4498/人,Rebecca瑞贝卡时尚假发 | L2 | 4.7美发￥4498/人 | Rebecca,ocr/input_videos\上海__五角场合生汇__20260824.mp4
OBS-001768,五角场合生汇,BUT·飞顿牛奶肌·INDIBA·科技美...,BUT·飞顿牛奶肌·INDIBA·科技美,皮肤管理,4.6,444,L2,rated,True,,rated,parsed,rating_anchor,0.9304,0.9,57,16973,296.872,4.6皮肤管理￥444/人 | L2,BUT·飞顿牛奶肌·INDIBA·科技美... | BUT.ESSE | 西班牙INDIBA | 4.6皮肤管理￥444/人 | L2 | 正名仪销武方播权 | 装修高华轻奢，皮肤透亮效果好 | 惠￥1615折 | ￥76855分钟清洁修护|祛...,ocr/input_videos\上海__五角场合生汇__20260824.mp4
OBS-001769,五角场合生汇,美丽田园,美丽田园,SPA美体,4.5,290,L2,rated,True,,rated,parsed,rating_anchor,0.9893,0.9997,55,16973,296.872,L2 | 🌟🌟🌟🌟🌟 | 4.5SPA美体￥290/人,美丽田园 | L2 | 🌟🌟🌟🌟🌟 | 4.5SPA美体￥290/人 | 美麗田園 | 点评榜单 | 杨浦区美容/SPA热门榜第7名 | BEAUTY FARM | 皮肤水润饱满，服务热情专业 | “ | 广告 | ￥211 | ￥1140SPA放松助眠1全.. | 4.5折 | 惠,ocr/input_videos\上海__五角场合生汇__20260824.mp4
OBS-001770,五角场合生汇,程STUDIO,程STUDIO,美发,4.2,327,L3,rated,True,,rated,parsed,rating_anchor,0.981,0.9987,49,16973,296.872,🌟🌟 | L3 | 4.2美发￥327/人 | ★,程STUDIO | 程 | 🌟🌟 | L3 | 4.2美发￥327/人 | ★,ocr/input_videos\上海__五角场合生汇__20260824.mp4
OBS-001771,五角场合生汇,Rebecca瑞贝卡时尚假发,Rebecca瑞贝卡时尚假发,美发,4.7,4498,L2,rated,True,,rated,parsed,rating_anchor,0.9792,0.991,51,16995,297.257,⭐🌟🌟⭐🌟 | 4.7美发￥4498/人 | L2,Rebecca瑞贝卡时尚假发 | ⭐🌟🌟⭐🌟 | 4.7美发￥4498/人 | L2 | Rebecca,ocr/input_videos\上海__五角场合生汇__20260824.mp4
OBS-001772,五角场合生汇,BUT·飞顿牛奶肌·INDIBA·科技美..,BUT·飞顿牛奶肌·INDIBA·科技美,皮肤管理,4.6,444,L2,rated,True,,rated,parsed,rating_anchor,0.951,0.9386,57,16995,297.257,4.6皮肤管理￥444/人 | L2,BUT·飞顿牛奶肌·INDIBA·科技美.. | 西班牙INDIBA | 4.6皮肤管理￥444/人 | L2 | 正易仪器富方授权 | 装修高华轻奢，皮肤透亮效果好” | ￥76855分钟清洁修护|祛.. | ￥1615折 | 惠,ocr/input_videos\上海__五角场合生汇__20260824.mp4
OBS-001773,五角场合生汇,美丽田园,美丽田园,SPA美体,4.5,290,L2,rated,True,,rated,parsed,rating_anchor,0.9844,0.9996,59,16995,297.257,🌟🌟🌟🌟🌟 | L2 | 4.5SPA美体￥290/人,美丽田园 | 🌟🌟🌟🌟🌟 | L2 | 4.5SPA美体￥290/人 | 美麗田園 | 点评榜单 | 杨浦区美容/SPA热门榜第7名 | BEAUTY FARM | 皮肤水润饱满，服务热情专业” | 广告 | ￥2114.5折 | SPA放松助眠Ⅰ全... | 惠 | ￥1140,ocr/input_videos\上海__五角场合生汇__20260824.mp4
OBS-001774,五角场合生汇,程STUDIO,程STUDIO,美发,4.2,327,L3,rated,True,,rated,parsed,rating_anchor,0.9715,0.9989,52,16995,297.257,🌟🌟🌟⭐ | L3 | 美发￥327/人 | 4.2 | ★,程STUDIO | 程 | 🌟🌟🌟⭐ | L3 | 美发￥327/人 | 4.2 | ★ | CHING | 五角场/大学路洗吹销量榜第3名 | $EUD10 | 美发 | 发型设计效果好，颜值翻倍” | ￥148￥190 | 【S2】 | 首席洗剪吹造型设计 | 惠,ocr/input_videos\上海__五角场合生汇__20260824.mp4
OBS-001775,五角场合生汇,素秀茉莉·韩国皮肤管理·问题肌(...,素秀茉莉·韩国皮肤管理·问题肌(,皮肤管理,,76,L6,new_store,False,new_store,ocr_missing,parsed,metadata_anchor,0.9441,0.9307,57,16995,297.257,新店 | L6 | 皮肤管理￥76/人,素秀茉莉·韩国皮肤管理·问题肌(... | 新店 | L6 | 皮肤管理￥76/人 | tHermo | CEUTICAL | 点评榜单 | 杨浦区美容/SPA热门榜第10名,ocr/input_videos\上海__五角场合生汇__20260824.mp4
OBS-001776,五角场合生汇,Rebecca瑞贝卡时尚假发,Rebecca瑞贝卡时尚假发,美发,4.7,4498,L2,rated,True,,rated,parsed,rating_anchor,0.9765,0.9976,54,17050,298.219,L2 | 4.7美发￥4498/人,Rebecca瑞贝卡时尚假发 | L2 | 4.7美发￥4498/人 | Rebecca,ocr/input_videos\上海__五角场合生汇__20260824.mp4
OBS-001777,五角场合生汇,BUT·飞顿牛奶肌·INDIBA·科技美.,BUT·飞顿牛奶肌·INDIBA·科技美.,皮肤管理,4.6,444,L2,rated,True,,rated,parsed,rating_anchor,0.9587,0.9624,60,17050,298.219,4.6皮肤管理￥444/人 | L2,BUT·飞顿牛奶肌·INDIBA·科技美. | BUT.ESBE | 西班牙INDIBA | 4.6皮肤管理￥444/人 | L2 | 正器仅器富方授权 | 装修高华轻奢，皮肤透亮效果好 | ￥1615折 | ￥76855分钟清洁修护|祛... | 惠,ocr/input_videos\上海__五角场合生汇__20260824.mp4
OBS-001778,五角场合生汇,美丽田园,美丽田园,SPA美体,4.5,290,L2,rated,True,,rated,parsed,rating_anchor,0.9899,0.9998,56,17050,298.219,🌟🌟🌟🌟🌟 | L2 | 4.5SPA美体￥290/人,美丽田园 | 🌟🌟🌟🌟🌟 | L2 | 4.5SPA美体￥290/人 | 美麗田園 | 点评榜单 | 杨浦区美容/SPA热门榜第7名 | BEAUTY FARM | 皮肤水润饱满，服务热情专业” | 广告 | ￥1140SPA放松助眠I全.. | ￥211 | 4.5折 | 惠,ocr/input_videos\上海__五角场合生汇__20260824.mp4
OBS-001779,五角场合生汇,程STUDIO,程STUDIO,美发,4.2,327,L3,rated,True,,rated,parsed,rating_anchor,0.9687,0.999,52,17050,298.219,🌟🌟⭐⭐ | L3 | 4.2 | 美发￥327/人,程STUDIO | 程 | 🌟🌟⭐⭐ | L3 | 4.2 | 美发￥327/人 | CHINO | 五角场/大学路洗吹销量榜第3名 | STUDI0 | 美发 | “发型设计效果好，颜值翻倍” | ￥148￥190 | 【S2】首席洗剪吹造型设计 | 惠,ocr/input_videos\上海__五角场合生汇__20260824.mp4
OBS-001780,五角场合生汇,素秀茉莉·韩国皮肤管理·问题肌(...,素秀茉莉·韩国皮肤管理·问题肌(,皮肤管理,,76,L6,new_store,False,new_store,ocr_missing,parsed,metadata_anchor,0.9501,0.9376,61,17050,298.219,新店 | L6 | 皮肤管理￥76/人,素秀茉莉·韩国皮肤管理·问题肌(... | 新店 | L6 | 皮肤管理￥76/人 | tHermo | CEUTICAL | 点评榜单 | 杨浦区美容/SPA热门榜第10名 | ￥39990分钟深层清洁 | ¥50.918.5折 | 惠,ocr/input_videos\上海__五角场合生汇__20260824.mp4
OBS-001781,五角场合生汇,程STUDIO,程STUDIO,美发,4.2,327,L3,rated,True,,rated,parsed,rating_anchor,0.9816,0.9984,53,17138,299.758,4.2美发￥327/人 | 🌟💥 | L3,程STUDIO | 程 | 4.2美发￥327/人 | 🌟💥 | L3 | CHING | 五角场/大学路洗吹销量榜第3名 | STUDIO | 美发 | 发型设计效果好，颜值翻倍 | ” | “ | ￥148￥190 | 【S2】首席洗剪吹造型设计 | 惠,ocr/input_videos\上海__五角场合生汇__20260824.mp4
OBS-001782,五角场合生汇,素秀茉莉·韩国皮肤管理·问题肌(..,素秀茉莉·韩国皮肤管理·问题肌(,皮肤管理,,76,L6,new_store,False,new_store,ocr_missing,parsed,metadata_anchor,0.958,0.9502,62,17138,299.758,新店 | 皮肤管理￥76/人 | L6,素秀茉莉·韩国皮肤管理·问题肌(.. | 新店 | 皮肤管理￥76/人 | L6 | tHermo | CEUTICAL | 点评榜单 | 杨浦区美容/SPA热门榜第10名 | ￥39990分钟深层清洁|... | ￥50.918.5折 | 惠,ocr/input_videos\上海__五角场合生汇__20260824.mp4
OBS-001783,五角场合生汇,Naelsy美容护肤中心,Naelsy美容护肤中心,皮肤管理,4.4,136,L2,rated,True,,rated,parsed,rating_anchor,0.9793,0.9986,58,17138,299.758,4.4皮肤管理￥136/人 | L2,Naelsy美容护肤中心 | 4.4皮肤管理￥136/人 | L2 | Naelsy | 尼尔斯 | 皮肤亮一个度，美容师服务细心 | J | 休息中 | ￥3469.7折 | ￥69855分钟皮肤管理|. | 惠,ocr/input_videos\上海__五角场合生汇__20260824.mp4
OBS-001784,五角场合生汇,Mo&Mo hair莫莫造型,Mo&Mohair莫莫造型,美发,3.8,234,L3,rated,True,,rated,parsed,rating_anchor,0.9475,0.9529,53,17138,299.758,L3 | 3.8美发￥234/人,Mo&Mo hair莫莫造型 | L3 | 3.8美发￥234/人 | 发型设计时尚感满满，效果非常好看 | 伊本造型 | ￥88￥120健康洗吹造型 | 惠,ocr/input_videos\上海__五角场合生汇__20260824.mp4
OBS-001785,五角场合生汇,尼尔斯美甲美容,尼尔斯美甲美容,美甲,4.6,242,L2,rated,True,,rated,parsed,rating_anchor,0.9665,0.9998,58,17138,299.758,L2 | 4.6美甲￥242/人,尼尔斯美甲美容 | L2 | 4.6美甲￥242/人 | Naelsy,ocr/input_videos\上海__五角场合生汇__20260824.mp4
OBS-001786,五角场合生汇,程STUDIO,程STUDIO,美发,4.2,327,L3,rated,True,,rated,parsed,rating_anchor,0.9826,0.999,52,17160,300.143,🌟🌟⭐🎉 | L3 | 4.2美发￥327/人,程STUDIO | 程 | 🌟🌟⭐🎉 | L3 | 4.2美发￥327/人 | CHING | 五角场/大学路洗吹销量榜第3名 | STUDIO | 美发 | “发型设计效果好，颜值翻倍” | ￥148￥190 | 【S2】首席洗剪吹造型设计 | 惠,ocr/input_videos\上海__五角场合生汇__20260824.mp4
OBS-001787,五角场合生汇,素秀茉莉·韩国皮肤管理·问题肌(...,素秀茉莉·韩国皮肤管理·问题肌(,皮肤管理,,76,L6,new_store,False,new_store,ocr_missing,parsed,metadata_anchor,0.9562,0.9491,59,17160,300.143,新店 | 皮肤管理￥76/人 | L6,素秀茉莉·韩国皮肤管理·问题肌(... | 新店 | 皮肤管理￥76/人 | L6 | tHermo | CEUTICAL | 点评榜单 | 杨浦区美容/SPA热门榜第10名 | ￥39990分钟深层清洁.. | ￥50.918.5折 | 惠,ocr/input_videos\上海__五角场合生汇__20260824.mp4
OBS-001788,五角场合生汇,Naelsy美容护肤中心,Naelsy美容护肤中心,皮肤管理,4.4,136,L2,rated,True,,rated,parsed,rating_anchor,0.9808,0.9988,55,17160,300.143,L2 | 4.4皮肤管理￥136/人,Naelsy美容护肤中心 | L2 | 4.4皮肤管理￥136/人 | Naelsy | 尼尔斯 | 皮肤亮一个度，美容师服务细心 | “ | 5 | 休息中 | ￥69855分钟皮肤管理|. | ￥3469.7折 | 惠,ocr/input_videos\上海__五角场合生汇__20260824.mp4
OBS-001789,五角场合生汇,Mo&Mo hair莫莫造型,Mo&Mohair莫莫造型,美发,3.8,234,L3,rated,True,,rated,parsed,rating_anchor,0.9399,0.9344,51,17160,300.143,3.8美发￥234/人 | L3,Mo&Mo hair莫莫造型 | 3.8美发￥234/人 | L3 | 发型设计时尚感满满，效果非常好看 | C | 伊本造型 | LRSAUON | ￥88￥120健康洗吹造型 | 惠,ocr/input_videos\上海__五角场合生汇__20260824.mp4
OBS-001790,五角场合生汇,尼尔斯美甲美容,尼尔斯美甲美容,美甲,4.6,242,L2,rated,True,,rated,parsed,rating_anchor,0.9708,0.9998,51,17160,300.143,L2 | 4.6美甲￥242/人,尼尔斯美甲美容 | L2 | 4.6美甲￥242/人 | Naelsy | 尼尔斯 | 五角场/大学路纯色美甲销量榜第9名,ocr/input_videos\上海__五角场合生汇__20260824.mp4
OBS-001791,五角场合生汇,程STUDIO,程STUDIO,美发,4.2,327,L3,rated,True,,rated,parsed,rating_anchor,0.9802,0.9986,55,17182,300.527,🌟🌟⭐⭐ | 4.2美发￥327/人 | L3 | ★,程STUDIO | 程 | 🌟🌟⭐⭐ | 4.2美发￥327/人 | L3 | ★ | CHING | 五角场/大学路洗吹销量榜第3名 | STUD1O | 美发 | 发型设计效果好，颜值翻倍” | 5 | 惠￥148￥190 | 【S2】首席洗剪吹造型设计,ocr/input_videos\上海__五角场合生汇__20260824.mp4
OBS-001792,五角场合生汇,素秀茉莉·韩国皮肤管理·问题肌(...,素秀茉莉·韩国皮肤管理·问题肌(,皮肤管理,,76,L6,new_store,False,new_store,ocr_missing,parsed,metadata_anchor,0.9461,0.9367,60,17182,300.527,新店 | L6 | 皮肤管理￥76/人,素秀茉莉·韩国皮肤管理·问题肌(... | 新店 | L6 | 皮肤管理￥76/人 | tHermo | CEUTICAL | 点评榜单 | 杨浦区美容/SPA热门榜第10名 | ￥39990分钟深层清洁.... | ￥50.918.5折 | 惠,ocr/input_videos\上海__五角场合生汇__20260824.mp4
OBS-001793,五角场合生汇,Naelsy美容护肤中心,Naelsy美容护肤中心,皮肤管理,4.4,136,L2,rated,True,,rated,parsed,rating_anchor,0.9875,0.9989,54,17182,300.527,L2 | 4.4皮肤管理￥136/人,Naelsy美容护肤中心 | L2 | 4.4皮肤管理￥136/人 | Naelsy | 尼尔斯 | 皮肤亮一个度，美容师服务细心 | ≤ | 休息中 | ￥69855分钟皮肤管理|.. | ￥3469.7折 | 惠,ocr/input_videos\上海__五角场合生汇__20260824.mp4
OBS-001794,五角场合生汇,Mo&Mo hair莫莫造型,Mo&Mohair莫莫造型,美发,3.8,234,L3,rated,True,,rated,parsed,rating_anchor,0.9517,0.9686,51,17182,300.527,3.8美发￥234/人 | L3,Mo&Mo hair莫莫造型 | 3.8美发￥234/人 | L3 | 发型设计时尚感满满，效果非常好看” | 伊本造型 | ￥88￥120健康洗吹造型 | 惠,ocr/input_videos\上海__五角场合生汇__20260824.mp4
OBS-001795,五角场合生汇,尼尔斯美甲美容,尼尔斯美甲美容,美甲,4.6,242,L2,rated,True,,rated,parsed,rating_anchor,0.9812,0.9998,55,17182,300.527,L2 | 🌟🌟🌟🌟🌟 | 4.6美甲￥242/人,尼尔斯美甲美容 | L2 | 🌟🌟🌟🌟🌟 | 4.6美甲￥242/人 | Naelsy | 尼尔斯 | 五角场/大学路纯色美甲销量榜第9名 | 休息中 | 美容服务细心认真，做完还有点心养生粥 | SC,ocr/input_videos\上海__五角场合生汇__20260824.mp4
OBS-001796,五角场合生汇,素秀茉莉·韩国皮肤管理·问题肌(...,素秀茉莉·韩国皮肤管理·问题肌(,皮肤管理,,76,L6,new_store,False,new_store,ocr_missing,parsed,metadata_anchor,0.9602,0.958,58,17281,302.259,新店 | 皮肤管理￥76/人 | L6,素秀茉莉·韩国皮肤管理·问题肌(... | 新店 | 皮肤管理￥76/人 | L6 | tHermo | CEUTICAL | 点评榜单 | 杨浦区美容/SPA热门榜第10名 | ￥50.918.5折 | ￥39990分钟深层清洁... | 惠,ocr/input_videos\上海__五角场合生汇__20260824.mp4
OBS-001797,五角场合生汇,Naelsy美容护肤中心,Naelsy美容护肤中心,皮肤管理,4.4,136,L2,rated,True,,rated,parsed,rating_anchor,0.9824,0.999,60,17281,302.259,4.4皮肤管理￥136/人 | L2,Naelsy美容护肤中心 | 4.4皮肤管理￥136/人 | L2 | Naelsy | 尼尔斯 | “肤亮个度，美容师服务细心” | “ | 休息中 | ￥3469.7折 | ￥69855分钟皮肤管理|.. | 惠,ocr/input_videos\上海__五角场合生汇__20260824.mp4
OBS-001798,五角场合生汇,Mo&Mo hair 莫莫造型,Mo&Mohair莫莫造型,美发,3.8,234,L3,rated,True,,rated,parsed,rating_anchor,0.9392,0.9379,51,17281,302.259,3.8美发￥234/人 | L3,Mo&Mo hair 莫莫造型 | 3.8美发￥234/人 | L3 | 发型设计时尚感满满，效果非常好看 | BIEN | 伊本造型 | 20GN | ￥88￥120健康洗吹造型 | 惠,ocr/input_videos\上海__五角场合生汇__20260824.mp4
OBS-001799,五角场合生汇,尼尔斯美甲美容,尼尔斯美甲美容,美甲,4.6,242,L2,rated,True,,rated,parsed,rating_anchor,0.9714,0.9998,54,17281,302.259,L2 | 4.6美甲￥242/人,尼尔斯美甲美容 | L2 | 4.6美甲￥242/人 | Naelsy | 尼尔斯 | 五角场/大学路纯色美甲销量榜第9名 | 休息中 | 美容服务细心认真，做完还有点心养生粥 | ￥128￥288 | 惠 | 【健康美甲】美甲单色+建..,ocr/input_videos\上海__五角场合生汇__20260824.mp4
OBS-001800,五角场合生汇,Mo&Mo hair莫莫造型,Mo&Mohair莫莫造型,美发,3.8,234,L3,rated,True,,rated,parsed,rating_anchor,0.934,0.9546,48,17435,304.953,3.8美发￥234/人 | L3,Mo&Mo hair莫莫造型 | 3.8美发￥234/人 | L3 | 发型设计时尚感满满，效果非常好看 | BI | 伊本造型 | LRSAUON | ￥88￥120健康洗吹造型 | 惠,ocr/input_videos\上海__五角场合生汇__20260824.mp4
OBS-001801,五角场合生汇,尼尔斯美甲美容,尼尔斯美甲美容,美甲,4.6,242,L2,rated,True,,rated,parsed,rating_anchor,0.9677,0.9998,51,17435,304.953,L2 | ★4.6美甲￥242/人,尼尔斯美甲美容 | L2 | ★4.6美甲￥242/人 | Naelsy | 尼尔斯 | 五角场/大学路纯色美甲销量榜第9名 | 休息中 | 美容服务细心认真，做完还有点心养生粥 | “ | ￥128￥288 | 惠 | 【健康美甲】美甲单色+建..,ocr/input_videos\上海__五角场合生汇__20260824.mp4
OBS-001802,五角场合生汇,日置名媛,日置名媛,皮肤管理,4.0,932,L2,rated,True,,rated,parsed,rating_anchor,0.988,0.9995,56,17435,304.953,L2 | 🌟🌟🌟🌟🌟 | 4.0皮肤管理￥932/人,日置名媛 | L2 | 🌟🌟🌟🌟🌟 | 4.0皮肤管理￥932/人 | 日置名媛 | PEARLDELUXE | “ | 式服务细节到位，皮肤润透亮 | ￥498 | 惠￥17.358.8折 | 【居家限定】骨.,ocr/input_videos\上海__五角场合生汇__20260824.mp4
OBS-001803,五角场合生汇,海上花园芳疗SPA,海上花园芳疗SPA,SPA美体,4.7,437,L3,rated,True,,rated,parsed,rating_anchor,0.9835,0.9988,51,17435,304.953,4.7SPA美体￥437/人 | L3,海上花园芳疗SPA | 4.7SPA美体￥437/人 | L3 | 海上花园 | 点评榜单 | 杨浦区美容/SPA热门榜第9名 | 原半亩花田 | 深耕21载一城40店 | 舒缓放松解压，精油一客一支 | ￥60070分钟补水保湿大.. | ￥4136.9折 | 惠,ocr/input_videos\上海__五角场合生汇__20260824.mp4
OBS-001804,五角场合生汇,天生爱美甲美睫,天生爱美甲美睫,美甲,4.2,249,L5,rated,True,,rated,parsed,rating_anchor,0.9595,0.9567,51,17435,304.953,L5 | 4.2美甲￥249/人 | ★★★★★,天生爱美甲美睫 | 5 | L5 | 4.2美甲￥249/人 | ★★★★★ | TS.NAIL | 五角场/大学路纯色美甲销量榜第10名 | 天生爱美甲 | “指甲和睫毛款式多，服务温馨,ocr/input_videos\上海__五角场合生汇__20260824.mp4
OBS-001805,五角场合生汇,尼尔斯美甲美容,尼尔斯美甲美容,美甲,4.6,242,L2,rated,True,,rated,parsed,rating_anchor,0.9769,0.9997,52,17468,305.53,L2 | 美甲￥242/人 | 🌟🌟🎉🌟🌟 | 4.6,尼尔斯美甲美容 | L2 | 美甲￥242/人 | 🌟🌟🎉🌟🌟 | 4.6 | Naelsy | 尼尔斯 | 五角场/大学路纯色美甲销量榜第9名 | 休息中 | 美容服务细心认真，做完还有点心养生粥 | ￥128￥288 | 惠 | 【健康美甲】美甲单色+建..,ocr/input_videos\上海__五角场合生汇__20260824.mp4
OBS-001806,五角场合生汇,日置名媛,日置名媛,皮肤管理,4.0,932,L2,rated,True,,rated,parsed,rating_anchor,0.9856,0.9996,57,17468,305.53,🌟🌟🌟🌟 | L2 | 4.0皮肤管理￥932/人 | ★,日置名媛 | 🌟🌟🌟🌟 | L2 | 4.0皮肤管理￥932/人 | ★ | 日置名媛 | PEARLDELUXE | 日式服务细节到位，皮肤水润透亮 | “ | 7 | ￥498 | ￥17.358.8折 | 惠 | 【居家限定】骨.,ocr/input_videos\上海__五角场合生汇__20260824.mp4
OBS-001807,五角场合生汇,海上花园芳疗SPA,海上花园芳疗SPA,SPA美体,4.7,437,L3,rated,True,,rated,parsed,rating_anchor,0.9781,0.999,52,17468,305.53,L3 | 4.7SPA美体￥437/人,海上花园芳疗SPA | L3 | 海上花园 | 4.7SPA美体￥437/人 | 点评榜单 | 杨浦区美容/SPA热门榜第9名 | 原半亩花田 | 深耕21载一城40店 | 舒缓放松解压，精油一客一支 | 32 | ￥413 | ￥60070分钟补水保湿大. | 6.9折 | 惠,ocr/input_videos\上海__五角场合生汇__20260824.mp4
OBS-001808,五角场合生汇,天生爱美甲美睫,天生爱美甲美睫,美甲,4.2,249,L5,rated,True,,rated,parsed,rating_anchor,0.9609,0.9477,51,17468,305.53,🌟🌟🌟🌟⭐ | L5 | 4.2美甲￥249/人,天生爱美甲美睫 | 国 | 🌟🌟🌟🌟⭐ | L5 | 4.2美甲￥249/人 | TS.NAIL | 五角场/大学路纯色美甲销量榜第10名 | 天生爱美甲 | 指甲和睫毛款式多，服务温馨 | 3 | 力 | ￥1￥28 | 【美睫护理包】一次性睫毛小. | 惠,ocr/input_videos\上海__五角场合生汇__20260824.mp4
OBS-001809,五角场合生汇,尼尔斯美甲美容,尼尔斯美甲美容,美甲,4.6,242,L2,rated,True,,rated,parsed,rating_anchor,0.968,0.9997,55,17490,305.915,L2 | 4.6美甲￥242/人,尼尔斯美甲美容 | L2 | 4.6美甲￥242/人 | Naelsy | 尼尔斯 | 五角场/大学路纯色美甲销量榜第9名 | 休息中 | 美容服务细心认真，做完还有点心养生粥 | ￥128￥288 | 【健康美甲】美甲单色+建.. | 惠,ocr/input_videos\上海__五角场合生汇__20260824.mp4
OBS-001810,五角场合生汇,日置名媛,日置名媛,皮肤管理,4.0,932,L2,rated,True,,rated,parsed,rating_anchor,0.9882,0.9998,56,17490,305.915,🌟🌟🎉⭐⭐ | L2 | 4.0皮肤管理￥932/人,日置名媛 | 🌟🌟🎉⭐⭐ | L2 | 4.0皮肤管理￥932/人 | 日置名媛 | PEARL DELUXE | 日式服务细节到位，皮肤水润透亮 | “ | ￥498 | ￥17.358.8折 | 【居家限定】骨.. | 惠,ocr/input_videos\上海__五角场合生汇__20260824.mp4
OBS-001811,五角场合生汇,海上花园芳疗SPA,海上花园芳疗SPA,SPA美体,4.7,437,L3,rated,True,,rated,parsed,rating_anchor,0.9806,0.9991,51,17490,305.915,L3 | 4.7SPA美体￥437/人,海上花园芳疗SPA | L3 | 4.7SPA美体￥437/人 | 海上花园 | 点评榜单 | 杨浦区美容/SPA热门榜第9名 | 原半亩花田 | 深耕21载一城40店 | 舒缓放松解压，精油一客一支” | 2 | ￥4136.9折 | 惠 | ￥60070分钟补水保湿大...,ocr/input_videos\上海__五角场合生汇__20260824.mp4
OBS-001812,五角场合生汇,天生爱美甲美睫,天生爱美甲美睫,美甲,4.2,249,L5,rated,True,,rated,parsed,rating_anchor,0.9588,0.9495,51,17490,305.915,L5 | 4.2美甲￥249/人 | 🌟🌟🌟🌟 | ★,天生爱美甲美睫 | 5 | L5 | 4.2美甲￥249/人 | 🌟🌟🌟🌟 | ★ | TS.NAIL | 五角场/大学路纯色美甲销量榜第10名 | 天生爱美甲 | 指甲和睫毛款式多，服务温馨 | 惠￥1￥28 | 【美睫护理包】一次性睫毛小.,ocr/input_videos\上海__五角场合生汇__20260824.mp4
OBS-001813,五角场合生汇,miki house,mikihouse,儿童服饰,2.9,910,L3,rated,True,,rated,parsed,rating_anchor,0.9833,0.9983,59,17545,306.877,2.9儿童服饰￥910/人 | L3,miki house | 2.9儿童服饰￥910/人 | L3 | “设计和做工精致，停车积分不够也能来”,ocr/input_videos\上海__五角场合生汇__20260824.mp4
OBS-001814,五角场合生汇,母婴室,母婴室,,,,B2,unrated,False,explicitly_unrated,unrated,missing,unrated_anchor,0.9842,0.9842,71,17545,306.877,暂无星级更多亲子服务 | B2,母婴室 | 暂无星级更多亲子服务 | B2,ocr/input_videos\上海__五角场合生汇__20260824.mp4
OBS-001815,五角场合生汇,海饼干Seabiscuit儿童美发,海饼干Seabiscuit儿童美发,婴童理发,4.4,165,L3,rated,True,,rated,parsed,rating_anchor,0.9817,0.998,67,17545,306.877,L3 | 婴童理发￥165/人 | 4.4,海饼干Seabiscuit儿童美发 | L3 | 婴童理发￥165/人 | 4.4 | 杨浦区婴幼服务销量榜第1名 | “环境舒适氛围轻松，理发师动作快” | ￥1549.8折 | ￥178 | 【首次体验】洗剪..,ocr/input_videos\上海__五角场合生汇__20260824.mp4
OBS-001816,五角场合生汇,YH TOYS,YHTOYS,玩具,,,B1,unrated,False,explicitly_unrated,unrated,parsed,unrated_anchor,0.9957,0.9929,56,17545,306.877,暂无星级玩具 | B1,YH TOYS | 暂无星级玩具 | B1,ocr/input_videos\上海__五角场合生汇__20260824.mp4
OBS-001817,五角场合生汇,布鲁可,布鲁可,玩具,,,L3,unrated,False,explicitly_unrated,unrated,parsed,unrated_anchor,0.9953,0.9916,73,17545,306.877,暂无星级玩具 | L3,布鲁可 | 暂无星级玩具 | L3,ocr/input_videos\上海__五角场合生汇__20260824.mp4
OBS-001818,五角场合生汇,miki house,mikihouse,儿童服饰,2.9,910,L3,rated,True,,rated,parsed,rating_anchor,0.9816,0.9973,53,17567,307.261,⭐🌟🌟⭐🌟 | L3 | 2.9儿童服饰￥910/人,miki house | ⭐🌟🌟⭐🌟 | L3 | 2.9儿童服饰￥910/人 | 设计和做工精致，停车积分不够也能来,ocr/input_videos\上海__五角场合生汇__20260824.mp4
OBS-001819,五角场合生汇,母婴室,母婴室,,,,B2,unrated,False,explicitly_unrated,unrated,missing,unrated_anchor,0.9956,0.9956,62,17567,307.261,★★★★★ | 暂无星级 | B2 | 更多亲子服务,母婴室 | ★★★★★ | 暂无星级 | B2 | 更多亲子服务 | 其他亲子,ocr/input_videos\上海__五角场合生汇__20260824.mp4
OBS-001820,五角场合生汇,海饼干Seabiscuit儿童美发,海饼干Seabiscuit儿童美发,婴童理发,4.4,165,L3,rated,True,,rated,parsed,rating_anchor,0.9854,0.9976,56,17567,307.261,4.4婴童理发￥165/人 | L3 | ⭐🌟⭐⭐🌟,海饼干Seabiscuit儿童美发 | 4.4婴童理发￥165/人 | L3 | ⭐🌟⭐⭐🌟 | 杨浦区婴幼服务销量榜第1名 | “环境舒适氛围轻松，理发师动作快” | ￥178 | ￥154 | 9.8折 | 【首次体验】洗剪. | 惠,ocr/input_videos\上海__五角场合生汇__20260824.mp4
OBS-001821,五角场合生汇,YH TOYS,YHTOYS,玩具,,,B1,unrated,False,explicitly_unrated,unrated,parsed,unrated_anchor,0.9969,0.9942,51,17567,307.261,玩具 | B1 | ★★★★★ | 暂无星级,YHTOu- | YH TOYS | 玩具 | B1 | ★★★★★ | 暂无星级,ocr/input_videos\上海__五角场合生汇__20260824.mp4
OBS-001822,五角场合生汇,布鲁可,布鲁可,玩具,,,L3,unrated,False,explicitly_unrated,unrated,parsed,unrated_anchor,0.996,0.9923,64,17567,307.261,L3 | 玩具 | ★★★★★ | 暂无星级,布鲁可 | L3 | 玩具 | ★★★★★ | 暂无星级,ocr/input_videos\上海__五角场合生汇__20260824.mp4
OBS-001823,五角场合生汇,英氏YeeHoO,英氏YeeHoO,母婴用品,3.7,585,L3,rated,True,,rated,parsed,rating_anchor,0.9779,0.994,51,17622,308.223,★🌟3.7 | L3 | 母婴用品￥585/人,英氏YeeHoO | YeeHoO | ★🌟3.7 | L3 | 母婴用品￥585/人 | 服务员耐心，小裙子仙气飘飘 | 4,ocr/input_videos\上海__五角场合生汇__20260824.mp4
OBS-001824,五角场合生汇,miki house,mikihouse,童服饰,2.9,910,L3,rated,True,,rated,parsed,rating_anchor,0.9719,0.9977,53,17622,308.223,🌟🌟🌟⭐⭐ | 2.9童服饰￥910/人 | L3,miki house | 🌟🌟🌟⭐⭐ | 2.9童服饰￥910/人 | L3 | 设计和做工精致，停车积分不够也能来”,ocr/input_videos\上海__五角场合生汇__20260824.mp4
OBS-001825,五角场合生汇,母婴室,母婴室,,,,B2,unrated,False,explicitly_unrated,unrated,missing,unrated_anchor,0.9955,0.9955,58,17622,308.223,★★★★★ | 暂无星级 | 更多亲子服务 | B2,母婴室 | ★★★★★ | 暂无星级 | 更多亲子服务 | B2 | 其他亲子,ocr/input_videos\上海__五角场合生汇__20260824.mp4
OBS-001826,五角场合生汇,海饼干Seabiscuit儿童美发,海饼干Seabiscuit儿童美发,婴童理发,4.4,165,L3,rated,True,,rated,parsed,rating_anchor,0.9852,0.9981,53,17622,308.223,🌟🌟⭐⭐ | L3 | 4.4婴童理发￥165/人 | ★,海饼干Seabiscuit儿童美发 | 发 | 旗 | 温消子 | 🌟🌟⭐⭐ | L3 | 4.4婴童理发￥165/人 | ★ | 杨浦区婴幼服务销量榜第1名 | 海 | 环境舒适氛围轻松，理发师动作快 | ￥1549.8折 | ￥178 | 惠 | 【首次体验】洗剪.,ocr/input_videos\上海__五角场合生汇__20260824.mp4
OBS-001827,五角场合生汇,YH TOYS,YHTOYS,玩具,,,B1,unrated,False,explicitly_unrated,unrated,parsed,unrated_anchor,0.9897,0.98,46,17622,308.223,玩具 | B1 | ★★★★★ | 暂无星级,YHTAu | YH TOYS | 玩具 | B1 | ★★★★★ | 暂无星级,ocr/input_videos\上海__五角场合生汇__20260824.mp4
OBS-001828,五角场合生汇,布鲁可,布鲁可,玩具,,,L3,unrated,False,explicitly_unrated,unrated,parsed,unrated_anchor,0.994,0.9885,62,17622,308.223,L3 | ★★★★★ | 玩具 | 暂无星级,布鲁可 | L3 | ★★★★★ | 玩具 | 暂无星级,ocr/input_videos\上海__五角场合生汇__20260824.mp4
OBS-001829,五角场合生汇,木星动物岛·治愈系萌宠馆,木星动物岛·治愈系萌宠馆,儿童乐园,4.8,129,L2,rated,True,,rated,parsed,rating_anchor,0.9579,0.9867,51,17655,308.801,4.8儿童乐园￥129/人 | L2,木星动物岛·治愈系萌宠馆 | 4.8儿童乐园￥129/人 | L2 | 杨浦区儿童乐园销量榜第1名 | 环境干净卫生，空气清新有代入感” | ￥162.926.5折 | ￥318 | 【七夕情侣约会.. | 惠,ocr/input_videos\上海__五角场合生汇__20260824.mp4
OBS-001830,五角场合生汇,meland亲子乐园·研学,meland亲子乐园·研学,儿童乐园,3.8,166,L3,rated,True,,rated,parsed,rating_anchor,0.9419,0.9474,50,17655,308.801,3.8儿童乐园￥166/人 | L3,meland亲子乐园·研学 | meland | 福 | 2 | 趣玩开学季 | 3.8儿童乐园￥166/人 | L3 | 欧乐不打焊 | 杨浦区儿童乐园销量榜第2名 | 8月21日-8月30日 | 环境干净整洁，设施齐全又好玩 | 55 | ￥298 | ￥184.249.8折 | 【乐园奇遇】1. | 惠,ocr/input_videos\上海__五角场合生汇__20260824.mp4
OBS-001831,五角场合生汇,玩童会迷你乐园,玩童会迷你乐园,儿童乐园,4.1,72,L3,rated,True,,rated,parsed,rating_anchor,0.9279,0.9972,51,17655,308.801,L3 | ⭐⭐⭐⭐4.1儿童乐园￥72/人,玩童会迷你乐园 | 0 | 质童 | L3 | ⭐⭐⭐⭐4.1儿童乐园￥72/人 | 杨浦区儿童乐园销量榜第7名 | 地理位置醒目，设备全新 | 惠￥48￥50 | 【托马斯小火车】儿童票·周..,ocr/input_videos\上海__五角场合生汇__20260824.mp4
OBS-001832,五角场合生汇,爱婴室,爱婴室,母婴用品,4.3,163,B2,rated,True,,rated,parsed,rating_anchor,0.9844,0.9935,58,17655,308.801,🌟🌟🌟🎉 | B2 | 4.3母婴用品￥163/人,爱婴室 | 🌟🌟🌟🎉 | B2 | baběmax | 4.3母婴用品￥163/人 | 爱婴室 | 玩具种类丰富，灯光柔和不刺眼 | 您身边的母婴健康专家,ocr/input_videos\上海__五角场合生汇__20260824.mp4
OBS-001833,五角场合生汇,英氏YeeHoO,英氏YeeHoO,母婴用品,3.7,585,L3,rated,True,,rated,parsed,rating_anchor,0.9677,0.9937,51,17655,308.801,3.7母婴用品￥585/人 | L3,英氏YeeHoO | YeeHoO | 3.7母婴用品￥585/人 | L3 | 服务员耐心，小裙子仙气飘飘,ocr/input_videos\上海__五角场合生汇__20260824.mp4
OBS-001834,五角场合生汇,NRG健身私教CLUB,NRG健身私教CLUB,私教工作室,4.8,3237,B1,rated,True,,rated,parsed,rating_anchor,0.98,0.9984,50,17886,312.841,4.8私教工作室￥3237/人 | B1,NRG健身私教CLUB | 4.8私教工作室￥3237/人 | NRGII | B1 | ENERGY FITNESS | 点评榜单 | 杨浦区健身中心好评榜第1名 | 超10万会员选择 | “私密性超好，课程丰富解压 | 93 | ￥596.8折 | ￥500私教体验课程一一对... | 惠,ocr/input_videos\上海__五角场合生汇__20260824.mp4
OBS-001835,五角场合生汇,Rainbow彩虹舞蹈工作室,Rainbow彩虹舞蹈工作室,舞蹈,3.9,58,L1,rated,True,,rated,parsed,rating_anchor,0.9738,0.9986,50,17886,312.841,3.9舞蹈￥58/人 | L1,Rainbow彩虹舞蹈工作室 | 原爽 | 3.9舞蹈￥58/人 | L1 | 点评榜单 | 杨浦区舞蹈热门榜第6名 | 30uv0 | 少儿C | 质人零然健/甜验 | 课堂氛围好，环境宽明亮 | 5 | 点击体验 | ￥4.6￥200 | 惠 | 【零基础】街舞舞种任选舞..,ocr/input_videos\上海__五角场合生汇__20260824.mp4
OBS-001836,五角场合生汇,加伍磅健身PLUS,加伍磅健身PLUS,健身房,,199,L5,new_store,False,new_store,ocr_missing,parsed,metadata_anchor,0.968,0.998,54,17886,312.841,新店 | 健身房￥199/人 | L5,加伍磅健身PLUS | 5-A5A | 新店 | 健身房￥199/人 | L5 | 五角场/大学路健身中心销量榜第1名 | ￥55￥200单次卡|限首次|早十晚十.. | 惠,ocr/input_videos\上海__五角场合生汇__20260824.mp4
OBS-001837,五角场合生汇,打开网球OPEN UP,打开网球OPENUP,网球场,4.3,,L6,rated,True,,rated,parsed,rating_anchor,0.9717,0.9443,51,17886,312.841,⭐🌟🌟🌟🌟 | L6 | 网球场 | 4.3,打开网球 | 打开网球OPEN UP | OPEN | UP | TOUR | ⭐🌟🌟🌟🌟 | L6 | 网球场 | 4.3 | ENT | 环境舒适设施新，教练教学有趣” | 为自已而活 | 8 | ￥258.8￥540 | 【尊享】vip私教体验课... | 惠,ocr/input_videos\上海__五角场合生汇__20260824.mp4
OBS-001838,五角场合生汇,V+悠乐瑜伽普拉提,V+悠乐瑜伽普拉提,瑜伽,4.5,75,B1,rated,True,,rated,parsed,rating_anchor,0.952,0.991,54,17886,312.841,4.5瑜伽￥75/人 | B1,V+悠乐瑜伽普拉提 | V+YOU LE | 小班/私数 | 零基轻松学 | 4.5瑜伽￥75/人 | B1 | 五角场/大学路瑜伽销量榜第1名 | 10年专注瑞伽当拉播 | 练得满满当当，环境干净温馨,ocr/input_videos\上海__五角场合生汇__20260824.mp4
OBS-001839,五角场合生汇,加伍磅健身PLUS,加伍磅健身PLUS,健身房,,199,L5,new_store,False,new_store,ocr_missing,parsed,metadata_anchor,0.9793,0.9981,52,17996,314.765,L5 | 新店 | 健身房￥199/人,加伍磅健身PLUS | 95-953 | L5 | 新店 | 健身房￥199/人 | 五角场/大学路健身中心销量榜第1名 | ￥55￥200单次卡|限首次|早十晚十. | 惠,ocr/input_videos\上海__五角场合生汇__20260824.mp4
OBS-001840,五角场合生汇,打开网球OPENUP,打开网球OPENUP,网球场,4.3,,L6,rated,True,,rated,parsed,rating_anchor,0.9785,0.9642,57,17996,314.765,4.3网球场 | L6 | 🌟🌟🌟🌟🌟,打开网球OPENUP | 打开网球 | OPEN | UP | R | 4.3网球场 | L6 | 🌟🌟🌟🌟🌟 | 环境舒适设施新，教练教学有趣 | “为自己而活 | ￥258.8￥540 | 【尊享】vip私教体验课... | 惠,ocr/input_videos\上海__五角场合生汇__20260824.mp4
OBS-001841,五角场合生汇,V+悠乐瑜伽普拉提,V+悠乐瑜伽普拉提,瑜伽,4.5,75,B1,rated,True,,rated,parsed,rating_anchor,0.9465,0.9913,54,17996,314.765,4.5瑜伽￥75/人 | B1,V+悠乐瑜伽普拉提 | V+YOU LE | 小班/私数 | 零基轻松学 | 4.5瑜伽￥75/人 | B1 | 五角场/大学路瑜伽销量榜第1名 | 10年专注场伽曾拉播 | 练得满满当当，环境干净温馨 | 小 | ￥29.9￥688限女性/普拉提团课/零基... | 惠,ocr/input_videos\上海__五角场合生汇__20260824.mp4
OBS-001842,五角场合生汇,SU PILATES·素行普拉提,SUPILATES·素行普拉提,瑜伽,3.4,240,L3,rated,True,,rated,parsed,rating_anchor,0.9643,0.963,53,17996,314.765,⭐🌟🎉 | L3 | 3.4瑜伽￥240/人 | ★,SU PILATES·素行普拉提 | SU | ⭐🌟🎉 | L3 | 3.4瑜伽￥240/人 | ★ | 点评榜单 | 五角场/大学路瑜伽热门榜第6名 | PILATES | ￥200￥9995次卡【2+3大促专享】一 | 惠,ocr/input_videos\上海__五角场合生汇__20260824.mp4
OBS-001843,五角场合生汇,新航道·考研保研·四六级,新航道·考研保研·四六级,考研,4.3,,商场内,rated,True,,rated,parsed,rating_anchor,0.9918,0.9848,51,18062,315.919,商场内 | 🌟🌟⭐ | 考研 | 4.3 | ★,新航道·考研保研·四六级 | 机电通 | 考研保研 | 商场内 | 🌟🌟⭐ | 考研 | 4.3 | ★ | 四六级 | 点评榜单 | 杨浦区学历提升热门榜第3名 | 888 | 元抵用券 | 1元领取 | ￥0.01￥200 | 【考研】2028年考研择校... | 惠 | ￥1￥888代金券 | 惠,ocr/input_videos\上海__五角场合生汇__20260824.mp4
OBS-001844,五角场合生汇,中举成长中心,中举成长中心,课后辅导,3.7,,商场内,rated,True,,rated,parsed,rating_anchor,0.9991,0.9992,52,18062,315.919,商场内 | 🌟🌟⭐3.7 | 课后辅导,中举成长中心 | 商场内 | 🌟🌟⭐3.7 | 课后辅导 | 中举成长中心 | GHOV3LGR3WT-GENTER | 师资力量雄厚，环境安静氛围温和”,ocr/input_videos\上海__五角场合生汇__20260824.mp4
OBS-001845,五角场合生汇,小猿学练机,小猿学练机,课后辅导,4.7,3998,L3,rated,True,,rated,parsed,rating_anchor,0.9859,0.9997,55,18062,315.919,🌟🌟⭐🌟🌟 | 4.7课后辅导￥3998/人 | L3,小猿学练机 | 小猿 | 🌟🌟⭐🌟🌟 | 4.7课后辅导￥3998/人 | L3 | 内容丰富，商场里也能安静学习 | XIAOYUAN | E,ocr/input_videos\上海__五角场合生汇__20260824.mp4
OBS-001846,五角场合生汇,R-KIDS少儿街舞,R-KIDS少儿街舞,舞蹈培训,3.5,,L1,rated,True,,rated,parsed,rating_anchor,0.9985,0.9976,52,18062,315.919,⭐🌟🌟🌟⭐ | 舞蹈培训 | L1 | 3.5 | ),R-KIDS少儿街舞 | RAIN | ⭐🌟🌟🌟⭐ | 舞蹈培训 | L1 | 3.5 | ) | 老师耐心指导，六一礼物超贴心 | 少儿街舞,ocr/input_videos\上海__五角场合生汇__20260824.mp4
OBS-001847,五角场合生汇,学而思学习机,学而思学习机,课后辅导,4.7,,L3,rated,True,,rated,parsed,rating_anchor,0.9995,0.9996,57,18062,315.919,⭐🌟⭐🌟🌟 | 课后辅导 | L3 | 4.7,学而思学习机 | 开学季福利 | ⭐🌟⭐🌟🌟 | 课后辅导 | L3 | 4.7 | 五角场/大学路课后辅导好评榜第10名 | 点评榜单 | 内容丰富，AI功能加持 | C | 热3月 | 【学习测评】学而思1V1学习... | ￥1￥100 | 惠,ocr/input_videos\上海__五角场合生汇__20260824.mp4
OBS-001848,五角场合生汇,新航道前程留学·背景提升·小语种,新航道前程留学·背景提升·小语种,留学申请/咨询,4.8,,商场内,rated,True,,rated,parsed,rating_anchor,0.9856,0.9769,50,18084,316.304,⭐★🌟4.8 | 商场内 | 留学申请/咨询,新航道前程留学·背景提升·小语种 | 818 | 2 | 新航道 | ⭐★🌟4.8 | 商场内 | 留学申请/咨询 | 前程留学 | 老师专业，环境不错还能俯瞰五角场 | 一切为了更好的录取 | ￥0.9 | ￥9.9 | 3折 | 惠 | 【秋季班】雅思|托福...,ocr/input_videos\上海__五角场合生汇__20260824.mp4
OBS-001849,五角场合生汇,新航道·考研保研·四六级,新航道·考研保研·四六级,考研,4.3,,商场内,rated,True,,rated,parsed,rating_anchor,0.9816,0.9639,47,18084,316.304,考研 | 🌟🌟🌟⭐ | 商场内 | 4.3,新航道·考研保研·四六级 | R斤A面 | 考研保研 | 考研 | 🌟🌟🌟⭐ | 商场内 | 4.3 | 四六级 | 点评榜单 | 杨浦区学历提升热门榜第3名 | 888 | 1元领取 | 元抵用券 | ￥0.01￥200 | 【考研】2028年考研择校.. | 惠 | ￥1￥888代金券 | 惠,ocr/input_videos\上海__五角场合生汇__20260824.mp4
OBS-001850,五角场合生汇,中举成长中心,中举成长中心,课后辅导,3.7,,商场内,rated,True,,rated,parsed,rating_anchor,0.9993,0.999,51,18084,316.304,商场内 | ⭐🌟🌟⭐3.7 | 课后辅导,中举成长中心 | 商场内 | ⭐🌟🌟⭐3.7 | 课后辅导 | 中举成长中心 | DIOWBUGYOMT-CENIER | “师资力量雄厚，环境安静氛围温和,ocr/input_videos\上海__五角场合生汇__20260824.mp4
OBS-001851,五角场合生汇,小猿学练机,小猿学练机,课后辅导,4.7,3998,L3,rated,True,,rated,parsed,rating_anchor,0.9821,0.9994,52,18084,316.304,L3 | 🌟🌟🌟🎉🌟 | 课后辅导￥3998/人 | 4.7,小猿学练机 | L3 | 🌟🌟🌟🎉🌟 | 小猿 | 课后辅导￥3998/人 | 4.7 | 内容丰富，商场里也能安静学习 | XIAOYUAN,ocr/input_videos\上海__五角场合生汇__20260824.mp4
OBS-001852,五角场合生汇,R-KIDS少儿街舞,R-KIDS少儿街舞,舞蹈培训,3.5,,L1,rated,True,,rated,parsed,rating_anchor,0.9981,0.9965,51,18084,316.304,🌟🌟🌟🌟🌟 | 舞蹈培训 | L1 | 3.5,R-KIDS少儿街舞 | 0 | 🌟🌟🌟🌟🌟 | 舞蹈培训 | L1 | 3.5 | 老师耐心指导，六一礼物超贴心 | 少儿街舞 | 学而思学习机 | 开学季福利,ocr/input_videos\上海__五角场合生汇__20260824.mp4
OBS-001853,五角场合生汇,新航道·考研保研·四六级,新航道·考研保研·四六级,考研,4.3,,商场内,rated,True,,rated,parsed,rating_anchor,0.9846,0.9696,48,18106,316.689,商场内 | 考研 | 🌟🌟🌟⭐ | 4.3 | ★,新航道·考研保研·四六级 | 新A通 | Nc | 考研保研 | 商场内 | 考研 | 🌟🌟🌟⭐ | 4.3 | ★ | 四六级 | 点评榜单 | 杨浦区学历提升热门榜第3名 | 888 | 1元领取 | 元抵用乔 | ￥0.01￥200 | 惠 | 【考研】2028年考研择校.. | 惠￥1￥888代金券,ocr/input_videos\上海__五角场合生汇__20260824.mp4
OBS-001854,五角场合生汇,中举成长中心,中举成长中心,课后辅导,3.7,,商场内,rated,True,,rated,parsed,rating_anchor,0.9987,0.9978,55,18106,316.689,商场内 | 🌟🌟⭐⭐🌟 | 课后辅导 | 3.7,中举成长中心 | 商场内 | 🌟🌟⭐⭐🌟 | 课后辅导 | 3.7 | 中祥成长中心 | DHOWBUL GOOMN-GENTER | “师资力量雄厚，环境安静氛围温和”,ocr/input_videos\上海__五角场合生汇__20260824.mp4
OBS-001855,五角场合生汇,小猿学练机,小猿学练机,课后辅导,4.7,3998,L3,rated,True,,rated,parsed,rating_anchor,0.9824,0.9996,52,18106,316.689,⭐🌟🌟🌟🌟 | L3 | 4.7 | 课后辅导￥3998/人,小猿学练机 | ⭐🌟🌟🌟🌟 | L3 | 小猿 | 4.7 | 课后辅导￥3998/人 | XIAOYUAN | 内容丰富，商场里也能安静学习 | 55,ocr/input_videos\上海__五角场合生汇__20260824.mp4
OBS-001856,五角场合生汇,R-KIDS少儿街舞,R-KIDS少儿街舞,舞蹈培训,3.5,,L1,rated,True,,rated,parsed,rating_anchor,0.9986,0.9977,55,18106,316.689,🌟🌟🌟🌟 | 舞蹈培训 | L1 | 3.5,R-KIDS少儿街舞 | 🌟🌟🌟🌟 | 舞蹈培训 | L1 | 3.5 | 老师耐心指导，六一礼物超贴心 | 少儿街舞,ocr/input_videos\上海__五角场合生汇__20260824.mp4
OBS-001857,五角场合生汇,学而思学习机,学而思学习机,课后辅导,4.7,,L3,rated,True,,rated,parsed,rating_anchor,0.9993,0.9998,51,18106,316.689,L3 | ⭐🌟🌟🌟🌟 | 课后辅导 | 4.7,学而思学习机 | 开学季福利 | L3 | ⭐🌟🌟🌟🌟 | 课后辅导 | 4.7 | 点评榜单 | 五角场/大学路课后辅导好评榜第10名 | 内容丰富，AI功能加持 | “ | ￥1￥100 | 惠 | 【学习测评】学而思1V1学习...,ocr/input_videos\上海__五角场合生汇__20260824.mp4
OBS-001858,五角场合生汇,合生汇-停车场,合生汇-停车场,停车场,3.3,,B4,rated,True,,rated,parsed,rating_anchor,0.9281,0.9978,58,18150,317.459,⭐🌟⭐⭐⭐3.3停车场 | B4,合生汇-停车场 | ⭐🌟⭐⭐⭐3.3停车场 | B4,ocr/input_videos\上海__五角场合生汇__20260824.mp4
OBS-001859,五角场合生汇,爱回收奢侈品回收,爱回收奢侈品回收,奢侈品回收,3.4,,B2,rated,True,,rated,parsed,rating_anchor,0.979,0.9938,54,18150,317.459,⭐⭐⭐3.4奢侈品回收 | B2,爱回收奢侈品回收 | ⭐⭐⭐3.4奢侈品回收 | B2 | 数码回收方便，手机膜贴全”,ocr/input_videos\上海__五角场合生汇__20260824.mp4
OBS-001860,五角场合生汇,亨达利名表维修中心,亨达利名表维修中心,钟表维修,4.8,272,L1,rated,True,,rated,parsed,rating_anchor,0.9784,0.9969,58,18150,317.459,L1 | 4.8钟表维修￥272/人,亨达利名表维修中心 | L1 | 4.8钟表维修￥272/人 | 位置好找，清洗手表很专业”,ocr/input_videos\上海__五角场合生汇__20260824.mp4
OBS-001861,五角场合生汇,车微家洗车贴膜车衣,车微家洗车贴膜车衣,美容洗车,3.9,228,B3,rated,True,,rated,parsed,rating_anchor,0.9655,0.9993,54,18150,317.459,3.9美容洗车￥228/人 | B3,车微家洗车贴膜车衣 | 3.9美容洗车￥228/人 | B3 | “位置好找，洗车细致还原度” | 惠￥158￥198精致洗车加玻璃水,ocr/input_videos\上海__五角场合生汇__20260824.mp4
OBS-001862,五角场合生汇,美车堂,美车堂,美容洗车,4.1,176,B3,rated,True,,rated,parsed,rating_anchor,0.9807,0.9997,65,18150,317.459,4.1美容洗车￥176/人 | B3,美车堂 | 4.1美容洗车￥176/人 | B3 | “清洁细致到极致，车漆亮得像新车”,ocr/input_videos\上海__五角场合生汇__20260824.mp4
OBS-001863,五角场合生汇,爱畅享苹果手机电脑维修回收,爱畅享苹果手机电脑维修回收,手机维修,4.1,261,B2,rated,True,,rated,parsed,rating_anchor,0.9761,0.9884,51,18172,317.843,B2 | 🌟🌟🌟⭐ | 手机维修￥261/人 | 4.1 | ★,爱畅享苹果手机电脑维修回收 | B2 | isharing | 🌟🌟🌟⭐ | 手机维修￥261/人 | 4.1 | ★ | 爱畅章 | 杨浦区手机维修销量榜第8名 | 手机电脑维修 回收 | 换屏效果完美，服务态度亲切 | ￥30 | 惠 | ￥49 | [手机贴膜〕 | 苹果手机全系列...,ocr/input_videos\上海__五角场合生汇__20260824.mp4
OBS-001864,五角场合生汇,合生汇-停车场,合生汇-停车场,停车场,3.3,,B4,rated,True,,rated,parsed,rating_anchor,0.9991,0.9987,54,18172,317.843,★🌟★★★ | 停车场 | B4 | 3.3,合生汇-停车场 | ★🌟★★★ | 停车场 | B4 | 3.3,ocr/input_videos\上海__五角场合生汇__20260824.mp4
OBS-001865,五角场合生汇,爱回收奢侈品回收,爱回收奢侈品回收,奢侈品回收,3.4,,B2,rated,True,,rated,parsed,rating_anchor,0.9971,0.9947,50,18172,317.843,★★3.4 | B2 | 奢侈品回收,爱回收奢侈品回收 | ★★3.4 | B2 | 奢侈品回收 | 爱回收 | 数码回收方便，手机膜贴全 | 奢侈品回收,ocr/input_videos\上海__五角场合生汇__20260824.mp4
OBS-001866,五角场合生汇,亨达利名表维修中心,亨达利名表维修中心,钟表维修,4.8,272,L1,rated,True,,rated,parsed,rating_anchor,0.9748,0.9965,47,18172,317.843,4.8钟表维修￥272/人 | L1,亨达利名表维修中心 | 4.8钟表维修￥272/人 | L1 | 亨達利名 | 名表维修 | 百联集团成员企业 | 位置好找，清洗手表很专业,ocr/input_videos\上海__五角场合生汇__20260824.mp4
OBS-001867,五角场合生汇,车微家洗车贴膜车衣,车微家洗车贴膜车衣,美容洗车,3.9,228,B3,rated,True,,rated,parsed,rating_anchor,0.9862,0.9995,50,18172,317.843,🌟🌟🎉🌟🌟 | 美容洗车￥228/人 | B3 | 3.9,车微家洗车贴膜车衣 | 🌟🌟🎉🌟🌟 | 美容洗车￥228/人 | B3 | 3.9 | 车微家S948010 | 位置好找，洗车细致还原度高 | ￥158￥198精致洗车加玻璃水 | 惠,ocr/input_videos\上海__五角场合生汇__20260824.mp4
OBS-001868,五角场合生汇,美车堂,美车堂,美容洗车,4.1,176,B3,rated,True,,rated,parsed,rating_anchor,0.9842,0.9999,58,18172,317.843,⭐🌟⭐⭐ | B3 | 4.1美容洗车￥176/人 | ★,美车堂 | ⭐🌟⭐⭐ | B3 | 4.1美容洗车￥176/人 | ★ | CNRSONE,ocr/input_videos\上海__五角场合生汇__20260824.mp4
OBS-001869,五角场合生汇,车微家洗车贴膜车衣,车微家洗车贴膜车衣,美容洗车,3.9,228,B3,rated,True,,rated,parsed,rating_anchor,0.9849,0.9995,50,18326,320.537,B3 | 🌟🌟🌟⭐3.9 | 美容洗车￥228/人,车微家洗车贴膜车衣 | B3 | 🌟🌟🌟⭐3.9 | 美容洗车￥228/人 | 车微家S98010 | 位置好找，洗车细致还原度高 | ￥158￥198精致洗车加玻璃水 | 惠,ocr/input_videos\上海__五角场合生汇__20260824.mp4
OBS-001870,五角场合生汇,美车堂,美车堂,美容洗车,4.1,176,B3,rated,True,,rated,parsed,rating_anchor,0.9787,0.9999,59,18326,320.537,🌟🌟🌟🌟 | 4.1美容洗车￥176/人 | B3,美车堂 | 🌟🌟🌟🌟 | 4.1美容洗车￥176/人 | B3 | CNRSONE | 美车堂 | 清洁细致到极致，车漆亮得像新车” | ￥108￥138 | 【普通洗车】40分钟|全车. | 惠,ocr/input_videos\上海__五角场合生汇__20260824.mp4
OBS-001871,五角场合生汇,爱回收,爱回收,手机数码回收,2.9,,B2,rated,True,,rated,parsed,rating_anchor,0.9981,0.9974,59,18326,320.537,★★★★★ | B2 | 2.9手机数码回收,爱回收 | ? | ★★★★★ | B2 | 2.9手机数码回收 | 爱回收,ocr/input_videos\上海__五角场合生汇__20260824.mp4
OBS-001872,五角场合生汇,中国工商银行,中国工商银行,营业网点,2.9,,L1,rated,True,,rated,parsed,rating_anchor,0.9996,0.9997,57,18326,320.537,营业网点 | ⭐🌟 | ★⭐★ | L1 | 2.9,中国工商银行 | 营业网点 | ⭐🌟 | ★⭐★ | L1 | 2.9 | 服务耐心，业务办理顺畅,ocr/input_videos\上海__五角场合生汇__20260824.mp4
OBS-001873,五角场合生汇,淳粤·宴会厅,淳粤·宴会厅,餐厅宴会,3.9,,L5,rated,True,,rated,parsed,rating_anchor,0.9845,0.9697,58,18326,320.537,餐厅宴会 | 🌟🌟🌟🌟🌟 | L5 | 3.9,淳粤·宴会厅 | 淳 | 粵 | 餐厅宴会 | 🌟🌟🌟🌟🌟 | L5 | 3.9 | 新广府菜口味地道，环境雅致舒适” | 休息中 | 联想维修服务中心 | 联想,ocr/input_videos\上海__五角场合生汇__20260824.mp4
OBS-001874,五角场合生汇,美车堂,美车堂,美容洗车,4.1,176,B3,rated,True,,rated,parsed,rating_anchor,0.984,0.9999,59,18425,322.269,⭐🌟⭐⭐ | B3 | 4.1美容洗车￥176/人 | ★,美车堂 | ⭐🌟⭐⭐ | B3 | 4.1美容洗车￥176/人 | ★ | CRSONE | 美车堂 | 清洁细致到极致，车漆亮得像新车” | ￥108￥138 | 【普通洗车】40分钟|全车... | 惠,ocr/input_videos\上海__五角场合生汇__20260824.mp4
OBS-001875,五角场合生汇,爱回收,爱回收,手机数码回收,2.9,,B2,rated,True,,rated,parsed,rating_anchor,0.9991,0.9988,61,18425,322.269,⭐🌟⭐⭐🌟 | B2 | 2.9手机数码回收,爱回收 | ? | ⭐🌟⭐⭐🌟 | B2 | 2.9手机数码回收 | 爱回收,ocr/input_videos\上海__五角场合生汇__20260824.mp4
OBS-001876,五角场合生汇,中国工商银行,中国工商银行,营业网点,2.9,,L1,rated,True,,rated,parsed,rating_anchor,0.9997,0.9999,54,18425,322.269,🌟🌟⭐⭐🌟 | L1 | 营业网点 | 2.9,中国工商银行 | 创费游寿话 | 🌟🌟⭐⭐🌟 | L1 | 营业网点 | 2.9 | “服务耐心，业务办理顺畅,ocr/input_videos\上海__五角场合生汇__20260824.mp4
OBS-001877,五角场合生汇,淳粤·宴会厅,淳粤·宴会厅,餐厅宴会,3.9,,L5,rated,True,,rated,parsed,rating_anchor,0.9491,0.899,59,18425,322.269,⭐🌟⭐🌟⭐3.9 | 餐厅宴会 | L5,淳粤·宴会厅 | 淳 | ⭐🌟⭐🌟⭐3.9 | 餐厅宴会 | L5 | 新广府菜口味地道，环境雅致舒适” | ≤ | 休息中,ocr/input_videos\上海__五角场合生汇__20260824.mp4
OBS-001878,五角场合生汇,联想维修服务中心,联想维修服务中心,电脑维修,4.0,182,L4,rated,True,,rated,parsed,rating_anchor,0.9869,0.9989,54,18425,322.269,🌟🌟🌟🌟 | L4 | 电脑维修￥182/人 | 4.0 | ★,联想维修服务中心 | 🌟🌟🌟🌟 | L4 | 电脑维修￥182/人 | 4.0 | ★ | 五角场/大学路电脑维修销量榜第10名 | 深度清灰效果好，机器风扇无噪音 | ￥322.2折 | ￥199 | 联想yoga笔记本深度. | 惠 | ￥30￥49 | 惠 | 代金券,ocr/input_videos\上海__五角场合生汇__20260824.mp4
OBS-001879,五角场合生汇,美车堂,美车堂,美容洗车,4.1,176,B3,rated,True,,rated,parsed,rating_anchor,0.9871,0.9999,59,18469,323.038,B3 | 🌟🌟🌟⭐ | 4.1美容洗车￥176/人 | ★,美车堂 | B3 | 🌟🌟🌟⭐ | 4.1美容洗车￥176/人 | ★ | CRSONE | 美车堂 | 清洁细致到极致，车漆亮得像新车” | ￥108￥138 | 【普通洗车】40分钟全车... | 惠,ocr/input_videos\上海__五角场合生汇__20260824.mp4
OBS-001880,五角场合生汇,爱回收,爱回收,手机数码回收,2.9,,B2,rated,True,,rated,parsed,rating_anchor,0.9996,0.9994,65,18469,323.038,⭐🌟⭐⭐🌟 | B2 | 手机数码回收 | 2.9,爱回收 | ? | ⭐🌟⭐⭐🌟 | B2 | 手机数码回收 | 2.9 | 爱回收,ocr/input_videos\上海__五角场合生汇__20260824.mp4
OBS-001881,五角场合生汇,中国工商银行,中国工商银行,营业网点,2.9,,L1,rated,True,,rated,parsed,rating_anchor,0.9994,0.9993,51,18469,323.038,🌟🌟⭐⭐🌟 | 营业网点 | L1 | 2.9,中国工商银行 | 加康设务院 | 🌟🌟⭐⭐🌟 | 营业网点 | L1 | 2.9 | “服务耐心，业务办理顺畅,ocr/input_videos\上海__五角场合生汇__20260824.mp4
OBS-001882,五角场合生汇,淳粵·宴会厅,淳粤·宴会厅,餐厅宴会,3.9,,L5,rated,True,,rated,parsed,rating_anchor,0.9507,0.902,56,18469,323.038,🌟🌟⭐3.9 | L5 | 餐厅宴会,淳粵·宴会厅 | 淳 | 🌟🌟⭐3.9 | L5 | 餐厅宴会 | 新广府菜口味地道，环境雅致舒适” | 休息中,ocr/input_videos\上海__五角场合生汇__20260824.mp4
OBS-001883,五角场合生汇,联想维修服务中心,联想维修服务中心,电脑维修,4.0,182,L4,rated,True,,rated,parsed,rating_anchor,0.9865,0.9989,51,18469,323.038,🌟🌟🌟🌟 | L4 | 4.0 | 电脑维修￥182/人 | ★,联想维修服务中心 | 🌟🌟🌟🌟 | L4 | 4.0 | 电脑维修￥182/人 | ★ | 五角场/大学路电脑维修销量榜第10名 | 深度清灰效果好，机器风扇无噪音 | ￥32 | 2.2折 | ￥199 | 联想yoga笔记本深度. | 惠 | ￥30￥49 | 惠 | 代金券,ocr/input_videos\上海__五角场合生汇__20260824.mp4
OBS-001884,五角场合生汇,联想维修服务中心,联想维修服务中心,电脑维修,4.0,182,L4,rated,True,,rated,parsed,rating_anchor,0.9852,0.9988,48,18557,324.577,🌟🌟⭐ | L4 | 电脑维修￥182/人 | 4.0 | ★,联想维修服务中心 | 🌟🌟⭐ | L4 | 电脑维修￥182/人 | 4.0 | ★ | 五角场/大学路电脑维修销量榜第10名 | 深度清灰效果好，机器风扇无噪音 | 惠 | ￥32 | 2.2折 | ￥199 | 联想yoga笔记本深度.. | ￥30￥49代金券 | 惠,ocr/input_videos\上海__五角场合生汇__20260824.mp4
OBS-001885,五角场合生汇,招商银行,招商银行,银行,4.4,,L1,rated,True,,rated,parsed,rating_anchor,0.9987,0.9997,51,18557,324.577,4.4银行 | L1 | ★★★★,招商银行 | 4.4银行 | L1 | ★★★★ | 存钱送红豆，祛湿补血好礼 | 招商银行 | CHINAMERCHANTSBANK,ocr/input_videos\上海__五角场合生汇__20260824.mp4
OBS-001886,五角场合生汇,福奈特洗衣洗鞋,福奈特洗衣洗鞋,洗衣洗鞋,3.9,73,L1,rated,True,,rated,parsed,rating_anchor,0.9864,0.9999,51,18557,324.577,🌟🌟🌟🌟🌟 | 洗衣洗鞋￥73/人 | L1 | 3.9,福奈特洗衣洗鞋 | FORNET | 🌟🌟🌟🌟🌟 | 洗衣洗鞋￥73/人 | L1 | 3.9 | 上门取送 | 店员细致讲解，上门取衣送货到家超方便 | Since 1997 | ￥77￥88 | 任洗1件羽绒服/... | 【到店洗衣】 | 惠 | ￥45￥50代金券 | 惠,ocr/input_videos\上海__五角场合生汇__20260824.mp4
OBS-001887,五角场合生汇,中国福利彩票,中国福利彩票,彩票,4.7,,B1,rated,True,,rated,parsed,rating_anchor,0.9968,0.9998,51,18557,324.577,4.7彩票 | B1 | 🌟🌟🌟🌟,中国福利彩票 | 啡 | 中国福利彩家 | 4.7彩票 | B1 | 🌟🌟🌟🌟 | 彩票店里氛围好，爆奖体验超刺激 | 中国体育彩票 | 中国体育彩票 | 西,ocr/input_videos\上海__五角场合生汇__20260824.mp4
OBS-001888,五角场合生汇,联想维修服务中心,联想维修服务中心,电脑维修,4.0,182,L4,rated,True,,rated,parsed,rating_anchor,0.9874,0.9991,47,18568,324.77,🌟🌟🌟⭐ | L4 | 电脑维修￥182/人 | ￥ | 4.0,联想维修服务中心 | 联起 | 🌟🌟🌟⭐ | L4 | 电脑维修￥182/人 | ￥ | 4.0 | 五角场/大学路电脑维修销量榜第10名 | 深度清灰效果好，机器风扇无噪音 | ￥32 | 2.2折 | ￥199 | 惠 | 联想yoga笔记本深度... | ￥30￥49 | 惠 | 代金券,ocr/input_videos\上海__五角场合生汇__20260824.mp4
OBS-001889,五角场合生汇,招商银行,招商银行,银行,4.4,,L1,rated,True,,rated,parsed,rating_anchor,0.9987,0.9998,52,18568,324.77,4.4银行 | ⭐🌟⭐🌟 | L1 | ★,招商银行 | 4.4银行 | ⭐🌟⭐🌟 | L1 | ★ | 存钱送红豆，祛湿补血好礼 | 招商银行 | CEIINA MERCIHIANTS BANK,ocr/input_videos\上海__五角场合生汇__20260824.mp4
OBS-001890,五角场合生汇,福奈特洗衣洗鞋,福奈特洗衣洗鞋,洗衣洗鞋,3.9,73,L1,rated,True,,rated,parsed,rating_anchor,0.9836,0.9999,51,18568,324.77,🌟🌟🌟🌟🌟 | 洗衣洗鞋￥73/人 | L1 | 3.9,福奈特洗衣洗鞋 | FORNET | 🌟🌟🌟🌟🌟 | 洗衣洗鞋￥73/人 | L1 | 3.9 | 上门取送 | 店员细致讲解，上门取衣送货到家超方便 | C | Since 1997 | ￥77￥88 | 惠 | 任洗1件羽绒服/... | 【到店洗衣】1 | ￥45￥50代金券 | 惠,ocr/input_videos\上海__五角场合生汇__20260824.mp4
OBS-001891,五角场合生汇,中国福利彩票,中国福利彩票,彩票,4.7,,B1,rated,True,,rated,parsed,rating_anchor,0.9999,0.9999,51,18568,324.77,🌟🌟🎉🎉🌟 | 彩票 | B1 | 4.7,中国福利彩票 | 中 | 中国福利家 | 🌟🌟🎉🎉🌟 | 彩票 | B1 | 4.7 | 彩票店里氛围好，爆奖体验超刺激 | 中国体育彩票 | 上中国体育彩票 | 彩用,ocr/input_videos\上海__五角场合生汇__20260824.mp4
OBS-001892,五角场合生汇,福奈特洗衣洗鞋,福奈特洗衣洗鞋,洗衣洗鞋,3.9,73,L1,rated,True,,rated,parsed,rating_anchor,0.9827,0.9998,51,18667,326.501,🌟🌟🌟🌟🌟 | L1 | 洗衣洗鞋￥73/人 | 3.9,福奈特洗衣洗鞋 | FORNET | 🌟🌟🌟🌟🌟 | L1 | 洗衣洗鞋￥73/人 | 3.9 | 上门取送 | 店员细致讲解，上门取衣送货到家超方便 | 4 | Since 1997 | ￥77￥88 | 任洗1件羽绒服/... | 惠 | 【到店洗衣】1 | ￥45￥50代金券 | 惠,ocr/input_videos\上海__五角场合生汇__20260824.mp4
OBS-001893,五角场合生汇,中国福利彩票,中国福利彩票,彩票,4.7,,B1,rated,True,,rated,parsed,rating_anchor,0.9998,0.9998,51,18667,326.501,B1 | 🌟🌟🌟⭐🌟 | 彩票 | 4.7,中国福利彩票 | 湘 | 中国福利客 | B1 | 🌟🌟🌟⭐🌟 | 彩票 | 4.7 | 彩票店里氛围好，爆奖体验超刺激”,ocr/input_videos\上海__五角场合生汇__20260824.mp4
OBS-001894,五角场合生汇,中国体育彩票,中国体育彩票,彩票,3.1,,L5,rated,True,,rated,parsed,rating_anchor,0.9977,1.0,52,18667,326.501,3.1彩票 | 🌟🌟🌟⭐⭐ | L5,中国体育彩票 | 中国体育彩票 | 3.1彩票 | 🌟🌟🌟⭐⭐ | L5 | 刮刮乐种类多，图个乐嘿嘿,ocr/input_videos\上海__五角场合生汇__20260824.mp4
OBS-001895,五角场合生汇,JUST·FOTO大头贴自助店,JUST·FOTO大头贴自助店,,3.9,54,B2,rated,True,,rated,missing,rating_anchor,0.982,0.982,51,18667,326.501,🌟🌟🌟🌟🌟 | B2 | 3.9 | 自拍/换装体验￥54/人,JUST·FOTO大头贴自助店 | JUST.FOTO | 🌟🌟🌟🌟🌟 | B2 | 3.9 | 自拍/换装体验￥54/人 | K | 杨浦区自拍换装销量榜第1名 | UST.FOTO | 潮流必拍强势装来 | ￥28.69.9折 | ￥29.9 | 新手小白必入一人. | 惠,ocr/input_videos\上海__五角场合生汇__20260824.mp4
OBS-001896,五角场合生汇,天真蓝照相馆,天真蓝照相馆,快照摄影,4.0,230,L2,rated,True,,rated,parsed,rating_anchor,0.9792,0.9931,52,18667,326.501,L2 | 快照摄影￥230/人 | 🌟🌟⭐⭐ | 4.0 | 1,天真蓝照相馆 | L2 | 快照摄影￥230/人 | 🌟🌟⭐⭐ | 4.0 | 1 | 点评榜单 | 杨浦区情侣约会去处榜第1名 | 环境轻松氛围好，拍照效果超赞,ocr/input_videos\上海__五角场合生汇__20260824.mp4
OBS-001897,五角场合生汇,福奈特洗衣洗鞋,福奈特洗衣洗鞋,洗衣洗鞋,3.9,73,L1,rated,True,,rated,parsed,rating_anchor,0.985,0.9999,51,18689,326.886,⭐🌟🌟🌟🌟 | L1 | 3.9 | 洗衣洗鞋￥73/人,福奈特洗衣洗鞋 | FORNET | ⭐🌟🌟🌟🌟 | L1 | 3.9 | 洗衣洗鞋￥73/人 | 上门取送 | 店员细致讲解，上门取衣送货到家超方便 | → | Since 1997 | ￥77￥88 | 任洗1件羽绒服/... | 惠 | 【到店洗衣】 | 惠 | ￥45￥50代金券,ocr/input_videos\上海__五角场合生汇__20260824.mp4
OBS-001898,五角场合生汇,中国福利彩票,中国福利彩票,彩票,4.7,,B1,rated,True,,rated,parsed,rating_anchor,0.9999,0.9999,52,18689,326.886,★★★4.7 | B1 | 彩票,中国福利彩票 | 中国福利体 | ★★★4.7 | B1 | 彩票 | 彩票店里氛围好，爆奖体验超刺激“,ocr/input_videos\上海__五角场合生汇__20260824.mp4
OBS-001899,五角场合生汇,中国体育彩票,中国体育彩票,彩票,3.1,,L5,rated,True,,rated,parsed,rating_anchor,0.9986,0.9999,52,18689,326.886,3.1彩票 | ⭐🌟★★★ | L5,中国体育彩票 | 中国体育彩票 | 3.1彩票 | ⭐🌟★★★ | L5 | 刮刮乐种类多，图个乐嘿嘿,ocr/input_videos\上海__五角场合生汇__20260824.mp4
OBS-001900,五角场合生汇,JUST·FOTO大头贴自助店,JUST·FOTO大头贴自助店,,3.9,54,B2,rated,True,,rated,missing,rating_anchor,0.9878,0.9878,51,18689,326.886,★★★★★ | B2 | 3.9 | 自拍/换装体验￥54/人,JUST·FOTO大头贴自助店 | JUST.FOTO | ★★★★★ | B2 | 3.9 | 自拍/换装体验￥54/人 | 杨浦区自拍换装销量榜第1名 | U8T.FOTO | 潮流必拍强势袭来 | ￥29.9新手小白必入一人. | ￥28.69.9折 | 惠,ocr/input_videos\上海__五角场合生汇__20260824.mp4
OBS-001901,五角场合生汇,天真蓝照相馆,天真蓝照相馆,快照摄影,4.0,230,L2,rated,True,,rated,parsed,rating_anchor,0.9716,0.9811,51,18689,326.886,L2 | 🌟🌟⭐🌟 | 快照摄影￥230/人 | 4.0,天真蓝照相馆 | 天再naive bue | 院 | L2 | 🌟🌟⭐🌟 | 快照摄影￥230/人 | 4.0 | 点评榜单 | 杨浦区情侣约会去处榜第1名 | 配配照 | 环境轻松氛围好，拍照效果超赞 | 证件照 | J | ￥179.99￥270身份证证件照·公安联... | 惠,ocr/input_videos\上海__五角场合生汇__20260824.mp4
OBS-001902,五角场合生汇,中国体育彩票,中国体育彩票,彩票,3.1,,L5,rated,True,,rated,parsed,rating_anchor,0.9999,0.9999,55,18832,329.387,L5 | 彩票 | 🌟🌟🌟 | ★★ | 3.1,中国体育彩票 | 中国体育彩票 | L5 | 彩票 | 🌟🌟🌟 | ★★ | 3.1 | 刮刮乐种类多，图个乐嘿嘿,ocr/input_videos\上海__五角场合生汇__20260824.mp4
OBS-001903,五角场合生汇,JUST·FOTO大头贴自助店,JUST·FOTO大头贴自助店,,3.9,54,B2,rated,True,,rated,missing,rating_anchor,0.9423,0.9423,57,18832,329.387,★🌟★🌟★ | B2 | 3.9 | 自拍/换装体验￥54/人,JUST·FOTO大头贴自助店 | JUST.FOTO | ★🌟★🌟★ | B2 | 3.9 | 自拍/换装体验￥54/人 | 银 | 杨浦区自拍换装销量榜第1名 | UST.EO.TO | 潮流必拍强势袭来 | ￥28.69.9折 | 新手小白必入一人. | ￥29.9 | 惠,ocr/input_videos\上海__五角场合生汇__20260824.mp4
OBS-001904,五角场合生汇,天真蓝照相馆,天真蓝照相馆,快照摄影,4.0,230,L2,rated,True,,rated,parsed,rating_anchor,0.969,0.9772,52,18832,329.387,L2 | 快照摄影￥230/人 | ★★★★ | 4.0 | -,天真蓝照相馆 | 天naive bhue | L2 | 快照摄影￥230/人 | ★★★★ | 4.0 | - | 点评榜单 | 杨浦区情侣约会去处榜第1名 | 配配照 | 环境轻松氛围好，拍照效果超赞 | 证件 | 心 | 5 | ￥179.99￥270身份证证件照·公安联.. | 惠,ocr/input_videos\上海__五角场合生汇__20260824.mp4
OBS-001905,五角场合生汇,旷真·刑事律师事务所·辩护·会见,旷真·刑事律师事务所·辩护·会见,,,,商场内,new_store,False,new_store,ocr_missing,missing,metadata_anchor,0.9801,0.9801,51,18832,329.387,商场内 | 新店 | 法律服务,旷真·刑事律师事务所·辩护·会见 | 1 | 第更 | 平台力荐 | 商场内 | 新店 | 法律服务 | 取保·无罪 | 缓刑·减刑 | 刑事护天花模 | ￥2.90.3折 | ￥2000 | 【到店咨询】一对. | 惠,ocr/input_videos\上海__五角场合生汇__20260824.mp4
OBS-001906,五角场合生汇,存金通上海五角场合生汇二店,存金通上海五角场合生汇二店,金银首饰回收,,,B1,unrated,False,explicitly_unrated,unrated,parsed,unrated_anchor,0.9995,0.9995,55,18832,329.387,金银首饰回收 | B1 | ★★★★★ | 暂无星级,存金通上海五角场合生汇二店 | 金银首饰回收 | B1 | ★★★★★ | 暂无星级 | 生活服务 | 自动提款机,ocr/input_videos\上海__五角场合生汇__20260824.mp4
OBS-001907,五角场合生汇,JUST·FOTO 大头贴自助店,JUST·FOTO大头贴自助店,,3.9,54,B2,rated,True,,rated,missing,rating_anchor,0.9626,0.9626,54,18865,329.965,自拍/换装体验￥54/人 | 🌟🌟🎉🌟🌟 | B2 | 3.9,JUST·FOTO 大头贴自助店 | JUST.FOTO | 自拍/换装体验￥54/人 | 🌟🌟🎉🌟🌟 | B2 | 3.9 | 杨浦区自拍换装销量榜第1名 | UST:FOTO | 潮流必拍强势荟来 | ￥28.69.9折 | ￥29.9 | 新手小白必入一人. | 惠,ocr/input_videos\上海__五角场合生汇__20260824.mp4
OBS-001908,五角场合生汇,天真蓝照相馆,天真蓝照相馆,快照摄影,4.0,230,L2,rated,True,,rated,parsed,rating_anchor,0.9752,0.9817,52,18865,329.965,⭐⭐ | L2 | 快照摄影￥230/人 | 4.0,天真蓝照相馆 | 买真meb | ⭐⭐ | L2 | 快照摄影￥230/人 | 4.0 | 点评榜单 | 杨浦区情侣约会去处榜第1名 | 限服照 | “环境轻松氛围好，拍照效果超赞 | 证件照 | ：55 | ￥179.99￥270身份证证件照·公安联.. | 惠,ocr/input_videos\上海__五角场合生汇__20260824.mp4
OBS-001909,五角场合生汇,旷真·刑事律师事务所·辩护·会见,旷真·刑事律师事务所·辩护·会见,,,,商场内,new_store,False,new_store,ocr_missing,missing,metadata_anchor,0.9806,0.9806,57,18865,329.965,新店 | 商场内 | 法律服务,旷真·刑事律师事务所·辩护·会见 | 平台力荐 | 新店 | 商场内 | 法律服务 | 取保·无罪 | 缓刑·减刑 | 刑事辩护天花板 | ￥2000 | 【到店咨询】一对. | ￥2.9 | 0.3折 | 惠,ocr/input_videos\上海__五角场合生汇__20260824.mp4
OBS-001910,五角场合生汇,存金通上海五角场合生汇二店,存金通上海五角场合生汇二店,金银首饰回收,,,B1,unrated,False,explicitly_unrated,unrated,parsed,unrated_anchor,0.9995,0.9992,57,18865,329.965,金银首饰回收 | ★★★★★ | 暂无星级 | B1,存金通上海五角场合生汇二店 | 金银首饰回收 | ★★★★★ | 暂无星级 | B1 | 生活服务,ocr/input_videos\上海__五角场合生汇__20260824.mp4
OBS-001911,五角场合生汇,自动提款机,自动提款机,ATM自助网点,,,L1,unrated,False,explicitly_unrated,unrated,parsed,unrated_anchor,0.998,0.9997,58,18865,329.965,暂无星级ATM自助网点 | L1 | 🌟🌟💥🌟,自动提款机 | 暂无星级ATM自助网点 | L1 | 🌟🌟💥🌟 | 生活服务,ocr/input_videos\上海__五角场合生汇__20260824.mp4
OBS-001912,五角场合生汇,天真蓝照相馆,天真蓝照相馆,快照摄影,4.0,230,L2,rated,True,,rated,parsed,rating_anchor,0.9763,0.9901,52,18975,331.889,🌟🌟🌟 | L2 | 快照摄影￥230/人 | 4.0,天真蓝照相馆 | 买真vob点的 | 🌟🌟🌟 | L2 | 快照摄影￥230/人 | 4.0 | 点评榜单 | 杨浦区情侣约会去处榜第1名 | M程照 | 证件题 | 环境轻松氛围好，拍照效果超赞 | J | ￥179.99￥270身份证证件照·公安联.. | 惠,ocr/input_videos\上海__五角场合生汇__20260824.mp4
OBS-001913,五角场合生汇,旷真·刑事律师事务所·辩护·会见,旷真·刑事律师事务所·辩护·会见,,,,商场内,new_store,False,new_store,ocr_missing,missing,metadata_anchor,0.9784,0.9784,54,18975,331.889,新店 | 商场内 | 法律服务,旷真·刑事律师事务所·辩护·会见 | sdgs | 平台力荐 | 新店 | 商场内 | 法律服务 | 取保·无罪 | 缓刑·减刑 | 刑事排护天花板 | ￥2.90.3折 | ￥2000 | 惠 | 【到店咨询】一对.,ocr/input_videos\上海__五角场合生汇__20260824.mp4
OBS-001914,五角场合生汇,存金通上海五角场合生汇二店,存金通上海五角场合生汇二店,金银首饰回收,,,B1,unrated,False,explicitly_unrated,unrated,parsed,unrated_anchor,0.9994,0.999,54,18975,331.889,暂无星级 | 金银首饰回收 | B1 | ★★★★★,存金通上海五角场合生汇二店 | 暂无星级 | 金银首饰回收 | B1 | ★★★★★ | 生活服务,ocr/input_videos\上海__五角场合生汇__20260824.mp4
OBS-001915,五角场合生汇,自动提款机,自动提款机,及ATM自助网点,,,L1,unrated,False,explicitly_unrated,unrated,parsed,unrated_anchor,0.9717,0.9997,53,18975,331.889,★★★★★ | L1 | 暂无星级 | 及ATM自助网点,自动提款机 | ★★★★★ | L1 | 暂无星级 | 及ATM自助网点 | 生活服务,ocr/input_videos\上海__五角场合生汇__20260824.mp4
OBS-001916,五角场合生汇,合生汇-停车场,合生汇-停车场,停车场,,,B2,unrated,False,explicitly_unrated,unrated,parsed,unrated_anchor,0.9991,0.9985,57,18975,331.889,停车场 | 暂无星级 | B2 | 🌟💥🌟🌟,合生汇-停车场 | 停车场 | 暂无星级 | B2 | 🌟💥🌟🌟 | 养车/用车,ocr/input_videos\上海__五角场合生汇__20260824.mp4
OBS-001917,五角场合生汇,天真蓝照相馆,天真蓝照相馆,快照摄影,4.0,230,L2,rated,True,,rated,parsed,rating_anchor,0.9801,0.9968,51,19019,332.658,L2 | 快照摄影￥230/人 | 🌟🌟🌟🌟 | 4.0,天真蓝照相馆 | 天真滋ràvo bue | L2 | 快照摄影￥230/人 | 🌟🌟🌟🌟 | 4.0 | 点评榜单 | 杨浦区情侣约会去处榜第1名 | 限限照 | 环境轻松氛围好，拍照效果超赞 | 证件照 | 心 | J5 | ￥179.99￥270身份证证件照·公安联... | 惠,ocr/input_videos\上海__五角场合生汇__20260824.mp4
OBS-001918,五角场合生汇,旷真·刑事律师事务所·辩护·会见,旷真·刑事律师事务所·辩护·会见,,,,商场内,new_store,False,new_store,ocr_missing,missing,metadata_anchor,0.9847,0.9847,54,19019,332.658,新店 | 商场内 | 法律服务,旷真·刑事律师事务所·辩护·会见 | 工2 | 嘉 | 平台力荐 | 新店 | 商场内 | 法律服务 | 取保·无罪 | 缓刑·减刑 | 刑事辩护天花板 | ￥2.90.3折 | ￥2000 | 【到店咨询】一对.. | 惠,ocr/input_videos\上海__五角场合生汇__20260824.mp4
OBS-001919,五角场合生汇,存金通上海五角场合生汇二店,存金通上海五角场合生汇二店,金银首饰回收,,,B1,unrated,False,explicitly_unrated,unrated,parsed,unrated_anchor,0.9994,0.9989,51,19019,332.658,B1 | ★🌟🌟 | 暂无星级 | 金银首饰回收,存金通上海五角场合生汇二店 | B1 | ★🌟🌟 | 暂无星级 | 金银首饰回收 | 生活服务,ocr/input_videos\上海__五角场合生汇__20260824.mp4
OBS-001920,五角场合生汇,自动提款机,自动提款机,及ATM自助网点,,,L1,unrated,False,explicitly_unrated,unrated,parsed,unrated_anchor,0.9912,0.9997,55,19019,332.658,暂无星级 | ★★★★★ | 及ATM自助网点 | L1,自动提款机 | 暂无星级 | ★★★★★ | 及ATM自助网点 | L1 | 生活服务,ocr/input_videos\上海__五角场合生汇__20260824.mp4
OBS-001921,五角场合生汇,合生汇-停车场,合生汇-停车场,停车场,,,B2,unrated,False,explicitly_unrated,unrated,parsed,unrated_anchor,0.9992,0.999,52,19019,332.658,停车场 | B2 | 暂无星级 | ★★★★★,合生汇-停车场 | 停车场 | B2 | 暂无星级 | ★★★★★ | 养车/用车 | 泰国斗鱼,ocr/input_videos\上海__五角场合生汇__20260824.mp4
OBS-001922,五角场合生汇,旷真·刑事律师事务所·辩护·会见,旷真·刑事律师事务所·辩护·会见,,,,商场内,new_store,False,new_store,ocr_missing,missing,metadata_anchor,0.9802,0.9802,57,19074,333.62,商场内 | 新店 | 法律服务,旷真·刑事律师事务所·辩护·会见 | 平台力荐 | 商场内 | 新店 | 法律服务 | 取保·无罪 | 缓刑·减刑 | 刑事护天花模 | ￥2000 | ￥2.9 | 0.3折 | 【到店咨询】一对. | 惠,ocr/input_videos\上海__五角场合生汇__20260824.mp4
OBS-001923,五角场合生汇,存金通上海五角场合生汇二店,存金通上海五角场合生汇二店,金银首饰回收,,,B1,unrated,False,explicitly_unrated,unrated,parsed,unrated_anchor,0.9996,0.9994,57,19074,333.62,🌟🌟🌟🌟🌟 | 暂无星级 | B1 | 金银首饰回收,存金通上海五角场合生汇二店 | 🌟🌟🌟🌟🌟 | 暂无星级 | B1 | 金银首饰回收 | 生活服务,ocr/input_videos\上海__五角场合生汇__20260824.mp4
OBS-001924,五角场合生汇,自动提款机,自动提款机,ATM自助网点,,,L1,unrated,False,explicitly_unrated,unrated,parsed,unrated_anchor,0.9985,0.9998,53,19074,333.62,★★★★★ | L1 | 暂无星级 | ATM自助网点,自动提款机 | ★★★★★ | L1 | 暂无星级 | ATM自助网点 | 生活服务,ocr/input_videos\上海__五角场合生汇__20260824.mp4
OBS-001925,五角场合生汇,合生汇-停车场,合生汇-停车场,停车场,,,B2,unrated,False,explicitly_unrated,unrated,parsed,unrated_anchor,0.9991,0.9987,55,19074,333.62,暂无星级 | 停车场 | B2 | ★★★★★,合生汇-停车场 | 暂无星级 | 停车场 | B2 | ★★★★★ | 养车/用车,ocr/input_videos\上海__五角场合生汇__20260824.mp4
OBS-001926,五角场合生汇,泰国斗鱼,泰国斗鱼,,,,B1,new_store,False,new_store,ocr_missing,missing,metadata_anchor,0.9971,0.9971,57,19074,333.62,新店 | 生活服务 | B1,泰国斗鱼 | 新店 | 生活服务 | B1 | 生活服务,ocr/input_videos\上海__五角场合生汇__20260824.mp4
OBS-001927,五角场合生汇,旷真·刑事律师事务所·辩护·会见,旷真·刑事律师事务所·辩护·会见,,,,商场内,new_store,False,new_store,ocr_missing,missing,metadata_anchor,0.9839,0.9839,57,19107,334.197,商场内 | 新店 | 法律服务,旷真·刑事律师事务所·辩护·会见 | 孔 | 上 | 平台力荐 | 商场内 | 新店 | 法律服务 | 取保·无罪 | 缓刑·减刑 | 刑事护天花板 | ￥2.9 | ￥2000 | 0.3折 | 【到店咨询】一对.. | 惠,ocr/input_videos\上海__五角场合生汇__20260824.mp4
OBS-001928,五角场合生汇,存金通上海五角场合生汇二店,存金通上海五角场合生汇二店,金银首饰回收,,,B1,unrated,False,explicitly_unrated,unrated,parsed,unrated_anchor,0.9996,0.9995,59,19107,334.197,暂无星级 | B1 | ★★★★ | 金银首饰回收,存金通上海五角场合生汇二店 | 暂无星级 | B1 | ★★★★ | 金银首饰回收 | 生活服务,ocr/input_videos\上海__五角场合生汇__20260824.mp4
OBS-001929,五角场合生汇,自动提款机,自动提款机,ATM自助网点,,,L1,unrated,False,explicitly_unrated,unrated,parsed,unrated_anchor,0.9986,0.9997,58,19107,334.197,★★★★★ | 暂无星级 | L1 | ATM自助网点,自动提款机 | ★★★★★ | 暂无星级 | L1 | ATM自助网点 | 生活服务,ocr/input_videos\上海__五角场合生汇__20260824.mp4
OBS-001930,五角场合生汇,合生汇-停车场,合生汇-停车场,停车场,,,B2,unrated,False,explicitly_unrated,unrated,parsed,unrated_anchor,0.9993,0.999,55,19107,334.197,暂无星级 | 停车场 | B2 | ★★★★★,合生汇-停车场 | 暂无星级 | 停车场 | B2 | ★★★★★ | 养车/用车,ocr/input_videos\上海__五角场合生汇__20260824.mp4
OBS-001931,五角场合生汇,泰国斗鱼,泰国斗鱼,,,,B1,new_store,False,new_store,ocr_missing,missing,metadata_anchor,0.9964,0.9964,57,19107,334.197,生活服务 | 新店 | B1,泰国斗鱼 | 生活服务 | 新店 | B1 | 生活服务 | 已经到底啦~,ocr/input_videos\上海__五角场合生汇__20260824.mp4
OBS-001932,五角场合生汇,旷真·刑事律师事务所·辩护·会见,旷真·刑事律师事务所·辩护·会见,,,,商场内,new_store,False,new_store,ocr_missing,missing,metadata_anchor,0.9831,0.9831,57,19118,334.39,新店 | 商场内 | 法律服务,旷真·刑事律师事务所·辩护·会见 | 1 | 孔 | 平台力荐 | 新店 | 商场内 | 法律服务 | 取保·无罪 | 缓刑·减刑 | 刑事护天花板 | ￥2.9 | ￥2000 | 0.3折 | 【到店咨询】一对.. | 惠,ocr/input_videos\上海__五角场合生汇__20260824.mp4
OBS-001933,五角场合生汇,存金通上海五角场合生汇二店,存金通上海五角场合生汇二店,金银首饰回收,,,B1,unrated,False,explicitly_unrated,unrated,parsed,unrated_anchor,0.9997,0.9997,59,19118,334.39,🌟🌟🌟🌟🌟 | 暂无星级 | 金银首饰回收 | B1,存金通上海五角场合生汇二店 | 🌟🌟🌟🌟🌟 | 暂无星级 | 金银首饰回收 | B1 | 生活服务,ocr/input_videos\上海__五角场合生汇__20260824.mp4
OBS-001934,五角场合生汇,自动提款机,自动提款机,ATM自助网点,,,L1,unrated,False,explicitly_unrated,unrated,parsed,unrated_anchor,0.9986,0.9997,58,19118,334.39,L1 | ★★★★★ | ATM自助网点 | 暂无星级,自动提款机 | L1 | ★★★★★ | ATM自助网点 | 暂无星级 | 生活服务,ocr/input_videos\上海__五角场合生汇__20260824.mp4
OBS-001935,五角场合生汇,合生汇-停车场,合生汇-停车场,停车场,,,B2,unrated,False,explicitly_unrated,unrated,parsed,unrated_anchor,0.9993,0.999,55,19118,334.39,暂无星级 | 停车场 | B2 | ★★★★★,合生汇-停车场 | 暂无星级 | 停车场 | B2 | ★★★★★ | 养车/用车,ocr/input_videos\上海__五角场合生汇__20260824.mp4
OBS-001936,五角场合生汇,泰国斗鱼,泰国斗鱼,,,,B1,new_store,False,new_store,ocr_missing,missing,metadata_anchor,0.9967,0.9967,57,19118,334.39,生活服务 | 新店 | B1,泰国斗鱼 | 生活服务 | 新店 | B1 | 生活服务 | 已经到底啦~,ocr/input_videos\上海__五角场合生汇__20260824.mp4
