card_id,mall_name,merchant_name_raw,merchant_name_normalized,category_raw,rating,avg_price_yuan,floor_location,card_type,research_eligible,exclusion_reason,rating_status,category_status,detection_method,ocr_confidence,title_score,title_height,observations,name_variants,first_seen_sec,last_seen_sec,evidence_image,source_video,all_text,metadata_text,review_status,review_reason
CARD-0001,五角场合生汇,禧粵魚撈·斑魚海鮮粥火鍋,禧粤鱼捞·斑鱼海鲜粥火锅,粤菜馆,4.7,120,L2,rated,True,,rated,parsed,rating_anchor,0.9747,0.9882,50,4,禧粵魚撈·斑魚海鮮粥火鍋,0.19,4.62,evidence/card_0001.jpg,ocr/input_videos\上海__五角场合生汇__20260824.mp4,禧粵魚撈·斑魚海鮮粥火鍋 | L2 | 🌟🌟🌟⭐🌟 | 粤菜馆￥120/人 | 4.7 | 点评榜单 | 上海粤菜好评榜第1名 | 15:00休息 | “海鲜粥鲜美浓郁，服务热情周到” | ￥19.9 | ￥36 | 5.6折 | 【浪涌鲜】生蚝(. | 惠 | ￥459折 | ￥50 | 惠 | 【超值优惠】50元代金券,L2 | 🌟🌟🌟⭐🌟 | 粤菜馆￥120/人 | 4.7,结构完整,
CARD-0002,五角场合生汇,醉庐·新上海菜,醉庐·新上海菜,本帮菜,4.8,122,L2,rated,True,,rated,parsed,rating_anchor,0.9658,0.9636,52,4,醉庐·新上海菜,0.19,6.35,evidence/card_0002.jpg,ocr/input_videos\上海__五角场合生汇__20260824.mp4,醉庐·新上海菜 | 🌟🌟⭐⭐🌟 | L2 | 4.8本帮菜￥122/人 | 醉庐 | 点评榜单 | 上海本帮菜回头客榜第1名 | ZUILU BANOUET | 休息中 | 聚餐首选，服务周到，味道超赞 | 53 | ￥16冻柠茶 | 6.2折 | ￥9.9 | 惠 | ￥959.5折 | ￥100 | 惠 | 【结账必用】100元..,🌟🌟⭐⭐🌟 | L2 | 4.8本帮菜￥122/人,结构完整,
CARD-0003,五角场合生汇,咏發顺德海鲜大排档,咏发顺德海鲜大排档,顺德菜,4.6,95,B2,rated,True,,rated,parsed,rating_anchor,0.9725,0.9779,54,4,咏發顺德海鲜大排档,0.19,4.62,evidence/card_0003.jpg,ocr/input_videos\上海__五角场合生汇__20260824.mp4,咏發顺德海鲜大排档 | 龙蓬料理 | 咏發 | 🌟🌟⭐⭐🌟 | B2 | 4.6顺德菜￥95/人 | 点评榜单 | 顺德海鲜大排檔 | 杨浦区粤菜热门榜第1名 | 休息中 | ￥19暴打柠檬茶 | 惠 | 6.8折 | ￥12.9 | ￥50 | 9.7折 | ￥48.5 | 惠 | 【结账必用】50元代...,🌟🌟⭐⭐🌟 | B2 | 4.6顺德菜￥95/人,结构完整,
CARD-0004,五角场合生汇,点都德,点都德,粤式茶点,4.6,102,L6,rated,True,,rated,parsed,rating_anchor,0.986,0.9998,66,6,点都德,0.19,6.35,evidence/card_0004.jpg,ocr/input_videos\上海__五角场合生汇__20260824.mp4,点都德 | 點都德 | ⭐4.6 | L6 | 粤式茶点￥102/人 | 点评榜单 | 上海粤菜回头客榜第1名 | 传统方式现场制作 | 招牌菜品，远近闻名 | ￥100 | ￥959.5折 | 【全天可用】100元... | 惠,⭐4.6 | L6 | 粤式茶点￥102/人,结构完整,
CARD-0005,五角场合生汇,牛小新烧肉·和牛放题,牛小新烧肉·和牛放题,烤肉自助,4.4,187,B2,rated,True,,rated,parsed,rating_anchor,0.9857,0.9728,48,1,牛小新烧肉·和牛放题,2.89,2.89,evidence/card_0005.jpg,ocr/input_videos\上海__五角场合生汇__20260824.mp4,牛小新烧肉·和牛放题 | 牛小新 | B2 | 🌟🌟🌟🌟 | BBW | 4.4烤肉自助 | ￥187/人 | 点评榜单 | 上海烤肉自助好评榜第2名 | 15:00休息 | ￥347.828.8折 | 惠 | ￥398 | 【双人】安格斯...,B2 | 🌟🌟🌟🌟 | 4.4烤肉自助 | ￥187/人,建议复核,single_observation
CARD-0006,五角场合生汇,淳粵·新广府菜,淳粤·新广府菜,广州菜,4.4,135,L5,rated,True,,rated,parsed,rating_anchor,0.9594,0.949,51,4,淳粤·新广府菜 | 淳粵·新广府菜,2.89,5.19,evidence/card_0006.jpg,ocr/input_videos\上海__五角场合生汇__20260824.mp4,淳粵·新广府菜 | 盛夏尝鲜 | 🌟🌟⭐ | L5 | 4.4广州菜￥135/人 | 点评榜单 | 79#100% | 上海广州菜销量榜第6名 | 休息中 | 粤味 | ￥486 | ￥268 | 5.6折 | 惠 | 【星厨推荐】招牌... | ￥95 | 惠 | 9.5折 | ￥100100元代金券,🌟🌟⭐ | L5 | 4.4广州菜￥135/人,结构完整,
CARD-0007,五角场合生汇,大树餐厅,大树餐厅,粤菜馆,4.4,106,L5,rated,True,,rated,parsed,rating_anchor,0.9823,0.9941,57,4,大树餐厅,5.19,8.08,evidence/card_0007.jpg,ocr/input_videos\上海__五角场合生汇__20260824.mp4,大树餐厅 | THe TREE | 🌟🌟🌟🌟 | L5 | 4.4粤菜馆￥106/人 | ★ | 点评榜单 | 杨浦区粤菜热门榜第4名 | “创意粤菜，奇妙搭配” | ￥2908.4折 | ￥348 | 惠 | 【招牌必点】随心.,🌟🌟🌟🌟 | L5 | 4.4粤菜馆￥106/人 | ★,结构完整,
CARD-0008,五角场合生汇,池奈·咖喱蛋包饭,池奈·咖喱蛋包饭,日本料理,3.9,41,B2,rated,True,,rated,parsed,rating_anchor,0.9728,0.9888,51,6,池奈·咖喱蛋包饭,5.77,9.43,evidence/card_0008.jpg,ocr/input_videos\上海__五角场合生汇__20260824.mp4,KEEPSN | 池奈·咖喱蛋包饭 | B2 | 🌟🌟🎉🌟★ | 3.9 | 日本料理￥41/人 | 点评榜单 | 五角场/大学路日本料理销量榜第9名 | ￥3.9 | 4.9折 | ￥8南瓜可乐饼 | 惠 | ￥49 | 9.8折 | 惠 | ￥5050元代金券,B2 | 🌟🌟🎉🌟★ | 3.9 | 日本料理￥41/人,结构完整,
CARD-0009,五角场合生汇,厚贞日式烤肉,厚贞日式烤肉,日式烧烤/烤肉,4.9,145,L2,rated,True,,rated,parsed,rating_anchor,0.9746,0.9989,51,5,厚贝日式烤肉 | 厚贞日式烤肉,8.08,10.77,evidence/card_0009.jpg,ocr/input_videos\上海__五角场合生汇__20260824.mp4,厚贞日式烤肉 | 光吃榜松露 | 橫膈膜 | ⭐🌟⭐⭐🎉4.9 | 日式烧烤/烤肉￥145/人L2 | 必吃榜 | 2026年上榜餐厅 | “烤肉味道超赞，秒杀隔壁三胖子” | ￥3698.9折 | 惠 | ￥419厚贞爆款2人情侣套餐,⭐🌟⭐⭐🎉4.9 | 日式烧烤/烤肉￥145/人L2,结构完整,
CARD-0010,五角场合生汇,MOST最洋食·亚洲创意料理,MOST最洋食·亚洲创意料理,特色菜,4.1,90,L4,rated,True,,rated,parsed,rating_anchor,0.9798,0.9858,51,5,MOST最洋食·亚洲创意料理,8.08,10.77,evidence/card_0010.jpg,ocr/input_videos\上海__五角场合生汇__20260824.mp4,MOST最洋食·亚洲创意料理 | MgST | ⭐🌟⭐⭐ | 4.1特色菜￥90/人 | L4 | 点评榜单 | 新品正桌 | 杨浦区特色菜热门榜第2名 | 金营业 | 《 | 错过这款美食，会后悔一整年 | ￥3.8 | 2.2折 | ￥18MOST最洋食联合Se... | 惠,⭐🌟⭐⭐ | 4.1特色菜￥90/人 | L4,结构完整,
CARD-0011,五角场合生汇,争鲜回转寿司,争鲜回转寿司,日本料理,3.9,71,B2,rated,True,,rated,parsed,rating_anchor,0.9818,0.9984,54,5,争鲜回转寿司,8.27,12.12,evidence/card_0011.jpg,ocr/input_videos\上海__五角场合生汇__20260824.mp4,争鲜的人 | 争鲜回转寿司 | 快来争挪威 | B2 | 🌟🌟🌟🌟🌟 | 3.9 | 日本料理￥71/人 | 的鲜 | 点评镑单 | 五角场/大学路日本料理打卡人气榜第8名 | 爭鮮 | 非常好的评价，性价比非常高 | “ | ￥97.5折 | 惠 | ￥12 | 【到店必点】三文鱼寿司 | ￥57.99.7折 | ￥60 | 惠 | 【工作日专享】60元..,B2 | 🌟🌟🌟🌟🌟 | 3.9 | 日本料理￥71/人,结构完整,
CARD-0012,五角场合生汇,炙柒Sekinana·精致日料,炙柒Sekinana·精致日料,日本料理,4.7,148,L5,rated,True,,rated,parsed,rating_anchor,0.9645,0.9654,53,3,炙柒Sekinana·精致日料,10.77,12.12,evidence/card_0012.jpg,ocr/input_videos\上海__五角场合生汇__20260824.mp4,炙柒Sekinana·精致日料 | L5 | 🌟🌟⭐🌟4.7 | 日本料理￥148/人 | M | 点评榜单 | 上海日式料理打卡人气榜第1名 | Sekinana | 休息中 | 口味服务双好评，必吃榜名不虚传 | “ | ￥4.8 | 4折 | 惠 | ￥12轻享·单杯可尔比思 | ￥989.8折 | 惠 | ￥100100元代金券,L5 | 🌟🌟⭐🌟4.7 | 日本料理￥148/人,结构完整,
CARD-0013,五角场合生汇,鮨士道寿司,鮨士道寿司,寿司,4.0,51,B2,rated,True,,rated,parsed,rating_anchor,0.9765,0.9917,55,3,鮨士道寿司,10.77,12.12,evidence/card_0013.jpg,ocr/input_videos\上海__五角场合生汇__20260824.mp4,鮨士道寿司 | 熊大道 | RSYISHIP | 联GYISHI | 🌟🌟⭐⭐ | 4.0寿司￥51/人 | B2 | 点评榜单 | 杨浦区寿司好评榜第3名 | 看得见的好口味，干净整洁环境 | 中华寿司·手工现做 | “ | ￥395.8折 | 惠 | ￥68超值单人套餐（10颗）,🌟🌟⭐⭐ | 4.0寿司￥51/人 | B2,结构完整,
CARD-0014,五角场合生汇,尹鲜回牧寿可,尹鲜回牧寿可,日本料理,3.9,71,B2,rated,True,,rated,parsed,rating_anchor,0.8131,0.6575,34,1,尹鲜回牧寿可,11.54,11.54,evidence/card_0014.jpg,ocr/input_videos\上海__五角场合生汇__20260824.mp4,崇鲜 | 尹鲜回牧寿可 | B2 | 🌟🌟⭐🌟🌟 | 的鲜 | 日本料理￥71/人 | 3.9 | 点评榜单 | 五角场/大学路日本料理打卡人气榜第8名 | 争鮮 | 非常好的评价，性价比非常高 | “ | ￥12 | ￥97.5折 | 惠 | 【到店必点】三文鱼寿司 | ￥57.99.7折 | 惠 | 【工作日专享】60元.. | ￥60,B2 | 🌟🌟⭐🌟🌟 | 日本料理￥71/人 | 3.9,建议复核,single_observation | low_title_confidence
CARD-0015,五角场合生汇,KCOOKING概念韩餐,KCOOKING概念韩餐,韩式料理,4.2,110,L4,rated,True,,rated,parsed,rating_anchor,0.987,0.9965,51,9,KCOOKING概念韩餐,11.54,59.64,evidence/card_0015.jpg,ocr/input_videos\上海__五角场合生汇__20260824.mp4,KCOOKING概念韩餐 | ⭐🌟★⭐⭐ | L4 | 4.2韩式料理￥110/人 | 点评榜单 | 杨浦区韩式料理热门榜第1名 | Return. | □感绝佳，环境优雅，服务一流” | “ | ￥24.57折 | 惠 | ￥35招牌年糕雪冰 | ￥47.5 | 惠 | 9.5折 | ￥5050元代金券,⭐🌟★⭐⭐ | L4 | 4.2韩式料理￥110/人,结构完整,
CARD-0017,五角场合生汇,大神太神·铁板烧,大神太神·铁板烧,日式铁板烧,4.2,126,L4,rated,True,,rated,parsed,rating_anchor,0.9776,0.9886,51,4,大神太神·铁板烧,13.47,16.16,evidence/card_0017.jpg,ocr/input_videos\上海__五角场合生汇__20260824.mp4,极勒颜 | 大神太神·铁板烧 | 🌟🌟🌟🌟 | L4 | 4.2 | 日式铁板烧￥126/人 | ★ | 点评榜单 | 上海日式铁板烧好评榜第2名 | 服务态度一流，推荐大家来品尝 | ￥7.94 | 4折 | ￥20松饼冰淇淋 | 惠 | ￥969.6折 | 惠 | ￥100100元代金券,🌟🌟🌟🌟 | L4 | 4.2 | 日式铁板烧￥126/人 | ★,结构完整,
CARD-0018,五角场合生汇,味千拉面,味千拉面,日式面条,3.6,47,B2,rated,True,,rated,parsed,rating_anchor,0.9588,0.9763,63,8,味千拉面,13.47,17.89,evidence/card_0018.jpg,ocr/input_videos\上海__五角场合生汇__20260824.mp4,味千拉面 | 一碗5色， | 酸辣一夏 | 3.6日式面条￥47/人 | B2 | ￥49.99.8折 | 惠 | ￥51 | 【热销】经典四选一,3.6日式面条￥47/人 | B2,结构完整,
CARD-0019,五角场合生汇,贵Guui,贵Guui,贵州菜黔菜,4.4,118,L5,rated,True,,rated,parsed,rating_anchor,0.9895,0.9986,58,12,贵Guui,16.16,59.64,evidence/card_0019.jpg,ocr/input_videos\上海__五角场合生汇__20260824.mp4,贵Guui | 🌟🌟🌟🌟 | 4.4贵州菜黔菜￥118/人 | L5 | 点评榜单 | 杨浦区贵州菜黔菜热门榜第1名 | 贵州口味正宗，服务贴心周到 | ￥21.9 | 6.9折 | ￥32 | 【时令风味】贵州冰.. | 惠 | ￥959.5折 | 惠 | ￥100100元代金券,🌟🌟🌟🌟 | 4.4贵州菜黔菜￥118/人 | L5,结构完整,
CARD-0020,五角场合生汇,安又胖韩国烤肉,安又胖韩国烤肉,韩式烤肉,4.4,110,L2,rated,True,,rated,parsed,rating_anchor,0.9873,0.9993,54,8,安又胖韩国烤肉,16.16,19.82,evidence/card_0020.jpg,ocr/input_videos\上海__五角场合生汇__20260824.mp4,安又胖韩国烤肉 | L2 | 🌟🌟🌟🎉 | 4.4韩式烤肉￥110/人 | 安又胖 | 点评榜单 | 杨浦区烤肉销量榜第2名 | 特式州内料理 | 唤醒味蕾的秘密武器 | “ | ￥29.97.7折 | 惠 | ￥39 | 【夏季上新】济州岛.. | ￥47.59.5折 | ￥50 | 【帮你省薪】50元代.. | 惠,L2 | 🌟🌟🌟🎉 | 4.4韩式烤肉￥110/人,结构完整,
CARD-0021,五角场合生汇,北丐先生·野馄饨烧烤,北丐先生·野馄饨烧烤,烤串,3.9,65,商场内,rated,True,,rated,parsed,rating_anchor,0.9705,0.9836,48,9,北丐先生·野馄饨烧烤,16.35,21.36,evidence/card_0021.jpg,ocr/input_videos\上海__五角场合生汇__20260824.mp4,北丐先生·野馄饨烧烤 | Mr.Beigai | 北巧先生 | 商场内 | 3.9烤串￥65/人 | 🌟🌟🌟🌟🌟 | 野馄饨·烧烤 | 点评榜单 | 杨浦区烧烤烤串销量榜第1名 | 全国门店150+ | 麻辣刺激，回味无穷 | 5.2折 | ￥10.1| | ￥19.8烧烤快乐水 | 惠 | ￥459折 | ￥50 | 惠 | 【前台买券】50元代金券,商场内 | 3.9烤串￥65/人 | 🌟🌟🌟🌟🌟,结构完整,
CARD-0022,五角场合生汇,西塔老太太泥炉烤肉,西塔老太太泥炉烤肉,韩式烤肉,4.6,128,L5,rated,True,,rated,parsed,rating_anchor,0.9831,0.9999,53,9,西塔老太太泥炉烤肉,19.24,24.63,evidence/card_0022.jpg,ocr/input_videos\上海__五角场合生汇__20260824.mp4,西塔老太太泥炉烤肉 | 西 | L5 | 🌟🌟🎉🌟🌟 | 韩式烤肉￥128/人 | 4.6 | 个17 | 点评榜单 | 杨浦区烤肉回头客榜第2名 | 西塔王牛排 | 重休息中 | 肉质鲜美，性价比高，服务贴心 | 3 | 5 | ￥2745.6折 | ￥491 | 【经典】精品2人烤.. | 惠 | ￥797.9折 | ￥100 | 惠 | 【午市】100元代金券,L5 | 🌟🌟🎉🌟🌟 | 韩式烤肉￥128/人 | 4.6,结构完整,
CARD-0023,五角场合生汇,塔哈尔·毡房行,塔哈尔·毡房行,新疆菜,4.6,91,L4,rated,True,,rated,parsed,rating_anchor,0.972,0.9873,51,12,塔哈尔·毡房行,19.43,61.76,evidence/card_0023.jpg,ocr/input_videos\上海__五角场合生汇__20260824.mp4,塔哈尔·毡房行 | L4 | 🌟🌟⭐🌟 | 4.6 | 新疆菜￥91/人 | 行 | 点评榜单 | 杨浦区新疆菜销量榜第1名 | 新疆风情浓郁” | ￥10.54.1折 | 惠 | ￥26特色Ⅱ牛奶饭冰淇淋 | ￥94.59.5折 | 惠 | ￥100100元代金券,L4 | 🌟🌟⭐🌟 | 4.6 | 新疆菜￥91/人,结构完整,
CARD-0024,五角场合生汇,牛New寿喜烧,牛New寿喜烧,寿喜锅/烧..,4.6,177,B2,rated,True,,rated,parsed,rating_anchor,0.9678,0.998,50,7,牛New寿喜烧,20.78,25.59,evidence/card_0024.jpg,ocr/input_videos\上海__五角场合生汇__20260824.mp4,牛New寿喜烧 | 洁蒸梭子蟹 | 吃 | 🌟🌟🌟🌟🌟 | ￥177/人B2 | 4.6寿喜锅/烧.. | 蒜蓉生蚝 | 畅吃 | 点评榜单 | 杨浦区自助餐好评榜第3名 | H | 休息中 | 味雪芭 | ￥159 | ￥155.59.8折 | 【吃肉自由】哈. | 惠,🌟🌟🌟🌟🌟 | ￥177/人B2 | 4.6寿喜锅/烧..,结构完整,
CARD-0025,五角场合生汇,五角场凯悦·中厨房,五角场凯悦·中厨房,本帮菜,4.8,246,L6,rated,True,,rated,parsed,rating_anchor,0.9554,0.9681,55,7,五角场凯悦·中厨房 | 五角场凯悦·中廚房,23.47,27.13,evidence/card_0025.jpg,ocr/input_videos\上海__五角场合生汇__20260824.mp4,五角场凯悦·中厨房 | A2 | HYATTREGENCY | 中厨房 | 4.8本帮菜￥246/人 | L6 | 点评榜单 | 五角场/大学路江浙菜环境榜第1名 | 私房帮 | 谢纱楼 | 休息中 | 环境简约雅致，服务热情专业” | ￥3185.4折 | ￥599 | 惠 | 中厨房大厅午或晚...,4.8本帮菜￥246/人 | L6,结构完整,
CARD-0026,五角场合生汇,一绪に寿喜烧放题,一绪に寿喜烧放题,自助餐,4.6,182,L3,rated,True,,rated,parsed,rating_anchor,0.984,0.9955,51,4,一绪に寿喜烧放题,25.59,27.13,evidence/card_0026.jpg,ocr/input_videos\上海__五角场合生汇__20260824.mp4,一绪に寿喜烧放题 | 🌟🌟🌟🌟🌟 | L3 | 自助餐￥182/人 | 4.6 | 点评榜单 | 梭子蟹 | 上海自助餐好评榜第1名 | 开沐息中 | 招牌寿喜锅，独特浓郁，环境优美” | ￥1387.8折 | 畅吃雪花牛上脑\工.. | 惠 | ￥178,🌟🌟🌟🌟🌟 | L3 | 自助餐￥182/人 | 4.6,结构完整,
CARD-0027,五角场合生汇,椰庭·椰子鸡·老爸茶,椰庭·椰子鸡·老爸茶,椰子鸡火锅,4.3,120,L5,rated,True,,rated,parsed,rating_anchor,0.9734,0.9735,51,5,椰庭·椰子鸡·老爸茶,25.59,28.48,evidence/card_0027.jpg,ocr/input_videos\上海__五角场合生汇__20260824.mp4,制主 | 椰庭·椰子鸡·老爸茶 | 菠萝蜜椰子鸡 | L5 | 限时尝鲜 | 4.3椰子鸡火锅￥120/人 | ★★★★ | 点评榜单 | 五角场/大学路火锅销量榜第6名 | “沉浸式海边体验” | ￥18.9 | ￥23.9好吃的宝宝餐|番茄... | 8折 | 惠 | ￥989.8折 | 惠 | ￥100100元代金券,L5 | 4.3椰子鸡火锅￥120/人 | ★★★★,结构完整,
CARD-0028,五角场合生汇,锦府园·新台州菜,锦府园·新台州菜,浙菜,4.8,156,L5,rated,True,,rated,parsed,rating_anchor,0.972,0.9791,51,7,锦府园·新台州菜,26.36,30.01,evidence/card_0028.jpg,ocr/input_videos\上海__五角场合生汇__20260824.mp4,锦府园·新台州菜 | L5 | ★★★★★ | 4.8浙菜￥156/人 | 锦府园 | 点评榜单 | 杨浦区浙菜热门榜第1名 | +新州+ | 休息中 | 优质服务与菜品，长寿面大赞 | 占 | ￥3277.3折 | ￥453锦府园经典双人餐 | 惠 | ￥88 | 8.8折 | 惠 | ￥100100元代金券,L5 | ★★★★★ | 4.8浙菜￥156/人,结构完整,
CARD-0029,五角场合生汇,时春·食春,时春·食春,淮扬菜,4.5,85,L4,rated,True,,rated,parsed,rating_anchor,0.9715,0.978,59,8,时春·食春,26.36,31.17,evidence/card_0029.jpg,ocr/input_videos\上海__五角场合生汇__20260824.mp4,时春·食春 | L4 | 🌟🌟🌟🌟🌟 | 4.5淮扬菜￥85/人 | 时春 | 点评镑单 | 杨浦区淮扬菜好评榜第2名 | 在上海的淮扬菜 | “扬州狮子头清口鲜甜” | ￥899.5折 | ￥94 | 惠 | 【香约江南】葱油莴笋... | ￥99 | 9.9折 | 惠 | ￥100100元代金券,L4 | 🌟🌟🌟🌟🌟 | 4.5淮扬菜￥85/人,结构完整,
CARD-0030,五角场合生汇,浦题·海蒸汇蒸汽海鲜自助,浦题·海蒸汇蒸汽海鲜自助,海鲜自助,4.4,267,L3,rated,True,,rated,parsed,rating_anchor,0.9746,0.989,51,6,浦题·海蒸汇 蒸汽海鲜自助 | 浦题·海蒸汇蒸汽海鲜自助,28.48,31.55,evidence/card_0030.jpg,ocr/input_videos\上海__五角场合生汇__20260824.mp4,浦题·海蒸汇蒸汽海鲜自助 | 1周年庆 | 🌟🌟🌟⭐ | L3 | 4.4海鲜自助￥267/人 | 1· | 点评榜单 | 杨浦区自助餐热门榜第1名 | 休息中 | 海鲜现捞，口感鲜美，环境舒适 | 活含 | ￥2987折 | ￥428 | 惠 | 【周年庆晚市及周末...,🌟🌟🌟⭐ | L3 | 4.4海鲜自助￥267/人,结构完整,
CARD-0031,五角场合生汇,是隆潞船面,是隆潞船面,面馆,4.1,52,B2,rated,True,,rated,parsed,rating_anchor,0.9729,0.9801,52,9,是隆潞船面,29.05,113.32,evidence/card_0031.jpg,ocr/input_videos\上海__五角场合生汇__20260824.mp4,泰国街边 | 是隆潞船面 | 地道美食 | B2 | 4.1面馆￥52/人 | ⭐🌟⭐🌟 | ★ | 点评榜单 | 杨浦区面馆热门榜第1名 | 厂告 | ￥44.89.4折 | ￥48silom特色嫩牛船面 | 惠,B2 | 4.1面馆￥52/人 | ⭐🌟⭐🌟 | ★,结构完整,
CARD-0032,五角场合生汇,满陇山房·天麻火腿土鸡煲·家烧膏,满陇山房·天麻火腿土鸡煲·家烧膏,私房菜,4.8,117,L4,rated,True,,rated,parsed,rating_anchor,0.9611,0.9908,53,5,满陇山房·天麻火腿土鸡煲·家烧膏 | 满陇山房·天麻火腿土鸡煲·家烧膏. | 满陇山房·天麻火腿土鸡煲·家烧膏.. | 满陇山房·天麻火腿土鸡煲·家烧膏...,31.17,33.67,evidence/card_0032.jpg,ocr/input_videos\上海__五角场合生汇__20260824.mp4,满陇山房·天麻火腿土鸡煲·家烧膏 | 印 | 满麗 | 4.8私房菜￥117/人 | L4 | 序 | 点评榜单 | TOP1 | 杨浦区私房菜热门榜第1名 | 休息中 | 服务态度热情，口味很不错 | ￥9.9 | 3.6折 | ￥28 | 惠 | 宝相慕斯甜品1份 | ￥100 | ￥97 | 9.7折 | 惠 | 【结账必用】100元.,4.8私房菜￥117/人 | L4,结构完整,
CARD-0033,五角场合生汇,黔山婆·地道贵州菜,黔山婆·地道贵州菜,特色菜,4.4,110,L4,rated,True,,rated,parsed,rating_anchor,0.9783,0.9853,48,4,黔山婆·地道贵州菜,31.55,33.67,evidence/card_0033.jpg,ocr/input_videos\上海__五角场合生汇__20260824.mp4,黔山婆·地道贵州菜 | 山目 | 山野好食材” | “间烟火味 | 4.4特色菜￥110/人 | 🌟🌟⭐ | L4 | ★ | 点评榜单 | 杨浦区特色菜打卡人气榜第1名 | 服务环境好评如潮 | ￥32 | 惠 | 6.7折 | ￥48单人冰淇淋玉米粑粑 | ￥989.8折 | 惠 | ￥100100元代金券,4.4特色菜￥110/人 | 🌟🌟⭐ | L4 | ★,结构完整,
CARD-0034,五角场合生汇,南里山房·新淮扬菜,南里山房·新淮扬菜,淮扬菜,4.8,126,L5,rated,True,,rated,parsed,rating_anchor,0.9721,0.9792,47,6,南里山房·新淮扬菜,31.55,34.63,evidence/card_0034.jpg,ocr/input_videos\上海__五角场合生汇__20260824.mp4,南里山房·新淮扬菜 | 南里山房 | L5 | ⭐⭐⭐★⭐4.8 | 淮扬菜￥126/人 | 奔赴奇妙 | 点评榜单 | 杨浦区江浙菜打卡人气榜第1名 | 迪上尼小集店盛大启享 | 休息中 | 热情服务，泉水牛肉高品质 | 53 | 6.6折 | ￥10.5 | ￥16 | 杨梅汁 | 惠 | 惠 | ￥42.5 | ￥5050元代金券 | 8.5折,L5 | ⭐⭐⭐★⭐4.8 | 淮扬菜￥126/人,结构完整,
CARD-0036,五角场合生汇,CRAZYONES西班牙海鲜饭,CRAZYONES西班牙海鲜饭,西班牙菜,4.4,100,L5,rated,True,,rated,parsed,rating_anchor,0.9848,0.9979,47,3,CRAZYONES西班牙海鲜饭,34.25,36.36,evidence/card_0036.jpg,ocr/input_videos\上海__五角场合生汇__20260824.mp4,CRAZYONES西班牙海鲜饭 | 选你爱的饭 | L5 | 🌟🌟⭐🌟 | 4.4西班牙菜￥100/人 | 加你爱的鲜 | 点评榜单 | 上海西班牙菜好评榜第5名 | 精致海鲜饭，满分服务，环境舒适” | 5.9折 | ￥18.8 | 惠 | ￥32 | 西班牙油条 | ￥959.5折 | 惠 | ￥100100元代金券,L5 | 🌟🌟⭐🌟 | 4.4西班牙菜￥100/人,结构完整,
CARD-0037,五角场合生汇,江南晓馆·地道杭帮菜,江南晓馆·地道杭帮菜,浙菜,4.7,109,L4,rated,True,,rated,parsed,rating_anchor,0.9674,0.9887,50,6,江南晓馆·地道杭帮菜,34.25,38.29,evidence/card_0037.jpg,ocr/input_videos\上海__五角场合生汇__20260824.mp4,江南晓馆·地道杭帮菜 | 江南晓馆 | 2mW | 4.7浙菜￥109/人 | L4 | 点评榜单 | 五角场/大学路浙菜销量榜第2名 | 15:00休息 | 服务一流，宋嫂羹胡椒味浓郁 | “ | ￥9.9 | ￥5.9 | 6折 | 惠 | 【江南甜点】黑芝麻汤圆 | ￥959.5折 | ￥100100元代金券 | 惠,4.7浙菜￥109/人 | L4,结构完整,
CARD-0038,五角场合生汇,五角场凯悦·The Lounge西餐厅...,五角场凯悦·TheLounge西餐厅,牛排,4.6,135,L6,rated,True,,rated,parsed,rating_anchor,0.9457,0.9304,68,4,五角场凯悦·The Lounge西餐厅... | 五角场凯悦·The Lounge西餐厅....,36.36,38.29,evidence/card_0038.jpg,ocr/input_videos\上海__五角场合生汇__20260824.mp4,五角场凯悦·The Lounge西餐厅... | L6 | 🌟🌟🌟🌟🌟 | 4.6 | 牛排￥135/人 | 点评榜单 | 杨浦区牛排口味榜第4名 | ￥68￥68夏日冷萃茶 | 惠 | ￥85 | 惠 | 8.5折 | ￥100100元代金券,L6 | 🌟🌟🌟🌟🌟 | 4.6 | 牛排￥135/人,建议复核,name_truncated
CARD-0039,五角场合生汇,MAVERICK小牛·西餐厅,MAVERICK小牛·西餐厅,牛排,4.4,123,L5,rated,True,,rated,parsed,rating_anchor,0.9775,0.9892,54,7,MAVERICK小牛·西餐厅,36.94,40.21,evidence/card_0039.jpg,ocr/input_videos\上海__五角场合生汇__20260824.mp4,MAVERICK小牛·西餐厅 | 原切牛排 | 严 | 🌟🌟⭐⭐ | 4.4牛排￥123/人 | L5 | 点评榜单 | 杨浦区牛排打卡人气榜第1名 | MAVERICK | “出品质量不错” | 小牛西餐厅 | ￥11.64折 | ￥29 | 惠 | 【人气爆款】拿铁咖... | ￥489.6折 | 惠 | ￥5050元代金券,🌟🌟⭐⭐ | 4.4牛排￥123/人 | L5,结构完整,
CARD-0041,五角场合生汇,椒爱水煮鱼川菜,椒爱水煮鱼川菜,川菜,4.6,104,L5,rated,True,,rated,parsed,rating_anchor,0.9732,0.9972,52,5,椒爱水煮鱼川菜,39.06,40.79,evidence/card_0041.jpg,ocr/input_videos\上海__五角场合生汇__20260824.mp4,椒爱水煮鱼川菜 | B | 当活鱼 | L5 | 🌟🌟🌟⭐🌟 | 4.6川菜￥104/人 | 点评榜单 | 杨浦区川菜回头客榜第2名 | 鱼肉鲜嫩多汁，环境优雅舒适 | “ | 2.8折 | ￥10.9 | ￥39 | 惠 | 【夏日限定】咔滋小. | ￥489.6折 | ￥50 | 惠 | 【超值优惠】50元代金券,L5 | 🌟🌟🌟⭐🌟 | 4.6川菜￥104/人,结构完整,
CARD-0042,五角场合生汇,芸山季·云南山珍菌火锅,芸山季·云南山珍菌火锅,云南火锅,4.4,105,L3,rated,True,,rated,parsed,rating_anchor,0.9784,0.9828,51,8,芸山季·云南山珍菌火锅,39.06,42.14,evidence/card_0042.jpg,ocr/input_videos\上海__五角场合生汇__20260824.mp4,紫见手青 | 芸山季·云南山珍菌火锅 | 8款山菌来袭 | L3 | ★★★★★ | 4.4云南火锅￥105/人 | 点评镑单 | 五角场/大学路火锅销量榜第3名 | 鲜美菌汤，品质保证 | 《 | ￥0.991.7折 | 惠 | ￥64周年1泰国香妃虾1. | ￥989.8折 | ￥100 | 惠 | 【结账必用】100元...,L3 | ★★★★★ | 4.4云南火锅￥105/人,结构完整,
CARD-0043,五角场合生汇,湊湊火锅·茶憩,凑凑火锅·茶憩,火锅,3.9,146,L2,rated,True,,rated,parsed,rating_anchor,0.9544,0.9465,52,6,湊凑火锅·茶憩 | 湊湊火锅·茶憩,40.79,44.44,evidence/card_0043.jpg,ocr/input_videos\上海__五角场合生汇__20260824.mp4,湊湊火锅·茶憩 | 火锅+KTV | 嗨吃梅唱 | L2 | 🌟🌟⭐🌟🌟 | 3.9火锅￥146/人 | 服务员热情周到，火锅口味鲜美 | J | 黄金奔驰锅 | 一网齊龄英好人生 | 湿接无限金彩 | ￥158￥158 | 【全时段】158安格斯牛肉.. | 惠,L2 | 🌟🌟⭐🌟🌟 | 3.9火锅￥146/人,结构完整,
CARD-0044,五角场合生汇,烤匠麻辣烤鱼,烤匠麻辣烤鱼,烤鱼,4.3,122,L2,rated,True,,rated,parsed,rating_anchor,0.9873,0.9995,50,5,烤匠麻辣烤鱼,41.56,44.44,evidence/card_0044.jpg,ocr/input_videos\上海__五角场合生汇__20260824.mp4,烤匠麻辣烤鱼 | 不吃火锅 | L2 | ★★★★ | 4.3烤鱼￥122/人 | 就吃烤匠 | 点评榜单 | 上海川菜回头客榜第1名 | 营业至凌晨05：00 | ￥19.9￥19.9夜宵啤酒19.9/人畅饮版 | 惠 | ￥499.8折 | 惠 | ￥5050元代金券,L2 | ★★★★ | 4.3烤鱼￥122/人,结构完整,
CARD-0045,五角场合生汇,沸点计划火锅,沸点计划火锅,四川火锅,4.4,133,L2,rated,True,,rated,parsed,rating_anchor,0.9855,0.9995,48,5,沸点计划火锅,41.56,44.44,evidence/card_0045.jpg,ocr/input_videos\上海__五角场合生汇__20260824.mp4,夏味 | 沸点计划火锅 | 大 | L2 | 🌟🌟⭐🌟 | 四川火锅￥133/人 | 4.4 | ★ | 5 | 四川牛油辣锅，好吃到停不下来 | ≤ | 1 | 暂停营业 | ￥8.8 | 4折 | ￥22 | 【爆款】土冬瓜山茶 | 惠 | ￥95 | 9.5折 | 惠 | ￥100100元代金券,L2 | 🌟🌟⭐🌟 | 四川火锅￥133/人 | 4.4 | ★,结构完整,
CARD-0046,五角场合生汇,王奋斗贵州酸汤牛肉火锅,王奋斗贵州酸汤牛肉火锅,牛羊肉火锅,4.4,107,L5,rated,True,,rated,parsed,rating_anchor,0.9718,0.9991,48,4,王奋斗贵州酸汤牛肉火锅,43.48,45.98,evidence/card_0046.jpg,ocr/input_videos\上海__五角场合生汇__20260824.mp4,王奋斗贵州酸汤牛肉火锅 | 新品上新 | 酸爽一夏 | 🌟🌟🌟⭐ | 牛羊肉火锅￥107/人 | L5 | 4.4 | ★ | 点评榜单 | 杨浦区牛羊肉火锅热门榜第1名 | 王香斗器。 | 糊辣椒蘸水，特色十足，酸汤开胃 | 3 | 5.3折 | ￥9.9 | ￥19 | 【贵州特饮】酸角气泡饮 | 惠 | ￥47.5 | 9.5折 | 惠 | ￥5050元代金券,🌟🌟🌟⭐ | 牛羊肉火锅￥107/人 | L5 | 4.4 | ★,结构完整,
CARD-0047,五角场合生汇,江边城外烤全鱼,江边城外烤全鱼,烤鱼,3.9,109,L5,rated,True,,rated,parsed,rating_anchor,0.9742,0.9969,51,2,江边城外烤全鱼,45.6,45.98,evidence/card_0047.jpg,ocr/input_videos\上海__五角场合生汇__20260824.mp4,江边城外烤全鱼 | 江边城外 | 4 | 3.9烤鱼￥109/人 | 🌟🌟🌟🌟🌟 | L5 | 点评榜单 | 杨浦区烤鱼销量榜第2名 | 热腾腾的烤鱼配菜，服务周到细致 | ￥2588.9折 | ￥291.04招牌推荐2-3人.. | 惠,3.9烤鱼￥109/人 | 🌟🌟🌟🌟🌟 | L5,结构完整,
CARD-0048,五角场合生汇,新太二·鲜料川菜,新太二·鲜料川菜,酸菜鱼/水煮鱼,4.4,94,L4,rated,True,,rated,parsed,rating_anchor,0.9464,0.9425,51,3,新太二·鲜料川菜,45.6,47.52,evidence/card_0048.jpg,ocr/input_videos\上海__五角场合生汇__20260824.mp4,新太二·鲜料川菜 | 鲜料 | 🌟🌟🌟🌟 | 酸菜鱼/水煮鱼￥94/人 | 4.4 | L4 | 川菜 | 点评榜单 | 杨浦区酸菜鱼/水煮鱼热门榜第1名 | 享受欢乐时光，太二等你来” | “ | 新太二 | ￥2.93.7折 | 惠 | ￥8翻砂红糖冰粉 | ￥969.6折 | 惠 | ￥100100元代金券,🌟🌟🌟🌟 | 酸菜鱼/水煮鱼￥94/人 | 4.4 | L4,结构完整,
CARD-0049,五角场合生汇,云潇潇抚仙湖石锅鱼,云潇潇抚仙湖石锅鱼,鱼火锅,4.3,69,L4,rated,True,,rated,parsed,rating_anchor,0.9751,0.9944,50,5,云潇潇抚仙湖石锅鱼,45.6,48.68,evidence/card_0049.jpg,ocr/input_videos\上海__五角场合生汇__20260824.mp4,云潇潇抚仙湖石锅鱼 | 🌟🌟🎉🎉 | 鱼火锅￥69/人 | L4 | 4.3 | 点评榜单 | 杨浦区鱼火锅热门榜第3名 | 云潇潇 | 洗山迎名 | 云南风情浓郁，煮鱼蒸汽弥漫 | “ | ￥12 | ￥4.8 | 4折 | 【云南风味】鲜奶米布 | 惠 | ￥49 | 4.9折 | 惠 | ￥100100元代金券,🌟🌟🎉🎉 | 鱼火锅￥69/人 | L4 | 4.3,结构完整,
CARD-0050,五角场合生汇,呷哺呷哺小火锅,呷哺呷哺小火锅,小火锅,3.9,50,B2,rated,True,,rated,parsed,rating_anchor,0.9795,0.9962,50,3,呷哺呷哺小火锅,47.52,48.68,evidence/card_0050.jpg,ocr/input_videos\上海__五角场合生汇__20260824.mp4,先吃鱼后涮肉 | 呷哺呷哺小火锅 | 荔枝糊辣满口鲜 | 🌟🌟🌟🌟🌟 | B2 | 3.9小火锅￥50/人 | 荔枝果香 | 现律鱼满科小火锅 | 点评榜单 | 杨浦区小火锅销量榜第1名 | 桂花米酿新品上市，口感醇厚 | ￥62 | ￥49.9 | 8.1折 | 【主推】秋日主题一 | 惠,🌟🌟🌟🌟🌟 | B2 | 3.9小火锅￥50/人,结构完整,
CARD-0051,五角场合生汇,左庭右院鲜牛肉火锅,左庭右院鲜牛肉火锅,潮汕牛肉火锅,4.8,141,L4,rated,True,,rated,parsed,rating_anchor,0.9821,0.9914,48,3,左庭右院鲜牛肉火锅,47.52,48.68,evidence/card_0051.jpg,ocr/input_videos\上海__五角场合生汇__20260824.mp4,左庭右院鲜牛肉火锅 | 双通 | 开 | 有机日光 | 4.8潮汕牛肉火锅￥141/人 | 、L4 | 番茄锅 | 点评榜单 | 杨浦区潮汕牛肉火锅口味榜第1名 | 10多款蔬菜 | 无限畅吃268 | 红糖糍粑和脆油条，吃的很满足 | ￥4.88折 | 惠 | 鲜活虾1只 | （2只起点） | ￥6 | ￥989.8折 | 惠 | ￥100100元代金券,4.8潮汕牛肉火锅￥141/人 | 、L4,结构完整,
CARD-0052,五角场合生汇,眉州东坡,眉州东坡,川菜馆,4.7,94,L5,rated,True,,rated,parsed,rating_anchor,0.9793,0.9995,53,4,眉州东坡,47.71,50.79,evidence/card_0052.jpg,ocr/input_videos\上海__五角场合生汇__20260824.mp4,眉州东坡 | 眉州东坡 | 🌟🌟🌟🌟🌟 | L5 | 4.7川菜馆￥94/人 | 一经典川菜一 | 点评榜单 | 杨浦区川菜销量榜第2名 | 沁夏见面 | 获奖宫保鸡丁，大麻鱼，跷脚牛肉 | 有机双豆鸡丝凉面 | 5.6折 | ￥5 | 惠 | 老板娘冰粉 | ￥9 | ￥85 | 8.5折 | 惠 | ￥100100元代金券,🌟🌟🌟🌟🌟 | L5 | 4.7川菜馆￥94/人,结构完整,
CARD-0053,五角场合生汇,沙胆彪炭炉牛杂煲,沙胆彪炭炉牛杂煲,打边炉/港式..,4.4,95,L5,rated,True,,rated,parsed,rating_anchor,0.966,0.9991,50,6,沙胆彪炭炉牛杂煲,50.22,53.1,evidence/card_0053.jpg,ocr/input_videos\上海__五角场合生汇__20260824.mp4,沙胆彪炭炉牛杂煲 | E9T1988 | 🌟🌟🌟 | 沙胆彪 | 4.4打边炉/港式.. | ￥95/人L5 | 炭炉牛杂煲 | 点评榜单 | 上海打边炉/港式火锅打卡人气榜第3名 | AANLUO | AU ZAAPHG | 牛杂煲和牛肉丸必试” | ￥489.6折 | 惠 | ￥5050元代金券,🌟🌟🌟 | 4.4打边炉/港式.. | ￥95/人L5,结构完整,
CARD-0055,五角场合生汇,盖饭邦·长沙菜馆,盖饭邦·长沙菜馆,湘菜,4.3,64,B1,rated,True,,rated,parsed,rating_anchor,0.9741,0.9921,50,7,盖饭邦·长沙菜馆,50.22,53.87,evidence/card_0055.jpg,ocr/input_videos\上海__五角场合生汇__20260824.mp4,盖饭邦·长沙菜馆 | 盖饭邦' | B1 | ⭐🌟🌟⭐ | 4.3湘菜￥64/人 | 湘菜排队王 | ★ | 鲜切现炒拒绝预制 | 点评榜单 | 杨浦区湘菜打卡人气榜第4名 | 霸榜人气湘菜馆 | 长沙盖饭帮，湘菜香辣过瘾 | 57 | 7.5折 | ￥66.8 | ￥49.9 | 惠 | 【必点】小炒黄牛 | ￥99 | 惠 | 9.9折 | ￥100100元代金券,B1 | ⭐🌟🌟⭐ | 4.3湘菜￥64/人 | ★,结构完整,
CARD-0056,五角场合生汇,FATPHO大發越南粉,FATPHO大发越南粉,越南菜,4.3,73,L3,rated,True,,rated,parsed,rating_anchor,0.9814,0.9924,48,8,FAT PHO大發越南粉 | FATPHO大發越南粉,50.22,55.6,evidence/card_0056.jpg,ocr/input_videos\上海__五角场合生汇__20260824.mp4,FATPHO大發越南粉 | 大發越南粉 | FAT PHO | 🌟🌟⭐⭐ | L3 | 4.3越南菜￥73/人 | ★ | 点评榜单 | 杨浦区东南亚菜好评榜第5名 | 05 | 优质服务，环境明亮舒适 | ￥788.3折 | ￥94 | 惠 | 【薄荷入夏】大發必点..,🌟🌟⭐⭐ | L3 | 4.3越南菜￥73/人 | ★,结构完整,
CARD-0057,五角场合生汇,胡子大厨·超级小炒肉,胡子大厨·超级小炒肉,湘菜,4.2,58,B2,rated,True,,rated,parsed,rating_anchor,0.9794,0.99,53,4,胡厨·超级小炒肉 | 胡子大厨·超级小炒肉,53.87,55.6,evidence/card_0057.jpg,ocr/input_videos\上海__五角场合生汇__20260824.mp4,胡子大厨·超级小炒肉 | 宜棚 | B2 | 4.2湘菜￥58/人 | ⭐🌟⭐🌟 | 点评榜单 | 五角场/大学路湘菜销量榜第4名 | 鲜嫩肉片，性价比之王，现点现炒 | 3 | ￥58 | ￥78.7 | 7.4折 | 惠 | 【雪碧晚市】甄选单...,B2 | 4.2湘菜￥58/人 | ⭐🌟⭐🌟,结构完整,
CARD-0058,五角场合生汇,阿元来了,阿元来了,台湾菜,3.9,43,B2,rated,True,,rated,parsed,rating_anchor,0.9815,0.9998,53,5,阿元来了,54.64,57.14,evidence/card_0058.jpg,ocr/input_videos\上海__五角场合生汇__20260824.mp4,阿元来了 | 阿元秉了 | 蝉联六年米其林 | 🌟🌟🌟🌟 | B2 | 台湾菜￥43/人 | 3.9 | 点评榜单 | 杨浦区台湾菜销量榜第1名 | ￥9.9 | 6.6折 | 惠 | ￥15 | 古早味茉莉珍珠奶茶 | ￥489.6折 | ￥5050元代金券 | 惠,🌟🌟🌟🌟 | B2 | 台湾菜￥43/人 | 3.9,结构完整,
CARD-0059,五角场合生汇,蛙来哒超级夜市,蛙来哒超级夜市,湘菜,4.4,85,L5,rated,True,,rated,parsed,rating_anchor,0.9821,0.9983,51,5,蛙来哒超级夜市,54.64,57.14,evidence/card_0059.jpg,ocr/input_videos\上海__五角场合生汇__20260824.mp4,蛙来哒超级夜市 | (爱在此刻 | 一口鮮嫩 | L5 | 🌟🌟⭐🌟 | 4.4湘菜￥85/人,L5 | 🌟🌟⭐🌟 | 4.4湘菜￥85/人,结构完整,
CARD-0060,五角场合生汇,荣先森·福建小馆,荣先森·福建小馆,福建菜,4.4,85,L5,rated,True,,rated,parsed,rating_anchor,0.9747,0.9767,54,2,荣先森·福建小馆,56.76,57.14,evidence/card_0060.jpg,ocr/input_videos\上海__五角场合生汇__20260824.mp4,荣先森·福建小馆 | 翡翠二 | 胖丝 | L5 | 🌟🌟⭐⭐ | 4.4福建菜￥85/人 | 点评榜单 | 杨浦区福建菜热门榜第1名 | 条免卖 | 福建菜清淡可口，鱼汤奶白下饭 | 3 | “ | ￥2228.4折 | 【地道闽味】2选1.. | 惠 | ￥266 | ￥989.8折 | 惠 | ￥100100元代金券,L5 | 🌟🌟⭐⭐ | 4.4福建菜￥85/人,结构完整,
CARD-0061,五角场合生汇,潇湘阁,潇湘阁,湘菜,4.4,86,L6,rated,True,,rated,parsed,rating_anchor,0.9787,0.992,59,5,潇湘阁,59.07,62.53,evidence/card_0061.jpg,ocr/input_videos\上海__五角场合生汇__20260824.mp4,潇湘阁 | HILNAX CLISIXE | 也许你已误解相常好多年 | 🌟🌟🌟🎉 | L6 | 4.4湘菜￥86/人 | 潇湘阁 | 点评榜单 | 杨浦区湘菜热门榜第1名 | XIAO XIANG GE | 用心服务，行李箱也能放心托付” | ￥101 | 8折 | ￥127尝鲜双人餐 | 惠 | ￥459折 | ￥5050元代金券 | 惠,🌟🌟🌟🎉 | L6 | 4.4湘菜￥86/人,结构完整,
CARD-0062,五角场合生汇,大米先生·湘菜小炒,大米先生·湘菜小炒,湘菜,4.0,36,B2,rated,True,,rated,parsed,rating_anchor,0.9745,0.9892,54,3,大米先生·湘菜小炒,61.38,62.53,evidence/card_0062.jpg,ocr/input_videos\上海__五角场合生汇__20260824.mp4,大米先生·湘菜小炒 | 大米先生 | 4.0湘菜￥36/人 | B2 | 🌟🌟⭐⭐ | 鲜肉鲜菜小锅现炒 | 点评榜单 | 五角场/大学路湘菜好评榜第7名 | 团直营门店超2000家 | ￥102.98.8折 | ￥117 | 【小锅现炒】糖... | 惠 | ￥19 | 9.5折 | ￥20 | 惠 | 【帮你省薪】20元代金券,4.0湘菜￥36/人 | B2 | 🌟🌟⭐⭐,结构完整,
CARD-0063,五角场合生汇,K22.酸奶草莓,K22.酸奶草莓,酸奶鲜奶,4.1,19,B2,rated,True,,rated,parsed,rating_anchor,0.9812,0.9993,50,5,K22.酸奶草莓,61.38,63.88,evidence/card_0063.jpg,ocr/input_videos\上海__五角场合生汇__20260824.mp4,K22.酸奶草莓 | 吨吨·益生菌果蔬茶 | 全新上市！ | 🌟🌟⭐⭐ | B2 | 酸奶鲜奶￥19/人 | 4.1 | 点评榜单 | 上海酸奶鲜奶回头客榜第1名 | 大杯福利，畅饮不停 | ￥11.9 | ￥18 | 6.7折 | 【吨吨】益生菌果蔬.. | 惠,🌟🌟⭐⭐ | B2 | 酸奶鲜奶￥19/人 | 4.1,结构完整,
CARD-0064,五角场合生汇,柠檬向右,柠檬向右,茶饮果汁,4.3,18,B2,rated,True,,rated,parsed,rating_anchor,0.9823,0.9945,59,4,柠檬向右,62.53,64.84,evidence/card_0064.jpg,ocr/input_videos\上海__五角场合生汇__20260824.mp4,柠檬向右 | LEMONRYHY | 尚博风尚 | 🌟🌟🌟🌟 | B2 | 4.3茶饮果汁￥18/人 | ★ | 点评榜单 | 杨浦区饮品回头客榜第2名 | 芙莉莲的味觉记忆 | ￥146.7折 | 惠 | ￥21 | 【精选三种柠檬】鸭屎...,🌟🌟🌟🌟 | B2 | 4.3茶饮果汁￥18/人 | ★,结构完整,
CARD-0065,五角场合生汇,喜茶,喜茶,茶饮果汁,3.9,24,B2,rated,True,,rated,parsed,rating_anchor,0.9763,0.9962,67,3,喜茶,63.11,64.84,evidence/card_0065.jpg,ocr/input_videos\上海__五角场合生汇__20260824.mp4,喜茶 | 3.9茶饮果汁￥24/人 | B2 | 公 | 惠￥17.59.3折 | ￥19 | 【人气推荐】5选1,3.9茶饮果汁￥24/人 | B2,结构完整,
CARD-0066,五角场合生汇,REDOLL荭猫撸猫馆·购宠·拼豆,REDOLL荭猫撸猫馆·购宠·拼豆,咖啡,4.4,87,L3,rated,True,,rated,parsed,rating_anchor,0.9625,0.965,54,4,REDOLL荭猫撸猫馆·购宠·拼豆,63.11,65.03,evidence/card_0066.jpg,ocr/input_videos\上海__五角场合生汇__20260824.mp4,REDOLL荭猫撸猫馆·购宠·拼豆 | 🌟🌟🎉🎉 | L3 | 4.4咖啡￥87/人 | 点评榜单 | 杨浦区咖啡打卡人气榜第3名 | 萌宠相伴，让等位不再无聊 | 沙滩度假撸猫池 | ￥925.3折 | 惠 | ￥176单人工作日1小时·赠...,🌟🌟🎉🎉 | L3 | 4.4咖啡￥87/人,结构完整,
CARD-0067,五角场合生汇,T9tea,T9tea,茶饮果汁,4.2,35,L1,rated,True,,rated,parsed,rating_anchor,0.983,0.9944,58,6,T9tea,63.11,65.99,evidence/card_0067.jpg,ocr/input_videos\上海__五角场合生汇__20260824.mp4,T9tea | CNTEMSITANTICCTNCNFNG | 一□，像冰演淋在口中化开 | ⭐🌟⭐⭐ | 4.2茶饮果汁￥35/人 | L1 | ★ | 点评榜单 | 杨浦区饮品好评榜第2名,⭐🌟⭐⭐ | 4.2茶饮果汁￥35/人 | L1 | ★,结构完整,
CARD-0068,五角场合生汇,DQ·蛋糕·冰淇淋,DQ·蛋糕·冰淇淋,冰淇淋,4.3,26,B2,rated,True,,rated,parsed,rating_anchor,0.9704,0.9825,61,4,DQ·蛋糕·冰淇淋,64.84,65.99,evidence/card_0068.jpg,ocr/input_videos\上海__五角场合生汇__20260824.mp4,DQ·蛋糕·冰淇淋 | DD | 艺果棉米 | 🌟🌟⭐⭐ | B2 | 冰淇淋￥26/人 | 4.3 | ★ | 点评榜单 | 杨浦区冰淇淋销量榜第3名 | ￥19.9 | ￥18.889.5折 | 【爆品】DQ双头怪 | 惠,🌟🌟⭐⭐ | B2 | 冰淇淋￥26/人 | 4.3 | ★,结构完整,
CARD-0069,五角场合生汇,Yee3·三号椰·椰子炒冰,Yee3·三号椰·椰子炒冰,茶饮果汁,3.9,20,B2,rated,True,,rated,parsed,rating_anchor,0.9779,0.9861,55,5,Yee3·三号椰·椰子炒冰,65.03,68.88,evidence/card_0069.jpg,ocr/input_videos\上海__五角场合生汇__20260824.mp4,Yee3·三号椰·椰子炒冰 | X831 | 3.9茶饮果汁￥20/人 | B2 | 椰遇永夜 | ￥13.97折 | ￥20 | 【新客特惠】补充每… | 惠,3.9茶饮果汁￥20/人 | B2,结构完整,
CARD-0070,五角场合生汇,OT另茶,OT另茶,茶饮果汁,4.2,24,L5,rated,True,,rated,parsed,rating_anchor,0.9866,0.9975,62,4,OT另茶,65.61,68.88,evidence/card_0070.jpg,ocr/input_videos\上海__五角场合生汇__20260824.mp4,OT另茶 | OTHER | 🌟🌟🎉🌟 | L5 | 4.2茶饮果汁￥24/人 | ★ | TEA男茶 | ￥24 | ￥22.89.5折 | 【热销推荐】泰式咸... | 惠 | ￥7.57.5折 | ￥1010元代金券 | 惠,🌟🌟🎉🌟 | L5 | 4.2茶饮果汁￥24/人 | ★,结构完整,
CARD-0071,五角场合生汇,DQ·蛋糕·冰淇淋,DQ·蛋糕·冰淇淋,冰淇淋,4.4,27,L4,rated,True,,rated,parsed,rating_anchor,0.9752,0.9787,58,3,DQ·蛋糕·冰淇淋,65.99,68.88,evidence/card_0071.jpg,ocr/input_videos\上海__五角场合生汇__20260824.mp4,DQ·蛋糕·冰淇淋 | DQ | L4 | 🌟🌟🌟🎉 | 4.4冰淇淋￥27/人 | ★,L4 | 🌟🌟🌟🎉 | 4.4冰淇淋￥27/人 | ★,结构完整,
CARD-0072,五角场合生汇,红鸟瑰丽·甄选牛乳·Gelato&饮品,红鸟瑰丽·甄选牛乳·Gelato&饮品,茶饮果汁,4.4,27,B2,rated,True,,rated,parsed,rating_anchor,0.9765,0.9836,60,4,红鸟瑰丽·甄选牛乳·Gelato&饮品,67.92,71.38,evidence/card_0072.jpg,ocr/input_videos\上海__五角场合生汇__20260824.mp4,红鸟瑰丽·甄选牛乳·Gelato&饮品 | 3=x产3 | 一口喝到 | 三种柚字 | B2 | 🌟🌟⭐⭐ | 4.4茶饮果汁￥27/人 | M | 比点温 | 点评榜单 | 杨浦区饮品销量榜第4名 | ￥29.87.9折 | ￥38经典系列|单杯冰绮... | 惠,B2 | 🌟🌟⭐⭐ | 4.4茶饮果汁￥27/人,结构完整,
CARD-0073,五角场合生汇,柠檬向右,柠檬向右,茶饮果汁,4.1,18,L4,rated,True,,rated,parsed,rating_anchor,0.9818,0.9934,56,2,柠檬向右,70.61,71.38,evidence/card_0073.jpg,ocr/input_videos\上海__五角场合生汇__20260824.mp4,柠檬向右 | LFNOVRIT | 行肉 | 4.1茶饮果汁￥18/人 | L4 | 芙莉莲的味觉记忆 | ￥146.7折 | ￥21 | 【精选三种柠檬】鸭屎... | 惠,4.1茶饮果汁￥18/人 | L4,结构完整,
CARD-0074,五角场合生汇,VQ鲜榨果汁,VQ鲜榨果汁,茶饮果汁,4.2,22,L4,rated,True,,rated,parsed,rating_anchor,0.9855,0.9963,58,3,VQ鲜榨果汁,70.61,72.73,evidence/card_0074.jpg,ocr/input_videos\上海__五角场合生汇__20260824.mp4,VQ鲜榨果汁 | va | M热压 | ⭐🌟🌟⭐🌟 | L4 | 4.2茶饮果汁￥22/人 | ￥17.97.8折 | ￥23 | 【轻甜热销】芒果雪... | 惠 | ￥2.44.8折 | 惠 | ￥55元代金券,⭐🌟🌟⭐🌟 | L4 | 4.2茶饮果汁￥22/人,结构完整,
CARD-0075,五角场合生汇,1点点,1点点,茶饮果汁,4.2,17,B2,rated,True,,rated,parsed,rating_anchor,0.9881,0.9997,71,3,1点点,71.38,73.5,evidence/card_0075.jpg,ocr/input_videos\上海__五角场合生汇__20260824.mp4,1点点 | 🌟🌟🎉🌟🌟 | B2 | 4.2茶饮果汁￥17/人 | 黑照 | “经典口味四季奶青，三分甜” | ￥17.1 | ￥18QQ美莓奶茶（大杯) | 9.5折 | 惠,🌟🌟🎉🌟🌟 | B2 | 4.2茶饮果汁￥17/人,结构完整,
CARD-0076,五角场合生汇,野人先生Gelato,野人先生Gelato,冰淇淋,4.2,29,B2,rated,True,,rated,parsed,rating_anchor,0.9885,0.999,57,3,野人先生Gelato,72.73,75.23,evidence/card_0076.jpg,ocr/input_videos\上海__五角场合生汇__20260824.mp4,野人先生Gelato | er | 山野 | 该瑰 | B2 | 🌟🌟🌟🌟 | 4.2冰淇淋￥29/人 | GELATO | 点评榜单 | 杨浦区冰淇淋销量榜第1名 | S | “粉嫩养乐多冰淇淋，魔都必打卡” | ￥369.5折 | ￥38 | 【任意拼】双拼口味冰... | 惠,B2 | 🌟🌟🌟🌟 | 4.2冰淇淋￥29/人,结构完整,
CARD-0079,五角场合生汇,吉事桔香茶,吉事桔香茶,茶饮果汁,4.2,21,B2,rated,True,,rated,parsed,rating_anchor,0.9865,0.9984,65,5,吉事桔香茶,75.23,78.88,evidence/card_0079.jpg,ocr/input_videos\上海__五角场合生汇__20260824.mp4,吉事桔香茶 | 事 | 吉事已到风迫 | ⭐🌟⭐⭐ | 4.2茶饮果汁￥21/人 | B2 | ★ | HSHI | 点评榜单 | 上海饮品回头客榜第1名 | ￥19.89折 | ￥22 | 【上海侬好】吉事人 | 惠,⭐🌟⭐⭐ | 4.2茶饮果汁￥21/人 | B2 | ★,结构完整,
CARD-0080,五角场合生汇,Tamkoko泰柯茶园,Tamkoko泰柯茶园,茶饮果汁,4.0,20,B2,rated,True,,rated,parsed,rating_anchor,0.9888,0.9979,54,5,Tamkoko泰柯茶园,75.61,79.85,evidence/card_0080.jpg,ocr/input_videos\上海__五角场合生汇__20260824.mp4,Tamkoko泰柯茶园 | Qing × Tonakoo | 🌟🌟⭐ | B2 | 4.0茶饮果汁￥20/人 | 点评榜单 | 杨浦区饮品销量榜第2名 | 惠￥16.99.4折 | ￥18 | 【经典OG】甄选泰奶,🌟🌟⭐ | B2 | 4.0茶饮果汁￥20/人,结构完整,
CARD-0081,五角场合生汇,东方墨兰,东方墨兰,茶饮果汁,4.1,17,B2,rated,True,,rated,parsed,rating_anchor,0.9865,0.9998,64,5,东方墨兰,75.61,79.85,evidence/card_0081.jpg,ocr/input_videos\上海__五角场合生汇__20260824.mp4,东方墨兰 | 🌟🌟⭐⭐⭐ | B2 | 4.1茶饮果汁￥17/人 | 生椰冰奶联名上新 | 新品天杏欢纯果茶，口感清爽 | ￥12.98.1折 | ￥16 | 惠 | 【超值单杯】招牌鲜...,🌟🌟⭐⭐⭐ | B2 | 4.1茶饮果汁￥17/人,结构完整,
CARD-0082,五角场合生汇,茉莉奶白,茉莉奶白,茶饮果汁,4.2,19,B2,rated,True,,rated,parsed,rating_anchor,0.9881,0.9979,60,8,茉莉奶白,76.57,81.77,evidence/card_0082.jpg,ocr/input_videos\上海__五角场合生汇__20260824.mp4,茉莉奶白 | MOLLY TEA | 美粉影白 | 🌟🌟 | 4.2茶饮果汁￥19/人 | B2 | 甜而不腻，三分糖也足够甜蜜 | 5 | Tj | ￥20 | 惠￥17.88.9折 | 【开心就好】开心果..,🌟🌟 | 4.2茶饮果汁￥19/人 | B2,结构完整,
CARD-0083,五角场合生汇,Salud撒露欧洲冻酸奶,Salud撒露欧洲冻酸奶,冰淇淋,3.8,24,L4,rated,True,,rated,parsed,rating_anchor,0.9844,0.9993,50,5,Salud撒露欧洲冻酸奶,79.85,81.77,evidence/card_0083.jpg,ocr/input_videos\上海__五角场合生汇__20260824.mp4,Salud撒露欧洲冻酸奶 | salud.欧洲冻酸奶 | 🌟🌟🎉🌟⭐ | 3.8冰淇淋￥24/人 | L4 | 点评榜单 | 杨浦区冰淇淋销量榜第5名 | 限时特惠 | 是您用餐的好去处” | ￥239.2折 | ￥25 | 惠 | 【必选单品】Sä小杯冻... | 4折 | ￥2 | ￥55元代金券 | 惠,🌟🌟🎉🌟⭐ | 3.8冰淇淋￥24/人 | L4,结构完整,
CARD-0084,五角场合生汇,KOI Thé,KOIThé,茶饮果汁,4.3,22,L4,rated,True,,rated,parsed,rating_anchor,0.9714,0.965,55,5,KOI Thé,79.85,81.77,evidence/card_0084.jpg,ocr/input_videos\上海__五角场合生汇__20260824.mp4,KOI Thé | 🌟🌟🌟 | 4.3茶饮果汁￥22/人 | L4 | ★,🌟🌟🌟 | 4.3茶饮果汁￥22/人 | L4 | ★,结构完整,
CARD-0085,五角场合生汇,礼厚茶肆,礼厚茶肆,茶饮果汁,4.3,21,B2,rated,True,,rated,parsed,rating_anchor,0.9843,0.9927,63,5,礼厚茶肆,80.23,83.69,evidence/card_0085.jpg,ocr/input_videos\上海__五角场合生汇__20260824.mp4,礼厚茶肆 | 礼厚 | ⭐⭐⭐ | B2 | 4.3茶饮果汁￥21/人 | 茶肆 | 点评榜单 | 五角场/大学路茶饮果汁好评榜第5名 | LIHOU CHASI | “浓郁的抹茶与香滑芋泥完美搭配” | ￥17.69.8折 | ￥18 | 惠 | 【招牌推荐】闽南手.,⭐⭐⭐ | B2 | 4.3茶饮果汁￥21/人,结构完整,
CARD-0087,五角场合生汇,瑞幸咖啡,瑞幸咖啡,咖啡,3.9,15,B2,rated,True,,rated,parsed,rating_anchor,0.9754,0.9997,56,6,瑞幸咖啡,83.69,87.16,evidence/card_0087.jpg,ocr/input_videos\上海__五角场合生汇__20260824.mp4,瑞幸咖啡 | 3.9咖啡￥15/人 | B2 | 双杯冰茶清爽登场！ | 器 | 图 | 运 | 2 | ￥11.9 | ￥20 | 6折 | 惠 | 【瑞门闭眼入】10选1,3.9咖啡￥15/人 | B2,结构完整,
CARD-0088,五角场合生汇,星巴克,星巴克,咖啡,3.9,37,B1,rated,True,,rated,parsed,rating_anchor,0.9814,0.9991,62,10,星巴克,83.69,89.85,evidence/card_0088.jpg,ocr/input_videos\上海__五角场合生汇__20260824.mp4,星巴克 | 🌟🌟🌟🌟⭐ | 3.9咖啡￥37/人 | B1 | 点评榜单 | 杨浦区咖啡销量榜第5名 | “甜而不腻的蛋糕和醇香咖啡” | 真茶真奶真愛你 | ￥59.9 | ￥78 | 7.7折 | 【爆款推荐】星巴克.. | 惠,🌟🌟🌟🌟⭐ | 3.9咖啡￥37/人 | B1,结构完整,
CARD-0089,五角场合生汇,CoCo都可,CoCo都可,茶饮果汁,3.9,14,B2,rated,True,,rated,parsed,rating_anchor,0.9845,0.9995,55,7,CoCo都可,84.85,89.85,evidence/card_0089.jpg,ocr/input_videos\上海__五角场合生汇__20260824.mp4,CoCo都可 | B2 | 🌟🌟⭐💥🌟 | 3.9茶饮果汁￥14/人 | 00 | 良心柠檬红茶超值” | CoCo,B2 | 🌟🌟⭐💥🌟 | 3.9茶饮果汁￥14/人,结构完整,
CARD-0090,五角场合生汇,GODIVA,GODIVA,冰淇淋,4.3,44,L1,rated,True,,rated,parsed,rating_anchor,0.9878,0.9991,53,5,GODIVA,87.16,89.85,evidence/card_0090.jpg,ocr/input_videos\上海__五角场合生汇__20260824.mp4,GODIVA | L1 | ⭐🌟⭐⭐ | 4.3冰淇淋￥44/人 | CODIVA | 点评榜单 | 五角场/大学路冰淇淋好评榜第3名 | 2 | Rigdss. | ￥110经典软冰淇淋2支 | ￥101.89.3折 | 惠,L1 | ⭐🌟⭐⭐ | 4.3冰淇淋￥44/人,结构完整,
CARD-0091,五角场合生汇,LINLEE林里·手打柠檬茶,LINLEE林里·手打柠檬茶,茶饮果汁,4.2,18,商场内,rated,True,,rated,parsed,rating_anchor,0.9832,0.9906,55,8,LINLEE林里·手打柠檬茶,87.16,91.77,evidence/card_0091.jpg,ocr/input_videos\上海__五角场合生汇__20260824.mp4,LINLEE林里·手打柠檬茶 | MILIM.EE | 这杯康普 | 好汽质 | 商场内 | 🌟🌟⭐⭐⭐ | 4.2茶饮果汁￥18/人 | 点评榜单 | 杨浦区茶饮果汁回头客榜第8名 | ￥15 | ￥9.66.4折 | 惠 | 【解腻闭眼囤】清新….,商场内 | 🌟🌟⭐⭐⭐ | 4.2茶饮果汁￥18/人,结构完整,
CARD-0092,五角场合生汇,廣蓮申·海派點心,广莲申·海派点心,甜品,3.8,36,B2,rated,True,,rated,parsed,rating_anchor,0.9712,0.9875,54,4,廣蓮申·海派點心,89.85,91.77,evidence/card_0092.jpg,ocr/input_videos\上海__五角场合生汇__20260824.mp4,廣蓮申·海派點心 | 廣蓮申 | 3.8甜品￥36/人 | B2 | 点评榜单 | 五角场/大学路甜品回头客榜第4名 | 海深GRAND LIZ 點心 | ￥499.8折 | ￥5050元代金券 | 惠,3.8甜品￥36/人 | B2,结构完整,
CARD-0093,五角场合生汇,汕心·潮汕甜汤,汕心·潮汕甜汤,甜品,3.9,25,B2,rated,True,,rated,parsed,rating_anchor,0.9618,0.9742,54,4,汕心·潮汕甜汤,90.43,93.7,evidence/card_0093.jpg,ocr/input_videos\上海__五角场合生汇__20260824.mp4,汕心·潮汕甜汤 | 食甜饮凉 | 饮味潮汕 | 9 | 甜品￥25/人 | B2 | 🌟🌟🌟🌟🌟 | 3.9 | 点评榜单 | 杨浦区甜品回头客榜第1名 | 出汕心 | ￥13.88.2折 | ￥17 | 惠 | 【潮汕特调】潮汕特… | ￥26.8 | 9折 | 惠 | ￥3030元代金券,甜品￥25/人 | B2 | 🌟🌟🌟🌟🌟 | 3.9,结构完整,
CARD-0094,五角场合生汇,SKROLL卡特司库·司康·生吐司,SKROLL卡特司库·司康·生吐司,面包蛋糕,4.3,33,B2,rated,True,,rated,parsed,rating_anchor,0.9827,0.9891,51,6,SKROLL卡特司库·司康·吐司 | SKROLL卡特司库·司康·生吐司,90.43,95.24,evidence/card_0094.jpg,ocr/input_videos\上海__五角场合生汇__20260824.mp4,OREO: | 零 | SKROLL卡特司库·司康·生吐司 | CRUNCH | SCONE | B2 | ⭐🌟🌟⭐⭐ | 4.3面包蛋糕￥33/人 | 点评榜单 | 更到 | 杨浦区面包蛋糕销量榜第3名 | 司康 | ￥459折 | ￥50 | 惠 | 【超值】50元代金券,B2 | ⭐🌟🌟⭐⭐ | 4.3面包蛋糕￥33/人,结构完整,
CARD-0095,五角场合生汇,HERERS赫芮斯·轻糖蛋糕,HERERS赫芮斯·轻糖蛋糕,面包蛋糕,4.5,124,B2,rated,True,,rated,parsed,rating_anchor,0.9904,0.9827,56,5,HERERS赫芮斯·轻糖蛋糕,91.2,95.24,evidence/card_0095.jpg,ocr/input_videos\上海__五角场合生汇__20260824.mp4,陷入热恋 | HERERS赫芮斯·轻糖蛋糕 | 石榴 | 🌟🌟🌟🌟 | B2 | 4.5 | ￥124/人 | 面包蛋糕 | 点评榜单 | 杨浦区面包蛋糕好评榜第3名 | HERERS | ￥24.9 | ￥59.9 | 【口感上头】樱桃/... | 4.2折 | 惠 | ￥47 | 9.4折 | 惠 | ￥5050元代金券,🌟🌟🌟🌟 | B2 | 4.5 | ￥124/人 | 面包蛋糕,结构完整,
CARD-0096,五角场合生汇,李村脂渣,李村脂渣,小吃,4.0,34,B2,rated,True,,rated,parsed,rating_anchor,0.9665,0.9999,62,3,李村脂渣,93.7,95.24,evidence/card_0096.jpg,ocr/input_videos\上海__五角场合生汇__20260824.mp4,李村脂渣 | 🌟🌟⭐⭐ | B2 | 4.0小吃￥34/人 | ★ | 点评榜单 | 杨浦区小吃销量榜第1名 | 李村脂渣 | LIOUN GREAYES | ￥19.995折 | ￥40 | 【香酥过瘾】招牌五. | 惠 | ￥489.6折 | 惠 | ￥5050元代金券,🌟🌟⭐⭐ | B2 | 4.0小吃￥34/人 | ★,结构完整,
CARD-0097,五角场合生汇,HOTCRUSH趁热集合·现烤面包,HOTCRUSH趁热集合·现烤面包,面包蛋糕,4.1,41,B1,rated,True,,rated,parsed,rating_anchor,0.9838,0.9922,54,5,HOTCRUSH趁热集合·现烤面包,93.7,97.74,evidence/card_0097.jpg,ocr/input_videos\上海__五角场合生汇__20260824.mp4,HOTCRUSH趁热集合·现烤面包 | OHOT CRUSH | ⭐🌟⭐⭐ | ￥ | B1 | 4.1面包蛋糕￥41/人 | 点评榜单 | 杨浦区面包蛋糕甜品打卡人气榜第1名 | 新口味蛋黄酥，用料足 | ￥37.8 | ￥15.9 | 4.3折 | 惠 | 【超划算】精品咖.. | ￥5050元代金券 | ￥45.5 | 9.1折 | 惠,⭐🌟⭐⭐ | ￥ | B1 | 4.1面包蛋糕￥41/人,结构完整,
CARD-0098,五角场合生汇,一板一肉,一板一肉,日式简餐/快餐,3.8,44,B2,rated,True,,rated,parsed,rating_anchor,0.9812,0.9981,59,4,一板一肉,97.35,100.43,evidence/card_0098.jpg,ocr/input_videos\上海__五角场合生汇__20260824.mp4,一板一肉 | 🌟🌟⭐🌟🌟 | 3.8 | 日式简餐/快餐￥44/人 | B2 | 一板一肉 | 点评榜单 | 杨浦区日式简餐/快餐热门榜第1名 | CRLL MEAT DOWL | 板前现制和牛饭 | ￥48.88.7折 | 惠 | ￥56.7谷饲和牛独享餐,🌟🌟⭐🌟🌟 | 3.8 | 日式简餐/快餐￥44/人 | B2,结构完整,
CARD-0099,五角场合生汇,蟹榭·本帮江浙菜·蟹宴,蟹榭·本帮江浙菜·蟹宴,大闸蟹,4.7,188,L2,rated,True,,rated,parsed,rating_anchor,0.9641,0.9806,55,4,蟹榭·本帮江浙菜·蟹宴,97.35,100.43,evidence/card_0099.jpg,ocr/input_videos\上海__五角场合生汇__20260824.mp4,蟹榭·本帮江浙菜·蟹宴 | L2 | 4.7大闸蟹￥188/人 | 点评榜单 | 上海大闸蟹热门榜第1名 | BRN | 国道国·品海风话 | 优雅环境，口味稳定，服务非常好” | C | ￥366 | ￥169 | 4.7折 | 惠 | 【尝鲜】单人餐 | ￥989.8折 | ￥100100元代金券 | 惠,L2 | 4.7大闸蟹￥188/人,结构完整,
CARD-0100,五角场合生汇,马记永·兰州牛肉面,马记永·兰州牛肉面,面馆,3.7,36,B2,rated,True,,rated,parsed,rating_anchor,0.9719,0.9911,56,5,马记永·兰州牛肉面,97.35,100.82,evidence/card_0100.jpg,ocr/input_videos\上海__五角场合生汇__20260824.mp4,马记永·兰州牛肉面 | 国記录 | 凉面串 | 3.7面馆￥36/人 | B2 | 才叫过莫天 | 牛肉面香气扑鼻，汤面鲜美 | “ | ￥41.59.9折 | 惠 | ￥42经典必点单人餐,3.7面馆￥36/人 | B2,结构完整,
CARD-0101,五角场合生汇,APOLIITABAKERY·AP意大利料..,APOLIITABAKERY·AP意大利料,面包蛋糕,3.7,45,L1,rated,True,,rated,parsed,rating_anchor,0.9515,0.9347,57,7,APOLI ITABAKERY·AP意大利料.. | APOLIITABAKERY·AP意利料.. | APOLIITABAKERY·AP意大利料.. | APOLIITABAKERY·AP意大利料...,97.74,103.9,evidence/card_0101.jpg,ocr/input_videos\上海__五角场合生汇__20260824.mp4,APOLIITABAKERY·AP意大利料.. | APOLi | 🌟🌟🌟🌟🌟 | 3.7面包蛋糕￥45/人 | L1 | 点评榜单 | 杨浦区面包蛋糕甜品销量榜第1名 | ASSAPORALTTALIA | 1900 | 「杨酒首店』 | ￥15.8 | ￥24.9意式牧场牛乳鲜吐司 | 6.4折 | 惠 | ￥568.7折 | 惠 | ￥6565元代金券,🌟🌟🌟🌟🌟 | 3.7面包蛋糕￥45/人 | L1,结构完整,
CARD-0102,五角场合生汇,BreadTalk面包新语,BreadTalk面包新语,面包蛋糕,4.0,29,B2,rated,True,,rated,parsed,rating_anchor,0.981,0.9963,55,4,BreadTalk面包新语 | BreadTallk面包新语,100.82,103.9,evidence/card_0102.jpg,ocr/input_videos\上海__五角场合生汇__20260824.mp4,BreadTalk面包新语 | Oalfe Paa Bread | 咖啡帕帕 | 🌟🌟⭐⭐ | B2 | 4.0 | 面包蛋糕￥29/人 | 点评镑单 | 杨浦区面包蛋糕销量榜第8名 | 大蛋糕独享，生日快乐 | 59 | BvTk | ￥26.257.5折 | ￥35爆浆咸蛋黄吐司1份 | 惠 | ￥488.8折 | ￥5555元代金券 | 惠,🌟🌟⭐⭐ | B2 | 4.0 | 面包蛋糕￥29/人,结构完整,
CARD-0103,五角场合生汇,阪枝屋·深海鱼糕,阪枝屋·深海鱼糕,小吃快餐,3.4,26,B2,rated,True,,rated,parsed,rating_anchor,0.9741,0.9846,60,5,阪枝屋·深海鱼糕,100.82,104.09,evidence/card_0103.jpg,ocr/input_videos\上海__五角场合生汇__20260824.mp4,阪枝屋·深海鱼糕 | 3.4小吃快餐￥26/人 | B2 | 阪枝屋 | 鱼かま照 | ￥13.98.7折 | ￥16 | 【精美小吃】原味章. | 惠,3.4小吃快餐￥26/人 | B2,结构完整,
CARD-0104,五角场合生汇,马记水·三州十肉面,马记水·三州十肉面,面馆,3.7,36,B2,rated,True,,rated,parsed,rating_anchor,0.864,0.7928,40,1,马记水·三州十肉面,101.01,101.01,evidence/card_0104.jpg,ocr/input_videos\上海__五角场合生汇__20260824.mp4,马记水·三州十肉面 | 涼面串 | 3.7面馆￥36/人 | B2 | 才叫过莫夫 | 牛肉面香气扑鼻，汤面鲜美” | “ | 惠￥41.59.9折 | ￥42经典必点单人餐,3.7面馆￥36/人 | B2,建议复核,single_observation | low_title_confidence
CARD-0105,五角场合生汇,老香斋,老香斋,快餐简餐,3.7,43,B2,rated,True,,rated,parsed,rating_anchor,0.981,0.9992,61,7,老香斋,101.01,105.82,evidence/card_0105.jpg,ocr/input_videos\上海__五角场合生汇__20260824.mp4,老香斋 | 3.7快餐简餐￥43/人 | B2 | 老香齋 | 是 | ￥9.98.3折 | ￥12 | 惠 | 【限时活动】9.9原味... | ￥959.5折 | 惠 | ￥100100元代金券,3.7快餐简餐￥43/人 | B2,结构完整,
CARD-0106,五角场合生汇,伽喱博士 Dr.CURRY咖喱饭,伽喱博士Dr.CURRY咖喱饭,日式简餐/快餐,4.1,48,B1,rated,True,,rated,parsed,rating_anchor,0.9798,0.9784,54,4,伽喱博士 Dr.CURRY咖喱饭 | 伽喱博士Dr.CURRY咖喱饭,104.09,105.82,evidence/card_0106.jpg,ocr/input_videos\上海__五角场合生汇__20260824.mp4,伽喱博士 Dr.CURRY咖喱饭 | 4.1日式简餐/快餐￥48/人 | 🌟🌟🌟🌟 | B1 | 点评榜单 | 杨浦区日式简餐/快餐好评榜第1名 | 伽喱博士7岁啦 | 毛豆麻香，音乐陪衬，服务周到” | 1 | ￥498.2折 | ￥60招牌现炸猪排单人餐 | 惠,4.1日式简餐/快餐￥48/人 | 🌟🌟🌟🌟 | B1,结构完整,
CARD-0107,五角场合生汇,加个面·新疆料理,加个面·新疆料理,面馆,3.9,40,B2,rated,True,,rated,parsed,rating_anchor,0.9665,0.9907,56,5,加下面·新疆科理 | 加个面·新疆料理,104.09,107.17,evidence/card_0107.jpg,ocr/input_videos\上海__五角场合生汇__20260824.mp4,加个面·新疆料理 | 3.9面馆￥40/人 | B2 | 加人面 | 点评榜单 | 五角场/大学路面馆销量榜第3名 | Eildless Moodle | ￥29.89.4折 | ￥32 | 【新疆特色】丁丁炒面 | 惠,3.9面馆￥40/人 | B2,结构完整,
CARD-0108,五角场合生汇,Pantry's Best派悦坊蛋糕,Pantry'sBest派悦坊蛋糕,面包蛋糕,4.4,47,B2,rated,True,,rated,parsed,rating_anchor,0.9644,0.97,56,5,Pantry's Best派悅坊蛋糕 | Pantry's Best派悦坊蛋糕 | Pantry'sBest派悦坊蛋糕,104.86,107.94,evidence/card_0108.jpg,ocr/input_videos\上海__五角场合生汇__20260824.mp4,Pantry's Best派悦坊蛋糕 | 夏日来杏 | 🌟🌟🌟🌟 | B2 | 面包蛋糕￥47/人 | 4.4 | 点评榜单 | 五角场/大学路面包蛋糕口味榜第8名 | PANTRYSBESTD | ￥398.7折 | ￥45 | 惠 | 【一人食】方块蛋糕 | (..,🌟🌟🌟🌟 | B2 | 面包蛋糕￥47/人 | 4.4,结构完整,
CARD-0109,五角场合生汇,旧村·砂锅焗海鲜,旧村·砂锅焗海鲜,海鲜,4.5,113,L5,rated,True,,rated,parsed,rating_anchor,0.9761,0.9758,55,7,旧村·砂锅焗海鲜,104.86,110.82,evidence/card_0109.jpg,ocr/input_videos\上海__五角场合生汇__20260824.mp4,旧村·砂锅焗海鲜 | 旧村 | 热痛进鲜 | 4.5海鲜￥113/人 | L5 | 🌟🌟🌟🌟🌟 | 点评榜单 | 杨浦区鱼鲜海鲜热门榜第1名 | 开渔啦 | 梭子休息中市 | 服务贴心，好味始终如一 | ” | ￥10.8 | ￥18暴打鸭屎香柠檬茶 | 6折 | 惠 | ￥929.2折 | 惠 | ￥100100元代金券,4.5海鲜￥113/人 | L5 | 🌟🌟🌟🌟🌟,结构完整,
CARD-0110,五角场合生汇,匡朵·厚乳酪裸蛋糕,匡朵·厚乳酪裸蛋糕,面包蛋糕,4.1,35,B2,rated,True,,rated,parsed,rating_anchor,0.9731,0.9876,57,5,匡朵·厚乳酪裸蛋糕,107.17,111.21,evidence/card_0110.jpg,ocr/input_videos\上海__五角场合生汇__20260824.mp4,匡朵·厚乳酪裸蛋糕 | 4.1面包蛋糕￥35/人 | B2 | 玉露相逢 | ￥269.3折 | ￥28招牌切片蛋糕5选1 | 惠 | ￥48 | 39.6折 | ￥5050元代金券 | 惠,4.1面包蛋糕￥35/人 | B2,结构完整,
CARD-0111,五角场合生汇,糖小满·冰糖葫芦,糖小满·冰糖葫芦,小吃快餐,4.1,13,B2,rated,True,,rated,parsed,rating_anchor,0.9721,0.9843,55,5,糖小满·冰糖葫芦,107.17,111.21,evidence/card_0111.jpg,ocr/input_videos\上海__五角场合生汇__20260824.mp4,糖小满·冰糖葫芦 | 4.1小吃快餐￥13/人 | B2 | 进京清 | ￥20冰板栗200g | ￥6.93.5折 | 惠,4.1小吃快餐￥13/人 | B2,结构完整,
CARD-0112,五角场合生汇,FASCINO BAKERY,FASCINOBAKERY,甜品,4.1,50,L1,rated,True,,rated,parsed,rating_anchor,0.9647,0.9788,50,6,FASCINO BAKERY,107.94,113.32,evidence/card_0112.jpg,ocr/input_videos\上海__五角场合生汇__20260824.mp4,FASCINO BAKERY | L1 | ⭐🌟⭐⭐ | 甜品￥50/人 | 4.1 | 点评榜单 | 杨浦区甜品热门榜第3名 | FASCINO | EACIY ACAE | “服务一流，舒芙蕾现做，超值” | 轻风PO | - | ￥308.2折 | 惠 | ￥37能量加“贝”套餐,L1 | ⭐🌟⭐⭐ | 甜品￥50/人 | 4.1,结构完整,
CARD-0113,五角场合生汇,燕之屋·燕窝,燕之屋·燕窝,滋补品,3.8,1603,B2,rated,True,,rated,parsed,rating_anchor,0.9769,0.9872,55,3,燕之屋·燕窝,111.21,113.32,evidence/card_0113.jpg,ocr/input_videos\上海__五角场合生汇__20260824.mp4,燕之屋·燕窝 | 中秋送碗燕 | 3.8滋补品￥1603/人 | B2 | 健康共团圆 | ￥7195.6折 | ￥1290 | 【浮雕礼盒】鲜炖.. | 惠,3.8滋补品￥1603/人 | B2,结构完整,
CARD-0114,五角场合生汇,琦王花生,琦王花生,栗子/干果,3.9,40,B2,rated,True,,rated,parsed,rating_anchor,0.9764,0.997,56,2,琦王花生,111.98,113.32,evidence/card_0114.jpg,ocr/input_videos\上海__五角场合生汇__20260824.mp4,琦王花生 | 琦王 | ⭐🌟🌟🌟🌟 | B2 | 3.9栗子/干果￥40/人 | 花生 | 小锅·慢炒 | 惠￥19.8￥19.8红山雪葵(原味瓜子),⭐🌟🌟🌟🌟 | B2 | 3.9栗子/干果￥40/人,结构完整,
CARD-0115,五角场合生汇,冷面张·烤冷面,冷面张·烤冷面,快餐简餐,3.9,24,B2,rated,True,,rated,parsed,rating_anchor,0.977,0.992,57,5,冷面张·烤冷面,111.98,114.86,evidence/card_0115.jpg,ocr/input_videos\上海__五角场合生汇__20260824.mp4,冷面张·烤冷面 | 张张好冷面 | 张张东色 | 🌟🌟🌟🌟🌟 | B2 | 3.9 | 快餐简餐￥24/人 | 点评榜单 | 五角场/大学路小吃快餐打卡人气榜第8名 | 冷面张 | LENG MIAN ZHANG | ￥18.87.9折 | 惠 | ￥24冷面尝鲜单人餐,🌟🌟🌟🌟🌟 | B2 | 3.9 | 快餐简餐￥24/人,结构完整,
CARD-0116,五角场合生汇,Mamatata·塔塔商店,Mamatata·塔塔商店,小吃,4.2,50,B2,rated,True,,rated,parsed,rating_anchor,0.9729,0.9865,54,3,Mamatata·塔塔商店,114.09,114.86,evidence/card_0116.jpg,ocr/input_videos\上海__五角场合生汇__20260824.mp4,Mamatata·塔塔商店 | MAMATATA塔塔商店 | 4.2小吃￥50/人 | B2 | 🌟🌟🌟🌟 | ★ | 点评镑单 | 五角场/大学路小吃环境榜第1名 | MaMa | ￥33.6 | ￥28.8 | 8.6折 | 【塔塔招牌】骨香.. | 惠 | ￥909折 | 惠 | ￥100100元代金券,4.2小吃￥50/人 | B2 | 🌟🌟🌟🌟 | ★,结构完整,
CARD-0118,五角场合生汇,成都你六姐·牛肉冒菜·麻辣香锅,成都你六姐·牛肉冒菜·麻辣香锅,小吃快餐,3.8,43,B2,rated,True,,rated,parsed,rating_anchor,0.9796,0.9863,57,7,成都你六姐·牛肉冒菜·麻辣香锅,114.09,118.52,evidence/card_0118.jpg,ocr/input_videos\上海__五角场合生汇__20260824.mp4,成都你六姐·牛肉冒菜·麻辣香锅 | 成得你六姐 | 中 | 9周年庆 | B2 | 🌟🌟🌟🌟🌟 | 3.8小吃快餐￥43/人 | XONS | 9/9-9/1送水杯抽盲盒 | ￥29.9 | 9.7折 | ￥28.9 | 【重磅新品】六姐. | 惠,B2 | 🌟🌟🌟🌟🌟 | 3.8小吃快餐￥43/人,结构完整,
CARD-0119,五角场合生汇,留夫鸭・鲜卤土鸭,留夫鸭·鲜卤土鸭,卤味鸭脖,3.6,32,B2,rated,True,,rated,parsed,rating_anchor,0.9352,0.9282,54,4,留夫鸭·鲜卤土鸭 | 留夫鸭・鲜卤土鸭,116.98,118.52,evidence/card_0119.jpg,ocr/input_videos\上海__五角场合生汇__20260824.mp4,留夫鸭・鲜卤土鸭 | 贸大国 | 夏日解馋选土鸭 | 鲜卤慢燉出真味 | 3.6卤味鸭脖￥32/人 | B2 | 吃鲜卤土鸭就找留夫鸭 | ￥19.87.7折 | ￥25.87 | 惠 | 【夏日拼团季】,3.6卤味鸭脖￥32/人 | B2,结构完整,
CARD-0120,五角场合生汇,有堂古·甘草水果·鲜榨果汁,有堂古·甘草水果·鲜榨果汁,水果店,4.0,28,L4,rated,True,,rated,parsed,rating_anchor,0.9825,0.9681,53,4,有堂古·甘草水果·鲜榨果汁,116.98,118.52,evidence/card_0120.jpg,ocr/input_videos\上海__五角场合生汇__20260824.mp4,有堂古·甘草水果·鲜榨果汁 | 有堂古 | 潮汕阿媛 | L4 | 🌟🌟🌟⭐ | ￥28/人 | 4.0水果店 | ★ | 点评榜单 | 杨浦区水果店热门榜第1名 | 推荐甘草水果，下次再来尝尝 | ￥22.8 | 8.9折 | ￥25.8 | 惠 | 【潮汕水果】尝鲜. | 惠 | ￥0.5 | 2.5折 | ￥22元代金券,L4 | 🌟🌟🌟⭐ | ￥28/人 | 4.0水果店 | ★,结构完整,
CARD-0121,五角场合生汇,德罗心DELORSIM,德罗心DELORSIM,甜品,4.4,138,B2,rated,True,,rated,parsed,rating_anchor,0.9755,0.995,54,5,德罗心DELORSIM,116.98,118.9,evidence/card_0121.jpg,ocr/input_videos\上海__五角场合生汇__20260824.mp4,德罗心DELORSIM | DeLorsim | 德罗心 | 🌟🌟⭐⭐ | 甜品￥138/人 | B2 | 4.4 | ★ | 点评榜单 | 杨浦区甜品口味榜第3名 | 籽籽真心 | 4.2折 | ￥19.9 | ￥48 | 【双层系列】水果多.. | 惠 | ￥459折 | ￥5050元代金券 | 惠,🌟🌟⭐⭐ | 甜品￥138/人 | B2 | 4.4 | ★,结构完整,
CARD-0122,五角场合生汇,Potato Corner,PotatoCorner,西式快餐,4.1,30,L4,rated,True,,rated,parsed,rating_anchor,0.9844,0.9924,51,5,Potato | Potato Corner,118.52,120.63,evidence/card_0122.jpg,ocr/input_videos\上海__五角场合生汇__20260824.mp4,Potato Corner | ⭐🌟⭐⭐🌟 | 4.1西式快餐￥30/人 | L4 | POTATO | CORNER | ￥42.99折 | ￥48超值三拼单人餐 | 惠 | ￥279折 | ￥30 | 惠 | 【工作日专享】30元代金券,⭐🌟⭐⭐🌟 | 4.1西式快餐￥30/人 | L4,结构完整,
CARD-0123,五角场合生汇,金匠寿司,金匠寿司,寿司,4.4,108,B2,rated,True,,rated,parsed,rating_anchor,0.9867,0.9999,57,4,金匠寿司,118.9,120.63,evidence/card_0123.jpg,ocr/input_videos\上海__五角场合生汇__20260824.mp4,1月20日 | 金匠寿司 | 2和快上新 | ⭐🌟⭐⭐ | B2 | 4.4寿司￥108/人 | 点评榜单 | 杨浦区寿司热门榜第1名 | 另外，店内还设置了失物招领页面 | “,⭐🌟⭐⭐ | B2 | 4.4寿司￥108/人,结构完整,
CARD-0124,五角场合生汇,烧鸟一番,烧鸟一番,日式烧烤/烤肉,3.9,39,B2,rated,True,,rated,parsed,rating_anchor,0.9802,0.9983,63,5,烧鸟一番,118.9,121.6,evidence/card_0124.jpg,ocr/input_videos\上海__五角场合生汇__20260824.mp4,烧鸟一番 | 新鲜食材 | 🌟🌟⭐🌟🌟 | B2 | 3.9 | 日式烧烤/烤肉￥39/人 | 现点现烤,🌟🌟⭐🌟🌟 | B2 | 3.9 | 日式烧烤/烤肉￥39/人,结构完整,
CARD-0125,五角场合生汇,肉肉大米,肉肉大米,日本料理,4.3,77,B1,rated,True,,rated,parsed,rating_anchor,0.9791,0.9996,59,5,肉肉大米,118.9,121.6,evidence/card_0125.jpg,ocr/input_videos\上海__五角场合生汇__20260824.mp4,浦东世纪汇 | 肉肉大米 | 🌟🌟⭐ | 日本料理￥77/人 | B1 | 4.3 | 点评榜单 | 五角场/大学路日本料理热门榜第5名 | 盛大开业,🌟🌟⭐ | 日本料理￥77/人 | B1 | 4.3,结构完整,
CARD-0126,五角场合生汇,天天·天妇罗专门店,天天·天妇罗专门店,日本料理,4.3,82,B2,rated,True,,rated,parsed,rating_anchor,0.9779,0.9932,54,5,天天·天妇罗专门店,119.29,121.98,evidence/card_0126.jpg,ocr/input_videos\上海__五角场合生汇__20260824.mp4,期间限定 | 天天·天妇罗专门店 | 🌟🌟🌟⭐ | B2 | 日本料理￥82/人 | 4.3 | ★,🌟🌟🌟⭐ | B2 | 日本料理￥82/人 | 4.3 | ★,结构完整,
CARD-0127,五角场合生汇,小绪牧场·自助小火锅,小绪牧场·自助小火锅,小火锅,3.8,65,B2,rated,True,,rated,parsed,rating_anchor,0.9957,0.9919,54,4,小绪牧场·自助小火锅,120.63,122.75,evidence/card_0127.jpg,ocr/input_videos\上海__五角场合生汇__20260824.mp4,小绪牧场·自助小火锅 | 畅 | 吃 | B2 | 🌟🌟🌟🌟🌟 | ￥65/人 | 小火锅 | 3.8,B2 | 🌟🌟🌟🌟🌟 | ￥65/人 | 小火锅 | 3.8,结构完整,
CARD-0128,五角场合生汇,亚正夺可,亚正夺可,寿司,4.4,108,B2,rated,True,,rated,parsed,rating_anchor,0.7663,0.574,34,1,亚正夺可,121.6,121.6,evidence/card_0128.jpg,ocr/input_videos\上海__五角场合生汇__20260824.mp4,1F勒快上新 | 亚正夺可 | 🌟🌟🌟🌟 | B2 | 4.4寿司￥108/人 | 点评镑单 | 杨浦区寿司热门榜第1名 | 另外，店内还设置了失物招领页面 | “,🌟🌟🌟🌟 | B2 | 4.4寿司￥108/人,建议复核,single_observation | low_title_confidence
CARD-0129,五角场合生汇,浩海火燒雲傣家菜,浩海火烧云傣家菜,云南菜滇菜,4.6,104,L2,rated,True,,rated,parsed,rating_anchor,0.9972,0.9976,55,4,浩海火燒雲傣家菜,121.6,124.29,evidence/card_0129.jpg,ocr/input_videos\上海__五角场合生汇__20260824.mp4,浩海火燒雲傣家菜 | 浩海火燒雲 | L2 | 🌟🌟🎉🌟🌟 | 云南菜滇菜 | ￥104/人 | 4.6 | 家菜 | 点评榜单 | 杨浦区云南菜|滇菜热门榜第1名 | B | 换款10月发会,L2 | 🌟🌟🎉🌟🌟 | 云南菜滇菜 | ￥104/人 | 4.6,结构完整,
CARD-0134,五角场合生汇,Manner Coff ee,MannerCoffee,咖啡,4.3,20,B2,rated,True,,rated,parsed,rating_anchor,0.9501,0.9578,54,3,Manner Coff ee | Manner Coffee,124.29,125.64,evidence/card_0134.jpg,ocr/input_videos\上海__五角场合生汇__20260824.mp4,Manner Coff ee | 🌟🌟🌟🎉 | 咖啡￥20/人 | B2 | 4.3 | ★ | MANNER,🌟🌟🌟🎉 | 咖啡￥20/人 | B2 | 4.3 | ★,结构完整,
CARD-0135,五角场合生汇,OTALEG意大利手作冰淇淋,OTALEG意大利手作冰淇淋,冰淇淋,4.0,32,L5,rated,True,,rated,parsed,rating_anchor,0.9816,0.9993,48,3,OTALEG意大利手作冰淇淋,125.06,127.37,evidence/card_0135.jpg,ocr/input_videos\上海__五角场合生汇__20260824.mp4,OTALEG意大利手作冰淇淋 | L5 | ⭐🌟🌟⭐ | 冰淇淋￥32/人 | 4.0 | ★ | 一试难忘，各种口味皆可试吃 | “ | 暂停营业,L5 | ⭐🌟🌟⭐ | 冰淇淋￥32/人 | 4.0 | ★,结构完整,
CARD-0136,五角场合生汇,Manner Coffee,MannerCoffee,咖啡,4.1,20,L1,rated,True,,rated,parsed,rating_anchor,0.9548,0.9439,55,3,Manner Coffee,125.06,127.37,evidence/card_0136.jpg,ocr/input_videos\上海__五角场合生汇__20260824.mp4,Manner Coffee | 4.1咖啡￥20/人 | 🌟🌟⭐🌟 | L1 | ★ | MANNER,4.1咖啡￥20/人 | 🌟🌟⭐🌟 | L1 | ★,结构完整,
CARD-0137,五角场合生汇,大胡子冰可可,大胡子冰可可,茶饮果汁,3.8,20,B1,rated,True,,rated,parsed,rating_anchor,0.9822,0.9994,51,5,大胡子冰可可,125.06,128.72,evidence/card_0137.jpg,ocr/input_videos\上海__五角场合生汇__20260824.mp4,大胡子冰可可 | 🌟🌟🎉🌟⭐ | 茶饮果汁￥20/人 | B1 | 3.8,🌟🌟🎉🌟⭐ | 茶饮果汁￥20/人 | B1 | 3.8,结构完整,
CARD-0138,五角场合生汇,星巴克臻选,星巴克臻选,咖啡,4.2,53,L1,rated,True,,rated,parsed,rating_anchor,0.9742,0.9982,55,3,星巴克臻选,127.37,128.72,evidence/card_0138.jpg,ocr/input_videos\上海__五角场合生汇__20260824.mp4,星巴克臻选 | 🌟🌟🌟🌟 | 咖啡￥53/人 | L1 | 4.2 | 点评榜单 | 杨浦区咖啡打卡人气榜第5名,🌟🌟🌟🌟 | 咖啡￥53/人 | L1 | 4.2,结构完整,
CARD-0139,五角场合生汇,布歌东京,布歌东京,甜品,4.4,137,B2,rated,True,,rated,parsed,rating_anchor,0.9803,0.9989,56,4,布歌东京,127.37,129.68,evidence/card_0139.jpg,ocr/input_videos\上海__五角场合生汇__20260824.mp4,布歌东京 | 石榴红提 | B2 | 🌟🌟🌟🌟 | 甜品￥137/人 | 4.4 | 点评榜单 | 杨浦区甜品口味榜第4名,B2 | 🌟🌟🌟🌟 | 甜品￥137/人 | 4.4,结构完整,
CARD-0140,五角场合生汇,白玉兰食品甜凤店,白玉兰食品甜凤店,包子,4.1,35,B2,rated,True,,rated,parsed,rating_anchor,0.9994,0.9992,51,4,白玉兰食品甜凤店,127.37,129.68,evidence/card_0140.jpg,ocr/input_videos\上海__五角场合生汇__20260824.mp4,白玉兰食品甜凤店 | B2 | 🌟🌟★★ | 4.1 | ￥35/人 | 包子 | 点评榜单 | 杨浦区包子好评榜第1名 | 石头先生的烤炉,B2 | 🌟🌟★★ | 4.1 | ￥35/人 | 包子,结构完整,
CARD-0141,五角场合生汇,石头先生的烤炉,石头先生的烤炉,面包蛋糕,4.2,31,B2,rated,True,,rated,parsed,rating_anchor,0.9986,0.9988,54,3,石头先生的烤炉,127.95,129.68,evidence/card_0141.jpg,ocr/input_videos\上海__五角场合生汇__20260824.mp4,石头先生的烤炉 | S5A | 新品 | 上市 | ￥31/人 | 🌟🌟🌟 | 面包蛋糕 | B2 | 4.2 | 吐司奶香十，栗子味刚好 | 暂停营业,￥31/人 | 🌟🌟🌟 | 面包蛋糕 | B2 | 4.2,结构完整,
CARD-0142,五角场合生汇,雷允上,雷允上,滋补品,3.7,,B2,rated,True,,rated,parsed,rating_anchor,0.9997,0.9995,64,6,雷允上,127.95,131.02,evidence/card_0142.jpg,ocr/input_videos\上海__五角场合生汇__20260824.mp4,雷允上 | 读充上 | 🌟🌟🌟🌟🌟 | 滋补品 | B2 | 3.7,🌟🌟🌟🌟🌟 | 滋补品 | B2 | 3.7,结构完整,
CARD-0143,五角场合生汇,禛吉斋,禛吉斋,美食,3.3,168,B2,rated,True,,rated,parsed,rating_anchor,0.9735,0.9723,59,4,禛吉斋,129.68,131.02,evidence/card_0143.jpg,ocr/input_videos\上海__五角场合生汇__20260824.mp4,禛吉斋 | 昌示 | 盛古 | 月法 | 🌟🌟🌟 | 3.3美食￥168/人 | B2 | ⭐⭐ | 银に | 新 | 心,🌟🌟🌟 | 3.3美食￥168/人 | B2 | ⭐⭐,结构完整,
CARD-0145,五角场合生汇,万益蓝WONDERLAB,万益蓝WONDERLAB,零食,3.9,,B1,rated,True,,rated,parsed,rating_anchor,0.999,0.9984,51,4,万益蓝WONDERLAB,130.25,132.76,evidence/card_0145.jpg,ocr/input_videos\上海__五角场合生汇__20260824.mp4,万益蓝WONDERLAB | ⭐🌟💥⭐3.9 | 零食 | B1 | 万益蓝 | ó | WONDERLAB,⭐🌟💥⭐3.9 | 零食 | B1,结构完整,
CARD-0146,五角场合生汇,WenTinG文汀·半糖蛋糕,WenTinG文汀·半糖蛋糕,甜品,4.8,136,L5,rated,True,,rated,parsed,rating_anchor,0.9924,0.985,50,6,WenTinG文汀·半糖蛋糕,130.25,133.72,evidence/card_0146.jpg,ocr/input_videos\上海__五角场合生汇__20260824.mp4,WenTinG文汀·半糖蛋糕 | 🌟🌟⭐⭐🌟 | L5 | 甜品 | ￥136/人 | 4.8 | 点评榜单 | 杨浦区甜品口味榜第1名 | 口感极佳，团购价优惠再升级” | VenTinG | “,🌟🌟⭐⭐🌟 | L5 | 甜品 | ￥136/人 | 4.8,结构完整,
CARD-0147,五角场合生汇,米村拌饭,米村拌饭,快餐简餐,4.4,32,L5,rated,True,,rated,parsed,rating_anchor,0.9985,0.9993,56,6,米村拌饭,130.25,133.72,evidence/card_0147.jpg,ocr/input_videos\上海__五角场合生汇__20260824.mp4,米村拌饭 | 米村 | ⭐🌟🌟🌟 | 4.4快餐简餐 | ￥32/人 | L5 | 拌饭 | 点评榜单 | 五角场/大学路小吃快餐服务榜第5名,⭐🌟🌟🌟 | 4.4快餐简餐 | ￥32/人 | L5,结构完整,
CARD-0148,五角场合生汇,喜多藏・日式便当,喜多藏·日式便当,快餐简餐,3.5,,B2,rated,True,,rated,parsed,rating_anchor,0.9884,0.9793,56,5,喜多藏・日式便当,132.76,135.83,evidence/card_0148.jpg,ocr/input_videos\上海__五角场合生汇__20260824.mp4,喜多藏・日式便当 | 🌟⭐🌟⭐3.5 | B2 | 快餐简餐 | 美食,🌟⭐🌟⭐3.5 | B2 | 快餐简餐,结构完整,
CARD-0149,五角场合生汇,春风松月楼,春风松月楼,小吃,3.8,23,B2,rated,True,,rated,parsed,rating_anchor,0.9724,0.9989,55,6,春风松月楼,132.76,136.8,evidence/card_0149.jpg,ocr/input_videos\上海__五角场合生汇__20260824.mp4,春风松月楼 | 🌟🌟🌟🌟 | B2 | 小吃￥23/人 | 3.8 | 点评榜单 | 五角场/大学路小吃热门榜第5名 | 百年松月楼·素食匠心造,🌟🌟🌟🌟 | B2 | 小吃￥23/人 | 3.8,结构完整,
CARD-0150,五角场合生汇,喜六月冰糖葫芦,喜六月冰糖葫芦,小吃快餐,3.9,19,B2,rated,True,,rated,parsed,rating_anchor,0.9993,0.9997,51,6,喜六月冰糖葫芦,132.76,136.8,evidence/card_0150.jpg,ocr/input_videos\上海__五角场合生汇__20260824.mp4,喜六月冰糖葫芦 | ⭐🌟🌟🌟🌟 | B2 | ￥19/人 | 小吃快餐 | 3.9,⭐🌟🌟🌟🌟 | B2 | ￥19/人 | 小吃快餐 | 3.9,结构完整,
CARD-0151,五角场合生汇,上海哈尔滨食品厂,上海哈尔滨食品厂,面包蛋糕,3.6,,B2,rated,True,,rated,parsed,rating_anchor,0.9983,0.9995,51,5,上海哈尔滨食品厂,132.95,136.8,evidence/card_0151.jpg,ocr/input_videos\上海__五角场合生汇__20260824.mp4,上海哈尔滨食品厂 | 哈氏 | 🌟🌟🌟🌟🌟 | B2 | 3.6面包蛋糕 | ￥471人,🌟🌟🌟🌟🌟 | B2 | 3.6面包蛋糕 | ￥471人,结构完整,
CARD-0152,五角场合生汇,不付仟收,不付仟收,快餐简餐,4.4,32,L5,rated,True,,rated,parsed,rating_anchor,0.7772,0.558,34,1,不付仟收,135.26,135.26,evidence/card_0152.jpg,ocr/input_videos\上海__五角场合生汇__20260824.mp4,不付仟收 | 米村 | 🌟🌟🌟⭐ | L5 | ￥32/人 | 快餐简餐 | 4.4 | 拌饭 | 点评榜单 | 五角场/大学路小吃快餐服务榜第5名,🌟🌟🌟⭐ | L5 | ￥32/人 | 快餐简餐 | 4.4,建议复核,single_observation | low_title_confidence
CARD-0154,五角场合生汇,不村仟吸,不村仟吸,快餐简餐,4.4,32,L5,rated,True,,rated,parsed,rating_anchor,0.7489,0.5025,34,1,不村仟吸,135.83,135.83,evidence/card_0154.jpg,ocr/input_videos\上海__五角场合生汇__20260824.mp4,不村仟吸 | 米村 | L5 | 🌟🌟⭐⭐ | ￥32/人 | 快餐简餐 | 4.4 | 拌饭 | 点评榜单 | 五角场/大学路小吃快餐服务榜第5名,L5 | 🌟🌟⭐⭐ | ￥32/人 | 快餐简餐 | 4.4,建议复核,single_observation | low_title_confidence
CARD-0163,五角场合生汇,KE VAIN,KEVAIN,服装,4.5,1988,L2,rated,True,,rated,parsed,rating_anchor,0.9441,0.9125,34,3,KE VAIN,142.38,150.65,evidence/card_0163.jpg,ocr/input_videos\上海__五角场合生汇__20260824.mp4,KE VAIN | L2 | 4.5服装￥1988/人 | 🌟🌟🎉🌟🌟,L2 | 4.5服装￥1988/人 | 🌟🌟🎉🌟🌟,结构完整,
CARD-0164,五角场合生汇,ubag,ubag,箱包,3.4,,B1,rated,True,,rated,parsed,rating_anchor,0.9479,0.9993,72,7,ubag,142.38,150.65,evidence/card_0164.jpg,ocr/input_videos\上海__五角场合生汇__20260824.mp4,ubag | ⭐🌟⭐⭐⭐3.4箱包 | B1,⭐🌟⭐⭐⭐3.4箱包 | B1,结构完整,
CARD-0166,五角场合生汇,索尼PlayStation PS5授权店,索尼PlayStationPS5授权店,数码产品,4.5,2142,L4,rated,True,,rated,parsed,rating_anchor,0.9756,0.982,54,7,索尼PlayStation PS5授权店 | 索尼PlayStationPS5授权店,142.38,151.23,evidence/card_0166.jpg,ocr/input_videos\上海__五角场合生汇__20260824.mp4,索尼PlayStation PS5授权店 | 4.5数码产品￥2142/人 | L4 | 工作人员耐心讲解，游戏租赁服务超划算”,4.5数码产品￥2142/人 | L4,结构完整,
CARD-0167,五角场合生汇,LOVE&LOVE,LOVE&LOVE,内衣,3.3,659,B1,rated,True,,rated,parsed,rating_anchor,0.981,0.9922,45,7,LOVE&LOVE,142.38,153.15,evidence/card_0167.jpg,ocr/input_videos\上海__五角场合生汇__20260824.mp4,LOVE&LOVE | LONLSIOAT | 3.3内衣￥659/人 | B1 | 🌟🌟🌟 | ★★ | 聚拢效果超赞，内衣再也不空杯跑杯”,3.3内衣￥659/人 | B1 | 🌟🌟🌟 | ★★,结构完整,
CARD-0168,五角场合生汇,上海市消费帮扶百县百品直营店,上海市消费帮扶百县百品直营店,购物,3.8,,B2,rated,True,,rated,parsed,rating_anchor,0.9994,0.9988,51,8,上海市消费帮扶百县百品直营店,142.38,153.34,evidence/card_0168.jpg,ocr/input_videos\上海__五角场合生汇__20260824.mp4,上海市消费帮扶百县百品直营店 | ⭐🌟🌟🌟⭐ | 购物 | B2 | 3.8 | 素蚝油价格实惠，蔬菜烫拌超好吃,⭐🌟🌟🌟⭐ | 购物 | B2 | 3.8,结构完整,
CARD-0169,五角场合生汇,DR钻戒,DR钻戒,钻石彩宝,4.8,21088,L1,rated,True,,rated,parsed,rating_anchor,0.9784,0.9986,58,4,DR钻戒,143.91,257.43,evidence/card_0169.jpg,ocr/input_videos\上海__五角场合生汇__20260824.mp4,DR钻戒 | IR | 一生次超务一人 | 4.8钻石彩宝￥21088/人 | L1 | 园 | 一生只送一人的浪漫，接待很热情 | ≤≤ | ￥49509.9折 | ￥5000.01代金券 | 惠,4.8钻石彩宝￥21088/人 | L1,结构完整,
CARD-0170,五角场合生汇,VIEAING薇迎女装,VIEAING薇迎女装,服饰鞋包,3.6,,L3,rated,True,,rated,parsed,rating_anchor,0.9582,0.9925,54,1,VIEAING薇迎女装,143.91,143.91,evidence/card_0170.jpg,ocr/input_videos\上海__五角场合生汇__20260824.mp4,VIEAING薇迎女装 | VIEAING | ⭐⭐⭐3.6服饰鞋包 | L3,⭐⭐⭐3.6服饰鞋包 | L3,建议复核,single_observation
CARD-0171,五角场合生汇,GuGuGuGu,GuGuGuGu,杂货礼品,3.8,,L4,rated,True,,rated,parsed,rating_anchor,0.9984,0.9987,47,2,GuGuGuGu,143.91,147.57,evidence/card_0171.jpg,ocr/input_videos\上海__五角场合生汇__20260824.mp4,(合生汇中影国际影.. | GuGuGuGu | nw | 3.8杂货礼品 | 🌟🌟⭐🌟⭐ | L4,3.8杂货礼品 | 🌟🌟⭐🌟⭐ | L4,结构完整,
CARD-0172,五角场合生汇,Binkeke Aunacici,BinkekeAunacici,服装,3.7,,L3,rated,True,,rated,parsed,rating_anchor,0.9977,0.9957,54,4,Binkeke Aunacici,143.91,148.15,evidence/card_0172.jpg,ocr/input_videos\上海__五角场合生汇__20260824.mp4,Binkeke Aunacici | 服装 | ⭐🌟🌟🌟🌟 | L3 | 3.7 | 点评榜单 | 五角场/大学路服装热门榜第8名,服装 | ⭐🌟🌟🌟🌟 | L3 | 3.7,结构完整,
CARD-0173,五角场合生汇,Apple零售店,Apple零售店,数码产品,3.3,6647,L1,rated,True,,rated,parsed,rating_anchor,0.9867,0.9994,65,4,Apple零售店,143.91,148.15,evidence/card_0173.jpg,ocr/input_videos\上海__五角场合生汇__20260824.mp4,Apple零售店 | 3.3数码产品￥6647/人 | ⭐🌟⭐ | ★★ | L1 | “换电池丝滑，停车方便”,3.3数码产品￥6647/人 | ⭐🌟⭐ | ★★ | L1,结构完整,
CARD-0174,五角场合生汇,RE'VAN,RE'VAN,服装,4.5,1988,L2,rated,True,,rated,parsed,rating_anchor,0.9639,0.9638,56,5,RE'VAN,143.91,149.49,evidence/card_0174.jpg,ocr/input_videos\上海__五角场合生汇__20260824.mp4,KC | RE'VAN | 4.5服装￥1988/人 | L2,4.5服装￥1988/人 | L2,结构完整,
CARD-0175,五角场合生汇,冰川IBINGCHUAN,冰川IBINGCHUAN,服饰鞋包,4.6,318,商场内,rated,True,,rated,parsed,rating_anchor,0.9653,0.9698,48,4,冰川IBING CHUAN | 冰川IBINGCHUAN,151.23,153.34,evidence/card_0175.jpg,ocr/input_videos\上海__五角场合生汇__20260824.mp4,冰川IBINGCHUAN | BINGCHUAN | 服饰鞋包￥318/人 | 商场内 | 🌟🌟🌟🌟 | 4.6 | 零 | ATAT,服饰鞋包￥318/人 | 商场内 | 🌟🌟🌟🌟 | 4.6,结构完整,
CARD-0176,五角场合生汇,上海故事,上海故事,服装,4.0,627,L2,rated,True,,rated,parsed,rating_anchor,0.98,1.0,56,6,上海故事,151.23,154.5,evidence/card_0176.jpg,ocr/input_videos\上海__五角场合生汇__20260824.mp4,好百到 | 上海故事 | 上品审 | ⭐🌟⭐⭐ | L2 | 4.0服装￥627/人 | ★ | 老牌子值得推荐，面料大气实用”,⭐🌟⭐⭐ | L2 | 4.0服装￥627/人 | ★,结构完整,
CARD-0177,五角场合生汇,ARIOSE Years,ARIOSEYears,服装,3.7,,L2,rated,True,,rated,parsed,rating_anchor,0.9805,0.9615,52,6,ARIOSE Years,151.23,154.5,evidence/card_0177.jpg,ocr/input_videos\上海__五角场合生汇__20260824.mp4,ARIOSE Years | L2 | 服装 | ⭐🌟🌟🌟🌟 | 3.7 | 春季新款上线，服装店美翻了”,L2 | 服装 | ⭐🌟🌟🌟🌟 | 3.7,结构完整,
CARD-0178,五角场合生汇,HOPESHOW,HOPESHOW,服装,4.8,1404,L2,rated,True,,rated,parsed,rating_anchor,0.9731,0.9995,45,5,HOPESHOW,152.0,154.5,evidence/card_0178.jpg,ocr/input_videos\上海__五角场合生汇__20260824.mp4,HOPESHOW | HOPESHOW | L2 | 🌟🌟🌟🌟🌟 | 服装￥1404/人 | 4.8 | 点评榜单 | 五角场/大学路服装好评榜第8名 | 可爱小熊猫治愈人心，快闪店打卡有好礼,L2 | 🌟🌟🌟🌟🌟 | 服装￥1404/人 | 4.8,结构完整,
CARD-0179,五角场合生汇,Degre Zero·微奢零度,DegreZero·微奢零度,服装,3.5,,L2,rated,True,,rated,parsed,rating_anchor,0.9892,0.9785,63,4,Degre Zero·微奢零度,153.34,156.23,evidence/card_0179.jpg,ocr/input_videos\上海__五角场合生汇__20260824.mp4,Degre Zero·微奢零度 | 服装 | 🌟🌟🌟🌟⭐ | L2 | 3.5,服装 | 🌟🌟🌟🌟⭐ | L2 | 3.5,结构完整,
CARD-0180,五角场合生汇,EVISU,EVISU,服饰鞋包,3.9,1144,L2,rated,True,,rated,parsed,rating_anchor,0.9841,0.9973,50,6,EVISU,154.11,158.54,evidence/card_0180.jpg,ocr/input_videos\上海__五角场合生汇__20260824.mp4,EVISU | 🌟🌟🌟🌟🌟 | L2 | 服饰鞋包￥1144/人 | 3.9 | EVISU,🌟🌟🌟🌟🌟 | L2 | 服饰鞋包￥1144/人 | 3.9,结构完整,
CARD-0181,五角场合生汇,PSO brand,PSObrand,服装,4.3,,B1,rated,True,,rated,parsed,rating_anchor,0.9893,0.9789,49,6,PSO brand | PsO brand,154.11,158.54,evidence/card_0181.jpg,ocr/input_videos\上海__五角场合生汇__20260824.mp4,PSO brand | Pso brande | 🌟🌟🌟🌟 | 服装 | B1 | 4.3 | ★ | 国 | 点评榜单 | 杨浦区服装热门榜第2名 | 韩系平价女装，逛街必打卡,🌟🌟🌟🌟 | 服装 | B1 | 4.3 | ★,结构完整,
CARD-0182,五角场合生汇,WOWLOOK金珍多,WOWLOOK金珍多,服饰鞋包,4.2,,B1,rated,True,,rated,parsed,rating_anchor,0.9918,0.984,54,4,WOWLOOK金珍多,156.23,158.54,evidence/card_0182.jpg,ocr/input_videos\上海__五角场合生汇__20260824.mp4,WOWLOOK金珍多 | ⭐🌟⭐⭐ | B1 | 服饰鞋包 | 4.2 | ★ | 饰品金包银，款式超好看,⭐🌟⭐⭐ | B1 | 服饰鞋包 | 4.2 | ★,结构完整,
CARD-0183,五角场合生汇,FLAGLADY,FLAGLADY,服装,4.2,1061,L2,rated,True,,rated,parsed,rating_anchor,0.9856,0.9981,48,5,FLAGLADY,156.23,158.92,evidence/card_0183.jpg,ocr/input_videos\上海__五角场合生汇__20260824.mp4,FLAGLADY | ⭐🌟🌟⭐ | L2 | 4.2服装￥1061/人 | ★,⭐🌟🌟⭐ | L2 | 4.2服装￥1061/人 | ★,结构完整,
CARD-0184,五角场合生汇,Serta舒达床垫,Serta舒达床垫,成品家具,4.8,16040,L3,rated,True,,rated,parsed,rating_anchor,0.9861,0.9973,54,7,Serta舒达床垫,156.23,159.88,evidence/card_0184.jpg,ocr/input_videos\上海__五角场合生汇__20260824.mp4,Serta舒达床垫 | Serta | 🌟🌟🌟🌟🌟 | L3 | 4.8成品家具￥16040/人 | 点评榜单 | Atways Comfortoble. | 杨浦区家具家居好评榜第2名 | 舒达床垫 | 服务细节到位，智能床体验超赞 | G | ￥1￥3000 | 【超值焕新】 | 惠 | 舒达以旧换新...,🌟🌟🌟🌟🌟 | L3 | 4.8成品家具￥16040/人,结构完整,
CARD-0185,五角场合生汇,DegreLero·微百令反,DegreLero·微百令反,服装,3.5,,L2,rated,True,,rated,parsed,rating_anchor,0.9058,0.8228,37,1,DegreLero·微百令反,156.61,156.61,evidence/card_0185.jpg,ocr/input_videos\上海__五角场合生汇__20260824.mp4,DegreLero·微百令反 | 3.5服装 | L2,3.5服装 | L2,建议复核,single_observation
CARD-0186,五角场合生汇,BONELESS,BONELESS,服饰鞋包,3.8,603,B1,rated,True,,rated,parsed,rating_anchor,0.9991,0.999,41,5,BONELESS,158.54,160.85,evidence/card_0186.jpg,ocr/input_videos\上海__五角场合生汇__20260824.mp4,BONELESS | 🌟🎉🌟⭐ | B1 | 服饰鞋包 | ￥603/人 | 3.8 | 尺码友好，300斤都能穿,🌟🎉🌟⭐ | B1 | 服饰鞋包 | ￥603/人 | 3.8,结构完整,
CARD-0187,五角场合生汇,LACOSTE,LACOSTE,服装,3.6,,L1,rated,True,,rated,parsed,rating_anchor,0.9995,0.9993,47,4,LACOSTE,158.92,160.85,evidence/card_0187.jpg,ocr/input_videos\上海__五角场合生汇__20260824.mp4,LACOSTE | LACOSTE | 🌟🌟⭐🌟⭐ | 服装 | L1 | 3.6,🌟🌟⭐🌟⭐ | 服装 | L1 | 3.6,结构完整,
CARD-0188,五角场合生汇,ROSEALYSSA,ROSEALYSSA,服饰鞋包,3.5,1364,L3,rated,True,,rated,parsed,rating_anchor,0.9992,0.9987,44,4,ROSEALYSSA,158.92,160.85,evidence/card_0188.jpg,ocr/input_videos\上海__五角场合生汇__20260824.mp4,ROSEALYSSA | 🌟🌟🎉🌟🌟 | L3 | 服饰鞋包 | 3.5 | ￥1364/人 | 设计感十足” | 色系吸引人，,🌟🌟🎉🌟🌟 | L3 | 服饰鞋包 | 3.5 | ￥1364/人,结构完整,
CARD-0189,五角场合生汇,汉麻世家,汉麻世家,服装,3.6,,L2,rated,True,,rated,parsed,rating_anchor,0.9991,0.9984,58,4,汉麻世家,159.69,161.62,evidence/card_0189.jpg,ocr/input_videos\上海__五角场合生汇__20260824.mp4,汉麻世家 | L2 | 服装 | 🌟🌟🌟🌟🌟 | 3.6 | ),L2 | 服装 | 🌟🌟🌟🌟🌟 | 3.6 | ),结构完整,
CARD-0190,五角场合生汇,LAZBOY乐至宝,LAZBOY乐至宝,成品家具,3.8,10321,L4,rated,True,,rated,parsed,rating_anchor,0.9865,0.9993,52,5,LAZBOY乐至宝,159.69,162.19,evidence/card_0190.jpg,ocr/input_videos\上海__五角场合生汇__20260824.mp4,LAZBOY乐至宝 | 国际活学 | 益业零重力 | Global | 🌟🌟⭐🌟🌟 | L4 | 成品家具￥10321/人 | 3.8 | Comtort | 点评榜单 | 杨浦区家具家居热门榜第5名 | 椅子可坐可躺，服务也非常好！ | 55 | OY | 惠 | ￥1￥1990 | 【免费量房设计】软装搭配/... | ￥6000代金券 | 惠 | x2000,🌟🌟⭐🌟🌟 | L4 | 成品家具￥10321/人 | 3.8,结构完整,
CARD-0191,五角场合生汇,STANCE,STANCE,服饰鞋包,3.7,,B1,rated,True,,rated,parsed,rating_anchor,0.9992,0.9988,49,4,STANCE,161.62,164.31,evidence/card_0191.jpg,ocr/input_videos\上海__五角场合生汇__20260824.mp4,STANCE | 🌟🌟🌟🌟🌟 | 服饰鞋包 | B1 | 3.7 | STNWE | -,🌟🌟🌟🌟🌟 | 服饰鞋包 | B1 | 3.7,结构完整,
CARD-0192,五角场合生汇,AMONAVIS,AMONAVIS,服饰鞋包,3.3,,L3,rated,True,,rated,parsed,rating_anchor,0.997,0.9947,48,4,AMONAVIS,161.62,164.31,evidence/card_0192.jpg,ocr/input_videos\上海__五角场合生汇__20260824.mp4,AMONAVIS | 🌟🌟🎉 | L3 | 服饰鞋包 | ★★ | 3.3,🌟🌟🎉 | L3 | 服饰鞋包 | ★★ | 3.3,结构完整,
CARD-0193,五角场合生汇,MaXiaoNa,MaXiaoNa,服饰鞋包,4.5,3835,L2,rated,True,,rated,parsed,rating_anchor,0.9854,0.9985,51,5,MaXiaoNa,161.62,164.89,evidence/card_0193.jpg,ocr/input_videos\上海__五角场合生汇__20260824.mp4,MaXiaoNa | ® | ⭐🌟🌟⭐🌟 | L2 | 服饰鞋包￥3835/人 | 4.5 | Maxiao na | 衣服款式多样，做工精细舒适 | 力 | 二 | —麻筱那,⭐🌟🌟⭐🌟 | L2 | 服饰鞋包￥3835/人 | 4.5,结构完整,
CARD-0194,五角场合生汇,花与珍珠匣,花与珍珠匣,服饰鞋包,3.9,1171,B1,rated,True,,rated,parsed,rating_anchor,0.9804,0.9991,56,5,花与珍珠匣,161.62,164.89,evidence/card_0194.jpg,ocr/input_videos\上海__五角场合生汇__20260824.mp4,花与珍珠匣 | 🌟🌟🌟🌟⭐ | B1 | 服饰鞋包￥1171/人 | 3.9,🌟🌟🌟🌟⭐ | B1 | 服饰鞋包￥1171/人 | 3.9,结构完整,
CARD-0195,五角场合生汇,联想直营旗舰店,联想直营旗舰店,数码产品,4.8,7549,L4,rated,True,,rated,parsed,rating_anchor,0.9864,0.9998,55,6,联想直营旗舰店,162.19,166.81,evidence/card_0195.jpg,ocr/input_videos\上海__五角场合生汇__20260824.mp4,联想直营旗舰店 | 联量A1手8 | 拯技者手机Y7新一代 | 🌟🌟🎉🌟⭐4.8 | 数码产品￥7549/人 | 心 | L4 | 装修焕新速度快，电脑款式多样” | “ | ： | 【官方直营】随心享服务卡 | ￥299 | ￥300 | 惠 | ￥1￥100代金券 | 惠,🌟🌟🎉🌟⭐4.8 | 数码产品￥7549/人 | L4,结构完整,
CARD-0198,五角场合生汇,ecco,ecco,鞋靴,3.4,1631,L2,rated,True,,rated,parsed,rating_anchor,0.9761,0.9984,40,3,ecco,164.89,166.81,evidence/card_0198.jpg,ocr/input_videos\上海__五角场合生汇__20260824.mp4,ecco | L2 | ⭐🌟⭐ | ★★ | 鞋靴￥1631/人 | 3.4 | 鞋子质量舒适，种类齐全 | “,L2 | ⭐🌟⭐ | ★★ | 鞋靴￥1631/人 | 3.4,结构完整,
CARD-0199,五角场合生汇,H'S,H'S,服装,4.0,,L2,rated,True,,rated,parsed,rating_anchor,0.9944,0.989,59,5,H'S,165.66,168.35,evidence/card_0199.jpg,ocr/input_videos\上海__五角场合生汇__20260824.mp4,H'S | 🌟🌟🌟⭐ | 服装 | L2 | 4.0 | ★,🌟🌟🌟⭐ | 服装 | L2 | 4.0 | ★,结构完整,
CARD-0200,五角场合生汇,月记窑,月记窑,杂货礼品,4.8,1122,L1,rated,True,,rated,parsed,rating_anchor,0.9876,0.9975,57,6,月记窑,165.66,169.12,evidence/card_0200.jpg,ocr/input_videos\上海__五角场合生汇__20260824.mp4,月记窑 | L1 | 🌟🌟🌟🌟🌟 | 杂货礼品￥1122/人 | 4.8 | 点评榜单 | 杨浦区杂货礼品好评榜第9名 | 始于1619 | 关学体购雨城”,L1 | 🌟🌟🌟🌟🌟 | 杂货礼品￥1122/人 | 4.8,结构完整,
CARD-0201,五角场合生汇,initial,initial,服装,3.3,7505,L2,rated,True,,rated,parsed,rating_anchor,0.9848,0.9995,57,5,initial,167.39,169.89,evidence/card_0201.jpg,ocr/input_videos\上海__五角场合生汇__20260824.mp4,initial | 3.3服装￥7505/人 | L2 | initial | THEUNUSUALEXPERIENCE,3.3服装￥7505/人 | L2,结构完整,
CARD-0202,五角场合生汇,CHUU,CHUU,服饰鞋包,3.4,533,B1,rated,True,,rated,parsed,rating_anchor,0.9896,0.9993,51,5,CHUU,167.39,169.89,evidence/card_0202.jpg,ocr/input_videos\上海__五角场合生汇__20260824.mp4,CHUU | ⭐🌟⭐ | B1 | ⭐⭐ | 3.4服饰鞋包￥533/人 | 店面绿绿的很新潮，衣服款式多 | ≤,⭐🌟⭐ | B1 | ⭐⭐ | 3.4服饰鞋包￥533/人,结构完整,
CARD-0203,五角场合生汇,a blueberry,ablueberry,服饰鞋包,4.8,700,B1,rated,True,,rated,parsed,rating_anchor,0.9811,0.9908,63,5,a blueberry,167.39,169.89,evidence/card_0203.jpg,ocr/input_videos\上海__五角场合生汇__20260824.mp4,a blueberry | 🌟🌟🌟🌟🌟 | B1 | 服饰鞋包￥700/人 | 4.8 | 点评榜单 | 五角场/大学路服饰鞋包热门榜第9名 | 试不完的新款，服务热心 | 2,🌟🌟🌟🌟🌟 | B1 | 服饰鞋包￥700/人 | 4.8,结构完整,
CARD-0204,五角场合生汇,迈从,迈从,数码产品,4.8,618,L4,rated,True,,rated,parsed,rating_anchor,0.9817,0.9946,66,6,迈从,167.39,170.85,evidence/card_0204.jpg,ocr/input_videos\上海__五角场合生汇__20260824.mp4,迈从 | MCHOSE迈从 | ⭐⭐4.8 | 数码产品￥618/人 | L4,⭐⭐4.8 | 数码产品￥618/人 | L4,结构完整,
CARD-0205,五角场合生汇,泰普尔TEMPUR床垫,泰普尔TEMPUR床垫,成品家具,3.9,,L3,rated,True,,rated,parsed,rating_anchor,0.9986,0.9981,51,5,泰普尔TEMPUR床垫,169.12,171.81,evidence/card_0205.jpg,ocr/input_videos\上海__五角场合生汇__20260824.mp4,泰普尔TEMPUR床垫 | 35 | TEMPUR | 🌟3.9 | 成品家具 | L3 | 零压力太空材质，枕头超舒适 | 套音尔枕头市 | ￥79￥210泰普尔枕头保护套枕套(千... | 惠 | ￥9.9￥100代金券 | 惠,🌟3.9 | 成品家具 | L3,结构完整,
CARD-0206,五角场合生汇,JNBY,JNBY,服饰鞋包,3.7,,L2,rated,True,,rated,parsed,rating_anchor,0.999,0.999,51,3,JNBY,170.85,171.81,evidence/card_0206.jpg,ocr/input_videos\上海__五角场合生汇__20260824.mp4,JNBY | 🌟⭐🌟⭐3.7 | L2 | 服饰鞋包 | JNBY | 环境时尚设计感强，柜姐推荐款式热情 | 《,🌟⭐🌟⭐3.7 | L2 | 服饰鞋包,结构完整,
CARD-0207,五角场合生汇,TREK&TRAVEL,TREK&TRAVEL,服装,3.4,769,L1,rated,True,,rated,parsed,rating_anchor,0.9764,0.9964,46,3,TREK&TRAVEL,170.85,171.81,evidence/card_0207.jpg,ocr/input_videos\上海__五角场合生汇__20260824.mp4,TREK&TRAVEL | 3.4服装￥769/人 | L1 | 暂停营业,3.4服装￥769/人 | L1,结构完整,
CARD-0208,五角场合生汇,Abercrombie & Fitch,Abercrombie&Fitch,服饰鞋包,4.6,765,L1,rated,True,,rated,parsed,rating_anchor,0.9784,0.9872,50,4,Abercrombie & Fitch,170.85,173.16,evidence/card_0208.jpg,ocr/input_videos\上海__五角场合生汇__20260824.mp4,Abercrombie & Fitch | ⭐🌟⭐⭐🌟4.6 | L1 | 服饰鞋包￥765/人 | 点评榜单 | 五角场/大学路服饰鞋包热门榜第10名 | 古龙水香水味，卫衣超柔软舒适 | 55,⭐🌟⭐⭐🌟4.6 | L1 | 服饰鞋包￥765/人,结构完整,
CARD-0209,五角场合生汇,AIGLE,AIGLE,服装,3.4,1649,L1,rated,True,,rated,parsed,rating_anchor,0.9852,0.9965,54,6,AIGLE,170.85,174.12,evidence/card_0209.jpg,ocr/input_videos\上海__五角场合生汇__20260824.mp4,AIGLE | 3.4服装￥1649/人 | 🌟🌟🌟 | ★⭐ | L1 | 环境宽敬明亮，单品陈列有序,3.4服装￥1649/人 | 🌟🌟🌟 | ★⭐ | L1,结构完整,
CARD-0210,五角场合生汇,福福贴贴,福福贴贴,杂货礼品,4.0,,L1,rated,True,,rated,parsed,rating_anchor,0.9984,0.9993,56,6,福福贴贴,171.43,175.08,evidence/card_0210.jpg,ocr/input_videos\上海__五角场合生汇__20260824.mp4,福福贴贴 | 🌟🌟🌟🌟 | 4.0杂货礼品 | L1 | 证,🌟🌟🌟🌟 | 4.0杂货礼品 | L1,结构完整,
CARD-0211,五角场合生汇,allbirds,allbirds,服饰鞋包,4.6,627,L1,rated,True,,rated,parsed,rating_anchor,0.9834,0.999,53,5,allbirds,173.16,175.85,evidence/card_0211.jpg,ocr/input_videos\上海__五角场合生汇__20260824.mp4,allbinds | allbirds | ⭐🌟⭐🌟🌟 | 服饰鞋包￥627/人 | L1 | 4.6,⭐🌟⭐🌟🌟 | 服饰鞋包￥627/人 | L1 | 4.6,结构完整,
CARD-0212,五角场合生汇,LAVANDE宇微花艺,LAVANDE宇微花艺,花店,4.8,147,B1,rated,True,,rated,parsed,rating_anchor,0.9988,0.9987,54,6,LAVANDE宇微花艺,173.16,176.62,evidence/card_0212.jpg,ocr/input_videos\上海__五角场合生汇__20260824.mp4,LAVANDE宇微花艺 | VDE | vefade y做 | ⭐4.8 | ￥147/人 | B1 | 花店 | 点评榜单 | 五角场/大学路植物花卉热门榜第8名 | 包花体验治愈，店员服务贴心 | 3 | “,⭐4.8 | ￥147/人 | B1 | 花店,结构完整,
CARD-0213,五角场合生汇,VIZA VIZA,VIZAVIZA,服装,3.5,,L3,rated,True,,rated,parsed,rating_anchor,0.986,0.9723,49,6,VIZA VIZA,173.16,176.62,evidence/card_0213.jpg,ocr/input_videos\上海__五角场合生汇__20260824.mp4,VIZAVIZA | VIZA VIZA | 服装 | 🌟🌟🌟🌟🌟 | L3 | 3.5,服装 | 🌟🌟🌟🌟🌟 | L3 | 3.5,结构完整,
CARD-0214,五角场合生汇,雪中飞,雪中飞,服饰鞋包,4.1,57,L3,rated,True,,rated,parsed,rating_anchor,0.9877,0.9997,57,5,雪中飞,173.54,176.62,evidence/card_0214.jpg,ocr/input_videos\上海__五角场合生汇__20260824.mp4,雪中飞 | 🌟🌟🌟🎉 | 4.1服饰鞋包￥57/人 | L3 | 雪中飞 | ★ | SNIOWFLYINIG,🌟🌟🌟🎉 | 4.1服饰鞋包￥57/人 | L3 | ★,结构完整,
CARD-0215,五角场合生汇,AAPE,AAPE,服装,4.1,895,B1,rated,True,,rated,parsed,rating_anchor,0.9843,0.9952,54,5,AAPE,175.08,177.97,evidence/card_0215.jpg,ocr/input_videos\上海__五角场合生汇__20260824.mp4,"AAPE | 🌟🌟⭐🌟 | B1 | 4.1服装￥895/人 | Aape | 点评榜单 | 五角场/大学路服装热门榜第6名 | BP""ABATHNE APEO | 卡通猿头标记显眼，街头文化风格 | “ | 2",🌟🌟⭐🌟 | B1 | 4.1服装￥895/人,结构完整,
CARD-0216,五角场合生汇,三星授权体验店,三星授权体验店,数码产品,4.8,9506,L4,rated,True,,rated,parsed,rating_anchor,0.983,0.9998,52,3,三星授权体验店,176.62,177.97,evidence/card_0216.jpg,ocr/input_videos\上海__五角场合生汇__20260824.mp4,三星授权体验店 | CdaxyZFocUra|Fod5 | Coemyk | ⭐🌟4.8 | 数码产品￥9506/人 | L4 | 店员耐心热情，拍照功能和屏幕显示超赞 | 3 | C | ￥2499￥2499三星Watch9新品智能.. | 惠,⭐🌟4.8 | 数码产品￥9506/人 | L4,结构完整,
CARD-0217,五角场合生汇,Levi's,Levi's,服饰鞋包,3.9,1211,L2,rated,True,,rated,parsed,rating_anchor,0.986,0.997,62,3,Levi's,176.62,177.97,evidence/card_0217.jpg,ocr/input_videos\上海__五角场合生汇__20260824.mp4,Levi's | 3.9服饰鞋包￥1211/人 | L2 | Levi's,3.9服饰鞋包￥1211/人 | L2,结构完整,
CARD-0218,五角场合生汇,STENDERS,STENDERS,化妆品,3.4,651,L1,rated,True,,rated,parsed,rating_anchor,0.9865,0.9989,47,3,STENDERS,177.39,178.93,evidence/card_0218.jpg,ocr/input_videos\上海__五角场合生汇__20260824.mp4,STENDERS | 3.4化妆品￥651/人 | L1 | ⭐🌟⭐ | ★★ | STENDERS | “泡泡球超好看，部护理超级舒服”,3.4化妆品￥651/人 | L1 | ⭐🌟⭐ | ★★,结构完整,
CARD-0219,五角场合生汇,tnt,tnt,杂货礼品,3.5,,B2,rated,True,,rated,parsed,rating_anchor,0.9948,0.9992,54,3,tnt,177.39,178.93,evidence/card_0219.jpg,ocr/input_videos\上海__五角场合生汇__20260824.mp4,tnt | 3.5杂货礼品 | B2,3.5杂货礼品 | B2,结构完整,
CARD-0220,五角场合生汇,TheGreenParty,TheGreenParty,杂货礼品,4.9,82,B2,rated,True,,rated,parsed,rating_anchor,0.997,0.9994,64,6,TheGreenParty,177.39,180.09,evidence/card_0220.jpg,ocr/input_videos\上海__五角场合生汇__20260824.mp4,TheGreenParty | B2 | ★★★★★ | 杂货礼品 | ￥82/人 | 4.9 | 点评榜单 | 杨浦区杂货礼品好评榜第1名,B2 | ★★★★★ | 杂货礼品 | ￥82/人 | 4.9,结构完整,
CARD-0221,五角场合生汇,n'one,n'one,服饰鞋包,3.9,,L3,rated,True,,rated,parsed,rating_anchor,0.9934,0.9873,62,4,n'one,178.93,180.09,evidence/card_0221.jpg,ocr/input_videos\上海__五角场合生汇__20260824.mp4,n'one | n'one | L3 | 🌟🌟🌟🌟🌟 | 服饰鞋包 | 3.9 | 面料高级，设计感十 | 5,L3 | 🌟🌟🌟🌟🌟 | 服饰鞋包 | 3.9,结构完整,
CARD-0222,五角场合生汇,THE NORTH FACE,THENORTHFACE,服饰鞋包,4.3,,B1,rated,True,,rated,parsed,rating_anchor,0.993,0.9866,47,5,THE NORTH FACE,178.93,181.24,evidence/card_0222.jpg,ocr/input_videos\上海__五角场合生汇__20260824.mp4,THE NORTH FACE | 服饰鞋包 | B1 | THEI | ★★★★ | 4.3 | NORTHI | 点评榜单 | 杨浦区原创设计师店榜第5名 | FACED | 雾霾蓝高级雾面感，鹅绒填充蓬松保暖,服饰鞋包 | B1 | ★★★★ | 4.3,结构完整,
CARD-0223,五角场合生汇,OSIM傲胜,OSIM傲胜,家用电器,3.8,,L3,rated,True,,rated,parsed,rating_anchor,0.9976,0.9953,52,5,OSIM傲胜,178.93,181.24,evidence/card_0223.jpg,ocr/input_videos\上海__五角场合生汇__20260824.mp4,OSIM傲胜 | 新a | ⭐🌟⭐🌟🌟 | L3 | 家用电器 | 3.8 | 2,⭐🌟⭐🌟🌟 | L3 | 家用电器 | 3.8,结构完整,
CARD-0224,五角场合生汇,CONCEPT SDEER圣迪奧,CONCEPTSDEER圣迪奥,服饰鞋包,4.3,,L3,rated,True,,rated,parsed,rating_anchor,0.9889,0.9783,51,4,CONCEPT SDEER圣迪奥 | CONCEPT SDEER圣迪奧 | CONCEPTSDEER圣迪奥,179.51,181.24,evidence/card_0224.jpg,ocr/input_videos\上海__五角场合生汇__20260824.mp4,CONCEPT SDEER圣迪奧 | L3 | 🌟🌟🌟 | 服饰鞋包 | 4.3 | ★ | CONOOPT/S-DUCR,L3 | 🌟🌟🌟 | 服饰鞋包 | 4.3 | ★,结构完整,
CARD-0225,五角场合生汇,任天堂Switch专卖店,任天堂Switch专卖店,数码.,4.5,2119,商场内,rated,True,,rated,parsed,rating_anchor,0.9574,0.9995,51,6,任天堂Switch专卖店,179.51,182.59,evidence/card_0225.jpg,ocr/input_videos\上海__五角场合生汇__20260824.mp4,任天堂Switch专卖店 | 02 | 🌟🌟🎉🎉🌟4.5 | ￥2119/人商场内 | 数码. | “游戏卡种类齐全，验机检测专业 | NINTENDO | SWITCH.,🌟🌟🎉🎉🌟4.5 | ￥2119/人商场内 | 数码.,结构完整,
CARD-0226,五角场合生汇,ROG玩家国度,ROG玩家国度,数码产品,4.8,10673,L4,rated,True,,rated,parsed,rating_anchor,0.9848,0.9995,55,3,ROG玩家国度,181.24,182.59,evidence/card_0226.jpg,ocr/input_videos\上海__五角场合生汇__20260824.mp4,ROG玩家国度 | 🌟🌟★🌟4.8 | 数码产品￥10673/人 | L4 | 装得快环境好，位置便利” | 3 | 政府补贴15% | 亚高立源1500元 | 【电脑清灰】ROG笔记本... | ￥169￥199 | 惠,🌟🌟★🌟4.8 | 数码产品￥10673/人 | L4,结构完整,
CARD-0227,五角场合生汇,Abun,Abun,服饰鞋包,4.0,708,L3,rated,True,,rated,parsed,rating_anchor,0.9845,0.9981,54,4,Abun | Abun(,181.24,183.74,evidence/card_0227.jpg,ocr/input_videos\上海__五角场合生汇__20260824.mp4,（杨浦合生汇店） | Abun | ⭐🌟⭐⭐🌟 | ASum | 4.0服饰鞋包￥708/人 | L3 | 位置好找，服饰简约时尚 | 2 | ￥380￥1000 | 【部分品】Abun380代1.. | 惠,⭐🌟⭐⭐🌟 | 4.0服饰鞋包￥708/人 | L3,结构完整,
CARD-0228,五角场合生汇,播broadcast,播broadcast,服饰鞋包,3.9,855,L2,rated,True,,rated,parsed,rating_anchor,0.985,0.9997,59,3,播broadcast,182.01,183.74,evidence/card_0228.jpg,ocr/input_videos\上海__五角场合生汇__20260824.mp4,播broadcast | 漏brcodcaet | 🌟🌟🎉🌟🌟 | 服饰鞋包￥855/人 | L2 | 3.9 | 文艺复古设计，天然材质舒适,🌟🌟🎉🌟🌟 | 服饰鞋包￥855/人 | L2 | 3.9,结构完整,
CARD-0229,五角场合生汇,Joy&Peace,Joy&Peace,鞋靴,3.5,1230,L2,rated,True,,rated,parsed,rating_anchor,0.9881,0.9962,55,5,Joy&Peace,182.01,184.7,evidence/card_0229.jpg,ocr/input_videos\上海__五角场合生汇__20260824.mp4,Joy&Peace | 3.5鞋靴￥1230/人 | L2 | 🌟🌟🌟🌟🌟,3.5鞋靴￥1230/人 | L2 | 🌟🌟🌟🌟🌟,结构完整,
CARD-0230,五角场合生汇,HOKA,HOKA,运动户外,3.4,1368,L1,rated,True,,rated,parsed,rating_anchor,0.9863,0.9984,52,5,HOKA,182.01,184.7,evidence/card_0230.jpg,ocr/input_videos\上海__五角场合生汇__20260824.mp4,HOKA | ⭐🌟⭐ | L1 | 3.4运动户外￥1368/人 | ★★ | HEKA | 点评榜单 | 杨浦区运动户外热门榜第7名 | 服务贴心，鞋子上脚很舒服,⭐🌟⭐ | L1 | 3.4运动户外￥1368/人 | ★★,结构完整,
CARD-0231,五角场合生汇,丝涟床垫,丝涟床垫,成品家具,3.9,,L2,rated,True,,rated,parsed,rating_anchor,0.9947,0.9912,57,4,丝涟床垫,183.74,186.63,evidence/card_0231.jpg,ocr/input_videos\上海__五角场合生汇__20260824.mp4,丝涟床垫 | 直营 | Sealy | L2 | 🌟🌟🌟🌟🌟 | 成品家具 | 3.9 | 躺上去像陷进云朵里，服务细致周到 | 丝涟床垫,L2 | 🌟🌟🌟🌟🌟 | 成品家具 | 3.9,结构完整,
CARD-0232,五角场合生汇,LILY商务时装,LILY商务时装,服装,4.7,1228,L2,rated,True,,rated,parsed,rating_anchor,0.9853,0.9964,51,4,LILY商务时装,183.74,186.63,evidence/card_0232.jpg,ocr/input_videos\上海__五角场合生汇__20260824.mp4,LILY商务时装 | LILY | 🌟🌟🌟🌟🌟 | L2 | 4.7服装￥1228/人 | 商务时装 | 质感无敌，垂坠感十足,🌟🌟🌟🌟🌟 | L2 | 4.7服装￥1228/人,结构完整,
CARD-0233,五角场合生汇,小米之家,小米之家,数码产品,4.8,3649,L4,rated,True,,rated,parsed,rating_anchor,0.9977,0.9975,56,4,小米之家,184.51,187.78,evidence/card_0233.jpg,ocr/input_videos\上海__五角场合生汇__20260824.mp4,小米之家 | MI | 🌟🌟🌟⭐🌟 | L4 | 4.8数码产品 | ￥3649/人 | “拍照性能强，环境敞亮干净 | ￥9.99￥11.1小米巨能写中性笔10支装 | 惠,🌟🌟🌟⭐🌟 | L4 | 4.8数码产品 | ￥3649/人,结构完整,
CARD-0234,五角场合生汇,FUANNA富安娜,FUANNA富安娜,家饰家纺,3.6,,L2,rated,True,,rated,parsed,rating_anchor,0.9979,0.9964,51,4,FUANNA富安娜,184.51,187.78,evidence/card_0234.jpg,ocr/input_videos\上海__五角场合生汇__20260824.mp4,FUANNA富安娜 | L2 | ★★★★★ | 家饰家纺 | 3.6 | 富安娜 | FUANNA | “枕头蓬松柔软，支撑力强”,L2 | ★★★★★ | 家饰家纺 | 3.6,结构完整,
CARD-0235,五角场合生汇,TCH,TCH,服装,3.6,1465,L1,rated,True,,rated,parsed,rating_anchor,0.9854,0.9985,52,4,TCH,186.63,189.13,evidence/card_0235.jpg,ocr/input_videos\上海__五角场合生汇__20260824.mp4,TCH | 🌟🌟🌟🌟🌟 | L1 | 3.6服装￥1465/人 | 限时优惠买一赠，衣服潮又实惠” | 有仙儿集淘趣财神殿 | 力化之,🌟🌟🌟🌟🌟 | L1 | 3.6服装￥1465/人,结构完整,
CARD-0236,五角场合生汇,有仙儿集淘趣财神殿,有仙儿集淘趣财神殿,杂货礼品,4.6,,B2,rated,True,,rated,parsed,rating_anchor,0.9978,0.9981,54,3,有仙儿集淘趣财神殿,187.78,189.13,evidence/card_0236.jpg,ocr/input_videos\上海__五角场合生汇__20260824.mp4,有仙儿集淘趣财神殿 | 🌟🌟🌟🌟🌟 | B2 | 有仙贸其淘趣 | 杂货礼品 | 4.6 | 財神殿 | 西 | 限 | RICH GOO SUPERMARKIT | 暂停营业,🌟🌟🌟🌟🌟 | B2 | 杂货礼品 | 4.6,结构完整,
CARD-0238,五角场合生汇,CLMX,CLMX,服饰鞋包,4.5,922,L3,rated,True,,rated,parsed,rating_anchor,0.9759,0.9915,53,3,CLMX,187.78,189.13,evidence/card_0238.jpg,ocr/input_videos\上海__五角场合生汇__20260824.mp4,CLMX | CLMX | L3 | 🌟🌟⭐⭐🌟 | 服饰鞋包￥922/人 | 4.5 | 衣服款式新颖有设计感，试衣体验很棒,L3 | 🌟🌟⭐⭐🌟 | 服饰鞋包￥922/人 | 4.5,结构完整,
CARD-0239,五角场合生汇,FUAININA亩文,FUAININA亩文,家饰家纺,3.6,,L2,rated,True,,rated,parsed,rating_anchor,0.9467,0.8942,34,1,FUAININA亩文,188.36,188.36,evidence/card_0239.jpg,ocr/input_videos\上海__五角场合生汇__20260824.mp4,FUAININA亩文 | L2 | 🌟🌟🌟⭐ | 家饰家纺 | 3.6 | 富安娜 | FUANNA | “枕头蓬松柔软，支撑力强”,L2 | 🌟🌟🌟⭐ | 家饰家纺 | 3.6,建议复核,single_observation
CARD-0240,五角场合生汇,MLB,MLB,服饰鞋包,4.3,481,B1,rated,True,,rated,parsed,rating_anchor,0.9991,0.9987,49,3,MLB,188.36,190.67,evidence/card_0240.jpg,ocr/input_videos\上海__五角场合生汇__20260824.mp4,MLB | 🌟🌟⭐⭐ | B1 | 服饰鞋包 | ￥481/人 | 4.3 | MLB | ★ | 帽子款式多样，可以试戴 | 6 | ubras,🌟🌟⭐⭐ | B1 | 服饰鞋包 | ￥481/人 | 4.3 | ★,结构完整,
CARD-0241,五角场合生汇,ubras,ubras,内衣,4.8,636,B1,rated,True,,rated,parsed,rating_anchor,0.9661,0.9992,54,4,ubras,189.13,191.44,evidence/card_0241.jpg,ocr/input_videos\上海__五角场合生汇__20260824.mp4,ubras | B1 | 4.8内衣￥636/人 | ubras | 穿上身超级舒服，内衣不显印子 | ￥2009.8折 | ￥21510周年-折上折ubra.. | 惠,B1 | 4.8内衣￥636/人,结构完整,
CARD-0242,五角场合生汇,科大讯飞直营店,科大讯飞直营店,数码产品,4.7,4449,L4,rated,True,,rated,parsed,rating_anchor,0.9849,0.9991,60,4,科大讯飞直营店,190.67,192.59,evidence/card_0242.jpg,ocr/input_videos\上海__五角场合生汇__20260824.mp4,科大讯飞直营店 | IFLYTEK 讯飞 | 🌟4.7 | 数码产品￥4449/人 | L4 | 智能办公本体验佳，店员服务贴心 | G,🌟4.7 | 数码产品￥4449/人 | L4,结构完整,
CARD-0243,五角场合生汇,Calvin Klein,CalvinKlein,服装,4.1,833,L2,rated,True,,rated,parsed,rating_anchor,0.9853,0.9952,52,4,Calvin Klein,190.67,192.59,evidence/card_0243.jpg,ocr/input_videos\上海__五角场合生汇__20260824.mp4,Calvin Klein | 4.1服装￥833/人 | L2 | 🌟🌟🌟🌟 | Calvin Klein | 点评榜单 | 五角场/大学路服装热门榜第7名 | 手表颜值美腻，双十一还有打折”,4.1服装￥833/人 | L2 | 🌟🌟🌟🌟,结构完整,
CARD-0244,五角场合生汇,MONOLOGUE,MONOLOGUE,综合珠宝..,4.1,2049,B1,rated,True,,rated,parsed,rating_anchor,0.9658,0.9984,45,4,MONOLOGUE,190.67,192.59,evidence/card_0244.jpg,ocr/input_videos\上海__五角场合生汇__20260824.mp4,MONOLOGUE | MONOLOGUE | ⭐🌟⭐⭐🎉 | 4.1综合珠宝.. | ￥2049/人B1 | 大英博物馆系列戒指，款式新颖精湛 | 《,⭐🌟⭐⭐🎉 | 4.1综合珠宝.. | ￥2049/人B1,结构完整,
CARD-0246,五角场合生汇,华硕电脑智汇家,华硕电脑智汇家,数码产品,4.8,8454,L4,rated,True,,rated,parsed,rating_anchor,0.9808,0.9989,52,2,华硕电脑智汇家,191.44,192.59,evidence/card_0246.jpg,ocr/input_videos\上海__五角场合生汇__20260824.mp4,华硕电脑智汇家 | SUS | 4.8数码产品￥8454/人 | L4 | 华硕智汇家 | 性价比高，游戏本重量最轻” | 政府补贴15% | 淄高立减1500元 | ￥99￥199 | 惠 | 【电脑清灰】笔记本电脑拆..,4.8数码产品￥8454/人 | L4,结构完整,
CARD-0247,五角场合生汇,POPOP,POPOP,杂货礼品,4.7,,L1,rated,True,,rated,parsed,rating_anchor,0.9965,0.9982,52,3,POPOP,194.13,195.09,evidence/card_0247.jpg,ocr/input_videos\上海__五角场合生汇__20260824.mp4,POPOP | 🌟🌟⭐🌟🌟 | L1 | 杂货礼品 | 4.7 | pOPOP | 点评榜单 | 杨浦区杂货礼品热门榜第4名 | 五角场新店打卡，24k金系列超可爱,🌟🌟⭐🌟🌟 | L1 | 杂货礼品 | 4.7,结构完整,
CARD-0248,五角场合生汇,青稚护手霜QINGZHI,青稚护手霜QINGZHI,化妆品,4.6,99,B1,rated,True,,rated,parsed,rating_anchor,0.9738,0.9983,54,4,青稚护手霜QINGZHI,194.13,196.25,evidence/card_0248.jpg,ocr/input_videos\上海__五角场合生汇__20260824.mp4,青稚护手霜QINGZHI | ⭐🌟🌟🌟🌟 | 化妆品￥99/人 | B1 | 4.6,⭐🌟🌟🌟🌟 | 化妆品￥99/人 | B1 | 4.6,结构完整,
CARD-0249,五角场合生汇,PELLIOT伯希和上海五角场,PELLIOT伯希和上海五角场,服饰鞋包,4.7,635,B1,rated,True,,rated,parsed,rating_anchor,0.9838,0.9982,51,4,PELLIOT伯希和 上海五角场 | PELLIOT伯希和上海五角场,194.13,196.25,evidence/card_0249.jpg,ocr/input_videos\上海__五角场合生汇__20260824.mp4,PELLIOT伯希和上海五角场 | PELCIOT | 🌟🌟🌟🌟🌟 | B1 | 4.7 | 服饰鞋包￥635/人,🌟🌟🌟🌟🌟 | B1 | 4.7 | 服饰鞋包￥635/人,结构完整,
CARD-0250,五角场合生汇,岚图空间,岚图空间,4S店,3.6,,L1,rated,True,,rated,parsed,rating_anchor,0.9966,0.9998,56,5,岚图空间,194.13,196.44,evidence/card_0250.jpg,ocr/input_videos\上海__五角场合生汇__20260824.mp4,岚图空间 | 岚图追光S | L1 | 🌟🌟🌟🌟🌟 | 4S店 | 3.6 | 四激光料技FUV | “3200mm超长轴距，空间宽敞舒适 | ￥0.01 | ￥10 | 惠 | 【预约品鉴】岚图知音现金...,L1 | 🌟🌟🌟🌟🌟 | 4S店 | 3.6,结构完整,
CARD-0251,五角场合生汇,舒福德智能床,舒福德智能床,成品家具,3.7,13664,L3,rated,True,,rated,parsed,rating_anchor,0.986,0.9991,51,6,舒福德智能床,194.13,196.82,evidence/card_0251.jpg,ocr/input_videos\上海__五角场合生汇__20260824.mp4,舒福德智能床 | 一键入眠 | 睡舒福德 | 🌟🌟⭐3.7 | L3 | 成品家具￥13664/人 | 证 | 科技感十足，床垫柔软舒适 | 1,🌟🌟⭐3.7 | L3 | 成品家具￥13664/人,结构完整,
CARD-0252,五角场合生汇,GARMIN佳明,GARMIN佳明,数码产品,4.7,3469,B1,rated,True,,rated,parsed,rating_anchor,0.9803,0.9976,51,7,GARMIN佳明,194.71,198.17,evidence/card_0252.jpg,ocr/input_videos\上海__五角场合生汇__20260824.mp4,GARMIN佳明 | ⭐🌟🌟🌟🌟 | B1 | 4.7 | 数码产品￥3469/人 | GARMIN | 颜值高质感好，智能潜水电脑表功能强大 | ￥4.9￥20到店贴膜-佳明255 | 惠,⭐🌟🌟🌟🌟 | B1 | 4.7 | 数码产品￥3469/人,结构完整,
CARD-0253,五角场合生汇,惠普电脑授权店,惠普电脑授权店,数码产品,4.5,3317,L5,rated,True,,rated,parsed,rating_anchor,0.9858,0.9981,52,5,惠普电脑授权店,196.25,198.17,evidence/card_0253.jpg,ocr/input_videos\上海__五角场合生汇__20260824.mp4,惠普电脑授权店 | 4.5数码产品￥3317/人 | L5,4.5数码产品￥3317/人 | L5,结构完整,
CARD-0254,五角场合生汇,d'zzit,d'zzit,服装,4.3,,L2,rated,True,,rated,parsed,rating_anchor,0.9916,0.9872,58,4,d'zzit,196.44,198.17,evidence/card_0254.jpg,ocr/input_videos\上海__五角场合生汇__20260824.mp4,d'zzit | dzzit | 🌟🌟⭐⭐ | 4.3服装 | L2,🌟🌟⭐⭐ | 4.3服装 | L2,结构完整,
CARD-0255,五角场合生汇,Tommy Hilfiger,TommyHilfiger,服饰鞋包,4.2,1036,L1,rated,True,,rated,parsed,rating_anchor,0.9874,0.9988,61,4,Tommy Hilfiger,196.44,198.17,evidence/card_0255.jpg,ocr/input_videos\上海__五角场合生汇__20260824.mp4,Tommy Hilfiger | TOMMY | ⭐🌟⭐⭐⭐ | 4.2服饰鞋包￥1036/人 | L1 | H I LF I G E R,⭐🌟⭐⭐⭐ | 4.2服饰鞋包￥1036/人 | L1,结构完整,
CARD-0256,五角场合生汇,源氏木语,源氏木语,成品家具,3.9,8757,B1,rated,True,,rated,parsed,rating_anchor,0.9871,0.9997,59,4,源氏木语,196.82,199.33,evidence/card_0256.jpg,ocr/input_videos\上海__五角场合生汇__20260824.mp4,源氏木语 | 「新实木主义 | 🌟🌟🌟🌟🌟 | B1 | 3.9成品家具￥8757/人 | 22% | 点评榜单 | 杨浦区家具家居热门榜第2名 | 温间E6-9 | “导购耐心仔细，沙发坐起来很舒服” | 源氏木语×超品日 | “ | ￥1￥999效果图|全屋空间3D效果搭.. | 惠,🌟🌟🌟🌟🌟 | B1 | 3.9成品家具￥8757/人,结构完整,
CARD-0257,五角场合生汇,Saucony索康尼,Saucony索康尼,运动户外,3.9,1068,L1,rated,True,,rated,parsed,rating_anchor,0.9867,0.9993,60,4,Saucony索康尼,199.33,200.86,evidence/card_0257.jpg,ocr/input_videos\上海__五角场合生汇__20260824.mp4,Saucony索康尼 | 3.9运动户外￥1068/人 | 🌟🌟🌟🌟⭐ | L1 | saucony | “外观简约，缓震回弹超出色”,3.9运动户外￥1068/人 | 🌟🌟🌟🌟⭐ | L1,结构完整,
CARD-0258,五角场合生汇,W·Management,W·Management,服装,4.8,373,B1,rated,True,,rated,parsed,rating_anchor,0.9759,0.9952,56,5,W·Management,199.33,201.44,evidence/card_0258.jpg,ocr/input_videos\上海__五角场合生汇__20260824.mp4,W·Management | B1 | 服装￥373/人 | 🌟🌟🎉🎉⭐4.8 | 点评榜单 | 杨浦区服饰鞋包热门榜第1名,B1 | 服装￥373/人 | 🌟🌟🎉🎉⭐4.8,结构完整,
CARD-0259,五角场合生汇,SALOMON萨洛蒙,SALOMON萨洛蒙,运动户外,4.6,1561,L1,rated,True,,rated,parsed,rating_anchor,0.9837,0.9974,56,5,SALOMON萨洛蒙,199.33,201.44,evidence/card_0259.jpg,ocr/input_videos\上海__五角场合生汇__20260824.mp4,SALOMON萨洛蒙 | ⭐🌟🌟🌟🌟 | L1 | 运动户外￥1561/人 | 4.6 | SALOMON | 点评榜单 | 杨浦区运动户外热门榜第6名 | 小 | 店铺款式多，上脚很好看 | 1,⭐🌟🌟🌟🌟 | L1 | 运动户外￥1561/人 | 4.6,结构完整,
CARD-0260,五角场合生汇,FANCI范琦,FANCI范琦,综合珠宝首饰,4.3,457,B1,rated,True,,rated,parsed,rating_anchor,0.9868,0.9981,54,5,FANCI范琦,199.33,201.44,evidence/card_0260.jpg,ocr/input_videos\上海__五角场合生汇__20260824.mp4,FANCI范琦 | FANCT | 🌟🌟🌟🌟 | 综合珠宝首饰￥457/人 | 4.3 | B1 | ★ | 哈利波特联名设计，包装仪式感十,🌟🌟🌟🌟 | 综合珠宝首饰￥457/人 | 4.3 | B1 | ★,结构完整,
CARD-0261,五角场合生汇,Ms.Myland米兰妮,Ms.Myland米兰妮,服饰鞋包,3.9,,L2,rated,True,,rated,parsed,rating_anchor,0.9974,0.9956,58,5,Ms.Myland米兰妮,199.33,201.44,evidence/card_0261.jpg,ocr/input_videos\上海__五角场合生汇__20260824.mp4,Ms.Myland米兰妮 | L2 | ⭐⭐🌟⭐3.9 | 服饰鞋包 | soa,L2 | ⭐⭐🌟⭐3.9 | 服饰鞋包,结构完整,
CARD-0262,五角场合生汇,GABRiEL伽百利,GABRiEL伽百利,杂货礼品,4.8,272,B1,rated,True,,rated,parsed,rating_anchor,0.9802,0.9969,51,5,GABRiEL伽百利,199.9,202.79,evidence/card_0262.jpg,ocr/input_videos\上海__五角场合生汇__20260824.mp4,GABRiEL伽百利 | 🌟⭐⭐🌟4.8 | 杂货礼品￥272/人 | B1 | 公仔可爱，环境干净舒适 | GABRIEL,🌟⭐⭐🌟4.8 | 杂货礼品￥272/人 | B1,结构完整,
CARD-0263,五角场合生汇,Hush Puppies,HushPuppies,鞋靴,4.1,958,L2,rated,True,,rated,parsed,rating_anchor,0.9776,0.9992,61,3,Hush Puppies,201.44,202.79,evidence/card_0263.jpg,ocr/input_videos\上海__五角场合生汇__20260824.mp4,Hush Puppies | Hush Puppies | 🌟🌟🌟🎉 | 4.1鞋靴￥958/人 | L2,🌟🌟🌟🎉 | 4.1鞋靴￥958/人 | L2,结构完整,
CARD-0264,五角场合生汇,OGAWA奥佳华,OGAWA奥佳华,家用电器,4.5,11873,L3,rated,True,,rated,parsed,rating_anchor,0.9599,0.9601,55,3,OGAWA奥佳华 | OGAWA奧佳华,202.21,203.56,evidence/card_0264.jpg,ocr/input_videos\上海__五角场合生汇__20260824.mp4,OGAWA奥佳华 | 4.5家用电器￥11873/人 | L3 | OGAWA | 奥佳华 | “精准按摩，包裹感超舒适' | ￥9.9￥39.9 | 【轻盈养护】奥佳华按摩... | 惠,4.5家用电器￥11873/人 | L3,结构完整,
CARD-0265,五角场合生汇,荣泰按摩椅,荣泰按摩椅,家用电器,4.3,21736,L3,rated,True,,rated,parsed,rating_anchor,0.9888,0.9992,54,3,荣泰按摩椅,202.21,203.56,evidence/card_0265.jpg,ocr/input_videos\上海__五角场合生汇__20260824.mp4,荣泰按摩椅 | R2TAI | 能定文下一代牌 | 档 | 拉伸按摩机器人 | L3 | 4.3家用电器￥21736/人 | 🌟🌟🌟🎉 | ★ | 功能升级大，按摩椅超舒适” | ￥99￥1000夏日品牌月焕新季|荣泰.. | 惠,L3 | 4.3家用电器￥21736/人 | 🌟🌟🌟🎉 | ★,结构完整,
CARD-0266,五角场合生汇,KingKoil金可儿床垫,KingKoil金可儿床垫,成品家具,3.7,,L3,rated,True,,rated,parsed,rating_anchor,0.9929,0.9965,61,4,KingKoil金可儿床垫,202.21,203.94,evidence/card_0266.jpg,ocr/input_videos\上海__五角场合生汇__20260824.mp4,KingKoil金可儿床垫 | KING | 3.7成品家具 | KOIL | L3 | 金可儿床垫 | ￥0￥299建 | 惠 | 建材安装送货上门免费安装,3.7成品家具 | L3,结构完整,
CARD-0268,五角场合生汇,Champion,Champion,鞋靴,4.1,928,L1,rated,True,,rated,parsed,rating_anchor,0.9821,0.9996,64,6,Champion,203.56,206.06,evidence/card_0268.jpg,ocr/input_videos\上海__五角场合生汇__20260824.mp4,Champion | ⭐🌟⭐ | L1 | 4.1鞋靴￥928/人 | ★ | 黑科技面料，马拉松级实测,⭐🌟⭐ | L1 | 4.1鞋靴￥928/人 | ★,结构完整,
CARD-0269,五角场合生汇,ACTREE,ACTREE,服装,4.1,973,L3,rated,True,,rated,parsed,rating_anchor,0.9838,0.9982,49,5,ACTREE,203.94,206.06,evidence/card_0269.jpg,ocr/input_videos\上海__五角场合生汇__20260824.mp4,ACTREE | AEE | 🌟🌟⭐⭐ | L3 | 4.1服装￥973/人 | ★,🌟🌟⭐⭐ | L3 | 4.1服装￥973/人 | ★,结构完整,
CARD-0270,五角场合生汇,CHARLES KEITH,CHARLESKEITH,箱包,4.0,427,B1,rated,True,,rated,parsed,rating_anchor,0.9734,0.9476,44,5,CHARLES KEITH,203.94,206.06,evidence/card_0270.jpg,ocr/input_videos\上海__五角场合生汇__20260824.mp4,CHARLUS L SENG | CHARLES KEITH | 🌟🌟🌟⭐ | B1 | 箱包 | ￥427/人 | 4.0 | ★ | 皮质软拉链顺，容量巨大可放平板” | C | YOUNGOR | 明法 | A,🌟🌟🌟⭐ | B1 | 箱包 | ￥427/人 | 4.0 | ★,结构完整,
CARD-0271,五角场合生汇,YOUNGOR,YOUNGOR,服装,4.3,,L2,rated,True,,rated,parsed,rating_anchor,0.9992,0.9986,48,4,YOUNGOR,204.71,206.06,evidence/card_0271.jpg,ocr/input_videos\上海__五角场合生汇__20260824.mp4,YOUNGOR | 服装 | 🌟🌟🎉🎉 | L2 | 4.3 | ★ | 西服款式多，版型正不老气” | “ | 惠 | ￥1000￥1050新春唤新折上折1000团..,服装 | 🌟🌟🎉🎉 | L2 | 4.3 | ★,结构完整,
CARD-0272,五角场合生汇,荣耀授权高级体验店,荣耀授权高级体验店,数码产品,4.7,3943,L4,rated,True,,rated,parsed,rating_anchor,0.9995,0.9992,55,7,荣耀授权高级体验店,204.71,208.37,evidence/card_0272.jpg,ocr/input_videos\上海__五角场合生汇__20260824.mp4,荣耀授权高级体验店 | 🌟🌟🎉🌟 | 数码产品 | L4 | 4.7 | ￥3943/人 | “拍昭清晰色彩好 | AI功能超智能”,🌟🌟🎉🌟 | 数码产品 | L4 | 4.7 | ￥3943/人,结构完整,
CARD-0273,五角场合生汇,Lee,Lee,服饰鞋包,3.8,1208,L2,rated,True,,rated,parsed,rating_anchor,0.9842,0.9994,56,3,Lee,207.41,208.37,evidence/card_0273.jpg,ocr/input_videos\上海__五角场合生汇__20260824.mp4,Lee | Leé | 3.8服饰鞋包￥1208/人 | L2,3.8服饰鞋包￥1208/人 | L2,结构完整,
CARD-0274,五角场合生汇,李宁,李宁,运动户外,4.8,672,B1,rated,True,,rated,parsed,rating_anchor,0.9711,0.9986,66,3,李宁,207.41,208.37,evidence/card_0274.jpg,ocr/input_videos\上海__五角场合生汇__20260824.mp4,李宁 | 4.8运动户外￥672/人 | B1 | LI-NING | 点评榜单 | 五角场/大学路运动户外好评榜第3名 | 款式新码数全，购物体验很舒服 | ￥540 | ￥600 | 惠 | 【开学季】540团600折上....,4.8运动户外￥672/人 | B1,结构完整,
CARD-0275,五角场合生汇,泰兰尼斯TARANIS,泰兰尼斯TARANIS,鞋靴,4.0,438,L3,rated,True,,rated,parsed,rating_anchor,0.9831,0.9979,54,3,泰兰尼斯TARANIS,207.41,208.37,evidence/card_0275.jpg,ocr/input_videos\上海__五角场合生汇__20260824.mp4,泰兰尼斯TARANIS | 🌟🌟🌟🌟⭐ | L3 | 4.0鞋靴￥438/人 | 房 | 泰兰尼斯学步鞋，柔软舒适”,🌟🌟🌟🌟⭐ | L3 | 4.0鞋靴￥438/人,结构完整,
CARD-0276,五角场合生汇,追觅DREAME,追觅DREAME,家用电器,3.8,1645,B1,rated,True,,rated,parsed,rating_anchor,0.9812,0.9983,55,3,追觅DREAME,207.41,208.37,evidence/card_0276.jpg,ocr/input_videos\上海__五角场合生汇__20260824.mp4,追觅DREAME | DREAME | B1 | 3.8家用电器￥1645/人 | 品类齐全，吸尘器空气净化器都有 | “ | 极氪空间,B1 | 3.8家用电器￥1645/人,结构完整,
CARD-0277,五角场合生汇,极氪空间,极氪空间,4S店,,196642,L1,unknown,True,,ocr_missing,parsed,metadata_anchor,0.9881,0.9983,57,2,极氪空间,209.91,210.29,evidence/card_0277.jpg,ocr/input_videos\上海__五角场合生汇__20260824.mp4,极氪空间 | ⭐🌟🌟🌟⭐ | L1 | 4.24S店￥196642/人 | 试驾流程轻松流畅，科技感十足 | 5 | ￥0.01￥1 | 惠 | 【试驾有礼】极氪全系车型..,⭐🌟🌟🌟⭐ | L1 | 4.24S店￥196642/人,建议复核,rating_missing | metadata_anchor
CARD-0278,五角场合生汇,MO&Co.,MO&Co.,服饰鞋包,4.2,1743,L2,rated,True,,rated,parsed,rating_anchor,0.9668,0.9709,55,2,MO&Co.,209.91,210.29,evidence/card_0278.jpg,ocr/input_videos\上海__五角场合生汇__20260824.mp4,MO&Co. | 🌟🌟🌟⭐ | L2 | 4.2 | 服饰鞋包￥1743/人 | ★ | MO&Co.,🌟🌟🌟⭐ | L2 | 4.2 | 服饰鞋包￥1743/人 | ★,结构完整,
CARD-0279,五角场合生汇,膜壳先锋手机贴膜维修回收,膜壳先锋手机贴膜维修回收,数码产品,4.3,138,B1,rated,True,,rated,parsed,rating_anchor,0.983,0.9962,54,3,膜壳先锋手机贴膜维修回收,209.91,211.64,evidence/card_0279.jpg,ocr/input_videos\上海__五角场合生汇__20260824.mp4,膜壳先锋手机贴膜维修回收 | 膜壳先锋 | 数码产品￥138/人 | B1 | 🌟🌟⭐🌟🌟 | 4.3 | MOOKCE | 始丝划一地提供社验的客户体验 | 手机完美复活，价格实惠 | 手机 | 电脑 | 高价 | 维修 | 维修 | 回收 | ￥69￥89蓝猩高清防静电钢化膜【苹果... | 惠￥ | 惠￥50￥100代金券,数码产品￥138/人 | B1 | 🌟🌟⭐🌟🌟 | 4.3,结构完整,
CARD-0280,五角场合生汇,moodytiger,moodytiger,服饰鞋包,3.4,,L3,rated,True,,rated,parsed,rating_anchor,0.999,0.9995,61,3,moodytiger,209.91,211.64,evidence/card_0280.jpg,ocr/input_videos\上海__五角场合生汇__20260824.mp4,moodytiger | 3.4服饰鞋包 | ★★★★★ | L3 | moodytiger | 香薰精油扩香，店铺舒适放松,3.4服饰鞋包 | ★★★★★ | L3,结构完整,
CARD-0281,五角场合生汇,阿维塔体验中心上海合生汇店,阿维塔体验中心上海合生汇店,4S店,,233830,L1,unknown,True,,ocr_missing,parsed,metadata_anchor,0.9777,0.9989,56,4,阿维塔体验中心上海合生汇店,209.91,212.41,evidence/card_0281.jpg,ocr/input_videos\上海__五角场合生汇__20260824.mp4,阿维塔体验中心上海合生汇店 | 3.74S店￥233830/人 | L1,3.74S店￥233830/人 | L1,建议复核,rating_missing | metadata_anchor
CARD-0282,五角场合生汇,宋朝香氛,宋朝香氛,化妆品,3.9,237,B1,rated,True,,rated,parsed,rating_anchor,0.9982,0.9978,56,4,宋朝香氛,211.64,214.91,evidence/card_0282.jpg,ocr/input_videos\上海__五角场合生汇__20260824.mp4,宋朝香氛 | 🌟🌟🌟⭐ | 化妆品 | B1 | ￥237/人 | 3.9 | 宋朝香氛 | 香氛味道清新，对人畜无害” | SǒnG Chao,🌟🌟🌟⭐ | 化妆品 | B1 | ￥237/人 | 3.9,结构完整,
CARD-0283,五角场合生汇,URBAN REVIVO,URBANREVIVO,服饰鞋包,4.8,425,B1,rated,True,,rated,parsed,rating_anchor,0.9646,0.9704,44,4,URBAN REVIVO,211.64,214.91,evidence/card_0283.jpg,ocr/input_videos\上海__五角场合生汇__20260824.mp4,URBAN REVIVO | 🌟🌟4.8 | B1 | 服饰鞋包￥425/人 | 点评镑单 | 五角场/大学路服饰鞋包好评榜第3名 | 设计感强，材质柔软细腻” | OCE,🌟🌟4.8 | B1 | 服饰鞋包￥425/人,结构完整,
CARD-0284,五角场合生汇,OCE,OCE,居家日用,4.8,82,B1,rated,True,,rated,parsed,rating_anchor,0.9801,0.9979,60,4,OCE,212.41,215.68,evidence/card_0284.jpg,ocr/input_videos\上海__五角场合生汇__20260824.mp4,OCE | 4.8居家日用￥82/人 | B1 | O.CE | 可爱物品超多，香薰精油持久留香” | “ | ￥1￥2 | 惠 | 【馨动礼遇】OCE天然饮用水*1瓶 | ￥100代金券 | ￥88.5 | 9.9折 | 惠,4.8居家日用￥82/人 | B1,结构完整,
CARD-0285,五角场合生汇,麦檬MM,麦檬MM,服装,3.1,,L3,rated,True,,rated,parsed,rating_anchor,0.9959,0.9941,57,4,麦檬 MM | 麦檬MM,212.41,215.68,evidence/card_0285.jpg,ocr/input_videos\上海__五角场合生汇__20260824.mp4,麦檬MM | 🌟🌟🎉⭐⭐ | 3.1服装 | L3,🌟🌟🎉⭐⭐ | 3.1服装 | L3,结构完整,
CARD-0286,五角场合生汇,乐道体验店,乐道体验店,4S店,3.9,,L1,rated,True,,rated,parsed,rating_anchor,0.9984,0.9999,55,4,乐道体验店,212.41,215.68,evidence/card_0286.jpg,ocr/input_videos\上海__五角场合生汇__20260824.mp4,乐道体验店 | 购新乐道L60 | 享限时礼遇 | L1 | 🌟🌟🌟🎉 | 4S店 | 3.9 | “位置好找，内饰级有质感,L1 | 🌟🌟🌟🎉 | 4S店 | 3.9,结构完整,
CARD-0287,五角场合生汇,ACMEITEM爱棵米,ACMEITEM爱棵米,购物,3.5,1670,B1,rated,True,,rated,parsed,rating_anchor,0.9739,0.9951,48,3,ACMEITEM爱棵米,215.68,216.64,evidence/card_0287.jpg,ocr/input_videos\上海__五角场合生汇__20260824.mp4,ACMEITEM爱棵米 | 🌟🌟🌟🌟🌟 | B1 | 购物￥1670/人 | 3.5 | 装修有格调，速干衣超好穿！ | 3 | G,🌟🌟🌟🌟🌟 | B1 | 购物￥1670/人 | 3.5,结构完整,
CARD-0288,五角场合生汇,FILA,FILA,运动户外,3.8,997,B1,rated,True,,rated,parsed,rating_anchor,0.9775,0.9958,52,3,FILA,215.68,216.64,evidence/card_0288.jpg,ocr/input_videos\上海__五角场合生汇__20260824.mp4,FILA | 🌟🌟🌟🌟🌟 | B1 | 3.8运动户外￥997/人 | FIUA,🌟🌟🌟🌟🌟 | B1 | 3.8运动户外￥997/人,结构完整,
CARD-0289,五角场合生汇,示迫体验店,示迫体验店,4S店,3.9,,L1,rated,True,,rated,parsed,rating_anchor,0.8803,0.7639,36,1,示迫体验店,216.26,216.26,evidence/card_0289.jpg,ocr/input_videos\上海__五角场合生汇__20260824.mp4,示迫体验店 | 购新乐道L60 | 享限时礼遇 | 4S店 | L1 | ⭐🌟🌟🌟🌟 | 3.9 | 位置好找，内饰高级有质感,4S店 | L1 | ⭐🌟🌟🌟🌟 | 3.9,建议复核,single_observation | low_title_confidence
CARD-0290,五角场合生汇,BeLLE,BeLLE,鞋靴,4.1,554,L2,rated,True,,rated,parsed,rating_anchor,0.9711,0.9981,47,2,BeLLE,216.26,216.64,evidence/card_0290.jpg,ocr/input_videos\上海__五角场合生汇__20260824.mp4,BeLLE | 🌟🌟⭐🌟 | L2 | 鞋靴￥554/人 | 4.1 | ★ | ＢＥＬＬE | 款式多样又百搭，材质舒适还有增高,🌟🌟⭐🌟 | L2 | 鞋靴￥554/人 | 4.1 | ★,结构完整,
CARD-0291,五角场合生汇,MOUSSY,MOUSSY,服装,4.0,1200,B1,rated,True,,rated,parsed,rating_anchor,0.9805,0.9938,45,2,MOUSSY,216.26,216.64,evidence/card_0291.jpg,ocr/input_videos\上海__五角场合生汇__20260824.mp4,MOUSSY | 🌟🌟🎉🎉 | 4.0服装￥1200/人 | B1 | ￥ | 设计独特，面料舒适耐穿,🌟🌟🎉🎉 | 4.0服装￥1200/人 | B1 | ￥,结构完整,
CARD-0292,五角场合生汇,结绳荟,结绳荟,综合珠宝首饰,4.3,455,B2,rated,True,,rated,parsed,rating_anchor,0.99,0.9994,55,6,结绳荟,216.26,219.34,evidence/card_0292.jpg,ocr/input_videos\上海__五角场合生汇__20260824.mp4,结绳荟 | 综合珠宝首饰￥455/人 | ★🌟★★ | B2 | 4.3 | ★ | 结绳荟 | 实物比照片更好看，服务耐心审美佳 | “ | XNOTYED JEMELERY | lululemon,综合珠宝首饰￥455/人 | ★🌟★★ | B2 | 4.3 | ★,结构完整,
CARD-0293,五角场合生汇,lululemon,lululemon,运动户外,3.9,999,L1,rated,True,,rated,parsed,rating_anchor,0.9772,0.9967,53,7,lululemon,216.64,221.64,evidence/card_0293.jpg,ocr/input_videos\上海__五角场合生汇__20260824.mp4,Ω | lululemon | 🌟🌟⭐🌟🌟 | 运动户外￥999/人 | L1 | 3.9 | 点评榜单 | 五角场/大学路运动户外热门榜第2名 | 试衣间大且有三面镜，购物体验愉快,🌟🌟⭐🌟🌟 | 运动户外￥999/人 | L1 | 3.9,结构完整,
CARD-0294,五角场合生汇,hotwind热风,hotwind热风,服饰鞋包,4.7,262,B1,rated,True,,rated,parsed,rating_anchor,0.9844,0.9992,52,6,hotwind热风,217.99,221.64,evidence/card_0294.jpg,ocr/input_videos\上海__五角场合生汇__20260824.mp4,hotwind热风 | hotwindR | ⭐🌟⭐🌟4.7 | B1 | 服饰鞋包￥262/人 | 环境时尚音乐好，服装也很棒,⭐🌟⭐🌟4.7 | B1 | 服饰鞋包￥262/人,结构完整,
CARD-0295,五角场合生汇,谭木匠,谭木匠,杂货礼品,4.1,571,L3,rated,True,,rated,parsed,rating_anchor,0.9886,0.9987,59,7,谭木匠,217.99,223.18,evidence/card_0295.jpg,ocr/input_videos\上海__五角场合生汇__20260824.mp4,谭木匠 | 🌟🌟🌟🌟 | 4.1杂货礼品￥571/人 | L3 | 譚木匠 | ￥ | “位置好找，梳子超级好用 | 2 | ￥288￥288谭木匠礼盒漆艺护发梳翠屏 | 惠,🌟🌟🌟🌟 | 4.1杂货礼品￥571/人 | L3 | ￥,结构完整,
CARD-0296,五角场合生汇,HAZZYS哈吉斯,HAZZYS哈吉斯,服饰鞋包,4.6,1210,L1,rated,True,,rated,parsed,rating_anchor,0.9868,0.9979,55,7,HAZZYS哈吉斯,217.99,223.18,evidence/card_0296.jpg,ocr/input_videos\上海__五角场合生汇__20260824.mp4,HAZZYS哈吉斯 | h | 🌟✨⭐🌟 | L1 | 服饰鞋包￥1210/人 | 4.6 | HAZZYS,🌟✨⭐🌟 | L1 | 服饰鞋包￥1210/人 | 4.6,结构完整,
CARD-0297,五角场合生汇,卡游,卡游,杂货礼品,4.8,113,L3,rated,True,,rated,parsed,rating_anchor,0.9842,1.0,64,7,卡游,218.57,223.57,evidence/card_0297.jpg,ocr/input_videos\上海__五角场合生汇__20260824.mp4,卡游 | L3 | 4.8杂货礼品￥113/人 | KAYOU | 卡牌品种丰富，面积超大” | “ | ￥939.8折 | ￥100 | 惠 | 【限时福利】100代金券,L3 | 4.8杂货礼品￥113/人,结构完整,
CARD-0298,五角场合生汇,浪琴表LONGINES,浪琴表LONGINES,钟表,4.8,18992,L1,rated,True,,rated,parsed,rating_anchor,0.9684,0.9893,51,3,浪琴表LONGINES,223.18,223.95,evidence/card_0298.jpg,ocr/input_videos\上海__五角场合生汇__20260824.mp4,浪琴表LONGINES | 4.8钟表￥18992/人 | L1 | LONGINES | 灰色康卡斯大气低调，服务特别好”,4.8钟表￥18992/人 | L1,结构完整,
CARD-0299,五角场合生汇,名创优品,名创优品,居家日用,4.8,78,B2,rated,True,,rated,parsed,rating_anchor,0.9811,0.9999,59,3,名创优品,223.18,223.95,evidence/card_0299.jpg,ocr/input_videos\上海__五角场合生汇__20260824.mp4,名创优品 | 4.8居家日用￥78/人 | B2 | MINI | “情绪价值拉满，价格亲民 | SOü | 1 | ￥40.59.7折 | ￥50好物专享·名创优品... | 惠,4.8居家日用￥78/人 | B2,结构完整,
CARD-0300,五角场合生汇,蔚来中心,蔚来中心,4S店,,191256,L1,unknown,True,,ocr_missing,parsed,metadata_anchor,0.989,0.9992,60,2,蔚来中心,223.57,223.95,evidence/card_0300.jpg,ocr/input_videos\上海__五角场合生汇__20260824.mp4,蔚来中心 | 购蔚来ES8 | 享1万元选装基金 | 🌟🌟🌟🌟🌟 | L1 | 3.74S店￥191256/人 | “环境干净整洁，适合边遛娃边办公”,🌟🌟🌟🌟🌟 | L1 | 3.74S店￥191256/人,建议复核,rating_missing | metadata_anchor
CARD-0301,五角场合生汇,泡泡玛特POPMART,泡泡玛特POPMART,杂货礼品,4.8,140,B1,rated,True,,rated,parsed,rating_anchor,0.9986,0.9986,54,4,泡泡玛特POPMART,223.57,227.99,evidence/card_0301.jpg,ocr/input_videos\上海__五角场合生汇__20260824.mp4,泡泡玛特POPMART | B1 | ★★★★★ | 杂货礼品 | ￥140/人 | 4.8 | POP MART | 点评榜单 | 杨浦区杂货礼品热门榜第1名 | 细节处理到位，温润触感 | 万,B1 | ★★★★★ | 杂货礼品 | ￥140/人 | 4.8,结构完整,
CARD-0302,五角场合生汇,蕉下,蕉下,运动户外,3.9,322,B1,rated,True,,rated,parsed,rating_anchor,0.9871,0.9995,63,5,蕉下,223.57,229.72,evidence/card_0302.jpg,ocr/input_videos\上海__五角场合生汇__20260824.mp4,蕉下 | 🌟🌟🌟🌟⭐ | B1 | 3.9运动户外￥322/人,🌟🌟🌟🌟⭐ | B1 | 3.9运动户外￥322/人,结构完整,
CARD-0303,五角场合生汇,DJI大疆(上海合生汇授权体验店),DJI大疆(上海合生汇授权体验店),数码产品,4.8,3540,L1,rated,True,,rated,parsed,rating_anchor,0.9689,0.9683,57,6,DJI大疆 | DJI大疆 (上海合生汇授权体验店) | DJI大疆(上海合生汇授权体验店) | DJI大疆（上海合生汇授权体验店）,227.22,231.07,evidence/card_0303.jpg,ocr/input_videos\上海__五角场合生汇__20260824.mp4,DJI大疆(上海合生汇授权体验店) | 少 | 4.8数码产品￥3540/人 | L1 | 画质和性能超棒，还能直播” | 授权体验店,4.8数码产品￥3540/人 | L1,结构完整,
CARD-0304,五角场合生汇,丝芙兰Sephora,丝芙兰Sephora,化妆品,3.6,431,L1,rated,True,,rated,parsed,rating_anchor,0.9798,0.9993,62,6,丝芙兰Sephora,227.22,231.07,evidence/card_0304.jpg,ocr/input_videos\上海__五角场合生汇__20260824.mp4,丝芙兰Sephora | 3.6化妆品￥431/人 | L1 | SEPHORA | 丝芙兰 | 彩妆香水活动，情人节送礼首选,3.6化妆品￥431/人 | L1,结构完整,
CARD-0305,五角场合生汇,亚一金店,亚一金店,黄金首饰,3.4,4646,L1,rated,True,,rated,parsed,rating_anchor,0.987,0.9991,60,6,亚一金店,227.22,231.07,evidence/card_0305.jpg,ocr/input_videos\上海__五角场合生汇__20260824.mp4,亚一金店 | 2一店 | L1 | ⭐🌟⭐ | ★★ | 3.4黄金首饰￥4646/人 | 服务热情，编手绳技艺精湛” | 小天才步步高,L1 | ⭐🌟⭐ | ★★ | 3.4黄金首饰￥4646/人,结构完整,
CARD-0306,五角场合生汇,小天才步步高,小天才步步高,数码产品,4.9,1721,L4,rated,True,,rated,parsed,rating_anchor,0.9856,0.9988,55,4,小天才步步高,229.72,231.07,evidence/card_0306.jpg,ocr/input_videos\上海__五角场合生汇__20260824.mp4,小天才步步高 | ⭐4.9 | L4 | 数码产品￥1721/人 | 双频GPS定位精准，语音拍照超有趣 | 2 | 名 | ￥0.10.3折 | 【全国特价】小天才表.. | 惠 | ￥5,⭐4.9 | L4 | 数码产品￥1721/人,结构完整,
CARD-0307,五角场合生汇,CHIIKAWA,CHIIKAWA,杂货礼品,4.8,153,L1,rated,True,,rated,parsed,rating_anchor,0.9841,0.9972,45,4,CHIIKAWA,230.11,232.8,evidence/card_0307.jpg,ocr/input_videos\上海__五角场合生汇__20260824.mp4,CHIIKAWA | L1 | ⭐🌟🌟🌟🌟4.8 | 杂货礼品￥153/人 | 5 | 暂停营业,L1 | ⭐🌟🌟🌟🌟4.8 | 杂货礼品￥153/人,结构完整,
CARD-0308,五角场合生汇,Beonly培育钻,Beonly培育钻,珠宝首饰,4.7,7630,B1,rated,True,,rated,parsed,rating_anchor,0.9757,0.9965,52,1,Beonly培育钻,232.8,232.8,evidence/card_0308.jpg,ocr/input_videos\上海__五角场合生汇__20260824.mp4,Beonly培育钻 | 4.7珠宝首饰￥7630/人 | B1 | 钻石戒指和手链搭配，效果超美！ | 3 | 3,4.7珠宝首饰￥7630/人 | B1,建议复核,single_observation
CARD-0309,五角场合生汇,OPPO体验店,OPPO体验店,数码产品,4.8,3903,L4,rated,True,,rated,parsed,rating_anchor,0.9841,0.9993,52,1,OPPO体验店,232.8,232.8,evidence/card_0309.jpg,ocr/input_videos\上海__五角场合生汇__20260824.mp4,OPPO体验店 | ⭐🌟⭐⭐🎉4.8 | 数码产品￥3903/人 | L4 | Oppo | “服务员专业，性能和拍照都很棒 | ￥1￥39.9120umUV固化手机膜5折券 | 惠,⭐🌟⭐⭐🎉4.8 | 数码产品￥3903/人 | L4,建议复核,single_observation
CARD-0310,五角场合生汇,DR·KONG江博士健康鞋,DR·KONG江博士健康鞋,鞋靴,4.3,413,L3,rated,True,,rated,parsed,rating_anchor,0.9653,0.9898,53,2,DR·KONG江博士健康鞋,232.8,235.3,evidence/card_0310.jpg,ocr/input_videos\上海__五角场合生汇__20260824.mp4,DR·KONG江博士健康鞋 | 🌟🌟⭐⭐ | L3 | 鞋靴￥413/人 | 4.3 | ★ | DR·KONG | 点评榜单 | 江博士·健康鞋 | 五角场/大学路鞋靴好评榜第3名 | 鞋垫柔软有弹性，走路特别跟脚 | ￥599 | ￥197.19.7折 | 【夏日特惠】199.….. | 惠,🌟🌟⭐⭐ | L3 | 鞋靴￥413/人 | 4.3 | ★,结构完整,
CARD-0311,五角场合生汇,周大福荟馆JEWELRIA,周大福荟馆JEWELRIA,黄金首饰,4.6,10229,L1,rated,True,,rated,parsed,rating_anchor,0.9684,0.9615,54,2,周大福荟馆JEWELRIA,232.8,235.3,evidence/card_0311.jpg,ocr/input_videos\上海__五角场合生汇__20260824.mp4,周大福荟馆JEWELRIA | 🌟🌟⭐⭐🌟 | L1 | 4.6黄金首饰￥10229/人 | 周大福警館,🌟🌟⭐⭐🌟 | L1 | 4.6黄金首饰￥10229/人,结构完整,
CARD-0313,五角场合生汇,潮宏基,潮宏基,黄金首饰,3.3,3971,L1,rated,True,,rated,parsed,rating_anchor,0.9784,0.9996,60,3,潮宏基,235.3,238.38,evidence/card_0313.jpg,ocr/input_videos\上海__五角场合生汇__20260824.mp4,潮宏基 | 3.3黄金首饰￥3971/人 | L1 | 编红绳手艺一绝，服务热情周到,3.3黄金首饰￥3971/人 | L1,结构完整,
CARD-0314,五角场合生汇,vivo官方授权体验店,vivo官方授权体验店,数码产品,4.9,3954,L4,rated,True,,rated,parsed,rating_anchor,0.9805,0.9975,55,3,vivo官方授权体验店,235.3,238.38,evidence/card_0314.jpg,ocr/input_videos\上海__五角场合生汇__20260824.mp4,vivo官方授权体验店 | vivo×300E | 电 | 1 | 4.9数码产品￥3954/人 | L4 | 颜值在线，拍照细节清晰” | 来vivo体验店、享国家补贴 | ￥1￥967vivo全机型到店购机专属权益... | 惠,4.9数码产品￥3954/人 | L4,结构完整,
CARD-0315,五角场合生汇,理想汽车上海合生汇零售中心,理想汽车上海合生汇零售中心,4S店,,267323,L1,unknown,True,,ocr_missing,parsed,metadata_anchor,0.9863,0.9987,54,3,理想汽车上海合生汇零售中心,237.61,239.92,evidence/card_0315.jpg,ocr/input_videos\上海__五角场合生汇__20260824.mp4,理想汽车上海合生汇零售中心 | 新一代理想L6 | 全能四驱SUV | L1 | 🌟🌟🎉🎉🌟 | 4.24S店￥267323/人 | ￥0.01￥399 | 【免费预约试驾】理想i6... | 惠,L1 | 🌟🌟🎉🎉🌟 | 4.24S店￥267323/人,建议复核,rating_missing | metadata_anchor
CARD-0316,五角场合生汇,SWAROVSKI回收黄金,SWAROVSKI回收黄金,奢侈品,3.8,1763,L1,rated,True,,rated,parsed,rating_anchor,0.9788,0.9919,53,3,SWAROVSKI回收黄金,237.61,239.92,evidence/card_0316.jpg,ocr/input_videos\上海__五角场合生汇__20260824.mp4,SWAROVSKI回收黄金 | 黄金回收 | 安全 | 3.8奢侈品￥1763/人 | L1 | 正舰,3.8奢侈品￥1763/人 | L1,结构完整,
CARD-0317,五角场合生汇,CHANEL香奈儿,CHANEL香奈儿,化妆品,2.8,926,L1,rated,True,,rated,parsed,rating_anchor,0.9671,0.9924,52,4,CHANEL香奈儿,237.61,240.31,evidence/card_0317.jpg,ocr/input_videos\上海__五角场合生汇__20260824.mp4,CHANEL香奈儿 | 化妆品￥926/人 | 🌟🌟 | 🌟⭐🌟 | L1 | 2.8 | 业 | 服务贴心，香水味道闻得开心 | （ | Co,化妆品￥926/人 | 🌟🌟 | 🌟⭐🌟 | L1 | 2.8,结构完整,
CARD-0318,五角场合生汇,SHINE萱子饰品,SHINE萱子饰品,杂货礼品,3.8,202,B1,rated,True,,rated,parsed,rating_anchor,0.989,0.9986,53,2,SHINE萱子饰品,239.92,240.31,evidence/card_0318.jpg,ocr/input_videos\上海__五角场合生汇__20260824.mp4,SHINE萱子饰品 | 🌟🌟🎉🌟🌟 | 3.8杂货礼品￥202/人 | B1 | SHINE | 萱子 | 萱子饰品季节限定，设计超赞！ | 53 | ≤,🌟🌟🎉🌟🌟 | 3.8杂货礼品￥202/人 | B1,结构完整,
CARD-0319,五角场合生汇,九木杂物社,九木杂物社,杂货礼品,4.7,84,B1,rated,True,,rated,parsed,rating_anchor,0.9979,0.9997,55,2,九木杂物社,239.92,240.31,evidence/card_0319.jpg,ocr/input_videos\上海__五角场合生汇__20260824.mp4,九木杂物社 | 力 | 杂货礼品 | ￥84/人 | 🌟🌟🌟🌟🌟 | B1 | 4.7 | 3 | 品 | 木 | 点评榜单 | 杨浦区杂货礼品热门榜第10名 | 杂物社 | 夏日限定好可爱，解压小物超多 | “ | 55 | ￥939.8折 | ￥100九木杂物社·夏日限定... | 惠,杂货礼品 | ￥84/人 | 🌟🌟🌟🌟🌟 | B1 | 4.7,结构完整,
CARD-0320,五角场合生汇,优衣库,优衣库,服饰鞋包,4.8,244,B1,rated,True,,rated,parsed,rating_anchor,0.9827,0.9998,59,4,优衣库,239.92,243.38,evidence/card_0320.jpg,ocr/input_videos\上海__五角场合生汇__20260824.mp4,优衣库 | UNI | 服饰鞋包￥244/人 | B1 | 🌟🌟🎉🌟🌟 | 4.8 | QLO | 点评榜单 | 五角场/大学路服饰鞋包好评榜第4名 | 3D极细中空纤维填充，轻盈保暖不跑绒 | 2,服饰鞋包￥244/人 | B1 | 🌟🌟🎉🌟🌟 | 4.8,结构完整,
CARD-0321,五角场合生汇,影石Insta360,影石Insta360,数码产品,4.8,2807,L1,rated,True,,rated,parsed,rating_anchor,0.968,0.9775,51,3,影石Insta360,240.31,243.38,evidence/card_0321.jpg,ocr/input_videos\上海__五角场合生汇__20260824.mp4,影石Insta360 | 6613350x6 | 拍万物，皆无界 | ⭐🌟⭐⭐⭐4.8 | L1 | 数码产品￥2807/人 | 暂停营业 | 好特卖HotMaxx,⭐🌟⭐⭐⭐4.8 | L1 | 数码产品￥2807/人,结构完整,
CARD-0322,五角场合生汇,好特卖HotMaxx,好特卖HotMaxx,超市便利,4.9,,B2,rated,True,,rated,parsed,rating_anchor,0.9762,0.9881,57,2,好特卖HotMaxx,242.81,243.38,evidence/card_0322.jpg,ocr/input_videos\上海__五角场合生汇__20260824.mp4,好特卖HotMaxx | 4.9超市便利61/人 | B2 | 好特卖 | 点评榜单 | 杨浦区超市便利好评榜第1名 | HotMax | 咸蛋黄瓜籽超好吃，商场内多家店铺 | S | ￥2.8￥2.9 | 【会员享】磨坊脆肉枣80g | 惠,4.9超市便利61/人 | B2,结构完整,
CARD-0323,五角场合生汇,adidas,adidas,运动户外,4.7,1008,B1,rated,True,,rated,parsed,rating_anchor,0.983,0.9993,53,5,adidas,242.81,246.85,evidence/card_0323.jpg,ocr/input_videos\上海__五角场合生汇__20260824.mp4,adidas | ⭐🌟⭐🌟🌟 | 4.7运动户外￥1008/人 | B1 | 点评榜单 | 杨浦区运动户外热门榜第4名 | T酒搏 | 复古棕遇上清新蓝，氛围感拉满 | ￥674.249.8折 | ￥800上海多品牌688.. | 惠,⭐🌟⭐🌟🌟 | 4.7运动户外￥1008/人 | B1,结构完整,
CARD-0324,五角场合生汇,莱绅通灵珠宝,莱绅通灵珠宝,综合珠宝饰,4.2,,L1,rated,True,,rated,parsed,rating_anchor,0.9898,0.9949,51,5,莱绅通灵珠宝,242.81,246.85,evidence/card_0324.jpg,ocr/input_videos\上海__五角场合生汇__20260824.mp4,莱绅通灵珠宝 | 4.2综合珠宝饰￥238/L1 | ★★★★★ | “鎏光织链，艺精湛显级',4.2综合珠宝饰￥238/L1 | ★★★★★,结构完整,
CARD-0326,五角场合生汇,Dior,Dior,奢侈品,4.3,1157,L1,rated,True,,rated,parsed,rating_anchor,0.9782,0.999,61,3,Dior,245.69,246.85,evidence/card_0326.jpg,ocr/input_videos\上海__五角场合生汇__20260824.mp4,DIOR | Dior | 🌟🌟🌟⭐ | 奢侈品￥1157/人 | L1 | 4.3 | ★,🌟🌟🌟⭐ | 奢侈品￥1157/人 | L1 | 4.3 | ★,结构完整,
CARD-0327,五角场合生汇,华为授权体验店,华为授权体验店,数码产品,4.8,5558,L4,rated,True,,rated,parsed,rating_anchor,0.9852,0.9998,57,5,华为授权体验店,245.69,248.96,evidence/card_0327.jpg,ocr/input_videos\上海__五角场合生汇__20260824.mp4,华为授权体验店 | 数码产品￥5558/人 | L4 | 🌟🌟🌟🌟🌟4.8 | HUAWEI | “位置便利，屏幕看剧超爽” | ￥9.9￥49机贴膜|华为机9.9享. | 惠,数码产品￥5558/人 | L4 | 🌟🌟🌟🌟🌟4.8,结构完整,
CARD-0328,五角场合生汇,酷乐潮玩,酷乐潮玩,杂货礼品,3.9,89,B2,rated,True,,rated,parsed,rating_anchor,0.9813,0.9987,57,2,酷乐潮玩,248.39,248.96,evidence/card_0328.jpg,ocr/input_videos\上海__五角场合生汇__20260824.mp4,酷乐潮玩 | 酷乐 | 3.9杂货礼品￥89/人 | B2 | 潮玩 | 暂停营业,3.9杂货礼品￥89/人 | B2,结构完整,
CARD-0329,五角场合生汇,老庙黄金,老庙黄金,黄金首饰,4.1,4667,L1,rated,True,,rated,parsed,rating_anchor,0.9477,0.9467,64,2,老庙黄金,248.39,248.96,evidence/card_0329.jpg,ocr/input_videos\上海__五角场合生汇__20260824.mp4,老庙黄金 | 4.1黄金首饰￥4667/人 | L1 | 瑜老庙 | 操您常爱好建气。 | ￥9599.9折 | ￥1000 | 惠 | 【上海】970代100...,4.1黄金首饰￥4667/人 | L1,结构完整,
CARD-0330,五角场合生汇,周大福CHOW TAI FOOK,周大福CHOWTAIFOOK,珠宝首饰,4.3,8137,L1,rated,True,,rated,parsed,rating_anchor,0.9673,0.9642,53,7,周大福CHOW TAI FOOK | 周大福CHOWTAIFOOK,248.39,253.58,evidence/card_0330.jpg,ocr/input_videos\上海__五角场合生汇__20260824.mp4,周大福CHOW TAI FOOK | 🌟🌟🌟⭐⭐ | 4.3珠宝首饰￥8137/人 | L1 | 周大福 | 编绳子很好看，效果超满意 | SINCE 1929,🌟🌟🌟⭐⭐ | 4.3珠宝首饰￥8137/人 | L1,结构完整,
CARD-0331,五角场合生汇,全家便利店,全家便利店,超市便利,4.1,14,L1,rated,True,,rated,parsed,rating_anchor,0.9819,0.9972,59,7,全家便利店,248.39,253.58,evidence/card_0331.jpg,ocr/input_videos\上海__五角场合生汇__20260824.mp4,全家便利店 | L1 | 🌟🌟🌟🌟 | 4.1超市便利￥14/人 | ★ | 点评榜单 | 五角场/大学路超市便利热门榜第7名 | 全家FamilyMart | ￥3.5￥5 | 惠 | 【2个装】茶叶蛋【全家】,L1 | 🌟🌟🌟🌟 | 4.1超市便利￥14/人 | ★,结构完整,
CARD-0332,五角场合生汇,AOJO眼镜,AOJO眼镜,眼镜店,4.8,550,B1,rated,True,,rated,parsed,rating_anchor,0.9802,0.998,53,5,AOJO眼镜,251.08,253.58,evidence/card_0332.jpg,ocr/input_videos\上海__五角场合生汇__20260824.mp4,AOJO眼镜 | ⭐🌟🌟🌟4.8 | 眼镜店￥550/人 | B1 | AOJO澳镜 | 店铺氛围暖心，拍照效果超赞 | 家庭税力健康管理专家 | 力 | ““ | ￥199成人验光|提供验.... | 8.5折 | ￥25.41 | 惠 | ￥1￥300代金券 | 惠,⭐🌟🌟🌟4.8 | 眼镜店￥550/人 | B1,结构完整,
CARD-0333,五角场合生汇,结绳记,结绳记,综合珠宝首饰,4.3,400,L2,rated,True,,rated,parsed,rating_anchor,0.99,0.9985,60,7,结绳记,251.08,254.54,evidence/card_0333.jpg,ocr/input_videos\上海__五角场合生汇__20260824.mp4,结绳记 | 🌟🌟🌟🎉 | 结绳记 | 综合珠宝首饰￥400/人L2 | 4.3 | ★ | 氛围感十足，提前预留犯太岁产品 | 3 | THE KNOTS,🌟🌟🌟🎉 | 综合珠宝首饰￥400/人L2 | 4.3 | ★,结构完整,
CARD-0334,五角场合生汇,MUJOSH木九十眼镜,MUJOSH木九十眼镜,眼镜店,4.6,1098,L2,rated,True,,rated,parsed,rating_anchor,0.9877,0.9987,54,8,MUJOSH木九十眼镜,251.08,255.7,evidence/card_0334.jpg,ocr/input_videos\上海__五角场合生汇__20260824.mp4,MUJOSH木九十眼镜 | 科 | 🌟🌟⭐🌟🌟 | L2 | 4.6眼镜店￥1098/人 | 服务耐心细致，限量版眼镜值得拥有,🌟🌟⭐🌟🌟 | L2 | 4.6眼镜店￥1098/人,结构完整,
CARD-0335,五角场合生汇,Ray·Ban雷朋,Ray·Ban雷朋,眼镜店,4.8,1193,B1,rated,True,,rated,parsed,rating_anchor,0.9764,0.9799,62,3,Ray·Ban雷朋,253.97,255.7,evidence/card_0335.jpg,ocr/input_videos\上海__五角场合生汇__20260824.mp4,Ray·Ban雷朋 | 🌟🌟4.8 | B1 | 眼镜店￥1193/人 | Ban | Ray | 店员推荐眼镜超贴心，粉色水洗镜片夜... | ￥399￥500太阳镜|【大促狂欢】399.. | 惠,🌟🌟4.8 | B1 | 眼镜店￥1193/人,结构完整,
CARD-0336,五角场合生汇,中国黄金精品店,中国黄金精品店,黄,4.1,,商场内,rated,True,,rated,parsed,rating_anchor,0.938,0.9983,51,3,中国黄金精品店,253.97,255.7,evidence/card_0336.jpg,ocr/input_videos\上海__五角场合生汇__20260824.mp4,中国黄金精品店 | 4.1 黄 ￥13172/商场内 | 服务贴心无推销，手编绳子很漂亮 | 力 | 中国黄金 | Chinn Goid,4.1 黄 ￥13172/商场内,结构完整,
CARD-0337,五角场合生汇,MUJOSH木九十眼镜,MUJOSH木九十眼镜,眼镜店,4.5,1102,B1,rated,True,,rated,parsed,rating_anchor,0.9866,0.9992,53,6,MUJOSH木九十眼镜,253.97,257.43,evidence/card_0337.jpg,ocr/input_videos\上海__五角场合生汇__20260824.mp4,MUJOSH木九十眼镜 | 4.5眼镜店￥1102/人 | B1 | 验光专业又仔细，佩戴清晰舒适”,4.5眼镜店￥1102/人 | B1,结构完整,
CARD-0338,五角场合生汇,老凤祥银楼,老凤祥银楼,黄金首饰,3.9,12200,L1,rated,True,,rated,parsed,rating_anchor,0.9862,0.9975,55,4,老凤祥银楼,255.7,257.43,evidence/card_0338.jpg,ocr/input_videos\上海__五角场合生汇__20260824.mp4,老凤祥银楼 | 🌟🌟🌟🌟🌟 | 3.9黄金首饰￥12200/人 | L1 | 黄金吊坠造型精致，手工费超值” | ￥970￥1000代金券 | 惠,🌟🌟🌟🌟🌟 | 3.9黄金首饰￥12200/人 | L1,结构完整,
CARD-0339,五角场合生汇,LOHO眼镜,LOHO眼镜,眼镜店,4.8,715,L2,rated,True,,rated,parsed,rating_anchor,0.9822,0.9981,56,4,LOHO眼镜,255.7,257.43,evidence/card_0339.jpg,ocr/input_videos\上海__五角场合生汇__20260824.mp4,LOHO眼镜 | 源游记 | LOHO | 92.3% | 4.8眼镜店￥715/人 | L2 | 镜框款式多到挑花眼，拍照自带高级感.. | 青装上阵 | （ | 轻 | 美学科接新品上市 | ￥29.9￥59.9 LOHO眼镜专属验光1关... | 惠,4.8眼镜店￥715/人 | L2,结构完整,
CARD-0340,五角场合生汇,周生生Chow Sang Sang,周生生ChowSangSang,黄金首饰,4.5,8046,L1,rated,True,,rated,parsed,rating_anchor,0.9759,0.9848,76,7,周生生Chow Sang Sang,256.28,260.7,evidence/card_0340.jpg,ocr/input_videos\上海__五角场合生汇__20260824.mp4,周生生Chow Sang Sang | 周生生 | 🌟🌟🎉🌟🌟 | 4.5黄金首饰￥8046/人 | L1 | 服务细节到位，礼物贴心选择” | “ | Chou Sang Sang,🌟🌟🎉🌟🌟 | 4.5黄金首饰￥8046/人 | L1,结构完整,
CARD-0341,五角场合生汇,小团眼镜,小团眼镜,眼镜店,4.9,413,B2,rated,True,,rated,parsed,rating_anchor,0.9802,0.9985,59,4,小团眼镜,258.58,260.7,evidence/card_0341.jpg,ocr/input_videos\上海__五角场合生汇__20260824.mp4,小团眼镜 | B2 | 🌟🌟🎉🌟🌟 | 眼镜店￥413/人 | 4.9 | 点评榜单 | 杨浦区眼镜店热门榜第1名 | 小团眼镜 | xiaotuan | 量贩式价格，验光专业无推销 | “ | ￥235 | ￥153.59.8折 | 【50-800度】1.6... | 惠,B2 | 🌟🌟🎉🌟🌟 | 眼镜店￥413/人 | 4.9,结构完整,
CARD-0342,五角场合生汇,TSL謝瑞麟,TSL谢瑞麟,综合珠宝.,4.4,10611,1F,rated,True,,rated,parsed,rating_anchor,0.9769,0.9997,53,4,TSL謝瑞麟,258.58,260.7,evidence/card_0342.jpg,ocr/input_videos\上海__五角场合生汇__20260824.mp4,TSL謝瑞麟 | 🌟🌟🌟🌟 | 4.4综合珠宝.￥10611/人1F | ★ | 款式显气质，做工精致无毛刺 | “,🌟🌟🌟🌟 | 4.4综合珠宝.￥10611/人1F | ★,结构完整,
CARD-0343,五角场合生汇,一代眼镜,一代眼镜,眼镜店,4.7,936,B1,rated,True,,rated,parsed,rating_anchor,0.9805,0.998,55,7,一代眼镜,258.58,262.24,evidence/card_0343.jpg,ocr/input_videos\上海__五角场合生汇__20260824.mp4,一代眼镜 | 🌟4.7 | B1 | 眼镜店￥936/人 | IDEE | 一代眼镜 | 杨浦区离焦镜销量榜第5名 | 专业配锁值得信赖 | 款式多又新，服务超贴心” | 蔡司·做视路官方授权 | “ | ￥16.918.5折 | 惠 | ￥25海昌|隐形眼镜美瞳...,🌟4.7 | B1 | 眼镜店￥936/人,结构完整,
CARD-0344,五角场合生汇,JINS,JINS,眼镜店,4.8,810,B1,rated,True,,rated,parsed,rating_anchor,0.984,0.9984,56,7,JINS,258.58,262.24,evidence/card_0344.jpg,ocr/input_videos\上海__五角场合生汇__20260824.mp4,JINS | J!NS | B1 | 4.8眼镜店￥810/人 | 30分钟 | 点评榜单 | 杨浦区眼镜店热门榜第5名 | 立等可取 | 全球超800家直营店 | 店员耐心不推销，款式多样舒适 | S | 套餐含1.60非球面镇片399起,B1 | 4.8眼镜店￥810/人,结构完整,
CARD-0345,五角场合生汇,吴良材眼镜,吴良材眼镜,眼镜店,4.8,1219,B2,rated,True,,rated,parsed,rating_anchor,0.9679,0.9854,58,4,吴良材眼镜,260.7,262.24,evidence/card_0345.jpg,ocr/input_videos\上海__五角场合生汇__20260824.mp4,吴良材眼镜 | 4.8眼镜店￥1219/人 | B2 | 吴良材 | 服 | 服务贴心，矫正清洗免费 | 小 | 百联集团成员企业 | ￥10￥300眼镜智耀膜升级券 | 惠,4.8眼镜店￥1219/人 | B2,结构完整,
CARD-0346,五角场合生汇,moody彩瞳,moody彩瞳,眼镜店,4.4,190,B1,rated,True,,rated,parsed,rating_anchor,0.9871,0.9966,63,6,moody彩瞳,261.09,263.97,evidence/card_0346.jpg,ocr/input_videos\上海__五角场合生汇__20260824.mp4,moody彩瞳 | ⭐🌟🌟⭐ | B1 | 4.4眼镜店￥190/人 | ★ | moody彩瞳 | 选择丰富，隐形眼镜断货色号还能快递 | ￥12.7 | 8.5折 | ￥24.9 | moodyl隐形眼镜美... | 惠,⭐🌟🌟⭐ | B1 | 4.4眼镜店￥190/人 | ★,结构完整,
CARD-0347,五角场合生汇,BOLON暴龙眼镜,BOLON暴龙眼镜,眼镜店,4.5,917,L2,rated,True,,rated,parsed,rating_anchor,0.9762,0.9989,51,3,BOLON暴龙眼镜,263.01,263.97,evidence/card_0347.jpg,ocr/input_videos\上海__五角场合生汇__20260824.mp4,BOLON暴龙眼镜 | 🌟🌟🎉🌟🌟 | L2 | 眼镜店￥917/人 | 4.5 | BOLON | EYEWEAR | 店铺位置好找，眼镜轻巧无负担,🌟🌟🎉🌟🌟 | L2 | 眼镜店￥917/人 | 4.5,结构完整,
CARD-0348,五角场合生汇,茂昌眼镜,茂昌眼镜,眼镜店,4.7,1053,B2,rated,True,,rated,parsed,rating_anchor,0.9836,0.9991,57,3,茂昌眼镜,263.01,263.97,evidence/card_0348.jpg,ocr/input_videos\上海__五角场合生汇__20260824.mp4,茂昌眼镜 | 茂昌眼镜 | 4.7眼镜店￥1053/人 | B2 | MAOCHANG | 眼镜店布置整洁，服务细心贴心 | 5 | 百联集团成员企受 | ￥10￥300 | 惠 | 眼镜智耀膜升级券,4.7眼镜店￥1053/人 | B2,结构完整,
CARD-0365,五角场合生汇,Ms.Sue秘术工匠银饰DIY,Ms.Sue秘术工匠银饰DIY,DIY手工坊,4.8,221,B1,rated,True,,rated,parsed,rating_anchor,0.9758,0.9965,47,2,Ms.Sue秘术工匠银饰DIY,272.82,273.21,evidence/card_0365.jpg,ocr/input_videos\上海__五角场合生汇__20260824.mp4,6店同庆 | Ms.Sue秘术工匠银饰DIY | B1 | 4.8DIY手工坊￥221/人 | 点评榜单 | 杨浦区DIY手工坊好评榜第2名 | 电0Y | 低至5折起 | 新手小白也能放心来，情绪价值满满 | 告 | ￥3968.2折 | ￥596 | 惠 | 【七夕节特惠/2枚】 | … | ￥10￥20代金券 | 惠,B1 | 4.8DIY手工坊￥221/人,结构完整,
CARD-0366,五角场合生汇,星际传奇家庭运动中心·宝可梦·抓..,星际传奇家庭运动中心·宝可梦·抓,电玩城,4.2,87,L3,rated,True,,rated,parsed,rating_anchor,0.9547,0.955,59,2,星际传奇家庭运动中心·宝可梦·抓.. | 星际传奇家庭运动中心·宝可梦·抓...,272.82,273.21,evidence/card_0366.jpg,ocr/input_videos\上海__五角场合生汇__20260824.mp4,星际传奇家庭运动中心·宝可梦·抓.. | L3 | 4.2电玩城￥87/人 | 五角场/大学路电玩城回头客榜第3名 | 整体品质高档，周末游戏好去处 | 惠￥1.879.9折 | ￥7.5 | 【新用户专享】5枚...,L3 | 4.2电玩城￥87/人,结构完整,
CARD-0367,五角场合生汇,拾光星球弹珠堂,拾光星球弹珠堂,弹珠店,3.9,49,L5,rated,True,,rated,parsed,rating_anchor,0.9822,0.9966,51,6,拾光星球弹珠堂,272.82,277.25,evidence/card_0367.jpg,ocr/input_videos\上海__五角场合生汇__20260824.mp4,拾光星球弹珠堂 | L5 | 🌟🌟🌟🌟🌟 | 弹珠店￥49/人 | 3.9 | 班堂 | Guene | 五角场/大学路弹珠店销量榜第1名 | 招 | 卡兑换奖品丰富，周末人气超多！ | ≤ | ￥49.9￥149 | 【新手体验弹珠乐趣】30.... | 惠,L5 | 🌟🌟🌟🌟🌟 | 弹珠店￥49/人 | 3.9,结构完整,
CARD-0368,五角场合生汇,中影国际影城,中影国际影城,电影院,4.6,,L4,rated,True,,rated,parsed,rating_anchor,0.9999,0.9999,52,6,中影国际影城,272.82,277.25,evidence/card_0368.jpg,ocr/input_videos\上海__五角场合生汇__20260824.mp4,中影国际影城 | 电影院 | 🌟4.6 | L4,电影院 | 🌟4.6 | L4,结构完整,
CARD-0369,五角场合生汇,神盾局密室逃脱,神盾局密室逃脱,密室/沉浸...,4.5,146,L3,rated,True,,rated,parsed,rating_anchor,0.9118,0.9654,51,1,神盾局密室逃脱,273.21,273.21,evidence/card_0369.jpg,ocr/input_videos\上海__五角场合生汇__20260824.mp4,神盾局密室逃脱 | 口 | ★★★★ | 4.5 | 密室/沉浸... | ￥146/人L3 | 点评榜单 | 五角场/大学路密室/沉浸好评榜第3名 | SEDUN | 神居局 | “机关设计巧妙，解谜量足 | 3 | 厂告 | ￥129￥139129单人券基础票通用型. | 惠,★★★★ | 4.5 | 密室/沉浸... | ￥146/人L3,建议复核,single_observation
CARD-0370,五角场合生汇,雅谷屋·足道SPA采耳,雅谷屋·足道SPA采耳,休闲按摩浴,4.7,,L3,rated,True,,rated,parsed,rating_anchor,0.9592,0.9548,51,4,雅谷屋·足道SPA採耳 | 雅谷屋·足道SPA采耳,275.71,277.25,evidence/card_0370.jpg,ocr/input_videos\上海__五角场合生汇__20260824.mp4,雅谷屋·足道SPA采耳 | 4.7休闲按摩浴￥231/L3 | 雅谷屋SPA | 杨浦区按摩/足疗销量榜第2名 | 好技术好服务好环境 | 放松解压好去处，SPA体验舒畅宁静 | ￥2098.1折 | ￥299 | 【经络·疏通】中.. | 惠,4.7休闲按摩浴￥231/L3,结构完整,
CARD-0371,五角场合生汇,疯狂娃娃城,疯狂娃娃城,娃娃屋,3.4,66,B2,rated,True,,rated,parsed,rating_anchor,0.983,0.9974,52,6,疯狂娃娃城,275.71,278.59,evidence/card_0371.jpg,ocr/input_videos\上海__五角场合生汇__20260824.mp4,疯狂娃娃城 | 疯注娃佳城 | ⭐🌟🎉 | B2 | 3.4娃娃屋￥66/人 | ★★ | 杨浦区娃娃屋销量榜第3名 | 抓娃娃概率高，体验感很好！ | ” | 惠 | ￥1.88￥9 | 【新朋友专属】6枚娃娃币...,⭐🌟🎉 | B2 | 3.4娃娃屋￥66/人 | ★★,结构完整,
CARD-0372,五角场合生汇,汤姆熊欢乐世界,汤姆熊欢乐世界,电玩城,3.5,78,L2,rated,True,,rated,parsed,rating_anchor,0.9847,0.9993,51,5,汤姆熊欢乐世界,276.09,278.59,evidence/card_0372.jpg,ocr/input_videos\上海__五角场合生汇__20260824.mp4,汤姆熊欢乐世界 | TumiweRyD | 3.5电玩城￥78/人 | L2 | 杨浦区游戏厅销量榜第2名 | 盗 | 地理位置方便，卡片机更新快 | 指定套喜星巴克福利,3.5电玩城￥78/人 | L2,结构完整,
CARD-0373,五角场合生汇,星聚会KTV,星聚会KTV,量贩式KTV,3.7,78,L4,rated,True,,rated,parsed,rating_anchor,0.9838,0.998,52,2,星聚会KTV,278.4,278.59,evidence/card_0373.jpg,ocr/input_videos\上海__五角场合生汇__20260824.mp4,星聚会KTV | 星堅會 | ★★★★3.7 | L4 | 量贩式KTV￥78/人 | 不仅仅是KTV | 杨浦区KTV销量榜第2名 | AI趣唱 | 《 | 装修豪华音效好，话筒音质超级棒 | ￥88￥288 | 惠 | 【AI趣唱】星聚会白天档3...,★★★★3.7 | L4 | 量贩式KTV￥78/人,结构完整,
CARD-0374,五角场合生汇,长风拨筋养身养颜,长风拨筋养身养颜,推拿养生,4.6,168,L2,rated,True,,rated,parsed,rating_anchor,0.9825,0.9982,51,4,长风拨筋养身养颜,278.4,281.48,evidence/card_0374.jpg,ocr/input_videos\上海__五角场合生汇__20260824.mp4,拨筋 | 长风拨筋养身养颜 | 4.6推拿养生￥168/人 | L2 | 五角场/大学路推拿养生销量榜第5名 | 养身 | 夏三伏拨筋节 | 头皮按摩超舒适，血液运行起来了！ | 55 | S | ￥138 | ￥169 | 8.3折 | 惠 | 肩颈拨筋|直击酸...,4.6推拿养生￥168/人 | L2,结构完整,
CARD-0375,五角场合生汇,开心麻花经典重生沉浸版,开心麻花经典重生沉浸版,演出/活动,4.9,,B1,rated,True,,rated,parsed,rating_anchor,0.9968,0.9992,51,4,开心麻花经典重生沉浸版 | 开心麻花经典重生沉浸版《夏洛特...,278.4,281.48,evidence/card_0375.jpg,ocr/input_videos\上海__五角场合生汇__20260824.mp4,开心麻花经典重生沉浸版 | 《夏洛特. | 夏洛特烦恼 | ②世转决染 | ⭐4.9 | B1 | 演出/活动 | 我的未点不卧mei让我查ta源话,⭐4.9 | B1 | 演出/活动,结构完整,
CARD-0376,五角场合生汇,开心麻花U空间,开心麻花U空间,演出/活动,4.9,,B1,rated,True,,rated,parsed,rating_anchor,0.9904,0.9992,51,2,开心麻花U空间,280.71,281.48,evidence/card_0376.jpg,ocr/input_videos\上海__五角场合生汇__20260824.mp4,开心麻花U空间 | 型专肉大杂 | 夏洛特烦恼 | ②持未来 | 4.9演出/活动 | B1 | 我的来不图mei让我看ta,4.9演出/活动 | B1,结构完整,
CARD-0377,五角场合生汇,开心麻花爆笑客厅喜剧,开心麻花爆笑客厅喜剧,演出/活动,4.9,,B1,rated,True,,rated,parsed,rating_anchor,0.9708,0.9993,56,4,开心麻花爆笑客厅喜剧,280.71,283.21,evidence/card_0377.jpg,ocr/input_videos\上海__五角场合生汇__20260824.mp4,开心麻花爆笑客厅喜剧 | 《空降未婚.. | 0.8020 | 4.9演出/活动 | B1,4.9演出/活动 | B1,结构完整,
CARD-0379,五角场合生汇,K·1萌宠专售·猫舍狗舍,K·1萌宠专售·猫舍狗舍,宠物店,4.7,926,L2,rated,True,,rated,parsed,rating_anchor,0.9239,0.9053,54,3,K·1萌宠专售·猫舍狗舍 | K·1萌宠专售·貓舍狗舍,282.83,284.94,evidence/card_0379.jpg,ocr/input_videos\上海__五角场合生汇__20260824.mp4,K·1萌宠专售·猫舍狗舍 | K·l Pet | L2 | 4.7宠物店￥926/人 | R | 生 | 点评榜单 | 杨浦区宠物店热门榜第7名 | 2208 | 猫咪狗狗超萌，照顾得很好' | ® | ￥1 | 1折 | 惠 | ￥99购宠专享|对答疑,L2 | 4.7宠物店￥926/人,结构完整,
CARD-0381,五角场合生汇,REDOLL荭貓貓舍·高端貓咪专售,REDOLL荭猫猫舍·高端猫咪专售,宠物店,4.0,63,L3,rated,True,,rated,parsed,rating_anchor,0.9536,0.9319,54,7,REDOLL荭猫猫舍·高端猫咪专售 | REDOLL荭貓貓舍·高端猫咪专售 | REDOLL荭貓貓舍·高端貓咪专售,282.83,287.83,evidence/card_0381.jpg,ocr/input_videos\上海__五角场合生汇__20260824.mp4,REDOLL荭貓貓舍·高端貓咪专售 | REDOLL | 注猫猫舍 | L3 | 4.0宠物店￥63/人 | 🌟🌟🌟🌟 | ★ | 高端猫咪专售 | ￥6.88￥399 | 惠 | 【皇家礼遇】购宠新家大..,L3 | 4.0宠物店￥63/人 | 🌟🌟🌟🌟 | ★,结构完整,
CARD-0382,五角场合生汇,梦回暹罗泰式Massage&Spa,梦回暹罗泰式Massage&Spa,精油SPA,4.7,302,L6,rated,True,,rated,parsed,rating_anchor,0.9824,0.9942,63,5,梦回暹罗泰式Massage&Spa,284.94,287.83,evidence/card_0382.jpg,ocr/input_videos\上海__五角场合生汇__20260824.mp4,梦回暹罗泰式Massage&Spa | 🌟🌟🌟🌟4.7 | 精油SPA￥302/人 | L6 | ANDXTAM梦 | 周年店庆 | 五角场/大学路精油SPA销量榜第5名 | 100%泰籍技师 | 泰式古法按摩，环境安静舒适 | “ | ￥2388折 | ￥458 | 【经典拉伸】传统泰... | 惠,🌟🌟🌟🌟4.7 | 精油SPA￥302/人 | L6,结构完整,
CARD-0383,五角场合生汇,耳禾·精致采耳·SPA,耳禾·精致采耳·SPA,采耳头疗,4.5,194,L3,rated,True,,rated,parsed,rating_anchor,0.9877,0.9763,54,8,耳禾·精致采耳·SPA,284.94,289.56,evidence/card_0383.jpg,ocr/input_videos\上海__五角场合生汇__20260824.mp4,耳禾·精致采耳·SPA | 耳 | ￥194/人 | 🌟🌟⭐🌟 | 采耳头疗 | L3 | 4.5 | 禾 | 古法采耳，仪式感满满 | 全员资深采耳师 | ￥2098.1折 | ￥299 | 【经络·疏通】中… | 惠,￥194/人 | 🌟🌟⭐🌟 | 采耳头疗 | L3 | 4.5,结构完整,
CARD-0384,五角场合生汇,乐摩吧,乐摩吧,智能按摩空间,3.6,20,B1,rated,True,,rated,parsed,rating_anchor,0.9863,1.0,57,8,乐摩吧,285.14,290.72,evidence/card_0384.jpg,ocr/input_videos\上海__五角场合生汇__20260824.mp4,乐摩吧 | 乐隔电） | 🌟🌟🌟🌟🌟 | B1 | 智能按摩空间￥20/人 | 3.6 | 米 | 乐摩吧 | LEMOBAR,🌟🌟🌟🌟🌟 | B1 | 智能按摩空间￥20/人 | 3.6,结构完整,
CARD-0385,五角场合生汇,乐摩吧,乐摩吧,智能按摩空间,3.6,20,L2,rated,True,,rated,parsed,rating_anchor,0.9999,1.0,61,8,乐摩吧,287.44,294.37,evidence/card_0385.jpg,ocr/input_videos\上海__五角场合生汇__20260824.mp4,乐摩吧 | 原 | （乐原电） | 质翼 | 🌟🌟⭐🌟🌟 | ￥20/人 | L2 | 智能按摩空间 | 3.6 | “按摩手法专业，肩颈腰背放松” | 乐摩吧 | 米 | LEMOBAR,🌟🌟⭐🌟🌟 | ￥20/人 | L2 | 智能按摩空间 | 3.6,结构完整,
CARD-0386,五角场合生汇,乐摩吧,乐摩吧,智能按摩空间,3.6,20,B2,rated,True,,rated,parsed,rating_anchor,0.9861,1.0,55,4,乐摩吧,288.21,290.72,evidence/card_0386.jpg,ocr/input_videos\上海__五角场合生汇__20260824.mp4,乐摩吧 | 乐摩电器 | 明 | RG | 智能按摩空间￥20/人 | 🌟🌟🌟🌟🌟 | B2 | 3.6 | 乐摩吧 | LEMOBAR,智能按摩空间￥20/人 | 🌟🌟🌟🌟🌟 | B2 | 3.6,结构完整,
CARD-0393,五角场合生汇,VS假发,VS假发,美发,4.8,4572,L2,rated,True,,rated,parsed,rating_anchor,0.9722,0.9912,56,2,VS假发,295.14,295.33,evidence/card_0393.jpg,ocr/input_videos\上海__五角场合生汇__20260824.mp4,VS假发 | V'S | L2 | 4.8美发￥4572/人 | 假发·设计师品牌 | WGDESICNERORSO | 点评榜单 | 五角场/大学路美发好评榜第9名 | 全国连锁品牌 | 发型越做越好看，服务依然很好 | (C | 1.2折 | ￥100假发试戴|男女通用一… | 惠 | ￥1,L2 | 4.8美发￥4572/人,结构完整,
CARD-0394,五角场合生汇,合生汇1楼B·U·T·ESSE专柜,合生汇1楼B·U·T·ESSE专柜,皮肤管理,3.7,,L2,rated,True,,rated,parsed,rating_anchor,0.9855,0.9823,51,3,合汇1楼B·U·T·ESSE专柜 | 合生汇1楼B·U·T·ESSE专柜,295.14,296.87,evidence/card_0394.jpg,ocr/input_videos\上海__五角场合生汇__20260824.mp4,合生汇1楼B·U·T·ESSE专柜 | L2 | 3.7皮肤管理 | 小 | 肌肤检测精准，专业建议实用,L2 | 3.7皮肤管理,结构完整,
CARD-0395,五角场合生汇,Rebecca瑞贝卡时尚假发,Rebecca瑞贝卡时尚假发,美发,4.7,4498,L2,rated,True,,rated,parsed,rating_anchor,0.9792,0.991,51,5,Rebecca瑞贝卡时尚假发,295.14,298.22,evidence/card_0395.jpg,ocr/input_videos\上海__五角场合生汇__20260824.mp4,Rebecca瑞贝卡时尚假发 | ⭐🌟🌟⭐🌟 | 4.7美发￥4498/人 | L2 | Rebecca,⭐🌟🌟⭐🌟 | 4.7美发￥4498/人 | L2,结构完整,
CARD-0396,五角场合生汇,BUT·飞顿牛奶肌·INDIBA·科技美.,BUT·飞顿牛奶肌·INDIBA·科技美.,皮肤管理,4.6,444,L2,rated,True,,rated,parsed,rating_anchor,0.9587,0.9624,60,5,BUT·飞顿奶肌·INDIBA·科技美... | BUT·飞顿牛奶肌·INDIBA·科技美. | BUT·飞顿牛奶肌·INDIBA·科技美.. | BUT·飞顿牛奶肌·INDIBA·科技美...,295.14,298.22,evidence/card_0396.jpg,ocr/input_videos\上海__五角场合生汇__20260824.mp4,BUT·飞顿牛奶肌·INDIBA·科技美. | BUT.ESBE | 西班牙INDIBA | 4.6皮肤管理￥444/人 | L2 | 正器仅器富方授权 | 装修高华轻奢，皮肤透亮效果好 | ￥1615折 | ￥76855分钟清洁修护|祛... | 惠,4.6皮肤管理￥444/人 | L2,结构完整,
CARD-0397,五角场合生汇,美丽田园,美丽田园,SPA美体,4.5,290,L2,rated,True,,rated,parsed,rating_anchor,0.9899,0.9998,56,4,美丽田园,295.14,298.22,evidence/card_0397.jpg,ocr/input_videos\上海__五角场合生汇__20260824.mp4,美丽田园 | 🌟🌟🌟🌟🌟 | L2 | 4.5SPA美体￥290/人 | 美麗田園 | 点评榜单 | 杨浦区美容/SPA热门榜第7名 | BEAUTY FARM | 皮肤水润饱满，服务热情专业” | 广告 | ￥1140SPA放松助眠I全.. | ￥211 | 4.5折 | 惠,🌟🌟🌟🌟🌟 | L2 | 4.5SPA美体￥290/人,结构完整,
CARD-0398,五角场合生汇,东瀛造型,东瀛造型,美发,4.3,318,L2,rated,True,,rated,parsed,rating_anchor,0.9651,0.9997,56,1,东瀛造型,295.33,295.33,evidence/card_0398.jpg,ocr/input_videos\上海__五角场合生汇__20260824.mp4,东瀛造型 | 上海美 | L2 | ⭐🌟🌟🌟 | 美发￥318/人 | 4.3 | 销量榜 | 第1名 | 杨浦区洗剪吹销量榜第2名 | 环境明亮，洗发房硬件酷炫” | ≤ | ￥198 | ￥1639.8折 | 【洗剪吹】首席设.. | 惠,L2 | ⭐🌟🌟🌟 | 美发￥318/人 | 4.3,建议复核,single_observation
CARD-0399,五角场合生汇,程STUDIO,程STUDIO,美发,4.2,327,L3,rated,True,,rated,parsed,rating_anchor,0.9826,0.999,52,6,程STUDIO,296.87,300.53,evidence/card_0399.jpg,ocr/input_videos\上海__五角场合生汇__20260824.mp4,程STUDIO | 程 | 🌟🌟⭐🎉 | L3 | 4.2美发￥327/人 | CHING | 五角场/大学路洗吹销量榜第3名 | STUDIO | 美发 | “发型设计效果好，颜值翻倍” | ￥148￥190 | 【S2】首席洗剪吹造型设计 | 惠,🌟🌟⭐🎉 | L3 | 4.2美发￥327/人,结构完整,
CARD-0401,五角场合生汇,Naelsy美容护肤中心,Naelsy美容护肤中心,皮肤管理,4.4,136,L2,rated,True,,rated,parsed,rating_anchor,0.9875,0.9989,54,4,Naelsy美容护肤中心,299.76,302.26,evidence/card_0401.jpg,ocr/input_videos\上海__五角场合生汇__20260824.mp4,Naelsy美容护肤中心 | L2 | 4.4皮肤管理￥136/人 | Naelsy | 尼尔斯 | 皮肤亮一个度，美容师服务细心 | ≤ | 休息中 | ￥69855分钟皮肤管理|.. | ￥3469.7折 | 惠,L2 | 4.4皮肤管理￥136/人,结构完整,
CARD-0402,五角场合生汇,Mo&Mo hair莫莫造型,Mo&Mohair莫莫造型,美发,3.8,234,L3,rated,True,,rated,parsed,rating_anchor,0.9517,0.9686,51,5,Mo&Mo hair 莫莫造型 | Mo&Mo hair莫莫造型,299.76,304.95,evidence/card_0402.jpg,ocr/input_videos\上海__五角场合生汇__20260824.mp4,Mo&Mo hair莫莫造型 | 3.8美发￥234/人 | L3 | 发型设计时尚感满满，效果非常好看” | 伊本造型 | ￥88￥120健康洗吹造型 | 惠,3.8美发￥234/人 | L3,结构完整,
CARD-0403,五角场合生汇,尼尔斯美甲美容,尼尔斯美甲美容,美甲,4.6,242,L2,rated,True,,rated,parsed,rating_anchor,0.9812,0.9998,55,7,尼尔斯美甲美容,299.76,305.91,evidence/card_0403.jpg,ocr/input_videos\上海__五角场合生汇__20260824.mp4,尼尔斯美甲美容 | L2 | 🌟🌟🌟🌟🌟 | 4.6美甲￥242/人 | Naelsy | 尼尔斯 | 五角场/大学路纯色美甲销量榜第9名 | 休息中 | 美容服务细心认真，做完还有点心养生粥 | SC,L2 | 🌟🌟🌟🌟🌟 | 4.6美甲￥242/人,结构完整,
CARD-0404,五角场合生汇,日置名媛,日置名媛,皮肤管理,4.0,932,L2,rated,True,,rated,parsed,rating_anchor,0.9882,0.9998,56,3,日置名媛,304.95,305.91,evidence/card_0404.jpg,ocr/input_videos\上海__五角场合生汇__20260824.mp4,日置名媛 | 🌟🌟🎉⭐⭐ | L2 | 4.0皮肤管理￥932/人 | 日置名媛 | PEARL DELUXE | 日式服务细节到位，皮肤水润透亮 | “ | ￥498 | ￥17.358.8折 | 【居家限定】骨.. | 惠,🌟🌟🎉⭐⭐ | L2 | 4.0皮肤管理￥932/人,结构完整,
CARD-0405,五角场合生汇,海上花园芳疗SPA,海上花园芳疗SPA,SPA美体,4.7,437,L3,rated,True,,rated,parsed,rating_anchor,0.9835,0.9988,51,3,海上花园芳疗SPA,304.95,305.91,evidence/card_0405.jpg,ocr/input_videos\上海__五角场合生汇__20260824.mp4,海上花园芳疗SPA | 4.7SPA美体￥437/人 | L3 | 海上花园 | 点评榜单 | 杨浦区美容/SPA热门榜第9名 | 原半亩花田 | 深耕21载一城40店 | 舒缓放松解压，精油一客一支 | ￥60070分钟补水保湿大.. | ￥4136.9折 | 惠,4.7SPA美体￥437/人 | L3,结构完整,
CARD-0406,五角场合生汇,天生爱美甲美睫,天生爱美甲美睫,美甲,4.2,249,L5,rated,True,,rated,parsed,rating_anchor,0.9609,0.9477,51,3,天生爱美甲美睫,304.95,305.91,evidence/card_0406.jpg,ocr/input_videos\上海__五角场合生汇__20260824.mp4,天生爱美甲美睫 | 国 | 🌟🌟🌟🌟⭐ | L5 | 4.2美甲￥249/人 | TS.NAIL | 五角场/大学路纯色美甲销量榜第10名 | 天生爱美甲 | 指甲和睫毛款式多，服务温馨 | 3 | 力 | ￥1￥28 | 【美睫护理包】一次性睫毛小. | 惠,🌟🌟🌟🌟⭐ | L5 | 4.2美甲￥249/人,结构完整,
CARD-0407,五角场合生汇,miki house,mikihouse,儿童服饰,2.9,910,L3,rated,True,,rated,parsed,rating_anchor,0.9833,0.9983,59,3,miki house,306.88,308.22,evidence/card_0407.jpg,ocr/input_videos\上海__五角场合生汇__20260824.mp4,miki house | 2.9儿童服饰￥910/人 | L3 | “设计和做工精致，停车积分不够也能来”,2.9儿童服饰￥910/人 | L3,结构完整,
CARD-0409,五角场合生汇,海饼干Seabiscuit儿童美发,海饼干Seabiscuit儿童美发,婴童理发,4.4,165,L3,rated,True,,rated,parsed,rating_anchor,0.9854,0.9976,56,3,海饼干Seabiscuit儿童美发,306.88,308.22,evidence/card_0409.jpg,ocr/input_videos\上海__五角场合生汇__20260824.mp4,海饼干Seabiscuit儿童美发 | 4.4婴童理发￥165/人 | L3 | ⭐🌟⭐⭐🌟 | 杨浦区婴幼服务销量榜第1名 | “环境舒适氛围轻松，理发师动作快” | ￥178 | ￥154 | 9.8折 | 【首次体验】洗剪. | 惠,4.4婴童理发￥165/人 | L3 | ⭐🌟⭐⭐🌟,结构完整,
CARD-0412,五角场合生汇,英氏YeeHoO,英氏YeeHoO,母婴用品,3.7,585,L3,rated,True,,rated,parsed,rating_anchor,0.9779,0.994,51,2,英氏YeeHoO,308.22,308.8,evidence/card_0412.jpg,ocr/input_videos\上海__五角场合生汇__20260824.mp4,英氏YeeHoO | YeeHoO | ★🌟3.7 | L3 | 母婴用品￥585/人 | 服务员耐心，小裙子仙气飘飘 | 4,★🌟3.7 | L3 | 母婴用品￥585/人,结构完整,
CARD-0413,五角场合生汇,木星动物岛·治愈系萌宠馆,木星动物岛·治愈系萌宠馆,儿童乐园,4.8,129,L2,rated,True,,rated,parsed,rating_anchor,0.9579,0.9867,51,1,木星动物岛·治愈系萌宠馆,308.8,308.8,evidence/card_0413.jpg,ocr/input_videos\上海__五角场合生汇__20260824.mp4,木星动物岛·治愈系萌宠馆 | 4.8儿童乐园￥129/人 | L2 | 杨浦区儿童乐园销量榜第1名 | 环境干净卫生，空气清新有代入感” | ￥162.926.5折 | ￥318 | 【七夕情侣约会.. | 惠,4.8儿童乐园￥129/人 | L2,建议复核,single_observation
CARD-0414,五角场合生汇,meland亲子乐园·研学,meland亲子乐园·研学,儿童乐园,3.8,166,L3,rated,True,,rated,parsed,rating_anchor,0.9419,0.9474,50,1,meland亲子乐园·研学,308.8,308.8,evidence/card_0414.jpg,ocr/input_videos\上海__五角场合生汇__20260824.mp4,meland亲子乐园·研学 | meland | 福 | 2 | 趣玩开学季 | 3.8儿童乐园￥166/人 | L3 | 欧乐不打焊 | 杨浦区儿童乐园销量榜第2名 | 8月21日-8月30日 | 环境干净整洁，设施齐全又好玩 | 55 | ￥298 | ￥184.249.8折 | 【乐园奇遇】1. | 惠,3.8儿童乐园￥166/人 | L3,建议复核,single_observation
CARD-0415,五角场合生汇,玩童会迷你乐园,玩童会迷你乐园,儿童乐园,4.1,72,L3,rated,True,,rated,parsed,rating_anchor,0.9279,0.9972,51,1,玩童会迷你乐园,308.8,308.8,evidence/card_0415.jpg,ocr/input_videos\上海__五角场合生汇__20260824.mp4,玩童会迷你乐园 | 0 | 质童 | L3 | ⭐⭐⭐⭐4.1儿童乐园￥72/人 | 杨浦区儿童乐园销量榜第7名 | 地理位置醒目，设备全新 | 惠￥48￥50 | 【托马斯小火车】儿童票·周..,L3 | ⭐⭐⭐⭐4.1儿童乐园￥72/人,建议复核,single_observation
CARD-0416,五角场合生汇,爱婴室,爱婴室,母婴用品,4.3,163,B2,rated,True,,rated,parsed,rating_anchor,0.9844,0.9935,58,1,爱婴室,308.8,308.8,evidence/card_0416.jpg,ocr/input_videos\上海__五角场合生汇__20260824.mp4,爱婴室 | 🌟🌟🌟🎉 | B2 | baběmax | 4.3母婴用品￥163/人 | 爱婴室 | 玩具种类丰富，灯光柔和不刺眼 | 您身边的母婴健康专家,🌟🌟🌟🎉 | B2 | 4.3母婴用品￥163/人,建议复核,single_observation
CARD-0417,五角场合生汇,NRG健身私教CLUB,NRG健身私教CLUB,私教工作室,4.8,3237,B1,rated,True,,rated,parsed,rating_anchor,0.98,0.9984,50,1,NRG健身私教CLUB,312.84,312.84,evidence/card_0417.jpg,ocr/input_videos\上海__五角场合生汇__20260824.mp4,NRG健身私教CLUB | 4.8私教工作室￥3237/人 | NRGII | B1 | ENERGY FITNESS | 点评榜单 | 杨浦区健身中心好评榜第1名 | 超10万会员选择 | “私密性超好，课程丰富解压 | 93 | ￥596.8折 | ￥500私教体验课程一一对... | 惠,4.8私教工作室￥3237/人 | B1,建议复核,single_observation
CARD-0418,五角场合生汇,Rainbow彩虹舞蹈工作室,Rainbow彩虹舞蹈工作室,舞蹈,3.9,58,L1,rated,True,,rated,parsed,rating_anchor,0.9738,0.9986,50,1,Rainbow彩虹舞蹈工作室,312.84,312.84,evidence/card_0418.jpg,ocr/input_videos\上海__五角场合生汇__20260824.mp4,Rainbow彩虹舞蹈工作室 | 原爽 | 3.9舞蹈￥58/人 | L1 | 点评榜单 | 杨浦区舞蹈热门榜第6名 | 30uv0 | 少儿C | 质人零然健/甜验 | 课堂氛围好，环境宽明亮 | 5 | 点击体验 | ￥4.6￥200 | 惠 | 【零基础】街舞舞种任选舞..,3.9舞蹈￥58/人 | L1,建议复核,single_observation
CARD-0420,五角场合生汇,打开网球OPENUP,打开网球OPENUP,网球场,4.3,,L6,rated,True,,rated,parsed,rating_anchor,0.9785,0.9642,57,2,打开网球OPEN UP | 打开网球OPENUP,312.84,314.76,evidence/card_0420.jpg,ocr/input_videos\上海__五角场合生汇__20260824.mp4,打开网球OPENUP | 打开网球 | OPEN | UP | R | 4.3网球场 | L6 | 🌟🌟🌟🌟🌟 | 环境舒适设施新，教练教学有趣 | “为自己而活 | ￥258.8￥540 | 【尊享】vip私教体验课... | 惠,4.3网球场 | L6 | 🌟🌟🌟🌟🌟,结构完整,
CARD-0421,五角场合生汇,V+悠乐瑜伽普拉提,V+悠乐瑜伽普拉提,瑜伽,4.5,75,B1,rated,True,,rated,parsed,rating_anchor,0.952,0.991,54,2,V+悠乐瑜伽普拉提,312.84,314.76,evidence/card_0421.jpg,ocr/input_videos\上海__五角场合生汇__20260824.mp4,V+悠乐瑜伽普拉提 | V+YOU LE | 小班/私数 | 零基轻松学 | 4.5瑜伽￥75/人 | B1 | 五角场/大学路瑜伽销量榜第1名 | 10年专注瑞伽当拉播 | 练得满满当当，环境干净温馨,4.5瑜伽￥75/人 | B1,结构完整,
CARD-0422,五角场合生汇,SU PILATES·素行普拉提,SUPILATES·素行普拉提,瑜伽,3.4,240,L3,rated,True,,rated,parsed,rating_anchor,0.9643,0.963,53,1,SU PILATES·素行普拉提,314.76,314.76,evidence/card_0422.jpg,ocr/input_videos\上海__五角场合生汇__20260824.mp4,SU PILATES·素行普拉提 | SU | ⭐🌟🎉 | L3 | 3.4瑜伽￥240/人 | ★ | 点评榜单 | 五角场/大学路瑜伽热门榜第6名 | PILATES | ￥200￥9995次卡【2+3大促专享】一 | 惠,⭐🌟🎉 | L3 | 3.4瑜伽￥240/人 | ★,建议复核,single_observation
CARD-0423,五角场合生汇,新航道·考研保研·四六级,新航道·考研保研·四六级,考研,4.3,,商场内,rated,True,,rated,parsed,rating_anchor,0.9918,0.9848,51,3,新航道·考研保研·四六级,315.92,316.69,evidence/card_0423.jpg,ocr/input_videos\上海__五角场合生汇__20260824.mp4,新航道·考研保研·四六级 | 机电通 | 考研保研 | 商场内 | 🌟🌟⭐ | 考研 | 4.3 | ★ | 四六级 | 点评榜单 | 杨浦区学历提升热门榜第3名 | 888 | 元抵用券 | 1元领取 | ￥0.01￥200 | 【考研】2028年考研择校... | 惠 | ￥1￥888代金券 | 惠,商场内 | 🌟🌟⭐ | 考研 | 4.3 | ★,结构完整,
CARD-0424,五角场合生汇,中举成长中心,中举成长中心,课后辅导,3.7,,商场内,rated,True,,rated,parsed,rating_anchor,0.9993,0.999,51,3,中举成长中心,315.92,316.69,evidence/card_0424.jpg,ocr/input_videos\上海__五角场合生汇__20260824.mp4,中举成长中心 | 商场内 | ⭐🌟🌟⭐3.7 | 课后辅导 | 中举成长中心 | DIOWBUGYOMT-CENIER | “师资力量雄厚，环境安静氛围温和,商场内 | ⭐🌟🌟⭐3.7 | 课后辅导,结构完整,
CARD-0425,五角场合生汇,小猿学练机,小猿学练机,课后辅导,4.7,3998,L3,rated,True,,rated,parsed,rating_anchor,0.9859,0.9997,55,3,小猿学练机,315.92,316.69,evidence/card_0425.jpg,ocr/input_videos\上海__五角场合生汇__20260824.mp4,小猿学练机 | 小猿 | 🌟🌟⭐🌟🌟 | 4.7课后辅导￥3998/人 | L3 | 内容丰富，商场里也能安静学习 | XIAOYUAN | E,🌟🌟⭐🌟🌟 | 4.7课后辅导￥3998/人 | L3,结构完整,
CARD-0426,五角场合生汇,R-KIDS少儿街舞,R-KIDS少儿街舞,舞蹈培训,3.5,,L1,rated,True,,rated,parsed,rating_anchor,0.9986,0.9977,55,3,R-KIDS少儿街舞,315.92,316.69,evidence/card_0426.jpg,ocr/input_videos\上海__五角场合生汇__20260824.mp4,R-KIDS少儿街舞 | 🌟🌟🌟🌟 | 舞蹈培训 | L1 | 3.5 | 老师耐心指导，六一礼物超贴心 | 少儿街舞,🌟🌟🌟🌟 | 舞蹈培训 | L1 | 3.5,结构完整,
CARD-0427,五角场合生汇,学而思学习机,学而思学习机,课后辅导,4.7,,L3,rated,True,,rated,parsed,rating_anchor,0.9995,0.9996,57,2,学而思学习机,315.92,316.69,evidence/card_0427.jpg,ocr/input_videos\上海__五角场合生汇__20260824.mp4,学而思学习机 | 开学季福利 | ⭐🌟⭐🌟🌟 | 课后辅导 | L3 | 4.7 | 五角场/大学路课后辅导好评榜第10名 | 点评榜单 | 内容丰富，AI功能加持 | C | 热3月 | 【学习测评】学而思1V1学习... | ￥1￥100 | 惠,⭐🌟⭐🌟🌟 | 课后辅导 | L3 | 4.7,结构完整,
CARD-0428,五角场合生汇,新航道前程留学·背景提升·小语种,新航道前程留学·背景提升·小语种,留学申请/咨询,4.8,,商场内,rated,True,,rated,parsed,rating_anchor,0.9856,0.9769,50,1,新航道前程留学·背景提升·小语种,316.3,316.3,evidence/card_0428.jpg,ocr/input_videos\上海__五角场合生汇__20260824.mp4,新航道前程留学·背景提升·小语种 | 818 | 2 | 新航道 | ⭐★🌟4.8 | 商场内 | 留学申请/咨询 | 前程留学 | 老师专业，环境不错还能俯瞰五角场 | 一切为了更好的录取 | ￥0.9 | ￥9.9 | 3折 | 惠 | 【秋季班】雅思|托福...,⭐★🌟4.8 | 商场内 | 留学申请/咨询,建议复核,single_observation
CARD-0429,五角场合生汇,合生汇-停车场,合生汇-停车场,停车场,3.3,,B4,rated,True,,rated,parsed,rating_anchor,0.9991,0.9987,54,2,合生汇-停车场,317.46,317.84,evidence/card_0429.jpg,ocr/input_videos\上海__五角场合生汇__20260824.mp4,合生汇-停车场 | ★🌟★★★ | 停车场 | B4 | 3.3,★🌟★★★ | 停车场 | B4 | 3.3,结构完整,
CARD-0430,五角场合生汇,爱回收奢侈品回收,爱回收奢侈品回收,奢侈品回收,3.4,,B2,rated,True,,rated,parsed,rating_anchor,0.9971,0.9947,50,2,爱回收奢侈品回收,317.46,317.84,evidence/card_0430.jpg,ocr/input_videos\上海__五角场合生汇__20260824.mp4,爱回收奢侈品回收 | ★★3.4 | B2 | 奢侈品回收 | 爱回收 | 数码回收方便，手机膜贴全 | 奢侈品回收,★★3.4 | B2 | 奢侈品回收,结构完整,
CARD-0431,五角场合生汇,亨达利名表维修中心,亨达利名表维修中心,钟表维修,4.8,272,L1,rated,True,,rated,parsed,rating_anchor,0.9784,0.9969,58,2,亨达利名表维修中心,317.46,317.84,evidence/card_0431.jpg,ocr/input_videos\上海__五角场合生汇__20260824.mp4,亨达利名表维修中心 | L1 | 4.8钟表维修￥272/人 | 位置好找，清洗手表很专业”,L1 | 4.8钟表维修￥272/人,结构完整,
CARD-0432,五角场合生汇,车微家洗车贴膜车衣,车微家洗车贴膜车衣,美容洗车,3.9,228,B3,rated,True,,rated,parsed,rating_anchor,0.9862,0.9995,50,3,车微家洗车贴膜车衣,317.46,320.54,evidence/card_0432.jpg,ocr/input_videos\上海__五角场合生汇__20260824.mp4,车微家洗车贴膜车衣 | 🌟🌟🎉🌟🌟 | 美容洗车￥228/人 | B3 | 3.9 | 车微家S948010 | 位置好找，洗车细致还原度高 | ￥158￥198精致洗车加玻璃水 | 惠,🌟🌟🎉🌟🌟 | 美容洗车￥228/人 | B3 | 3.9,结构完整,
CARD-0433,五角场合生汇,美车堂,美车堂,美容洗车,4.1,176,B3,rated,True,,rated,parsed,rating_anchor,0.9871,0.9999,59,5,美车堂,317.46,323.04,evidence/card_0433.jpg,ocr/input_videos\上海__五角场合生汇__20260824.mp4,美车堂 | B3 | 🌟🌟🌟⭐ | 4.1美容洗车￥176/人 | ★ | CRSONE | 美车堂 | 清洁细致到极致，车漆亮得像新车” | ￥108￥138 | 【普通洗车】40分钟全车... | 惠,B3 | 🌟🌟🌟⭐ | 4.1美容洗车￥176/人 | ★,结构完整,
CARD-0434,五角场合生汇,爱畅享苹果手机电脑维修回收,爱畅享苹果手机电脑维修回收,手机维修,4.1,261,B2,rated,True,,rated,parsed,rating_anchor,0.9761,0.9884,51,1,爱畅享苹果手机电脑维修回收,317.84,317.84,evidence/card_0434.jpg,ocr/input_videos\上海__五角场合生汇__20260824.mp4,爱畅享苹果手机电脑维修回收 | B2 | isharing | 🌟🌟🌟⭐ | 手机维修￥261/人 | 4.1 | ★ | 爱畅章 | 杨浦区手机维修销量榜第8名 | 手机电脑维修 回收 | 换屏效果完美，服务态度亲切 | ￥30 | 惠 | ￥49 | [手机贴膜〕 | 苹果手机全系列...,B2 | 🌟🌟🌟⭐ | 手机维修￥261/人 | 4.1 | ★,建议复核,single_observation
CARD-0435,五角场合生汇,爱回收,爱回收,手机数码回收,2.9,,B2,rated,True,,rated,parsed,rating_anchor,0.9996,0.9994,65,3,爱回收,320.54,323.04,evidence/card_0435.jpg,ocr/input_videos\上海__五角场合生汇__20260824.mp4,爱回收 | ? | ⭐🌟⭐⭐🌟 | B2 | 手机数码回收 | 2.9 | 爱回收,⭐🌟⭐⭐🌟 | B2 | 手机数码回收 | 2.9,结构完整,
CARD-0436,五角场合生汇,中国工商银行,中国工商银行,营业网点,2.9,,L1,rated,True,,rated,parsed,rating_anchor,0.9997,0.9999,54,3,中国工商银行,320.54,323.04,evidence/card_0436.jpg,ocr/input_videos\上海__五角场合生汇__20260824.mp4,中国工商银行 | 创费游寿话 | 🌟🌟⭐⭐🌟 | L1 | 营业网点 | 2.9 | “服务耐心，业务办理顺畅,🌟🌟⭐⭐🌟 | L1 | 营业网点 | 2.9,结构完整,
CARD-0437,五角场合生汇,淳粤·宴会厅,淳粤·宴会厅,餐厅宴会,3.9,,L5,rated,True,,rated,parsed,rating_anchor,0.9845,0.9697,58,3,淳粤·宴会厅 | 淳粵·宴会厅,320.54,323.04,evidence/card_0437.jpg,ocr/input_videos\上海__五角场合生汇__20260824.mp4,淳粤·宴会厅 | 淳 | 粵 | 餐厅宴会 | 🌟🌟🌟🌟🌟 | L5 | 3.9 | 新广府菜口味地道，环境雅致舒适” | 休息中 | 联想维修服务中心 | 联想,餐厅宴会 | 🌟🌟🌟🌟🌟 | L5 | 3.9,结构完整,
CARD-0438,五角场合生汇,联想维修服务中心,联想维修服务中心,电脑维修,4.0,182,L4,rated,True,,rated,parsed,rating_anchor,0.9874,0.9991,47,4,联想维修服务中心,322.27,324.77,evidence/card_0438.jpg,ocr/input_videos\上海__五角场合生汇__20260824.mp4,联想维修服务中心 | 联起 | 🌟🌟🌟⭐ | L4 | 电脑维修￥182/人 | ￥ | 4.0 | 五角场/大学路电脑维修销量榜第10名 | 深度清灰效果好，机器风扇无噪音 | ￥32 | 2.2折 | ￥199 | 惠 | 联想yoga笔记本深度... | ￥30￥49 | 惠 | 代金券,🌟🌟🌟⭐ | L4 | 电脑维修￥182/人 | ￥ | 4.0,结构完整,
CARD-0439,五角场合生汇,招商银行,招商银行,银行,4.4,,L1,rated,True,,rated,parsed,rating_anchor,0.9987,0.9998,52,2,招商银行,324.58,324.77,evidence/card_0439.jpg,ocr/input_videos\上海__五角场合生汇__20260824.mp4,招商银行 | 4.4银行 | ⭐🌟⭐🌟 | L1 | ★ | 存钱送红豆，祛湿补血好礼 | 招商银行 | CEIINA MERCIHIANTS BANK,4.4银行 | ⭐🌟⭐🌟 | L1 | ★,结构完整,
CARD-0440,五角场合生汇,福奈特洗衣洗鞋,福奈特洗衣洗鞋,洗衣洗鞋,3.9,73,L1,rated,True,,rated,parsed,rating_anchor,0.9864,0.9999,51,4,福奈特洗衣洗鞋,324.58,326.89,evidence/card_0440.jpg,ocr/input_videos\上海__五角场合生汇__20260824.mp4,福奈特洗衣洗鞋 | FORNET | 🌟🌟🌟🌟🌟 | 洗衣洗鞋￥73/人 | L1 | 3.9 | 上门取送 | 店员细致讲解，上门取衣送货到家超方便 | Since 1997 | ￥77￥88 | 任洗1件羽绒服/... | 【到店洗衣】 | 惠 | ￥45￥50代金券 | 惠,🌟🌟🌟🌟🌟 | 洗衣洗鞋￥73/人 | L1 | 3.9,结构完整,
CARD-0441,五角场合生汇,中国福利彩票,中国福利彩票,彩票,4.7,,B1,rated,True,,rated,parsed,rating_anchor,0.9999,0.9999,51,4,中国福利彩票,324.58,326.89,evidence/card_0441.jpg,ocr/input_videos\上海__五角场合生汇__20260824.mp4,中国福利彩票 | 中 | 中国福利家 | 🌟🌟🎉🎉🌟 | 彩票 | B1 | 4.7 | 彩票店里氛围好，爆奖体验超刺激 | 中国体育彩票 | 上中国体育彩票 | 彩用,🌟🌟🎉🎉🌟 | 彩票 | B1 | 4.7,结构完整,
CARD-0442,五角场合生汇,中国体育彩票,中国体育彩票,彩票,3.1,,L5,rated,True,,rated,parsed,rating_anchor,0.9999,0.9999,55,3,中国体育彩票,326.5,329.39,evidence/card_0442.jpg,ocr/input_videos\上海__五角场合生汇__20260824.mp4,中国体育彩票 | 中国体育彩票 | L5 | 彩票 | 🌟🌟🌟 | ★★ | 3.1 | 刮刮乐种类多，图个乐嘿嘿,L5 | 彩票 | 🌟🌟🌟 | ★★ | 3.1,结构完整,
CARD-0443,五角场合生汇,JUST·FOTO大头贴自助店,JUST·FOTO大头贴自助店,,3.9,54,B2,rated,True,,rated,missing,rating_anchor,0.9878,0.9878,51,4,JUST·FOTO 大头贴自助店 | JUST·FOTO大头贴自助店,326.5,329.96,evidence/card_0443.jpg,ocr/input_videos\上海__五角场合生汇__20260824.mp4,JUST·FOTO大头贴自助店 | JUST.FOTO | ★★★★★ | B2 | 3.9 | 自拍/换装体验￥54/人 | 杨浦区自拍换装销量榜第1名 | U8T.FOTO | 潮流必拍强势袭来 | ￥29.9新手小白必入一人. | ￥28.69.9折 | 惠,★★★★★ | B2 | 3.9 | 自拍/换装体验￥54/人,建议复核,category_missing
CARD-0444,五角场合生汇,天真蓝照相馆,天真蓝照相馆,快照摄影,4.0,230,L2,rated,True,,rated,parsed,rating_anchor,0.9801,0.9968,51,6,天真蓝照相馆,326.5,332.66,evidence/card_0444.jpg,ocr/input_videos\上海__五角场合生汇__20260824.mp4,天真蓝照相馆 | 天真滋ràvo bue | L2 | 快照摄影￥230/人 | 🌟🌟🌟🌟 | 4.0 | 点评榜单 | 杨浦区情侣约会去处榜第1名 | 限限照 | 环境轻松氛围好，拍照效果超赞 | 证件照 | 心 | J5 | ￥179.99￥270身份证证件照·公安联... | 惠,L2 | 快照摄影￥230/人 | 🌟🌟🌟🌟 | 4.0,结构完整,
