observation_id,mall_name,merchant_name_raw,merchant_name_normalized,category_raw,rating,avg_price_yuan,floor_location,card_type,research_eligible,exclusion_reason,rating_status,category_status,detection_method,ocr_confidence,title_score,title_height,frame_index,timestamp_sec,metadata_text,all_text,source_video
OBS-000001,白玉兰广场,申粵府·融合菜·海鮮,申粤府·融合菜·海鲜,粤菜馆,4.4,148,L3,rated,True,,rated,parsed,rating_anchor,0.9165,0.8795,53,12,0.203,L3 | 🌟🌟🌟🌟 | 粤菜馆￥148/人 | 4.4,申粵府·融合菜·海鮮 | 沪粤融合 | 中粤广 | 人间鲜味 | L3 | 🌟🌟🌟🌟 | 粤菜馆￥148/人 | 4.4 | 点评榜单 | 北外滩/外白渡桥粤菜热门榜第6名 | 14:00休息 | 地理位置优越，菜品口感极佳 | 1 | ￥259 | 6.2折 | 惠 | 品质推荐12人餐·…. | ￥423 | ￥459折 | ￥5050元代金券 | 惠,ocr/input_videos\上海__白玉兰广场__20260826.mp4
OBS-000002,白玉兰广场,西堤牛排,西堤牛排,西餐,4.7,105,L1,rated,True,,rated,parsed,rating_anchor,0.9802,0.9997,56,12,0.203,L1 | 🌟🌟🌟🌟🌟 | 西餐￥105/人 | 4.7,西堤牛排 | 超级骨牛排 | 煥新启程 | L1 | 🌟🌟🌟🌟🌟 | 西餐￥105/人 | 4.7 | 点评榜单 | 虹口区西餐打卡人气榜第1名 | 14:00休息 | 牛排嫩滑，多款美食口感醇厚 | “ | 2 | ￥2985.9折 | 惠 | ￥510焕新1超级厚牛排...,ocr/input_videos\上海__白玉兰广场__20260826.mp4
OBS-000003,白玉兰广场,申福贵·港式餐厅,申福贵·港式餐厅,茶餐厅,4.0,47,LG2,rated,True,,rated,parsed,rating_anchor,0.9637,0.9711,48,12,0.203,LG2 | ★★★★ | 4.0茶餐厅￥47/人,申福贵·港式餐厅 | 申福贵·港式餐厅 | LG2 | ★★★★ | 4.0茶餐厅￥47/人 | 点评榜单 | 虹口区茶餐厅销量榜第1名 | 活馆 | 盐焗鸡叉烧冻柠茶 | “ | 严选食材吃的放心 | ￥36.87.3折 | 惠 | ￥50.8招牌双拼单人餐,ocr/input_videos\上海__白玉兰广场__20260826.mp4
OBS-000004,白玉兰广场,東發道茶冰廳,东发道茶冰厅,茶餐厅,4.0,83,LG2,rated,True,,rated,parsed,rating_anchor,0.9536,0.9435,54,12,0.203,LG2 | 🌟🌟🌟🌟 | 茶餐厅￥83/人 | 4.0,東發道茶冰廳 | 東發道 | 国 | 照 | 照 | D0IATT | LG2 | 🌟🌟🌟🌟 | 茶餐厅￥83/人 | 4.0 | 点评榜单 | 北外滩/外白渡桥粤菜打卡人气榜第3名 | 漏奶华一口爆汁，环境明亮干净 | 93 | ￥1969.8折 | ￥200 | 惠 | 【【扫桌码买券更.,ocr/input_videos\上海__白玉兰广场__20260826.mp4
OBS-000005,白玉兰广场,魅KTV·AI辅唱,魅KTV·AI辅唱,量贩式KTV,4.8,67,LG1,rated,True,,rated,parsed,rating_anchor,0.9612,0.9793,45,12,0.203,LG1 | ⭐🌟⭐⭐4.8 | 量贩式KTV￥67/人,千店连锁 | 魅KTV·AI辅唱 | LG1 | ⭐🌟⭐⭐4.8 | 量贩式KTV￥67/人 | mei | 与评境单 | 虹口区K歌好评榜第2名,ocr/input_videos\上海__白玉兰广场__20260826.mp4
OBS-000006,白玉兰广场,東發道茶冰廳,东发道茶冰厅,茶餐厅,4.0,83,LG2,rated,True,,rated,parsed,rating_anchor,0.9566,0.9589,51,180,3.043,LG2 | ⭐🌟🌟⭐ | 茶餐厅￥83/人 | 4.0,東發道茶冰廳 | 東髮道 | 国 | 照 | 照 | 福 | RXIAT TC | LG2 | ⭐🌟🌟⭐ | 茶餐厅￥83/人 | 4.0 | 点评榜单 | 北外滩/外白渡桥粤菜打卡人气榜第3名 | 漏奶华一口爆汁，环境明亮干净 | ￥1969.8折 | ￥200 | 惠 | 【【扫桌码买券更,ocr/input_videos\上海__白玉兰广场__20260826.mp4
OBS-000007,白玉兰广场,魅KTV·AI辅唱,魅KTV·AI辅唱,量贩式KTV,4.8,67,LG1,rated,True,,rated,parsed,rating_anchor,0.9631,0.9818,50,180,3.043,LG1 | ⭐🌟⭐⭐⭐4.8 | 量贩式KTV￥67/人,魅KTV·AI辅唱 | 千店连锁 | LG1 | ⭐🌟⭐⭐⭐4.8 | 量贩式KTV￥67/人 | mei | 点评榜单 | 虹口区K歌好评榜第2名 | 魅KTV | 包厢干净科技感强，音响超级棒” | AI实时唱功辅唱 | ￥228￥268萧帮福利-纯酒水-百威啤... | 惠,ocr/input_videos\上海__白玉兰广场__20260826.mp4
OBS-000008,白玉兰广场,MUFMUF渔味料理,MUFMUF渔味料理,日本料理,4.8,336,L3,rated,True,,rated,parsed,rating_anchor,0.98,0.9974,47,180,3.043,🌟🌟🎉🎉⭐4.8 | L3 | 日本料理￥336/人,MUFMUF渔味料理 | 🌟🌟🎉🎉⭐4.8 | L3 | 日本料理￥336/人 | HUFＭUＦ | 点评榜单 | 北外滩/外白渡桥日式料理热门榜第3名 | 惊艳味蕾，美景甜点，绝赞体验 | 55 | ￥399 | 4.3折 | ￥949 | 惠 | 蟹蟹盛宴双人餐,ocr/input_videos\上海__白玉兰广场__20260826.mp4
OBS-000009,白玉兰广场,点都德,点都德,粤式茶点,4.4,103,L2,rated,True,,rated,parsed,rating_anchor,0.9825,0.9978,55,180,3.043,🌟🌟⭐🌟 | 粤式茶点￥103/人 | L2 | 4.4,点都德 | 點都德 | 🌟🌟⭐🌟 | 粤式茶点￥103/人 | L2 | 4.4 | 点评榜单 | 北外滩/外白渡桥粤菜好评榜第1名 | 传统方式·现场制作 | 口味入味，服务态度满意 | “ | ￥32 | 惠 | ￥18.8 | 5.9折 | 【开心儿童餐】上海 | ￥959.5折 | 惠 | ￥100 | 【全天可用】100元..,ocr/input_videos\上海__白玉兰广场__20260826.mp4
OBS-000010,白玉兰广场,星聚会KTV,星聚会KTV,量贩式KTV,4.0,85,L2,rated,True,,rated,parsed,rating_anchor,0.9794,0.9984,49,180,3.043,L2 | 🌟🌟⭐⭐ | 4.0 | 量贩式KTV￥85/人,星聚会KTV | L2 | 🌟🌟⭐⭐ | 4.0 | 量贩式KTV￥85/人 | 星聚會 | EA | 1 | 不仅仅是KTV,ocr/input_videos\上海__白玉兰广场__20260826.mp4
OBS-000011,白玉兰广场,魅KTV·AI辅唱,魅KTV·AI辅唱,量贩式KTV,4.8,67,LG1,rated,True,,rated,parsed,rating_anchor,0.9713,0.9795,54,252,4.261,LG1 | ★4.8 | 量贩式KTV￥67/人,千店连锁 | 魅KTV·AI辅唱 | LG1 | ★4.8 | 量贩式KTV￥67/人 | (mei | 点评榜单 | 虹口区K歌好评榜第2名 | 魅KTV | 包厢干净科技感强，音响超级棒 | AI实时唱功辅唱 | 33 | “ | ￥228￥268萧帮福利-纯酒-百威啤.. | 惠,ocr/input_videos\上海__白玉兰广场__20260826.mp4
OBS-000012,白玉兰广场,MUFMUF渔味料理,MUFMUF渔味料理,日本料理,4.8,336,L3,rated,True,,rated,parsed,rating_anchor,0.973,0.9983,47,252,4.261,L3 | 4.8日本料理￥336/人,MUFMUF渔味料理 | L3 | 4.8日本料理￥336/人 | HUEMUF | 点评榜单 | 北外滩/外白渡桥日式料理热门榜第3名 | 惊艳味蕾，美景甜点，绝赞体验” | ￥399 | 4.3折 | ￥949蟹蟹盛宴双人餐 | 惠,ocr/input_videos\上海__白玉兰广场__20260826.mp4
OBS-000013,白玉兰广场,点都德,点都德,粤式茶点,4.4,103,L2,rated,True,,rated,parsed,rating_anchor,0.985,0.9986,62,252,4.261,4.4粤式茶点￥103/人 | 🌟🌟💥🎉 | L2,点都德 | 點都德 | 4.4粤式茶点￥103/人 | 🌟🌟💥🎉 | L2 | 点评镑单 | 北外滩/外白渡桥粤菜好评榜第1名 | 传统方式·现场制作 | 口味入味，服务态度满意 | “ | ￥18.8 | 5.9折 | ￥32 | 惠 | 【开心童餐】上海 | ￥959.5折 | ￥100 | 惠 | 【全天可用】100元...,ocr/input_videos\上海__白玉兰广场__20260826.mp4
OBS-000014,白玉兰广场,星聚会KTV,星聚会KTV,量贩式KTV,4.0,85,L2,rated,True,,rated,parsed,rating_anchor,0.9797,0.9974,55,252,4.261,L2 | ★★★★ | 4.0 | ★ | 量贩式KTV￥85/人,星聚会KTV | L2 | ★★★★ | 4.0 | ★ | 量贩式KTV￥85/人 | 星聚會 | 不仅仅是KTV | 北外滩/外白渡桥KTV销量榜第1名 | 装修时尚氛围好，卫生干净整洁 | ￥88￥288 | 惠 | 【AI趣唱】星聚会天档3..,ocr/input_videos\上海__白玉兰广场__20260826.mp4
OBS-000015,白玉兰广场,LENBACH兰巴赫西餐啤酒坊,LENBACH兰巴赫西餐啤酒坊,西餐,4.8,191,L2,rated,True,,rated,parsed,rating_anchor,0.9761,0.9986,51,252,4.261,L2 | 4.8西餐￥191/人,LENBACH兰巴赫西餐啤酒坊 | L2 | 4.8西餐￥191/人 | 点评镑单 | 北外滩/外白渡桥西餐口味榜第5名,ocr/input_videos\上海__白玉兰广场__20260826.mp4
OBS-000016,白玉兰广场,点都德,点都德,粤式茶点,4.4,103,L2,rated,True,,rated,parsed,rating_anchor,0.976,0.9987,58,300,5.072,🌟🌟⭐⭐ | L2 | 4.4 | 粤式茶点￥103/人,点都德 | 點都德 | 🌟🌟⭐⭐ | L2 | 4.4 | 粤式茶点￥103/人 | 点评榜单 | 北外滩/外白渡桥粤菜好评榜第1名 | 传统方式·现场制作 | 口味入味，服务态度满意 | ￥32 | 5.9折 | ￥18.8 | 【开心儿童餐】上海 | 惠 | ￥959.5折 | ￥100 | 惠 | 【全天可用】100元...,ocr/input_videos\上海__白玉兰广场__20260826.mp4
OBS-000017,白玉兰广场,星聚会KTV,星聚会KTV,量贩式KTV,4.0,85,L2,rated,True,,rated,parsed,rating_anchor,0.98,0.9985,55,300,5.072,🌟🌟🌟🎉 | 4.0 | L2 | 量贩式KTV￥85/人,星聚会KTV | 🌟🌟🌟🎉 | 4.0 | L2 | 量贩式KTV￥85/人 | 星堅會 | EA | 2证 | 不仅仅是KTV | 北外滩/外白渡桥KTV销量榜第1名 | 装修时尚氛围好，卫生干净整洁 | “ | ￥88￥288 | 惠 | 【AI趣唱】星聚会白天档3..,ocr/input_videos\上海__白玉兰广场__20260826.mp4
OBS-000018,白玉兰广场,LENBACH兰巴赫西餐啤酒坊,LENBACH兰巴赫西餐啤酒坊,西餐,4.8,191,L2,rated,True,,rated,parsed,rating_anchor,0.9611,0.9996,51,300,5.072,4.8西餐￥191/人 | L2,LENBACH兰巴赫西餐啤酒坊 | 4.8西餐￥191/人 | L2 | LENBVACN | 点评镑单 | 北外滩/外白渡桥西餐口味榜第5名 | 菜单全面升级 | 一如既往的口味在线 | ≤ | ￥3317.5折 | ￥446 | 惠 | 【环球美食优选套...,ocr/input_videos\上海__白玉兰广场__20260826.mp4
OBS-000019,白玉兰广场,北酉·炭火烧鸟景观餐厅,北酉·炭火烧鸟景观餐厅,日式烧烤/烤肉,4.4,123,L2,rated,True,,rated,parsed,rating_anchor,0.977,0.9737,52,300,5.072,🌟🌟⭐⭐ | 4.4 | 日式烧烤/烤肉￥123/人L2,北酉·炭火烧鸟景观餐厅 | 品牌赖新 | 全面升级 | 🌟🌟⭐⭐ | 4.4 | 日式烧烤/烤肉￥123/人L2 | 景观烧鸟 | 点评榜单 | 虹口区烤肉热门榜第5名 | 环境优雅，服务贴心，分量十足 | 5 | ￥480 | ￥298 | 6.3折 | 惠 | 【爆品】每日鲜鸡. | ￥888.8折 | 惠 | ￥100100元代金券,ocr/input_videos\上海__白玉兰广场__20260826.mp4
OBS-000020,白玉兰广场,LENBACH兰巴赫西餐啤酒坊,LENBACH兰巴赫西餐啤酒坊,西餐,4.8,191,L2,rated,True,,rated,parsed,rating_anchor,0.9791,0.9995,54,372,6.289,L2 | ⭐🌟⭐⭐🌟4.8 | 西餐￥191/人,LENBACH兰巴赫西餐啤酒坊 | L2 | ⭐🌟⭐⭐🌟4.8 | 西餐￥191/人 | LENBACN | 点评榜单 | 北外滩/外白渡桥西餐口味榜第5名 | 菜单全面升级 | “ | 一如既往的口味在线 | ￥3317.5折 | ￥446 | 惠 | 【环球美食优选套...,ocr/input_videos\上海__白玉兰广场__20260826.mp4
OBS-000021,白玉兰广场,北酉·炭火烧鸟景观餐厅,北酉·炭火烧鸟景观餐厅,日式烧烤/烤肉,4.4,123,L2,rated,True,,rated,parsed,rating_anchor,0.9641,0.9818,54,372,6.289,🌟🌟🌟🌟 | 日式烧烤/烤肉￥123/人L2 | 4.4,北酉·炭火烧鸟景观餐厅 | 品牌赖新 | 全面升级 | 🌟🌟🌟🌟 | 日式烧烤/烤肉￥123/人L2 | 4.4 | 景观·烧 | 点评榜单 | 虹口区烤肉热门榜第5名 | 环境优雅，服务贴心，分量十足 | ￥2986.3折 | ￥480 | 【爆品】每日鲜鸡. | 惠 | ￥888.8折 | ￥100100元代金券 | 惠,ocr/input_videos\上海__白玉兰广场__20260826.mp4
OBS-000022,白玉兰广场,CGV影城,CGV影城,电影院,4.9,,L3,rated,True,,rated,parsed,rating_anchor,0.9927,0.9993,55,372,6.289,4.9电影院 | L3,CGV影城 | 4.9电影院 | CGV | L3 | 影城,ocr/input_videos\上海__白玉兰广场__20260826.mp4
OBS-000023,白玉兰广场,Osteria生蚝牛排餐厅,Osteria生蚝牛排餐厅,西餐,4.4,235,L1,rated,True,,rated,parsed,rating_anchor,0.9833,0.9991,54,372,6.289,🌟★⭐⭐⭐ | L1 | 4.4西餐￥235/人,Osteria生蚝牛排餐厅 | WEDNESDAY | 星牌司 | 指定海鲜类 | 🌟★⭐⭐⭐ | L1 | 4.4西餐￥235/人 | 6.8折 | 羊排口感超嫩，地段好还划算” | “ | C | ￥3994.9折 | ￥827 | 惠 | 【品牌主推】环球.. | ￥92 | 惠 | 9.2折 | ￥100100元代金券,ocr/input_videos\上海__白玉兰广场__20260826.mp4
OBS-000024,白玉兰广场,LENBACH兰巴赫西餐啤酒坊,LENBACH兰巴赫西餐啤酒坊,西餐,4.8,191,L2,rated,True,,rated,parsed,rating_anchor,0.9763,0.9995,54,420,7.101,L2 | ⭐🌟⭐⭐🌟4.8 | 西餐￥191/人,LENBACH兰巴赫西餐啤酒坊 | L2 | ⭐🌟⭐⭐🌟4.8 | 西餐￥191/人 | 点评榜单 | 北外滩/外白渡桥西餐口味榜第5名 | 菜单全面升级 | “ | 一如既往的口味在线 | ￥3317.5折 | ￥446 | 惠 | 【环球美食优选套...,ocr/input_videos\上海__白玉兰广场__20260826.mp4
OBS-000025,白玉兰广场,北酉·炭火烧鸟景观餐厅,北酉·炭火烧鸟景观餐厅,日式烧烤/烤肉,4.4,123,L2,rated,True,,rated,parsed,rating_anchor,0.9802,0.9836,54,420,7.101,🌟🌟🌟 | 日式烧烤/烤肉￥123/人L2 | 4.4,北酉·炭火烧鸟景观餐厅 | 品牌赖新 | 全面升级 | 🌟🌟🌟 | 日式烧烤/烤肉￥123/人L2 | 4.4 | 景观·烧 | 点评榜单 | 虹口区烤肉热门榜第5名 | 环境优雅，服务贴心，分量十足 | “ | ￥2986.3折 | ￥480 | 惠 | 【爆品】每日鲜鸡. | ￥888.8折 | ￥100100元代金券 | 惠,ocr/input_videos\上海__白玉兰广场__20260826.mp4
OBS-000026,白玉兰广场,CGV影城,CGV影城,电影院,4.9,,L3,rated,True,,rated,parsed,rating_anchor,0.994,0.9993,55,420,7.101,4.9电影院 | L3,CGV影城 | 4.9电影院 | CEV | L3 | 影城,ocr/input_videos\上海__白玉兰广场__20260826.mp4
OBS-000027,白玉兰广场,Osteria 生蚝牛排餐厅,Osteria生蚝牛排餐厅,西餐,4.4,235,L1,rated,True,,rated,parsed,rating_anchor,0.9691,0.968,54,420,7.101,L1 | ★★★★★ | 4.4西餐￥235/人,Osteria 生蚝牛排餐厅 | WEDNESDAY | 星牌司 | 指定海鲜类 | L1 | ★★★★★ | 4.4西餐￥235/人 | 6.8折 | 羊排口感超嫩，地段好还划算” | “ | ￥3994.9折 | ￥827 | 惠 | 【品牌主推】环球... | ￥92 | 惠 | 9.2折 | ￥100100元代金券,ocr/input_videos\上海__白玉兰广场__20260826.mp4
OBS-000028,白玉兰广场,Osteria生蚝牛排餐厅,Osteria生蚝牛排餐厅,西餐,4.4,235,L1,rated,True,,rated,parsed,rating_anchor,0.9829,0.9987,54,504,8.521,L1 | 🌟🌟🌟 | 4.4西餐￥235/人 | ★,Osteria生蚝牛排餐厅 | WEDNESDAY | 原期 | 指定海鲜类 | L1 | 🌟🌟🌟 | 4.4西餐￥235/人 | ★ | 6.8折 | 羊排口感超嫩，地段好还划算” | ￥399 | ￥827 | 4.9折 | 惠 | 【品牌主推】环球... | ￥92 | 9.2折 | ￥100100元代金券 | 惠,ocr/input_videos\上海__白玉兰广场__20260826.mp4
OBS-000029,白玉兰广场,晴味馆·扬州饭店,晴味馆·扬州饭店,淮扬菜,4.0,62,LG2,rated,True,,rated,parsed,rating_anchor,0.9852,0.9862,51,504,8.521,LG2 | 🌟🌟🌟⭐ | 淮扬菜 | ￥62/人 | 4.0,晴味馆·扬州饭店 | 睛味馆 | 扬州碎金炒饭 | LG2 | 🌟🌟🌟⭐ | 淮扬菜 | ￥62/人 | 4.0 | 点评榜单 | 虹口区淮扬菜销量榜第3名 | 店家环境舒适，酸菜鱼砂锅超值” | 扬州饭店 | “ | 微 | 酒 | ￥126 | ￥106 | 8.5折 | 惠 | 【超值】特色砂锅...,ocr/input_videos\上海__白玉兰广场__20260826.mp4
OBS-000030,白玉兰广场,BENNY本尼黄金烤鸡,BENNY本尼黄金烤鸡,快餐简餐,3.9,60,LG2,rated,True,,rated,parsed,rating_anchor,0.9988,0.9981,48,504,8.521,LG2 | 🌟🌟🌟💥🌟 | 快餐简餐 | ￥60/人 | 3.9,BENNY本尼黄金烤鸡 | Benny | LG2 | 🌟🌟🌟💥🌟 | 快餐简餐 | ￥60/人 | 3.9 | 本尼黄金烤鸡 | SINCE1960加源大经民风 | 点评榜单 | 北外滩/外白渡桥小吃快餐打卡人气榜.. | 空运鸡肉，嫩滑好吃，装修有格调 | “ | 9折 | ￥41.3 | ￥46炸鸡墨西哥辣椒酱汉... | 惠,ocr/input_videos\上海__白玉兰广场__20260826.mp4
OBS-000031,白玉兰广场,艾薇丹精油,艾薇丹精油,化妆品,3.4,,L1,rated,True,,rated,parsed,rating_anchor,0.9975,0.9999,52,504,8.521,🌟🌟🎉⭐🌟 | 3.4化妆品 | L1,艾薇丹精油 | 🌟🌟🎉⭐🌟 | 3.4化妆品 | L1,ocr/input_videos\上海__白玉兰广场__20260826.mp4
OBS-000032,白玉兰广场,阿金大白·上海菜馆,阿金大白·上海菜馆,本帮菜,4.1,65,LG2,rated,True,,rated,parsed,rating_anchor,0.9787,0.962,54,504,8.521,🌟🌟🌟🌟 | LG2 | 4.1本帮菜 | ￥65/人,阿金大白·上海菜馆 | 🌟🌟🌟🌟 | LG2 | 4.1本帮菜 | ￥65/人 | 点评榜单 | 北外滩/外白渡桥本帮菜打卡人气榜第4名,ocr/input_videos\上海__白玉兰广场__20260826.mp4
OBS-000033,白玉兰广场,Osteria 生蚝牛排餐厅,Osteria生蚝牛排餐厅,西餐,4.4,235,L1,rated,True,,rated,parsed,rating_anchor,0.9622,0.9721,57,528,8.927,L1 | 4.4西餐￥235/人,Osteria 生蚝牛排餐厅 | WEDNESDAY | 星期 | 国 | 指定海鲜类 | L1 | 4.4西餐￥235/人 | 6.8折 | 羊排口感超嫩，地段好还划算” | 《 | 4.9折 | ￥399 | ￥827 | 惠 | 【品牌主推】环球... | ￥92 | 9.2折 | 惠 | ￥100100元代金券,ocr/input_videos\上海__白玉兰广场__20260826.mp4
OBS-000034,白玉兰广场,晴味馆·扬州饭店,晴味馆·扬州饭店,淮扬菜,4.0,62,LG2,rated,True,,rated,parsed,rating_anchor,0.9726,0.9843,51,528,8.927,LG2 | 🌟🌟🌟🌟 | 淮扬菜￥62/人 | 4.0 | ★,晴味馆·扬州饭店 | 晴味馆 | 扬州碎金炒饭 | LG2 | 🌟🌟🌟🌟 | 淮扬菜￥62/人 | 4.0 | ★ | 点评榜单 | 虹口区淮扬菜销量榜第3名 | 店家环境舒适，酸菜黑鱼砂锅超值” | 扬州饭店 | 南 | ￥126 | 【超值】特色砂锅.. | ￥106 | 8.5折 | 惠,ocr/input_videos\上海__白玉兰广场__20260826.mp4
OBS-000035,白玉兰广场,BENNY本尼黄金烤鸡,BENNY本尼黄金烤鸡,快餐简餐,3.9,60,LG2,rated,True,,rated,parsed,rating_anchor,0.9939,0.9901,48,528,8.927,LG2 | 🌟🌟🌟🌟🌟 | ￥60/人 | 快餐简餐 | 3.9,BENNY本尼黄金烤鸡 | Benny | LG2 | 🌟🌟🌟🌟🌟 | ￥60/人 | 快餐简餐 | 3.9 | 本尼黄金烤鸡 | SINCE1960加享大量真风味 | 点评榜单 | 北外滩/外白渡桥小吃快餐打卡人气榜... | 空运鸡肉，嫩滑好吃，装修有格调 | S | ￥41.3 | 9折 | ￥46炸鸡墨西哥辣椒酱汉.... | 惠,ocr/input_videos\上海__白玉兰广场__20260826.mp4
OBS-000036,白玉兰广场,艾薇丹精油,艾薇丹精油,化妆品,3.4,,L1,rated,True,,rated,parsed,rating_anchor,0.9475,1.0,52,528,8.927,⭐⭐⭐3.4化妆品 | L1,艾薇丹精油 | ⭐⭐⭐3.4化妆品 | L1,ocr/input_videos\上海__白玉兰广场__20260826.mp4
OBS-000037,白玉兰广场,阿金大白·上海菜馆,阿金大白·上海菜馆,本帮菜,4.1,65,LG2,rated,True,,rated,parsed,rating_anchor,0.9659,0.9462,54,528,8.927,🌟🌟⭐⭐ | LG2 | 4.1本帮菜 | ￥65/人,阿金大白·上海菜馆 | 🌟🌟⭐⭐ | LG2 | 4.1本帮菜 | ￥65/人 | 点评榜单 | 北外滩/外白渡桥本帮菜打卡人气榜第4名,ocr/input_videos\上海__白玉兰广场__20260826.mp4
OBS-000038,白玉兰广场,BENNY本尼黄金烤鸡,BENNY本尼黄金烤鸡,快餐简餐,3.9,60,LG2,rated,True,,rated,parsed,rating_anchor,0.9764,0.9983,48,600,10.144,LG2 | 3.9快餐简餐￥60/人,BENNY本尼黄金烤鸡 | Benny | LG2 | 3.9快餐简餐￥60/人 | 本尼黄金烤鸡 | SINCE1960加速大经民风铺 | 点评榜单 | 北外滩/外白渡桥小吃快餐打卡人气榜... | 空运鸡肉，嫩滑好吃，装修有格调 | ￥41.39折 | 惠 | ￥46炸鸡墨西哥辣椒酱汉...,ocr/input_videos\上海__白玉兰广场__20260826.mp4
OBS-000039,白玉兰广场,艾薇丹精油,艾薇丹精油,化妆品,3.4,,L1,rated,True,,rated,parsed,rating_anchor,0.9486,0.9998,55,600,10.144,★3.4化妆品 | L1,艾薇丹精油 | ★3.4化妆品 | L1,ocr/input_videos\上海__白玉兰广场__20260826.mp4
OBS-000040,白玉兰广场,阿金大白·上海菜馆,阿金大白·上海菜馆,本帮菜,4.1,65,LG2,rated,True,,rated,parsed,rating_anchor,0.9569,0.949,51,600,10.144,LG2 | 🌟🌟★⭐ | 4.1本帮菜￥65/人,阿金大白·上海菜馆 | LG2 | 🌟🌟★⭐ | 4.1本帮菜￥65/人 | 点评榜单 | 北外滩/外白渡桥本帮菜打卡人气榜第4名 | 冷面上市 | 清新环境，周到服务，优越位置 | ￥1088.6折 | ￥126.8 | 惠 | 【夏日精选】冷面..,ocr/input_videos\上海__白玉兰广场__20260826.mp4
OBS-000041,白玉兰广场,上海宴·老本帮江浙菜,上海宴·老本帮江浙菜,本帮菜,4.7,,L2,rated,True,,rated,parsed,rating_anchor,0.9605,0.9822,51,600,10.144,4.7本帮菜￥180/ | L2,上海宴·老本帮江浙菜 | 4.7本帮菜￥180/ | L2 | 上起意 | 上海 | 席 | 宴 | 点评榜单 | 北外滩/外白渡桥本帮菜热门榜第3名 | 半城夜上海 | 环境优美交通便，服务态度赞 | 力 | ￥0.1 | 0.1折 | ￥28 | 惠 | 【宝宝福利】健康宝宝餐 | ￥959.5折 | ￥100100元代金券 | 惠,ocr/input_videos\上海__白玉兰广场__20260826.mp4
OBS-000042,白玉兰广场,泽大（上海）,泽大(上海),,3.6,,商场内,rated,True,,rated,missing,rating_anchor,0.9461,0.9461,55,600,10.144,3.6法律服务 | 商场内,泽大（上海） | 律师事务所 | 3.6法律服务 | 商场内 | 陈律师介入后，美容院全面整改,ocr/input_videos\上海__白玉兰广场__20260826.mp4
OBS-000043,白玉兰广场,艾薇丹精油,艾薇丹精油,化妆品,3.4,,L1,rated,True,,rated,parsed,rating_anchor,0.9983,0.9999,58,624,10.55,⭐🌟🎉 | 3.4化妆品 | L1 | ★★,艾薇丹精油 | ⭐🌟🎉 | 3.4化妆品 | L1 | ★★,ocr/input_videos\上海__白玉兰广场__20260826.mp4
OBS-000044,白玉兰广场,阿金大白·上海菜馆,阿金大白·上海菜馆,本帮菜,4.1,65,LG2,rated,True,,rated,parsed,rating_anchor,0.965,0.9768,54,624,10.55,LG2 | 🌟🌟🎉🌟 | 4.1本帮菜￥65/人,阿金大白·上海菜馆 | LG2 | 🌟🌟🎉🌟 | 4.1本帮菜￥65/人 | 点评榜单 | 北外滩/外白渡桥本帮菜打卡人气榜第4名 | 冷面上市 | 清新环境，周到服务，优越位置 | J | “ | ￥126.8 | 【夏日精选】冷面.. | ￥1088.6折 | 惠,ocr/input_videos\上海__白玉兰广场__20260826.mp4
OBS-000045,白玉兰广场,上海宴·老本帮江浙菜,上海宴·老本帮江浙菜,本帮菜,4.7,180,L2,rated,True,,rated,parsed,rating_anchor,0.9573,0.9896,51,624,10.55,L2 | 4.7本帮菜￥180/人,上海宴·老本帮江浙菜 | 国 | L2 | 4.7本帮菜￥180/人 | 上0店 | 上海 | 宴 | 席 | 点评榜单 | 北外滩/外白渡桥本帮菜热门榜第3名 | 半城夜上海 | 环境优美交通便，服务态度赞 | 心 | ￥0.1 | 0.1折 | ￥28 | 惠 | 【宝宝福利】健康宝宝餐 | ￥959.5折 | 惠 | ￥100100元代金券,ocr/input_videos\上海__白玉兰广场__20260826.mp4
OBS-000046,白玉兰广场,泽大（上海）,泽大(上海),,3.6,,商场内,rated,True,,rated,missing,rating_anchor,0.9235,0.9235,54,624,10.55,3.6法律服务 | 商场内,泽大（上海） | 律师事务所 | 泽大律所 | 3.6法律服务 | 商场内 | 陈律师介入后，美容院全面整改 | 40年律所品牌 | ￥99￥200 | 惠 | 【电话/微信】法律咨询,ocr/input_videos\上海__白玉兰广场__20260826.mp4
OBS-000047,白玉兰广场,Arte progetto,Arteprogetto,服饰鞋包,4.1,,LG1,rated,True,,rated,parsed,rating_anchor,0.9963,0.9955,59,624,10.55,LG1 | 🌟🌟🌟🌟 | 4.1服饰鞋包 | ★,Arte progetto | LG1 | 🌟🌟🌟🌟 | 4.1服饰鞋包 | ★,ocr/input_videos\上海__白玉兰广场__20260826.mp4
OBS-000048,白玉兰广场,艾薇丹精油,艾薇丹精油,化妆品,3.4,,L1,rated,True,,rated,parsed,rating_anchor,0.9815,1.0,54,660,11.159,⭐⭐3.4化妆品 | L1,艾薇丹精油 | ⭐⭐3.4化妆品 | L1,ocr/input_videos\上海__白玉兰广场__20260826.mp4
OBS-000049,白玉兰广场,阿金大白·上海菜馆,阿金大白·上海菜馆,本帮菜,4.1,65,LG2,rated,True,,rated,parsed,rating_anchor,0.9385,0.9501,50,660,11.159,LG2 | 4.1本帮菜 | ￥65/人,阿金大白·上海菜馆 | LG2 | 4.1本帮菜 | ￥65/人 | 点评榜单 | 北外滩/外白渡桥本帮菜打卡人气榜第4名 | 冷面上市 | 清新环境，周到服务，优越位置 | 55 | ￥108 | ￥126.8 | 8.6折 | 【夏日精选】冷面. | 惠,ocr/input_videos\上海__白玉兰广场__20260826.mp4
OBS-000050,白玉兰广场,上海宴·老本帮江浙菜,上海宴·老本帮江浙菜,本帮菜,4.7,180,L2,rated,True,,rated,parsed,rating_anchor,0.9726,0.9907,51,660,11.159,L2 | 4.7本帮菜￥180/人,上海宴·老本帮江浙菜 | L2 | 4.7本帮菜￥180/人 | Bg | 上海 | 席 | 点评榜单 | 北外滩/外白渡桥本帮菜热门榜第3名 | 平城夜上海出 | 环境优美交通便，服务态度赞 | ￥0.1 | ￥28 | 0.1折 | 惠 | 【宝宝福利】健康宝宝餐 | ￥95 | 59.5折 | 惠 | ￥100100元代金券,ocr/input_videos\上海__白玉兰广场__20260826.mp4
OBS-000051,白玉兰广场,泽大(上海),泽大(上海),,3.6,,商场内,rated,True,,rated,missing,rating_anchor,0.8709,0.8709,55,660,11.159,商场内 | 3.6法律服务 | ★★★★★,泽大(上海) | 律师事务所 | 泽大律所 | 商场内 | 3.6法律服务 | ★★★★★ | 陈律师介入后，美容院全面整改 | 40年律所品牌 | ￥99￥200 | 惠 | 【电话/微信】法律咨询,ocr/input_videos\上海__白玉兰广场__20260826.mp4
OBS-000052,白玉兰广场,Arte progetto,Arteprogetto,服饰鞋包,4.1,,LG1,rated,True,,rated,parsed,rating_anchor,0.9984,0.9979,57,660,11.159,LG1 | 🌟🌟🌟⭐ | 服饰鞋包 | 4.1 | ★,Arte progetto | LG1 | 🌟🌟🌟⭐ | 服饰鞋包 | 4.1 | ★ | 超优惠活动值得一试” | 上身效果量身定做、 | “,ocr/input_videos\上海__白玉兰广场__20260826.mp4
OBS-000053,白玉兰广场,泽大（上海）律师事务所,泽大(上海)律师事务所,,3.6,,商场内,rated,True,,rated,missing,rating_anchor,0.9871,0.9871,61,732,12.376,3.6法律服务 | 商场内,泽大（上海）律师事务所 | 泽大律所 | 3.6法律服务 | 商场内 | 陈律师介入后，美容院全面整改 | 40年律所品牌 | ￥99￥200 | 惠 | 【电话/微信】法律咨询,ocr/input_videos\上海__白玉兰广场__20260826.mp4
OBS-000054,白玉兰广场,Arte progetto,Arteprogetto,服饰鞋包,4.1,,LG1,rated,True,,rated,parsed,rating_anchor,0.9943,0.9902,58,732,12.376,LG1 | 🌟🌟🌟🎉 | 4.1服饰鞋包 | ★,Arte progetto | LG1 | 🌟🌟🌟🎉 | 4.1服饰鞋包 | ★ | 上身效果量身定做，超优惠活动值得一试 | S,ocr/input_videos\上海__白玉兰广场__20260826.mp4
OBS-000055,白玉兰广场,舟山海鲜小馆,舟山海鲜小馆,浙菜,4.2,115,L3,rated,True,,rated,parsed,rating_anchor,0.9391,0.9799,52,732,12.376,L3 | ★4.2浙菜￥115/人,舟山海鲜小馆 | 舟山海鲜小馆 | L3 | ★4.2浙菜￥115/人 | 小鲜滋味尝不尽 | 东方明珠映眼前 | 休息中 | ￥19.9 | 4.5折 | ￥45百香果汁一扎 | 惠,ocr/input_videos\上海__白玉兰广场__20260826.mp4
OBS-000056,白玉兰广场,bluefrog蓝蛙,bluefrog蓝蛙,西餐,4.5,127,L1,rated,True,,rated,parsed,rating_anchor,0.9676,0.9989,66,732,12.376,4.5西餐￥127/人 | L1,bluefrog蓝蛙 | 蓝蛙 | blue frog | 4.5西餐￥127/人 | L1 | bar&grill | 点评榜单 | 虹口区西餐销量榜第3名 | 尽兴当下就在蓝蛙 | 服务员热情服务，菜品新鲜 | ￥32 | 5.3折 | ￥16.8 | 惠 | 【特价】拿铁/泡.. | ￥959.5折 | ￥100 | 【浪漫七夕】100元. | 惠,ocr/input_videos\上海__白玉兰广场__20260826.mp4
OBS-000057,白玉兰广场,泽大（上海）,泽大(上海),,3.6,,商场内,rated,True,,rated,missing,rating_anchor,0.9425,0.9425,59,756,12.782,商场内 | ⭐3.6法律服务,泽大（上海） | 律师事务所 | 泽大律所 | 商场内 | ⭐3.6法律服务 | 陈律师介入后，美容院全面整改 | C | 40年律所品牌 | ￥99￥200 | 【电话/微信】法律咨询 | 惠,ocr/input_videos\上海__白玉兰广场__20260826.mp4
OBS-000058,白玉兰广场,Arte progetto,Arteprogetto,服饰鞋包,4.1,,LG1,rated,True,,rated,parsed,rating_anchor,0.9836,0.9964,60,756,12.782,⭐4.1服饰鞋包 | LG1,Arte progetto | ⭐4.1服饰鞋包 | LG1 | 上身效果量身定做，超优惠活动值得试”,ocr/input_videos\上海__白玉兰广场__20260826.mp4
OBS-000059,白玉兰广场,舟山海鲜小馆,舟山海鲜小馆,浙菜,4.2,115,L3,rated,True,,rated,parsed,rating_anchor,0.9835,0.9991,54,756,12.782,4.2浙菜￥115/人 | 🌟🌟🌟🌟🌟 | L3,舟山海鲜小馆 | 舟山海鲜小馆 | 4.2浙菜￥115/人 | 🌟🌟🌟🌟🌟 | L3 | 小鲜滋味尝不尽 | 东方明珠映眼前 | 休息中 | ￥19.9 | 4.5折 | ￥45百香果汁一扎 | 惠,ocr/input_videos\上海__白玉兰广场__20260826.mp4
OBS-000060,白玉兰广场,bluefrog蓝蛙,bluefrog蓝蛙,西餐,4.5,127,L1,rated,True,,rated,parsed,rating_anchor,0.98,0.9991,62,756,12.782,⭐🌟🌟🌟🌟 | 4.5西餐￥127/人 | L1,bluefrog蓝蛙 | 蓝蛙 | blue frog | ⭐🌟🌟🌟🌟 | 4.5西餐￥127/人 | L1 | bar&grill | 点评榜单 | 虹口区西餐销量榜第3名 | 尽兴当下就在蓝蛙 | 服务员热情服务，菜品新鲜 | ￥32 | ￥16.8 | 5.3折 | 【特价】拿铁/气泡.. | 惠 | ￥959.5折 | ￥100 | 惠 | 【浪漫七夕】100元.,ocr/input_videos\上海__白玉兰广场__20260826.mp4
OBS-000061,白玉兰广场,The Stage白玉兰观景台,TheStage白玉兰观景台,更多景点/周边游,4.9,,LG1,rated,True,,rated,parsed,rating_anchor,0.9946,0.9913,58,756,12.782,LG1 | 🌟🌟🌟🌟4.9 | 更多景点/周边游,The Stage白玉兰观景台 | LG1 | 🌟🌟🌟🌟4.9 | 更多景点/周边游,ocr/input_videos\上海__白玉兰广场__20260826.mp4
OBS-000062,白玉兰广场,bluefrog蓝蛙,bluefrog蓝蛙,西餐,4.5,127,L1,rated,True,,rated,parsed,rating_anchor,0.9688,0.9986,55,864,14.608,🌟🌟🌟🌟🌟 | L1 | 西餐￥127/人 | 4.5,bluefrog蓝蛙 | 蓝蛙 | frog | blue | 🌟🌟🌟🌟🌟 | L1 | 西餐￥127/人 | 4.5 | bar&grill | 点评榜单 | 虹口区西餐销量榜第3名 | 尽兴当下就在蓝蛙 | 服务员热情服务，菜品新鲜 | S | 3 | 【特价】拿铁/气泡.. | ￥16.8 | 5.3折 | ￥32 | 惠 | 【浪漫七夕】100元.. | ￥95 | 9.5折 | ￥100 | 惠,ocr/input_videos\上海__白玉兰广场__20260826.mp4
OBS-000063,白玉兰广场,The Stage白玉兰观景台,TheStage白玉兰观景台,更多景点/周边游,4.9,,LG1,rated,True,,rated,parsed,rating_anchor,0.9851,0.9781,54,864,14.608,LG1 | ⭐4.9 | 更多景点/周边游,The Stage白玉兰观景台 | LG1 | ⭐4.9 | 更多景点/周边游 | 中,ocr/input_videos\上海__白玉兰广场__20260826.mp4
OBS-000064,白玉兰广场,维京游轮Viking Cruises,维京游轮VikingCruises,活动策划/场地,3.7,,商场内,rated,True,,rated,parsed,rating_anchor,0.9017,0.9753,60,864,14.608,商场内 | ⭐⭐⭐⭐3.7活动策划/场地,维京游轮Viking Cruises | 商场内 | ⭐⭐⭐⭐3.7活动策划/场地 | 工作人员服务细心，餐食精致美味,ocr/input_videos\上海__白玉兰广场__20260826.mp4
OBS-000065,白玉兰广场,逸品淮扬,逸品淮扬,淮扬菜,4.8,160,L2,rated,True,,rated,parsed,rating_anchor,0.9768,0.9886,56,864,14.608,L2 | 🌟🌟🌟🌟🌟 | 4.8淮扬菜￥160/人,逸品淮扬 | L2 | 🌟🌟🌟🌟🌟 | 4.8淮扬菜￥160/人 | 逸品准频 | 点评榜单 | 虹口区淮扬菜销量榜第2名 | 正宗淮扬菜，口感极佳，服务周到 | 5.1折 | ￥19.8 | ￥39 | 红糖麻糍 | 惠 | ￥959.5折 | ￥100 | 【消费兑好礼】100... | 惠,ocr/input_videos\上海__白玉兰广场__20260826.mp4
OBS-000066,白玉兰广场,Wolfgang's Steakhouse 沃夫冈.,Wolfgang'sSteakhouse沃夫冈.,牛排,4.4,488,L1,rated,True,,rated,parsed,rating_anchor,0.9508,0.9529,60,864,14.608,⭐🌟🌟🌟 | L1 | 牛排￥488/人 | 4.4 | ★,Wolfgang's Steakhouse 沃夫冈. | W9AAA12 | ⭐🌟🌟🌟 | L1 | 牛排￥488/人 | 4.4 | ★ | 点评榜单 | 虹口区西餐销量榜第1名,ocr/input_videos\上海__白玉兰广场__20260826.mp4
OBS-000067,白玉兰广场,TheStage兰观景台,TheStage兰观景台,更多景点/周边游,4.9,,LG1,rated,True,,rated,parsed,rating_anchor,0.9956,0.999,56,936,15.825,LG1 | ★4.9 | 更多景点/周边游,TheStage兰观景台 | LG1 | ★4.9 | 更多景点/周边游,ocr/input_videos\上海__白玉兰广场__20260826.mp4
OBS-000068,白玉兰广场,维京游轮Viking Cruises,维京游轮VikingCruises,活动策划/场地.,3.7,,商场内,rated,True,,rated,parsed,rating_anchor,0.9617,0.9778,58,936,15.825,3.7活动策划/场地. | 商场内,维京游轮Viking Cruises | 3.7活动策划/场地. | 商场内 | 工作人员服务细心，餐食精致美味” | S | WTKIG,ocr/input_videos\上海__白玉兰广场__20260826.mp4
OBS-000069,白玉兰广场,逸品淮扬,逸品淮扬,淮扬菜,4.8,160,L2,rated,True,,rated,parsed,rating_anchor,0.9456,0.9725,55,936,15.825,4.8淮扬菜￥160/人 | L2,逸品淮扬 | 4.8淮扬菜￥160/人 | L2 | 逸品准场 | 点评榜单 | 虹口区淮扬菜销量榜第2名 | 正宗淮扬菜，口感极佳，服务周到” | ￥19.8 | ￥39 | 5.1折 | 红糖麻糍 | 惠 | ￥100 | 惠 | ￥95 | 9.5折 | 【消费兑好礼】100..,ocr/input_videos\上海__白玉兰广场__20260826.mp4
OBS-000070,白玉兰广场,Wolfgang's Steakhouse 沃夫,Wolfgang'sSteakhouse沃夫,牛排,4.4,488,L1,rated,True,,rated,parsed,rating_anchor,0.9588,0.9731,60,936,15.825,🌟🌟🌟🌟 | L1 | 4.4 | 牛排￥488/人 | ★,Wolfgang's Steakhouse 沃夫 | 80A | 🌟🌟🌟🌟 | L1 | 4.4 | 牛排￥488/人 | ★ | 点评榜单 | 虹口区西餐销量榜第1名 | ￥913吧台限定单人澳洲... | ￥578 | 惠 | 6.4折 | ￥989.8折 | 惠 | ￥100100元代金券,ocr/input_videos\上海__白玉兰广场__20260826.mp4
OBS-000071,白玉兰广场,乐邦快修手机电脑维修回收,乐邦快修手机电脑维修回收,手机维修,4.3,225,LG2,rated,True,,rated,parsed,rating_anchor,0.9831,0.9989,50,936,15.825,🌟🌟⭐🌟 | LG2 | 4.3 | 手机维修￥225/人,乐邦快修手机电脑维修回收 | B | DIGITAL OUICKREPAIR | 🌟🌟⭐🌟 | LG2 | 4.3 | 手机维修￥225/人 | 电脑清灰季 | 59元起 | 虹口区手机维修销量榜第1名,ocr/input_videos\上海__白玉兰广场__20260826.mp4
OBS-000072,白玉兰广场,维京游轮Viking Cruises,维京游轮VikingCruises,活动策划/场地,3.7,,商场内,rated,True,,rated,parsed,rating_anchor,0.9547,0.9812,57,984,16.636,⭐3.7活动策划/场地 | 商场内,维京游轮Viking Cruises | ⭐3.7活动策划/场地 | 商场内 | 工作人员服务细心，餐食精致美味”,ocr/input_videos\上海__白玉兰广场__20260826.mp4
OBS-000073,白玉兰广场,逸品淮扬,逸品淮扬,淮扬菜,4.8,160,L2,rated,True,,rated,parsed,rating_anchor,0.9601,0.9838,59,984,16.636,4.8淮扬菜￥160/人 | L2,逸品淮扬 | 4.8淮扬菜￥160/人 | L2 | 逸品准频 | 点评榜单 | 虹口区淮扬菜销量榜第2名 | 正宗淮扬菜，口感极佳，服务周到” | “ | ￥19.8 | 5.1折 | ￥39 | 惠 | 红糖麻糍 | ￥959.5折 | ￥100 | 惠 | 【消费兑好礼】100...,ocr/input_videos\上海__白玉兰广场__20260826.mp4
OBS-000074,白玉兰广场,Wolfgang's Steakhouse 沃夫冈...,Wolfgang'sSteakhouse沃夫冈,牛排,4.4,488,L1,rated,True,,rated,parsed,rating_anchor,0.9447,0.9308,60,984,16.636,L1 | ⭐🌟🌟🌟 | 4.4牛排￥488/人,Wolfgang's Steakhouse 沃夫冈... | L1 | ⭐🌟🌟🌟 | 4.4牛排￥488/人 | 点评榜单 | 虹口区西餐销量榜第1名 | ￥5786.4折 | ￥913吧台限定单人澳洲.. | 惠 | ￥989.8折 | 惠 | ￥100100元代金券,ocr/input_videos\上海__白玉兰广场__20260826.mp4
OBS-000075,白玉兰广场,乐邦快修手机电脑维修回收,乐邦快修手机电脑维修回收,手机维修,4.3,225,LG2,rated,True,,rated,parsed,rating_anchor,0.9797,0.9872,50,984,16.636,LG2 | ★★★★★ | 4.3手机维修￥225/人,乐邦快修手机电脑维修回收 | B | DIGITAL OUICKREPAIR | LG2 | ★★★★★ | 4.3手机维修￥225/人 | 电脑清灰季 | 59 | 元起 | 虹口区手机维修销量榜第1名 | 修完基本看不出来，无线充也都是好的 | 心1261心 | ￥30￥35 | 惠 | 【苹果/安卓手机检测】声音...,ocr/input_videos\上海__白玉兰广场__20260826.mp4
OBS-000076,白玉兰广场,维京游轮VikingCruises,维京游轮VikingCruises,活动策划/场地.,3.7,,商场内,rated,True,,rated,parsed,rating_anchor,0.9442,0.9982,47,1020,17.245,⭐3.7 活动策划/场地. | 商场内,维京游轮VikingCruises | ⭐3.7 活动策划/场地. | 商场内 | 工作人员服务细心，餐食精致美味 | 4,ocr/input_videos\上海__白玉兰广场__20260826.mp4
OBS-000077,白玉兰广场,逸品淮扬,逸品淮扬,淮扬菜,4.8,160,L2,rated,True,,rated,parsed,rating_anchor,0.9726,0.9799,57,1020,17.245,L2 | 🌟🌟⭐🌟🌟 | 4.8淮扬菜￥160/人,逸品淮扬 | L2 | 🌟🌟⭐🌟🌟 | 4.8淮扬菜￥160/人 | 逸品准场 | 点评榜单 | 虹口区淮扬菜销量榜第2名 | 正宗淮扬菜，口感极佳，服务周到 | C | ￥19.85.1折 | ￥39 | 红糖麻糍 | 惠 | ￥959.5折 | ￥100 | 惠 | 【消费兑好礼】100..,ocr/input_videos\上海__白玉兰广场__20260826.mp4
OBS-000078,白玉兰广场,Wolfgang's Steakhouse 沃夫冈...,Wolfgang'sSteakhouse沃夫冈,牛排,4.4,488,L1,rated,True,,rated,parsed,rating_anchor,0.9308,0.9084,60,1020,17.245,🌟🌟🌟🌟 | L1 | 牛排￥488/人 | 4.4 | ★,Wolfgang's Steakhouse 沃夫冈... | 803184888 | 🌟🌟🌟🌟 | L1 | 牛排￥488/人 | 4.4 | ★ | 点评榜单 | 虹口区西餐销量榜第1名 | ￥5786.4折 | ￥913吧台限定单人澳洲.. | 惠 | ￥989.8折 | 惠 | ￥100100元代金券,ocr/input_videos\上海__白玉兰广场__20260826.mp4
OBS-000079,白玉兰广场,乐邦快修手机电脑维修回收,乐邦快修手机电脑维修回收,手机维修,4.3,225,LG2,rated,True,,rated,parsed,rating_anchor,0.9815,0.9985,51,1020,17.245,🌟🌟⭐🎉 | LG2 | 手机维修￥225/人 | 4.3 | ★,乐邦快修手机电脑维修回收 | 好5 | DIGITAL QUICKREPAIR | 🌟🌟⭐🎉 | LG2 | 手机维修￥225/人 | 4.3 | 电脑清灰季 | ★ | 59 | 元起 | 虹口区手机维修销量榜第1名 | 修完基本看不出来，无线充也都是好的” | 心1安0心 | ￥30￥35 | 【苹果/安卓机检测】声音. | 惠,ocr/input_videos\上海__白玉兰广场__20260826.mp4
OBS-000080,白玉兰广场,SUCH SAIIA,SUCHSAIIA,服饰鞋包,3.8,850,LG1,rated,True,,rated,parsed,rating_anchor,0.9689,0.9706,45,1020,17.245,LG1 | 🌟🌟🌟🌟🌟 | 3.8 | 服饰鞋包￥850/人,SUCH SAIIA | SUOH SAIA | LG1 | 🌟🌟🌟🌟🌟 | 3.8 | 服饰鞋包￥850/人 | 面料超级舒服，还有贴心礼物 | S,ocr/input_videos\上海__白玉兰广场__20260826.mp4
OBS-000081,白玉兰广场,乐邦快修手机电脑维修回收,乐邦快修手机电脑维修回收,手机维修,4.3,225,LG2,rated,True,,rated,parsed,rating_anchor,0.9866,0.9994,56,1044,17.651,LG2 | 🌟🌟🌟🎉 | 手机维修￥225/人 | 4.3,乐邦快修手机电脑维修回收 | B | DIGITAL OUICKREPAIR | LG2 | 🌟🌟🌟🎉 | 手机维修￥225/人 | 4.3 | 电脑清灰季 | 59 | 元起 | 虹口区手机维修销量榜第1名 | 修完基本看不出来，无线充也都是好的 | 心安的心 | 2 | ￥30￥35 | 惠 | 【苹果/安卓机检测】声..,ocr/input_videos\上海__白玉兰广场__20260826.mp4
OBS-000082,白玉兰广场,SUCH SAIIA,SUCHSAIIA,服饰鞋包,3.8,850,LG1,rated,True,,rated,parsed,rating_anchor,0.9705,0.9698,45,1044,17.651,LG1 | 🌟🌟🌟🌟🌟 | 服饰鞋包￥850/人 | 3.8,SUCH SAIIA | GUOH SAIA | LG1 | 🌟🌟🌟🌟🌟 | 服饰鞋包￥850/人 | 3.8 | 面料超级舒服，还有贴心礼物”,ocr/input_videos\上海__白玉兰广场__20260826.mp4
OBS-000083,白玉兰广场,蘭心餐厅,兰心餐厅,本帮菜,4.4,139,L3,rated,True,,rated,parsed,rating_anchor,0.9858,0.9927,58,1044,17.651,4.4本帮菜￥139/人 | L3 | 🌟🌟🌟🌟 | ★,蘭心餐厅 | 蘭 | 4.4本帮菜￥139/人 | L3 | 🌟🌟🌟🌟 | ★ | 点评榜单 | 1.YCTIM | 北外滩/外白渡桥本帮菜热门榜第2名 | IEEEI | 14:00休息 | 口味地道，热情服务，性价比 | “ | 55 | ￥8.84.9折 | ￥18竹蔗茅根马蹄水一杯 | 惠 | ￥909折 | 惠 | ￥100100元代金券,ocr/input_videos\上海__白玉兰广场__20260826.mp4
OBS-000084,白玉兰广场,BAKER&SPICE limited,BAKER&SPICElimited,西餐,4.3,72,L1,rated,True,,rated,parsed,rating_anchor,0.9567,0.9626,50,1044,17.651,🌟🌟🌟⭐🌟 | L1 | 4.3 | 西餐￥72/人,BAKER&SPICE limited | WAASDOOOSLEM | 夏日缤纷谷物色拉碗 | 时开一口 | 🌟🌟🌟⭐🌟 | L1 | 4.3 | 西餐￥72/人 | ￥69 | ￥385.6折 | 惠 | 【烘焙盒子】当日现烤.,ocr/input_videos\上海__白玉兰广场__20260826.mp4
OBS-000085,白玉兰广场,睫睫向上·美甲美睫连锁沙龙,睫睫向上·美甲美睫连锁沙龙,美,,301,,unknown,True,,ocr_missing,parsed,metadata_anchor,0.904,0.9934,53,1044,17.651,45美￥301/人 | -,睫睫向上·美甲美睫连锁沙龙 | 45美￥301/人 | -,ocr/input_videos\上海__白玉兰广场__20260826.mp4
OBS-000086,白玉兰广场,乐邦快修手机电脑维修回收,乐邦快修手机电脑维修回收,手机维修,4.3,225,LG2,rated,True,,rated,parsed,rating_anchor,0.9815,0.9981,48,1080,18.259,LG2 | 🌟🌟🌟🌟 | 4.3 | 手机维修￥225/人 | ★,乐邦快修手机电脑维修回收 | B5 | DIGITAL OUICKREPAIR | LG2 | 🌟🌟🌟🌟 | 4.3 | 手机维修￥225/人 | ★ | 电脑清灰季 | 59 | 元起 | 虹口区手机维修销量榜第1名 | 修完基本看不出来，无线充也都是好的 | 心安心的心 | ￥30 | 惠 | ￥35 | 【苹果/安卓手机检测】声音..,ocr/input_videos\上海__白玉兰广场__20260826.mp4
OBS-000087,白玉兰广场,SUCH SAIIA,SUCHSAIIA,服饰鞋包,3.8,850,LG1,rated,True,,rated,parsed,rating_anchor,0.9453,0.9255,44,1080,18.259,LG1 | 🌟🌟🌟🌟🌟 | 服饰鞋包￥850/人 | 3.8,SUCH SAIIA | SUOH SMIA | LG1 | 🌟🌟🌟🌟🌟 | 服饰鞋包￥850/人 | 3.8 | 面料超级舒服，还有贴心礼物 | “,ocr/input_videos\上海__白玉兰广场__20260826.mp4
OBS-000088,白玉兰广场,蘭心餐厅,兰心餐厅,本帮菜,4.4,139,L3,rated,True,,rated,parsed,rating_anchor,0.9843,0.9939,59,1080,18.259,🌟🌟🌟🌟 | L3 | 4.4本帮菜￥139/人,蘭心餐厅 | 蘭 | 🌟🌟🌟🌟 | L3 | 4.4本帮菜￥139/人 | 点评榜单 | 北外滩/外白渡桥本帮菜热门榜第2名 | L.YCTUM | AENEEI | 14:00休息 | 口味地道，热情服务，性价比高 | “ | 1 | ￥8.8 | 4.9折 | ￥18竹蔗茅根马蹄水一杯 | 惠 | ￥909折 | ￥100100元代金券 | 惠,ocr/input_videos\上海__白玉兰广场__20260826.mp4
OBS-000089,白玉兰广场,BAKER&SPICE limited,BAKER&SPICElimited,西餐,4.3,72,L1,rated,True,,rated,parsed,rating_anchor,0.9565,0.9692,50,1080,18.259,🌟🌟🌟⭐🌟 | L1 | 西餐￥72/人 | 4.3,BAKER&SPICE limited | WMTDOOSON | 夏日缤纷谷的色拉碗 | 时湾开写 | 一口谢近处 | 🌟🌟🌟⭐🌟 | L1 | 西餐￥72/人 | 4.3 | 经 | ￥385.6折 | ￥69 | 惠 | 【烘焙盒子】当日现烤..,ocr/input_videos\上海__白玉兰广场__20260826.mp4
OBS-000090,白玉兰广场,睫睫向上·美甲美睫连锁沙龙,睫睫向上·美甲美睫连锁沙龙,美甲,4.5,301,L1,rated,True,,rated,parsed,rating_anchor,0.9527,0.9932,53,1080,18.259,⭐4.5美甲￥301/人 | L1,睫睫向上·美甲美睫连锁沙龙 | 捷上 | ⭐4.5美甲￥301/人 | L1 | 北外滩/外白渡桥美甲美睫销量榜第3名 | 专注美甲美睫 | 手绘技术绝佳，还原度高 | 33 | DOEOYOLMALSSSEYEIMOES,ocr/input_videos\上海__白玉兰广场__20260826.mp4
OBS-000091,白玉兰广场,DAncKαoriCE Imitea,DAncKαoriCEImitea,西餐,4.3,72,L1,rated,True,,rated,parsed,rating_anchor,0.8135,0.6553,32,1200,20.288,L1 | ⭐🌟⭐⭐🌟 | 4.3西餐￥72/人,DAncKαoriCE Imitea | 夏日续纷谷购色拉碗 | 鲜鲜开一口品 | L1 | ⭐🌟⭐⭐🌟 | 4.3西餐￥72/人 | ￥385.6折 | ￥69 | 惠 | 【烘焙盒子】当日现烤..,ocr/input_videos\上海__白玉兰广场__20260826.mp4
OBS-000092,白玉兰广场,睫睫向上·美甲美睫连锁沙龙,睫睫向上·美甲美睫连锁沙龙,美甲,4.5,301,L1,rated,True,,rated,parsed,rating_anchor,0.9715,0.99,51,1200,20.288,4.5美甲￥301/人 | L1,睫睫向上·美甲美睫连锁沙龙 | 捷市向上 | 4.5美甲￥301/人 | L1 | 北外滩/外白渡桥美甲美睫销量榜第3名 | 专注美甲美睫 | 手绘技术绝佳，还原度高 | 3 | OXCOYOLSALAWIYTIAT | ￥306折 | ￥188 | 【卸甲/睫】本甲非款式.. | 惠,ocr/input_videos\上海__白玉兰广场__20260826.mp4
OBS-000093,白玉兰广场,LUCIDINI,LUCIDINI,服饰鞋包,4.0,916,LG1,rated,True,,rated,parsed,rating_anchor,0.9731,0.9993,42,1200,20.288,LG1 | 🌟🌟⭐⭐ | 服饰鞋包￥916/人 | 4.0,LUCIDINI | LG1 | 🌟🌟⭐⭐ | 服饰鞋包￥916/人 | 4.0 | LUCIDIN | 点评榜单 | 虹口区送礼指南榜第6名 | 风格独特，设计感十足,ocr/input_videos\上海__白玉兰广场__20260826.mp4
OBS-000094,白玉兰广场,BERGAMO意大利餐厅,BERGAMO意大利餐厅,意大利菜,,179,LG2,new_store,False,new_store,ocr_missing,parsed,metadata_anchor,0.9847,0.9934,51,1200,20.288,LG2 | 新店 | 意大利菜￥179/人,BERGAMO意大利餐厅 | LG2 | 新店 | 意大利菜￥179/人 | 点评榜单 | 虹口区西餐新店榜第2名 | ￥493.7折 | ￥134 | 【工作日特惠】主食+. | 惠 | ￥88 | 8.8折 | 惠 | ￥100100元代金券,ocr/input_videos\上海__白玉兰广场__20260826.mp4
OBS-000095,白玉兰广场,Fig ＆Olive无花果与橄榄,Fig&Olive无花果与橄榄,比萨,4.8,157,L3,rated,True,,rated,parsed,rating_anchor,0.9471,0.9491,58,1200,20.288,4.8比萨￥157/人 | L3,Fig ＆Olive无花果与橄榄 | 每一 | tA | 4.8比萨￥157/人 | L3 | 点评榜单 | 上海比萨好评榜第1名 | “服务员热情，推荐窗边位子” | 每国一·本骑日！ | ￥3297折 | 惠 | ￥474FO招牌分享双人餐【,ocr/input_videos\上海__白玉兰广场__20260826.mp4
OBS-000096,白玉兰广场,DAncKαorIcE IImItea,DAncKαorIcEIImItea,西餐,4.3,72,L1,rated,True,,rated,parsed,rating_anchor,0.8172,0.6921,32,1224,20.694,L1 | 🌟🌟⭐⭐🌟 | 西餐￥72/人 | 4.3,DAncKαorIcE IImItea | 夏日续纷谷购色拉碗 | 开口 | L1 | 🌟🌟⭐⭐🌟 | 西餐￥72/人 | 4.3 | ￥385.6折 | ￥69 | 【烘焙盒子】当日现烤... | 惠,ocr/input_videos\上海__白玉兰广场__20260826.mp4
OBS-000097,白玉兰广场,睫睫向上·美甲美睫连锁沙龙,睫睫向上·美甲美睫连锁沙龙,美甲,4.5,301,L1,rated,True,,rated,parsed,rating_anchor,0.9741,0.9936,56,1224,20.694,4.5美甲￥301/人 | L1,睫睫向上·美甲美睫连锁沙龙 | 捷康向上 | 4.5美甲￥301/人 | L1 | 北外滩/外白渡桥美甲美睫销量榜第3名 | 专注美甲美睫 | 手绘技术绝佳，还原度高 | 3 | SOCXOOYIOLSALASEYTLACI | ￥306折 | ￥188 | 惠 | 【卸甲/睫】本甲非款式...,ocr/input_videos\上海__白玉兰广场__20260826.mp4
OBS-000098,白玉兰广场,LUCIDINI,LUCIDINI,服饰鞋包,4.0,916,LG1,rated,True,,rated,parsed,rating_anchor,0.9768,0.9993,42,1224,20.694,LG1 | 🌟🌟⭐⭐ | 4.0 | 服饰鞋包￥916/人,LUCIDINI | LG1 | 🌟🌟⭐⭐ | 4.0 | 服饰鞋包￥916/人 | LUCIDIN | 点评榜单 | 虹口区送礼指南榜第6名 | 风格独特，设计感十足 | 1,ocr/input_videos\上海__白玉兰广场__20260826.mp4
OBS-000099,白玉兰广场,BERGAMO意大利餐厅,BERGAMO意大利餐厅,意大利菜,,179,LG2,new_store,False,new_store,ocr_missing,parsed,metadata_anchor,0.9831,0.9911,51,1224,20.694,LG2 | 新店 | 意大利菜￥179/人,BERGAMO意大利餐厅 | BERGANO | ECHE | LG2 | 新店 | 意大利菜￥179/人 | 点评榜单 | 虹口区西餐新店榜第2名 | ￥493.7折 | ￥134 | 惠 | 【工作日特惠】主食+. | ￥88 | 8.8折 | 惠 | ￥100100元代金券,ocr/input_videos\上海__白玉兰广场__20260826.mp4
OBS-000100,白玉兰广场,Fig ＆Olive无花果与橄榄,Fig&Olive无花果与橄榄,比萨,4.8,157,L3,rated,True,,rated,parsed,rating_anchor,0.9439,0.9441,59,1224,20.694,⭐🌟🌟⭐4.8 | L3 | 比萨￥157/人,Fig ＆Olive无花果与橄榄 | BR | 每罚一 | EA | ⭐🌟🌟⭐4.8 | L3 | 比萨￥157/人 | 点评榜单 | 上海比萨好评榜第1名 | “服务员热情，推荐窗边位子” | 每国一·本骑日！ | e | ￥3297折 | 惠 | ￥474FO招牌分享双人餐【,ocr/input_videos\上海__白玉兰广场__20260826.mp4
OBS-000101,白玉兰广场,BERGAMO意大利餐厅,BERGAMO意大利餐厅,意利菜,,179,LG2,new_store,False,new_store,ocr_missing,parsed,metadata_anchor,0.9683,0.991,51,1320,22.317,LG2 | 新店 | 意利菜￥179/人,BERGAMO意大利餐厅 | BERGANO | CCHE | LG2 | 新店 | 意利菜￥179/人 | 点评榜单 | 虹口区西餐新店榜第2名 | ￥134 | 3.7折 | 【工作日特惠】主食+.. | ￥49 | 惠 | ￥88 | 惠 | 8.8折 | ￥100100元代金券,ocr/input_videos\上海__白玉兰广场__20260826.mp4
OBS-000102,白玉兰广场,Fig＆Olive无花果与橄榄,Fig&Olive无花果与橄榄,比萨,4.8,157,L3,rated,True,,rated,parsed,rating_anchor,0.9257,0.9683,56,1320,22.317,L3 | ⭐4.8比萨 | ￥157/人,Fig＆Olive无花果与橄榄 | 3 | 有一 | L3 | nlos | ⭐4.8比萨 | ￥157/人 | 点评榜单 | 上海比萨好评榜第1名 | 服务员热情，推荐窗边位子 | 99 | 每国·本骑日！ | ￥329 | 7折 | 惠 | ￥474FO招牌分享双人餐【...,ocr/input_videos\上海__白玉兰广场__20260826.mp4
OBS-000103,白玉兰广场,识光造镜·蔡司官方授权店,识光造镜·蔡司官方授权店,眼镜店,,518,LG1,unknown,True,,ocr_missing,parsed,metadata_anchor,0.965,0.99,51,1320,22.317,LG1 | 眼镜店￥518/人 | 🌟🌟🌟🎉🌟 | 14.9,识光造镜·蔡司官方授权店 | 识光造镜 | LG1 | 眼镜店￥518/人 | 🌟🌟🌟🎉🌟 | 14.9 | 蔡司战略合作店 | 点评榜单 | 北外滩/外白渡桥眼镜店好评榜第1名 | ZEIXS | 地铁口旁，验光高级度数准 | ￥50.5 | 8.6折 | ￥160 | 惠 | 「验光服务」高级...,ocr/input_videos\上海__白玉兰广场__20260826.mp4
OBS-000104,白玉兰广场,物兮物,物兮物,古玩字画,4.1,,LG1,rated,True,,rated,parsed,rating_anchor,0.9652,0.9984,58,1320,22.317,LG1 | ★★🌟★ | ★4.1古玩字画,物兮物 | m | MIU SPACE | LG1 | ★★🌟★ | ★4.1古玩字画 | 金心融” | 文创八折送冰箱贴，艺术展氛围超赞！ | C | 物全物,ocr/input_videos\上海__白玉兰广场__20260826.mp4
OBS-000105,白玉兰广场,AZUL italiano意大利餐厅,AZULitaliano意大利餐厅,意大利菜,4.7,128,L3,rated,True,,rated,parsed,rating_anchor,0.976,0.98,51,1320,22.317,🌟🌟🌟🌟🌟 | L3 | 意大利菜￥128/人 | 4.7,AZUL italiano意大利餐厅 | AZUL | 🌟🌟🌟🌟🌟 | L3 | 意大利菜￥128/人 | 4.7 | italiano | 点评榜单 | 虹口区意大利菜好评榜第1名 | 白玉兰广场店 | 口感丰富大虾鲜美，环境安静漂亮 | ≤,ocr/input_videos\上海__白玉兰广场__20260826.mp4
OBS-000106,白玉兰广场,BERGAMO意大利餐厅,BERGAMO意大利餐厅,意大利菜,,179,LG2,new_store,False,new_store,ocr_missing,parsed,metadata_anchor,0.972,0.9918,48,1332,22.52,LG2 | 新店 | 意大利菜￥179/人,BERGAMO意大利餐厅 | BERGANO | CCHEW | LG2 | 新店 | 意大利菜￥179/人 | 点评榜单 | 虹口区西餐新店榜第2名 | ￥49 | 3.7折 | ￥134 | 【工作日特惠】主食+. | 惠 | ￥88 | 惠 | 8.8折 | ￥100100元代金券,ocr/input_videos\上海__白玉兰广场__20260826.mp4
OBS-000107,白玉兰广场,Fig ＆Olive无花果与橄榄,Fig&Olive无花果与橄榄,比萨,4.8,157,L3,rated,True,,rated,parsed,rating_anchor,0.9472,0.9471,59,1332,22.52,L3 | 🌟🌟🎉🌟🌟4.8 | 比萨￥157/人,Fig ＆Olive无花果与橄榄 | 有园一 | E4 | L3 | 🌟🌟🎉🌟🌟4.8 | 比萨￥157/人 | 点评榜单 | 上海比萨好评榜第1名 | 服务员热情，推荐窗边位子 | 每国·章效波萨日！ | 93 | C | My | ￥329 | 7折 | 惠 | ￥474FO招牌分享双人餐 | 【..,ocr/input_videos\上海__白玉兰广场__20260826.mp4
OBS-000108,白玉兰广场,识光造镜·蔡司官方授权店,识光造镜·蔡司官方授权店,眼镜店,4.9,518,LG1,rated,True,,rated,parsed,rating_anchor,0.9704,0.9901,51,1332,22.52,LG1 | 眼镜店￥518/人 | 🌟🌟🌟⭐🌟 | 4.9,识光造镜·蔡司官方授权店 | 识光造镜 | LG1 | 眼镜店￥518/人 | 🌟🌟🌟⭐🌟 | 4.9 | 蔡司战略合作店 | 点评榜单 | 北外滩/外白渡桥眼镜店好评榜第1名 | ZEISS | 地铁口旁，验光高级度数准 | ￥50.5 | ￥160 | 8.6折 | 惠 | 「验光服务」高级...,ocr/input_videos\上海__白玉兰广场__20260826.mp4
OBS-000109,白玉兰广场,物兮物,物兮物,古玩字画,4.1,,LG1,rated,True,,rated,parsed,rating_anchor,0.9963,0.9979,58,1332,22.52,LG1 | ⭐🌟🌟🌟 | 4.1古玩字画,物兮物 | Mu | MU SPACE | LG1 | ⭐🌟🌟🌟 | 4.1古玩字画 | 金中融 | 文创八折送冰箱贴，艺术展氛围超赞！ | % | C | 物分狗,ocr/input_videos\上海__白玉兰广场__20260826.mp4
OBS-000110,白玉兰广场,AZUL italiano意大利餐厅,AZULitaliano意大利餐厅,意大利菜,4.7,128,L3,rated,True,,rated,parsed,rating_anchor,0.971,0.977,48,1332,22.52,🌟🌟🌟🌟🌟 | L3 | 意大利菜￥128/人 | 4.7,AZUL italiano意大利餐厅 | AZUL | 🌟🌟🌟🌟🌟 | L3 | 意大利菜￥128/人 | 4.7 | italiano | 点评榜单 | 虹口区意大利菜好评榜第1名 | 白玉兰广场店 | 口感丰富大虾鲜美，环境安静漂亮,ocr/input_videos\上海__白玉兰广场__20260826.mp4
OBS-000111,白玉兰广场,识光造镜·蔡司官方授权店,识光造镜·蔡司官方授权店,眼镜店,4.9,518,LG1,rated,True,,rated,parsed,rating_anchor,0.9546,0.9611,54,1500,25.36,LG1 | 眼镜店￥518/人 | ★★★★★ | 4.9,识光造镜·蔡司官方授权店 | 识光造镜 | LG1 | 眼镜店￥518/人 | ★★★★★ | 4.9 | 蔡司战略合作店 | 点评榜单 | 北外滩/外白渡桥眼镜店好评榜第1名 | ZEISS | 地铁口旁，验光高级度数准 | 57 | ￥160 | ￥50.5 | 8.6折 | 「验光服务」高级... | 惠,ocr/input_videos\上海__白玉兰广场__20260826.mp4
OBS-000112,白玉兰广场,物兮物,物兮物,古玩字画,4.1,,LG1,rated,True,,rated,parsed,rating_anchor,0.9055,0.9875,59,1500,25.36,LG1 | ⭐★⭐⭐4.1古玩字画,物兮物 | m | MU SPACE | LG1 | ⭐★⭐⭐4.1古玩字画 | 重中静” | 文创八折送冰箱贴，艺术展氛围超赞！ | 3 | 物全物步,ocr/input_videos\上海__白玉兰广场__20260826.mp4
OBS-000113,白玉兰广场,AZULitaliano意大利餐厅,AZULitaliano意大利餐厅,意大利菜,4.7,128,L3,rated,True,,rated,parsed,rating_anchor,0.9802,0.9901,51,1500,25.36,L3 | 🌟🌟🌟🌟🌟 | 意大利菜￥128/人 | 4.7,AZULitaliano意大利餐厅 | AZUL | L3 | 🌟🌟🌟🌟🌟 | 意大利菜￥128/人 | 4.7 | italiano | 点评榜单 | 虹口区意利菜好评榜第1名 | 白玉兰广场店 | 口感丰富大虾鲜美，环境安静漂亮 | “ | ￥570七夕季甜蜜双人餐 | ￥188 | 3.3折 | 惠 | ￥88 | 惠 | 8.8折 | ￥100100元代金券,ocr/input_videos\上海__白玉兰广场__20260826.mp4
OBS-000114,白玉兰广场,Tapa Tapa,TapaTapa,西班牙菜,4.8,185,L2,rated,True,,rated,parsed,rating_anchor,0.9738,0.9882,60,1500,25.36,L2 | 🌟★★★ | 西班牙菜￥185/人 | 4.8,Tapa Tapa | L2 | 🌟★★★ | 西班牙菜￥185/人 | 4.8 | 点评榜单 | 虹口区西餐热门榜第1名 | 海鲜饭跟好吃，青口炒得正合适 | ( | 7.5折 | ￥479招牌西班牙海鲜饭... | ￥355 | 惠,ocr/input_videos\上海__白玉兰广场__20260826.mp4
OBS-000115,白玉兰广场,镭战大联盟真人CS·生日派对·亲...,镭战大联盟真人CS·生日派对·亲,团建拓展,4.7,153,LG1,rated,True,,rated,parsed,rating_anchor,0.9444,0.9347,56,1500,25.36,LG1 | 🌟🌟🌟⭐🌟 | 4.7 | 团建拓展￥153/人,镭战大联盟真人CS·生日派对·亲... | 礼SA锅战大联盟 | LG1 | 🌟🌟🌟⭐🌟 | 4.7 | 团建拓展￥153/人 | 2025年度 | 影响力品牌 | 虹口区团建拓屏销量榜策1名,ocr/input_videos\上海__白玉兰广场__20260826.mp4
OBS-000116,白玉兰广场,识光造镜·蔡司官方授权店,识光造镜·蔡司官方授权店,眼镜店,,518,LG1,unknown,True,,ocr_missing,parsed,metadata_anchor,0.9693,0.9886,51,1524,25.766,LG1 | 眼镜店￥518/人 | 🌟🌟🌟⭐🌟 | 14.9,识光造镜·蔡司官方授权店 | 识光造镜 | LG1 | 眼镜店￥518/人 | 🌟🌟🌟⭐🌟 | 14.9 | 蔡司战路合作店 | 点评榜单 | 北外滩/外白渡桥眼镜店好评榜第1名 | ZEISS | 地铁口旁，验光高级度数准 | 1 | ￥50.5 | ￥160 | 惠 | 「验光服务」高级... | 8.6折,ocr/input_videos\上海__白玉兰广场__20260826.mp4
OBS-000117,白玉兰广场,物兮物,物兮物,古玩字画,4.1,,LG1,rated,True,,rated,parsed,rating_anchor,0.9905,0.9952,62,1524,25.766,LG1 | 🌟🌟⭐⭐ | 4.1古玩字画 | ★,物兮物 | m | MU SPNCE | LG1 | 🌟🌟⭐⭐ | 4.1古玩字画 | ★ | 会融 | 心 | 文创八折送冰箱贴，艺术展氛围超赞！ | 物分物修,ocr/input_videos\上海__白玉兰广场__20260826.mp4
OBS-000118,白玉兰广场,AZULitaliano意大利餐厅,AZULitaliano意大利餐厅,意大利菜,4.7,128,L3,rated,True,,rated,parsed,rating_anchor,0.9534,0.992,47,1524,25.766,⭐4.7意大利菜￥128/人 | L3,AZULitaliano意大利餐厅 | AZUL | ⭐4.7意大利菜￥128/人 | L3 | italiano | 点评榜单 | 虹口区意大利菜好评榜第1名 | 白玉兰广场店 | 口感丰富大虾鲜美，环境安静漂亮 | “ | ￥188 | 3.3折 | 惠 | ￥570七夕季甜蜜双人餐 | ￥88 | 惠 | 8.8折 | ￥100100元代金券,ocr/input_videos\上海__白玉兰广场__20260826.mp4
OBS-000119,白玉兰广场,Tapa Tapa,TapaTapa,西班牙菜,,185,L2,unknown,True,,ocr_missing,parsed,metadata_anchor,0.9604,0.9488,59,1524,25.766,L2 | 🌟🌟🌟🌟🌟 | 西班牙菜￥185/人 | 14.8,Tapa Tapa | L2 | 🌟🌟🌟🌟🌟 | 西班牙菜￥185/人 | 14.8 | 点评榜单 | 虹口区西餐热门榜第1名 | 海鲜饭跟好吃，青口炒得正合适 | ￥355 | 7.5折 | 惠 | ￥479 | 招牌西班牙海鲜饭...,ocr/input_videos\上海__白玉兰广场__20260826.mp4
OBS-000120,白玉兰广场,镭战大联盟真人CS·生日派对·亲...,镭战大联盟真人CS·生日派对·亲,团建拓展,4.7,153,LG1,rated,True,,rated,parsed,rating_anchor,0.9413,0.9411,57,1524,25.766,⭐4.7团建拓展￥153/人 | LG1,618特惠 | 镭战大联盟真人CS·生日派对·亲... | LS小鑫战大联盟 | ⭐4.7团建拓展￥153/人 | LG1 | 2025年度 | 影啊力品牌 | 虹口区团建拓展销量榜第1名 | 室内真人CS | 亲子活动放电好去处，锻炼反应和协作... | C,ocr/input_videos\上海__白玉兰广场__20260826.mp4
OBS-000121,白玉兰广场,识元逗現·祭可目力投仪店,识元逗现·祭可目力投仪店,眼镜店,4.9,518,LG1,rated,True,,rated,parsed,rating_anchor,0.8638,0.7756,34,1596,26.983,LG1 | ⭐🌟⭐⭐⭐4.9 | 眼镜店￥518/人,识元逗現·祭可目力投仪店 | 识光造镜 | LG1 | ⭐🌟⭐⭐⭐4.9 | 眼镜店￥518/人 | 蔡司战略合作店 | 点评镑单 | 北外滩/外白渡桥眼镜店好评榜第1名 | ZRISS | “地铁口旁，验光高级度数准 | ￥160 | ￥50.5 | 8.6折 | 「验光服务」高级.. | 惠,ocr/input_videos\上海__白玉兰广场__20260826.mp4
OBS-000122,白玉兰广场,物兮物,物兮物,古玩字画,4.1,,LG1,rated,True,,rated,parsed,rating_anchor,0.9098,0.9931,62,1596,26.983,⭐⭐⭐⭐⭐4.1古玩字画 | LG1,物兮物 | M | MU SPACE | ⭐⭐⭐⭐⭐4.1古玩字画 | LG1 | 每专热“ | 文创八折送冰箱贴，艺术展氛围超赞！ | 物分物,ocr/input_videos\上海__白玉兰广场__20260826.mp4
OBS-000123,白玉兰广场,AZUL italiano意大利餐厅,AZULitaliano意大利餐厅,意大利菜,4.7,128,L3,rated,True,,rated,parsed,rating_anchor,0.9287,0.9758,48,1596,26.983,★⭐4.7意大利菜￥128/人 | L3,AZUL italiano意大利餐厅 | AZUL | ★⭐4.7意大利菜￥128/人 | L3 | italiano | 点评榜单 | 虹口区意大利菜好评榜第1名 | 白玉兰广场店 | 口感丰富大虾鲜美，环境安静漂亮 | ≤ | ￥570七夕季甜蜜双人餐 | ￥188 | 惠 | 3.3折 | 惠 | ￥88 | 8.8折 | ￥100100元代金券,ocr/input_videos\上海__白玉兰广场__20260826.mp4
OBS-000124,白玉兰广场,Tapa Tapa,TapaTapa,西班牙菜,4.8,185,L2,rated,True,,rated,parsed,rating_anchor,0.9681,0.9666,61,1596,26.983,L2 | ★★★★窗 | 4.8 | 西班牙菜￥185/人,Tapa Tapa | L2 | ★★★★窗 | 4.8 | 西班牙菜￥185/人 | 点评榜单 | 虹口区西餐热门榜第1名 | 海鲜饭跟好吃，青口炒得正合适 | ￥479招牌西班牙海鲜饭... | ￥355 | 7.5折 | 惠,ocr/input_videos\上海__白玉兰广场__20260826.mp4
OBS-000125,白玉兰广场,镭战大联盟真人CS·生日派对·亲...,镭战大联盟真人CS·生日派对·亲,团建拓展,4.7,153,LG1,rated,True,,rated,parsed,rating_anchor,0.9458,0.9379,50,1596,26.983,LG1 | 4.7团建拓展￥153/人,61849号 | 镭战大联盟真人CS·生日派对·亲... | CLSA镭战大联盟 | LG1 | 4.7团建拓展￥153/人 | 2025年度 | 影响力品牌 | 虹口区团建拓展销量榜第1名 | 室内真人CS | 亲子活动放电好去处，锻炼反应和协作.. | “ | 惠 | 【室内真人CS】2 | ￥1588.5折 | ￥280,ocr/input_videos\上海__白玉兰广场__20260826.mp4
OBS-000126,白玉兰广场,AZUL italiano意大利餐厅,AZULitaliano意大利餐厅,意大利菜,4.7,128,L3,rated,True,,rated,parsed,rating_anchor,0.958,0.9832,51,1644,27.795,L3 | ⭐4.7意大利菜￥128/人,AZUL italiano意大利餐厅 | AZUL | L3 | ⭐4.7意大利菜￥128/人 | italiano | 点评榜单 | 虹口区意大利菜好评榜第1名 | 白玉兰广场店 | 口感丰富大虾鲜美，环境安静漂亮 | “ | 分 | ￥1883.3折 | 惠 | ￥570七夕季甜蜜双人餐 | ￥88 | 8.8折 | ￥100100元代金券 | 惠,ocr/input_videos\上海__白玉兰广场__20260826.mp4
OBS-000127,白玉兰广场,Tapa Tapa,TapaTapa,西班牙菜,4.8,185,L2,rated,True,,rated,parsed,rating_anchor,0.9695,0.9718,60,1644,27.795,⭐4.8 | L2 | 西班牙菜￥185/人,Tapa Tapa | ⭐4.8 | L2 | 西班牙菜￥185/人 | 点评榜单 | 虹口区西餐热门榜第1名 | 海鲜饭跟好吃，青口炒得正合适 | ￥3557.5折 | ￥479招牌西班牙海鲜饭... | 惠,ocr/input_videos\上海__白玉兰广场__20260826.mp4
OBS-000128,白玉兰广场,镭战大联盟真人CS·生日派对·亲...,镭战大联盟真人CS·生日派对·亲,团建拓展,4.7,153,LG1,rated,True,,rated,parsed,rating_anchor,0.9541,0.9385,56,1644,27.795,LG1 | 4.7团建拓展￥153/人,镭战大联盟真人CS·生日派对·亲... | 61810 | 礼SA盈战大联盟 | LG1 | 4.7团建拓展￥153/人 | 2025年度 | 影响力品牌 | 虹口区团建拓展销量榜第1名 | 室内真人CS | 亲子活动放电好去处，锻炼反应和协作... | ￥1588.5折 | ￥280 | 惠 | 【室内真人CS】2小.,ocr/input_videos\上海__白玉兰广场__20260826.mp4
OBS-000129,白玉兰广场,Perfect Tan Tanning完美日晒美黑,PerfectTanTanning完美日晒美黑,皮肤管理,3.6,143,L3,rated,True,,rated,parsed,rating_anchor,0.9625,0.9676,60,1644,27.795,L3 | 3.6皮肤管理￥143/人,Perfect Tan Tanning完美日晒美黑 | L3 | 3.6皮肤管理￥143/人 | PERFECTTAN | 完美日晒 | 老板讲解细致，晒后修护快速,ocr/input_videos\上海__白玉兰广场__20260826.mp4
OBS-000130,白玉兰广场,AZUL italiano意大利餐厅,AZULitaliano意大利餐厅,意大利菜,4.7,128,L3,rated,True,,rated,parsed,rating_anchor,0.9587,0.9848,51,1692,28.607,L3 | ⭐4.7意大利菜￥128/人,AZUL italiano意大利餐厅 | AZUL | L3 | ⭐4.7意大利菜￥128/人 | italiano | 点评榜单 | 虹口区意大利菜好评榜第1名 | 白玉兰广场店 | 口感丰富大虾鲜美，环境安静漂亮 | “ | 分 | ￥1883.3折 | 惠 | ￥570七夕季甜蜜双人餐 | ￥88 | 8.8折 | ￥100100元代金券 | 惠,ocr/input_videos\上海__白玉兰广场__20260826.mp4
OBS-000131,白玉兰广场,Tapa Tapa,TapaTapa,西班牙菜,,185,L2,unknown,True,,ocr_missing,parsed,metadata_anchor,0.9689,0.9718,60,1692,28.607,L2 | 🌟🌟🌟🌟🌟 | 西班牙菜￥185/人 | 14.8,Tapa Tapa | L2 | 🌟🌟🌟🌟🌟 | 西班牙菜￥185/人 | 14.8 | 点评榜单 | 虹口区西餐热门榜第1名 | 海鲜饭跟好吃，青口炒得正合适 | 5 | ￥3557.5折 | ￥479招牌西班牙海鲜饭... | 惠,ocr/input_videos\上海__白玉兰广场__20260826.mp4
OBS-000132,白玉兰广场,镭战大联盟真人CS·生日派对·亲...,镭战大联盟真人CS·生日派对·亲,日,4.7,153,LG1,rated,True,,rated,parsed,rating_anchor,0.7965,0.9438,56,1692,28.607,⭐⭐🌟4.7日 | LG1 | 团建拓展￥153/人,镭战大联盟真人CS·生日派对·亲... | 61810 | 礼SA锅战大联盟 | ⭐⭐🌟4.7日 | LG1 | 团建拓展￥153/人 | 2025年度 | 影响力品牌 | 虹口区团建拓展销量榜第1名 | 室内真人CS | 亲子活动放电好去处，锻炼反应和协作... | ￥1588.5折 | ￥280 | 惠 | 【室内真人CS】2小..,ocr/input_videos\上海__白玉兰广场__20260826.mp4
OBS-000133,白玉兰广场,Perfect Tan Tanning完美日晒美黑,PerfectTanTanning完美日晒美黑,皮肤管理,3.6,143,L3,rated,True,,rated,parsed,rating_anchor,0.9659,0.9821,60,1692,28.607,L3 | 3.6皮肤管理￥143/人,Perfect Tan Tanning完美日晒美黑 | L3 | 3.6皮肤管理￥143/人 | PERFECTTAN | 完美日晒 | 老板讲解细致，晒后修护快速 | C | gaga,ocr/input_videos\上海__白玉兰广场__20260826.mp4
OBS-000134,白玉兰广场,镭战大联盟真人CS·生日派对·亲...,镭战大联盟真人CS·生日派对·亲,团建拓展,4.7,,LG1,rated,True,,rated,parsed,rating_anchor,0.9384,0.9212,54,1716,29.012,4.7团建拓展￥153/ | LG1,61819惠 | 镭战大联盟真人CS·生日派对·亲... | LSA铝战大联盟 | 4.7团建拓展￥153/ | LG1 | 2025年度 | 影响力品牌 | 虹口区团建拓展销量榜第1名 | 室内真人CS | 亲子活动放电好去处，锻炼反应和协作.. | ｉG | ￥280 | ￥1588.5折 | 【室内真人CS】2... | 惠,ocr/input_videos\上海__白玉兰广场__20260826.mp4
OBS-000135,白玉兰广场,Perfect TanTanning完美日晒美,PerfectTanTanning完美日晒美,皮肤管理,3.6,143,L3,rated,True,,rated,parsed,rating_anchor,0.9739,0.9857,59,1716,29.012,L3 | 3.6皮肤管理￥143/人,Perfect TanTanning完美日晒美 | L3 | 3.6皮肤管理￥143/人 | PERFECTTAN | 完美日晒 | 老板讲解细致，晒后修护快速”,ocr/input_videos\上海__白玉兰广场__20260826.mp4
OBS-000136,白玉兰广场,gaga,gaga,西餐,4.3,105,L1,rated,True,,rated,parsed,rating_anchor,0.9802,0.9971,63,1716,29.012,L1 | 4.3西餐￥105/人 | 🌟🌟⭐⭐,gaga | O | L1 | 4.3西餐￥105/人 | 🌟🌟⭐⭐ | 点评榜单 | 北外滩/外白渡桥西餐好评榜第7名 | 薯条好吃 | “ | 中 | ￥10.23.1折 | 鲜蔬饮品2选1|仅限... | 惠 | ￥33 | ￥959.5折 | ￥100 | 惠 | 【全时段可】100....,ocr/input_videos\上海__白玉兰广场__20260826.mp4
OBS-000137,白玉兰广场,喜米大师铁板烧,喜米大师铁板烧,日式铁板烧,4.9,285,L1,rated,True,,rated,parsed,rating_anchor,0.9852,0.9996,52,1716,29.012,🌟🌟🌟🌟🌟 | L1 | 日式铁板烧￥285/人 | 4.9,喜米大师铁板烧 | 🌟🌟🌟🌟🌟 | L1 | 日式铁板烧￥285/人 | 4.9 | 点评榜单 | 虹口区日式料理口味榜第1名 | 14:00休息 | ￥3973.7折 | ￥1086午市-鹅肝·谷饲和... | 惠 | ￥959.5折 | ￥100100元代金券 | 惠,ocr/input_videos\上海__白玉兰广场__20260826.mp4
OBS-000138,白玉兰广场,镭战大联盟真人CS·生日派对·亲...,镭战大联盟真人CS·生日派对·亲,团建拓展,4.7,153,LG1,rated,True,,rated,parsed,rating_anchor,0.9576,0.9414,56,1764,29.824,LG1 | ⭐🌟⭐🌟🌟 | 4.7 | 团建拓展￥153/人,镭战大联盟真人CS·生日派对·亲... | LSA锦战大联盟 | LG1 | ⭐🌟⭐🌟🌟 | 4.7 | 团建拓展￥153/人 | 2025年度 | 影响力品牌 | 虹口区团建拓展销量榜第1名 | 室内真人CS | 亲子活动放电好去处，锻炼反应和协作... | ￥1588.5折 | ￥280 | 【室内真人CS】2小... | 惠,ocr/input_videos\上海__白玉兰广场__20260826.mp4
OBS-000139,白玉兰广场,Perfect Tan Tanning完美日晒美黑,PerfectTanTanning完美日晒美黑,皮肤管理,3.6,143,L3,rated,True,,rated,parsed,rating_anchor,0.9677,0.9696,59,1764,29.824,L3 | 3.6皮肤管理￥143/人,Perfect Tan Tanning完美日晒美黑 | L3 | 3.6皮肤管理￥143/人 | PERFECTTAN | 完美日晒 | 老板讲解细致，晒后修护快速”,ocr/input_videos\上海__白玉兰广场__20260826.mp4
OBS-000140,白玉兰广场,gaga,gaga,西餐,4.3,105,L1,rated,True,,rated,parsed,rating_anchor,0.9787,0.9957,62,1764,29.824,L1 | 4.3 | 西餐￥105/人 | ★★★★,gaga | waM1e | L1 | 4.3 | 西餐￥105/人 | ★★★★ | 点评榜单 | 北外滩/外白渡桥西餐好评榜第7名 | 薯条好吃 | “ | = | ￥10.2 | 3.1折 | ￥33 | 惠 | 鲜蔬饮品2选1|仅限... | ￥100 | ￥959.5折 | 惠 | 【全时段可用】100...,ocr/input_videos\上海__白玉兰广场__20260826.mp4
OBS-000141,白玉兰广场,喜米大师铁板烧,喜米大师铁板烧,日式铁板烧,,285,L1,unknown,True,,ocr_missing,parsed,metadata_anchor,0.9842,0.9997,57,1764,29.824,14.9 | 日式铁板烧￥285/人 | L1 | 🌟🌟🎉🌟🌟,喜米大师铁板烧 | 14.9 | 日式铁板烧￥285/人 | L1 | 🌟🌟🎉🌟🌟 | 点评榜单 | 虹口区日式料理口味榜第1名 | 14:00休息 | ￥3973.7折 | ￥1086午市-鹅肝·谷饲和... | 惠 | ￥959.5折 | 惠 | ￥100100元代金券,ocr/input_videos\上海__白玉兰广场__20260826.mp4
OBS-000142,白玉兰广场,The Stage白玉兰观景台,TheStage白玉兰观景台,更多景点/周边游,4.9,,LG1,rated,True,,rated,parsed,rating_anchor,0.9857,0.9749,56,1764,29.824,4.9 | LG1 | 更多景点/周边游,The Stage白玉兰观景台 | 4.9 | LG1 | 更多景点/周边游,ocr/input_videos\上海__白玉兰广场__20260826.mp4
OBS-000143,白玉兰广场,喜米大师铁板烧,喜米大师铁板烧,日式铁板烧,,285,L1,unknown,True,,ocr_missing,parsed,metadata_anchor,0.9786,0.9994,50,1824,30.838,🌟🌟⭐🌟🌟 | L1 | 日式铁板烧￥285/人 | 14.9,喜米大师铁板烧 | 🌟🌟⭐🌟🌟 | L1 | 日式铁板烧￥285/人 | 14.9 | texa | 点评榜单 | 虹口区日式料理口味榜第1名 | 14:00休息 | ￥1086午市-鹅肝·谷饲和.. | ￥3973.7折 | 惠 | ￥959.5折 | ￥100100元代金券 | 惠,ocr/input_videos\上海__白玉兰广场__20260826.mp4
OBS-000144,白玉兰广场,TheStage白玉兰观景台,TheStage白玉兰观景台,更多景点/周边游,4.9,,LG1,rated,True,,rated,parsed,rating_anchor,0.9795,0.98,56,1824,30.838,LG1 | 4.9更多景点/周边游,TheStage白玉兰观景台 | LG1 | 4.9更多景点/周边游 | 广告,ocr/input_videos\上海__白玉兰广场__20260826.mp4
OBS-000145,白玉兰广场,PLAYERSLOUNGE玩家俱乐部,PLAYERSLOUNGE玩家俱乐部,特调酒吧,4.5,84,L5,rated,True,,rated,parsed,rating_anchor,0.9769,0.9879,51,1824,30.838,4.5特调酒吧￥84/人 | L5,PLAYERSLOUNGE玩家俱乐部 | 4.5特调酒吧￥84/人 | L5 | 北外滩/外白渡桥清吧销量榜第7名 | 休息中 | 氛围超好，巴斯克蛋糕和奶油意面特别...,ocr/input_videos\上海__白玉兰广场__20260826.mp4
OBS-000146,白玉兰广场,佬鲜纪·鲜切鸡火锅,佬鲜纪·鲜切鸡火锅,打边炉/港.,4.2,65,LG2,rated,True,,rated,parsed,rating_anchor,0.9699,0.9947,51,1824,30.838,4.2打边炉/港. | ￥65/人LG2,佬鲜纪·鲜切鸡火锅 | 五指毛桃 | 鲜鸡煲 | 4.2打边炉/港. | ￥65/人LG2 | 点评榜单 | 北外滩/外白渡桥火锅回头客榜第4名 | 味道好价格实惠，服务热情周到 | （ | ￥1496.4折 | ￥236 | 惠 | 【佬鲜纪X百事】菌…. | ￥989.8折 | 惠 | ￥100100元代金券,ocr/input_videos\上海__白玉兰广场__20260826.mp4
OBS-000147,白玉兰广场,gugu,gugu,西餐,4.3,105,L1,rated,True,,rated,parsed,rating_anchor,0.8387,0.7227,44,1836,31.041,🌟🌟🌟⭐ | L1 | 4.3 | 西餐￥105/人,gugu | 🌟🌟🌟⭐ | L1 | 4.3 | 西餐￥105/人 | 点评榜单 | 北外滩/外白渡桥西餐好评榜第7名 | 薯条好吃” | “ | ￥10.23.1折 | ￥33 | 惠 | 鲜蔬饮品2选1|仅限... | ￥959.5折 | ￥100 | 惠 | 【全时段可用】100..,ocr/input_videos\上海__白玉兰广场__20260826.mp4
OBS-000148,白玉兰广场,喜米大师铁板烧,喜米大师铁板烧,日式铁板烧,4.9,285,L1,rated,True,,rated,parsed,rating_anchor,0.9824,0.9992,54,1836,31.041,🌟🌟🌟⭐🌟 | L1 | 日式铁板烧￥285/人 | 4.9,喜米大师铁板烧 | 🌟🌟🌟⭐🌟 | L1 | 日式铁板烧￥285/人 | 4.9 | 点评榜单 | 虹口区日式料理口味榜第1名 | 14:00休息 | ￥3973.7折 | ￥1086午市-鹅肝·谷饲和.. | 惠 | ￥959.5折 | 惠 | ￥100100元代金券,ocr/input_videos\上海__白玉兰广场__20260826.mp4
OBS-000149,白玉兰广场,The Stage白玉兰观景台,TheStage白玉兰观景台,更多景点/周边游,4.9,,LG1,rated,True,,rated,parsed,rating_anchor,0.981,0.9687,57,1836,31.041,⭐🌟★★🌟4.9 | LG1 | 更多景点/周边游,The Stage白玉兰观景台 | ⭐🌟★★🌟4.9 | LG1 | 更多景点/周边游,ocr/input_videos\上海__白玉兰广场__20260826.mp4
OBS-000150,白玉兰广场,PLAYERS LOUNGE 玩家俱乐部,PLAYERSLOUNGE玩家俱乐部,特调酒吧,4.5,84,L5,rated,True,,rated,parsed,rating_anchor,0.9529,0.9523,51,1836,31.041,L5 | 🌟🌟⭐🌟🌟 | 特调酒吧￥84/人 | 4.5,PLAYERS LOUNGE 玩家俱乐部 | Plagee | L5 | 🌟🌟⭐🌟🌟 | 特调酒吧￥84/人 | 4.5 | 北外滩/外白渡桥清吧销量榜第7名 | 休息中 | 氛围超好，巴斯克蛋糕和奶油意面特别..,ocr/input_videos\上海__白玉兰广场__20260826.mp4
OBS-000151,白玉兰广场,佬鲜纪·鲜切鸡火锅,佬鲜纪·鲜切鸡火锅,打边炉/港...,4.2,65,LG2,rated,True,,rated,parsed,rating_anchor,0.9523,0.9957,54,1836,31.041,🌟🌟🌟🌟 | ￥65/人LG2 | 4.2打边炉/港... | ★,佬鲜纪·鲜切鸡火锅 | 五指毛桃 | 鲜鸡煲 | 🌟🌟🌟🌟 | ￥65/人LG2 | 4.2打边炉/港... | ★ | 点评镑单 | 北外滩/外白渡桥火锅回头客榜第4名 | 味道好价格实惠，服务热情周到 | 4 | 55 | ￥236 | 惠 | ￥149 | 6.4折 | 【佬鲜纪×百事】菌.. | V100.100元伏全券 | 出 | p折,ocr/input_videos\上海__白玉兰广场__20260826.mp4
OBS-000152,白玉兰广场,gaga,gaga,西餐,4.3,105,L1,rated,True,,rated,parsed,rating_anchor,0.9781,0.9967,61,1872,31.65,🌟🌟🌟🌟 | L1 | 西餐￥105/人 | 4.3 | ★,gaga | 🌟🌟🌟🌟 | L1 | 西餐￥105/人 | 4.3 | ★ | 点评榜单 | 北外滩/外白渡桥西餐好评榜第7名 | 薯条好吃 | “ | ￥10.23.1折 | ￥33 | 惠 | 鲜蔬饮品2选1|仅限... | ￥959.5折 | ￥100 | 惠 | 【全时段可用】100...,ocr/input_videos\上海__白玉兰广场__20260826.mp4
OBS-000153,白玉兰广场,喜米大师铁板烧,喜米大师铁板烧,日式铁板烧,,285,L1,unknown,True,,ocr_missing,parsed,metadata_anchor,0.985,0.9996,54,1872,31.65,L1 | 🌟🌟⭐🌟🌟 | 日式铁板烧￥285/人 | 14.9,喜米大师铁板烧 | L1 | 🌟🌟⭐🌟🌟 | 日式铁板烧￥285/人 | 14.9 | 点评榜单 | 虹口区日式料理口味榜第1名 | 14:00休息 | ￥3973.7折 | ￥1086 | 惠 | 午市-鹅肝·谷饲和... | ￥959.5折 | 惠 | ￥100100元代金券,ocr/input_videos\上海__白玉兰广场__20260826.mp4
OBS-000154,白玉兰广场,The Stage白玉兰观景台,TheStage白玉兰观景台,更多景点/周边游,4.9,,LG1,rated,True,,rated,parsed,rating_anchor,0.9836,0.9696,60,1872,31.65,LG1 | 🌟🌟🎉🎉🎉4.9 | 更多景点/周边游,The Stage白玉兰观景台 | LG1 | 🌟🌟🎉🎉🎉4.9 | 更多景点/周边游,ocr/input_videos\上海__白玉兰广场__20260826.mp4
OBS-000155,白玉兰广场,PLAYERS LOUNGE 玩家俱乐部,PLAYERSLOUNGE玩家俱乐部,特调酒吧,4.5,84,L5,rated,True,,rated,parsed,rating_anchor,0.941,0.9317,51,1872,31.65,L5 | 🌟🌟🌟🌟🌟 | 4.5 | 特调酒吧￥84/人,PLAYERS LOUNGE 玩家俱乐部 | L5 | 🌟🌟🌟🌟🌟 | 4.5 | 特调酒吧￥84/人 | 北外滩/外白渡桥清吧销量榜第7名 | 休息中 | 氛围超好，巴斯克蛋糕和奶油意面特别...,ocr/input_videos\上海__白玉兰广场__20260826.mp4
OBS-000156,白玉兰广场,佬鲜纪·鲜切鸡火锅,佬鲜纪·鲜切鸡火锅,打边炉/港...,4.2,65,LG2,rated,True,,rated,parsed,rating_anchor,0.9484,0.9923,51,1872,31.65,🌟🌟⭐🎉 | ￥65/人LG2 | 4.2打边炉/港... | ★,佬鲜纪·鲜切鸡火锅 | 五指毛桃 | 鲜鸡煲 | 🌟🌟⭐🎉 | ￥65/人LG2 | 4.2打边炉/港... | ★ | 点评榜单 | 北外滩/外白渡桥火锅回头客榜第4名 | 味道好价格实惠，服务热情周到 | “ | 東 | [【依纪V事】营 | …1 | 22,ocr/input_videos\上海__白玉兰广场__20260826.mp4
OBS-000157,白玉兰广场,喜米大师铁板烧,喜米大师铁板烧,日式铁板烧,4.9,,L1,rated,True,,rated,parsed,rating_anchor,0.9761,0.9994,54,1920,32.461,⭐🌟🎉⭐⭐4.9 | L1 | 日式铁板烧￥285/,喜米大师铁板烧 | ⭐🌟🎉⭐⭐4.9 | L1 | 日式铁板烧￥285/ | 点评榜单 | 虹口区日式料理口味榜第1名 | 14:00休息 | ￥397 | ￥1086午市-鹅肝·谷饲和... | 3.7折 | 惠 | ￥95 | ￥100100元代金券 | 惠 | 9.5折,ocr/input_videos\上海__白玉兰广场__20260826.mp4
OBS-000158,白玉兰广场,The Stage白玉兰观景台,TheStage白玉兰观景台,更多景点/周边游,4.9,,LG1,rated,True,,rated,parsed,rating_anchor,0.9803,0.9704,54,1920,32.461,4.9更多景点/周边游 | LG1,The Stage白玉兰观景台 | 4.9更多景点/周边游 | LG1 | 广告,ocr/input_videos\上海__白玉兰广场__20260826.mp4
OBS-000159,白玉兰广场,PLAYERS LOUNGE 玩家俱乐部,PLAYERSLOUNGE玩家俱乐部,特调酒吧,4.5,84,L5,rated,True,,rated,parsed,rating_anchor,0.9509,0.9527,53,1920,32.461,L5 | ★★★★★ | 特调酒吧￥84/人 | 4.5,PLAYERS LOUNGE 玩家俱乐部 | L5 | ★★★★★ | 特调酒吧￥84/人 | 4.5 | 北外滩/外白渡桥清吧销量榜第7名 | 休息中 | 氛围超好，巴斯克蛋糕和奶油意面特别...,ocr/input_videos\上海__白玉兰广场__20260826.mp4
OBS-000160,白玉兰广场,佬鲜纪·鲜切鸡火锅,佬鲜纪·鲜切鸡火锅,打边炉/港..,4.2,65,LG2,rated,True,,rated,parsed,rating_anchor,0.957,0.9945,54,1920,32.461,⭐🌟⭐⭐ | 4.2打边炉/港.. | ￥65/人LG2,佬鲜纪·鲜切鸡火锅 | 五指毛桃 | 鲜鸡煲 | ⭐🌟⭐⭐ | 4.2打边炉/港.. | ￥65/人LG2 | 点评榜单 | 北外滩/外白渡桥火锅回头客榜第4名 | 味道好价格实惠，服务热情周到 | 1 | ￥236 | ￥149 | 6.4折 | 惠 | 【佬鲜纪×百事】菌... | ￥989.8折 | 惠 | ￥100100元代金券,ocr/input_videos\上海__白玉兰广场__20260826.mp4
OBS-000161,白玉兰广场,The Stage白玉兰观景台,TheStage白玉兰观景台,更多景点/周边游,4.9,,LG1,rated,True,,rated,parsed,rating_anchor,0.9857,0.9753,53,1944,32.867,🌟🌟🎉🌟4.9 | LG1 | 更多景点/周边游,The Stage白玉兰观景台 | 🌟🌟🎉🌟4.9 | LG1 | 更多景点/周边游 | 2,ocr/input_videos\上海__白玉兰广场__20260826.mp4
OBS-000162,白玉兰广场,PLAYERS LOUNGE 玩家俱乐部,PLAYERSLOUNGE玩家俱乐部,特调酒吧,4.5,84,L5,rated,True,,rated,parsed,rating_anchor,0.9507,0.9507,50,1944,32.867,L5 | 🌟🌟🌟🎉🌟 | 特调酒吧￥84/人 | 4.5,PLAYERS LOUNGE 玩家俱乐部 | L5 | 🌟🌟🌟🎉🌟 | 特调酒吧￥84/人 | 4.5 | 北外滩/外白渡桥清吧销量榜第7名 | 休息中 | 氛围超好，巴斯克蛋糕和奶油意面特别...,ocr/input_videos\上海__白玉兰广场__20260826.mp4
OBS-000163,白玉兰广场,佬鲜纪·鲜切鸡火锅,佬鲜纪·鲜切鸡火锅,打边炉/港..,4.2,65,LG2,rated,True,,rated,parsed,rating_anchor,0.9496,0.9944,51,1944,32.867,🌟🌟⭐⭐ | ￥65/人LG2 | 4.2 | 打边炉/港..,佬鲜纪·鲜切鸡火锅 | 五指毛桃 | 鲜鸡煲 | 🌟🌟⭐⭐ | ￥65/人LG2 | 4.2 | 打边炉/港.. | 点评榜单 | 北外滩/外白渡桥火锅回头客榜第4名 | 味道好价格实惠，服务热情周到” | ￥149 | ￥236 | 6.4折 | 惠 | 【佬鲜纪×百事】菌... | ￥989.8折 | 惠 | ￥100100元代金券,ocr/input_videos\上海__白玉兰广场__20260826.mp4
OBS-000164,白玉兰广场,大森の深夜食堂,大森の深夜食堂,日本料理,4.7,91,LG2,rated,True,,rated,parsed,rating_anchor,0.9722,0.9997,57,1944,32.867,LG2 | 4.7日本料理￥91/人,大森の深夜食堂 | LG2 | 4.7日本料理￥91/人 | 点评榜单 | 大 | 北外滩/外白渡桥日式料理热门榜第8名 | 日 | 14:00休息 | 三文鱼刺身好评，鸡翅外焦里嫩 | ￥0.01 | 0.1折 | 惠 | ￥8 | 【打卡】冰淇淋球畅吃,ocr/input_videos\上海__白玉兰广场__20260826.mp4
OBS-000165,白玉兰广场,TheStage白玉兰观景台,TheStage白玉兰观景台,更多景点/周边游,4.9,,LG1,rated,True,,rated,parsed,rating_anchor,0.9768,0.9588,55,1968,33.273,⭐⭐🌟4.9 | LG1 | 更多景点/周边游,TheStage白玉兰观景台 | ⭐⭐🌟4.9 | LG1 | 更多景点/周边游 | 告,ocr/input_videos\上海__白玉兰广场__20260826.mp4
OBS-000166,白玉兰广场,PLAYERSLOUNGE 玩家俱乐部,PLAYERSLOUNGE玩家俱乐部,特调酒吧,4.5,84,L5,rated,True,,rated,parsed,rating_anchor,0.9604,0.968,51,1968,33.273,★★🌟🌟🌟 | L5 | 4.5 | 特调酒吧￥84/人,PLAYERSLOUNGE 玩家俱乐部 | ★★🌟🌟🌟 | L5 | 4.5 | 特调酒吧￥84/人 | 北外滩/外白渡桥清吧销量榜第7名 | 休息中 | 氛围超好，巴斯克蛋糕和奶油意面特别..,ocr/input_videos\上海__白玉兰广场__20260826.mp4
OBS-000167,白玉兰广场,佬鲜纪·鲜切鸡火锅,佬鲜纪·鲜切鸡火锅,打边炉/港...,4.2,65,LG2,rated,True,,rated,parsed,rating_anchor,0.9387,0.9941,48,1968,33.273,⭐🌟⭐⭐ | 4.2打边炉/港... | ￥65/人LG2,佬鲜纪·鲜切鸡火锅 | 五指毛桃 | 鲜鸡煲 | ⭐🌟⭐⭐ | 4.2打边炉/港... | ￥65/人LG2 | 点评榜单 | 北外滩/外白渡桥火锅回头客榜第4名 | 味道好价格实惠，服务热情周到” | ￥236 | 【佬鲜纪×百事】菌.. | ￥149 | 惠 | 6.4折 | 惠 | ￥989.8折 | ￥100100元代金券,ocr/input_videos\上海__白玉兰广场__20260826.mp4
OBS-000168,白玉兰广场,大森の深夜食堂,大森の深夜食堂,日本料理,4.7,91,LG2,rated,True,,rated,parsed,rating_anchor,0.9779,1.0,51,1968,33.273,LG2 | 🌟🌟🌟🌟🌟 | 日本料理￥91/人 | 4.7,大森の深夜食堂 | 畅饮 | LG2 | 🌟🌟🌟🌟🌟 | 日本料理￥91/人 | 4.7 | 大 | 点评镑单 | 北外滩/外白渡桥日式料理热门榜第8名 | 14:00休息 | 三文鱼刺身好评，鸡翅外焦里嫩 | SC | ￥0.01 | 0.1折 | 惠 | 【打卡】冰淇淋球畅吃 | ￥8,ocr/input_videos\上海__白玉兰广场__20260826.mp4
OBS-000169,白玉兰广场,霸王茶姬,霸王茶姬,茶饮果汁,4.2,20,L1,rated,True,,rated,parsed,rating_anchor,0.9821,0.9932,52,1968,33.273,🌟⭐⭐ | L1 | 4.2茶饮果汁￥20/人 | ★,霸王茶姬 | 🌟⭐⭐ | L1 | 4.2茶饮果汁￥20/人 | ★ | CHAGEE | 北外滩/外白渡桥茶饮果汁好评榜第3名 | 点评榜单,ocr/input_videos\上海__白玉兰广场__20260826.mp4
OBS-000170,白玉兰广场,The Stage白玉兰观景台,TheStage白玉兰观景台,更多景点/周边游,4.9,,LG1,rated,True,,rated,parsed,rating_anchor,0.9859,0.9768,56,1992,33.679,⭐🌟⭐⭐4.9 | LG1 | 更多景点/周边游,The Stage白玉兰观景台 | ⭐🌟⭐⭐4.9 | LG1 | 更多景点/周边游,ocr/input_videos\上海__白玉兰广场__20260826.mp4
OBS-000171,白玉兰广场,PLAYERS LOUNGE 玩家俱乐部,PLAYERSLOUNGE玩家俱乐部,特调酒吧,4.5,84,L5,rated,True,,rated,parsed,rating_anchor,0.9566,0.9715,54,1992,33.679,🌟🌟🌟🌟🌟 | L5 | 4.5 | 特调酒吧￥84/人,PLAYERS LOUNGE 玩家俱乐部 | 🌟🌟🌟🌟🌟 | L5 | 4.5 | 特调酒吧￥84/人 | 北外滩/外白渡桥清吧销量榜第7名 | 休息中 | 氛围超好，巴斯克蛋糕和奶油意面特别...,ocr/input_videos\上海__白玉兰广场__20260826.mp4
OBS-000172,白玉兰广场,佬鲜纪·鲜切鸡火锅,佬鲜纪·鲜切鸡火锅,打边炉/港,4.2,65,LG2,rated,True,,rated,parsed,rating_anchor,0.9493,0.9945,51,1992,33.679,⭐4.2 打边炉/港 | ￥65/人LG2,佬鲜纪·鲜切鸡火锅 | 五指毛桃 | 鲜鸡煲 | ⭐4.2 打边炉/港 | ￥65/人LG2 | 点评榜单 | 北外滩/外白渡桥火锅回头客榜第4名 | 味道好价格实惠，服务热情周到” | S | ￥1496.4折 | ￥236 | 【佬鲜纪×百事】菌.. | 惠 | ￥989.8折 | ￥100100元代金券 | 惠,ocr/input_videos\上海__白玉兰广场__20260826.mp4
OBS-000173,白玉兰广场,大森の深夜食堂,大森の深夜食堂,日本料理,4.7,91,LG2,rated,True,,rated,parsed,rating_anchor,0.9764,0.9999,57,1992,33.679,LG2 | 4.7日本料理￥91/人,大森の深夜食堂 | LG2 | 畅饮 | 4.7日本料理￥91/人 | 面大 | 点评榜单 | 北外滩/外白渡桥日式料理热门榜第8名 | 14:00休息 | 三文鱼刺身好评，鸡翅外焦里嫩 | “ | 0.1折 | ￥0.01 | 惠 | 【打卡】冰淇淋球畅吃 | ￥8,ocr/input_videos\上海__白玉兰广场__20260826.mp4
OBS-000174,白玉兰广场,霸王茶姬,霸王茶姬,茶饮果汁,4.2,20,L1,rated,True,,rated,parsed,rating_anchor,0.9823,0.9907,56,1992,33.679,L1 | 🌟🌟🌟🎉 | 4.2茶饮果汁￥20/人 | ★,霸王茶姬 | L1 | 🌟🌟🌟🎉 | 4.2茶饮果汁￥20/人 | ★ | CHAGEE | 点评榜单 | 北外滩/外白渡桥茶饮果汁好评榜第3名 | 惠￥189折 | ￥20 | 【新会员专享】伯牙绝弦,ocr/input_videos\上海__白玉兰广场__20260826.mp4
OBS-000175,白玉兰广场,佬鲜纪·鲜切鸡火锅,佬鲜纪·鲜切鸡火锅,打边炉/港...,4.2,65,LG2,rated,True,,rated,parsed,rating_anchor,0.9472,0.9943,54,2076,35.099,★★★ | 4.2打边炉/港... | ￥65/人LG2,佬鲜纪·鲜切鸡火锅 | 五指毛桃 | 鲜鸡煲 | ★★★ | 4.2打边炉/港... | ￥65/人LG2 | 点评榜单 | 北外滩/外白渡桥火锅回头客榜第4名 | 味道好价格实惠，服务热情周到 | ￥236 | ￥149 | 6.4折 | 惠 | 【佬鲜纪×百事】菌.. | ￥989.8折 | 惠 | ￥100100元代金券,ocr/input_videos\上海__白玉兰广场__20260826.mp4
OBS-000176,白玉兰广场,大森の深夜食堂,大森の深夜食堂,日本料理,4.7,91,LG2,rated,True,,rated,parsed,rating_anchor,0.9634,0.9992,51,2076,35.099,LG2 | 4.7日本料理￥91/人,大森の深夜食堂 | LG2 | 畅 | 4.7日本料理￥91/人 | 的大 | 点评榜单 | 北外滩/外白渡桥日式料理热门榜第8名 | 14:00休息 | 三鱼刺身好评，鸡翅外焦嫩” | < | ￥0.01 | 0.1折 | 惠 | ￥8 | 【打卡】冰淇淋球畅吃,ocr/input_videos\上海__白玉兰广场__20260826.mp4
OBS-000177,白玉兰广场,霸王茶姬,霸王茶姬,茶饮果汁,4.2,20,L1,rated,True,,rated,parsed,rating_anchor,0.9818,0.993,52,2076,35.099,🌟🌟🌟🌟 | 4.2茶饮果汁￥20/人 | L1,霸王茶姬 | 🌟🌟🌟🌟 | 4.2茶饮果汁￥20/人 | L1 | CHAGEE | 点评榜单 | 北外滩/外白渡桥茶饮果汁好评榜第3名 | ￥189折 | ￥20 | 【新会员专享】伯牙绝弦 | 惠,ocr/input_videos\上海__白玉兰广场__20260826.mp4
OBS-000178,白玉兰广场,上海市CGV影城（白玉兰广场IMA...,上海市CGV影城(白玉兰广场IMA,艺术中心/文化广场,4.8,,L3,rated,True,,rated,parsed,rating_anchor,0.9188,0.9212,57,2076,35.099,4.8艺术中心/文化广场 | L3,上海市CGV影城（白玉兰广场IMA... | 4.8艺术中心/文化广场 | L3,ocr/input_videos\上海__白玉兰广场__20260826.mp4
OBS-000179,白玉兰广场,北西·炭火烧鸟景观餐厅,北西·炭火烧鸟景观餐厅,日式烧烤/烤肉,4.4,,L2,rated,True,,rated,parsed,rating_anchor,0.9439,0.9483,54,2076,35.099,🌟🌟🌟🌟 | 日式烧烤/烤肉￥123/L2 | 4.4 | 1,北西·炭火烧鸟景观餐厅 | 🌟🌟🌟🌟 | 日式烧烤/烤肉￥123/L2 | 4.4 | 1,ocr/input_videos\上海__白玉兰广场__20260826.mp4
OBS-000180,白玉兰广场,大森の深夜食堂,大森の深夜食堂,日本料理,4.7,91,LG2,rated,True,,rated,parsed,rating_anchor,0.9778,0.9999,54,2124,35.91,LG2 | 🌟🌟⭐🌟🌟 | 4.7日本料理￥91/人,大森の深夜食堂 | 畅饮致 | LG2 | 🌟🌟⭐🌟🌟 | 4.7日本料理￥91/人 | 回大菜 | 点评榜单 | 北外滩/外白渡桥日式料理热门榜第8名 | 14:00休息 | 三文鱼刺身好评，鸡翅外焦里嫩 | 1 | ￥0.01 | 0.1折 | 惠 | 【打卡】冰淇淋球畅吃 | ￥8,ocr/input_videos\上海__白玉兰广场__20260826.mp4
OBS-000181,白玉兰广场,霸王茶姬,霸王茶姬,茶饮果汁,4.2,20,L1,rated,True,,rated,parsed,rating_anchor,0.9835,0.9912,56,2124,35.91,🌟🌟⭐⭐ | 4.2茶饮果汁￥20/人 | L1,霸王茶姬 | 🌟🌟⭐⭐ | 4.2茶饮果汁￥20/人 | L1 | CHAGEE | 点评榜单 | 北外滩/外白渡桥茶饮果汁好评榜第3名 | ￥189折 | ￥20 | 惠 | 【新会员专享】伯牙绝弦,ocr/input_videos\上海__白玉兰广场__20260826.mp4
OBS-000182,白玉兰广场,上海市CGV影城,上海市CGV影城,艺术中心/文化广场,4.8,,L3,rated,True,,rated,parsed,rating_anchor,0.9939,0.9993,48,2124,35.91,4.8艺术中心/文化广场 | L3,(白玉兰广场IMA.... | 上海市CGV影城 | 4.8艺术中心/文化广场 | L3,ocr/input_videos\上海__白玉兰广场__20260826.mp4
OBS-000183,白玉兰广场,北酉·炭火烧鸟景观餐厅,北酉·炭火烧鸟景观餐厅,日式烧烤/烤肉,4.4,123,L2,rated,True,,rated,parsed,rating_anchor,0.9624,0.9627,51,2124,35.91,★★★★ | 4.4日式烧烤/烤肉￥123/人L2 | ★,北酉·炭火烧鸟景观餐厅 | 品牌焕新 | 全面升级 | ★★★★ | 4.4日式烧烤/烤肉￥123/人L2 | ★ | 景观·烧白 | 点评榜单 | 虹口区烤肉热门榜第5名 | 环境优雅，服务贴心，分量十足 | ￥2986.3折 | ￥480 | 惠 | 【爆品】每日鲜鸡. | ￥88 | 8.8折 | 惠 | ￥100100元代金券,ocr/input_videos\上海__白玉兰广场__20260826.mp4
OBS-000184,白玉兰广场,吉嫂·醉鸡煲·广州大排档,吉嫂·醉鸡煲·广州大排档,打边炉/港,4.7,105,LG2,rated,True,,rated,parsed,rating_anchor,0.9761,0.9883,56,2124,35.91,4.7打边炉/港 | ￥105/人LG2,吉嫂·醉鸡煲·广州大排档 | 走地鸡（才有鸡味） | 4.7打边炉/港 | ￥105/人LG2 | 吃走地鸡来吉嫂 | 点评榜单 | 北外滩/外白渡桥火锅好评榜第4名,ocr/input_videos\上海__白玉兰广场__20260826.mp4
OBS-000185,白玉兰广场,上海市CGV影城（白玉兰广场IMA...,上海市CGV影城(白玉兰广场IMA,艺术中心/文化广场,4.8,,L3,rated,True,,rated,parsed,rating_anchor,0.9538,0.9372,58,2220,37.533,4.8艺术中心/文化广场 | L3,上海市CGV影城（白玉兰广场IMA... | 4.8艺术中心/文化广场 | L3,ocr/input_videos\上海__白玉兰广场__20260826.mp4
OBS-000186,白玉兰广场,北酉·炭火烧鸟景观餐厅,北酉·炭火烧鸟景观餐厅,日式烧烤/烤肉,4.4,123,L2,rated,True,,rated,parsed,rating_anchor,0.9713,0.9692,51,2220,37.533,🌟🌟🌟⭐ | 4.4日式烧烤/烤肉￥123/人L2 | ★,北酉·炭火烧鸟景观餐厅 | 品牌烧新 | 全面升级 | 🌟🌟🌟⭐ | 4.4日式烧烤/烤肉￥123/人L2 | ★ | 景观·烧包 | 点评榜单 | 虹口区烤肉热门榜第5名 | 环境优雅，服务贴心，分量十足” | ￥480 | ￥298 | 6.3折 | 【爆品】每日鲜鸡. | 惠 | 惠 | ￥100100元代金券 | ￥88 | 8.8折,ocr/input_videos\上海__白玉兰广场__20260826.mp4
OBS-000187,白玉兰广场,吉嫂·醉鸡煲·广州大排档,吉嫂·醉鸡煲·广州大排档,打边炉/港,4.7,105,LG2,rated,True,,rated,parsed,rating_anchor,0.9798,0.9859,51,2220,37.533,4.7打边炉/港 | ￥105/人LG2,吉嫂·醉鸡煲·广州大排档 | 走地鸡(才有鸡味) | 4.7打边炉/港 | ￥105/人LG2 | 吃走地鸡来吉嫂 | 点评榜单 | 北外滩/外白渡桥火锅好评榜第4名 | ￥984.7折 | ￥210 | 惠 | 【会员专享】海鲜拼盘,ocr/input_videos\上海__白玉兰广场__20260826.mp4
OBS-000188,白玉兰广场,LANNI蘭·泰式古法按摩,LANNI兰·泰式古法按摩,精油SPA,4.9,373,LG2,rated,True,,rated,parsed,rating_anchor,0.9678,0.9799,51,2220,37.533,LG2 | 4.9精油SPA￥373/人,LANNI蘭·泰式古法按摩 | Lann | LG2 | 4.9精油SPA￥373/人 | 品牌人气榜 | -2025年度 | 北外滩/外白渡桥精油SPA销量榜第2名 | 80+门店 | 氛围好私密性强，按摩手法很不错 | 全国 | “ | ￥4108.5折 | ￥498 | 【全身精油】泰式S... | 惠,ocr/input_videos\上海__白玉兰广场__20260826.mp4
OBS-000189,白玉兰广场,The Stage shop,TheStageshop,杂货礼品,4.0,210,LG1,rated,True,,rated,parsed,rating_anchor,0.9708,0.9662,61,2220,37.533,⭐🌟🎉🎉 | LG1 | 4.0杂货礼品￥210/人 | ★,The Stage shop | ⭐🌟🎉🎉 | LG1 | 4.0杂货礼品￥210/人 | ★ | 文创店香氛味道好，服务热情,ocr/input_videos\上海__白玉兰广场__20260826.mp4
OBS-000190,白玉兰广场,北酉·炭火烧鸟景观餐厅,北酉·炭火烧鸟景观餐厅,式烧烤/烤,4.4,,L2,rated,True,,rated,parsed,rating_anchor,0.9701,0.9528,53,2316,39.156,🌟🌟⭐⭐ | 4.4式烧烤/烤￥123/L2,北酉·炭火烧鸟景观餐厅 | 品牌赖新 | 全面升级 | 🌟🌟⭐⭐ | 4.4式烧烤/烤￥123/L2 | 景观烧鸟 | 点评榜单 | 虹口区烤肉热门榜第5名 | “环境优雅，服务贴，分量十 | 5 | 惠 | ￥480 | ￥2986.3折 | 【爆品】每日鲜鸡. | ￥888.8折 | 惠 | ￥100100元代金券,ocr/input_videos\上海__白玉兰广场__20260826.mp4
OBS-000191,白玉兰广场,吉嫂·醉鸡煲·州大排档,吉嫂·醉鸡煲·州大排档,打边炉/港.,4.7,105,LG2,rated,True,,rated,parsed,rating_anchor,0.9203,0.9327,51,2316,39.156,4.7打边炉/港. | ￥105/人LG2,吉嫂·醉鸡煲·州大排档 | 走地鸡（才有鸡味) | 4.7打边炉/港. | ￥105/人LG2 | 吃走地鸡来吉嫂 | 点评榜单 | 北外滩/外白渡桥火锅好评榜第4名 | ￥984.7折 | ￥210 | 惠 | 【会员专享】海鲜拼盘,ocr/input_videos\上海__白玉兰广场__20260826.mp4
OBS-000192,白玉兰广场,LANNI蘭·泰式古法按摩,LANNI兰·泰式古法按摩,精油SPA,4.9,373,LG2,rated,True,,rated,parsed,rating_anchor,0.9732,0.9758,53,2316,39.156,LG2 | ★★★★4.9 | 精油SPA￥373/人,LANNI蘭·泰式古法按摩 | Lann | LG2 | ★★★★4.9 | 精油SPA￥373/人 | 品牌人气榜 | -2025年度- | 北外滩/外白渡桥精油SPA销量榜第2名 | 氛围好私密性强，按摩法很不错” | 80+门店 | 全国 | “ | ￥498 | ￥4108.5折 | 惠 | 【全身精油】泰式S...,ocr/input_videos\上海__白玉兰广场__20260826.mp4
OBS-000193,白玉兰广场,The Stage shop,TheStageshop,杂货礼品,4.0,210,LG1,rated,True,,rated,parsed,rating_anchor,0.9717,0.9806,62,2316,39.156,LG1 | 🌟🌟⭐⭐ | 4.0杂货礼品￥210/人 | ★,The Stage shop | LG1 | 🌟🌟⭐⭐ | 4.0杂货礼品￥210/人 | ★ | 文创店香氛味道好，服务热情 | K,ocr/input_videos\上海__白玉兰广场__20260826.mp4
OBS-000194,白玉兰广场,豌豆府·云南小馆,豌豆府·云南小馆,特色菜,4.2,63,LG2,rated,True,,rated,parsed,rating_anchor,0.9685,0.9822,54,2316,39.156,🌟🌟⭐⭐ | LG2 | 特色菜￥63/人 | 4.2 | ★,豌豆府·云南小馆 | 🌟🌟⭐⭐ | LG2 | 特色菜￥63/人 | 4.2 | ★ | 点评榜单 | 北外滩/外白渡桥特色菜热门榜第4名,ocr/input_videos\上海__白玉兰广场__20260826.mp4
OBS-000195,白玉兰广场,吉嫂·醉鸡煲·广州大排档,吉嫂·醉鸡煲·广州大排档,打边炉/港,4.7,105,LG2,rated,True,,rated,parsed,rating_anchor,0.9568,0.987,54,2352,39.765,4.7打边炉/港 | ￥105/人LG2,吉嫂·醉鸡煲·广州大排档 | 走地鸡(才有鸡味） | 4.7打边炉/港 | ￥105/人LG2 | 吃走地鸡来吉嫂 | 点评榜单 | 北外滩/外白渡桥火锅好评榜第4名 | ￥984.7折 | ￥210 | 惠 | 【会员专享】海鲜拼盘,ocr/input_videos\上海__白玉兰广场__20260826.mp4
OBS-000196,白玉兰广场,LANNI蘭·泰式古法按摩,LANNI兰·泰式古法按摩,精油SPA,4.9,373,LG2,rated,True,,rated,parsed,rating_anchor,0.9737,0.9815,51,2352,39.765,LG2 | ★★★★4.9 | 精油SPA￥373/人,LANNI蘭·泰式古法按摩 | Lann | LG2 | ★★★★4.9 | 精油SPA￥373/人 | 品牌人气榜 | -2025年度 | 北外滩/外白渡桥精油SPA销量榜第2名 | 全国80+门店 | 氛围好私密性强，按摩手法很不错” | ￥498 | ￥4108.5折 | 惠 | 【全身精油】泰式S...,ocr/input_videos\上海__白玉兰广场__20260826.mp4
OBS-000197,白玉兰广场,The Stage shop,TheStageshop,杂货礼品,4.0,210,LG1,rated,True,,rated,parsed,rating_anchor,0.9724,0.965,62,2352,39.765,LG1 | 🌟🌟🌟🎉 | 4.0杂货礼品￥210/人 | ★,The Stage shop | LG1 | 🌟🌟🌟🎉 | 4.0杂货礼品￥210/人 | ★ | “文创店香氛味道好，服务热情”,ocr/input_videos\上海__白玉兰广场__20260826.mp4
OBS-000198,白玉兰广场,豌豆府·云南小馆,豌豆府·云南小馆,特色菜,4.2,63,LG2,rated,True,,rated,parsed,rating_anchor,0.9756,0.9857,51,2352,39.765,LG2 | 特色菜￥63/人 | 4.2 | ★🌟★⭐ | ★,豌豆府·云南小馆 | LG2 | 特色菜￥63/人 | 4.2 | ★🌟★⭐ | ★ | 点评榜单 | 北外滩/外白渡桥特色菜热门榜第4名,ocr/input_videos\上海__白玉兰广场__20260826.mp4
OBS-000199,白玉兰广场,吉嫂·醉鸡煲·广州大排档,吉嫂·醉鸡煲·广州大排档,打边炉/港,4.7,105,LG2,rated,True,,rated,parsed,rating_anchor,0.9653,0.9863,54,2400,40.577,4.7打边炉/港 | ￥105/人LG2,吉嫂·醉鸡煲·广州大排档 | 走地鸡（才有鸡味） | 4.7打边炉/港 | ￥105/人LG2 | 吃走地鸡来吉嫂 | 点评榜单 | 北外滩/外白渡桥火锅好评榜第4名 | ￥984.7折 | ￥210 | 惠 | 【会员专享】海鲜拼盘,ocr/input_videos\上海__白玉兰广场__20260826.mp4
OBS-000200,白玉兰广场,LANNI蘭·泰式古法按摩,LANNI兰·泰式古法按摩,精油SPA,4.9,373,LG2,rated,True,,rated,parsed,rating_anchor,0.9683,0.9783,51,2400,40.577,LG2 | ⭐★★4.9 | 精油SPA￥373/人,LANNI蘭·泰式古法按摩 | Lann | LG2 | ⭐★★4.9 | 精油SPA￥373/人 | 品牌人气榜 | -2025年度 | 北外滩/外白渡桥精油SPA销量榜第2名 | 氛围好私密性强，按摩法很不错” | 国80+门店 | 全国 | ￥498 | ￥4108.5折 | 【全身精油】泰式S.. | 惠,ocr/input_videos\上海__白玉兰广场__20260826.mp4
OBS-000201,白玉兰广场,The Stage shop,TheStageshop,杂货礼品,4.0,210,LG1,rated,True,,rated,parsed,rating_anchor,0.9728,0.9842,60,2400,40.577,LG1 | 🌟🌟🌟🎉 | 杂货礼品￥210/人 | 4.0 | ★,The Stage shop | LG1 | 🌟🌟🌟🎉 | 杂货礼品￥210/人 | 4.0 | ★ | 文创店香氛味道好，服务热情”,ocr/input_videos\上海__白玉兰广场__20260826.mp4
OBS-000202,白玉兰广场,豌豆府·云南小馆,豌豆府·云南小馆,特色菜,4.2,63,LG2,rated,True,,rated,parsed,rating_anchor,0.9731,0.9828,51,2400,40.577,LG2 | 特色菜￥63/人 | ★🌟★★ | 4.2 | ★,豌豆府·云南小馆 | LG2 | 特色菜￥63/人 | ★🌟★★ | 4.2 | ★ | 点评榜单 | 日然 | 北外滩/外白渡桥特色菜热门榜第4名 | MUFMUF渔味料理,ocr/input_videos\上海__白玉兰广场__20260826.mp4
OBS-000203,白玉兰广场,吉嫂·醉鸡煲·广州大排档,吉嫂·醉鸡煲·广州大排档,打边炉/港,4.7,105,LG2,rated,True,,rated,parsed,rating_anchor,0.956,0.9868,54,2412,40.779,⭐4.7打边炉/港 | ￥105/人LG2,吉嫂·醉鸡煲·广州大排档 | 走地鸡（才有鸡味） | ⭐4.7打边炉/港 | ￥105/人LG2 | 吃走地鸡来吉嫂 | 点评榜单 | 北外滩/外白渡桥火锅好评榜第4名 | ￥984.7折 | ￥210 | 惠 | 【会员专享】海鲜拼盘,ocr/input_videos\上海__白玉兰广场__20260826.mp4
OBS-000204,白玉兰广场,LANNI蘭·泰式古法按摩,LANNI兰·泰式古法按摩,精油SPA,4.9,373,LG2,rated,True,,rated,parsed,rating_anchor,0.9691,0.9806,54,2412,40.779,⭐🌟⭐⭐🎉4.9 | LG2 | 精油SPA￥373/人,LANNI蘭·泰式古法按摩 | Lann | ⭐🌟⭐⭐🎉4.9 | LG2 | 精油SPA￥373/人 | 品牌人气榜 | -2025年度- | 北外滩/外白渡桥精油SPA销量榜第2名 | 广全国80+门店 | 氛围好私密性强，按摩手法很不错 | ￥4108.5折 | ￥498 | 惠 | 【全身精油】泰式S...,ocr/input_videos\上海__白玉兰广场__20260826.mp4
OBS-000205,白玉兰广场,The Stage shop,TheStageshop,杂货礼品,4.0,210,LG1,rated,True,,rated,parsed,rating_anchor,0.9686,0.9677,63,2412,40.779,4.0杂货礼品￥210/人 | LG1 | ★★★★★,The Stage shop | 4.0杂货礼品￥210/人 | LG1 | ★★★★★ | 文创店香氛味道好，服务热情,ocr/input_videos\上海__白玉兰广场__20260826.mp4
OBS-000206,白玉兰广场,豌豆府·云南小馆,豌豆府·云南小馆,特色菜,4.2,63,LG2,rated,True,,rated,parsed,rating_anchor,0.9803,0.9854,54,2412,40.779,LG2 | 4.2特色菜￥63/人 | 🌟🌟⭐⭐ | ★,豌豆府·云南小馆 | LG2 | 4.2特色菜￥63/人 | 🌟🌟⭐⭐ | ★ | 点评榜单 | 北外滩/外白渡桥特色菜热门榜第4名,ocr/input_videos\上海__白玉兰广场__20260826.mp4
OBS-000207,白玉兰广场,MUFMUF渔味料理,MUFMUF渔味料理,日本料理,,336,L3,unknown,True,,ocr_missing,parsed,metadata_anchor,0.9806,0.9984,50,2412,40.779,L3 | 🌟🌟⭐⭐🌟 | 日本料理￥336/人 | 14.8,MUFMUF渔味料理 | L3 | 🌟🌟⭐⭐🌟 | 日本料理￥336/人 | 14.8 | MUFMU | 点评榜单 | 北外滩/外白渡桥日式料理热门榜第3名,ocr/input_videos\上海__白玉兰广场__20260826.mp4
OBS-000208,白玉兰广场,LANNI蘭·泰式古法按摩,LANNI兰·泰式古法按摩,精油SPA,4.9,373,LG2,rated,True,,rated,parsed,rating_anchor,0.9705,0.9776,51,2436,41.185,LG2 | ⭐🌟🌟🌟🌟4.9 | 精油SPA￥373/人,LANNI蘭·泰式古法按摩 | Lann | LG2 | ⭐🌟🌟🌟🌟4.9 | 精油SPA￥373/人 | 品牌人气榜 | -2025年度- | 北外滩/外白渡桥精油SPA销量榜第2名 | 厂全国80+门店 | 氛围好私密性强，按摩手法很不错 | 3 | ￥498 | ￥4108.5折 | 惠 | 【全身精油】泰式S.,ocr/input_videos\上海__白玉兰广场__20260826.mp4
OBS-000209,白玉兰广场,The Stage shop,TheStageshop,杂货礼品,4.0,210,LG1,rated,True,,rated,parsed,rating_anchor,0.964,0.9641,62,2436,41.185,🌟🌟⭐⭐ | LG1 | 杂货礼品￥210/人 | 4.0,The Stage shop | 🌟🌟⭐⭐ | LG1 | 杂货礼品￥210/人 | 4.0 | 文创店香氛味道好，服务热情”,ocr/input_videos\上海__白玉兰广场__20260826.mp4
OBS-000210,白玉兰广场,豌豆府·云南小馆,豌豆府·云南小馆,特色菜,4.2,63,LG2,rated,True,,rated,parsed,rating_anchor,0.9746,0.9875,52,2436,41.185,LG2 | 🌟🌟⭐⭐ | 特色菜￥63/人 | 4.2,豌豆府·云南小馆 | LG2 | 🌟🌟⭐⭐ | 特色菜￥63/人 | 4.2 | 点评榜单 | 北外滩/外白渡桥特色菜热门榜第4名,ocr/input_videos\上海__白玉兰广场__20260826.mp4
OBS-000211,白玉兰广场,MUFMUF渔味料理,MUFMUF渔味料理,日本料理,4.8,336,L3,rated,True,,rated,parsed,rating_anchor,0.9801,0.9982,48,2436,41.185,🌟🌟★🌟4.8 | L3 | 日本料理￥336/人,MUFMUF渔味料理 | 🌟🌟★🌟4.8 | L3 | 日本料理￥336/人 | MUFMUF | 点评榜单 | 北外滩/外白渡桥日式料理热门榜第3名 | 惊艳味蕾，美景甜点，绝赞体验 | ￥399 | ￥949 | 4.3折 | 蟹蟹盛宴双人餐 | 惠,ocr/input_videos\上海__白玉兰广场__20260826.mp4
OBS-000212,白玉兰广场,杜哈夫DOUXREVE·生日蛋糕,杜哈夫DOUXREVE·生日蛋糕,面包蛋糕,4.8,180,L1,rated,True,,rated,parsed,rating_anchor,0.9623,0.9619,57,2436,41.185,4.8面包蛋糕￥180/人 | L1,杜哈夫DOUXREVE·生日蛋糕 | 杜哈夫 | DOUXFEVE | 4.8面包蛋糕￥180/人 | L1 | 点评榜单 | 虹口区面包蛋糕甜品好评榜第1名 | 服务态度好，性价比超高 | L | 5 | ￥1286.5折 | ￥198 | 【爆款】香草海盐 | 惠,ocr/input_videos\上海__白玉兰广场__20260826.mp4
OBS-000213,白玉兰广场,LANNI蘭·泰式古法按摩,LANNI兰·泰式古法按摩,精油SPA,4.9,373,LG2,rated,True,,rated,parsed,rating_anchor,0.9695,0.9739,55,2472,41.794,4.9 | LG2 | 精油SPA￥373/人,LANNI蘭·泰式古法按摩 | Lann | 4.9 | LG2 | 精油SPA￥373/人 | 品牌人气榜 | -2025年度 | 北外滩/外白渡桥精油SPA销量榜第2名 | 80+门店 | 氛围好私密性强，按摩手法很不错 | 全国 | “ | ￥4108.5折 | ￥498 | 惠 | 【全身精油】泰式S...,ocr/input_videos\上海__白玉兰广场__20260826.mp4
OBS-000214,白玉兰广场,The Stage shop,TheStageshop,杂货礼品,4.0,210,LG1,rated,True,,rated,parsed,rating_anchor,0.9729,0.9835,68,2472,41.794,杂货礼品￥210/人 | LG1 | 🌟🌟🌟⭐ | 4.0,The Stage shop | 杂货礼品￥210/人 | LG1 | 🌟🌟🌟⭐ | 4.0 | 文创店香氛味道好，服务热情,ocr/input_videos\上海__白玉兰广场__20260826.mp4
OBS-000215,白玉兰广场,豌豆府·云南小馆,豌豆府·云南小馆,特色菜,4.2,63,LG2,rated,True,,rated,parsed,rating_anchor,0.9779,0.9831,52,2472,41.794,LG2 | ★★★★ | 4.2特色菜￥63/人,豌豆府·云南小馆 | LG2 | ★★★★ | 4.2特色菜￥63/人 | 点评榜单 | 北外滩/外白渡桥特色菜热门榜第4名,ocr/input_videos\上海__白玉兰广场__20260826.mp4
OBS-000216,白玉兰广场,MUFMUF渔味料理,MUFMUF渔味料理,日本料理,4.8,336,L3,rated,True,,rated,parsed,rating_anchor,0.9798,0.9969,53,2472,41.794,L3 | ⭐⭐4.8 | 日本料理￥336/人,MUFMUF渔味料理 | L3 | ⭐⭐4.8 | 日本料理￥336/人 | MUFMUT | 点评榜单 | 北外滩/外白渡桥日式料理热门榜第3名 | 惊艳味蕾，美景甜点，绝赞体验 | 55 | ￥399 | ￥949蟹蟹盛宴双人餐 | 4.3折 | 惠,ocr/input_videos\上海__白玉兰广场__20260826.mp4
OBS-000217,白玉兰广场,杜哈夫DOUXRÉVE·生日蛋糕,杜哈夫DOUXRÉVE·生日蛋糕,面包蛋糕,4.8,180,L1,rated,True,,rated,parsed,rating_anchor,0.9656,0.965,57,2472,41.794,L1 | 4.8面包蛋糕￥180/人,杜哈夫DOUXRÉVE·生日蛋糕 | 杜哈夫 | DOUXRCT | L1 | 4.8面包蛋糕￥180/人 | 点评榜单 | 虹口区面包蛋糕甜品好评榜第1名 | 服务态度好，性价比超高 | 31 | ￥198 | ￥128 | 6.5折 | 惠 | 【爆款】香草海盐.. | ￥255折 | 惠 | ￥5050元代金券,ocr/input_videos\上海__白玉兰广场__20260826.mp4
OBS-000218,白玉兰广场,MUFMUF渔味料理,MUFMUF渔味料理,日本料理,4.8,336,L3,rated,True,,rated,parsed,rating_anchor,0.9656,0.9986,51,2544,43.011,L3 | 4.8日本料理￥336/人,MUFMUF渔味料理 | L3 | 4.8日本料理￥336/人 | MUFMUF | 点评榜单 | 北外滩/外白渡桥日式料理热门榜第3名 | 惊艳味蕾，美景甜点，绝赞体验 | 53 | ￥399 | ￥949蟹蟹盛宴双人餐 | 惠 | 4.3折,ocr/input_videos\上海__白玉兰广场__20260826.mp4
OBS-000219,白玉兰广场,杜哈夫DOUXREVE·生日蛋糕,杜哈夫DOUXREVE·生日蛋糕,面包蛋糕,4.8,180,L1,rated,True,,rated,parsed,rating_anchor,0.9557,0.9498,57,2544,43.011,L1 | 4.8面包蛋糕￥180/人,杜哈夫DOUXREVE·生日蛋糕 | 杜哈夫 | DOUXIEVE | L1 | 4.8面包蛋糕￥180/人 | 点评榜单 | 虹口区面包蛋糕甜品好评榜第1名 | 服务态度好，性价比超高 | ( | 2 | ￥198 | ￥1286.5折 | 【爆款】香草海盐.. | 惠 | ￥255折 | 惠 | ￥5050元代金券,ocr/input_videos\上海__白玉兰广场__20260826.mp4
OBS-000220,白玉兰广场,BeachMonkey潮流生活馆,BeachMonkey潮流生活馆,自行车/电动车,4.4,,L1,rated,True,,rated,parsed,rating_anchor,0.9835,0.9839,57,2544,43.011,🌟🌟🌟⭐ | L1 | 4.4自行车/电动车,BeachMonkey潮流生活馆 | L3R | 🌟🌟🌟⭐ | L1 | 4.4自行车/电动车 | SETCT mOrKEY.HrCNdy 2O | 点评榜单 | 虹口区自车/电动车热门榜第5名 | 电动自车和摩托车，拉风又炫酷 | “ | 2,ocr/input_videos\上海__白玉兰广场__20260826.mp4
OBS-000221,白玉兰广场,德悦·悦品海鲜姿造,德悦·悦品海鲜姿造,海鲜火锅,4.9,225,L3,rated,True,,rated,parsed,rating_anchor,0.9347,0.9651,54,2544,43.011,L3 | 4.9海鲜火锅￥225/人,德悦·悦品海鲜姿造 | L3 | 4.9海鲜火锅￥225/人 | 点评榜单 | 虹口区火锅口味榜第1名 | 14:00休息 | 服务nice，鲍鱼肥美 | 心 | ￥4887.8折 | ￥630全天488元小青龙双... | 惠,ocr/input_videos\上海__白玉兰广场__20260826.mp4
OBS-000222,白玉兰广场,MUFMUF渔味料理,MUFMUF渔味料理,日本料理,,336,L3,unknown,True,,ocr_missing,parsed,metadata_anchor,0.9715,0.9971,47,2580,43.62,L3 | ⭐🌟🌟🌟🌟 | 日本料理￥336/人 | 14.8,MUFMUF渔味料理 | L3 | ⭐🌟🌟🌟🌟 | 日本料理￥336/人 | 14.8 | MUFＭU | 点评榜单 | 北外滩/外白渡桥日式料理热门榜第3名 | 惊艳味蕾，美景甜点，绝赞体验 | 5 | ￥399 | 惠 | 4.3折 | ￥949蟹蟹盛宴双人餐,ocr/input_videos\上海__白玉兰广场__20260826.mp4
OBS-000223,白玉兰广场,杜哈夫DOUX REVE·生日蛋糕,杜哈夫DOUXREVE·生日蛋糕,面包蛋糕,4.8,180,L1,rated,True,,rated,parsed,rating_anchor,0.9463,0.9378,51,2580,43.62,L1 | ★★★★★ | 面包蛋糕￥180/人 | 4.8,杜哈夫DOUX REVE·生日蛋糕 | 杜哈夫 | DOUXFEVE | L1 | ★★★★★ | 面包蛋糕￥180/人 | 4.8 | 点评榜单 | 虹口区面包蛋糕甜品好评榜第1名 | 服务态度好，性价比超高 | 22 | ￥198 | ￥128 | 6.5折 | 惠 | 【爆款】香草海盐.. | ￥25 | 5折 | 惠 | ￥5050元代金券,ocr/input_videos\上海__白玉兰广场__20260826.mp4
OBS-000224,白玉兰广场,BeachMonkey潮流生活馆,BeachMonkey潮流生活馆,自行车/电动车,4.4,,L1,rated,True,,rated,parsed,rating_anchor,0.9942,0.9976,51,2580,43.62,L1 | 4 | 🌟🌟🎉🌟 | 4.4 | 自行车/电动车,BeachMonkey潮流生活馆 | L1 | 4 | 🌟🌟🎉🌟 | 4.4 | 自行车/电动车 | BECT ORREY.rendy zo | 点评榜单 | 虹口区自行车/电动车热门榜第5名 | 电动自车和摩托车，拉风又炫酷 | “,ocr/input_videos\上海__白玉兰广场__20260826.mp4
OBS-000225,白玉兰广场,德悦·悅品海鲜姿造,德悦·悦品海鲜姿造,海鲜火锅,4.9,225,L3,rated,True,,rated,parsed,rating_anchor,0.912,0.863,48,2580,43.62,⭐🎉⭐⭐🎉4.9 | L3 | 海鲜火锅￥225/人,德悦·悅品海鲜姿造 | AAH | 十年寒窗不负 | ⭐🎉⭐⭐🎉4.9 | L3 | 海鲜火锅￥225/人 | 德悦一席相逢 | 点评榜单 | 虹口区火锅口味榜第1名 | 生适可的，吃不骨 | 14:00休息 | 服务nice，鲍鱼肥美” | 1 | 7.8折 | ￥488 | 惠 | ￥630全天488元小青龙双...,ocr/input_videos\上海__白玉兰广场__20260826.mp4
OBS-000226,白玉兰广场,LumLum Thai Bistro,LumLumThaiBistro,泰国菜,4.6,138,L3,rated,True,,rated,parsed,rating_anchor,0.9809,0.995,47,2580,43.62,L3 | 🌟🌟🌟🌟🌟 | 泰国菜￥138/人 | 4.6,LumLum Thai Bistro | L3 | 🌟🌟🌟🌟🌟 | 泰国菜￥138/人 | 4.6 | 点评榜单 | 虹口区东南亚菜热门榜第2名 | 14:00休息 | 鸡格时黄” | [“eT,ocr/input_videos\上海__白玉兰广场__20260826.mp4
OBS-000227,白玉兰广场,杜哈夫DOUXREVE·生日蛋糕,杜哈夫DOUXREVE·生日蛋糕,面包蛋糕,4.8,180,L1,rated,True,,rated,parsed,rating_anchor,0.9359,0.9305,54,2652,44.837,L1 | 4.8面包蛋糕￥180/人,杜哈夫DOUXREVE·生日蛋糕 | 杜哈夫 | DOUXIEVE | L1 | 4.8面包蛋糕￥180/人 | 点评榜单 | 虹口区面包蛋糕甜品好评榜第1名 | 服务态度好，性价比超高 | 51 | ￥1286.5折 | ￥198 | 惠 | 【爆款】香草海盐... | ￥255折 | 惠 | ￥5050元代金券,ocr/input_videos\上海__白玉兰广场__20260826.mp4
OBS-000228,白玉兰广场,BeachMonkey潮流活馆,BeachMonkey潮流活馆,自行车/电动车,4.4,,L1,rated,True,,rated,parsed,rating_anchor,0.9902,0.9973,51,2652,44.837,L1 | 🌟🌟⭐🌈 | 4.4自行车/电动车 | ★,BeachMonkey潮流活馆 | NM | L1 | 🌟🌟⭐🌈 | 4.4自行车/电动车 | ★ | ERCT TOrKEY. HrCndy o | 点评榜单 | 虹口区自车/电动车热门榜第5名 | 电动自车和摩托车，拉风又炫酷 | （,ocr/input_videos\上海__白玉兰广场__20260826.mp4
OBS-000229,白玉兰广场,德悦·悦品海鲜姿造,德悦·悦品海鲜姿造,海鲜火锅,4.9,,L3,rated,True,,rated,parsed,rating_anchor,0.9569,0.9468,53,2652,44.837,L3 | 4.9海鲜火锅225/人,3AAA | 德悦·悦品海鲜姿造 | 发 | 十年寒窗不负 | L3 | 4.9海鲜火锅225/人 | 德悦一席相逢 | 点评榜单 | 虹口区火锅口味榜第1名 | 生运，吃不费 | 14:00休息 | 服务nice，鲍鱼肥美 | 3 | “ | ￥4887.8折 | ￥630全天488元小青龙双... | 惠,ocr/input_videos\上海__白玉兰广场__20260826.mp4
OBS-000230,白玉兰广场,LumLum Thai Bistro,LumLumThaiBistro,泰国菜,4.6,138,L3,rated,True,,rated,parsed,rating_anchor,0.9623,0.992,47,2652,44.837,4.6泰国菜￥138/人 | L3,LumLum Thai Bistro | m | 4.6泰国菜￥138/人 | L3 | 点评榜单 | 虹口区东南亚菜热门榜第2名 | 14:00休息 | 七夕浪漫打卡，牛蛙鸡翅惊艳味蕾 | 力 | C | ￥2987折 | ￥426 | 惠 | 【泰好味】经典双人.,ocr/input_videos\上海__白玉兰广场__20260826.mp4
OBS-000231,白玉兰广场,爱视眸Eyeblling眼镜·蔡司依视路...,爱视眸Eyeblling眼镜·蔡司依视路,眼镜店,4.8,507,LG1,rated,True,,rated,parsed,rating_anchor,0.9471,0.9525,60,2652,44.837,LG1 | ★★★★4.8 | 眼镜店￥507/人,爱视眸Eyeblling眼镜·蔡司依视路... | ZEISS | 爱视眸眼镜 | LG1 | ★★★★4.8 | 眼镜店￥507/人 | EYE BLLING | OG | 点评榜单 | 北外滩/外白渡桥眼镜店好评榜第3名 | 十五年上海连锁直营门店 | 款式多质量好，环境整洁不踩雷 | 3,ocr/input_videos\上海__白玉兰广场__20260826.mp4
OBS-000232,白玉兰广场,BeachMonkey潮流生活馆,BeachMonkey潮流生活馆,自行车/电动车,4.4,,L1,rated,True,,rated,parsed,rating_anchor,0.9883,0.9971,48,2700,45.649,L1 | ★★★★ | 自行车/电动车 | 4.4 | ★,BeachMonkey潮流生活馆 | M11 | L1 | ★★★★ | 自行车/电动车 | 4.4 | ★ | BETCT TOrKEY.HrCNdy xO | 点评榜单 | 虹口区自行车/电动车热门榜第5名 | 电动自行车和摩托车，拉风又炫酷 | “,ocr/input_videos\上海__白玉兰广场__20260826.mp4
OBS-000233,白玉兰广场,德悅·悅品海鲜姿造,德悦·悦品海鲜姿造,海鲜火锅,4.9,225,L3,rated,True,,rated,parsed,rating_anchor,0.9061,0.8493,48,2700,45.649,⭐⭐🌟4.9 | L3 | 海鲜火锅￥225/人,OXLAAA | 德悅·悅品海鲜姿造 | 十年寒窗不负 | ⭐⭐🌟4.9 | L3 | 海鲜火锅￥225/人 | 德悦一席相逢 | 点评榜单 | 虹口区火锅口味榜第1名 | 生运母，好吃不觉 | 14:00休息 | 服务nice，鲍鱼肥美 | ￥488 | 7.8折 | ￥630全天488元小青龙双... | 惠,ocr/input_videos\上海__白玉兰广场__20260826.mp4
OBS-000234,白玉兰广场,LumLum Thai Bistro,LumLumThaiBistro,泰国菜,4.6,138,L3,rated,True,,rated,parsed,rating_anchor,0.9521,0.9946,47,2700,45.649,★★★★★ | L3 | 泰国菜￥138/人 | 4.6,LumLum Thai Bistro | m | ★★★★★ | L3 | 泰国菜￥138/人 | 4.6 | 点评榜单 | 虹口区东南亚菜热门榜第2名 | 14:00休息 | 七夕浪漫打卡，牛蛙鸡翅惊艳味蕾 | ￥426 | ￥298 | 7折 | 【泰好味】经典双人. | 惠,ocr/input_videos\上海__白玉兰广场__20260826.mp4
OBS-000235,白玉兰广场,爱视眸Eyeblling眼镜·蔡司依视路...,爱视眸Eyeblling眼镜·蔡司依视路,眼镜店,4.8,507,LG1,rated,True,,rated,parsed,rating_anchor,0.9507,0.9377,56,2700,45.649,LG1 | 🌟🌟⭐⭐⭐4.8 | 眼镜店￥507/人,爱视眸Eyeblling眼镜·蔡司依视路... | ZEESS | 爱视眸眼镜 | LG1 | 🌟🌟⭐⭐⭐4.8 | 眼镜店￥507/人 | EYE BLLING | 点评榜单 | 北外滩/外白渡桥眼镜店好评榜第3名 | 款式多质量好，环境整洁不踩雷 | 十五年上海连锁直营门店 | 55 | “ | ￥0.85 | 8.5折 | ￥99 | 惠 | 【单配镜框】国产自. | ￥8.5 | ￥100代金券 | 惠 | 8.5折,ocr/input_videos\上海__白玉兰广场__20260826.mp4
OBS-000236,白玉兰广场,LINGA男士发型设计,LINGA男士发型设计,美发,4.8,238,LG2,rated,True,,rated,parsed,rating_anchor,0.9653,0.9856,47,2700,45.649,LG2 | 4.8美发￥238/人,LINGA男士发型设计 | LG2 | 4.8美发￥238/人 | ED | 点评榜单 | 虹口区美发好评榜第1名 | LNORSPLON高男士 | 发型师技术精湛” | 包厢私密性高 | ≤,ocr/input_videos\上海__白玉兰广场__20260826.mp4
OBS-000237,白玉兰广场,LumLum Thai Bistro,LumLumThaiBistro,泰国菜,4.6,138,L3,rated,True,,rated,parsed,rating_anchor,0.9711,0.9752,48,2784,47.069,L3 | 🌟🌟🌟🎉🌟 | 泰国菜￥138/人 | 4.6,LumLum Thai Bistro | L3 | 🌟🌟🌟🎉🌟 | 泰国菜￥138/人 | 4.6 | 点评榜单 | 虹口区东南亚菜热门榜第2名 | 14:00休息 | 七夕浪漫打卡，牛蛙鸡翅惊艳味蕾 | ￥2987折 | ￥426 | 惠 | 【泰好味】经典双人.,ocr/input_videos\上海__白玉兰广场__20260826.mp4
OBS-000238,白玉兰广场,爱视眸Eyeblling眼镜·蔡司依视路...,爱视眸Eyeblling眼镜·蔡司依视路,眼镜店,4.8,507,LG1,rated,True,,rated,parsed,rating_anchor,0.9626,0.962,56,2784,47.069,★★4.8 | LG1 | 眼镜店￥507/人,爱视眸Eyeblling眼镜·蔡司依视路... | ZEESX | 爱视眸眼镜 | ★★4.8 | LG1 | 眼镜店￥507/人 | EYE BLLINC | OO | 点评榜单 | 北外滩/外白渡桥眼镜店好评榜第3名 | 十五年上海连锁直营门店 | 款式多质量好，环境整洁不踩雷 | 55 | ￥0.85 | ￥99 | 【单配镜框】国产自. | 8.5折 | 惠 | ￥8.5 | ￥100代金券 | 惠 | 8.5折,ocr/input_videos\上海__白玉兰广场__20260826.mp4
OBS-000239,白玉兰广场,LINGA男士发型设计,LINGA男士发型设计,美发,4.8,238,LG2,rated,True,,rated,parsed,rating_anchor,0.95,0.9542,54,2784,47.069,4.8美发￥238/人 | LG2,LINGA男士发型设计 | 4.8美发￥238/人 | LG2 | GD | 点评榜单 | 虹口区美发好评榜第1名 | LNOBLON高 | 包厢私密性高，发型师技术精湛 | ￥197￥198 | 惠 | 【美团专属】高级设计师...,ocr/input_videos\上海__白玉兰广场__20260826.mp4
OBS-000240,白玉兰广场,锅气·辣椒炒肉,锅气·辣椒炒肉,湘菜,4.3,41,LG2,rated,True,,rated,parsed,rating_anchor,0.9724,0.9864,48,2784,47.069,LG2 | ⭐🌟★⭐ | 4.3湘菜￥41/人,锅气·辣椒炒肉 | 现点现炒 | LG2 | ⭐🌟★⭐ | 4.3湘菜￥41/人 | 拒绝预制 | 点评榜单 | 虹口区湘菜口味榜第9名 | 口感超赞，服务一流，性价比超高 | ≤ | ￥30.97.3折 | ￥42.9 | 阳雀湖辣椒小炒肉.. | 惠 | ￥157.5折 | ￥2020元代金券 | 惠,ocr/input_videos\上海__白玉兰广场__20260826.mp4
OBS-000241,白玉兰广场,LumLum Thai Bistro,LumLumThaiBistro,泰国菜,4.6,138,L3,rated,True,,rated,parsed,rating_anchor,0.9827,0.9953,49,2808,47.475,⭐🌟🌟🌟🌟 | L3 | 4.6泰国菜￥138/人,LumLum Thai Bistro | ⭐🌟🌟🌟🌟 | L3 | 4.6泰国菜￥138/人 | 点评榜单 | 虹口区东南亚菜热门榜第2名 | 14:00休息 | 七夕浪漫打卡，牛蛙鸡翅惊艳味蕾 | 力 | ￥2987折 | 惠 | ￥426 | 【泰好味】经典双人.,ocr/input_videos\上海__白玉兰广场__20260826.mp4
OBS-000242,白玉兰广场,爱视眸Eyeblling眼镜·蔡司依视路...,爱视眸Eyeblling眼镜·蔡司依视路,眼镜店,4.8,507,LG1,rated,True,,rated,parsed,rating_anchor,0.9456,0.9561,60,2808,47.475,LG1 | ⭐🌟★★🌟4.8 | 眼镜店￥507/人,爱视眸Eyeblling眼镜·蔡司依视路... | EES | 爱视眸眼镜 | LG1 | ⭐🌟★★🌟4.8 | 眼镜店￥507/人 | EYE BLLING | OO | 点评榜单 | 北外滩/外白渡桥眼镜店好评榜第3名 | 款式多质量好，环境整洁不踩雷 | 十五年上海连锁直营门店 | 55 | ￥0.85 | 8.5折 | ￥99 | 【单配镜框】国产自... | 惠 | ￥100代金券 | ￥8.5 | 惠 | 8.5折,ocr/input_videos\上海__白玉兰广场__20260826.mp4
OBS-000243,白玉兰广场,LIN GA 男士发型设计,LINGA男士发型设计,美发,4.8,238,LG2,rated,True,,rated,parsed,rating_anchor,0.9405,0.952,48,2808,47.475,LG2 | 4.8美发￥238/人,LIN GA 男士发型设计 | LG2 | 4.8美发￥238/人 | ED | 点评榜单 | 虹口区美发好评榜第1名 | LNOABRLON士 | 包厢私密性高，发型师技术精湛 | ￥197￥198 | 【美团专属】高级设计师... | 惠,ocr/input_videos\上海__白玉兰广场__20260826.mp4
OBS-000244,白玉兰广场,锅气·辣椒炒肉,锅气·辣椒炒肉,湘菜,4.3,41,LG2,rated,True,,rated,parsed,rating_anchor,0.9757,0.9831,51,2808,47.475,LG2 | 🌟🌟🌟⭐ | 4.3湘菜￥41/人,锅气·辣椒炒肉 | 现点现炒 | LG2 | 🌟🌟🌟⭐ | 4.3湘菜￥41/人 | 拒绝预制 | 点评镑单 | 虹口区湘菜口味榜第9名 | 口感超赞，服务一流，性价比超高 | “ | ￥30.97.3折 | ￥42.9 | 惠 | 阳雀湖辣椒小炒肉. | ￥157.5折 | ￥2020元代金券 | 惠,ocr/input_videos\上海__白玉兰广场__20260826.mp4
OBS-000245,白玉兰广场,LINGA男士发型设计,LINGA男士发型设计,美发,4.8,238,LG2,rated,True,,rated,parsed,rating_anchor,0.9663,0.9874,51,2916,49.301,LG2 | 4.8美发￥238/人,LINGA男士发型设计 | LG2 | 4.8美发￥238/人 | SD | 点评榜单 | 虹口区美发好评榜第1名 | LN GRSRLON高男士 | 包厢私密性高，发型师技术精湛 | ￥197￥198 | 【美团专属】高级设计师.. | 惠,ocr/input_videos\上海__白玉兰广场__20260826.mp4
OBS-000246,白玉兰广场,锅气·辣椒炒肉,锅气·辣椒炒肉,湘菜,4.3,41,LG2,rated,True,,rated,parsed,rating_anchor,0.9747,0.9842,51,2916,49.301,LG2 | 🌟🌟⭐⭐ | 4.3湘菜￥41/人,锅气·辣椒炒肉 | 现点现炒 | LG2 | 🌟🌟⭐⭐ | 4.3湘菜￥41/人 | 拒绝预制 | 点评榜单 | 虹口区湘菜口味榜第9名 | 口感超赞，服务流，性价比超 | 3 | C | ￥30.97.3折 | ￥42.9 | 惠 | 阳雀湖辣椒小炒肉... | ￥157.5折 | ￥2020元代金券 | 惠,ocr/input_videos\上海__白玉兰广场__20260826.mp4
OBS-000247,白玉兰广场,映水芙蓉·新川菜,映水芙蓉·新川菜,川菜馆,4.7,124,L2,rated,True,,rated,parsed,rating_anchor,0.9701,0.9871,51,2916,49.301,L2 | 4.7川菜馆￥124/人,映水芙蓉·新川菜 | 映米 | 茉蓉 | L2 | 4.7川菜馆￥124/人 | 4 | 点评榜单 | 虹口区川菜热门榜第3名 | 二进条干辣椒炒鲜牛肝菌下饭美味” | 四时有序 | 夏味上新 | ￥3687.9折 | 惠 | ￥469 | 芙蓉套餐一品质双人餐,ocr/input_videos\上海__白玉兰广场__20260826.mp4
OBS-000248,白玉兰广场,长风拨筋养身美颜,长风拨筋养身美颜,推拿养生,4.7,170,LG2,rated,True,,rated,parsed,rating_anchor,0.9679,0.9981,51,2916,49.301,LG2 | 4.7推拿养生￥170/人,拨筋 | 长风拨筋养身美颜 | LG2 | 4.7推拿养生￥170/人 | 筋 | 北外滩/外白渡桥推拿养生销量榜第1名 | 养身 | 夏三伏拨筋节 | 环境国风舒适，技师法专业,ocr/input_videos\上海__白玉兰广场__20260826.mp4
OBS-000249,白玉兰广场,LINGA男士发型设计,LINGA男士发型设计,美发,4.8,238,LG2,rated,True,,rated,parsed,rating_anchor,0.9594,0.9898,48,2964,50.112,LG2 | 4.8美发￥238/人,LINGA男士发型设计 | LG2 | 4.8美发￥238/人 | ED | 点评榜单 | 虹口区美发好评榜第1名 | LNGRSRLON高男士 | 包厢私密性高，发型师技术精湛” | “ | ￥197￥198 | 惠 | 【美团专属】高级设计师...,ocr/input_videos\上海__白玉兰广场__20260826.mp4
OBS-000250,白玉兰广场,锅气·辣椒炒肉,锅气·辣椒炒肉,湘菜,4.3,41,LG2,rated,True,,rated,parsed,rating_anchor,0.9767,0.9844,52,2964,50.112,LG2 | 🌟🌟⭐⭐ | 4.3湘菜￥41/人 | ★,锅气·辣椒炒肉 | 现点现炒 | LG2 | 🌟🌟⭐⭐ | 4.3湘菜￥41/人 | ★ | 拒绝预制 | 点评榜单 | 虹口区湘菜口味榜第9名 | 感超赞，服务流，性价超 | “ | - | 7.3折 | ￥30.9 | ￥42.9β | 惠 | 阳雀湖辣椒小炒肉... | ￥157.5折 | 惠 | ￥2020元代金券,ocr/input_videos\上海__白玉兰广场__20260826.mp4
OBS-000251,白玉兰广场,映水芙蓉·新川菜,映水芙蓉·新川菜,川菜馆,4.7,124,L2,rated,True,,rated,parsed,rating_anchor,0.9664,0.9891,54,2964,50.112,L2 | 4.7川菜馆￥124/人,映水芙蓉·新川菜 | 映水 | 漢蓉 | L2 | 4.7川菜馆￥124/人 | 点评榜单 | 虹口区川菜热门榜第3名 | 四时有序夏味上新 | 二进条干辣椒炒鲜肝菌下饭美味” | “ | ￥3687.9折 | 惠 | ￥469芙蓉套餐|品质双人餐,ocr/input_videos\上海__白玉兰广场__20260826.mp4
OBS-000252,白玉兰广场,长风拨筋养身美颜,长风拨筋养身美颜,推拿养生,4.7,170,LG2,rated,True,,rated,parsed,rating_anchor,0.9504,0.9971,54,2964,50.112,LG2 | 4.7推拿养生￥170/人,拨筋 | 长风拨筋养身美颜 | LG2 | 4.7推拿养生￥170/人 | 北外滩/外白渡桥推拿养生销量榜第1名 | 养身 | 夏三伏拨筋节 | 环境国风舒适，技师手法专业” | “ | ￥169肩颈拨筋|直击酸... | ￥1388.3折 | 惠,ocr/input_videos\上海__白玉兰广场__20260826.mp4
OBS-000253,白玉兰广场,李宁,李宁,服装,4.2,701,LG1,rated,True,,rated,parsed,rating_anchor,0.9784,0.9991,65,2964,50.112,LG1 | 🌟🌟🌟⭐ | 4.2服装￥701/人,李宁 | LG1 | 🌟🌟🌟⭐ | 4.2服装￥701/人,ocr/input_videos\上海__白玉兰广场__20260826.mp4
OBS-000254,白玉兰广场,LIN GA 男士发型设计,LINGA男士发型设计,美发,4.8,238,LG2,rated,True,,rated,parsed,rating_anchor,0.9475,0.935,51,3000,50.721,LG2 | 4.8美发￥238/人,LIN GA 男士发型设计 | LG2 | 4.8美发￥238/人 | ED | 点评榜单 | 虹口区美发好评榜第1名 | LNOARLON士 | 包厢私密性高，发型师技术精湛 | < | ￥197￥198 | 惠 | 【美团专属】高级设计师...,ocr/input_videos\上海__白玉兰广场__20260826.mp4
OBS-000255,白玉兰广场,锅气·辣椒炒肉,锅气·辣椒炒肉,湘菜,4.3,41,LG2,rated,True,,rated,parsed,rating_anchor,0.9757,0.9853,55,3000,50.721,LG2 | 4.3湘菜￥41/人 | ★🌟★★★,锅气·辣椒炒肉 | 现点现炒 | LG2 | 4.3湘菜￥41/人 | ★🌟★★★ | 拒绝预制 | 点评榜单 | 虹口区湘菜口味榜第9名 | 口感超赞，服务一流，性价比超高 | 《 | ￥30.97.3折 | ￥42.9 | 惠 | 阳雀湖辣椒小炒肉... | ￥157.5折 | 惠 | ￥2020元代金券,ocr/input_videos\上海__白玉兰广场__20260826.mp4
OBS-000256,白玉兰广场,映水芙蓉·新川菜,映水芙蓉·新川菜,川菜馆,4.7,124,L2,rated,True,,rated,parsed,rating_anchor,0.9592,0.9855,52,3000,50.721,4.7川菜馆￥124/人 | L2,映水芙蓉·新川菜 | 吹水 | 茉蓉 | 4.7川菜馆￥124/人 | L2 | 点评榜单 | 虹口区川菜热门榜第3名 | 四时有序夏味上新 | 二进条干辣椒炒鲜牛肝菌下饭美味” | 6 | ￥368 | 7.9折 | ￥469芙蓉套餐1品质双人餐 | 惠,ocr/input_videos\上海__白玉兰广场__20260826.mp4
OBS-000257,白玉兰广场,长风拨筋养身美颜,长风拨筋养身美颜,推拿养生,4.7,170,LG2,rated,True,,rated,parsed,rating_anchor,0.9791,0.9989,51,3000,50.721,LG2 | 4.7推拿养生￥170/人,拨筋 | 长风拨筋养身美颜 | LG2 | 4.7推拿养生￥170/人 | 防 | 北外滩/外白渡桥推拿养生销量榜第1名 | 养身 | 夏三伏拨筋节 | 环境国风舒适，技师手法专业” | ￥1388.3折 | ￥169肩颈拨筋|直击酸... | 惠,ocr/input_videos\上海__白玉兰广场__20260826.mp4
OBS-000258,白玉兰广场,李宁,李宁,服装,4.2,701,LG1,rated,True,,rated,parsed,rating_anchor,0.9835,0.9995,66,3000,50.721,LG1 | ★★★★★ | 4.2服装￥701/人,李宁 | LG1 | ★★★★★ | 4.2服装￥701/人,ocr/input_videos\上海__白玉兰广场__20260826.mp4
OBS-000259,白玉兰广场,映水芙蓉·新川菜,映水芙蓉·新川菜,川菜馆,4.7,124,L2,rated,True,,rated,parsed,rating_anchor,0.962,0.9797,51,3084,52.141,L2 | 4.7川菜馆￥124/人,映水芙蓉·新川菜 | 吹水 | 蓉 | L2 | 4.7川菜馆￥124/人 | 点评榜单 | 虹口区川菜热门榜第3名 | 二进条干辣椒炒鲜肝菌下饭美味” | 四时有序夏味上新 | “ | ￥3687.9折 | 惠 | ￥469芙蓉套餐1品质双人餐,ocr/input_videos\上海__白玉兰广场__20260826.mp4
OBS-000260,白玉兰广场,长风拨筋养身美颜,长风拨筋养身美颜,推拿养生,4.7,170,LG2,rated,True,,rated,parsed,rating_anchor,0.9646,0.9932,51,3084,52.141,LG2 | 4.7推拿养生￥170/人,拨筋 | 长风拨筋养身美颜 | LG2 | 4.7推拿养生￥170/人 | 北外滩/外白渡桥推拿养生销量榜第1名 | 养身 | 夏三伏拨筋节 | 环境国风舒适，技师法专业” | “ | ￥1388.3折 | ￥169肩颈拨筋|直击酸... | 惠,ocr/input_videos\上海__白玉兰广场__20260826.mp4
OBS-000261,白玉兰广场,李宁,李宁,服装,4.2,701,LG1,rated,True,,rated,parsed,rating_anchor,0.9852,0.9993,68,3084,52.141,🌟🌟💥⭐⭐ | LG1 | 4.2服装￥701/人,李宁 | 🌟🌟💥⭐⭐ | LG1 | 4.2服装￥701/人 | “店面宽，运动装备齐全,ocr/input_videos\上海__白玉兰广场__20260826.mp4
OBS-000262,白玉兰广场,捡角台湾食堂,捡角台湾食堂,台湾菜,4.4,46,LG2,rated,True,,rated,parsed,rating_anchor,0.9565,0.9788,52,3084,52.141,LG2 | 4.4台湾菜￥46/人,捡角台湾食堂 | LG2 | 4.4台湾菜￥46/人 | “炸鸡酥可，肠肠软硬适中” | 撿角KOnKAK | 自细当思小吃唱一杯 | ￥459.2折 | 惠 | ￥49捡角单人经典套餐 | ￥2959.9折 | ￥300300元代金券 | 惠,ocr/input_videos\上海__白玉兰广场__20260826.mp4
OBS-000263,白玉兰广场,长风拨筋养身美颜,长风拨筋养身美颜,推拿养生,4.7,170,LG2,rated,True,,rated,parsed,rating_anchor,0.9806,0.9983,51,3120,52.75,LG2 | 4.7推拿养生￥170/人,拨筋 | 长风拨筋养身美颜 | LG2 | 4.7推拿养生￥170/人 | 北外滩/外白渡桥推拿养生销量榜第1名 | 养身 | 夏三伏拨筋节 | 环境国风舒适，技师手法专业 | ￥138 | 8.3折 | ￥169 | 惠 | 肩颈拨筋一直击酸...,ocr/input_videos\上海__白玉兰广场__20260826.mp4
OBS-000264,白玉兰广场,李宁,李宁,服装,4.2,701,LG1,rated,True,,rated,parsed,rating_anchor,0.884,0.8159,65,3120,52.75,4.2服装￥701/人 | LG1,李宁 | 4.2服装￥701/人 | LG1 | 店面宽，运动装备齐全 | C | 3,ocr/input_videos\上海__白玉兰广场__20260826.mp4
OBS-000265,白玉兰广场,捡角台湾食堂,捡角台湾食堂,台湾菜,4.4,46,LG2,rated,True,,rated,parsed,rating_anchor,0.9731,0.9916,55,3120,52.75,LG2 | 🌟🌟🌟🌟 | 台湾菜￥46/人 | 4.4 | ★,捡角台湾食堂 | LG2 | 🌟🌟🌟🌟 | 台湾菜￥46/人 | 4.4 | ★ | 炸鸡香酥可口，大肠小肠软硬适中 | 捻角KOR KAK | 通肉元小吃吗一杯 | ￥459.2折 | ￥49捡角单人经典套餐 | 惠 | 惠 | ￥295 | 9.9折 | ￥300300元代金券,ocr/input_videos\上海__白玉兰广场__20260826.mp4
OBS-000266,白玉兰广场,藕巷·藕汤饭,藕巷·藕汤饭,湖北菜,4.4,49,LG2,rated,True,,rated,parsed,rating_anchor,0.9621,0.9662,51,3120,52.75,LG2 | 🌟⭐⭐ | 4.4湖北菜￥49/人 | ★,藕巷·藕汤饭 | OUI SOUP& RICE | 夏 | 江城 | 仲夏夜 | LG2 | 🌟⭐⭐ | 4.4湖北菜￥49/人 | ★ | 点评榜单 | 上海湖北菜好评榜第5名 | 国真 | ￥439折 | ￥48武汉嗦粉1人食套餐 | 惠,ocr/input_videos\上海__白玉兰广场__20260826.mp4
OBS-000267,白玉兰广场,纽悦伊人问题肌·術后修护,纽悦伊人问题肌·术后修护,皮肤管理,4.7,295,L1,rated,True,,rated,parsed,rating_anchor,0.9749,0.9857,54,3120,52.75,L1 | 4.7皮肤管理￥295/人,纽悦伊人问题肌·術后修护 | L1 | 4.7皮肤管理￥295/人,ocr/input_videos\上海__白玉兰广场__20260826.mp4
OBS-000268,白玉兰广场,长风拨筋养身美颜,长风拨筋养身美颜,推拿养生,4.7,170,LG2,rated,True,,rated,parsed,rating_anchor,0.9653,0.9961,51,3144,53.155,4.7推拿养生￥170/人 | LG2,拨筋 | 长风拨筋养身美颜 | 4.7推拿养生￥170/人 | LG2 | 北外滩/外白渡桥推拿养生销量榜第1名 | 养身 | 夏三伏拨筋节 | 环境国风舒适，技师手法专业 | 惠￥1388.3折 | ￥169肩颈拨筋|直击酸...,ocr/input_videos\上海__白玉兰广场__20260826.mp4
OBS-000269,白玉兰广场,李宁,李宁,服装,4.2,701,LG1,rated,True,,rated,parsed,rating_anchor,0.9803,0.9989,67,3144,53.155,4.2服装￥701/人 | LG1,李宁 | 4.2服装￥701/人 | LG1 | 店面宽，运动装备齐全 | 5,ocr/input_videos\上海__白玉兰广场__20260826.mp4
OBS-000270,白玉兰广场,捡角台湾食堂,捡角台湾食堂,台湾菜,4.4,46,LG2,rated,True,,rated,parsed,rating_anchor,0.9837,0.9981,55,3144,53.155,LG2 | ⭐🌟⭐⭐ | 4.4台湾菜￥46/人,捡角台湾食堂 | LG2 | ⭐🌟⭐⭐ | 4.4台湾菜￥46/人 | 炸鸡香酥可口，大肠小肠软硬适中 | 捻角KO KAK | 通肉瓶合小吃吗一标 | ￥459.2折 | ￥49捡角单人经典套餐 | 惠 | ￥2959.9折 | 惠 | ￥300300元代金券,ocr/input_videos\上海__白玉兰广场__20260826.mp4
OBS-000271,白玉兰广场,藕巷·藕汤饭,藕巷·藕汤饭,湖北菜,4.4,49,LG2,rated,True,,rated,parsed,rating_anchor,0.9715,0.9759,52,3144,53.155,LG2 | 4.4湖北菜￥49/人 | 🌟🌟🌟🌟,藕巷·藕汤饭 | OUI SOUP&RICE | 夏 | 江城 | LG2 | 4.4湖北菜￥49/人 | 🌟🌟🌟🌟 | 仲夏夜 | 点评榜单 | 上海湖北菜好评榜第5名 | ￥439折 | ￥48武汉嗦粉1人食套餐 | 惠,ocr/input_videos\上海__白玉兰广场__20260826.mp4
OBS-000272,白玉兰广场,纽悦伊人问题肌·術后修护,纽悦伊人问题肌·术后修护,皮肤管理,4.7,295,L1,rated,True,,rated,parsed,rating_anchor,0.973,0.9861,54,3144,53.155,4.7皮肤管理￥295/人 | L1,纽悦伊人问题肌·術后修护 | 4.7皮肤管理￥295/人 | L1 | NYSS组悦伊人 | 点评榜单 | 北外滩/外白渡桥美容/SPA好评榜第3名 | 按得快睡着了，肤润很多” | S,ocr/input_videos\上海__白玉兰广场__20260826.mp4
OBS-000273,白玉兰广场,长风拨筋养身美颜,长风拨筋养身美颜,推拿养生,4.7,170,LG2,rated,True,,rated,parsed,rating_anchor,0.9706,0.9981,48,3180,53.764,4.7推拿养生￥170/人 | LG2,拨筋 | 长风拨筋养身美颜 | 4.7推拿养生￥170/人 | LG2 | 北外滩/外白渡桥推拿养生销量榜第1名 | 养身 | 夏三伏拨筋节 | 环境国风舒适，技师手法专业 | ￥1388.3折 | ￥169肩颈拨筋|直击酸... | 惠,ocr/input_videos\上海__白玉兰广场__20260826.mp4
OBS-000274,白玉兰广场,李宁,李宁,服装,4.2,701,LG1,rated,True,,rated,parsed,rating_anchor,0.9765,0.999,63,3180,53.764,4.2服装￥701/人 | LG1,李宁 | 4.2服装￥701/人 | LG1 | 店面宽敬，运动装备齐全 | C,ocr/input_videos\上海__白玉兰广场__20260826.mp4
OBS-000275,白玉兰广场,捡角台湾食堂,捡角台湾食堂,台湾菜,4.4,46,LG2,rated,True,,rated,parsed,rating_anchor,0.9663,0.9995,54,3180,53.764,LG2 | 🌟🌟🌟🎉 | 4.4 | 台湾菜￥46/人 | ★,捡角台湾食堂 | LG2 | 🌟🌟🌟🎉 | 4.4 | 台湾菜￥46/人 | ★ | 炸鸡香酥可口，大肠小肠软硬适中 | 捻角KON KAK | 道肉机合小吃吗一杯 | ￥459.2折 | 惠 | ￥49捡角单人经典套餐 | ￥295 | 9.9折 | 惠 | ￥300300元代金券,ocr/input_videos\上海__白玉兰广场__20260826.mp4
OBS-000276,白玉兰广场,藕巷·藕汤饭,藕巷·藕汤饭,湖北菜,4.4,49,LG2,rated,True,,rated,parsed,rating_anchor,0.9642,0.9563,52,3180,53.764,4.4湖北菜￥49/人 | LG2 | 🌟🌟⭐⭐,藕巷·藕汤饭 | OU! SOUP& RICE | 夏 | 江城 | 仲夏夜 | 4.4湖北菜￥49/人 | LG2 | 🌟🌟⭐⭐ | 点评榜单 | 上海湖北菜好评榜第5名 | 照 | 国餐 | CD | ￥439折 | ￥48武汉嗦粉1人食套餐 | 惠,ocr/input_videos\上海__白玉兰广场__20260826.mp4
OBS-000277,白玉兰广场,纽悦伊人问题肌·術后修护,纽悦伊人问题肌·术后修护,皮肤管理,4.7,295,L1,rated,True,,rated,parsed,rating_anchor,0.9427,0.9745,51,3180,53.764,⭐4.7皮肤管理￥295/人 | L1,纽悦伊人问题肌·術后修护 | ⭐4.7皮肤管理￥295/人 | L1 | NYSS组悦伊人 | 点评榜单 | 北外滩/外白渡桥美容/SPA好评榜第3名 | 按得快睡着了，皮肤水润很多”,ocr/input_videos\上海__白玉兰广场__20260826.mp4
OBS-000278,白玉兰广场,李宁,李宁,服装,4.2,701,LG1,rated,True,,rated,parsed,rating_anchor,0.9708,0.9988,67,3252,54.981,4.2服装￥701/人 | LG1,李宁 | 4.2服装￥701/人 | LG1 | 店面宽敬，运动装备齐全 | 33,ocr/input_videos\上海__白玉兰广场__20260826.mp4
OBS-000279,白玉兰广场,捡角台湾食堂,捡角台湾食堂,台湾菜,4.4,46,LG2,rated,True,,rated,parsed,rating_anchor,0.9833,0.9979,56,3252,54.981,🌟🌟⭐⭐🌟 | LG2 | 4.4台湾菜￥46/人,捡角台湾食堂 | 🌟🌟⭐⭐🌟 | LG2 | 4.4台湾菜￥46/人 | “炸鸡香酥可口，大肠肠软硬适中” | 撿角KOn KAk | 通向报合湾1吃一部 | ￥459.2折 | ￥49捡角单人经典套餐 | 惠 | ￥2959.9折 | 惠 | ￥300300元代金券,ocr/input_videos\上海__白玉兰广场__20260826.mp4
OBS-000280,白玉兰广场,藕巷·藕汤饭,藕巷·藕汤饭,湖北菜,4.4,49,LG2,rated,True,,rated,parsed,rating_anchor,0.9694,0.9712,56,3252,54.981,LG2 | 🌟🌟🌟🌟 | 4.4湖北菜￥49/人,藕巷·藕汤饭 | OUI SOUP&RICE | 江城 | LG2 | 🌟🌟🌟🌟 | 4.4湖北菜￥49/人 | 点评榜单 | 上海湖北菜好评榜第5名 | 国营超话 | ILT | ￥439折 | ￥48武汉嗦粉1人食套餐 | 惠,ocr/input_videos\上海__白玉兰广场__20260826.mp4
OBS-000281,白玉兰广场,纽悦伊人问题肌·術后修护,纽悦伊人问题肌·术后修护,皮肤管理,4.7,295,L1,rated,True,,rated,parsed,rating_anchor,0.9688,0.9772,53,3252,54.981,4.7皮肤管理￥295/人 | L1,纽悦伊人问题肌·術后修护 | 4.7皮肤管理￥295/人 | L1 | NYSS纽悦伊人 | 点评榜单 | 北外滩/外白渡桥美容/SPA好评榜第3名 | 按得快睡着了，皮肤水润很多 | ￥125 | 4.2折 | ￥999 | 惠 | 65分钟深层清洁|毛...,ocr/input_videos\上海__白玉兰广场__20260826.mp4
OBS-000282,白玉兰广场,李宁,李宁,服装,4.2,701,LG1,rated,True,,rated,parsed,rating_anchor,0.9792,0.9991,63,3300,55.793,🌟🌟⭐⭐⭐ | LG1 | 4.2服装￥701/人,李宁 | 🌟🌟⭐⭐⭐ | LG1 | 4.2服装￥701/人 | 店面宽敞，运动装备齐全,ocr/input_videos\上海__白玉兰广场__20260826.mp4
OBS-000283,白玉兰广场,捡角台湾食堂,捡角台湾食堂,台湾菜,4.4,46,LG2,rated,True,,rated,parsed,rating_anchor,0.979,0.9981,56,3300,55.793,LG2 | 4.4台湾菜￥46/人,捡角台湾食堂 | LG2 | 4.4台湾菜￥46/人 | “炸鸡香酥可口，大肠肠软硬适中” | 撿角KOR KAK | 通报合湾1吃唱一部 | ￥459.2折 | ￥49捡角单人经典套餐 | 惠 | ￥2959.9折 | ￥300300元代金券 | 惠,ocr/input_videos\上海__白玉兰广场__20260826.mp4
OBS-000284,白玉兰广场,藕巷·藕汤饭,藕巷·藕汤饭,湖北菜,4.4,49,LG2,rated,True,,rated,parsed,rating_anchor,0.9573,0.9468,56,3300,55.793,LG2 | 🌟🌟🌟🎉 | 4.4湖北菜￥49/人,藕巷·藕汤饭 | OUI SOUP&RICE | 江域 | LG2 | 🌟🌟🌟🎉 | 4.4湖北菜￥49/人 | 点评榜单 | 上海湖北菜好评榜第5名 | 派 | 国营热话 | ￥439折 | 惠 | ￥48武汉嗦粉1人食套餐,ocr/input_videos\上海__白玉兰广场__20260826.mp4
OBS-000285,白玉兰广场,纽悦伊人问题肌·術后修护,纽悦伊人问题肌·术后修护,皮肤管理,4.7,295,L1,rated,True,,rated,parsed,rating_anchor,0.9733,0.9814,53,3300,55.793,4.7皮肤管理￥295/人 | L1,纽悦伊人问题肌·術后修护 | 4.7皮肤管理￥295/人 | L1 | NYSS纽悦伊人 | 点评榜单 | 北外滩/外白渡桥美容/SPA好评榜第3名 | 按得快睡着了，皮肤水润很多 | ￥125 | 4.2折 | ￥999 | 65分钟深层清洁|毛... | 惠,ocr/input_videos\上海__白玉兰广场__20260826.mp4
OBS-000286,白玉兰广场,藕巷·藕汤饭,藕巷·藕汤饭,湖北菜,4.4,49,LG2,rated,True,,rated,parsed,rating_anchor,0.9677,0.9717,51,3348,56.604,LG2 | ⭐🌟🌟⭐ | 4.4湖北菜￥49/人 | ★,藕巷·藕汤饭 | OUI SOUP& RICE | 夏 | 江城 | 仲夏夜 | LG2 | ⭐🌟🌟⭐ | 4.4湖北菜￥49/人 | ★ | 点评榜单 | 上海湖北菜好评榜第5名 | 面营 | CCTtRt | ￥439折 | ￥48武汉嗦粉1人食套餐 | 惠,ocr/input_videos\上海__白玉兰广场__20260826.mp4
OBS-000287,白玉兰广场,纽悦伊人问题肌·術后修护,纽悦伊人问题肌·术后修护,皮肤管理,4.7,295,L1,rated,True,,rated,parsed,rating_anchor,0.9641,0.9781,51,3348,56.604,4.7皮肤管理￥295/人 | L1,纽悦伊人问题肌·術后修护 | 4.7皮肤管理￥295/人 | L1 | 纽悦伊人 | NYSS | 点评榜单 | 北外滩/外白渡桥美容/SPA好评榜第3名 | 按得快睡着了，皮肤水润很多 | ￥125 | ￥999 | 4.2折 | 65分钟深层清洁|毛... | 惠,ocr/input_videos\上海__白玉兰广场__20260826.mp4
OBS-000288,白玉兰广场,北外滩国际法律服务港服务点,北外滩国际法律服务港服务点,,3.8,,商场内,rated,True,,rated,missing,rating_anchor,0.999,0.999,57,3348,56.604,商场内 | ⭐3.8法律服务,北外滩国际法律服务港服务点 | 北外津国际送批国 | 全型素一式 | 商场内 | ⭐3.8法律服务,ocr/input_videos\上海__白玉兰广场__20260826.mp4
OBS-000289,白玉兰广场,皖荟·山野徽菜,皖荟·山野徽菜,徽菜,4.6,83,L2,rated,True,,rated,parsed,rating_anchor,0.9556,0.9591,54,3348,56.604,L2 | 徽菜￥83/人 | 🌟🌟🌟🌟🌟 | 4.6,皖荟·山野徽菜 | L2 | 徽菜￥83/人 | 🌟🌟🌟🌟🌟 | 4.6 | 点评榜单 | 虹口区徽菜好评榜第1名 | 尝鲜必选，多样美食实惠又干净 | 5 | ￥34.9 | 6.9折 | ￥50.8 | 惠 | 淮南牛肉汤单人餐... | 9.7折 | ￥48.5 | ￥5050元代金券 | 惠,ocr/input_videos\上海__白玉兰广场__20260826.mp4
OBS-000290,白玉兰广场,锅气·湖南饭店,锅气·湖南饭店,湘菜,4.2,59,LG2,rated,True,,rated,parsed,rating_anchor,0.9748,0.9834,51,3348,56.604,LG2 | 4.2湘菜￥59/人 | 🌟🌟🌟🌟,锅气·湖南饭店 | 现点现炒 | LG2 | 4.2湘菜￥59/人 | 🌟🌟🌟🌟 | 拒绝预制 | 点评榜单 | 虹口区湘菜打卡人气榜第4名,ocr/input_videos\上海__白玉兰广场__20260826.mp4
OBS-000291,白玉兰广场,藕巷·藕汤饭,藕巷·藕汤饭,湖北菜,4.4,49,LG2,rated,True,,rated,parsed,rating_anchor,0.9656,0.967,55,3372,57.01,LG2 | 🌟🌟🎉🎉 | 4.4湖北菜￥49/人,藕巷·藕汤饭 | OUI SOUP&RICE | 夏 | 江城 | LG2 | 🌟🌟🎉🎉 | 4.4湖北菜￥49/人 | 仲夏衣 | 点评榜单 | 上海湖北菜好评榜第5名 | 国营·讯 | () | ￥439折 | ￥48武汉嗦粉1人食套餐 | 惠,ocr/input_videos\上海__白玉兰广场__20260826.mp4
OBS-000292,白玉兰广场,纽悦伊人问题肌·術后修护,纽悦伊人问题肌·术后修护,皮肤管理,4.7,295,L1,rated,True,,rated,parsed,rating_anchor,0.9763,0.9771,50,3372,57.01,🌟🌟⭐🌟 | 4.7皮肤管理￥295/人 | L1,纽悦伊人问题肌·術后修护 | 🌟🌟⭐🌟 | 4.7皮肤管理￥295/人 | L1 | NYSS纽悦伊人 | 点评榜单 | 北外滩/外白渡桥美容/SPA好评榜第3名 | “按得快睡着了，皮肤润很多” | 惠 | ￥125 | 4.2折 | ￥999 | 65分钟深层清洁|毛...,ocr/input_videos\上海__白玉兰广场__20260826.mp4
OBS-000293,白玉兰广场,北外滩国际法律服务港服务点,北外滩国际法律服务港服务点,,3.8,,商场内,rated,True,,rated,missing,rating_anchor,0.9986,0.9986,56,3372,57.01,⭐⭐✨⭐3.8法律服务 | 商场内,北外滩国际法请国 | 北外滩国际法律服务港服务点 | 立要家一天作 | ⭐⭐✨⭐3.8法律服务 | 商场内 | 2,ocr/input_videos\上海__白玉兰广场__20260826.mp4
OBS-000294,白玉兰广场,皖荟·山野徽菜,皖荟·山野徽菜,徽菜,4.6,83,L2,rated,True,,rated,parsed,rating_anchor,0.9597,0.9683,55,3372,57.01,徽菜￥83/人 | L2 | 🌟🌟⭐🌟🌟 | 4.6,皖荟·山野徽菜 | 只焗当天鲜土鸡 | 徽菜￥83/人 | L2 | 🌟🌟⭐🌟🌟 | 4.6 | 点评榜单 | 虹口区徽菜好评榜第1名 | 尝鲜必选，多样美食实惠又干净 | “ | ￥34.9 | 6.9折 | ￥50.8淮南牛肉汤单人餐... | 惠 | ￥48.5 | 惠 | 9.7折 | ￥5050元代金券,ocr/input_videos\上海__白玉兰广场__20260826.mp4
OBS-000295,白玉兰广场,锅气·湖南饭店,锅气·湖南饭店,湘菜,4.2,59,LG2,rated,True,,rated,parsed,rating_anchor,0.9682,0.9808,52,3372,57.01,LG2 | 4.2湘菜￥59/人 | 🌟🌟🌟⭐ | ★,锅气·湖南饭店 | 现点现炒 | LG2 | 4.2湘菜￥59/人 | 🌟🌟🌟⭐ | ★ | 拒绝预制 | 点评榜单 | 虹口区湘菜打卡人气榜第4名,ocr/input_videos\上海__白玉兰广场__20260826.mp4
OBS-000296,白玉兰广场,纽悦伊人问题肌·術后修护,纽悦伊人问题肌·术后修护,皮肤管理,4.7,295,L1,rated,True,,rated,parsed,rating_anchor,0.9739,0.9838,51,3492,59.039,⭐🌟🌟🌟🌟 | 4.7皮肤管理￥295/人 | L1,纽悦伊人问题肌·術后修护 | ⭐🌟🌟🌟🌟 | 4.7皮肤管理￥295/人 | L1 | NYSS纽悦伊人 | 点评榜单 | 北外滩/外白渡桥美容/SPA好评榜第3名 | “按得快睡着了，肤润很多” | ￥999 | ￥125 | 65分钟深层清洁|毛.. | 4.2折 | 惠,ocr/input_videos\上海__白玉兰广场__20260826.mp4
OBS-000297,白玉兰广场,北外滩国际法律服务港服务点,北外滩国际法律服务港服务点,,3.8,,商场内,rated,True,,rated,missing,rating_anchor,0.9988,0.9988,56,3492,59.039,商场内 | 3.8法律服务,北外津国际法机国院 | 北外滩国际法律服务港服务点 | 全贸卖一 | 商场内 | 3.8法律服务,ocr/input_videos\上海__白玉兰广场__20260826.mp4
OBS-000298,白玉兰广场,皖荟·山野徽菜,皖荟·山野徽菜,徽菜,4.6,83,L2,rated,True,,rated,parsed,rating_anchor,0.9502,0.953,52,3492,59.039,L2 | 🌟★🌟4.6 | 徽菜￥83/人,皖荟·山野徽菜 | 只焗当天鲜土鸡 | L2 | 🌟★🌟4.6 | 徽菜￥83/人 | 点评榜单 | 虹口区徽菜好评榜第1名 | 尝鲜必选，多样美食实惠又干净 | ￥34.9 | ￥50.8淮南牛肉汤单人餐.. | 6.9折 | 惠 | ￥5050元代金券 | ￥48.5 | 9.7折 | 惠,ocr/input_videos\上海__白玉兰广场__20260826.mp4
OBS-000299,白玉兰广场,锅气·湖南饭店,锅气·湖南饭店,湘菜,4.2,59,LG2,rated,True,,rated,parsed,rating_anchor,0.9806,0.9924,57,3492,59.039,LG2 | 🌟🌟🌟🌟 | 4.2湘菜￥59/人 | ★,锅气·湖南饭店 | 现点现炒 | LG2 | 🌟🌟🌟🌟 | 4.2湘菜￥59/人 | ★ | 拒绝预制 | 点评榜单 | 虹口区湘菜打卡人气榜第4名 | ￥39.86折 | ￥67 | 【晚市】招牌菜单人餐 | 惠 | ￥489.6折 | ￥50 | 惠 | 【晚市】50元代金券,ocr/input_videos\上海__白玉兰广场__20260826.mp4
OBS-000300,白玉兰广场,霸王茶姬,霸王茶姬,茶饮果汁,4.2,20,L1,rated,True,,rated,parsed,rating_anchor,0.983,0.9925,56,3492,59.039,L1 | 🌟🌟⭐ | 4.2茶饮果汁￥20/人 | ★,霸王茶姬 | L1 | 🌟🌟⭐ | 4.2茶饮果汁￥20/人 | ★ | CHAGEE | 点评镑单 | 北外滩/外白渡桥茶饮果汁好评榜第3名,ocr/input_videos\上海__白玉兰广场__20260826.mp4
OBS-000301,白玉兰广场,皖荟·山野徽菜,皖荟·山野徽菜,徽菜,4.6,83,L2,rated,True,,rated,parsed,rating_anchor,0.9658,0.974,51,3540,59.85,🌟🌟⭐⭐🌟 | 徽菜￥83/人 | L2 | 4.6,皖荟·山野徽菜 | 只焗当天鲜土鸡 | 🌟🌟⭐⭐🌟 | 徽菜￥83/人 | L2 | 4.6 | 点评榜单 | 虹口区徽菜好评榜第1名 | 尝鲜必选，多样美食实惠又干净 | ≤ | 惠 | ￥34.9 | 6.9折 | ￥50.8 | 淮南牛肉汤单人餐... | 惠 | ￥48.5 | 9.7折 | ￥5050元代金券,ocr/input_videos\上海__白玉兰广场__20260826.mp4
OBS-000302,白玉兰广场,锅气·湖南饭店,锅气·湖南饭店,湘菜,4.2,59,LG2,rated,True,,rated,parsed,rating_anchor,0.9732,0.9874,52,3540,59.85,4.2湘菜￥59/人 | LG2 | 🌟🌟🌟🎉,锅气·湖南饭店 | 现点现炒 | 4.2湘菜￥59/人 | LG2 | 🌟🌟🌟🎉 | 拒绝预制 | 点评榜单 | 虹口区湘菜打卡人气榜第4名 | ￥39.86折 | ￥67 | 惠 | 【晚市】 | 招牌菜单人餐 | ￥489.6折 | ￥50 | 惠 | 【晚市】50元代金券,ocr/input_videos\上海__白玉兰广场__20260826.mp4
OBS-000303,白玉兰广场,霸王茶姬,霸王茶姬,茶饮果汁,4.2,20,L1,rated,True,,rated,parsed,rating_anchor,0.981,0.9897,56,3540,59.85,4.2茶饮果汁￥20/人 | 🌟🌟🌟🌟 | L1 | 人,霸王茶姬 | 4.2茶饮果汁￥20/人 | 🌟🌟🌟🌟 | L1 | 人 | CHAGEE | 点评榜单 | 北外滩/外白渡桥茶饮果汁好评榜第3名 | ￥189折 | ￥20 | 惠 | 【新会员专享】伯牙绝弦,ocr/input_videos\上海__白玉兰广场__20260826.mp4
OBS-000304,白玉兰广场,上汽奥迪,上汽奥迪,4S店,,,L1,unknown,True,,ocr_missing,parsed,metadata_anchor,0.957,0.9194,56,3540,59.85,3.54S店 | L1 | 🌟🌟🌟🌟🌟,上汽奥迪 | 0 | 3.54S店 | L1 | 🌟🌟🌟🌟🌟 | CI,ocr/input_videos\上海__白玉兰广场__20260826.mp4
OBS-000305,白玉兰广场,晓疆山·大美新疆菜,晓疆山·大美新疆菜,新疆菜,4.2,81,LG2,rated,True,,rated,parsed,rating_anchor,0.9842,0.9701,53,3540,59.85,LG2 | 🌟🌟⭐⭐ | 新疆菜 | 4.2 | ￥81/人,晓疆山·大美新疆菜 | 春夏新菜单 | XIAO IJIANGI SHAN | LG2 | 🌟🌟⭐⭐ | 新疆菜 | 4.2 | ￥81/人 | 每日鲜肉到店 | 点评榜单 | 虹口区新疆菜打卡人气榜第1名,ocr/input_videos\上海__白玉兰广场__20260826.mp4
OBS-000306,白玉兰广场,锅气·湖南饭店,锅气·湖南饭店,湘菜,4.2,59,LG2,rated,True,,rated,parsed,rating_anchor,0.973,0.9863,54,3612,61.068,LG2 | 🌟🌟⭐⭐ | 4.2湘菜￥59/人 | ★,锅气·湖南饭店 | 现点现炒 | LG2 | 🌟🌟⭐⭐ | 4.2湘菜￥59/人 | ★ | 拒绝预制 | 点评榜单 | 虹口区湘菜打卡人气榜第4名 | ￥39.86折 | ￥67 | 惠 | 【晚市】招牌菜单人餐 | ￥489.6折 | ￥50 | 惠 | 【晚市】50元代金券,ocr/input_videos\上海__白玉兰广场__20260826.mp4
OBS-000307,白玉兰广场,霸王茶姬,霸王茶姬,茶饮果汁,4.2,20,L1,rated,True,,rated,parsed,rating_anchor,0.9781,0.989,53,3612,61.068,⭐🌟🌟⭐ | 4.2茶饮果汁￥20/人 | L1,霸王茶姬 | ⭐🌟🌟⭐ | 4.2茶饮果汁￥20/人 | L1 | CHAGEE | 点评榜单 | 北外滩/外白渡桥茶饮果汁好评榜第3名 | ￥189折 | ￥20 | 惠 | 【新会员专享】伯牙绝弦,ocr/input_videos\上海__白玉兰广场__20260826.mp4
OBS-000308,白玉兰广场,上汽奧迪,上汽奥迪,4S店,,,L1,unknown,True,,ocr_missing,parsed,metadata_anchor,0.9393,0.8916,56,3612,61.068,3.54S店 | L1,上汽奧迪 | 0 | 3.54S店 | L1 | CID,ocr/input_videos\上海__白玉兰广场__20260826.mp4
OBS-000309,白玉兰广场,晓疆山·大美新疆菜,晓疆山·大美新疆菜,新疆菜,4.2,81,LG2,rated,True,,rated,parsed,rating_anchor,0.9648,0.9648,51,3612,61.068,LG2 | 🌟🌟🌟🌟 | 新疆菜￥81/人 | 4.2,晓疆山·大美新疆菜 | 春夏新菜单 | XIAO I JIANG I SHAN | LG2 | 🌟🌟🌟🌟 | 新疆菜￥81/人 | 4.2 | 每日鲜肉到店 | 点评榜单 | 虹口区新疆菜打卡人气榜第1名 | 手抓饭新鲜正宗，服务员态度好” | ￥158 | 8.2折 | ￥194 | 惠 | 喀纳斯牧歌一炙享.... | ¥979.7折 | ¥100100元代金券 | 惠,ocr/input_videos\上海__白玉兰广场__20260826.mp4
OBS-000310,白玉兰广场,上汽奥迪,上汽奥迪,4S店,3.5,,L1,rated,True,,rated,parsed,rating_anchor,0.9834,0.9759,52,3660,61.879,4S店 | ★★★★★ | L1 | 3.5,上汽奥迪 | 0 | 4S店 | ★★★★★ | L1 | 3.5 | C11D,ocr/input_videos\上海__白玉兰广场__20260826.mp4
OBS-000311,白玉兰广场,晓疆山·大美新疆菜,晓疆山·大美新疆菜,新疆菜,4.2,81,LG2,rated,True,,rated,parsed,rating_anchor,0.9858,0.9724,53,3660,61.879,🌟🌟⭐⭐ | LG2 | 新疆菜 | ￥81/人 | 4.2,晓疆山·大美新疆菜 | 春夏新菜单 | XIAO IJIANG I SHAN | 🌟🌟⭐⭐ | LG2 | 新疆菜 | ￥81/人 | 4.2 | 每日鲜肉到店 | 点评榜单 | 虹口区新疆菜打卡人气榜第1名 | 手抓饭新鲜正宗，服务员态度好 | ≤ | ￥158 | 喀纳斯牧歌|炙享... | 惠 | 8.2折 | ￥194 | ￥97 | 9.7折 | 惠 | ￥100100元代金券,ocr/input_videos\上海__白玉兰广场__20260826.mp4
OBS-000312,白玉兰广场,象象堂·泰式快炒,象象堂·泰式快炒,南洋中菜,4.1,49,LG2,rated,True,,rated,parsed,rating_anchor,0.9779,0.9789,51,3660,61.879,LG2 | 4.1南洋中菜￥49/人 | 🌟🌟🎉🎉,象象堂·泰式快炒 | 不と海南鸡饭 | M | LG2 | 4.1南洋中菜￥49/人 | 🌟🌟🎉🎉 | 点评榜单 | 上海南洋中菜口味榜第9名 | ￥2.99 | 3.8折 | 惠 | ￥8沁爽一夏·咖啡椰子冻,ocr/input_videos\上海__白玉兰广场__20260826.mp4
OBS-000313,白玉兰广场,Travel Heart,TravelHeart,服装,3.9,,LG1,rated,True,,rated,parsed,rating_anchor,0.9964,0.9931,45,3660,61.879,🌟🌟🎉🌟⭐ | 服装 | LG1 | 3.9,Travel Heart | 🌟🌟🎉🌟⭐ | 服装 | LG1 | 3.9,ocr/input_videos\上海__白玉兰广场__20260826.mp4
OBS-000314,白玉兰广场,野人先生Gelato,野人先生Gelato,冰淇淋,4.3,28,LG1,rated,True,,rated,parsed,rating_anchor,0.9797,0.9991,51,3660,61.879,LG1 | 🌟🌟🌟🌟 | 冰淇淋￥28/人 | 4.3,野人先生Gelato | 欢583 | 山野 | 张瑰 | LG1 | 🌟🌟🌟🌟 | 冰淇淋￥28/人 | 4.3 | GELATO | 点评榜单 | 北外滩/外白渡桥饮品销量榜第1名 | 鄂 | 惠 | ￥369.5折 | ￥38 | 【任意拼】 | 双拼口味冰...,ocr/input_videos\上海__白玉兰广场__20260826.mp4
OBS-000315,白玉兰广场,上汽奥迪,上汽奥迪,4S店,,,L1,unknown,True,,ocr_missing,parsed,metadata_anchor,0.9554,0.9152,55,3672,62.082,3.54S店 | 🌟🌟🌟🌟🌟 | L1,上汽奥迪 | 0m | 3.54S店 | 🌟🌟🌟🌟🌟 | L1 | C,ocr/input_videos\上海__白玉兰广场__20260826.mp4
OBS-000316,白玉兰广场,晓疆山·大美新疆菜,晓疆山·大美新疆菜,新疆菜,4.2,81,LG2,rated,True,,rated,parsed,rating_anchor,0.9562,0.9586,54,3672,62.082,新疆菜￥81/人 | 🌟🌟⭐⭐ | LG2 | 4.2,晓疆山·大美新疆菜 | 春夏新菜单 | XIAO IJIANGISHAN | 新疆菜￥81/人 | 🌟🌟⭐⭐ | LG2 | 4.2 | 每日鲜肉到店 | 点评榜单 | 虹口区新疆菜打卡人气榜第1名 | 手抓饭新鲜正宗，服务员态度好 | “ | 1 | ￥1588.2折 | 惠 | ￥194 | 喀纳斯牧歌|炙享... | ￥97 | 9.7折 | 惠 | ￥100100元代金券,ocr/input_videos\上海__白玉兰广场__20260826.mp4
OBS-000317,白玉兰广场,象象堂·泰式快炒,象象堂·泰式快炒,南洋中菜,4.1,49,LG2,rated,True,,rated,parsed,rating_anchor,0.9727,0.9841,51,3672,62.082,南洋中菜￥49/人 | LG2 | ★★★★ | 4.1,象象堂·泰式快炒 | 不と海南号阪 | MJTCMiAanKiO | 南洋中菜￥49/人 | LG2 | ★★★★ | 4.1 | 点评榜单 | 上海南洋中菜口味榜第9名 | ￥2.99 | 3.8折 | 惠 | ￥8沁爽一夏·咖啡椰子冻,ocr/input_videos\上海__白玉兰广场__20260826.mp4
OBS-000318,白玉兰广场,Travel Heart,TravelHeart,服装,3.9,,LG1,rated,True,,rated,parsed,rating_anchor,0.9976,0.9956,50,3672,62.082,🌟🌟🌟🌟⭐ | 服装 | LG1 | 3.9,Travel Heart | 🌟🌟🌟🌟⭐ | 服装 | LG1 | 3.9,ocr/input_videos\上海__白玉兰广场__20260826.mp4
OBS-000319,白玉兰广场,野人先生Gelato,野人先生Gelato,冰淇淋,4.3,28,LG1,rated,True,,rated,parsed,rating_anchor,0.9768,0.9985,53,3672,62.082,LG1 | 🌟🌟⭐🌟 | 冰淇淋￥28/人 | 4.3,野人先生Gelato | 山野 | 张瑰 | LG1 | 🌟🌟⭐🌟 | 冰淇淋￥28/人 | 4.3 | GELATO | 点评榜单 | 北外滩/外白渡桥饮品销量榜第1名 | 鄂 | ￥369.5折 | ￥38 | 惠 | 【任意拼】 | 双拼口味冰...,ocr/input_videos\上海__白玉兰广场__20260826.mp4
OBS-000320,白玉兰广场,晓疆山·大美新疆菜,晓疆山·大美新疆菜,新疆菜,4.2,81,LG2,rated,True,,rated,parsed,rating_anchor,0.9658,0.9776,57,3744,63.3,LG2 | 🌟🌟⭐⭐ | 新疆菜￥81/人 | 4.2 | ★,晓疆山·大美新疆菜 | 春夏新菜单 | XIAOIJIANGISHAN | LG2 | 🌟🌟⭐⭐ | 新疆菜￥81/人 | 4.2 | ★ | 每日鲜肉到店 | 点评榜单 | 虹口区新疆菜打卡人气榜第1名 | 手抓饭新鲜正宗，服务员态度好 | ￥158 | 8.2折 | ￥194 | 喀纳斯牧歌|炙享... | 惠 | ￥97 | 9.7折 | 惠 | ￥100100元代金券,ocr/input_videos\上海__白玉兰广场__20260826.mp4
OBS-000321,白玉兰广场,象象堂·泰式快炒,象象堂·泰式快炒,南洋中菜,4.1,49,LG2,rated,True,,rated,parsed,rating_anchor,0.9652,0.99,51,3744,63.3,LG2 | 4.1南洋中菜￥49/人,象象堂·泰式快炒 | 不と海南鳴阪 | Mre JtraoanKet | LG2 | 4.1南洋中菜￥49/人 | 点评榜单 | 上海南洋中菜口味榜第9名 | ￥2.99 | 3.8折 | 惠 | ￥8沁爽一夏·咖啡椰子冻,ocr/input_videos\上海__白玉兰广场__20260826.mp4
OBS-000322,白玉兰广场,Travel Heart,TravelHeart,服装,3.9,,LG1,rated,True,,rated,parsed,rating_anchor,0.9353,0.9915,47,3744,63.3,LG1 | ⭐3.9服装,Travel Heart | LG1 | ⭐3.9服装,ocr/input_videos\上海__白玉兰广场__20260826.mp4
OBS-000323,白玉兰广场,野人先生Gelato,野人先生Gelato,冰淇淋,4.3,28,LG1,rated,True,,rated,parsed,rating_anchor,0.978,0.9982,51,3744,63.3,LG1 | ⭐🌟⭐⭐ | 4.3 | 冰淇淋￥28/人,野人先生Gelato | M | 山野 | 张瑰 | LG1 | ⭐🌟⭐⭐ | 4.3 | 冰淇淋￥28/人 | GELATO | 点评榜单 | 北外滩/外白渡桥饮品销量榜第1名 | S | ￥369.5折 | ￥38 | 【任意拼】双拼口味冰... | 惠,ocr/input_videos\上海__白玉兰广场__20260826.mp4
OBS-000324,白玉兰广场,M Stand,MStand,咖啡,4.2,33,L1,rated,True,,rated,parsed,rating_anchor,0.9607,0.9546,48,3744,63.3,🌟🌟🌟⭐ | L1 | 4.2咖啡￥33/人,M Stand | 芒果凤梨系列上新 | 🌟🌟🌟⭐ | L1 | 4.2咖啡￥33/人 | 点评榜单 | 北外滩/外白渡桥咖啡回头客榜第4名,ocr/input_videos\上海__白玉兰广场__20260826.mp4
OBS-000325,白玉兰广场,Travel Heart,TravelHeart,服装,3.9,,LG1,rated,True,,rated,parsed,rating_anchor,0.9923,0.9925,53,3756,63.502,3.9服装 | LG1,Travel Heart | 3.9服装 | LG1,ocr/input_videos\上海__白玉兰广场__20260826.mp4
OBS-000326,白玉兰广场,野人先生Gelato,野人先生Gelato,冰淇淋,4.3,28,LG1,rated,True,,rated,parsed,rating_anchor,0.9867,0.9984,54,3756,63.502,🌟💥💥🌟 | 4.3冰淇淋￥28/人 | LG1 | ★,野人先生Gelato | 山野 | 张瑰 | 🌟💥💥🌟 | 4.3冰淇淋￥28/人 | LG1 | ★ | GELATO | 点评榜单 | 北外滩/外白渡桥饮品销量榜第1名 | B | ￥369.5折 | ￥38 | 惠 | 【任意拼】双拼口味冰...,ocr/input_videos\上海__白玉兰广场__20260826.mp4
OBS-000327,白玉兰广场,MStand,MStand,咖啡,4.2,33,L1,rated,True,,rated,parsed,rating_anchor,0.9697,0.9942,56,3756,63.502,4.2咖啡￥33/人 | L1 | 🌟🌟🌟🌟 | ￥,MStand | 芒果凤裂系列上新 | 4.2咖啡￥33/人 | L1 | 🌟🌟🌟🌟 | ￥ | 点评榜单 | 北外滩/外白渡桥咖啡回头客榜第4名 | ￥38 | ￥27.57.3折 | 【第次喝】招牌特.. | 惠,ocr/input_videos\上海__白玉兰广场__20260826.mp4
OBS-000328,白玉兰广场,泽大（上海）律师事务所,泽大(上海)律师事务所,,3.6,,商场内,rated,True,,rated,missing,rating_anchor,0.9891,0.9891,64,3756,63.502,3.6法律服务 | 商场内,泽大（上海）律师事务所 | 泽大律所 | 3.6法律服务 | 商场内 | 陈律师介入后，美容院全面整改 | 40年律所品牌 | ￥99￥200 | 【电话/微信】法律咨询 | 惠,ocr/input_videos\上海__白玉兰广场__20260826.mp4
OBS-000329,白玉兰广场,Travel Heart,TravelHeart,服装,3.9,,LG1,rated,True,,rated,parsed,rating_anchor,0.9849,0.9791,50,3792,64.111,3.9服装 | LG1,Travel Heart | 3.9服装 | LG1,ocr/input_videos\上海__白玉兰广场__20260826.mp4
OBS-000330,白玉兰广场,野人先生Gelato,野人先生Gelato,冰淇淋,4.3,28,LG1,rated,True,,rated,parsed,rating_anchor,0.9864,0.999,55,3792,64.111,LG1 | 🌟🌟🌟🌟 | 4.3冰淇淋￥28/人,野人先生Gelato | 2 | 山野 | 该瑰 | LG1 | 🌟🌟🌟🌟 | 4.3冰淇淋￥28/人 | GELATO | 点评榜单 | 北外滩/外白渡桥饮品销量榜第1名 | S | ￥369.5折 | ￥38 | 【任意拼】双拼口味冰... | 惠,ocr/input_videos\上海__白玉兰广场__20260826.mp4
OBS-000331,白玉兰广场,M Stand,MStand,咖啡,4.2,33,L1,rated,True,,rated,parsed,rating_anchor,0.9714,0.9755,53,3792,64.111,🌟🌟⭐⭐ | L1 | 4.2咖啡￥33/人 | ★,M Stand | 芒果凤梨系列上新 | 🌟🌟⭐⭐ | L1 | 4.2咖啡￥33/人 | ★ | 点评榜单 | 北外滩/外白渡桥咖啡回头客榜第4名 | ￥27.57.3折 | ￥38 | 惠 | 【第一次喝】招牌特..,ocr/input_videos\上海__白玉兰广场__20260826.mp4
OBS-000332,白玉兰广场,泽大（上海）律师事务所,泽大(上海)律师事务所,,3.6,,商场内,rated,True,,rated,missing,rating_anchor,0.99,0.99,63,3792,64.111,⭐3.6法律服务 | 商场内,泽大（上海）律师事务所 | 泽大律所 | ⭐3.6法律服务 | 商场内 | 陈律师介入后，美容院全面整改” | 40年律所品牌 | ￥99￥200 | 【电话/微信】法律咨询 | 惠,ocr/input_videos\上海__白玉兰广场__20260826.mp4
OBS-000333,白玉兰广场,Travel Heart,TravelHeart,服装,3.9,,LG1,rated,True,,rated,parsed,rating_anchor,0.984,0.9776,50,3840,64.923,3.9服装 | LG1,Travel Heart | 3.9服装 | LG1,ocr/input_videos\上海__白玉兰广场__20260826.mp4
OBS-000334,白玉兰广场,野人先生Gelato,野人先生Gelato,冰淇淋,4.3,28,LG1,rated,True,,rated,parsed,rating_anchor,0.9871,0.9988,52,3840,64.923,LG1 | 🌟🌟🌟🌟 | 4.3冰淇淋￥28/人,野人先生Gelato | 山野 | 该瑰 | LG1 | 🌟🌟🌟🌟 | 4.3冰淇淋￥28/人 | GELATO | 点评榜单 | 北外滩/外白渡桥饮品销量榜第1名 | S | ￥369.5折 | ￥38 | 【任意拼】双拼口味冰... | 惠,ocr/input_videos\上海__白玉兰广场__20260826.mp4
OBS-000335,白玉兰广场,M Stand,MStand,咖啡,4.2,33,L1,rated,True,,rated,parsed,rating_anchor,0.964,0.9755,53,3840,64.923,🌟🌟⭐⭐ | L1 | 咖啡￥33/人 | 4.2 | ★,M Stand | 芒果凤梨系列上新 | 🌟🌟⭐⭐ | L1 | 咖啡￥33/人 | 4.2 | ★ | 深出基 | 点评榜单 | 北外滩/外白渡桥咖啡回头客榜第4名 | ￥27.57.3折 | ￥38 | 惠 | 【第一次喝】招牌特….,ocr/input_videos\上海__白玉兰广场__20260826.mp4
OBS-000336,白玉兰广场,泽大（上海）律师事务所,泽大(上海)律师事务所,,3.6,,商场内,rated,True,,rated,missing,rating_anchor,0.9939,0.9939,63,3840,64.923,商场内 | 🌟🌟🎉🌟🌟 | 3.6法律服务,泽大（上海）律师事务所 | 泽大律所 | 商场内 | 🌟🌟🎉🌟🌟 | 3.6法律服务 | 陈律师介入后，美容院全面整改” | 40年律所品牌 | ￥99￥200 | 惠 | 【电话/微信】法律咨询,ocr/input_videos\上海__白玉兰广场__20260826.mp4
OBS-000337,白玉兰广场,野人先生Gelato,野人先生Gelato,冰淇淋,4.3,28,LG1,rated,True,,rated,parsed,rating_anchor,0.978,0.9972,55,3852,65.125,LG1 | 冰淇淋￥28/人 | 🌟🌟⭐🌟 | 4.3,野人先生Gelato | M8 | 野 | 张瑰 | LG1 | 冰淇淋￥28/人 | 🌟🌟⭐🌟 | 4.3 | GELATO | 点评榜单 | 北外滩/外白渡桥饮品销量榜第1名 | B | ￥369.5折 | ￥38 | 【任意拼】双拼口味冰... | 惠,ocr/input_videos\上海__白玉兰广场__20260826.mp4
OBS-000338,白玉兰广场,M Stand,MStand,咖啡,4.2,33,L1,rated,True,,rated,parsed,rating_anchor,0.9488,0.9555,52,3852,65.125,🌟🌟🌟⭐ | L1 | 4.2 | 咖啡￥33/人,M Stand | 芒果凤梨系列上新一 | 🌟🌟🌟⭐ | L1 | 4.2 | 咖啡￥33/人 | 点评榜单 | 北外滩/外白渡桥咖啡回头客榜第4名 | ￥27.57.3折 | ￥38 | 【第一次喝】招牌特.. | 惠,ocr/input_videos\上海__白玉兰广场__20260826.mp4
OBS-000339,白玉兰广场,泽大（上海）,泽大(上海),,3.6,,商场内,rated,True,,rated,missing,rating_anchor,0.9456,0.9456,58,3852,65.125,商场内 | 3.6法律服务,泽大（上海） | 律师事务所 | 泽大律所 | 商场内 | 3.6法律服务 | 陈律师介入后，美容院全面整改 | 40年律所品牌 | ￥99￥200 | 惠 | 【电话/微信】法律咨询,ocr/input_videos\上海__白玉兰广场__20260826.mp4
OBS-000340,白玉兰广场,LINGA男士发型设计,LINGA男士发型设计,美发,4.8,238,LG2,rated,True,,rated,parsed,rating_anchor,0.961,0.9802,54,3852,65.125,LG2 | 4.8美发￥238/人,LINGA男士发型设计 | LG2 | 4.8美发￥238/人 | ED | 点评榜单 | 虹口区美发好评榜第1名 | LNOBRLON高男士 | 包厢私密性高，发型师技术精湛 | “ | 惠￥197￥198 | 【美团专属】高级设计师...,ocr/input_videos\上海__白玉兰广场__20260826.mp4
OBS-000341,白玉兰广场,CHA&JOY茶九·都市绿洲,CHA&JOY茶九·都市绿洲,饮品,4.1,25,LG2,rated,True,,rated,parsed,rating_anchor,0.9745,0.9857,54,3852,65.125,LG2 | 4.1饮品￥25/人 | 🌟🌟🌟🌟 | ★,CHA&JOY茶九·都市绿洲 | LG2 | 4.1饮品￥25/人 | 🌟🌟🌟🌟 | ★ | 点评榜单 | 北外滩/外白渡桥饮品打卡人气榜第1名,ocr/input_videos\上海__白玉兰广场__20260826.mp4
OBS-000342,白玉兰广场,M Stand,MStand,咖啡,4.2,33,L1,rated,True,,rated,parsed,rating_anchor,0.9688,0.9725,52,3900,65.937,4.2咖啡￥33/人 | L1 | ⭐🌟🌟🌟 | ★,M Stand | 芒果凤梨系列上新 | 4.2咖啡￥33/人 | L1 | ⭐🌟🌟🌟 | ★ | 点评榜单 | 北外滩/外白渡桥咖啡回头客榜第4名 | ￥27.57.3折 | ￥38 | 【第一次喝】招牌特.. | 惠,ocr/input_videos\上海__白玉兰广场__20260826.mp4
OBS-000343,白玉兰广场,泽大（上海）律师事务所,泽大(上海)律师事务所,,3.6,,商场内,rated,True,,rated,missing,rating_anchor,0.9918,0.9918,60,3900,65.937,⭐3.6法律服务 | 商场内,泽大（上海）律师事务所 | 泽大律所 | ⭐3.6法律服务 | 商场内 | 陈律师介入后，美容院全面整改 | 40年律所品牌 | ￥99￥200 | 【电话/微信】法律咨询 | 惠,ocr/input_videos\上海__白玉兰广场__20260826.mp4
OBS-000344,白玉兰广场,LINGA男士发型设计,LINGA男士发型设计,美发,4.8,238,LG2,rated,True,,rated,parsed,rating_anchor,0.9635,0.9851,54,3900,65.937,LG2 | 4.8美发￥238/人,LINGA男士发型设计 | LG2 | 4.8美发￥238/人 | GD | 点评榜单 | 虹口区美发好评榜第1名 | LNOBLON高土 | 包厢私密性高，发型师技术精湛 | “ | ￥197￥198 | 惠 | 【美团专属】高级设计师...,ocr/input_videos\上海__白玉兰广场__20260826.mp4
OBS-000345,白玉兰广场,CHA&JOY茶九·都市绿洲,CHA&JOY茶九·都市绿洲,饮品,4.1,25,LG2,rated,True,,rated,parsed,rating_anchor,0.9744,0.9882,56,3900,65.937,LG2 | 4.1饮品￥25/人 | 🌟🌟🌟🎉,CHA&JOY茶九·都市绿洲 | LG2 | 4.1饮品￥25/人 | 🌟🌟🌟🎉 | CHA & JOY | vilaLounge | 点评榜单 | 北外滩/外白渡桥饮品打卡人气榜第1名 | ￥9.98.3折 | ￥12 | 【冰淇淋】红茶软雪. | 惠,ocr/input_videos\上海__白玉兰广场__20260826.mp4
OBS-000346,白玉兰广场,星巴克,星巴克,咖啡,4.1,37,LG1,rated,True,,rated,parsed,rating_anchor,0.9702,0.9997,59,3900,65.937,⭐🌟🌟⭐ | LG1 | 4.1咖啡￥37/人 | ★,星巴克 | ⭐🌟🌟⭐ | LG1 | 4.1咖啡￥37/人 | ★ | 真茶真奶真爱你,ocr/input_videos\上海__白玉兰广场__20260826.mp4
OBS-000347,白玉兰广场,泽大（上海）,泽大(上海),,3.6,,商场内,rated,True,,rated,missing,rating_anchor,0.9614,0.9614,58,3996,67.56,商场内 | 3.6法律服务,泽大（上海） | 律师事务所 | 泽大律所 | 商场内 | 3.6法律服务 | 陈律师介入后，美容院全面整改 | 40年律所品牌 | ￥99￥200 | 惠 | 【电话/微信】法律咨询,ocr/input_videos\上海__白玉兰广场__20260826.mp4
OBS-000348,白玉兰广场,LIN GA 男士发型设计,LINGA男士发型设计,美发,4.8,238,LG2,rated,True,,rated,parsed,rating_anchor,0.9182,0.8888,54,3996,67.56,4.8美发￥238/人 | LG2,LIN GA 男士发型设计 | 4.8美发￥238/人 | LG2 | ED | 点评榜单 | 虹口区美发好评榜第1名 | LNGRSRLON高男士 | 包厢私密性高，发型师技术精湛” | ￥197￥198 | 惠 | 【美团专属】高级设计师...,ocr/input_videos\上海__白玉兰广场__20260826.mp4
OBS-000349,白玉兰广场,CHA&JOY茶九·都市绿洲,CHA&JOY茶九·都市绿洲,饮品,4.1,25,LG2,rated,True,,rated,parsed,rating_anchor,0.9725,0.986,53,3996,67.56,LG2 | 4.1饮品￥25/人 | 🌟🌟🌟🌟,CHA&JOY茶九·都市绿洲 | LG2 | 4.1饮品￥25/人 | 🌟🌟🌟🌟 | CHA & JOY | Villa Lounge | 点评榜单 | 北外滩/外白渡桥饮品打卡人气榜第1名 | ￥12 | ￥9.9 | 8.3折 | 【冰淇淋】红茶软雪. | 惠,ocr/input_videos\上海__白玉兰广场__20260826.mp4
OBS-000350,白玉兰广场,星巴克,星巴克,咖啡,4.1,37,LG1,rated,True,,rated,parsed,rating_anchor,0.9629,0.9994,65,3996,67.56,4.1咖啡￥37/人 | LG1,星巴克 | 4.1咖啡￥37/人 | LG1 | 真茶真奶真愛你 | ￥59.97.7折 | ￥78 | 【爆款推荐】星巴克. | 惠,ocr/input_videos\上海__白玉兰广场__20260826.mp4
OBS-000351,白玉兰广场,CHA&JOY茶九·都市绿洲,CHA&JOY茶九·都市绿洲,饮品,4.1,25,LG2,rated,True,,rated,parsed,rating_anchor,0.9599,0.9819,54,4044,68.372,🌟🌟🌟🌟 | LG2 | 饮品￥25/人 | 4.1,CHA&JOY茶九·都市绿洲 | 🌟🌟🌟🌟 | LG2 | 饮品￥25/人 | 4.1 | CHA & JOY | VilaLounge | 点评榜单 | 北外滩/外白渡桥饮品打卡人气榜第1名 | ￥12 | 8.3折 | ￥9.9 | 【冰淇淋】红茶软雪.. | 惠,ocr/input_videos\上海__白玉兰广场__20260826.mp4
OBS-000352,白玉兰广场,星巴克,星巴克,咖啡,4.1,37,LG1,rated,True,,rated,parsed,rating_anchor,0.9621,0.9989,62,4044,68.372,🌟🌟🎉🎉 | LG1 | 4.1咖啡￥37/人 | ★,星巴克 | 🌟🌟🎉🎉 | LG1 | 4.1咖啡￥37/人 | ★ | 真茶真奶真爱你 | ￥59.97.7折 | ￥78 | 【爆款推荐】星巴克.. | 惠,ocr/input_videos\上海__白玉兰广场__20260826.mp4
OBS-000353,白玉兰广场,乐高授权专卖店,乐高授权专卖店,玩具,4.2,383,LG1,rated,True,,rated,parsed,rating_anchor,0.987,0.9997,55,4044,68.372,LG1 | 🌟🌟🌟🎉⭐ | 4.2玩具￥383/人,乐高授权专卖店 | LG1 | 🌟🌟🌟🎉⭐ | 4.2玩具￥383/人 | 遛娃必去的亲子乐园，积木玩具超有趣,ocr/input_videos\上海__白玉兰广场__20260826.mp4
OBS-000354,白玉兰广场,瑞幸咖啡,瑞幸咖啡,咖啡,4.0,14,LG2,rated,True,,rated,parsed,rating_anchor,0.9802,0.9999,57,4044,68.372,LG2 | 4.0咖啡￥14/人 | 🌟🌟★⭐🌟,瑞幸咖啡 | LG2 | 4.0咖啡￥14/人 | 🌟🌟★⭐🌟 | 双杯冰茶清爽登场！ | 黑 | 锈 | 通 | E | 6折 | ￥11.9 | ￥20 | 【瑞门闭眼入】10选1 | 惠,ocr/input_videos\上海__白玉兰广场__20260826.mp4
OBS-000355,白玉兰广场,雪茄名仕,雪茄名仕,烟酒茶叶,4.6,,LG1,rated,True,,rated,parsed,rating_anchor,0.983,0.9988,56,4044,68.372,LG1 | 4.6烟酒茶叶,雪茄名仕 | CIGARMASYER | LG1 | 4.6烟酒茶叶 | 专业雪茄房，小食饮料齐全”,ocr/input_videos\上海__白玉兰广场__20260826.mp4
OBS-000356,白玉兰广场,乐高授权专卖店,乐高授权专卖店,玩具,4.2,383,LG1,rated,True,,rated,parsed,rating_anchor,0.977,0.999,58,4140,69.995,LG1 | 4.2玩具￥383/人,乐高授权专卖店 | LG1 | 4.2玩具￥383/人 | 遛娃必去的亲子乐园，积玩具超有趣”,ocr/input_videos\上海__白玉兰广场__20260826.mp4
OBS-000357,白玉兰广场,瑞幸咖啡,瑞幸咖啡,咖啡,4.0,14,LG2,rated,True,,rated,parsed,rating_anchor,0.974,0.9997,60,4140,69.995,🌟🌟🌟⭐ | LG2 | 4.0咖啡￥14/人 | ★,瑞幸咖啡 | F i | 🌟🌟🌟⭐ | LG2 | 4.0咖啡￥14/人 | ★ | 双杯水茶清爽登场！ | 业 | 0 | C | ￥20 | ￥11.9 | 6折 | 惠 | 【瑞门闭眼入】10选1,ocr/input_videos\上海__白玉兰广场__20260826.mp4
OBS-000358,白玉兰广场,雪茄名仕,雪茄名仕,烟酒茶叶,4.6,,LG1,rated,True,,rated,parsed,rating_anchor,0.9959,0.9989,56,4140,69.995,LG1 | 🌟🌟🌟🌟🌟 | 4.6烟酒茶叶,雪茄名仕 | © CIGARMASTER | LG1 | 🌟🌟🌟🌟🌟 | 4.6烟酒茶叶 | 专业雪茄房，食饮料齐全”,ocr/input_videos\上海__白玉兰广场__20260826.mp4
OBS-000359,白玉兰广场,Pull-Tab拉环咖啡,Pull-Tab拉环咖啡,咖啡,4.1,21,LG1,rated,True,,rated,parsed,rating_anchor,0.9569,0.993,51,4140,69.995,⭐🌟🌟🎉 | 咖啡￥21/人 | LG1 | 4.1 | ★,Pull-Tab拉环咖啡 | ⭐🌟🌟🎉 | 咖啡￥21/人 | LG1 | 4.1 | ★ | 点评榜单 | 北外滩/外白渡桥咖啡打卡人气榜第3名 | 秋天的第一杯 | ￥16 | ￥8.8 | 5.5折 | 【荣耀返乡】南洋老 | 惠,ocr/input_videos\上海__白玉兰广场__20260826.mp4
OBS-000360,白玉兰广场,LINLEE林里·手打柠檬茶,LINLEE林里·手打柠檬茶,茶饮果汁,4.1,17,LG2,rated,True,,rated,parsed,rating_anchor,0.9791,0.9829,51,4140,69.995,LG2 | 4.1茶饮果汁￥17/人 | 🌟🌟⭐⭐ | ★,LINLEE林里·手打柠檬茶 | 新学期 | 唤醒元气 | 鲜活力 | LG2 | 4.1茶饮果汁￥17/人 | 🌟🌟⭐⭐ | ★ | EALEMY | 点评榜单 | 北外滩/外白渡桥茶饮果汁回头客榜第6名 | ￥18.88.2折 | ￥23 | 【果香四溢】果柠茶... | 惠,ocr/input_videos\上海__白玉兰广场__20260826.mp4
OBS-000361,白玉兰广场,瑞幸咖啡,瑞幸咖啡,咖啡,4.0,14,LG2,rated,True,,rated,parsed,rating_anchor,0.9774,0.9997,56,4200,71.009,🌟🌟🌟⭐⭐ | LG2 | 4.0咖啡￥14/人,瑞幸咖啡 | 🌟🌟🌟⭐⭐ | LG2 | 4.0咖啡￥14/人 | 双杯冰茶清爽登场！ | 酒茶 | a | 告 | Einy | ￥11.9 | 6折 | ￥20 | 【瑞门闭眼入】10选1 | 惠,ocr/input_videos\上海__白玉兰广场__20260826.mp4
OBS-000362,白玉兰广场,雪茄名仕,雪茄名仕,烟酒茶叶,4.6,,LG1,rated,True,,rated,parsed,rating_anchor,0.9968,0.9989,57,4200,71.009,LG1 | 🌟🌟🌟🌟🌟 | 4.6烟酒茶叶,雪茄名仕 | © CIGARMASTER | LG1 | 🌟🌟🌟🌟🌟 | 4.6烟酒茶叶 | 专业雪茄房，小食饮料齐全” | “,ocr/input_videos\上海__白玉兰广场__20260826.mp4
OBS-000363,白玉兰广场,Pull-Tab拉环咖啡,Pull-Tab拉环咖啡,咖啡,4.1,21,LG1,rated,True,,rated,parsed,rating_anchor,0.9658,0.9871,52,4200,71.009,⭐🌟⭐⭐ | LG1 | 咖啡￥21/人 | 4.1,Pull-Tab拉环咖啡 | ⭐🌟⭐⭐ | LG1 | 咖啡￥21/人 | 4.1 | 点评榜单 | 北外滩/外白渡桥咖啡打卡人气榜第3名 | 秋天的第一杯 | ￥16 | ￥8.8 | 5.5折 | 【荣耀返乡】南洋老. | 惠,ocr/input_videos\上海__白玉兰广场__20260826.mp4
OBS-000364,白玉兰广场,LINLEE林里·手打柠檬茶,LINLEE林里·手打柠檬茶,茶饮果汁,4.1,17,LG2,rated,True,,rated,parsed,rating_anchor,0.9651,0.9861,50,4200,71.009,LG2 | ★★★★★ | 茶饮果汁￥17/人 | 4.1,LINLEE林里·手打柠檬茶 | 新学期 | 唤醒元气 | 鲜活力 | LG2 | ★★★★★ | 茶饮果汁￥17/人 | 4.1 | 点评榜单 | 北外滩/外白渡桥茶饮果汁回头客榜第6名 | 8.2折 | ￥23 | ￥18.8 | 【果香四溢】果柠茶.. | 惠,ocr/input_videos\上海__白玉兰广场__20260826.mp4
OBS-000365,白玉兰广场,国曜琴岛（,国曜琴岛(,,4.8,10,商场内,rated,True,,rated,missing,rating_anchor,0.9439,0.9439,53,4200,71.009,商场内 | 4.8法律服务￥10/人,国曜琴岛（ | (上海) | 律师事务所 | G | 保绿机 | 全国优秀律所事务所 | 商场内 | 4.8法律服务￥10/人,ocr/input_videos\上海__白玉兰广场__20260826.mp4
OBS-000366,白玉兰广场,雪茄名仕,雪茄名仕,烟酒茶叶,4.6,,LG1,rated,True,,rated,parsed,rating_anchor,0.9947,0.9985,63,4212,71.212,LG1 | 🌟🌟🎉🌟🌟 | 4.6烟酒茶叶,雪茄名仕 | CIGARMASYE | LG1 | 🌟🌟🎉🌟🌟 | 4.6烟酒茶叶 | 专业雪茄房，小食饮料齐全”,ocr/input_videos\上海__白玉兰广场__20260826.mp4
OBS-000367,白玉兰广场,Pull-Tab拉环咖啡,Pull-Tab拉环咖啡,咖啡,4.1,21,LG1,rated,True,,rated,parsed,rating_anchor,0.9656,0.9908,51,4212,71.212,LG1 | 🌟🌟💥🌟 | 4.1 | 咖啡￥21/人,Pull-Tab拉环咖啡 | 2 | LG1 | 🌟🌟💥🌟 | 4.1 | 咖啡￥21/人 | 点评榜单 | 北外滩/外白渡桥咖啡打卡人气榜第3名 | 秋天的第一杯 | ￥8.85.5折 | ￥16 | 【荣耀返乡】南洋老 | 惠,ocr/input_videos\上海__白玉兰广场__20260826.mp4
OBS-000368,白玉兰广场,LINLEE林里·手打柠檬茶,LINLEE林里·手打柠檬茶,茶饮果汁,4.1,17,LG2,rated,True,,rated,parsed,rating_anchor,0.977,0.994,54,4212,71.212,🌟🌟🌟🎉 | LG2 | 4.1茶饮果汁￥17/人,LINLEE林里·手打柠檬茶 | 新学期 | 唤醒元气 | 鲜活力 | 🌟🌟🌟🎉 | LG2 | 4.1茶饮果汁￥17/人 | C | 点评榜单 | 北外滩/外白渡桥茶饮果汁回头客榜第6名 | 福 | ￥23 | ￥18.8 | 8.2折 | 【果香四溢】果柠茶... | 惠,ocr/input_videos\上海__白玉兰广场__20260826.mp4
OBS-000369,白玉兰广场,国曜琴岛(上海),国曜琴岛(上海),,4.8,10,商场内,rated,True,,rated,missing,rating_anchor,0.9566,0.9566,55,4212,71.212,商场内 | 🌟🌟⭐⭐🌟 | 4.8法律服务￥10/人,国曜琴岛(上海) | 律师事务所 | 四 | 诚观鲜然 | 全国优秀律所事务所 | 商场内 | 🌟🌟⭐⭐🌟 | 4.8法律服务￥10/人 | 虹口区律师服务销量榜第2名 | 设立于1989 | 服务贴心，律师费划算 | 30年+的老牌律所 | ￥1000 | ￥19.9 | 0.4折 | 【房产纠纷】面谈.. | 惠,ocr/input_videos\上海__白玉兰广场__20260826.mp4
OBS-000370,白玉兰广场,InstaShake,InstaShake,茶饮果汁,3.8,28,L1,rated,True,,rated,parsed,rating_anchor,0.9772,0.9945,54,4212,71.212,3.8茶饮果汁￥28/人 | L1,InstaShake | 3.8茶饮果汁￥28/人 | L1,ocr/input_videos\上海__白玉兰广场__20260826.mp4
OBS-000371,白玉兰广场,Pull-Tab拉环咖啡,Pull-Tab拉环咖啡,咖啡,4.1,21,LG1,rated,True,,rated,parsed,rating_anchor,0.975,0.9919,51,4248,71.821,LG1 | 4.1咖啡￥21/人 | 🌟🌟🌟🌟,Pull-Tab拉环咖啡 | LG1 | 4.1咖啡￥21/人 | 🌟🌟🌟🌟 | 点评榜单 | 北外滩/外白渡桥咖啡打卡人气榜第3名 | 秋天的第一杯 | ￥8.85.5折 | ￥16 | 【荣耀返乡】南洋老. | 惠,ocr/input_videos\上海__白玉兰广场__20260826.mp4
OBS-000372,白玉兰广场,LINLEE林里·手打柠檬茶,LINLEE林里·手打柠檬茶,茶饮果汁,4.1,17,LG2,rated,True,,rated,parsed,rating_anchor,0.9786,0.9865,57,4248,71.821,4.1茶饮果汁￥17/人 | LG2,LINLEE林里·手打柠檬茶 | 新学期 | 唤醒元气 | 鲜活力 | 4.1茶饮果汁￥17/人 | LG2 | VEA/IPY | 点评榜单 | 北外滩/外白渡桥茶饮果汁回头客榜第6名 | ￥18.88.2折 | ￥23 | 惠 | 【果香四溢】果柠茶..,ocr/input_videos\上海__白玉兰广场__20260826.mp4
OBS-000373,白玉兰广场,国曜琴岛（上海）律师事务所,国曜琴岛(上海)律师事务所,,4.8,10,商场内,rated,True,,rated,missing,rating_anchor,0.9821,0.9821,58,4248,71.821,商场内 | 4.8法律服务￥10/人,国曜琴岛（上海）律师事务所 | ? | 医观型 | 全国优秀律所事务所 | 商场内 | 4.8法律服务￥10/人 | 虹口区律师服务销量榜第2名 | 设立于1989 | 服务贴心，律师费划算 | 30年+的老牌律所 | ￥19.90.4折 | ￥1000 | 【房产纠纷】面谈. | 惠,ocr/input_videos\上海__白玉兰广场__20260826.mp4
OBS-000374,白玉兰广场,InstaShake,InstaShake,茶饮果汁,3.8,28,L1,rated,True,,rated,parsed,rating_anchor,0.9858,0.9974,51,4248,71.821,🌟🌟🎉🌟🌟 | 3.8茶饮果汁￥28/人 | L1,InstaShake | 🌟🌟🎉🌟🌟 | 3.8茶饮果汁￥28/人 | L1 | inscasharet | SERVICE | 17:00-21:30 | HOURS | ￥558.6折 | ￥64 | 【新品双杯】提拉米苏... | 惠,ocr/input_videos\上海__白玉兰广场__20260826.mp4
OBS-000375,白玉兰广场,LINLEE林里·手打柠檬茶,LINLEE林里·手打柠檬茶,茶饮果汁,4.1,17,LG2,rated,True,,rated,parsed,rating_anchor,0.978,0.9925,55,4356,73.647,LG2 | 4.1茶饮果汁￥17/人 | 🌟🌟🎉🎉,LINLEE林里·手打柠檬茶 | 新学期 | 唤醒元气 | 鲜活力 | LG2 | 4.1茶饮果汁￥17/人 | 🌟🌟🎉🎉 | u | 点评榜单 | 北外滩/外白渡桥茶饮果汁回头客榜第6名 | 大 | ￥23 | ￥18.8 | 8.2折 | 【果香四溢】果柠茶.. | 惠,ocr/input_videos\上海__白玉兰广场__20260826.mp4
OBS-000376,白玉兰广场,国曜琴岛（上海）律师事务所,国曜琴岛(上海)律师事务所,,4.8,10,商场内,rated,True,,rated,missing,rating_anchor,0.9557,0.9557,58,4356,73.647,商场内 | 4.8法律服务￥10/人,国曜琴岛（上海）律师事务所 | 9 | 练理量积 | 全国优秀律所事务所 | 商场内 | 4.8法律服务￥10/人 | 虹口区律师服务销量榜第2名 | 设立于1989 | 服务贴心，律师费划算 | 30年十的老牌律所 | C | ￥19.9 | ￥1000 | 【房产纠纷】面谈.. | 0.4折 | 惠,ocr/input_videos\上海__白玉兰广场__20260826.mp4
OBS-000377,白玉兰广场,InstaShake,InstaShake,茶饮果汁,3.8,28,L1,rated,True,,rated,parsed,rating_anchor,0.9795,0.9976,54,4356,73.647,3.8茶饮果汁￥28/人 | L1,InstaShake | 3.8茶饮果汁￥28/人 | L1 | Inscashaket | SERVICE | 17:00-21:30 | HOURS | ￥558.6折 | ￥64 | 【新品双杯】提拉米苏... | 惠,ocr/input_videos\上海__白玉兰广场__20260826.mp4
OBS-000378,白玉兰广场,茉酸奶,茉酸奶,酸奶鲜奶,,22,LG2,new_store,False,new_store,ocr_missing,parsed,metadata_anchor,0.9766,0.9873,66,4356,73.647,新店 | LG2 | 酸奶鲜奶￥22/人,茉酸奶 | Mind usnt | 新店 | LG2 | 酸奶鲜奶￥22/人 | 惠￥16.98.9折 | ￥19 | 【清凉一夏】招牌清….,ocr/input_videos\上海__白玉兰广场__20260826.mp4
OBS-000379,白玉兰广场,小罐茶,小罐茶,烟酒茶叶,3.8,,LG1,rated,True,,rated,parsed,rating_anchor,0.9591,0.9975,62,4356,73.647,LG1 | ⭐3.8烟酒茶叶,小罐茶 | LG1 | ⭐3.8烟酒茶叶,ocr/input_videos\上海__白玉兰广场__20260826.mp4
OBS-000380,白玉兰广场,国曜琴岛（,国曜琴岛(,,4.8,10,商场内,rated,True,,rated,missing,rating_anchor,0.9447,0.9447,56,4392,74.255,4.8法律服务￥10/人 | 商场内,国曜琴岛（ | 律师事务所 | （上海） | 四 | 型 | 全国优秀律所事务所 | 4.8法律服务￥10/人 | 商场内 | 虹口区律师服务销量榜第2名 | 设立于1989 | 服务贴心，律师费划算 | 9 | 30年+的老牌律所 | ￥1000 | ￥19.9 | 惠 | 0.4折 | 【房产纠纷】面谈.,ocr/input_videos\上海__白玉兰广场__20260826.mp4
OBS-000381,白玉兰广场,InstaShake,InstaShake,茶饮果汁,3.8,28,L1,rated,True,,rated,parsed,rating_anchor,0.9856,0.9975,53,4392,74.255,🌟🌟🌟🌟⭐ | L1 | 3.8茶饮果汁￥28/人,InstaShake | 🌟🌟🌟🌟⭐ | L1 | 3.8茶饮果汁￥28/人 | inscashaket | SERVICE | 17:00-21:30 | HOURS | ￥558.6折 | ￥64 | 惠 | 【新品双杯】提拉米苏...,ocr/input_videos\上海__白玉兰广场__20260826.mp4
OBS-000382,白玉兰广场,茉酸奶,茉酸奶,酸奶鲜奶,,22,LG2,new_store,False,new_store,ocr_missing,parsed,metadata_anchor,0.9835,0.9939,62,4392,74.255,新店 | LG2 | 酸奶鲜奶￥22/人,茉酸奶 | Mareomp | 新店 | LG2 | 酸奶鲜奶￥22/人 | ￥16.98.9折 | ￥19 | 【清凉一夏】招牌清. | 惠,ocr/input_videos\上海__白玉兰广场__20260826.mp4
OBS-000383,白玉兰广场,小罐茶,小罐茶,烟酒茶叶,3.8,,LG1,rated,True,,rated,parsed,rating_anchor,0.9532,0.9977,61,4392,74.255,LG1 | ⭐⭐3.8烟酒茶叶,小罐茶 | 北外滩(白 | LG1 | ⭐⭐3.8烟酒茶叶,ocr/input_videos\上海__白玉兰广场__20260826.mp4
OBS-000384,白玉兰广场,纽悦伊人问题肌·術后修护,纽悦伊人问题肌·术后修护,皮肤管理,4.7,295,L1,rated,True,,rated,parsed,rating_anchor,0.9479,0.9807,59,4392,74.255,L1 | ⭐4.7皮肤管理￥295/人,纽悦伊人问题肌·術后修护 | L1 | ⭐4.7皮肤管理￥295/人 | NYSS纽悦伊人 | 点评榜单 | 北外滩/外白渡桥美容/SPA好评榜第3名 | “按得快睡着了，皮肤润很多” | ￥1254.2折 | ￥99965分钟深层清洁|毛... | 惠,ocr/input_videos\上海__白玉兰广场__20260826.mp4
OBS-000385,白玉兰广场,小罐茶,小罐茶,烟酒茶叶,3.8,,LG1,rated,True,,rated,parsed,rating_anchor,0.9663,0.9967,58,4500,76.081,LG1 | ⭐3.8烟酒茶叶,小罐茶 | 北外滩(白 | LG1 | ⭐3.8烟酒茶叶,ocr/input_videos\上海__白玉兰广场__20260826.mp4
OBS-000386,白玉兰广场,纽悦伊人问题肌·術后修护,纽悦伊人问题肌·术后修护,皮肤管理,4.7,295,L1,rated,True,,rated,parsed,rating_anchor,0.9667,0.9767,53,4500,76.081,4.7皮肤管理￥295/人 | L1,纽悦伊人问题肌·術后修护 | 4.7皮肤管理￥295/人 | L1 | ZYSS | 纽悦伊人 | 点评榜单 | 北外滩/外白渡桥美容/SPA好评榜第3名 | “按得快睡着了，肤润很多” | ￥1254.2折 | ￥99965分钟深层清洁.. | 惠,ocr/input_videos\上海__白玉兰广场__20260826.mp4
OBS-000387,白玉兰广场,1点点,1点点,茶饮果汁,4.0,16,LG2,rated,True,,rated,parsed,rating_anchor,0.986,0.9991,67,4500,76.081,🌟🌟🌟🌟 | LG2 | 4.0茶饮果汁￥16/人 | ★,1点点 | 🌟🌟🌟🌟 | LG2 | 4.0茶饮果汁￥16/人 | ★ | m點 | 点评榜单 | 北外滩/外白渡桥饮品回头客榜第3名 | 5005000 | 地理位置优越，抹茶味清新自然” | ￥17.1 | ￥18QQ美莓奶茶(大杯) | 9.5折 | 惠,ocr/input_videos\上海__白玉兰广场__20260826.mp4
OBS-000388,白玉兰广场,星巴克臻选,星巴克臻选,咖啡,4.3,39,L1,rated,True,,rated,parsed,rating_anchor,0.9728,0.9975,55,4500,76.081,L1 | 🌟🌟🌟⭐ | 4.3咖啡￥39/人,星巴克臻选 | L1 | 🌟🌟🌟⭐ | 4.3咖啡￥39/人 | 点评榜单 | 北外滩/外白渡桥咖啡销量榜第5名 | 真茶真奶真爱你 | 好喝推荐，焦糖脆脆，回购必点 | ￥59.97.7折 | ￥78 | 惠 | 【爆款推荐】星巴克..,ocr/input_videos\上海__白玉兰广场__20260826.mp4
OBS-000389,白玉兰广场,Wilson威尔胜,Wilson威尔胜,运动户外,,1787,LG1,new_store,False,new_store,ocr_missing,parsed,metadata_anchor,0.9742,0.9974,55,4500,76.081,新店 | LG1 | 运动户外￥1787/人,Wilson威尔胜 | 新店 | LG1 | 运动户外￥1787/人 | 点评榜单 | 虹口区运动户外热门榜第4名,ocr/input_videos\上海__白玉兰广场__20260826.mp4
OBS-000390,白玉兰广场,小罐茶,小罐茶,烟酒茶叶,3.8,,LG1,rated,True,,rated,parsed,rating_anchor,0.9594,0.9976,60,4524,76.487,LG1 | ⭐3.8烟酒茶叶,小罐茶 | 北外滩(白主 | LG1 | ⭐3.8烟酒茶叶,ocr/input_videos\上海__白玉兰广场__20260826.mp4
OBS-000391,白玉兰广场,纽悦伊人问题肌·術后修护,纽悦伊人问题肌·术后修护,皮肤管理,4.7,295,L1,rated,True,,rated,parsed,rating_anchor,0.9637,0.9765,55,4524,76.487,4.7皮肤管理￥295/人 | L1,纽悦伊人问题肌·術后修护 | 4.7皮肤管理￥295/人 | L1 | NYSS组悦伊人 | 点评榜单 | 北外滩/外白渡桥美容/SPA好评榜第3名 | 按得快睡着了，皮肤水润很多 | 力 | ￥125 | 4.2折 | ￥999 | 65分钟深层清洁毛.... | 惠,ocr/input_videos\上海__白玉兰广场__20260826.mp4
OBS-000392,白玉兰广场,1点点,1点点,茶饮果汁,4.0,16,LG2,rated,True,,rated,parsed,rating_anchor,0.981,0.9993,67,4524,76.487,⭐🌟🌟⭐ | LG2 | 4.0茶饮果汁￥16/人 | ￥,1点点 | ⭐🌟🌟⭐ | LG2 | 4.0茶饮果汁￥16/人 | ￥ | m點 | 点评榜单 | 北外滩/外白渡桥饮品回头客榜第3名 | 0000000 | 地理位置优越，抹茶口味清新自然 | 1 | ￥17.19.5折 | ￥18QQ美莓奶茶 | （大杯） | 惠,ocr/input_videos\上海__白玉兰广场__20260826.mp4
OBS-000393,白玉兰广场,星巴克臻选,星巴克臻选,咖啡,4.3,39,L1,rated,True,,rated,parsed,rating_anchor,0.9672,0.9991,56,4524,76.487,🌟🌟⭐🌟 | L1 | 4.3 | 咖啡￥39/人 | ★,星巴克臻选 | 🌟🌟⭐🌟 | L1 | 4.3 | 咖啡￥39/人 | ★ | 点评榜单 | 北外滩/外白渡桥咖啡销量榜第5名 | 真茶真奶真爱你 | 好喝推荐，焦糖脆脆，回购必点 | 1 | ￥59.97.7折 | ￥78 | 【爆款推荐】星巴克. | 惠,ocr/input_videos\上海__白玉兰广场__20260826.mp4
OBS-000394,白玉兰广场,Wilson威尔胜,Wilson威尔胜,运动户外,,1787,LG1,new_store,False,new_store,ocr_missing,parsed,metadata_anchor,0.9808,0.9965,55,4524,76.487,新店 | LG1 | 运动户外￥1787/人,Wilson威尔胜 | 新店 | LG1 | 运动户外￥1787/人 | 点评榜单 | 虹口区运动户外热门榜第4名 | 1I,ocr/input_videos\上海__白玉兰广场__20260826.mp4
OBS-000395,白玉兰广场,小罐茶,小罐茶,烟酒茶叶,3.8,,LG1,rated,True,,rated,parsed,rating_anchor,0.9041,0.9978,59,4560,77.096,LG1 | ⭐⭐⭐3.8烟酒茶叶,小罐茶 | 北外滩(白 | LG1 | ⭐⭐⭐3.8烟酒茶叶,ocr/input_videos\上海__白玉兰广场__20260826.mp4
OBS-000396,白玉兰广场,纽悦伊人问题肌·術后修护,纽悦伊人问题肌·术后修护,皮肤管理,4.7,295,L1,rated,True,,rated,parsed,rating_anchor,0.9718,0.9811,54,4560,77.096,4.7皮肤管理￥295/人 | L1,纽悦伊人问题肌·術后修护 | 4.7皮肤管理￥295/人 | L1 | ZYSS | 纽悦伊人 | 点评榜单 | 北外滩/外白渡桥美容/SPA好评榜第3名 | 按得快睡着了，皮肤水润很多 | ￥125 | ￥99965分钟深层清洁毛.. | 4.2折 | 惠,ocr/input_videos\上海__白玉兰广场__20260826.mp4
OBS-000397,白玉兰广场,1点点,1点点,茶饮果汁,4.0,16,LG2,rated,True,,rated,parsed,rating_anchor,0.9837,0.9995,63,4560,77.096,🌟🌟🌟🌟 | LG2 | 4.0茶饮果汁￥16/人 | ★,1点点 | 🌟🌟🌟🌟 | LG2 | 4.0茶饮果汁￥16/人 | ★ | m點 | 点评榜单 | 北外滩/外白渡桥饮品回头客榜第3名 | 50005000 | 地理位置优越，抹茶口味清新自然 | ￥18QQ美莓奶茶(大杯) | ￥17.1 | 9.5折 | 惠,ocr/input_videos\上海__白玉兰广场__20260826.mp4
OBS-000398,白玉兰广场,星巴克臻选,星巴克臻选,咖啡,4.3,39,L1,rated,True,,rated,parsed,rating_anchor,0.975,0.999,56,4560,77.096,L1 | 🌟🌟⭐🎉 | ★4.3咖啡￥39/人,星巴克臻选 | L1 | 🌟🌟⭐🎉 | ★4.3咖啡￥39/人 | 点评榜单 | 北外滩/外白渡桥咖啡销量榜第5名 | 真茶真奶真爱你 | 好喝推荐，焦糖脆脆，回购必点 | ￥59.9 | 7.7折 | ￥78 | 惠 | 【爆款推荐】星巴克…,ocr/input_videos\上海__白玉兰广场__20260826.mp4
OBS-000399,白玉兰广场,Wilson威尔胜,Wilson威尔胜,运动户外,,1787,LG1,new_store,False,new_store,ocr_missing,parsed,metadata_anchor,0.9801,0.9966,55,4560,77.096,LG1 | 新店 | 运动户外￥1787/人,Wilson威尔胜 | LG1 | 新店 | 运动户外￥1787/人 | 点评榜单 | 虹口区运动户外热门榜第4名,ocr/input_videos\上海__白玉兰广场__20260826.mp4
OBS-000400,白玉兰广场,纽悦伊人问题肌·術后修护,纽悦伊人问题肌·术后修护,皮肤管理,4.7,295,L1,rated,True,,rated,parsed,rating_anchor,0.9674,0.9858,57,4608,77.907,4.7皮肤管理￥295/人 | L1,纽悦伊人问题肌·術后修护 | 4.7皮肤管理￥295/人 | L1 | NYSS细悦伊人 | 点评榜单 | 北外滩/外白渡桥美容/SPA好评榜第3名 | 按得快睡着了，皮肤水润很多 | ￥99965分钟深层清洁毛... | ￥125 | 4.2折 | 惠,ocr/input_videos\上海__白玉兰广场__20260826.mp4
OBS-000401,白玉兰广场,1点点,1点点,茶饮果汁,4.0,16,LG2,rated,True,,rated,parsed,rating_anchor,0.986,0.9995,68,4608,77.907,⭐🌟⭐⭐ | LG2 | 4.0茶饮果汁￥16/人,1点点 | ⭐🌟⭐⭐ | LG2 | 4.0茶饮果汁￥16/人 | 黑照 | 点评榜单 | 北外滩/外白渡桥饮品回头客榜第3名 | 地理位置优越，抹茶口味清新自然 | ￥17.19.5折 | ￥18QQ美莓奶茶（大杯） | 惠,ocr/input_videos\上海__白玉兰广场__20260826.mp4
OBS-000402,白玉兰广场,星巴克臻选,星巴克臻选,咖啡,4.3,39,L1,rated,True,,rated,parsed,rating_anchor,0.9657,0.998,55,4608,77.907,L1 | 咖啡￥39/人 | 🌟🌟🌟⭐ | 4.3 | ★,星巴克臻选 | L1 | 咖啡￥39/人 | 🌟🌟🌟⭐ | 4.3 | ★ | 点评榜单 | 北外滩/外白渡桥咖啡销量榜第5名 | 真茶真奶真爱你 | 好喝推荐，焦糖脆脆，回购必点 | 5 | ￥59.97.7折 | ￥78 | 【爆款推荐】星巴克... | 惠,ocr/input_videos\上海__白玉兰广场__20260826.mp4
OBS-000403,白玉兰广场,Wilson威尔胜,Wilson威尔胜,运动户外,,1787,LG1,new_store,False,new_store,ocr_missing,parsed,metadata_anchor,0.9745,0.9967,57,4608,77.907,新店 | LG1 | 运动户外￥1787/人,Wilson威尔胜 | 新店 | LG1 | 运动户外￥1787/人 | 点评榜单 | 虹口区运动户外热门榜第4名,ocr/input_videos\上海__白玉兰广场__20260826.mp4
OBS-000404,白玉兰广场,柠季·手打柠檬茶,柠季·手打柠檬茶,茶饮果汁,4.0,13,LG2,rated,True,,rated,parsed,rating_anchor,0.9709,0.9742,51,4608,77.907,⭐🌟⭐⭐ | LG2 | 茶饮果汁￥13/人 | 4.0,柠季·手打柠檬茶 | 柠Ningl | ⭐🌟⭐⭐ | LG2 | 茶饮果汁￥13/人 | 4.0 | 点评榜单 | 北外滩/外白渡桥茶饮果汁销量榜第5名,ocr/input_videos\上海__白玉兰广场__20260826.mp4
OBS-000405,白玉兰广场,星巴克臻选,星巴克臻选,咖啡,4.3,39,L1,rated,True,,rated,parsed,rating_anchor,0.9686,0.9994,52,4644,78.516,⭐🌟🌟🌟 | L1 | 咖啡￥39/人 | 4.3,星巴克臻选 | ⭐🌟🌟🌟 | L1 | 咖啡￥39/人 | 4.3 | 点评榜单 | 北外滩/外白渡桥咖啡销量榜第5名 | 真茶真奶真爱你 | 好喝推荐，焦糖脆脆，回购必点 | ￥59.9 | 7.7折 | ￥78 | 惠 | 【爆款推荐】星巴克.,ocr/input_videos\上海__白玉兰广场__20260826.mp4
OBS-000406,白玉兰广场,Wilson威尔胜,Wilson威尔胜,运动户外,,1787,LG1,new_store,False,new_store,ocr_missing,parsed,metadata_anchor,0.9726,0.9956,52,4644,78.516,新店 | LG1 | 运动户外￥1787/人,Wilson威尔胜 | 新店 | LG1 | 运动户外￥1787/人 | 点评榜单 | 虹口区运动户外热门榜第4名,ocr/input_videos\上海__白玉兰广场__20260826.mp4
OBS-000407,白玉兰广场,柠季·手打柠檬茶,柠季·手打柠檬茶,茶饮果汁,4.0,13,LG2,rated,True,,rated,parsed,rating_anchor,0.9684,0.975,50,4644,78.516,LG2 | 🌟🌟🌟 | 茶饮果汁￥13/人 | 4.0,柠季·手打柠檬茶 | 柠票Ningi | LG2 | 🌟🌟🌟 | 茶饮果汁￥13/人 | 4.0 | 点评榜单 | 北外滩/外白渡桥茶饮果汁销量榜第5名 | 【国际美味奖】鸭屎. | ￥10.9 | 5.2折 | ￥21 | 惠,ocr/input_videos\上海__白玉兰广场__20260826.mp4
OBS-000408,白玉兰广场,肯悅咖啡,肯悦咖啡,咖啡,4.4,15,LG2,rated,True,,rated,parsed,rating_anchor,0.9304,0.9062,56,4644,78.516,4.4咖啡￥15/人 | LG2,肯悅咖啡 | KCOFFEE肯悦中 | 气泡畅爽季 | 4.4咖啡￥15/人 | LG2 | 还送了莎莎动漫杯子，下次再来” | ≤≤ | ￥9.9 | 4.5折 | ￥22王牌甄选一人气热卖1.. | 惠,ocr/input_videos\上海__白玉兰广场__20260826.mp4
OBS-000409,白玉兰广场,乐邦快修手机电脑维修回收,乐邦快修手机电脑维修回收,手机维修,4.3,225,LG2,rated,True,,rated,parsed,rating_anchor,0.9815,0.9967,48,4644,78.516,LG2 | 🌟🌟🌟⭐ | 4.3 | 手机维修￥225/人,乐邦快修手机电脑维修回收 | DIGIYAL OUICKREPAIR | LG2 | 🌟🌟🌟⭐ | 4.3 | 手机维修￥225/人 | 电脑清灰季 | 59元 | 元起 | 虹口区手机维修销量榜第1名 | 31262心 | 修完基本看不出来，无线充也都是好的 | ￥30￥35 | 惠 | 【苹果/安卓手机检测】声音..,ocr/input_videos\上海__白玉兰广场__20260826.mp4
OBS-000410,白玉兰广场,星巴克臻选,星巴克臻选,咖啡,4.3,39,L1,rated,True,,rated,parsed,rating_anchor,0.9739,0.9977,55,4680,79.124,咖啡￥39/人 | L1 | ★★★★ | 4.3,星巴克臻选 | 咖啡￥39/人 | L1 | ★★★★ | 4.3 | 点评榜单 | 北外滩/外白渡桥咖啡销量榜第5名 | 真茶真奶真爱你 | 好喝推荐，焦糖脆脆，回购必点 | 55 | S | ￥59.9 | 7.7折 | ￥78 | 【爆款推荐】星巴克. | 惠,ocr/input_videos\上海__白玉兰广场__20260826.mp4
OBS-000411,白玉兰广场,Wilson威尔胜,Wilson威尔胜,运动户外,,1787,LG1,new_store,False,new_store,ocr_missing,parsed,metadata_anchor,0.9756,0.9975,55,4680,79.124,新店 | LG1 | 运动户外￥1787/人,Wilson威尔胜 | 新店 | LG1 | 运动户外￥1787/人 | 点评榜单 | 虹口区运动户外热门榜第4名,ocr/input_videos\上海__白玉兰广场__20260826.mp4
OBS-000412,白玉兰广场,柠季·手打柠檬茶,柠季·手打柠檬茶,茶饮果汁,4.0,13,LG2,rated,True,,rated,parsed,rating_anchor,0.9777,0.9801,54,4680,79.124,LG2 | 4.0茶饮果汁￥13/人 | 🌟🌟🌟🎉🌟,柠季·手打柠檬茶 | 柠Ningi | LG2 | 4.0茶饮果汁￥13/人 | 🌟🌟🌟🎉🌟 | 点评榜单 | 北外滩/外白渡桥茶饮果汁销量榜第5名 | ￥10.9 | 5.2折 | ￥21 | 【国际美味奖】鸭屎... | 惠,ocr/input_videos\上海__白玉兰广场__20260826.mp4
OBS-000413,白玉兰广场,肯悦咖啡,肯悦咖啡,咖啡,4.4,15,LG2,rated,True,,rated,parsed,rating_anchor,0.9551,0.9585,57,4680,79.124,🌟✨⭐⭐⭐ | LG2 | 4.4咖啡￥15/人,肯悦咖啡 | KCOFFEE青悦味 | 气泡畅爽季 | 🌟✨⭐⭐⭐ | LG2 | 4.4咖啡￥15/人 | 还送了莎莎动漫杯子，下次再来” | ￥9.9 | 4.5折 | 王牌甄选！人气热卖1.. | 惠 | ￥22,ocr/input_videos\上海__白玉兰广场__20260826.mp4
OBS-000414,白玉兰广场,乐邦快修手机电脑维修回收,乐邦快修手机电脑维修回收,手机维修,4.3,225,LG2,rated,True,,rated,parsed,rating_anchor,0.9801,0.9987,54,4680,79.124,🌟🌟🌟🌟 | LG2 | 手机维修￥225/人 | 4.3 | ★,乐邦快修手机电脑维修回收 | B | DIGITAL OUICK REPAIR | 🌟🌟🌟🌟 | LG2 | 手机维修￥225/人 | 4.3 | 电脑清灰季 | ★ | 元起 | 虹口区手机维修销量榜第1名 | 修完基本看不出来，无线充也都是好的” | 心 | ￥30￥35 | 惠 | 【苹果/安卓手机检测】声音...,ocr/input_videos\上海__白玉兰广场__20260826.mp4
OBS-000415,白玉兰广场,肯悦咖啡,肯悦咖啡,咖啡,4.4,15,LG2,rated,True,,rated,parsed,rating_anchor,0.9575,0.9507,57,4764,80.545,★🌟🌟★🌟 | LG2 | 4.4咖啡￥15/人,肯悦咖啡 | KCOFFEE青供 | 气泡畅爽季 | ★🌟🌟★🌟 | LG2 | 4.4咖啡￥15/人 | “还送了莎莎动漫杯，下次再来” | ￥9.9 | 4.5折 | ￥22王牌甄选|人气热卖1.. | 惠,ocr/input_videos\上海__白玉兰广场__20260826.mp4
OBS-000416,白玉兰广场,乐邦快修手机电脑维修回收,乐邦快修手机电脑维修回收,手机维修,4.3,225,LG2,rated,True,,rated,parsed,rating_anchor,0.9792,0.9993,54,4764,80.545,LG2 | 🌟🌟🌟⭐⭐ | 4.3手机维修￥225/人,乐邦快修手机电脑维修回收 | 好 | DIGITAL OUICKREPAIR | LG2 | 🌟🌟🌟⭐⭐ | 4.3手机维修￥225/人 | 电脑清灰季 | 元起 | 虹口区手机维修销量榜第1名 | 修完基本看不出来，无线充也都是好的” | 心1262心 | ￥30￥35 | 【苹果/安卓机检测】声.. | 惠,ocr/input_videos\上海__白玉兰广场__20260826.mp4
OBS-000417,白玉兰广场,发财米·手作糖水,发财米·手作糖水,甜品,3.9,20,LG2,rated,True,,rated,parsed,rating_anchor,0.9368,0.992,57,4764,80.545,⭐3.9甜品￥20/人 | LG2,发财米·手作糖水 | 夏浅 | 双皮甜 | ⭐3.9甜品￥20/人 | LG2 | 点评榜单 | 北外滩/外白渡桥面包蛋糕甜品销量榜... | 我财米 | ￥18.8 | ￥9.9 | 5.3折 | 惠 | 【份尝鲜】福芋满...,ocr/input_videos\上海__白玉兰广场__20260826.mp4
OBS-000418,白玉兰广场,寸屋拉面,寸屋拉面,面馆,3.8,46,LG2,rated,True,,rated,parsed,rating_anchor,0.9786,0.9952,60,4764,80.545,LG2 | 🌟🌟🌟💥🌟 | 3.8面馆￥46/人,寸屋拉面 | 寸壓拉面 | ZUN | EE BNEN ZUNTOA EE | LG2 | 🌟🌟🌟💥🌟 | 3.8面馆￥46/人 | 点评榜单 | 北外滩/外白渡桥面馆回头客榜第3名 | ￥459.2折 | ￥49 | 惠 | 【招牌必点】招牌姬路...,ocr/input_videos\上海__白玉兰广场__20260826.mp4
OBS-000419,白玉兰广场,肯悦咖啡,肯悦咖啡,咖啡,4.4,15,LG2,rated,True,,rated,parsed,rating_anchor,0.9125,0.9336,57,4824,81.559,LG2 | ⭐⭐4.4咖啡￥15/人,肯悦咖啡 | KCOFFEE青供 | 气泡畅爽季 | LG2 | ⭐⭐4.4咖啡￥15/人 | 还送了莎莎动漫杯子，下次再来 | ￥9.9 | 4.5折 | ￥22王牌甄选|人气热卖1... | 惠,ocr/input_videos\上海__白玉兰广场__20260826.mp4
OBS-000420,白玉兰广场,乐邦快修手机电脑维修回收,乐邦快修手机电脑维修回收,手机维修,4.3,225,LG2,rated,True,,rated,parsed,rating_anchor,0.9667,0.9788,51,4824,81.559,LG2 | 🌟🌟⭐🌟🌟 | 4.3 | 手机维修￥225/人,乐邦快修手机电脑维修回收 | 时 | DIGITAL OUICKREPAIR | 6 | LG2 | 🌟🌟⭐🌟🌟 | 4.3 | 手机维修￥225/人 | 电脑清灰季 | 2 | 元起 | 虹口区手机维修销量榜第1名 | 修完基本看不出来，无线充也都是好的” | 12612心 | L | ￥30￥35 | 惠 | 【苹果/安卓手机检测】声音...,ocr/input_videos\上海__白玉兰广场__20260826.mp4
OBS-000421,白玉兰广场,发财米·手作糖水,发财米·手作糖水,甜品,3.9,20,LG2,rated,True,,rated,parsed,rating_anchor,0.9706,0.9901,52,4824,81.559,3.9甜品￥20/人 | LG2,发财米·手作糖水 | 夏浅 | 双皮甜 | 3.9甜品￥20/人 | LG2 | 点评榜单 | 北外滩/外白渡桥面包蛋糕甜品销量榜.. | 戏财米 | ￥9.95.3折 | ￥18.8 | 惠 | 【小份尝鲜】福芋满..,ocr/input_videos\上海__白玉兰广场__20260826.mp4
OBS-000422,白玉兰广场,寸屋拉面,寸屋拉面,面馆,3.8,46,LG2,rated,True,,rated,parsed,rating_anchor,0.9765,0.992,60,4824,81.559,LG2 | 🌟🌟🌟🌟🌟 | 3.8面馆￥46/人,寸屋拉面 | 寸壓拉面 | ZUR | EES PANEN ZUNTOA EE | LG2 | 🌟🌟🌟🌟🌟 | 3.8面馆￥46/人 | 点评榜单 | 北外滩/外白渡桥面馆回头客榜第3名 | ￥459.2折 | ￥49 | 【招牌必点】招牌姬路... | 惠,ocr/input_videos\上海__白玉兰广场__20260826.mp4
OBS-000423,白玉兰广场,发财米·手作糖水,发财米·手作糖水,甜品,3.9,20,LG2,rated,True,,rated,parsed,rating_anchor,0.9649,0.9888,51,4884,82.573,LG2 | 3.9甜品￥20/人 | 🌟🌟🌟🌟,发财米·手作糖水 | 夏浅 | 双皮甜 | LG2 | 3.9甜品￥20/人 | 🌟🌟🌟🌟 | 点评榜单 | 北外滩/外白渡桥面包蛋糕甜品销量榜... | 发財米 | ￥9.95.3折 | ￥18.8 | 惠 | 【份尝鲜】福芋满...,ocr/input_videos\上海__白玉兰广场__20260826.mp4
OBS-000424,白玉兰广场,寸屋拉面,寸屋拉面,面馆,3.8,46,LG2,rated,True,,rated,parsed,rating_anchor,0.9665,0.9776,56,4884,82.573,LG2 | 🌟🌟🌟💥🌟 | 3.8面馆￥46/人,寸屋拉面 | 寸屋拉面 | ZUN | a | RRND MEOEE | LG2 | 🌟🌟🌟💥🌟 | 3.8面馆￥46/人 | 点评榜单 | 北外滩/外白渡桥面馆回头客榜第3名 | ￥459.2折 | ￥49 | 惠 | 【招牌必点】招牌姬路..,ocr/input_videos\上海__白玉兰广场__20260826.mp4
OBS-000425,白玉兰广场,攜程外币兌换,携程外币兑换,,4.7,703,LG1,rated,True,,rated,missing,rating_anchor,0.8293,0.8293,55,4884,82.573,4.7 | LG1 | 生活服务￥703/人,BUREHANGE | 攜程外币兌换 | 市兑换 | 4.7 | LG1 | 生活服务￥703/人 | “店员讲解仔细，外币兑换清楚 | 力,ocr/input_videos\上海__白玉兰广场__20260826.mp4
OBS-000426,白玉兰广场,小满手工粉,小满手工粉,快餐简餐,3.9,31,LG2,rated,True,,rated,parsed,rating_anchor,0.983,0.9996,55,4884,82.573,LG2 | 🌟🌟🌟🌟🌟 | 3.9快餐简餐￥31/人,拌粉季上新 | 小满手工粉 | LG2 | 🌟🌟🌟🌟🌟 | 3.9快餐简餐￥31/人 | 点评榜单 | 北外滩/外白渡桥小吃快餐销量榜第6名 | 二小满手工粉 | 扫码点单，粉劲汤浓，方便快捷 | J5 | - | ￥27.99.7折 | 【超值工作餐】嬢嬢.. | ￥29 | 惠 | ￥48.59.7折 | 惠 | ￥5050元代金券,ocr/input_videos\上海__白玉兰广场__20260826.mp4
OBS-000427,白玉兰广场,柴爿巷·香酥鸡&馄饨,柴爿巷·香酥鸡&馄饨,馄饨抄手.,3.8,28,LG2,rated,True,,rated,parsed,rating_anchor,0.9399,0.9484,54,4884,82.573,★★★★★ | 3.8馄饨抄手. | ￥28/人LG2,柴爿巷·香酥鸡&馄饨 | ★★★★★ | 3.8馄饨抄手. | ￥28/人LG2 | 点评榜单 | 北外滩/外白渡桥小吃快餐销量榜第3名,ocr/input_videos\上海__白玉兰广场__20260826.mp4
OBS-000428,白玉兰广场,发财米·手作糖水,发财米·手作糖水,甜品,3.9,20,LG2,rated,True,,rated,parsed,rating_anchor,0.9576,0.9866,48,4896,82.776,LG2 | 3.9 | ★★★★ | 甜品￥20/人,发财米·手作糖水 | 夏浅 | 双皮甜 | LG2 | 3.9 | ★★★★ | 甜品￥20/人 | 点评榜单 | 北外滩/外白渡桥面包蛋糕甜品销量榜... | 戏財米 | 5.3折 | ￥18.8 | ￥9.9 | 惠 | 【小份尝鲜】福芋满...,ocr/input_videos\上海__白玉兰广场__20260826.mp4
OBS-000429,白玉兰广场,寸屋拉面,寸屋拉面,面馆,3.8,46,LG2,rated,True,,rated,parsed,rating_anchor,0.9427,0.9535,55,4896,82.776,LG2 | 🌟🌟⭐🌟🌟 | 面馆￥46/人 | 3.8,寸屋拉面 | 寸壁拉面 | ZUN | PANTN ZUMTOAE | LG2 | 🌟🌟⭐🌟🌟 | 面馆￥46/人 | 3.8 | 点评榜单 | 北外滩/外白渡桥面馆回头客榜第3名 | ￥459.2折 | ￥49 | 惠 | 【招牌必点】招牌姬路...,ocr/input_videos\上海__白玉兰广场__20260826.mp4
OBS-000430,白玉兰广场,攜程外币兌換,携程外币兑换,,4.7,703,LG1,rated,True,,rated,missing,rating_anchor,0.9015,0.9015,52,4896,82.776,LG1 | ★★★★★ | 生活服务￥703/人 | 4.7,BUSHANGE | 攜程外币兌換 | 币党换 | LG1 | ★★★★★ | 生活服务￥703/人 | 4.7 | 店员讲解仔细，外币兑换清楚,ocr/input_videos\上海__白玉兰广场__20260826.mp4
OBS-000431,白玉兰广场,小满手工粉,小满手工粉,快餐简餐,3.9,31,LG2,rated,True,,rated,parsed,rating_anchor,0.9752,0.9995,55,4896,82.776,LG2 | 🌟🌟🎉🌟🌟 | 快餐简餐￥31/人 | 3.9,小满手工粉 | 拌粉季上新 | LG2 | 🌟🌟🎉🌟🌟 | 快餐简餐￥31/人 | 3.9 | 点评榜单 | 北外滩/外白渡桥小吃快餐销量榜第6名 | 小满手工粉 | 扫码点单，粉劲汤浓，方便快捷 | 3 | 1 | ￥27.9 | 9.7折 | ￥29 | 【超值工作餐】嬢嬢... | 惠 | ￥48.5 | ￥5050元代金券 | 9.7折 | 惠,ocr/input_videos\上海__白玉兰广场__20260826.mp4
OBS-000432,白玉兰广场,柴爿巷·香酥鸡&馄饨,柴爿巷·香酥鸡&馄饨,馄饨抄手...,3.8,28,LG2,rated,True,,rated,parsed,rating_anchor,0.8781,0.9476,48,4896,82.776,🌟🌟🌟🌟 | 馄饨抄手... | ￥28/人LG2 | 3.8,柴爿巷 | 柴爿巷·香酥鸡&馄饨 | 香酥鸡&馄饨 | 甄选新鲜食材 | 🌟🌟🌟🌟 | 馄饨抄手... | ￥28/人LG2 | 3.8 | XIUANSIVY | 点评榜单 | 北外滩/外白渡桥小吃快餐销量榜第3名 | 手工现包,ocr/input_videos\上海__白玉兰广场__20260826.mp4
OBS-000433,白玉兰广场,携程外币兌换,携程外币兑换,,4.7,703,LG1,rated,True,,rated,missing,rating_anchor,0.8465,0.8465,51,4980,84.196,LG1 | 🌟🌟4.7 | 生活服务￥703/人,BXESANGE | 携程外币兌换 | 市兑换 | C | LG1 | 🌟🌟4.7 | 生活服务￥703/人 | 店员讲解仔细，外币兑换清楚 | 大,ocr/input_videos\上海__白玉兰广场__20260826.mp4
OBS-000434,白玉兰广场,小满手工粉,小满手工粉,快餐简餐,3.9,31,LG2,rated,True,,rated,parsed,rating_anchor,0.9763,0.9993,54,4980,84.196,🌟🌟🌟💥🌟 | LG2 | 3.9 | 快餐简餐￥31/人,拌粉季上新 | 小满手工粉 | 🌟🌟🌟💥🌟 | LG2 | 3.9 | 快餐简餐￥31/人 | 点评榜单 | 北外滩/外白渡桥小吃快餐销量榜第6名 | “扫码点单，粉劲汤浓，便快捷” | 小满手工粉 | ￥29 | ￥27.9 | 9.7折 | 惠 | 【超值工作餐】嬢嬢.. | ￥48.59.7折 | ￥5050元代金券 | 惠,ocr/input_videos\上海__白玉兰广场__20260826.mp4
OBS-000435,白玉兰广场,柴爿巷·香酥鸡&馄饨,柴爿巷·香酥鸡&馄饨,馄饨抄手..,3.8,28,LG2,rated,True,,rated,parsed,rating_anchor,0.9046,0.9105,54,4980,84.196,⭐🌟🌟🌟 | ￥28/人LG2 | 3.8馄饨抄手..,柴爿巷 | 柴爿巷·香酥鸡&馄饨 | 香酥鸡&馄饨 | 甄选新鲜食材 | ⭐🌟🌟🌟 | ￥28/人LG2 | 3.8馄饨抄手.. | OIESXUWNSIS | 点评榜单 | 北外滩/外白渡桥小吃快餐销量榜第3名 | 手工现包 | ￥26.85折 | ￥54.2 | 惠 | （传统）小馄饨套餐,ocr/input_videos\上海__白玉兰广场__20260826.mp4
OBS-000436,白玉兰广场,VISION RICH SALON,VISIONRICHSALON,美发,4.1,358,L2,rated,True,,rated,parsed,rating_anchor,0.9562,0.9585,47,4980,84.196,L2 | 4.1美发￥358/人,VISION RICH SALON | \/2 | YESOKO1 | L2 | 4.1美发￥358/人 | 高事装 | 型你楚的想究 | 北外滩/外白渡桥洗吹销量榜第4名 | 您的个人形象顾问 | 时尚氛围满满，头发丝滑柔顺 | ￥708折 | ￥200单人洗吹+造型 | 惠 | (不满...,ocr/input_videos\上海__白玉兰广场__20260826.mp4
OBS-000437,白玉兰广场,肯德基,肯德基,西式快餐,3.9,31,LG2,rated,True,,rated,parsed,rating_anchor,0.9714,0.9995,61,4980,84.196,LG2 | 3.9西式快餐￥31/人,肯德基 | KFC | 原味鸡肉霸堡 | 新 | LG2 | 3.9西式快餐￥31/人 | 29.9/31 | 上下是系 | 我量印对监经 | “这家店的鸡块感超赞”,ocr/input_videos\上海__白玉兰广场__20260826.mp4
OBS-000438,白玉兰广场,攜程外币兌換,携程外币兑换,,4.7,703,LG1,rated,True,,rated,missing,rating_anchor,0.908,0.908,50,5004,84.602,⭐🌟🌟🌟🌟 | LG1 | 4.7 | 生活服务￥703/人,BUEFHNGEE | 攜程外币兌換 | 币党换 | ⭐🌟🌟🌟🌟 | LG1 | 4.7 | 生活服务￥703/人 | 店员讲解仔细，外币兑换清楚 | （C,ocr/input_videos\上海__白玉兰广场__20260826.mp4
OBS-000439,白玉兰广场,小满手工粉,小满手工粉,快餐简餐,3.9,31,LG2,rated,True,,rated,parsed,rating_anchor,0.9787,0.9992,54,5004,84.602,LG2 | 🌟🌟⭐🌟🌟 | 3.9 | 快餐简餐￥31/人,拌粉季上新 | 小满手工粉 | LG2 | 🌟🌟⭐🌟🌟 | 3.9 | 快餐简餐￥31/人 | 点评榜单 | 北外滩/外白渡桥小吃快餐销量榜第6名 | 二小满手工粉 | 扫码点单，粉劲汤浓，方便快捷 | ￥27.99.7折 | 惠 | ￥29 | 【超值工作餐】嬢嬢... | ￥48.59.7折 | ￥5050元代金券 | 惠,ocr/input_videos\上海__白玉兰广场__20260826.mp4
OBS-000440,白玉兰广场,柴爿巷·香酥鸡&馄饨,柴爿巷·香酥鸡&馄饨,馄饨抄手,3.8,28,LG2,rated,True,,rated,parsed,rating_anchor,0.926,0.9477,48,5004,84.602,￥28/人LG2 | ⭐⭐⭐3.8馄饨抄手,柴引巷 | 柴爿巷·香酥鸡&馄饨 | 香酥鸡&馄饨 | 甄选新鲜食材 | ￥28/人LG2 | ⭐⭐⭐3.8馄饨抄手 | 点评榜单 | 北外滩/外白渡桥小吃快餐销量榜第3名 | 手工现包 | 5折 | ￥26.8 | ￥54.2 | （传统）小馄饨套餐 | 惠,ocr/input_videos\上海__白玉兰广场__20260826.mp4
OBS-000441,白玉兰广场,VISION RICH SALON,VISIONRICHSALON,美发,4.1,358,L2,rated,True,,rated,parsed,rating_anchor,0.9665,0.9641,41,5004,84.602,L2 | 🌟🌟🎉🌟 | 4.1美发￥358/人,VISION RICH SALON | \/R | VOS40S | L2 | 🌟🌟🎉🌟 | 4.1美发￥358/人 | 亮软享选 | 综悬灵的 | 北外滩/外白渡桥洗吹销量榜第4名 | 您的个人形象顾问 | 时尚氛围满满，头发丝滑柔顺 | “ | 2 | ￥708折 | ￥200单人洗吹+造型（不满.. | 惠,ocr/input_videos\上海__白玉兰广场__20260826.mp4
OBS-000442,白玉兰广场,肯德基,肯德基,西式快餐,3.9,31,LG2,rated,True,,rated,parsed,rating_anchor,0.978,0.9982,54,5004,84.602,LG2 | ★🌟🌟🌟★ | 西式快餐￥31/人 | 3.9,肯德基 | KFC | 原味鸡肉霸堡 | 新 | LG2 | ★🌟🌟🌟★ | 西式快餐￥31/人 | 3.9 | 29.9/3件 | 上下都量限话 | 食批科品院 | 这家店的鸡块口感超赞,ocr/input_videos\上海__白玉兰广场__20260826.mp4
OBS-000443,白玉兰广场,小满手工粉,小满手工粉,快餐简餐,3.9,31,LG2,rated,True,,rated,parsed,rating_anchor,0.9831,0.9989,55,5088,86.022,LG2 | 🌟🌟🌟🌟🌟 | 3.9快餐简餐￥31/人,拌粉季上新 | 小满手工粉 | LG2 | 🌟🌟🌟🌟🌟 | 3.9快餐简餐￥31/人 | 点评镑单 | 北外滩/外白渡桥小吃快餐销量榜第6名 | 二小满手工粉 | 扫码点单，粉劲汤浓，方便快捷 | 5 | ￥29 | 9.7折 | ￥27.9 | 惠 | 【超值工作餐】嬢嬢. | ￥48.5 | 惠 | 9.7折 | ￥5050元代金券,ocr/input_videos\上海__白玉兰广场__20260826.mp4
OBS-000444,白玉兰广场,柴爿巷·香酥鸡&馄饨,柴爿巷·香酥鸡&馄饨,,3.8,28,LG2,rated,True,,rated,missing,rating_anchor,0.9452,0.9452,53,5088,86.022,⭐⭐⭐⭐3.8馄饨抄手！. | ￥28/人LG2,柴引巷 | 柴爿巷·香酥鸡&馄饨 | 香麻鸡&馄饨 | 甄选新鲜食材 | ⭐⭐⭐⭐3.8馄饨抄手！. | ￥28/人LG2 | DIE | 点评榜单 | 北外滩/外白渡桥小吃快餐销量榜第3名 | 手工现包 | ￥26.85折 | ￥54.2 | 惠 | （传统）小馄饨套餐,ocr/input_videos\上海__白玉兰广场__20260826.mp4
OBS-000445,白玉兰广场,VISION RICH SALON,VISIONRICHSALON,美发,4.1,358,L2,rated,True,,rated,parsed,rating_anchor,0.974,0.9729,47,5088,86.022,🌟🌟🌟🌟 | L2 | 4.1美发￥358/人 | ￥,VISION RICH SALON | VR | VaK | 🌟🌟🌟🌟 | L2 | 4.1美发￥358/人 | ￥ | 身实单美 | 提组票责总票 | 北外滩/外白渡桥洗吹销量榜第4名 | 您的个人形象顾问 | 时尚氛围满满，头发丝滑柔顺” | “ | ￥708折 | ￥200单人洗吹+造型（不满... | 惠,ocr/input_videos\上海__白玉兰广场__20260826.mp4
OBS-000446,白玉兰广场,肯德基,肯德基,西式快餐,3.9,31,LG2,rated,True,,rated,parsed,rating_anchor,0.9738,0.9984,57,5088,86.022,⭐🌟🌟⭐ | LG2 | 3.9 | 西式快餐￥31/人,肯德基 | KFC | 原味鸡肉霸堡 | 新 | ⭐🌟🌟⭐ | LG2 | 3.9 | 西式快餐￥31/人 | 29.9/37 | 上下都品活速6 | 鲜片鸡实 | 这家店的鸡块口感超赞 | ￥39.5 | ￥19.9 | 5.1折 | 惠 | 【汉堡可选】主食.,ocr/input_videos\上海__白玉兰广场__20260826.mp4
OBS-000447,白玉兰广场,秦小乖油泼面.白玉兰广场,秦小乖油泼面.白玉兰广场,面馆,3.7,33,LG2,rated,True,,rated,parsed,rating_anchor,0.9597,0.9788,56,5088,86.022,3.7面馆￥33/人 | LG2,秦小乖油泼面.白玉兰广场 | 秦小乖 | 230泰校 | 3.7面馆￥33/人 | LG2,ocr/input_videos\上海__白玉兰广场__20260826.mp4
OBS-000448,白玉兰广场,VISION RICH SALON,VISIONRICHSALON,美发,4.1,358,L2,rated,True,,rated,parsed,rating_anchor,0.969,0.9383,44,5124,86.631,L2 | 🌟🌟🌟🌟 | ￥358/人 | 4.1 | 美发 | ￥,VISION RICH SALON | VR | VEOK BO AOA | L2 | 🌟🌟🌟🌟 | ￥358/人 | 4.1 | 美发 | ￥ | 实童美 | 北外滩/外白渡桥洗吹销量榜第4名 | 您的个人形象顾问 | 时尚氛围满满，头发丝滑柔顺 | “ | ￥708折 | 惠 | ￥200单人洗吹+造型 | (不满...,ocr/input_videos\上海__白玉兰广场__20260826.mp4
OBS-000449,白玉兰广场,肯德基,肯德基,西式快餐,3.9,31,LG2,rated,True,,rated,parsed,rating_anchor,0.9754,0.9993,55,5124,86.631,LG2 | 🌟🌟⭐🌟⭐ | 西式快餐￥31/人 | 3.9,肯德基 | KFC | 原味鸡肉霸堡 | 新 | LG2 | 🌟🌟⭐🌟⭐ | 西式快餐￥31/人 | 3.9 | 29.9/3件 | 上下都基速询 | 鲜味鸡公候 | 这家店的鸡块口感超赞 | ￥39.5 | ￥19.9 | 5.1折 | 【汉堡可选】主食.. | 惠,ocr/input_videos\上海__白玉兰广场__20260826.mp4
OBS-000450,白玉兰广场,秦小乖油泼面.白玉兰广场,秦小乖油泼面.白玉兰广场,面馆,3.7,33,LG2,rated,True,,rated,parsed,rating_anchor,0.9815,0.9876,48,5124,86.631,LG2 | 🌟🌟🌟🌟🌟 | 3.7面馆￥33/人,秦小乖 | 秦小乖油泼面.白玉兰广场 | 2300由拔泰漆 | LG2 | 🌟🌟🌟🌟🌟 | 3.7面馆￥33/人 | 点评榜单 | 北外滩/外白渡桥面馆打卡人气榜第3名 | 隐蔽美食新发现，负二楼油泼面馆 | 连锁门店16+ | 6.7折 | 惠 | 【福利】“蛋”遇见你 | ￥2 | ￥3 | ￥33 | 9.5折 | 惠 | ￥3535元代金券,ocr/input_videos\上海__白玉兰广场__20260826.mp4
OBS-000451,白玉兰广场,白玉兰智慧迷你仓,白玉兰智慧迷你仓,迷你自助仓储,3.5,,LG1,rated,True,,rated,parsed,rating_anchor,0.9866,0.9929,51,5124,86.631,3.5迷你自助仓储 | LG1,白玉兰智慧迷你仓 | 24H | 3.5迷你自助仓储 | LG1 | 瑞价仓 | 智 | 仓库货梯直达，监控实时方便” | 慧 | “,ocr/input_videos\上海__白玉兰广场__20260826.mp4
OBS-000452,白玉兰广场,杜哈夫DOUXREVE·生日蛋糕,杜哈夫DOUXREVE·生日蛋糕,面包蛋糕,,180,,unknown,True,,ocr_missing,parsed,metadata_anchor,0.919,0.9346,57,5124,86.631,面包蛋糕￥180/人 | ★★★★48 | 中,杜哈夫DOUXREVE·生日蛋糕 | 杜哈夫 | DOUXREVE | 面包蛋糕￥180/人 | ★★★★48 | 中,ocr/input_videos\上海__白玉兰广场__20260826.mp4
OBS-000453,白玉兰广场,VISION RICH SALON,VISIONRICHSALON,美发,4.1,358,L2,rated,True,,rated,parsed,rating_anchor,0.9623,0.9577,46,5136,86.834,🌟🌟🌟⭐ | L2 | 4.1美发￥358/人 | ★,VISION RICH SALON | VR | VeS4 | 🌟🌟🌟⭐ | L2 | 4.1美发￥358/人 | ★ | 亮软车先 | 世你慧爱的想 | 北外滩/外白渡桥洗吹销量榜第4名 | 您的个人形象顾问 | 时尚氛围满满，头发丝滑柔顺 | ￥708折 | ￥200单人洗吹+造型 | (不满... | 惠,ocr/input_videos\上海__白玉兰广场__20260826.mp4
OBS-000454,白玉兰广场,肯德基,肯德基,西式快餐,3.9,31,LG2,rated,True,,rated,parsed,rating_anchor,0.9789,0.9997,61,5136,86.834,🌟🌟🎉🌟⭐ | LG2 | 3.9 | 西式快餐￥31/人,肯德基 | KFC | 原味鸡肉霸堡 | 新 | 🌟🌟🎉🌟⭐ | LG2 | 3.9 | 西式快餐￥31/人 | 29.9/3 | 上下部显限流活 | 装科品院 | 这家店的鸡块口感超赞 | ￥39.5 | 5.1折 | ￥19.9 | 【汉堡可选】主食.. | 惠,ocr/input_videos\上海__白玉兰广场__20260826.mp4
OBS-000455,白玉兰广场,秦小乖油泼面.白玉兰广场,秦小乖油泼面.白玉兰广场,面馆,3.7,33,LG2,rated,True,,rated,parsed,rating_anchor,0.9557,0.9753,56,5136,86.834,LG2 | 🌟🌟🌟🌟🌟 | 面馆￥33/人 | 3.7,秦小乖油泼面.白玉兰广场 | 秦小乖 | 239由泰款 | LG2 | 🌟🌟🌟🌟🌟 | 面馆￥33/人 | 3.7 | 点评榜单 | 北外滩/外白渡桥面馆打卡人气榜第3名 | 隐蔽美食新发现，负二楼油泼面馆 | 力 | 连销门店164 | 6.7折 | 惠 | ￥2 | 【福利】一“蛋”遇见你 | ￥33 | 9.5折 | ￥3535元代金券 | 惠,ocr/input_videos\上海__白玉兰广场__20260826.mp4
OBS-000456,白玉兰广场,白玉兰智慧迷你仓,白玉兰智慧迷你仓,迷你自助仓储,3.5,,LG1,rated,True,,rated,parsed,rating_anchor,0.9969,0.997,51,5136,86.834,3.5 | LG1 | 迷你自助仓储,白玉兰智慧迷你仓 | 24H | 3.5 | LG1 | 迷你自助仓储 | 迷 | 智 | 仓库货梯直达，监控实时方便 | 慧 | 仓,ocr/input_videos\上海__白玉兰广场__20260826.mp4
OBS-000457,白玉兰广场,杜哈夫DOUXREVE·生日蛋糕,杜哈夫DOUXREVE·生日蛋糕,面包蛋糕,4.8,180,L1,rated,True,,rated,parsed,rating_anchor,0.9569,0.9604,56,5136,86.834,L1 | 4.8面包蛋糕￥180/人,杜哈夫DOUXREVE·生日蛋糕 | 杜哈夫 | DOUXIEVE | L1 | 4.8面包蛋糕￥180/人 | 点评榜单 | 虹口区面包蛋糕甜品好评榜第1名,ocr/input_videos\上海__白玉兰广场__20260826.mp4
OBS-000458,白玉兰广场,VISION RICH SALON,VISIONRICHSALON,美发,4.1,358,L2,rated,True,,rated,parsed,rating_anchor,0.9729,0.9802,47,5184,87.645,L2 | ★★★★★ | 4.1美发￥358/人,VISION RICH SALON | \R | YHEOR 3DH XSC | L2 | ★★★★★ | 4.1美发￥358/人 | 事美 | 北外滩/外白渡桥洗吹销量榜第4名 | 您的个人形象顾问 | 时尚氛围满满，头发丝滑柔顺 | “ | ￥708折 | ￥200单人洗吹+造型(不满... | 惠,ocr/input_videos\上海__白玉兰广场__20260826.mp4
OBS-000459,白玉兰广场,肯德基,肯德基,西式快餐,3.9,31,LG2,rated,True,,rated,parsed,rating_anchor,0.9775,0.9997,62,5184,87.645,LG2 | 🌟🌟🌟⭐3.9 | 西式快餐￥31/人,肯德基 | KFC | 原味鸡肉霸堡 | 新 | LG2 | 🌟🌟🌟⭐3.9 | 西式快餐￥31/人 | 29.9/3件 | 上下是系随源 | 我量印对商经 | 这家店的鸡块口感超赞 | ￥39.5 | ￥19.9 | 5.1折 | 惠 | 【汉堡可选】主食.,ocr/input_videos\上海__白玉兰广场__20260826.mp4
OBS-000460,白玉兰广场,秦小乖油泼面.白玉兰广场,秦小乖油泼面.白玉兰广场,面馆,3.7,33,LG2,rated,True,,rated,parsed,rating_anchor,0.9738,0.9895,51,5184,87.645,3.7面馆￥33/人 | LG2,秦小乖油泼面.白玉兰广场 | 秦小乖 | 239凌泰椒 | 3.7面馆￥33/人 | LG2 | 点评榜单 | 北外滩/外白渡桥面馆打卡人气榜第3名 | 隐蔽美食新发现，负二楼油泼面馆 | 连锁门店16+ | 惠 | ￥2 | 6.7折 | 【福利】一“蛋”遇见你 | ￥3 | 惠 | ￥339.5折 | ￥3535元代金券,ocr/input_videos\上海__白玉兰广场__20260826.mp4
OBS-000461,白玉兰广场,白玉兰智慧迷你仓,白玉兰智慧迷你仓,迷你自助仓储,3.5,,LG1,rated,True,,rated,parsed,rating_anchor,0.9623,0.9991,53,5184,87.645,LG1 | ⭐⭐3.5迷你自助仓储,白玉兰智慧迷你仓 | 24H | LG1 | ⭐⭐3.5迷你自助仓储 | 智迷 | 价仓 | 仓库货梯直达，监控实时方便” | 慧 | （,ocr/input_videos\上海__白玉兰广场__20260826.mp4
OBS-000462,白玉兰广场,杜哈夫DOUXREVE·生日蛋糕,杜哈夫DOUXREVE·生日蛋糕,面包蛋糕,4.8,180,L1,rated,True,,rated,parsed,rating_anchor,0.9793,0.9603,56,5184,87.645,L1 | ★★★★★ | 面包蛋糕 | 4.8 | ￥180/人,杜哈夫DOUXREVE·生日蛋糕 | 杜哈夫 | DOUXREVE | L1 | ★★★★★ | 面包蛋糕 | 4.8 | ￥180/人 | 点评榜单 | 虹口区面包蛋糕甜品好评榜第1名 | 服务态度好，性价比超高 | 31,ocr/input_videos\上海__白玉兰广场__20260826.mp4
OBS-000463,白玉兰广场,兰智慧迷你仓,兰智慧迷你仓,迷你自助仓储,3.5,,LG1,rated,True,,rated,parsed,rating_anchor,0.9372,0.9967,51,5232,88.457,LG1 | ⭐⭐⭐3.5迷你自助仓储,兰智慧迷你仓 | 24H | LG1 | ⭐⭐⭐3.5迷你自助仓储 | ® | 慧 | 回西 | 仓库货梯直达，监控实时方便”,ocr/input_videos\上海__白玉兰广场__20260826.mp4
OBS-000464,白玉兰广场,杜哈夫DOUXREVE·生日蛋糕,杜哈夫DOUXREVE·生日蛋糕,面包蛋糕,4.8,180,L1,rated,True,,rated,parsed,rating_anchor,0.9575,0.9627,51,5232,88.457,L1 | 4.8面包蛋糕￥180/人,杜哈夫 | 杜哈夫DOUXREVE·生日蛋糕 | DOUXERT | L1 | 4.8面包蛋糕￥180/人 | 点评榜单 | 虹口区面包蛋糕甜品好评榜第1名 | 服务态度好，性价比超 | 3 | ￥1286.5折 | ￥198 | 【爆款】香草海盐.. | 惠 | ￥255折 | ￥5050元代金券 | 惠,ocr/input_videos\上海__白玉兰广场__20260826.mp4
OBS-000465,白玉兰广场,一板一肉,一板一肉,日式简餐/...,3.8,40,LG2,rated,True,,rated,parsed,rating_anchor,0.9229,0.9967,57,5232,88.457,⭐🌟⭐🌟🌟 | ￥40/人LG2 | 3.8 | 日式简餐/...,一板一肉 | ⭐🌟⭐🌟🌟 | ￥40/人LG2 | 3.8 | 日式简餐/... | 一板一肉 | 点评榜单 | 虹口区日式简餐/快餐打卡人气榜第5名 | GRILL MEAT DOWL | 板前现制和牛饭 | 烟火气十，推荐品尝，输出格式 | ￥42.88.8折 | ￥48.8 | 【日式风味】日式. | 惠,ocr/input_videos\上海__白玉兰广场__20260826.mp4
OBS-000466,白玉兰广场,蓓肌妍科技健康管理,蓓肌妍科技健康管理,SPA美体,4.6,437,LG1,rated,True,,rated,parsed,rating_anchor,0.978,0.9986,51,5232,88.457,LG1 | 🌟🌟★🌟🌟 | 4.6SPA美体￥437/人,蓓肌妍科技健康管理 | BETIYAN | LG1 | 🌟🌟★🌟🌟 | 4.6SPA美体￥437/人 | 科学护肤 | 舒润养肤·肤质调理 | 点评榜单 | 北外滩/外白渡桥美容/SPA好评榜第4名 | 接睫毛效果好，面部护理舒适 | 多元化肌肤管理 | ￥886.9折 | 惠 | ￥18035分钟深层清洁手工...,ocr/input_videos\上海__白玉兰广场__20260826.mp4
OBS-000467,白玉兰广场,白玉兰智慧迷你仓,白玉兰智慧迷你仓,迷你自助仓储,3.5,,LG1,rated,True,,rated,parsed,rating_anchor,0.9797,0.9965,57,5256,88.863,LG1 | ⭐3.5迷你自助仓储,白玉兰智慧迷你仓 | 24H | LG1 | ⭐3.5迷你自助仓储 | 智迷 | 仓库货梯直达，监控实时方便” | 慧你 | 回西 | 仓,ocr/input_videos\上海__白玉兰广场__20260826.mp4
OBS-000468,白玉兰广场,杜哈夫DOUX RÉVE·生日蛋糕,杜哈夫DOUXRÉVE·生日蛋糕,面包蛋糕,4.8,180,L1,rated,True,,rated,parsed,rating_anchor,0.9582,0.9474,57,5256,88.863,4.8面包蛋糕￥180/人 | L1,杜哈夫DOUX RÉVE·生日蛋糕 | 杜哈夫 | DOUXEtT | 4.8面包蛋糕￥180/人 | L1 | 点评榜单 | 虹口区面包蛋糕甜品好评榜第1名 | 服务态度好，性价比超高 | 11 | ￥198 | ￥128 | 6.5折 | 【爆款】香草海盐.. | 惠 | ￥255折 | 惠 | ￥5050元代金券,ocr/input_videos\上海__白玉兰广场__20260826.mp4
OBS-000469,白玉兰广场,一板一肉,一板一肉,日式简餐..,3.8,40,LG2,rated,True,,rated,parsed,rating_anchor,0.9536,0.9977,61,5256,88.863,￥40/人LG2 | 3.8日式简餐.. | 🌟🌟🌟🌟🌟,一板一肉 | 8 | ￥40/人LG2 | 3.8日式简餐.. | 🌟🌟🌟🌟🌟 | 国 | 一板一肉 | 点评榜单 | 虹口区日式简餐/快餐打卡人气榜第5名 | CRILL MEAT DOWL | 板前现制和牛饭 | 烟火气十足，推荐品尝，输出格式” | ￥48.8 | 【日式风味】日式.. | ￥42.8 | 8.8折 | 惠,ocr/input_videos\上海__白玉兰广场__20260826.mp4
OBS-000470,白玉兰广场,蓓肌妍科技健康管理,蓓肌妍科技健康管理,SPA美体,4.6,437,LG1,rated,True,,rated,parsed,rating_anchor,0.979,0.9988,50,5256,88.863,LG1 | 4.6SPA美体￥437/人,蓓肌妍科技健康管理 | BETIYAN | LG1 | 4.6SPA美体￥437/人 | 科学护肤 | 舒润养肤·肤质调理 | 点评榜单 | 北外滩/外白渡桥美容/SPA好评榜第4名 | 接睫毛效果好，面部护理舒适 | 多元化肌肤管理 | ￥886.9折 | ￥18035分钟深层清洁手工.... | 惠,ocr/input_videos\上海__白玉兰广场__20260826.mp4
OBS-000471,白玉兰广场,白玉兰智慧迷你仓,白玉兰智慧迷你仓,迷你自助仓储,3.5,,LG1,rated,True,,rated,parsed,rating_anchor,0.9808,0.9986,53,5304,89.674,⭐3.5迷你自助仓储 | LG1,白玉兰智慧迷你仓 | 24H | ⭐3.5迷你自助仓储 | LG1 | 8 | 智迷 | 慧你 | 仓库货梯直达，监控实时方便” | 回西 | 仓,ocr/input_videos\上海__白玉兰广场__20260826.mp4
OBS-000472,白玉兰广场,杜哈夫DOUX REVE·生日蛋糕,杜哈夫DOUXREVE·生日蛋糕,面包蛋糕,4.8,180,L1,rated,True,,rated,parsed,rating_anchor,0.9551,0.9422,57,5304,89.674,4.8面包蛋糕￥180/人 | L1,杜哈夫DOUX REVE·生日蛋糕 | 杜哈夫 | DOUXEtT | 4.8面包蛋糕￥180/人 | L1 | 点评榜单 | 虹口区面包蛋糕甜品好评榜第1名 | 服务态度好，性价比超高 | 11 | ￥128 | ￥198 | 6.5折 | 【爆款】香草海盐. | 惠 | ￥255折 | 惠 | ￥5050元代金券,ocr/input_videos\上海__白玉兰广场__20260826.mp4
OBS-000473,白玉兰广场,一板一肉,一板一肉,日,3.8,40,LG2,rated,True,,rated,parsed,rating_anchor,0.9746,0.9972,60,5304,89.674,￥40/人LG2 | 🌟🌟🌟🌟🌟 | 3.8日 | 日式简餐/...,一板一肉 | ￥40/人LG2 | 🌟🌟🌟🌟🌟 | 3.8日 | 日式简餐/... | 白 | 一板一肉 | 点评榜单 | 虹口区日式简餐/快餐打卡人气榜第5名 | GRHLL MEAT DOWL | 板前现制和牛饭 | 烟火气十足，推荐品尝，输出格式” | ￥48.8 | ￥42.8 | 8.8折 | 惠 | 【日式风味】日式.,ocr/input_videos\上海__白玉兰广场__20260826.mp4
OBS-000474,白玉兰广场,蓓肌妍科技健康管理,蓓肌妍科技健康管理,SPA美体,4.6,437,LG1,rated,True,,rated,parsed,rating_anchor,0.9792,0.9993,50,5304,89.674,LG1 | 4.6SPA美体￥437/人,蓓肌妍科技健康管理 | BETIYAN | LG1 | 4.6SPA美体￥437/人 | 科学护肤 | 舒润养肤·肤质调理 | 点评榜单 | 北外滩/外白渡桥美容/SPA好评榜第4名 | 多元化肌肤管理 | 接睫毛效果好，面部护理舒适 | ￥88 | ￥18035分钟深层清洁手工... | 6.9折 | 惠,ocr/input_videos\上海__白玉兰广场__20260826.mp4
OBS-000475,白玉兰广场,一板一肉,一板一肉,日式简餐/....,3.8,40,LG2,rated,True,,rated,parsed,rating_anchor,0.9235,0.9953,60,5340,90.283,🌟🌟🌟🌟🌟 | 3.8日式简餐/.... | ￥40/人LG2,一板一肉 | 🌟🌟🌟🌟🌟 | 3.8日式简餐/.... | ￥40/人LG2 | 一板一肉 | 点评榜单 | 虹口区日式简餐/快餐打卡人气榜第5名 | CRILL NEAT BOWL | 板前现制和牛饭 | 烟火气十，推荐品尝，输出格式” | ￥48.8 | ￥42.88.8折 | 惠 | 【日式风味】日式.,ocr/input_videos\上海__白玉兰广场__20260826.mp4
OBS-000476,白玉兰广场,蓓肌妍科技健康管理,蓓肌妍科技健康管理,SPA美体,4.6,437,LG1,rated,True,,rated,parsed,rating_anchor,0.9727,0.9987,47,5340,90.283,LG1 | 4.6SPA美体￥437/人,蓓肌妍科技健康管理 | -BETYAN | LG1 | 4.6SPA美体￥437/人 | 科学护肤 | 舒润养肤·肤质调理 | 点评榜单 | 北外滩/外白渡桥美容/SPA好评榜第4名 | 接睫毛效果好，面部护理舒适 | 多元化肌肤管理 | 3 | ￥886.9折 | 惠 | ￥18035分钟深层清洁手工.,ocr/input_videos\上海__白玉兰广场__20260826.mp4
OBS-000477,白玉兰广场,BENNY本尼黄金烤鸡,BENNY本尼黄金烤鸡,快餐简餐,3.9,60,LG2,rated,True,,rated,parsed,rating_anchor,0.9761,0.9984,48,5340,90.283,LG2 | 3.9快餐简餐￥60/人,BENNY本尼黄金烤鸡 | Benny | LG2 | 3.9快餐简餐￥60/人 | 本尼黄金烤鸡 | SINCE1960加章大经风味 | 点评榜单 | 北外滩/外白渡桥小吃快餐打卡人气榜. | 空运鸡肉，嫩滑好吃，装修有格调 | “ | ￥41.39折 | 惠 | ￥46炸鸡墨西哥辣椒酱汉..,ocr/input_videos\上海__白玉兰广场__20260826.mp4
OBS-000478,白玉兰广场,纽悦伊人问题肌·術后修护,纽悦伊人问题肌·术后修护,皮肤管理,4.7,295,L1,rated,True,,rated,parsed,rating_anchor,0.9619,0.9743,51,5340,90.283,4.7皮肤管理￥295/人 | L1,纽悦伊人问题肌·術后修护 | 4.7皮肤管理￥295/人 | L1 | NYSS | 纽悦伊人 | 点评榜单 | 北外滩/外白渡桥美容/SPA好评榜第3名 | 按得快睡着了，皮肤水润很多” | ￥99965分钟深层清洁... | ￥1254.2折 | 惠,ocr/input_videos\上海__白玉兰广场__20260826.mp4
OBS-000479,白玉兰广场,琦王花生,琦王花生,栗子/干果,3.7,48,LG2,rated,True,,rated,parsed,rating_anchor,0.9611,0.9969,56,5340,90.283,3.7栗子/干果￥48/人 | LG2,琦王花生 | 琦王 | 恩 | 3.7栗子/干果￥48/人 | LG2 | 花生 | 小锅·慢炒,ocr/input_videos\上海__白玉兰广场__20260826.mp4
OBS-000480,白玉兰广场,蓓肌妍科技健康管理,蓓肌妍科技健康管理,SPA美体,4.6,437,LG1,rated,True,,rated,parsed,rating_anchor,0.9567,0.9987,51,5364,90.689,LG1 | 4.6SPA美体￥437/人,BETYAN | 蓓肌妍科技健康管理 | LG1 | 4.6SPA美体￥437/人 | 科学护肤 | 舒润养肤·肤质调理 | 点评榜单 | 北外滩/外白渡桥美容/SPA好评榜第4名 | 接睫毛效果好，面部护理舒适 | 多元化肌肤管理 | ￥886.9折 | ￥18035分钟深层清洁手工... | 惠,ocr/input_videos\上海__白玉兰广场__20260826.mp4
OBS-000481,白玉兰广场,BENNY本尼黄金烤鸡,BENNY本尼黄金烤鸡,快餐简餐,3.9,60,LG2,rated,True,,rated,parsed,rating_anchor,0.9785,0.9961,52,5364,90.689,LG2 | 🌟🌟🎉🌟🌟 | 快餐简餐￥60/人 | 3.9,BENNY本尼黄金烤鸡 | Benny | LG2 | 🌟🌟🎉🌟🌟 | 快餐简餐￥60/人 | 3.9 | REYISSKRIES | 本尼黄金烤鸡 | SINCE1960加京大经风障 | 点评榜单 | 北外滩/外白渡桥小吃快餐打卡人气榜... | 空运鸡肉，嫩滑好吃，装修有格调” | “ | 中 | ￥41.39折 | ￥46炸鸡墨西哥辣椒酱汉... | 惠,ocr/input_videos\上海__白玉兰广场__20260826.mp4
OBS-000482,白玉兰广场,纽悦伊人问题肌·術后修护,纽悦伊人问题肌·术后修护,皮肤管理,4.7,295,L1,rated,True,,rated,parsed,rating_anchor,0.9637,0.9761,54,5364,90.689,L1 | 4.7皮肤管理￥295/人,纽悦伊人问题肌·術后修护 | L1 | 4.7皮肤管理￥295/人 | NYSS纽悦伊人 | 点评榜单 | 北外滩/外白渡桥美容/SPA好评榜第3名 | 按得快睡着了，肤润很多” | ￥99965分钟深层清洁|毛... | ￥125 | 4.2折 | 惠,ocr/input_videos\上海__白玉兰广场__20260826.mp4
OBS-000483,白玉兰广场,琦王花生,琦王花生,栗子/干果,3.7,48,LG2,rated,True,,rated,parsed,rating_anchor,0.9396,0.9978,60,5364,90.689,3.7栗子/干果￥48/人 | LG2,琦王花生 | 琦王 | ENANS | 3.7栗子/干果￥48/人 | LG2 | 花生 | 小锅·慢炒 | ￥19.8￥19.8红山雪葵(原味瓜子) | 惠,ocr/input_videos\上海__白玉兰广场__20260826.mp4
OBS-000484,白玉兰广场,沪车家,沪车家,美容洗车,,244,商场内,new_store,False,new_store,ocr_missing,parsed,metadata_anchor,0.9793,0.9991,58,5364,90.689,新店 | 商场内 | 美容洗车￥244/人,沪车家 | Car Club | 新店 | 商场内 | 美容洗车￥244/人,ocr/input_videos\上海__白玉兰广场__20260826.mp4
OBS-000485,白玉兰广场,蓓肌妍科技健康管理,蓓肌妍科技健康管理,SPA美体,4.6,437,LG1,rated,True,,rated,parsed,rating_anchor,0.9814,0.997,51,5400,91.297,LG1 | 🌟🌟🎉🌟🌟 | 4.6SPA美体￥437/人,蓓肌妍科技健康管理 | -BETIYAN | LG1 | 🌟🌟🎉🌟🌟 | 4.6SPA美体￥437/人 | 科学护肤 | 舒润养肤·肤质调理 | 点评榜单 | 北外滩/外白渡桥美容/SPA好评榜第4名 | 接睫毛效果好，面部护理舒适 | 多元化肌肤管理 | ￥886.9折 | ￥18035分钟深层清洁手工... | 惠,ocr/input_videos\上海__白玉兰广场__20260826.mp4
OBS-000486,白玉兰广场,BENNY本尼黄金烤鸡,BENNY本尼黄金烤鸡,快餐简餐,3.9,60,LG2,rated,True,,rated,parsed,rating_anchor,0.9748,0.9987,48,5400,91.297,⭐🌟🌟3.9 | LG2 | 快餐简餐￥60/人,BENNY本尼黄金烤鸡 | Benny | ⭐🌟🌟3.9 | LG2 | 快餐简餐￥60/人 | RETISSERIES | 本尼黄金烤鸡 | SINCE1960加票大经具风味 | 点评榜单 | 北外滩/外白渡桥小吃快餐打卡人气榜.. | 空运鸡肉，嫩滑好吃，装修有格调 | 《 | ￥41.39折 | ￥46炸鸡墨西哥辣椒酱汉... | 惠,ocr/input_videos\上海__白玉兰广场__20260826.mp4
OBS-000487,白玉兰广场,纽悦伊人问题肌·術后修护,纽悦伊人问题肌·术后修护,皮肤管理,4.7,295,L1,rated,True,,rated,parsed,rating_anchor,0.9796,0.9858,53,5400,91.297,🌟🌟⭐🌟🌟 | L1 | 4.7皮肤管理￥295/人,纽悦伊人问题肌·術后修护 | 🌟🌟⭐🌟🌟 | L1 | 4.7皮肤管理￥295/人 | NYSS纽悦伊人 | 点评榜单 | 北外滩/外白渡桥美容/SPA好评榜第3名 | 按得快睡着了，皮肤水润很多” | ￥999 | ￥125 | 4.2折 | 65分钟深层清洁|毛... | 惠,ocr/input_videos\上海__白玉兰广场__20260826.mp4
OBS-000488,白玉兰广场,琦王花生,琦王花生,栗子/干果,3.7,48,LG2,rated,True,,rated,parsed,rating_anchor,0.9759,0.9984,58,5400,91.297,🌟🌟🌟🌟🌟 | LG2 | 3.7栗子/干果￥48/人,琦王花生 | 琦王 | SURAS | 肉 | 🌟🌟🌟🌟🌟 | LG2 | 3.7栗子/干果￥48/人 | 花生 | 小锅·慢炒 | ￥19.8￥19.8红山雪葵(原味瓜子) | 惠,ocr/input_videos\上海__白玉兰广场__20260826.mp4
OBS-000489,白玉兰广场,沪车家,沪车家,美容洗车,,244,商场内,new_store,False,new_store,ocr_missing,parsed,metadata_anchor,0.9806,0.9985,57,5400,91.297,新店 | 商场内 | 美容洗车￥244/人,沪车家 | Car Club | 新店 | 商场内 | 美容洗车￥244/人,ocr/input_videos\上海__白玉兰广场__20260826.mp4
OBS-000490,白玉兰广场,DCININI4化R亚巧,DCININI4化R亚巧,快餐简餐,3.9,60,LG2,rated,True,,rated,parsed,rating_anchor,0.7701,0.5954,34,5472,92.515,LG2 | 3.9快餐简餐￥60/人,DCININI4化R亚巧 | Benny | LG2 | 3.9快餐简餐￥60/人 | 本尼黄金烤鸡 | SINCE1960加享大经典风味 | 点评榜单 | 北外滩/外白渡桥小吃快餐打卡人气榜... | 空运鸡肉，嫩滑好吃，装修有格调 | “ | ￥41.39折 | ￥46炸鸡墨西哥辣椒酱汉... | 惠,ocr/input_videos\上海__白玉兰广场__20260826.mp4
OBS-000491,白玉兰广场,纽悦伊人问题肌·術后修护,纽悦伊人问题肌·术后修护,皮肤管理,4.7,295,L1,rated,True,,rated,parsed,rating_anchor,0.9669,0.9773,51,5472,92.515,L1 | 4.7皮肤管理￥295/人,纽悦伊人问题肌·術后修护 | L1 | 4.7皮肤管理￥295/人 | NYSS纽悦伊人 | 点评榜单 | 北外滩/外白渡桥美容/SPA好评榜第3名 | 按得快睡着了，肤润很多” | ￥1254.2折 | ￥999 | 65分钟深层清洁毛.... | 惠,ocr/input_videos\上海__白玉兰广场__20260826.mp4
OBS-000492,白玉兰广场,琦王花生,琦王花生,栗子/干果,3.7,48,LG2,rated,True,,rated,parsed,rating_anchor,0.9561,0.9974,56,5472,92.515,3.7栗子/干果￥48/人 | LG2,琦王花生 | 琦王 | LANANS | 1 | 3.7栗子/干果￥48/人 | LG2 | 花生 | 小锅·慢炒 | ￥19.8￥19.8红山雪葵（原味瓜子） | 惠,ocr/input_videos\上海__白玉兰广场__20260826.mp4
OBS-000493,白玉兰广场,沪车家,沪车家,美容洗车,,244,商场内,new_store,False,new_store,ocr_missing,parsed,metadata_anchor,0.9748,0.9989,60,5472,92.515,新店 | 商场内 | 美容洗车￥244/人,沪车家 | Car Club | 新店 | 商场内 | 美容洗车￥244/人 | ￥121￥168 | 普通洗车一环保科学蜡洗... | 惠,ocr/input_videos\上海__白玉兰广场__20260826.mp4
OBS-000494,白玉兰广场,肥汁米蘭香港米线,肥汁米兰香港米线,小吃快餐,4.1,40,LG2,rated,True,,rated,parsed,rating_anchor,0.9604,0.9909,53,5472,92.515,LG2 | 🌟🌟🌟🌟 | 4.1小吃快餐￥40/人,肥汁米蘭香港米线 | APMAILAAN | LG2 | 🌟🌟🌟🌟 | 4.1小吃快餐￥40/人 | FET | 肥汁米蘭 | 点评榜单 | 北外滩/外白渡桥小吃快餐好评榜第5名 | 酒働 | 服务热情，性价比大众化,ocr/input_videos\上海__白玉兰广场__20260826.mp4
OBS-000495,白玉兰广场,纽悦伊人问题肌·術后修护,纽悦伊人问题肌·术后修护,皮肤管理,4.7,295,L1,rated,True,,rated,parsed,rating_anchor,0.9571,0.9825,48,5520,93.326,4.7皮肤管理￥295/人 | L1,纽悦伊人问题肌·術后修护 | 4.7皮肤管理￥295/人 | L1 | NYSS组悦伊人 | 点评榜单 | 北外滩/外白渡桥美容/SPA好评榜第3名 | “按得快睡着了，肤润很多” | ￥999 | 4.2折 | ￥125 | 惠 | 65分钟深层清洁|毛...,ocr/input_videos\上海__白玉兰广场__20260826.mp4
OBS-000496,白玉兰广场,琦王花生,琦王花生,栗子/干果,3.7,48,LG2,rated,True,,rated,parsed,rating_anchor,0.9644,0.9982,60,5520,93.326,3.7栗子/干果￥48/人 | LG2,琦王花生 | 琦王 | R | 3.7栗子/干果￥48/人 | LG2 | 花生 | 小锅·慢炒 | 惠 | ￥19.8￥19.8红山雪葵(原味瓜子),ocr/input_videos\上海__白玉兰广场__20260826.mp4
OBS-000497,白玉兰广场,沪车家,沪车家,美容洗车,,244,商场内,new_store,False,new_store,ocr_missing,parsed,metadata_anchor,0.9841,0.9992,64,5520,93.326,新店 | 商场内 | 美容洗车￥244/人,沪车家 | Car Club | 新店 | 商场内 | TAA0 | 美容洗车￥244/人 | ￥121￥168普通洗车|环保科学蜡洗... | 惠,ocr/input_videos\上海__白玉兰广场__20260826.mp4
OBS-000498,白玉兰广场,肥汁米蘭香港米线,肥汁米兰香港米线,小吃快餐,4.1,40,LG2,rated,True,,rated,parsed,rating_anchor,0.9818,0.9979,54,5520,93.326,LG2 | ★🌟🌟 | 4.1小吃快餐￥40/人,肥汁米蘭香港米线 | 茶 | 龍新APMAILAAN | LG2 | ★🌟🌟 | 4.1小吃快餐￥40/人 | FEK | 肥汁米蘭 | 点评镑单 | 北外滩/外白渡桥小吃快餐好评榜第5名 | 国無 | 服务热情，性价比大众化” | ￥3 | 3.8折 | ￥8 | 惠 | 【王炸牛丸】经典香港小. | +,ocr/input_videos\上海__白玉兰广场__20260826.mp4
OBS-000499,白玉兰广场,锅气·鲜肉米粉铺,锅气·鲜肉米粉铺,快餐简餐,3.9,30,LG2,rated,True,,rated,parsed,rating_anchor,0.9694,0.9906,52,5520,93.326,3.9快餐简餐￥30/人 | LG2,锅气·鲜肉米粉铺 | 热气鲜肉 | 3.9快餐简餐￥30/人 | LG2 | 现切现卖 | 点评榜单 | 北外滩/外白渡桥小吃快餐打卡人气榜...,ocr/input_videos\上海__白玉兰广场__20260826.mp4
OBS-000500,白玉兰广场,肥汁米蘭香港米线,肥汁米兰香港米线,小吃快餐,4.1,40,LG2,rated,True,,rated,parsed,rating_anchor,0.9753,0.9985,50,5604,94.746,🌟🌟🎉🎉 | LG2 | 4.1小吃快餐￥40/人 | ★,肥汁米蘭香港米线 | 園 | APMAILAAN | 🌟🌟🎉🎉 | LG2 | 4.1小吃快餐￥40/人 | ★ | 肥汁米蘭 | 点评榜单 | 北外滩/外白渡桥小吃快餐好评榜第5名 | 国上會 | 服务热情，性价比大众化 | 3.8折 | ￥3 | 惠 | ￥8 | 【王炸牛丸】经典香港小..,ocr/input_videos\上海__白玉兰广场__20260826.mp4
OBS-000501,白玉兰广场,锅气·鲜肉米粉铺,锅气·鲜肉米粉铺,快餐简餐,3.9,30,LG2,rated,True,,rated,parsed,rating_anchor,0.9753,0.9891,51,5604,94.746,⭐🌟🌟⭐ | LG2 | 快餐简餐￥30/人 | 3.9,锅气·鲜肉米粉铺 | 热气鲜肉 | ⭐🌟🌟⭐ | LG2 | 快餐简餐￥30/人 | 3.9 | 现切现卖 | 点评榜单 | 北外滩/外白渡桥小吃快餐打卡人气榜... | ￥157.5折 | ￥2020元代金券 | 惠,ocr/input_videos\上海__白玉兰广场__20260826.mp4
OBS-000502,白玉兰广场,pop mart,popmart,亲子购物,3.5,120,LG1,rated,True,,rated,parsed,rating_anchor,0.9696,0.9892,60,5604,94.746,LG1 | 3.5亲子购物￥120/人,m | pop mart | POP MART. | LG1 | 3.5亲子购物￥120/人 | M00,ocr/input_videos\上海__白玉兰广场__20260826.mp4
OBS-000503,白玉兰广场,蘭心拌面,兰心拌面,面馆,4.0,37,L3,rated,True,,rated,parsed,rating_anchor,0.9471,0.9474,59,5604,94.746,🌟🌟💥🎉 | L3 | 4.0 | 面馆￥37/人 | ★,蘭心拌面 | 蘭心拌面 | 🌟🌟💥🎉 | L3 | 4.0 | 面馆￥37/人 | ★ | LYCIES | 点评榜单 | 北外滩/外白渡桥面馆环境榜第5名 | NOODLL LOUSE | 14:00休息 | ￥39 | 8.9折 | 惠 | ￥44单人招牌葱烤大排面套...,ocr/input_videos\上海__白玉兰广场__20260826.mp4
OBS-000504,白玉兰广场,华三爷拌面,华三爷拌面,面馆,3.9,32,LG2,rated,True,,rated,parsed,rating_anchor,0.9764,0.9975,58,5604,94.746,LG2 | 🌟🌟🌟 | 面馆￥32/人 | 3.9,华三爷拌面 | 爆炒浇头拌面盖饭 | LG2 | 🌟🌟🌟 | 面馆￥32/人 | 3.9 | 点评榜单 | 北外滩/外白渡桥面馆销量榜第1名 | “推荐家多加些条，更加美味” | 吃遍四方名,ocr/input_videos\上海__白玉兰广场__20260826.mp4
OBS-000505,白玉兰广场,肥汁米蘭香港米线,肥汁米兰香港米线,小吃快餐,4.1,40,LG2,rated,True,,rated,parsed,rating_anchor,0.9803,0.989,51,5628,95.152,🌟🌟⭐⭐ | LG2 | 4.1小吃快餐￥40/人 | ★,肥汁米蘭香港米线 | TTIZ A LA | 園 | 寶電APMAILAAN | FEI | 🌟🌟⭐⭐ | LG2 | 4.1小吃快餐￥40/人 | ★ | 肥汁米蘭 | 点评榜单 | 北外滩/外白渡桥小吃快餐好评榜第5名 | 通便のら | 服务热情，性价比大众化 | ￥33.8折 | 惠 | ￥8 | 【王炸牛丸】经典香港小..,ocr/input_videos\上海__白玉兰广场__20260826.mp4
OBS-000506,白玉兰广场,锅气·鲜肉米粉铺,锅气·鲜肉米粉铺,快餐简餐,3.9,30,LG2,rated,True,,rated,parsed,rating_anchor,0.974,0.9923,57,5628,95.152,LG2 | 🌟🌟🌟🌟🌟 | 快餐简餐￥30/人 | 3.9,锅气·鲜肉米粉铺 | 热气鲜肉 | LG2 | 🌟🌟🌟🌟🌟 | 快餐简餐￥30/人 | 3.9 | 现切现卖 | 点评榜单 | 北外滩/外白渡桥小吃快餐打卡人气榜. | ￥157.5折 | ￥2020元代金券 | 惠,ocr/input_videos\上海__白玉兰广场__20260826.mp4
OBS-000507,白玉兰广场,pop mart,popmart,亲子购物,3.5,120,LG1,rated,True,,rated,parsed,rating_anchor,0.9688,0.9769,60,5628,95.152,LG1 | 3.5亲子购物￥120/人,my | pop mart | POP MART | LG1 | 3.5亲子购物￥120/人 | 2 | HM0O,ocr/input_videos\上海__白玉兰广场__20260826.mp4
OBS-000508,白玉兰广场,蘭心拌面,兰心拌面,面馆,4.0,37,L3,rated,True,,rated,parsed,rating_anchor,0.9479,0.9632,60,5628,95.152,🌟🌟🌟 | L3 | 面馆￥37/人 | 4.0 | ★,蘭心拌面 | 蘭心拌面 | 🌟🌟🌟 | L3 | 面馆￥37/人 | 4.0 | ★ | LYCIUS | 点评榜单 | 北外滩/外白渡桥面馆环境榜第5名 | NOODL.LHOUSR | 14:00休息 | ￥398.9折 | 惠 | ￥44单人招牌葱烤大排面套...,ocr/input_videos\上海__白玉兰广场__20260826.mp4
OBS-000509,白玉兰广场,华三爷拌面,华三爷拌面,面馆,3.9,32,LG2,rated,True,,rated,parsed,rating_anchor,0.9736,0.998,56,5628,95.152,LG2 | 🌟🌟⭐🌟🌟 | 面馆￥32/人 | 3.9,爆沙浇头拌面益饭 | 华三爷拌面 | LG2 | 🌟🌟⭐🌟🌟 | 面馆￥32/人 | 3.9 | 点评榜单 | 北外滩/外白渡桥面馆销量榜第1名 | 推荐家多加些条，更加美味” | 吃遍四方名菜 | ￥26.88.7折 | 惠 | ￥31 | 【上海区域】 | 】十八秒.,ocr/input_videos\上海__白玉兰广场__20260826.mp4
OBS-000510,白玉兰广场,蘭心拌面,兰心拌面,面馆,4.0,37,L3,rated,True,,rated,parsed,rating_anchor,0.956,0.9495,56,5700,96.369,L3 | 🌟🌟🌟🌟 | 4.0面馆￥37/人,蘭心拌面 | 蘭心拌面 | L3 | 🌟🌟🌟🌟 | 4.0面馆￥37/人 | LYCE | 点评榜单 | 北外滩/外白渡桥面馆环境榜第5名 | ROODLLHOUSE | 14:00休息 | ￥398.9折 | 惠 | ￥44单人招牌葱烤大排面套...,ocr/input_videos\上海__白玉兰广场__20260826.mp4
OBS-000511,白玉兰广场,华三爷拌面,华三爷拌面,面馆,3.9,32,LG2,rated,True,,rated,parsed,rating_anchor,0.9733,0.9978,55,5700,96.369,LG2 | 🌟⭐🌟🌟 | 面馆￥32/人 | 3.9,爆炒浇头拌面盖饭 | 华三爷拌面 | LG2 | 🌟⭐🌟🌟 | 面馆￥32/人 | 3.9 | 点评榜单 | 北外滩/外白渡桥面馆销量榜第1名 | 吃遍四方名菜 | 推荐大家多加一些面条，更加美味 | （ | ￥26.88.7折 | ￥31 | 惠 | 【上海区域】十八秒.,ocr/input_videos\上海__白玉兰广场__20260826.mp4
OBS-000512,白玉兰广场,镭战大联盟真人CS·生日派对·亲...,镭战大联盟真人CS·生日派对·亲,团建拓展,4.7,153,LG1,rated,True,,rated,parsed,rating_anchor,0.945,0.916,51,5700,96.369,LG1 | 🌟🌟🌟🌟🌟 | 4.7 | 团建拓展￥153/人,镭战大联盟真人CS·生日派对·亲... | LS小酒战大联盟 | LG1 | 🌟🌟🌟🌟🌟 | 4.7 | 团建拓展￥153/人 | 2025年度 | 影啊力品牌 | 虹口区团建拓展销量榜第1名 | 室内真人CS | 亲子活动放电好去处，锻炼反应和协作... | ￥1588.5折 | ￥280 | 【室内真人CS】2小.. | 惠,ocr/input_videos\上海__白玉兰广场__20260826.mp4
OBS-000513,白玉兰广场,食其家·牛丼咖喱,食其家·牛丼咖喱,日式简餐/....,3.9,30,LG2,rated,True,,rated,parsed,rating_anchor,0.9144,0.9837,52,5700,96.369,🌟🌟🌟🌟🌟 | ￥30/人LG2 | 日式简餐/.... | 3.9,家 | 食其家·牛丼咖喱 | 🌟🌟🌟🌟🌟 | ￥30/人LG2 | 日式简餐/.... | 3.9 | SUKIYA | 点评榜单 | 虹口区日式简餐/快餐销量榜第7名 | 食其家 | 他们家的咖喱饭口感独特 | ￥22 | 6.6折 | 【mt】新猪排丼 | ￥14.5 | 惠,ocr/input_videos\上海__白玉兰广场__20260826.mp4
OBS-000514,白玉兰广场,蘭心拌面,兰心拌面,面馆,4.0,37,L3,rated,True,,rated,parsed,rating_anchor,0.954,0.9534,57,5712,96.572,🌟🌟🌟🌟 | L3 | 4.0面馆￥37/人 | ★,蘭心拌面 | 蘭心拌面 | 🌟🌟🌟🌟 | L3 | 4.0面馆￥37/人 | ★ | B.YCRH | 点评榜单 | 北外滩/外白渡桥面馆环境榜第5名 | NOOH88 | 14:00休息 | ￥398.9折 | 惠 | ￥44单人招牌葱烤大排面套...,ocr/input_videos\上海__白玉兰广场__20260826.mp4
OBS-000515,白玉兰广场,华三爷拌面,华三爷拌面,面馆,3.9,32,LG2,rated,True,,rated,parsed,rating_anchor,0.9681,0.9968,55,5712,96.572,LG2 | 面馆￥32/人 | ⭐🌟🌟3.9,华三爷拌面 | 排炒浇头拌面盖饭 | LG2 | 面馆￥32/人 | ⭐🌟🌟3.9 | 点评榜单 | 北外滩/外白渡桥面馆销量榜第1名 | 统分 | 吃遍四方名菜 | 推荐大家多加一些面条，更加美味 | ￥26.88.7折 | ￥31 | 【上海区域】十八秒 | 惠,ocr/input_videos\上海__白玉兰广场__20260826.mp4
OBS-000516,白玉兰广场,镭战大联盟真人CS·生日派对·亲...,镭战大联盟真人CS·生日派对·亲,团建拓展,4.7,153,LG1,rated,True,,rated,parsed,rating_anchor,0.9525,0.9425,54,5712,96.572,LG1 | 4.7团建拓展￥153/人,618疗惠 | 镭战大联盟真人CS·生日派对·亲... | LSA镭战大联盟 | LG1 | 4.7团建拓展￥153/人 | 2025年度 | 影啊力品牌 | 虹口区团建拓展销量榜第1名 | 室内真人CS | 亲子活动放电好去处，锻炼反应和协作... | ￥280 | ￥158 | 8.5折 | 惠 | 【室内真人CS】2小....,ocr/input_videos\上海__白玉兰广场__20260826.mp4
OBS-000517,白玉兰广场,食其家·牛丼咖喱,食其家·牛丼咖喱,日式简餐/....,3.9,30,LG2,rated,True,,rated,parsed,rating_anchor,0.9038,0.9803,50,5712,96.572,🌟🌟⭐🌟⭐3.9 | ￥30/人LG2 | 日式简餐/....,李家 | 食其家·牛丼咖喱 | 🌟🌟⭐🌟⭐3.9 | ￥30/人LG2 | 日式简餐/.... | SUKIYA | 点评榜单 | 虹口区日式简餐/快餐销量榜第7名 | 食其家 | 他们家的咖喱饭口感独特 | 37 | ￥14.5 | ￥22 | 【mt】新猪排丼 | 6.6折 | 惠,ocr/input_videos\上海__白玉兰广场__20260826.mp4
OBS-000518,白玉兰广场,蘭心拌面,兰心拌面,面馆,4.0,37,L3,rated,True,,rated,parsed,rating_anchor,0.9534,0.953,57,5760,97.384,🌟🌟🌟🌟 | L3 | 4.0面馆￥37/人 | ★,蘭心拌面 | 蘭心拌面 | 🌟🌟🌟🌟 | L3 | 4.0面馆￥37/人 | ★ | B.YCRH | 点评榜单 | 北外滩/外白渡桥面馆环境榜第5名 | NOO1HO88 | 14:00休息 | ￥398.9折 | ￥44单人招牌葱烤大排面套... | 惠,ocr/input_videos\上海__白玉兰广场__20260826.mp4
OBS-000519,白玉兰广场,华三爷拌面,华三爷拌面,面馆,3.9,32,LG2,rated,True,,rated,parsed,rating_anchor,0.9711,0.997,52,5760,97.384,LG2 | 🌟🌟⭐🌟🎉3.9 | 面馆￥32/人,爆炒浇头拌面盖饭 | 华三爷拌面 | LG2 | 🌟🌟⭐🌟🎉3.9 | 面馆￥32/人 | 点评榜单 | 北外滩/外白渡桥面馆销量榜第1名 | 碗烧 | 吃遍四方名菜 | 推荐大家多加一些面条，更加美味 | ￥26.8 | 8.7折 | ￥31 | 【上海区域】十八秒. | 惠,ocr/input_videos\上海__白玉兰广场__20260826.mp4
OBS-000520,白玉兰广场,镭战大联盟真人CS·生日派对·亲...,镭战大联盟真人CS·生日派对·亲,团建拓展,4.7,153,LG1,rated,True,,rated,parsed,rating_anchor,0.9527,0.9455,51,5760,97.384,LG1 | 4.7团建拓展￥153/人,61819 | 镭战大联盟真人CS·生日派对·亲... | LSA镭战大联盟 | LG1 | 4.7团建拓展￥153/人 | 2025年度 | 影响力品牌 | 虹口区团建拓展销量榜第1名 | 室内真人CS | 亲子活动放电好去处，锻炼反应和协作... | ￥280 | ￥158 | 8.5折 | 惠 | 【室内真人CS】2小.,ocr/input_videos\上海__白玉兰广场__20260826.mp4
OBS-000521,白玉兰广场,食其家·牛丼咖喱,食其家·牛丼咖喱,日式简餐/....,3.9,30,LG2,rated,True,,rated,parsed,rating_anchor,0.8933,0.9812,50,5760,97.384,⭐🌟🌟⭐3.9 | ￥30/人LG2 | 日式简餐/....,李家 | 食其家·牛丼咖喱 | ⭐🌟🌟⭐3.9 | ￥30/人LG2 | 日式简餐/.... | SUKIYA | 点评榜单 | 虹口区日式简餐/快餐销量榜第7名 | 食其家 | 他们家的咖喱饭口感独特 | 37 | ( | 惠 | 6.6折 | ￥22 | ￥14.5 | 【mt】 | 新猪排丼,ocr/input_videos\上海__白玉兰广场__20260826.mp4
OBS-000522,白玉兰广场,华三爷拌面,华三爷拌面,面馆,3.9,32,LG2,rated,True,,rated,parsed,rating_anchor,0.9622,0.9982,55,5796,97.993,LG2 | 3.9面馆￥32/人,华三爷拌面 | 爆炒浇头拌面蓝饭 | LG2 | 3.9面馆￥32/人 | 点评榜单 | 北外滩/外白渡桥面馆销量榜第1名 | 推荐大家多加一些面条，更加美味” | 吃遍四方名菜 | 车 | 8.7折 | ￥26.8 | ￥31 | 惠 | 【上海区域】十八秒,ocr/input_videos\上海__白玉兰广场__20260826.mp4
OBS-000523,白玉兰广场,镭战大联盟真人CS·生日派对·亲...,镭战大联盟真人CS·生日派对·亲,团建拓展,4.7,153,LG1,rated,True,,rated,parsed,rating_anchor,0.922,0.918,57,5796,97.993,4.7团建拓展￥153/人 | LG1,618特速 | 镭战大联盟真人CS·生日派对·亲... | LS小锅战大联盟 | 4.7团建拓展￥153/人 | LG1 | 2025年度 | 影啊力品牌 | 虹口区团建拓展销量榜第1名 | 室内真人CS | 亲子活动放电好去处，锻炼反应和协作... | ￥280 | 【室内真人CS】2小.. | 惠￥1588.5折,ocr/input_videos\上海__白玉兰广场__20260826.mp4
OBS-000524,白玉兰广场,食其家·牛丼咖喱,食其家·牛丼咖喱,日式简餐/..,3.9,30,LG2,rated,True,,rated,parsed,rating_anchor,0.9038,0.9731,51,5796,97.993,⭐3.9日式简餐/.. | ￥30/人LG2,食其家·牛丼咖喱 | 家 | ⭐3.9日式简餐/.. | ￥30/人LG2 | SUKIYA | 点评榜单 | 虹口区日式简餐/快餐销量榜第7名 | 食其家 | 他们家的咖喱饭口感独特 | C | 51 | ￥14.56.6折 | ￥22 | 【mt】新猪排丼 | 惠,ocr/input_videos\上海__白玉兰广场__20260826.mp4
OBS-000525,白玉兰广场,tuan bakery+café,tuanbakery+café,面包蛋糕,4.1,35,LG2,rated,True,,rated,parsed,rating_anchor,0.9671,0.9685,54,5796,97.993,🌟🌟⭐ | LG2 | 4.1面包蛋糕￥35/人 | ★,tuan bakery+café | 🌟🌟⭐ | LG2 | buan | 4.1面包蛋糕￥35/人 | ★ | 点评榜单 | 北外滩/外白渡桥面包蛋糕甜品服务榜... | bakery+cafe | 惠￥19.86.2折 | ￥32 | 【人气】早餐面包饮..,ocr/input_videos\上海__白玉兰广场__20260826.mp4
OBS-000526,白玉兰广场,转转二手回收,转转二手回收,手机数码回收,4.2,,LG2,rated,True,,rated,parsed,rating_anchor,0.9995,0.9998,54,5796,97.993,⭐🌟🎉🌟 | LG2 | 4.2手机数码回收 | ★,转转二手回收 | ⭐🌟🎉🌟 | LG2 | 4.2手机数码回收 | ★ | 隐私回收彻底，服务安心 | 3,ocr/input_videos\上海__白玉兰广场__20260826.mp4
OBS-000527,白玉兰广场,食其家·牛丼咖喱,食其家·牛丼咖喱,日式简餐/....,3.9,30,LG2,rated,True,,rated,parsed,rating_anchor,0.9213,0.9785,54,5832,98.601,￥30/人LG2 | ★★★★★ | 日式简餐/.... | 3.9,食其家·牛丼咖喱 | 家 | ￥30/人LG2 | ★★★★★ | 日式简餐/.... | 3.9 | SUKIYA | 点评榜单 | 虹口区日式简餐/快餐销量榜第7名 | 食其家 | 他们家的咖喱饭口感独特 | 2 | ￥14.56.6折 | ￥22 | 【mt】新猪排丼 | 惠,ocr/input_videos\上海__白玉兰广场__20260826.mp4
OBS-000528,白玉兰广场,tuan bakery+café,tuanbakery+café,面包蛋糕,4.1,35,LG2,rated,True,,rated,parsed,rating_anchor,0.9811,0.9946,54,5832,98.601,4.1面包蛋糕￥35/人 | 🌟★🌟 | LG2,tuan bakery+café | 4.1面包蛋糕￥35/人 | Guan | 🌟★🌟 | LG2 | 点评榜单 | 北外滩/外白渡桥面包蛋糕甜品服务榜.. | bakery+oafe | ￥19.86.2折 | ￥32 | 【人气】早餐面包饮. | 惠,ocr/input_videos\上海__白玉兰广场__20260826.mp4
OBS-000529,白玉兰广场,转转二手回收,转转二手回收,手机数码回收,4.2,,LG2,rated,True,,rated,parsed,rating_anchor,0.9998,0.9998,51,5832,98.601,LG2 | 🌟🌟🌟 | 手机数码回收 | 4.2,转转二手回收 | LG2 | 🌟🌟🌟 | 手机数码回收 | 4.2 | 转转 | 隐私回收彻底，服务安心,ocr/input_videos\上海__白玉兰广场__20260826.mp4
OBS-000530,白玉兰广场,来来·泰国船面茶餐厅,来来·泰国船面茶餐厅,小吃快餐,4.0,51,LG2,rated,True,,rated,parsed,rating_anchor,0.9709,0.9897,53,5832,98.601,LG2 | ★★🌟 | 4.0小吃快餐￥51/人 | ★,来来·泰国船面茶餐厅 | LAILAI THAI CANTEEN | 來來 | LG2 | ★★🌟 | 4.0小吃快餐￥51/人 | ★ | 点评榜单 | 虹口区小吃快餐热门榜第1名 | 秦回船面茶餐厅 | 3月1口快新按险 | ￥499折 | 惠 | ￥54.8 | 牛骨黑汤船面单人餐（..,ocr/input_videos\上海__白玉兰广场__20260826.mp4
OBS-000531,白玉兰广场,马记永·兰州牛肉面,马记永·兰州牛肉面,面馆,3.8,37,LG2,rated,True,,rated,parsed,rating_anchor,0.9363,0.9924,57,5832,98.601,LG2 | ★3.8面馆￥37/人,马记永·兰州牛肉面 | B配录 | 凉面串 | LG2 | ★3.8面馆￥37/人 | 才叫过莫天 | 点评榜单 | 北外滩/外白渡桥面馆销量榜第9名,ocr/input_videos\上海__白玉兰广场__20260826.mp4
OBS-000532,白玉兰广场,食其家·牛丼咖喱,食其家·牛丼咖喱,日式简餐/....,3.9,30,LG2,rated,True,,rated,parsed,rating_anchor,0.9137,0.9769,52,5868,99.21,⭐🌟🌟⭐3.9 | 日式简餐/.... | ￥30/人LG2,家 | 食其家·牛丼咖喱 | ⭐🌟🌟⭐3.9 | 日式简餐/.... | ￥30/人LG2 | SUKIYA | 点评榜单 | 虹口区日式简餐/快餐销量榜第7名 | 食其家 | 他们家的咖喱饭口感独特 | ￥22 | ￥14.5 | 【mt】新猪排丼 | 6.6折 | 惠,ocr/input_videos\上海__白玉兰广场__20260826.mp4
OBS-000533,白玉兰广场,tuan bakery+café,tuanbakery+café,面包蛋糕,4.1,35,LG2,rated,True,,rated,parsed,rating_anchor,0.9808,0.9963,54,5868,99.21,⭐⭐⭐ | LG2 | 4.1面包蛋糕￥35/人,tuan bakery+café | ⭐⭐⭐ | LG2 | Guan | 4.1面包蛋糕￥35/人 | 点评榜单 | 北外滩/外白渡桥面包蛋糕甜品服务榜... | bakery+cafe | ￥19.86.2折 | ￥32 | 【人气】早餐面包饮.. | 惠,ocr/input_videos\上海__白玉兰广场__20260826.mp4
OBS-000534,白玉兰广场,转转二手回收,转转二手回收,手机数码回收,4.2,,LG2,rated,True,,rated,parsed,rating_anchor,0.9998,0.9998,55,5868,99.21,LG2 | 🌟🌟🌟🌟 | 手机数码回收 | 4.2 | ★,转转二手回收 | LG2 | 🌟🌟🌟🌟 | 手机数码回收 | 4.2 | ★ | 转转 | 隐私回收彻底，服务安心 | “ | 2,ocr/input_videos\上海__白玉兰广场__20260826.mp4
OBS-000535,白玉兰广场,来来·泰国船面茶餐厅,来来·泰国船面茶餐厅,小吃快餐,4.0,51,LG2,rated,True,,rated,parsed,rating_anchor,0.9554,0.9514,51,5868,99.21,LG2 | 🌟🌟🌟🌟⭐ | 4.0小吃快餐￥51/人,来来·泰国船面茶餐厅 | LAI-LAI THAI CANTEEN | 來來 | LG2 | 🌟🌟🌟🌟⭐ | 4.0小吃快餐￥51/人 | 点评榜单 | 虹口区小吃快餐热门榜第1名 | 泰国期面茶餐厅 | 3月1日焕新座 | ￥499折 | ￥54.8牛骨黑汤船面单人餐(. | 惠,ocr/input_videos\上海__白玉兰广场__20260826.mp4
OBS-000536,白玉兰广场,马记永·兰州牛肉面,马记永·兰州牛肉面,面馆,3.8,37,LG2,rated,True,,rated,parsed,rating_anchor,0.9802,0.991,56,5868,99.21,LG2 | 3.8面馆￥37/人 | 🌟🌟⭐🌟⭐,马记永·兰州牛肉面 | 国配承国面 | 涼面串 | LG2 | 3.8面馆￥37/人 | 🌟🌟⭐🌟⭐ | 才叫过莫天 | 点评榜单 | 北外滩/外白渡桥面馆销量榜第9名 | ￥1.96.4折 | ¥3煎蛋 | 惠,ocr/input_videos\上海__白玉兰广场__20260826.mp4
OBS-000537,白玉兰广场,tuan bakery+café,tuanbakery+café,面包蛋糕,4.1,35,LG2,rated,True,,rated,parsed,rating_anchor,0.9839,0.9954,54,5916,100.021,LG2 | 🌟🌟🌟🌟 | 4.1面包蛋糕￥35/人,tuan bakery+café | LG2 | Guan | 🌟🌟🌟🌟 | 4.1面包蛋糕￥35/人 | 点评榜单 | 北外滩/外白渡桥面包蛋糕甜品服务榜... | bakery+cafe | ￥19.86.2折 | ￥32 | 【人气】早餐面包饮. | 惠,ocr/input_videos\上海__白玉兰广场__20260826.mp4
OBS-000538,白玉兰广场,转转二手回收,转转二手回收,手机数码回收,4.2,,LG2,rated,True,,rated,parsed,rating_anchor,0.9998,0.9999,55,5916,100.021,LG2 | ⭐🌟⭐⭐ | 4.2 | 手机数码回收 | ★,转转二手回收 | LG2 | ⭐🌟⭐⭐ | 4.2 | 手机数码回收 | ★ | 转转 | 隐私回收彻底，服务安心 | 2,ocr/input_videos\上海__白玉兰广场__20260826.mp4
OBS-000539,白玉兰广场,来来·泰国船面茶餐厅,来来·泰国船面茶餐厅,小吃快餐,4.0,51,LG2,rated,True,,rated,parsed,rating_anchor,0.9741,0.9839,51,5916,100.021,LG2 | 🌟🌟⭐ | 4.0小吃快餐￥51/人,来来·泰国船面茶餐厅 | LAI-LAI THAI CANTEEN | 來來 | LG2 | 🌟🌟⭐ | 4.0小吃快餐￥51/人 | 点评榜单 | 虹口区小吃快餐热门榜第1名 | 泰国船面茶餐厅 | 3月1日焕新整隆 | 惠￥499折 | ￥54.8牛骨黑汤船面单人餐(.,ocr/input_videos\上海__白玉兰广场__20260826.mp4
OBS-000540,白玉兰广场,马记永·兰州牛肉面,马记永·兰州牛肉面,面馆,3.8,37,LG2,rated,True,,rated,parsed,rating_anchor,0.9747,0.9888,54,5916,100.021,LG2 | 3.8面馆￥37/人 | 🌟🌟🌟🌟🌟,马记永·兰州牛肉面 | 马配承国 | 凉面串 | LG2 | 3.8面馆￥37/人 | 🌟🌟🌟🌟🌟 | 才叫过夏天 | 点评榜单 | 北外滩/外白渡桥面馆销量榜第9名 | ￥1.96.4折 | ¥3煎蛋 | 惠,ocr/input_videos\上海__白玉兰广场__20260826.mp4
OBS-000541,白玉兰广场,马记永·兰州牛肉面,马记永·兰州牛肉面,面馆,3.8,37,LG2,rated,True,,rated,parsed,rating_anchor,0.9595,0.9919,54,5952,100.63,🌟🌟🌟🌟⭐ | LG2 | 面馆￥37/人 | 3.8,马记永·兰州牛肉面 | 马配承国复的 | 凉面馨串 | 🌟🌟🌟🌟⭐ | LG2 | 面馆￥37/人 | 3.8 | 才叫过夏夫 | 点评榜单 | 北外滩/外白渡桥面馆销量榜第9名 | ￥3煎蛋 | ￥1.9 | 6.4折 | 惠,ocr/input_videos\上海__白玉兰广场__20260826.mp4
OBS-000542,白玉兰广场,MEILLEUR MOMENT麦檬,MEILLEURMOMENT麦檬,服饰鞋包,3.6,,LG1,rated,True,,rated,parsed,rating_anchor,0.9782,0.957,51,5952,100.63,LG1 | 🌟🌟🌟🌟🌟 | 服饰鞋包 | 3.6,MEILLEUR MOMENT麦檬 | LG1 | 🌟🌟🌟🌟🌟 | 服饰鞋包 | 3.6 | 轻便舒适保暖，品质始终如一,ocr/input_videos\上海__白玉兰广场__20260826.mp4
OBS-000543,白玉兰广场,SUBWAY赛百味,SUBWAY赛百味,西式快餐,4.0,29,L1,rated,True,,rated,parsed,rating_anchor,0.9735,0.9892,51,5952,100.63,4.0西式快餐￥29/人 | 🌟🌟🌟 | L1 | ★,SUBWAY赛百味 | 4.0西式快餐￥29/人 | 🌟🌟🌟 | L1 | 水40-9月1D | ★ | 肉肉加料节 | 赛百味拼了！ | ￥31.9 | 6.2折 | ￥52香溢金枪鱼双拼三明... | 惠,ocr/input_videos\上海__白玉兰广场__20260826.mp4
OBS-000544,白玉兰广场,小杨生煎,小杨生煎,生煎,4.0,27,LG2,rated,True,,rated,parsed,rating_anchor,0.9682,0.9988,57,5952,100.63,⭐🌟⭐⭐ | LG2 | 生煎￥27/人 | 4.0,小杨生煎 | ⭐🌟⭐⭐ | LG2 | 生煎￥27/人 | 4.0 | 点评榜单 | 虹口区生煎好评榜第1名 | 小杨生煎 | 弓 | 三种口味生煎，满足你的味蕾 | “ | ￥25.4 | 8.5折 | 惠 | ￥30 | 煎持打卡餐,ocr/input_videos\上海__白玉兰广场__20260826.mp4
OBS-000545,白玉兰广场,NBA HOOP PARK,NBAHOOPPARK,篮球场,4.8,,L5,rated,True,,rated,parsed,rating_anchor,0.9773,0.9643,50,5952,100.63,篮球场 | L5 | 🌟🌟🎉🌟🌟 | 4.8,(上海白玉兰... | NBA HOOP PARK | 篮球场 | L5 | 🌟🌟🎉🌟🌟 | 4.8 | 虹口区篮球场销量榜第1名 | 休息中 | 胶唱氛围超赞” | “球场咖啡酒吧,ocr/input_videos\上海__白玉兰广场__20260826.mp4
OBS-000546,白玉兰广场,马记永·兰州牛肉面,马记永·兰州牛肉面,面馆,3.8,37,LG2,rated,True,,rated,parsed,rating_anchor,0.9731,0.9926,57,5976,101.036,3.8面馆￥37/人 | LG2,马记永·兰州牛肉面 | 具配录 | ENOAD | 凉面串 | 3.8面馆￥37/人 | LG2 | 才叫过夫 | 点评榜单 | 北外滩/外白渡桥面馆销量榜第9名 | ¥3煎蛋 | ￥1.9 | 6.4折 | 惠,ocr/input_videos\上海__白玉兰广场__20260826.mp4
OBS-000547,白玉兰广场,MEILLEUR MOMENT麦檬,MEILLEURMOMENT麦檬,服饰鞋包,3.6,,LG1,rated,True,,rated,parsed,rating_anchor,0.9844,0.9696,51,5976,101.036,LG1 | 🌟🌟🌟🌟🌟 | 服饰鞋包 | 3.6,MEILLEUR MOMENT麦檬 | LG1 | 🌟🌟🌟🌟🌟 | 服饰鞋包 | 3.6 | “轻便舒适保暖，品质始终如”,ocr/input_videos\上海__白玉兰广场__20260826.mp4
OBS-000548,白玉兰广场,SUBWAY赛百味,SUBWAY赛百味,西式快餐,4.0,29,L1,rated,True,,rated,parsed,rating_anchor,0.9682,0.9776,51,5976,101.036,⭐🌟⭐🎉 | L1 | 西式快餐￥29/人 | 4.0 | ★,SUBWAY赛百味 | ⭐🌟⭐🎉 | L1 | 20248-1月14B | 西式快餐￥29/人 | 4.0 | ★ | 肉肉加料节 | 赛百味拼了！ | ￥52香溢金枪鱼双拼三明... | ￥31.9 | 6.2折 | 惠,ocr/input_videos\上海__白玉兰广场__20260826.mp4
OBS-000549,白玉兰广场,小杨生煎,小杨生煎,生煎,4.0,27,LG2,rated,True,,rated,parsed,rating_anchor,0.9599,0.9994,57,5976,101.036,LG2 | 生煎￥27/人 | 🌟🌟🌟🌟 | 4.0,小杨生煎 | LG2 | 生煎￥27/人 | 🌟🌟🌟🌟 | 4.0 | 点评榜单 | 虹口区生煎好评榜第1名 | 小杨生煎 | 三种口味生煎，满足你的味蕾 | 力 | “ | ￥25.4 | ￥30 | 8.5折 | 煎持打卡餐 | 惠,ocr/input_videos\上海__白玉兰广场__20260826.mp4
OBS-000550,白玉兰广场,NBAHOOP PARK（上海白玉兰..,NBAHOOPPARK(上海白玉兰,篮球场,,,L5,unknown,True,,ocr_missing,parsed,metadata_anchor,0.9493,0.9093,60,5976,101.036,篮球场 | L5 | 🌟🌟🌟⭐🌟 | 14.8,NBAHOOP PARK（上海白玉兰.. | 篮球场 | L5 | 🌟🌟🌟⭐🌟 | 14.8 | 虹口区篮球场销量榜第1名 | 休息中 | 球场咖啡酒吧，黑胶唱片氛围超赞,ocr/input_videos\上海__白玉兰广场__20260826.mp4
OBS-000551,白玉兰广场,SUDVAI费日味,SUDVAI费日味,西式快餐,4.0,29,L1,rated,True,,rated,parsed,rating_anchor,0.8115,0.6497,32,6072,102.659,L1 | 西式快餐￥29/人 | 🌟🌟🌟🌟 | 4.0 | ★,SUDVAI费日味 | L1 | 西式快餐￥29/人 | 00248-9148 | 🌟🌟🌟🌟 | 4.0 | ★ | 肉肉加料节 | 赛百味拼了！ | ￥31.9 | 6.2折 | ￥52香溢金枪鱼双拼三明... | 惠,ocr/input_videos\上海__白玉兰广场__20260826.mp4
OBS-000552,白玉兰广场,小杨生煎,小杨生煎,生煎,4.0,27,LG2,rated,True,,rated,parsed,rating_anchor,0.9643,0.9994,60,6072,102.659,生煎￥27/人 | ⭐🌟🌟🌟 | LG2 | 4.0 | ★,小杨生煎 | 生煎￥27/人 | ⭐🌟🌟🌟 | LG2 | 4.0 | ★ | 点评榜单 | 虹口区生煎好评榜第1名 | 小杨生煎 | 三种口味生煎，满足你的味蕾 | “ | ￥25.4 | 8.5折 | ￥30 | 煎持打卡餐 | 惠,ocr/input_videos\上海__白玉兰广场__20260826.mp4
OBS-000553,白玉兰广场,NBA HOOP PARK(上海白玉兰...,NBAHOOPPARK(上海白玉兰,篮球场,4.8,,L5,rated,True,,rated,parsed,rating_anchor,0.936,0.875,58,6072,102.659,篮球场 | L5 | ⭐🌟🌟🌟🌟4.8,NBA HOOP PARK(上海白玉兰... | 篮球场 | L5 | ⭐🌟🌟🌟🌟4.8 | 虹口区篮球场销量榜第1名 | 休息中 | “球场咖啡酒吧，胶唱氛围超赞” | ￥128￥2998.25PLGX周末球局报名链接 | 惠,ocr/input_videos\上海__白玉兰广场__20260826.mp4
OBS-000554,白玉兰广场,炉丼·烧肉饭专门,炉丼·烧肉饭专门,日式料理,3.7,47,LG2,rated,True,,rated,parsed,rating_anchor,0.9698,0.9869,56,6072,102.659,3.7日式料理￥47/人 | LG2,炉丼·烧肉饭专门 | 3.7日式料理￥47/人 | LG2 | BBO,ocr/input_videos\上海__白玉兰广场__20260826.mp4
OBS-000555,白玉兰广场,潮食公社,潮食公社,特色菜,3.8,32,LG2,rated,True,,rated,parsed,rating_anchor,0.9772,0.9992,57,6072,102.659,LG2 | 3.8特色菜￥32/人,潮食公社 | LG2 | 3.8特色菜￥32/人,ocr/input_videos\上海__白玉兰广场__20260826.mp4
OBS-000556,白玉兰广场,UDVAI日味,UDVAI日味,西式快餐,4.0,29,L1,rated,True,,rated,parsed,rating_anchor,0.8783,0.7854,35,6108,103.267,西式快餐￥29/人 | L1 | 🌟🌟🌟 | 4.0 | ★,UDVAI日味 | 西式快餐￥29/人 | L1 | 00248-90148 | 🌟🌟🌟 | 4.0 | ★ | 肉肉加料节 | 赛百味拼了！ | ￥31.9 | 6.2折 | ￥52香溢金枪鱼双拼三明... | 惠,ocr/input_videos\上海__白玉兰广场__20260826.mp4
OBS-000557,白玉兰广场,小杨生煎,小杨生煎,生煎,4.0,27,LG2,rated,True,,rated,parsed,rating_anchor,0.9518,0.9992,60,6108,103.267,⭐🌟🌟🌟 | LG2 | 生煎￥27/人 | 4.0 | ★,小杨生煎 | ⭐🌟🌟🌟 | LG2 | 生煎￥27/人 | 4.0 | ★ | 点评榜单 | 虹口区生煎好评榜第1名 | 小杨生煎 | 三种口味生煎，满足你的味蕾 | “ | ￥30 | ￥25.4 | 8.5折 | 煎持打卡餐 | 惠,ocr/input_videos\上海__白玉兰广场__20260826.mp4
OBS-000558,白玉兰广场,NBA HOOP PARK(上海白玉兰..,NBAHOOPPARK(上海白玉兰,篮球场,4.8,,L5,rated,True,,rated,parsed,rating_anchor,0.9481,0.9011,57,6108,103.267,篮球场 | L5 | ⭐🌟🌟⭐🎉4.8,NBA HOOP PARK(上海白玉兰.. | 篮球场 | L5 | ⭐🌟🌟⭐🎉4.8 | 虹口区篮球场销量榜第1名 | 休息中 | “球场咖啡酒吧，胶唱氛围超赞” | ￥128￥2998.25PLGX周末球局报名链接 | 惠,ocr/input_videos\上海__白玉兰广场__20260826.mp4
OBS-000559,白玉兰广场,炉丼·烧肉饭专门,炉丼·烧肉饭专门,日式料理,3.7,47,LG2,rated,True,,rated,parsed,rating_anchor,0.9495,0.9876,56,6108,103.267,LG2 | ⭐3.7日式料理￥47/人,炉丼·烧肉饭专门 | LG2 | ⭐3.7日式料理￥47/人 | RODOX | BOW | BBO,ocr/input_videos\上海__白玉兰广场__20260826.mp4
OBS-000560,白玉兰广场,潮食公社,潮食公社,特色菜,3.8,32,LG2,rated,True,,rated,parsed,rating_anchor,0.9784,0.9994,59,6108,103.267,LG2 | 3.8特色菜￥32/人,潮食公社 | LG2 | 3.8特色菜￥32/人 | SKECHERS斯凯奇,ocr/input_videos\上海__白玉兰广场__20260826.mp4
OBS-000561,白玉兰广场,潮食公社,潮食公社,特色菜,3.8,32,LG2,rated,True,,rated,parsed,rating_anchor,0.98,0.9993,56,6180,104.485,⭐🌟⭐🌟🌟 | LG2 | 3.8特色菜￥32/人,潮食公社 | ⭐🌟⭐🌟🌟 | LG2 | 3.8特色菜￥32/人,ocr/input_videos\上海__白玉兰广场__20260826.mp4
OBS-000562,白玉兰广场,SKECHERS斯凯奇,SKECHERS斯凯奇,运动户外,4.0,1000,LG1,rated,True,,rated,parsed,rating_anchor,0.9814,0.9948,53,6180,104.485,🌟🌟⭐⭐🌟 | 4.0运动户外￥1000/人 | LG1,SKECHERS斯凯奇 | 🌟🌟⭐⭐🌟 | 4.0运动户外￥1000/人 | LG1 | S,ocr/input_videos\上海__白玉兰广场__20260826.mp4
OBS-000563,白玉兰广场,正米西Korean Cuisine,正米西KoreanCuisine,韩式料理,3.9,55,LG2,rated,True,,rated,parsed,rating_anchor,0.9676,0.976,55,6180,104.485,LG2 | 🌟🌟🌟⭐3.9 | 韩式料理￥55/人,正米西Korean Cuisine | 正米西 | 过会 | LG2 | 🌟🌟🌟⭐3.9 | 韩式料理￥55/人 | IWEAMCUI5 | HH | 冷面超好吃，份量足味道赞 | ” | 2 | 暂停营业,ocr/input_videos\上海__白玉兰广场__20260826.mp4
OBS-000564,白玉兰广场,Manner Coffee,MannerCoffee,咖啡,4.2,21,L1,rated,True,,rated,parsed,rating_anchor,0.95,0.9329,57,6180,104.485,4.2咖啡￥21/人 | ⭐🌟🌟🎉 | L1 | ★,Manner Coffee | 4.2咖啡￥21/人 | ⭐🌟🌟🎉 | L1 | ★ | MANNER,ocr/input_videos\上海__白玉兰广场__20260826.mp4
OBS-000565,白玉兰广场,PLAYGROUND X,PLAYGROUNDX,篮球场,4.7,,L5,rated,True,,rated,parsed,rating_anchor,0.979,0.9654,46,6180,104.485,篮球场 | L5 | 🌟🌟🌟🌟🌟 | 4.7,PLAYGROUND X | 篮球场 | L5 | 🌟🌟🌟🌟🌟 | 4.7 | 点评榜单 | 北外滩/外白渡桥球类运动好评榜第3名 | 休息中 | 指尖触到篮球的瞬间，快乐释放积攒的... | 1￥9999Future Stars全球篮球训练营. | 惠 | ￥1,ocr/input_videos\上海__白玉兰广场__20260826.mp4
OBS-000566,白玉兰广场,Birdie Cup Coffee,BirdieCupCoffee,咖啡,4.3,32,LG1,rated,True,,rated,parsed,rating_anchor,0.9493,0.9377,65,6180,104.485,4.3咖啡￥32/人 | LG1 | 🌟🌟🌟🎉 | ★,Birdie Cup Coffee | 4.3咖啡￥32/人 | LG1 | 🌟🌟🌟🎉 | ★,ocr/input_videos\上海__白玉兰广场__20260826.mp4
OBS-000567,白玉兰广场,潮食公社,潮食公社,特色菜,3.8,32,LG2,rated,True,,rated,parsed,rating_anchor,0.9799,0.9994,56,6204,104.891,3.8特色菜￥32/人 | LG2,潮食公社 | 3.8特色菜￥32/人 | LG2,ocr/input_videos\上海__白玉兰广场__20260826.mp4
OBS-000568,白玉兰广场,SKECHERS斯凯奇,SKECHERS斯凯奇,运动户外,4.0,1000,LG1,rated,True,,rated,parsed,rating_anchor,0.974,0.9742,54,6204,104.891,⭐🌟🌟⭐ | LG1 | 4.0运动户外￥1000/人 | ★,SKECHERS斯凯奇 | S | ⭐🌟🌟⭐ | LG1 | 4.0运动户外￥1000/人 | ★,ocr/input_videos\上海__白玉兰广场__20260826.mp4
OBS-000569,白玉兰广场,正米西Korean Cuisine,正米西KoreanCuisine,韩式料理,3.9,55,LG2,rated,True,,rated,parsed,rating_anchor,0.9707,0.9813,54,6204,104.891,LG2 | 韩式料理￥55/人 | 🌟🌟🌟🌟🌟 | 3.9,正米西Korean Cuisine | 正米西 | 仑 | LG2 | 韩式料理￥55/人 | 🌟🌟🌟🌟🌟 | 3.9 | BEAM OUI5 | HH | “冷面超好吃，份量足味道赞 | 暂停营业 | 2,ocr/input_videos\上海__白玉兰广场__20260826.mp4
OBS-000570,白玉兰广场,Manner Coff ee,MannerCoffee,咖啡,4.2,21,L1,rated,True,,rated,parsed,rating_anchor,0.9557,0.9639,51,6204,104.891,🌟🌟🌟🌟 | 咖啡￥21/人 | L1 | 4.2 | ★,Manner Coff ee | 🌟🌟🌟🌟 | 咖啡￥21/人 | L1 | 4.2 | ★ | MANNER,ocr/input_videos\上海__白玉兰广场__20260826.mp4
OBS-000571,白玉兰广场,PLAYGROUND X,PLAYGROUNDX,篮球场,4.7,,L5,rated,True,,rated,parsed,rating_anchor,0.9858,0.9827,45,6204,104.891,篮球场 | L5 | 🌟🌟🎉🌟🌟 | 4.7,PLAYGROUND X | 篮球场 | L5 | 🌟🌟🎉🌟🌟 | 4.7 | 点评榜单 | 北外滩/外白渡桥球类运动好评榜第3名 | 休息中 | 指尖触到篮球的瞬间，快乐释放积攒的... | 惠 | ￥1 | ￥9999 | FutureStars全球篮球训练营..,ocr/input_videos\上海__白玉兰广场__20260826.mp4
OBS-000572,白玉兰广场,Birdie,Birdie,咖啡,4.3,32,LG1,rated,True,,rated,parsed,rating_anchor,0.9751,0.999,50,6204,104.891,LG1 | 🌟🌟🌟🎉 | 4.3 | 咖啡￥32/人 | ★,Coffee | Birdie | Cup | LG1 | 🌟🌟🌟🎉 | 4.3 | 咖啡￥32/人 | ★,ocr/input_videos\上海__白玉兰广场__20260826.mp4
OBS-000573,白玉兰广场,SKECHERS斯凯奇,SKECHERS斯凯奇,运动户外,4.0,1000,LG1,rated,True,,rated,parsed,rating_anchor,0.9736,0.9929,58,6252,105.702,🌟🌟🌟🌟 | LG1 | 4.0 | 运动户外￥1000/人 | ★,SKECHERS斯凯奇 | S | 🌟🌟🌟🌟 | LG1 | 4.0 | 运动户外￥1000/人 | ★,ocr/input_videos\上海__白玉兰广场__20260826.mp4
OBS-000574,白玉兰广场,正米西Korean Cuisine,正米西KoreanCuisine,韩式料理,3.9,55,LG2,rated,True,,rated,parsed,rating_anchor,0.9658,0.9726,55,6252,105.702,LG2 | 韩式料理￥55/人 | ★★★★★ | 3.9,正米西Korean Cuisine | 正米西 | 过仑 | LG2 | 韩式料理￥55/人 | ★★★★★ | 3.9 | SEAM CUI5I | HH | “冷面超好吃，份量足味道赞 | 暂停营业,ocr/input_videos\上海__白玉兰广场__20260826.mp4
OBS-000575,白玉兰广场,Manner Coff ee,MannerCoffee,咖啡,4.2,21,L1,rated,True,,rated,parsed,rating_anchor,0.9481,0.956,51,6252,105.702,🌟🌟⭐ | 咖啡￥21/人 | L1 | 4.2,Manner Coff ee | 🌟🌟⭐ | 咖啡￥21/人 | L1 | 4.2 | MANNER,ocr/input_videos\上海__白玉兰广场__20260826.mp4
OBS-000576,白玉兰广场,PLAYGROUND X,PLAYGROUNDX,篮球场,4.7,,L5,rated,True,,rated,parsed,rating_anchor,0.9857,0.9824,45,6252,105.702,L5 | 篮球场 | 🌟🌟⭐⭐🌟 | 4.7,PLAYGROUND X | L5 | 篮球场 | 🌟🌟⭐⭐🌟 | 4.7 | 点评榜单 | 北外滩/外白渡桥球类运动好评榜第3名 | 休息中 | 指尖触到篮球的瞬间，快乐释放积攒的... | C | ￥1￥9999Future Stars全球篮球训练营... | 惠,ocr/input_videos\上海__白玉兰广场__20260826.mp4
OBS-000577,白玉兰广场,Birdie Cup Coffee,BirdieCupCoffee,咖啡,4.3,32,LG1,rated,True,,rated,parsed,rating_anchor,0.9439,0.9443,68,6252,105.702,🌟🌟⭐⭐ | 咖啡￥32/人 | LG1 | 4.3 | ★,Birdie Cup Coffee | 🌟🌟⭐⭐ | 咖啡￥32/人 | LG1 | 4.3 | ★,ocr/input_videos\上海__白玉兰广场__20260826.mp4
OBS-000578,白玉兰广场,Grid Coffee,GridCoffee,咖啡,4.4,32,L1,rated,True,,rated,parsed,rating_anchor,0.9558,0.9653,57,6252,105.702,⭐🌟⭐ | 咖啡￥32/人 | L1 | 4.4,Grid Coffee | 口 | ⭐🌟⭐ | 咖啡￥32/人 | L1 | 4.4 | 点评榜单 | 北外滩/外白渡桥咖啡好评榜第4名,ocr/input_videos\上海__白玉兰广场__20260826.mp4
OBS-000579,白玉兰广场,PLAYGROUND X,PLAYGROUNDX,篮球场,4.7,,L5,rated,True,,rated,parsed,rating_anchor,0.9888,0.9869,46,6288,106.311,篮球场 | 🌟🌟🌟🌟🌟 | L5 | 4.7,PLAYGROUND X | 篮球场 | 🌟🌟🌟🌟🌟 | L5 | 4.7 | 点评榜单 | 北外滩/外白渡桥球类运动好评榜第3名 | 休息中 | 指尖触到篮球的瞬间，快乐释放积攒的.. | G | 1￥9999Future Stars全球篮球训练营... | 惠 | ￥1,ocr/input_videos\上海__白玉兰广场__20260826.mp4
OBS-000580,白玉兰广场,Birdie Cup,BirdieCup,咖啡,4.3,32,LG1,rated,True,,rated,parsed,rating_anchor,0.9478,0.9555,65,6288,106.311,★★★★ | LG1 | 咖啡￥32/人 | 4.3 | ★,Birdie Cup | Coffee | ★★★★ | LG1 | 咖啡￥32/人 | 4.3 | ★,ocr/input_videos\上海__白玉兰广场__20260826.mp4
OBS-000581,白玉兰广场,Grid Coffee,GridCoffee,咖啡,4.4,32,L1,rated,True,,rated,parsed,rating_anchor,0.9635,0.9737,59,6288,106.311,🌟🌟🌟🎉 | 咖啡￥32/人 | L1 | 4.4,Grid Coffee | □ | 🌟🌟🌟🎉 | 咖啡￥32/人 | L1 | 4.4 | 点评榜单 | 北外滩/外白渡桥咖啡好评榜第4名,ocr/input_videos\上海__白玉兰广场__20260826.mp4
OBS-000582,白玉兰广场,华商(上海)律师事务所,华商(上海)律师事务所,,3.5,,商场内,rated,True,,rated,missing,rating_anchor,0.9849,0.9849,60,6288,106.311,商场内 | 3.5法律服务,华商(上海)律师事务所 | 商场内 | 3.5法律服务,ocr/input_videos\上海__白玉兰广场__20260826.mp4
OBS-000583,白玉兰广场,The Stage Coffee,TheStageCoffee,咖啡,3.8,35,LG1,rated,True,,rated,parsed,rating_anchor,0.9667,0.9844,60,6288,106.311,3.8咖啡￥35/人 | LG1,The Stage Coffee | 3.8咖啡￥35/人 | LG1 | The | Stage | coffe | 暂停营业,ocr/input_videos\上海__白玉兰广场__20260826.mp4
OBS-000584,白玉兰广场,LB咖啡,LB咖啡,咖啡,4.4,30,L1,rated,True,,rated,parsed,rating_anchor,0.9725,0.9984,57,6288,106.311,🌟🌟🌟⭐ | L1 | 咖啡￥30/人 | 4.4,LB咖啡 | 🌟🌟🌟⭐ | L1 | 咖啡￥30/人 | Ib | 4.4 | 点评榜单 | 北外滩/外白渡桥咖啡口味榜第5名,ocr/input_videos\上海__白玉兰广场__20260826.mp4
OBS-000585,白玉兰广场,PLAYGROUND X,PLAYGROUNDX,篮球场,4.7,,L5,rated,True,,rated,parsed,rating_anchor,0.9888,0.9825,48,6312,106.716,篮球场 | L5 | ⭐🌟🌟🌟🌟 | 4.7,PLAYGROUND X | 篮球场 | L5 | ⭐🌟🌟🌟🌟 | 4.7 | 点评榜单 | 北外滩/外白渡桥球类运动好评榜第3名 | 休息中 | 指尖触到篮球的瞬间，快乐释放积攒的... | ￥1￥9999Future Stars全球篮球训练营... | 惠,ocr/input_videos\上海__白玉兰广场__20260826.mp4
OBS-000586,白玉兰广场,Birdie Cup Coffee,BirdieCupCoffee,咖啡,4.3,32,LG1,rated,True,,rated,parsed,rating_anchor,0.9649,0.9723,68,6312,106.716,⭐🌟 | 4.3咖啡￥32/人 | LG1 | ★,Birdie Cup Coffee | ⭐🌟 | 4.3咖啡￥32/人 | LG1 | ★,ocr/input_videos\上海__白玉兰广场__20260826.mp4
OBS-000587,白玉兰广场,Grid Coffee,GridCoffee,咖啡,4.4,32,L1,rated,True,,rated,parsed,rating_anchor,0.9342,0.9829,63,6312,106.716,🌟⭐⭐⭐ | 咖啡￥32/人 | L1 | 4.4,Grid Coffee | □ | 🌟⭐⭐⭐ | 咖啡￥32/人 | L1 | 4.4 | 点评榜单 | 北外滩/外白渡桥咖啡好评榜第4名,ocr/input_videos\上海__白玉兰广场__20260826.mp4
OBS-000588,白玉兰广场,华商(上海)律师事务所,华商(上海)律师事务所,,3.5,,商场内,rated,True,,rated,missing,rating_anchor,0.9973,0.9973,60,6312,106.716,商场内 | 3.5法律服务,华商(上海)律师事务所 | 商场内 | 3.5法律服务,ocr/input_videos\上海__白玉兰广场__20260826.mp4
OBS-000589,白玉兰广场,The Stage Coff ee,TheStageCoffee,咖啡,3.8,35,LG1,rated,True,,rated,parsed,rating_anchor,0.9398,0.9299,60,6312,106.716,3.8咖啡￥35/人 | LG1,The Stage Coff ee | 3.8咖啡￥35/人 | LG1 | The | IStage | coffee | 暂停营业,ocr/input_videos\上海__白玉兰广场__20260826.mp4
OBS-000590,白玉兰广场,LB咖啡,LB咖啡,咖啡,4.4,30,L1,rated,True,,rated,parsed,rating_anchor,0.9806,0.998,61,6312,106.716,🌟🌟⭐🌟 | 4.4咖啡￥30/人 | L1,LB咖啡 | 🌟🌟⭐🌟 | •Ib | 4.4咖啡￥30/人 | L1 | 点评榜单 | 北外滩/外白渡桥咖啡口味榜第5名,ocr/input_videos\上海__白玉兰广场__20260826.mp4
OBS-000591,白玉兰广场,Grid Coffee,GridCoffee,咖啡,4.4,32,L1,rated,True,,rated,parsed,rating_anchor,0.9622,0.9726,59,6372,107.731,🌟🌟🌟🎉 | L1 | 咖啡￥32/人 | 4.4,Grid Coffee | □ | 🌟🌟🌟🎉 | L1 | 咖啡￥32/人 | 4.4 | 点评榜单 | 北外滩/外白渡桥咖啡好评榜第4名,ocr/input_videos\上海__白玉兰广场__20260826.mp4
OBS-000592,白玉兰广场,华商(上海)律师事务所,华商(上海)律师事务所,,3.5,,商场内,rated,True,,rated,missing,rating_anchor,0.97,0.97,57,6372,107.731,3.5法律服务 | 商场内,华商(上海)律师事务所 | 3.5法律服务 | 商场内,ocr/input_videos\上海__白玉兰广场__20260826.mp4
OBS-000593,白玉兰广场,The Stage Coffee,TheStageCoffee,咖啡,3.8,35,LG1,rated,True,,rated,parsed,rating_anchor,0.9558,0.9456,67,6372,107.731,LG1 | 3.8咖啡￥35/人 | 🌟🌟🌟🌟,The Stage Coffee | LG1 | 3.8咖啡￥35/人 | 🌟🌟🌟🌟 | The | IStage | coffee | 暂停营业,ocr/input_videos\上海__白玉兰广场__20260826.mp4
OBS-000594,白玉兰广场,LB咖啡,LB咖啡,咖啡,4.4,30,L1,rated,True,,rated,parsed,rating_anchor,0.9675,0.998,58,6372,107.731,⭐🌟⭐⭐ | 咖啡￥30/人 | L1 | 4.4,LB咖啡 | ⭐🌟⭐⭐ | ●lb | 咖啡￥30/人 | L1 | 4.4 | 点评榜单 | 北外滩/外白渡桥咖啡口味榜第5名,ocr/input_videos\上海__白玉兰广场__20260826.mp4
OBS-000595,白玉兰广场,隐溪茶馆,隐溪茶馆,茶馆,4.5,150,L1,rated,True,,rated,parsed,rating_anchor,0.9747,0.9968,57,6372,107.731,4.5茶馆￥150/人 | L1,隐溪茶馆 | 隐茶馆 | 4.5茶馆￥150/人 | L1 | YIXI EAMOIE | 年度 | 影响力品牌 | 点评榜单 | 虹口区茶馆热门榜第1名 | “环境私密性好，茶食丰富 | 全国直营40+门店 | ￥299￥356全天特惠双人套餐 | 惠 | ￥90￥100代金券 | 惠,ocr/input_videos\上海__白玉兰广场__20260826.mp4
OBS-000596,白玉兰广场,Grid Coffee,GridCoffee,咖啡,4.4,32,L1,rated,True,,rated,parsed,rating_anchor,0.965,0.9813,57,6420,108.542,🌟🌟🎉⭐ | L1 | 咖啡￥32/人 | 4.4,Grid Coffee | □ | 🌟🌟🎉⭐ | L1 | 咖啡￥32/人 | 4.4 | 点评榜单 | 北外滩/外白渡桥咖啡好评榜第4名,ocr/input_videos\上海__白玉兰广场__20260826.mp4
OBS-000597,白玉兰广场,华商(上海)律师事务所,华商(上海)律师事务所,,3.5,,商场内,rated,True,,rated,missing,rating_anchor,0.9702,0.9702,56,6420,108.542,3.5法律服务 | 商场内,华商(上海)律师事务所 | 3.5法律服务 | 商场内,ocr/input_videos\上海__白玉兰广场__20260826.mp4
OBS-000598,白玉兰广场,The Stage Coffee,TheStageCoffee,咖啡,3.8,35,LG1,rated,True,,rated,parsed,rating_anchor,0.9509,0.9349,64,6420,108.542,LG1 | 3.8咖啡￥35/人 | 🌟🌟🌟🌟⭐,The Stage Coffee | LG1 | 3.8咖啡￥35/人 | 🌟🌟🌟🌟⭐ | The | IStage | coffee | 暂停营业,ocr/input_videos\上海__白玉兰广场__20260826.mp4
OBS-000599,白玉兰广场,LB咖啡,LB咖啡,咖啡,4.4,30,L1,rated,True,,rated,parsed,rating_anchor,0.9695,0.9979,58,6420,108.542,⭐🌟⭐⭐ | 咖啡￥30/人 | L1 | 4.4,LB咖啡 | ⭐🌟⭐⭐ | •lb | 咖啡￥30/人 | L1 | 4.4 | 点评榜单 | 北外滩/外白渡桥咖啡口味榜第5名,ocr/input_videos\上海__白玉兰广场__20260826.mp4
OBS-000600,白玉兰广场,隐溪茶馆,隐溪茶馆,茶馆,4.5,150,L1,rated,True,,rated,parsed,rating_anchor,0.9649,0.9966,57,6420,108.542,4.5茶馆￥150/人 | L1,隐溪茶馆 | 隐茶馆 | 4.5茶馆￥150/人 | L1 | YIXI EA MOIE | 年度 | 影响力品牌 | 点评榜单 | 虹口区茶馆热门榜第1名 | “环境私密性好，茶食丰富 | 全国直营40+门店 | ￥299￥356全天特惠双人套餐 | 惠 | ￥90￥100代金券 | 惠,ocr/input_videos\上海__白玉兰广场__20260826.mp4
OBS-000601,白玉兰广场,Grid Coffee,GridCoffee,咖啡,4.4,32,L1,rated,True,,rated,parsed,rating_anchor,0.9358,0.9212,56,6444,108.948,🌟🌟🌟🌟 | L1 | 咖啡￥32/人 | 4.4 | ★,Grid Coffee | □ | 🌟🌟🌟🌟 | L1 | 咖啡￥32/人 | 4.4 | ★ | 点评榜单 | 北外滩/外白渡桥咖啡好评榜第4名,ocr/input_videos\上海__白玉兰广场__20260826.mp4
OBS-000602,白玉兰广场,华商(上海)律师事务所,华商(上海)律师事务所,,3.5,,商场内,rated,True,,rated,missing,rating_anchor,0.9848,0.9848,55,6444,108.948,商场内 | ⭐3.5法律服务,华商(上海)律师事务所 | 商场内 | ⭐3.5法律服务,ocr/input_videos\上海__白玉兰广场__20260826.mp4
OBS-000603,白玉兰广场,The Stage,TheStage,咖啡,3.8,35,LG1,rated,True,,rated,parsed,rating_anchor,0.953,0.9847,66,6444,108.948,LG1 | 咖啡￥35/人 | 🌟🌟🌟🌟🌟 | 3.8,The Stage | Coffee | LG1 | 咖啡￥35/人 | 🌟🌟🌟🌟🌟 | 3.8 | The | Stage | coffee | 暂停营业,ocr/input_videos\上海__白玉兰广场__20260826.mp4
OBS-000604,白玉兰广场,LB咖啡,LB咖啡,咖啡,4.4,30,L1,rated,True,,rated,parsed,rating_anchor,0.9755,0.9985,64,6444,108.948,🌟🌟🎉🎉 | L1 | 咖啡￥30/人 | 4.4,LB咖啡 | 🌟🌟🎉🎉 | L1 | 咖啡￥30/人 | ●lb | 4.4 | 点评榜单 | 北外滩/外白渡桥咖啡口味榜第5名,ocr/input_videos\上海__白玉兰广场__20260826.mp4
OBS-000605,白玉兰广场,隐溪茶馆,隐溪茶馆,茶馆,4.5,150,L1,rated,True,,rated,parsed,rating_anchor,0.9845,0.9967,57,6444,108.948,🌟🌟🌟 | 4.5茶馆￥150/人 | L1,隐溪茶馆 | 隐茶馆 | YIXI IEA NOIE | 🌟🌟🌟 | 4.5茶馆￥150/人 | L1 | 年度 | 影响力品牌 | 点评榜单 | 虹口区茶馆热门榜第1名 | 全国直营40+门店 | “环境私密性好，茶食丰富 | 33 | ￥299￥356全天特惠双人套餐 | 惠 | ￥90￥100代金券 | 惠,ocr/input_videos\上海__白玉兰广场__20260826.mp4
OBS-000606,白玉兰广场,山野妞·火烧肉米线,山野妞·火烧肉米线,小吃快餐,3.9,46,LG2,rated,True,,rated,parsed,rating_anchor,0.9499,0.9907,53,6444,108.948,LG2 | ⭐3.9小吃快餐 | ￥46/人,山野妞·火烧肉米线 | 出 | 盛大 | LG2 | ⭐3.9小吃快餐 | ￥46/人 | 开业,ocr/input_videos\上海__白玉兰广场__20260826.mp4
OBS-000607,白玉兰广场,隐溪茶馆,隐溪茶馆,茶馆,4.5,150,L1,rated,True,,rated,parsed,rating_anchor,0.9833,0.9961,56,6480,109.557,L1 | 🌟🌟🌟🌟🌟 | 4.5茶馆￥150/人,隐溪茶馆 | 隐茶馆 | L1 | 🌟🌟🌟🌟🌟 | HOVS | 4.5茶馆￥150/人 | 年度 | 影响力品牌 | 点评榜单 | 虹口区茶馆热门榜第1名 | 环境私密性好，茶食丰富 | 全国直营40+门店 | 《 | 2 | ￥299￥356全天特惠双人套餐 | 惠 | ￥90￥100代金券 | 惠,ocr/input_videos\上海__白玉兰广场__20260826.mp4
OBS-000608,白玉兰广场,山野妞·火烧肉米线,山野妞·火烧肉米线,小吃快餐,3.9,46,LG2,rated,True,,rated,parsed,rating_anchor,0.9725,0.9914,51,6480,109.557,3.9小吃快餐￥46/人 | LG2,山野妞·火烧肉米线 | 小 | 盛大 | 3.9小吃快餐￥46/人 | LG2 | 开业 | OPENIN | 静安CP店,ocr/input_videos\上海__白玉兰广场__20260826.mp4
OBS-000609,白玉兰广场,DRUNK BAKER,DRUNKBAKER,面包蛋糕,4.4,39,LG1,rated,True,,rated,parsed,rating_anchor,0.964,0.9674,47,6480,109.557,面包蛋糕￥39/人 | LG1 | 🌟🌟🌟⭐ | 4.4 | ★,DRUNK BAKER | 面包蛋糕￥39/人 | LG1 | 🌟🌟🌟⭐ | 2. | 4.4 | ★ | 点评榜单 | 北外滩/外白渡桥面包蛋糕甜品好评榜...,ocr/input_videos\上海__白玉兰广场__20260826.mp4
OBS-000610,白玉兰广场,纽悦伊人问题肌·術后修护,纽悦伊人问题肌·术后修护,皮肤管理,4.7,295,L1,rated,True,,rated,parsed,rating_anchor,0.9747,0.979,54,6480,109.557,🌟🌟⭐⭐🌟 | 皮肤管理￥295/人 | L1 | 4.7,纽悦伊人问题肌·術后修护 | 🌟🌟⭐⭐🌟 | 皮肤管理￥295/人 | L1 | 4.7 | NYSS纽悦伊人 | 点评榜单 | 北外滩/外白渡桥美容/SPA好评榜第3名 | 按得快睡着了，皮肤水润很多” | ￥125 | ￥999 | 4.2折 | 65分钟深层清洁毛.... | 惠,ocr/input_videos\上海__白玉兰广场__20260826.mp4
OBS-000611,白玉兰广场,味师蒋大厨.东坡肉,味师蒋大厨.东坡肉,快餐简餐,3.9,34,LG2,rated,True,,rated,parsed,rating_anchor,0.9792,0.9868,51,6480,109.557,🌟🌟🎉🌟🌟 | LG2 | 3.9快餐简餐￥34/人,味师蒋大厨.东坡肉 | 联酒大员 | 新鲜食材 | 🌟🌟🎉🌟🌟 | LG2 | 3.9快餐简餐￥34/人 | 匠心现炒 | C | BUTTER&FISH黃油&渔·黃油手...,ocr/input_videos\上海__白玉兰广场__20260826.mp4
OBS-000612,白玉兰广场,隐溪茶馆,隐溪茶馆,茶馆,4.5,150,L1,rated,True,,rated,parsed,rating_anchor,0.9837,0.9976,57,6492,109.76,L1 | ⭐🌟⭐🌟🌟 | 4.5茶馆￥150/人,隐溪茶馆 | 隐茶馆 | L1 | ⭐🌟⭐🌟🌟 | TEAHOSE | 4.5茶馆￥150/人 | 年度 | 影响力品牌 | 点评榜单 | 虹口区茶馆热门榜第1名 | 全国直营40+门店 | 环境私密性好，茶食丰富 | 3 | ￥299￥356全天特惠双人套餐 | 惠 | ￥90￥100代金券 | 惠,ocr/input_videos\上海__白玉兰广场__20260826.mp4
OBS-000613,白玉兰广场,山野妞·火烧肉米线,山野妞·火烧肉米线,小吃快餐,3.9,46,LG2,rated,True,,rated,parsed,rating_anchor,0.9515,0.9902,51,6492,109.76,LG2 | ⭐3.9小吃快餐￥46/人,山野妞·火烧肉米线 | 盛大 | LG2 | ⭐3.9小吃快餐￥46/人 | 开业 | 静安店,ocr/input_videos\上海__白玉兰广场__20260826.mp4
OBS-000614,白玉兰广场,DRUNK BAKER,DRUNKBAKER,面包蛋糕,4.4,39,LG1,rated,True,,rated,parsed,rating_anchor,0.9614,0.9599,45,6492,109.76,LG1 | ⭐🌟⭐⭐ | 面包蛋糕￥39/人 | 4.4 | ★,DRUNK BAKER | LG1 | ⭐🌟⭐⭐ | 面包蛋糕￥39/人 | 4.4 | ★ | 点评榜单 | 北外滩/外白渡桥面包蛋糕甜品好评榜...,ocr/input_videos\上海__白玉兰广场__20260826.mp4
OBS-000615,白玉兰广场,纽悦伊人问题肌·術后修护,纽悦伊人问题肌·术后修护,皮肤管理,4.7,295,L1,rated,True,,rated,parsed,rating_anchor,0.9674,0.9807,54,6492,109.76,🌟🌟🌟🌟🌟 | 皮肤管理￥295/人 | L1 | 4.7,纽悦伊人问题肌·術后修护 | 🌟🌟🌟🌟🌟 | 皮肤管理￥295/人 | L1 | 4.7 | NYSS纽悦伊人 | 点评榜单 | 北外滩/外白渡桥美容/SPA好评榜第3名 | “按得快睡着了，皮肤水润很多” | ￥999 | ￥125 | 4.2折 | 65分钟深层清洁|毛.... | 惠,ocr/input_videos\上海__白玉兰广场__20260826.mp4
OBS-000616,白玉兰广场,味师蒋大厨.东坡肉,味师蒋大厨.东坡肉,快餐简餐,3.9,34,LG2,rated,True,,rated,parsed,rating_anchor,0.9678,0.9837,54,6492,109.76,LG2 | 3.9快餐简餐￥34/人,味师蒋大厨.东坡肉 | 场大厨 | 新鲜食材 | LG2 | 3.9快餐简餐￥34/人 | 匠心现炒 | AESTUARETAN | BUTTER&FISH黃油&渔·黃油手..,ocr/input_videos\上海__白玉兰广场__20260826.mp4
OBS-000617,白玉兰广场,纽悦伊人问题肌·術后修护,纽悦伊人问题肌·术后修护,皮肤管理,4.7,295,L1,rated,True,,rated,parsed,rating_anchor,0.976,0.9763,58,6600,111.586,⭐🌟🎉⭐🌟 | 4.7皮肤管理￥295/人 | L1,纽悦伊人问题肌·術后修护 | ⭐🌟🎉⭐🌟 | 4.7皮肤管理￥295/人 | L1 | NYSS | 纽悦伊人 | 点评榜单 | 北外滩/外白渡桥美容/SPA好评榜第3名 | 按得快睡着了，皮肤水润很多 | ￥99965分钟深层清洁毛... | ￥125 | 4.2折 | 惠,ocr/input_videos\上海__白玉兰广场__20260826.mp4
OBS-000618,白玉兰广场,味师蒋大厨.东坡肉,味师蒋大厨.东坡肉,快餐简餐,3.9,34,LG2,rated,True,,rated,parsed,rating_anchor,0.9752,0.9887,51,6600,111.586,LG2 | 3.9快餐简餐￥34/人,味师蒋大厨.东坡肉 | 陈普大 | 新鲜食材 | LG2 | 3.9快餐简餐￥34/人 | 匠心现炒 | A3,ocr/input_videos\上海__白玉兰广场__20260826.mp4
OBS-000619,白玉兰广场,BUTTER&FISH黄油&渔·黃油手.,BUTTER&FISH黄油&渔·黄油手.,小吃,3.7,57,LG2,rated,True,,rated,parsed,rating_anchor,0.9073,0.9265,54,6600,111.586,LG2 | ★3.7小吃￥57/人,BUTTER&FISH黄油&渔·黃油手. | LG2 | ★3.7小吃￥57/人,ocr/input_videos\上海__白玉兰广场__20260826.mp4
OBS-000620,白玉兰广场,九木杂物社,九木杂物社,杂货礼品,4.7,74,LG1,rated,True,,rated,parsed,rating_anchor,0.9773,0.9997,61,6600,111.586,LG1 | 🌟🌟🎉🌟 | 杂货礼品￥74/人 | 4.7,九木杂物社 | 力 | LG1 | 🌟🌟🎉🌟 | 杂货礼品￥74/人 | 4.7 | 。 | 米 | 资料袋质量好，笔流畅不渗墨 | “ | 杂物社 | ￥939.8折 | ￥100九木杂物社·夏日限定. | 惠,ocr/input_videos\上海__白玉兰广场__20260826.mp4
OBS-000621,白玉兰广场,磨逗·豆制轻食卷·小吃·饮品,磨逗·豆制轻食卷·小吃·饮品,小吃快餐,3.8,12,LG2,rated,True,,rated,parsed,rating_anchor,0.9669,0.9696,57,6600,111.586,LG2 | 3.8小吃快餐￥12/人,磨逗手工好豆腐 | 磨逗·豆制轻食卷·小吃·饮品 | TMOOOUHAOOOUFU | 自营实行特 | LG2 | 3.8小吃快餐￥12/人 | 豆腐新吃法健康更美味 | mbd | 42面句蛋糕30/,ocr/input_videos\上海__白玉兰广场__20260826.mp4
OBS-000622,白玉兰广场,九木杂物社,九木杂物社,杂货礼品,4.7,74,LG1,rated,True,,rated,parsed,rating_anchor,0.9744,0.9996,55,6684,113.006,LG1 | 🌟🌟🎉🎉🌟4.7 | 杂货礼品￥74/人,杂 | 九木杂物社 | LG1 | 🌟🌟🎉🎉🌟4.7 | 杂货礼品￥74/人 | 0 | 0 | 资料袋质量好，笔流畅不渗墨 | 杂物社 | ￥939.8折 | ￥100九木杂物社·夏日限定... | 惠,ocr/input_videos\上海__白玉兰广场__20260826.mp4
OBS-000623,白玉兰广场,磨逗·豆制轻食卷·小吃·饮品,磨逗·豆制轻食卷·小吃·饮品,小吃快餐,3.8,12,LG2,rated,True,,rated,parsed,rating_anchor,0.9666,0.9728,57,6684,113.006,LG2 | 3.8小吃快餐￥12/人,磨逗·豆制轻食卷·小吃·饮品 | 磨逗手工好豆腐 | A卖TOMODOUHAODOUFU | LG2 | 3.8小吃快餐￥12/人 | 豆腐新吃法健康更美味,ocr/input_videos\上海__白玉兰广场__20260826.mp4
OBS-000624,白玉兰广场,mbd,mbd,面包蛋糕,4.2,39,L1,rated,True,,rated,parsed,rating_anchor,0.9843,0.9991,58,6684,113.006,⭐🌟⭐⭐ | L1 | 4.2面包蛋糕￥39/人,mbd | ⭐🌟⭐⭐ | L1 | 4.2面包蛋糕￥39/人 | 点评榜单 | 北外滩/外白渡桥面包蛋糕热门榜第5名 | 休息中,ocr/input_videos\上海__白玉兰广场__20260826.mp4
OBS-000625,白玉兰广场,招商银行,招商银行,营业网点,4.2,,商场内,rated,True,,rated,parsed,rating_anchor,0.9995,0.9997,57,6684,113.006,商场内 | ⭐🌟🌟🌟 | 营业网点 | 4.2 | ★,招商银行 | 商场内 | ⭐🌟🌟🌟 | 营业网点 | 4.2 | ★ | 外滩郁金香含苞待放，花海奇遇记等你...,ocr/input_videos\上海__白玉兰广场__20260826.mp4
OBS-000626,白玉兰广场,白玉兰食品,白玉兰食品,羔,4.2,38,LG2,rated,True,,rated,parsed,rating_anchor,0.9203,0.9993,56,6684,113.006,LG2 | 面包蛋糕 | ⭐🌟⭐⭐ | 羔￥38/人 | 4.2,白玉兰食品 | LG2 | 面包蛋糕 | ⭐🌟⭐⭐ | 羔￥38/人 | 4.2 | 点评榜单 | 北外滩/外白渡桥面包蛋糕甜品口味榜...,ocr/input_videos\上海__白玉兰广场__20260826.mp4
OBS-000627,白玉兰广场,九木杂物社,九木杂物社,杂货礼品,4.7,74,LG1,rated,True,,rated,parsed,rating_anchor,0.9764,0.9998,55,6720,113.615,LG1 | 🌟🌟4.7 | 杂货礼品￥74/人,闲 | 九木杂物社 | LG1 | 🌟🌟4.7 | 杂货礼品￥74/人 | R | 0 | 资料袋质量好，笔流畅不渗墨 | 杂物社 | ￥939.8折 | ￥100九木杂物社·夏日限定... | 惠,ocr/input_videos\上海__白玉兰广场__20260826.mp4
OBS-000628,白玉兰广场,磨逗·豆制轻食卷·小吃·饮品,磨逗·豆制轻食卷·小吃·饮品,小吃快餐,3.8,12,LG2,rated,True,,rated,parsed,rating_anchor,0.9653,0.9715,57,6720,113.615,3.8小吃快餐￥12/人 | LG2,磨逗·豆制轻食卷·小吃·饮品 | 磨逗手工好豆腐 | A济实NONTMOOOUHAODOUFU | 3.8小吃快餐￥12/人 | LG2 | 豆磨新吃法健康更美味,ocr/input_videos\上海__白玉兰广场__20260826.mp4
OBS-000629,白玉兰广场,mbd,mbd,面包蛋糕,4.2,39,L1,rated,True,,rated,parsed,rating_anchor,0.9828,0.9988,56,6720,113.615,⭐🌟⭐⭐ | 4.2面包蛋糕￥39/人 | L1,mbd | ⭐🌟⭐⭐ | 4.2面包蛋糕￥39/人 | L1 | 点评榜单 | 北外滩/外白渡桥面包蛋糕热门榜第5名 | 休息中,ocr/input_videos\上海__白玉兰广场__20260826.mp4
OBS-000630,白玉兰广场,招商银行,招商银行,营业网点,4.2,,商场内,rated,True,,rated,parsed,rating_anchor,0.9995,0.9997,57,6720,113.615,商场内 | 🌟🌟🌟 | 营业网点 | 4.2 | ★,招商银行 | 商场内 | 🌟🌟🌟 | 营业网点 | 4.2 | ★ | 外滩郁金香含苞待放，花海奇遇记等你..,ocr/input_videos\上海__白玉兰广场__20260826.mp4
OBS-000631,白玉兰广场,白玉兰食品,白玉兰食品,面包蛋糕,4.2,38,LG2,rated,True,,rated,parsed,rating_anchor,0.9985,0.9994,56,6720,113.615,LG2 | ⭐🌟⭐🌟 | ￥38/人 | 4.2 | 面包蛋糕,白玉兰食品 | LG2 | ⭐🌟⭐🌟 | ￥38/人 | 4.2 | 面包蛋糕 | 点评榜单 | 北外滩/外白渡桥面包蛋糕甜品口味榜... | 颂通泰国餐厅,ocr/input_videos\上海__白玉兰广场__20260826.mp4
OBS-000632,白玉兰广场,磨逗·豆制轻食卷·小吃·饮品,磨逗·豆制轻食卷·小吃·饮品,小吃快餐,3.8,12,LG2,rated,True,,rated,parsed,rating_anchor,0.9421,0.9719,53,6756,114.223,3.8小吃快餐￥12/人 | LG2,磨逗·豆制轻食卷·小吃·饮品 | 磨逗手工好豆腐 | AEFNMAODOUHAODOUPU | 3.8小吃快餐￥12/人 | LG2 | 豆鸿新吃法健速更美味,ocr/input_videos\上海__白玉兰广场__20260826.mp4
OBS-000633,白玉兰广场,mbd,mbd,面包蛋糕,4.2,39,L1,rated,True,,rated,parsed,rating_anchor,0.9989,0.9992,59,6756,114.223,🌟🌟🌟⭐ | ￥39/人 | L1 | 4.2 | 面包蛋糕,mbd | 🌟🌟🌟⭐ | ￥39/人 | L1 | 4.2 | 面包蛋糕 | 点评榜单 | 北外滩/外白渡桥面包蛋糕热门榜第5名 | 休息中,ocr/input_videos\上海__白玉兰广场__20260826.mp4
OBS-000634,白玉兰广场,招商银行,招商银行,营业网点,4.2,,商场内,rated,True,,rated,parsed,rating_anchor,0.9995,0.9993,56,6756,114.223,营业网点 | 🌟🌟⭐⭐ | 商场内 | 4.2 | ★,招商银行 | 营业网点 | 🌟🌟⭐⭐ | 商场内 | 4.2 | ★ | 外滩郁金香含苞待放，花海奇遇记等你..,ocr/input_videos\上海__白玉兰广场__20260826.mp4
OBS-000635,白玉兰广场,白玉兰食品,白玉兰食品,面包蛋糕,4.2,38,LG2,rated,True,,rated,parsed,rating_anchor,0.999,0.9995,56,6756,114.223,LG2 | ⭐🌟🌟🌟 | 面包蛋糕 | ￥38/人 | 4.2,白玉兰食品 | LG2 | ⭐🌟🌟🌟 | 面包蛋糕 | ￥38/人 | 4.2 | 点评榜单 | 北外滩/外白渡桥面包蛋糕甜品口味榜...,ocr/input_videos\上海__白玉兰广场__20260826.mp4
OBS-000636,白玉兰广场,颂通泰国餐厅,颂通泰国餐厅,美食,,,LG2,unrated,False,explicitly_unrated,unrated,parsed,unrated_anchor,0.9988,0.9978,52,6756,114.223,美食 | LG2 | 🌟🌟💥🌟🌟 | 暂无星级,颂通泰国餐厅 | 美食 | LG2 | 🌟🌟💥🌟🌟 | 暂无星级 | 美食 | 即将开业,ocr/input_videos\上海__白玉兰广场__20260826.mp4
OBS-000637,白玉兰广场,泡泡玛特机器人商店,泡泡玛特机器人商店,杂货礼品,3.3,,LG2,rated,True,,rated,parsed,rating_anchor,0.9987,0.9996,51,6756,114.223,杂货礼品 | ★★★★★ | LG2 | 3.3,泡泡玛特机器人商店 | POP MART | 杂货礼品 | ★★★★★ | LG2 | 3.3 | HARI,ocr/input_videos\上海__白玉兰广场__20260826.mp4
OBS-000638,白玉兰广场,招商银行,招商银行,营业网点,4.2,,商场内,rated,True,,rated,parsed,rating_anchor,0.9995,0.9992,56,6804,115.035,商场内 | 营业网点 | 🌟🌟⭐⭐ | 4.2 | ★,招商银行 | 商场内 | 营业网点 | 🌟🌟⭐⭐ | 4.2 | ★ | 外滩郁金香含苞待放，花海奇遇记等你...,ocr/input_videos\上海__白玉兰广场__20260826.mp4
OBS-000639,白玉兰广场,白玉兰食品,白玉兰食品,面包蛋糕,4.2,38,LG2,rated,True,,rated,parsed,rating_anchor,0.999,0.9998,53,6804,115.035,LG2 | 🌟🌟⭐ | ￥38/人 | 4.2 | 面包蛋糕,白玉兰食品 | LG2 | 🌟🌟⭐ | ￥38/人 | 4.2 | 面包蛋糕 | 点评榜单 | 北外滩/外白渡桥面包蛋糕甜品口味榜..,ocr/input_videos\上海__白玉兰广场__20260826.mp4
OBS-000640,白玉兰广场,颂通泰国餐厅,颂通泰国餐厅,美食,,,LG2,unrated,False,explicitly_unrated,unrated,parsed,unrated_anchor,0.9985,0.997,57,6804,115.035,美食 | LG2 | ★★★★★ | 暂无星级,颂通泰国餐厅 | 美食 | LG2 | ★★★★★ | 暂无星级 | 美食 | 即将开业,ocr/input_videos\上海__白玉兰广场__20260826.mp4
OBS-000641,白玉兰广场,泡泡玛特机器人商店,泡泡玛特机器人商店,杂货礼品,3.3,,LG2,rated,True,,rated,parsed,rating_anchor,0.996,0.9992,58,6804,115.035,🌟🌟🌟 | 杂货礼品 | LG2 | 3.3 | ⭐⭐,泡泡玛特机器人商店 | POP MART | 🌟🌟🌟 | 杂货礼品 | LG2 | 3.3 | ⭐⭐ | SHON,ocr/input_videos\上海__白玉兰广场__20260826.mp4
OBS-000642,白玉兰广场,母婴室,母婴室,,,,LG2,unrated,False,explicitly_unrated,unrated,missing,unrated_anchor,0.986,0.986,58,6804,115.035,LG2 | ★★★★ | 暂无星级 | 更多亲子服务,母婴室 | LG2 | ★★★★ | 暂无星级 | 更多亲子服务 | 其他亲子,ocr/input_videos\上海__白玉兰广场__20260826.mp4
OBS-000643,白玉兰广场,KKV,KKV,居家日用,4.9,65,LG1,rated,True,,rated,parsed,rating_anchor,0.9685,0.9965,48,6804,115.035,居家日用￥65/人 | LG1 | ⭐⭐🎉4.9,KKV | 居家日用￥65/人 | LG1 | ⭐⭐🎉4.9 | KKV | 檀木梳按摩头皮，花茶去湿养颜 | 小米之家,ocr/input_videos\上海__白玉兰广场__20260826.mp4
OBS-000644,白玉兰广场,KKV,KKV,居家日用,4.9,65,LG1,rated,True,,rated,parsed,rating_anchor,0.9682,0.9953,55,6900,116.658,4.9居家日用￥65/人 | LG1,KKV | 4.9居家日用￥65/人 | LG1 | KKV | 檀木梳按摩头皮，花茶去湿养颜 | “,ocr/input_videos\上海__白玉兰广场__20260826.mp4
OBS-000645,白玉兰广场,小米之家,小米之家,数码产品,4.6,844,LG2,rated,True,,rated,parsed,rating_anchor,0.9757,0.9986,56,6900,116.658,LG2 | 4.6数码产品￥844/人,小米之家 | MI | LG2 | 4.6数码产品￥844/人 | 店面设计现代感十，服务专业热情 | 心 | ￥9.99￥11.1小米巨能写中性笔10装 | 惠,ocr/input_videos\上海__白玉兰广场__20260826.mp4
OBS-000646,白玉兰广场,睫睫向上·美甲美睫连锁沙龙,睫睫向上·美甲美睫连锁沙龙,美甲,4.5,301,L1,rated,True,,rated,parsed,rating_anchor,0.97,0.9888,51,6900,116.658,4.5美甲￥301/人 | L1,睫睫向上·美甲美睫连锁沙龙 | 建向上 | 4.5美甲￥301/人 | L1 | 北外滩/外白渡桥美甲美睫销量榜第3名 | 专注美甲美睫 | 手绘技术绝佳，还原度高 | “ | 2 | FOCOCOYOL SALSAVIYTLASMLS | ￥306折 | ￥188 | 【卸甲/睫】本甲非款式. | 惠,ocr/input_videos\上海__白玉兰广场__20260826.mp4
OBS-000647,白玉兰广场,名创优品,名创优品,居家日用,4.8,66,LG2,rated,True,,rated,parsed,rating_anchor,0.9672,0.9999,56,6900,116.658,LG2 | 4.8居家日用￥66/人,名创优品 | LG2 | 4.8居家日用￥66/人 | MINI | SOü | 可爱移动充和毛绒挂件，款式更新快 | “ | ￥40.59.7折 | ￥50好物专享·名创优品... | 惠,ocr/input_videos\上海__白玉兰广场__20260826.mp4
OBS-000648,白玉兰广场,HJ Cocktail&Whisky Bar,HJCocktail&WhiskyBar,特调酒吧,4.6,109,L2,rated,True,,rated,parsed,rating_anchor,0.9971,0.9944,57,6900,116.658,L2 | 🌟🌟🌟🌟🌟 | ￥109/人 | 特调酒吧 | 4.6 | -,HJ Cocktail&Whisky Bar | L2 | 🌟🌟🌟🌟🌟 | ￥109/人 | 特调酒吧 | 4.6 | - | 的” | 用向,ocr/input_videos\上海__白玉兰广场__20260826.mp4
OBS-000649,白玉兰广场,KKV,KKV,居家日用,4.9,65,LG1,rated,True,,rated,parsed,rating_anchor,0.9763,0.9945,55,6912,116.861,4.9居家日用￥65/人 | LG1,KKV | 4.9居家日用￥65/人 | LG1 | KKV | 檀木梳按摩头皮，花茶去湿养颜,ocr/input_videos\上海__白玉兰广场__20260826.mp4
OBS-000650,白玉兰广场,小米之家,小米之家,数码产品,4.6,844,LG2,rated,True,,rated,parsed,rating_anchor,0.9809,0.9986,60,6912,116.861,LG2 | 4.6数码产品￥844/人,小米之家 | LG2 | 4.6数码产品￥844/人 | MI | 店面设计现代感十足，服务专业热情 | ￥9.99￥11.1小米巨能写中性笔10支装 | 惠,ocr/input_videos\上海__白玉兰广场__20260826.mp4
OBS-000651,白玉兰广场,睫睫向上·美甲美睫连锁沙龙,睫睫向上·美甲美睫连锁沙龙,美甲,4.5,301,L1,rated,True,,rated,parsed,rating_anchor,0.9493,0.9933,56,6912,116.861,L1 | ⭐4.5美甲￥301/人,睫睫向上·美甲美睫连锁沙龙 | 健能向上 | L1 | ⭐4.5美甲￥301/人 | 北外滩/外白渡桥美甲美睫销量榜第3名 | 专注美甲美睫 | 手绘技术绝佳，还原度高 | “ | 33 | BOCSOYOSALSAVEYELASMIS | ￥306折 | ￥188 | 惠 | 【卸甲/睫】本甲非款式..,ocr/input_videos\上海__白玉兰广场__20260826.mp4
OBS-000652,白玉兰广场,名创优品,名创优品,居家日用,4.8,66,LG2,rated,True,,rated,parsed,rating_anchor,0.953,0.9999,56,6912,116.861,LG2 | ★4.8居家日用￥66/人,名创优品 | LG2 | ★4.8居家日用￥66/人 | MINI | SOü | 可爱移动充和毛绒挂件，款式更新快 | “ | ￥40.59.7折 | ￥50好物专享·名创优品... | 惠,ocr/input_videos\上海__白玉兰广场__20260826.mp4
OBS-000653,白玉兰广场,HJ Cocktail&Whisky Bar,HJCocktail&WhiskyBar,特调酒吧,4.6,109,L2,rated,True,,rated,parsed,rating_anchor,0.974,0.9792,61,6912,116.861,⭐🌟⭐🌟🌟 | L2 | 特调酒吧￥109/人 | 4.6,HJ Cocktail&Whisky Bar | ⭐🌟⭐🌟🌟 | L2 | 特调酒吧￥109/人 | 4.6,ocr/input_videos\上海__白玉兰广场__20260826.mp4
OBS-000654,白玉兰广场,母婴室,母婴室,,,,LG2,unrated,False,explicitly_unrated,unrated,missing,unrated_anchor,0.9958,0.9958,62,6936,117.266,LG2 | ⭐🌟🌟🌟 | 暂无星级 | 更多亲子服务,母婴室 | LG2 | ⭐🌟🌟🌟 | 暂无星级 | 更多亲子服务 | 其他亲子,ocr/input_videos\上海__白玉兰广场__20260826.mp4
OBS-000655,白玉兰广场,KKV,KKV,居家日用,4.9,65,LG1,rated,True,,rated,parsed,rating_anchor,0.972,0.9956,55,6936,117.266,LG1 | 4.9居家日用￥65/人,KKV | LG1 | 4.9居家日用￥65/人 | KKV | “檀木梳按摩头皮，花茶去湿养颜 | 1,ocr/input_videos\上海__白玉兰广场__20260826.mp4
OBS-000656,白玉兰广场,小米之家,小米之家,数码产品,4.6,844,LG2,rated,True,,rated,parsed,rating_anchor,0.9774,0.9984,57,6936,117.266,🌟🌟⭐⭐🌟 | LG2 | 数码产品￥844/人 | 4.6,小米之家 | 🌟🌟⭐⭐🌟 | LG2 | 数码产品￥844/人 | MI | 4.6 | “店面设计现代感十足，服务专业热情 | ￥9.99￥11.1小米巨能写中性笔10支装 | 惠,ocr/input_videos\上海__白玉兰广场__20260826.mp4
OBS-000657,白玉兰广场,睫睫向上·美甲美睫连锁沙龙,睫睫向上·美甲美睫连锁沙龙,美甲,4.5,301,L1,rated,True,,rated,parsed,rating_anchor,0.9669,0.9907,50,6936,117.266,4.5美甲￥301/人 | L1,睫睫向上·美甲美睫连锁沙龙 | 康向上 | 4.5美甲￥301/人 | L1 | 北外滩/外白渡桥美甲美睫销量榜第3名 | 专注美甲美睫 | 手绘技术绝佳，还原度高 | “ | 1 | OC COYOSALSAVEYDIATMIS | ￥306折 | ￥188 | 【卸甲/睫】本甲非款式. | 惠,ocr/input_videos\上海__白玉兰广场__20260826.mp4
OBS-000658,白玉兰广场,名创优品,名创优品,居家日用,4.8,,LG2,rated,True,,rated,parsed,rating_anchor,0.9842,0.9999,57,6936,117.266,4.8居家日用66/人 | LG2,名创优品 | 4.8居家日用66/人 | LG2 | MINI | SOü | 可爱移动充和毛绒挂件，款式更新快 | “ | ￥40.59.7折 | ￥50好物专享·名创优品.. | 惠,ocr/input_videos\上海__白玉兰广场__20260826.mp4
OBS-000659,白玉兰广场,母婴室,母婴室,更,,,LG2,unrated,False,explicitly_unrated,unrated,parsed,unrated_anchor,0.9732,0.998,65,6984,118.078,⭐🌟🌟🌟🌟 | LG2 | 暂无星级更 | 更多亲子服务,母婴室 | ⭐🌟🌟🌟🌟 | LG2 | 暂无星级更 | 更多亲子服务 | 其他亲子,ocr/input_videos\上海__白玉兰广场__20260826.mp4
OBS-000660,白玉兰广场,KKV,KKV,居家日用,4.9,65,LG1,rated,True,,rated,parsed,rating_anchor,0.9721,0.9963,52,6984,118.078,LG1 | 4.9居家日用￥65/人,KKV | LG1 | KiKV | 4.9居家日用￥65/人 | 檀木梳按摩头皮，花茶去湿养颜”,ocr/input_videos\上海__白玉兰广场__20260826.mp4
OBS-000661,白玉兰广场,小米之家,小米之家,数码产品,4.6,844,LG2,rated,True,,rated,parsed,rating_anchor,0.9857,0.9989,62,6984,118.078,🌟🌟⭐⭐🌟 | LG2 | 4.6数码产品￥844/人,小米之家 | MI | 🌟🌟⭐⭐🌟 | LG2 | 4.6数码产品￥844/人 | 店面设计现代感十足，服务专业热情 | ￥9.99￥11.1小米巨能写中性笔10支装 | 惠,ocr/input_videos\上海__白玉兰广场__20260826.mp4
OBS-000662,白玉兰广场,睫睫向上·美甲美睫连锁沙龙,睫睫向上·美甲美睫连锁沙龙,美甲,4.5,301,L1,rated,True,,rated,parsed,rating_anchor,0.9752,0.992,53,6984,118.078,L1 | 🌟🌟🌟🌟🌟 | 4.5美甲￥301/人,睫睫向上·美甲美睫连锁沙龙 | 睫质向上 | L1 | 🌟🌟🌟🌟🌟 | 4.5美甲￥301/人 | 北外滩/外白渡桥美甲美睫销量榜第3名 | 专注美甲美睫 | 手绘技术绝佳，还原度高 | “ | 5 | BOC OYO SALSAVIYELASMES | ￥306折 | ￥188 | 惠 | 【卸甲/睫】本甲非款式.,ocr/input_videos\上海__白玉兰广场__20260826.mp4
OBS-000663,白玉兰广场,名创优品,名创优品,居家日用,4.8,66,LG2,rated,True,,rated,parsed,rating_anchor,0.9704,0.9999,57,6984,118.078,LG2 | 4.8居家日用￥66/人,名创优品 | LG2 | 4.8居家日用￥66/人 | MINI | SOC | 山 | 可爱移动充和毛绒挂件，款式更新快 | ￥40.59.7折 | ￥50好物专享·名创优品.. | 惠,ocr/input_videos\上海__白玉兰广场__20260826.mp4
OBS-000664,白玉兰广场,KKV,KKV,居日用,4.9,65,LG1,rated,True,,rated,parsed,rating_anchor,0.9733,0.9955,53,7020,118.687,4.9居日用￥65/人 | LG1,KKV | 4.9居日用￥65/人 | LG1 | KKV | 檀木梳按摩头皮，花茶去湿养颜 | S,ocr/input_videos\上海__白玉兰广场__20260826.mp4
OBS-000665,白玉兰广场,小米之家,小米之家,数码产品,4.6,844,LG2,rated,True,,rated,parsed,rating_anchor,0.9798,0.999,56,7020,118.687,4.6数码产品￥844/人 | LG2,小米之家 | 4.6数码产品￥844/人 | LG2 | MI | 店面设计现代感十，服务专业热情 | （ | ￥9.99￥11.1小米巨能写中性笔10支装 | 惠,ocr/input_videos\上海__白玉兰广场__20260826.mp4
OBS-000666,白玉兰广场,睫睫向上·美甲美睫连锁沙龙,睫睫向上·美甲美睫连锁沙龙,美甲,4.5,301,L1,rated,True,,rated,parsed,rating_anchor,0.9629,0.9876,51,7020,118.687,L1 | 4.5美甲￥301/人,睫睫向上·美甲美睫连锁沙龙 | 捷向上 | L1 | 4.5美甲￥301/人 | 北外滩/外白渡桥美甲美睫销量榜第3名 | 专注美甲美睫 | 手绘技术绝佳，还原度高 | 《 | 33 | FOCXOO YOCEXAILAN EYTIAEEE | ￥306折 | ￥188 | 【卸甲/睫】本甲非款式... | 惠,ocr/input_videos\上海__白玉兰广场__20260826.mp4
OBS-000667,白玉兰广场,名创优品,名创优品,居家日用,4.8,66,LG2,rated,True,,rated,parsed,rating_anchor,0.9676,0.9999,57,7020,118.687,4.8居家日用￥66/人 | LG2,名创优品 | 4.8居家日用￥66/人 | LG2 | MINI | SOü | 可爱移动充和毛绒挂件，款式更新快 | “ | ￥40.59.7折 | ￥50好物专享·名创优品.. | 惠,ocr/input_videos\上海__白玉兰广场__20260826.mp4
OBS-000668,白玉兰广场,HJ Cocktail&Whisky Bar,HJCocktail&WhiskyBar,特调酒吧,4.6,109,L2,rated,True,,rated,parsed,rating_anchor,0.9607,0.9701,58,7020,118.687,4.6特调酒吧￥109/人 | L2,HJ Cocktail&Whisky Bar | H | 4.6特调酒吧￥109/人 | L2 | 绿植环绕，特调鸡尾酒有趣” | 暂停营业,ocr/input_videos\上海__白玉兰广场__20260826.mp4
OBS-000669,白玉兰广场,睫睫向上·美甲美睫连锁沙龙,睫睫向上·美甲美睫连锁沙龙,美甲,4.5,301,L1,rated,True,,rated,parsed,rating_anchor,0.9693,0.9889,51,7044,119.092,4.5美甲￥301/人 | L1,睫睫向上·美甲美睫连锁沙龙 | 电定向上 | 4.5美甲￥301/人 | L1 | 北外滩/外白渡桥美甲美睫销量榜第3名 | 专注美甲美睫 | 手绘技术绝佳，还原度高 | “ | 31 | OCS OYOSALSAVEYELASMIS | ￥306折 | ￥188 | 惠 | 【卸甲/睫】本甲非款式..,ocr/input_videos\上海__白玉兰广场__20260826.mp4
OBS-000670,白玉兰广场,名创优品,名创优品,居家日用,4.8,66,LG2,rated,True,,rated,parsed,rating_anchor,0.9725,0.9999,56,7044,119.092,LG2 | 4.8居家日用￥66/人,名创优品 | LG2 | 4.8居家日用￥66/人 | MINI | 心 | SOC | 可爱移动充和毛绒挂件，款式更新快 | ￥40.59.7折 | ￥50好物专享·名创优品.. | 惠,ocr/input_videos\上海__白玉兰广场__20260826.mp4
OBS-000671,白玉兰广场,HJ Cocktail&Whisky Bar,HJCocktail&WhiskyBar,特调酒吧,4.6,109,L2,rated,True,,rated,parsed,rating_anchor,0.9863,0.9729,58,7044,119.092,4.6 | L2 | ￥109/人 | 特调酒吧,HJ Cocktail&Whisky Bar | HT | 4.6 | L2 | ￥109/人 | 特调酒吧 | 绿植环绕，特调鸡尾酒有趣 | “ | 暂停营业,ocr/input_videos\上海__白玉兰广场__20260826.mp4
OBS-000672,白玉兰广场,The Stage白玉兰观景台,TheStage白玉兰观景台,更多景点/周边游,4.9,,LG1,rated,True,,rated,parsed,rating_anchor,0.9893,0.9831,57,7044,119.092,🌈4.9 | LG1 | 更多景点/周边游,The Stage白玉兰观景台 | 🌈4.9 | LG1 | 更多景点/周边游,ocr/input_videos\上海__白玉兰广场__20260826.mp4
OBS-000673,白玉兰广场,盒马鲜生,盒马鲜生,超市便利,4.8,85,LG2,rated,True,,rated,parsed,rating_anchor,0.9596,0.9996,53,7044,119.092,⭐4.8超市便利￥85/人 | LG2,盒马鲜生 | 盒马 | ⭐4.8超市便利￥85/人 | LG2,ocr/input_videos\上海__白玉兰广场__20260826.mp4
OBS-000674,白玉兰广场,睫睫向上·美甲美睫连锁沙龙,睫睫向上·美甲美睫连锁沙龙,美甲,4.5,301,L1,rated,True,,rated,parsed,rating_anchor,0.9484,0.9892,51,7056,119.295,L1 | ⭐4.5美甲￥301/人,睫睫向上·美甲美睫连锁沙龙 | 捷上 | L1 | ⭐4.5美甲￥301/人 | 北外滩/外白渡桥美甲美睫销量榜第3名 | 专注美甲美睫 | 手绘技术绝佳，还原度高 | 31 | FOCSEOOYOC ALGASEYELASES | ￥306折 | ￥188 | 惠 | 【卸甲/睫】本甲非款式..,ocr/input_videos\上海__白玉兰广场__20260826.mp4
OBS-000675,白玉兰广场,名创优品,名创优品,居家日用,4.8,66,LG2,rated,True,,rated,parsed,rating_anchor,0.9789,0.9999,56,7056,119.295,LG2 | 4.8居家日用￥66/人,名创优品 | LG2 | 4.8居家日用￥66/人 | MINI | SOü | 可爱移动充和毛绒挂件，款式更新快 | “ | ￥40.59.7折 | ￥50好物专享·名创优品... | 惠,ocr/input_videos\上海__白玉兰广场__20260826.mp4
OBS-000676,白玉兰广场,HJ Cocktail&Whisky Bar,HJCocktail&WhiskyBar,特调酒吧,4.6,109,L2,rated,True,,rated,parsed,rating_anchor,0.9819,0.9934,60,7056,119.295,4.6特调酒吧￥109/人 | L2,HJ Cocktail&Whisky Bar | H | 4.6特调酒吧￥109/人 | L2 | “绿植环绕，特调鸡尾酒有趣” | 暂停营业,ocr/input_videos\上海__白玉兰广场__20260826.mp4
OBS-000677,白玉兰广场,The Stage白玉兰观景台,TheStage白玉兰观景台,更多景点/周边游,4.9,,LG1,rated,True,,rated,parsed,rating_anchor,0.9846,0.9789,57,7056,119.295,LG1 | ⭐🌈⭐4.9 | 更多景点/周边游,The Stage白玉兰观景台 | LG1 | ⭐🌈⭐4.9 | 更多景点/周边游,ocr/input_videos\上海__白玉兰广场__20260826.mp4
OBS-000678,白玉兰广场,盒马鲜生,盒马鲜生,超市便利,4.8,85,LG2,rated,True,,rated,parsed,rating_anchor,0.9716,0.9996,59,7056,119.295,4.8超市便利￥85/人 | LG2,盒马鲜生 | 盒马 | 4.8超市便利￥85/人 | LG2,ocr/input_videos\上海__白玉兰广场__20260826.mp4
OBS-000679,白玉兰广场,睫睫向上·美甲美睫连锁沙龙,睫睫向上·美甲美睫连锁沙龙,美甲,4.5,301,L1,rated,True,,rated,parsed,rating_anchor,0.9747,0.9894,56,7104,120.107,4.5美甲￥301/人 | L1,睫睫向上·美甲美睫连锁沙龙 | 建向上 | 4.5美甲￥301/人 | L1 | 北外滩/外白渡桥美甲美睫销量榜第3名 | 专注美甲美睫 | 手绘技术绝佳，还原度高 | ≤ | FOCEX DOC YOLE YAIL AW EYTIATEER | ￥306折 | ￥188 | 【卸甲/睫】本甲非款式... | 惠,ocr/input_videos\上海__白玉兰广场__20260826.mp4
OBS-000680,白玉兰广场,名创优品,名创优品,居家日用,4.8,66,LG2,rated,True,,rated,parsed,rating_anchor,0.9716,0.9999,57,7104,120.107,LG2 | 4.8居家日用￥66/人,名创优品 | LG2 | 4.8居家日用￥66/人 | MINI | SOC | 可爱移动充和毛绒挂件，款式更新快 | ￥50好物专享·名创优品... | ￥40.59.7折 | 惠,ocr/input_videos\上海__白玉兰广场__20260826.mp4
OBS-000681,白玉兰广场,HJ Cocktail&Whisky Bar,HJCocktail&WhiskyBar,特调酒吧,4.6,109,L2,rated,True,,rated,parsed,rating_anchor,0.9793,0.9941,57,7104,120.107,特调酒吧￥109/人 | L2 | 🌟4.6,HJ Cocktail&Whisky Bar | H | 特调酒吧￥109/人 | L2 | 🌟4.6 | 绿植环绕，特调鸡尾酒有趣 | 暂停营业,ocr/input_videos\上海__白玉兰广场__20260826.mp4
OBS-000682,白玉兰广场,The Stage白玉兰观景台,TheStage白玉兰观景台,更多景点/周边游,4.9,,LG1,rated,True,,rated,parsed,rating_anchor,0.9854,0.9739,58,7104,120.107,🌟4.9 | LG1 | 更多景点/周边游,The Stage白玉兰观景台 | 🌟4.9 | LG1 | 更多景点/周边游,ocr/input_videos\上海__白玉兰广场__20260826.mp4
OBS-000683,白玉兰广场,盒马鲜生,盒马鲜生,超市便利,,85,LG2,unknown,True,,ocr_missing,parsed,metadata_anchor,0.9762,0.9996,57,7104,120.107,LG2 | 🌟🌟🌟🌟🌟 | 超市便利￥85/人 | 14.8,盒马鲜生 | 盒马 | LG2 | 🌟🌟🌟🌟🌟 | 超市便利￥85/人 | 14.8 | 点评榜单 | 北外滩/外白渡桥超市便利好评榜第2名 | 高蛋白低脂肪，食材新鲜爽口,ocr/input_videos\上海__白玉兰广场__20260826.mp4
OBS-000684,白玉兰广场,睫睫向上·美甲美睫连锁沙龙,睫睫向上·美甲美睫连锁沙龙,美甲,4.5,301,L1,rated,True,,rated,parsed,rating_anchor,0.9489,0.9909,56,7128,120.513,L1 | 🌈4.5美甲￥301/人,睫睫向上·美甲美睫连锁沙龙 | 建向上 | L1 | 🌈4.5美甲￥301/人 | 北外滩/外白渡桥美甲美睫销量榜第3名 | 专注美甲美睫 | 手绘技术绝佳，还原度高 | 5 | FOCEX DOC YOLE YALL AW EYTIATEER | ￥306折 | ￥188 | 【卸甲/睫】本甲非款式... | 惠,ocr/input_videos\上海__白玉兰广场__20260826.mp4
OBS-000685,白玉兰广场,名创优品,名创优品,居家日用,4.8,66,LG2,rated,True,,rated,parsed,rating_anchor,0.9709,0.9999,57,7128,120.513,LG2 | 4.8居家日用￥66/人,名创优品 | LG2 | 4.8居家日用￥66/人 | MINI | SOC | 可爱移动充和毛绒挂件，款式更新快 | 《 | ￥40.59.7折 | ￥50好物专享·名创优品.. | 惠,ocr/input_videos\上海__白玉兰广场__20260826.mp4
OBS-000686,白玉兰广场,HJ Cocktail&Whisky Bar,HJCocktail&WhiskyBar,特调酒吧,4.6,109,L2,rated,True,,rated,parsed,rating_anchor,0.9969,0.9943,57,7128,120.513,L2 | 🌟4.6 | 特调酒吧 | ￥109/人,HJ Cocktail&Whisky Bar | H | L2 | 🌟4.6 | 特调酒吧 | ￥109/人 | 绿植环绕，特调鸡尾酒有趣 | 暂停营业,ocr/input_videos\上海__白玉兰广场__20260826.mp4
OBS-000687,白玉兰广场,The Stage白玉兰观景台,TheStage白玉兰观景台,更多景点/周边游,4.9,,LG1,rated,True,,rated,parsed,rating_anchor,0.985,0.9737,58,7128,120.513,🌟🌟4.9 | LG1 | 更多景点/周边游,The Stage白玉兰观景台 | 🌟🌟4.9 | LG1 | 更多景点/周边游,ocr/input_videos\上海__白玉兰广场__20260826.mp4
OBS-000688,白玉兰广场,盒马鲜生,盒马鲜生,超市便利,,85,LG2,unknown,True,,ocr_missing,parsed,metadata_anchor,0.9774,0.9992,56,7128,120.513,🌟🌟🎉🎉🌟 | LG2 | 超市便利￥85/人 | 14.8,盒马鲜生 | 盒马 | 🌟🌟🎉🎉🌟 | LG2 | 超市便利￥85/人 | 14.8 | 点评榜单 | 北外滩/外白渡桥超市便利好评榜第2名 | 高蛋白低脂肪，食材新鲜爽口 | 热销商家 | 鸿韵养生 | 黄团 | 专业，品境连锁,ocr/input_videos\上海__白玉兰广场__20260826.mp4
OBS-000689,白玉兰广场,HJ Cocktail&Whisky Bar,HJCocktail&WhiskyBar,特调酒吧,4.6,109,L2,rated,True,,rated,parsed,rating_anchor,0.9692,0.9913,60,7152,120.918,4.6特调酒吧￥109/人 | L2,HJ Cocktail&Whisky Bar | H | 4.6特调酒吧￥109/人 | L2 | 绿植环绕，特调鸡尾酒有趣 | 《 | 暂停营业,ocr/input_videos\上海__白玉兰广场__20260826.mp4
OBS-000690,白玉兰广场,TheStage白玉兰观景台,TheStage白玉兰观景台,更多景点/周边游,4.9,,LG1,rated,True,,rated,parsed,rating_anchor,0.9952,0.9967,55,7152,120.918,LG1 | 🌟🎉🌟4.9 | 更多景点/周边游,TheStage白玉兰观景台 | LG1 | 🌟🎉🌟4.9 | 更多景点/周边游,ocr/input_videos\上海__白玉兰广场__20260826.mp4
OBS-000691,白玉兰广场,盒马鲜生,盒马鲜生,超市便利,4.8,85,LG2,rated,True,,rated,parsed,rating_anchor,0.9845,0.999,56,7152,120.918,LG2 | 🌟🌟🌟🌟🌟 | 4.8超市便利￥85/人,盒马鲜生 | 盒马 | LG2 | 🌟🌟🌟🌟🌟 | 4.8超市便利￥85/人 | 点评榜单 | 北外滩/外白渡桥超市便利好评榜第2名 | 高蛋白低脂肪，食材新鲜爽口 | “,ocr/input_videos\上海__白玉兰广场__20260826.mp4
OBS-000692,白玉兰广场,鸿韵养生,鸿韵养生,休闲按摩...,4.6,182,LG1,rated,True,,rated,parsed,rating_anchor,0.9347,0.993,56,7152,120.918,🌟🌟💥⭐🌟 | 休闲按摩... | ￥182/人LG1 | 4.6,热销商家 | 鸿韵养生 | 区 | 美团 | 专业·盐牌连锁 | 🌟🌟💥⭐🌟 | 休闲按摩... | ￥182/人LG1 | 4.6 | 2025年优质服务商户 | 按摩·足道·SPA | 北外滩/外白渡桥休闲按摩足浴销量榜第3名 | “环境幽暗适合spa，按摩法娴熟” | 好口碑·好手法 | ￥1988折 | ￥268 | 惠 | 【复购销冠】全身推...,ocr/input_videos\上海__白玉兰广场__20260826.mp4
OBS-000693,白玉兰广场,炫动网羽Babolat网球学练馆,炫动网羽Babolat网球学练馆,网球场,,,LG1,new_store,False,new_store,ocr_missing,parsed,metadata_anchor,0.9958,0.9933,53,7152,120.918,新店 | 网球场 | LG1,炫动网羽Babolat网球学练馆 | 新店 | 网球场 | LG1 | 北外滩/外白渡桥球场回头客榜第3名,ocr/input_videos\上海__白玉兰广场__20260826.mp4
OBS-000694,白玉兰广场,The Stage白玉兰观景台,TheStage白玉兰观景台,更多景点/周边游,4.9,,LG1,rated,True,,rated,parsed,rating_anchor,0.9863,0.9766,55,7200,121.73,LG1 | 🌟⭐4.9 | 更多景点/周边游,The Stage白玉兰观景台 | LG1 | 🌟⭐4.9 | 更多景点/周边游,ocr/input_videos\上海__白玉兰广场__20260826.mp4
OBS-000695,白玉兰广场,盒马鲜生,盒马鲜生,超市便利,4.8,85,LG2,rated,True,,rated,parsed,rating_anchor,0.9843,0.9992,56,7200,121.73,LG2 | ⭐🌟🌟⭐🌟 | 4.8超市便利￥85/人,盒马鲜生 | 盒马 | LG2 | ⭐🌟🌟⭐🌟 | 4.8超市便利￥85/人 | 点评榜单 | 北外滩/外白渡桥超市便利好评榜第2名 | 高蛋白低脂肪，食材新鲜爽口 | “,ocr/input_videos\上海__白玉兰广场__20260826.mp4
OBS-000696,白玉兰广场,鸿韵养生,鸿韵养生,休闲按摩..,4.6,182,LG1,rated,True,,rated,parsed,rating_anchor,0.9482,0.9824,60,7200,121.73,🌟🌟🌟🌟🌟 | ￥182/人LG1 | 4.6休闲按摩..,热销商家 | 鸿韵养生 | 区 | 美团 | 专业·古牌连锁 | 🌟🌟🌟🌟🌟 | ￥182/人LG1 | 4.6休闲按摩.. | 2025年优质服务商户 | 北外滩/外白渡桥休闲按摩足浴销量榜第3名 | 按摩·足道·SPA | “环境幽暗适合spa，按摩法娴熟” | 心 | 好口碑·好手法 | ￥268 | ￥198 | 8折 | 惠 | 【复购销冠】全身推...,ocr/input_videos\上海__白玉兰广场__20260826.mp4
OBS-000697,白玉兰广场,炫动网羽Babolat网球学练馆,炫动网羽Babolat网球学练馆,网球场,,,LG1,new_store,False,new_store,ocr_missing,parsed,metadata_anchor,0.9964,0.9954,53,7200,121.73,新店 | 网球场 | LG1,炫动网羽Babolat网球学练馆 | 新店 | 网球场 | LG1 | GO | 北外滩/外白渡桥网球场回头客榜第3名 | 仓 | ￥108￥188 | 【新店特惠】忙时15*5*3... | 惠,ocr/input_videos\上海__白玉兰广场__20260826.mp4
OBS-000698,白玉兰广场,TEA·BAR&KTV,TEA·BAR&KTV,KTV,,,L2,unrated,False,explicitly_unrated,unrated,parsed,unrated_anchor,0.9825,0.976,47,7200,121.73,L2 | 暂无星级 | KTV | ★🌟★★,TEA·BAR&KTV | L2 | 暂无星级 | KTV | ★🌟★★ | 当地玩乐,ocr/input_videos\上海__白玉兰广场__20260826.mp4
OBS-000699,白玉兰广场,爱睫物语·疗愈美睫美甲,爱睫物语·疗愈美睫美甲,4.美甲,,364,L3,unknown,True,,ocr_missing,parsed,metadata_anchor,0.8971,0.992,54,7200,121.73,L3 | ★⭐⭐4.美甲￥364/人,爱睫物语·疗愈美睫美甲 | L3 | ★⭐⭐4.美甲￥364/人,ocr/input_videos\上海__白玉兰广场__20260826.mp4
OBS-000700,白玉兰广场,盒马鲜生,盒马鲜生,超市便利,4.8,85,LG2,rated,True,,rated,parsed,rating_anchor,0.9718,0.9996,56,7272,122.947,LG2 | 4.8超市便利￥85/人,盒马鲜生 | 盒马 | LG2 | 4.8超市便利￥85/人 | 点评榜单 | 北外滩/外白渡桥超市便利好评榜第2名 | 高蛋白低脂肪，食材新鲜爽口 | 3 | “,ocr/input_videos\上海__白玉兰广场__20260826.mp4
OBS-000701,白玉兰广场,鸿韵养生,鸿韵养生,休闲按摩,4.6,182,LG1,rated,True,,rated,parsed,rating_anchor,0.9163,0.9908,56,7272,122.947,⭐✨4.6休闲按摩 | ￥182/人LG1,热销商家 | 鸿韵养生 | X | 美团 | 专业·占牌连校 | ⭐✨4.6休闲按摩 | ￥182/人LG1 | 2025年优质服务商户 | 按摩·足道·SPA | 北外滩/外白渡桥休闲按摩足浴销量榜第3名 | “环境幽暗适合spa，按摩法娴熟” | 好口碑·好手法 | ￥198 | ￥268 | 8折 | 【复购销冠】全身推... | 惠,ocr/input_videos\上海__白玉兰广场__20260826.mp4
OBS-000702,白玉兰广场,炫动网羽Babolat网球学练馆,炫动网羽Babolat网球学练馆,网球场,,,LG1,new_store,False,new_store,ocr_missing,parsed,metadata_anchor,0.9952,0.9935,51,7272,122.947,LG1 | 新店 | 网球场,炫动网羽Babolat网球学练馆 | LG1 | 新店 | 网球场 | 北外滩/外白渡桥网球场回头客榜第3名 | 日 | 惠￥108￥188 | 【新店特惠】忙时15*5*3..,ocr/input_videos\上海__白玉兰广场__20260826.mp4
OBS-000703,白玉兰广场,TEA·BAR&KTV,TEA·BAR&KTV,KTV,,,L2,unrated,False,explicitly_unrated,unrated,parsed,unrated_anchor,0.9898,0.9842,44,7272,122.947,L2 | KTV | ★🌟🌟🌟 | 暂无星级,TEA·BAR&KTV | L2 | KTV | ★🌟🌟🌟 | 暂无星级 | 当地玩乐,ocr/input_videos\上海__白玉兰广场__20260826.mp4
OBS-000704,白玉兰广场,爱睫物语·疗愈美睫美甲,爱睫物语·疗愈美睫美甲,美甲,4.6,364,L3,rated,True,,rated,parsed,rating_anchor,0.9613,0.9874,51,7272,122.947,L3 | 🌟🌟🌟🌟🌟 | 美甲￥364/人 | 4.6,爱睫物语·疗愈美睫美甲 | L3 | 🌟🌟🌟🌟🌟 | 美甲￥364/人 | 4.6 | 北外滩/外白渡桥美睫销量榜第5名 | LOVE EYELASH | 装修简洁高级，美甲美睫效果完美 | “ | 爱读物源,ocr/input_videos\上海__白玉兰广场__20260826.mp4
OBS-000705,白玉兰广场,炫动网羽Babolat网球学练馆,炫动网羽Babolat网球学练馆,网球场,,,LG1,new_store,False,new_store,ocr_missing,parsed,metadata_anchor,0.9895,0.9817,54,7296,123.353,LG1 | 新店 | 网球场,炫动网羽Babolat网球学练馆 | LG1 | 新店 | 网球场 | 北外滩/外白渡桥网球场回头客榜第3名 | C | ￥108￥188 | 惠 | 【新店特惠】忙时15*5*3....,ocr/input_videos\上海__白玉兰广场__20260826.mp4
OBS-000706,白玉兰广场,TEA·BAR&KTV,TEA·BAR&KTV,KTV,,,L2,unrated,False,explicitly_unrated,unrated,parsed,unrated_anchor,0.9905,0.983,48,7296,123.353,暂无星级KTV | L2 | ★★★★★,TEA·BAR&KTV | 暂无星级KTV | L2 | ★★★★★ | 当地玩乐,ocr/input_videos\上海__白玉兰广场__20260826.mp4
OBS-000707,白玉兰广场,爱睫物语·疗愈美睫美甲,爱睫物语·疗愈美睫美甲,美甲,4.6,364,L3,rated,True,,rated,parsed,rating_anchor,0.953,0.9898,53,7296,123.353,L3 | 🌟🌟🌟★🌟 | 4.6美甲￥364/人,爱睫物语·疗愈美睫美甲 | L3 | 🌟🌟🌟★🌟 | 4.6美甲￥364/人 | 北外滩/外白渡桥美睫销量榜第5名 | LOVE EYELASH | 装修简洁高级，美甲美睫效果完美” | “ | 登迎地调 | ￥48 | 6.1折 | ￥80精致修眉/卸本甲/卸睫... | 惠,ocr/input_videos\上海__白玉兰广场__20260826.mp4
OBS-000708,白玉兰广场,中国福利彩票,中国福利彩票,彩票,3.4,,LG2,rated,True,,rated,parsed,rating_anchor,0.9523,0.9999,55,7296,123.353,★3.4彩票 | LG2,中国福利彩票 | ★3.4彩票 | LG2,ocr/input_videos\上海__白玉兰广场__20260826.mp4
OBS-000709,白玉兰广场,时空魔元宇宙体验馆SPACE&TI....,时空魔元宇宙体验馆SPACE&TI,展览馆,,,LG1,unknown,True,,ocr_missing,parsed,metadata_anchor,0.8845,0.9472,53,7296,123.353,LG1 | 展览馆 | 48,时空魔元宇宙体验馆SPACE&TI.... | LG1 | 展览馆 | 48,ocr/input_videos\上海__白玉兰广场__20260826.mp4
OBS-000710,白玉兰广场,炫动网羽Babolat网球学练馆,炫动网羽Babolat网球学练馆,网球场,,,LG1,new_store,False,new_store,ocr_missing,parsed,metadata_anchor,0.9968,0.9964,54,7344,124.164,新店 | LG1 | 网球场,炫动网羽Babolat网球学练馆 | 新店 | LG1 | 网球场 | 北外滩/外白渡桥网球场回头客榜第3名 | ￥108￥188 | 【新店特惠】忙时15*5*3.. | 惠,ocr/input_videos\上海__白玉兰广场__20260826.mp4
OBS-000711,白玉兰广场,TEA·BAR&KTV,TEA·BAR&KTV,KTV,,,L2,unrated,False,explicitly_unrated,unrated,parsed,unrated_anchor,0.9809,0.9741,47,7344,124.164,★★★★★ | 暂无星级 | L2 | KTV,TEA·BAR&KTV | ★★★★★ | 暂无星级 | L2 | KTV | 当地玩乐,ocr/input_videos\上海__白玉兰广场__20260826.mp4
OBS-000712,白玉兰广场,爱睫物语·疗愈美睫美甲,爱睫物语·疗愈美睫美甲,美甲,4.6,364,L3,rated,True,,rated,parsed,rating_anchor,0.9665,0.9868,53,7344,124.164,4.6美甲￥364/人 | L3,爱睫物语·疗愈美睫美甲 | 4.6美甲￥364/人 | L3 | 北外滩/外白渡桥美睫销量榜第5名 | 装修简洁高级，美甲美睫效果完美” | LOVE EYELASH | 爱睫物意 | ￥48 | 6.1折 | ￥80精致修眉/卸本甲/卸睫.. | 惠,ocr/input_videos\上海__白玉兰广场__20260826.mp4
OBS-000713,白玉兰广场,中国福利彩票,中国福利彩票,彩票,3.4,,LG2,rated,True,,rated,parsed,rating_anchor,0.9001,0.9999,58,7344,124.164,🌟★⭐3.4彩票 | LG2,中国福利彩票 | 🌟★⭐3.4彩票 | LG2,ocr/input_videos\上海__白玉兰广场__20260826.mp4
OBS-000714,白玉兰广场,时空魔方元宇宙体验馆SPACE&TI...,时空魔方元宇宙体验馆SPACE&TI,展览馆,4.8,,LG1,rated,True,,rated,parsed,rating_anchor,0.9486,0.9799,54,7344,124.164,⭐⭐⭐4.8展览馆 | LG1,时空魔方元宇宙体验馆SPACE&TI... | ⭐⭐⭐4.8展览馆 | LG1,ocr/input_videos\上海__白玉兰广场__20260826.mp4
OBS-000715,白玉兰广场,优剪,优剪,美发,3.6,78,LG1,rated,True,,rated,parsed,rating_anchor,0.9841,0.9998,63,7344,124.164,🌟🌟⭐🌟⭐ | LG1 | 3.6美发￥78/人,优剪 | 🌟🌟⭐🌟⭐ | LG1 | 3.6美发￥78/人,ocr/input_videos\上海__白玉兰广场__20260826.mp4
OBS-000716,白玉兰广场,中国福利彩票,中国福利彩票,彩票,3.4,,LG2,rated,True,,rated,parsed,rating_anchor,0.9474,0.9999,55,7440,125.787,★3.4彩票 | LG2,中国福利彩票 | ★3.4彩票 | LG2,ocr/input_videos\上海__白玉兰广场__20260826.mp4
OBS-000717,白玉兰广场,时空魔方元宇宙体验馆SPACE&TI...,时空魔方元宇宙体验馆SPACE&TI,展览馆,4.8,,LG1,rated,True,,rated,parsed,rating_anchor,0.9642,0.9412,54,7440,125.787,4.8展览馆 | LG1,时空魔方元宇宙体验馆SPACE&TI... | 4.8展览馆 | LG1,ocr/input_videos\上海__白玉兰广场__20260826.mp4
OBS-000718,白玉兰广场,优剪,优剪,美发,3.6,78,LG1,rated,True,,rated,parsed,rating_anchor,0.9868,0.9998,63,7440,125.787,🌟🌟💥🌟🌟 | LG1 | 3.6美发￥78/人,优剪 | 🌟🌟💥🌟🌟 | LG1 | 3.6美发￥78/人 | 点评榜单 | 北外滩/外白渡桥美发热门榜第10名 | 优剪 | 不推销不办卡，剪头无心理负担 | “ | 轻时尚美发品牌 | ￥56￥58 | 惠 | 【明星同款】 | 洗吹（使用前请... | ￥5￥10代金券 | 惠,ocr/input_videos\上海__白玉兰广场__20260826.mp4
OBS-000719,白玉兰广场,LANNI蘭·泰式古法按摩,LANNI兰·泰式古法按摩,精油SPA,,373,LG2,unknown,True,,ocr_missing,parsed,metadata_anchor,0.9644,0.974,51,7440,125.787,LG2 | 🌟🌟🌟🌟🌟 | 精油SPA￥373/人 | 14.9,LANNI蘭·泰式古法按摩 | Lann | LG2 | 🌟🌟🌟🌟🌟 | 精油SPA￥373/人 | 14.9 | 品牌人气榜 | -2025年度 | 北外滩/外白渡桥精油SPA销量榜第2名 | 80+门店 | 氛围好私密性强，按摩手法很不错 | 全国 | く | ￥498 | ￥4108.5折 | 惠 | 【全身精油】泰式S...,ocr/input_videos\上海__白玉兰广场__20260826.mp4
OBS-000720,白玉兰广场,核新力网球运动中心,核新力网球运动中心,网球场,4.5,200,商场内,rated,True,,rated,parsed,rating_anchor,0.9789,0.9982,53,7440,125.787,商场内 | 🌟🌟🌟🌟🌟 | 网球场￥200/人 | 4.5,核新力网球运动中心 | 商场内 | 🌟🌟🌟🌟🌟 | 网球场￥200/人 | 4.5 | 北外滩/外白渡桥网球场回头客榜第1名 | 球技术提高快” | “樱花树环绕木屋,ocr/input_videos\上海__白玉兰广场__20260826.mp4
OBS-000721,白玉兰广场,中国福利彩票,中国福利彩票,彩票,3.4,,LG2,rated,True,,rated,parsed,rating_anchor,0.9425,0.9999,51,7464,126.193,⭐3.4彩票 | LG2,中国福利彩票 | ⭐3.4彩票 | LG2,ocr/input_videos\上海__白玉兰广场__20260826.mp4
OBS-000722,白玉兰广场,时空魔方元宇宙体验馆SPACE&TI...,时空魔方元宇宙体验馆SPACE&TI,展览馆,4.8,,LG1,rated,True,,rated,parsed,rating_anchor,0.9655,0.9611,53,7464,126.193,4.8展览馆 | LG1,时空魔方元宇宙体验馆SPACE&TI... | 4.8展览馆 | LG1,ocr/input_videos\上海__白玉兰广场__20260826.mp4
OBS-000723,白玉兰广场,优剪,优剪,美发,3.6,78,LG1,rated,True,,rated,parsed,rating_anchor,0.9872,0.9999,62,7464,126.193,LG1 | ★★★★★ | 3.6美发￥78/人,优剪 | LG1 | ★★★★★ | 3.6美发￥78/人 | 点评榜单 | 北外滩/外白渡桥美发热门榜第10名 | 优剪 | 不推销不办卡，剪头无心理负担 | 55 | 轻时尚美发品牌 | ￥56￥58 | 惠 | 【明星同款】洗吹（使用前请... | ￥5￥10代金券 | 惠,ocr/input_videos\上海__白玉兰广场__20260826.mp4
OBS-000724,白玉兰广场,LANNI蘭·泰式古法按摩,LANNI兰·泰式古法按摩,精油SPA,4.9,373,LG2,rated,True,,rated,parsed,rating_anchor,0.9704,0.9782,48,7464,126.193,LG2 | ⭐⭐⭐⭐4.9 | 精油SPA￥373/人,LANNI蘭·泰式古法按摩 | Lann | LG2 | ⭐⭐⭐⭐4.9 | 精油SPA￥373/人 | 品牌人气榜 | -2025年度- | 北外滩/外白渡桥精油SPA销量榜第2名 | “氛围好私密性强，按摩法很不错” | 80+门店 | 全国 | ￥498 | ￥4108.5折 | 惠 | 【全身精油】泰式S...,ocr/input_videos\上海__白玉兰广场__20260826.mp4
OBS-000725,白玉兰广场,核新力网球运动中心,核新力网球运动中心,网球场,4.5,200,商场内,rated,True,,rated,parsed,rating_anchor,0.9738,0.9945,51,7464,126.193,商场内 | 4.5网球场￥200/人,核新力网球运动中心 | 商场内 | 4.5网球场￥200/人 | 北外滩/外白渡桥网球场回头客榜第1名 | “樱花树环绕屋，球技术提快 | 惠 | ￥1802小时自助网球发球机训练,ocr/input_videos\上海__白玉兰广场__20260826.mp4
OBS-000726,白玉兰广场,中国福利彩票,中国福利彩票,彩票,3.4,,LG2,rated,True,,rated,parsed,rating_anchor,0.9976,0.9999,54,7476,126.396,LG2 | ⭐🌟🌟 | 3.4彩票 | ★⭐,中国福利彩票 | LG2 | ⭐🌟🌟 | 3.4彩票 | ★⭐,ocr/input_videos\上海__白玉兰广场__20260826.mp4
OBS-000727,白玉兰广场,时空魔方元宇宙体验馆SPACE&TI...,时空魔方元宇宙体验馆SPACE&TI,展览馆,4.8,,LG1,rated,True,,rated,parsed,rating_anchor,0.9018,0.9705,54,7476,126.396,LG1 | ⭐⭐⭐4.8展览馆,时空魔方元宇宙体验馆SPACE&TI... | LG1 | ⭐⭐⭐4.8展览馆,ocr/input_videos\上海__白玉兰广场__20260826.mp4
OBS-000728,白玉兰广场,优剪,优剪,美发,3.6,78,LG1,rated,True,,rated,parsed,rating_anchor,0.9723,0.9999,66,7476,126.396,LG1 | 3.6美发￥78/人,优剪 | LG1 | 3.6美发￥78/人 | 点评榜单 | 北外滩/外白渡桥美发热门榜第10名 | 0优剪 | 不推销不办卡，剪头无心理负担 | 轻时岗美发品牌 | ￥56￥58 | 【明星同款】洗吹（使用前请... | 惠 | ￥5￥10代金券 | 惠,ocr/input_videos\上海__白玉兰广场__20260826.mp4
OBS-000729,白玉兰广场,LANNI蘭·泰式古法按摩,LANNI兰·泰式古法按摩,精油SPA,4.9,373,LG2,rated,True,,rated,parsed,rating_anchor,0.9749,0.9802,51,7476,126.396,LG2 | 🌟🌟🎉🎉🌟4.9 | 精油SPA￥373/人,LANNI蘭·泰式古法按摩 | Lann | LG2 | 🌟🌟🎉🎉🌟4.9 | 精油SPA￥373/人 | 品牌人气榜 | -2025年度一 | 北外滩/外白渡桥精油SPA销量榜第2名 | 氛围好私密性强，按摩手法很不错” | 80+门店 | 全国 | ￥4108.5折 | ￥498 | 惠 | 【全身精油】泰式S...,ocr/input_videos\上海__白玉兰广场__20260826.mp4
OBS-000730,白玉兰广场,核新力网球运动中心,核新力网球运动中心,网球场,4.5,200,商场内,rated,True,,rated,parsed,rating_anchor,0.9649,0.9986,54,7476,126.396,商场内 | 4.5网球场￥200/人,核新力网球运动中心 | 商场内 | 4.5网球场￥200/人 | 北外滩/外白渡桥网球场回头客榜第1名 | 樱花树环绕木屋，网球技术提高快 | “ | 3 | 惠￥79¥18024/时助球发球机训练,ocr/input_videos\上海__白玉兰广场__20260826.mp4
OBS-000731,白玉兰广场,中国福利彩票,中国福利彩票,彩票,3.4,,LG2,rated,True,,rated,parsed,rating_anchor,0.9186,0.9998,57,7512,127.005,🌟⭐⭐3.4彩票 | LG2,中国福利彩票 | 🌟⭐⭐3.4彩票 | LG2,ocr/input_videos\上海__白玉兰广场__20260826.mp4
OBS-000732,白玉兰广场,时空魔方元宇宙体验馆SPACE&TI...,时空魔方元宇宙体验馆SPACE&TI,展览馆,4.8,,LG1,rated,True,,rated,parsed,rating_anchor,0.8917,0.9631,53,7512,127.005,⭐⭐4.8展览馆 | LG1,时空魔方元宇宙体验馆SPACE&TI... | ⭐⭐4.8展览馆 | LG1,ocr/input_videos\上海__白玉兰广场__20260826.mp4
OBS-000733,白玉兰广场,优剪,优剪,美发,3.6,78,LG1,rated,True,,rated,parsed,rating_anchor,0.9891,0.9999,66,7512,127.005,LG1 | 3.6美发￥78/人 | 🌟🌟🌟🌟🌟,优剪 | LG1 | 3.6美发￥78/人 | 🌟🌟🌟🌟🌟 | 点评榜单 | 北外滩/外白渡桥美发热门榜第10名 | 优剪 | 0 | 不推销不办卡，剪头无心理负担 | “ | 55 | 轻时尚美发品牌 | ￥56￥58 | 惠 | 【明星同款】洗吹（使用前请.. | ￥5￥10代金券 | 惠,ocr/input_videos\上海__白玉兰广场__20260826.mp4
OBS-000734,白玉兰广场,LANNI蘭·泰式古法按摩,LANNI兰·泰式古法按摩,精油SPA,4.9,373,LG2,rated,True,,rated,parsed,rating_anchor,0.9688,0.979,48,7512,127.005,LG2 | 🌟4.9 | 精油SPA￥373/人,LANNI蘭·泰式古法按摩 | Lann | LG2 | 🌟4.9 | 精油SPA￥373/人 | 品牌人气榜 | -2025年度- | 北外滩/外白渡桥精油SPA销量榜第2名 | 全国80+门店 | “氛围好私密性强，按摩手法很不错” | ￥4108.5折 | ￥498 | 惠 | 【全身精油】泰式S..,ocr/input_videos\上海__白玉兰广场__20260826.mp4
OBS-000735,白玉兰广场,核新力网球运动中心,核新力网球运动中心,网球场,4.5,200,商场内,rated,True,,rated,parsed,rating_anchor,0.9527,0.9988,54,7512,127.005,商场内 | ✨4.5网球场￥200/人,核新力网球运动中心 | 商场内 | ✨4.5网球场￥200/人 | 北外滩/外白渡桥网球场回头客榜第1名 | “樱花树环绕木屋，球技术提高快” | 車 | ￥1802么小时自助网球发球机训练 | ￥79,ocr/input_videos\上海__白玉兰广场__20260826.mp4
OBS-000736,白玉兰广场,优剪,优剪,美发,3.6,78,LG1,rated,True,,rated,parsed,rating_anchor,0.978,0.9998,62,7560,127.816,LG1 | 3.6美发￥78/人,优剪 | LG1 | 3.6美发￥78/人 | 点评榜单 | 北外滩/外白渡桥美发热门榜第10名 | ①优剪 | “ | 不推销不办卡，剪头无心理负担 | 轻时尚美发品牌 | 2 | ￥56￥58 | 惠 | 【明星同款】洗吹（使用前请... | ￥5￥10代金券 | 惠,ocr/input_videos\上海__白玉兰广场__20260826.mp4
OBS-000737,白玉兰广场,LANNI蘭·泰式古法按摩,LANNI兰·泰式古法按摩,精油SPA,4.9,373,LG2,rated,True,,rated,parsed,rating_anchor,0.9744,0.9766,53,7560,127.816,LG2 | 4.9精油SPA￥373/人,LANNI蘭·泰式古法按摩 | Lann | LG2 | 4.9精油SPA￥373/人 | 品牌人气榜 | -2025年度- | 北外滩/外白渡桥精油SPA销量榜第2名 | 氛围好私密性强，按摩手法很不错” | 全国80+门店 | ￥4108.5折 | ￥498 | 惠 | 【全身精油】泰式S.,ocr/input_videos\上海__白玉兰广场__20260826.mp4
OBS-000738,白玉兰广场,核新力网球运动中心,核新力网球运动中心,网球场,4.5,200,商场内,rated,True,,rated,parsed,rating_anchor,0.9502,0.9991,51,7560,127.816,商场内 | ⭐4.5网球场￥200/人,核新力网球运动中心 | 商场内 | ⭐4.5网球场￥200/人 | 北外滩/外白渡桥网球场回头客榜第1名 | 樱花树环绕木屋，网球技术提高快” | 《 | ￥79￥18024小时自助网球发球机训练... | 惠,ocr/input_videos\上海__白玉兰广场__20260826.mp4
OBS-000739,白玉兰广场,欣发源 健发中心,欣发源健发中心,养发,3.9,113,LG1,rated,True,,rated,parsed,rating_anchor,0.9363,0.9374,54,7560,127.816,LG1 | 3.9养发￥113/人,然发源 | 欣发源 健发中心 | 头疗养发 | LG1 | 3.9养发￥113/人 | 舒缓'SPA | 点评榜单 | 虹口区养发热门榜第9名 | 草本健康洗88 | 环境舒适有植物清香，护理手法专业轻柔 | 3 | （2026优质股务商户） | 义 | 美园 | ￥895.3折 | ￥198 | 【健康洗发】纯草本... | 惠,ocr/input_videos\上海__白玉兰广场__20260826.mp4
OBS-000740,白玉兰广场,优剪,优剪,美发,3.6,78,LG1,rated,True,,rated,parsed,rating_anchor,0.98,0.9999,65,7584,128.222,3.6美发￥78/人 | LG1,优剪 | 3.6美发￥78/人 | LG1 | 点评榜单 | 北外滩/外白渡桥美发热门榜第10名 | 优剪 | 0 | 《 | 不推销不办卡，剪头无心理负担 | 轻时尚美发品牌 | ￥56￥58 | 惠 | 【明星同款】洗吹（使用前请... | ￥5￥10代金券 | 惠,ocr/input_videos\上海__白玉兰广场__20260826.mp4
OBS-000741,白玉兰广场,LANNI蘭·泰式古法按摩,LANNI兰·泰式古法按摩,精油SPA,4.9,373,LG2,rated,True,,rated,parsed,rating_anchor,0.9656,0.9694,53,7584,128.222,LG2 | ★★★★⭐4.9 | 精油SPA￥373/人,LANNI蘭·泰式古法按摩 | Lann | LG2 | ★★★★⭐4.9 | 精油SPA￥373/人 | 品牌人气榜 | -2025年度一 | 北外滩/外白渡桥精油SPA销量榜第2名 | 氛围好私密性强，按摩手法很不错” | 全国80+门店 | 5 | ￥498 | ￥4108.5折 | 惠 | 【全身精油】泰式S...,ocr/input_videos\上海__白玉兰广场__20260826.mp4
OBS-000742,白玉兰广场,核新力网球运动中心,核新力网球运动中心,网球场,4.5,200,商场内,rated,True,,rated,parsed,rating_anchor,0.9507,0.9989,51,7584,128.222,商场内 | ⭐4.5网球场￥200/人,核新力网球运动中心 | 商场内 | ⭐4.5网球场￥200/人 | 北外滩/外白渡桥网球场回头客榜第1名 | 樱花树环绕木屋，网球技术提高快” | 《 | ￥79￥18024小时自助网球发球机训练.. | 惠,ocr/input_videos\上海__白玉兰广场__20260826.mp4
OBS-000743,白玉兰广场,欣发源健发中心,欣发源健发中心,养发,3.9,113,LG1,rated,True,,rated,parsed,rating_anchor,0.9705,0.999,54,7584,128.222,3.9养发￥113/人 | LG1,热发源 | 欣发源健发中心 | 头疗养发 | 3.9养发￥113/人 | LG1 | 舒缓'SPA | 点评榜单 | 虹口区养发热门榜第9名 | 草本健东洗88 | 环境舒适有植物清香，护理手法专业轻柔 | （2026优质股务商户） | 义 | 美区 | ￥895.3折 | ￥198 | 【健康洗发】纯草本... | 惠,ocr/input_videos\上海__白玉兰广场__20260826.mp4
OBS-000744,白玉兰广场,优剪,优剪,美发,3.6,78,LG1,rated,True,,rated,parsed,rating_anchor,0.98,0.9999,65,7620,128.831,3.6美发￥78/人 | LG1,优剪 | 3.6美发￥78/人 | LG1 | 点评榜单 | 北外滩/外白渡桥美发热门榜第10名 | 优剪 | 0 | 《 | 不推销不办卡，剪头无心理负担 | 轻时尚美发品牌 | ￥56￥58 | 惠 | 【明星同款】洗吹（使用前请... | ￥5￥10代金券 | 惠,ocr/input_videos\上海__白玉兰广场__20260826.mp4
OBS-000745,白玉兰广场,LANNI蘭·泰式古法按摩,LANNI兰·泰式古法按摩,精油SPA,4.9,373,LG2,rated,True,,rated,parsed,rating_anchor,0.9645,0.9694,53,7620,128.831,LG2 | ★★★★⭐4.9 | 精油SPA￥373/人,LANNI蘭·泰式古法按摩 | Lann | LG2 | ★★★★⭐4.9 | 精油SPA￥373/人 | 品牌人气榜 | -2025年度一 | 北外滩/外白渡桥精油SPA销量榜第2名 | 氛围好私密性强，按摩手法很不错” | 全国80+门店 | 5 | ￥498 | ￥4108.5折 | 惠 | 【全身精油】泰式S...,ocr/input_videos\上海__白玉兰广场__20260826.mp4
OBS-000746,白玉兰广场,核新力网球运动中心,核新力网球运动中心,网球场,4.5,200,商场内,rated,True,,rated,parsed,rating_anchor,0.9509,0.9989,51,7620,128.831,商场内 | ⭐4.5网球场￥200/人,核新力网球运动中心 | 商场内 | ⭐4.5网球场￥200/人 | 北外滩/外白渡桥网球场回头客榜第1名 | 樱花树环绕木屋，网球技术提高快” | 《 | ￥79￥18024小时自助网球发球机训练... | 惠,ocr/input_videos\上海__白玉兰广场__20260826.mp4
OBS-000747,白玉兰广场,欣发源健发中心,欣发源健发中心,养发,3.9,113,LG1,rated,True,,rated,parsed,rating_anchor,0.9704,0.999,54,7620,128.831,3.9养发￥113/人 | LG1,热发源 | 欣发源健发中心 | 头疗养发 | 3.9养发￥113/人 | LG1 | 舒缓'SPA | 点评榜单 | 虹口区养发热门榜第9名 | 草本健东洗88 | 环境舒适有植物清香，护理手法专业轻柔 | （2026优质股务商户） | 义 | 美区 | ￥895.3折 | ￥198 | 【健康洗发】纯草本... | 惠,ocr/input_videos\上海__白玉兰广场__20260826.mp4
OBS-000748,白玉兰广场,欣发源健发中心,欣发源健发中心,养发,3.9,113,LG1,rated,True,,rated,parsed,rating_anchor,0.9843,0.9983,55,7668,129.642,LG1 | 🌟🌟★🌟🌟 | 3.9养发￥113/人,欣发源健发中心 | 发源 | 头疗养发 | LG1 | 🌟🌟★🌟🌟 | 3.9养发￥113/人 | 舒缓'SPA | 点评榜单 | 虹口区养发热门榜第9名 | 草本健康洗88 | 环境舒适有植物清香，护理手法专业轻柔 | 3 | 风 | （2026优质服务商户） | “ | 买区 | ￥895.3折 | ￥198 | 【健康洗发】纯草本... | 惠,ocr/input_videos\上海__白玉兰广场__20260826.mp4
OBS-000749,白玉兰广场,好特卖HotMaxx,好特卖HotMaxx,超市便利,4.9,35,LG1,rated,True,,rated,parsed,rating_anchor,0.9706,0.9888,54,7668,129.642,LG1 | ⭐🌟★⭐⭐4.9 | 超市便利￥35/人,好特卖HotMaxx | LG1 | ⭐🌟★⭐⭐4.9 | 超市便利￥35/人 | 好特卖 | 点评榜单 | 北外滩/外白渡桥超市便利好评榜第1名 | HotMax | 大牌护肤品低价，进口零食超多 | “ | 55 | 惠￥2.8￥2.9 | 【会员享】金磨坊脆骨肉枣80g,ocr/input_videos\上海__白玉兰广场__20260826.mp4
OBS-000750,白玉兰广场,FIONA PILATES普拉提,FIONAPILATES普拉提,瑜伽,4.3,,LG1,rated,True,,rated,parsed,rating_anchor,0.8702,0.9674,54,7668,129.642,⭐⭐⭐4.3瑜伽 | LG1,FIONA PILATES普拉提 | FIONA PILATES | ⭐⭐⭐4.3瑜伽 | LG1 | 专注教学 | 品质选择 | 细致高效，腰腹背部收紧感明显 | 曾拉提更科学的练习方式 | ￥109.96.6折 | ￥299 | 惠 | 【零基础】普拉..,ocr/input_videos\上海__白玉兰广场__20260826.mp4
OBS-000751,白玉兰广场,7-ELEVEn,7-ELEVEn,超市便利,3.9,14,LG1,rated,True,,rated,parsed,rating_anchor,0.9795,0.996,51,7668,129.642,LG1 | ⭐🌟🌟🌟🌟 | 3.9超市便利￥14/人,7-ELEVEn | LG1 | ⭐🌟🌟🌟🌟 | 3.9超市便利￥14/人 | 拨 | 长风拨筋养身美颜 | ム7 | 推盒差生￥170/,ocr/input_videos\上海__白玉兰广场__20260826.mp4
OBS-000752,白玉兰广场,欣发源健发中心,欣发源健发中心,养发,3.9,113,LG1,rated,True,,rated,parsed,rating_anchor,0.9795,0.9992,52,7704,130.251,LG1 | 🌟🌟🌟🌟🌟 | 3.9 | 养发￥113/人,欣发源健发中心 | 感发 | 头疗养发 | LG1 | 🌟🌟🌟🌟🌟 | 3.9 | 养发￥113/人 | 舒缓'SPA | 点评榜单 | 虹口区养发热门榜第9名 | 草本健康洗88 | 环境舒适有植物清香，护理手法专业轻柔 | （2026优质股务商户） | ￥89 | 5.3折 | ￥198 | 【健康洗发】纯草本.. | 惠,ocr/input_videos\上海__白玉兰广场__20260826.mp4
OBS-000753,白玉兰广场,好特卖HotMaxx,好特卖HotMaxx,超市便利,4.9,35,LG1,rated,True,,rated,parsed,rating_anchor,0.9739,0.9942,50,7704,130.251,LG1 | 🌟🎉🎉🎉4.9 | 超市便利￥35/人,好特卖HotMaxx | LG1 | 🌟🎉🎉🎉4.9 | 超市便利￥35/人 | 好特卖 | 点评榜单 | 北外滩/外白渡桥超市便利好评榜第1名 | HotMax | 大牌护肤品低价，进口零食超多 | C | ￥2.8￥2.9 | 【会员享】金磨坊脆骨肉枣80g | 惠,ocr/input_videos\上海__白玉兰广场__20260826.mp4
OBS-000754,白玉兰广场,FIONA PILATES普拉提,FIONAPILATES普拉提,瑜伽,4.3,,LG1,rated,True,,rated,parsed,rating_anchor,0.889,0.9689,48,7704,130.251,🌟🌟⭐⭐⭐4.3瑜伽 | LG1,FIONA PILATES普拉提 | FIONA PILATES | 🌟🌟⭐⭐⭐4.3瑜伽 | LG1 | 专注教学 | 品质选择 | 细致高效，腰腹背部收紧感明显 | 盖控很更科学的练习方式 | ￥109.96.6折 | ￥299 | 惠 | 【零基础】普拉...,ocr/input_videos\上海__白玉兰广场__20260826.mp4
OBS-000755,白玉兰广场,7-ELEVEn,7-ELEVEn,超市便利,3.9,14,LG1,rated,True,,rated,parsed,rating_anchor,0.9714,0.9979,49,7704,130.251,LG1 | ⭐🌟⭐🌟⭐3.9 | 超市便利￥14/人,7-ELEVEn | LG1 | ⭐🌟⭐🌟⭐3.9 | 超市便利￥14/人,ocr/input_videos\上海__白玉兰广场__20260826.mp4
OBS-000756,白玉兰广场,长风拨筋养身美颜,长风拨筋养身美颜,推拿养生,4.7,170,LG2,rated,True,,rated,parsed,rating_anchor,0.9782,0.9987,51,7704,130.251,LG2 | 4.7推拿养生￥170/人,拨筋 | 长风拨筋养身美颜 | LG2 | 4.7推拿养生￥170/人 | 北外滩/外白渡桥推拿养生销量榜第1名 | 养身 | 夏三伏拨筋节 | 环境国风舒适，技师手法专业” | 1 | ￥1388.3折 | 惠 | ￥169肩颈拨筋|直击酸..,ocr/input_videos\上海__白玉兰广场__20260826.mp4
OBS-000757,白玉兰广场,7-ELEVEn,7-ELEVEn,超市便利,3.9,14,LG1,rated,True,,rated,parsed,rating_anchor,0.9697,0.998,48,7800,131.874,⭐🌟⭐🌟⭐3.9 | LG1 | 超市便利￥14/人,7-ELEVEn | ⭐🌟⭐🌟⭐3.9 | LG1 | 超市便利￥14/人,ocr/input_videos\上海__白玉兰广场__20260826.mp4
OBS-000758,白玉兰广场,长风拨筋养身美颜,长风拨筋养身美颜,推拿养生,4.7,170,LG2,rated,True,,rated,parsed,rating_anchor,0.9735,0.9983,48,7800,131.874,LG2 | 4.7推拿养生￥170/人,拨筋 | 长风拨筋养身美颜 | LG2 | 4.7推拿养生￥170/人 | 筋 | 北外滩/外白渡桥推拿养生销量榜第1名 | 养身 | 夏三伏拨筋节 | 环境国风舒适，技师手法专业” | 1 | ￥1388.3折 | 惠 | ￥169肩颈拨筋1直击酸...,ocr/input_videos\上海__白玉兰广场__20260826.mp4
OBS-000759,白玉兰广场,24/7 FITNESS健身,24/7FITNESS健身,健身房,4.3,2749,LG1,rated,True,,rated,parsed,rating_anchor,0.9578,0.9668,50,7800,131.874,LG1 | ★★★★ | 4.3 | 健身房￥2749/人,24/7 FITNESS健身 | 车 | 2A/P FITNEOS | 小时 | LG1 | ★★★★ | 4.3 | 健身房￥2749/人 | 健身 | HOURS OPEN | 天打道学不打现 | 北外滩/外白渡桥健身房销量榜第6名 | 可 | 全民健身月 | S | 环境干净宽敬，教练不推销 | ￥68.8￥520专业场馆|连续3天|需预约 | 惠,ocr/input_videos\上海__白玉兰广场__20260826.mp4
OBS-000760,白玉兰广场,JUST·FOTO大头贴自助店,JUST·FOTO大头贴自助店,自拍/换装...,3.7,53,LG1,rated,True,,rated,parsed,rating_anchor,0.9195,0.9449,51,7800,131.874,3.7自拍/换装... | ★★🌟★★ | ￥53/人LG1,潮流必拍 | JUST·FOTO大头贴自助店 | 3.7自拍/换装... | ★★🌟★★ | ￥53/人LG1 | JUST.FOTO | 虹口区自拍换装销量榜第3名 | ￥28.69.9折 | ￥29.9新手小白必入一人. | 惠,ocr/input_videos\上海__白玉兰广场__20260826.mp4
OBS-000761,白玉兰广场,识光造镜·蔡司官方授权店,识光造镜·蔡司官方授权店,眼镜店,4.9,518,LG1,rated,True,,rated,parsed,rating_anchor,0.9661,0.9866,51,7800,131.874,LG1 | ⭐🌟⭐⭐⭐4.9 | 眼镜店￥518/人,识光造镜·蔡司官方授权店 | 识光造镜 | LG1 | ⭐🌟⭐⭐⭐4.9 | 眼镜店￥518/人 | 蔡司战路合作店 | 点评榜单 | 北外滩/外白渡桥眼镜店好评榜第1名 | ZEISS | 地铁口旁，验光高级度数准 | 3 | ￥50.58.6折 | ￥160 | 「验光服务」级.. | 惠,ocr/input_videos\上海__白玉兰广场__20260826.mp4
OBS-000762,白玉兰广场,7-ELEVEn,7-ELEVEn,超市便利,3.9,14,LG1,rated,True,,rated,parsed,rating_anchor,0.9714,0.998,48,7824,132.28,🌟🌟🌟🌟🌟 | LG1 | 3.9 | 超市便利￥14/人,7-ELEVEn | 🌟🌟🌟🌟🌟 | LG1 | 3.9 | 超市便利￥14/人,ocr/input_videos\上海__白玉兰广场__20260826.mp4
OBS-000763,白玉兰广场,长风拨筋养身美颜,长风拨筋养身美颜,推拿养生,4.7,170,LG2,rated,True,,rated,parsed,rating_anchor,0.9854,0.9988,51,7824,132.28,LG2 | 🌟🌟🌟🌟🌟 | 4.7推拿养生￥170/人,拨筋 | 长风拨筋养身美颜 | LG2 | 🌟🌟🌟🌟🌟 | 4.7推拿养生￥170/人 | 筋 | 北外滩/外白渡桥推拿养生销量榜第1名 | 养身 | 夏三伏拨筋节 | 环境国风舒适，技师手法专业” | E | ￥138 | 8.3折 | 肩颈拨筋|直击酸... | 惠 | ￥169,ocr/input_videos\上海__白玉兰广场__20260826.mp4
OBS-000764,白玉兰广场,24/7FITNESS健身,24/7FITNESS健身,健身房,4.3,2749,LG1,rated,True,,rated,parsed,rating_anchor,0.9784,0.9986,50,7824,132.28,LG1 | 🌟🌟⭐🌈 | 健身房￥2749/人 | 4.3,24/7FITNESS健身 | 111 | ATTNH | 小时 | 2 | LG1 | 🌟🌟⭐🌈 | 健身房￥2749/人 | 4.3 | 健身 | HOURS OPEN | 无列 | 不打线 | 北外滩/外白渡桥健身房销量榜第6名 | 5. | 全民健身月 | 环境干净宽，教练不推销 | L | ￥68.8￥520专业场馆|连续3天|需预约 | 惠,ocr/input_videos\上海__白玉兰广场__20260826.mp4
OBS-000765,白玉兰广场,JUST·FOTO 大头贴自助店,JUST·FOTO大头贴自助店,自拍/换装...,3.7,53,LG1,rated,True,,rated,parsed,rating_anchor,0.9069,0.9639,58,7824,132.28,🌟🌟🌟🌟🌟 | 自拍/换装... | ￥53/人LG1 | 3.7,JUST·FOTO 大头贴自助店 | 潮流必拍 | 🌟🌟🌟🌟🌟 | 自拍/换装... | ￥53/人LG1 | 3.7 | JUST.FOTO | 虹口区自拍换装销量榜第3名 | ￥28.69.9折 | ￥29.9 | 新手小白必入一人. | 惠,ocr/input_videos\上海__白玉兰广场__20260826.mp4
OBS-000766,白玉兰广场,识光造镜·蔡司官方授权店,识光造镜·蔡司官方授权店,眼镜店,4.9,518,LG1,rated,True,,rated,parsed,rating_anchor,0.9727,0.9917,53,7824,132.28,🌟🌟⭐⭐⭐ | LG1 | 眼镜店￥518/人 | 4.9,识光造镜·蔡司官方授权店 | 识光造镜 | 🌟🌟⭐⭐⭐ | LG1 | 眼镜店￥518/人 | 4.9 | 蔡司战略合作店 | 点评榜单 | 北外滩/外白渡桥眼镜店好评榜第1名 | ZEISS | 地铁口旁，验光高级度数准 | 惠 | ￥50.58.6折 | ￥160 | 「验光服务」高级...,ocr/input_videos\上海__白玉兰广场__20260826.mp4
OBS-000767,白玉兰广场,JUST·FOTO头贴自助店,JUST·FOTO头贴自助店,自拍/换装..,3.7,53,LG1,rated,True,,rated,parsed,rating_anchor,0.9192,0.9497,54,7896,133.497,★🌟🌟🌟🌟 | 自拍/换装.. | ￥53/人LG1 | 3.7,潮流必拍 | JUST·FOTO头贴自助店 | ★🌟🌟🌟🌟 | 自拍/换装.. | ￥53/人LG1 | 3.7 | JUST.FOTO | 虹口区自拍换装销量榜第3名 | ￥29.9 | ￥28.6 | 9.9折 | 新手小白必入一人. | 惠,ocr/input_videos\上海__白玉兰广场__20260826.mp4
OBS-000768,白玉兰广场,识光造镜·蔡司官方授权店,识光造镜·蔡司官方授权店,眼镜店,4.9,518,LG1,rated,True,,rated,parsed,rating_anchor,0.9572,0.9616,56,7896,133.497,★4.9 | LG1 | 眼镜店￥518/人,识光造镜·蔡司官方授权店 | 识光造镜 | ★4.9 | LG1 | 眼镜店￥518/人 | 蔡司战略合作店 | 点评榜单 | 北外滩/外白渡桥眼镜店好评榜第1名 | ZEISS | 地铁口旁，验光高级度数准 | ￥50.5 | ￥160 | 「验光服务」高级... | 8.6折 | 惠,ocr/input_videos\上海__白玉兰广场__20260826.mp4
OBS-000769,白玉兰广场,乐摩吧,乐摩吧,智能按摩空间,3.6,20,L3,rated,True,,rated,parsed,rating_anchor,0.9798,1.0,61,7896,133.497,3.6智能按摩空间￥20/人 | L3,乐摩吧 | （不原电部） | 3.6智能按摩空间￥20/人 | L3 | 乐摩吧 | 米 | LEMOBAR,ocr/input_videos\上海__白玉兰广场__20260826.mp4
OBS-000770,白玉兰广场,爱视眸Eyeblling眼镜·蔡司依视路...,爱视眸Eyeblling眼镜·蔡司依视路,眼镜店,4.8,507,LG1,rated,True,,rated,parsed,rating_anchor,0.939,0.93,57,7896,133.497,LG1 | 🌟4.8 | 眼镜店￥507/人,爱视眸Eyeblling眼镜·蔡司依视路... | ZELSX | 爱视眸眼镜 | LG1 | 🌟4.8 | 眼镜店￥507/人 | EYE BLLING | 点评榜单 | OG | 北外滩/外白渡桥眼镜店好评榜第3名 | 十五年上海连锁直营门店 | 款式多质量好，环境整洁不踩雷 | 55 | ￥99 | 【单配镜框】国产自... | ￥0.85 | 8.5折 | 惠 | ￥100代金券 | ￥8.58 | 8.5折 | 惠,ocr/input_videos\上海__白玉兰广场__20260826.mp4
OBS-000771,白玉兰广场,JUST·FOTO 大头贴自助店,JUST·FOTO大头贴自助店,自拍/换装...,3.7,53,LG1,rated,True,,rated,parsed,rating_anchor,0.9458,0.966,54,7932,134.106,3.7自拍/换装... | ★★★★ | ￥53/人LG1,潮流必拍 | JUST·FOTO 大头贴自助店 | 3.7自拍/换装... | ★★★★ | ￥53/人LG1 | JUST.FOTO | 虹口区自拍换装销量榜第3名 | ￥28.69.9折 | ￥29.9 | 新手小白必入一人.. | 惠,ocr/input_videos\上海__白玉兰广场__20260826.mp4
OBS-000772,白玉兰广场,识光造镜·蔡司官方授权店,识光造镜·蔡司官方授权店,眼镜店,4.9,518,LG1,rated,True,,rated,parsed,rating_anchor,0.9709,0.9857,51,7932,134.106,LG1 | 眼镜店￥518/人 | ⭐🌟⭐⭐🌟4.9,识光造镜·蔡司官方授权店 | 识光造镜 | LG1 | 眼镜店￥518/人 | ⭐🌟⭐⭐🌟4.9 | 蔡司战略合作店 | 点评榜单 | 北外滩/外白渡桥眼镜店好评榜第1名 | ZEISS | 地铁口旁，验光高级度数准 | ￥50.5 | ￥160 | 8.6折 | 「验光服务」高级... | 惠,ocr/input_videos\上海__白玉兰广场__20260826.mp4
OBS-000773,白玉兰广场,乐摩吧,乐摩吧,智能按摩空间,3.6,20,L3,rated,True,,rated,parsed,rating_anchor,0.987,1.0,58,7932,134.106,3.6智能按摩空间￥20/人 | L3,乐摩吧 | 乐电 | 3.6智能按摩空间￥20/人 | L3 | 米 | 乐摩吧 | LEMOBAR,ocr/input_videos\上海__白玉兰广场__20260826.mp4
OBS-000774,白玉兰广场,爱视眸Eyeblling眼镜·蔡司依视路...,爱视眸Eyeblling眼镜·蔡司依视路,眼镜店,4.8,507,LG1,rated,True,,rated,parsed,rating_anchor,0.9484,0.9449,59,7932,134.106,LG1 | ⭐🌟⭐⭐4.8 | 眼镜店￥507/人,爱视眸Eyeblling眼镜·蔡司依视路... | ZEESX | 爱视眸眼镜 | LG1 | ⭐🌟⭐⭐4.8 | 眼镜店￥507/人 | EYE BLLING | 点评榜单 | OG | 北外滩/外白渡桥眼镜店好评榜第3名 | 十五年上海连锁直营门店 | 款式多质量好，环境整洁不踩雷 | 3 | ￥0.85 | ￥99 | 【单配镜框】国产自... | 8.5折 | 惠 | ￥8.5 | ￥100代金券 | 惠 | 8.5折,ocr/input_videos\上海__白玉兰广场__20260826.mp4
OBS-000775,白玉兰广场,识光造镜·蔡司官方授权店,识光造镜·蔡司官方授权店,眼镜店,4.9,518,LG1,rated,True,,rated,parsed,rating_anchor,0.9725,0.99,57,7992,135.12,LG1 | 眼镜店￥518/人 | 🌟🌟🌟⭐🌟 | 4.9,识光造镜·蔡司官方授权店 | 识光造镜 | LG1 | 眼镜店￥518/人 | 🌟🌟🌟⭐🌟 | 4.9 | 蔡司战略合作店 | 点评榜单 | 北外滩/外白渡桥眼镜店好评榜第1名 | ZEISX | 地铁口旁，验光高级度数准 | 9 | ￥50.5 | ￥160 | 「验光服务」高级... | 惠 | 8.6折,ocr/input_videos\上海__白玉兰广场__20260826.mp4
OBS-000776,白玉兰广场,乐摩吧,乐摩吧,智能按摩空间,3.6,20,L3,rated,True,,rated,parsed,rating_anchor,0.984,1.0,65,7992,135.12,3.6智能按摩空间￥20/人 | L3,乐摩吧 | （乐厚电器） | 3.6智能按摩空间￥20/人 | L3 | 乐摩吧 | * | LEMOBAR,ocr/input_videos\上海__白玉兰广场__20260826.mp4
OBS-000777,白玉兰广场,爱视眸Eyeblling眼镜·蔡司依视路....,爱视眸Eyeblling眼镜·蔡司依视路,眼镜店,,507,LG1,unknown,True,,ocr_missing,parsed,metadata_anchor,0.9484,0.9446,56,7992,135.12,LG1 | ★🌟★★🌟 | 眼镜店￥507/人 | 14.8,爱视眸Eyeblling眼镜·蔡司依视路.... | ZEISX | 爱视眸眼镜 | LG1 | ★🌟★★🌟 | 眼镜店￥507/人 | 14.8 | EYE BLLING- | 点评榜单 | OO | 北外滩/外白渡桥眼镜店好评榜第3名 | 款式多质量好，环境整洁不踩雷 | 十五年上海连锁直营门店 | 5 | ￥99 | 8.5折 | ￥0.85 | 惠 | 【单配镜框】国产自... | ￥8.58.5折 | ￥100代金券 | 惠,ocr/input_videos\上海__白玉兰广场__20260826.mp4
OBS-000778,白玉兰广场,识光造镜·蔡司官方授权店,识光造镜·蔡司官方授权店,眼镜店,4.9,518,LG1,rated,True,,rated,parsed,rating_anchor,0.9685,0.991,54,8040,135.932,LG1 | 眼镜店￥518/人 | 🌟🌟🌟⭐🌟 | 4.9,识光造镜·蔡司官方授权店 | 识光造镜 | LG1 | 眼镜店￥518/人 | 🌟🌟🌟⭐🌟 | 4.9 | 蔡司战略合作店 | 点评榜单 | 北外滩/外白渡桥眼镜店好评榜第1名 | ZEISX | 地铁口旁，验光高级度数准 | 9 | ￥50.5 | ￥160 | 惠 | 8.6折 | 「验光服务」高级..,ocr/input_videos\上海__白玉兰广场__20260826.mp4
OBS-000779,白玉兰广场,乐摩吧,乐摩吧,智能按摩空间,3.6,20,L3,rated,True,,rated,parsed,rating_anchor,0.9856,1.0,57,8040,135.932,3.6智能按摩空间￥20/人 | L3,乐摩吧 | （乐摩吧器） | 3.6智能按摩空间￥20/人 | L3 | 乐摩吧 | LEMOBAR,ocr/input_videos\上海__白玉兰广场__20260826.mp4
OBS-000780,白玉兰广场,爱视眸Eyeblling眼镜·蔡司依视路...,爱视眸Eyeblling眼镜·蔡司依视路,眼镜店,,507,LG1,unknown,True,,ocr_missing,parsed,metadata_anchor,0.9565,0.9621,56,8040,135.932,LG1 | ★★★★★ | 眼镜店￥507/人 | 14.8,爱视眸Eyeblling眼镜·蔡司依视路... | ZEISX | 爱视眸眼镜 | LG1 | ★★★★★ | 眼镜店￥507/人 | 14.8 | EYEBLLING | OC | 点评榜单 | 北外滩/外白渡桥眼镜店好评榜第3名 | 款式多质量好，环境整洁不踩雷 | 十五年上海连锁直营门店 | 5 | ￥99 | 8.5折 | ￥0.85 | 【单配镜框】国产自... | 惠 | ￥8.58.5折 | ￥100代金券 | 惠,ocr/input_videos\上海__白玉兰广场__20260826.mp4
OBS-000781,白玉兰广场,识光造镜·蔡司官方授权店,识光造镜·蔡司官方授权店,眼镜店,4.9,518,LG1,rated,True,,rated,parsed,rating_anchor,0.9662,0.9925,50,8052,136.135,LG1 | ★★★★★ | 眼镜店￥518/人 | 4.9,识光造镜·蔡司官方授权店 | 识光造镜 | LG1 | ★★★★★ | 眼镜店￥518/人 | 4.9 | 蔡司战略合作店 | 点评榜单 | 北外滩/外白渡桥眼镜店好评榜第1名 | ZEISS | 地铁口旁，验光高级度数准 | ￥160 | ￥50.5 | 8.6折 | 惠 | 「验光服务」高级...,ocr/input_videos\上海__白玉兰广场__20260826.mp4
OBS-000782,白玉兰广场,乐摩吧,乐摩吧,智能按摩空间,3.6,20,L3,rated,True,,rated,parsed,rating_anchor,0.9849,1.0,58,8052,136.135,⭐🌟⭐3.6 | L3 | 智能按摩空间￥20/人,乐摩吧 | 具 | 乐摩电） | ⭐🌟⭐3.6 | L3 | 智能按摩空间￥20/人 | 乐摩吧 | 米 | LEMOBAR,ocr/input_videos\上海__白玉兰广场__20260826.mp4
OBS-000783,白玉兰广场,爱视眸Eyeblling眼镜·蔡司依视路...,爱视眸Eyeblling眼镜·蔡司依视路,眼镜店,4.8,507,LG1,rated,True,,rated,parsed,rating_anchor,0.9557,0.956,57,8052,136.135,★🌟🌟🌟🌟 | LG1 | 眼镜店￥507/人 | 4.8,爱视眸Eyeblling眼镜·蔡司依视路... | ZE15 | 爱视眸眼镜 | ★🌟🌟🌟🌟 | LG1 | 眼镜店￥507/人 | 4.8 | EYE BLLING | 点评榜单 | O | 北外滩/外白渡桥眼镜店好评榜第3名 | 款式多质量好，环境整洁不踩雷 | 十五年上海连锁直营门店 | 5 | ￥0.85 | ￥99 | 8.5折 | 国产自.. | 惠 | 【单配镜框】 | ￥8.5 | ￥100 | 8.5折 | 惠 | 代金券,ocr/input_videos\上海__白玉兰广场__20260826.mp4
OBS-000784,白玉兰广场,高丝化妆品有限公司,高丝化妆品有限公司,化妆品,,,商场内,unrated,False,explicitly_unrated,unrated,parsed,unrated_anchor,0.9977,0.9986,54,8052,136.135,化妆品 | 暂无星级 | 商场内 | ★★★★★,高丝化妆品有限公司 | 化妆品 | 暂无星级 | 商场内 | ★★★★★ | 化妆品,ocr/input_videos\上海__白玉兰广场__20260826.mp4
OBS-000785,白玉兰广场,爱视晖Eyeblling眼現·祭司依视路...,爱视晖Eyeblling眼现·祭司依视路,眼镜店,4.8,507,LG1,rated,True,,rated,parsed,rating_anchor,0.9216,0.845,41,8088,136.743,⭐🌟🌟🌟🌟 | LG1 | 眼镜店 | 4.8 | ￥507/人,爱视晖Eyeblling眼現·祭司依视路... | 爱视眸眼镜 | ⭐🌟🌟🌟🌟 | LG1 | 眼镜店 | 4.8 | ￥507/人 | EYE BLLINC | 点评榜单 | O | 北外滩/外白渡桥眼镜店好评榜第3名 | 心 | 款式多质量好，环境整洁不踩雷 | 十五年上海连锁直营门店 | ￥99 | ￥0.85 | 8.5折 | 国产自.... | 惠 | 【单配镜框】 | ￥8.5 | 8.5折 | ￥100 | 惠 | 代金券,ocr/input_videos\上海__白玉兰广场__20260826.mp4
OBS-000786,白玉兰广场,高丝化妆品有限公司,高丝化妆品有限公司,化妆品,,,商场内,unrated,False,explicitly_unrated,unrated,parsed,unrated_anchor,0.9974,0.9991,53,8088,136.743,商场内 | 化妆品 | ★★★★★ | 暂无星级,高丝化妆品有限公司 | 商场内 | 化妆品 | ★★★★★ | 暂无星级 | 化妆品,ocr/input_videos\上海__白玉兰广场__20260826.mp4
OBS-000787,白玉兰广场,LINGA男士高定私属空间沙龙,LINGA男士高定私属空间沙龙,美发,,,LG2,unrated,False,explicitly_unrated,unrated,parsed,unrated_anchor,0.9913,0.9827,48,8088,136.743,美发 | LG2 | ★🌟★★★ | 暂无星级,LINGA男士高定私属空间沙龙 | 美发 | LG2 | ★🌟★★★ | 暂无星级 | ED | LNOARLON高男土 | ￥388 | 【高定】 | ￥398 | 惠 | 高级设计师男士..,ocr/input_videos\上海__白玉兰广场__20260826.mp4
OBS-000788,白玉兰广场,全服回收,全服回收,手机数码回收,,,LG2,new_store,False,new_store,ocr_missing,parsed,metadata_anchor,0.9996,0.9993,56,8088,136.743,LG2 | 新店 | 手机数码回收,全服回收 | LG2 | 新店 | 手机数码回收 | 生活服务,ocr/input_videos\上海__白玉兰广场__20260826.mp4
OBS-000789,白玉兰广场,fingerbook,fingerbook,美甲,,,LG1,unrated,False,explicitly_unrated,unrated,parsed,unrated_anchor,0.9996,0.9995,63,8088,136.743,暂无星级 | 美甲 | ★★★★★ | LG1,fingerbook | 暂无星级 | 美甲 | ★★★★★ | LG1 | fingerbook,ocr/input_videos\上海__白玉兰广场__20260826.mp4
OBS-000790,白玉兰广场,爱视眸Eyeblling眼镜·蔡司依视路..,爱视眸Eyeblling眼镜·蔡司依视路,眼镜店,4.8,507,LG1,rated,True,,rated,parsed,rating_anchor,0.9515,0.9501,54,8124,137.352,LG1 | 眼镜店￥507/人 | 🌟🌟🎉🌟🌟 | 4.8,爱视眸Eyeblling眼镜·蔡司依视路.. | ZEISS | 爱视眸眼镜 | LG1 | 眼镜店￥507/人 | 🌟🌟🎉🌟🌟 | 4.8 | EYE BLLING | 点评榜单 | 北外滩/外白渡桥眼镜店好评榜第3名 | 款式多质量好，环境整洁不踩雷 | 十五年上海连锁直营门店 | 52 | C | ￥99 | ￥0.85 | 8.5折 | 惠 | 【单配镜框】国产自.. | ￥8.5 | 8.5折 | ￥1001 | 代金券 | 惠,ocr/input_videos\上海__白玉兰广场__20260826.mp4
OBS-000791,白玉兰广场,高丝化妆品有限公司,高丝化妆品有限公司,化妆品,,,商场内,unrated,False,explicitly_unrated,unrated,parsed,unrated_anchor,0.9991,0.9987,54,8124,137.352,化妆品 | 🌟🌟🌟🌟⭐ | 商场内 | 暂无星级,高丝化妆品有限公司 | 化妆品 | 🌟🌟🌟🌟⭐ | 商场内 | 暂无星级 | 化妆品,ocr/input_videos\上海__白玉兰广场__20260826.mp4
OBS-000792,白玉兰广场,LINGA男士高定私属空间沙龙,LINGA男士高定私属空间沙龙,美发,,,LG2,unrated,False,explicitly_unrated,unrated,parsed,unrated_anchor,0.9928,0.9858,51,8124,137.352,美发 | LG2 | ★★★★★ | 暂无星级,LINGA男士高定私属空间沙龙 | 美发 | LG2 | ★★★★★ | 暂无星级 | GD | LNOARLON月士 | ￥388￥398 | 惠 | 【高定】高级设计师男士...,ocr/input_videos\上海__白玉兰广场__20260826.mp4
OBS-000793,白玉兰广场,全服回收,全服回收,手机数码回收,,,LG2,new_store,False,new_store,ocr_missing,parsed,metadata_anchor,0.9995,0.9994,57,8124,137.352,新店 | LG2 | 手机数码回收,全服回收 | 新店 | LG2 | 手机数码回收 | 生活服务 | fingerbook,ocr/input_videos\上海__白玉兰广场__20260826.mp4
OBS-000794,白玉兰广场,高丝化妆品有限公司,高丝化妆品有限公司,化妆品,,,商场内,unrated,False,explicitly_unrated,unrated,parsed,unrated_anchor,0.9987,0.9986,55,8196,138.569,化妆品 | ★★★★ | 商场内 | 暂无星级,高丝化妆品有限公司 | 化妆品 | ★★★★ | 商场内 | 暂无星级 | 化妆品,ocr/input_videos\上海__白玉兰广场__20260826.mp4
OBS-000795,白玉兰广场,LINGA男士高定私属空间沙龙,LINGA男士高定私属空间沙龙,美发,,,LG2,unrated,False,explicitly_unrated,unrated,parsed,unrated_anchor,0.9968,0.9937,54,8196,138.569,美发 | LG2 | ⭐★ | 暂无星级,LINGA男士高定私属空间沙龙 | 美发 | LG2 | ⭐★ | 暂无星级 | ED | LNCASRLON高男士 | ￥388 | 【高定】高级设计师男士.. | ￥398 | 惠,ocr/input_videos\上海__白玉兰广场__20260826.mp4
OBS-000796,白玉兰广场,全服回收,全服回收,手机数码回收,,,LG2,new_store,False,new_store,ocr_missing,parsed,metadata_anchor,0.9998,0.9997,60,8196,138.569,新店 | LG2 | 手机数码回收,全服回收 | 新店 | LG2 | 手机数码回收 | 生活服务,ocr/input_videos\上海__白玉兰广场__20260826.mp4
OBS-000797,白玉兰广场,fingerbook,fingerbook,美甲,,,LG1,unrated,False,explicitly_unrated,unrated,parsed,unrated_anchor,0.9995,0.9993,68,8196,138.569,美甲 | ★★★★ | 暂无星级 | LG1,fingerbook | 美甲 | ★★★★ | 暂无星级 | LG1 | fingerbook,ocr/input_videos\上海__白玉兰广场__20260826.mp4
OBS-000798,白玉兰广场,荷全保险资产管理有限公司,荷全保险资产管理有限公司,保险公司,,,商场内,unrated,False,explicitly_unrated,unrated,parsed,unrated_anchor,0.9998,0.9999,56,8196,138.569,商场内 | 保险公司 | 暂无星级 | ★★★★★,荷全保险资产管理有限公司 | 商场内 | 保险公司 | 暂无星级 | ★★★★★ | 生活服务,ocr/input_videos\上海__白玉兰广场__20260826.mp4
OBS-000799,白玉兰广场,ROCOCO,ROCOCO,购物,,,LG1,unrated,False,explicitly_unrated,unrated,parsed,unrated_anchor,0.9929,0.9859,51,8196,138.569,购物 | LG1 | ★★★★★ | 暂无星级,ROCOCO | 购物 | LG1 | ★★★★★ | 暂无星级,ocr/input_videos\上海__白玉兰广场__20260826.mp4
OBS-000800,白玉兰广场,LINGA男士高定私属空间沙龙,LINGA男士高定私属空间沙龙,美发,,,LG2,unrated,False,explicitly_unrated,unrated,parsed,unrated_anchor,0.9962,0.9927,53,8232,139.178,美发 | LG2 | ★★★★★ | 暂无星级,LINGA男士高定私属空间沙龙 | 美发 | LG2 | ★★★★★ | 暂无星级 | ED | LNGRSRLON高男土 | 惠 | ￥388 | 【高定】 | 高级设计师男士... | ￥398,ocr/input_videos\上海__白玉兰广场__20260826.mp4
OBS-000801,白玉兰广场,全服回收,全服回收,手机数码回收,,,LG2,new_store,False,new_store,ocr_missing,parsed,metadata_anchor,0.9996,0.9995,56,8232,139.178,LG2 | 新店 | 手机数码回收,全服回收 | LG2 | 新店 | 手机数码回收 | 生活服务,ocr/input_videos\上海__白玉兰广场__20260826.mp4
OBS-000802,白玉兰广场,fingerbook,fingerbook,美甲,,,LG1,unrated,False,explicitly_unrated,unrated,parsed,unrated_anchor,0.9996,0.9994,65,8232,139.178,美甲 | LG1 | 🌟🌟🌟🌟🌟 | 暂无星级,fingerbook | 美甲 | LG1 | 🌟🌟🌟🌟🌟 | 暂无星级 | fingerbo,ocr/input_videos\上海__白玉兰广场__20260826.mp4
OBS-000803,白玉兰广场,荷全保险资产管理有限公司,荷全保险资产管理有限公司,保险公司,,,商场内,unrated,False,explicitly_unrated,unrated,parsed,unrated_anchor,0.9998,0.9998,54,8232,139.178,保险公司 | 商场内 | 🌟🌟💥🌟🌟 | 暂无星级,荷全保险资产管理有限公司 | 保险公司 | 商场内 | 🌟🌟💥🌟🌟 | 暂无星级 | 生活服务,ocr/input_videos\上海__白玉兰广场__20260826.mp4
OBS-000804,白玉兰广场,ROCOCO,ROCOCO,购物,,,LG1,unrated,False,explicitly_unrated,unrated,parsed,unrated_anchor,0.9975,0.995,52,8232,139.178,购物 | LG1 | ⭐🌟🌟 | 暂无星级,ROCOCO | 购物 | LG1 | ⭐🌟🌟 | 暂无星级 | 购物,ocr/input_videos\上海__白玉兰广场__20260826.mp4
OBS-000805,白玉兰广场,ADVITAM,ADVITAM,购物,,,L1,unrated,False,explicitly_unrated,unrated,parsed,unrated_anchor,0.9933,0.9867,47,8232,139.178,购物 | L1 | ★★★★★ | 暂无星级,ADVITAM | 购物 | L1 | ★★★★★ | 暂无星级,ocr/input_videos\上海__白玉兰广场__20260826.mp4
OBS-000806,白玉兰广场,fingerbook,fingerbook,美甲,,,LG1,unrated,False,explicitly_unrated,unrated,parsed,unrated_anchor,0.9996,0.9995,64,8304,140.395,美甲 | 暂无星级 | ★★★★★ | LG1,fingerbook | 美甲 | 暂无星级 | ★★★★★ | LG1 | fingerboo,ocr/input_videos\上海__白玉兰广场__20260826.mp4
OBS-000807,白玉兰广场,荷全保险资产管理有限公司,荷全保险资产管理有限公司,保险公司,,,商场内,unrated,False,explicitly_unrated,unrated,parsed,unrated_anchor,0.9999,0.9999,51,8304,140.395,商场内 | 暂无星级 | 保险公司 | ★★★★★,荷全保险资产管理有限公司 | 商场内 | 暂无星级 | 保险公司 | ★★★★★ | 生活服务,ocr/input_videos\上海__白玉兰广场__20260826.mp4
OBS-000808,白玉兰广场,ROCOCO,ROCOCO,购物,,,LG1,unrated,False,explicitly_unrated,unrated,parsed,unrated_anchor,0.9983,0.9967,45,8304,140.395,购物 | LG1 | ★★★★★ | 暂无星级,ROCOCO | 购物 | LG1 | ★★★★★ | 暂无星级 | 购物,ocr/input_videos\上海__白玉兰广场__20260826.mp4
OBS-000809,白玉兰广场,AD VITAM,ADVITAM,购物,,,L1,unrated,False,explicitly_unrated,unrated,parsed,unrated_anchor,0.9791,0.9583,44,8304,140.395,★🌟★★★ | 购物 | 暂无星级 | L1,AD VITAM | ★🌟★★★ | 购物 | 暂无星级 | L1,ocr/input_videos\上海__白玉兰广场__20260826.mp4
OBS-000810,白玉兰广场,招商银行24小时自助银行,招商银行24小时自助银行,ATM自助网点,,,L1,unrated,False,explicitly_unrated,unrated,parsed,unrated_anchor,0.9981,0.9986,53,8304,140.395,L1 | ★★★★★ | 暂无星级 | ATM自助网点,招商银行24小时自助银行 | L1 | ★★★★★ | 暂无星级 | ATM自助网点,ocr/input_videos\上海__白玉兰广场__20260826.mp4
OBS-000811,白玉兰广场,无印同学·图文照片·自助打印·广.,无印同学·图文照片·自助打印·广.,智能自助设施,,,L1,unrated,False,explicitly_unrated,unrated,parsed,unrated_anchor,0.9773,0.9551,56,8304,140.395,★★★★★ | 暂无星级 | 智能自助设施 | L1,无印同学·图文照片·自助打印·广. | 专业刻章 | 承接各种刻章 | ★★★★★ | 暂无星级 | 智能自助设施 | L1 | 电话沟递 | 加跑空,ocr/input_videos\上海__白玉兰广场__20260826.mp4
OBS-000812,白玉兰广场,荷全保险资产管理有限公司,荷全保险资产管理有限公司,保险公司,,,商场内,unrated,False,explicitly_unrated,unrated,parsed,unrated_anchor,0.9998,0.9999,59,8340,141.004,★🌟★★ | 商场内 | 暂无星级 | 保险公司,荷全保险资产管理有限公司 | ★🌟★★ | 商场内 | 暂无星级 | 保险公司 | 生活服务,ocr/input_videos\上海__白玉兰广场__20260826.mp4
OBS-000813,白玉兰广场,ROCOCO,ROCOCO,购物,,,LG1,unrated,False,explicitly_unrated,unrated,parsed,unrated_anchor,0.9975,0.9951,46,8340,141.004,购物 | ★★★★★ | 暂无星级 | LG1,ROCOCO | 购物 | ★★★★★ | 暂无星级 | LG1 | 购物,ocr/input_videos\上海__白玉兰广场__20260826.mp4
OBS-000814,白玉兰广场,ADVITAM,ADVITAM,购物,,,L1,unrated,False,explicitly_unrated,unrated,parsed,unrated_anchor,0.995,0.99,47,8340,141.004,购物 | ★★★★★ | L1 | 暂无星级,ADVITAM | 购物 | ★★★★★ | L1 | 暂无星级,ocr/input_videos\上海__白玉兰广场__20260826.mp4
OBS-000815,白玉兰广场,招商银行24小时自助银行,招商银行24小时自助银行,ATM自助网点,,,L1,unrated,False,explicitly_unrated,unrated,parsed,unrated_anchor,0.9946,0.9982,53,8340,141.004,⭐🌟🌟🌟 | 暂无星级 | ATM自助网点 | L1,招商银行24小时自助银行 | ⭐🌟🌟🌟 | 暂无星级 | ATM自助网点 | L1,ocr/input_videos\上海__白玉兰广场__20260826.mp4
OBS-000816,白玉兰广场,无印同学·图文照片·自助打印·广,无印同学·图文照片·自助打印·广,智能自助设施,,,L1,unrated,False,explicitly_unrated,unrated,parsed,unrated_anchor,0.9883,0.9773,55,8340,141.004,智能自助设施 | ★★★★★ | 暂无星级 | L1,无印同学·图文照片·自助打印·广 | 专业刻章 | 。 | 承接各种刻章 | 智能自助设施 | ★★★★★ | 暂无星级 | L1 | 电话沟通 | 加跑空,ocr/input_videos\上海__白玉兰广场__20260826.mp4
OBS-000817,白玉兰广场,MAXX PLAY运动潮流集合店,MAXXPLAY运动潮流集合店,运动户外,,,LG1,unrated,False,explicitly_unrated,unrated,parsed,unrated_anchor,0.9867,0.9738,53,8340,141.004,运动户外 | 🌟🌟🌟🌟 | LG1 | 暂无星级,MAXX PLAY运动潮流集合店 | HAXXPLAY运动测流集合人 | 运动户外 | 🌟🌟🌟🌟 | LG1 | 暂无星级,ocr/input_videos\上海__白玉兰广场__20260826.mp4
OBS-000818,白玉兰广场,荷全保险资产管理有限公司,荷全保险资产管理有限公司,保险公司,,,商场内,unrated,False,explicitly_unrated,unrated,parsed,unrated_anchor,0.9998,0.9997,51,8352,141.207,商场内 | ★★★★★ | 暂无星级 | 保险公司,荷全保险资产管理有限公司 | 商场内 | ★★★★★ | 暂无星级 | 保险公司 | 生活服务,ocr/input_videos\上海__白玉兰广场__20260826.mp4
OBS-000819,白玉兰广场,ROCOCO,ROCOCO,购物,,,LG1,unrated,False,explicitly_unrated,unrated,parsed,unrated_anchor,0.9983,0.9967,48,8352,141.207,购物 | LG1 | 暂无星级 | ★★★★★,ROCOCO | 购物 | LG1 | 暂无星级 | ★★★★★ | 购物,ocr/input_videos\上海__白玉兰广场__20260826.mp4
OBS-000820,白玉兰广场,ADVITAM,ADVITAM,购物,,,L1,unrated,False,explicitly_unrated,unrated,parsed,unrated_anchor,0.9962,0.9924,48,8352,141.207,购物 | L1 | ★★★★★ | 暂无星级,ADVITAM | 购物 | L1 | ★★★★★ | 暂无星级,ocr/input_videos\上海__白玉兰广场__20260826.mp4
OBS-000821,白玉兰广场,招商银行24小时自助银行,招商银行24小时自助银行,ATM自助网点,,,L1,unrated,False,explicitly_unrated,unrated,parsed,unrated_anchor,0.9975,0.9987,50,8352,141.207,★★★★★ | 暂无星级 | ATM自助网点 | L1,招商银行24小时自助银行 | ★★★★★ | 暂无星级 | ATM自助网点 | L1,ocr/input_videos\上海__白玉兰广场__20260826.mp4
OBS-000822,白玉兰广场,无印同学·图文照片·自助打印·广..,无印同学·图文照片·自助打印·广,智能自助设施,,,L1,unrated,False,explicitly_unrated,unrated,parsed,unrated_anchor,0.9692,0.9387,57,8352,141.207,★★★★★ | L1 | 暂无星级 | 智能自助设施,无印同学·图文照片·自助打印·广.. | 专业刻章 | 承接各种刻章 | ★★★★★ | L1 | 暂无星级 | 智能自助设施 | 电话沟通 | 加跑空,ocr/input_videos\上海__白玉兰广场__20260826.mp4
OBS-000823,白玉兰广场,MAXX PLAY运动潮流集合店,MAXXPLAY运动潮流集合店,运动户外,,,LG1,unrated,False,explicitly_unrated,unrated,parsed,unrated_anchor,0.9835,0.9675,57,8352,141.207,LG1 | 暂无星级 | 运动户外 | ★★★★★,MAXX PLAY运动潮流集合店 | 运动潮流集合 | HAXXPLAY | LG1 | 暂无星级 | 运动户外 | ★★★★★,ocr/input_videos\上海__白玉兰广场__20260826.mp4
OBS-000824,白玉兰广场,荷全保险资产管理有限公司,荷全保险资产管理有限公司,保险公司,,,商场内,unrated,False,explicitly_unrated,unrated,parsed,unrated_anchor,0.9999,0.9999,50,8376,141.612,★★★★★ | 商场内 | 暂无星级 | 保险公司,荷全保险资产管理有限公司 | ★★★★★ | 商场内 | 暂无星级 | 保险公司 | 生活服务,ocr/input_videos\上海__白玉兰广场__20260826.mp4
OBS-000825,白玉兰广场,ROCOCO,ROCOCO,购物,,,LG1,unrated,False,explicitly_unrated,unrated,parsed,unrated_anchor,0.9982,0.9964,45,8376,141.612,购物 | ★★★★★ | 暂无星级 | LG1,ROCOCO | 购物 | ★★★★★ | 暂无星级 | LG1 | 购物,ocr/input_videos\上海__白玉兰广场__20260826.mp4
OBS-000826,白玉兰广场,AD VITAM,ADVITAM,购物,,,L1,unrated,False,explicitly_unrated,unrated,parsed,unrated_anchor,0.973,0.946,45,8376,141.612,购物 | L1 | 🌟🌟🌟🌟🌟 | 暂无星级,AD VITAM | 购物 | L1 | 🌟🌟🌟🌟🌟 | 暂无星级,ocr/input_videos\上海__白玉兰广场__20260826.mp4
OBS-000827,白玉兰广场,招商银行24小时自助银行,招商银行24小时自助银行,ATM自助网点,,,L1,unrated,False,explicitly_unrated,unrated,parsed,unrated_anchor,0.9983,0.9988,51,8376,141.612,L1 | 暂无星级 | ATM自助网点 | ★★★★★,招商银行24小时自助银行 | L1 | 暂无星级 | ATM自助网点 | ★★★★★,ocr/input_videos\上海__白玉兰广场__20260826.mp4
OBS-000828,白玉兰广场,无印同学·图文照片·自助打印·广.,无印同学·图文照片·自助打印·广.,智能自助设施,,,L1,unrated,False,explicitly_unrated,unrated,parsed,unrated_anchor,0.9693,0.939,54,8376,141.612,智能自助设施 | 🌟🌟🌟🌟🌟 | L1 | 暂无星级,无印同学·图文照片·自助打印·广. | 专业刻章 | 承接各种刻章 | 智能自助设施 | 🌟🌟🌟🌟🌟 | L1 | 暂无星级 | 电话沟通 | 加跑空,ocr/input_videos\上海__白玉兰广场__20260826.mp4
OBS-000829,白玉兰广场,MAXX PLAY运动潮流集合店,MAXXPLAY运动潮流集合店,运动户外,,,LG1,unrated,False,explicitly_unrated,unrated,parsed,unrated_anchor,0.9864,0.9736,57,8376,141.612,★★★★★ | LG1 | 暂无星级 | 运动户外,MAXX PLAY运动潮流集合店 | 运动潮流集合人 | MAXXPLAY | ★★★★★ | LG1 | 暂无星级 | 运动户外,ocr/input_videos\上海__白玉兰广场__20260826.mp4
OBS-000830,白玉兰广场,招商银行24小时自助银行,招商银行24小时自助银行,ATM自助网点,,,L1,unrated,False,explicitly_unrated,unrated,parsed,unrated_anchor,0.9974,0.998,51,8448,142.83,⭐🌟🌟🌟⭐ | L1 | 暂无星级 | ATM自助网点,招商银行24小时自助银行 | ⭐🌟🌟🌟⭐ | L1 | 暂无星级 | ATM自助网点,ocr/input_videos\上海__白玉兰广场__20260826.mp4
OBS-000831,白玉兰广场,无印同学·图文照片·自助打印·广..,无印同学·图文照片·自助打印·广,智能自助设施,,,L1,unrated,False,explicitly_unrated,unrated,parsed,unrated_anchor,0.9716,0.9436,54,8448,142.83,★★★★★ | 暂无星级 | L1 | 智能自助设施,无印同学·图文照片·自助打印·广.. | 专业刻章 | 承接各种刻章 | ★★★★★ | 暂无星级 | L1 | 智能自助设施 | 电话沟道 | 加跑空,ocr/input_videos\上海__白玉兰广场__20260826.mp4
OBS-000832,白玉兰广场,MAXX PLAY运动潮流集合店,MAXXPLAY运动潮流集合店,运动户外,,,LG1,unrated,False,explicitly_unrated,unrated,parsed,unrated_anchor,0.9872,0.9753,54,8448,142.83,LG1 | ★★★ | 暂无星级 | 运动户外,MAXX PLAY运动潮流集合店 | HAXXPLAY运动涮流集合 | LG1 | ★★★ | 暂无星级 | 运动户外,ocr/input_videos\上海__白玉兰广场__20260826.mp4
OBS-000833,白玉兰广场,上海白玉兰广场购物中心,上海白玉兰广场购物中心,购物,,,商场内,unrated,False,explicitly_unrated,unrated,parsed,unrated_anchor,0.9993,0.9986,51,8448,142.83,商场内 | 购物 | ★★★★★ | 暂无星级,上海白玉兰广场购物中心 | 商场内 | 购物 | ★★★★★ | 暂无星级,ocr/input_videos\上海__白玉兰广场__20260826.mp4
OBS-000834,白玉兰广场,上海麦迪生利私募基金管理有限公司,上海麦迪生利私募基金管理有限公司,证券投资,,,L5,new_store,False,new_store,ocr_missing,parsed,metadata_anchor,0.9995,0.9994,51,8448,142.83,新店 | 证券投资 | L5,上海麦迪生利私募基金管理有限公司 | 新店 | 证券投资 | L5 | 生活服务,ocr/input_videos\上海__白玉兰广场__20260826.mp4
OBS-000835,白玉兰广场,白色理发店,白色理发店,美发,,,LG2,new_store,False,new_store,ocr_missing,parsed,metadata_anchor,0.9996,0.9994,53,8448,142.83,美发 | 新店 | LG2,白色理发店 | 美发 | 新店 | LG2 | 美发,ocr/input_videos\上海__白玉兰广场__20260826.mp4
OBS-000836,白玉兰广场,无印同学·图文照片·自助打印·广.,无印同学·图文照片·自助打印·广.,智能自助设施,,,L1,unrated,False,explicitly_unrated,unrated,parsed,unrated_anchor,0.9718,0.9443,50,8484,143.438,★★★★★ | 暂无星级 | L1 | 智能自助设施,无印同学·图文照片·自助打印·广. | 专业刻章 | 承接各种刻章 | ★★★★★ | 暂无星级 | L1 | 智能自助设施 | 电话沟通,ocr/input_videos\上海__白玉兰广场__20260826.mp4
OBS-000837,白玉兰广场,MAXX PLAY运动潮流集合店,MAXXPLAY运动潮流集合店,运动户外,,,LG1,unrated,False,explicitly_unrated,unrated,parsed,unrated_anchor,0.9855,0.9717,51,8484,143.438,LG1 | ★★★★★ | 暂无星级 | 运动户外,MAXX PLAY运动潮流集合店 | HAXXPLAY运动测流集合 | LG1 | ★★★★★ | 暂无星级 | 运动户外,ocr/input_videos\上海__白玉兰广场__20260826.mp4
OBS-000838,白玉兰广场,上海白玉兰广场购物中心,上海白玉兰广场购物中心,购物,,,商场内,unrated,False,explicitly_unrated,unrated,parsed,unrated_anchor,0.9993,0.9987,51,8484,143.438,商场内 | 购物 | ★★★★★ | 暂无星级,上海白玉兰广场购物中心 | 商场内 | 购物 | ★★★★★ | 暂无星级,ocr/input_videos\上海__白玉兰广场__20260826.mp4
OBS-000839,白玉兰广场,上海麦迪生利私募基金管理有限公司,上海麦迪生利私募基金管理有限公司,证券投资,,,L5,new_store,False,new_store,ocr_missing,parsed,metadata_anchor,0.9992,0.9989,50,8484,143.438,新店 | 证券投资 | L5,上海麦迪生利私募基金管理有限公司 | 新店 | 证券投资 | L5 | 生活服务,ocr/input_videos\上海__白玉兰广场__20260826.mp4
OBS-000840,白玉兰广场,白色理发店,白色理发店,美发,,,LG2,new_store,False,new_store,ocr_missing,parsed,metadata_anchor,0.9998,0.9997,52,8484,143.438,美发 | LG2 | 新店,白色理发店 | 美发 | LG2 | 新店 | 美发,ocr/input_videos\上海__白玉兰广场__20260826.mp4
OBS-000841,白玉兰广场,因诺(上海)资产管理有限公司,因诺(上海)资产管理有限公司,,,,商场内,unrated,False,explicitly_unrated,unrated,missing,unrated_anchor,0.9619,0.9619,51,8484,143.438,商场内 | ★★★★★ | 暂无星级 | 金融服务,因诺(上海)资产管理有限公司 | 商场内 | ★★★★★ | 暂无星级 | 金融服务 | 生活服务,ocr/input_videos\上海__白玉兰广场__20260826.mp4
OBS-000842,白玉兰广场,无印同学·图文照片·自助打印·广.,无印同学·图文照片·自助打印·广.,智能自助设施,,,L1,unrated,False,explicitly_unrated,unrated,parsed,unrated_anchor,0.9669,0.9341,50,8508,143.844,L1 | 🌟🌟🌟🌟 | 暂无星级 | 智能自助设施,专业刻章 | 无印同学·图文照片·自助打印·广. | 承接各种刻章 | L1 | 🌟🌟🌟🌟 | 暂无星级 | 智能自助设施 | 电话沟通 | 加跑空,ocr/input_videos\上海__白玉兰广场__20260826.mp4
OBS-000843,白玉兰广场,MAXX PLAY运动潮流集合店,MAXXPLAY运动潮流集合店,运动户外,,,LG1,unrated,False,explicitly_unrated,unrated,parsed,unrated_anchor,0.9892,0.9788,54,8508,143.844,暂无星级 | 运动户外 | ★★★★★ | LG1,MAXX PLAY运动潮流集合店 | 运动潮流集合） | MAXXPLAY | 暂无星级 | 运动户外 | ★★★★★ | LG1,ocr/input_videos\上海__白玉兰广场__20260826.mp4
OBS-000844,白玉兰广场,上海白玉兰广场购物中心,上海白玉兰广场购物中心,购物,,,商场内,unrated,False,explicitly_unrated,unrated,parsed,unrated_anchor,0.9996,0.9993,56,8508,143.844,购物 | 商场内 | ★★★★★ | 暂无星级,上海白玉兰广场购物中心 | 购物 | 商场内 | ★★★★★ | 暂无星级,ocr/input_videos\上海__白玉兰广场__20260826.mp4
OBS-000845,白玉兰广场,上海麦迪生利私募基金管理有限公司,上海麦迪生利私募基金管理有限公司,证券投资,,,L5,new_store,False,new_store,ocr_missing,parsed,metadata_anchor,0.9995,0.9991,51,8508,143.844,新店 | 证券投资 | L5,上海麦迪生利私募基金管理有限公司 | 新店 | 证券投资 | L5 | 生活服务,ocr/input_videos\上海__白玉兰广场__20260826.mp4
OBS-000846,白玉兰广场,白色理发店,白色理发店,美发,,,LG2,new_store,False,new_store,ocr_missing,parsed,metadata_anchor,0.9996,0.9994,56,8508,143.844,美发 | LG2 | 新店,白色理发店 | 美发 | LG2 | 新店 | 美发,ocr/input_videos\上海__白玉兰广场__20260826.mp4
OBS-000847,白玉兰广场,因诺(上海)资产管理有限公司,因诺(上海)资产管理有限公司,,,,商场内,unrated,False,explicitly_unrated,unrated,missing,unrated_anchor,0.9594,0.9594,56,8508,143.844,商场内 | 🌟🌟⭐🌟🌟 | 暂无星级 | 金融服务,因诺(上海)资产管理有限公司 | 商场内 | 🌟🌟⭐🌟🌟 | 暂无星级 | 金融服务 | 生活服务,ocr/input_videos\上海__白玉兰广场__20260826.mp4
OBS-000848,白玉兰广场,上海白玉兰广场购物中心,上海白玉兰广场购物中心,购物,,,商场内,unrated,False,explicitly_unrated,unrated,parsed,unrated_anchor,0.9984,0.9968,55,8556,144.656,购物 | 商场内 | 暂无星级 | ★★★★★,上海白玉兰广场购物中心 | 购物 | 商场内 | 暂无星级 | ★★★★★,ocr/input_videos\上海__白玉兰广场__20260826.mp4
OBS-000849,白玉兰广场,上海麦迪生利私募基金管理有限公司,上海麦迪生利私募基金管理有限公司,证券投资,,,L5,new_store,False,new_store,ocr_missing,parsed,metadata_anchor,0.9994,0.999,59,8556,144.656,新店 | 证券投资 | L5,上海麦迪生利私募基金管理有限公司 | 新店 | 证券投资 | L5 | 生活服务,ocr/input_videos\上海__白玉兰广场__20260826.mp4
OBS-000850,白玉兰广场,白色理发店,白色理发店,美发,,,LG2,new_store,False,new_store,ocr_missing,parsed,metadata_anchor,0.9997,0.9996,59,8556,144.656,美发 | 新店 | LG2,白色理发店 | 美发 | 新店 | LG2 | 美发,ocr/input_videos\上海__白玉兰广场__20260826.mp4
OBS-000851,白玉兰广场,因诺(上海)资产管理有限公司,因诺(上海)资产管理有限公司,,,,商场内,unrated,False,explicitly_unrated,unrated,missing,unrated_anchor,0.9443,0.9443,54,8556,144.656,商场内 | ⭐🌟🌟🌟🌟 | 暂无星级 | 金融服务,因诺(上海)资产管理有限公司 | 商场内 | ⭐🌟🌟🌟🌟 | 暂无星级 | 金融服务 | 生活服务,ocr/input_videos\上海__白玉兰广场__20260826.mp4
OBS-000852,白玉兰广场,母婴室,母婴室,,,,LG2,unrated,False,explicitly_unrated,unrated,missing,unrated_anchor,0.9951,0.9951,58,8556,144.656,LG2 | ★★★★★ | 暂无星级 | 生活服务,母婴室 | LG2 | ★★★★★ | 暂无星级 | 生活服务 | 生活服务,ocr/input_videos\上海__白玉兰广场__20260826.mp4
OBS-000853,白玉兰广场,银河期货有限公司,银河期货有限公司,证券投资,,,商场内,unrated,False,explicitly_unrated,unrated,parsed,unrated_anchor,0.9996,0.9995,50,8556,144.656,商场内 | ★★★★★ | 证券投资 | 暂无星级,银河期货有限公司 | 商场内 | ★★★★★ | 证券投资 | 暂无星级,ocr/input_videos\上海__白玉兰广场__20260826.mp4
OBS-000854,白玉兰广场,白色理发店,白色理发店,美发,,,LG2,new_store,False,new_store,ocr_missing,parsed,metadata_anchor,0.9995,0.9994,56,8592,145.264,美发 | LG2 | 新店,白色理发店 | 美发 | LG2 | 新店 | 美发,ocr/input_videos\上海__白玉兰广场__20260826.mp4
OBS-000855,白玉兰广场,因诺(上海)资产管理有限公司,因诺(上海)资产管理有限公司,,,,商场内,unrated,False,explicitly_unrated,unrated,missing,unrated_anchor,0.9448,0.9448,56,8592,145.264,商场内 | ★★★★★ | 暂无星级 | 金融服务,因诺(上海)资产管理有限公司 | 商场内 | ★★★★★ | 暂无星级 | 金融服务 | 生活服务,ocr/input_videos\上海__白玉兰广场__20260826.mp4
OBS-000856,白玉兰广场,母婴室,母婴室,,,,LG2,unrated,False,explicitly_unrated,unrated,missing,unrated_anchor,0.9878,0.9878,61,8592,145.264,暂无星级 | ★★★★★ | 生活服务 | LG2,母婴室 | 暂无星级 | ★★★★★ | 生活服务 | LG2 | 生活服务,ocr/input_videos\上海__白玉兰广场__20260826.mp4
OBS-000857,白玉兰广场,银河期货有限公司,银河期货有限公司,证券投资,,,商场内,unrated,False,explicitly_unrated,unrated,parsed,unrated_anchor,0.9995,0.9994,50,8592,145.264,商场内 | 暂无星级 | 证券投资 | ★★★★★,银河期货有限公司 | 商场内 | 暂无星级 | 证券投资 | ★★★★★ | 生活服务,ocr/input_videos\上海__白玉兰广场__20260826.mp4
OBS-000858,白玉兰广场,JUST·FOTO 大头贴自助店,JUST·FOTO大头贴自助店,自拍/..,,53,L3,unrated,False,explicitly_unrated,unrated,parsed,unrated_anchor,0.9256,0.9699,54,8592,145.264,自拍/.. | ★★★★★ | 暂无星级 | ￥53/人L3,JUST·FOTO 大头贴自助店 | CUIC大KE | O EIWB | 自拍/.. | ★★★★★ | 暂无星级 | ￥53/人L3 | 808=30 | HUST | 武美站 | 佳,ocr/input_videos\上海__白玉兰广场__20260826.mp4
OBS-000859,白玉兰广场,乐摩吧,乐摩吧,智...,,20,商场内,unrated,False,explicitly_unrated,unrated,parsed,unrated_anchor,0.9791,1.0,61,8592,145.264,智… | ★★★★★ | 暂无星级 | ￥20/人商场内,乐摩吧 | 乐摩吃粉） | 怡汽营5 | 智… | ★★★★★ | 暂无星级 | ￥20/人商场内 | 乐摩吧 | 米 | LEMOBAR,ocr/input_videos\上海__白玉兰广场__20260826.mp4
OBS-000860,白玉兰广场,白色理发店,白色理发店,美发,,,LG2,new_store,False,new_store,ocr_missing,parsed,metadata_anchor,0.9996,0.9995,52,8616,145.67,美发 | 新店 | LG2,白色理发店 | 美发 | 新店 | LG2 | 美发,ocr/input_videos\上海__白玉兰广场__20260826.mp4
OBS-000861,白玉兰广场,因诺（上海)资产管理有限公司,因诺(上海)资产管理有限公司,,,,商场内,unrated,False,explicitly_unrated,unrated,missing,unrated_anchor,0.9374,0.9374,52,8616,145.67,暂无星级 | 商场内 | ★★★★★ | 金融服务,因诺（上海)资产管理有限公司 | 暂无星级 | 商场内 | ★★★★★ | 金融服务 | 生活服务,ocr/input_videos\上海__白玉兰广场__20260826.mp4
OBS-000862,白玉兰广场,母婴室,母婴室,,,,LG2,unrated,False,explicitly_unrated,unrated,missing,unrated_anchor,0.9859,0.9859,57,8616,145.67,LG2 | ⭐🌟🌟🌟🌟 | 生活服务 | 暂无星级,母婴室 | LG2 | ⭐🌟🌟🌟🌟 | 生活服务 | 暂无星级 | 生活服务,ocr/input_videos\上海__白玉兰广场__20260826.mp4
OBS-000863,白玉兰广场,银河期货有限公司,银河期货有限公司,证券投资,,,商场内,unrated,False,explicitly_unrated,unrated,parsed,unrated_anchor,0.9994,0.999,53,8616,145.67,商场内 | 证券投资 | 🌟🌟🌟🌟🌟 | 暂无星级,银河期货有限公司 | 商场内 | 证券投资 | 🌟🌟🌟🌟🌟 | 暂无星级 | 生活服务,ocr/input_videos\上海__白玉兰广场__20260826.mp4
OBS-000864,白玉兰广场,JUST·FOTO 大头贴自助店,JUST·FOTO大头贴自助店,自拍/..,,53,L3,unrated,False,explicitly_unrated,unrated,parsed,unrated_anchor,0.8911,0.9696,54,8616,145.67,自拍/.. | 🌟🌟🎉🎉🌟 | 暂无星级 | ￥53/人L3,JUST·FOTO 大头贴自助店 | 大长起 | 自拍/.. | 🌟🌟🎉🎉🌟 | 暂无星级 | ￥53/人L3 | 60141 | JUST | FOTO | 方民站 | 老,ocr/input_videos\上海__白玉兰广场__20260826.mp4
OBS-000865,白玉兰广场,乐摩吧,乐摩吧,智...,,20,商场内,unrated,False,explicitly_unrated,unrated,parsed,unrated_anchor,0.9118,1.0,55,8616,145.67,￥20/人商场内 | 🌟★★ | 暂无星级 | 智…,乐摩吧 | 乐莱电 | 原羽菜 | 兴 | ￥20/人商场内 | 🌟★★ | 暂无星级 | 智… | 乐摩吧 | 米 | LEMOBAR,ocr/input_videos\上海__白玉兰广场__20260826.mp4
OBS-000866,白玉兰广场,因诺(上海)资产管理有限公司,因诺(上海)资产管理有限公司,,,,商场内,unrated,False,explicitly_unrated,unrated,missing,unrated_anchor,0.9731,0.9731,51,8664,146.482,★🌟★★★ | 商场内 | 金融服务 | 暂无星级,因诺(上海)资产管理有限公司 | ★🌟★★★ | 商场内 | 金融服务 | 暂无星级 | 生活服务,ocr/input_videos\上海__白玉兰广场__20260826.mp4
OBS-000867,白玉兰广场,母婴室,母婴室,,,,LG2,unrated,False,explicitly_unrated,unrated,missing,unrated_anchor,0.914,0.914,55,8664,146.482,生活服务 | LG2 | 暂无星级 | ★★★★★,母婴室 | 生活服务 | LG2 | 暂无星级 | ★★★★★ | 生活服务,ocr/input_videos\上海__白玉兰广场__20260826.mp4
OBS-000868,白玉兰广场,银河期货有限公司,银河期货有限公司,证券投资,,,商场内,unrated,False,explicitly_unrated,unrated,parsed,unrated_anchor,0.9996,0.9995,51,8664,146.482,暂无星级 | 商场内 | ★★★★★ | 证券投资,银河期货有限公司 | 暂无星级 | 商场内 | ★★★★★ | 证券投资 | 生活服务,ocr/input_videos\上海__白玉兰广场__20260826.mp4
OBS-000869,白玉兰广场,JUST·FOTO 大头贴自助店,JUST·FOTO大头贴自助店,自拍/..,,53,L3,unrated,False,explicitly_unrated,unrated,parsed,unrated_anchor,0.91,0.9616,50,8664,146.482,自拍/.. | 暂无星级 | ★★★★★ | ￥53/人L3,JUST·FOTO 大头贴自助店 | 园大 | D | 自拍/.. | 暂无星级 | ★★★★★ | ￥53/人L3 | 038630 | HUST | 大头站 | 佳,ocr/input_videos\上海__白玉兰广场__20260826.mp4
OBS-000870,白玉兰广场,乐摩吧,乐摩吧,智...,,20,商场内,unrated,False,explicitly_unrated,unrated,parsed,unrated_anchor,0.918,1.0,57,8664,146.482,智… | 暂无星级 | ￥20/人商场内 | ★★★★★,乐摩吧 | （乐摩电器） | 承机品康 | 活R公 | 智… | 暂无星级 | ￥20/人商场内 | ★★★★★ | 乐摩吧 | 米 | LEMOBAR,ocr/input_videos\上海__白玉兰广场__20260826.mp4
OBS-000871,白玉兰广场,乐摩吧,乐摩吧,智能按...,,20,L3,unrated,False,explicitly_unrated,unrated,parsed,unrated_anchor,0.8845,1.0,61,8664,146.482,⭐🌟🌟🌟🌟 | ￥20/人L3 | 暂无星级 | 智能按...,乐摩吧 | 常讯菜 | （乐库吃） | 德真费 | ⭐🌟🌟🌟🌟 | ￥20/人L3 | 暂无星级 | 智能按... | 乐摩吧 | LEMOBAR,ocr/input_videos\上海__白玉兰广场__20260826.mp4
OBS-000872,白玉兰广场,母婴室,母婴室,,,,LG2,unrated,False,explicitly_unrated,unrated,missing,unrated_anchor,0.9881,0.9881,55,8676,146.684,暂无星级 | ★★★★ | 生活服务 | LG2,母婴室 | 暂无星级 | ★★★★ | 生活服务 | LG2 | 生活服务,ocr/input_videos\上海__白玉兰广场__20260826.mp4
OBS-000873,白玉兰广场,银河期货有限公司,银河期货有限公司,证券投资,,,商场内,unrated,False,explicitly_unrated,unrated,parsed,unrated_anchor,0.9995,0.9992,48,8676,146.684,商场内 | 暂无星级 | 证券投资 | ★★★★★,银河期货有限公司 | 商场内 | 暂无星级 | 证券投资 | ★★★★★ | 生活服务,ocr/input_videos\上海__白玉兰广场__20260826.mp4
OBS-000874,白玉兰广场,JUST·FOTO大头贴自助店,JUST·FOTO大头贴自助店,自拍/.,,53,L3,unrated,False,explicitly_unrated,unrated,parsed,unrated_anchor,0.9348,0.9867,50,8676,146.684,★★★★ | 暂无星级 | 自拍/. | ￥53/人L3,JUST·FOTO大头贴自助店 | 园大先匙 | ON HFET. | ★★★★ | 暂无星级 | 自拍/. | ￥53/人L3 | 0021680 | JUST. | FOTO | 大头贴 | 毛,ocr/input_videos\上海__白玉兰广场__20260826.mp4
OBS-000875,白玉兰广场,乐摩吧,乐摩吧,智.,,20,商场内,unrated,False,explicitly_unrated,unrated,parsed,unrated_anchor,0.859,1.0,57,8676,146.684,￥20/人商场内 | ★★★★★ | 暂无星级 | 智.,乐摩吧 | 乐摩电器 | ￥20/人商场内 | ★★★★★ | 暂无星级 | 智. | 乐摩吧 | 米 | LEMOBAR,ocr/input_videos\上海__白玉兰广场__20260826.mp4
OBS-000876,白玉兰广场,乐摩吧,乐摩吧,智能按.,,20,L3,unrated,False,explicitly_unrated,unrated,parsed,unrated_anchor,0.9426,1.0,61,8676,146.684,★★★★★ | 暂无星级 | ￥20/人L3 | 智能按.,乐摩吧 | 乐南吃器 | 家正品 | 信具营经 | ★★★★★ | 暂无星级 | ￥20/人L3 | 智能按. | 乐摩吧 | LEMOBAR,ocr/input_videos\上海__白玉兰广场__20260826.mp4
OBS-000877,白玉兰广场,乐摩吧,乐摩吧,智...,,20,商场内,unrated,False,explicitly_unrated,unrated,parsed,unrated_anchor,0.9791,1.0,61,8676,146.684,★★★ | ￥20/人商场内 | 智… | 暂无星级,乐摩吧 | （乐牌电） | 深丹部乐 | 德真卖 | ★★★ | ￥20/人商场内 | 智… | 暂无星级 | 乐摩吧 | LEMOBAR,ocr/input_videos\上海__白玉兰广场__20260826.mp4
OBS-000878,白玉兰广场,银河期货有限公司,银河期货有限公司,证券投资,,,商场内,unrated,False,explicitly_unrated,unrated,parsed,unrated_anchor,0.9996,0.9994,48,8724,147.496,商场内 | 暂无星级 | 证券投资 | ★★★,银河期货有限公司 | 商场内 | 暂无星级 | 证券投资 | ★★★ | 生活服务,ocr/input_videos\上海__白玉兰广场__20260826.mp4
OBS-000879,白玉兰广场,JUST·FOTO 大头贴自助店,JUST·FOTO大头贴自助店,自拍/..,,53,L3,unrated,False,explicitly_unrated,unrated,parsed,unrated_anchor,0.9105,0.9679,56,8724,147.496,★★ | 暂无星级 | 自拍/.. | ￥53/人L3,JUST·FOTO 大头贴自助店 | 大先起 | 22. | ★★ | 暂无星级 | 自拍/.. | ￥53/人L3 | Co117 | JUST. | FOTO | 大头贴 | 手,ocr/input_videos\上海__白玉兰广场__20260826.mp4
OBS-000880,白玉兰广场,乐摩吧,乐摩吧,智...,,20,商场内,unrated,False,explicitly_unrated,unrated,parsed,unrated_anchor,0.9525,1.0,58,8724,147.496,★🌟★★★ | 暂无星级 | 智… | ￥20/人商场内,乐摩吧 | 摩电） | ★🌟★★★ | 暂无星级 | 智… | ￥20/人商场内 | 乐摩吧 | 米 | LEMOBAR,ocr/input_videos\上海__白玉兰广场__20260826.mp4
OBS-000881,白玉兰广场,乐摩吧,乐摩吧,智能按,,20,L3,unrated,False,explicitly_unrated,unrated,parsed,unrated_anchor,0.9983,1.0,55,8724,147.496,★★★★★ | ￥20/人L3 | 暂无星级 | 智能按,乐摩吧 | 乐原电器 | ★★★★★ | ￥20/人L3 | 暂无星级 | 智能按 | 乐摩吧 | 米 | LEMOBAR,ocr/input_videos\上海__白玉兰广场__20260826.mp4
OBS-000882,白玉兰广场,乐摩吧,乐摩吧,智...,,20,商场内,unrated,False,explicitly_unrated,unrated,parsed,unrated_anchor,0.939,1.0,60,8724,147.496,智… | ★★★★★ | 暂无星级 | ￥20/人商场内,乐摩吧 | （乐牌吃） | 费具营坊 | 智… | ★★★★★ | 暂无星级 | ￥20/人商场内 | 乐摩吧 | LEMOBAR | 已经到底啦~,ocr/input_videos\上海__白玉兰广场__20260826.mp4
