card_id,mall_name,merchant_name_raw,merchant_name_normalized,category_raw,rating,avg_price_yuan,floor_location,card_type,research_eligible,exclusion_reason,rating_status,category_status,detection_method,ocr_confidence,title_score,title_height,observations,name_variants,first_seen_sec,last_seen_sec,evidence_image,source_video,all_text,metadata_text,review_status,review_reason
CARD-0001,五角场万达广场,石物恋·烧肉,石物恋·烧肉,融合烤肉,4.4,78,F5,rated,True,,rated,parsed,rating_anchor,0.9757,0.9902,55,1,石物恋·烧肉,0.2,0.2,evidence/card_0001.jpg,ocr/input_videos\上海__五角场万达广场__20260825.mp4,石物恋·烧肉 | F5 | 🌟🌟🌟🌟 | 融合烤肉￥78/人 | 4.4 | 之 | 点评榜单 | 杨浦区融合烤肉好评榜第1名 | 10:30营业 | 亲切服务，烤得恰到好处 | ≤ | 1 | ￥198 | 6.1折 | ￥326198超值双人餐 | 惠,F5 | 🌟🌟🌟🌟 | 融合烤肉￥78/人 | 4.4,建议复核,single_observation
CARD-0002,五角场万达广场,潮汕·草根牛肉档,潮汕·草根牛肉档,潮汕牛肉火锅,4.3,68,F1,rated,True,,rated,parsed,rating_anchor,0.9729,0.9792,51,3,潮汕·草根牛肉档,0.2,46.78,evidence/card_0002.jpg,ocr/input_videos\上海__五角场万达广场__20260825.mp4,潮汕·草根牛肉档 | 鲜肉现切 | ⭐🌟⭐⭐ | F1 | 4.3 | 潮汕牛肉火锅￥68/人 | ★ | 点评榜单 | 杨浦区潮汕牛肉火锅打卡人气榜第3名 | 四盘肉，沙茶酱调味，酸菜空口吃 | ≤ | 潮弘·草根牛肉档 | 惠 | ￥38.88.1折 | ￥48 | 牛肉粿条汤套餐 | ￥589.7折 | 惠 | ￥6060元代金券,⭐🌟⭐⭐ | F1 | 4.3 | 潮汕牛肉火锅￥68/人 | ★,结构完整,
CARD-0003,五角场万达广场,谭阿公顺德鸡煲饭双皮奶,谭阿公顺德鸡煲饭双皮奶,顺德菜,,,B1,new_store,False,new_store,ocr_missing,parsed,metadata_anchor,0.9873,0.9988,51,2,谭阿公顺德鸡煲饭双皮奶,0.2,5.65,evidence/card_0003.jpg,ocr/input_videos\上海__五角场万达广场__20260825.mp4,谭阿公顺德鸡煲饭双皮奶 | 新店 | B1 | 顺德菜￥35/ | 谭阿公 | 点评榜单 | 顺德理贷质复皮奶 | 杨浦区粤菜新店榜第1名 | ￥10.9 | ￥13顺德水牛奶双皮奶. | 8.4折 | 惠,新店 | B1 | 顺德菜￥35/,研究排除,
CARD-0004,五角场万达广场,文通冰室,文通冰室,茶餐厅,4.0,48,B1,rated,True,,rated,parsed,rating_anchor,0.9993,0.9999,55,4,文通冰室,0.2,8.07,evidence/card_0004.jpg,ocr/input_videos\上海__五角场万达广场__20260825.mp4,文通冰室 | 文通 | 🌟🌟🌟🌟 | B1 | 茶餐厅 | ￥48/人 | 4.0 | MEN TONG BRING SUTT | 冰室 | 点评榜单 | 杨浦区茶餐厅热门榜第1名 | 10:30营业 | 味道超赞，小熊冻柠茶，清爽解渴 | C | ￥46.9 | 8.1折 | ￥58 | 惠 | 【一周不重样】超值... | ￥9.99￥1010元代金券 | 惠,🌟🌟🌟🌟 | B1 | 茶餐厅 | ￥48/人 | 4.0,结构完整,
CARD-0005,五角场万达广场,万达影城,万达影城,电影院,4.8,,F3,rated,True,,rated,parsed,rating_anchor,0.9998,0.9997,56,3,万达影城,5.65,8.07,evidence/card_0005.jpg,ocr/input_videos\上海__五角场万达广场__20260825.mp4,万达影城 | 🌟🌟⭐🌟4.8 | 电影院 | F3 | 营业中,🌟🌟⭐🌟4.8 | 电影院 | F3,结构完整,
CARD-0006,五角场万达广场,音范智家,音范智家,智能家居,3.8,,F1,rated,True,,rated,parsed,rating_anchor,0.9997,0.9995,57,7,音范智家,5.65,211.12,evidence/card_0006.jpg,ocr/input_videos\上海__五角场万达广场__20260825.mp4,音范智家 | 音热健浆 | 智能家居 | 🌟💥★ | F1 | 3.8 | 点评榜单 | YINFANI | 杨浦区家具家居热门榜第3名 | 10:00营业 | ￥9.9￥69 | 惠 | 【沉浸式体验】高级HiFi试...,智能家居 | 🌟💥★ | F1 | 3.8,结构完整,
CARD-0007,五角场万达广场,避风塘,避风塘,茶餐厅,4.3,75,F4,rated,True,,rated,parsed,rating_anchor,0.9871,0.9985,63,4,避风塘,6.45,9.48,evidence/card_0007.jpg,ocr/input_videos\上海__五角场万达广场__20260825.mp4,避风塘 | ⭐🌟🌟🌟 | F4 | 4.3茶餐厅￥75/人 | 避风塘 | SINCE 1998 | 点评榜单 | 杨浦区茶餐厅环境榜第2名 | 老港味餐厅 | 10:00营业 | ￥5.9 | ￥15夏日饮品 | 4折 | 惠 | ￥979.7折 | 惠 | ￥100100元代金券,⭐🌟🌟🌟 | F4 | 4.3茶餐厅￥75/人,结构完整,
CARD-0008,五角场万达广场,草根夜档·潮汕老字号·小炒排档,草根夜档·潮汕老字号·小炒排档,潮汕菜,4.0,106,F1,rated,True,,rated,parsed,rating_anchor,0.9679,0.9795,51,5,草根夜档·潮汕老字号·小炒排档,6.45,9.48,evidence/card_0008.jpg,ocr/input_videos\上海__五角场万达广场__20260825.mp4,时会 | 草根夜档·潮汕老字号·小炒排档 | WOKHEI OE | 册 | ⭐🌟⭐⭐ | F1 | 潮汕菜￥106/人 | 4.0 | ★ | 点评榜单 | 杨浦区潮汕菜热门榜第3名 | 平鑫 | 測汕老字号 | 秋檔 | 5 | 这家新开的餐厅口味清淡 | ￥270 | ￥1565.8折 | 惠 | 【金奖】潮汕砂锅..,⭐🌟⭐⭐ | F1 | 潮汕菜￥106/人 | 4.0 | ★,结构完整,
CARD-0009,五角场万达广场,魅KTV·AI辅唱,魅KTV·AI辅唱,量贩式KTV,3.9,78,F2,rated,True,,rated,parsed,rating_anchor,0.9735,0.9831,51,3,魅KTV·AI辅唱,8.47,9.48,evidence/card_0009.jpg,ocr/input_videos\上海__五角场万达广场__20260825.mp4,魅KTV·AI辅唱 | (mei) | ⭐🎉⭐⭐3.9 | F2 | 量贩式KTV￥78/人 | 魅K | 杨浦区KTV销量榜第4名 | AI唱功雷达 | A10:00营业昌 | 设备新且干净，位置好找 | 2 | ￥228￥268萧帮福利-纯酒水-百威啤.. | 惠,⭐🎉⭐⭐3.9 | F2 | 量贩式KTV￥78/人,结构完整,
CARD-0010,五角场万达广场,水裹·汤泉,水裹·汤泉,洗浴中心,4.8,340,商场内,rated,True,,rated,parsed,rating_anchor,0.943,0.9193,53,7,水裹·汤泉 | 水里·汤泉,8.47,61.91,evidence/card_0010.jpg,ocr/input_videos\上海__五角场万达广场__20260825.mp4,水裹·汤泉 | 商场内 | 4.8洗浴中心￥340/人 | 🌟🌟★🌟🌟 | 点评榜单 | 2026年上榜玩乐地 | 营业中 | “温暖氤氲的汤泉，舒适放松” | 惠 | ￥298￥399 | 【榴莲自由】工作日16小...,商场内 | 4.8洗浴中心￥340/人 | 🌟🌟★🌟🌟,结构完整,
CARD-0011,五角场万达广场,味千拉面,味千拉面,日式面条,3.7,48,B1,rated,True,,rated,parsed,rating_anchor,0.9293,0.8848,53,3,味千拉面,8.87,11.09,evidence/card_0011.jpg,ocr/input_videos\上海__五角场万达广场__20260825.mp4,味千拉面 | 一碗5色， | 酸辣一夏 | 🌟🌟⭐🌟🌟 | 3.7日式面条￥48/人 | B1 | 10:00营业 | ￥49.99.8折 | ￥51 | 【热销】经典四选一 | 惠,🌟🌟⭐🌟🌟 | 3.7日式面条￥48/人 | B1,结构完整,
CARD-0012,五角场万达广场,大神太神·铁板烧,大神太神·铁板烧,日式铁板烧,4.3,109,F3,rated,True,,rated,parsed,rating_anchor,0.9835,0.9913,54,3,大神太神·铁板烧,11.09,14.12,evidence/card_0012.jpg,ocr/input_videos\上海__五角场万达广场__20260825.mp4,大神太神·铁板烧 | 🌟🌟🌟🎉⭐ | F3 | 4.3 | 日式铁板烧￥109/人 | 预 | 滋味醇厚而美妙，令人陶醉不已 | 1 | 10:30营业 | ￥7.9 | ￥20松饼冰淇淋 | 惠 | 4折 | ￥969.6折 | ￥100100元代金券 | 惠,🌟🌟🌟🎉⭐ | F3 | 4.3 | 日式铁板烧￥109/人,结构完整,
CARD-0013,五角场万达广场,咔乐鲸抓娃娃,咔乐鲸抓娃娃,娃娃屋,3.4,49,B1,rated,True,,rated,parsed,rating_anchor,0.9721,0.9775,51,3,咔乐鯨抓娃娃 | 咔乐鲸抓娃娃,11.09,14.12,evidence/card_0013.jpg,ocr/input_videos\上海__五角场万达广场__20260825.mp4,咔乐鲸抓娃娃 | B1 | 🌟🌟⭐ | 3.4娃娃屋￥49/人 | 杨浦区娃娃屋回头客榜第2名 | 10:00营业 | 娃娃品种丰富，抓总能出来” | ￥6001币1抓300枚娃... | ￥195.86.6折 | 惠,B1 | 🌟🌟⭐ | 3.4娃娃屋￥49/人,结构完整,
CARD-0014,五角场万达广场,奢收多·奢侈品名包名表回收,奢收多·奢侈品名包名表回收,奢侈品回收,4.9,,商场内,rated,True,,rated,parsed,rating_anchor,0.9971,0.9948,56,10,奢收多·奢侈品名包名表回收,11.09,192.37,evidence/card_0014.jpg,ocr/input_videos\上海__五角场万达广场__20260825.mp4,奢收多·奢侈品名包名表回收 | 奢收多 | 商场内 | ★★★★★4.9 | 奢侈品回收 | 奢俊品回收,商场内 | ★★★★★4.9 | 奢侈品回收,结构完整,
CARD-0015,五角场万达广场,鸟贵族·平价烧鸟,鸟贵族·平价烧鸟,日本料理,4.0,100,F3,rated,True,,rated,parsed,rating_anchor,0.9728,0.99,53,5,鸟贵族·平价烧鸟,13.11,16.53,evidence/card_0015.jpg,ocr/input_videos\上海__五角场万达广场__20260825.mp4,鸟贵族·平价烧鸟 | 烏貴族 | 🌟🌟⭐ | F3 | 4.0 | 日本料理￥100/人 | ★ | 点评榜单 | 五角场/大学路日本料理热门榜第3名 | TORIKIZOKU | 酱烤鸡腿肉和巨无霸鸡腿贵族少” | “ | ￥8.8 | ￥2.99 | 惠 | 3.4折 | 【秋冬抢购】卷心.. | ￥959.5折 | 惠 | ￥100100元代金券,🌟🌟⭐ | F3 | 4.0 | 日本料理￥100/人 | ★,结构完整,
CARD-0016,五角场万达广场,平成屋·Late Night食堂,平成屋·LateNight食堂,日本料理,4.2,109,F1,rated,True,,rated,parsed,rating_anchor,0.9774,0.9554,54,3,平成屋·Late Night食堂,14.92,16.53,evidence/card_0016.jpg,ocr/input_videos\上海__五角场万达广场__20260825.mp4,平成屋·Late Night食堂 | R | 嘉千西 | F1 | 🌟🌟🌟 | 4.2 | 日本料理 | ￥109/人 | ★ | 点评榜单 | 杨浦区日本料理打卡人气榜第3名 | 中的味道人的味道扫理的味道 | 8.1折 | ￥249.9 | 惠 | ￥310.6 | 五角场 | 【期间限.. | ￥757.5折 | 惠 | ￥100 | 100元... | 【晚市特惠】1,F1 | 🌟🌟🌟 | 4.2 | 日本料理 | ￥109/人 | ★,结构完整,
CARD-0017,五角场万达广场,新东方学习规划,新东方学习规划,课后辅导,4.5,,F2,rated,True,,rated,parsed,rating_anchor,0.9992,0.9993,51,11,新东方学习规划,14.92,148.61,evidence/card_0017.jpg,ocr/input_videos\上海__五角场万达广场__20260825.mp4,新东方学习规划 | 新东疗 | 金秋后航 | 🌟🌟⭐🌟🌟 | F2 | 课后辅导 | 4.5 | 赋能未来 | 点评榜单 | 杨浦区课后辅导热门榜第2名 | 一到一精品烟潢小相调 | 营业中 | 画画是一种美丽的艺术，色彩与线条翩.. | “ | ￥9.9￥597全城6次课随心学|少儿游... | 惠,🌟🌟⭐🌟🌟 | F2 | 课后辅导 | 4.5,结构完整,
CARD-0018,五角场万达广场,櫻花之翼抓娃娃,樱花之翼抓娃娃,娃娃屋,3.6,49,B1,rated,True,,rated,parsed,rating_anchor,0.9697,0.9759,48,6,櫻花之翼抓娃娃,14.92,18.15,evidence/card_0018.jpg,ocr/input_videos\上海__五角场万达广场__20260825.mp4,櫻花之翼抓娃娃 | B1 | ★🌟🌟🌟🌟 | 娃娃屋￥49/人 | 3.6,B1 | ★🌟🌟🌟🌟 | 娃娃屋￥49/人 | 3.6,结构完整,
CARD-0019,五角场万达广场,东京野郎拉面,东京野郎拉面,式面条,,,B1,new_store,False,new_store,ocr_missing,parsed,metadata_anchor,0.9478,0.9809,51,3,东京野郎拉面,17.14,18.15,evidence/card_0019.jpg,ocr/input_videos\上海__五角场万达广场__20260825.mp4,东京野郎拉面 | 家请是然門0 | 野郎ラーメン | 新店 | B1 | 式面条￥49/ | 真原精 | C电N | 点评榜单 | 2 | 杨浦区日式料理新店榜第3名 | 10:00营业 | ￥54.96.4折 | 惠 | ￥86人气爆款任选单人套餐,新店 | B1 | 式面条￥49/,研究排除,
CARD-0020,五角场万达广场,嘻游记·中国烤肉,嘻游记·中国烤肉,融合烤肉,4.2,97,B1,rated,True,,rated,parsed,rating_anchor,0.9743,0.9938,48,6,嘻游记·中国烤肉,17.14,20.57,evidence/card_0020.jpg,ocr/input_videos\上海__五角场万达广场__20260825.mp4,se信游记 | 嘻游记·中国烤肉 | 原肉本味 | 中国风味 | 🌟🌟🎉🎉 | B1 | 融合烤肉￥97/人 | 4.2 | 点评榜单 | 杨浦区融合烤肉销量榜第1名 | 第一次吃烤肉也无忧 | 新鲜水果/小吃无限畅吃 | ￥15.9 | 3.4折 | ￥48 | 【限时】 | 惠 | 整只熟成黄..,🌟🌟🎉🎉 | B1 | 融合烤肉￥97/人 | 4.2,结构完整,
CARD-0021,五角场万达广场,镭战大联盟真人CS·生日派对·亲...,镭战大联盟真人CS·生日派对·亲,团建拓展,4.6,148,F5,rated,True,,rated,parsed,rating_anchor,0.9582,0.9447,50,8,镭战大联盟真人CS·生日派对·亲...,17.34,177.45,evidence/card_0021.jpg,ocr/input_videos\上海__五角场万达广场__20260825.mp4,618498 | 镭战大联盟真人CS·生日派对·亲... | LS小锦战大联盟 | F5 | 🌟🌟⭐🌟🌟 | 4.6团建拓展￥148/人 | 2025年度 | 影响力品牌 | 杨浦区团建拓展销量榜第1名 | 室0:00营业 | 办卡很划算” | “紧张刺激,F5 | 🌟🌟⭐🌟🌟 | 4.6团建拓展￥148/人,建议复核,name_truncated
CARD-0022,五角场万达广场,盐洞探秘·会呼吸的亲子乐园,盐洞探秘·会呼吸的亲子乐园,儿童乐园,4.6,185,F5,rated,True,,rated,parsed,rating_anchor,0.9745,0.9897,48,3,盐洞探秘·会呼吸的亲子乐园,19.56,20.57,evidence/card_0022.jpg,ocr/input_videos\上海__五角场万达广场__20260825.mp4,盐洞探秘·会呼吸的亲子乐园 | 我开业粒 | ⭐🌟⭐🌟🌟 | F5 | 4.6儿童乐园￥185/人 | 会呼吸的 | 亲子乐园 | 暂停营业,⭐🌟⭐🌟🌟 | F5 | 4.6儿童乐园￥185/人,结构完整,
CARD-0023,五角场万达广场,阿萨中东料理·清真,阿萨中东料理·清真,西餐,4.6,110,F1,rated,True,,rated,parsed,rating_anchor,0.9745,0.9865,48,5,阿萨中东料理·清真,19.56,22.99,evidence/card_0023.jpg,ocr/input_videos\上海__五角场万达广场__20260825.mp4,阿萨中东料理·清真 | 中东美食 | 传递者 | 🌟🌟🌟🌟🌟 | F1 | 西餐￥110/人 | 4.6 | 盛D | CISITO | S11 | 点评榜单 | 杨浦区西餐好评榜第1名 | 10:30营业 | 正宗口味，环境优美，性价比高 | ≤ | ￥0.1 | 1折 | 【专属订制服务】团建/.... | 惠 | ￥1 | ￥47.5 | 9.5折 | 惠 | ￥5050元代金券,🌟🌟🌟🌟🌟 | F1 | 西餐￥110/人 | 4.6,结构完整,
CARD-0024,五角场万达广场,comicsoul,comicsoul,玩具,3.8,,F1,rated,True,,rated,parsed,rating_anchor,0.9989,0.9986,55,5,comicsoul,19.96,24.0,evidence/card_0024.jpg,ocr/input_videos\上海__五角场万达广场__20260825.mp4,comicsoul | 玩具 | 🌟🌟🌟🌟🌟 | F1 | 3.8,玩具 | 🌟🌟🌟🌟🌟 | F1 | 3.8,结构完整,
CARD-0025,五角场万达广场,小荧星艺校,小荧星艺校,音乐,4.7,,F2,rated,True,,rated,parsed,rating_anchor,0.9841,0.9997,55,7,小荧星艺校,22.58,176.24,evidence/card_0025.jpg,ocr/input_videos\上海__五角场万达广场__20260825.mp4,小荧星艺校 | 小荧星 | 艺术成长中心 | 4.7音乐4135/人 | F2 | 开学季 | 点评榜单 | 杨浦区音乐热门榜第6名 | 6 | 营业中 | 学到的东西很全面，舞台经验丰富 | （ | ￥227 | 5折 | ￥9.9 | 【童主持&表演】主. | 惠,4.7音乐4135/人 | F2,结构完整,
CARD-0026,五角场万达广场,桂满陇,桂满陇,浙菜,4.6,70,F1,rated,True,,rated,parsed,rating_anchor,0.9849,0.999,55,4,桂满陇,22.58,25.21,evidence/card_0026.jpg,ocr/input_videos\上海__五角场万达广场__20260825.mp4,桂满陇 | 夏蟹 | F1 | 🌟🌟⭐🌟🌟 | 4.6浙菜￥70/人 | 知鲜 | 点评榜单 | 五角场/大学路浙菜热门榜第3名 | 10:30营业 | 江浙菜色香味俱全，服务态度极好 | 、 | ￥169.8 | ￥1287.6折 | 惠 | 【工作日午市超值... | ￥969.6折 | 惠 | ￥100100元代金券,F1 | 🌟🌟⭐🌟🌟 | 4.6浙菜￥70/人,结构完整,
CARD-0027,五角场万达广场,火锅猩球自助小火锅,火锅猩球自助小火锅,助火锅57/,,,F5,new_store,False,new_store,ocr_missing,parsed,metadata_anchor,0.9792,0.9936,50,5,火锅猩球自助小火锅,22.58,25.41,evidence/card_0027.jpg,ocr/input_videos\上海__五角场万达广场__20260825.mp4,火锅猩球自助小火锅 | 火锅狸球 | 自助小火锅 | 新店 | F5 | 助火锅57/ | 无限量畅吃 | 点评榜单 | 上海自助小火锅热门榜第1名 | 10:30营业 | ￥99.9 | ￥65.9 | 6.6折 | 惠 | 单人自助小火锅畅...,新店 | F5 | 助火锅57/,研究排除,
CARD-0028,五角场万达广场,晴天录音棚,晴天录音棚,录音棚,4.9,238,商场内,rated,True,,rated,parsed,rating_anchor,0.9799,0.9947,49,3,晴天录音棚,25.21,26.21,evidence/card_0028.jpg,ocr/input_videos\上海__五角场万达广场__20260825.mp4,晴天录音棚 | 🌟🌟⭐⭐🎉4.9 | 商场内 | 录音棚￥238/人 | 点评榜单 | 杨浦区K歌好评榜第1名 | 晴天量音棚 | 营业中 | 交通方便，录音师扣细节很专业 | 1 | 惠 | ￥278￥1800单人单曲出版级录制(精...,🌟🌟⭐⭐🎉4.9 | 商场内 | 录音棚￥238/人,结构完整,
CARD-0029,五角场万达广场,小猫来了·猫咪专售,小猫来了·猫咪专售,购宠,4.7,6326,F1,rated,True,,rated,parsed,rating_anchor,0.9477,0.9635,54,8,小猫来了·猫咪专售 | 小貓来了·貓咪专售,25.41,181.88,evidence/card_0029.jpg,ocr/input_videos\上海__五角场万达广场__20260825.mp4,小猫来了·猫咪专售 | 小描来了 | 全连 | ★★🌟4.7 | 国锁 | 购宠￥6326/人 | F1 | 到含 | 点评榜单 | 杨浦区购宠好评榜第3名 | 注强联活体 | 育/售卖 | 营业中 | 管家服务贴心，小猫带来幸福感 | S | 惠 | ￥7.99￥599 | 购猫赠599省心大礼包,★★🌟4.7 | 购宠￥6326/人 | F1,结构完整,
CARD-0030,五角场万达广场,大牛寿喜烧·和牛放题,大牛寿喜烧·和牛放题,自助餐,4.6,195,F4,rated,True,,rated,parsed,rating_anchor,0.9783,0.9893,51,2,大牛寿喜烧·和牛放题,25.41,26.21,evidence/card_0030.jpg,ocr/input_videos\上海__五角场万达广场__20260825.mp4,大牛寿喜烧·和牛放题 | 港口直送手 | 梭子蟹 | F4 | 🌟🌟🌟🌟🌟 | 4.6 | 自助餐￥195/人 | 点评榜单 | 杨浦区自助餐好评榜第2名 | 新开的大牛寿喜烧，口感鲜嫩” | 2吃 | 日银配·口设 | ￥2198.8折 | ￥249 | 惠 | 【开海季】M级冰山...,F4 | 🌟🌟🌟🌟🌟 | 4.6 | 自助餐￥195/人,结构完整,
CARD-0031,五角场万达广场,海金滋,海金滋,本帮菜,4.0,,F4,rated,True,,rated,parsed,rating_anchor,0.9883,0.9998,58,5,海金滋,26.21,29.44,evidence/card_0031.jpg,ocr/input_videos\上海__五角场万达广场__20260825.mp4,海金滋 | 4.0本帮菜63/人 | F4 | 海金滋 | 本 | 上者 | 海菜 | 口味醇厚，环境优雅，服务优质 | “ | 10:30营业 | 惠 | ￥190 | ￥1286.8折 | 【配送到家】海派... | ￥959.5折 | 惠 | ￥100100元代金券,4.0本帮菜63/人 | F4,结构完整,
CARD-0032,五角场万达广场,考满分,考满分,课后辅导,3.3,,商场内,rated,True,,rated,parsed,rating_anchor,0.9993,0.9991,55,4,考满分,27.63,29.44,evidence/card_0032.jpg,ocr/input_videos\上海__五角场万达广场__20260825.mp4,考满分 | 考满分 | 🌟🌟🌟 | ★★ | 商场内 | 课后辅导 | 3.3 | 初高中 | 名师 | 指导 | “ | 一对一辅导，环境舒适 | 全科辅导 | 0oo | 10:00营业,🌟🌟🌟 | ★★ | 商场内 | 课后辅导 | 3.3,结构完整,
CARD-0033,五角场万达广场,唐师傅登门回收黄金,唐师傅登门回收黄金,金银首饰回收,4.7,,,rated,True,,rated,parsed,rating_anchor,0.9937,0.9876,51,6,唐师傅登门回收黃金 | 唐师傅登门回收黄金,27.63,190.15,evidence/card_0033.jpg,ocr/input_videos\上海__五角场万达广场__20260825.mp4,唐师傅登门回收黄金 | 免要上 | 唐师傅 | 专业回收黄金 | ★★★★★4.7 | 金银首饰回收 | 专业居校养业的金更全钻石队金 | 用程闻量 | 高银收自 | 五角场/大学路回收服务销量榜第9名 | 10:00营业 | 上门回收服务，公开透明 | ≤≤ | 惠￥1￥5 | 【免费】上海市全市免费上门回收,★★★★★4.7 | 金银首饰回收,结构完整,
CARD-0034,五角场万达广场,姜胖胖韩式自助烤肉,姜胖胖韩式自助烤肉,烤肉自助,4.1,87,F4,rated,True,,rated,parsed,rating_anchor,0.9696,0.9765,53,6,姜胖胖韩式自助烤肉 | 薑胖胖韩式目助烤肉,27.63,30.65,evidence/card_0034.jpg,ocr/input_videos\上海__五角场万达广场__20260825.mp4,H | 姜胖胖韩式自助烤肉 | 原切现拌品质肉类 | 无限供应 | 🌟🌟⭐⭐ | F4 | 4.1烤肉自助￥87/人 | ★ | HH | 点评榜单 | 上海烤肉自助打卡人榜第2名 | 热情豪放风的烤肉小店，肉香四溢 | ￥89.9 | 7.1折 | ￥128 | 惠 | 【安格斯牛&牛舌...,🌟🌟⭐⭐ | F4 | 4.1烤肉自助￥87/人 | ★,结构完整,
CARD-0035,五角场万达广场,佬肥猫·浙江乡村菜,佬肥猫·浙江乡村菜,浙菜,4.6,79,F5,rated,True,,rated,parsed,rating_anchor,0.9633,0.9808,51,4,佬肥猫·浙江乡村菜,28.63,30.65,evidence/card_0035.jpg,ocr/input_videos\上海__五角场万达广场__20260825.mp4,佬肥猫·浙江乡村菜 | 顶齊听 | F5 | 🌟🌟🌟⭐🌟 | 浙菜￥79/人 | 4.6 | Coun ryside | 点评榜单 | 五角场/大学路浙菜口味榜第6名 | Chin | 10:00营业 | 非常地道，五星好评，价格实惠,F5 | 🌟🌟🌟⭐🌟 | 浙菜￥79/人 | 4.6,结构完整,
CARD-0036,五角场万达广场,WANGXIAOBEN,WANGXIAOBEN,箱包,4.5,,B1,rated,True,,rated,parsed,rating_anchor,0.9986,0.9973,46,2,WANGXIAOBEN,30.05,30.65,evidence/card_0036.jpg,ocr/input_videos\上海__五角场万达广场__20260825.mp4,WANGXIAOBEN | WANGXIAOBEN | B1 | ⭐4.5 | 箱包 | 10:00营业,B1 | ⭐4.5 | 箱包,结构完整,
CARD-0037,五角场万达广场,视野联行眼镜·蔡司·尼康.依视路..,视野联行眼镜·蔡司·尼康.依视路,眼镜店,4.9,603,,rated,True,,rated,parsed,rating_anchor,0.9423,0.9326,54,7,视野联行眼镜·蔡司·尼康.依视路.. | 视野联行眼镜·蔡司·尼康.依视路... | 视野联行眼镜·蔡司·尼康.依视路....,30.05,174.42,evidence/card_0037.jpg,ocr/input_videos\上海__五角场万达广场__20260825.mp4,视野联行眼镜·蔡司·尼康.依视路.. | Q视野联行 | 30分钟 | ★★★★🌈4.9 | 眼镜店￥603/人 | 快速取镜 | 点评榜单 | 杨浦区购物好评榜第1名 | 品牌配锁抵望已折起 | 10:00营业 | 换腿刷刷两下，保养也做得好” | ￥2398折 | ￥877 | 惠 | 【30分钟取镜】1.60..,★★★★🌈4.9 | 眼镜店￥603/人,结构完整,
CARD-0038,五角场万达广场,甬江鲜·江浙菜·家宴,甬江鲜·江浙菜·家宴,江浙菜,4.8,112,F1,rated,True,,rated,parsed,rating_anchor,0.9895,0.9806,53,5,甬江鲜·江浙菜·家宴,30.05,34.68,evidence/card_0038.jpg,ocr/input_videos\上海__五角场万达广场__20260825.mp4,甬江鲜·江浙菜·家宴 | 甬江鲜 | F1 | 江浙菜 | 🌟🌟4.8 | ￥112/人 | YONG TIANG XIAN | 点评榜单 | 杨浦区江浙菜好评榜第1名 | 江浙菜·家宴 | 10:00营业 | ￥35折 | 惠 | 【新店开业】 | 饮品单人餐 | ￥6 | ￥95 | 惠 | 9.5折 | ￥100100元代金券,F1 | 江浙菜 | 🌟🌟4.8 | ￥112/人,结构完整,
CARD-0039,五角场万达广场,必胜客,必胜客,比萨,3.9,62,B1,rated,True,,rated,parsed,rating_anchor,0.9856,0.9992,58,3,必胜客,32.26,34.68,evidence/card_0039.jpg,ocr/input_videos\上海__五角场万达广场__20260825.mp4,必胜客 | B1 | 🌟🌟🌟🌟🌟 | 3.9比萨￥62/人 | 必胜客 | 点评榜单 | 杨浦区比萨热门榜第2名 | 10:00营业 | 环境舒适，服务周到，性价比超高 | ￥293 | ￥155 | 5.3折 | 惠 | 【2人餐|免配送费..,B1 | 🌟🌟🌟🌟🌟 | 3.9比萨￥62/人,结构完整,
CARD-0040,五角场万达广场,番茄花园TOMATOGARDEN,番茄花园TOMATOGARDEN,化妆品,3.9,218,B1,rated,True,,rated,parsed,rating_anchor,0.9815,0.9967,51,3,番茄花园TOMATOGARDEN,32.26,34.68,evidence/card_0040.jpg,ocr/input_videos\上海__五角场万达广场__20260825.mp4,番茄花园TOMATOGARDEN | TOMATO | 3.9化妆品￥218/人 | B1 | GARDEN | 香水比专柜正品便宜，环境舒适 | 番茄花园 | 国 | 10:00营业,3.9化妆品￥218/人 | B1,结构完整,
CARD-0041,五角场万达广场,爱康国宾体检中心,爱康国宾体检中心,体检中心,4.4,,商场内,rated,True,,rated,parsed,rating_anchor,0.999,0.999,54,9,爱康国宾体检中心,32.26,149.42,evidence/card_0041.jpg,ocr/input_videos\上海__五角场万达广场__20260825.mp4,爱康国宾体检中心 | iKag | 暑期健康狂欢 | 4.4体检中心 | 🌟🌟🎉⭐ | 商场内 | ★ | 厦百特用药值烘餐 | 杨浦区男性体检销量榜第1名 | 营业中 | 全程体检无需等待，早餐丰富可选西餐 | （ | ￥150￥273入职体检可约明日|胸部正... | 惠,4.4体检中心 | 🌟🌟🎉⭐ | 商场内 | ★,结构完整,
CARD-0042,五角场万达广场,沪上庄记白斩鸡,沪上庄记白斩鸡,本帮菜,3.9,30,F3,rated,True,,rated,parsed,rating_anchor,0.9854,0.9983,53,3,沪上庄记白斩鸡,35.69,36.5,evidence/card_0042.jpg,ocr/input_videos\上海__五角场万达广场__20260825.mp4,沪上庄记白斩鸡 | 🌟🌟⭐🌟🌟 | F3 | 3.9本帮菜￥30/人 | 10:00营业 | ￥29.9 | ￥59.9 | 5折 | 惠 | 上海特色沪上白斩鸡,🌟🌟⭐🌟🌟 | F3 | 3.9本帮菜￥30/人,结构完整,
CARD-0043,五角场万达广场,新发现,新发现,浙菜,4.2,65,B1,rated,True,,rated,parsed,rating_anchor,0.9823,0.9996,60,3,新发现,35.69,36.5,evidence/card_0043.jpg,ocr/input_videos\上海__五角场万达广场__20260825.mp4,新发现 | 新发现 | 卡月黄装苏炒年糕 | 🌟🌟⭐⭐ | B1 | 4.2浙菜￥65/人 | 点评榜单 | 五角场/大学路浙菜打卡人气榜第3名 | 黄 | 时营业中 | 酸菜鱼味道好环境佳，尽管菜量少 | 3 | “ | ￥29K2黄油面包冰淇淋... | ￥19.9 | 6.9折 | 惠 | ￥93.1 | ￥100 | 惠 | 9.4折 | 【结账专用】100...,🌟🌟⭐⭐ | B1 | 4.2浙菜￥65/人,结构完整,
CARD-0044,五角场万达广场,匡威,匡威,服饰鞋包,3.4,,F4,rated,True,,rated,parsed,rating_anchor,0.9681,0.9946,61,6,匡威,35.69,37.91,evidence/card_0044.jpg,ocr/input_videos\上海__五角场万达广场__20260825.mp4,匡威 | ⭐3.4服饰鞋包 | F4 | 10:00营业,⭐3.4服饰鞋包 | F4,结构完整,
CARD-0045,五角场万达广场,CICI纤美·科技减肥美容,CICI纤美·科技减肥美容,瘦身纤体,4.3,128,F1,rated,True,,rated,parsed,rating_anchor,0.9834,0.9869,57,15,CICI纤美·科技减肥美容,35.69,156.07,evidence/card_0045.jpg,ocr/input_videos\上海__五角场万达广场__20260825.mp4,CICI纤美·科技减肥美容 | CICI纤美 | MaLty A Stnarng | 瘦 | 🌟🌟⭐⭐ | F1 | 4.3瘦身纤体￥128/人 | ★ | 点评榜单 | 杨浦区瘦身纤体热门榜第4名 | 10:00营业 | 体感舒适，减肥效果显著,🌟🌟⭐⭐ | F1 | 4.3瘦身纤体￥128/人 | ★,结构完整,
CARD-0046,五角场万达广场,采野季·丽江腊排骨·野生菌火锅体...,采野季·丽江腊排骨·野生菌火锅体,菌菇火锅,,108,F5,new_store,False,new_store,ocr_missing,parsed,metadata_anchor,0.9587,0.9535,53,4,采野季·丽江腊排骨·野生菌火锅体...,37.3,38.92,evidence/card_0046.jpg,ocr/input_videos\上海__五角场万达广场__20260825.mp4,采野季·丽江腊排骨·野生菌火锅体... | 丽江上桌！ | 新店 | 菌菇火锅￥108/人 | F5 | 点评榜单 | 杨浦区火锅环境榜第3名 | 10:30营业 | ￥1.9 | 2.4折 | ￥8 | 惠 | 【可叠加·Q弹脆嫩】,新店 | 菌菇火锅￥108/人 | F5,研究排除,
CARD-0047,五角场万达广场,脆皖鱼捞·中山脆皖鱼火锅,脆皖鱼捞·中山脆皖鱼火锅,鱼火锅,4.4,114,F4,rated,True,,rated,parsed,rating_anchor,0.957,0.9545,55,4,脆皖鱼捞·中山脆皖鱼火锅 | 脆鲩鱼捞·中山脆皖鱼火锅 | 脆鲩鱼捞·中山脆鲩鱼火锅,37.3,38.92,evidence/card_0047.jpg,ocr/input_videos\上海__五角场万达广场__20260825.mp4,脆皖鱼捞·中山脆皖鱼火锅 | 🌟🌟🌟🎉 | 4.4鱼火锅￥114/人 | F4 | 点评榜单 | 杨浦区鱼火锅热门榜第1名 | ￥2387.1折 | ￥336 | 惠 | 【一口鲜脆】脆鲩… | ￥89 | 8.9折 | 惠 | ￥100100元代金券,🌟🌟🌟🎉 | 4.4鱼火锅￥114/人 | F4,结构完整,
CARD-0048,五角场万达广场,LeSportsac乐播诗,LeSportsac乐播诗,箱包,3.9,1142,B1,rated,True,,rated,parsed,rating_anchor,0.9773,0.9994,51,5,LeSportsac乐播诗,37.71,40.33,evidence/card_0048.jpg,ocr/input_videos\上海__五角场万达广场__20260825.mp4,LeSportsac乐播诗 | liSooHsx | 3.9箱包￥1142/人 | B1 | 陈列超有格调，购物体验超顺畅 | 10:00营业,3.9箱包￥1142/人 | B1,结构完整,
CARD-0049,五角场万达广场,味之绝美蛙鱼头火锅,味之绝美蛙鱼头火锅,鱼火锅,4.7,89,F5,rated,True,,rated,parsed,rating_anchor,0.9789,0.9987,51,6,味之绝美蛙鱼头火锅,38.92,43.15,evidence/card_0049.jpg,ocr/input_videos\上海__五角场万达广场__20260825.mp4,味之绝美蛙鱼头火锅 | 味之绝 | 麻上头辣过瘾 | F5 | 🌟🌟🌟🎉🌟 | 4.7 | 鱼火锅￥89/人 | 吃蛙就吃味之绝 | 点评榜单 | 杨浦区鱼火锅销量榜第1名 | □味不错，服务周到，贴心送牛蛙 | “ | ￥240 | ￥142 | 6折 | 惠 | 【暑期特惠】双人餐. | 4折 | ￥50 | 惠 | ￥19.9 | 【单独使用】50元代金券,F5 | 🌟🌟🌟🎉🌟 | 4.7 | 鱼火锅￥89/人,结构完整,
CARD-0050,五角场万达广场,左庭右院鲜牛肉火锅,左庭右院鲜牛肉火锅,潮汕牛肉火锅,4.8,133,F2,rated,True,,rated,parsed,rating_anchor,0.9818,0.9939,54,5,左庭右院鲜牛肉火锅,39.72,43.15,evidence/card_0050.jpg,ocr/input_videos\上海__五角场万达广场__20260825.mp4,左庭右院鲜牛肉火锅 | 酒 | 有机日光 | 🌟🌟⭐⭐🌟 | 潮汕牛肉火锅￥133/人 | F2 | 4.8 | 番茄锅 | 点评榜单 | 杨浦区潮汕牛肉火锅销量榜第1名 | 10:00营业 | ￥4.88折 | 惠 | ￥6鲜活虾1只(2只起点） | ￥989.8折 | 惠 | ￥100100元代金券,🌟🌟⭐⭐🌟 | 潮汕牛肉火锅￥133/人 | F2 | 4.8,结构完整,
CARD-0051,五角场万达广场,GABRiEL伽百利,GABRiEL伽百利,玩具,4.9,345,B1,rated,True,,rated,parsed,rating_anchor,0.974,0.9981,48,5,GABRiEL伽百利,39.72,43.15,evidence/card_0051.jpg,ocr/input_videos\上海__五角场万达广场__20260825.mp4,GABRiEL伽百利 | ⭐⭐4.9 | B1 | 玩具￥345/人 | 点评榜单 | 杨浦区亲子购物好评榜第1名 | 10:00营业 | 绣完效果超漂亮，店员态度很好,⭐⭐4.9 | B1 | 玩具￥345/人,结构完整,
CARD-0052,五角场万达广场,鱼酷活鱼烤鱼,鱼酷活鱼烤鱼,烤鱼,4.4,85,F5,rated,True,,rated,parsed,rating_anchor,0.9799,0.9958,51,6,鱼酷活鱼烤鱼,39.72,43.56,evidence/card_0052.jpg,ocr/input_videos\上海__五角场万达广场__20260825.mp4,鱼酷活鱼烤鱼 | 急酷品 | 酸爽觉醒 | 4.4烤鱼￥85/人 | F5 | ★★★★ | 咖用,4.4烤鱼￥85/人 | F5 | ★★★★,结构完整,
CARD-0053,五角场万达广场,山缓缓火锅,山缓缓火锅,四川火锅,4.7,160,F3,rated,True,,rated,parsed,rating_anchor,0.9786,0.9997,55,4,山缓缓火锅,43.15,45.57,evidence/card_0053.jpg,ocr/input_videos\上海__五角场万达广场__20260825.mp4,山缓缓火锅 | F3 | 🌟🌟🌟🌟 | 四川火锅￥160/人 | 4.7 | 点评榜单 | 五角场/大学路火锅销量榜第2名 | 山缓缓 | 酸汤颜值与口感并存 | “ | 惠 | ￥19饮品3选1 | 5.7折 | ￥10.8 | ￥989.8折 | 惠 | ￥100100元代金券,F3 | 🌟🌟🌟🌟 | 四川火锅￥160/人 | 4.7,结构完整,
CARD-0054,五角场万达广场,吖唔漾,吖唔漾,购物,4.2,,B1,rated,True,,rated,parsed,rating_anchor,0.9986,0.9983,61,3,吖唔漾,43.56,45.57,evidence/card_0054.jpg,ocr/input_videos\上海__五角场万达广场__20260825.mp4,吖唔漾 | Ipep s | 4.2购物 | ⭐🌟⭐ | B1 | ★ | 10:00营业,4.2购物 | ⭐🌟⭐ | B1 | ★,结构完整,
CARD-0055,五角场万达广场,云中鱼蒸汽石锅鱼,云中鱼蒸汽石锅鱼,鱼火锅,4.6,101,F5,rated,True,,rated,parsed,rating_anchor,0.9844,0.9983,48,3,云中鱼蒸汽石锅鱼,43.56,45.57,evidence/card_0055.jpg,ocr/input_videos\上海__五角场万达广场__20260825.mp4,云中鱼蒸汽石锅鱼 | 送 | 上新季 | F5 | 🌟🌟⭐🌟🌟 | 鱼火锅￥101/人 | 4.6 | 点评榜单 | 杨浦区鱼火锅打卡榜第2名 | 10:30营业 | 石锅鱼鲜美，服务热情 | 3 | ￥2277.1折 | 惠 | ￥323.4 | 【七. | 【多店通用】 | ￥79 | ￥100 | 7.9折 | 惠 | 【结账必用】100元..,F5 | 🌟🌟⭐🌟🌟 | 鱼火锅￥101/人 | 4.6,结构完整,
CARD-0056,五角场万达广场,海底捞火锅,海底捞火锅,四川火锅,4.8,126,B1,rated,True,,rated,parsed,rating_anchor,0.9795,0.9987,52,5,海底捞火锅,43.56,46.78,evidence/card_0056.jpg,ocr/input_videos\上海__五角场万达广场__20260825.mp4,海底捞火锅 | 通店屏火锅 | 6斤番茄锅 | B1 | ⭐🌟⭐⭐🌟 | 四川火锅￥126/人 | 4.8 | 6斤牙对味 | 点评榜单 | 上海四川火锅服务榜第2名 | 10:00营业 | 服务热情，鱼肉嫩滑，下次还点 | S,B1 | ⭐🌟⭐⭐🌟 | 四川火锅￥126/人 | 4.8,结构完整,
CARD-0057,五角场万达广场,ERYU耳语,ERYU耳语,综合珠宝首饰,3.4,,B1,rated,True,,rated,parsed,rating_anchor,0.9989,0.9995,52,2,ERYU耳语,46.18,46.78,evidence/card_0057.jpg,ocr/input_videos\上海__五角场万达广场__20260825.mp4,ERYU耳语 | ⭐🌟 | B1 | ★★ | 3.4综合珠宝首饰 | 10:00营业,⭐🌟 | B1 | ★★ | 3.4综合珠宝首饰,结构完整,
CARD-0058,五角场万达广场,星洲小馆·新加坡料理,星洲小馆·新加坡料理,新加坡菜,4.6,88,B1,rated,True,,rated,parsed,rating_anchor,0.9766,0.9885,51,5,星洲小馆·新加坡料理,46.18,50.21,evidence/card_0058.jpg,ocr/input_videos\上海__五角场万达广场__20260825.mp4,星洲小馆·新加坡料理 | FIOCAPCELEIINJOANT | B1 | 新加坡菜￥88/人 | 🌟🌟🎉🌟🌟 | CS | 4.6 | 点评榜单 | 新开业 | 杨浦区东南亚菜回头客榜第1名 | 半只鸡分量大，肉质嫩滑 | “ | 宁装聚店 | ￥538.3折 | 惠 | ￥64海南鸡饭单人餐,B1 | 新加坡菜￥88/人 | 🌟🌟🎉🌟🌟 | 4.6,结构完整,
CARD-0059,五角场万达广场,皮皮狗,皮皮狗,服装,3.5,918,F2,rated,True,,rated,parsed,rating_anchor,0.979,0.9993,63,4,皮皮狗,46.78,50.21,evidence/card_0059.jpg,ocr/input_videos\上海__五角场万达广场__20260825.mp4,皮皮狗 | 百联又一城 | 3.5服装￥918/人 | F2 | 10:00营业,3.5服装￥918/人 | F2,结构完整,
CARD-0060,五角场万达广场,巡湘记·乡野湖南菜,巡湘记·乡野湖南菜,湘菜,4.4,70,F4,rated,True,,rated,parsed,rating_anchor,0.9788,0.9862,51,3,巡湘记·乡野湖南菜,48.6,50.21,evidence/card_0060.jpg,ocr/input_videos\上海__五角场万达广场__20260825.mp4,巡湘记·乡野湖南菜 | 上海湘菜 | 4.4湘菜￥70/人 | F4 | 人气王 | 🌟🌟⭐ | ★ | 点评榜单 | 五角场/大学路湘菜环境榜第3名 | 三湖记 | 10:00营业 | 麻辣湘菜，下饭神器，环境干净 | 《 | 55 | ￥19宝宝餐 | ￥105.3折 | 惠 | ￥979.7折 | 惠 | ￥100100元代金券,4.4湘菜￥70/人 | F4 | 🌟🌟⭐ | ★,结构完整,
CARD-0061,五角场万达广场,泰息·创意泰料bistro·泰国船面,泰息·创意泰料bistro·泰国船面,泰国菜,4.6,98,F1,rated,True,,rated,parsed,rating_anchor,0.9629,0.9493,54,4,泰息·创意泰料bistro·泰国船面,48.6,50.81,evidence/card_0061.jpg,ocr/input_videos\上海__五角场万达广场__20260825.mp4,泰息·创意泰料bistro·泰国船面 | 4.6泰国菜￥98/人 | F1 | 🌟🌟🎉🌟🌟 | 泰息 | 点评榜单 | 1 | 杨浦区东南亚菜热门榜第1名 | 10:30营业 | ￥66.87.8折 | ￥86 | 【午间充能】工作日. | 惠 | ￥100 | ￥989.8折 | 【结账必用】100元.. | 惠,4.6泰国菜￥98/人 | F1 | 🌟🌟🎉🌟🌟,结构完整,
CARD-0062,五角场万达广场,爱畅享苹果手机电脑维修回收,爱畅享苹果手机电脑维修回收,手机维修,4.3,264,B1,rated,True,,rated,parsed,rating_anchor,0.9741,0.9961,48,2,爱畅享苹果手机电脑维修回收,50.21,50.81,evidence/card_0062.jpg,ocr/input_videos\上海__五角场万达广场__20260825.mp4,爱畅享苹果手机电脑维修回收 | ★★4.3 | B1 | isharing | 手机维修￥264/人 | 爱畅享 | 地理位置显眼，贴膜效果好” | 手机电脑维修回收 | 10:00营业 | ￥30￥49 | 惠 | [手机贴膜〕 | ）苹果手机全系列...,★★4.3 | B1 | 手机维修￥264/人,结构完整,
CARD-0063,五角场万达广场,胖东瓜·浏阳菜馆,胖东瓜·浏阳菜馆,湘菜,4.4,35,F1,rated,True,,rated,parsed,rating_anchor,0.9746,0.989,48,1,胖东瓜·浏阳菜馆,50.81,50.81,evidence/card_0063.jpg,ocr/input_videos\上海__五角场万达广场__20260825.mp4,胖东瓜·浏阳菜馆 | 上期彩家 | 百联世纪店 | F1 | 🌟🌟⭐⭐ | 4.4湘菜￥35/人 | 试营业 | 12%206 | 点评榜单 | 杨浦区湘菜好评榜第1名 | 10:00营业 | 浏阳菜的特色一定要试试 | ￥147.77.9折 | ￥187必点招牌.胖东瓜2.. | 惠 | ￥489.6折 | 惠 | ￥5050元代金券,F1 | 🌟🌟⭐⭐ | 4.4湘菜￥35/人,建议复核,single_observation
CARD-0064,五角场万达广场,小吊梨汤·北京菜·烤鸭,小吊梨汤·北京菜·烤鸭,烤鸭,4.4,98,F5,rated,True,,rated,parsed,rating_anchor,0.9702,0.9768,51,3,小吊梨汤·北京菜·烤鸭,50.81,53.23,evidence/card_0064.jpg,ocr/input_videos\上海__五角场万达广场__20260825.mp4,小吊梨汤·北京菜·烤鸭 | WNI | D | 买套餐 | 送原神周边 | 🌟🌟🌟🎉 | F5 | 4.4烤鸭￥98/人 | 点评榜单 | 杨浦区北京菜热门榜第1名 | 10:30营业 | 服务热情，菜品OK，无需排队 | ￥1497.1折 | ￥210烤鸭超值工作日双人餐 | 惠 | ￥989.8折 | 惠 | ￥100100元代金券,🌟🌟🌟🎉 | F5 | 4.4烤鸭￥98/人,结构完整,
CARD-0065,五角场万达广场,HOLOHOLO,HOLOHOLO,居家日用,,,B1,new_store,False,new_store,ocr_missing,parsed,metadata_anchor,0.9995,0.9995,45,2,HOLOHOLO,52.83,53.23,evidence/card_0065.jpg,ocr/input_videos\上海__五角场万达广场__20260825.mp4,HOLOHOLO | 新店 | B1 | 居家日用 | 照 | 10:00营业,新店 | B1 | 居家日用,研究排除,
CARD-0066,五角场万达广场,姚稷大铁锅,姚稷大铁锅,东北菜,4.7,80,F5,rated,True,,rated,parsed,rating_anchor,0.9748,0.9901,52,2,姚稷大铁锅,52.83,53.23,evidence/card_0066.jpg,ocr/input_videos\上海__五角场万达广场__20260825.mp4,姚稷大铁锅 | 吃大鹅 | 🌟🌟🌟🌟🌟 | 东北菜￥80/人 | F5 | 舅到姚稷 | 4.7 | 点评榜单 | 杨浦区东北菜环境榜第3名 | 10:30营业 | 麻辣口味量大且味道赞，性价比高 | 力 | K | ￥1689.5折 | ￥177 | 【工作日午市】2-3. | 惠,🌟🌟🌟🌟🌟 | 东北菜￥80/人 | F5 | 4.7,结构完整,
CARD-0067,五角场万达广场,闽叔福建菜,闽叔福建菜,福建菜,4.3,92,F3,rated,True,,rated,parsed,rating_anchor,0.9884,0.9983,52,4,闽叔福建菜,52.83,55.45,evidence/card_0067.jpg,ocr/input_videos\上海__五角场万达广场__20260825.mp4,闽叔福建菜 | 本地人推荐的 | 海蛎煎 | 🌟🌟⭐⭐ | F3 | 4.3福建菜￥92/人 | ★ | 国权第一指种菜 | 点评榜单 | 杨浦区福建菜好评榜第1名 | 10:30营业 | 蚵仔煎媲美台湾士林夜市 | “ | ￥39 | 5折 | ￥79 | 惠 | 【当季爆款】XO酱六月. | ￥489.6折 | 惠 | ￥5050元代金券,🌟🌟⭐⭐ | F3 | 4.3福建菜￥92/人 | ★,结构完整,
CARD-0068,五角场万达广场,Sevenchic有柒研肤中心,Sevenchic有柒研肤中心,皮肤管理,3.3,138,,rated,True,,rated,parsed,rating_anchor,0.9802,0.9944,51,4,Seven chic有柒研肤中心 | Sevenchic有柒研肤中心,54.65,57.47,evidence/card_0068.jpg,ocr/input_videos\上海__五角场万达广场__20260825.mp4,Sevenchic有柒研肤中心 | 有架 | 3.3皮肤管理￥138/人 | 研肤中心 | OCa | 店内环境简洁大方，手法细心温柔” | “专注向冠具” | 开疗存的文 | 10:00营业 | ￥49.9￥296纯色/跳色环保甲油胶任选.. | 惠,3.3皮肤管理￥138/人,结构完整,
CARD-0069,五角场万达广场,小菜园新徽菜,小菜园新徽菜,徽菜,4.4,72,B1,rated,True,,rated,parsed,rating_anchor,0.9857,0.9987,52,4,小菜园新徽菜,54.65,57.47,evidence/card_0069.jpg,ocr/input_videos\上海__五角场万达广场__20260825.mp4,小菜园新徽菜 | 🌟🌟⭐⭐ | B1 | 4.4徽菜￥72/人 | 点评榜单 | 五角场/大学路徽菜销量榜第2名 | 营业中 | “地道徽菜，口味鲜美，人气十足 | 55 | ￥39￥39招牌农家红烧肉（须叠加套餐.. | 惠 | ￥92.89.3折 | 惠 | ￥100100元代金券,🌟🌟⭐⭐ | B1 | 4.4徽菜￥72/人,结构完整,
CARD-0070,五角场万达广场,CUBIC3三立方咖啡,CUBIC3三立方咖啡,咖啡,3.9,14,商场内,rated,True,,rated,parsed,rating_anchor,0.9645,0.9844,50,4,CUBIC3三立方咖啡,54.65,57.47,evidence/card_0070.jpg,ocr/input_videos\上海__五角场万达广场__20260825.mp4,CUBIC3三立方咖啡 | 商场内 | 3.9咖啡￥14/人 | 3 | - | “杯过瘾，咖啡师服务好” | COFFLE | 营业中,商场内 | 3.9咖啡￥14/人,结构完整,
CARD-0071,五角场万达广场,创富港联合办公空间,创富港联合办公空间,联合办公空间,4.3,1170,,rated,True,,rated,parsed,rating_anchor,0.9866,0.999,55,2,创富港联合办公空间,56.86,57.47,evidence/card_0071.jpg,ocr/input_videos\上海__五角场万达广场__20260825.mp4,创富港联合办公空间 | 4.3联合办公空间￥1170/人 | 24小时办公，地铁直达超方便” | 营业中 | ￥99￥2820新客专享卡（自习、面试... | 惠,4.3联合办公空间￥1170/人,结构完整,
CARD-0072,五角场万达广场,柠季·手打柠檬茶,柠季·手打柠檬茶,茶饮果汁,3.9,16,B1,rated,True,,rated,parsed,rating_anchor,0.9714,0.9808,51,2,柠季·手打柠檬茶,58.48,58.68,evidence/card_0072.jpg,ocr/input_videos\上海__五角场万达广场__20260825.mp4,柠季·手打柠檬茶 | 柠季Mingi | B1 | 3.9茶饮果汁￥16/人 | 点评榜单 | 杨浦区饮品回头客榜第4名 | 10:00营业 | 尝过就知道，好喝是认真的 | “ | 惠 | ￥10.9 | 5.2折 | ￥21 | 【国际美味奖】鸭屎….,B1 | 3.9茶饮果汁￥16/人,结构完整,
CARD-0073,五角场万达广场,星巴克,星巴克,咖啡,3.8,36,F3,rated,True,,rated,parsed,rating_anchor,0.9721,0.9989,59,2,星巴克,58.48,58.68,evidence/card_0073.jpg,ocr/input_videos\上海__五角场万达广场__20260825.mp4,星巴克 | 3.8咖啡￥36/人 | F3 | 真茶真奶真愛你 | ￥59.97.7折 | 【爆款推荐】星巴克.. | ￥78 | 惠,3.8咖啡￥36/人 | F3,结构完整,
CARD-0074,五角场万达广场,文石boox电子阅读器,文石boox电子阅读器,数码产品,3.5,,B1,rated,True,,rated,parsed,rating_anchor,0.975,0.9984,51,2,文石boox电子阅读器,58.48,58.68,evidence/card_0074.jpg,ocr/input_videos\上海__五角场万达广场__20260825.mp4,文石boox电子阅读器 | ⭐3.5数码产品 | B1 | 10:00营业,⭐3.5数码产品 | B1,结构完整,
CARD-0075,五角场万达广场,喜识·冰糖葫芦·炒酸奶,喜识·冰糖葫芦·炒酸奶,冰淇淋,3.8,19,B1,rated,True,,rated,parsed,rating_anchor,0.9688,0.9882,54,2,喜识·冰糖葫芦·炒酸奶,58.48,58.68,evidence/card_0075.jpg,ocr/input_videos\上海__五角场万达广场__20260825.mp4,喜识·冰糖葫芦·炒酸奶 | 喜识 | S | 冰淇淋￥19/人 | B1 | 🌟🌟🌟🌟★ | 3.8 | XISHI | 冰糖能芦·炒腔 | 点评榜单 | 杨浦区冰淇淋回头客榜第3名 | 70:00管业 | “该店出品满满当当” | - | 6 | ￥8.8 | 8.8折 | 惠 | ￥10原味大串冰糖葫芦,冰淇淋￥19/人 | B1 | 🌟🌟🌟🌟★ | 3.8,结构完整,
CARD-0076,五角场万达广场,顾二叔·手作酸奶,顾二叔·手作酸奶,酸奶鲜奶,,16,B1,new_store,False,new_store,ocr_missing,parsed,metadata_anchor,0.9757,0.9865,52,5,顾二叔·手作酸奶,58.48,61.91,evidence/card_0076.jpg,ocr/input_videos\上海__五角场万达广场__20260825.mp4,顾二叔·手作酸奶 | 员二权 | 金翠成双 | 新店 | 酸奶鲜奶￥16/人 | B1 | 百然甜 | 点评榜单 | 杨浦区酸奶鲜奶新店榜第1名 | 10:00营业 | ￥18 | ￥15.8 | 8.8折 | 惠 | 【当季热销】黑宝石….,新店 | 酸奶鲜奶￥16/人 | B1,研究排除,
CARD-0077,五角场万达广场,7分甜,7分甜,茶饮果汁,3.8,19,B1,rated,True,,rated,parsed,rating_anchor,0.9885,0.9988,60,5,7分甜,60.7,64.33,evidence/card_0077.jpg,ocr/input_videos\上海__五角场万达广场__20260825.mp4,7分甜 | 区 | 3.8茶饮果汁￥19/人 | B1 | 🌟🌟🌟🌟🌟 | “满杯料足，口感层次丰富 | 10:00营业 | ￥19.9 | ￥25 | 【经典招牌】杨枝甘... | 8折 | 惠,3.8茶饮果汁￥19/人 | B1 | 🌟🌟🌟🌟🌟,结构完整,
CARD-0078,五角场万达广场,霸王茶姬,霸王茶姬,茶饮果汁,4.0,18,F1,rated,True,,rated,parsed,rating_anchor,0.9868,0.9954,57,5,霸王茶姬,60.7,64.33,evidence/card_0078.jpg,ocr/input_videos\上海__五角场万达广场__20260825.mp4,霸王茶姬 | 🌟🌟🎉🎉 | 4.0茶饮果汁￥18/人 | F1 | CHAGEE | 营业中 | ￥189折 | ￥20 | 惠 | 【新会员专享】伯牙绝弦,🌟🌟🎉🎉 | 4.0茶饮果汁￥18/人 | F1,结构完整,
CARD-0079,五角场万达广场,俏修堂·三焦指针减肥·连锁,俏修堂·三焦指针减肥·连锁,瘦身纤体,4.2,213,商场内,rated,True,,rated,parsed,rating_anchor,0.9816,0.9861,54,4,俏修堂·三焦指针减肥·连锁,61.5,64.33,evidence/card_0079.jpg,ocr/input_videos\上海__五角场万达广场__20260825.mp4,俏修堂·三焦指针减肥·连锁 | 签约服务 | 🌟🌟⭐ | 商场内 | 4.2瘦身纤体￥213/人 | 月瘦20个 | 不瘦免单 | “减肥效果显著，手法专业” | 中国平安·承保品牌,🌟🌟⭐ | 商场内 | 4.2瘦身纤体￥213/人,结构完整,
CARD-0080,五角场万达广场,喜茶,喜茶,茶饮果汁,,16,商场内,new_store,False,new_store,ocr_missing,parsed,metadata_anchor,0.9813,0.9979,69,3,喜茶,63.72,65.54,evidence/card_0080.jpg,ocr/input_videos\上海__五角场万达广场__20260825.mp4,喜茶 | 新店 | 商场内 | 茶饮果汁￥16/人 | 点评榜单 | 杨浦区饮品热门榜第1名 | 10:00营业 | ￥10.8 | ￥23 | 【新店有礼】半价喝. | 4.7折 | 惠,新店 | 商场内 | 茶饮果汁￥16/人,研究排除,
CARD-0081,五角场万达广场,永民手作,永民手作,茶饮果汁,3.7,12,B1,rated,True,,rated,parsed,rating_anchor,0.9636,0.9999,59,1,永民手作,65.54,65.54,evidence/card_0081.jpg,ocr/input_videos\上海__五角场万达广场__20260825.mp4,小珍珠 | 永民手作 | 冰奶 | 3.7 茶饮果汁￥12/人 | B1 | □感浓郁的珍珠奶茶，Q弹有韧劲” | “ | 10:00营业 | ￥13.85.4折 | ￥26 | 惠 | 【镇店之宝】双杯黑..,3.7 茶饮果汁￥12/人 | B1,建议复核,single_observation
CARD-0082,五角场万达广场,ARIOSE years,ARIOSEyears,服饰鞋包,3.8,,B1,rated,True,,rated,parsed,rating_anchor,0.9258,0.933,66,1,ARIOSE years,65.54,65.54,evidence/card_0082.jpg,ocr/input_videos\上海__五角场万达广场__20260825.mp4,ARIOSE years | ARIOSE | ⭐⭐3.8服饰鞋包 | B1 | 10:00营业,⭐⭐3.8服饰鞋包 | B1,建议复核,single_observation
CARD-0083,五角场万达广场,三月兽CAFE,三月兽CAFE,咖啡,3.8,,商场内,rated,True,,rated,parsed,rating_anchor,0.9978,0.9987,55,1,三月兽CAFE,65.54,65.54,evidence/card_0083.jpg,ocr/input_videos\上海__五角场万达广场__20260825.mp4,三月兽CAFE | 3.8咖啡 | ⭐🌟🌟🌟🌟 | 商场内 | Miarch-Monster | CACE | 营业中 | ￥466.8折 | ￥68 | 惠 | 【人气爆款】美式咖啡...,3.8咖啡 | ⭐🌟🌟🌟🌟 | 商场内,建议复核,single_observation
CARD-0084,五角场万达广场,JOYROAM快乐流浪,JOYROAM快乐流浪,茶饮果汁,,21,F1,new_store,False,new_store,ocr_missing,parsed,metadata_anchor,0.9824,0.9986,51,3,JOY ROAM快乐流浪 | JOYROAM快乐流浪,65.54,67.95,evidence/card_0084.jpg,ocr/input_videos\上海__五角场万达广场__20260825.mp4,JOYROAM快乐流浪 | 新店 | 茶饮果汁￥21/人 | F1 | IY BN | 点评榜单 | 杨浦区饮品打卡人气榜第1名 | 10:00营业 | ￥9.9 | ￥25 | 4折 | 惠 | 【清爽解腻】芭乐爆柠茶,新店 | 茶饮果汁￥21/人 | F1,研究排除,
CARD-0085,五角场万达广场,上海书城,上海书城,书店音像,4.8,80,B1,rated,True,,rated,parsed,rating_anchor,0.98,0.9999,56,2,上海书城,67.55,67.95,evidence/card_0085.jpg,ocr/input_videos\上海__五角场万达广场__20260825.mp4,上海书城 | ★★🌟★🌟 | B1 | 书店音像￥80/人 | 4.8 | 点评榜单 | 五角场/大学路书店音像好评榜第5名 | 10:00营业 | 大红花台阶，读书喝茶好享受,★★🌟★🌟 | B1 | 书店音像￥80/人 | 4.8,结构完整,
CARD-0086,五角场万达广场,瑞幸咖啡,瑞幸咖啡,咖啡,4.2,15,B1,rated,True,,rated,parsed,rating_anchor,0.9748,0.9999,57,2,瑞幸咖啡,67.55,67.95,evidence/card_0086.jpg,ocr/input_videos\上海__五角场万达广场__20260825.mp4,瑞幸咖啡 | 🌟🌟🌟🌟 | B1 | 咖啡￥15/人 | 4.2 | 点评榜单 | 五角场/大学路咖啡好评榜第7名 | 双10:00营业场！ | 性价比高，每款咖啡都好喝 | C | ￥11.45.7折 | ￥20 | 【瑞门闭眼入】10选1 | 惠,🌟🌟🌟🌟 | B1 | 咖啡￥15/人 | 4.2,结构完整,
CARD-0087,五角场万达广场,Yee3·三号椰·椰子炒冰,Yee3·三号椰·椰子炒冰,茶饮果汁,4.1,21,F1,rated,True,,rated,parsed,rating_anchor,0.9745,0.9868,55,5,Yee3·三号椰·椰子炒冰,67.55,71.18,evidence/card_0087.jpg,ocr/input_videos\上海__五角场万达广场__20260825.mp4,Yee3·三号椰·椰子炒冰 | Xo83 | 中 | 4.1茶饮果汁￥21/人 | F1 | 营业中永夜 | ￥13.97折 | ￥20 | 【新客特惠】补充每. | 惠,4.1茶饮果汁￥21/人 | F1,结构完整,
CARD-0088,五角场万达广场,ORGANIC WORK,ORGANICWORK,服装,3.6,685,B1,rated,True,,rated,parsed,rating_anchor,0.9605,0.9773,48,5,ORGANIC WORK,67.55,71.18,evidence/card_0088.jpg,ocr/input_videos\上海__五角场万达广场__20260825.mp4,ORGANIC WORK | ORGANIC WORK | B1 | 3.6服装￥685/人 | 0 | 日系感满满的牛仔套装，简约松弛” | “ | 10:00营业,B1 | 3.6服装￥685/人,结构完整,
CARD-0089,五角场万达广场,Lemon scent 春柠香香,Lemonscent春柠香香,茶饮果汁,,18,B1,new_store,False,new_store,ocr_missing,parsed,metadata_anchor,0.9811,0.9933,61,3,Lemon scent 春柠香香,69.97,71.18,evidence/card_0089.jpg,ocr/input_videos\上海__五角场万达广场__20260825.mp4,Lemon scent 春柠香香 | scent | 新店 | 茶饮果汁￥18/人 | B1 | 点评榜单 | 杨浦区茶饮果汁打卡人气榜第4名 | 10:00营业 | ￥21 | ￥17.9 | 惠 | 8.6折 | 【招牌必点】柠檬特….,新店 | 茶饮果汁￥18/人 | B1,研究排除,
CARD-0090,五角场万达广场,DQ·蛋糕·冰淇淋,DQ·蛋糕·冰淇淋,冰淇淋,4.2,28,F1,rated,True,,rated,parsed,rating_anchor,0.9782,0.9785,55,4,DQ·蛋糕·冰淇淋 | DQ·鱼糕·冰淇淋,69.97,71.99,evidence/card_0090.jpg,ocr/input_videos\上海__五角场万达广场__20260825.mp4,DQ·蛋糕·冰淇淋 | DQ | 芒果棉米 | 🌟🌟 | F1 | 4.2冰淇淋￥28/人 | 点评榜单 | 杨浦区冰淇淋打卡人气榜第1名 | 营业中 | ￥19.9 | 9.2折 | ￥18.2 | 【爆品】DQ双头怪 | 惠,🌟🌟 | F1 | 4.2冰淇淋￥28/人,结构完整,
CARD-0091,五角场万达广场,Champion,Champion,服饰鞋包,4.3,,B1,rated,True,,rated,parsed,rating_anchor,0.9994,0.9994,60,2,Champion,71.18,71.99,evidence/card_0091.jpg,ocr/input_videos\上海__五角场万达广场__20260825.mp4,Champion | ⭐🌟⭐⭐⭐ | B1 | 服饰鞋包 | 4.3 | 哈利波特联名，购物体验超满意 | 10:00营业,⭐🌟⭐⭐⭐ | B1 | 服饰鞋包 | 4.3,结构完整,
CARD-0092,五角场万达广场,野人先生Gelato,野人先生Gelato,冰淇淋,4.2,29,B1,rated,True,,rated,parsed,rating_anchor,0.9458,0.9989,51,2,野人先生Gelato,71.99,73.2,evidence/card_0092.jpg,ocr/input_videos\上海__五角场万达广场__20260825.mp4,野人先生Gelato | MRAA | 山野 | 改瑰 | 4.2冰淇淋￥29/人 | B1 | GELATO | 大米味冰淇淋，真实口感 | B | “ | 10:00营业 | ￥369.5折 | ￥38 | 惠 | 【任意拼】双拼口味冰..,4.2冰淇淋￥29/人 | B1,结构完整,
CARD-0093,五角场万达广场,煲珠公·老红糖珍珠奶茶,煲珠公·老红糖珍珠奶茶,茶饮果汁,4.3,,B1,rated,True,,rated,parsed,rating_anchor,0.9835,0.9943,55,2,煲珠公·老红糖珍珠奶茶,71.99,73.2,evidence/card_0093.jpg,ocr/input_videos\上海__五角场万达广场__20260825.mp4,煲珠公·老红糖珍珠奶茶 | 配年公 | 土芭乐的香 | B1 | 4.3茶饮果汁￥14/ | ★🌟★★ | 点评榜单 | 五角场/大学路茶饮果汁打卡人气榜第9名 | 营业中 | 甜而不腻，红糖珍珠奶茶超好喝 | 55 | “ | ￥18老红糖珍珠奶茶（首.. | ￥15.9 | 8.9折 | 惠,B1 | 4.3茶饮果汁￥14/ | ★🌟★★,结构完整,
CARD-0094,五角场万达广场,CAMIE DINA卡梅荻娜,CAMIEDINA卡梅荻娜,化妆品,4.0,,B1,rated,True,,rated,parsed,rating_anchor,0.9742,0.949,58,4,CAMIE DINA卡梅荻娜 | CAMIEDINA卡梅荻娜,71.99,74.41,evidence/card_0094.jpg,ocr/input_videos\上海__五角场万达广场__20260825.mp4,CAMIE DINA卡梅荻娜 | 化妆品 | 🌟🌟⭐ | B1 | 4.0 | Camie Dina | ★ | 卡梅获娜 | 10:00营业,化妆品 | 🌟🌟⭐ | B1 | 4.0 | ★,结构完整,
CARD-0095,五角场万达广场,1点点,1点点,茶饮果汁,4.1,16,F3,rated,True,,rated,parsed,rating_anchor,0.9865,0.9991,72,4,1点点,73.2,75.21,evidence/card_0095.jpg,ocr/input_videos\上海__五角场万达广场__20260825.mp4,1点点 | 🌟🌟⭐⭐ | F3 | 4.1茶饮果汁￥16/人 | ★ | 照黑 | 10:00营业 | ￥17.1 | 9.5折 | ￥18 | （大杯） | 惠 | QQ美莓奶茶,🌟🌟⭐⭐ | F3 | 4.1茶饮果汁￥16/人 | ★,结构完整,
CARD-0096,五角场万达广场,LuckHaHa好运椰,LuckHaHa好运椰,饮品,3.7,22,F3,rated,True,,rated,parsed,rating_anchor,0.9694,0.9979,55,4,LuckHaHa好运椰,73.2,75.21,evidence/card_0096.jpg,ocr/input_videos\上海__五角场万达广场__20260825.mp4,LuckHaHa好运椰 | 3.7饮品￥22/人 | F3 | 10:00营业 | ￥21.9 | ￥26好运粉椰 | 8.5折 | 惠,3.7饮品￥22/人 | F3,结构完整,
CARD-0097,五角场万达广场,中国银行,中国银行,营业网点,3.2,,F1,rated,True,,rated,parsed,rating_anchor,0.9468,0.9996,60,5,中国银行,73.8,76.42,evidence/card_0097.jpg,ocr/input_videos\上海__五角场万达广场__20260825.mp4,中国银行 | ⭐3.2 营业网点 | F1 | 营业中,⭐3.2 营业网点 | F1,结构完整,
CARD-0098,五角场万达广场,星巴克,星巴克,咖啡,3.9,36,F1,rated,True,,rated,parsed,rating_anchor,0.9791,0.9997,66,5,星巴克,73.8,76.42,evidence/card_0098.jpg,ocr/input_videos\上海__五角场万达广场__20260825.mp4,星巴克 | 3.9咖啡￥36/人 | 🌟🌟🌟🌟🌟 | F1 | 真茶萱业虫爱你 | ￥59.9 | 【爆款推荐】星巴克. | 7.7折 | ￥78 | 惠,3.9咖啡￥36/人 | 🌟🌟🌟🌟🌟 | F1,结构完整,
CARD-0099,五角场万达广场,CAIMIICDIINA下呼欢劝,CAIMIICDIINA下呼欢劝,化妆品,4.0,,B1,rated,True,,rated,parsed,rating_anchor,0.8391,0.68,33,1,CAIMIICDIINA下呼欢劝,75.21,75.21,evidence/card_0099.jpg,ocr/input_videos\上海__五角场万达广场__20260825.mp4,CAIMIICDIINA下呼欢劝 | 化妆品 | B1 | 🌟🌟🌟🎉 | 4.0 | Camie Dina | ★ | 卡梅获娜 | 10:00营业,化妆品 | B1 | 🌟🌟🌟🎉 | 4.0 | ★,建议复核,single_observation | low_title_confidence
CARD-0100,五角场万达广场,椿风养生手作,椿风养生手作,茶饮果汁,3.8,19,B1,rated,True,,rated,parsed,rating_anchor,0.9796,0.9977,54,4,椿风养生手作,75.21,77.03,evidence/card_0100.jpg,ocr/input_videos\上海__五角场万达广场__20260825.mp4,椿风养生手作 | 夏日消暑 | 3.8茶饮果汁￥19/人 | B1 | 10:00营业 | ￥17.97.8折 | 【复购王】米糯糯芋.. | ￥23 | 惠 | ￥0.10.4折 | ￥33元代金券 | 惠,3.8茶饮果汁￥19/人 | B1,结构完整,
CARD-0101,五角场万达广场,CASIO,CASIO,钟表,4.7,,B1,rated,True,,rated,parsed,rating_anchor,0.9847,0.994,54,5,CASIO,76.02,78.04,evidence/card_0101.jpg,ocr/input_videos\上海__五角场万达广场__20260825.mp4,CASIO | CASIO | 4.7钟表690/人 | B1 | “技术杠杠的，防水款游泳可以戴 | 10:00营业 | 维蜜益派手作黑巧 | 手作,4.7钟表690/人 | B1,结构完整,
CARD-0102,五角场万达广场,维蜜益派手作黑巧,维蜜益派手作黑巧,甜品,3.5,49,F1,rated,True,,rated,parsed,rating_anchor,0.9686,0.9962,54,3,维蜜益派手作黑巧,77.03,78.04,evidence/card_0102.jpg,ocr/input_videos\上海__五角场万达广场__20260825.mp4,维蜜益派手作黑巧 | 手作 | 3.5甜品￥49/人 | F1 | 黑巧 | VFGEMORE | 10:00营业 | ￥36 | 5.6折 | 【0糖手作】夹心巧.. | ￥19.9 | 惠,3.5甜品￥49/人 | F1,结构完整,
CARD-0103,五角场万达广场,格瑞思GRACE,格瑞思GRACE,甜品,3.8,33,B1,rated,True,,rated,parsed,rating_anchor,0.9991,0.9983,55,3,格瑞思GRACE,77.03,78.04,evidence/card_0103.jpg,ocr/input_videos\上海__五角场万达广场__20260825.mp4,格瑞思GRACE | 🌟🌟🌟🌟🌟 | B1 | 甜品 | ￥33/人 | 3.8 | 点评榜单 | 五角场/大学路甜品回头客榜第7名 | 10:00营业 | 鲜肉月饼，口感鲜美，不输名牌 | ￥18.87.3折 | 】巴斯克.. | ￥26 | 惠 | 【上海限定】,🌟🌟🌟🌟🌟 | B1 | 甜品 | ￥33/人 | 3.8,结构完整,
CARD-0104,五角场万达广场,三月兽,三月兽,玩具,4.1,130,B1,rated,True,,rated,parsed,rating_anchor,0.9817,0.9997,59,2,三月兽,77.63,78.04,evidence/card_0104.jpg,ocr/input_videos\上海__五角场万达广场__20260825.mp4,三月兽 | 🌟🌟🌟🌟 | B1 | 4.1玩具￥130/人 | ★ | 潮玩手办丰富，二次元店人气爆棚 | 10:00营业,🌟🌟🌟🌟 | B1 | 4.1玩具￥130/人 | ★,结构完整,
CARD-0105,五角场万达广场,Popeyes炸鸡·汉堡·奶昔,Popeyes炸鸡·汉堡·奶昔,西式快餐,3.9,32,B1,rated,True,,rated,parsed,rating_anchor,0.9777,0.9885,57,4,Popeyes炸鸡·汉堡·奶昔,77.63,80.05,evidence/card_0105.jpg,ocr/input_videos\上海__五角场万达广场__20260825.mp4,Popeyes炸鸡·汉堡·奶昔 | popeyes | 食球潮盟洋购品牌 | B1 | 🌟🌟🎉🌟🌟 | 3.9 | 西式快餐￥32/人 | 点评榜单 | 杨浦区小吃快餐打卡人气榜第2名 | 买10:00营业价 | 大块炸鸡汉堡，口感酥脆 | G | ￥29.9 | 惠 | 4.7折 | ￥64 | 【万人推荐】汉堡炸..,B1 | 🌟🌟🎉🌟🌟 | 3.9 | 西式快餐￥32/人,结构完整,
CARD-0106,五角场万达广场,二月詈,二月詈,玩具,4.1,130,B1,rated,True,,rated,parsed,rating_anchor,0.8441,0.7418,49,1,二月詈,79.65,79.65,evidence/card_0106.jpg,ocr/input_videos\上海__五角场万达广场__20260825.mp4,二月詈 | 4.1玩具￥130/人 | B1 | 潮玩手办丰富，二次元店人气爆棚 | 10:00营业,4.1玩具￥130/人 | B1,建议复核,single_observation | low_title_confidence
CARD-0107,五角场万达广场,小杨生煎,小杨生煎,生煎,3.9,31,B1,rated,True,,rated,parsed,rating_anchor,0.9743,0.9984,59,2,小杨生煎,79.65,80.05,evidence/card_0107.jpg,ocr/input_videos\上海__五角场万达广场__20260825.mp4,小杨生煎 | B1 | 🌟🌟🌟🌟🌟 | 3.9生煎￥31/人 | 点评榜单 | 小極生煎 | 杨浦区生煎销量榜第1名 | 10:00营业 | “推荐杨煎，价格合适，味道好” | ￥25.4 | ￥30 | 8.5折 | 惠 | 煎持打卡餐,B1 | 🌟🌟🌟🌟🌟 | 3.9生煎￥31/人,结构完整,
CARD-0108,五角场万达广场,雷神THUNDEROBOT,雷神THUNDEROBOT,数码产品,3.6,2163,F1,rated,True,,rated,parsed,rating_anchor,0.9996,0.9994,55,2,雷神THUNDEROBOT,79.65,80.05,evidence/card_0108.jpg,ocr/input_videos\上海__五角场万达广场__20260825.mp4,雷神THUNDEROBOT | F1 | 🌟🌟⭐🌟🌟 | 数码产品 | 3.6 | ￥2163/人 | HUNOEROBOT | 雷神 | “机甲风装修，科技蓝灯光氛围感拉满! | 3 | 10:00营业,F1 | 🌟🌟⭐🌟🌟 | 数码产品 | 3.6 | ￥2163/人,结构完整,
CARD-0109,五角场万达广场,煌上煌,煌上煌,熟食熏酱,3.4,41,B1,rated,True,,rated,parsed,rating_anchor,0.9824,0.9996,58,4,煌上煌,79.65,82.67,evidence/card_0109.jpg,ocr/input_videos\上海__五角场万达广场__20260825.mp4,煌上煌 | ⭐🌟 | 3.4熟食熏酱￥41/人 | B1 | ★★ | 煌上煌 | 环境整洁，手撕酱鸭肉多骨少” | 营业中 | ￥9.9 | ￥7.9 | 惠 | 8折 | 【入会享好价】4个鸭...,⭐🌟 | 3.4熟食熏酱￥41/人 | B1 | ★★,结构完整,
CARD-0110,五角场万达广场,卷三张·香酥牛肉饼,卷三张·香酥牛肉饼,快餐简餐,3.9,15,B1,rated,True,,rated,parsed,rating_anchor,0.9723,0.9802,54,3,卷三张·香酥牛肉饼,80.05,82.67,evidence/card_0110.jpg,ocr/input_videos\上海__五角场万达广场__20260825.mp4,卷三张·香酥牛肉饼 | 卷三张 | 3.9快餐简餐￥15/人 | B1 | 手作牛肉快门店 | 10:00营业 | ￥9.9 | 7.7折 | ￥13 | 【黑猪肉饼-肉质紧实... | 惠,3.9快餐简餐￥15/人 | B1,结构完整,
CARD-0111,五角场万达广场,Columbia,Columbia,运动户外,3.4,,B1,rated,True,,rated,parsed,rating_anchor,0.9987,0.9997,53,2,Columbia,82.07,82.67,evidence/card_0111.jpg,ocr/input_videos\上海__五角场万达广场__20260825.mp4,Columbia | 🌟🌟🌟🌟 | 3.4运动户外 | B1 | 新款羽绒服轻暖双侠，内胆可拆灵活应对 | 10:00营业,🌟🌟🌟🌟 | 3.4运动户外 | B1,结构完整,
CARD-0112,五角场万达广场,满记甜品,满记甜品,甜品,3.7,37,F2,rated,True,,rated,parsed,rating_anchor,0.9773,0.9999,59,5,满记甜品,82.07,85.09,evidence/card_0112.jpg,ocr/input_videos\上海__五角场万达广场__20260825.mp4,满记甜品 | 精 | ★★🌟🌟🌟 | F2 | 3.7甜品￥37/人 | 10:00营业 | ￥25.798.9折 | ￥29 | 惠 | 【爆款】杨枝甘露 | ￥50 | 惠 | 9.6折 | 【S】5 | ￥48 | 50元代金券,★★🌟🌟🌟 | F2 | 3.7甜品￥37/人,结构完整,
CARD-0113,五角场万达广场,子弹面馆,子弹面馆,面馆,4.1,33,F1,rated,True,,rated,parsed,rating_anchor,0.9733,0.9967,57,3,子弹面馆,84.09,85.09,evidence/card_0113.jpg,ocr/input_videos\上海__五角场万达广场__20260825.mp4,子弹面馆 | ⭐🌟⭐🌟 | 面馆￥33/人 | F1 | 4.1 | 子弹 | 点评榜单 | 五角场/大学路面馆环境榜第5名 | 10:00营业 | “很劲道，鸡丁猪肝拌味道超赞” | “ | ￥29.97.7折 | ￥39 | 【王炸宠粉】鸡丁猪. | 惠,⭐🌟⭐🌟 | 面馆￥33/人 | F1 | 4.1,结构完整,
CARD-0114,五角场万达广场,LIOU&LANS了岗,LIOU&LANS了岗,服装,3.8,,商场内,rated,True,,rated,parsed,rating_anchor,0.9954,0.9911,51,3,LIOU&LANS了岗,84.09,85.09,evidence/card_0114.jpg,ocr/input_videos\上海__五角场万达广场__20260825.mp4,LIOU&LANS了岗 | LOUILANEGTA | 商场内 | 服装 | 🌟🌟🎉🌟⭐3.8 | 10:00营业,商场内 | 服装 | 🌟🌟🎉🌟⭐3.8,结构完整,
CARD-0115,五角场万达广场,红盔甲·小龙虾,红盔甲·小龙虾,小龙虾,4.7,182,F1,rated,True,,rated,parsed,rating_anchor,0.9833,0.9926,55,5,红盔甲·小龙虾,84.09,86.71,evidence/card_0115.jpg,ocr/input_videos\上海__五角场万达广场__20260825.mp4,新品上市 | 红盔甲·小龙虾 | 世隆黑蟹泛只蟹 | F1 | 🌟🌟★★🌟 | 4.7小龙虾￥182/人 | 点评榜单 | 杨浦区小龙虾回头客榜第1名 | ￥19.8 | ￥14.8 | 7.5折 | 惠 | 酸梅汁 | 【清爽一夏】 | ￥98 | ￥100100元代金券 | 9.8折 | 惠,F1 | 🌟🌟★★🌟 | 4.7小龙虾￥182/人,结构完整,
CARD-0116,五角场万达广场,鮨士道寿司,鮨士道寿司,小吃快餐,4.2,44,B1,rated,True,,rated,parsed,rating_anchor,0.9934,0.9875,55,3,鮨士道寿司,85.09,86.71,evidence/card_0116.jpg,ocr/input_videos\上海__五角场万达广场__20260825.mp4,鮨士道寿司 | 熊士道 | IEDYISHIDA | YISHID | ⭐🌟🌟🌟 | B1 | 4.2 | 小吃快餐 | ￥44/人 | ★,⭐🌟🌟🌟 | B1 | 4.2 | 小吃快餐 | ￥44/人 | ★,结构完整,
CARD-0117,五角场万达广场,猫人,猫人,服饰鞋包,4.3,243,B1,rated,True,,rated,parsed,rating_anchor,0.9732,0.986,66,2,猫人,86.1,86.71,evidence/card_0117.jpg,ocr/input_videos\上海__五角场万达广场__20260825.mp4,猫人 | X | 🌟🌟🌟🌟 | B1 | 服饰鞋包￥243/人 | 4.3 | ★ | “满三件四五折，内衣家居服超好穿! | 55 | MIIOW | 10:00营业,🌟🌟🌟🌟 | B1 | 服饰鞋包￥243/人 | 4.3 | ★,结构完整,
CARD-0118,五角场万达广场,老乡鸡,老乡鸡,快餐简餐,3.8,28,B1,rated,True,,rated,parsed,rating_anchor,0.9839,0.9999,62,3,老乡鸡,86.1,88.12,evidence/card_0118.jpg,ocr/input_videos\上海__五角场万达广场__20260825.mp4,老乡鸡 | 透明溯源 | 🌟🌟🌟💥⭐ | B1 | 健康安心 | 3.8快餐简餐￥28/人 | 辣椒炒肉口感绝佳，服务热情 | C | 10:00营业 | ￥24 | ￥17.9 | 【品牌新人礼】小炒.. | 7.5折 | 惠,🌟🌟🌟💥⭐ | B1 | 3.8快餐简餐￥28/人,结构完整,
CARD-0119,五角场万达广场,糖小满·冰糖葫芦,糖小满·冰糖葫芦,小吃快餐,4.1,19,F1,rated,True,,rated,parsed,rating_anchor,0.9736,0.9819,54,6,糖小满·冰糖葫芦,86.1,90.74,evidence/card_0119.jpg,ocr/input_videos\上海__五角场万达广场__20260825.mp4,糖小满·冰糖葫芦 | F1 | 4.1小吃快餐￥19/人 | 10:00营业 | ￥7.87.9折 | ￥9.9大串山楂冰糖葫芦 | 惠,F1 | 4.1小吃快餐￥19/人,结构完整,
CARD-0120,五角场万达广场,佳匠修配,佳匠修配,修鞋擦鞋,4.5,25,B1,rated,True,,rated,parsed,rating_anchor,0.9773,0.9999,56,5,佳匠修配,88.12,90.94,evidence/card_0120.jpg,ocr/input_videos\上海__五角场万达广场__20260825.mp4,佳匠修配 | 佳匠 | B1 | 4.5修鞋擦鞋￥25/人 | 佟配 | 杨浦区洗涤销量榜实体店第3名 | 10:00营业 | 师傅手艺好，底贴得自然 | 力 | ￥2￥10 | 惠 | 【精工维修】皮带打孔,B1 | 4.5修鞋擦鞋￥25/人,结构完整,
CARD-0121,五角场万达广场,胖哥俩肉蟹煲,胖哥俩肉蟹煲,肉蟹煲,4.2,92,F4,rated,True,,rated,parsed,rating_anchor,0.9864,0.9995,52,5,胖哥俩肉蟹煲,88.12,90.94,evidence/card_0121.jpg,ocr/input_videos\上海__五角场万达广场__20260825.mp4,胖哥俩肉蟹煲 | F4 | 🌟🌟⭐🌟 | 4.2肉蟹煲￥92/人 | ★ | BANA | 点评榜单 | 五角场/大学路鱼鲜海鲜打卡人气榜第5名 | 10:00营业 | 正宗口味，回味无穷，服务热情 | S | 1 | ￥3.8 | 1.5折 | ￥25.8小零食 | 惠 | ￥90.259.1折 | ￥100 | 【结账必用】100... | 惠,F4 | 🌟🌟⭐🌟 | 4.2肉蟹煲￥92/人 | ★,结构完整,
CARD-0122,五角场万达广场,剪花娘子·陕西面馆,剪花娘子·陕西面馆,快餐简餐,3.8,31,B1,rated,True,,rated,parsed,rating_anchor,0.9752,0.99,56,6,剪花娘子·陕西面馆,88.12,91.55,evidence/card_0122.jpg,ocr/input_videos\上海__五角场万达广场__20260825.mp4,剪花娘子·陕西面馆 | B1 | 3.8快餐简餐￥31/人 | 点评榜单 | 五角场/大学路小吃快餐销量榜第6名 | 10:00营业 | 口味赞，服务贴心，下次还想尝 | “ | ￥24.97.9折 | ￥31.8M13肉夹馍凉皮套.. | 惠,B1 | 3.8快餐简餐￥31/人,结构完整,
CARD-0123,五角场万达广场,安踏,安踏,运动户外,4.5,655,B1,rated,True,,rated,parsed,rating_anchor,0.9753,0.9998,62,2,安踏,90.94,91.55,evidence/card_0123.jpg,ocr/input_videos\上海__五角场万达广场__20260825.mp4,安踏 | anloRs | 4.5运动户外￥655/人 | B1 | 防晒衣凉感科技，印花T恤国风街头混搭 | 10:00营业,4.5运动户外￥655/人 | B1,结构完整,
CARD-0124,五角场万达广场,欧味多,欧味多,零食,3.7,,B1,rated,True,,rated,parsed,rating_anchor,0.9796,0.9997,58,2,欧味多,90.94,91.55,evidence/card_0124.jpg,ocr/input_videos\上海__五角场万达广场__20260825.mp4,欧味多 | 客食 | 欧味多 | 3.7零食68/人 | B1 | FOOD AND MGOD | 10:00营业 | ￥57.2折 | ￥6.96 | 惠 | 【专治不爱吃蔬菜】综.. | ￥909折 | ￥100 | 惠 | 【520专享】100元代金券,3.7零食68/人 | B1,结构完整,
CARD-0125,五角场万达广场,肯德基,肯德基,西式快餐,4.0,31,F1,rated,True,,rated,parsed,rating_anchor,0.9749,0.9995,61,1,肯德基,91.55,91.55,evidence/card_0125.jpg,ocr/input_videos\上海__五角场万达广场__20260825.mp4,肯德基 | KFC | 原味鸡肉霸堡 | 新 | 🌟🌟⭐🎉 | 西式快餐￥31/人 | F1 | 4.0 | ★ | 29.9/37 | 上下解是系速源 | 我量印购真码 | 肯德基汉堡，冬季里的第一份美味” | “ | 营业中 | ￥39.5 | ￥19.9 | 5.1折 | 惠 | 【汉堡可选】主食.,🌟🌟⭐🎉 | 西式快餐￥31/人 | F1 | 4.0 | ★,建议复核,single_observation
CARD-0126,五角场万达广场,New Balance,NewBalance,服饰鞋包,3.9,,B1,rated,True,,rated,parsed,rating_anchor,0.9921,0.9846,51,3,New Balance,91.55,93.56,evidence/card_0126.jpg,ocr/input_videos\上海__五角场万达广场__20260825.mp4,New Balance | 3 | 🌟🌟3.9 | B1 | 服饰鞋包 | new balance | 10:00营业,🌟🌟3.9 | B1 | 服饰鞋包,结构完整,
CARD-0127,五角场万达广场,大龙汤包,大龙汤包,包子,3.9,35,B1,rated,True,,rated,parsed,rating_anchor,0.973,0.9996,57,3,大龙汤包,93.16,94.57,evidence/card_0127.jpg,ocr/input_videos\上海__五角场万达广场__20260825.mp4,大龙汤包 | 🌟🌟🌟🌟🌟 | B1 | 包子￥35/人 | 3.9 | 点评榜单 | 杨浦区包子销量榜第1名 | 大载活包品 | 10:00营业 | ￥38.258.5折 | ￥45 | 【单人套餐】鲜肉. | 惠,🌟🌟🌟🌟🌟 | B1 | 包子￥35/人 | 3.9,结构完整,
CARD-0128,五角场万达广场,焗外人·盐焗零食,焗外人·盐焗零食,零食,,51,B1,new_store,False,new_store,ocr_missing,parsed,metadata_anchor,0.9607,0.9776,55,3,焗外人·盐焗零食,93.16,94.57,evidence/card_0128.jpg,ocr/input_videos\上海__五角场万达广场__20260825.mp4,焗外人·盐焗零食 | 焗外人 | 新店 | B1 | 零食￥51/人 | 10:00营业 | 【周末看球必备】盐.. | ￥19.8 | 6.2折 | ￥32 | 惠 | ￥45 | 9折 | ￥50 | 惠 | 【结账必用】 | 50元代金券,新店 | B1 | 零食￥51/人,研究排除,
CARD-0129,五角场万达广场,New Balance,NewBalance,服饰鞋包,3.6,791,F2,rated,True,,rated,parsed,rating_anchor,0.9782,0.9871,51,3,New Balance,93.16,95.78,evidence/card_0129.jpg,ocr/input_videos\上海__五角场万达广场__20260825.mp4,New Balance | 书 | 🌟🌟3.6 | 服饰鞋包￥791/人 | F2 | new balance | 10:00营业,🌟🌟3.6 | 服饰鞋包￥791/人 | F2,结构完整,
CARD-0130,五角场万达广场,麦当劳,麦当劳,西式快餐,3.9,29,商场内,rated,True,,rated,parsed,rating_anchor,0.9989,0.9986,58,5,麦当劳,93.16,95.78,evidence/card_0130.jpg,ocr/input_videos\上海__五角场万达广场__20260825.mp4,麦当劳 | m | 商心配 | 133 | 中商更字 | 🌟🌟⭐🌟🌟 | 商场内 | 西式快餐 | ￥29/人 | 3.9 | 市产点,🌟🌟⭐🌟🌟 | 商场内 | 西式快餐 | ￥29/人 | 3.9,结构完整,
CARD-0131,五角场万达广场,New,New,服饰鞋包,3.6,791,F2,rated,True,,rated,parsed,rating_anchor,0.984,0.9981,44,2,New | New |,93.56,94.57,evidence/card_0131.jpg,ocr/input_videos\上海__五角场万达广场__20260825.mp4,Balance | New | 部 | ⭐🌟🌟🌟🌟 | F2 | 服饰鞋包￥791/人 | 3.6 | new balance | 10:00营业,⭐🌟🌟🌟🌟 | F2 | 服饰鞋包￥791/人 | 3.6,结构完整,
CARD-0132,五角场万达广场,New,New,服饰鞋包,3.9,,B1,rated,True,,rated,parsed,rating_anchor,0.9985,0.9976,46,1,New,94.57,94.57,evidence/card_0132.jpg,ocr/input_videos\上海__五角场万达广场__20260825.mp4,Balance | New | 福 | 🌟🌟⭐🌟🌟 | 服饰鞋包 | B1 | 3.9 | new balance | 10:00营业,🌟🌟⭐🌟🌟 | 服饰鞋包 | B1 | 3.9,建议复核,single_observation
CARD-0133,五角场万达广场,手心兔・小吐司うさぎの杜べ一カ.,手心兔·小吐司うさぎの杜べ一カ.,面包蛋糕,4.0,28,B1,rated,True,,rated,parsed,rating_anchor,0.9589,0.9202,59,2,手心兔・小吐司うさぎの杜べ一カ. | 手心兔・小吐司うさぎの杜べ一カ..,95.18,95.78,evidence/card_0133.jpg,ocr/input_videos\上海__五角场万达广场__20260825.mp4,手心兔・小吐司うさぎの杜べ一カ. | 🌟🌟⭐⭐ | ￥28/人 | 4.0面包蛋糕 | B1 | 品种丰富，搭配券更优惠 | “ | 10:00营业 | 惠 | ￥9.9 | 6.6折 | ￥15「进店必点」小吐司 | ￥459折 | ￥5050元代金券 | 惠,🌟🌟⭐⭐ | ￥28/人 | 4.0面包蛋糕 | B1,结构完整,
CARD-0134,五角场万达广场,小米之家,小米之家,数码产品,3.7,2381,F1,rated,True,,rated,parsed,rating_anchor,0.983,0.9987,59,5,小米之家,95.18,97.8,evidence/card_0134.jpg,ocr/input_videos\上海__五角场万达广场__20260825.mp4,小米之家 | F1 | 3.7 | ⭐🌟🌟★★ | 数码产品￥2381/人 | MI | 10:00营业 | 福和面馆·始于2009 | 烟,F1 | 3.7 | ⭐🌟🌟★★ | 数码产品￥2381/人,结构完整,
CARD-0135,五角场万达广场,福和面馆·始于2009,福和面馆·始于2009,面馆,4.1,32,F1,rated,True,,rated,parsed,rating_anchor,0.9557,0.9643,57,4,福和面馆·始于2009,96.79,98.4,evidence/card_0135.jpg,ocr/input_videos\上海__五角场万达广场__20260825.mp4,福和面馆·始于2009 | F1 | 🌟🌟🌟 | 面馆￥32/人 | 4.1 | 照 | 点评榜单 | 杨浦区面馆打卡人气榜第1名 | 10:00营业 | ￥408.6折 | ￥47 | 惠 | 【招牌】单人套餐 | ￥47.5 | ￥5050元代金券 | 惠 | 9.5折,F1 | 🌟🌟🌟 | 面馆￥32/人 | 4.1,结构完整,
CARD-0136,五角场万达广场,西树泡芙,西树泡芙,甜品,4.3,28,F1,rated,True,,rated,parsed,rating_anchor,0.9737,0.998,59,4,西树泡芙,96.79,98.4,evidence/card_0136.jpg,ocr/input_videos\上海__五角场万达广场__20260825.mp4,西树泡芙 | ave | 黄热 | 心动脆巧泡芙 | ⭐🌟⭐⭐ | F1 | 甜品￥28/人 | 4.3 | 点评榜单 | 杨浦区甜品口味榜第7名 | 10:00营业 | ￥38 | ￥29.97.9折 | 【榴莲味也可选】王. | 惠 | 产号,⭐🌟⭐⭐ | F1 | 甜品￥28/人 | 4.3,结构完整,
CARD-0137,五角场万达广场,ing·玫丽盼染发,ing·玫丽盼染发,美发,4.9,548,商场内,rated,True,,rated,parsed,rating_anchor,0.9839,0.9679,60,4,ing·玫丽盼染发,96.79,98.4,evidence/card_0137.jpg,ocr/input_videos\上海__五角场万达广场__20260825.mp4,ing·玫丽盼染发 | 商场内 | 🌟🌟🌟🌟🌟 | ￥548/人 | 美发 | 4.9 | 点评榜单 | 杨浦区美发好评榜第4名 | 10:00营业 | 染膏味道小，头发顺滑如新 | ￥380￥480全头染发日本玫丽盼染发·. | 惠,商场内 | 🌟🌟🌟🌟🌟 | ￥548/人 | 美发 | 4.9,结构完整,
CARD-0138,五角场万达广场,吉屋出豬·金豬脂渣,吉屋出猪·金猪脂渣,快餐简餐,4.0,49,B1,rated,True,,rated,parsed,rating_anchor,0.9346,0.8716,50,5,吉屋出猪·金猪脂渣 | 吉屋出猪·金豬脂渣 | 吉屋出豬·金豬脂渣,97.19,99.81,evidence/card_0138.jpg,ocr/input_videos\上海__五角场万达广场__20260825.mp4,吉屋出豬·金豬脂渣 | 🌟🌟🌟🌟 | B1 | ￥49/人 | 快餐简餐 | 4.0 | 点评榜单 | 五角场/大学路小吃快餐回头客榜第7名 | 10:00营业 | 脆香可口，性价比高，口味独特 | J | ￥42.8 | 7.6折 | ￥57 | 惠 | 吉屋单人尝鲜套..,🌟🌟🌟🌟 | B1 | ￥49/人 | 快餐简餐 | 4.0,结构完整,
CARD-0139,五角场万达广场,小不之水,小不之水,数码产品,3.7,2381,F1,rated,True,,rated,parsed,rating_anchor,0.8331,0.6951,34,1,小不之水,98.4,98.4,evidence/card_0139.jpg,ocr/input_videos\上海__五角场万达广场__20260825.mp4,小不之水 | MI | 🌟🌟🎉🌟🌟 | 数码产品￥2381/人 | F1 | 3.7 | 10:00营业,🌟🌟🎉🌟🌟 | 数码产品￥2381/人 | F1 | 3.7,建议复核,single_observation | low_title_confidence
CARD-0140,五角场万达广场,LINLEE林里·手打柠檬茶,LINLEE林里·手打柠檬茶,茶饮果汁,,19,B1,new_store,False,new_store,ocr_missing,parsed,metadata_anchor,0.9767,0.988,50,2,LINLEE林里·手打柠檬茶,99.21,99.81,evidence/card_0140.jpg,ocr/input_videos\上海__五角场万达广场__20260825.mp4,H2LIM.CC | LINLEE林里·手打柠檬茶 | 这杯康普 | 好汽质 | 新店 | B1 | 茶饮果汁￥19/人 | 10:00营业 | ￥15 | ￥9.6 | 6.4折 | 【解腻闭眼囤】清新. | 惠,新店 | B1 | 茶饮果汁￥19/人,研究排除,
CARD-0141,五角场万达广场,MLB,MLB,运动户外,3.8,725,B1,rated,True,,rated,parsed,rating_anchor,0.9838,0.998,58,4,MLB,99.21,101.83,evidence/card_0141.jpg,ocr/input_videos\上海__五角场万达广场__20260825.mp4,MLB | 🌟🌟🌟🌟🌟 | B1 | 3.8运动户外￥725/人 | MLB | 新品速度超快，帽子版型多样 | ≤≤ | 力 | 10:00营业,🌟🌟🌟🌟🌟 | B1 | 3.8运动户外￥725/人,结构完整,
CARD-0142,五角场万达广场,哥哥の深夜食堂,哥哥の深夜食堂,日本料理,4.7,116,F5,rated,True,,rated,parsed,rating_anchor,0.9813,0.9995,52,4,哥哥の深夜食堂,99.21,101.83,evidence/card_0142.jpg,ocr/input_videos\上海__五角场万达广场__20260825.mp4,哥哥の深夜食堂 | 🌟🌟🌟⭐🌟 | F5 | 日本料理￥116/人 | 4.7 | 深食 | 夜 | 堂,🌟🌟🌟⭐🌟 | F5 | 日本料理￥116/人 | 4.7,结构完整,
CARD-0143,五角场万达广场,很久以前羊肉串,很久以前羊肉串,烤串,4.8,96,F1,rated,True,,rated,parsed,rating_anchor,0.9645,0.9998,53,4,很久以前羊肉串,99.21,101.83,evidence/card_0143.jpg,ocr/input_videos\上海__五角场万达广场__20260825.mp4,很久以前羊肉串 | F1 | 🌟🌟🌟🌟 | 烤串￥96/人 | 4.8 | 点评榜单 | 杨浦区烧烤烤串口味榜第1名 | 全国100+直营店 | 服务好，东西赞，小胖特别到位 | 55 | C | PRICH,F1 | 🌟🌟🌟🌟 | 烤串￥96/人 | 4.8,结构完整,
CARD-0144,五角场万达广场,PRICH,PRICH,服装,3.5,,F3,rated,True,,rated,parsed,rating_anchor,0.9983,0.9989,53,3,PRICH,99.81,101.83,evidence/card_0144.jpg,ocr/input_videos\上海__五角场万达广场__20260825.mp4,PRICH | 3.5服装 | F3 | 🌟🌟🌟🌟🌟,3.5服装 | F3 | 🌟🌟🌟🌟🌟,结构完整,
CARD-0145,五角场万达广场,FuLi福狸食堂・融合家庭料理,FuLi福狸食堂·融合家庭料理,西餐,4.0,85,F2,rated,True,,rated,parsed,rating_anchor,0.9648,0.9644,51,5,FuLi福狸食堂·融合家庭料理 | FuLi福狸食堂・融合家庭料理,101.23,104.45,evidence/card_0145.jpg,ocr/input_videos\上海__五角场万达广场__20260825.mp4,FuLi福狸食堂・融合家庭料理 | M | 花因叙旧 | 工 | 做轻食漫游 | F2 | ★★★★★ | 4.0西餐￥85/人 | 萨莉亚意式餐厅,F2 | ★★★★★ | 4.0西餐￥85/人,结构完整,
CARD-0146,五角场万达广场,萨莉亚意式餐厅,萨莉亚意式餐厅,意大利菜,3.8,51,F3,rated,True,,rated,parsed,rating_anchor,0.9822,0.9979,51,3,萨莉亚意式餐厅,102.84,104.45,evidence/card_0146.jpg,ocr/input_videos\上海__五角场万达广场__20260825.mp4,萨莉亚意式餐厅 | aizeriya | 🌟🌟🌟🌟⭐ | F3 | 3.8意大利菜￥51/人 | 意式餐厅 | 10:00营业,🌟🌟🌟🌟⭐ | F3 | 3.8意大利菜￥51/人,结构完整,
CARD-0147,五角场万达广场,久久金管家·黄金首饰回收,久久金管家·黄金首饰回收,金银首饰回收,4.3,,F1,rated,True,,rated,parsed,rating_anchor,0.9935,0.9874,51,3,久久金管家·黄金首饰回收,102.84,104.45,evidence/card_0147.jpg,ocr/input_videos\上海__五角场万达广场__20260825.mp4,久久金管家·黄金首饰回收 | 久久金管家 | IUHUJINHOUSEKEEPER | 🌟🌟⭐⭐ | F1 | 金银首饰回收 | 4.3 | 美团战略合作品牌 | 杨浦区回收服务销量榜第3名 | 国10:00营业 | 惠￥1￥99 | 【黄金首饰检测鉴定】专业仪...,🌟🌟⭐⭐ | F1 | 金银首饰回收 | 4.3,结构完整,
CARD-0148,五角场万达广场,费大厨辣椒炒肉,费大厨辣椒炒肉,湘菜,4.4,82,B1,rated,True,,rated,parsed,rating_anchor,0.9765,0.9918,51,3,费大厨辣椒炒肉,102.84,104.45,evidence/card_0148.jpg,ocr/input_videos\上海__五角场万达广场__20260825.mp4,费大厨辣椒炒肉 | 费大廚 | 🌟🌟🌟🌟 | B1 | 湘菜￥82/人 | 4.4 | 辣椒炒肉 | 点评榜单 | 杨浦区湘菜好评榜第2名 | 精选黑猪肉专业大厨炒,🌟🌟🌟🌟 | B1 | 湘菜￥82/人 | 4.4,结构完整,
CARD-0149,五角场万达广场,上海茶花与间餐饮管理有限公司,上海茶花与间餐饮管理有限公司,茶饮果汁,3.4,,商场内,rated,True,,rated,parsed,rating_anchor,0.9983,0.9994,53,4,上海茶花与间餐饮管理有限公司,102.84,105.26,evidence/card_0149.jpg,ocr/input_videos\上海__五角场万达广场__20260825.mp4,上海茶花与间餐饮管理有限公司 | 🌟🌟🌟 | 商场内 | 3.4茶饮果汁 | ★★ | 茶与花间 | A | aaO3T8a0,🌟🌟🌟 | 商场内 | 3.4茶饮果汁 | ★★,结构完整,
CARD-0150,五角场万达广场,Aqara Home绿米智能家居体验馆,AqaraHome绿米智能家居体验馆,智能家居,3.9,9040,F5,rated,True,,rated,parsed,rating_anchor,0.994,0.9881,56,4,Aqara Home绿米智能家居体验馆,102.84,105.26,evidence/card_0150.jpg,ocr/input_videos\上海__五角场万达广场__20260825.mp4,Aqara Home绿米智能家居体验馆 | Aqora Home | 站式全屋智能定制服务 | F5 | ★🌟★★★ | 3.9 | 智能家居 | ￥9040/人 | 全屋智能家居，体验高大尚 | 10:00营业,F5 | ★🌟★★★ | 3.9 | 智能家居 | ￥9040/人,结构完整,
CARD-0151,五角场万达广场,最山城不改良重庆火锅,最山城不改良重庆火锅,重庆火锅,,,F1,unrated,False,explicitly_unrated,unrated,parsed,unrated_anchor,0.9998,0.9998,54,4,最山城不改良重庆火锅,105.26,108.49,evidence/card_0151.jpg,ocr/input_videos\上海__五角场万达广场__20260825.mp4,最山城不改良重庆火锅 | 不收藏打卡 | 暂无星级 | 不索要评价 | F1 | ★★★★★ | 重庆火锅 | 不改良锅底 | 北弃,暂无星级 | F1 | ★★★★★ | 重庆火锅,研究排除,
CARD-0152,五角场万达广场,王奋斗贵州酸汤牛肉火锅,王奋斗贵州酸汤牛肉火锅,牛羊肉火锅,,,商场内,unrated,False,explicitly_unrated,unrated,parsed,unrated_anchor,0.999,0.9997,51,4,王奋斗贵州酸汤牛肉火锅,105.26,108.49,evidence/card_0152.jpg,ocr/input_videos\上海__五角场万达广场__20260825.mp4,王奋斗贵州酸汤牛肉火锅 | 商场内 | 🌟🌟★★🌟 | 暂无星级 | 牛羊肉火锅 | 即将开业,商场内 | 🌟🌟★★🌟 | 暂无星级 | 牛羊肉火锅,研究排除,
CARD-0153,五角场万达广场,阪织屋,阪织屋,服装,3.8,,B1,rated,True,,rated,parsed,rating_anchor,0.9989,0.9985,56,4,阪织屋,105.26,108.49,evidence/card_0153.jpg,ocr/input_videos\上海__五角场万达广场__20260825.mp4,阪织屋 | ★★★★ | 服装 | B1 | 3.8 | 袜子花样多，透气清爽舒适 | 10:00营业,★★★★ | 服装 | B1 | 3.8,结构完整,
CARD-0154,五角场万达广场,美珍香,美珍香,零食,3.8,79,F1,rated,True,,rated,parsed,rating_anchor,0.986,0.9999,58,4,美珍香,105.26,108.49,evidence/card_0154.jpg,ocr/input_videos\上海__五角场万达广场__20260825.mp4,美珍香 | 🌟🌟🎉🌟🌟 | 3.8零食￥79/人 | F1 | 翼珍香 | BEE CHENG HIANG | 10:00营业,🌟🌟🎉🌟🌟 | 3.8零食￥79/人 | F1,结构完整,
CARD-0155,五角场万达广场,Aqaanome绿不百能家店体验诣,Aqaanome绿不百能家店体验诣,智能家居,3.9,9040,F5,rated,True,,rated,parsed,rating_anchor,0.899,0.798,36,1,Aqaanome绿不百能家店体验诣,106.87,106.87,evidence/card_0155.jpg,ocr/input_videos\上海__五角场万达广场__20260825.mp4,Aqaanome绿不百能家店体验诣 | 站式全屋智能定制服 | F5 | ★★★ | 3.9 | 智能家居 | ￥9040/人 | 全屋智能家居，体验高大尚” | 10:00营业,F5 | ★★★ | 3.9 | 智能家居 | ￥9040/人,建议复核,single_observation | low_title_confidence
CARD-0156,五角场万达广场,美心月饼,美心月饼,面包蛋糕,3.5,123,B1,rated,True,,rated,parsed,rating_anchor,0.9989,0.9996,56,5,美心月饼,106.87,109.49,evidence/card_0156.jpg,ocr/input_videos\上海__五角场万达广场__20260825.mp4,美心月饼 | 美心月餅 | B1 | ★★★★★ | 面包蛋糕 | ￥123/人 | 香港 | 3.5 | HONG KONG MEIXIN MOONCAKES | 10:00营业,B1 | ★★★★★ | 面包蛋糕 | ￥123/人 | 3.5,结构完整,
CARD-0157,五角场万达广场,JNBY,JNBY,服饰鞋包,3.2,651,B1,rated,True,,rated,parsed,rating_anchor,0.9994,0.9993,49,4,JNBY,108.28,109.49,evidence/card_0157.jpg,ocr/input_videos\上海__五角场万达广场__20260825.mp4,JNBY | 🌟🌟🌟 | B1 | 服饰鞋包 | ★★ | ￥651/人 | 3.2 | JNBY | 衣服设计感强，服务态度很好 | 10:00营业,🌟🌟🌟 | B1 | 服饰鞋包 | ★★ | ￥651/人 | 3.2,结构完整,
CARD-0158,五角场万达广场,七宝老街汤团店,七宝老街汤团店,小吃快餐,3.5,22,F3,rated,True,,rated,parsed,rating_anchor,0.9993,0.9995,57,2,七宝老街汤团店,109.29,109.49,evidence/card_0158.jpg,ocr/input_videos\上海__五角场万达广场__20260825.mp4,七宝老街汤团店 | 七宵专街鸿图店 | 🌟🌟🌟🌟🌟 | ￥22/人 | F3 | 3.5 | 小吃快餐 | 10:00营业,🌟🌟🌟🌟🌟 | ￥22/人 | F3 | 3.5 | 小吃快餐,结构完整,
CARD-0159,五角场万达广场,哇鱿鱼,哇鱿鱼,其他中餐,3.2,62,F1,rated,True,,rated,parsed,rating_anchor,0.9831,0.992,58,2,哇鱿鱼,109.29,109.49,evidence/card_0159.jpg,ocr/input_videos\上海__五角场万达广场__20260825.mp4,哇鱿鱼 | ⭐🌟⭐ | ⭐⭐ | 3.2其他中餐￥62/人 | F1 | 10:00营业,⭐🌟⭐ | ⭐⭐ | 3.2其他中餐￥62/人 | F1,结构完整,
CARD-0160,五角场万达广场,无限运动馆,无限运动馆,体育场馆,3.6,542,F1,rated,True,,rated,parsed,rating_anchor,0.9997,0.9997,55,4,无限运动馆,109.29,110.91,evidence/card_0160.jpg,ocr/input_videos\上海__五角场万达广场__20260825.mp4,无限运动馆 | ⭐🌟🌟🌟🌟 | 无眼动 | F1 | 体育场馆 | ￥542/人 | 3.6 | 10:00营业,⭐🌟🌟🌟🌟 | F1 | 体育场馆 | ￥542/人 | 3.6,结构完整,
CARD-0161,五角场万达广场,楽喜线所,楽喜线所,小吃快餐,3.6,,B1,rated,True,,rated,parsed,rating_anchor,0.9995,0.9993,56,5,楽喜线所,109.29,111.91,evidence/card_0161.jpg,ocr/input_videos\上海__五角场万达广场__20260825.mp4,楽喜线所 | 🌟🌟🌟🌟🌟 | B1 | 小吃快餐 | 3.6,🌟🌟🌟🌟🌟 | B1 | 小吃快餐 | 3.6,结构完整,
CARD-0162,五角场万达广场,喜多藏·精致便当,喜多藏·精致便当,小吃快餐,3.4,,商场内,rated,True,,rated,parsed,rating_anchor,0.9728,0.9502,52,5,喜多藏·精致便当,110.3,112.72,evidence/card_0162.jpg,ocr/input_videos\上海__五角场万达广场__20260825.mp4,喜多藏·精致便当 | 3.4小吃快餐 | 商场内 | 多门项点,3.4小吃快餐 | 商场内,结构完整,
CARD-0163,五角场万达广场,云逸宝游戏厅,云逸宝游戏厅,主机游戏,,64,F3,unrated,False,explicitly_unrated,unrated,parsed,unrated_anchor,0.9886,0.999,56,6,云逸宝游戏厅,110.3,113.33,evidence/card_0163.jpg,ocr/input_videos\上海__五角场万达广场__20260825.mp4,云逸宝游戏厅 | ★🌟💥🌟★ | 暂无星级 | 主机游戏￥64/人F3 | 耐家響 | ￥21.97.1折 | ￥55 | 【万达专享】爆米花. | 惠,★🌟💥🌟★ | 暂无星级 | 主机游戏￥64/人F3,研究排除,
CARD-0164,五角场万达广场,沈大成,沈大成,面包蛋糕,3.8,30,F1,rated,True,,rated,parsed,rating_anchor,0.9885,0.9992,59,6,沈大成,110.3,113.33,evidence/card_0164.jpg,ocr/input_videos\上海__五角场万达广场__20260825.mp4,沈大成 | 🌟🌟⭐🌟⭐ | 3.8面包蛋糕￥30/人 | F1,🌟🌟⭐🌟⭐ | 3.8面包蛋糕￥30/人 | F1,结构完整,
CARD-0165,五角场万达广场,哈氏·上海哈尔滨食品厂,哈氏·上海哈尔滨食品厂,面包蛋糕,3.8,49,B1,rated,True,,rated,parsed,rating_anchor,0.9872,0.9788,54,6,哈氏·上海哈尔滨食品厂,110.3,113.33,evidence/card_0165.jpg,ocr/input_videos\上海__五角场万达广场__20260825.mp4,哈氏·上海哈尔滨食品厂 | 🌟🌟🌟🌟🌟 | 焦￥49/人 | B1 | 3.8面包蛋糕 | 10:00营业,🌟🌟🌟🌟🌟 | 焦￥49/人 | B1 | 3.8面包蛋糕,结构完整,
CARD-0166,五角场万达广场,奈丝HairSalon·专业烫染接发,奈丝HairSalon·专业烫染接发,美发,3.6,33,F4,rated,True,,rated,parsed,rating_anchor,0.971,0.9903,50,5,奈丝HairSalon·专业烫染接发,112.32,114.33,evidence/card_0166.jpg,ocr/input_videos\上海__五角场万达广场__20260825.mp4,TOP | 奈丝HairSalon·专业烫染接发 | R | 🌟🌟🌟⭐3.6 | 美发￥33/人 | F4 | 环境舒适无推销，发型效果满意 | 奈丝专业烫染接发 | 10:00营业 | ￥389.5折 | ￥100 | 【健康水洗】美团专. | 惠,🌟🌟🌟⭐3.6 | 美发￥33/人 | F4,结构完整,
CARD-0167,五角场万达广场,圣仔·现炒牛肉饭·粿条汤,圣仔·现炒牛肉饭·粿条汤,快餐简餐,4.0,43,F1,rated,True,,rated,parsed,rating_anchor,0.9759,0.9843,51,3,圣仔·现炒牛肉饭·粿条汤,113.33,114.33,evidence/card_0167.jpg,ocr/input_videos\上海__五角场万达广场__20260825.mp4,圣仔·现炒牛肉饭·粿条汤 | 现炒牛肉饭 | 牛肉理条汤 | 🌟🌟⭐⭐ | F1 | 快餐简餐￥43/人 | 4.0 | ★ | 孟仔,🌟🌟⭐⭐ | F1 | 快餐简餐￥43/人 | 4.0 | ★,结构完整,
CARD-0168,五角场万达广场,唐饼家,唐饼家,面包蛋糕,3.9,40,F1,rated,True,,rated,parsed,rating_anchor,0.999,0.9997,58,3,唐饼家,113.33,114.33,evidence/card_0168.jpg,ocr/input_videos\上海__五角场万达广场__20260825.mp4,唐饼家 | 🌟🌟🌟🌟🌟 | F1 | ￥40/人 | 面包蛋糕 | 3.9,🌟🌟🌟🌟🌟 | F1 | ￥40/人 | 面包蛋糕 | 3.9,结构完整,
CARD-0169,五角场万达广场,自然花开Flower,自然花开Flower,植物花卉,3.4,119,B1,rated,True,,rated,parsed,rating_anchor,0.9828,0.9953,51,2,自然花开Flower,113.93,114.33,evidence/card_0169.jpg,ocr/input_videos\上海__五角场万达广场__20260825.mp4,自然花开Flower | 3.4植物花卉￥119/人 | ★★★★★ | B1 | 营业中 | ING | NAT,3.4植物花卉￥119/人 | ★★★★★ | B1,结构完整,
CARD-0170,五角场万达广场,西塔星球,西塔星球,零食,4.2,46,B1,rated,True,,rated,parsed,rating_anchor,0.9805,0.9999,52,5,西塔星球,113.93,116.75,evidence/card_0170.jpg,ocr/input_videos\上海__五角场万达广场__20260825.mp4,西塔星球 | 🌟🌟🌟 | 4.2零食￥46/人 | B1 | ★ | 无花果丝，美味多选” | Th10:00营业,🌟🌟🌟 | 4.2零食￥46/人 | B1 | ★,结构完整,
CARD-0171,五角场万达广场,CITY MART城市集市·江南,CITYMART城市集市·江南,快餐简餐,3.8,51,F1,rated,True,,rated,parsed,rating_anchor,0.9752,0.9688,54,5,CITY MART城市集市·江南 | CITYMART城市集市·江南,113.93,116.75,evidence/card_0171.jpg,ocr/input_videos\上海__五角场万达广场__20260825.mp4,CITY MART城市集市·江南 | 城市 | 3.8快餐简餐 | F1 | ￥51/人 | 江南,3.8快餐简餐 | F1 | ￥51/人,结构完整,
CARD-0172,五角场万达广场,安睡宝,安睡宝,家饰家纺,3.6,,商场内,rated,True,,rated,parsed,rating_anchor,0.9998,0.9999,55,5,安睡宝,115.95,118.57,evidence/card_0172.jpg,ocr/input_videos\上海__五角场万达广场__20260825.mp4,安睡宝 | 安睡寶 | 🌟🌟🌟🌟🌟 | 商场内 | 家饰家纺 | 3.6 | SOMERELLE | 安睡宝夏季清仓特卖，空调被低至150r | 10:00营业,🌟🌟🌟🌟🌟 | 商场内 | 家饰家纺 | 3.6,结构完整,
CARD-0173,五角场万达广场,荟必寿日韩煮物专门店,荟必寿日韩煮物专门店,韩式小吃,3.5,27,B1,rated,True,,rated,parsed,rating_anchor,0.9756,0.9977,54,5,荟必寿日韩煮物专门店,115.95,118.57,evidence/card_0173.jpg,ocr/input_videos\上海__五角场万达广场__20260825.mp4,荟必寿日韩煮物专门店 | ⭐🌟⭐🌟⭐3.5 | B1 | 韩式小吃￥27/人 | 日韩煮物 | 専門店 | CRL | ファーストフード | 营业中,⭐🌟⭐🌟⭐3.5 | B1 | 韩式小吃￥27/人,结构完整,
CARD-0174,五角场万达广场,SAKURA WINGS,SAKURAWINGS,小吃快餐,3.6,42,B1,rated,True,,rated,parsed,rating_anchor,0.9868,0.9744,44,5,SAKURA WINGS,115.95,118.57,evidence/card_0174.jpg,ocr/input_videos\上海__五角场万达广场__20260825.mp4,SAKURA WINGS | 🌟🌟🌟🌟★ | B1 | ￥42/人 | 小吃快餐 | 3.6 | 江 | SAKURA WINGS,🌟🌟🌟🌟★ | B1 | ￥42/人 | 小吃快餐 | 3.6,结构完整,
CARD-0175,五角场万达广场,TEENIE WEENIE,TEENIEWEENIE,服装,3.6,949,B1,rated,True,,rated,parsed,rating_anchor,0.98,0.992,45,5,TEENIE WEENIE,115.95,118.57,evidence/card_0175.jpg,ocr/input_videos\上海__五角场万达广场__20260825.mp4,TEENIE WEENIE | ⭐🌟⭐🌟🌟 | 3.6服装￥949/人 | B1 | TEENIE WEENIR | 10:00营业,⭐🌟⭐🌟🌟 | 3.6服装￥949/人 | B1,结构完整,
CARD-0176,五角场万达广场,CIIYMAKI城巾栗巾江用,CIIYMAKI城巾栗巾江用,快餐简餐,3.8,51,F1,rated,True,,rated,parsed,rating_anchor,0.8443,0.6915,35,1,CIIYMAKI城巾栗巾江用,117.36,117.36,evidence/card_0176.jpg,ocr/input_videos\上海__五角场万达广场__20260825.mp4,城市 | CIIYMAKI城巾栗巾江用 | F1 | 3.8快餐简餐 | 🌟🌟🎉🌟🌟 | ￥51/人 | 江南 | 集市 | 九点半后还主动帮烤肉 | 10:00营业,F1 | 3.8快餐简餐 | 🌟🌟🎉🌟🌟 | ￥51/人,建议复核,single_observation | low_title_confidence
CARD-0177,五角场万达广场,金陵老鸭粉丝汤,金陵老鸭粉丝汤,小吃快餐,3.8,24,F3,rated,True,,rated,parsed,rating_anchor,0.9849,0.9988,52,5,金陵老鸭粉丝汤,117.36,120.18,evidence/card_0177.jpg,ocr/input_videos\上海__五角场万达广场__20260825.mp4,金陵老鸭粉丝汤 | ⭐🌟💥⭐ | 3.8小吃快餐￥24/人 | F3 | 10:00营业,⭐🌟💥⭐ | 3.8小吃快餐￥24/人 | F3,结构完整,
CARD-0178,五角场万达广场,百诺,百诺,零食,3.7,34,F1,rated,True,,rated,parsed,rating_anchor,0.9751,0.9999,65,4,百诺,118.57,120.18,evidence/card_0178.jpg,ocr/input_videos\上海__五角场万达广场__20260825.mp4,百诺 | 百诺 | 3.7零食￥34/人 | F1 | 10:00营业,3.7零食￥34/人 | F1,结构完整,
CARD-0179,五角场万达广场,IREMY艾瑞美时尚假发,IREMY艾瑞美时尚假发,美发,4.7,3175,B1,rated,True,,rated,parsed,rating_anchor,0.9776,0.9989,54,4,IREMY艾瑞美时尚假发,119.37,121.79,evidence/card_0179.jpg,ocr/input_videos\上海__五角场万达广场__20260825.mp4,IREMY艾瑞美时尚假发 | B1 | 4.7美发￥3175/人 | remy | 艾瑞美时尚假发 | 真发比例，质量很好” | S | 10:00营业 | 【超值加购】25cm人发. | ￥12.8￥128 | 惠,B1 | 4.7美发￥3175/人,结构完整,
CARD-0180,五角场万达广场,爱森小厨,爱森小厨,快餐简餐,3.8,24,商场内,rated,True,,rated,parsed,rating_anchor,0.9713,0.9817,57,4,爱森小厨 | 爱森小廚,119.37,121.79,evidence/card_0180.jpg,ocr/input_videos\上海__五角场万达广场__20260825.mp4,爱森小厨 | 🌟🌟⭐🌟🎉 | 商场内 | 3.8快餐简餐￥24/人,🌟🌟⭐🌟🎉 | 商场内 | 3.8快餐简餐￥24/人,结构完整,
CARD-0181,五角场万达广场,鲜小牛汤·拌面,鲜小牛汤·拌面,面馆,3.7,23,F3,rated,True,,rated,parsed,rating_anchor,0.9694,0.9783,51,6,鲜小牛汤·拌面,119.37,122.8,evidence/card_0181.jpg,ocr/input_videos\上海__五角场万达广场__20260825.mp4,鲜小牛汤·拌面 | 3.7面馆￥23/人 | 🌟🌟⭐🌟🌟 | F3 | 10:00营业,3.7面馆￥23/人 | 🌟🌟⭐🌟🌟 | F3,结构完整,
CARD-0182,五角场万达广场,LYFEN life新鲜生活,LYFENlife新鲜生活,购物,,43,B1,new_store,False,new_store,ocr_missing,parsed,metadata_anchor,0.9827,0.9654,58,6,LYFEN life新鲜生活,119.98,123.81,evidence/card_0182.jpg,ocr/input_videos\上海__五角场万达广场__20260825.mp4,LYFEN life新鲜生活 | 新店 | B1 | 购物 | ￥43/人 | 点评榜单 | 杨浦区购物新店榜第3名,新店 | B1 | 购物 | ￥43/人,研究排除,
CARD-0183,五角场万达广场,老香齋,老香斋,面包蛋糕,3.9,43,F1,rated,True,,rated,parsed,rating_anchor,0.9989,0.9997,59,7,老香齋,121.79,125.22,evidence/card_0183.jpg,ocr/input_videos\上海__五角场万达广场__20260825.mp4,老香齋 | ⭐🌟⭐🌟⭐ | F1 | 面包蛋糕 | ￥43/人 | 3.9 | 老香齋 | 营业中,⭐🌟⭐🌟⭐ | F1 | 面包蛋糕 | ￥43/人 | 3.9,结构完整,
CARD-0184,五角场万达广场,潮汕·草根水果档,潮汕·草根水果档,水果店,3.9,65,F1,rated,True,,rated,parsed,rating_anchor,0.9933,0.9879,51,7,潮汕·草根水果档,121.79,125.22,evidence/card_0184.jpg,ocr/input_videos\上海__五角场万达广场__20260825.mp4,潮汕·草根水果档 | 漳 | EE | 甘草 | ⭐🌟⭐🌟🌟 | F1 | 水果店 | 3.9 | ￥65/人 | 点评榜单 | 杨浦区水果店热门榜第3名 | 果 | 草根水果档,⭐🌟⭐🌟🌟 | F1 | 水果店 | 3.9 | ￥65/人,结构完整,
CARD-0185,五角场万达广场,饰品自助售卖柜,饰品自助售卖柜,购物,3.9,,B1,rated,True,,rated,parsed,rating_anchor,0.9999,0.9998,52,6,饰品自助售卖柜,122.4,125.22,evidence/card_0185.jpg,ocr/input_videos\上海__五角场万达广场__20260825.mp4,饰品自助售卖 | 饰品自助售卖柜 | 购物 | 🌟🌟⭐⭐⭐3.9 | B1 | 营业中,购物 | 🌟🌟⭐⭐⭐3.9 | B1,结构完整,
CARD-0186,五角场万达广场,荷塔威麦卢卡蜂蜜,荷塔威麦卢卡蜂蜜,滋补品,3.7,95,F1,rated,True,,rated,parsed,rating_anchor,0.9996,0.9994,51,6,荷塔威麦卢卡蜂蜜,122.4,125.22,evidence/card_0186.jpg,ocr/input_videos\上海__五角场万达广场__20260825.mp4,荷塔威麦卢卡蜂蜜 | ￥95/人 | F1 | 🌟🌟🌟🌟🌟 | 滋补品 | 3.7,￥95/人 | F1 | 🌟🌟🌟🌟🌟 | 滋补品 | 3.7,结构完整,
CARD-0187,五角场万达广场,凯司令西点房,凯司令西点房,面包蛋糕,4.0,26,F1,rated,True,,rated,parsed,rating_anchor,0.998,0.9983,52,6,凯司令西点房,123.81,126.23,evidence/card_0187.jpg,ocr/input_videos\上海__五角场万达广场__20260825.mp4,凯司令西点房 | F1 | ★🌟★⭐ | ￥26/人 | 面包蛋糕 | 4.0 | ★ | 10:00营业,F1 | ★🌟★⭐ | ￥26/人 | 面包蛋糕 | 4.0 | ★,结构完整,
CARD-0188,五角场万达广场,LYrCINITe机轩土油,LYrCINITe机轩土油,购物,,43,B1,new_store,False,new_store,ocr_missing,parsed,metadata_anchor,0.82,0.64,35,2,LYrCINITe机轩土油 | LYrCINITe机轩土治,124.21,125.02,evidence/card_0188.jpg,ocr/input_videos\上海__五角场万达广场__20260825.mp4,LYrCINITe机轩土油 | 新店 | B1 | 购物 | ￥43/人 | 点评榜单 | 杨浦区购物新店榜第3名,新店 | B1 | 购物 | ￥43/人,研究排除,
CARD-0189,五角场万达广场,斯凯奇,斯凯奇,运动户外,3.5,792,F2,rated,True,,rated,parsed,rating_anchor,0.9883,0.9779,60,3,斯凯奇,125.22,126.23,evidence/card_0189.jpg,ocr/input_videos\上海__五角场万达广场__20260825.mp4,斯凯奇 | 🌟🌟🌟🌟🌟 | 阳 | ￥792/人 | F2 | 运动户外 | 3.5,🌟🌟🌟🌟🌟 | ￥792/人 | F2 | 运动户外 | 3.5,结构完整,
CARD-0190,五角场万达广场,大壶春,大壶春,小吃快餐,3.5,24,B1,rated,True,,rated,parsed,rating_anchor,0.9822,0.994,59,2,大壶春,126.03,126.23,evidence/card_0190.jpg,ocr/input_videos\上海__五角场万达广场__20260825.mp4,大壶春 | 🌟🌟🎉🌟🌟 | 3.5小吃快餐￥24/人 | B1 | 营业中,🌟🌟🎉🌟🌟 | 3.5小吃快餐￥24/人 | B1,结构完整,
CARD-0191,五角场万达广场,许祥记,许祥记,地方菜系,,,F1,unrated,False,explicitly_unrated,unrated,parsed,unrated_anchor,0.9979,0.9987,59,2,许祥记,126.03,126.23,evidence/card_0191.jpg,ocr/input_videos\上海__五角场万达广场__20260825.mp4,许祥记 | a | 暂无星级 | ⭐🌟⭐⭐ | 地方菜系 | F1 | 即将开业,暂无星级 | ⭐🌟⭐⭐ | 地方菜系 | F1,研究排除,
CARD-0192,五角场万达广场,名表维修,名表维修,钟表维修,4.2,141,B1,rated,True,,rated,parsed,rating_anchor,0.9838,0.998,56,2,名表维修,126.03,126.23,evidence/card_0192.jpg,ocr/input_videos\上海__五角场万达广场__20260825.mp4,名表维修 | Colunbla | 名表维修 | 钟表维修￥141/人 | B1 | ★★★★★ | 4.2 | 线风戏 电池表港 | “维修老师专业耐心，保养效果如新” | 10:00营业,钟表维修￥141/人 | B1 | ★★★★★ | 4.2,结构完整,
CARD-0193,五角场万达广场,MStand,MStand,咖啡,,33,F1,new_store,False,new_store,ocr_missing,parsed,metadata_anchor,0.9728,0.9969,49,7,M Stand | MStand | m stana,126.03,131.07,evidence/card_0193.jpg,ocr/input_videos\上海__五角场万达广场__20260825.mp4,MStand | M | 新店 | 咖啡￥33/人 | F1 | MSIcnd | 营业中,新店 | 咖啡￥33/人 | F1,研究排除,
CARD-0194,五角场万达广场,手作奶茶,手作奶茶,茶饮果汁,,,商场内,new_store,False,new_store,ocr_missing,parsed,metadata_anchor,0.9968,0.9985,61,5,手作奶茶,128.45,131.07,evidence/card_0194.jpg,ocr/input_videos\上海__五角场万达广场__20260825.mp4,手作奶茶 | 茶饮果汁 | 商场内 | 新店 | 手作奶茶,茶饮果汁 | 商场内 | 新店,研究排除,
CARD-0195,五角场万达广场,万达广场-停车场,万达广场-停车场,停车场,3.2,19,商场内,rated,True,,rated,parsed,rating_anchor,0.9975,0.9984,51,8,万达广场 | 万达广场-停车场,128.45,211.12,evidence/card_0195.jpg,ocr/input_videos\上海__五角场万达广场__20260825.mp4,万达广场-停车场 | 🌟🌟🎉⭐⭐ | 商场内 | 3.2停车场 | ￥19/人,🌟🌟🎉⭐⭐ | 商场内 | 3.2停车场 | ￥19/人,结构完整,
CARD-0196,五角场万达广场,脆皖鲜生,脆皖鲜生,美食,,,F4,new_store,False,new_store,ocr_missing,parsed,metadata_anchor,0.9974,0.995,56,6,脆皖鲜生,128.45,131.47,evidence/card_0196.jpg,ocr/input_videos\上海__五角场万达广场__20260825.mp4,脆皖鲜生 | 美食 | 新店 | F4,美食 | 新店 | F4,研究排除,
CARD-0197,五角场万达广场,狐狐茶铺,狐狐茶铺,美食,,,F2,new_store,False,new_store,ocr_missing,parsed,metadata_anchor,0.9995,0.9992,60,6,狐狐茶铺,128.45,131.47,evidence/card_0197.jpg,ocr/input_videos\上海__五角场万达广场__20260825.mp4,狐狐茶铺 | 美食 | 新店 | F2 | 美食,美食 | 新店 | F2,研究排除,
CARD-0198,五角场万达广场,宝可梦卡牌官方道馆上海,宝可梦卡牌官方道馆上海,购物,4.7,229,B1,rated,True,,rated,parsed,rating_anchor,0.9982,0.9967,58,8,宝可梦卡牌官方道馆 上海 | 宝可梦卡牌官方道馆上海,128.45,132.48,evidence/card_0198.jpg,ocr/input_videos\上海__五角场万达广场__20260825.mp4,宝可梦卡牌官方道馆上海 | B1 | 🌟⭐🌟4.7 | 购物 | ￥229/人 | 环境布置超用心，互动活动丰富有趣 | 10:00营业,B1 | 🌟⭐🌟4.7 | 购物 | ￥229/人,结构完整,
CARD-0199,五角场万达广场,野山人参,野山人参,滋补品,,,F1,unrated,False,explicitly_unrated,unrated,parsed,unrated_anchor,0.9984,0.997,56,3,野山人参,131.47,132.48,evidence/card_0199.jpg,ocr/input_videos\上海__五角场万达广场__20260825.mp4,野山人参 | 迎城 | 滋补品 | ★★★★★ | F1 | 暂无星级 | G山人餐 | RSLE,滋补品 | ★★★★★ | F1 | 暂无星级,研究排除,
CARD-0200,五角场万达广场,PANDRA,PANDRA,美食,,,B1,unrated,False,explicitly_unrated,unrated,parsed,unrated_anchor,0.9996,0.9993,45,3,PANDRA,131.47,132.48,evidence/card_0200.jpg,ocr/input_videos\上海__五角场万达广场__20260825.mp4,(五角场万达店) | PANDRA | 美食 | ★★★★★ | B1 | 暂无星级 | 美食,美食 | ★★★★★ | B1 | 暂无星级,研究排除,
CARD-0201,五角场万达广场,谷乐派对屋PartyRoom,谷乐派对屋PartyRoom,轰趴馆,4.7,80,F2,rated,True,,rated,parsed,rating_anchor,0.996,0.9944,59,3,谷乐派对屋PartyRoom,131.47,132.48,evidence/card_0201.jpg,ocr/input_videos\上海__五角场万达广场__20260825.mp4,谷乐派对屋PartyRoom | 🌟🌟🌟🌟🌟 | F2 | 轰趴馆 | ￥80/人 | 4.7 | 点评榜单 | 杨浦区轰趴馆好评榜第3名 | 10:00营业 | 包厢干净全新，歌曲超全还能玩游戏 | “ | 惠 | ￥68 | ￥168 | 【微醺饭饱】2-3人炸物小.,🌟🌟🌟🌟🌟 | F2 | 轰趴馆 | ￥80/人 | 4.7,结构完整,
CARD-0202,五角场万达广场,欧乐比atbee,欧乐比atbee,面包蛋糕甜品,,,F1,unrated,False,explicitly_unrated,unrated,parsed,unrated_anchor,0.9986,0.9982,55,4,欧乐比atbee,132.08,134.5,evidence/card_0202.jpg,ocr/input_videos\上海__五角场万达广场__20260825.mp4,8乐llatbee | 欧乐比atbee | 暂无星级 | F1 | ★★★★★ | 面包蛋糕甜品 | 即将开业,暂无星级 | F1 | ★★★★★ | 面包蛋糕甜品,研究排除,
CARD-0203,五角场万达广场,周大生,周大生,黄金首饰,4.0,2447,F1,rated,True,,rated,parsed,rating_anchor,0.9786,0.9998,62,4,周大生,132.48,135.91,evidence/card_0203.jpg,ocr/input_videos\上海__五角场万达广场__20260825.mp4,周大生 | 周大生 | 🌟🌟🌟🌟 | F1 | 4.0黄金首饰￥2447/人 | ★ | CIOW YAISESO | 10:00营业,🌟🌟🌟🌟 | F1 | 4.0黄金首饰￥2447/人 | ★,结构完整,
CARD-0204,五角场万达广场,谭木匠,谭木匠,杂货礼品,4.4,246,B1,rated,True,,rated,parsed,rating_anchor,0.9855,0.9976,58,5,谭木匠,134.09,137.12,evidence/card_0204.jpg,ocr/input_videos\上海__五角场万达广场__20260825.mp4,谭木匠 | 4.4杂货礼品￥246/人 | 🌟🌟⭐🌟 | B1 | 譚木匠 | ★ | 线上拍照介绍，午休时间送货 | 10:00营业 | ￥288￥288谭木匠礼盒漆艺护发梳翠屏 | 惠,4.4杂货礼品￥246/人 | 🌟🌟⭐🌟 | B1 | ★,结构完整,
CARD-0205,五角场万达广场,THE NORTH FACE,THENORTHFACE,运动户外,3.7,1492,B1,rated,True,,rated,parsed,rating_anchor,0.979,0.9844,47,6,THE NORTH FACE,134.09,137.32,evidence/card_0205.jpg,ocr/input_videos\上海__五角场万达广场__20260825.mp4,THE NORTH FACE | 🌟3.7 | THEI | B1 | 运动户外￥1492/人 | NORTHI | 羽绒服轻暖舒适，香味迷人” | FACED | 10:00营业,🌟3.7 | B1 | 运动户外￥1492/人,结构完整,
CARD-0206,五角场万达广场,幺九二幺自助美甲美睫,幺九二幺自助美甲美睫,美甲,3.1,144,商场内,rated,True,,rated,parsed,rating_anchor,0.9781,0.9946,56,6,幺九二幺自助美甲美睫,134.09,137.32,evidence/card_0206.jpg,ocr/input_videos\上海__五角场万达广场__20260825.mp4,幺九二幺自助美甲美睫 | 商场内 | ⭐🌟🌟⭐🎉 | 3.1美甲￥144/人 | 自助美甲美睫，环境好找 | “ | 起 | 自0:00营业,商场内 | ⭐🌟🌟⭐🎉 | 3.1美甲￥144/人,结构完整,
CARD-0207,五角场万达广场,AI艾耳·专业手工耳洞·穿孔美学馆,AI艾耳·专业手工耳洞·穿孔美学馆,更多丽人,4.9,203,商场内,rated,True,,rated,parsed,rating_anchor,0.9796,0.9897,51,5,AI艾耳·专业手工耳洞·穿孔美学馆,134.5,137.32,evidence/card_0207.jpg,ocr/input_videos\上海__五角场万达广场__20260825.mp4,AI艾耳·专业手工耳洞·穿孔美学馆 | M艾耳穿乳饰 | 商场内 | 🌟🌟🎉🎉🌟4.9 | 更多丽人￥203/人 | 连锁品牌 | 消毒卫生到位，位置好找 | “ | 预约制 | 10:30营业,商场内 | 🌟🌟🎉🎉🌟4.9 | 更多丽人￥203/人,结构完整,
CARD-0208,五角场万达广场,西町村屋SETIROM,西町村屋SETIROM,服装,3.7,,F3,rated,True,,rated,parsed,rating_anchor,0.9624,0.9985,51,5,西町村屋SETIROM,136.51,138.53,evidence/card_0208.jpg,ocr/input_videos\上海__五角场万达广场__20260825.mp4,西町村屋SETIROM | ⭐⭐⭐⭐3.7服装 | F3 | 10:00营业,⭐⭐⭐⭐3.7服装 | F3,结构完整,
CARD-0209,五角场万达广场,巴黎欧莱雅,巴黎欧莱雅,化妆品,3.6,,B1,rated,True,,rated,parsed,rating_anchor,0.9757,0.979,56,3,巴黎欧莱雅,137.32,138.53,evidence/card_0209.jpg,ocr/input_videos\上海__五角场万达广场__20260825.mp4,巴黎欧莱雅 | 3.6化妆品654/人 | B1 | LOREAL | PARIS | 巴黎欧莱雅 | 10:00营业,3.6化妆品654/人 | B1,结构完整,
CARD-0210,五角场万达广场,Abun,Abun,服装,4.8,1242,B1,rated,True,,rated,parsed,rating_anchor,0.9778,0.998,60,2,Abun,137.72,138.53,evidence/card_0210.jpg,ocr/input_videos\上海__五角场万达广场__20260825.mp4,Abun | ASum | 🌟🌟🎉🎉🎉4.8 | B1 | 服装￥1242/人 | 点评榜单 | 五角场/大学路服装热门榜第5名 | 10:00营业 | 唤醒春天的心情，服务态度很好 | C | ￥380 | 【部分品】Abun380代1... | ￥1000 | 惠,🌟🌟🎉🎉🎉4.8 | B1 | 服装￥1242/人,结构完整,
CARD-0211,五角场万达广场,紫涵ZIHAN,紫涵ZIHAN,服饰鞋包,4.1,929,商场内,rated,True,,rated,parsed,rating_anchor,0.9791,0.9992,51,2,紫涵ZIHAN,137.72,138.53,evidence/card_0211.jpg,ocr/input_videos\上海__五角场万达广场__20260825.mp4,紫涵ZIHAN | 紫涵 | 🌟🌟🌟🌟 | 商场内 | 服饰鞋包￥929/人 | 4.1 | z1 | HAN | NOE IN | 款式多样，还有打卡送小挂件 | 10:00营业,🌟🌟🌟🌟 | 商场内 | 服饰鞋包￥929/人 | 4.1,结构完整,
CARD-0212,五角场万达广场,SKECHERS 斯凯奇,SKECHERS斯凯奇,运动户外,3.9,582,B1,rated,True,,rated,parsed,rating_anchor,0.9596,0.9577,61,2,SKECHERS 斯凯奇,137.72,138.53,evidence/card_0212.jpg,ocr/input_videos\上海__五角场万达广场__20260825.mp4,SKECHERS 斯凯奇 | S | 运动户外￥582/人 | B1 | ★🌟🌟🌟🌟 | 3.9 | “试穿舒适，路轻松无束缚” | 10:00营业,运动户外￥582/人 | B1 | ★🌟🌟🌟🌟 | 3.9,结构完整,
CARD-0213,五角场万达广场,PJ PandaJOJO快时尚美甲,PJPandaJOJO快时尚美甲,美甲,3.4,123,商场内,rated,True,,rated,parsed,rating_anchor,0.9719,0.9755,51,4,PJ PandaJOJO快时尚美甲 | PJPandaJOJO快时尚美甲,137.72,140.55,evidence/card_0213.jpg,ocr/input_videos\上海__五角场万达广场__20260825.mp4,PJ PandaJOJO快时尚美甲 | PPJO | 娜扎送福利 | 🌟🌟🎉⭐⭐ | 商场内 | 3.4美甲￥123/人 | 暂停营业,🌟🌟🎉⭐⭐ | 商场内 | 3.4美甲￥123/人,结构完整,
CARD-0214,五角场万达广场,crocs,crocs,服饰鞋包,3.7,582,B1,rated,True,,rated,parsed,rating_anchor,0.9888,0.9978,40,4,crocs,140.14,142.36,evidence/card_0214.jpg,ocr/input_videos\上海__五角场万达广场__20260825.mp4,crocs | crocs | 🌟🌟🌟🌟🌟 | B1 | 服饰鞋包￥582/人 | 3.7 | 营业员耐心解释，试鞋体验棒 | G | 10:00营业,🌟🌟🌟🌟🌟 | B1 | 服饰鞋包￥582/人 | 3.7,结构完整,
CARD-0215,五角场万达广场,潮宏基,潮宏基,珠宝首饰,3.9,2931,F1,rated,True,,rated,parsed,rating_anchor,0.9876,0.9997,58,5,潮宏基,140.14,143.17,evidence/card_0215.jpg,ocr/input_videos\上海__五角场万达广场__20260825.mp4,潮宏基 | 🌟🌟🌟🌟⭐ | F1 | 珠宝首饰￥2931/人 | 3.9 | 编绳手艺杠杠的，礼物特别喜欢 | 10:00营业,🌟🌟🌟🌟⭐ | F1 | 珠宝首饰￥2931/人 | 3.9,结构完整,
CARD-0216,五角场万达广场,我嘞个豆·拼豆,我嘞个豆·拼豆,DIY手工坊,4.6,57,,rated,True,,rated,parsed,rating_anchor,0.9745,0.9775,55,5,我嘞个豆·拼豆,140.14,143.17,evidence/card_0216.jpg,ocr/input_videos\上海__五角场万达广场__20260825.mp4,我嘞个豆·拼豆 | 我嘞个豆 | 🌟🌟⭐⭐🌟 | 4.6DIY手工坊￥57/人 | 拼豆·DIY·手工 | 杨浦区DIY手工坊销量榜第1名 | 10:00营业 | 老板热情教，环境舒适落地窗大 | ￥53.8￥85.6 | 惠 | 【通用】拼豆2小时&提..,🌟🌟⭐⭐🌟 | 4.6DIY手工坊￥57/人,结构完整,
CARD-0217,五角场万达广场,Creil,Creil,服装,3.6,,B1,rated,True,,rated,parsed,rating_anchor,0.9995,0.9993,53,5,Creil,140.14,143.17,evidence/card_0217.jpg,ocr/input_videos\上海__五角场万达广场__20260825.mp4,Creil | cpeh | B1 | 🌟🌟🌟🌟🌟 | 服装 | 3.6 | 款式设计感棒，店员服务耐心 | 10:00营业,B1 | 🌟🌟🌟🌟🌟 | 服装 | 3.6,结构完整,
CARD-0218,五角场万达广场,来伊份,来伊份,购物,4.5,51,B1,rated,True,,rated,parsed,rating_anchor,0.9757,0.9997,61,6,来伊份,140.55,143.98,evidence/card_0218.jpg,ocr/input_videos\上海__五角场万达广场__20260825.mp4,来伊份 | B1 | 4.5购物￥51/人 | 货架满满童年回忆，散装称重随心搭配 | 10:00营业,B1 | 4.5购物￥51/人,结构完整,
CARD-0219,五角场万达广场,PanaaJUJU快时问夫甲,PanaaJUJU快时问夫甲,美甲,3.4,123,商场内,rated,True,,rated,parsed,rating_anchor,0.7893,0.6843,37,1,PanaaJUJU快时问夫甲,141.96,141.96,evidence/card_0219.jpg,ocr/input_videos\上海__五角场万达广场__20260825.mp4,PanaaJUJU快时问夫甲 | PJN | 娜扎送福利 | ★3.4美甲￥123/人 | 商场内 | 暂停营业,★3.4美甲￥123/人 | 商场内,建议复核,single_observation | low_title_confidence
CARD-0220,五角场万达广场,爱回收,爱回收,奢侈品回收,3.5,,B1,rated,True,,rated,parsed,rating_anchor,0.9997,0.9997,62,3,爱回收,143.17,143.98,evidence/card_0220.jpg,ocr/input_videos\上海__五角场万达广场__20260825.mp4,爱回收 | ? | 🌟🌟🎉🌟⭐ | 奢侈品回收 | B1 | 3.5 | 服务细节到位，黄金奢侈品回收方便省心 | J | 爱回收 | 10:00营业,🌟🌟🎉🌟⭐ | 奢侈品回收 | B1 | 3.5,结构完整,
CARD-0221,五角场万达广场,型色沙龙ColorSalon烫发·染发,型色沙龙ColorSalon烫发·染发,美发,,110,F2,new_store,False,new_store,ocr_missing,parsed,metadata_anchor,0.9765,0.993,51,3,型色沙龙ColorSalon烫发·染发,143.17,143.98,evidence/card_0221.jpg,ocr/input_videos\上海__五角场万达广场__20260825.mp4,型色沙龙ColorSalon烫发·染发 | 新店 | 美发￥110/人 | F2 | 型色沙龙 | 丽人甄选品牌,新店 | 美发￥110/人 | F2,研究排除,
CARD-0222,五角场万达广场,X11,X11,杂货礼品,4.6,90,F1,rated,True,,rated,parsed,rating_anchor,0.9721,0.9906,56,2,X11,143.57,143.98,evidence/card_0222.jpg,ocr/input_videos\上海__五角场万达广场__20260825.mp4,X11 | X11 | 4.6杂货礼品￥90/人 | F1 | 点评榜单 | 杨浦区杂货礼品热门榜第2名 | 10:00营业 | 谷子种类繁多，游戏周边齐全 | 3 | ￥62.3￥89邦倪·甜点幼稚园系列BJD.. | 惠,4.6杂货礼品￥90/人 | F1,结构完整,
CARD-0223,五角场万达广场,乐窑陶艺美创馆,乐窑陶艺美创馆,DIY手工坊,4.0,66,F2,rated,True,,rated,parsed,rating_anchor,0.9819,0.9991,55,5,乐窑陶艺美创馆,143.57,146.6,evidence/card_0223.jpg,ocr/input_videos\上海__五角场万达广场__20260825.mp4,乐窑陶艺美创馆 | F2 | 🌟🌟🌟🌟 | DIY手工坊￥66/人 | 4.0 | ★ | 地理位置好找，制作冰箱贴体验有趣 | 10:00营业 | ￥29.9￥39高品质融合豆拼豆一小时|. | 惠,F2 | 🌟🌟🌟🌟 | DIY手工坊￥66/人 | 4.0 | ★,结构完整,
CARD-0224,五角场万达广场,TATA,TATA,服饰鞋包,4.3,581,F1,rated,True,,rated,parsed,rating_anchor,0.9878,0.9981,55,3,TATA,145.59,146.6,evidence/card_0224.jpg,ocr/input_videos\上海__五角场万达广场__20260825.mp4,TATA | 🌟🌟🌟🌟 | F1 | 4.3服饰鞋包￥581/人 | TATA | “脚感超好，联名黄油小熊特别可爱” | 10:00营业,🌟🌟🌟🌟 | F1 | 4.3服饰鞋包￥581/人,结构完整,
CARD-0225,五角场万达广场,JACK&JONES,JACK&JONES,服饰..,3.4,1096,商场内,rated,True,,rated,parsed,rating_anchor,0.945,0.9921,47,3,JACK&JONES,145.59,146.6,evidence/card_0225.jpg,ocr/input_videos\上海__五角场万达广场__20260825.mp4,JACK&JONES | JACK& | ⭐🌟⭐⭐🌟 | 3.4服饰.. | ￥1096/人商场内 | JONES | 面料柔软亲肤，做工走线工整 | C | 10:00营业,⭐🌟⭐⭐🌟 | 3.4服饰.. | ￥1096/人商场内,结构完整,
CARD-0226,五角场万达广场,维维男士专业脱毛门店,维维男士专业脱毛门店,脱毛,4.6,270,商场内,rated,True,,rated,parsed,rating_anchor,0.9776,0.9969,51,5,维维男士专业脱毛门店,145.59,148.61,evidence/card_0226.jpg,ocr/input_videos\上海__五角场万达广场__20260825.mp4,维 | 维维男士专业脱毛门店 | 商场内 | ★★★ | 4.6脱毛￥270/人 | 杨浦区美容美体回头客榜第3名 | 10:00营业 | 脱毛效果显著，店内干净卫生 | ￥372.9折 | ￥298男士|腋下/手指等8选... | 惠,商场内 | ★★★ | 4.6脱毛￥270/人,结构完整,
CARD-0227,五角场万达广场,MUJI无印良品,MUJI无印良品,服饰鞋包,4.8,180,B1,rated,True,,rated,parsed,rating_anchor,0.9801,0.9985,52,4,MUJI无印良品,148.21,150.02,evidence/card_0227.jpg,ocr/input_videos\上海__五角场万达广场__20260825.mp4,MUJI无印良品 | 🌟★4.8 | B1 | MUJI | 服饰鞋包￥180/人 | 無印良品 | “泡菜五花焦不腻，番茄锅暖胃... | 10:00营业,🌟★4.8 | B1 | 服饰鞋包￥180/人,结构完整,
CARD-0228,五角场万达广场,FILA KIDS,FILAKIDS,儿童服饰,3.6,940,F2,rated,True,,rated,parsed,rating_anchor,0.9751,0.9877,48,2,FILA KIDS,149.42,150.02,evidence/card_0228.jpg,ocr/input_videos\上海__五角场万达广场__20260825.mp4,FILA KIDS | 🌟🌟🌟🌟🌟 | F2 | 3.6儿童服饰￥940/人 | 10:00营业,🌟🌟🌟🌟🌟 | F2 | 3.6儿童服饰￥940/人,结构完整,
CARD-0229,五角场万达广场,荣耀授权高级体验店,荣耀授权高级体验店,数码产品,4.8,2989,B1,rated,True,,rated,parsed,rating_anchor,0.9827,0.9984,56,2,荣耀授权高级体验店,149.42,150.02,evidence/card_0229.jpg,ocr/input_videos\上海__五角场万达广场__20260825.mp4,荣耀授权高级体验店 | 參 | 数码产品￥2989/人 | ★★★★★4.8 | B1 | 周边设计精致，环境整洁服务好 | 10:00号业,数码产品￥2989/人 | ★★★★★4.8 | B1,结构完整,
CARD-0230,五角场万达广场,酷乐潮玩,酷乐潮玩,杂货礼品,4.8,83,B1,rated,True,,rated,parsed,rating_anchor,0.9638,0.9961,56,3,酷乐潮玩,149.42,151.44,evidence/card_0230.jpg,ocr/input_videos\上海__五角场万达广场__20260825.mp4,酷乐潮玩 | 4.8杂货礼品￥83/人 | B1 | 点评榜单 | 杨浦区杂货礼品好评榜第6名 | 10:00营业 | 氛围感拉满，平价又好逛 | （,4.8杂货礼品￥83/人 | B1,结构完整,
CARD-0231,五角场万达广场,鸿蒙智行体验中心,鸿蒙智行体验中心,4S店,,180490,F1,unknown,True,,ocr_missing,parsed,metadata_anchor,0.9869,0.9983,54,4,鸿蒙智行体验中心,150.02,152.44,evidence/card_0231.jpg,ocr/input_videos\上海__五角场万达广场__20260825.mp4,鸿蒙智行体验中心 | M | 🌟🌟⭐🌟 | F1 | 4.64S店￥180490/人 | 展车丰富，试驾服务贴心” | S | 2 | 10:00营业 | ￥1￥498预约到店智驾体验有礼 | 惠,🌟🌟⭐🌟 | F1 | 4.64S店￥180490/人,建议复核,rating_missing | metadata_anchor
CARD-0232,五角场万达广场,美车堂,美车堂,美容洗车,4.1,149,B2,rated,True,,rated,parsed,rating_anchor,0.9902,0.9999,57,4,美车堂,150.02,152.44,evidence/card_0232.jpg,ocr/input_videos\上海__五角场万达广场__20260825.mp4,美车堂 | 🌟🌟🌟🌟 | B2 | 4.1美容洗车￥149/人 | CNSONE | 美车堂 | “抛光打蜡手艺棒，车子焕然一新” | 业,🌟🌟🌟🌟 | B2 | 4.1美容洗车￥149/人,结构完整,
CARD-0233,五角场万达广场,Amy.日式美甲美睫,Amy.日式美甲美睫,美甲210/,4.5,,商场内,rated,True,,rated,parsed,rating_anchor,0.9869,0.9933,63,6,Amy.日式美甲美睫,151.44,154.66,evidence/card_0233.jpg,ocr/input_videos\上海__五角场万达广场__20260825.mp4,Amy.日式美甲美睫 | 商场内 | 4.5美甲210/ | “绘还原度，环境净私密” | 日式羊甲羊助 | 10:00营业 | 惠￥19.9￥199 | 【超值团购】纯色美甲套餐,商场内 | 4.5美甲210/,结构完整,
CARD-0234,五角场万达广场,MO&Co.,MO&Co.,服装,4.1,1091,B1,rated,True,,rated,parsed,rating_anchor,0.9678,0.9699,55,6,MO&Co.,151.44,154.66,evidence/card_0234.jpg,ocr/input_videos\上海__五角场万达广场__20260825.mp4,MO&Co. | 🌟🌟🌟⭐⭐ | B1 | 4.1服装￥1091/人 | MO&Co. | 10:00营业,🌟🌟🌟⭐⭐ | B1 | 4.1服装￥1091/人,结构完整,
CARD-0235,五角场万达广场,SENDA森达,SENDA森达,购物,3.5,573,F1,rated,True,,rated,parsed,rating_anchor,0.9827,0.9991,51,5,SENDA森达,151.84,154.66,evidence/card_0235.jpg,ocr/input_videos\上海__五角场万达广场__20260825.mp4,SENDA森达 | 🌟🌟⭐🌟⭐ | 3.5购物￥573/人 | F1 | SENDA | 10:00营业,🌟🌟⭐🌟⭐ | 3.5购物￥573/人 | F1,结构完整,
CARD-0236,五角场万达广场,爱慕,爱慕,内衣,3.4,,F2,rated,True,,rated,parsed,rating_anchor,0.9374,0.996,69,3,爱慕,153.45,154.66,evidence/card_0236.jpg,ocr/input_videos\上海__五角场万达广场__20260825.mp4,爱慕 | ⭐⭐⭐⭐3.4内衣 | F2 | AIMER 爱慕 | 暂停营业,⭐⭐⭐⭐3.4内衣 | F2,结构完整,
CARD-0237,五角场万达广场,华为智能生活馆,华为智能生活馆,数码,4.9,4899,商场内,rated,True,,rated,parsed,rating_anchor,0.9913,0.9999,57,4,华为智能生活馆,154.66,156.07,evidence/card_0237.jpg,ocr/input_videos\上海__五角场万达广场__20260825.mp4,华为智能生活馆 | 4.9数码 | ￥4899/人商场内 | HUAWEI | 服务员介绍热情，拍照效果超赞 | 10:00营业 | ¥9.9￥49手机贴膜|华为手机9.9享手... | 惠,4.9数码 | ￥4899/人商场内,结构完整,
CARD-0238,五角场万达广场,东芝星级生活馆,东芝星级生活馆,家用电器,3.8,,商场内,rated,True,,rated,parsed,rating_anchor,0.976,0.9996,57,3,东芝星级生活馆,155.27,156.07,evidence/card_0238.jpg,ocr/input_videos\上海__五角场万达广场__20260825.mp4,东芝星级生活馆 | 商场内 | ⭐⭐⭐3.8家用电器 | TOSHIBA | 质感超级好，米饭神器不容错过！ | “ | 3 | 10:00营业 | ￥50￥150 | 【全年度-美团到店】东芝5... | 惠,商场内 | ⭐⭐⭐3.8家用电器,结构完整,
CARD-0239,五角场万达广场,adidas,adidas,运动户外,3.4,1294,F1,rated,True,,rated,parsed,rating_anchor,0.9827,0.9991,58,6,adidas,155.27,158.49,evidence/card_0239.jpg,ocr/input_videos\上海__五角场万达广场__20260825.mp4,adidas | 3.4运动户外￥1294/人 | F1 | 10:00营业 | ￥286.159.7折 | ￥318折上折通用券-2... | 惠,3.4运动户外￥1294/人 | F1,结构完整,
CARD-0240,五角场万达广场,优衣库,优衣库,服饰鞋包,4.8,288,B1,rated,True,,rated,parsed,rating_anchor,0.9862,0.9997,58,6,优衣库,155.67,159.5,evidence/card_0240.jpg,ocr/input_videos\上海__五角场万达广场__20260825.mp4,优衣库 | UNI | ⭐🌟⭐4.8 | B1 | 服饰鞋包￥288/人 | QL0 | PUFFTECH填充材料，保暖不臃肿 | 10:00营业,⭐🌟⭐4.8 | B1 | 服饰鞋包￥288/人,结构完整,
CARD-0241,五角场万达广场,周大福CHOWTAI FOOK,周大福CHOWTAIFOOK,黄金首饰,4.3,8314,F1,rated,True,,rated,parsed,rating_anchor,0.9719,0.9801,54,4,周大福CHOW TAI FOOK | 周大福CHOWTAI FOOK,157.69,159.5,evidence/card_0241.jpg,ocr/input_videos\上海__五角场万达广场__20260825.mp4,周大福CHOWTAI FOOK | 🌟🌟🌟⭐4.3 | F1 | 黄金首饰￥8314/人 | 周大福 | “门店环境亮堂整洁，服务贴心不推销 | SINCE 1929 | 10:00营业,🌟🌟🌟⭐4.3 | F1 | 黄金首饰￥8314/人,结构完整,
CARD-0242,五角场万达广场,Rebecca瑞贝卡时尚假发,Rebecca瑞贝卡时尚假发,美发,4.4,,B1,rated,True,,rated,parsed,rating_anchor,0.9917,0.9995,56,6,Rebecca瑞贝卡时尚假发,157.69,160.71,evidence/card_0242.jpg,ocr/input_videos\上海__五角场万达广场__20260825.mp4,Rebecca瑞贝卡时尚假发 | 4.4美发4736/人 | B1 | Rebecca | 10:00营业 | ￥29.9￥99.9男士女士自发修剪造型.. | 惠,4.4美发4736/人 | B1,结构完整,
CARD-0243,五角场万达广场,洗脸熊·洗脸吧,洗脸熊·洗脸吧,皮肤管理,3.6,100,F1,rated,True,,rated,parsed,rating_anchor,0.979,0.9837,57,7,洗脸熊·洗脸吧,157.69,161.52,evidence/card_0243.jpg,ocr/input_videos\上海__五角场万达广场__20260825.mp4,洗脸熊·洗脸吧 | 地船邮 | 🌟🌟🌟🌟🌟 | F1 | 3.6 | 皮肤管理￥100/人 | 清洁特别干净，气色明显改善 | 专注面部 | 10:00营业 | ￥48 | ￥12840分钟深层清洁|小.. | 3.8折 | 惠,🌟🌟🌟🌟🌟 | F1 | 3.6 | 皮肤管理￥100/人,结构完整,
CARD-0244,五角场万达广场,teenmix天美意,teenmix天美意,鞋靴,3.7,551,F1,rated,True,,rated,parsed,rating_anchor,0.9826,0.9998,51,4,teenmix天美意,159.5,161.52,evidence/card_0244.jpg,ocr/input_videos\上海__五角场万达广场__20260825.mp4,teenmix天美意 | 🌟🌟🌟🌟🌟 | 3.7鞋靴￥551/人 | F1 | teenmix天关意 | 10:00营业,🌟🌟🌟🌟🌟 | 3.7鞋靴￥551/人 | F1,结构完整,
CARD-0245,五角场万达广场,千色·轻奢自助美甲美睫,千色·轻奢自助美甲美睫,美甲,3.2,108,商场内,rated,True,,rated,parsed,rating_anchor,0.975,0.9828,50,3,千色·轻奢自助美甲美睫,160.31,161.52,evidence/card_0245.jpg,ocr/input_videos\上海__五角场万达广场__20260825.mp4,13MOH | 千色·轻奢自助美甲美睫 | x | ? | 2 | 商场内 | 3.2美甲￥108/人 | 12 | 11,商场内 | 3.2美甲￥108/人,结构完整,
CARD-0246,五角场万达广场,中国体育彩票,中国体育彩票,彩票,3.1,,B1,rated,True,,rated,parsed,rating_anchor,0.9972,1.0,54,4,中国体育彩票,160.31,162.33,evidence/card_0246.jpg,ocr/input_videos\上海__五角场万达广场__20260825.mp4,中国体育彩票 | 3.1彩票 | B1 | 🌟🌟⭐ | ★★ | 10:00营业,3.1彩票 | B1 | 🌟🌟⭐ | ★★,结构完整,
CARD-0247,五角场万达广场,中国黄金,中国黄金,黄金首饰,4.2,6651,F1,rated,True,,rated,parsed,rating_anchor,0.9826,0.9983,58,2,中国黄金,161.52,162.33,evidence/card_0247.jpg,ocr/input_videos\上海__五角场万达广场__20260825.mp4,中国黄金 | F1 | ★★★★ | 黄金首饰￥6651/人 | 4.2 | ★ | “编绳紧实工整，黄金配件光泽感超足 | 10:00营业,F1 | ★★★★ | 黄金首饰￥6651/人 | 4.2 | ★,结构完整,
CARD-0248,五角场万达广场,结绳荟,结绳荟,综合珠宝首饰,4.3,234,B1,rated,True,,rated,parsed,rating_anchor,0.9873,0.9993,55,1,结绳荟,162.33,162.33,evidence/card_0248.jpg,ocr/input_videos\上海__五角场万达广场__20260825.mp4,结绳荟 | 🌟🌟⭐⭐ | 4.3 | 综合珠宝首饰￥234/人 | B1 | ★ | 结绳荟 | “编绳手艺精湛，洗手湿了也不难受 | KNOTTED JEVELLEHY | 10:00营业,🌟🌟⭐⭐ | 4.3 | 综合珠宝首饰￥234/人 | B1 | ★,建议复核,single_observation
CARD-0249,五角场万达广场,波司登,波司登,运动户外,4.3,1793,F1,rated,True,,rated,parsed,rating_anchor,0.9808,0.9999,58,1,波司登,162.33,162.33,evidence/card_0249.jpg,ocr/input_videos\上海__五角场万达广场__20260825.mp4,波司登 | ⭐🌟⭐⭐ | F1 | 运动户外￥1793/人 | 4.3 | ★ | 波司登 | BOSIDENG | 款式多样又新，衣服暖和出汗 | 10:00营业 | ￥100 | ￥499.8折 | 惠 | 【开学季】波司登秋..,⭐🌟⭐⭐ | F1 | 运动户外￥1793/人 | 4.3 | ★,建议复核,single_observation
CARD-0250,五角场万达广场,城隍珠宝首饰定制加工维修·镶嵌...,城隍珠宝首饰定制加工维修·镶嵌,综合珠宝首饰,4.6,348,F1,rated,True,,rated,parsed,rating_anchor,0.9708,0.9592,57,2,城隍珠宝首饰定制加工维修·镶嵌...,162.33,164.34,evidence/card_0250.jpg,ocr/input_videos\上海__五角场万达广场__20260825.mp4,城隍珠宝首饰定制加工维修·镶嵌... | 叶1E | 4.6综合珠宝首饰￥348/人F1 | “首饰精美做工精良，款式多样” | 10:00营业 | ￥80￥100代金券 | 惠,4.6综合珠宝首饰￥348/人F1,建议复核,name_truncated
CARD-0251,五角场万达广场,OPPO体验店,OPPO体验店,数码产品,4.8,4142,B1,rated,True,,rated,parsed,rating_anchor,0.985,0.9995,52,2,OPPO体验店,162.33,164.34,evidence/card_0251.jpg,ocr/input_videos\上海__五角场万达广场__20260825.mp4,OPPO体验店 | ⭐🌈4.8 | B1 | 数码产品￥4142/人,⭐🌈4.8 | B1 | 数码产品￥4142/人,结构完整,
CARD-0252,五角场万达广场,老凤祥银楼,老凤祥银楼,黄金首饰,3.3,8398,F1,rated,True,,rated,parsed,rating_anchor,0.99,0.9982,52,3,老凤祥银楼,164.34,166.76,evidence/card_0252.jpg,ocr/input_videos\上海__五角场万达广场__20260825.mp4,老凤祥银楼 | 3.3黄金首饰￥8398/人 | 🌟🌟⭐ | F1 | ★★ | “细节到位，气质感拉满 | 10:00营业 | ￥970￥1000代金券 | 惠,3.3黄金首饰￥8398/人 | 🌟🌟⭐ | F1 | ★★,结构完整,
CARD-0253,五角场万达广场,MOLSION陌森眼镜,MOLSION陌森眼镜,眼镜店,4.8,793,B1,rated,True,,rated,parsed,rating_anchor,0.9822,0.9967,51,3,MOLSION陌森眼镜,164.34,166.76,evidence/card_0253.jpg,ocr/input_videos\上海__五角场万达广场__20260825.mp4,MOLSION陌森眼镜 | MOLSION | B1 | ⭐🌈⭐4.8 | 眼镜店￥793/人 | 高颜值眼镜墨镜，拍照出片率高 | 10:00营业,B1 | ⭐🌈⭐4.8 | 眼镜店￥793/人,结构完整,
CARD-0254,五角场万达广场,指朴·轻美甲,指朴·轻美甲,美甲,3.4,193,B1,rated,True,,rated,parsed,rating_anchor,0.982,0.9889,52,3,指朴·轻美甲,164.34,166.76,evidence/card_0254.jpg,ocr/input_videos\上海__五角场万达广场__20260825.mp4,指朴·轻美甲 | FINGERBOOK 指朴 | ⭐🌟🎉 | B1 | 3.4美甲￥193/人 | 款式多不伤手，指甲美翻了“ | 10:00营业 | AOT回转体育,⭐🌟🎉 | B1 | 3.4美甲￥193/人,结构完整,
CARD-0255,五角场万达广场,AOT回转体育,AOT回转体育,冰雪运动,4.2,74,F2,rated,True,,rated,parsed,rating_anchor,0.9816,0.9993,52,2,AOT回转体育,166.16,166.76,evidence/card_0255.jpg,ocr/input_videos\上海__五角场万达广场__20260825.mp4,AOT回转体育 | 🌟🌟⭐⭐ | 冰雪运动￥74/人 | F2 | 4.2 | 点评榜单 | 五角场/大学路运动培训热门榜第10名 | 10:00营业 | 室内场景逼真，服务态度到位 | “ | ￥498室内小班滑雪单板1.. | ￥104 | 8.2折 | 惠,🌟🌟⭐⭐ | 冰雪运动￥74/人 | F2 | 4.2,结构完整,
CARD-0256,五角场万达广场,周大福荟馆JEWELRIA,周大福荟馆JEWELRIA,黄金首饰,4.0,8513,F1,rated,True,,rated,parsed,rating_anchor,0.9967,0.9938,51,5,周大福荟馆JEWELRIA,166.16,168.37,evidence/card_0256.jpg,ocr/input_videos\上海__五角场万达广场__20260825.mp4,周大福荟馆JEWELRIA | 🌟⭐⭐ | F1 | ￥8513/人 | 黄金首饰 | 4.0 | ★ | 周大福营馆 | 售后服务一流，吊坠款式新颖 | JEWELRIA | 10:00营业,🌟⭐⭐ | F1 | ￥8513/人 | 黄金首饰 | 4.0 | ★,结构完整,
CARD-0257,五角场万达广场,HIWE青少年体适能·中考体育,HIWE青少年体适能·中考体育,体适能培训,3.3,,F3,rated,True,,rated,parsed,rating_anchor,0.9966,0.9957,56,3,HIWE青少年体适能·中考体育,167.37,168.37,evidence/card_0257.jpg,ocr/input_videos\上海__五角场万达广场__20260825.mp4,HIWE青少年体适能·中考体育 | ★★★★★ | 3.3体适能培训 | F3 | 运动培训,★★★★★ | 3.3体适能培训 | F3,结构完整,
CARD-0258,五角场万达广场,鲸鱼爸爸儿童运动馆,鲸鱼爸爸儿童运动馆,其他运动培训,4.6,87,F2,rated,True,,rated,parsed,rating_anchor,0.9808,0.9953,55,3,鲸鱼爸爸儿童运动馆,167.37,168.37,evidence/card_0258.jpg,ocr/input_videos\上海__五角场万达广场__20260825.mp4,鲸鱼爸爸儿童运动馆 | 儿童运动综合馆 | 🌟🌟🌟🌟🌟 | F2 | 4.6其他运动培训￥87/人 | 鲸鱼爸爸 | 点评榜单 | 五角场/大学路运动培训热门榜第2名 | JESOGYU BABA | 场 | 10:00营业 | 老师细心照顾，玩耍学习两不误 | 55 | ￥59.9￥300 | 惠 | 【童游泳/体能】运动项...,🌟🌟🌟🌟🌟 | F2 | 4.6其他运动培训￥87/人,结构完整,
CARD-0259,五角场万达广场,耳点,耳点,美睫,4.5,153,F1,rated,True,,rated,parsed,rating_anchor,0.9799,0.9998,63,3,耳点,167.37,168.37,evidence/card_0259.jpg,ocr/input_videos\上海__五角场万达广场__20260825.mp4,耳点 | 4.5美睫￥153/人 | F1 | 耳饰全面又潮，消毒卫生到位” | 10:00营业 | ￥49￥49.01护理单个耳垂耳钉套餐 | 惠,4.5美睫￥153/人 | F1,结构完整,
CARD-0260,五角场万达广场,小天才步步高,小天才步步高,数码产品,4.8,1738,B1,rated,True,,rated,parsed,rating_anchor,0.9859,0.9988,51,10,天才步步 | 小天才步步高,167.37,198.02,evidence/card_0260.jpg,ocr/input_videos\上海__五角场万达广场__20260825.mp4,小天才步步高 | ⭐★⭐4.8 | B1 | 数码产品￥1738/人 | 定位超准，亲子联系更紧密” | 10:00营业,⭐★⭐4.8 | B1 | 数码产品￥1738/人,结构完整,
CARD-0261,五角场万达广场,学而思学习机,学而思学习机,课后辅导,4.5,,F1,rated,True,,rated,parsed,rating_anchor,0.9942,0.9997,51,4,学而思学习机,168.37,170.39,evidence/card_0261.jpg,ocr/input_videos\上海__五角场万达广场__20260825.mp4,学而思学习机 | 开学季福利 | 4.5课后辅导 | F1 | 功能齐全，批作业、搜题、AI讲题一应... | 10:00营业 | 惠￥1￥100 | 【学习测评】学而思1V1学习...,4.5课后辅导 | F1,结构完整,
CARD-0262,五角场万达广场,河马叔叔儿童美发,河马叔叔儿童美发,婴童理发,4.2,113,F2,rated,True,,rated,parsed,rating_anchor,0.9858,0.9995,54,3,河马叔叔儿童美发,169.38,170.39,evidence/card_0262.jpg,ocr/input_videos\上海__五角场万达广场__20260825.mp4,河马叔叔儿童美发 | F2 | 🌟🌟⭐⭐ | 4.2 | 婴童理发￥113/人 | 河马叔叔 | 杨浦区婴幼服务销量榜第9名 | 10:00营业 | 环境卫生到位，发型师手法娴熟 | ￥1359.8折 | ￥158 | 【上海/北京 工作日. | 惠,F2 | 🌟🌟⭐⭐ | 4.2 | 婴童理发￥113/人,结构完整,
CARD-0263,五角场万达广场,名医堂·颈肩腰腿特色调理,名医堂·颈肩腰腿特色调理,推拿养生,4.4,128,,rated,True,,rated,parsed,rating_anchor,0.9764,0.994,51,5,名医堂·颈肩腰腿特色调理,169.38,172.41,evidence/card_0263.jpg,ocr/input_videos\上海__五角场万达广场__20260825.mp4,名医堂·颈肩腰腿特色调理 | 0 | 4.4推拿养生￥128/人 | 肩疼缓解明显，宝藏店铺值得一试” | 是医曲 | “ | 10:00营业 | ￥1598.5折 | ￥198 | 【深度放松】20年.. | 惠,4.4推拿养生￥128/人,结构完整,
CARD-0264,五角场万达广场,长风拨筋养身,长风拨筋养身,推拿养生,4.7,148,B1,rated,True,,rated,parsed,rating_anchor,0.9829,0.9947,51,6,长风拨筋养身,169.38,172.61,evidence/card_0264.jpg,ocr/input_videos\上海__五角场万达广场__20260825.mp4,拨筋 | 长风拨筋养身 | B1 | ★★★★★ | 4.7推拿养生￥148/人 | 五角场/大学路推拿养生销量榜第4名 | 养身,B1 | ★★★★★ | 4.7推拿养生￥148/人,结构完整,
CARD-0265,五角场万达广场,学而思素养,学而思素养,科学实验,4.7,,F2,rated,True,,rated,parsed,rating_anchor,0.9997,0.9996,55,3,学而思素养,171.4,172.61,evidence/card_0265.jpg,ocr/input_videos\上海__五角场万达广场__20260825.mp4,学而思素养 | 学而思 | 暑秋 | ? | 🌟🌟4.7 | F2 | 科学实验 | 执报中 | 点评榜单 | 杨浦区科学探索热门榜第1名 | 10:00营业 | 家长休息室舒适，课外班学习好去处 | “ | ￥39￥280科思||国素|编程单... | 惠,🌟🌟4.7 | F2 | 科学实验,结构完整,
CARD-0266,五角场万达广场,BOUNCE舞蹈工作室,BOUNCE舞蹈工作室,舞蹈,3.8,1679,F2,rated,True,,rated,parsed,rating_anchor,0.9731,0.9988,50,6,BOUNCE舞蹈工作室,171.4,174.42,evidence/card_0266.jpg,ocr/input_videos\上海__五角场万达广场__20260825.mp4,暑期瑞專 | BOUNCE舞蹈工作室 | 元 | 3.8舞蹈￥1679/人 | F2 | 一节 | 点评榜单 | 杨浦区舞蹈热门榜第1名 | 老师教得认真，场地宽敞不拥挤 | C | ￥6.6￥150 [火爆]不限基础1街舞/流行... | 惠,3.8舞蹈￥1679/人 | F2,结构完整,
CARD-0267,五角场万达广场,LOHO眼镜,LOHO眼镜,眼镜店,4.8,725,B1,rated,True,,rated,parsed,rating_anchor,0.9758,0.9976,52,3,LOHO眼镜,173.01,174.42,evidence/card_0267.jpg,ocr/input_videos\上海__五角场万达广场__20260825.mp4,LOHO眼镜 | 福海记 | LOHO | 92.3% | B1 | 4.8眼镜店￥725/人 | 点评榜单 | 五角场/大学路眼镜店好评榜第10名 | 青装上阵 | 10:00营业 | 位置便利，洗眼镜超干净 | 3 | ≤ | ￥28.99.7折 | 惠 | ￥59.9LOHO眼镜专属验....,B1 | 4.8眼镜店￥725/人,结构完整,
CARD-0268,五角场万达广场,moody彩瞳,moody彩瞳,眼镜店,3.8,,B1,rated,True,,rated,parsed,rating_anchor,0.9971,0.9956,57,4,moody彩瞳,173.01,175.23,evidence/card_0268.jpg,ocr/input_videos\上海__五角场万达广场__20260825.mp4,moody彩瞳 | 眼镜店 | 🌟🌟🌟🌟🌟 | B1 | 3.8 | moody彩瞳 | 美瞳颜色丰富，服务态度超级好” | 10:00营业 | 8.5折 | ￥12.7 | ￥24.9moodyl隐形眼镜美... | 惠,眼镜店 | 🌟🌟🌟🌟🌟 | B1 | 3.8,结构完整,
CARD-0269,五角场万达广场,莱绅通灵,莱绅通灵,钻石.,4.0,7029,商场内,rated,True,,rated,parsed,rating_anchor,0.9786,0.9901,58,5,莱绅通灵,173.62,176.24,evidence/card_0269.jpg,ocr/input_videos\上海__五角场万达广场__20260825.mp4,莱绅通灵 | 4.0钻石. | ￥7029/人商场内 | 🌟🌟🌟 | ★ | 服务贴心，珐琅工艺小挂坠超美 | 1 | 10:00营业,4.0钻石. | ￥7029/人商场内 | 🌟🌟🌟 | ★,结构完整,
CARD-0270,五角场万达广场,无界眼镜J.Mars,无界眼镜J.Mars,眼镜店,4.8,570,B1,rated,True,,rated,parsed,rating_anchor,0.9744,0.9953,51,3,无界眼镜J.Mars,175.23,176.24,evidence/card_0270.jpg,ocr/input_videos\上海__五角场万达广场__20260825.mp4,无界眼镜J.Mars | 向 | 4.8眼镜店￥570/人 | B1 | 无界眼镜 | 位置方便找，服务专业不推销 | C | 10:00营业 | ￥53.59.3折 | ￥98成人验光提供验光数据 | 惠,4.8眼镜店￥570/人 | B1,结构完整,
CARD-0271,五角场万达广场,VV桌球俱乐部,VV桌球俱乐部,台球馆,3.5,53,F3,rated,True,,rated,parsed,rating_anchor,0.9741,0.9942,51,4,VV桌球俱乐部,175.23,177.45,evidence/card_0271.jpg,ocr/input_videos\上海__五角场万达广场__20260825.mp4,VV桌球俱乐部 | R | ★★★★★ | 台球馆￥53/人 | F3 | 3.5 | 五角场/大学路球类运动销量榜第2名 | 10:00营业 | 设备全新手感好，环境干净整洁 | ￥39￥58 | 惠 | 【门店推荐】 | 中八普台1小时..,★★★★★ | 台球馆￥53/人 | F3 | 3.5,结构完整,
CARD-0272,五角场万达广场,兰竹LANZHU SPA,兰竹LANZHUSPA,精油SPA,4.2,257,F5,rated,True,,rated,parsed,rating_anchor,0.9705,0.9693,51,1,兰竹LANZHU SPA,177.45,177.45,evidence/card_0272.jpg,ocr/input_videos\上海__五角场万达广场__20260825.mp4,兰竹LANZHU SPA | 4.2精油SPA￥257/人 | F5 | LANZHU | “技师法到位，生姜肉桂中式疗愈超舒缓 | 兰竹SPA | 10:00营业 | ￥273￥498 | 惠 | 【工作日专享60分钟】中...,4.2精油SPA￥257/人 | F5,建议复核,single_observation
CARD-0273,五角场万达广场,张百草·艾灸·经络·养生中心,张百草·艾灸·经络·养生中心,推拿养生,4.8,200,F2,rated,True,,rated,parsed,rating_anchor,0.968,0.9867,54,3,张百草·艾灸·经络·养生中心,177.45,178.66,evidence/card_0273.jpg,ocr/input_videos\上海__五角场万达广场__20260825.mp4,张百草·艾灸·经络·养生中心 | 百 | 三伏 | 4.8推拿养生￥200/人 | F2 | 艾灸 | “环境古典优雅，护理手法专业” | 10:00营业 | ￥1184折 | ￥398[三伏调养]肩颈推拿+.. | 惠,4.8推拿养生￥200/人 | F2,结构完整,
CARD-0274,五角场万达广场,24/7FITNESS健身,24/7FITNESS健身,健身房,4.6,2713,F2,rated,True,,rated,parsed,rating_anchor,0.9857,0.9983,51,2,24/7 FITNESS 健身 | 24/7FITNESS健身,178.46,178.66,evidence/card_0274.jpg,ocr/input_videos\上海__五角场万达广场__20260825.mp4,24/7FITNESS健身 | ` | 小时 | 🌟🌟⭐⭐🌟 | F2 | 健身房￥2713/人 | 4.6 | 健身 | HOURS OPEN | 无要不打找 | 点评榜单 | 杨浦区健身中心热门榜第1名 | 口. | 营业中 | “设备进口，环境干净整洁 | 惠 | ￥68.8￥520专业场馆连续3天|需预约,🌟🌟⭐⭐🌟 | F2 | 健身房￥2713/人 | 4.6,结构完整,
CARD-0275,五角场万达广场,弗止二次元香氛店,弗止二次元香氛店,DIY手工坊,3.9,191,F2,rated,True,,rated,parsed,rating_anchor,0.9803,0.9969,54,2,弗止二次元香氛店,178.46,178.66,evidence/card_0275.jpg,ocr/input_videos\上海__五角场万达广场__20260825.mp4,弗止二次元香氛店 | Fuvozi | 3.9DIY手工坊￥191/人 | F2 | 10:00营业,3.9DIY手工坊￥191/人 | F2,结构完整,
CARD-0276,五角场万达广场,兔豆丝艺术工坊·韩系咕笔·拼豆·.,兔豆丝艺术工坊·韩系咕笔·拼豆·.,DIY手工坊,4.8,66,,rated,True,,rated,parsed,rating_anchor,0.9309,0.9277,56,2,兔豆丝艺术工坊·韩系咕笔·拼豆·. | 兔豆丝艺术工坊·韩系咕笔·拼豆·...,178.46,178.66,evidence/card_0276.jpg,ocr/input_videos\上海__五角场万达广场__20260825.mp4,兔豆丝艺术工坊·韩系咕笔·拼豆·. | aer | Simon' | 4.8DIY手工坊￥66/人 | 点评榜单 | 杨浦区DIY手工坊好评榜第4名 | 惠 | ￥49.9￥139.9 | 【人气】智能豆板免费...,4.8DIY手工坊￥66/人,结构完整,
CARD-0277,五角场万达广场,Softlife,Softlife,杂货礼品,4.2,,B1,rated,True,,rated,parsed,rating_anchor,0.9983,0.9992,54,4,Softlife,179.87,181.88,evidence/card_0277.jpg,ocr/input_videos\上海__五角场万达广场__20260825.mp4,Softlife | 4.2杂货礼品 | 🌟🌟🌟 | B1 | “产品质量好，服务耐心细致” | 10:00营业,4.2杂货礼品 | 🌟🌟🌟 | B1,结构完整,
CARD-0278,五角场万达广场,柒悅美甲美睫,柒悦美甲美睫,美甲,4.7,143,F5,rated,True,,rated,parsed,rating_anchor,0.942,0.9476,51,4,柒悅美甲美睫,179.87,181.88,evidence/card_0278.jpg,ocr/input_videos\上海__五角场万达广场__20260825.mp4,柒悅美甲美睫 | 染 | 4.7美甲￥143/人 | F5 | 悅 | 性价比高，技术派老板不推销 | 美甲美睫 | ￥99￥198 | 惠 | [特价]YY美睫 三叶草 小绒花,4.7美甲￥143/人 | F5,结构完整,
CARD-0279,五角场万达广场,FILA,FILA,运动户外,3.8,1121,F1,rated,True,,rated,parsed,rating_anchor,0.9825,0.9957,52,6,FILA,179.87,183.09,evidence/card_0279.jpg,ocr/input_videos\上海__五角场万达广场__20260825.mp4,FILA | ⭐🌟🌟🌟🌟 | F1 | 3.8运动户外￥1121/人 | 设计时尚实用，品质杠杠的” | < | 10:00营业,⭐🌟🌟🌟🌟 | F1 | 3.8运动户外￥1121/人,结构完整,
CARD-0280,五角场万达广场,皙雯BEAUTY·海菲秀BTL美芙炫·.,皙雯BEAUTY·海菲秀BTL美芙炫·.,皮肤管理,4.6,467,商场内,rated,True,,rated,parsed,rating_anchor,0.958,0.9541,57,6,皙雯BEAUTY·海菲秀BTL美芙炫·. | 皙雯BEAUTY·海菲秀BTL美芙炫·… | 皙雯BEAUTY·海菲秀BTL美芙炫·….,179.87,183.09,evidence/card_0280.jpg,ocr/input_videos\上海__五角场万达广场__20260825.mp4,皙雯BEAUTY·海菲秀BTL美芙炫·. | 商场内 | 4.6皮肤管理￥467/人 | “孔由呼吸，房间舒适放松”,商场内 | 4.6皮肤管理￥467/人,结构完整,
CARD-0281,五角场万达广场,7-11便利店,7-11便利店,超市便利,4.0,28,商场内,rated,True,,rated,parsed,rating_anchor,0.9813,0.9986,52,2,7-11便利店,182.49,183.09,evidence/card_0281.jpg,ocr/input_videos\上海__五角场万达广场__20260825.mp4,7-11便利店 | 🌟🌟⭐⭐ | 商场内 | 4.0 | 超市便利￥28/人 | 点评榜单 | 五角场/大学路超市便利热门榜第6名 | 营业中 | 膳食纤维满满，益生菌超多,🌟🌟⭐⭐ | 商场内 | 4.0 | 超市便利￥28/人,结构完整,
CARD-0282,五角场万达广场,BOUNCE KIDS少儿街舞,BOUNCEKIDS少儿街舞,舞蹈培训,4.5,,F2,rated,True,,rated,parsed,rating_anchor,0.9905,0.9815,50,4,BOUNCE KIDS少儿街舞,182.49,184.3,evidence/card_0282.jpg,ocr/input_videos\上海__五角场万达广场__20260825.mp4,BOUNCE KIDS少儿街舞 | F2 | ★★★★★ | 舞蹈培训 | 4.5 | 创 | 点评榜单 | 即刻免费体验 | 杨浦区舞蹈培训热门榜第9名 | 10:00营业 | 教室宽敞温暖，零基础也能进步明显 | ￥7.9 | 8折 | ￥250 [零基础]嘻哈舞随堂体.. | 惠,F2 | ★★★★★ | 舞蹈培训 | 4.5,结构完整,
CARD-0283,五角场万达广场,ajidou阿吉豆,ajidou阿吉豆,配饰,4.4,184,B1,rated,True,,rated,parsed,rating_anchor,0.9681,0.9993,61,2,ajidou阿吉豆,183.9,184.3,evidence/card_0283.jpg,ocr/input_videos\上海__五角场万达广场__20260825.mp4,ajidou阿吉豆 | 🌟🌟⭐⭐ | B1 | 配饰￥184/人 | 4.4 | ★ | ajidou | 外观设计吸引人，质量耐用舒适 | 5 | < | 10:00营业,🌟🌟⭐⭐ | B1 | 配饰￥184/人 | 4.4 | ★,结构完整,
CARD-0284,五角场万达广场,E·LAND KIDS,E·LANDKIDS,服饰鞋包,3.6,939,F3,rated,True,,rated,parsed,rating_anchor,0.9596,0.9594,45,2,E·LAND KIDS,183.9,184.3,evidence/card_0284.jpg,ocr/input_videos\上海__五角场万达广场__20260825.mp4,E·LAND KIDS | 🌟🌟🎉🌟🌟 | F3 | 服饰鞋包￥939/人 | 3.6 | ELAND | H1 | 10:00营业,🌟🌟🎉🌟🌟 | F3 | 服饰鞋包￥939/人 | 3.6,结构完整,
CARD-0285,五角场万达广场,精式眼镜连锁,精式眼镜连锁,眼镜店,3.7,193,B1,rated,True,,rated,parsed,rating_anchor,0.9851,0.9992,50,2,精式眼镜连锁,183.9,184.3,evidence/card_0285.jpg,ocr/input_videos\上海__五角场万达广场__20260825.mp4,精式眼镜连锁 | 新華書店 | B1 | ⭐★★⭐3.7 | 眼镜店￥193/人 | RINHUA BOOKSTORE | 配镜中心 | “书香氛围中，验光专业快捷” | 10:00营业 | ￥299￥1227明月1.60PMC镜架（可用... | 惠 | ￥1￥10代金券 | 惠,B1 | ⭐★★⭐3.7 | 眼镜店￥193/人,结构完整,
CARD-0286,五角场万达广场,川杨教育,川杨教育,课后辅导,4.2,,商场内,rated,True,,rated,parsed,rating_anchor,0.9995,0.9993,53,5,川杨教育,183.9,186.72,evidence/card_0286.jpg,ocr/input_videos\上海__五角场万达广场__20260825.mp4,川杨教育 | 烈婚款育 | 商场内 | 🌟🌟🌟🌟 | 4.2 | 课后辅导 | 新学期新进步 | 全科辅导 | 点评榜单 | 杨浦区课后辅导热门榜第5名 | 营业中 | 惠￥1￥498初中理化对学科规划,商场内 | 🌟🌟🌟🌟 | 4.2 | 课后辅导,结构完整,
CARD-0287,五角场万达广场,海澜之家,海澜之家,服装,4.4,429,B1,rated,True,,rated,parsed,rating_anchor,0.9598,0.9482,60,3,海澜之家,185.92,186.72,evidence/card_0287.jpg,ocr/input_videos\上海__五角场万达广场__20260825.mp4,海澜之家 | HLA | 4.4服装￥429/人 | B1 | 🌟🌟🌟🌟🌟 | “料子摸上去很舒服，体恤价格实惠 | 海澜之家 | 10:00营业,4.4服装￥429/人 | B1 | 🌟🌟🌟🌟🌟,结构完整,
CARD-0288,五角场万达广场,永传承五角场万达广场B馆1楼珠..,永传承五角场万达广场B馆1楼珠,综合珠宝首饰,3.8,,F1,rated,True,,rated,parsed,rating_anchor,0.9737,0.955,53,4,永传承五角场万达广场B馆1楼珠.. | 永传承五角场万达广场B馆1楼珠...,185.92,187.53,evidence/card_0288.jpg,ocr/input_videos\上海__五角场万达广场__20260825.mp4,永传承五角场万达广场B馆1楼珠.. | 永德承 | 3.8综合珠宝首饰 | F1 | 10:00营业,3.8综合珠宝首饰 | F1,结构完整,
CARD-0289,五角场万达广场,宝岛眼镜,宝岛眼镜,眼镜店,4.8,711,B1,rated,True,,rated,parsed,rating_anchor,0.9834,0.9979,55,7,宝岛眼镜,185.92,188.94,evidence/card_0289.jpg,ocr/input_videos\上海__五角场万达广场__20260825.mp4,宝岛眼镜 | 新生护期 | 从视力复查开始 | B1 | 🌟🌟🎉🌟🌟 | 眼镜店￥711/人 | 4.8 | 点评榜单 | 杨浦区眼镜店热门榜第8名 | 10:00营业 | 高度数福利，日 | 眼镜架售卖齐全 | ￥30 | ￥0.01 | 0.1折 | 惠 | 【提前预约】海昌倾..,B1 | 🌟🌟🎉🌟🌟 | 眼镜店￥711/人 | 4.8,结构完整,
CARD-0290,五角场万达广场,奶糖派大杯內衣,奶糖派大杯内衣,内衣,4.2,,B1,rated,True,,rated,parsed,rating_anchor,0.9578,0.9629,56,7,奶糖派大杯內衣 | 奶糖派大杯内衣,185.92,188.94,evidence/card_0290.jpg,ocr/input_videos\上海__五角场万达广场__20260825.mp4,奶糖派大杯內衣 | 4.2内衣 414/人 | B1 | 奶糖派 | 大杯内衣 | “内衣种类丰富，胸型设计舒适” | / | 10:00营业 | ￥89￥100100代金券|黄油小熊家居. | 惠 | ￥19.9￥50 | 惠 | 【新客专享】50元代金券,4.2内衣 414/人 | B1,结构完整,
CARD-0291,五角场万达广场,海渊人家,海渊人家,服装,4.4,429,B1,rated,True,,rated,parsed,rating_anchor,0.8817,0.7886,31,1,海渊人家,187.53,187.53,evidence/card_0291.jpg,ocr/input_videos\上海__五角场万达广场__20260825.mp4,海渊人家 | HLA | B1 | 🌟🌟🌟🌟 | 4.4服装￥429/人 | ★ | “料子摸上去很舒服，体恤价格实惠 | 海澜之家 | 10:00营业,B1 | 🌟🌟🌟🌟 | 4.4服装￥429/人 | ★,建议复核,single_observation | low_title_confidence
CARD-0292,五角场万达广场,AMISS美发沙龙,AMISS美发沙龙,美发,4.6,219,F1,rated,True,,rated,parsed,rating_anchor,0.9734,0.995,52,4,AMISS美发沙龙,187.53,188.94,evidence/card_0292.jpg,ocr/input_videos\上海__五角场万达广场__20260825.mp4,AMISS美发沙龙 | 4.6美发￥219/人 | F1 | 美发师技术一流，环境简单舒适 | “ | AMISS | 惠￥100￥120 | 「C套餐」精致剪发+造型,4.6美发￥219/人 | F1,结构完整,
CARD-0293,五角场万达广场,九木杂物社,九木杂物社,杂货礼品,4.6,41,B1,rated,True,,rated,parsed,rating_anchor,0.9802,0.9997,52,5,九木杂物社,187.73,190.15,evidence/card_0293.jpg,ocr/input_videos\上海__五角场万达广场__20260825.mp4,九木杂物社 | ⭐🌟🌟🌟🌟 | B1 | 杂货礼品￥41/人 | 4.6 | ； | H | 米 | 0 | “环境温馨治愈，小物件颜值质感在线 | 10:00营业 | ￥939.8折 | ￥100九木杂物社·夏日限定 | 惠,⭐🌟🌟🌟🌟 | B1 | 杂货礼品￥41/人 | 4.6,结构完整,
CARD-0294,五角场万达广场,明源Queen·轻奢美甲美睫,明源Queen·轻奢美甲美睫,美甲,3.4,84,商场内,rated,True,,rated,parsed,rating_anchor,0.9571,0.9883,55,2,明源Queen·轻奢美甲美睫,189.95,190.15,evidence/card_0294.jpg,ocr/input_videos\上海__五角场万达广场__20260825.mp4,明源Queen·轻奢美甲美睫 | g | 用 | ★3.4美甲￥84/人 | 商场内 | 49 | 手绘技术绝了，花瓣灵动细腻” | “ | 半贴甲片 | 10:30营业 | ￥949.6折 | ￥538 | 惠 | 【高定轻奢】本甲3D...,★3.4美甲￥84/人 | 商场内,结构完整,
CARD-0295,五角场万达广场,香烟,香烟,烟酒茶叶,3.4,,F1,rated,True,,rated,parsed,rating_anchor,0.9646,0.9845,61,2,香烟,189.95,190.15,evidence/card_0295.jpg,ocr/input_videos\上海__五角场万达广场__20260825.mp4,香烟 | ⭐3.4烟酒茶叶 | F1 | 香 | SOETE | 10:00营业,⭐3.4烟酒茶叶 | F1,结构完整,
CARD-0296,五角场万达广场,领克新能源零售中心,领克新能源零售中心,4S店,3.2,,商场内,rated,True,,rated,parsed,rating_anchor,0.997,0.9996,50,2,领克新能源零售中心,191.97,192.37,evidence/card_0296.jpg,ocr/input_videos\上海__五角场万达广场__20260825.mp4,领克新能源零售中心 | 领克07G7 | 科技智混运动旅行车 | 商场内 | 3.2 | 🌟🌟🎉 | 4S店 | ★★ | 10:00营业,商场内 | 3.2 | 🌟🌟🎉 | 4S店 | ★★,结构完整,
CARD-0297,五角场万达广场,eifini伊芙丽,eifini伊芙丽,服装,4.1,574,B1,rated,True,,rated,parsed,rating_anchor,0.9779,0.9995,48,4,eifini伊芙丽,191.97,194.59,evidence/card_0297.jpg,ocr/input_videos\上海__五角场万达广场__20260825.mp4,eifini伊芙丽 | 4.1服装￥574/人 | B1 | 🌟🌟⭐⭐ | 10:00营业,4.1服装￥574/人 | B1 | 🌟🌟⭐⭐,结构完整,
CARD-0298,五角场万达广场,NIKE,NIKE,运动户外,3.6,857,F4,rated,True,,rated,parsed,rating_anchor,0.9791,0.9983,51,4,NIKE,191.97,194.59,evidence/card_0298.jpg,ocr/input_videos\上海__五角场万达广场__20260825.mp4,NIKE | 🌟🌟⭐🌟🌟 | F4 | 运动户外￥857/人 | 3.6 | 衣服款式紧跟潮流，质感上身效果佳 | 10:00营业,🌟🌟⭐🌟🌟 | F4 | 运动户外￥857/人 | 3.6,结构完整,
CARD-0299,五角场万达广场,泰国斗鱼,泰国斗鱼,其他宠物,3.6,68,B1,rated,True,,rated,parsed,rating_anchor,0.9988,0.9976,53,4,泰国斗鱼,191.97,194.59,evidence/card_0299.jpg,ocr/input_videos\上海__五角场万达广场__20260825.mp4,泰国斗鱼 | 🌟🌟🌟🌟 | B1 | 其他宠物 | ￥68/人 | 泰国鱼 | 3.6 | Thal Betta | 抽盲盒超值，斗鱼颜值高 | 10:00营业,🌟🌟🌟🌟 | B1 | 其他宠物 | ￥68/人 | 3.6,结构完整,
CARD-0300,五角场万达广场,FLAGLADY,FLAGLADY,服装,4.5,1258,B1,rated,True,,rated,parsed,rating_anchor,0.9828,0.9992,42,4,FLAGLADY,191.97,194.59,evidence/card_0300.jpg,ocr/input_videos\上海__五角场万达广场__20260825.mp4,FLAGLADY | ILKENS | 🌟🌟🌟🌟🌟 | B1 | 服装￥1258/人 | 4.5 | 店员服务热情，专业建议贴心 | 10:00营业,🌟🌟🌟🌟🌟 | B1 | 服装￥1258/人 | 4.5,结构完整,
CARD-0301,五角场万达广场,视兄机能源令告中心,视兄机能源令告中心,4S店,3.2,,商场内,rated,True,,rated,parsed,rating_anchor,0.9446,0.8935,31,2,视兄机能源令告中心,193.78,194.59,evidence/card_0301.jpg,ocr/input_videos\上海__五角场万达广场__20260825.mp4,视兄机能源令告中心 | 领克07G7 | 科技智混运动旅行车 | 4S店 | 商场内 | 🌟🌟⭐ | 🌟⭐ | 3.2 | 10:00营业,4S店 | 商场内 | 🌟🌟⭐ | 🌟⭐ | 3.2,结构完整,
CARD-0302,五角场万达广场,森马,森马,服饰鞋包,4.5,36,B1,rated,True,,rated,parsed,rating_anchor,0.9776,0.9998,61,5,森马,193.78,196.2,evidence/card_0302.jpg,ocr/input_videos\上海__五角场万达广场__20260825.mp4,森马 | SEM/R | B1 | ★★★★🌟 | 服饰鞋包￥36/人 | 4.5 | 快闪店超可爱，羽绒服款式多 | 力 | 10:00营业 | 祥牌打金铺五角场,B1 | ★★★★🌟 | 服饰鞋包￥36/人 | 4.5,结构完整,
CARD-0303,五角场万达广场,祥牌打金铺五角场,祥牌打金铺五角场,综合珠宝.,4.8,1002,F1,rated,True,,rated,parsed,rating_anchor,0.9696,0.9993,51,3,祥牌打金铺五角场,195.6,196.2,evidence/card_0303.jpg,ocr/input_videos\上海__五角场万达广场__20260825.mp4,祥牌打金铺五角场 | 4.8综合珠宝. | ￥1002/人F1 | 祥牌打金铺 | 上海结婚首饰销量榜第8名 | XIANGPAIGOLOGHOP | 10:00营业 | ￥959.5折 | ￥150代金券 | 惠,4.8综合珠宝. | ￥1002/人F1,结构完整,
CARD-0304,五角场万达广场,老庙黄金,老庙黄金,黄金首饰,3.8,8345,F1,rated,True,,rated,parsed,rating_anchor,0.9789,0.988,57,3,老庙黄金,195.6,196.2,evidence/card_0304.jpg,ocr/input_videos\上海__五角场万达广场__20260825.mp4,老庙黄金 | 🌟🌟🌟🌟🌟 | F1 | 3.8黄金首饰￥8345/人 | 瑜老庙 | 操您带果好气。 | 百年老店，黄金首饰做工精细 | C | 10:00营业 | ￥9599.9折 | ￥1000 | 【上海】970代100.. | 惠,🌟🌟🌟🌟🌟 | F1 | 3.8黄金首饰￥8345/人,结构完整,
CARD-0305,五角场万达广场,昂立国际·雅思托福·PU·think·小...,昂立国际·雅思托福·PU·think·小,科学实验,4.6,,F3,rated,True,,rated,parsed,rating_anchor,0.9773,0.9548,57,3,昂立国际·雅思托福·PU·think·小...,195.6,196.2,evidence/card_0305.jpg,ocr/input_videos\上海__五角场万达广场__20260825.mp4,昂立国际·雅思托福·PU·think·小... | 保 He科 | 昂立国际 | 🌟🌟🌟🌟 | F3 | 4.6 | 科学实验 | 原版英语 | 点评榜单 | 杨浦区科学探索热门榜第4名 | - | 营业中 | 成长档案珍贵，老师祝福暖心 | ￥9.9￥597全城6次课随心学|少儿游... | 惠,🌟🌟🌟🌟 | F3 | 4.6 | 科学实验,建议复核,name_truncated
CARD-0306,五角场万达广场,Buda·Peis,Buda·Peis,服饰鞋包,3.4,,B1,rated,True,,rated,parsed,rating_anchor,0.9934,0.9918,49,1,Buda·Peis,198.02,198.02,evidence/card_0306.jpg,ocr/input_videos\上海__五角场万达广场__20260825.mp4,Buda·Peis | 🌟🌟🌟⭐🌟 | 3.4服饰鞋包 | B1 | 10:00营业,🌟🌟🌟⭐🌟 | 3.4服饰鞋包 | B1,建议复核,single_observation
CARD-0307,五角场万达广场,莉奈儿,莉奈儿,内衣,4.0,,B1,rated,True,,rated,parsed,rating_anchor,0.9961,0.9979,61,3,莉奈儿,198.02,200.03,evidence/card_0307.jpg,ocr/input_videos\上海__五角场万达广场__20260825.mp4,莉奈儿 | 4.0内衣 | ⭐🌟🌟🌟 | B1 | ★ | 10:00营业,4.0内衣 | ⭐🌟🌟🌟 | B1 | ★,结构完整,
CARD-0308,五角场万达广场,小花·奢侈品包包手表首饰回收寄卖,小花·奢侈品包包手表首饰回收寄卖,奢侈品回收,4.8,,商场内,rated,True,,rated,parsed,rating_anchor,0.9961,0.9929,57,3,小花·奢侈品包包手表首饰回收寄卖,198.02,200.03,evidence/card_0308.jpg,ocr/input_videos\上海__五角场万达广场__20260825.mp4,小花·奢侈品包包手表首饰回收寄卖 | &小花 | 商场内 | ⭐⭐🌟4.8 | 奢侈品回收 | BANG | 同城29分钟上门 | 奢侈品回收 | 杨浦区回收服务销量榜第2名 | 营业中 | “服务好价格满意，二奢回收无后顾之忧” | 1折 | ￥199 | 【包包回收】爱马仕/香... | 惠 | ￥1,商场内 | ⭐⭐🌟4.8 | 奢侈品回收,结构完整,
CARD-0309,五角场万达广场,玛奴拉·改衣,玛奴拉·改衣,裁缝改衣,3.8,58,B2,rated,True,,rated,parsed,rating_anchor,0.9764,0.9934,52,3,玛奴拉·改衣,198.02,200.03,evidence/card_0309.jpg,ocr/input_videos\上海__五角场万达广场__20260825.mp4,玛奴拉·改衣 | FORNET | ⭐🌟🌟🌟🌟 | B2 | 裁缝改衣￥58/人 | 3.8 | 福奈特·洗衣 | 改衣手艺精湛，材质裁剪难却效果好 | 10:00营业,⭐🌟🌟🌟🌟 | B2 | 裁缝改衣￥58/人 | 3.8,结构完整,
CARD-0310,五角场万达广场,百新文具馆,百新文具馆,办公用具,4.0,,B1,rated,True,,rated,parsed,rating_anchor,0.9989,0.998,53,3,百新文具馆,198.02,200.03,evidence/card_0310.jpg,ocr/input_videos\上海__五角场万达广场__20260825.mp4,百新文具馆 | B1 | 🌟🌟⭐⭐ | 办公用具 | 4.0 | ★,B1 | 🌟🌟⭐⭐ | 办公用具 | 4.0 | ★,结构完整,
CARD-0311,五角场万达广场,第一食品,第一食品,超市便利,4.8,73,F1,rated,True,,rated,parsed,rating_anchor,0.9852,0.9997,57,4,第一食品,199.43,201.65,evidence/card_0311.jpg,ocr/input_videos\上海__五角场万达广场__20260825.mp4,"B | 第一食品 | ⭐🌟⭐⭐🎉 | 超市便利￥73/人 | F1,F2,F3 | 4.8 | 1 | 点评榜单 | 杨浦区超市便利热门榜第1名 | 10:00营业 | 用料满满，鲜美汤头瞬间食指大动” | ￥41.49折 | ￥58龙华现烤全家福月饼... | 惠","⭐🌟⭐⭐🎉 | 超市便利￥73/人 | F1,F2,F3 | 4.8",结构完整,
CARD-0312,五角场万达广场,阿迪达斯,阿迪达斯,运动户外,4.0,1230,F1,rated,True,,rated,parsed,rating_anchor,0.9843,0.9989,59,2,阿迪达斯,200.84,201.65,evidence/card_0312.jpg,ocr/input_videos\上海__五角场万达广场__20260825.mp4,阿迪达斯 | 🌟🌟🌟⭐⭐ | F1 | 4.0运动户外￥1230/人 | “设计动感时尚，品质舒适耐用 | 10:00营业,🌟🌟🌟⭐⭐ | F1 | 4.0运动户外￥1230/人,结构完整,
CARD-0313,五角场万达广场,BOLON暴龙眼镜,BOLON暴龙眼镜,眼镜店,4.6,1253,B1,rated,True,,rated,parsed,rating_anchor,0.9814,0.9988,48,2,BOLON暴龙眼镜,200.84,201.65,evidence/card_0313.jpg,ocr/input_videos\上海__五角场万达广场__20260825.mp4,BOLON暴龙眼镜 | ⭐🌟⭐⭐🌟 | 眼镜店￥1253/人 | B1 | 4.6 | BOLON | CYEWEAR | 款式多样，环境宽敬舒适 | 。 | 10:00营业,⭐🌟⭐⭐🌟 | 眼镜店￥1253/人 | B1 | 4.6,结构完整,
CARD-0314,五角场万达广场,UGIRL有个美甲,UGIRL有个美甲,美甲,3.3,121,商场内,rated,True,,rated,parsed,rating_anchor,0.9855,0.9996,51,2,UGIRL有个美甲,200.84,201.65,evidence/card_0314.jpg,ocr/input_videos\上海__五角场万达广场__20260825.mp4,UGIRL有个美甲 | UGIRL | 足部美甲 | 商场内 | ⭐🌟⭐⭐🌟 | 3.3美甲￥121/人 | 59 | “服务贴心，指甲美翻了” | 10:30营业 | ￥298 | ￥53.359.1折 | 【款式美足】足.. | 惠,商场内 | ⭐🌟⭐⭐🌟 | 3.3美甲￥121/人,结构完整,
CARD-0315,五角场万达广场,东方麒麟·潘多拉SALON,东方麒麟·潘多拉SALON,美发,4.5,222,F3,rated,True,,rated,parsed,rating_anchor,0.9809,0.9902,51,6,东方麒麟·潘多拉SALON,200.84,204.47,evidence/card_0315.jpg,ocr/input_videos\上海__五角场万达广场__20260825.mp4,东方麒麟·潘多拉SALON | y | F3 | 🌟🌟🌟🌟🌟 | 4.5美发￥222/人 | 硬选品质美发 | 光 | 发色染得很喜欢，环境很嗨 | 2026臻选发廊 | 10:00营业 | ￥66￥78 | 【专享】高级定制裁剪造型 | 惠,F3 | 🌟🌟🌟🌟🌟 | 4.5美发￥222/人,结构完整,
CARD-0316,五角场万达广场,蕉下,蕉下,运动户外,3.9,520,B1,rated,True,,rated,parsed,rating_anchor,0.9811,0.9996,61,4,蕉下,203.06,204.47,evidence/card_0316.jpg,ocr/input_videos\上海__五角场万达广场__20260825.mp4,蕉下 | 3.9运动户外￥520/人 | B1 | 双面外套防风又耐脏，版型宽松显瘦 | C | 10:00营业 | ￥379￥399 | 【折上折】379代399代金券 | 惠,3.9运动户外￥520/人 | B1,结构完整,
CARD-0317,五角场万达广场,DJI大疆,DJI大疆,数码产品,4.9,3382,F1,rated,True,,rated,parsed,rating_anchor,0.9864,0.9992,56,6,DJI大疆,203.06,206.08,evidence/card_0317.jpg,ocr/input_videos\上海__五角场万达广场__20260825.mp4,DJI大疆 | 山 | 🌟🌟🎉🎉🎉4.9 | F1 | 数码产品￥3382/人 | 画质超好，跟随人很方便” | “ | 授权体验店 | 10:00营业,🌟🌟🎉🎉🎉4.9 | F1 | 数码产品￥3382/人,结构完整,
CARD-0318,五角场万达广场,格思文化,格思文化,购物,3.2,,F3,rated,True,,rated,parsed,rating_anchor,0.9986,0.9995,56,6,格思文化,203.06,206.08,evidence/card_0318.jpg,ocr/input_videos\上海__五角场万达广场__20260825.mp4,格思文化 | 3.2购物 | F3 | 🌟🌟⭐ | ★★ | 购物 | 10:00营业,3.2购物 | F3 | 🌟🌟⭐ | ★★,结构完整,
CARD-0319,五角场万达广场,东瀛造型,东瀛造型,美发,4.6,305,B1,rated,True,,rated,parsed,rating_anchor,0.9792,0.9998,57,6,东瀛造型,203.06,206.08,evidence/card_0319.jpg,ocr/input_videos\上海__五角场万达广场__20260825.mp4,东瀛造型 | 上海美 | B1 | 4.6美发￥305/人 | 銷量格 | 第1名 | 染发烫发效果好，理发师责任心强” | 10:00营业 | ￥1069.9折 | ￥128 | 【洗剪吹】资深设... | 惠,B1 | 4.6美发￥305/人,结构完整,
CARD-0320,五角场万达广场,沐熙源·美容养生,沐熙源·美容养生,皮肤管理,4.3,156,B1,rated,True,,rated,parsed,rating_anchor,0.9754,0.9802,57,3,沐熙源·美容养生,205.68,206.49,evidence/card_0320.jpg,ocr/input_videos\上海__五角场万达广场__20260825.mp4,沐熙源·美容养生 | 沐熙源 | ⭐⭐🎉⭐4.3 | B1 | 皮肤管理￥156/人 | 按完身体轻松很多，美容师手法细腻 | 1 | 10:00营业 | ￥48060分钟补水保湿深.. | ￥1439.1折 | 惠,⭐⭐🎉⭐4.3 | B1 | 皮肤管理￥156/人,结构完整,
CARD-0321,五角场万达广场,XGIMI极米投影,XGIMI极米投影,数码产品,4.2,7465,F1,rated,True,,rated,parsed,rating_anchor,0.9944,0.9891,51,5,XGIMI极米投影,205.68,207.49,evidence/card_0321.jpg,ocr/input_videos\上海__五角场万达广场__20260825.mp4,XGIMI极米投影 | ⭐🌟🌟 | F1 | ￥7465/人 | 数码产品 | 4.2 | ★ | XGIMI | 大屏投影超爽，服务也很好” | “ | 10:00营业,⭐🌟🌟 | F1 | ￥7465/人 | 数码产品 | 4.2 | ★,结构完整,
CARD-0322,五角场万达广场,SHINE萱子饰品,SHINE萱子饰品,杂货礼品,3.9,200,B1,rated,True,,rated,parsed,rating_anchor,0.9837,0.9992,51,3,SHINE萱子饰品,206.49,207.49,evidence/card_0322.jpg,ocr/input_videos\上海__五角场万达广场__20260825.mp4,SHINE萱子饰品 | 🌟🌟🌟🌟⭐ | 杂货礼品￥200/人 | B1 | SHINE | 3.9 | 萱子 | “打耳洞不疼，服务细心周到 | 10:00营业,🌟🌟🌟🌟⭐ | 杂货礼品￥200/人 | B1 | 3.9,结构完整,
CARD-0323,五角场万达广场,七乐网球,七乐网球,网球培训,4.0,,F5,rated,True,,rated,parsed,rating_anchor,0.9995,0.9997,57,3,七乐网球,206.49,207.49,evidence/card_0323.jpg,ocr/input_videos\上海__五角场万达广场__20260825.mp4,七乐网球 | ★★★★ | 网球培训 | F5 | 4.0 | QILE TENNIS | 七乐网球 | 点评榜单 | 五角场/大学路运动培训热门榜第7名 | 营业中 | 位置便利， | 露天场地夏天运动很爽 | 加 | ￥299 | ￥488 | 8.6折 | 网球... | 【中教1对1】[ | 惠,★★★★ | 网球培训 | F5 | 4.0,结构完整,
CARD-0324,五角场万达广场,WAREHOUSE,WAREHOUSE,购物,3.5,,F4,rated,True,,rated,parsed,rating_anchor,0.9995,0.9991,43,4,WAREHOUSE,206.49,208.3,evidence/card_0324.jpg,ocr/input_videos\上海__五角场万达广场__20260825.mp4,WAREHOUSE | 购物 | F4 | 🌟🌟🌟🌟★ | 3.5 | “科技感十，创意菜美味又上相” | 10:00营业,购物 | F4 | 🌟🌟🌟🌟★ | 3.5,结构完整,
CARD-0325,五角场万达广场,精致教育·全科辅导,精致教育·全科辅导,课后辅导,3.3,,商场内,rated,True,,rated,parsed,rating_anchor,0.9933,0.987,51,4,精致教育·全科辅导,207.09,208.91,evidence/card_0325.jpg,ocr/input_videos\上海__五角场万达广场__20260825.mp4,精致教育·全科辅导 | 中高考 | 商场内 | 🌟★★★★ | 3.3 | 课后辅导 | 全科指导 | 精致教育理念，课后一对一辅导效果显著 | “ | 欢迎报名试学 | 10:00营业,商场内 | 🌟★★★★ | 3.3 | 课后辅导,结构完整,
CARD-0326,五角场万达广场,本来BENLAI,本来BENLAI,服饰鞋包,4.8,340,B1,rated,True,,rated,parsed,rating_anchor,0.9785,0.994,56,4,本来 BENLAI | 本来BENLAI,207.09,208.91,evidence/card_0326.jpg,ocr/input_videos\上海__五角场万达广场__20260825.mp4,本来BENLAI | 日 | 🌟🌟🌟🌟🎉 | B1 | 4.8 | 服饰鞋包￥340/人 | 面料舒适，款式不浮夸 | BENLAI本来 | 10:00营业,🌟🌟🌟🌟🎉 | B1 | 4.8 | 服饰鞋包￥340/人,结构完整,
CARD-0327,五角场万达广场,中国福利彩票,中国福利彩票,彩票,3.4,,B1,rated,True,,rated,parsed,rating_anchor,0.9999,0.9999,51,4,中国福利彩票,208.3,211.12,evidence/card_0327.jpg,ocr/input_videos\上海__五角场万达广场__20260825.mp4,中国福利彩票 | 中口国副膜 | ⭐🌟⭐ | 彩票 | B1 | ★★ | 3.4 | 10:00营业,⭐🌟⭐ | 彩票 | B1 | ★★ | 3.4,结构完整,
CARD-0328,五角场万达广场,曼妮芬,曼妮芬,内衣,3.6,,F3,rated,True,,rated,parsed,rating_anchor,0.9951,0.9998,62,3,曼妮芬,208.91,211.12,evidence/card_0328.jpg,ocr/input_videos\上海__五角场万达广场__20260825.mp4,曼妮芬 | 3.6内衣 | 🌟🌟🌟🌟🌟 | F3 | 10:00营业,3.6内衣 | 🌟🌟🌟🌟🌟 | F3,结构完整,
CARD-0329,五角场万达广场,Jordan,Jordan,运动户外,3.9,1129,F2,rated,True,,rated,parsed,rating_anchor,0.9887,0.9991,56,6,Jordan,210.72,212.94,evidence/card_0329.jpg,ocr/input_videos\上海__五角场万达广场__20260825.mp4,Jordan | 🌟🌟🌟🌟 | F2 | 3.9运动户外￥1129/人 | 10:00营业 | ￥72.759.7折 | ￥100 | 精选鞋类券-75... | 惠,🌟🌟🌟🌟 | F2 | 3.9运动户外￥1129/人,结构完整,
CARD-0330,五角场万达广场,上海五角厂,上海五角厂,美容/SPA,,,B1,unrated,False,explicitly_unrated,unrated,parsed,unrated_anchor,0.9988,0.9998,55,5,上海五角厂,211.73,213.95,evidence/card_0330.jpg,ocr/input_videos\上海__五角场万达广场__20260825.mp4,上海五角厂 | ★★★★★ | 美容/SPA | B1 | 暂无星级 | 指朴轻美甲 | GERBK,★★★★★ | 美容/SPA | B1 | 暂无星级,研究排除,
CARD-0331,五角场万达广场,橘选数码生活精品馆,橘选数码生活精品馆,数码产品,,,,unrated,False,explicitly_unrated,unrated,parsed,unrated_anchor,0.9996,0.9995,53,5,橘选数码生活精品馆,211.73,213.95,evidence/card_0331.jpg,ocr/input_videos\上海__五角场万达广场__20260825.mp4,橘选数码生活精品馆 | 151 | ★★★★★ | 数码产品 | 暂无星级 | 楼西 | 10:00营业,★★★★★ | 数码产品 | 暂无星级,研究排除,
CARD-0332,五角场万达广场,特来电汽车充电站,特来电汽车充电站,充电站/桩,,,B2,unrated,False,explicitly_unrated,unrated,parsed,unrated_anchor,0.994,0.9991,53,10,特来电汽车充电站,211.73,217.37,evidence/card_0332.jpg,ocr/input_videos\上海__五角场万达广场__20260825.mp4,特来电汽车充电站 | TELD | 特来电 | 充电站/桩 | ★★★★★ | B2 | 暂无星级 | 营业中 | ￥28.5￥30特来电30充电券(抵扣电费.. | 惠,充电站/桩 | ★★★★★ | B2 | 暂无星级,研究排除,
CARD-0333,五角场万达广场,响隐香云纱丝绸,响隐香云纱丝绸,服饰鞋包,,,B1,unrated,False,explicitly_unrated,unrated,parsed,unrated_anchor,0.9989,0.9983,52,7,响隐香云纱丝绸,211.73,215.16,evidence/card_0333.jpg,ocr/input_videos\上海__五角场万达广场__20260825.mp4,响隐香云纱丝绸 | 服饰鞋包 | ★★★★★ | 暂无星级 | B1 | 响隐 | 10:00营业,服饰鞋包 | ★★★★★ | 暂无星级 | B1,研究排除,
CARD-0334,五角场万达广场,G-SHOCK,G-SHOCK,钟表,,,B1,unrated,False,explicitly_unrated,unrated,parsed,unrated_anchor,0.9987,0.9981,48,5,G-SHOCK,212.33,215.16,evidence/card_0334.jpg,ocr/input_videos\上海__五角场万达广场__20260825.mp4,G-SHOCK | 钟表 | ★★★★★ | 暂无星级 | B1 | 10:00营业,钟表 | ★★★★★ | 暂无星级 | B1,研究排除,
CARD-0335,五角场万达广场,世界杯官方授权店,世界杯官方授权店,购物,,,B1,new_store,False,new_store,ocr_missing,parsed,metadata_anchor,0.9998,0.9996,54,5,世界杯官方授权店,213.95,216.97,evidence/card_0335.jpg,ocr/input_videos\上海__五角场万达广场__20260825.mp4,世界杯官方授权店 | 福 | 新店 | 购物 | B1 | 10:00营业,新店 | 购物 | B1,研究排除,
CARD-0336,五角场万达广场,umuycase,umuycase,数码.,,191,B1,unrated,False,explicitly_unrated,unrated,parsed,unrated_anchor,0.9489,0.9983,47,4,umuycase,214.75,216.97,evidence/card_0336.jpg,ocr/input_videos\上海__五角场万达广场__20260825.mp4,umuycase | 暂无星级 | ★★★★★ | 数码. | ￥191/人B1 | 10:00营业,暂无星级 | ★★★★★ | 数码. | ￥191/人B1,研究排除,
CARD-0337,五角场万达广场,非机动车车库,非机动车车库,,,,商场内,unrated,False,explicitly_unrated,unrated,missing,unrated_anchor,0.9999,0.9999,55,6,非机动车车库,214.75,217.98,evidence/card_0337.jpg,ocr/input_videos\上海__五角场万达广场__20260825.mp4,非机动车车库 | 生活服务 | 商场内 | 暂无星级 | ★★★★★,生活服务 | 商场内 | 暂无星级 | ★★★★★,研究排除,
CARD-0338,五角场万达广场,Paw in Paw,PawinPaw,儿童服饰,,,F1,unrated,False,explicitly_unrated,unrated,parsed,unrated_anchor,0.9803,0.9636,55,4,Paw in Paw,216.77,217.98,evidence/card_0338.jpg,ocr/input_videos\上海__五角场万达广场__20260825.mp4,Paw in Paw | 暂无星级儿童服饰 | ★★★★★ | F1 | 10:00营业,暂无星级儿童服饰 | ★★★★★ | F1,研究排除,
CARD-0339,五角场万达广场,KOKOROGOODS,KOKOROGOODS,服装,,,F2,unrated,False,explicitly_unrated,unrated,parsed,unrated_anchor,0.9984,0.9971,50,2,KOKOROGOODS,217.37,217.98,evidence/card_0339.jpg,ocr/input_videos\上海__五角场万达广场__20260825.mp4,KOKOROGOODS | 服装 | F2 | ★★★★★ | 暂无星级 | KOKOROGOODS | 10:00营业,服装 | F2 | ★★★★★ | 暂无星级,研究排除,
CARD-0340,五角场万达广场,nE,nE,美发,,,F3,unrated,False,explicitly_unrated,unrated,parsed,unrated_anchor,0.9948,0.9899,58,2,nE,217.37,217.98,evidence/card_0340.jpg,ocr/input_videos\上海__五角场万达广场__20260825.mp4,nE | 美发 | 暂无星级 | ★★★★★ | F3 | 艺店,美发 | 暂无星级 | ★★★★★ | F3,研究排除,
CARD-0341,五角场万达广场,潮好人潮汕美食杂杂博物社·潮汕..,潮好人潮汕美食杂杂博物社·潮汕,杂货礼品,,,F1,unrated,False,explicitly_unrated,unrated,parsed,unrated_anchor,0.9694,0.9407,51,4,潮好人潮汕美食杂杂博物社·潮汕.. | 潮好人潮汕美食杂杂博物社·潮汕...,217.37,220.2,evidence/card_0341.jpg,ocr/input_videos\上海__五角场万达广场__20260825.mp4,潮好人潮汕美食杂杂博物社·潮汕.. | 教 | 潮 | 汕 | 暂无星级 | 杂货礼品 | F1 | ★★★★★ | 杂杂博物社 | 当地人推荐！ | 10:00营业,暂无星级 | 杂货礼品 | F1 | ★★★★★,研究排除,
CARD-0342,五角场万达广场,公用电话,公用电话,,,,B1,unrated,False,explicitly_unrated,unrated,missing,unrated_anchor,0.9999,0.9999,56,3,公用电话,217.98,220.2,evidence/card_0342.jpg,ocr/input_videos\上海__五角场万达广场__20260825.mp4,公用电话 | B1 | ★★★★★ | 暂无星级 | 生活服务 | 生活服务,B1 | ★★★★★ | 暂无星级 | 生活服务,研究排除,
CARD-0343,五角场万达广场,奥迪汽车充电站,奥迪汽车充电站,充电站/桩,,,B2,unrated,False,explicitly_unrated,unrated,parsed,unrated_anchor,0.9707,0.9539,52,2,奥迪汽车充电站 | 奧迪汽车充电站,219.79,220.2,evidence/card_0343.jpg,ocr/input_videos\上海__五角场万达广场__20260825.mp4,奥迪汽车充电站 | B2 | 🌟🌟🌟🌟★ | 充电站/桩 | 暂无星级 | 养车/用车,B2 | 🌟🌟🌟🌟★ | 充电站/桩 | 暂无星级,研究排除,
CARD-0344,五角场万达广场,巨永金属,巨永金属,金属/废品回收,,,F2,unrated,False,explicitly_unrated,unrated,parsed,unrated_anchor,0.9971,0.9998,53,5,巨永金属,219.79,223.22,evidence/card_0344.jpg,ocr/input_videos\上海__五角场万达广场__20260825.mp4,巨永金属 | 暂无星级 | F2 | ★★★★★ | 金属/废品回收 | 生活服务 | 10:00营业,暂无星级 | F2 | ★★★★★ | 金属/废品回收,研究排除,
CARD-0345,五角场万达广场,Future,Future,美发,,,F4,unrated,False,explicitly_unrated,unrated,parsed,unrated_anchor,0.9997,0.9996,39,4,Future | FutureE,219.79,223.22,evidence/card_0345.jpg,ocr/input_videos\上海__五角场万达广场__20260825.mp4,Barbershop·未来专业烫... | Future | F4 | ★★★★★ | 美发 | 暂无星级 | 美发,F4 | ★★★★★ | 美发 | 暂无星级,研究排除,
CARD-0346,五角场万达广场,ID·与众(金标大众)空间-上海五角...,ID·与众(金标大众)空间-上海五角,综合经销商,,,F1,new_store,False,new_store,ocr_missing,parsed,metadata_anchor,0.9695,0.9393,51,5,ID·与众(金标大众)空间-上海五角...,219.79,223.22,evidence/card_0346.jpg,ocr/input_videos\上海__五角场万达广场__20260825.mp4,ID·与众(金标大众)空间-上海五角... | 新店 | F1 | 综合经销商 | 养车/用车,新店 | F1 | 综合经销商,研究排除,
CARD-0347,五角场万达广场,Future Barbershop·未来专业烫...,FutureBarbershop·未来专业烫,美发,,,F4,unrated,False,explicitly_unrated,unrated,parsed,unrated_anchor,0.9707,0.9415,59,1,Future Barbershop·未来专业烫...,220.2,220.2,evidence/card_0347.jpg,ocr/input_videos\上海__五角场万达广场__20260825.mp4,Future Barbershop·未来专业烫... | 美发 | ⭐🌟💥💥🌟 | F4 | 暂无星级 | 美发,美发 | ⭐🌟💥💥🌟 | F4 | 暂无星级,研究排除,
CARD-0348,五角场万达广场,突迪汽牛元电站,突迪汽牛元电站,充电站/桩,,,B2,unrated,False,explicitly_unrated,unrated,parsed,unrated_anchor,0.9491,0.9109,36,3,突迪汽牛元电站,222.01,223.22,evidence/card_0348.jpg,ocr/input_videos\上海__五角场万达广场__20260825.mp4,突迪汽牛元电站 | B2 | ★★★★★ | 暂无星级 | 充电站/桩 | 养车/用车,B2 | ★★★★★ | 暂无星级 | 充电站/桩,研究排除,
CARD-0349,五角场万达广场,小灵星,小灵星,购物,,,F2,unrated,False,explicitly_unrated,unrated,parsed,unrated_anchor,1.0,1.0,55,3,小灵星,222.01,223.22,evidence/card_0349.jpg,ocr/input_videos\上海__五角场万达广场__20260825.mp4,小灵星 | 小费 | 购物 | ★★★★★ | F2 | 暂无星级 | 10:00营业,购物 | ★★★★★ | F2 | 暂无星级,研究排除,
CARD-0350,五角场万达广场,西西·Nail美甲美睫,西西·Nail美甲美睫,美甲,,,商场内,unrated,False,explicitly_unrated,unrated,parsed,unrated_anchor,0.9878,0.9759,51,5,西西·Nail美甲美睫,222.01,224.63,evidence/card_0350.jpg,ocr/input_videos\上海__五角场万达广场__20260825.mp4,西西·Nail美甲美睫 | 美甲 | ⭐🌟🌟🌟⭐ | 商场内 | 暂无星级 | 美甲,美甲 | ⭐🌟🌟🌟⭐ | 商场内 | 暂无星级,研究排除,
CARD-0351,五角场万达广场,科沃斯机器人,科沃斯机器人,数码产品,,,B1,new_store,False,new_store,ocr_missing,parsed,metadata_anchor,0.9998,0.9998,52,2,科沃斯机器人,223.83,224.63,evidence/card_0351.jpg,ocr/input_videos\上海__五角场万达广场__20260825.mp4,科沃斯机器人 | 新店 | B1 | 数码产品 | 10:00营业,新店 | B1 | 数码产品,研究排除,
CARD-0352,五角场万达广场,TARANIS,TARANIS,购物,,,F3,unrated,False,explicitly_unrated,unrated,parsed,unrated_anchor,0.999,0.9981,45,2,TARANIS,223.83,224.63,evidence/card_0352.jpg,ocr/input_videos\上海__五角场万达广场__20260825.mp4,TARANIS | TARANIS | 购物 | ★🌟★★ | F3 | 暂无星级 | 10:00营业,购物 | ★🌟★★ | F3 | 暂无星级,研究排除,
CARD-0353,五角场万达广场,乐摩吧,乐摩吧,智能按.,,20,B1,unrated,False,explicitly_unrated,unrated,parsed,unrated_anchor,0.9617,0.9999,61,3,乐摩吧,223.83,225.24,evidence/card_0353.jpg,ocr/input_videos\上海__五角场万达广场__20260825.mp4,乐摩吧 | 承光乐 | （乐屏电号） | 兴美 | 智能按．￥20/人B1 | 暂无星级 | ⭐🌟💥🌟🌟 | 麻面 | 10:00营业2,智能按．￥20/人B1 | 暂无星级 | ⭐🌟💥🌟🌟,研究排除,
CARD-0354,五角场万达广场,玩学家,玩学家,文化艺术,,,B1,unrated,False,explicitly_unrated,unrated,parsed,unrated_anchor,0.9996,0.9996,56,4,玩学家,223.83,225.84,evidence/card_0354.jpg,ocr/input_videos\上海__五角场万达广场__20260825.mp4,玩学家 | 文化艺术 | B1 | ★★★★★ | 暂无星级 | 当地玩乐 | 即将开业 | 書法 | 曦玥轩书画工作室 | 书法 | 暂天星级,文化艺术 | B1 | ★★★★★ | 暂无星级,研究排除,
CARD-0355,五角场万达广场,曦玥轩书画工作室,曦玥轩书画工作室,书法,,,,unrated,False,explicitly_unrated,unrated,parsed,unrated_anchor,0.9993,0.9986,54,2,曦玥轩书画工作室,225.24,225.84,evidence/card_0355.jpg,ocr/input_videos\上海__五角场万达广场__20260825.mp4,曦玥轩书画工作室 | 都 | 書法·國畫 | 书法 | 暂无星级 | ★★★ | 原创书法作品，硬笔书法技能培训,书法 | 暂无星级 | ★★★,研究排除,
CARD-0356,五角场万达广场,拉比LABIBABY,拉比LABIBABY,儿童.,,249,F2,unrated,False,explicitly_unrated,unrated,parsed,unrated_anchor,0.9629,0.9966,51,4,拉比LABI BABY | 拉比LABIBABY,225.24,227.86,evidence/card_0356.jpg,ocr/input_videos\上海__五角场万达广场__20260825.mp4,拉比LABIBABY | 儿童. | ★★★★★ | 暂无星级 | ￥249/人F2 | LABI BABY | 10:00营业,儿童. | ★★★★★ | 暂无星级 | ￥249/人F2,研究排除,
CARD-0357,五角场万达广场,北京同仁堂健康药业,北京同仁堂健康药业,中西药房,,,F1,unrated,False,explicitly_unrated,unrated,parsed,unrated_anchor,0.9997,0.9997,51,6,北京同仁堂健康药业,225.24,228.87,evidence/card_0357.jpg,ocr/input_videos\上海__五角场万达广场__20260825.mp4,北京同仁堂健康药业 | 中西药房 | ★★★★★ | 暂无星级 | F1 | 10:00营业,中西药房 | ★★★★★ | 暂无星级 | F1,研究排除,
CARD-0358,五角场万达广场,逸安启超级充电站,逸安启超级充电站,充电站/桩,,,B2,unrated,False,explicitly_unrated,unrated,parsed,unrated_anchor,0.9951,0.9993,54,6,逸安启超级充电站,225.24,228.87,evidence/card_0358.jpg,ocr/input_videos\上海__五角场万达广场__20260825.mp4,逸安启超级充电站 | 充电站/桩 | B2 | ⭐🌟💥🌟🌟 | 暂无星级,充电站/桩 | B2 | ⭐🌟💥🌟🌟 | 暂无星级,研究排除,
CARD-0359,五角场万达广场,星愿市集,星愿市集,集市,,,商场内,unrated,False,explicitly_unrated,unrated,parsed,unrated_anchor,0.9998,0.9999,53,5,星愿市集,225.84,228.87,evidence/card_0359.jpg,ocr/input_videos\上海__五角场万达广场__20260825.mp4,星愿市集 | Bling Bling | 星愿市集 | 集市 | 商场内 | ★🌟🌟💥🌟 | 暂无星级,集市 | 商场内 | ★🌟🌟💥🌟 | 暂无星级,研究排除,
CARD-0360,五角场万达广场,小米汽车上海五角场万达店,小米汽车上海五角场万达店,4S店,,,F1,unrated,False,explicitly_unrated,unrated,parsed,unrated_anchor,0.9979,0.998,53,4,小米汽车上海五角场万达店,226.85,228.87,evidence/card_0360.jpg,ocr/input_videos\上海__五角场万达广场__20260825.mp4,小米汽车上海五角场万达店 | 暂无星级 | 4S店 | ★★★★★ | F1 | 养车/用车,暂无星级 | 4S店 | ★★★★★ | F1,研究排除,
CARD-0361,五角场万达广场,哦明轩节画工TF至,哦明轩节画工TF至,书法,,,,unrated,False,explicitly_unrated,unrated,parsed,unrated_anchor,0.8929,0.786,33,1,哦明轩节画工TF至,227.86,227.86,evidence/card_0361.jpg,ocr/input_videos\上海__五角场万达广场__20260825.mp4,哦明轩节画工TF至 | 法 | 书法 | 暂无星级 | ★★★★★ | 原创书法作品，硬笔书法技能培训” | 國畫,书法 | 暂无星级 | ★★★★★,研究排除,
CARD-0362,五角场万达广场,JLULADIDADY,JLULADIDADY,儿童..,,249,F2,unrated,False,explicitly_unrated,unrated,parsed,unrated_anchor,0.8538,0.9258,35,1,JLULADIDADY,228.26,228.26,evidence/card_0362.jpg,ocr/input_videos\上海__五角场万达广场__20260825.mp4,JLULADIDADY | ★★★★★ | 暂无星级 | 儿童.. | ￥249/人F2 | LABI BABY | 10:00营业,★★★★★ | 暂无星级 | 儿童.. | ￥249/人F2,研究排除,
CARD-0363,五角场万达广场,三星手机维修服务商,三星手机维修服务商,手机维修,,,商场内,unrated,False,explicitly_unrated,unrated,parsed,unrated_anchor,0.9992,0.9988,55,2,三星手机维修服务商,228.26,228.87,evidence/card_0363.jpg,ocr/input_videos\上海__五角场万达广场__20260825.mp4,手机维修服务间 | 三星手机维修服务商 | 手机维修 | 商场内 | 暂无星级 | ★★★★★ | 1 | 10:00营业 | 已经到底啦~,手机维修 | 商场内 | 暂无星级 | ★★★★★,研究排除,
