observation_id,mall_name,merchant_name_raw,merchant_name_normalized,category_raw,rating,avg_price_yuan,floor_location,card_type,research_eligible,exclusion_reason,rating_status,category_status,detection_method,ocr_confidence,title_score,title_height,frame_index,timestamp_sec,metadata_text,all_text,source_video
OBS-000001,正大乐城,吉的堡成长中心,吉的堡成长中心,课后辅导,4.5,9280,2F,rated,True,,rated,parsed,rating_anchor,0.9805,0.9996,51,24,0.41,2F | 🌟🌟🌟🌟🌟 | 课后辅导￥9280/人 | 4.5,吉的堡成长中心 | 少儿英语 | 专阅读 | 2F | 🌟🌟🌟🌟🌟 | 课后辅导￥9280/人 | 4.5 | 筑基础 | 点评榜单 | 肇嘉浜路/中山医院课后辅导好评榜第4名 | 赢考学 | 超运用 | 老师负责教学，手工画画课丰富 | S | 9 | 厂告 | 1.2折 | ￥99 | ￥9.9 | 【3-6岁英语体验】中….. | 惠,ocr/input_videos\上海__正大乐城__20260825.mp4
OBS-000002,正大乐城,上海衡铭律师事务所,上海衡铭律师事务所,,4.8,19,商场内,rated,True,,rated,missing,rating_anchor,0.9996,0.9996,48,24,0.41,4.8法律服务￥19/人 | 商场内,上海衡铭律师事务所 | 上海海盘师车 | 百评#楼 | 老牌律所资深律师 | 4.8法律服务￥19/人 | 商场内 | 对一快速溶询 | 洽谈室隔音好，律师专业疏导 | “ | 1 | ￥19.92.1折 | ￥600 | 【电话】新客专享.. | 惠,ocr/input_videos\上海__正大乐城__20260825.mp4
OBS-000003,正大乐城,李不摆贵州烙锅,李不摆贵州烙锅,融合烤肉,3.9,89,1F,rated,True,,rated,parsed,rating_anchor,0.9779,0.999,51,24,0.41,1F | 🌟🌟🌟🌟 | 3.9 | 融合烤肉￥89/人,李不摆贵州烙锅 | 李不摆 | 中，通州子 | 1F | 🌟🌟🌟🌟 | 3.9 | 融合烤肉￥89/人 | 一锅两吃 | 贵州两大非遗美食 | 点评榜单 | 徐汇区融合烤肉销量榜第2名 | 7.4折 | ￥16.8 | ￥23 | 惠 | 【桌桌必点】二选一… | ￥83 | 惠 | 8.3折 | ￥100100元代金券,ocr/input_videos\上海__正大乐城__20260825.mp4
OBS-000004,正大乐城,宝粤楼广式点心茶楼,宝粤楼广式点心茶楼,粤式茶点,4.6,98,3F,rated,True,,rated,parsed,rating_anchor,0.953,0.9623,53,24,0.41,粤式茶点￥98/人 | 3F | ⭐🌟⭐🌟🌟 | 4.6,宝粤楼广式点心茶楼 | 宝粵楼 | 粤式茶点￥98/人 | 3F | ⭐🌟⭐🌟🌟 | 4.6 | 廣式點心茶楼 | 点评榜单 | 龙华/西岸粵菜打卡人气榜第3名 | 休息中 | 广东味十足，油条大份量足 | 5.3折 | ￥19 | 惠 | ￥9.9 | 【限时售卖】红豆爆... | ￥50 | ￥47 | 【工作日专享】50元代.. | 9.4折 | 惠,ocr/input_videos\上海__正大乐城__20260825.mp4
OBS-000005,正大乐城,汤姆熊·奥斯丁梦想乐园·拼豆·DIY,汤姆熊·奥斯丁梦想乐园·拼豆·DIY,电玩城,4.1,78,,rated,True,,rated,parsed,rating_anchor,0.9444,0.9661,52,24,0.41,2E | 4.1电玩城￥78/人 | 大士★大,汤姆熊·奥斯丁梦想乐园·拼豆·DIY | 2E | 4.1电玩城￥78/人 | 大士★大,ocr/input_videos\上海__正大乐城__20260825.mp4
OBS-000006,正大乐城,宝粤楼广式点心茶楼,宝粤楼广式点心茶楼,粤式茶点,4.6,98,3F,rated,True,,rated,parsed,rating_anchor,0.9087,0.9198,47,216,3.686,3F | 粤式茶点￥98/人 | ★★★★★ | 4.6,宝粤楼广式点心茶楼 | 宝粤楼 | 3F | 粤式茶点￥98/人 | ★★★★★ | 4.6 | 廣式點心茶楼 | 点评榜单 | 龙华/西岸粤菜打卡人气榜第3名 | 休息中 | 广东味十足，油条大份量足 | 93 | ￥9.9 | 5.3折 | ￥19 | 惠 | 【限时售卖】红豆爆.. | ￥50 | 惠 | 9.4折 | ￥47 | 【工作日专享】50元代..,ocr/input_videos\上海__正大乐城__20260825.mp4
OBS-000007,正大乐城,汤姆熊·奥斯丁梦想乐园·拼豆·DIY,汤姆熊·奥斯丁梦想乐园·拼豆·DIY,电玩城,4.1,78,2F,rated,True,,rated,parsed,rating_anchor,0.9698,0.9668,47,216,3.686,🌟🌟🌟🌟 | 2F | 4.1电玩城￥78/人,汤姆熊·奥斯丁梦想乐园·拼豆·DIY | 新 | 🌟🌟🌟🌟 | 2F | 4.1电玩城￥78/人 | 龙华/西岸游戏厅销量榜第1名 | ndoorPayground | 抓娃娃超有趣，下次还要来！ | 惠 | ￥19.9￥2525枚游戏币,ocr/input_videos\上海__正大乐城__20260825.mp4
OBS-000008,正大乐城,有根葱不改良鲜货火锅,有根葱不改良鲜货火锅,重庆火锅,4.3,105,1F,rated,True,,rated,parsed,rating_anchor,0.978,0.9953,47,216,3.686,🌟🌟⭐⭐ | 1F | 重庆火锅￥105/人 | 4.3 | ★,有根葱不改良鲜货火锅 | 手工菜 | 🌟🌟⭐⭐ | 1F | 重庆火锅￥105/人 | 4.3 | ★ | 排队王 | 点评榜单 | 徐汇区重庆火锅热门榜第1名 | 不改良TOP | 口味独特，服务贴心，位置优越 | 号 | ￥126.7折 | ￥18 | 惠 | 【甜品小吃】招牌醪糟..,ocr/input_videos\上海__正大乐城__20260825.mp4
OBS-000009,正大乐城,東髮道茶冰廳·甄选,东发道茶冰厅·甄选,茶餐厅,3.9,75,1F,rated,True,,rated,parsed,rating_anchor,0.9585,0.9408,47,216,3.686,🌟🌟🌟🌟🌟 | 1F | 3.9茶餐厅￥75/人,東髮道茶冰廳·甄选 | 東髮道 | 芯 | 国 | 花 | 服 | 心 | 6 | MAT 1 | 🌟🌟🌟🌟🌟 | 1F | 3.9茶餐厅￥75/人 | 点评榜单 | 徐汇区茶餐厅打卡人气榜第2名,ocr/input_videos\上海__正大乐城__20260825.mp4
OBS-000010,正大乐城,宝粵楼广式点心茶楼,宝粤楼广式点心茶楼,粤式茶点,4.6,98,3F,rated,True,,rated,parsed,rating_anchor,0.9541,0.9512,51,252,4.301,3F | 🌟🌟⭐🌟🌟 | 粤式茶点￥98/人 | 4.6,宝粵楼广式点心茶楼 | 宝粤楼 | 3F | 🌟🌟⭐🌟🌟 | 粤式茶点￥98/人 | 4.6 | 廣式點心系楼 | 点评榜单 | 龙华/西岸粤菜打卡人气榜第3名 | 休息中 | 广东味十足，油条大份量足 | ￥19 | ￥9.9 | 5.3折 | 惠 | 【限时售卖】红豆爆... | 惠 | ￥479.4折 | ￥50 | 【工作日专享】50元代...,ocr/input_videos\上海__正大乐城__20260825.mp4
OBS-000011,正大乐城,汤姆熊·奥斯丁梦想乐园·拼豆·DIY,汤姆熊·奥斯丁梦想乐园·拼豆·DIY,电玩城,4.1,78,2F,rated,True,,rated,parsed,rating_anchor,0.9634,0.9731,50,252,4.301,2F | 4.1电玩城￥78/人,汤姆熊·奥斯丁梦想乐园·拼豆·DIY | 斯 | 2F | 4.1电玩城￥78/人 | 龙华/西岸游戏厅销量榜第1名 | Ledoor Piasground | 抓娃娃超有趣，下次还要来！ | 3 | - | ￥19.9￥2525枚游戏币 | 惠,ocr/input_videos\上海__正大乐城__20260825.mp4
OBS-000012,正大乐城,有根葱不改良鲜货火锅,有根葱不改良鲜货火锅,重庆火锅,4.3,105,1F,rated,True,,rated,parsed,rating_anchor,0.9783,0.9954,50,252,4.301,1F | 🌟🌟🌟🌟 | 4.3 | 重庆火锅￥105/人,有根葱不改良鲜货火锅 | 手工菜 | 1F | 🌟🌟🌟🌟 | 4.3 | 重庆火锅￥105/人 | 排队王 | 点评榜单 | 徐汇区重庆火锅热门榜第1名 | 不TOP | 口味独特，服务贴心，位置优越 | “ | ￥126.7折 | ￥18 | 【甜品小吃】招牌醪糟... | 惠,ocr/input_videos\上海__正大乐城__20260825.mp4
OBS-000013,正大乐城,東發道茶冰廳·甄选,东发道茶冰厅·甄选,茶餐厅,3.9,75,1F,rated,True,,rated,parsed,rating_anchor,0.946,0.9305,53,252,4.301,1F | 🌟🌟🌟🌟🌟 | 茶餐厅￥75/人 | 3.9,東發道茶冰廳·甄选 | 東髮道 | 照 | 正 | 照 | R1AT TI | 1F | 🌟🌟🌟🌟🌟 | 茶餐厅￥75/人 | 3.9 | 点评榜单 | 徐汇区茶餐厅打卡人气榜第2名 | 品尝多变美食，享受干净环境” | S | ￥1969.8折 | ￥200 | 惠 | 【【扫桌码买券更.,ocr/input_videos\上海__正大乐城__20260825.mp4
OBS-000014,正大乐城,木屋烧烤,木屋烧烤,烤串,4.4,102,1F,rated,True,,rated,parsed,rating_anchor,0.986,0.9998,56,252,4.301,1F | 🌟🌟⭐⭐ | 4.4烤串￥102/人 | ★,木屋烧烤 | 木屋烧烤 | 1F | 🌟🌟⭐⭐ | 4.4烤串￥102/人 | ★ | 300+直营连锁,ocr/input_videos\上海__正大乐城__20260825.mp4
OBS-000015,正大乐城,有根葱不改良鲜货火锅,有根葱不改良鲜货火锅,重庆火锅,4.3,105,1F,rated,True,,rated,parsed,rating_anchor,0.9824,0.9948,47,348,5.939,⭐🌟⭐⭐ | 1F | 4.3 | 重庆火锅￥105/人,有根葱不改良鲜货火锅 | 手工菜 | ⭐🌟⭐⭐ | 1F | 4.3 | 重庆火锅￥105/人 | 排队王 | 点评榜单 | 徐汇区重庆火锅热门榜第1名 | 不改良TOP | 味独特，服务贴，位置优越 | “ | ￥126.7折 | ￥18 | 惠 | 【甜品小吃】招牌醪糟…..,ocr/input_videos\上海__正大乐城__20260825.mp4
OBS-000016,正大乐城,東發道茶冰廳·甄选,东发道茶冰厅·甄选,茶餐厅,3.9,75,1F,rated,True,,rated,parsed,rating_anchor,0.947,0.9374,50,348,5.939,1F | ★★★★★ | 茶餐厅￥75/人 | 3.9,東發道茶冰廳·甄选 | 東發道 | 四 | 花 | 国 | M | 批 | OYTAY TU | 1F | ★★★★★ | 茶餐厅￥75/人 | 3.9 | 点评榜单 | 徐汇区茶餐厅打卡人气榜第2名 | 品尝多变美食，享受干净环境” | “ | ￥200 | ￥1969.8折 | 【【扫桌码买券更. | 惠,ocr/input_videos\上海__正大乐城__20260825.mp4
OBS-000017,正大乐城,木屋烧烤,木屋烧烤,烤串,4.4,102,1F,rated,True,,rated,parsed,rating_anchor,0.9828,0.9994,56,348,5.939,🌟🌟🌟⭐ | 1F | 4.4烤串￥102/人,木屋烧烤 | 木屋烧烤 | 🌟🌟🌟⭐ | 1F | 4.4烤串￥102/人 | 300+直营连锁 | 点评榜单 | 龙华/西岸烧烤烤串环境榜第1名 | 23年功夫烤串 | 凉拌黄瓜酸爽开胃，性价比高 | 2 | ￥11.8 | 6折 | ￥19.9爆款饮品|手作柠檬茶 | 惠,ocr/input_videos\上海__正大乐城__20260825.mp4
OBS-000018,正大乐城,魅KTV·AI辅唱,魅KTV·AI辅唱,量贩式KTV,4.3,68,3F,rated,True,,rated,parsed,rating_anchor,0.972,0.9806,48,348,5.939,🌟🌟 | 3F | 量贩式KTV￥68/人 | 4.3,魅KTV·AI辅唱 | (mei) | 🌟🌟 | 3F | 量贩式KTV￥68/人 | 4.3 | 魅KTV | 龙华/西岸KTV销量榜第5名 | AI唱功雷达 | AI实时辅唱 | 屏幕包围，娱乐放松好去处” | “ | 惠 | ￥68￥158纯唱-周内阳光档2小时小中..,ocr/input_videos\上海__正大乐城__20260825.mp4
OBS-000019,正大乐城,味之绝美蛙鱼火锅,味之绝美蛙鱼火锅,鱼火锅,4.7,89,商场内,rated,True,,rated,parsed,rating_anchor,0.9757,0.9985,50,348,5.939,商场内 | 鱼火锅￥89/人 | ★★★★★ | 4.7,味之绝美蛙鱼火锅 | 味之绝 | 麻上头辣过瘾 | 商场内 | 鱼火锅￥89/人 | ★★★★★ | 4.7 | 吃蛙就吃味之绝 | 点评榜单 | 徐汇区鱼火锅口味榜第1名,ocr/input_videos\上海__正大乐城__20260825.mp4
OBS-000020,正大乐城,有根葱不改良鲜货火锅,有根葱不改良鲜货火锅,重庆火锅,4.3,105,1F,rated,True,,rated,parsed,rating_anchor,0.9764,0.994,48,360,6.144,🌟🌟⭐⭐ | 1F | 重庆火锅￥105/人 | 4.3,有根葱不改良鲜货火锅 | 手工菜 | 🌟🌟⭐⭐ | 1F | 重庆火锅￥105/人 | 4.3 | 排队王 | 点评榜单 | 徐汇区重庆火锅热门榜第1名 | 不改良TOP | 口味独特，服务贴心，位置优越 | “ | ￥126.7折 | ￥18 | 惠 | 【甜品小吃】招牌醪糟.…..,ocr/input_videos\上海__正大乐城__20260825.mp4
OBS-000021,正大乐城,東發道茶冰廳·甄选,东发道茶冰厅·甄选,茶餐厅,3.9,75,1F,rated,True,,rated,parsed,rating_anchor,0.9117,0.9322,53,360,6.144,1F | ⭐⭐3.9茶餐厅￥75/人,東發道茶冰廳·甄选 | 東發道 | ® | 酒 | N | 8 | TONYSATTCT | 1F | ⭐⭐3.9茶餐厅￥75/人 | 点评榜单 | 徐汇区茶餐厅打卡人气榜第2名 | 品尝多变美食，享受干净环境 | “ | 一 | ￥200 | ￥1969.8折 | 【【扫桌码买券更 | 惠,ocr/input_videos\上海__正大乐城__20260825.mp4
OBS-000022,正大乐城,木屋烧烤,木屋烧烤,烤串,4.4,102,1F,rated,True,,rated,parsed,rating_anchor,0.9821,0.9956,50,360,6.144,1F | 🌟🌟🌟🌟 | 4.4烤串￥102/人 | -,木屋烧烤 | 木屋烧烤 | 1F | 🌟🌟🌟🌟 | 4.4烤串￥102/人 | - | 300+直营连锁 | 点评榜单 | 龙华/西岸烧烤烤串环境榜第1名 | 23年功夫烤串 | 凉拌黄瓜酸爽开胃，性价比高 | ￥11.86折 | ￥19.9爆款饮品一手作柠檬茶 | 惠,ocr/input_videos\上海__正大乐城__20260825.mp4
OBS-000023,正大乐城,魅KTV·AI辅唱,魅KTV·AI辅唱,量贩式KTV,4.3,68,3F,rated,True,,rated,parsed,rating_anchor,0.9753,0.9815,48,360,6.144,3F | 🌟🌟⭐⭐ | 4.3 | 量贩式KTV￥68/人,魅KTV·AI辅唱 | (mei) | 3F | 🌟🌟⭐⭐ | 4.3 | 量贩式KTV￥68/人 | 魅KTV | 龙华/西岸KTV销量榜第5名 | AI唱功雷达 | 屏幕包围，娱乐放松好去处” | AI实时辅唱 | “ | 惠 | ￥68￥158纯唱-周内阳光档2小时小中...,ocr/input_videos\上海__正大乐城__20260825.mp4
OBS-000024,正大乐城,味之绝美蛙鱼火锅,味之绝美蛙鱼火锅,鱼火锅,4.7,89,商场内,rated,True,,rated,parsed,rating_anchor,0.9788,0.9985,53,360,6.144,商场内 | 4.7鱼火锅￥89/人,味之绝美蛙鱼火锅 | 味之绝 | 麻上头辣过瘾 | 商场内 | 4.7鱼火锅￥89/人 | 吃蛙就吃味之绝 | 点评榜单 | 徐汇区鱼火锅口味榜第1名,ocr/input_videos\上海__正大乐城__20260825.mp4
OBS-000025,正大乐城,魅KTV·AI辅唱,魅KTV·AI辅唱,量贩式KTV,4.3,68,3F,rated,True,,rated,parsed,rating_anchor,0.9742,0.9833,51,456,7.783,3F | 🌟🌟🌟 | 量贩式KTV￥68/人 | 4.3,魅KTV·AI辅唱 | (mei) | 3F | 🌟🌟🌟 | 量贩式KTV￥68/人 | 4.3 | 魅KTV | 龙华/西岸KTV销量榜第5名 | AI唱功雷达 | 屏幕包围，娱乐放松好去处” | AI实时辅唱 | “ | ￥68￥158纯唱-周内阳光档2小时小中 | 惠,ocr/input_videos\上海__正大乐城__20260825.mp4
OBS-000026,正大乐城,味之绝美蛙鱼火锅,味之绝美蛙鱼火锅,鱼火锅,4.7,89,商场内,rated,True,,rated,parsed,rating_anchor,0.9749,0.9986,51,456,7.783,4.7鱼火锅￥89/人 | 商场内,味之绝美蛙鱼火锅 | 味之绝 | 麻上头辣过瘾 | 4.7鱼火锅￥89/人 | 商场内 | 吃蛙就吃味之绝 | 点评榜单 | 徐汇区鱼火锅口味榜第1名 | ￥176 | ￥1166.6折 | 【麻辣鲜香】纯蛙2.. | 惠 | ￥888.8折 | 惠 | ￥100100元代金券,ocr/input_videos\上海__正大乐城__20260825.mp4
OBS-000027,正大乐城,Wagas沃歌斯,Wagas沃歌斯,西餐,4.3,77,1F,rated,True,,rated,parsed,rating_anchor,0.9509,0.9994,62,456,7.783,⭐🌟🌟🎉 | 1F | 4.3 | 西餐￥77/人 | ★,Wagas沃歌斯 | wagas | ⭐🌟🌟🎉 | 1F | 4.3 | 西餐￥77/人 | ★ | 寿喜烧牛肉饭，米饭香甜 | ( | 蛋白奶替干净无负担 | ￥837.3折 | ￥114 | 【销量王】能量碗+饮.. | 惠,ocr/input_videos\上海__正大乐城__20260825.mp4
OBS-000028,正大乐城,必胜客,必胜客,比萨,3.9,55,B1,rated,True,,rated,parsed,rating_anchor,0.9689,0.9991,61,456,7.783,3.9比萨￥55/人 | B1,必胜客 | 3.9比萨￥55/人 | B1 | 必胜客 | “服务热情周到，让你宾至如归 | 夏8超大学？ | 必胜自助餐 | ￥293 | ￥1555.3折 | 【2人餐|免配送费... | 惠,ocr/input_videos\上海__正大乐城__20260825.mp4
OBS-000029,正大乐城,魅KTV·AI辅唱,魅KTV·AI辅唱,量贩式KTV,4.3,68,3F,rated,True,,rated,parsed,rating_anchor,0.9725,0.9873,52,492,8.397,⭐🌟🌟🎉 | 3F | 量贩式KTV￥68/人 | 4.3 | 2,魅KTV·AI辅唱 | (mei) | ⭐🌟🌟🎉 | 3F | 量贩式KTV￥68/人 | 4.3 | 2 | 魅KTV | 龙华/西岸KTV销量榜第5名 | AI唱功雷达 | AI实时辅唱 | 屏幕包围，娱乐放松好去处” | “ | ￥68￥158纯唱-周内阳光档2小时小中…. | 惠,ocr/input_videos\上海__正大乐城__20260825.mp4
OBS-000030,正大乐城,味之绝美蛙鱼火锅,味之绝美蛙鱼火锅,鱼火锅,4.7,89,商场内,rated,True,,rated,parsed,rating_anchor,0.9731,0.9988,54,492,8.397,商场内 | 🌟🎉⭐🌟 | 鱼火锅￥89/人 | 4.7,味之绝美蛙鱼火锅 | 味之绝 | 麻上头辣过瘾 | 商场内 | 🌟🎉⭐🌟 | 鱼火锅￥89/人 | 4.7 | 吃蛙就吃味之绝 | 点评榜单 | 徐汇区鱼火锅口味榜第1名 | ￥176 | ￥1166.6折 | 惠 | 【麻辣鲜香】纯蛙2.. | ￥888.8折 | ￥100100元代金券 | 惠,ocr/input_videos\上海__正大乐城__20260825.mp4
OBS-000031,正大乐城,Wagas沃歌斯,Wagas沃歌斯,西餐,4.3,77,1F,rated,True,,rated,parsed,rating_anchor,0.9775,0.9995,61,492,8.397,1F | 🌟🌟⭐⭐⭐ | 4.3西餐￥77/人,Wagas沃歌斯 | wagas | 1F | 🌟🌟⭐⭐⭐ | 4.3西餐￥77/人 | “寿喜烧牛肉饭，米饭香甜” | 蛋白奶昔干净无负担 | ￥837.3折 | ￥114 | 【销量王】能量碗+饮... | 惠,ocr/input_videos\上海__正大乐城__20260825.mp4
OBS-000032,正大乐城,必胜客,必胜客,比萨,3.9,55,B1,rated,True,,rated,parsed,rating_anchor,0.9653,0.9989,62,492,8.397,3.9比萨￥55/人 | B1,必胜客 | 3.9比萨￥55/人 | B1 | 必胜客 | 服务热情周到，让你宾至如归 | S | 夏8间人 | * | 必胜自助餐 | ￥1555.3折 | ￥293 | 惠 | 【2人餐|免配送费..,ocr/input_videos\上海__正大乐城__20260825.mp4
OBS-000033,正大乐城,SS·Art艺术疗愈空间,SS·Art艺术疗愈空间,艺术中心/文化广场,4.3,,B1,rated,True,,rated,parsed,rating_anchor,0.9607,0.9875,54,492,8.397,★4.3艺术中心/文化广场 | B1,SS·Art艺术疗愈空间 | ★4.3艺术中心/文化广场 | B1,ocr/input_videos\上海__正大乐城__20260825.mp4
OBS-000034,正大乐城,必胜客,必胜客,比萨,3.9,55,B1,rated,True,,rated,parsed,rating_anchor,0.9665,0.9985,61,600,10.24,3.9比萨￥55/人 | B1,必胜客 | 3.9比萨￥55/人 | B1 | 必胜客 | “服务热情周到，让你宾至如归” | 孔间人学 | 必胜自助餐 | ￥293 | ￥155 | 5.3折 | 【2人餐|免配送费.... | 惠,ocr/input_videos\上海__正大乐城__20260825.mp4
OBS-000035,正大乐城,SS·Art艺术疗愈空间,SS·Art艺术疗愈空间,艺术中心/文化广场,4.3,,B1,rated,True,,rated,parsed,rating_anchor,0.9666,0.9853,54,600,10.24,⭐4.3艺术中心/文化广场 | B1,SS·Art艺术疗愈空间 | ⭐4.3艺术中心/文化广场 | B1 | 休息中,ocr/input_videos\上海__正大乐城__20260825.mp4
OBS-000036,正大乐城,熊猫最爱·野山珍火锅,熊猫最爱·野山珍火锅,菌菇火锅,4.2,97,1F,rated,True,,rated,parsed,rating_anchor,0.9731,0.9866,54,600,10.24,4.2菌菇火锅￥97/人 | 1F | 🌟🌟🌟🎉🌟,熊猫最爱·野山珍火锅 | 猫票定 | 安空到店 | 4.2菌菇火锅￥97/人 | 1F | 🌟🌟🌟🎉🌟 | “精选多种菌菇和嫩鸡肉，口感软糯 | 3 | 儿节27的 | 天外聘 | ￥16 | ￥8.8 | 5.5折 | 惠 | 【围炉聚饮】黑糖耶... | ￥89 | 8.9折 | 惠 | ￥100100元代金券,ocr/input_videos\上海__正大乐城__20260825.mp4
OBS-000037,正大乐城,bluefrog蓝蛙,bluefrog蓝蛙,西餐,4.7,129,1F,rated,True,,rated,parsed,rating_anchor,0.9864,0.9987,58,600,10.24,🌟🌟⭐⭐🌟 | 1F | 4.7西餐￥129/人,bluefrog蓝蛙 | 蓝蛙 | blue frog | 🌟🌟⭐⭐🌟 | 1F | 4.7西餐￥129/人 | bar&grill | 点评榜单 | 龙华/西岸西餐回头客榜第3名 | 尽兴当下就在蓝蛙 | 用心烹制的美式简餐，服务贴心 | ￥32 | 【特价】拿铁/气泡. | ￥16.8 | 5.3折 | 惠 | ￥959.5折 | ￥100 | 【浪漫七夕】100元.. | 惠,ocr/input_videos\上海__正大乐城__20260825.mp4
OBS-000038,正大乐城,必胜客,必胜客,比萨,3.9,55,B1,rated,True,,rated,parsed,rating_anchor,0.9791,0.9992,62,624,10.65,3.9比萨￥55/人 | B1,必胜客 | 3.9比萨￥55/人 | B1 | 必胜客 | 服务热情周到，让你宾至如归 | 必胜自助餐 | ￥1555.3折 | ￥293 | 【2人餐|免配送费.. | 惠,ocr/input_videos\上海__正大乐城__20260825.mp4
OBS-000039,正大乐城,SS·Art艺术疗愈空间,SS·Art艺术疗愈空间,艺术中心/文化广场,4.3,,B1,rated,True,,rated,parsed,rating_anchor,0.9913,0.9893,54,624,10.65,4.3艺术中心/文化广场 | B1 | 🌟🌟🌟🎉⭐,SS·Art艺术疗愈空间 | 4.3艺术中心/文化广场 | B1 | 🌟🌟🌟🎉⭐ | 休息中,ocr/input_videos\上海__正大乐城__20260825.mp4
OBS-000040,正大乐城,熊猫最爱·野山珍火锅,熊猫最爱·野山珍火锅,菌菇火锅,4.2,97,1F,rated,True,,rated,parsed,rating_anchor,0.9699,0.9819,54,624,10.65,4.2菌菇火锅￥97/人 | 1F,熊猫最爱·野山珍火锅 | 日是 | 4.2菌菇火锅￥97/人 | 1F | “精选多种菌菇和嫩鸡肉，口感软糯” | 北27的 | ￥8.85.5折 | 惠 | ￥16 | 【围炉聚饮】黑糖耶. | ￥89 | ￥100100元代金券 | 惠 | 8.9折,ocr/input_videos\上海__正大乐城__20260825.mp4
OBS-000041,正大乐城,bluefrog蓝蛙,bluefrog蓝蛙,西餐,4.7,,1F,rated,True,,rated,parsed,rating_anchor,0.984,0.9989,64,624,10.65,4.7西餐129/人 | 1F,bluefrog蓝蛙 | 蓝蛙 | blue frog | 4.7西餐129/人 | 1F | bar&grill | 点评榜单 | 龙华/西岸西餐回头客榜第3名 | 尽兴当下就在蓝蛙 | “用心烹制的美式简餐，服务贴心” | ￥32 | ￥16.8 | 5.3折 | 【特价】拿铁/气泡... | 惠 | ￥959.5折 | ￥100 | 【浪漫七夕】100元. | 惠,ocr/input_videos\上海__正大乐城__20260825.mp4
OBS-000042,正大乐城,必胜客,必胜客,比萨,3.9,55,B1,rated,True,,rated,parsed,rating_anchor,0.9793,0.9991,64,660,11.264,3.9比萨￥55/人 | B1,必胜客 | 3.9比萨￥55/人 | B1 | 必胜客 | 服务热情周到，让你宾至如归 | 必胜自助餐 | ￥1555.3折 | ￥293 | 【2人餐|免配送费... | 惠,ocr/input_videos\上海__正大乐城__20260825.mp4
OBS-000043,正大乐城,SS·Art艺术疗愈空间,SS·Art艺术疗愈空间,艺术中心/文化广场,4.3,,B1,rated,True,,rated,parsed,rating_anchor,0.9927,0.9925,54,660,11.264,4.3艺术中心/文化广场 | B1 | 🌟🌟🌟🌟🌟,SS·Art艺术疗愈空间 | 4.3艺术中心/文化广场 | B1 | 🌟🌟🌟🌟🌟 | 休息中,ocr/input_videos\上海__正大乐城__20260825.mp4
OBS-000044,正大乐城,熊猫最爱·野山珍火锅,熊猫最爱·野山珍火锅,菌菇火锅,4.2,97,1F,rated,True,,rated,parsed,rating_anchor,0.9689,0.9733,54,660,11.264,1F | 4.2菌菇火锅￥97/人,熊猫最爱·野山珍火锅 | 日 | 1F | 4.2菌菇火锅￥97/人 | “精选多种菌菇和嫩鸡，感软糯” | 北师27的 | ￥8.85.5折 | ￥16 | 惠 | 【围炉聚饮】黑糖耶... | ￥89 | 8.9折 | ￥100100元代金券 | 惠,ocr/input_videos\上海__正大乐城__20260825.mp4
OBS-000045,正大乐城,bluefrog蓝蛙,bluefrog蓝蛙,西餐,4.7,,1F,rated,True,,rated,parsed,rating_anchor,0.9842,0.9986,59,660,11.264,4.7西餐129/人 | 1F,bluefrog蓝蛙 | 蓝蛙 | blue frog | 4.7西餐129/人 | 1F | bar&grill | 点评榜单 | 龙华/西岸西餐回头客榜第3名 | 尽兴当下就在蓝蛙 | 用心烹制的美式简餐，服务贴心 | ￥32 | ￥16.8 | 5.3折 | 【特价】拿铁/气泡. | 惠 | ￥959.5折 | ￥100 | 惠 | 【浪漫七夕】100元.,ocr/input_videos\上海__正大乐城__20260825.mp4
OBS-000046,正大乐城,bluefrog蓝蛙,bluefrog蓝蛙,西餐,4.7,129,1F,rated,True,,rated,parsed,rating_anchor,0.978,0.9833,59,708,12.083,1F | 🌟🌟🌟🌟🌟 | 4.7西餐￥129/人,bluefrog蓝蛙 | 蓝蛙 | blue frog | 1F | 🌟🌟🌟🌟🌟 | 4.7西餐￥129/人 | bar&grill | 点评榜单 | 龙华/西岸西餐回头客榜第3名 | 尽兴当下就在蓝蛙 | 用心烹制的美式简餐，服务贴心 | 55 | C | 5.3折 | ￥16.8 | ￥32 | 【特价】拿铁/泡... | 惠 | ￥959.5折 | ￥100 | 惠 | 【浪漫七夕】100元...,ocr/input_videos\上海__正大乐城__20260825.mp4
OBS-000047,正大乐城,平成屋·LateNight食堂,平成屋·LateNight食堂,日本料理,4.4,82,1F,rated,True,,rated,parsed,rating_anchor,0.9696,0.9796,58,708,12.083,🌟🌟🌟⭐ | 日本料理￥82/人 | 1F | 4.4,平成屋·LateNight食堂 | 海千西 | 🌟🌟🌟⭐ | 日本料理￥82/人 | 1F | 4.4 | 点评榜单 | 龙华/西岸日式料理打卡人气榜第1名 | 休息中 | ￥188.98.2折 | ￥233 | 【小串】超预期... | 惠 | ￥757.5折 | ￥100 | 惠 | 【晚市特惠】100元.,ocr/input_videos\上海__正大乐城__20260825.mp4
OBS-000048,正大乐城,拉芙蕊,拉芙蕊,服饰鞋包,3.8,,1F,rated,True,,rated,parsed,rating_anchor,0.9409,0.9993,62,708,12.083,1F | ⭐⭐3.8服饰鞋包,拉芙蕊 | 1F | ⭐⭐3.8服饰鞋包,ocr/input_videos\上海__正大乐城__20260825.mp4
OBS-000049,正大乐城,英孚教育青少儿,英孚教育青少儿,课后辅导,4.6,16919,2F,rated,True,,rated,parsed,rating_anchor,0.9811,0.9886,52,708,12.083,2F | 🌟🌟🌟⭐🌟 | 4.6课后辅导￥16919/人,英孚教育青少儿 | 2F | 🌟🌟🌟⭐🌟 | 4.6课后辅导￥16919/人 | 点评榜单 | 龙华/西岸课后辅导好评榜第2名 | 上课氛围好，知识丰富有趣 | “ | ￥597全城6次课随心学|少儿游 | 惠 | ￥9,ocr/input_videos\上海__正大乐城__20260825.mp4
OBS-000050,正大乐城,bluefrog蓝蛙,bluefrog蓝蛙,西餐,4.7,129,1F,rated,True,,rated,parsed,rating_anchor,0.9784,0.9988,55,744,12.698,1F | 🌟🌟🌟🌟🌟 | 西餐￥129/人 | 4.7,bluefrog蓝蛙 | 蓝蛙 | blue frog | 1F | 🌟🌟🌟🌟🌟 | 西餐￥129/人 | 4.7 | bar&grill | 点评榜单 | 龙华/西岸西餐回头客榜第3名 | 尽兴当下就在蓝蛙 | 用心烹制的美式简餐，服务贴心 | 59 | ￥32 | 5.3折 | ￥16.8 | 惠 | 【特价】拿铁/气泡.. | ￥95 | ￥100 | 【浪漫七夕】100元. | 9.5折 | 惠,ocr/input_videos\上海__正大乐城__20260825.mp4
OBS-000051,正大乐城,平成屋·Late Night 食堂,平成屋·LateNight食堂,日本料理,4.4,82,1F,rated,True,,rated,parsed,rating_anchor,0.9541,0.9512,55,744,12.698,1F | 日本料理￥82/人 | 🌟🌟⭐⭐ | 4.4,平成屋·Late Night 食堂 | 嘉千南 | 1F | 日本料理￥82/人 | 🌟🌟⭐⭐ | 4.4 | 点评榜单 | 龙华/西岸日式料理打卡人气榜第1名 | 休息中 | 中味 | ￥233 | ￥188.98.2折 | 【小串】超预期... | 惠 | ￥757.5折 | ￥100 | 【晚市特惠】100元... | 惠,ocr/input_videos\上海__正大乐城__20260825.mp4
OBS-000052,正大乐城,拉芙蕊,拉芙蕊,服饰鞋包,3.8,,1F,rated,True,,rated,parsed,rating_anchor,0.9593,0.9994,59,744,12.698,1F | ⭐⭐3.8服饰鞋包,HRERY | 拉芙蕊 | 1F | ⭐⭐3.8服饰鞋包,ocr/input_videos\上海__正大乐城__20260825.mp4
OBS-000053,正大乐城,英孚教育青少儿,英孚教育青少儿,课后辅导,4.6,16919,2F,rated,True,,rated,parsed,rating_anchor,0.9854,0.9964,51,744,12.698,🌟🌟🌟🌟🌟 | 2F | 课后辅导￥16919/人 | 4.6,英孚教育青少儿 | 美享验育 | 开学季 | 🌟🌟🌟🌟🌟 | 2F | 课后辅导￥16919/人 | 4.6 | 英语真学霸 | 点评榜单 | 龙华/西岸课后辅导好评榜第2名 | 养读|请汇|园读|语法 | 上课氛围好，知识丰富有趣 | ￥9.9￥597全城6次课随心学1少儿游.. | 惠,ocr/input_videos\上海__正大乐城__20260825.mp4
OBS-000054,正大乐城,滨寿司,滨寿司,寿司,3.7,88,B1,rated,True,,rated,parsed,rating_anchor,0.9828,0.9997,57,744,12.698,🌟🌟🎉🌟🌟 | B1 | 3.7寿司￥88/人,滨寿司 | は | 濱寿司 | 🌟🌟🎉🌟🌟 | B1 | 3.7寿司￥88/人 | HAMA-SUSHI | 点评榜单 | 龙华/西岸日式料理回头客榜第4名 | 全场商品10元,ocr/input_videos\上海__正大乐城__20260825.mp4
OBS-000055,正大乐城,英孚教育青少儿,英孚教育青少儿,课后辅导,4.6,16919,2F,rated,True,,rated,parsed,rating_anchor,0.9827,0.9976,53,840,14.336,🌟🌟🌟⭐🌟 | 2F | 4.6 | 课后辅导￥16919/人,英孚教育青少儿 | 英承验商 | 开学季 | 🌟🌟🌟⭐🌟 | 2F | 4.6 | 课后辅导￥16919/人 | 英语真学霸 | 点评榜单 | 龙华/西岸课后辅导好评榜第2名 | 拼读|谢汇|阅读|语法 | 上课氛围好，知识丰富有趣 | ￥9.9￥597全城6次课随心学|少儿游.. | 惠,ocr/input_videos\上海__正大乐城__20260825.mp4
OBS-000056,正大乐城,滨寿司,滨寿司,寿司,3.7,88,B1,rated,True,,rated,parsed,rating_anchor,0.9816,0.9996,60,840,14.336,⭐🌟🌟🌟⭐ | B1 | 3.7寿司￥88/人,滨寿司 | は | 濱寿司 | ⭐🌟🌟🌟⭐ | B1 | 3.7寿司￥88/人 | HAMA-SUSHI | 点评榜单 | 龙华/西岸日式料理回头客榜第4名 | 全场商品10元 | ￥929.2折 | ￥100 | 【超值优惠】100元.. | 惠,ocr/input_videos\上海__正大乐城__20260825.mp4
OBS-000057,正大乐城,reyibo,reyibo,数码产品,3.5,,1F,rated,True,,rated,parsed,rating_anchor,0.9955,0.999,66,840,14.336,3.5数码产品 | 1F,reyibo | REYIBO | 3.5数码产品 | 1F,ocr/input_videos\上海__正大乐城__20260825.mp4
OBS-000058,正大乐城,十二嘎老成都串串火锅,十二嘎老成都串串火锅,串串香,4.4,78,1F,rated,True,,rated,parsed,rating_anchor,0.9776,0.999,50,840,14.336,1F | 🌟🌟⭐ | 串串香￥78/人 | 4.4,十二嘎老成都串串火锅 | 1周年庆 | 1F | 🌟🌟⭐ | 串串香￥78/人 | 4.4 | 点评榜单 | 上海串串香好评榜第7名 | 牛油锅底麻辣鲜香，蘸料选择丰富 | 手工现串全场8毛起！ | ￥19.8 | 5折 | ￥9.8 | 惠 | 【原切牛肉】安格斯... | ￥459折 | 惠 | ￥5050元代金券,ocr/input_videos\上海__正大乐城__20260825.mp4
OBS-000059,正大乐城,黄记煌三汁焖锅,黄记煌三汁焖锅,焖锅,3.9,68,B1,rated,True,,rated,parsed,rating_anchor,0.9626,0.9979,51,840,14.336,★★🌟★★ | B1 | 焖锅￥68/人 | 3.9,"黄记煌三汁焖锅 | 我""敲”棒新品套餐 | 开售啦！ | ★★🌟★★ | B1 | 焖锅￥68/人 | 3.9 | 新鲜手工制作，超大份量口感赞 | 3 | 免费得",ocr/input_videos\上海__正大乐城__20260825.mp4
OBS-000060,正大乐城,英孚教育青少儿,英孚教育青少儿,课后辅导,4.6,16919,2F,rated,True,,rated,parsed,rating_anchor,0.983,0.9925,51,864,14.746,🌟🌟🎉🌟🌟 | 2F | 4.6 | 课后辅导￥16919/人,英孚教育青少儿 | 英学教育 | 口包 | 开学季 | 🌟🌟🎉🌟🌟 | 2F | 4.6 | 课后辅导￥16919/人 | 英语真学霸 | 点评榜单 | 龙华/西岸课后辅导好评榜第2名 | 拼读|请汇|阅读|语洁 | 上课氛围好，知识丰富有趣 | “ | ￥9.9￥597全城6次课随心学|少儿游.. | 惠,ocr/input_videos\上海__正大乐城__20260825.mp4
OBS-000061,正大乐城,滨寿司,滨寿司,寿司,3.7,88,B1,rated,True,,rated,parsed,rating_anchor,0.9845,0.9998,54,864,14.746,⭐🌟🌟🌟🌟 | B1 | 3.7寿司￥88/人,滨寿司 | は | ⭐🌟🌟🌟🌟 | 濱寿司 | B1 | 3.7寿司￥88/人 | HAMA-SUSHI | 点评榜单 | 龙华/西岸日式料理回头客榜第4名 | 全场商品10元° | ￥100 | ￥929.2折 | 【超值优惠】100元... | 惠,ocr/input_videos\上海__正大乐城__20260825.mp4
OBS-000062,正大乐城,reyibo,reyibo,数码产品,3.5,,1F,rated,True,,rated,parsed,rating_anchor,0.935,0.9991,60,864,14.746,⭐⭐⭐3.5数码产品 | 1F,reyibo | REYIBO | ⭐⭐⭐3.5数码产品 | 1F,ocr/input_videos\上海__正大乐城__20260825.mp4
OBS-000063,正大乐城,十二嘎老成都串串火锅,十二嘎老成都串串火锅,串串香,4.4,78,1F,rated,True,,rated,parsed,rating_anchor,0.9779,0.9993,48,864,14.746,1F | 🌟🌟🌟🌟 | 串串香￥78/人 | 4.4 | 2,十二嘎老成都串串火锅 | 周年庆 | 1F | 🌟🌟🌟🌟 | 串串香￥78/人 | 4.4 | 2 | 点评榜单 | 上海串串香好评榜第7名 | 牛油锅底麻辣鲜香，蘸料选择丰富 | 7 | 手工现串全场8至起！ | ￥9.85折 | ￥19.8 | 惠 | 【原切牛肉】安格斯... | ￥459折 | ￥5050元代金券 | 惠,ocr/input_videos\上海__正大乐城__20260825.mp4
OBS-000064,正大乐城,黄记煌三汁焖锅,黄记煌三汁焖锅,焖锅,3.9,68,B1,rated,True,,rated,parsed,rating_anchor,0.9675,0.998,48,864,14.746,🌟🌟🌟🌟 | B1 | 3.9 | 焖锅￥68/人,"黄记煌三汁焖锅 | 我""敲“棒新品套餐 | 开售啦！ | 🌟🌟🌟🌟 | B1 | 3.9 | 焖锅￥68/人 | 新鲜手工制作，超大份量口感赞 | 免迎得",ocr/input_videos\上海__正大乐城__20260825.mp4
OBS-000065,正大乐城,英孚教育青少儿,英孚教育青少儿,课后辅导,4.6,16919,2F,rated,True,,rated,parsed,rating_anchor,0.9812,0.9939,52,936,15.975,2F | 🌟🌟🌟🌟🌟 | 课后辅导￥16919/人 | 4.6,英孚教育青少儿 | 英乎教育 | 开学季 | 2F | 🌟🌟🌟🌟🌟 | 课后辅导￥16919/人 | 4.6 | 英语真学霸 | 点评榜单 | 龙华/西岸课后辅导好评榜第2名 | 拼读|调汇|阅读|语法 | 上课氛围好，知识丰富有趣 | S | ￥9.9￥597全城6次课随心学1少儿游... | 惠,ocr/input_videos\上海__正大乐城__20260825.mp4
OBS-000066,正大乐城,滨寿司,滨寿司,寿司,3.7,88,B1,rated,True,,rated,parsed,rating_anchor,0.9816,0.9998,57,936,15.975,🌟🌟⭐🌟🌟 | B1 | 3.7寿司￥88/人,滨寿司 | は | 濱寿司 | 🌟🌟⭐🌟🌟 | B1 | 3.7寿司￥88/人 | HAMA-SUSHI | 点评榜单 | 龙华/西岸日式料理回头客榜第4名 | 全场商品10元 | ￥929.2折 | ￥100 | 【超值优惠】100元... | 惠,ocr/input_videos\上海__正大乐城__20260825.mp4
OBS-000067,正大乐城,reyibo,reyibo,数码产品,3.5,,1F,rated,True,,rated,parsed,rating_anchor,0.9957,0.9994,64,936,15.975,1F | 3.5数码产品,reyibo | REYIBO | 1F | 3.5数码产品,ocr/input_videos\上海__正大乐城__20260825.mp4
OBS-000068,正大乐城,十二嘎老成都串串火锅,十二嘎老成都串串火锅,串串香,4.4,78,1F,rated,True,,rated,parsed,rating_anchor,0.9864,0.9996,48,936,15.975,1F | ★★★★ | 4.4串串香￥78/人 | ★,十二嘎 | 十二嘎老成都串串火锅 | 1周年庆 | 1F | ★★★★ | 4.4串串香￥78/人 | ★ | 点评榜单 | 上海串串香好评榜第7名 | 牛油锅底麻辣鲜香，蘸料选择丰富 | 手工现串全场8毛起！ | ￥9.85折 | ￥19.8 | 【原切牛肉】安格斯.. | 惠 | ￥459折 | 惠 | ￥5050元代金券,ocr/input_videos\上海__正大乐城__20260825.mp4
OBS-000069,正大乐城,黄记煌三汁焖锅,黄记煌三汁焖锅,焖锅,3.9,68,B1,rated,True,,rated,parsed,rating_anchor,0.9712,0.9944,51,936,15.975,B1 | 3.9焖锅￥68/人,"黄记煌三汁焖锅 | 我""敲""棒新品套餐 | 开售啦！ | B1 | 3.9焖锅￥68/人 | 新鲜手工制作，超大份量口感赞 | 免粥谷 | 東158 | [l编编ew】敏+切] | V221",ocr/input_videos\上海__正大乐城__20260825.mp4
OBS-000070,正大乐城,十二嘎老成都串串火锅,十二嘎老成都串串火锅,串串香,4.4,78,1F,rated,True,,rated,parsed,rating_anchor,0.975,0.9993,47,972,16.589,🌟🌟⭐ | 1F | 串串香￥78/人 | 4.4,十二嘎 | 十二嘎老成都串串火锅 | 1周年庆 | 🌟🌟⭐ | 1F | 串串香￥78/人 | 4.4 | 点评榜单 | 上海串串香好评榜第7名 | 牛油锅底麻辣鲜香，蘸料选择丰富 | 手工现串全场8毛起！ | ￥9.85折 | ￥19.8 | 惠 | 【原切牛肉】安格斯... | ￥459折 | 惠 | ￥50 | 50元代金券,ocr/input_videos\上海__正大乐城__20260825.mp4
OBS-000071,正大乐城,黄记煌三汁焖锅,黄记煌三汁焖锅,焖锅,3.9,68,B1,rated,True,,rated,parsed,rating_anchor,0.9741,0.9968,48,972,16.589,🌟🌟⭐3.9 | B1 | 焖锅￥68/人,"黄记煌三汁焖锅 | 我""敲“棒新品套餐 | 开售啦！ | 🌟🌟⭐3.9 | B1 | 焖锅￥68/人 | 新鲜手工制作，超大份量口感赞 | , | 免塑得 | ￥231 | 【绵绵拉丝】整切. | ￥158 | 6.9折 | 惠 | ￥92 | 9.2折 | ￥100100元代金券 | 惠",ocr/input_videos\上海__正大乐城__20260825.mp4
OBS-000072,正大乐城,幸运站MAX折扣馆,幸运站MAX折扣馆,服饰鞋包,4.3,,B1,rated,True,,rated,parsed,rating_anchor,0.9983,0.9969,50,972,16.589,⭐⭐🌟⭐⭐ | 服饰鞋包 | B1 | 4.3,幸运站MAX折扣馆 | ⭐⭐🌟⭐⭐ | 服饰鞋包 | B1 | 4.3 | 斯凯奇和美国纽约犀牛，瑜伽服代购难.,ocr/input_videos\上海__正大乐城__20260825.mp4
OBS-000073,正大乐城,福山季·烟火小馆,福山季·烟火小馆,创意菜,,122,1F,new_store,False,new_store,ocr_missing,parsed,metadata_anchor,0.9802,0.9605,48,972,16.589,1F | 新店 | 创意菜 | ￥122/人,福山季·烟火小馆 | 1F | 新店 | 创意菜 | ￥122/人 | 上海首店 | 点评榜单 | 上海创意菜新店榜第8名 | 休息中 | 全雨留誉 | 惠 | ￥18.8￥18.9周三请酒日·请大家喝啤酒 | ￥787.8折 | ￥100 | 惠 | 【试营业】100元代金券,ocr/input_videos\上海__正大乐城__20260825.mp4
OBS-000074,正大乐城,呷哺呷哺小火锅,呷哺呷哺小火锅,小火锅,3.9,,1F,rated,True,,rated,parsed,rating_anchor,0.9836,0.9983,52,972,16.589,🌟🌟⭐🌟🌟 | 1F | 小火锅59/人 | 3.9,先吃鱼后涮肉 | 呷哺呷哺小火锅 | 荔枝糊辣满口鲜 | 🌟🌟⭐🌟🌟 | 1F | 小火锅59/人 | 3.9 | 荔技果香 | 肉质新鲜口味赞，咖喱锅底真香,ocr/input_videos\上海__正大乐城__20260825.mp4
OBS-000075,正大乐城,十二嘎老成都串串火锅,十二嘎老成都串串火锅,串串香,4.4,78,1F,rated,True,,rated,parsed,rating_anchor,0.9762,0.9972,51,996,16.999,1F | 🌟🌟🌟🌟 | 串串香￥78/人 | 4.4,十二嘎老成都串串火锅 | 周年庆 | 1F | 🌟🌟🌟🌟 | 串串香￥78/人 | 4.4 | 点评榜单 | 上海串串香好评榜第7名 | 牛油锅底麻辣鲜香，蘸料选择丰富 | 手工现串全场8毛起！ | ￥9.85折 | ￥19.8 | 惠 | 【原切牛肉】安格斯... | ￥459折 | 惠 | ￥5050元代金券,ocr/input_videos\上海__正大乐城__20260825.mp4
OBS-000076,正大乐城,黄记煌三汁焖锅,黄记煌三汁焖锅,焖锅,3.9,68,B1,rated,True,,rated,parsed,rating_anchor,0.9729,0.9984,53,996,16.999,B1 | 🌟🌟⭐🌟🌟 | 焖锅￥68/人 | 3.9,"黄记煌三汁焖锅 | 我""敲棒新品套餐 | 开售啦！ | B1 | 🌟🌟⭐🌟🌟 | 焖锅￥68/人 | 3.9 | 新鲜手工制作，超大份量口感赞 | 免迎餐 | ￥231 | ￥1586.9折 | 【绵绵拉丝】 | 整切.. | 惠 | ￥929.2折 | ￥100100元代金券 | 惠",ocr/input_videos\上海__正大乐城__20260825.mp4
OBS-000077,正大乐城,幸运站MAX折扣馆,幸运站MAX折扣馆,服饰鞋包,4.3,,B1,rated,True,,rated,parsed,rating_anchor,0.9977,0.9959,48,996,16.999,🌟🎉★4.3 | B1 | 服饰鞋包,幸运站MAX折扣馆 | 🌟🎉★4.3 | B1 | 服饰鞋包 | 斯凯奇和美国纽约犀牛，瑜伽服代购难...,ocr/input_videos\上海__正大乐城__20260825.mp4
OBS-000078,正大乐城,福山季·烟火小馆,福山季·烟火小馆,创意菜,,122,1F,new_store,False,new_store,ocr_missing,parsed,metadata_anchor,0.9744,0.9805,48,996,16.999,新店 | 创意菜￥122/人 | 1F,福山季·烟火小馆 | 新店 | 创意菜￥122/人 | 1F | 上海首店 | 点评榜单 | 上海创意菜新店榜第8名 | 休息中 | 全面留堂 | ￥18.8￥18.9周三请酒日·请大家喝啤酒 | 惠 | ￥787.8折 | ￥100 | 惠 | 【试营业】100元代金券,ocr/input_videos\上海__正大乐城__20260825.mp4
OBS-000079,正大乐城,呷哺呷哺小火锅,呷哺呷哺小火锅,小火锅,3.9,59,1F,rated,True,,rated,parsed,rating_anchor,0.9638,0.9983,50,996,16.999,🌟🌟⭐3.9 | 1F | 小火锅￥59/人,先吃鱼后涮肉 | 呷哺呷哺小火锅 | 荔枝糊辣满口鮮 | 🌟🌟⭐3.9 | 1F | 小火锅￥59/人 | 荔枝果香 | 肉质新鲜口味赞，咖喱锅底真香 | 55,ocr/input_videos\上海__正大乐城__20260825.mp4
OBS-000080,正大乐城,十二嘎老成都串串火锅,十二嘎老成都串串火锅,串串香,4.4,78,1F,rated,True,,rated,parsed,rating_anchor,0.9857,0.9999,48,1020,17.408,1F | ★🌟⭐🌟 | 4.4串串香￥78/人 | ★,十二嘎老成都串串火锅 | 1周年庆 | 1F | ★🌟⭐🌟 | 4.4串串香￥78/人 | ★ | 点评榜单 | 上海串串香好评榜第7名 | 牛油锅底麻辣鲜香，蘸料选择丰富 | 全均8毛起！ | 手工现串 | ￥9.8 | ￥19.8 | 惠 | 5折 | 【原切牛肉】安格斯... | ￥459折 | 惠 | ￥5050元代金券,ocr/input_videos\上海__正大乐城__20260825.mp4
OBS-000081,正大乐城,黄记煌三汁焖锅,黄记煌三汁焖锅,焖锅,3.9,68,B1,rated,True,,rated,parsed,rating_anchor,0.9689,0.998,53,1020,17.408,★★★★★3.9 | B1 | 焖锅￥68/人,黄记煌三汁焖锅 | 我“敲”棒新品套餐 | 开售啦！ | ★★★★★3.9 | B1 | 焖锅￥68/人 | 新鲜手工制作，超大份量口感赞 | 55 | 免费得 | ￥231 | ￥158 | 6.9折 | 惠 | 【绵绵拉丝】 | 整切... | ￥92 | 9.2折 | 惠 | ￥100100元代金券,ocr/input_videos\上海__正大乐城__20260825.mp4
OBS-000082,正大乐城,幸运站MAX折扣馆,幸运站MAX折扣馆,服饰鞋包,4.3,,B1,rated,True,,rated,parsed,rating_anchor,0.9382,0.9978,53,1020,17.408,⭐⭐⭐⭐4.3服饰鞋包 | B1,幸运站MAX折扣馆 | ⭐⭐⭐⭐4.3服饰鞋包 | B1 | 斯凯奇和美国纽约犀牛，瑜伽服代购难.,ocr/input_videos\上海__正大乐城__20260825.mp4
OBS-000083,正大乐城,福山季·烟火小馆,福山季·烟火小馆,创意菜,,122,1F,new_store,False,new_store,ocr_missing,parsed,metadata_anchor,0.9427,0.9262,51,1020,17.408,1F | 新店 | 创意菜￥122/人,福山季·烟火小馆 | 福 | 1F | 新店 | 创意菜￥122/人 | raaou | 上海首店 | 点评镑单 | 上海创意菜新店榜第8名 | 休息中 | 酒留 | 线方 | 周三请酒日·请大家喝啤酒 | 惠 | ￥18.8￥18.9 | ￥787.8折 | ￥100 | 惠 | 【试营业】100元代金券,ocr/input_videos\上海__正大乐城__20260825.mp4
OBS-000084,正大乐城,呷哺呷哺 小火锅,呷哺呷哺小火锅,小火锅,3.9,59,1F,rated,True,,rated,parsed,rating_anchor,0.9402,0.9403,51,1020,17.408,1F | 🌟🌟🌟💥🌟 | 小火锅￥59/人 | 3.9,先吃鱼后涮肉 | 呷哺呷哺 小火锅 | 荔枝糊辣满口鮮 | 1F | 🌟🌟🌟💥🌟 | 小火锅￥59/人 | 3.9 | 荔枝果香 | 规陳鱼满料小火号 | 咖厘锅底直委“ | “肉质新鲜□味赞,ocr/input_videos\上海__正大乐城__20260825.mp4
OBS-000085,正大乐城,黄记煌三汁焖锅,黄记煌三汁焖锅,焖锅,3.9,68,B1,rated,True,,rated,parsed,rating_anchor,0.9713,0.9987,53,1080,18.432,B1 | 3.9焖锅￥68/人,"黄记煌三汁焖锅 | 我""敲""棒新品套餐 | 开售啦！ | B1 | 3.9焖锅￥68/人 | 新鲜手工制作，超大份量口感赞 | 免酷得 | ￥231 | 整切.. | ￥1586.9折 | 【绵绵拉丝】 | 惠 | ￥929.2折 | 惠 | ￥100100元代金券",ocr/input_videos\上海__正大乐城__20260825.mp4
OBS-000086,正大乐城,幸运站MAX折扣馆,幸运站MAX折扣馆,服饰鞋包,4.3,,B1,rated,True,,rated,parsed,rating_anchor,0.9938,0.9972,51,1080,18.432,4.3服饰鞋包 | B1,幸运站MAX折扣馆 | 4.3服饰鞋包 | B1 | 斯凯奇和美国纽约犀牛，瑜伽服代购难...,ocr/input_videos\上海__正大乐城__20260825.mp4
OBS-000087,正大乐城,福山季·烟火小馆,福山季·烟火小馆,创意菜,,,1F,new_store,False,new_store,ocr_missing,parsed,metadata_anchor,0.9733,0.9788,52,1080,18.432,新店 | 1F | 创意菜￥122/,福山季·烟火小馆 | 新店 | 1F | 创意菜￥122/ | ruoax | 上海首店 | 点评榜单 | 上海创意菜新店榜第8名 | 休息中 | 西福堂 | 城室 | ￥18.8￥18.9周三请酒日·请大家喝啤酒 | 惠 | ￥787.8折 | 惠 | ￥100 | 【试营业】100元代金券,ocr/input_videos\上海__正大乐城__20260825.mp4
OBS-000088,正大乐城,呷哺呷哺小火锅,呷哺呷哺小火锅,小火锅,3.9,59,1F,rated,True,,rated,parsed,rating_anchor,0.9441,0.9927,51,1080,18.432,★★★★★ | 1F | 3.9小火锅￥59/人,先吃鱼后涮肉 | 呷哺呷哺小火锅 | 荔枝糊辣满口鲜 | ★★★★★ | 1F | 3.9小火锅￥59/人 | 荔枝果香 | 现辣鱼满特小火销 | 肉质新鲜口味赞，咖喱锅底真香 | 9.5折 | ￥285 | ￥300呷哺超值礼品卡 | 惠 | ￥79 | 7.9折 | ￥100100元代金券 | 惠,ocr/input_videos\上海__正大乐城__20260825.mp4
OBS-000089,正大乐城,智绘未来·书法绘画·古筝围棋·幼...,智绘未来·书法绘画·古筝围棋·幼,书法,4.8,,2F,rated,True,,rated,parsed,rating_anchor,0.9552,0.9301,57,1080,18.432,4.8书法 | 2F,智绘未来·书法绘画·古筝围棋·幼... | 4.8书法 | 2F | 点评榜单 | 徐汇区书法热门榜第1名,ocr/input_videos\上海__正大乐城__20260825.mp4
OBS-000090,正大乐城,幸运站MAX折扣馆,幸运站MAX折扣馆,服饰鞋包,4.3,,B1,rated,True,,rated,parsed,rating_anchor,0.9964,0.9963,51,1128,19.252,🌟🌟⭐⭐⭐ | 4.3服饰鞋包 | B1,幸运站MAX折扣馆 | 🌟🌟⭐⭐⭐ | 4.3服饰鞋包 | B1 | 斯凯奇和美国纽约犀牛，瑜伽服代购难.,ocr/input_videos\上海__正大乐城__20260825.mp4
OBS-000091,正大乐城,福山季·烟火小馆,福山季·烟火小馆,创意菜,,122,1F,new_store,False,new_store,ocr_missing,parsed,metadata_anchor,0.9513,0.9485,54,1128,19.252,新店 | 创意菜￥122/人 | 1F,福山季·烟火小馆 | 福烟火小 | 新店 | 创意菜￥122/人 | 1F | 上海首店 | 点评榜单 | 上海创意菜新店榜第8名 | 休息中 | 面通堂 | 惠 | ￥18.8￥18.9周三请酒日·请大家喝啤酒 | ￥787.8折 | 惠 | ￥100 | 【试营业】100元代金券,ocr/input_videos\上海__正大乐城__20260825.mp4
OBS-000092,正大乐城,呷哺呷哺小火锅,呷哺呷哺小火锅,小火锅,3.9,59,1F,rated,True,,rated,parsed,rating_anchor,0.9664,0.9989,51,1128,19.252,⭐🌟🌟🌟⭐ | 1F | 小火锅￥59/人 | 3.9,先吃鱼后涮肉 | 呷哺呷哺小火锅 | 荔枝糊辣满口鲜 | ⭐🌟🌟🌟⭐ | 1F | 小火锅￥59/人 | 3.9 | 荔枝果香 | 小火锅 | 肉质新鲜口味赞，咖喱锅底真香 | ￥2859.5折 | ￥300呷哺超值礼品卡 | 惠 | ￥79 | 7.9折 | ￥100100元代金券 | 惠,ocr/input_videos\上海__正大乐城__20260825.mp4
OBS-000093,正大乐城,智绘未来·书法绘画·古筝围棋·幼...,智绘未来·书法绘画·古筝围棋·幼,书法,4.8,,2F,rated,True,,rated,parsed,rating_anchor,0.9477,0.949,56,1128,19.252,4.8书法 | 2F,智绘未来·书法绘画·古筝围棋·幼... | 2026 | 4.8书法 | 2F | 秋季班 | 点评榜单 | 徐汇区书法热门榜第1名 | 限额招生啦 | 装修干净整洁，国画体验一对” | ￥9.9￥597全城6次课随心学1少儿游.. | 惠,ocr/input_videos\上海__正大乐城__20260825.mp4
OBS-000094,正大乐城,智绘未来·书法绘画·古筝围棋·幼...,智绘未来·书法绘画·古筝围棋·幼,书法,4.8,,2F,rated,True,,rated,parsed,rating_anchor,0.9742,0.9637,53,1200,20.48,4.8书法 | 2F,智绘未来·书法绘画·古筝围棋·幼... | 2026 | 4.8书法 | 2F | 秋季班 | 点评榜单 | 徐汇区书法热门榜第1名 | 限额招生啦 | 装修干净整洁，国画体验一对 | “ | ￥9.9￥597全城6次课随心学|少儿游... | 惠,ocr/input_videos\上海__正大乐城__20260825.mp4
OBS-000095,正大乐城,HUAWEI·问界汽车,HUAWEI·问界汽车,4S店,,368640,1F,unknown,True,,ocr_missing,parsed,metadata_anchor,0.9667,0.9949,48,1200,20.48,1F | 3.74S店￥368640/人,HUAWEI·问界汽车 | M | 1F | 3.74S店￥368640/人 | 座舱智能，店内干净卫生 | ≤ | 2,ocr/input_videos\上海__正大乐城__20260825.mp4
OBS-000096,正大乐城,珍嫂鱼馆火锅,珍嫂鱼馆火锅,鱼火锅,4.7,102,1F,rated,True,,rated,parsed,rating_anchor,0.9756,0.9993,54,1200,20.48,⭐🌟🌟⭐🌟 | 1F | 鱼火锅￥102/人 | 4.7,珍嫂鱼馆火锅 | 珍嫂 | ⭐🌟🌟⭐🌟 | 1F | 鱼火锅￥102/人 | 4.7 | JEN SAO | 点评榜单 | 馆火 | 徐汇区鱼火锅环境榜第2名 | 锅 | 鱼 | 鱼火锅特色鲜明，辣而不燥” | ≤ | ￥1998.2折 | ￥244.8快乐吃鱼2人套餐 | 惠 | ￥32.9 | ￥50 | 惠 | 6.6折 | 【超值优惠】50元代..,ocr/input_videos\上海__正大乐城__20260825.mp4
OBS-000097,正大乐城,AJIYA炭火烤肉·烧鸟夜市,AJIYA炭火烤肉·烧鸟夜市,式烧烤/烤肉,4.6,,1F,rated,True,,rated,parsed,rating_anchor,0.9712,0.994,51,1200,20.48,🌟🌟⭐🌟🌟 | 4.6式烧烤/烤肉￥121/1F,AJIYA炭火烤肉·烧鸟夜市 | 🌟🌟⭐🌟🌟 | 4.6式烧烤/烤肉￥121/1F | 点评榜单 | 龙华/西岸烤肉热门榜第3名 | 休息中 | ￥455.8折 | ￥78 | 惠 | 【工作日午市】招牌牛. | ￥989.8折 | ￥100 | 【结账必用】100元... | 惠,ocr/input_videos\上海__正大乐城__20260825.mp4
OBS-000098,正大乐城,智绘未来·书法绘画·古筝围棋·幼...,智绘未来·书法绘画·古筝围棋·幼,书法,4.8,,2F,rated,True,,rated,parsed,rating_anchor,0.9486,0.9397,53,1236,21.095,4.8书法 | 2F,智绘未来·书法绘画·古筝围棋·幼... | 2026 | 4.8书法 | 2F | 秋季班 | 点评榜单 | 徐汇区书法热门榜第1名 | 限额招生啦 | 装修干净整洁，国画体验一对 | ￥9.9￥597全城6次课随心学|少游. | 惠,ocr/input_videos\上海__正大乐城__20260825.mp4
OBS-000099,正大乐城,HUAWEI·问界汽车,HUAWEI·问界汽车,4S店,,368640,1F,unknown,True,,ocr_missing,parsed,metadata_anchor,0.9702,0.994,48,1236,21.095,3.74S店￥368640/人 | 1F,HUAWEI·问界汽车 | 3.74S店￥368640/人 | 1F | 座舱智能，店内干净卫生 | （,ocr/input_videos\上海__正大乐城__20260825.mp4
OBS-000100,正大乐城,珍嫂鱼馆火锅,珍嫂鱼馆火锅,鱼火锅,4.7,102,1F,rated,True,,rated,parsed,rating_anchor,0.9741,0.9992,54,1236,21.095,1F | ★★★★★ | 鱼火锅￥102/人 | 4.7,珍嫂鱼馆火锅 | 珍嫂 | 1F | ★★★★★ | 鱼火锅￥102/人 | 4.7 | JEN SAO | 点评榜单 | 鱼馆火锅 | 徐汇区鱼火锅环境榜第2名 | 黑鱼火锅特色鲜明，辣而不燥 | ≤ | F | 惠 | ￥199 | 8.2折 | ￥244.8 | 快乐吃鱼2人套餐 | ￥32.9 | 6.6折 | 惠 | ￥50 | 【超值优惠】50元代..,ocr/input_videos\上海__正大乐城__20260825.mp4
OBS-000101,正大乐城,AJIYA炭火烤肉·烧鸟夜市,AJIYA炭火烤肉·烧鸟夜市,日式烧烤/烤肉,4.6,,1F,rated,True,,rated,parsed,rating_anchor,0.9775,0.9932,48,1236,21.095,★★★★★ | 4.6日式烧烤/烤肉￥121/1F,AJIYA炭火烤肉·烧鸟夜市 | ★★★★★ | 4.6日式烧烤/烤肉￥121/1F | 点评榜单 | 龙华/西岸烤肉热门榜第3名 | 休息中 | 5.8折 | ￥78 | ￥45 | 惠 | 【工作日午市】招牌牛. | ￥989.8折 | ￥100 | 【结账必用】100元... | 惠,ocr/input_videos\上海__正大乐城__20260825.mp4
OBS-000102,正大乐城,锐思教育·小初高辅导,锐思教育·小初高辅导,课后辅导,4.4,,2F,rated,True,,rated,parsed,rating_anchor,0.9607,0.9232,47,1236,21.095,2F | 🌟🌟🌟⭐ | 4.4课后辅导 | ★,锐思教育·小初高辅导 | ②税思 | 开学货销季 | 初高衔接班 | 2F | 🌟🌟🌟⭐ | 4.4课后辅导 | ★ | 精品课程 | 点评榜单 | 龙华/西岸课后辅导好评榜第4名 | 个性化培伤·优选本地阿卖,ocr/input_videos\上海__正大乐城__20260825.mp4
OBS-000103,正大乐城,智绘未来·书法绘画·古筝围棋·幼...,智绘未来·书法绘画·古筝围棋·幼,书法,4.8,,2F,rated,True,,rated,parsed,rating_anchor,0.9382,0.9535,54,1248,21.3,4.8书法 | 2F,智绘未来·书法绘画·古筝围棋·幼... | 2026 | ? | 4.8书法 | 2F | 秋季班 | 点评榜单 | 徐汇区书法热门榜第1名 | 限额招生啦～ | 装修干净整洁，国画体验一对一 | ￥9.9￥597全城6次课随心学1少儿游.. | 惠,ocr/input_videos\上海__正大乐城__20260825.mp4
OBS-000104,正大乐城,HUAWEI·问界汽车,HUAWEI·问界汽车,4S店,,368640,1F,unknown,True,,ocr_missing,parsed,metadata_anchor,0.9669,0.9925,47,1248,21.3,3.74S店￥368640/人 | 1F,HUAWEI·问界汽车 | 3.74S店￥368640/人 | 1F | 座舱智能，店内干净卫生 | 心,ocr/input_videos\上海__正大乐城__20260825.mp4
OBS-000105,正大乐城,珍嫂鱼馆火锅,珍嫂鱼馆火锅,鱼火锅,4.7,102,1F,rated,True,,rated,parsed,rating_anchor,0.9804,0.9996,50,1248,21.3,1F | 鱼火锅￥102/人 | ★★★★★ | 4.7,珍嫂鱼馆火锅 | 珍嫂 | 1F | 鱼火锅￥102/人 | ★★★★★ | 4.7 | JEN SAO | 点评榜单 | 鱼馆火锅 | 徐汇区鱼火锅环境榜第2名 | 黑鱼火锅特色鲜明，辣而不燥 | ≤ | ￥199 | 8.2折 | 惠 | ￥244.8快乐吃鱼2人套餐 | ￥32.9 | ￥50 | 6.6折 | 惠 | 【超值优惠】50元代...,ocr/input_videos\上海__正大乐城__20260825.mp4
OBS-000106,正大乐城,AJIYA炭火烤肉·烧鸟夜市,AJIYA炭火烤肉·烧鸟夜市,日式烧烤/烤肉,4.6,121,1F,rated,True,,rated,parsed,rating_anchor,0.9913,0.9925,48,1248,21.3,🌟🌟🌟🌟🌟 | 4.6 | 日式烧烤/烤肉 | ￥121/人1F,AJIYA炭火烤肉·烧鸟夜市 | 🌟🌟🌟🌟🌟 | 4.6 | 日式烧烤/烤肉 | ￥121/人1F | 点评镑单 | 龙华/西岸烤肉热门榜第3名 | 休息中 | ￥455.8折 | ￥78 | 【工作日午市】招牌牛.. | 惠 | ￥989.8折 | ￥100 | 惠 | 【结账必用】100元...,ocr/input_videos\上海__正大乐城__20260825.mp4
OBS-000107,正大乐城,锐思教育·小初高辅导,锐思教育·小初高辅导,课后辅导,4.4,,2F,rated,True,,rated,parsed,rating_anchor,0.9886,0.9783,50,1248,21.3,2F | 🌟🌟🌟🌟 | 课后辅导 | 4.4,锐思教育·小初高辅导 | ②税思 | 开学优销学 | 初高衔接班 | 2F | 🌟🌟🌟🌟 | 课后辅导 | 4.4 | 精品课程 | 点评榜单 | 龙华/西岸课后辅导好评榜第4名 | 个性化培优：优选咨地网费,ocr/input_videos\上海__正大乐城__20260825.mp4
OBS-000108,正大乐城,锐思教育·小初高辅导,锐思教育·小初高辅导,课后辅导,4.4,,2F,rated,True,,rated,parsed,rating_anchor,0.9882,0.978,48,1332,22.733,2F | 4.4课后辅导 | ★★★★,锐思教育·小初高辅导 | ②悦思 | 开学促销学 | 初高衔接班 | 2F | 4.4课后辅导 | ★★★★ | 精品课程 | 点评榜单 | 龙华/西岸课后辅导好评榜第4名 | 个性化培优·优选本地师衡 | 速记课程效果神奇，提升信心满满 | 广告 | 惠 | ￥9.9￥597全城6次课随心学|少游...,ocr/input_videos\上海__正大乐城__20260825.mp4
OBS-000109,正大乐城,金刚迷你仓,金刚迷你仓,迷你自助仓储,3.7,,3F,rated,True,,rated,parsed,rating_anchor,0.996,0.9945,51,1332,22.733,3F | 🌟🌟🎉🌟⭐3.7 | 迷你自助仓储,金刚迷你仓 | 名牌商家 | 3F | 🌟🌟🎉🌟⭐3.7 | 迷你自助仓储 | “24时监控，刷脸认证超安心” | 10平方仓库抢G折 | 惠￥1￥1.1VIP体验升级(老客户专享),ocr/input_videos\上海__正大乐城__20260825.mp4
OBS-000110,正大乐城,奢点点·二手奢侈品回收中心,奢点点·二手奢侈品回收中心,奢侈品回收,4.3,,商场内,rated,True,,rated,parsed,rating_anchor,0.9888,0.9784,51,1332,22.733,⭐🌟⭐⭐4.3 | 商场内 | 奢侈品回收,闲置奢侈品 | 奢点点·二手奢侈品回收中心 | 点点 | 高价回收店 | ⭐🌟⭐⭐4.3 | 商场内 | 奢侈品回收 | 户国销宾修门店 | 高价回收 | 奢侈品回收价高，省时省心” | 极速变现 | 控通资 | 惠￥1￥199 | 【包包回收】LV/爱马仕/香奈...,ocr/input_videos\上海__正大乐城__20260825.mp4
OBS-000111,正大乐城,回味关中·西安小馆,回味关中·西安小馆,西,3.8,30,B1,rated,True,,rated,parsed,rating_anchor,0.8344,0.9794,54,1332,22.733,🌟🌟⭐3.8西 | B1 | 西北民间菜￥30/人,回味关中·西安小馆 | 回味关中 | 西安小馆 | 🌟🌟⭐3.8西 | B1 | 西北民间菜￥30/人 | 点评榜单 | 徐汇区西北民间菜回头客榜第8名 | 沪上陕菜地标关食 | ￥5.3 | 4.5折 | 惠 | ￥12老西安城墙根甄糕,ocr/input_videos\上海__正大乐城__20260825.mp4
OBS-000112,正大乐城,锐思教育·小初高辅导,锐思教育·小初高辅导,课后辅导,4.4,,2F,rated,True,,rated,parsed,rating_anchor,0.9869,0.977,51,1356,23.143,2F | 🌟🌟🌟🌟 | 4.4课后辅导 | ★,锐思教育·小初高辅导 | ②悦思 | 开学促销季】 | 初高衔接班 | 2F | 🌟🌟🌟🌟 | 4.4课后辅导 | ★ | 精品课程 | 点评榜单 | 龙华/西岸课后辅导好评榜第4名 | 个性化语优·优通本地所商 | 速记课程效果神奇，提升信心满满 | 广告 | ￥9.9￥597全城6次课随心学|少儿游.. | 惠,ocr/input_videos\上海__正大乐城__20260825.mp4
OBS-000113,正大乐城,金刚迷你仓,金刚迷你仓,迷你自助仓储,3.7,,3F,rated,True,,rated,parsed,rating_anchor,0.9956,0.9956,52,1356,23.143,⭐3.7 | 3F | 迷你自助仓储,金刚迷你仓 | 名牌商家 | ⭐3.7 | 3F | 迷你自助仓储 | “24时监控，刷脸认证超安” | 10平方仓库抢6折 | 惠 | ￥1￥1.1VIP体验升级（老客户专享）,ocr/input_videos\上海__正大乐城__20260825.mp4
OBS-000114,正大乐城,奢点点·二手奢侈品回收中心,奢点点·二手奢侈品回收中心,奢侈品回收,4.3,,商场内,rated,True,,rated,parsed,rating_anchor,0.9903,0.9812,53,1356,23.143,商场内 | 🌟🌟🌟⭐🌟 | 奢侈品回收 | 4.3,闲置客侈品 | 酒点点 | 奢点点·二手奢侈品回收中心 | 高价回收店 | 商场内 | 🌟🌟🌟⭐🌟 | 奢侈品回收 | 4.3 | 广医轴宾修门店 | 奢侈品回收价高，省时省心” | 高价回收 | 5 | 极速变现 | 二 | 其学护 | 室 | 惠￥1￥199 | 【包包回收】LV/爱马仕/香奈..,ocr/input_videos\上海__正大乐城__20260825.mp4
OBS-000115,正大乐城,回味关中·西安馆,回味关中·西安馆,西北民间菜,3.8,30,B1,rated,True,,rated,parsed,rating_anchor,0.97,0.9847,51,1356,23.143,B1 | 🌟🌟🌟🌟🌟 | 西北民间菜￥30/人 | 3.8,回味关中·西安馆 | 回味关中 | 西安小记 | 峡 | B1 | 🌟🌟🌟🌟🌟 | 西北民间菜￥30/人 | 3.8 | 点评榜单 | 徐汇区西北民间菜回头客榜第8名 | 沪上陕菜地标美食 | ￥5.3 | 4.5折 | 惠 | ￥12老西安城墙根甄糕,ocr/input_videos\上海__正大乐城__20260825.mp4
OBS-000116,正大乐城,上音琴行·儿童钢琴·小提琴·吉他·...,上音琴行·儿童钢琴·小提琴·吉他,音乐,4.9,362,2F,rated,True,,rated,parsed,rating_anchor,0.8813,0.8589,53,1356,23.143,2F | ★4.9音乐￥362/人,上音琴行·儿童钢琴·小提琴·吉他·... | 2F | ★4.9音乐￥362/人,ocr/input_videos\上海__正大乐城__20260825.mp4
OBS-000117,正大乐城,锐思教育·小初高辅导,锐思教育·小初高辅导,课后辅导,4.4,,2F,rated,True,,rated,parsed,rating_anchor,0.9898,0.9821,48,1380,23.553,🌟🌟⭐⭐ | 2F | 4.4课后辅导 | ★,锐思教育·小初高辅导 | ②税思 | 开学促销季 | 初高衔接班 | 🌟🌟⭐⭐ | 2F | 4.4课后辅导 | ★ | 精品课程 | 点评榜单 | 龙华/西岸课后辅导好评榜第4名 | 个性化培优·优选本地师面 | 速记课程效果神奇，提升信心满满 | 广告 | 惠 | ￥9.9￥597全城6次课随心学1少儿游.,ocr/input_videos\上海__正大乐城__20260825.mp4
OBS-000118,正大乐城,金刚迷你仓,金刚迷你仓,迷你自助仓储,3.7,,3F,rated,True,,rated,parsed,rating_anchor,0.9962,0.9949,51,1380,23.553,3F | ⭐🌟🌟🌟🌟 | 迷你自助仓储 | 3.7,金刚迷你仓 | 名牌商家 | 3F | ⭐🌟🌟🌟🌟 | 迷你自助仓储 | 3.7 | 24小时监控，刷脸认证超安心 | 10平方仓库抢6折 | ￥1￥1.1VIP体验升级（老客户专享） | 惠,ocr/input_videos\上海__正大乐城__20260825.mp4
OBS-000119,正大乐城,奢点点·二手奢侈品回收中心,奢点点·二手奢侈品回收中心,奢侈品回收,4.3,,商场内,rated,True,,rated,parsed,rating_anchor,0.9931,0.9867,48,1380,23.553,🌟⭐🌟⭐4.3 | 商场内 | 奢侈品回收,闲罟客侈品 | 奢点点·二手奢侈品回收中心 | 点品 | 高价回收店 | 🌟⭐🌟⭐4.3 | 商场内 | 奢侈品回收 | 户国镇实球门店 | 高价回收 | 奢侈品回收价高，省时省心 | 极速费现 | ￥1￥199 | LV/爱马仕/香奈... | 惠 | 【包包回收】,ocr/input_videos\上海__正大乐城__20260825.mp4
OBS-000120,正大乐城,回味关中·西安小馆,回味关中·西安小馆,西北民间菜,3.8,30,B1,rated,True,,rated,parsed,rating_anchor,0.9783,0.9841,47,1380,23.553,B1 | ★★★★★ | 西北民间菜￥30/人 | 3.8,回味关中·西安小馆 | 回味关中 | 西安小馆 | B1 | ★★★★★ | 西北民间菜￥30/人 | 3.8 | 点评榜单 | 徐汇区西北民间菜回头客榜第8名 | 沪上陕菜地标美食 | ￥5.3 | 4.5折 | 惠 | ￥12老西安城墙根甄糕,ocr/input_videos\上海__正大乐城__20260825.mp4
OBS-000121,正大乐城,上音琴行·儿童钢琴·小提琴·吉他·..,上音琴行·儿童钢琴·小提琴·吉他,音乐,,362,2F,unknown,True,,ocr_missing,parsed,metadata_anchor,0.923,0.9088,55,1380,23.553,2F | ★★★窗 | 音乐￥362/人 | 14.9,上音琴行·儿童钢琴·小提琴·吉他·.. | 2F | ★★★窗 | 音乐￥362/人 | 14.9 | 上音琴行28年 | 点评榜单 | 龙华/西岸音乐好评榜第1名 | 音乐会和演出精心布置，老师热情重视,ocr/input_videos\上海__正大乐城__20260825.mp4
OBS-000122,正大乐城,奢点点·二手奢侈品回收中心,奢点点·二手奢侈品回收中心,奢侈品回收,4.3,,商场内,rated,True,,rated,parsed,rating_anchor,0.9935,0.9887,51,1452,24.781,⭐🌟🌟⭐🌟 | 商场内 | 奢侈品回收 | 4.3,闲置客侈品 | 点点 | 奢点点·二手奢侈品回收中心 | 高价回收店 | ⭐🌟🌟⭐🌟 | 商场内 | 奢侈品回收 | 4.3 | 户国锁实体门店 | 奢侈品回收价高，省时省心” | 高价回收 | “ | 极速变现 | ￥1￥199 | 【包包回收】LV/爱马仕/香奈... | 惠,ocr/input_videos\上海__正大乐城__20260825.mp4
OBS-000123,正大乐城,回味关中·西安小馆,回味关中·西安小馆,西北民间菜,3.8,30,B1,rated,True,,rated,parsed,rating_anchor,0.9702,0.9812,48,1452,24.781,西北民间菜￥30/人 | B1 | ★★★★★ | 3.8,回味关中·西安小馆 | 回味关中 | 西安小馆 | 西北民间菜￥30/人 | B1 | ★★★★★ | 3.8 | 点评榜单 | 徐汇区西北民间菜回头客榜第8名 | 沪上陕菜地标关食 | ￥5.3 | 4.5折 | 惠 | ￥12老西安城墙根甄糕,ocr/input_videos\上海__正大乐城__20260825.mp4
OBS-000124,正大乐城,上音琴行·儿童钢琴·小提琴·吉他·..,上音琴行·儿童钢琴·小提琴·吉他,音乐,4.9,362,2F,rated,True,,rated,parsed,rating_anchor,0.925,0.9084,57,1452,24.781,★★★4.9 | 2F | 音乐￥362/人,上音琴行·儿童钢琴·小提琴·吉他·.. | ★★★4.9 | 2F | 音乐￥362/人 | 上音琴行28年 | 点评榜单 | 龙华/西岸音乐好评榜第1名 | 口碑教学 | 5HA | 音乐会和演出精心布置，老师热情重视 | 1.1折 | ￥500 | 惠 | ￥1 | 【钢琴体验】零基础到..,ocr/input_videos\上海__正大乐城__20260825.mp4
OBS-000125,正大乐城,乡村基·川菜小炒,乡村基·川菜小炒,川菜馆,,33,B1,new_store,False,new_store,ocr_missing,parsed,metadata_anchor,0.9606,0.9705,48,1452,24.781,川菜馆￥33/人 | 新店 | B1,乡村基·川菜小炒 | 川菜馆￥33/人 | 新店 | B1 | 点评榜单 | 龙华/西岸川菜销量榜第10名 | 回锅肉高啡 | 招牌 | 乡村基 | 集园音营 | M2000家 | ￥30.99.1折 | ￥34单人·无负担轻食简餐 | 惠,ocr/input_videos\上海__正大乐城__20260825.mp4
OBS-000126,正大乐城,回味关中·西安小馆,回味关中·西安小馆,西北民间菜,3.8,30,B1,rated,True,,rated,parsed,rating_anchor,0.9783,0.9891,51,1500,25.601,B1 | 🌟🌟⭐🌟🌟 | 西北民间菜￥30/人 | 3.8,回味关中·西安小馆 | 回味关中 | 西安小馆 | 味 | B1 | 🌟🌟⭐🌟🌟 | 西北民间菜￥30/人 | 3.8 | 点评榜单 | 徐汇区西北民间菜回头客榜第8名 | 沪上陕菜地标关食 | ￥5.3 | 4.5折 | 惠 | ￥12老西安城墙根甄糕,ocr/input_videos\上海__正大乐城__20260825.mp4
OBS-000127,正大乐城,上音琴行·儿童钢琴·小提琴·吉他·…,上音琴行·儿童钢琴·小提琴·吉他,音乐,,362,2F,unknown,True,,ocr_missing,parsed,metadata_anchor,0.9418,0.9354,60,1500,25.601,2F | 🌟🌟🌟🎉🌟 | 音乐￥362/人,上音琴行·儿童钢琴·小提琴·吉他·… | 2F | 🌟🌟🌟🎉🌟 | 音乐￥362/人 | 上音琴行28年 | 点评榜单 | 龙华/西岸音乐好评榜第1名 | 口碑教学 | NJ | 音乐会和演出精心布置，老师热情重视 | “ | ￥1 | 1.1折 | ￥500 | 惠 | 【钢琴体验】零基础到...,ocr/input_videos\上海__正大乐城__20260825.mp4
OBS-000128,正大乐城,乡村基·川菜小炒,乡村基·川菜小炒,川菜馆,,33,B1,new_store,False,new_store,ocr_missing,parsed,metadata_anchor,0.9718,0.9829,54,1500,25.601,新店 | 川菜馆￥33/人 | B1,乡村基·川菜小炒 | Rme | 新店 | 川菜馆￥33/人 | B1 | 点评榜单 | 龙华/西岸川菜销量榜第10名 | 回锅肉露费味 | 招牌 | 乡村基 | 集园直路 | 题2000家 | ￥30.99.1折 | 惠 | ￥34单人·无负担轻食简餐,ocr/input_videos\上海__正大乐城__20260825.mp4
OBS-000129,正大乐城,爱回收,爱回收,手机数码回收,3.0,,1F,rated,True,,rated,parsed,rating_anchor,0.9986,0.9992,62,1500,25.601,★★★⭐★ | 1F | 3.0手机数码回收,爱回收 | ★★★⭐★ | 1F | 3.0手机数码回收 | 爱回收,ocr/input_videos\上海__正大乐城__20260825.mp4
OBS-000130,正大乐城,回味关中·西安小馆,回味关中·西安小馆,西北民间菜,3.8,30,B1,rated,True,,rated,parsed,rating_anchor,0.9746,0.9838,51,1536,26.215,🌟🌟⭐🌟🌟 | B1 | 3.8 | 西北民间菜￥30/人,回味关中·西安小馆 | 回味关中 | 西安小馆 | 漆 | 🌟🌟⭐🌟🌟 | B1 | 3.8 | 西北民间菜￥30/人 | 点评榜单 | 徐汇区西北民间菜回头客榜第8名 | 沪上陕菜地标关食 | ￥5.3 | 4.5折 | 惠 | ￥12老西安城墙根甄糕,ocr/input_videos\上海__正大乐城__20260825.mp4
OBS-000131,正大乐城,上音琴行·儿童钢琴·小提琴·吉他·…..,上音琴行·儿童钢琴·小提琴·吉他,音乐,,362,2F,unknown,True,,ocr_missing,parsed,metadata_anchor,0.9153,0.886,58,1536,26.215,2F | 音乐￥362/人 | 🌟🌟🌟🌟🌟 | 4.,上音琴行·儿童钢琴·小提琴·吉他·….. | 2F | 音乐￥362/人 | 🌟🌟🌟🌟🌟 | 4. | 上音琴行28年 | 点评榜单 | 龙华/西岸音乐好评榜第1名 | 口碑教学 | NJ | 音乐会和演出精心布置，老师热情重视 | 1.1折 | ￥500 | ￥1 | 惠 | 【钢琴体验】零基础到...,ocr/input_videos\上海__正大乐城__20260825.mp4
OBS-000132,正大乐城,乡村基·川菜小炒,乡村基·川菜小炒,川菜馆,,33,B1,new_store,False,new_store,ocr_missing,parsed,metadata_anchor,0.9442,0.987,51,1536,26.215,新店 | B1 | 川菜馆￥33/人,乡村基·川菜小炒 | Rm | 新店 | B1 | 川菜馆￥33/人 | 点评榜单 | 龙华/西岸川菜销量榜第10名 | 回锅肉高费啡 | 招牌 | 乡村基 | 集园直路 | 题2000家 | ￥30.99.1折 | 惠 | ￥34单人·无负担轻食简餐,ocr/input_videos\上海__正大乐城__20260825.mp4
OBS-000133,正大乐城,爱回收,爱回收,手机数码回收,3.0,,1F,rated,True,,rated,parsed,rating_anchor,0.9988,0.999,61,1536,26.215,★★★⭐🌟 | 1F | 3.0手机数码回收,爱回收 | ★★★⭐🌟 | 1F | 3.0手机数码回收 | 爱回收 | 锅气·湖南饭店 | 现点处,ocr/input_videos\上海__正大乐城__20260825.mp4
OBS-000134,正大乐城,回味关中·西安小馆,回味关中·西安小馆,西北民间菜,3.8,30,B1,rated,True,,rated,parsed,rating_anchor,0.9616,0.9829,55,1548,26.42,⭐🌟🌟⭐ | B1 | 西北民间菜￥30/人 | 3.8,回味关中·西安小馆 | 回味关中 | 西安小馆 | 陕 | ⭐🌟🌟⭐ | B1 | 西北民间菜￥30/人 | 3.8 | 点评榜单 | 徐汇区西北民间菜回头客榜第8名 | 沪上陕菜地标关食 | ￥5.3 | ￥12老西安城墙根甄糕 | 惠 | 4.5折,ocr/input_videos\上海__正大乐城__20260825.mp4
OBS-000135,正大乐城,上音琴行·儿童钢琴·小提琴·吉他·...,上音琴行·儿童钢琴·小提琴·吉他,音乐,4.9,362,2F,rated,True,,rated,parsed,rating_anchor,0.9274,0.8954,57,1548,26.42,🌟🌟🌟🌟🌟 | 音乐￥362/人 | 2F | 4.9,上音琴行·儿童钢琴·小提琴·吉他·... | 🌟🌟🌟🌟🌟 | 音乐￥362/人 | 2F | 4.9 | 上音琴行28年 | 点评榜单 | 龙华/西岸音乐好评榜第1名 | 口碌教学 | A | 音乐会和演出精心布置，老师热情重视 | “ | 1.1折 | ￥1 | ￥500 | 惠 | 【钢琴体验】零基础到...,ocr/input_videos\上海__正大乐城__20260825.mp4
OBS-000136,正大乐城,乡村基·川菜小炒,乡村基·川菜小炒,川菜馆,,33,B1,new_store,False,new_store,ocr_missing,parsed,metadata_anchor,0.9646,0.9837,51,1548,26.42,新店 | 川菜馆￥33/人 | B1,乡村基·川菜小炒 | 新店 | 川菜馆￥33/人 | B1 | 点评榜单 | 回锅肉高费啡 | 龙华/西岸川菜销量榜第10名 | 招牌 | 乡村基 | ￥30.99.1折 | ￥34单人·无负担轻食简餐 | 惠,ocr/input_videos\上海__正大乐城__20260825.mp4
OBS-000137,正大乐城,爱回收,爱回收,手机数码回收,3.0,,1F,rated,True,,rated,parsed,rating_anchor,0.9988,0.999,58,1548,26.42,🌟🌟⭐ | 1F | ★★ | 3.0手机数码回收,爱回收 | M | 🌟🌟⭐ | 1F | ★★ | 3.0手机数码回收 | 爱回收,ocr/input_videos\上海__正大乐城__20260825.mp4
OBS-000138,正大乐城,锅气·湖南饭店,锅气·湖南饭店,湘菜,4.1,64,1F,rated,True,,rated,parsed,rating_anchor,0.9681,0.9872,52,1548,26.42,1F | ⭐🌟🌟⭐ | 4.1湘菜￥64/人,锅气·湖南饭店 | 现点现炒 | 1F | ⭐🌟🌟⭐ | 4.1湘菜￥64/人 | 拒绝预制 | 点评榜单 | 龙华/西岸湘菜回头客榜第5名,ocr/input_videos\上海__正大乐城__20260825.mp4
OBS-000139,正大乐城,爱回收,爱回收,手机数码回收,3.0,,1F,rated,True,,rated,parsed,rating_anchor,0.954,0.9996,62,1584,27.034,⭐⭐3.0手机数码回收 | 1F,爱回收 | M | ⭐⭐3.0手机数码回收 | 1F | 爱回收,ocr/input_videos\上海__正大乐城__20260825.mp4
OBS-000140,正大乐城,锅气·湖南饭店,锅气·湖南饭店,湘菜,4.1,64,1F,rated,True,,rated,parsed,rating_anchor,0.9631,0.9895,51,1584,27.034,1F | 🌟🌟⭐ | 湘菜￥64/人 | ★4.1,锅气·湖南饭店 | 现点现炒 | 1F | 🌟🌟⭐ | 湘菜￥64/人 | ★4.1 | 拒绝预制 | 点评榜单 | 龙华/西岸湘菜回头客榜第5名 | ￥39.86折 | ￥67 | 惠 | 【晚市】 | 招牌菜单人餐 | ￥489.6折 | ￥50 | 惠 | 【晚市】50元代金券,ocr/input_videos\上海__正大乐城__20260825.mp4
OBS-000141,正大乐城,几言茶书房,几言茶书房,茶馆,4.7,129,3F,rated,True,,rated,parsed,rating_anchor,0.9737,0.9947,56,1584,27.034,3F | 🌟🌟⭐🌟🌟 | 4.7 | 茶馆￥129/人,几言茶书房 | 3F | 🌟🌟⭐🌟🌟 | 4.7 | 茶馆￥129/人 | 龙华/西岸茶馆回头客榜第1名 | 茶点丰富精致，茶艺活动多样 | 国茶开会找答案 | 惠￥1￥48 | 【盲盒摇签】茶套餐好搭子,ocr/input_videos\上海__正大乐城__20260825.mp4
OBS-000142,正大乐城,青年公社烤鸭,青年公社烤鸭,烤鸭,4.4,111,3F,rated,True,,rated,parsed,rating_anchor,0.9808,0.9988,55,1584,27.034,3F | 🌟🌟🌟🌟 | 4.4烤鸭￥111/人,青年公社烤鸭 | 青年公社 | 利 | 3F | 🌟🌟🌟🌟 | 4.4烤鸭￥111/人 | 点评榜单 | 徐汇区烤鸭好评榜第2名 | 性价比高，环境优雅，服务态度好” | 2023海鸭特金奖 | ￥373 | ￥309 | 8.3折 | 【京味精选】烤鸭2.. | 惠 | ￥95 | 9.5折 | ￥100100元代金券 | 惠,ocr/input_videos\上海__正大乐城__20260825.mp4
OBS-000143,正大乐城,久久金管家·黄金首饰回收,久久金管家·黄金首饰回收,金银首饰回收,,,B1,new_store,False,new_store,ocr_missing,parsed,metadata_anchor,0.9934,0.9874,57,1584,27.034,新店 | B1 | 金银首饰回收,久久金管家·黄金首饰回收 | 久久金管家 | IUJIUJINHOUSEKEEPER | 新店 | B1 | 金银首饰回收 | 美团战路合作品牌,ocr/input_videos\上海__正大乐城__20260825.mp4
OBS-000144,正大乐城,爱回收,爱回收,手机数码回收,3.0,,1F,rated,True,,rated,parsed,rating_anchor,0.9989,0.9995,58,1620,27.649,⭐🌟⭐⭐⭐ | 1F | 3.0手机数码回收,爱回收 | ? | ⭐🌟⭐⭐⭐ | 1F | 3.0手机数码回收 | 爱回收,ocr/input_videos\上海__正大乐城__20260825.mp4
OBS-000145,正大乐城,锅气·湖南饭店,锅气·湖南饭店,湘菜,4.1,64,1F,rated,True,,rated,parsed,rating_anchor,0.9724,0.9897,51,1620,27.649,4.1湘菜￥64/人 | 1F | 🌟🌟⭐⭐ | ★,锅气·湖南饭店 | 现点现炒 | 4.1湘菜￥64/人 | 1F | 🌟🌟⭐⭐ | ★ | 拒绝预制 | 点评榜单 | 龙华/西岸湘菜回头客榜第5名 | ￥39.86折 | ￥67 | 惠 | 【晚市】 | 招牌菜单人餐 | ￥489.6折 | 惠 | ￥50 | 【晚市】50元代金券,ocr/input_videos\上海__正大乐城__20260825.mp4
OBS-000146,正大乐城,几言茶书房,几言茶书房,茶馆,4.7,129,3F,rated,True,,rated,parsed,rating_anchor,0.964,0.996,58,1620,27.649,4.7茶馆￥129/人 | 3F,几言茶书房 | 4.7茶馆￥129/人 | 3F | 龙华/西岸茶馆回头客榜第1名 | 茶点丰富精致，茶艺活动多样 | 7 | 偶茶开会找答案 | 惠￥1￥48 | 【盲盒摇签】茶套餐好搭子,ocr/input_videos\上海__正大乐城__20260825.mp4
OBS-000147,正大乐城,青年公社烤鸭,青年公社烤鸭,烤鸭,4.4,111,3F,rated,True,,rated,parsed,rating_anchor,0.9716,0.9856,51,1620,27.649,3F | 🌟🌟⭐🌟 | 4.4烤鸭￥111/人,青年公社烤鸭 | 青年公社 | 用 | 3F | 🌟🌟⭐🌟 | 4.4烤鸭￥111/人 | 点评榜单 | 徐汇区烤鸭好评榜第2名 | 性价比高，环境优雅，服务态度好” | 2023海鸭特金奖 | ￥309 | ￥373 | 8.3折 | 惠 | 【京味精选】烤鸭2... | ￥95 | ￥100100元代金券 | 惠 | 9.5折,ocr/input_videos\上海__正大乐城__20260825.mp4
OBS-000148,正大乐城,久久金管家·黄金首饰回收,久久金管家·黄金首饰回收,金银首饰回收,,,B1,new_store,False,new_store,ocr_missing,parsed,metadata_anchor,0.9917,0.9838,51,1620,27.649,新店 | B1 | 金银首饰回收,久久金管家·黄金首饰回收 | 久久金管家 | IUJIUJINHOUSEKEEPER | 新店 | B1 | 金银首饰回收 | 美团战略合作品牌 | 国检测金实时到账,ocr/input_videos\上海__正大乐城__20260825.mp4
OBS-000149,正大乐城,锅气·湖南饭店,锅气·湖南饭店,湘菜,4.1,64,1F,rated,True,,rated,parsed,rating_anchor,0.9717,0.9837,52,1668,28.468,1F | 🌟🌟🌟🌟 | 4.1湘菜￥64/人,锅气·湖南饭店 | 现点现炒 | 1F | 🌟🌟🌟🌟 | 4.1湘菜￥64/人 | 拒绝预制 | 点评榜单 | 龙华/西岸湘菜回头客榜第5名 | ￥39.86折 | ￥67 | 惠 | 【晚市】招牌菜单人餐 | ￥489.6折 | ￥50 | 惠 | 【晚市】50元代金券,ocr/input_videos\上海__正大乐城__20260825.mp4
OBS-000150,正大乐城,几言茶书房,几言茶书房,茶馆,4.7,129,3F,rated,True,,rated,parsed,rating_anchor,0.95,0.9959,58,1668,28.468,3F | 🌈4.7茶馆￥129/人,几言茶书房 | 3F | 🌈4.7茶馆￥129/人 | 龙华/西岸茶馆回头客榜第1名 | 茶点丰富精致，茶艺活动多样 | 国茶开会找答案 | ￥1￥48 | 惠 | 【盲盒摇签】茶套餐好搭子,ocr/input_videos\上海__正大乐城__20260825.mp4
OBS-000151,正大乐城,青年公社烤鸭,青年公社烤鸭,烤鸭,4.4,111,3F,rated,True,,rated,parsed,rating_anchor,0.9756,0.9918,54,1668,28.468,3F | 🌟🌟🌟⭐ | 4.4烤鸭￥111/人 | ★,青年公社烤鸭 | 青年公社 | 8文 | 3F | 🌟🌟🌟⭐ | 4.4烤鸭￥111/人 | ★ | 点评榜单 | 徐汇区烤鸭好评榜第2名 | 性价比，环境优雅，服务态度好” | 2023烤鸭特金奖 | ￥3098.3折 | ￥373 | 惠 | 【京味精选】烤鸭2... | ￥959.5折 | 惠 | ￥100100元代金券,ocr/input_videos\上海__正大乐城__20260825.mp4
OBS-000152,正大乐城,久久金管家·黄金首饰回收,久久金管家·黄金首饰回收,金银首饰回收,,,B1,new_store,False,new_store,ocr_missing,parsed,metadata_anchor,0.9933,0.987,53,1668,28.468,新店 | B1 | 金银首饰回收,久久金管家·黄金首饰回收 | 久久金管家 | IUHUJINHOUSEKEEPER | 新店 | B1 | 金银首饰回收 | 美团战略合作品牌 | 国检测金实时到账 | 惠 | ￥9.9￥99 | 【黄金首饰鉴定检测券-002...,ocr/input_videos\上海__正大乐城__20260825.mp4
OBS-000153,正大乐城,久久金管家·黄金首饰回收,久久金管家·黄金首饰回收,金银首饰回收,,,B1,new_store,False,new_store,ocr_missing,parsed,metadata_anchor,0.9928,0.986,58,1704,29.082,新店 | B1 | 金银首饰回收,久久金管家·黄金首饰回收 | 久久金管家 | IUHUJINHOUSEKEEPER | 新店 | B1 | 金银首饰回收 | 美团战略合作品牌 | 国检测金实时到账 | ￥9.9￥99 | 惠 | 【黄金饰鉴定检测券-002.,ocr/input_videos\上海__正大乐城__20260825.mp4
OBS-000154,正大乐城,霸王茶姬,霸王茶姬,茶饮果汁,4.6,19,1F,rated,True,,rated,parsed,rating_anchor,0.9818,0.9942,60,1704,29.082,1F | 🌟🌟🌟🌟🌟 | 4.6茶饮果汁￥19/人,霸王茶姬 | 1F | 🌟🌟🌟🌟🌟 | 4.6茶饮果汁￥19/人 | CHAGEE | 点评榜单 | 龙华/西岸饮品口味榜第2名 | 服务热情，美食与美景并存的餐厅 | ≤ | ￥189折 | ￥20 | 【新会员专享】伯牙绝弦 | 惠,ocr/input_videos\上海__正大乐城__20260825.mp4
OBS-000155,正大乐城,美思薇MSWISS·11代LPG,美思薇MSWISS·11代LPG,SPA美体,4.7,252,2F,rated,True,,rated,parsed,rating_anchor,0.9755,0.9897,51,1704,29.082,2F | 4.7SPA美体￥252/人,美思薇MSWISS·11代LPG | 2F | 4.7SPA美体￥252/人 | 点评榜单 | 龙华/西岸美容/SPA好评榜第6名 | OUCuT | 量肤定制科技先行 | 皮肤透白护理，环境干净舒适 | “ | ￥1918.4折 | ￥88060分钟深层清洁一.. | 惠,ocr/input_videos\上海__正大乐城__20260825.mp4
OBS-000156,正大乐城,沪上阿姨·精选茶饮,沪上阿姨·精选茶饮,茶饮果汁,3.8,12,B1,rated,True,,rated,parsed,rating_anchor,0.9784,0.9909,54,1704,29.082,B1 | 3.8茶饮果汁￥12/人,沪上阿姨·精选茶饮 | 当·潮漫盗 | B1 | 3.8茶饮果汁￥12/人 | 现磨咖啡 | ￥64.7折 | ￥13 | 惠 | 【七夕加点甜】茉莉奶...,ocr/input_videos\上海__正大乐城__20260825.mp4
OBS-000157,正大乐城,久久金管家·黄金首饰回收,久久金管家·黄金首饰回收,金银首饰回收,,,B1,new_store,False,new_store,ocr_missing,parsed,metadata_anchor,0.9942,0.9888,53,1740,29.697,新店 | B1 | 金银首饰回收,久久金管家·黄金首饰回收 | 久久金管家 | IUJIUJINHOUSEKEEPER | 新店 | B1 | 金银首饰回收 | 美团战略合作品牌 | 国检测金实时到账 | ￥9.9￥99 | 惠 | 【黄金首饰鉴定检测券-002....,ocr/input_videos\上海__正大乐城__20260825.mp4
OBS-000158,正大乐城,霸王茶姬,霸王茶姬,茶饮果汁,4.6,19,1F,rated,True,,rated,parsed,rating_anchor,0.9826,0.9929,56,1740,29.697,1F | 🌟🌟🎉🌟🌟 | 4.6茶饮果汁￥19/人,霸王茶姬 | 1F | 🌟🌟🎉🌟🌟 | 4.6茶饮果汁￥19/人 | CHAGEE | 点评榜单 | 龙华/西岸饮品口味榜第2名 | 服务热情，美食与美景并存的餐厅” | ￥189折 | ￥20 | 惠 | 【新会员专享】伯牙绝弦,ocr/input_videos\上海__正大乐城__20260825.mp4
OBS-000159,正大乐城,美思薇MSWISS·11代LPG,美思薇MSWISS·11代LPG,SPA美体,4.7,252,2F,rated,True,,rated,parsed,rating_anchor,0.9718,0.984,48,1740,29.697,2F | 4.7SPA美体￥252/人,美思薇MSWISS·11代LPG | 2F | 4.7SPA美体￥252/人 | 点评榜单 | 龙华/西岸美容/SPA好评榜第6名 | 皮肤透白护理，环境干净舒适 | 量肤定制科技先行 | ￥1918.4折 | ￥88060分钟深层清洁1. | 惠,ocr/input_videos\上海__正大乐城__20260825.mp4
OBS-000160,正大乐城,沪上阿姨·精选茶饮,沪上阿姨·精选茶饮,茶饮果汁,3.8,12,B1,rated,True,,rated,parsed,rating_anchor,0.9748,0.9854,51,1740,29.697,3.8茶饮果汁￥12/人 | B1,沪上阿姨·精选茶饮 | 当·湖役溢 | ENL | 3.8茶饮果汁￥12/人 | B1 | 现磨咖啡 | ￥64.7折 | 惠 | 【七夕加点甜】茉莉奶... | ￥13,ocr/input_videos\上海__正大乐城__20260825.mp4
OBS-000161,正大乐城,Mr.Bonus博纳仕运动·保龄球·潮...,Mr.Bonus博纳仕运动·保龄球·潮,潮玩综合馆,3.9,88,B1,rated,True,,rated,parsed,rating_anchor,0.9561,0.9445,53,1740,29.697,🌟🌟3.9 | B1 | 潮玩综合馆￥88/人,Mr.Bonus博纳仕运动·保龄球·潮... | MR.BONUS | 暑期狂欢 | 🌟🌟3.9 | B1 | 潮玩综合馆￥88/人 | 人多更优惠 | 龙华/西岸新奇潮玩销量榜第1名 | 2000m国合新道动乐园,ocr/input_videos\上海__正大乐城__20260825.mp4
OBS-000162,正大乐城,久久金管家·黄金首饰回收,久久金管家·黄金首饰回收,金银首饰回收,,,B1,new_store,False,new_store,ocr_missing,parsed,metadata_anchor,0.9925,0.9854,54,1764,30.106,新店 | B1 | 金银首饰回收,久久金管家·黄金首饰回收 | 久久金管家 | IUHUJINHOUSEKEEPER | 新店 | B1 | 金银首饰回收 | 美团战略合作品牌 | 国检测金实时到账 | 惠 | ￥9.9￥99 | 【黄金首饰鉴定检测券-002...,ocr/input_videos\上海__正大乐城__20260825.mp4
OBS-000163,正大乐城,霸王茶姬,霸王茶姬,茶饮果汁,4.6,19,1F,rated,True,,rated,parsed,rating_anchor,0.9458,0.9922,56,1764,30.106,1F | ⭐⭐4.6茶饮果汁￥19/人,霸王茶姬 | 1F | ⭐⭐4.6茶饮果汁￥19/人 | CHAGEE | 点评榜单 | 龙华/西岸饮品口味榜第2名 | 服务热情，美食与美景并存的餐厅” | ￥189折 | ￥20 | 惠 | 【新会员专享】伯牙绝弦,ocr/input_videos\上海__正大乐城__20260825.mp4
OBS-000164,正大乐城,美思薇MSWISS·11代LPG,美思薇MSWISS·11代LPG,SPA美体,4.7,252,2F,rated,True,,rated,parsed,rating_anchor,0.9741,0.9899,48,1764,30.106,2F | 4.7SPA美体￥252/人,美思薇MSWISS·11代LPG | 0品 | 2F | 4.7SPA美体￥252/人 | 点评榜单 | 龙华/西岸美容/SPA好评榜第6名 | UCIUCE | 量肤定制科技先行 | 皮肤透白护理，环境干净舒适 | ￥88060分钟深层清洁|. | ￥1918.4折 | 惠,ocr/input_videos\上海__正大乐城__20260825.mp4
OBS-000165,正大乐城,沪上阿姨·精选茶饮,沪上阿姨·精选茶饮,茶饮果汁,3.8,12,B1,rated,True,,rated,parsed,rating_anchor,0.9771,0.9877,54,1764,30.106,3.8茶饮果汁￥12/人 | B1,沪上阿姨·精选茶饮 | EA | 当·湖漫盗 | EN4OL | 3.8茶饮果汁￥12/人 | B1 | 现磨咖啡 | ￥64.7折 | 惠 | ￥13 | 【七夕加点甜】茉莉奶..,ocr/input_videos\上海__正大乐城__20260825.mp4
OBS-000166,正大乐城,Mr.Bonus博纳仕运动·保龄球·潮...,Mr.Bonus博纳仕运动·保龄球·潮,潮玩综合馆,3.9,88,B1,rated,True,,rated,parsed,rating_anchor,0.9549,0.9432,56,1764,30.106,B1 | ⭐🌟🌟⭐3.9 | 潮玩综合馆￥88/人,Mr.Bonus博纳仕运动·保龄球·潮... | MR.BONUS | 暑期狂欢 | B1 | ⭐🌟🌟⭐3.9 | 潮玩综合馆￥88/人 | 人多更优惠 | 龙华/西岸新奇潮玩销量榜第1名 | 2000m2理合训际国改乐园 | SJO4,ocr/input_videos\上海__正大乐城__20260825.mp4
OBS-000167,正大乐城,Mr.Bonus博纳仕运动·保龄球·潮...,Mr.Bonus博纳仕运动·保龄球·潮,潮玩综合馆,3.9,88,B1,rated,True,,rated,parsed,rating_anchor,0.961,0.9502,55,1848,31.54,🌟🌟🌟⭐ | B1 | 3.9 | 潮玩综合馆￥88/人,Mr.Bonus博纳仕运动·保龄球·潮... | MR.BONUS | 暑期狂欢 | 🌟🌟🌟⭐ | B1 | 3.9 | 潮玩综合馆￥88/人 | 人多更优惠 | 龙华/西岸新奇潮玩销量榜第1名 | 2000m理浦际国动乐团 | 610+ | 适合各年龄段，项目丰富好玩 | ￥1168.6折 | ￥209成人2人通用2小时... | 惠,ocr/input_videos\上海__正大乐城__20260825.mp4
OBS-000168,正大乐城,喜茶,喜茶,茶饮果汁,3.9,20,1F,rated,True,,rated,parsed,rating_anchor,0.9825,0.9965,61,1848,31.54,⭐🌟⭐🌟🌟 | 3.9茶饮果汁￥20/人 | 1F,喜茶 | ⭐🌟⭐🌟🌟 | 3.9茶饮果汁￥20/人 | 1F | “环境优雅，易找好停车，味道出彩 | 惠￥17.59.3折 | ￥19 | 【人气推荐】5选1,ocr/input_videos\上海__正大乐城__20260825.mp4
OBS-000169,正大乐城,麦悠悠·SPA·推拿,麦悠悠·SPA·推拿,推拿养生,4.7,162,商场内,rated,True,,rated,parsed,rating_anchor,0.9547,0.9775,51,1848,31.54,4.7推拿养生￥162/人 | 商场内,麦悠悠·SPA·推拿 | 4.7推拿养生￥162/人 | 商场内 | 麦悠悠养生小馆 | MIIMSSACE | 龙华/西岸推拿养生销量榜第2名 | 全程按摩完美体验，鼾声不断” | 您身秀养生专家 | ≤ | ￥89￥129 | 【舒适体验】30分钟悠悠采.... | 惠,ocr/input_videos\上海__正大乐城__20260825.mp4
OBS-000170,正大乐城,野人先生Gelato,野人先生Gelato,冰淇淋,4.3,28,1F,rated,True,,rated,parsed,rating_anchor,0.9547,0.9988,54,1848,31.54,4.3冰淇淋￥28/人 | 1F,野人先生Gelato | 3683 | 山野 | 颈瑰 | 4.3冰淇淋￥28/人 | 1F | GELATO | B | ￥369.5折 | ￥38 | 惠 | 【任意拼】双拼口味冰..,ocr/input_videos\上海__正大乐城__20260825.mp4
OBS-000171,正大乐城,上海衡铭律师事务所,上海衡铭律师事务所,,4.8,19,商场内,rated,True,,rated,missing,rating_anchor,0.9996,0.9996,48,1848,31.54,商场内 | 4.8法律服务￥19/人,上海衡铭律师事务所 | 百饼菲理 | 老牌律所资深律师 | 商场内 | 4.8法律服务￥19/人 | 对快速当询,ocr/input_videos\上海__正大乐城__20260825.mp4
OBS-000172,正大乐城,Mr.Bonus博纳仕运动·保龄球·潮.,Mr.Bonus博纳仕运动·保龄球·潮.,潮玩综合馆,3.9,88,B1,rated,True,,rated,parsed,rating_anchor,0.9651,0.9637,58,1872,31.95,🌟🌟🌟🌟🌟 | B1 | 3.9 | 潮玩综合馆￥88/人,Mr.Bonus博纳仕运动·保龄球·潮. | MR.BONUS | 暑期狂欢 | 🌟🌟🌟🌟🌟 | B1 | 3.9 | 潮玩综合馆￥88/人 | 人多更优惠 | 龙华/西岸新奇潮玩销量榜第1名 | 2000m2理售浦际国改所园 | 适合各年龄段，项目丰富好玩 | 3 | ￥1168.6折 | ￥209成人2人通用2小时... | 惠,ocr/input_videos\上海__正大乐城__20260825.mp4
OBS-000173,正大乐城,喜茶,喜茶,茶饮果汁,3.9,20,1F,rated,True,,rated,parsed,rating_anchor,0.9729,0.9891,66,1872,31.95,3.9茶饮果汁￥20/人 | 1F,喜茶 | 3.9茶饮果汁￥20/人 | 1F | “环境优雅，易找好停车，味道出彩” | ￥17.59.3折 | ￥19 | 【人气推荐】5选1 | 惠,ocr/input_videos\上海__正大乐城__20260825.mp4
OBS-000174,正大乐城,麦悠悠·SPA·推拿,麦悠悠·SPA·推拿,推拿养生,4.7,162,商场内,rated,True,,rated,parsed,rating_anchor,0.9594,0.9686,51,1872,31.95,4.7推拿养生￥162/人 | 商场内,麦悠悠·SPA·推拿 | 4.7推拿养生￥162/人 | 麦悠悠养生小馆 | 商场内 | HIIXSSSACS | 全180+n店 | 龙华/西岸推拿养生销量榜第2名 | 全程按摩完美体验，鼾声不断” | 您身秀养生专家 | S | ￥89￥129 | 【舒适体验】30分钟悠悠采... | 惠,ocr/input_videos\上海__正大乐城__20260825.mp4
OBS-000175,正大乐城,野人先生Gelato,野人先生Gelato,冰淇淋,4.3,28,1F,rated,True,,rated,parsed,rating_anchor,0.9863,0.9989,48,1872,31.95,1F | 🌟🌟🌟🌟⭐ | 4.3冰淇淋￥28/人,野人先生Gelato | 2 | 山野 | 该瑰 | 1F | 🌟🌟🌟🌟⭐ | 4.3冰淇淋￥28/人 | GELATO | 鄂 | ￥369.5折 | ￥38 | 惠 | 【任意拼】双拼口味冰...,ocr/input_videos\上海__正大乐城__20260825.mp4
OBS-000176,正大乐城,上海衡铭律师事务所,上海衡铭律师事务所,,4.8,19,商场内,rated,True,,rated,missing,rating_anchor,0.9992,0.9992,50,1872,31.95,商场内 | 4.8法律服务￥19/人,上海衡铭律师事务所 | 百饼#荐 | 老牌律所资深律师 | 商场内 | 4.8法律服务￥19/人 | 对快速密询 | 洽谈室隔音好，律师专业疏导 | 3,ocr/input_videos\上海__正大乐城__20260825.mp4
OBS-000177,正大乐城,野人先生Gelato,野人先生Gelato,冰淇淋,4.3,28,1F,rated,True,,rated,parsed,rating_anchor,0.9555,0.9987,54,1944,33.178,4.3冰淇淋￥28/人 | 1F,野人先生Gelato | 山野 | 张瑰 | 4.3冰淇淋￥28/人 | 1F | GELATO | 鄂 | ￥369.5折 | ￥38 | 【任意拼】双拼口味冰... | 惠,ocr/input_videos\上海__正大乐城__20260825.mp4
OBS-000178,正大乐城,上海衡铭律师事务所,上海衡铭律师事务所,,4.8,19,商场内,rated,True,,rated,missing,rating_anchor,0.9997,0.9997,54,1944,33.178,商场内 | 4.8法律服务￥19/人,上海衡铭律师事务所 | 上海结源海车务所 | 点评首 | 老牌律所资深律师 | 商场内 | 4.8法律服务￥19/人 | 一快淘 | “洽谈室隔音好，律师专业疏导” | ￥19.92.1折 | ￥600 | 【电话】新客专享... | 惠,ocr/input_videos\上海__正大乐城__20260825.mp4
OBS-000179,正大乐城,星巴克,星巴克,咖啡,3.8,37,1F,rated,True,,rated,parsed,rating_anchor,0.9728,0.9993,64,1944,33.178,1F | 3.8咖啡￥37/人,星巴克 | 1F | 3.8咖啡￥37/人 | 真茶真奶真爱你 | ￥59.97.7折 | 【爆款推荐】星巴克. | ￥78 | 惠,ocr/input_videos\上海__正大乐城__20260825.mp4
OBS-000180,正大乐城,奇雾镇沉浸剧场·密室,奇雾镇沉浸剧场·密室,密室/沉浸.,4.8,324,B1,rated,True,,rated,parsed,rating_anchor,0.9592,0.9908,54,1944,33.178,4.8密室/沉浸. | ￥324/人B1,奇雾镇沉浸剧场·密室 | 4.8密室/沉浸. | ￥324/人B1 | 点评榜单 | 奇雾镇 | 徐汇区密室/沉浸好评榜第1名 | 密宜港舰· | 精彩绝伦的演绎，机关设计巧妙 | 24小时营业 | 53 | ￥288 | ￥608 | 4.9折 | 【专享】学生券二选一 | 惠,ocr/input_videos\上海__正大乐城__20260825.mp4
OBS-000181,正大乐城,野人先生Gelato,野人先生Gelato,冰淇淋,4.3,28,1F,rated,True,,rated,parsed,rating_anchor,0.9667,0.9989,51,1992,33.998,1F | 4.3冰淇淋￥28/人,野人先生Gelato | 山野 | 张瑰 | 1F | 4.3冰淇淋￥28/人 | GELATO | S | ￥369.5折 | ￥38 | 【任意拼】双拼口味冰... | 惠,ocr/input_videos\上海__正大乐城__20260825.mp4
OBS-000182,正大乐城,上海衡铭律师事务所,上海衡铭律师事务所,,4.8,19,商场内,rated,True,,rated,missing,rating_anchor,0.9997,0.9997,54,1992,33.998,商场内 | 4.8法律服务￥19/人,上海衡铭律师事务所 | 上海结迎海车务海 | 点首 | 老牌律所资深律师 | 商场内 | 4.8法律服务￥19/人 | 一快消询 | “洽谈室隔音好，律师专业疏导” | ￥19.92.1折 | ￥600 | 【电话】新客专享... | 惠,ocr/input_videos\上海__正大乐城__20260825.mp4
OBS-000183,正大乐城,星巴克,星巴克,咖啡,3.8,37,1F,rated,True,,rated,parsed,rating_anchor,0.9436,0.9995,59,1992,33.998,⭐3.8咖啡￥37/人 | 1F,星巴克 | ⭐3.8咖啡￥37/人 | 1F | 真茶真奶真爱你 | ￥59.97.7折 | ￥78 | 【爆款推荐】星巴克... | 惠,ocr/input_videos\上海__正大乐城__20260825.mp4
OBS-000184,正大乐城,奇雾镇沉浸剧场·密室,奇雾镇沉浸剧场·密室,密室/沉浸,4.8,324,B1,rated,True,,rated,parsed,rating_anchor,0.9423,0.9915,54,1992,33.998,⭐⭐⭐⭐4.8密室/沉浸 | ￥324/人B1,奇雾镇沉浸剧场·密室 | ⭐⭐⭐⭐4.8密室/沉浸 | ￥324/人B1 | 点评榜单 | 奇雾镇 | 徐汇区密室/沉浸好评榜第1名 | 密室港舰· | 精彩绝伦的演绎，机关设计巧妙 | 24小时营业 | 3 | ￥288 | 4.9折 | ￥608 | 【专享】学生券二选一 | 惠,ocr/input_videos\上海__正大乐城__20260825.mp4
OBS-000185,正大乐城,野人先生Gelato,野人先生Gelato,冰淇淋,4.3,28,1F,rated,True,,rated,parsed,rating_anchor,0.9796,0.9985,51,2004,34.202,1F | ★🌟★★★ | 4.3冰淇淋￥28/人,野人先生Gelato | 山野 | 张瑰 | 1F | ★🌟★★★ | 4.3冰淇淋￥28/人 | GELATO | 鄂 | ￥369.5折 | ￥38 | 惠 | 【任意拼】双拼口味冰..,ocr/input_videos\上海__正大乐城__20260825.mp4
OBS-000186,正大乐城,上海衡铭律师事务所,上海衡铭律师事务所,,4.8,19,商场内,rated,True,,rated,missing,rating_anchor,0.9997,0.9997,54,2004,34.202,商场内 | 4.8法律服务￥19/人,上海衡铭律师事务所 | 上海结迎海车务海 | 点首 | 商场内 | 老牌律所资深律师 | 4.8法律服务￥19/人 | 一快消询 | “洽谈室隔音好，律师专业疏导” | ￥19.92.1折 | ￥600 | 【电话】新客专享... | 惠,ocr/input_videos\上海__正大乐城__20260825.mp4
OBS-000187,正大乐城,星巴克,星巴克,咖啡,3.8,37,1F,rated,True,,rated,parsed,rating_anchor,0.9484,0.9994,59,2004,34.202,⭐3.8咖啡￥37/人 | 1F,星巴克 | ⭐3.8咖啡￥37/人 | 1F | 真茶真奶真爱你 | ￥59.97.7折 | ￥78 | 【爆款推荐】星巴克.. | 惠,ocr/input_videos\上海__正大乐城__20260825.mp4
OBS-000188,正大乐城,奇雾镇沉浸剧场·密室,奇雾镇沉浸剧场·密室,密室/沉浸,4.8,324,B1,rated,True,,rated,parsed,rating_anchor,0.9664,0.9816,50,2004,34.202,4.8密室/沉浸 | ￥324/人B1,奇雾镇沉浸剧场·密室 | 4.8密室/沉浸 | ￥324/人B1 | 点评榜单 | 奇雾镇 | 徐汇区密室/沉浸好评榜第1名 | 密室酒限 | 精彩绝伦的演绎，机关设计巧妙 | 24小时营业 | 3 | ￥288 | ￥608 | 4.9折 | 惠 | 【专享】学生券二选一,ocr/input_videos\上海__正大乐城__20260825.mp4
OBS-000189,正大乐城,奇雾镇沉浸剧场·密室,奇雾镇沉浸剧场·密室,密室/沉浸...,4.8,324,B1,rated,True,,rated,parsed,rating_anchor,0.914,0.9943,54,2040,34.817,🌟🌟🎉🎉🌟4.8 | ￥324/人B1 | 密室/沉浸...,奇雾镇沉浸剧场·密室 | 🌟🌟🎉🎉🌟4.8 | ￥324/人B1 | 密室/沉浸... | 点评榜单 | 奇雾镇 | 徐汇区密室/沉浸好评榜第1名 | -图室港舰· | 精彩绝伦的演绎，机关设计巧妙 | 24小时营业 | 3 | 3 | ￥288 | 4.9折 | ￥608 | 惠 | 【专享】学生券二选一,ocr/input_videos\上海__正大乐城__20260825.mp4
OBS-000190,正大乐城,瑞幸咖啡,瑞幸咖啡,咖啡,3.9,15,1F,rated,True,,rated,parsed,rating_anchor,0.9721,0.9999,57,2040,34.817,3.9咖啡￥15/人 | 1F,瑞幸咖啡 | 3.9咖啡￥15/人 | 1F | luckin coffee | ￥14.97.1折 | ￥21 | 惠 | 【超大杯】非咖啡5选1,ocr/input_videos\上海__正大乐城__20260825.mp4
OBS-000191,正大乐城,7分甜,7分甜,茶饮果汁,3.9,17,B1,rated,True,,rated,parsed,rating_anchor,0.9798,0.9991,63,2040,34.817,B1 | 3.9茶饮果汁￥17/人,7分甜 | T源 | B1 | 3.9茶饮果汁￥17/人 | 点评榜单 | 龙华/西岸茶饮果汁回头客榜第5名 | 干净环境，服务贴心，性价比超赞 | “ | ￥21 | ￥14.3 | 6.9折 | 【经典热销】芒椰小.. | 惠,ocr/input_videos\上海__正大乐城__20260825.mp4
OBS-000192,正大乐城,M Stand,MStand,咖啡,4.1,29,1F,rated,True,,rated,parsed,rating_anchor,0.9437,0.9319,52,2040,34.817,🌟🌟🌟🌟🌟 | 1F | 4.1咖啡￥29/人,M Stand | 芒果风梨系列上新 | 🌟🌟🌟🌟🌟 | 1F | 4.1咖啡￥29/人 | ￥27.57.3折 | ￥38 | 惠 | 【第一次喝】招牌特.,ocr/input_videos\上海__正大乐城__20260825.mp4
OBS-000193,正大乐城,凯丽养身CleanMassage,凯丽养身CleanMassage,休闲按摩浴,4.6,,2F,rated,True,,rated,parsed,rating_anchor,0.9832,0.9972,68,2040,34.817,4.6休闲按摩浴￥223/2F,凯丽养身CleanMassage | 4.6休闲按摩浴￥223/2F | 龙华/西岸休闲按摩浴销量榜第3名 | 影院式道房间” | “技师手法舒适,ocr/input_videos\上海__正大乐城__20260825.mp4
OBS-000194,正大乐城,奇雾镇沉浸剧场·密室,奇雾镇沉浸剧场·密室,密室/沉浸...,,324,B1,unknown,True,,ocr_missing,parsed,metadata_anchor,0.9232,0.9886,54,2064,35.226,★★★★★ | ￥324/人B1 | 14.8 | 密室/沉浸...,奇雾镇沉浸剧场·密室 | ★★★★★ | ￥324/人B1 | 14.8 | 密室/沉浸... | 点评榜单 | 奇雾镇 | 徐汇区密室/沉浸好评榜第1名 | 密室酒舰 | 精彩绝伦的演绎，机关设计巧妙 | 24小时营业 | J | ￥2884.9折 | ￥608 | 惠 | 【专享】学生券二选一,ocr/input_videos\上海__正大乐城__20260825.mp4
OBS-000195,正大乐城,瑞幸咖啡,瑞幸咖啡,咖啡,3.9,15,1F,rated,True,,rated,parsed,rating_anchor,0.9765,0.9998,59,2064,35.226,3.9咖啡￥15/人 | 1F,瑞幸咖啡 | 3.9咖啡￥15/人 | 1F | luckin coffee | ￥14.97.1折 | ￥21 | 惠 | 【超大杯】非咖啡5选1,ocr/input_videos\上海__正大乐城__20260825.mp4
OBS-000196,正大乐城,7分甜,7分甜,茶饮果汁,3.9,17,B1,rated,True,,rated,parsed,rating_anchor,0.9802,0.999,63,2064,35.226,3.9茶饮果汁￥17/人 | B1,7分甜 | T2 | 3.9茶饮果汁￥17/人 | B1 | 点评榜单 | 龙华/西岸茶饮果汁回头客榜第5名 | 干净环境，服务贴心，性价比超赞 | 力 | “ | ￥21 | ￥14.3 | 6.9折 | 【经典热销】芒椰小.. | 惠,ocr/input_videos\上海__正大乐城__20260825.mp4
OBS-000197,正大乐城,M Stand,MStand,咖啡,4.1,29,1F,rated,True,,rated,parsed,rating_anchor,0.9533,0.9548,52,2064,35.226,🌟🌟🌟🌟⭐ | 1F | 4.1咖啡￥29/人,M Stand | 芒果凤梨系列上新 | 🌟🌟🌟🌟⭐ | 1F | 4.1咖啡￥29/人 | ￥27.57.3折 | ￥38 | 【第一次喝】招牌特. | 惠,ocr/input_videos\上海__正大乐城__20260825.mp4
OBS-000198,正大乐城,凯丽养身CleanMassage,凯丽养身CleanMassage,休闲按摩浴,4.6,,2F,rated,True,,rated,parsed,rating_anchor,0.9779,0.9963,62,2064,35.226,4.6休闲按摩浴￥223/2F,凯丽养身CleanMassage | 凯丽 clean Massage | 4.6休闲按摩浴￥223/2F | 龙华/西岸休闲按摩浴销量榜第3名 | “技师法舒适，影院式道房间,ocr/input_videos\上海__正大乐城__20260825.mp4
OBS-000199,正大乐城,奇雾镇沉浸剧场·密室,奇雾镇沉浸剧场·密室,密室/沉浸...,4.8,324,B1,rated,True,,rated,parsed,rating_anchor,0.9155,0.9922,56,2100,35.841,🌟🌟🌟⭐🌟 | ￥324/人B1 | 4.8 | 密室/沉浸...,奇雾镇沉浸剧场·密室 | 🌟🌟🌟⭐🌟 | ￥324/人B1 | 4.8 | 密室/沉浸... | 点评榜单 | 奇雾镇 | 徐汇区密室/沉浸好评榜第1名 | 一图室港胶· | “精彩绝伦的演绎，机关设计巧妙 | 24小时营业 | 5 | ￥2884.9折 | ￥608 | 【专享】学生券二选一 | 惠,ocr/input_videos\上海__正大乐城__20260825.mp4
OBS-000200,正大乐城,瑞幸咖啡,瑞幸咖啡,咖啡,3.9,15,1F,rated,True,,rated,parsed,rating_anchor,0.9777,0.9999,60,2100,35.841,1F | 3.9咖啡￥15/人,瑞幸咖啡 | 1F | 3.9咖啡￥15/人 | luckin coffee | ￥14.97.1折 | ￥21 | 【超大杯】非咖啡5选1 | 惠,ocr/input_videos\上海__正大乐城__20260825.mp4
OBS-000201,正大乐城,7分甜,7分甜,茶饮果汁,3.9,17,B1,rated,True,,rated,parsed,rating_anchor,0.9848,0.999,64,2100,35.841,⭐🌟🌟🌟🌟 | B1 | 3.9茶饮果汁￥17/人,7分甜 | T | ⭐🌟🌟🌟🌟 | B1 | 3.9茶饮果汁￥17/人 | 点评榜单 | 龙华/西岸茶饮果汁回头客榜第5名 | 干净环境，服务贴心，性价比超赞 | ￥21 | 6.9折 | ￥14.3 | 【经典热销】芒椰小.. | 惠,ocr/input_videos\上海__正大乐城__20260825.mp4
OBS-000202,正大乐城,M Stand,MStand,咖啡,4.1,29,1F,rated,True,,rated,parsed,rating_anchor,0.9314,0.9592,55,2100,35.841,⭐4.1咖啡￥29/人 | 1F,M Stand | 芒果凤梨系列上新 | ⭐4.1咖啡￥29/人 | 1F | 惠￥27.57.3折 | ￥38【 | 【第一次喝】招牌特..,ocr/input_videos\上海__正大乐城__20260825.mp4
OBS-000203,正大乐城,凯丽养身CleanMassage,凯丽养身CleanMassage,休闲按摩足浴,4.6,223,2F,rated,True,,rated,parsed,rating_anchor,0.9631,0.9976,65,2100,35.841,4.6休闲按摩足浴￥223/人2F,凯丽养身CleanMassage | 凯丽 clean Massage | 4.6休闲按摩足浴￥223/人2F | 龙华/西岸休闲按摩足浴销量榜第3名,ocr/input_videos\上海__正大乐城__20260825.mp4
OBS-000204,正大乐城,凯丽养身CleanMassage,凯丽养身CleanMassage,休闲按摩浴,4.6,223,2F,rated,True,,rated,parsed,rating_anchor,0.969,0.9967,62,2172,37.07,4.6休闲按摩浴￥223/人2F,凯丽养身CleanMassage | 凯丽 clean Massage | 4.6休闲按摩浴￥223/人2F | 龙华/西岸休闲按摩浴销量榜第3名 | 技师手法舒适，影院式道房间 | 9 | ￥198￥228疗60分钟含肩颈按摩精... | 惠,ocr/input_videos\上海__正大乐城__20260825.mp4
OBS-000205,正大乐城,FA salon,FAsalon,美发,4.7,420,B1,rated,True,,rated,parsed,rating_anchor,0.9563,0.9876,56,2172,37.07,4.7美发￥420/人 | B1,FA salon | FA | 4.7美发￥420/人 | B1 | 点评榜单 | 龙华/西岸美发好评榜第3名 | 休息中 | 染发技术流，店面简约大” | ￥608.9折 | ￥100 | 惠 | 【一刻·焕颜】洗吹,ocr/input_videos\上海__正大乐城__20260825.mp4
OBS-000206,正大乐城,四海游龙,四海游龙,锅贴,3.9,23,B1,rated,True,,rated,parsed,rating_anchor,0.9687,0.9998,57,2172,37.07,3.9锅贴￥23/人 | B1,四海游龙 | 四海遊龍 | 3.9锅贴￥23/人 | B1 | 点评榜单 | 徐汇区锅贴回头客榜第3名 | 台式调站安息 | 酸辣汤和锅贴，必尝招牌美味 | “ | 7 | ￥248.6折 | ￥28招牌锅贴双拼 | 惠,ocr/input_videos\上海__正大乐城__20260825.mp4
OBS-000207,正大乐城,和府捞面,和府捞面,面馆,3.9,33,B1,rated,True,,rated,parsed,rating_anchor,0.9436,0.9487,56,2172,37.07,3.9面馆￥33/人 | B1,和府捞面 | 3.9面馆￥33/人 | B1 | 点评榜单 | 龙华/西岸面馆销量榜第10名 | 口感劲道，下次还来尝鲜 | “ | 5 | ￥57.2折 | 惠 | 【爆款单品】爆浆芝士香肠 | ￥7 | ￥559.2折 | 惠 | ￥6060元代金券,ocr/input_videos\上海__正大乐城__20260825.mp4
OBS-000208,正大乐城,凯丽养身CleanMassage,凯丽养身CleanMassage,休闲按摩足浴,4.6,223,2F,rated,True,,rated,parsed,rating_anchor,0.9805,0.9954,60,2184,37.275,4.6休闲按摩足浴￥223/人 | 2F,凯丽养身CleanMassage | 凯丽clean Massage | 4.6休闲按摩足浴￥223/人 | 2F | 龙华/西岸休闲按摩足浴销量榜第3名 | 技师手法舒适，影院式足道房间 | 55 | ￥198￥228足疗60分钟含肩颈按摩精.. | 惠,ocr/input_videos\上海__正大乐城__20260825.mp4
OBS-000209,正大乐城,FA salon,FAsalon,美发,4.7,420,B1,rated,True,,rated,parsed,rating_anchor,0.958,0.9721,52,2184,37.275,4.7美发￥420/人 | B1,FA | FA salon | 4.7美发￥420/人 | B1 | 点评榜单 | 龙华/西岸美发好评榜第3名 | ealon | 休息中 | 染发技术一流，店面简约大气 | “ | ￥608.9折 | ￥100 | 惠 | 【一刻·焕颜】洗吹,ocr/input_videos\上海__正大乐城__20260825.mp4
OBS-000210,正大乐城,四海游龙,四海游龙,锅贴,3.9,23,B1,rated,True,,rated,parsed,rating_anchor,0.969,0.9998,59,2184,37.275,B1 | 🌟🌟🌟🌟🌟 | 锅贴￥23/人 | 3.9,四海游龙 | 四海遊龍 | B1 | 🌟🌟🌟🌟🌟 | 锅贴￥23/人 | 3.9 | 点评榜单 | 徐汇区锅贴回头客榜第3名 | 台式贴奇家 | 酸辣汤和锅贴，必尝招牌美味 | ￥248.6折 | 惠 | ￥28招牌锅贴双拼,ocr/input_videos\上海__正大乐城__20260825.mp4
OBS-000211,正大乐城,和府捞面,和府捞面,面馆,3.9,33,B1,rated,True,,rated,parsed,rating_anchor,0.9545,0.9634,55,2184,37.275,🌟🌟🌟🌟🌟 | B1 | 面馆￥33/人 | 3.9,和府捞面 | 骨汤鲜熬 | 🌟🌟🌟🌟🌟 | B1 | 浇公生煲 | 面馆￥33/人 | 3.9 | 点评榜单 | 龙华/西岸面馆销量榜第10名 | 感劲道，下次还来尝鲜” | S | ￥57.2折 | 惠 | 【爆款单品】爆浆芝士香肠 | ￥7 | 惠 | ￥559.2折 | ￥6060元代金券,ocr/input_videos\上海__正大乐城__20260825.mp4
OBS-000212,正大乐城,凯丽养身CleanMassage,凯丽养身CleanMassage,休闲按摩足浴,4.6,223,2F,rated,True,,rated,parsed,rating_anchor,0.9775,0.9971,63,2232,38.094,4.6休闲按摩足浴￥223/人 | 2F,凯丽养身CleanMassage | 凯 clean Massge | 4.6休闲按摩足浴￥223/人 | 2F | 龙华/西岸休闲按摩足浴销量榜第3名 | 技师手法舒适，影院式足道房间 | ￥198￥228足疗60分钟含肩颈按摩精.. | 惠,ocr/input_videos\上海__正大乐城__20260825.mp4
OBS-000213,正大乐城,FA salon,FAsalon,美发,4.7,420,B1,rated,True,,rated,parsed,rating_anchor,0.9537,0.9745,52,2232,38.094,4.7美发￥420/人 | B1,FA salon | FA | 4.7美发￥420/人 | B1 | 点评榜单 | 龙华/西岸美发好评榜第3名 | ealon | 休息中 | 染发技术一流，店面简约大气” | ￥608.9折 | ￥100 | 【一刻·焕颜】洗吹 | 惠,ocr/input_videos\上海__正大乐城__20260825.mp4
OBS-000214,正大乐城,四海游龙,四海游龙,锅贴,3.9,23,B1,rated,True,,rated,parsed,rating_anchor,0.9755,0.9998,56,2232,38.094,🌟🌟🎉🌟🌟 | B1 | 锅贴￥23/人 | 3.9,四海游龙 | 四海遊龍 | 🌟🌟🎉🌟🌟 | B1 | 锅贴￥23/人 | 3.9 | 点评榜单 | 徐汇区锅贴回头客榜第3名 | 台式锅贴专家 | 酸辣汤和锅贴，必尝招牌美味 | ￥248.6折 | ￥28招牌锅贴双拼 | 惠,ocr/input_videos\上海__正大乐城__20260825.mp4
OBS-000215,正大乐城,和府捞面,和府捞面,面馆,3.9,33,B1,rated,True,,rated,parsed,rating_anchor,0.9261,0.9131,53,2232,38.094,🌟🌟🌟🌟 | B1 | 面馆￥33/人 | 3.9,和府捞面 | 骨汤鲜熬 | 疾头生烫 | 🌟🌟🌟🌟 | B1 | 面馆￥33/人 | 3.9 | 点评榜单 | 龙华/西岸面馆销量榜第10名 | 口感劲道，下次还来尝鲜 | “ | ￥57.2折 | 惠 | ￥7 | 【爆款单品】爆浆芝士香肠 | ￥559.2折 | 惠 | ￥6060元代金券,ocr/input_videos\上海__正大乐城__20260825.mp4
OBS-000216,正大乐城,SHUA舒华健身,SHUA舒华健身,健身房,4.3,663,商场内,rated,True,,rated,parsed,rating_anchor,0.9813,0.9992,48,2232,38.094,🌟🌟⭐⭐ | 商场内 | 健身房￥663/人 | 4.3,60. | 多舒华健具 | SHUA舒华健身 | G6天续航卡 | 🌟🌟⭐⭐ | 商场内 | 健身房￥663/人 | 4.3,ocr/input_videos\上海__正大乐城__20260825.mp4
OBS-000217,正大乐城,FA salon,FAsalon,美发,4.7,420,B1,rated,True,,rated,parsed,rating_anchor,0.9529,0.9752,56,2268,38.708,4.7美发￥420/人 | B1,FA salon | FA | 4.7美发￥420/人 | B1 | 点评榜单 | 龙华/西岸美发好评榜第3名 | oalon | 休息中 | 染发技术一流，店面简约大” | ￥608.9折 | ￥100 | 惠 | 【一刻·焕颜】洗吹,ocr/input_videos\上海__正大乐城__20260825.mp4
OBS-000218,正大乐城,四海游龙,四海游龙,锅贴,3.9,23,B1,rated,True,,rated,parsed,rating_anchor,0.9731,0.9997,55,2268,38.708,🌟🌟🌟🌟🌟 | B1 | 锅贴￥23/人 | 3.9,四海游龙 | 四海逃龍 | 🌟🌟🌟🌟🌟 | B1 | 锅贴￥23/人 | 3.9 | 点评榜单 | 徐汇区锅贴回头客榜第3名 | 台式锅贴专家 | 酸辣汤和锅贴，必尝招牌美味 | ￥248.6折 | 惠 | ￥28招牌锅贴双拼,ocr/input_videos\上海__正大乐城__20260825.mp4
OBS-000219,正大乐城,和府捞面,和府捞面,面馆,3.9,33,B1,rated,True,,rated,parsed,rating_anchor,0.9384,0.9278,53,2268,38.708,⭐🌟🌟🌟 | B1 | 3.9 | 面馆￥33/人,和府捞面 | 骨汤鲜熬 | ⭐🌟🌟🌟 | 疾头生烫 | B1 | 3.9 | 面馆￥33/人 | 点评榜单 | 龙华/西岸面馆销量榜第10名 | 口感劲道，下次还来尝鲜 | “ | ￥57.2折 | 惠 | ￥7 | 【爆款单品】爆浆芝士香肠 | ￥559.2折 | 惠 | ￥6060元代金券,ocr/input_videos\上海__正大乐城__20260825.mp4
OBS-000220,正大乐城,SHUA舒华健身,SHUA舒华健身,健身房,4.3,663,商场内,rated,True,,rated,parsed,rating_anchor,0.9841,0.9993,48,2268,38.708,🌟🌟⭐⭐ | 4.3健身房￥663/人 | 商场内,60. | SHUA舒华健身 | 舒华健身 | G6天续航卡 | 🌟🌟⭐⭐ | 4.3健身房￥663/人 | 商场内 | 低至6折起 | 龙华/西岸健身中心销量榜第7名 | 服时碰种 | “设备新且齐全，教练专业细” | （ | s,ocr/input_videos\上海__正大乐城__20260825.mp4
OBS-000221,正大乐城,SHUA舒华健身,SHUA舒华健身,健身房,4.3,663,商场内,rated,True,,rated,parsed,rating_anchor,0.979,0.9983,54,2292,39.118,🌟🌟🌟🌟 | 商场内 | 4.3 | 健身房￥663/人 | ★,60. | SHUA舒华健身 | 好华证身 | TIL | 🌟🌟🌟🌟 | G6天续航卡 | 商场内 | 4.3 | 健身房￥663/人 | ★ | 低至6折起 | 龙华/西岸健身中心销量榜第7名 | 保时福科 | 设备新且齐全，教练专业细心” | t | 惠￥19.9￥59 | 【新客体验】自助健身次卡.,ocr/input_videos\上海__正大乐城__20260825.mp4
OBS-000222,正大乐城,东方麒麟·潘多拉SALON,东方麒麟·潘多拉SALON,美发,4.6,224,1F,rated,True,,rated,parsed,rating_anchor,0.9583,0.9908,50,2292,39.118,4.6美发￥224/人 | 1F,东方麒麟·潘多拉SALON | 卫 | 4.6美发￥224/人 | 1F | 限选品质美发 | 自大 | 点评榜单 | 龙华/西岸美发热门榜第4名 | 2026臻选发廊 | 工作人员有礼貌不推销，剪发效果满意 | C | ￥66￥78 | 【专享】高级定制裁剪造型(... | 惠,ocr/input_videos\上海__正大乐城__20260825.mp4
OBS-000223,正大乐城,老乡鸡,老乡鸡,快餐简餐,3.8,28,B1,rated,True,,rated,parsed,rating_anchor,0.9766,0.9999,58,2292,39.118,3.8快餐简餐￥28/人 | B1,老乡鸡 | 透明溯源 | 3.8快餐简餐￥28/人 | B1 | 健康安心 | 外卖小哥定点食堂，饿时美味加倍” | 老乡鸡 | ￥17.9 | 7.5折 | ￥24 | 【品牌新人礼】小炒. | 惠,ocr/input_videos\上海__正大乐城__20260825.mp4
OBS-000224,正大乐城,牛敢鲜贵州酸汤牛肉粉,牛敢鲜贵州酸汤牛肉粉,米粉,3.9,32,B1,rated,True,,rated,parsed,rating_anchor,0.9405,0.989,53,2292,39.118,B1 | 3.9米粉￥32/人,牛敢鲜贵州酸汤牛肉粉 | B1 | 3.9米粉￥32/人 | 川辣拌粉，辣鲜十足，回味无穷 | 惠 | ￥23.99折 | ￥26.8 | 【新客专享】大片牛..,ocr/input_videos\上海__正大乐城__20260825.mp4
OBS-000225,正大乐城,SHUA舒华健身,SHUA舒华健身,健身房,4.3,663,商场内,rated,True,,rated,parsed,rating_anchor,0.98,0.9985,51,2340,39.937,商场内 | 🌟🌟🌟🌟 | 健身房￥663/人 | 4.3 | ★,60 | SHUA舒华健身 | 舒华健身 | G6天续航卡 | 商场内 | 🌟🌟🌟🌟 | 健身房￥663/人 | 4.3 | ★ | 低至6折起 | 龙华/西岸健身中心销量榜第7名 | 联福科 | 设备新且齐全，教练专业细心” | C | ￥19.9￥59 | 惠 | 【新客体验】自助健身次卡..,ocr/input_videos\上海__正大乐城__20260825.mp4
OBS-000226,正大乐城,东方麒麟·潘多拉SALON,东方麒麟·潘多拉SALON,美发,4.6,224,1F,rated,True,,rated,parsed,rating_anchor,0.9665,0.9755,47,2340,39.937,1F | 🌟🌟🌟🌟🌟 | 4.6美发￥224/人,东方麒麟·潘多拉SALON | P | 1F | 🌟🌟🌟🌟🌟 | 4.6美发￥224/人 | 绩选品质美发 | 大 | 点评榜单 | 龙华/西岸美发热门榜第4名 | 2026臻选发廊 | 工作人员有礼貌不推销，剪发效果满意 | ￥66￥78 | 【专享】高级定制裁剪造型 | 惠 | (..,ocr/input_videos\上海__正大乐城__20260825.mp4
OBS-000227,正大乐城,老乡鸡,老乡鸡,快餐简餐,3.8,28,B1,rated,True,,rated,parsed,rating_anchor,0.9608,0.9999,55,2340,39.937,3.8快餐简餐￥28/人 | B1,老乡鸡 | 透明溯源 | 健康安心 | 3.8快餐简餐￥28/人 | B1 | 外卖小哥定点食堂，饿时美味加倍 | 老乡鸡 | ￥17.9 | 7.5折 | ￥24 | 【品牌新人礼】小炒. | 惠,ocr/input_videos\上海__正大乐城__20260825.mp4
OBS-000228,正大乐城,牛敢鲜贵州酸汤牛肉粉,牛敢鲜贵州酸汤牛肉粉,米粉,3.9,32,B1,rated,True,,rated,parsed,rating_anchor,0.9074,0.9279,47,2340,39.937,B1 | ★3.9米粉￥32/人,牛敢鲜贵州酸汤牛肉粉 | 牛敢鲜贵州酸汤牛肉粉 | 贵州酸汤平肉 | 中数鲜 | B1 | ★3.9米粉￥32/人 | 川辣拌粉，辣鲜十足，回味无穷 | 5 | 慢熬十小时 | ￥23.99折 | ￥26.8 | 【新客专享】.. | 惠,ocr/input_videos\上海__正大乐城__20260825.mp4
OBS-000229,正大乐城,长风拨筋养身,长风拨筋养身,休闲按摩浴,4.7,158,2F,rated,True,,rated,parsed,rating_anchor,0.9723,0.9905,48,2340,39.937,⭐🌟⭐⭐🌟 | 休闲按摩浴￥158/人2F | 4.7,拨筋 | 长风拨筋养身 | ⭐🌟⭐⭐🌟 | 休闲按摩浴￥158/人2F | 4.7 | 筋 | 龙华/西岸休闲按摩足浴销量榜第9名 | 养身 | 夏三伏拨筋节 | 头部肩颈按摩，满血复活效果好 | 5,ocr/input_videos\上海__正大乐城__20260825.mp4
OBS-000230,正大乐城,东方麒麟·潘多拉SALON,东方麒麟·潘多拉SALON,美发,4.6,224,1F,rated,True,,rated,parsed,rating_anchor,0.9713,0.9933,54,2460,41.985,1F | 4.6美发￥224/人,东方麒麟·潘多拉SALON | 卫 | 1F | 4.6美发￥224/人 | 项选品质美发 | 大0 | 点评榜单 | 龙华/西岸美发热门榜第4名 | 2026臻选发廊 | 工作人员有礼貌不推销，剪发效果满意 | F | ￥66￥78 | 惠 | 【专享】高级定制裁剪造型(..,ocr/input_videos\上海__正大乐城__20260825.mp4
OBS-000231,正大乐城,老乡鸡,老乡鸡,快餐简餐,3.8,28,B1,rated,True,,rated,parsed,rating_anchor,0.9734,0.9999,63,2460,41.985,3.8快餐简餐￥28/人 | B1,老乡鸡 | 透明溯源 | 3.8快餐简餐￥28/人 | B1 | 健康安心 | 外卖小哥定点食堂，饿时美味加倍 | 老乡鸡 | ￥17.97.5折 | 惠 | ￥24 | 【品牌新人礼】小炒.,ocr/input_videos\上海__正大乐城__20260825.mp4
OBS-000232,正大乐城,牛敢鲜贵州酸汤牛肉粉,牛敢鲜贵州酸汤牛肉粉,米粉,3.9,32,B1,rated,True,,rated,parsed,rating_anchor,0.9663,0.9941,56,2460,41.985,3.9米粉￥32/人 | B1,牛敢鲜贵州酸汤牛肉粉 | 牛敢鲜贵州酸汤牛肉粉 | 牛欧票 | 3.9米粉￥32/人 | B1 | 2 | 川辣拌粉，辣鲜十足，回味无穷 | 百厅鲜牛骨 | 安州 | 慢熬十小時 | 凤味 | ￥23.99折 | ￥26.8 | 【新客专享】大片牛.. | 惠,ocr/input_videos\上海__正大乐城__20260825.mp4
OBS-000233,正大乐城,长风拨筋养身,长风拨筋养身,休闲按摩浴,4.7,,2F,rated,True,,rated,parsed,rating_anchor,0.9854,0.9939,54,2460,41.985,4.7休闲按摩浴￥158/2F,拨筋 | 长风拨筋养身 | 4.7休闲按摩浴￥158/2F | 筋 | 龙华/西岸休闲按摩足浴销量榜第9名 | 养身 | 夏三伏拨筋节 | 头部肩颈按摩，满血复活效果好 | ≤ | ￥1388.3折 | ￥169肩颈拨筋|直击酸... | 惠,ocr/input_videos\上海__正大乐城__20260825.mp4
OBS-000234,正大乐城,东方麒麟·潘多拉SALON,东方麒麟·潘多拉SALON,美发,4.6,224,1F,rated,True,,rated,parsed,rating_anchor,0.9685,0.991,51,2484,42.395,1F | 4.6美发￥224/人,东方麒麟·潘多拉SALON | 卫 | 1F | 4.6美发￥224/人 | 项选品质美发 | 大0 | 点评榜单 | 龙华/西岸美发热门榜第4名 | 2026臻选发廊 | 工作人员有礼貌不推销，剪发效果满意 | F | ￥66￥78 | 惠 | 【专享】高级定制裁剪造型(...,ocr/input_videos\上海__正大乐城__20260825.mp4
OBS-000235,正大乐城,老乡鸡,老乡鸡,快餐简餐,3.8,28,B1,rated,True,,rated,parsed,rating_anchor,0.9768,0.9999,65,2484,42.395,3.8快餐简餐￥28/人 | B1,老乡鸡 | 透明溯源 | 3.8快餐简餐￥28/人 | B1 | 健康安心 | 外卖小哥定点食堂，饿时美味加倍 | 老乡鸡 | ￥17.97.5折 | 惠 | ￥24 | 【品牌新人礼】小炒.,ocr/input_videos\上海__正大乐城__20260825.mp4
OBS-000236,正大乐城,牛敢鲜贵州酸汤牛肉粉,牛敢鲜贵州酸汤牛肉粉,米粉,3.9,32,B1,rated,True,,rated,parsed,rating_anchor,0.9645,0.9886,51,2484,42.395,3.9米粉￥32/人 | B1,牛敢鲜贵州酸汤牛肉粉 | 牛敢鲜贵州酸汤牛肉粉 | 牛欧 | 3.9米粉￥32/人 | B1 | 川辣拌粉，辣鲜十足，回味无穷 | 百厅鲜牛骨 | 资州 | 慢熬十小時 | 凤味 | ￥23.99折 | ￥26.8 | 惠 | 【新客专享】大片牛..,ocr/input_videos\上海__正大乐城__20260825.mp4
OBS-000237,正大乐城,长风拨筋养身,长风拨筋养身,休闲按摩足浴,4.7,158,2F,rated,True,,rated,parsed,rating_anchor,0.9767,0.9973,51,2484,42.395,4.7休闲按摩足浴￥158/人2F,拨筋 | 长风拨筋养身 | 4.7休闲按摩足浴￥158/人2F | 筋 | 龙华/西岸休闲按摩足浴销量榜第9名 | 养身 | 夏三伏拨筋节 | 头部肩颈按摩，满血复活效果好 | ≤ | ￥138 | ￥169肩颈拨筋|直击酸.. | 8.3折 | 惠,ocr/input_videos\上海__正大乐城__20260825.mp4
OBS-000238,正大乐城,东方麒麟·潘多拉SALON,东方麒麟·潘多拉SALON,美发,4.6,224,1F,rated,True,,rated,parsed,rating_anchor,0.963,0.9916,48,2520,43.009,4.6美发￥224/人 | 1F,东方麒麟·潘多拉SALON | 卫 | 4.6美发￥224/人 | 1F | 选品质美发 | 点评榜单 | 龙华/西岸美发热门榜第4名 | 2026臻选发廊 | 工作人员有礼貌不推销，剪发效果满意 | ￥66￥78 | 惠 | 【专享】高级定制裁剪造型 | (.,ocr/input_videos\上海__正大乐城__20260825.mp4
OBS-000239,正大乐城,老乡鸡,老乡鸡,快餐简餐,3.8,28,B1,rated,True,,rated,parsed,rating_anchor,0.9782,0.9999,60,2520,43.009,B1 | 3.8快餐简餐￥28/人,老乡鸡 | 透明溯源 | B1 | 健康安心 | 3.8快餐简餐￥28/人 | 外卖小哥定点食堂，饿时美味加倍 | 力 | 老乡鸡 | ￥17.97.5折 | ￥24 | 惠 | 【品牌新人礼】小炒.,ocr/input_videos\上海__正大乐城__20260825.mp4
OBS-000240,正大乐城,牛敢鲜贵州酸汤牛肉粉,牛敢鲜贵州酸汤牛肉粉,米粉,3.9,32,B1,rated,True,,rated,parsed,rating_anchor,0.9665,0.9935,47,2520,43.009,3.9米粉￥32/人 | B1,牛敢鲜贵州酸汤牛肉粉 | 牛敢鲜贵州酸汤牛肉粉 | 牛数牌 | 3.9米粉￥32/人 | B1 | 川辣拌粉，辣鲜十足，回味无穷 | 3 | 百庁鲜牛骨 | 资州 | 慢熬十小时 | 田味 | ￥23.99折 | ￥26.8 | 惠 | 【新客专享】大片牛..,ocr/input_videos\上海__正大乐城__20260825.mp4
OBS-000241,正大乐城,长风拨筋养身,长风拨筋养身,休闲按摩足浴,4.7,158,2F,rated,True,,rated,parsed,rating_anchor,0.9859,0.9978,51,2520,43.009,⭐🌟4.7 | 、2F | 休闲按摩足浴￥158/人,拨筋 | 长风拨筋养身 | ⭐🌟4.7 | 、2F | 休闲按摩足浴￥158/人 | 龙华/西岸休闲按摩足浴销量榜第9名 | 养身 | 夏三伏拨筋节 | 头部肩颈按摩，满血复活效果好 | ￥1388.3折 | ￥169 | 惠 | 肩颈拨筋Ⅰ直击酸..,ocr/input_videos\上海__正大乐城__20260825.mp4
OBS-000242,正大乐城,法国爱丽舍SKIN ELYSEES・科技...,法国爱丽舍SKINELYSEES·科技,SPA美体,4.2,434,2F,rated,True,,rated,parsed,rating_anchor,0.9456,0.9159,51,2520,43.009,2F | ⭐🌟⭐⭐ | 4.2SPA美体￥434/人,法国爱丽舍SKIN ELYSEES・科技... | 2F | ⭐🌟⭐⭐ | 4.2SPA美体￥434/人,ocr/input_videos\上海__正大乐城__20260825.mp4
OBS-000243,正大乐城,牛敢鲜贵州酸汤牛肉粉,牛敢鲜贵州酸汤牛肉粉,米粉,3.9,32,B1,rated,True,,rated,parsed,rating_anchor,0.9443,0.9896,54,2532,43.214,3.9米粉￥32/人 | B1,牛敢鲜贵州酸汤牛肉粉 | 牛歌鲜贵州酸汤牛肉粉 | 费利胞汤牛内您 | 3.9米粉￥32/人 | B1 | 川辣拌粉，辣鲜，回味穷 | 55 | 百厅鲜牛骨 | 慢熬十小町 | ￥23.99折 | ￥26.8 | 【新客专享】.. | 惠,ocr/input_videos\上海__正大乐城__20260825.mp4
OBS-000244,正大乐城,长风拨筋养身,长风拨筋养身,休闲按摩浴158/,4.7,,2F,rated,True,,rated,parsed,rating_anchor,0.9497,0.9861,52,2532,43.214,4.7 休闲按摩浴158/ 2F,拨筋 | 长风拨筋养身 | 4.7 休闲按摩浴158/ 2F | 市 | 龙华/西岸休闲按摩浴销量榜第9名 | 养身 | 夏三伏拨筋节 | 头部肩颈按摩，满血复活效果好 | “ | ￥1388.3折 | ￥169肩颈拨筋|直击酸.. | 惠,ocr/input_videos\上海__正大乐城__20260825.mp4
OBS-000245,正大乐城,法国爱丽舍SKIN ELYSEES·科技...,法国爱丽舍SKINELYSEES·科技,SPA美体,4.2,434,2F,rated,True,,rated,parsed,rating_anchor,0.9388,0.9233,57,2532,43.214,2F | 4.2SPA美体￥434/人,法国爱丽舍SKIN ELYSEES·科技... | 2F | 4.2SPA美体￥434/人 | 龙华/西岸美容美体回头客榜第5名 | 品质严选·科技焕肤 | 官方授权·正品原液 | 环境温馨ins风，深层清洁超仔细 | 1 | 惠￥2737.2折 | ￥880全面部修护护理夏...,ocr/input_videos\上海__正大乐城__20260825.mp4
OBS-000246,正大乐城,必胜汉堡,必胜汉堡,西式快餐,,31,B1,new_store,False,new_store,ocr_missing,parsed,metadata_anchor,0.9765,0.9991,63,2532,43.214,新店 | B1 | 西式快餐￥31/人,必胜汉堡 | 新店 | B1 | 西式快餐￥31/人 | ￥356.1折 | ￥58明星汉堡买1送1 | 惠,ocr/input_videos\上海__正大乐城__20260825.mp4
OBS-000247,正大乐城,法国爱丽舍SKIN ELYSEES·科技...,法国爱丽舍SKINELYSEES·科技,SPA美体,4.2,434,2F,rated,True,,rated,parsed,rating_anchor,0.9514,0.9438,59,2556,43.623,2F | 4.2SPA美体￥434/人,法国爱丽舍SKIN ELYSEES·科技... | 2F | 4.2SPA美体￥434/人 | 龙华/西岸美容美体回头客榜第5名 | 品质严选·科技焕肤 | 官方授权·正品原液 | 环境温馨ins风，深层清洁超仔细 | ￥2737.2折 | ￥880全面部修护护理夏. | 惠,ocr/input_videos\上海__正大乐城__20260825.mp4
OBS-000248,正大乐城,必胜汉堡,必胜汉堡,西式快餐,,31,B1,new_store,False,new_store,ocr_missing,parsed,metadata_anchor,0.9796,0.9995,55,2556,43.623,新店 | B1 | 西式快餐￥31/人,必胜汉堡 | 庆全国突破 | 新店 | B1 | 西式快餐￥31/人 | 星 | 买1送1 | ￥356.1折 | ￥58明星汉堡买1送1 | 惠,ocr/input_videos\上海__正大乐城__20260825.mp4
OBS-000249,正大乐城,夸父炸串,夸父炸串,炸鸡炸串,3.8,25,B1,rated,True,,rated,parsed,rating_anchor,0.9743,0.9994,57,2556,43.623,3.8炸鸡炸串￥25/人 | B1,夸父炸串 | X48 | 3.8炸鸡炸串￥25/人 | B1 | 8.8 | 【許串部！ | ￥9.95.9折 | 【主食上新】北上广 | ￥16.9 | 惠,ocr/input_videos\上海__正大乐城__20260825.mp4
OBS-000250,正大乐城,凯瑞·可视采耳·头疗,凯瑞·可视采耳·头疗,采耳头疗,4.7,212,2F,rated,True,,rated,parsed,rating_anchor,0.9738,0.9832,54,2556,43.623,🌟🌟🌟💥🌟 | 2F | 4.7 | 采耳头疗￥212/人,凯瑞·可视采耳·头疗 | 凯瑞采耳 | 🌟🌟🌟💥🌟 | 2F | 4.7 | 采耳头疗￥212/人 | 安全爱耳 | 保护听力 | 徐汇区采耳头疗销量榜第1名 | CARE FOA EAFS PROTECT HEARING | 循环冲头肩颈，瞬间放松神经” | 广告 | ￥249￥269 | 【超干净】3D可视采+.. | 惠,ocr/input_videos\上海__正大乐城__20260825.mp4
OBS-000251,正大乐城,法国爱丽舍SKIN ELYSEES·科技...,法国爱丽舍SKINELYSEES·科技,SPA美体,4.2,434,2F,rated,True,,rated,parsed,rating_anchor,0.9569,0.9375,59,2604,44.443,2F | 🌟🌟🎉🌟 | 4.2SPA美体￥434/人 | ★,法国爱丽舍SKIN ELYSEES·科技... | 2F | 🌟🌟🎉🌟 | 4.2SPA美体￥434/人 | ★ | 龙华/西岸美容美体回头客榜第5名 | 品质严选·科技焕肤 | 官方授权·正品原液 | 环境温馨ins风，深层清洁超仔细 | 3 | ￥273 | 7.2折 | ￥880 | 惠 | 全面部修护护理夏...,ocr/input_videos\上海__正大乐城__20260825.mp4
OBS-000252,正大乐城,必胜汉堡,必胜汉堡,西式快餐,,31,B1,new_store,False,new_store,ocr_missing,parsed,metadata_anchor,0.979,0.9994,57,2604,44.443,新店 | B1 | 西式快餐￥31/人,必胜汉堡 | 庆全国突酸 | 新店 | B1 | 西式快餐￥31/人 | 服星量 | 买1送1 | ￥356.1折 | ￥58明星汉堡买1送1 | 惠,ocr/input_videos\上海__正大乐城__20260825.mp4
OBS-000253,正大乐城,夸父炸串,夸父炸串,炸鸡炸串,3.8,25,B1,rated,True,,rated,parsed,rating_anchor,0.9573,0.9997,57,2604,44.443,B1 | ★3.8炸鸡炸串￥25/人,夸父炸串 | 开 | X8 | B1 | ★3.8炸鸡炸串￥25/人 | 8.8 | 炸串节！ | ￥16.9 | 5.9折 | 【主食上新】北上广 | ￥9.9 | 惠,ocr/input_videos\上海__正大乐城__20260825.mp4
OBS-000254,正大乐城,凯瑞·可视采耳·头疗,凯瑞·可视采耳·头疗,采耳头疗,4.7,212,2F,rated,True,,rated,parsed,rating_anchor,0.9924,0.9855,54,2604,44.443,⭐🌟🌟⭐🌟 | 采耳头疗 | 2F | 4.7 | ￥212/人,凯瑞·可视采耳·头疗 | 凯瑞采耳 | ⭐🌟🌟⭐🌟 | 采耳头疗 | 2F | 4.7 | ￥212/人 | 安全爱耳 | 保护听力 | 徐汇区采耳头疗销量榜第1名 | CARE FOR CAFG PROTECT HEAAING | 循环水冲头肩颈，瞬间放松神经” | 广告 | ￥249￥269 | 【超干净】3D可视采耳+… | 惠,ocr/input_videos\上海__正大乐城__20260825.mp4
OBS-000255,正大乐城,M6 SALON,M6SALON,美发,,375,1F,unknown,True,,ocr_missing,parsed,metadata_anchor,0.9444,0.9561,48,2604,44.443,🎉⭐🌟 | 1F | 14.8 | 美发￥375/人,M6 SALON | 🎉⭐🌟 | 1F | M SIX | 14.8 | 美发￥375/人 | 点评榜单 | HAIR SALON | 龙华/西岸美发好评榜第1名,ocr/input_videos\上海__正大乐城__20260825.mp4
OBS-000256,正大乐城,法国爱丽舍SKIN ELYSEES·科技...,法国爱丽舍SKINELYSEES·科技,SPA美体,4.2,434,2F,rated,True,,rated,parsed,rating_anchor,0.9607,0.9478,60,2640,45.057,2F | 🌟🌟🎉🎉 | 4.2SPA美体￥434/人 | ★,法国爱丽舍SKIN ELYSEES·科技... | 2F | 🌟🌟🎉🎉 | 4.2SPA美体￥434/人 | ★ | 龙华/西岸美容美体回头客榜第5名 | 品质严选·科技焕肤 | 官方授权·正品原液 | 环境温馨ins风，深层清洁超仔细 | ￥273 | ￥880全面部修护护理夏... | 7.2折 | 惠,ocr/input_videos\上海__正大乐城__20260825.mp4
OBS-000257,正大乐城,必胜汉堡,必胜汉堡,西式快餐,,31,B1,new_store,False,new_store,ocr_missing,parsed,metadata_anchor,0.981,0.9994,56,2640,45.057,新店 | B1 | 西式快餐￥31/人,必胜汉堡 | 庆全国类破 | 新店 | B1 | 西式快餐￥31/人 | 服星量 | 买1送1 | ￥356.1折 | 惠 | ￥58明星汉堡买1送1,ocr/input_videos\上海__正大乐城__20260825.mp4
OBS-000258,正大乐城,夸父炸串,夸父炸串,炸鸡炸串,3.8,25,B1,rated,True,,rated,parsed,rating_anchor,0.9832,0.9997,57,2640,45.057,B1 | 🌟🌟⭐🌟🌟 | 3.8炸鸡炸串￥25/人,夸父炸串 | x8 | B1 | 🌟🌟⭐🌟🌟 | 3.8炸鸡炸串￥25/人 | 8.8 | 許串节！ | ￥16.9 | 5.9折 | 【主食上新】北上广 | ￥9.9 | 惠,ocr/input_videos\上海__正大乐城__20260825.mp4
OBS-000259,正大乐城,凯瑞·可视采耳·头疗,凯瑞·可视采耳·头疗,采耳头疗,4.7,212,2F,rated,True,,rated,parsed,rating_anchor,0.958,0.9901,57,2640,45.057,4.7 采耳头疗 | 2F | ￥212/人,凯瑞·可视采耳·头疗 | 凯瑞采耳 | 4.7 采耳头疗 | 2F | ￥212/人 | 安全爱耳 | 保护听力 | 徐汇区采耳头疗销量榜第1名 | CANE FON EAJS PHOTECT HEAIIWG | 循环水冲头肩颈，瞬间放松神经” | 厂告 | ￥249￥269 | 【超干净】 | 3D可视采耳+... | 惠,ocr/input_videos\上海__正大乐城__20260825.mp4
OBS-000260,正大乐城,M6 SALON,M6SALON,美发,4.8,375,1F,rated,True,,rated,parsed,rating_anchor,0.963,0.9854,49,2640,45.057,🌟⭐⭐🌟 | 1F | 美发￥375/人 | 4.8,M6 SALON | 🌟⭐⭐🌟 | 1F | M SIX | 美发￥375/人 | 4.8 | HAIR SALON | 点评榜单 | 龙华/西岸美发好评榜第1名 | 剪发效果不错” | “洗头快睡着 | 超100万精致客户优选,ocr/input_videos\上海__正大乐城__20260825.mp4
OBS-000261,正大乐城,M6 SALON,M6SALON,美发,4.8,375,1F,rated,True,,rated,parsed,rating_anchor,0.9559,0.9764,44,2676,45.672,1F | 🌟🌟🌟🌟🌟 | 美发￥375/人 | 4.8,M6 SALON | 1F | 🌟🌟🌟🌟🌟 | 美发￥375/人 | MSIX | 4.8 | 点评榜单 | HAIR SALON | 龙华/西岸美发好评榜第1名 | 洗头快睡着，剪发效果不错 | 超100万精致客户优选 | 5 | “ | ￥125￥128 | 惠 | 资深设计师|精致剪裁设..,ocr/input_videos\上海__正大乐城__20260825.mp4
OBS-000262,正大乐城,SUBWAY赛百味,SUBWAY赛百味,西式快餐,3.9,29,1F,rated,True,,rated,parsed,rating_anchor,0.9735,0.9954,56,2676,45.672,🌟🌟🌟🌟🌟 | 1F | 西式快餐￥29/人 | 3.9,SUBWAY赛百味 | 🌟🌟🌟🌟🌟 | 1F | 西式快餐￥29/人 | 永40-9月1D | 3.9 | 肉肉加料节 | 赛百味拼了！ | 服务热情周到，让用餐体验更愉悦 | “ | ￥31.9 | 6.2折 | 惠 | ￥52香溢金枪鱼双拼三明...,ocr/input_videos\上海__正大乐城__20260825.mp4
OBS-000263,正大乐城,麦当劳,麦当劳,西式快餐,3.9,31,1F,rated,True,,rated,parsed,rating_anchor,0.9661,0.9967,59,2676,45.672,1F | 🌟🌟⭐🌟🌟 | 3.9西式快餐￥31/人,麦当劳 | M | 简心配红证 | 133 | 中事商烫业海字 | 1F | 🌟🌟⭐🌟🌟 | 3.9西式快餐￥31/人 | 丑萌甜筒，好吃的不要不要的” | ￥15.9 | 5.8折 | ￥27.5 | 【百万爆品】麦满... | 惠,ocr/input_videos\上海__正大乐城__20260825.mp4
OBS-000264,正大乐城,天元图文广告,天元图文广告,文印广告,4.4,,1F,rated,True,,rated,parsed,rating_anchor,0.9945,0.9997,51,2676,45.672,1F | ⭐🌟🌟⭐ | 4.4文印广告 | ★,天元图文广告 | 天元图文广告 | 1F | ⭐🌟🌟⭐ | 4.4文印广告 | ★ | 龙华/西岸文印类快照销量榜第2名 | ￥9.9￥20 | 惠 | 【全城一口价】照片打印9.9...,ocr/input_videos\上海__正大乐城__20260825.mp4
OBS-000265,正大乐城,香港半岛月饼,香港半岛月饼,西式快餐,,,B1,unrated,False,explicitly_unrated,unrated,parsed,unrated_anchor,0.9992,0.9993,52,2676,45.672,B1 | 暂无星级 | ★★★★★ | 西式快餐,香港半岛月饼 | B1 | 暂无星级 | ★★★★★ | 西式快餐,ocr/input_videos\上海__正大乐城__20260825.mp4
OBS-000266,正大乐城,M6 SALON,M6SALON,美发,4.8,375,1F,rated,True,,rated,parsed,rating_anchor,0.9674,0.9855,45,2700,46.081,4.8美发￥375/人 | 1F,M6 SALON | 4.8美发￥375/人 | M SIX | 1F | HAIR SALON | 点评榜单 | 龙华/西岸美发好评榜第1名 | 洗头快睡着，剪发效果不错 | 超100万精致客户优选 | ￥125￥128资深设计师|精致剪裁设.. | 惠,ocr/input_videos\上海__正大乐城__20260825.mp4
OBS-000267,正大乐城,SUBWAY赛百味,SUBWAY赛百味,西式快餐,3.9,29,1F,rated,True,,rated,parsed,rating_anchor,0.9732,0.9896,51,2700,46.081,★★★★★ | 西式快餐￥29/人 | 1F | 3.9,SUBWAY赛百味 | O | 本8248-1月14日 | ★★★★★ | 西式快餐￥29/人 | 1F | 3.9 | 肉肉加料节 | 赛百味拼了！ | 服务热情周到，让用餐体验更愉悦 | ￥52香溢金枪鱼双拼三明... | ￥31.9 | 6.2折 | 惠,ocr/input_videos\上海__正大乐城__20260825.mp4
OBS-000268,正大乐城,麦当劳,麦当劳,西式快餐,3.9,31,1F,rated,True,,rated,parsed,rating_anchor,0.9748,0.998,59,2700,46.081,🌟🌟🌟🌟🌟 | 1F | 西式快餐￥31/人 | 3.9,麦当劳 | M | 随心配口工 | 138 | 国 | 本车南更 | 🌟🌟🌟🌟🌟 | 1F | 西式快餐￥31/人 | 3.9 | 丑萌甜筒，好吃的不要不要的 | “ | 园 | 華國國 | 好一 | 日品店 | ￥27.5 | ￥15.9 | 5.8折 | 【百万爆品】麦满.. | 惠,ocr/input_videos\上海__正大乐城__20260825.mp4
OBS-000269,正大乐城,天元图文广告,天元图文广告,文印广告,4.4,,1F,rated,True,,rated,parsed,rating_anchor,0.9996,0.9997,57,2700,46.081,1F | 4.4 | 文印广告 | 🌟🌟🌟⭐,天元图文广告 | 天元图文广告 | 1F | 4.4 | 文印广告 | 🌟🌟🌟⭐ | 龙华/西岸文印类快照销量榜第2名 | ￥9.9￥20 | 【全城一口价】照片打印9.9... | 惠,ocr/input_videos\上海__正大乐城__20260825.mp4
OBS-000270,正大乐城,香港半岛月饼,香港半岛月饼,西式快餐,,,B1,unrated,False,explicitly_unrated,unrated,parsed,unrated_anchor,0.9993,0.9992,52,2700,46.081,★★★★★ | B1 | 暂无星级 | 西式快餐,隔 | 香港半岛月饼 | ★★★★★ | B1 | 暂无星级 | 西式快餐,ocr/input_videos\上海__正大乐城__20260825.mp4
OBS-000271,正大乐城,天元图文广告,天元图文广告,文印广告,4.4,,1F,rated,True,,rated,parsed,rating_anchor,0.999,0.9995,55,2760,47.105,1F | 🌟🌟🌟⭐ | 4.4文印广告,天元图文广告 | 天元图文广告 | 1F | 🌟🌟🌟⭐ | 4.4文印广告 | 龙华/西岸文印类快照销量榜第2名 | ￥9.9￥20 | 惠 | 【全城一口价】照片打印9.9...,ocr/input_videos\上海__正大乐城__20260825.mp4
OBS-000272,正大乐城,香港半岛月饼,香港半岛月饼,西式快餐,,,B1,unrated,False,explicitly_unrated,unrated,parsed,unrated_anchor,0.9983,0.9973,55,2760,47.105,暂无星级 | ★★★★★ | B1 | 西式快餐,香港半岛月饼 | 暂无星级 | ★★★★★ | B1 | 西式快餐 | ￥3686.9折 | ￥541 | 【日期新鲜】香港. | 惠,ocr/input_videos\上海__正大乐城__20260825.mp4
OBS-000273,正大乐城,杏花楼月饼,杏花楼月饼,西式快餐,,85,B1,new_store,False,new_store,ocr_missing,parsed,metadata_anchor,0.9784,0.9961,61,2760,47.105,新店 | B1 | 西式快餐￥85/人,杏花楼月饼 | 老 | 杏 | 樓 | 新店 | B1 | 西式快餐￥85/人 | . | 站创子1851 | 支持全市送货上门 | 惠￥1086.9折 | 【日期新鲜】杏花.. | ￥158,ocr/input_videos\上海__正大乐城__20260825.mp4
OBS-000274,正大乐城,群鹦说·少儿主持·戏剧表演·公众...,群鹦说·少儿主持·戏剧表演·公众,主持表演/模特,4.4,,3F,rated,True,,rated,parsed,rating_anchor,0.9625,0.9315,56,2760,47.105,3F | 🌟🌟⭐⭐ | 4.4主持表演/模特 | ★,群鹦说·少儿主持·戏剧表演·公众... | 少儿主持 | 3-12岁 | 戏剧表演 | 公众演讲 | 3F | 🌟🌟⭐⭐ | 4.4主持表演/模特 | ★ | 即兴表 | 群鹦说 | 点评榜单 | 徐汇区主持表演/模特好评榜第7名 | 环境好设施全，老师有趣又专业 | ￥9.9￥597全城6次课随心学|少儿游.. | 惠,ocr/input_videos\上海__正大乐城__20260825.mp4
OBS-000275,正大乐城,天元图文广告,天元图文广告,文印广告,4.4,,1F,rated,True,,rated,parsed,rating_anchor,0.9993,0.9997,57,2808,47.924,1F | 4.4文印广告 | 🌟🌟🌟⭐,天元图文广告 | 天元图文广告 | 1F | 4.4文印广告 | 🌟🌟🌟⭐ | 龙华/西岸文印类快照销量榜第2名 | ￥9.9￥20 | 惠 | 【全城一口价】照片打印9.9...,ocr/input_videos\上海__正大乐城__20260825.mp4
OBS-000276,正大乐城,香港半岛月饼,香港半岛月饼,西式快餐,,,B1,unrated,False,explicitly_unrated,unrated,parsed,unrated_anchor,0.9943,0.9889,55,2808,47.924,暂无星级 | 西式快餐 | B1 | ★★★★★,厨 | 香港半岛月饼 | 暂无星级 | 西式快餐 | B1 | ★★★★★ | . | ￥3686.9折 | ￥541 | 【日期新鲜】香港.. | 惠,ocr/input_videos\上海__正大乐城__20260825.mp4
OBS-000277,正大乐城,杏花楼月饼,杏花楼月饼,西式快餐,,85,B1,new_store,False,new_store,ocr_missing,parsed,metadata_anchor,0.9792,0.9973,56,2808,47.924,新店 | B1 | 西式快餐￥85/人,杏花楼月饼 | 1 | き | 傑 | 楼 | 新店 | B1 | 西式快餐￥85/人 | 站于1851 | 支持全市送货上门 | ￥1086.9折 | 【日期新鲜】杏花. | ￥158 | 惠,ocr/input_videos\上海__正大乐城__20260825.mp4
OBS-000278,正大乐城,群鹦说·少儿主持·戏剧表演·公众...,群鹦说·少儿主持·戏剧表演·公众,主持表演/模特,4.4,,3F,rated,True,,rated,parsed,rating_anchor,0.9643,0.9343,56,2808,47.924,3F | 🌟🌟⭐⭐ | 4.4主持表演/模特 | ★,群鹦说·少儿主持·戏剧表演·公众... | 少儿主持 | 3-12岁 | 戏剧表演 | 公众演讲 | 3F | 🌟🌟⭐⭐ | 4.4主持表演/模特 | ★ | 即兴表达 | 群鹦说 | 点评榜单 | 徐汇区主持表演/模特好评榜第7名 | 环境好设施全，老师有趣又专业 | ￥9.9￥597全城6次课随心学|少儿游.. | 惠,ocr/input_videos\上海__正大乐城__20260825.mp4
OBS-000279,正大乐城,香港半岛月饼,香港半岛月饼,西式快餐,,,B1,unrated,False,explicitly_unrated,unrated,parsed,unrated_anchor,0.9987,0.998,55,2832,48.334,暂无星级 | 西式快餐 | B1 | ★★★★★,開 | 香港半岛月饼 | 暂无星级 | 西式快餐 | B1 | ★★★★★ | ￥541 | ￥368 | 惠 | 6.9折 | 【日期新鲜】香港.,ocr/input_videos\上海__正大乐城__20260825.mp4
OBS-000280,正大乐城,杏花楼月饼,杏花楼月饼,西式快餐,,85,B1,new_store,False,new_store,ocr_missing,parsed,metadata_anchor,0.9743,0.9963,58,2832,48.334,新店 | B1 | 西式快餐￥85/人,杏花楼月饼 | 杏花楼 | 新店 | B1 | 西式快餐￥85/人 | 0G | DG | JG | 5 | 站子1851 | 支持全市送货上门 | 惠￥1086.9折 | ￥158 | 【日期新鲜】杏花.,ocr/input_videos\上海__正大乐城__20260825.mp4
OBS-000281,正大乐城,群鹦说·少儿主持·戏剧表演·公众...,群鹦说·少儿主持·戏剧表演·公众,主持表演/模特,4.4,,3F,rated,True,,rated,parsed,rating_anchor,0.9512,0.9096,53,2832,48.334,3F | 🌟🌟🌟🎉 | 4.4主持表演/模特 | ★,群鹦说·少儿主持·戏剧表演·公众... | 四儿主持 | 3-12岁 | 戏剧表演 | 公众演讲 | 3F | 🌟🌟🌟🎉 | 4.4主持表演/模特 | ★ | 即兴装达 | 群鹦说 | 点评榜单 | 徐汇区主持表演/模特好评榜第7名 | 环境好设施全，老师有趣又专业 | ￥9.9￥597全城6次课随心学|少游... | 惠,ocr/input_videos\上海__正大乐城__20260825.mp4
OBS-000282,正大乐城,凯丽养身CleanMassage,凯丽养身CleanMassage,休闲按摩浴,4.6,,2F,rated,True,,rated,parsed,rating_anchor,0.9778,0.996,63,2832,48.334,4.6休闲按摩浴￥223/ 2F,凯丽养身CleanMassage | 凯丽 clean Massage | 4.6休闲按摩浴￥223/ 2F | 龙华/西岸休闲按摩足浴销量榜第3名 | 技师手法舒适，影院式足道房间 | ￥198￥228疗60分钟含肩颈按摩精... | 惠,ocr/input_videos\上海__正大乐城__20260825.mp4
OBS-000283,正大乐城,群鹦况·少儿王持·戏剧表演·公众..,群鹦况·少儿王持·戏剧表演·公众,主持表演/模特,4.4,,3F,rated,True,,rated,parsed,rating_anchor,0.8997,0.814,39,2868,48.948,🌟🌟⭐🌟 | 3F | 主持表演/模特 | ￥ | 4.4,3-12岁 | 小王期 | 群鹦况·少儿王持·戏剧表演·公众.. | 赔剧表演 | 公众演讲 | 🌟🌟⭐🌟 | 3F | 主持表演/模特 | ￥ | 4.4 | 即兴表达 | 群鹦说 | 点评榜单 | 徐汇区主持表演/模特好评榜第7名 | 环境好设施全，老师有趣又专业 | ￥9.9￥597全城6次课随心学1少儿游.. | 惠,ocr/input_videos\上海__正大乐城__20260825.mp4
OBS-000284,正大乐城,凯丽养身CleanMassage,凯丽养身CleanMassage,休闲按摩浴,4.6,,2F,rated,True,,rated,parsed,rating_anchor,0.9849,0.9957,61,2868,48.948,4.6休闲按摩浴￥223/2F,凯丽养身CleanMassage | 凯 clean Massage | 4.6休闲按摩浴￥223/2F | 龙华/西岸休闲按摩浴销量榜第3名 | 技师手法舒适，影院式足道房间 | 惠 | ￥198￥228疗60分钟含肩颈按摩精...,ocr/input_videos\上海__正大乐城__20260825.mp4
OBS-000285,正大乐城,萨莉亚意式餐厅,萨莉亚意式餐厅,意大利菜,3.9,48,B1,rated,True,,rated,parsed,rating_anchor,0.9733,0.9978,48,2868,48.948,3.9意大利菜￥48/人 | B1,萨莉亚意式餐厅 | aizeriya | 3.9意大利菜￥48/人 | B1 | arceAarEECaPt | 服务上乘，上菜速度，高性价比 | 意式餐厅 | 萨莉亚,ocr/input_videos\上海__正大乐城__20260825.mp4
OBS-000286,正大乐城,马厂老火锅·夜宵2点,马厂老火锅·夜宵2点,重庆火锅,4.7,124,1F,rated,True,,rated,parsed,rating_anchor,0.9437,0.9819,51,2868,48.948,4.7重庆火锅￥124/人 | 1F,马厂老火锅·夜宵2点 | 全红锅 | 4.7重庆火锅￥124/人 | 1F | 就吃马厂 | 点评榜单 | 龙华/西岸火锅打卡人气榜第4名 | 年卖出200W+口锅 | 营业至凌晨2点 | 环境好服务优，提前约不容错过,ocr/input_videos\上海__正大乐城__20260825.mp4
OBS-000287,正大乐城,美思薇MSWISS·11代LPG,美思薇MSWISS·11代LPG,SPA美体,4.7,252,2F,rated,True,,rated,parsed,rating_anchor,0.9667,0.9862,47,2868,48.948,4.7SPA美体￥252/人 | 2F,美思薇MSWISS·11代LPG | 4.7SPA美体￥252/人 | 2F | 点评榜单 | 龙华/西岸美容/SPA好评榜第6名 | 量肤定制科技先行 | 皮肤透白护理，环境干净舒适 | 4 | ￥191 | ￥88060分钟深层清洁1… | 8.4折 | 惠,ocr/input_videos\上海__正大乐城__20260825.mp4
OBS-000288,正大乐城,群鹦说·少儿主持·戏剧表演·公众...,群鹦说·少儿主持·戏剧表演·公众,主持表演/模特,4.4,,3F,rated,True,,rated,parsed,rating_anchor,0.8918,0.9286,53,2892,49.358,3F | ⭐★★4.4主持表演/模特,群鹦说·少儿主持·戏剧表演·公众... | 3-12岁 | 少儿主持 | 践剧寿演 | 公众演讲 | 3F | ⭐★★4.4主持表演/模特 | 即兴表达 | 群鹦说 | 点评榜单 | 徐汇区主持表演/模特好评榜第7名 | 环境好设施全，老师有趣又专业 | ￥9.9￥597全城6次课随心学1少儿游.. | 惠,ocr/input_videos\上海__正大乐城__20260825.mp4
OBS-000289,正大乐城,凯丽养身CleanMassage,凯丽养身CleanMassage,休闲按摩浴,4.6,223,2F,rated,True,,rated,parsed,rating_anchor,0.9703,0.9947,59,2892,49.358,4.6休闲按摩浴￥223/人2F,凯丽养身CleanMassage | 凯丽 Clean Massage | 4.6休闲按摩浴￥223/人2F | 龙华/西岸休闲按摩足浴销量榜第3名 | 技师手法舒适，影院式足道房间 | 1 | ￥198￥228足疗60分钟含肩颈按摩精... | 惠,ocr/input_videos\上海__正大乐城__20260825.mp4
OBS-000290,正大乐城,萨莉亚意式餐厅,萨莉亚意式餐厅,意大利菜,3.9,48,B1,rated,True,,rated,parsed,rating_anchor,0.9767,0.9946,53,2892,49.358,3.9意大利菜￥48/人 | B1,萨莉亚意式餐厅 | Saizeriya | 3.9意大利菜￥48/人 | B1 | “服务上乘，上菜速度，性价比 | 意式餐厅 | 萨莉亚,ocr/input_videos\上海__正大乐城__20260825.mp4
OBS-000291,正大乐城,马厂老火锅·夜宵2点,马厂老火锅·夜宵2点,重庆火锅,4.7,124,1F,rated,True,,rated,parsed,rating_anchor,0.9657,0.9756,48,2892,49.358,1F | 4.7重庆火锅￥124/人,马厂老火锅·夜宵2点 | 全红锅 | 1F | 4.7重庆火锅￥124/人 | 就吃马厂 | 点评榜单 | 龙华/西岸火锅打卡人气榜第4名 | 年卖出200W+口锅 | 营业至凌晨2点 | 环境好服务优，提前约不容错过,ocr/input_videos\上海__正大乐城__20260825.mp4
OBS-000292,正大乐城,美思薇MSWISS·11代LPG,美思薇MSWISS·11代LPG,SPA美体,4.7,252,2F,rated,True,,rated,parsed,rating_anchor,0.9572,0.9567,47,2892,49.358,4.7SPA美体￥252/人 | 2F,美思薇MSWISS·11代LPG | 0品 | MSaNI | 4.7SPA美体￥252/人 | 2F | 点评榜单 | 龙华/西岸美容/SPA好评榜第6名 | UCZALC | 量肤定制科技先行 | 皮肤透白护理，环境干净舒适 | “ | ￥1918.4折 | 惠 | ￥88060分钟深层清洁1…,ocr/input_videos\上海__正大乐城__20260825.mp4
OBS-000293,正大乐城,凯丽养身CleanMassage,凯丽养身CleanMassage,休闲按摩足浴,4.6,223,2F,rated,True,,rated,parsed,rating_anchor,0.9715,0.9963,58,2940,50.177,4.6休闲按摩足浴￥223/人2F,凯丽养身CleanMassage | 凯丽 clean Massage | 4.6休闲按摩足浴￥223/人2F | 龙华/西岸休闲按摩浴销量榜第3名 | 技师手法舒适，影院式足道房间 | J | ￥198￥228疗60分钟含肩颈按摩精.. | 惠,ocr/input_videos\上海__正大乐城__20260825.mp4
OBS-000294,正大乐城,萨莉亚意式餐厅,萨莉亚意式餐厅,意大利菜,3.9,48,B1,rated,True,,rated,parsed,rating_anchor,0.9727,0.9991,54,2940,50.177,3.9意大利菜￥48/人 | B1,萨莉亚意式餐厅 | aizeriya | 3.9意大利菜￥48/人 | B1 | arcearE t caR | “服务上乘，上菜速度，性价比” | 意式餐厅 | 萨莉亚,ocr/input_videos\上海__正大乐城__20260825.mp4
OBS-000295,正大乐城,马厂老火锅·夜宵2点,马厂老火锅·夜宵2点,重庆火锅,4.7,124,1F,rated,True,,rated,parsed,rating_anchor,0.9669,0.9851,56,2940,50.177,4.7重庆火锅￥124/人 | 1F,马厂老火锅·夜宵2点 | 全红锅 | 4.7重庆火锅￥124/人 | 1F | 就吃马厂 | 点评镑单 | 龙华/西岸火锅打卡人气榜第4名 | 年卖出200W+口锅 | 营业至凌晨2点 | 环境好服务优，提前约不容错过,ocr/input_videos\上海__正大乐城__20260825.mp4
OBS-000296,正大乐城,美思薇MSWISS·11代LPG,美思薇MSWISS·11代LPG,SPA美体,4.7,252,2F,rated,True,,rated,parsed,rating_anchor,0.9752,0.9929,48,2940,50.177,2F | 4.7SPA美体￥252/人,美思薇MSWISS·11代LPG | MGG | QM | 2F | 4.7SPA美体￥252/人 | 点评榜单 | 龙华/西岸美容/SPA好评榜第6名 | UOLEu | 量肤定制科技先行 | 皮肤透白护理，环境干净舒适 | “ | 惠￥1918.4折 | ￥88060分钟深层清洁1….,ocr/input_videos\上海__正大乐城__20260825.mp4
OBS-000297,正大乐城,哥哥の深夜食堂,哥哥の深夜食堂,日本料理,4.6,116,1F,rated,True,,rated,parsed,rating_anchor,0.9686,0.9946,50,2940,50.177,1F | 4.6日本料理￥116/人,哥哥の深夜食堂 | 1F | 4.6日本料理￥116/人 | 深 | 学 | 休息中,ocr/input_videos\上海__正大乐城__20260825.mp4
OBS-000298,正大乐城,美思薇MSWISS·11代LPG,美思薇MSWISS·11代LPG,SPA美体,4.7,252,2F,rated,True,,rated,parsed,rating_anchor,0.9926,0.9891,51,2976,50.792,2F | 🌟🌟🌟🌟🌟 | SPA美体 | ￥252/人 | 4.7,美思薇MSWISS·11代LPG | 2 | 2F | 🌟🌟🌟🌟🌟 | SPA美体 | ￥252/人 | 4.7 | 点评榜单 | 龙华/西岸美容/SPA好评榜第6名 | AEC | 皮肤透白护理，环境干净舒适 | 量肤定制科技先行 | 7 | ￥191 | 惠 | ￥88060分钟深层清洁1. | 8.4折,ocr/input_videos\上海__正大乐城__20260825.mp4
OBS-000299,正大乐城,哥哥の深夜食堂,哥哥の深夜食堂,日本料理,4.6,116,1F,rated,True,,rated,parsed,rating_anchor,0.979,0.9995,51,2976,50.792,1F | 🌟🌟🌟🌟🌟 | 日本料理￥116/人 | 4.6,哥哥の深夜食堂 | 1F | 🌟🌟🌟🌟🌟 | 日本料理￥116/人 | 4.6 | 深食 | 衣 | 休息中,ocr/input_videos\上海__正大乐城__20260825.mp4
OBS-000300,正大乐城,Manner Coffee,MannerCoffee,咖啡,4.1,21,1F,rated,True,,rated,parsed,rating_anchor,0.9508,0.9573,54,2976,50.792,1F | 🌟🌟🌟🌟 | 咖啡￥21/人 | 4.1 | ★,Manner Coffee | 1F | 🌟🌟🌟🌟 | 咖啡￥21/人 | 4.1 | ★ | MANNER,ocr/input_videos\上海__正大乐城__20260825.mp4
OBS-000301,正大乐城,优衣库,优衣库,服饰鞋包,,222,1F,unknown,True,,ocr_missing,parsed,metadata_anchor,0.9815,0.9997,58,2976,50.792,1F | 🌟🌟🌟⭐🌟 | 14.8 | 服饰鞋包￥222/人,优衣库 | UNI | 1F | 🌟🌟🌟⭐🌟 | 14.8 | 服饰鞋包￥222/人 | QLO | 颜色选择超多样，日常穿着舒适百搭,ocr/input_videos\上海__正大乐城__20260825.mp4
OBS-000302,正大乐城,稻香村月饼,稻香村月饼,西式快餐,,,B1,unrated,False,explicitly_unrated,unrated,parsed,unrated_anchor,0.9984,0.9974,55,2976,50.792,暂无星级 | 西式快餐 | B1 | ★★★,稻香村月饼 | a厅 | 暂无星级 | 西式快餐 | B1 | ★★★ | 稻香村 | 支持全市送货上门 | 几言茶书房,ocr/input_videos\上海__正大乐城__20260825.mp4
OBS-000303,正大乐城,美思薇MSWISS·11代LPG,美思薇MSWISS·11代LPG,SPA美体,4.7,252,2F,rated,True,,rated,parsed,rating_anchor,0.9917,0.9886,51,3000,51.201,🌟🌟🎉🌟🌟 | 2F | SPA美体 | ￥252/人 | 4.7,美思薇MSWISS·11代LPG | 🌟🌟🎉🌟🌟 | 2F | SPA美体 | ￥252/人 | 4.7 | 点评榜单 | 龙华/西岸美容/SPA好评榜第6名 | MOUECue | 量肤定制科技先行 | 皮肤透白护理，环境干净舒适 | C | ￥88060分钟深层清洁1. | ￥191 | 8.4折 | 惠,ocr/input_videos\上海__正大乐城__20260825.mp4
OBS-000304,正大乐城,哥哥の深夜食堂,哥哥の深夜食堂,日本料理,4.6,116,1F,rated,True,,rated,parsed,rating_anchor,0.9785,0.9991,52,3000,51.201,1F | 日本料理￥116/人 | 🌟🌟⭐⭐🌟 | 4.6,哥哥の深夜食堂 | 1F | 日本料理￥116/人 | 🌟🌟⭐⭐🌟 | 4.6 | 休息中,ocr/input_videos\上海__正大乐城__20260825.mp4
OBS-000305,正大乐城,Manner Coffee,MannerCoffee,咖啡,4.1,21,1F,rated,True,,rated,parsed,rating_anchor,0.9223,0.9055,57,3000,51.201,⭐🌟⭐⭐ | 1F | 4.1 | 咖啡￥21/人,Manner Coffee | ⭐🌟⭐⭐ | 1F | 4.1 | 咖啡￥21/人 | MANNER,ocr/input_videos\上海__正大乐城__20260825.mp4
OBS-000306,正大乐城,优衣库,优衣库,服饰鞋包,,222,1F,unknown,True,,ocr_missing,parsed,metadata_anchor,0.981,0.9995,57,3000,51.201,★★★★★ | 服饰鞋包￥222/人 | 1F | 14.8,优衣库 | UNI | ★★★★★ | 服饰鞋包￥222/人 | 1F | 14.8 | QLO | 颜色选择超多样，日常穿着舒适百搭,ocr/input_videos\上海__正大乐城__20260825.mp4
OBS-000307,正大乐城,稻香村月饼,稻香村月饼,西式快餐,,,B1,unrated,False,explicitly_unrated,unrated,parsed,unrated_anchor,0.9991,0.9986,55,3000,51.201,B1 | 暂无星级 | 西式快餐 | ★★★,稻香村月饼 | 绍音办 | IXD | B1 | 暂无星级 | 西式快餐 | ★★★ | 稻香村 | 支持全市送货上门,ocr/input_videos\上海__正大乐城__20260825.mp4
OBS-000308,正大乐城,几言茶书房,几言茶书房,茶馆,4.7,129,3F,rated,True,,rated,parsed,rating_anchor,0.9758,0.9968,60,3000,51.201,3F | 🌟🌟🌟🌟🌟 | 茶馆￥129/人 | 4.7,几言茶书房 | 3F | 🌟🌟🌟🌟🌟 | 茶馆￥129/人 | 4.7 | 龙华/西岸茶馆回头客榜第1名 | 茶艺活动多样” | “茶点丰富精致 | 限芯,ocr/input_videos\上海__正大乐城__20260825.mp4
OBS-000309,正大乐城,美思薇MSWISS·11代LPG,美思薇MSWISS·11代LPG,SPA美体,4.7,252,2F,rated,True,,rated,parsed,rating_anchor,0.9926,0.9907,53,3036,51.816,2F | ￥252/人 | ★🌟🌟🌟🌟 | 4.7 | SPA美体,美思薇MSWISS·11代LPG | 2F | ￥252/人 | ★🌟🌟🌟🌟 | 4.7 | SPA美体 | 点评榜单 | 龙华/西岸美容/SPA好评榜第6名 | OUCrurE | 皮肤透白护理，环境干净舒适 | 量肤定制科技先行 | 2 | ￥191 | ￥88060分钟深层清洁1 | 8.4折 | 惠,ocr/input_videos\上海__正大乐城__20260825.mp4
OBS-000310,正大乐城,哥哥の深夜食堂,哥哥の深夜食堂,日本料理,4.6,116,1F,rated,True,,rated,parsed,rating_anchor,0.9797,0.9997,52,3036,51.816,1F | 🌟🌟🌟🌟 | 日本料理￥116/人 | 4.6,哥哥の深夜食堂 | 1F | 🌟🌟🌟🌟 | 日本料理￥116/人 | 4.6 | 夜 | 休息中,ocr/input_videos\上海__正大乐城__20260825.mp4
OBS-000311,正大乐城,Manner Coff ee,MannerCoffee,咖啡,4.1,21,1F,rated,True,,rated,parsed,rating_anchor,0.9203,0.9458,54,3036,51.816,⭐4.1咖啡￥21/人 | 1F,Manner Coff ee | ⭐4.1咖啡￥21/人 | 1F | MANNER,ocr/input_videos\上海__正大乐城__20260825.mp4
OBS-000312,正大乐城,优衣库,优衣库,服饰鞋包,4.8,222,1F,rated,True,,rated,parsed,rating_anchor,0.9874,0.9997,58,3036,51.816,1F | 🌟🌟🌟🌟4.8 | 服饰鞋包￥222/人,优衣库 | UNI | 1F | 🌟🌟🌟🌟4.8 | 服饰鞋包￥222/人 | QLO | 颜色选择超多样，日常穿着舒适百搭,ocr/input_videos\上海__正大乐城__20260825.mp4
OBS-000313,正大乐城,稻香村月饼,稻香村月饼,西式快餐,,,B1,unrated,False,explicitly_unrated,unrated,parsed,unrated_anchor,0.9976,0.9962,59,3036,51.816,B1 | 暂无星级 | 西式快餐 | ★★★★★,稻香村月饼 | 8配0 | B1 | 暂无星级 | 西式快餐 | ★★★★★ | 稻香村 | 支持全市送货上门,ocr/input_videos\上海__正大乐城__20260825.mp4
OBS-000314,正大乐城,几言茶书房,几言茶书房,茶馆,4.7,129,3F,rated,True,,rated,parsed,rating_anchor,0.9775,0.9978,56,3036,51.816,3F | 茶馆￥129/人 | 🌟🌟⭐⭐🌟 | 4.7,几言茶书房 | 3F | 茶馆￥129/人 | 🌟🌟⭐⭐🌟 | 4.7 | 龙华/西岸茶馆回头客榜第1名,ocr/input_videos\上海__正大乐城__20260825.mp4
OBS-000315,正大乐城,美思薇MSWISS·11代LPG,美思薇MSWISS·11代LPG,SPA美体,4.7,252,2F,rated,True,,rated,parsed,rating_anchor,0.9827,0.992,53,3072,52.43,2F | 🌟🌟⭐⭐🌟 | 4.7SPA美体￥252/人,美思薇MSWISS·11代LPG | NSa | 2F | 🌟🌟⭐⭐🌟 | 4.7SPA美体￥252/人 | 点评榜单 | 龙华/西岸美容/SPA好评榜第6名 | DUaurE | 量肤定制科技先行 | 皮肤透白护理，环境干净舒适 | ￥191 | 8.4折 | ￥880 | 60分钟深层清洁一…. | 惠,ocr/input_videos\上海__正大乐城__20260825.mp4
OBS-000316,正大乐城,哥哥の深夜食堂,哥哥の深夜食堂,日本料理,4.6,116,1F,rated,True,,rated,parsed,rating_anchor,0.9789,0.9994,54,3072,52.43,1F | 日本料理￥116/人 | 🌟🌟🌟🌟🌟 | 4.6,哥哥の深夜食堂 | 1F | 日本料理￥116/人 | 🌟🌟🌟🌟🌟 | 4.6 | 夜 | 休息中,ocr/input_videos\上海__正大乐城__20260825.mp4
OBS-000317,正大乐城,Manner Coffee,MannerCoffee,咖啡,4.1,21,1F,rated,True,,rated,parsed,rating_anchor,0.9338,0.9024,54,3072,52.43,⭐🌟⭐⭐ | 4.1咖啡￥21/人 | 1F | ★,Manner Coffee | ⭐🌟⭐⭐ | 4.1咖啡￥21/人 | 1F | ★ | MANNER,ocr/input_videos\上海__正大乐城__20260825.mp4
OBS-000318,正大乐城,优衣库,优衣库,服饰鞋包,,222,1F,unknown,True,,ocr_missing,parsed,metadata_anchor,0.9994,0.9996,59,3072,52.43,1F | ⭐🌟🌟⭐⭐ | 服饰鞋包 | ￥222/人 | 14.8,优衣库 | UNI | 1F | ⭐🌟🌟⭐⭐ | 服饰鞋包 | ￥222/人 | 14.8 | QLO | 颜色选择超多样，日常穿着舒适百搭,ocr/input_videos\上海__正大乐城__20260825.mp4
OBS-000319,正大乐城,稻香村月饼,稻香村月饼,西式快餐,,,B1,unrated,False,explicitly_unrated,unrated,parsed,unrated_anchor,0.9972,0.9955,56,3072,52.43,★★★★★ | 西式快餐 | B1 | 暂无星级,稻香村月饼 | UX | ★★★★★ | 西式快餐 | B1 | 暂无星级 | 稻香村 | 支持全市送货上门,ocr/input_videos\上海__正大乐城__20260825.mp4
OBS-000320,正大乐城,几言茶书房,几言茶书房,茶馆,4.7,129,3F,rated,True,,rated,parsed,rating_anchor,0.9804,0.9963,59,3072,52.43,3F | 🌟🌟🌟🌟🌟 | 茶馆￥129/人 | 4.7,几言茶书房 | 3F | 🌟🌟🌟🌟🌟 | 茶馆￥129/人 | 4.7 | 龙华/西岸茶馆回头客榜第1名 | 茶点丰富精致， | 茶艺活动多样 | 国茶开会找答案,ocr/input_videos\上海__正大乐城__20260825.mp4
OBS-000321,正大乐城,优衣库,优衣库,服饰鞋包,4.8,222,1F,rated,True,,rated,parsed,rating_anchor,0.9853,0.9997,62,3096,52.84,1F | ⭐⭐⭐⭐4.8 | 服饰鞋包￥222/人,优衣库 | UNI | 1F | ⭐⭐⭐⭐4.8 | 服饰鞋包￥222/人 | QLO | 颜色选择超多样，日常穿着舒适百搭,ocr/input_videos\上海__正大乐城__20260825.mp4
OBS-000322,正大乐城,稻香村月饼,稻香村月饼,西式快餐,,,B1,unrated,False,explicitly_unrated,unrated,parsed,unrated_anchor,0.9992,0.999,59,3096,52.84,西式快餐 | 🌟🌟🌟🌟🌟 | 暂无星级 | B1,稻香村月饼 | 8an | ID | 西式快餐 | 🌟🌟🌟🌟🌟 | 暂无星级 | B1 | 稻香村 | 支持全市送货上门,ocr/input_videos\上海__正大乐城__20260825.mp4
OBS-000323,正大乐城,几言茶书房,几言茶书房,茶馆,4.7,129,3F,rated,True,,rated,parsed,rating_anchor,0.9672,0.9961,59,3096,52.84,4.7茶馆￥129/人 | 3F,几言茶书房 | 4.7茶馆￥129/人 | 3F | 龙华/西岸茶馆回头客榜第1名 | 茶点丰富精致，茶艺活动多样 | 国茶开会找答案 | ￥1￥48 | 【盲盒摇签】茶套餐好搭子 | 惠,ocr/input_videos\上海__正大乐城__20260825.mp4
OBS-000324,正大乐城,艾维庭美学SPA,艾维庭美学SPA,SPA美体,4.7,299,3F,rated,True,,rated,parsed,rating_anchor,0.9869,0.9975,52,3096,52.84,3F | 🌟🌟🌟🌟🌟 | 4.7SPA美体￥299/人,艾维庭美学SPA | 3F | 🌟🌟🌟🌟🌟 | 4.7SPA美体￥299/人 | 艾维庭SPA | 龙华/西岸美容美体回头客榜第7名 | 空气净化系统一流，手法专业服务好” | “ | ￥191 | 8.8折 | ￥128060分钟深层清洁|收... | 惠,ocr/input_videos\上海__正大乐城__20260825.mp4
OBS-000325,正大乐城,招商银行,招商银行,营业网点,3.6,,1F,rated,True,,rated,parsed,rating_anchor,0.9996,0.9997,57,3096,52.84,1F | 🌟🌟🌟🌟🌟 | 营业网点 | 3.6,招商银行 | 育日 | 1F | 🌟🌟🌟🌟🌟 | 营业网点 | 3.6 | 大厅环境舒适干净，服务人员热情专业,ocr/input_videos\上海__正大乐城__20260825.mp4
OBS-000326,正大乐城,优衣库,优衣库,服饰鞋包,,222,1F,unknown,True,,ocr_missing,parsed,metadata_anchor,0.9852,0.9996,59,3156,53.864,⭐🌟🌟⭐🌟 | 1F | 服饰鞋包￥222/人 | 14.8,优衣库 | UNI | ⭐🌟🌟⭐🌟 | 1F | 服饰鞋包￥222/人 | 14.8 | QLO | 颜色选择超多样，日常穿着舒适百搭 | C,ocr/input_videos\上海__正大乐城__20260825.mp4
OBS-000327,正大乐城,稻香村月饼,稻香村月饼,西式快餐,,,B1,unrated,False,explicitly_unrated,unrated,parsed,unrated_anchor,0.9991,0.9988,59,3156,53.864,🌟🌟🌟🌟🌟 | 暂无星级 | B1 | 西式快餐,稻香村月饼 | t8ain | UX | 🌟🌟🌟🌟🌟 | 暂无星级 | B1 | 西式快餐 | 稻香村 | 支持全市送货上门,ocr/input_videos\上海__正大乐城__20260825.mp4
OBS-000328,正大乐城,几言茶书房,几言茶书房,茶馆,4.7,129,3F,rated,True,,rated,parsed,rating_anchor,0.9835,0.9969,58,3156,53.864,3F | 4.7茶馆￥129/人 | 🌟🌟🌟🌟🌟,几言茶书房 | 3F | 4.7茶馆￥129/人 | 🌟🌟🌟🌟🌟 | 龙华/西岸茶馆回头客榜第1名 | 茶点丰富精致，茶艺活动多样 | 2 | 国茶开会找答案 | ￥1￥48 | 惠 | 【盲盒摇签】茶套餐好搭子,ocr/input_videos\上海__正大乐城__20260825.mp4
OBS-000329,正大乐城,艾维庭美学SPA,艾维庭美学SPA,SPA美体,4.7,299,3F,rated,True,,rated,parsed,rating_anchor,0.976,0.9973,51,3156,53.864,3F | 🌟🌟⭐🌟🌟 | SPA美体￥299/人 | 4.7,艾维庭美学SPA | 3F | 🌟🌟⭐🌟🌟 | SPA美体￥299/人 | 4.7 | 艾维庭SPA | 龙华/西岸美容美体回头客榜第7名 | 空气净化系统一流，手法专业服务好 | “ | 8.8折 | ￥191 | 惠 | ￥128060分钟深层清洁|收...,ocr/input_videos\上海__正大乐城__20260825.mp4
OBS-000330,正大乐城,招商银行,招商银行,营业网点,3.6,,1F,rated,True,,rated,parsed,rating_anchor,0.9996,0.9996,56,3156,53.864,营业网点 | 1F | 🌟🌟🎉🌟🌟 | 3.6,招商银行 | 迎育机日 | 营业网点 | 1F | 🌟🌟🎉🌟🌟 | 3.6 | 大厅环境舒适干净，服务人员热情专业 | NAIL·EYELASH | 美嶼美甲美睫,ocr/input_videos\上海__正大乐城__20260825.mp4
OBS-000331,正大乐城,优衣库,优衣库,服饰鞋包,4.8,222,1F,rated,True,,rated,parsed,rating_anchor,0.9827,0.9997,61,3180,54.273,🌟🌟🌟🌟🎉4.8 | 1F | 服饰鞋包￥222/人,优衣库 | UNI | 🌟🌟🌟🌟🎉4.8 | 1F | 服饰鞋包￥222/人 | QLO | 颜色选择超多样，日常穿着舒适百搭 | C | 1,ocr/input_videos\上海__正大乐城__20260825.mp4
OBS-000332,正大乐城,稻香村月饼,稻香村月饼,西式快餐,,,B1,unrated,False,explicitly_unrated,unrated,parsed,unrated_anchor,0.9978,0.9961,56,3180,54.273,B1 | ★★★★★ | 暂无星级 | 西式快餐,稻香村月饼 | 色 | T | B1 | ★★★★★ | 暂无星级 | 西式快餐 | 稻香村 | 支持全市送货上门,ocr/input_videos\上海__正大乐城__20260825.mp4
OBS-000333,正大乐城,几言茶书房,几言茶书房,茶馆,4.7,129,3F,rated,True,,rated,parsed,rating_anchor,0.9805,0.9977,56,3180,54.273,3F | 🌟🌟⭐⭐🌟 | 茶馆￥129/人 | 4.7,几言茶书房 | 3F | 🌟🌟⭐⭐🌟 | 茶馆￥129/人 | 4.7 | 龙华/西岸茶馆回头客榜第1名 | 茶点丰富精致，茶艺活动多样 | 周茶开会找答案 | ￥1￥48 | 惠 | 【盲盒摇签】茶套餐好搭子,ocr/input_videos\上海__正大乐城__20260825.mp4
OBS-000334,正大乐城,艾维庭美学SPA,艾维庭美学SPA,SPA美体,4.7,299,3F,rated,True,,rated,parsed,rating_anchor,0.9787,0.9974,51,3180,54.273,3F | 4.7SPA美体￥299/人,艾维庭美学SPA | 3F | 4.7SPA美体￥299/人 | 艾维庭SPA | 龙华/西岸美容美体回头客榜第7名 | 空气净化系统一流，手法专业服务好” | ￥1918.8折 | ￥128060分钟深层清洁|收... | 惠,ocr/input_videos\上海__正大乐城__20260825.mp4
OBS-000335,正大乐城,招商银行,招商银行,营业网点,3.6,,1F,rated,True,,rated,parsed,rating_anchor,0.9996,0.9997,57,3180,54.273,1F | 🌟🌟🌟⭐3.6 | 营业网点,招商银行 | N | 1F | 🌟🌟🌟⭐3.6 | 营业网点 | 大厅环境舒适干净，服务人员热情专业 | “,ocr/input_videos\上海__正大乐城__20260825.mp4
OBS-000336,正大乐城,美嶼美甲美睫,美屿美甲美睫,美甲,4.6,209,2F,rated,True,,rated,parsed,rating_anchor,0.9748,0.9999,55,3180,54.273,2F | 4.6美甲￥209/人,NAIL·EYILASI | 美嶼美甲美睫 | 2F | 4.6美甲￥209/人,ocr/input_videos\上海__正大乐城__20260825.mp4
OBS-000337,正大乐城,美嶼美甲美睫,美屿美甲美睫,美甲,4.6,209,2F,rated,True,,rated,parsed,rating_anchor,0.9833,1.0,52,3216,54.888,2F | 🌟🌟⭐⭐🌟 | 4.6美甲￥209/人,NAIL·EYTLASI | 美嶼美甲美睫 | 2F | 🌟🌟⭐⭐🌟 | 4.6美甲￥209/人 | 美嶼 | 龙华/西岸纯色美甲销量榜第1名 | 还原度超高，工具一客一消 | 做导美有的率 | 惠 | ￥83￥110 | 「缤纷美甲」本甲纯色|送..,ocr/input_videos\上海__正大乐城__20260825.mp4
OBS-000338,正大乐城,SHUA舒华健身,SHUA舒华健身,健身房,4.3,663,商场内,rated,True,,rated,parsed,rating_anchor,0.9843,0.9993,54,3216,54.888,商场内 | 🌟🌟🌟 | 健身房￥663/人 | 4.3,SHUA舒华健身 | 605 | 舒华健身 | G6天续航卡 | 商场内 | 🌟🌟🌟 | 健身房￥663/人 | 4.3 | 低至6折起 | 龙华/西岸健身中心销量榜第7名 | 计做件 | 设备新且齐全，教练专业细” | s | ￥19.9￥59 | 【新客体验】助健身次卡 | 惠,ocr/input_videos\上海__正大乐城__20260825.mp4
OBS-000339,正大乐城,九木杂物社,九木杂物社,杂货礼品,4.6,55,商场内,rated,True,,rated,parsed,rating_anchor,0.9792,0.9995,55,3216,54.888,商场内 | 🌟🌟🌟🌟🌟 | 杂货礼品￥55/人 | 4.6,九木杂物社 | 九 | 商场内 | 🌟🌟🌟🌟🌟 | 杂货礼品￥55/人 | 4.6 | B | 0 | 3 | L | 米 | “满墙毛绒挂件，地铁打卡墙拍照出 | 杂物社 | ￥939.8折 | ￥100九木杂物社·夏日限定. | 惠,ocr/input_videos\上海__正大乐城__20260825.mp4
OBS-000340,正大乐城,MUSEEVIP指尖艺术·美甲美睫沙龙,MUSEEVIP指尖艺术·美甲美睫沙龙,美甲,3.4,115,2F,rated,True,,rated,parsed,rating_anchor,0.9674,0.9908,50,3216,54.888,3.4美甲￥115/人 | 2F,MUSEEVIP指尖艺术·美甲美睫沙龙 | 新店 | 3.4美甲￥115/人 | 2F | 特惠 | DEN | VenNr | 暂停营业,ocr/input_videos\上海__正大乐城__20260825.mp4
OBS-000341,正大乐城,小米之家,小米之家,数码产品,4.8,2317,1F,rated,True,,rated,parsed,rating_anchor,0.9794,0.998,53,3216,54.888,1F | ⭐🌟4.8 | 数码产品￥2317/人,小米之家 | 1F | ⭐🌟4.8 | 数码产品￥2317/人 | “徕卡滤镜拍照效果好 | 环境也不错”,ocr/input_videos\上海__正大乐城__20260825.mp4
OBS-000342,正大乐城,美嶼美甲美睫,美屿美甲美睫,美甲,4.6,209,2F,rated,True,,rated,parsed,rating_anchor,0.9796,1.0,52,3228,55.093,4.6美甲￥209/人 | 2F | 🌟🌟🌟🌟🌟,VAIL.·EYELASH | 美嶼美甲美睫 | 4.6美甲￥209/人 | 2F | 🌟🌟🌟🌟🌟 | 美嶼 | 龙华/西岸纯色美甲销量榜第1名 | Sy sd | 还原度超高，工具一客一消 | 与美有美的 | ￥83￥110 | 惠 | 「缤纷美甲」本甲纯色|送..,ocr/input_videos\上海__正大乐城__20260825.mp4
OBS-000343,正大乐城,SHUA舒华健身,SHUA舒华健身,健身房,4.3,663,商场内,rated,True,,rated,parsed,rating_anchor,0.9847,0.9988,51,3228,55.093,商场内 | 🌟🌟⭐⭐🌟 | 健身房￥663/人 | 4.3,60. | 夕舒华健身 | SHUA舒华健身 | G6天续航卡 | 商场内 | 🌟🌟⭐⭐🌟 | 健身房￥663/人 | 4.3 | 低至6折起 | 龙华/西岸健身中心销量榜第7名 | 维时媒升 | 设备新且齐全，教练专业细心” | 工 | V | ￥19.9￥59 | 【新客体验】自助健身次卡.. | 惠,ocr/input_videos\上海__正大乐城__20260825.mp4
OBS-000344,正大乐城,九木杂物社,九木杂物社,杂货礼品,4.6,55,商场内,rated,True,,rated,parsed,rating_anchor,0.982,0.9998,52,3228,55.093,⭐🌟⭐⭐🌟4.6 | 商场内 | 杂货礼品￥55/人,九木杂物社 | 力 | ⭐🌟⭐⭐🌟4.6 | 商场内 | 杂货礼品￥55/人 | 米 | 满墙毛绒挂件，地铁打卡墙拍照出片 | 杂物社 | ￥939.8折 | 惠 | ￥100九木杂物社·夏日限定..,ocr/input_videos\上海__正大乐城__20260825.mp4
OBS-000345,正大乐城,MUSEEVIP指尖艺术·美甲美睫沙龙,MUSEEVIP指尖艺术·美甲美睫沙龙,美甲,3.4,115,2F,rated,True,,rated,parsed,rating_anchor,0.9212,0.9901,54,3228,55.093,★★★3.4美甲￥115/人 | 2F,MUSEEVIP指尖艺术·美甲美睫沙龙 | 新店 | ★★★3.4美甲￥115/人 | 2F | 特惠 | 暂停营业,ocr/input_videos\上海__正大乐城__20260825.mp4
OBS-000346,正大乐城,小米之家,小米之家,数码产品,4.8,2317,1F,rated,True,,rated,parsed,rating_anchor,0.9822,0.9985,59,3228,55.093,🌟🌟🎉🎉🎉4.8 | 1F | 数码产品￥2317/人,小米之家 | MI | 🌟🌟🎉🎉🎉4.8 | 1F | 数码产品￥2317/人 | 徕卡滤镜拍照效果好，环境也不错,ocr/input_videos\上海__正大乐城__20260825.mp4
OBS-000347,正大乐城,美嶼美甲美睫,美屿美甲美睫,美甲,4.6,209,2F,rated,True,,rated,parsed,rating_anchor,0.9669,0.9999,51,3276,55.912,2F | 4.6美甲￥209/人,NAIL·EYILASI | 美嶼美甲美睫 | 2F | 4.6美甲￥209/人 | 美嶼 | 龙华/西岸纯色美甲销量榜第1名 | Brly dindl | 还原度超高，工具一客一消 | 做与美有关的率 | ￥83￥110 | 惠 | 「缤纷美甲」本甲纯色|送...,ocr/input_videos\上海__正大乐城__20260825.mp4
OBS-000348,正大乐城,SHUA舒华健身,SHUA舒华健身,健身房,4.3,663,商场内,rated,True,,rated,parsed,rating_anchor,0.9794,0.9993,51,3276,55.912,⭐★🌟🌟⭐ | 商场内 | 健身房￥663/人 | 4.3,60. | 好华健具 | SHUA舒华健身 | G6天续航卡 | ⭐★🌟🌟⭐ | 商场内 | 健身房￥663/人 | 4.3 | 低至6折起 | 龙华/西岸健身中心销量榜第7名 | 联时棒利 | 设备新且齐全，教练专业细心” | e | ￥19.9￥59 | 惠 | 【新客体验】自助健身次卡...,ocr/input_videos\上海__正大乐城__20260825.mp4
OBS-000349,正大乐城,九木杂物社,九木杂物社,杂货礼品,4.6,55,商场内,rated,True,,rated,parsed,rating_anchor,0.977,0.9998,58,3276,55.912,4.6杂货礼品￥55/人 | 商场内,九木杂物社 | 宏 | 4.6杂货礼品￥55/人 | 商场内 | 1 | 3 | 0 | ： | H | 米 | “满墙毛绒挂件，地铁打卡墙拍照出片 | 1 | 杂物社 | ￥939.8折 | ￥100九木杂物社·夏日限定.. | 惠,ocr/input_videos\上海__正大乐城__20260825.mp4
OBS-000350,正大乐城,MUSEEVIP指尖艺术·美甲美睫沙龙,MUSEEVIP指尖艺术·美甲美睫沙龙,美甲,3.4,115,2F,rated,True,,rated,parsed,rating_anchor,0.9805,0.9913,51,3276,55.912,2F | 🌟🌟⭐ | 3.4美甲￥115/人,MUSEEVIP指尖艺术·美甲美睫沙龙 | 新店 | 2F | 🌟🌟⭐ | 3.4美甲￥115/人 | 特惠 | LDEN | YOYN | 暂停营业,ocr/input_videos\上海__正大乐城__20260825.mp4
OBS-000351,正大乐城,小米之家,小米之家,数码产品,4.8,2317,1F,rated,True,,rated,parsed,rating_anchor,0.9504,0.9984,57,3276,55.912,1F | ⭐4.8数码产品￥2317/人,小米之家 | mI | 1F | ⭐4.8数码产品￥2317/人 | 徕卡滤镜拍照效果好，环境也不错” | 2,ocr/input_videos\上海__正大乐城__20260825.mp4
OBS-000352,正大乐城,美嶼美甲美睫,美屿美甲美睫,美甲,4.6,209,2F,rated,True,,rated,parsed,rating_anchor,0.9556,1.0,52,3300,56.321,2F | 4.6美甲￥209/人,NAIL·EYTLASI | 美嶼美甲美睫 | 2F | 4.6美甲￥209/人 | 美嶼 | 龙华/西岸纯色美甲销量榜第1名 | B | 还原度超高，工具一客一消 | 与美有的 | C | ￥83￥110 | 惠 | 「缤纷美甲」本甲纯色｜送...,ocr/input_videos\上海__正大乐城__20260825.mp4
OBS-000353,正大乐城,SHUA舒华健身,SHUA舒华健身,健身房,4.3,663,商场内,rated,True,,rated,parsed,rating_anchor,0.9822,0.9994,50,3300,56.321,商场内 | 4.3健身房￥663/人,60. | 多舒华健身 | SHUA舒华健身 | G6天续航卡 | 商场内 | 4.3健身房￥663/人 | 低至6折起 | 龙华/西岸健身中心销量榜第7名 | 联计程种 | 设备新且齐全，教练专业细心” | X | ￥19.9￥59 | 惠 | 【新客体验】自助健身次卡..,ocr/input_videos\上海__正大乐城__20260825.mp4
OBS-000354,正大乐城,九木杂物社,九木杂物社,杂货礼品,4.6,55,商场内,rated,True,,rated,parsed,rating_anchor,0.9804,0.9997,58,3300,56.321,4.6杂货礼品￥55/人 | 商场内,九木杂物社 | 「力 | 4.6杂货礼品￥55/人 | 商场内 | ： | 米 | “满墙毛绒挂件，地铁打卡墙拍照出片 | 杂物社 | ￥939.8折 | ￥100九木杂物社·夏日限定.. | 惠,ocr/input_videos\上海__正大乐城__20260825.mp4
OBS-000355,正大乐城,MUSEEVIP指尖艺术·美甲美睫沙龙,MUSEEVIP指尖艺术·美甲美睫沙龙,美甲,3.4,115,2F,rated,True,,rated,parsed,rating_anchor,0.9765,0.991,51,3300,56.321,3.4美甲￥115/人 | 2F,MUSEEVIP指尖艺术·美甲美睫沙龙 | 新店 | 3.4美甲￥115/人 | 2F | 特惠 | RDIX | HCIHNR | 暂停营业,ocr/input_videos\上海__正大乐城__20260825.mp4
OBS-000356,正大乐城,小米之家,小米之家,数码产品,4.8,2317,1F,rated,True,,rated,parsed,rating_anchor,0.9835,0.9981,59,3300,56.321,4.8数码产品￥2317/人 | 1F,小米之家 | MI | 4.8数码产品￥2317/人 | 1F | “徕卡滤镜拍照效果好，环境也不错” | ￥9.99￥11.1小米巨能写中性笔10支装 | 惠,ocr/input_videos\上海__正大乐城__20260825.mp4
OBS-000357,正大乐城,九木杂物社,九木杂物社,杂货礼品,4.6,55,商场内,rated,True,,rated,parsed,rating_anchor,0.9795,0.9997,58,3312,56.526,商场内 | 4.6杂货礼品￥55/人,九木杂物社 | 力 | 商场内 | 4.6杂货礼品￥55/人 | 0 | 1 | 9 | 1 | 米 | “满墙毛绒挂件，地铁打卡墙拍照出片 | 杂物社 | ￥939.8折 | ￥100九木杂物社·夏日限定.. | 惠,ocr/input_videos\上海__正大乐城__20260825.mp4
OBS-000358,正大乐城,MUSEEVIP指尖艺术·美甲美睫沙龙,MUSEEVIP指尖艺术·美甲美睫沙龙,美甲,3.4,115,2F,rated,True,,rated,parsed,rating_anchor,0.9503,0.9906,57,3312,56.526,★3.4美甲￥115/人 | 2F,MUSEEVIP指尖艺术·美甲美睫沙龙 | 新店 | ★3.4美甲￥115/人 | 2F | ADIK | 特惠 | 暂停营业,ocr/input_videos\上海__正大乐城__20260825.mp4
OBS-000359,正大乐城,小米之家,小米之家,数码产品,4.8,2317,1F,rated,True,,rated,parsed,rating_anchor,0.9799,0.9987,56,3312,56.526,1F | 4.8数码产品￥2317/人,小米之家 | MI | 1F | 4.8数码产品￥2317/人 | 徕卡滤镜拍照效果好，环境也不错 | ￥9.99￥11.4小米巨能写中性笔10支装 | 惠,ocr/input_videos\上海__正大乐城__20260825.mp4
OBS-000360,正大乐城,凯瑞·可视采耳·头疗,凯瑞·可视采耳·头疗,采耳头疗,4.7,212,2F,rated,True,,rated,parsed,rating_anchor,0.9532,0.9853,51,3312,56.526,2F | 4.7采耳头疗￥212/人,凯瑞·可视采耳·头疗 | 凯瑞采耳 | 2F | 4.7采耳头疗￥212/人 | 安全爱耳 | 保护听力 | C | 徐汇区采耳头疗销量榜第1名 | CANE FON EAFS PHOTECT HEAING | 循环水冲头肩颈，瞬间放松神经 | 厂告 | ￥249￥269 | 【超干净】3D可视采耳+.. | 惠,ocr/input_videos\上海__正大乐城__20260825.mp4
OBS-000361,正大乐城,Apple授权专营店,Apple授权专营店,数码产品,4.8,5876,1F,rated,True,,rated,parsed,rating_anchor,0.9744,0.9984,61,3312,56.526,4.8数码产品￥5876/人 | 1F,Apple授权专营店 | 4.8数码产品￥5876/人 | 1F | “游戏联动超有趣，店员服务热情 | 5,ocr/input_videos\上海__正大乐城__20260825.mp4
OBS-000362,正大乐城,小米之家,小米之家,数码产品,4.8,2317,1F,rated,True,,rated,parsed,rating_anchor,0.9835,0.9984,60,3360,57.345,1F | 4.8数码产品￥2317/人,小米之家 | MI | 1F | 4.8数码产品￥2317/人 | 徕卡滤镜拍照效果好，环境也不错 | ￥9.99￥11.4小米巨能写中性笔10支装 | 惠,ocr/input_videos\上海__正大乐城__20260825.mp4
OBS-000363,正大乐城,凯瑞·可视采耳·头疗,凯瑞·可视采耳·头疗,采耳头疗,4.7,212,2F,rated,True,,rated,parsed,rating_anchor,0.9672,0.9831,51,3360,57.345,4.7采耳头疗￥212/人 | 2F,凯瑞·可视采耳·头疗 | 凯瑞採耳 | 4.7采耳头疗￥212/人 | 2F | 保护听力 | 安全爱耳 | 徐汇区采耳头疗销量榜第1名 | CARE FOR CAFS PROTECT HLAAING | 循环水冲头肩颈，瞬间放松神经 | 广告 | 3 | ￥249￥269 | 【超干净】3D可视采耳+.. | 惠,ocr/input_videos\上海__正大乐城__20260825.mp4
OBS-000364,正大乐城,Apple授权专营店,Apple授权专营店,数码产品,4.8,5876,1F,rated,True,,rated,parsed,rating_anchor,0.969,0.998,59,3360,57.345,4.8数码产品￥5876/人 | 1F,Apple授权专营店 | 4.8数码产品￥5876/人 | 1F | 游戏联动超有趣，店员服务热情 | 授权经销商 | ￥89999折 | ￥9999 | 【需激活】iPhone.. | 惠,ocr/input_videos\上海__正大乐城__20260825.mp4
OBS-000365,正大乐城,512DANCE舞蹈工作室,512DANCE舞蹈工作室,舞蹈,,472,B1,new_store,False,new_store,ocr_missing,parsed,metadata_anchor,0.9741,0.9993,54,3360,57.345,新店 | B1 | 舞蹈￥472/人,512DANCE舞蹈工作室 | NEECANOE | 暑期周卡 | 新店 | B1 | 舞蹈￥472/人 | 免费领 | 安基础小白可学 | 惠 | ￥12.8￥198 | 【精选】零基础爵士舞体...,ocr/input_videos\上海__正大乐城__20260825.mp4
OBS-000366,正大乐城,趣动熊全能勇士运动学院,趣动熊全能勇士运动学院,体适能培训,4.0,,2F,rated,True,,rated,parsed,rating_anchor,0.9982,0.9971,54,3360,57.345,🌟🌟⭐⭐ | 2F | 4.0体适能培训 | ★,趣动熊全能勇士运动学院 | HCRO | OPENING | 🌟🌟⭐⭐ | 2F | 4.0体适能培训 | ★ | 开业 | 点评榜单 | 徐汇区体适能培训热门榜第7名 | 钜惠,ocr/input_videos\上海__正大乐城__20260825.mp4
OBS-000367,正大乐城,512DANCE舞蹈工作室,512DANCE舞蹈工作室,舞蹈,,472,B1,new_store,False,new_store,ocr_missing,parsed,metadata_anchor,0.9691,0.992,51,3444,58.779,新店 | B1 | 舞蹈￥472/人,VEECANCE | 512DANCE舞蹈工作室 | 暑期周卡 | 新店 | B1 | 舞蹈￥472/人 | 免费领 | 四基础小白可学 | 惠￥12.8￥198 | 【精选】零基础爵士舞体...,ocr/input_videos\上海__正大乐城__20260825.mp4
OBS-000368,正大乐城,趣动熊全能勇士运动学院,趣动熊全能勇士运动学院,体适能培训,4.0,,2F,rated,True,,rated,parsed,rating_anchor,0.9966,0.994,50,3444,58.779,🌟🌟⭐⭐ | 2F | 4.0体适能培训 | ★,趣动熊全能勇士运动学院 | OPENING | 🌟🌟⭐⭐ | 2F | 4.0体适能培训 | ★ | 开业 | 点评榜单 | 徐汇区体适能培训热门榜第7名 | 钜惠 | 限时框利抢免购 | ￥59.9 | 6.7折 | ￥472小班体适能3-12岁.. | 惠,ocr/input_videos\上海__正大乐城__20260825.mp4
OBS-000369,正大乐城,长风拨筋养身,长风拨筋养身,休闲按摩浴,4.7,,2F,rated,True,,rated,parsed,rating_anchor,0.9801,0.9903,52,3444,58.779,4.7休闲按摩浴￥158/2F,拨筋 | 长风拨筋养身 | 4.7休闲按摩浴￥158/2F | 龙华/西岸休闲按摩足浴销量榜第9名 | 养身 | 夏三伏拨筋节 | 头部肩颈按摩，满血复活效果好 | “ | ￥1388.3折 | ￥169肩颈拨筋|直击酸... | 惠,ocr/input_videos\上海__正大乐城__20260825.mp4
OBS-000370,正大乐城,佐罗家宠物馆·乐城滨江馆,佐罗家宠物馆·乐城滨江馆,宠物店,4.5,221,3F,rated,True,,rated,parsed,rating_anchor,0.9573,0.9924,51,3444,58.779,3F | ★4.5宠物店￥221/人,佐罗家宠物馆·乐城滨江馆 | 3F | ★4.5宠物店￥221/人 | 馆主负责安排细致，洗剪吹服务周到 | “ | ￥158￥198狗洗澡|保湿精致洗|5-1... | 惠,ocr/input_videos\上海__正大乐城__20260825.mp4
OBS-000371,正大乐城,趣动熊全能勇士运动学院,趣动熊全能勇士运动学院,体适能培训,4.0,,2F,rated,True,,rated,parsed,rating_anchor,0.9495,0.9978,51,3456,58.984,2F | ⭐⭐⭐⭐4.0体适能培训,趣动熊全能勇士运动学院 | S-HCRO | OPENING | 2F | ⭐⭐⭐⭐4.0体适能培训 | 开业 | 点评榜单 | 徐汇区体适能培训热门榜第7名 | 钜惠 | 限时權利抢先购 | 惠 | ￥59.9 | 6.7折 | ￥472小班体适能3-12岁.,ocr/input_videos\上海__正大乐城__20260825.mp4
OBS-000372,正大乐城,长风拨筋养身,长风拨筋养身,休闲按摩浴,4.7,,2F,rated,True,,rated,parsed,rating_anchor,0.9721,0.9856,50,3456,58.984,4.7休闲按摩浴￥158/2F,拨筋 | 长风拨筋养身 | 4.7休闲按摩浴￥158/2F | 龙华/西岸休闲按摩足浴销量榜第9名 | 养身 | 夏三伏拨筋节 | 头部肩颈按摩，满血复活效果好 | “ | ￥138 | ￥169肩颈拨筋|直击酸.. | 8.3折 | 惠,ocr/input_videos\上海__正大乐城__20260825.mp4
OBS-000373,正大乐城,佐罗家宠物馆·乐城滨江馆,佐罗家宠物馆·乐城滨江馆,宠物店,4.5,221,3F,rated,True,,rated,parsed,rating_anchor,0.9749,0.994,53,3456,58.984,3F | 4.5宠物店￥221/人,佐罗家宠物馆·乐城滨江馆 | 住罗家宠物馆 | 3F | 4.5宠物店￥221/人 | 馆主负责安排细致，洗剪吹服务周到 | ￥158￥198狗洗澡|保湿精致洗|5-1... | 惠,ocr/input_videos\上海__正大乐城__20260825.mp4
OBS-000374,正大乐城,星视野儿童近视弱视视力矫正中心,星视野儿童近视弱视视力矫正中心,科学实验,4.6,15143,2F,rated,True,,rated,parsed,rating_anchor,0.9559,0.9678,47,3456,58.984,2F | 4.6科学实验￥15143/人,星视野儿童近视弱视视力矫正中心 | 华现好 | 专注3-14岁 | 2F | 4.6科学实验￥15143/人 | 视力检测1元 | 不伤眼的视力改善训练 | 点评榜单 | 五银、视、要银， | 徐汇区科学探索好评榜第7名 | 休息中 | 眼贴湿湿润润，缓解视力疲劳 | ￥9.9￥29.9 | 惠 | 【视力检测】儿童远视储..,ocr/input_videos\上海__正大乐城__20260825.mp4
OBS-000375,正大乐城,趣动熊全能勇士运动学院,趣动熊全能勇士运动学院,体适能培训,4.0,,2F,rated,True,,rated,parsed,rating_anchor,0.9973,0.9953,50,3492,59.598,2F | 🌟🌟🎉🌟 | 体适能培训 | 4.0,趣动熊全能勇士运动学院 | HDRG | OPENING | 2F | 🌟🌟🎉🌟 | 体适能培训 | 4.0 | 开业 | 点评榜单 | 徐汇区体适能培训热门榜第7名 | 钜惠 | 限时描利抢先购 | ￥59.9 | 6.7折 | 惠 | ￥472小班体适能3-12岁..,ocr/input_videos\上海__正大乐城__20260825.mp4
OBS-000376,正大乐城,长风拨筋养身,长风拨筋养身,休闲按摩浴,4.7,158,2F,rated,True,,rated,parsed,rating_anchor,0.9833,0.9952,51,3492,59.598,🌟🌟⭐⭐🌟 | 4.7 | 休闲按摩浴￥158/人 | 2F,拨筋 | 长风拨筋养身 | 🌟🌟⭐⭐🌟 | 4.7 | 休闲按摩浴￥158/人 | 2F | 龙华/西岸休闲按摩浴销量榜第9名 | 养身 | 夏三伏拨筋节 | 头部肩颈按摩，满血复活效果好 | ￥169肩颈拨筋1直击酸.. | ￥1388.3折 | 惠,ocr/input_videos\上海__正大乐城__20260825.mp4
OBS-000377,正大乐城,佐罗家宠物馆·乐城滨江馆,佐罗家宠物馆·乐城滨江馆,宠物店,4.5,221,3F,rated,True,,rated,parsed,rating_anchor,0.9392,0.9876,50,3492,59.598,3F | ★★★★★4.5宠物店￥221/人,佐罗家宠物馆·乐城滨江馆 | 室 | 位罗家空物馆 | 3F | ★★★★★4.5宠物店￥221/人 | 馆主负责安排细致，洗剪吹服务周到 | ￥158￥198狗洗澡|保湿精致洗|5-1... | 惠,ocr/input_videos\上海__正大乐城__20260825.mp4
OBS-000378,正大乐城,星视野儿童近视弱视视力矫正中心,星视野儿童近视弱视视力矫正中心,科学实验,4.6,15143,2F,rated,True,,rated,parsed,rating_anchor,0.9764,0.9949,50,3492,59.598,2F | 4.6科学实验￥15143/人,星视野儿童近视弱视视力矫正中心 | 型疗 | 专注3-14岁 | 2F | 4.6科学实验￥15143/人 | 视力检测1元 | 不伤眼的视力改善训练 | 折换、纸视、总稳、板 | 点评榜单 | 徐汇区科学探索好评榜第7名 | 0 | 休息中 | 眼贴湿湿润润，缓解视力疲劳 | 惠 | ￥29.9 | 【视力检测】儿童远视储.. | ￥9.9,ocr/input_videos\上海__正大乐城__20260825.mp4
OBS-000379,正大乐城,锐思教育·小初高辅导,锐思教育·小初高辅导,课后辅导,4.4,,2F,rated,True,,rated,parsed,rating_anchor,0.9778,0.9569,51,3492,59.598,🌟🌟⭐⭐ | 2F | 4.4课后辅导 | ★,锐思教育·小初高辅导 | ②悦思 | 开学促销季 | 初高衔接班 | 🌟🌟⭐⭐ | 2F | 4.4课后辅导 | ★ | 精品课程 | 点评榜单 | 龙华/西岸课后辅导好评榜第4名 | 个性化培伤·优适本地师资,ocr/input_videos\上海__正大乐城__20260825.mp4
OBS-000380,正大乐城,趣动熊全能勇士运动学院,趣动熊全能勇士运动学院,体适能培训,,,2F,unknown,True,,ocr_missing,parsed,metadata_anchor,0.9979,0.9965,48,3528,60.213,🌟🌟🌟⭐ | 2F | 体适能培训,趣动熊全能勇士运动学院 | -HCRO | OPENING | 🌟🌟🌟⭐ | 2F | 体适能培训 | 开业 | 点评榜单 | 徐汇区体适能培训热门榜第7名 | 钜惠 | 限时框利拍免购 | ￥59.9 | 6.7折 | ￥472小班体适能3-12岁. | 惠,ocr/input_videos\上海__正大乐城__20260825.mp4
OBS-000381,正大乐城,长风拨筋养身,长风拨筋养身,休闲按摩足浴,4.7,158,2F,rated,True,,rated,parsed,rating_anchor,0.9806,0.9932,51,3528,60.213,🌟🌟🎉🎉🌟4.7 | 休闲按摩足浴￥158/人 | 2F,拨筋 | 长风拨筋养身 | 🌟🌟🎉🎉🌟4.7 | 休闲按摩足浴￥158/人 | 2F | 龙华/西岸休闲按摩足浴销量榜第9名 | 养身 | 夏三伏拨筋节 | 头部肩颈按摩，满血复活效果好 | ￥169肩颈拨筋1直击酸... | ￥1388.3折 | 惠,ocr/input_videos\上海__正大乐城__20260825.mp4
OBS-000382,正大乐城,佐罗家宠物馆·乐城滨江馆,佐罗家宠物馆·乐城滨江馆,宠物店,4.5,221,3F,rated,True,,rated,parsed,rating_anchor,0.9479,0.9923,48,3528,60.213,3F | ⭐⭐4.5宠物店￥221/人,佐罗家宠物馆·乐城滨江馆 | 佐罗家密物馆 | 3F | ⭐⭐4.5宠物店￥221/人 | 馆主负责安排细致，洗剪吹服务周到 | ￥158￥198狗洗澡1保湿精致洗15-1... | 惠,ocr/input_videos\上海__正大乐城__20260825.mp4
OBS-000383,正大乐城,星视野儿童近视弱视视力矫正中心,星视野儿童近视弱视视力矫正中心,科学实验,4.6,15143,2F,rated,True,,rated,parsed,rating_anchor,0.9871,0.9994,47,3528,60.213,2F | 🌟🌟⭐🌟🌟 | 4.6科学实验￥15143/人,星视野儿童近视弱视视力矫正中心 | 限野 | 专注3-14岁 | 视力检测1元 | 2F | 🌟🌟⭐🌟🌟 | 4.6科学实验￥15143/人 | 不伤眼的视力改善训练 | 点评榜单 | 徐汇区科学探索好评榜第7名 | 近视、远起、剪视， | 休息中 | 眼贴湿湿润润，缓解视力疲劳 | 2 | ￥9.9￥29.9 | 惠 | 【视力检测】儿童远视储...,ocr/input_videos\上海__正大乐城__20260825.mp4
OBS-000384,正大乐城,锐思教育·小初高辅导,锐思教育·小初高辅导,课后辅导,4.4,,2F,rated,True,,rated,parsed,rating_anchor,0.9905,0.9825,47,3528,60.213,2F | 4.4课后辅导 | ★★★★★,锐思教育·小初高辅导 | ②很思 | 开学优销学 | 初高衔接班 | 2F | 4.4课后辅导 | ★★★★★ | 精品课程 | 点评榜单 | 龙华/西岸课后辅导好评榜第4名 | 个性化理优：优选本地师费,ocr/input_videos\上海__正大乐城__20260825.mp4
OBS-000385,正大乐城,佐罗家宠物馆·乐城滨江馆,佐罗家宠物馆·乐城滨江馆,宠物店,4.5,221,3F,rated,True,,rated,parsed,rating_anchor,0.9709,0.9912,51,3576,61.032,4.5宠物店￥221/人 | 3F,佐罗家宠物馆·乐城滨江馆 | 住罗家宠物馆 | 4.5宠物店￥221/人 | 3F | 馆主负责安排细致，洗剪吹服务周到 | K | ￥158￥198狗洗澡|保湿精致洗|5-1.. | 惠,ocr/input_videos\上海__正大乐城__20260825.mp4
OBS-000386,正大乐城,星视野儿童近视弱视视力矫正中心,星视野儿童近视弱视视力矫正中心,科学实验,4.6,15143,2F,rated,True,,rated,parsed,rating_anchor,0.9834,0.9968,50,3576,61.032,2F | 4.6科学实验￥15143/人,星视野儿童近视弱视视力矫正中心 | 星烫野 | 专注3-14岁 | 视力检测1元 | 2F | 4.6科学实验￥15143/人 | 不伤眼的视力改善训练 | 点评榜单 | 折稳，远粮、总想，热 | 徐汇区科学探索好评榜第7名 | 休息中 | 眼贴湿湿润润，缓解视力疲劳 | F | ￥9.9￥29.9 | 惠 | 【视力检测】儿童远视储...,ocr/input_videos\上海__正大乐城__20260825.mp4
OBS-000387,正大乐城,锐思教育·小初高辅导,锐思教育·小初高辅导,课后辅导,4.4,,2F,rated,True,,rated,parsed,rating_anchor,0.9886,0.9782,48,3576,61.032,4.4课后辅导 | 2F | 🌟🌟🎉🎉 | ★,②脱思 | 锐思教育·小初高辅导 | 开学促销学】 | 初高衔接班 | 4.4课后辅导 | 2F | 🌟🌟🎉🎉 | ★ | 精品课程 | 点评榜单 | 龙华/西岸课后辅导好评榜第4名 | 个性化语优·优选本的网资 | 速记课程效果神奇，提升信心满满 | ￥9.9￥597全城6次课随心学1少儿游... | 惠,ocr/input_videos\上海__正大乐城__20260825.mp4
OBS-000388,正大乐城,M6 SALON,M6SALON,美发,4.8,375,1F,rated,True,,rated,parsed,rating_anchor,0.9675,0.9849,48,3576,61.032,1F | 4.8美发￥375/人,M6 SALON | 1F | MSIX | 4.8美发￥375/人 | HAIR SALON | 点评榜单 | 龙华/西岸美发好评榜第1名 | 超400万精致客户优选 | 洗头快睡着，剪发效果不错 | 0 | ￥125￥128资深设计师|精致剪裁设... | 惠,ocr/input_videos\上海__正大乐城__20260825.mp4
OBS-000389,正大乐城,佐罗家宠物馆·乐城滨江馆,佐罗家宠物馆·乐城滨江馆,宠物店,4.5,221,3F,rated,True,,rated,parsed,rating_anchor,0.9704,0.9921,48,3624,61.851,4.5宠物店￥221/人 | 3F,佐罗家宠物馆·乐城滨江馆 | 住罗家空物馆 | 4.5宠物店￥221/人 | 3F | 馆主负责安排细致，洗剪吹服务周到 | K | ￥158￥198狗洗澡|保湿精致洗|5-1... | 惠,ocr/input_videos\上海__正大乐城__20260825.mp4
OBS-000390,正大乐城,星视野儿童近视弱视视力矫正中心,星视野儿童近视弱视视力矫正中心,科学实验,4.6,15143,2F,rated,True,,rated,parsed,rating_anchor,0.9847,0.9981,50,3624,61.851,2F | 4.6科学实验￥15143/人,星视野儿童近视弱视视力矫正中心 | 塑设好 | 专注3-14岁 | 视力检测1元 | 2F | 4.6科学实验￥15143/人 | 不伤眼的视力改善训练 | 点评榜单 | 听想，远视、总想， | 徐汇区科学探索好评榜第7名 | 休息中 | 眼贴湿湿润润，缓解视力疲劳 | 惠 | ￥9.9￥29.9 | 【视力检测】儿童远视储...,ocr/input_videos\上海__正大乐城__20260825.mp4
OBS-000391,正大乐城,锐思教育·小初高辅导,锐思教育·小初高辅导,课后辅导,4.4,,2F,rated,True,,rated,parsed,rating_anchor,0.9903,0.9824,48,3624,61.851,2F | 🌟🌟🎉🎉 | 4.4课后辅导 | ★,锐思教育·小初高辅导 | ②悦思 | 开学促销孕 | 初高衔接班 | 2F | 🌟🌟🎉🎉 | 4.4课后辅导 | ★ | 精品课程 | 点评榜单 | 龙华/西岸课后辅导好评榜第4名 | 个性化语优-优适本地所资 | 速记课程效果神奇，提升信心满满 | ￥9.9￥597全城6次课随心学1少儿游... | 惠,ocr/input_videos\上海__正大乐城__20260825.mp4
OBS-000392,正大乐城,M6 SALON,M6SALON,美发,4.8,375,1F,rated,True,,rated,parsed,rating_anchor,0.9722,0.9879,48,3624,61.851,1F | 4.8美发￥375/人,M6 SALON | 1F | 4.8美发￥375/人 | MSIX | HAIR SALON | 点评榜单 | 龙华/西岸美发好评榜第1名 | 超400万精致客户优选 | 洗头快睡着，剪发效果不错 | 0 | ￥125￥128资深设计师1精致剪裁设.. | 惠,ocr/input_videos\上海__正大乐城__20260825.mp4
OBS-000393,正大乐城,星视野童近视弱视视力矫正中心,星视野童近视弱视视力矫正中心,科学实验,4.6,15143,2F,rated,True,,rated,parsed,rating_anchor,0.966,0.9672,46,3660,62.466,2F | 4.6科学实验￥15143/人,星视野童近视弱视视力矫正中心 | 座野 | 专13-14岁 | 视力检测1元 | 2F | 4.6科学实验￥15143/人 | 不伤眼的视力改善训练 | 点评榜单 | 五银、、银， | 徐汇区科学探索好评榜第7名 | 休息中 | 眼贴湿湿润润，缓解视力疲劳 | C | ￥9.9￥29.9 | 惠 | 【视力检测】儿童远视储...,ocr/input_videos\上海__正大乐城__20260825.mp4
OBS-000394,正大乐城,锐思教育·小初高辅导,锐思教育·小初高辅导,课后辅导,4.4,,2F,rated,True,,rated,parsed,rating_anchor,0.9841,0.9695,53,3660,62.466,2F | 🌟★🌟⭐ | 4.4课后辅导 | ★,锐思教育·小初高辅导 | ②思 | 开学促销学 | 初高衔接班 | 2F | 🌟★🌟⭐ | 4.4课后辅导 | ★ | 精品课程 | 点评榜单 | 龙华/西岸课后辅导好评榜第4名 | 个性化增优优选本地师商 | 速记课程效果神奇，提升信心满满 | ￥9.9￥597全城6次课随心学|少游... | 惠,ocr/input_videos\上海__正大乐城__20260825.mp4
OBS-000395,正大乐城,M6 SALON,M6SALON,美发,4.8,375,1F,rated,True,,rated,parsed,rating_anchor,0.9429,0.9459,42,3660,62.466,1F | 4.8美发￥375/人,M6 SALON | 1F | MSIX | 4.8美发￥375/人 | 点评榜单 | HAIR SALON | 龙华/西岸美发好评榜第1名 | 洗头快睡着，剪发效果不错 | 超100万精致客户优选 | ￥125￥128资深设计师|精致剪裁设.. | 惠,ocr/input_videos\上海__正大乐城__20260825.mp4
OBS-000396,正大乐城,凯丽养身CleanMassage,凯丽养身CleanMassage,休闲按摩浴,4.6,,2F,rated,True,,rated,parsed,rating_anchor,0.9789,0.9933,61,3660,62.466,4.6休闲按摩浴￥223/2F,凯丽养身CleanMassage | 凯丽 clean Massage | 4.6休闲按摩浴￥223/2F | 龙华/西岸休闲按摩足浴销量榜第3名 | 技师手法舒适，影院式足道房间 | ￥198￥228疗60分钟含肩颈按摩精... | 惠 | -,ocr/input_videos\上海__正大乐城__20260825.mp4
OBS-000397,正大乐城,KK桌球,KK桌球,台球馆,3.8,38,B1,rated,True,,rated,parsed,rating_anchor,0.9789,0.999,54,3660,62.466,🌟🌟★★ | B1 | 台球馆￥38/人 | 3.8,KK桌球 | 🌟🌟★★ | B1 | 台球馆￥38/人 | 3.8,ocr/input_videos\上海__正大乐城__20260825.mp4
OBS-000398,正大乐城,M6 SALON,M6SALON,美发,4.8,375,1F,rated,True,,rated,parsed,rating_anchor,0.9609,0.9857,45,3696,63.08,🌟🌟🌟🌟🌟4.8 | 1F | 美发￥375/人,M6 SALON | 🌟🌟🌟🌟🌟4.8 | 1F | 美发￥375/人 | MSIX | HAIR SALON | 点评榜单 | 龙华/西岸美发好评榜第1名 | 洗头快睡着，剪发效果不错 | 超100万精致客户优选 | ￥125￥128资深设计师|精致剪裁设... | 惠,ocr/input_videos\上海__正大乐城__20260825.mp4
OBS-000399,正大乐城,凯丽养身CleanMassage,凯丽养身CleanMassage,休闲按摩浴,4.6,223,2F,rated,True,,rated,parsed,rating_anchor,0.9811,0.9944,59,3696,63.08,🌟🌟🌟🌟 | 4.6休闲按摩浴￥223/人2F,凯丽养身CleanMassage | 凯丽 clean Massage | 🌟🌟🌟🌟 | 4.6休闲按摩浴￥223/人2F | 龙华/西岸休闲按摩足浴销量榜第3名 | 技师手法舒适，影院式足道房间 | 5 | 惠 | ￥198￥228足疗60分钟含肩颈按摩精..,ocr/input_videos\上海__正大乐城__20260825.mp4
OBS-000400,正大乐城,KK桌球,KK桌球,台球馆,3.8,38,B1,rated,True,,rated,parsed,rating_anchor,0.9787,0.9996,57,3696,63.08,B1 | ★★★★★ | 台球馆￥38/人 | 3.8,KK桌球 | B1 | ★★★★★ | 台球馆￥38/人 | 3.8 | 龙华/西岸球类运动销量榜第2名 | KK桌球 | 设备全新特别好，环境舒适服务热情 | KKBILLIARDS | ￥77.99.8折 | 惠 | ￥106中八2小时【晚场专..,ocr/input_videos\上海__正大乐城__20260825.mp4
OBS-000401,正大乐城,怡泰SPA·泰疗按摩,怡泰SPA·泰疗按摩,精油SPA,4.5,185,3F,rated,True,,rated,parsed,rating_anchor,0.9812,0.9916,48,3696,63.08,3F | 🌟🌟🎉🎉🌟 | 4.5精油SPA￥185/人,怡泰SPA·泰疗按摩 | NA | 3F | 🌟🌟🎉🎉🌟 | 4.5精油SPA￥185/人 | 怡泰SPA | 龙华/西岸精油SPA销量榜第5名 | 参疗孩摩童恰整 | 泰式按摩手法好，采耳专业” | 公 | 年度影响力品牌 | ￥2999.1折 | ￥499首单福利|泰香宁... | 惠,ocr/input_videos\上海__正大乐城__20260825.mp4
OBS-000402,正大乐城,FEELINGME乐刻私教馆,FEELINGME乐刻私教馆,私教工作室,,455,B1,new_store,False,new_store,ocr_missing,parsed,metadata_anchor,0.9867,0.9983,50,3696,63.08,新店 | B1 | 私教工作室￥455/人,FEELINGME乐刻私教馆 | FETLIGME | 8月钜惠狂欢 | 新店 | B1 | 私教工作室￥455/人 | 龙华/西岸私教/团操工作室销量榜第9名,ocr/input_videos\上海__正大乐城__20260825.mp4
OBS-000403,正大乐城,怡泰SPA·泰疗按摩,怡泰SPA·泰疗按摩,精油SPA,4.5,185,3F,rated,True,,rated,parsed,rating_anchor,0.9785,0.9894,48,3792,64.718,4.5精油SPA￥185/人 | 3F,怡泰SPA·泰疗按摩 | NA | 4.5精油SPA￥185/人 | 3F | 怡泰SPA | 龙华/西岸精油SPA销量榜第5名 | 数疗按摩象怡整 | 泰式按摩手法好，采耳专业” | C | 年度影响力品牌 | ￥2999.1折 | 惠 | ￥499 | 首单福利一泰香宁.,ocr/input_videos\上海__正大乐城__20260825.mp4
OBS-000404,正大乐城,FEELINGME乐刻私教馆,FEELINGME乐刻私教馆,私教工作室,,455,B1,new_store,False,new_store,ocr_missing,parsed,metadata_anchor,0.973,0.9977,50,3792,64.718,新店 | B1 | 私教工作室￥455/人,FEELINGME乐刻私教馆 | FETLIMGME | 8月钜惠狂欢 | 新店 | B1 | 私教工作室￥455/人 | 龙华/西岸私教/团操工作室销量榜第9名 | 全国门店超400家 | ￥8.82.3折 | ￥39单次场地卡一自助健.. | 惠,ocr/input_videos\上海__正大乐城__20260825.mp4
OBS-000405,正大乐城,英孚教育青少儿,英孚教育青少儿,课后辅导,4.6,16919,2F,rated,True,,rated,parsed,rating_anchor,0.9798,0.9927,48,3792,64.718,4.6课后辅导￥16919/人 | 2F,英孚教育青少儿 | 品 | 英乎教育 | 开学季 | 4.6课后辅导￥16919/人 | 2F | 英语真学霸 | 点评榜单 | 龙华/西岸课后辅导好评榜第2名 | 拼读|请汇|阅读|语活 | 上课氛围好，知识丰富有趣 | 惠 | ￥9.9￥597全城6次课随心学1少儿游..,ocr/input_videos\上海__正大乐城__20260825.mp4
OBS-000406,正大乐城,华为授权体验店,华为授权体验店,数码产品,4.8,5715,1F,rated,True,,rated,parsed,rating_anchor,0.9814,0.9998,48,3792,64.718,1F | 4.8数码产品￥5715/人,华为授权体验店 | 1F | 4.8数码产品￥5715/人 | HUAWEI | 服务态度好，折叠手机拍照不错 | ￥9.9￥49手机贴膜|华为手机9.9享手... | 惠,ocr/input_videos\上海__正大乐城__20260825.mp4
OBS-000407,正大乐城,爱玩高尔夫,爱玩高尔夫,高尔夫场,4.6,103,4F,rated,True,,rated,parsed,rating_anchor,0.98,0.9996,52,3792,64.718,★🌟🌟 | 4F | 高尔夫场￥103/人 | 4.6,爱玩高尔夫 | iwan· golf | ★🌟🌟 | 4F | 高尔夫场￥103/人 | 4.6 | 爱玩高尔夫 | 龙华/西岸高尔夫场销量榜第9名 | 专业、负责、有保障 | 高尔夫球运动，挑战无限可能,ocr/input_videos\上海__正大乐城__20260825.mp4
OBS-000408,正大乐城,华为授权体验店,华为授权体验店,数码产品,4.8,5715,1F,rated,True,,rated,parsed,rating_anchor,0.9861,0.9996,52,3876,66.152,1F | 4.8数码产品￥5715/人,华为授权体验店 | 1F | 4.8数码产品￥5715/人 | HUAWEI | 服务态度好，折叠手机拍照不错 | ￥9.9￥49手机贴膜|华为手机9.9享手... | 惠,ocr/input_videos\上海__正大乐城__20260825.mp4
OBS-000409,正大乐城,爱玩高尔夫,爱玩高尔夫,高尔夫场,4.6,103,4F,rated,True,,rated,parsed,rating_anchor,0.9824,0.9995,58,3876,66.152,4F | 🌟🌟🌟🌟🌟 | 高尔夫场￥103/人 | 4.6,爱玩高尔夫 | iwan · golf | 4F | 🌟🌟🌟🌟🌟 | 高尔夫场￥103/人 | 4.6 | 爱玩高尔夫 | 龙华/西岸高尔夫场销量榜第9名 | 专业、负责、有保障 | 高尔夫球运动，挑战无限可能 | 力 | “ | ￥128￥200VIP包房一小时体验 | 惠,ocr/input_videos\上海__正大乐城__20260825.mp4
OBS-000410,正大乐城,艺起绘画,艺起绘画,美术,3.7,,3F,rated,True,,rated,parsed,rating_anchor,0.8992,0.9992,57,3876,66.152,⭐✨3.7美术 | 3F,艺起绘画 | ⭐✨3.7美术 | 3F | 艺起绘画 | 老师亲切热情，绘画完成度高 | Are together | ￥9.9￥597全城6次课随心学|少儿游.. | 惠,ocr/input_videos\上海__正大乐城__20260825.mp4
OBS-000411,正大乐城,好特卖HotMaxx,好特卖HotMaxx,超市便利,4.8,51,B1,rated,True,,rated,parsed,rating_anchor,0.9763,0.9947,54,3876,66.152,B1 | 4.8超市便利￥51/人,好特卖HotMaxx | B1 | 4.8超市便利￥51/人 | 好特卖 | 点评榜单 | 龙华/西岸超市便利好评榜第2名 | HotMax | 主题曲魔性洗脑，购物袋超结实”,ocr/input_videos\上海__正大乐城__20260825.mp4
OBS-000412,正大乐城,华为授权体验店,华为授权体验店,数码产品,4.8,5715,1F,rated,True,,rated,parsed,rating_anchor,0.9856,0.9993,52,3912,66.766,1F | 4.8数码产品￥5715/人,华为授权体验店 | 1F | 4.8数码产品￥5715/人 | HUAWEI | 服务态度好，折叠手机拍照不错 | ￥9.9￥49手机贴膜|华为手机9.9享手... | 惠,ocr/input_videos\上海__正大乐城__20260825.mp4
OBS-000413,正大乐城,爱玩高尔夫,爱玩高尔夫,高尔夫场,4.6,103,4F,rated,True,,rated,parsed,rating_anchor,0.9814,0.9972,55,3912,66.766,4F | 🌟🌟🌟🌟🌟 | 高尔夫场￥103/人 | 4.6,爱玩高尔夫 | iwan · golf | 4F | 🌟🌟🌟🌟🌟 | 高尔夫场￥103/人 | 4.6 | 爱玩高尔夫 | 龙华/西岸高尔夫场销量榜第9名 | 专业、负责、有保障 | 高尔夫球运动，挑战无限可能 | “ | ￥128￥200VIP包房一小时体验 | 惠,ocr/input_videos\上海__正大乐城__20260825.mp4
OBS-000414,正大乐城,艺起绘画,艺起绘画,美术,3.7,,3F,rated,True,,rated,parsed,rating_anchor,0.9974,0.9992,57,3912,66.766,3.7美术 | 3F | 🌟🌟⭐🌟🌟,艺起绘画 | 3.7美术 | 3F | 🌟🌟⭐🌟🌟 | 艺起绘画 | 老师亲切热情，绘画完成度高 | 《 | Aretegethet | ￥9.9￥597全城6次课随心学|少儿游... | 惠,ocr/input_videos\上海__正大乐城__20260825.mp4
OBS-000415,正大乐城,好特卖HotMaxx,好特卖HotMaxx,超市便利,4.8,51,B1,rated,True,,rated,parsed,rating_anchor,0.9754,0.994,54,3912,66.766,B1 | 4.8超市便利￥51/人,好特卖HotMaxx | B1 | 4.8超市便利￥51/人 | 好特卖 | 点评榜单 | 龙华/西岸超市便利好评榜第2名 | HotMax | 主题曲魔性洗脑，购物袋超结实” | 七彩轮滑培训,ocr/input_videos\上海__正大乐城__20260825.mp4
OBS-000416,正大乐城,爱玩高尔夫,爱玩高尔夫,高尔夫场,4.6,103,4F,rated,True,,rated,parsed,rating_anchor,0.9723,0.9995,55,3948,67.381,4F | 4.6高尔夫场￥103/人,爱玩高尔夫 | iwan· golf | 4F | 4.6高尔夫场￥103/人 | 爱玩高尔夫 | 龙华/西岸高尔夫场销量榜第9名 | 专业、负责、有保障 | 高尔夫球运动，挑战无限可能 | 力 | ￥128￥200VIP包房小时体验 | 惠,ocr/input_videos\上海__正大乐城__20260825.mp4
OBS-000417,正大乐城,艺起绘画,艺起绘画,美术,3.7,,3F,rated,True,,rated,parsed,rating_anchor,0.9369,0.9991,57,3948,67.381,🌟3.7美术 | 3F,艺起绘画 | 🌟3.7美术 | 3F | 艺起绘画 | 老师亲切热情，绘画完成度高 | Art togothor | ￥9.9￥597全城6次课随心学|少儿游... | 惠,ocr/input_videos\上海__正大乐城__20260825.mp4
OBS-000418,正大乐城,好特卖HotMaxx,好特卖HotMaxx,超市便利,4.8,51,B1,rated,True,,rated,parsed,rating_anchor,0.9707,0.9953,48,3948,67.381,B1 | 4.8超市便利￥51/人,好特卖HotMaxx | B1 | 4.8超市便利￥51/人 | 好特卖 | 点评榜单 | 龙华/西岸超市便利好评榜第2名 | HotMax | 主题曲魔性洗脑，购物袋超结实 | ≤,ocr/input_videos\上海__正大乐城__20260825.mp4
OBS-000419,正大乐城,七彩轮滑培训,七彩轮滑培训,滑板轮滑,4.3,,B1,rated,True,,rated,parsed,rating_anchor,0.9326,0.9996,55,3948,67.381,B1 | ⭐⭐4.3滑板轮滑,七彩轮滑培训 | 七刷配滑得乐丽610众节 | B1 | ⭐⭐4.3滑板轮滑 | 奖 | 徐汇区滑板轮滑销量榜第10名 | 七影轮消 | 一洋出争年光产 | ￥9.9￥597全城6次课随心学|少儿游.. | 惠,ocr/input_videos\上海__正大乐城__20260825.mp4
OBS-000420,正大乐城,好特卖HotMaxx,好特卖HotMaxx,超市便利,4.8,51,B1,rated,True,,rated,parsed,rating_anchor,0.9689,0.9895,50,3996,68.2,B1 | ⭐🌟⭐⭐⭐4.8 | 超市便利￥51/人,好特卖HotMaxx | B1 | ⭐🌟⭐⭐⭐4.8 | 超市便利￥51/人 | 好特卖 | 点评榜单 | 龙华/西岸超市便利好评榜第2名 | HotMax | 主题曲魔性洗脑，购物袋超结实 | 《 | 5,ocr/input_videos\上海__正大乐城__20260825.mp4
OBS-000421,正大乐城,七彩轮滑培训,七彩轮滑培训,滑板轮滑,4.3,,B1,rated,True,,rated,parsed,rating_anchor,0.9994,0.9999,51,3996,68.2,🌟🌟🎉🌟 | 滑板轮滑 | B1 | 4.3 | ★,七彩轮滑培训 | 亡普乐厨 | 6181双节 | 🌟🌟🎉🌟 | 滑板轮滑 | B1 | 4.3 | ★ | * | 徐汇区滑板轮滑销量榜第10名 | 七影轮滑 | 一洋出叠年光芒 | ￥9.9￥597全城6次课随心学1少儿游.. | 惠,ocr/input_videos\上海__正大乐城__20260825.mp4
OBS-000422,正大乐城,吉的堡成长中心,吉的堡成长中心,课后辅导,4.5,9280,2F,rated,True,,rated,parsed,rating_anchor,0.9886,0.9997,54,3996,68.2,2F | 🌟🌟🌟🌟🌟 | 4.5课后辅导￥9280/人,吉的堡成长中心 | 少儿英语 | 专阅读 | 2F | 🌟🌟🌟🌟🌟 | 4.5课后辅导￥9280/人 | 筑基础 | 点评榜单 | 肇嘉浜路/中山医院课后辅导好评榜第4名 | 赢考学 | 超运用 | 老师负责教学，手工画画课丰富 | 55 | C | ￥99 | 1.2折 | ￥9.9 | 惠 | 【3-6岁英语体验】中...,ocr/input_videos\上海__正大乐城__20260825.mp4
OBS-000423,正大乐城,超盒算NB,超盒算NB,超市便利,,59,1F,unknown,True,,ocr_missing,parsed,metadata_anchor,0.9783,0.9996,53,3996,68.2,1F | 🌟🌟🌟★★ | 超市便利￥59/人 | 14.8,超盒算NB | 超盒算 | 1F | 🌟🌟🌟★★ | 超市便利￥59/人 | 14.8 | NB | 点评榜单 | 龙华/西岸超市便利热门榜第3名 | 泡芙超级好吃，蔬菜新鲜廉价”,ocr/input_videos\上海__正大乐城__20260825.mp4
OBS-000424,正大乐城,网鱼电竞,网鱼电竞,网吧/电竞,4.3,48,2F,rated,True,,rated,parsed,rating_anchor,0.9746,0.9898,56,3996,68.2,2F | 🌟🌟⭐⭐ | 4.3 | 网吧/电竞￥48/人 | ★,网鱼电竞 | 2F | 🌟🌟⭐⭐ | 4.3 | 网吧/电竞￥48/人 | ★ | 网鱼电竞 | 龙华/西岸网吧/电竞销量榜第2名 | 高端玩家都来网鱼 | 前台服务热情，游戏体验流畅 | “ | 分 | ￥899.8折 | ￥100 | 惠 | 【清凉季】100网费,ocr/input_videos\上海__正大乐城__20260825.mp4
OBS-000425,正大乐城,吉的堡成长中心,吉的堡成长中心,课后辅导,4.5,9280,2F,rated,True,,rated,parsed,rating_anchor,0.9729,0.996,51,4044,69.019,4.5课后辅导￥9280/人 | 2F,吉的堡成长中心 | 少儿英语 | 专阅读 | 4.5课后辅导￥9280/人 | 2F | 筑基础 | 点评榜单 | 肇嘉浜路/中山医院课后辅导好评榜第4名 | 真考学 | 超运用 | 老师负责教学，画画课富” | 1.2折 | ￥99 | 【3-6岁英语体验】中... | ￥9.9 | 惠,ocr/input_videos\上海__正大乐城__20260825.mp4
OBS-000426,正大乐城,超盒算NB,超盒算NB,起,4.8,59,1F,rated,True,,rated,parsed,rating_anchor,0.8559,0.9993,52,4044,69.019,★★★4.8起 | 1F | 超市便利￥59/人,超盒算NB | 超盒算 | ★★★4.8起 | 1F | 超市便利￥59/人 | NB | 点评榜单 | 龙华/西岸超市便利热门榜第3名 | “泡芙超级好吃，蔬菜新鲜廉价”,ocr/input_videos\上海__正大乐城__20260825.mp4
OBS-000427,正大乐城,网鱼电竞,网鱼电竞,网吧/电竞,4.3,48,2F,rated,True,,rated,parsed,rating_anchor,0.9673,0.9933,57,4044,69.019,2F | 🌟🌟🌟🌟 | 4.3 | 网吧/电竞￥48/人,网鱼电竞 | 2F | 🌟🌟🌟🌟 | 4.3 | 网吧/电竞￥48/人 | 网鱼电竞 | 龙华/西岸网吧/电竞销量榜第2名 | 高端玩家都来网鱼 | 前台服务热情，游戏体验流畅 | “ | ￥899.8折 | ￥100 | 惠 | 【清凉季】100网费,ocr/input_videos\上海__正大乐城__20260825.mp4
OBS-000428,正大乐城,麦悠悠·SPA·推拿,麦悠悠·SPA·推拿,推拿养生,4.7,162,商场内,rated,True,,rated,parsed,rating_anchor,0.9657,0.9698,52,4044,69.019,⭐🌟🌟4.7 | 商场内 | 推拿养生￥162/人,麦悠悠·SPA·推拿 | ⭐🌟🌟4.7 | 麦悠悠养生小馆 | 商场内 | 推拿养生￥162/人 | MIIASSA6E | 全m180+ns | 龙华/西岸推拿养生销量榜第2名 | 您身育养生专家 | 全程按摩完美体验，鼾声不断” | “ | ￥89￥129 | 惠 | 【舒适体验】30分钟悠悠采...,ocr/input_videos\上海__正大乐城__20260825.mp4
OBS-000429,正大乐城,黄庭茶馆,黄庭茶馆,茶馆,3.9,104,2F,rated,True,,rated,parsed,rating_anchor,0.9834,0.998,60,4044,69.019,⭐🌟🌟🌟 | 2F | 3.9茶馆￥104/人,黄庭茶馆 | ⭐🌟🌟🌟 | 2F | 3.9茶馆￥104/人,ocr/input_videos\上海__正大乐城__20260825.mp4
OBS-000430,正大乐城,超盒算NB,超盒算NB,超市便利,4.8,59,1F,rated,True,,rated,parsed,rating_anchor,0.9799,0.9996,48,4080,69.634,1F | 🌟🌟⭐⭐🌟 | 超市便利￥59/人 | 4.8,超盒算NB | 超盒算 | 1F | 🌟🌟⭐⭐🌟 | 超市便利￥59/人 | 4.8 | NB | 点评榜单 | 龙华/西岸超市便利热门榜第3名 | 泡芙超级好吃，蔬菜新鲜廉价,ocr/input_videos\上海__正大乐城__20260825.mp4
OBS-000431,正大乐城,网鱼电竞,网鱼电竞,网吧/电竞,4.3,48,2F,rated,True,,rated,parsed,rating_anchor,0.9681,0.9882,53,4080,69.634,🌟🌟🌟 | 网吧/电竞￥48/人 | 2F | 4.3,网鱼电竞 | 🌟🌟🌟 | 网吧/电竞￥48/人 | 2F | 4.3 | 网鱼电竞 | 龙华/西岸网吧/电竞销量榜第2名 | 高端玩家都来网鱼 | 前台服务热情，游戏体验流畅 | “ | 2 | 9.8折 | 惠 | ￥89 | ￥100 | 【清凉季】100网费,ocr/input_videos\上海__正大乐城__20260825.mp4
OBS-000432,正大乐城,麦悠悠·SPA·推拿,麦悠悠·SPA·推拿,推拿养生,4.7,162,商场内,rated,True,,rated,parsed,rating_anchor,0.9393,0.9702,50,4080,69.634,商场内 | ⭐4.7推拿养生￥162/人,麦悠悠·SPA·推拿 | 商场内 | ⭐4.7推拿养生￥162/人 | 麦悠悠养生小馆 | MUIXASSA6E | 180+ | 龙华/西岸推拿养生销量榜第2名 | 门店 | 全国 | 您身旁养生专家 | 全程按摩完美体验，鼾声不断 | “ | ￥89￥129 | 【舒适体验】30分钟悠悠采... | 惠,ocr/input_videos\上海__正大乐城__20260825.mp4
OBS-000433,正大乐城,黄庭茶馆,黄庭茶馆,茶馆,3.9,104,2F,rated,True,,rated,parsed,rating_anchor,0.9751,0.9894,50,4080,69.634,2F | ★★★★★ | 3.9茶馆￥104/人,黄庭茶馆 | 2F | ★★★★★ | 3.9茶馆￥104/人 | 谈事情约黄庭 | 全国50+门店,ocr/input_videos\上海__正大乐城__20260825.mp4
OBS-000434,正大乐城,LANNI蘭泰式古法按摩,LANNI兰泰式古法按摩,精油SPA,4.7,353,1F,rated,True,,rated,parsed,rating_anchor,0.981,0.9965,47,4080,69.634,🌟🌟🌟⭐🌟 | 1F | 4.7 | 精油SPA￥353/人,LANNI蘭泰式古法按摩 | Lann | 🌟🌟🌟⭐🌟 | 1F | 4.7 | 精油SPA￥353/人 | 品牌人气榜 | -2025年度- | 龙华/西岸精油SPA销量榜第9名 | 全国80+门店 | 流程完整，疲惫一扫而空 | “ | ￥498 | ￥4108.5折 | 【全身精油】泰式S... | 惠,ocr/input_videos\上海__正大乐城__20260825.mp4
OBS-000435,正大乐城,超盒算NB,超盒算NB,超市便利,,59,1F,unknown,True,,ocr_missing,parsed,metadata_anchor,0.9762,0.9995,52,4104,70.043,1F | 🌟🌟🎉🌟🌟 | 超市便利￥59/人 | 14.8,超盒算NB | 超盒算 | 1F | 🌟🌟🎉🌟🌟 | 超市便利￥59/人 | 14.8 | NB | 点评榜单 | 龙华/西岸超市便利热门榜第3名 | 泡芙超级好吃，蔬菜新鲜廉价”,ocr/input_videos\上海__正大乐城__20260825.mp4
OBS-000436,正大乐城,网鱼电竞,网鱼电竞,网吧/电竞,4.3,48,2F,rated,True,,rated,parsed,rating_anchor,0.9921,0.9917,56,4104,70.043,2F | 🌟🌟🌟⭐ | 4.3 | 网吧/电竞 | ￥48/人 | ★,网鱼电竞 | 2F | 🌟🌟🌟⭐ | 4.3 | 网吧/电竞 | ￥48/人 | ★ | 网鱼电竞 | 龙华/西岸网吧/电竞销量榜第2名 | 高端玩家都来网鱼 | 前台服务热情，游戏体验流畅 | G | ￥899.8折 | ￥100 | 惠 | 【清凉季】100网费,ocr/input_videos\上海__正大乐城__20260825.mp4
OBS-000437,正大乐城,麦悠悠·SPA·推拿,麦悠悠·SPA·推拿,推拿养生,4.7,162,商场内,rated,True,,rated,parsed,rating_anchor,0.9674,0.9703,51,4104,70.043,🌟🌟🌟🌟🌟 | 商场内 | 推拿养生￥162/人 | 4.7,麦悠悠·SPA·推拿 | 🌟🌟🌟🌟🌟 | 商场内 | 要悠慈养生小馆 | 推拿养生￥162/人 | 4.7 | MUIMASSAGE | 全m180+na | 龙华/西岸推拿养生销量榜第2名 | 您身旁养生专家 | 全程按摩完美体验，鼾声不断” | S | ￥89￥129 | 惠 | 【舒适体验】30分钟悠悠采...,ocr/input_videos\上海__正大乐城__20260825.mp4
OBS-000438,正大乐城,黄庭茶馆,黄庭茶馆,茶馆,3.9,104,2F,rated,True,,rated,parsed,rating_anchor,0.9686,0.9934,53,4104,70.043,2F | 🌟🌟🌟🌟🌟 | 3.9 | 茶馆￥104/人,黄庭茶馆 | 2F | 🌟🌟🌟🌟🌟 | 3.9 | 茶馆￥104/人 | 谈事情约黄庭 | 全国50+门店,ocr/input_videos\上海__正大乐城__20260825.mp4
OBS-000439,正大乐城,LANNI蘭泰式古法按摩,LANNI兰泰式古法按摩,精油SPA,4.7,353,1F,rated,True,,rated,parsed,rating_anchor,0.9825,0.9968,48,4104,70.043,🌟🌟🎉🌟🌟 | 1F | 精油SPA￥353/人 | 4.7,LANNI蘭泰式古法按摩 | Lann | 🌟🌟🎉🌟🌟 | 1F | 精油SPA￥353/人 | 4.7 | 品牌人气榜 | -2025年度 | 龙华/西岸精油SPA销量榜第9名 | 80+门店 | 流程完整，疲惫一扫而空 | 全国 | 8.5折 | ￥498 | 【全身精油】泰式S. | ￥410 | 惠,ocr/input_videos\上海__正大乐城__20260825.mp4
OBS-000440,正大乐城,黄庭茶馆,黄庭茶馆,茶馆,3.9,104,2F,rated,True,,rated,parsed,rating_anchor,0.9731,0.9936,53,4164,71.067,2F | 3.9茶馆￥104/人,黄庭茶馆 | 2F | 3.9茶馆￥104/人 | 谈事情约黄庭 | 全国50+门店,ocr/input_videos\上海__正大乐城__20260825.mp4
OBS-000441,正大乐城,LANNI蘭泰式古法按摩,LANNI兰泰式古法按摩,精油SPA,4.7,353,1F,rated,True,,rated,parsed,rating_anchor,0.9807,0.9972,48,4164,71.067,★★★★4.7 | 1F | 精油SPA￥353/人,LANNI蘭泰式古法按摩 | Lann | ★★★★4.7 | 1F | 精油SPA￥353/人 | 品牌人气榜 | -2025年度 | 龙华/西岸精油SPA销量榜第9名 | 80+门店 | 全国8 | 流程完整，疲惫一扫而空 | 3 | ￥498 | ￥4108.5折 | 【全身精油】泰式S.. | 惠,ocr/input_videos\上海__正大乐城__20260825.mp4
OBS-000442,正大乐城,智绘未来·书法绘画·古筝围棋·幼...,智绘未来·书法绘画·古筝围棋·幼,书法,4.8,,2F,rated,True,,rated,parsed,rating_anchor,0.9418,0.9345,56,4164,71.067,4.8书法 | 2F,智绘未来·书法绘画·古筝围棋·幼... | 2026 | ? | 4.8书法 | 2F | 秋季班 | 点评榜单 | 徐汇区书法热门榜第1名 | 限额招生啦～ | 装修干净整洁，国画体验对” | ￥9.9￥597全城6次课随心学1少儿游.. | 惠,ocr/input_videos\上海__正大乐城__20260825.mp4
OBS-000443,正大乐城,上音琴行艺考培训中心·统考·联考...,上音琴行艺考培训中心·统考·联考,音乐,4.2,,2F,rated,True,,rated,parsed,rating_anchor,0.9269,0.9511,55,4164,71.067,★4.2音乐 | 2F,上音琴行艺考培训中心·统考·联考... | 大上En | 赢艺考 | ★4.2音乐 | 2F | 选上音 | 专业课老师整理台词，文化课补习到位” | 28年口碑教学 | 惠￥1￥99 | 【音乐艺考志愿填报】音乐艺..,ocr/input_videos\上海__正大乐城__20260825.mp4
OBS-000444,正大乐城,黄庭茶馆,黄庭茶馆,茶馆,3.9,104,2F,rated,True,,rated,parsed,rating_anchor,0.9728,0.9903,53,4200,71.682,2F | 3.9茶馆￥104/人,黄庭茶馆 | 2F | 3.9茶馆￥104/人 | 谈事情约黄庭 | 全国50+门店,ocr/input_videos\上海__正大乐城__20260825.mp4
OBS-000445,正大乐城,LANNI蘭 泰式古法按摩,LANNI兰泰式古法按摩,精油SPA,4.7,353,1F,rated,True,,rated,parsed,rating_anchor,0.9633,0.962,48,4200,71.682,1F | ⭐🌟🌟🌟🌟4.7 | 精油SPA￥353/人,LANNI蘭 泰式古法按摩 | Lann | 1F | ⭐🌟🌟🌟🌟4.7 | 精油SPA￥353/人 | 品牌人气榜 | -2025年度 | 龙华/西岸精油SPA销量榜第9名 | 80+门店 | 全国 | 流程完整，疲惫一扫而空 | ￥498 | ￥4108.5折 | 惠 | 【全身精油】泰式S...,ocr/input_videos\上海__正大乐城__20260825.mp4
OBS-000446,正大乐城,智绘未来·书法绘画·古筝围棋·幼...,智绘未来·书法绘画·古筝围棋·幼,书法,4.8,,2F,rated,True,,rated,parsed,rating_anchor,0.9614,0.9604,54,4200,71.682,4.8书法 | 2F,智绘未来·书法绘画·古筝围棋·幼... | 2026 | ? | 4.8书法 | 2F | 秋季班 | 点评榜单 | 徐汇区书法热门榜第1名 | 限额招生啦～ | 装修干净整洁，国画体验一对” | ￥9.9￥597全城6次课随心学1少儿游.. | 惠,ocr/input_videos\上海__正大乐城__20260825.mp4
OBS-000447,正大乐城,上音琴行艺考培训中心·统考·联考...,上音琴行艺考培训中心·统考·联考,音乐,4.2,,2F,rated,True,,rated,parsed,rating_anchor,0.9008,0.9503,54,4200,71.682,⭐⭐⭐4.2音乐 | 2F,上音琴行艺考培训中心·统考·联考... | A上E | 赢艺考 | ⭐⭐⭐4.2音乐 | 2F | 选上音 | 专业课老师整理台词，文化课补习到位” | “ | 28年口碑教学 | 惠￥1￥99 | 【音乐艺考志愿填报】音乐艺...,ocr/input_videos\上海__正大乐城__20260825.mp4
OBS-000448,正大乐城,上音琴行艺考培训中心·统考·联考..,上音琴行艺考培训中心·统考·联考,音乐,4.2,,2F,rated,True,,rated,parsed,rating_anchor,0.9094,0.9469,53,4260,72.706,★4.2音乐 | 2F,上音琴行艺考培训中心·统考·联考.. | J上EN | 赢艺考 | ★4.2音乐 | 2F | 选上音 | 专业课老师整理台词，文化课补习到位 | 《 | 28年口碑教学 | ￥1￥99 | 【音乐艺考志愿填报】乐艺... | 惠,ocr/input_videos\上海__正大乐城__20260825.mp4
OBS-000449,正大乐城,SHUA舒华健身,SHUA舒华健身,健身房,4.3,663,商场内,rated,True,,rated,parsed,rating_anchor,0.9817,0.9985,48,4260,72.706,商场内 | ⭐🌟⭐⭐ | 4.3健身房￥663/人 | ★,60. | 舒华健身 | SHUA舒华健身 | 66天续航卡 | 商场内 | ⭐🌟⭐⭐ | 4.3健身房￥663/人 | ★ | 低至6折起 | 龙华/西岸健身中心销量榜第7名 | 联时福科 | 设备新且齐全，教练专业细心” | （ | ￥19.9￥59 | 惠 | 【新客体验】自助健身次卡...,ocr/input_videos\上海__正大乐城__20260825.mp4
OBS-000450,正大乐城,昂立Hello科学·powerup·AMC8..,昂立Hello科学·powerup·AMC8,其他科学探索,4.8,,2F,rated,True,,rated,parsed,rating_anchor,0.9618,0.9367,57,4260,72.706,4.8其他科学探索 | 2F,昂立Hello科学·powerup·AMC8.. | 公服城 He料 | 昂立国际 | 4.8其他科学探索 | 2F | 原版英语 | 点评榜单 | 徐汇区科学探索好评榜第1名 | 秋季班 | 课堂氛超燃，孩们亲动试试” | ￥9.9￥597全城6次课随心学|少游... | 惠,ocr/input_videos\上海__正大乐城__20260825.mp4
OBS-000451,正大乐城,上音琴行·儿童钢琴·小提琴·吉他·.,上音琴行·儿童钢琴·小提琴·吉他·.,音乐,4.9,362,2F,rated,True,,rated,parsed,rating_anchor,0.9336,0.9303,54,4260,72.706,2F | 4.9音乐￥362/人,上音琴行·儿童钢琴·小提琴·吉他·. | 2F | 4.9音乐￥362/人 | 上音琴行28年 | 点评榜单 | 龙华/西岸音乐好评榜第1名 | 口碑教学 | SAAN | 音乐会和演出精心布置，老师热情重视 | “ | ￥500 | 1.1折 | ￥1 | 惠 | 【钢琴体验】零基础到..,ocr/input_videos\上海__正大乐城__20260825.mp4
OBS-000452,正大乐城,SHUA舒华健身,SHUA舒华健身,健身房,4.3,663,商场内,rated,True,,rated,parsed,rating_anchor,0.982,0.9983,48,4272,72.911,⭐🌟🌟🌟 | 商场内 | 健身房￥663/人 | 4.3 | ★,605 | 舒华健身 | SHUA舒华健身 | G6天续航卡 | ⭐🌟🌟🌟 | 商场内 | 健身房￥663/人 | 4.3 | ★ | 低至6折起 | 龙华/西岸健身中心销量榜第7名 | 单时媒井 | 设备新且齐全，教练专业细心 | WF工 | eA | ￥19.9￥59 | 惠 | 【新客体验】自助健身次卡..,ocr/input_videos\上海__正大乐城__20260825.mp4
OBS-000453,正大乐城,昂立Hello科学·power up·AMC8...,昂立Hello科学·powerup·AMC8,其他科学探索,4.8,,2F,rated,True,,rated,parsed,rating_anchor,0.9274,0.9257,59,4272,72.911,⭐4.8其他科学探索 | 2F,昂立Hello科学·power up·AMC8... | 实探ei：料来 | 昂立国际 | ⭐4.8其他科学探索 | 2F | 原版英语 | 点评榜单 | 徐汇区科学探索好评榜第1名 | 秋季班 | 课堂气氛超燃，孩子们亲自动手试一试” | 惠 | ￥9.9￥597全城6次课随心学|少儿游.,ocr/input_videos\上海__正大乐城__20260825.mp4
OBS-000454,正大乐城,上音琴行·儿童钢琴·小提琴·吉他·..,上音琴行·儿童钢琴·小提琴·吉他,音乐,4.9,362,2F,rated,True,,rated,parsed,rating_anchor,0.9261,0.9008,55,4272,72.911,🌟🌟🎉🌟4.9 | 2F | 音乐￥362/人 | -,上音琴行·儿童钢琴·小提琴·吉他·.. | 🌟🌟🎉🌟4.9 | 2F | 音乐￥362/人 | - | 上音琴行28年 | 点评榜单 | 龙华/西岸音乐好评榜第1名 | 音乐会和演出精心布置，老师热情重视 | S | ￥500 | 1.1折 | ￥1 | 惠 | 【钢琴体验】零基础到..,ocr/input_videos\上海__正大乐城__20260825.mp4
OBS-000455,正大乐城,斯坦星球AI编程·机器人科创·科学...,斯坦星球AI编程·机器人科创·科学,积木拼搭,4.8,,2F,rated,True,,rated,parsed,rating_anchor,0.9173,0.9547,52,4272,72.911,2F | ⭐⭐4.8积木拼搭,斯坦星球AI编程·机器人科创·科学... | 开学钜惠 | 2F | ⭐⭐4.8积木拼搭 | 立減1000 | 点评榜单 | 徐汇区科学探索好评榜第2名 | AI编程机器人 | 科创思维积木 | 编程课氛围好，老师讲解细致,ocr/input_videos\上海__正大乐城__20260825.mp4
OBS-000456,正大乐城,SHUA舒华健身,SHUA舒华健身,健身房,4.3,663,商场内,rated,True,,rated,parsed,rating_anchor,0.9803,0.9989,48,4320,73.73,🌟🌟⭐ | 商场内 | 健身房￥663/人 | 4.3 | ★,60. | 夕舒华健身 | SHUA舒华健身 | G6天续航卡 | 🌟🌟⭐ | 商场内 | 健身房￥663/人 | 4.3 | ★ | 低至6折起 | 龙华/西岸健身中心销量榜第7名 | 联州福科 | 设备新且齐全，教练专业细心 | 《 | 文 | neH | 7 | ￥19.9￥59 | 惠 | 【新客体验】自助健身次卡...,ocr/input_videos\上海__正大乐城__20260825.mp4
OBS-000457,正大乐城,昂立Hello科学·powerup·AMC8...,昂立Hello科学·powerup·AMC8,其他科学探索,4.8,,2F,rated,True,,rated,parsed,rating_anchor,0.966,0.9339,57,4320,73.73,2F | 🌟🌟🎉🎉🎉4.8 | 其他科学探索,昂立Hello科学·powerup·AMC8... | 实国He：料 | 昂立国际 | 2F | 🌟🌟🎉🎉🎉4.8 | 其他科学探索 | 原版英语 | 点评榜单 | 徐汇区科学探索好评榜第1名 | 秋季班 | 课堂气氛超燃，孩子们亲自动手试一试“ | 惠 | ￥9.9￥597全城6次课随心学1少儿游...,ocr/input_videos\上海__正大乐城__20260825.mp4
OBS-000458,正大乐城,上音琴行·儿童钢琴·小提琴·吉他·…..,上音琴行·儿童钢琴·小提琴·吉他,音乐,4.9,362,2F,rated,True,,rated,parsed,rating_anchor,0.9202,0.8968,53,4320,73.73,🌟🌟🎉🎉🌟4.9 | 2F | 音乐￥362/人,上音琴行·儿童钢琴·小提琴·吉他·….. | 🌟🌟🎉🎉🌟4.9 | 2F | 音乐￥362/人 | 上音琴行28年 | 点评榜单 | 龙华/西岸音乐好评榜第1名 | 口碑致学 | 音乐会和演出精心布置，老师热情重视 | G | ￥500 | 1.1折 | 【钢琴体验】零基础到.. | 惠 | ￥1,ocr/input_videos\上海__正大乐城__20260825.mp4
OBS-000459,正大乐城,斯坦星球AI编程·机器人科创·科学...,斯坦星球AI编程·机器人科创·科学,积木拼搭,4.8,,2F,rated,True,,rated,parsed,rating_anchor,0.926,0.9456,52,4320,73.73,🌟4.8积木拼搭 | 2F,斯坦星球AI编程·机器人科创·科学... | 开学钜惠 | 🌟4.8积木拼搭 | 2F | 立減1000 | 点评榜单 | 徐汇区科学探索好评榜第2名 | AI编程机器人 | 科创思维积木 | 编程课氛围好，老师讲解细致 | 惠 | ￥9.9￥597全城6次课随心学1少儿游..,ocr/input_videos\上海__正大乐城__20260825.mp4
OBS-000460,正大乐城,茂昌眼镜,茂昌眼镜,眼镜店,4.7,759,1F,rated,True,,rated,parsed,rating_anchor,0.9857,0.9993,56,4320,73.73,1F | ★★★★★ | 眼镜店￥759/人 | 4.7,茂昌眼镜 | 茂昌眼镜 | 1F | ★★★★★ | 眼镜店￥759/人 | 4.7 | MAOCHANG | 验光细致专业，镜片镜框质量在线 | 百联集团成员企业,ocr/input_videos\上海__正大乐城__20260825.mp4
OBS-000461,正大乐城,昂立Hello科学·power up·AMC8...,昂立Hello科学·powerup·AMC8,其他科学探索,4.8,,2F,rated,True,,rated,parsed,rating_anchor,0.9427,0.9404,55,4380,74.754,⭐⭐4.8其他科学探索 | 2F,昂立Hello科学·power up·AMC8... | 想保 HeH：科 | 昂立国际 | ⭐⭐4.8其他科学探索 | 2F | 原版英语 | 点评榜单 | 徐汇区科学探索好评榜第1名 | 秋季班 | 课堂气氛超燃，孩子们亲自动手试一试 | ￥9.9￥597全城6次课随心学1少儿游... | 惠,ocr/input_videos\上海__正大乐城__20260825.mp4
OBS-000462,正大乐城,上音琴行·儿童钢琴·小提琴·吉他·.,上音琴行·儿童钢琴·小提琴·吉他·.,窗4.9,4.9,362,2F,rated,True,,rated,parsed,rating_anchor,0.8125,0.9388,53,4380,74.754,2F | ★★★★窗4.9 | 音乐￥362/人,上音琴行·儿童钢琴·小提琴·吉他·. | 2F | ★★★★窗4.9 | 音乐￥362/人 | 上音琴行28年 | 点评榜单 | 龙华/西岸音乐好评榜第1名 | 口碑教 | 音乐会和演出精心布置，老师热情重视 | 1.1折 | ￥500 | ￥1 | 惠 | 【钢琴体验】零基础到..,ocr/input_videos\上海__正大乐城__20260825.mp4
OBS-000463,正大乐城,斯坦星球AI编程·机器人科创·科学...,斯坦星球AI编程·机器人科创·科学,积木拼搭,4.8,,2F,rated,True,,rated,parsed,rating_anchor,0.8915,0.9478,53,4380,74.754,⭐⭐⭐4.8积木拼搭 | 2F,斯坦星球AI编程·机器人科创·科学... | 开学钜惠 | ⭐⭐⭐4.8积木拼搭 | 2F | 立減1000 | 点评榜单 | 徐汇区科学探索好评榜第2名 | AI编程机器人 | 科创思维积木 | 编程课氛围好，老师讲解细致 | S | ￥9.9￥597全城6次课随心学1少儿游. | 惠,ocr/input_videos\上海__正大乐城__20260825.mp4
OBS-000464,正大乐城,茂昌眼镜,茂昌眼镜,眼镜店,4.7,759,1F,rated,True,,rated,parsed,rating_anchor,0.9695,0.999,56,4380,74.754,1F | ⭐4.7眼镜店￥759/人,茂昌眼镜 | 1F | 茂昌眼镜 | ⭐4.7眼镜店￥759/人 | MAOCHANG | 验光细致专业，镜片镜框质量在线 | 2 | 百联集团成员企业 | 120明培智粥膜升级光 | 出,ocr/input_videos\上海__正大乐城__20260825.mp4
OBS-000465,正大乐城,茂昌眼镜,茂昌眼镜,眼镜店,4.7,759,1F,rated,True,,rated,parsed,rating_anchor,0.9797,0.9954,59,4428,75.573,⭐🌟🌟🌟🌟 | 1F | 眼镜店￥759/人 | 4.7,茂昌眼镜 | 茂昌眼镜 | ⭐🌟🌟🌟🌟 | 1F | 眼镜店￥759/人 | 4.7 | MAOCHANG | 验光细致专业，镜片镜框质量在线 | 2 | 百联集团院是企业 | ￥10￥300 | 惠 | 眼镜智耀膜升级券,ocr/input_videos\上海__正大乐城__20260825.mp4
OBS-000466,正大乐城,正大乐城-停车场,正大乐城-停车场,停车场,,,商场内,unrated,False,explicitly_unrated,unrated,parsed,unrated_anchor,0.9993,0.9993,51,4428,75.573,商场内 | 停车场 | ★★★★★ | 暂无星级,停车区 | B3 | 正大乐城-停车场 | 商场内 | 停车场 | ★★★★★ | 暂无星级,ocr/input_videos\上海__正大乐城__20260825.mp4
OBS-000467,正大乐城,臻元阁中医诊所Ⅰ痛症·睡眠·减肥,臻元阁中医诊所I痛症·睡眠·减肥,中医治疗/养生,,,2F,new_store,False,new_store,ocr_missing,parsed,metadata_anchor,0.963,0.9286,51,4428,75.573,新店 | 2F | 中医治疗/养生,臻元阁中医诊所Ⅰ痛症·睡眠·减肥 | 新店 | 2F | 中医治疗/养生 | 中医诊所 | 非速技术传承人指定机构 | 儿腊针烫套为 | M | 惠￥1￥9.9 | 夏季三伏|养心.. | 【药食同源】,ocr/input_videos\上海__正大乐城__20260825.mp4
OBS-000468,正大乐城,华为汽车,华为汽车,综合经销商,,,1F,unrated,False,explicitly_unrated,unrated,parsed,unrated_anchor,0.9998,0.9998,57,4428,75.573,1F | ★★★★ | 暂无星级 | 综合经销商,华为汽车 | UAWEI | 1F | ★★★★ | 暂无星级 | 综合经销商,ocr/input_videos\上海__正大乐城__20260825.mp4
OBS-000469,正大乐城,丽则,丽则,购物,,,1F,new_store,False,new_store,ocr_missing,parsed,metadata_anchor,0.9998,0.9997,61,4428,75.573,新店 | 购物 | 1F,丽则 | 新店 | 购物 | 1F | LHZE丽则,ocr/input_videos\上海__正大乐城__20260825.mp4
OBS-000470,正大乐城,聚尔乐高尔夫,聚尔乐高尔夫,高尔夫场,,,4F,unrated,False,explicitly_unrated,unrated,parsed,unrated_anchor,0.999,0.9997,57,4428,75.573,4F | 暂无星级 | 高尔夫场,聚尔乐高尔夫 | 4F | 暂无星级 | 高尔夫场,ocr/input_videos\上海__正大乐城__20260825.mp4
OBS-000471,正大乐城,茂昌眼镜,茂昌眼镜,眼镜店,4.7,759,1F,rated,True,,rated,parsed,rating_anchor,0.987,0.9968,56,4440,75.778,⭐🌟🌟🌟🌟 | 1F | 眼镜店￥759/人 | 4.7,茂昌眼镜 | 茂昌眼镜 | ⭐🌟🌟🌟🌟 | 1F | 眼镜店￥759/人 | 4.7 | MAOCHANG | 验光细致专业，镜片镜框质量在线 | 3 | 西联团成品企业 | 惠 | ￥10￥300 | 眼镜智耀膜升级券,ocr/input_videos\上海__正大乐城__20260825.mp4
OBS-000472,正大乐城,正大乐城-停车场,正大乐城-停车场,停车场,,,商场内,unrated,False,explicitly_unrated,unrated,parsed,unrated_anchor,0.9985,0.9975,52,4440,75.778,停车场 | 商场内 | ★★★★★ | 暂无星级,停车区 | B3 | 正大乐城-停车场 | 停车场 | 商场内 | 人祖通 | ★★★★★ | 暂无星级,ocr/input_videos\上海__正大乐城__20260825.mp4
OBS-000473,正大乐城,臻元阁中医诊所Ⅰ痛症·睡眠·减肥,臻元阁中医诊所I痛症·睡眠·减肥,中医治疗/养生,,,2F,new_store,False,new_store,ocr_missing,parsed,metadata_anchor,0.9683,0.9379,51,4440,75.778,新店 | 2F | 中医治疗/养生,臻元阁中医诊所Ⅰ痛症·睡眠·减肥 | 新店 | 2F | 中医治疗/养生 | 中医诊所 | 非道技术传承人指定机构 | 儿酒针灸 | 核阁 | 套方 | 惠￥1￥9.9 | 【药食同源】 | 夏季三伏|养心...,ocr/input_videos\上海__正大乐城__20260825.mp4
OBS-000474,正大乐城,华为汽车,华为汽车,综合经销商,,,1F,unrated,False,explicitly_unrated,unrated,parsed,unrated_anchor,0.9996,0.9997,56,4440,75.778,★★★★★ | 暂无星级 | 1F | 综合经销商,华为汽车 | UAWEI | ★★★★★ | 暂无星级 | 1F | 综合经销商,ocr/input_videos\上海__正大乐城__20260825.mp4
OBS-000475,正大乐城,丽则,丽则,购物,,,1F,new_store,False,new_store,ocr_missing,parsed,metadata_anchor,0.9998,0.9996,58,4440,75.778,购物 | 新店 | 1F,丽则 | 购物 | 新店 | 1F | LHZE丽则,ocr/input_videos\上海__正大乐城__20260825.mp4
OBS-000476,正大乐城,聚尔乐高尔夫,聚尔乐高尔夫,高尔夫场,,,4F,unrated,False,explicitly_unrated,unrated,parsed,unrated_anchor,0.9992,0.9998,51,4440,75.778,暂无星级 | 高尔夫场 | 4F,聚尔乐高尔夫 | 暂无星级 | 高尔夫场 | 4F,ocr/input_videos\上海__正大乐城__20260825.mp4
OBS-000477,正大乐城,正大乐城-停车场,正大乐城-停车场,停车场,,,商场内,unrated,False,explicitly_unrated,unrated,parsed,unrated_anchor,0.9981,0.9969,57,4560,77.826,停车场 | 商场内 | 暂无星级 | ★★★★★,正大乐城-停车场 | 停车区 | B3 | 停车场 | 人行通业 | 商场内 | 暂无星级 | ★★★★★,ocr/input_videos\上海__正大乐城__20260825.mp4
OBS-000478,正大乐城,臻元阁中医诊所|痛症·睡眠·减肥,臻元阁中医诊所|痛症·睡眠·减肥,中医治疗/养生,,,2F,new_store,False,new_store,ocr_missing,parsed,metadata_anchor,0.9825,0.9691,57,4560,77.826,2F | 新店 | 中医治疗/养生,臻元阁中医诊所|痛症·睡眠·减肥 | 2F | 新店 | 中医治疗/养生 | 中医诊所 | 学通技术传承人指定机构 | 儿酒针灸套为 | 防据 | ￥1￥9.9 | 【药食同源】夏季三伏|养心. | 惠,ocr/input_videos\上海__正大乐城__20260825.mp4
OBS-000479,正大乐城,华为汽车,华为汽车,综合经销商,,,1F,unrated,False,explicitly_unrated,unrated,parsed,unrated_anchor,0.9997,0.9998,62,4560,77.826,🌟🌟💥🌟🌟 | 暂无星级 | 1F | 综合经销商,华为汽车 | UAWEI | 🌟🌟💥🌟🌟 | 暂无星级 | 1F | 综合经销商,ocr/input_videos\上海__正大乐城__20260825.mp4
OBS-000480,正大乐城,丽则,丽则,购物,,,1F,new_store,False,new_store,ocr_missing,parsed,metadata_anchor,0.9999,0.9999,66,4560,77.826,购物 | 新店 | 1F,丽则 | 购物 | 新店 | 1F | LHZE丽则,ocr/input_videos\上海__正大乐城__20260825.mp4
OBS-000481,正大乐城,聚尔乐高尔夫,聚尔乐高尔夫,高尔夫场,,,4F,unrated,False,explicitly_unrated,unrated,parsed,unrated_anchor,0.9995,0.9995,55,4560,77.826,暂无星级 | 高尔夫场 | 4F | ★★★★★,聚尔乐高尔夫 | 暂无星级 | 高尔夫场 | 4F | ★★★★★ | 当地玩乐,ocr/input_videos\上海__正大乐城__20260825.mp4
OBS-000482,正大乐城,正大乐城-停车场,正大乐城-停车场,停车场,,,商场内,unrated,False,explicitly_unrated,unrated,parsed,unrated_anchor,0.9995,0.9995,55,4608,78.645,商场内 | 停车场 | 暂无星级 | ★★★★★,停车区 | 正大乐城-停车场 | B3 | 商场内 | 停车场 | 人行通 | 暂无星级 | ★★★★★,ocr/input_videos\上海__正大乐城__20260825.mp4
OBS-000483,正大乐城,臻元阁中医诊所|痛症·睡眠·减肥,臻元阁中医诊所|痛症·睡眠·减肥,中医治疗/养生,,,2F,new_store,False,new_store,ocr_missing,parsed,metadata_anchor,0.9744,0.9501,54,4608,78.645,新店 | 2F | 中医治疗/养生,臻元阁中医诊所|痛症·睡眠·减肥 | 新店 | 2F | 中医治疗/养生 | 中医诊所 | 学速技术传承人指定机构 | 儿推针灸套为 | 助据 | ￥1￥9.9 | 【药食同源】夏季三伏|养心.. | 惠,ocr/input_videos\上海__正大乐城__20260825.mp4
OBS-000484,正大乐城,华为汽车,华为汽车,综合经销商,,,1F,unrated,False,explicitly_unrated,unrated,parsed,unrated_anchor,0.9997,0.9998,57,4608,78.645,暂无星级 | 1F | 🌟🌟💥🌟 | 综合经销商,华为汽车 | UAWEI | 暂无星级 | 1F | 🌟🌟💥🌟 | 综合经销商,ocr/input_videos\上海__正大乐城__20260825.mp4
OBS-000485,正大乐城,丽则,丽则,购物,,,1F,new_store,False,new_store,ocr_missing,parsed,metadata_anchor,0.9999,0.9999,62,4608,78.645,购物 | 新店 | 1F,丽则 | 购物 | 新店 | 1F | LHZE丽则,ocr/input_videos\上海__正大乐城__20260825.mp4
OBS-000486,正大乐城,聚尔乐高尔夫,聚尔乐高尔夫,高尔夫场,,,4F,unrated,False,explicitly_unrated,unrated,parsed,unrated_anchor,0.9996,0.9996,52,4608,78.645,暂无星级 | 4F | 高尔夫场 | ★★★★★,聚尔乐高尔夫 | 暂无星级 | 4F | 高尔夫场 | ★★★★★ | 当地玩乐 | 未泱书屋,ocr/input_videos\上海__正大乐城__20260825.mp4
OBS-000487,正大乐城,未泱书屋,未泱书屋,绘本馆,,,2F,new_store,False,new_store,ocr_missing,parsed,metadata_anchor,0.9856,0.974,56,4668,79.669,绘本馆 | 新店 | 2F,未泱书屋 | 绘本馆 | 新店 | 2F | 未泱书屋 | WIN YOUNG BOOK HOUSE | ￥300 | 惠 | ￥300 | 【首月特惠】英文分级阅读,ocr/input_videos\上海__正大乐城__20260825.mp4
OBS-000488,正大乐城,神州租车,神州租车,综合租赁,,,商场内,unrated,False,explicitly_unrated,unrated,parsed,unrated_anchor,0.9994,0.9993,56,4668,79.669,🌟🌟★★ | 商场内 | 暂无星级 | 综合租赁,神州租车 | 🌟🌟★★ | 商场内 | 暂无星级 | 综合租赁 | 租车,ocr/input_videos\上海__正大乐城__20260825.mp4
OBS-000489,正大乐城,招商银行ATM,招商银行ATM,ATM自助网点,,,1F,unrated,False,explicitly_unrated,unrated,parsed,unrated_anchor,0.9943,0.9976,52,4668,79.669,1F | 暂无星级 | ★★★★★ | ATM自助网点,招商银行ATM | 心出商编 | 打 | 1F | 暂无星级 | ★★★★★ | ATM自助网点,ocr/input_videos\上海__正大乐城__20260825.mp4
OBS-000490,正大乐城,乐摩吧,乐摩吧,智能按...,,20,2F,unrated,False,explicitly_unrated,unrated,parsed,unrated_anchor,0.9499,1.0,60,4668,79.669,暂无星级 | ⭐⭐💥🌟🌟 | ￥20/人2F | 智能按…,乐摩吧 | （乐串电利） | 承开部乐园 | 陆具装 | 暂无星级 | ⭐⭐💥🌟🌟 | ￥20/人2F | 智能按… | 新摩吧 | LEMOBAR,ocr/input_videos\上海__正大乐城__20260825.mp4
OBS-000491,正大乐城,乐摩吧,乐摩吧,智能按.,,20,B1,unrated,False,explicitly_unrated,unrated,parsed,unrated_anchor,0.9553,1.0,58,4668,79.669,★★★★★ | 智能按.￥20/人B1 | 暂无星级,乐摩吧 | 乐承电 | ★★★★★ | 智能按.￥20/人B1 | 暂无星级 | 乐摩吧 | 米 | LEMOBAR,ocr/input_videos\上海__正大乐城__20260825.mp4
OBS-000492,正大乐城,乐摩吧,乐摩吧,智能按..,,20,B1,unrated,False,explicitly_unrated,unrated,parsed,unrated_anchor,0.9314,0.9999,58,4668,79.669,★★★★★ | 智能按.. | 暂无星级 | ￥20/人B1,乐摩吧 | 乐承电器 | ★★★★★ | 智能按.. | 暂无星级 | ￥20/人B1,ocr/input_videos\上海__正大乐城__20260825.mp4
OBS-000493,正大乐城,未泱书屋,未泱书屋,绘本馆,,,2F,new_store,False,new_store,ocr_missing,parsed,metadata_anchor,0.9824,0.9667,56,4680,79.874,绘本馆 | 2F | 新店,未泱书屋 | 绘本馆 | 2F | 新店 | 未央书屋 | WIN YOUNG BOOK HOUSE | 【首月特惠】英文分级阅读 | ￥300 | 惠 | ￥300,ocr/input_videos\上海__正大乐城__20260825.mp4
OBS-000494,正大乐城,神州租车,神州租车,综合租赁,,,商场内,unrated,False,explicitly_unrated,unrated,parsed,unrated_anchor,0.9989,0.9984,53,4680,79.874,商场内 | ★★★★★ | 暂无星级 | 综合租赁,神州租车 | 商场内 | ★★★★★ | 暂无星级 | 综合租赁 | 租车,ocr/input_videos\上海__正大乐城__20260825.mp4
OBS-000495,正大乐城,招商银行ATM,招商银行ATM,ATM自助网点,,,1F,unrated,False,explicitly_unrated,unrated,parsed,unrated_anchor,0.9973,0.997,52,4680,79.874,1F | 暂无星级 | ★🌟🌟🌟 | ATM自助网点,心租商锁 | 招商银行ATM | 打 | 1F | 暂无星级 | ★🌟🌟🌟 | ATM自助网点,ocr/input_videos\上海__正大乐城__20260825.mp4
OBS-000496,正大乐城,乐摩吧,乐摩吧,智能按.,,20,2F,unrated,False,explicitly_unrated,unrated,parsed,unrated_anchor,0.9437,1.0,59,4680,79.874,★★★★★ | 暂无星级 | 智能按. | ￥20/人2F,乐摩吧 | 国 | 乐摩电器 | ★★★★★ | 暂无星级 | 智能按. | ￥20/人2F | 乐摩吧 | 米 | LEMOBAR,ocr/input_videos\上海__正大乐城__20260825.mp4
OBS-000497,正大乐城,乐摩吧,乐摩吧,智能按,,20,B1,unrated,False,explicitly_unrated,unrated,parsed,unrated_anchor,0.9974,1.0,58,4680,79.874,★★★★★ | 暂无星级 | ￥20/人B1 | 智能按,乐摩吧 | 费 | （乐摩吃） | ★★★★★ | 暂无星级 | ￥20/人B1 | 智能按 | 乐摩吧 | 米 | LEMOBAR,ocr/input_videos\上海__正大乐城__20260825.mp4
OBS-000498,正大乐城,乐摩吧,乐摩吧,智能按...,,20,B1,unrated,False,explicitly_unrated,unrated,parsed,unrated_anchor,0.9459,1.0,61,4680,79.874,★🌟🌟🌟 | 暂无星级 | 智能按… | ￥20/人B1,乐摩吧 | 家讯菜 | 乐摩电） | 德真费品 | ★🌟🌟🌟 | 暂无星级 | 智能按… | ￥20/人B1,ocr/input_videos\上海__正大乐城__20260825.mp4
OBS-000499,正大乐城,佰简行AIM,佰简行AIM,ATM自助网点,,,1F,unrated,False,explicitly_unrated,unrated,parsed,unrated_anchor,0.8113,0.6254,35,4764,81.308,★★★★★ | 暂无星级 | ATM自助网点 | 1F,佰简行AIM | 2 | ★★★★★ | 暂无星级 | ATM自助网点 | 1F,ocr/input_videos\上海__正大乐城__20260825.mp4
OBS-000500,正大乐城,乐摩吧,乐摩吧,智能按.,,20,2F,unrated,False,explicitly_unrated,unrated,parsed,unrated_anchor,0.9291,0.9999,55,4764,81.308,🌟🌟💥🌟🌟 | 暂无星级 | ￥20/人2F | 智能按.,乐摩吧 | 深乐 | 乐库电） | 德真卖 | 🌟🌟💥🌟🌟 | 暂无星级 | ￥20/人2F | 智能按. | 乐摩吧 | LEMOBAR,ocr/input_videos\上海__正大乐城__20260825.mp4
OBS-000501,正大乐城,乐摩吧,乐摩吧,智能按..,,20,B1,unrated,False,explicitly_unrated,unrated,parsed,unrated_anchor,0.9502,1.0,55,4764,81.308,★★★★★ | 智能按.．￥20/人B1 | 暂无星级,乐摩吧 | 乐原电） | 武要 | ★★★★★ | 智能按.．￥20/人B1 | 暂无星级 | 乐摩吧 | LEMOBAR,ocr/input_videos\上海__正大乐城__20260825.mp4
OBS-000502,正大乐城,乐摩吧,乐摩吧,智能按.,,20,B1,unrated,False,explicitly_unrated,unrated,parsed,unrated_anchor,0.9516,1.0,58,4764,81.308,★★★★★ | 智能按. | 暂无星级 | ￥20/人B1,乐摩吧 | 乐萍吧器） | 承乳区 | 造R | ★★★★★ | 智能按. | 暂无星级 | ￥20/人B1 | 乐摩吧 | 米 | LEMOBAR,ocr/input_videos\上海__正大乐城__20260825.mp4
OBS-000503,正大乐城,乐摩吧,乐摩吧,智能按.,,20,2F,unrated,False,explicitly_unrated,unrated,parsed,unrated_anchor,0.9632,1.0,58,4764,81.308,★★★★★ | 智能按.￥20/人2F | 暂无星级,乐摩吧 | 原质 | 乐摩电 | 武美 | ★★★★★ | 智能按.￥20/人2F | 暂无星级 | 乐摩吧 | LEMOBAR,ocr/input_videos\上海__正大乐城__20260825.mp4
OBS-000504,正大乐城,乐摩吧,乐摩吧,智能按.,,20,B1,unrated,False,explicitly_unrated,unrated,parsed,unrated_anchor,0.9258,1.0,55,4764,81.308,★★★★★ | 暂无星级 | 智能按. | ￥20/人B1,乐摩吧 | 深机 | 乐摩电器 | 造R | ★★★★★ | 暂无星级 | 智能按. | ￥20/人B1 | 乐摩吧 | LEMOBAR,ocr/input_videos\上海__正大乐城__20260825.mp4
OBS-000505,正大乐城,乐摩吧,乐摩吧,智能按...,,20,2F,unrated,False,explicitly_unrated,unrated,parsed,unrated_anchor,0.941,1.0,59,4788,81.717,🌟🌟🌟 | 智能按… | ￥20/人2F | 暂无星级,乐摩吧 | （乐原电） | 取理 | 营 | 🌟🌟🌟 | 智能按… | ￥20/人2F | 暂无星级 | 乐摩吧 | 米 | LEMOBAR,ocr/input_videos\上海__正大乐城__20260825.mp4
OBS-000506,正大乐城,乐摩吧,乐摩吧,智能按.,,20,B1,unrated,False,explicitly_unrated,unrated,parsed,unrated_anchor,0.9296,1.0,55,4788,81.717,★★★★★ | 暂无星级 | 智能按. | ￥20/人B1,乐摩吧 | 乐原电器 | 乳 | R | ★★★★★ | 暂无星级 | 智能按. | ￥20/人B1 | 乐摩吧 | LEMOBAR,ocr/input_videos\上海__正大乐城__20260825.mp4
OBS-000507,正大乐城,乐摩吧,乐摩吧,智能按,,20,B1,unrated,False,explicitly_unrated,unrated,parsed,unrated_anchor,0.9971,1.0,55,4788,81.717,★★★★★ | 暂无星级 | 智能按 | ￥20/人B1,乐摩吧 | （乐摩吃器） | 活具售 | ★★★★★ | 暂无星级 | 智能按 | ￥20/人B1 | 乐摩吧 | LEMOBAR,ocr/input_videos\上海__正大乐城__20260825.mp4
OBS-000508,正大乐城,乐摩吧,乐摩吧,智能按.,,20,2F,unrated,False,explicitly_unrated,unrated,parsed,unrated_anchor,0.9326,1.0,55,4788,81.717,★★★★★ | 智能按. | ￥20/人2F | 暂无星级,乐摩吧 | 员 | 乐原电园） | ★★★★★ | 智能按. | ￥20/人2F | 暂无星级 | 乐摩吧 | 米 | LEMOBAR,ocr/input_videos\上海__正大乐城__20260825.mp4
OBS-000509,正大乐城,乐摩吧,乐摩吧,智能按..,,20,B1,unrated,False,explicitly_unrated,unrated,parsed,unrated_anchor,0.9508,1.0,60,4788,81.717,★★★★★ | 智能按.．￥20/人B1 | 暂无星级,乐摩吧 | （乐牌吃） | 京讯正品 | 信具营分 | ★★★★★ | 智能按.．￥20/人B1 | 暂无星级 | 乐摩吧 | LEMOBAR | 已经到底啦~,ocr/input_videos\上海__正大乐城__20260825.mp4
