observation_id,mall_name,merchant_name_raw,merchant_name_normalized,category_raw,rating,avg_price_yuan,floor_location,card_type,research_eligible,exclusion_reason,rating_status,category_status,detection_method,ocr_confidence,title_score,title_height,frame_index,timestamp_sec,metadata_text,all_text,source_video
OBS-000001,美罗城,安又胖韩国烤肉,安又胖韩国烤肉,韩式烤肉,4.4,110,L3,rated,True,,rated,parsed,rating_anchor,0.9819,0.9996,51,24,0.412,L3 | ★★🌟🌟 | 韩式烤肉￥110/人 | 4.4,安又胖韩国烤肉 | L3 | ★★🌟🌟 | 韩式烤肉￥110/人 | 4.4 | 安又胖 | 点评榜单 | 徐家汇商圈烤肉好评榜第1名 | 韩式烤肉科理 | 秘制牛排，妈妈的味道，回味无穷 | ￥39 | ￥29.9 | 7.7折 | 【夏季上新】济州岛. | 惠 | 8.9折 | ￥50 | ￥44.5| | 惠 | 【帮你省薪】50元代...,ocr/input_videos\上海__美罗城__20260825.mp4
OBS-000002,美罗城,云彩坡·云南古法油焖鸡,云彩坡·云南古法油焖鸡,云南菜滇菜,4.4,97,L4,rated,True,,rated,parsed,rating_anchor,0.9733,0.9865,53,24,0.412,🌟🌟⭐⭐ | 4.4云南菜滇菜￥97/人 | L4 | ★,云彩坡·云南古法油焖鸡 | 🌟🌟⭐⭐ | 4.4云南菜滇菜￥97/人 | L4 | ★ | 点评榜单 | 徐汇区云南菜滇菜热门榜第1名 | 是计国 | 11:00营业 | 环境宜人，服务周到，响应及时 | ￥1989折 | 惠 | ￥221镇店招牌2人餐 | ￥48.59.7折 | ￥5050元代金券 | 惠,ocr/input_videos\上海__美罗城__20260825.mp4
OBS-000003,美罗城,翠富楼·粵式点心·啫啫煲,翠富楼·粤式点心·啫啫煲,粤菜馆,4.5,95,L8,rated,True,,rated,parsed,rating_anchor,0.9521,0.9513,53,24,0.412,★🌟★★🌟 | L8 | 粤菜馆￥95/人 | 4.5,翠富楼·粵式点心·啫啫煲 | 7:00-10:00 | CIELIFULA | ★🌟★★🌟 | L8 | 粤菜馆￥95/人 | 4.5 | 單富樓 | 点评榜单 | 徐家汇商圈粤菜热门榜第4名 | 早茶78折 | 艇仔粥香浓可口 | 1 | 5.3折 | ￥9.9 | ￥19港式冻柠茶 | 惠 | ￥929.2折 | 惠 | ￥100 | 【买单必备】100元...,ocr/input_videos\上海__美罗城__20260825.mp4
OBS-000004,美罗城,孤独的寿喜烧,孤独的寿喜烧,日本料理,4.3,81,B1,rated,True,,rated,parsed,rating_anchor,0.9755,0.9994,48,24,0.412,B1 | 🌟🌟🌟⭐ | 4.3 | 日本料理￥81/人,孤独的寿喜烧 | 孤独的寿喜 | 15n201 | B1 | 🌟🌟🌟⭐ | 4.3 | 日本料理￥81/人 | 点评榜单 | 徐家汇商圈日式料理销量榜第3名 | 11:00营业 | ￥787.3折 | 惠 | ￥108 | 【板前一人食】孤独..,ocr/input_videos\上海__美罗城__20260825.mp4
OBS-000005,美罗城,孤独的寿喜烧,孤独的寿喜烧,日本料理,4.3,81,B1,rated,True,,rated,parsed,rating_anchor,0.9722,0.9991,51,252,4.327,🌟🌟🌟⭐ | B1 | 日本料理￥81/人 | 4.3 | ★,孤独的寿喜烧 | 孤轴的寿喜 | 1501 | 🌟🌟🌟⭐ | B1 | 日本料理￥81/人 | 4.3 | ★ | 点评榜单 | 徐家汇商圈日式料理销量榜第3名 | 11:00营业 | ￥787.3折 | ￥108 | 惠 | 【板前一人食】孤独..,ocr/input_videos\上海__美罗城__20260825.mp4
OBS-000006,美罗城,THEREVE未来影院VR大空间,THEREVE未来影院VR大空间,VR,4.5,77,L5,rated,True,,rated,parsed,rating_anchor,0.9676,0.9865,51,252,4.327,🌟🌟🌟🌟🌟 | L5 | 4.5VR￥77/人,THEREVE未来影院VR大空间 | THEREVE | 电 | 未开B院 | 影不止是观看 | 🌟🌟🌟🌟🌟 | L5 | 4.5VR￥77/人 | 徐汇区VR销量榜第2名 | 高考月学生立减20 | ￥1408.9折 | ￥300 | 【双人票】全感VR.. | 惠,ocr/input_videos\上海__美罗城__20260825.mp4
OBS-000007,美罗城,西堤牛排,西堤牛排,西餐,4.6,105,L4,rated,True,,rated,parsed,rating_anchor,0.9787,0.9997,55,252,4.327,🌟🌟🌟🌟🌟 | L4 | 西餐￥105/人 | 4.6,西堤牛排 | 超级骨牛排 | 焕新启程 | 🌟🌟🌟🌟🌟 | L4 | 西餐￥105/人 | 4.6 | 点评榜单 | 徐家汇商圈西餐回头客榜第1名 | 11:00营业 | 牛排与鹅肝的完美碰撞 | ￥298 | 惠 | 5.9折 | ￥510焕新|超级厚牛排...,ocr/input_videos\上海__美罗城__20260825.mp4
OBS-000008,美罗城,争鲜回转寿司,争鲜回转寿司,日本料理,3.9,69,L3,rated,True,,rated,parsed,rating_anchor,0.9709,0.997,53,252,4.327,L3 | 🌟🌟🌟 | 3.9 | 日本料理￥69/人,争鲜的人 | 争鲜回转寿司 | 快来学挪威 | L3 | 🌟🌟🌟 | 的鲜 | 3.9 | 日本料理￥69/人 | 心 | 点评榜单 | 徐家汇商圈日本料理打卡人气榜第5名 | 口味清淡，干净明亮的环境 | ￥97.5折 | ￥12 | 惠 | 【到店必点】三文鱼寿司 | ￥56 | ￥60 | 9.4折 | 惠 | 【工作日专享】60元代.,ocr/input_videos\上海__美罗城__20260825.mp4
OBS-000009,美罗城,孤独的寿喜烧,孤独的寿喜烧,日本料理,4.3,81,B1,rated,True,,rated,parsed,rating_anchor,0.9726,0.9903,52,288,4.946,日本料理￥81/人 | ★🌟★⭐ | B1 | 4.3,孤独的寿喜烧 | 孤油的寿喜発 | 0 | 日本料理￥81/人 | ★🌟★⭐ | B1 | 4.3 | 点评榜单 | 徐家汇商圈日式料理销量榜第3名 | 11:00营业 | ￥787.3折 | ￥108 | 惠 | 【板前一人食】孤独.,ocr/input_videos\上海__美罗城__20260825.mp4
OBS-000010,美罗城,THE REVE 未来影院VR大空间,THEREVE未来影院VR大空间,VR,4.5,77,L5,rated,True,,rated,parsed,rating_anchor,0.9671,0.9721,51,288,4.946,L5 | 🌟🌟🌟🌟🌟 | 4.5VR￥77/人,THE REVE 未来影院VR大空间 | 电 | THE REVE | 承乐院 | 影不止是观看 | L5 | 🌟🌟🌟🌟🌟 | 4.5VR￥77/人 | 徐汇区VR销量榜第2名 | 高考月学生立减20 | ￥300 | ￥1408.9折 | 惠 | 【双人票】全感VR..,ocr/input_videos\上海__美罗城__20260825.mp4
OBS-000011,美罗城,西堤牛排,西堤牛排,西餐,4.6,105,L4,rated,True,,rated,parsed,rating_anchor,0.9861,0.9998,56,288,4.946,🌟🌟⭐⭐🌟 | 4.6西餐￥105/人 | L4,西堤牛排 | 超级骨牛排 | 煥新启程 | 🌟🌟⭐⭐🌟 | 4.6西餐￥105/人 | L4 | 点评榜单 | 徐家汇商圈西餐回头客榜第1名 | 11:00营业 | 心 | 牛排与鹅肝的完美碰撞 | 5 | ￥298 | 惠 | ￥510焕新1超级厚牛排.. | 5.9折,ocr/input_videos\上海__美罗城__20260825.mp4
OBS-000012,美罗城,争鲜回转寿司,争鲜回转寿司,日本料理,3.9,69,L3,rated,True,,rated,parsed,rating_anchor,0.9767,0.9992,52,288,4.946,日本料理￥69/人 | L3 | 🌟🌟🌟🌟🌟 | 3.9,争鲜的人 | 争鲜回转寿司 | 快采争挪威 | 的鲜 | 日本料理￥69/人 | L3 | 🌟🌟🌟🌟🌟 | 3.9 | 点评榜单 | 徐家汇商圈日本料理打卡人气榜第5名 | :00营业 | 口味清淡，干净明亮的环境 | “ | ￥12 | 7.5折 | 惠 | ￥9 | 【到店必点】三文鱼寿司 | ￥569.4折 | ￥60 | 惠 | 【工作日专享】60元代..,ocr/input_videos\上海__美罗城__20260825.mp4
OBS-000013,美罗城,鸟心,鸟心,日本料理,3.6,90,B1,rated,True,,rated,parsed,rating_anchor,0.9623,0.993,63,288,4.946,★🌟🌟★ | B1 | 日本料理￥90/人 | 3.6,鸟心 | ★🌟🌟★ | B1 | 日本料理￥90/人 | 3.6 | 与证培用 | 谷定汇产留口本焖细同义家接策10名,ocr/input_videos\上海__美罗城__20260825.mp4
OBS-000014,美罗城,孤独的寿喜烧,孤独的寿喜烧,日本料理,4.3,81,B1,rated,True,,rated,parsed,rating_anchor,0.9821,0.9994,51,300,5.152,⭐🌟⭐⭐ | 日本料理￥81/人 | B1 | 4.3,孤独的寿喜烧 | 孤独的寿喜烧 | AOROPT | ⭐🌟⭐⭐ | 日本料理￥81/人 | B1 | 4.3 | 点评榜单 | 徐家汇商圈日式料理销量榜第3名 | 11:00营业 | ￥787.3折 | ￥108 | 【板前一人食】孤独. | 惠,ocr/input_videos\上海__美罗城__20260825.mp4
OBS-000015,美罗城,THE REVE 未来影院VR大空间,THEREVE未来影院VR大空间,VR,4.5,77,L5,rated,True,,rated,parsed,rating_anchor,0.9525,0.9742,51,300,5.152,L5 | 4.5VR￥77/人,THE REVE 未来影院VR大空间 | 电 | THE REVE | 东来院 | 影不止是观看 | L5 | 4.5VR￥77/人 | 徐汇区VR销量榜第2名 | 高考月学生立减20 | ￥300 | ￥1408.9折 | 惠 | 【双人票】全感VR..,ocr/input_videos\上海__美罗城__20260825.mp4
OBS-000016,美罗城,西堤牛排,西堤牛排,西餐,4.6,105,L4,rated,True,,rated,parsed,rating_anchor,0.9841,0.9997,56,300,5.152,L4 | 🌟🌟🌟🌟🌟 | 4.6西餐￥105/人,西堤牛排 | 超级骨牛排 | 煥新启程 | L4 | 🌟🌟🌟🌟🌟 | 4.6西餐￥105/人 | 点评榜单 | 徐家汇商圈西餐回头客榜第1名 | 11:00营业 | 牛排与鹅肝的完美碰撞 | “ | 55 | ￥2985.9折 | ¥510焕新|超级厚牛排... | 惠,ocr/input_videos\上海__美罗城__20260825.mp4
OBS-000017,美罗城,争鲜回转寿司,争鲜回转寿司,日本料理,3.9,69,L3,rated,True,,rated,parsed,rating_anchor,0.9744,0.9986,55,300,5.152,L3 | 🌟🌟⭐🌟🌟 | 日本料理￥69/人 | 3.9,争鲜的人 | 争鲜回转寿司 | 快来争挪威 | 的鲜 | L3 | 🌟🌟⭐🌟🌟 | 日本料理￥69/人 | 3.9 | 心 | 点评榜单 | 徐家汇商圈日本料理打卡人气榜第5名 | :00营业 | 上 | 口味清淡，干净明亮的环境 | 7.5折 | ￥12 | 惠 | ￥9 | 【到店必点】 | 三文鱼寿司 | ￥569.4折 | ￥60 | 惠 | 【工作日专享】60元代...,ocr/input_videos\上海__美罗城__20260825.mp4
OBS-000018,美罗城,鸟心,鸟心,日本料理,3.6,90,B1,rated,True,,rated,parsed,rating_anchor,0.9729,0.9978,69,300,5.152,B1 | 🌟🌟🌟🌟🌟 | 日本料理￥90/人 | 3.6,鸟心 | B1 | 🌟🌟🌟🌟🌟 | 日本料理￥90/人 | 3.6 | 卢评培单 | 徐定汇产图具本粉理回义客培筑10名,ocr/input_videos\上海__美罗城__20260825.mp4
OBS-000019,美罗城,争鲜回转寿司,争鲜回转寿司,日本料理,3.9,69,L3,rated,True,,rated,parsed,rating_anchor,0.9666,0.9989,52,396,6.8,★🌟★🌟⭐ | L3 | 日本料理￥69/人 | 3.9,争鲜的人 | 争鲜回转寿司 | 烧来争挪威 | ★🌟★🌟⭐ | 的鲜 | L3 | 日本料理￥69/人 | 3.9 | 点评榜单 | 徐家汇商圈日本料理打卡人气榜第5名 | 11:00营业 | 味清淡，干净明亮的环境 | ≤ | 7.5折 | ￥9 | ￥12 | 惠 | 【到店必点】三文鱼寿司 | ￥60 | ￥569.4折 | 惠 | 【工作日专享】60元代.,ocr/input_videos\上海__美罗城__20260825.mp4
OBS-000020,美罗城,鸟心,鸟心,日本料理,3.6,90,B1,rated,True,,rated,parsed,rating_anchor,0.9602,0.9934,66,396,6.8,3.6日本料理￥90/人 | B1,鸟心 | 3.6日本料理￥90/人 | B1 | 点评榜单 | 徐家汇商圈日本料理回头客榜第10名 | 名古屋炸鸡翅香气四溢 | （ | ￥295.2折 | ￥56三串一酒（进口啤酒35. | 惠 | ￥489.6折 | 惠 | ￥5050元代金券,ocr/input_videos\上海__美罗城__20260825.mp4
OBS-000021,美罗城,WooHooo無弧XR智能影院,WooHooo无弧XR智能影院,VR,4.5,87,商场内,rated,True,,rated,parsed,rating_anchor,0.955,0.9968,48,396,6.8,4.5VR￥87/人 | 商场内,WooHooo無弧XR智能影院 | 初冬狂欢季 | HCOHOCO | 4.5VR￥87/人 | 商场内 | 游戏效果逼真，适合拍照打卡 | 暂停营业,ocr/input_videos\上海__美罗城__20260825.mp4
OBS-000022,美罗城,爱泰村·泰国船面,爱泰村·泰国船面,小吃快餐,,54,L3,new_store,False,new_store,ocr_missing,parsed,metadata_anchor,0.951,0.9678,54,396,6.8,新店 | L3 | 小吃快餐￥54/人,爱泰村·泰国船面 | 新店 | L3 | 小吃快餐￥54/人 | uusnin | 爱泰村 | 点评榜单 | 上海小吃快餐销量榜第1名 | 欢国南面 | 一心一碗泰味本真 | ￥19.97.2折 | ￥28 | 【招牌小吃】泰式香. | 惠,ocr/input_videos\上海__美罗城__20260825.mp4
OBS-000023,美罗城,大馥·烧肉丼饭,大馥·烧肉丼饭,日式烧烤/烤肉,4.4,86,L3,rated,True,,rated,parsed,rating_anchor,0.9674,0.9862,50,396,6.8,🌟🌟⭐⭐ | L3 | 日式烧烤/烤肉￥86/人 | 4.4 | 2,大馥·烧肉丼饭 | 🌟🌟⭐⭐ | L3 | 日式烧烤/烤肉￥86/人 | 4.4 | 2 | 点评榜单 | 徐家汇商圈烤肉销量榜第1名,ocr/input_videos\上海__美罗城__20260825.mp4
OBS-000024,美罗城,争鲜回转寿司,争鲜回转寿司,日本料理,3.9,69,L3,rated,True,,rated,parsed,rating_anchor,0.9774,0.999,51,420,7.212,日本料理￥69/人 | L3 | 🌟🌟🎉🌟🌟 | 3.9,争鲜的人 | 争鲜回转寿司 | 快来争挪威 | 的鲜 | 日本料理￥69/人 | L3 | 🌟🌟🎉🌟🌟 | 3.9 | 点评榜单 | 徐家汇商圈日本料理打卡人气榜第5名 | :00营业 | 口味清淡，干净明亮的环境 | “ | 55 | ￥12 | 7.5折 | 惠 | ￥9 | 【到店必点】三文鱼寿司 | ￥569.4折 | ￥60 | 【工作日专享】60元代.. | 惠,ocr/input_videos\上海__美罗城__20260825.mp4
OBS-000025,美罗城,鸟心,鸟心,日本料理,3.6,90,B1,rated,True,,rated,parsed,rating_anchor,0.9705,0.9971,62,420,7.212,🌟🌟🌟💥🌟 | 日本料理￥90/人 | B1 | 3.6,鸟心 | 🌟🌟🌟💥🌟 | 日本料理￥90/人 | B1 | 3.6 | 点评榜单 | 徐家汇商圈日本料理回头客榜第10名 | 名古屋炸鸡翅香气四溢 | 95 | ￥29 | 5.2折 | 惠 | ￥56 | 三串一酒（进口啤酒35.. | ￥48 | 惠 | 9.6折 | ￥5050元代金券,ocr/input_videos\上海__美罗城__20260825.mp4
OBS-000026,美罗城,WooHooo無弧XR智能影院,WooHooo无弧XR智能影院,VR,4.5,87,商场内,rated,True,,rated,parsed,rating_anchor,0.9725,0.9982,51,420,7.212,商场内 | ★★★★★ | 4.5VR￥87/人,WooHooo無弧XR智能影院 | 初冬狂欢季 | HCSHOR | 商场内 | ★★★★★ | 4.5VR￥87/人 | 游戏效果逼真，适合拍照打卡” | 3 | 暂停营业,ocr/input_videos\上海__美罗城__20260825.mp4
OBS-000027,美罗城,爱泰村·泰国船面,爱泰村·泰国船面,小吃快餐,,54,L3,new_store,False,new_store,ocr_missing,parsed,metadata_anchor,0.9791,0.9601,48,420,7.212,L3 | 新店 | 小吃快餐 | ￥54/人,爱泰村·泰国船面 | L3 | 新店 | 小吃快餐 | ￥54/人 | usnin | 爱泰村 | 点评榜单 | 上海小吃快餐销量榜第1名 | 凉退南面 | 一心一碗泰味本真 | ￥19.97.2折 | ￥28 | 惠 | 【招牌小吃】 | 泰式香..,ocr/input_videos\上海__美罗城__20260825.mp4
OBS-000028,美罗城,大馥·烧肉丼饭,大馥·烧肉丼饭,日式烧烤/烤肉,4.4,86,L3,rated,True,,rated,parsed,rating_anchor,0.9756,0.9877,50,420,7.212,🌟🌟⭐🌟 | L3 | 日式烧烤/烤肉￥86/人 | 4.4,大馥·烧肉丼饭 | 大做 | 其 | DAFU DONG | 🌟🌟⭐🌟 | L3 | 日式烧烤/烤肉￥86/人 | 4.4 | 点评榜单 | 徐家汇商圈烤肉销量榜第1名,ocr/input_videos\上海__美罗城__20260825.mp4
OBS-000029,美罗城,鸟心,鸟心,日本料理,3.6,90,B1,rated,True,,rated,parsed,rating_anchor,0.9678,0.9959,65,504,8.655,B1 | 🌟🌟⭐🌟🌟 | 日本料理￥90/人 | 3.6,鸟心 | B1 | 🌟🌟⭐🌟🌟 | 日本料理￥90/人 | 3.6 | 点评榜单 | 徐家汇商圈日本料理回头客榜第10名 | since 2000 | 名古屋炸鸡翅香气四溢 | 5 | ￥295.2折 | 惠 | ￥56三串一酒（进口啤酒35.. | ￥489.6折 | 惠 | ￥5050元代金券,ocr/input_videos\上海__美罗城__20260825.mp4
OBS-000030,美罗城,WooHooo無弧XR智能影院,WooHooo无弧XR智能影院,VR,4.5,87,商场内,rated,True,,rated,parsed,rating_anchor,0.9457,0.9986,51,504,8.655,商场内 | ★4.5VR￥87/人,WooHooo無弧XR智能影院 | 初冬狂欢季 | HCHOR | 商场内 | ★4.5VR￥87/人 | 游戏效果逼真，适合拍照打卡” | 暂停营业,ocr/input_videos\上海__美罗城__20260825.mp4
OBS-000031,美罗城,爱泰村·泰国船面,爱泰村·泰国船面,小吃快餐,,54,L3,new_store,False,new_store,ocr_missing,parsed,metadata_anchor,0.9281,0.9625,51,504,8.655,新店 | L3 | 小吃快餐￥54/人,爱泰村·泰国船面 | 新店 | L3 | 小吃快餐￥54/人 | musning | 爱泰村 | 点评榜单 | 上海小吃快餐销量榜第1名 | 海明餐面 | 一心一碗泰味本真 | ￥19.97.2折 | ￥28 | 【招牌小吃】泰式香. | 惠,ocr/input_videos\上海__美罗城__20260825.mp4
OBS-000032,美罗城,大馥·烧肉丼饭,大馥·烧肉丼饭,日式烧烤/烤肉,4.4,86,L3,rated,True,,rated,parsed,rating_anchor,0.9732,0.9909,51,504,8.655,🌟🌟⭐⭐ | 日式烧烤/烤肉￥86/人 | L3 | 4.4,大馥·烧肉丼饭 | 大 | DAFU DONG | 🌟🌟⭐⭐ | 日式烧烤/烤肉￥86/人 | L3 | 4.4 | 点评榜单 | 徐家汇商圈烤肉销量榜第1名 | 这家餐厅环境舒适，简约装修风格,ocr/input_videos\上海__美罗城__20260825.mp4
OBS-000033,美罗城,爱泰村·泰国船面,爱泰村·泰国船面,小吃快餐,,54,L3,new_store,False,new_store,ocr_missing,parsed,metadata_anchor,0.9574,0.9611,51,540,9.273,新店 | L3 | 小吃快餐￥54/人,爱泰村·泰国船面 | 新店 | L3 | 小吃快餐￥54/人 | musnirm | 爱泰村 | 点评榜单 | 上海小吃快餐销量榜第1名 | 国科面 | 一心一碗泰味本真 | ￥19.9 | 7.2折 | 【招牌小吃】泰式香…. | ￥28 | 惠,ocr/input_videos\上海__美罗城__20260825.mp4
OBS-000034,美罗城,大馥·烧肉丼饭,大馥·烧肉丼饭,日式烧烤/烤肉,4.4,86,L3,rated,True,,rated,parsed,rating_anchor,0.9781,0.988,51,540,9.273,🌟🌟🎉🎉 | 日式烧烤/烤肉￥86/人 | L3 | 4.4,大馥·烧肉丼饭 | 大酸 | DAFU DONG | 🌟🌟🎉🎉 | 日式烧烤/烤肉￥86/人 | L3 | 4.4 | 点评榜单 | 徐家汇商圈烤肉销量榜第1名 | 这家餐厅环境舒适，简约装修风格 | K | ￥7.5 | ￥19薯条 | 4折 | 惠,ocr/input_videos\上海__美罗城__20260825.mp4
OBS-000035,美罗城,夯食Hunt's·摩登日料,夯食Hunt's·摩登日料,日本料理,4.3,128,L4,rated,True,,rated,parsed,rating_anchor,0.9759,0.9792,50,540,9.273,🌟🌟⭐⭐ | L4 | 日本料理￥128/人 | 4.3,夯食Hunt's·摩登日料 | HuNTs茶食 | 1式遇成 | 金关自预论 | 🌟🌟⭐⭐ | L4 | 日本料理￥128/人 | 4.3 | 点评榜单 | 徐汇区日本料理打卡人气榜第1名 | 11:00营业 | 期待品尝神户纱布芝士，惊艳味蕾 | ￥585.8折 | ￥101 | 惠 | 工作日午市... | 【爆款】 | ￥48 | ￥5050元代金券 | 惠 | 9.6折,ocr/input_videos\上海__美罗城__20260825.mp4
OBS-000036,美罗城,SFC动漫主题影院,SFC动漫主题影院,电影院,4.8,,L5,rated,True,,rated,parsed,rating_anchor,0.9589,0.9996,48,540,9.273,⭐4.8电影院 | L5,SFC动漫主题影院 | ⭐4.8电影院 | L5 | 荣先森·福建小馆 | 非照,ocr/input_videos\上海__美罗城__20260825.mp4
OBS-000037,美罗城,WooHooo無弧XR智能影院,WooHooo无弧XR智能影院,VR,4.5,87,商场内,rated,True,,rated,parsed,rating_anchor,0.9708,0.9983,54,576,9.891,🌟🌟🌟🌟🌟 | 商场内 | 4.5VR￥87/人,WooHooo無弧XR智能影院 | 初冬狂欢季 | LHCR | 🌟🌟🌟🌟🌟 | 商场内 | 4.5VR￥87/人 | 游戏效果逼真，适合拍照打卡 | 暂停营业,ocr/input_videos\上海__美罗城__20260825.mp4
OBS-000038,美罗城,爱泰村·泰国船面,爱泰村·泰国船面,小吃快餐,,54,L3,new_store,False,new_store,ocr_missing,parsed,metadata_anchor,0.9573,0.9635,54,576,9.891,L3 | 新店 | 小吃快餐￥54/人,爱泰村·泰国船面 | L3 | 新店 | 小吃快餐￥54/人 | nusning | 爱泰村 | 点评榜单 | 上海小吃快餐销量榜第1名 | 海国面 | 一心一碗泰味本真 | ￥19.97.2折 | 【招牌小吃】泰式香. | 惠 | ￥28,ocr/input_videos\上海__美罗城__20260825.mp4
OBS-000039,美罗城,大馥·烧肉丼饭,大馥·烧肉丼饭,日式烧烤/烤肉,4.4,86,L3,rated,True,,rated,parsed,rating_anchor,0.9723,0.9887,51,576,9.891,🌟🌟🌟 | L3 | 日式烧烤/烤肉￥86/人 | 4.4 | ★,大馥·烧肉丼饭 | 大 | 其 | DAFU DONG | 🌟🌟🌟 | L3 | 日式烧烤/烤肉￥86/人 | 4.4 | ★ | 点评榜单 | 徐家汇商圈烤肉销量榜第1名 | 这家餐厅环境舒适，简约装修风格 | - | ￥19薯条 | ￥7.5 | 4折 | 惠,ocr/input_videos\上海__美罗城__20260825.mp4
OBS-000040,美罗城,夯食Hunt's·摩登日料,夯食Hunt's·摩登日料,日本料理,4.3,128,L4,rated,True,,rated,parsed,rating_anchor,0.9753,0.9859,51,576,9.891,⭐🌟⭐ | L4 | 日本料理￥128/人 | 4.3 | ￥,夯食Hunt's·摩登日料 | Hums食 | 干式图点 | 必频吃 | ⭐🌟⭐ | L4 | 日本料理￥128/人 | 4.3 | ￥ | 点评榜单 | 徐汇区日本料理打卡人气榜第1名 | 11:00营业 | 期待品尝神户纱布芝士，惊艳味蕾 | S | ￥585.8折 | ￥101 | 惠 | 工作日午市. | 【爆款】 | ￥48 | 9.6折 | ￥5050元代金券 | 惠,ocr/input_videos\上海__美罗城__20260825.mp4
OBS-000041,美罗城,SFC动漫主题影院,SFC动漫主题影院,3电影院,4.8,,L5,rated,True,,rated,parsed,rating_anchor,0.9526,0.9995,48,576,9.891,L5 | ⭐🌟⭐⭐⭐4.8 | 3电影院,SFC动漫主题影院 | L5 | ⭐🌟⭐⭐⭐4.8 | 3电影院,ocr/input_videos\上海__美罗城__20260825.mp4
OBS-000042,美罗城,夯食Hunt's·摩登日料,夯食Hunt's·摩登日料,日本料理,4.3,128,L4,rated,True,,rated,parsed,rating_anchor,0.9759,0.9843,54,660,11.334,L4 | 日本料理￥128/人 | ★★★★ | 4.3 | ★,夯食Hunt's·摩登日料 | HunTs有食 | 干式点 | 金关舞自论 | L4 | 日本料理￥128/人 | ★★★★ | 4.3 | ★ | 点评榜单 | 徐汇区日本料理打卡人气榜第1名 | 11:00营业 | 期待品尝神户纱布芝士，惊艳味蕾 | 3 | ￥585.8折 | ￥101 | 惠 | 工作日午市. | 【爆款】 | ￥48 | 惠 | 9.6折 | ￥5050元代金券,ocr/input_videos\上海__美罗城__20260825.mp4
OBS-000043,美罗城,SFC动漫主题影院,SFC动漫主题影院,电影院,4.8,,L5,rated,True,,rated,parsed,rating_anchor,0.992,0.9991,52,660,11.334,4.8电影院 | L5,SFC动漫主题影院 | 4.8电影院 | L5,ocr/input_videos\上海__美罗城__20260825.mp4
OBS-000044,美罗城,荣先森·福建小馆,荣先森·福建小馆,福建菜,4.4,86,L4,rated,True,,rated,parsed,rating_anchor,0.9831,0.9765,52,660,11.334,⭐🌟⭐🌟 | L4 | 4.4福建菜 | ￥86/人 | ★,荣先森·福建小馆 | 翡翠 | 胖级 | ⭐🌟⭐🌟 | L4 | 4.4福建菜 | ￥86/人 | ★ | 点评榜单 | 徐汇区福建菜热门榜第1名 | 服务必须点赞，菜品口味很饱满 | 5 | ￥190 | ￥177 | 【闽味双鲜】泉州.. | 9.4折 | 惠 | ￥989.8折 | 惠 | ￥100100元代金券,ocr/input_videos\上海__美罗城__20260825.mp4
OBS-000045,美罗城,一風堂拉面,一风堂拉面,日式面条,3.9,72,B1,rated,True,,rated,parsed,rating_anchor,0.9692,0.9755,58,660,11.334,🌟🌟🌟🌟🌟 | B1 | 3.9 | 日式面条￥72/人,一風堂拉面 | 季节限定 | 世つげん | 🌟🌟🌟🌟🌟 | B1 | 3.9 | 日式面条￥72/人 | 点评榜单 | 徐家汇商圈日式料理打卡人气榜第6名 | ￥93 | ￥788.4折 | 【免费续面续汤】经典... | 惠,ocr/input_videos\上海__美罗城__20260825.mp4
OBS-000046,美罗城,夯食Hunt's·摩登日料,夯食Hunt's·摩登日料,日本料理,4.3,128,L4,rated,True,,rated,parsed,rating_anchor,0.9757,0.9825,54,696,11.952,L4 | ★★★★ | 4.3 | 日本料理￥128/人,夯食Hunt's·摩登日料 | HunTs有食 | 干式点 | 金关舞自整吃 | L4 | ★★★★ | 4.3 | 日本料理￥128/人 | 点评榜单 | 徐汇区日本料理打卡人气榜第1名 | 11:00营业 | 期待品尝神户纱布芝士，惊艳味蕾 | 1 | ￥585.8折 | ￥101 | 惠 | 工作日午市.. | 【爆款】 | ￥48 | 9.6折 | 惠 | ￥50 | 50元代金券,ocr/input_videos\上海__美罗城__20260825.mp4
OBS-000047,美罗城,SFC动漫主题影院,SFC动漫主题影院,电影院,4.8,,L5,rated,True,,rated,parsed,rating_anchor,0.8742,0.9947,48,696,11.952,⭐⭐⭐4.8电影院 | L5,SFC动漫主题影院 | ⭐⭐⭐4.8电影院 | L5,ocr/input_videos\上海__美罗城__20260825.mp4
OBS-000048,美罗城,荣先森·福建小馆,荣先森·福建小馆,福建菜,4.4,86,L4,rated,True,,rated,parsed,rating_anchor,0.985,0.9734,51,696,11.952,🌟🌟⭐⭐ | 4.4福建菜 | L4 | ￥86/人,荣先森·福建小馆 | 翡翠 | 胖级 | 🌟🌟⭐⭐ | 4.4福建菜 | L4 | ￥86/人 | 点评榜单 | 徐汇区福建菜热门榜第1名 | 服务必须点赞，菜品口味很饱满 | ￥190 | 惠 | ￥177 | 【闽味双鲜】泉州.…. | 9.4折 | 惠 | ￥98 | ￥100100元代金券 | 9.8折,ocr/input_videos\上海__美罗城__20260825.mp4
OBS-000049,美罗城,一風堂拉面,一风堂拉面,日式面条,3.9,72,B1,rated,True,,rated,parsed,rating_anchor,0.9632,0.9648,55,696,11.952,B1 | 🌟🌟🌟🌟🌟 | 3.9 | 日式面条￥72/人,一風堂拉面 | 季节限定 | 世つげん | B1 | 🌟🌟🌟🌟🌟 | 3.9 | 日式面条￥72/人 | 点评榜单 | 徐家汇商圈日式料理打卡人气榜第6名 | 8.4折 | ￥93 | ￥78 | 【免费续面续汤】经典.. | 惠,ocr/input_videos\上海__美罗城__20260825.mp4
OBS-000050,美罗城,一風堂拉面,一风堂拉面,日式面条,3.9,72,B1,rated,True,,rated,parsed,rating_anchor,0.9655,0.9837,56,720,12.364,⭐🌟🌟⭐ | B1 | 日式面条￥72/人 | 3.9,一風堂拉面 | 季节限定 | き世つけん | ⭐🌟🌟⭐ | B1 | 日式面条￥72/人 | 3.9 | 点评榜单 | 徐家汇商圈日式料理打卡人气榜第6名 | ￥788.4折 | ￥93 | 【免费续面续汤】经典... | 惠,ocr/input_videos\上海__美罗城__20260825.mp4
OBS-000051,美罗城,烧肉二十九号·和牛烧肉·YAKINIKU,烧肉二十九号·和牛烧肉·YAKINIKU,日式烧烤/烤肉,4.4,,L5,rated,True,,rated,parsed,rating_anchor,0.9695,0.9773,57,720,12.364,🌟🌟🌟🌟 | 4.4日式烧烤/烤肉￥122/L5,烧肉二十九号·和牛烧肉·YAKINIKU | 饶肉二十九号 | - | YAKINIKU | 🌟🌟🌟🌟 | 4.4日式烧烤/烤肉￥122/L5 | 和牛烧肉 | 点评榜单 | 徐家汇商圈烤肉销量榜第5名 | 11:00营业 | ￥2787.6折 | ￥370经典厚切牛舌和牛. | 惠 | ￥979.7折 | 惠 | ￥100100元代金券,ocr/input_videos\上海__美罗城__20260825.mp4
OBS-000052,美罗城,BONELESS,BONELESS,服饰鞋包,4.6,518,L1,rated,True,,rated,parsed,rating_anchor,0.9793,0.9986,48,720,12.364,4.6服饰鞋包￥518/人 | L1,BONELESS | BONELESS | 4.6服饰鞋包￥518/人 | L1 | 超可爱的联名系列，每一款都想拥有！ | 炒,ocr/input_videos\上海__美罗城__20260825.mp4
OBS-000053,美罗城,霸王茶姬,霸王茶姬,茶饮果汁,3.9,20,L1,rated,True,,rated,parsed,rating_anchor,0.9746,0.9951,57,720,12.364,3.9茶饮果汁￥20/人 | L1,霸王茶姬 | 3.9茶饮果汁￥20/人 | L1 | CHAGEE | 点评榜单 | 徐家汇商圈茶饮果汁回头客榜第5名 | ￥189折 | ￥20 | 惠 | 【新会员专享】伯牙绝弦,ocr/input_videos\上海__美罗城__20260825.mp4
OBS-000054,美罗城,一風堂拉面,一风堂拉面,日式面条,3.9,72,B1,rated,True,,rated,parsed,rating_anchor,0.9724,0.9816,55,744,12.776,B1 | 🌟🌟🌟★ | 日式面条￥72/人 | 3.9,一風堂拉面 | 季节限定 | せつげん | B1 | 🌟🌟🌟★ | 日式面条￥72/人 | 3.9 | 点评榜单 | 徐家汇商圈日式料理打卡人气榜第6名 | ￥788.4折 | ￥93 | 【免费续面续汤】经典... | 惠,ocr/input_videos\上海__美罗城__20260825.mp4
OBS-000055,美罗城,烧肉二十九号·和牛烧肉·YAKINIKU,烧肉二十九号·和牛烧肉·YAKINIKU,日式烧烤/烤肉,4.4,122,L5,rated,True,,rated,parsed,rating_anchor,0.9537,0.9563,53,744,12.776,🌟🌟🌟🌟 | 4.4 | 日式烧烤/烤肉￥122/人L5,烧肉二十九号·和牛烧肉·YAKINIKU | 烧肉二十九号 | YAKINIKU | 🌟🌟🌟🌟 | 4.4 | 日式烧烤/烤肉￥122/人L5 | 和牛烧肉 | 点评镑单 | 徐家汇商圈烤肉销量榜第5名 | 11:00营业 | ￥2787.6折 | ￥370经典厚切牛舌和牛... | 惠 | ￥97 | 9.7折 | 惠 | ￥100100元代金券,ocr/input_videos\上海__美罗城__20260825.mp4
OBS-000056,美罗城,BONELESS,BONELESS,服饰鞋包,4.6,518,L1,rated,True,,rated,parsed,rating_anchor,0.9795,0.9987,45,744,12.776,⭐🌟🌟🌟 | L1 | 服饰鞋包￥518/人 | 4.6,BONELESS | BONELESS | ⭐🌟🌟🌟 | L1 | 服饰鞋包￥518/人 | 4.6 | 超可爱的联名系列，每一款都想拥有！ | 力,ocr/input_videos\上海__美罗城__20260825.mp4
OBS-000057,美罗城,霸王茶姬,霸王茶姬,茶饮果汁,3.9,20,L1,rated,True,,rated,parsed,rating_anchor,0.9785,0.9943,56,744,12.776,L1 | 3.9茶饮果汁￥20/人 | 🌟🌟⭐🌟⭐,霸王茶姬 | L1 | 3.9茶饮果汁￥20/人 | 🌟🌟⭐🌟⭐ | CHAGEE | 点评榜单 | 徐家汇商圈茶饮果汁回头客榜第5名 | ￥189折 | ￥20 | 惠 | 【新会员专享】伯牙绝弦,ocr/input_videos\上海__美罗城__20260825.mp4
OBS-000058,美罗城,必胜客,必胜客,比萨,3.9,59,L2,rated,True,,rated,parsed,rating_anchor,0.9676,0.9988,61,744,12.776,L2 | 🌟🌟🌟🌟🌟 | 比萨￥59/人 | 3.9,必胜客 | L2 | 🌟🌟🌟🌟🌟 | 比萨￥59/人 | 3.9 | 必胜客 | 点评榜单 | 徐汇区比萨热门榜第2名 | 夏日地大学 | 必胜自助餐 | 经典意式肉酱面，鲜美可口 | 5,ocr/input_videos\上海__美罗城__20260825.mp4
OBS-000059,美罗城,霸王茶姬,霸王茶姬,茶饮果汁,3.9,20,L1,rated,True,,rated,parsed,rating_anchor,0.9764,0.9897,56,828,14.219,🌟🌟🌟🌟 | L1 | 3.9 | 茶饮果汁￥20/人,霸王茶姬 | 🌟🌟🌟🌟 | L1 | 3.9 | 茶饮果汁￥20/人 | CHAGEE | 点评榜单 | 徐家汇商圈茶饮果汁回头客榜第5名 | ￥189折 | ￥20 | 惠 | 【新会员专享】伯牙绝弦,ocr/input_videos\上海__美罗城__20260825.mp4
OBS-000060,美罗城,必胜客,必胜客,比萨,3.9,59,L2,rated,True,,rated,parsed,rating_anchor,0.9737,0.9988,61,828,14.219,L2 | 🌟🌟🌟🌟⭐ | 比萨￥59/人 | 3.9,必胜客 | L2 | 🌟🌟🌟🌟⭐ | 比萨￥59/人 | 3.9 | 必胜客 | 点评榜单 | 徐汇区比萨热门榜第2名 | 夏日间人学？ | 必胜自助餐 | 经典意式肉酱面，鲜美可口 | 55 | C | ￥293 | ￥155 | 5.3折 | 惠 | 【2人餐|免配送费..,ocr/input_videos\上海__美罗城__20260825.mp4
OBS-000061,美罗城,魔笛电子煙,魔笛电子烟,乐器,3.5,,L4,rated,True,,rated,parsed,rating_anchor,0.9933,0.9909,55,828,14.219,3.5乐器 | L4 | 🌟🌟⭐🌟🌟,魔笛电子煙 | 3.5乐器 | L4 | 🌟🌟⭐🌟🌟,ocr/input_videos\上海__美罗城__20260825.mp4
OBS-000062,美罗城,CRAZYONES西班牙海鲜饭,CRAZYONES西班牙海鲜饭,西班牙菜,4.4,105,L4,rated,True,,rated,parsed,rating_anchor,0.9807,0.9983,51,828,14.219,🌟🌟⭐⭐ | L4 | 西班牙菜￥105/人 | 4.4,CRAZYONES西班牙海鲜饭 | CRAZYONES | 选你爱的饭 | 🌟🌟⭐⭐ | L4 | 西班牙菜￥105/人 | 加你爱的鲜 | 4.4 | 8 | 点评榜单 | 徐汇区西班牙菜好评榜第1名 | 11:00营业 | 特色美食，口感超赞，环境舒适 | ￥2688.5折 | 惠 | ￥318招牌海鲜饭精致双人餐,ocr/input_videos\上海__美罗城__20260825.mp4
OBS-000063,美罗城,紫颖·专业美胸·连锁养护中心,紫颖·专业美胸·连锁养护中心,SPA美体,4.7,317,L6,rated,True,,rated,parsed,rating_anchor,0.9779,0.9898,50,828,14.219,L6 | ★🌟🌟🌟🌟 | 4.7SPA美体￥317/人,紫颖·专业美胸·连锁养护中心 | ELo Zepnie n | 24周年 | L6 | ★🌟🌟🌟🌟 | 4.7SPA美体￥317/人 | 上海美胸美臀销量榜第1名 | 专注女性美胸养护 | 护理后皮肤于净很多” | 一人一个房间,ocr/input_videos\上海__美罗城__20260825.mp4
OBS-000064,美罗城,霸王茶姬,霸王茶姬,茶饮果汁,3.9,20,L1,rated,True,,rated,parsed,rating_anchor,0.9798,0.9918,53,864,14.837,L1 | 茶饮果汁￥20/人 | 🌟🌟🎉🌟🌟 | 3.9,霸王茶姬 | L1 | 茶饮果汁￥20/人 | 🌟🌟🎉🌟🌟 | 3.9 | CHAGEE | 点评榜单 | 徐家汇商圈茶饮果汁回头客榜第5名 | ￥189折 | ￥20 | 惠 | 【新会员专享】伯牙绝弦,ocr/input_videos\上海__美罗城__20260825.mp4
OBS-000065,美罗城,必胜客,必胜客,比萨,3.9,59,L2,rated,True,,rated,parsed,rating_anchor,0.9648,0.9979,62,864,14.837,🌟🌟⭐🌟🌟 | 比萨￥59/人 | L2 | 3.9,必胜客 | 🌟🌟⭐🌟🌟 | 比萨￥59/人 | L2 | 3.9 | 必胜客 | 点评榜单 | 徐汇区比萨热门榜第2名 | 必胜自助餐 | 经典意式肉酱面，鲜美可口 | ￥1555.3折 | ￥293 | 【2人餐|免配送费.. | 惠,ocr/input_videos\上海__美罗城__20260825.mp4
OBS-000066,美罗城,魔笛电子煙,魔笛电子烟,乐器,3.5,,L4,rated,True,,rated,parsed,rating_anchor,0.9939,0.9912,52,864,14.837,🌟🌟⭐🌟🌟 | 3.5乐器 | L4,魔笛电子煙 | 🌟🌟⭐🌟🌟 | 3.5乐器 | L4,ocr/input_videos\上海__美罗城__20260825.mp4
OBS-000067,美罗城,CRAZYONES西班牙海鲜饭,CRAZYONES西班牙海鲜饭,西班牙菜,4.4,105,L4,rated,True,,rated,parsed,rating_anchor,0.9872,0.999,48,864,14.837,⭐🌟⭐⭐ | 4.4西班牙菜￥105/人 | L4,CRAZYONES西班牙海鲜饭 | 选你爱的饭 | ⭐🌟⭐⭐ | 4.4西班牙菜￥105/人 | L4 | 加你爱的鲜 | 点评榜单 | 徐汇区西班牙菜好评榜第1名 | 11:00营业 | “特色美食，口感超赞，环境舒适 | 1 | ￥2688.5折 | 惠 | ￥318招牌海鲜饭精致双人餐,ocr/input_videos\上海__美罗城__20260825.mp4
OBS-000068,美罗城,紫颖·专业美胸·连锁养护中心,紫颖·专业美胸·连锁养护中心,SPA美体,4.7,317,L6,rated,True,,rated,parsed,rating_anchor,0.9686,0.988,48,864,14.837,4.7SPA美体￥317/人 | L6,紫颖·专业美胸·连锁养护中心 | Z co ZepAie n | 24周年 | 4.7SPA美体￥317/人 | L6 | 上海美胸美臀销量榜第1名 | 专注女性美购养护 | 一人一个房间，护理后皮肤干净很多 | 5,ocr/input_videos\上海__美罗城__20260825.mp4
OBS-000069,美罗城,魔笛电子煙,魔笛电子烟,乐器,3.5,,L4,rated,True,,rated,parsed,rating_anchor,0.9125,0.991,55,924,15.867,⭐⭐3.5乐器 | L4,魔笛电子煙 | ⭐⭐3.5乐器 | L4,ocr/input_videos\上海__美罗城__20260825.mp4
OBS-000070,美罗城,CRAZYONES西班牙海鲜饭,CRAZYONES西班牙海鲜饭,西班牙菜,4.4,105,L4,rated,True,,rated,parsed,rating_anchor,0.9798,0.9949,51,924,15.867,🌟🌟🌟⭐ | L4 | 西班牙菜￥105/人 | 4.4 | ★,CRAZYONES西班牙海鲜饭 | Y | 选你爱的饭 | 🌟🌟🌟⭐ | L4 | 西班牙菜￥105/人 | 4.4 | 加你爱的鲜 | ★ | 点评榜单 | 徐汇区西班牙菜好评榜第1名 | 11:00营业 | 特色美食，口感超赞，环境舒适 | ￥2688.5折 | 惠 | ￥318招牌海鲜饭精致双人餐,ocr/input_videos\上海__美罗城__20260825.mp4
OBS-000071,美罗城,紫颖·专业美胸·连锁养护中心,紫颖·专业美胸·连锁养护中心,SPA美体,4.7,,L6,rated,True,,rated,parsed,rating_anchor,0.9673,0.9821,48,924,15.867,4.7SPA美体￥317/ | L6,紫颖·专业美胸·连锁养护中心 | ECo2ephie | 24周年 | 4.7SPA美体￥317/ | L6 | 上海美胸美臀销量榜第1名 | 专注女性美购养护 | 个房间，护理后肤干净很多” | ￥398美胸|65分钟匠心.... | ￥193 | 6.8折 | 惠,ocr/input_videos\上海__美罗城__20260825.mp4
OBS-000072,美罗城,新贝乐意大利餐厅·窑炉披萨,新贝乐意大利餐厅·窑炉披萨,意大利菜,4.0,106,L4,rated,True,,rated,parsed,rating_anchor,0.9621,0.9855,47,924,15.867,🌟🌟⭐⭐ | L4 | 4.0意大利菜￥106/人,新贝乐意大利餐厅·窑炉披萨 | 我家的西餐厨房 | 🌟🌟⭐⭐ | L4 | 4.0意大利菜￥106/人 | 点评榜单 | 徐汇区意大利菜回头客榜第5名 | 亲子必吃，意面披萨口感软糯 | ￥2988.2折 | ￥364招牌甄选双人套餐 | 惠,ocr/input_videos\上海__美罗城__20260825.mp4
OBS-000073,美罗城,CRAZYONES西班牙海鲜饭,CRAZYONES西班牙海鲜饭,西班牙菜,4.4,105,L4,rated,True,,rated,parsed,rating_anchor,0.9689,0.9652,47,948,16.28,★★★★ | L4 | 4.4西班牙菜￥105/人,CRAZYONES西班牙海鲜饭 | 选你爱的饭 | ★★★★ | L4 | 4.4西班牙菜￥105/人 | 加你爱的鲜 | 点评榜单 | 徐汇区西班牙菜好评榜第1名 | 11:00营业 | 特色美食，口感超赞，环境舒适 | 55 | ￥318招牌海鲜饭精致双人餐 | 惠 | ￥268 | 8.5折,ocr/input_videos\上海__美罗城__20260825.mp4
OBS-000074,美罗城,紫颖·专业美胸·连锁养护中心,紫颖·专业美胸·连锁养护中心,SPA美体,4.7,317,L6,rated,True,,rated,parsed,rating_anchor,0.9711,0.9897,48,948,16.28,L6 | 4.7SPA美体￥317/人,紫颖·专业美胸·连锁养护中心 | coZephive | 24周年 | L6 | 4.7SPA美体￥317/人 | 上海美胸美臀销量榜第1名 | 专注女性美购养护 | 个房间，护理后肤干净很多” | ≤≤ | ￥193 | ￥398美胸165分钟匠心.. | 惠 | 6.8折,ocr/input_videos\上海__美罗城__20260825.mp4
OBS-000075,美罗城,新贝乐意大利餐厅·窑炉披萨,新贝乐意大利餐厅·窑炉披萨,意大利菜,4.0,106,L4,rated,True,,rated,parsed,rating_anchor,0.946,0.9902,48,948,16.28,🌟🌟🌟 | L4 | ★4.0意大利菜￥106/人,新贝乐意大利餐厅·窑炉披萨 | 我家的西餐厨房 | 🌟🌟🌟 | L4 | ★4.0意大利菜￥106/人 | 点评榜单 | 徐汇区意利菜回头客榜第5名 | 亲子必吃，意面披萨口感软糯 | S | ￥298 | 惠 | 8.2折 | ￥364招牌甄选双人套餐,ocr/input_videos\上海__美罗城__20260825.mp4
OBS-000076,美罗城,PSO brand,PSObrand,服饰鞋包,4.1,357,L2,rated,True,,rated,parsed,rating_anchor,0.954,0.9596,50,948,16.28,4.1服饰鞋包￥357/人 | L2,PSO brand | 4.1服饰鞋包￥357/人 | L2 | 各种狗狗图案的衣服超可爱，上新速度快 | “,ocr/input_videos\上海__美罗城__20260825.mp4
OBS-000077,美罗城,MOST最洋食·亚洲创意料理,MOST最洋食·亚洲创意料理,创意菜,4.2,95,L4,rated,True,,rated,parsed,rating_anchor,0.9662,0.9837,47,948,16.28,🌟🌟🌟🌟 | L4 | 创意菜￥95/人 | 4.2,MOST最洋食·亚洲创意料理 | MOST | 🌟🌟🌟🌟 | L4 | 创意菜￥95/人 | 4.2 | 点评榜单 | 徐汇区创意菜热门榜第9名 | 口貞 | 11:00营业,ocr/input_videos\上海__美罗城__20260825.mp4
OBS-000078,美罗城,CRAZYONES西班牙海鲜饭,CRAZYONES西班牙海鲜饭,西班牙菜,4.4,105,L4,rated,True,,rated,parsed,rating_anchor,0.9811,0.9989,48,972,16.692,🌟🌟🎉 | L4 | 西班牙菜￥105/人 | 4.4,CRAZYONES西班牙海鲜饭 | 选你爱的饭 | 🌟🌟🎉 | L4 | 西班牙菜￥105/人 | 4.4 | 加你爱的鲜 | 点评榜单 | 徐汇区西班牙菜好评榜第1名 | 11:00营业 | 特色美食，口感超赞，环境舒适 | 5 | ￥2688.5折 | 惠 | ￥318招牌海鲜饭精致双人餐,ocr/input_videos\上海__美罗城__20260825.mp4
OBS-000079,美罗城,紫颖·专业美胸·连锁养护中心,紫颖·专业美胸·连锁养护中心,SPA美体,4.7,317,L6,rated,True,,rated,parsed,rating_anchor,0.9713,0.9896,48,972,16.692,4.7SPA美体￥317/人 | L6,紫颖·专业美胸·连锁养护中心 | Lo Zephie | 24周年 | 4.7SPA美体￥317/人 | L6 | 上海美胸美臀销量榜第1名 | 专注女性美胸养护 | 一人个房间，护理后皮肤干净很多” | SC | ￥398美胸|65分钟匠心.. | ￥193 | 6.8折 | 惠,ocr/input_videos\上海__美罗城__20260825.mp4
OBS-000080,美罗城,新贝乐意大利餐厅·窑炉披萨,新贝乐意大利餐厅·窑炉披萨,意大利菜,4.0,106,L4,rated,True,,rated,parsed,rating_anchor,0.9778,0.9911,48,972,16.692,🌟⭐⭐ | L4 | 4.0意大利菜￥106/人,新贝乐意大利餐厅·窑炉披萨 | 我家的西餐厨房 | 🌟⭐⭐ | L4 | 4.0意大利菜￥106/人 | 点评榜单 | 徐汇区意大利菜回头客榜第5名 | 亲子必吃，意面披萨口感软糯 | S | 2 | ￥2988.2折 | 惠 | ￥364招牌甄选双人套餐,ocr/input_videos\上海__美罗城__20260825.mp4
OBS-000081,美罗城,PSO brand,PSObrand,服饰鞋包,4.1,357,L2,rated,True,,rated,parsed,rating_anchor,0.9715,0.9787,48,972,16.692,L2 | ⭐🌟★⭐⭐ | 4.1服饰鞋包￥357/人,PSO brand | L2 | ⭐🌟★⭐⭐ | 4.1服饰鞋包￥357/人 | 各种狗狗图案的衣服超可爱，上新速度快 | “,ocr/input_videos\上海__美罗城__20260825.mp4
OBS-000082,美罗城,MOST最洋食·亚洲创意料理,MOST最洋食·亚洲创意料理,创意菜,4.2,95,L4,rated,True,,rated,parsed,rating_anchor,0.9712,0.9865,48,972,16.692,🌟⭐⭐ | L4 | 创意菜￥95/人 | 4.2 | ★,MOST最洋食·亚洲创意料理 | MOST | 4 | 🌟⭐⭐ | L4 | 创意菜￥95/人 | 4.2 | ★ | 点评榜单 | 徐汇区创意菜热门榜第9名 | 口貞 | 1:00营业 | 惠×585.6折 | ￥105 | 【Most】单人工作日,ocr/input_videos\上海__美罗城__20260825.mp4
OBS-000083,美罗城,新贝乐意大利餐厅·窑炉披萨,新贝乐意大利餐厅·窑炉披萨,意大利菜,4.0,106,L4,rated,True,,rated,parsed,rating_anchor,0.9796,0.9898,51,1068,18.34,4.0意大利菜￥106/人 | L4 | 🌟🌟★★★,新贝乐意大利餐厅·窑炉披萨 | 我家的西餐厨房 | 4.0意大利菜￥106/人 | L4 | 🌟🌟★★★ | 点评榜单 | 徐汇区意大利菜回头客榜第5名 | 亲子必吃，意面披萨口感软糯 | 力 | ￥2988.2折 | ￥364招牌甄选双人套餐 | 惠,ocr/input_videos\上海__美罗城__20260825.mp4
OBS-000084,美罗城,PsO brand,PsObrand,服饰鞋包,4.1,357,L2,rated,True,,rated,parsed,rating_anchor,0.9486,0.932,53,1068,18.34,L2 | 🌟🌟🌟🌟🌟 | 4.1服饰鞋包￥357/人,PsO brand | L2 | 🌟🌟🌟🌟🌟 | 4.1服饰鞋包￥357/人 | 各种狗狗图案的衣服超可爱，上新速度快,ocr/input_videos\上海__美罗城__20260825.mp4
OBS-000085,美罗城,MOST最洋食·亚洲创意料理,MOST最洋食·亚洲创意料理,创意菜,4.2,95,L4,rated,True,,rated,parsed,rating_anchor,0.9757,0.9827,51,1068,18.34,🌟🌟🌟🎉 | 4.2创意菜￥95/人 | L4,MOST最洋食·亚洲创意料理 | POST | 🌟🌟🌟🎉 | 4.2创意菜￥95/人 | L4 | 点评榜单 | 一日貞 | 徐汇区创意菜热门榜第9名 | T1:00营业 | ￥585.6折 | ￥105 | 惠 | 【Most】单人工作日...,ocr/input_videos\上海__美罗城__20260825.mp4
OBS-000086,美罗城,BodySoul舞蹈,BodySoul舞蹈,舞蹈,4.3,3107,L7,rated,True,,rated,parsed,rating_anchor,0.9781,0.9987,59,1068,18.34,🌟🌟⭐⭐ | 舞蹈￥3107/人 | 4.3 | L7 | ★,BodySoul舞蹈 | 188￥ | 🌟🌟⭐⭐ | 舞蹈￥3107/人 | 4.3 | L7 | ★ | 暑期羊毛卡 | SUMMER | 点评榜单 | 徐汇区舞蹈热门榜第1名 | hiphop风格超放松，服务态度很好 | ￥10￥208 | 【精选】零基础街舞舞种任. | 惠,ocr/input_videos\上海__美罗城__20260825.mp4
OBS-000087,美罗城,新贝乐意大利餐厅·窑炉披萨,新贝乐意大利餐厅·窑炉披萨,意大利菜,4.0,106,L4,rated,True,,rated,parsed,rating_anchor,0.9854,0.9924,51,1128,19.371,4.0意大利菜￥106/人 | L4 | ★🌟★★ | ★,新贝乐意大利餐厅·窑炉披萨 | 我家的西餐厨房 | 4.0意大利菜￥106/人 | L4 | ★🌟★★ | ★ | 点评榜单 | 徐汇区意大利菜回头客榜第5名 | 亲子必吃，意面披萨口感软糯 | 3 | C | ￥364招牌甄选双人套餐 | ￥2988.2折 | 惠,ocr/input_videos\上海__美罗城__20260825.mp4
OBS-000088,美罗城,PSO brand,PSObrand,服饰鞋包,4.1,357,L2,rated,True,,rated,parsed,rating_anchor,0.9509,0.9359,53,1128,19.371,🌟🌟🌟🌟⭐ | L2 | 4.1服饰鞋包￥357/人,PSO brand | 🌟🌟🌟🌟⭐ | L2 | 4.1服饰鞋包￥357/人 | 各种狗狗图案的衣服超可爱，上新速度快,ocr/input_videos\上海__美罗城__20260825.mp4
OBS-000089,美罗城,MOST最洋食·亚洲创意料理,MOST最洋食·亚洲创意料理,创意菜,4.2,95,L4,rated,True,,rated,parsed,rating_anchor,0.9741,0.9815,53,1128,19.371,🌟🌟★★ | 4.2创意菜￥95/人 | L4,MOST最洋食·亚洲创意料理 | MOST | 🌟🌟★★ | 4.2创意菜￥95/人 | L4 | 点评榜单 | 一日貞 | 徐汇区创意菜热门榜第9名 | T1:00营业 | ￥585.6折 | ￥105 | 【Most】单人工作日.. | 惠,ocr/input_videos\上海__美罗城__20260825.mp4
OBS-000090,美罗城,BodySoul舞蹈,BodySoul舞蹈,舞蹈,4.3,3107,L7,rated,True,,rated,parsed,rating_anchor,0.9735,0.9986,60,1128,19.371,🌟🌟⭐⭐ | 舞蹈￥3107/人 | L7 | 4.3 | ★,BodySoul舞蹈 | 188￥ | 🌟🌟⭐⭐ | 舞蹈￥3107/人 | L7 | 4.3 | ★ | 暑期羊毛卡 | SUMMER | 点评榜单 | 徐汇区舞蹈热门榜第1名 | hiphop风格超放松，服务态度很好 | ￥10￥208 | 惠 | 【精选】零基础街舞舞种任..,ocr/input_videos\上海__美罗城__20260825.mp4
OBS-000091,美罗城,BodySoul舞蹈,BodySoul舞蹈,舞蹈,4.3,3107,L7,rated,True,,rated,parsed,rating_anchor,0.9737,0.992,57,1152,19.783,🌟🌟⭐ | 4.3舞蹈￥3107/人 | L7 | ★,BodySoul舞蹈 | 188￥ | 🌟🌟⭐ | 4.3舞蹈￥3107/人 | L7 | ★ | 暑期羊毛卡 | 点评榜单 | SUMMER | 徐汇区舞蹈热门榜第1名 | “hiphop格超放松，服务态度很好” | ￥10￥208 | 【精选】零基础街舞舞种任.. | 惠,ocr/input_videos\上海__美罗城__20260825.mp4
OBS-000092,美罗城,ACTREE,ACTREE,服装,3.7,1401,L2,rated,True,,rated,parsed,rating_anchor,0.984,0.9966,52,1152,19.783,L2 | 🌟🌟🌟🌟 | 3.7服装￥1401/人,ACTREE | L2 | 🌟🌟🌟🌟 | 3.7服装￥1401/人 | 点评榜单 | 徐家汇商圈服装热门榜第9名,ocr/input_videos\上海__美罗城__20260825.mp4
OBS-000093,美罗城,PIZZERIA意式工窑炉披萨餐厅,PIZZERIA意式工窑炉披萨餐厅,比萨,,110,L1,new_store,False,new_store,ocr_missing,parsed,metadata_anchor,0.9229,0.9816,57,1152,19.783,新店 | 比萨￥110/人 | L1,PIZZERIA意式工窑炉披萨餐厅 | 黑鱼子酱三文鱼披萨 | 新店 | 比萨￥110/人 | L1 | 点评榜单 | 徐家汇商圈西餐打卡人气榜第6名 | 惠￥11.2折 | 【加藏打卡】小食甜品任.. | ￥9,ocr/input_videos\上海__美罗城__20260825.mp4
OBS-000094,美罗城,阿不就·闽台鲜鸡煲热炒·大排档,阿不就·闽台鲜鸡煲热炒·大排档,本地鸡窝火锅,,,L2,new_store,False,new_store,ocr_missing,parsed,metadata_anchor,0.9627,0.9712,51,1152,19.783,新店 | L2 | 本地鸡窝火锅￥72/,阿不就·闽台鲜鸡煲热炒·大排档 | 新店 | L2 | 本地鸡窝火锅￥72/ | 点评榜单 | 徐家汇商圈火锅销量榜第1名 | 11:00营业 | ￥8.85.9折 | ￥15巷口冬瓜茶 | 惠 | ￥459折 | ￥5050元代金券 | 惠,ocr/input_videos\上海__美罗城__20260825.mp4
OBS-000095,美罗城,BodySoul舞蹈,BodySoul舞蹈,舞蹈,4.3,3107,L7,rated,True,,rated,parsed,rating_anchor,0.9659,0.9982,58,1176,20.195,🌟🌟🌟⭐ | L7 | 舞蹈￥3107/人 | 4.3,BodySoul舞蹈 | 188￥ | 🌟🌟🌟⭐ | L7 | 舞蹈￥3107/人 | 4.3 | 暑期羊毛卡 | 点评榜单 | SUMMER | 徐汇区舞蹈热门榜第1名 | “hiphop风格超放松，服务态度很好” | ￥10￥208 | 【精选】零基础街舞舞种任. | 惠,ocr/input_videos\上海__美罗城__20260825.mp4
OBS-000096,美罗城,ACTREE,ACTREE,服装,3.7,1401,L2,rated,True,,rated,parsed,rating_anchor,0.9756,0.9974,52,1176,20.195,L2 | ★★★★★ | 服装￥1401/人 | 3.7,ACTREE | L2 | ★★★★★ | 服装￥1401/人 | 3.7 | 点评榜单 | 徐家汇商圈服装热门榜第9名,ocr/input_videos\上海__美罗城__20260825.mp4
OBS-000097,美罗城,PIZZERIA意式手工窑炉披萨餐厅,PIZZERIA意式手工窑炉披萨餐厅,比萨,,110,L1,new_store,False,new_store,ocr_missing,parsed,metadata_anchor,0.9723,0.9848,57,1176,20.195,新店 | L1 | 比萨￥110/人,PIZZERIA意式手工窑炉披萨餐厅 | 黑鱼子酱三文鱼披萨 | 新店 | L1 | 比萨￥110/人 | 点评榜单 | 徐家汇商圈西餐打卡人气榜第6名 | ￥11.2折 | KQ | 【加藏打卡】小食甜品任... | 惠,ocr/input_videos\上海__美罗城__20260825.mp4
OBS-000098,美罗城,阿不就·闽台鲜鸡煲热炒·大排档,阿不就·闽台鲜鸡煲热炒·大排档,本地鸡窝火锅,,,L2,new_store,False,new_store,ocr_missing,parsed,metadata_anchor,0.9728,0.9888,51,1176,20.195,新店 | L2 | 本地鸡窝火锅￥72/,阿不就·闽台鲜鸡煲热炒·大排档 | 新店 | L2 | 本地鸡窝火锅￥72/ | 点评榜单 | 徐家汇商圈火锅销量榜第1名 | 11:00营业 | ￥8.85.9折 | 惠 | ￥15巷口冬瓜茶 | ￥459折 | ￥5050元代金券 | 惠,ocr/input_videos\上海__美罗城__20260825.mp4
OBS-000099,美罗城,熊加加少儿足球·体能培训,熊加加少儿足球·体能培训,足球培训,4.7,,L6,rated,True,,rated,parsed,rating_anchor,0.9329,0.9789,57,1176,20.195,L6 | ⭐⭐4.7足球培训,熊加加少儿足球·体能培训 | 福 | 体质 | 福 | L6 | ⭐⭐4.7足球培训 | 店火乐 | 市 | 园队 | 点评榜单 | 徐汇区足球培训好评榜第3名 | 特作 | 场地宽敞，外教英语授课,ocr/input_videos\上海__美罗城__20260825.mp4
OBS-000100,美罗城,BodySoul舞蹈,BodySoul舞蹈,舞蹈,4.3,3107,L7,rated,True,,rated,parsed,rating_anchor,0.9723,0.9981,58,1200,20.607,🌟🌟⭐⭐ | 舞蹈￥3107/人 | L7 | 4.3 | 公,BodySoul舞蹈 | 188￥ | 🌟🌟⭐⭐ | 舞蹈￥3107/人 | L7 | 4.3 | 公 | 暑期羊毛卡 | 点评榜单 | SUMMER | 徐汇区舞蹈热门榜第1名 | “hiphop风格超放松，服务态度很好 | ￥10￥208 | 【精选】零基础街舞舞种任. | 惠,ocr/input_videos\上海__美罗城__20260825.mp4
OBS-000101,美罗城,ACTREE,ACTREE,服装,3.7,1401,L2,rated,True,,rated,parsed,rating_anchor,0.9833,0.9985,49,1200,20.607,🌟🌟⭐🌟🌟 | L2 | 3.7服装￥1401/人,ACTREE | Akhrd | 🌟🌟⭐🌟🌟 | L2 | 3.7服装￥1401/人 | 点评榜单 | 徐家汇商圈服装热门榜第9名,ocr/input_videos\上海__美罗城__20260825.mp4
OBS-000102,美罗城,PIZZERIA意式手工窑炉披萨餐厅,PIZZERIA意式手工窑炉披萨餐厅,比萨,,110,L1,new_store,False,new_store,ocr_missing,parsed,metadata_anchor,0.9794,0.9948,50,1200,20.607,新店 | 比萨￥110/人 | L1,PIZZERIA意式手工窑炉披萨餐厅 | 黑鱼子酱三文鱼披萨 | 新店 | 比萨￥110/人 | L1 | 点评榜单 | 徐家汇商圈西餐打卡人气榜第6名 | 惠￥11.2折 | 【加藏打卡】小食甜品任... | ￥9,ocr/input_videos\上海__美罗城__20260825.mp4
OBS-000103,美罗城,阿不就·闽台鲜鸡煲热炒·大排档,阿不就·闽台鲜鸡煲热炒·大排档,本地鸡窝火锅,,72,L2,new_store,False,new_store,ocr_missing,parsed,metadata_anchor,0.965,0.9875,51,1200,20.607,新店 | L2 | 本地鸡窝火锅￥72/人,阿不就·闽台鲜鸡煲热炒·大排档 | 新店 | L2 | 本地鸡窝火锅￥72/人 | 点评榜单 | 徐家汇商圈火锅销量榜第1名 | 11:00营业 | ￥8.85.9折 | 惠 | ￥15巷口冬瓜茶 | ￥459折 | 惠 | ￥5050元代金券,ocr/input_videos\上海__美罗城__20260825.mp4
OBS-000104,美罗城,熊加加少儿足球·体能培训,熊加加少儿足球·体能培训,足球培训,4.7,,L6,rated,True,,rated,parsed,rating_anchor,0.9526,0.963,57,1200,20.607,4.7足球培训 | L6,熊加加少儿足球·体能培训 | 体网 | 4.7足球培训 | L6 | 康康 | 国队 | 点评榜单 | 徐汇区足球培训好评榜第3名 | 修炒 | “场地宽敬，外教英语授课,ocr/input_videos\上海__美罗城__20260825.mp4
OBS-000105,美罗城,熊加加少儿足球·体能培训,熊加加少儿足球·体能培训,足球培训,4.7,,L6,rated,True,,rated,parsed,rating_anchor,0.9161,0.9475,53,1296,22.256,⭐4.7足球培训 | L6,熊加加少儿足球·体能培训 | ⭐4.7足球培训 | L6 | 点评榜单 | 徐汇区足球培训好评榜第3名 | 场地宽敞，外教英语授课” | ￥9.9￥597全城6次课随心学|少游... | 惠,ocr/input_videos\上海__美罗城__20260825.mp4
OBS-000106,美罗城,Diplomat外交官,Diplomat外交官,箱包,4.5,,L4,rated,True,,rated,parsed,rating_anchor,0.9605,0.9913,54,1296,22.256,4.5箱包￥670/ | L4,Diplomat外交官 | 4.5箱包￥670/ | L4 | 点评榜单 | 徐汇区箱包好评榜第3名 | 外交官行李牌定制化，快闪活动超有趣,ocr/input_videos\上海__美罗城__20260825.mp4
OBS-000107,美罗城,江边城外烤全鱼,江边城外烤全鱼,烤鱼,3.9,,L4,rated,True,,rated,parsed,rating_anchor,0.9799,0.9977,51,1296,22.256,3.9烤鱼￥90/ | ★★★🌟★ | L4,江边城外烤全鱼 | 江边城外 | 全菲汉新搭郑烤鱼 | 3.9烤鱼￥90/ | ★★★🌟★ | L4 | 点评榜单 | 徐汇区烤鱼热门榜第1名 | 开级超随料 | 冰粉里藏着红糖糍粑的秘密 | ￥258 | ￥291.04招牌推荐2-3人.. | 8.9折 | 惠,ocr/input_videos\上海__美罗城__20260825.mp4
OBS-000108,美罗城,重庆火锅厂,重庆火锅厂,重庆火锅,4.4,114,L4,rated,True,,rated,parsed,rating_anchor,0.9768,0.9975,52,1296,22.256,🌟🌟🌟⭐ | L4 | 重庆火锅￥114/人 | 4.4,央锅 | 重庆火锅厂 | 6 | 5 | 🌟🌟🌟⭐ | L4 | 重庆火锅￥114/人 | 4.4 | 点评榜单 | 徐汇区重庆火锅热门榜第4名 | 11:00营业 | 3.7折 | ￥42.9冰豆花+怂火锅玩.. | ￥15.8 | 惠 | ￥989.8折 | ￥100100元代金券 | 惠,ocr/input_videos\上海__美罗城__20260825.mp4
OBS-000109,美罗城,慧动体育足球培训,慧动体育足球培训,足球培训,4.5,,L6,rated,True,,rated,parsed,rating_anchor,0.9481,0.9983,48,1296,22.256,⭐4.5足球培训 | L6,慧动体育足球培训 | z动 | 暑期 | ⭐4.5足球培训 | L6 | 天天练 | “课程通用，教练专业亲和”,ocr/input_videos\上海__美罗城__20260825.mp4
OBS-000110,美罗城,熊加加少儿足球·体能培训,熊加加少儿足球·体能培训,足球培训,4.7,,L6,rated,True,,rated,parsed,rating_anchor,0.939,0.9639,54,1320,22.668,⭐4.7足球培训 | L6,熊加加少儿足球·体能培训 | #区 | ⭐4.7足球培训 | L6 | 点评榜单 | 徐汇区球培训好评榜第3名 | 场地宽敬，外教英语授课 | 1 | ￥9.9￥597全城6次课随心学1少儿游... | 惠,ocr/input_videos\上海__美罗城__20260825.mp4
OBS-000111,美罗城,Diplomat外交官,Diplomat外交官,箱包,4.5,670,L4,rated,True,,rated,parsed,rating_anchor,0.9503,0.9974,55,1320,22.668,L4 | ★4.5箱包￥670/人,Diplomat外交官 | 净安窗 | L4 | ★4.5箱包￥670/人 | 点评榜单 | 徐汇区箱包好评榜第3名 | 外交官行李牌定制化，快闪活动超有趣,ocr/input_videos\上海__美罗城__20260825.mp4
OBS-000112,美罗城,江边城外烤全鱼,江边城外烤全鱼,烤鱼,3.9,90,L4,rated,True,,rated,parsed,rating_anchor,0.9708,0.9984,51,1320,22.668,L4 | 3.9烤鱼￥90/人,江边城外烤全鱼 | 江边城外 | K | 金嘉汉鲜桥翠烤员 | L4 | 3.9烤鱼￥90/人 | 点评榜单 | 徐汇区烤鱼热门榜第1名 | 冰粉里藏着红糖糍粑的秘密 | ￥2588.9折 | ￥291.04招牌推荐2-3人. | 惠,ocr/input_videos\上海__美罗城__20260825.mp4
OBS-000113,美罗城,怂重庆火锅厂,怂重庆火锅厂,重庆火锅,4.4,114,L4,rated,True,,rated,parsed,rating_anchor,0.943,0.9196,51,1320,22.668,🌟🌟⭐ | L4 | 4.4重庆火锅￥114/人,奥锅 | 怂重庆火锅厂 | 6 | 🌟🌟⭐ | L4 | 4.4重庆火锅￥114/人 | 点评榜单 | 徐汇区重庆火锅热门榜第4名 | 11:00营业 | ￥15.83.7折 | ￥42.9冰豆花+火锅玩... | 惠 | ￥989.8折 | 惠 | ￥100100元代金券,ocr/input_videos\上海__美罗城__20260825.mp4
OBS-000114,美罗城,慧动体育足球培训,慧动体育足球培训,足球培训,4.5,,L6,rated,True,,rated,parsed,rating_anchor,0.9492,0.9992,51,1320,22.668,✨4.5足球培训 | L6,慧动体育足球培训 | M动 | 暑期 | ✨4.5足球培训 | L6 | 天天练 | 课程通用，教练专业亲和,ocr/input_videos\上海__美罗城__20260825.mp4
OBS-000115,美罗城,慧动体育足球培训,慧动体育足球培训,足球培训,4.5,,L6,rated,True,,rated,parsed,rating_anchor,0.9418,0.9984,48,1392,23.904,L6 | ⭐⭐⭐4.5足球培训,慧动体育足球培训 | 随动 | 暑期 | L6 | ⭐⭐⭐4.5足球培训 | 天天练 | 课程通用，教练专业亲和” | ￥2899.7折 | ￥2399 | 惠 | 开学季【会员专享..,ocr/input_videos\上海__美罗城__20260825.mp4
OBS-000116,美罗城,悅刻RELX,悦刻RELX,数码产品,4.8,399,L3,rated,True,,rated,parsed,rating_anchor,0.9506,0.9493,52,1392,23.904,⭐4.8 | L3 | 数码产品￥399/人,悅刻RELX | 只ELX锁 | ⭐4.8 | L3 | 数码产品￥399/人 | 位置好找，烟弹口味齐全,ocr/input_videos\上海__美罗城__20260825.mp4
OBS-000117,美罗城,小泰保泰式热炒,小泰保泰式热炒,泰国菜,3.9,93,L4,rated,True,,rated,parsed,rating_anchor,0.9756,0.9979,51,1392,23.904,泰国菜￥93/人 | L4 | 🌟🌟🎉🌟⭐ | 3.9,小泰保泰式热炒 | HSweel New Arrival | 甜蜜上新 | 泰国菜￥93/人 | L4 | 🌟🌟🎉🌟⭐ | 3.9 | 点评榜单 | 徐家汇商圈东南亚菜打卡人气榜第3名 | 服务态度好，环境舒适，小料丰富 | 5折 | ￥22 | 【一□泰香】泰式腐皮... | ￥11l | 惠 | ￥95 | 9.5折 | ￥100 | 【升级尝新券】100... | 惠,ocr/input_videos\上海__美罗城__20260825.mp4
OBS-000118,美罗城,云海肴·汽锅鸡·云南菜,云海肴·汽锅鸡·云南菜,云南菜滇菜,3.9,82,L5,rated,True,,rated,parsed,rating_anchor,0.9616,0.9818,47,1392,23.904,3.9云南菜滇菜￥82/人 | L5,云海肴·汽锅鸡·云南菜 | 鲜松茸汽锅鸡 | 香格里拉松茸 | 时金 | 3.9云南菜滇菜￥82/人 | L5 | 新鲜现烤，口感十足，路过必尝 | 11:00营业 | ￥1.93.2折 | 【入会有礼】现烤玫瑰... | 惠 | ￥6 | ￥949.4折 | ￥100100元代金券 | 惠,ocr/input_videos\上海__美罗城__20260825.mp4
OBS-000119,美罗城,慧动体育足球培训,慧动体育足球培训,足球培训,4.5,,L6,rated,True,,rated,parsed,rating_anchor,0.9643,0.9989,51,1404,24.11,⭐4.5足球培训 | L6,慧动体育足球培训 | 随动 | 暑期 | ⭐4.5足球培训 | L6 | 天天练 | 课程通用，教练专业亲和 | ≤ | 9.7折 | ￥289 | ￥2399开学季【会员专享... | 惠,ocr/input_videos\上海__美罗城__20260825.mp4
OBS-000120,美罗城,悅刻RELX,悦刻RELX,数码产品,4.8,399,L3,rated,True,,rated,parsed,rating_anchor,0.9605,0.9623,52,1404,24.11,🌟🌈4.8 | 数码产品￥399/人 | L3,悅刻RELX | R三LX锁 | 🌟🌈4.8 | 数码产品￥399/人 | L3 | 位置好找，烟弹口味齐全,ocr/input_videos\上海__美罗城__20260825.mp4
OBS-000121,美罗城,小泰保泰式热炒,小泰保泰式热炒,泰国菜,3.9,93,L4,rated,True,,rated,parsed,rating_anchor,0.9783,0.9985,51,1404,24.11,🌟🌟🌟🌟🌟 | 泰国菜￥93/人 | L4 | 3.9,小泰保泰式热炒 | Sweel New Arrival | 甜蜜上新 | 🌟🌟🌟🌟🌟 | 泰国菜￥93/人 | L4 | 3.9 | 点评榜单 | 徐家汇商圈东南亚菜打卡人气榜第3名 | 服务态度好，环境舒适，小料丰富 | S | ￥11 | 5折 | ￥22 | 【一口泰香】泰式腐皮... | 惠 | ￥959.5折 | ￥100 | 惠 | 【升级尝新券】100...,ocr/input_videos\上海__美罗城__20260825.mp4
OBS-000122,美罗城,云海肴·汽锅鸡·云南菜,云海肴·汽锅鸡·云南菜,云南菜滇菜,3.9,82,L5,rated,True,,rated,parsed,rating_anchor,0.9722,0.9834,51,1404,24.11,⭐🌟🌟🌟3.9 | 云南菜滇菜￥82/人 | L5,云海肴·汽锅鸡·云南菜 | 鲜松茸汽锅鸡 | 香格里拉松茸 | 时 | ⭐🌟🌟🌟3.9 | 云南菜滇菜￥82/人 | L5 | 令 | 新鲜现烤，口感十足，路过必尝 | 6 | 11:00营业 | ￥1.9 | 3.2折 | 惠 | ￥6 | 【入会有礼】现烤玫瑰.. | ￥949.4折 | 惠 | ￥100100元代金券,ocr/input_videos\上海__美罗城__20260825.mp4
OBS-000123,美罗城,WhiteVictoria精品珍珠,WhiteVictoria精品珍珠,6综合珠宝,,3315,,unknown,True,,ocr_missing,parsed,metadata_anchor,0.9257,0.9991,47,1404,24.11,6综合珠宝 | ￥3315/人,WhiteVictoria精品珍珠 | 6综合珠宝 | ￥3315/人,ocr/input_videos\上海__美罗城__20260825.mp4
OBS-000124,美罗城,慧动体育足球培训,慧动体育足球培训,足球培训,4.5,,L6,rated,True,,rated,parsed,rating_anchor,0.9619,0.9997,51,1440,24.728,⭐⭐4.5足球培训 | L6,慧动体育足球培训 | 精动 | 暑期 | ⭐⭐4.5足球培训 | L6 | 天天练 | 课程通用，教练专业亲和 | ￥2899.7折 | ￥2399开学季【会员专享... | 惠,ocr/input_videos\上海__美罗城__20260825.mp4
OBS-000125,美罗城,悅刻RELX,悦刻RELX,姿,4.8,399,L3,rated,True,,rated,parsed,rating_anchor,0.7985,0.9311,52,1440,24.728,数码产品￥399/人 | L3 | 🌟🌟🎉⭐⭐4.8姿,悅刻RELX | 数码产品￥399/人 | L3 | 🌟🌟🎉⭐⭐4.8姿 | 位置好找，烟弹口味齐全,ocr/input_videos\上海__美罗城__20260825.mp4
OBS-000126,美罗城,小泰保泰式热炒,小泰保泰式热炒,泰国菜,3.9,93,L4,rated,True,,rated,parsed,rating_anchor,0.9773,0.9979,51,1440,24.728,泰国菜￥93/人 | L4 | ★★★★★ | 3.9,小泰保泰式热炒 | Sweet New Arrival | 甜蜜上新 | 泰国菜￥93/人 | L4 | ★★★★★ | 3.9 | 点评榜单 | 徐家汇商圈东南亚菜打卡人气榜第3名 | 服务态度好，环境舒适，小料丰富 | ￥115折 | ￥22 | 惠 | 【一口泰香】泰式腐皮.. | ￥959.5折 | ￥100 | 惠 | 【升级尝新券】100..,ocr/input_videos\上海__美罗城__20260825.mp4
OBS-000127,美罗城,云海肴·汽锅鸡·云南菜,云海肴·汽锅鸡·云南菜,云南菜滇菜,3.9,82,L5,rated,True,,rated,parsed,rating_anchor,0.9692,0.9853,48,1440,24.728,3.9云南菜滇菜￥82/人 | L5,云海肴·汽锅鸡·云南菜 | 鲜松茸汽锅鸡 | 香格里拉松算 | 时多 | 3.9云南菜滇菜￥82/人 | L5 | 新鲜现烤，口感十足，路过必尝 | 11:00营业 | ￥1.93.2折 | 惠 | ￥6 | 【入会有礼】现烤玫瑰.. | 惠 | ￥949.4折 | ￥100100元代金券,ocr/input_videos\上海__美罗城__20260825.mp4
OBS-000128,美罗城,WhiteVictoria精品珍珠,WhiteVictoria精品珍珠,综合珠宝.,4.6,3315,L2,rated,True,,rated,parsed,rating_anchor,0.9429,0.9996,50,1440,24.728,✨4.6综合珠宝. | ￥3315/人L2,WhiteVictoria精品珍珠 | ✨4.6综合珠宝. | ￥3315/人L2 | White Victoria | 精晶珍味 | 39 | 时尚大气，送礼自用佳选！,ocr/input_videos\上海__美罗城__20260825.mp4
OBS-000129,美罗城,悦刻RELX,悦刻RELX,数码产品,4.8,399,L3,rated,True,,rated,parsed,rating_anchor,0.955,0.9543,53,1488,25.553,L3 | 4.8数码产品￥399/人,悦刻RELX | R光LX锁 | L3 | 4.8数码产品￥399/人 | 位置好找，烟弹口味齐全,ocr/input_videos\上海__美罗城__20260825.mp4
OBS-000130,美罗城,小泰保泰式热炒,小泰保泰式热炒,泰国菜,3.9,93,L4,rated,True,,rated,parsed,rating_anchor,0.9594,0.9692,52,1488,25.553,🌟🌟3.9 | L4 | 泰国菜￥93/人,小泰保泰式热炒 | Sweel New Arrival | 甜蜜上新 | 🌟🌟3.9 | L4 | 泰国菜￥93/人 | 点评榜单 | 徐家汇商圈东南亚菜打卡人气榜第3名 | 服务态度好，环境舒适，小料丰富 | S | ￥115折 | ￥22 | 惠 | 【一口泰香】泰式腐皮... | ￥959.5折 | ￥100 | 惠 | 【升级尝新券】100...,ocr/input_videos\上海__美罗城__20260825.mp4
OBS-000131,美罗城,云海肴·汽锅鸡·云南菜,云海肴·汽锅鸡·云南菜,云南菜滇菜,3.9,82,L5,rated,True,,rated,parsed,rating_anchor,0.9608,0.985,54,1488,25.553,3.9云南菜滇菜￥82/人 | L5,云海肴·汽锅鸡·云南菜 | 鲜松茸汽锅鸡 | 香格里拉松茸 | 时金 | 3.9云南菜滇菜￥82/人 | L5 | 新鲜现烤，口感十，路过必尝 | 11:00营业 | 惠￥1.93.2折 | 【入会有礼】现烤玫瑰. | ￥6 | ￥949.4折 | ￥100100元代金券 | 惠,ocr/input_videos\上海__美罗城__20260825.mp4
OBS-000132,美罗城,WhiteVictoria精品珍珠,WhiteVictoria精品珍珠,综合珠宝.,4.6,3315,L2,rated,True,,rated,parsed,rating_anchor,0.9405,0.999,53,1488,25.553,4.6 综合珠宝. | ￥3315/人L2,WhiteVictoria精品珍珠 | 4.6 综合珠宝. | ￥3315/人L2 | White Victoria | 精晶珍球 | 时尚大，送礼佳选！ | “ | 9 | ￥399￥999极光淡水baby链 | 惠 | 惠￥100￥150代金券,ocr/input_videos\上海__美罗城__20260825.mp4
OBS-000133,美罗城,小泰保泰式热炒,小泰保泰式热炒,泰国菜,3.9,93,L4,rated,True,,rated,parsed,rating_anchor,0.979,0.9965,50,1536,26.377,★🌟🌟🌟 | 泰国菜￥93/人 | L4 | 3.9,小泰保泰式热炒 | HSweel New Arrival | 甜蜜上新 | ★🌟🌟🌟 | 泰国菜￥93/人 | L4 | 3.9 | 点评榜单 | 徐家汇商圈东南亚菜打卡人气榜第3名 | 服务态度好，环境舒适，小料丰富 | ￥115折 | 惠 | ￥22 | 【一口泰香】泰式腐皮.. | ￥959.5折 | ￥100 | 惠 | 【升级尝新券】100..,ocr/input_videos\上海__美罗城__20260825.mp4
OBS-000134,美罗城,云海肴·汽锅鸡·云南菜,云海肴·汽锅鸡·云南菜,云南菜滇菜,3.9,82,L5,rated,True,,rated,parsed,rating_anchor,0.9779,0.9884,56,1536,26.377,3.9云南菜滇菜￥82/人 | L5,云海肴·汽锅鸡·云南菜 | 鲜松茸汽锅鸡 | 香格里拉松茸 | 时令 | 3.9云南菜滇菜￥82/人 | L5 | 新鲜现烤，口感十，路过必尝” | 11:00营业 | ￥1.93.2折 | 惠 | ￥6 | 【入会有礼】现烤玫瑰.. | ￥949.4折 | 惠 | ￥100100元代金券,ocr/input_videos\上海__美罗城__20260825.mp4
OBS-000135,美罗城,White Victoria精品珍珠,WhiteVictoria精品珍珠,综合珠宝,4.6,3315,L2,rated,True,,rated,parsed,rating_anchor,0.9135,0.9768,51,1536,26.377,⭐⭐✨4.6综合珠宝 | ￥3315/人L2,White Victoria精品珍珠 | ⭐⭐✨4.6综合珠宝 | ￥3315/人L2 | White Victoria | 精晶珍珠 | 时尚大气，送礼自用佳选！ | 33 | “ | ￥399￥999极光淡水baby链 | 惠 | ￥100￥150代金券 | 惠,ocr/input_videos\上海__美罗城__20260825.mp4
OBS-000136,美罗城,NICI,NICI,玩具,4.2,268,B1,rated,True,,rated,parsed,rating_anchor,0.9834,0.9973,53,1536,26.377,🌟🌟🌟🎉 | B1 | 4.2玩具￥268/人,NICI | 🌟🌟🌟🎉 | B1 | 4.2玩具￥268/人 | 点评榜单 | 徐汇区亲子购物热门榜第8名 | 质量上乘，造型独特有灵魂 | 云彩坡·云南古法油焖鸡,ocr/input_videos\上海__美罗城__20260825.mp4
OBS-000137,美罗城,NICI,NICI,玩具,4.2,268,B1,rated,True,,rated,parsed,rating_anchor,0.9826,0.9964,56,1572,26.995,⭐🌟🌟⭐ | B1 | 4.2玩具￥268/人,NICI | ⭐🌟🌟⭐ | B1 | 4.2玩具￥268/人 | 点评榜单 | 徐汇区亲子购物热门榜第8名 | 质量上乘，造型独特有灵魂”,ocr/input_videos\上海__美罗城__20260825.mp4
OBS-000138,美罗城,云彩坡·云南古法油焖鸡,云彩坡·云南古法油焖鸡,云南菜滇菜,4.4,,L4,rated,True,,rated,parsed,rating_anchor,0.9936,0.9917,54,1572,26.995,🌟🌟🌟🌟 | ￥971人 | L4 | 4.4云南菜滇菜 | ★,云彩坡·云南古法油焖鸡 | 🌟🌟🌟🌟 | ￥971人 | L4 | 4.4云南菜滇菜 | ★ | 点评榜单 | 徐汇区云南菜|滇菜热门榜第1名 | 311:00营业 | 环境宜，服务周到，响应及时” | ￥1989折 | ￥221镇店招牌2人餐 | 惠 | ￥48.59.7折 | 惠 | ￥5050元代金券,ocr/input_videos\上海__美罗城__20260825.mp4
OBS-000139,美罗城,湘辣辣鲜炒黄牛肉,湘辣辣鲜炒黄牛肉,湘菜,4.7,84,L2,rated,True,,rated,parsed,rating_anchor,0.9681,0.9931,54,1572,26.995,4.7湘菜￥84/人 | L2,湘辣辣鲜炒黄牛肉 | 4.7湘菜￥84/人 | L2 | 点评榜单 | 徐汇区湘菜好评榜第1名 | 湘辣辣 | 饭软可，吃就停不下来 | 鲜炒黄牛肉 | < | 6.7折 | ￥30 | ￥19.9 | 【暑期爆品】牛肉C.. | 惠,ocr/input_videos\上海__美罗城__20260825.mp4
OBS-000140,美罗城,Ms.Sue秘术工匠银饰DIY,Ms.Sue秘术工匠银饰DIY,DIY手工坊,4.8,221,L4,rated,True,,rated,parsed,rating_anchor,0.94,0.9913,50,1572,26.995,★★🌟🌟🌟 | L4 | 4.8DIY手工坊￥221/人,Ms.Sue秘术工匠银饰DIY | ★★🌟🌟🌟 | L4 | 4.8DIY手工坊￥221/人 | 点评榜单 | 徐家汇商圈DIY手工坊好评榜第5名 | 手工银饰DIY， | 创意魔法无限 | ￥3968.2折 | ￥596 | 惠 | 【七夕节特惠/2枚】 | … | 惠 | ￥10￥20代金券,ocr/input_videos\上海__美罗城__20260825.mp4
OBS-000141,美罗城,云彩坡·云南古法油焖鸡,云彩坡·云南古法油焖鸡,云南菜滇菜,4.4,97,L4,rated,True,,rated,parsed,rating_anchor,0.9919,0.9876,48,1596,27.407,🌟🌟⭐⭐ | L4 | ￥97/人 | 云南菜滇菜 | 4.4 | ★,云彩坡·云南古法油焖鸡 | 🌟🌟⭐⭐ | L4 | ￥97/人 | 云南菜滇菜 | 4.4 | ★ | 点评榜单 | 徐汇区云南菜滇菜热门榜第1名 | 2计轴 | 311:00营业 | 环境宜人，服务周到，响应及时 | 9折 | ￥198 | 惠 | ￥221 | 镇店招牌2人餐 | 惠 | ￥48.5 | 9.7折 | ￥5050元代金券,ocr/input_videos\上海__美罗城__20260825.mp4
OBS-000142,美罗城,湘辣辣鲜炒黃牛肉,湘辣辣鲜炒黄牛肉,湘菜,4.7,84,L2,rated,True,,rated,parsed,rating_anchor,0.9351,0.9263,54,1596,27.407,4.7湘菜￥84/人 | L2,湘辣辣鲜炒黃牛肉 | 4.7湘菜￥84/人 | L2 | 点评榜单 | 徐汇区湘菜好评榜第1名 | 湘辣辣 | 鲜炒黄牛肉 | 米饭香软可口，一吃就停不下来 | 【暑期爆品】牛肉C.. | 6.7折 | ￥30 | ￥19.9 | 惠,ocr/input_videos\上海__美罗城__20260825.mp4
OBS-000143,美罗城,Ms.Sue秘术工匠银饰DIY,Ms.Sue秘术工匠银饰DIY,DIY手工坊,4.8,221,L4,rated,True,,rated,parsed,rating_anchor,0.9715,0.9927,50,1596,27.407,4.8DIY手工坊￥221/人 | L4,Ms.Sue秘术工匠银饰DIY | 6店同庆 | 4.8DIY手工坊￥221/人 | L4 | 点评榜单 | 徐家汇商圈DIY手工坊好评榜第5名 | 0Y | 低至5玩起 | 心 | 手工银饰DIY， | 创意魔法无限 | ￥3968.2折 | ￥596 | 【七夕节特惠/2枚】 | 惠 | ￥10￥20代金券 | 惠,ocr/input_videos\上海__美罗城__20260825.mp4
OBS-000144,美罗城,剧乐园,剧乐园,剧场/剧院,4.7,,L6,rated,True,,rated,parsed,rating_anchor,0.9772,0.9996,58,1596,27.407,⭐4.7剧场/剧院 | L6,剧乐园 | FUNSTAGE | ⭐4.7剧场/剧院 | L6 | 剧乐园,ocr/input_videos\上海__美罗城__20260825.mp4
OBS-000145,美罗城,NICI,NICI,玩具,4.2,268,B1,rated,True,,rated,parsed,rating_anchor,0.9832,0.9975,56,1632,28.026,🌟🌟🎉🎉 | B1 | 4.2玩具￥268/人,NICI | 🌟🌟🎉🎉 | B1 | 4.2玩具￥268/人 | 点评榜单 | 徐汇区亲子购物热门榜第8名 | 质量上乘，造型独特有灵魂 | “,ocr/input_videos\上海__美罗城__20260825.mp4
OBS-000146,美罗城,云彩坡·云南古法油焖鸡,云彩坡·云南古法油焖鸡,云南菜滇菜,4.4,97,L4,rated,True,,rated,parsed,rating_anchor,0.9728,0.9876,51,1632,28.026,🌟🌟⭐⭐ | L4 | 4.4云南菜滇菜￥97/人 | ★,云彩坡·云南古法油焖鸡 | 🌟🌟⭐⭐ | L4 | 4.4云南菜滇菜￥97/人 | ★ | 点评榜单 | 徐汇区云南菜|滇菜热门榜第1名 | 只情 | 311:00营业 | 环境宜人，服务周到，响应及时 | “ | ￥1989折 | 惠 | ￥221 | 镇店招牌2人餐 | ￥48.59.7折 | 惠 | ￥5050元代金券,ocr/input_videos\上海__美罗城__20260825.mp4
OBS-000147,美罗城,湘辣辣鲜炒黄牛肉,湘辣辣鲜炒黄牛肉,湘菜,4.7,84,L2,rated,True,,rated,parsed,rating_anchor,0.9205,0.9074,51,1632,28.026,L2 | 4.7湘菜￥84/人,湘辣辣鲜炒黄牛肉 | L2 | 4.7湘菜￥84/人 | 点评榜单 | 徐汇区湘菜好评榜第1名 | 湘辣辣 | 米饭香软可口，一吃就停不下来 | 鲜炒黄牛肉 | ￥19.9 | 6.7折 | ￥30 | 【暑期爆品】牛肉C.. | 惠,ocr/input_videos\上海__美罗城__20260825.mp4
OBS-000148,美罗城,Ms.Sue秘术工匠银饰DIY,Ms.Sue秘术工匠银饰DIY,DIY手工坊,4.8,221,L4,rated,True,,rated,parsed,rating_anchor,0.9786,0.9951,50,1632,28.026,4.8DIY手工坊￥221/人 | L4,Ms.Sue秘术工匠银饰DIY | 6店同庆 | 4.8DIY手工坊￥221/人 | L4 | 点评榜单 | 徐家汇商圈DIY手工坊好评榜第5名 | T1OY | 低至5折起 | 手工银饰DIY，创意魔法无限 | “ | 广告 | ￥3968.2折 | ￥596 | 惠 | 【七夕节特惠/2枚】 | ￥10￥20代金券 | 惠,ocr/input_videos\上海__美罗城__20260825.mp4
OBS-000149,美罗城,剧乐园,剧乐园,剧场/剧院,4.7,,L6,rated,True,,rated,parsed,rating_anchor,0.9925,0.9998,57,1632,28.026,4.7剧场/剧院 | L6,剧乐园 | 4.7剧场/剧院 | FUNSTAGE | L6 | 剧乐园,ocr/input_videos\上海__美罗城__20260825.mp4
OBS-000150,美罗城,剧乐园,剧乐园,剧场/剧院,4.7,,L6,rated,True,,rated,parsed,rating_anchor,0.992,0.9996,59,1692,29.056,4.7剧场/剧院 | L6,剧乐园 | 4.7剧场/剧院 | FUNSTAGE | L6 | 剧乐园 | 社,ocr/input_videos\上海__美罗城__20260825.mp4
OBS-000151,美罗城,贵Guui,贵Guui,贵州菜黔菜,4.4,110,L3,rated,True,,rated,parsed,rating_anchor,0.9824,0.9967,61,1692,29.056,🌟🌟⭐⭐ | L3 | 4.4贵州菜黔菜￥110/人,贵Guui | 🌟🌟⭐⭐ | L3 | 4.4贵州菜黔菜￥110/人 | 点评榜单 | 上海贵州菜黔菜销量榜第1名 | uUI | 贵州特色酸汤鱼，开胃下饭，完美” | 11:00营业 | < | ￥21.9 | 6.9折 | ￥32 | 惠 | 【时令风味】贵州冰.. | ￥959.5折 | ￥100100元代金券 | 惠,ocr/input_videos\上海__美罗城__20260825.mp4
OBS-000152,美罗城,胡子大厨·湖南小炒MAX店,胡子大厨·湖南小炒MAX店,湘菜,4.2,,L3,rated,True,,rated,parsed,rating_anchor,0.9714,0.9626,56,1692,29.056,4.2湘菜62/人 | L3,胡子大厨·湖南小炒MAX店 | 彭湖南 | 中國心炒 | 4.2湘菜62/人 | L3 | 点评榜单 | 徐家汇商圈湘菜销量榜第3名 | 胡子大图 | 腊八豆炒蛋美味可口 | ￥1328.7折 | ￥153.4 | 惠 | 【湘味结伴】招牌.. | ￥459折 | 惠 | ￥50 | 【美罗特惠】50元代金券,ocr/input_videos\上海__美罗城__20260825.mp4
OBS-000153,美罗城,三小姐的花,三小姐的花,花店,4.6,178,L3,rated,True,,rated,parsed,rating_anchor,0.952,0.9998,56,1692,29.056,4.6花店￥178/人 | L3,三小姐的花 | 4.6花店￥178/人 | L3 | 花特别大，要几个人才能抬得动 | ￥168￥368可配送可发票开业乔迁花篮 | 惠,ocr/input_videos\上海__美罗城__20260825.mp4
OBS-000154,美罗城,剧乐园,剧乐园,剧场/剧院,4.7,,L6,rated,True,,rated,parsed,rating_anchor,0.991,0.9998,57,1716,29.468,4.7剧场/剧院 | L6,剧乐园 | FUNSTAGE | 4.7剧场/剧院 | L6 | 剧乐园 | X,ocr/input_videos\上海__美罗城__20260825.mp4
OBS-000155,美罗城,贵Guui,贵Guui,贵州菜|黔菜,4.4,110,L3,rated,True,,rated,parsed,rating_anchor,0.9724,0.9981,53,1716,29.468,🌟🌟🌟🌟 | L3 | 贵州菜|黔菜￥110/人 | 4.4,贵Guui | 🌟🌟🌟🌟 | L3 | 贵州菜|黔菜￥110/人 | 4.4 | 点评榜单 | 上海贵州菜|黔菜销量榜第1名 | 11:00营业 | 贵州特色酸汤鱼，开胃下饭，完美” | “ | ￥32 | 6.9折 | 【时令风味】贵州冰. | ￥21.9 | 惠 | ￥95 | 9.5折 | ￥100100元代金券 | 惠,ocr/input_videos\上海__美罗城__20260825.mp4
OBS-000156,美罗城,胡子大厨·湖南小炒MAX店,胡子大厨·湖南小炒MAX店,湘菜,4.2,62,L3,rated,True,,rated,parsed,rating_anchor,0.9591,0.9598,54,1716,29.468,🌟🌟🌟🌟 | L3 | 4.2湘菜￥62/人 | ★,胡子大厨·湖南小炒MAX店 | 直淘南 | 中 | 國 | 🌟🌟🌟🌟 | L3 | 4.2湘菜￥62/人 | 炒 | ★ | 点评单 | 徐家汇商圈湘菜销量榜第3名 | 胡子大厨 | 3 | 腊八豆炒蛋美味可口 | ￥132 | 8.7折 | ￥153.4 | 【湘味结伴】招牌.…. | 惠 | ￥45 | 9折 | ￥50 | 惠 | 【美罗特惠】50元代金券,ocr/input_videos\上海__美罗城__20260825.mp4
OBS-000157,美罗城,三小姐的花,三小姐的花,花店,4.6,178,L3,rated,True,,rated,parsed,rating_anchor,0.9852,0.9997,52,1716,29.468,L3 | 🌟🌟⭐⭐🌟 | 4.6花店￥178/人,三小姐的花 | 开业乔迁花篮 | 全城免费配送 | L3 | 🌟🌟⭐⭐🌟 | 4.6花店￥178/人 | 花特别大，要几个人才能抬得动 | ￥168￥368可配送可发票开业乔迁花篮 | 惠,ocr/input_videos\上海__美罗城__20260825.mp4
OBS-000158,美罗城,了岚,了岚,服装,4.1,,L2,rated,True,,rated,parsed,rating_anchor,0.8998,0.9999,65,1716,29.468,⭐🌟⭐⭐4.1服装 | L2,了岚 | LIOU&LANS | ⭐🌟⭐⭐4.1服装 | L2,ocr/input_videos\上海__美罗城__20260825.mp4
OBS-000159,美罗城,剧乐园,剧乐园,剧场/剧院,4.7,,L6,rated,True,,rated,parsed,rating_anchor,0.9243,0.9994,62,1764,30.292,⭐⭐✨4.7剧场/剧院 | L6,剧乐园 | ⭐⭐✨4.7剧场/剧院 | FUNSTAGE | L6 | 剧乐园 | 国,ocr/input_videos\上海__美罗城__20260825.mp4
OBS-000160,美罗城,贵Guui,贵Guui,贵州菜|黔菜,4.4,110,L3,rated,True,,rated,parsed,rating_anchor,0.9687,0.9988,58,1764,30.292,⭐🌟🌟⭐ | L3 | 贵州菜|黔菜￥110/人 | 4.4,贵Guui | ⭐🌟🌟⭐ | L3 | 贵州菜|黔菜￥110/人 | 4.4 | 点评榜单 | 上海贵州菜黔菜销量榜第1名 | uuI | 11:00营业 | 贵州特色酸汤鱼，开胃下饭，完美” | 6.9折 | ￥21.9 | ￥32 | 惠 | 【时令风味】贵州冰. | ￥959.5折 | ￥100100元代金券 | 惠,ocr/input_videos\上海__美罗城__20260825.mp4
OBS-000161,美罗城,胡子大厨·湖南小炒MAX店,胡子大厨·湖南小炒MAX店,湘菜,4.2,62,L3,rated,True,,rated,parsed,rating_anchor,0.9524,0.9491,57,1764,30.292,🌟🌟🌟🎉 | L3 | 湘菜￥62/人 | 4.2 | ★,胡子大厨·湖南小炒MAX店 | 直淘南 | 中國心 | 🌟🌟🌟🎉 | L3 | 湘菜￥62/人 | 4.2 | ★ | 点评榜单 | 徐家汇商圈湘菜销量榜第3名 | 胡子大園 | 腊八豆炒蛋美味可口 | C | ￥1328.7折 | ￥153.4 | 惠 | 【湘味结伴】招牌.. | ￥459折 | ￥50 | 惠 | 【美罗特惠】50元代金券,ocr/input_videos\上海__美罗城__20260825.mp4
OBS-000162,美罗城,三小姐的花,三小姐的花,花店,4.6,178,L3,rated,True,,rated,parsed,rating_anchor,0.9697,0.9998,56,1764,30.292,4.6花店￥178/人 | L3,三小姐的花 | 开业乔迁花篮 | 全城免费配送 | 4.6花店￥178/人 | L3 | 花特别大，要几个人才能抬得动 | K | ￥168￥368可配送可发票开业乔迁花篮 | 惠,ocr/input_videos\上海__美罗城__20260825.mp4
OBS-000163,美罗城,了岚,了岚,服装,4.1,,L2,rated,True,,rated,parsed,rating_anchor,0.9412,0.9999,61,1764,30.292,L2 | ⭐⭐⭐4.1服装,了岚 | LIOUALANST | L2 | ⭐⭐⭐4.1服装,ocr/input_videos\上海__美罗城__20260825.mp4
OBS-000164,美罗城,胡子大厨·湖南小炒MAX店,胡子大厨·湖南小炒MAX店,湘菜,4.2,62,L3,rated,True,,rated,parsed,rating_anchor,0.9498,0.9298,58,1812,31.117,🌟🌟🌟⭐ | 4.2湘菜￥62/人 | L3,胡子大厨·湖南小炒MAX店 | 塑湾 | 中 | 國 | 南 | 🌟🌟🌟⭐ | 4.2湘菜￥62/人 | L3 | 点评榜单 | 徐家汇商圈湘菜销量榜第3名 | MOEMAN | 胡子大园 | 小 | 腊八豆炒蛋美味可口 | ￥1328.7折 | 惠 | 【湘味结伴】招牌.. | ￥153.4 | ￥459折 | ￥50 | 惠 | 【美罗特惠】50元代金券,ocr/input_videos\上海__美罗城__20260825.mp4
OBS-000165,美罗城,三小姐的花,三小姐的花,花店,4.6,178,L3,rated,True,,rated,parsed,rating_anchor,0.9481,0.9996,58,1812,31.117,4.6花店￥178/人 | L3,三小姐的花 | 开业乔迁花篮 | 全城免费配送 | 4.6花店￥178/人 | L3 | 花特别大，要几个人才能抬得动” | ￥168￥368可配送可发票开业乔迁花篮 | 惠,ocr/input_videos\上海__美罗城__20260825.mp4
OBS-000166,美罗城,了岚,了岚,服装,4.1,,L2,rated,True,,rated,parsed,rating_anchor,0.9302,0.9999,67,1812,31.117,⭐⭐⭐4.1服装 | L2,了岚 | LIOUALANS T | ⭐⭐⭐4.1服装 | L2,ocr/input_videos\上海__美罗城__20260825.mp4
OBS-000167,美罗城,荣先森·福建小馆,荣先森·福建小馆,福建菜,4.4,86,L4,rated,True,,rated,parsed,rating_anchor,0.9807,0.9837,56,1812,31.117,🌟🌟🌟 | 4.4福建菜￥86/人 | L4,荣先森·福建小馆 | 翡翠二 | 胖级 | 🌟🌟🌟 | 4.4福建菜￥86/人 | L4 | 点评榜单 | 徐汇区福建菜热门榜第1名 | 服务必须点赞，菜品口味很饱满 | 5 | ￥190 | 9.4折 | ￥177 | 【闽味双鲜】泉州... | 惠 | ￥989.8折 | ￥100100元代金券 | 惠,ocr/input_videos\上海__美罗城__20260825.mp4
OBS-000168,美罗城,了岚,了岚,服装,4.1,,L2,rated,True,,rated,parsed,rating_anchor,0.9648,0.9998,62,1836,31.529,4.1服装 | L2,了岚 | LIOUALANS TI | 4.1服装 | L2,ocr/input_videos\上海__美罗城__20260825.mp4
OBS-000169,美罗城,荣先森·福建小馆,荣先森·福建小馆,福建菜,4.4,86,L4,rated,True,,rated,parsed,rating_anchor,0.9724,0.973,52,1836,31.529,🌟🌟⭐ | 4.4福建菜￥86/人 | L4,荣先森·福建小馆 | 翡翠 | 胖级 | 🌟🌟⭐ | 4.4福建菜￥86/人 | L4 | 点评榜单 | 徐汇区福建菜热门榜第1名 | 3 | 服务必须点赞，菜品口味很饱满 | ￥190 | ￥1779.4折 | 【闽味双鲜】泉州. | 惠 | ￥989.8折 | 惠 | ￥100100元代金券,ocr/input_videos\上海__美罗城__20260825.mp4
OBS-000170,美罗城,酸奶罐罐,酸奶罐罐,酸奶鲜奶,4.0,18,L1,rated,True,,rated,parsed,rating_anchor,0.9777,0.9991,56,1836,31.529,🌟🌟★🌟 | L1 | 酸奶鲜奶￥18/人 | 4.0 | 2,酸奶罐罐 | 购贴！ | 9 | 藜麦葡萄 | 🌟🌟★🌟 | L1 | 酸奶鲜奶￥18/人 | 4.0 | 2 | 点评榜单 | 徐家汇商圈酸奶鲜奶好评榜第1名 | 口味好，服务优，等你来尝鲜” | “ | Zcan酸奶罐雅 | 7.7折 | ￥16.9 | ￥22 | 【人气必点】招牌酸... | 惠,ocr/input_videos\上海__美罗城__20260825.mp4
OBS-000171,美罗城,Hair Code,HairCode,美发,4.7,340,L4,rated,True,,rated,parsed,rating_anchor,0.9628,0.9883,49,1836,31.529,4.7美发￥340/人 | L4,Hair Code | 4.7美发￥340/人 | L4 | 臻选·星耀黛钻门店 | -2036 | 徐家汇商圈洗剪吹销量榜第1名 | XO | 审美到位的发型师，手法就是好！ | 3 | 告 | ￥1589.5折 | ￥198 | 【S1级】设计师发... | 惠,ocr/input_videos\上海__美罗城__20260825.mp4
OBS-000172,美罗城,美罗城-卸货区,美罗城-卸货区,物流快递,3.5,,L1,rated,True,,rated,parsed,rating_anchor,0.999,0.9981,52,1836,31.529,🌟⭐3.5 | L1 | 物流快递,美罗城-卸货区 | 🌟⭐3.5 | L1 | 物流快递,ocr/input_videos\上海__美罗城__20260825.mp4
OBS-000173,美罗城,了岚,了岚,服装,4.1,,L2,rated,True,,rated,parsed,rating_anchor,0.9408,0.9999,66,1872,32.147,🌟⭐4.1服装 | L2,了岚 | LOUALANST | 🌟⭐4.1服装 | L2,ocr/input_videos\上海__美罗城__20260825.mp4
OBS-000174,美罗城,荣先森·福建小馆,荣先森·福建小馆,福建菜,4.4,86,L4,rated,True,,rated,parsed,rating_anchor,0.9723,0.9778,52,1872,32.147,⭐🌟⭐⭐ | L4 | 4.4福建菜￥86/人 | ★,荣先森·福建小馆 | 翡翠 | 胖丝 | ⭐🌟⭐⭐ | L4 | 4.4福建菜￥86/人 | ★ | 点评榜单 | 徐汇区福建菜热门榜第1名 | 服务必须点赞，菜品口味很饱满 | 发 | “ | ￥1779.4折 | ￥190 | 惠 | 【闽味双鲜】泉州…. | ￥989.8折 | 惠 | ￥100100元代金券,ocr/input_videos\上海__美罗城__20260825.mp4
OBS-000175,美罗城,酸奶罐罐,酸奶罐罐,酸奶鲜奶,4.0,18,L1,rated,True,,rated,parsed,rating_anchor,0.9802,0.9995,53,1872,32.147,L1 | 🌟🌟🌟⭐ | 4.0 | 酸奶鲜奶￥18/人,酸奶罐罐 | 购贴！ | 藜麦葡萄 | L1 | 🌟🌟🌟⭐ | 4.0 | 酸奶鲜奶￥18/人 | ucan | 点评榜单 | 徐家汇商圈酸奶鲜奶好评榜第1名 | 口味好，服务优，等你来尝鲜” | “ | Zcan酸奶罐罐 | ￥16.97.7折 | ￥22 | 【人气必点】招牌酸.. | 惠,ocr/input_videos\上海__美罗城__20260825.mp4
OBS-000176,美罗城,Hair Code,HairCode,美发,4.7,340,L4,rated,True,,rated,parsed,rating_anchor,0.9624,0.9975,52,1872,32.147,4.7美发￥340/人 | L4,Hair Code | 4.7美发￥340/人 | L4 | 臻选·星耀黛钻门店 | 徐家汇商圈洗剪吹销量榜第1名 | xO | 审美到位的发型师，手法就是好！ | 3 | “ | ！广告 | ￥198 | ￥1589.5折 | 【S1级】设计师发... | 惠,ocr/input_videos\上海__美罗城__20260825.mp4
OBS-000177,美罗城,美罗城-卸货区,美罗城-卸货区,物流快递,3.5,,L1,rated,True,,rated,parsed,rating_anchor,0.9961,0.9974,57,1872,32.147,3.5物流快递 | L1,美罗城-卸货区 | 3.5物流快递 | L1,ocr/input_videos\上海__美罗城__20260825.mp4
OBS-000178,美罗城,荣先森·福建小馆,荣先森·福建小馆,福建菜,4.4,86,L4,rated,True,,rated,parsed,rating_anchor,0.9727,0.9844,57,1908,32.765,🌟🌟🌟🌟 | L4 | 4.4福建菜￥86/人 | ★,荣先森·福建小馆 | 翡翠 | 胖级 | 🌟🌟🌟🌟 | L4 | 4.4福建菜￥86/人 | ★ | 点评榜单 | 徐汇区福建菜热门榜第1名 | 集 | 服务必须点赞，菜品口味很饱满 | 3 | ￥1779.4折 | ￥190 | 【闽味双鲜】泉州... | 惠 | ￥989.8折 | ￥100100元代金券 | 惠,ocr/input_videos\上海__美罗城__20260825.mp4
OBS-000179,美罗城,酸奶罐罐,酸奶罐罐,酸奶鲜奶,4.0,18,L1,rated,True,,rated,parsed,rating_anchor,0.9768,0.9987,57,1908,32.765,⭐🌟⭐⭐ | L1 | 酸奶鲜奶￥18/人 | 4.0,酸奶罐罐 | 贴贴！ | 藜麦葡萄 | ⭐🌟⭐⭐ | L1 | 酸奶鲜奶￥18/人 | 4.0 | ucan | 点评榜单 | 徐家汇商圈酸奶鲜奶好评榜第1名 | 口味好，服务优，等你来尝鲜 | “ | Ucan酸奶福 | ￥16.97.7折 | 惠 | ￥22 | 【人气必点】招牌酸..,ocr/input_videos\上海__美罗城__20260825.mp4
OBS-000180,美罗城,Hair Code,HairCode,美发,4.7,340,L4,rated,True,,rated,parsed,rating_anchor,0.9846,0.9969,54,1908,32.765,🌟🌟🎉🎉🌟 | L4 | 4.7美发￥340/人,Hair Code | 🌟🌟🎉🎉🌟 | L4 | 4.7美发￥340/人 | 预选·星耀票钻门店 | 2006 | 徐家汇商圈洗剪吹销量榜第1名 | 大 | 审美到位的发型师，手法就是好！ | 3 | “ | 广告 | ￥198 | ￥1589.5折 | 【S1级】设计师发.. | 惠,ocr/input_videos\上海__美罗城__20260825.mp4
OBS-000181,美罗城,美罗城-卸货区,美罗城-卸货区,物流快递,3.5,,L1,rated,True,,rated,parsed,rating_anchor,0.9962,0.9976,51,1908,32.765,3.5物流快递 | L1,美罗城-卸货区 | 3.5物流快递 | L1,ocr/input_videos\上海__美罗城__20260825.mp4
OBS-000182,美罗城,DQ·蛋糕·冰淇淋,DQ·蛋糕·冰淇淋,冰淇淋,4.6,26,L4,rated,True,,rated,parsed,rating_anchor,0.9529,0.9718,57,1908,32.765,4.6冰淇淋￥26/人 | L4,DQ·蛋糕·冰淇淋 | DO | 4.6冰淇淋￥26/人 | L4 | 点评榜单 | 徐家汇商圈冰淇淋热门榜第1名,ocr/input_videos\上海__美罗城__20260825.mp4
OBS-000183,美罗城,酸奶罐罐,酸奶罐罐,酸奶鲜奶,4.0,18,L1,rated,True,,rated,parsed,rating_anchor,0.9812,0.9988,57,1920,32.971,🌟🌟⭐⭐ | L1 | 酸奶鲜奶￥18/人 | 4.0 | ★,酸奶罐罐 | 购贴！ | 藜麦葡萄 | Ω | 🌟🌟⭐⭐ | L1 | 酸奶鲜奶￥18/人 | 4.0 | ★ | 点评榜单 | 徐家汇商圈酸奶鲜奶好评榜第1名 | 2 | 口味好，服务优，等你来尝鲜” | Wcan酸奶砸ū | ￥16.97.7折 | ￥22 | 【人气必点】招牌酸... | 惠,ocr/input_videos\上海__美罗城__20260825.mp4
OBS-000184,美罗城,Hair Code,HairCode,美发,4.7,340,L4,rated,True,,rated,parsed,rating_anchor,0.973,0.9972,52,1920,32.971,4.7美发￥340/人 | L4,Hair Code | 4.7美发￥340/人 | L4 | 臻选星辉票钻门店 | 徐家汇商圈洗剪吹销量榜第1名 | 点 | 审美到位的发型师，手法就是好！ | 3 | ￥1589.5折 | ￥198 | 【S1级】设计师发.. | 惠,ocr/input_videos\上海__美罗城__20260825.mp4
OBS-000185,美罗城,美罗城-卸货区,美罗城-卸货区,物流快递,3.5,,L1,rated,True,,rated,parsed,rating_anchor,0.9956,0.9989,55,1920,32.971,3.5物流快递 | L1,美罗城-卸货区 | 3.5物流快递 | L1,ocr/input_videos\上海__美罗城__20260825.mp4
OBS-000186,美罗城,DQ·蛋糕·冰淇淋,DQ·蛋糕·冰淇淋,冰淇淋,4.6,26,L4,rated,True,,rated,parsed,rating_anchor,0.966,0.9704,55,1920,32.971,L4 | 🌟🌟🎉🌟🌟 | 4.6冰淇淋￥26/人,DQ·蛋糕·冰淇淋 | DO | 艺果棉米 | L4 | 🌟🌟🎉🌟🌟 | 4.6冰淇淋￥26/人 | 点评榜单 | 徐家汇商圈冰淇淋热门榜第1名 | ￥19.9 | ￥18.2 | 9.2折 | 【爆品】DQ双头怪 | 惠,ocr/input_videos\上海__美罗城__20260825.mp4
OBS-000187,美罗城,酸奶罐罐,酸奶罐罐,酸奶鲜奶,4.0,18,L1,rated,True,,rated,parsed,rating_anchor,0.9801,0.9989,57,1968,33.796,🌟🌟⭐⭐ | L1 | 酸奶鲜奶￥18/人 | 4.0 | ★,酸奶罐罐 | 购贴！ | 藜麦葡萄 | 🌟🌟⭐⭐ | L1 | 酸奶鲜奶￥18/人 | 4.0 | ★ | 点评榜单 | 徐家汇商圈酸奶鲜奶好评榜第1名 | 02 | □味好，服务优，等你来尝鲜 | Wcan酸奶砸 | ￥16.97.7折 | ￥22 | 【人气必点】招牌酸.. | 惠,ocr/input_videos\上海__美罗城__20260825.mp4
OBS-000188,美罗城,Hair Code,HairCode,美发,4.7,340,L4,rated,True,,rated,parsed,rating_anchor,0.9752,0.9979,52,1968,33.796,4.7美发￥340/人 | L4,Hair Code | 4.7美发￥340/人 | L4 | 臻选星辉票钻门店 | 徐家汇商圈洗剪吹销量榜第1名 | 大点 | 审美到位的发型师，手法就是好！ | 3 | ￥1589.5折 | ￥198 | 【S1级】设计师发.. | 惠,ocr/input_videos\上海__美罗城__20260825.mp4
OBS-000189,美罗城,美罗城-卸货区,美罗城-卸货区,物流快递,3.5,,L1,rated,True,,rated,parsed,rating_anchor,0.9672,0.999,55,1968,33.796,⭐3.5物流快递 | L1,美罗城-卸货区 | ⭐3.5物流快递 | L1,ocr/input_videos\上海__美罗城__20260825.mp4
OBS-000190,美罗城,DQ·蛋糕·冰淇淋,DQ·蛋糕·冰淇淋,冰淇淋,4.6,26,L4,rated,True,,rated,parsed,rating_anchor,0.9244,0.977,56,1968,33.796,L4 | 4.6冰淇淋￥26/人,DQ·蛋糕·冰淇淋 | DO | 艺果棉米 | L4 | 4.6冰淇淋￥26/人 | 点评榜单 | 徐家汇商圈冰淇淋热门榜第1名 | ￥19.9 | 9.2折 | 【爆品】DQ双头怪 | ￥18.2 | 惠,ocr/input_videos\上海__美罗城__20260825.mp4
OBS-000191,美罗城,酸奶雌雌,酸奶雌雌,酸奶鲜奶,4.0,18,L1,rated,True,,rated,parsed,rating_anchor,0.858,0.7792,41,1980,34.002,L1 | 🌟★★🎉 | 酸奶鲜奶￥18/人 | 4.0,赠知藜麦葡萄 | 酸奶雌雌 | L1 | 🌟★★🎉 | 酸奶鲜奶￥18/人 | 4.0 | ucn | 点评榜单 | 徐家汇商圈酸奶鲜奶好评榜第1名 | 口味好，服务优，等你来尝鲜” | S | Wlcan酸奶福罐 | ￥16.97.7折 | ￥22 | 【人气必点】招牌酸.. | 惠,ocr/input_videos\上海__美罗城__20260825.mp4
OBS-000192,美罗城,Hair Code,HairCode,美发,4.7,340,L4,rated,True,,rated,parsed,rating_anchor,0.9611,0.9719,53,1980,34.002,4.7美发￥340/人 | L4,Hair Code | 4.7美发￥340/人 | L4 | 臻选星辉票钻门店 | XA | 徐家汇商圈洗剪吹销量榜第1名 | 大 | 分 | 审美到位的发型师，手法就是好！ | 《 | “出 | ￥1589.5折 | ￥198 | 【S1级】设计师发.. | 惠,ocr/input_videos\上海__美罗城__20260825.mp4
OBS-000193,美罗城,美罗城-卸货区,美罗城-卸货区,物流快递,3.5,,L1,rated,True,,rated,parsed,rating_anchor,0.9942,0.997,55,1980,34.002,3.5物流快递 | L1,美罗城-卸货区 | 3.5物流快递 | L1,ocr/input_videos\上海__美罗城__20260825.mp4
OBS-000194,美罗城,DQ·蛋糕·冰淇淋,DQ·蛋糕·冰淇淋,冰淇淋,4.6,26,L4,rated,True,,rated,parsed,rating_anchor,0.9518,0.9765,60,1980,34.002,4.6冰淇淋￥26/人 | L4,DQ·蛋糕·冰淇淋 | DO | 艺果棉术 | 4.6冰淇淋￥26/人 | L4 | 点评榜单 | 徐家汇商圈冰淇淋热门榜第1名 | ￥18.29.2折 | ￥19.9 | 【爆品】DQ双头怪 | 惠,ocr/input_videos\上海__美罗城__20260825.mp4
OBS-000195,美罗城,艾炒酸奶,艾炒酸奶,酸奶鲜奶,3.8,26,L4,rated,True,,rated,parsed,rating_anchor,0.9789,0.9999,60,1980,34.002,🌟🌟🌟🌟3.8 | L4 | 酸奶鲜奶￥26/人,艾炒酸奶 | CHAD'S | 兄n | 🌟🌟🌟🌟3.8 | L4 | 酸奶鲜奶￥26/人 | ￥18.97.9折 | 【单人餐】芒果很芒... | 惠 | ￥24 | ￥1.42.8折 | 惠 | ￥55元代金券,ocr/input_videos\上海__美罗城__20260825.mp4
OBS-000196,美罗城,艾炒酸奶,艾炒酸奶,酸奶鲜奶,3.8,26,L4,rated,True,,rated,parsed,rating_anchor,0.9785,0.9999,62,2016,34.62,3.8酸奶鲜奶￥26/人 | L4,艾炒酸奶 | 禁HN香 | 3.8酸奶鲜奶￥26/人 | L4 | ￥18.97.9折 | 【单人餐】芒果很芒. | 惠 | ￥24 | 2.8折 | ￥1.4 | 惠 | ￥55元代金券,ocr/input_videos\上海__美罗城__20260825.mp4
OBS-000197,美罗城,海马体照相馆,海马体照相馆,快照摄影,3.9,219,L4,rated,True,,rated,parsed,rating_anchor,0.9777,0.9998,56,2016,34.62,快照摄影￥219/人 | L4 | 🌟🌟🌟🌟🌟 | 3.9,海马体照相馆 | 快照摄影￥219/人 | L4 | 🌟🌟🌟🌟🌟 | 3.9 | 徐汇区形象照销量榜第3名 | 美 | 我的人生证件照 | 环境干净，拍照区域明确 | 1 | ￥919.7折 | ￥99 | 【毕业季热卖】儿童证.. | 惠,ocr/input_videos\上海__美罗城__20260825.mp4
OBS-000198,美罗城,osewaya,osewaya,服装,4.8,212,B1,rated,True,,rated,parsed,rating_anchor,0.9697,0.9981,51,2016,34.62,B1 | 4.8服装￥212/人,osewaya | B1 | 4.8服装￥212/人 | 点评榜单 | 徐家汇商圈服装好评榜第1名 | 耳环项链精致，饰品店打卡必选 | “ | 号,ocr/input_videos\上海__美罗城__20260825.mp4
OBS-000199,美罗城,霸王茶姬,霸王茶姬,茶饮果汁,3.9,20,L1,rated,True,,rated,parsed,rating_anchor,0.9834,0.9918,60,2016,34.62,🌟🌟🌟🌟⭐ | 3.9茶饮果汁￥20/人 | L1,霸王茶姬 | 🌟🌟🌟🌟⭐ | 3.9茶饮果汁￥20/人 | L1 | CHAGEE | 点评榜单 | 徐家汇商圈茶饮果汁回头客榜第5名 | ￥189折 | ￥20 | 【新会员专享】伯牙绝弦 | 惠,ocr/input_videos\上海__美罗城__20260825.mp4
OBS-000200,美罗城,DQ·蛋糕·冰淇淋,DQ·蛋糕·冰淇淋,冰淇淋,4.6,26,L4,rated,True,,rated,parsed,rating_anchor,0.9265,0.9713,57,2040,35.032,4.6冰淇淋￥26/人 | L4,DQ·蛋糕·冰淇淋 | DQ | 果棉米 | 4.6冰淇淋￥26/人 | L4 | 点评榜单 | 徐家汇商圈冰淇淋热门榜第1名 | ￥19.9 | ￥18.29.2折 | 【爆品】DQ双头怪 | 惠,ocr/input_videos\上海__美罗城__20260825.mp4
OBS-000201,美罗城,艾炒酸奶,艾炒酸奶,酸奶鲜奶,3.8,26,L4,rated,True,,rated,parsed,rating_anchor,0.9763,0.9999,57,2040,35.032,3.8酸奶鲜奶￥26/人 | L4,艾炒酸奶 | 艾形数 | 3.8酸奶鲜奶￥26/人 | L4 | ￥18.97.9折 | 【单人餐】芒果很芒.. | 惠 | ￥24 | ￥1.42.8折 | ￥55元代金券 | 惠,ocr/input_videos\上海__美罗城__20260825.mp4
OBS-000202,美罗城,海马体照相馆,海马体照相馆,快照摄影,3.9,219,L4,rated,True,,rated,parsed,rating_anchor,0.984,0.9997,52,2040,35.032,快照摄影￥219/人 | L4 | ⭐🌟⭐⭐3.9,海马体照相馆 | OMOIN | 快照摄影￥219/人 | L4 | ⭐🌟⭐⭐3.9 | 徐汇区形象照销量榜第3名 | 美 | 我的人生证件照 | 环境干净，拍照区域明确 | 《 | 33 | ￥919.7折 | ￥99 | 惠 | 【毕业季热卖】儿童证...,ocr/input_videos\上海__美罗城__20260825.mp4
OBS-000203,美罗城,osewaya,osewaya,服装,4.8,212,B1,rated,True,,rated,parsed,rating_anchor,0.9733,0.9963,49,2040,35.032,4.8服装￥212/人 | B1,osewaya | 4.8服装￥212/人 | B1 | 点评榜单 | 徐家汇商圈服装好评榜第1名 | 耳环项链精致，饰品店打卡必选 | 3 | 止,ocr/input_videos\上海__美罗城__20260825.mp4
OBS-000204,美罗城,霸王茶姬,霸王茶姬,茶饮果汁,3.9,20,L1,rated,True,,rated,parsed,rating_anchor,0.9809,0.9915,56,2040,35.032,3.9茶饮果汁￥20/人 | L1 | ★🌟🌟🌟★,霸王茶姬 | 3.9茶饮果汁￥20/人 | L1 | ★🌟🌟🌟★ | CHAGEE | 点评榜单 | 徐家汇商圈茶饮果汁回头客榜第5名,ocr/input_videos\上海__美罗城__20260825.mp4
OBS-000205,美罗城,osewaya,osewaya,服装,4.8,212,B1,rated,True,,rated,parsed,rating_anchor,0.9728,0.9971,51,2112,36.268,🌟🌟🌟💥4.8 | B1 | 服装￥212/人,osewaya | 🌟🌟🌟💥4.8 | B1 | 服装￥212/人 | 点评榜单 | 徐家汇商圈服装好评榜第1名 | 耳环项链精致，饰品店打卡必选 | “,ocr/input_videos\上海__美罗城__20260825.mp4
OBS-000206,美罗城,霸王茶姬,霸王茶姬,茶饮果汁,3.9,20,L1,rated,True,,rated,parsed,rating_anchor,0.9772,0.9886,63,2112,36.268,🌟🌟⭐🌟🌟 | L1 | 茶饮果汁￥20/人 | 3.9,霸王茶姬 | 🌟🌟⭐🌟🌟 | L1 | 茶饮果汁￥20/人 | 3.9 | CHAGEE | 点评榜单 | 徐家汇商圈茶饮果汁回头客榜第5名 | ￥189折 | ￥20 | 惠 | 【新会员专享】伯牙绝弦,ocr/input_videos\上海__美罗城__20260825.mp4
OBS-000207,美罗城,SUNNSIP上昔茶铺,SUNNSIP上昔茶铺,茶饮果汁,3.9,23,B1,rated,True,,rated,parsed,rating_anchor,0.9796,0.9975,54,2112,36.268,3.9茶饮果汁￥23/人 | B1,SUNNSIP上昔茶铺 | SLSTP | 福 | RENEWEDCLASSUS | A | 3.9茶饮果汁￥23/人 | B1 | 点评榜单 | 徐家汇商圈茶饮果汁热门榜第8名 | ￥238.3折 | ￥28 | 甄选茶奶昔 | 惠 | 【焕新经典】 | ￥23.9 | 8折 | ￥3030元代金券 | 惠,ocr/input_videos\上海__美罗城__20260825.mp4
OBS-000208,美罗城,niko and .. COFFEE,nikoand..COFFEE,咖啡,4.3,30,B1,rated,True,,rated,parsed,rating_anchor,0.9247,0.8907,53,2112,36.268,🌟🌟🌟⭐⭐ | 4.3咖啡￥30/人 | B1,niko and .. COFFEE | Sumnen yitaly Getag | 夏力站计划 | 1 | 🌟🌟🌟⭐⭐ | 4.3咖啡￥30/人 | B1 | 11:00营业 | ￥156.3折 | ￥24 | 【暑期限定】单杯美式... | 惠,ocr/input_videos\上海__美罗城__20260825.mp4
OBS-000209,美罗城,爷爷不泡茶NOYEYENOTEA,爷爷不泡茶NOYEYENOTEA,茶饮果汁,4.3,17,L1,rated,True,,rated,parsed,rating_anchor,0.9799,0.995,53,2112,36.268,L1 | 🌟🌟🌟🎉 | 茶饮果汁￥17/人 | 4.3,爷爷不泡茶NOYEYENOTEA | 泰或波情限时上新 | L1 | 🌟🌟🌟🎉 | 茶饮果汁￥17/人 | 4.3 | 点评榜单 | 徐家汇商圈茶饮果汁回头客榜第6名 | “清爽□感 | 份” | 更来 | 超值团购价,ocr/input_videos\上海__美罗城__20260825.mp4
OBS-000210,美罗城,osewaya,osewaya,服装,4.8,212,B1,rated,True,,rated,parsed,rating_anchor,0.977,0.9977,51,2136,36.68,B1 | 4.8服装￥212/人,osewaya | B1 | 4.8服装￥212/人 | 点评榜单 | 徐家汇商圈服装好评榜第1名 | 耳环项链精致，饰品店打卡必选 | (,ocr/input_videos\上海__美罗城__20260825.mp4
OBS-000211,美罗城,霸王茶姬,霸王茶姬,茶饮果汁,3.9,20,L1,rated,True,,rated,parsed,rating_anchor,0.9713,0.9917,60,2136,36.68,3.9茶饮果汁￥20/人 | L1,霸王茶姬 | 3.9茶饮果汁￥20/人 | L1 | CHAGEE | 点评榜单 | 徐家汇商圈茶饮果汁回头客榜第5名 | ￥189折 | ￥20 | 惠 | 【新会员专享】伯牙绝弦,ocr/input_videos\上海__美罗城__20260825.mp4
OBS-000212,美罗城,SUNNSIP上昔茶铺,SUNNSIP上昔茶铺,茶饮果汁,3.9,23,B1,rated,True,,rated,parsed,rating_anchor,0.9807,0.9983,54,2136,36.68,B1 | 3.9 | 茶饮果汁￥23/人 | 🌟🌟🌟🌟🌟,SUNNSIP上昔茶铺 | SILNEIP | RENEWEDCLASSIOS | 1 | B1 | 3.9 | 茶饮果汁￥23/人 | 🌟🌟🌟🌟🌟 | 点评榜单 | 徐家汇商圈茶饮果汁热门榜第8名 | ￥238.3折 | ￥28 | 甄选茶奶昔 | 惠 | 【焕新经典】 | ￥23.9 | ￥3030元代金券 | 8折 | 惠,ocr/input_videos\上海__美罗城__20260825.mp4
OBS-000213,美罗城,niko and ... COFFEE,nikoand...COFFEE,咖啡,4.3,30,B1,rated,True,,rated,parsed,rating_anchor,0.9344,0.9064,51,2136,36.68,⭐🌟🌟⭐🌟 | B1 | 4.3咖啡￥30/人,SumnerMialy Geteag | niko and ... COFFEE | 夏动中 | ⭐🌟🌟⭐🌟 | B1 | 4.3咖啡￥30/人 | 11:00营业 | ￥156.3折 | ￥24 | 惠 | 【暑期限定】单杯美式..,ocr/input_videos\上海__美罗城__20260825.mp4
OBS-000214,美罗城,爷爷不泡茶 NOYEYENOTEA,爷爷不泡茶NOYEYENOTEA,茶饮果汁,4.3,17,L1,rated,True,,rated,parsed,rating_anchor,0.9588,0.9662,57,2136,36.68,⭐🌟⭐⭐ | 4.3 | L1 | 茶饮果汁￥17/人,爷爷不泡茶 NOYEYENOTEA | 泰或浓情限时上新 | ⭐🌟⭐⭐ | 4.3 | L1 | 茶饮果汁￥17/人 | 点评榜单 | 徐家汇商圈茶饮果汁回头客榜第6名 | “清爽口感，超值团购价，再来一份 | 事 | ￥16 | 【百万爆款】白兰青提 | 8Q56折,ocr/input_videos\上海__美罗城__20260825.mp4
OBS-000215,美罗城,爷爷不泡茶NOYEYENOTEA,爷爷不泡茶NOYEYENOTEA,茶饮果汁,4.3,17,L1,rated,True,,rated,parsed,rating_anchor,0.9856,0.9957,54,2232,38.329,★★★★★ | L1 | 4.3茶饮果汁￥17/人,爷爷不泡茶NOYEYENOTEA | 泰式政情限时上新 | ★★★★★ | L1 | 4.3茶饮果汁￥17/人 | 点评榜单 | 徐家汇商圈茶饮果汁回头客榜第6名 | 清爽口感，超值团购价，再来一份 | ￥8.95.6折 | ￥16 | 惠 | 【百万爆款】白兰青提,ocr/input_videos\上海__美罗城__20260825.mp4
OBS-000216,美罗城,FUZOZO芙崽,FUZOZO芙崽,杂货礼品,4.9,324,L1,rated,True,,rated,parsed,rating_anchor,0.9785,0.9969,51,2232,38.329,L1 | 🌟🌟🎉🎉⭐4.9 | 杂货礼品￥324/人,FUZOZO芙崽 | L1 | 🌟🌟🎉🎉⭐4.9 | 杂货礼品￥324/人 | FUZOZO芙息 | 点评榜单 | 徐家汇商圈杂货礼品好评榜第5名,ocr/input_videos\上海__美罗城__20260825.mp4
OBS-000217,美罗城,富永牧场,富永牧场,酸奶鲜奶,3.9,24,B1,rated,True,,rated,parsed,rating_anchor,0.9736,0.9995,61,2232,38.329,🌟🌟🌟🌟🌟 | B1 | 酸奶鲜奶￥24/人 | 3.9,可以喝 | 富永牧场 | A | 的 | 提拉米苏 | 🌟🌟🌟🌟🌟 | B1 | 酸奶鲜奶￥24/人 | 3.9 | 关口味 | 点评榜单 | 徐汇区酸奶鲜奶热门榜第1名 | 次鸿定 | 造型可爱，口感丰富 | “ | ￥24 | ￥20.88.7折 | 惠 | 【健康轻氧】香米酸...,ocr/input_videos\上海__美罗城__20260825.mp4
OBS-000218,美罗城,GODIVA,GODIVA,冰淇淋,4.4,53,L1,rated,True,,rated,parsed,rating_anchor,0.9795,0.9986,56,2232,38.329,🌟🌟⭐🎉 | L1 | 4.4冰淇淋￥53/人,GODIVA | 🌟🌟⭐🎉 | L1 | 4.4冰淇淋￥53/人 | CODIVA | 点评榜单 | 徐家汇商圈冰淇淋口味榜第3名 | 3 | Q | Bigdes | ￥101.89.3折 | ￥110经典软冰淇淋2支 | 惠,ocr/input_videos\上海__美罗城__20260825.mp4
OBS-000219,美罗城,爷爷不泡茶NOYEYENOTEA,爷爷不泡茶NOYEYENOTEA,茶饮果汁,4.3,17,L1,rated,True,,rated,parsed,rating_anchor,0.9835,0.9953,57,2268,38.947,★🌟🌟 | L1 | 4.3茶饮果汁￥17/人 | ★,爷爷不泡茶NOYEYENOTEA | 泰式政情限时上新 | ★🌟🌟 | L1 | 4.3茶饮果汁￥17/人 | ★ | 点评榜单 | 徐家汇商圈茶饮果汁回头客榜第6名 | 清爽口感，超值团购价，再来一份 | ￥16 | ￥8.9 | 5.6折 | 惠 | 【百万爆款】白兰青提,ocr/input_videos\上海__美罗城__20260825.mp4
OBS-000220,美罗城,FUZOZO芙崽,FUZOZO芙崽,杂货礼品,4.9,324,L1,rated,True,,rated,parsed,rating_anchor,0.9804,0.9973,51,2268,38.947,杂货礼品￥324/人 | L1 | 🌟🌟🎉🎉🎉4.9,FUZOZO芙崽 | 杂货礼品￥324/人 | L1 | 🌟🌟🎉🎉🎉4.9 | FUZOZO芙崽 | 点评榜单 | 徐家汇商圈杂货礼品好评榜第5名,ocr/input_videos\上海__美罗城__20260825.mp4
OBS-000221,美罗城,富永牧场,富永牧场,酸奶鲜奶,3.9,24,B1,rated,True,,rated,parsed,rating_anchor,0.977,0.9995,61,2268,38.947,B1 | 🌟🌟🌟🌟🌟 | 酸奶鲜奶￥24/人 | 3.9,可以唱 | 富永牧场 | 的 | 提拉米苏 | B1 | 🌟🌟🌟🌟🌟 | 酸奶鲜奶￥24/人 | 3.9 | 关口味 | 点评榜单 | 徐汇区酸奶鲜奶热门榜第1名 | 次鸿定 | 造型可爱，口感丰富 | ￥20.88.7折 | ￥24 | 惠 | 【健康轻氧】香米酸.,ocr/input_videos\上海__美罗城__20260825.mp4
OBS-000222,美罗城,GODIVA,GODIVA,冰淇淋,4.4,53,L1,rated,True,,rated,parsed,rating_anchor,0.9774,0.9985,53,2268,38.947,🌟🌟🎉🎉 | L1 | 4.4冰淇淋￥53/人,GODIVA | 🌟🌟🎉🎉 | L1 | 4.4冰淇淋￥53/人 | CODIVA | 点评榜单 | 徐家汇商圈冰淇淋口味榜第3名 | 心 | Q | Bicgdess | ￥101.89.3折 | 惠 | ￥110经典软冰淇淋2支,ocr/input_videos\上海__美罗城__20260825.mp4
OBS-000223,美罗城,CHUU,CHUU,服装,3.5,588,L1,rated,True,,rated,parsed,rating_anchor,0.9775,0.999,56,2316,39.772,🌟🌟🌟🌟 | L1 | 服装￥588/人 | 3.5 | ★,CHUU | chuy | 🌟🌟🌟🌟 | L1 | 服装￥588/人 | 3.5 | ★ | 点评榜单 | 徐家汇商圈服装热门榜第8名 | 饱和度高，拍照墙出片,ocr/input_videos\上海__美罗城__20260825.mp4
OBS-000224,美罗城,煲珠公·老红糖珍珠奶茶,煲珠公·老红糖珍珠奶茶,茶饮果汁,4.4,15,L4,rated,True,,rated,parsed,rating_anchor,0.9831,0.9959,51,2316,39.772,⭐🌟⭐⭐ | 4.4茶饮果汁￥15/人 | L4 | ★,煲珠公·老红糖珍珠奶茶 | A | 土芭乐的香 | ⭐🌟⭐⭐ | 4.4茶饮果汁￥15/人 | L4 | ★ | 点评榜单 | 徐家汇商圈茶饮果汁口味榜第3名 | 每一口都是独特的香甜味道 | “ | ( | ￥18老红糖珍珠奶茶（首... | ￥15.9 | 8.9折 | 惠,ocr/input_videos\上海__美罗城__20260825.mp4
OBS-000225,美罗城,Yee3·三号椰·椰子炒冰,Yee3·三号椰·椰子炒冰,茶饮果汁,3.9,21,L1,rated,True,,rated,parsed,rating_anchor,0.9654,0.9684,53,2316,39.772,🌟🌟🌟⭐3.9 | 茶饮果汁￥21/人 | L1,Yee3·三号椰·椰子炒冰 | D | Se | 3 | 🌟🌟🌟⭐3.9 | 茶饮果汁￥21/人 | L1 | 点评榜单 | 徐家汇商圈茶饮果汁销量榜第6名 | 椰遇永夜 | ￥13.97折 | ￥20 | 惠 | 【新客特惠】补充每.,ocr/input_videos\上海__美罗城__20260825.mp4
OBS-000226,美罗城,乐贴手机贴膜,乐贴手机贴膜,手机维修,3.5,65,L4,rated,True,,rated,parsed,rating_anchor,0.9646,0.9988,52,2316,39.772,3.5手机维修￥65/人 | L4,乐贴手机贴膜 | 3.5手机维修￥65/人 | L4 | 膜种类好全，手艺精湛,ocr/input_videos\上海__美罗城__20260825.mp4
OBS-000227,美罗城,野人先生Gelato,野人先生Gelato,冰淇淋,4.3,29,L1,rated,True,,rated,parsed,rating_anchor,0.9814,0.9976,54,2316,39.772,4.3冰淇淋￥29/人 | L1 | 🌟🌟🌟🌟,野人先生Gelato | A | 山野 | 该瑰 | 4.3冰淇淋￥29/人 | L1 | 🌟🌟🌟🌟 | GELATO | 点评榜单 | 徐家汇商圈冰淇淋销量榜第1名 | RB,ocr/input_videos\上海__美罗城__20260825.mp4
OBS-000228,美罗城,CHUU,CHUU,服装,3.5,588,L1,rated,True,,rated,parsed,rating_anchor,0.979,0.9989,54,2328,39.978,3.5服装￥588/人 | L1,CHUU | chuy | 3.5服装￥588/人 | L1 | 点评榜单 | 徐家汇商圈服装热门榜第8名 | 饱和度高，拍照墙出片 | 3,ocr/input_videos\上海__美罗城__20260825.mp4
OBS-000229,美罗城,煲珠公·老红糖珍珠奶茶,煲珠公·老红糖珍珠奶茶,茶饮果汁,4.4,15,L4,rated,True,,rated,parsed,rating_anchor,0.9864,0.9959,54,2328,39.978,🌟🌟🌟🌟 | L4 | 4.4茶饮果汁￥15/人,煲珠公·老红糖珍珠奶茶 | 更球 | A | 土芭乐的香 | 🌟🌟🌟🌟 | L4 | 4.4茶饮果汁￥15/人 | 点评榜单 | 徐家汇商圈茶饮果汁口味榜第3名 | 每口都是独特的香甜味道” | “ | c11 | C | ￥18老红糖珍珠奶茶（首... | ￥15.9 | 8.9折 | 惠,ocr/input_videos\上海__美罗城__20260825.mp4
OBS-000230,美罗城,Yee3·三号椰·椰子炒冰,Yee3·三号椰·椰子炒冰,茶饮果汁,3.9,21,L1,rated,True,,rated,parsed,rating_anchor,0.9638,0.9778,51,2328,39.978,3.9茶饮果汁￥21/人 | L1,Yee3·三号椰·椰子炒冰 | D | Ke3 | 3.9茶饮果汁￥21/人 | L1 | 点评榜单 | 徐家汇商圈茶饮果汁销量榜第6名 | 椰遇永夜 | ￥13.97折 | ￥20 | 【新客特惠】补充每. | 惠,ocr/input_videos\上海__美罗城__20260825.mp4
OBS-000231,美罗城,乐贴手机贴膜,乐贴手机贴膜,手机维修,3.5,65,L4,rated,True,,rated,parsed,rating_anchor,0.9721,0.9991,52,2328,39.978,3.5手机维修￥65/人 | L4,乐贴手机贴膜 | 3.5手机维修￥65/人 | L4 | 膜种类好全，手艺精湛,ocr/input_videos\上海__美罗城__20260825.mp4
OBS-000232,美罗城,野人先生Gelato,野人先生Gelato,冰淇淋,4.3,29,L1,rated,True,,rated,parsed,rating_anchor,0.9818,0.9973,54,2328,39.978,🌟🌟⭐⭐ | L1 | 4.3冰淇淋￥29/人,野人先生Gelato | eX | 山野 | 该瑰 | 🌟🌟⭐⭐ | L1 | 4.3冰淇淋￥29/人 | GELATO | 点评榜单 | 徐家汇商圈冰淇淋销量榜第1名 | B,ocr/input_videos\上海__美罗城__20260825.mp4
OBS-000233,美罗城,CHUU,CHUU,服装,3.5,588,L1,rated,True,,rated,parsed,rating_anchor,0.9824,0.9993,50,2352,40.39,3.5服装￥588/人 | 🌟🌟🌟🌟🌟 | L1,chuy | CHUU | 3.5服装￥588/人 | 🌟🌟🌟🌟🌟 | L1 | 点评榜单 | 徐家汇商圈服装热门榜第8名 | 饱和度高，拍照墙出片 | 59,ocr/input_videos\上海__美罗城__20260825.mp4
OBS-000234,美罗城,煲珠公·老红糖珍珠奶茶,煲珠公·老红糖珍珠奶茶,茶饮果汁,4.4,15,L4,rated,True,,rated,parsed,rating_anchor,0.9851,0.9948,55,2352,40.39,L4 | 🌟🌟🎉🌟 | 4.4茶饮果汁￥15/人 | ★,煲珠公·老红糖珍珠奶茶 | 土芭乐的香 | L4 | 🌟🌟🎉🌟 | 4.4茶饮果汁￥15/人 | ★ | 点评榜单 | 徐家汇商圈茶饮果汁口味榜第3名 | 每一口都是独特的香甜味道 | 《 | 5 | a | C | ￥15.9 | ￥18老红糖珍珠奶茶（首.. | 8.9折 | 惠,ocr/input_videos\上海__美罗城__20260825.mp4
OBS-000235,美罗城,Yee3·三号椰·椰子炒冰,Yee3·三号椰·椰子炒冰,茶饮果汁,3.9,21,L1,rated,True,,rated,parsed,rating_anchor,0.9651,0.9668,48,2352,40.39,3.9茶饮果汁￥21/人 | ★★★★★ | L1,Yee3·三号椰·椰子炒冰 | 3.9茶饮果汁￥21/人 | ★★★★★ | L1 | 点评榜单 | 徐家汇商圈茶饮果汁销量榜第6名 | 椰遇永夜 | ￥13.97折 | ￥20 | 【新客特惠】补充每.. | 惠,ocr/input_videos\上海__美罗城__20260825.mp4
OBS-000236,美罗城,乐贴手机贴膜,乐贴手机贴膜,手机维修,3.5,65,L4,rated,True,,rated,parsed,rating_anchor,0.9735,0.9995,51,2352,40.39,3.5手机维修￥65/人 | L4,乐贴手机贴膜 | 3.5手机维修￥65/人 | L4 | 膜种类好全，手艺精湛” | C,ocr/input_videos\上海__美罗城__20260825.mp4
OBS-000237,美罗城,野人先生Gelato,野人先生Gelato,冰淇淋,4.3,29,L1,rated,True,,rated,parsed,rating_anchor,0.9859,0.9988,51,2352,40.39,🌟🌟⭐⭐ | L1 | 4.3冰淇淋￥29/人,野人先生Gelato | 山野 | 该瑰 | 🌟🌟⭐⭐ | L1 | 4.3冰淇淋￥29/人 | GELATO | 点评榜单 | 徐家汇商圈冰淇淋销量榜第1名 | S | ￥369.5折 | ￥38 | 惠 | 【任意拼】双拼口味冰...,ocr/input_videos\上海__美罗城__20260825.mp4
OBS-000238,美罗城,OT另茶,OT另茶,茶饮果汁,4.2,24,L1,rated,True,,rated,parsed,rating_anchor,0.9836,0.9976,61,2448,42.038,🌟🌟⭐⭐⭐ | 4.2茶饮果汁￥24/人 | L1,OT另茶 | OTHER | 🌟🌟⭐⭐⭐ | 4.2茶饮果汁￥24/人 | L1 | TEA男茶 | ￥24 | ￥22.89.5折 | 惠 | 【热销推荐】泰式咸... | ￥7.57.5折 | ￥1010元代金券 | 惠,ocr/input_videos\上海__美罗城__20260825.mp4
OBS-000239,美罗城,ALIENWARE外星人,ALIENWARE外星人,数码产品,4.8,9079,L3,rated,True,,rated,parsed,rating_anchor,0.9431,0.994,54,2448,42.038,4.8数码产品￥9079/人 | L3,国家补贴 | ALIENWARE外星人 | 4.8数码产品￥9079/人 | L3 | “科技感拉满，沉浸式氛围超赞 | 外星人直营门店，售后维修服务站 | ALIENWARE | 政府补贴15% | 黄高立减1500 | ￥29￥50代金券 | 惠,ocr/input_videos\上海__美罗城__20260825.mp4
OBS-000240,美罗城,淡马茶坊,淡马茶坊,茶饮果汁,3.9,23,L4,rated,True,,rated,parsed,rating_anchor,0.9877,0.9991,61,2448,42.038,🌟🌟🌟🌟 | L4 | 3.9茶饮果汁￥23/人,淡马茶坊 | 淡马茶坊 | 旷野 | 🌟🌟🌟🌟 | “棘”酸 | L4 | 3.9茶饮果汁￥23/人 | 英热 | 点评榜单 | 徐家汇商圈茶饮果汁销量榜第10名 | “清爽夏日，莲雾桃口味惊艳 | ￥29 | ￥23.58.2折 | 惠 | 【招牌必点】白桃生. | 惠 | ￥9.96.6折 | ￥1515元代金券,ocr/input_videos\上海__美罗城__20260825.mp4
OBS-000241,美罗城,宝珠奶酪,宝珠奶酪,茶饮果汁,4.3,27,L4,rated,True,,rated,parsed,rating_anchor,0.9706,0.9924,61,2448,42.038,🌟🌟🌟🌟 | L4 | 4.3 | 茶饮果汁￥27/人,宝珠奶酪 | 寶 | 🌟🌟🌟🌟 | L4 | 4.3 | 茶饮果汁￥27/人 | BOJOO | FERMENTE | 点评榜单 | 徐家汇商圈茶饮果汁好评榜第8名 | 珠,ocr/input_videos\上海__美罗城__20260825.mp4
OBS-000242,美罗城,OT另茶,OT另茶,茶饮果汁,4.2,24,L1,rated,True,,rated,parsed,rating_anchor,0.9834,0.9974,61,2484,42.657,🌟🌟🌟🌟 | L1 | 4.2茶饮果汁￥24/人 | ￥,OT另茶 | 🌟🌟🌟🌟 | OTHER | L1 | 4.2茶饮果汁￥24/人 | ￥ | TEA男茶 | ￥22.89.5折 | ￥24 | 【热销推荐】泰式咸.. | 惠 | 惠 | ￥7.5 | 7.5折 | ￥1010元代金券,ocr/input_videos\上海__美罗城__20260825.mp4
OBS-000243,美罗城,ALIENWARE外星人,ALIENWARE外星人,数码产品,4.8,9079,L3,rated,True,,rated,parsed,rating_anchor,0.9543,0.9881,54,2484,42.657,4.8数码产品￥9079/人 | L3,国家补贴 | ALIENWARE外星人 | 4.8数码产品￥9079/人 | L3 | “科技感拉满，沉浸式氛围超赞” | 外星人直营门店.售总推修搬务站 | ALIENWARE | 政府补贴15% | 高立减1500 | ￥29￥50代金券 | 惠,ocr/input_videos\上海__美罗城__20260825.mp4
OBS-000244,美罗城,淡马茶坊,淡马茶坊,茶饮果汁,3.9,23,L4,rated,True,,rated,parsed,rating_anchor,0.9838,0.999,56,2484,42.657,★★★3.9 | L4 | 茶饮果汁￥23/人,淡马茶坊 | 淡马禁坊 | 旷野 | “棘”酸 | ★★★3.9 | L4 | 茶饮果汁￥23/人 | 美 | 点评榜单 | 徐家汇商圈茶饮果汁销量榜第10名 | 清爽夏日，莲雾桃口味惊艳 | 【招牌必点】白桃. | ￥23.5 | ￥29 | 8.2折 | 惠 | 6.6折 | 惠 | ￥9.9 | ￥1515元代金券,ocr/input_videos\上海__美罗城__20260825.mp4
OBS-000245,美罗城,宝珠奶酪,宝珠奶酪,茶饮果汁,4.3,27,L4,rated,True,,rated,parsed,rating_anchor,0.9823,0.9997,56,2484,42.657,⭐🌟🌟🌟 | 4.3茶饮果汁￥27/人 | L4 | ★,宝珠奶酪 | 寶 | ⭐🌟🌟🌟 | 4.3茶饮果汁￥27/人 | L4 | ★ | BOJOO | FERMENTE | 点评榜单 | 徐家汇商圈茶饮果汁好评榜第8名 | 珠,ocr/input_videos\上海__美罗城__20260825.mp4
OBS-000246,美罗城,野入光王Gelato,野入光王Gelato,冰淇淋,4.3,29,L1,rated,True,,rated,parsed,rating_anchor,0.9219,0.8865,37,2496,42.863,L1 | 🌟🌟⭐⭐ | 冰淇淋￥29/人 | 4.3,野入光王Gelato | 山野 | 该瑰 | L1 | 🌟🌟⭐⭐ | 冰淇淋￥29/人 | 4.3 | GELATO | 点评榜单 | 徐家汇商圈冰淇淋销量榜第1名 | 鄂 | ￥369.5折 | ￥38 | 惠 | 【任意拼】双拼口味冰...,ocr/input_videos\上海__美罗城__20260825.mp4
OBS-000247,美罗城,OT另茶,OT另茶,茶饮果汁,4.2,24,L1,rated,True,,rated,parsed,rating_anchor,0.9852,0.996,58,2496,42.863,🌟🌟🎉🌟 | L1 | 4.2茶饮果汁￥24/人 | ★,OT另茶 | OTHER | 🌟🌟🎉🌟 | L1 | 4.2茶饮果汁￥24/人 | ★ | TEA男茶 | ￥22.89.5折 | ￥24 | 【热销推荐】泰式咸.. | 惠 | ￥7.5 | 7.5折 | ￥1010元代金券 | 惠,ocr/input_videos\上海__美罗城__20260825.mp4
OBS-000248,美罗城,ALIENWARE外星人,ALIENWARE外星人,数码产品,4.8,9079,L3,rated,True,,rated,parsed,rating_anchor,0.9788,0.9971,51,2496,42.863,4.8数码产品￥9079/人 | L3,回家补贴 | ALIENWARE外星人 | 4.8数码产品￥9079/人 | L3 | “科技感拉满，沉浸式氛围超赞” | 外星人直营门店.售总推修服务站 | ALIENWARE | 政府补贴15% | 腊高立减1500 | ￥29￥50代金券 | 惠,ocr/input_videos\上海__美罗城__20260825.mp4
OBS-000249,美罗城,淡马茶坊,淡马茶坊,茶饮果汁,3.9,23,L4,rated,True,,rated,parsed,rating_anchor,0.9835,0.9992,57,2496,42.863,茶饮果汁￥23/人 | L4 | 🌟🌟🌟★ | 3.9,淡马茶坊 | 淡马禁坊 | 旷野 | 茶饮果汁￥23/人 | L4 | 🌟🌟🌟★ | “棘”酸 | 3.9 | 点评榜单 | 徐家汇商圈茶饮果汁销量榜第10名 | 清爽夏日，莲雾桃口味惊艳 | 55 | ￥23.5 | ￥29 | 8.2折 | 【招牌必点】白桃生.. | 惠 | ￥9.9 | 6.6折 | 惠 | ￥1515元代金券,ocr/input_videos\上海__美罗城__20260825.mp4
OBS-000250,美罗城,宝珠奶酪,宝珠奶酪,茶饮果汁,4.3,27,L4,rated,True,,rated,parsed,rating_anchor,0.9813,0.9994,60,2496,42.863,⭐🌟🌟⭐ | L4 | 4.3茶饮果汁￥27/人,宝珠奶酪 | 寶 | ⭐🌟🌟⭐ | L4 | 4.3茶饮果汁￥27/人 | BOJOO | FERMENTE | 点评镑单 | 徐家汇商圈茶饮果汁好评榜第8名 | 1,ocr/input_videos\上海__美罗城__20260825.mp4
OBS-000251,美罗城,野人先生Gelato,野人先生Gelato,冰淇淋,4.3,29,L1,rated,True,,rated,parsed,rating_anchor,0.9669,0.9759,41,2532,43.481,4.3 | L1 | 🌟🌟★★🌟 | 冰淇淋￥29/人,野人先生Gelato | 山野 | 致瑰 | 4.3 | L1 | 🌟🌟★★🌟 | 冰淇淋￥29/人 | GELATO | 点评榜单 | 徐家汇商圈冰淇淋销量榜第1名 | 鄂 | ￥369.5折 | ￥38 | 【任意拼】双拼口味冰.. | 惠,ocr/input_videos\上海__美罗城__20260825.mp4
OBS-000252,美罗城,OT另茶,OT另茶,茶饮果汁,4.2,24,L1,rated,True,,rated,parsed,rating_anchor,0.9835,0.9967,60,2532,43.481,🌟🌟🌟🌟 | L1 | 4.2茶饮果汁￥24/人 | ★,OT另茶 | 🌟🌟🌟🌟 | OTHER | L1 | 4.2茶饮果汁￥24/人 | ★ | TEA男茶 | ￥22.89.5折 | ￥24 | 惠 | 【热销推荐】泰式咸... | 惠 | ￥7.5 | 7.5折 | ￥1010元代金券,ocr/input_videos\上海__美罗城__20260825.mp4
OBS-000253,美罗城,ALIENWARE外星人,ALIENWARE外星人,数码产品,4.8,9079,L3,rated,True,,rated,parsed,rating_anchor,0.9731,0.9945,54,2532,43.481,4.8数码产品￥9079/人 | L3,ALIENWARE外星人 | 国家补贴 | 4.8数码产品￥9079/人 | L3 | “科技感拉满，沉浸式氛围超赞 | 63 | 外量人直营门店.售后雄修搬务站 | ALIENWARE | 政府补贴15% | 黄高立1500 | ￥29￥50代金券 | 惠,ocr/input_videos\上海__美罗城__20260825.mp4
OBS-000254,美罗城,淡马茶坊,淡马茶坊,茶饮果汁,3.9,23,L4,rated,True,,rated,parsed,rating_anchor,0.9827,0.999,57,2532,43.481,🌟🌟🌟🌟⭐ | L4 | 茶饮果汁￥23/人 | 3.9,淡马茶坊 | 淡马染坊 | 旷野 | 🌟🌟🌟🌟⭐ | L4 | “棘”酸 | 茶饮果汁￥23/人 | 3.9 | 点评榜单 | 徐家汇商圈茶饮果汁销量榜第10名 | 清爽夏日，莲雾桃口味惊艳 | ￥29 | ￥23.5 | 8.2折 | 【招牌必点】白桃生. | 惠 | ￥9.9 | 惠 | 6.6折 | ￥1515元代金券,ocr/input_videos\上海__美罗城__20260825.mp4
OBS-000255,美罗城,宝珠奶酪,宝珠奶酪,茶饮果汁,4.3,27,L4,rated,True,,rated,parsed,rating_anchor,0.9819,0.9992,59,2532,43.481,🌟🌟⭐⭐ | L4 | 4.3茶饮果汁￥27/人 | ★,宝珠奶酪 | 寶 | 🌟🌟⭐⭐ | L4 | 4.3茶饮果汁￥27/人 | ★ | BOJOO | FERMENTE | 点评焙单 | 徐家汇商圈茶饮果汁好评榜第8名,ocr/input_videos\上海__美罗城__20260825.mp4
OBS-000256,美罗城,ALIENWARE外星人,ALIENWARE外星人,数码产品,4.8,9079,L3,rated,True,,rated,parsed,rating_anchor,0.9768,0.9943,54,2580,44.305,4.8数码产品￥9079/人 | L3,ALIENWARE外星人 | 国家补贴 | 4.8数码产品￥9079/人 | L3 | “科技感拉满，沉浸式氛围超赞 | 外量人直营门店.售后维修服务站 | ALIENWARE | 政府补贴15% | 带高立减1500 | 惠￥29￥50代金券,ocr/input_videos\上海__美罗城__20260825.mp4
OBS-000257,美罗城,淡马茶坊,淡马茶坊,茶饮果汁,3.9,23,L4,rated,True,,rated,parsed,rating_anchor,0.9782,0.9978,60,2580,44.305,3.9茶饮果汁￥23/人 | L4,淡马茶坊 | 淡马柴坊 | 旷野 | 3.9茶饮果汁￥23/人 | L4 | 旅“棘”酸 | 主电酒区风通服 | 点评榜单 | 徐家汇商圈茶饮果汁销量榜第10名 | 清爽夏日，莲雾桃口味惊艳 | ￥23.58.2折 | ￥29 | 【招牌必点】白桃生. | 惠 | ￥9.96.6折 | ￥1515元代金券 | 惠,ocr/input_videos\上海__美罗城__20260825.mp4
OBS-000258,美罗城,宝珠奶酪,宝珠奶酪,茶饮果汁,4.3,27,L4,rated,True,,rated,parsed,rating_anchor,0.9856,0.999,57,2580,44.305,⭐🌟⭐ | 4.3茶饮果汁￥27/人 | L4,宝珠奶酪 | 寶 | ⭐🌟⭐ | 4.3茶饮果汁￥27/人 | L4 | BOJOO | FERMENTE | 点评榜单 | 徐家汇商圈茶饮果汁好评榜第8名 | 珠 | ￥21.98.8折 | ￥25酒酿桂花酪(标准杯) | 惠,ocr/input_videos\上海__美罗城__20260825.mp4
OBS-000259,美罗城,天梭表Tissot,天梭表Tissot,钟表,4.8,6096,L1,rated,True,,rated,parsed,rating_anchor,0.9688,0.9958,60,2580,44.305,L1 | 🌟🌟🎉🎉🌟4.8 | 钟表￥6096/人,天梭表Tissot | T+ | L1 | 🌟🌟🎉🎉🌟4.8 | 钟表￥6096/人 | TISSOT | 点评榜单 | 徐家汇商圈钟表好评榜第3名 | SWISSWATCHES SINCE1853 | 售后服务特别方便，新婚礼物很贴心”,ocr/input_videos\上海__美罗城__20260825.mp4
OBS-000260,美罗城,ALIENWARE外星人,ALIENWARE外星人,数码产品,4.8,9079,L3,rated,True,,rated,parsed,rating_anchor,0.9785,0.9951,54,2604,44.717,4.8数码产品￥9079/人 | L3,国家补贴 | ALIENWARE外星人 | 4.8数码产品￥9079/人 | L3 | “科技感拉满，沉浸式氛围超赞 | 外量人直营门店.售后维修报务站 | ALIENWARE | 政府补贴15% | 高立减1500 | 惠￥29￥50代金券,ocr/input_videos\上海__美罗城__20260825.mp4
OBS-000261,美罗城,淡马茶坊,淡马茶坊,茶饮果汁,3.9,23,L4,rated,True,,rated,parsed,rating_anchor,0.986,0.9987,60,2604,44.717,🌟🌟🌟🌟🌟 | 3.9茶饮果汁￥23/人 | L4,淡马茶坊 | 淡马柴坊 | 旷野 | 🌟🌟🌟🌟🌟 | 3.9茶饮果汁￥23/人 | L4 | 旅棘酸 | 主电区热服 | 点评榜单 | 徐家汇商圈茶饮果汁销量榜第10名 | 清爽夏日，莲雾桃口味惊艳 | ￥23.5 | 【招牌必点】白桃生.. | 8.2折 | ￥29 | 惠 | ￥9.9 | 惠 | 6.6折 | ￥1515元代金券,ocr/input_videos\上海__美罗城__20260825.mp4
OBS-000262,美罗城,宝珠奶酪,宝珠奶酪,茶饮果汁,4.3,27,L4,rated,True,,rated,parsed,rating_anchor,0.9738,0.9991,57,2604,44.717,🌟🌟⭐⭐ | L4 | 4.3 | 茶饮果汁￥27/人,宝珠奶酪 | 寶 | 🌟🌟⭐⭐ | L4 | 4.3 | 茶饮果汁￥27/人 | BOJOO | FERMENTE | 点评榜单 | 徐家汇商圈茶饮果汁好评榜第8名 | 珠 | ￥21.98.8折 | ￥25酒酿桂花酪(标准杯) | 惠,ocr/input_videos\上海__美罗城__20260825.mp4
OBS-000263,美罗城,天梭表Tissot,天梭表Tissot,钟表,4.8,6096,L1,rated,True,,rated,parsed,rating_anchor,0.9685,0.9949,55,2604,44.717,🌟🌟🎉⭐🌟4.8 | L1 | 钟表￥6096/人,天梭表Tissot | T+ | 🌟🌟🎉⭐🌟4.8 | L1 | 钟表￥6096/人 | TISSOT | 点评榜单 | 徐家汇商圈钟表好评榜第3名 | SWISS WATCHES SINCE1853 | 售后服务特别方便，新婚礼物很贴心” | 抹岛抹茶MATCHA ISLAND | 杯杯激沫 | 现款黑糖,ocr/input_videos\上海__美罗城__20260825.mp4
OBS-000264,美罗城,大梭表Tissot,大梭表Tissot,钟表,,6096,L1,unknown,True,,ocr_missing,parsed,metadata_anchor,0.9587,0.971,41,2652,45.541,L1 | 🌟🌟🌟🌟🌟 | 14.8 | 钟表￥6096/人,大梭表Tissot | T+ | L1 | 🌟🌟🌟🌟🌟 | 14.8 | 钟表￥6096/人 | TISSOT | 点评榜单 | 徐家汇商圈钟表好评榜第3名 | SWISS WATCHES SINCE1853 | 售后服务特别方便，新婚礼物很贴心” | “,ocr/input_videos\上海__美罗城__20260825.mp4
OBS-000265,美罗城,抹岛抹茶MATCHAISLAND,抹岛抹茶MATCHAISLAND,茶饮果汁,3.9,24,B1,rated,True,,rated,parsed,rating_anchor,0.9733,0.9942,54,2652,45.541,🌟⭐🌟⭐3.9 | B1 | 茶饮果汁￥24/人,抹岛抹茶MATCHAISLAND | 杯杯次沫 | 现款黑糖 | 🌟⭐🌟⭐3.9 | B1 | 茶饮果汁￥24/人 | 点评榜单 | 徐汇区饮品销量榜第1名 | CN ISLAND | ￥23 | 8.6折 | ￥19.6 | 惠 | 【珍珠/薄巧】 | 1雪酪...,ocr/input_videos\上海__美罗城__20260825.mp4
OBS-000266,美罗城,柠檬向右,柠檬向右,茶饮果汁,4.2,19,L1,rated,True,,rated,parsed,rating_anchor,0.9788,0.9919,59,2652,45.541,🌟🌟🌟🎉 | L1 | 茶饮果汁￥19/人 | 4.2,柠檬向右 | LENONRIHT | 行R品 | 🌟🌟🌟🎉 | L1 | 茶饮果汁￥19/人 | 4.2 | 点评榜单 | 徐家汇商圈饮品回头客榜第1名 | 芙莉莲的味觉记忆 | “店员人好，新奇味道” | 1 | ￥21 | ￥13.4 | 【精选三种柠檬】鸭. | 6.4折 | 惠,ocr/input_videos\上海__美罗城__20260825.mp4
OBS-000267,美罗城,乐·见次元-国漫沉浸乐园·全球首展,乐·见次元-国漫沉浸乐园·全球首展,演出/活动,4.8,,L6,rated,True,,rated,parsed,rating_anchor,0.9844,0.9855,54,2652,45.541,L6 | 4.8演出/活动,乐·见次元-国漫沉浸乐园·全球首展 | L6 | 4.8演出/活动 | 乐贝次元 | 2026 | 7.180 | 10.18 | 国设乐网·全球展 | 4 | 1.t,ocr/input_videos\上海__美罗城__20260825.mp4
OBS-000268,美罗城,裕莲茶楼,裕莲茶楼,茶饮果汁,3.9,27,L2,rated,True,,rated,parsed,rating_anchor,0.9722,0.9932,56,2652,45.541,L2 | 🌟🌟🌟🌟🌟 | 茶饮果汁￥27/人 | 3.9,裕莲茶楼 | L2 | 🌟🌟🌟🌟🌟 | 茶饮果汁￥27/人 | 3.9 | 点评榜单 | 徐家汇商圈茶饮果汁销量榜第3名 | 豆 | 服务态度好，美食超赞，推荐来尝 | 新锦 | ￥149.4折 | ￥15 | 【招牌2选1】手打奶油... | 惠,ocr/input_videos\上海__美罗城__20260825.mp4
OBS-000269,美罗城,天梭表Tissot,天梭表Tissot,钟表,4.8,6096,L1,rated,True,,rated,parsed,rating_anchor,0.9715,0.9977,51,2676,45.954,🌟4.8 | L1 | 钟表￥6096/人,天梭表Tissot | T旺 | 🌟4.8 | L1 | 钟表￥6096/人 | TISSOT | 点评榜单 | 徐家汇商圈钟表好评榜第3名 | 8WI8S WATCHES 8INCE1853 | 售后服务特别方便，新婚礼物很贴心,ocr/input_videos\上海__美罗城__20260825.mp4
OBS-000270,美罗城,抹岛抹茶MATCHAISLAND,抹岛抹茶MATCHAISLAND,茶饮果汁,3.9,24,B1,rated,True,,rated,parsed,rating_anchor,0.9567,0.9944,54,2676,45.954,3.9茶饮果汁￥24/人 | B1,抹岛抹茶MATCHAISLAND | 杆浓沫 | 现熬黑糖岛 | 3.9茶饮果汁￥24/人 | B1 | 点评榜单 | 徐汇区饮品销量榜第1名 | HA ISLAND | 】雪酪... | ￥19.68.6折 | ￥23 | 惠 | 【珍珠/薄巧】,ocr/input_videos\上海__美罗城__20260825.mp4
OBS-000271,美罗城,柠檬向右,柠檬向右,茶饮果汁,4.2,19,L1,rated,True,,rated,parsed,rating_anchor,0.9827,0.9939,60,2676,45.954,4.2茶饮果汁￥19/人 | L1 | 🌟🌟🌟⭐,柠檬向右 | LEMONROKT | 老网 | 4.2茶饮果汁￥19/人 | L1 | 🌟🌟🌟⭐ | 点评榜单 | 徐家汇商圈饮品回头客榜第1名 | 芙莉莲的味觉记忆 | 店员人好，新奇味道” | “ | 惠 | ￥13.46.4折 | 【精选三种柠檬】鸭. | ￥21,ocr/input_videos\上海__美罗城__20260825.mp4
OBS-000272,美罗城,乐·见次元-国漫沉浸乐园·全球首展,乐·见次元-国漫沉浸乐园·全球首展,演出/活动,4.8,,L6,rated,True,,rated,parsed,rating_anchor,0.9626,0.9524,51,2676,45.954,4.8演出/活动 | L6,乐·见次元-国漫沉浸乐园·全球首展 | 4.8演出/活动 | L6 | 乐顺元 | 10.18 | 国港洲设乐园·全球间刷 | 1 | 上,ocr/input_videos\上海__美罗城__20260825.mp4
OBS-000273,美罗城,裕莲茶楼,裕莲茶楼,茶饮果汁,3.9,27,L2,rated,True,,rated,parsed,rating_anchor,0.9669,0.9909,59,2676,45.954,3.9茶饮果汁￥27/人 | L2,裕莲茶楼 | 3.9茶饮果汁￥27/人 | L2 | 点评榜单 | 徐家汇商圈茶饮果汁销量榜第3名 | 研 | 热热 | 服务态度好，美食超赞，推荐来尝 | 2 | ￥149.4折 | ￥15 | 惠 | 【招牌2选1】手打奶油..,ocr/input_videos\上海__美罗城__20260825.mp4
OBS-000274,美罗城,天梭表Tissot,天梭表Tissot,钟表,4.8,6096,L1,rated,True,,rated,parsed,rating_anchor,0.9722,0.9969,50,2700,46.366,L1 | 🌟🌟🎉🎉🌟4.8 | 钟表￥6096/人,天梭表Tissot | T+ | L1 | 🌟🌟🎉🎉🌟4.8 | 钟表￥6096/人 | TISSOT | 点评榜单 | 徐家汇商圈钟表好评榜第3名 | SWISS WATCHES SINGE 18S3 | 售后服务特别方便，新婚礼物很贴心 | “,ocr/input_videos\上海__美罗城__20260825.mp4
OBS-000275,美罗城,抹岛抹茶MATCHA ISLAND,抹岛抹茶MATCHAISLAND,茶饮果汁,3.9,24,B1,rated,True,,rated,parsed,rating_anchor,0.9672,0.976,53,2700,46.366,3.9茶饮果汁￥24/人 | B1,抹岛抹茶MATCHA ISLAND | 杯杯激法 | 现款黑糖 | 3.9茶饮果汁￥24/人 | B1 | 点评榜单 | 徐汇区饮品销量榜第1名 | HA ISLAND | ￥23 | ￥19.6 | 8.6折 | 1雪酪. | 惠 | 【珍珠/薄巧】,ocr/input_videos\上海__美罗城__20260825.mp4
OBS-000276,美罗城,柠檬向右,柠檬向右,茶饮果汁,4.2,19,L1,rated,True,,rated,parsed,rating_anchor,0.9809,0.9929,56,2700,46.366,🌟🌟🌟🌟 | L1 | 4.2茶饮果汁￥19/人,柠檬向右 | LENON RIGHT | 名A | 🌟🌟🌟🌟 | L1 | 4.2茶饮果汁￥19/人 | 点评榜单 | 徐家汇商圈饮品回头客榜第1名 | 芙莉莲的味觉记忆 | 店员人好，新奇味道” | “ | ￥13.4 | 6.4折 | ￥21 | 惠 | 【精选三种柠檬】鸭.,ocr/input_videos\上海__美罗城__20260825.mp4
OBS-000277,美罗城,乐·见次元-国漫沉浸乐园·全球首展,乐·见次元-国漫沉浸乐园·全球首展,演出/活动,4.8,,L6,rated,True,,rated,parsed,rating_anchor,0.96,0.9847,54,2700,46.366,L6 | ⭐4.8演出/活动,乐·见次元-国漫沉浸乐园·全球首展 | L6 | ⭐4.8演出/活动 | 乐贝元 | 2026 | 7.180 | 10.18 | 国河设乐园·全球限 | 401 | 1m | 1,ocr/input_videos\上海__美罗城__20260825.mp4
OBS-000278,美罗城,裕莲茶楼,裕莲茶楼,茶饮果汁,3.9,27,L2,rated,True,,rated,parsed,rating_anchor,0.9784,0.9892,57,2700,46.366,🌟🌟🌟🌟 | L2 | 3.9茶饮果汁￥27/人,裕莲茶楼 | 🌟🌟🌟🌟 | L2 | 3.9茶饮果汁￥27/人 | 点评榜单 | 徐家汇商圈茶饮果汁销量榜第3名 | 道 | 服务态度好，美食超赞，推荐来尝 | 茶镇 | ￥15 | ￥149.4折 | 惠 | 手打奶油.... | 【招牌2选1】,ocr/input_videos\上海__美罗城__20260825.mp4
OBS-000279,美罗城,乐·见次元-国漫沉浸乐园·全球展,乐·见次元-国漫沉浸乐园·全球展,演出/活动,4.8,,L6,rated,True,,rated,parsed,rating_anchor,0.9807,0.9748,60,2736,46.984,L6 | 4.8演出/活动,乐·见次元-国漫沉浸乐园·全球展 | L6 | 4.8演出/活动 | 乐贝元 | 10.18 | 国河测设乐园·全球刷 | 1 | t,ocr/input_videos\上海__美罗城__20260825.mp4
OBS-000280,美罗城,裕莲茶楼,裕莲茶楼,茶饮果汁,3.9,27,L2,rated,True,,rated,parsed,rating_anchor,0.9765,0.9952,59,2736,46.984,🌟🌟 | L2 | 3.9茶饮果汁￥27/人,裕莲茶楼 | 🌟🌟 | L2 | 3.9茶饮果汁￥27/人 | 点评榜单 | 徐家汇商圈茶饮果汁销量榜第3名 | 租 | 服务态度好，美食超赞，推荐来尝 | ￥15 | ￥149.4折 | 【招牌2选1】手打奶油... | 惠 | d,ocr/input_videos\上海__美罗城__20260825.mp4
OBS-000281,美罗城,星巴克臻选,星巴克臻选,咖啡,3.9,38,L2,rated,True,,rated,parsed,rating_anchor,0.9546,0.999,56,2736,46.984,🌟🌟3.9 | L2 | 咖啡￥38/人,星巴克臻选 | 🌟🌟3.9 | L2 | 咖啡￥38/人 | 点评榜单 | 徐家汇商圈咖啡回头客榜第2名 | 真茶真奶真愛你 | ￥59.97.7折 | ￥78 | 【爆款推荐】星巴克. | 惠,ocr/input_videos\上海__美罗城__20260825.mp4
OBS-000282,美罗城,JBL,JBL,数码产品,4.6,,L3,rated,True,,rated,parsed,rating_anchor,0.9714,0.9984,63,2736,46.984,4.6数码产品￥1410/ | L3,JBL | 4.6数码产品￥1410/ | L3 | 低频强劲有，氛围感拉满” | 6,ocr/input_videos\上海__美罗城__20260825.mp4
OBS-000283,美罗城,喜茶,喜茶,茶饮果汁,3.8,24,L1,rated,True,,rated,parsed,rating_anchor,0.9577,0.9944,75,2736,46.984,3.8茶饮果汁￥24/人 | L1,喜茶 | 3.8茶饮果汁￥24/人 | L1 | “奶盖顺滑，抹茶清爽 | ￥17.59.3折 | 惠 | ￥19 | 【人推荐】5选1,ocr/input_videos\上海__美罗城__20260825.mp4
OBS-000284,美罗城,裕莲茶楼,裕莲茶楼,茶饮果汁,3.9,27,L2,rated,True,,rated,parsed,rating_anchor,0.9727,0.9942,57,2784,47.808,🌟🌟🌟🌟⭐ | L2 | 茶饮果汁￥27/人 | 3.9,裕莲茶楼 | 🌟🌟🌟🌟⭐ | L2 | 茶饮果汁￥27/人 | 3.9 | 点评榜单 | 徐家汇商圈茶饮果汁销量榜第3名 | “服务态度好，美食超赞，推荐来尝” | 《 | ￥149.4折 | ￥15 | 惠 | 【招牌2选1】手打奶油.,ocr/input_videos\上海__美罗城__20260825.mp4
OBS-000285,美罗城,星巴克臻选,星巴克臻选,咖啡,3.9,38,L2,rated,True,,rated,parsed,rating_anchor,0.97,0.9989,56,2784,47.808,🌟🌟🌟🌟🌟 | L2 | 3.9 | 咖啡￥38/人,星巴克臻选 | 🌟🌟🌟🌟🌟 | L2 | 3.9 | 咖啡￥38/人 | 点评榜单 | 徐家汇商圈咖啡回头客榜第2名 | 真茶真奶真爱你 | ￥59.97.7折 | ￥78 | 【爆款推荐】星巴克. | 惠,ocr/input_videos\上海__美罗城__20260825.mp4
OBS-000286,美罗城,JBL,JBL,数码产品,4.6,1410,L3,rated,True,,rated,parsed,rating_anchor,0.978,0.9992,66,2784,47.808,4.6数码产品￥1410/人 | L3,JBL | 4.6数码产品￥1410/人 | L3 | 低频强劲有力，氛围感拉满 | K,ocr/input_videos\上海__美罗城__20260825.mp4
OBS-000287,美罗城,喜茶,喜茶,茶饮果汁,3.8,24,L1,rated,True,,rated,parsed,rating_anchor,0.9769,0.9955,69,2784,47.808,3.8茶饮果汁￥24/人 | L1,喜茶 | 3.8茶饮果汁￥24/人 | L1 | “奶盖顺滑，抹茶清爽” | 心 | ￥17.59.3折 | ￥19 | 【人气推荐】5选1 | 惠,ocr/input_videos\上海__美罗城__20260825.mp4
OBS-000288,美罗城,M Stand,MStand,咖啡,3.9,31,L1,rated,True,,rated,parsed,rating_anchor,0.9451,0.9411,55,2784,47.808,🌟🌟🌟🌟 | 咖啡￥31/人 | L1 | 3.9,M Stand | 芒果凤裂系列上新 | 🌟🌟🌟🌟 | 咖啡￥31/人 | L1 | 3.9 | 点评榜单 | 徐家汇商圈咖啡回头客榜第9名 | 惠¥27.57.3折 | ￥38 | 【第一次喝】招牌特,ocr/input_videos\上海__美罗城__20260825.mp4
OBS-000289,美罗城,喜茶,喜茶,茶饮果汁,3.8,24,L1,rated,True,,rated,parsed,rating_anchor,0.9785,0.9955,67,2868,49.251,3.8茶饮果汁￥24/人 | L1,喜茶 | 3.8茶饮果汁￥24/人 | L1 | “奶盖顺滑，抹茶清爽” | ￥17.59.3折 | ￥19 | 【人气推荐】5选1 | 惠,ocr/input_videos\上海__美罗城__20260825.mp4
OBS-000290,美罗城,M Stand,MStand,咖啡,3.9,31,L1,rated,True,,rated,parsed,rating_anchor,0.9581,0.9687,53,2868,49.251,3.9咖啡￥31/人 | L1,M Stand | 芒果凤梨系列上新 | 3.9咖啡￥31/人 | L1 | 点评榜单 | 徐家汇商圈咖啡回头客榜第9名 | ￥27.57.3折 | ￥38 | 【第一次喝】招牌特… | 惠,ocr/input_videos\上海__美罗城__20260825.mp4
OBS-000291,美罗城,mu SALON烫染金,muSALON烫染金,美发,4.7,379,B1,rated,True,,rated,parsed,rating_anchor,0.9518,0.9509,61,2868,49.251,4.7美发￥379/人 | B1,mu SALON烫染金 | 4.7美发￥379/人 | B1 | 预选星耀票钻门店 | -2006 | 染发烫发都很棒，效果满意 | A | “ | ￥198 | ￥1589.5折 | 【S1级】设计师发... | 惠,ocr/input_videos\上海__美罗城__20260825.mp4
OBS-000292,美罗城,K22.酸奶草莓,K22.酸奶草莓,酸奶鲜奶,3.9,19,L1,rated,True,,rated,parsed,rating_anchor,0.9754,0.9994,55,2868,49.251,🌟🌟⭐3.9 | 酸奶鲜奶￥19/人 | L1,K22.酸奶草莓 | 吨吨·益生菌果蔬茶 | 全新上市！ | 🌟🌟⭐3.9 | 酸奶鲜奶￥19/人 | L1 | NEW | 点评榜单 | 上海酸奶鲜奶打卡人气榜第1名 | 口感独特，不甜不腻，喝完饱腹 | “ | 55 | 6.7折 | ￥18 | ￥11.9 | 【吨吨】益生菌果蔬. | 惠,ocr/input_videos\上海__美罗城__20260825.mp4
OBS-000293,美罗城,喜茶,喜茶,茶饮果汁,3.8,24,L1,rated,True,,rated,parsed,rating_anchor,0.9796,0.9949,66,2892,49.663,L1 | 3.8茶饮果汁￥24/人,喜茶 | L1 | 3.8茶饮果汁￥24/人 | “奶盖顺滑，抹茶清爽” | ￥19 | ￥17.59.3折 | 【人气推荐】5选1 | 惠,ocr/input_videos\上海__美罗城__20260825.mp4
OBS-000294,美罗城,M Stand,MStand,咖啡,3.9,31,L1,rated,True,,rated,parsed,rating_anchor,0.9597,0.9655,53,2892,49.663,3.9咖啡￥31/人 | 🌟🌟🌟🌟 | L1,M Stand | 芒果凤梨系列上新 | 3.9咖啡￥31/人 | 🌟🌟🌟🌟 | L1 | 点评榜单 | 徐家汇商圈咖啡回头客榜第9名 | ￥27.57.3折 | ￥38 | 【第一次喝】招牌特. | 惠,ocr/input_videos\上海__美罗城__20260825.mp4
OBS-000295,美罗城,muSALON烫染黑金,muSALON烫染黑金,美发,4.7,379,B1,rated,True,,rated,parsed,rating_anchor,0.9449,0.9515,55,2892,49.663,4.7美发￥379/人 | B1,muSALON烫染黑金 | 4.7美发￥379/人 | B1 | 预选星耀票钻门店 | -2036 | 染发烫发都很棒，效果满意 | A | “ | ￥1589.5折 | ￥198 | 【S1级】设计师发... | 惠,ocr/input_videos\上海__美罗城__20260825.mp4
OBS-000296,美罗城,K22.酸奶草莓,K22.酸奶草莓,酸奶鲜奶,3.9,19,L1,rated,True,,rated,parsed,rating_anchor,0.9775,0.9996,58,2892,49.663,🌟🌟⭐3.9 | L1 | 酸奶鲜奶￥19/人,K22.酸奶草莓 | 吨吨·益生菌果蔬茶 | 全新上市！ | 🌟🌟⭐3.9 | L1 | 酸奶鲜奶￥19/人 | NEW | 点评榜单 | 上海酸奶鲜奶打卡人气榜第1名 | 口感独特，不甜不腻，喝完饱腹 | 3 | “ | ￥18 | 6.7折 | ￥11.9 | 【吨吨】益生菌果蔬….. | 惠,ocr/input_videos\上海__美罗城__20260825.mp4
OBS-000297,美罗城,K22.酸奶草莓,K22.酸奶草莓,酸奶鲜奶,3.9,19,L1,rated,True,,rated,parsed,rating_anchor,0.971,0.9986,52,2928,50.281,⭐🌟🌟🌟3.9 | 酸奶鲜奶￥19/人 | L1,K22.酸奶草莓 | 吨吨·益生菌果蔬茶 | 全新上市！ | ⭐🌟🌟🌟3.9 | 酸奶鲜奶￥19/人 | L1 | MEN | 点评榜单 | 上海酸奶鲜奶打卡人气榜第1名 | 口感独特，不甜不腻，喝完饱腹 | ≤S | 55 | ￥18 | 6.7折 | 【吨吨】益生菌果蔬.. | ￥11.9 | 惠,ocr/input_videos\上海__美罗城__20260825.mp4
OBS-000298,美罗城,怡满分·鲜作茶铺,怡满分·鲜作茶铺,茶饮果汁,4.0,23,L1,rated,True,,rated,parsed,rating_anchor,0.9681,0.9894,51,2928,50.281,4.0茶饮果汁￥23/人 | L1,怡满分·鲜作茶铺 | 怡满分 | 4.0茶饮果汁￥23/人 | L1 | 多种口味满足你的养胃哲学 | “ | SUGAR | RUSH | AVaX | 惠￥19.89折 | ￥22 | 【夏日蜜语】芒果雪...,ocr/input_videos\上海__美罗城__20260825.mp4
OBS-000299,美罗城,SONY·索尼,SONY·索尼,数码产品,4.8,8050,L4,rated,True,,rated,parsed,rating_anchor,0.9768,0.9911,52,2928,50.281,4.8数码产品￥8050/人 | L4,SONY·索尼 | 4.8数码产品￥8050/人 | L4 | “服务常好，教会使拍出,ocr/input_videos\上海__美罗城__20260825.mp4
OBS-000300,美罗城,鮨士道寿司,鮨士道寿司,日式简餐/快餐,3.9,,B1,rated,True,,rated,parsed,rating_anchor,0.9709,0.9856,55,2928,50.281,🌟🌟⭐🌟🌟 | 3.9 | B1 | 日式简餐/快餐￥51/,鮨士道寿司 | 🌟🌟⭐🌟🌟 | 3.9 | B1 | 日式简餐/快餐￥51/ | 点评榜单 | 徐家汇商圈日式简餐/快餐回头客榜第3名 | 价格亲民，性价比高 | ￥39 | 5.8折 | ￥68超值单人套餐（10颗） | 惠 | ￥959.5折 | 惠 | ￥100100元代金券,ocr/input_videos\上海__美罗城__20260825.mp4
OBS-000301,美罗城,K22.酸奶草莓,K22.酸奶草莓,酸奶鲜奶,3.9,19,L1,rated,True,,rated,parsed,rating_anchor,0.978,0.9995,51,2952,50.693,🌟🌟🌟🌟 | L1 | 3.9 | 酸奶鲜奶￥19/人,K22.酸奶草莓 | 吨吨·益生菌果蔬茶 | 全新上市！ | 🌟🌟🌟🌟 | L1 | 3.9 | 酸奶鲜奶￥19/人 | MEW | 点评榜单 | 上海酸奶鲜奶打卡人气榜第1名 | 口感独特，不甜不腻，喝完饱腹 | “ | 5 | ￥11.9 | 6.7折 | ￥18 | 【吨吨】益生菌果蔬... | 惠,ocr/input_videos\上海__美罗城__20260825.mp4
OBS-000302,美罗城,怡满分·鲜作茶铺,怡满分·鲜作茶铺,茶饮果汁,4.0,23,L1,rated,True,,rated,parsed,rating_anchor,0.9714,0.9847,50,2952,50.693,4.0茶饮果汁￥23/人 | L1,怡满分·鲜作茶铺 | 怡满分 | 4.0茶饮果汁￥23/人 | L1 | 多种口味满足你的养胃哲学” | C | RUSH | 惠￥19.89折 | ￥22 | 【夏日蜜语】芒果雪..,ocr/input_videos\上海__美罗城__20260825.mp4
OBS-000303,美罗城,SONY·索尼,SONY·索尼,数码产品,4.8,8050,L4,rated,True,,rated,parsed,rating_anchor,0.9752,0.9874,52,2952,50.693,⭐🌟⭐🌟4.8 | L4 | 数码产品￥8050/人,SONY·索尼 | SONY | ⭐🌟⭐🌟4.8 | L4 | 数码产品￥8050/人 | 服务非常好，教会使用拍出大片,ocr/input_videos\上海__美罗城__20260825.mp4
OBS-000304,美罗城,鮨士道寿司,鮨士道寿司,日式简餐/快餐,3.9,51,B1,rated,True,,rated,parsed,rating_anchor,0.972,0.9931,55,2952,50.693,🌟🌟🌟 | 3.9 | 日式简餐/快餐￥51/人 | B1,鮨士道寿司 | 熊士道 | 康商YISHIDA | GYISHID | 🌟🌟🌟 | 3.9 | 日式简餐/快餐￥51/人 | B1 | 点评榜单 | 徐家汇商圈日式简餐/快餐回头客榜第3名 | 中华寿司·手工现做 | 价格亲民，性价比高 | ￥39 | 5.8折 | ￥68超值单人套餐（10颗） | 惠 | ￥959.5折 | 惠 | ￥100100元代金券,ocr/input_videos\上海__美罗城__20260825.mp4
OBS-000305,美罗城,ZHAOKA炤喀台湾卤肉饭,ZHAOKA炤喀台湾卤肉饭,快餐简餐,3.8,33,B1,rated,True,,rated,parsed,rating_anchor,0.9782,0.9949,54,2952,50.693,3.8快餐简餐￥33/人 | B1,ZHAOKA炤喀台湾卤肉饭 | 炤喀ZHAOKA | 台湾卤肉饭 | 3.8快餐简餐￥33/人 | B1 | 点评榜单 | 徐家汇商圈小吃快餐打卡人气榜第6名,ocr/input_videos\上海__美罗城__20260825.mp4
OBS-000306,美罗城,K22.酸奶草莓,K22.酸奶草莓,酸奶鲜奶,3.9,19,L1,rated,True,,rated,parsed,rating_anchor,0.9809,0.9994,51,2964,50.899,🌟🌟🌟⭐🌟 | L1 | 酸奶鲜奶￥19/人 | 3.9,K22.酸奶草莓 | 吨吨·益生菌果蔬茶 | 全新上市！ | 🌟🌟🌟⭐🌟 | L1 | 酸奶鲜奶￥19/人 | 3.9 | NEW | 点评榜单 | 上海酸奶鲜奶打卡人气榜第1名 | 口感独特，不甜不腻，喝完饱腹 | “ | ￥11.9 | ￥18 | 6.7折 | 【吨吨】益生菌果蔬... | 惠,ocr/input_videos\上海__美罗城__20260825.mp4
OBS-000307,美罗城,怡满分·鲜作茶铺,怡满分·鲜作茶铺,茶饮果汁,4.0,23,L1,rated,True,,rated,parsed,rating_anchor,0.9554,0.9845,50,2964,50.899,⭐4.0茶饮果汁￥23/人 | L1,怡满分·鲜作茶铺 | 怡满 | ⭐4.0茶饮果汁￥23/人 | L1 | 分 | 多种口味满足你的养胃哲学” | SUGAR | RUSH | X | ￥19.89折 | ￥22 | 惠 | 【夏日蜜语】芒果雪….,ocr/input_videos\上海__美罗城__20260825.mp4
OBS-000308,美罗城,SONY·索尼,SONY·索尼,数码产品,4.8,8050,L4,rated,True,,rated,parsed,rating_anchor,0.9788,0.9884,49,2964,50.899,🌟⭐4.8 | 数码产品￥8050/人 | L4,SONY·索尼 | SONY | 🌟⭐4.8 | 数码产品￥8050/人 | L4 | 服务非常好，教会使用拍出大片,ocr/input_videos\上海__美罗城__20260825.mp4
OBS-000309,美罗城,鮨士道寿司,鮨士道寿司,日式简餐/快餐,3.9,51,B1,rated,True,,rated,parsed,rating_anchor,0.9661,0.9705,55,2964,50.899,🌟🌟🌟🌟 | 3.9 | 日式简餐/快餐￥51/人 | B1,鮨士道寿司 | 熊士道 | MSHID | SHID | 🌟🌟🌟🌟 | 3.9 | 日式简餐/快餐￥51/人 | B1 | 点评榜单 | 徐家汇商圈日式简餐/快餐回头客榜第3名 | 价格亲民，性价比高 | 中华寿司·手工现做 | ￥39 | 5.8折 | ￥68超值单人套餐（10颗） | 惠 | ￥959.5折 | 惠 | ￥100100元代金券,ocr/input_videos\上海__美罗城__20260825.mp4
OBS-000310,美罗城,ZHAOKA炤喀台湾卤肉饭,ZHAOKA炤喀台湾卤肉饭,快餐简餐,3.8,33,B1,rated,True,,rated,parsed,rating_anchor,0.9353,0.9928,51,2964,50.899,⭐⭐3.8快餐简餐￥33/人 | B1,ZHAOKA炤喀台湾卤肉饭 | 炤喀ZHAOKA | 台湾卤肉饭 | ⭐⭐3.8快餐简餐￥33/人 | B1 | 点评榜单 | 徐家汇商圈小吃快餐打卡人气榜第6名,ocr/input_videos\上海__美罗城__20260825.mp4
OBS-000311,美罗城,ZHAOKA炤喀台湾卤肉饭,ZHAOKA炤喀台湾卤肉饭,快餐简餐,3.8,33,B1,rated,True,,rated,parsed,rating_anchor,0.9722,0.9862,54,3060,52.548,★🌟★💥🌟 | 快餐简餐￥33/人 | B1 | 3.8,ZHAOKA炤喀台湾卤肉饭 | 炤喀ZHAOKA | 台湾卤肉饭 | ★🌟★💥🌟 | 快餐简餐￥33/人 | B1 | 3.8 | 点评榜单 | 徐家汇商圈小吃快餐打卡人气榜第6名 | 7.9折 | ￥37.9 | ￥29.9 | 【元气饱腹】招牌... | 惠,ocr/input_videos\上海__美罗城__20260825.mp4
OBS-000312,美罗城,阪织屋,阪织屋,内衣,4.2,252,B1,rated,True,,rated,parsed,rating_anchor,0.9844,0.999,55,3060,52.548,🌟🌟🌟⭐ | B1 | 4.2内衣￥252/人 | ★,阪织屋 | 🌟🌟🌟⭐ | B1 | 4.2内衣￥252/人 | ★ | 内裤柔软舒适，蚕丝质地细腻” | ≤,ocr/input_videos\上海__美罗城__20260825.mp4
OBS-000313,美罗城,迷丝卷Ms.Juan手工方形蛋卷,迷丝卷Ms.Juan手工方形蛋卷,甜品,3.9,36,L4,rated,True,,rated,parsed,rating_anchor,0.9356,0.9451,54,3060,52.548,★★★★★ | L4 | 甜品￥36/人 | 3.9,迷丝卷Ms.Juan手工方形蛋卷 | 送丝话K.0an | ★★★★★ | L4 | 甜品￥36/人 | 3.9 | 点评榜单 | 徐家汇商圈面包蛋糕甜品销量榜第1名 | 环境干净，服务好，性价比高 | ￥398.7折 | ￥45Ms.Juan-MIX全家福棉.. | 惠,ocr/input_videos\上海__美罗城__20260825.mp4
OBS-000314,美罗城,La Repete 手工千层蛋糕,LaRepete手工千层蛋糕,甜品,3.9,55,L2,rated,True,,rated,parsed,rating_anchor,0.9398,0.9441,59,3060,52.548,3.9甜品￥55/人 | L2,La Repete 手工千层蛋糕 | Lu Ripiw | 4层 | 随心欢 | 3.9甜品￥55/人 | L2 | ￥995折 | ￥200 | 【人气爆款】四种口味. | 惠,ocr/input_videos\上海__美罗城__20260825.mp4
OBS-000315,美罗城,C-Oli,C-Oli,服饰鞋包,4.1,227,B1,rated,True,,rated,parsed,rating_anchor,0.9693,0.9858,54,3060,52.548,🌟🌟🌟💥 | 4.1服饰鞋包￥227/人 | B1 | ￥,C-Oli | 🌟🌟🌟💥 | 4.1服饰鞋包￥227/人 | B1 | ￥ | “地铁出站即到， | 发饰耳环款式多,ocr/input_videos\上海__美罗城__20260825.mp4
OBS-000316,美罗城,ZHAOKA炤喀台湾卤肉饭,ZHAOKA炤喀台湾卤肉饭,快餐简餐,3.8,33,B1,rated,True,,rated,parsed,rating_anchor,0.9845,0.9949,55,3084,52.96,🌟🌟🌟🌟🌟 | B1 | 3.8快餐简餐￥33/人,ZHAOKA炤喀台湾卤肉饭 | 炤喀ZHAOKA | 台湾卤肉饭 | 🌟🌟🌟🌟🌟 | B1 | 3.8快餐简餐￥33/人 | 点评榜单 | 徐家汇商圈小吃快餐打卡人气榜第6名 | ￥29.97.9折 | ￥37.9 | 惠 | 【元气饱腹】招牌..,ocr/input_videos\上海__美罗城__20260825.mp4
OBS-000317,美罗城,阪织屋,阪织屋,内衣,4.2,252,B1,rated,True,,rated,parsed,rating_anchor,0.9854,0.9988,62,3084,52.96,B1 | 🌟🌟⭐⭐ | 4.2内衣￥252/人 | ★,阪织屋 | B1 | 🌟🌟⭐⭐ | 4.2内衣￥252/人 | ★ | 内裤柔软舒适，蚕丝质地细腻” | （,ocr/input_videos\上海__美罗城__20260825.mp4
OBS-000318,美罗城,迷丝卷Ms.Juan手工方形蛋卷,迷丝卷Ms.Juan手工方形蛋卷,甜品,3.9,36,L4,rated,True,,rated,parsed,rating_anchor,0.9618,0.9834,56,3084,52.96,🌟🌟⭐ | 甜品￥36/人 | L4 | 3.9,迷丝卷Ms.Juan手工方形蛋卷 | 送丝餐Mdm | 🌟🌟⭐ | 甜品￥36/人 | L4 | 3.9 | FINIS | 点评榜单 | 徐家汇商圈面包蛋糕甜品销量榜第1名 | 环境干净，服务好，性价比高 | ￥39 | 8.7折 | ￥45Ms.Juan-MIX全家福棉... | 惠,ocr/input_videos\上海__美罗城__20260825.mp4
OBS-000319,美罗城,La Repete 手工千层蛋糕,LaRepete手工千层蛋糕,甜品,3.9,55,L2,rated,True,,rated,parsed,rating_anchor,0.9557,0.9553,56,3084,52.96,3.9甜品￥55/人 | L2 | ⭐🌟⭐🌟🌟,La Repete 手工千层蛋糕 | aPpioe | 4e | 3.9甜品￥55/人 | L2 | ⭐🌟⭐🌟🌟 | ￥995折 | ￥200 | 【人气爆款】四种口味. | 惠,ocr/input_videos\上海__美罗城__20260825.mp4
OBS-000320,美罗城,C-Oli,C-Oli,服饰鞋包,4.1,227,B1,rated,True,,rated,parsed,rating_anchor,0.9732,0.9855,59,3084,52.96,B1 | 🌟🌟🌟🌟 | 4.1服饰鞋包￥227/人,C-Oli | B1 | 🌟🌟🌟🌟 | 4.1服饰鞋包￥227/人 | 地铁出站即到，发饰耳环款式多” | “,ocr/input_videos\上海__美罗城__20260825.mp4
OBS-000321,美罗城,阪织屋,阪织屋,内衣,4.2,252,B1,rated,True,,rated,parsed,rating_anchor,0.9852,0.9987,58,3144,53.99,⭐🌟🌟🌟 | B1 | 4.2内衣￥252/人 | ★,阪织屋 | ⭐🌟🌟🌟 | B1 | 4.2内衣￥252/人 | ★ | 内裤柔软舒适，蚕丝质地细腻”,ocr/input_videos\上海__美罗城__20260825.mp4
OBS-000322,美罗城,迷丝卷Ms.Juan手工方形蛋卷,迷丝卷Ms.Juan手工方形蛋卷,甜品,3.9,36,L4,rated,True,,rated,parsed,rating_anchor,0.9526,0.9742,54,3144,53.99,L4 | 🌟🌟🌟🌟🌟 | 甜品￥36/人 | 3.9,迷丝卷Ms.Juan手工方形蛋卷 | 送丝餐K0an | L4 | 🌟🌟🌟🌟🌟 | 甜品￥36/人 | 3.9 | 点评榜单 | 徐家汇商圈面包蛋糕甜品销量榜第1名 | 环境干净，服务好，性价比高 | 加 | ￥398.7折 | 惠 | ￥45Ms.Juan-MIX全家福棉...,ocr/input_videos\上海__美罗城__20260825.mp4
OBS-000323,美罗城,La Repete 手工千层蛋糕,LaRepete手工千层蛋糕,甜品,3.9,55,L2,rated,True,,rated,parsed,rating_anchor,0.9456,0.9471,57,3144,53.99,3.9甜品￥55/人 | L2,La Repete 手工千层蛋糕 | 4村千层 | 3.9甜品￥55/人 | L2 | ￥995折 | ￥200 | 惠 | 【人气爆款】四种口味..,ocr/input_videos\上海__美罗城__20260825.mp4
OBS-000324,美罗城,C-Oli,C-Oli,服饰鞋包,4.1,227,B1,rated,True,,rated,parsed,rating_anchor,0.9801,0.9858,55,3144,53.99,🌟🌟🌟🌟 | B1 | 4.1服饰鞋包￥227/人 | ★,C-Oli | 🌟🌟🌟🌟 | B1 | 4.1服饰鞋包￥227/人 | ★ | “地铁出站即到，发饰耳环款式多” | 品牌升级首店 | 肥汁米蘭香港米线·生活餐室 | 小吃餐V,ocr/input_videos\上海__美罗城__20260825.mp4
OBS-000325,美罗城,La Repete 手工千层蛋糕,LaRepete手工千层蛋糕,甜品,3.9,55,L2,rated,True,,rated,parsed,rating_anchor,0.9573,0.9752,59,3180,54.609,3.9甜品￥55/人 | L2,La Repete 手工千层蛋糕 | Ripiw | 4村千e | 3有 | 3.9甜品￥55/人 | L2 | ￥995折 | ￥200 | 【人气爆款】四种口味... | 惠,ocr/input_videos\上海__美罗城__20260825.mp4
OBS-000326,美罗城,C-Oli,C-Oli,服饰鞋包,4.1,227,B1,rated,True,,rated,parsed,rating_anchor,0.9725,0.9782,56,3180,54.609,B1 | 🌟🌟🌟🌟 | 4.1服饰鞋包￥227/人 | ★,C-Oli | B1 | 🌟🌟🌟🌟 | 4.1服饰鞋包￥227/人 | ★ | 地铁出站即到，发饰耳环款式多,ocr/input_videos\上海__美罗城__20260825.mp4
OBS-000327,美罗城,肥汁米蘭香港米线·生活餐室,肥汁米兰香港米线·生活餐室,小吃快餐,3.9,48,L2,rated,True,,rated,parsed,rating_anchor,0.9443,0.9862,57,3180,54.609,L2 | ⭐3.9小吃快餐￥48/人,品牌升级首店 | 肥汁米蘭香港米线·生活餐室 | L2 | ⭐3.9小吃快餐￥48/人 | RN | 点评榜单 | 徐家汇商圈小吃快餐打卡人气榜第2名 | ￥13 | ￥6.8 | 5.3折 | 【特色饮品】四选一 | 惠 | ￥489.6折 | ￥5050元代金券 | 惠,ocr/input_videos\上海__美罗城__20260825.mp4
OBS-000328,美罗城,Potato Corner,PotatoCorner,西式快餐,3.8,29,L1,rated,True,,rated,parsed,rating_anchor,0.9714,0.9974,54,3180,54.609,3.8西式快餐￥29/人 | L1,Potato Corner | 3.8西式快餐￥29/人 | L1 | POTATO | CORNER | ￥359.3折 | ￥38 | 【尝新】迷你香骨鸡单... | 惠 | ￥27 | 9折 | ￥30 | 惠 | 【工作日专享】30元代金券,ocr/input_videos\上海__美罗城__20260825.mp4
OBS-000329,美罗城,La Repete 手工千层蛋糕,LaRepete手工千层蛋糕,甜品,3.9,55,L2,rated,True,,rated,parsed,rating_anchor,0.9504,0.9558,61,3240,55.639,3.9甜品￥55/人 | L2,La Repete 手工千层蛋糕 | lipiw | 4村千e | 3有 | 3.9甜品￥55/人 | L2 | ￥995折 | ￥200 | 【人气爆款】四种口味... | 惠,ocr/input_videos\上海__美罗城__20260825.mp4
OBS-000330,美罗城,C-Oli,C-Oli,服饰鞋包,4.1,227,B1,rated,True,,rated,parsed,rating_anchor,0.9749,0.9792,56,3240,55.639,B1 | 🌟🌟🌟🌟 | 4.1服饰鞋包￥227/人 | ★,C-Oli | B1 | 🌟🌟🌟🌟 | 4.1服饰鞋包￥227/人 | ★ | 地铁出站即到，发饰耳环款式多,ocr/input_videos\上海__美罗城__20260825.mp4
OBS-000331,美罗城,肥汁米蘭香港米线·生活餐室,肥汁米兰香港米线·生活餐室,小吃快餐,3.9,48,L2,rated,True,,rated,parsed,rating_anchor,0.9459,0.9838,57,3240,55.639,L2 | ⭐3.9小吃快餐￥48/人,品牌升级首店 | 肥汁米蘭香港米线·生活餐室 | L2 | ⭐3.9小吃快餐￥48/人 | RN | 点评榜单 | 徐家汇商圈小吃快餐打卡人气榜第2名 | ￥13 | ￥6.8 | 5.3折 | 【特色饮品】四选一 | 惠 | ￥489.6折 | ￥5050元代金券 | 惠,ocr/input_videos\上海__美罗城__20260825.mp4
OBS-000332,美罗城,Potato Corner,PotatoCorner,西式快餐,3.8,29,L1,rated,True,,rated,parsed,rating_anchor,0.9781,0.9972,54,3240,55.639,3.8西式快餐￥29/人 | L1,Potato Corner | 3.8西式快餐￥29/人 | L1 | POTATO | CORNER | ￥359.3折 | ￥38 | 【尝新】迷你香骨鸡单... | 惠 | ￥27 | ￥30 | 9折 | 【工作日专享】30元代金券 | 惠,ocr/input_videos\上海__美罗城__20260825.mp4
OBS-000333,美罗城,Potato Corner,PotatoCorner,西式快餐,3.8,29,L1,rated,True,,rated,parsed,rating_anchor,0.9755,0.9869,52,3276,56.257,3.8西式快餐￥29/人 | L1,Potato Corner | 3.8西式快餐￥29/人 | L1 | POTATO | CORNER | ￥359.3折 | ￥38 | 【尝新】迷你香骨鸡单... | 惠 | ￥279折 | ￥30 | 惠 | 【工作日专享】30元代金券,ocr/input_videos\上海__美罗城__20260825.mp4
OBS-000334,美罗城,漫魂ComicSoul,漫魂ComicSoul,杂货礼品,3.5,,B1,rated,True,,rated,parsed,rating_anchor,0.9948,0.9989,55,3276,56.257,3.5杂货礼品 | B1,漫魂ComicSaul | 漫魂ComicSoul | 3.5杂货礼品 | B1,ocr/input_videos\上海__美罗城__20260825.mp4
OBS-000335,美罗城,好利来,好利来,面包蛋糕,3.9,48,L1,rated,True,,rated,parsed,rating_anchor,0.9802,0.9994,62,3276,56.257,⭐🌟🌟🌟🌟 | L1 | 面包蛋糕￥48/人 | 3.9,好利来 | Holiland | ⭐🌟🌟🌟🌟 | L1 | 面包蛋糕￥48/人 | 3.9 | 好利来 | 点评镑单 | 徐家汇商圈面包蛋糕销量榜第4名 | 口感丝滑，性价比高，不容错过” | ￥1059.6折 | ￥110 | 【好利来】110元代. | 惠,ocr/input_videos\上海__美罗城__20260825.mp4
OBS-000336,美罗城,琦王花生,琦王花生,栗子/干果,3.9,40,L4,rated,True,,rated,parsed,rating_anchor,0.9653,0.9958,60,3276,56.257,3.9栗子/干果￥40/人 | L4,琦王花生 | 琦王 | EAA | 3.9栗子/干果￥40/人 | L4 | 花生 | 小锅·慢炒 | ￥19.8￥19.8红山雪葵(原味瓜子) | 惠,ocr/input_videos\上海__美罗城__20260825.mp4
OBS-000337,美罗城,美罗城停车场,美罗城停车场,停车场,3.1,30,B2,rated,True,,rated,parsed,rating_anchor,0.9835,0.9999,59,3276,56.257,3.1停车场￥30/人 | B2,美罗城停车场 | 3.1停车场￥30/人 | B2 | “美罗城停车丝滑，价格实惠”,ocr/input_videos\上海__美罗城__20260825.mp4
OBS-000338,美罗城,美罗城停车场,美罗城停车场,停车场,3.1,30,B2,rated,True,,rated,parsed,rating_anchor,0.9789,0.9998,52,3360,57.7,🌟🌟🎉⭐🌟 | B2 | 停车场￥30/人 | 3.1,美罗城停车场 | 🌟🌟🎉⭐🌟 | B2 | 停车场￥30/人 | 3.1 | 美罗城停车丝滑，价格实惠,ocr/input_videos\上海__美罗城__20260825.mp4
OBS-000339,美罗城,陳香貴·兰州牛肉面,陈香贵·兰州牛肉面,面馆,3.9,33,L3,rated,True,,rated,parsed,rating_anchor,0.9371,0.9442,57,3360,57.7,3.9面馆￥33/人 | L3,陳香貴·兰州牛肉面 | 招解牛肉面 | 升级四重秀 | 3.9面馆￥33/人 | L3 | 点评榜单 | 徐家汇商圈面馆回头客榜第4名 | 面劲道，红枣茶好喝，服务好 | 陳育育 | ￥27.89.6折 | ￥29 | 惠 | 【工作餐】招牌面加...,ocr/input_videos\上海__美罗城__20260825.mp4
OBS-000340,美罗城,肯德基,肯德基,西式快餐,3.9,30,L1,rated,True,,rated,parsed,rating_anchor,0.9801,0.9994,63,3360,57.7,🌟🌟🎉🌟⭐ | L1 | 西式快餐￥30/人 | 3.9,肯德基 | KFC | 原味鸡肉霸堡 | 新 | 🌟🌟🎉🌟⭐ | L1 | 西式快餐￥30/人 | 3.9 | 29.9/3件 | 我凯疗具鸡品究 | 新鲜炸鸡，鲜嫩多汁，耐心服务 | 3 | 【汉堡可选】主食. | ￥39.5 | ￥19.9 | 5.1折 | 惠,ocr/input_videos\上海__美罗城__20260825.mp4
OBS-000341,美罗城,全家便利店,全家便利店,超市便利,3.4,,L1,rated,True,,rated,parsed,rating_anchor,0.9775,0.9982,55,3360,57.7,⭐3.4超市便利 | L1,全家便利店 | ⭐3.4超市便利 | L1,ocr/input_videos\上海__美罗城__20260825.mp4
OBS-000342,美罗城,爱泰村·泰国船面,爱泰村·泰国船面,小吃快餐,,54,L3,new_store,False,new_store,ocr_missing,parsed,metadata_anchor,0.9523,0.9741,53,3360,57.7,L3 | 新店 | 小吃快餐￥54/人,爱泰村·泰国船面 | L3 | 新店 | 小吃快餐￥54/人 | 泰村,ocr/input_videos\上海__美罗城__20260825.mp4
OBS-000343,美罗城,琦王花生,琦王花生,栗子/干果,3.9,40,L4,rated,True,,rated,parsed,rating_anchor,0.9551,0.9979,58,3384,58.112,🌟🌟🌟🌟🌟 | 栗子/干果￥40/人 | L4 | 3.9,琦王花生 | 琦王 | EANS | 体 | 🌟🌟🌟🌟🌟 | 栗子/干果￥40/人 | L4 | 3.9 | 日 | 花生 | 小锅·慢炒 | ￥19.8￥19.8红山雪葵(原味瓜子) | 惠,ocr/input_videos\上海__美罗城__20260825.mp4
OBS-000344,美罗城,美罗城停车场,美罗城停车场,停车场,3.1,30,B2,rated,True,,rated,parsed,rating_anchor,0.9863,0.9999,54,3384,58.112,⭐🌟⭐⭐🌟 | B2 | 3.1停车场￥30/人,美罗城停车场 | ⭐🌟⭐⭐🌟 | B2 | 3.1停车场￥30/人 | 美罗城停车丝滑，价格实惠,ocr/input_videos\上海__美罗城__20260825.mp4
OBS-000345,美罗城,陳香貴·兰州牛肉面,陈香贵·兰州牛肉面,面馆,3.9,33,L3,rated,True,,rated,parsed,rating_anchor,0.9468,0.9438,56,3384,58.112,面馆￥33/人 | 🌟🌟⭐🌟🌟 | L3 | 3.9,陳香貴·兰州牛肉面 | 招解牛肉面 | 升级四重奏！ | 面馆￥33/人 | 🌟🌟⭐🌟🌟 | L3 | 3.9 | 点评榜单 | 徐家汇商圈面馆回头客榜第4名 | 面劲道，红枣茶好喝，服务好 | 陈台贵 | ≤ | ￥27.89.6折 | ￥29 | 惠 | 【工作餐】招牌面加...,ocr/input_videos\上海__美罗城__20260825.mp4
OBS-000346,美罗城,肯德基,肯德基,西式快餐,3.9,30,L1,rated,True,,rated,parsed,rating_anchor,0.9782,0.9998,59,3384,58.112,🌟🌟🎉🌟⭐ | L1 | 3.9 | 西式快餐￥30/人,肯德基 | KFC | 原味鸡肉霸堡 | 新 | 🌟🌟🎉🌟⭐ | L1 | 3.9 | 西式快餐￥30/人 | 29.9/3件 | 上下腾量国话 | 我凯疗具鸡品究 | 新鲜炸鸡，鲜嫩多汁，耐心服务 | 5 | 5.1折 | ￥39.5 | 【汉堡可选】主食. | ￥19.9 | 惠,ocr/input_videos\上海__美罗城__20260825.mp4
OBS-000347,美罗城,全家便利店,全家便利店,超市便利,3.4,,L1,rated,True,,rated,parsed,rating_anchor,0.9979,0.9975,58,3384,58.112,L1 | ⭐🌟⭐ | 3.4超市便利 | ★⭐,全家便利店 | L1 | ⭐🌟⭐ | 3.4超市便利 | ★⭐ | 爱泰村·泰国船面,ocr/input_videos\上海__美罗城__20260825.mp4
OBS-000348,美罗城,美罗城停车场,美罗城停车场,停车场,3.1,30,B2,rated,True,,rated,parsed,rating_anchor,0.9864,0.9994,52,3432,58.936,B2 | ★★★★★ | 3.1停车场￥30/人,美罗城停车场 | B2 | ★★★★★ | 3.1停车场￥30/人 | 美罗城停车丝滑，价格实惠,ocr/input_videos\上海__美罗城__20260825.mp4
OBS-000349,美罗城,陳香貴·兰州牛肉面,陈香贵·兰州牛肉面,面馆,3.9,33,L3,rated,True,,rated,parsed,rating_anchor,0.9404,0.9412,57,3432,58.936,⭐🌟🌟3.9 | L3 | 面馆￥33/人,陳香貴·兰州牛肉面 | 招辟牛肉面 | 升级四重奏！ | ⭐🌟🌟3.9 | L3 | 面馆￥33/人 | 点评榜单 | 徐家汇商圈面馆回头客榜第4名 | 陳音食 | 面劲道，红枣茶好喝，服务好 | ￥27.89.6折 | ￥29 | 惠 | 【工作餐】招牌面加...,ocr/input_videos\上海__美罗城__20260825.mp4
OBS-000350,美罗城,肯德基,肯德基,西式快餐,3.9,30,L1,rated,True,,rated,parsed,rating_anchor,0.9753,0.9995,58,3432,58.936,⭐🌟⭐🌟3.9 | 西式快餐￥30/人 | L1,肯德基 | KFC | 原味鸡肉霸堡 | 新 | ⭐🌟⭐🌟3.9 | 西式快餐￥30/人 | L1 | 29.9/3件 | 上下编是道 | 时营 | 新鲜炸鸡，鲜嫩多汁，耐心服务 | 小 | ￥19.9 | ￥39.5 | 5.1折 | 【汉堡可选】主食.. | 惠,ocr/input_videos\上海__美罗城__20260825.mp4
OBS-000351,美罗城,全家便利店,全家便利店,超市便利,3.4,,L1,rated,True,,rated,parsed,rating_anchor,0.9592,0.9971,54,3432,58.936,⭐⭐3.4超市便利 | L1,全家便利店 | ⭐⭐3.4超市便利 | L1,ocr/input_videos\上海__美罗城__20260825.mp4
OBS-000352,美罗城,爱泰村·泰国船面,爱泰村·泰国船面,小吃快餐,,54,L3,new_store,False,new_store,ocr_missing,parsed,metadata_anchor,0.9577,0.9646,55,3432,58.936,新店 | L3 | 小吃快餐￥54/人,爱泰村·泰国船面 | 新店 | L3 | 小吃快餐￥54/人 | nusning | 爱泰村 | 点评榜单 | 上海小吃快餐销量榜第1名 | 海国老面 | 一心一碗泰味本真,ocr/input_videos\上海__美罗城__20260825.mp4
OBS-000353,美罗城,全家便利店,全家便利店,超市便利,3.4,,L1,rated,True,,rated,parsed,rating_anchor,0.9636,0.9966,56,3456,59.348,⭐⭐3.4超市便利 | L1,全家便利店 | SH | ⭐⭐3.4超市便利 | L1,ocr/input_videos\上海__美罗城__20260825.mp4
OBS-000354,美罗城,爱泰村·泰国船面,爱泰村·泰国船面,小吃快餐,,54,L3,new_store,False,new_store,ocr_missing,parsed,metadata_anchor,0.9594,0.9652,57,3456,59.348,新店 | L3 | 小吃快餐￥54/人,爱泰村·泰国船面 | 新店 | L3 | 小吃快餐￥54/人 | nusning | 爱泰村 | 点评榜单 | 上海小吃快餐销量榜第1名 | 国和面 | 一心一碗泰味本真 | ￥19.9 | ￥28 | 7.2折 | 【招牌小吃】泰式香. | 惠,ocr/input_videos\上海__美罗城__20260825.mp4
OBS-000355,美罗城,粉粉乐鲷鱼烧,粉粉乐鲷鱼烧,小吃快餐,3.8,17,B1,rated,True,,rated,parsed,rating_anchor,0.9671,0.9602,52,3456,59.348,B1 | 3.8小吃快餐￥17/人 | ★★★★★,粉粉乐鲷鱼烧 | 粉粉乐 | B1 | 3.8小吃快餐￥17/人 | ★★★★★ | COCORAKU TAIYAKI | 点评榜单 | 专门店 | 徐家汇商圈小吃快餐销量榜第7名 | 钢鱼 | 烧 | 红豆鲷鱼烧，口感绝佳 | “ | 粉粉牙秋季上新 | 7.7折 | ￥19.9 | 惠 | ￥26 | 【福利】招牌经典双... | ￥189折 | 惠 | ￥2020元代金券,ocr/input_videos\上海__美罗城__20260825.mp4
OBS-000356,美罗城,乐邦快修手机电脑维修回收,乐邦快修手机电脑维修回收,手机维修,4.3,204,L4,rated,True,,rated,parsed,rating_anchor,0.9789,0.9962,54,3456,59.348,手机维修￥204/人 | 🌟🌟🌟🌟🌟 | L4 | 4.3,乐邦快修手机电脑维修回收 | B | DIGITAL OUICKREPAIR | 手机维修￥204/人 | 🌟🌟🌟🌟🌟 | L4 | 4.3 | 电脑清灰季 | 59 | 元起 | 手机挂链美观种类全，联名款性价比高 | “ | 心放心 | ￥30￥35 | 【苹果/安卓手机检测】声音... | 惠,ocr/input_videos\上海__美罗城__20260825.mp4
OBS-000357,美罗城,全家便利店,全家便利店,超市便利,3.4,,L1,rated,True,,rated,parsed,rating_anchor,0.9466,0.9968,55,3516,60.379,⭐⭐3.4超市便利 | L1,全家便利店 | SAHe | ⭐⭐3.4超市便利 | L1,ocr/input_videos\上海__美罗城__20260825.mp4
OBS-000358,美罗城,爱泰村·泰国船面,爱泰村·泰国船面,小吃快餐,,54,L3,new_store,False,new_store,ocr_missing,parsed,metadata_anchor,0.9448,0.9379,51,3516,60.379,新店 | 小吃快餐￥54/人 | L3,爱泰村·泰国船面 | 新店 | 小吃快餐￥54/人 | L3 | nusning | 爱泰村 | 点评榜单 | 上海小吃快餐销量榜第1名 | 烟和面 | 一心一碗泰味本真 | ￥19.97.2折 | ￥28 | 【招牌小吃】泰式香. | 惠,ocr/input_videos\上海__美罗城__20260825.mp4
OBS-000359,美罗城,粉粉乐鲷鱼烧,粉粉乐鲷鱼烧,小吃快餐,3.8,17,B1,rated,True,,rated,parsed,rating_anchor,0.9764,0.9883,53,3516,60.379,B1 | ★★★★★ | 3.8小吃快餐￥17/人,粉粉乐鲷鱼烧 | 粉粉乐 | B1 | ★★★★★ | 3.8小吃快餐￥17/人 | COCORAKU TAIYAKI | 点评榜单 | 专门店 | 徐家汇商圈小吃快餐销量榜第7名 | 钢鱼 | 烧 | 红豆鲷鱼烧，口感绝佳 | “ | 粉粉牙秋季上新 | ￥19.9 | 7.7折 | 惠 | 【福利】招牌经典双... | ￥26 | ￥189折 | 惠 | ￥2020元代金券,ocr/input_videos\上海__美罗城__20260825.mp4
OBS-000360,美罗城,乐邦快修手机电脑维修回收,乐邦快修手机电脑维修回收,手机维修,4.3,204,L4,rated,True,,rated,parsed,rating_anchor,0.9824,0.9946,54,3516,60.379,🌟🌟🌟🌟🌟 | L4 | 4.3手机维修￥204/人,乐邦快修手机电脑维修回收 | B | DIGITAL OUICKREPAIR | 🌟🌟🌟🌟🌟 | L4 | 4.3手机维修￥204/人 | 电脑清灰季 | 59 | 元起 | 手机挂链美观种类全，联名款性价比高 | “ | 心的心 | ￥30￥35 | 【苹果/安卓手机检测】声音.. | 惠,ocr/input_videos\上海__美罗城__20260825.mp4
OBS-000361,美罗城,乐邦快修手机电脑维修回收,乐邦快修手机电脑维修回收,手机维修,4.3,204,L4,rated,True,,rated,parsed,rating_anchor,0.9833,0.9973,51,3552,60.997,⭐★🌟⭐🌟 | L4 | 4.3手机维修￥204/人,乐邦快修手机电脑维修回收 | B | DIGITAL OUICKREPAIR | ⭐★🌟⭐🌟 | L4 | 4.3手机维修￥204/人 | 电脑清灰季 | 59 | 元起 | 手机挂链美观种类全，联名款性价比高 | “ | 心9心心 | ￥30￥35 | 【苹果/安卓手机检测】声音.. | 惠,ocr/input_videos\上海__美罗城__20260825.mp4
OBS-000362,美罗城,胜博殿,胜博殿,日式简餐/..,3.6,101,B1,rated,True,,rated,parsed,rating_anchor,0.9353,0.9987,58,3552,60.997,★★★★★ | 3.6日式简餐/.. | ￥101/人B1,胜博殿 | ★★★★★ | 3.6日式简餐/.. | ￥101/人B1 | 点评榜单 | 徐家汇商圈日式简餐/快餐打卡人气榜.. | 11:00营业 | ￥126 | 8.4折 | ￥150伊比利亚里脊配炸... | 惠,ocr/input_videos\上海__美罗城__20260825.mp4
OBS-000363,美罗城,必胜汉堡,必胜汉堡,西式快餐,,33,L2,new_store,False,new_store,ocr_missing,parsed,metadata_anchor,0.9859,0.9994,56,3552,60.997,新店 | L2 | 西式快餐￥33/人,必胜汉堡 | 庆全国类破 | 新店 | L2 | 西式快餐￥33/人 | 送 | 点评镑单 | 徐家汇商圈小吃快餐新店榜第9名 | 明星 | 买1送1 | 没台 | ￥356.1折 | ￥58明星汉堡买1送1 | 惠,ocr/input_videos\上海__美罗城__20260825.mp4
OBS-000364,美罗城,Riotlily艾特里里,Riotlily艾特里里,配饰,3.5,776,L1,rated,True,,rated,parsed,rating_anchor,0.9818,0.998,52,3552,60.997,3.5配饰￥776/人 | L1,Riotlily艾特里里 | 3.5配饰￥776/人 | L1 | Liotlily | 实物比图片精致，珍珠光泽感美 | C,ocr/input_videos\上海__美罗城__20260825.mp4
OBS-000365,美罗城,煲仔皇腊味煲仔饭,煲仔皇腊味煲仔饭,快餐简餐,3.9,43,L2,rated,True,,rated,parsed,rating_anchor,0.985,0.9997,51,3552,60.997,🌟🌟🌟🌟 | L2 | 3.9 | 快餐简餐￥43/人,煲仔皇腊味煲仔饭 | 赁仔血 | Paural base | 暑期快乐吃煲 | 🌟🌟🌟🌟 | L2 | 3.9 | 快餐简餐￥43/人 | 点评榜单 | 徐家汇商圈小吃快餐销量榜第10名 | 现煮现做的美食，拒绝预制 | 320委萨滑鸡堡+可 | 東 | 0折,ocr/input_videos\上海__美罗城__20260825.mp4
OBS-000366,美罗城,Riotlily艾特里里,Riotlily艾特里里,配饰,3.5,776,L1,rated,True,,rated,parsed,rating_anchor,0.9773,0.9889,51,3648,62.645,🌟🌟🌟★★ | 3.5配饰￥776/人 | L1,Riotlily艾特里里 | 🌟🌟🌟★★ | 3.5配饰￥776/人 | L1 | Liotlily | 实物比图片精致，珍珠光泽感美 | “ | 3,ocr/input_videos\上海__美罗城__20260825.mp4
OBS-000367,美罗城,煲仔皇腊味煲仔饭,煲仔皇腊味煲仔饭,快餐简餐,3.9,43,L2,rated,True,,rated,parsed,rating_anchor,0.9839,0.9992,48,3648,62.645,L2 | ★★★★★ | 3.9 | 快餐简餐￥43/人,煲仔皇腊味煲仔饭 | 赁仔皇 | raieal Marg | 暑期快乐吃煲 | L2 | ★★★★★ | 3.9 | 快餐简餐￥43/人 | 点评榜单 | 徐家汇商圈小吃快餐销量榜第10名 | 现煮现做的美食，拒绝预制 | G | ￥31.59.6折 | ￥32.9 | 惠 | 香菇滑鸡煲+可口... | ￥47 | 惠 | 9.4折 | ￥5050元代金券,ocr/input_videos\上海__美罗城__20260825.mp4
OBS-000368,美罗城,PepperLunch胡椒厨房,PepperLunch胡椒厨房,日式简餐/快餐,3.7,64,B1,rated,True,,rated,parsed,rating_anchor,0.9727,0.9829,58,3648,62.645,🌟🌟🌟🌟🌟 | 日式简餐/快餐￥64/人 | 3.7 | B1,PepperLunch胡椒厨房 | 新品上新 | 🌟🌟🌟🌟🌟 | 日式简餐/快餐￥64/人 | 3.7 | B1 | 点评榜单 | 徐汇区日式简餐/快餐热门榜第1名 | 好脏！好好吃！ | 巨香牛排，人气口碑双保障 | ≤ | ￥797.3折 | ￥109 | 【进店必点】79元吃... | 惠,ocr/input_videos\上海__美罗城__20260825.mp4
OBS-000369,美罗城,casio,casio,钟表,4.9,914,B1,rated,True,,rated,parsed,rating_anchor,0.954,0.9979,51,3648,62.645,4.9钟表￥914/人 | B1,casio | G-BHOCK | 4.9钟表￥914/人 | B1 | 点评榜单 | 徐家汇商圈钟表好评榜第1名 | 卡西欧质量好，更换电池超方便,ocr/input_videos\上海__美罗城__20260825.mp4
OBS-000370,美罗城,西树泡芙,西树泡芙,甜品,3.9,23,B1,rated,True,,rated,parsed,rating_anchor,0.9683,0.998,56,3648,62.645,🌟🌟🌟🌟⭐ | B1 | 3.9 | 甜品￥23/人,西树泡芙 | are | 心动脆巧泡芙 | 🌟🌟🌟🌟⭐ | B1 | 3.9 | 甜品￥23/人 | 点评榜单 | 徐家汇商圈甜品销量榜第5名 | 新鲜出炉的泡芙，口感绵密 | 5 | ￥25.99.3折 | 惠 | ￥28 | 【每口都脆】焦糖小.,ocr/input_videos\上海__美罗城__20260825.mp4
OBS-000371,美罗城,Riotlily艾特里里,Riotlily艾特里里,配饰,3.5,776,L1,rated,True,,rated,parsed,rating_anchor,0.9657,0.9592,53,3660,62.851,L1 | 🌟🌟🌟🌟🌟 | 3.5配饰￥776/人,Riotlily艾特里里 | L1 | 🌟🌟🌟🌟🌟 | 3.5配饰￥776/人 | Liotlily | 实物比图片精致，珍珠光泽感美”,ocr/input_videos\上海__美罗城__20260825.mp4
OBS-000372,美罗城,煲仔皇腊味煲仔饭,煲仔皇腊味煲仔饭,快餐简餐,3.9,43,L2,rated,True,,rated,parsed,rating_anchor,0.9857,0.9992,51,3660,62.851,L2 | ★★★★★ | 快餐简餐￥43/人 | 3.9,煲仔皇腊味煲仔饭 | 赁仔皇 | Faihal Mang | 暑期快乐吃 | L2 | ★★★★★ | 快餐简餐￥43/人 | 3.9 | 点评榜单 | 徐家汇商圈小吃快餐销量榜第10名 | 现煮现做的美食，拒绝预制 | ￥31.59.6折 | ￥32.9 | 惠 | 香菇滑鸡煲+可口... | ￥47 | 惠 | 9.4折 | ￥5050元代金券,ocr/input_videos\上海__美罗城__20260825.mp4
OBS-000373,美罗城,PepperLunch胡椒厨房,PepperLunch胡椒厨房,日式简餐/快餐,3.7,64,B1,rated,True,,rated,parsed,rating_anchor,0.9672,0.9722,55,3660,62.851,🌟🌟🌟🌟🌟 | 日式简餐/快餐￥64/人 | 3.7 | B1,PepperLunch胡椒厨房 | 新品上新 | 🌟🌟🌟🌟🌟 | 日式简餐/快餐￥64/人 | 3.7 | B1 | 点评榜单 | 徐汇区日式简餐/快餐热门榜第1名 | 好脏！好好吃！ | 巨香牛排，人气口碑双保障 | ≤ | 9 | ￥797.3折 | ￥109 | 【进店必点】79元吃.. | 惠,ocr/input_videos\上海__美罗城__20260825.mp4
OBS-000374,美罗城,casio,casio,钟表,4.9,914,B1,rated,True,,rated,parsed,rating_anchor,0.9467,0.9978,52,3660,62.851,B1 | ★4.9钟表￥914/人,casio | G-BHOCK | B1 | ★4.9钟表￥914/人 | 点评榜单 | 徐家汇商圈钟表好评榜第1名 | 卡西欧质量好，更换电池超方便,ocr/input_videos\上海__美罗城__20260825.mp4
OBS-000375,美罗城,西树泡芙,西树泡芙,甜品,3.9,23,B1,rated,True,,rated,parsed,rating_anchor,0.9827,0.998,56,3660,62.851,🌟🌟🎉🌟🌟 | 3.9甜品￥23/人 | B1,西树泡芙 | oxte | R | 心动脆巧泡芙 | 🌟🌟🎉🌟🌟 | 3.9甜品￥23/人 | B1 | 点评榜单 | 徐家汇商圈甜品销量榜第5名 | 新鲜出炉的泡芙，口感绵密 | ￥25.99.3折 | 惠 | ￥28 | 【每口都脆】焦糖小..,ocr/input_videos\上海__美罗城__20260825.mp4
OBS-000376,美罗城,西树泡芙,西树泡芙,甜品,3.9,23,B1,rated,True,,rated,parsed,rating_anchor,0.971,0.9972,56,3720,63.882,🌟🌟🌟🌟🌟 | 甜品￥23/人 | B1 | 3.9,西树泡芙 | ase | 欢性的 | 心动脆巧泡芙 | 🌟🌟🌟🌟🌟 | 甜品￥23/人 | B1 | 3.9 | 点评榜单 | 徐家汇商圈甜品销量榜第5名 | 新鲜出炉的泡芙，口感绵密 | 35 | ￥28 | ￥25.9 | 9.3折 | 【每口都脆】焦糖小.. | 惠,ocr/input_videos\上海__美罗城__20260825.mp4
OBS-000377,美罗城,遇见小面,遇见小面,面馆,3.9,29,L4,rated,True,,rated,parsed,rating_anchor,0.9707,0.9917,56,3720,63.882,🌟🌟🌟🌟🌟 | 面馆￥29/人 | L4 | 3.9,遇见小面 | 🌟🌟🌟🌟🌟 | 面馆￥29/人 | L4 | 3.9 | 点评榜单 | 徐家汇商圈面馆销量榜第6名 | 遇见小面 | “搭配酸菜开胃下饭” | XIAO NOODLES | ￥25.97.2折 | ￥36.3 | 【招牌热销】红碗.. | 惠,ocr/input_videos\上海__美罗城__20260825.mp4
OBS-000378,美罗城,breo倍輕鬆,breo倍轻松,智能家居,3.8,1359,L3,rated,True,,rated,parsed,rating_anchor,0.974,0.9741,54,3720,63.882,★★★🌟★ | L3 | 智能家居￥1359/人 | 3.8,breo倍輕鬆 | breo世 | ★★★🌟★ | L3 | 智能家居￥1359/人 | 3.8 | 产品做工精细，体验舒适有科技感,ocr/input_videos\上海__美罗城__20260825.mp4
OBS-000379,美罗城,朴下隆九,朴下隆九,面包蛋糕,3.9,35,B1,rated,True,,rated,parsed,rating_anchor,0.9799,0.9995,55,3720,63.882,🌟🌟🌟🌟🌟 | B1 | 面包蛋糕￥35/人 | 3.9,朴下隆九 | 朴下隆九 | 🌟🌟🌟🌟🌟 | B1 | 面包蛋糕￥35/人 | 3.9 | 点评榜单 | 徐家汇商圈面包蛋糕热门榜第7名 | 推荐购买优惠券，让你物超所值 | ￥15.9 | 9.4折 | ￥14.9 | 惠 | 【脆甜焦香】脏脏.. | ￥469.2折 | ￥5050元代金券 | 惠,ocr/input_videos\上海__美罗城__20260825.mp4
OBS-000380,美罗城,casio,casio,钟表,4.9,914,B1,rated,True,,rated,parsed,rating_anchor,0.9389,0.9981,49,3744,64.294,🌟🌟⭐🌈4.9 | B1 | 钟表￥914/人,casio | G-BHOCN | 🌟🌟⭐🌈4.9 | B1 | 钟表￥914/人 | 点评榜单 | 徐家汇商圈钟表好评榜第1名 | 卡西欧质量好，更换电池超方便 | ≤,ocr/input_videos\上海__美罗城__20260825.mp4
OBS-000381,美罗城,西树泡芙,西树泡芙,甜品,3.9,23,B1,rated,True,,rated,parsed,rating_anchor,0.9723,0.9982,56,3744,64.294,B1 | 🌟🌟⭐🌟🌟 | 甜品￥23/人 | 3.9,西树泡芙 | are | 心动脆巧泡芙 | B1 | 🌟🌟⭐🌟🌟 | 甜品￥23/人 | 3.9 | 点评榜单 | 徐家汇商圈甜品销量榜第5名 | 新鲜出炉的泡芙，口感绵密 | ￥25.9 | 惠 | 9.3折 | 【每口都脆】焦糖小... | ￥28,ocr/input_videos\上海__美罗城__20260825.mp4
OBS-000382,美罗城,遇见小面,遇见小面,面馆,3.9,29,L4,rated,True,,rated,parsed,rating_anchor,0.9663,0.9898,56,3744,64.294,★★★★★ | L4 | 面馆￥29/人 | 3.9,遇见小面 | ★★★★★ | L4 | 面馆￥29/人 | 3.9 | 点评榜单 | 徐家汇商圈面馆销量榜第6名 | 遇见小面 | “搭配酸菜开胃下饭 | J | XIAO NOODLES | ￥36.3 | ￥25.9 | 7.2折 | 【招牌热销】红碗.. | 惠,ocr/input_videos\上海__美罗城__20260825.mp4
OBS-000383,美罗城,breo倍輕鬆,breo倍轻松,智能家居,3.8,1359,L3,rated,True,,rated,parsed,rating_anchor,0.9613,0.943,55,3744,64.294,🌟🌟🌟💥🌟 | L3 | 智能家居￥1359/人 | 3.8,breo倍輕鬆 | breo8 | 🌟🌟🌟💥🌟 | L3 | 智能家居￥1359/人 | 3.8 | 产品做工精细，体验舒适有科技感”,ocr/input_videos\上海__美罗城__20260825.mp4
OBS-000384,美罗城,朴下隆九,朴下隆九,面包蛋糕,3.9,35,B1,rated,True,,rated,parsed,rating_anchor,0.9791,0.9999,53,3744,64.294,🌟🌟🌟🌟🌟 | B1 | 面包蛋糕￥35/人 | 3.9,朴下隆九 | 朴下隆九 | 🌟🌟🌟🌟🌟 | B1 | 面包蛋糕￥35/人 | 3.9 | 点评榜单 | 徐家汇商圈面包蛋糕热门榜第7名 | 推荐购买优惠券，让你物超所值 | 55 | ￥14.9 | 9.4折 | ￥15.9 | 【脆甜焦香】脏脏... | 惠 | 惠 | ￥46 | 9.2折 | ￥50 | 50元代金券,ocr/input_videos\上海__美罗城__20260825.mp4
OBS-000385,美罗城,朴下隆九,朴下隆九,面包蛋糕,3.9,35,B1,rated,True,,rated,parsed,rating_anchor,0.9716,0.9998,56,3792,65.118,🌟🌟★🌟🌟 | B1 | 面包蛋糕￥35/人 | 3.9,朴下隆九 | 朴下隆九 | 🌟🌟★🌟🌟 | B1 | 面包蛋糕￥35/人 | 3.9 | 点评榜单 | 徐家汇商圈面包蛋糕热门榜第7名 | 推荐购买优惠券，让你物超所值” | ￥14.99.4折 | ￥15.9 | 惠 | 【脆甜焦香】脏脏.. | ￥469.2折 | 惠 | ￥5050元代金券,ocr/input_videos\上海__美罗城__20260825.mp4
OBS-000386,美罗城,三两粉,三两粉,快餐简餐,3.8,31,L4,rated,True,,rated,parsed,rating_anchor,0.9566,0.997,66,3792,65.118,3.8快餐简餐￥31/人 | L4,三两粉 | 七粉 | 3.8快餐简餐￥31/人 | L4 | 点评榜单 | 徐家汇商圈小吃快餐回头客榜第3名 | 米粉地道正宗，臭豆腐口感十 | 5 | ￥3.3 | 5.5折 | 【长沙特色】长沙臭.. | 惠 | ￥6 | ￥25 | 8.4折 | ￥3030元代金券 | 惠,ocr/input_videos\上海__美罗城__20260825.mp4
OBS-000387,美罗城,宝可梦快闪店,宝可梦快闪店,玩具,4.2,120,L2,rated,True,,rated,parsed,rating_anchor,0.9848,0.9991,52,3792,65.118,L2 | 🌟🌟🌟🌟 | 4.2玩具￥120/人,宝可梦快闪店 | L2 | 🌟🌟🌟🌟 | 4.2玩具￥120/人 | 点评榜单 | 徐汇区亲子购物热门榜第2名,ocr/input_videos\上海__美罗城__20260825.mp4
OBS-000388,美罗城,福和面馆·始于2009,福和面馆·始于2009,面馆,3.9,30,L3,rated,True,,rated,parsed,rating_anchor,0.9532,0.9812,53,3792,65.118,3.9面馆￥30/人 | L3,福和面馆·始于2009 | 3.9面馆￥30/人 | L3 | 点评榜单 | 徐家汇商圈面馆打卡人气榜第1名 | （侬好・夏) | 猪肝浇头，鲜香四溢，份量十 | J | ￥408.6折 | ￥47 | 【招牌】单人套餐 | 惠 | ￥47.59.5折 | 惠 | ￥5050元代金券,ocr/input_videos\上海__美罗城__20260825.mp4
OBS-000389,美罗城,朴下隆九,朴下隆九,面包蛋糕,3.9,35,B1,rated,True,,rated,parsed,rating_anchor,0.9769,0.9999,53,3828,65.736,B1 | 🌟🌟🌟🌟🌟 | 面包蛋糕￥35/人 | 3.9,朴下隆九 | 朴下隆九 | B1 | 🌟🌟🌟🌟🌟 | 面包蛋糕￥35/人 | 3.9 | 点评榜单 | 徐家汇商圈面包蛋糕热门榜第7名 | 推荐购买优惠券，让你物超所值 | ￥15.9 | 9.4折 | 惠 | ￥14.9 | 【脆甜焦香】脏脏.. | ￥469.2折 | ￥5050元代金券 | 惠,ocr/input_videos\上海__美罗城__20260825.mp4
OBS-000390,美罗城,三两粉,三两粉,快餐简餐,3.8,31,L4,rated,True,,rated,parsed,rating_anchor,0.987,0.9997,58,3828,65.736,3.8快餐简餐￥31/人 | 🌟🌟⭐🌟🌟 | L4,三两粉 | 七粉 | Doet. | 3.8快餐简餐￥31/人 | 🌟🌟⭐🌟🌟 | L4 | 点评榜单 | 徐家汇商圈小吃快餐回头客榜第3名 | 米粉地道正宗，臭豆腐口感十足 | 55 | C | 惠 | ￥3.3 | 5.5折 | 【长沙特色】老长沙臭. | ￥6 | ￥25 | 惠 | 8.4折 | ￥3030元代金券,ocr/input_videos\上海__美罗城__20260825.mp4
OBS-000391,美罗城,宝可梦快闪店,宝可梦快闪店,玩具,4.2,120,L2,rated,True,,rated,parsed,rating_anchor,0.9769,0.9998,52,3828,65.736,L2 | 🌟🌟⭐⭐ | 4.2 | 玩具￥120/人,宝可梦快闪店 | L2 | 🌟🌟⭐⭐ | 4.2 | 玩具￥120/人 | 点评榜单 | 徐汇区亲子购物热门榜第2名,ocr/input_videos\上海__美罗城__20260825.mp4
OBS-000392,美罗城,福和面馆·始于2009,福和面馆·始于2009,面馆,3.9,30,L3,rated,True,,rated,parsed,rating_anchor,0.9378,0.9435,53,3828,65.736,L3 | 🌟🌟🌟🌟🌟 | 面馆￥30/人 | 3.9,福和面馆·始于2009 | 烟 | L3 | 🌟🌟🌟🌟🌟 | 面馆￥30/人 | 3.9 | 点评榜单 | 徐家汇商圈面馆打卡人气榜第1名 | （侬好·夏天 | 猪肝浇头，鲜香四溢，份量十足 | 55 | ￥408.6折 | 惠 | ￥47 | 【招牌】单人套餐 | ￥5050元代金券 | ￥47.5 | 9.5折 | 惠,ocr/input_videos\上海__美罗城__20260825.mp4
OBS-000393,美罗城,歌志轩·名古屋拌面,歌志轩·名古屋拌面,面馆,3.8,58,B1,rated,True,,rated,parsed,rating_anchor,0.9534,0.966,53,3828,65.736,🌟🌟🎉🌟🌟 | B1 | 面馆￥58/人 | 3.8,10周年 | 歌志轩·名古屋拌面 | W-x | 歌志軒 | 名吉星 | 🌟🌟🎉🌟🌟 | B1 | 面馆￥58/人 | 3.8 | 与证察用 | [Tbabtee,ocr/input_videos\上海__美罗城__20260825.mp4
OBS-000394,美罗城,歌志轩·名古屋拌面,歌志轩·名古屋拌面,面馆,3.8,58,B1,rated,True,,rated,parsed,rating_anchor,0.9723,0.9751,55,3900,66.973,3.8面馆￥58/人 | B1 | ★★★★★,歌志轩·名古屋拌面 | 1尚年 | 歌志新 | 嘉吉星百 | 3.8面馆￥58/人 | B1 | ★★★★★ | 点评榜单 | 徐家汇商圈面馆打卡人气榜第5名 | 11:00营业 | ￥587.6折 | ￥76.8D40【招牌】 | 拌面一. | 惠 | ￥959.5折 | 惠 | ￥100100元代金券,ocr/input_videos\上海__美罗城__20260825.mp4
OBS-000395,美罗城,SHONEN JUMP SHOP,SHONENJUMPSHOP,杂货礼品,4.9,135,L1,rated,True,,rated,parsed,rating_anchor,0.9739,0.9765,44,3900,66.973,L1 | ★★★★★4.9 | 杂货礼品￥135/人,SHONEN JUMP SHOP | L1 | ★★★★★4.9 | 杂货礼品￥135/人 | 点评榜单 | 徐汇区杂货礼品热门榜第3名 | 位置好找，鬼灭无限城主题氛围浓厚 | ≤,ocr/input_videos\上海__美罗城__20260825.mp4
OBS-000396,美罗城,合点寿司,合点寿司,日式简餐/....,3.6,133,B1,rated,True,,rated,parsed,rating_anchor,0.9167,0.9998,57,3900,66.973,★★★★★ | ￥133/人B1 | 3.6 | 日式简餐/....,合点寿司 | 夏日限定 | ★★★★★ | ￥133/人B1 | 3.6 | 日式简餐/.... | 点评榜单 | 徐家汇商圈日式简餐/快餐热门榜第5名 | ￥1687.1折 | ￥237168元单人豪华套餐 | 惠,ocr/input_videos\上海__美罗城__20260825.mp4
OBS-000397,美罗城,巧国源记,巧国源记,甜品,4.3,74,L1,rated,True,,rated,parsed,rating_anchor,0.9677,0.9999,56,3900,66.973,🌟🌟🌟 | 甜品￥74/人 | L1 | 4.3 | ★,巧国源记 | 巧国源记 | 风巧克力 | 🌟🌟🌟 | 甜品￥74/人 | L1 | 4.3 | ★ | 点评榜单 | 徐家汇商圈甜品环境榜第10名 | ￥45.96.7折￥69龙井茶巧克力 | 惠,ocr/input_videos\上海__美罗城__20260825.mp4
OBS-000398,美罗城,福和面馆·始於2009,福和面馆·始于2009,面馆,3.9,30,L3,rated,True,,rated,parsed,rating_anchor,0.9398,0.9504,55,3936,67.591,面馆￥30/人 | ⭐🌟⭐🌟⭐3.9 | L3,福和面馆·始於2009 | R | 面馆￥30/人 | ⭐🌟⭐🌟⭐3.9 | L3 | 点评榜单 | 徐家汇商圈面馆打卡人气榜第1名 | （侬好·夏) | 猪肝浇头，鲜香四溢，份量十足 | ￥408.6折 | 惠 | ￥47 | 【招牌】单人套餐 | 惠 | ￥47.5 | 9.5折 | ￥5050元代金券,ocr/input_videos\上海__美罗城__20260825.mp4
OBS-000399,美罗城,歌志轩·名古屋拌面,歌志轩·名古屋拌面,面馆,3.8,58,B1,rated,True,,rated,parsed,rating_anchor,0.962,0.9776,54,3936,67.591,3.8面馆￥58/人 | B1,歌志轩·名古屋拌面 | 10周年 | -X | 歌志軒 | 名吉面 | 3.8面馆￥58/人 | B1 | 点评榜单 | 徐家汇商圈面馆打卡人气榜第5名 | 11:00营业 | ￥587.6折 | ￥76.8D40【招牌】拌面一 | 惠 | ￥959.5折 | 惠 | ￥100100元代金券,ocr/input_videos\上海__美罗城__20260825.mp4
OBS-000400,美罗城,SHONEN JUMP SHOP,SHONENJUMPSHOP,杂货礼品,4.9,135,L1,rated,True,,rated,parsed,rating_anchor,0.9778,0.9899,47,3936,67.591,⭐🌟⭐⭐🌟4.9 | L1 | 杂货礼品￥135/人,SHONEN JUMP SHOP | ⭐🌟⭐⭐🌟4.9 | L1 | 杂货礼品￥135/人 | 点评榜单 | 徐汇区杂货礼品热门榜第3名 | 位置好找，鬼灭无限城主题氛围浓厚,ocr/input_videos\上海__美罗城__20260825.mp4
OBS-000401,美罗城,合点寿司,合点寿司,日式简餐/....,3.6,133,B1,rated,True,,rated,parsed,rating_anchor,0.8955,0.9998,57,3936,67.591,🌟🌟🌟🌟🌟 | 日式简餐/.... | ￥133/人B1 | 3.6,合点寿司 | 夏日限定 | 🌟🌟🌟🌟🌟 | 日式简餐/.... | ￥133/人B1 | 3.6 | 点评榜单 | 徐家汇商圈日式简餐/快餐热门榜第5名 | ￥1687.1折 | 惠 | ￥237168元单人豪华套餐,ocr/input_videos\上海__美罗城__20260825.mp4
OBS-000402,美罗城,巧国源记,巧国源记,甜品,4.3,74,L1,rated,True,,rated,parsed,rating_anchor,0.9658,0.9999,56,3936,67.591,🌟🌟⭐ | L1 | 甜品￥74/人 | 4.3,巧国源记 | 巧国源记 | 国风巧克力 | 🌟🌟⭐ | L1 | 甜品￥74/人 | 4.3 | 点评榜单 | 徐家汇商圈甜品环境榜第10名,ocr/input_videos\上海__美罗城__20260825.mp4
OBS-000403,美罗城,合点寿司,合点寿司,日式简餐....,3.6,133,B1,rated,True,,rated,parsed,rating_anchor,0.9187,0.9998,56,3996,68.621,￥133/人B1 | 🌟🌟⭐🌟🌟 | 日式简餐.... | 3.6,合点寿司 | 夏限定 | ￥133/人B1 | 🌟🌟⭐🌟🌟 | 日式简餐.... | 3.6 | 点评榜单 | 徐家汇商圈日式简餐/快餐热门榜第5名 | 大竹英鱼 | ￥1687.1折 | ￥237168元单人豪华套餐 | 惠,ocr/input_videos\上海__美罗城__20260825.mp4
OBS-000404,美罗城,巧国源记,巧国源记,甜品,4.3,74,L1,rated,True,,rated,parsed,rating_anchor,0.963,0.9999,57,3996,68.621,🌟🌟🌟🌟 | L1 | 甜品￥74/人 | 4.3,巧国源记 | 巧国源记 | 国风巧克力 | 🌟🌟🌟🌟 | L1 | 甜品￥74/人 | 4.3 | 点评榜单 | 徐家汇商圈甜品环境榜第10名 | ￥45.9 | 6.7折 | ￥69龙井茶巧克力 | 惠 | ￥89 | 8.9折 | ￥100100元代金券 | 惠,ocr/input_videos\上海__美罗城__20260825.mp4
OBS-000405,美罗城,上剧场,上剧场,剧场/剧院,4.9,,L5,rated,True,,rated,parsed,rating_anchor,0.9897,0.9997,59,3996,68.621,4.9剧场/剧院 | L5,上剧场 | 上刷场 | 4.9剧场/剧院 | L5,ocr/input_videos\上海__美罗城__20260825.mp4
OBS-000406,美罗城,菲糖世家,菲糖世家,甜品,4.0,58,L3,rated,True,,rated,parsed,rating_anchor,0.9734,0.9988,53,3996,68.621,🌟🌟🌟🌟 | L3 | 甜品￥58/人 | 4.0,菲糖世家 | 控糖 | 🌟🌟🌟🌟 | L3 | 甜品￥58/人 | 4.0 | 蛋糕 | 点评榜单 | 徐家汇商圈甜品好评榜第10名 | ///白 | O蔗糖 O面粉 | ￥1159.8折 | 惠 | ￥118榛子蛋糕 | （4寸） | ￥989.8折 | 惠 | ￥100100元代金券,ocr/input_videos\上海__美罗城__20260825.mp4
OBS-000407,美罗城,泽田本家·铜锣烧,泽田本家·铜锣烧,面包蛋糕,4.4,24,L2,rated,True,,rated,parsed,rating_anchor,0.9626,0.9826,53,3996,68.621,L2 | 面包蛋糕￥24/人 | 🌟🌟🌟⭐ | 4.4 | ★,泽田本家·铜锣烧 | CN | 迪拜5克力开心果软关英 | L2 | 面包蛋糕￥24/人 | 🌟🌟🌟⭐ | 4.4 | ★ | 1 | 点评榜单 | 徐家汇商圈面包蛋糕甜品好评榜第3名 | 椰子脆黑摩卡，海盐芝士肉桂苹果 | 美开+心易儿心,ocr/input_videos\上海__美罗城__20260825.mp4
OBS-000408,美罗城,巧国源记,巧国源记,甜品,4.3,74,L1,rated,True,,rated,parsed,rating_anchor,0.9636,0.9999,57,4080,70.064,🌟🌟🌟 | 甜品￥74/人 | L1 | 4.3,巧国源记 | 巧国源记 | 国风巧克力 | 🌟🌟🌟 | 甜品￥74/人 | L1 | 4.3 | 点评榜单 | 徐家汇商圈甜品环境榜第10名 | ￥45.9 | 6.7折 | ￥69龙井茶巧克力 | 惠 | ￥89 | 惠 | 8.9折 | ￥100100元代金券,ocr/input_videos\上海__美罗城__20260825.mp4
OBS-000409,美罗城,上剧场,上剧场,剧场/剧院,4.9,,L5,rated,True,,rated,parsed,rating_anchor,0.9978,0.9998,58,4080,70.064,🌟🌟🎉🎉🎉4.9 | L5 | 剧场/剧院,上剧场 | 上刷场 | 🌟🌟🎉🎉🎉4.9 | L5 | 剧场/剧院,ocr/input_videos\上海__美罗城__20260825.mp4
OBS-000410,美罗城,菲糖世家,菲糖世家,甜品,4.0,58,L3,rated,True,,rated,parsed,rating_anchor,0.9755,0.9992,56,4080,70.064,4.0甜品￥58/人 | L3 | 🌟🌟🌟⭐,菲糖世家 | 控糖 | 4.0甜品￥58/人 | L3 | 🌟🌟🌟⭐ | 蛋糕 | 点评榜单 | 徐家汇商圈甜品好评榜第10名 | / | 0蔗糖 0面粉 | ￥118榛子蛋糕 | ￥1159.8折 | （4寸） | 惠 | ￥989.8折 | 惠 | ￥100100元代金券,ocr/input_videos\上海__美罗城__20260825.mp4
OBS-000411,美罗城,泽田本家·铜锣烧,泽田本家·铜锣烧,面包蛋糕,4.4,24,L2,rated,True,,rated,parsed,rating_anchor,0.9688,0.9833,54,4080,70.064,🌟🌟⭐⭐ | L2 | 面包蛋糕￥24/人 | 4.4,泽田本家·铜锣烧 | N | 迪拜5克力开心果软笑美 | 🌟🌟⭐⭐ | L2 | 面包蛋糕￥24/人 | 4.4 | 2cu1= | 点评榜单 | 徐家汇商圈面包蛋糕甜品好评榜第3名 | 椰子脆黑摩卡，海盐芝士肉桂苹果 | 医儿开心 | 8.7折 | ￥44.9 | ￥52 | 【招牌】3颗烧烧组.... | 惠,ocr/input_videos\上海__美罗城__20260825.mp4
OBS-000412,美罗城,菲糖世家,菲糖世家,甜品,4.0,58,L3,rated,True,,rated,parsed,rating_anchor,0.9713,0.9833,46,4116,70.682,⭐🌟⭐⭐ | 4.0甜品￥58/人 | L3 | ★,控糖 | 菲糖世家 | ⭐🌟⭐⭐ | 4.0甜品￥58/人 | L3 | 蛋糕 | ★ | 点评榜单 | 徐家汇商圈甜品好评榜第10名 | /汽白 | O蔗糖O面粉 | 惠￥1159.8折 | ￥118榛子蛋糕(4寸） | ￥989.8折 | 惠 | ￥100100元代金券,ocr/input_videos\上海__美罗城__20260825.mp4
OBS-000413,美罗城,泽田本家·铜锣烧,泽田本家·铜锣烧,面包蛋糕,4.4,24,L2,rated,True,,rated,parsed,rating_anchor,0.9481,0.9774,54,4116,70.682,L2 | ★★★★ | 面包蛋糕￥24/人 | 4.4 | ★,泽田本家·铜锣烧 | 迪拜5克力开心果软笑芙日 | 空 | L2 | ★★★★ | 面包蛋糕￥24/人 | 4.4 | ★ | ule | 点评榜单 | 徐家汇商圈面包蛋糕甜品好评榜第3名 | 椰子脆黑摩卡，海盐芝士肉桂苹果 | 开心开区心 | 8.7折 | ￥52 | ￥44.9 | 【招牌】3颗烧烧组... | 惠,ocr/input_videos\上海__美罗城__20260825.mp4
OBS-000414,美罗城,影元社,影元社,文印广告,3.9,,L6,rated,True,,rated,parsed,rating_anchor,0.9948,0.9998,58,4116,70.682,3.9文印广告 | L6,影元社 | 3.9文印广告 | L6 | 21204,ocr/input_videos\上海__美罗城__20260825.mp4
OBS-000415,美罗城,德罗心DELORSIM,德罗心DELORSIM,面包蛋糕,4.4,138,L4,rated,True,,rated,parsed,rating_anchor,0.9804,0.9936,51,4116,70.682,🌟🌟🌟🌟 | L4 | 面包蛋糕￥138/人 | 4.4,德罗心DELORSIM | 🌟🌟🌟🌟 | L4 | 面包蛋糕￥138/人 | 4.4 | 点评榜单 | 徐家汇商圈面包蛋糕口味榜第4名 | “精致蛋糕，味觉享受不断” | ￥48 | ￥19.9 | 4.2折 | 惠 | 【双层系列】水果多 | ￥459折 | ￥5050元代金券 | 惠,ocr/input_videos\上海__美罗城__20260825.mp4
OBS-000416,美罗城,HOTCRUSH趁热集合·现烤面包,HOTCRUSH趁热集合·现烤面包,面包蛋糕,3.9,39,L1,rated,True,,rated,parsed,rating_anchor,0.9674,0.9762,51,4116,70.682,⭐🌟⭐🌟🌟 | L1 | 面包蛋糕￥39/人 | 3.9,HOTCRUSH趁热集合·现烤面包 | ⭐🌟⭐🌟🌟 | L1 | 面包蛋糕￥39/人 | 3.9 | 点评榜单 | 徐家汇商圈面包蛋糕甜品回头客榜第1名 | “现煮麻薯乳茶，口感丝滑,ocr/input_videos\上海__美罗城__20260825.mp4
OBS-000417,美罗城,泽田本家·铜锣烧,泽田本家·铜锣烧,面包蛋糕,4.4,24,L2,rated,True,,rated,parsed,rating_anchor,0.9689,0.9852,53,4140,71.094,🌟🌟🌟⭐ | L2 | 面包蛋糕￥24/人 | 4.4,泽田本家·铜锣烧 | 迪拜5克力开心果软笑关日 | 🌟🌟🌟⭐ | L2 | 面包蛋糕￥24/人 | 知彩 | 4.4 | 艺 | 点评榜单 | 徐家汇商圈面包蛋糕甜品好评榜第3名 | 椰子脆黑摩卡，海盐芝士肉桂苹果 | 开心开区心 | 8.7折 | ￥52 | ￥44.9 | 【招牌】3颗烧烧组... | 惠,ocr/input_videos\上海__美罗城__20260825.mp4
OBS-000418,美罗城,影元社,影元社,文印广告,3.9,,L6,rated,True,,rated,parsed,rating_anchor,0.9934,0.9998,58,4140,71.094,3.9文印广告 | L6,影元社 | 3.9文印广告 | L6,ocr/input_videos\上海__美罗城__20260825.mp4
OBS-000419,美罗城,德罗心DELORSIM,德罗心DELORSIM,面包蛋糕,4.4,138,L4,rated,True,,rated,parsed,rating_anchor,0.9784,0.9808,48,4140,71.094,🌟🌟🌟⭐ | L4 | 4.4面包蛋糕￥138/人 | ★,德罗心DELORSIM | DeLorSim | 德罗心 | 🌟🌟🌟⭐ | L4 | 4.4面包蛋糕￥138/人 | ★ | 点评镑单 | 徐家汇商圈面包蛋糕口味榜第4名 | Poregramate | Sa50 | 籽籽真心 | 精致小蛋糕， | 味觉享受不断 | ￥19.9 | 惠 | 4.2折 | ￥48 | 【双层系列】水果多.. | ￥45 | 9折 | ￥5050元代金券 | 惠,ocr/input_videos\上海__美罗城__20260825.mp4
OBS-000420,美罗城,HOTCRUSH趁热集合·现烤面包,HOTCRUSH趁热集合·现烤面包,面包蛋糕,3.9,39,L1,rated,True,,rated,parsed,rating_anchor,0.9746,0.9892,50,4140,71.094,🌟🌟🌟🌟⭐ | L1 | 面包蛋糕￥39/人 | 3.9,HOT CRUSH | HOTCRUSH趁热集合·现烤面包 | 松弛 | 🌟🌟🌟🌟⭐ | L1 | 面包蛋糕￥39/人 | 3.9 | 点评榜单 | 徐家汇商圈面包蛋糕甜品回头客榜第1名 | “现煮麻薯乳茶，口感丝滑 | 力 | 「Ciabatta」 | ￥28.89.2折 | ￥31.6 | 惠 | 【招牌必点】趁热.. | ￥929.2折 | 惠 | ￥100100元代金券,ocr/input_videos\上海__美罗城__20260825.mp4
OBS-000421,美罗城,泽田本家·铜锣烧,泽田本家·铜锣烧,面包蛋糕,4.4,24,L2,rated,True,,rated,parsed,rating_anchor,0.9635,0.9847,51,4176,71.712,4.4面包蛋糕￥24/人 | L2 | ★★★★ | ★,泽田本家·铜锣烧 | 2 | 迪拜5克力开心果软关英 | 4.4面包蛋糕￥24/人 | L2 | ★★★★ | ★ | ufa | 点评榜单 | 徐家汇商圈面包蛋糕甜品好评榜第3名 | 椰子脆黑摩卡，海盐芝士肉桂苹果 | 8.7折 | ￥52 | ￥44.9 | 惠 | 【招牌】3颗烧烧组...,ocr/input_videos\上海__美罗城__20260825.mp4
OBS-000422,美罗城,影元社,影元社,文印广告,3.9,,L6,rated,True,,rated,parsed,rating_anchor,0.9955,0.9999,59,4176,71.712,3.9文印广告 | L6,影元社 | 3.9文印广告 | L6,ocr/input_videos\上海__美罗城__20260825.mp4
OBS-000423,美罗城,德罗心DELORSIM,德罗心DELORSIM,面包蛋糕,4.4,138,L4,rated,True,,rated,parsed,rating_anchor,0.9796,0.9929,55,4176,71.712,🌟🌟⭐🌟 | L4 | 面包蛋糕￥138/人 | 4.4,德罗心DELORSIM | Delorsim | 写心 | 🌟🌟⭐🌟 | L4 | 面包蛋糕￥138/人 | 4.4 | 点评榜单 | 徐家汇商圈面包蛋糕口味榜第4名 | 籽籽真心 | 精致小蛋糕，味觉享受不断” | ￥19.9 | 4.2折 | ￥48 | 惠 | 【双层系列】水果多. | ￥459折 | ￥5050元代金券 | 惠,ocr/input_videos\上海__美罗城__20260825.mp4
OBS-000424,美罗城,HOTCRUSH趁热集合·现烤面包,HOTCRUSH趁热集合·现烤面包,面包蛋糕,3.9,39,L1,rated,True,,rated,parsed,rating_anchor,0.9652,0.9822,51,4176,71.712,🌟🌟🌟🌟🌟 | L1 | 面包蛋糕￥39/人 | 3.9,HOT CRUSH | HOTCRUSH趁热集合·现烤面包 | 松弛i | 🌟🌟🌟🌟🌟 | L1 | 面包蛋糕￥39/人 | 3.9 | 点评榜单 | 徐家汇商圈面包蛋糕甜品回头客榜第1名 | 现煮米麻薯牛乳茶，口感丝滑 | 「Ciabatta」 | ￥31.6 | ￥28.89.2折 | 惠 | 【招牌必点】趁热. | ￥929.2折 | 惠 | ￥100100元代金券,ocr/input_videos\上海__美罗城__20260825.mp4
OBS-000425,美罗城,紫颖·专业美胸·连锁养护中心,紫颖·专业美胸·连锁养护中心,SPA美体,4.7,317,L6,rated,True,,rated,parsed,rating_anchor,0.9695,0.9906,50,4176,71.712,4.7SPA美体￥317/人 | L6,紫颖·专业美胸·连锁养护中心 | ELo 2epAie | 24周年 | 4.7SPA美体￥317/人 | L6 | 上海美胸美臀销量榜第1名 | 专注女性美购养护,ocr/input_videos\上海__美罗城__20260825.mp4
OBS-000426,美罗城,影元社,影元社,文印广告,3.9,,L6,rated,True,,rated,parsed,rating_anchor,0.9607,0.9999,62,4236,72.743,⭐3.9文印广告 | L6,影元社 | ⭐3.9文印广告 | L6,ocr/input_videos\上海__美罗城__20260825.mp4
OBS-000427,美罗城,德罗心DELORSIM,德罗心DELORSIM,面包蛋糕,4.4,138,L4,rated,True,,rated,parsed,rating_anchor,0.9841,0.9926,53,4236,72.743,🌟🌟⭐⭐ | 4.4面包蛋糕￥138/人 | L4 | ★,德罗心DELORSIM | DeLorsim | 德罗心 | 🌟🌟⭐⭐ | 4.4面包蛋糕￥138/人 | L4 | ★ | 点评榜单 | 徐家汇商圈面包蛋糕口味榜第4名 | 籽籽真心 | 精致小蛋糕，味觉享受不断” | 4.2折 | ￥48 | ￥19.9 | 惠 | 【双层系列】水果多. | ￥459折 | 惠 | ￥5050元代金券,ocr/input_videos\上海__美罗城__20260825.mp4
OBS-000428,美罗城,HOTCRUSH趁热集合·现烤面包,HOTCRUSH趁热集合·现烤面包,面包蛋糕,3.9,39,L1,rated,True,,rated,parsed,rating_anchor,0.9518,0.9578,50,4236,72.743,面包蛋糕￥39/人 | L1 | ★★★★★ | 3.9,HOT CRUSH | HOTCRUSH趁热集合·现烤面包 | 松弛il | 面包蛋糕￥39/人 | L1 | ★★★★★ | 3.9 | 点评榜单 | 徐家汇商圈面包蛋糕甜品回头客榜第1名 | 现煮米麻薯牛乳茶，口感丝滑 | 5 | 「Ciabatta」 | ￥28.89.2折 | ￥31.6 | 【招牌必点】趁热.. | 惠 | ￥929.2折 | 惠 | ￥100100元代金券,ocr/input_videos\上海__美罗城__20260825.mp4
OBS-000429,美罗城,紫颖·专业美胸·连锁养护中心,紫颖·专业美胸·连锁养护中心,SPA美体,4.7,317,L6,rated,True,,rated,parsed,rating_anchor,0.9737,0.9889,50,4236,72.743,L6 | 4.7SPA美体￥317/人,紫颖·专业美胸·连锁养护中心 | ZLoZiphie 8 | 24周年 | L6 | 4.7SPA美体￥317/人 | - | 上海美胸美臀销量榜第1名 | 专注女性美购养护 | 个房间，护理后肤干净很多” | “ | ￥398美胸|65分钟匠心.. | ￥1936.8折 | 惠,ocr/input_videos\上海__美罗城__20260825.mp4
OBS-000430,美罗城,紫颖·专业美胸·连锁养护中心,紫颖·专业美胸·连锁养护中心,SPA美体,4.7,317,L6,rated,True,,rated,parsed,rating_anchor,0.9798,0.9925,54,4272,73.361,🌟🌟🌟🌟 | L6 | 4.7SPA美体￥317/人,紫颖·专业美胸·连锁养护中心 | 2co Zephie | 24周年 | 🌟🌟🌟🌟 | L6 | 4.7SPA美体￥317/人 | 上海美胸美臀销量榜第1名 | 专注女性美胸养护 | 个房间，护理后肤干净很多” | “ | ￥1936.8折 | ￥398 | 惠 | 美胸165分钟匠心.,ocr/input_videos\上海__美罗城__20260825.mp4
OBS-000431,美罗城,有堂古·甘草水果·鲜榨果汁,有堂古·甘草水果·鲜榨果汁,水果店,4.3,28,L4,rated,True,,rated,parsed,rating_anchor,0.9749,0.9669,56,4272,73.361,🌟🌟🎉 | 4.3水果店￥28/人 | L4,有堂古·甘草水果·鲜榨果汁 | 有鉴吉 | 一湖汕阿娘 | 🌟🌟🎉 | 4.3水果店￥28/人 | L4 | 点评榜单 | 徐家汇商圈水果店热门榜第1名 | 水果口感新鲜，服务贴心到位” | 8.9折 | ￥22.8 | ￥25.8 | 惠 | 【潮汕水果】尝鲜.. | ￥0.52.5折 | 惠 | ￥22元代金券,ocr/input_videos\上海__美罗城__20260825.mp4
OBS-000432,美罗城,M'CAKE,M'CAKE,甜品,4.3,92,L1,rated,True,,rated,parsed,rating_anchor,0.9589,0.9775,52,4272,73.361,🌟🌟⭐⭐ | L1 | 甜品￥92/人 | 4.3,MCAKE | M'CAKE | 茶歇小蛋糕上新 | 🌟🌟⭐⭐ | L1 | 甜品￥92/人 | 4.3 | ECHEUSE THE | 点评榜单 | 徐家汇商圈甜品回头客榜第6名 | ￥1299.4折 | ￥138招牌拿破仑3选1(4... | 惠 | ￥959.5折 | 惠 | ￥100100元代金券,ocr/input_videos\上海__美罗城__20260825.mp4
OBS-000433,美罗城,爱回收,爱回收,奢侈品回收,3.3,,L2,rated,True,,rated,parsed,rating_anchor,0.9993,0.9992,61,4272,73.361,L2 | 奢侈品回收 | 🌟🌟⭐ | ★★ | 3.3,爱回收 | ? | L2 | 奢侈品回收 | 🌟🌟⭐ | ★★ | 3.3 | 奢侈品回收，价格合理 | ≤ | 爱回收,ocr/input_videos\上海__美罗城__20260825.mp4
OBS-000434,美罗城,紫颖·专业美胸·连锁养护中心,紫颖·专业美胸·连锁养护中心,SPA美体,4.7,317,L6,rated,True,,rated,parsed,rating_anchor,0.9791,0.9881,50,4308,73.979,🌟🌟⭐⭐🌟 | L6 | 4.7SPA美体￥317/人,紫颖·专业美胸·连锁养护中心 | Zco Zephire | 24周年 | 🌟🌟⭐⭐🌟 | L6 | 4.7SPA美体￥317/人 | 上海美胸美臀销量榜第1名 | 专注女性美购养护 | 个房间，护理后肤于净很多” | “ | 惠 | ￥1936.8折 | ￥398 | 美胸|65分钟匠心...,ocr/input_videos\上海__美罗城__20260825.mp4
OBS-000435,美罗城,有堂古·甘草水果·鲜榨果汁,有堂古·甘草水果·鲜榨果汁,水果店,4.3,28,L4,rated,True,,rated,parsed,rating_anchor,0.9603,0.9543,51,4308,73.979,L4 | 🌟🌟🌟🌟 | 水果店￥28/人 | 4.3 | 2,有堂古·甘草水果·鲜榨果汁 | 有型古 | 一湖汕阿媛 | L4 | 🌟🌟🌟🌟 | 水果店￥28/人 | 4.3 | 2 | 点评榜单 | 徐家汇商圈水果店热门榜第1名 | 水果口感新鲜，服务贴心到位 | ￥22.8 | 8.9折 | ￥25.8 | 惠 | 【潮汕水果】尝鲜.. | ￥0.5 | 2.5折 | 惠 | ￥22元代金券,ocr/input_videos\上海__美罗城__20260825.mp4
OBS-000436,美罗城,M'CAKE,M'CAKE,甜品,4.3,92,L1,rated,True,,rated,parsed,rating_anchor,0.958,0.9838,51,4308,73.979,L1 | 甜品￥92/人 | 🌟🌟🌟⭐ | 4.3 | X,M'CAKE | MCAKE | 茶歇小蛋糕上新 | L1 | 甜品￥92/人 | 🌟🌟🌟⭐ | 4.3 | PTTTCATFAEPTHE | X | 点评榜单 | 徐家汇商圈甜品回头客榜第6名 | ￥1299.4折 | ￥138招牌拿破仑3选1(4... | 惠 | ￥959.5折 | 惠 | ￥100100元代金券,ocr/input_videos\上海__美罗城__20260825.mp4
OBS-000437,美罗城,爱回收,爱回收,奢侈品回收,3.3,,L2,rated,True,,rated,parsed,rating_anchor,0.9991,0.9985,59,4308,73.979,★★3.3 | ⭐🌟⭐ | L2 | 奢侈品回收,爱回收 | ? | ★★3.3 | ⭐🌟⭐ | L2 | 奢侈品回收 | 奢侈品回收，价格合理 | ““ | 爱回收,ocr/input_videos\上海__美罗城__20260825.mp4
OBS-000438,美罗城,吉野家,吉野家,日式简餐/快餐,3.6,32,B1,rated,True,,rated,parsed,rating_anchor,0.9843,0.9995,58,4308,73.979,🌟🎉🌟⭐ | B1 | 3.6 | 日式简餐/快餐￥32/人,吉野家 | 吉野家 | 🌟🎉🌟⭐ | B1 | 3.6 | 日式简餐/快餐￥32/人,ocr/input_videos\上海__美罗城__20260825.mp4
OBS-000439,美罗城,M'CAKE,M'CAKE,甜品,4.3,92,L1,rated,True,,rated,parsed,rating_anchor,0.9638,0.9762,53,4380,75.216,🌟🌟🌟🌟 | 4.3甜品￥92/人 | L1 | ★,M'CAKE | MCAKE | 茶歇小蛋糕上新 | 🌟🌟🌟🌟 | 4.3甜品￥92/人 | L1 | ETCETE | ★ | 点评榜单 | 徐家汇商圈甜品回头客榜第6名 | ￥138招牌拿破仑3选1(4... | 惠￥1299.4折 | ￥959.5折 | ￥100100元代金券 | 惠,ocr/input_videos\上海__美罗城__20260825.mp4
OBS-000440,美罗城,爱回收,爱回收,奢侈品回收,3.3,,L2,rated,True,,rated,parsed,rating_anchor,0.9157,0.9997,66,4380,75.216,★★★★3.3 奢侈品回收 | L2,爱回收 | ★★★★3.3 奢侈品回收 | L2 | 奢侈品回收，价格合理 | 爱回收,ocr/input_videos\上海__美罗城__20260825.mp4
OBS-000441,美罗城,吉野家,吉野家,式简餐/快餐,3.6,,B1,rated,True,,rated,parsed,rating_anchor,0.9906,0.9993,63,4380,75.216,🌟🌟 | 3.6式简餐/快餐￥32/ | B1,吉野家 | 吉野家 | 🌟🌟 | 3.6式简餐/快餐￥32/ | B1 | 点评榜单 | 徐家汇商圈日式简餐/快餐回头客榜第2名 | YOSHINOYA | 茄香肉沫，拌饭神器” | ￥28.98.1折 | ￥36招牌照烧鸡排饭（中... | 惠,ocr/input_videos\上海__美罗城__20260825.mp4
OBS-000442,美罗城,美珍香,美珍香,零食,3.9,100,L2,rated,True,,rated,parsed,rating_anchor,0.9366,0.9996,62,4380,75.216,3.9零食￥100/人 | L2,美珍香 | 3.9零食￥100/人 | L2 | 美罗2F好找，必尝美味肉脯 | ￥42 | ￥35.7 | 8.5折 | 【经典老味道】金钱.. | 惠 | ￥838.3折 | ￥100 | 【直播间减9】100. | 惠,ocr/input_videos\上海__美罗城__20260825.mp4
OBS-000443,美罗城,爱回收,爱回收,奢侈品回收,3.3,,L2,rated,True,,rated,parsed,rating_anchor,0.9993,0.9992,62,4428,76.04,⭐🌟⭐⭐3.3 | 奢侈品回收 | L2,爱回收 | ⭐🌟⭐⭐3.3 | 奢侈品回收 | L2 | 奢侈品回收，价格合理 | 小 | 爱回收,ocr/input_videos\上海__美罗城__20260825.mp4
OBS-000444,美罗城,吉野家,吉野家,日式简餐/快餐,3.6,32,B1,rated,True,,rated,parsed,rating_anchor,0.9789,0.9993,59,4428,76.04,🌟🌟🌟🌟🌟 | 日式简餐/快餐￥32/人 | 3.6 | B1,吉野家 | 吉野家 | 🌟🌟🌟🌟🌟 | 日式简餐/快餐￥32/人 | 3.6 | B1 | 点评榜单 | YOSHINOYA | 徐家汇商圈日式简餐/快餐回头客榜第2名 | “茄香肉沫，拌饭神器” | ￥28.9 | ￥36招牌照烧鸡排饭（中... | 8.1折 | 惠,ocr/input_videos\上海__美罗城__20260825.mp4
OBS-000445,美罗城,美珍香,美珍香,零食,3.9,100,L2,rated,True,,rated,parsed,rating_anchor,0.9849,0.9999,65,4428,76.04,⭐🌟🌟🌟🌟 | L2 | 3.9零食￥100/人,美珍香 | 美珍香 | ⭐🌟🌟🌟🌟 | L2 | 3.9零食￥100/人 | BEE CHENG HIANG | 美罗2F好找，必尝美味牛肉脯” | 【经典老味道】金钱... | 8.5折 | ￥35.7 | ￥42 | 惠 | ￥100 | ￥83 | 惠 | 【直播间立减9】100.. | 8.3折,ocr/input_videos\上海__美罗城__20260825.mp4
OBS-000446,美罗城,LEGO乐高,LEGO乐高,玩具,3.5,,L2,rated,True,,rated,parsed,rating_anchor,0.998,0.9995,53,4428,76.04,L2 | 3.5玩具 | 🌟🌟🌟🌟🌟,LEGO乐高 | 1EB0 | L2 | 3.5玩具 | 🌟🌟🌟🌟🌟 | 乐高玩具齐全，艺术性高 | 和府捞面,ocr/input_videos\上海__美罗城__20260825.mp4
OBS-000447,美罗城,爱回收,爱回收,奢侈品回收,3.3,,L2,rated,True,,rated,parsed,rating_anchor,0.9976,0.9996,63,4452,76.452,🌟🌟 | 🌟🌟 | L2 | 3.3奢侈品回收,爱回收 | 🌟🌟 | 🌟🌟 | L2 | 3.3奢侈品回收 | 奢侈品回收，价格合理 | 爱回收,ocr/input_videos\上海__美罗城__20260825.mp4
OBS-000448,美罗城,吉野家,吉野家,日式简餐/快餐,3.6,32,B1,rated,True,,rated,parsed,rating_anchor,0.9803,0.9991,58,4452,76.452,🌟🌟🌟🌟🌟 | B1 | 3.6 | 日式简餐/快餐￥32/人,吉野家 | 吉野家 | 🌟🌟🌟🌟🌟 | B1 | 3.6 | 日式简餐/快餐￥32/人 | 点评榜单 | 徐家汇商圈日式简餐/快餐回头客榜第2名 | YOSHINOYA | 茄香肉沫，拌饭神器 | ￥36招牌照烧鸡排饭（中. | ￥28.9 | 惠 | 8.1折,ocr/input_videos\上海__美罗城__20260825.mp4
OBS-000449,美罗城,美珍香,美珍香,零食,3.9,100,L2,rated,True,,rated,parsed,rating_anchor,0.9784,0.9999,58,4452,76.452,🌟🌟⭐ | L2 | 零食￥100/人 | 3.9,美珍香 | 🌟🌟⭐ | 美珍香 | L2 | 零食￥100/人 | 3.9 | BEE CHENG HIANG | 美罗2F好找，必尝美味牛肉脯 | ≤ | ￥35.7 | 8.5折 | 【经典老味道】金钱.. | ￥42 | 惠 | ￥83 | ￥100 | 1100.. | 8.3折 | 【直播间立减9】 | 惠,ocr/input_videos\上海__美罗城__20260825.mp4
OBS-000450,美罗城,LEGO乐高,LEGO乐高,玩具,3.5,,L2,rated,True,,rated,parsed,rating_anchor,0.998,0.9991,56,4452,76.452,3.5玩具 | L2 | ★★★★★,LEGO乐高 | 中 | LEGO | 3.5玩具 | L2 | ★★★★★ | 乐高玩具齐全，艺术性高,ocr/input_videos\上海__美罗城__20260825.mp4
OBS-000451,美罗城,和府捞面,和府捞面,面馆,3.8,33,L3,rated,True,,rated,parsed,rating_anchor,0.9389,0.9137,53,4452,76.452,L3 | 3.8面馆￥33/人 | 🌟🌟🌟★🌟,和府捞面 | L3 | 3.8面馆￥33/人 | 🌟🌟🌟★🌟 | 溏心蛋与草本番茄汤肥牛面 | 5 | 【新人专享】沙葱... | ￥30.9 | 8.9折 | ￥34.9 | 惠 | ¥559.2折 | ¥6060元代金券 | 惠,ocr/input_videos\上海__美罗城__20260825.mp4
OBS-000452,美罗城,LEGO乐高,LEGO乐高,玩具,3.5,,L2,rated,True,,rated,parsed,rating_anchor,0.9993,0.9989,59,4476,76.864,🌟🌟🌟🌟🌟 | 玩具 | L2 | 3.5,LEGO乐高 | UGO | 🌟🌟🌟🌟🌟 | 玩具 | L2 | 3.5 | 乐高玩具齐全，艺术性高 | C,ocr/input_videos\上海__美罗城__20260825.mp4
OBS-000453,美罗城,和府捞面,和府捞面,面馆,3.8,33,L3,rated,True,,rated,parsed,rating_anchor,0.9292,0.9148,53,4476,76.864,L3 | 3.8面馆￥33/人,和府捞面 | 3 | L3 | 3.8面馆￥33/人 | “溏心蛋与草本番茄汤肥牛面 | 9 | 报 | ￥34.9 | 8.9折 | ￥30.9 | 【新人专享】沙葱. | 惠 | ￥559.2折 | 惠 | ￥6060元代金券,ocr/input_videos\上海__美罗城__20260825.mp4
OBS-000454,美罗城,山崎面包,山崎面包,面包蛋糕,3.9,39,B1,rated,True,,rated,parsed,rating_anchor,0.9661,0.9729,60,4476,76.864,💥⭐3.9 | 面包蛋糕￥39/人 | B1,山崎面包 | 8月上新 | Aa1a 1 | 💥⭐3.9 | 面包蛋糕￥39/人 | B1 | 路 | 2 | 回 | ￥21 | 【超值单人餐】海盐法... | 6折 | ￥35 | 惠,ocr/input_videos\上海__美罗城__20260825.mp4
OBS-000455,美罗城,MUJI无印良品,MUJI无印良品,箱包,4.8,174,B1,rated,True,,rated,parsed,rating_anchor,0.9673,0.9963,58,4476,76.864,箱包￥174/人 | B1 | 🌟🌟🌟🌟🌟 | 4.8,MUJI无印良品 | 箱包￥174/人 | B1 | 🌟🌟🌟🌟🌟 | MUJI | 4.8 | 無印良品 | 点评榜单 | 徐家汇商圈箱包好评榜第1名 | 粉底液持久服帖，唇釉闪亮好看 | 55,ocr/input_videos\上海__美罗城__20260825.mp4
OBS-000456,美罗城,KUMO KUMO 手作芝士蛋糕,KUMOKUMO手作芝士蛋糕,甜品,3.9,42,B1,rated,True,,rated,parsed,rating_anchor,0.9548,0.9486,54,4476,76.864,🌟🌟🎉💥🌟 | B1 | 甜品￥42/人 | 3.9,KUMO KUMO 手作芝士蛋糕 | 🌟🌟🎉💥🌟 | B1 | 甜品￥42/人 | 3.9 | KUMO KUMO | GHEESE | 点评榜单 | 徐家汇商圈甜品回头客榜第2名 | “让你口接着口，幸福感满满,ocr/input_videos\上海__美罗城__20260825.mp4
OBS-000457,美罗城,LEGO乐高,LEGO乐高,玩具,3.5,,L2,rated,True,,rated,parsed,rating_anchor,0.9974,0.9993,53,4512,77.482,🌟🌟🎉🌟🌟 | 3.5玩具 | L2,LEGO乐高 | ESO | 🌟🌟🎉🌟🌟 | 3.5玩具 | L2 | 乐高玩具齐全，艺术性高,ocr/input_videos\上海__美罗城__20260825.mp4
OBS-000458,美罗城,和府捞面,和府捞面,面馆,3.8,33,L3,rated,True,,rated,parsed,rating_anchor,0.9554,0.9491,62,4512,77.482,🌟🌟🎉🌟🌟 | 3.8面馆￥33/人 | L3,和府捞面 | 🌟🌟🎉🌟🌟 | 3.8面馆￥33/人 | L3 | 蜜 | 溏心蛋与草本番茄汤肥牛面 | ￥34.9 | ￥30.9 | 8.9折 | 【新人专享】沙葱.. | 惠 | 惠 | ￥55 | 9.2折 | ￥606 | 60元代金券,ocr/input_videos\上海__美罗城__20260825.mp4
OBS-000459,美罗城,山崎面包,山崎面包,面包蛋糕,3.9,39,B1,rated,True,,rated,parsed,rating_anchor,0.9679,0.9821,57,4512,77.482,3.9面包蛋糕￥39/人 | 🌟🌟🌟🌟🌟 | B1,山崎面包 | 8月上新 | r | 3.9面包蛋糕￥39/人 | 🌟🌟🌟🌟🌟 | B1 | 9 | 平 | **L- | 回 | ￥216折 | ￥35 | 惠 | 【超值单人餐】海盐法..,ocr/input_videos\上海__美罗城__20260825.mp4
OBS-000460,美罗城,MUJI无印良品,MUJI无印良品,箱包,,174,B1,unknown,True,,ocr_missing,parsed,metadata_anchor,0.9712,0.9982,52,4512,77.482,🌟🌟⭐⭐🌟 | B1 | 箱包￥174/人 | 14.8,MUJI无印良品 | 🌟🌟⭐⭐🌟 | B1 | 箱包￥174/人 | MUJI | 14.8 | 無印良品 | 点评榜单 | 徐家汇商圈箱包好评榜第1名 | 粉底液持久服帖，唇釉闪亮好看,ocr/input_videos\上海__美罗城__20260825.mp4
OBS-000461,美罗城,KUMO KUMO 手作芝士蛋糕,KUMOKUMO手作芝士蛋糕,甜品,3.9,42,B1,rated,True,,rated,parsed,rating_anchor,0.9484,0.9451,58,4512,77.482,🌟🌟🌟🌟🌟 | B1 | 甜品￥42/人 | 3.9,KUMO KUMO 手作芝士蛋糕 | 🌟🌟🌟🌟🌟 | B1 | 甜品￥42/人 | 3.9 | KUMO KUMO | CHEESE | 点评榜单 | 徐家汇商圈甜品回头客榜第2名 | 让你一口接着一口，幸福感满满 | 55 | ￥448.8折 | 惠 | ￥50 | 50元代金券,ocr/input_videos\上海__美罗城__20260825.mp4
OBS-000462,美罗城,LEGO乐高,LEGO乐高,玩具,3.5,,L2,rated,True,,rated,parsed,rating_anchor,0.9977,0.9994,53,4536,77.895,3.5玩具 | 🌟🌟🌟🌟🌟 | L2,LEGO乐高 | 1560 | 3.5玩具 | 🌟🌟🌟🌟🌟 | L2 | 乐高玩具齐全，艺术性高 | S,ocr/input_videos\上海__美罗城__20260825.mp4
OBS-000463,美罗城,和府捞面,和府捞面,面馆,3.8,33,L3,rated,True,,rated,parsed,rating_anchor,0.9484,0.925,57,4536,77.895,🌟✨🎉🌟⭐ | 3.8面馆￥33/人 | L3,和府捞面 | 3 | 🌟✨🎉🌟⭐ | 3.8面馆￥33/人 | L3 | 浓汤 | 溏心蛋与草本番茄汤肥牛面 | ￥30.9 | ￥34.9 | 8.9折 | 【新人专享】沙葱.. | 惠 | ￥55 | ￥6060元代金券 | 惠 | 9.2折,ocr/input_videos\上海__美罗城__20260825.mp4
OBS-000464,美罗城,山崎面包,山崎面包,面包蛋糕,3.9,39,B1,rated,True,,rated,parsed,rating_anchor,0.9733,0.9786,60,4536,77.895,🌟🌟🌟🌟🌟 | 3.9面包蛋糕￥39/人 | B1,山崎面包 | 8月上新 | e Iri | 🌟🌟🌟🌟🌟 | 3.9面包蛋糕￥39/人 | B1 | 9 | 回 | ￥216折 | ￥35 | 【超值单人餐】海盐法... | 惠,ocr/input_videos\上海__美罗城__20260825.mp4
OBS-000465,美罗城,MUJI无印良品,MUJI无印良品,箱包,,174,B1,unknown,True,,ocr_missing,parsed,metadata_anchor,0.9732,0.9985,55,4536,77.895,🌟🌟🌟🌟🌟 | 14.8 | B1 | 箱包￥174/人,MUJI无印良品 | 🌟🌟🌟🌟🌟 | 14.8 | B1 | 箱包￥174/人 | MUJI | 点评榜单 | 無印良品 | 徐家汇商圈箱包好评榜第1名 | 粉底液持久服帖，唇釉闪亮好看,ocr/input_videos\上海__美罗城__20260825.mp4
OBS-000466,美罗城,KUMO KUMO 手作芝士蛋糕,KUMOKUMO手作芝士蛋糕,甜品,3.9,42,B1,rated,True,,rated,parsed,rating_anchor,0.9589,0.9738,54,4536,77.895,B1 | 3.9 | 甜品￥42/人 | ★★★★★,KUMO KUMO 手作芝士蛋糕 | B1 | 3.9 | 甜品￥42/人 | ★★★★★ | KUMO KUMO | CHEESE | 点评榜单 | 徐家汇商圈甜品回头客榜第2名 | 让你一口接着一口，幸福感满满 | 55 | ￥448.8折 | 惠 | ￥50 | 50元代金券,ocr/input_videos\上海__美罗城__20260825.mp4
OBS-000467,美罗城,MUJI无印良品,MUJI无印良品,箱包,4.8,174,B1,rated,True,,rated,parsed,rating_anchor,0.9769,0.9983,52,4608,79.131,4.8箱包￥174/人 | B1,MUJI无印良品 | 4.8箱包￥174/人 | B1 | MUJI | 無印良品 | 点评榜单 | 徐家汇商圈箱包好评榜第1名 | 粉底液持久服帖，唇釉闪亮好看 | 55 | 5,ocr/input_videos\上海__美罗城__20260825.mp4
OBS-000468,美罗城,KUMO KUMO 手作芝士蛋糕,KUMOKUMO手作芝士蛋糕,甜品,3.9,42,B1,rated,True,,rated,parsed,rating_anchor,0.9542,0.9559,57,4608,79.131,B1 | ⭐🌟🌟🌟⭐ | 甜品￥42/人 | 3.9,KUMO KUMO 手作芝士蛋糕 | B1 | ⭐🌟🌟🌟⭐ | 甜品￥42/人 | 3.9 | KUMO KUMO | CHEESE | 点评榜单 | 徐家汇商圈甜品回头客榜第2名 | 让你一口接着一口，幸福感满满 | 5 | ￥448.8折 | 惠 | ￥5050元代金券,ocr/input_videos\上海__美罗城__20260825.mp4
OBS-000469,美罗城,ZAKUZAKU,ZAKUZAKU,面包蛋糕,4.3,35,B1,rated,True,,rated,parsed,rating_anchor,0.9474,0.997,47,4608,79.131,🌟🌟⭐⭐ | B1 | 4.3 | 面包蛋糕￥35/人 | ★,ZAKUZAKU | TiRAMiSU | 提拉染苏 | 🌟🌟⭐⭐ | B1 | 4.3 | 面包蛋糕￥35/人 | ★ | 中风摩菜 | 点评榜单 | 徐家汇商圈面包蛋糕打卡人气榜第1名 | 内馅牛乳冰激凌香浓可口 | 33 | ￥51.59.6折 | 惠 | ￥54 | 【新品分享】提拉米... | ￥419.2折 | ￥4545元代金券 | 惠,ocr/input_videos\上海__美罗城__20260825.mp4
OBS-000470,美罗城,美车堂,美车堂,美容洗车,3.9,121,B2,rated,True,,rated,parsed,rating_anchor,0.9789,0.9999,59,4608,79.131,3.9美容洗车￥121/人 | B2,美车堂 | 3.9美容洗车￥121/人 | B2 | CNRSONE | 美车堂 | 服务有保障，脏车变超干净 | ￥108￥138 | 【普通洗车】40分钟|全车... | 惠,ocr/input_videos\上海__美罗城__20260825.mp4
OBS-000471,美罗城,船忠·鳗炭烧,船忠·鳗炭烧,日式简餐/快餐,3.8,,B1,rated,True,,rated,parsed,rating_anchor,0.9671,0.9838,55,4608,79.131,🌟🌟🌟🌟⭐ | 3.8 | 日式简餐/快餐￥671人 | B1,船忠·鳗炭烧 | 中国产出口活站 | 🌟🌟🌟🌟⭐ | 法提丽您吃一口 | 3.8 | 日式简餐/快餐￥671人 | B1 | 不好吃不收得 | 点评榜单 | 上海日式简餐/快餐销量榜第1名 | 自闭单独座超贴心，好吃爱吃 | “,ocr/input_videos\上海__美罗城__20260825.mp4
OBS-000472,美罗城,美车堂,美车堂,美容洗车,3.9,121,B2,rated,True,,rated,parsed,rating_anchor,0.9879,0.9998,62,4692,80.573,🌟🌟⭐🌟🌟 | B2 | 美容洗车￥121/人 | 3.9,美车堂 | 🌟🌟⭐🌟🌟 | B2 | 美容洗车￥121/人 | 3.9 | CNRSONE | 美车堂 | “服务有保障，脏车变超干净” | ￥108￥138 | 【普通洗车】40分钟|全车.. | 惠,ocr/input_videos\上海__美罗城__20260825.mp4
OBS-000473,美罗城,船忠·鳗炭烧,船忠·鳗炭烧,日式简餐/快餐,3.8,67,B1,rated,True,,rated,parsed,rating_anchor,0.9666,0.9808,55,4692,80.573,🌟🌟🎉🌟⭐ | 3.8 | B1 | 日式简餐/快餐￥67/人,船忠·鳗炭烧 | 中徽产出口活赔 | 🌟🌟🎉🌟⭐ | 达机是吃一口 | 3.8 | B1 | 日式简餐/快餐￥67/人 | 不好观不或校 | 点评榜单 | 上海日式简餐/快餐销量榜第1名 | 自闭单独座超贴心，好吃爱吃” | ￥154 | 9折 | ￥172 | 】鳗鱼双.. | 惠 | 【匠人手作】,ocr/input_videos\上海__美罗城__20260825.mp4
OBS-000474,美罗城,檬舒舒MonChouChou,檬舒舒MonChouChou,甜品,3.8,40,B1,rated,True,,rated,parsed,rating_anchor,0.944,0.9988,54,4692,80.573,⭐3.8甜品￥40/人 | B1,檬舒舒MonChouChou | ⭐3.8甜品￥40/人 | B1 | ￥59.98.6折 | 惠 | ￥70幸福袋4选24选2,ocr/input_videos\上海__美罗城__20260825.mp4
OBS-000475,美罗城,Crocs,Crocs,鞋靴,4.7,761,L1,rated,True,,rated,parsed,rating_anchor,0.9571,0.999,53,4692,80.573,4.7鞋靴￥761/人 | L1,Crocs | 4.7鞋靴￥761/人 | L1 | 点评榜单 | 徐汇区鞋靴热门榜第4名 | 服务态度耐心，款式粉粉嫩嫩超好看,ocr/input_videos\上海__美罗城__20260825.mp4
OBS-000476,美罗城,食好點·1986香港小馆,食好点·1986香港小馆,粤菜馆,3.9,97,L3,rated,True,,rated,parsed,rating_anchor,0.9465,0.9717,54,4692,80.573,粤菜馆￥97/人 | L3 | ⭐🌟🌈🌟⭐3.9,食好點·1986香港小馆 | （好點 | 粤菜馆￥97/人 | L3 | ⭐🌟🌈🌟⭐3.9 | 食咩嚼 | “芥末虾球口感QQ弹” | 暂停营业,ocr/input_videos\上海__美罗城__20260825.mp4
OBS-000477,美罗城,Crocs,Crocs,鞋靴,4.7,761,L1,rated,True,,rated,parsed,rating_anchor,0.9719,0.9992,50,4764,81.81,🌟🌟🌟🌟🌟 | L1 | 4.7 | 鞋靴￥761/人,Crocs | 🌟🌟🌟🌟🌟 | L1 | 4.7 | 鞋靴￥761/人 | 点评榜单 | 徐汇区鞋靴热门榜第4名 | 服务态度耐心，款式粉粉嫩嫩超好看 | C,ocr/input_videos\上海__美罗城__20260825.mp4
OBS-000478,美罗城,食好點·1986香港小馆,食好点·1986香港小馆,粤菜馆,3.9,97,L3,rated,True,,rated,parsed,rating_anchor,0.9533,0.9831,53,4764,81.81,🌟🌟🌟🌟🌟 | 粤菜馆￥97/人 | L3 | 3.9,食好點·1986香港小馆 | （）好贴 | 🌟🌟🌟🌟🌟 | 粤菜馆￥97/人 | L3 | 3.9 | 食咩嘢 | 芥末虾球口感QQ弹 | 暂停营业,ocr/input_videos\上海__美罗城__20260825.mp4
OBS-000479,美罗城,金匠寿司,金匠寿司,寿司,4.5,112,L3,rated,True,,rated,parsed,rating_anchor,0.9822,0.9997,53,4764,81.81,4.5寿司￥112/人 | L3 | 🌟🌟🌟🌟🌟,1月20日 | 金匠寿司 | 畅快上新 | 4.5寿司￥112/人 | L3 | 🌟🌟🌟🌟🌟 | 点评榜单 | 徐汇区寿司热门榜第1名 | 11:00营业,ocr/input_videos\上海__美罗城__20260825.mp4
OBS-000480,美罗城,任天堂NINTENDO SWITCH,任天堂NINTENDOSWITCH,数码产品,3.7,1918,L3,rated,True,,rated,parsed,rating_anchor,0.9931,0.9865,48,4764,81.81,￥1918/人 | L3 | 🌟🌟🎉🌟🌟 | 数码产品 | 3.7,任天堂NINTENDO SWITCH | 0 | ￥1918/人 | L3 | 🌟🌟🎉🌟🌟 | 数码产品 | 3.7 | 屏幕超级大，游戏体验佳 | NINTENDO | SWITCH,ocr/input_videos\上海__美罗城__20260825.mp4
OBS-000481,美罗城,町田商店·浓厚家系拉面,町田商店·浓厚家系拉面,日式面条,4.0,47,B1,rated,True,,rated,parsed,rating_anchor,0.9687,0.9397,53,4764,81.81,🌟🌟🌟🌟 | B1 | 日式面条 | 4.0 | ￥47/人 | ★,町田商店·浓厚家系拉面 | 2026 | 🌟🌟🌟🌟 | B1 | 日式面条 | 4.0 | ￥47/人 | ★ | 上海面主挑战赛 | 冠军 | 11:00营业,ocr/input_videos\上海__美罗城__20260825.mp4
OBS-000482,美罗城,博多一幸舍,博多一幸舍,日式面条,3.7,63,B1,rated,True,,rated,parsed,rating_anchor,0.9763,0.9996,54,4764,81.81,🌟🌟🌟⭐ | B1 | 3.7 | 日式面条￥63/人,博多一幸舍 | 🌟🌟🌟⭐ | B1 | 3.7 | 日式面条￥63/人 | 但真材实料味道更胜一筹,ocr/input_videos\上海__美罗城__20260825.mp4
OBS-000483,美罗城,Crocs,Crocs,鞋靴,4.7,761,L1,rated,True,,rated,parsed,rating_anchor,0.9703,0.9992,50,4788,82.222,鞋靴￥761/人 | L1 | 🌟🌟🎉🎉🌟 | 4.7,Crocs | 鞋靴￥761/人 | L1 | 🌟🌟🎉🎉🌟 | 4.7 | 点评榜单 | 徐汇区鞋靴热门榜第4名 | 服务态度耐心，款式粉粉嫩嫩超好看,ocr/input_videos\上海__美罗城__20260825.mp4
OBS-000484,美罗城,食好點·1986香港小馆,食好点·1986香港小馆,粤菜馆,3.9,97,L3,rated,True,,rated,parsed,rating_anchor,0.957,0.9706,54,4788,82.222,🌟🌟⭐🌟⭐ | L3 | 粤菜馆￥97/人 | 3.9,食好點·1986香港小馆 | 好點 | 🌟🌟⭐🌟⭐ | L3 | 粤菜馆￥97/人 | 3.9 | 食咩嘢 | 芥末虾球口感QQ弹 | 暂停营业,ocr/input_videos\上海__美罗城__20260825.mp4
OBS-000485,美罗城,金匠寿司,金匠寿司,寿司,4.5,112,L3,rated,True,,rated,parsed,rating_anchor,0.9848,0.9997,55,4788,82.222,L3 | 🌟🌟 | 4.5寿司￥112/人,1月20日 | 金匠寿司 | 畅快上新 | L3 | 🌟🌟 | 4.5寿司￥112/人 | 点评榜单 | 徐汇区寿司热门榜第1名 | 11:00营业,ocr/input_videos\上海__美罗城__20260825.mp4
OBS-000486,美罗城,任天堂NINTENDO SWITCH,任天堂NINTENDOSWITCH,数码产品,3.7,1918,L3,rated,True,,rated,parsed,rating_anchor,0.9894,0.979,48,4788,82.222,🌟🌟🌟🌟🌟 | L3 | ￥1918/人 | 3.7 | 数码产品,任天堂NINTENDO SWITCH | 🌟🌟🌟🌟🌟 | L3 | ￥1918/人 | 3.7 | 数码产品 | 屏幕超级大， | 游戏体验佳 | NINTENDO | SWITCH.,ocr/input_videos\上海__美罗城__20260825.mp4
OBS-000487,美罗城,町田商店·浓厚家系拉面,町田商店·浓厚家系拉面,日式面条,4.0,47,B1,rated,True,,rated,parsed,rating_anchor,0.9731,0.9487,48,4788,82.222,🌟🌟🌟🌟 | B1 | 日式面条 | ￥47/人 | 4.0 | ★,町田商店·浓厚家系拉面 | 2026 | 🌟🌟🌟🌟 | B1 | 日式面条 | ￥47/人 | 4.0 | ★ | 上海拉面王挑战赛 | 冠军 | 11:00营业,ocr/input_videos\上海__美罗城__20260825.mp4
OBS-000488,美罗城,博多一幸舍,博多一幸舍,日式面条,3.7,63,B1,rated,True,,rated,parsed,rating_anchor,0.9991,0.9997,55,4788,82.222,B1 | ★★★★★ | 3.7 | 日式面条 | ￥63/人,博多一幸舍 | B1 | ★★★★★ | 3.7 | 日式面条 | ￥63/人 | 但真材实料味道更胜一筹 | 11:00营业,ocr/input_videos\上海__美罗城__20260825.mp4
OBS-000489,美罗城,食好點·1986香港小馆,食好点·1986香港小馆,粤菜馆,3.9,97,L3,rated,True,,rated,parsed,rating_anchor,0.9533,0.9848,51,4860,83.458,粤菜馆￥97/人 | L3 | ★★★★★ | 3.9,食好點·1986香港小馆 | 好點 | 粤菜馆￥97/人 | L3 | ★★★★★ | 3.9 | 食咩嘢 | 芥末虾球口感QQ弹 | 暂停营业,ocr/input_videos\上海__美罗城__20260825.mp4
OBS-000490,美罗城,金匠寿司,金匠寿司,寿司,4.5,112,L3,rated,True,,rated,parsed,rating_anchor,0.9822,0.9996,53,4860,83.458,🌟🌟⭐⭐🌟 | L3 | 4.5寿司￥112/人,1月20日 | 金匠寿司 | 瀚快上新 | 🌟🌟⭐⭐🌟 | L3 | 4.5寿司￥112/人 | 点评榜单 | 徐汇区寿司热门榜第1名 | 11:00营业,ocr/input_videos\上海__美罗城__20260825.mp4
OBS-000491,美罗城,任天堂NINTENDO SWITCH,任天堂NINTENDOSWITCH,数码产品,3.7,1918,L3,rated,True,,rated,parsed,rating_anchor,0.9918,0.9839,48,4860,83.458,🌟🌟🌟🌟 | L3 | 3.7 | 数码产品 | ￥1918/人,任天堂NINTENDO SWITCH | • | 🌟🌟🌟🌟 | L3 | 3.7 | 数码产品 | ￥1918/人 | 屏幕超级大， | 游戏体验佳 | NINTENDO | SWITCH.,ocr/input_videos\上海__美罗城__20260825.mp4
OBS-000492,美罗城,町田商店·浓厚家系拉面,町田商店·浓厚家系拉面,日式面条,4.0,47,B1,rated,True,,rated,parsed,rating_anchor,0.9478,0.9418,48,4860,83.458,日式面条￥47/人 | 🌟🌟🌟🌟 | B1 | 4.0 | ★,町田商店·浓厚家系拉面 | 2026 | 日式面条￥47/人 | 🌟🌟🌟🌟 | B1 | 4.0 | ★ | 就面工挑战赛 | 冠军 | 11:00营业,ocr/input_videos\上海__美罗城__20260825.mp4
OBS-000493,美罗城,博多一幸舍,博多一幸舍,日式面条,3.7,63,B1,rated,True,,rated,parsed,rating_anchor,0.9992,0.9995,52,4860,83.458,🌟🌟★ | B1 | ￥63/人 | 3.7 | 日式面条,博多一幸舍 | 🌟🌟★ | B1 | ￥63/人 | 3.7 | 日式面条 | 但真材实料味道更胜一筹 | 11:00营业,ocr/input_videos\上海__美罗城__20260825.mp4
OBS-000494,美罗城,橡子共和国,橡子共和国,购物,4.7,179,L1,rated,True,,rated,parsed,rating_anchor,0.9719,0.9978,51,4860,83.458,★★★★🌟 | 购物￥179/人 | L1 | 4.7,橡子共和国 | ★★★★🌟 | 购物￥179/人 | L1 | 4.7 | 正版周边齐全，猫巴士超大好想带回家 | （,ocr/input_videos\上海__美罗城__20260825.mp4
OBS-000495,美罗城,町田商店·浓厚家系拉面,町田商店·浓厚家系拉面,日式面条,4.0,47,B1,rated,True,,rated,parsed,rating_anchor,0.978,0.9577,47,4896,84.077,B1 | 🌟🌟🌟🌟 | ￥47/人 | 4.0 | 日式面条 | 食,町田商店·浓厚家系拉面 | 2026 | B1 | 🌟🌟🌟🌟 | ￥47/人 | 4.0 | 日式面条 | 食 | 上海拉面王挑战赛 | 冠军 | 11:00营业,ocr/input_videos\上海__美罗城__20260825.mp4
OBS-000496,美罗城,博多一幸舍,博多一幸舍,日式面条,3.7,63,B1,rated,True,,rated,parsed,rating_anchor,0.9989,0.9994,55,4896,84.077,B1 | 🌟🌟🌟🌟 | 3.7 | 日式面条 | ￥63/人,博多一幸舍 | B1 | 🌟🌟🌟🌟 | 3.7 | 日式面条 | ￥63/人 | 但真材实料味道更胜一筹 | 5 | 11:00营业,ocr/input_videos\上海__美罗城__20260825.mp4
OBS-000497,美罗城,橡子共和国,橡子共和国,购物,4.7,179,L1,rated,True,,rated,parsed,rating_anchor,0.9763,0.9976,55,4896,84.077,🌟🌟⭐⭐🌟 | L1 | 购物￥179/人 | 4.7,橡子共和国 | 🌟🌟⭐⭐🌟 | L1 | 购物￥179/人 | 4.7 | 正版周边齐全，猫巴士超大好想带回家,ocr/input_videos\上海__美罗城__20260825.mp4
OBS-000498,美罗城,天天·天妇罗专门店,天天·天妇罗专门店,日本料理,4.3,77,B1,rated,True,,rated,parsed,rating_anchor,0.9959,0.9927,56,4896,84.077,🌟🌟 | 日本料理 | ￥77/人 | B1 | 4.3 | ★,期间限 | 天天·天妇罗专门店 | 🌟🌟 | 日本料理 | ￥77/人 | B1 | 4.3 | ★ | 11:00营业,ocr/input_videos\上海__美罗城__20260825.mp4
OBS-000499,美罗城,肉肉大米,肉肉大米,日本料理,4.2,68,B1,rated,True,,rated,parsed,rating_anchor,0.9995,0.9995,53,4896,84.077,🌟🌟🌟🌟 | B1 | 4.2 | ￥68/人 | 日本料理,浦东世纪汇 | 肉肉大米 | 🌟🌟🌟🌟 | B1 | 4.2 | ￥68/人 | 日本料理 | 点评榜单 | 徐家汇商圈日本料理热门榜第8名 | 盛大开业 | 下班放松，胡椒盐美食满血复活 | ≤,ocr/input_videos\上海__美罗城__20260825.mp4
OBS-000500,美罗城,Mmlg,Mmlg,购物,4.2,593,B1,rated,True,,rated,parsed,rating_anchor,0.9725,0.9887,66,4896,84.077,4.2购物￥593/人 | B1,Mmlg | 4.2购物￥593/人 | B1 | 费大厨辣椒炒肉,ocr/input_videos\上海__美罗城__20260825.mp4
OBS-000501,美罗城,博多一幸舍,博多一幸舍,日式面条,3.7,63,B1,rated,True,,rated,parsed,rating_anchor,0.9793,0.9995,57,4920,84.489,🌟🌟⭐🌟⭐ | B1 | 3.7 | 日式面条￥63/人,博多一幸舍 | 🌟🌟⭐🌟⭐ | B1 | 3.7 | 日式面条￥63/人 | 但真材实料味道更胜一筹 | 11:00营业,ocr/input_videos\上海__美罗城__20260825.mp4
OBS-000502,美罗城,橡子共和国,橡子共和国,购物,4.7,179,L1,rated,True,,rated,parsed,rating_anchor,0.976,0.994,52,4920,84.489,🌟🌟⭐🌟 | L1 | 购物￥179/人 | 4.7,橡子共和国 | 🌟🌟⭐🌟 | L1 | 购物￥179/人 | 4.7 | 正版周边齐全，猫巴士超大好想带回家”,ocr/input_videos\上海__美罗城__20260825.mp4
OBS-000503,美罗城,天天·天妇罗专门店,天天·天妇罗专门店,里,4.3,77,B1,rated,True,,rated,parsed,rating_anchor,0.9232,0.9923,54,4920,84.489,B1 | 🌟🌟 | 里￥77/人 | 日本料理 | 4.3 | ★,期间限 | 天天·天妇罗专门店 | B1 | 🌟🌟 | 里￥77/人 | 日本料理 | 4.3 | ★ | 11:00营业,ocr/input_videos\上海__美罗城__20260825.mp4
OBS-000504,美罗城,肉肉大米,肉肉大米,日本料理,4.2,68,B1,rated,True,,rated,parsed,rating_anchor,0.9771,0.9995,56,4920,84.489,🌟🌟🌟🌟 | B1 | 日本料理￥68/人 | 4.2 | ￥,浦东世纪汇 | 肉肉大米 | 🌟🌟🌟🌟 | B1 | 日本料理￥68/人 | 4.2 | ￥ | 点评榜单 | 徐家汇商圈日本料理热门榜第8名 | 盛大开业 | 下班放松，胡椒盐美食满血复活,ocr/input_videos\上海__美罗城__20260825.mp4
OBS-000505,美罗城,Mmlg,Mmlg,购物,4.2,593,B1,rated,True,,rated,parsed,rating_anchor,0.9753,0.9916,69,4920,84.489,4.2购物￥593/人 | 🌟🌟🌟🌟 | B1 | ★,Mmlg | 4.2购物￥593/人 | 🌟🌟🌟🌟 | B1 | ★,ocr/input_videos\上海__美罗城__20260825.mp4
OBS-000506,美罗城,费大厨辣椒炒肉,费大厨辣椒炒肉,湘菜,4.4,83,L3,rated,True,,rated,parsed,rating_anchor,0.9824,0.9928,54,4920,84.489,L3 | 🌟⭐🌟 | 4.4湘菜￥83/人 | ★,费大厨辣椒炒肉 | 费大廚 | L3 | 🌟⭐🌟 | 4.4湘菜￥83/人 | ★,ocr/input_videos\上海__美罗城__20260825.mp4
OBS-000507,美罗城,博多一幸舍,博多一幸舍,日式面条,3.7,63,B1,rated,True,,rated,parsed,rating_anchor,0.9985,0.9985,55,4980,85.519,B1 | 🌟🌟🌟★ | 日式面条 | ￥63/人 | 3.7,博多一幸舍 | B1 | 🌟🌟🌟★ | 日式面条 | ￥63/人 | 3.7 | 但真材实料味道更胜一筹 | 5 | 11:00营业,ocr/input_videos\上海__美罗城__20260825.mp4
OBS-000508,美罗城,橡子共和国,橡子共和国,购物,4.7,179,L1,rated,True,,rated,parsed,rating_anchor,0.9788,0.9988,55,4980,85.519,🌟🌟⭐🌟🌟 | L1 | 购物￥179/人 | 4.7,橡子共和国 | 🌟🌟⭐🌟🌟 | L1 | 购物￥179/人 | 4.7 | 正版周边齐全，猫巴士超大好想带回家,ocr/input_videos\上海__美罗城__20260825.mp4
OBS-000509,美罗城,天天·天妇罗专门店,天天·天妇罗专门店,日本料理,4.3,77,B1,rated,True,,rated,parsed,rating_anchor,0.9968,0.994,57,4980,85.519,🌟🌟⭐⭐ | B1 | ￥77/人 | 日本料理 | 4.3,期间限 | 天天·天妇罗专门店 | 🌟🌟⭐⭐ | B1 | ￥77/人 | 日本料理 | 4.3 | 11:00营,ocr/input_videos\上海__美罗城__20260825.mp4
OBS-000510,美罗城,肉肉大米,肉肉大米,日本料理,4.2,68,B1,rated,True,,rated,parsed,rating_anchor,0.9782,0.9997,53,4980,85.519,🌟🌟⭐⭐ | 日本料理￥68/人 | B1 | 4.2,浦东世纪汇 | 肉肉大米 | 🌟🌟⭐⭐ | 日本料理￥68/人 | B1 | 4.2 | 点评榜单 | 徐家汇商圈日本料理热门榜第8名 | 盛大开业 | 下班放松，胡椒盐美食满血复活 | “,ocr/input_videos\上海__美罗城__20260825.mp4
OBS-000511,美罗城,Mmlg,Mmlg,购物,4.2,593,B1,rated,True,,rated,parsed,rating_anchor,0.9733,0.9863,67,4980,85.519,🌟🌟🌟🎉 | 4.2购物￥593/人 | B1 | ★,Mmlg | 🌟🌟🌟🎉 | 4.2购物￥593/人 | B1 | ★,ocr/input_videos\上海__美罗城__20260825.mp4
OBS-000512,美罗城,费大厨辣椒炒肉,费大厨辣椒炒肉,湘菜,4.4,83,L3,rated,True,,rated,parsed,rating_anchor,0.9915,0.9852,51,4980,85.519,L3 | 🌟🌟⭐⭐ | 湘菜 | ￥83/人 | 4.4,费大厨辣椒炒肉 | 费大廚 | L3 | 🌟🌟⭐⭐ | 湘菜 | ￥83/人 | 4.4 | 辣椒炒肉 | 徐家汇商图湘黄热记接策1会,ocr/input_videos\上海__美罗城__20260825.mp4
OBS-000513,美罗城,天天·天妇罗专门店,天天·天妇罗专门店,日本料理,4.3,77,B1,rated,True,,rated,parsed,rating_anchor,0.9765,0.9877,54,5004,85.931,日本料理￥77/人 | B1 | 🌟🌟🌟🌟 | 4.3 | ★,期间限 | 天天·天妇罗专门店 | 日本料理￥77/人 | B1 | 🌟🌟🌟🌟 | 4.3 | ★ | 11:00营,ocr/input_videos\上海__美罗城__20260825.mp4
OBS-000514,美罗城,肉肉大米,肉肉大米,日本料理,4.2,68,B1,rated,True,,rated,parsed,rating_anchor,0.9778,0.9995,57,5004,85.931,B1 | 🌟🌟🌟 | 日本料理￥68/人 | 4.2 | ★,浦东世纪汇 | 肉肉大米 | B1 | 🌟🌟🌟 | 日本料理￥68/人 | 4.2 | ★ | 点评榜单 | 徐家汇商圈日本料理热门榜第8名 | 盛大开业 | 下班放松，胡椒盐美食满血复活,ocr/input_videos\上海__美罗城__20260825.mp4
OBS-000515,美罗城,Mmlg,Mmlg,购物,4.2,593,B1,rated,True,,rated,parsed,rating_anchor,0.9746,0.9849,73,5004,85.931,🌟🌟🌟🌟 | 4.2购物￥593/人 | B1 | ★,Mmlg | 🌟🌟🌟🌟 | 4.2购物￥593/人 | B1 | ★,ocr/input_videos\上海__美罗城__20260825.mp4
OBS-000516,美罗城,费大厨辣椒炒肉,费大厨辣椒炒肉,湘菜,4.4,83,L3,rated,True,,rated,parsed,rating_anchor,0.9821,0.9917,52,5004,85.931,🌟🌟🌟🌟 | L3 | 4.4湘菜￥83/人 | ★,费大厨辣椒炒肉 | 费大廚 | 🌟🌟🌟🌟 | L3 | 4.4湘菜￥83/人 | ★ | 辣椒炒肉 | 点评榜单 | 徐家汇商圈湘菜热门榜第1名 | 精选黑猪 | 11:00营业 | 核桃糕点特色美味 | 1,ocr/input_videos\上海__美罗城__20260825.mp4
OBS-000517,美罗城,Manner Coff ee,MannerCoffee,咖啡,3.9,20,商场内,rated,True,,rated,parsed,rating_anchor,0.9201,0.9553,51,5004,85.931,商场内 | ★3.9咖啡￥20/人,Manner Coff ee | 商场内 | ★3.9咖啡￥20/人 | MANNER,ocr/input_videos\上海__美罗城__20260825.mp4
OBS-000518,美罗城,Manner Coffee,MannerCoffee,咖啡,3.9,20,商场内,rated,True,,rated,parsed,rating_anchor,0.9618,0.975,56,5100,87.58,3.9咖啡￥20/人 | 商场内,Manner Coffee | 3.9咖啡￥20/人 | 商场内 | MANNER,ocr/input_videos\上海__美罗城__20260825.mp4
OBS-000519,美罗城,Abun,Abun,服装,4.8,998,L2,rated,True,,rated,parsed,rating_anchor,0.9743,0.997,60,5100,87.58,4.8 | 服装￥998/人 | L2,Abun | ASum | 4.8 | 服装￥998/人 | L2 | 点评榜单 | 徐家汇商圈服装热门榜第4名 | 衣服款式时尚多样，面料舒适做工精细 | ￥380￥1000 | 【部分品】Abun380代1.. | 惠,ocr/input_videos\上海__美罗城__20260825.mp4
OBS-000520,美罗城,SHONEN JUMP CAFE,SHONENJUMPCAFE,咖啡,4.1,131,L1,rated,True,,rated,parsed,rating_anchor,0.9616,0.9712,51,5100,87.58,"咖啡￥131/人 | 🌟🌟⭐⭐ | L1,L2 | 4.1","SHONEN JUMP CAFE | 咖啡￥131/人 | SHONEN | 🌟🌟⭐⭐ | L1,L2 | 4.1 | 点评榜单 | CAFE | 徐家汇商圈咖啡热门榜第5名",ocr/input_videos\上海__美罗城__20260825.mp4
OBS-000521,美罗城,SHONEN JUMP CAFE STATION,SHONENJUMPCAFESTATION,咖啡,3.9,29,L1,rated,True,,rated,parsed,rating_anchor,0.9537,0.9636,51,5100,87.58,L1 | 3.9咖啡￥29/人,SHONEN JUMP CAFE STATION | SHONEN | L1 | 3.9咖啡￥29/人 | CAＦＥ | STATION],ocr/input_videos\上海__美罗城__20260825.mp4
OBS-000522,美罗城,三月兽mini,三月兽mini,杂货礼品,4.1,121,B1,rated,True,,rated,parsed,rating_anchor,0.9838,0.9992,59,5100,87.58,🌟🌟🌟⭐ | 4.1杂货礼品￥121/人 | B1 | ★,三月兽mini | 🌟🌟🌟⭐ | 4.1杂货礼品￥121/人 | B1 | ★ | 品种丰富，扭蛋快乐有谁懂” | “ | SAMMONTANA赛梦达章大利冰,ocr/input_videos\上海__美罗城__20260825.mp4
OBS-000523,美罗城,Manner Coffee,MannerCoffee,咖啡,3.9,20,商场内,rated,True,,rated,parsed,rating_anchor,0.911,0.9197,58,5112,87.786,⭐3.9咖啡￥20/人 | 商场内,Manner Coffee | ⭐3.9咖啡￥20/人 | 商场内 | MANNER,ocr/input_videos\上海__美罗城__20260825.mp4
OBS-000524,美罗城,Abun,Abun,服装,4.8,998,L2,rated,True,,rated,parsed,rating_anchor,0.9753,0.9974,59,5112,87.786,L2 | ⭐🌟🌟4.8 | 服装￥998/人,Abun | ASum | L2 | ⭐🌟🌟4.8 | 服装￥998/人 | 点评榜单 | 徐家汇商圈服装热门榜第4名 | 衣服款式时尚多样，面料舒适做工精细 | ￥380￥1000 | 惠 | 【部分品】Abun380代1..,ocr/input_videos\上海__美罗城__20260825.mp4
OBS-000525,美罗城,SHONEN JUMP CAFE,SHONENJUMPCAFE,咖啡,4.1,131,L1,rated,True,,rated,parsed,rating_anchor,0.9501,0.9462,53,5112,87.786,"🌟🌟🎉🎉 | L1,L2 | 咖啡￥131/人 | 4.1","SHONEN JUMP CAFE | SHONEN | 🌟🌟🎉🎉 | L1,L2 | 咖啡￥131/人 | 4.1 | T | 点评榜单 | CAFE | 徐家汇商圈咖啡热门榜第5名",ocr/input_videos\上海__美罗城__20260825.mp4
OBS-000526,美罗城,SHONEN JUMP CAFE STATION,SHONENJUMPCAFESTATION,咖啡,3.9,29,L1,rated,True,,rated,parsed,rating_anchor,0.9494,0.9581,47,5112,87.786,L1 | 3.9咖啡￥29/人,SHONEN JUMP CAFE STATION | SHONEN | L1 | 3.9咖啡￥29/人 | JUM | CAFE | STATION,ocr/input_videos\上海__美罗城__20260825.mp4
OBS-000527,美罗城,三月兽mini,三月兽mini,杂货礼品,4.1,121,B1,rated,True,,rated,parsed,rating_anchor,0.9822,0.9954,59,5112,87.786,⭐🌟🌟🌟 | B1 | 4.1 | 杂货礼品￥121/人 | ★,三月兽mini | ⭐🌟🌟🌟 | B1 | 4.1 | 杂货礼品￥121/人 | ★ | 品种丰富，扭蛋快乐有谁懂 | “ | SAMMONTANA赛梦达意大利冰...,ocr/input_videos\上海__美罗城__20260825.mp4
OBS-000528,美罗城,Manner Coffee,MannerCoffee,咖啡,3.9,20,商场内,rated,True,,rated,parsed,rating_anchor,0.9505,0.9327,59,5148,88.404,商场内 | 3.9咖啡￥20/人 | 🌟🌟🌟🌟🌟,Manner Coffee | 商场内 | 3.9咖啡￥20/人 | 🌟🌟🌟🌟🌟 | MANNER,ocr/input_videos\上海__美罗城__20260825.mp4
OBS-000529,美罗城,Abun,Abun,服装,4.8,998,L2,rated,True,,rated,parsed,rating_anchor,0.9763,0.9978,59,5148,88.404,L2 | 🌟🌟⭐🌟4.8 | 服装￥998/人,Abun | ASum | L2 | 🌟🌟⭐🌟4.8 | 服装￥998/人 | 点评榜单 | 徐家汇商圈服装热门榜第4名 | 衣服款式时尚多样，面料舒适做工精细 | ￥380￥1000 | 惠 | 【部分品】Abun380代1...,ocr/input_videos\上海__美罗城__20260825.mp4
OBS-000530,美罗城,SHONEN JUMP CAFE,SHONENJUMPCAFE,咖啡,4.1,131,L1,rated,True,,rated,parsed,rating_anchor,0.9521,0.9585,54,5148,88.404,"L1,L2 | 🌟🌟🌟🎉 | 咖啡￥131/人 | 4.1 | ★","SHONEN JUMP CAFE | L1,L2 | SHONEN | 🌟🌟🌟🎉 | 咖啡￥131/人 | 4.1 | ★ | 点评榜单 | CAFE | 徐家汇商圈咖啡热门榜第5名",ocr/input_videos\上海__美罗城__20260825.mp4
OBS-000531,美罗城,SHONEN JUMP CAFE STATION,SHONENJUMPCAFESTATION,咖啡,3.9,29,L1,rated,True,,rated,parsed,rating_anchor,0.9576,0.9735,47,5148,88.404,🌟⭐🌟⭐3.9 | L1 | 咖啡￥29/人,SHONEN JUMP CAFE STATION | SHONEN | 🌟⭐🌟⭐3.9 | L1 | 咖啡￥29/人 | CAFE | ISTATION,ocr/input_videos\上海__美罗城__20260825.mp4
OBS-000532,美罗城,三月兽mini,三月兽mini,杂货礼品,4.1,121,B1,rated,True,,rated,parsed,rating_anchor,0.988,0.9991,59,5148,88.404,4.1杂货礼品￥121/人 | 🌟🌟🌟⭐⭐ | B1,三月兽mini | 4.1杂货礼品￥121/人 | 🌟🌟🌟⭐⭐ | B1 | 品种丰富，扭蛋快乐有谁懂 | “ | SAMMONTANA赛梦达意大利冰...,ocr/input_videos\上海__美罗城__20260825.mp4
OBS-000533,美罗城,Manner Coffee,MannerCoffee,咖啡,3.9,20,商场内,rated,True,,rated,parsed,rating_anchor,0.9407,0.9442,51,5196,89.228,商场内 | 3.9咖啡￥20/人,Manner Coffee | 商场内 | 3.9咖啡￥20/人 | MANNER,ocr/input_videos\上海__美罗城__20260825.mp4
OBS-000534,美罗城,Abun,Abun,服装,4.8,998,L2,rated,True,,rated,parsed,rating_anchor,0.9751,0.9968,60,5196,89.228,4.8服装￥998/人 | L2,Abun | 4.8服装￥998/人 | ASum | L2 | 点评榜单 | 徐家汇商圈服装热门榜第4名 | 衣服款式时尚多样，面料舒适做工精细 | ￥380￥1000 | 【部分品】Abun380代1... | 惠,ocr/input_videos\上海__美罗城__20260825.mp4
OBS-000535,美罗城,SHONEN JUMP CAFE,SHONENJUMPCAFE,咖啡,4.1,131,L1,rated,True,,rated,parsed,rating_anchor,0.9492,0.9528,56,5196,89.228,"⭐🌟⭐⭐ | L1,L2 | 咖啡￥131/人 | 4.1","SHONEN JUMP CAFE | SHONEN | ⭐🌟⭐⭐ | L1,L2 | 咖啡￥131/人 | 4.1 | 点评榜单 | CAFE | 徐家汇商圈咖啡热门榜第5名",ocr/input_videos\上海__美罗城__20260825.mp4
OBS-000536,美罗城,SHONEN JUMP CAFE STATION,SHONENJUMPCAFESTATION,咖啡,3.9,29,L1,rated,True,,rated,parsed,rating_anchor,0.9513,0.9527,50,5196,89.228,3.9咖啡￥29/人 | L1,SHONEN JUMP CAFE STATION | SHONEN | 3.9咖啡￥29/人 | L1 | CAFE | [STATIONI,ocr/input_videos\上海__美罗城__20260825.mp4
OBS-000537,美罗城,三月兽mini,三月兽mini,杂货礼品,4.1,121,B1,rated,True,,rated,parsed,rating_anchor,0.9819,0.9982,58,5196,89.228,🌟🌟⭐⭐🌟 | 4.1杂货礼品￥121/人 | B1,三月兽mini | 🌟🌟⭐⭐🌟 | 4.1杂货礼品￥121/人 | B1 | 品种丰富，扭蛋快乐有谁懂” | S,ocr/input_videos\上海__美罗城__20260825.mp4
OBS-000538,美罗城,SAMMONTANA赛梦达意大利冰...,SAMMONTANA赛梦达意大利冰,冰淇淋,3.8,25,L4,rated,True,,rated,parsed,rating_anchor,0.9347,0.9305,60,5196,89.228,L4 | 3.8冰淇淋￥25/人,SAMMONTANA赛梦达意大利冰... | L4 | 3.8冰淇淋￥25/人 | ` | ALLITALIANA | GELATI,ocr/input_videos\上海__美罗城__20260825.mp4
OBS-000539,美罗城,SHONEN JUMP CAFE,SHONENJUMPCAFE,咖啡,4.1,131,L1,rated,True,,rated,parsed,rating_anchor,0.9615,0.967,50,5232,89.847,"L1,L2 | 🌟🌟⭐ | 咖啡￥131/人 | 4.1","SHONEN JUMP CAFE | SHONEN | L1,L2 | 🌟🌟⭐ | 咖啡￥131/人 | 4.1 | CAFE | 点评镑单 | 徐家汇商圈咖啡热门榜第5名",ocr/input_videos\上海__美罗城__20260825.mp4
OBS-000540,美罗城,SHONEN JUMP CAFE STATION,SHONENJUMPCAFESTATION,咖啡,3.9,29,L1,rated,True,,rated,parsed,rating_anchor,0.9521,0.9622,49,5232,89.847,L1 | 🌟🌟🌟🌟⭐3.9 | 咖啡￥29/人,SHONEN JUMP CAFE STATION | SHONEN | L1 | 🌟🌟🌟🌟⭐3.9 | 咖啡￥29/人 | CAFE | STATIONI,ocr/input_videos\上海__美罗城__20260825.mp4
OBS-000541,美罗城,三月兽mini,三月兽mini,杂货礼品,4.1,121,B1,rated,True,,rated,parsed,rating_anchor,0.9977,0.9991,56,5232,89.847,B1 | 🌟🌟🌟 | 杂货礼品 | ￥121/人 | 4.1 | ★,三月兽mini | B1 | 🌟🌟🌟 | 杂货礼品 | ￥121/人 | 4.1 | ★ | 品种丰富，扭蛋快乐有谁懂 | “,ocr/input_videos\上海__美罗城__20260825.mp4
OBS-000542,美罗城,SAMMONTANA赛梦达意大利冰...,SAMMONTANA赛梦达意大利冰,冰淇淋,3.8,25,L4,rated,True,,rated,parsed,rating_anchor,0.9236,0.9473,51,5232,89.847,⭐3.8冰淇淋￥25/人 | L4,SAMMONTANA赛梦达意大利冰... | ⭐3.8冰淇淋￥25/人 | L4 | GELATI | ALL'ITALIANA,ocr/input_videos\上海__美罗城__20260825.mp4
OBS-000543,美罗城,欢囍花生,欢囍花生,栗子/干果,,47,B1,new_store,False,new_store,ocr_missing,parsed,metadata_anchor,0.956,0.995,56,5232,89.847,新店 | 栗子/干果￥47/人 | B1,欢囍花生 | 馬上 | 新店 | 栗子/干果￥47/人 | B1 | 欢囍 | 起欢囍花生,ocr/input_videos\上海__美罗城__20260825.mp4
OBS-000544,美罗城,LINE FRIENDS,LINEFRIENDS,杂货礼品,4.8,159,L2,rated,True,,rated,parsed,rating_anchor,0.9784,0.9883,47,5232,89.847,L2 | 杂货礼品￥159/人 | 🌟🌟⭐🌟🌟 | 4.8,LINE FRIENDS | PHOTO BOOTH | L2 | 杂货礼品￥159/人 | 🌟🌟⭐🌟🌟 | 4.8 | “周边可爱爆炸，适合情侣打卡” | 香港美心,ocr/input_videos\上海__美罗城__20260825.mp4
OBS-000545,美罗城,SAIMIMIONIANA费多还忌入利小.,SAIMIMIONIANA费多还忌入利小.,冰淇淋,3.8,25,L4,rated,True,,rated,parsed,rating_anchor,0.8496,0.7689,38,5328,91.495,3.8冰淇淋￥25/人 | L4,SAIMIMIONIANA费多还忌入利小. | 3.8冰淇淋￥25/人 | L4 | GELATI | ALLITALIANA,ocr/input_videos\上海__美罗城__20260825.mp4
OBS-000546,美罗城,欢囍花生,欢囍花生,栗子/干果,,47,B1,new_store,False,new_store,ocr_missing,parsed,metadata_anchor,0.9514,0.995,56,5328,91.495,新店 | B1 | 栗子/干果￥47/人,欢囍花生 | 馬上 | 新店 | B1 | 栗子/干果￥47/人 | 欢囍 | 一起欢囍花生,ocr/input_videos\上海__美罗城__20260825.mp4
OBS-000547,美罗城,LINE FRIENDS,LINEFRIENDS,杂货礼品,4.8,159,L2,rated,True,,rated,parsed,rating_anchor,0.9654,0.9611,44,5328,91.495,⭐🌟⭐⭐🌟 | 杂货礼品￥159/人 | L2 | 4.8,LINE FRIENDS | PHOTO BOOTK | ⭐🌟⭐⭐🌟 | 杂货礼品￥159/人 | L2 | 4.8 | 周边可爱爆炸，适合情侣打卡,ocr/input_videos\上海__美罗城__20260825.mp4
OBS-000548,美罗城,香港美心,香港美心,面包蛋糕,3.9,142,B1,rated,True,,rated,parsed,rating_anchor,0.9988,0.9996,53,5328,91.495,🌟🌟🌟🌟 | B1 | 面包蛋糕 | ￥142/人 | 3.9,香港美心 | 美心 | 🌟🌟🌟🌟 | 香港 | B1 | TM | 面包蛋糕 | ￥142/人 | 3.9 | 美心蛋卷，奶香四溢，试吃不失望 | KONGMX | HONG,ocr/input_videos\上海__美罗城__20260825.mp4
OBS-000549,美罗城,健安喜GNC,健安喜GNC,滋补品,3.9,584,L3,rated,True,,rated,parsed,rating_anchor,0.9719,0.9986,49,5328,91.495,🌟🌟🌟🌟🌟 | L3 | 滋补品￥584/人 | 3.9,健安喜GNC | 🌟🌟🌟🌟🌟 | L3 | 滋补品￥584/人 | 3.9,ocr/input_videos\上海__美罗城__20260825.mp4
OBS-000550,美罗城,ENZO,ENZO,钻石彩宝,4.2,5951,L1,rated,True,,rated,parsed,rating_anchor,0.9827,0.9981,51,5328,91.495,⭐🌟⭐★ | L1 | 钻石彩宝￥5951/人 | 4.2 | ★,ENZO | ENZO | ⭐🌟⭐★ | L1 | 钻石彩宝￥5951/人 | 4.2 | ★ | 款式新颖时尚，服务贴心周到 | 2,ocr/input_videos\上海__美罗城__20260825.mp4
OBS-000551,美罗城,SAIMIMIUNIANA费多还忌入利小,SAIMIMIUNIANA费多还忌入利小,冰淇淋,3.8,25,L4,rated,True,,rated,parsed,rating_anchor,0.8801,0.8178,37,5376,92.319,3.8冰淇淋￥25/人 | L4,SAIMIMIUNIANA费多还忌入利小 | 3.8冰淇淋￥25/人 | L4 | ALLITALIANA | GELATI,ocr/input_videos\上海__美罗城__20260825.mp4
OBS-000552,美罗城,欢囍花生,欢囍花生,栗子/干果,,47,B1,new_store,False,new_store,ocr_missing,parsed,metadata_anchor,0.9501,0.9971,56,5376,92.319,新店 | B1 | 栗子/干果￥47/人,欢囍花生 | 馬上 | 新店 | B1 | 栗子/干果￥47/人 | 欢囍 | 一起欢囍花生,ocr/input_videos\上海__美罗城__20260825.mp4
OBS-000553,美罗城,LINE FRIENDS,LINEFRIENDS,杂货礼品,4.8,159,L2,rated,True,,rated,parsed,rating_anchor,0.9784,0.9935,44,5376,92.319,L2 | 杂货礼品￥159/人 | 🌟🌟⭐🌟 | 4.8,LINE FRIENDS | PHOTO BOOTK | L2 | 杂货礼品￥159/人 | 🌟🌟⭐🌟 | 4.8 | 周边可爱爆炸，适合情侣打卡 | 7,ocr/input_videos\上海__美罗城__20260825.mp4
OBS-000554,美罗城,香港美心,香港美心,面包蛋糕,3.9,142,B1,rated,True,,rated,parsed,rating_anchor,0.9986,0.9996,53,5376,92.319,🌟🌟🌟★ | B1 | 面包蛋糕 | ￥142/人 | 3.9,香港美心 | 美心 | 香港 | TM | 🌟🌟🌟★ | B1 | 面包蛋糕 | ￥142/人 | 3.9 | 美心蛋卷，奶香四溢，试吃不失望 | HO N G | KONGMX,ocr/input_videos\上海__美罗城__20260825.mp4
OBS-000555,美罗城,健安喜GNC,健安喜GNC,滋补品,3.9,584,L3,rated,True,,rated,parsed,rating_anchor,0.9689,0.9981,52,5376,92.319,🌟🌟🌟🌟 | 滋补品￥584/人 | L3 | 3.9,健安喜GNC | 🌟🌟🌟🌟 | 滋补品￥584/人 | L3 | 3.9,ocr/input_videos\上海__美罗城__20260825.mp4
OBS-000556,美罗城,ENZO,ENZO,钻石彩宝,4.2,5951,L1,rated,True,,rated,parsed,rating_anchor,0.9989,0.9984,53,5376,92.319,⭐🌟⭐★ | L1 | 4.2 | 钻石彩宝 | ￥5951/人 | ★,ENZO | ENZO | ⭐🌟⭐★ | L1 | 4.2 | 钻石彩宝 | ￥5951/人 | ★ | 款式新颖时尚，服务贴心周到 | 7 | 荷李活 | 0 | 886 | A1EE8,ocr/input_videos\上海__美罗城__20260825.mp4
OBS-000557,美罗城,香港美心,香港美心,面包蛋糕,3.9,142,B1,rated,True,,rated,parsed,rating_anchor,0.9992,0.9995,56,5400,92.732,★★★★★ | B1 | 面包蛋糕 | ￥142/人 | 3.9,香港美心 | 美心 | ★★★★★ | 香港 | TM | B1 | 面包蛋糕 | ￥142/人 | 3.9 | 美心蛋卷，奶香四溢，试吃不失望 | HONGKONG MX,ocr/input_videos\上海__美罗城__20260825.mp4
OBS-000558,美罗城,健安喜GNC,健安喜GNC,滋补品,3.9,584,L3,rated,True,,rated,parsed,rating_anchor,0.9686,0.9975,55,5400,92.732,★★★★★ | L3 | 滋补品￥584/人 | 3.9,健安喜GNC | ★★★★★ | L3 | 滋补品￥584/人 | 3.9,ocr/input_videos\上海__美罗城__20260825.mp4
OBS-000559,美罗城,ENZO,ENZO,钻石彩宝,4.2,5951,L1,rated,True,,rated,parsed,rating_anchor,0.9689,0.9964,54,5400,92.732,🌟🌟🌟⭐ | ￥ | 钻石彩宝￥5951/人 | L1 | 4.2,ENZO | ENZO | 🌟🌟🌟⭐ | ￥ | 钻石彩宝￥5951/人 | L1 | 4.2 | 款式新颖时尚，服务贴心周到” | “,ocr/input_videos\上海__美罗城__20260825.mp4
OBS-000560,美罗城,荷李活,荷李活,零食,3.6,,L3,rated,True,,rated,parsed,rating_anchor,0.9781,0.9987,63,5400,92.732,3.6零食 | L3,荷李活 | 88 | 民量 | 3.6零食 | L3,ocr/input_videos\上海__美罗城__20260825.mp4
OBS-000561,美罗城,椿芽·鲜牛肉杭州拌川,椿芽·鲜牛肉杭州拌川,快餐简餐,4.0,47,L1,rated,True,,rated,parsed,rating_anchor,0.9553,0.9678,51,5400,92.732,🌟🌟⭐🌟 | L1 | 快餐简餐￥47/人 | 4.0,椿芽 | 椿芽·鲜牛肉杭州拌川 | 🌟🌟⭐🌟 | L1 | 快餐简餐￥47/人 | 4.0 | 点评榜单 | 徐家汇商圈小吃快餐热门榜第5名 | 鲜牛肉 | 杭州拌川 | ￥9.9 | ￥18油柑芭乐 | 5.5折 | 惠,ocr/input_videos\上海__美罗城__20260825.mp4
OBS-000562,美罗城,Swatch斯沃琪,Swatch斯沃琪,钟表,4.8,2154,L1,rated,True,,rated,parsed,rating_anchor,0.9725,0.9987,51,5400,92.732,★🌟★★★ | 钟表￥2154/人 | L1 | 4.8,Swatch斯沃琪 | ★🌟★★★ | 钟表￥2154/人 | L1 | 4.8 | 点评榜单 | 徐家汇商圈钟表好评榜第2名 | 服务贴心，表链更换电池超方便 | 3,ocr/input_videos\上海__美罗城__20260825.mp4
OBS-000563,美罗城,ENZO,ENZO,钻石彩宝,4.2,5951,L1,rated,True,,rated,parsed,rating_anchor,0.9786,0.9958,54,5448,93.556,⭐🌟⭐⭐ | L1 | 4.2 | 钻石彩宝￥5951/人,ENZO | ENZO | ⭐🌟⭐⭐ | L1 | 4.2 | 钻石彩宝￥5951/人 | 款式新颖时尚，服务贴心周到”,ocr/input_videos\上海__美罗城__20260825.mp4
OBS-000564,美罗城,荷李活,荷李活,零食,3.6,,L3,rated,True,,rated,parsed,rating_anchor,0.9977,0.9991,58,5448,93.556,3.6零食 | L3 | 🌟🌟⭐🌟🌟,荷李活 | 福) | 8 | A1ES8 | 3.6零食 | L3 | 🌟🌟⭐🌟🌟,ocr/input_videos\上海__美罗城__20260825.mp4
OBS-000565,美罗城,椿芽·鲜牛肉杭州拌川,椿芽·鲜牛肉杭州拌川,快餐简餐,4.0,47,L1,rated,True,,rated,parsed,rating_anchor,0.9845,0.9717,51,5448,93.556,L1 | 🌟🌟⭐⭐ | ￥47/人 | 快餐简餐 | 4.0 | ★,椿芽 | 椿芽·鲜牛肉杭州拌川 | L1 | 🌟🌟⭐⭐ | ￥47/人 | 快餐简餐 | 4.0 | ★ | 点评榜单 | 徐家汇商圈小吃快餐热门榜第5名 | 鲜牛肉 | 杭州拌川 | 5.5折 | ￥9.9 | ￥18油柑芭乐 | 惠,ocr/input_videos\上海__美罗城__20260825.mp4
OBS-000566,美罗城,Swatch斯沃琪,Swatch斯沃琪,钟表,4.8,2154,L1,rated,True,,rated,parsed,rating_anchor,0.9693,0.9973,51,5448,93.556,4.8钟表￥2154/人 | L1,Swatch斯沃琪 | 4.8钟表￥2154/人 | L1 | swatch田 | 瑞士斯沃琪表 | 点评榜单 | 徐家汇商圈钟表好评榜第2名 | “服务贴心，表链更换电池超便 | 5,ocr/input_videos\上海__美罗城__20260825.mp4
OBS-000567,美罗城,BUTTER&FISH黄油&渔·黄油手,BUTTER&FISH黄油&渔·黄油手,小吃快餐,3.4,86,B1,rated,True,,rated,parsed,rating_anchor,0.9447,0.9347,54,5448,93.556,3.4小吃快餐￥86/人 | B1,BUTTER&FISH黄油&渔·黄油手 | 3.4小吃快餐￥86/人 | B1,ocr/input_videos\上海__美罗城__20260825.mp4
OBS-000568,美罗城,三生釜饭,三生釜饭,韩式料理,,,L3,new_store,False,new_store,ocr_missing,parsed,metadata_anchor,0.9996,0.9995,57,5448,93.556,新店 | 韩式料理 | L3,三生釜饭 | 新店 | 韩式料理 | L3,ocr/input_videos\上海__美罗城__20260825.mp4
OBS-000569,美罗城,BUTTER&FISH黄油&渔·黃油手.,BUTTER&FISH黄油&渔·黄油手.,小吃快餐,3.4,86,B1,rated,True,,rated,parsed,rating_anchor,0.959,0.92,62,5520,94.792,B1 | 🌟🌟🌟 | 3.4小吃快餐 | ★★ | ￥86/人,BUTTER&FISH黄油&渔·黃油手. | B1 | 🌟🌟🌟 | 3.4小吃快餐 | ★★ | ￥86/人,ocr/input_videos\上海__美罗城__20260825.mp4
OBS-000570,美罗城,三生釜饭,三生釜饭,韩式料理,,,L3,new_store,False,new_store,ocr_missing,parsed,metadata_anchor,0.9997,0.9995,56,5520,94.792,新店 | L3 | 韩式料理,三生釜饭 | 新店 | L3 | 韩式料理,ocr/input_videos\上海__美罗城__20260825.mp4
OBS-000571,美罗城,李若桃,李若桃,酸奶鲜奶,,,L1,unrated,False,explicitly_unrated,unrated,parsed,unrated_anchor,0.9992,0.9995,60,5520,94.792,酸奶鲜奶 | ★★★★★ | 暂无星级 | L1,李若桃 | 酸奶鲜奶 | 1000杯 | ★★★★★ | 暂无星级 | L1 | 即将开业,ocr/input_videos\上海__美罗城__20260825.mp4
OBS-000572,美罗城,大师卤肉饭,大师卤肉饭,小吃快餐,,,商场内,unrated,False,explicitly_unrated,unrated,parsed,unrated_anchor,0.9986,0.9978,57,5520,94.792,★★🌟★ | 小吃快餐 | 商场内 | 暂无星级,大师卤肉饭 | ★★🌟★ | 小吃快餐 | 商场内 | 暂无星级,ocr/input_videos\上海__美罗城__20260825.mp4
OBS-000573,美罗城,Softlife,Softlife,购物,4.5,190,B1,rated,True,,rated,parsed,rating_anchor,0.9827,0.9995,50,5520,94.792,4.5购物￥190/人 | 🌟🌟🎉🌟🌟 | B1,Softlife | 4.5购物￥190/人 | 🌟🌟🎉🌟🌟 | B1 | Boptde.,ocr/input_videos\上海__美罗城__20260825.mp4
OBS-000574,美罗城,西湖碗·爆炒牛肉面茶店,西湖碗·爆炒牛肉面茶店,面馆,,,L1,unrated,False,explicitly_unrated,unrated,parsed,unrated_anchor,0.9944,0.99,54,5520,94.792,面馆 | ⭐🌟💥🌟 | 暂无星级 | L1,西湖碗·爆炒牛肉面茶店 | 面馆 | ⭐🌟💥🌟 | 暂无星级 | L1,ocr/input_videos\上海__美罗城__20260825.mp4
OBS-000575,美罗城,BUTTER&FISH黄油&渔·黄油手,BUTTER&FISH黄油&渔·黄油手,小吃快餐,3.4,86,B1,rated,True,,rated,parsed,rating_anchor,0.9472,0.9287,57,5568,95.617,3.4小吃快餐￥86/人 | B1,BUTTER&FISH黄油&渔·黄油手 | 3.4小吃快餐￥86/人 | B1,ocr/input_videos\上海__美罗城__20260825.mp4
OBS-000576,美罗城,三生釜饭,三生釜饭,韩式料理,,,L3,new_store,False,new_store,ocr_missing,parsed,metadata_anchor,0.9993,0.999,57,5568,95.617,新店 | 韩式料理 | L3,三生釜饭 | 新店 | 韩式料理 | L3,ocr/input_videos\上海__美罗城__20260825.mp4
OBS-000577,美罗城,李若桃,李若桃,酸奶鲜奶,,,L1,unrated,False,explicitly_unrated,unrated,parsed,unrated_anchor,0.9942,0.9992,59,5568,95.617,⭐⭐🌟🌟⭐ | 暂无星级 | 酸奶鲜奶 | L1,李若桃 | ⭐⭐🌟🌟⭐ | 暂无星级 | 酸奶鲜奶 | L1 | 31000 | 2 | 即将开业,ocr/input_videos\上海__美罗城__20260825.mp4
OBS-000578,美罗城,大师卤肉饭,大师卤肉饭,小吃快餐,,,商场内,unrated,False,explicitly_unrated,unrated,parsed,unrated_anchor,0.9985,0.9973,55,5568,95.617,小吃快餐 | 商场内 | 暂无星级 | 🌟🌟🌟🌟🌟,大师卤肉饭 | 小吃快餐 | 商场内 | 暂无星级 | 🌟🌟🌟🌟🌟,ocr/input_videos\上海__美罗城__20260825.mp4
OBS-000579,美罗城,Softlife,Softlife,购物,4.5,190,B1,rated,True,,rated,parsed,rating_anchor,0.9732,0.9997,50,5568,95.617,4.5购物￥190/人 | B1,Softlife | 4.5购物￥190/人 | B1 | BoFt6G,ocr/input_videos\上海__美罗城__20260825.mp4
OBS-000580,美罗城,西湖碗·爆炒牛肉面茶店,西湖碗·爆炒牛肉面茶店,面馆,,,L1,unrated,False,explicitly_unrated,unrated,parsed,unrated_anchor,0.9953,0.9922,58,5568,95.617,面馆 | 暂无星级 | ★🌟★★★ | L1,西湖碗·爆炒牛肉面茶店 | 爆炒牛肉面 | 面馆 | 暂无星级 | ★🌟★★★ | L1 | 暂停营业,ocr/input_videos\上海__美罗城__20260825.mp4
OBS-000581,美罗城,Softlife,Softlife,购物,4.5,190,B1,rated,True,,rated,parsed,rating_anchor,0.9757,0.9971,55,5616,96.441,4.5购物￥190/人 | B1,Softlife | 4.5购物￥190/人 | B1,ocr/input_videos\上海__美罗城__20260825.mp4
OBS-000582,美罗城,西湖碗·爆炒牛肉面茶店,西湖碗·爆炒牛肉面茶店,面馆,,,L1,unrated,False,explicitly_unrated,unrated,parsed,unrated_anchor,0.9955,0.9923,61,5616,96.441,面馆 | L1 | ★★★★★ | 暂无星级,WTh | 西湖碗·爆炒牛肉面茶店 | 爆炒牛肉面 | 面馆 | L1 | ★★★★★ | 暂无星级 | 暂停营业,ocr/input_videos\上海__美罗城__20260825.mp4
OBS-000583,美罗城,JUMPCAFE航海王主题餐厅,JUMPCAFE航海王主题餐厅,其他中餐,,,L2,new_store,False,new_store,ocr_missing,parsed,metadata_anchor,0.9988,0.9978,53,5616,96.441,新店 | L2 | 其他中餐,JUMPCAFE航海王主题餐厅 | 新店 | L2 | 其他中餐 | 美食,ocr/input_videos\上海__美罗城__20260825.mp4
OBS-000584,美罗城,LOFT,LOFT,居家日用,4.8,98,L2,rated,True,,rated,parsed,rating_anchor,0.9893,0.9992,54,5616,96.441,4.8居家日用 | L2 | ￥98/人,LOFT | 4.8居家日用 | L2 | ￥98/人 | 二次元集货天堂，梳妆台和写字台都能...,ocr/input_videos\上海__美罗城__20260825.mp4
OBS-000585,美罗城,转转二手回收,转转二手回收,手机数码回收,3.3,,L2,rated,True,,rated,parsed,rating_anchor,0.9998,0.9998,58,5616,96.441,🌟🌟🌟⭐🌟 | L2 | 3.3 | 手机数码回收,转转二手回收 | 🌟🌟🌟⭐🌟 | L2 | 3.3 | 手机数码回收 | 转转 | レ,ocr/input_videos\上海__美罗城__20260825.mp4
OBS-000586,美罗城,niko and·COFFEE,nikoand·COFFEE,服饰鞋包,4.8,285,B1,rated,True,,rated,parsed,rating_anchor,0.9914,0.9833,50,5616,96.441,B1 | 🌟🌟🌟🌟🌟 | 服饰鞋包 | ￥285/人 | 4.8,niko and·COFFEE | B1 | 🌟🌟🌟🌟🌟 | 服饰鞋包 | ￥285/人 | 4.8 | niko and .. | 点评榜单 | 徐家汇商圈服饰鞋包好评榜第7名 | “绿色特饮抹茶牛奶味 | 装饰巧克力超喜欢“,ocr/input_videos\上海__美罗城__20260825.mp4
OBS-000587,美罗城,Softlife,Softlife,购物,4.5,190,B1,rated,True,,rated,parsed,rating_anchor,0.9654,0.9995,50,5640,96.853,B1 | ⭐4.5购物￥190/人,Softlife | B1 | ⭐4.5购物￥190/人 | BF,ocr/input_videos\上海__美罗城__20260825.mp4
OBS-000588,美罗城,西湖碗·爆炒牛肉面茶店,西湖碗·爆炒牛肉面茶店,面馆,,,L1,unrated,False,explicitly_unrated,unrated,parsed,unrated_anchor,0.9938,0.9887,55,5640,96.853,面馆 | 暂无星级 | ★★★★★ | L1,西湖碗·爆炒牛肉面茶店 | 面馆 | 爆炒牛肉面 | 暂无星级 | ★★★★★ | L1 | 暂停营业,ocr/input_videos\上海__美罗城__20260825.mp4
OBS-000589,美罗城,JUMPCAFE航海王主题餐厅,JUMPCAFE航海王主题餐厅,其他中餐,,,L2,new_store,False,new_store,ocr_missing,parsed,metadata_anchor,0.9989,0.9981,54,5640,96.853,新店 | 其他中餐 | L2,JUMPCAFE航海王主题餐厅 | 新店 | 其他中餐 | L2 | 美食,ocr/input_videos\上海__美罗城__20260825.mp4
OBS-000590,美罗城,LOFT,LOFT,居家日用,4.8,98,L2,rated,True,,rated,parsed,rating_anchor,0.9721,0.9991,56,5640,96.853,4.8 | L2 | 居家日用￥98/人,LOFT | 4.8 | L2 | 居家日用￥98/人 | 二次元集货天堂，梳妆台和写字台都能...,ocr/input_videos\上海__美罗城__20260825.mp4
OBS-000591,美罗城,转转二手回收,转转二手回收,手机数码回收,3.3,,L2,rated,True,,rated,parsed,rating_anchor,0.9993,0.9999,55,5640,96.853,⭐🌟⭐ | 3.3手机数码回收 | L2 | ★★,转转二手回收 | ⭐🌟⭐ | 3.3手机数码回收 | L2 | ★★ | 转转,ocr/input_videos\上海__美罗城__20260825.mp4
OBS-000592,美罗城,niko and·COFFEE,nikoand·COFFEE,服饰鞋包,4.8,285,B1,rated,True,,rated,parsed,rating_anchor,0.975,0.9863,47,5640,96.853,B1 | ★★★★★ | 服饰鞋包￥285/人 | 4.8,niko and·COFFEE | B1 | ★★★★★ | 服饰鞋包￥285/人 | 4.8 | niko and .. | 点评榜单 | 徐家汇商圈服饰鞋包好评榜第7名 | 绿色特饮抹茶牛奶味，装饰巧克力超喜欢,ocr/input_videos\上海__美罗城__20260825.mp4
OBS-000593,美罗城,Softlife,Softlife,购物,4.5,190,B1,rated,True,,rated,parsed,rating_anchor,0.9691,0.9886,53,5664,97.265,4.5购物￥190/人 | B1,Softlife | 4.5购物￥190/人 | B1 | a,ocr/input_videos\上海__美罗城__20260825.mp4
OBS-000594,美罗城,西湖碗·爆炒牛肉面茶店,西湖碗·爆炒牛肉面茶店,面馆,,,L1,unrated,False,explicitly_unrated,unrated,parsed,unrated_anchor,0.9956,0.9921,54,5664,97.265,面馆 | L1 | ★★★★★ | 暂无星级,WTA | 西湖碗·爆炒牛肉面茶店 | 面馆 | 爆炒牛肉面 | L1 | ★★★★★ | 暂无星级 | 暂停营业,ocr/input_videos\上海__美罗城__20260825.mp4
OBS-000595,美罗城,JUMPCAFE航海王主题餐厅,JUMPCAFE航海王主题餐厅,其他中餐,,,L2,new_store,False,new_store,ocr_missing,parsed,metadata_anchor,0.9989,0.9979,54,5664,97.265,新店 | 其他中餐 | L2,JUMPCAFE航海王主题餐厅 | 新店 | 其他中餐 | L2 | 美食,ocr/input_videos\上海__美罗城__20260825.mp4
OBS-000596,美罗城,LOFT,LOFT,居家日用,4.8,98,L2,rated,True,,rated,parsed,rating_anchor,0.9785,0.9988,57,5664,97.265,4.8居家日用￥98/人 | L2,LOFT | 4.8居家日用￥98/人 | L2 | 二次元集货天堂，梳妆台和写字台都能...,ocr/input_videos\上海__美罗城__20260825.mp4
OBS-000597,美罗城,转转二手回收,转转二手回收,手机数码回收,3.3,,L2,rated,True,,rated,parsed,rating_anchor,0.9997,0.9997,55,5664,97.265,⭐🌟⭐ | L2 | 手机数码回收 | ★★ | 3.3,转转二手回收 | ⭐🌟⭐ | L2 | 手机数码回收 | ★★ | 3.3 | 转转 | L,ocr/input_videos\上海__美罗城__20260825.mp4
OBS-000598,美罗城,niko and·COFFEE,nikoand·COFFEE,服饰鞋包,4.8,285,B1,rated,True,,rated,parsed,rating_anchor,0.9749,0.9786,48,5664,97.265,B1 | 🌟🌟🌟🎉🌟 | 服饰鞋包￥285/人 | 4.8,niko and·COFFEE | B1 | 🌟🌟🌟🎉🌟 | 服饰鞋包￥285/人 | 4.8 | niko and .. | 点评榜单 | 徐家汇商圈服饰鞋包好评榜第7名 | 绿色特饮抹茶牛奶味，装饰巧克力超喜欢,ocr/input_videos\上海__美罗城__20260825.mp4
OBS-000599,美罗城,LOFT,LOFT,居家日用,4.8,98,L2,rated,True,,rated,parsed,rating_anchor,0.9788,0.9988,58,5712,98.089,4.8居家日用￥98/人 | L2,LOFT | 4.8居家日用￥98/人 | L2 | 二次元集货天堂，梳妆台和写字台都能...,ocr/input_videos\上海__美罗城__20260825.mp4
OBS-000600,美罗城,转转二手回收,转转二手回收,手机数码回收,3.3,,L2,rated,True,,rated,parsed,rating_anchor,0.9384,0.9998,56,5712,98.089,⭐⭐⭐⭐3.3 手机数码回收 | L2,转转二手回收 | ⭐⭐⭐⭐3.3 手机数码回收 | L2 | 转转 | Z,ocr/input_videos\上海__美罗城__20260825.mp4
OBS-000601,美罗城,niko and·COFFEE,nikoand·COFFEE,服饰鞋包,4.8,285,B1,rated,True,,rated,parsed,rating_anchor,0.9757,0.9851,51,5712,98.089,🌟🌟🌟⭐⭐ | B1 | 服饰鞋包￥285/人 | 4.8,niko and·COFFEE | 🌟🌟🌟⭐⭐ | B1 | 服饰鞋包￥285/人 | 4.8 | niko and ... | 点评榜单 | 徐家汇商圈服饰鞋包好评榜第7名 | 绿色特饮抹茶牛奶味，装饰巧克力超喜欢,ocr/input_videos\上海__美罗城__20260825.mp4
OBS-000602,美罗城,ajidou阿吉豆,ajidou阿吉豆,配饰,4.4,257,L4,rated,True,,rated,parsed,rating_anchor,0.9782,0.999,65,5712,98.089,★★★★ | 4.4配饰￥257/人 | L4,ajidou阿吉豆 | ★★★★ | 4.4配饰￥257/人 | L4 | ajidou | “ | 售后服务贴心，饰品潮且有品味,ocr/input_videos\上海__美罗城__20260825.mp4
OBS-000603,美罗城,F'Nail美甲生活,F'Nail美甲生活,美甲,4.4,187,L3,rated,True,,rated,parsed,rating_anchor,0.9688,0.9884,54,5712,98.089,4.4美甲￥187/人 | L3,F'Nail美甲生活 | 4.4美甲￥187/人 | L3 | “美甲款式多样，还能私定制” | 5 | ￥29.9￥68 | 惠 | 【安心卸甲】卸甲服务,ocr/input_videos\上海__美罗城__20260825.mp4
OBS-000604,美罗城,追觅Dreame,追觅Dreame,家用电器,4.0,3047,L7,rated,True,,rated,parsed,rating_anchor,0.9769,0.9995,57,5712,98.089,4.0家用电器￥3047/人 | L7,追觅Dreame | 4.0家用电器￥3047/人 | L7,ocr/input_videos\上海__美罗城__20260825.mp4
OBS-000605,美罗城,转转二手回收,转转二手回收,手机数码回收,3.3,,L2,rated,True,,rated,parsed,rating_anchor,0.9459,0.9998,55,5724,98.295,⭐⭐⭐3.3手机数码回收 | L2,转转二手回收 | ⭐⭐⭐3.3手机数码回收 | L2 | 转转,ocr/input_videos\上海__美罗城__20260825.mp4
OBS-000606,美罗城,niko and·COFFEE,nikoand·COFFEE,服饰鞋包,4.8,285,B1,rated,True,,rated,parsed,rating_anchor,0.9694,0.9753,48,5724,98.295,🌟🌈4.8 | B1 | 服饰鞋包￥285/人,niko and·COFFEE | 🌟🌈4.8 | B1 | 服饰鞋包￥285/人 | niko and .. | 点评榜单 | 徐家汇商圈服饰鞋包好评榜第7名 | 绿色特饮抹茶牛奶味，装饰巧克力超喜欢,ocr/input_videos\上海__美罗城__20260825.mp4
OBS-000607,美罗城,ajidou阿吉豆,ajidou阿吉豆,配饰,4.4,257,L4,rated,True,,rated,parsed,rating_anchor,0.9766,0.9992,62,5724,98.295,🌟🌟🌟🌟 | L4 | 配饰￥257/人 | 4.4 | ★,ajidou阿吉豆 | 🌟🌟🌟🌟 | L4 | 配饰￥257/人 | 4.4 | ★ | ajidou | 售后服务贴心，饰品潮且有品味,ocr/input_videos\上海__美罗城__20260825.mp4
OBS-000608,美罗城,F'Nail美甲生活,F'Nail美甲生活,美甲,4.4,187,L3,rated,True,,rated,parsed,rating_anchor,0.9609,0.9927,54,5724,98.295,4.4美甲￥187/人 | L3,F'Nail美甲生活 | FNa | 美甲全活 | 4.4美甲￥187/人 | L3 | 美甲款式多样，还能私人定制” | “ | 轻老手工穿戴甲 | ￥29.9￥68 | 惠 | 【安心卸甲】卸甲服务,ocr/input_videos\上海__美罗城__20260825.mp4
OBS-000609,美罗城,追觅Dreame,追觅Dreame,家用电器,4.0,3047,L1,rated,True,,rated,parsed,rating_anchor,0.983,0.9994,55,5724,98.295,4.0家用电器￥3047/人 | L1,DREAME 追觅 | 追觅Dreame | 4.0家用电器￥3047/人 | L1 | 款式丰富，扫地机器人性能介绍热情,ocr/input_videos\上海__美罗城__20260825.mp4
OBS-000610,美罗城,转转二手回收,转转二手回收,手机数码回收,3.3,,L2,rated,True,,rated,parsed,rating_anchor,0.9721,0.9999,55,5760,98.914,⭐⭐3.3手机数码回收 | L2,转转二手回收 | ⭐⭐3.3手机数码回收 | L2 | 转转,ocr/input_videos\上海__美罗城__20260825.mp4
OBS-000611,美罗城,niko and·COFFEE,nikoand·COFFEE,服饰鞋包,4.8,285,B1,rated,True,,rated,parsed,rating_anchor,0.9697,0.9804,48,5760,98.914,B1 | 服饰鞋包￥285/人 | 🌟🌟🌟4.8,niko and·COFFEE | B1 | 服饰鞋包￥285/人 | 🌟🌟🌟4.8 | niko and ... | 点评榜单 | 徐家汇商圈服饰鞋包好评榜第7名 | 绿色特饮抹茶牛奶味，装饰巧克力超喜欢,ocr/input_videos\上海__美罗城__20260825.mp4
OBS-000612,美罗城,ajidou阿吉豆,ajidou阿吉豆,配饰,4.4,257,L4,rated,True,,rated,parsed,rating_anchor,0.9754,0.9993,65,5760,98.914,🌟🌟🎉🎉 | L4 | 配饰￥257/人 | 4.4 | ★,ajidou阿吉豆 | 🌟🌟🎉🎉 | L4 | 配饰￥257/人 | 4.4 | ★ | ajidou | 售后服务贴心，饰品潮且有品味,ocr/input_videos\上海__美罗城__20260825.mp4
OBS-000613,美罗城,F'Nail美甲生活,F'Nail美甲生活,美甲,4.4,187,L3,rated,True,,rated,parsed,rating_anchor,0.9657,0.9817,52,5760,98.914,⭐🌟⭐⭐4.4 | L3 | 美甲￥187/人,F'Nail美甲生活 | FNa | 美甲生活 | ⭐🌟⭐⭐4.4 | L3 | 美甲￥187/人 | 美甲款式多样，还能私人定制” | “ | 轻套手工穿戴甲 | ￥29.9￥68 | 【安心卸甲】卸甲服务 | 惠,ocr/input_videos\上海__美罗城__20260825.mp4
OBS-000614,美罗城,追觅Dreame,追觅Dreame,家用电器,4.0,3047,L1,rated,True,,rated,parsed,rating_anchor,0.983,0.9995,59,5760,98.914,🌟🌟🌟🎉⭐ | 4.0家用电器￥3047/人 | L1,追觅Dreame | DREAME 追觅 | 🌟🌟🌟🎉⭐ | 4.0家用电器￥3047/人 | L1 | 款式丰富，扫地机器人性能介绍热情,ocr/input_videos\上海__美罗城__20260825.mp4
OBS-000615,美罗城,Campus style,Campusstyle,办公用具,4.9,76,B1,rated,True,,rated,parsed,rating_anchor,0.977,0.9991,59,5760,98.914,办公用具￥76/人 | B1 | 🌟🌟🎉🌟🎉 | 4.9,Campus style | 办公用具￥76/人 | B1 | 🌟🌟🎉🌟🎉 | 4.9 | 点评榜单 | 徐家汇商圈购物好评榜第7名,ocr/input_videos\上海__美罗城__20260825.mp4
OBS-000616,美罗城,F'Nail美甲生活,F'Nail美甲生活,美甲,4.4,187,L3,rated,True,,rated,parsed,rating_anchor,0.9385,0.9702,52,5820,99.944,★4.4美甲￥187/人 | L3,F'Nail美甲生活 | FNa | 美甲生活 | ★4.4美甲￥187/人 | L3 | 美甲款式多样，还能私人定制” | “ | 轻老手工穿戴甲 | ￥29.9￥68 | 惠 | 【安心卸甲】卸甲服务,ocr/input_videos\上海__美罗城__20260825.mp4
OBS-000617,美罗城,追觅Dreame,追觅Dreame,家用电器,4.0,3047,L1,rated,True,,rated,parsed,rating_anchor,0.9997,0.9995,58,5820,99.944,L1 | 🌟🌟🌟 | ￥3047/人 | 家用电器 | 4.0 | ★,追觅Dreame | DREAME 追觅 | L1 | 🌟🌟🌟 | ￥3047/人 | 家用电器 | 4.0 | ★ | 款式丰富，扫地机器人性能介绍热情 | S,ocr/input_videos\上海__美罗城__20260825.mp4
OBS-000618,美罗城,Campus style,Campusstyle,办公用具,4.9,76,B1,rated,True,,rated,parsed,rating_anchor,0.9757,0.9993,58,5820,99.944,办公用具￥76/人 | B1 | ⭐🌟★⭐🌟 | 4.9,Campus style | S | 办公用具￥76/人 | B1 | ⭐🌟★⭐🌟 | 4.9 | 点评榜单 | 徐家汇商圈购物好评榜第7名 | 设计感爆棚，环保理念超赞 | 33,ocr/input_videos\上海__美罗城__20260825.mp4
OBS-000619,美罗城,YOOOO SHOP,YOOOOSHOP,杂货礼品,4.5,57,L2,rated,True,,rated,parsed,rating_anchor,0.9757,0.9828,48,5820,99.944,L2 | ★★★★★ | 4.5杂货礼品￥57/人,YOOOO SHOP | OOoDSHOP | L2 | ★★★★★ | 4.5杂货礼品￥57/人 | 点评榜单 | 徐汇区有趣杂货铺榜第4名 | 手办密密麻麻，饮品铺子超有趣 | 5,ocr/input_videos\上海__美罗城__20260825.mp4
OBS-000620,美罗城,三星授权体验店,三星授权体验店,数码产品,4.8,8323,L1,rated,True,,rated,parsed,rating_anchor,0.9871,0.9998,52,5820,99.944,L1 | ⭐🌟🎉🎉4.8 | 数码产品￥8323/人,三星授权体验店 | GdiaxyZFoic8Utro Fokd8 | GniauyAee | L1 | ⭐🌟🎉🎉4.8 | 数码产品￥8323/人 | 产品丰富可体验，服务热心周到,ocr/input_videos\上海__美罗城__20260825.mp4
OBS-000621,美罗城,F'Nail美甲生活,F'Nail美甲生活,美甲,4.4,187,L3,rated,True,,rated,parsed,rating_anchor,0.9483,0.9801,52,5880,100.974,4.4美甲￥187/人 | L3,F'Nail美甲生活 | FNa | 美甲生活 | 4.4美甲￥187/人 | L3 | 美甲款式多样，还能私人定制” | “ | 轻老手工穿戴甲 | ￥29.9￥68 | 【安心卸甲】卸甲服务 | 惠,ocr/input_videos\上海__美罗城__20260825.mp4
OBS-000622,美罗城,追觅Dreame,追觅Dreame,家用电器,4.0,3047,L1,rated,True,,rated,parsed,rating_anchor,0.9752,0.9995,57,5880,100.974,L1 | 🌟🌟🌟🌟 | 家用电器￥3047/人 | 4.0 | ★,DREAME 追觅 | 追觅Dreame | L1 | 🌟🌟🌟🌟 | 家用电器￥3047/人 | 4.0 | ★ | 款式丰富，扫地机器人性能介绍热情 | G,ocr/input_videos\上海__美罗城__20260825.mp4
OBS-000623,美罗城,Campus style,Campusstyle,办公用具,4.9,76,B1,rated,True,,rated,parsed,rating_anchor,0.9729,0.9992,58,5880,100.974,🌟🌟⭐⭐🌟 | 办公用具￥76/人 | B1 | 4.9,Campus style | 打 | 🌟🌟⭐⭐🌟 | 办公用具￥76/人 | B1 | 4.9 | 点评榜单 | 徐家汇商圈购物好评榜第7名 | 设计感爆棚，环保理念超赞 | 53,ocr/input_videos\上海__美罗城__20260825.mp4
OBS-000624,美罗城,YOOOO SHOP,YOOOOSHOP,杂货礼品,4.5,57,L2,rated,True,,rated,parsed,rating_anchor,0.9539,0.9475,45,5880,100.974,L2 | 🌟🌟🌟🌟🌟 | 4.5 | 杂货礼品￥57/人,YOOOO SHOP | POOoDSHOP | L2 | 🌟🌟🌟🌟🌟 | 4.5 | 杂货礼品￥57/人 | 点评榜单 | 徐汇区有趣杂货铺榜第4名 | 手办密密麻麻，饮品铺子超有趣 | 3,ocr/input_videos\上海__美罗城__20260825.mp4
OBS-000625,美罗城,三星授权体验店,三星授权体验店,数码产品,4.8,8323,L1,rated,True,,rated,parsed,rating_anchor,0.9872,0.9997,52,5880,100.974,L1 | 🌟🌟🎉🎉🌟4.8 | 数码产品￥8323/人,三星授权体验店 | GdlaxyZFoic8Utro Fold8 | GniauyAee | L1 | 🌟🌟🎉🎉🌟4.8 | 数码产品￥8323/人 | 产品丰富可体验，服务热心周到 | ROG玩家国度,ocr/input_videos\上海__美罗城__20260825.mp4
OBS-000626,美罗城,三星授权体验店,三星授权体验店,数码产品,4.8,8323,L1,rated,True,,rated,parsed,rating_anchor,0.9881,0.9997,51,5940,102.005,🌟🌟🌈4.8 | L1 | 数码产品￥8323/人,三星授权体验店 | CaaxyZFOcUrFok | Cdiaryk | 🌟🌟🌈4.8 | L1 | 数码产品￥8323/人 | “产品丰富可体验，服务热周到”,ocr/input_videos\上海__美罗城__20260825.mp4
OBS-000627,美罗城,ROG玩家国度,ROG玩家国度,数码产品,4.8,17018,L3,rated,True,,rated,parsed,rating_anchor,0.9837,0.9992,51,5940,102.005,L3 | 🌟🌟🌟🎉🎉 | 数码产品￥17018/人 | 4.8,ROG玩家国度 | L3 | 🌟🌟🌟🎉🎉 | 数码产品￥17018/人 | 4.8 | 外设新款机器多，服务环境好” | 政府补贴15% | 座高立源1500元 | 【电脑清灰】ROG笔记本... | ￥169￥199 | 惠,ocr/input_videos\上海__美罗城__20260825.mp4
OBS-000628,美罗城,DJI大疆,DJI大疆,数码产品,4.8,3110,L1,rated,True,,rated,parsed,rating_anchor,0.9798,0.9983,53,5940,102.005,⭐🌟⭐⭐⭐4.8 | 数码产品￥3110/人 | L1,DJI大疆 | ı | ⭐🌟⭐⭐⭐4.8 | 数码产品￥3110/人 | L1 | 试玩试飞体验佳，服务热情周到” | 授权体验店,ocr/input_videos\上海__美罗城__20260825.mp4
OBS-000629,美罗城,TAPIOCA,TAPIOCA,杂货礼品,4.6,102,L2,rated,True,,rated,parsed,rating_anchor,0.9874,0.9978,49,5940,102.005,L2 | 🌟🌟🌟🌟🌟 | 4.6杂货礼品￥102/人,TAPIOCA | TAPOCA | L2 | 🌟🌟🌟🌟🌟 | 4.6杂货礼品￥102/人 | 店铺粉粉嫩嫩，还有卡座位拍照,ocr/input_videos\上海__美罗城__20260825.mp4
OBS-000630,美罗城,三丽鸥Sanrio Gift Gate,三丽鸥SanrioGiftGate,杂货礼品,4.9,182,B1,rated,True,,rated,parsed,rating_anchor,0.9712,0.9773,53,5940,102.005,★★★★4.9 | 杂货礼品￥182/人 | B1,三丽鸥Sanrio Gift Gate | ★★★★4.9 | 杂货礼品￥182/人 | B1 | SANRIO | 点评榜单 | GIFT GATE | 徐汇区杂货礼品热门榜第6名 | 店面宽敬可打卡拍照，热门款发售快,ocr/input_videos\上海__美罗城__20260825.mp4
OBS-000631,美罗城,三小姐的花,三小姐的花,花店,4.6,178,L3,rated,True,,rated,parsed,rating_anchor,0.9766,0.9995,53,5940,102.005,L3 | 4.6花店￥178/人,三小姐的花 | 开业乔迁花篮 | 全城免费配送 | L3 | 4.6花店￥178/人 | 花特别大，要几个人才能抬得动,ocr/input_videos\上海__美罗城__20260825.mp4
OBS-000632,美罗城,ROG玩家国度,ROG玩家国度,数码产品,4.8,17018,L3,rated,True,,rated,parsed,rating_anchor,0.9844,0.9994,50,5964,102.417,⭐⭐⭐4.8 | 数码产品￥17018/人 | L3,ROG玩家国度 | ⭐⭐⭐4.8 | 数码产品￥17018/人 | L3 | “外设新款机器多，服务环境好” | 政府补贴15% | 深高立证1500元 | ￥169￥199 | 【电脑清灰】ROG笔记本... | 惠,ocr/input_videos\上海__美罗城__20260825.mp4
OBS-000633,美罗城,DJI大疆,DJI大疆,数码产品,4.8,3110,L1,rated,True,,rated,parsed,rating_anchor,0.9774,0.9994,54,5964,102.417,🌟🎉🎉🌟4.8 | L1 | 数码产品￥3110/人,DJI大疆 | 山 | 🌟🎉🎉🌟4.8 | L1 | 数码产品￥3110/人 | “试玩试飞体验佳，服务热情周到” | 授权体验店,ocr/input_videos\上海__美罗城__20260825.mp4
OBS-000634,美罗城,TAPIOCA,TAPIOCA,杂货礼品,4.6,102,L2,rated,True,,rated,parsed,rating_anchor,0.9829,0.9973,48,5964,102.417,★★★★★ | L2 | 杂货礼品￥102/人 | 4.6,TAPIOCA | ★★★★★ | L2 | 杂货礼品￥102/人 | 4.6 | 店铺粉粉嫩嫩，还有卡座位拍照 | S,ocr/input_videos\上海__美罗城__20260825.mp4
OBS-000635,美罗城,三丽鸥Sanrio Gift Gate,三丽鸥SanrioGiftGate,杂货礼品,4.9,182,B1,rated,True,,rated,parsed,rating_anchor,0.9798,0.9871,51,5964,102.417,杂货礼品￥182/人 | B1 | ★🌟★★★ | 4.9,三丽鸥Sanrio Gift Gate | 杂货礼品￥182/人 | B1 | ★🌟★★★ | 4.9 | SANRIO | GIFT GATE | 点评榜单 | 徐汇区杂货礼品热门榜第6名 | 店面宽可打卡拍照，热门款发售快,ocr/input_videos\上海__美罗城__20260825.mp4
OBS-000636,美罗城,三小姐的花,三小姐的花,花店,4.6,178,L3,rated,True,,rated,parsed,rating_anchor,0.9851,0.9998,55,5964,102.417,🌟★★★🌟 | L3 | 4.6花店￥178/人,三小姐的花 | 开业乔迁花篮 | 全城免费配送 | 🌟★★★🌟 | L3 | 4.6花店￥178/人 | 花特别大，要几个人才能抬得动” | ￥168￥368可配送可发票开业乔迁花篮 | 惠,ocr/input_videos\上海__美罗城__20260825.mp4
OBS-000637,美罗城,ROG玩家国度,ROG玩家国度,数码产品,,17018,L3,unknown,True,,ocr_missing,parsed,metadata_anchor,0.9849,0.999,52,6000,103.035,🌟🌟🎉🎉🎉 | L3 | 数码产品￥17018/人 | 14.8,ROG玩家国度 | 🌟🌟🎉🎉🎉 | L3 | 数码产品￥17018/人 | 14.8 | 外设新款机器多，服务环境好” | 政府补贴15% | 连高立1500元 | ￥169￥199 | 【电脑清灰】ROG笔记本... | 惠,ocr/input_videos\上海__美罗城__20260825.mp4
OBS-000638,美罗城,DJI大疆,DJI大疆,数码产品,4.8,3110,L1,rated,True,,rated,parsed,rating_anchor,0.978,0.9989,54,6000,103.035,⭐🌟🎉⭐🌟4.8 | L1 | 数码产品￥3110/人,DJI大疆 | 少 | ⭐🌟🎉⭐🌟4.8 | L1 | 数码产品￥3110/人 | “试玩试飞体验佳，服务热情周到” | 授权体验店,ocr/input_videos\上海__美罗城__20260825.mp4
OBS-000639,美罗城,TAPIOCA,TAPIOCA,杂货礼品,4.6,102,L2,rated,True,,rated,parsed,rating_anchor,0.9912,0.9986,51,6000,103.035,L2 | 4.6杂货礼品￥102/人 | 🌟🌟⭐🌟🌟,TAPIOCA | L2 | 4.6杂货礼品￥102/人 | 🌟🌟⭐🌟🌟 | 店铺粉粉嫩嫩，还有卡座位拍照,ocr/input_videos\上海__美罗城__20260825.mp4
OBS-000640,美罗城,三丽鸥Sanrio Gift Gate,三丽鸥SanrioGiftGate,杂货礼品,4.9,182,B1,rated,True,,rated,parsed,rating_anchor,0.971,0.9792,50,6000,103.035,🌟🌟4.9 | 杂货礼品￥182/人 | B1,三丽鸥Sanrio Gift Gate | 🌟🌟4.9 | 杂货礼品￥182/人 | B1 | SANRIO | GIFT GATE | 点评榜单 | 徐汇区杂货礼品热门榜第6名 | 店面宽敞可打卡拍照，热门款发售快,ocr/input_videos\上海__美罗城__20260825.mp4
OBS-000641,美罗城,三小姐的花,三小姐的花,花店,4.6,178,L3,rated,True,,rated,parsed,rating_anchor,0.9854,0.9997,52,6000,103.035,L3 | 🌟🌟🌟⭐🌟 | 4.6花店￥178/人,三小姐的花 | 开业乔迁花篮 | 全城免费配送 | L3 | 🌟🌟🌟⭐🌟 | 4.6花店￥178/人 | 花特别大，要几个人才能抬得动 | 公 | ￥168￥368可配送可发票开业乔迁花篮 | 惠,ocr/input_videos\上海__美罗城__20260825.mp4
OBS-000642,美罗城,尼康相机典范店Nikon,尼康相机典范店Nikon,数码产品,4.8,7373,L3,rated,True,,rated,parsed,rating_anchor,0.9858,0.999,54,6000,103.035,⭐4.8 | 数码产品￥7373/人 | L3,尼康相机典范店Nikon | Nikon | 国 | ⭐4.8 | 数码产品￥7373/人 | L3,ocr/input_videos\上海__美罗城__20260825.mp4
OBS-000643,美罗城,TAPIOCA,TAPIOCA,杂货礼品,4.6,102,L2,rated,True,,rated,parsed,rating_anchor,0.9839,0.9971,49,6036,103.653,★🌟★🌟 | L2 | 4.6杂货礼品￥102/人,TAPIOCA | TAPOCA | ★🌟★🌟 | L2 | 4.6杂货礼品￥102/人 | 店铺粉粉嫩嫩，还有卡座位拍照 | 1,ocr/input_videos\上海__美罗城__20260825.mp4
OBS-000644,美罗城,三丽鸥Sanrio Gift Gate,三丽鸥SanrioGiftGate,杂货礼品,4.9,182,B1,rated,True,,rated,parsed,rating_anchor,0.9705,0.982,56,6036,103.653,B1 | 🌟🌟🎉🌟🌟 | 杂货礼品￥182/人 | 4.9,三丽鸥Sanrio Gift Gate | B1 | 🌟🌟🎉🌟🌟 | 杂货礼品￥182/人 | 4.9 | SANRIO | GIFT GATE | 点评榜单 | 徐汇区杂货礼品热门榜第6名 | 店面宽可打卡拍照，热门款发售快 | G,ocr/input_videos\上海__美罗城__20260825.mp4
OBS-000645,美罗城,三小姐的花,三小姐的花,花店,4.6,178,L3,rated,True,,rated,parsed,rating_anchor,0.9512,0.9991,59,6036,103.653,4.6花店￥178/人 | L3,三小姐的花 | 开业乔迁花篮 | 全城免费配送 | 4.6花店￥178/人 | L3 | 花特别大，要几个人才能抬得动 | 5 | ￥168￥368可配送可发票开业乔迁花篮 | 惠,ocr/input_videos\上海__美罗城__20260825.mp4
OBS-000646,美罗城,尼康相机典范店Nikon,尼康相机典范店Nikon,数码产品,4.8,7373,L3,rated,True,,rated,parsed,rating_anchor,0.9673,0.9975,55,6036,103.653,4.8数码产品￥7373/人 | L3,尼康相机典范店Nikon | Nikon | 4.8数码产品￥7373/人 | L3 | 服务热情专业，尼康镜头认准这里,ocr/input_videos\上海__美罗城__20260825.mp4
OBS-000647,美罗城,佳能,佳能,数码产品,4.8,,L2,rated,True,,rated,parsed,rating_anchor,0.9784,0.9998,63,6036,103.653,4.8数码产品￥8529/ | L2,佳能 | C | 4.8数码产品￥8529/ | L2 | “店员耐心教，相机放松放松好去处”,ocr/input_videos\上海__美罗城__20260825.mp4
OBS-000648,美罗城,Gabriel伽百利,Gabriel伽百利,杂货礼品,4.9,191,L2,rated,True,,rated,parsed,rating_anchor,0.9701,0.9812,52,6036,103.653,L2 | 杂货礼品￥191/人 | 🌟🌟🌟🌟🌟 | 4.9,Gabriel伽百利 | L2 | 杂货礼品￥191/人 | 🌟🌟🌟🌟🌟 | 4.9 | 点评榜单 | 徐家汇商圈杂货礼品好评榜第9名 | 特别可爱治愈，解压必备,ocr/input_videos\上海__美罗城__20260825.mp4
OBS-000649,美罗城,尼康相机典范店Nikon,尼康相机典范店Nikon,数码产品,4.8,7373,L3,rated,True,,rated,parsed,rating_anchor,0.9791,0.9986,54,6072,104.271,L3 | 4.8数码产品￥7373/人,尼康相机典范店Nikon | Nikon | L3 | 4.8数码产品￥7373/人 | “服务热情专业，尼康镜头认准这”,ocr/input_videos\上海__美罗城__20260825.mp4
OBS-000650,美罗城,佳能,佳能,数码产品,4.8,8529,L2,rated,True,,rated,parsed,rating_anchor,0.9754,0.9999,65,6072,104.271,4.8数码产品￥8529/人 | L2,佳能 | 4.8数码产品￥8529/人 | L2 | O | 店员耐心教，相机放松放松好去处” | (C,ocr/input_videos\上海__美罗城__20260825.mp4
OBS-000651,美罗城,Gabriel伽百利,Gabriel伽百利,杂货礼品,4.9,191,L2,rated,True,,rated,parsed,rating_anchor,0.9751,0.9878,51,6072,104.271,⭐🌟🌟⭐4.9 | L2 | 杂货礼品￥191/人,Gabriel伽百利 | ⭐🌟🌟⭐4.9 | L2 | 杂货礼品￥191/人 | 点评榜单 | 徐家汇商圈杂货礼品好评榜第9名 | “特别可爱治愈，解压必备”,ocr/input_videos\上海__美罗城__20260825.mp4
OBS-000652,美罗城,White Victoria精品珍珠,WhiteVictoria精品珍珠,综合珠宝.,4.6,3315,L2,rated,True,,rated,parsed,rating_anchor,0.9157,0.9761,55,6072,104.271,✨4.6 综合珠宝. | ￥3315/人L2,White Victoria精品珍珠 | ✨4.6 综合珠宝. | ￥3315/人L2 | White Victoria | 精晶珍味 | 时尚大气，送礼自用佳选！ | 3 | “ | ￥399￥999极光淡水baby链 | 惠 | ￥100￥150代金券 | 惠,ocr/input_videos\上海__美罗城__20260825.mp4
OBS-000653,美罗城,OPPO体验店,OPPO体验店,数码产品,,2607,L2,new_store,False,new_store,ocr_missing,parsed,metadata_anchor,0.9773,0.9983,63,6072,104.271,新店 | L2 | 数码产品￥2607/人,OPPO体验店 | 新店 | L2 | 数码产品￥2607/人 | OPpo,ocr/input_videos\上海__美罗城__20260825.mp4
OBS-000654,美罗城,尼康相机典范店Nikon,尼康相机典范店Nikon,数码产品,4.8,7373,L3,rated,True,,rated,parsed,rating_anchor,0.9846,0.9993,58,6108,104.89,4.8数码产品￥7373/人 | L3,尼康相机典范店Nikon | Nikon | 4.8数码产品￥7373/人 | L3 | 服务热情专业，尼康镜头认准这里,ocr/input_videos\上海__美罗城__20260825.mp4
OBS-000655,美罗城,佳能,佳能,数码产品,4.8,8529,L2,rated,True,,rated,parsed,rating_anchor,0.9826,0.9999,65,6108,104.89,4.8数码产品￥8529/人 | L2,佳能 | V | 4.8数码产品￥8529/人 | L2 | EOcH | 店员耐心教，相机放松放松好去处”,ocr/input_videos\上海__美罗城__20260825.mp4
OBS-000656,美罗城,Gabriel伽百利,Gabriel伽百利,杂货礼品,4.9,191,L2,rated,True,,rated,parsed,rating_anchor,0.9799,0.9929,54,6108,104.89,L2 | 🌟🌟⭐⭐🌟 | 杂货礼品￥191/人 | 4.9,Gabriel伽百利 | L2 | 🌟🌟⭐⭐🌟 | 杂货礼品￥191/人 | 4.9 | 点评榜单 | 徐家汇商圈杂货礼品好评榜第9名 | 特别可爱治愈，解压必备,ocr/input_videos\上海__美罗城__20260825.mp4
OBS-000657,美罗城,White Victoria精品珍珠,WhiteVictoria精品珍珠,综合珠宝,4.6,3315,L2,rated,True,,rated,parsed,rating_anchor,0.962,0.9833,56,6108,104.89,4.6 综合珠宝 | ￥3315/人L2,White Victoria精品珍珠 | 4.6 综合珠宝 | ￥3315/人L2 | White Victoria | 精晶珍球 | 时尚大气，送礼自用佳选！ | 9 | ￥399￥999极光淡水baby链 | 惠 | ￥100￥150代金券 | 惠,ocr/input_videos\上海__美罗城__20260825.mp4
OBS-000658,美罗城,OPPO体验店,OPPO体验店,数码产品,,2607,L2,new_store,False,new_store,ocr_missing,parsed,metadata_anchor,0.9724,0.9986,56,6108,104.89,新店 | L2 | 数码产品￥2607/人,OPPO体验店 | 新店 | L2 | 数码产品￥2607/人 | OpPO,ocr/input_videos\上海__美罗城__20260825.mp4
OBS-000659,美罗城,佳能,佳能,数码产品,4.8,8529,L2,rated,True,,rated,parsed,rating_anchor,0.9777,1.0,66,6156,105.714,4.8数码产品￥8529/人 | L2,佳能 | 4.8数码产品￥8529/人 | L2 | 店员耐心教，相机放松放松好去处”,ocr/input_videos\上海__美罗城__20260825.mp4
OBS-000660,美罗城,Gabriel伽百利,Gabriel伽百利,杂货礼品,4.9,191,L2,rated,True,,rated,parsed,rating_anchor,0.9728,0.9895,54,6156,105.714,杂货礼品￥191/人 | L2 | ★🌟★★★4.9,Gabriel伽百利 | 杂货礼品￥191/人 | L2 | ★🌟★★★4.9 | 点评榜单 | 徐家汇商圈杂货礼品好评榜第9名 | 特别可爱治愈，解压必备 | 1,ocr/input_videos\上海__美罗城__20260825.mp4
OBS-000661,美罗城,White Victoria精品珍珠,WhiteVictoria精品珍珠,综合珠宝.,4.6,3315,L2,rated,True,,rated,parsed,rating_anchor,0.9374,0.9721,60,6156,105.714,4.6 综合珠宝. | ￥3315/人L2,White Victoria精品珍珠 | 4.6 综合珠宝. | ￥3315/人L2 | White Vietoria | 精晶珍珠 | 时尚，送礼佳选！ | 53 | ￥399￥999极光淡baby链 | 惠 | ￥100￥150代金券 | 惠,ocr/input_videos\上海__美罗城__20260825.mp4
OBS-000662,美罗城,OPPO体验店,OPPO体验店,数码产品,,2607,L2,new_store,False,new_store,ocr_missing,parsed,metadata_anchor,0.9782,0.9972,58,6156,105.714,新店 | L2 | 数码产品￥2607/人,OPPO体验店 | 新店 | L2 | 数码产品￥2607/人 | oppo,ocr/input_videos\上海__美罗城__20260825.mp4
OBS-000663,美罗城,谭木匠,谭木匠,杂货礼品,4.6,240,L3,rated,True,,rated,parsed,rating_anchor,0.9731,0.9977,61,6156,105.714,4.6杂货礼品￥240/人 | L3,谭木匠 | 4.6杂货礼品￥240/人 | L3 | 譚木匠 | 定制刻字，气垫梳情绪价值满满！ | 5 | ￥288￥288谭木匠礼盒漆艺护发梳翠屏 | 惠,ocr/input_videos\上海__美罗城__20260825.mp4
OBS-000664,美罗城,谭木匠,谭木匠,杂货礼品,4.6,240,L3,rated,True,,rated,parsed,rating_anchor,0.9783,0.9993,62,6180,106.126,4.6杂货礼品￥240/人 | L3,谭木匠 | 4.6杂货礼品￥240/人 | L3 | 譚木匠 | 3 | 定制刻字，气垫梳情绪价值满满！ | “ | ￥288￥288谭木匠礼盒漆艺护发梳翠屏 | 惠,ocr/input_videos\上海__美罗城__20260825.mp4
OBS-000665,美罗城,九木杂物社,九木杂物社,杂货礼品,4.8,98,L2,rated,True,,rated,parsed,rating_anchor,0.9721,0.9997,59,6180,106.126,4.8杂货礼品￥98/人 | L2,九木杂物社 | 力 | 4.8杂货礼品￥98/人 | L2 | 3 | 3 | H | 0 | 米 | 点评榜单 | 徐家汇商圈杂货礼品好评榜第10名 | 杂物社 | 氛围感拉满，潮品挚尚娃娃超可爱 | ￥939.8折 | ￥100九杂物社·夏日限定. | 惠,ocr/input_videos\上海__美罗城__20260825.mp4
OBS-000666,美罗城,小米之家,小米之家,数码产品,4.8,1785,L3,rated,True,,rated,parsed,rating_anchor,0.9755,0.9989,63,6180,106.126,4.8数码产品￥1785/人 | L3,小米之家 | MI | 4.8数码产品￥1785/人 | L3,ocr/input_videos\上海__美罗城__20260825.mp4
OBS-000667,美罗城,欧舒丹,欧舒丹,化妆品,3.6,358,L1,rated,True,,rated,parsed,rating_anchor,0.9724,0.9992,61,6180,106.126,3.6化妆品￥358/人 | L1,欧舒丹 | 3.6化妆品￥358/人 | L1 | LOCCITANE | EN PROVENCE,ocr/input_videos\上海__美罗城__20260825.mp4
OBS-000668,美罗城,艺星球,艺星球,足球场,3.6,549,L6,rated,True,,rated,parsed,rating_anchor,0.972,0.9999,63,6180,106.126,3.6足球场￥549/人 | L6,艺星球 | 3.6足球场￥549/人 | L6,ocr/input_videos\上海__美罗城__20260825.mp4
OBS-000669,美罗城,谭木匠,谭木匠,杂货礼品,4.6,240,L3,rated,True,,rated,parsed,rating_anchor,0.9837,0.9988,59,6228,106.95,🌟🌟⭐🌟🌟 | L3 | 4.6杂货礼品￥240/人,谭木匠 | 🌟🌟⭐🌟🌟 | L3 | 4.6杂货礼品￥240/人 | 譚木匠 | 定制刻字，气垫梳情绪价值满满！ | ￥288￥288谭木匠礼盒漆艺护发梳翠屏 | 惠,ocr/input_videos\上海__美罗城__20260825.mp4
OBS-000670,美罗城,九木杂物社,九木杂物社,杂货礼品,4.8,98,L2,rated,True,,rated,parsed,rating_anchor,0.9809,0.9998,56,6228,106.95,L2 | ⭐🌟🎉⭐🌟4.8 | 杂货礼品￥98/人,九木杂物社 | 力 | L2 | ⭐🌟🎉⭐🌟4.8 | 杂货礼品￥98/人 | ® | 0 | 8 | 发 | 月 | 米 | 点评榜单 | 徐家汇商圈杂货礼品好评榜第10名 | 杂物社 | 氛围感拉满，潮品挚尚娃娃超可爱 | 《 | 力 | ￥939.8折 | ￥100九木杂物社·夏日限定.. | 惠,ocr/input_videos\上海__美罗城__20260825.mp4
OBS-000671,美罗城,小米之家,小米之家,数码产品,4.8,1785,L3,rated,True,,rated,parsed,rating_anchor,0.9818,0.9986,59,6228,106.95,4.8数码产品￥1785/人 | L3,小米之家 | MI | 4.8数码产品￥1785/人 | L3,ocr/input_videos\上海__美罗城__20260825.mp4
OBS-000672,美罗城,欧舒丹,欧舒丹,化妆品,3.6,358,L1,rated,True,,rated,parsed,rating_anchor,0.9805,0.9992,62,6228,106.95,3.6化妆品￥358/人 | L1,欧舒丹 | 3.6化妆品￥358/人 | L1 | LOCCITANE | EN PROVENCE,ocr/input_videos\上海__美罗城__20260825.mp4
OBS-000673,美罗城,艺星球,艺星球,足球场,3.6,549,L6,rated,True,,rated,parsed,rating_anchor,0.9718,0.9999,59,6228,106.95,3.6足球场￥549/人 | L6,艺星球 | 3.6足球场￥549/人 | L6,ocr/input_videos\上海__美罗城__20260825.mp4
OBS-000674,美罗城,优衣库,优衣库,服饰鞋包,,241,B1,unknown,True,,ocr_missing,parsed,metadata_anchor,0.9865,0.9996,59,6228,106.95,🌟🌟🌟⭐🌟 | B1 | 服饰鞋包￥241/人 | 14.8,优衣库 | UNI | 🌟🌟🌟⭐🌟 | B1 | 服饰鞋包￥241/人 | 14.8,ocr/input_videos\上海__美罗城__20260825.mp4
OBS-000675,美罗城,九木杂物社,九木杂物社,杂货礼品,4.8,98,L2,rated,True,,rated,parsed,rating_anchor,0.9808,0.9996,61,6264,107.569,杂货礼品￥98/人 | L2 | 🌟🌟🌟🌟🌟 | 4.8,九木杂物社 | 力 | 杂货礼品￥98/人 | L2 | 🌟🌟🌟🌟🌟 | 4.8 | 3 | 0 | 1 | 米 | 点评榜单 | 徐家汇商圈杂货礼品好评榜第10名 | 杂物社 | 氛围感拉满，潮品挚尚娃娃超可爱 | 《 | 3 | ￥100九杂物社·夏限定.. | ￥93 | 9.8折 | 惠,ocr/input_videos\上海__美罗城__20260825.mp4
OBS-000676,美罗城,小米之家,小米之家,数码产品,4.8,1785,L3,rated,True,,rated,parsed,rating_anchor,0.9856,0.9986,60,6264,107.569,4.8数码产品￥1785/人 | L3,小米之家 | 4.8数码产品￥1785/人 | L3 | MI,ocr/input_videos\上海__美罗城__20260825.mp4
OBS-000677,美罗城,欧舒丹,欧舒丹,化妆品,3.6,358,L1,rated,True,,rated,parsed,rating_anchor,0.9779,0.999,63,6264,107.569,3.6化妆品￥358/人 | L1,欧舒丹 | 3.6化妆品￥358/人 | L1 | LOCCITANE | EN PROVENCE,ocr/input_videos\上海__美罗城__20260825.mp4
OBS-000678,美罗城,艺星球,艺星球,足球场,3.6,549,L6,rated,True,,rated,parsed,rating_anchor,0.9783,0.9999,62,6264,107.569,3.6足球场￥549/人 | L6,艺星球 | 3.6足球场￥549/人 | L6,ocr/input_videos\上海__美罗城__20260825.mp4
OBS-000679,美罗城,优衣库,优衣库,服饰鞋包,4.8,241,B1,rated,True,,rated,parsed,rating_anchor,0.9804,0.9997,65,6264,107.569,B1 | 服饰鞋包￥241/人 | 🌟🌟🌟🌟🎉 | 4.8,优衣库 | UNI | B1 | 服饰鞋包￥241/人 | 🌟🌟🌟🌟🎉 | 4.8 | QLO | 点评榜单 | 徐家汇商圈服饰鞋包热门榜第5名 | 商品齐全，基本款天堂 | “ | 5,ocr/input_videos\上海__美罗城__20260825.mp4
OBS-000680,美罗城,优衣库,优衣库,服饰鞋包,4.8,241,B1,rated,True,,rated,parsed,rating_anchor,0.9993,0.9995,58,6288,107.981,B1 | 🌟🌟🌟🎉🌟 | 服饰鞋包 | ￥241/人 | 4.8,优衣库 | UNI | B1 | 🌟🌟🌟🎉🌟 | 服饰鞋包 | ￥241/人 | 4.8 | QLO | 点评榜单 | 徐家汇商圈服饰鞋包热门榜第5名 | 商品齐全，基本款天堂 | “,ocr/input_videos\上海__美罗城__20260825.mp4
OBS-000681,美罗城,ZAKKAMI杂货猫,ZAKKAMI杂货猫,杂货礼品,4.9,77,B1,rated,True,,rated,parsed,rating_anchor,0.9871,0.9774,51,6288,107.981,B1 | 🌟🌟⭐🌟 | 杂货礼品 | ￥77/人 | 4.9,ZAKKAMI杂货猫 | B1 | 🌟🌟⭐🌟 | 杂货礼品 | ￥77/人 | 4.9 | ZAKKAMI | es | 点评榜单 | 徐家汇商圈杂货礼品好评榜第3名 | 杂货猫 | 可以逛很久，价格合理又别致 | “ | 3,ocr/input_videos\上海__美罗城__20260825.mp4
OBS-000682,美罗城,泡泡玛特POPMART,泡泡玛特POPMART,杂货礼品,4.9,129,L1,rated,True,,rated,parsed,rating_anchor,0.9808,0.9991,51,6288,107.981,⭐🌟4.9 | 杂货礼品￥129/人 | L1,泡泡玛特POPMART | ⭐🌟4.9 | 杂货礼品￥129/人 | L1 | POP MART | 每个都很好看，钱包却不够 | “,ocr/input_videos\上海__美罗城__20260825.mp4
OBS-000683,美罗城,中国体育彩票,中国体育彩票,彩票,3.3,,L3,rated,True,,rated,parsed,rating_anchor,0.9999,1.0,55,6288,107.981,彩票 | L3 | 🌟🌟⭐ | ★★ | 3.3,中国体育彩票 | 彩票 | L3 | 🌟🌟⭐ | ★★ | 3.3 | 口 | 唐中费,ocr/input_videos\上海__美罗城__20260825.mp4
OBS-000684,美罗城,潮宏基,潮宏基,黄金首饰,4.7,5042,L1,rated,True,,rated,parsed,rating_anchor,0.9793,0.9996,57,6288,107.981,L1 | 🌟🌟⭐🌟🌟 | 黄金首饰￥5042/人 | 4.7,潮宏基 | L1 | 🌟🌟⭐🌟🌟 | 黄金首饰￥5042/人 | 4.7 | 量身设计，后期无限换绳子,ocr/input_videos\上海__美罗城__20260825.mp4
OBS-000685,美罗城,优衣库,优衣库,服饰鞋包,4.8,241,B1,rated,True,,rated,parsed,rating_anchor,0.9842,0.9996,58,6312,108.393,B1 | 🌟🌟🌟🎉🌟 | 服饰鞋包￥241/人 | 4.8,优衣库 | UNI | B1 | 🌟🌟🌟🎉🌟 | 服饰鞋包￥241/人 | 4.8 | QLO | 点评榜单 | 徐家汇商圈服饰鞋包热门榜第5名 | 商品齐全，基本款天堂 | “,ocr/input_videos\上海__美罗城__20260825.mp4
OBS-000686,美罗城,ZAKKAMI杂货猫,ZAKKAMI杂货猫,杂货礼品,,,B1,unknown,True,,ocr_missing,parsed,metadata_anchor,0.9884,0.9804,51,6312,108.393,￥771人 | B1 | 🌟🌟⭐🌟 | 杂货礼品 | 14.9,ZAKKAMI杂货猫 | ￥771人 | B1 | 🌟🌟⭐🌟 | 杂货礼品 | 14.9 | ZAKKAMI | neesln | 点评榜单 | 徐家汇商圈杂货礼品好评榜第3名 | 杂货猫 | 可以逛很久，价格合理又别致 | “,ocr/input_videos\上海__美罗城__20260825.mp4
OBS-000687,美罗城,泡泡玛特POPMART,泡泡玛特POPMART,杂货礼品,4.9,129,L1,rated,True,,rated,parsed,rating_anchor,0.9834,0.999,51,6312,108.393,⭐4.9 | 杂货礼品￥129/人 | L1,泡泡玛特POPMART | ⭐4.9 | 杂货礼品￥129/人 | L1 | POP MART | 每个都很好看，钱包却不够 | “,ocr/input_videos\上海__美罗城__20260825.mp4
OBS-000688,美罗城,中国体育彩票,中国体育彩票,彩票,3.3,,L3,rated,True,,rated,parsed,rating_anchor,0.9998,1.0,57,6312,108.393,彩票 | 3.3 | L3 | 🌟🌟🌟🌟🌟,中国体育彩票 | 彩票 | 3.3 | L3 | 🌟🌟🌟🌟🌟,ocr/input_videos\上海__美罗城__20260825.mp4
OBS-000689,美罗城,潮宏基,潮宏基,黄金首饰,4.7,5042,L1,rated,True,,rated,parsed,rating_anchor,0.9802,0.9997,58,6312,108.393,⭐🌟⭐⭐🌟 | L1 | 黄金首饰￥5042/人 | 4.7,潮宏基 | ⭐🌟⭐⭐🌟 | L1 | 黄金首饰￥5042/人 | 4.7 | 量身设计，后期无限换绳子 | “,ocr/input_videos\上海__美罗城__20260825.mp4
OBS-000690,美罗城,优衣库,优衣库,服饰鞋包,4.8,241,B1,rated,True,,rated,parsed,rating_anchor,0.9818,0.9996,58,6348,109.011,B1 | 🌟🌟🌟🎉🌟 | 服饰鞋包￥241/人 | 4.8,优衣库 | UNI | B1 | 🌟🌟🌟🎉🌟 | 服饰鞋包￥241/人 | 4.8 | QLO | 点评榜单 | 徐家汇商圈服饰鞋包热门榜第5名 | 商品齐全，基本款天堂 | “,ocr/input_videos\上海__美罗城__20260825.mp4
OBS-000691,美罗城,ZAKKAMI杂货猫,ZAKKAMI杂货猫,杂货礼品,,,B1,unknown,True,,ocr_missing,parsed,metadata_anchor,0.9802,0.964,53,6348,109.011,B1 | 🌟🌟⭐🌟 | 杂货礼品 | ￥771人 | 14.9,ZAKKAMI杂货猫 | B1 | 🌟🌟⭐🌟 | 杂货礼品 | ￥771人 | 14.9 | ZAKKAMI | neesln | 点评榜单 | 徐家汇商圈杂货礼品好评榜第3名 | 杂货猫 | 可以逛很久，价格合理又别致 | “,ocr/input_videos\上海__美罗城__20260825.mp4
OBS-000692,美罗城,泡泡玛特POPMART,泡泡玛特POPMART,杂货礼品,4.9,129,L1,rated,True,,rated,parsed,rating_anchor,0.9826,0.999,51,6348,109.011,⭐🌈4.9 | 杂货礼品￥129/人 | L1,泡泡玛特POPMART | ⭐🌈4.9 | 杂货礼品￥129/人 | L1 | POP MART | 每个都很好看，钱包却不够 | “,ocr/input_videos\上海__美罗城__20260825.mp4
OBS-000693,美罗城,中国体育彩票,中国体育彩票,彩票,3.3,,L3,rated,True,,rated,parsed,rating_anchor,0.9999,0.9999,52,6348,109.011,彩票 | L3 | 🌟🌟🌟🌟🌟 | 3.3,中国体育彩票 | 彩票 | L3 | 🌟🌟🌟🌟🌟 | 3.3,ocr/input_videos\上海__美罗城__20260825.mp4
OBS-000694,美罗城,潮宏基,潮宏基,黄金首饰,4.7,5042,L1,rated,True,,rated,parsed,rating_anchor,0.9794,0.9997,60,6348,109.011,★🌟★🌟🌟 | 黄金首饰￥5042/人 | L1 | 4.7,潮宏基 | ★🌟★🌟🌟 | 黄金首饰￥5042/人 | L1 | 4.7 | 量身设计，后期无限换绳子 | 本小姐 | 本小姐文具店,ocr/input_videos\上海__美罗城__20260825.mp4
OBS-000695,美罗城,潮宏基,潮宏基,黄金首饰,4.7,5042,L1,rated,True,,rated,parsed,rating_anchor,0.9845,0.9998,63,6372,109.423,🌟🌟🌟🌟🌟 | 4.7黄金首饰￥5042/人 | L1,潮宏基 | 🌟🌟🌟🌟🌟 | 4.7黄金首饰￥5042/人 | L1 | 量身设计，后期无限换绳子“,ocr/input_videos\上海__美罗城__20260825.mp4
OBS-000696,美罗城,本小姐文具店,本小姐文具店,办公用具,4.8,39,L4,rated,True,,rated,parsed,rating_anchor,0.9814,0.9995,55,6372,109.423,办公用具￥39/人 | 🌟4.8 | L4,本小姐 | 本小姐文具店 | 办公用具￥39/人 | 🌟4.8 | L4 | 满眼粉嫩，文具萌到尖叫！ | 9,ocr/input_videos\上海__美罗城__20260825.mp4
OBS-000697,美罗城,photoism,photoism,,4.2,59,L3,rated,True,,rated,missing,rating_anchor,0.9996,0.9996,58,6372,109.423,★★★★ | 4.2 | 自拍/换装体验￥59/人 | L3 | ★,PHOECEM | photoism | ★★★★ | 4.2 | 自拍/换装体验￥59/人 | L3 | ★ | 徐汇区自拍换装销量榜第2名 | 值豆合阳 | 防系大央贴 | 单人台的1领合地！家人含的 | ￥62.9￥68 | 【超值组合】基础相框随心.. | 惠 | ￥27￥29代金券 | 惠,ocr/input_videos\上海__美罗城__20260825.mp4
OBS-000698,美罗城,中国福利彩票,中国福利彩票,彩票,3.9,,L4,rated,True,,rated,parsed,rating_anchor,0.9871,0.9998,52,6372,109.423,3.9彩票 | L4,中国福利彩票 | 3.9彩票 | L4,ocr/input_videos\上海__美罗城__20260825.mp4
OBS-000699,美罗城,vivo官方授权体验店,vivo官方授权体验店,数码产品,4.9,3776,L2,rated,True,,rated,parsed,rating_anchor,0.974,0.9915,58,6372,109.423,L2 | 🌟🌟🎉🎉🌟4.9 | 数码产品￥3776/人,vivo官方授权体验店 | vivo×300E | L2 | 🌟🌟🎉🎉🌟4.9 | 数码产品￥3776/人 | 点评榜单 | 徐家汇商圈购物好评榜第4名 | 店员细心周到，服务贴心 | 1 | 来vivo休验店.亮国家补贴 | 惠 | ￥1￥967vivo全机型到店购机专属权益...,ocr/input_videos\上海__美罗城__20260825.mp4
OBS-000700,美罗城,本小姐文具店,本小姐文具店,办公用具,4.8,39,L4,rated,True,,rated,parsed,rating_anchor,0.9682,0.9995,55,6396,109.835,4.8办公用具￥39/人 | L4,本小姐 | 本小姐文具店 | 4.8办公用具￥39/人 | L4 | 满眼粉嫩，文具萌到尖叫！ | 55 | (,ocr/input_videos\上海__美罗城__20260825.mp4
OBS-000701,美罗城,photoism,photoism,,4.2,59,L3,rated,True,,rated,missing,rating_anchor,0.9996,0.9996,57,6396,109.835,L3 | 🌟🌟🎉🌟 | 4.2 | 自拍/换装体验￥59/人,photoism | PHAORONSM | L3 | 🌟🌟🎉🌟 | 4.2 | 自拍/换装体验￥59/人 | 徐汇区自拍换装销量榜第2名 | 转系大卖阳 | 蓝合拍 | 单人食的！信查稳！家人合 | ￥62.9￥68 | 【超值组合】基础相框随心... | 惠 | ￥27￥29代金券 | 惠,ocr/input_videos\上海__美罗城__20260825.mp4
OBS-000702,美罗城,中国福利彩票,中国福利彩票,彩票,3.9,,L4,rated,True,,rated,parsed,rating_anchor,0.9247,0.9998,58,6396,109.835,🌟⭐3.9彩票 | L4,中国福利彩票 | 中国福利彩票 | CHINA WELIENT LOTTERY | 🌟⭐3.9彩票 | L4,ocr/input_videos\上海__美罗城__20260825.mp4
OBS-000703,美罗城,vivo官方授权体验店,vivo官方授权体验店,数码产品,4.9,3776,L2,rated,True,,rated,parsed,rating_anchor,0.9929,0.9861,56,6396,109.835,★🌈4.9 | L2 | 数码产品 | ￥3776/人,vivo官方授权体验店 | vivo×300E | ★🌈4.9 | L2 | 数码产品 | ￥3776/人 | 点评榜单 | 徐家汇商圈购物好评榜第4名 | 店员细心周到，服务贴心 | J | 来vivo体验店，享国家补贴 | 惠￥1￥967vivo全机型到店购机专属权益...,ocr/input_videos\上海__美罗城__20260825.mp4
OBS-000704,美罗城,MONOLOGUE,MONOLOGUE,黄金首饰,4.3,6159,B1,rated,True,,rated,parsed,rating_anchor,0.9777,0.9971,50,6396,109.835,🌟🌟🌟⭐ | 黄金首饰￥6159/人 | B1 | 4.3 | ★,MONOLOGUE | MONOLOGUE | 🌟🌟🌟⭐ | 黄金首饰￥6159/人 | B1 | 4.3 | ★ | (M） | 5,ocr/input_videos\上海__美罗城__20260825.mp4
OBS-000705,美罗城,潮宏基,潮宏基,黄金首饰,4.7,5042,L1,rated,True,,rated,parsed,rating_anchor,0.9885,0.9998,63,6432,110.454,L1 | 🌟🌟🌟🌟🌟 | 4.7黄金首饰￥5042/人,潮宏基 | L1 | 🌟🌟🌟🌟🌟 | 4.7黄金首饰￥5042/人 | 量身设计，后期无限换绳子“ | “,ocr/input_videos\上海__美罗城__20260825.mp4
OBS-000706,美罗城,本小姐文具店,本小姐文具店,办公用具,4.8,39,L4,rated,True,,rated,parsed,rating_anchor,0.9819,0.9995,55,6432,110.454,办公用具￥39/人 | 🌟🌟🎉⭐4.8 | L4,本小姐 | 本小姐文具店 | 办公用具￥39/人 | 🌟🌟🎉⭐4.8 | L4 | 满眼粉嫩，文具萌到尖叫！ | 99,ocr/input_videos\上海__美罗城__20260825.mp4
OBS-000707,美罗城,photoism,photoism,,4.2,59,L3,rated,True,,rated,missing,rating_anchor,0.9996,0.9996,56,6432,110.454,🌟🌟🌟⭐⭐ | 自拍/换装体验￥59/人 | 4.2 | L3,PHOTCEIM | photoism | 🌟🌟🌟⭐⭐ | 自拍/换装体验￥59/人 | 4.2 | L3 | 徐汇区自拍换装销量榜第2名 | 转系大头贴 | 豆含拍 | 单人含的1情绍合拉1家人告拍 | ￥62.9￥68 | 【超值组合】基础相框随心.. | 惠 | ￥27￥29代金券 | 惠,ocr/input_videos\上海__美罗城__20260825.mp4
OBS-000708,美罗城,中国福利彩票,中国福利彩票,彩票,3.9,,L4,rated,True,,rated,parsed,rating_anchor,0.93,0.9999,55,6432,110.454,🌟3.9彩票 | L4,中国福利彩票 | 中国福利彩票 | CHINA WELFARE LOETERY | 🌟3.9彩票 | L4,ocr/input_videos\上海__美罗城__20260825.mp4
OBS-000709,美罗城,vivo官方授权体验店,vivo官方授权体验店,数码产品,4.9,3776,L2,rated,True,,rated,parsed,rating_anchor,0.9747,0.9958,58,6432,110.454,★★★4.9 | L2 | 数码产品￥3776/人,vivo官方授权体验店 | vivo×300E | 1 | ★★★4.9 | L2 | 数码产品￥3776/人 | 点评榜单 | 徐家汇商圈购物好评榜第4名 | 店员细心周到，服务贴心 | 1 | 来vivo休验店.亮国家补贴 | 惠 | ￥1￥967vivo全机型到店购机专属权益...,ocr/input_videos\上海__美罗城__20260825.mp4
OBS-000710,美罗城,vivo官方授权体验店,vivo官方授权体验店,数码产品,4.9,3776,L2,rated,True,,rated,parsed,rating_anchor,0.9557,0.9529,54,6480,111.278,L2 | 数码产品￥3776/人 | ★★★★★4.9,vivo官方授权体验店 | VivOX300E | 1 | 1448 | L2 | 数码产品￥3776/人 | ★★★★★4.9 | 点评榜单 | 徐家汇商圈购物好评榜第4名 | 店员细周到，服务贴” | 来vivo体验店、享国家补贴 | 惠￥1￥967vivo全机型到店购机专属权益...,ocr/input_videos\上海__美罗城__20260825.mp4
OBS-000711,美罗城,MONOLOGUE,MONOLOGUE,黄金首饰,4.3,6159,B1,rated,True,,rated,parsed,rating_anchor,0.9657,0.9969,50,6480,111.278,B1 | 🌟🌟🌟🌟 | 4.3黄金首饰￥6159/人 | ★,MONOLOGUE | MONOLOGUE | B1 | 🌟🌟🌟🌟 | 4.3黄金首饰￥6159/人 | ★ | M | 款式独特，配裙配大衣都很美 | 力,ocr/input_videos\上海__美罗城__20260825.mp4
OBS-000712,美罗城,结绳记,结绳记,综合珠宝首饰,4.3,728,L2,rated,True,,rated,parsed,rating_anchor,0.9742,0.9976,57,6480,111.278,★🌟★★ | 4.3 | 综合珠宝首饰￥728/人 | 、L2,结绳记 | ★🌟★★ | 结绳记 | 4.3 | 综合珠宝首饰￥728/人 | 、L2 | “DIY饰品，送两相宜 | THE KNOTS,ocr/input_videos\上海__美罗城__20260825.mp4
OBS-000713,美罗城,HIBIYAKADAN日比谷花壇,HIBIYAKADAN日比谷花坛,花店,4.8,222,B1,rated,True,,rated,parsed,rating_anchor,0.9472,0.9676,50,6480,111.278,4.8花店￥222/人 | B1,HIBIYAKADAN日比谷花壇 | 4.8花店￥222/人 | B1 | 点评榜单 | 徐汇区植物花卉热门榜第5名 | 鲜花浪漫，生活有仪式感,ocr/input_videos\上海__美罗城__20260825.mp4
OBS-000714,美罗城,Ms.Sue秘术工匠银饰DIY,Ms.Sue秘术工匠银饰DIY,DIY坊,4.8,,L4,rated,True,,rated,parsed,rating_anchor,0.9639,0.9817,50,6480,111.278,4.8DIY坊￥221/ | L4,Ms.Sue秘术工匠银饰DIY | 4.8DIY坊￥221/ | L4 | 点评榜单 | 徐家汇商圈DIY手工坊好评榜第5名 | 手银饰DIY，创意魔法限” | ￥596 | ￥3968.2折 | 【七夕节特惠/2枚】 | 惠 | 惠￥10￥20代金券,ocr/input_videos\上海__美罗城__20260825.mp4
OBS-000715,美罗城,MONOLOGUE,MONOLOGUE,黄金首饰,4.3,6159,B1,rated,True,,rated,parsed,rating_anchor,0.9629,0.9975,50,6504,111.69,4.3黄金首饰￥6159/人 | 🌟🌟🌟🌟 | B1,MONOLOGUE | MONOLOOUE | 4.3黄金首饰￥6159/人 | 🌟🌟🌟🌟 | B1 | M | M | 款式独特，配裙配大衣都很美 | “,ocr/input_videos\上海__美罗城__20260825.mp4
OBS-000716,美罗城,结绳记,结绳记,综合珠宝饰,4.3,728,L2,rated,True,,rated,parsed,rating_anchor,0.9816,0.999,59,6504,111.69,🌟🌟🎉🎉 | 4.3综合珠宝饰￥728/人L2,结绳记 | 🌟🌟🎉🎉 | 结绳记 | 4.3综合珠宝饰￥728/人L2 | “DIY黄饰品，送人两相宜 | THE KNOTS,ocr/input_videos\上海__美罗城__20260825.mp4
OBS-000717,美罗城,HIBIYA KADAN日比谷花壇,HIBIYAKADAN日比谷花坛,花店,4.8,222,B1,rated,True,,rated,parsed,rating_anchor,0.9548,0.9602,54,6504,111.69,B1 | 4.8花店￥222/人,HIBIYA KADAN日比谷花壇 | 业 | B1 | 4.8花店￥222/人 | 点评榜单 | 徐汇区植物花卉热门榜第5名 | 鲜花浪漫，生活有仪式感,ocr/input_videos\上海__美罗城__20260825.mp4
OBS-000718,美罗城,Ms.Sue秘术工匠银饰DIY,Ms.Sue秘术工匠银饰DIY,DIY手工坊,4.8,221,L4,rated,True,,rated,parsed,rating_anchor,0.9584,0.9951,48,6504,111.69,4.8DIY手工坊￥221/人 | L4,16店同庆 | Ms.Sue秘术工匠银饰DIY | 4.8DIY手工坊￥221/人 | L4 | 点评榜单 | 徐家汇商圈DIY手工坊好评榜第5名 | 佳面 | 低至5折起 | 手工银饰DIY，创意魔法无限 | “ | ￥3968.2折 | ￥596 | 惠 | 【七夕节特惠/2枚】 | ￥10￥20代金券 | 惠,ocr/input_videos\上海__美罗城__20260825.mp4
OBS-000719,美罗城,耳点,耳点,美睫,4.0,207,L4,rated,True,,rated,parsed,rating_anchor,0.9682,0.9998,63,6504,111.69,4.0美睫￥207/人 | L4,耳点 | 4.0美睫￥207/人 | L4 | 手法温柔熟练，养耳洞好去处” | ￥49￥49.01护理单个耳垂耳钉套餐 | 惠,ocr/input_videos\上海__美罗城__20260825.mp4
OBS-000720,美罗城,MONOLOGUE,MONOLOGUE,黄金首饰,4.3,6159,B1,rated,True,,rated,parsed,rating_anchor,0.9779,0.9977,50,6540,112.308,🌟🌟⭐⭐ | B1 | 4.3 | 黄金首饰￥6159/人 | ★,MONOLOGUE | MONOLOGUE | 🌟🌟⭐⭐ | B1 | 4.3 | 黄金首饰￥6159/人 | ★ | M | 款式独特，配裙配大衣都很美 | C,ocr/input_videos\上海__美罗城__20260825.mp4
OBS-000721,美罗城,结绳记,结绳记,综合珠宝首饰,4.3,728,L2,rated,True,,rated,parsed,rating_anchor,0.9806,0.9989,58,6540,112.308,⭐🌟🌟⭐ | 4.3综合珠宝首饰￥728/人L2 | ★,结绳记 | ⭐🌟🌟⭐ | 结绳记 | 4.3综合珠宝首饰￥728/人L2 | ★ | “DIY黄金饰品，送人自两相宜 | THE KNOTS,ocr/input_videos\上海__美罗城__20260825.mp4
OBS-000722,美罗城,HIBIYAKADAN日比谷花壇,HIBIYAKADAN日比谷花坛,花店,4.8,222,B1,rated,True,,rated,parsed,rating_anchor,0.9665,0.9955,51,6540,112.308,4.8花店￥222/人 | B1,HIBIYAKADAN日比谷花壇 | 4.8花店￥222/人 | B1 | 点评榜单 | 徐汇区植物花卉热门榜第5名 | 鲜花浪漫，生活有仪式感,ocr/input_videos\上海__美罗城__20260825.mp4
OBS-000723,美罗城,Ms.Sue秘术工匠银饰DIY,Ms.Sue秘术工匠银饰DIY,DIY手工坊,4.8,221,L4,rated,True,,rated,parsed,rating_anchor,0.9741,0.9975,47,6540,112.308,4.8DIY手工坊￥221/人 | L4,6店同庆 | Ms.Sue秘术工匠银饰DIY | 4.8DIY手工坊￥221/人 | L4 | 点评榜单 | 徐家汇商圈DIY手工坊好评榜第5名 | 00077 | 低至5折起 | 手工银饰DIY，创意魔法无限 | “ | ￥3968.2折 | ￥596 | 惠 | 【七夕节特惠/2枚】 | ￥10￥20代金券 | 惠,ocr/input_videos\上海__美罗城__20260825.mp4
OBS-000724,美罗城,耳点,耳点,美睫,4.0,207,L4,rated,True,,rated,parsed,rating_anchor,0.9767,0.9997,61,6540,112.308,🌟🌟🌟🎉 | L4 | 4.0 | 美睫￥207/人 | ★,耳点 | 🌟🌟🌟🎉 | L4 | 4.0 | 美睫￥207/人 | ★ | 手法温柔熟练，养耳洞好去处 | ￥49￥49.01护理|单个耳垂耳钉套餐 | 惠,ocr/input_videos\上海__美罗城__20260825.mp4
OBS-000725,美罗城,HIBIYAKADAN日比谷花壇,HIBIYAKADAN日比谷花坛,花店,4.8,222,B1,rated,True,,rated,parsed,rating_anchor,0.9588,0.9806,54,6576,112.926,4.8花店￥222/人 | B1,HIBIYAKADAN日比谷花壇 | 4.8花店￥222/人 | B1 | 点评榜单 | 徐汇区植物花卉热门榜第5名 | 鲜花浪漫，生活有仪式感,ocr/input_videos\上海__美罗城__20260825.mp4
OBS-000726,美罗城,Ms.Sue秘术工匠银饰DIY,Ms.Sue秘术工匠银饰DIY,DIY手工坊,4.8,221,L4,rated,True,,rated,parsed,rating_anchor,0.9385,0.9913,54,6576,112.926,4.8DIY手工坊￥221/人 | L4,Ms.Sue秘术工匠银饰DIY | 6店同庆 | 4.8DIY手工坊￥221/人 | L4 | 点评榜单 | 徐家汇商圈DIY手工坊好评榜第5名 | 份0Y | 低室5折起 | 创意魔法无限 | 手工银饰DIY， | ≤ | ￥3968.2折 | ￥596 | 惠 | 【七夕节特惠/2枚】 | ￥10￥20代金券 | 惠,ocr/input_videos\上海__美罗城__20260825.mp4
OBS-000727,美罗城,耳点,耳点,美睫,4.0,207,L4,rated,True,,rated,parsed,rating_anchor,0.9838,0.9997,67,6576,112.926,⭐🌟🌟⭐🌟 | 4.0美睫￥207/人 | L4,耳点 | ⭐🌟🌟⭐🌟 | 4.0美睫￥207/人 | L4 | 手法温柔熟练，养耳洞好去处 | ￥49￥49.01护理单个耳垂耳钉套餐 | 惠,ocr/input_videos\上海__美罗城__20260825.mp4
OBS-000728,美罗城,华为授权体验店,华为授权体验店,数码产品,4.8,4145,L1,rated,True,,rated,parsed,rating_anchor,0.9799,0.9997,60,6576,112.926,4.8数码产品￥4145/人 | L1,华为授权体验店 | 4.8数码产品￥4145/人 | L1 | HUAWEI | “ | 地理位置便利，布置粉粉嫩嫩很春天 | ￥9.9￥49手机贴膜|华为手机9.9享手.. | 惠,ocr/input_videos\上海__美罗城__20260825.mp4
OBS-000729,美罗城,HIBIYAKADAN日比谷花壇,HIBIYAKADAN日比谷花坛,花店,4.8,222,B1,rated,True,,rated,parsed,rating_anchor,0.9647,0.9897,51,6612,113.545,B1 | 4.8花店￥222/人,HIBIYAKADAN日比谷花壇 | B1 | 4.8花店￥222/人 | 点评榜单 | 徐汇区植物花卉热门榜第5名 | 鲜花浪漫，生活有仪式感 | 11,ocr/input_videos\上海__美罗城__20260825.mp4
OBS-000730,美罗城,Ms.Sue秘术工匠银饰DIY,Ms.Sue秘术工匠银饰DIY,DIY手工坊,4.8,221,L4,rated,True,,rated,parsed,rating_anchor,0.974,0.9948,48,6612,113.545,4.8DIY手工坊￥221/人 | L4,16店同庆 | Ms.Sue秘术工匠银饰DIY | 4.8DIY手工坊￥221/人 | L4 | 点评榜单 | 徐家汇商圈DIY手工坊好评榜第5名 | 地面 | 低空5折起 | 手工银饰DIY，创意魔法无限 | “ | 9 | ￥3968.2折 | ￥596 | 【七夕节特惠/2枚】 | 惠 | ￥10￥20代金券 | 惠,ocr/input_videos\上海__美罗城__20260825.mp4
OBS-000731,美罗城,耳点,耳点,美睫,4.0,207,L4,rated,True,,rated,parsed,rating_anchor,0.9584,0.9998,66,6612,113.545,4.0美睫￥207/人 | L4,耳点 | 4.0美睫￥207/人 | L4 | 手法温柔熟练，养耳洞好去处” | 惠 | ￥49￥49.01护理单个耳垂耳钉套餐,ocr/input_videos\上海__美罗城__20260825.mp4
OBS-000732,美罗城,华为授权体验店,华为授权体验店,数码产品,4.8,4145,L1,rated,True,,rated,parsed,rating_anchor,0.9793,0.9997,58,6612,113.545,4.8数码产品￥4145/人 | L1,华为授权体验店 | 4.8数码产品￥4145/人 | L1 | HUAWEI | 地理位置便利，布置粉粉嫩嫩很春天 | ￥9.9￥49手机贴膜|华为手机9.9享... | 惠,ocr/input_videos\上海__美罗城__20260825.mp4
OBS-000733,美罗城,结绳记,结绳记,综合珠宝饰,4.3,,L2,rated,True,,rated,parsed,rating_anchor,0.994,0.999,62,6636,113.957,⭐🌟⭐⭐ | 4.3综合珠宝饰￥728/L2 | ★,结绳记 | ⭐🌟⭐⭐ | 结绳记 | 4.3综合珠宝饰￥728/L2 | ★ | “DIY饰品，送人两相宜” | THE KNOTS,ocr/input_videos\上海__美罗城__20260825.mp4
OBS-000734,美罗城,HIBIYAKADAN日比谷花壇,HIBIYAKADAN日比谷花坛,花店,4.8,222,B1,rated,True,,rated,parsed,rating_anchor,0.9456,0.9952,51,6636,113.957,B1 | ⭐4.8花店￥222/人,HIBIYAKADAN日比谷花壇 | 好业 | B1 | ⭐4.8花店￥222/人 | 点评榜单 | 徐汇区植物花卉热门榜第5名 | 鲜花浪漫，生活有仪式感 | “,ocr/input_videos\上海__美罗城__20260825.mp4
OBS-000735,美罗城,Ms.Sue秘术工匠银饰DIY,Ms.Sue秘术工匠银饰DIY,DIY手工坊,4.8,221,L4,rated,True,,rated,parsed,rating_anchor,0.9706,0.9946,53,6636,113.957,4.8DIY手工坊￥221/人 | L4,Ms.Sue秘术工匠银饰DIY | 6店同庆 | 4.8DIY手工坊￥221/人 | L4 | 点评榜单 | 徐家汇商圈DIY手工坊好评榜第5名 | 医招0 | 低至5折起 | 手工银饰DIY，创意魔法无限 | 《 | 9 | ￥3968.2折 | ￥596 | 【七夕节特惠/2枚】 | 惠 | ￥10￥20代金券 | 惠,ocr/input_videos\上海__美罗城__20260825.mp4
OBS-000736,美罗城,耳点,耳点,美睫,4.0,207,L4,rated,True,,rated,parsed,rating_anchor,0.9735,0.9998,66,6636,113.957,⭐⭐⭐ | L4 | 美睫￥207/人 | 4.0 | ★,耳点 | ⭐⭐⭐ | L4 | 美睫￥207/人 | 4.0 | ★ | 手法温柔熟练，养耳洞好去处 | ￥49￥49.01护理单个耳垂耳钉套餐 | 惠,ocr/input_videos\上海__美罗城__20260825.mp4
OBS-000737,美罗城,华为授权体验店,华为授权体验店,数码产品,4.8,4145,L1,rated,True,,rated,parsed,rating_anchor,0.9847,0.9999,55,6636,113.957,4.8数码产品￥4145/人 | L1,华为授权体验店 | 4.8数码产品￥4145/人 | L1 | HUAWEI | “地理位置便利，布置粉粉嫩嫩很春天” | ¥9.9￥49手机贴膜|华为手机9.9享手.. | 惠,ocr/input_videos\上海__美罗城__20260825.mp4
OBS-000738,美罗城,好特卖HotMaxx,好特卖HotMaxx,特卖折扣,,72,L4,unknown,True,,ocr_missing,parsed,metadata_anchor,0.928,0.978,54,6684,114.781,★★4.9特卖折扣￥72/人 | L4,好特卖HotMaxx | ★★4.9特卖折扣￥72/人 | L4 | 好特卖 | 暂停营业 | ￥2.8￥2.9 | 【会员享】金磨坊脆骨肉枣80g | 惠,ocr/input_videos\上海__美罗城__20260825.mp4
OBS-000739,美罗城,周大福CHOWTAI FOOK,周大福CHOWTAIFOOK,黄金首饰,4.1,4625,L1,rated,True,,rated,parsed,rating_anchor,0.9582,0.962,51,6684,114.781,4.1黄金首饰￥4625/人 | L1,周大福CHOWTAI FOOK | 4.1黄金首饰￥4625/人 | L1 | 周大福 | 款式时尚，还能当项链戴！ | 39 | SINCE 1929,ocr/input_videos\上海__美罗城__20260825.mp4
OBS-000740,美罗城,24/7FITNESS健身,24/7FITNESS健身,健身房,4.3,2437,L4,rated,True,,rated,parsed,rating_anchor,0.9825,0.9965,54,6684,114.781,⭐🌟🎉🎉 | 4.3健身房￥2437/人 | L4 | ★,24/7FITNESS健身 | 2A/TFYNEO | . | 小时 | 2 | ⭐🌟🎉🎉 | 4.3健身房￥2437/人 | L4 | ★ | 健身 | HOURS OPEN | 无通 | 点评榜单 | 不打现 | ③零真锅 | 徐家汇商圈健身中心热门榜第1名 | 1. | 全民健身月 | 蓝色装修风格，器械超多 | “ | 33 | ￥68.8￥520专业场馆|连续3天|需预约 | 惠,ocr/input_videos\上海__美罗城__20260825.mp4
OBS-000741,美罗城,米思柚美甲美睫,米思柚美甲美睫,美甲,4.6,323,L4,rated,True,,rated,parsed,rating_anchor,0.9706,0.9996,51,6684,114.781,4.6美甲￥323/人 | L4,米思柚美甲美睫 | Misiyou | 4.6美甲￥323/人 | L4 | M证 | 【米思柚美甲美睫] | 细节处理到位，位置好找 | ￥198￥418 | 【简约百搭】本甲猫眼/冰... | 惠,ocr/input_videos\上海__美罗城__20260825.mp4
OBS-000742,美罗城,好特卖HotMaxx,好特卖HotMaxx,特卖折扣,,72,L4,unknown,True,,ocr_missing,parsed,metadata_anchor,0.9702,0.9924,54,6708,115.193,4.9特卖折扣￥72/人 | L4,好特卖HotMaxx | 4.9特卖折扣￥72/人 | L4 | 好特卖 | 暂停营业 | ￥2.8￥2.9 | 【会员享】金磨坊脆骨肉枣80g | 惠,ocr/input_videos\上海__美罗城__20260825.mp4
OBS-000743,美罗城,周大福CHOW TAI FOOK,周大福CHOWTAIFOOK,黄金首饰,4.1,4625,L1,rated,True,,rated,parsed,rating_anchor,0.9574,0.9586,54,6708,115.193,4.1黄金首饰￥4625/人 | L1,周大福CHOW TAI FOOK | 4.1黄金首饰￥4625/人 | L1 | 周大福 | 款式时尚，还能当项链戴！ | 39 | SINCE 1929,ocr/input_videos\上海__美罗城__20260825.mp4
OBS-000744,美罗城,24/7 FITNESS 健身,24/7FITNESS健身,健身房,4.3,2437,L4,rated,True,,rated,parsed,rating_anchor,0.9628,0.9628,51,6708,115.193,🌟🌟⭐⭐ | L4 | 4.3健身房￥2437/人 | ★,24/7 FITNESS 健身 | 2A/TFIYNCOS | . | 小时 | 2 | 🌟🌟⭐⭐ | L4 | 4.3健身房￥2437/人 | ★ | 健身 | HOURS OPEN | 零不打现 | 点评榜单 | 无丽 | 徐家汇商圈健身中心热门榜第1名 | 1. | 全民健身月 | 蓝色装修风格，器械超多 | “ | 3 | 惠 | ￥68.8￥520专业场馆|连续3天|需预约,ocr/input_videos\上海__美罗城__20260825.mp4
OBS-000745,美罗城,米思柚美甲美睫,米思柚美甲美睫,美甲,4.6,323,L4,rated,True,,rated,parsed,rating_anchor,0.9621,0.9998,51,6708,115.193,4.6美甲￥323/人 | L4,米思柚美甲美睫 | Misiyou | 4.6美甲￥323/人 | L4 | M证M | 【米思柚美甲美睫] | 细节处理到位，位置好找 | 号 | ￥198￥418 | 【简约百搭】本甲猫眼/冰.. | 惠,ocr/input_videos\上海__美罗城__20260825.mp4
OBS-000746,美罗城,Apple授权专营店,Apple授权专营店,数码产品,4.8,5827,L1,rated,True,,rated,parsed,rating_anchor,0.9832,0.9977,59,6708,115.193,4.8数码产品￥5827/人 | L1,Apple授权专营店 | 4.8数码产品￥5827/人 | L1 | I,ocr/input_videos\上海__美罗城__20260825.mp4
OBS-000747,美罗城,24/7FITNESS健身,24/7FITNESS健身,健身房,4.3,2437,L4,rated,True,,rated,parsed,rating_anchor,0.9625,0.9955,54,6756,116.017,🌟🌟★🌟 | L4 | 健身房￥2437/人 | 4.3,24/7FITNESS健身 | 2A2TITNS8 | 小时 | 🌟🌟★🌟 | L4 | 健身房￥2437/人 | 4.3 | 健身 | HOURS OPEN | 无学数不打状 | 点评榜单 | 徐家汇商圈健身中心热门榜第1名 | 7 | 全民健身月 | r | 蓝色装修风格，器械超多 | 惠 | ￥68.8￥520专业场馆|连续3天|需预约,ocr/input_videos\上海__美罗城__20260825.mp4
OBS-000748,美罗城,米思柚美甲美睫,米思柚美甲美睫,美甲,4.6,323,L4,rated,True,,rated,parsed,rating_anchor,0.9555,0.999,51,6756,116.017,4.6美甲￥323/人 | L4,米思柚美甲美睫 | Hislyour | 4.6美甲￥323/人 | L4 | 兴机 | [米思柚美甲美睫] | 细节处理到位，位置好找 | 惠￥198￥418 | 【简约百搭】本甲猫眼/冰..,ocr/input_videos\上海__美罗城__20260825.mp4
OBS-000749,美罗城,Apple授权专营店,Apple授权专营店,数码产品,4.8,5827,L1,rated,True,,rated,parsed,rating_anchor,0.9648,0.9968,63,6756,116.017,4.8数码产品￥5827/人 | L1,Apple授权专营店 | 4.8数码产品￥5827/人 | L1 | 服务贴，旧机回收便” | 授权经销商 | ￥999￥999.01AirPods4(非主动降噪) | 惠,ocr/input_videos\上海__美罗城__20260825.mp4
OBS-000750,美罗城,熊加加少儿足球·体能培训,熊加加少儿足球·体能培训,足球培训,4.7,,L6,rated,True,,rated,parsed,rating_anchor,0.955,0.9507,56,6756,116.017,4.7足球培训 | L6,熊加加少儿足球·体能培训 | 4.7足球培训 | L6 | 电印 | 点评榜单 | 徐汇区球培训好评榜第3名 | 场地宽敬，外教英语授课 | ￥9.9￥597全城6次课随学|少游.. | 惠,ocr/input_videos\上海__美罗城__20260825.mp4
OBS-000751,美罗城,屈臣氏,屈臣氏,化妆品,3.1,117,,rated,True,,rated,parsed,rating_anchor,0.9711,0.9994,58,6756,116.017,3.1化妆品￥117/人,屈臣氏 | 3.1化妆品￥117/人 | 手动剃须刀更有仪式感，礼盒包装适合...,ocr/input_videos\上海__美罗城__20260825.mp4
OBS-000752,美罗城,Apple授权专营店,Apple授权专营店,数码产品,4.8,5827,L1,rated,True,,rated,parsed,rating_anchor,0.977,0.9984,64,6780,116.43,4.8数码产品￥5827/人 | L1,Apple授权专营店 | 4.8数码产品￥5827/人 | L1 | “服务贴，旧机回收便” | 授权经销商 | ￥999￥999.01AirPods4(非主动降噪) | 惠,ocr/input_videos\上海__美罗城__20260825.mp4
OBS-000753,美罗城,熊加加少儿足球·体能培训,熊加加少儿足球·体能培训,足球培训,4.7,,L6,rated,True,,rated,parsed,rating_anchor,0.9623,0.9516,57,6780,116.43,4.7足球培训 | L6,熊加加少儿足球·体能培训 | 4.7足球培训 | L6 | 点评榜单 | 徐汇区球培训好评榜第3名 | 场地宽敬，外教英语授课 | ￥9.9￥597全城6次课随心学|少游. | 惠,ocr/input_videos\上海__美罗城__20260825.mp4
OBS-000754,美罗城,屈臣氏,屈臣氏,化妆品,3.1,117,,rated,True,,rated,parsed,rating_anchor,0.9714,0.9996,59,6780,116.43,3.1化妆品￥117/人,屈臣氏 | W | 3.1化妆品￥117/人 | 手动剃须刀更有仪式感，礼盒包装适合... | 屈臣氏 | ￥39.5￥79欧莱雅洗发水/润发乳/男士.. | 惠,ocr/input_videos\上海__美罗城__20260825.mp4
OBS-000755,美罗城,富士相机FUJIFILM,富士相机FUJIFILM,快照摄影,4.8,9183,L2,rated,True,,rated,parsed,rating_anchor,0.9607,0.9886,51,6780,116.43,4.8快照摄影￥9183/人 | L2,富士相机FUJIFILM | 1中141 | FUJ.FILM | 4.8快照摄影￥9183/人 | L2 | 服务特别好，外出拍照一绝 | 4 | 【专业i法】相机传感器和 | 出 | vpa | V100,ocr/input_videos\上海__美罗城__20260825.mp4
OBS-000756,美罗城,Apple授权专营店,Apple授权专营店,数码产品,4.8,5827,L1,rated,True,,rated,parsed,rating_anchor,0.9791,0.9981,64,6804,116.842,L1 | 4.8数码产品￥5827/人,Apple授权专营店 | L1 | 4.8数码产品￥5827/人 | 服务贴心，旧手机回收方便” | 授权经销商 | ￥999￥999.01AirPods4(非主动降噪) | 惠,ocr/input_videos\上海__美罗城__20260825.mp4
OBS-000757,美罗城,熊加加少儿足球·体能培训,熊加加少儿足球·体能培训,足球培训,4.7,,L6,rated,True,,rated,parsed,rating_anchor,0.9155,0.9701,58,6804,116.842,⭐⭐⭐4.7足球培训 | L6,熊加加少儿足球·体能培训 | 强 | ⭐⭐⭐4.7足球培训 | L6 | 店 | 志 | 园队 | 点评榜单 | 徐汇区足球培训好评榜第3名 | 给作 | “场地宽敬，外教英语授课 | ￥9.9￥597全城6次课随心学|少儿游... | 惠,ocr/input_videos\上海__美罗城__20260825.mp4
OBS-000758,美罗城,屈臣氏,屈臣氏,化妆品,3.1,117,,rated,True,,rated,parsed,rating_anchor,0.9847,0.9995,62,6804,116.842,3.1化妆品￥117/人,屈臣氏 | W | 3.1化妆品￥117/人 | 手动剃须刀更有仪式感，礼盒包装适合.. | 屈臣氏 | ￥39.5￥79欧莱雅洗发水/润发乳/男士. | 惠,ocr/input_videos\上海__美罗城__20260825.mp4
OBS-000759,美罗城,富士相机FUJIFILM,富士相机FUJIFILM,快照摄影,4.8,9183,L2,rated,True,,rated,parsed,rating_anchor,0.9754,0.992,51,6804,116.842,4.8快照摄影￥9183/人 | L2,富士相机FUJIFILM | FUJ.FILM | 4.8快照摄影￥9183/人 | L2 | 服务特别好，外出拍照一绝 | 惠×99￥100 | 【专业清洁】相机传感器和,ocr/input_videos\上海__美罗城__20260825.mp4
OBS-000760,美罗城,熊加加少儿正球·体能训,熊加加少儿正球·体能训,足球培训,4.7,,L6,rated,True,,rated,parsed,rating_anchor,0.8458,0.8318,40,6864,117.872,L6 | ⭐⭐4.7足球培训,熊加加少儿正球·体能训 | 体质 | L6 | ⭐⭐4.7足球培训 | 自烤 | 康志 | 园R | 点评榜单 | 徐汇区足球培训好评榜第3名 | “场地宽敞，外教英语授课” | ￥9.9￥597全城6次课随心学|少儿游. | 惠,ocr/input_videos\上海__美罗城__20260825.mp4
OBS-000761,美罗城,屈臣氏,屈臣氏,化妆品,3.1,117,,rated,True,,rated,parsed,rating_anchor,0.9818,0.9994,59,6864,117.872,🌟🌟🎉 | 3.1化妆品￥117/人 | ★,屈臣氏 | W | 🌟🌟🎉 | 3.1化妆品￥117/人 | ★ | 手动剃须刀更有仪式感，礼盒包装适合... | ≤ | 屈臣氏 | ￥39.5￥79欧莱雅洗发水/润发乳/男士... | 惠,ocr/input_videos\上海__美罗城__20260825.mp4
OBS-000762,美罗城,富士相机FUJIFILM,富士相机FUJIFILM,快照摄影,4.8,9183,L2,rated,True,,rated,parsed,rating_anchor,0.9764,0.9925,54,6864,117.872,4.8快照摄影￥9183/人 | L2,富士相机FUJIFILM | FUJ.FILM | 4.8快照摄影￥9183/人 | L2 | 服务特别好，外出拍照一绝” | “ | ￥99￥199 | 【专业清洁】相机传感器和... | 惠,ocr/input_videos\上海__美罗城__20260825.mp4
OBS-000763,美罗城,MUJOSH木九十眼镜,MUJOSH木九十眼镜,眼镜店,4.6,947,L2,rated,True,,rated,parsed,rating_anchor,0.9556,0.999,58,6864,117.872,L2 | ⭐4.6眼镜店￥947/人,MUJOSH木九十眼镜 | 西 | L2 | ⭐4.6眼镜店￥947/人 | 鼻托修理快速，服务热情周到”,ocr/input_videos\上海__美罗城__20260825.mp4
OBS-000764,美罗城,全家便利店,全家便利店,超市便利,4.0,17,L1,rated,True,,rated,parsed,rating_anchor,0.9477,0.9976,59,6864,117.872,L1 | ★4.0超市便利￥17/人,全家便利店 | L1 | ★4.0超市便利￥17/人 | 全家暂停营业art,ocr/input_videos\上海__美罗城__20260825.mp4
OBS-000765,美罗城,熊加加少儿正球·体能训,熊加加少儿正球·体能训,足球培训,4.7,,L6,rated,True,,rated,parsed,rating_anchor,0.896,0.8149,40,6900,118.49,L6 | 4.7足球培训,熊加加少儿正球·体能训 | 体顾 | L6 | 4.7足球培训 | 店灯 | 康志 | 点评榜单 | 园队 | 徐汇区足球培训好评榜第3名 | “场地宽敞，外教英语授课” | ￥9.9￥597全城6次课随心学|少儿游.. | 惠,ocr/input_videos\上海__美罗城__20260825.mp4
OBS-000766,美罗城,屈臣氏,屈臣氏,化妆品,3.1,117,,rated,True,,rated,parsed,rating_anchor,0.9835,0.9992,58,6900,118.49,⭐🌟🎉 | 3.1化妆品￥117/人 | ★,屈臣氏 | W | ⭐🌟🎉 | 3.1化妆品￥117/人 | ★ | 手动剃须刀更有仪式感，礼盒包装适合... | 屈臣氏 | ￥39.5￥79欧莱雅洗发水/润发乳/男士.. | 惠,ocr/input_videos\上海__美罗城__20260825.mp4
OBS-000767,美罗城,富士相机FUJIFILM,富士相机FUJIFILM,快照摄影,4.8,9183,L2,rated,True,,rated,parsed,rating_anchor,0.9765,0.9922,54,6900,118.49,4.8快照摄影￥9183/人 | L2,富士相机FUJIFILM | FUJ.FILM | 4.8快照摄影￥9183/人 | L2 | 服务特别好，外出拍照一绝” | ￥99￥199 | 【专业清洁】相机传感器和... | 惠,ocr/input_videos\上海__美罗城__20260825.mp4
OBS-000768,美罗城,MUJOSH木九十眼镜,MUJOSH木九十眼镜,眼镜店,4.6,947,L2,rated,True,,rated,parsed,rating_anchor,0.9777,0.9978,54,6900,118.49,L2 | 4.6眼镜店￥947/人,MUJOSH木九十眼镜 | 程 | L2 | 4.6眼镜店￥947/人 | 鼻托修理快速，服务热情周到”,ocr/input_videos\上海__美罗城__20260825.mp4
OBS-000769,美罗城,全家便利店,全家便利店,超市便利,4.0,17,L1,rated,True,,rated,parsed,rating_anchor,0.9556,0.9977,56,6900,118.49,⭐4.0超市便利￥17/人 | L1,全家便利店 | ⭐4.0超市便利￥17/人 | L1 | 全家暂停营业art | 美式眼镜 | 食食食食食,ocr/input_videos\上海__美罗城__20260825.mp4
OBS-000770,美罗城,全家便利店,全家便利店,超市便利,4.0,17,L1,rated,True,,rated,parsed,rating_anchor,0.9797,0.9971,55,6924,118.902,🌟🌟🌟🌟 | L1 | 4.0超市便利￥17/人 | ★,全家便利店 | 🌟🌟🌟🌟 | L1 | 4.0超市便利￥17/人 | ★ | 全家暂停营业art,ocr/input_videos\上海__美罗城__20260825.mp4
OBS-000771,美罗城,美式眼镜,美式眼镜,眼镜店,4.6,393,L3,rated,True,,rated,parsed,rating_anchor,0.9791,0.9962,56,6924,118.902,L3 | 🌟🌟🌟🌟🌟 | 眼镜店￥393/人 | 4.6,美式眼镜 | 食食食食 | EYES | L3 | 🌟🌟🌟🌟🌟 | 眼镜店￥393/人 | 4.6 | “服务贴专业，隐形眼镜佩戴清洁. | 美式眼镜 | 美爱您的眼睛 | 司依视路官方授权店 | ￥22.868.5折 | ￥89 | 【作验光】专.. | 惠,ocr/input_videos\上海__美罗城__20260825.mp4
OBS-000772,美罗城,JINS,JINS,眼镜店,4.8,915,B1,rated,True,,rated,parsed,rating_anchor,0.9691,0.9977,51,6924,118.902,B1 | ★★★★★ | 眼镜店￥915/人 | 4.8,JINS | J!NS | B1 | ★★★★★ | 眼镜店￥915/人 | 4.8 | 30分钟 | 点评榜单 | 徐汇区眼镜店热门榜第8名 | 立等可取 | 全球超800家直营店 | 日系设计超潮流，框型丰富轻盈 | 33 | 套餐含1.60非球面银片399起,ocr/input_videos\上海__美罗城__20260825.mp4
OBS-000773,美罗城,BodySoul舞蹈,BodySoul舞蹈,舞蹈,4.3,3107,L7,rated,True,,rated,parsed,rating_anchor,0.9745,0.9981,60,6924,118.902,舞蹈￥3107/人 | 🌟🌟⭐⭐ | L7 | 4.3 | ★,BodySoul舞蹈 | 188Y | 舞蹈￥3107/人 | 🌟🌟⭐⭐ | L7 | 4.3 | ★ | 暑期羊毛卡 | 点评榜单 | SUMMER | 徐汇区舞蹈热门榜第1名 | hiphop风格超放松，服务态度很好 | ≤≤ | 惠￥10￥208 | 【精选】 | 零基础街舞舞种任....,ocr/input_videos\上海__美罗城__20260825.mp4
OBS-000774,美罗城,慧动体育足球培训,慧动体育足球培训,足球培训,4.5,,L6,rated,True,,rated,parsed,rating_anchor,0.9718,0.9967,54,6924,118.902,4.5足球培训 | 🌟🌟🌟🌟🌟 | L6,慧动体育足球培训 | 4.5足球培训 | 🌟🌟🌟🌟🌟 | L6 | “课程通，教练专业亲和” | ￥289 | ￥2399 | 9.7折 | 开学季【会员专享.. | 惠,ocr/input_videos\上海__美罗城__20260825.mp4
OBS-000775,美罗城,全家便利店,全家便利店,超市便利,4.0,17,L1,rated,True,,rated,parsed,rating_anchor,0.948,0.9621,41,6948,119.315,🌟🌟🌟🌟 | L1 | 4.0 | 超市便利￥17/人 | ★,全家便利店 | 🌟🌟🌟🌟 | L1 | 4.0 | 超市便利￥17/人 | ★ | 全暂停营业art,ocr/input_videos\上海__美罗城__20260825.mp4
OBS-000776,美罗城,美式眼镜,美式眼镜,眼镜店,4.6,393,L3,rated,True,,rated,parsed,rating_anchor,0.9802,0.9981,56,6948,119.315,🌟🌟🌟🌟🌟 | L3 | 眼镜店￥393/人 | 4.6,美式眼镜 | 食食食食食 | EYES | 🌟🌟🌟🌟🌟 | L3 | 眼镜店￥393/人 | 4.6 | 美式眼镜 | 服务贴心又专业，隐形眼镜佩戴清洁 | 一， | 关爱险的眼睛 | 察司依视路官方授权店 | ￥89 | ￥22.86 | 8.5折 | 【工作日验光】专.. | 惠,ocr/input_videos\上海__美罗城__20260825.mp4
OBS-000777,美罗城,JINS,JINS,眼镜店,4.8,915,B1,rated,True,,rated,parsed,rating_anchor,0.961,0.9953,52,6948,119.315,B1 | 🌟🌟⭐⭐⭐4.8 | 眼镜店￥915/人,JINS | J!NS | B1 | 🌟🌟⭐⭐⭐4.8 | 眼镜店￥915/人 | 30分钟 | 点评榜单 | 徐汇区眼镜店热门榜第8名 | 立等可取心 | 全球超800家直营店 | 系设计超潮流，框型丰富轻盈 | “ | 55 | 餐含1.60非球面片399起,ocr/input_videos\上海__美罗城__20260825.mp4
OBS-000778,美罗城,BodySoul舞蹈,BodySoul舞蹈,舞蹈,4.3,3107,L7,rated,True,,rated,parsed,rating_anchor,0.978,0.9965,54,6948,119.315,舞蹈￥3107/人 | 🌟🌟🌟🌟 | L7 | 4.3,BodySoul舞蹈 | 188￥ | 舞蹈￥3107/人 | 🌟🌟🌟🌟 | L7 | 4.3 | 暑期羊毛卡 | 点评榜单 | SUMMER | 徐汇区舞蹈热门榜第1名 | hiphop风格超放松，服务态度很好 | “ | ￥10￥208 | 惠 | 【精选】零基础街舞舞种任...,ocr/input_videos\上海__美罗城__20260825.mp4
OBS-000779,美罗城,慧动体育足球培训,慧动体育足球培训,足球培训,4.5,,L6,rated,True,,rated,parsed,rating_anchor,0.9566,0.9982,48,6948,119.315,L6 | ⭐4.5足球培训,慧动体育足球培训 | M动 | 暑期 | L6 | ⭐4.5足球培训 | 天天练 | “课程通用，教练专业亲和” | ￥2899.7折 | 惠 | ￥2399 | 开学季【会员专享..,ocr/input_videos\上海__美罗城__20260825.mp4
OBS-000780,美罗城,美式眼镜,美式眼镜,眼镜店,4.6,393,L3,rated,True,,rated,parsed,rating_anchor,0.979,0.9957,52,6984,119.933,🌟🌟🌟🌟🌟 | L3 | 眼镜店￥393/人 | 4.6,美式眼镜 | 赏资资资贸 | EYES | 🌟🌟🌟🌟🌟 | L3 | 眼镜店￥393/人 | 4.6 | 美式眼镜 | 服务贴心又专业，隐形眼镜佩戴清洁一.. | G | 关爱您的眼睛 | 司结视路富方授权店 | ￥89 | ￥22.868.5折 | 专.. | 惠 | 【工作日验光】,ocr/input_videos\上海__美罗城__20260825.mp4
OBS-000781,美罗城,JINS,JINS,眼镜店,4.8,915,B1,rated,True,,rated,parsed,rating_anchor,0.9803,0.9987,51,6984,119.933,⭐🌟⭐⭐⭐4.8 | B1 | 眼镜店￥915/人,JINS | J!NS | ⭐🌟⭐⭐⭐4.8 | B1 | 眼镜店￥915/人 | 30分钟 | 点评榜单 | 徐汇区眼镜店热门榜第8名 | 立等可取 | 全球超800家直营店 | 日系设计超潮流，框型丰富轻盈 | 3 | ≤ | 套餐含1.60非球面锁片399起,ocr/input_videos\上海__美罗城__20260825.mp4
OBS-000782,美罗城,BodySoul舞蹈,BodySoul舞蹈,舞蹈,4.3,3107,L7,rated,True,,rated,parsed,rating_anchor,0.9738,0.9983,55,6984,119.933,🌟🌟⭐⭐ | L7 | 舞蹈￥3107/人 | 4.3 | ★,BodySoul舞蹈 | 188￥ | 🌟🌟⭐⭐ | L7 | 舞蹈￥3107/人 | 4.3 | ★ | 暑期羊毛卡 | 点评榜单 | SUMMER | 徐汇区舞蹈热门榜第1名 | hiphop风格超放松，服务态度很好” | ￥10￥208 | 惠 | 零基础街舞舞种任... | 【精选】,ocr/input_videos\上海__美罗城__20260825.mp4
OBS-000783,美罗城,慧动体育足球培训,慧动体育足球培训,足球培训,4.5,,L6,rated,True,,rated,parsed,rating_anchor,0.905,0.9989,48,6984,119.933,L6 | ⭐⭐⭐⭐4.5足球培训,慧动体育足球培训 | 随动 | 暑期 | L6 | ⭐⭐⭐⭐4.5足球培训 | 天天练 | 课程通用，教练专业亲和 | ￥2899.7折 | ￥2399 | 惠 | 开学季【会员专享..,ocr/input_videos\上海__美罗城__20260825.mp4
OBS-000784,美罗城,宝岛眼镜·星创视光中心,宝岛眼镜·星创视光中心,眼镜店,4.8,602,L3,rated,True,,rated,parsed,rating_anchor,0.9732,0.9826,48,6984,119.933,🌟🌟⭐⭐🌟4.8 | 眼镜店￥602/人 | L3,宝岛眼镜·星创视光中心 | 新生护期） | 从视力复查开始 | 🌟🌟⭐⭐🌟4.8 | 眼镜店￥602/人 | L3 | 换眼镜还送清洗，服务贴心 | NISYON | NIYAN | 国宝部服位 | 量国装养 | MNNCE,ocr/input_videos\上海__美罗城__20260825.mp4
OBS-000785,美罗城,宝岛眼镜·星创视光中心,宝岛眼镜·星创视光中心,眼镜店,4.8,602,L3,rated,True,,rated,parsed,rating_anchor,0.9768,0.9806,48,7044,120.963,L3 | ⭐🌟⭐★⭐4.8 | 眼镜店￥602/人,宝岛眼镜·星创视光中心 | 生护州） | 从视力复查开始 | L3 | ⭐🌟⭐★⭐4.8 | 眼镜店￥602/人 | 换眼镜还送清洗，服务贴心” | NISYSN | NIYON | 图宝名服位 | 量创联热 | RMEAECE | ￥199￥898 | 惠 | 【特惠福利款】1.56标准..,ocr/input_videos\上海__美罗城__20260825.mp4
OBS-000786,美罗城,AOJO眼镜,AOJO眼镜,眼镜店,4.8,897,L3,rated,True,,rated,parsed,rating_anchor,0.9661,0.9963,52,7044,120.963,L3 | 🌟🌟🌟⭐🌟 | 眼镜店￥897/人 | 4.8,AOJO眼镜 | L3 | 🌟🌟🌟⭐🌟 | 眼镜店￥897/人 | 4.8 | AOJO澳镜 | 验光师专业，款式时尚不刻板 | 家庭税力健康管理专家 | ￥199成人验光|提供验... | 8.5折 | 惠 | ￥25.41 | 惠￥1￥300代金券,ocr/input_videos\上海__美罗城__20260825.mp4
OBS-000787,美罗城,海马体照相馆,海马体照相馆,快照摄影,3.9,219,L4,rated,True,,rated,parsed,rating_anchor,0.9811,0.9979,51,7044,120.963,🌟🌟🎉🌟🌟 | L4 | 快照摄影￥219/人 | 3.9,海马体照相馆 | QHO2 | 🌟🌟🎉🌟🌟 | L4 | 快照摄影￥219/人 | 3.9 | 徐汇区形象照销量榜第3名 | 白烟美 | 我的人生证件照 | 环境干净，拍照区域明确 | ￥919.7折 | ￥99 | 惠 | 【毕业季热卖】儿童证...,ocr/input_videos\上海__美罗城__20260825.mp4
OBS-000788,美罗城,一代眼镜,一代眼镜,眼镜店,4.8,693,,rated,True,,rated,parsed,rating_anchor,0.9781,0.9966,57,7044,120.963,⭐🌟🌟🌟🌟4.8 | 眼镜店￥693/人,一代眼镜 | 好 | ⭐🌟🌟🌟🌟4.8 | 眼镜店￥693/人 | IDEE | 代眼镜 | 徐汇区近视配镜销量榜第9名 | 值得信赖 | 专业配镜 | 高颜值眼镜店，验光配镜专业” | 蔡同·做视路官方授权,ocr/input_videos\上海__美罗城__20260825.mp4
OBS-000789,美罗城,慧动体育足球培训,慧动体育足球培训,足球培训,4.5,,L6,rated,True,,rated,parsed,rating_anchor,0.9992,0.9993,57,7056,121.169,🌟🌟🌟🌟🌟 | L6 | 足球培训 | 4.5,慧动体育足球培训 | 煎动 | 暑期 | 🌟🌟🌟🌟🌟 | L6 | 足球培训 | 4.5 | 天天练 | 课程通用，教练专业亲和 | 惠 | ￥289 | 9.7折 | ￥2399 | 开学季【会员专享..,ocr/input_videos\上海__美罗城__20260825.mp4
OBS-000790,美罗城,宝岛眼镜·星创视光中心,宝岛眼镜·星创视光中心,眼镜店,4.8,602,L3,rated,True,,rated,parsed,rating_anchor,0.9308,0.9798,50,7056,121.169,L3 | ⭐⭐4.8眼镜店￥602/人,宝岛眼镜·星创视光中心 | （新生护报） | 从视力复查开始 | L3 | ⭐⭐4.8眼镜店￥602/人 | 换眼镜还送清洗，服务贴心 | NPYON | NIYON | 宝名眼饺 | 健国精所 | BME3UCE | ￥199￥898 | 惠 | 【特惠福利款】1.56标准...,ocr/input_videos\上海__美罗城__20260825.mp4
OBS-000791,美罗城,AOJO眼镜,AOJO眼镜,眼镜店,,897,L3,unknown,True,,ocr_missing,parsed,metadata_anchor,0.9801,0.9985,52,7056,121.169,L3 | ★★★★★ | 眼镜店￥897/人 | 14.8,AOJO眼镜 | L3 | ★★★★★ | 眼镜店￥897/人 | 14.8 | AOJO澳镜 | 验光师专业，款式时尚不刻板 | 家庭税力健康管理专家 | “ | 惠 | 8.5折 | ￥25.41 | ￥199成人验光提供验.. | 惠 | 代金券 | ￥1￥300,ocr/input_videos\上海__美罗城__20260825.mp4
OBS-000792,美罗城,海马体照相馆,海马体照相馆,快照摄影,3.9,219,L4,rated,True,,rated,parsed,rating_anchor,0.9826,0.9992,54,7056,121.169,🌟🌟🌟🌟⭐ | 快照摄影￥219/人 | L4 | 3.9,海马体照相馆 | D-Moana | 🌟🌟🌟🌟⭐ | 快照摄影￥219/人 | L4 | 3.9 | 徐汇区形象照销量榜第3名 | 我的人生证件照 | 环境干净，拍照区域明确 | ￥911 | 惠 | ￥99 | 9.7折 | 【毕业季热卖】儿童证..,ocr/input_videos\上海__美罗城__20260825.mp4
OBS-000793,美罗城,一代眼镜,一代眼镜,眼镜店,,693,,unknown,True,,ocr_missing,parsed,metadata_anchor,0.9693,0.998,55,7056,121.169,★★★窗 | 眼镜店￥693/人 | 14.8,一代眼镜 | 口 | ★★★窗 | 眼镜店￥693/人 | IDEE | 14.8 | 代眼镜 | 徐汇区近视配镜销量榜第9名 | 专业配锁值得信赖 | 业产东业” | “前称法音时 | 热司·搜总宣究权,ocr/input_videos\上海__美罗城__20260825.mp4
OBS-000794,美罗城,慧动体育足球培训,慧动体育足球培训,足球培训,4.5,,L6,rated,True,,rated,parsed,rating_anchor,0.9976,0.9996,51,7080,121.581,⭐🌟🌟🌟🌟 | 4.5足球培训 | L6,慧动体育足球培训 | M动 | 暑期 | ⭐🌟🌟🌟🌟 | 4.5足球培训 | L6 | 天天练 | 课程通用，教练专业亲和” | “ | ￥2899.7折 | ￥2399开学季【会员专享.. | 惠,ocr/input_videos\上海__美罗城__20260825.mp4
OBS-000795,美罗城,宝岛眼镜·星创视光中心,宝岛眼镜·星创视光中心,眼镜店,4.8,602,L3,rated,True,,rated,parsed,rating_anchor,0.9705,0.9892,51,7080,121.581,L3 | 4.8眼镜店￥602/人,宝岛眼镜·星创视光中心 | 新生护报） | 从视力复查开始 | L3 | 4.8眼镜店￥602/人 | 换眼镜还送清洗，服务贴心” | N | NIYON | 宝鸟果镜 | BMEYEE | ￥199￥898 | 惠 | 【特惠福利款】1.56标准...,ocr/input_videos\上海__美罗城__20260825.mp4
OBS-000796,美罗城,AOJO眼镜,AOJO眼镜,眼镜店,4.8,897,L3,rated,True,,rated,parsed,rating_anchor,0.9402,0.9971,52,7080,121.581,L3 | ⭐⭐4.8眼镜店￥897/人,AOJO眼镜 | L3 | ⭐⭐4.8眼镜店￥897/人 | AOJO澳镜 | 家庭税力健康管理专家 | 验光师专业，款式时尚不刻板 | ￥199成人验光提供验... | ￥25.418.5折 | 惠 | ￥1￥300代金券 | 惠,ocr/input_videos\上海__美罗城__20260825.mp4
OBS-000797,美罗城,海马体照相馆,海马体照相馆,快照摄影,3.9,219,L4,rated,True,,rated,parsed,rating_anchor,0.9819,0.9998,52,7080,121.581,快照摄影￥219/人 | 🌟🌟🌟🌟★ | L4 | 3.9,海马体照相馆 | QNONa | 快照摄影￥219/人 | 🌟🌟🌟🌟★ | L4 | 3.9 | 徐汇区形象照销量榜第3名 | 我的人生证件照 | 环境干净，拍照区域明确 | 3 | ￥919.7折 | ￥99 | 惠 | 【毕业季热卖】儿童证.,ocr/input_videos\上海__美罗城__20260825.mp4
OBS-000798,美罗城,一代眼镜,一代眼镜,眼镜店,,693,,unknown,True,,ocr_missing,parsed,metadata_anchor,0.9739,0.9959,61,7080,121.581,🌟🌟⭐⭐🌟 | 眼镜店￥693/人 | 14.8,一代眼镜 | 超 | 🌟🌟⭐⭐🌟 | IDEE | 眼镜店￥693/人 | 14.8 | 一代眼镜 | 徐汇区诉视配镜销量榜第8名,ocr/input_videos\上海__美罗城__20260825.mp4
OBS-000799,美罗城,AOJO眼镜,AOJO眼镜,眼镜店,4.8,,L3,rated,True,,rated,parsed,rating_anchor,0.9617,0.998,53,7116,122.2,4.8眼镜店￥897/ | L3,AOJO眼镜 | 4.8眼镜店￥897/ | L3 | AOJO澳镜 | 家题视力健康管理专家 | 验光师专业，款式时尚不刻板” | “ | ￥25.418.5折 | ￥199成人验光|提供验... | 惠 | 惠￥1￥300代金券,ocr/input_videos\上海__美罗城__20260825.mp4
OBS-000800,美罗城,海马体照相馆,海马体照相馆,快照摄影,3.9,219,L4,rated,True,,rated,parsed,rating_anchor,0.9741,0.9996,55,7116,122.2,L4 | 🌟🌟🌟🌟🌟 | 快照摄影￥219/人 | 3.9,海马体照相馆 | Ha | L4 | 🌟🌟🌟🌟🌟 | 快照摄影￥219/人 | 3.9 | 徐汇区形象照销量榜第3名 | 我的人生证件照 | 环境干净，拍照区域明确 | 惠￥919.7折 | ￥99 | 【毕业季热卖】儿童证..,ocr/input_videos\上海__美罗城__20260825.mp4
OBS-000801,美罗城,一代眼镜,一代眼镜,眼镜店,4.8,693,,rated,True,,rated,parsed,rating_anchor,0.9791,0.9982,59,7116,122.2,★★★4.8 | 眼镜店￥693/人,一代眼镜 | 好 | ★★★4.8 | IDEE | 眼镜店￥693/人 | 一代眼镜 | 徐汇区近视配镜销量榜第9名 | 专业配镜值得信赖 | 高颜值眼镜店，验光配镜专业” | 蔡同·做规路官方授权 | S | 惠￥16.918.5折 | ￥25海昌|隐形眼镜美瞳..,ocr/input_videos\上海__美罗城__20260825.mp4
OBS-000802,美罗城,方快-照相馆,方快-照相馆,快照摄影,4.4,,L4,rated,True,,rated,parsed,rating_anchor,0.9789,0.9963,56,7116,122.2,🌟🌟🌟🌟 | 4.4快照摄影￥62/ | L4,方快-照相馆 | 结婚登记照 | 🌟🌟🌟🌟 | 4.4快照摄影￥62/ | L4 | 徐汇区快照销量榜第1名 | 拍照修片一人到位，图质量高 | 门的日 | AEASYFASY | 【证件照拍照】签证照|… | ￥49.99￥50 | 惠,ocr/input_videos\上海__美罗城__20260825.mp4
OBS-000803,美罗城,海马体照相馆,海马体照相馆,快照摄影,3.9,219,L4,rated,True,,rated,parsed,rating_anchor,0.9801,0.9997,52,7140,122.612,★★🌟🌟★ | 3.9 | 快照摄影￥219/人 | L4,海马体照相馆 | -MO | ★★🌟🌟★ | 3.9 | 快照摄影￥219/人 | L4 | 徐汇区形象照销量榜第3名 | 然美 | 我的人生证件照 | 环境干净，拍照区域明确 | ￥919.7折 | ￥99 | 惠 | 【毕业季热卖】儿童证..,ocr/input_videos\上海__美罗城__20260825.mp4
OBS-000804,美罗城,一代眼镜,一代眼镜,眼镜店,4.8,693,,rated,True,,rated,parsed,rating_anchor,0.9846,0.9992,62,7140,122.612,⭐⭐4.8 | 眼镜店￥693/人,一代眼镜 | 超 | ⭐⭐4.8 | 眼镜店￥693/人 | IDEE | 一代眼镜 | 徐汇区近视配镜销量榜第9名 | 专业配镜值得信赖 | 高颜值眼镜店，验光配镜专业” | 禁司·视路官方授权 | 8.5折 | ￥16.91 | 惠 | ￥25海昌隐形眼镜美瞳...,ocr/input_videos\上海__美罗城__20260825.mp4
OBS-000805,美罗城,方快-照相馆,方快-照相馆,快照摄影,4.4,62,L4,rated,True,,rated,parsed,rating_anchor,0.9812,0.9986,56,7140,122.612,⭐🌟🌟⭐🌟 | 4.4快照摄影￥62/人 | L4,方快-照相馆 | 结婚登记照 | ⭐🌟🌟⭐🌟 | 4.4快照摄影￥62/人 | L4 | 徐汇区快照销量榜第1名 | 拍照修一人到位，图质量 | 门口 | 万EASYFAST | ￥49.99￥50 | 惠 | 【证件照拍照】签证照|.,ocr/input_videos\上海__美罗城__20260825.mp4
OBS-000806,美罗城,吴良材眼镜,吴良材眼镜,眼镜店,4.7,953,L3,rated,True,,rated,parsed,rating_anchor,0.9718,0.9898,56,7140,122.612,L3 | 🌟🌟🌟🌟🌟 | 眼镜店￥953/人 | 4.7,吴良材眼镜 | L3 | 🌟🌟🌟🌟🌟 | 眼镜店￥953/人 | 4.7 | 眼服 | 吴良材 | 送水杯毛巾，清洗眼镜很愿意 | 百联第团成员企业 | ￥10￥300眼镜智耀膜升级券 | 惠,ocr/input_videos\上海__美罗城__20260825.mp4
OBS-000807,美罗城,海马体照相馆,海马体照相馆,快照摄影,3.9,219,L4,rated,True,,rated,parsed,rating_anchor,0.9804,0.9998,57,7188,123.436,⭐🌟🌟🌟🌟 | 快照摄影￥219/人 | L4 | 3.9,海马体照相馆 | O-MON1 | ⭐🌟🌟🌟🌟 | 快照摄影￥219/人 | L4 | 3.9 | 徐汇区形象照销量榜第3名 | 然美 | 我的人生证件照 | 环境干净，拍照区域明确 | ￥919.7折 | ￥99 | 惠 | 【毕业季热卖】儿童证..,ocr/input_videos\上海__美罗城__20260825.mp4
OBS-000808,美罗城,一代眼镜,一代眼镜,眼镜店,4.8,693,,rated,True,,rated,parsed,rating_anchor,0.9847,0.9991,62,7188,123.436,🌟⭐⭐4.8 | 眼镜店￥693/人,一代眼镜 | 超 | 🌟⭐⭐4.8 | 眼镜店￥693/人 | IDEE | 一代眼镜 | 徐汇区近视配镜销量榜第9名 | 专业配锁值得信赖 | 高颜值眼镜店，验光配镜专业” | 禁司·视路官方授权 | 8.5折 | ￥16.91 | 惠 | ￥25海昌隐形眼镜美瞳...,ocr/input_videos\上海__美罗城__20260825.mp4
OBS-000809,美罗城,方快-照相馆,方快-照相馆,快照摄影,4.4,62,L4,rated,True,,rated,parsed,rating_anchor,0.9833,0.9983,56,7188,123.436,★★★★ | L4 | 4.4快照摄影￥62/人 | ★,方快-照相馆 | 结婚登记照 | ★★★★ | L4 | 4.4快照摄影￥62/人 | ★ | 徐汇区快照销量榜第1名 | “拍照修片一人到位，图片质量高 | 门的 | 万EASYFAST | ￥49.99￥50 | 惠 | 【证件照拍照】签证照Ⅰ.,ocr/input_videos\上海__美罗城__20260825.mp4
OBS-000810,美罗城,吴良材眼镜,吴良材眼镜,眼镜店,4.7,953,L3,rated,True,,rated,parsed,rating_anchor,0.9728,0.9781,56,7188,123.436,L3 | 🌟🌟🌟🌟🌟 | 眼镜店￥953/人 | 4.7,吴良材眼镜 | L3 | 🌟🌟🌟🌟🌟 | 眼镜店￥953/人 | 4.7 | 眼服 | 吴良材 | 送水杯毛巾，清洗眼镜很愿意 | 百联第团成员企业 | ￥10￥300眼镜智耀膜升级券 | 惠,ocr/input_videos\上海__美罗城__20260825.mp4
OBS-000811,美罗城,一代眼镜,一代眼镜,眼镜店,4.8,693,,rated,True,,rated,parsed,rating_anchor,0.9839,0.9982,56,7200,123.642,★★★★★ | 眼镜店￥693/人 | 】4.8,一代眼镜 | 店辅 | ★★★★★ | IDEE | 眼镜店￥693/人 | 】4.8 | 一代眼镜 | 徐汇区近视配镜销量榜第9名 | 专业配镜值得信赖 | 高颜值眼镜店，验光配镜专业” | “ | 燕司·做投路富方授权 | 8.5折 | ￥16.91 | ￥25海昌|隐形眼镜美瞳.. | 惠,ocr/input_videos\上海__美罗城__20260825.mp4
OBS-000812,美罗城,方快-照相馆,方快-照相馆,快照摄影,4.4,62,L4,rated,True,,rated,parsed,rating_anchor,0.9818,0.9983,59,7200,123.642,🌟🌟⭐🌟 | 4.4快照摄影￥62/人 | L4 | ★,方快-照相馆 | 结婚登记照 | 🌟🌟⭐🌟 | 4.4快照摄影￥62/人 | L4 | ★ | 徐汇区快照销量榜第1名 | 拍照修片一人到位，图质量高 | 万EASYPAST | 门 | ￥49.99￥50 | 惠 | 【证件照拍照】签证照|,ocr/input_videos\上海__美罗城__20260825.mp4
OBS-000813,美罗城,吴良材眼镜,吴良材眼镜,眼镜店,4.7,953,L3,rated,True,,rated,parsed,rating_anchor,0.9694,0.9765,55,7200,123.642,L3 | 🌟🌟🎉🌟4.7 | 眼镜店￥953/人,吴良材眼镜 | L3 | 🌟🌟🎉🌟4.7 | 眼镜店￥953/人 | 吴良材 | 服 | “送杯，清洗眼镜很愿意 | 百联集团成员企业 | ￥10￥300目 | 惠 | 眼镜智耀膜升级券,ocr/input_videos\上海__美罗城__20260825.mp4
OBS-000814,美罗城,SFCine+联和万物,SFCine+联和万物,玩具,,,L5,unrated,False,explicitly_unrated,unrated,parsed,unrated_anchor,0.9985,0.9975,48,7200,123.642,暂无星级 | 玩具 | L5 | ★★★★★,SFCine+联和万物 | 暂无星级 | 玩具 | L5 | ★★★★★,ocr/input_videos\上海__美罗城__20260825.mp4
OBS-000815,美罗城,存金通上海徐匯美羅城珠寶店,存金通上海徐汇美罗城珠宝店,金银首饰回收,,,L1,unrated,False,explicitly_unrated,unrated,parsed,unrated_anchor,0.9951,0.9907,54,7200,123.642,金银首饰回收 | ★★★★★ | L1 | 暂无星级,存金通上海徐匯美羅城珠寶店 | 金银首饰回收 | ★★★★★ | L1 | 暂无星级 | 全服回收,ocr/input_videos\上海__美罗城__20260825.mp4
OBS-000816,美罗城,吴良材眼镜,吴良材眼镜,眼镜店,4.7,953,L3,rated,True,,rated,parsed,rating_anchor,0.9626,0.97,55,7224,124.054,🌟🌟🌟🌟 | L3 | 眼镜店￥953/人 | 4.7,吴良材眼镜 | 🌟🌟🌟🌟 | L3 | 眼镜店￥953/人 | 4.7 | 吴良材 | 服 | 发 | 镜 | 送水杯毛巾，清洗眼镜很愿意 | 百联集团成员企业 | ￥10￥300 | 惠 | 眼镜智耀膜升级券,ocr/input_videos\上海__美罗城__20260825.mp4
OBS-000817,美罗城,SFCine+联和万物,SFCine+联和万物,玩具,,,L5,unrated,False,explicitly_unrated,unrated,parsed,unrated_anchor,0.9991,0.9989,54,7224,124.054,玩具 | L5 | ★🌟★★★ | 暂无星级,SFCine+联和万物 | 玩具 | L5 | ★🌟★★★ | 暂无星级 | 亲子购物,ocr/input_videos\上海__美罗城__20260825.mp4
OBS-000818,美罗城,存金通上海徐匯美羅城珠寶店,存金通上海徐汇美罗城珠宝店,金银首饰回收,,,L1,unrated,False,explicitly_unrated,unrated,parsed,unrated_anchor,0.9953,0.9909,54,7224,124.054,★★★★★ | L1 | 暂无星级 | 金银首饰回收,存金通上海徐匯美羅城珠寶店 | ★★★★★ | L1 | 暂无星级 | 金银首饰回收 | 生活服务,ocr/input_videos\上海__美罗城__20260825.mp4
OBS-000819,美罗城,全服回收,全服回收,手机数码回收,,,L4,new_store,False,new_store,ocr_missing,parsed,metadata_anchor,0.9997,0.9995,57,7224,124.054,新店 | L4 | 手机数码回收,全服回收 | 新店 | L4 | 手机数码回收 | 生活服务,ocr/input_videos\上海__美罗城__20260825.mp4
OBS-000820,美罗城,BOOMER·OFF vintage,BOOMER·OFFvintage,杂货礼品,,,L4,new_store,False,new_store,ocr_missing,parsed,metadata_anchor,0.9833,0.969,69,7224,124.054,新店 | 杂货礼品 | L4,BOOMER·OFF vintage | 新店 | 杂货礼品 | L4 | 购物 | 即将开业 | 美罗城-上剧场售票处 | 焦要点 | 新工同领,ocr/input_videos\上海__美罗城__20260825.mp4
OBS-000821,美罗城,吴良材眼镜,吴良材眼镜,眼镜店,4.7,953,L3,rated,True,,rated,parsed,rating_anchor,0.964,0.9741,55,7260,124.672,⭐🌟🌟🌟🌟 | 眼镜店￥953/人 | L3 | 4.7,吴良材眼镜 | ⭐🌟🌟🌟🌟 | 眼镜店￥953/人 | L3 | 4.7 | 服 | 吴良材 | 送水杯毛巾，清洗眼镜很愿意 | 百联集团成员企业 | ￥10￥300 | 惠 | 眼镜智耀膜升级券,ocr/input_videos\上海__美罗城__20260825.mp4
OBS-000822,美罗城,SFCine+联和万物,SFCine+联和万物,玩具,,,L5,unrated,False,explicitly_unrated,unrated,parsed,unrated_anchor,0.9991,0.9992,50,7260,124.672,玩具 | L5 | ★★★★★ | 暂无星级,SFCine+联和万物 | 玩具 | L5 | ★★★★★ | 暂无星级 | 亲子购物,ocr/input_videos\上海__美罗城__20260825.mp4
OBS-000823,美罗城,存金通上海徐匯美羅城珠寶店,存金通上海徐汇美罗城珠宝店,金银首饰回收,,,L1,unrated,False,explicitly_unrated,unrated,parsed,unrated_anchor,0.9878,0.9758,53,7260,124.672,🌟🌟💥🌟🌟 | L1 | 暂无星级 | 金银首饰回收,存金通上海徐匯美羅城珠寶店 | 🌟🌟💥🌟🌟 | L1 | 暂无星级 | 金银首饰回收 | 生活服务,ocr/input_videos\上海__美罗城__20260825.mp4
OBS-000824,美罗城,全服回收,全服回收,手机数码回收,,,L4,new_store,False,new_store,ocr_missing,parsed,metadata_anchor,0.9996,0.9995,60,7260,124.672,新店 | L4 | 手机数码回收,全服回收 | 新店 | L4 | 手机数码回收 | 生活服务,ocr/input_videos\上海__美罗城__20260825.mp4
OBS-000825,美罗城,BOOMER·OFF vintage,BOOMER·OFFvintage,杂货礼品,,,L4,new_store,False,new_store,ocr_missing,parsed,metadata_anchor,0.9783,0.9582,66,7260,124.672,杂货礼品 | 新店 | L4,BOOMER·OFF vintage | 杂货礼品 | 新店 | L4 | 购物 | 即将开业,ocr/input_videos\上海__美罗城__20260825.mp4
OBS-000826,美罗城,美罗城-上剧场售票处,美罗城-上剧场售票处,售票点,,,L5,unrated,False,explicitly_unrated,unrated,parsed,unrated_anchor,0.9995,0.9992,51,7260,124.672,售票点 | L5 | ★★★★★ | 暂无星级,美罗城-上剧场售票处 | 售票点 | L5 | ★★★★★ | 暂无星级,ocr/input_videos\上海__美罗城__20260825.mp4
OBS-000827,美罗城,王服凹收,王服凹收,手机数码回收,,,L4,new_store,False,new_store,ocr_missing,parsed,metadata_anchor,0.9295,0.8593,34,7320,125.703,新店 | 手机数码回收 | L4,王服凹收 | 新店 | 手机数码回收 | L4 | 生活服务,ocr/input_videos\上海__美罗城__20260825.mp4
OBS-000828,美罗城,BOOMER·OFF vintage,BOOMER·OFFvintage,杂货礼品,,,L4,new_store,False,new_store,ocr_missing,parsed,metadata_anchor,0.993,0.9883,66,7320,125.703,新店 | 杂货礼品 | L4,BOOMER·OFF vintage | 新店 | 杂货礼品 | L4 | 购物 | 即将开业,ocr/input_videos\上海__美罗城__20260825.mp4
OBS-000829,美罗城,美罗城-上剧场售票处,美罗城-上剧场售票处,售票点,,,L5,unrated,False,explicitly_unrated,unrated,parsed,unrated_anchor,0.9997,0.9996,55,7320,125.703,售票点 | ★🌟★★★ | 暂无星级 | L5,美罗城-上剧场售票处 | 售票点 | ★🌟★★★ | 暂无星级 | L5,ocr/input_videos\上海__美罗城__20260825.mp4
OBS-000830,美罗城,美罗城停车场-A区,美罗城停车场-A区,停车场,,,B2,unrated,False,explicitly_unrated,unrated,parsed,unrated_anchor,0.9994,0.9992,56,7320,125.703,停车场 | B2 | 🌟🌟★⭐🌟 | 暂无星级,美罗城停车场-A区 | 停车场 | B2 | 🌟🌟★⭐🌟 | 暂无星级,ocr/input_videos\上海__美罗城__20260825.mp4
OBS-000831,美罗城,美罗城-手机充电区,美罗城-手机充电区,,,,L1,unrated,False,explicitly_unrated,unrated,missing,unrated_anchor,0.9996,0.9996,56,7320,125.703,★★★★★ | 暂无星级 | 生活服务 | L1,美罗城-手机充电区 | ★★★★★ | 暂无星级 | 生活服务 | L1 | 生活服务,ocr/input_videos\上海__美罗城__20260825.mp4
OBS-000832,美罗城,乐摩吧,乐摩吧,智能按摩空间,,17,L5,new_store,False,new_store,ocr_missing,parsed,metadata_anchor,0.9813,1.0,58,7320,125.703,新店 | L5 | 智能按摩空间￥17/人,乐摩吧 | 新店 | L5 | 智能按摩空间￥17/人,ocr/input_videos\上海__美罗城__20260825.mp4
OBS-000833,美罗城,王服凹收,王服凹收,手机数码回收,,,L4,new_store,False,new_store,ocr_missing,parsed,metadata_anchor,0.9536,0.9073,34,7344,126.115,新店 | L4 | 手机数码回收,王服凹收 | 新店 | L4 | 手机数码回收 | 生活服务,ocr/input_videos\上海__美罗城__20260825.mp4
OBS-000834,美罗城,BOOMER·OFF vintage,BOOMER·OFFvintage,杂货礼品,,,L4,new_store,False,new_store,ocr_missing,parsed,metadata_anchor,0.9898,0.9805,67,7344,126.115,新店 | 杂货礼品 | L4,BOOMER·OFF vintage | 新店 | 杂货礼品 | L4 | 购物 | 即将开业,ocr/input_videos\上海__美罗城__20260825.mp4
OBS-000835,美罗城,美罗城-上剧场售票处,美罗城-上剧场售票处,售票点,,,L5,unrated,False,explicitly_unrated,unrated,parsed,unrated_anchor,0.9997,0.9996,55,7344,126.115,售票点 | 🌟🌟🌟🌟⭐ | 暂无星级 | L5,美罗城-上剧场售票处 | 售票点 | 🌟🌟🌟🌟⭐ | 暂无星级 | L5,ocr/input_videos\上海__美罗城__20260825.mp4
OBS-000836,美罗城,美罗城停车场-A区,美罗城停车场-A区,停车场,,,B2,unrated,False,explicitly_unrated,unrated,parsed,unrated_anchor,0.9994,0.9991,56,7344,126.115,停车场 | B2 | ★💥🌟 | 暂无星级,美罗城停车场-A区 | 停车场 | B2 | ★💥🌟 | 暂无星级,ocr/input_videos\上海__美罗城__20260825.mp4
OBS-000837,美罗城,美罗城-手机充电区,美罗城-手机充电区,,,,L1,unrated,False,explicitly_unrated,unrated,missing,unrated_anchor,0.9995,0.9995,56,7344,126.115,暂无星级 | 生活服务 | ★★★★★ | L1,美罗城-手机充电区 | 暂无星级 | 生活服务 | ★★★★★ | L1 | 生活服务,ocr/input_videos\上海__美罗城__20260825.mp4
OBS-000838,美罗城,乐摩吧,乐摩吧,智能按摩空间,,17,L5,new_store,False,new_store,ocr_missing,parsed,metadata_anchor,0.982,1.0,59,7344,126.115,新店 | L5 | 智能按摩空间￥17/人,乐摩吧 | 新店 | L5 | 智能按摩空间￥17/人 | 已经到底啦~,ocr/input_videos\上海__美罗城__20260825.mp4
