observation_id,mall_name,merchant_name_raw,merchant_name_normalized,category_raw,rating,avg_price_yuan,floor_location,card_type,research_eligible,exclusion_reason,rating_status,category_status,detection_method,ocr_confidence,title_score,title_height,frame_index,timestamp_sec,metadata_text,all_text,source_video
OBS-000001,长宁来福士,大寶口福·海鲜排档·平价海鲜,大宝口福·海鲜排档·平价海鲜,特色菜,4.8,128,4F,rated,True,,rated,parsed,rating_anchor,0.9328,0.9587,51,24,0.41,4F | ★4.8特色菜￥128/人,大寶口福·海鲜排档·平价海鲜 | 上海旗舰店 | 抢鲜6.2折 | 4F | ★4.8特色菜￥128/人 | 点评榜单 | 上海美食销量榜第1名 | 泗阳海鲜，咸菜地道，打包回家” | 要聚会，到大宝 | ￥8.94.1折 | 惠 | ￥22招牌水果茶 | ￥49 | 9.8折 | ￥5050元代金券 | 惠,ocr/input_videos\上海__长宁来福士__20260825.mp4
OBS-000002,长宁来福士,和它交个朋友·伯恩山·比格·萨摩...,和它交个朋友·伯恩山·比格·萨摩,零食,4.8,98,4F,rated,True,,rated,parsed,rating_anchor,0.9483,0.9525,56,24,0.41,4.8零食￥98/人 | 4F,和它交个朋友·伯恩山·比格·萨摩... | 4.8零食￥98/人 | 4F | 温馨环境，萌宠陪伴，强烈推荐' | New | 来撸宠啦 | MvB HITA | ￥1083.8折 | ￥288 | 惠 | 节假日1小时1撸狗... | 惠￥10.15.1折 | ￥2020元代金券,ocr/input_videos\上海__长宁来福士__20260825.mp4
OBS-000003,长宁来福士,蔡澜点心·粵菜,蔡澜点心·粤菜,粤菜馆,3.9,90,3F,rated,True,,rated,parsed,rating_anchor,0.9338,0.9151,52,24,0.41,3F | 🌟🌟🎉🌟🌟 | 粤菜馆￥90/人 | 3.9,蔡澜点心·粵菜 | 禁澜 | 3F | 🌟🌟🎉🌟🌟 | 粤菜馆￥90/人 | 3.9 | 夏日上新。 | 点评镑单 | 鲜配手作 | 中山公园/江苏路粤菜回头客榜第7名 | 品质下滑，昔日辉煌不再 | “ | 37 | 3.6折 | ￥28黑松露鲜菌饺【大学.. | 惠 | ￥9.9 | ￥989.8折 | 惠 | ￥100100元代金券,ocr/input_videos\上海__长宁来福士__20260825.mp4
OBS-000004,长宁来福士,克茗冰室,克茗冰室,茶餐厅,3.8,45,B1,rated,True,,rated,parsed,rating_anchor,0.9821,0.9987,56,24,0.41,🌟🌟🌟🌟🌟 | B1 | 3.8茶餐厅￥45/人,克茗冰室 | 克茗查 | 🌟🌟🌟🌟🌟 | B1 | 3.8茶餐厅￥45/人 | KEMING | 点评榜单 | 中山公园/江苏路粤菜回头客榜第3名 | 1118码 | 陷然销魂饭 | “TVB剧中的味道，菠萝油酥软 | 全球门活展计编量 | ￥33.5 | 5.7折 | ￥59 | 【港式风情】港餐单.. | 惠 | 6.3折 | 惠 | ￥30 | ￥18.9 | 【工作日下午茶】30...,ocr/input_videos\上海__长宁来福士__20260825.mp4
OBS-000005,长宁来福士,和它交个朋友·伯恩山·比格·萨摩..,和它交个朋友·伯恩山·比格·萨摩,零食,4.8,98,4F,rated,True,,rated,parsed,rating_anchor,0.9295,0.9409,55,60,1.025,4F | 4.8零食￥98/人,和它交个朋友·伯恩山·比格·萨摩.. | 4F | 4.8零食￥98/人 | “温馨环境，萌宠陪伴，强烈推荐 | Now | 来撸宠啦 | 告 | B Hnth | ￥1083.8折 | ￥288 | 节假日1小时一撸狗... | 惠 | ￥10.1 | 5.1折 | ￥2020元代金券 | 惠,ocr/input_videos\上海__长宁来福士__20260825.mp4
OBS-000006,长宁来福士,蔡澜点心·粵菜,蔡澜点心·粤菜,粤菜馆,3.9,90,3F,rated,True,,rated,parsed,rating_anchor,0.9373,0.9339,52,60,1.025,3F | 🌟🌟🌟🌟🌟 | 粤菜馆￥90/人 | 3.9,蔡澜点心·粵菜 | 蔡澜 | 3F | 🌟🌟🌟🌟🌟 | 粤菜馆￥90/人 | 3.9 | 夏日上新。 | 点评榜单 | 鲜配手作 | 中山公园/江苏路粤菜回头客榜第7名 | 品质下滑，昔日辉煌不再 | “ | 31 | ￥28黑松露鲜菌饺【大学.. | 3.6折 | 惠 | ￥9.9 | ￥989.8折 | 惠 | ￥100100元代金券,ocr/input_videos\上海__长宁来福士__20260825.mp4
OBS-000007,长宁来福士,克茗冰室,克茗冰室,茶餐厅,3.8,45,B1,rated,True,,rated,parsed,rating_anchor,0.9792,0.9986,55,60,1.025,B1 | 🌟🌟⭐🌟🌟 | 3.8茶餐厅￥45/人 | ),克茗冰室 | 克茗查 | B1 | 🌟🌟⭐🌟🌟 | 3.8茶餐厅￥45/人 | ) | KEMINGM | 点评榜单 | 中山公园/江苏路粤菜回头客榜第3名 | 1118 | 陪然销魂饭 | “TVB剧中的味道，菠萝油酥软 | 全体富驾计牌品 | ￥33.5 | 5.7折 | ￥59 | 惠 | 【港式风情】港餐单.. | ￥18.9 | ￥30 | 6.3折 | 惠 | 【工作日下午茶】30...,ocr/input_videos\上海__长宁来福士__20260825.mp4
OBS-000008,长宁来福士,玩刻GAME SPACE,玩刻GAMESPACE,主机游戏,3.2,44,5F,rated,True,,rated,parsed,rating_anchor,0.9599,0.9745,48,60,1.025,5F | 🌟🌟 | 主机游戏￥44/人 | 3.2 | ★★,玩刻GAME SPACE | 5F | 🌟🌟 | 主机游戏￥44/人 | 3.2 | ★★ | 玩刻 | 中山公园/江苏路主机游戏销量榜第9名 | PLAYCO | 动手又动脑，适合小朋友来思考 | 33 | ￥113￥158双人2小时主机游戏票PS/.. | 惠,ocr/input_videos\上海__长宁来福士__20260825.mp4
OBS-000009,长宁来福士,克茗冰室,克茗冰室,茶餐厅,3.8,45,B1,rated,True,,rated,parsed,rating_anchor,0.9835,0.9982,57,108,1.845,🌟🌟🌟🌟🌟 | B1 | 3.8茶餐厅￥45/人,克茗冰室 | 克茗查 | 🌟🌟🌟🌟🌟 | B1 | 3.8茶餐厅￥45/人 | KEMINGM | 点评榜单 | 中山公园/江苏路粤菜回头客榜第3名 | 1118 | 陪然销魂饭 | “TVB剧中的味道，菠萝油酥软” | 全体门富计国品 | ￥33.55.7折 | ￥59 | 【港式风情】港餐单 | 惠 | ￥18.9 | 6.3折 | ￥30 | 惠 | 【工作日下午茶】30...,ocr/input_videos\上海__长宁来福士__20260825.mp4
OBS-000010,长宁来福士,玩刻GAME SPACE,玩刻GAMESPACE,主机游戏,3.2,44,5F,rated,True,,rated,parsed,rating_anchor,0.9632,0.9691,50,108,1.845,3.2主机游戏￥44/人 | 5F,玩刻GAME SPACE | 3.2主机游戏￥44/人 | 5F | 玩刻 | 中山公园/江苏路主机游戏销量榜第9名 | PLAYCO | 动手又动脑，适合小朋友来思考 | ￥113￥158双人2小时主机游戏票PS/... | 惠,ocr/input_videos\上海__长宁来福士__20260825.mp4
OBS-000011,长宁来福士,Cin Cin·地中海餐厅·小酒馆,CinCin·地中海餐厅·小酒馆,西餐,4.4,120,1F,rated,True,,rated,parsed,rating_anchor,0.9672,0.9614,54,108,1.845,⭐🌟⭐⭐ | 1F | 4.4西餐￥120/人,Cin Cin·地中海餐厅·小酒馆 | 城市角落 | 与己与友 | ⭐🌟⭐⭐ | 1F | 4.4西餐￥120/人 | 点评榜单 | 中山公园/江苏路西餐回头客榜第3名 | onCir | ￥486.9折 | 惠 | ￥70白领推荐|精致午市单... | ￥949.4折 | 惠 | ￥100100元代金券,ocr/input_videos\上海__长宁来福士__20260825.mp4
OBS-000012,长宁来福士,蝴蝶里·乳鸽·粵菜,蝴蝶里·乳鸽·粤菜,粤菜,4.4,104,5F,rated,True,,rated,parsed,rating_anchor,0.9578,0.9466,53,108,1.845,5F | 🌟🌟🌟⭐ | 4.4粤菜￥104/人 | ★,蝴蝶里·乳鸽·粵菜 | 5F | 🌟🌟🌟⭐ | 4.4粤菜￥104/人 | ★ | 点评榜单 | 中山公园/江苏路粤菜销量榜第3名 | 鲜鸽老卤 | 招牌 | 好吃的点心粤菜餐厅，性价比高 | 必点 | 号 | ￥12.97.2折 | ￥18 | 【蝴蝶里】双皮奶四. | 惠 | ￥48.59.7折 | ￥50 | 【结账专用】50元代.. | 惠,ocr/input_videos\上海__长宁来福士__20260825.mp4
OBS-000013,长宁来福士,玩刻GAME SPACE,玩刻GAMESPACE,主机游戏,3.2,44,5F,rated,True,,rated,parsed,rating_anchor,0.9695,0.9745,54,144,2.46,🌟🌟🌟🌟 | 3.2主机游戏￥44/人 | 5F,玩刻GAME SPACE | 🌟🌟🌟🌟 | 3.2主机游戏￥44/人 | 5F | 玩刻 | 中山公园/江苏路主机游戏销量榜第9名 | PLAYCO | 动手又动脑，适合小朋友来思考 | ￥113￥158双人2小时主机游戏票PS/... | 惠,ocr/input_videos\上海__长宁来福士__20260825.mp4
OBS-000014,长宁来福士,Cin Cin·地中海餐厅·小酒馆,CinCin·地中海餐厅·小酒馆,西餐,4.4,120,1F,rated,True,,rated,parsed,rating_anchor,0.9517,0.9579,54,144,2.46,1F | 4.4西餐￥120/人,Cin Cin·地中海餐厅·小酒馆 | 城市角落 | 与己与友 | 1F | 4.4西餐￥120/人 | 点评榜单 | 中山公园/江苏路西餐回头客榜第3名 | CinCin | ￥486.9折 | ￥70白领推荐|精致午市单... | 惠 | ￥949.4折 | ￥100100元代金券 | 惠,ocr/input_videos\上海__长宁来福士__20260825.mp4
OBS-000015,长宁来福士,蝴蝶里·乳鸽·粵菜,蝴蝶里·乳鸽·粤菜,粤菜,4.4,104,5F,rated,True,,rated,parsed,rating_anchor,0.9597,0.9679,54,144,2.46,🌟🌟⭐🎉 | 5F | 粤菜￥104/人 | 4.4 | ★,蝴蝶里·乳鸽·粵菜 | 🌟🌟⭐🎉 | 5F | 粤菜￥104/人 | 4.4 | ★ | 点 | 0 | 点评榜单 | 中山公园/江苏路粤菜销量榜第3名 | 鲜鸽老卤（ | “好吃的点心粤菜餐厅，性价比高 | ￥18 | ￥12.9 | 7.2折 | 惠 | 【蝴蝶里】双皮奶四. | ￥48.59.7折 | ￥50 | 惠 | 【结账专用】50元代...,ocr/input_videos\上海__长宁来福士__20260825.mp4
OBS-000016,长宁来福士,BEN&SO·香港岛,BEN&SO·香港岛,粤菜馆,4.7,168,1F,rated,True,,rated,parsed,rating_anchor,0.967,0.9755,51,144,2.46,1F | 🌟⭐⭐🌟4.7 | 粤菜馆￥168/人,BEN&SO·香港岛 | 粤式板前 | 1F | 🌟⭐⭐🌟4.7 | 粤菜馆￥168/人 | 开放预定,ocr/input_videos\上海__长宁来福士__20260825.mp4
OBS-000017,长宁来福士,CinCin·地中海餐厅·小酒馆,CinCin·地中海餐厅·小酒馆,西餐,4.4,120,1F,rated,True,,rated,parsed,rating_anchor,0.9724,0.9812,60,156,2.666,1F | 🌟🌟🌟⭐ | 4.4西餐￥120/人,CinCin·地中海餐厅·小酒馆 | 城市角 | 与己与双 | 1F | 🌟🌟🌟⭐ | 4.4西餐￥120/人 | 点评榜单 | 中山公园/江苏路西餐回头客榜第3名 | Cn | ￥486.9折 | ￥70白领推荐|精致午市单... | 惠 | ￥949.4折 | 惠 | ￥100100元代金券,ocr/input_videos\上海__长宁来福士__20260825.mp4
OBS-000018,长宁来福士,蝴蝶里·乳鸽·粵菜,蝴蝶里·乳鸽·粤菜,粤菜,4.4,104,5F,rated,True,,rated,parsed,rating_anchor,0.9493,0.9603,54,156,2.666,5F | 🌟🌟🌟🌟 | 粤菜￥104/人 | 4.4 | ★,蝴蝶里·乳鸽·粵菜 | 5F | 🌟🌟🌟🌟 | 粤菜￥104/人 | 4.4 | ★ | 亿 | 点评榜单 | 中山公园/江苏路粤菜销量榜第3名 | 4 | 鲜鸽老卤 | “好吃的点粤菜餐厅，性价 | 惠￥12.97.2折 | ￥18 | 【蝴蝶里】双皮奶四.. | ￥48.59.7折 | ￥50 | 惠 | 【结账专用】50元代...,ocr/input_videos\上海__长宁来福士__20260825.mp4
OBS-000019,长宁来福士,BEN&SO·香港岛,BEN&SO·香港岛,粤菜馆,4.7,168,1F,rated,True,,rated,parsed,rating_anchor,0.9654,0.9668,51,156,2.666,4.7 | 1F | 粤菜馆￥168/人,BEN&SO·香港岛 | 粤式板前 | 4.7 | 1F | 粤菜馆￥168/人 | ase | 开放预定 | 点评榜单 | 中山公园/江苏路粤菜热门榜第2名 | 国 | 16:30营业 | ￥3027.7折 | ￥395 | 惠 | 【整周】优享双人餐,ocr/input_videos\上海__长宁来福士__20260825.mp4
OBS-000020,长宁来福士,小屋电玩ps5·switch主机游戏馆,小屋电玩ps5·switch主机游戏馆,主机游戏,4.7,76,商场内,rated,True,,rated,parsed,rating_anchor,0.9528,0.9738,54,156,2.666,商场内 | 4.7主机游戏￥76/人,小屋电玩ps5·switch主机游戏馆 | 小屋电玩 | 商场内 | 4.7主机游戏￥76/人 | 长宁区主机游戏销量榜第2名 | 中山公园 | 设备精良，游戏全都有！ | 9 | ￥1606折 | ￥289 | 【双包间2时】ps | 惠,ocr/input_videos\上海__长宁来福士__20260825.mp4
OBS-000021,长宁来福士,罗福索love&salt牛排馆,罗福索love&salt牛排馆,牛排,4.8,305,1F,rated,True,,rated,parsed,rating_anchor,0.9538,0.9914,51,156,2.666,1F | 4.8牛排￥305/人,罗福索love&salt牛排馆 | 1F | 4.8牛排￥305/人,ocr/input_videos\上海__长宁来福士__20260825.mp4
OBS-000022,长宁来福士,蝴蝶里·乳鸽·粵菜,蝴蝶里·乳鸽·粤菜,粤菜,4.4,104,5F,rated,True,,rated,parsed,rating_anchor,0.9563,0.9647,51,192,3.281,5F | 🌟🌟🎉🌟 | 粤菜￥104/人 | 4.4 | ★,蝴蝶里·乳鸽·粵菜 | 5F | 🌟🌟🎉🌟 | 粤菜￥104/人 | 4.4 | ★ | 点评榜单 | 中山公园/江苏路粤菜销量榜第3名 | 鲜鸽老卤 | 好吃的点心粤菜餐厅，性价比高 | ￥12.97.2折 | ￥18 | 【蝴蝶里】双皮奶四.. | 惠 | 惠 | ￥48.59.7折 | ￥50 | 【结账专用】50元代..,ocr/input_videos\上海__长宁来福士__20260825.mp4
OBS-000023,长宁来福士,BEN&SO·香港岛,BEN&SO·香港岛,粤菜馆,4.7,168,1F,rated,True,,rated,parsed,rating_anchor,0.9711,0.9776,51,192,3.281,1F | 4.7 | 粤菜馆￥168/人,BEN&SO·香港岛 | 粤式板前 | 1F | 4.7 | 粤菜馆￥168/人 | Iratase | ntonose | 开放预定 | 点评榜单 | 中山公园/江苏路粤菜热门榜第2名 | 百 | 16:30营业 | ￥3027.7折 | ￥395 | 【整周】优享双人餐 | 惠,ocr/input_videos\上海__长宁来福士__20260825.mp4
OBS-000024,长宁来福士,小屋电玩ps5·switch主机游戏馆,小屋电玩ps5·switch主机游戏馆,主机游戏,4.7,76,商场内,rated,True,,rated,parsed,rating_anchor,0.9656,0.9638,51,192,3.281,商场内 | 🌟🌟★🌟🌟 | 4.7 | 主机游戏￥76/人,小屋电玩ps5·switch主机游戏馆 | 小屋电玩 | 商场内 | 🌟🌟★🌟🌟 | 4.7 | 主机游戏￥76/人 | 00 | 长宁区主机游戏销量榜第2名 | 中山公园 | 设备精良，游戏全都有！ | 3 | ￥289 | ￥1606折 | 【双人包间2时】ps. | 惠,ocr/input_videos\上海__长宁来福士__20260825.mp4
OBS-000025,长宁来福士,罗福索love&salt牛排馆,罗福索love&salt牛排馆,牛排,4.8,305,1F,rated,True,,rated,parsed,rating_anchor,0.9682,0.9947,57,192,3.281,1F | 4.8牛排￥305/人,罗福索love&salt牛排馆 | 1F | LOVT | 4.8牛排￥305/人 | S/LT | 点评榜单 | 长宁区牛排热门榜第1名 | 生活景的亮，生指要白盐！ | 16:30营业 | ￥694.6折 | ￥15OLOVE&SALT工作日午... | 惠 | ￥909折 | 惠 | ￥100100元代金券,ocr/input_videos\上海__长宁来福士__20260825.mp4
OBS-000026,长宁来福士,bluefrog蓝蛙,bluefrog蓝蛙,西餐,4.7,120,1F,rated,True,,rated,parsed,rating_anchor,0.9704,0.9985,56,192,3.281,4.7西餐￥120/人 | 1F,bluefrog蓝蛙 | 蓝 | blue frog | 4.7西餐￥120/人 | 1F,ocr/input_videos\上海__长宁来福士__20260825.mp4
OBS-000027,长宁来福士,BEN&SO·香港岛,BEN&SO·香港岛,粤菜馆,4.7,168,1F,rated,True,,rated,parsed,rating_anchor,0.9621,0.9667,52,240,4.101,1F | 🌟🌟🌟🌟4.7 | 粤菜馆￥168/人,BEN&SO·香港岛 | 粤式板前 | 1F | 🌟🌟🌟🌟4.7 | 粤菜馆￥168/人 | makase | 开放预定 | 点评榜单 | 中山公园/江苏路粤菜热门榜第2名 | 16:30营业 | ￥3027.7折 | ￥395 | 惠 | 【整周】优享双人餐,ocr/input_videos\上海__长宁来福士__20260825.mp4
OBS-000028,长宁来福士,小屋电玩ps5·switch主机游戏馆,小屋电玩ps5·switch主机游戏馆,主机游戏,4.7,76,商场内,rated,True,,rated,parsed,rating_anchor,0.9721,0.9863,54,240,4.101,🌟🌈4.7 | 商场内 | 主机游戏￥76/人,小屋电玩ps5·switch主机游戏馆 | 小屋电玩 | 🌟🌈4.7 | 商场内 | 主机游戏￥76/人 | 长宁区主机游戏销量榜第2名 | 中山公园 | “设备精良，游戏全都有！ | ￥1606折 | 【双包间2时】ps… | ￥289 | 惠,ocr/input_videos\上海__长宁来福士__20260825.mp4
OBS-000029,长宁来福士,罗福索love&salt牛排馆,罗福索love&salt牛排馆,牛排,4.8,305,1F,rated,True,,rated,parsed,rating_anchor,0.9715,0.9918,57,240,4.101,★🌟★★4.8 | 1F | 牛排￥305/人,罗福索love&salt牛排馆 | ★🌟★★4.8 | 1F | LOVE | 牛排￥305/人 | SAT | 点评榜单 | 长宁区牛排热门榜第1名 | 全活爱有，委有业！ | 16:30营业 | ￥694.6折 | ￥150LOVE&SALT工作日午.. | 惠 | ￥909折 | 惠 | ￥100100元代金券,ocr/input_videos\上海__长宁来福士__20260825.mp4
OBS-000030,长宁来福士,bluefrog蓝蛙,bluefrog蓝蛙,西餐,4.7,120,1F,rated,True,,rated,parsed,rating_anchor,0.9752,0.9893,59,240,4.101,★★🌟4.7 | 1F | 西餐￥120/人,bluefrog蓝蛙 | 蓝蛙 | blue frog | ★★🌟4.7 | 1F | 西餐￥120/人 | bar&grill | 点评榜单 | 中山公园/江苏路西餐回头客榜第4名 | 尽兴当下就在蓝蛙 | 咖啡好喝，是聚餐，发呆的好场所” | 惠￥16.8 | 【特价】拿铁/气泡... | 5.3折 | ￥32,ocr/input_videos\上海__长宁来福士__20260825.mp4
OBS-000031,长宁来福士,罗福索love&salt牛排馆,罗福索love&salt牛排馆,牛排,4.8,305,1F,rated,True,,rated,parsed,rating_anchor,0.9694,0.9967,54,276,4.716,1F | 4.8牛排￥305/人,罗福索love&salt牛排馆 | 1F | 4.8牛排￥305/人 | IOVF | SAIT | 点评榜单 | 长宁区牛排热门榜第1名 | 全活要有爱，牛排要有位！ | 16:30营业 | ￥69 | 4.6折 | ￥15OLOVE&SALT工作日午.. | 惠 | ￥909折 | ￥100100元代金券 | 惠,ocr/input_videos\上海__长宁来福士__20260825.mp4
OBS-000032,长宁来福士,bluefrog蓝蛙,bluefrog蓝蛙,西餐,4.7,120,1F,rated,True,,rated,parsed,rating_anchor,0.9749,0.9962,59,276,4.716,🌟🌟★★🌟4.7 | 1F | 西餐￥120/人,bluefrog蓝蛙 | 蓝蛙 | blue frog | 🌟🌟★★🌟4.7 | 1F | 西餐￥120/人 | bar& grill | 点评榜单 | 中山公园/江苏路西餐回头客榜第4名 | 尽兴当下就在蓝蛙 | 咖啡好喝，是聚餐，发呆的好场所” | ￥32 | 5.3折 | 惠 | ￥16.8 | 【特价】拿铁/气泡. | ￥100 | ￥959.5折 | 【浪漫七夕】100元... | 惠,ocr/input_videos\上海__长宁来福士__20260825.mp4
OBS-000033,长宁来福士,星聚会KTV,星聚会KTV,量贩式KTV,4.3,82,商场内,rated,True,,rated,parsed,rating_anchor,0.982,0.9987,55,276,4.716,🌟🌟🌟⭐ | 量贩式KTV￥82/人商场内 | 4.3 | ★,星聚会KTV | 星堅會 | 🌟🌟🌟⭐ | 量贩式KTV￥82/人商场内 | 4.3 | ★ | EA | A | 不仅仅是KTV | 中山公园/江苏路KTV销量榜第2名 | AI趣唱 | 交通便利，唱唱跳跳超欢乐 | J | ￥218￥300 | 【AI趣唱】10瓶啤酒套餐 | 惠,ocr/input_videos\上海__长宁来福士__20260825.mp4
OBS-000034,长宁来福士,La Blanche Garden留白,LaBlancheGarden留白,西餐,4.0,130,1F,rated,True,,rated,parsed,rating_anchor,0.9568,0.9653,55,276,4.716,⭐🌟⭐⭐⭐ | 1F | 4.0 | 西餐￥130/人,La Blanche Garden留白 | uat | ⭐🌟⭐⭐⭐ | 1F | 4.0 | 西餐￥130/人 | 晚上还有仪式感的留白时间 | ≤ | ￥1.9生日/求婚/宝宝宴/聚. | ￥0.9 | 惠 | 4.8折 | ￥84 | 8.4折 | 惠 | ￥100100元代金券,ocr/input_videos\上海__长宁来福士__20260825.mp4
OBS-000035,长宁来福士,罗福索love&salt牛排馆,罗福索love&salt牛排馆,牛排,4.8,305,1F,rated,True,,rated,parsed,rating_anchor,0.9736,0.9949,54,300,5.126,⭐⭐⭐⭐4.8 | 1F | 牛排￥305/人,罗福索love&salt牛排馆 | ⭐⭐⭐⭐4.8 | 1F | 牛排￥305/人 | IOVF | SAII | 点评榜单 | 长宁区牛排热门榜第1名 | 活要有爱，中排要有位！ | 16:30营业 | ￥694.6折 | 惠 | ￥150LOVE&SALT工作日午.. | ￥909折 | ￥100100元代金券 | 惠,ocr/input_videos\上海__长宁来福士__20260825.mp4
OBS-000036,长宁来福士,bluefrog蓝蛙,bluefrog蓝蛙,西餐,4.7,120,1F,rated,True,,rated,parsed,rating_anchor,0.9806,0.9986,56,300,5.126,1F | ★★★★★ | 4.7 | 西餐￥120/人,bluefrog蓝蛙 | 蓝蛙 | blue frog | 1F | ★★★★★ | 4.7 | 西餐￥120/人 | bar&grill | 点评榜单 | 中山公园/江苏路西餐回头客榜第4名 | 尽兴当下就在蓝蛙 | 咖啡好喝，是聚餐，发呆的好场所” | “ | 5 | ￥32 | 5.3折 | ￥16.8 | 惠 | 【特价】拿铁/气泡.. | ￥959.5折 | ￥100 | 惠 | 【浪漫七夕】100元...,ocr/input_videos\上海__长宁来福士__20260825.mp4
OBS-000037,长宁来福士,星聚会KTV,星聚会KTV,量贩式KTV,4.3,82,商场内,rated,True,,rated,parsed,rating_anchor,0.9869,0.9985,56,300,5.126,🌟🌟🌟⭐ | 量贩式KTV￥82/人商场内 | 4.3,星聚会KTV | 星坚會 | 🌟🌟🌟⭐ | 量贩式KTV￥82/人商场内 | 4.3 | TEAMISIC | A | 不仅仅是KTV | 中山公园/江苏路KTV销量榜第2名 | AI趣唱 | 交通便利，唱唱跳跳超欢乐” | 3 | ￥218￥300 | 【AI趣唱】10瓶啤酒套餐 | 惠,ocr/input_videos\上海__长宁来福士__20260825.mp4
OBS-000038,长宁来福士,La Blanche Garden留白,LaBlancheGarden留白,西餐,4.0,130,1F,rated,True,,rated,parsed,rating_anchor,0.9729,0.9784,55,300,5.126,🌟🌟⭐⭐🌟 | 1F | 4.0 | 西餐￥130/人,La Blanche Garden留白 | ua | 🌟🌟⭐⭐🌟 | 1F | 4.0 | 西餐￥130/人 | 晚上还有仪式感的留白时间” | 心 | ￥0.9 | 4.8折 | ￥1.9生日/求婚/宝宝宴/聚.. | 惠 | ￥848.4折 | ￥100100元代金券 | 惠,ocr/input_videos\上海__长宁来福士__20260825.mp4
OBS-000039,长宁来福士,bluefrog监蛙,bluefrog监蛙,西餐,4.7,120,1F,rated,True,,rated,parsed,rating_anchor,0.9533,0.9498,45,396,6.766,1F | 🌟🎉🎉🌟4.7 | 西餐￥120/人,bluefrog监蛙 | 蓝蛙 | blue frog | 1F | 🌟🎉🎉🌟4.7 | 西餐￥120/人 | bar&grill | 点评榜单 | 中山公园/江苏路西餐回头客榜第4名 | 尽兴当下就在蓝蛙 | 咖啡好喝，是聚餐，发呆的好场所” | S | ￥32 | 5.3折 | ￥16.8 | 【特价】拿铁/气泡.. | 惠 | ￥959.5折 | ￥100 | 【浪漫七夕】100元... | 惠,ocr/input_videos\上海__长宁来福士__20260825.mp4
OBS-000040,长宁来福士,星聚会KTV,星聚会KTV,量贩式KTV,4.3,82,商场内,rated,True,,rated,parsed,rating_anchor,0.9829,0.9985,52,396,6.766,🌟🌟🌟🌟 | 量贩式KTV￥82/人商场内 | 4.3 | ★,星聚会KTV | 星堅會 | 🌟🌟🌟🌟 | 量贩式KTV￥82/人商场内 | 4.3 | ★ | EA | UUS1G | PA验 | 不仅仅是KTV | 中山公园/江苏路KTV销量榜第2名 | AI趣唱 | 交通便利，唱唱跳跳超欢乐 | “ | 2 | ￥218￥300 | 惠 | 【AI趣唱】10瓶啤酒套餐,ocr/input_videos\上海__长宁来福士__20260825.mp4
OBS-000041,长宁来福士,La Blanche Garden留白,LaBlancheGarden留白,西餐,4.0,130,1F,rated,True,,rated,parsed,rating_anchor,0.9771,0.9832,51,396,6.766,1F | 4.0西餐￥130/人 | ⭐🌟★★⭐,La Blanche Garden留白 | uBuE | 1F | 4.0西餐￥130/人 | ⭐🌟★★⭐ | 晚上还有仪式感的留白时间” | ≤ | ￥0.9 | 4.8折 | ￥1.9生日/求婚/宝宝宴/聚.. | 惠 | ￥84 | 惠 | 8.4折 | ￥100100元代金券,ocr/input_videos\上海__长宁来福士__20260825.mp4
OBS-000042,长宁来福士,米桃雅宴·江南苏锡菜,米桃雅宴·江南苏锡菜,苏帮菜,4.7,164,5F,rated,True,,rated,parsed,rating_anchor,0.9694,0.9941,51,396,6.766,4.7苏帮菜￥164/人 | 5F,米桃雅宴·江南苏锡菜 | 米桃 | 4.7苏帮菜￥164/人 | 5F | METOOCATE | 点评榜单 | 上海苏帮菜好评榜第2名 | 苏您 | 市 | 16:30营业 | 蟹粉小笼，鲜美无比，优惠多多” | ￥3299.1折 | ￥363苏锡招牌松鼠桂鱼2.... | 惠 | ￥989.8折 | ￥100100元代金券 | 惠,ocr/input_videos\上海__长宁来福士__20260825.mp4
OBS-000043,长宁来福士,米桃雅宴·江南苏锡菜,米桃雅宴·江南苏锡菜,苏帮菜,4.7,164,5F,rated,True,,rated,parsed,rating_anchor,0.9691,0.991,50,492,8.407,5F | 苏帮菜￥164/人 | ★🌟🌟★🌟 | 4.7,米桃雅宴·江南苏锡菜 | 米桃 | 5F | 苏帮菜￥164/人 | ★🌟🌟★🌟 | 4.7 | METOOCATE | 点评榜单 | 上海苏帮菜好评榜第2名 | 16:30营业 | 蟹粉笼，鲜美，优惠多多” | “ | ￥3299.1折 | 惠 | ￥363苏锡招牌松鼠桂鱼2... | ￥989.8折 | 惠 | ￥100100元代金券,ocr/input_videos\上海__长宁来福士__20260825.mp4
OBS-000044,长宁来福士,PS.,PS.,西餐,4.3,85,1F,rated,True,,rated,parsed,rating_anchor,0.9808,0.9909,57,492,8.407,1F | 🌟🌟🌟🌟 | ￥ | 4.3西餐￥85/人,PS. | 1F | 🌟🌟🌟🌟 | ￥ | 4.3西餐￥85/人 | 点评榜单 | 中山公园/江苏路西餐打卡人气榜第1名 | Han | 鲜嫩多汁的烤鸡，真材实料的虾饼” | Escapc | 《 | ￥785.1折 | ￥153工作日·单人午市套餐 | 惠,ocr/input_videos\上海__长宁来福士__20260825.mp4
OBS-000045,长宁来福士,百丽宮影城,百丽宫影城,电影院,,,商场内,unknown,True,,ocr_missing,parsed,metadata_anchor,0.9959,0.9921,55,492,8.407,商场内 | 电影院 | 🌟🌟🌟🌟🌟 | 14.9,百丽宮影城 | 商场内 | 电影院 | 🌟🌟🌟🌟🌟 | 14.9,ocr/input_videos\上海__长宁来福士__20260825.mp4
OBS-000046,长宁来福士,BAKER&SPICE,BAKER&SPICE,西餐,3.9,80,1F,rated,True,,rated,parsed,rating_anchor,0.9671,0.9944,44,492,8.407,1F | 🌟🌟⭐3.9 | 西餐￥80/人,BAKER&SPICE | XCM | 豆日烷纷谷物色拉碗HEN | 时海开 | 一口源港潭经 | 1F | 🌟🌟⭐3.9 | 西餐￥80/人 | ￥385.6折 | ￥69 | 惠 | 【烘焙盒子】当日现烤.,ocr/input_videos\上海__长宁来福士__20260825.mp4
OBS-000047,长宁来福士,富罟·东方臻豚宴·河豚无国界融合...,富罟·东方臻豚宴·河豚无国界融合,特色菜,4.7,324,4F,rated,True,,rated,parsed,rating_anchor,0.9298,0.9128,56,492,8.407,🌟🌟🌟🌟 | 4F | 特色菜￥324/人 | 4.7,富罟·东方臻豚宴·河豚无国界融合... | 富路 | 全新迭代 | 🌟🌟🌟🌟 | 4F | 特色菜￥324/人 | 4.7 | 点评榜单 | 中山公园/江苏路特色菜环境榜第3名 | 17:00营业 | 环境安静” | 牛肉嫩滑 | 止 | 冰淇淋香浓,ocr/input_videos\上海__长宁来福士__20260825.mp4
OBS-000048,长宁来福士,米桃雅宴·江南苏锡菜,米桃雅宴·江南苏锡菜,苏帮菜,4.7,164,5F,rated,True,,rated,parsed,rating_anchor,0.973,0.993,56,516,8.817,4.7苏帮菜￥164/人 | 5F,米桃雅宴·江南苏锡菜 | 米桃 | 4.7苏帮菜￥164/人 | 5F | METOOCATE | 点评榜单 | 上海苏帮菜好评榜第2名 | 16:30营业 | 蟹粉小笼，鲜美无比，优惠多多” | ￥363苏锡招牌松鼠桂鱼2.... | ￥3299.1折 | 惠 | ￥989.8折 | 惠 | ￥100100元代金券,ocr/input_videos\上海__长宁来福士__20260825.mp4
OBS-000049,长宁来福士,PS.,PS.,西餐,4.3,85,1F,rated,True,,rated,parsed,rating_anchor,0.9683,0.9941,56,516,8.817,1F | 🌟🌟🌟🌟 | 4.3 | 西餐￥85/人 | ★,PS. | 1F | 🌟🌟🌟🌟 | 4.3 | 西餐￥85/人 | ★ | 点评榜单 | 中山公园/江苏路西餐打卡人气榜第1名 | Escapc | 鲜嫩多汁的烤鸡，真材实料的虾饼 | C | ￥785.1折 | ￥153工作日·单人午市套餐 | 惠,ocr/input_videos\上海__长宁来福士__20260825.mp4
OBS-000050,长宁来福士,百丽宮影城,百丽宫影城,电影院,4.9,,商场内,rated,True,,rated,parsed,rating_anchor,0.9962,0.9926,56,516,8.817,电影院 | 商场内 | 🌟🌟🌟⭐🌟4.9,百丽宮影城 | 电影院 | 商场内 | 🌟🌟🌟⭐🌟4.9,ocr/input_videos\上海__长宁来福士__20260825.mp4
OBS-000051,长宁来福士,BAKER&SPICE,BAKER&SPICE,西餐,3.9,80,1F,rated,True,,rated,parsed,rating_anchor,0.9684,0.9911,45,516,8.817,1F | 🌟🌟🎉🌟⭐3.9 | 西餐￥80/人,BAKER&SPICE | CN2WCN | 夏日烷纷谷物色拉碗NEV | 鲜时海鲜开胃一口相海 | 1F | 🌟🌟🎉🌟⭐3.9 | 西餐￥80/人 | ￥385.6折 | ￥69 | 【烘焙盒子】当日现烤.. | 惠,ocr/input_videos\上海__长宁来福士__20260825.mp4
OBS-000052,长宁来福士,富罟·东方臻豚宴·河豚无国界融合..,富罟·东方臻豚宴·河豚无国界融合,特色菜,4.7,324,4F,rated,True,,rated,parsed,rating_anchor,0.9555,0.9599,60,516,8.817,4F | 🌟🌟⭐🌟 | 4.7 | 特色菜￥324/人,富罟·东方臻豚宴·河豚无国界融合.. | 如助 | 全新迭代 | 4F | 🌟🌟⭐🌟 | 4.7 | 特色菜￥324/人 | 点评榜单 | 中山公园/江苏路特色菜环境榜第3名 | 17:00营业 | 心 | 牛肉嫩滑，冰淇淋香浓，环境安静 | 2,ocr/input_videos\上海__长宁来福士__20260825.mp4
OBS-000053,长宁来福士,BAKER&SPICE,BAKER&SPICE,西餐,3.9,80,1F,rated,True,,rated,parsed,rating_anchor,0.9671,0.9935,44,600,10.252,★🌟★🌟3.9 | 1F | 西餐￥80/人,BAKER&SPICE | NEOSON | 夏日续纷谷的色拉硫HEN | 鲜海开界一口 | ★🌟★🌟3.9 | 1F | 西餐￥80/人 | ￥385.6折 | ￥69 | 惠 | 【烘焙盒子】当日现烤..,ocr/input_videos\上海__长宁来福士__20260825.mp4
OBS-000054,长宁来福士,富罟·东方臻豚宴·河豚无国界融合..,富罟·东方臻豚宴·河豚无国界融合,特色菜,4.7,324,4F,rated,True,,rated,parsed,rating_anchor,0.9409,0.9355,57,600,10.252,🌟🌟🌟⭐🌟 | 4F | 特色菜￥324/人 | 4.7,富罟·东方臻豚宴·河豚无国界融合.. | 聘 | 全新迭代 | 🌟🌟🌟⭐🌟 | 4F | 特色菜￥324/人 | 4.7 | 点评榜单 | 中山公园/江苏路特色菜环境榜第3名 | 17:00营业 | 牛肉嫩滑，冰淇淋香浓，环境安静 | ￥1683.8折 | ￥454鎏光午宴单人套餐/... | 惠 | ￥989.8折 | 惠 | ￥100100元代金券,ocr/input_videos\上海__长宁来福士__20260825.mp4
OBS-000055,长宁来福士,一绪に寿喜烧放题,一绪に寿喜烧放题,自助餐,4.4,175,5F,rated,True,,rated,parsed,rating_anchor,0.9825,0.9952,51,600,10.252,🌟🌟⭐⭐ | 5F | 4.4自助餐￥175/人,一绪に寿喜烧放题 | 🌟🌟⭐⭐ | 5F | 4.4自助餐￥175/人 | 点评榜单 | 长宁区自助餐好评榜第2名 | 梭子蟹 | 开7:00营业 | 和牛蟹肉打尽，蟹母丰腴鲜香 | 惠 | ￥1126.3折 | ￥178畅吃雪花牛上脑\工..,ocr/input_videos\上海__长宁来福士__20260825.mp4
OBS-000056,长宁来福士,setirom,setirom,服装,4.3,349,2F,rated,True,,rated,parsed,rating_anchor,0.9825,0.9995,48,600,10.252,⭐★⭐⭐⭐ | 2F | 4.3服装￥349/人,setirom | ⭐★⭐⭐⭐ | 2F | 4.3服装￥349/人 | “沉浸式浏览，服饰格多样”,ocr/input_videos\上海__长宁来福士__20260825.mp4
OBS-000057,长宁来福士,颐海国际海鲜自助,颐海国际海鲜自助,海鲜自助,,304,4F,new_store,False,new_store,ocr_missing,parsed,metadata_anchor,0.9706,0.9981,51,600,10.252,新店 | 4F | 海鲜自助￥304/人,颐海国际海鲜自助 | 新店 | 4F | 海鲜自助￥304/人 | 特吸不用元 | 剪烫洲小晋长 | 点评榜单 | 长宁区助餐好评榜第1名 | YMN | 休息中,ocr/input_videos\上海__长宁来福士__20260825.mp4
OBS-000058,长宁来福士,一绪に寿喜烧放题,一绪に寿喜烧放题,自助餐,4.4,175,5F,rated,True,,rated,parsed,rating_anchor,0.9829,0.996,48,672,11.482,🌟🌟⭐⭐ | 5F | 4.4自助餐￥175/人,一绪に寿喜烧放题 | 🌟🌟⭐⭐ | 5F | 4.4自助餐￥175/人 | 点评榜单 | 梭子蟹 | 长宁区自助餐好评榜第2名 | 开7:00营业 | 二 | 和牛蟹肉一打尽，蟹母丰腴鲜香 | ￥1126.3折 | ￥178畅吃雪花牛上脑\工. | 惠,ocr/input_videos\上海__长宁来福士__20260825.mp4
OBS-000059,长宁来福士,setirom,setirom,服装,4.3,349,2F,rated,True,,rated,parsed,rating_anchor,0.9859,0.999,53,672,11.482,⭐🌟💥⭐ | 2F | 4.3服装￥349/人 | ★,setirom | ⭐🌟💥⭐ | 2F | 4.3服装￥349/人 | ★ | 沉浸式浏览，服饰风格多样”,ocr/input_videos\上海__长宁来福士__20260825.mp4
OBS-000060,长宁来福士,颐海国际海鲜自助,颐海国际海鲜自助,海鲜自助,,304,4F,new_store,False,new_store,ocr_missing,parsed,metadata_anchor,0.9704,0.9965,51,672,11.482,新店 | 海鲜自助￥304/人 | 4F,颐海国际海鲜自助 | 新店 | 海鲜自助￥304/人 | 4F | 剪澳洲小开龙 | 福吸不用 | 点评榜单 | 长宁区自助餐好评榜第1名 | 休息中 | ￥459上海颐海|全时段.. | ￥4289.4折 | 惠,ocr/input_videos\上海__长宁来福士__20260825.mp4
OBS-000061,长宁来福士,英孚教育青少儿·学术中心,英孚教育青少儿·学术中心,课后辅导,4.6,,3F,rated,True,,rated,parsed,rating_anchor,0.9646,0.9635,53,672,11.482,4.6课后辅导￥15211/ | 3F,英孚教育青少儿·学术中心 | 0 | 英孚教育 | 可 | 开学季 | 4.6课后辅导￥15211/ | 3F | 英语真学霸 | 点评榜单 | 长宁区课后辅导热门榜第3名 | 拼读调汇阅读|语话 | 地铁直达，环境童趣安全 | ￥9.9￥597全城6次课随心学|少游.. | 惠,ocr/input_videos\上海__长宁来福士__20260825.mp4
OBS-000062,长宁来福士,一绪に寿喜烧放题,一绪に寿喜烧放题,自助餐,4.4,175,5F,rated,True,,rated,parsed,rating_anchor,0.9689,0.9675,53,720,12.302,5F | ★★★★ | 4.4自助餐￥175/人 | ★,一绪に寿喜烧放题 | 5F | ★★★★ | 4.4自助餐￥175/人 | ★ | 点评榜单 | 梭子蟹 | 长宁区自助餐好评榜第2名 | 开700营业 | 和牛蟹肉一网打尽，蟹母丰腴鲜香 | ￥1126.3折 | 畅吃雪花牛上脑\工... | ￥178 | 惠,ocr/input_videos\上海__长宁来福士__20260825.mp4
OBS-000063,长宁来福士,setirom,setirom,服装,4.3,349,2F,rated,True,,rated,parsed,rating_anchor,0.9872,0.9993,50,720,12.302,🌟🌟🌟🎉 | 2F | 4.3服装￥349/人 | ★,setirom | 🌟🌟🌟🎉 | 2F | 4.3服装￥349/人 | ★ | 沉浸式浏览，服饰风格多样,ocr/input_videos\上海__长宁来福士__20260825.mp4
OBS-000064,长宁来福士,颐海国际海鲜自助,颐海国际海鲜自助,海鲜自助,,304,4F,new_store,False,new_store,ocr_missing,parsed,metadata_anchor,0.9767,0.9979,50,720,12.302,新店 | 4F | 海鲜自助￥304/人,颐海国际海鲜自助 | 新店 | 4F | 海鲜自助￥304/人 | 现剪湾洲小青 | 畅吃不即菜 | 点评榜单 | 长宁区自助餐好评榜第1名 | 休息中 | ￥4289.4折 | ￥459 | 上海颐海一全时段.. | 惠,ocr/input_videos\上海__长宁来福士__20260825.mp4
OBS-000065,长宁来福士,英孚教育青少儿·学术中心,英孚教育青少儿·学术中心,课后辅导,4.6,15211,3F,rated,True,,rated,parsed,rating_anchor,0.9848,0.9922,56,720,12.302,🌟🌟🌟🌟🌟 | 4.6课后辅导￥15211/人 | 3F,英孚教育青少儿·学术中心 | 美学验育 | 开学季 | 🌟🌟🌟🌟🌟 | 4.6课后辅导￥15211/人 | 3F | 英语真学霸 | 点评榜单 | 长宁区课后辅导热门榜第3名 | 屏读|谓汇|阅读|语活 | 地铁直达，环境童趣安全 | ￥9.9￥597全城6次课随心学1少儿游.. | 惠,ocr/input_videos\上海__长宁来福士__20260825.mp4
OBS-000066,长宁来福士,维多利亚羊绒,维多利亚羊绒,服装,3.2,1291,商场内,rated,True,,rated,parsed,rating_anchor,0.9776,0.9984,55,720,12.302,3.2服装￥1291/人 | 商场内,维多利亚羊绒 | 3.2服装￥1291/人 | 商场内,ocr/input_videos\上海__长宁来福士__20260825.mp4
OBS-000067,长宁来福士,英孚教育青少儿·学术中心,英孚教育青少儿·学术中心,课后辅导,4.6,15211,3F,rated,True,,rated,parsed,rating_anchor,0.9533,0.9827,56,780,13.328,★4.6课后辅导￥15211/人 | 3F,英孚教育青少儿·学术中心 | 品 | 英乎验育 | 开学季 | ★4.6课后辅导￥15211/人 | 3F | 英语真学霸 | 点评榜单 | 长宁区课后辅导热门榜第3名 | 拼读|谢汇|阅读|语法 | 地铁直达，环境童趣安全 | 31 | ￥9.9￥597全城6次课随心学|少游.. | 惠,ocr/input_videos\上海__长宁来福士__20260825.mp4
OBS-000068,长宁来福士,维多利亚羊绒,维多利亚羊绒,服装,3.2,1291,商场内,rated,True,,rated,parsed,rating_anchor,0.975,0.9983,52,780,13.328,3.2服装￥1291/人 | 商场内,维多利亚羊绒 | 3.2服装￥1291/人 | 商场内,ocr/input_videos\上海__长宁来福士__20260825.mp4
OBS-000069,长宁来福士,超级碗FOODBOWL,超级碗FOODBOWL,西餐,4.1,37,B1,rated,True,,rated,parsed,rating_anchor,0.9379,0.9986,47,780,13.328,B1 | ⭐⭐4.1西餐￥37/人,超级碗FOODBOWL | 超级碗 | 生日季 | B1 | ⭐⭐4.1西餐￥37/人 | 帅哥小哥哥，环境好，味道赞 | ￥50 | ￥37.9 | 7.6折 | 【热销百万】蜜汁鸡. | 惠,ocr/input_videos\上海__长宁来福士__20260825.mp4
OBS-000070,长宁来福士,永春园·淮扬嘉宴·扬州早茶,永春园·淮扬嘉宴·扬州早茶,淮扬菜,4.6,86,1F,rated,True,,rated,parsed,rating_anchor,0.9473,0.9821,56,780,13.328,4.6淮扬菜￥86/人 | 1F,永春园·淮扬嘉宴·扬州早茶 | 非遗淮扬菜 | 扬州早茶 | 4.6淮扬菜￥86/人 | 1F | 点评榜单 | 中山公园/江苏路江浙菜好评榜第1名 | “扬州丝现煮现卖，口味正宗 | ￥15【一盏糖水】红曲酒... | ￥11.9 | 8折 | 惠 | ￥959.5折 | 惠 | ￥100100元代金券,ocr/input_videos\上海__长宁来福士__20260825.mp4
OBS-000071,长宁来福士,伽喱博士Dr.CURRY咖喱饭,伽喱博士Dr.CURRY咖喱饭,日式简餐/快餐,3.9,48,B1,rated,True,,rated,parsed,rating_anchor,0.9658,0.9928,50,780,13.328,3.9 | 日式简餐/快餐￥48/人 | B1 | AAAE,伽喱博士Dr.CURRY咖喱饭 | 3.9 | 日式简餐/快餐￥48/人 | B1 | AAAE,ocr/input_videos\上海__长宁来福士__20260825.mp4
OBS-000072,长宁来福士,英孚教育青少儿·学术中心,英孚教育青少儿·学术中心,课后辅导,4.6,15211,3F,rated,True,,rated,parsed,rating_anchor,0.9695,0.964,51,804,13.738,🌟🌟⭐🌟🌟 | 3F | 4.6课后辅导￥15211/人,英孚教育青少儿·学术中心 | 美学验育 | 开学季 | 🌟🌟⭐🌟🌟 | 3F | 4.6课后辅导￥15211/人 | 英语真学霸 | 点评榜单 | 长宁区课后辅导热门榜第3名 | 保读|调汇|园读|语话 | 地铁直达，环境童趣安全 | 1 | ￥9.9￥597全城6次课随心学|少儿游... | 惠,ocr/input_videos\上海__长宁来福士__20260825.mp4
OBS-000073,长宁来福士,维多利亚羊绒,维多利亚羊绒,服装,3.2,1291,商场内,rated,True,,rated,parsed,rating_anchor,0.9756,0.9974,51,804,13.738,🌟🌟⭐⭐🌟 | 3.2服装￥1291/人 | 商场内,维多利亚羊绒 | 🌟🌟⭐⭐🌟 | 3.2服装￥1291/人 | 商场内,ocr/input_videos\上海__长宁来福士__20260825.mp4
OBS-000074,长宁来福士,超级碗FOODBOWL,超级碗FOODBOWL,西餐,4.1,37,B1,rated,True,,rated,parsed,rating_anchor,0.9797,0.9984,48,804,13.738,B1 | ★★★★ | 4.1西餐￥37/人 | ★,超级碗FOODBOWL | 超级碗 | 生日季 | B1 | ★★★★ | 4.1西餐￥37/人 | ★ | 帅哥小哥哥，环境好，味道赞 | ￥50 | ￥37.97.6折 | 蜜汁鸡.. | 【热销百万】 | 惠,ocr/input_videos\上海__长宁来福士__20260825.mp4
OBS-000075,长宁来福士,永春园·淮扬嘉宴·扬州早茶,永春园·淮扬嘉宴·扬州早茶,淮扬菜,4.6,86,1F,rated,True,,rated,parsed,rating_anchor,0.9664,0.9754,51,804,13.738,🌟🌟🌟🌟🌟 | 1F | 淮扬菜￥86/人 | 4.6,永春园·淮扬嘉宴·扬州早茶 | 非遗淮扬菜 | 扬州早茶 | 🌟🌟🌟🌟🌟 | 1F | 淮扬菜￥86/人 | 4.6 | 点评榜单 | 中山公园/江苏路江浙菜好评榜第1名 | 扬州干丝现煮现卖，口味正宗 | ￥11.9 | 8折 | ￥15 | 惠 | 【一盏糖水】红曲酒.. | ￥959.5折 | 惠 | ￥100100元代金券,ocr/input_videos\上海__长宁来福士__20260825.mp4
OBS-000076,长宁来福士,伽喱博士 Dr.CURRY咖喱饭,伽喱博士Dr.CURRY咖喱饭,日,3.9,48,B1,rated,True,,rated,parsed,rating_anchor,0.9384,0.9632,53,804,13.738,🌟★★ | B1 | 3.9日 | 日式简餐/快餐￥48/人,伽喱博士 Dr.CURRY咖喱饭 | 🌟★★ | B1 | 3.9日 | 日式简餐/快餐￥48/人 | 点评榜单 | 长宁区日式简餐/快餐打卡人气榜第1名 | 伽喱博士7岁啦 | 正宗咖喱，搭配清爽凤梨饮 | ≤,ocr/input_videos\上海__长宁来福士__20260825.mp4
OBS-000077,长宁来福士,英孚教育青少儿·学术中心,英孚教育青少儿·学术中心,课后辅导,4.6,15211,3F,rated,True,,rated,parsed,rating_anchor,0.9604,0.9552,47,852,14.558,3F | 4.6课后辅导￥15211/人,英孚教育青少儿·学术中心 | 英可验商 | 5 | 开学季 | 3F | 4.6课后辅导￥15211/人 | 英语真学霸 | 点评镑单 | 长宁区课后辅导热门榜第3名 | 拼读|谢汇|阅读|语法 | 地铁直达，环境童趣安全 | 31 | ￥9.9￥597全城6次课随心学1少儿游... | 惠,ocr/input_videos\上海__长宁来福士__20260825.mp4
OBS-000078,长宁来福士,维多利亚羊绒,维多利亚羊绒,服装,3.2,1291,商场内,rated,True,,rated,parsed,rating_anchor,0.9802,0.9972,54,852,14.558,3.2服装￥1291/人 | 商场内,维多利亚羊绒 | 3.2服装￥1291/人 | 商场内,ocr/input_videos\上海__长宁来福士__20260825.mp4
OBS-000079,长宁来福士,超级碗FOODBOWL,超级碗FOODBOWL,西餐,4.1,37,B1,rated,True,,rated,parsed,rating_anchor,0.9123,0.999,47,852,14.558,B1 | ⭐⭐★4.1西餐￥37/人,超级碗FOODBOWL | 超级碗 | 生日季 | B1 | ⭐⭐★4.1西餐￥37/人 | 帅哥小哥哥，环境好，味道赞 | ￥37.97.6折 | ￥50 | 蜜汁鸡.. | 【热销百万】 | 惠,ocr/input_videos\上海__长宁来福士__20260825.mp4
OBS-000080,长宁来福士,永春园·淮扬嘉宴·扬州早茶,永春园·淮扬嘉宴·扬州早茶,淮扬菜,4.6,86,1F,rated,True,,rated,parsed,rating_anchor,0.9389,0.9695,53,852,14.558,1F | 4.6淮扬菜￥86/人,永春园·淮扬嘉宴·扬州早茶 | 非遗淮扬菜 | 扬州早茶 | 1F | 4.6淮扬菜￥86/人 | 点评榜单 | 中山公园/江苏路江浙菜好评榜第1名 | “扬州干丝现煮现卖，口味正宗 | 惠 | ￥11.9 | 8折 | ￥15 | 【一盏糖水】红曲酒... | ￥959.5折 | 惠 | ￥100100元代金券,ocr/input_videos\上海__长宁来福士__20260825.mp4
OBS-000081,长宁来福士,伽喱博士 Dr.CURRY咖喱饭,伽喱博士Dr.CURRY咖喱饭,日式简餐/快餐,3.9,48,B1,rated,True,,rated,parsed,rating_anchor,0.9637,0.9619,51,852,14.558,⭐🌟🌟🌟🌟 | 3.9 | 日式简餐/快餐￥48/人 | B1,伽喱博士 Dr.CURRY咖喱饭 | ⭐🌟🌟🌟🌟 | 3.9 | 日式简餐/快餐￥48/人 | B1 | 点评榜单 | 长宁区日式简餐/快餐打卡人气榜第1名 | 伽喱博士7岁啦 | 正宗咖喱，搭配清爽凤梨饮” | SC | 2折0招油现炸猪址单人餐 | 事,ocr/input_videos\上海__长宁来福士__20260825.mp4
OBS-000082,长宁来福士,维多利亚羊绒,维多利亚羊绒,服装,3.2,1291,商场内,rated,True,,rated,parsed,rating_anchor,0.9756,0.9983,52,888,15.173,3.2服装￥1291/人 | 商场内,维多利亚羊绒 | 3.2服装￥1291/人 | 商场内,ocr/input_videos\上海__长宁来福士__20260825.mp4
OBS-000083,长宁来福士,超级碗FOODBOWL,超级碗FOODBOWL,西餐,4.1,37,B1,rated,True,,rated,parsed,rating_anchor,0.9818,0.9987,51,888,15.173,4.1西餐￥37/人 | B1 | 🌟🌟⭐⭐ | ★,超级碗FOODBOWL | 超级碗 | 生日季 | 4.1西餐￥37/人 | B1 | 🌟🌟⭐⭐ | ★ | “帅哥小哥哥，环境好，味道赞 | ￥50 | ￥37.9 | 7.6折 | 蜜汁鸡... | 惠 | 【热销百万】,ocr/input_videos\上海__长宁来福士__20260825.mp4
OBS-000084,长宁来福士,永春园·淮扬嘉宴·扬州早茶,永春园·淮扬嘉宴·扬州早茶,淮扬菜,4.6,86,1F,rated,True,,rated,parsed,rating_anchor,0.9368,0.981,56,888,15.173,1F | 🌟4.6淮扬菜￥86/人,永春园·淮扬嘉宴·扬州早茶 | 非遗淮扬菜 | 扬州早茶 | 1F | 🌟4.6淮扬菜￥86/人 | 点评榜单 | 中山公园/江苏路江浙菜好评榜第1名 | 扬州干丝现煮现卖，口味正宗 | 力 | ￥11.9 | 8折 | ￥15 | 惠 | 【一盏糖水】红曲酒... | ￥959.5折 | ￥100100元代金券 | 惠,ocr/input_videos\上海__长宁来福士__20260825.mp4
OBS-000085,长宁来福士,伽喱博士 Dr.CURRY咖喱饭,伽喱博士Dr.CURRY咖喱饭,日式简餐/快餐,3.9,48,B1,rated,True,,rated,parsed,rating_anchor,0.9701,0.97,53,888,15.173,⭐🌟🌟⭐3.9 | B1 | 日式简餐/快餐￥48/人,伽喱博士 Dr.CURRY咖喱饭 | ⭐🌟🌟⭐3.9 | B1 | 日式简餐/快餐￥48/人 | 点评榜单 | 长宁区日式简餐/快餐打卡人气榜第1名 | 伽喱博士7岁啦 | 正宗咖喱，搭配清爽凤梨饮 | “ | ￥49 | 8.2折 | ￥60招牌现炸猪排单人餐 | 惠,ocr/input_videos\上海__长宁来福士__20260825.mp4
OBS-000086,长宁来福士,维多利亚羊绒,维多利亚羊绒,服装,3.2,1291,商场内,rated,True,,rated,parsed,rating_anchor,0.9624,0.9974,51,936,15.993,★3.2服装￥1291/人 | 商场内,维多利亚羊绒 | ★3.2服装￥1291/人 | 商场内,ocr/input_videos\上海__长宁来福士__20260825.mp4
OBS-000087,长宁来福士,超级碗FOODBOWL,超级碗FOODBOWL,西餐,4.1,37,B1,rated,True,,rated,parsed,rating_anchor,0.9833,0.9987,48,936,15.993,🌟🌟🎉⭐ | 4.1西餐￥37/人 | B1 | ★,超级碗FOODBOWL | 超级碗 | 生日季 | 🌟🌟🎉⭐ | 4.1西餐￥37/人 | B1 | ★ | “帅哥小哥哥，环境好，味道赞 | ￥37.97.6折 | ￥50 | 蜜汁鸡. | 惠 | 【热销百万】,ocr/input_videos\上海__长宁来福士__20260825.mp4
OBS-000088,长宁来福士,永春园·淮扬嘉宴·扬州早茶,永春园·淮扬嘉宴·扬州早茶,淮扬菜,4.6,86,1F,rated,True,,rated,parsed,rating_anchor,0.963,0.9789,57,936,15.993,1F | 4.6淮扬菜￥86/人,永春园·淮扬嘉宴·扬州早茶 | 非遗淮扬菜 | 扬州早茶 | 1F | 4.6淮扬菜￥86/人 | 点评榜单 | 中山公园/江苏路江浙菜好评榜第1名 | “扬州干丝现煮现卖，口味正宗 | ￥11.9 | 8折 | 【一盏糖水】红曲酒... | ￥15 | 惠 | ￥95 | 惠 | 9.5折 | ￥100100元代金券,ocr/input_videos\上海__长宁来福士__20260825.mp4
OBS-000089,长宁来福士,伽喱博士Dr.CURRY咖喱饭,伽喱博士Dr.CURRY咖喱饭,日式简餐/快餐,3.9,48,B1,rated,True,,rated,parsed,rating_anchor,0.9802,0.9912,51,936,15.993,3.9 | 🌟🌟🌟🌟🌟 | B1 | 日式简餐/快餐￥48/人,伽喱博士Dr.CURRY咖喱饭 | 3.9 | 🌟🌟🌟🌟🌟 | B1 | 日式简餐/快餐￥48/人 | 点评榜单 | 长宁区日式简餐/快餐打卡人气榜第1名 | 伽喱博士7岁啦 | 正宗咖喱，搭配清爽凤梨饮 | C | ￥49 | 8.2折 | 惠 | ￥60招牌现炸猪排单人餐,ocr/input_videos\上海__长宁来福士__20260825.mp4
OBS-000090,长宁来福士,vieaing,vieaing,服饰鞋包,3.8,,商场内,rated,True,,rated,parsed,rating_anchor,0.9974,0.9993,69,936,15.993,🌟🌟🌟🌟🌟 | 商场内 | 3.8服饰鞋包,vieaing | CWEAING | 🌟🌟🌟🌟🌟 | 商场内 | 3.8服饰鞋包,ocr/input_videos\上海__长宁来福士__20260825.mp4
OBS-000091,长宁来福士,伽喱博士 Dr.CURRY咖喱饭,伽喱博士Dr.CURRY咖喱饭,日式简餐/快餐,3.9,48,B1,rated,True,,rated,parsed,rating_anchor,0.9576,0.9544,48,960,16.403,🌟🌟🌟🌟 | B1 | 3.9 | 日式简餐/快餐￥48/人,伽喱博士 Dr.CURRY咖喱饭 | 🌟🌟🌟🌟 | B1 | 3.9 | 日式简餐/快餐￥48/人 | 点评榜单 | 长宁区日式简餐/快餐打卡人气榜第1名 | 伽喱博士7岁啦 | 正宗咖喱，搭配清爽凤梨饮 | ￥49 | 8.2折 | ￥60招牌现炸猪排单人餐 | 惠,ocr/input_videos\上海__长宁来福士__20260825.mp4
OBS-000092,长宁来福士,vieaing,vieaing,服饰鞋包,3.8,,商场内,rated,True,,rated,parsed,rating_anchor,0.9986,0.9982,66,960,16.403,🌟🌟🌟🌟🌟 | 商场内 | 3.8服饰鞋包,vieaing | VEAINE | 🌟🌟🌟🌟🌟 | 商场内 | 3.8服饰鞋包,ocr/input_videos\上海__长宁来福士__20260825.mp4
OBS-000093,长宁来福士,莫尔顿扒房,莫尔顿扒房,牛排,4.0,394,1F,rated,True,,rated,parsed,rating_anchor,0.9613,0.9989,52,960,16.403,1F | 🌟🌟🌟🌟 | 牛排￥394/人 | 4.0,莫尔顿扒房 | 1F | 🌟🌟🌟🌟 | 牛排￥394/人 | 4.0 | 点评榜单 | 长宁区牛排热门榜第5名 | ￥1983.9折 | ￥517工作日午市单人餐 | 惠,ocr/input_videos\上海__长宁来福士__20260825.mp4
OBS-000094,长宁来福士,Luzerne,Luzerne,杂货礼品,3.4,,6F,rated,True,,rated,parsed,rating_anchor,0.9556,0.9995,48,960,16.403,⭐3.4杂货礼品 | 6F,Luzerne | ⭐3.4杂货礼品 | 6F,ocr/input_videos\上海__长宁来福士__20260825.mp4
OBS-000095,长宁来福士,模度模特·少儿形体培训·模特走秀,模度模特·少儿形体培训·模特走秀,主持表演/模特,4.6,,商场内,rated,True,,rated,parsed,rating_anchor,0.9788,0.9786,54,960,16.403,商场内 | 🌟🌟⭐⭐🌟 | 4.6 | 主持表演/模特,模度模特·少儿形体培训·模特走秀 | 模菜 | >0O0EL | TRVINES | 专注少儿 | 商场内 | 🌟🌟⭐⭐🌟 | 4.6 | 主持表演/模特 | 形体模特培训教学 | Mo | “课程有趣又专业，体态改善明显 | 线 | 自信型造 | 气质裂升 | 惠￥29.9￥600 | 【3-17岁】青少儿形体改,ocr/input_videos\上海__长宁来福士__20260825.mp4
OBS-000096,长宁来福士,伽喱博士 Dr.CURRY咖喱饭,伽喱博士Dr.CURRY咖喱饭,日式简餐/快餐,3.9,48,B1,rated,True,,rated,parsed,rating_anchor,0.9714,0.9713,54,1008,17.223,🌟🌟🎉🌟🌟 | 日式简餐/快餐￥48/人 | B1 | 3.9,伽喱博士 Dr.CURRY咖喱饭 | 🌟🌟🎉🌟🌟 | 日式简餐/快餐￥48/人 | B1 | 3.9 | 点评榜单 | 长宁区日式简餐/快餐打卡人气榜第1名 | 伽喱博士7岁啦 | 正宗咖喱，搭配清爽凤梨饮 | “ | ￥49 | 8.2折 | 惠 | ￥60招牌现炸猪排单人餐,ocr/input_videos\上海__长宁来福士__20260825.mp4
OBS-000097,长宁来福士,vieaing,vieaing,服饰鞋包,3.8,,商场内,rated,True,,rated,parsed,rating_anchor,0.9975,0.9986,69,1008,17.223,🌟🌟🌟🌟🌟 | 商场内 | 3.8服饰鞋包,vieaing | WEAING | 🌟🌟🌟🌟🌟 | 商场内 | 3.8服饰鞋包,ocr/input_videos\上海__长宁来福士__20260825.mp4
OBS-000098,长宁来福士,莫尔顿扒房,莫尔顿扒房,牛排,4.0,394,1F,rated,True,,rated,parsed,rating_anchor,0.9686,0.9994,62,1008,17.223,1F | 🌟🌟🌟🌟 | 牛排￥394/人 | 4.0 | ★,莫尔顿扒房 | 1F | 🌟🌟🌟🌟 | 牛排￥394/人 | 4.0 | ★ | 点评榜单 | 长宁区牛排热门榜第5名 | ￥198 | 3.9折 | ￥517工作日午市单人餐 | 惠,ocr/input_videos\上海__长宁来福士__20260825.mp4
OBS-000099,长宁来福士,Luzerne,Luzerne,杂货礼品,3.4,,6F,rated,True,,rated,parsed,rating_anchor,0.9975,0.9996,48,1008,17.223,🌟🌟⭐ | 3.4杂货礼品 | 6F,Luzerne | 🌟🌟⭐ | 3.4杂货礼品 | 6F,ocr/input_videos\上海__长宁来福士__20260825.mp4
OBS-000100,长宁来福士,模度模特·少儿形体培训·模特走秀,模度模特·少儿形体培训·模特走秀,主持表演/模特,4.6,,商场内,rated,True,,rated,parsed,rating_anchor,0.9804,0.9655,51,1008,17.223,商场内 | 🌟★🌟🌟🌟 | 主持表演/模特 | 4.6,模度模特·少儿形体培训·模特走秀 | 2000E1. | TRNINTKI | 专注少儿 | 商场内 | 🌟★🌟🌟🌟 | 主持表演/模特 | 4.6 | 形体模特培训教学 | “课程有趣又专业，体态改善明显 | Mo | 55 | 想鞋技 | 自信型造 | 气质裂 | ￥29.9￥600 | 惠 | 【3-17岁】青少儿形体改... | ￥100￥1000代金券 | 惠,ocr/input_videos\上海__长宁来福士__20260825.mp4
OBS-000101,长宁来福士,Luzerne,Luzerne,杂货礼品,3.4,,6F,rated,True,,rated,parsed,rating_anchor,0.9748,0.9994,48,1044,17.839,★3.4杂货礼品 | 6F,Luzerne | ★3.4杂货礼品 | 6F,ocr/input_videos\上海__长宁来福士__20260825.mp4
OBS-000102,长宁来福士,模度模特·少儿形体培训·模特走秀,模度模特·少儿形体培训·模特走秀,主持表演/模特,4.6,,商场内,rated,True,,rated,parsed,rating_anchor,0.9723,0.9709,53,1044,17.839,商场内 | 4.6主持表演/模特,模发 | 模度模特·少儿形体培训·模特走秀 | 20O0EI. | TENINTG | 专注少儿 | 商场内 | 4.6主持表演/模特 | 形体模特培训教学 | “课程有趣又专业，体态改善明显 | Mo | 55 | 自信型 | 气质开 | ￥29.9￥600 | 【3-17岁】青少形体改.. | 惠 | ￥100￥1000代金券 | 惠,ocr/input_videos\上海__长宁来福士__20260825.mp4
OBS-000103,长宁来福士,玛尚诺意式餐厅,玛尚诺意式餐厅,意大利菜,4.0,89,1F,rated,True,,rated,parsed,rating_anchor,0.9799,0.9996,57,1044,17.839,1F | ⭐🌟⭐🌟 | 意大利菜￥89/人 | 4.0 | ★,玛尚诺意式餐厅 | MARZANO | 1F | ⭐🌟⭐🌟 | 意大利菜￥89/人 | 4.0 | ★ | 点评榜单 | 长宁区意大利菜好评榜第4名 | ￥0.11折 | 惠 | 【专属服务】外送/团建/... | ￥1 | ￥979.7折 | 惠 | ￥100100元代金券,ocr/input_videos\上海__长宁来福士__20260825.mp4
OBS-000104,长宁来福士,哈尼云南石锅鱼,哈尼云南石锅鱼,鱼火锅,4.7,125,4F,rated,True,,rated,parsed,rating_anchor,0.9805,0.9995,51,1044,17.839,🌟🌟🌟🌟🌟 | 4F | 鱼火锅￥125/人 | 4.7,哈尼云南石锅鱼 | 🌟🌟🌟🌟🌟 | 4F | 鱼火锅￥125/人 | 4.7 | 点评榜单 | 中山公园/江苏路火锅回头客榜第2名 | 阿姨服务周到，环境优雅舒适 | “ | ￥12 | ￥6.66 | 5.6折 | 惠 | 【荔枝知夏】荔枝酒.. | ￥959.5折 | ￥100100元代金券 | 惠,ocr/input_videos\上海__长宁来福士__20260825.mp4
OBS-000105,长宁来福士,mu designer label,mudesignerlabel,服饰鞋包,3.8,,商场内,rated,True,,rated,parsed,rating_anchor,0.9865,0.986,57,1044,17.839,3.8服饰鞋包 | 商场内,mu designer label | 3.8服饰鞋包 | 商场内,ocr/input_videos\上海__长宁来福士__20260825.mp4
OBS-000106,长宁来福士,Luzerne,Luzerne,杂货礼品,3.4,,6F,rated,True,,rated,parsed,rating_anchor,0.9711,0.9995,44,1068,18.249,⭐⭐⭐⭐3.4杂货礼品 | 6F,Luzerne | ⭐⭐⭐⭐3.4杂货礼品 | 6F,ocr/input_videos\上海__长宁来福士__20260825.mp4
OBS-000107,长宁来福士,模度模特·少儿形体培训·模特走秀,模度模特·少儿形体培训·模特走秀,主持表演/模特,4.6,,商场内,rated,True,,rated,parsed,rating_anchor,0.9836,0.9742,50,1068,18.249,商场内 | 🌟🌟⭐⭐🌟 | 4.6 | 主持表演/模特,禅菜 | 模度模特·少儿形体培训·模特走秀 | 2000ex. | TAVIXTSG | 专注少儿 | 商场内 | 🌟🌟⭐⭐🌟 | 4.6 | 主持表演/模特 | 形体模特培训教学 | “课程有趣又专业，体态改善明显 | Mo | 33 | 特线 | 自信型造 | 气质裂开 | ￥29.9￥600 | 【3-17岁】青少儿形体改... | 惠 | ￥100￥1000代金券 | 惠,ocr/input_videos\上海__长宁来福士__20260825.mp4
OBS-000108,长宁来福士,玛尚诺意式餐厅,玛尚诺意式餐厅,意大利菜,4.0,89,1F,rated,True,,rated,parsed,rating_anchor,0.9776,0.9997,51,1068,18.249,🌟🌟🎉🌟 | 意大利菜￥89/人 | 1F | 4.0,玛尚诺意式餐厅 | MARZANO | 🌟🌟🎉🌟 | 意大利菜￥89/人 | 1F | 4.0 | 点评榜单 | 长宁区意大利菜好评榜第4名 | ￥0.1 | 1折 | 惠 | ￥1 | 【专属服务】外送/团建/... | ￥97 | 9.7折 | 惠 | ￥100100元代金券,ocr/input_videos\上海__长宁来福士__20260825.mp4
OBS-000109,长宁来福士,哈尼云南石锅鱼,哈尼云南石锅鱼,鱼火锅,4.7,125,4F,rated,True,,rated,parsed,rating_anchor,0.9839,0.9992,48,1068,18.249,🌟🌟⭐🌟🌟 | 鱼火锅￥125/人 | 4F | 4.7,哈尼云南石锅鱼 | 哈尼 | 雨季采野 | 🌟🌟⭐🌟🌟 | 鱼火锅￥125/人 | 4F | 4.7 | 鲜菌开席 | 点评榜单 | 中山公园/江苏路火锅回头客榜第2名 | 阿姨服务周到，环境优雅舒适 | C | 7 | 惠 | ￥12 | ￥6.66 | 5.6折 | 【荔枝知夏】荔枝酒... | ￥959.5折 | 惠 | ￥100100元代金券,ocr/input_videos\上海__长宁来福士__20260825.mp4
OBS-000110,长宁来福士,mu designer label,mudesignerlabel,服饰鞋包,3.8,,商场内,rated,True,,rated,parsed,rating_anchor,0.9922,0.9867,56,1068,18.249,商场内 | 3.8服饰鞋包 | ★🌟★★★,mu designer label | mu designer label | 商场内 | 3.8服饰鞋包 | ★🌟★★★,ocr/input_videos\上海__长宁来福士__20260825.mp4
OBS-000111,长宁来福士,哈尼云南石锅鱼,哈尼云南石锅鱼,鱼火锅,4.7,125,4F,rated,True,,rated,parsed,rating_anchor,0.9762,0.9996,51,1128,19.274,⭐🌟⭐🌟🌟 | 4F | 鱼火锅￥125/人 | 4.7,哈尼云南石锅鱼 | 哈尼 | 雨季采野 | ⭐🌟⭐🌟🌟 | 4F | 鱼火锅￥125/人 | 4.7 | 鲜菌开席 | 点评榜单 | 中山公园/江苏路火锅回头客榜第2名 | 阿姨服务周到，环境优雅舒适 | ￥12 | ￥6.66 | 5.6折 | 【荔枝知夏】荔枝酒... | 惠 | ￥959.5折 | 惠 | ￥100100元代金券,ocr/input_videos\上海__长宁来福士__20260825.mp4
OBS-000112,长宁来福士,mu designer label,mudesignerlabel,服饰鞋包,3.8,,商场内,rated,True,,rated,parsed,rating_anchor,0.9493,0.9845,57,1128,19.274,⭐3.8服饰鞋包 | 商场内,mu designer label | mu designer label | ⭐3.8服饰鞋包 | 商场内,ocr/input_videos\上海__长宁来福士__20260825.mp4
OBS-000113,长宁来福士,唯新学院日语·日本留学·美术作...,唯新学院日语·日本留学·美术作,日语,4.2,,商场内,rated,True,,rated,parsed,rating_anchor,0.9442,0.8945,57,1128,19.274,商场内 | 🌟🌟🌟🌟 | 日语 | 4.2,唯新学院日语·日本留学·美术作... | 商场内 | 🌟🌟🌟🌟 | 日语 | 4.2 | 秋季日语 | 上海日语销量榜第7名 | 随先器 | 课程专业，口语氛围好 | 新同学 | 广告 | 惠 | ￥1.1￥600 | 日本留学申请咨询报名,ocr/input_videos\上海__长宁来福士__20260825.mp4
OBS-000114,长宁来福士,Ameigo梅果·云贵川lbistro,Ameigo梅果·云贵川lbistro,特色菜,4.3,105,1F,rated,True,,rated,parsed,rating_anchor,0.9614,0.9613,48,1128,19.274,1F | 🌟🌟🌟🌟 | 特色菜￥105/人 | 4.3,Ameigo梅果·云贵川lbistro | 1F | 🌟🌟🌟🌟 | 特色菜￥105/人 | 4.3 | 点评镑单 | 长宁区特色菜销量榜第2名 | 云川山Bis4r0 | Améigo梅泉 | 地道云贵川菜，服务周到 | 1 | ￥9.9 | 4.5折 | 惠 | ￥22 | 芭乐滇橄榄 | ￥98 | 9.8折 | ￥100100元代金券 | 惠,ocr/input_videos\上海__长宁来福士__20260825.mp4
OBS-000115,长宁来福士,哈尼云南石锅鱼,哈尼云南石锅鱼,鱼火锅,4.7,125,4F,rated,True,,rated,parsed,rating_anchor,0.9733,0.9989,48,1152,19.684,🌟4.7 | 4F | 鱼火锅￥125/人,哈尼 | 哈尼云南石锅鱼 | 雨李采野 | 🌟4.7 | 4F | 鱼火锅￥125/人 | 鲜菌开席 | 点评榜单 | 中山公园/江苏路火锅回头客榜第2名 | 阿姨服务周到，环境优雅舒适 | ￥6.66 | 5.6折 | ￥12 | 惠 | 【荔枝知夏】荔枝酒. | ￥95 | 9.5折 | ￥100100元代金券 | 惠,ocr/input_videos\上海__长宁来福士__20260825.mp4
OBS-000116,长宁来福士,mu designer label,mudesignerlabel,服饰鞋包,3.8,,商场内,rated,True,,rated,parsed,rating_anchor,0.9878,0.9764,56,1152,19.684,⭐🌟★💥⭐3.8 | 商场内 | 服饰鞋包,mu designer label | mu designer label | ⭐🌟★💥⭐3.8 | 商场内 | 服饰鞋包,ocr/input_videos\上海__长宁来福士__20260825.mp4
OBS-000117,长宁来福士,唯新学院日语·日本留学·美术作...,唯新学院日语·日本留学·美术作,日语,4.2,,商场内,rated,True,,rated,parsed,rating_anchor,0.9483,0.9031,56,1152,19.684,🌟🌟⭐ | 商场内 | 日语 | 4.2,唯新学院日语·日本留学·美术作... | 🌟🌟⭐ | 商场内 | 日语 | 4.2 | 秋季日语 | 上海日语销量榜第7名 | 清先咨询宅购 | 你好 | 课程专业，口语氛围好” | 新同学 | 一告 | 惠 | ￥1.1￥600 | 日本留学申请咨询报名,ocr/input_videos\上海__长宁来福士__20260825.mp4
OBS-000118,长宁来福士,Ameigo梅果·云贵川lbistro,Ameigo梅果·云贵川lbistro,特色菜,4.3,105,1F,rated,True,,rated,parsed,rating_anchor,0.9696,0.9797,56,1152,19.684,🌟🌟⭐⭐ | 1F | 特色菜￥105/人 | ￥ | 4.3,Ameigo梅果·云贵川lbistro | meid | 🌟🌟⭐⭐ | 1F | 特色菜￥105/人 | ￥ | 4.3 | 点评榜单 | 长宁区特色菜销量榜第2名 | 云川Bisr | Améigo梅果 | “地道云贵川菜，服务周到 | 4.5折 | ￥9.9 | ￥22 | 芭乐滇橄榄 | 惠 | ￥989.8折 | 惠 | ￥100100元代金券,ocr/input_videos\上海__长宁来福士__20260825.mp4
OBS-000119,长宁来福士,圣玛利亚女校旧址钟楼,圣玛利亚女校旧址钟楼,文化艺术,4.8,139,商场内,rated,True,,rated,parsed,rating_anchor,0.9765,0.9984,47,1152,19.684,🌟🌟🌟🌟🌟4.8 | 文化艺术￥139/人 | 商场内,圣玛利亚女校旧址钟楼 | 🌟🌟🌟🌟🌟4.8 | 文化艺术￥139/人 | 商场内 | 点评榜单 | 中山公园/江苏路化艺术好评榜第2名,ocr/input_videos\上海__长宁来福士__20260825.mp4
OBS-000120,长宁来福士,哈尼云南石锅鱼,哈尼云南石锅鱼,鱼火锅,4.7,125,4F,rated,True,,rated,parsed,rating_anchor,0.9823,0.9996,51,1164,19.889,4F | 🌟🌟🌟🌟🌟 | 鱼火锅￥125/人 | 4.7,哈尾 | 哈尼云南石锅鱼 | 雨季采野 | 4F | 🌟🌟🌟🌟🌟 | 鱼火锅￥125/人 | 4.7 | 鲜菌开席 | 点评榜单 | 中山公园/江苏路火锅回头客榜第2名 | 阿姨服务周到，环境优雅舒适 | ￥6.66 | ￥12 | 惠 | 5.6折 | 【荔枝知夏】 | 荔枝酒... | ￥959.5折 | 惠 | ￥100100元代金券,ocr/input_videos\上海__长宁来福士__20260825.mp4
OBS-000121,长宁来福士,mu designer label,mudesignerlabel,服饰鞋包,3.8,,商场内,rated,True,,rated,parsed,rating_anchor,0.971,0.9914,54,1164,19.889,商场内 | ⭐3.8服饰鞋包,mu designer label | mu designer label | 商场内 | ⭐3.8服饰鞋包,ocr/input_videos\上海__长宁来福士__20260825.mp4
OBS-000122,长宁来福士,唯新学院日语·日本留学·美术作...,唯新学院日语·日本留学·美术作,日语,4.2,,商场内,rated,True,,rated,parsed,rating_anchor,0.9389,0.8853,58,1164,19.889,4.2日语 | 🌟🌟🌟🌟 | 商场内 | ★,唯新学院日语·日本留学·美术作... | 4.2日语 | 🌟🌟🌟🌟 | 商场内 | ★ | 秋季日语 | 上海日语销量榜第7名 | 通先咨询老餐 | 原用 | 课程专业，口语氛围好” | 新同 | 告 | ￥1.1￥600 | 惠 | 日本留学申请咨询报名,ocr/input_videos\上海__长宁来福士__20260825.mp4
OBS-000123,长宁来福士,Ameigo梅果·云贵川lbistro,Ameigo梅果·云贵川lbistro,特色菜,4.3,105,1F,rated,True,,rated,parsed,rating_anchor,0.9688,0.9652,56,1164,19.889,🌟🌟🌟🌟 | 1F | 特色菜￥105/人 | 4.3,Ameigo梅果·云贵川lbistro | melc | 🌟🌟🌟🌟 | 1F | 特色菜￥105/人 | 4.3 | 点评榜单 | 长宁区特色菜销量榜第2名 | 川山Bis | Améigo梅桌 | “地道云贵川菜，服务周到” | 4.5折 | ￥9.9 | 惠 | ￥22 | 芭乐滇橄榄 | ￥98 | 惠 | 9.8折 | ￥100100元代金券,ocr/input_videos\上海__长宁来福士__20260825.mp4
OBS-000124,长宁来福士,圣玛利亚女校旧址钟楼,圣玛利亚女校旧址钟楼,文化艺术,4.8,139,商场内,rated,True,,rated,parsed,rating_anchor,0.9807,0.999,47,1164,19.889,4.8文化艺术￥139/人 | 商场内,圣玛利亚女校旧址钟楼 | 4.8文化艺术￥139/人 | 商场内 | 点评榜单 | 中山公园/江苏路文化艺术好评榜第2名,ocr/input_videos\上海__长宁来福士__20260825.mp4
OBS-000125,长宁来福士,mu designer label,mudesignerlabel,服饰鞋包,3.8,,商场内,rated,True,,rated,parsed,rating_anchor,0.975,0.9887,55,1212,20.709,商场内 | ⭐3.8服饰鞋包,mu designerlabel | mu designer label | 商场内 | ⭐3.8服饰鞋包,ocr/input_videos\上海__长宁来福士__20260825.mp4
OBS-000126,长宁来福士,唯新学院日语・日本留学·美术作.,唯新学院日语·日本留学·美术作.,日语,4.2,,商场内,rated,True,,rated,parsed,rating_anchor,0.9475,0.9021,64,1212,20.709,商场内 | ⭐🌟🌟⭐🌟 | 4.2日语,唯新学院日语・日本留学·美术作. | 商场内 | ⭐🌟🌟⭐🌟 | 4.2日语 | 秋季日语 | 上海日语销量榜第7名 | “课程专业，口语氛围好” | 新同学 | ￥1.1￥600日本留学申请咨询报名 | 惠,ocr/input_videos\上海__长宁来福士__20260825.mp4
OBS-000127,长宁来福士,Ameigo梅果·云贵川lbistro,Ameigo梅果·云贵川lbistro,特色菜,4.3,105,1F,rated,True,,rated,parsed,rating_anchor,0.9678,0.9767,56,1212,20.709,1F | 🌟🌟⭐⭐ | 特色菜￥105/人 | 4.3 | ★,Ameigo梅果·云贵川lbistro | mel | 1F | 🌟🌟⭐⭐ | 特色菜￥105/人 | 4.3 | ★ | 点评榜单 | 长宁区特色菜销量榜第2名 | 公代川山B1s1Y0 | Améigo梅果 | 地道云贵川菜，服务周到 | ￥9.9 | 4.5折 | 惠 | ￥22 | 芭乐滇橄榄 | ￥989.8折 | 惠 | ￥100100元代金券,ocr/input_videos\上海__长宁来福士__20260825.mp4
OBS-000128,长宁来福士,圣玛利亚女校旧址钟楼,圣玛利亚女校旧址钟楼,文化艺术,4.8,139,商场内,rated,True,,rated,parsed,rating_anchor,0.9768,0.9982,54,1212,20.709,商场内 | 4.8文化艺术￥139/人,圣玛利亚女校旧址钟楼 | 商场内 | 4.8文化艺术￥139/人 | 点评榜单 | 中山公园/江苏路文化艺术好评榜第2名,ocr/input_videos\上海__长宁来福士__20260825.mp4
OBS-000129,长宁来福士,mu designer label,mudesignerlabel,服饰鞋包,3.8,,商场内,rated,True,,rated,parsed,rating_anchor,0.9621,0.9647,56,1272,21.734,⭐3.8服饰鞋包 | 商场内,mu designer labed | mu designer label | ⭐3.8服饰鞋包 | 商场内,ocr/input_videos\上海__长宁来福士__20260825.mp4
OBS-000130,长宁来福士,唯新学院日语・日本留学・美术作..,唯新学院日语·日本留学·美术作,日语,4.2,,商场内,rated,True,,rated,parsed,rating_anchor,0.9388,0.8847,64,1272,21.734,商场内 | 4.2日语 | 🌟🌟⭐⭐🌟,唯新学院日语・日本留学・美术作.. | 商场内 | 4.2日语 | 🌟🌟⭐⭐🌟 | 秋季日语 | 上海日语销量榜第7名 | 课程专业，口语氛围好” | 新同宝 | ￥1.1￥600日本留学申请咨询报名 | 惠,ocr/input_videos\上海__长宁来福士__20260825.mp4
OBS-000131,长宁来福士,Ameigo梅果·云贵川lbistro,Ameigo梅果·云贵川lbistro,特色菜,4.3,105,1F,rated,True,,rated,parsed,rating_anchor,0.9592,0.9539,56,1272,21.734,1F | 🌟🌟🌟🌟 | 特色菜￥105/人 | 4.3 | ★,Ameigo梅果·云贵川lbistro | mel | 1F | 🌟🌟🌟🌟 | 特色菜￥105/人 | 4.3 | ★ | 点评榜单 | 长宁区特色菜销量榜第2名 | 公代川山B1s1Y0 | Améigo梅樂 | 地道云贵川菜，服务周到 | ￥9.9 | 4.5折 | 惠 | ￥22 | 芭乐滇橄榄 | ￥989.8折 | 惠 | ￥100100元代金券,ocr/input_videos\上海__长宁来福士__20260825.mp4
OBS-000132,长宁来福士,圣玛利亚女校旧址钟楼,圣玛利亚女校旧址钟楼,文化艺术,4.8,139,商场内,rated,True,,rated,parsed,rating_anchor,0.9838,0.9991,51,1272,21.734,商场内 | 4.8文化艺术￥139/人 | ⭐🌟🌟⭐🌟,圣玛利亚女校旧址钟楼 | 商场内 | 4.8文化艺术￥139/人 | ⭐🌟🌟⭐🌟 | 点评榜单 | 中山公园/江苏路文化艺术好评榜第2名 | 合点寿司 | 夏限定,ocr/input_videos\上海__长宁来福士__20260825.mp4
OBS-000133,长宁来福士,唯新学院日语·日本留学·美术作..,唯新学院日语·日本留学·美术作,日语,4.2,,商场内,rated,True,,rated,parsed,rating_anchor,0.9333,0.868,59,1296,22.144,商场内 | ⭐🌟🌟⭐🌟 | 4.2 | 日语,唯新学院日语·日本留学·美术作.. | 商场内 | ⭐🌟🌟⭐🌟 | 4.2 | 日语 | 秋季日语 | 上海日语销量榜第7名 | 鸿先咨鸿电 | H | 课程专业，口语氛围好” | ￥1.1￥600 | 惠 | 日本留学申请咨询报名,ocr/input_videos\上海__长宁来福士__20260825.mp4
OBS-000134,长宁来福士,Ameigo梅果·云贵川bistro,Ameigo梅果·云贵川bistro,特色菜,4.3,105,1F,rated,True,,rated,parsed,rating_anchor,0.9633,0.991,57,1296,22.144,1F | 🌟🌟🌟💥 | 4.3 | 特色菜￥105/人,Ameigo梅果·云贵川bistro | meic | 1F | 🌟🌟🌟💥 | 4.3 | 特色菜￥105/人 | 点评榜单 | 长宁区特色菜销量榜第2名 | 食川山开Bistr0 | Améigo梅泉 | “地道云贵川菜，服务周到” | ￥9.9 | 4.5折 | 惠 | ￥22 | 芭乐滇橄榄 | ￥989.8折 | 惠 | ￥100100元代金券,ocr/input_videos\上海__长宁来福士__20260825.mp4
OBS-000135,长宁来福士,圣玛利亚女校旧址钟楼,圣玛利亚女校旧址钟楼,文化艺术,,139,商场内,unknown,True,,ocr_missing,parsed,metadata_anchor,0.9822,0.9973,48,1296,22.144,★🌟🌟🌟🌟 | 文化艺术￥139/人 | 商场内 | 14.8,圣玛利亚女校旧址钟楼 | ★🌟🌟🌟🌟 | 文化艺术￥139/人 | 商场内 | 14.8 | 点评榜单 | 中山公园/江苏路化艺术好评榜第2名,ocr/input_videos\上海__长宁来福士__20260825.mp4
OBS-000136,长宁来福士,合点寿司,合点寿司,寿司,3.9,127,B1,rated,True,,rated,parsed,rating_anchor,0.9733,0.9997,56,1296,22.144,🌟🌟🌟🌟🌟 | B1 | 3.9 | 寿司￥127/人,合点寿司 | 夏日限定 | 🌟🌟🌟🌟🌟 | B1 | 3.9 | 寿司￥127/人 | 点评榜单 | 长宁区寿司回头客榜第2名 | 大竹英鱼 | 上海品质最好的回转寿司之一 | C | 寿訂 | 惠 | ￥108 | 4.6折 | ￥236108元单人满腹套餐,ocr/input_videos\上海__长宁来福士__20260825.mp4
OBS-000137,长宁来福士,富罟·东方臻豚宴·河豚无国界融合...,富罟·东方臻豚宴·河豚无国界融合,特色菜,4.7,324,4F,rated,True,,rated,parsed,rating_anchor,0.9447,0.924,57,1296,22.144,★★★★★ | 4.7特色菜￥324/人 | 4F,富罟·东方臻豚宴·河豚无国界融合... | ★★★★★ | 4.7特色菜￥324/人 | 4F | 点评榜单 | 中山公园/江苏路特色菜环境榜第3名 | 17:00营业 | 牛肉嫩滑，冰淇淋香浓，环境安静,ocr/input_videos\上海__长宁来福士__20260825.mp4
OBS-000138,长宁来福士,圣玛利亚女校旧址钟楼,圣玛利亚女校旧址钟楼,文化艺术,4.8,139,商场内,rated,True,,rated,parsed,rating_anchor,0.9686,0.9978,47,1332,22.76,4.8文化艺术￥139/人 | 商场内,圣玛利亚女校旧址钟楼 | 4.8文化艺术￥139/人 | 商场内 | 点评榜单 | 中山公园/江苏路化艺术好评榜第2名,ocr/input_videos\上海__长宁来福士__20260825.mp4
OBS-000139,长宁来福士,合点寿司,合点寿司,寿司,3.9,127,B1,rated,True,,rated,parsed,rating_anchor,0.9838,0.9997,56,1332,22.76,🌟🌟🌟🌟🌟 | B1 | 3.9寿司￥127/人,合点寿司 | 夏限定 | 🌟🌟🌟🌟🌟 | B1 | 3.9寿司￥127/人 | 点评榜单 | 长宁区寿司回头客榜第2名 | 上海品质最好的回转寿司之“ | “ | ￥108 | 4.6折 | 惠 | ￥236108元单人满腹套餐,ocr/input_videos\上海__长宁来福士__20260825.mp4
OBS-000140,长宁来福士,富罟·东方臻豚宴·河豚无国界融合...,富罟·东方臻豚宴·河豚无国界融合,特色菜,4.7,324,4F,rated,True,,rated,parsed,rating_anchor,0.9387,0.9327,51,1332,22.76,⭐🌟⭐🌟🌟 | 4F | 特色菜￥324/人 | 4.7,富罟·东方臻豚宴·河豚无国界融合... | 福出 | 全新选代 | ⭐🌟⭐🌟🌟 | 4F | 特色菜￥324/人 | 4.7 | 点评榜单 | 中山公园/江苏路特色菜环境榜第3名 | 17:00营业 | 牛肉嫩滑，冰淇淋香浓，环境安静 | ￥1683.8折 | 惠 | ￥454鎏光午宴单人套餐/... | ￥989.8折 | 惠 | ￥100100元代金券,ocr/input_videos\上海__长宁来福士__20260825.mp4
OBS-000141,长宁来福士,东莱海上,东莱海上,私房菜,4.4,178,6F,rated,True,,rated,parsed,rating_anchor,0.9822,0.9908,56,1332,22.76,6F | 🌟🌟🎉🎉 | 4.4私房菜￥178/人,东莱海上 | 承萊 | 校态器饮文化特示 | COOS.AIMAE | 6F | 🌟🌟🎉🎉 | 海 | 4.4私房菜￥178/人 | 点评榜单 | 长宁区私房菜热门榜第3名 | 17:00营业 | 山东菜海鲜新鲜，服务员热情周到 | 7.4折 | ￥203 | ￥277 | 惠 | 【超值】经典鲁菜...,ocr/input_videos\上海__长宁来福士__20260825.mp4
OBS-000142,长宁来福士,STAYREAL,STAYREAL,服装,4.8,554,商场内,rated,True,,rated,parsed,rating_anchor,0.9616,0.998,49,1332,22.76,4.8服装￥554/人 | 商场内,STAYREAL | 4.8服装￥554/人 | 商场内 | A | 排队动物年比年狠，师们精体.. | SIYOEA,ocr/input_videos\上海__长宁来福士__20260825.mp4
OBS-000143,长宁来福士,圣玛利亚女校旧址钟楼,圣玛利亚女校旧址钟楼,文化艺术,4.8,139,商场内,rated,True,,rated,parsed,rating_anchor,0.96,0.9916,53,1356,23.17,商场内 | 4.8文化艺术￥139/人,圣玛利亚女校旧址钟楼 | 商场内 | 4.8文化艺术￥139/人 | 点评榜单 | 中山公园/江苏路化艺术好评榜第2名,ocr/input_videos\上海__长宁来福士__20260825.mp4
OBS-000144,长宁来福士,合点寿司,合点寿司,寿司,3.9,127,B1,rated,True,,rated,parsed,rating_anchor,0.9651,0.9997,60,1356,23.17,3.9寿司￥127/人 | B1,合点寿司 | 夏日限定 | 3.9寿司￥127/人 | B1 | 点评榜单 | 长宁区寿司回头客榜第2名 | 上海品质最好的回转寿司之” | ≤ | ￥1084.6折 | 惠 | ￥236108元单人满腹套餐,ocr/input_videos\上海__长宁来福士__20260825.mp4
OBS-000145,长宁来福士,富罟·东方臻豚宴·河豚无国界融合...,富罟·东方臻豚宴·河豚无国界融合,特菜,4.7,,4F,rated,True,,rated,parsed,rating_anchor,0.9116,0.8896,56,1356,23.17,4.7特菜￥324/ | 4F,富罟·东方臻豚宴·河豚无国界融合... | 富器 | 全新送代 | 4.7特菜￥324/ | 4F | 点评榜单 | 中山公园/江苏路特色菜环境榜第3名 | 17:00营业 | 牛肉嫩滑，冰淇淋香浓，环境安静 | 2 | ￥1683.8折 | ￥454鎏光午宴单人套餐/.. | 惠 | ￥989.8折 | 惠 | ￥100100元代金券,ocr/input_videos\上海__长宁来福士__20260825.mp4
OBS-000146,长宁来福士,东莱海上,东莱海上,私房菜,4.4,178,6F,rated,True,,rated,parsed,rating_anchor,0.983,0.9964,57,1356,23.17,6F | ⭐🌟⭐🌟 | 4.4私房菜￥178/人 | ★,东莱海上 | 东萊 | 款在筑文业信承 | EOG.I MAS | 6F | ⭐🌟⭐🌟 | 4.4私房菜￥178/人 | 海 | ★ | 点评榜单 | 长宁区私房菜热门榜第3名 | 17:00营业 | 山东菜海鲜新鲜，服务员热情周到 | ￥2037.4折 | ￥277 | 惠 | 【超值】经典鲁菜..,ocr/input_videos\上海__长宁来福士__20260825.mp4
OBS-000147,长宁来福士,STAYREAL,STAYREAL,服装,4.8,554,商场内,rated,True,,rated,parsed,rating_anchor,0.9707,0.9978,42,1356,23.17,商场内 | 4.8服装￥554/人,STAYREAL | 02 | 商场内 | 4.8服装￥554/人 | A | 排队动物年比年狠，师们精体.. | 暂停营业,ocr/input_videos\上海__长宁来福士__20260825.mp4
OBS-000148,长宁来福士,STAYREAL,STAYREAL,服装,4.8,554,商场内,rated,True,,rated,parsed,rating_anchor,0.9742,0.9981,42,1476,25.22,商场内 | 4.8服装￥554/人,STAYREAL | 商场内 | 4.8服装￥554/人 | 0 | 排队动物年比一年狠，老师们精力体... | 暂停营业,ocr/input_videos\上海__长宁来福士__20260825.mp4
OBS-000149,长宁来福士,季季山·云南野生菌火锅,季季山·云南野生菌火锅,菌菇火锅,4.8,112,6F,rated,True,,rated,parsed,rating_anchor,0.9684,0.9751,51,1476,25.22,4.8菌菇火锅￥112/人 | 6F,季季山·云南野生菌火锅 | 学学山 | 4.8菌菇火锅￥112/人 | 6F | 点评榜单 | 长宁区火锅好评榜第1名 | 才下山就上桌 | TEE RARTE | 0.TAS | ￥1.99 | 2.5折 | 惠 | 什锦·鱼籽鲜虾丸 | ￥8 | ￥79 | ￥100 | 7.9折 | 惠 | 【特惠】100元代券,ocr/input_videos\上海__长宁来福士__20260825.mp4
OBS-000150,长宁来福士,bluefrog蓝蛙,bluefrog蓝蛙,西餐,4.7,120,1F,rated,True,,rated,parsed,rating_anchor,0.9725,0.999,55,1476,25.22,🌟🌟🌟🌟🌟 | 1F | 西餐￥120/人 | 4.7,bluefrog蓝蛙 | 蓝蛙 | blue frog | 🌟🌟🌟🌟🌟 | 1F | 西餐￥120/人 | 4.7 | bar&grill | 点评榜单 | 中山公园/江苏路西餐回头客榜第4名 | 尽兴当下就在蓝蛙 | 咖啡好喝，是聚餐，发呆的好场所 | “ | 广告 | ￥16.8 | ￥32 | 5.3折 | 惠 | 【特价】拿铁/气泡.. | ￥959.5折 | ￥100 | 惠 | 【浪漫七夕】100元..,ocr/input_videos\上海__长宁来福士__20260825.mp4
OBS-000151,长宁来福士,谷牛和牛烤肉,谷牛和牛烤肉,日式烧烤/烤肉,4.7,132,5F,rated,True,,rated,parsed,rating_anchor,0.9721,0.9972,52,1476,25.22,🌟🌟🌟🌟🌟 | 4.7 | 日式烧烤/烤肉￥132/人5F,谷牛和牛烤肉 | 🌟🌟🌟🌟🌟 | 4.7 | 日式烧烤/烤肉￥132/人5F | 点评榜单 | 中山公园/江苏路烤肉服务榜第1名 | ￥237.965.9折 | ￥408招牌安格斯2-3... | 惠 | 50.50元代余卷 | 4692折 | 車,ocr/input_videos\上海__长宁来福士__20260825.mp4
OBS-000152,长宁来福士,东莱海上,东莱海上,私房菜,4.4,178,6F,rated,True,,rated,parsed,rating_anchor,0.9805,0.9895,57,1500,25.63,🌟🌟⭐⭐ | 6F | 4.4私房菜￥178/人,东莱海上 | 东萊 | 欢态明饮文化特水 | MA/ | [000G.61 | 🌟🌟⭐⭐ | 6F | 海上 | 4.4私房菜￥178/人 | 点评榜单 | 长宁区私房菜热门榜第3名 | 17:00营业 | 山东菜海鲜新鲜，服务员热情周到” | 惠 | ￥203 | ￥277 | 7.4折 | 【超值】经典鲁菜..,ocr/input_videos\上海__长宁来福士__20260825.mp4
OBS-000153,长宁来福士,STAYREAL,STAYREAL,服装,4.8,554,商场内,rated,True,,rated,parsed,rating_anchor,0.9787,0.9973,47,1500,25.63,商场内 | 4.8服装￥554/人,STAYREAL | 00 | 商场内 | 4.8服装￥554/人 | BI | 3 | 0 | “排队动物一年比一年狠，老师们精力体.. | 暂停营业,ocr/input_videos\上海__长宁来福士__20260825.mp4
OBS-000154,长宁来福士,季季山·云南野生菌火锅,季季山·云南野生菌火锅,首,4.8,112,6F,rated,True,,rated,parsed,rating_anchor,0.9125,0.9774,51,1500,25.63,6F | 4.8首 | ￥112/人 | 菌菇火锅,季季山·云南野生菌火锅 | 6F | 4.8首 | ￥112/人 | 菌菇火锅 | 点评榜单 | 长宁区火锅好评榜第1名 | 才下山就上桌 | IEE BARV | EOE | OTAST | ￥1.99 | 2.5折 | ￥8什锦·鱼籽鲜虾丸 | 惠 | ￥797.9折 | ￥100 | 惠 | 【特惠】100元代金券,ocr/input_videos\上海__长宁来福士__20260825.mp4
OBS-000155,长宁来福士,bluefrog蓝蛙,bluefrog蓝蛙,西餐,4.7,120,1F,rated,True,,rated,parsed,rating_anchor,0.9796,0.9979,56,1500,25.63,1F | 🌟🌟🌟🎉🌟 | 西餐￥120/人 | 4.7,bluefrog蓝蛙 | 蓝蛙 | blue frog | 1F | 🌟🌟🌟🎉🌟 | 西餐￥120/人 | 4.7 | bar&grill | 点评榜单 | 中山公园/江苏路西餐回头客榜第4名 | 尽兴当下就在蓝蛙 | 咖啡好喝，是聚餐，发呆的好场所” | F | 广告 | ￥32 | 5.3折 | ￥16.8 | 惠 | 【特价】拿铁/气泡... | ￥100 | ￥959.5折 | 惠 | 【浪漫七夕】100元...,ocr/input_videos\上海__长宁来福士__20260825.mp4
OBS-000156,长宁来福士,谷牛和牛烤肉,谷牛和牛烤肉,日式烧烤/烤肉,4.7,132,5F,rated,True,,rated,parsed,rating_anchor,0.9839,0.998,50,1500,25.63,🌟🌟🌟🌟🌟 | 日式烧烤/烤肉￥132/人5F | 4.7,爱烤肉吃和 | 谷牛和牛烤肉 | 牛 | 🌟🌟🌟🌟🌟 | 日式烧烤/烤肉￥132/人5F | 4.7 | 点评榜单 | 中山公园/江苏路烤肉服务榜第1名,ocr/input_videos\上海__长宁来福士__20260825.mp4
OBS-000157,长宁来福士,bluefrog蓝蛙,bluefrog蓝蛙,西餐,4.7,120,1F,rated,True,,rated,parsed,rating_anchor,0.9706,0.9988,52,1584,27.065,🌟🌟🌟🌟🌟 | 1F | 西餐￥120/人 | 4.7,bluefrog蓝蛙 | 蓝蛙 | blue frog | 🌟🌟🌟🌟🌟 | 1F | 西餐￥120/人 | 4.7 | bar&grill | 点评榜单 | 中山公园/江苏路西餐回头客榜第4名 | 尽兴当下就在蓝蛙 | 咖啡好喝，是聚餐，发呆的好场所” | 厂告 | ￥16.85.3折 | ￥32 | 惠 | 【特价】拿铁/气泡.. | ￥959.5折 | ￥100 | 惠 | 【浪漫七夕】100元...,ocr/input_videos\上海__长宁来福士__20260825.mp4
OBS-000158,长宁来福士,谷牛和牛烤肉,谷牛和牛烤肉,日式烧烤/烤肉,4.7,,5F,rated,True,,rated,parsed,rating_anchor,0.9717,0.9977,55,1584,27.065,⭐🌟⭐⭐🌟 | 4.7 | 日式烧烤/烤肉￥132/5F,谷牛和牛烤肉 | 牛 | ⭐🌟⭐⭐🌟 | 4.7 | 日式烧烤/烤肉￥132/5F | 点评榜单 | 中山公园/江苏路烤肉服务榜第1名 | 和牛陶心肉 | ￥408招牌安格斯2-3... | ￥237.965.9折 | 惠 | ￥469.2折 | 惠 | ￥5050元代金券,ocr/input_videos\上海__长宁来福士__20260825.mp4
OBS-000159,长宁来福士,单农,单农,服装,4.4,,2F,rated,True,,rated,parsed,rating_anchor,0.9924,0.9993,65,1584,27.065,4.4服装 | 2F,单农 | 4.4服装 | 2F | 有调性有质感，风格独特,ocr/input_videos\上海__长宁来福士__20260825.mp4
OBS-000160,长宁来福士,老墙根涮肉·铜锅·烧烤,老墙根涮肉·铜锅·烧烤,老北京火锅,4.7,118,4F,rated,True,,rated,parsed,rating_anchor,0.973,0.9761,48,1584,27.065,🌟🌟🌟🌟🌟 | 4F | 老北京火锅￥118/人 | 4.7,老墙根涮肉·铜锅·烧烤 | 🌟🌟🌟🌟🌟 | 4F | 老北京火锅￥118/人 | 4.7 | 点评榜单 | 中山公园/江苏路火锅好评榜第4名 | 菜品新鲜，特色烧饼回味无穷 | ￥0.11折 | 惠 | 【场地预约】团建|聚餐... | ￥1 | ￥959.5折 | 惠 | ￥100100元代金券,ocr/input_videos\上海__长宁来福士__20260825.mp4
OBS-000161,长宁来福士,耶里夏丽·新疆菜,耶里夏丽·新疆菜,新疆菜,4.4,81,6F,rated,True,,rated,parsed,rating_anchor,0.9622,0.9649,50,1584,27.065,6F | 🌟🌟🌟⭐ | 新疆菜￥81/人 | 4.4 | ★,耶里夏丽·新疆菜 | 6F | 🌟🌟🌟⭐ | 新疆菜￥81/人 | 4.4 | ★ | 点评榜单 | 长宁区新疆菜好评榜第1名,ocr/input_videos\上海__长宁来福士__20260825.mp4
OBS-000162,长宁来福士,谷牛和牛烤肉,谷牛和牛烤肉,式烧烤/烤肉,4.7,,5F,rated,True,,rated,parsed,rating_anchor,0.9867,0.9981,52,1620,27.681,🌟🌟⭐🌟🌟 | 式烧烤/烤肉￥132/5F | 4.7,谷牛和牛烤肉 | 牛 | 🌟🌟⭐🌟🌟 | 式烧烤/烤肉￥132/5F | 4.7 | 点评榜单 | 中山公园/江苏路烤肉服务榜第1名 | 和牛陶心肉 | ￥237.965.9折 | ￥408招牌安格斯2-3... | 惠 | ￥469.2折 | 惠 | ￥5050元代金券,ocr/input_videos\上海__长宁来福士__20260825.mp4
OBS-000163,长宁来福士,单农,单农,服装,4.4,,2F,rated,True,,rated,parsed,rating_anchor,0.9962,0.9986,61,1620,27.681,🌟🌟🌟⭐ | 4.4服装 | 2F,单农 | 🌟🌟🌟⭐ | 4.4服装 | 2F | 有调性有质感，风格独特 | K,ocr/input_videos\上海__长宁来福士__20260825.mp4
OBS-000164,长宁来福士,老墙根涮肉·铜锅·烧烤,老墙根涮肉·铜锅·烧烤,老北京火锅,4.7,118,4F,rated,True,,rated,parsed,rating_anchor,0.9726,0.9752,48,1620,27.681,🌟🌟🌟🌟🌟 | 4F | 老北京火锅￥118/人 | 4.7,老墙根涮肉·铜锅·烧烤 | 老墙想涮肉 | 秋天的第一餐 | 🌟🌟🌟🌟🌟 | 4F | 老北京火锅￥118/人 | 4.7 | 涮肉 | 2F8N | 点评榜单 | 中山公园/江苏路火锅好评榜第4名 | 菜品新鲜，特色烧饼回味无穷 | （ | ￥0.11折 | 惠 | 【场地预约】团建|聚餐.. | ￥1 | ￥959.5折 | 惠 | ￥100100元代金券,ocr/input_videos\上海__长宁来福士__20260825.mp4
OBS-000165,长宁来福士,耶里夏丽·新疆菜,耶里夏丽·新疆菜,新疆菜,4.4,81,6F,rated,True,,rated,parsed,rating_anchor,0.9582,0.9691,51,1620,27.681,6F | ⭐🌟🌟🌟 | 新疆菜￥81/人 | 4.4,耶里夏丽·新疆菜 | ROM | 6F | ⭐🌟🌟🌟 | 新疆菜￥81/人 | 4.4 | 点评镑单 | 长宁区新疆菜好评榜第1名 | yer-shari | 耶里夏丽 | 新疆美食，地道正宗，热情服务 | 5 | ￥265.7折 | ￥46 | 【超大鸡腿】 | 工作日单... | 惠 | ￥100 | ￥98 | 惠 | 9.8折 | 【结账必用】100元..,ocr/input_videos\上海__长宁来福士__20260825.mp4
OBS-000166,长宁来福士,谷牛和牛烤肉,谷牛和牛烤肉,日式烧烤/烤肉,4.7,,5F,rated,True,,rated,parsed,rating_anchor,0.9798,0.9987,51,1632,27.886,🌟🌟🌟⭐🌟 | 日式烧烤/烤肉￥132/5F | 4.7,谷牛和牛烤肉 | 牛 | 🌟🌟🌟⭐🌟 | 日式烧烤/烤肉￥132/5F | 4.7 | 点评榜单 | 中山公园/江苏路烤肉服务榜第1名 | 和牛面心肉 | 惠 | ￥408招牌安格斯2-3... | 5.9折 | ￥237.96 | ￥469.2折 | 惠 | ￥5050元代金券,ocr/input_videos\上海__长宁来福士__20260825.mp4
OBS-000167,长宁来福士,单农,单农,服装,4.4,,2F,rated,True,,rated,parsed,rating_anchor,0.9954,0.9985,61,1632,27.886,⭐🌟⭐⭐ | 4.4服装 | 2F | ★,单农 | ⭐🌟⭐⭐ | 4.4服装 | 2F | ★ | 有调性有质感，风格独特 | （,ocr/input_videos\上海__长宁来福士__20260825.mp4
OBS-000168,长宁来福士,老墙根涮肉·铜锅·烧烤,老墙根涮肉·铜锅·烧烤,老北京火锅,4.7,118,4F,rated,True,,rated,parsed,rating_anchor,0.9726,0.9771,47,1632,27.886,🌟4.7 | 4F | 老北京火锅￥118/人,老墙根涮肉·铜锅·烧烤 | 老墙想涮肉 | 秋天的第一餐 | 🌟4.7 | 4F | 老北京火锅￥118/人 | 涮肉 | 点评榜单 | 中山公园/江苏路火锅好评榜第4名 | 菜品新鲜，特色烧饼回味无穷 | 3 | ￥0.1 | 1折 | 惠 | 【场地预约】团建|聚餐.. | ￥1 | ￥95 | 9.5折 | 惠 | ￥100100元代金券,ocr/input_videos\上海__长宁来福士__20260825.mp4
OBS-000169,长宁来福士,耶里夏丽·新疆菜,耶里夏丽·新疆菜,新疆菜,4.4,81,6F,rated,True,,rated,parsed,rating_anchor,0.9739,0.9752,54,1632,27.886,⭐🌟⭐⭐ | 6F | 4.4新疆菜￥81/人,耶里夏丽·新疆菜 | ROM | LLAR | ⭐🌟⭐⭐ | 6F | 4.4新疆菜￥81/人 | 点评榜单 | 长宁区新疆菜好评榜第1名 | yer·shari | 耶里要丽 | 新疆美食，地道正宗，热情服务 | 3 | ￥265.7折 | ￥46 | 工作日单.. | 惠 | 【超大鸡腿】 | ￥989.8折 | ￥100 | 【结账必用】100元... | 惠,ocr/input_videos\上海__长宁来福士__20260825.mp4
OBS-000170,长宁来福士,谷牛和牛烤肉,谷牛和牛烤肉,日式烧烤/烤肉,4.7,132,5F,rated,True,,rated,parsed,rating_anchor,0.9854,0.9981,54,1656,28.296,🌟🌟🌈🌟4.7 | 日式烧烤/烤肉￥132/人5F,爱烤肉吃和 | 谷牛和牛烤肉 | 牛 | 🌟🌟🌈🌟4.7 | 日式烧烤/烤肉￥132/人5F | 点评榜单 | 中山公园/江苏路烤肉服务榜第1名 | 和牛院心肉 | ￥237.965.9折 | ￥408招牌安格斯2-3... | 惠 | ￥469.2折 | 惠 | ￥5050元代金券,ocr/input_videos\上海__长宁来福士__20260825.mp4
OBS-000171,长宁来福士,单农,单农,服装,4.4,,2F,rated,True,,rated,parsed,rating_anchor,0.9698,0.999,63,1656,28.296,⭐4.4服装 | 2F,单农 | ⭐4.4服装 | 2F | 有调性有质感，风格独特,ocr/input_videos\上海__长宁来福士__20260825.mp4
OBS-000172,长宁来福士,老墙根涮肉·铜锅·烧烤,老墙根涮肉·铜锅·烧烤,老北京火锅,4.7,118,4F,rated,True,,rated,parsed,rating_anchor,0.9665,0.9677,51,1656,28.296,4.7老北京火锅￥118/人 | 4F,老墙根涮肉·铜锅·烧烤 | 老墙根涮肉 | 秋天的第一竖 | 4.7老北京火锅￥118/人 | 4F | 涮肉 | 公8 | 点评榜单 | 中山公园/江苏路火锅好评榜第4名 | 菜品新鲜，特色烧饼回味无穷 | 打 | ￥0.1 | 1折 | 惠 | ￥1 | 【场地预约】团建|聚餐... | ￥959.5折 | 惠 | ￥100100元代金券,ocr/input_videos\上海__长宁来福士__20260825.mp4
OBS-000173,长宁来福士,耶里夏丽·新疆菜,耶里夏丽·新疆菜,新疆菜,4.4,81,6F,rated,True,,rated,parsed,rating_anchor,0.9621,0.9712,54,1656,28.296,🌟🌟🎉🎉 | 6F | 新疆菜￥81/人 | 4.4,耶里夏丽·新疆菜 | ROM | AR | 🌟🌟🎉🎉 | 6F | 新疆菜￥81/人 | 4.4 | 点评榜单 | 长宁区新疆菜好评榜第1名 | yer-shari | 耶里夏丽 | ? | 新疆美食，地道正宗，热情服务 | ￥265.7折 | ￥46 | 工作日单... | 惠 | 【超大鸡腿】 | ￥989.8折 | ￥100 | 惠 | 【结账必用】100元...,ocr/input_videos\上海__长宁来福士__20260825.mp4
OBS-000174,长宁来福士,竹若金枪鱼,竹若金枪鱼,4日式自助,,219,,unknown,True,,ocr_missing,parsed,metadata_anchor,0.9183,0.9871,52,1656,28.296,4日式自助￥219/人 | F田E | 6E,竹若金枪鱼 | 4日式自助￥219/人 | F田E | 6E,ocr/input_videos\上海__长宁来福士__20260825.mp4
OBS-000175,长宁来福士,单农,单农,服装,4.4,,2F,rated,True,,rated,parsed,rating_anchor,0.9385,0.999,63,1716,29.321,⭐⭐⭐4.4服装 | 2F,单农 | ⭐⭐⭐4.4服装 | 2F | 有调性有质感，风格独特,ocr/input_videos\上海__长宁来福士__20260825.mp4
OBS-000176,长宁来福士,老墙根涮肉·铜锅·烧烤,老墙根涮肉·铜锅·烧烤,老北京火锅,4.7,118,4F,rated,True,,rated,parsed,rating_anchor,0.9768,0.9802,51,1716,29.321,🌟🌟🌈⭐🌟4.7 | 4F | 老北京火锅￥118/人,老墙根涮肉·铜锅·烧烤 | 老墙根涮肉 | 秋天的第一餐 | 🌟🌟🌈⭐🌟4.7 | 4F | 老北京火锅￥118/人 | 涮肉 | 2F88 | 点评榜单 | 中山公园/江苏路火锅好评榜第4名 | 菜品新鲜，特色烧饼回味无穷 | 小 | ￥0.11折 | 惠 | ￥1 | 【场地预约】团建|聚餐.. | ￥959.5折 | ￥100100元代金券 | 惠,ocr/input_videos\上海__长宁来福士__20260825.mp4
OBS-000177,长宁来福士,耶里夏丽·新疆菜,耶里夏丽·新疆菜,新疆菜,4.4,81,6F,rated,True,,rated,parsed,rating_anchor,0.9707,0.9771,50,1716,29.321,6F | ⭐🌟⭐⭐ | 4.4新疆菜￥81/人,耶里夏丽·新疆菜 | ROM | HLAR | 6F | ⭐🌟⭐⭐ | 4.4新疆菜￥81/人 | 点评榜单 | 长宁区新疆菜好评榜第1名 | yer-shari | 耶里夏丽 | 新疆美食，地道正宗，热情服务 | ≤ | ￥265.7折 | 惠 | ￥46 | 【超大鸡腿】 | 】工作日单... | ￥989.8折 | ￥100 | 惠 | 【结账必用】100元.,ocr/input_videos\上海__长宁来福士__20260825.mp4
OBS-000178,长宁来福士,竹若金枪鱼,竹若金枪鱼,日式自助,4.4,219,6F,rated,True,,rated,parsed,rating_anchor,0.9777,0.9924,55,1716,29.321,6F | 🌟🌟🌟 | 4.4 | 日式自助￥219/人,竹若金枪鱼 | 6F | 🌟🌟🌟 | 4.4 | 日式自助￥219/人 | 点评榜单 | 中山公园/江苏路自助餐环境榜第3名 | 独立包间 | 休息中 | 适合海鲜爱好者和不吃海鲜的朋友 | 3 | 3 | ￥328 | 惠 | 5.6折 | ￥588 | 【门店销冠】品质...,ocr/input_videos\上海__长宁来福士__20260825.mp4
OBS-000179,长宁来福士,耶里夏丽·新疆菜,耶里夏丽·新疆菜,新疆菜,4.4,81,6F,rated,True,,rated,parsed,rating_anchor,0.9499,0.9521,51,1764,30.141,6F | 🌟🌟⭐ | 新疆菜￥81/人 | 4.4,耶里夏丽·新疆菜 | ROM | 6F | 🌟🌟⭐ | 新疆菜￥81/人 | 4.4 | 点评榜单 | 长宁区新疆菜好评榜第1名 | yer-shori | 耶里夏丽 | 新疆美食，地道正宗，热情服务 | J | ￥265.7折 | ￥46 | 惠 | 【超大鸡腿】 | 工作日单... | ￥989.8折 | ￥100 | 【结账必用】100元... | 惠,ocr/input_videos\上海__长宁来福士__20260825.mp4
OBS-000180,长宁来福士,竹若金枪鱼,竹若金枪鱼,日式自助,4.4,219,6F,rated,True,,rated,parsed,rating_anchor,0.9707,0.993,55,1764,30.141,6F | ⭐🌟⭐⭐ | 日式自助￥219/人 | 4.4 | ★,竹若金枪鱼 | 6F | ⭐🌟⭐⭐ | 日式自助￥219/人 | 4.4 | ★ | 点评榜单 | 中山公园/江苏路自助餐环境榜第3名 | 独立包间 | 休息中 | 适合海鲜爱好者和不吃海鲜的朋友 | ￥3285.6折 | ￥588 | 惠 | 【门店销冠】品质..,ocr/input_videos\上海__长宁来福士__20260825.mp4
OBS-000181,长宁来福士,HUAWEI,HUAWEI,数码....,3.5,3156,商场内,rated,True,,rated,parsed,rating_anchor,0.8681,0.9986,45,1764,30.141,🌟🌟🌟🌟🌟 | 3.5 | 数码.... | ￥3156/人商场内,Panasonic | HUAWEI | 🌟🌟🌟🌟🌟 | 3.5 | 数码.... | ￥3156/人商场内 | 重装旗舰店，开业优惠多,ocr/input_videos\上海__长宁来福士__20260825.mp4
OBS-000182,长宁来福士,大宝口福·小金哥大排档·老江浙,大宝口福·小金哥大排档·老江浙,家常菜,4.7,88,4F,rated,True,,rated,parsed,rating_anchor,0.9659,0.9718,51,1764,30.141,家常菜￥88/人 | 4F | ★🌟🌟⭐🌟 | 4.7,工作日午市 | 大宝口福·小金哥大排档·老江浙 | 套餐286元 | 家常菜￥88/人 | 4F | ★🌟🌟⭐🌟 | 4.7 | 168元 | 点评榜单 | 上海家常菜回头客榜第1名 | 椒盐排条咸香可口 | 3 | 惠 | ￥8.9 | 4.1折 | ￥22招牌水果茶 | ￥49 | 9.8折 | 惠 | ￥5050元代金券,ocr/input_videos\上海__长宁来福士__20260825.mp4
OBS-000183,长宁来福士,La Blanche Garden留白,LaBlancheGarden留白,西餐,4.0,130,1F,rated,True,,rated,parsed,rating_anchor,0.9649,0.9818,53,1764,30.141,1F | 🌟🌟🎉🎉 | 西餐￥130/人 | 4.0 | ★,La Blanche Garden留白 | 1F | 🌟🌟🎉🎉 | 西餐￥130/人 | 4.0 | ★ | 晚上还有仪式感的留白时间,ocr/input_videos\上海__长宁来福士__20260825.mp4
OBS-000184,长宁来福士,竹若金枪鱼,竹若金枪鱼,日式自助,4.4,219,6F,rated,True,,rated,parsed,rating_anchor,0.9769,0.9925,62,1836,31.371,🌟🌟🌟⭐ | 6F | 日式自助￥219/人 | 4.4,竹若金枪鱼 | 🌟🌟🌟⭐ | 6F | 日式自助￥219/人 | 4.4 | 点评榜单 | 中山公园/江苏路自助餐环境榜第3名 | 独立包间 | 休息中 | 适合海鲜爱好者和不吃海鲜的朋友 | 分 | “ | ￥3285.6折 | ￥588 | 【门店销冠】品质... | 惠,ocr/input_videos\上海__长宁来福士__20260825.mp4
OBS-000185,长宁来福士,HUAWEI,HUAWEI,数码.,3.5,3156,商场内,rated,True,,rated,parsed,rating_anchor,0.9741,0.9984,49,1836,31.371,3.5数码. | 🌟🌟🌟🌟⭐ | ￥3156/人商场内,Panasonic | HUAWEI | 3.5数码. | 🌟🌟🌟🌟⭐ | ￥3156/人商场内 | “重装旗舰店，开业优惠多”,ocr/input_videos\上海__长宁来福士__20260825.mp4
OBS-000186,长宁来福士,大宝口福·小金哥大排档·老江浙,大宝口福·小金哥大排档·老江浙,家常菜,4.7,88,4F,rated,True,,rated,parsed,rating_anchor,0.9561,0.9841,57,1836,31.371,⭐4.7家常菜￥88/人 | 4F,大宝口福·小金哥大排档·老江浙 | 工作日午市 | 套餐286元 | ⭐4.7家常菜￥88/人 | 4F | 168元 | 点评榜单 | 上海家常菜回头客榜第1名 | 椒盐排条咸香可口 | 加 | ￥8.9 | 4.1折 | ￥22招牌水果茶 | 惠 | ￥499.8折 | 惠 | ￥5050元代金券,ocr/input_videos\上海__长宁来福士__20260825.mp4
OBS-000187,长宁来福士,La Blanche Garden留白,LaBlancheGarden留白,西餐,4.0,130,1F,rated,True,,rated,parsed,rating_anchor,0.9611,0.9687,55,1836,31.371,1F | 🌟🌟🎉🎉 | 西餐￥130/人 | 4.0 | ★,La Blanche Garden留白 | u8u | 1F | 🌟🌟🎉🎉 | 西餐￥130/人 | 4.0 | ★ | 晚上还有仪式感的留白时间” | S | ￥0.9 | 4.8折 | ￥1.9生日/求婚/宝宝宴/聚.. | 惠 | ￥84 | 8.4折 | ￥100100元代金券 | 惠,ocr/input_videos\上海__长宁来福士__20260825.mp4
OBS-000188,长宁来福士,竹若金枪鱼,竹若金枪鱼,日式自助,4.4,219,6F,rated,True,,rated,parsed,rating_anchor,0.9783,0.9907,55,1896,32.397,6F | 🌟🌟🌟⭐ | 4.4日式自助￥219/人 | ★,竹若金枪鱼 | 6F | 🌟🌟🌟⭐ | 4.4日式自助￥219/人 | ★ | 点评榜单 | 中山公园/江苏路自助餐环境榜第3名 | 独立包间 | 休息中 | 适合海鲜爱好者和不吃海鲜的朋友 | 力 | ￥3285.6折 | 惠 | ￥588 | 【门店销冠】品质...,ocr/input_videos\上海__长宁来福士__20260825.mp4
OBS-000189,长宁来福士,HUAWEI,HUAWEI,数码,3.5,3156,商场内,rated,True,,rated,parsed,rating_anchor,0.9184,0.9991,46,1896,32.397,⭐⭐⭐3.5数码 | ￥3156/人商场内,Panasonic | HUAWEI | ⭐⭐⭐3.5数码 | ￥3156/人商场内 | 重装旗舰店，开业优惠多”,ocr/input_videos\上海__长宁来福士__20260825.mp4
OBS-000190,长宁来福士,大宝口福·小金哥大排档·老江浙,大宝口福·小金哥大排档·老江浙,家常菜,4.7,88,4F,rated,True,,rated,parsed,rating_anchor,0.9509,0.9545,54,1896,32.397,4.7家常菜￥88/人 | 4F,工作日午市 | 大宝口福·小金哥大排档·老江浙 | 套餐286元 | 4.7家常菜￥88/人 | 4F | 168元 | 点评榜单 | 上海家常菜回头客榜第1名 | 椒盐排条咸香可口 | 3 | ￥8.9 | 4.1折 | 惠 | ￥22招牌水果茶 | 9.8折 | 惠 | ￥49 | ￥5050元代金券,ocr/input_videos\上海__长宁来福士__20260825.mp4
OBS-000191,长宁来福士,La Blanche Garden留白,LaBlancheGarden留白,西餐,4.0,130,1F,rated,True,,rated,parsed,rating_anchor,0.9739,0.983,54,1896,32.397,1F | 🌟🌟🌟🌟 | 西餐￥130/人 | 4.0 | ★,La Blanche Garden留白 | 1F | 🌟🌟🌟🌟 | 西餐￥130/人 | 4.0 | ★ | 晚上还有仪式感的留白时间” | 惠 | ￥0.9 | 4.8折 | ￥1.9 | 生日/求婚/宝宝宴/聚... | 惠 | ￥84 | 8.4折 | ￥100100元代金券,ocr/input_videos\上海__长宁来福士__20260825.mp4
OBS-000192,长宁来福士,一围小火锅,一围小火锅,小火锅,3.9,45,B1,rated,True,,rated,parsed,rating_anchor,0.9734,0.9989,55,1896,32.397,3.9小火锅￥45/人 | B1,一围小火锅 | 3.9小火锅￥45/人 | B1,ocr/input_videos\上海__长宁来福士__20260825.mp4
OBS-000193,长宁来福士,La Blanche Garden留白,LaBlancheGarden留白,西餐,4.0,,1F,rated,True,,rated,parsed,rating_anchor,0.9696,0.9602,60,1932,33.012,1F | 4.0西餐130/人,La Blanche Garden留白 | uaut | 1F | 4.0西餐130/人 | 晚上还有仪式感的留白时间 | “ | ￥0.9 | 4.8折 | ￥1.9生日/求婚/宝宝宴/聚.. | 惠 | ￥84 | 8.4折 | ￥100100元代金券 | 惠,ocr/input_videos\上海__长宁来福士__20260825.mp4
OBS-000194,长宁来福士,一围小火锅,一围小火锅,小火锅,3.9,,B1,rated,True,,rated,parsed,rating_anchor,0.9488,0.998,56,1932,33.012,3.9小火锅45/人 | B1,一围小火锅 | () | 不得了久丫 | 7 | 3.9小火锅45/人 | B1 | 溺会 | 正宗口味，整洁环境，到位服务 | “ | 5 | ￥7.96.7折 | ￥11.9 | 【新会员专享】招牌.. | 惠,ocr/input_videos\上海__长宁来福士__20260825.mp4
OBS-000195,长宁来福士,AIGLE,AIGLE,运动户外,4.2,,商场内,rated,True,,rated,parsed,rating_anchor,0.9952,0.9947,51,1932,33.012,🌟🌟⭐⭐ | 商场内 | 4.2运动户外,AIGLE | 🌟🌟⭐⭐ | 商场内 | 4.2运动户外 | “户外拉满，艺和品质流”,ocr/input_videos\上海__长宁来福士__20260825.mp4
OBS-000196,长宁来福士,Ramen满吉·豚拉·烧鸟,Ramen满吉·豚拉·烧鸟,日式料理,3.9,,B1,rated,True,,rated,parsed,rating_anchor,0.9654,0.9523,61,1932,33.012,3.9日式料理66/人 | B1,Ramen满吉·豚拉·烧鸟 | R AM EN | 3.9日式料理66/人 | B1 | 滿 | 吉 | らあめんみつよし | 17:00营业 | ￥67 | 8折 | ￥84满吉烧鸟晚市套餐 | 惠,ocr/input_videos\上海__长宁来福士__20260825.mp4
OBS-000197,长宁来福士,La Blanche Garden留白,LaBlancheGarden留白,西餐,4.0,130,1F,rated,True,,rated,parsed,rating_anchor,0.9744,0.9776,53,1956,33.422,1F | 4.0西餐￥130/人 | 🌟🌟🌟🎉 | ★,La Blanche Garden留白 | uouteta | 1F | 4.0西餐￥130/人 | 🌟🌟🌟🎉 | ★ | 晚上还有仪式感的留白时间” | （ | ￥0.9 | 4.8折 | ￥1.9生日/求婚/宝宝宴/聚... | 惠 | ￥848.4折 | 惠 | ￥100100元代金券,ocr/input_videos\上海__长宁来福士__20260825.mp4
OBS-000198,长宁来福士,一围小火锅,一围小火锅,小火锅,3.9,45,B1,rated,True,,rated,parsed,rating_anchor,0.9024,0.8705,56,1956,33.422,B1 | 3.9小火锅￥45/人,一围小火锅 | 有 | 鲜 | 不得了 | B1 | 3.9小火锅￥45/人 | 商 | 正宗口味，整洁环境，到位服务 | “ | ￥11.9 | ￥7.9 | 【新会员专享】招牌.. | 6.7折 | 惠,ocr/input_videos\上海__长宁来福士__20260825.mp4
OBS-000199,长宁来福士,AIGLE,AIGLE,运动户外,4.2,,商场内,rated,True,,rated,parsed,rating_anchor,0.9842,0.9954,51,1956,33.422,商场内 | ⭐4.2运动户外,AIGLE | 商场内 | ⭐4.2运动户外 | “户外拉满，艺和品质流”,ocr/input_videos\上海__长宁来福士__20260825.mp4
OBS-000200,长宁来福士,Ramen满吉·豚骨拉面·烧鸟,Ramen满吉·豚骨拉面·烧鸟,日式料理,3.9,,B1,rated,True,,rated,parsed,rating_anchor,0.95,0.9367,51,1956,33.422,3.9日式料理66/人 | B1,Ramen满吉·豚骨拉面·烧鸟 | R A M EN | 3.9日式料理66/人 | B1 | 滿 | 吉 | eesv | らあめんみつよし | 17:00营业 | ￥678折 | ￥84满吉烧鸟晚市套餐 | 惠,ocr/input_videos\上海__长宁来福士__20260825.mp4
OBS-000201,长宁来福士,知音琴行雅马哈·珠江·圣卡罗·罗..,知音琴行雅马哈·珠江·圣卡罗·罗,音乐,4.6,3300,2F,rated,True,,rated,parsed,rating_anchor,0.9298,0.9452,59,1956,33.422,2F | 4.6音乐￥3300/人,知音琴行雅马哈·珠江·圣卡罗·罗.. | 成立28周年庆 | 扣整性 | 2F | 4.6音乐￥3300/人 | YAMAHA | 严EALN | FMND | 国T | 点评榜单 | 中山公园/江苏路音乐热门榜第3名 | ManMiwe | 锁琴-电钢琴-管乐-吉他 | 电钢琴展示多，服务员讲解中肯 | “ | 5,ocr/input_videos\上海__长宁来福士__20260825.mp4
OBS-000202,长宁来福士,La Blanche Garden留白,LaBlancheGarden留白,西餐,4.0,130,1F,rated,True,,rated,parsed,rating_anchor,0.9693,0.9847,51,1980,33.832,1F | ⭐🌟🌟⭐⭐ | 西餐￥130/人 | 4.0,La Blanche Garden留白 | 动 | F | 1F | ⭐🌟🌟⭐⭐ | 西餐￥130/人 | 4.0 | 晚上还有仪式感的留白时间 | ￥0.9 | ￥1.9生日/求婚/宝宝宴/聚.. | 4.8折 | 惠 | ￥84 | 8.4折 | ￥100100元代金券 | 惠,ocr/input_videos\上海__长宁来福士__20260825.mp4
OBS-000203,长宁来福士,一围小火锅,一围小火锅,小火锅,3.9,45,B1,rated,True,,rated,parsed,rating_anchor,0.9726,0.9984,52,1980,33.832,🌟🌟🌟🌟⭐ | B1 | 3.9小火锅￥45/人,一围小火锅 | 0一8中大场 | 不得了么！ | 🌟🌟🌟🌟⭐ | B1 | 3.9小火锅￥45/人 | 溺身 | 正宗口味，整洁环境，到位服务 | ￥7.96.7折 | ￥11.9 | 【新会员专享】招牌... | 惠,ocr/input_videos\上海__长宁来福士__20260825.mp4
OBS-000204,长宁来福士,AIGLE,AIGLE,运动户外,4.2,,商场内,rated,True,,rated,parsed,rating_anchor,0.9974,0.9966,47,1980,33.832,商场内 | ⭐🌟⭐⭐ | 4.2运动户外 | ★,AIGLE | 商场内 | ⭐🌟⭐⭐ | 4.2运动户外 | ★ | 户外风拉满，工艺和品质一流” | C,ocr/input_videos\上海__长宁来福士__20260825.mp4
OBS-000205,长宁来福士,Ramen满吉·豚骨拉面·烧鸟,Ramen满吉·豚骨拉面·烧鸟,日式料理,3.9,,B1,rated,True,,rated,parsed,rating_anchor,0.9804,0.9783,51,1980,33.832,3.9日式料理66/人 | B1,Ramen满吉·豚骨拉面·烧鸟 | R A | E | N | M | 3.9日式料理66/人 | B1 | 滿 | 吉 | らあめんみつよし | 17:00营业 | ￥678折 | 惠 | ￥84满吉烧鸟晚市套餐,ocr/input_videos\上海__长宁来福士__20260825.mp4
OBS-000206,长宁来福士,知音琴行雅马哈·珠江·圣卡罗·罗.,知音琴行雅马哈·珠江·圣卡罗·罗.,音乐,4.6,3300,2F,rated,True,,rated,parsed,rating_anchor,0.965,0.9722,54,1980,33.832,2F | 音乐￥3300/人 | 🌟🌟🌟🌟🌟 | 4.6,知音琴行雅马哈·珠江·圣卡罗·罗. | 成立28周年庆 | 2F | 音乐￥3300/人 | 🌟🌟🌟🌟🌟 | 4.6 | YAMAHA | PEAAIMR | PA6 | 点评榜单 | 临 | 中山公园/江苏路音乐热门榜第3名 | MakeMves | 钢琴-电钢琴-管乐-吉他 | 电钢琴展示多，服务员讲解中肯 | 9 | ≤,ocr/input_videos\上海__长宁来福士__20260825.mp4
OBS-000207,长宁来福士,一围小火锅,一围小火锅,小火锅,3.9,45,B1,rated,True,,rated,parsed,rating_anchor,0.966,0.9938,55,2016,34.447,3.9小火锅￥45/人 | B1,一围小火锅 | 不得了 | 3.9小火锅￥45/人 | B1 | 正宗口味，整洁环境，到位服务 | 93 | S | ￥7.96.7折 | ￥11.9 | 惠 | 【新会员专享】招牌...,ocr/input_videos\上海__长宁来福士__20260825.mp4
OBS-000208,长宁来福士,AIGLE,AIGLE,运动户外,4.2,,商场内,rated,True,,rated,parsed,rating_anchor,0.997,0.9953,50,2016,34.447,商场内 | ★★★★★ | 4.2运动户外,AIGLE | 商场内 | ★★★★★ | 4.2运动户外 | “户外拉满，工艺和品质一流”,ocr/input_videos\上海__长宁来福士__20260825.mp4
OBS-000209,长宁来福士,Ramen满吉·豚骨拉面·烧鸟,Ramen满吉·豚骨拉面·烧鸟,日式料理,3.9,,B1,rated,True,,rated,parsed,rating_anchor,0.9779,0.9714,51,2016,34.447,B1 | 3.9日式料理66/人,Ramen满吉·豚骨拉面·烧鸟 | R A M EN | B1 | 3.9日式料理66/人 | 滿 | 吉 | らあめんみつよし | 17:00营业 | ￥678折 | 惠 | ￥84满吉烧鸟晚市套餐,ocr/input_videos\上海__长宁来福士__20260825.mp4
OBS-000210,长宁来福士,知音琴行雅马哈·珠江·圣卡罗·罗...,知音琴行雅马哈·珠江·圣卡罗·罗,音乐,4.6,3300,2F,rated,True,,rated,parsed,rating_anchor,0.9276,0.9426,53,2016,34.447,4.6音乐￥3300/人 | 2F,知音琴行雅马哈·珠江·圣卡罗·罗... | 成立28周年庆 | 行 | 4.6音乐￥3300/人 | 2F | YAMAHA | PEAALMD | PAD | 点评榜单 | 中山公园/江苏路音乐热门榜第3名 | Make Mves | 钢琴-电钢琴-管乐-吉他 | 电钢琴展示多，服务员讲解中肯 | ≤ | ￥10.9￥3001节试听1对1·青少钢琴|3... | 惠,ocr/input_videos\上海__长宁来福士__20260825.mp4
OBS-000211,长宁来福士,湊湊火锅·茶憩,凑凑火锅·茶憩,火锅,3.9,146,4F,rated,True,,rated,parsed,rating_anchor,0.9421,0.9246,51,2016,34.447,🌟🌟🌟🎉 | 4F | 3.9火锅￥146/人,湊湊火锅·茶憩 | 澳溪 | 午市轻享 | 🌟🌟🌟🎉 | 4F | 3.9火锅￥146/人 | 盛宴,ocr/input_videos\上海__长宁来福士__20260825.mp4
OBS-000212,长宁来福士,AIGLE,AIGLE,运动户外,4.2,,商场内,rated,True,,rated,parsed,rating_anchor,0.9964,0.9952,53,2052,35.062,商场内 | 🌟🌟⭐⭐ | 4.2运动户外 | ★,AIGLE | 商场内 | 🌟🌟⭐⭐ | 4.2运动户外 | ★ | 户外风拉满，工艺和品质一流”,ocr/input_videos\上海__长宁来福士__20260825.mp4
OBS-000213,长宁来福士,Ramen满吉·豚骨拉面·烧鸟,Ramen满吉·豚骨拉面·烧鸟,日式料理,3.9,,B1,rated,True,,rated,parsed,rating_anchor,0.9783,0.9734,54,2052,35.062,3.9日式料理66/人 | B1,Ramen满吉·豚骨拉面·烧鸟 | R A M E N | 3.9日式料理66/人 | B1 | 滿 | 吉 | らあめんみつよし | 17:00营业 | ￥678折 | 惠 | ￥84满吉烧鸟晚市套餐,ocr/input_videos\上海__长宁来福士__20260825.mp4
OBS-000214,长宁来福士,知音琴行雅马哈·珠江·圣卡罗·罗.,知音琴行雅马哈·珠江·圣卡罗·罗.,音乐,4.6,3300,2F,rated,True,,rated,parsed,rating_anchor,0.9711,0.9693,56,2052,35.062,2F | 🌟🌟🌟🌟🌟 | 4.6音乐￥3300/人,知音琴行雅马哈·珠江·圣卡罗·罗. | 成立28周年庆 | 扣住 | 2F | 🌟🌟🌟🌟🌟 | 4.6音乐￥3300/人 | PUANLNEE | YAMAHA | 点评榜单 | 1145 | 中山公园/江苏路音乐热门榜第3名 | Makeniwes | 钢琴-电钢琴-管乐-吉他 | “ | 电钢琴展示多，服务员讲解中肯 | 3 | ￥10.9￥3001节试听1对1·青少钢琴|3.. | 惠,ocr/input_videos\上海__长宁来福士__20260825.mp4
OBS-000215,长宁来福士,湊湊火锅·茶憩,凑凑火锅·茶憩,火锅,3.9,146,4F,rated,True,,rated,parsed,rating_anchor,0.9118,0.8806,52,2052,35.062,4F | 3.9火锅￥146/人,湊湊火锅·茶憩 | 渍 | 午市轻享 | 4F | 3.9火锅￥146/人 | 盛宴 | 风味独特，服务贴心，性价比超 | nce48 | ￥1509.5折 | ￥158 | 【全时段】158安格... | 惠,ocr/input_videos\上海__长宁来福士__20260825.mp4
OBS-000216,长宁来福士,SHBC射箭中心,SHBC射箭中心,射箭馆,4.4,41,商场内,rated,True,,rated,parsed,rating_anchor,0.9636,0.9981,54,2052,35.062,商场内 | ⭐🌟🌟⭐⭐ | 4.4射箭馆￥41/人,SHBC射箭中心 | 商场内 | ⭐🌟🌟⭐⭐ | 4.4射箭馆￥41/人 | 长宁区射箭馆销量榜第1名 | 工作人员服务态度好，射出好成绩 | ￥58.8￥70 | 惠 | 【单人】射箭A套餐（两组..,ocr/input_videos\上海__长宁来福士__20260825.mp4
OBS-000217,长宁来福士,AIGLE,AIGLE,运动户外,4.2,,商场内,rated,True,,rated,parsed,rating_anchor,0.9967,0.9963,50,2064,35.267,🌟🌟⭐⭐ | 商场内 | 4.2运动户外 | ★,AIGLE | 🌟🌟⭐⭐ | 商场内 | 4.2运动户外 | ★ | “户外风拉满，工艺和品质一流”,ocr/input_videos\上海__长宁来福士__20260825.mp4
OBS-000218,长宁来福士,Ramen满吉·豚骨拉面·烧鸟,Ramen满吉·豚骨拉面·烧鸟,日式料理,3.9,,B1,rated,True,,rated,parsed,rating_anchor,0.9663,0.9696,51,2064,35.267,3.9日式料理66/人 | B1,Ramen满吉·豚骨拉面·烧鸟 | R AM EN | 3.9日式料理66/人 | B1 | 滿 | 吉 | らあめんみつよし | 17:00营业 | ￥678折 | ￥84满吉烧鸟晚市套餐 | 惠,ocr/input_videos\上海__长宁来福士__20260825.mp4
OBS-000219,长宁来福士,知音琴行雅马哈·珠江·圣卡罗·罗.,知音琴行雅马哈·珠江·圣卡罗·罗.,音乐,4.6,3300,2F,rated,True,,rated,parsed,rating_anchor,0.9539,0.9575,53,2064,35.267,2F | 4.6音乐￥3300/人,知音琴行雅马哈·珠江·圣卡罗·罗. | 成立28周年庆 | 行 | 2F | 4.6音乐￥3300/人 | YAMAHA | 点评榜单 | 练江国春 | 中山公园/江苏路音乐热门榜第3名 | MakeMires | 钢琴·电钢琴·管乐-吉他 | 电钢琴展示多，服务员讲解中肯 | “ | ￥10.9￥3001节试听1对1·青少钢琴|3. | 惠,ocr/input_videos\上海__长宁来福士__20260825.mp4
OBS-000220,长宁来福士,凑湊火锅·茶憩,凑凑火锅·茶憩,火锅,3.9,146,4F,rated,True,,rated,parsed,rating_anchor,0.8993,0.8542,52,2064,35.267,3.9火锅￥146/人 | 4F,凑湊火锅·茶憩 | 溪溪 | 午市轻享 | 3.9火锅￥146/人 | 4F | 盛宴 | 风味独特，服务贴心，性价比超高 | Wnan48 | ￥1509.5折 | ￥158 | 【全时段】158安格.. | 惠,ocr/input_videos\上海__长宁来福士__20260825.mp4
OBS-000221,长宁来福士,SHBC射箭中心,SHBC射箭中心,射箭馆,4.4,41,商场内,rated,True,,rated,parsed,rating_anchor,0.9791,0.999,51,2064,35.267,商场内 | 🌟🌟⭐⭐ | 4.4射箭馆￥41/人 | ★,SHBC射箭中心 | 商场内 | 🌟🌟⭐⭐ | 4.4射箭馆￥41/人 | ★ | 长宁区射箭馆销量榜第1名 | 工作人员服务态度好，射出好成绩 | “ | 惠 | ￥58.8￥70 | 【单人】射箭A套餐（两组...,ocr/input_videos\上海__长宁来福士__20260825.mp4
OBS-000222,长宁来福士,Ramen满吉·豚骨拉·烧,Ramen满吉·豚骨拉·烧,式料理,3.9,,B1,rated,True,,rated,parsed,rating_anchor,0.9571,0.9665,51,2112,36.087,3.9式料理66/人 | B1,Ramen满吉·豚骨拉·烧 | R AMEN | 3.9式料理66/人 | B1 | 滿 | 吉 | らあめんみつよし | 17:00营业 | ￥678折 | 惠 | ￥84满吉烧鸟晚市套餐,ocr/input_videos\上海__长宁来福士__20260825.mp4
OBS-000223,长宁来福士,知音琴行雅马哈·珠江·圣卡罗·罗...,知音琴行雅马哈·珠江·圣卡罗·罗,音乐,4.6,,2F,rated,True,,rated,parsed,rating_anchor,0.9419,0.9403,54,2112,36.087,4.6音乐￥3300/ | 2F,知音琴行雅马哈·珠江·圣卡罗·罗... | 成立28周年庆 | 如行 | 4.6音乐￥3300/ | 2F | YAMAHA | 点评榜单 | 国江巷 | 中山公园/江苏路音乐热门榜第3名 | Makeves | 琴电钢琴管乐吉他 | 电钢琴展示多，服务员讲解中肯 | ￥10.9￥3001节试听1对1·青少钢琴|3.. | 惠,ocr/input_videos\上海__长宁来福士__20260825.mp4
OBS-000224,长宁来福士,湊湊火锅·茶憩,凑凑火锅·茶憩,火锅,3.9,146,4F,rated,True,,rated,parsed,rating_anchor,0.9112,0.8637,52,2112,36.087,🌟🌟🎉🌟🌟 | 4F | 3.9火锅￥146/人,湊湊火锅·茶憩 | 淡淡妈 | 午市轻享 | 🌟🌟🎉🌟🌟 | 4F | 3.9火锅￥146/人 | 盛宴 | anan48 | 风味独特，服务贴心，性价比超高 | ￥1509.5折 | ￥158 | 惠 | 【全时段】158安格..,ocr/input_videos\上海__长宁来福士__20260825.mp4
OBS-000225,长宁来福士,SHBC射箭中心,SHBC射箭中心,射箭馆,4.4,41,商场内,rated,True,,rated,parsed,rating_anchor,0.9713,0.9987,51,2112,36.087,4.4射箭馆￥41/人 | 商场内 | -,SHBC射箭中心 | 4.4射箭馆￥41/人 | 商场内 | - | 长宁区射箭馆销量榜第1名 | 工作人员服务态度好，射出好成绩 | 【单人】射箭A套餐（两组... | ￥58.8￥70 | 惠,ocr/input_videos\上海__长宁来福士__20260825.mp4
OBS-000226,长宁来福士,大寶口福·海鲜排档·平价海鲜,大宝口福·海鲜排档·平价海鲜,特色菜,4.8,128,4F,rated,True,,rated,parsed,rating_anchor,0.9589,0.965,50,2112,36.087,4F | 4.8特色菜￥128/人,大寶口福·海鲜排档·平价海鲜 | 上海旗舰店 | 抢鲜6.2折 | 4F | 4.8特色菜￥128/人 | 点评榜单 | 上海美食销量榜第1名,ocr/input_videos\上海__长宁来福士__20260825.mp4
OBS-000227,长宁来福士,湊凑火锅·茶憩,凑凑火锅·茶憩,火锅,3.9,146,4F,rated,True,,rated,parsed,rating_anchor,0.8896,0.8526,51,2136,36.497,3.9火锅￥146/人 | 4F,湊凑火锅·茶憩 | 午市轻享 | 3.9火锅￥146/人 | 4F | 盛宴 | 风味独特，服务贴心，性价比超 | na48 | ￥1509.5折 | ￥158 | 【全时段】158安格... | 惠,ocr/input_videos\上海__长宁来福士__20260825.mp4
OBS-000228,长宁来福士,SHBC射箭中心,SHBC射箭中心,射箭馆,4.4,41,商场内,rated,True,,rated,parsed,rating_anchor,0.9672,0.9973,48,2136,36.497,商场内 | ★🌟★🌟 | 射箭馆￥41/人 | 4.4,SHBC射箭中心 | 商场内 | ★🌟★🌟 | 射箭馆￥41/人 | 4.4 | 长宁区射箭馆销量榜第1名 | 工作人员服务态度好，射出好成绩” | 惠 | ￥58.8￥70 | 【单人】射箭A套餐（两组..,ocr/input_videos\上海__长宁来福士__20260825.mp4
OBS-000229,长宁来福士,大寶口福·海鲜排档·平价海鲜,大宝口福·海鲜排档·平价海鲜,特色菜,4.8,128,4F,rated,True,,rated,parsed,rating_anchor,0.9282,0.957,51,2136,36.497,4.8特色菜￥128/人 | 4F,大寶口福·海鲜排档·平价海鲜 | 上海旗舰店 | 抢鲜66.2折 | 4.8特色菜￥128/人 | 4F | 点评榜单 | 上海美食销量榜第1名 | 泗阳海鲜，咸菜地道，打包回家” | 要聚会，到大宝 | ￥8.9 | 4.1折 | ￥22招牌水果茶 | 惠 | ￥49 | 9.8折 | 惠 | ￥5050元代金券,ocr/input_videos\上海__长宁来福士__20260825.mp4
OBS-000230,长宁来福士,KOYO蛋白好漾医美,KOYO蛋白好漾医美,医学,4.7,,商场内,rated,True,,rated,parsed,rating_anchor,0.9251,0.9949,51,2136,36.497,⭐4.7 医学 | ￥4175/商场内,KOYO蛋白好漾医美 | 8 | ⭐4.7 医学 | ￥4175/商场内 | 美容Spa，养出光滑细腻好皮肤 | 心,ocr/input_videos\上海__长宁来福士__20260825.mp4
OBS-000231,长宁来福士,呆板日式料理,呆板日式料理,日本料理,4.7,130,5F,rated,True,,rated,parsed,rating_anchor,0.9704,0.9817,51,2136,36.497,🌟🌟🌟🌟🌟 | 5F | 日本料理￥130/人 | 4.7,呆板日式料理 | 🌟🌟🌟🌟🌟 | 5F | 日本料理￥130/人 | 4.7 | 点评镑单 | 长宁区本料理好评榜第1名,ocr/input_videos\上海__长宁来福士__20260825.mp4
OBS-000232,长宁来福士,湊湊火锅·茶憩,凑凑火锅·茶憩,火锅,3.9,146,4F,rated,True,,rated,parsed,rating_anchor,0.9627,0.9625,51,2172,37.113,4F | 3.9火锅￥146/人 | ★★★★★,湊湊火锅·茶憩 | 渍 | 午市轻享 | 4F | 3.9火锅￥146/人 | ★★★★★ | 盛宴 | 风味独特，服务贴心，性价比超高 | ￥1509.5折 | ￥158 | 【全时段】158安格... | 惠,ocr/input_videos\上海__长宁来福士__20260825.mp4
OBS-000233,长宁来福士,SHBC射箭中心,SHBC射箭中心,射箭馆,4.4,41,商场内,rated,True,,rated,parsed,rating_anchor,0.9713,0.9993,51,2172,37.113,🌟🌟🌟🌟 | 商场内 | 射箭馆￥41/人 | ★ | 4.4,SHBC射箭中心 | 🌟🌟🌟🌟 | 商场内 | 射箭馆￥41/人 | ★ | 4.4 | 长宁区射箭馆销量榜第1名 | 工作人员服务态度好，射出好成绩 | 【单人】射箭A套餐（两组.. | ￥58.8￥70 | 惠,ocr/input_videos\上海__长宁来福士__20260825.mp4
OBS-000234,长宁来福士,大寶口福·海鲜排档·平价海鲜,大宝口福·海鲜排档·平价海鲜,特色菜,4.8,128,4F,rated,True,,rated,parsed,rating_anchor,0.9435,0.9524,48,2172,37.113,4.8特色菜￥128/人 | 4F,大寶口福·海鲜排档·平价海鲜 | 上海旗舰店 | 抢鲜6.2折 | 4.8特色菜￥128/人 | 4F | 点评榜单 | 上海美食销量榜第1名 | 要聚会，到大宝 | 泗阳海鲜，咸菜地道，打包回家” | ￥8.9 | 4.1折 | 惠 | ￥22 | 招牌水果茶 | 惠 | ￥49 | 9.8折 | ￥5050元代金券,ocr/input_videos\上海__长宁来福士__20260825.mp4
OBS-000235,长宁来福士,KOYO蛋白好漾医美,KOYO蛋白好漾医美,医学,4.7,4175,商场内,rated,True,,rated,parsed,rating_anchor,0.8985,0.9974,53,2172,37.113,⭐🌟4.7 医学 | ￥4175/人商场内,KOYO蛋白好漾医美 | 8 | ⭐🌟4.7 医学 | ￥4175/人商场内 | 美容Spa，养出光滑细腻好皮肤 | ≤,ocr/input_videos\上海__长宁来福士__20260825.mp4
OBS-000236,长宁来福士,呆板日式料理,呆板日式料理,日本料理,4.7,130,5F,rated,True,,rated,parsed,rating_anchor,0.9595,0.9642,52,2172,37.113,🌟🌟🌟🌟🌟 | 5F | 4.7 | 日本料理￥130/人,呆板日式料理 | 🌟🌟🌟🌟🌟 | 5F | a | 4.7 | 日本料理￥130/人 | 点评榜单 | 长宁区日本料理好评榜第1名 | 17:00营业 | 精致的日式料理，缦鱼饭口感细腻,ocr/input_videos\上海__长宁来福士__20260825.mp4
OBS-000237,长宁来福士,SHBC射箭中心,SHBC射箭中心,射箭馆,4.4,41,商场内,rated,True,,rated,parsed,rating_anchor,0.9771,0.9969,52,2208,37.728,商场内 | ⭐🌟🌟⭐🌟 | 4.4射箭馆￥41/人,SHBC射箭中心 | 商场内 | ⭐🌟🌟⭐🌟 | 4.4射箭馆￥41/人 | 长宁区射箭馆销量榜第1名 | 工作人员服务态度好，射出好成绩 | ￥58.8￥70 | 【单人】射箭A套餐（两组... | 惠,ocr/input_videos\上海__长宁来福士__20260825.mp4
OBS-000238,长宁来福士,大寶口福·海鲜排档·平价海鲜,大宝口福·海鲜排档·平价海鲜,特色菜,4.8,128,4F,rated,True,,rated,parsed,rating_anchor,0.9397,0.9521,51,2208,37.728,4F | 4.8特色菜￥128/人,大寶口福·海鲜排档·平价海鲜 | 上海旗舰店 | 抢鲜6.2折 | 4F | 4.8特色菜￥128/人 | 点评榜单 | 上海美食销量榜第1名 | 要聚会到大宝 | 泗阳海鲜，咸菜地道，打包回家” | ￥8.9 | 4.1折 | 惠 | ￥22招牌水果茶 | 惠 | ￥49 | 9.8折 | ￥5050元代金券,ocr/input_videos\上海__长宁来福士__20260825.mp4
OBS-000239,长宁来福士,KOYO蛋白好漾医美,KOYO蛋白好漾医美,医学.,4.7,,商场内,rated,True,,rated,parsed,rating_anchor,0.9058,0.9983,47,2208,37.728,⭐✨4.7 医学. | ￥4175/商场内,8 | KOYO蛋白好漾医美 | ⭐✨4.7 医学. | ￥4175/商场内 | 美容Spa，养出光滑细腻好皮肤,ocr/input_videos\上海__长宁来福士__20260825.mp4
OBS-000240,长宁来福士,呆板日式料理,呆板日式料理,日本料理,4.7,130,5F,rated,True,,rated,parsed,rating_anchor,0.9798,0.9905,52,2208,37.728,🌟🌟🌟🌟🌟 | 5F | 4.7 | 日本料理￥130/人,呆板日式料理 | 🌟🌟🌟🌟🌟 | 5F | 4.7 | 日本料理￥130/人 | dar | 点评榜单 | 长宁区本料理好评榜第1名 | daizan | 17:00营业 | 精致的日式料理，缦鱼饭口感细腻 | ￥10.9 | 6.9折 | ￥16限量超值单品握寿司 | 惠 | ￥989.8折 | ￥100 | 惠 | 【呆板98元】100元..,ocr/input_videos\上海__长宁来福士__20260825.mp4
OBS-000241,长宁来福士,KOYO蛋白好漾医美,KOYO蛋白好漾医美,4175/商场内,4.7,,商场内,rated,True,,rated,parsed,rating_anchor,0.983,0.9932,51,2244,38.343,4.7 | 医学. | ￥4175/商场内,KOYO蛋白好漾医美 | KO | 4.7 | 医学. | ￥4175/商场内 | YO | 美容Spa，养出光滑细腻好皮肤 | 心,ocr/input_videos\上海__长宁来福士__20260825.mp4
OBS-000242,长宁来福士,呆板日式料理,呆板日式料理,日本料理,4.7,130,5F,rated,True,,rated,parsed,rating_anchor,0.9707,0.9811,51,2244,38.343,日本料理￥130/人 | 5F | 🌟🌟🌟🌟🌟 | 4.7,呆板日式料理 | 日本料理￥130/人 | 5F | 🌟🌟🌟🌟🌟 | 4.7 | dai | ban | 点评榜单 | 长宁区日本料理好评榜第1名 | 恭 | dai | 17:00营业 | 精致的日式料理，缦鱼饭口感细腻 | “ | ￥10.9 | ￥16 | 6.9折 | 惠 | 限量超值单品握寿司 | ￥989.8折 | ￥100 | 【呆板98元】100元... | 惠,ocr/input_videos\上海__长宁来福士__20260825.mp4
OBS-000243,长宁来福士,stayreal,stayreal,服饰鞋包,,,商场内,new_store,False,new_store,ocr_missing,parsed,metadata_anchor,0.9993,0.9996,56,2244,38.343,新店 | 商场内 | 服饰鞋包,stayreal | 新店 | 商场内 | 服饰鞋包,ocr/input_videos\上海__长宁来福士__20260825.mp4
OBS-000244,长宁来福士,蛮一和食,蛮一和食,日本料理,4.6,120,6F,rated,True,,rated,parsed,rating_anchor,0.9982,0.997,59,2244,38.343,★★★★★ | 6F | ￥120/人 | 4.6 | 日本料理,蛮一和食 | MAN YI | 蛮一 | 和食 | ★★★★★ | 6F | ￥120/人 | 4.6 | 日本料理 | 点评榜单 | 中山公园/江苏路日本料理回头客榜第8名 | 休息中 | 虽然店面不大， | 但服务贴心周到 | “ | J | - | ￥86 | 5折 | 惠 | ￥174 | 海鲜丼饭定食 | ￥909折 | ￥100100元代金券 | 惠,ocr/input_videos\上海__长宁来福士__20260825.mp4
OBS-000245,长宁来福士,天域知音艺术教育培训,天域知音艺术教育培训,音乐,4.6,3906,2F,rated,True,,rated,parsed,rating_anchor,0.9984,0.9973,51,2244,38.343,2F | 🌟🌟🌟★★ | 音乐 | ￥3906/人 | 4.6,天域知音艺术教育培训 | 办学28周年庆 | 2F | 🌟🌟🌟★★ | 音乐 | ￥3906/人 | 4.6 | 天 | 全品类 | 全年龄段 | 点评榜单 | 中山公园/江苏路音乐热门榜第7名 | 音乐培训,ocr/input_videos\上海__长宁来福士__20260825.mp4
OBS-000246,长宁来福士,KOYO蛋白好漾医美,KOYO蛋白好漾医美,医学...,4.7,4175,商场内,rated,True,,rated,parsed,rating_anchor,0.8804,0.9976,51,2268,38.753,🌟🌟🌟⭐🌟 | 医学... | ￥4175/人商场内 | 4.7,KOYO蛋白好漾医美 | YO | - | 🌟🌟🌟⭐🌟 | 医学... | ￥4175/人商场内 | 4.7 | 美容Spa，养出光滑细腻好皮肤 | “,ocr/input_videos\上海__长宁来福士__20260825.mp4
OBS-000247,长宁来福士,呆板日式料理,呆板日式料理,日本料理,4.7,130,5F,rated,True,,rated,parsed,rating_anchor,0.9767,0.9885,51,2268,38.753,5F | 🌟🌟🌟🌟🌟 | 日本料理￥130/人 | 4.7,呆板日式料理 | 5F | 🌟🌟🌟🌟🌟 | 日本料理￥130/人 | dai | 4.7 | 点评榜单 | 呆 | 长宁区日本料理好评榜第1名 | 17:00营业 | 精致的日式料理，缦鱼饭口感细腻 | ￥10.9 | 6.9折 | 惠 | ￥16 | 限量超值单品握寿司 | ￥989.8折 | ￥100 | 惠 | 【呆板98元】100元...,ocr/input_videos\上海__长宁来福士__20260825.mp4
OBS-000248,长宁来福士,stayreal,stayreal,服饰鞋包,,,商场内,new_store,False,new_store,ocr_missing,parsed,metadata_anchor,0.9996,0.9997,60,2268,38.753,新店 | 商场内 | 服饰鞋包,stayreal | 新店 | 商场内 | 服饰鞋包,ocr/input_videos\上海__长宁来福士__20260825.mp4
OBS-000249,长宁来福士,蛮一和食,蛮一和食,日本料理,4.6,120,6F,rated,True,,rated,parsed,rating_anchor,0.9808,0.9976,57,2268,38.753,🌟 | 6F | 日本料理￥120/人 | 4.6,蛮一和食 | NAN YI | 蛮一 | 和食 | 🌟 | 6F | 日本料理￥120/人 | 4.6 | 点评榜单 | 中山公园/江苏路日本料理回头客榜第8名 | 休息中 | 虽然店面不大， | “ | 但服务贴心周到 | ￥865折 | 惠 | ￥174 | 海鲜丼饭定食 | ￥909折 | 惠 | ￥100100元代金券,ocr/input_videos\上海__长宁来福士__20260825.mp4
OBS-000250,长宁来福士,天域知音艺术教育培训,天域知音艺术教育培训,音乐,4.6,3906,2F,rated,True,,rated,parsed,rating_anchor,0.9993,0.9989,51,2268,38.753,2F | 🌟🌟🌟🌟🌟 | ￥3906/人 | 音乐 | 4.6,天域知音艺术教育培训 | 办学28周年庆 | 2F | 🌟🌟🌟🌟🌟 | ￥3906/人 | 音乐 | 4.6 | 全品类|全年龄段 | 点评榜单 | 中山公园/江苏路音乐热门榜第7名 | 音乐培训 | 业界标杆品质认证 | 钢琴启蒙课程，！ | 毕业典礼仪式感十足 | 200琵房租传当口（工作 | 車 | 5折 | a0,ocr/input_videos\上海__长宁来福士__20260825.mp4
OBS-000251,长宁来福士,stayreal,stayreal,服饰鞋包,,,商场内,new_store,False,new_store,ocr_missing,parsed,metadata_anchor,0.9994,0.9997,59,2328,39.778,新店 | 商场内 | 服饰鞋包,stayreal | 新店 | 商场内 | 服饰鞋包,ocr/input_videos\上海__长宁来福士__20260825.mp4
OBS-000252,长宁来福士,蛮一和食,蛮一和食,日本料理,4.6,120,6F,rated,True,,rated,parsed,rating_anchor,0.9742,0.9976,57,2328,39.778,🌟🌟⭐⭐🌟 | 6F | 日本料理￥120/人 | 4.6,蛮一和食 | NAN Y! | 蛮 | 和食 | 2 | 🌟🌟⭐⭐🌟 | 6F | 日本料理￥120/人 | 4.6 | 点评榜单 | 中山公园/江苏路日本料理回头客榜第8名 | 休息中 | 虽然店面不大，但服务贴心周到 | “ | ￥865折 | 惠 | ￥174海鲜丼饭定食 | ￥909折 | 惠 | ￥100100元代金券,ocr/input_videos\上海__长宁来福士__20260825.mp4
OBS-000253,长宁来福士,天域知音艺术教育培训,天域知音艺术教育培训,音乐,4.6,3906,2F,rated,True,,rated,parsed,rating_anchor,0.9818,0.9995,51,2328,39.778,2F | 🌟🌟🎉🎉🌟 | 4.6音乐￥3906/人,天域知音艺术教育培训 | 办学28周年庆 | 2F | e | 🌟🌟🎉🎉🌟 | 4.6音乐￥3906/人 | 全品类|全年龄段 | 点评榜单 | 中山公园/江苏路音乐热门榜第7名 | 音乐培训 | 业界标杆品质认证 | 钢琴启蒙课程，毕业典礼仪式感十足 | ￥305折 | ￥200琴房租赁当日卡（工作.. | 惠,ocr/input_videos\上海__长宁来福士__20260825.mp4
OBS-000254,长宁来福士,向日葵·延边酒饭,向日葵·延边酒饭,韩式料理,4.2,134,1F,rated,True,,rated,parsed,rating_anchor,0.9715,0.9847,55,2328,39.778,1F | 🌟🌟🎉🎉 | 4.2 | 韩式料理￥134/人,向日葵·延边酒饭 | 1F | 🌟🌟🎉🎉 | 4.2 | 韩式料理￥134/人 | 点评榜单 | 长宁区韩式料理热门榜第4名 | 17:00营业 | ￥483 | 3.8折 | ￥1282小时0糖生啤畅饮【 | 惠,ocr/input_videos\上海__长宁来福士__20260825.mp4
OBS-000255,长宁来福士,stayreal,stayreal,服饰鞋包,,,商场内,new_store,False,new_store,ocr_missing,parsed,metadata_anchor,0.9994,0.9998,58,2376,40.598,新店 | 服饰鞋包 | 商场内,stayreal | 新店 | 服饰鞋包 | 商场内,ocr/input_videos\上海__长宁来福士__20260825.mp4
OBS-000256,长宁来福士,蛮一和食,蛮一和食,日本料理,4.6,120,6F,rated,True,,rated,parsed,rating_anchor,0.9799,0.9978,56,2376,40.598,🌟🌟⭐🌟🌟 | 6F | 日本料理￥120/人 | 4.6,蛮一和食 | NAN YI | 蛮 | 和食 | 1 | 🌟🌟⭐🌟🌟 | 6F | 日本料理￥120/人 | 4.6 | 点评榜单 | 中山公园/江苏路日本料理回头客榜第8名 | 休息中 | 虽然店面不大，但服务贴心周到 | “ | 5 | ￥865折 | 惠 | ￥174海鲜丼饭定食 | ￥909折 | 惠 | ￥100100元代金券,ocr/input_videos\上海__长宁来福士__20260825.mp4
OBS-000257,长宁来福士,天域知音艺术教育培训,天域知音艺术教育培训,音乐,4.6,3906,2F,rated,True,,rated,parsed,rating_anchor,0.9741,0.9995,51,2376,40.598,🌟🌟🌟🌟🌟 | 2F | 音乐￥3906/人 | 4.6,天域知音艺术教育培训 | 办学28周年庆 | Re | 🌟🌟🌟🌟🌟 | 2F | 音乐￥3906/人 | 4.6 | 全品类|全年龄段 | 点评榜单 | 中山公园/江苏路音乐热门榜第7名 | 音乐培训 | 业界标杆品质认证 | 钢琴启蒙课程，毕业典礼仪式感十足 | ￥305折 | 惠 | ￥200 | 琴房租赁当日卡（工作...,ocr/input_videos\上海__长宁来福士__20260825.mp4
OBS-000258,长宁来福士,向日葵·延边酒饭,向日葵·延边酒饭,韩式料理,4.2,134,1F,rated,True,,rated,parsed,rating_anchor,0.9617,0.9674,52,2376,40.598,韩式料理￥134/人 | 1F | 🌟🌟🌟🌟 | 4.2,向日葵·延边酒饭 | 韩式料理￥134/人 | 1F | 🌟🌟🌟🌟 | 4.2 | 点评榜单 | 长宁区韩式料理热门榜第4名 | 17:00营业 | ￥1282小时0糖生啤畅饮【 | ￥48 | 3.8折 | 惠,ocr/input_videos\上海__长宁来福士__20260825.mp4
OBS-000259,长宁来福士,天域知音艺术教育培训,天域知音艺术教育培训,音乐,4.6,3906,2F,rated,True,,rated,parsed,rating_anchor,0.9767,0.9985,48,2400,41.008,🌟🌟🌟🌟🌟 | 2F | 4.6音乐￥3906/人,天域知音艺术教育培训 | 办学28周年庆 | 🌟🌟🌟🌟🌟 | 2F | 4.6音乐￥3906/人 | RsE | 全品类|全年龄段 | 点评榜单 | 中山公园/江苏路音乐热门榜第7名 | 音乐培训 | 业界标杆品质认证 | 钢琴启蒙课程，毕业典礼仪式感十 | 产 | ￥305折 | ￥200琴房租赁当日卡（工作.. | 惠,ocr/input_videos\上海__长宁来福士__20260825.mp4
OBS-000260,长宁来福士,向日葵·延边酒饭,向日葵·延边酒饭,韩式料理,4.2,134,1F,rated,True,,rated,parsed,rating_anchor,0.9663,0.984,51,2400,41.008,⭐🌟⭐⭐ | 1F | 韩式料理￥134/人 | 4.2,向日葵·延边酒饭 | ⭐🌟⭐⭐ | 1F | 韩式料理￥134/人 | 4.2 | 点评榜单 | 长宁区韩式料理热门榜第4名 | 17:00营业 | ￥483.8折 | ￥1282小时0糖生啤畅饮【.. | 惠,ocr/input_videos\上海__长宁来福士__20260825.mp4
OBS-000261,长宁来福士,青年星廚烤鸭店,青年星厨烤鸭店,烤鸭,4.8,140,6F,rated,True,,rated,parsed,rating_anchor,0.9246,0.9285,51,2400,41.008,6F | 4.8烤鸭￥140/人,青年星园 | 青年星廚烤鸭店 | 2*3 | K | 6F | 4.8烤鸭￥140/人 | 点评榜单 | 长宁区北京菜口味榜第1名 | 宽敬明亮的用餐环境 | 2023烤鸭特全买 | “ | ￥9.9 | 0.4折 | ￥299 | 惠 | 毕业宴/谢师宴/升学.. | ￥989.8折 | 惠 | ￥100100元代金券,ocr/input_videos\上海__长宁来福士__20260825.mp4
OBS-000262,长宁来福士,王胜利·长沙家菜馆,王胜利·长沙家菜馆,湘菜,4.4,87,4F,rated,True,,rated,parsed,rating_anchor,0.9757,0.9902,53,2400,41.008,⭐🌟⭐⭐ | 4.4湘菜￥87/人 | 4F,王胜利·长沙家菜馆 | ⭐🌟⭐⭐ | 4.4湘菜￥87/人 | 4F | 点评榜单 | 中山公园/江苏路湘菜销量榜第1名 | ￥19.9 | ￥15.9 | 8折 | 惠 | 【解辣】超大杯暴打... | ￥98.9 | 9.9折 | ￥100100元代金券 | 惠,ocr/input_videos\上海__长宁来福士__20260825.mp4
OBS-000263,长宁来福士,天域知音艺术教育培训,天域知音艺术教育培训,音乐,4.6,3906,2F,rated,True,,rated,parsed,rating_anchor,0.9711,0.9991,48,2436,41.623,2F | 🌟🌟🌟⭐🌟 | 音乐￥3906/人 | 4.6,天域知音艺术教育培训 | 办学28周年庆 | 2F | 🌟🌟🌟⭐🌟 | 音乐￥3906/人 | 4.6 | 全品类|全年龄段 | 点评榜单 | 音乐培训 | 中山公园/江苏路音乐热门榜第7名 | 业界标杆品质认证 | 钢琴启蒙课程，毕业典礼仪式感十 | 1 | m | ￥305折 | ￥200琴房租赁当日卡（工作... | 惠,ocr/input_videos\上海__长宁来福士__20260825.mp4
OBS-000264,长宁来福士,向日葵·延边酒饭,向日葵·延边酒饭,韩式料理,4.2,134,1F,rated,True,,rated,parsed,rating_anchor,0.9674,0.9801,50,2436,41.623,1F | 🌟🌟🌟🌟 | 韩式料理￥134/人 | 4.2 | ★,向日葵·延边酒饭 | 1F | 🌟🌟🌟🌟 | 韩式料理￥134/人 | 4.2 | ★ | 点评榜单 | 长宁区韩式料理热门榜第4名 | 17:00营业 | ￥483.8折 | ￥1282小时0糖生啤畅饮【. | 惠,ocr/input_videos\上海__长宁来福士__20260825.mp4
OBS-000265,长宁来福士,青年星廚烤鸭店,青年星厨烤鸭店,烤鸭,4.8,140,6F,rated,True,,rated,parsed,rating_anchor,0.9274,0.9319,54,2436,41.623,4.8烤鸭￥140/人 | 6F,青年星廚烤鸭店 | 青年星园 | 三+1 | S | 4.8烤鸭￥140/人 | 6F | 点评榜单 | 长宁区北京菜口味榜第1名 | 宽敞明亮的用餐环境 | “ | 2023烤特全视 | 5C大 | 惠 | ￥9.9 | 0.4折 | ￥299 | 毕业宴/谢师宴/升学... | ￥989.8折 | 惠 | ￥100100元代金券,ocr/input_videos\上海__长宁来福士__20260825.mp4
OBS-000266,长宁来福士,王胜利·长沙家菜馆,王胜利·长沙家菜馆,湘菜,4.4,87,4F,rated,True,,rated,parsed,rating_anchor,0.9512,0.991,55,2436,41.623,🌟🌟🌟⭐ | 4F | 湘菜￥87/人 | 4.4,王胜利·长沙家菜馆 | 每天买菜 | 🌟🌟🌟⭐ | 4F | 湘菜￥87/人 | 4.4 | 现点现炒 | 点评榜单 | 中山公园/江苏路湘菜销量榜第1名 | 万里线一口院就证 | 王胜利长沙家菜馆 | 惠 | ￥15.9 | ￥19.9 | 8折 | 【解辣】超大杯暴打. | ￥98.9 | 9.9折 | ￥100100元代金券 | 惠,ocr/input_videos\上海__长宁来福士__20260825.mp4
OBS-000267,长宁来福士,长风拨筋养身,长风拨筋养身,休闲按,,172,商场内,unknown,True,,ocr_missing,parsed,metadata_anchor,0.8954,0.9826,48,2436,41.623,商场内 | ⭐🌈🌈⭐48休闲按 | ￥172/人,拨 | 长风拨筋养身 | 商场内 | ⭐🌈🌈⭐48休闲按 | ￥172/人,ocr/input_videos\上海__长宁来福士__20260825.mp4
OBS-000268,长宁来福士,天域知音艺术教育培训,天域知音艺术教育培训,音乐,4.6,3906,2F,rated,True,,rated,parsed,rating_anchor,0.9708,0.9989,48,2448,41.828,2F | ★★★★★ | 音乐￥3906/人 | 4.6,天域知音艺术教育培训 | 办学28周年庆 | 2F | ★★★★★ | 音乐￥3906/人 | 4.6 | 天烧 | 全品类 | 全年龄段 | 点评榜单 | 中山公园/江苏路音乐热门榜第7名 | 音乐培训 | 一业界标杆品质认证 | 钢琴启蒙课程，毕业典礼仪式感十足 | ￥305折 | 惠 | ￥200琴房租赁当日卡（工作...,ocr/input_videos\上海__长宁来福士__20260825.mp4
OBS-000269,长宁来福士,向日葵·延边酒饭,向日葵·延边酒饭,韩式料理,4.2,134,1F,rated,True,,rated,parsed,rating_anchor,0.9707,0.9815,50,2448,41.828,1F | 韩式料理￥134/人 | 🌟🌟⭐⭐ | 4.2,向日葵·延边酒饭 | 1F | 韩式料理￥134/人 | 🌟🌟⭐⭐ | 4.2 | 点评榜单 | 长宁区韩式料理热门榜第4名 | 17:00营业 | ￥483.8折 | ￥1282小时0糖生啤畅饮【 | 惠,ocr/input_videos\上海__长宁来福士__20260825.mp4
OBS-000270,长宁来福士,青年星廚烤鸭店,青年星厨烤鸭店,烤鸭,4.8,140,6F,rated,True,,rated,parsed,rating_anchor,0.9372,0.943,51,2448,41.828,6F | 4.8烤鸭￥140/人,青年星廚烤鸭店 | 青年星图 | 安室本济地店 | 6F | 4.8烤鸭￥140/人 | 点评榜单 | 长宁区北京菜口味榜第1名 | 宽敞明亮的用餐环境 | “ | 2023好购特金泥 | ￥9.9 | 0.4折 | ￥299 | 惠 | 毕业宴/谢师宴/升学... | ￥98 | 惠 | 9.8折 | ￥100100元代金券,ocr/input_videos\上海__长宁来福士__20260825.mp4
OBS-000271,长宁来福士,王胜利·长沙家菜馆,王胜利·长沙家菜馆,湘菜,4.4,87,4F,rated,True,,rated,parsed,rating_anchor,0.9726,0.9891,51,2448,41.828,⭐🌟🌟⭐ | 4F | 4.4湘菜￥87/人 | ★,王胜利·长沙家菜馆 | 每天买菜 | ⭐🌟🌟⭐ | 4F | 4.4湘菜￥87/人 | ★ | 现点现炒 | 点评榜单 | 中山公园/江苏路湘菜销量榜第1名 | 万思说一口块见证 | 王胜利长沙家菜馆 | ￥19.9 | ￥15.9 | 8折 | 惠 | 【解辣】超大杯暴打 | ￥98.9 | 9.9折 | ￥100100元代金券 | 惠,ocr/input_videos\上海__长宁来福士__20260825.mp4
OBS-000272,长宁来福士,长风拨筋养身,长风拨筋养身,休闲按..,4.8,172,商场内,rated,True,,rated,parsed,rating_anchor,0.9559,0.9983,51,2448,41.828,🌟🌟🎉🎉🌟4.8 | 休闲按.. | ￥172/人商场内,长风拨筋养身 | 拨 | 🌟🌟🎉🎉🌟4.8 | 休闲按.. | ￥172/人商场内 | 舒,ocr/input_videos\上海__长宁来福士__20260825.mp4
OBS-000273,长宁来福士,青年星廚烤鸭店,青年星厨烤鸭店,烤鸭,,140,6F,unknown,True,,ocr_missing,parsed,metadata_anchor,0.9352,0.9464,51,2520,43.059,6F | 🌟🌟🌟🌟🌟 | 14.8烤鸭￥140/人,青年星廚烤鸭店 | 青年星图 | 2*3 | 6F | 🌟🌟🌟🌟🌟 | 14.8烤鸭￥140/人 | 点评榜单 | 长宁区北京菜口味榜第1名 | 宽敞明亮的用餐环境 | “ | 2023烤购特主奖 | D | 0.4折 | 惠 | ￥9.9 | ￥299 | 毕业宴/谢师宴/升学.... | ￥98 | ￥100100元代金券 | 9.8折 | 惠,ocr/input_videos\上海__长宁来福士__20260825.mp4
OBS-000274,长宁来福士,王胜利·长沙家菜馆,王胜利·长沙家菜馆,湘菜,4.4,87,4F,rated,True,,rated,parsed,rating_anchor,0.9742,0.989,55,2520,43.059,4F | 🌟🌟⭐ | 4.4湘菜￥87/人 | ★,王胜利·长沙家菜馆 | 每天买菜 | 4F | 🌟🌟⭐ | 4.4湘菜￥87/人 | ★ | 现点现炒 | 点评榜单 | 中山公园/江苏路湘菜销量榜第1名 | 万里找一口碑见证 | 王胜利”长沙家菜馆 | ￥19.9 | ￥15.9 | 8折 | 惠 | 【解辣】超大杯暴打 | ￥98.9 | ￥100100元代金券 | 惠 | 9.9折,ocr/input_videos\上海__长宁来福士__20260825.mp4
OBS-000275,长宁来福士,长风拨筋养身,长风拨筋养身,休闲按.,4.8,172,商场内,rated,True,,rated,parsed,rating_anchor,0.9704,0.9965,51,2520,43.059,￥172/人商场内 | 休闲按. | 🌟🌟🎉🌈⭐4.8,拨筋 | 长风拨筋养身 | ￥172/人商场内 | 休闲按. | 🌟🌟🎉🌈⭐4.8 | 筋 | 中山公园/江苏路休闲按摩足浴销量榜第7名 | 养身 | 夏三伏拨筋节 | 手法非常舒服，头疗拨筋效果显著 | “ | ￥169 | ￥138 | 8.3折 | 惠 | 肩颈拨筋Ⅰ直击酸...,ocr/input_videos\上海__长宁来福士__20260825.mp4
OBS-000276,长宁来福士,AMONAVIS,AMONAVIS,服装,3.6,,商场内,rated,True,,rated,parsed,rating_anchor,0.9974,0.9951,41,2520,43.059,商场内 | 服装 | 🌟🌟🌟💥🌟 | 3.6,AMONAVIS | E | 商场内 | 服装 | 🌟🌟🌟💥🌟 | 3.6,ocr/input_videos\上海__长宁来福士__20260825.mp4
OBS-000277,长宁来福士,inkool创意韩餐,inkool创意韩餐,韩式料理,4.2,100,1F,rated,True,,rated,parsed,rating_anchor,0.9771,0.9804,47,2520,43.059,🌟🌟🌟🌟 | 1F | 4.2 | 韩式料理￥100/人,inkool创意韩餐 | 🌟🌟🌟🌟 | 1F | inka° | 4.2 | 韩式料理￥100/人 | 点评榜单 | 长宁区韩式料理销量榜第1名 | 吃不被完人的 | 0- | 16:30营业 | “创意菜惊艳 | 芝十八爪鱼O弹十足,ocr/input_videos\上海__长宁来福士__20260825.mp4
OBS-000278,长宁来福士,青年星廚烤鸭店,青年星厨烤鸭店,烤鸭,4.8,140,6F,rated,True,,rated,parsed,rating_anchor,0.9401,0.9513,52,2532,43.264,4.8烤鸭￥140/人 | 6F,青年星园 | 青年星廚烤鸭店 | 中 | 4.8烤鸭￥140/人 | 6F | 点评榜单 | 长宁区北京菜口味榜第1名 | 宽敞明亮的用餐环境 | “ | 2023鸭特全奖 | 惠 | ￥9.90.4折 | ￥299 | 毕业宴/谢师宴/升学.... | ￥989.8折 | 惠 | ￥100100元代金券,ocr/input_videos\上海__长宁来福士__20260825.mp4
OBS-000279,长宁来福士,王胜利·长沙家菜馆,王胜利·长沙家菜馆,湘菜,4.4,87,4F,rated,True,,rated,parsed,rating_anchor,0.9551,0.9873,51,2532,43.264,4F | 🌟🌟🌟🌟 | 湘菜￥87/人 | 4.4,王胜利·长沙家菜馆 | 每天买菜 | 4F | 🌟🌟🌟🌟 | 湘菜￥87/人 | 4.4 | 现点现炒 | 点评榜单 | 中山公园/江苏路湘菜销量榜第1名 | 万里热一口碑见证 | 王胜利长沙家菜馆 | ￥19.9 | ￥15.9 | 8折 | 惠 | 【解辣】超大杯暴打.. | 惠 | ￥98.9 | 9.9折 | ￥100100元代金券,ocr/input_videos\上海__长宁来福士__20260825.mp4
OBS-000280,长宁来福士,长风拨筋养身,长风拨筋养身,休闲按.,4.8,172,商场内,rated,True,,rated,parsed,rating_anchor,0.9434,0.9975,54,2532,43.264,⭐🌟⭐4.8 | ￥172/人商场内 | 休闲按.,拨筋 | 长风拨筋养身 | ⭐🌟⭐4.8 | ￥172/人商场内 | 休闲按. | 中山公园/江苏路休闲按摩足浴销量榜第7名 | 养身 | 夏三伏拨筋节 | 手法非常舒服，头疗拨筋效果显著 | “ | ￥138 | 8.3折 | 惠 | 肩颈拨筋|直击酸.. | ￥169,ocr/input_videos\上海__长宁来福士__20260825.mp4
OBS-000281,长宁来福士,AMONAVIS,AMONAVIS,服装,3.6,,商场内,rated,True,,rated,parsed,rating_anchor,0.903,0.9945,42,2532,43.264,⭐⭐⭐⭐3.6服装 | 商场内,AMONAVIS | E | ⭐⭐⭐⭐3.6服装 | 商场内,ocr/input_videos\上海__长宁来福士__20260825.mp4
OBS-000282,长宁来福士,inkool创意韩餐,inkool创意韩餐,韩式料理,4.2,100,1F,rated,True,,rated,parsed,rating_anchor,0.9814,0.9967,50,2532,43.264,1F | 🌟🌟⭐⭐ | 韩式料理￥100/人 | 4.2 | ★,inkool创意韩餐 | 1F | 🌟🌟⭐⭐ | inko° | 韩式料理￥100/人 | 4.2 | ★ | 点评榜单 | 5人们 | 长宁区韩式料理销量榜第1名 | 16:30营业 | 芝十八角弹十足“ | “创音菜惊换,ocr/input_videos\上海__长宁来福士__20260825.mp4
OBS-000283,长宁来福士,王胜利·长沙家菜馆,王胜利·长沙家菜馆,湘菜,4.4,87,4F,rated,True,,rated,parsed,rating_anchor,0.9722,0.9933,57,2580,44.084,4.4湘菜￥87/人 | 4F | ★🌟★★,王胜利·长沙家菜馆 | 每天买菜 | 4.4湘菜￥87/人 | 4F | ★🌟★★ | 现点现炒 | 点评榜单 | 中山公园/江苏路湘菜销量榜第1名 | 万里找一口碑见证 | 王胜利”长沙家菜馆 | ￥19.9 | ￥15.9 | 8折 | 【解辣】超大杯暴打. | 惠 | ￥98.9 | 惠 | 9.9折 | ￥100100元代金券,ocr/input_videos\上海__长宁来福士__20260825.mp4
OBS-000284,长宁来福士,长风拨筋养身,长风拨筋养身,休闲按...,4.8,172,商场内,rated,True,,rated,parsed,rating_anchor,0.8959,0.9939,52,2580,44.084,⭐🌈4.8休闲按… | ￥172/人商场内,拨筋 | 长风拨筋养身 | ⭐🌈4.8休闲按… | ￥172/人商场内 | 筋 | 中山公园/江苏路休闲按摩浴销量榜第7名 | 养身 | 夏三伏拨筋节 | 手法非常舒服，头疗拨筋效果显著 | “ | ￥138 | 8.3折 | ￥169 | 惠 | 肩颈拨筋|直击酸...,ocr/input_videos\上海__长宁来福士__20260825.mp4
OBS-000285,长宁来福士,AMONAVIS,AMONAVIS,服装,3.6,,商场内,rated,True,,rated,parsed,rating_anchor,0.9166,0.9951,45,2580,44.084,⭐⭐3.6服装 | 商场内,AMONAVIS | 888 | ⭐⭐3.6服装 | 商场内,ocr/input_videos\上海__长宁来福士__20260825.mp4
OBS-000286,长宁来福士,inkool创意韩餐,inkool创意韩餐,韩式料理,4.2,100,1F,rated,True,,rated,parsed,rating_anchor,0.9752,0.996,51,2580,44.084,1F | 🌟🌟🌟 | 韩式料理￥100/人 | 4.2 | ★,inkool创意韩餐 | 1F | inkoe | 🌟🌟🌟 | 韩式料理￥100/人 | 4.2 | ★ | 点评榜单 | 吃被天们 | 长宁区韩式料理销量榜第1名 | 16:30营业 | 创意菜惊艳，芝士八鱼Q弹十 | ￥12.97.2折 | ￥18 | 惠 | 【清爽一夏】 | 鸭屎香.. | ￥979.7折 | 惠 | ￥100100元代金券,ocr/input_videos\上海__长宁来福士__20260825.mp4
OBS-000287,长宁来福士,长风拨筋养身,长风拨筋养身,休闲按,4.8,172,商场内,rated,True,,rated,parsed,rating_anchor,0.9863,0.9979,52,2592,44.289,4.8休闲按 | ￥172/人商场内,拨筋 | 长风拨筋养身 | 4.8休闲按 | ￥172/人商场内 | 中山公园/江苏路休闲按摩浴销量榜第7名 | 养身 | 夏三伏拨筋节 | 手法非常舒服，头疗拨筋效果显著 | 力 | ￥1388.3折 | ￥169肩颈拨筋|直击酸.. | 惠,ocr/input_videos\上海__长宁来福士__20260825.mp4
OBS-000288,长宁来福士,AMONAVIS,AMONAVIS,服装,3.6,,商场内,rated,True,,rated,parsed,rating_anchor,0.9904,0.9947,48,2592,44.289,3.6服装 | 商场内,AMONAVIS | E88 | 3.6服装 | 商场内,ocr/input_videos\上海__长宁来福士__20260825.mp4
OBS-000289,长宁来福士,inkool创意韩餐,inkool创意韩餐,韩式料理,4.2,100,1F,rated,True,,rated,parsed,rating_anchor,0.976,0.9979,52,2592,44.289,1F | 🌟🌟🌟 | 韩式料理￥100/人 | 4.2 | ★,inkool创意韩餐 | 1F | inke | 🌟🌟🌟 | 韩式料理￥100/人 | 4.2 | ★ | 点评榜单 | 长宁区韩式料理销量榜第1名 | 5万被人 | 16:30营业 | 创意菜惊艳，芝士八鱼Q弹十足 | 55 | ￥12.97.2折 | ￥18 | 惠 | 【清爽一夏】 | 鸭屎香.. | ￥979.7折 | ￥100100元代金券 | 惠,ocr/input_videos\上海__长宁来福士__20260825.mp4
OBS-000290,长宁来福士,唏嘛香·金城牛大,唏嘛香·金城牛大,西北民间菜,3.9,37,B1,rated,True,,rated,parsed,rating_anchor,0.968,0.9867,57,2592,44.289,西北民间菜￥37/人 | ★★★★★ | B1 | 3.9,唏嘛香·金城牛大 | 西北民间菜￥37/人 | ★★★★★ | B1 | 3.9 | 点评榜单 | 长宁区西北民间菜热门榜第2名 | ￥40.59.9折 | ￥41单人快乐餐 | 惠,ocr/input_videos\上海__长宁来福士__20260825.mp4
OBS-000291,长宁来福士,美式眼镜,美式眼镜,眼镜店,,,B1,new_store,False,new_store,ocr_missing,parsed,metadata_anchor,0.9973,0.9971,61,2592,44.289,眼镜店 | 新店 | B1,美式眼镜 | 眼镜店 | 新店 | B1 | 长宁区眼镜销量榜第8名,ocr/input_videos\上海__长宁来福士__20260825.mp4
OBS-000292,长宁来福士,AMONAVIS,AMONAVIS,服装,3.6,,商场内,rated,True,,rated,parsed,rating_anchor,0.9977,0.9956,45,2628,44.904,服装 | 商场内 | 🌟★★★★ | 3.6,AMONAVIS | 8 | 服装 | 商场内 | 🌟★★★★ | 3.6,ocr/input_videos\上海__长宁来福士__20260825.mp4
OBS-000293,长宁来福士,inkool创意韩餐,inkool创意韩餐,韩式料理,4.2,100,1F,rated,True,,rated,parsed,rating_anchor,0.9746,0.9977,52,2628,44.904,🌟🌟🌟⭐ | 1F | 韩式料理￥100/人 | ★ | 4.2,inkool创意韩餐 | 🌟🌟🌟⭐ | 1F | 韩式料理￥100/人 | inko吧 | ★ | 4.2 | 点评榜单 | 吃不被况人的理 | 长宁区韩式料理销量榜第1名 | CLH | 16:30营业 | 创意菜惊艳，芝士八鱼Q弹十 | J | ￥12.97.2折 | ￥18 | 惠 | 【清爽一夏】 | 鸭屎香.. | ￥979.7折 | 惠 | ￥100100元代金券,ocr/input_videos\上海__长宁来福士__20260825.mp4
OBS-000294,长宁来福士,唏嘛香·金城牛大,唏嘛香·金城牛大,西北民间菜,3.9,37,B1,rated,True,,rated,parsed,rating_anchor,0.96,0.9847,51,2628,44.904,🌟🌟🌟🌟🌟 | B1 | 西北民间菜￥37/人 | 3.9,唏嘛香·金城牛大 | 唏嘛香 | 2 | 🌟🌟🌟🌟🌟 | B1 | 西北民间菜￥37/人 | 3.9 | 兰州小馆 | 点评榜单 | 长宁区西北民间菜热门榜第2名 | 兰州车肉西·羊肉串·风味小吃 | ￥40.59.9折 | ￥41单人快乐餐 | 惠,ocr/input_videos\上海__长宁来福士__20260825.mp4
OBS-000295,长宁来福士,美式眼镜,美式眼镜,眼镜店,,,B1,new_store,False,new_store,ocr_missing,parsed,metadata_anchor,0.9961,0.996,56,2628,44.904,眼镜店 | 新店 | B1,美式眼镜 | 天医大大庆 | 眼镜店 | 新店 | BYES | B1 | 美式眼镜 | 长宁区眼镜销量榜第8名 | 关爱您的明睛 | 厂源网依投建尼康富方授权局 | ￥7.65 | ￥199太阳镜|防UV紫外.. | 8.5折 | 惠,ocr/input_videos\上海__长宁来福士__20260825.mp4
OBS-000296,长宁来福士,CLMX,CLMX,月,4.8,843,商场内,rated,True,,rated,parsed,rating_anchor,0.8554,0.9925,50,2628,44.904,商场内 | ⭐⭐⭐🌟4.8月 | 服装￥843/人,CLMX | CLMX | 商场内 | ⭐⭐⭐🌟4.8月 | 服装￥843/人 | 点评榜单 | 长宁区服装好评榜第3名 | 款式特别好看，衣服品类丰富,ocr/input_videos\上海__长宁来福士__20260825.mp4
OBS-000297,长宁来福士,AMONAVIS,AMONAVIS,服装,3.6,,商场内,rated,True,,rated,parsed,rating_anchor,0.9963,0.9952,45,2676,45.724,3.6服装 | 商场内 | 🌟🌟🌟🌟⭐,AMONAVIS | M8O8R | 3.6服装 | 商场内 | 🌟🌟🌟🌟⭐ | L,ocr/input_videos\上海__长宁来福士__20260825.mp4
OBS-000298,长宁来福士,inkool创意韩餐,inkool创意韩餐,韩式料理,4.2,100,1F,rated,True,,rated,parsed,rating_anchor,0.9799,0.9977,52,2676,45.724,🌟🌟🌟🎉 | 1F | 韩式料理￥100/人 | 4.2 | ★,inkool创意韩餐 | 🌟🌟🌟🎉 | 1F | 韩式料理￥100/人 | inka吧 | 4.2 | ★ | 点评榜单 | 长宁区韩式料理销量榜第1名 | 吃不被究义的会科理 | 19=6540259 | 16:30营业 | 创意菜惊艳，芝士八爪鱼Q弹十足 | “ | 5 | 7.2折 | ￥18 | 惠 | ￥12.9 | 鸭屎香.... | 【清爽一夏】 | ￥97 | 9.7折 | 惠 | ￥100100元代金券,ocr/input_videos\上海__长宁来福士__20260825.mp4
OBS-000299,长宁来福士,唏嘛香·金城牛大,唏嘛香·金城牛大,西北民间菜,3.9,37,B1,rated,True,,rated,parsed,rating_anchor,0.9718,0.9789,51,2676,45.724,西北民间菜￥37/人 | B1 | ★🌟★★ | 3.9,唏嘛香·金城牛大 | 唏嘛香 | 安 | 西北民间菜￥37/人 | B1 | ★🌟★★ | 3.9 | 兰州小馆 | 点评榜单 | 长宁区西北民间菜热门榜第2名 | 兰州牛肉面·羊肉串·风味小吃 | ￥40.59.9折 | ￥41单人快乐餐 | 惠,ocr/input_videos\上海__长宁来福士__20260825.mp4
OBS-000300,长宁来福士,美式眼镜,美式眼镜,眼镜店,,,B1,new_store,False,new_store,ocr_missing,parsed,metadata_anchor,0.9976,0.9981,60,2676,45.724,新店 | 眼镜店 | B1,美式眼镜 | 大大大大达 | EYES | 新店 | 眼镜店 | B1 | 美式眼镜 | 长宁区眼镜销量榜第8名 | 关爱您的眼睛 | 广中酸司农视路尼康官力授权店 | ￥7.65 | ￥199太阳镜1防UV紫外.. | 8.5折 | 惠,ocr/input_videos\上海__长宁来福士__20260825.mp4
OBS-000301,长宁来福士,CLMX,CLMX,服装,,843,商场内,unknown,True,,ocr_missing,parsed,metadata_anchor,0.9719,0.9918,54,2676,45.724,商场内 | 🌟🌟🎉🌟🌟 | 服装￥843/人 | 14.8,CLMX | CLMX | 商场内 | 🌟🌟🎉🌟🌟 | 服装￥843/人 | 14.8 | 2 | 点评榜单 | 长宁区服装好评榜第3名 | 款式特别好看，衣服品类丰富 | 3 | “,ocr/input_videos\上海__长宁来福士__20260825.mp4
OBS-000302,长宁来福士,喘啉香·金城午天,喘啉香·金城午天,西北民间菜,3.9,37,B1,rated,True,,rated,parsed,rating_anchor,0.8801,0.8331,37,2712,46.339,🌟🌟🌟🌟🌟 | B1 | 西北民间菜￥37/人 | 3.9,喘啉香·金城午天 | 唏嘛香 | 回 | 🌟🌟🌟🌟🌟 | B1 | 西北民间菜￥37/人 | 3.9 | 兰州小馆 | 点评榜单 | 长宁区西北民间菜热门榜第2名 | 兰州手肉西·羊肉串·风味小吃 | 惠 | ￥40.59.9折 | ￥41单人快乐餐,ocr/input_videos\上海__长宁来福士__20260825.mp4
OBS-000303,长宁来福士,美式眼镜,美式眼镜,眼镜店,,,B1,new_store,False,new_store,ocr_missing,parsed,metadata_anchor,0.9948,0.9988,53,2712,46.339,新店 | 眼镜店 | B1,美式眼镜 | 快医大大达 | BYES | 新店 | 眼镜店 | B1 | 长宁区眼镜销量榜第8名 | 美式眼镜 | 关爱您的眼情 | 源司农视路足康方版权店 | ￥7.658.5折 | ￥199太阳镜|防UV紫外... | 惠,ocr/input_videos\上海__长宁来福士__20260825.mp4
OBS-000304,长宁来福士,CLMX,CLMX,服装,4.8,843,商场内,rated,True,,rated,parsed,rating_anchor,0.9708,0.9932,53,2712,46.339,🌟🌟⭐🌟🌟 | 商场内 | 服装￥843/人 | 4.8,CLMX | CLMX | 🌟🌟⭐🌟🌟 | 商场内 | 服装￥843/人 | 4.8 | 点评榜单 | 长宁区服装好评榜第3名 | 款式特别好看，衣服品类丰富,ocr/input_videos\上海__长宁来福士__20260825.mp4
OBS-000305,长宁来福士,大米先生新鲜现炒·自选餐,大米先生新鲜现炒·自选餐,湘菜,3.9,,6F,rated,True,,rated,parsed,rating_anchor,0.9699,0.9689,51,2712,46.339,3.9湘菜30/人 | 6F,大米先生新鲜现炒·自选餐 | 大米先生 | 3.9湘菜30/人 | 6F | 鲜肉鲜菜小锅现炒 | 集团直营门店2000家 | 【新鲜现炒】10-100及... | ￥998￥999 | 惠 | ￥18.59.3折 | ￥20 | 惠 | 【帮你省薪】20元代..,ocr/input_videos\上海__长宁来福士__20260825.mp4
OBS-000306,长宁来福士,胡子大厨·超级小炒肉,胡子大厨·超级小炒肉,湘菜,4.2,54,B1,rated,True,,rated,parsed,rating_anchor,0.9569,0.9877,48,2712,46.339,🌟🌟💥🌟 | B1 | 湘菜￥54/人 | 4.2,胡子大厨·超级小炒肉 | 活 | 🌟🌟💥🌟 | B1 | 湘菜￥54/人 | 4.2 | rs | 点评榜单 | 中山公园/江苏路湘菜回头客榜第5名 | 路 | 贸好 | 现炒好吃，环境优雅，服务态度好 | 饭 | 5 | ￥587.4折 | ￥78.7 | 惠 | 甄选单. | 【雪碧晚市】,ocr/input_videos\上海__长宁来福士__20260825.mp4
OBS-000307,长宁来福士,美式眼镜,美式眼镜,眼镜店,,,B1,new_store,False,new_store,ocr_missing,parsed,metadata_anchor,0.9989,0.9989,56,2748,46.954,新店 | 眼镜店 | B1,美式眼镜 | 医天大大达 | EYES | 新店 | 眼镜店 | B1 | 长宁区眼镜销量榜第8名 | 美式眼镜 | 关爱您的眼酵 | 广酸司农视路尼事宣方授权店 | ￥7.65 | 8.5折 | ￥199太阳镜|防UV紫外.. | 惠,ocr/input_videos\上海__长宁来福士__20260825.mp4
OBS-000308,长宁来福士,CLMX,CLMX,服装,4.8,843,商场内,rated,True,,rated,parsed,rating_anchor,0.9747,0.9923,53,2748,46.954,4.8服装￥843/人 | 商场内,CLMX | CLMX | 4.8服装￥843/人 | 商场内 | 点评榜单 | 长宁区服装好评榜第3名 | 款式特别好看，衣服品类丰富,ocr/input_videos\上海__长宁来福士__20260825.mp4
OBS-000309,长宁来福士,大米先生新鲜现炒·自选餐,大米先生新鲜现炒·自选餐,湘菜,3.9,30,6F,rated,True,,rated,parsed,rating_anchor,0.9641,0.9888,51,2748,46.954,3.9湘菜￥30/人 | 6F,大米先生新鲜现炒·自选餐 | 大米先生 | 3.9湘菜￥30/人 | 6F | 鲜肉鲜菜小锅现炒 | 美团直营门店超2000家 | 【新鲜现炒】10-100及.. | ￥998￥999 | 惠 | 9.3折 | ￥20 | ￥18.5| | 【帮你省薪】20元代.. | 惠,ocr/input_videos\上海__长宁来福士__20260825.mp4
OBS-000310,长宁来福士,胡子大厨·超级小炒肉,胡子大厨·超级小炒肉,湘菜,4.2,54,B1,rated,True,,rated,parsed,rating_anchor,0.966,0.9903,51,2748,46.954,🌟🌟🌟🌟 | B1 | 湘菜￥54/人 | 4.2,胡子大厨·超级小炒肉 | 🌟🌟🌟🌟 | B1 | 湘菜￥54/人 | 4.2 | 点评榜单 | 中山公园/江苏路湘菜回头客榜第5名 | 时装安印 | 新鲜炒 | 现炒好吃，环境优雅，服务态度好 | ￥587.4折 | ￥78.7 | 甄选单... | 惠 | 【雪碧晚市】 | ￥98 | 9.8折 | ￥100100元代金券 | 惠,ocr/input_videos\上海__长宁来福士__20260825.mp4
OBS-000311,长宁来福士,爱视眸Eyeblling眼镜·蔡司·依视...,爱视眸Eyeblling眼镜·蔡司·依视,眼镜店,4.8,786,B1,rated,True,,rated,parsed,rating_anchor,0.9479,0.9365,53,2748,46.954,★4.8 | B1 | 眼镜店￥786/人,爱视眸Eyeblling眼镜·蔡司·依视... | ZEESX | 爱视眸眼镜 | ★4.8 | B1 | 眼镜店￥786/人 | EYE BLLING | OO | 点评榜单 | 中山公园/江苏路眼镜店好评榜第7名,ocr/input_videos\上海__长宁来福士__20260825.mp4
OBS-000312,长宁来福士,美式眼镜,美式眼镜,眼镜店,,,B1,new_store,False,new_store,ocr_missing,parsed,metadata_anchor,0.9977,0.9988,58,2760,47.16,新店 | B1 | 眼镜店,美式眼镜 | 医医大天达 | BYES | 新店 | B1 | 眼镜店 | 长宁区眼镜销量榜第8名 | 美式眼镜 | 关爱您的眼睛 | 广丰司农银路尼康官方授权店 | ￥7.65 | 8.5折 | ￥199太阳镜|防UV紫外... | 惠,ocr/input_videos\上海__长宁来福士__20260825.mp4
OBS-000313,长宁来福士,CLMX,CLMX,服装,4.8,843,商场内,rated,True,,rated,parsed,rating_anchor,0.9782,0.9932,54,2760,47.16,商场内 | 4.8服装￥843/人,CLMX | CLMX | 商场内 | 4.8服装￥843/人 | 点评榜单 | 长宁区服装好评榜第3名 | 款式特别好看，衣服品类丰富 | 力,ocr/input_videos\上海__长宁来福士__20260825.mp4
OBS-000314,长宁来福士,大米先生新鲜现炒·自选餐,大米先生新鲜现炒·自选餐,湘菜,3.9,30,6F,rated,True,,rated,parsed,rating_anchor,0.9681,0.9888,51,2760,47.16,3.9湘菜￥30/人 | 6F,大米先生新鲜现炒·自选餐 | 大米先生 | 3.9湘菜￥30/人 | 6F | 鲜肉鲜菜小锅现炒 | 衡团直营门店超2000家 | ￥998￥999 | 【新鲜现炒】10-100人及... | 惠 | ￥18.5 | 惠 | 9.3折 | 【帮你省薪】20元代... | ￥20,ocr/input_videos\上海__长宁来福士__20260825.mp4
OBS-000315,长宁来福士,胡子大厨·超级小炒肉,胡子大厨·超级小炒肉,湘菜,4.2,54,B1,rated,True,,rated,parsed,rating_anchor,0.9569,0.9902,51,2760,47.16,湘菜￥54/人 | 🌟🌟⭐ | B1 | 4.2,胡子大厨·超级小炒肉 | 精子 | 湘菜￥54/人 | 🌟🌟⭐ | B1 | 4.2 | 点评榜单 | 中山公园/江苏路湘菜回头客榜第5名 | 新鲜识炒 | 时安码 | 现炒好吃，环境优雅，服务态度好 | C | 惠 | ￥587.4折 | ￥78.7 | 甄选单.... | 【雪碧晚市】 | ￥989.8折 | 惠 | ￥100100元代金券,ocr/input_videos\上海__长宁来福士__20260825.mp4
OBS-000316,长宁来福士,爱视眸Eyeblling眼镜·蔡司·依视...,爱视眸Eyeblling眼镜·蔡司·依视,眼镜店,4.8,786,B1,rated,True,,rated,parsed,rating_anchor,0.9553,0.9506,57,2760,47.16,🌟🌟🌟🌟🌟 | B1 | 眼镜店￥786/人 | 4.8,爱视眸Eyeblling眼镜·蔡司·依视... | ZEE53 | 爱视眸眼镜 | 🌟🌟🌟🌟🌟 | B1 | 眼镜店￥786/人 | 4.8 | EYE BLLING | 点评榜单 | OO | 中山公园/江苏路眼镜店好评榜第7名,ocr/input_videos\上海__长宁来福士__20260825.mp4
OBS-000317,长宁来福士,CLMX,CLMX,服装,4.8,843,商场内,rated,True,,rated,parsed,rating_anchor,0.9715,0.9923,54,2796,47.775,商场内 | 4.8服装￥843/人,CLMX | CLMX | 商场内 | 4.8服装￥843/人 | 点评榜单 | 长宁区服装好评榜第3名 | 款式特别好看，衣服品类丰富 | 3,ocr/input_videos\上海__长宁来福士__20260825.mp4
OBS-000318,长宁来福士,大米先生新鲜现炒·自选餐,大米先生新鲜现炒·自选餐,湘菜,3.9,30,6F,rated,True,,rated,parsed,rating_anchor,0.9688,0.9906,54,2796,47.775,3.9湘菜￥30/人 | 6F,大米先生新鲜现炒·自选餐 | 大米先生 | 3.9湘菜￥30/人 | 6F | 鲜肉鲜菜小锅现炒 | 衡团直营门店超2000家 | ￥998￥999 | 惠 | 【新鲜现炒】10-100人及.. | ￥18.5 | 9.3折 | ￥20 | 惠 | 【帮你省薪】20元代...,ocr/input_videos\上海__长宁来福士__20260825.mp4
OBS-000319,长宁来福士,胡子大厨·超级小炒肉,胡子大厨·超级小炒肉,湘菜,4.2,54,B1,rated,True,,rated,parsed,rating_anchor,0.9674,0.9819,51,2796,47.775,🌟🌟🌟🌟 | B1 | 4.2湘菜￥54/人 | ★,胡子大厨·超级小炒肉 | 精 | 🌟🌟🌟🌟 | B1 | 4.2湘菜￥54/人 | ★ | 点评榜单 | 中山公园/江苏路湘菜回头客榜第5名 | 新发 | 安 | 现炒好吃，环境优雅，服务态度好 | ￥587.4折 | ￥78.7 | 惠 | 【雪碧晚市】 | 甄选单... | ￥989.8折 | 惠 | ￥100100元代金券,ocr/input_videos\上海__长宁来福士__20260825.mp4
OBS-000320,长宁来福士,爱视眸Eyeblling眼镜·蔡司·依视..,爱视眸Eyeblling眼镜·蔡司·依视,眼镜店,4.8,786,B1,rated,True,,rated,parsed,rating_anchor,0.9511,0.941,58,2796,47.775,⭐🌟🌟⭐⭐ | B1 | 眼镜店￥786/人 | 4.8,爱视眸Eyeblling眼镜·蔡司·依视.. | ZEESS | 爱视眸眼镜 | ⭐🌟🌟⭐⭐ | B1 | 眼镜店￥786/人 | 4.8 | EYE BLLING | OG | 点评榜单 | 中山公园/江苏路眼镜店好评榜第7名 | 款式新颖，潮流品牌多 | 十五年上海连锁直营门店 | （ | 【单配镜框】国产自…. | ￥0.85 | 8.5折 | ￥99 | 惠 | ￥8.5 | ￥100代金券 | 惠 | 8.5折,ocr/input_videos\上海__长宁来福士__20260825.mp4
OBS-000321,长宁来福士,大米先生新鲜现炒·自选餐,大米先生新鲜现炒·自选餐,湘菜,3.9,30,6F,rated,True,,rated,parsed,rating_anchor,0.9673,0.9913,53,2820,48.185,3.9湘菜￥30/人 | 6F,大米先生新鲜现炒·自选餐 | 大米先生 | 3.9湘菜￥30/人 | 6F | 鲜肉鲜菜小锅现抄 | 集团直营门店超2000家 | ￥998￥999 | 【新鲜现炒】10-100人及.. | 惠 | ￥18.5 | 9.3折 | ￥20 | 【帮你省薪】20元代. | 惠,ocr/input_videos\上海__长宁来福士__20260825.mp4
OBS-000322,长宁来福士,胡子大厨·超级小炒肉,胡子大厨·超级小炒肉,湘菜,4.2,54,B1,rated,True,,rated,parsed,rating_anchor,0.9494,0.9856,53,2820,48.185,⭐4.2湘菜￥54/人 | B1,胡子大厨·超级小炒肉 | 活肉图 | ⭐4.2湘菜￥54/人 | B1 | 点评榜单 | 中山公园/江苏路湘菜回头客榜第5名 | 安 | 现炒好吃，环境优雅，服务态度好 | ￥587.4折 | ￥78.7 | 惠 | 【雪碧晚市】 | 甄选单.... | ￥989.8折 | 惠 | ￥100100元代金券,ocr/input_videos\上海__长宁来福士__20260825.mp4
OBS-000323,长宁来福士,爱视眸Eyeblling眼镜·蔡司·依视...,爱视眸Eyeblling眼镜·蔡司·依视,眼镜店,4.8,786,B1,rated,True,,rated,parsed,rating_anchor,0.9431,0.9363,57,2820,48.185,4.8眼镜店￥786/人 | B1,爱视眸Eyeblling眼镜·蔡司·依视... | ZEISX | 爱视眸眼镜 | 4.8眼镜店￥786/人 | B1 | EYE BLLING | 点评榜单 | OG | 中山公园/江苏路眼镜店好评榜第7名 | 款式新颖，潮流品牌多 | 3 | 十五年上海连锁直营门店 | ￥0.85 | 8.5折 | ￥99 | 惠 | 【单配镜框】国产自... | ￥8.58.5折 | ￥100代金券 | 惠,ocr/input_videos\上海__长宁来福士__20260825.mp4
OBS-000324,长宁来福士,舒福德智能床,舒福德智能床,智能家居,,,商场内,new_store,False,new_store,ocr_missing,parsed,metadata_anchor,0.9994,0.9989,55,2820,48.185,新店 | 商场内 | 智能家居,舒福德智能床 | 新店 | 商场内 | 智能家居,ocr/input_videos\上海__长宁来福士__20260825.mp4
OBS-000325,长宁来福士,大米先生新鲜现炒·自选餐,大米先生新鲜现炒·自选餐,湘菜,3.9,30,6F,rated,True,,rated,parsed,rating_anchor,0.9653,0.9889,50,2868,49.005,6F | 3.9湘菜￥30/人,大米先生新鲜现炒·自选餐 | 大米先生 | 6F | 3.9湘菜￥30/人 | 鲜肉鲜菜小锅现炒 | 集团直营门店超2000家 | ￥998￥999 | 惠 | 【新鲜现炒】10-100人及.. | ￥18.5 | 9.3折 | 【帮你省薪】20元代.. | ￥20 | 惠,ocr/input_videos\上海__长宁来福士__20260825.mp4
OBS-000326,长宁来福士,胡子大厨·超级小炒肉,胡子大厨·超级小炒肉,湘菜,4.2,54,B1,rated,True,,rated,parsed,rating_anchor,0.966,0.9864,53,2868,49.005,🌟🌟🌟⭐ | 4.2湘菜￥54/人 | B1 | ★,胡子大厨·超级小炒肉 | 活肉图 | 🌟🌟🌟⭐ | 4.2湘菜￥54/人 | B1 | ★ | 点评榜单 | 中山公园/江苏路湘菜回头客榜第5名 | 现炒好吃，环境优雅，服务态度好 | ￥587.4折 | ￥78.7 | 惠 | 甄选单.... | 【雪碧晚市】 | ￥989.8折 | 惠 | ￥100100元代金券,ocr/input_videos\上海__长宁来福士__20260825.mp4
OBS-000327,长宁来福士,爱视眸Eyeblling眼镜·蔡司·依视...,爱视眸Eyeblling眼镜·蔡司·依视,眼镜店,,786,B1,unknown,True,,ocr_missing,parsed,metadata_anchor,0.9397,0.9162,56,2868,49.005,★🌟★⭐🌟 | 眼镜店￥786/人 | B1 | 14.8,爱视眸Eyeblling眼镜·蔡司·依视... | ZEISX | 爱视眸眼镜 | ★🌟★⭐🌟 | 眼镜店￥786/人 | B1 | 14.8 | EYE BLLING | 点评榜单 | OG | 中山公园/江苏路眼镜店好评榜第7名 | 款式新颖，潮流品牌多 | 十五年上海连锁直营门店 | 33 | 8.5折 | ￥99 | ￥0.85 | 惠 | 【单配镜框】国产自... | ￥8.58.5折 | ￥100代金券 | 惠,ocr/input_videos\上海__长宁来福士__20260825.mp4
OBS-000328,长宁来福士,舒福德智能床,舒福德智能床,智能家居,,,商场内,new_store,False,new_store,ocr_missing,parsed,metadata_anchor,0.9996,0.9998,57,2868,49.005,新店 | 商场内 | 智能家居,舒福德智能床 | 新店 | 商场内 | 智能家居 | 耶里夏丽·新疆菜 | QL-AR,ocr/input_videos\上海__长宁来福士__20260825.mp4
OBS-000329,长宁来福士,胡子大厨·超级小炒肉,胡子大厨·超级小炒肉,湘菜,4.2,54,B1,rated,True,,rated,parsed,rating_anchor,0.9514,0.933,51,2880,49.21,4.2湘菜￥54/人 | 🌟🌟🌟🌟 | B1,胡子大厨·超级小炒肉 | 4.2湘菜￥54/人 | 🌟🌟🌟🌟 | B1 | 点评榜单 | 中山公园/江苏路湘菜回头客榜第5名 | 新鲜 | 吃锁好 | 现炒好吃，环境优雅，服务态度好” | 7.4折 | ￥78.7 | ￥58 | 惠 | 甄选单... | 【雪碧晚市】 | ￥98 | 9.8折 | ￥100100元代金券 | 惠,ocr/input_videos\上海__长宁来福士__20260825.mp4
OBS-000330,长宁来福士,爱视眸Eyeblling眼镜·蔡司·依视...,爱视眸Eyeblling眼镜·蔡司·依视,眼镜店,4.8,786,B1,rated,True,,rated,parsed,rating_anchor,0.9475,0.9403,57,2880,49.21,B1 | 🌟🌟⭐⭐⭐4.8 | 眼镜店￥786/人,爱视眸Eyeblling眼镜·蔡司·依视... | 爱视眸眼镜 | B1 | 🌟🌟⭐⭐⭐4.8 | 眼镜店￥786/人 | EYE BLLING | 点评榜单 | 中山公园/江苏路眼镜店好评榜第7名 | 款式新颖，潮流品牌多 | 十五年上海连锁直营门店 | 惠 | ￥0.85 | 8.5折 | ￥99 | 【单配镜框】国产自. | ￥8.5 | 8.5折 | 惠 | ￥100代金券,ocr/input_videos\上海__长宁来福士__20260825.mp4
OBS-000331,长宁来福士,舒福德智能床,舒福德智能床,智能家居,,,商场内,new_store,False,new_store,ocr_missing,parsed,metadata_anchor,0.9993,0.999,54,2880,49.21,新店 | 商场内 | 智能家居,舒福德智能床 | 新店 | 商场内 | 智能家居,ocr/input_videos\上海__长宁来福士__20260825.mp4
OBS-000332,长宁来福士,耶里夏丽·新疆菜,耶里夏丽·新疆菜,新疆菜,4.4,81,6F,rated,True,,rated,parsed,rating_anchor,0.9616,0.9675,51,2880,49.21,6F | 🌟🌟⭐⭐ | 新疆菜￥81/人 | 4.4 | ★,耶里夏丽·新疆菜 | OM | 6F | 🌟🌟⭐⭐ | 新疆菜￥81/人 | 4.4 | ★ | 点评榜单 | yer-shari | 长宁区新疆菜好评榜第1名 | 耶里夏丽 | 新疆美食，地道正宗，热情服务 | 55,ocr/input_videos\上海__长宁来福士__20260825.mp4
OBS-000333,长宁来福士,爱视眸Eyeblling眼镜·蔡司·依视...,爱视眸Eyeblling眼镜·蔡司·依视,眼镜店,,786,B1,unknown,True,,ocr_missing,parsed,metadata_anchor,0.9615,0.9561,58,2916,49.825,B1 | 🌟🌟🌟🌟🌟 | 眼镜店￥786/人 | 14.8,爱视眸Eyeblling眼镜·蔡司·依视... | ZEESS | 爱视眸眼镜 | B1 | 🌟🌟🌟🌟🌟 | 眼镜店￥786/人 | 14.8 | EYE BLLING | OO | 点评榜单 | 中山公园/江苏路眼镜店好评榜第7名 | 款式新颖，潮流品牌多” | 十五年上海连锁直营门店 | ￥99 | ￥0.85 | 8.5折 | 【单配镜框】国产自... | 惠 | ￥100代金券 | ￥8.5 | 8.5折 | 惠,ocr/input_videos\上海__长宁来福士__20260825.mp4
OBS-000334,长宁来福士,舒福德智能床,舒福德智能床,智能家居,,,商场内,new_store,False,new_store,ocr_missing,parsed,metadata_anchor,0.9996,0.9995,52,2916,49.825,新店 | 商场内 | 智能家居,舒福德智能床 | 新店 | 商场内 | 智能家居,ocr/input_videos\上海__长宁来福士__20260825.mp4
OBS-000335,长宁来福士,耶里夏丽·新疆菜,耶里夏丽·新疆菜,新疆菜,4.4,81,6F,rated,True,,rated,parsed,rating_anchor,0.9612,0.965,51,2916,49.825,6F | 🌟🌟🌟🎉 | 新疆菜￥81/人 | 4.4,耶里夏丽·新疆菜 | ROM | 6F | 🌟🌟🌟🎉 | 新疆菜￥81/人 | 4.4 | 点评榜单 | 长宁区新疆菜好评榜第1名 | yer-shari | 耶里夏丽 | 新疆美食，地道正宗，热情服务 | 55 | ￥265.7折 | ￥46 | 惠 | 【超大鸡腿】 | 工作日单... | ￥989.8折 | ￥100 | 【结账必用】100元... | 惠,ocr/input_videos\上海__长宁来福士__20260825.mp4
OBS-000336,长宁来福士,1点点,1点点,茶饮果汁,3.9,18,B1,rated,True,,rated,parsed,rating_anchor,0.9823,0.9998,59,2916,49.825,⭐🌟🌟🌟3.9 | B1 | 茶饮果汁￥18/人,1点点 | ⭐🌟🌟🌟3.9 | B1 | 茶饮果汁￥18/人 | m點 | ￥17.1 | ￥18QQ美莓奶茶 | 9.5折 | （大杯） | 惠,ocr/input_videos\上海__长宁来福士__20260825.mp4
OBS-000337,长宁来福士,蔡澜点心·粵菜,蔡澜点心·粤菜,粤菜馆,3.9,90,3F,rated,True,,rated,parsed,rating_anchor,0.9349,0.9128,51,2916,49.825,3F | 粤菜馆￥90/人 | 🌟🌟🌟🌟⭐ | 3.9,蔡澜点心·粵菜 | 蔡澜 | 3F | 粤菜馆￥90/人 | 🌟🌟🌟🌟⭐ | 3.9 | 夏日上新 | H | 点评榜单 | 中山公园/江苏路粤菜回头客榜第7名 | 鲜配手作 | 昔日辉煌不更” | “品质下滑,ocr/input_videos\上海__长宁来福士__20260825.mp4
OBS-000338,长宁来福士,1点点,1点点,茶饮果汁,3.9,18,B1,rated,True,,rated,parsed,rating_anchor,0.9781,0.9994,67,2976,50.85,3.9茶饮果汁￥18/人 | B1,1点点 | 3.9茶饮果汁￥18/人 | B1 | m點 | 10005000 | 9.5折 | ￥17.1 | ￥18QQ美莓奶茶(大杯) | 惠,ocr/input_videos\上海__长宁来福士__20260825.mp4
OBS-000339,长宁来福士,蔡澜点心·粵菜,蔡澜点心·粤菜,粤菜馆,3.9,90,3F,rated,True,,rated,parsed,rating_anchor,0.9438,0.9458,54,2976,50.85,🌟🌟🌟🌟🌟 | 3F | 粤菜馆￥90/人 | 3.9,蔡澜点心·粵菜 | 蔡澜 | 🌟🌟🌟🌟🌟 | 3F | 粤菜馆￥90/人 | 3.9 | 夏日上新 | 用 | 点评榜单 | 鲜配手作 | 中山公园/江苏路粤菜回头客榜第7名 | 品质下滑，昔日辉煌不再 | “ | 1 | ￥9.93.6折 | 惠 | ￥28 黑松露鲜菌饺【大学... | ￥989.8折 | 惠 | ￥100100元代金券,ocr/input_videos\上海__长宁来福士__20260825.mp4
OBS-000340,长宁来福士,cOS,cOS,服装,4.1,1017,2F,rated,True,,rated,parsed,rating_anchor,0.8085,0.6463,61,2976,50.85,🌟🌟🌟🎉 | 2F | 4.1服装￥1017/人,cOS | 🌟🌟🌟🎉 | 2F | 4.1服装￥1017/人 | 点评榜单 | 中山公园/江苏路服装热门榜第5名 | 简约大气的设计感，棉麻材质舒适,ocr/input_videos\上海__长宁来福士__20260825.mp4
OBS-000341,长宁来福士,爷爷不泡茶NOYEYENOTEA,爷爷不泡茶NOYEYENOTEA,茶饮果汁,3.9,18,B1,rated,True,,rated,parsed,rating_anchor,0.9793,0.9963,51,2976,50.85,3.9茶饮果汁￥18/人 | B1,爷爷不泡茶NOYEYENOTEA | 泰式情限时上新 | 3.9茶饮果汁￥18/人 | B1 | 这里有一家让人回味无穷的餐厅 | 59 | ￥8.95.6折 | ￥16 | 惠 | 【百万爆款】白兰青提,ocr/input_videos\上海__长宁来福士__20260825.mp4
OBS-000342,长宁来福士,1点点,1点点,茶饮果汁,3.9,18,B1,rated,True,,rated,parsed,rating_anchor,0.9865,0.9995,63,3012,51.465,🌟🌟🌟🌟🌟 | B1 | 3.9茶饮果汁￥18/人,1点点 | 🌟🌟🌟🌟🌟 | B1 | 3.9茶饮果汁￥18/人 | 黑點 | ￥17.19.5折 | ￥18QQ美莓奶茶（大杯） | 惠,ocr/input_videos\上海__长宁来福士__20260825.mp4
OBS-000343,长宁来福士,蔡澜点心·粵菜,蔡澜点心·粤菜,粤菜馆,3.9,90,3F,rated,True,,rated,parsed,rating_anchor,0.9546,0.9435,54,3012,51.465,⭐🌟⭐🌟🌟 | 3F | 粤菜馆￥90/人 | 3.9,蔡澜点心·粵菜 | 蔡澜 | ⭐🌟⭐🌟🌟 | 3F | 粤菜馆￥90/人 | 3.9 | 夏日上新。 | 国 | 点评榜单 | 中山公园/江苏路粤菜回头客榜第7名 | 鲜配手作 | 品质下滑，昔日辉煌不再 | 2 | ￥9.93.6折 | ￥28 | 惠 | 黑松露鲜菌饺【大学. | ￥989.8折 | 惠 | ￥100100元代金券,ocr/input_videos\上海__长宁来福士__20260825.mp4
OBS-000344,长宁来福士,COS,COS,服装,4.1,1017,2F,rated,True,,rated,parsed,rating_anchor,0.8234,0.6687,57,3012,51.465,🌟🌟🌟🎉 | 2F | 4.1服装￥1017/人 | ★,COS | 🌟🌟🌟🎉 | 2F | 4.1服装￥1017/人 | ★ | 点评榜单 | 中山公园/江苏路服装热门榜第5名 | 简约气的设计感，棉麻材质舒适 | “,ocr/input_videos\上海__长宁来福士__20260825.mp4
OBS-000345,长宁来福士,爷爷不泡茶 NOYEYENOTEA,爷爷不泡茶NOYEYENOTEA,茶饮果汁,3.9,18,B1,rated,True,,rated,parsed,rating_anchor,0.9717,0.9697,51,3012,51.465,🌟🌟⭐🌟⭐3.9 | B1 | 茶饮果汁￥18/人,爷爷不泡茶 NOYEYENOTEA | 泰式波情限时上新 | 🌟🌟⭐🌟⭐3.9 | B1 | 茶饮果汁￥18/人 | “这有家让回味穷的餐厅 | ￥8.95.6折 | ￥16 | 【百万爆款】白兰青提 | 惠,ocr/input_videos\上海__长宁来福士__20260825.mp4
OBS-000346,长宁来福士,柠檬向右,柠檬向右,茶饮果汁,4.3,20,B1,rated,True,,rated,parsed,rating_anchor,0.9762,0.9908,56,3012,51.465,🌟🌟🌟🌟 | B1 | 茶饮果汁￥20/人 | 4.3,柠檬向右 | LEMONRIAT | 老网吉 | 🌟🌟🌟🌟 | B1 | 茶饮果汁￥20/人 | 4.3 | 点评榜单 | 中山公园/江苏路茶饮果汁好评榜第6名 | 芙莉莲的味觉记忆 | 口感清新，性价比高” | “,ocr/input_videos\上海__长宁来福士__20260825.mp4
OBS-000347,长宁来福士,蔡澜点心·粵菜,蔡澜点心·粤菜,粤菜馆,3.9,90,3F,rated,True,,rated,parsed,rating_anchor,0.9412,0.9375,52,3048,52.081,3F | 🌟🌟🌟🌟🌟 | 粤菜馆￥90/人 | 3.9,蔡澜点心·粵菜 | 蔡澜 | 3F | 🌟🌟🌟🌟🌟 | 粤菜馆￥90/人 | 3.9 | 夏日上新。 | 8 | 点评榜单 | 中山公园/江苏路粤菜回头客榜第7名 | 鲜配手作 | 品质下滑，昔日辉煌不再 | “ | J | ￥9.9 | ￥28黑松露鲜菌饺【大学.. | 3.6折 | 惠 | ￥989.8折 | 惠 | ￥100100元代金券,ocr/input_videos\上海__长宁来福士__20260825.mp4
OBS-000348,长宁来福士,COS,COS,服装,4.1,1017,2F,rated,True,,rated,parsed,rating_anchor,0.8581,0.7589,56,3048,52.081,2F | 🌟🌟🌟⭐ | 4.1服装￥1017/人 | ★,COS | 2F | 🌟🌟🌟⭐ | 4.1服装￥1017/人 | ★ | 点评榜单 | 中山公园/江苏路服装热门榜第5名 | 简约大气的设计感，棉麻材质舒适 | 5,ocr/input_videos\上海__长宁来福士__20260825.mp4
OBS-000349,长宁来福士,爷爷不泡茶NOYEYENOTEA,爷爷不泡茶NOYEYENOTEA,茶饮果汁,3.9,18,B1,rated,True,,rated,parsed,rating_anchor,0.9755,0.9955,51,3048,52.081,3.9茶饮果汁￥18/人 | B1,爷爷不泡茶NOYEYENOTEA | 泰式浓情限时上新 | 3.9茶饮果汁￥18/人 | B1 | 这里有一家让人回味无穷的餐厅 | 5 | ￥8.95.6折 | ￥16 | 惠 | 【百万爆款】白兰青提,ocr/input_videos\上海__长宁来福士__20260825.mp4
OBS-000350,长宁来福士,柠檬向右,柠檬向右,茶饮果汁,4.3,20,B1,rated,True,,rated,parsed,rating_anchor,0.9735,0.9937,59,3048,52.081,🌟🌟🌟🌟 | B1 | 4.3 | 茶饮果汁￥20/人,柠檬向右 | LFMON PIHY | 尚汉白 | 🌟🌟🌟🌟 | B1 | 4.3 | 茶饮果汁￥20/人 | 点评榜单 | 中山公园/江苏路茶饮果汁好评榜第6名 | 芙莉莲的味觉记忆 | 口感清新，性价比高 | ￥21 | ￥146.7折 | 【精选三种柠檬】鸭屎... | 惠,ocr/input_videos\上海__长宁来福士__20260825.mp4
OBS-000351,长宁来福士,cOS,cOS,服装,4.1,1017,2F,rated,True,,rated,parsed,rating_anchor,0.7945,0.6179,60,3096,52.901,2F | 🌟🌟⭐🎉 | 4.1服装￥1017/人 | ★,cOS | 2F | 🌟🌟⭐🎉 | 4.1服装￥1017/人 | ★ | 点评榜单 | 中山公园/江苏路服装热门榜第5名 | 简约大气的设计感，棉麻材质舒适 | “ | 2,ocr/input_videos\上海__长宁来福士__20260825.mp4
OBS-000352,长宁来福士,爷爷不泡茶 NOYEYENOTEA,爷爷不泡茶NOYEYENOTEA,茶饮果汁,3.9,18,B1,rated,True,,rated,parsed,rating_anchor,0.9685,0.9644,54,3096,52.901,🌟🌟🌟🌟 | 3.9茶饮果汁￥18/人 | B1,爷爷不泡茶 NOYEYENOTEA | 泰式政情限时上新 | 🌟🌟🌟🌟 | 3.9茶饮果汁￥18/人 | B1 | “这有家让回味穷的餐厅” | 5.6折 | ￥16 | ￥8.9 | 【百万爆款】白兰青提 | 惠,ocr/input_videos\上海__长宁来福士__20260825.mp4
OBS-000353,长宁来福士,柠檬向右,柠檬向右,茶饮果汁,4.3,20,B1,rated,True,,rated,parsed,rating_anchor,0.9754,0.9886,60,3096,52.901,🌟🌟⭐🌟 | B1 | 茶饮果汁￥20/人 | 4.3 | ★,柠檬向右 | LEMOVROKT | 老降尚 | 🌟🌟⭐🌟 | B1 | 茶饮果汁￥20/人 | 4.3 | ★ | 点评榜单 | 中山公园/江苏路茶饮果汁好评榜第6名 | 芙莉莲的味觉记忆 | 口感清新，性价比高 | “ | ￥146.7折 | ￥21 | 【精选三种柠檬】鸭屎.. | 惠,ocr/input_videos\上海__长宁来福士__20260825.mp4
OBS-000354,长宁来福士,镀二·奢侈品回收寄卖,镀二·奢侈品回收寄卖,奢侈品回收,4.5,,商场内,rated,True,,rated,parsed,rating_anchor,0.9932,0.99,58,3096,52.901,⭐🌟4.5 | 商场内 | 奢侈品回收,镀二·奢侈品回收寄卖 | ⭐🌟4.5 | 商场内 | 奢侈品回收 | 长宁区回收服务销量榜第8名 | 镀二中古 | 中古品牌齐全，试背体验佳” | “ | 惠 | ￥1￥2001代200代金券,ocr/input_videos\上海__长宁来福士__20260825.mp4
OBS-000355,长宁来福士,JDV,JDV,服饰鞋包,4.2,1407,,rated,True,,rated,parsed,rating_anchor,0.9852,0.9985,58,3096,52.901,🌟🌟🎉🌟 | 4.2服饰鞋包￥1407/人 | ★,JDV | 🌟🌟🎉🌟 | 4.2服饰鞋包￥1407/人 | ★,ocr/input_videos\上海__长宁来福士__20260825.mp4
OBS-000356,长宁来福士,爷爷不泡茶NOYEYENOTEA,爷爷不泡茶NOYEYENOTEA,茶饮果汁,3.9,18,B1,rated,True,,rated,parsed,rating_anchor,0.9811,0.9957,55,3132,53.516,🌟🌟⭐💥🌟 | B1 | 茶饮果汁￥18/人 | 3.9,爷爷不泡茶NOYEYENOTEA | 泰式浓情限时上新 | 🌟🌟⭐💥🌟 | B1 | 茶饮果汁￥18/人 | 3.9 | 这里有一家让人回味无穷的餐厅 | ￥16 | ￥8.9 | 5.6折 | 【百万爆款】白兰青提 | 惠,ocr/input_videos\上海__长宁来福士__20260825.mp4
OBS-000357,长宁来福士,柠檬向右,柠檬向右,茶饮果汁,4.3,20,B1,rated,True,,rated,parsed,rating_anchor,0.9746,0.9942,59,3132,53.516,🌟🌟🌟🌟 | B1 | 茶饮果汁￥20/人 | 4.3 | ★,柠檬向右 | LEMON RGHY | 赵螺汉尚 | 🌟🌟🌟🌟 | B1 | 茶饮果汁￥20/人 | 4.3 | ★ | 点评榜单 | 中山公园/江苏路茶饮果汁好评榜第6名 | 芙莉莲的味觉记忆 | 口感清新，性价比高 | 6.7折 | ￥21 | ￥14 | 【精选三种柠檬】鸭屎.. | 惠,ocr/input_videos\上海__长宁来福士__20260825.mp4
OBS-000358,长宁来福士,镀二·奢侈品回收寄卖,镀二·奢侈品回收寄卖,奢侈品回收,4.5,,商场内,rated,True,,rated,parsed,rating_anchor,0.9923,0.9854,50,3132,53.516,🌟⭐🌟4.5 | 商场内 | 奢侈品回收,镀二·奢侈品回收寄卖 | 🌟⭐🌟4.5 | 商场内 | 奢侈品回收 | 长宁区回收服务销量榜第8名 | 镀二中古 | 中古品牌齐全，试背体验佳 | “ | 惠 | ￥1￥2001代200代金券,ocr/input_videos\上海__长宁来福士__20260825.mp4
OBS-000359,长宁来福士,JDV,JDV,服饰鞋包,4.2,1407,,rated,True,,rated,parsed,rating_anchor,0.9865,0.9989,57,3132,53.516,🌟🌟🌟💥🌟 | 4.2服饰鞋包￥1407/人,JDV | 🌟🌟🌟💥🌟 | 4.2服饰鞋包￥1407/人,ocr/input_videos\上海__长宁来福士__20260825.mp4
OBS-000360,长宁来福士,星巴克,星巴克,咖啡,4.4,34,1F,rated,True,,rated,parsed,rating_anchor,0.9754,0.9997,59,3132,53.516,⭐🌟🌟⭐ | 1F | 4.4咖啡￥34/人 | ￥,星巴克 | ⭐🌟🌟⭐ | 1F | 4.4咖啡￥34/人 | ￥,ocr/input_videos\上海__长宁来福士__20260825.mp4
OBS-000361,长宁来福士,镀二·奢侈品回收寄卖,镀二·奢侈品回收寄卖,奢侈品回收,4.5,,商场内,rated,True,,rated,parsed,rating_anchor,0.9913,0.9912,61,3156,53.926,商场内 | 4.5奢侈品回收,镀二·奢侈品回收寄卖 | 商场内 | 4.5奢侈品回收 | 长宁区回收服务销量榜第8名 | 镀二中古 | 中古品牌齐全，试背体验佳” | “ | 惠￥1￥2001代200代金券,ocr/input_videos\上海__长宁来福士__20260825.mp4
OBS-000362,长宁来福士,JDV,JDV,服饰鞋包,4.2,1407,,rated,True,,rated,parsed,rating_anchor,0.9811,0.9991,62,3156,53.926,4.2服饰鞋包￥1407/人,JDV | 4.2服饰鞋包￥1407/人,ocr/input_videos\上海__长宁来福士__20260825.mp4
OBS-000363,长宁来福士,星巴克,星巴克,咖啡,4.4,34,1F,rated,True,,rated,parsed,rating_anchor,0.97,0.9997,66,3156,53.926,🌟🌟⭐⭐🌟 | 1F | 4.4咖啡￥34/人,星巴克 | 🌟🌟⭐⭐🌟 | 1F | 4.4咖啡￥34/人 | 真茶真奶真爱你 | ￥59.97.7折 | ￥78 | 惠 | 【爆款推荐】星巴克.,ocr/input_videos\上海__长宁来福士__20260825.mp4
OBS-000364,长宁来福士,野人先生Gelato,野人先生Gelato,冰淇淋,4.4,28,1F,rated,True,,rated,parsed,rating_anchor,0.9858,0.9983,55,3156,53.926,4.4冰淇淋￥28/人 | 1F | ★★🌟🌟,野人先生Gelato | 欢8A | 山野 | 张瑰 | 4.4冰淇淋￥28/人 | 1F | ★★🌟🌟 | GELATO | 点评榜单 | 长宁区冰淇淋好评榜第4名 | S | ￥369.5折 | ￥38 | 【任意拼】双拼口味冰... | 惠,ocr/input_videos\上海__长宁来福士__20260825.mp4
OBS-000365,长宁来福士,镀二·奢侈品回收寄卖,镀二·奢侈品回收寄卖,奢侈品回收,4.5,,商场内,rated,True,,rated,parsed,rating_anchor,0.9959,0.993,56,3180,54.336,商场内 | 🌟🌟🌟🌟🌟 | 奢侈品回收 | 4.5,镀二·奢侈品回收寄卖 | 商场内 | 🌟🌟🌟🌟🌟 | 奢侈品回收 | 4.5 | 长宁区回收服务销量榜第8名 | 镀二中古 | 中古品牌齐全，试背体验佳 | ≤ | 惠 | ￥1￥2001代200代金券,ocr/input_videos\上海__长宁来福士__20260825.mp4
OBS-000366,长宁来福士,JDV,JDV,服饰鞋包,4.2,1407,,rated,True,,rated,parsed,rating_anchor,0.9861,0.9989,56,3180,54.336,🌟🌟🌟⭐⭐ | 4.2服饰鞋包￥1407/人,JDV | 🌟🌟🌟⭐⭐ | 4.2服饰鞋包￥1407/人,ocr/input_videos\上海__长宁来福士__20260825.mp4
OBS-000367,长宁来福士,星巴克,星巴克,咖啡,4.4,34,1F,rated,True,,rated,parsed,rating_anchor,0.977,0.9996,58,3180,54.336,1F | 🌟🌟🌟🌟 | 4.4咖啡￥34/人 | ★,星巴克 | 1F | 🌟🌟🌟🌟 | 4.4咖啡￥34/人 | ★ | 真茶真奶真爱你 | ￥59.97.7折 | ￥78 | 【爆款推荐】星巴克... | 惠,ocr/input_videos\上海__长宁来福士__20260825.mp4
OBS-000368,长宁来福士,野人先生Gelato,野人先生Gelato,冰淇淋,4.4,28,1F,rated,True,,rated,parsed,rating_anchor,0.9792,0.9984,54,3180,54.336,🌟🌟⭐⭐ | 1F | 冰淇淋￥28/人 | 4.4,野人先生Gelato | 欢A | 山野 | 张瑰 | 🌟🌟⭐⭐ | 1F | 冰淇淋￥28/人 | 4.4 | GELATO | 点评榜单 | B | 长宁区冰淇淋好评榜第4名 | ￥38 | ￥369.5折 | 【任意拼】双拼口味冰... | 惠,ocr/input_videos\上海__长宁来福士__20260825.mp4
OBS-000369,长宁来福士,Ms.Sue秘术工匠银饰DIY,Ms.Sue秘术工匠银饰DIY,DIY手.....,4.7,215,商场内,rated,True,,rated,parsed,rating_anchor,0.8877,0.9964,48,3180,54.336,🌟🌟🌟🌟🌟 | ￥215/人商场内 | 4.7 | DIY手.....,16店同庆 | Ms.Sue秘术工匠银饰DIY | 🌟🌟🌟🌟🌟 | ￥215/人商场内 | 4.7 | DIY手..... | 点评榜单 | 长宁区DIY手工坊热门榜第7名 | 工 | 低至5折起 | 环境干净整洁，节奏感特别惊艳 | 5 | 告,ocr/input_videos\上海__长宁来福士__20260825.mp4
OBS-000370,长宁来福士,镀二·奢侈品回收寄卖,镀二·奢侈品回收寄卖,奢侈品回收,4.5,,商场内,rated,True,,rated,parsed,rating_anchor,0.9926,0.9861,54,3216,54.951,商场内 | 🌟🌟🎉🎉🌟4.5 | 奢侈品回收,镀二·奢侈品回收寄卖 | 商场内 | 🌟🌟🎉🎉🌟4.5 | 奢侈品回收 | 长宁区回收服务销量榜第8名 | 镀二中古 | 中古品牌齐全，试背体验佳” | 《 | 惠 | ￥1￥2001代200代金券,ocr/input_videos\上海__长宁来福士__20260825.mp4
OBS-000371,长宁来福士,JDV,JDV,服饰鞋包,4.2,1407,,rated,True,,rated,parsed,rating_anchor,0.9701,0.9986,62,3216,54.951,4.2服饰鞋包￥1407/人,JDV | 4.2服饰鞋包￥1407/人,ocr/input_videos\上海__长宁来福士__20260825.mp4
OBS-000372,长宁来福士,星巴克,星巴克,咖啡,4.4,34,1F,rated,True,,rated,parsed,rating_anchor,0.9776,0.9995,58,3216,54.951,🌟🌟🌟⭐🌟 | 1F | 4.4咖啡￥34/人,星巴克 | 🌟🌟🌟⭐🌟 | 1F | 4.4咖啡￥34/人 | 真茶真奶真爱你 | ￥59.9 | ￥78 | 7.7折 | 【爆款推荐】星巴克. | 惠,ocr/input_videos\上海__长宁来福士__20260825.mp4
OBS-000373,长宁来福士,野人先生Gelato,野人先生Gelato,冰淇淋,4.4,28,1F,rated,True,,rated,parsed,rating_anchor,0.9879,0.9992,57,3216,54.951,1F | 🌟🌟⭐⭐ | 4.4冰淇淋￥28/人,野人先生Gelato | ea | 山野 | 该瑰 | 1F | 🌟🌟⭐⭐ | 4.4冰淇淋￥28/人 | GELATO | 点评榜单 | 长宁区冰淇淋好评榜第4名 | S | ￥369.5折 | ￥38 | 【任意拼】双拼口味冰... | 惠,ocr/input_videos\上海__长宁来福士__20260825.mp4
OBS-000374,长宁来福士,Ms.Sue秘术工匠银饰DIY,Ms.Sue秘术工匠银饰DIY,DIY手,4.7,215,商场内,rated,True,,rated,parsed,rating_anchor,0.9476,0.9963,51,3216,54.951,4.7 DIY手 | ￥215/人商场内,6店同庆 | Ms.Sue秘术工匠银饰DIY | 4.7 DIY手 | ￥215/人商场内 | 点评榜单 | 长宁区DIY手工坊热门榜第7名 | 佳动 | “环境干净整洁，节奏感特别惊艳 | 低至5折起 | 5 | 广告 | ￥3968.2折 | ￥596 | 【七夕节特惠/2枚】 | 惠,ocr/input_videos\上海__长宁来福士__20260825.mp4
OBS-000375,长宁来福士,野人先生Gelato,野人先生Gelato,冰淇淋,4.4,28,1F,rated,True,,rated,parsed,rating_anchor,0.9852,0.9987,57,3276,55.976,1F | 🌟🌟🌟🌟 | 4.4冰淇淋￥28/人 | ★,野人先生Gelato | 山野 | 该瑰 | 1F | 🌟🌟🌟🌟 | 4.4冰淇淋￥28/人 | ★ | GELATO | 点评榜单 | 长宁区冰淇淋好评榜第4名 | S | ￥369.5折 | ￥38 | 惠 | 【任意拼】双拼口味冰..,ocr/input_videos\上海__长宁来福士__20260825.mp4
OBS-000376,长宁来福士,Ms.Sue秘术工匠银饰DIY,Ms.Sue秘术工匠银饰DIY,DIY手.,4.7,215,商场内,rated,True,,rated,parsed,rating_anchor,0.8749,0.9925,56,3276,55.976,⭐ 4.7 DIY手. | ￥215/人商场内,Ms.Sue秘术工匠银饰DIY | 6店同庆 | ⭐ 4.7 DIY手. | ￥215/人商场内 | 点评榜单 | 长宁区DIY手工坊热门榜第7名 | 运信可Y | 低室5折起 | 环境干净整洁，节奏感特别惊艳 | 55 | “ | 告 | 惠￥3968.2折 | ￥596 | 【七夕节特惠/2枚】 | ￥10￥20代金券 | 惠,ocr/input_videos\上海__长宁来福士__20260825.mp4
OBS-000377,长宁来福士,N2CU SALON,N2CUSALON,美发,4.5,290,商场内,rated,True,,rated,parsed,rating_anchor,0.9626,0.974,47,3276,55.976,商场内 | 4.5美发￥290/人,N2CU SALON | 商场内 | 4.5美发￥290/人 | Hair Salon | 中山公园/江苏路护理销量榜第1名 | “理发师技术好，效果自然” | ￥1688.6折 | ￥198 | 惠 | 【开学季专享】精..,ocr/input_videos\上海__长宁来福士__20260825.mp4
OBS-000378,长宁来福士,瑞幸咖啡,瑞幸咖啡,咖啡,3.9,15,5F,rated,True,,rated,parsed,rating_anchor,0.9707,0.9999,61,3276,55.976,3.9咖啡￥15/人 | 5F,瑞幸咖啡 | 3.9咖啡￥15/人 | 5F | 双杯水茶洁爽登场！ | 果香通 | UNE | 面 | ￥11.45.7折 | ￥20 | 惠 | 【瑞门闭眼入】10选1,ocr/input_videos\上海__长宁来福士__20260825.mp4
OBS-000379,长宁来福士,野人先生Gelato,野人先生Gelato,冰淇淋,4.4,28,1F,rated,True,,rated,parsed,rating_anchor,0.9851,0.9989,58,3288,56.181,1F | 🌟🌟⭐🎉 | 4.4冰淇淋￥28/人,野人先生Gelato | 山野 | 张瑰 | 1F | 🌟🌟⭐🎉 | 4.4冰淇淋￥28/人 | GELATO | 点评榜单 | 长宁区冰淇淋好评榜第4名 | S | ￥369.5折 | ￥38 | 惠 | 【任意拼】双拼口味冰...,ocr/input_videos\上海__长宁来福士__20260825.mp4
OBS-000380,长宁来福士,Ms.Sue秘术工匠银饰DIY,Ms.Sue秘术工匠银饰DIY,DIY手,4.7,215,商场内,rated,True,,rated,parsed,rating_anchor,0.9217,0.995,54,3288,56.181,🌟4.7 DIY手 | ￥215/人商场内,Ms.Sue秘术工匠银饰DIY | 6店同庆 | 🌟4.7 DIY手 | ￥215/人商场内 | 点评榜单 | 长宁区DIY手工坊热门榜第7名 | 医排0Y | 低至5折起 | “环境干净整洁，节奏感特别惊艳 | 55 | 告 | ￥596 | ￥3968.2折 | 【七夕节特惠/2枚】… | 惠 | ￥10￥20代金券 | 惠,ocr/input_videos\上海__长宁来福士__20260825.mp4
OBS-000381,长宁来福士,N2CU SALON,N2CUSALON,美发,4.5,290,商场内,rated,True,,rated,parsed,rating_anchor,0.9525,0.9859,48,3288,56.181,商场内 | 4.5美发￥290/人,N2CU SALON | 商场内 | 4.5美发￥290/人 | Hair Salon | 中山公园/江苏路护理销量榜第1名 | 02CU | 理发师技术好，效果自然 | 3 | ￥198 | ￥1688.6折 | 【开学季专享】精. | 惠,ocr/input_videos\上海__长宁来福士__20260825.mp4
OBS-000382,长宁来福士,瑞幸咖啡,瑞幸咖啡,咖啡,3.9,15,5F,rated,True,,rated,parsed,rating_anchor,0.9764,0.9999,61,3288,56.181,3.9咖啡￥15/人 | 5F,瑞幸咖啡 | 3.9咖啡￥15/人 | 5F | 双杯冰茶清爽登场！ | ￥20 | 惠￥11.45.7折 | 【瑞门闭眼入】10选1,ocr/input_videos\上海__长宁来福士__20260825.mp4
OBS-000383,长宁来福士,野人先生Gelato,野人先生Gelato,冰淇淋,4.4,28,1F,rated,True,,rated,parsed,rating_anchor,0.984,0.9993,59,3324,56.796,🌟⭐ | 1F | 4.4冰淇淋￥28/人,野人先生Gelato | 山野 | 张瑰 | 🌟⭐ | 1F | 4.4冰淇淋￥28/人 | GELATO | 点评榜单 | 长宁区冰淇淋好评榜第4名 | B | ￥369.5折 | ￥38 | 【任意拼】双拼口味冰... | 惠,ocr/input_videos\上海__长宁来福士__20260825.mp4
OBS-000384,长宁来福士,Ms.Sue秘术工匠银饰DIY,Ms.Sue秘术工匠银饰DIY,DIY手.,4.7,215,商场内,rated,True,,rated,parsed,rating_anchor,0.9308,0.9934,54,3324,56.796,4.7 DIY手. | ￥215/人商场内,Ms.Sue秘术工匠银饰DIY | 6店同庆 | 4.7 DIY手. | ￥215/人商场内 | 点评榜单 | 长宁区DIY手工坊热门榜第7名 | 迎Y | 低至5折起 | 环境干净整洁，节奏感特别惊艳 | 59 | 告 | ￥3968.2折 | ￥596 | 惠 | 【七夕节特惠/2枚】 | ￥10￥20代金券 | 惠,ocr/input_videos\上海__长宁来福士__20260825.mp4
OBS-000385,长宁来福士,N2CU SALON,N2CUSALON,美发,4.5,290,商场内,rated,True,,rated,parsed,rating_anchor,0.9715,0.9871,51,3324,56.796,商场内 | 美发￥290/人 | 🌟🌟🌟⭐🌟 | 4.5,N2CU SALON | 商场内 | 美发￥290/人 | 🌟🌟🌟⭐🌟 | 4.5 | Hair Salon | 中山公园/江苏路护理销量榜第1名 | “理发师技术好，效果自然” | 3 | ￥198 | ￥168 | 惠 | 8.6折 | 【开学季专享】精...,ocr/input_videos\上海__长宁来福士__20260825.mp4
OBS-000386,长宁来福士,瑞幸咖啡,瑞幸咖啡,咖啡,3.9,15,5F,rated,True,,rated,parsed,rating_anchor,0.9633,0.9996,60,3324,56.796,✨3.9咖啡￥15/人 | 5F,瑞幸咖啡 | ✨3.9咖啡￥15/人 | 5F | 双杯冰茶清爽登场！ | 酒通署 | 黑 | 西 | ￥11.45.7折 | ￥20 | 【瑞门闭眼入】10选1 | 惠,ocr/input_videos\上海__长宁来福士__20260825.mp4
OBS-000387,长宁来福士,N2CU SALON,N2CUSALON,美发,4.5,290,商场内,rated,True,,rated,parsed,rating_anchor,0.9723,0.984,51,3396,58.027,商场内 | 美发￥290/人 | 🌟🌟🌟🌟🌟 | 4.5,N2CU SALON | 商场内 | 美发￥290/人 | 🌟🌟🌟🌟🌟 | 4.5 | Hair Salon | 中山公园/江苏路护理销量榜第1名 | 理发师技术好，效果自然 | 3 | n2cu | ￥1688.6折 | ￥198 | 【开学季专享】精. | 惠,ocr/input_videos\上海__长宁来福士__20260825.mp4
OBS-000388,长宁来福士,瑞幸咖啡,瑞幸咖啡,咖啡,3.9,15,5F,rated,True,,rated,parsed,rating_anchor,0.9659,0.9999,57,3396,58.027,3.9咖啡￥15/人 | 5F,瑞幸咖啡 | 3.9咖啡￥15/人 | 5F | 双杯冰茶清爽登场！ | ￥11.45.7折 | ￥20 | 【瑞门闭眼入】10选1 | 惠,ocr/input_videos\上海__长宁来福士__20260825.mp4
OBS-000389,长宁来福士,KOI PLUS,KOIPLUS,茶饮果汁,3.9,27,6F,rated,True,,rated,parsed,rating_anchor,0.9629,0.9842,52,3396,58.027,6F | 🌟🌟🌟🌟🌟 | 茶饮果汁￥27/人 | 3.9,KOI PLUS | NCI RuS | 6F | 🌟🌟🌟🌟🌟 | 茶饮果汁￥27/人 | 3.9 | 山野的酸 | 回味的其 | 2 | 夏天解渴神器，清爽不甜腻” | “ | ￥25.6 | 8.9折 | ￥29KOI招牌2选1(杯) | 惠,ocr/input_videos\上海__长宁来福士__20260825.mp4
OBS-000390,长宁来福士,ALINE造型,ALINE造型,美发,4.7,333,商场内,rated,True,,rated,parsed,rating_anchor,0.9677,0.9977,55,3396,58.027,4.7美发￥333/人 | 商场内,ALINE造型 | ALNE | 4.7美发￥333/人 | 商场内 | 点评榜单 | 中山公园/江苏路美发热门榜第9名 | 购买指定团单 | 送 | 星巴克饮品 | 染发效果显白，服务细致专业” | 2 | 广告 | ￥128￥258 | 【首席】精致剪裁+C位造.. | 惠,ocr/input_videos\上海__长宁来福士__20260825.mp4
OBS-000391,长宁来福士,周大生国宝家藏,周大生国宝家藏,黄金首饰,3.7,,,rated,True,,rated,parsed,rating_anchor,0.9367,0.9993,56,3396,58.027,⭐⭐3.7黄金首饰,周大生国宝家藏 | ⭐⭐3.7黄金首饰,ocr/input_videos\上海__长宁来福士__20260825.mp4
OBS-000392,长宁来福士,瑞幸咖啡,瑞幸咖啡,咖啡,3.9,15,5F,rated,True,,rated,parsed,rating_anchor,0.9696,0.9999,57,3432,58.642,5F | 3.9咖啡￥15/人,瑞幸咖啡 | 5F | 3.9咖啡￥15/人 | 双杯冰茶清爽登场！ | 运荟西 | ： | 0 | ￥11.45.7折 | ￥20 | 【瑞门闭眼入】10选1 | 惠,ocr/input_videos\上海__长宁来福士__20260825.mp4
OBS-000393,长宁来福士,KOI PLUS,KOIPLUS,茶饮果汁,3.9,27,6F,rated,True,,rated,parsed,rating_anchor,0.9735,0.9899,49,3432,58.642,6F | ★★★★★ | 茶饮果汁￥27/人 | 3.9,KOI PLUS | NCI RLS | 6F | ★★★★★ | 茶饮果汁￥27/人 | 3.9 | 山野的酸 | 回味的其 | 8 | 夏天解渴神器，清爽不甜腻” | “ | ￥25.68.9折 | ￥29KOI招牌2选1(杯) | 惠,ocr/input_videos\上海__长宁来福士__20260825.mp4
OBS-000394,长宁来福士,ALINE造型,ALINE造型,美发,4.7,333,商场内,rated,True,,rated,parsed,rating_anchor,0.9791,0.9975,54,3432,58.642,⭐🌟🌟⭐🌟 | 商场内 | 美发￥333/人 | 4.7,ALINE造型 | AINE | ⭐🌟🌟⭐🌟 | 商场内 | 美发￥333/人 | 4.7 | 点评榜单 | 中山公园/江苏路美发热门榜第9名 | 购买指定团单 | 送 | 星巴克饮品 | 染发效果显白，服务细致专业” | 广告 | ￥128￥258 | 【席】精致剪裁+C位造... | 惠,ocr/input_videos\上海__长宁来福士__20260825.mp4
OBS-000395,长宁来福士,周大生国宝家藏,周大生国宝家藏,黄金首饰,3.7,,,rated,True,,rated,parsed,rating_anchor,0.9325,0.9993,55,3432,58.642,⭐⭐3.7黄金首饰,周大生国宝家藏 | + | ⭐⭐3.7黄金首饰,ocr/input_videos\上海__长宁来福士__20260825.mp4
OBS-000396,长宁来福士,瑞幸咖啡,瑞幸咖啡,咖啡,3.9,14,B1,rated,True,,rated,parsed,rating_anchor,0.9685,0.9999,57,3432,58.642,🌟🌟🌟🌟 | 咖啡￥14/人 | B1 | 3.9,瑞幸咖啡 | 🌟🌟🌟🌟 | 咖啡￥14/人 | B1 | 3.9,ocr/input_videos\上海__长宁来福士__20260825.mp4
OBS-000397,长宁来福士,瑞幸咖啡,瑞幸咖啡,咖啡,3.9,15,5F,rated,True,,rated,parsed,rating_anchor,0.9742,0.9999,57,3480,59.462,5F | 3.9咖啡￥15/人,瑞幸咖啡 | 5F | 3.9咖啡￥15/人 | 双杯冰茶清爽登场！ | 话 | 资 | 2 | ￥11.45.7折 | ￥20 | 【瑞门闭眼入】10选1 | 惠,ocr/input_videos\上海__长宁来福士__20260825.mp4
OBS-000398,长宁来福士,KOI PLUS,KOIPLUS,茶饮果汁,3.9,27,6F,rated,True,,rated,parsed,rating_anchor,0.9602,0.9841,52,3480,59.462,🌟🌟🌟🌟⭐ | 6F | 茶饮果汁￥27/人 | 3.9,KOI PLUS | NCA RLS | 🌟🌟🌟🌟⭐ | 6F | 茶饮果汁￥27/人 | 3.9 | 山野的酸 | 回味的其 | 夏天解渴神器，清爽不甜腻” | “ | ￥25.68.9折 | 惠 | ￥29KOI招牌2选1(大杯),ocr/input_videos\上海__长宁来福士__20260825.mp4
OBS-000399,长宁来福士,ALINE造型,ALINE造型,美发,4.7,333,商场内,rated,True,,rated,parsed,rating_anchor,0.9732,0.9979,56,3480,59.462,4.7美发￥333/人 | 商场内,ALINE造型 | ALNE | 4.7美发￥333/人 | 商场内 | 点评榜单 | 中山公园/江苏路美发热门榜第9名 | 购买指定团单 | 隆 | 染发效果显白，服务细致专业” | 广告 | 惠￥128￥258 | 【首席】精致剪裁+C位造...,ocr/input_videos\上海__长宁来福士__20260825.mp4
OBS-000400,长宁来福士,周大生国宝家藏,周大生国宝家藏,黄金首饰,3.7,,,rated,True,,rated,parsed,rating_anchor,0.9357,0.9992,57,3480,59.462,⭐⭐3.7黄金首饰,周大生国宝家藏 | 中周大室 | ⭐⭐3.7黄金首饰,ocr/input_videos\上海__长宁来福士__20260825.mp4
OBS-000401,长宁来福士,瑞幸咖啡,瑞幸咖啡,咖啡,3.9,14,B1,rated,True,,rated,parsed,rating_anchor,0.9718,0.9999,57,3480,59.462,3.9咖啡￥14/人 | B1,瑞幸咖啡 | 3.9咖啡￥14/人 | B1 | 香浓美味，一口满足 | 双杯冰茶清爽登场！ | 适荟 | 事 | 西 | □ | Eihu | ￥11.45.7折 | 惠 | ￥20 | 【瑞门闭眼入】10选1,ocr/input_videos\上海__长宁来福士__20260825.mp4
OBS-000402,长宁来福士,瑞幸咖啡,瑞幸咖啡,咖啡,3.9,15,5F,rated,True,,rated,parsed,rating_anchor,0.9818,0.9999,60,3504,59.872,5F | 3.9咖啡￥15/人,瑞幸咖啡 | 5F | 3.9咖啡￥15/人 | 双杯冰茶洁爽登场！ | 4 | ￥20 | 5.7折 | 【瑞门闭眼入】10选1 | ￥11.4 | 惠,ocr/input_videos\上海__长宁来福士__20260825.mp4
OBS-000403,长宁来福士,KOI PLUS,KOIPLUS,茶饮果汁,3.9,27,6F,rated,True,,rated,parsed,rating_anchor,0.9689,0.9895,49,3504,59.872,6F | 🌟🌟🌟🌟🌟 | 茶饮果汁￥27/人 | 3.9,KOI PLUS | NCI PUS | 6F | 🌟🌟🌟🌟🌟 | 茶饮果汁￥27/人 | 山哥的酸 | 3.9 | 回味的其 | LW | 夏天解渴神器，清爽不甜腻” | “ | ￥25.6 | 8.9折 | ￥29KOI招牌2选1(大杯) | 惠,ocr/input_videos\上海__长宁来福士__20260825.mp4
OBS-000404,长宁来福士,ALINE造型,ALINE造型,美发,4.7,333,商场内,rated,True,,rated,parsed,rating_anchor,0.9761,0.9981,55,3504,59.872,商场内 | 🌟🌟⭐⭐🌟 | 美发￥333/人 | 4.7,ALINE造型 | ALNE | 商场内 | 🌟🌟⭐⭐🌟 | 美发￥333/人 | 4.7 | 点评榜单 | 中山公园/江苏路美发热门榜第9名 | 购买指定团单 | 送 | 星巴克饮品 | 染发效果显白，服务细致专业 | “ | 广告 | ￥128￥258 | 【首席】精致剪裁+C位造... | 惠,ocr/input_videos\上海__长宁来福士__20260825.mp4
OBS-000405,长宁来福士,周大生国宝家藏,周大生国宝家藏,黄金首饰,3.7,,,rated,True,,rated,parsed,rating_anchor,0.9918,0.9992,55,3504,59.872,3.7黄金首饰,周大生国宝家藏 | 3.7黄金首饰,ocr/input_videos\上海__长宁来福士__20260825.mp4
OBS-000406,长宁来福士,瑞幸咖啡,瑞幸咖啡,咖啡,3.9,14,B1,rated,True,,rated,parsed,rating_anchor,0.9678,0.9996,60,3504,59.872,🌟🌟⭐🌟⭐ | B1 | 3.9 | 咖啡￥14/人,瑞幸咖啡 | x | 🌟🌟⭐🌟⭐ | B1 | 3.9 | 咖啡￥14/人 | 香浓美味，一口满足” | 双杯冰茶清爽登场！ | 锈 | 调 | 器 | tMNEN | ￥11.45.7折 | 惠 | ￥20 | 【瑞门闭眼入】10选1,ocr/input_videos\上海__长宁来福士__20260825.mp4
OBS-000407,长宁来福士,周大生国宝家藏,周大生国宝家藏,黄金首饰,3.7,,,rated,True,,rated,parsed,rating_anchor,0.9893,0.9991,52,3564,60.897,3.7黄金首饰,周大生国宝家藏 | 3.7黄金首饰,ocr/input_videos\上海__长宁来福士__20260825.mp4
OBS-000408,长宁来福士,瑞幸咖啡,瑞幸咖啡,咖啡,3.9,14,B1,rated,True,,rated,parsed,rating_anchor,0.9744,0.9997,53,3564,60.897,🌟🌟🌟🌟🌟 | 3.9咖啡￥14/人 | B1,瑞幸咖啡 | 🌟🌟🌟🌟🌟 | 3.9咖啡￥14/人 | B1 | 香浓美味，一口满足 | C | 双杯冰茶清爽登场！ | 荟 | 号 | 五 | 图 | ￥11.45.7折 | ￥20 | 惠 | 【瑞门闭眼入】10选1,ocr/input_videos\上海__长宁来福士__20260825.mp4
OBS-000409,长宁来福士,淡马茶坊,淡马茶坊,茶饮果汁,3.9,20,B1,rated,True,,rated,parsed,rating_anchor,0.9776,0.9991,57,3564,60.897,3.9茶饮果汁￥20/人 | B1,淡马茶坊 | 淡马柴坊 | 3.9茶饮果汁￥20/人 | B1 | 旅“棘”酸 | 汉国用 | ￥29 | ￥23.5 | 【招牌必点】白桃生... | 8.2折 | 惠 | ￥9.9 | 6.6折 | ￥1515元代金券 | 惠,ocr/input_videos\上海__长宁来福士__20260825.mp4
OBS-000410,长宁来福士,Dr.stretch·拉伸博士,Dr.stretch·拉伸博士,私教工.,4.6,379,商场内,rated,True,,rated,parsed,rating_anchor,0.9207,0.9645,51,3564,60.897,⭐🌟🌟🌟🌟 | 私教工. | ￥379/人商场内 | 4.6,Dr.stretch·拉伸博士 | ⭐🌟🌟🌟🌟 | 私教工. | ￥379/人商场内 | 4.6 | Drstretch | 拉伸博士 | 中山公园/江苏路私教/团操工作室销量榜第6名 | 拉伸放松到位，环境简洁干净 | 广告全球300+拉伸门店 | 「新客」80min全身拉伸·…. | ￥258￥520 | 惠,ocr/input_videos\上海__长宁来福士__20260825.mp4
OBS-000411,长宁来福士,周大生国宝家藏,周大生国宝家藏,黄金首饰,3.7,,,rated,True,,rated,parsed,rating_anchor,0.9993,0.9992,51,3588,61.307,🌟🌟🌟3.7 | 黄金首饰,周大生国宝家藏 | +月九室 | 🌟🌟🌟3.7 | 黄金首饰,ocr/input_videos\上海__长宁来福士__20260825.mp4
OBS-000412,长宁来福士,瑞幸咖啡,瑞幸咖啡,咖啡,3.9,14,B1,rated,True,,rated,parsed,rating_anchor,0.9659,0.9998,53,3588,61.307,★★★★★ | 3.9咖啡￥14/人 | B1,瑞幸咖啡 | P | ★★★★★ | 3.9咖啡￥14/人 | B1 | 香浓美味，一口满足” | 双杯冰茶清爽登场！ | 运签西 | 5.7折 | ￥11.4 | ￥20 | 【瑞门闭眼入】10选1 | 惠,ocr/input_videos\上海__长宁来福士__20260825.mp4
OBS-000413,长宁来福士,淡马茶坊,淡马茶坊,茶饮果汁,3.9,20,B1,rated,True,,rated,parsed,rating_anchor,0.9744,0.9993,56,3588,61.307,⭐🌟🌟3.9 | B1 | 茶饮果汁￥20/人,淡马茶坊 | 淡马染奶 | 旷野 | ⭐🌟🌟3.9 | B1 | 茶饮果汁￥20/人 | 长棘”酸 | ￥23.5 | 【招牌必点】白桃生... | 8.2折 | 惠 | ￥29 | ￥9.9 | 惠 | 6.6折 | ￥1515元代金券,ocr/input_videos\上海__长宁来福士__20260825.mp4
OBS-000414,长宁来福士,Dr.stretch·拉伸博士,Dr.stretch·拉伸博士,私教工.,4.6,379,商场内,rated,True,,rated,parsed,rating_anchor,0.9653,0.977,48,3588,61.307,🌟🌟🌟🌟🌟 | ￥379/人商场内 | 私教工. | 4.6,Dr.stretch·拉伸博士 | 🌟🌟🌟🌟🌟 | ￥379/人商场内 | 私教工. | 4.6 | Drstretch | 拉伸博士 | 中山公园/江苏路私教/团操工作室销量榜第6名 | 拉伸放松到位，环境简洁干净 | 广告全球300+拉伸门店 | 「新客」80min全身拉伸·…. | ￥258￥520 | 惠,ocr/input_videos\上海__长宁来福士__20260825.mp4
OBS-000415,长宁来福士,honeywell霍尼韦尔厨房电器电器...,honeywell霍尼韦尔厨房电器电器,家用电器,3.7,,商场内,rated,True,,rated,parsed,rating_anchor,0.9771,0.9543,54,3588,61.307,商场内 | 🌟🌟🌟🌟🌟 | 家用电器 | 3.7,honeywell霍尼韦尔厨房电器电器... | Hontywell | 商场内 | 🌟🌟🌟🌟🌟 | 家用电器 | 3.7 | 容量大设计周到，蒸烤箱体验佳,ocr/input_videos\上海__长宁来福士__20260825.mp4
OBS-000416,长宁来福士,周大生国宝家藏,周大生国宝家藏,黄金首饰,3.7,,,rated,True,,rated,parsed,rating_anchor,0.9549,0.9991,51,3600,61.512,⭐3.7黄金首饰,周大生国宝家藏 | 中周大室 | ⭐3.7黄金首饰,ocr/input_videos\上海__长宁来福士__20260825.mp4
OBS-000417,长宁来福士,瑞幸咖啡,瑞幸咖啡,咖啡,3.9,14,B1,rated,True,,rated,parsed,rating_anchor,0.9784,0.9998,53,3600,61.512,B1 | 🌟🌟🌟💥🌟 | 3.9咖啡￥14/人,瑞幸咖啡 | B1 | 🌟🌟🌟💥🌟 | 3.9咖啡￥14/人 | 香浓美味，一口满足 | 双杯冰茶清爽登场！ | 2 | 适 | 5.7折 | ￥11.4 | ￥20 | 【瑞门闭眼入】10选1 | 惠,ocr/input_videos\上海__长宁来福士__20260825.mp4
OBS-000418,长宁来福士,淡马茶坊,淡马茶坊,9茶饮果汁,3.9,20,B1,rated,True,,rated,parsed,rating_anchor,0.9617,0.9989,55,3600,61.512,🌟🌟🌟🌟⭐ | 9茶饮果汁￥20/人 | B1 | 3.9,淡马茶坊 | 淡马菜坊 | 旷野 | 🌟🌟🌟🌟⭐ | 9茶饮果汁￥20/人 | B1 | “棘”酸 | 3.9 | 白桃生.. | ￥23.5 | 8.2折 | ￥29 | 惠 | 【招牌必点】 | 惠 | 6.6折 | ￥1515元代金券 | ￥9.9,ocr/input_videos\上海__长宁来福士__20260825.mp4
OBS-000419,长宁来福士,Dr.stretch·拉伸博士,Dr.stretch·拉伸博士,私教工.,4.6,379,商场内,rated,True,,rated,parsed,rating_anchor,0.9587,0.9762,54,3600,61.512,￥379/人商场内 | 🌟🌟🎉🎉🌟 | 私教工. | 4.6,Dr.stretch·拉伸博士 | ￥379/人商场内 | 🌟🌟🎉🎉🌟 | 私教工. | 4.6 | Drstretch | 拉伸博士 | 中山公园/江苏路私教/团操工作室销量榜第6名 | “拉伸放松到位，环境简洁干净 | 广告全球300+拉伸门店 | ￥258￥520 | 「新客」80min全身拉伸·.. | 惠,ocr/input_videos\上海__长宁来福士__20260825.mp4
OBS-000420,长宁来福士,honeywell霍尼韦尔厨房电器电器...,honeywell霍尼韦尔厨房电器电器,家用电器,3.7,,商场内,rated,True,,rated,parsed,rating_anchor,0.9791,0.9582,56,3600,61.512,商场内 | 🌟🌟⭐3.7 | 家用电器,honeywell霍尼韦尔厨房电器电器... | Honeywell | 商场内 | 🌟🌟⭐3.7 | 家用电器 | 容量大设计周到，蒸烤箱体验佳,ocr/input_videos\上海__长宁来福士__20260825.mp4
OBS-000421,长宁来福士,淡马茶坊,淡马茶坊,茶饮果汁,3.9,20,B1,rated,True,,rated,parsed,rating_anchor,0.9775,0.9996,56,3648,62.333,3.9茶饮果汁￥20/人 | B1,淡马茶坊 | 淡马茶坊 | 教旷野 | 3.9茶饮果汁￥20/人 | B1 | “棘”酸 | 1 | 风 | 惠 | ￥29 | ￥23.58.2折 | 【招牌必点】白桃生. | ￥9.96.6折 | 惠 | ￥1515元代金券,ocr/input_videos\上海__长宁来福士__20260825.mp4
OBS-000422,长宁来福士,Dr.stretch·拉伸博士,Dr.stretch·拉伸博士,私教工.,4.6,379,商场内,rated,True,,rated,parsed,rating_anchor,0.9758,0.9696,48,3648,62.333,★★★★★ | 4.6私教工. | ￥379/人商场内,Dr.stretch·拉伸博士 | ★★★★★ | 4.6私教工. | ￥379/人商场内 | Drstretch | 拉坤博士 | 中山公园/江苏路私教/团操工作室销量榜第6名 | 拉伸放松到位，环境简洁干净 | 2 | 广告全球300+拉伸门店 | 「新客」80min全身拉伸· | ￥258￥520 | 惠,ocr/input_videos\上海__长宁来福士__20260825.mp4
OBS-000423,长宁来福士,honeywell霍尼尔厨房电器电器...,honeywell霍尼尔厨房电器电器,家用电器,3.7,,商场内,rated,True,,rated,parsed,rating_anchor,0.9802,0.9606,54,3648,62.333,商场内 | 🌟🌟🎉🌟🌟 | 家用电器 | 3.7,honeywell霍尼尔厨房电器电器... | Homeynell | 商场内 | 🌟🌟🎉🌟🌟 | 家用电器 | 3.7 | 容量大设计周到，蒸烤箱体验佳,ocr/input_videos\上海__长宁来福士__20260825.mp4
OBS-000424,长宁来福士,Peet's皮爷咖啡,Peet's皮爷咖啡,咖啡,3.9,39,1F,rated,True,,rated,parsed,rating_anchor,0.9667,0.9951,54,3648,62.333,1F | 咖啡￥39/人 | ★★★★★ | 3.9,Peet's皮爷咖啡 | P | Pels | 1F | 咖啡￥39/人 | ★★★★★ | 3.9 | 点评榜单 | 中山公园/江苏路咖啡销量榜第1名 | 馥桂在握 | ￥25.86.7折 | ￥39 | 【新人专享】第一杯.. | 惠,ocr/input_videos\上海__长宁来福士__20260825.mp4
OBS-000425,长宁来福士,霸王茶姬,霸王茶姬,茶饮果汁,3.9,18,B1,rated,True,,rated,parsed,rating_anchor,0.9778,0.9912,53,3648,62.333,🌟🌟3.9 | B1 | 茶饮果汁￥18/人,霸王茶姬 | 🌟🌟3.9 | B1 | 茶饮果汁￥18/人 | CHAGEE | 环境干净，服务周到，性价比高 | 5 | S,ocr/input_videos\上海__长宁来福士__20260825.mp4
OBS-000426,长宁来福士,Dr.stretch·拉伸博士,Dr.stretch·拉伸博士,私教工,4.6,379,商场内,rated,True,,rated,parsed,rating_anchor,0.9327,0.9765,51,3660,62.538,✨4.6私教工 | ￥379/人商场内,Dr.stretch·拉伸博士 | ✨4.6私教工 | ￥379/人商场内 | Drstretch | 拉伸博士 | 中山公园/江苏路私教/团操工作室销量榜第6名 | 拉伸放松到位，环境简洁干净 | 广告全球300+拉伸门店 | 「新客」80min全身拉伸·… | 惠 | ￥258￥520,ocr/input_videos\上海__长宁来福士__20260825.mp4
OBS-000427,长宁来福士,honeywell霍尼韦尔厨房电器电器...,honeywell霍尼韦尔厨房电器电器,家用电器,3.7,,商场内,rated,True,,rated,parsed,rating_anchor,0.8805,0.942,54,3660,62.538,⭐⭐⭐3.7家用电器 | 商场内,honeywell霍尼韦尔厨房电器电器... | Honeywell | ⭐⭐⭐3.7家用电器 | 商场内 | 容量大设计周到，蒸烤箱体验佳,ocr/input_videos\上海__长宁来福士__20260825.mp4
OBS-000428,长宁来福士,Peet's皮爷咖啡,Peet's皮爷咖啡,咖啡,3.9,39,1F,rated,True,,rated,parsed,rating_anchor,0.9432,0.9556,52,3660,62.538,1F | 🌟🌟⭐🌟⭐ | 咖啡￥39/人 | 3.9,Rert | Peet's皮爷咖啡 | 1F | 🌟🌟⭐🌟⭐ | 咖啡￥39/人 | 3.9 | 点评榜单 | 中山公园/江苏路咖啡销量榜第1名 | 馥桂在握 | ￥25.86.7折 | ￥39 | 惠 | 【新人专享】第一杯..,ocr/input_videos\上海__长宁来福士__20260825.mp4
OBS-000429,长宁来福士,霸王茶姬,霸王茶姬,茶饮果汁,3.9,18,B1,rated,True,,rated,parsed,rating_anchor,0.9784,0.9938,56,3660,62.538,⭐🌟🌟⭐3.9 | B1 | 茶饮果汁￥18/人,霸王茶姬 | ⭐🌟🌟⭐3.9 | B1 | 茶饮果汁￥18/人 | CHAGEE | 环境干净，服务周到，性价比高 | ￥189折 | ￥20 | 惠 | 【新会员专享】伯牙绝弦,ocr/input_videos\上海__长宁来福士__20260825.mp4
OBS-000430,长宁来福士,鬼十八密室逃脱·真人NPC·沉浸..,鬼十八密室逃脱·真人NPC·沉浸,密室/....,4.2,154,商场内,rated,True,,rated,parsed,rating_anchor,0.8428,0.9306,56,3660,62.538,★★4.2 | ￥154/人商场内 | 密室/....,鬼十八密室逃脱·真人NPC·沉浸.. | ★★4.2 | ￥154/人商场内 | 密室/....,ocr/input_videos\上海__长宁来福士__20260825.mp4
OBS-000431,长宁来福士,Dr.stretch·拉伸博士,Dr.stretch·拉伸博士,私教工,4.6,379,商场内,rated,True,,rated,parsed,rating_anchor,0.9098,0.9787,50,3708,63.358,⭐⭐⭐4.6私教工 | ￥379/人商场内,Dr.stretch·拉伸博士 | ⭐⭐⭐4.6私教工 | ￥379/人商场内 | Drstretch | 拉伸博士 | 中山公园/江苏路私教/团操工作室销量榜第6名 | “拉伸放松到位，环境简洁干净 | 广告全球300+拉伸门店 | ￥258￥520 | 「新客」80min全身拉伸·.. | 惠,ocr/input_videos\上海__长宁来福士__20260825.mp4
OBS-000432,长宁来福士,honeywell霍尼韦尔廚房电器电器...,honeywell霍尼韦尔厨房电器电器,家用电器,3.7,,商场内,rated,True,,rated,parsed,rating_anchor,0.9226,0.9342,57,3708,63.358,商场内 | ⭐3.7家用电器,honeywell霍尼韦尔廚房电器电器... | Honeywell | 商场内 | ⭐3.7家用电器 | 容量大设计周到，蒸烤箱体验佳 | 1,ocr/input_videos\上海__长宁来福士__20260825.mp4
OBS-000433,长宁来福士,Peet's 皮爷咖啡,Peet's皮爷咖啡,咖啡,3.9,39,1F,rated,True,,rated,parsed,rating_anchor,0.9488,0.9519,52,3708,63.358,1F | 🌟🌟🎉🌟🌟 | 咖啡￥39/人 | 3.9,Rets | Peet's 皮爷咖啡 | 1F | 🌟🌟🎉🌟🌟 | 咖啡￥39/人 | 3.9 | 点评榜单 | 中山公园/江苏路咖啡销量榜第1名 | 馥桂在握 | ￥39 | ￥25.8 | 6.7折 | 惠 | 【新人专享】第一杯...,ocr/input_videos\上海__长宁来福士__20260825.mp4
OBS-000434,长宁来福士,霸王茶姬,霸王茶姬,茶饮果汁,3.9,18,B1,rated,True,,rated,parsed,rating_anchor,0.9774,0.989,53,3708,63.358,🌟🌟⭐🌟🌟 | B1 | 茶饮果汁￥18/人 | 3.9,霸王茶姬 | 🌟🌟⭐🌟🌟 | B1 | 茶饮果汁￥18/人 | 3.9 | CHAGEE | 环境干净，服务周到，性价比高 | ￥189折 | ￥20 | 【新会员专享】伯牙绝弦 | 惠,ocr/input_videos\上海__长宁来福士__20260825.mp4
OBS-000435,长宁来福士,鬼十八密室逃脱·真人NPC·沉浸...,鬼十八密室逃脱·真人NPC·沉浸,密室/....,4.2,154,商场内,rated,True,,rated,parsed,rating_anchor,0.8282,0.9146,51,3708,63.358,🌟🌟🌟⭐⭐ | 密室/.... | ￥154/人商场内 | 4.2,鬼十八密室逃脱·真人NPC·沉浸... | 🌟🌟🌟⭐⭐ | 密室/.... | ￥154/人商场内 | 4.2 | 恐栋NPC率室 | 性份比天花拥 | 您 | 中山公园/江苏路密室/沉浸互动剧回头客榜第4名 | 1 | 恐怖氛围无敌，追逐特别激烈 | 2 | 惠￥10￥20鬼十八天使券【10】,ocr/input_videos\上海__长宁来福士__20260825.mp4
OBS-000436,长宁来福士,霸王茶姬,霸王茶姬,茶饮果汁,3.9,18,B1,rated,True,,rated,parsed,rating_anchor,0.9832,0.994,56,3768,64.383,🌟🌟🌟🌟🌟 | B1 | 3.9茶饮果汁￥18/人,霸王茶姬 | 🌟🌟🌟🌟🌟 | B1 | 3.9茶饮果汁￥18/人 | CHAGEE | “环境干净，服务周到，性价比高 | ￥189折 | ￥20 | 【新会员专享】伯牙绝弦 | 惠,ocr/input_videos\上海__长宁来福士__20260825.mp4
OBS-000437,长宁来福士,鬼十八密室逃脱·真人NPC·沉浸...,鬼十八密室逃脱·真人NPC·沉浸,密室/....,4.2,154,商场内,rated,True,,rated,parsed,rating_anchor,0.8321,0.9242,56,3768,64.383,🌟🌟🌟🎉 | ￥154/人商场内 | 密室/.... | 4.2,鬼十八密室逃脱·真人NPC·沉浸... | 🌟🌟🌟🎉 | ￥154/人商场内 | 密室/.... | 4.2 | 恐布NPC室室 | 性份比天花想 | 心心 | 中山公园/江苏路密室/沉浸互动剧回头客榜第4名 | b | “恐怖氛围无敌，追逐特别激烈” | “ | 【10】 | ￥10￥20鬼十八天使券 | 惠,ocr/input_videos\上海__长宁来福士__20260825.mp4
OBS-000438,长宁来福士,丝涟床垫,丝涟床垫,成品家具,,,商场内,new_store,False,new_store,ocr_missing,parsed,metadata_anchor,0.9963,0.9941,63,3768,64.383,新店 | 商场内 | 成品家具,丝涟床垫 | 直营 | Sealy | 新店 | 商场内 | 成品家具 | 丝涟床垫,ocr/input_videos\上海__长宁来福士__20260825.mp4
OBS-000439,长宁来福士,荔其LIKITEA,荔其LIKITEA,茶饮果汁,3.9,23,B1,rated,True,,rated,parsed,rating_anchor,0.978,0.9971,52,3768,64.383,🌟🌟🌟🌟🌟 | B1 | 茶饮果汁￥23/人 | 3.9,荔其LIKITEA | X | CIO.DAIOMGW | 云雾龙服和定 | 🌟🌟🌟🌟🌟 | B1 | 茶饮果汁￥23/人 | 3.9 | 清爽口感，酒酿加分，环境优雅” | ￥16.87.7折 | 【招牌力作】青瓜牛.. | ￥22 | 惠,ocr/input_videos\上海__长宁来福士__20260825.mp4
OBS-000440,长宁来福士,星巴克,星巴克,咖啡,3.9,36,6F,rated,True,,rated,parsed,rating_anchor,0.979,0.9995,59,3768,64.383,3.9咖啡￥36/人 | 6F,星巴克 | 3.9咖啡￥36/人 | 6F | 真茶真奶真爱你 | 惠 | ￥59.97.7折 | 【爆款推荐】星巴克. | ￥78,ocr/input_videos\上海__长宁来福士__20260825.mp4
OBS-000441,长宁来福士,丝涟床垫,丝涟床垫,成品家具,,,商场内,new_store,False,new_store,ocr_missing,parsed,metadata_anchor,0.9979,0.9968,62,3840,65.613,新店 | 成品家具 | 商场内,丝涟床垫 | 直营 | Sealy | 新店 | 成品家具 | 商场内 | 丝涟床垫,ocr/input_videos\上海__长宁来福士__20260825.mp4
OBS-000442,长宁来福士,荔其LIKITEA,荔其LIKITEA,茶饮果汁,3.9,23,B1,rated,True,,rated,parsed,rating_anchor,0.9809,0.9966,55,3840,65.613,3.9茶饮果汁￥23/人 | B1,荔其LIKITEA | X6 | CODALOMGW | 云等龙羽定 | 3.9茶饮果汁￥23/人 | B1 | 清爽口感，酒酿加分，环境优雅 | ￥22 | ￥16.87.7折 | 【招牌力作】青瓜牛. | 惠,ocr/input_videos\上海__长宁来福士__20260825.mp4
OBS-000443,长宁来福士,星巴克,星巴克,咖啡,3.9,36,6F,rated,True,,rated,parsed,rating_anchor,0.9776,0.9992,62,3840,65.613,3.9咖啡￥36/人 | 6F,星巴克 | 3.9咖啡￥36/人 | 6F | 真茶真奶真爱你 | ￥59.97.7折 | ￥78 | 【爆款推荐】星巴克. | 惠,ocr/input_videos\上海__长宁来福士__20260825.mp4
OBS-000444,长宁来福士,美丽田园,美丽田园,SPA美体,4.1,413,商场内,rated,True,,rated,parsed,rating_anchor,0.9803,0.9998,64,3840,65.613,4.1SPA美体￥413/人 | 商场内,美丽田园 | 4.1SPA美体￥413/人 | 商场内 | 美麗田園 | 中山公园/江苏路瘦身塑形销量榜第3名 | BEAUTY FARM | “环境净整洁，面部清洁细致温柔” | 厂告 | ￥211 | 4.5折 | ￥1140SPA放松助眠I全. | 惠,ocr/input_videos\上海__长宁来福士__20260825.mp4
OBS-000445,长宁来福士,美丽田园,美丽田园,SPA美体,4.1,413,商场内,rated,True,,rated,parsed,rating_anchor,0.9879,0.9997,60,3912,66.844,商场内 | ★★★★ | 4.1SPA美体￥413/人 | ★,美丽田园 | 商场内 | ★★★★ | 4.1SPA美体￥413/人 | ★ | 美麗田園 | 中山公园/江苏路瘦身塑形销量榜第3名 | BEAUTY FARM | “环境干净整洁，面部清洁细致温柔” | 广告 | ￥1140SPA放松助眠I全. | ￥2114.5折 | 惠,ocr/input_videos\上海__长宁来福士__20260825.mp4
OBS-000446,长宁来福士,RAVOUX,RAVOUX,服装,4.5,1341,商场内,rated,True,,rated,parsed,rating_anchor,0.9763,0.9979,49,3912,66.844,商场内 | 4.5服装￥1341/人,RAVOUX | 商场内 | 4.5服装￥1341/人 | 氛围超舒服，真丝衬衫级感” | 心,ocr/input_videos\上海__长宁来福士__20260825.mp4
OBS-000447,长宁来福士,Flügger丹麦福乐阁涂料·咖啡,Flügger丹麦福乐阁涂料·咖啡,咖啡,4.0,28,3F,rated,True,,rated,parsed,rating_anchor,0.9638,0.988,67,3912,66.844,🌟🌟🌟🎉 | 3F | 咖啡￥28/人 | 4.0,Flügger丹麦福乐阁涂料·咖啡 | 🌟🌟🌟🎉 | 3F | 咖啡￥28/人 | 4.0 | 点评榜单 | 中山公园/江苏路咖啡销量榜第7名 | Fligger | SNCE27 | ￥227.4折 | ￥30 | 惠 | 【人气爆款】小杯经典.,ocr/input_videos\上海__长宁来福士__20260825.mp4
OBS-000448,长宁来福士,太犇牛手作茶铺,太犇牛手作茶铺,茶饮果汁,,19,B1,new_store,False,new_store,ocr_missing,parsed,metadata_anchor,0.983,0.9973,55,3912,66.844,新店 | 茶饮果汁￥19/人 | B1,太犇牛手作茶铺 | 次纯牛 | 新店 | 茶饮果汁￥19/人 | B1 | 点评榜单 | 中山公园/江苏路茶饮果汁新店榜第4名 | ￥4.83.7折 | ￥13超浓牛乳手工冰淇淋.. | 惠,ocr/input_videos\上海__长宁来福士__20260825.mp4
OBS-000449,长宁来福士,美丽田园,美丽田园,SPA美体,4.1,413,商场内,rated,True,,rated,parsed,rating_anchor,0.9866,0.9998,57,3924,67.049,商场内 | 🌟🌟🌟🌟 | 4.1SPA美体￥413/人,美丽田园 | 商场内 | 🌟🌟🌟🌟 | 4.1SPA美体￥413/人 | 美麗田園 | 中山公园/江苏路瘦身塑形销量榜第3名 | BEAUTY FARM | “环境干净整洁，面部清洁细致温柔” | 广告 | ￥211 | 4.5折 | 惠 | ￥1140SPA放松助眠1全..,ocr/input_videos\上海__长宁来福士__20260825.mp4
OBS-000450,长宁来福士,RAVOUX,RAVOUX,服装,4.5,1341,商场内,rated,True,,rated,parsed,rating_anchor,0.9751,0.9982,49,3924,67.049,商场内 | 4.5服装￥1341/人,RAVOUX | 商场内 | 4.5服装￥1341/人 | 氛围超舒服，真丝衬衫高级感十”,ocr/input_videos\上海__长宁来福士__20260825.mp4
OBS-000451,长宁来福士,Flügger丹麦福乐阁涂料·咖啡,Flügger丹麦福乐阁涂料·咖啡,咖啡,4.0,28,3F,rated,True,,rated,parsed,rating_anchor,0.9659,0.9897,65,3924,67.049,3F | 🌟🌟🌟🌟 | 咖啡￥28/人 | 4.0 | ★,Flügger丹麦福乐阁涂料·咖啡 | Coffee. | 3F | 🌟🌟🌟🌟 | 咖啡￥28/人 | 4.0 | ★ | 1 | 点评榜单 | 中山公园/江苏路咖啡销量榜第7名 | Fligger | ￥227.4折 | 惠 | ￥30 | 【人气爆款】小杯经典.,ocr/input_videos\上海__长宁来福士__20260825.mp4
OBS-000452,长宁来福士,太犇牛手作茶铺,太犇牛手作茶铺,茶饮果汁,,19,B1,new_store,False,new_store,ocr_missing,parsed,metadata_anchor,0.9762,0.9954,55,3924,67.049,新店 | 茶饮果汁￥19/人 | B1,太犇牛手作茶铺 | 永线牛 | 新店 | 茶饮果汁￥19/人 | B1 | 点评榜单 | 中山公园/江苏路茶饮果汁新店榜第4名 | ￥4.83.7折 | ￥13超浓牛乳手工冰淇淋... | 惠,ocr/input_videos\上海__长宁来福士__20260825.mp4
OBS-000453,长宁来福士,松青太·AI机器人按摩,松青太·AI机器人按摩,休闲按摩足浴,4.8,158,,rated,True,,rated,parsed,rating_anchor,0.9681,0.9849,53,3924,67.049,4.8休闲按摩足浴￥158/人,松青太·AI机器人按摩 | 肩颈 | 4.8休闲按摩足浴￥158/人 | 舒缓 | 燃脂塑型效果好，服务超级贴心 | 就找松青太,ocr/input_videos\上海__长宁来福士__20260825.mp4
OBS-000454,长宁来福士,美丽田园,美丽田园,SPA美体,4.1,413,商场内,rated,True,,rated,parsed,rating_anchor,0.9856,0.9996,60,3960,67.664,⭐🌟🌟⭐ | 商场内 | 4.1SPA美体￥413/人 | ★,美丽田园 | ⭐🌟🌟⭐ | 商场内 | 4.1SPA美体￥413/人 | ★ | 美麗田園 | 中山公园/江苏路瘦身塑形销量榜第3名 | BEAUTY FARM | 环境干净整洁，面部清洁细致温柔” | ￥2114.5折 | ￥1140SPA放松助眠I全... | 惠,ocr/input_videos\上海__长宁来福士__20260825.mp4
OBS-000455,长宁来福士,RAVOUX,RAVOUX,服装,4.5,1341,商场内,rated,True,,rated,parsed,rating_anchor,0.9816,0.9977,49,3960,67.664,商场内 | 4.5服装￥1341/人,RAVOUX | 商场内 | 4.5服装￥1341/人 | 氛围超舒服，真丝衬衫高级感十”,ocr/input_videos\上海__长宁来福士__20260825.mp4
OBS-000456,长宁来福士,Flügger丹麦福乐阁涂料·咖啡,Flügger丹麦福乐阁涂料·咖啡,咖啡,4.0,28,3F,rated,True,,rated,parsed,rating_anchor,0.9692,0.9913,61,3960,67.664,🌟🌟⭐⭐ | 3F | 咖啡￥28/人 | 4.0,Flügger丹麦福乐阁涂料·咖啡 | palnt. | Coffee | .Colour | 🌟🌟⭐⭐ | 3F | 咖啡￥28/人 | 4.0 | 点评榜单 | 中山公园/江苏路咖啡销量榜第7名 | Fligger | 5ICE578 | ￥227.4折 | ￥30 | 【人气爆款】小杯经典.. | 惠,ocr/input_videos\上海__长宁来福士__20260825.mp4
OBS-000457,长宁来福士,太犇牛手作茶铺,太犇牛手作茶铺,茶饮果汁,,19,B1,new_store,False,new_store,ocr_missing,parsed,metadata_anchor,0.9821,0.9972,52,3960,67.664,新店 | 茶饮果汁￥19/人 | B1,太犇牛手作茶铺 | 木遇牛 | 新店 | 茶饮果汁￥19/人 | B1 | 点评榜单 | 中山公园/江苏路茶饮果汁新店榜第4名 | ￥4.83.7折 | 惠 | ￥13超浓牛乳手工冰淇淋...,ocr/input_videos\上海__长宁来福士__20260825.mp4
OBS-000458,长宁来福士,松青太·AI机器人按摩,松青太·AI机器人按摩,休闲按摩足浴,4.8,158,5F,rated,True,,rated,parsed,rating_anchor,0.9754,0.9862,54,3960,67.664,4.8休闲按摩足浴￥158/人 | 5F,松青太·AI机器人按摩 | 肩颈 | 4.8休闲按摩足浴￥158/人 | 5F | 舒缓 | 燃脂塑型效果好，服务超级贴心 | 5 | 就找松青太 | ￥09 | 新客体验 | ￥1294.4折 | ￥299安神舒眠1头部放.. | 惠,ocr/input_videos\上海__长宁来福士__20260825.mp4
OBS-000459,长宁来福士,太犇牛手作茶铺,太犇牛手作茶铺,茶饮果汁,,19,B1,new_store,False,new_store,ocr_missing,parsed,metadata_anchor,0.9662,0.999,52,4020,68.689,新店 | B1 | 茶饮果汁￥19/人,太犇牛手作茶铺 | 太苑半 | 新店 | B1 | 茶饮果汁￥19/人 | 点评榜单 | 中山公园/江苏路茶饮果汁新店榜第4名 | ￥4.83.7折 | 惠 | ￥13超浓牛乳手工冰淇淋....,ocr/input_videos\上海__长宁来福士__20260825.mp4
OBS-000460,长宁来福士,松青太·AI机器人按摩,松青太·AI机器人按摩,休闲按摩浴,4.8,158,5F,rated,True,,rated,parsed,rating_anchor,0.9604,0.9857,54,4020,68.689,4.8休闲按摩浴￥158/人 | 5F,松青太·AI机器人按摩 | 肩颈 | 4.8休闲按摩浴￥158/人 | 5F | 舒缓 | 燃脂塑型效果好，服务超级贴心” | 就找松膏太 | ￥69 | 新宫体验 | ￥1294.4折 | ￥299 | 惠 | 安神舒眠|头部放.,ocr/input_videos\上海__长宁来福士__20260825.mp4
OBS-000461,长宁来福士,汇丰银行,汇丰银行,营业网点,3.9,,商场内,rated,True,,rated,parsed,rating_anchor,0.9997,0.9997,57,4020,68.689,商场内 | 🌟*★3.9 | 营业网点,风日汇丰 | 汇丰银行 | 商场内 | 🌟*★3.9 | 营业网点 | 1928 | 17:00休息,ocr/input_videos\上海__长宁来福士__20260825.mp4
OBS-000462,长宁来福士,椿田熟成茶行,椿田熟成茶行,茶饮果汁,3.9,22,1F,rated,True,,rated,parsed,rating_anchor,0.9712,0.9862,55,4020,68.689,⭐🌟🌟💥🌟 | 1F | 3.9 | 茶饮果汁￥22/人,椿田熟成茶行 | ⭐🌟🌟💥🌟 | 1F | 3.9 | 茶饮果汁￥22/人 | CHUNTIAN | 点评榜单 | 中山公园/江苏路茶饮果汁打卡人气榜... | 格田熟式茶件 | ￥16.79.9折 | ￥17 | 惠 | 【冷榨苹果】富士苹...,ocr/input_videos\上海__长宁来福士__20260825.mp4
OBS-000463,长宁来福士,由心咖啡,由心咖啡,咖啡,4.6,24,1F,rated,True,,rated,parsed,rating_anchor,0.9705,0.9984,59,4020,68.689,1F | 🌟🌟🌟🌟🌟 | 4.6咖啡￥24/人,由心咖啡 | 1F | 🌟🌟🌟🌟🌟 | 4.6咖啡￥24/人 | UOOXCOFFEE | 由心啡 | 点评榜单 | 中山公园/江苏路咖啡回头客榜第8名,ocr/input_videos\上海__长宁来福士__20260825.mp4
OBS-000464,长宁来福士,太犇牛手作茶铺,太犇牛手作茶铺,茶饮果汁,,19,B1,new_store,False,new_store,ocr_missing,parsed,metadata_anchor,0.9786,0.9922,52,4056,69.304,新店 | B1 | 茶饮果汁￥19/人,太犇牛手作茶铺 | 太宛牛 | 新店 | B1 | 茶饮果汁￥19/人 | 点评榜单 | 中山公园/江苏路茶饮果汁新店榜第4名 | ￥4.83.7折 | ￥13超浓牛乳手工冰淇淋... | 惠,ocr/input_videos\上海__长宁来福士__20260825.mp4
OBS-000465,长宁来福士,松青太·AI机器人按摩,松青太·AI机器人按摩,休闲按摩足浴,4.8,158,5F,rated,True,,rated,parsed,rating_anchor,0.9766,0.9846,51,4056,69.304,4.8休闲按摩足浴￥158/人 | 5F,松青太·AI机器人按摩 | 肩颈 | 4.8休闲按摩足浴￥158/人 | 5F | 舒缓 | 燃脂塑型效果好，服务超级贴心” | 就找松晋太 | 美9 | S | 新客体验 | ￥1294.4折 | ￥299 | 惠 | 安神舒眠|头部放...,ocr/input_videos\上海__长宁来福士__20260825.mp4
OBS-000466,长宁来福士,汇丰银行,汇丰银行,营业网点,3.9,,商场内,rated,True,,rated,parsed,rating_anchor,0.9978,0.9997,57,4056,69.304,3.9营业网点 | 商场内 | 🌟🌟🌟🌟🌟,威汇丰 | 汇丰银行 | 3.9营业网点 | 商场内 | 19288 | 🌟🌟🌟🌟🌟 | 17:00休息,ocr/input_videos\上海__长宁来福士__20260825.mp4
OBS-000467,长宁来福士,椿田熟成茶行,椿田熟成茶行,茶饮果汁,3.9,22,1F,rated,True,,rated,parsed,rating_anchor,0.9659,0.9784,52,4056,69.304,1F | 茶饮果汁￥22/人 | ★🌟★★★ | 3.9,椿田熟成茶行 | 1F | 茶饮果汁￥22/人 | ★🌟★★★ | 3.9 | CHUNTIAN | 点评榜单 | 中山公园/江苏路茶饮果汁打卡人气榜. | 格田联成茶行 | ￥16.79.9折 | ￥17 | 【冷榨苹果】富士苹... | 惠,ocr/input_videos\上海__长宁来福士__20260825.mp4
OBS-000468,长宁来福士,由心咖啡,由心咖啡,咖啡,4.6,24,1F,rated,True,,rated,parsed,rating_anchor,0.9727,0.9988,57,4056,69.304,1F | 🌟🌟⭐🌟🌟 | 4.6咖啡￥24/人,由心咖啡 | 1F | 🌟🌟⭐🌟🌟 | 4.6咖啡￥24/人 | UOOXCOFFEE | 由心啡 | 点评榜单 | 中山公园/江苏路咖啡回头客榜第8名 | 这家店是长宁来福士的打卡必选 | ￥165.6折 | ￥29由心1+1【心】能量早餐 | 惠,ocr/input_videos\上海__长宁来福士__20260825.mp4
OBS-000469,长宁来福士,汇丰银行,汇丰银行,营业网点,3.9,,商场内,rated,True,,rated,parsed,rating_anchor,0.9096,0.9997,56,4092,69.919,⭐⭐⭐3.9营业网点 | 商场内,成日汇丰 | 汇丰银行 | ⭐⭐⭐3.9营业网点 | 商场内 | 1928 | 17:00休息,ocr/input_videos\上海__长宁来福士__20260825.mp4
OBS-000470,长宁来福士,椿田熟成茶行,椿田熟成茶行,茶饮果汁,3.9,22,1F,rated,True,,rated,parsed,rating_anchor,0.9761,0.989,55,4092,69.919,1F | 🌟🌟🌟🌟⭐3.9 | 茶饮果汁￥22/人,椿田熟成茶行 | 1F | 🌟🌟🌟🌟⭐3.9 | 茶饮果汁￥22/人 | CHUNTIAN | 点评榜单 | 中山公园/江苏路茶饮果汁打卡人气榜... | 田熟式茶件 | ￥17 | ￥16.79.9折 | 【冷榨苹果】富士苹... | 惠,ocr/input_videos\上海__长宁来福士__20260825.mp4
OBS-000471,长宁来福士,由心咖啡,由心咖啡,咖啡,4.6,24,1F,rated,True,,rated,parsed,rating_anchor,0.9651,0.9985,59,4092,69.919,1F | 4.6咖啡￥24/人 | ⭐🌟★⭐🌟,由心咖啡 | 1F | 4.6咖啡￥24/人 | ⭐🌟★⭐🌟 | UOOXCOFFEE | 由心啡 | 点评榜单 | 中山公园/江苏路咖啡回头客榜第8名 | “这家店是长宁来福士的打卡必选” | 惠￥165.6折 | ￥29由心1+1【心】能量早餐,ocr/input_videos\上海__长宁来福士__20260825.mp4
OBS-000472,长宁来福士,Ms.Sue秘术工匠银饰DIY,Ms.Sue秘术工匠银饰DIY,DIY手,4.7,215,商场内,rated,True,,rated,parsed,rating_anchor,0.9087,0.9778,53,4092,69.919,🌟⭐4.7 DIY手 | ￥215/人商场内,Ms.Sue秘术工匠银饰DIY | 16店同庆 | 🌟⭐4.7 DIY手 | ￥215/人商场内 | 点评榜单 | 长宁区DIY手工坊热门榜第7名 | D | 低至5折起 | 环境干净整洁，节奏感特别惊艳 | 3 | 广告 | ￥3968.2折 | ￥596 | 惠 | 【七夕节特惠/2枚】 | 惠 | ￥10￥20代金券,ocr/input_videos\上海__长宁来福士__20260825.mp4
OBS-000473,长宁来福士,汇丰银行,汇丰银行,营业网点,3.9,,商场内,rated,True,,rated,parsed,rating_anchor,0.9997,0.9997,60,4140,70.739,营业网点 | 商场内 | ⭐🌟🌟🌟⭐3.9,日汇丰 | 汇丰银行 | 营业网点 | 商场内 | ⭐🌟🌟🌟⭐3.9 | N928 | 17:00休息,ocr/input_videos\上海__长宁来福士__20260825.mp4
OBS-000474,长宁来福士,椿田熟成茶行,椿田熟成茶行,茶饮果汁,3.9,22,1F,rated,True,,rated,parsed,rating_anchor,0.9616,0.9692,57,4140,70.739,⭐🌟🌟💥🌟 | 1F | 茶饮果汁￥22/人 | 3.9,椿田熟成茶行 | ⭐🌟🌟💥🌟 | 1F | 茶饮果汁￥22/人 | 3.9 | CHUNTIAN | 点评榜单 | 中山公园/江苏路茶饮果汁打卡人气榜... | 停田熟式茶行 | ￥16.79.9折 | ￥17 | 【冷榨苹果】富士苹.. | 惠,ocr/input_videos\上海__长宁来福士__20260825.mp4
OBS-000475,长宁来福士,由心咖啡,由心咖啡,咖啡,4.6,24,1F,rated,True,,rated,parsed,rating_anchor,0.9598,0.9989,56,4140,70.739,★★🌟🌟🌟 | 1F | 咖啡￥24/人 | 4.6,由心咖啡 | ★★🌟🌟🌟 | 1F | 咖啡￥24/人 | 4.6 | UOOXCOFFEE | 由心t啡 | 点评单 | 中山公园/江苏路咖啡回头客榜第8名 | 这家店是长宁来福士的打卡必选 | 5 | ￥165.6折 | ￥29由心1+1【心】能量早餐 | 惠,ocr/input_videos\上海__长宁来福士__20260825.mp4
OBS-000476,长宁来福士,Ms.Sue秘术工匠银饰DIY,Ms.Sue秘术工匠银饰DIY,DIY手.,4.7,215,商场内,rated,True,,rated,parsed,rating_anchor,0.8864,0.9925,53,4140,70.739,⭐🌟 4.7 DIY手. | ￥215/人商场内,Ms.Sue秘术工匠银饰DIY | 16店同庆 | ⭐🌟 4.7 DIY手. | ￥215/人商场内 | 点评榜单 | 长宁区DIY手工坊热门榜第7名 | 0Y | 低至5折起 | “环境干净整洁，节奏感特别惊艳 | 55 | 告 | ￥3968.2折 | ￥596 | 惠 | 【七夕节特惠/2枚】… | 惠 | ￥10￥20代金券,ocr/input_videos\上海__长宁来福士__20260825.mp4
OBS-000477,长宁来福士,来福士-停车场,来福士-停车场,停车场,3.4,22,B2,rated,True,,rated,parsed,rating_anchor,0.9391,0.9629,52,4140,70.739,★3.4停车场￥22/人 | B2,来福士-停车场 | ★3.4停车场￥22/人 | B2 | 停车场宽敞，充电桩选择多”,ocr/input_videos\上海__长宁来福士__20260825.mp4
OBS-000478,长宁来福士,Ms.Sue秘术工匠银饰DIY,Ms.Sue秘术工匠银饰DIY,DIY手.,4.7,215,商场内,rated,True,,rated,parsed,rating_anchor,0.9208,0.9937,48,4176,71.354,4.7 DIY手. | ￥215/人商场内,6店同庆 | Ms.Sue秘术工匠银饰DIY | 4.7 DIY手. | ￥215/人商场内 | 点评榜单 | 长宁区DIY手工坊热门榜第7名 | THDY | 低至5折起 | 环境干净整洁，节奏感特别惊艳 | 3 | 广告 | ￥3968.2折 | ￥596 | 【七夕节特惠/2枚】 | 惠 | ￥10￥20代金券 | 惠,ocr/input_videos\上海__长宁来福士__20260825.mp4
OBS-000479,长宁来福士,来福士-停车场,来福士-停车场,停车场,3.4,22,B2,rated,True,,rated,parsed,rating_anchor,0.9706,0.9817,55,4176,71.354,3.4停车场￥22/人 | B2,来福士-停车场 | 3.4停车场￥22/人 | B2 | 停车场宽敬，充电桩选择多”,ocr/input_videos\上海__长宁来福士__20260825.mp4
OBS-000480,长宁来福士,BeanBANG泰巧茶铺,BeanBANG泰巧茶铺,茶饮果汁,,21,B1,new_store,False,new_store,ocr_missing,parsed,metadata_anchor,0.9658,0.9983,51,4176,71.354,新店 | B1 | 茶饮果汁￥21/人,BeanBANG泰巧茶铺 | BenBANG | M | 新店 | B1 | 茶饮果汁￥21/人 | 况 | 283 | A电 | ￥9.95.5折 | ￥18 | 【新店开业】血糯米.. | 惠,ocr/input_videos\上海__长宁来福士__20260825.mp4
OBS-000481,长宁来福士,M Stand,MStand,咖啡,3.9,29,2F,rated,True,,rated,parsed,rating_anchor,0.9363,0.9272,54,4176,71.354,2F | ★★*★3.9 | 咖啡￥29/人,M Stand | 芒果凤梨系列上新 | 2F | ★★*★3.9 | 咖啡￥29/人 | 点评榜单 | 中山公园/江苏路咖啡销量榜第5名 | ￥27.57.3折 | ￥38 | 【第一次喝】招牌特.. | 惠,ocr/input_videos\上海__长宁来福士__20260825.mp4
OBS-000482,长宁来福士,Ms.Sue秘术工匠银饰DIY,Ms.Sue秘术工匠银饰DIY,DIY手....,4.7,,商场内,rated,True,,rated,parsed,rating_anchor,0.9221,0.9862,51,4188,71.559,￥215/商场内 | 🌟🌟🌟🌟🌟 | 4.7DIY手....,Ms.Sue秘术工匠银饰DIY | 6店同庆 | ￥215/商场内 | 🌟🌟🌟🌟🌟 | 4.7DIY手.... | 点评榜单 | 长宁区DIY坊热门榜第7名 | ON | 低室5折起 | 环境干净整洁，节奏感特别惊艳 | 9 | ≤ | 一告 | ￥396 | 8.2折 | ￥596 | 惠 | 【七夕节特惠/2枚】 | ￥10￥20代金券 | 惠,ocr/input_videos\上海__长宁来福士__20260825.mp4
OBS-000483,长宁来福士,来福士-停车场,来福士-停车场,停车场,3.4,22,B2,rated,True,,rated,parsed,rating_anchor,0.9603,0.9612,52,4188,71.559,3.4停车场￥22/人 | B2,来福士-停车场 | 3.4停车场￥22/人 | B2 | 停车场宽敬，充电桩选择多”,ocr/input_videos\上海__长宁来福士__20260825.mp4
OBS-000484,长宁来福士,BeanBANG泰巧茶铺,BeanBANG泰巧茶铺,茶饮果汁,,21,B1,new_store,False,new_store,ocr_missing,parsed,metadata_anchor,0.9641,0.9988,48,4188,71.559,新店 | B1 | 茶饮果汁￥21/人,BeanBANG泰巧茶铺 | BenBANG | 型 | 新店 | B1 | 茶饮果汁￥21/人 | 风城元 | L | 3 | 美心 | ￥9.95.5折 | ￥18 | 惠 | 【新店开业】血糯米...,ocr/input_videos\上海__长宁来福士__20260825.mp4
OBS-000485,长宁来福士,M Stand,MStand,咖啡,3.9,29,2F,rated,True,,rated,parsed,rating_anchor,0.9299,0.9352,52,4188,71.559,2F | ★🌟★★★ | 咖啡￥29/人 | 3.9,M Stand | 芒果凤梨系列上新 | 2F | ★🌟★★★ | 咖啡￥29/人 | 3.9 | 点评榜单 | 中山公园/江苏路咖啡销量榜第5名 | ￥38 | ￥27.57.3折 | 惠 | 【第一次喝】招牌特..,ocr/input_videos\上海__长宁来福士__20260825.mp4
OBS-000486,长宁来福士,QiLin泰拳·塑形Fitclub,QiLin泰拳·塑形Fitclub,私教..,4.7,4046,商场内,rated,True,,rated,parsed,rating_anchor,0.9484,0.9947,54,4188,71.559,￥4046/人商场内 | 🌟🌟🌟🌟🌟 | 4.7私教..,高效减肥 | QiLin泰拳·塑形Fitclub | 瘦全身 | ￥4046/人商场内 | 🌟🌟🌟🌟🌟 | 4.7私教.. | 点评接单 | 中山公园江苏路健身中心好评榜第5,ocr/input_videos\上海__长宁来福士__20260825.mp4
OBS-000487,长宁来福士,Ms.Sue秘术工匠银饰DIY,Ms.Sue秘术工匠银饰DIY,DIY手.,4.7,215,商场内,rated,True,,rated,parsed,rating_anchor,0.926,0.9734,54,4212,71.97,4.7 DIY手. | ￥215/人商场内,Ms.Sue秘术工匠银饰DIY | 6店同庆 | 4.7 DIY手. | ￥215/人商场内 | 点评榜单 | 长宁区DIY坊热门榜第7名 | 00Y7 | 底至5折起 | 环境干净整洁，节奏感特别惊艳 | 告 | 惠 | ￥3968.2折 | ￥596 | 【七夕节特惠/2枚】 | ￥10￥20代金券 | 惠,ocr/input_videos\上海__长宁来福士__20260825.mp4
OBS-000488,长宁来福士,来福士-停车场,来福士-停车场,停车场,3.4,22,B2,rated,True,,rated,parsed,rating_anchor,0.9561,0.9574,52,4212,71.97,3.4停车场￥22/人 | B2,来福士-停车场 | 3.4停车场￥22/人 | B2 | 停车场宽敬，充电桩选择多”,ocr/input_videos\上海__长宁来福士__20260825.mp4
OBS-000489,长宁来福士,BeanBANG泰巧茶铺,BeanBANG泰巧茶铺,茶饮果汁,,21,B1,new_store,False,new_store,ocr_missing,parsed,metadata_anchor,0.9733,0.9983,54,4212,71.97,新店 | B1 | 茶饮果汁￥21/人,BeanBANG泰巧茶铺 | BeanBANG | T | 新店 | B1 | 茶饮果汁￥21/人 | 为 | uedli | 下的 | 点眼巧从 | ￥18 | 5.5折 | 惠 | ￥9.9 | 【新店开业】血糯米..,ocr/input_videos\上海__长宁来福士__20260825.mp4
OBS-000490,长宁来福士,M Stand,MStand,咖啡,3.9,29,2F,rated,True,,rated,parsed,rating_anchor,0.9291,0.9566,49,4212,71.97,🌟🌟🌟🌟🌟 | 2F | 咖啡￥29/人 | 3.9,M Stand | 芒果风梨系列上新 | 🌟🌟🌟🌟🌟 | 2F | 咖啡￥29/人 | 3.9 | 点评榜单 | 中山公园/江苏路咖啡销量榜第5名 | ￥27.57.3折 | ￥38 | 【第次喝】招牌特. | 惠,ocr/input_videos\上海__长宁来福士__20260825.mp4
OBS-000491,长宁来福士,QiLin泰拳·塑形Fitclub,QiLin泰拳·塑形Fitclub,私教,4.7,4046,商场内,rated,True,,rated,parsed,rating_anchor,0.9514,0.9936,51,4212,71.97,4.7 私教 | ￥4046/人商场内,高效減肥 | QiLin泰拳·塑形Fitclub | 瘦全身 | 4.7 私教 | ￥4046/人商场内 | 点评榜单 | 中山公园/江苏路健身中心好评榜第5名 | “纯泰国教练，场地干净宽敞”,ocr/input_videos\上海__长宁来福士__20260825.mp4
OBS-000492,长宁来福士,Ms.Sue秘术工匠银饰DIY,Ms.Sue秘术工匠银饰DIY,DIY手.,4.7,215,商场内,rated,True,,rated,parsed,rating_anchor,0.8856,0.9967,48,4260,72.79,⭐⭐🌟4.7 DIY手. | ￥215/人商场内,6店同庆 | Ms.Sue秘术工匠银饰DIY | ⭐⭐🌟4.7 DIY手. | ￥215/人商场内 | 点评榜单 | 长宁区DIY手工坊热门榜第7名 | 6 | 低至5折起 | 环境干净整洁，节奏感特别惊艳 | 5 | 告 | ￥396 | ￥596 | 8.2折 | 惠 | 【七夕节特惠/2枚】 | . | 惠 | ￥10￥20代金券,ocr/input_videos\上海__长宁来福士__20260825.mp4
OBS-000493,长宁来福士,来福士-停车场,来福士-停车场,停车场,3.4,22,B2,rated,True,,rated,parsed,rating_anchor,0.9702,0.975,52,4260,72.79,3.4停车场￥22/人 | B2,来福士-停车场 | 3.4停车场￥22/人 | B2 | “停车场宽敞，充电桩选择多”,ocr/input_videos\上海__长宁来福士__20260825.mp4
OBS-000494,长宁来福士,BeanBANG泰巧茶铺,BeanBANG泰巧茶铺,茶饮果汁,,21,B1,new_store,False,new_store,ocr_missing,parsed,metadata_anchor,0.9796,0.9975,51,4260,72.79,新店 | B1 | 茶饮果汁￥21/人,BeanBANG泰巧茶铺 | BanBANG | r | 新店 | B1 | 茶饮果汁￥21/人 | 界三 | 81 | t | 品5 | ￥18 | ￥9.9 | 5.5折 | 【新店开业】血糯米.. | 惠,ocr/input_videos\上海__长宁来福士__20260825.mp4
OBS-000495,长宁来福士,M Stand,MStand,咖啡,3.9,29,2F,rated,True,,rated,parsed,rating_anchor,0.9401,0.9287,53,4260,72.79,咖啡￥29/人 | 2F | 🌟🌟🌟🌟🌟 | 3.9,M Stand | 芒果凤裂系列上新 | 咖啡￥29/人 | 2F | 🌟🌟🌟🌟🌟 | 3.9 | 点评榜单 | 中山公园/江苏路咖啡销量榜第5名 | ￥27.57.3折 | ￥38 | 【第一次喝】招牌特.. | 惠,ocr/input_videos\上海__长宁来福士__20260825.mp4
OBS-000496,长宁来福士,QiLin泰拳·塑形Fitclub,QiLin泰拳·塑形Fitclub,私教,4.7,4046,商场内,rated,True,,rated,parsed,rating_anchor,0.8994,0.996,57,4260,72.79,⭐✨4.7私教 | ￥4046/人商场内,QiLin泰拳·塑形Fitclub | 高效减肥 | 瘦全身 | ⭐✨4.7私教 | ￥4046/人商场内 | 点评榜单 | 中山公园/江苏路健身中心好评榜第5名 | 纯泰国教练，场地干净宽敞”,ocr/input_videos\上海__长宁来福士__20260825.mp4
OBS-000497,长宁来福士,米福工-停牛场,米福工-停牛场,停车场,3.4,22,B2,rated,True,,rated,parsed,rating_anchor,0.9281,0.9125,38,4284,73.2,3.4停车场￥22/人 | B2,米福工-停牛场 | 3.4停车场￥22/人 | B2 | 停车场宽敬，充电桩选择多”,ocr/input_videos\上海__长宁来福士__20260825.mp4
OBS-000498,长宁来福士,BeanBANG泰巧茶铺,BeanBANG泰巧茶铺,茶饮果汁,,21,B1,new_store,False,new_store,ocr_missing,parsed,metadata_anchor,0.9834,0.9984,54,4284,73.2,新店 | 茶饮果汁￥21/人 | B1,BeanBANG泰巧茶铺 | BeanBANG | 0r% | 新店 | 茶饮果汁￥21/人 | B1 | 风 | 七 | 咏5月 | ￥9.95.5折 | ￥18 | 【新店开业】血糯米... | 惠,ocr/input_videos\上海__长宁来福士__20260825.mp4
OBS-000499,长宁来福士,M Stand,MStand,咖啡,3.9,29,2F,rated,True,,rated,parsed,rating_anchor,0.9568,0.9596,52,4284,73.2,2F | 🌟🌟🎉🌟🌟 | 3.9 | 咖啡￥29/人,M Stand | 芒果凤梨系列上新 | 2F | 🌟🌟🎉🌟🌟 | 3.9 | 咖啡￥29/人 | 点评榜单 | 中山公园/江苏路咖啡销量榜第5名 | ￥27.57.3折 | ￥38 | 【第一次喝】招牌特. | 惠,ocr/input_videos\上海__长宁来福士__20260825.mp4
OBS-000500,长宁来福士,QiLin泰拳·塑形Fitclub,QiLin泰拳·塑形Fitclub,私教,4.7,4046,商场内,rated,True,,rated,parsed,rating_anchor,0.8802,0.9785,59,4284,73.2,⭐🌈4.7 私教 | ￥4046/人商场内,QiLin泰拳·塑形Fitclub | 高效减肥 | 瘦全身 | ⭐🌈4.7 私教 | ￥4046/人商场内 | 点评榜单 | 中山公园/江苏路健身中心好评榜第5名 | 纯泰国教练，场地干净宽敞” | ￥168￥500 | 【泰拳/拳击私教】泰国教... | 惠,ocr/input_videos\上海__长宁来福士__20260825.mp4
OBS-000501,长宁来福士,NIKE kids,NIKEkids,儿童服饰,3.5,630,3F,rated,True,,rated,parsed,rating_anchor,0.9791,0.9828,52,4284,73.2,3F | ★🌟🌟★★ | 3.5儿童服饰￥630/人,NIKE kids | 3F | ★🌟🌟★★ | 3.5儿童服饰￥630/人 | KIDS品 | 点评榜单 | 长宁区亲子购物热门榜第8名,ocr/input_videos\上海__长宁来福士__20260825.mp4
OBS-000502,长宁来福士,米倫工-停牛切,米伦工-停牛切,停车场,3.4,22,B2,rated,True,,rated,parsed,rating_anchor,0.8915,0.8234,39,4320,73.815,3.4停车场￥22/人 | B2,米倫工-停牛切 | 3.4停车场￥22/人 | B2 | 停车场宽敬，充电桩选择多”,ocr/input_videos\上海__长宁来福士__20260825.mp4
OBS-000503,长宁来福士,BeanBANG泰巧茶铺,BeanBANG泰巧茶铺,茶饮果汁,,21,B1,new_store,False,new_store,ocr_missing,parsed,metadata_anchor,0.9824,0.9982,54,4320,73.815,新店 | 茶饮果汁￥21/人 | B1,BeanBANG泰巧茶铺 | BeanBANG | 0r% | 新店 | 茶饮果汁￥21/人 | B1 | 风 | 个 | 七 | 品咏5 | ￥9.95.5折 | ￥18 | 【新店开业】血糯米.. | 惠,ocr/input_videos\上海__长宁来福士__20260825.mp4
OBS-000504,长宁来福士,M Stand,MStand,咖啡,3.9,29,2F,rated,True,,rated,parsed,rating_anchor,0.9678,0.9827,53,4320,73.815,2F | 🌟🌟🎉🌟🌟 | 咖啡￥29/人 | 3.9,M Stand | 芒果凤梨系列上新 | 2F | 🌟🌟🎉🌟🌟 | 咖啡￥29/人 | 3.9 | 点评榜单 | 中山公园/江苏路咖啡销量榜第5名 | ￥27.57.3折 | ￥38 | 【第一次喝】招牌特. | 惠,ocr/input_videos\上海__长宁来福士__20260825.mp4
OBS-000505,长宁来福士,QiLin泰拳·塑形Fitclub,QiLin泰拳·塑形Fitclub,私教,4.7,4046,商场内,rated,True,,rated,parsed,rating_anchor,0.8861,0.9829,59,4320,73.815,⭐🌈4.7 私教 | ￥4046/人商场内,QiLin泰拳·塑形Fitclub | 高效减肥 | 疤全身 | ⭐🌈4.7 私教 | ￥4046/人商场内 | 点评榜单 | 中山公园/江苏路健身中心好评榜第5名 | “纯泰国教练，场地干净宽敬” | 1 | ￥168￥500 | 【泰拳/拳击私教】泰国教... | 惠,ocr/input_videos\上海__长宁来福士__20260825.mp4
OBS-000506,长宁来福士,NIKE kids,NIKEkids,儿童服饰,3.5,630,3F,rated,True,,rated,parsed,rating_anchor,0.9674,0.9583,55,4320,73.815,3F | 🌟🌟⭐⭐🌟 | 3.5儿童服饰￥630/人,NIKE kids | 3F | 🌟🌟⭐⭐🌟 | 3.5儿童服饰￥630/人 | KIDS品 | 点评榜单 | 长宁区亲子购物热门榜第8名 | 楼下酸奶,ocr/input_videos\上海__长宁来福士__20260825.mp4
OBS-000507,长宁来福士,QiLin泰拳·塑形Fitclub,QiLin泰拳·塑形Fitclub,私教...,4.7,4046,商场内,rated,True,,rated,parsed,rating_anchor,0.871,0.9947,57,4368,74.635,🌟🌟🌟🌟🌟 | 私教... | ￥4046/人商场内 | 4.7,高效减肥 | QiLin泰拳·塑形Fitclub | 瘦全身 | 🌟🌟🌟🌟🌟 | 私教... | ￥4046/人商场内 | 4.7 | 点评榜单 | 中山公园/江苏路健身中心好评榜第5名 | 纯泰国教练，场地干净宽敞” | ￥168￥500 | 【泰拳/拳击私教】泰国教.. | 惠,ocr/input_videos\上海__长宁来福士__20260825.mp4
OBS-000508,长宁来福士,NIKE kids,NIKEkids,儿童服饰,3.5,630,3F,rated,True,,rated,parsed,rating_anchor,0.969,0.9606,51,4368,74.635,⭐🌟🌟🌟⭐ | 3F | 3.5儿童服饰￥630/人,NIKE kids | ⭐🌟🌟🌟⭐ | 3F | 3.5儿童服饰￥630/人 | KIDS | 咖 | 点评榜单 | 长宁区亲子购物热门榜第8名,ocr/input_videos\上海__长宁来福士__20260825.mp4
OBS-000509,长宁来福士,楼下酸奶,楼下酸奶,酸奶鲜奶,4.3,26,1F,rated,True,,rated,parsed,rating_anchor,0.9753,0.9985,59,4368,74.635,⭐🌟⭐🌟 | 1F | 酸奶鲜奶￥26/人 | 4.3,楼下酸奶 | ⭐🌟⭐🌟 | 1F | 酸奶鲜奶￥26/人 | 4.3 | 点评榜单 | 长宁区酸奶鲜奶口味榜第2名 | ￥27.89.7折 | ￥28.8 | 【楼下经典】半山.. | 惠 | ￥199.5折 | ￥2020元代金券 | 惠,ocr/input_videos\上海__长宁来福士__20260825.mp4
OBS-000510,长宁来福士,稻状元,稻状元,快餐简餐,3.2,34,B1,rated,True,,rated,parsed,rating_anchor,0.9757,0.9979,61,4368,74.635,3.2快餐简餐￥34/人 | B1,稻状元 | 稲状元 | 用極路安 | 3.2快餐简餐￥34/人 | B1 | 板栗焖鸡 | ￥20 | ￥18.99.5折 | 【金秋知味】20元代. | 惠,ocr/input_videos\上海__长宁来福士__20260825.mp4
OBS-000511,长宁来福士,ALINE造型,ALINE造型,美发,4.7,333,商场内,rated,True,,rated,parsed,rating_anchor,0.9659,0.9967,51,4368,74.635,商场内 | 4.7美发￥333/人,ALINE造型 | AINE | 商场内 | 4.7美发￥333/人 | 点评榜单 | 中山公园/江苏路美发热门榜第9名 | 购买指定团单,ocr/input_videos\上海__长宁来福士__20260825.mp4
OBS-000512,长宁来福士,QiLin泰拳·塑形Fitclub,QiLin泰拳·塑形Fitclub,私教..,4.7,4046,商场内,rated,True,,rated,parsed,rating_anchor,0.884,0.9932,57,4404,75.25,★🌟🌟🌟 | 私教.. | ￥4046/人商场内 | 4.7,高效减肥 | QiLin泰拳·塑形Fitclub | 瘦全身 | ★🌟🌟🌟 | 私教.. | ￥4046/人商场内 | 4.7 | 点评榜单 | 中山公园/江苏路健身中心好评榜第5名 | 心 | 纯泰国教练，场地干净宽 | ￥168￥500 | 【泰拳/拳击私教】泰国教.. | 惠,ocr/input_videos\上海__长宁来福士__20260825.mp4
OBS-000513,长宁来福士,NIKE kids,NIKEkids,儿童服饰,3.5,630,3F,rated,True,,rated,parsed,rating_anchor,0.9721,0.9741,54,4404,75.25,🌟🌟🌟🌟⭐ | 3F | 3.5儿童服饰￥630/人,NIKE kids | 🌟🌟🌟🌟⭐ | 3F | 3.5儿童服饰￥630/人 | KIDS | So | 点评榜单 | 长宁区亲子购物热门榜第8名,ocr/input_videos\上海__长宁来福士__20260825.mp4
OBS-000514,长宁来福士,楼下酸奶,楼下酸奶,酸奶鲜奶,4.3,26,1F,rated,True,,rated,parsed,rating_anchor,0.9776,0.9994,57,4404,75.25,🌟🌟🌟🎉 | 1F | 酸奶鲜奶￥26/人 | 4.3,楼下酸奶 | 🌟🌟🌟🎉 | 1F | 酸奶鲜奶￥26/人 | 4.3 | 点评榜单 | 长宁区酸奶鲜奶口味榜第2名 | 【楼下经典】半山. | ￥27.89.7折 | ￥28.8 | 惠 | ￥199.5折 | 惠 | ￥2020元代金券,ocr/input_videos\上海__长宁来福士__20260825.mp4
OBS-000515,长宁来福士,稻状元,稻状元,快餐简餐,3.2,34,B1,rated,True,,rated,parsed,rating_anchor,0.9643,0.9986,58,4404,75.25,3.2快餐简餐￥34/人 | B1,稻状元 | 稲状元 | 甜種板爾選功決 | 3.2快餐简餐￥34/人 | B1 | 板栗焖鸡 | ￥20 | ￥18.99.5折 | 惠 | 【金秋知味】20元代...,ocr/input_videos\上海__长宁来福士__20260825.mp4
OBS-000516,长宁来福士,ALINE造型,ALINE造型,美发,4.7,333,商场内,rated,True,,rated,parsed,rating_anchor,0.9755,0.9981,52,4404,75.25,商场内 | 🌟🌟🎉🌟🌟 | 美发￥333/人 | 4.7,ALINE造型 | ALNE | 商场内 | 🌟🌟🎉🌟🌟 | 美发￥333/人 | 4.7 | 点评榜单 | 中山公园/江苏路美发热门榜第9名 | 购买指定团单 | 送 | 星巴克饮品 | 染发效果显白，服务细致专业” | 广告,ocr/input_videos\上海__长宁来福士__20260825.mp4
OBS-000517,长宁来福士,楼下酸奶,楼下酸奶,酸奶鲜奶,4.3,26,1F,rated,True,,rated,parsed,rating_anchor,0.8084,0.6695,38,4452,76.07,1F | ⭐🌟🌟⭐ | 酸奶鲜奶￥26/人 | 4.3,楼下酸奶 | 1F | ⭐🌟🌟⭐ | 酸奶鲜奶￥26/人 | 4.3 | 点评榜单 | 长宁区酸奶鲜奶口味榜第2名 | 【楼下经典】半山. | ￥27.89.7折 | ￥28.8 | 惠 | ￥199.5折 | 惠 | ￥2020元代金券,ocr/input_videos\上海__长宁来福士__20260825.mp4
OBS-000518,长宁来福士,稻状元,稻状元,快餐简餐,3.2,34,B1,rated,True,,rated,parsed,rating_anchor,0.9809,0.9977,61,4452,76.07,🌟🌟🌟⭐⭐ | 3.2快餐简餐￥34/人 | B1,稻状元 | 稻状元 | 出精板國年的的 | 🌟🌟🌟⭐⭐ | 3.2快餐简餐￥34/人 | B1 | 板栗焖鸡 | ￥18.99.5折 | ￥20 | 惠 | 【金秋知味】20元代...,ocr/input_videos\上海__长宁来福士__20260825.mp4
OBS-000519,长宁来福士,ALINE造型,ALINE造型,美发,4.7,333,商场内,rated,True,,rated,parsed,rating_anchor,0.974,0.998,55,4452,76.07,⭐🌟🌟⭐🌟 | 商场内 | 4.7 | 美发￥333/人,ALINE造型 | ALNE | ⭐🌟🌟⭐🌟 | 商场内 | 4.7 | 美发￥333/人 | 点评榜单 | 中山公园/江苏路美发热门榜第9名 | 购买指定团单 | 送 | 星巴克饮品 | 染发效果显白，服务细致专业” | 厂告 | ￥128￥258 | 惠 | 【首席】精致剪裁+C位造...,ocr/input_videos\上海__长宁来福士__20260825.mp4
OBS-000520,长宁来福士,Calvin Klein,CalvinKlein,服装,3.9,976,商场内,rated,True,,rated,parsed,rating_anchor,0.9674,0.992,53,4452,76.07,商场内 | 🌟🌟⭐🌟🌟 | 服装￥976/人 | 3.9,Calvin Klein | 商场内 | 🌟🌟⭐🌟🌟 | 服装￥976/人 | 3.9 | Calvin Klein | 陈列的穿搭实用又休闲，暖冬购物氛围. | “,ocr/input_videos\上海__长宁来福士__20260825.mp4
OBS-000521,长宁来福士,麦当劳,麦当劳,西式快餐,3.8,24,B1,rated,True,,rated,parsed,rating_anchor,0.9813,0.9991,62,4452,76.07,3.8西式快餐￥24/人 | 🌟🌟🌟🌟 | B1,麦当劳 | m | 133 | 随心配国证 | 号 | 零 | 3.8西式快餐￥24/人 | 🌟🌟🌟🌟 | B1 | “打折美味，性价比，下次还来” | 家肉 | ￥15.95.8折 | 惠 | ￥27.5 | 【百万爆品】麦满...,ocr/input_videos\上海__长宁来福士__20260825.mp4
OBS-000522,长宁来福士,稻状元,稻状元,快餐简餐,3.2,34,B1,rated,True,,rated,parsed,rating_anchor,0.985,0.9994,57,4488,76.686,🌟🌟🎉🌟🌟 | B1 | 3.2快餐简餐￥34/人,稻状元 | 稻状元 | 🌟🌟🎉🌟🌟 | B1 | 3.2快餐简餐￥34/人 | 板栗焖鸡 | ￥20 | ￥18.9 | 9.5折 | 【金秋知味】20元代. | 惠,ocr/input_videos\上海__长宁来福士__20260825.mp4
OBS-000523,长宁来福士,ALINE造型,ALINE造型,美发,4.7,333,商场内,rated,True,,rated,parsed,rating_anchor,0.974,0.998,52,4488,76.686,🌟🌟🌟🌟🌟 | 商场内 | 美发￥333/人 | 4.7,ALINE造型 | ALNE | 🌟🌟🌟🌟🌟 | 商场内 | 美发￥333/人 | 4.7 | 点评榜单 | 中山公园/江苏路美发热门榜第9名 | 购买指定团单 | 送 | 星巴克饮品 | 染发效果显白，服务细致专业” | 广告 | ￥128￥258 | 惠 | 【首席】精致剪裁+C位造..,ocr/input_videos\上海__长宁来福士__20260825.mp4
OBS-000524,长宁来福士,Calvin Klein,CalvinKlein,服装,3.9,976,商场内,rated,True,,rated,parsed,rating_anchor,0.9454,0.9619,51,4488,76.686,商场内 | ★★★★★ | 3.9 | 服装￥976/人,Calvin Klein | 商场内 | ★★★★★ | 3.9 | 服装￥976/人 | Calvin Klein | 陈列的穿搭实休闲，暖冬购物氛围.. | “,ocr/input_videos\上海__长宁来福士__20260825.mp4
OBS-000525,长宁来福士,麦当劳,麦当劳,西式快餐,3.8,24,B1,rated,True,,rated,parsed,rating_anchor,0.9729,0.9988,58,4488,76.686,3.8西式快餐￥24/人 | B1,麦当劳 | M | 随心配红工 | 13 | 3.8西式快餐￥24/人 | B1 | “打折美味，性价，下次还来’ | ￥15.9 | ￥27.5 | 5.8折 | 【百万爆品】麦满... | 惠,ocr/input_videos\上海__长宁来福士__20260825.mp4
OBS-000526,长宁来福士,屹荣府·家宴,屹荣府·家宴,海鲜,4.7,206,6F,rated,True,,rated,parsed,rating_anchor,0.9627,0.9824,55,4488,76.686,🌟🌟🌟🌟🌟 | 6F | 海鲜￥206/人 | 4.7,屹荣府·家宴 | 屹茶府 | 🌟🌟🌟🌟🌟 | 6F | 海鲜￥206/人 | 4.7 | 点评榜单 | 中山公园/江苏路鱼鲜海鲜好评榜第4名 | 升学··日公文 | 17:00营业 | 中山公园附近的特色小黄鱼捞饭 | “,ocr/input_videos\上海__长宁来福士__20260825.mp4
OBS-000527,长宁来福士,稻状元,稻状元,快餐简餐,3.2,34,B1,rated,True,,rated,parsed,rating_anchor,0.9747,0.9985,62,4524,77.301,3.2快餐简餐￥34/人 | B1,稻状元 | 稲状元 | 州科板期政公 | 3.2快餐简餐￥34/人 | B1 | 板栗焖鸡 | ￥18.99.5折 | ￥20 | 【金秋知味】20元代... | 惠,ocr/input_videos\上海__长宁来福士__20260825.mp4
OBS-000528,长宁来福士,ALINE造型,ALINE造型,美发,4.7,333,商场内,rated,True,,rated,parsed,rating_anchor,0.9753,0.9979,55,4524,77.301,商场内 | 4.7美发￥333/人,ALINE造型 | ALNE | 商场内 | 4.7美发￥333/人 | 点评榜单 | 中山公园/江苏路美发热门榜第9名 | 购买指定团单 | 福 | 染发效果显白，服务细致专业 | 广告 | ￥128￥258 | 惠 | 【首席】精致剪裁+C位造...,ocr/input_videos\上海__长宁来福士__20260825.mp4
OBS-000529,长宁来福士,Calvin Klein,CalvinKlein,服装,3.9,976,商场内,rated,True,,rated,parsed,rating_anchor,0.952,0.9616,51,4524,77.301,3.9服装￥976/人 | 商场内,Calvin Klein | 3.9服装￥976/人 | 商场内 | Calvin Klein | 陈列的穿搭实用又休闲，暖冬购物氛围... | “,ocr/input_videos\上海__长宁来福士__20260825.mp4
OBS-000530,长宁来福士,麦当劳,麦当劳,西式快餐,3.8,24,B1,rated,True,,rated,parsed,rating_anchor,0.9768,0.9988,62,4524,77.301,3.8西式快餐￥24/人 | B1,麦当劳 | 四 | 133 | 随心配红证 | 安学 | 3.8西式快餐￥24/人 | B1 | “打折美味，性价，下次还来 | 网 | 一國 | ST-O6 | ￥27.5 | ￥15.9 | 5.8折 | 惠 | 【百万爆品】麦满..,ocr/input_videos\上海__长宁来福士__20260825.mp4
OBS-000531,长宁来福士,屹荣府·家宴,屹荣府·家宴,海鲜,4.7,206,6F,rated,True,,rated,parsed,rating_anchor,0.9678,0.9845,56,4524,77.301,⭐🌟🌟⭐🌟 | 6F | 4.7海鲜￥206/人,屹荣府·家宴 | 屹茶府 | ⭐🌟🌟⭐🌟 | 6F | 4.7海鲜￥206/人 | 点评榜单 | 中山公园/江苏路鱼鲜海鲜好评榜第4名 | 开学安·自名安清·日安会京商限 | 全·会· | 17:00营业 | 中山公园附近的特色小黄鱼捞饭 | S | 5 | 510工作市特双人餐 | 事￥1783.5折,ocr/input_videos\上海__长宁来福士__20260825.mp4
OBS-000532,长宁来福士,ALINE造型,ALINE造型,美发,4.7,333,商场内,rated,True,,rated,parsed,rating_anchor,0.9841,0.9981,52,4572,78.121,商场内 | 🌟🌟🌟🌟🌟 | 4.7美发￥333/人,ALINE造型 | AINE | 商场内 | 🌟🌟🌟🌟🌟 | 4.7美发￥333/人 | 点评榜单 | 中山公园/江苏路美发热门榜第9名 | 购买指定团单 | 送 | 星巴克饮品 | 染发效果显白，服务细致专业 | 广告 | ￥128￥258 | 惠 | 【席】精致剪裁+C位造...,ocr/input_videos\上海__长宁来福士__20260825.mp4
OBS-000533,长宁来福士,Calvin Klein,CalvinKlein,服装,3.9,976,商场内,rated,True,,rated,parsed,rating_anchor,0.9581,0.9719,51,4572,78.121,商场内 | 🌟🌟🌟🌟⭐ | 服装￥976/人 | 3.9,Calvin Klein | 商场内 | 🌟🌟🌟🌟⭐ | 服装￥976/人 | 3.9 | Calvin Klein | 陈列的穿搭实用又休闲，暖冬购物氛围... | “,ocr/input_videos\上海__长宁来福士__20260825.mp4
OBS-000534,长宁来福士,麦当劳,麦当劳,西式快餐,3.8,24,B1,rated,True,,rated,parsed,rating_anchor,0.9774,0.9993,58,4572,78.121,🌟🌟🎉🌟🌟 | B1 | 3.8西式快餐￥24/人,麦当劳 | M | 随心配红证制 | 13 | 50 | 电装0号 | 🌟🌟🎉🌟🌟 | B1 | 地风服费 | 3.8西式快餐￥24/人 | 打折美味，性价比，下次还来 | 國 | 2 | 35 | MCAR | ￥15.9 | 5.8折 | ￥27.5 | 惠 | 【百万爆品】麦满...,ocr/input_videos\上海__长宁来福士__20260825.mp4
OBS-000535,长宁来福士,屹荣府·家宴,屹荣府·家宴,海鲜,4.7,206,6F,rated,True,,rated,parsed,rating_anchor,0.9567,0.9737,54,4572,78.121,🌟🌟🌟⭐🌟 | 6F | 海鲜￥206/人 | 4.7,屹荣府·家宴 | 屹茶府 | 🌟🌟🌟⭐🌟 | 6F | 海鲜￥206/人 | 4.7 | 点评榜单 | 中山公园/江苏路鱼鲜海鲜好评榜第4名 | 开字庄·商多食请·生日案会一字的贸 | 17:00营业 | 中山公园附近的特色小黄鱼捞饭 | C | ￥1783.5折 | 惠 | ￥510工作日午市特惠双人餐 | ￥959.5折 | 惠 | ￥100100元代金券,ocr/input_videos\上海__长宁来福士__20260825.mp4
OBS-000536,长宁来福士,鬼十八密室逃脱·真人NPC·沉浸...,鬼十八密室逃脱·真人NPC·沉浸,154/商场内,4.2,,商场内,rated,True,,rated,parsed,rating_anchor,0.9354,0.903,53,4572,78.121,密室/.... | ￥154/商场内 | ★★★★ | 4.2,鬼十八密室逃脱·真人NPC·沉浸... | 密室/.... | ￥154/商场内 | ★★★★ | 4.2 | 恐布NPC密室 | 性份比天花類 | 鸡,ocr/input_videos\上海__长宁来福士__20260825.mp4
OBS-000537,长宁来福士,Calvin Klein,CalvinKlein,服装,3.9,976,商场内,rated,True,,rated,parsed,rating_anchor,0.9626,0.9944,50,4608,78.736,服装￥976/人 | 商场内 | ⭐🌟⭐🌟⭐3.9,Calvin Klein | 服装￥976/人 | 商场内 | ⭐🌟⭐🌟⭐3.9 | Calvin Klein | 陈列的穿搭实休闲，暖冬购物氛围... | “,ocr/input_videos\上海__长宁来福士__20260825.mp4
OBS-000538,长宁来福士,麦当劳,麦当劳,西式快餐,3.8,24,B1,rated,True,,rated,parsed,rating_anchor,0.9833,0.9989,58,4608,78.736,🌟🌟🌟🌟🌟 | B1 | 3.8西式快餐￥24/人,麦当劳 | m | 随心配红 | 133 | 品号 | 必新调面 | 🌟🌟🌟🌟🌟 | B1 | 3.8西式快餐￥24/人 | 打折美味，性价比高，下次还来 | 華國屋 | 酒 | 日西國心 | 2 | + | ￥15.9 | ￥27.5 | 5.8折 | 惠 | 【百万爆品】麦满...,ocr/input_videos\上海__长宁来福士__20260825.mp4
OBS-000539,长宁来福士,屹荣府·家宴,屹荣府·家宴,海鲜,4.7,206,6F,rated,True,,rated,parsed,rating_anchor,0.9619,0.9749,51,4608,78.736,🌟🌟🌟🌟🌟 | 6F | 海鲜￥206/人 | 4.7,屹荣府·家宴 | 屹茶府 | 🌟🌟🌟🌟🌟 | 6F | 海鲜￥206/人 | 4.7 | 点评榜单 | 中山公园/江苏路鱼鲜海鲜好评榜第4名 | 开学安·自安清·日要会京 | 17:00营业 | 中山公园附近的特色小黄鱼捞饭 | 3 | S | ￥1783.5折 | ￥510工作日午市特惠双人餐 | 惠 | ￥959.5折 | ￥100100元代金券 | 惠,ocr/input_videos\上海__长宁来福士__20260825.mp4
OBS-000540,长宁来福士,鬼十八密室逃脱·真人NPC·沉浸...,鬼十八密室逃脱·真人NPC·沉浸,密室/...,4.2,154,商场内,rated,True,,rated,parsed,rating_anchor,0.8602,0.9111,51,4608,78.736,🌟🌟⭐⭐ | 密室/... | ￥154/人商场内 | 4.2,鬼十八密室逃脱·真人NPC·沉浸... | 🌟🌟⭐⭐ | 密室/... | ￥154/人商场内 | 4.2 | 恐栋NPC | 空宝 | 性份比天花想 | 儿 | 中山公园/江苏路密室/沉浸互动剧回头客榜第4名 | 恐怖氛围无敌，追逐特别激烈 | “ | 惠 | ￥10￥20鬼十八天使券【10】,ocr/input_videos\上海__长宁来福士__20260825.mp4
OBS-000541,长宁来福士,乐高,乐高,玩具,4.2,417,商场内,rated,True,,rated,parsed,rating_anchor,0.981,0.9997,65,4608,78.736,⭐🌟⭐⭐🌟 | 商场内 | 4.2玩具￥417/人,乐高 | LEGO | ⭐🌟⭐⭐🌟 | 商场内 | 4.2玩具￥417/人 | 商场遛娃好去处，创意融合菜超可爱 | 《,ocr/input_videos\上海__长宁来福士__20260825.mp4
OBS-000542,长宁来福士,麦当劳,麦当劳,西式快餐,3.8,24,B1,rated,True,,rated,parsed,rating_anchor,0.986,0.9992,58,4632,79.146,🌟🌟🎉🌟🌟 | B1 | 3.8西式快餐￥24/人,麦当劳 | M | 随心配辽工 | 13 | 女电更配0家 | 🌟🌟🎉🌟🌟 | B1 | 3.8西式快餐￥24/人 | 直 | 打折美味，性价，下次还来 | 园 | ウ國國 | 間品國國 | ￥27.5 | ￥15.9 | 5.8折 | 【百万爆品】麦满.. | 惠,ocr/input_videos\上海__长宁来福士__20260825.mp4
OBS-000543,长宁来福士,屹荣府·家宴,屹荣府·家宴,海鲜,4.7,206,6F,rated,True,,rated,parsed,rating_anchor,0.9714,0.9784,54,4632,79.146,6F | 🌟🌟🌟🌟🌟 | 4.7海鲜￥206/人,屹荣府·家宴 | 屹茶府 | 2 | 6F | 🌟🌟🌟🌟🌟 | 4.7海鲜￥206/人 | 点评榜单 | 中山公园/江苏路鱼鲜海鲜好评榜第4名 | 开学室·商务童请·主日案会一掌府国 | 目 | 17:00营业 | 中山公园附近的特色小黄鱼捞饭 | “ | 55 | 3.5折 | ￥178 | 惠 | ￥510 | 工作日午市特惠双人餐 | ￥959.5折 | 惠 | ￥100100元代金券,ocr/input_videos\上海__长宁来福士__20260825.mp4
OBS-000544,长宁来福士,鬼十八密室逃脱·真人NPC·沉浸...,鬼十八密室逃脱·真人NPC·沉浸,密室/....,4.2,154,商场内,rated,True,,rated,parsed,rating_anchor,0.8178,0.8928,50,4632,79.146,密室/.... | ￥154/人商场内 | ★★★★★ | 4.2,鬼十八密室逃脱·真人NPC·沉浸... | 密室/.... | ￥154/人商场内 | ★★★★★ | 4.2 | 恐怖NPC金室 | 性份比天花组 | 中山公园/江苏路密室/沉浸互动剧回头客榜第4名 | 恐怖氛围无敌，追逐特别激烈 | ￥10￥20鬼十八天使券【10】 | 惠,ocr/input_videos\上海__长宁来福士__20260825.mp4
OBS-000545,长宁来福士,乐高,乐高,玩具,4.2,417,商场内,rated,True,,rated,parsed,rating_anchor,0.9847,0.9996,64,4632,79.146,商场内 | 🌟🌟🌟🌟 | 4.2玩具￥417/人 | ★,乐高 | LEGO | 商场内 | 🌟🌟🌟🌟 | 4.2玩具￥417/人 | ★ | 商场遛娃好去处，创意融合菜超可爱 | 伽喱博士Dr.CURRY咖喱饭,ocr/input_videos\上海__长宁来福士__20260825.mp4
OBS-000546,长宁来福士,鬼十八密室逃脱·真人NPC·沉浸...,鬼十八密室逃脱·真人NPC·沉浸,154/商场内,4.2,,商场内,rated,True,,rated,parsed,rating_anchor,0.9271,0.8995,56,4656,79.556,🌟🌟⭐⭐ | 密室/.... | ￥154/商场内 | 4.2,鬼十八密室逃脱·真人NPC·沉浸... | 🌟🌟⭐⭐ | 密室/.... | ￥154/商场内 | 4.2 | 恐怖NPC室室 | 性份比天花想 | 名公 | 中山公园/江苏路密室/沉浸互动剧回头客榜第4名 | 恐怖氛围无敌，追逐特别激烈 | ￥10￥20鬼十八天使券【10】 | 惠,ocr/input_videos\上海__长宁来福士__20260825.mp4
OBS-000547,长宁来福士,乐高,乐高,玩具,4.2,417,商场内,rated,True,,rated,parsed,rating_anchor,0.982,0.9996,62,4656,79.556,4.2玩具￥417/人 | 商场内 | 🌟🌟,乐高 | LEGO | 4.2玩具￥417/人 | 商场内 | 🌟🌟 | 商场遛娃好去处，创意融合菜超可爱 | “,ocr/input_videos\上海__长宁来福士__20260825.mp4
OBS-000548,长宁来福士,伽喱博士Dr.CURRY咖喱饭,伽喱博士Dr.CURRY咖喱饭,日式简餐/快餐,3.9,48,B1,rated,True,,rated,parsed,rating_anchor,0.9767,0.9829,51,4656,79.556,★★★★★ | 日式简餐/快餐￥48/人 | B1 | 3.9,伽喱博士Dr.CURRY咖喱饭 | ★★★★★ | 日式简餐/快餐￥48/人 | B1 | 3.9 | 点评榜单 | 长宁区式简餐/快餐打卡气榜第1名 | 伽喱博士7岁啦 | 正宗咖喱，搭配清爽凤梨饮” | “ | ￥498.2折 | ￥60招牌现炸猪排单人餐 | 惠,ocr/input_videos\上海__长宁来福士__20260825.mp4
OBS-000549,长宁来福士,SUBWAY赛百味,SUBWAY赛百味,西式快餐,3.9,27,B1,rated,True,,rated,parsed,rating_anchor,0.9699,0.9963,48,4656,79.556,⭐🌟🌟🌟🌟 | B1 | 西式快餐￥27/人 | 3.9,SUBWAY赛百味 | ⭐🌟🌟🌟🌟 | B1 | 80248-90148 | 西式快餐￥27/人 | 3.9 | 肉肉加料节 | 赛百味拼了！ | ￥31.9 | 6.2折 | 惠 | ￥52香溢金枪鱼双拼三明...,ocr/input_videos\上海__长宁来福士__20260825.mp4
OBS-000550,长宁来福士,鬼十八密室逃脱·真人NPC·沉浸..,鬼十八密室逃脱·真人NPC·沉浸,154/商场内,4.2,,商场内,rated,True,,rated,parsed,rating_anchor,0.9561,0.9506,57,4680,79.966,￥154/商场内 | 🌟🌟⭐⭐ | 密室/.... | 4.2 | ★,鬼十八密室逃脱·真人NPC·沉浸.. | ￥154/商场内 | 🌟🌟⭐⭐ | 密室/.... | 4.2 | ★ | 恐临NPC室室 | 性份比天花绸 | 名公 | 中山公园/江苏路密室/沉浸互动剧回头客榜第4名 | 恐怖氛围无敌，追逐特别激烈 | ￥10￥20鬼十八天使券【10】 | 惠,ocr/input_videos\上海__长宁来福士__20260825.mp4
OBS-000551,长宁来福士,乐高,乐高,玩具,4.2,417,商场内,rated,True,,rated,parsed,rating_anchor,0.979,0.9998,61,4680,79.966,商场内 | ★🌟★★ | 4.2玩具￥417/人,乐高 | LEGO | 商场内 | ★🌟★★ | 4.2玩具￥417/人 | 商场遛娃好去处，创意融合菜超可爱 | “,ocr/input_videos\上海__长宁来福士__20260825.mp4
OBS-000552,长宁来福士,伽喱博士Dr.CURRY咖喱饭,伽喱博士Dr.CURRY咖喱饭,日式简餐/快餐,3.9,48,B1,rated,True,,rated,parsed,rating_anchor,0.9776,0.9922,53,4680,79.966,🌟🌟⭐⭐🌟 | 3.9 | B1 | 日式简餐/快餐￥48/人,伽喱博士Dr.CURRY咖喱饭 | 🌟🌟⭐⭐🌟 | 3.9 | B1 | 日式简餐/快餐￥48/人 | 点评榜单 | 长宁区日式简餐/快餐打卡人气榜第1名 | 伽喱博士7岁啦 | 正宗咖喱，搭配清爽凤梨饮” | ￥49 | 8.2折 | ￥60招牌现炸猪排单人餐 | 惠,ocr/input_videos\上海__长宁来福士__20260825.mp4
OBS-000553,长宁来福士,SUBWAY赛百味,SUBWAY赛百味,西式快餐,3.9,27,B1,rated,True,,rated,parsed,rating_anchor,0.9679,0.9939,51,4680,79.966,🌟🌟🌟🌟🌟 | B1 | 西式快餐￥27/人 | 3.9,SUBWAY赛百味 | 🌟🌟🌟🌟🌟 | 80248-9月148 | B1 | 西式快餐￥27/人 | 3.9 | 肉肉加料节 | 赛百味拼了！ | ￥31.9 | 6.2折 | ￥52香溢金枪鱼双拼三明... | 惠,ocr/input_videos\上海__长宁来福士__20260825.mp4
OBS-000554,长宁来福士,VS假发,VS假发,美发,4.8,4643,商场内,rated,True,,rated,parsed,rating_anchor,0.9713,0.9917,56,4680,79.966,商场内 | 4.8美发￥4643/人,VS假发 | VS | 商场内 | 4.8美发￥4643/人 | 假发·设计押品牌 | VX DESIENERARRSO | 点评榜单 | 中山公园/江苏路美发好评榜第6名 | 全国连锁品牌,ocr/input_videos\上海__长宁来福士__20260825.mp4
OBS-000555,长宁来福士,鬼十八密室逃脱·真人NPC·沉浸...,鬼十八密室逃脱·真人NPC·沉浸,密室/....,4.2,154,商场内,rated,True,,rated,parsed,rating_anchor,0.8282,0.9245,51,4716,80.581,★★★★★ | ￥154/人商场内 | 密室/.... | 4.2,鬼十八密室逃脱·真人NPC·沉浸... | ★★★★★ | ￥154/人商场内 | 密室/.... | 恐栋NPC密室 | 4.2 | 性份比天花绸 | 心拉 | 中山公园/江苏路密室/沉浸互动剧回头客榜第4名 | A | 恐怖氛围无敌，追逐特别激烈 | 《 | ￥10￥20鬼十八天使券 | 【10】 | 惠,ocr/input_videos\上海__长宁来福士__20260825.mp4
OBS-000556,长宁来福士,乐高,乐高,玩具,4.2,417,商场内,rated,True,,rated,parsed,rating_anchor,0.9761,0.9998,62,4716,80.581,🌟🌟⭐⭐🌟 | 商场内 | 4.2玩具￥417/人,乐高 | LEGO | 🌟🌟⭐⭐🌟 | 商场内 | 4.2玩具￥417/人 | 商场遛娃好去处，创意融合菜超可爱,ocr/input_videos\上海__长宁来福士__20260825.mp4
OBS-000557,长宁来福士,伽喱博士 Dr.CURRY咖喱饭,伽喱博士Dr.CURRY咖喱饭,日式简餐/快餐,3.9,48,B1,rated,True,,rated,parsed,rating_anchor,0.9713,0.968,50,4716,80.581,🌟🌟🌟🌟🌟 | 日式简餐/快餐￥48/人 | B1 | 3.9,伽喱博士 Dr.CURRY咖喱饭 | 🌟🌟🌟🌟🌟 | 日式简餐/快餐￥48/人 | B1 | 3.9 | 点评榜单 | 长宁区日式简餐/快餐打卡人气榜第1名 | 伽喱博士7岁啦 | 正宗咖喱，搭配清爽凤梨饮 | ￥49 | 8.2折 | ￥60招牌现炸猪排单人餐 | 惠,ocr/input_videos\上海__长宁来福士__20260825.mp4
OBS-000558,长宁来福士,SUBWAY赛百味,SUBWAY赛百味,西式快餐,3.9,27,B1,rated,True,,rated,parsed,rating_anchor,0.9664,0.9941,51,4716,80.581,🌟🌟⭐🌟🌟 | B1 | 西式快餐￥27/人 | 3.9,SUBWAY赛百味 | 00248-9月148 | 🌟🌟⭐🌟🌟 | B1 | 西式快餐￥27/人 | 3.9 | 肉肉加料节 | 赛百味拼了！ | ￥31.9 | 6.2折 | 惠 | ￥52 | 香溢金枪鱼双拼三明....,ocr/input_videos\上海__长宁来福士__20260825.mp4
OBS-000559,长宁来福士,VS假发,VS假发,美发,,4643,商场内,unknown,True,,ocr_missing,parsed,metadata_anchor,0.9737,0.9916,57,4716,80.581,商场内 | 🌟🌟🎉🌟🌟 | 美发￥4643/人 | 14.8,VS假发 | V'S | 商场内 | 🌟🌟🎉🌟🌟 | 美发￥4643/人 | 14.8 | 假发·设计师品牌 | 点评榜单 | VEDESIENEND | 中山公园/江苏路美发好评榜第6名 | 全国连锁品牌 | 假发效果好，染发再也不用 | 1 | 广告 | 1.2折 | 惠 | ￥100假发试戴|男女通用 | ￥1,ocr/input_videos\上海__长宁来福士__20260825.mp4
OBS-000560,长宁来福士,乐高,乐高,玩具,4.2,417,商场内,rated,True,,rated,parsed,rating_anchor,0.9648,0.9998,61,4908,83.862,商场内 | 🌟🌟🌟 | 玩具￥417/人 | 4.2 | ★,乐高 | LEGO | 商场内 | 🌟🌟🌟 | 玩具￥417/人 | 4.2 | ★ | 商场遛娃好去处，创意融合菜超可爱 | “,ocr/input_videos\上海__长宁来福士__20260825.mp4
OBS-000561,长宁来福士,伽喱博士Dr.CURRY咖喱饭,伽喱博士Dr.CURRY咖喱饭,日式简餐/快餐,3.9,48,B1,rated,True,,rated,parsed,rating_anchor,0.9505,0.9884,51,4908,83.862,🌟🌟🌟🌟 | 日式简餐/快餐￥48/人 | 3.9 | B1,伽喱博士Dr.CURRY咖喱饭 | 🌟🌟🌟🌟 | 日式简餐/快餐￥48/人 | 3.9 | B1 | 点评镑单 | 长宁区日式简餐/快餐打卡人气榜第1名 | 伽喱博士7岁啦 | 正宗咖喱，搭配清爽凤梨饮 | ￥49 | 8.2折 | 惠 | ￥60招牌现炸猪排单人餐,ocr/input_videos\上海__长宁来福士__20260825.mp4
OBS-000562,长宁来福士,SUBWAY赛百味,SUBWAY赛百味,西式快餐,3.9,27,B1,rated,True,,rated,parsed,rating_anchor,0.9747,0.9954,51,4908,83.862,西式快餐￥27/人 | B1 | 🌟⭐⭐3.9,SUBWAY赛百味 | 西式快餐￥27/人 | B1 | 00248-9月148 | 🌟⭐⭐3.9 | 肉肉加料节 | 赛百味拼了！ | ￥31.9 | ￥52香溢金枪鱼双拼三明... | 6.2折 | 惠,ocr/input_videos\上海__长宁来福士__20260825.mp4
OBS-000563,长宁来福士,VS假发,VS假发,美发,4.8,4643,商场内,rated,True,,rated,parsed,rating_anchor,0.9727,0.99,57,4908,83.862,商场内 | 🌟🌟🌟🌟🌟 | 4.8美发￥4643/人,VS假发 | V'S | 商场内 | 🌟🌟🌟🌟🌟 | 4.8美发￥4643/人 | 假发·设计邦品牌 | VIDESIENEKRRESD | 点评榜单 | 中山公园/江苏路美发好评榜第6名 | 全国连锁品牌 | 假发效果好，染发再也不用 | 广告 | 1.2折 | ￥100 | 假发试戴|男女通用一. | 惠 | ￥1,ocr/input_videos\上海__长宁来福士__20260825.mp4
OBS-000564,长宁来福士,爱回收,爱回收,手机数码回收,3.2,,B1,rated,True,,rated,parsed,rating_anchor,0.9976,0.9979,58,4908,83.862,🌟★🌟⭐★ | 3.2手机数码回收 | B1,爱回收 | ? | 🌟★🌟⭐★ | 3.2手机数码回收 | B1 | 爱回收 | 喜家德,ocr/input_videos\上海__长宁来福士__20260825.mp4
OBS-000565,长宁来福士,伽喱博士 Dr.CURRY咖喱饭,伽喱博士Dr.CURRY咖喱饭,日式简餐/快餐,3.9,48,B1,rated,True,,rated,parsed,rating_anchor,0.9719,0.9796,54,4956,84.682,🌟🌟🌟🌟⭐ | 3.9 | 日式简餐/快餐￥48/人 | B1,伽喱博士 Dr.CURRY咖喱饭 | 🌟🌟🌟🌟⭐ | 3.9 | 日式简餐/快餐￥48/人 | B1 | 点评榜单 | 长宁区日式简餐/快餐打卡人气榜第1名 | 伽喱博士7岁啦 | 正宗咖喱，搭配清爽凤梨饮” | C | ￥49 | 8.2折 | ￥60招牌现炸猪排单人餐 | 惠,ocr/input_videos\上海__长宁来福士__20260825.mp4
OBS-000566,长宁来福士,SUBWAY赛百味,SUBWAY赛百味,西式快餐,3.9,27,B1,rated,True,,rated,parsed,rating_anchor,0.9646,0.9821,51,4956,84.682,🌟🌟🌟🌟⭐ | 西式快餐￥27/人 | B1 | 3.9,SUBWAY赛百味 | 🌟🌟🌟🌟⭐ | 20248-1月14日 | 西式快餐￥27/人 | B1 | 3.9 | 肉肉加料节 | 赛百味拼了！ | ￥52香溢金枪鱼双拼三明... | ￥31.9 | 6.2折 | 惠,ocr/input_videos\上海__长宁来福士__20260825.mp4
OBS-000567,长宁来福士,VS假发,VS假发,美发,4.8,4643,商场内,rated,True,,rated,parsed,rating_anchor,0.9714,0.9933,54,4956,84.682,商场内 | 🌟🌟🌟⭐🌟 | 美发￥4643/人 | 】4.8,VS假发 | V'S | 商场内 | 🌟🌟🌟⭐🌟 | 美发￥4643/人 | 】4.8 | 假发·设计师品牌 | VGDESIGNERORASO | 点评榜单 | 中山公园/江苏路美发好评榜第6名 | 全国连锁品牌 | 假发效果好，染发再也不用 | 广告 | 1.2折 | ￥1 | ￥100 | 惠 | 假发试戴|男女通用一.,ocr/input_videos\上海__长宁来福士__20260825.mp4
OBS-000568,长宁来福士,爱回收,爱回收,手机数码回收,3.2,,B1,rated,True,,rated,parsed,rating_anchor,0.9582,0.9989,59,4956,84.682,⭐3.2 手机数码回收 | B1,爱回收 | ⭐3.2 手机数码回收 | B1 | 爱回收,ocr/input_videos\上海__长宁来福士__20260825.mp4
OBS-000569,长宁来福士,喜家德,喜家德,饺子,3.9,33,B1,rated,True,,rated,parsed,rating_anchor,0.9701,0.9957,59,4956,84.682,⭐🌟⭐🌟 | B1 | 饺子￥33/人 | 3.9 | ★,喜家德 | ⭐🌟⭐🌟 | B1 | 饺子￥33/人 | 3.9 | ★ | 喜家德 | 点评榜单 | 长宁区饺子热门榜第1名 | 虾仁水饺 | 菜品口味棒，环境整洁，服务周到” | 東 | ￥33 | 84折 | 【有肉有苹】免片凯,ocr/input_videos\上海__长宁来福士__20260825.mp4
OBS-000570,长宁来福士,伽喱博士Dr.CURRY咖喱饭,伽喱博士Dr.CURRY咖喱饭,日式简餐/快餐,3.9,48,B1,rated,True,,rated,parsed,rating_anchor,0.9795,0.993,51,4968,84.887,🌟🌟🌟 | 3.9 | 日式简餐/快餐￥48/人 | B1,伽喱博士Dr.CURRY咖喱饭 | 🌟🌟🌟 | 3.9 | 日式简餐/快餐￥48/人 | B1 | 点评榜单 | 长宁区日式简餐/快餐打卡人气榜第1名 | 伽喱博士7岁啦 | 正宗咖喱，搭配清爽凤梨饮 | C | ￥49 | 8.2折 | 惠 | ￥60 | 招牌现炸猪排单人餐,ocr/input_videos\上海__长宁来福士__20260825.mp4
OBS-000571,长宁来福士,SUBWAY赛百味,SUBWAY赛百味,西式快餐,3.9,27,B1,rated,True,,rated,parsed,rating_anchor,0.9957,0.993,51,4968,84.887,⭐🌟⭐🌟🌟 | B1 | 西式快餐 | ￥27/人 | 3.9,SUBWAY赛百味 | ⭐🌟⭐🌟🌟 | B1 | 20-D | 西式快餐 | ￥27/人 | 3.9 | 肉肉加料节 | 赛百味拼了！ | ￥31.9 | 6.2折 | ￥52香溢金枪鱼双拼三明... | 惠,ocr/input_videos\上海__长宁来福士__20260825.mp4
OBS-000572,长宁来福士,VS假发,VS假发,美发,4.8,4643,商场内,rated,True,,rated,parsed,rating_anchor,0.9693,0.991,57,4968,84.887,商场内 | 🌟🌟🌟🌟🌟 | 美发￥4643/人 | 4.8,VS假发 | VS | 商场内 | 🌟🌟🌟🌟🌟 | 美发￥4643/人 | 4.8 | 假发·设计师品牌 | VE | 点评榜单 | 中山公园/江苏路美发好评榜第6名 | 全国连锁品牌 | 假发效果好，染发再也不用 | 广告 | 1.2折 | ￥100 | 假发试戴一男女通用一.. | 惠 | ￥1,ocr/input_videos\上海__长宁来福士__20260825.mp4
OBS-000573,长宁来福士,爱回收,爱回收,手机数码回收,3.2,,B1,rated,True,,rated,parsed,rating_anchor,0.9647,0.9991,55,4968,84.887,⭐⭐3.2 手机数码回收 | B1,爱回收 | ⭐⭐3.2 手机数码回收 | B1 | 爱回收,ocr/input_videos\上海__长宁来福士__20260825.mp4
OBS-000574,长宁来福士,喜家德,喜家德,饺子,3.9,33,B1,rated,True,,rated,parsed,rating_anchor,0.9685,0.9989,58,4968,84.887,⭐🌟🌟🌟🌟 | B1 | 饺子￥33/人 | 3.9,喜家德 | ⭐🌟🌟🌟🌟 | B1 | 饺子￥33/人 | 3.9 | 喜家德 | 点评榜单 | 长宁区饺子热门榜第1名 | 虾仁水饺 | 菜品口味棒，环境整洁，服务周到” | ￥33 | 84折 | 【有肉有范】色片凯 | 車,ocr/input_videos\上海__长宁来福士__20260825.mp4
OBS-000575,长宁来福士,SUBWAY赛百味,SUBWAY赛百味,西式快餐,3.9,27,B1,rated,True,,rated,parsed,rating_anchor,0.9774,0.9934,52,5040,86.117,⭐⭐🌟3.9 | B1 | 西式快餐￥27/人,SUBWAY赛百味 | ⭐⭐🌟3.9 | B1 | 西式快餐￥27/人 | 0-9周D | 肉肉加料节 | 赛百味拼了！ | ￥31.96.2折 | 惠 | ￥52香溢金枪鱼双拼三明...,ocr/input_videos\上海__长宁来福士__20260825.mp4
OBS-000576,长宁来福士,VS假发,VS假发,美发,4.8,4643,商场内,rated,True,,rated,parsed,rating_anchor,0.9731,0.9951,61,5040,86.117,商场内 | 🌟🌟🌟🌟🌟 | 美发￥4643/人 | 4.8,VS假发 | V'S | 商场内 | 🌟🌟🌟🌟🌟 | 美发￥4643/人 | 4.8 | 假发·设计师品牌 | VEED | 点评榜单 | 中山公园/江苏路美发好评榜第6名 | 全国连锁品牌 | 假发效果好，染发再也不用 | 厂告 | ￥1 | ￥100假发试戴|男女通用| | 1.2折 | 惠,ocr/input_videos\上海__长宁来福士__20260825.mp4
OBS-000577,长宁来福士,爱回收,爱回收,手机数码回收,3.2,,B1,rated,True,,rated,parsed,rating_anchor,0.9985,0.9995,62,5040,86.117,🌟🌟🌟🌟🎉 | B1 | 3.2手机数码回收,爱回收 | 🌟🌟🌟🌟🎉 | B1 | 3.2手机数码回收 | 爱回收,ocr/input_videos\上海__长宁来福士__20260825.mp4
OBS-000578,长宁来福士,喜家德,喜家德,饺子,3.9,33,B1,rated,True,,rated,parsed,rating_anchor,0.9622,0.998,65,5040,86.117,3.9饺子￥33/人 | B1,喜家德 | 3.9饺子￥33/人 | B1 | 喜家德 | 点评榜单 | 长宁区饺子热门榜第1名 | 虾仁水饺 | 菜品口味棒，环境整洁，服务周到” | ￥27.5 | 8.4折 | ￥33 | 【有肉有菜】鱼片凯.. | 惠,ocr/input_videos\上海__长宁来福士__20260825.mp4
OBS-000579,长宁来福士,SUBWAY赛百味,SUBWAY赛百味,西式快餐,3.9,27,B1,rated,True,,rated,parsed,rating_anchor,0.9741,0.994,51,5064,86.527,⭐🌟⭐⭐3.9 | B1 | 西式快餐￥27/人,SUBWAY赛百味 | ⭐🌟⭐⭐3.9 | B1 | 0-9周D | 西式快餐￥27/人 | 肉肉加料节 | 赛百味拼了！ | ￥31.9 | 6.2折 | 惠 | ￥52香溢金枪鱼双拼三明...,ocr/input_videos\上海__长宁来福士__20260825.mp4
OBS-000580,长宁来福士,VS假发,VS假发,美发,4.8,4643,商场内,rated,True,,rated,parsed,rating_anchor,0.9775,0.9948,58,5064,86.527,商场内 | 🌟🌟🌟🌟🌟 | 美发￥4643/人 | 4.8,VS假发 | V'S | 商场内 | 🌟🌟🌟🌟🌟 | 美发￥4643/人 | 4.8 | 假发·设计师品牌 | E | 点评榜单 | 中山公园/江苏路美发好评榜第6名 | 全国连锁品牌 | 假发效果好，染发再也不用 | 厂告 | 1.2折 | 惠 | ￥1 | ￥1001 | 假发试戴|男女通用|,ocr/input_videos\上海__长宁来福士__20260825.mp4
OBS-000581,长宁来福士,爱回收,爱回收,手机数码回收,3.2,,B1,rated,True,,rated,parsed,rating_anchor,0.9985,0.9995,62,5064,86.527,🌟🌟🌟🌟🎉 | B1 | 3.2手机数码回收,爱回收 | 🌟🌟🌟🌟🎉 | B1 | 3.2手机数码回收 | 爱回收,ocr/input_videos\上海__长宁来福士__20260825.mp4
OBS-000582,长宁来福士,喜家德,喜家德,饺子,3.9,33,B1,rated,True,,rated,parsed,rating_anchor,0.9788,0.9992,62,5064,86.527,★★🌟🌟★ | 3.9饺子￥33/人 | B1,喜家德 | ★★🌟🌟★ | 3.9饺子￥33/人 | B1 | 喜家德 | 点评榜单 | 长宁区饺子热门榜第1名 | 虾仁水饺 | 菜品口味棒，环境整洁，服务周到” | ￥27.5 | ￥33 | 8.4折 | 【有肉有菜】鱼片凯.. | 惠,ocr/input_videos\上海__长宁来福士__20260825.mp4
OBS-000583,长宁来福士,爱回收,爱回收,手机数码回收,3.2,,B1,rated,True,,rated,parsed,rating_anchor,0.9959,0.9996,59,5088,86.938,3.2手机数码回收 | B1,爱回收 | M | 3.2手机数码回收 | B1 | 爱回收,ocr/input_videos\上海__长宁来福士__20260825.mp4
OBS-000584,长宁来福士,喜家德,喜家德,饺子,3.9,33,B1,rated,True,,rated,parsed,rating_anchor,0.9501,0.9962,61,5088,86.938,★★★🌟★ | B1 | 3.9饺子￥33/人,喜家德 | ★★★🌟★ | B1 | 3.9饺子￥33/人 | 喜家德 | 点评榜单 | 长宁区饺子热门榜第1名 | 虾仁水饺 | 菜品口味棒，环境整洁，服务周到” | ￥33 | ￥27.5 | 8.4折 | 惠 | 【有肉有菜】鱼片凯..,ocr/input_videos\上海__长宁来福士__20260825.mp4
OBS-000585,长宁来福士,遇见小面,遇见小面,面馆,3.9,27,B1,rated,True,,rated,parsed,rating_anchor,0.9301,0.9962,59,5088,86.938,🌟🌟⭐🌟🌟 | B1 | 面馆￥27/人 | 3.9,遇见小面 | 🌟🌟⭐🌟🌟 | B1 | 面馆￥27/人 | 3.9 | 点评榜单 | 中山公园/江苏路面馆销量榜第7名 | 遇见小面 | 口味好，环境不错，服务挺好的 | “ | XIAO NOODLES | ￥36.3 | ￥25.97.2折 | 【招牌热销】红碗... | 惠,ocr/input_videos\上海__长宁来福士__20260825.mp4
OBS-000586,长宁来福士,EPOQUE·一刻花店,EPOQUE·一刻花店,花店,4.8,184,商场内,rated,True,,rated,parsed,rating_anchor,0.9494,0.9445,58,5088,86.938,商场内 | 4.8花店￥184/人,EPOQUE·一刻花店 | 商场内 | 4.8花店￥184/人 | 点评榜单 | 长宁区植物花卉热门榜第2名 | 花束美翻了，下次还会来 | “ | 3 | ￥698￥998 | 惠 | 【予她温柔】粉色芍药康..,ocr/input_videos\上海__长宁来福士__20260825.mp4
OBS-000587,长宁来福士,爱回收,爱回收,手机数码回收,3.2,,B1,rated,True,,rated,parsed,rating_anchor,0.9027,0.9996,65,5112,87.348,⭐⭐⭐⭐3.2 手机数码回收 | B1,爱回收 | ⭐⭐⭐⭐3.2 手机数码回收 | B1 | 爱回收,ocr/input_videos\上海__长宁来福士__20260825.mp4
OBS-000588,长宁来福士,喜家德,喜家德,饺子,3.9,33,B1,rated,True,,rated,parsed,rating_anchor,0.9701,0.9982,65,5112,87.348,🌟🌟🌟🌟🌟 | B1 | 饺子￥33/人 | 3.9,喜家德 | 🌟🌟🌟🌟🌟 | B1 | 饺子￥33/人 | 3.9 | 喜家德 | 点评榜单 | 长宁区饺子热门榜第1名 | 虾仁水饺 | 菜品口味棒，环境整洁，服务周到” | ￥33 | ￥27.5 | 8.4折 | 【有肉有菜】鱼片凯... | 惠,ocr/input_videos\上海__长宁来福士__20260825.mp4
OBS-000589,长宁来福士,遇见小面,遇见小面,面馆,3.9,27,B1,rated,True,,rated,parsed,rating_anchor,0.9707,0.9952,57,5112,87.348,⭐🌟⭐🌟⭐ | B1 | 面馆￥27/人 | 3.9,遇见小面 | ⭐🌟⭐🌟⭐ | B1 | 面馆￥27/人 | 3.9 | 点评榜单 | 中山公园/江苏路面馆销量榜第7名 | 遇见小面 | 口味好，环境不错，服务挺好的 | “ | XLAD NOODLES | ￥25.97.2折 | ￥36.3 | 【招牌热销】红碗... | 惠,ocr/input_videos\上海__长宁来福士__20260825.mp4
OBS-000590,长宁来福士,EPOQUE·一刻花店,EPOQUE·一刻花店,花店,4.8,184,商场内,rated,True,,rated,parsed,rating_anchor,0.966,0.9682,55,5112,87.348,商场内 | ★🌟★★★ | 4.8花店￥184/人,EPOQUE·一刻花店 | PCQUE：一刻花店 | 商场内 | ★🌟★★★ | 4.8花店￥184/人 | 点评榜单 | 长宁区植物花卉热门榜第2名 | 花束美翻了，下次还会来” | ￥698￥998 | 惠 | 【予她温柔】粉色芍药康...,ocr/input_videos\上海__长宁来福士__20260825.mp4
OBS-000591,长宁来福士,Levi's,Levi's,服饰鞋包,3.5,993,商场内,rated,True,,rated,parsed,rating_anchor,0.9762,0.9972,59,5112,87.348,3.5服饰鞋包￥993/人 | 商场内,Levi's | 3.5服饰鞋包￥993/人 | 商场内 | R | Levi's,ocr/input_videos\上海__长宁来福士__20260825.mp4
OBS-000592,长宁来福士,爱回收,爱回收,手机数码回收,3.2,,B1,rated,True,,rated,parsed,rating_anchor,0.9986,0.9994,65,5160,88.168,⭐🌟🌟⭐⭐ | B1 | 3.2手机数码回收,爱回收 | ? | ⭐🌟🌟⭐⭐ | B1 | 3.2手机数码回收 | 爱回收,ocr/input_videos\上海__长宁来福士__20260825.mp4
OBS-000593,长宁来福士,喜家德,喜家德,饺子,3.9,33,B1,rated,True,,rated,parsed,rating_anchor,0.9794,0.9943,62,5160,88.168,🌟🌟🌟🌟🌟 | B1 | 3.9饺子￥33/人,喜家德 | 🌟🌟🌟🌟🌟 | B1 | 3.9饺子￥33/人 | 喜家德 | 点评榜单 | 长宁区饺子热门榜第1名 | 虾仁水饺 | 菜品口味棒，环境整洁，服务周到 | ￥27.5 | ￥33 | 8.4折 | 【有肉有菜】鱼片凯... | 惠,ocr/input_videos\上海__长宁来福士__20260825.mp4
OBS-000594,长宁来福士,遇见小面,遇见小面,面馆,3.9,27,B1,rated,True,,rated,parsed,rating_anchor,0.9705,0.994,63,5160,88.168,🌟🌟🌟🌟 | 面馆￥27/人 | B1 | 3.9,遇见小面 | 🌟🌟🌟🌟 | 面馆￥27/人 | B1 | 3.9 | 点评榜单 | 中山公园/江苏路面馆销量榜第7名 | 遇见小面 | 口味好，环境不错，服务挺好的 | “ | 55 | 小 | XIAO NOODLES | ￥25.97.2折 | ￥36.3 | 【招牌热销】红碗.. | 惠,ocr/input_videos\上海__长宁来福士__20260825.mp4
OBS-000595,长宁来福士,EPOQUE·一刻花店,EPOQUE·一刻花店,花店,4.8,184,商场内,rated,True,,rated,parsed,rating_anchor,0.9675,0.9799,58,5160,88.168,商场内 | 4.8花店￥184/人 | ⭐🌟⭐🌟🌟,EPOQUE·一刻花店 | PCQF-花店 | 商场内 | 4.8花店￥184/人 | ⭐🌟⭐🌟🌟 | 点评榜单 | 长宁区植物花卉热门榜第2名 | 花束美翻了，下次还会来 | < | 2 | ￥698￥998 | 惠 | 【予她温柔】粉色芍药康..,ocr/input_videos\上海__长宁来福士__20260825.mp4
OBS-000596,长宁来福士,Levi's,Levi's,服饰鞋包,3.5,993,商场内,rated,True,,rated,parsed,rating_anchor,0.9789,0.9964,59,5160,88.168,商场内 | 3.5服饰鞋包￥993/人,Levi's | 商场内 | 3.5服饰鞋包￥993/人 | Levi's,ocr/input_videos\上海__长宁来福士__20260825.mp4
OBS-000597,长宁来福士,遇见小面,遇见小面,面馆,3.9,27,B1,rated,True,,rated,parsed,rating_anchor,0.9722,0.9968,60,5208,88.988,🌟🌟🌟🌟⭐ | B1 | 面馆￥27/人 | 3.9,遇见小面 | 🌟🌟🌟🌟⭐ | B1 | 面馆￥27/人 | 3.9 | 点评榜单 | 中山公园/江苏路面馆销量榜第7名 | 遇见小面 | 口味好，环境不错，服务挺好的 | “ | XLAD NOODLES | ￥36.3 | ￥25.97.2折 | 【招牌热销】红碗... | 惠,ocr/input_videos\上海__长宁来福士__20260825.mp4
OBS-000598,长宁来福士,EPOQUE·一刻花店,EPOQUE·一刻花店,花店,4.8,184,商场内,rated,True,,rated,parsed,rating_anchor,0.9594,0.9701,55,5208,88.988,商场内 | ★★4.8 | 花店￥184/人,EPOQUE·一刻花店 | CQIE:-A花店 | 商场内 | ★★4.8 | 花店￥184/人 | 点评榜单 | 长宁区植物花卉热门榜第2名 | 下次还会来” | 花束美翻了， | ￥698￥998 | 惠 | 【予她温柔】 | 粉色芍药康....,ocr/input_videos\上海__长宁来福士__20260825.mp4
OBS-000599,长宁来福士,Levi's,Levi's,服饰鞋包,3.5,993,商场内,rated,True,,rated,parsed,rating_anchor,0.9587,0.9521,54,5208,88.988,商场内 | 🌟🌟💥🌟⭐ | 服饰鞋包￥993/人 | 3.5,Levi's | 商场内 | 🌟🌟💥🌟⭐ | 服饰鞋包￥993/人 | 3.5 | R | Levi's,ocr/input_videos\上海__长宁来福士__20260825.mp4
OBS-000600,长宁来福士,德罗心DELORSIM,德罗心DELORSIM,甜品,4.6,138,2F,rated,True,,rated,parsed,rating_anchor,0.9776,0.9951,50,5208,88.988,2F | ★★★★★ | 甜品￥138/人 | 4.6,德罗心DELORSIM | Delorsim | 湖罗心 | 2F | ★★★★★ | 甜品￥138/人 | 4.6 | 点评榜单 | 中山公园/江苏路甜品口味榜第1名 | Pereegreaate | 独一无二的生日蛋糕 | 籽籽真心 | 4.2折 | ￥48 | ￥19.9 | 惠 | 【双层系列】水果多.. | ￥459折 | 惠 | ￥50 | 50元代金券,ocr/input_videos\上海__长宁来福士__20260825.mp4
OBS-000601,长宁来福士,遇见小面,遇见小面,面馆,3.9,27,B1,rated,True,,rated,parsed,rating_anchor,0.9697,0.9958,59,5244,89.603,🌟🌟⭐ | 面馆￥27/人 | B1 | 3.9,遇见小面 | 🌟🌟⭐ | 面馆￥27/人 | B1 | 3.9 | 点评榜单 | 中山公园/江苏路面馆销量榜第7名 | 遇见小面 | 口味好，环境不错，服务挺好的 | “ | 5 | XIAD NOODLES | ￥25.97.2折 | ￥36.3 | 【招牌热销】红碗... | 惠,ocr/input_videos\上海__长宁来福士__20260825.mp4
OBS-000602,长宁来福士,EPOQUE·一刻花店,EPOQUE·一刻花店,花店,4.8,184,商场内,rated,True,,rated,parsed,rating_anchor,0.9398,0.9686,55,5244,89.603,4.8花店￥184/人 | 商场内,EPOQUE·一刻花店 | PCQUE·-剑花店 | 4.8花店￥184/人 | 商场内 | 点评榜单 | 长宁区植物花卉热门榜第2名 | 花束美翻了，下次还会来 | ￥698￥998 | 惠 | 【予她温柔】粉色芍药康...,ocr/input_videos\上海__长宁来福士__20260825.mp4
OBS-000603,长宁来福士,Levi's,Levi's,服饰鞋包,3.5,993,商场内,rated,True,,rated,parsed,rating_anchor,0.9841,0.9976,58,5244,89.603,3.5服饰鞋包￥993/人 | 商场内,Levi's | 3.5服饰鞋包￥993/人 | 商场内 | ® | Levi's,ocr/input_videos\上海__长宁来福士__20260825.mp4
OBS-000604,长宁来福士,德罗心DELORSIM,德罗心DELORSIM,甜品,4.6,138,2F,rated,True,,rated,parsed,rating_anchor,0.9749,0.9949,54,5244,89.603,4.6 | 甜品￥138/人 | 2F | 🌟🌟🌟⭐🌟,德罗心DELORSIM | Delorsim | 4.6 | 甜品￥138/人 | 2F | 🌟🌟🌟⭐🌟 | 点评榜单 | 中山公园/江苏路甜品口味榜第1名 | sale | “独一无二的生日蛋糕 | 籽籽真心 | 4.2折 | ￥19.9 | ￥48 | 惠 | 【双层系列】水果多. | ￥459折 | 惠 | ￥5050元代金券,ocr/input_videos\上海__长宁来福士__20260825.mp4
OBS-000605,长宁来福士,琦王花生,琦王花生,栗子/干果,3.8,50,B1,rated,True,,rated,parsed,rating_anchor,0.9748,0.9996,57,5244,89.603,🌟🌟🌟🌟🎉 | 3.8栗子/干果￥50/人 | B1,琦王花生 | 琦王 | 阁 | 🌟🌟🌟🌟🎉 | 3.8栗子/干果￥50/人 | B1 | 花生 | 小锅·慢炒,ocr/input_videos\上海__长宁来福士__20260825.mp4
OBS-000606,长宁来福士,遇见小面,遇见小面,面馆,3.9,27,B1,rated,True,,rated,parsed,rating_anchor,0.9626,0.9926,60,5268,90.013,面馆￥27/人 | B1 | 🌟🌟🌟🌟🌟 | 3.9,遇见小面 | 面馆￥27/人 | B1 | 🌟🌟🌟🌟🌟 | 3.9 | 点评榜单 | 中山公园/江苏路面馆销量榜第7名 | 遇见小面 | 口味好，环境不错，服务挺好的 | “ | 55 | XIAO NOODLES | ￥36.3 | ￥25.9 | 7.2折 | 【招牌热销】红碗... | 惠,ocr/input_videos\上海__长宁来福士__20260825.mp4
OBS-000607,长宁来福士,EPOQUE·一刻花店,EPOQUE·一刻花店,花店,4.8,184,商场内,rated,True,,rated,parsed,rating_anchor,0.9466,0.9648,54,5268,90.013,商场内 | 4.8花店￥184/人,EPOQUE·一刻花店 | PQE：一花店 | 商场内 | 4.8花店￥184/人 | 点评榜单 | 长宁区植物花卉热门榜第2名 | 花束美翻了，下次还会来 | 3 | ￥698 | ￥998 | 【予她温柔】粉色芍药康... | 惠,ocr/input_videos\上海__长宁来福士__20260825.mp4
OBS-000608,长宁来福士,Levi's,Levi's,服饰鞋包,3.5,993,商场内,rated,True,,rated,parsed,rating_anchor,0.975,0.9974,62,5268,90.013,3.5服饰鞋包￥993/人 | 商场内,Levi's | 3.5服饰鞋包￥993/人 | 商场内 | R | Levi's,ocr/input_videos\上海__长宁来福士__20260825.mp4
OBS-000609,长宁来福士,德罗心DELORSIM,德罗心DELORSIM,甜品,4.6,138,2F,rated,True,,rated,parsed,rating_anchor,0.9743,0.9958,55,5268,90.013,🌟🌟🌟🌟🌟 | 2F | 甜品￥138/人 | 4.6,德罗心DELORSIM | DeLorsim | 心 | 🌟🌟🌟🌟🌟 | 2F | 甜品￥138/人 | 4.6 | 点评榜单 | 中山公园/江苏路甜品口味榜第1名 | PorEearaaate | “独一无二的生日蛋糕 | 籽籽真心 | 3 | 4.2折 | ￥19.9 | ￥48 | 【双层系列】水果多. | 惠 | ￥459折 | 惠 | ￥5050元代金券,ocr/input_videos\上海__长宁来福士__20260825.mp4
OBS-000610,长宁来福士,琦王花生,琦王花生,栗子/干果,3.8,50,B1,rated,True,,rated,parsed,rating_anchor,0.9664,0.9981,56,5268,90.013,3.8栗子/干果￥50/人 | B1,琦王花生 | 琦王 | 商 | QUAN | 3.8栗子/干果￥50/人 | B1 | 花生 | 小锅·慢炒,ocr/input_videos\上海__长宁来福士__20260825.mp4
OBS-000611,长宁来福士,德罗心DELORSIM,德罗心DELORSIM,甜品,4.6,138,2F,rated,True,,rated,parsed,rating_anchor,0.9729,0.9931,54,5736,98.01,2F | 甜品￥138/人 | 🌟🌟🌟🌟🌟 | 4.6,德罗心DELORSIM | Delorsim | 漆写心 | 2F | 甜品￥138/人 | 🌟🌟🌟🌟🌟 | 4.6 | 点评榜单 | 中山公园/江苏路甜品口味榜第1名 | Seasoa | Porecaraaalc | “独的蛋糕” | 籽籽真心 | 4.2折 | ￥19.9 | ￥48 | 惠 | 【双层系列】水果多. | ￥459折 | 惠 | ￥5050元代金券,ocr/input_videos\上海__长宁来福士__20260825.mp4
OBS-000612,长宁来福士,琦王花生,琦王花生,栗子/干果,3.8,50,B1,rated,True,,rated,parsed,rating_anchor,0.9671,0.9997,57,5736,98.01,3.8栗子/干果￥50/人 | B1,琦王花生 | 琦王 | 3.8栗子/干果￥50/人 | B1 | 花生 | 小锅·慢炒 | 惠 | ￥19.8￥19.8红山雪葵(原味瓜子),ocr/input_videos\上海__长宁来福士__20260825.mp4
OBS-000613,长宁来福士,M'CAKE,M'CAKE,甜品,3.9,88,B1,rated,True,,rated,parsed,rating_anchor,0.9641,0.9848,50,5736,98.01,★★★★★ | 甜品￥88/人 | B1 | 3.9,M'CAKE | MCAKE | 茶歇小蛋糕上新 | ★★★★★ | 甜品￥88/人 | B1 | 3.9 | TEITCATEAECPAIBETIE | 点评榜单 | 中山公园/江苏路甜品回头客榜第6名 | ￥1299.4折 | ￥138招牌拿破仑3选1(4.. | 惠 | ￥959.5折 | ￥100100元代金券 | 惠,ocr/input_videos\上海__长宁来福士__20260825.mp4
OBS-000614,长宁来福士,北京同仁堂亳州饮片,北京同仁堂亳州饮片,滋补品,3.9,652,B1,rated,True,,rated,parsed,rating_anchor,0.9661,0.9839,54,5736,98.01,3.9滋补品￥652/人 | B1,北京同仁堂亳州饮片 | 3.9滋补品￥652/人 | B1 | 性价比超高的燕窝礼盒” | C | ￥3188折 | ￥398 | 惠 | 【春节推荐】同仁堂. | ￥909折 | 惠 | ￥100100元代金券,ocr/input_videos\上海__长宁来福士__20260825.mp4
OBS-000615,长宁来福士,德罗心DELORSIM,德罗心DELORSIM,甜品,4.6,138,2F,rated,True,,rated,parsed,rating_anchor,0.9741,0.9922,53,5748,98.215,甜品￥138/人 | 🌟🌟⭐🌟🌟 | 2F | 4.6,德罗心DELORSIM | Delorsim | 德罗心 | 甜品￥138/人 | 🌟🌟⭐🌟🌟 | 2F | 4.6 | 点评榜单 | 中山公园/江苏路甜品口味榜第1名 | Porzceraaalc | Scaboa | “独一无二的生日蛋糕 | 籽籽真心 | 3 | ￥48 | ￥19.9 | 4.2折 | 【双层系列】水果多. | 惠 | ￥459折 | 惠 | ￥5050元代金券,ocr/input_videos\上海__长宁来福士__20260825.mp4
OBS-000616,长宁来福士,琦王花生,琦王花生,栗子/干果,3.8,50,B1,rated,True,,rated,parsed,rating_anchor,0.9671,0.9982,59,5748,98.215,3.8栗子/干果￥50/人 | B1,琦王花生 | 琦王 | SKAR | 3.8栗子/干果￥50/人 | B1 | 花生 | 小锅·慢炒 | ￥19.8￥19.8红山雪葵(原味瓜子) | 惠,ocr/input_videos\上海__长宁来福士__20260825.mp4
OBS-000617,长宁来福士,M'CAKE,M'CAKE,甜品,3.9,88,B1,rated,True,,rated,parsed,rating_anchor,0.9652,0.9826,50,5748,98.215,🌟🌟🌟⭐3.9 | 甜品￥88/人 | B1,M'CAKE | MCAKE | 茶歇小蛋糕上新 | 🌟🌟🌟⭐3.9 | 甜品￥88/人 | B1 | MTITCATEA.DCPAIBETIE | 点评镑单 | 中山公园/江苏路甜品回头客榜第6名 | ￥138招牌拿破仑3选1(4.. | ￥1299.4折 | 惠 | ￥959.5折 | 惠 | ￥100100元代金券,ocr/input_videos\上海__长宁来福士__20260825.mp4
OBS-000618,长宁来福士,北京同仁堂亳州饮片,北京同仁堂亳州饮片,滋补品,3.9,,B1,rated,True,,rated,parsed,rating_anchor,0.9877,0.9909,54,5748,98.215,3.9滋补品652/人 | B1,北京同仁堂亳州饮片 | 3.9滋补品652/人 | B1 | 性价比超高的燕窝礼盒” | ￥3188折 | ￥398 | 【春节推荐】同仁堂... | 惠 | ￥909折 | ￥100100元代金券 | 惠,ocr/input_videos\上海__长宁来福士__20260825.mp4
OBS-000619,长宁来福士,德罗心DELORSIM,德罗心DELORSIM,甜品,4.6,138,2F,rated,True,,rated,parsed,rating_anchor,0.9763,0.9956,53,5784,98.83,2F | 🌟🌟🎉🌟🌟 | 甜品￥138/人 | 4.6,德罗心DELORSIM | Delorsim | 德罗心 | 2F | 🌟🌟🎉🌟🌟 | 甜品￥138/人 | 4.6 | 点评榜单 | 中山公园/江苏路甜品口味榜第1名 | Frecaraaate | Seaboa | 籽籽真心 | 独一无二的生日蛋糕 | J | 3 | 4.2折 | ￥48 | ￥19.9 | 【双层系列】水果多. | 惠 | ￥459折 | 惠 | ￥5050元代金券,ocr/input_videos\上海__长宁来福士__20260825.mp4
OBS-000620,长宁来福士,琦王花生,琦王花生,栗子/干果,3.8,50,B1,rated,True,,rated,parsed,rating_anchor,0.9688,0.9997,57,5784,98.83,3.8栗子/干果￥50/人 | B1,琦王花生 | 琦王 | 3.8栗子/干果￥50/人 | B1 | 花生 | 小锅·慢炒 | ￥19.8￥19.8红山雪葵(原味瓜子) | 惠,ocr/input_videos\上海__长宁来福士__20260825.mp4
OBS-000621,长宁来福士,M'CAKE,M'CAKE,甜品,3.9,88,B1,rated,True,,rated,parsed,rating_anchor,0.9914,0.983,50,5784,98.83,B1 | 🌟🌟⭐🌟🌟 | ￥88/人 | 甜品 | 3.9,M'CAKE | MCAKE | 茶歇小蛋糕上新 | B1 | 🌟🌟⭐🌟🌟 | ￥88/人 | 甜品 | 3.9 | METTCATEA.DSPMIBETHE | 点评榜单 | 中山公园/江苏路甜品回头客榜第6名 | ￥1299.4折 | ￥138招牌拿破仑3选1(4.... | 惠 | 9.5折 | ￥95 | ￥100100元代金券 | 惠,ocr/input_videos\上海__长宁来福士__20260825.mp4
OBS-000622,长宁来福士,北京同仁堂亳州饮片,北京同仁堂亳州饮片,滋补品,3.9,652,B1,rated,True,,rated,parsed,rating_anchor,0.9641,0.988,57,5784,98.83,3.9滋补品￥652/人 | B1,北京同仁堂亳州饮片 | 3.9滋补品￥652/人 | B1 | 性价比超高的燕窝礼盒” | 心 | ￥398 | ￥3188折 | 惠 | 【春节推荐】同仁堂... | ￥909折 | ￥100100元代金券 | 惠,ocr/input_videos\上海__长宁来福士__20260825.mp4
OBS-000623,长宁来福士,M'CAKE,M'CAKE,甜品,3.9,88,B1,rated,True,,rated,parsed,rating_anchor,0.9651,0.9824,50,5856,100.06,🌟🌟🎉🌟⭐ | 甜品￥88/人 | B1 | 3.9,M'CAKE | MCAKE | 茶歇小蛋糕上新 | 🌟🌟🎉🌟⭐ | 甜品￥88/人 | B1 | 3.9 | T | 点评榜单 | 中山公园/江苏路甜品回头客榜第6名 | ￥1299.4折 | ￥138招牌拿破仑3选1(4... | 惠 | ￥959.5折 | 惠 | ￥100100元代金券,ocr/input_videos\上海__长宁来福士__20260825.mp4
OBS-000624,长宁来福士,北京同仁堂亳州饮片,北京同仁堂亳州饮片,滋补品,3.9,652,B1,rated,True,,rated,parsed,rating_anchor,0.9704,0.99,54,5856,100.06,3.9滋补品￥652/人 | B1,北京同仁堂亳州饮片 | 3.9滋补品￥652/人 | B1 | 性价比超高的燕窝礼盒 | ￥398 | ￥3188折 | 惠 | 【春节推荐】同仁堂.. | ￥909折 | ￥100100元代金券 | 惠,ocr/input_videos\上海__长宁来福士__20260825.mp4
OBS-000625,长宁来福士,惠普HP电脑专卖店,惠普HP电脑专卖店,数码产品,3.5,,商场内,rated,True,,rated,parsed,rating_anchor,0.9631,0.999,55,5856,100.06,商场内 | ⭐⭐⭐3.5数码产品,惠普HP电脑专卖店 | p | 惠管电脑专卖店 | 商场内 | p口 | ⭐⭐⭐3.5数码产品,ocr/input_videos\上海__长宁来福士__20260825.mp4
OBS-000626,长宁来福士,RUXU入续鸳鸯糖水铺,RUXU入续鸳鸯糖水铺,甜品,4.0,35,1F,rated,True,,rated,parsed,rating_anchor,0.9674,0.9969,54,5856,100.06,⭐★🌟🌟⭐ | 1F | 甜品￥35/人 | 4.0,RUXU入续鸳鸯糖水铺 | RUXU入续 | ⭐★🌟🌟⭐ | 1F | 甜品￥35/人 | 4.0 | 福 | 点评榜单 | 中山公园/江苏路甜品销量榜第1名 | 这家糖水铺果然名不虚传 | ￥22.89.2折 | ￥25 | 惠 | 【入续招牌】娟姗奶..,ocr/input_videos\上海__长宁来福士__20260825.mp4
OBS-000627,长宁来福士,Shake Shack,ShakeShack,西式快餐,4.0,58,1F,rated,True,,rated,parsed,rating_anchor,0.9722,0.9785,51,5856,100.06,🌟🌟🌟⭐ | 1F | 西式快餐￥58/人 | 4.0 | ★,Shake Shack | SUNESHUOX | 久光中心店 | 🌟🌟🌟⭐ | 1F | 西式快餐￥58/人 | 4.0 | ★ | 8月28日盛大开业 | 点评榜单 | 中山公园/江苏路小吃快餐环境榜第4名 | 上菜快，服务棒，牛肉汉堡超扎足 | 3,ocr/input_videos\上海__长宁来福士__20260825.mp4
OBS-000628,长宁来福士,M'CAKE,M'CAKE,甜品,3.9,88,B1,rated,True,,rated,parsed,rating_anchor,0.9658,0.9816,55,5868,100.265,甜品￥88/人 | B1 | 🌟🌟🌟🌟🌟 | 3.9,M'CAKE | MCAKE | 茶歇小蛋糕上新 | 甜品￥88/人 | B1 | 🌟🌟🌟🌟🌟 | 3.9 | S | 点评榜单 | 中山公园/江苏路甜品回头客榜第6名 | ￥138招牌拿破仑3选1(4... | ￥1299.4折 | 惠 | ￥959.5折 | ￥100100元代金券 | 惠,ocr/input_videos\上海__长宁来福士__20260825.mp4
OBS-000629,长宁来福士,北京同仁堂亳州饮片,北京同仁堂亳州饮片,滋补品,3.9,652,B1,rated,True,,rated,parsed,rating_anchor,0.9737,0.9874,54,5868,100.265,B1 | 🌟★★3.9 | 滋补品￥652/人,北京同仁堂亳州饮片 | B1 | 🌟★★3.9 | 滋补品￥652/人 | 性价比超高的燕窝礼盒 | ￥398 | ￥3188折 | 【春节推荐】同仁堂... | 惠 | ￥909折 | ￥100100元代金券 | 惠,ocr/input_videos\上海__长宁来福士__20260825.mp4
OBS-000630,长宁来福士,惠普HP电脑专卖店,惠普HP电脑专卖店,数码产品,3.5,,商场内,rated,True,,rated,parsed,rating_anchor,0.9526,0.999,54,5868,100.265,商场内 | ⭐⭐3.5数码产品,惠普HP电脑专卖店 | o | 惠普电脑专卖店 | 商场内 | ⭐⭐3.5数码产品,ocr/input_videos\上海__长宁来福士__20260825.mp4
OBS-000631,长宁来福士,RUXU入续鸳鸯糖水铺,RUXU入续鸳鸯糖水铺,甜品,4.0,35,1F,rated,True,,rated,parsed,rating_anchor,0.9729,0.9978,54,5868,100.265,1F | 🌟🌟🌟⭐ | 甜品￥35/人 | 4.0,RUXU入续鸳鸯糖水铺 | RUXU入续 | 1F | 🌟🌟🌟⭐ | 甜品￥35/人 | 4.0 | 点评榜单 | 中山公园/江苏路甜品销量榜第1名 | 这家糖水铺果然名不虚传 | ￥22.89.2折 | 惠 | ￥25 | 【入续招牌】娟姗奶...,ocr/input_videos\上海__长宁来福士__20260825.mp4
OBS-000632,长宁来福士,Shake Shack,ShakeShack,西式快餐,4.0,58,1F,rated,True,,rated,parsed,rating_anchor,0.9778,0.9916,51,5868,100.265,🌟🌟⭐⭐ | 1F | 4.0 | 西式快餐￥58/人,Shake Shack | SUSHX | 久光中心店 | 🌟🌟⭐⭐ | 1F | 4.0 | 西式快餐￥58/人 | 8月28日盛大开业 | 点评榜单 | 中山公园/江苏路小吃快餐环境榜第4名 | 生肉汉保招划只” | 服备铸 | “ | 上节协,ocr/input_videos\上海__长宁来福士__20260825.mp4
OBS-000633,长宁来福士,M'CAKE,M'CAKE,甜品,3.9,88,B1,rated,True,,rated,parsed,rating_anchor,0.966,0.9815,55,5904,100.88,🌟🌟🌟🌟🌟 | 甜品￥88/人 | B1 | 3.9,M'CAKE | MCAKE | 茶歇小蛋糕上新 | 🌟🌟🌟🌟🌟 | 甜品￥88/人 | B1 | 3.9 | TTITCATEA.DCPAIBETIE | 点评榜单 | 中山公园/江苏路甜品回头客榜第6名 | ￥138招牌拿破仑3选1(4... | ￥1299.4折 | 惠 | ￥959.5折 | 惠 | ￥100100元代金券,ocr/input_videos\上海__长宁来福士__20260825.mp4
OBS-000634,长宁来福士,北京同仁堂亳州饮片,北京同仁堂亳州饮片,滋补品,3.9,652,B1,rated,True,,rated,parsed,rating_anchor,0.9701,0.9868,58,5904,100.88,3.9滋补品￥652/人 | B1,北京同仁堂亳州饮片 | 3.9滋补品￥652/人 | B1 | 性价比超高的燕窝礼盒” | C | ￥398 | ￥3188折 | 【春节推荐】同仁堂.. | 惠 | ￥909折 | ￥100100元代金券 | 惠,ocr/input_videos\上海__长宁来福士__20260825.mp4
OBS-000635,长宁来福士,惠普HP电脑专卖店,惠普HP电脑专卖店,数码产品,3.5,,商场内,rated,True,,rated,parsed,rating_anchor,0.9592,0.999,60,5904,100.88,⭐3.5数码产品 | 商场内,惠普HP电脑专卖店 | 惠著电脑卖店 | ⭐3.5数码产品 | 商场内 | p口,ocr/input_videos\上海__长宁来福士__20260825.mp4
OBS-000636,长宁来福士,RUXU入续鸳鸯糖水铺,RUXU入续鸳鸯糖水铺,甜品,4.0,35,1F,rated,True,,rated,parsed,rating_anchor,0.9781,0.9991,55,5904,100.88,4.0甜品￥35/人 | 1F | 🌟🌟🌟🌟,RUXU入续鸳鸯糖水铺 | RUXU入续 | 4.0甜品￥35/人 | 1F | 🌟🌟🌟🌟 | 点评榜单 | 中山公园/江苏路甜品销量榜第1名 | 这家糖水铺果然名不虚传 | 37 | C | ￥22.89.2折 | ￥25 | 【入续招牌】娟姗奶. | 惠,ocr/input_videos\上海__长宁来福士__20260825.mp4
OBS-000637,长宁来福士,M'CAKE,M'CAKE,甜品,3.9,88,B1,rated,True,,rated,parsed,rating_anchor,0.9633,0.9784,50,5940,101.496,甜品￥88/人 | B1 | ★🌟⭐🌟🌟 | 3.9,M'CAKE | MCAKE | 茶歇小蛋糕上新 | 甜品￥88/人 | B1 | ★🌟⭐🌟🌟 | 3.9 | TETITCATEJCPAIBCTIE | 点评榜单 | 中山公园/江苏路甜品回头客榜第6名 | ￥138招牌拿破仑3选1(4... | ￥1299.4折 | 惠 | ￥959.5折 | ￥100100元代金券 | 惠,ocr/input_videos\上海__长宁来福士__20260825.mp4
OBS-000638,长宁来福士,北京同仁堂亳州饮片,北京同仁堂亳州饮片,滋补品,3.9,652,B1,rated,True,,rated,parsed,rating_anchor,0.9686,0.9854,58,5940,101.496,3.9滋补品￥652/人 | B1,北京同仁堂亳州饮片 | 3.9滋补品￥652/人 | B1 | 性价比超高的燕窝礼盒” | ￥3188折 | ￥398 | 惠 | 【春节推荐】同仁堂. | ￥909折 | 惠 | ￥100100元代金券,ocr/input_videos\上海__长宁来福士__20260825.mp4
OBS-000639,长宁来福士,惠普HP电脑专卖店,惠普HP电脑专卖店,数码产品,3.5,,商场内,rated,True,,rated,parsed,rating_anchor,0.9485,0.9948,58,5940,101.496,⭐⭐3.5数码产品 | 商场内,惠普HP电脑专卖店 | 6o | 煎管电脑专卖店 | ⭐⭐3.5数码产品 | 商场内 | p口,ocr/input_videos\上海__长宁来福士__20260825.mp4
OBS-000640,长宁来福士,RUXU入续鸳鸯糖水铺,RUXU入续鸳鸯糖水铺,甜品,4.0,35,1F,rated,True,,rated,parsed,rating_anchor,0.973,0.9981,54,5940,101.496,1F | 🌟🌟⭐⭐ | 甜品￥35/人 | 4.0,RUXU入续鸳鸯糖水铺 | RUXU入续 | 1F | 🌟🌟⭐⭐ | 甜品￥35/人 | 4.0 | 点评榜单 | 中山公园/江苏路甜品销量榜第1名 | 这家糖水铺果然名不虚传 | 3 | “ | ￥22.89.2折 | ￥25 | 【入续招牌】娟姗奶.. | 惠,ocr/input_videos\上海__长宁来福士__20260825.mp4
OBS-000641,长宁来福士,北京同仁堂亳州饮片,北京同仁堂亳州饮片,滋补品,3.9,652,B1,rated,True,,rated,parsed,rating_anchor,0.9668,0.9905,54,5964,101.906,3.9滋补品￥652/人 | B1,北京同仁堂亳州饮片 | 3.9滋补品￥652/人 | B1 | 性价比超高的燕窝礼盒” | ￥3188折 | ￥398 | 惠 | 【春节推荐】同仁堂... | ￥909折 | ￥100100元代金券 | 惠,ocr/input_videos\上海__长宁来福士__20260825.mp4
OBS-000642,长宁来福士,惠普HP电脑专卖店,惠普HP电脑专卖店,数码产品,3.5,,商场内,rated,True,,rated,parsed,rating_anchor,0.9635,0.9967,55,5964,101.906,商场内 | ⭐⭐3.5数码产品,惠普HP电脑专卖店 | 惠普电脑专卖店 | p | 商场内 | ⭐⭐3.5数码产品 | 口,ocr/input_videos\上海__长宁来福士__20260825.mp4
OBS-000643,长宁来福士,RUXU入续鸳鸯糖水铺,RUXU入续鸳鸯糖水铺,甜品,4.0,35,1F,rated,True,,rated,parsed,rating_anchor,0.9819,0.9992,54,5964,101.906,4.0甜品￥35/人 | 1F | 🌟🌟🌟🎉 | ★,RUXU入续鸳鸯糖水铺 | RUXU入续 | 4.0甜品￥35/人 | 1F | 🌟🌟🌟🎉 | ★ | 点评榜单 | 中山公园/江苏路甜品销量榜第1名 | 这家糖水铺果然名不虚传 | 力 | C | ￥22.89.2折 | ￥25 | 【入续招牌】娟姗奶.. | 惠,ocr/input_videos\上海__长宁来福士__20260825.mp4
OBS-000644,长宁来福士,Shake Shack,ShakeShack,西式快餐,4.0,58,1F,rated,True,,rated,parsed,rating_anchor,0.9704,0.9807,51,5964,101.906,🌟🌟⭐⭐ | 1F | 西式快餐￥58/人 | 4.0,Shake Shack | SH | 久光中心店 | 🌟🌟⭐⭐ | 1F | 西式快餐￥58/人 | 4.0 | 8月28日盛大开业 | 点评榜单 | 中山公园/江苏路小吃快餐环境榜第4名 | 上菜快，服务棒，牛肉汉堡超扎足 | “ | 2 | ￥93招牌牛肉堡套餐 | ￥51 | 5.5折 | 惠,ocr/input_videos\上海__长宁来福士__20260825.mp4
OBS-000645,长宁来福士,北京同仁堂亳州饮片,北京同仁堂亳州饮片,滋补品,3.9,652,B1,rated,True,,rated,parsed,rating_anchor,0.9692,0.9901,54,6000,102.521,3.9滋补品￥652/人 | B1,北京同仁堂亳州饮片 | 3.9滋补品￥652/人 | B1 | 性价比超高的燕窝礼盒” | ￥398 | ￥3188折 | 惠 | 【春节推荐】同仁堂.. | ￥909折 | ￥100100元代金券 | 惠,ocr/input_videos\上海__长宁来福士__20260825.mp4
OBS-000646,长宁来福士,惠普HP电脑专卖店,惠普HP电脑专卖店,数码产品,3.5,,商场内,rated,True,,rated,parsed,rating_anchor,0.9687,0.9976,58,6000,102.521,商场内 | ⭐⭐3.5数码产品,惠普HP电脑专卖店 | 热普电脑专卖店 | 品 | 商场内 | ⭐⭐3.5数码产品 | p口,ocr/input_videos\上海__长宁来福士__20260825.mp4
OBS-000647,长宁来福士,RUXU入续鸳鸯糖水铺,RUXU入续鸳鸯糖水铺,甜品,4.0,35,1F,rated,True,,rated,parsed,rating_anchor,0.9807,0.9993,54,6000,102.521,4.0甜品￥35/人 | 1F | 🌟🌟🎉🎉 | ★,RUXU入续鸳鸯糖水铺 | RUXU入续 | 4.0甜品￥35/人 | 1F | 🌟🌟🎉🎉 | ★ | 点评榜单 | 中山公园/江苏路甜品销量榜第1名 | 这家糖水铺果然名不虚传 | 力 | C | ￥22.8 | 9.2折 | ￥25 | 【入续招牌】娟姗奶... | 惠,ocr/input_videos\上海__长宁来福士__20260825.mp4
OBS-000648,长宁来福士,Shake Shack,ShakeShack,西式快餐,4.0,58,1F,rated,True,,rated,parsed,rating_anchor,0.9767,0.9905,51,6000,102.521,🌟🌟⭐⭐ | 1F | 西式快餐￥58/人 | 4.0 | ★,Shake Shack | SHSHVO | 久光中心店 | 🌟🌟⭐⭐ | 1F | 西式快餐￥58/人 | 4.0 | 8月28日盛大开业 | ★ | 点评榜单 | 中山公园/江苏路小吃快餐环境榜第4名 | 上菜快，服务棒，牛肉汉堡超扎足 | “ | 2 | ￥51 | 5.5折 | ￥93招牌牛肉堡套餐 | 惠,ocr/input_videos\上海__长宁来福士__20260825.mp4
OBS-000649,长宁来福士,KUXU入续笃弯糖水拥,KUXU入续笃弯糖水拥,甜品,4.0,35,1F,rated,True,,rated,parsed,rating_anchor,0.8771,0.8166,37,6060,103.546,1F | 🌟🌟🌟⭐ | 甜品￥35/人 | 4.0,KUXU入续笃弯糖水拥 | RUXU入续 | 1F | 🌟🌟🌟⭐ | 甜品￥35/人 | 4.0 | 点评榜单 | 中山公园/江苏路甜品销量榜第1名 | 这家糖水铺果然名不虚传 | ￥22.89.2折 | 【入续招牌】娟姗奶.. | ￥25 | 惠,ocr/input_videos\上海__长宁来福士__20260825.mp4
OBS-000650,长宁来福士,Shake Shack,ShakeShack,西式快餐,4.0,58,1F,rated,True,,rated,parsed,rating_anchor,0.9748,0.9837,50,6060,103.546,⭐🌟⭐⭐ | 1F | 西式快餐￥58/人 | 4.0,Shake Shack | FUESOX | 久光中心店 | ⭐🌟⭐⭐ | 1F | 西式快餐￥58/人 | 4.0 | 8月28日盛大开业 | 点评榜单 | 中山公园/江苏路小吃快餐环境榜第4名 | 上菜快，服务棒，牛肉汉堡超扎 | ≤ | 2 | ￥515.5折 | ￥93招牌肉堡套餐 | 惠,ocr/input_videos\上海__长宁来福士__20260825.mp4
OBS-000651,长宁来福士,Life Fitness力健零售概念店,LifeFitness力健零售概念店,运动.,4.8,35214,商场内,rated,True,,rated,parsed,rating_anchor,0.8513,0.9709,51,6060,103.546,★⭐⭐⭐4.8运动. | ￥35214/人商场内,Life Fitness力健零售概念店 | ★⭐⭐⭐4.8运动. | ￥35214/人商场内 | LileFitness | 点评榜单 | 中山公园/江苏路运动户外好评榜第2名 | 设计人性化，器械丝滑舒适 | 9,ocr/input_videos\上海__长宁来福士__20260825.mp4
OBS-000652,长宁来福士,佟源记炸肉,佟源记炸肉,炸鸡炸串,3.8,24,B1,rated,True,,rated,parsed,rating_anchor,0.9694,0.9914,55,6060,103.546,🌟🌟🌟🌟🌟 | 3.8 | B1 | 炸鸡炸串￥24/人,佟源记炸肉 | 🌟🌟🌟🌟🌟 | 3.8 | B1 | 炸鸡炸串￥24/人 | 新鲜炸制，卫生环境让你安心享用 | 佟源记炸肉 | SINCE 2014 | ￥29.99.4折 | ￥31.86夏日双人餐A【炸... | 惠,ocr/input_videos\上海__长宁来福士__20260825.mp4
OBS-000653,长宁来福士,泽田本家·铜锣烧,泽田本家·铜锣烧,面包蛋糕,4.4,27,1F,rated,True,,rated,parsed,rating_anchor,0.9689,0.9802,51,6060,103.546,1F | 4.4面包蛋糕￥27/人 | 🌟🌟★⭐,泽田本家·铜锣烧 | 迪拜5克力开心果软笑英0 | 1F | 4.4面包蛋糕￥27/人 | 🌟🌟★⭐ | 点评榜单 | 中山公园/江苏路面包蛋糕口味榜第6名 | 口味非常赞，联名新品等你来尝 | “ | 5 | 晓开心 | 8.7折 | ￥44.9 | ￥52 | 惠 | 【招牌】3颗烧烧组...,ocr/input_videos\上海__长宁来福士__20260825.mp4
OBS-000654,长宁来福士,KU入U八续鸟驾裤小拥,KU入U八续鸟驾裤小拥,甜品,4.0,35,1F,rated,True,,rated,parsed,rating_anchor,0.8506,0.7506,37,6072,103.751,1F | ★🌟★★★ | 4.0甜品￥35/人,KU入U八续鸟驾裤小拥 | 1F | ★🌟★★★ | 4.0甜品￥35/人 | 1 | 点评榜单 | 中山公园/江苏路甜品销量榜第1名 | 这家糖水铺果然名不虚传 | 9 | ￥22.89.2折 | ￥25 | 【入续招牌】娟姗奶... | 惠,ocr/input_videos\上海__长宁来福士__20260825.mp4
OBS-000655,长宁来福士,Shake Shack,ShakeShack,西式快餐,4.0,58,1F,rated,True,,rated,parsed,rating_anchor,0.9649,0.9744,45,6072,103.751,1F | 🌟🌟🌟🌟 | 4.0 | 西式快餐￥58/人 | ★,Shake Shack | SUNESINCX | 久光中心店 | 1F | 🌟🌟🌟🌟 | 4.0 | 西式快餐￥58/人 | 8月28日盛大开业 | ★ | 点评榜单 | 中山公园/江苏路小吃快餐环境榜第4名 | 上菜快，服务棒，牛肉汉堡超扎足 | “ | 力 | ￥515.5折 | ￥93招牌牛肉堡套餐 | 惠,ocr/input_videos\上海__长宁来福士__20260825.mp4
OBS-000656,长宁来福士,LifeFitness力健零售概念店,LifeFitness力健零售概念店,运动,4.8,35214,商场内,rated,True,,rated,parsed,rating_anchor,0.8602,0.9725,54,6072,103.751,⭐⭐⭐4.8运动 | ￥35214/人商场内,LifeFitness力健零售概念店 | ⭐⭐⭐4.8运动 | ￥35214/人商场内 | LifeFitness | 点评榜单 | 中山公园/江苏路运动户外好评榜第2名 | 设计人性化，器械丝滑舒适 | J,ocr/input_videos\上海__长宁来福士__20260825.mp4
OBS-000657,长宁来福士,佟源记炸肉,佟源记炸肉,炸鸡炸串,3.8,24,B1,rated,True,,rated,parsed,rating_anchor,0.9411,0.9986,55,6072,103.751,B1 | ⭐⭐3.8炸鸡炸串￥24/人,佟源记炸肉 | B1 | ⭐⭐3.8炸鸡炸串￥24/人 | “新鲜炸制，卫生环境让你安心享用 | 佟源记炸肉 | SINCE 2014 | ￥29.99.4折 | ￥31.86夏日双人餐A【炸.. | 惠,ocr/input_videos\上海__长宁来福士__20260825.mp4
OBS-000658,长宁来福士,泽田本家·铜锣烧,泽田本家·铜锣烧,面包蛋糕,4.4,27,1F,rated,True,,rated,parsed,rating_anchor,0.9693,0.9806,54,6072,103.751,🌟🌟⭐ | 4.4面包蛋糕￥27/人 | 1F | ★,泽田本家·铜锣烧 | 迪拜5克力开心果软笑英 | 🌟🌟⭐ | 4.4面包蛋糕￥27/人 | 1F | 整彩 | ★ | 点评榜单 | 中山公园/江苏路面包蛋糕口味榜第6名 | 口味非常赞，联名新品等你来尝 | “ | 美开心意儿心 | 8.7折 | ￥44.9 | ￥52 | 惠 | 【招牌】3颗烧烧组....,ocr/input_videos\上海__长宁来福士__20260825.mp4
OBS-000659,长宁来福士,RUXU入续鸳鸯糖水铺,RUXU入续鸳鸯糖水铺,甜品,4.0,35,1F,rated,True,,rated,parsed,rating_anchor,0.9797,0.9988,51,6108,104.366,⭐🌟⭐ | 1F | 4.0甜品￥35/人 | ★,RUXU入续鸳鸯糖水铺 | RUXU入续 | ⭐🌟⭐ | 1F | 4.0甜品￥35/人 | ★ | 点评榜单 | 中山公园/江苏路甜品销量榜第1名 | 这家糖水铺果然名不虚传 | ￥22.89.2折 | 惠 | ￥25 | 【入续招牌】娟姗奶..,ocr/input_videos\上海__长宁来福士__20260825.mp4
OBS-000660,长宁来福士,Shake Shack,ShakeShack,西式快餐,4.0,58,1F,rated,True,,rated,parsed,rating_anchor,0.9604,0.9631,50,6108,104.366,1F | 🌟🌟🎉🌟 | 西式快餐￥58/人 | 4.0 | ★,Shake Shack | SHLSHNO | 久光中心店 | 1F | 🌟🌟🎉🌟 | 西式快餐￥58/人 | 4.0 | 8月28日盛大开业 | ★ | 点评榜单 | 中山公园/江苏路小吃快餐环境榜第4名 | 上菜快，服务棒，牛肉汉堡超扎足 | “ | ￥515.5折 | ￥93招牌牛肉堡套餐 | 惠,ocr/input_videos\上海__长宁来福士__20260825.mp4
OBS-000661,长宁来福士,Life Fitness力健零售概念店,LifeFitness力健零售概念店,运动,4.8,35214,商场内,rated,True,,rated,parsed,rating_anchor,0.8937,0.9432,51,6108,104.366,⭐4.8运动 | ￥35214/人商场内,Life Fitness力健零售概念店 | ⭐4.8运动 | ￥35214/人商场内 | LieFitness | 点评榜单 | 中山公园/江苏路运动户外好评榜第2名 | 设计人性化，器械丝滑舒适,ocr/input_videos\上海__长宁来福士__20260825.mp4
OBS-000662,长宁来福士,佟源记炸肉,佟源记炸肉,炸鸡炸串,3.8,24,B1,rated,True,,rated,parsed,rating_anchor,0.9769,0.9988,55,6108,104.366,3.8炸鸡炸串￥24/人 | B1,佟源记炸肉 | 3.8炸鸡炸串￥24/人 | B1 | 新鲜炸制，卫生环境让你安心享用 | 佟源记炸肉 | SINCE 2014 | ￥29.99.4折 | ￥31.86夏日双人餐A【炸.. | 惠,ocr/input_videos\上海__长宁来福士__20260825.mp4
OBS-000663,长宁来福士,泽田本家·铜锣烧,泽田本家·铜锣烧,面包蛋糕,4.4,27,1F,rated,True,,rated,parsed,rating_anchor,0.9665,0.9797,48,6108,104.366,4.4面包蛋糕￥27/人 | 1F | 🌟🌟🌟⭐,泽田本家·铜锣烧 | 迪拜5克力开心果软笑关 | 4.4面包蛋糕￥27/人 | 1F | 虹彩 | 🌟🌟🌟⭐ | w文 | ul | 点评榜单 | 中山公园/江苏路面包蛋糕口味榜第6名 | 口味非常赞，联名新品等你来尝 | 5 | 开心+开儿心,ocr/input_videos\上海__长宁来福士__20260825.mp4
OBS-000664,长宁来福士,LifeFitness力健零售概念店,LifeFitness力健零售概念店,运动.,4.8,35214,商场内,rated,True,,rated,parsed,rating_anchor,0.932,0.9729,51,6144,104.981,★4.8运动. | ￥35214/人商场内,LifeFitness力健零售概念店 | ★4.8运动. | ￥35214/人商场内 | LeFitness | 点评榜单 | 中山公园/江苏路运动户外好评榜第2名 | 设计人性化，器械丝滑舒适 | 3,ocr/input_videos\上海__长宁来福士__20260825.mp4
OBS-000665,长宁来福士,佟源记炸肉,佟源记炸肉,炸鸡炸串,3.8,24,B1,rated,True,,rated,parsed,rating_anchor,0.9746,0.9983,52,6144,104.981,3.8炸鸡炸串￥24/人 | B1,佟源记炸肉 | 3.8炸鸡炸串￥24/人 | B1 | 新鲜炸制，卫生环境让你安心享用 | 佟源记炸肉 | SINCE 2014 | ￥29.99.4折 | ￥31.86夏日双人餐A【炸... | 惠,ocr/input_videos\上海__长宁来福士__20260825.mp4
OBS-000666,长宁来福士,泽田本家·铜锣烧,泽田本家·铜锣烧,面包蛋糕,4.4,27,1F,rated,True,,rated,parsed,rating_anchor,0.971,0.9846,51,6144,104.981,🌟★★⭐ | 1F | 4.4面包蛋糕￥27/人,泽田本家·铜锣烧 | 迪拜5克力开心果软笑芙 | 🌟★★⭐ | 1F | 4.4面包蛋糕￥27/人 | 2 | u | 点评榜单 | 中山公园/江苏路面包蛋糕口味榜第6名 | 口味非常赞，联名新品等你来尝 | 惠￥44.98.7折 | ￥52 | 【招牌】3颗烧烧组...,ocr/input_videos\上海__长宁来福士__20260825.mp4
OBS-000667,长宁来福士,鬼十八密室逃脱·真人NPC·沉浸.,鬼十八密室逃脱·真人NPC·沉浸.,154/商场内,4.2,,商场内,rated,True,,rated,parsed,rating_anchor,0.942,0.9174,56,6144,104.981,🌟🌟🌟🌟 | 密室/.... | ￥154/商场内 | 4.2,鬼十八密室逃脱·真人NPC·沉浸. | 🌟🌟🌟🌟 | 密室/.... | ￥154/商场内 | 4.2 | 恐临NPC室室 | 性份比天花题 | 心心 | 中山公园/江苏路密室/沉浸互动剧回头客榜第4名 | PEDBPAAS | 恐怖氛围无敌，追逐特别激烈 | ￥10￥20鬼十八天使券【10】 | 惠,ocr/input_videos\上海__长宁来福士__20260825.mp4
OBS-000668,长宁来福士,LifeFitness力健零售概念店,LifeFitness力健零售概念店,运动... 35214/商场内,4.8,,商场内,rated,True,,rated,parsed,rating_anchor,0.9345,0.9577,54,6156,105.186,4.8运动… 35214/商场内,LifeFitness力健零售概念店 | 4.8运动… 35214/商场内 | LifeFitness | 点评榜单 | 中山公园/江苏路运动户外好评榜第2名 | 设计人性化，器械丝滑舒适,ocr/input_videos\上海__长宁来福士__20260825.mp4
OBS-000669,长宁来福士,佟源记炸肉,佟源记炸肉,炸鸡炸串,3.8,24,B1,rated,True,,rated,parsed,rating_anchor,0.9687,0.998,55,6156,105.186,3.8炸鸡炸串￥24/人 | B1,佟源记炸肉 | 3.8炸鸡炸串￥24/人 | B1 | 新鲜炸制，卫生环境让你安心享 | 佟源记炸肉 | SINCE 2014 | ￥29.99.4折 | ￥31.86夏日双人餐A【炸. | 惠,ocr/input_videos\上海__长宁来福士__20260825.mp4
OBS-000670,长宁来福士,泽田本家·铜锣烧,泽田本家·铜锣烧,面包蛋糕,4.4,27,1F,rated,True,,rated,parsed,rating_anchor,0.9686,0.9845,51,6156,105.186,4.4面包蛋糕￥27/人 | 🌟🌟 | 1F | ★,泽田本家·铜锣烧 | 2 | 迪拜5克力开心果软笑其 | 4.4面包蛋糕￥27/人 | 🌟🌟 | 1F | 整款 | ★ | 点评榜单 | 中山公园/江苏路面包蛋糕口味榜第6名 | 口味非常赞，联名新品等你来尝 | “ | 55 | 心意儿开心 | 年 | ￥52 | ￥44.9 | 8.7折 | 惠 | 【招牌】3颗烧烧组...,ocr/input_videos\上海__长宁来福士__20260825.mp4
OBS-000671,长宁来福士,鬼十八密室逃脱·真人NPC·沉浸...,鬼十八密室逃脱·真人NPC·沉浸,密室/....,4.2,154,商场内,rated,True,,rated,parsed,rating_anchor,0.8356,0.8903,51,6156,105.186,★★★★★ | 4.2 | 密室/.... | ￥154/人商场内 | -,鬼十八密室逃脱·真人NPC·沉浸... | ★★★★★ | 4.2 | 密室/.... | ￥154/人商场内 | 恐棉NPC率室 | - | 性份比天花租 | 意 | 中山公园/江苏路密室/沉浸互动剧回头客榜第4名 | 恐怖氛围无敌，追逐特别激烈 | ￥10￥20鬼十八天使券【10】 | 惠,ocr/input_videos\上海__长宁来福士__20260825.mp4
OBS-000672,长宁来福士,謝瑞麟,谢瑞麟,珠宝首饰,4.1,,,rated,True,,rated,parsed,rating_anchor,0.9978,0.9999,58,6156,105.186,🌟🌟🎉🌟 | 4.1珠宝首饰 | 食,謝瑞麟 | TSL|老欢制 | 🌟🌟🎉🌟 | 4.1珠宝首饰 | 食,ocr/input_videos\上海__长宁来福士__20260825.mp4
OBS-000673,长宁来福士,LifeFitness力健零售概念店,LifeFitness力健零售概念店,运动,4.8,35214,商场内,rated,True,,rated,parsed,rating_anchor,0.8579,0.9828,51,6180,105.596,⭐🎉🎉⭐⭐4.8运动 | ￥35214/人商场内,LifeFitness力健零售概念店 | ⭐🎉🎉⭐⭐4.8运动 | ￥35214/人商场内 | LieFitness | 点评榜单 | 中山公园/江苏路运动户外好评榜第2名 | 设计人性化，器械丝滑舒适,ocr/input_videos\上海__长宁来福士__20260825.mp4
OBS-000674,长宁来福士,佟源记炸肉,佟源记炸肉,炸鸡炸串,3.8,24,B1,rated,True,,rated,parsed,rating_anchor,0.9776,0.998,55,6180,105.596,3.8炸鸡炸串￥24/人 | B1,佟源记炸肉 | 3.8炸鸡炸串￥24/人 | B1 | 新鲜炸制，卫生环境让你安心享用 | 量 | 佟源记炸肉 | SINCE 2014 | 惠 | ￥29.99.4折 | ￥31.86夏日双人餐A【炸...,ocr/input_videos\上海__长宁来福士__20260825.mp4
OBS-000675,长宁来福士,泽田本家·铜锣烧,泽田本家·铜锣烧,面包蛋糕,4.4,27,1F,rated,True,,rated,parsed,rating_anchor,0.9755,0.9828,50,6180,105.596,4.4面包蛋糕￥27/人 | 🌟🌟🌟 | 1F | ★,泽田本家·铜锣烧 | 联 | 迪拜x5克力开心果软笑关 | 4.4面包蛋糕￥27/人 | 🌟🌟🌟 | 1F | 零粉 | ★ | 87 | uFe | 点评榜单 | 中山公园/江苏路面包蛋糕口味榜第6名 | 口味非常赞，联名新品等你来尝 | “ | 5 | 儿心 | H心 | ￥52 | ￥44.9 | 8.7折 | 【招牌】3颗烧烧组... | 惠,ocr/input_videos\上海__长宁来福士__20260825.mp4
OBS-000676,长宁来福士,鬼十八密室逃脱·真人NPC·沉浸...,鬼十八密室逃脱·真人NPC·沉浸,密室/....,4.2,154,商场内,rated,True,,rated,parsed,rating_anchor,0.8326,0.9246,51,6180,105.596,🌟🌟⭐⭐ | 密室/.... | ￥154/人商场内 | 4.2,鬼十八密室逃脱·真人NPC·沉浸... | 🌟🌟⭐⭐ | 密室/.... | ￥154/人商场内 | 4.2 | 恐临NPC室室 | E | 性份比天花源 | 龙公 | 中山公园/江苏路密室/沉浸互动剧回头客榜第4名 | 恐怖氛围无敌，追逐特别激烈 | ￥10￥20鬼十八天使券【10】 | 惠,ocr/input_videos\上海__长宁来福士__20260825.mp4
OBS-000677,长宁来福士,謝瑞麟,谢瑞麟,珠宝首饰,4.1,,,rated,True,,rated,parsed,rating_anchor,0.993,0.9999,55,6180,105.596,⭐🌟🌟⭐ | 4.1珠宝首饰,謝瑞麟 | TSL|电项牌 | ⭐🌟🌟⭐ | 4.1珠宝首饰,ocr/input_videos\上海__长宁来福士__20260825.mp4
OBS-000678,长宁来福士,鬼十八密室逃脱·真人NPC·沉浸...,鬼十八密室逃脱·真人NPC·沉浸,密室/...,4.2,154,商场内,rated,True,,rated,parsed,rating_anchor,0.8708,0.9162,54,6252,106.827,🌟🌟🌟⭐ | ￥154/人商场内 | 4.2 | 密室/... | ★,鬼十八密室逃脱·真人NPC·沉浸... | 🌟🌟🌟⭐ | ￥154/人商场内 | 4.2 | 密室/... | ★ | 恐布NPC室室 | 性份比天花饭 | 龙心 | 中山公园/江苏路密室/沉浸互动剧回头客榜第4名 | 恐怖氛围无敌，追逐特别激烈 | 5 | ￥10￥20鬼十八天使券【10】 | 惠,ocr/input_videos\上海__长宁来福士__20260825.mp4
OBS-000679,长宁来福士,謝瑞麟,谢瑞麟,珠宝首饰,4.1,,,rated,True,,rated,parsed,rating_anchor,0.9737,1.0,58,6252,106.827,⭐⭐4.1珠宝首饰,謝瑞麟 | TSL|淘质机 | ⭐⭐4.1珠宝首饰,ocr/input_videos\上海__长宁来福士__20260825.mp4
OBS-000680,长宁来福士,剪花娘子·陕西面馆,剪花娘子·陕西面馆,快餐简餐,3.5,32,B1,rated,True,,rated,parsed,rating_anchor,0.9722,0.9883,50,6252,106.827,3.5快餐简餐￥32/人 | B1,剪花娘子·陕西面馆 | 3.5快餐简餐￥32/人 | B1 | 点评榜单 | 中山公园/江苏路小吃快餐回头客榜第4名 | 剪花娘子 | 环境优雅，招牌油泼面美味可口 | J | ￥24.97.9折 | ￥31.8M13肉夹馍凉皮套... | 惠,ocr/input_videos\上海__长宁来福士__20260825.mp4
OBS-000681,长宁来福士,和它交个朋友·伯恩山·比格·萨摩...,和它交个朋友·伯恩山·比格·萨摩,零食,4.8,98,4F,rated,True,,rated,parsed,rating_anchor,0.9272,0.9457,58,6252,106.827,4.8零食￥98/人 | 4F,和它交个朋友·伯恩山·比格·萨摩... | 4.8零食￥98/人 | 4F | 温馨环境，萌宠陪伴，强烈推荐 | “ | NeW | 来撸宠啦 | MB HETA | ￥1083.8折 | ￥288节假日1小时1撸狗... | 惠 | 5.1折 | ￥10.1 | ￥2020元代金券 | 惠,ocr/input_videos\上海__长宁来福士__20260825.mp4
OBS-000682,长宁来福士,鬼十八密室逃脱·真人NPC·沉浸.,鬼十八密室逃脱·真人NPC·沉浸.,154/商场内,4.2,,商场内,rated,True,,rated,parsed,rating_anchor,0.9317,0.9195,54,6276,107.237,密室/.... | ★★★★ | 4.2 | ￥154/商场内 | ★,鬼十八密室逃脱·真人NPC·沉浸. | 密室/.... | ★★★★ | 4.2 | ￥154/商场内 | 恐怖NPC | ★ | 性份比天花租 | 中山公园/江苏路密室/沉浸互动剧回头客榜第4名 | 恐怖氛围无敌，追逐特别激烈 | ￥10￥20鬼十八天使券【10】 | 惠,ocr/input_videos\上海__长宁来福士__20260825.mp4
OBS-000683,长宁来福士,謝瑞麟,谢瑞麟,珠宝首饰,4.1,,,rated,True,,rated,parsed,rating_anchor,0.999,0.9998,58,6276,107.237,🌟🌟🌟🌟 | 4.1珠宝首饰 | ★,謝瑞麟 | TSL|欢明 | 🌟🌟🌟🌟 | 4.1珠宝首饰 | ★,ocr/input_videos\上海__长宁来福士__20260825.mp4
OBS-000684,长宁来福士,剪花娘子·陕西面馆,剪花娘子·陕西面馆,快餐简餐,3.5,32,B1,rated,True,,rated,parsed,rating_anchor,0.9672,0.9786,51,6276,107.237,3.5快餐简餐￥32/人 | B1,剪花娘子·陕西面馆 | 3.5快餐简餐￥32/人 | B1 | 点评榜单 | 中山公园/江苏路小吃快餐回头客榜第4名 | 剪花娘子 | 环境优雅，招牌油泼面美味可口 | 55 | ￥24.9 | 7.9折 | 惠 | ￥31.8M13肉夹馍凉皮套...,ocr/input_videos\上海__长宁来福士__20260825.mp4
OBS-000685,长宁来福士,和它交个朋友·伯恩山·比格·萨摩..,和它交个朋友·伯恩山·比格·萨摩,零食,4.8,98,4F,rated,True,,rated,parsed,rating_anchor,0.9156,0.9356,56,6276,107.237,4F | 4.8零食￥98/人,和它交个朋友·伯恩山·比格·萨摩.. | 4F | 4.8零食￥98/人 | “温馨环境，萌宠陪伴，强烈推荐” | 来撸宠啦 | Bv2 HUTA | ￥1083.8折 | ￥288 | 节假日1小时|撸狗.. | 惠 | ￥10.1 | 5.1折 | 惠 | ￥2020元代金券,ocr/input_videos\上海__长宁来福士__20260825.mp4
OBS-000686,长宁来福士,耳道精致采耳,耳道精致采耳,采耳头疗,4.7,238,商场内,rated,True,,rated,parsed,rating_anchor,0.977,0.9909,53,6276,107.237,⭐🌟🌟🌟🌟 | 商场内 | 4.7采耳头疗￥238/人,耳道精致采耳 | ⭐🌟🌟🌟🌟 | 商场内 | 耳道 | 4.7采耳头疗￥238/人,ocr/input_videos\上海__长宁来福士__20260825.mp4
OBS-000687,长宁来福士,鬼十八密室逃脱·真人NPC·沉浸...,鬼十八密室逃脱·真人NPC·沉浸,密室/...,4.2,154,商场内,rated,True,,rated,parsed,rating_anchor,0.8312,0.9044,51,6300,107.647,密室/... | 🌟🌟⭐⭐ | ￥154/人商场内 | 4.2,鬼十八密室逃脱·真人NPC·沉浸... | 密室/... | 🌟🌟⭐⭐ | ￥154/人商场内 | 4.2 | 恐临NPC空室 | 性份比天花捆 | 儿 | 中山公园/江苏路密室/沉浸互动剧回头客榜第4名 | ￥10￥20鬼十八天使券【10】 | 惠,ocr/input_videos\上海__长宁来福士__20260825.mp4
OBS-000688,长宁来福士,謝瑞麟,谢瑞麟,珠宝首饰,4.1,,,rated,True,,rated,parsed,rating_anchor,0.9992,0.9999,54,6300,107.647,🌟🌟⭐⭐ | 4.1珠宝首饰 | ★,謝瑞麟 | TSL|珠牌 | 🌟🌟⭐⭐ | 4.1珠宝首饰 | ★,ocr/input_videos\上海__长宁来福士__20260825.mp4
OBS-000689,长宁来福士,剪花娘子·陕西面馆,剪花娘子·陕西面馆,快餐简餐,3.5,32,B1,rated,True,,rated,parsed,rating_anchor,0.9389,0.9652,51,6300,107.647,⭐3.5快餐简餐￥32/人 | B1,剪花娘子·陕西面馆 | ⭐3.5快餐简餐￥32/人 | B1 | 点评榜单 | 中山公园/江苏路小吃快餐回头客榜第4名 | 剪花娘子 | 环境优雅，招牌油泼面美味可口 | 55 | 7.9折 | ￥24.9 | ￥31.8M13肉夹馍凉皮套. | 惠,ocr/input_videos\上海__长宁来福士__20260825.mp4
OBS-000690,长宁来福士,和它交个朋友·伯恩山·比格·萨摩...,和它交个朋友·伯恩山·比格·萨摩,零食,4.8,98,4F,rated,True,,rated,parsed,rating_anchor,0.9376,0.9517,54,6300,107.647,4.8零食￥98/人 | 4F,和它交个朋友·伯恩山·比格·萨摩... | 4.8零食￥98/人 | 4F | 温馨环境，萌宠陪伴，强烈推荐 | “ | 3 | New | 来撸宠啦 | AHNT. | 惠 | ￥1083.8折 | 节假日1小时一撸狗... | ￥288 | 5.1折 | ￥10.1 | ￥2020元代金券 | 惠,ocr/input_videos\上海__长宁来福士__20260825.mp4
OBS-000691,长宁来福士,耳道精致采耳,耳道精致采耳,采耳头疗,4.7,238,商场内,rated,True,,rated,parsed,rating_anchor,0.9533,0.9256,52,6300,107.647,商场内 | 🌟🌟🌟🌟🌟 | 4.7采耳头疗￥238/人,耳道精致采耳 | 商场内 | 耳道 | 🌟🌟🌟🌟🌟 | 4.7采耳头疗￥238/人 | 中山公园/江苏路采耳头疗销量榜第2名 | 精政票耳 | [“街文句周假音] | 政可象可步”,ocr/input_videos\上海__长宁来福士__20260825.mp4
OBS-000692,长宁来福士,剪花娘子·陕西面馆,剪花娘子·陕西面馆,快餐简餐,3.5,32,B1,rated,True,,rated,parsed,rating_anchor,0.9629,0.9905,54,6360,108.672,3.5快餐简餐￥32/人 | B1,剪花娘子·陕西面馆 | 3.5快餐简餐￥32/人 | B1 | 点评榜单 | 中山公园/江苏路小吃快餐回头客榜第4名 | 剪花娘子 | 环境优雅，招牌油泼面美味可口 | 55 | ￥24.97.9折 | ￥31.8M13肉夹馍凉皮套.. | 惠,ocr/input_videos\上海__长宁来福士__20260825.mp4
OBS-000693,长宁来福士,和它交个朋友·伯恩山·比格·萨摩...,和它交个朋友·伯恩山·比格·萨摩,零食,4.8,98,4F,rated,True,,rated,parsed,rating_anchor,0.8968,0.9064,54,6360,108.672,4.8零食￥98/人 | 4F,和它交个朋友·伯恩山·比格·萨摩... | 4.8零食￥98/人 | 4F | “温馨环境，萌宠陪伴，强烈推荐” | 5 | New | 来撸宠啦 | B2 HRTN. | ￥1083.8折 | 惠 | ￥288 | 节假日1小时一撸狗.. | ￥10.1 | 5.1折 | 惠 | ￥2020元代金券,ocr/input_videos\上海__长宁来福士__20260825.mp4
OBS-000694,长宁来福士,耳道精致采耳,耳道精致采耳,采耳头疗,4.7,238,商场内,rated,True,,rated,parsed,rating_anchor,0.9753,0.9944,54,6360,108.672,商场内 | 4.7采耳头疗￥238/人,耳道精致采耳 | 耳道 | 商场内 | 4.7采耳头疗￥238/人 | 中山公园/江苏路采耳头疗销量榜第2名 | 精政票 | 独包厢隔音好，采耳解压圣地 | 55 | ￥288 | 惠 | ￥199.99.1折 | 【体验版】金牌...,ocr/input_videos\上海__长宁来福士__20260825.mp4
OBS-000695,长宁来福士,唯新学院日语·日本留学·美术作..,唯新学院日语·日本留学·美术作,日语,4.2,,商场内,rated,True,,rated,parsed,rating_anchor,0.9113,0.8968,57,6360,108.672,商场内 | ★4.2日语,唯新学院日语·日本留学·美术作.. | 商场内 | ★4.2日语 | 秋季日语 | 上海日语销量榜第7名 | 酒先酒鸿老 | 息 | 课程专业，口语氛围好” | ￥1.1￥600日本留学申请咨询报名 | 惠,ocr/input_videos\上海__长宁来福士__20260825.mp4
OBS-000696,长宁来福士,豐碗居·老北京炸酱面,丰碗居·老北京炸酱面,小吃快餐,3.9,36,B1,rated,True,,rated,parsed,rating_anchor,0.9833,0.9825,55,6360,108.672,3.9小吃快餐 | B1 | ￥36/人,豐碗居·老北京炸酱面 | 3.9小吃快餐 | B1 | ￥36/人,ocr/input_videos\上海__长宁来福士__20260825.mp4
OBS-000697,长宁来福士,和它交个朋友·伯恩山·比格·萨摩...,和它交个朋友·伯恩山·比格·萨摩,零食,4.8,98,4F,rated,True,,rated,parsed,rating_anchor,0.9358,0.932,50,6408,109.492,4F | 4.8零食￥98/人,和它交个朋友·伯恩山·比格·萨摩... | 4F | 4.8零食￥98/人 | 《 | 温馨环境，萌宠陪伴，强烈推荐 | New | 来撸宠啦 | Mv②HETA | ￥1083.8折 | ￥288 | 惠 | 节假日1小时Ⅰ撸狗... | ￥10.1 | 5.1折 | ￥2020元代金券 | 惠,ocr/input_videos\上海__长宁来福士__20260825.mp4
OBS-000698,长宁来福士,耳道精致采耳,耳道精致采耳,采耳头疗,4.7,238,商场内,rated,True,,rated,parsed,rating_anchor,0.9408,0.9664,51,6408,109.492,商场内 | ⭐4.7采耳头疗￥238/人,耳道精致采耳 | 耳道 | 商场内 | ⭐4.7采耳头疗￥238/人 | 中山公园/江苏路采耳头疗销量榜第2名 | 精致 | 深 | 独立包厢隔音好，采耳解压圣地 | ￥288 | ￥199.99.1折 | 【体验版】金牌.. | 惠,ocr/input_videos\上海__长宁来福士__20260825.mp4
OBS-000699,长宁来福士,唯新学院日语・日本留学·美术作...,唯新学院日语·日本留学·美术作,日语,4.2,,商场内,rated,True,,rated,parsed,rating_anchor,0.8595,0.8954,57,6408,109.492,⭐🌟⭐⭐⭐4.2 日语 | 商场内,唯新学院日语・日本留学·美术作... | ⭐🌟⭐⭐⭐4.2 日语 | 商场内 | 秋季日语 | 上海日语销量榜第7名 | 通先咨询老 | 课程专业，口语氛围好” | ￥1.1￥600日本留学申请咨询报名 | 惠,ocr/input_videos\上海__长宁来福士__20260825.mp4
OBS-000700,长宁来福士,豐碗居·老北京炸酱面,丰碗居·老北京炸酱面,小吃快餐,3.9,36,B1,rated,True,,rated,parsed,rating_anchor,0.94,0.928,54,6408,109.492,3.9小吃快餐￥36/人 | B1,豐碗居·老北京炸酱面 | 应季菜码 | 样样新鲜 | 3.9小吃快餐￥36/人 | B1 | ￥32.9 | 6.5折 | ￥51 | 【工作单人餐】姥姥. | 惠,ocr/input_videos\上海__长宁来福士__20260825.mp4
OBS-000701,长宁来福士,肥汁米蘭香港米线,肥汁米兰香港米线,小吃快餐,3.9,42,B1,rated,True,,rated,parsed,rating_anchor,0.9784,0.9862,48,6408,109.492,B1 | 🌟🌟🌟⭐3.9 | 小吃快餐￥42/人,FEI IN AM LAAS | EI ZA AMUA | ZAMAU | 肥汁米蘭香港米线 | B1 | 🌟🌟🌟⭐3.9 | 小吃快餐￥42/人 | FE | 北商有,ocr/input_videos\上海__长宁来福士__20260825.mp4
OBS-000702,长宁来福士,耳道精致采耳,耳道精致采耳,采耳头疗,4.7,238,商场内,rated,True,,rated,parsed,rating_anchor,0.9556,0.962,52,6528,111.543,4.7采耳头疗￥238/人 | 商场内,耳道精致采耳 | 耳道 | 4.7采耳头疗￥238/人 | 商场内 | 中山公园/江苏路采耳头疗销量榜第2名 | 精政果耳 | 独立包厢隔音好，采耳解压圣地 | 55 | ￥288 | ￥199.99.1折 | 【体验版】金牌... | 惠,ocr/input_videos\上海__长宁来福士__20260825.mp4
OBS-000703,长宁来福士,唯新学院日语·日本留学·美术作..,唯新学院日语·日本留学·美术作,日语,4.2,,商场内,rated,True,,rated,parsed,rating_anchor,0.8288,0.8977,60,6528,111.543,商场内 | ⭐⭐⭐⭐⭐4.2 日语 | -,唯新学院日语·日本留学·美术作.. | 商场内 | ⭐⭐⭐⭐⭐4.2 日语 | 秋季日语 | - | 上海日语销量榜第7名 | RiL | 通先咨鸿老师 | 你好 | 新同学 | 开意 | 课程专业，口语氛围好” | ￥1.1￥600日本留学申请咨询报名 | 惠,ocr/input_videos\上海__长宁来福士__20260825.mp4
OBS-000704,长宁来福士,豐碗居·老北京炸酱面,丰碗居·老北京炸酱面,小吃快餐,3.9,36,B1,rated,True,,rated,parsed,rating_anchor,0.9599,0.9768,55,6528,111.543,3.9小吃快餐￥36/人 | B1,豐碗居·老北京炸酱面 | 应季菜码 | 3.9小吃快餐￥36/人 | B1 | 样样新鲜 | BO | ￥32.9 | 6.5折 | ￥51 | 惠 | 【工作单人餐】姥姥.,ocr/input_videos\上海__长宁来福士__20260825.mp4
OBS-000705,长宁来福士,肥汁米蘭香港米线,肥汁米兰香港米线,小吃快餐,3.9,,B1,rated,True,,rated,parsed,rating_anchor,0.9634,0.9964,55,6528,111.543,3.9小吃快餐42/人 | B1,肥汁米蘭香港米线 | AP MAILAAN | 3.9小吃快餐42/人 | B1 | FEI | 肥汁米蘭 | 画上働 | ￥3 | 3.8折 | 惠 | ￥8 | 【王炸牛丸】经典香港小..,ocr/input_videos\上海__长宁来福士__20260825.mp4
OBS-000706,长宁来福士,理想汽车上海长宁来福士零售中心,理想汽车上海长宁来福士零售中心,4S店,,187113,1F,unknown,True,,ocr_missing,parsed,metadata_anchor,0.9609,0.9942,53,6528,111.543,1F | ★★★★4.54S店￥187113/人,理想汽车上海长宁来福士零售中心 | 1F | ★★★★4.54S店￥187113/人,ocr/input_videos\上海__长宁来福士__20260825.mp4
OBS-000707,长宁来福士,唯新学院日语・日本留学·美术作...,唯新学院日语·日本留学·美术作,日语,4.2,,商场内,rated,True,,rated,parsed,rating_anchor,0.947,0.8971,56,6564,112.158,商场内 | 🌟⭐⭐ | 日语 | 4.2 | ★,唯新学院日语・日本留学·美术作... | 商场内 | 🌟⭐⭐ | 日语 | 4.2 | ★ | 秋季日语 | 上海日语销量榜第7名 | 清先咨询老师 | 你好 | 课程专业，口语氛围好” | 新同学 | 惠 | ￥1.1￥600日本留学申请咨询报名,ocr/input_videos\上海__长宁来福士__20260825.mp4
OBS-000708,长宁来福士,豐碗居·老北京炸酱面,丰碗居·老北京炸酱面,小吃快餐,3.9,36,B1,rated,True,,rated,parsed,rating_anchor,0.9404,0.9528,54,6564,112.158,⭐3.9小吃快餐 | B1 | ￥36/人,豐碗居·老北京炸酱面 | 应季菜码 | ⭐3.9小吃快餐 | B1 | ￥36/人 | S | 样样新鮮 | ￥32.9 | 【工作单人餐】姥姥. | 6.5折 | 惠 | ￥51,ocr/input_videos\上海__长宁来福士__20260825.mp4
OBS-000709,长宁来福士,肥汁米蘭香港米线,肥汁米兰香港米线,小吃快餐,3.9,42,B1,rated,True,,rated,parsed,rating_anchor,0.9702,0.9934,51,6564,112.158,3.9小吃快餐￥42/人 | B1,肥汁米蘭香港米线 | FEI | 3.9小吃快餐￥42/人 | B1 | 肥汁米蘭 | 通風國色 | 3.8折 | 【王炸牛丸】经典香港小... | 惠 | ￥3 | ￥8,ocr/input_videos\上海__长宁来福士__20260825.mp4
OBS-000710,长宁来福士,理想汽车上海长宁来福士零售中心,理想汽车上海长宁来福士零售中心,4S店,,187113,1F,unknown,True,,ocr_missing,parsed,metadata_anchor,0.9805,0.9982,56,6564,112.158,1F | 4.54S店￥187113/人,理想汽车上海长宁来福士零售中心 | 新一代理想L6 | 全能四花SUV | 1F | 4.54S店￥187113/人 | 试驾舒适性高，智能驾驶效果好,ocr/input_videos\上海__长宁来福士__20260825.mp4
OBS-000711,长宁来福士,唯新学院日语・日本留学·美术作...,唯新学院日语·日本留学·美术作,日语,4.2,,商场内,rated,True,,rated,parsed,rating_anchor,0.948,0.8988,56,6612,112.978,⭐ | 商场内 | 日语 | 4.2 | ★,唯新学院日语・日本留学·美术作... | ⭐ | 商场内 | 日语 | 4.2 | ★ | 秋季日语 | 上海日语销量榜第7名 | 清先咨询老师 | 你好 | 新同学 | 课程专业，口语氛围好 | 惠 | ￥1.1￥600日本留学申请咨询报名,ocr/input_videos\上海__长宁来福士__20260825.mp4
OBS-000712,长宁来福士,豐碗居·老北京炸酱面,丰碗居·老北京炸酱面,小吃快餐,3.9,36,B1,rated,True,,rated,parsed,rating_anchor,0.9145,0.9574,54,6612,112.978,⭐⭐3.9小吃快餐 | B1 | ￥36/人,豐碗居·老北京炸酱面 | 应季菜码 | ⭐⭐3.9小吃快餐 | B1 | ￥36/人 | SV | 样样新鮮 | ￥32.9 | 6.5折 | 【工作单人餐】姥姥.. | 惠 | ￥51,ocr/input_videos\上海__长宁来福士__20260825.mp4
OBS-000713,长宁来福士,肥汁米蘭香港米线,肥汁米兰香港米线,小吃快餐,3.9,42,B1,rated,True,,rated,parsed,rating_anchor,0.9726,0.9969,48,6612,112.978,3.9小吃快餐￥42/人 | B1,肥汁米蘭香港米线 | 園 | FEI | 3.9小吃快餐￥42/人 | B1 | 肥汁米蘭 | 道風國色 | 3.8折 | 惠 | ￥3 | 【王炸牛丸】经典香港小. | ￥8,ocr/input_videos\上海__长宁来福士__20260825.mp4
OBS-000714,长宁来福士,理想汽车上海长宁来福士零售中心,理想汽车上海长宁来福士零售中心,4S店,,187113,1F,unknown,True,,ocr_missing,parsed,metadata_anchor,0.9799,0.9955,53,6612,112.978,1F | 4.54S店￥187113/人,理想汽车上海长宁来福士零售中心 | 新一代理想L6 | 全能四装SUV | 1F | 4.54S店￥187113/人 | 试驾舒适性高，智能驾驶效果好 | 阿不就·台湾食堂 | 阿不就 | 台食,ocr/input_videos\上海__长宁来福士__20260825.mp4
OBS-000715,长宁来福士,唯新学院日语·日本留学·美术作...,唯新学院日语·日本留学·美术作,日语,4.2,,商场内,rated,True,,rated,parsed,rating_anchor,0.9481,0.901,57,6624,113.183,商场内 | 4.2日语 | 🌟🌟⭐⭐,唯新学院日语·日本留学·美术作... | 商场内 | 4.2日语 | 🌟🌟⭐⭐ | 秋季日语 | 上海日语销量榜第7名 | 清莞海鸿老餐 | 你好 | CH38 | 新同学 | 课程专业，口语氛围好 | ￥1.1￥600日本留学申请咨询报名 | 惠,ocr/input_videos\上海__长宁来福士__20260825.mp4
OBS-000716,长宁来福士,豐碗居·老北京炸酱面,丰碗居·老北京炸酱面,小吃快餐,3.9,36,B1,rated,True,,rated,parsed,rating_anchor,0.9337,0.9725,55,6624,113.183,B1 | ⭐⭐3.9小吃快餐 | ￥36/人,豐碗居·老北京炸酱面 | 应季菜码 | B1 | ⭐⭐3.9小吃快餐 | ￥36/人 | S02 | 样样新鲜 | ￥32.9 | 6.5折 | ￥51 | 惠 | 【工作单人餐】姥姥.,ocr/input_videos\上海__长宁来福士__20260825.mp4
OBS-000717,长宁来福士,肥汁米蘭香港米线,肥汁米兰香港米线,小吃快餐,3.9,42,B1,rated,True,,rated,parsed,rating_anchor,0.9694,0.994,53,6624,113.183,3.9小吃快餐￥42/人 | B1,肥汁米蘭香港米线 | TAL | 園 | FELZ | 3.9小吃快餐￥42/人 | B1 | 肥汁米蘭 | 鱼画色 | ￥3 | 3.8折 | 惠 | 【王炸牛丸】经典香港小... | ￥8,ocr/input_videos\上海__长宁来福士__20260825.mp4
OBS-000718,长宁来福士,理想汽车上海长宁来福士零售中心,理想汽车上海长宁来福士零售中心,4S店,,187113,1F,unknown,True,,ocr_missing,parsed,metadata_anchor,0.9834,0.9985,53,6624,113.183,4.54S店￥187113/人 | 1F,理想汽车上海长宁来福士零售中心 | 新一代理想L6 | 全能四范SUV | 4.54S店￥187113/人 | 1F | 试驾舒适性高，智能驾驶效果好,ocr/input_videos\上海__长宁来福士__20260825.mp4
OBS-000719,长宁来福士,阿不就·台湾食堂,阿不就·台湾食堂,快餐简餐,3.9,41,B1,rated,True,,rated,parsed,rating_anchor,0.9591,0.9519,50,6624,113.183,🌟🌟⭐🌟🌟 | B1 | 快餐简餐￥41/人 | 3.9,阿不就·台湾食堂 | 阿不就 | 台食堂 | 🌟🌟⭐🌟🌟 | B1 | 快餐简餐￥41/人 | 3.9 | 中5 | 男金卤岗返 | 点评榜单 | 中山公园/江苏路小吃快餐打卡人气榜...,ocr/input_videos\上海__长宁来福士__20260825.mp4
OBS-000720,长宁来福士,肥汁米蘭香港米线,肥汁米兰香港米线,小吃快餐,3.9,,B1,rated,True,,rated,parsed,rating_anchor,0.9739,0.9985,48,6648,113.593,3.9小吃快餐42/人 | B1,ZA MALAR | HEI ZAAMUA | 肥汁米蘭香港米线 | 園 | LAP MAILAAN | 3.9小吃快餐42/人 | B1 | 肥汁米蘭 | 3.8折 | ￥3 | 惠 | ￥8 | 【王炸牛丸】经典香港小...,ocr/input_videos\上海__长宁来福士__20260825.mp4
OBS-000721,长宁来福士,理想汽车上海长宁来福士零售中心,理想汽车上海长宁来福士零售中心,4S店,,187113,1F,unknown,True,,ocr_missing,parsed,metadata_anchor,0.9825,0.997,51,6648,113.593,1F | 4.54S店￥187113/人,理想汽车上海长宁来福士零售中心 | 新一代理想L6 | 全能四克SUV | 1F | 4.54S店￥187113/人 | 试驾舒适性高，智能驾驶效果好 | G,ocr/input_videos\上海__长宁来福士__20260825.mp4
OBS-000722,长宁来福士,阿不就·台湾食堂,阿不就·台湾食堂,快餐简餐,3.9,41,B1,rated,True,,rated,parsed,rating_anchor,0.9608,0.9668,54,6648,113.593,B1 | 快餐简餐￥41/人 | ★★★★★ | 3.9,阿不就·台湾食堂 | 阿不就 | 台湾食堂 | B1 | 快餐简餐￥41/人 | ★★★★★ | 3.9 | 海片 | 周全卤肉诺 | 点评榜单 | 中山公园/江苏路小吃快餐打卡人气榜... | ￥1086.9折 | ￥158阿不就台式经典2人.. | 惠 | ￥959.5折 | ￥100100元代金券 | 惠,ocr/input_videos\上海__长宁来福士__20260825.mp4
OBS-000723,长宁来福士,鮨人饭团,鮨人饭团,日式简餐/快餐,3.9,20,B1,rated,True,,rated,parsed,rating_anchor,0.947,0.934,56,6648,113.593,🌟🌟🌟🌟🌟 | 3.9 | B1 | 日式简餐/快餐￥20/人,鮨人饭团 | 酯人饭团 | 接学作YIRENRICE ROLL | 🌟🌟🌟🌟🌟 | 3.9 | B1 | 日式简餐/快餐￥20/人 | 点评榜单 | 长宁区日式简餐/快餐销量榜第9名 | 谷物食养更健康 | ￥20.9 | 8.8折 | ￥24 | 【超值单人餐】高邮.. | 惠,ocr/input_videos\上海__长宁来福士__20260825.mp4
OBS-000724,长宁来福士,Sunflour,Sunflour,面包蛋糕,3.9,37,B1,rated,True,,rated,parsed,rating_anchor,0.9974,0.9971,53,6648,113.593,★★★★★ | B1 | ￥37/人 | 面包蛋糕 | 3.9,Sunflour | ★★★★★ | B1 | ￥37/人 | 面包蛋糕 | 3.9 | 点评榜单 | 中山公园/江苏路面包蛋糕回头客榜第7名,ocr/input_videos\上海__长宁来福士__20260825.mp4
OBS-000725,长宁来福士,肥汁米蘭香港米线,肥汁米兰香港米线,小吃快餐,3.9,42,B1,rated,True,,rated,parsed,rating_anchor,0.9359,0.9615,51,6672,114.003,B1 | ⭐3.9小吃快餐￥42/人,肥汁米蘭香港米线 | 叫 | TAP MAILAAN | B1 | ⭐3.9小吃快餐￥42/人 | 肥汁米蘭 | 固國國 | 中国 | ￥3 | 3.8折 | 惠 | 【王炸牛丸】经典香港小... | ￥8,ocr/input_videos\上海__长宁来福士__20260825.mp4
OBS-000726,长宁来福士,理想汽车上海长宁来福士零售中心,理想汽车上海长宁来福士零售中心,4S店,,187113,1F,unknown,True,,ocr_missing,parsed,metadata_anchor,0.9789,0.997,51,6672,114.003,4.54S店￥187113/人 | 1F,理想汽车上海长宁来福士零售中心 | 新一代理想L6 | 全能四范SUV | 4.54S店￥187113/人 | 1F | 试驾舒适性高，智能驾驶效果好,ocr/input_videos\上海__长宁来福士__20260825.mp4
OBS-000727,长宁来福士,阿不就·台湾食堂,阿不就·台湾食堂,快餐简餐,3.9,41,B1,rated,True,,rated,parsed,rating_anchor,0.9565,0.9541,54,6672,114.003,🌟🌟🌟🌟🌟 | B1 | 3.9 | 快餐简餐￥41/人,阿不就·台湾食堂 | 阿不就 | 台食受 | 🌟🌟🌟🌟🌟 | B1 | 3.9 | 快餐简餐￥41/人 | 男金卤岗匠 | 点评榜单 | 中山公园/江苏路小吃快餐打卡人气榜... | ￥108 | 6.9折 | ￥158阿不就台式经典2人... | 惠 | ￥95 | 惠 | ￥100100元代金券 | 9.5折,ocr/input_videos\上海__长宁来福士__20260825.mp4
OBS-000728,长宁来福士,鮨人饭团,鮨人饭团,日式简餐/快餐,3.9,20,B1,rated,True,,rated,parsed,rating_anchor,0.9701,0.9667,57,6672,114.003,🌟🌟⭐🌟🌟 | B1 | 3.9 | 日式简餐/快餐￥20/人,鮨人饭团 | 酯人饭团 | 现燕手作YIRENRICEROLL | 🌟🌟⭐🌟🌟 | B1 | 3.9 | 日式简餐/快餐￥20/人 | 点评榜单 | 长宁区日式简餐/快餐销量榜第9名 | 爸物食养更健康 | ￥20.9 | ￥24 | 【超值单人餐】高邮... | 8.8折 | 惠,ocr/input_videos\上海__长宁来福士__20260825.mp4
OBS-000729,长宁来福士,Sunflour,Sunflour,面包蛋糕,3.9,37,B1,rated,True,,rated,parsed,rating_anchor,0.9753,0.9984,52,6672,114.003,B1 | 🌟🌟🎉🌟🌟 | 3.9 | 面包蛋糕￥37/人,Sunflour | B1 | 🌟🌟🎉🌟🌟 | 3.9 | 面包蛋糕￥37/人 | 点评榜单 | 中山公园/江苏路面包蛋糕回头客榜第7名 | sunflour | www.somfau.com.cn,ocr/input_videos\上海__长宁来福士__20260825.mp4
OBS-000730,长宁来福士,阿不就·台湾食堂,阿不就·台湾食堂,快餐简餐,3.9,41,B1,rated,True,,rated,parsed,rating_anchor,0.9654,0.9653,52,6756,115.438,B1 | 🌟🌟⭐🌟🌟 | 快餐简餐￥41/人 | 3.9,阿不就·台湾食堂 | 阿不就 | 台湾食堂 | B1 | 🌟🌟⭐🌟🌟 | 快餐简餐￥41/人 | 3.9 | 具企卤肉饭 | 点评榜单 | 中山公园/江苏路小吃快餐打卡人气榜. | ￥1086.9折 | 惠 | ￥158阿不就台式经典2人. | ￥959.5折 | ￥100100元代金券 | 惠,ocr/input_videos\上海__长宁来福士__20260825.mp4
OBS-000731,长宁来福士,鮨人饭团,鮨人饭团,日式简餐/快餐,3.9,20,B1,rated,True,,rated,parsed,rating_anchor,0.9567,0.9521,57,6756,115.438,🌟🌟🌟🌟🌟 | 3.9 | 日式简餐/快餐￥20/人 | B1,鮨人饭团 | 鮨人饭团 | 搜恋平作YIREN RICE ROLL | 🌟🌟🌟🌟🌟 | 3.9 | 日式简餐/快餐￥20/人 | B1 | 点评榜单 | 长宁区日式简餐/快餐销量榜第9名 | 谷物食养更健康 | ￥24 | ￥20.9 | 8.8折 | 惠 | 【超值单人餐】高邮.,ocr/input_videos\上海__长宁来福士__20260825.mp4
OBS-000732,长宁来福士,Sunflour,Sunflour,面包蛋糕,3.9,37,B1,rated,True,,rated,parsed,rating_anchor,0.9713,0.9985,52,6756,115.438,B1 | 🌟🌟⭐🌟🌟 | 3.9 | 面包蛋糕￥37/人,Sunflour | B1 | 🌟🌟⭐🌟🌟 | 3.9 | 面包蛋糕￥37/人 | 点评榜单 | 中山公园/江苏路面包蛋糕回头客榜第7名 | ?sunflour | www.sunfour.com.cn | ￥19.9 | 4折 | 【暖冬】美式咖啡+法.. | 惠 | ￥51 | ￥29 | ￥3535元代金券 | 8.3折 | 惠,ocr/input_videos\上海__长宁来福士__20260825.mp4
OBS-000733,长宁来福士,正烧记现捞卤味,正烧记现捞卤味,卤味鸭脖,3.8,29,B1,rated,True,,rated,parsed,rating_anchor,0.9795,0.9957,51,6756,115.438,B1 | ★★★★★ | 卤味鸭脖￥29/人 | 3.8,正烧记现捞卤味 | B1 | ★★★★★ | 卤味鸭脖￥29/人 | 3.8 | 电话联系热情指引 | “ | 正烧记 | 现捞 | 卤味 | ￥2.99 | 3.4折 | 惠 | 【宠粉福利】鸭脖一根 | ￥Q,ocr/input_videos\上海__长宁来福士__20260825.mp4
OBS-000734,长宁来福士,Sunflour,Sunflour,面包蛋糕,3.9,37,B1,rated,True,,rated,parsed,rating_anchor,0.97,0.9917,53,6864,117.284,🌟🌟🌟🌟🌟 | B1 | 3.9 | 面包蛋糕￥37/人,Sunflour | 🌟🌟🌟🌟🌟 | B1 | 3.9 | 面包蛋糕￥37/人 | 点评榜单 | 中山公园/江苏路面包蛋糕回头客榜第7名 | sunflour | www.swmfou.com.cn | ￥19.9 | ￥51 | 4折 | 惠 | 【暖冬】美式咖啡+法 | ￥29 | 8.3折 | 惠 | ￥3535元代金券,ocr/input_videos\上海__长宁来福士__20260825.mp4
OBS-000735,长宁来福士,正烧记现捞卤味,正烧记现捞卤味,卤味鸭脖,3.8,29,B1,rated,True,,rated,parsed,rating_anchor,0.9763,0.9949,51,6864,117.284,🌟🌟🎉🌟🌟 | B1 | 卤味鸭脖￥29/人 | 3.8,正烧记现捞卤味 | 🌟🌟🎉🌟🌟 | B1 | 卤味鸭脖￥29/人 | 3.8 | 电话联系热情指引” | 正烧记 | 现捞 | 卤味 | ￥2.99 | 3.4折 | 【宠粉福利】鸭脖一根 | 惠 | ￥9,ocr/input_videos\上海__长宁来福士__20260825.mp4
OBS-000736,长宁来福士,Raffanir问题肌皮肤管理中心,Raffanir问题肌皮肤管理中心,皮肤管理,4.5,220,6F,rated,True,,rated,parsed,rating_anchor,0.9722,0.9769,51,6864,117.284,6F | 4.5皮肤管理￥220/人,RAIIANIR | Raffanir问题肌皮肤管理中心 | 6F | 4.5皮肤管理￥220/人 | 美甲美睫，精致女人必备” | 问题性肌肤 | 科技美肤·皮肤管理中心 | ￥2119.7折 | 惠 | ￥680深层清洁一毛孔净..,ocr/input_videos\上海__长宁来福士__20260825.mp4
OBS-000737,长宁来福士,萨莉亚意式餐厅,萨莉亚意式餐厅,意大利菜,3.9,52,6F,rated,True,,rated,parsed,rating_anchor,0.9835,0.997,54,6864,117.284,6F | 意大利菜￥52/人 | 🌟🌟🎉🌟🌟 | 3.9,萨莉亚意式餐厅 | aizeriya | 6F | 意大利菜￥52/人 | 🌟🌟🎉🌟🌟 | 3.9 | arceAarE E Cat | 点评榜单 | 长宁区意大利菜打卡人气榜第8名 | 意式餐厅 | 萨莉亚 | 酸甜开胃番茄汤底，满足冬季味蕾 | 分 | “,ocr/input_videos\上海__长宁来福士__20260825.mp4
OBS-000738,长宁来福士,Maki House寿司,MakiHouse寿司,寿司,4.7,134,6F,rated,True,,rated,parsed,rating_anchor,0.9765,0.9888,55,6864,117.284,⭐🌟⭐🌟 | 6F | 4.7寿司￥134/人,Maki House寿司 | 心吃榜 | ⭐🌟⭐🌟 | 6F | 4.7寿司￥134/人 | 必吃榜 | 2026年上榜餐厅 | 17:00营业 | 这份甜虾刺身新鲜十足 | 5%,ocr/input_videos\上海__长宁来福士__20260825.mp4
OBS-000739,长宁来福士,Raffanir问题肌皮肤管理中心,Raffanir问题肌皮肤管理中心,皮肤管理,4.5,220,6F,rated,True,,rated,parsed,rating_anchor,0.964,0.9593,51,6936,118.514,6F | 🌟🌟🌟🌟🌟 | 4.5皮肤管理￥220/人,Raffanir问题肌皮肤管理中心 | RAEANIR | 6F | 🌟🌟🌟🌟🌟 | 4.5皮肤管理￥220/人 | 美甲美睫，精致女人必备 | ·问题性肌肤 | 科技美肤·皮肤管理中心 | ￥2119.7折 | ￥680深层清洁一毛孔净... | 惠,ocr/input_videos\上海__长宁来福士__20260825.mp4
OBS-000740,长宁来福士,萨莉亚意式餐厅,萨莉亚意式餐厅,意大利菜,3.9,52,6F,rated,True,,rated,parsed,rating_anchor,0.9995,0.9994,54,6936,118.514,6F | 🌟🌟🌟🌟🌟 | ￥52/人 | 意大利菜 | 3.9,萨莉亚意式餐厅 | aizeriya | 6F | 🌟🌟🌟🌟🌟 | ￥52/人 | 意大利菜 | 3.9 | 点评榜单 | 长宁区意利菜打卡人气榜第8名 | 意式餐厅 | 萨莉亚 | 酸甜开胃番茄汤底，满足冬季味蕾 | “ | 2,ocr/input_videos\上海__长宁来福士__20260825.mp4
OBS-000741,长宁来福士,Maki House寿司,MakiHouse寿司,寿司,4.7,134,6F,rated,True,,rated,parsed,rating_anchor,0.9657,0.9679,48,6936,118.514,6F | ★★★★★ | 4.7寿司￥134/人,Maki House寿司 | 心吃榜 | 6F | ★★★★★ | 4.7寿司￥134/人 | 必吃榜 | 2026年上榜餐厅 | 17:00营业 | 这份甜虾刺身新鲜十足 | 55,ocr/input_videos\上海__长宁来福士__20260825.mp4
OBS-000742,长宁来福士,APM Monaco,APMMonaco,配饰,4.5,1315,商场内,rated,True,,rated,parsed,rating_anchor,0.963,0.9649,48,6936,118.514,🌟🌟⭐🌟🌟 | 商场内 | 4.5 | 配饰￥1315/人,APM Monaco | apm | 🌟🌟⭐🌟🌟 | 商场内 | 4.5 | 配饰￥1315/人 | 首饰blingbling，经典款式耐看 | “ | MONACO,ocr/input_videos\上海__长宁来福士__20260825.mp4
OBS-000743,长宁来福士,阿秋牛排·泉州牛排馆,阿秋牛排·泉州牛排馆,福建菜,,45,6F,new_store,False,new_store,ocr_missing,parsed,metadata_anchor,0.9705,0.992,50,6936,118.514,新店 | 6F | 福建菜￥45/人,阿秋牛排·泉州牛排馆 | 新店 | 6F | 福建菜￥45/人,ocr/input_videos\上海__长宁来福士__20260825.mp4
OBS-000744,长宁来福士,Raffanir问题肌皮肤管理中心,Raffanir问题肌皮肤管理中心,皮肤管理,4.5,220,6F,rated,True,,rated,parsed,rating_anchor,0.9501,0.9769,48,6984,119.334,4.5皮肤管理￥220/人 | 6F,RAFEANIR | Raffanir问题肌皮肤管理中心 | 4.5皮肤管理￥220/人 | 6F | 美甲美睫，精致女人必备” | ·问题性肌肤 | 科技美肤·皮肤管理中心 | ￥2119.7折 | ￥680深层清洁|毛孔净... | 惠,ocr/input_videos\上海__长宁来福士__20260825.mp4
OBS-000745,长宁来福士,萨莉亚意式餐厅,萨莉亚意式餐厅,意大利菜,3.9,52,6F,rated,True,,rated,parsed,rating_anchor,0.9769,0.9941,51,6984,119.334,6F | 🌟🌟🌟🌟⭐3.9 | 意大利菜￥52/人,萨莉亚意式餐厅 | aizeriya | 6F | 🌟🌟🌟🌟⭐3.9 | 意大利菜￥52/人 | aaC | 点评榜单 | 长宁区意大利菜打卡人气榜第8名 | 意式餐厅 | 萨莉亚 | 酸甜开胃番茄汤底，满足冬季味蕾,ocr/input_videos\上海__长宁来福士__20260825.mp4
OBS-000746,长宁来福士,Maki House寿司,MakiHouse寿司,寿司,4.7,134,6F,rated,True,,rated,parsed,rating_anchor,0.9793,0.9947,51,6984,119.334,6F | 🌟🌟⭐🌟 | 4.7寿司￥134/人,Maki House寿司 | 心吃榜 | 6F | 🌟🌟⭐🌟 | 4.7寿司￥134/人 | 心吃榜 | 2026年上榜餐厅 | 17:00营业 | 这份甜虾刺身新鲜十足 | 9,ocr/input_videos\上海__长宁来福士__20260825.mp4
OBS-000747,长宁来福士,APM Monaco,APMMonaco,配饰,4.5,1315,商场内,rated,True,,rated,parsed,rating_anchor,0.9706,0.9817,48,6984,119.334,商场内 | 🌟🌟🌟🌟🌟 | 4.5 | 配饰￥1315/人,APM Monaco | apm | 商场内 | 🌟🌟🌟🌟🌟 | 4.5 | 配饰￥1315/人 | 首饰blingbling，经典款式耐看” | MONACO,ocr/input_videos\上海__长宁来福士__20260825.mp4
OBS-000748,长宁来福士,阿秋牛排·泉州牛排馆,阿秋牛排·泉州牛排馆,福建菜,,45,6F,new_store,False,new_store,ocr_missing,parsed,metadata_anchor,0.9681,0.9897,48,6984,119.334,新店 | 6F | 福建菜￥45/人,阿秋牛排·泉州牛排馆 | 南 | MICHELIN GUIDE | 必比登推荐 | 新店 | 6F | 福建菜￥45/人 | 2025~202 | 连续2年荣登榜单 | 阿秋牛排 | Aqiu Steak | 泉州牛排馆 | （上海首店） | 黑马小灶·锅包肉,ocr/input_videos\上海__长宁来福士__20260825.mp4
OBS-000749,长宁来福士,Maki House寿司,MakiHouse寿司,寿司,4.7,134,6F,rated,True,,rated,parsed,rating_anchor,0.9637,0.9775,51,7068,120.769,6F | 🌟🌟🌟🌟🌟 | 4.7 | 寿司￥134/人,Maki House寿司 | 心吃榜 | 6F | 🌟🌟🌟🌟🌟 | 4.7 | 寿司￥134/人 | 心吃榜 | 2026年上榜餐厅 | 17:00营业 | 这份甜虾刺身新鲜十足 | 3,ocr/input_videos\上海__长宁来福士__20260825.mp4
OBS-000750,长宁来福士,APM Monaco,APMMonaco,配饰,4.5,1315,商场内,rated,True,,rated,parsed,rating_anchor,0.9683,0.9752,51,7068,120.769,商场内 | 🌟🌟🎉🎉🌟 | 配饰￥1315/人 | 4.5,APM Monaco | apm | 商场内 | 🌟🌟🎉🎉🌟 | 配饰￥1315/人 | 4.5 | 首饰blingbling，经典款式耐看 | MONACO,ocr/input_videos\上海__长宁来福士__20260825.mp4
OBS-000751,长宁来福士,阿秋牛排·泉州牛排馆,阿秋牛排·泉州牛排馆,福建菜,,45,6F,new_store,False,new_store,ocr_missing,parsed,metadata_anchor,0.9758,0.9916,51,7068,120.769,新店 | 6F | 福建菜￥45/人,阿秋牛排·泉州牛排馆 | ? | MICHELIN GUIDE | 必比登推荐 | 新店 | 6F | 福建菜￥45/人 | 2025-2026 | 连续2年荣登榜单 | 阿秋牛排 | Aqlu Steak | 泉州牛排馆 | （上海首店）,ocr/input_videos\上海__长宁来福士__20260825.mp4
OBS-000752,长宁来福士,黑马小灶·锅包肉,黑马小灶·锅包肉,东北菜,3.8,59,B1,rated,True,,rated,parsed,rating_anchor,0.9855,0.9742,51,7068,120.769,B1 | 🌟🌟⭐🌟🌟 | ￥59/人 | 3.8 | 东北菜,爽提 | 黑马小灶·锅包肉 | 新80 | B1 | 🌟🌟⭐🌟🌟 | ￥59/人 | 3.8 | 东北菜 | 荣获 | 金 | 点评榜单 | 长宁区东北菜热门榜第8名 | 马年更要吃黑马,ocr/input_videos\上海__长宁来福士__20260825.mp4
OBS-000753,长宁来福士,爱畅享华为苹果手机维修服务,爱畅享华为苹果手机维修服务,手机维修,4.8,283,B1,rated,True,,rated,parsed,rating_anchor,0.9816,0.9986,51,7068,120.769,🌟🌟⭐🌟4.8 | B1 | 手机维修￥283/人,爱畅享华为苹果手机维修服务 | 🌟🌟⭐🌟4.8 | B1 | 手机维修￥283/人 | isharing | 爱畅享 | 位置好找，贴膜速度快无气泡 | 手机电脑维修回收 | ￥39￥79手机贴膜 | 惠 | ￥90￥100代金券 | 惠,ocr/input_videos\上海__长宁来福士__20260825.mp4
OBS-000754,长宁来福士,CHapter home,CHapterhome,咖啡,3.8,,商场内,rated,True,,rated,parsed,rating_anchor,0.9137,0.9913,53,7068,120.769,⭐3.8咖啡 | 商场内,CHapter home | ⭐3.8咖啡 | 商场内,ocr/input_videos\上海__长宁来福士__20260825.mp4
OBS-000755,长宁来福士,Maki House寿司,MakiHouse寿司,寿司,4.7,134,6F,rated,True,,rated,parsed,rating_anchor,0.9735,0.995,51,7080,120.974,6F | 🌟🌟🌟🌟🌟 | 4.7 | 寿司￥134/人,Maki House寿司 | 心吃榜 | 6F | 🌟🌟🌟🌟🌟 | 4.7 | 寿司￥134/人 | 心吃榜 | 2026年上榜餐厅 | 17:00营业 | 这份甜虾刺身新鲜十足 | 3,ocr/input_videos\上海__长宁来福士__20260825.mp4
OBS-000756,长宁来福士,APM Monaco,APMMonaco,配饰,4.5,1315,商场内,rated,True,,rated,parsed,rating_anchor,0.9696,0.9727,51,7080,120.974,商场内 | 🌟🌟🎉🌟🌟 | 配饰￥1315/人 | 4.5,APM Monaco | apm | 商场内 | 🌟🌟🎉🌟🌟 | 配饰￥1315/人 | 4.5 | 首饰blingbling，经典款式耐看 | MONACO,ocr/input_videos\上海__长宁来福士__20260825.mp4
OBS-000757,长宁来福士,阿秋牛排·泉州牛排馆,阿秋牛排·泉州牛排馆,福建菜,,45,6F,new_store,False,new_store,ocr_missing,parsed,metadata_anchor,0.9739,0.9902,48,7080,120.974,新店 | 6F | 福建菜￥45/人,阿秋牛排·泉州牛排馆 | A | MICHELIN GUIDE | 必比登推荐 | 新店 | 6F | 福建菜￥45/人 | 2025-2026 | 连续2年荣登榜单 | 阿秋牛排 | Aqiu Steak | 泉州牛排馆 | （上海首店）,ocr/input_videos\上海__长宁来福士__20260825.mp4
OBS-000758,长宁来福士,黑马小灶·锅包肉,黑马小灶·锅包肉,东北菜,3.8,59,B1,rated,True,,rated,parsed,rating_anchor,0.987,0.977,51,7080,120.974,B1 | 🌟🌟⭐🌟🌟 | ￥59/人 | 东北菜 | 3.8,央提 | 黑马小灶·锅包肉 | 报递 | 新80 | B1 | 🌟🌟⭐🌟🌟 | ￥59/人 | 东北菜 | 3.8 | 荣获 | 金 | 点评榜单 | 长宁区东北菜热门榜第8名 | 马年更要吃黑马,ocr/input_videos\上海__长宁来福士__20260825.mp4
OBS-000759,长宁来福士,爱畅享华为苹果手机维修服务,爱畅享华为苹果手机维修服务,手机维修,4.8,283,B1,rated,True,,rated,parsed,rating_anchor,0.9804,0.9984,51,7080,120.974,🌟🌟⭐4.8 | B1 | 手机维修￥283/人,爱畅享华为苹果手机维修服务 | 🌟🌟⭐4.8 | B1 | 手机维修￥283/人 | isharing | 爱畅享 | 位置好找，贴膜速度快无气泡 | 手机电脑维修回收 | ￥39￥79手机贴膜 | 惠 | ￥90￥100代金券 | 惠,ocr/input_videos\上海__长宁来福士__20260825.mp4
OBS-000760,长宁来福士,CHapter home,CHapterhome,咖啡,3.8,,商场内,rated,True,,rated,parsed,rating_anchor,0.9979,0.9958,53,7080,120.974,咖啡 | 🌟🌟⭐★⭐3.8 | 商场内,CHapter home | 咖啡 | 🌟🌟⭐★⭐3.8 | 商场内,ocr/input_videos\上海__长宁来福士__20260825.mp4
OBS-000761,长宁来福士,黑马小灶·锅包肉,黑马小灶·锅包肉,东北菜,3.8,59,B1,rated,True,,rated,parsed,rating_anchor,0.975,0.9878,51,7128,121.795,⭐🌟🌟🌟🌟 | 东北菜￥59/人 | B1 | 3.8,黑马小灶·锅包肉 | 报班 | ⭐🌟🌟🌟🌟 | OTC | 东北菜￥59/人 | B1 | 3.8 | 荣获 | 点评榜单 | 长宁区东北菜热门榜第8名 | 马年更要吃黑马,ocr/input_videos\上海__长宁来福士__20260825.mp4
OBS-000762,长宁来福士,爱畅享华为苹果手机维修服务,爱畅享华为苹果手机维修服务,手机维修,4.8,283,B1,rated,True,,rated,parsed,rating_anchor,0.9824,0.9992,50,7128,121.795,4.8手机维修￥283/人 | B1,爱畅享华为苹果手机维修服务 | isharing | 4.8手机维修￥283/人 | B1 | 爱畅享 | 位置好找，贴膜速度快泡” | 手机电脑维修回收 | ￥39￥79手机贴膜 | 惠 | ￥90￥100代金券 | 惠,ocr/input_videos\上海__长宁来福士__20260825.mp4
OBS-000763,长宁来福士,CHapter home,CHapterhome,咖啡,3.8,,商场内,rated,True,,rated,parsed,rating_anchor,0.9293,0.9967,58,7128,121.795,🌟3.8咖啡 | 商场内,CHapter home | 🌟3.8咖啡 | 商场内,ocr/input_videos\上海__长宁来福士__20260825.mp4
OBS-000764,长宁来福士,Manner Coffee,MannerCoffee,咖啡,3.9,23,1F,rated,True,,rated,parsed,rating_anchor,0.9485,0.9552,54,7128,121.795,3.9咖啡￥23/人 | 1F,Manner Coffee | 3.9咖啡￥23/人 | 1F | MANNER,ocr/input_videos\上海__长宁来福士__20260825.mp4
OBS-000765,长宁来福士,TSK齿科·德冠口腔门诊,TSK齿科·德冠口腔门诊,口腔医疗机构,4.7,,商场内,rated,True,,rated,parsed,rating_anchor,0.9802,0.9919,57,7128,121.795,4.7口腔医疗机构 | 商场内,TSK齿科·德冠口腔门诊 | 25 | 4.7口腔医疗机构 | 商场内 | 周年庆 | 洗牙美白活动多，医生亲切专业 | ￥198￥880超声波洗牙1仅限工作日 | 惠,ocr/input_videos\上海__长宁来福士__20260825.mp4
OBS-000766,长宁来福士,黑马小灶·锅包肉,黑马小灶·锅包肉,东北菜,3.8,59,B1,rated,True,,rated,parsed,rating_anchor,0.9915,0.9841,52,7140,122.0,B1 | 东北菜 | 🌟🌟🌟🌟🌟 | ￥59/人 | 3.8,快视S7 | 3招爆 | 黑马小灶·锅包肉 | 0L | B1 | 东北菜 | 🌟🌟🌟🌟🌟 | ￥59/人 | 荣获 | 3.8 | 金 | 点评榜单 | 长宁区东北菜热门榜第8名 | 马年更要吃黑马,ocr/input_videos\上海__长宁来福士__20260825.mp4
OBS-000767,长宁来福士,爱畅享华为苹果手机维修服务,爱畅享华为苹果手机维修服务,手机维修,4.8,283,B1,rated,True,,rated,parsed,rating_anchor,0.9703,0.9991,54,7140,122.0,4.8手机维修￥283/人 | B1,爱畅享华为苹果手机维修服务 | 4.8手机维修￥283/人 | B1 | isharing | 爱畅享 | 位置好找，贴膜速度快无气泡 | 7 | 手机电脑维修回收 | ￥39￥79手机贴膜 | 惠 | ￥90￥100代金券 | 惠,ocr/input_videos\上海__长宁来福士__20260825.mp4
OBS-000768,长宁来福士,CHapter home,CHapterhome,咖啡,3.8,,商场内,rated,True,,rated,parsed,rating_anchor,0.9803,0.9665,54,7140,122.0,3.8咖啡 | 商场内 | 🌟🌟🌟🌟⭐,CHapter home | 3.8咖啡 | 商场内 | 🌟🌟🌟🌟⭐,ocr/input_videos\上海__长宁来福士__20260825.mp4
OBS-000769,长宁来福士,Manner Coffee,MannerCoffee,咖啡,3.9,23,1F,rated,True,,rated,parsed,rating_anchor,0.9426,0.9351,55,7140,122.0,3.9咖啡￥23/人 | 1F,Manner Coffee | 3.9咖啡￥23/人 | 1F | MANNER,ocr/input_videos\上海__长宁来福士__20260825.mp4
OBS-000770,长宁来福士,TSK齿科·德冠口腔门诊,TSK齿科·德冠口腔门诊,口腔医疗机构,4.7,,商场内,rated,True,,rated,parsed,rating_anchor,0.9787,0.9919,54,7140,122.0,商场内 | 4.7口腔医疗机构,TSK齿科·德冠口腔门诊 | 25 | 商场内 | 4.7口腔医疗机构 | 周年庆 | 洗牙美白活动多，医生亲切专业 | C | ￥198￥880超声波洗牙1仅限工作日 | 惠,ocr/input_videos\上海__长宁来福士__20260825.mp4
OBS-000771,长宁来福士,Manner Coffee,MannerCoffee,咖啡,3.9,23,1F,rated,True,,rated,parsed,rating_anchor,0.9525,0.9518,56,7212,123.23,3.9咖啡￥23/人 | 1F,Manner Coffee | 3.9咖啡￥23/人 | 1F | MANNER,ocr/input_videos\上海__长宁来福士__20260825.mp4
OBS-000772,长宁来福士,TSK齿科·德冠口腔门诊,TSK齿科·德冠口腔门诊,口腔医疗机构,4.7,,商场内,rated,True,,rated,parsed,rating_anchor,0.9806,0.9869,58,7212,123.23,4.7口腔医疗机构 | 商场内,TSK齿科·德冠口腔门诊 | 25 | 4.7口腔医疗机构 | 商场内 | 周年庆 | 洗牙美白活动多，医生亲切专业 | ￥198￥880超声波洗牙|仅限工作日 | 惠,ocr/input_videos\上海__长宁来福士__20260825.mp4
OBS-000773,长宁来福士,阿嬤手作,阿嬷手作,茶饮果汁,3.9,28,1F,rated,True,,rated,parsed,rating_anchor,0.9329,0.9049,60,7212,123.23,🌟🌟🌟 | 1F | 茶饮果汁￥28/人 | 3.9,阿嬤手作 | 🌟🌟🌟 | 1F | 茶饮果汁￥28/人 | 3.9 | 阿嬤手作 | 点评榜单 | AH MA HANDUADE | 中山公园/江苏路茶饮果汁热门榜第7名,ocr/input_videos\上海__长宁来福士__20260825.mp4
OBS-000774,长宁来福士,KUDDO COFFEE,KUDDOCOFFEE,咖啡,4.4,32,1F,rated,True,,rated,parsed,rating_anchor,0.9752,0.9889,48,7212,123.23,1F | 🌟🌟🌟⭐🌟 | 4.4咖啡￥32/人,KUDDO COFFEE | 1F | 🌟🌟🌟⭐🌟 | 4.4咖啡￥32/人 | IKuoldlg | HOEDCNETMAXRNAX,ocr/input_videos\上海__长宁来福士__20260825.mp4
OBS-000775,长宁来福士,LAPUTA攀岩,LAPUTA攀岩,攀岩馆,4.2,86,1F,rated,True,,rated,parsed,rating_anchor,0.9761,0.9971,55,7212,123.23,攀岩馆￥86/人 | 🌟🌟⭐⭐ | 1F | 4.2 | ★,LAPUTA攀岩 | 攀岩馆￥86/人 | 🌟🌟⭐⭐ | 1F | 4.2 | ★ | 中山公园/江苏路休闲运动销量榜第2名 | 装备全新，安全系数拉满 | “ | 2 | ￥90￥1201小时攀岩票 | 惠 | （包含攀岩鞋＆...,ocr/input_videos\上海__长宁来福士__20260825.mp4
OBS-000776,长宁来福士,Manner Coffee,MannerCoffee,咖啡,3.9,23,1F,rated,True,,rated,parsed,rating_anchor,0.9438,0.9477,51,7248,123.845,3.9咖啡￥23/人 | 1F,Manner Coffee | 3.9咖啡￥23/人 | 1F | MANNER,ocr/input_videos\上海__长宁来福士__20260825.mp4
OBS-000777,长宁来福士,TSK齿科·德冠口腔门诊,TSK齿科·德冠口腔门诊,口腔医疗机构,4.7,,商场内,rated,True,,rated,parsed,rating_anchor,0.9717,0.994,55,7248,123.845,商场内 | 4.7口腔医疗机构,TSK齿科·德冠口腔门诊 | 25 | 商场内 | 4.7口腔医疗机构 | 周年庆 | 洗牙美白活动多，医生亲切专业 | “ | ￥198￥880超声波洗牙1仅限工作日 | 惠,ocr/input_videos\上海__长宁来福士__20260825.mp4
OBS-000778,长宁来福士,阿嬤手作,阿嬷手作,茶饮果汁,3.9,28,1F,rated,True,,rated,parsed,rating_anchor,0.9232,0.8936,60,7248,123.845,1F | ⭐🌟★🌟🌟 | 茶饮果汁￥28/人 | 3.9,阿嬤手作 | 1F | ⭐🌟★🌟🌟 | 茶饮果汁￥28/人 | 3.9 | 阿嬤手作 | 点评榜单 | AJI MA IANDNADC | 中山公园/江苏路茶饮果汁热门榜第7名,ocr/input_videos\上海__长宁来福士__20260825.mp4
OBS-000779,长宁来福士,KUDDO COFFEE,KUDDOCOFFEE,咖啡,4.4,32,1F,rated,True,,rated,parsed,rating_anchor,0.963,0.9777,47,7248,123.845,1F | 4.4咖啡￥32/人,KUDDO COFFEE | 1F | 4.4咖啡￥32/人 | IKudldlg | MODGMIT MXHLAX,ocr/input_videos\上海__长宁来福士__20260825.mp4
OBS-000780,长宁来福士,LAPUTA攀岩,LAPUTA攀岩,攀岩馆,4.2,86,1F,rated,True,,rated,parsed,rating_anchor,0.9782,0.998,55,7248,123.845,1F | ★🌟★🌟 | 攀岩馆￥86/人 | 4.2,LAPUTA攀岩 | 1F | ★🌟★🌟 | 攀岩馆￥86/人 | 4.2 | 中山公园/江苏路休闲运动销量榜第2名 | 装备全新，安全系数拉满 | ￥90￥1201小时攀岩票 | (包含攀岩鞋＆... | 惠,ocr/input_videos\上海__长宁来福士__20260825.mp4
OBS-000781,长宁来福士,西塔星球,西塔星球,零食,3.9,,B1,rated,True,,rated,parsed,rating_anchor,0.9663,1.0,59,7248,123.845,3.9零食46/人 | B1,西塔星球 | 3.9零食46/人 | B1,ocr/input_videos\上海__长宁来福士__20260825.mp4
OBS-000782,长宁来福士,Manner Coffee,MannerCoffee,咖啡,3.9,23,1F,rated,True,,rated,parsed,rating_anchor,0.9602,0.9688,53,7272,124.255,3.9咖啡￥23/人 | 1F,Manner Coffee | 3.9咖啡￥23/人 | 1F | MANNER,ocr/input_videos\上海__长宁来福士__20260825.mp4
OBS-000783,长宁来福士,TSK齿科·德冠口腔门诊,TSK齿科·德冠口腔门诊,口腔医疗机构,4.7,,商场内,rated,True,,rated,parsed,rating_anchor,0.948,0.9929,54,7272,124.255,商场内 | ⭐✨4.7口腔医疗机构,TSK齿科·德冠口腔门诊 | 25 | 商场内 | ⭐✨4.7口腔医疗机构 | 周年庆 | “洗牙美白活动多，医生亲切专业” | ￥198￥880超声波洗牙|仅限工作日 | 惠,ocr/input_videos\上海__长宁来福士__20260825.mp4
OBS-000784,长宁来福士,阿嬷手作,阿嬷手作,茶饮果汁,3.9,28,1F,rated,True,,rated,parsed,rating_anchor,0.9179,0.8764,59,7272,124.255,1F | 🌟🌟🌟🌟🌟 | 茶饮果汁￥28/人 | 3.9,阿嬷手作 | 1F | 🌟🌟🌟🌟🌟 | 茶饮果汁￥28/人 | 3.9 | 阿嬤手作 | 点评榜单 | AH MA HANDUADE | 中山公园/江苏路茶饮果汁热门榜第7名,ocr/input_videos\上海__长宁来福士__20260825.mp4
OBS-000785,长宁来福士,KUDDO COFFEE,KUDDOCOFFEE,咖啡,4.4,32,1F,rated,True,,rated,parsed,rating_anchor,0.9783,0.9892,50,7272,124.255,⭐🌟⭐⭐ | 1F | 4.4咖啡￥32/人 | ★,KUDDO COFFEE | ⭐🌟⭐⭐ | 1F | 4.4咖啡￥32/人 | ★ | IKudldlg | HOEDGNBITEAOXNEAX,ocr/input_videos\上海__长宁来福士__20260825.mp4
OBS-000786,长宁来福士,LAPUTA攀岩,LAPUTA攀岩,攀岩馆,4.2,86,1F,rated,True,,rated,parsed,rating_anchor,0.9779,0.998,54,7272,124.255,1F | 🌟🌟⭐⭐ | 攀岩馆￥86/人 | 4.2,LAPUTA攀岩 | 1F | 🌟🌟⭐⭐ | 攀岩馆￥86/人 | 4.2 | 中山公园/江苏路休闲运动销量榜第2名 | 装备全新，安全系数拉满 | 3 | “ | ￥90￥1201小时攀岩票（包含攀岩鞋＆... | 惠,ocr/input_videos\上海__长宁来福士__20260825.mp4
OBS-000787,长宁来福士,西塔星球,西塔星球,零食,3.9,46,B1,rated,True,,rated,parsed,rating_anchor,0.9678,0.9999,57,7272,124.255,B1 | 🌟🌟🌟🌟🌟 | 零食￥46/人 | 3.9,西塔星球 | B1 | 🌟🌟🌟🌟🌟 | 零食￥46/人 | 3.9,ocr/input_videos\上海__长宁来福士__20260825.mp4
OBS-000788,长宁来福士,阿嬤手作,阿嬷手作,茶饮果汁,3.9,28,1F,rated,True,,rated,parsed,rating_anchor,0.9283,0.8813,61,7320,125.075,⭐🌟🌟🌟🌟 | 1F | 3.9茶饮果汁￥28/人,阿嬤手作 | ⭐🌟🌟🌟🌟 | 1F | 3.9茶饮果汁￥28/人 | 阿嬤手作 | 点评榜单 | AH MA HANDNADC | 中山公园/江苏路茶饮果汁热门榜第7名,ocr/input_videos\上海__长宁来福士__20260825.mp4
OBS-000789,长宁来福士,KUDDO COFFEE,KUDDOCOFFEE,咖啡,4.4,32,1F,rated,True,,rated,parsed,rating_anchor,0.9776,0.9864,52,7320,125.075,⭐🌟⭐⭐ | 1F | 4.4咖啡￥32/人 | ★,KUDDO COFFEE | ⭐🌟⭐⭐ | 1F | 4.4咖啡￥32/人 | IKuldlg | ★ | MOLDGMSIT WK HEAX,ocr/input_videos\上海__长宁来福士__20260825.mp4
OBS-000790,长宁来福士,LAPUTA攀岩,LAPUTA攀岩,攀岩馆,4.2,86,1F,rated,True,,rated,parsed,rating_anchor,0.9764,0.998,56,7320,125.075,⭐🌟⭐⭐ | 1F | 攀岩馆￥86/人 | 4.2,LAPUTA攀岩 | ⭐🌟⭐⭐ | 1F | 攀岩馆￥86/人 | 4.2 | LApUTA! | 中山公园/江苏路休闲运动销量榜第2名 | 装备全新，安全系数拉满 | 6 | ￥90￥1201小时攀岩票(包含攀岩鞋＆.. | 惠,ocr/input_videos\上海__长宁来福士__20260825.mp4
OBS-000791,长宁来福士,西塔星球,西塔星球,零食,3.9,46,B1,rated,True,,rated,parsed,rating_anchor,0.9657,0.9999,63,7320,125.075,3.9零食￥46/人 | B1,西塔星球 | 3.9零食￥46/人 | B1 | ThetaStar'西培星球,ocr/input_videos\上海__长宁来福士__20260825.mp4
OBS-000792,长宁来福士,轻遇三明治,轻遇三明治,西式快餐,3.6,,商场内,rated,True,,rated,parsed,rating_anchor,0.9417,0.9997,59,7320,125.075,商场内 | ⭐⭐⭐3.6西式快餐,轻遇三明治 | 商场内 | ⭐⭐⭐3.6西式快餐,ocr/input_videos\上海__长宁来福士__20260825.mp4
OBS-000793,长宁来福士,阿嬷手作,阿嬷手作,茶饮果汁,3.9,28,1F,rated,True,,rated,parsed,rating_anchor,0.925,0.8754,61,7356,125.69,🌟🌟🌟🌟🌟 | 1F | 3.9茶饮果汁￥28/人,阿嬷手作 | 🌟🌟🌟🌟🌟 | 1F | 3.9茶饮果汁￥28/人 | 阿嬤手作 | 点评榜单 | AH MA HANDNADC | 中山公园/江苏路茶饮果汁热门榜第7名,ocr/input_videos\上海__长宁来福士__20260825.mp4
OBS-000794,长宁来福士,KUDDO COFFEE,KUDDOCOFFEE,咖啡,4.4,32,1F,rated,True,,rated,parsed,rating_anchor,0.9622,0.9603,51,7356,125.69,🌟🌟⭐⭐ | 1F | 4.4咖啡￥32/人 | ★,KUDDO COFFEE | 🌟🌟⭐⭐ | 1F | 4.4咖啡￥32/人 | IKudlolg | ★ | MOLDGMITT UWK IHEAX,ocr/input_videos\上海__长宁来福士__20260825.mp4
OBS-000795,长宁来福士,LAPUTA攀岩,LAPUTA攀岩,攀岩馆,4.2,86,1F,rated,True,,rated,parsed,rating_anchor,0.975,0.9978,64,7356,125.69,1F | ★★★★ | 攀岩馆￥86/人 | 4.2,LAPUTA攀岩 | 1F | ★★★★ | 攀岩馆￥86/人 | 4.2 | ApUTA | 中山公园/江苏路休闲运动销量榜第2名 | 装备全新，安全系数拉满 | ￥90￥1201小时攀岩票(包含攀岩鞋＆... | 惠,ocr/input_videos\上海__长宁来福士__20260825.mp4
OBS-000796,长宁来福士,西塔星球,西塔星球,零食,3.9,46,B1,rated,True,,rated,parsed,rating_anchor,0.9644,0.9998,60,7356,125.69,3.9零食￥46/人 | B1,西塔星球 | 3.9零食￥46/人 | B1 | ThetaStar西培星球,ocr/input_videos\上海__长宁来福士__20260825.mp4
OBS-000797,长宁来福士,轻遇三明治,轻遇三明治,西式快餐,3.6,,商场内,rated,True,,rated,parsed,rating_anchor,0.9583,0.999,56,7356,125.69,商场内 | ⭐⭐3.6西式快餐,轻遇三明治 | 商场内 | ⭐⭐3.6西式快餐 | 白菜花坊,ocr/input_videos\上海__长宁来福士__20260825.mp4
OBS-000798,长宁来福士,KUDDO COFFEE,KUDDOCOFFEE,咖啡,4.4,32,1F,rated,True,,rated,parsed,rating_anchor,0.9765,0.9918,54,7380,126.101,4.4咖啡￥32/人 | 1F | 🌟🌟🌟🌟 | ★,"KUDDO COFFEE | 4.4咖啡￥32/人 | 1F | 🌟🌟🌟🌟 | IKuldlg | ★ | HOLDGM,EITMNGXNILAX",ocr/input_videos\上海__长宁来福士__20260825.mp4
OBS-000799,长宁来福士,LAPUTA攀岩,LAPUTA攀岩,攀岩馆,4.2,86,1F,rated,True,,rated,parsed,rating_anchor,0.9749,0.9975,55,7380,126.101,1F | 🌟🌟★🌟 | 4.2 | 攀岩馆￥86/人,LAPUTA攀岩 | 1F | 🌟🌟★🌟 | 4.2 | 攀岩馆￥86/人 | 中山公园/江苏路休闲运动销量榜第2名 | 装备全新，安全系数拉满 | 《 | 33 | ￥90￥1201小时攀岩票（包含攀岩鞋＆... | 惠,ocr/input_videos\上海__长宁来福士__20260825.mp4
OBS-000800,长宁来福士,西塔星球,西塔星球,零食,3.9,,B1,rated,True,,rated,parsed,rating_anchor,0.9809,0.9999,64,7380,126.101,3.9零食46/人 | B1,西塔星球 | 3.9零食46/人 | B1 | ThetaStar'西塔量球,ocr/input_videos\上海__长宁来福士__20260825.mp4
OBS-000801,长宁来福士,轻遇三明治,轻遇三明治,西式快餐,3.6,,商场内,rated,True,,rated,parsed,rating_anchor,0.9955,0.9992,59,7380,126.101,商场内 | 3.6西式快餐,轻遇三明治 | 商场内 | 3.6西式快餐,ocr/input_videos\上海__长宁来福士__20260825.mp4
OBS-000802,长宁来福士,白菜花坊,白菜花坊,花店,3.5,,B1,rated,True,,rated,parsed,rating_anchor,0.8795,0.9994,63,7380,126.101,🌟🌟⭐3.5花店 | B1,白菜花坊 | 🌟🌟⭐3.5花店 | B1 | 蓝色花束特别高级，材料新鲜 | 心 | ￥168￥228 | 【9朵碎冰蓝玫瑰花束】下 | 惠,ocr/input_videos\上海__长宁来福士__20260825.mp4
OBS-000803,长宁来福士,BUTTER&FISH黄油&渔·黄油手.,BUTTER&FISH黄油&渔·黄油手.,小吃,3.6,71,B1,rated,True,,rated,parsed,rating_anchor,0.8988,0.921,57,7380,126.101,3.6小吃￥71/人 | B1,BUTTER&FISH黄油&渔·黄油手. | 3.6小吃￥71/人 | B1,ocr/input_videos\上海__长宁来福士__20260825.mp4
OBS-000804,长宁来福士,西塔星球,西塔星球,零食,3.9,46,B1,rated,True,,rated,parsed,rating_anchor,0.9827,1.0,60,7416,126.716,3.9零食￥46/人 | ★★★★★ | B1,西塔星球 | 3.9零食￥46/人 | ★★★★★ | B1 | ThetaStar'西话星球,ocr/input_videos\上海__长宁来福士__20260825.mp4
OBS-000805,长宁来福士,轻遇三明治,轻遇三明治,西式快餐,3.6,,商场内,rated,True,,rated,parsed,rating_anchor,0.9984,0.9995,55,7416,126.716,商场内 | 🌟🌟⭐🌟🌟 | 3.6西式快餐,轻遇三明治 | 商场内 | 🌟🌟⭐🌟🌟 | 3.6西式快餐,ocr/input_videos\上海__长宁来福士__20260825.mp4
OBS-000806,长宁来福士,白菜花坊,白菜花坊,花店,3.5,,B1,rated,True,,rated,parsed,rating_anchor,0.9993,0.9991,57,7416,126.716,花店 | 🌟🌟🌟🌟🌟 | 3.5 | B1,白菜花坊 | 花店 | 🌟🌟🌟🌟🌟 | 3.5 | B1 | 蓝色花束特别高级，材料新鲜” | “ | ￥168￥228 | 下… | 【9朵碎冰蓝玫瑰花束】 | 惠,ocr/input_videos\上海__长宁来福士__20260825.mp4
OBS-000807,长宁来福士,BUTTER&FISH黃油&渔·黃油手..,BUTTER&FISH黄油&渔·黄油手,小吃,3.6,71,B1,rated,True,,rated,parsed,rating_anchor,0.9327,0.9029,54,7416,126.716,3.6小吃￥71/人 | 🌟🌟🌟🌟🌟 | B1,BUTTER&FISH黃油&渔·黃油手.. | 3.6小吃￥71/人 | 🌟🌟🌟🌟🌟 | B1,ocr/input_videos\上海__长宁来福士__20260825.mp4
OBS-000808,长宁来福士,布歌东京,布歌东京,甜品,4.4,148,B1,rated,True,,rated,parsed,rating_anchor,0.9722,0.9991,55,7416,126.716,B1 | 🌟🌟🌟🌟 | 甜品￥148/人 | 4.4,布歌东京 | 石榴红提 | B1 | 🌟🌟🌟🌟 | 甜品￥148/人 | 4.4 | 点评榜单 | 中山公园/江苏路甜品口味榜第3名,ocr/input_videos\上海__长宁来福士__20260825.mp4
OBS-000809,长宁来福士,结绳缘,结绳缘,杂货礼品,4.9,119,2F,rated,True,,rated,parsed,rating_anchor,0.9772,0.9919,58,7416,126.716,2F | 🌟🌟🎉🌟🌟 | 杂货礼品￥119/人 | 4.9,结绳缘 | 2F | 🌟🌟🎉🌟🌟 | 杂货礼品￥119/人 | 4.9 | 点评榜单 | 中山公园/江苏路杂货礼品好评榜第7名,ocr/input_videos\上海__长宁来福士__20260825.mp4
OBS-000810,长宁来福士,西塔星球,西塔星球,零食,3.9,46,B1,rated,True,,rated,parsed,rating_anchor,0.9689,0.9999,56,7428,126.921,🌟🌟⭐3.9 | B1 | 零食￥46/人,西塔星球 | 🌟🌟⭐3.9 | B1 | 零食￥46/人 | ? | 0 | ThetaStar'西塔星球,ocr/input_videos\上海__长宁来福士__20260825.mp4
OBS-000811,长宁来福士,轻遇三明治,轻遇三明治,西式快餐,3.6,,商场内,rated,True,,rated,parsed,rating_anchor,0.9993,0.9997,56,7428,126.921,🌟★⭐🌟⭐ | 商场内 | 西式快餐 | 3.6,轻遇三明治 | 🌟★⭐🌟⭐ | 商场内 | 西式快餐 | 3.6,ocr/input_videos\上海__长宁来福士__20260825.mp4
OBS-000812,长宁来福士,白菜花坊,白菜花坊,花店,3.5,,B1,rated,True,,rated,parsed,rating_anchor,0.9988,0.9993,57,7428,126.921,花店 | 🌟🌟🌟🌟🌟 | B1 | 3.5,白菜花坊 | 花店 | 🌟🌟🌟🌟🌟 | B1 | 3.5 | 蓝色花束特别高级，材料新鲜” | ￥168￥228 | 下… | 惠 | 【9朵碎冰蓝玫瑰花束】,ocr/input_videos\上海__长宁来福士__20260825.mp4
OBS-000813,长宁来福士,BUTTER&FISH黄油&渔·黃油手..,BUTTER&FISH黄油&渔·黄油手,小吃,3.6,71,B1,rated,True,,rated,parsed,rating_anchor,0.9185,0.9001,61,7428,126.921,3.6小吃￥71/人 | B1,BUTTER&FISH黄油&渔·黃油手.. | 3.6小吃￥71/人 | B1,ocr/input_videos\上海__长宁来福士__20260825.mp4
OBS-000814,长宁来福士,布歌东京,布歌东京,甜品,4.4,148,B1,rated,True,,rated,parsed,rating_anchor,0.9708,0.9991,60,7428,126.921,🌟🌟⭐⭐ | B1 | 甜品￥148/人 | 4.4,布歌东京 | 石榴红提 | 🌟🌟⭐⭐ | B1 | 甜品￥148/人 | 4.4 | 点评榜单 | 中山公园/江苏路甜品口味榜第3名,ocr/input_videos\上海__长宁来福士__20260825.mp4
OBS-000815,长宁来福士,结绳缘,结绳缘,杂货礼品,,119,2F,unknown,True,,ocr_missing,parsed,metadata_anchor,0.9763,0.9939,57,7428,126.921,2F | 杂货礼品￥119/人 | 🌟🌟🌟🌟🌟 | 14.9,结绳缘 | 2F | 杂货礼品￥119/人 | 🌟🌟🌟🌟🌟 | 14.9 | 点评榜单 | 中山公园/江苏路杂货礼品好评榜第7名,ocr/input_videos\上海__长宁来福士__20260825.mp4
OBS-000816,长宁来福士,白菜花坊,白菜花坊,花店,3.5,,B1,rated,True,,rated,parsed,rating_anchor,0.8974,0.9993,59,7500,128.151,★⭐3.5花店 | B1,白菜花坊 | ★⭐3.5花店 | B1 | 蓝色花束特别高级，材料新鲜 | “ | ￥168￥228 | 下. | 惠 | 【9朵碎冰蓝玫瑰花束】,ocr/input_videos\上海__长宁来福士__20260825.mp4
OBS-000817,长宁来福士,BUTTER&FISH黃油&渔·黃油手..,BUTTER&FISH黄油&渔·黄油手,小吃,3.6,71,B1,rated,True,,rated,parsed,rating_anchor,0.9072,0.8986,61,7500,128.151,3.6小吃￥71/人 | B1,BUTTER&FISH黃油&渔·黃油手.. | 3.6小吃￥71/人 | B1,ocr/input_videos\上海__长宁来福士__20260825.mp4
OBS-000818,长宁来福士,布歌东京,布歌东京,甜品,4.4,148,B1,rated,True,,rated,parsed,rating_anchor,0.9832,0.9991,57,7500,128.151,B1 | 🌟🌟🌟⭐ | 4.4甜品￥148/人 | 人,布歌东京 | 石榴红提 | B1 | 🌟🌟🌟⭐ | 4.4甜品￥148/人 | 人 | 点评榜单 | 中山公园/江苏路甜品口味榜第3名,ocr/input_videos\上海__长宁来福士__20260825.mp4
OBS-000819,长宁来福士,结绳缘,结绳缘,杂货礼品,4.9,119,2F,rated,True,,rated,parsed,rating_anchor,0.9787,0.9958,58,7500,128.151,杂货礼品￥119/人 | 2F | ★🌟★⭐🌟 | 4.9,结绳缘 | 杂货礼品￥119/人 | 2F | ★🌟★⭐🌟 | 4.9 | 点评榜单 | 中山公园/江苏路杂货礼品好评榜第7名 | 实物图更加好看，师傅搭配很专业”,ocr/input_videos\上海__长宁来福士__20260825.mp4
OBS-000820,长宁来福士,禛吉齋|香港涼果,禛吉斋|香港凉果,零食,3.1,113,B1,rated,True,,rated,parsed,rating_anchor,0.9413,0.9436,55,7500,128.151,3.1零食￥113/人 | B1,禛吉齋|香港涼果 | 只吉齋 | 3.1零食￥113/人 | B1,ocr/input_videos\上海__长宁来福士__20260825.mp4
OBS-000821,长宁来福士,喜鼎海胆水饺,喜鼎海胆水饺,海鲜,,249,1F,unknown,True,,ocr_missing,parsed,metadata_anchor,0.9729,0.999,52,7500,128.151,"1F,2F | 🌟★🌟★🌟 | 海鲜￥249/人 | 14.9","喜鼎海胆水饺 | 1F,2F | 🌟★🌟★🌟 | 海鲜￥249/人 | 14.9",ocr/input_videos\上海__长宁来福士__20260825.mp4
OBS-000822,长宁来福士,BUTTER&FISH黄油&渔·黃油手...,BUTTER&FISH黄油&渔·黄油手,小吃,3.6,71,B1,rated,True,,rated,parsed,rating_anchor,0.9081,0.8894,58,7512,128.356,3.6小吃￥71/人 | B1,BUTTER&FISH黄油&渔·黃油手... | 3.6小吃￥71/人 | B1,ocr/input_videos\上海__长宁来福士__20260825.mp4
OBS-000823,长宁来福士,布歌东京,布歌东京,甜品,4.4,148,B1,rated,True,,rated,parsed,rating_anchor,0.976,0.9991,56,7512,128.356,🌟🌟⭐⭐ | B1 | 甜品￥148/人 | 4.4,布歌东京 | 石榴红提 | 🌟🌟⭐⭐ | B1 | 甜品￥148/人 | 4.4 | 点评榜单 | 中山公园/江苏路甜品口味榜第3名,ocr/input_videos\上海__长宁来福士__20260825.mp4
OBS-000824,长宁来福士,结绳缘,结绳缘,杂货礼品,4.9,119,2F,rated,True,,rated,parsed,rating_anchor,0.9796,0.9951,55,7512,128.356,⭐4.9 | 2F | 杂货礼品￥119/人,结绳缘 | ⭐4.9 | 2F | 杂货礼品￥119/人 | 点评榜单 | 中山公园/江苏路杂货礼品好评榜第7名 | 实物图更加好看，师傅搭配很专业,ocr/input_videos\上海__长宁来福士__20260825.mp4
OBS-000825,长宁来福士,禛吉齋|香港涼果,禛吉斋|香港凉果,零食,3.1,113,B1,rated,True,,rated,parsed,rating_anchor,0.9351,0.96,57,7512,128.356,3.1零食￥113/人 | B1,禛吉齋|香港涼果 | 旗吉齋 | 3.1零食￥113/人 | B1,ocr/input_videos\上海__长宁来福士__20260825.mp4
OBS-000826,长宁来福士,喜鼎海胆水饺,喜鼎海胆水饺,海鲜,4.9,249,1F,rated,True,,rated,parsed,rating_anchor,0.973,0.9994,57,7512,128.356,"⭐🌟★★🌟4.9 | 1F,2F | 海鲜￥249/人","喜鼎海胆水饺 | 喜鼎 | ⭐🌟★★🌟4.9 | 1F,2F | 海鲜￥249/人 | 点评榜单 | 长宁区鱼鲜海鲜热门榜第1名 | 1D10 | 海胆水饺 | 17:00营业",ocr/input_videos\上海__长宁来福士__20260825.mp4
OBS-000827,长宁来福士,ogawa奧佳华,ogawa奥佳华,家用,3.7,17110,商场内,rated,True,,rated,parsed,rating_anchor,0.9817,0.9637,68,7512,128.356,🌟🌟🎉🌟🌟 | 家用 | ￥17110/人商场内 | 3.7,ogawa奧佳华 | 🌟🌟🎉🌟🌟 | 家用 | ￥17110/人商场内 | 3.7 | OGAW,ocr/input_videos\上海__长宁来福士__20260825.mp4
OBS-000828,长宁来福士,BUTTER&FISH黄油&渔·黄油手..,BUTTER&FISH黄油&渔·黄油手,小吃,3.6,71,B1,rated,True,,rated,parsed,rating_anchor,0.9265,0.9131,54,7560,129.176,3.6小吃￥71/人 | B1,BUTTER&FISH黄油&渔·黄油手.. | 3.6小吃￥71/人 | B1,ocr/input_videos\上海__长宁来福士__20260825.mp4
OBS-000829,长宁来福士,布歌东京,布歌东京,甜品,4.4,148,B1,rated,True,,rated,parsed,rating_anchor,0.9818,0.9991,56,7560,129.176,🌟🌟🌟🌟 | B1 | 4.4甜品￥148/人 | （,布歌东京 | 石榴红提 | 🌟🌟🌟🌟 | B1 | 4.4甜品￥148/人 | （ | 点评榜单 | 中山公园/江苏路甜品口味榜第3名,ocr/input_videos\上海__长宁来福士__20260825.mp4
OBS-000830,长宁来福士,结绳缘,结绳缘,杂货礼品,4.9,119,2F,rated,True,,rated,parsed,rating_anchor,0.9811,0.9951,58,7560,129.176,杂货礼品￥119/人 | 2F | 🌟🎉⭐4.9,结绳缘 | 杂货礼品￥119/人 | 2F | 🌟🎉⭐4.9 | 点评榜单 | 中山公园/江苏路杂货礼品好评榜第7名 | 实物图更加好看，师傅搭配很专业“ | C,ocr/input_videos\上海__长宁来福士__20260825.mp4
OBS-000831,长宁来福士,禛吉齋|香港涼果,禛吉斋|香港凉果,零食,3.1,113,B1,rated,True,,rated,parsed,rating_anchor,0.9433,0.9197,55,7560,129.176,3.1零食￥113/人 | ⭐🌟⭐ | B1,禛吉齋|香港涼果 | 旗吉齋 | LPAm | 3.1零食￥113/人 | ⭐🌟⭐ | B1,ocr/input_videos\上海__长宁来福士__20260825.mp4
OBS-000832,长宁来福士,喜鼎海胆水饺,喜鼎海胆水饺,海鲜,4.9,249,1F,rated,True,,rated,parsed,rating_anchor,0.9736,0.9988,52,7560,129.176,"1F,2F | 🌟🌟🌟🌟🌟 | 海鲜￥249/人 | 4.9","喜鼎海胆水饺 | 喜鼎 | 1F,2F | 🌟🌟🌟🌟🌟 | 海鲜￥249/人 | 4.9 | 点评榜单 | 长宁区鱼鲜海鲜热门榜第1名 | 1:Dr | 海胆水饺 | 17:00营业",ocr/input_videos\上海__长宁来福士__20260825.mp4
OBS-000833,长宁来福士,ogawa奧佳华,ogawa奥佳华,家用.,3.7,17110,商场内,rated,True,,rated,parsed,rating_anchor,0.9426,0.9632,66,7560,129.176,家用．￥17110/人商场内 | 🌟🌟🌟🌟🌟 | 3.7,ogawa奧佳华 | 家用．￥17110/人商场内 | 🌟🌟🌟🌟🌟 | 3.7 | OGAW | 奥佳华 | “按摩椅颜值在线，店长专业细致,ocr/input_videos\上海__长宁来福士__20260825.mp4
OBS-000834,长宁来福士,禛吉齋|香港涼果,禛吉斋|香港凉果,零食,3.1,113,B1,rated,True,,rated,parsed,rating_anchor,0.9153,0.9141,48,7656,130.816,🌟🌟⭐ | ★3.1零食￥113/人 | B1,禛吉齋 | 禛吉齋|香港涼果 | 🌟🌟⭐ | ★3.1零食￥113/人 | B1,ocr/input_videos\上海__长宁来福士__20260825.mp4
OBS-000835,长宁来福士,喜鼎海胆水饺,喜鼎海胆水饺,海鲜,4.9,249,1F,rated,True,,rated,parsed,rating_anchor,0.9769,0.9988,52,7656,130.816,"1F,2F | 🌟🌟🌟🌟🌟 | 海鲜￥249/人 | 4.9","喜鼎海胆水饺 | 喜鼎 | 1F,2F | 🌟🌟🌟🌟🌟 | 海鲜￥249/人 | 4.9 | 点评榜单 | 长宁区鱼鲜海鲜热门榜第1名 | XIDTXO | 海胆水饺 | 17:00营业",ocr/input_videos\上海__长宁来福士__20260825.mp4
OBS-000836,长宁来福士,ogawa奧佳华,ogawa奥佳华,家用,3.7,17110,商场内,rated,True,,rated,parsed,rating_anchor,0.981,0.9624,64,7656,130.816,⭐🌟3.7 | 家用 | ￥17110/人商场内,ogawa奧佳华 | ⭐🌟3.7 | 家用 | ￥17110/人商场内 | OGAW | 奥佳华 | “按摩椅颜值在线，店长专业细致,ocr/input_videos\上海__长宁来福士__20260825.mp4
OBS-000837,长宁来福士,小厨舟,小厨舟,湘菜,,,1F,unrated,False,explicitly_unrated,unrated,parsed,unrated_anchor,0.9288,0.8581,59,7656,130.816,湘菜 | ★★★★★ | 1F | 暂无星级,小厨舟 | 小厨舟： | 湘菜 | ★★★★★ | 1F | 暂无星级 | 海天新果心 | 三警四票轩春电 | 即将开业,ocr/input_videos\上海__长宁来福士__20260825.mp4
OBS-000838,长宁来福士,全家湃客咖啡,全家湃客咖啡,咖啡,,,1F,new_store,False,new_store,ocr_missing,parsed,metadata_anchor,0.9992,0.9984,55,7656,130.816,咖啡 | 新店 | 1F,全家湃客咖啡 | ZF | y-trt | 2 | 咖啡 | 新店 | 1F,ocr/input_videos\上海__长宁来福士__20260825.mp4
OBS-000839,长宁来福士,M6 SALON,M6SALON,美发,4.7,324,商场内,rated,True,,rated,parsed,rating_anchor,0.9684,0.9864,48,7656,130.816,🌟🌟🌟🌟🌟 | 商场内 | 美发￥324/人 | 4.7,M6 SALON | 🌟🌟🌟🌟🌟 | 商场内 | 美发￥324/人 | 4.7 | MSIX | 点评榜单 | HAIR SALON | 中山公园/江苏路美发热门榜第3名 | 超100万精致客户优选 | 短发剪得有型，环境舒适氛围好 | ￥125￥128 | 资深设计师|精致剪裁设... | 惠,ocr/input_videos\上海__长宁来福士__20260825.mp4
OBS-000840,长宁来福士,禛吉齋|香港涼果,禛吉斋|香港凉果,零食,3.1,113,B1,rated,True,,rated,parsed,rating_anchor,0.9223,0.9542,56,7668,131.021,⭐3.1零食￥113/人 | B1,禛吉齋|香港涼果 | 旗吉齋 | ⭐3.1零食￥113/人 | B1,ocr/input_videos\上海__长宁来福士__20260825.mp4
OBS-000841,长宁来福士,喜鼎海胆水饺,喜鼎海胆水饺,海鲜,4.9,249,1F,rated,True,,rated,parsed,rating_anchor,0.979,0.9993,57,7668,131.021,"🌟🌟⭐⭐🌟 | 1F,2F | 海鲜￥249/人 | 4.9","喜鼎海胆水饺 | 喜鼎 | 🌟🌟⭐⭐🌟 | 1F,2F | 海鲜￥249/人 | 4.9 | 点评榜单 | 长宁区鱼鲜海鲜热门榜第1名 | EIDIRO | 海胆水饺 | 17:00营业",ocr/input_videos\上海__长宁来福士__20260825.mp4
OBS-000842,长宁来福士,ogawa奥佳华,ogawa奥佳华,家用.,3.7,17110,商场内,rated,True,,rated,parsed,rating_anchor,0.8822,0.9561,63,7668,131.021,⭐⭐3.7 | 家用. | ￥17110/人商场内,ogawa奥佳华 | ⭐⭐3.7 | 家用. | ￥17110/人商场内 | OGAW | 奥佳华 | “按摩椅颜值在线，店长专业细致”,ocr/input_videos\上海__长宁来福士__20260825.mp4
OBS-000843,长宁来福士,小厨舟,小厨舟,湘菜,,,1F,unrated,False,explicitly_unrated,unrated,parsed,unrated_anchor,0.9612,0.9235,58,7668,131.021,湘菜 | 1F | 暂无星级 | ★★★★★,小厨舟 | 小厨舟： | 湘菜 | 1F | 暂无星级 | ★★★★★ | 每天新州 | 三餐阳录分色 | 即将开业,ocr/input_videos\上海__长宁来福士__20260825.mp4
OBS-000844,长宁来福士,全家湃客咖啡,全家湃客咖啡,咖啡,,,1F,new_store,False,new_store,ocr_missing,parsed,metadata_anchor,0.9992,0.9986,55,7668,131.021,新店 | 1F | 咖啡,"全家湃客咖啡 | 全F | yMarL | 新店 | 1F | 咖啡 | """,ocr/input_videos\上海__长宁来福士__20260825.mp4
OBS-000845,长宁来福士,M6 SALON,M6SALON,美发,4.7,324,商场内,rated,True,,rated,parsed,rating_anchor,0.9661,0.9771,50,7668,131.021,⭐🌟⭐🌟🌟 | 商场内 | 美发￥324/人 | 4.7,M6 SALON | ⭐🌟⭐🌟🌟 | 商场内 | M SIX | 美发￥324/人 | 4.7 | 点评榜单 | HAIR SALON | 中山公园/江苏路美发热门榜第3名 | “短发剪得有型，环境舒适氛围好” | 超100万精致客户优选 | ￥125￥128 | 惠 | 资深设计师|精致剪裁设...,ocr/input_videos\上海__长宁来福士__20260825.mp4
OBS-000846,长宁来福士,禛吉齋|香港涼果,禛吉斋|香港凉果,零食,3.1,113,B1,rated,True,,rated,parsed,rating_anchor,0.9476,0.9473,57,7692,131.432,3.1零食￥113/人 | B1,禛吉齋|香港涼果 | 禛吉齋 | 3.1零食￥113/人 | B1,ocr/input_videos\上海__长宁来福士__20260825.mp4
OBS-000847,长宁来福士,喜鼎海胆水饺,喜鼎海胆水饺,海鲜,4.9,249,1F,rated,True,,rated,parsed,rating_anchor,0.9726,0.9987,52,7692,131.432,"1F,2F | 🌟🌟🎉🌟🌟 | 海鲜￥249/人 | 4.9","喜鼎海胆水饺 | 喜鼎 | 1F,2F | 🌟🌟🎉🌟🌟 | 海鲜￥249/人 | 4.9 | 点评榜单 | 长宁区鱼鲜海鲜热门榜第1名 | EIDIXO | 海胆水饺 | 17:00营业",ocr/input_videos\上海__长宁来福士__20260825.mp4
OBS-000848,长宁来福士,ogawa奧佳华,ogawa奥佳华,家用.,3.7,17110,商场内,rated,True,,rated,parsed,rating_anchor,0.8822,0.9409,64,7692,131.432,家用. | ￥17110/人商场内 | 🌟🌟🌟🌟⭐ | 3.7,ogawa奧佳华 | 家用. | ￥17110/人商场内 | 🌟🌟🌟🌟⭐ | 3.7 | OGAW | 奥佳华 | “按摩椅颜值在线，店长专业细致”,ocr/input_videos\上海__长宁来福士__20260825.mp4
OBS-000849,长宁来福士,小厨舟,小厨舟,湘菜,,,1F,unrated,False,explicitly_unrated,unrated,parsed,unrated_anchor,0.9355,0.8719,58,7692,131.432,1F | 湘菜 | ★★★★★ | 暂无星级,小厨舟 | 小厨舟： | 1F | 湘菜 | ★★★★★ | 暂无星级 | 每天新衫无 | 三餐阳票分元 | 即将开业,ocr/input_videos\上海__长宁来福士__20260825.mp4
OBS-000850,长宁来福士,全家湃客咖啡,全家湃客咖啡,咖啡,,,1F,new_store,False,new_store,ocr_missing,parsed,metadata_anchor,0.9993,0.9986,52,7692,131.432,1F | 咖啡 | 新店,全家湃客咖啡 | 全F | yMtnrL | 1 | 1F | 咖啡 | 新店 | t,ocr/input_videos\上海__长宁来福士__20260825.mp4
OBS-000851,长宁来福士,M6 SALON,M6SALON,美发,4.7,324,商场内,rated,True,,rated,parsed,rating_anchor,0.9364,0.9313,50,7692,131.432,商场内 | 🌟🌟🌟🌟🌟 | 美发￥324/人 | 4.7,M6 SALON | 商场内 | 🌟🌟🌟🌟🌟 | M SIX | 美发￥324/人 | 4.7 | HAIR SALON | 点评榜单 | 中山公园/江苏路美发热门榜第3名 | 超100万精致客户优选 | 短发剪得有型，环境舒适氛围好 | ￥125￥128 | 资深设计师|精致剪裁设... | 惠,ocr/input_videos\上海__长宁来福士__20260825.mp4
OBS-000852,长宁来福士,喜鼎海胆水饺,喜鼎海胆水饺,海鲜,4.9,249,1F,rated,True,,rated,parsed,rating_anchor,0.9732,0.9994,57,7716,131.842,"1F,2F | 🌟🌟🌟🌟🌟 | 海鲜￥249/人 | 4.9","喜鼎海胆水饺 | 喜鼎 | 1F,2F | 🌟🌟🌟🌟🌟 | 海鲜￥249/人 | 4.9 | 点评榜单 | 长宁区鱼鲜海鲜热门榜第1名 | XIDIKO | 海胆水饺 | 17:00营业",ocr/input_videos\上海__长宁来福士__20260825.mp4
OBS-000853,长宁来福士,ogawa奥佳华,ogawa奥佳华,家用.,3.7,17110,商场内,rated,True,,rated,parsed,rating_anchor,0.9362,0.9662,64,7716,131.842,家用．￥17110/人商场内 | 🌟🌟🌟🌟🌟 | 3.7,ogawa奥佳华 | 家用．￥17110/人商场内 | 🌟🌟🌟🌟🌟 | 3.7 | OGAW | 奥佳华 | “按摩椅颜值在线，店长专业细致”,ocr/input_videos\上海__长宁来福士__20260825.mp4
OBS-000854,长宁来福士,小厨舟,小厨舟,湘菜,,,1F,unrated,False,explicitly_unrated,unrated,parsed,unrated_anchor,0.9684,0.9377,57,7716,131.842,湘菜 | 1F | ★★★★★ | 暂无星级,小厨舟 | 小厨舟： | 湘菜 | 1F | ★★★★★ | 暂无星级 | 每天新元 | 三餐阳源封中 | 即将开业,ocr/input_videos\上海__长宁来福士__20260825.mp4
OBS-000855,长宁来福士,全家湃客咖啡,全家湃客咖啡,咖啡,,,1F,new_store,False,new_store,ocr_missing,parsed,metadata_anchor,0.9993,0.9987,51,7716,131.842,咖啡 | 新店 | 1F,全家湃客咖啡 | EFa | 全 | yTMArE | 咖啡 | 新店 | 1F,ocr/input_videos\上海__长宁来福士__20260825.mp4
OBS-000856,长宁来福士,M6 SALON,M6SALON,美发,4.7,324,商场内,rated,True,,rated,parsed,rating_anchor,0.9615,0.971,47,7716,131.842,商场内 | 🌟🌟🌟🌟🌟 | 美发￥324/人 | 4.7,M6 SALON | 商场内 | 🌟🌟🌟🌟🌟 | MSIX | 美发￥324/人 | 4.7 | HAIR SALON | 点评榜单 | 中山公园/江苏路美发热门榜第3名 | 超100万精致客户优选 | 短发剪得有型，环境舒适氛围好 | ￥125￥128资深设计师|精致剪裁设.. | 惠,ocr/input_videos\上海__长宁来福士__20260825.mp4
OBS-000857,长宁来福士,蛋白轻医美,蛋白轻医美,滋补品,,,6F,unrated,False,explicitly_unrated,unrated,parsed,unrated_anchor,0.9994,0.999,55,7716,131.842,6F | 暂无星级 | 滋补品 | ★★★★★,蛋白轻医美 | 4 | 6F | 0 | 暂无星级 | 滋补品 | ★★★★★ | LRH,ocr/input_videos\上海__长宁来福士__20260825.mp4
OBS-000858,长宁来福士,全家湃客咖啡,全家湃客咖啡,咖啡,,,1F,new_store,False,new_store,ocr_missing,parsed,metadata_anchor,0.9994,0.999,52,7764,132.662,咖啡 | 新店 | 1F,全家湃客咖啡 | 山售 | 全 | yMart | 咖啡 | 新店 | 1F,ocr/input_videos\上海__长宁来福士__20260825.mp4
OBS-000859,长宁来福士,M6 SALON,M6SALON,美发,4.7,324,商场内,rated,True,,rated,parsed,rating_anchor,0.9593,0.9815,48,7764,132.662,商场内 | 🌟🌟🌟🌟🌟 | 美发￥324/人 | 4.7,M6 SALON | 商场内 | 🌟🌟🌟🌟🌟 | MSIX | 美发￥324/人 | 4.7 | 点评榜单 | HAIR SALON | 中山公园/江苏路美发热门榜第3名 | 短发剪得有型，环境舒适氛围好 | 超100万精致客户优选 | ￥125￥128资深设计师|精致剪裁设... | 惠,ocr/input_videos\上海__长宁来福士__20260825.mp4
OBS-000860,长宁来福士,蛋白轻医美,蛋白轻医美,滋补品,,,6F,unrated,False,explicitly_unrated,unrated,parsed,unrated_anchor,0.9994,0.999,58,7764,132.662,滋补品 | 6F | ★★★★★ | 暂无星级,蛋白轻医美 | 滋补品 | 6F | ★★★★★ | 暂无星级 | 1ATO:M | 开业在 | 5001,ocr/input_videos\上海__长宁来福士__20260825.mp4
OBS-000861,长宁来福士,必瘦站,必瘦站,瘦身纤体,3.2,72,商场内,rated,True,,rated,parsed,rating_anchor,0.9787,0.9977,57,7764,132.662,商场内 | ⭐🌟⭐ | 瘦身纤体￥72/人 | 3.2,必瘦站 | dtf ren s | 瘦 | 商场内 | ⭐🌟⭐ | 瘦身纤体￥72/人 | 3.2 | 点评榜单 | 长宁区瘦身纤体热门榜第9名 | PERFECT SHAPE | 上集团·信心保证 | 服务贴心无推销，美容师专业温柔” | 9 | 定 | 制 | 科 | 票 | 量 | 页,ocr/input_videos\上海__长宁来福士__20260825.mp4
OBS-000862,长宁来福士,ROOKIE,ROOKIE,儿童服饰,3.6,535,商场内,rated,True,,rated,parsed,rating_anchor,0.9801,0.9991,48,7764,132.662,🌟🌟🌟🌟🌟 | 3.6儿童服饰￥535/人 | 商场内,ROOKIE | 🌟🌟🌟🌟🌟 | 3.6儿童服饰￥535/人 | 商场内,ocr/input_videos\上海__长宁来福士__20260825.mp4
OBS-000863,长宁来福士,moodytiger,moodytiger,儿童服饰,3.8,,1F,rated,True,,rated,parsed,rating_anchor,0.9996,0.9995,67,7764,132.662,🌟🌟🌟💥🌟 | 1F | 儿童服饰 | 3.8,moodytiger | 🌟🌟🌟💥🌟 | 1F | 儿童服饰 | 3.8 | moodytiger | 科技面料提升舒适度， | 设计美学提升质感 | S,ocr/input_videos\上海__长宁来福士__20260825.mp4
OBS-000864,长宁来福士,全家湃客咖啡,全家湃客咖啡,咖啡,,,1F,new_store,False,new_store,ocr_missing,parsed,metadata_anchor,0.9993,0.9987,57,7788,133.072,新店 | 咖啡 | 1F,全家湃客咖啡 | KFAR | 全 | yMart | 新店 | 咖啡 | 1F | 311,ocr/input_videos\上海__长宁来福士__20260825.mp4
OBS-000865,长宁来福士,M6 SALON,M6SALON,美发,4.7,324,商场内,rated,True,,rated,parsed,rating_anchor,0.9624,0.9844,48,7788,133.072,商场内 | 🌟🌟🎉🌟🌟 | 美发￥324/人 | 4.7,M6 SALON | 商场内 | 🌟🌟🎉🌟🌟 | MSIX | 美发￥324/人 | 4.7 | 点评榜单 | HAIR SALON | 中山公园/江苏路美发热门榜第3名 | 短发剪得有型，环境舒适氛围好” | 超100万精致客户优选 | ￥125 | 资深设计师|精致剪裁设... | 惠 | ￥128,ocr/input_videos\上海__长宁来福士__20260825.mp4
OBS-000866,长宁来福士,蛋白轻医美,蛋白轻医美,滋补品,,,6F,unrated,False,explicitly_unrated,unrated,parsed,unrated_anchor,0.9996,0.9995,55,7788,133.072,6F | ★★★★★ | 滋补品 | 暂无星级,蛋白轻医美 | 6F | ★★★★★ | 滋补品 | 暂无星级 | INF:M | 2 | EAL | 开业 | 500m,ocr/input_videos\上海__长宁来福士__20260825.mp4
OBS-000867,长宁来福士,必瘦站,必瘦站,瘦身纤体,3.2,72,商场内,rated,True,,rated,parsed,rating_anchor,0.9887,0.9981,62,7788,133.072,商场内 | 🌟🌟⭐ | 3.2瘦身纤体￥72/人 | ⭐🌟,必瘦站 | tf rn fs | 瘦 | 商场内 | 🌟🌟⭐ | 3.2瘦身纤体￥72/人 | ⭐🌟 | 点评榜单 | 长宁区瘦身纤体热门榜第9名 | PERFECT SHAPE | 上市集团·信心保证 | 服务贴心无推销，美容师专业温柔 | 5 | 科 | 夏 | 日 | 9 | X | 2,ocr/input_videos\上海__长宁来福士__20260825.mp4
OBS-000868,长宁来福士,ROOKIE,ROOKIE,儿童服饰,3.6,535,商场内,rated,True,,rated,parsed,rating_anchor,0.9875,0.9991,48,7788,133.072,★🌟★🌟★ | 商场内 | 3.6儿童服饰￥535/人,ROOKIE | ★🌟★🌟★ | 商场内 | 3.6儿童服饰￥535/人,ocr/input_videos\上海__长宁来福士__20260825.mp4
OBS-000869,长宁来福士,moodytiger,moodytiger,儿童服饰,3.8,,1F,rated,True,,rated,parsed,rating_anchor,0.9996,0.9996,66,7788,133.072,🌟🌟🌟🌟🌟 | 1F | 儿童服饰 | 3.8,moodytiger | 🌟🌟🌟🌟🌟 | 1F | 儿童服饰 | 3.8 | moodytiger | 科技面料提升舒适度， | 设计美学提升质感,ocr/input_videos\上海__长宁来福士__20260825.mp4
OBS-000870,长宁来福士,M6 SALON,M6SALON,美发,4.7,324,商场内,rated,True,,rated,parsed,rating_anchor,0.967,0.9841,48,7812,133.482,商场内 | 🌟🌟⭐🌟 | 美发￥324/人 | 4.7,M6 SALON | 商场内 | 🌟🌟⭐🌟 | 美发￥324/人 | MSIX | 4.7 | HAIR SALON | 点评榜单 | 中山公园/江苏路美发热门榜第3名 | 超100万精致客户优选 | 短发剪得有型，环境舒适氛围好 | ￥125￥128 | 资深设计师|精致剪裁设... | 惠,ocr/input_videos\上海__长宁来福士__20260825.mp4
OBS-000871,长宁来福士,蛋白轻医美,蛋白轻医美,滋补品,,,6F,unrated,False,explicitly_unrated,unrated,parsed,unrated_anchor,0.9997,0.9995,56,7812,133.482,滋补品 | 6F | ★★★★★ | 暂无星级,蛋白轻医美 | 2 | 滋补品 | 6F | ★★★★★ | 暂无星级 | 1NH:M | 开业 | 5001,ocr/input_videos\上海__长宁来福士__20260825.mp4
OBS-000872,长宁来福士,必瘦站,必瘦站,瘦身纤体,3.2,72,商场内,rated,True,,rated,parsed,rating_anchor,0.9815,0.9981,58,7812,133.482,⭐🌟 | 商场内 | 3.2 | 瘦身纤体￥72/人 | ★,By n | 必瘦站 | 瘦 | ⭐🌟 | 商场内 | 3.2 | 瘦身纤体￥72/人 | ★ | 点评榜单 | 长宁区瘦身纤体热门榜第9名 | PERFECT SHAPE | 上串集团·信心保证 | 服务贴心无推销，美容师专业温柔 | “ | 2 | 9 | 定 | 制 | 科 | 页 | 0 | 0,ocr/input_videos\上海__长宁来福士__20260825.mp4
OBS-000873,长宁来福士,ROOKIE,ROOKIE,儿童服饰,3.6,535,商场内,rated,True,,rated,parsed,rating_anchor,0.9809,0.9988,49,7812,133.482,3.6儿童服饰￥535/人 | 商场内,ROOKIE | 3.6儿童服饰￥535/人 | 商场内,ocr/input_videos\上海__长宁来福士__20260825.mp4
OBS-000874,长宁来福士,moodytiger,moodytiger,儿童服饰,3.8,,1F,rated,True,,rated,parsed,rating_anchor,0.9995,0.9994,58,7812,133.482,1F | 🌟🌟🌟🌟🌟 | 儿童服饰 | 3.8,moodytiger | 1F | 🌟🌟🌟🌟🌟 | 儿童服饰 | 3.8 | moodytiger | “科技面料提升舒适度，设计美学提升质感”,ocr/input_videos\上海__长宁来福士__20260825.mp4
OBS-000875,长宁来福士,GANO HAIR,GANOHAIR,美发,4.6,403,3F,rated,True,,rated,parsed,rating_anchor,0.9721,0.9483,44,7812,133.482,3F | 4.6美发 | ￥403/人,GANO HAIR | 3F | 4.6美发 | ￥403/人,ocr/input_videos\上海__长宁来福士__20260825.mp4
OBS-000876,长宁来福士,必瘦站,必瘦站,瘦身纤体,3.2,72,商场内,rated,True,,rated,parsed,rating_anchor,0.9797,0.9978,61,7848,134.097,商场内 | 🌟🌟🌟 | 3.2 | 瘦身纤体￥72/人,必瘦站 | cety ren fa | 瘦 | 商场内 | 🌟🌟🌟 | 3.2 | 瘦身纤体￥72/人 | 点评榜单 | 长宁区瘦身纤体热门榜第9名 | PERFECT SHAPE | 上事集团·信心保证 | 服务贴心无推销，美容师专业温柔 | 身定制 | 国,ocr/input_videos\上海__长宁来福士__20260825.mp4
OBS-000877,长宁来福士,ROOKIE,ROOKIE,儿童服饰,3.6,535,商场内,rated,True,,rated,parsed,rating_anchor,0.9842,0.9993,50,7848,134.097,3.6儿童服饰￥535/人 | 商场内,ROOKIE | 3.6儿童服饰￥535/人 | 商场内,ocr/input_videos\上海__长宁来福士__20260825.mp4
OBS-000878,长宁来福士,moodytiger,moodytiger,儿童服饰,3.8,,1F,rated,True,,rated,parsed,rating_anchor,0.9991,0.9994,65,7848,134.097,🌟🌟🌟🌟⭐ | 3.8儿童服饰 | 1F,moodytiger | 🌟🌟🌟🌟⭐ | 3.8儿童服饰 | 1F | moodytiger | 科技面料提升舒适度，设计美学提升质感,ocr/input_videos\上海__长宁来福士__20260825.mp4
OBS-000879,长宁来福士,GANO HAIR,GANOHAIR,美发,4.6,403,3F,rated,True,,rated,parsed,rating_anchor,0.9508,0.9623,45,7848,134.097,4.6美发￥403/人 | 3F,GANO HAIR | 4.6美发￥403/人 | 3F | 长宁区美发销量榜第1名 | 慢生活，拍照打卡好去处 | ≤ | 2 | ￥198 | ￥168 | 惠 | 8.6折 | 【开学季专享】精..,ocr/input_videos\上海__长宁来福士__20260825.mp4
OBS-000880,长宁来福士,Tommy Hilfiger,TommyHilfiger,服饰..,4.0,1156,商场内,rated,True,,rated,parsed,rating_anchor,0.9517,0.997,57,7848,134.097,4.0服饰.. | ⭐🌟⭐⭐⭐ | ￥1156/人商场内,Tommy Hilfiger | TOMMY | 4.0服饰.. | ⭐🌟⭐⭐⭐ | ￥1156/人商场内 | 干净明亮，拍照打卡好去处” | H I L F I G E R,ocr/input_videos\上海__长宁来福士__20260825.mp4
OBS-000881,长宁来福士,NKIDS亲子剪发沙龙,NKIDS亲子剪发沙龙,美发,3.8,116,商场内,rated,True,,rated,parsed,rating_anchor,0.9664,0.998,51,7848,134.097,3.8美发￥116/人 | 商场内,NKIDS亲子剪发沙龙 | Hair | 3.8美发￥116/人 | 商场内 | CrQvlg | E Iery ypete,ocr/input_videos\上海__长宁来福士__20260825.mp4
OBS-000882,长宁来福士,ROOKIE,ROOKIE,儿童服饰,3.6,535,商场内,rated,True,,rated,parsed,rating_anchor,0.9822,0.999,56,7896,134.917,3.6儿童服饰￥535/人 | 商场内,ROOKIE | 3.6儿童服饰￥535/人 | 商场内,ocr/input_videos\上海__长宁来福士__20260825.mp4
OBS-000883,长宁来福士,moodytiger,moodytiger,儿童服饰,3.8,,1F,rated,True,,rated,parsed,rating_anchor,0.9973,0.9994,67,7896,134.917,🌟🌟🌟🌟🌟 | 1F | 3.8儿童服饰,moodytiger | 🌟🌟🌟🌟🌟 | 1F | 3.8儿童服饰 | moodytiger | 科技面料提升舒适度，设计美学提升质感 | “,ocr/input_videos\上海__长宁来福士__20260825.mp4
OBS-000884,长宁来福士,GANO HAIR,GANOHAIR,美发,4.6,403,3F,rated,True,,rated,parsed,rating_anchor,0.9659,0.9786,48,7896,134.917,3F | 美发￥403/人 | 🌟🌟🌟🌟🌟 | 4.6,GANO HAIR | 3F | 美发￥403/人 | 🌟🌟🌟🌟🌟 | 4.6 | 长宁区美发销量榜第1名 | 慢生活，拍照打卡好去处 | 《 | ￥198 | ￥1688.6折 | 【开学季专享】精... | 惠,ocr/input_videos\上海__长宁来福士__20260825.mp4
OBS-000885,长宁来福士,Tommy Hilfiger,TommyHilfiger,服饰...,4.0,1156,商场内,rated,True,,rated,parsed,rating_anchor,0.9429,0.994,57,7896,134.917,4.0服饰... | 🌟🌟⭐⭐ | ￥1156/人商场内 | ★,Tommy Hilfiger | TOMMY | 4.0服饰... | 🌟🌟⭐⭐ | ￥1156/人商场内 | ★ | 干净明亮，拍照打卡好去处” | HI LF I GER,ocr/input_videos\上海__长宁来福士__20260825.mp4
OBS-000886,长宁来福士,NKIDS亲子剪发沙龙,NKIDS亲子剪发沙龙,美发,3.8,116,商场内,rated,True,,rated,parsed,rating_anchor,0.9695,0.9983,54,7896,134.917,3.8美发￥116/人 | 商场内,NKIDS亲子剪发沙龙 | Hair | 3.8美发￥116/人 | 商场内 | Cra QF | Lglen Laory api | ￥128￥158儿童剪发 | 惠,ocr/input_videos\上海__长宁来福士__20260825.mp4
OBS-000887,长宁来福士,GANO HAIR,GANOHAIR,美发,4.6,403,3F,rated,True,,rated,parsed,rating_anchor,0.9676,0.9758,51,7932,135.532,3F | 🌟🌟🌟🌟🌟 | 美发￥403/人 | 4.6,GANO HAIR | 3F | 🌟🌟🌟🌟🌟 | 美发￥403/人 | 4.6 | 长宁区美发销量榜第1名 | 慢生活，拍照打卡好去处 | “ | ￥198 | ￥168 | 8.6折 | 惠 | 【开学季专享】精...,ocr/input_videos\上海__长宁来福士__20260825.mp4
OBS-000888,长宁来福士,Tommy Hilfiger,TommyHilfiger,服饰...,4.0,1156,商场内,rated,True,,rated,parsed,rating_anchor,0.94,0.9965,58,7932,135.532,4.0服饰... | ⭐🌟🌟⭐🌟 | ￥1156/人商场内,Tommy Hilfiger | T | M | M | 4.0服饰... | ⭐🌟🌟⭐🌟 | ￥1156/人商场内 | 干净明亮，拍照打卡好去处” | H I L F I G E R,ocr/input_videos\上海__长宁来福士__20260825.mp4
OBS-000889,长宁来福士,NKIDS亲子剪发沙龙,NKIDS亲子剪发沙龙,美发,3.8,116,商场内,rated,True,,rated,parsed,rating_anchor,0.9691,0.9985,53,7932,135.532,商场内 | 3.8美发￥116/人,NKIDS亲子剪发沙龙 | Hair | 商场内 | 3.8美发￥116/人 | crd Qvalieg | Ekghn aury Eoperemoe | ￥128￥158儿童剪发 | 惠,ocr/input_videos\上海__长宁来福士__20260825.mp4
OBS-000890,长宁来福士,恒生银行,恒生银行,营业网点,3.1,,,rated,True,,rated,parsed,rating_anchor,0.9771,0.9981,57,7932,135.532,⭐3.1营业网点,恒生银行 | 文银行 HANG SENGBANK | ⭐3.1营业网点 | 17:00休息,ocr/input_videos\上海__长宁来福士__20260825.mp4
OBS-000891,长宁来福士,TOOTS,TOOTS,眼镜店,3.5,,商场内,rated,True,,rated,parsed,rating_anchor,0.9943,0.998,54,7932,135.532,商场内 | 3.5眼镜店 | ⭐🌟🌟🌟,TOOTS | TTA | 商场内 | 3.5眼镜店 | ⭐🌟🌟🌟 | “推给皮肤易过敏的宝贝们，佩戴舒适感..,ocr/input_videos\上海__长宁来福士__20260825.mp4
OBS-000892,长宁来福士,索尼·SONY,索尼·SONY,数码...,4.8,5747,商场内,rated,True,,rated,parsed,rating_anchor,0.8654,0.9901,58,7932,135.532,🌟🌟⭐🌟4.8 | ￥5747/人商场内 | 数码...,索尼·SONY | SONY | 🌟🌟⭐🌟4.8 | ￥5747/人商场内 | 数码...,ocr/input_videos\上海__长宁来福士__20260825.mp4
OBS-000893,长宁来福士,GANO HAIR,GANOHAIR,美发,4.6,403,3F,rated,True,,rated,parsed,rating_anchor,0.9635,0.9781,48,7968,136.148,3F | 🌟🌟🌟🌟🌟 | 美发￥403/人 | 4.6,GANO HAIR | 3F | 🌟🌟🌟🌟🌟 | 美发￥403/人 | 4.6 | 长宁区美发销量榜第1名 | 慢生活，拍照打卡好去处” | ￥168 | ￥198 | 【开学季专享】精... | 8.6折 | 惠,ocr/input_videos\上海__长宁来福士__20260825.mp4
OBS-000894,长宁来福士,Tommy,Tommy,服饰...,4.0,1156,商场内,rated,True,,rated,parsed,rating_anchor,0.9157,0.9988,59,7968,136.148,🌟🌟🎉🎉 | 服饰... | ￥1156/人商场内 | 4.0 | ★,Hilfiger | Tommy | To | ＭＭ | 🌟🌟🎉🎉 | 服饰... | ￥1156/人商场内 | 4.0 | ★ | 干净明亮，拍照打卡好去处” | HＩＬＦＩＧEＲ,ocr/input_videos\上海__长宁来福士__20260825.mp4
OBS-000895,长宁来福士,NKIDS亲子剪发沙龙,NKIDS亲子剪发沙龙,美发,3.8,116,商场内,rated,True,,rated,parsed,rating_anchor,0.9728,0.9986,58,7968,136.148,商场内 | 3.8美发￥116/人,NKIDS亲子剪发沙龙 | Hair | 商场内 | 3.8美发￥116/人 | cna qealies | Eigln Lecsry apereace | ￥128￥158儿童剪发 | 惠,ocr/input_videos\上海__长宁来福士__20260825.mp4
OBS-000896,长宁来福士,恒生银行,恒生银行,营业网点,3.1,,,rated,True,,rated,parsed,rating_anchor,0.927,0.9819,57,7968,136.148,⭐⭐⭐⭐3.1 营业网点,恒生银行 | 恒全银行HANGSENG BANK | ⭐⭐⭐⭐3.1 营业网点 | 17:00休息,ocr/input_videos\上海__长宁来福士__20260825.mp4
OBS-000897,长宁来福士,TOOTS,TOOTS,眼镜店,3.5,,商场内,rated,True,,rated,parsed,rating_anchor,0.9951,0.9981,53,7968,136.148,商场内 | 🌟🌟🎉🌟⭐ | 眼镜店 | 3.5,TOOTS | 商场内 | 🌟🌟🎉🌟⭐ | 眼镜店 | 3.5 | 推给皮肤易过敏的宝贝们，佩戴舒适感. | 索尼·SONY | SONY,ocr/input_videos\上海__长宁来福士__20260825.mp4
OBS-000898,长宁来福士,Tommy Hilfiger,TommyHilfiger,服饰...,4.0,1156,商场内,rated,True,,rated,parsed,rating_anchor,0.9021,0.9777,60,8016,136.968,服饰... | 🌟🌟🌟🌟 | ￥1156/人商场内 | 4.0 | ★,Tommy Hilfiger | T | M | M | 。 | 服饰... | 🌟🌟🌟🌟 | ￥1156/人商场内 | 4.0 | ★ | 干净明亮，拍照打卡好去处” | H I L F I G E R,ocr/input_videos\上海__长宁来福士__20260825.mp4
OBS-000899,长宁来福士,NKIDS亲子剪发沙龙,NKIDS亲子剪发沙龙,美发,3.8,116,商场内,rated,True,,rated,parsed,rating_anchor,0.9711,0.9988,54,8016,136.968,商场内 | 3.8美发￥116/人,NKIDS亲子剪发沙龙 | Hair | 商场内 | 3.8美发￥116/人 | Cr9QFg | Lgi Lar Toperime | ￥128￥158儿童剪发 | 惠,ocr/input_videos\上海__长宁来福士__20260825.mp4
OBS-000900,长宁来福士,恒生银行,恒生银行,营业网点,3.1,,,rated,True,,rated,parsed,rating_anchor,0.9249,0.9887,56,8016,136.968,⭐⭐⭐⭐3.1营业网点,恒生银行 | 保生银行 HANGSENG BANK | ⭐⭐⭐⭐3.1营业网点 | 17:00休息,ocr/input_videos\上海__长宁来福士__20260825.mp4
OBS-000901,长宁来福士,TOOTS,TOOTS,眼镜店,3.5,,商场内,rated,True,,rated,parsed,rating_anchor,0.9988,0.9993,50,8016,136.968,眼镜店 | 商场内 | 🌟🌟🌟🌟🌟 | 3.5,TOOTS | 眼镜店 | 商场内 | 🌟🌟🌟🌟🌟 | 3.5 | “推给皮肤易过敏的宝贝们，佩戴舒适感..,ocr/input_videos\上海__长宁来福士__20260825.mp4
OBS-000902,长宁来福士,索尼·SONY,索尼·SONY,数码...,4.8,5747,商场内,rated,True,,rated,parsed,rating_anchor,0.8819,0.9937,55,8016,136.968,￥5747/人商场内 | 🌟🌟🎉🎉⭐4.8 | 数码...,索尼·SONY | SONY | ￥5747/人商场内 | 🌟🌟🎉🎉⭐4.8 | 数码... | “服务贴心，相机清理灰尘体验一级棒”,ocr/input_videos\上海__长宁来福士__20260825.mp4
OBS-000903,长宁来福士,Tommy Hilfiger,TommyHilfiger,服饰....,4.0,1156,商场内,rated,True,,rated,parsed,rating_anchor,0.9035,0.998,58,8052,137.583,服饰.... | 🌟🌟🌟🌟 | ￥1156/人商场内 | 4.0 | ★,Tommy Hilfiger | M | M | 。 | 服饰.... | 🌟🌟🌟🌟 | ￥1156/人商场内 | 4.0 | ★ | 干净明亮，拍照打卡好去处” | H I LF I G E R,ocr/input_videos\上海__长宁来福士__20260825.mp4
OBS-000904,长宁来福士,NKIDS亲子剪发沙龙,NKIDS亲子剪发沙龙,美发,3.8,116,商场内,rated,True,,rated,parsed,rating_anchor,0.9739,0.9984,56,8052,137.583,商场内 | 3.8美发￥116/人,NKIDS亲子剪发沙龙 | Hair | 商场内 | 3.8美发￥116/人 | Cr9QFg | Lgi Lar Toperime | ￥128￥158儿童剪发 | 惠,ocr/input_videos\上海__长宁来福士__20260825.mp4
OBS-000905,长宁来福士,恒生银行,恒生银行,营业网点,3.1,,,rated,True,,rated,parsed,rating_anchor,0.9141,0.9905,56,8052,137.583,⭐⭐⭐⭐3.1营业网点,恒生银行 | 便生集行HANGSENG BANK | ⭐⭐⭐⭐3.1营业网点 | 17:00休息,ocr/input_videos\上海__长宁来福士__20260825.mp4
OBS-000906,长宁来福士,TOOTS,TOOTS,眼镜店,3.5,,商场内,rated,True,,rated,parsed,rating_anchor,0.9985,0.999,49,8052,137.583,商场内 | 🌟🌟🌟🌟🌟 | 眼镜店 | 3.5,TOOTS | 商场内 | 🌟🌟🌟🌟🌟 | 眼镜店 | 3.5 | “推给皮肤易过敏的宝贝们，佩戴舒适感...,ocr/input_videos\上海__长宁来福士__20260825.mp4
OBS-000907,长宁来福士,索尼·SONY,索尼·SONY,数码...,4.8,5747,商场内,rated,True,,rated,parsed,rating_anchor,0.8929,0.993,55,8052,137.583,￥5747/人商场内 | 🌟🌟🎉🎉⭐4.8 | 数码...,索尼·SONY | SONY | ￥5747/人商场内 | 🌟🌟🎉🎉⭐4.8 | 数码... | “服务贴心，相机清理灰尘体验级棒” | 小米之家,ocr/input_videos\上海__长宁来福士__20260825.mp4
OBS-000908,长宁来福士,TOOTS,TOOTS,眼镜店,3.5,,商场内,rated,True,,rated,parsed,rating_anchor,0.9008,0.9991,50,8088,138.198,⭐⭐⭐⭐3.5眼镜店 | 商场内,TOOTS | ⭐⭐⭐⭐3.5眼镜店 | 商场内 | 推给皮肤易过敏的宝们，佩戴舒适感... | S,ocr/input_videos\上海__长宁来福士__20260825.mp4
OBS-000909,长宁来福士,索尼·SONY,索尼·SONY,数码,4.8,5747,商场内,rated,True,,rated,parsed,rating_anchor,0.9446,0.9892,54,8088,138.198,⭐4.8数码 | ￥5747/人商场内,索尼·SONY | SONY | ⭐4.8数码 | ￥5747/人商场内 | “服务贴心，相机清理灰尘体验级棒”,ocr/input_videos\上海__长宁来福士__20260825.mp4
OBS-000910,长宁来福士,小米之家,小米之家,数码产品,4.8,1421,B1,rated,True,,rated,parsed,rating_anchor,0.9746,0.9989,57,8088,138.198,4.8数码产品￥1421/人 | B1,小米之家 | MI | 4.8数码产品￥1421/人 | B1 | 品类齐全，照片打印机色彩饱和度高 | “ | ￥9.99￥11.1小米巨能写中性笔10支装 | 惠,ocr/input_videos\上海__长宁来福士__20260825.mp4
OBS-000911,长宁来福士,盒马配送站,盒马配送站,物流快递,3.7,154,商场内,rated,True,,rated,parsed,rating_anchor,0.981,0.9998,51,8088,138.198,⭐🌟🌟🌟🎉 | 商场内 | 3.7 | 物流快递￥154/人,盒马配送站 | 盒马鲜生 | ⭐🌟🌟🌟🎉 | 商场内 | 3.7 | 物流快递￥154/人,ocr/input_videos\上海__长宁来福士__20260825.mp4
OBS-000912,长宁来福士,模度模特·少儿形体培训·模特走秀,模度模特·少儿形体培训·模特走秀,主持表演/模特,4.6,,商场内,rated,True,,rated,parsed,rating_anchor,0.9346,0.9746,54,8088,138.198,商场内 | ⭐⭐4.6主持表演/模特,模菜 | 模度模特·少儿形体培训·模特走秀 | >)00L | TRNINIV | 专注少儿 | 商场内 | ⭐⭐4.6主持表演/模特 | 形体模特培训教学 | Mo | “课程有趣又专业，体态改善明显 | 模特特调 | 自信型活 | 无体改善 | 气质裂秀 | ￥29.9￥600 | 【3-17岁】青少儿形体改.. | 惠 | ￥100￥1000代金券 | 惠,ocr/input_videos\上海__长宁来福士__20260825.mp4
OBS-000913,长宁来福士,TOOTS,TOOTS,眼镜店,3.5,,商场内,rated,True,,rated,parsed,rating_anchor,0.9633,0.999,50,8100,138.403,⭐⭐3.5眼镜店 | 商场内,TOOTS | ⭐⭐3.5眼镜店 | 商场内 | 推给皮肤易过敏的宝贝们，佩戴舒适感...,ocr/input_videos\上海__长宁来福士__20260825.mp4
OBS-000914,长宁来福士,索尼·SONY,索尼·SONY,数码,4.8,5747,商场内,rated,True,,rated,parsed,rating_anchor,0.9629,0.9856,52,8100,138.403,⭐4.8数码 | ￥5747/人商场内,索尼·SONY | SONY | ⭐4.8数码 | ￥5747/人商场内 | 服务贴心，相机清理灰尘体验一级棒”,ocr/input_videos\上海__长宁来福士__20260825.mp4
OBS-000915,长宁来福士,小米之家,小米之家,数码产品,4.8,1421,B1,rated,True,,rated,parsed,rating_anchor,0.9816,0.999,57,8100,138.403,B1 | 4.8数码产品￥1421/人,小米之家 | MI | B1 | 4.8数码产品￥1421/人 | 品类齐全，照片打印机色彩饱和度高 | ≤ | ￥9.99￥11.1小米巨能写中性笔10支装 | 惠,ocr/input_videos\上海__长宁来福士__20260825.mp4
OBS-000916,长宁来福士,盒马配送站,盒马配送站,物流快递,3.7,154,商场内,rated,True,,rated,parsed,rating_anchor,0.9859,0.9998,51,8100,138.403,🌟🌟🌟🌟 | 商场内 | 物流快递￥154/人 | 3.7,盒马配送站 | 盒马鲜生 | F | 🌟🌟🌟🌟 | 商场内 | 物流快递￥154/人 | 3.7,ocr/input_videos\上海__长宁来福士__20260825.mp4
OBS-000917,长宁来福士,模度模特·少儿形体培训·模特走秀,模度模特·少儿形体培训·模特走秀,主持表演/模特,4.6,,商场内,rated,True,,rated,parsed,rating_anchor,0.9756,0.9771,55,8100,138.403,商场内 | 4.6主持表演/模特,模度模特·少儿形体培训·模特走秀 | 200Ce1. | 专注少儿 | 商场内 | 4.6主持表演/模特 | 形体模特培训教学 | Mo | “课程有趣又专业，体态改善明显 | 权转培训 | 自信型查 | 那体改养 | 气质升 | 【3-17岁】青少儿形体改... | ￥29.9￥600 | 惠 | ￥100￥1000代金券 | 惠,ocr/input_videos\上海__长宁来福士__20260825.mp4
OBS-000918,长宁来福士,小米之家,小米之家,数码产品,4.8,1421,B1,rated,True,,rated,parsed,rating_anchor,0.9822,0.9981,58,8148,139.223,4.8数码产品￥1421/人 | B1,小米之家 | 4.8数码产品￥1421/人 | B1 | MI | 品类齐全，照打印机色彩饱和度高 | “ | ￥9.99￥11.1小米巨能写中性笔10支装 | 惠,ocr/input_videos\上海__长宁来福士__20260825.mp4
OBS-000919,长宁来福士,盒马配送站,盒马配送站,物流快递,3.7,154,商场内,rated,True,,rated,parsed,rating_anchor,0.9793,0.9997,55,8148,139.223,商场内 | 🌟★🌟★3.7 | 物流快递￥154/人,盒马配送站 | 盒马鲜生 | 商场内 | 🌟★🌟★3.7 | 物流快递￥154/人,ocr/input_videos\上海__长宁来福士__20260825.mp4
OBS-000920,长宁来福士,模度模特·少儿形体培训·模特走秀,模度模特·少儿形体培训·模特走秀,主持表演/模特,4.6,,商场内,rated,True,,rated,parsed,rating_anchor,0.9727,0.9703,56,8148,139.223,4.6主持表演/模特 | 商场内,"模度模特·少儿形体培训·模特走秀 | 200001, | TRNXD | 专注少儿 | 4.6主持表演/模特 | 商场内 | 形体模特培训教学 | Mo | 课程有趣又专业，体态改善明显 | 2 | 视转培训 | 自信型造 | 气质 | 彩体改商 | ￥29.9￥600 | 【3-17岁】少形体改. | 惠 | ￥100￥1000代金券 | 惠",ocr/input_videos\上海__长宁来福士__20260825.mp4
OBS-000921,长宁来福士,美车堂,美车堂,美容洗车,4.4,144,B3,rated,True,,rated,parsed,rating_anchor,0.9874,0.9997,65,8148,139.223,🌟★★🌟 | B3 | 4.4美容洗车￥144/人,美车堂 | 🌟★★🌟 | B3 | 4.4美容洗车￥144/人 | CNRSONE | 美车堂 | 点评榜单 | 长宁区美容洗车好评榜第1名 | 洗车细节到位，服务贴心治愈 | ￥108￥138 | 【普通洗车】40分钟|全车. | 惠,ocr/input_videos\上海__长宁来福士__20260825.mp4
OBS-000922,长宁来福士,伊本造型,伊本造型,美发,4.2,259,商场内,rated,True,,rated,parsed,rating_anchor,0.984,0.9999,56,8148,139.223,🌟🌟💥🌟 | 商场内 | 4.2美发￥259/人 | ★,伊本造型 | 🌟🌟💥🌟 | 商场内 | 4.2美发￥259/人 | ★,ocr/input_videos\上海__长宁来福士__20260825.mp4
OBS-000923,长宁来福士,盒马配送站,盒马配送站,物流快递,3.7,154,商场内,rated,True,,rated,parsed,rating_anchor,0.9843,0.9998,52,8172,139.633,🌟🌟3.7 | 商场内 | 物流快递￥154/人,盒马配送站 | 盒马鲜生 | 🌟🌟3.7 | 商场内 | 物流快递￥154/人,ocr/input_videos\上海__长宁来福士__20260825.mp4
OBS-000924,长宁来福士,模度模特·少儿形体培训·模特走秀,模度模特·少儿形体培训·模特走秀,主持表演/模特,4.6,,商场内,rated,True,,rated,parsed,rating_anchor,0.9766,0.9664,50,8172,139.633,商场内 | 🌟🌟🌟⭐🌟 | 4.6 | 主持表演/模特,模度模特·少儿形体培训·模特走秀 | x900ex. | TAVIXISG | 专注少儿 | 商场内 | 🌟🌟🌟⭐🌟 | 4.6 | 主持表演/模特 | 形体模特培训教学 | Mo | 课程有趣又专业，体态改善明显 | 5 | 校转培调 | 自信酒造 | 形体改善 | 气质视 | ￥29.9￥600 | 【3-17岁】青少儿形体改... | 惠 | 惠 | ￥100￥1000代金券,ocr/input_videos\上海__长宁来福士__20260825.mp4
OBS-000925,长宁来福士,美车堂,美车堂,美容洗车,4.4,144,B3,rated,True,,rated,parsed,rating_anchor,0.9866,0.9999,58,8172,139.633,B3 | 🌟🌟★★ | 4.4美容洗车￥144/人,美车堂 | B3 | 🌟🌟★★ | 4.4美容洗车￥144/人 | CNRSONE | 美车堂 | 点评榜单 | 长宁区美容洗车好评榜第1名 | 洗车细节到位，服务贴心治愈 | ￥108￥138 | 惠 | 【普通洗车】40分钟|全车..,ocr/input_videos\上海__长宁来福士__20260825.mp4
OBS-000926,长宁来福士,伊本造型,伊本造型,美发,4.2,259,商场内,rated,True,,rated,parsed,rating_anchor,0.9869,1.0,53,8172,139.633,4.2美发￥259/人 | 商场内 | ⭐🌟🌟🌟 | -,伊本造型 | 4.2美发￥259/人 | 商场内 | ⭐🌟🌟🌟 | - | “造型感强，环境舒适音乐放松” | BEN伊本里 | AL | ￥1196.7折 | ￥180 | 【180设计师】设计... | 惠,ocr/input_videos\上海__长宁来福士__20260825.mp4
OBS-000927,长宁来福士,電力宠物百货千平独栋双层古建...,电力宠物百货千平独栋双层古建,宠物店,4.6,154,1F,rated,True,,rated,parsed,rating_anchor,0.953,0.9481,54,8172,139.633,1F | 🌟🌟🌟🌟🌟 | 4.6宠物店￥154/人,電力宠物百货千平独栋双层古建... | 1F | 🌟🌟🌟🌟🌟 | 4.6宠物店￥154/人 | 点评榜单 | 长宁区宠物店热门榜第1名 | 電力宠物百货 | 遛狗好去处，森林氧吧超舒适,ocr/input_videos\上海__长宁来福士__20260825.mp4
OBS-000928,长宁来福士,天干王,天干王,美容洗车,4.4,144,B3,rated,True,,rated,parsed,rating_anchor,0.8996,0.8296,37,8256,141.069,B3 | 🌟🌟🌟 | 4.4美容洗车￥144/人 | ★,天干王 | B3 | 🌟🌟🌟 | 4.4美容洗车￥144/人 | CNRSONE | ★ | 美车堂 | 点评榜单 | 长宁区美容洗车好评榜第1名 | 洗车细节到位，服务贴心治愈” | 公 | ￥108￥138 | 【普通洗车】40分钟|全车.. | 惠,ocr/input_videos\上海__长宁来福士__20260825.mp4
OBS-000929,长宁来福士,伊本造型,伊本造型,美发,4.2,259,商场内,rated,True,,rated,parsed,rating_anchor,0.9893,1.0,56,8256,141.069,商场内 | 🌟🌟⭐⭐ | 4.2美发￥259/人 | ★,伊本造型 | 商场内 | 🌟🌟⭐⭐ | 4.2美发￥259/人 | ★ | 造型感强，环境舒适音乐放松” | BEN伊本里 | SALON | ￥1196.7折 | ￥180 | 【180设计师】设计.. | 惠,ocr/input_videos\上海__长宁来福士__20260825.mp4
OBS-000930,长宁来福士,電力宠物百货干平独栋双层古建...,电力宠物百货干平独栋双层古建,宠物店,4.6,154,1F,rated,True,,rated,parsed,rating_anchor,0.9633,0.953,56,8256,141.069,1F | 🌟🌟🌟🌟🌟 | 4.6宠物店￥154/人,電力宠物百货干平独栋双层古建... | 1F | 🌟🌟🌟🌟🌟 | 4.6宠物店￥154/人 | 点评榜单 | 长宁区宠物店热门榜第1名 | 電力宠物百货 | 遛狗好去处，森林氧吧超舒适 | 9 | AEMY58 | ￥283 | ￥346短毛猫猫洗护(赠... | 9.9折 | 惠,ocr/input_videos\上海__长宁来福士__20260825.mp4
OBS-000931,长宁来福士,NAILOOK穿戴甲,NAILOOK穿戴甲,美甲,4.6,206,商场内,rated,True,,rated,parsed,rating_anchor,0.9767,0.9979,54,8256,141.069,★★🌟★ | 商场内 | 4.6美甲￥206/人,NAILOOK穿戴甲 | NAILOOK | ★★🌟★ | 商场内 | U | 4.6美甲￥206/人 | 给 | 提前选好款式，贴15分钟即可 | - | ￥369.5折 | ￥58 | 惠 | 【工作日】护理|果冻胶...,ocr/input_videos\上海__长宁来福士__20260825.mp4
OBS-000932,长宁来福士,Rolife若来(上海来福士店),Rolife若来(上海来福士店),杂货礼品,4.8,140,B1,rated,True,,rated,parsed,rating_anchor,0.9587,0.9652,54,8256,141.069,4.8杂货礼品￥140/人 | B1,Rolife若来(上海来福士店) | 4.8杂货礼品￥140/人 | B1 | Rolife若来 | 点评榜单 | 中山公园/江苏路杂货礼品好评榜第9名 | 元 | 中,ocr/input_videos\上海__长宁来福士__20260825.mp4
OBS-000933,长宁来福士,美车堂,美车堂,美容洗车,4.4,144,B3,rated,True,,rated,parsed,rating_anchor,0.9882,0.9999,58,8280,141.479,B3 | 🌟🌟🎉🌟 | 4.4美容洗车￥144/人,美车堂 | B3 | 🌟🌟🎉🌟 | 4.4美容洗车￥144/人 | CNRSONE | 美车堂 | 点评榜单 | 长宁区美容洗车好评榜第1名 | 洗车细节到位，服务贴心治愈 | 2 | C | ￥108￥138 | 【普通洗车】40分钟|全车... | 惠,ocr/input_videos\上海__长宁来福士__20260825.mp4
OBS-000934,长宁来福士,伊本造型,伊本造型,美发,4.2,259,商场内,rated,True,,rated,parsed,rating_anchor,0.9865,1.0,53,8280,141.479,商场内 | 🌟🌟⭐⭐ | 4.2美发￥259/人 | ★,伊本造型 | 商场内 | 🌟🌟⭐⭐ | 4.2美发￥259/人 | ★ | 造型感强，环境舒适音乐放松 | BEN伊本里 | SALO | ￥180 | 【180设计师】设计.. | ￥1196.7折 | 惠,ocr/input_videos\上海__长宁来福士__20260825.mp4
OBS-000935,长宁来福士,電力宠物百货千平独栋双层古建...,电力宠物百货千平独栋双层古建,宠物店,4.6,154,1F,rated,True,,rated,parsed,rating_anchor,0.9635,0.9561,54,8280,141.479,1F | 🌟🌟🎉🌟🌟 | 4.6宠物店￥154/人,電力宠物百货千平独栋双层古建... | 1F | 🌟🌟🎉🌟🌟 | 4.6宠物店￥154/人 | 点评榜单 | 长宁区宠物店热门榜第1名 | 電力宠物百货 | “遛狗好去处，森林氧吧超舒适 | PARTMEMY SSOSE | ￥2839.9折 | ￥346短毛猫猫洗护（赠. | 惠,ocr/input_videos\上海__长宁来福士__20260825.mp4
OBS-000936,长宁来福士,NAILOOK穿戴甲,NAILOOK穿戴甲,美甲,4.6,206,商场内,rated,True,,rated,parsed,rating_anchor,0.9582,0.9982,48,8280,141.479,4.6美甲￥206/人 | 商场内,NAILOOK | NAILOOK穿戴甲 | 4.6美甲￥206/人 | 商场内 | 提前选好款式，贴15分钟即可 | ￥369.5折 | ￥58 | 惠 | 【工作日】护理|果冻胶..,ocr/input_videos\上海__长宁来福士__20260825.mp4
OBS-000937,长宁来福士,Rolife若来(上海来福士店),Rolife若来(上海来福士店),杂货礼品,4.8,140,B1,rated,True,,rated,parsed,rating_anchor,0.9694,0.9792,53,8280,141.479,4.8杂货礼品￥140/人 | B1,Rolife若来(上海来福士店) | 4.8杂货礼品￥140/人 | B1 | Rolife若来 | 中山公园/江苏路杂货礼品好评榜第9名 | 点评榜单 | 进菜盟 | 生酒 | 酒,ocr/input_videos\上海__长宁来福士__20260825.mp4
OBS-000938,长宁来福士,伊本造型,伊本造型,美发,4.2,259,商场内,rated,True,,rated,parsed,rating_anchor,0.9849,1.0,56,8304,141.889,商场内 | ★🌟🌟⭐🌟 | 4.2美发￥259/人,伊本造型 | 商场内 | ★🌟🌟⭐🌟 | 4.2美发￥259/人 | “造型感强，环境舒适乐放松” | BEN伊本里 | SALO | ￥1196.7折 | ￥180 | 【180设计师】设计... | 惠,ocr/input_videos\上海__长宁来福士__20260825.mp4
OBS-000939,长宁来福士,電力宠物百货干平独栋双层古建...,电力宠物百货干平独栋双层古建,宠物店,4.6,154,1F,rated,True,,rated,parsed,rating_anchor,0.9535,0.9448,56,8304,141.889,4.6宠物店￥154/人 | 1F,電力宠物百货干平独栋双层古建... | 4.6宠物店￥154/人 | 1F | 点评榜单 | 长宁区宠物店热门榜第1名 | 電力宠物百货 | 遛狗好去处，森林氧吧超舒适 | DEL RETS DEIVUITMET ESOEE | ￥2839.9折 | ￥346短毛猫猫洗护（赠... | 惠,ocr/input_videos\上海__长宁来福士__20260825.mp4
OBS-000940,长宁来福士,NAILOOK穿戴甲,NAILOOK穿戴甲,美甲,4.6,206,商场内,rated,True,,rated,parsed,rating_anchor,0.9697,0.9786,51,8304,141.889,商场内 | 4.6美甲￥206/人 | 🌟🌟🌟🌟🌟,NAILOOK | NAILOOK穿戴甲 | 商场内 | p) | 4.6美甲￥206/人 | 🌟🌟🌟🌟🌟 | 4 | 提前选好款式，贴15分钟即可 | S | 址 | ￥369.5折 | ￥58 | 惠 | 【工作日】护理|果冻胶...,ocr/input_videos\上海__长宁来福士__20260825.mp4
OBS-000941,长宁来福士,Rolife若来(上海来福士店),Rolife若来(上海来福士店),杂货礼品,4.8,140,B1,rated,True,,rated,parsed,rating_anchor,0.9697,0.9819,54,8304,141.889,4.8杂货礼品￥140/人 | B1,Rolife若来(上海来福士店) | 4.8杂货礼品￥140/人 | B1 | Rolife若来 | 点评榜单 | 中山公园/江苏路杂货礼品好评榜第9名 | 欢痘业糖 | 迪理热 | ￥90￥100 | 「Rolife若来」夏日限定100.. | 惠,ocr/input_videos\上海__长宁来福士__20260825.mp4
OBS-000942,长宁来福士,電力宠物百货千平独栋双层古建...,电力宠物百货千平独栋双层古建,宠物店,4.6,154,1F,rated,True,,rated,parsed,rating_anchor,0.9473,0.9407,57,8340,142.504,4.6宠物店￥154/人 | 1F,電力宠物百货千平独栋双层古建... | 4.6宠物店￥154/人 | 1F | 点评榜单 | 长宁区宠物店热门榜第1名 | 電力宠物百货 | “遛狗好去处，森林氧吧超舒适 | 2 | DEL FETE DEIMARTMEHT EDOO | ￥2839.9折 | ￥346短毛猫猫洗护（赠. | 惠,ocr/input_videos\上海__长宁来福士__20260825.mp4
OBS-000943,长宁来福士,NAILOOK穿戴甲,NAILOOK穿戴甲,美甲,4.6,206,商场内,rated,True,,rated,parsed,rating_anchor,0.9643,0.9974,54,8340,142.504,商场内 | ⭐4.6美甲￥206/人,NAILOOK穿戴甲 | NAILOOK | 商场内 | ⭐4.6美甲￥206/人 | 提前选好款式，贴15分钟即可 | d | 惠￥369.5折 | ￥58 | 【工作日】护理|果冻胶..,ocr/input_videos\上海__长宁来福士__20260825.mp4
OBS-000944,长宁来福士,Rolife若来(上海来福士店),Rolife若来(上海来福士店),杂货礼品,4.8,140,B1,rated,True,,rated,parsed,rating_anchor,0.961,0.9597,51,8340,142.504,B1 | 4.8杂货礼品￥140/人,Rolife若来(上海来福士店) | B1 | 4.8杂货礼品￥140/人 | Rolife若来 | 点评榜单 | 迪理热 | 中山公园/江苏路杂货礼品好评榜第9名 | +欢症业 | 惠￥90￥100 | 「Rolife若来」夏日限定100...,ocr/input_videos\上海__长宁来福士__20260825.mp4
OBS-000945,长宁来福士,畹町,畹町,居家日用,4.7,54,B1,rated,True,,rated,parsed,rating_anchor,0.9624,0.9668,62,8340,142.504,B1 | 4.7居家日用￥54/人,畹町 | 畹町 | B1 | 4.7居家日用￥54/人 | 饰品做工超用心，款式多样满需求”,ocr/input_videos\上海__长宁来福士__20260825.mp4
OBS-000946,长宁来福士,K·1萌宠专售·洗护·恒温寄养,K·1萌宠专售·洗护·恒温寄养,宠物店,4.7,165,2F,rated,True,,rated,parsed,rating_anchor,0.9142,0.9406,50,8340,142.504,2F | ⭐⭐4.7宠物店￥165/人,K·1萌宠专售·洗护·恒温寄养 | K·1 Pet | 2F | ⭐⭐4.7宠物店￥165/人 | a | 点评榜单 | 中山公园/江苏路宠物店好评榜第4名 | 20 | 洗完猫咪香香软软，环境干净专业” | A | 白 | 0 | ae | ¥99购宠专享|一对答疑 | 惠￥11折,ocr/input_videos\上海__长宁来福士__20260825.mp4
OBS-000947,长宁来福士,NAILOOK穿戴甲,NAILOOK穿戴甲,美甲,4.6,206,商场内,rated,True,,rated,parsed,rating_anchor,0.9671,0.9974,55,8400,143.529,商场内 | 4.6美甲￥206/人,NAILOOK穿戴甲 | NAILOOK | 商场内 | 4.6美甲￥206/人 | “提前选好款式，贴15分钟即可 | 肚盛 | 环装美B | ￥369.5折 | ￥58 | 【工作日】护理|果冻胶. | 惠,ocr/input_videos\上海__长宁来福士__20260825.mp4
OBS-000948,长宁来福士,Rolife若来(上海来福士店),Rolife若来(上海来福士店),杂货礼品,4.8,140,B1,rated,True,,rated,parsed,rating_anchor,0.9608,0.9606,55,8400,143.529,B1 | 4.8杂货礼品￥140/人,Rolife若来(上海来福士店) | B1 | 4.8杂货礼品￥140/人 | Rolife若来 | 点评榜单 | 中山公园/江苏路杂货礼品好评榜第9名 | 理8： | ￥90￥100 | 「Rolife若来」夏日限定100... | 惠,ocr/input_videos\上海__长宁来福士__20260825.mp4
OBS-000949,长宁来福士,畹町,畹町,居家日用,4.7,54,B1,rated,True,,rated,parsed,rating_anchor,0.9317,0.9071,65,8400,143.529,4.7居家日用￥54/人 | B1,畹町 | 畹町 | 4.7居家日用￥54/人 | B1 | “饰品做工超用心，款式多样满足需求”,ocr/input_videos\上海__长宁来福士__20260825.mp4
OBS-000950,长宁来福士,K·1萌宠专售·洗护·恒温寄养,K·1萌宠专售·洗护·恒温寄养,宠物店,4.7,165,2F,rated,True,,rated,parsed,rating_anchor,0.9458,0.936,50,8400,143.529,2F | 4.7宠物店￥165/人,K·1萌宠专售·洗护·恒温寄养 | K·1 Pet | 2F | 4.7宠物店￥165/人 | IG | 点评榜单 | 中山公园/江苏路宠物店好评榜第4名 | 230: | 洗完猫咪香香软软，环境干净专业 | 国 | 品 | 金 | 2 | C | 1折 | ￥1 | ￥99 | 惠 | 购宠专享一一对一答疑,ocr/input_videos\上海__长宁来福士__20260825.mp4
OBS-000951,长宁来福士,Rolife若来(上海来福士店),Rolife若来(上海来福士店),杂货礼品,4.8,140,B1,rated,True,,rated,parsed,rating_anchor,0.95,0.9488,51,8448,144.349,4.8杂货礼品￥140/人 | B1,Rolife若来(上海来福士店) | 4.8杂货礼品￥140/人 | B1 | Rolife若来 | 点评榜单 | 中山公园/江苏路杂货礼品好评榜第9名 | 梦爱机： | 欢症 | 8 | ￥90￥100 | 「Rolife若来」夏日限定100.. | 惠,ocr/input_videos\上海__长宁来福士__20260825.mp4
OBS-000952,长宁来福士,畹町,畹町,居家日用,4.7,54,B1,rated,True,,rated,parsed,rating_anchor,0.9582,0.9621,61,8448,144.349,4.7居家日用￥54/人 | B1,畹町 | 4.7居家日用￥54/人 | B1 | 腕町 | 饰品做工超用心，款式多样满需求,ocr/input_videos\上海__长宁来福士__20260825.mp4
OBS-000953,长宁来福士,K·1萌宠专售·洗护·恒温寄养,K·1萌宠专售·洗护·恒温寄养,宠物店,4.7,165,2F,rated,True,,rated,parsed,rating_anchor,0.94,0.9548,51,8448,144.349,4.7宠物店￥165/人 | 2F,K·1萌宠专售·洗护·恒温寄养 | K·1 Pet | 4.7宠物店￥165/人 | 2F | Q | aa | 点评榜单 | 中山公园/江苏路宠物店好评榜第4名 | 20 | 洗完猫咪香香软软，环境干净专业 | 品 | ® | 1折 | ￥1 | 惠 | ￥99 | 购宠专享|一对一答疑,ocr/input_videos\上海__长宁来福士__20260825.mp4
OBS-000954,长宁来福士,智己汽车上海长宁来福士体验中心,智己汽车上海长宁来福士体验中心,4S店,,203750,商场内,unknown,True,,ocr_missing,parsed,metadata_anchor,0.962,0.9716,50,8448,144.349,3.64S店￥203750/人 | 商场内,"智己汽车上海长宁来福士体验中心 | "". | 智己LS9 | 3.64S店￥203750/人 | 商场内 | 上月院股大六屋 | 上泰权基价32.28万元程",ocr/input_videos\上海__长宁来福士__20260825.mp4
OBS-000955,长宁来福士,睿宝儿科·眼科·口腔,睿宝儿科·眼科·口腔,儿童医疗机构,4.5,,1F,rated,True,,rated,parsed,rating_anchor,0.9784,0.9777,51,8448,144.349,4.5儿童医疗机构 | 1F,睿宝儿科·眼科·口腔 | row | 4.5儿童医疗机构 | 1F | CHILD | FRIENDLY! | 省心疫苗套餐，医生超级有爱 | S | 儿量友好被宾门诊 | ￥1497.5折 | 【限工作日】儿童. | 惠 | ￥1370,ocr/input_videos\上海__长宁来福士__20260825.mp4
OBS-000956,长宁来福士,Rolife若来(上海来福士店),Rolife若来(上海来福士店),杂货礼品,4.8,140,B1,rated,True,,rated,parsed,rating_anchor,0.9697,0.983,54,8484,144.964,4.8杂货礼品￥140/人 | B1,Rolife若来(上海来福士店) | 4.8杂货礼品￥140/人 | B1 | Rolife若来 | 点评榜单 | 中山公园/江苏路杂货礼品好评榜第9名 | 光 | 1 | ￥90￥100 | 「Rolife若来」夏日限定100... | 惠,ocr/input_videos\上海__长宁来福士__20260825.mp4
OBS-000957,长宁来福士,畹町,畹町,居家日用,4.7,54,B1,rated,True,,rated,parsed,rating_anchor,0.9386,0.9269,61,8484,144.964,4.7居家日用￥54/人 | B1,畹町 | 4.7居家日用￥54/人 | 腕町 | B1 | 饰品做工超用心，款式多样满足需求”,ocr/input_videos\上海__长宁来福士__20260825.mp4
OBS-000958,长宁来福士,K·1萌宠专售·洗护·恒温寄养,K·1萌宠专售·洗护·恒温寄养,宠物店,4.7,165,2F,rated,True,,rated,parsed,rating_anchor,0.9408,0.9322,51,8484,144.964,2F | 4.7宠物店￥165/人,K·1萌宠专售·洗护·恒温寄养 | K·1 Pet | 2F | 4.7宠物店￥165/人 | E | aa | 点评榜单 | 中山公园/江苏路宠物店好评榜第4名 | 220 | 洗完猫咪香香软软，环境干净专业” | 国 | Q | 儿 | 1折 | ￥99购宠专享|一对一答疑 | ￥1 | 惠,ocr/input_videos\上海__长宁来福士__20260825.mp4
OBS-000959,长宁来福士,智己汽车上海长宁来福士体验中心,智己汽车上海长宁来福士体验中心,4S店,,203750,商场内,unknown,True,,ocr_missing,parsed,metadata_anchor,0.9692,0.9774,51,8484,144.964,3.64S店￥203750/人 | 商场内,智己汽车上海长宁来福士体验中心 | m. | 智己LS9 | 3.64S店￥203750/人 | 商场内 | 上月院双大穴屋 | 上积基的32.28万党站,ocr/input_videos\上海__长宁来福士__20260825.mp4
OBS-000960,长宁来福士,睿宝儿科·眼科·口腔,睿宝儿科·眼科·口腔,儿童医疗机构,4.5,,1F,rated,True,,rated,parsed,rating_anchor,0.9878,0.9834,54,8484,144.964,1F | 4.5儿童医疗机构,睿宝儿科·眼科·口腔 | O | 1F | 4.5儿童医疗机构 | CHILD | FRIENDLY! | 省心疫苗套餐，医生超级有爱 | 儿童友好微民门诊 | ￥1497.5折 | ￥1370 | 【限工作日】儿童. | 惠,ocr/input_videos\上海__长宁来福士__20260825.mp4
OBS-000961,长宁来福士,畹町,畹町,居家日用,4.7,54,B1,rated,True,,rated,parsed,rating_anchor,0.9355,0.9612,65,8508,145.374,⭐4.7居家日用￥54/人 | B1,畹町 | ⭐4.7居家日用￥54/人 | 腕町 | B1 | 饰品做工超用心，款式多样满需求,ocr/input_videos\上海__长宁来福士__20260825.mp4
OBS-000962,长宁来福士,K·1萌宠专售·洗护·恒温寄养,K·1萌宠专售·洗护·恒温寄养,宠物店,4.7,165,2F,rated,True,,rated,parsed,rating_anchor,0.9465,0.9449,50,8508,145.374,4.7宠物店￥165/人 | 2F,K·1萌宠专售·洗护·恒温寄养 | K·1 Pet | 4.7宠物店￥165/人 | 2F | 税 | aE1E | 点评榜单 | 中山公园/江苏路宠物店好评榜第4名 | 23. | 洗完猫咪香香软软，环境干净专业 | 2 | 金 | 2 | Q | 14 | 1折 | ￥1 | 惠 | ￥99贝 | 购宠专享|一对一答疑,ocr/input_videos\上海__长宁来福士__20260825.mp4
OBS-000963,长宁来福士,智己汽车上海长宁来福士体验中心,智己汽车上海长宁来福士体验中心,4S店,,203750,商场内,unknown,True,,ocr_missing,parsed,metadata_anchor,0.9714,0.9895,56,8508,145.374,3.64S店￥203750/人 | 商场内,"智己汽车上海长宁来福士体验中心 | "". | 智2LS9 | 3.64S店￥203750/人 | 商场内 | 上位段大六域 | 在电主） | 1极益032.28万元起",ocr/input_videos\上海__长宁来福士__20260825.mp4
OBS-000964,长宁来福士,睿宝儿科·眼科·口腔,睿宝儿科·眼科·口腔,儿童医疗机构,4.5,,1F,rated,True,,rated,parsed,rating_anchor,0.975,0.9809,51,8508,145.374,1F | 🌟🌟🎉🌟🌟 | 4.5儿童医疗机构,睿宝儿科·眼科·口腔 | PN | 1F | 🌟🌟🎉🌟🌟 | 4.5儿童医疗机构 | CHILD | FRIENDLY! | 省心疫苗套餐，医生超级有爱 | 儿量发好笑门诊 | ￥1497.5折 | ￥1370 | 惠 | 【限工作日】儿童..,ocr/input_videos\上海__长宁来福士__20260825.mp4
OBS-000965,长宁来福士,RY美甲美睫RAFFANIR,RY美甲美睫RAFFANIR,美甲,4.7,319,3F,rated,True,,rated,parsed,rating_anchor,0.9727,0.9988,48,8508,145.374,4.7美甲￥319/人 | 3F,WINTER | RY美甲美睫RAFFANIR | 修季新款搭配 | 4.7美甲￥319/人 | 3F | OOTD已上线 | 本 | 环境舒适，指甲美翻了 | “ | 赴冬票的第一场美甲 | ￥198￥358 | 【新客专享】日式精研手.. | 惠,ocr/input_videos\上海__长宁来福士__20260825.mp4
OBS-000966,长宁来福士,K·1萌宠专售·洗护·恒温寄养,K·1萌宠专售·洗护·恒温寄养,宠物店,4.7,165,2F,rated,True,,rated,parsed,rating_anchor,0.9345,0.9413,51,8532,145.784,2F | ⭐4.7宠物店￥165/人,K·1萌宠专售·洗护·恒温寄养 | K·1 Pet | 2F | ⭐4.7宠物店￥165/人 | 税 | 11 | 口 | 点评榜单 | 中山公园/江苏路宠物店好评榜第4名 | 738 | 洗完猫咪香香软软，环境干净专业 | 金 | Q | 1折 | ￥1 | ￥99购宠专享一一对一答疑 | 惠,ocr/input_videos\上海__长宁来福士__20260825.mp4
OBS-000967,长宁来福士,智己汽车上海长宁来福士体验中心,智己汽车上海长宁来福士体验中心,4S店,,203750,商场内,unknown,True,,ocr_missing,parsed,metadata_anchor,0.9736,0.9947,56,8532,145.784,商场内 | 3.64S店￥203750/人,"智己汽车上海长宁来福士体验中心 | "". | 智己LS9 | 商场内 | 3.64S店￥203750/人 | 上州隆载大六座 | 吉工） | 上极益032.28万元起",ocr/input_videos\上海__长宁来福士__20260825.mp4
OBS-000968,长宁来福士,睿宝儿科·眼科·口腔,睿宝儿科·眼科·口腔,儿童医疗机构,4.5,,1F,rated,True,,rated,parsed,rating_anchor,0.9907,0.9881,57,8532,145.784,4.5儿童医疗机构 | 1F,睿宝儿科·眼科·口腔 | ronoChuy | 理儿 | 4.5儿童医疗机构 | 1F | CHILD | FRIENDLY! | 省心疫苗套餐，医生超级有爱 | 儿亚发好微奖门诊 | ￥1497.5折 | ￥1370 | 惠 | 【限工作日】儿童..,ocr/input_videos\上海__长宁来福士__20260825.mp4
OBS-000969,长宁来福士,RY美甲美睫RAFFANIR,RY美甲美睫RAFFANIR,美甲,4.7,319,3F,rated,True,,rated,parsed,rating_anchor,0.9477,0.9985,48,8532,145.784,🌈4.7美甲￥319/人 | 3F,WINTER | RY美甲美睫RAFFANIR | 繁季新款搭配 | 🌈4.7美甲￥319/人 | 3F | OOTD已上线 | “环境舒适，指甲美翻了” | 沙 | 处务的第一场美甲 | ￥198￥358 | 惠 | 【新客专享】日式精研手..,ocr/input_videos\上海__长宁来福士__20260825.mp4
OBS-000970,长宁来福士,一撇一捺,一撇一捺,服饰鞋包,4.2,498,商场内,rated,True,,rated,parsed,rating_anchor,0.9839,0.9873,56,8532,145.784,🌟🌟🌟🌟 | 商场内 | 4.2服饰鞋包￥498/人 | ★,一撇一捺 | 🌟🌟🌟🌟 | 商场内 | 4.2服饰鞋包￥498/人 | ★ | 一缴一·时尚艺术珠宝 | 惠￥93￥100100代金券,ocr/input_videos\上海__长宁来福士__20260825.mp4
OBS-000971,长宁来福士,睿宝儿科·眼科·口腔,睿宝儿科·眼科·口腔,儿童医疗机构,4.5,,1F,rated,True,,rated,parsed,rating_anchor,0.9339,0.9835,54,8604,147.015,1F | ⭐✨4.5儿童医疗机构,睿宝儿科·眼科·口腔 | POP | 1F | ⭐✨4.5儿童医疗机构 | CHILD | FRIENDLY! | 省心疫苗套餐，医生超级有爱 | 《 | 儿亚发好微笑门诊 | ￥1370 | 惠￥1497.5折 | 【限工作日】儿童..,ocr/input_videos\上海__长宁来福士__20260825.mp4
OBS-000972,长宁来福士,RY美甲美睫RAFFANIR,RY美甲美睫RAFFANIR,美甲,4.7,319,3F,rated,True,,rated,parsed,rating_anchor,0.9698,0.9987,48,8604,147.015,4.7美甲￥319/人 | 3F,WINTER | RY美甲美睫RAFFANIR | 修季新款搭配 | 4.7美甲￥319/人 | 3F | OOTD已上线 | 环境舒适，指甲美翻了” | 处冬的第一场美甲 | ￥198￥358 | 惠 | 【新客专享】日式精研手...,ocr/input_videos\上海__长宁来福士__20260825.mp4
OBS-000973,长宁来福士,一撇一捺,一撇一捺,服饰鞋包,4.2,498,商场内,rated,True,,rated,parsed,rating_anchor,0.9788,0.9961,57,8604,147.015,4.2服饰鞋包￥498/人 | 商场内,一撇一捺 | 4.2服饰鞋包￥498/人 | 商场内 | 一缴一-时尚艺术珠宝 | ￥93￥100100代金券 | 惠,ocr/input_videos\上海__长宁来福士__20260825.mp4
OBS-000974,长宁来福士,PASSIONSKY铂森思伽西服定制,PASSIONSKY铂森思伽西服定制,西服,4.6,5615,商场内,rated,True,,rated,parsed,rating_anchor,0.8931,0.9877,57,8604,147.015,⭐⭐⭐⭐4.6西服 | ￥5615/人商场内,PASSIONSKY铂森思伽西服定制 | ⭐⭐⭐⭐4.6西服 | ￥5615/人商场内 | 点评榜单 | 长宁区西服定制好评榜第6名 | 服务专业细致，合身度完美 | ￥9.9￥9.9<关于我们>Passion sky | 惠,ocr/input_videos\上海__长宁来福士__20260825.mp4
OBS-000975,长宁来福士,良工巧匠·品牌改衣·鞋包奢护,良工巧匠·品牌改衣·鞋包奢护,裁缝改衣,4.8,191,3F,rated,True,,rated,parsed,rating_anchor,0.962,0.9786,56,8604,147.015,3F | 4.8裁缝改衣￥191/人,良工巧匠·品牌改衣·鞋包奢护 | 良工I匠 | 3F | 改衣找良工 | 4.8裁缝改衣￥191/人 | 奢护到巧匠 | 上海洗涤护理周边人气榜第1名 | X①(D Gx | “修复还原度，细看不易察觉” | 度请话 | 度羊照 | 外色副新,ocr/input_videos\上海__长宁来福士__20260825.mp4
OBS-000976,长宁来福士,一撇一捺,一撇一捺,服饰鞋包,4.2,498,商场内,rated,True,,rated,parsed,rating_anchor,0.9851,0.995,60,8664,148.04,🌟🌟🎉⭐⭐ | 4.2服饰鞋包￥498/人 | 商场内,一撇一捺 | 🌟🌟🎉⭐⭐ | 4.2服饰鞋包￥498/人 | 商场内 | 一一-时尚艺术珠里 | 惠￥93￥100100代金券,ocr/input_videos\上海__长宁来福士__20260825.mp4
OBS-000977,长宁来福士,PASSION SKY铂森思伽西服定制,PASSIONSKY铂森思伽西服定制,西服...,4.6,5615,商场内,rated,True,,rated,parsed,rating_anchor,0.8847,0.9714,50,8664,148.04,￥5615/人商场内 | 🌟🌟🎉🌟🌟 | 西服... | 4.6,PASSION SKY铂森思伽西服定制 | ￥5615/人商场内 | 🌟🌟🎉🌟🌟 | 西服... | 4.6 | 点评榜单 | 长宁区西服定制好评榜第6名 | 服务专业细致，合身度完美 | ￥9.9￥9.9<关于我们>Passion sky | 惠,ocr/input_videos\上海__长宁来福士__20260825.mp4
OBS-000978,长宁来福士,良工巧匠·品牌改衣·鞋包奢护,良工巧匠·品牌改衣·鞋包奢护,裁缝改衣,4.8,191,3F,rated,True,,rated,parsed,rating_anchor,0.9754,0.981,51,8664,148.04,3F | 4.8裁缝改衣￥191/人,良工巧匠·品牌改衣·鞋包奢护 | 良工I匠 | 3F | 4.8裁缝改衣￥191/人 | 改衣找良工 | 奢护到巧匠 | 上海洗涤护理周边人气榜第1名 | y | T | G | D | HEX | 6 | 修复还原度高，细看不易察觉 | 皮羊蒸养 | 玻请情 | 外口国新 | ￥168￥280鞋贴底贴掌加掌-前掌(限.. | 惠 | ￥160￥200代金券 | 惠,ocr/input_videos\上海__长宁来福士__20260825.mp4
OBS-000979,长宁来福士,丝芙兰Sephora,丝芙兰Sephora,化妆品,3.6,653,商场内,rated,True,,rated,parsed,rating_anchor,0.9713,0.9994,63,8664,148.04,商场内 | 3.6化妆品￥653/人,丝芙兰Sephora | 商场内 | 3.6化妆品￥653/人 | SEPHORA | 丝芙兰,ocr/input_videos\上海__长宁来福士__20260825.mp4
OBS-000980,长宁来福士,lululemon,lululemon,运动户外,,1433,1F,unknown,True,,ocr_missing,parsed,metadata_anchor,0.9819,0.9951,50,8664,148.04,"⭐🌟🎉🌟🌟 | 1F,2F | 运动户外￥1433/人 | 14.8","Ω | lululemon | ⭐🌟🎉🌟🌟 | 1F,2F | 运动户外￥1433/人 | 14.8 | 点评榜单 | 长宁区运动户外热门榜第2名 | 拍照打卡好去处，运动穿搭超有型",ocr/input_videos\上海__长宁来福士__20260825.mp4
OBS-000981,长宁来福士,PASSIONSKY铂森思伽西服定制,PASSIONSKY铂森思伽西服定制,5615/商场内,4.6,,商场内,rated,True,,rated,parsed,rating_anchor,0.9736,0.9961,51,8724,149.065,🌟🌟🌟🌟🌟 | ￥5615/商场内 | 西服... | 4.6,PASSIONSKY铂森思伽西服定制 | 🌟🌟🌟🌟🌟 | ￥5615/商场内 | 西服... | 4.6 | 点评榜单 | 长宁区西服定制好评榜第6名 | 服务专业细致，合身度完美 | ￥9.9￥9.9<关于我们>Passion sky | 惠,ocr/input_videos\上海__长宁来福士__20260825.mp4
OBS-000982,长宁来福士,良工巧匠·品牌改衣·鞋包奢护,良工巧匠·品牌改衣·鞋包奢护,裁缝改衣,4.8,191,3F,rated,True,,rated,parsed,rating_anchor,0.9722,0.9787,50,8724,149.065,🌟★4.8 | 3F | 裁缝改衣￥191/人,良工巧匠·品牌改衣·鞋包奢护 | 良工IS匠 | 🌟★4.8 | 3F | 改衣找良工 | 裁缝改衣￥191/人 | 奢护到巧匠 | 上海洗涤护理周边人气榜第1名 | Y(DG | 修复还原度高，细看不易察觉 | 实食请洁 | 外山新 | 夜弟蒸养 | ￥168￥280鞋贴底贴掌加掌-前掌（限... | 惠 | ￥160￥200代金券 | 惠,ocr/input_videos\上海__长宁来福士__20260825.mp4
OBS-000983,长宁来福士,丝芙兰Sephora,丝芙兰Sephora,化妆品,3.6,653,商场内,rated,True,,rated,parsed,rating_anchor,0.9703,0.9991,65,8724,149.065,商场内 | 3.6化妆品￥653/人,丝芙兰Sephora | 商场内 | 3.6化妆品￥653/人 | SEPHORA | 丝芙兰,ocr/input_videos\上海__长宁来福士__20260825.mp4
OBS-000984,长宁来福士,lululemon,lululemon,运动户外,4.8,1433,1F,rated,True,,rated,parsed,rating_anchor,0.9683,0.9899,50,8724,149.065,"4.8运动户外￥1433/人 | 1F,2F","Ω | lululemon | 4.8运动户外￥1433/人 | 1F,2F | 点评榜单 | 长宁区运动户外热门榜第2名 | 拍照打卡好去处，运动穿搭超有型",ocr/input_videos\上海__长宁来福士__20260825.mp4
OBS-000985,长宁来福士,L'PESH洛彼诗培育钻石,L'PESH洛彼诗培育钻石,综合珠宝首饰,4.2,,商场内,rated,True,,rated,parsed,rating_anchor,0.943,0.9662,53,8724,149.065,⭐4.2 综合珠宝首饰 | 商场内,L'PESH | L'PESH洛彼诗培育钻石 | 洛彼诗 | ⭐4.2 综合珠宝首饰 | 商场内 | “培育钻和天然钻化学成分模样，火… | 電力宠物公园,ocr/input_videos\上海__长宁来福士__20260825.mp4
OBS-000986,长宁来福士,良工巧匠·品牌改衣·鞋包奢护,良工巧匠·品牌改衣·鞋包奢护,裁缝改衣,,191,3F,unknown,True,,ocr_missing,parsed,metadata_anchor,0.9754,0.983,50,8736,149.27,3F | 🌟🌟🌟⭐🌟 | 裁缝改衣￥191/人 | 14.8,良工巧匠·品牌改衣·鞋包奢护 | 金 | 良工IS匠 | 3F | 🌟🌟🌟⭐🌟 | 改衣找良工 | 裁缝改衣￥191/人 | 14.8 | 奢护到巧匠 | 上海洗涤护理周边人气榜第1名 | () | X | 0 | 修复还原度高，细看不易察觉 | 3 | 夜羊蒸养 | 实请洁 | 补巴国新 | ￥168￥280鞋贴底贴掌加掌-前掌(限... | 惠 | ￥160￥200代金券 | 惠,ocr/input_videos\上海__长宁来福士__20260825.mp4
OBS-000987,长宁来福士,丝芙兰Sephora,丝芙兰Sephora,化妆品,3.6,653,商场内,rated,True,,rated,parsed,rating_anchor,0.9747,0.9995,58,8736,149.27,3.6化妆品￥653/人 | 商场内,丝芙兰Sephora | 3.6化妆品￥653/人 | 商场内 | SEPHORA | 丝芙兰,ocr/input_videos\上海__长宁来福士__20260825.mp4
OBS-000988,长宁来福士,lululemon,lululemon,运动户外,,1433,1F,unknown,True,,ocr_missing,parsed,metadata_anchor,0.9796,0.9945,48,8736,149.27,"1F,2F | ⭐🌟⭐🌟🌟 | 运动户外￥1433/人 | 14.8","Ω | lululemon | 1F,2F | ⭐🌟⭐🌟🌟 | 运动户外￥1433/人 | 14.8 | 点评榜单 | 长宁区运动户外热门榜第2名 | 拍照打卡好去处，运动穿搭超有型 | 3",ocr/input_videos\上海__长宁来福士__20260825.mp4
OBS-000989,长宁来福士,L'PESH洛彼诗培育钻石,L'PESH洛彼诗培育钻石,综合珠宝首饰,4.2,,商场内,rated,True,,rated,parsed,rating_anchor,0.9963,0.9936,53,8736,149.27,商场内 | 🌟🌟🌟🌟🌟 | 4.2综合珠宝首饰,L'PESH洛彼诗培育钻石 | L'PESH | 洛彼诗 | 商场内 | 🌟🌟🌟🌟🌟 | 4.2综合珠宝首饰 | “培育钻和天然钻化学成分模一样，火..,ocr/input_videos\上海__长宁来福士__20260825.mp4
OBS-000990,长宁来福士,電力宠物公园,电力宠物公园,宠物店,4.5,102,商场内,rated,True,,rated,parsed,rating_anchor,0.986,0.9992,52,8736,149.27,商场内 | 🌟🌟🌟⭐🌟 | 宠物店￥102/人 | 4.5,電力宠物公园 | 商场内 | 🌟🌟🌟⭐🌟 | 宠物店￥102/人 | 4.5 | 電力宠物 | 公園 | DGTETS | 点评榜单 | PARK | 长宁区宠物店热门榜第3名,ocr/input_videos\上海__长宁来福士__20260825.mp4
OBS-000991,长宁来福士,良工巧匠·品牌改衣·鞋包奢护,良工巧匠·品牌改衣·鞋包奢护,裁缝改衣,,191,3F,unknown,True,,ocr_missing,parsed,metadata_anchor,0.9728,0.982,52,8808,150.5,3F | 🌟🌟🌟⭐🌟 | 裁缝改衣￥191/人 | 14.8,良工巧匠·品牌改衣·鞋包奢护 | 金 | 良工IS匠 | 3F | 🌟🌟🌟⭐🌟 | 改衣找良工 | 裁缝改衣￥191/人 | 14.8 | 奢护到巧匠 | 上海洗涤护理周边人气榜第1名 | X | 百 | 修复还原度高，细看不易察觉 | 实请洁 | 补巴国新 | 皮弟速养 | ￥168￥280鞋贴底贴掌加掌-前掌（限.. | 惠 | ￥160￥200代金券 | 惠,ocr/input_videos\上海__长宁来福士__20260825.mp4
OBS-000992,长宁来福士,丝芙兰Sephora,丝芙兰Sephora,化妆品,3.6,653,商场内,rated,True,,rated,parsed,rating_anchor,0.9755,0.9995,57,8808,150.5,🌟🌟🌟🌟⭐ | 商场内 | 化妆品￥653/人 | 3.6,丝芙兰Sephora | 🌟🌟🌟🌟⭐ | 商场内 | 化妆品￥653/人 | 3.6 | SEPHORA | 丝芙兰,ocr/input_videos\上海__长宁来福士__20260825.mp4
OBS-000993,长宁来福士,lululemon,lululemon,运动户外,,1433,1F,unknown,True,,ocr_missing,parsed,metadata_anchor,0.9799,0.9951,47,8808,150.5,"1F,2F | 🌟🌟🌟🌟 | 运动户外￥1433/人 | 14.8","Ω | lululemon | 1F,2F | 🌟🌟🌟🌟 | 运动户外￥1433/人 | 14.8 | 点评榜单 | 长宁区运动户外热门榜第2名 | 拍照打卡好去处，运动穿搭超有型 | 3",ocr/input_videos\上海__长宁来福士__20260825.mp4
OBS-000994,长宁来福士,L'PESH洛彼诗培育钻石,L'PESH洛彼诗培育钻石,综合珠宝首饰,4.2,,商场内,rated,True,,rated,parsed,rating_anchor,0.9965,0.9955,53,8808,150.5,商场内 | 🌟🌟🌟🌟🌟 | 4.2综合珠宝首饰,L'PESH洛彼诗培育钻石 | L'PESH | 洛彼诗 | 商场内 | 🌟🌟🌟🌟🌟 | 4.2综合珠宝首饰 | “培育钻和天然钻化学成分一模一样，火.,ocr/input_videos\上海__长宁来福士__20260825.mp4
OBS-000995,长宁来福士,電力宠物公园,电力宠物公园,宠物店,4.5,102,商场内,rated,True,,rated,parsed,rating_anchor,0.9866,0.9993,52,8808,150.5,商场内 | 🌟🌟🌟⭐🌟 | 宠物店￥102/人 | 4.5,電力宠物公园 | 商场内 | 🌟🌟🌟⭐🌟 | 宠物店￥102/人 | 4.5 | 電力宏物 | 公園 | D ETS | 点评榜单 | PARK | 长宁区宠物店热门榜第3名 | 新东方学习规划 | 新东方 | 宇利巨航,ocr/input_videos\上海__长宁来福士__20260825.mp4
OBS-000996,长宁来福士,L'PESH洛彼诗培育钻石,L'PESH洛彼诗培育钻石,综合珠宝首饰,4.2,,商场内,rated,True,,rated,parsed,rating_anchor,0.9836,0.9699,50,8844,151.116,商场内 | 🌟🌟🌟 | 4.2综合珠宝首饰 | ★,L'PESH | L'PESH洛彼诗培育钻石 | 洛彼诗 | 商场内 | 🌟🌟🌟 | 4.2综合珠宝首饰 | ★ | “培育钻和天然钻化学成分模样，火..,ocr/input_videos\上海__长宁来福士__20260825.mp4
OBS-000997,长宁来福士,電力宠物公园,电力宠物公园,宠物店,4.5,102,商场内,rated,True,,rated,parsed,rating_anchor,0.986,0.997,54,8844,151.116,商场内 | ★★★★★ | 4.5宠物店￥102/人,電力宠物公园 | 商场内 | ★★★★★ | 4.5宠物店￥102/人 | 電力宠物 | D公園 | 点评榜单 | 长宁区宠物店热门榜第3名,ocr/input_videos\上海__长宁来福士__20260825.mp4
OBS-000998,长宁来福士,新东方学习规划,新东方学习规划,课后辅导,4.1,,商场内,rated,True,,rated,parsed,rating_anchor,0.9916,0.9847,48,8844,151.116,🌟🌟⭐⭐ | 商场内 | 课后辅导 | 4.1,新东方学习规划 | 新东方 | 金秋后航 | 🌟🌟⭐⭐ | 商场内 | 课后辅导 | 4.1 | 赋能未来 | 点评榜单 | 中山公园/江苏路课后辅导热门榜第4名 | 一男一精品提读小橙调 | 装修新颖有氛围，上课方便 | G | p | 惠 | ￥9.9￥597全城6次课随心学|少游..,ocr/input_videos\上海__长宁来福士__20260825.mp4
OBS-000999,长宁来福士,Ms.Sue秘术工匠银饰DIY,Ms.Sue秘术工匠银饰DIY,DIY手...,4.7,215,商场内,rated,True,,rated,parsed,rating_anchor,0.9426,0.9952,44,8844,151.116,★★★★★ | 4.7DIY手... | ￥215/人商场内,6店同庆 | Ms.Sue秘术工匠银饰DIY | ★★★★★ | 4.7DIY手... | ￥215/人商场内 | 点评榜单 | 长宁区DIY手工坊热门榜第7名 | 0 | 低至5折起 | 环境干净整洁，节奏感特别惊艳 | 3 | ￥596 | ￥3968.2折 | 惠 | 【七夕节特惠/2枚】 | ￥10￥20代金券 | 惠,ocr/input_videos\上海__长宁来福士__20260825.mp4
OBS-001000,长宁来福士,阿迪达斯,阿迪达斯,运动户外,3.4,771,商场内,rated,True,,rated,parsed,rating_anchor,0.9811,0.9996,50,8844,151.116,🌟🌟🌟 | 商场内 | ★★ | 3.4运动户外￥771/人,阿迪达斯 | 🌟🌟🌟 | 商场内 | ★★ | 3.4运动户外￥771/人 | 迪尼联名包超可爱” | “新品款式多,ocr/input_videos\上海__长宁来福士__20260825.mp4
OBS-001001,长宁来福士,L'PESH洛彼诗培育钻石,L'PESH洛彼诗培育钻石,综合珠宝首饰,4.2,,商场内,rated,True,,rated,parsed,rating_anchor,0.9963,0.9965,49,8856,151.321,⭐🌟🌟⭐🌟 | 商场内 | 4.2综合珠宝首饰,L'PESH洛彼诗培育钻石 | L'PESH | 洛彼诗 | ⭐🌟🌟⭐🌟 | 商场内 | 4.2综合珠宝首饰 | “培育钻和天然钻化学成分模样，火.,ocr/input_videos\上海__长宁来福士__20260825.mp4
OBS-001002,长宁来福士,電力宠物公园,电力宠物公园,宠物店,4.5,102,商场内,rated,True,,rated,parsed,rating_anchor,0.9666,0.9988,54,8856,151.321,商场内 | ⭐4.5宠物店￥102/人,電力宠物公园 | 商场内 | ⭐4.5宠物店￥102/人 | 電力宏物 | 公图 | 点评榜单 | 长宁区宠物店热门榜第3名,ocr/input_videos\上海__长宁来福士__20260825.mp4
OBS-001003,长宁来福士,新东方学习规划,新东方学习规划,课后辅导,4.1,,商场内,rated,True,,rated,parsed,rating_anchor,0.9988,0.9979,54,8856,151.321,商场内 | 🌟🌟⭐🌟 | 4.1 | 课后辅导,新东方学习规划 | 新东方 | 金秋后航 | 商场内 | 🌟🌟⭐🌟 | 4.1 | 课后辅导 | 赋能未来 | 点评榜单 | 中山公园/江苏路课后辅导热门榜第4名 | 一对一1精品托课1小维课 | 装修新颖有氛围，上课方便 | S | 惠 | ￥9.9￥597全城6次课随心学1少儿游.,ocr/input_videos\上海__长宁来福士__20260825.mp4
OBS-001004,长宁来福士,Ms.Sue秘术工匠银饰DIY,Ms.Sue秘术工匠银饰DIY,DIY手,4.7,215,商场内,rated,True,,rated,parsed,rating_anchor,0.9176,0.9946,50,8856,151.321,⭐4.7 DIY手 | ￥215/人商场内,6店同庆 | Ms.Sue秘术工匠银饰DIY | ⭐4.7 DIY手 | ￥215/人商场内 | 点评榜单 | 长宁区DIY手工坊热门榜第7名 | 电机0 | 低至5折起 | 环境干净整洁，节奏感特别惊艳 | 55 | ￥3968.2折 | ￥596 | 惠 | 【七夕节特惠/2枚】 | ￥10￥20代金券 | 惠,ocr/input_videos\上海__长宁来福士__20260825.mp4
OBS-001005,长宁来福士,阿迪达斯,阿迪达斯,运动户外,3.4,771,商场内,rated,True,,rated,parsed,rating_anchor,0.9807,0.9973,53,8856,151.321,★★★★★ | 商场内 | 3.4运动户外￥771/人,阿迪达斯 | ★★★★★ | 商场内 | 3.4运动户外￥771/人 | 新品款式多，迪士尼联名包超可爱 | CICI纤美·科技减肥美容 | CICI纤美 | ay  Stnvang,ocr/input_videos\上海__长宁来福士__20260825.mp4
OBS-001006,长宁来福士,電力宠物公园,电力宠物公园,宠物店,4.5,102,商场内,rated,True,,rated,parsed,rating_anchor,0.9847,0.9993,51,8880,151.731,商场内 | ★🌟★★🌟 | 宠物店￥102/人 | 4.5,電力宠物公园 | 商场内 | ★🌟★★🌟 | 宠物店￥102/人 | 4.5 | 電力宠物 | 公園 | 点评榜单 | 长宁区宠物店热门榜第3名,ocr/input_videos\上海__长宁来福士__20260825.mp4
OBS-001007,长宁来福士,新东方学习规划,新东方学习规划,课后辅导,4.1,,商场内,rated,True,,rated,parsed,rating_anchor,0.9993,0.9992,51,8880,151.731,🌟🌟🌟⭐ | 课后辅导 | 商场内 | 4.1,新东方学习规划 | 新东方 | 金秋后航 | 🌟🌟🌟⭐ | 课后辅导 | 商场内 | 4.1 | 赋能未来 | 点评榜单 | 中山公园/江苏路课后辅导热门榜第4名 | 一外一1精品托课1小期课 | 装修新颖有氛围，上课方便” | ￥9.9￥597全城6次课随心学1少儿游... | 惠,ocr/input_videos\上海__长宁来福士__20260825.mp4
OBS-001008,长宁来福士,Ms.Sue秘术工匠银饰DIY,Ms.Sue秘术工匠银饰DIY,DIY手..,4.7,215,商场内,rated,True,,rated,parsed,rating_anchor,0.9462,0.9888,49,8880,151.731,🌟🌟🌟🌟🌟 | 4.7DIY手.. | ￥215/人商场内,Ms.Sue秘术工匠银饰DIY | 6店同庆 | 🌟🌟🌟🌟🌟 | 4.7DIY手.. | ￥215/人商场内 | 点评榜单 | 长宁区DIY手工坊热门榜第7名 | 低至5折起 | 环境干净整洁，节奏感特别惊艳 | 5 | ￥3968.2折 | ￥596 | 【七夕节特惠/2枚】 | 惠 | ￥10￥20代金券 | 惠,ocr/input_videos\上海__长宁来福士__20260825.mp4
OBS-001009,长宁来福士,阿迪达斯,阿迪达斯,运动户外,3.4,771,商场内,rated,True,,rated,parsed,rating_anchor,0.9815,0.9989,52,8880,151.731,⭐🌟⭐★★ | 商场内 | 3.4运动户外￥771/人,阿迪达斯 | ⭐🌟⭐★★ | 商场内 | 3.4运动户外￥771/人 | 新品款式多，迪士尼联名包超可爱,ocr/input_videos\上海__长宁来福士__20260825.mp4
OBS-001010,长宁来福士,CICI纤美·科技减肥美容,CICI纤美·科技减肥美容,瘦身纤体,4.2,217,商场内,rated,True,,rated,parsed,rating_anchor,0.9676,0.9765,48,8880,151.731,🌟🌟🌟 | 商场内 | 4.2瘦身纤体￥217/人,CICI纤美·科技减肥美容 | CICI纤美 | ay  t | 瘦 | 🌟🌟🌟 | 商场内 | 4.2瘦身纤体￥217/人 | 点评榜单 | 长宁区瘦身纤体热门榜第3名 | 位置好找，无针水光效果绝 | 93 | 惠 | ￥2200115分钟背部+腰腹.. | ￥1217.3折,ocr/input_videos\上海__长宁来福士__20260825.mp4
OBS-001011,长宁来福士,電力宠物公园,电力宠物公园,宠物店,4.5,102,商场内,rated,True,,rated,parsed,rating_anchor,0.9812,0.9995,51,8928,152.551,商场内 | 4.5宠物店￥102/人,電力宠物公园 | 商场内 | 4.5宠物店￥102/人 | 電力宏物 | 公园 | 点评榜单 | 长宁区宠物店热门榜第3名,ocr/input_videos\上海__长宁来福士__20260825.mp4
OBS-001012,长宁来福士,新东方学习规划,新东方学习规划,课后辅导,4.1,,商场内,rated,True,,rated,parsed,rating_anchor,0.9993,0.9996,51,8928,152.551,商场内 | 🌟🌟🌟 | 4.1课后辅导 | ★,新东方 | 新东方学习规划 | 金秋后航 | 商场内 | 🌟🌟🌟 | 4.1课后辅导 | ★ | 赋能未来 | 点评榜单 | 中山公园/江苏路课后辅导热门榜第4名 | 一列一1精器托课1小期道 | 装修新颖有氛围，上课方便 | ≤ | ￥9.9￥597全城6次课随心学1少儿游.. | 惠,ocr/input_videos\上海__长宁来福士__20260825.mp4
OBS-001013,长宁来福士,Ms.Sue秘术工匠银饰DIY,Ms.Sue秘术工匠银饰DIY,DIY手,4.7,215,商场内,rated,True,,rated,parsed,rating_anchor,0.9411,0.9925,47,8928,152.551,4.7 DIY手 | ￥215/人商场内,6店同庆 | Ms.Sue秘术工匠银饰DIY | 4.7 DIY手 | ￥215/人商场内 | 点评榜单 | 长宁区DIY手工坊热门榜第7名 | 电00Y7 | 低至5玩起 | 环境干净整洁，节奏感特别惊艳 | 55 | ￥3968.2折 | ￥596 | 惠 | 【七夕节特惠/2枚】 | . | ￥10￥20代金券 | 惠,ocr/input_videos\上海__长宁来福士__20260825.mp4
OBS-001014,长宁来福士,阿迪达斯,阿迪达斯,运动户外,3.4,771,商场内,rated,True,,rated,parsed,rating_anchor,0.9847,0.9994,56,8928,152.551,3.4运动户外￥771/人 | 商场内,阿迪达斯 | 3.4运动户外￥771/人 | 商场内 | 新品款式多，迪士尼联名包超可爱,ocr/input_videos\上海__长宁来福士__20260825.mp4
OBS-001015,长宁来福士,CICI纤美·科技减肥美容,CICI纤美·科技减肥美容,瘦身纤体,4.2,217,商场内,rated,True,,rated,parsed,rating_anchor,0.9718,0.9826,51,8928,152.551,⭐🌟⭐⭐🌟 | 商场内 | 4.2瘦身纤体￥217/人,CICI纤美·科技减肥美容 | CICI纤美 | MaLy a Stnwvang | 瘦 | ⭐🌟⭐⭐🌟 | 商场内 | 4.2瘦身纤体￥217/人 | 点评榜单 | 长宁区瘦身纤体热门榜第3名 | 位置好找，无针水光效果绝 | ￥1217.3折 | ￥2200115分钟背部+腰腹... | 惠,ocr/input_videos\上海__长宁来福士__20260825.mp4
OBS-001016,长宁来福士,阿迪达斯,阿迪达斯,运动户外,3.4,771,商场内,rated,True,,rated,parsed,rating_anchor,0.9788,0.9988,53,8952,152.961,3.4运动户外￥771/人 | 商场内,阿迪达斯 | 3.4运动户外￥771/人 | 商场内 | 新品款式多，迪士尼联名包超可爱,ocr/input_videos\上海__长宁来福士__20260825.mp4
OBS-001017,长宁来福士,CICI纤美·科技减肥美容,CICI纤美·科技减肥美容,瘦身纤体,4.2,217,商场内,rated,True,,rated,parsed,rating_anchor,0.9495,0.9894,55,8952,152.961,4.2瘦身纤体￥217/人 | 商场内,CICI纤美·科技减肥美容 | CICI纤美 | Boy B 8rnind | 瘦 | 4.2瘦身纤体￥217/人 | 商场内 | 点评榜单 | 长宁区瘦身纤体热门榜第3名 | 位置好找，无针水光效果绝 | 1 | ￥121 | 7.3折 | ￥2200115分钟背部+腰腹... | 惠,ocr/input_videos\上海__长宁来福士__20260825.mp4
OBS-001018,长宁来福士,佳熙娜,佳熙娜,皮肤管理,4.6,401,2F,rated,True,,rated,parsed,rating_anchor,0.9767,0.9916,54,8952,152.961,4.6皮肤管理￥401/人 | 2F,佳熙娜 | GACNA佳限娜 | 4.6皮肤管理￥401/人 | 2F | 29年匠心 | 品质焕新升级 | “调理师法统，全程沉浸式体验” | 惠￥1614.1折 | ￥88060分钟背部精油SPA...,ocr/input_videos\上海__长宁来福士__20260825.mp4
OBS-001019,长宁来福士,常乐·对症推拿,常乐·对症推拿,休闲按摩浴,4.2,254,2F,rated,True,,rated,parsed,rating_anchor,0.9727,0.9903,52,8952,152.961,🌟🌟🌟🌟🌟 | 4.2休闲按摩浴￥254/人2F,常乐·对症推拿 | 常楽 | 🌟🌟🌟🌟🌟 | 4.2休闲按摩浴￥254/人2F | “按完全身舒适，艾灸肚皮超放松” | 对症推拿 | CHANO-LEMASSAGE,ocr/input_videos\上海__长宁来福士__20260825.mp4
OBS-001020,长宁来福士,周大福荟馆JEWELRIA,周大福荟馆JEWELRIA,黄金,4.5,8823,商场内,rated,True,,rated,parsed,rating_anchor,0.9827,0.9951,51,8952,152.961,4.5黄金 | ￥8823/人商场内,周大福荟馆JEWELRIA | 4.5黄金 | ￥8823/人商场内 | 周大福誉馆 | 店员包装细心，仪式感” | JEWELRIA,ocr/input_videos\上海__长宁来福士__20260825.mp4
OBS-001021,长宁来福士,中国福利彩票,中国福利彩票,彩票,4.0,,6F,rated,True,,rated,parsed,rating_anchor,0.9022,0.9997,52,8952,152.961,⭐⭐⭐4.0彩票 | 6F,中国福利彩票 | ⭐⭐⭐4.0彩票 | 6F,ocr/input_videos\上海__长宁来福士__20260825.mp4
OBS-001022,长宁来福士,CICI纤美·科技减肥美容,CICI纤美·科技减肥美容,瘦身纤体,4.2,217,商场内,rated,True,,rated,parsed,rating_anchor,0.9711,0.9858,51,8988,153.576,商场内 | 4.2瘦身纤体￥217/人 | 🌟🌟★🌟 | ★,CICI纤美·科技减肥美容 | CICI纤美 | Bettty B rnnd | 瘦 | 商场内 | 4.2瘦身纤体￥217/人 | 🌟🌟★🌟 | ★ | 点评榜单 | 长宁区瘦身纤体热门榜第3名 | 位置好找，无针水光效果绝 | ￥1217.3折 | ￥2200115分钟背部+腰腹... | 惠,ocr/input_videos\上海__长宁来福士__20260825.mp4
OBS-001023,长宁来福士,佳熙娜,佳熙娜,皮肤管理,4.6,401,2F,rated,True,,rated,parsed,rating_anchor,0.9671,0.9892,55,8988,153.576,2F | 4.6皮肤管理￥401/人,佳熙娜 | GACNA佳限娜 | 2F | 4.6皮肤管理￥401/人 | 29年匠心 | 品质焕新升级 | 调理师手法统一，全程沉浸式体验 | “ | ￥88060分钟背部精油SPA... | ￥161 | 4.1折 | 惠,ocr/input_videos\上海__长宁来福士__20260825.mp4
OBS-001024,长宁来福士,常乐·对症推拿,常乐·对症推拿,休闲按摩浴,4.2,,2F,rated,True,,rated,parsed,rating_anchor,0.988,0.9893,52,8988,153.576,🌟🌟⭐⭐🌟 | 4.2休闲按摩浴￥254/2F,常乐·对症推拿 | 常楽 | 🌟🌟⭐⭐🌟 | 4.2休闲按摩浴￥254/2F | “按完全身舒适，艾灸肚皮超放松 | 对症推拿 | CHANO-LEMASSADE,ocr/input_videos\上海__长宁来福士__20260825.mp4
OBS-001025,长宁来福士,周大福荟馆JEWELRIA,周大福荟馆JEWELRIA,黄金,4.5,,商场内,rated,True,,rated,parsed,rating_anchor,0.8966,0.995,54,8988,153.576,⭐⭐⭐4.5黄金 | ￥8823/商场内,周大福荟馆JEWELRIA | ⭐⭐⭐4.5黄金 | ￥8823/商场内 | 周大福誉館 | 店员包装细心，仪式感十” | JEWELRIA,ocr/input_videos\上海__长宁来福士__20260825.mp4
OBS-001026,长宁来福士,中国福利彩票,中国福利彩票,彩票,4.0,,6F,rated,True,,rated,parsed,rating_anchor,0.9976,0.9998,52,8988,153.576,6F | 4.0彩票 | 🌟🌟🌟⭐ | ★,中国福利彩票 | 电国福线 | 6F | 4.0彩票 | 🌟🌟🌟⭐ | ★ | 中奖率高，购买过程简便快捷 | “,ocr/input_videos\上海__长宁来福士__20260825.mp4
OBS-001027,长宁来福士,高途素养,高途素养,4&课后辅导,,,商场内,unknown,True,,ocr_missing,parsed,metadata_anchor,0.8078,0.9997,53,8988,153.576,商场内 | ✨🌙4＆课后辅导,高途素养 | 秋季班 | 商场内 | ✨🌙4＆课后辅导,ocr/input_videos\上海__长宁来福士__20260825.mp4
OBS-001028,长宁来福士,CICI纤美·科技减肥美容,CICI纤美·科技减肥美容,瘦身纤体,4.2,217,商场内,rated,True,,rated,parsed,rating_anchor,0.9793,0.9855,54,9000,153.781,🌟🌟🎉🎉 | 商场内 | 4.2瘦身纤体￥217/人,CICI纤美·科技减肥美容 | CICI纤美 | Deacty  Sirnring | 瘦 | 🌟🌟🎉🎉 | 商场内 | 4.2瘦身纤体￥217/人 | 点评榜单 | 长宁区瘦身纤体热门榜第3名 | 位置好找，无针水光效果绝 | 3 | ￥2200115分钟背部+腰腹... | ￥121 | 7.3折 | 惠,ocr/input_videos\上海__长宁来福士__20260825.mp4
OBS-001029,长宁来福士,佳熙娜,佳熙娜,皮肤管理,4.6,401,2F,rated,True,,rated,parsed,rating_anchor,0.9726,0.9919,55,9000,153.781,2F | 4.6皮肤管理￥401/人,佳熙娜 | GACNA佳照娜 | 2F | 4.6皮肤管理￥401/人 | 29年匠心 | 品质焕新升级 | 调理师手法统一，全程沉浸式体验 | ￥161 | 4.1折 | 惠 | ￥88060分钟背部精油SPA...,ocr/input_videos\上海__长宁来福士__20260825.mp4
OBS-001030,长宁来福士,常乐·对症推拿,常乐·对症推拿,休闲按摩足浴,4.2,254,2F,rated,True,,rated,parsed,rating_anchor,0.976,0.9873,52,9000,153.781,★🌟★★★ | 4.2休闲按摩足浴￥254/人2F,常乐·对症推拿 | 常楽 | ★🌟★★★ | 4.2休闲按摩足浴￥254/人2F | 按完全身舒适，艾灸肚皮超放松 | 对症推拿 | CHANG-LEMASSAGE,ocr/input_videos\上海__长宁来福士__20260825.mp4
OBS-001031,长宁来福士,周大福荟馆JEWELRIA,周大福荟馆JEWELRIA,黄金,4.5,8823,商场内,rated,True,,rated,parsed,rating_anchor,0.9267,0.9975,48,9000,153.781,⭐⭐✨4.5黄金 | ￥8823/人商场内,周大福荟馆JEWELRIA | ⭐⭐✨4.5黄金 | ￥8823/人商场内 | 周大福警馆 | 店员包装细心，仪式感十” | JEWELRIA,ocr/input_videos\上海__长宁来福士__20260825.mp4
OBS-001032,长宁来福士,中国福利彩票,中国福利彩票,彩票,4.0,,6F,rated,True,,rated,parsed,rating_anchor,0.9994,0.9999,52,9000,153.781,4.0彩票 | 6F | 🌟🌟🌟 | ★,中国福利彩票 | 中国福商菜 | 4.0彩票 | 6F | 🌟🌟🌟 | ★ | 中奖率高，购买过程简便快捷 | ≤,ocr/input_videos\上海__长宁来福士__20260825.mp4
OBS-001033,长宁来福士,高途素养,高途素养,课后辅导,4.8,,商场内,rated,True,,rated,parsed,rating_anchor,0.9942,0.9995,58,9000,153.781,4.8课后辅导 | 商场内,高途素养 | 秋季班 | 4.8课后辅导 | 商场内,ocr/input_videos\上海__长宁来福士__20260825.mp4
OBS-001034,长宁来福士,常乐·对症推拿,常乐·对症推拿,休闲按摩足浴,4.2,254,2F,rated,True,,rated,parsed,rating_anchor,0.9693,0.9845,51,9060,154.806,🌟🌟⭐⭐⭐ | 4.2休闲按摩足浴￥254/人 | 、2F,常乐·对症推拿 | 常楽 | 🌟🌟⭐⭐⭐ | 4.2休闲按摩足浴￥254/人 | 、2F | 按完全身舒适，艾灸肚皮超放松 | 对症推拿 | CHUNG-LEMASSAGE,ocr/input_videos\上海__长宁来福士__20260825.mp4
OBS-001035,长宁来福士,周大福荟馆JEWELRIA,周大福荟馆JEWELRIA,黄金,4.5,8823,商场内,rated,True,,rated,parsed,rating_anchor,0.9405,0.9942,51,9060,154.806,✨4.5黄金 | ￥8823/人商场内,周大福荟馆JEWELRIA | ✨4.5黄金 | ￥8823/人商场内 | 周大福警馆 | 店员包装细心，仪式感十足 | JEWELRIA,ocr/input_videos\上海__长宁来福士__20260825.mp4
OBS-001036,长宁来福士,中国福利彩票,中国福利彩票,彩票,4.0,,6F,rated,True,,rated,parsed,rating_anchor,0.999,0.9999,52,9060,154.806,🌟🌟🌟⭐⭐ | 4.0彩票 | 6F,中国福利彩票 | 中国福商彩 | 🌟🌟🌟⭐⭐ | 4.0彩票 | 6F | 中奖率高，购买过程简便快捷,ocr/input_videos\上海__长宁来福士__20260825.mp4
OBS-001037,长宁来福士,高途素养,高途素养,课后辅导,4.8,,商场内,rated,True,,rated,parsed,rating_anchor,0.9995,0.9997,56,9060,154.806,商场内 | ★★🌟🌟🌟 | 课后辅导 | 4.8,高途素养 | 秋季班 | 商场内 | ★★🌟🌟🌟 | 课后辅导 | 4.8 | 等你来 | 点评榜单 | 中山公园/江苏路课后辅导好评榜第1名 | 课程丰富有趣，老师组织活动定期 | ￥9.9￥597全城6次课随心学1少儿游... | 惠,ocr/input_videos\上海__长宁来福士__20260825.mp4
OBS-001038,长宁来福士,雪纤瘦,雪纤瘦,皮肤管理,4.5,381,商场内,rated,True,,rated,parsed,rating_anchor,0.9817,0.9969,54,9060,154.806,商场内 | 4.5皮肤管理￥381/人,品质 | 雪纤瘦 | 商场内 | 4.5皮肤管理￥381/人 | 雪纤瘦ne Beauy | 中山公园/江苏路瘦身塑形销量榜第8名 | 美容师手法到位，皮肤白白净净 | （ | 5 | 美团心选 | 美团 | 60分钟清洁补水|深.... | ￥121 | 4.1折 | ￥698 | 惠,ocr/input_videos\上海__长宁来福士__20260825.mp4
OBS-001039,长宁来福士,常乐·对症推拿,常乐·对症推拿,休闲按摩足浴,4.2,254,2F,rated,True,,rated,parsed,rating_anchor,0.97,0.9861,51,9120,155.832,★★★⭐★ | 4.2休闲按摩足浴￥254/人 | 、2F,常乐·对症推拿 | 常楽 | ★★★⭐★ | 4.2休闲按摩足浴￥254/人 | 、2F | 按完全身舒适，艾灸肚皮超放松 | 对症推拿 | CHUNG-LEMASSAGE,ocr/input_videos\上海__长宁来福士__20260825.mp4
OBS-001040,长宁来福士,周大福荟馆JEWELRIA,周大福荟馆JEWELRIA,黄金,4.5,8823,商场内,rated,True,,rated,parsed,rating_anchor,0.938,0.9933,51,9120,155.832,✨4.5黄金 | ￥8823/人商场内,周大福荟馆JEWELRIA | ✨4.5黄金 | ￥8823/人商场内 | 周大福营馆 | 店员包装细心，仪式感十足 | JEWELRIA,ocr/input_videos\上海__长宁来福士__20260825.mp4
OBS-001041,长宁来福士,中国福利彩票,中国福利彩票,彩票,4.0,,6F,rated,True,,rated,parsed,rating_anchor,0.9988,0.9999,52,9120,155.832,⭐🌟⭐🌟 | 6F | 4.0彩票 | ★,中国福利彩票 | 中国福 | ⭐🌟⭐🌟 | 6F | 4.0彩票 | ★ | 中奖率高，购买过程简便快捷 | S,ocr/input_videos\上海__长宁来福士__20260825.mp4
OBS-001042,长宁来福士,高途素养,高途素养,课后辅导,,,商场内,unknown,True,,ocr_missing,parsed,metadata_anchor,0.9996,0.9998,55,9120,155.832,商场内 | ★★★★★ | 课后辅导 | 14.8,高途素养 | 秋季班 | 商场内 | ★★★★★ | 课后辅导 | 14.8 | 等你来 | 点评榜单 | 中山公园/江苏路课后辅导好评榜第1名 | 课程丰富有趣，老师组织活动定期 | ￥9.9￥597全城6次课随心学1少儿游... | 惠,ocr/input_videos\上海__长宁来福士__20260825.mp4
OBS-001043,长宁来福士,雪纤瘦,雪纤瘦,皮肤管理,4.5,381,商场内,rated,True,,rated,parsed,rating_anchor,0.9826,0.9967,54,9120,155.832,商场内 | 4.5皮肤管理￥381/人,品质 | 雪纤瘦 | 商场内 | 4.5皮肤管理￥381/人 | 雪纤瘦ne Beauy | 中山公园/江苏路瘦身塑形销量榜第8名 | 美容师手法到位，皮肤白白净净 | 5 | （ | 美团心选 | 美团 | ￥121 | 4.1折 | ￥698 | 60分钟清洁补水|深... | 惠,ocr/input_videos\上海__长宁来福士__20260825.mp4
OBS-001044,长宁来福士,雪纤瘦,雪纤瘦,皮肤管理,4.5,381,商场内,rated,True,,rated,parsed,rating_anchor,0.9841,0.9978,58,9144,156.242,4.5皮肤管理￥381/人 | 商场内,品质 | 雪纤瘦 | 4.5皮肤管理￥381/人 | 商场内 | 雪纤瘦ne Beauly | 中山公园/江苏路瘦身塑形销量榜第8名 | 美容师手法到位，皮肤白白净净 | “ | 55 | 美团心选 | ￥121 | 4.1折 | ￥69860分钟清洁补水|深... | 惠,ocr/input_videos\上海__长宁来福士__20260825.mp4
OBS-001045,长宁来福士,HP惠普官方体验店,HP惠普官方体验店,数码,4.8,7018,商场内,rated,True,,rated,parsed,rating_anchor,0.9695,0.9936,57,9144,156.242,4.8数码 | ￥7018/人商场内,HP惠普官方体验店 | 4.8数码 | ￥7018/人商场内 | - | - | - | - | 布置干净亮，服务贴心专业”,ocr/input_videos\上海__长宁来福士__20260825.mp4
OBS-001046,长宁来福士,九木杂物社,九木杂物社,杂货礼品,4.8,79,B1,rated,True,,rated,parsed,rating_anchor,0.9718,0.9993,55,9144,156.242,B1 | 4.8杂货礼品￥79/人,九木杂物社 | 九 | B1 | 4.8杂货礼品￥79/人 | 4 | 0 | 6 | B | S | 米 | 点评榜单 | 中山公园/江苏路杂货礼品热门榜第8名 | 杂物社 | 店面好找又舒适，充电插口超方便” | 小 | ￥939.8折 | 惠 | ￥100九木杂物社·夏日限定..,ocr/input_videos\上海__长宁来福士__20260825.mp4
OBS-001047,长宁来福士,I-PRIMO,I-PRIMO,钻..,4.3,,商场内,rated,True,,rated,parsed,rating_anchor,0.9263,0.9864,45,9144,156.242,4.3 钻.. ￥15888/ 商场内,I-PRIMO | 4.3 钻.. ￥15888/ 商场内 | “八心八箭切工，闪耀效果翻倍,ocr/input_videos\上海__长宁来福士__20260825.mp4
OBS-001048,长宁来福士,Mr.JUDY洗个头发,Mr.JUDY洗个头发,养发,3.5,141,商场内,rated,True,,rated,parsed,rating_anchor,0.9651,0.9966,54,9144,156.242,商场内 | 3.5养发￥141/人,Mr.JUDY洗个头发 | 商场内 | 3.5养发￥141/人 | “按摩椅舒适，洗发露清香 | 3,ocr/input_videos\上海__长宁来福士__20260825.mp4
OBS-001049,长宁来福士,雪纤瘦,雪纤瘦,皮肤管理,4.5,381,商场内,rated,True,,rated,parsed,rating_anchor,0.9638,0.9986,58,9192,157.062,商场内 | ⭐4.5皮肤管理￥381/人,品质 | 雪纤瘦 | 商场内 | ⭐4.5皮肤管理￥381/人 | 雪纤瘦Tnse Beanyy | 中山公园/江苏路瘦身塑形销量榜第8名 | 美容师手法到位，皮肤白白净净 | 5 | 美团心选 | 联区 | ￥69860分钟清洁补水|深... | ￥121 | 4.1折 | 惠,ocr/input_videos\上海__长宁来福士__20260825.mp4
OBS-001050,长宁来福士,HP惠普官方体验店,HP惠普官方体验店,数码,4.8,7018,商场内,rated,True,,rated,parsed,rating_anchor,0.8781,0.9989,50,9192,157.062,⭐🌟⭐⭐⭐4.8数码 | ￥7018/人商场内,HP惠普官方体验店 | ⭐🌟⭐⭐⭐4.8数码 | ￥7018/人商场内 | 布置干净敞亮，服务贴心专业”,ocr/input_videos\上海__长宁来福士__20260825.mp4
OBS-001051,长宁来福士,九木杂物社,九木杂物社,杂货礼品,4.8,79,B1,rated,True,,rated,parsed,rating_anchor,0.9769,0.9997,54,9192,157.062,⭐🌟🌟⭐🌟4.8 | B1 | 杂货礼品￥79/人,九木杂物社 | h | ⭐🌟🌟⭐🌟4.8 | B1 | 杂货礼品￥79/人 | 米 | 点评榜单 | 中山公园/江苏路杂货礼品热门榜第8名 | 杂物社 | 店面好找又舒适，充电插口超方便” | ￥939.8折 | ￥100九木杂物社·夏日限定.. | 惠,ocr/input_videos\上海__长宁来福士__20260825.mp4
OBS-001052,长宁来福士,I-PRIMO,I-PRIMO,钻石..,4.3,15888,商场内,rated,True,,rated,parsed,rating_anchor,0.9612,0.9901,49,9192,157.062,🌟🌟🌟🌟 | 钻石..￥15888/人商场内 | 4.3,I-PRIMO | 🌟🌟🌟🌟 | 钻石..￥15888/人商场内 | 4.3 | “八心八箭切，闪耀效果翻倍,ocr/input_videos\上海__长宁来福士__20260825.mp4
OBS-001053,长宁来福士,Mr.JUDY洗个头发,Mr.JUDY洗个头发,养发,3.5,141,商场内,rated,True,,rated,parsed,rating_anchor,0.9692,0.9968,48,9192,157.062,3.5养发￥141/人 | 商场内,Mr.JUDY洗个头发 | 3.5养发￥141/人 | 商场内 | Mr.JUDY | “按摩椅舒适，洗发露清香 | 洪个头发 | ￥77.9￥78 | 【头皮清爽-速洗快吹】头.. | 惠,ocr/input_videos\上海__长宁来福士__20260825.mp4
OBS-001054,长宁来福士,HP惠普官方体验店,HP惠普官方体验店,数码,4.8,7018,商场内,rated,True,,rated,parsed,rating_anchor,0.872,0.9979,57,9228,157.677,🌟⭐⭐⭐4.8数码 | ￥7018/人商场内,HP惠普官方体验店 | 🌟⭐⭐⭐4.8数码 | ￥7018/人商场内 | “布置干净敞亮，服务贴心专业”,ocr/input_videos\上海__长宁来福士__20260825.mp4
OBS-001055,长宁来福士,九木杂物社,九木杂物社,杂货礼品,4.8,79,B1,rated,True,,rated,parsed,rating_anchor,0.98,0.9997,56,9228,157.677,B1 | 🌟🌟⭐🌟🌟 | 4.8杂货礼品￥79/人,九木杂物社 | 力 | B1 | 🌟🌟⭐🌟🌟 | 4.8杂货礼品￥79/人 | o | B | 4 | 8 | 米 | 点评榜单 | 中山公园/江苏路杂货礼品热门榜第8名 | 杂物社 | 店面好找又舒适，充电插口超方便” | ≤ | ￥939.8折 | ￥100九木杂物社·夏日限定... | 惠,ocr/input_videos\上海__长宁来福士__20260825.mp4
OBS-001056,长宁来福士,I-PRIMO,I-PRIMO,钻石...,4.3,,商场内,rated,True,,rated,parsed,rating_anchor,0.941,0.9926,49,9228,157.677,⭐🌟🌟⭐ | 4.3钻石...￥15888/商场内 | ★,I-PRIMO | ⭐🌟🌟⭐ | 4.3钻石...￥15888/商场内 | ★ | “八心八箭切工，闪耀效果翻倍,ocr/input_videos\上海__长宁来福士__20260825.mp4
OBS-001057,长宁来福士,Mr.JUDY洗个头发,Mr.JUDY洗个头发,养发,3.5,141,商场内,rated,True,,rated,parsed,rating_anchor,0.9721,0.997,51,9228,157.677,3.5养发￥141/人 | 商场内,Mr.JUDY洗个头发 | 3.5养发￥141/人 | 商场内 | Mr.JUDY | 按摩椅舒适，洗发露清香 | 洪个头发 | ￥77.9￥78 | 【头皮清爽-速洗快吹】头. | 惠,ocr/input_videos\上海__长宁来福士__20260825.mp4
OBS-001058,长宁来福士,ROCK&RIDE,ROCK&RIDE,奢侈品,4.9,4496,商场内,rated,True,,rated,parsed,rating_anchor,0.9703,0.9939,48,9228,157.677,商场内 | 🌟🌟🌟🌟🌟4.9 | 奢侈品￥4496/人,ROCK&RIDE | 商场内 | 🌟🌟🌟🌟🌟4.9 | 奢侈品￥4496/人,ocr/input_videos\上海__长宁来福士__20260825.mp4
OBS-001059,长宁来福士,I-PRIMO,I-PRIMO,钻石..,4.3,15888,商场内,rated,True,,rated,parsed,rating_anchor,0.9409,0.9918,45,9252,158.087,🌟🌟⭐⭐ | 钻石.．￥15888/人商场内 | 4.3 | ★,I-PRIMO | 🌟🌟⭐⭐ | 钻石.．￥15888/人商场内 | 4.3 | ★ | “八心八箭切工，闪耀效果翻倍,ocr/input_videos\上海__长宁来福士__20260825.mp4
OBS-001060,长宁来福士,Mr.JUDY洗个头发,Mr.JUDY洗个头发,养发,3.5,141,商场内,rated,True,,rated,parsed,rating_anchor,0.9819,0.9971,53,9252,158.087,⭐🌟⭐🌟⭐ | 商场内 | 3.5养发￥141/人,Mr.JUDY洗个头发 | ⭐🌟⭐🌟⭐ | 商场内 | 3.5养发￥141/人 | Mr.JUDY | 按摩椅舒适，洗发露清香“ | 洪个头发 | 【头皮清爽-速洗快吹】头.. | ￥77.9￥78 | 惠,ocr/input_videos\上海__长宁来福士__20260825.mp4
OBS-001061,长宁来福士,ROCK&RIDE,ROCK&RIDE,奢侈品,4.9,4496,商场内,rated,True,,rated,parsed,rating_anchor,0.9773,0.993,44,9252,158.087,商场内 | 🌟🌟🎉🎉🌟4.9 | 奢侈品￥4496/人,ROCK&RIDE | 商场内 | 🌟🌟🎉🎉🌟4.9 | 奢侈品￥4496/人,ocr/input_videos\上海__长宁来福士__20260825.mp4
OBS-001062,长宁来福士,TRIPLE R FITNESS健身空间,TRIPLERFITNESS健身空间,健身房,4.3,4000,商场内,rated,True,,rated,parsed,rating_anchor,0.9674,0.9721,51,9252,158.087,🌟🌟🌟🎉 | 商场内 | 健身房￥4000/人 | ★4.3,TRIPLE R FITNESS健身空间 | 🌟🌟🌟🎉 | 商场内 | 健身房￥4000/人 | ★4.3 | 环境私密器械全，教练专业氛围好” | TRIPLE R | FITNESS,ocr/input_videos\上海__长宁来福士__20260825.mp4
OBS-001063,长宁来福士,昂立教育,昂立教育,科学实验,4.7,,商场内,rated,True,,rated,parsed,rating_anchor,0.9998,0.9998,56,9252,158.087,商场内 | 🌟🌟⭐🌟🌟 | 科学实验 | 4.7,昂立教育 | 立批育国工 | 秋季班 | 商场内 | 🌟🌟⭐🌟🌟 | 科学实验 | 4.7 | 人文·逻辑·语言·跨文化 | 点评榜单 | 长宁区科学探索热门榜第3名 | 外卖货架和微波炉齐全，午餐安全有保障,ocr/input_videos\上海__长宁来福士__20260825.mp4
OBS-001064,长宁来福士,I-PRIMO,I-PRIMO,钻石...,4.3,15888,商场内,rated,True,,rated,parsed,rating_anchor,0.8858,0.9908,45,9300,158.907,⭐🌟🌟⭐ | ￥15888/人商场内 | 钻石… | 4.3 | ★,I-PRIMO | ⭐🌟🌟⭐ | ￥15888/人商场内 | 钻石… | 4.3 | ★ | 八心八箭切工，闪耀效果翻倍,ocr/input_videos\上海__长宁来福士__20260825.mp4
OBS-001065,长宁来福士,Mr.JUDY洗个头发,Mr.JUDY洗个头发,养发,3.5,141,商场内,rated,True,,rated,parsed,rating_anchor,0.9817,0.9974,51,9300,158.907,★★🌟🌟🌟 | 商场内 | 3.5养发￥141/人,Mr.JUDY洗个头发 | ★★🌟🌟🌟 | 商场内 | 3.5养发￥141/人 | Mr.JUDY | 按摩椅舒适，洗发露清香 | 洪个头发 | ￥77.9￥78 | 【头皮清爽-速洗快吹】头.. | 惠,ocr/input_videos\上海__长宁来福士__20260825.mp4
OBS-001066,长宁来福士,ROCK&RIDE,ROCK&RIDE,奢侈品,,4496,商场内,unknown,True,,ocr_missing,parsed,metadata_anchor,0.9753,0.9919,44,9300,158.907,商场内 | 奢侈品￥4496/人 | ★★★★★ | 14.9,ROCK&RIDE | 商场内 | 奢侈品￥4496/人 | ★★★★★ | 14.9,ocr/input_videos\上海__长宁来福士__20260825.mp4
OBS-001067,长宁来福士,TRIPLE R FITNESS健身空间,TRIPLERFITNESS健身空间,健身房,4.3,4000,商场内,rated,True,,rated,parsed,rating_anchor,0.9671,0.9692,50,9300,158.907,⭐🌟⭐⭐ | 商场内 | 健身房￥4000/人 | 4.3 | ★,TRIPLE R FITNESS健身空间 | ⭐🌟⭐⭐ | 商场内 | 健身房￥4000/人 | 4.3 | ★ | “环境私密器械全，教练专业氛围好 | TRIPLER | FITNESS,ocr/input_videos\上海__长宁来福士__20260825.mp4
OBS-001068,长宁来福士,昂立教育,昂立教育,科学实验,4.7,,商场内,rated,True,,rated,parsed,rating_anchor,0.9998,0.9998,55,9300,158.907,商场内 | 🌟🌟⭐🌟 | 科学实验 | 4.7,昂立教育 | 品立批育 | 秋季班 | 商场内 | 🌟🌟⭐🌟 | 科学实验 | 4.7 | 人文·逻辑·语言·跨文化 | 点评榜单 | 长宁区科学探索热门榜第3名 | 外卖货架和微波炉齐全，午餐安全有保障 | ￥1￥2 | 惠 | 【高中试听】语文/数学/英语/物...,ocr/input_videos\上海__长宁来福士__20260825.mp4
OBS-001069,长宁来福士,DJI大疆,DJI大疆,数码,,3905,商场内,unknown,True,,ocr_missing,parsed,metadata_anchor,0.9992,0.9984,53,9300,158.907,数码 | 商场内 | ★★★★★48 | ￥3905/人,DJI大疆 | 数码 | 商场内 | ★★★★★48 | ￥3905/人,ocr/input_videos\上海__长宁来福士__20260825.mp4
OBS-001070,长宁来福士,ROCK&RIDE,ROCK&RIDE,奢侈品,4.9,4496,商场内,rated,True,,rated,parsed,rating_anchor,0.9707,0.993,48,9348,159.727,商场内 | ⭐⭐⭐🌟4.9 | 奢侈品￥4496/人,ROCK&RIDE | 商场内 | ⭐⭐⭐🌟4.9 | 奢侈品￥4496/人,ocr/input_videos\上海__长宁来福士__20260825.mp4
OBS-001071,长宁来福士,TRIPLE R FITNESS健身空间,TRIPLERFITNESS健身空间,健身房,4.3,4000,商场内,rated,True,,rated,parsed,rating_anchor,0.9656,0.9737,51,9348,159.727,商场内 | ⭐⭐⭐⭐4.3 | 健身房￥4000/人,TRIPLE R FITNESS健身空间 | 商场内 | ⭐⭐⭐⭐4.3 | 健身房￥4000/人 | 环境私密器械全，教练专业氛围好 | TRIPLER | FITNESS,ocr/input_videos\上海__长宁来福士__20260825.mp4
OBS-001072,长宁来福士,昂立教育,昂立教育,科学实验,4.7,,商场内,rated,True,,rated,parsed,rating_anchor,0.9913,0.9996,56,9348,159.727,4.7科学实验 | 商场内,昂立教育 | 立批育有成司 | 秋季班 | 4.7科学实验 | 商场内 | 人文·逻辑·语言·跨文化 | 点评榜单 | 长宁区科学探索热门榜第3名 | 外卖货架和微波炉齐全，午餐安全有保障 | ￥1￥2 | 【高中试听】语文/数学/英语/物... | 惠,ocr/input_videos\上海__长宁来福士__20260825.mp4
OBS-001073,长宁来福士,DJI大疆,DJI大疆,数码,4.8,,商场内,rated,True,,rated,parsed,rating_anchor,0.9907,0.9971,57,9348,159.727,4.8数码 | ￥3905/商场内,DJI大疆 | 少 | 4.8数码 | ￥3905/商场内 | 品类齐全，街拍神器任选 | 授权体验店,ocr/input_videos\上海__长宁来福士__20260825.mp4
OBS-001074,长宁来福士,EPOQUE·一刻花店,EPOQUE·一刻花店,花店,4.8,184,商场内,rated,True,,rated,parsed,rating_anchor,0.9296,0.9585,58,9348,159.727,4.8花店￥184/人 | 商场内,EPOQUE·一刻花店 | CQLE一RE店 | 4.8花店￥184/人 | 商场内 | 点评榜单 | 长宁区植物花卉热门榜第2名 | 花束美翻了，下次还会来 | ￥698￥998 | 惠 | 【予她温柔】粉色芍药康..,ocr/input_videos\上海__长宁来福士__20260825.mp4
OBS-001075,长宁来福士,TRIPLE R FITNESS健身空间,TRIPLERFITNESS健身空间,健身房,4.3,4000,商场内,rated,True,,rated,parsed,rating_anchor,0.9637,0.9698,51,9384,160.342,4.3健身房￥4000/人 | 商场内,TRIPLE R FITNESS健身空间 | 4.3健身房￥4000/人 | 商场内 | 环境私密器械全，教练专业氛围好” | TRIPLE R | FITNESS,ocr/input_videos\上海__长宁来福士__20260825.mp4
OBS-001076,长宁来福士,昂立教育,昂立教育,科学实验,4.7,,商场内,rated,True,,rated,parsed,rating_anchor,0.9993,0.9998,56,9384,160.342,商场内 | 🌟🌟🎉🌟 | 4.7科学实验,昂立教育 | 恭批用OO | 秋季班 | 商场内 | 🌟🌟🎉🌟 | 4.7科学实验 | 人文·逻辑·语言·時文化 | 点评榜单 | 长宁区科学探索热门榜第3名 | 外卖货架和微波炉齐全，午餐安全有保障 | 惠￥1￥2 | 【高中试听】语文/数学/英语/物...,ocr/input_videos\上海__长宁来福士__20260825.mp4
OBS-001077,长宁来福士,DJI大疆,DJI大疆,数码,4.8,3905,商场内,rated,True,,rated,parsed,rating_anchor,0.8801,0.9964,58,9384,160.342,⭐⭐⭐⭐4.8数码 | ￥3905/人商场内,DJI大疆 | 山 | ⭐⭐⭐⭐4.8数码 | ￥3905/人商场内 | 品类齐全，街拍神器任选 | 《 | 31 | 授权体验店,ocr/input_videos\上海__长宁来福士__20260825.mp4
OBS-001078,长宁来福士,EPOQUE·一刻花店,EPOQUE·一刻花店,花店,4.8,184,商场内,rated,True,,rated,parsed,rating_anchor,0.9625,0.9856,56,9384,160.342,4.8花店￥184/人 | 商场内,EPOQUE·一刻花店 | PCQUE·-钢花店 | 4.8花店￥184/人 | 商场内 | 点评榜单 | 长宁区植物花卉热门榜第2名 | 花束美翻了，下次还会来 | ￥698￥998 | 惠 | 【予她温柔】粉色芍药康...,ocr/input_videos\上海__长宁来福士__20260825.mp4
OBS-001079,长宁来福士,CRD克徕帝,CRD克徕帝,钻石彩宝,4.7,5955,2F,rated,True,,rated,parsed,rating_anchor,0.9843,0.9953,55,9384,160.342,🌟🌟🌟🌟 | 2F | 4.7钻石彩宝￥5955/人,CRD克徕帝 | CRD | 🌟🌟🌟🌟 | 2F | 4.7钻石彩宝￥5955/人 | “打卡送吊坠，还能抽盲盒 | ￥4799.6折 | ￥1199 | 【心动好礼】CRD.. | 惠,ocr/input_videos\上海__长宁来福士__20260825.mp4
OBS-001080,长宁来福士,DJI大疆,DJI大疆,数码,4.8,3905,商场内,rated,True,,rated,parsed,rating_anchor,0.9237,0.9985,57,9432,161.163,⭐⭐⭐4.8数码 | ￥3905/人商场内,DJI大疆 | 少 | ⭐⭐⭐4.8数码 | ￥3905/人商场内 | 品类齐全，街拍神器任选 | 3 | 授权体验店,ocr/input_videos\上海__长宁来福士__20260825.mp4
OBS-001081,长宁来福士,EPOQUE·一刻花店,EPOQUE·一刻花店,花店,4.8,184,商场内,rated,True,,rated,parsed,rating_anchor,0.9544,0.972,58,9432,161.163,商场内 | 4.8花店￥184/人,EPOQUE·一刻花店 | POUE:一颈花店 | 商场内 | 4.8花店￥184/人 | 点评榜单 | 长宁区植物花卉热门榜第2名 | 花束美翻了，下次还会来 | K | ￥698￥998 | 【予她温柔】粉色芍药康... | 惠,ocr/input_videos\上海__长宁来福士__20260825.mp4
OBS-001082,长宁来福士,CRD克徕帝,CRD克徕帝,钻石彩宝,4.7,5955,2F,rated,True,,rated,parsed,rating_anchor,0.9755,0.9955,56,9432,161.163,4.7钻石彩宝￥5955/人 | 2F,CRD克徕帝 | CRD | 4.7钻石彩宝￥5955/人 | 2F | “打卡送吊坠，还能抽盲盒 | ￥4799.6折 | 惠 | ￥1199 | 【心动好礼】CRD..,ocr/input_videos\上海__长宁来福士__20260825.mp4
OBS-001083,长宁来福士,姚同楷书法工作室,姚同楷书法工作室,书法,4.1,34,商场内,rated,True,,rated,parsed,rating_anchor,0.897,0.9996,56,9432,161.163,商场内 | ★★★4.1书法￥34/人,姚同楷书法工作室 | 宝作2法相日 | 暑假班特惠 | 毛笔·硬笔 | 商场内 | ★★★4.1书法￥34/人 | 老师们亲和，接送一次搞定,ocr/input_videos\上海__长宁来福士__20260825.mp4
OBS-001084,长宁来福士,联想直营店,联想直营店,数码,4.8,4633,商场内,rated,True,,rated,parsed,rating_anchor,0.938,0.9975,56,9432,161.163,⭐⭐4.8数码 | ￥4633/人商场内,联想直营店 | aront天 | A平REY7CO无机 | 小平板大5G | ⭐⭐4.8数码 | ￥4633/人商场内 | 方便好找，服务专业不推销 | 5 | 東v18av2o0 | 【列店】换散执硅脂（游,ocr/input_videos\上海__长宁来福士__20260825.mp4
OBS-001085,长宁来福士,DJI大疆,DJI大疆,数码,4.8,3905,商场内,rated,True,,rated,parsed,rating_anchor,0.9123,0.9995,61,9480,161.983,⭐⭐⭐⭐4.8数码 | ￥3905/人商场内,DJI大疆 | 少 | ⭐⭐⭐⭐4.8数码 | ￥3905/人商场内 | “品类齐全，街拍神器任选 | 11 | 授权体验店,ocr/input_videos\上海__长宁来福士__20260825.mp4
OBS-001086,长宁来福士,EPOQUE·一刻花店,EPOQUE·一刻花店,花店,4.8,184,商场内,rated,True,,rated,parsed,rating_anchor,0.942,0.9701,58,9480,161.983,商场内 | 4.8花店￥184/人,EPOQUE·一刻花店 | BCCLE·一刻花店 | 商场内 | 4.8花店￥184/人 | 点评榜单 | 长宁区植物花卉热门榜第2名 | 花束美翻了，下次还会来” | ￥698￥998 | 【予她温柔】粉色芍药康... | 惠,ocr/input_videos\上海__长宁来福士__20260825.mp4
OBS-001087,长宁来福士,CRD克徕帝,CRD克徕帝,钻石彩宝,4.7,5955,2F,rated,True,,rated,parsed,rating_anchor,0.9705,0.9941,56,9480,161.983,4.7钻石彩宝￥5955/人 | 2F,CRD克徕帝 | CRD | 4.7钻石彩宝￥5955/人 | 2F | “打卡送吊坠，还能抽盲盒” | ￥1199 | ￥4799.6折 | 【心动好礼】CRD.. | 惠,ocr/input_videos\上海__长宁来福士__20260825.mp4
OBS-001088,长宁来福士,姚同楷书法工作室,姚同楷书法工作室,书法,4.1,34,商场内,rated,True,,rated,parsed,rating_anchor,0.9774,0.9997,60,9480,161.983,商场内 | 4.1书法￥34/人,姚同楷书法工作室 | 宝作工法意格国 | 暑假班特惠 | 毛笔·硬艺 | 商场内 | 4.1书法￥34/人 | 老师们亲和，接送一次搞定,ocr/input_videos\上海__长宁来福士__20260825.mp4
OBS-001089,长宁来福士,联想直营店,联想直营店,数码,4.8,4633,商场内,rated,True,,rated,parsed,rating_anchor,0.8977,0.999,59,9480,161.983,⭐🌟⭐⭐⭐4.8数码 | ￥4633/人商场内,联想直营店 | A平Y7CC无 | 小平板大5G | ⭐🌟⭐⭐⭐4.8数码 | ￥4633/人商场内 | 外 | 方便好找，服务专业不推销” | ￥189￥299 | 惠 | 【到店】换散热硅脂(游...,ocr/input_videos\上海__长宁来福士__20260825.mp4
OBS-001090,长宁来福士,CRD克徕帝,CRD克徕帝,钻石彩宝,4.7,5955,2F,rated,True,,rated,parsed,rating_anchor,0.9639,0.9917,56,9504,162.393,4.7钻石彩宝￥5955/人 | 2F,CRD克徕帝 | CRD | 4.7钻石彩宝￥5955/人 | 2F | “打卡送吊坠，还能抽盲盒” | ￥4799.6折 | ￥1199 | 【心动好礼】CRD.. | 惠,ocr/input_videos\上海__长宁来福士__20260825.mp4
OBS-001091,长宁来福士,姚同楷书法工作室,姚同楷书法工作室,书法,4.1,34,商场内,rated,True,,rated,parsed,rating_anchor,0.9736,0.9997,54,9504,162.393,商场内 | 4.1书法￥34/人,姚同楷书法工作室 | 宝作工活意格国 | 暑假班特惠 | 毛笔·硬笔 | 商场内 | 4.1书法￥34/人 | 老师们亲和，接送一次搞定” | S,ocr/input_videos\上海__长宁来福士__20260825.mp4
OBS-001092,长宁来福士,联想直营店,联想直营店,数码,4.8,4633,商场内,rated,True,,rated,parsed,rating_anchor,0.8593,0.9985,54,9504,162.393,⭐⭐⭐⭐4.8数码 | ￥4633/人商场内,联想直营店 | A平Y7CO无 | 小平板大5G | ⭐⭐⭐⭐4.8数码 | ￥4633/人商场内 | 金 | 方便好找，服务专业不推销 | ￥189￥299 | 【到店】换散热硅脂（游... | 惠,ocr/input_videos\上海__长宁来福士__20260825.mp4
OBS-001093,长宁来福士,九间泰·泰式古法按摩SPA,九间泰·泰式古法按摩SPA,精油SPA,4.4,229,4F,rated,True,,rated,parsed,rating_anchor,0.9741,0.9943,54,9504,162.393,4F | 🌟🌟🌟⭐ | 4.4精油SPA￥229/人 | ★,九间泰·泰式古法按摩SPA | 4F | 🌟🌟🌟⭐ | 4.4精油SPA￥229/人 | ★ | NINE SPA | 中山公园/江苏路精油SPA销量榜第3名 | 九间泰 | 身心泰然我的空间 | 泰式风情治愈，按摩手法正宗 | ￥239 | ￥1999.1折 | 【经典舒展】70分.. | 惠,ocr/input_videos\上海__长宁来福士__20260825.mp4
OBS-001094,长宁来福士,姚同楷书法工作室,姚同楷书法工作室,书法,4.1,34,商场内,rated,True,,rated,parsed,rating_anchor,0.9805,0.9995,53,9540,163.008,商场内 | 4.1书法￥34/人,姚同楷书法工作室 | 宝作工法意精 | 暑假班特惠 | 毛笔·硬笔 | 商场内 | 4.1书法￥34/人 | 老师们亲和，接送一次搞定 | “,ocr/input_videos\上海__长宁来福士__20260825.mp4
OBS-001095,长宁来福士,联想直营店,联想直营店,数码,4.8,4633,商场内,rated,True,,rated,parsed,rating_anchor,0.9216,0.9983,58,9540,163.008,⭐⭐⭐⭐4.8数码 | ￥4633/人商场内,联想直营店 | Laon tKt | Y | A平Y7CO无 | 小平板大5G | ⭐⭐⭐⭐4.8数码 | ￥4633/人商场内 | 方便好找，服务专业不推销 | ￥189￥299 | 【到店】换散热硅脂（游... | 惠,ocr/input_videos\上海__长宁来福士__20260825.mp4
OBS-001096,长宁来福士,九间泰·泰式古法按摩SPA,九间泰·泰式古法按摩SPA,精油SPA,4.4,229,4F,rated,True,,rated,parsed,rating_anchor,0.9792,0.9914,57,9540,163.008,4.4精油SPA￥229/人 | 4F,九间泰·泰式古法按摩SPA | 4.4精油SPA￥229/人 | A | 4F | NINE SPA | 中山公园/江苏路精油SPA销量榜第3名 | 九间泰 | 身心泰然我的空间 | 泰式风情治愈，按摩手法正宗 | ≤ | ￥1999.1折 | ￥239 | 【经典舒展】70分.. | 惠,ocr/input_videos\上海__长宁来福士__20260825.mp4
OBS-001097,长宁来福士,八马茶业(长宁来福士店),八马茶业(长宁来福士店),茶馆,4.7,43,6F,rated,True,,rated,parsed,rating_anchor,0.9538,0.9645,56,9540,163.008,6F | 4.7茶馆￥43/人,八马茶业(长宁来福士店) | 八马茶业 | 6F | AAVATEA | 4.7茶馆￥43/人 | 品牌商务茶馆 | 全国超3800家连锁店 | 点评榜单 | 中山公园/江苏路茶馆好评榜第3名 | 茶汤清亮口感好，座椅舒适窗外风景佳 | ￥195折 | ￥98 | 惠 | 「放松驿站」得闲喝茶·,ocr/input_videos\上海__长宁来福士__20260825.mp4
OBS-001098,长宁来福士,松青太·AI机器人按摩,松青太·AI机器人按摩,休闲按摩足浴,4.8,158,5F,rated,True,,rated,parsed,rating_anchor,0.9846,0.9905,51,9540,163.008,4.8休闲按摩足浴￥158/人5F,松青太·AI机器人按摩 | 肩颈 | 4.8休闲按摩足浴￥158/人5F | 舒缓 | 燃脂塑型效果好，服务超级贴心 | “ | 就找松青太 | ￥69 | 新客健验 | ￥1294.4折 | ￥299安神舒眠|头部放. | 惠,ocr/input_videos\上海__长宁来福士__20260825.mp4
OBS-001099,长宁来福士,八马茶业(长宁来福士店),八马茶业(长宁来福士店),茶馆,4.7,43,6F,rated,True,,rated,parsed,rating_anchor,0.9375,0.9356,56,9624,164.443,6F | 4.7茶馆￥43/人,八马茶业(长宁来福士店) | 八马茶业 | BAMATEA | 6F | 4.7茶馆￥43/人 | 品牌商务茶馆 | 全国超3800家连锁店 | 点评榜单 | 中山公园/江苏路茶馆好评榜第3名 | 茶汤清亮口感好，座椅舒适窗外风景佳 | 力 | ￥195折 | ￥98 | 「放松驿站」得闲喝茶· | 惠,ocr/input_videos\上海__长宁来福士__20260825.mp4
OBS-001100,长宁来福士,松青太·AI机器人按摩,松青太·AI机器人按摩,休闲按摩浴,4.8,,5F,rated,True,,rated,parsed,rating_anchor,0.9766,0.9814,54,9624,164.443,4.8休闲按摩浴￥158/5F,松青太·AI机器人按摩 | 肩颈 | 4.8休闲按摩浴￥158/5F | 舒缓 | 燃脂塑型效果好，服务超级贴心” | 就找松膏太 | ￥69 | 新客偏验 | 惠￥1294.4折 | ￥299安神舒眠|头部放...,ocr/input_videos\上海__长宁来福士__20260825.mp4
OBS-001101,长宁来福士,名医堂·颈肩腰腿特色调理,名医堂·颈肩腰腿特色调理,推拿养生,4.6,158,4F,rated,True,,rated,parsed,rating_anchor,0.9735,0.9934,51,9624,164.443,4F | 4.6推拿养生￥158/人,名医堂·颈肩腰腿特色调理 | O | 4F | 4.6推拿养生￥158/人 | 茗医堂 | 中山公园/江苏路推拿养生销量榜第4名 | 腰疼缓解大半，手法专业 | ￥1598.5折 | ￥198 | 【深度放松】20年. | 惠,ocr/input_videos\上海__长宁来福士__20260825.mp4
OBS-001102,长宁来福士,华为授权体验店,华为授权体验店,数码产品,4.8,4933,1F,rated,True,,rated,parsed,rating_anchor,0.9809,0.9992,52,9624,164.443,1F | 4.8数码产品￥4933/人,华为授权体验店 | 1F | 4.8数码产品￥4933/人 | HUAWEI | 贴新膜触屏灵敏，效果超赞！ | ” | ( | ￥9.9￥49手机贴膜|华为手机9.9享手... | 惠,ocr/input_videos\上海__长宁来福士__20260825.mp4
OBS-001103,长宁来福士,八马茶业(长宁来福士店),八马茶业(长宁来福士店),茶馆,4.7,43,6F,rated,True,,rated,parsed,rating_anchor,0.9455,0.9538,51,9648,164.853,6F | ⭐4.7茶馆￥43/人,八马茶业(长宁来福士店) | 八马茶业 | BAVATEA | 6F | ⭐4.7茶馆￥43/人 | 品牌商务茶馆 | 全国超3800家连锁店 | 点评榜单 | 中山公园/江苏路茶馆好评榜第3名 | 茶汤清亮口感好，座椅舒适窗外风景佳 | 2 | ￥19 | 5折 | ￥98 | 「放松驿站」得闲喝茶·. | 惠,ocr/input_videos\上海__长宁来福士__20260825.mp4
OBS-001104,长宁来福士,松青太·AI机器人按摩,松青太·AI机器人按摩,休闲按摩足浴,4.8,158,5F,rated,True,,rated,parsed,rating_anchor,0.9793,0.9883,51,9648,164.853,4.8休闲按摩足浴￥158/人5F,松青太·AI机器人按摩 | 肩颈 | 4.8休闲按摩足浴￥158/人5F | 舒缓 | 燃脂塑型效果好，服务超级贴心 | 就执松青太 | ￥69 | 新客体验 | ￥1294.4折 | ￥299安神舒眠一头部放.. | 惠,ocr/input_videos\上海__长宁来福士__20260825.mp4
OBS-001105,长宁来福士,名医堂·颈肩腰腿特色调理,名医堂·颈肩腰腿特色调理,推拿养生,4.6,158,4F,rated,True,,rated,parsed,rating_anchor,0.9512,0.9935,51,9648,164.853,4F | ⭐4.6推拿养生￥158/人,名医堂·颈肩腰腿特色调理 | 0 | 4F | ⭐4.6推拿养生￥158/人 | 茗医堂 | 中山公园/江苏路推拿养生销量榜第4名 | 腰疼缓解大半，手法专业 | ≤ | 3 | ISGVITA | ￥1598.5折 | ￥198 | 惠 | 【深度放松】20年..,ocr/input_videos\上海__长宁来福士__20260825.mp4
OBS-001106,长宁来福士,华为授权体验店,华为授权体验店,数码产品,4.8,4933,1F,rated,True,,rated,parsed,rating_anchor,0.9845,0.9998,51,9648,164.853,1F | 4.8数码产品￥4933/人,华为授权体验店 | 1F | 4.8数码产品￥4933/人 | HUAWEI | 贴新膜触屏灵敏，效果超赞！ | 力 | ￥9.9￥49手机贴膜|华为手机9.9享手.. | 惠,ocr/input_videos\上海__长宁来福士__20260825.mp4
OBS-001107,长宁来福士,绿梦高尔夫·综合品牌&室内模拟...,绿梦高尔夫·综合品牌&室内模拟,高尔夫场,4.9,,商场内,rated,True,,rated,parsed,rating_anchor,0.9691,0.9391,58,9648,164.853,商场内 | ⭐🌟🌈🌈4.9 | 高尔夫场,绿梦高尔夫·综合品牌&室内模拟... | 8WR | 商场内 | ⭐🌟🌈🌈4.9 | 高尔夫场 | 点评榜单 | 中山公园/江苏路球类运动好评榜第1名,ocr/input_videos\上海__长宁来福士__20260825.mp4
OBS-001108,长宁来福士,华为授权体验店,华为授权体验店,数码产品,4.8,4933,1F,rated,True,,rated,parsed,rating_anchor,0.9797,0.9995,52,9720,166.084,1F | 4.8数码产品￥4933/人,华为授权体验店 | 1F | 4.8数码产品￥4933/人 | HUAWEI | 贴新膜触屏灵敏，效果超赞！ | ” | ￥9.9￥49手机贴膜|华为手机9.9享... | 惠,ocr/input_videos\上海__长宁来福士__20260825.mp4
OBS-001109,长宁来福士,绿梦高尔夫·综合品牌&室内模拟...,绿梦高尔夫·综合品牌&室内模拟,高尔夫场,4.9,,商场内,rated,True,,rated,parsed,rating_anchor,0.9672,0.9482,57,9720,166.084,4.9高尔夫场 | 商场内,绿梦高尔夫·综合品牌&室内模拟... | 8699 | 4.9高尔夫场 | 商场内 | 点评榜单 | 中山公园/江苏路球类运动好评榜第1名 | 包间私密舒适，店员热情服务 | ￥89￥150 | 【新客特惠】室内模拟高尔.. | 惠,ocr/input_videos\上海__长宁来福士__20260825.mp4
OBS-001110,长宁来福士,樱花美睫·美甲,樱花美睫·美甲,美甲,4.7,241,6F,rated,True,,rated,parsed,rating_anchor,0.9475,0.9452,55,9720,166.084,4.7美甲￥241/人 | 6F,樱花美睫·美甲 | 4.7美甲￥241/人 | 6F | SAKURA | 樱花美睫·美甲 | 中山公园/江苏路美睫销量榜第1名 | ￥29.9￥60 | 【叠加使用】安心卸甲-本... | 惠,ocr/input_videos\上海__长宁来福士__20260825.mp4
OBS-001111,长宁来福士,砂糖科创·超级车库,砂糖科创·超级车库,积木拼搭,4.6,8996,3F,rated,True,,rated,parsed,rating_anchor,0.9714,0.9911,54,9720,166.084,4.6积木拼搭￥8996/人 | 3F,砂糖科创·超级车库 | 4.6积木拼搭￥8996/人 | 3F | 长宁区科学探索销量榜第10名 | 休息中 | 创客课程激发学习兴趣，作品展示自豪... | ￥9.9￥597全城6次课随心学1少游.. | 惠,ocr/input_videos\上海__长宁来福士__20260825.mp4
OBS-001112,长宁来福士,华为授权体验店,华为授权体验店,数码产品,4.8,4933,1F,rated,True,,rated,parsed,rating_anchor,0.9772,0.9999,55,9768,166.904,4.8数码产品￥4933/人 | 1F,华为授权体验店 | 4.8数码产品￥4933/人 | 1F | HUAWEI | 贴新膜触屏灵敏，效果超赞！ | ” | ￥9.9￥49手机贴膜|华为手机9.9享手... | 惠,ocr/input_videos\上海__长宁来福士__20260825.mp4
OBS-001113,长宁来福士,绿梦高尔夫·综合品牌&室内模拟...,绿梦高尔夫·综合品牌&室内模拟,高尔夫场,4.9,,商场内,rated,True,,rated,parsed,rating_anchor,0.9615,0.9346,61,9768,166.904,商场内 | 4.9高尔夫场,绿梦高尔夫·综合品牌&室内模拟... | 8 | 商场内 | 4.9高尔夫场 | 点评榜单 | 中山公园/江苏路球类运动好评榜第1名 | 包间私密舒适，店员热情服务 | 惠 | ￥89￥150 | 【新客特惠】室内模拟高尔...,ocr/input_videos\上海__长宁来福士__20260825.mp4
OBS-001114,长宁来福士,樱花美睫·美甲,樱花美睫·美甲,美甲,4.7,241,6F,rated,True,,rated,parsed,rating_anchor,0.9304,0.9313,55,9768,166.904,4.7美甲￥241/人 | 6F,樱花美睫·美甲 | 4.7美甲￥241/人 | 6F | SAKURA | 樱花美睫·美甲 | 中山公园/江苏路美睫销量榜第1名 | ￥29.9￥60【 | 【叠加使用】安心卸甲-本... | 惠,ocr/input_videos\上海__长宁来福士__20260825.mp4
OBS-001115,长宁来福士,砂糖科创·超级车库,砂糖科创·超级车库,积木拼搭,4.6,8996,3F,rated,True,,rated,parsed,rating_anchor,0.9773,0.9897,57,9768,166.904,3F | 4.6积木拼搭￥8996/人,砂糖科创·超级车库 | 3F | 4.6积木拼搭￥8996/人 | 长宁区科学探索销量榜第10名 | 休息中 | 创客课程激发学习兴趣，作品展示自豪... | ￥9.9￥597全城6次课随心学|少儿游... | 惠,ocr/input_videos\上海__长宁来福士__20260825.mp4
OBS-001116,长宁来福士,华为授权体验店,华为授权体验店,数码产品,4.8,4933,1F,rated,True,,rated,parsed,rating_anchor,0.9764,0.9998,55,9780,167.109,4.8数码产品￥4933/人 | 1F,华为授权体验店 | 4.8数码产品￥4933/人 | 1F | HUAWEI | 贴新膜触屏灵敏，效果超赞！ | ” | ￥9.9￥49手机贴膜|华为手机9.9享手... | 惠,ocr/input_videos\上海__长宁来福士__20260825.mp4
OBS-001117,长宁来福士,绿梦高尔夫·综合品牌&室内模拟...,绿梦高尔夫·综合品牌&室内模拟,高尔夫场,4.9,,商场内,rated,True,,rated,parsed,rating_anchor,0.9714,0.9574,60,9780,167.109,商场内 | 4.9高尔夫场,绿梦高尔夫·综合品牌&室内模拟... | 8 | 商场内 | 4.9高尔夫场 | 点评榜单 | 中山公园/江苏路球类运动好评榜第1名 | 包间私密舒适，店员热情服务 | 惠 | ￥89￥150 | 【新客特惠】室内模拟高尔..,ocr/input_videos\上海__长宁来福士__20260825.mp4
OBS-001118,长宁来福士,櫻花美睫·美甲,樱花美睫·美甲,美甲,4.7,241,6F,rated,True,,rated,parsed,rating_anchor,0.9258,0.9178,56,9780,167.109,4.7美甲￥241/人 | 6F,櫻花美睫·美甲 | 4.7美甲￥241/人 | 6F | SAKURA | 樱花美睫·美甲 | 中山公园/江苏路美睫销量榜第1名 | ￥29.9￥60【 | 【叠加使用】安心卸甲-本... | 惠,ocr/input_videos\上海__长宁来福士__20260825.mp4
OBS-001119,长宁来福士,砂糖科创·超级车库,砂糖科创·超级车库,积木拼搭,4.6,8996,3F,rated,True,,rated,parsed,rating_anchor,0.9721,0.9904,53,9780,167.109,3F | 4.6积木拼搭￥8996/人,砂糖科创·超级车库 | 3F | 4.6积木拼搭￥8996/人 | 长宁区科学探索销量榜第10名 | 休息中 | 创客课程激发学习兴趣，作品展示自豪.. | ￥9.9￥597全城6次课随心学|少儿游.. | 惠,ocr/input_videos\上海__长宁来福士__20260825.mp4
OBS-001120,长宁来福士,砂糖科创·超级车库,砂糖科创·超级车库,积木拼搭,4.6,8996,3F,rated,True,,rated,parsed,rating_anchor,0.9673,0.9923,51,9828,167.929,3F | 4.6积木拼搭￥8996/人,砂糖科创·超级车库 | 3F | 4.6积木拼搭￥8996/人 | 长宁区科学探索销量榜第10名 | 休息中 | 创客课程激发学习兴趣，作品展示自豪.. | ≤ | ￥9.9￥597全城6次课随心学|少游... | 惠,ocr/input_videos\上海__长宁来福士__20260825.mp4
OBS-001121,长宁来福士,Dr.stretch·拉伸博士,Dr.stretch·拉伸博士,私教工,4.6,379,商场内,rated,True,,rated,parsed,rating_anchor,0.9404,0.9779,51,9828,167.929,4.6 私教工 | ￥379/人商场内,Dr.stretch·拉伸博士 | 4.6 私教工 | ￥379/人商场内 | Drstretch | 拉伸博士 | 中山公园/江苏路私教/团操工作室销量榜第6名 | 拉伸放松到位，环境简洁干净 | 号 | 全球300+拉伸门店 | ￥258￥520 | 「新客」80min全身拉伸· | 惠,ocr/input_videos\上海__长宁来福士__20260825.mp4
OBS-001122,长宁来福士,长风拨筋养身,长风拨筋养身,休闲按,4.8,172,商场内,rated,True,,rated,parsed,rating_anchor,0.9729,0.9968,51,9828,167.929,4.8休闲按 | ￥172/人商场内,拨筋 | 长风拨筋养身 | 4.8休闲按 | ￥172/人商场内 | 筋 | 中山公园/江苏路休闲按摩浴销量榜第7名 | 养身 | 夏三伏拨筋节 | 手法非常舒服，头疗拨筋效果显著” | ￥1388.3折 | ￥169肩颈拨筋1直击酸.. | 惠,ocr/input_videos\上海__长宁来福士__20260825.mp4
OBS-001123,长宁来福士,丽妍雅集 Rubis SPA,丽妍雅集RubisSPA,SPA美体,4.6,500,3F,rated,True,,rated,parsed,rating_anchor,0.9544,0.955,51,9828,167.929,3F | 4.6SPA美体￥500/人,丽妍雅集 Rubis SPA | 丽妍雅集 | ReS | 3F | 4.6SPA美体￥500/人 | 中山公园/江苏路SPA按摩销量榜第8名 | 氛围好闻留香，按摩技能满分 | ￥2516.4折 | ￥98090分钟补水保湿进.. | 惠,ocr/input_videos\上海__长宁来福士__20260825.mp4
OBS-001124,长宁来福士,砂糖科创·超级车库,砂糖科创·超级车库,积木拼搭,4.6,8996,3F,rated,True,,rated,parsed,rating_anchor,0.9751,0.9933,53,9852,168.339,3F | 4.6积木拼搭￥8996/人,砂糖科创·超级车库 | 3F | 4.6积木拼搭￥8996/人 | 长宁区科学探索销量榜第10名 | 休息中 | 创客课程激发学习兴趣，作品展示自豪... | ￥9.9￥597全城6次课随心学1少儿游.. | 惠,ocr/input_videos\上海__长宁来福士__20260825.mp4
OBS-001125,长宁来福士,Dr.stretch·拉伸博士,Dr.stretch·拉伸博士,私教工,4.6,379,商场内,rated,True,,rated,parsed,rating_anchor,0.8836,0.9736,50,9852,168.339,🌟⭐⭐4.6私教工 | ￥379/人商场内,Dr.stretch·拉伸博士 | 🌟⭐⭐4.6私教工 | ￥379/人商场内 | Drstretch | 拉伸博士 | 中山公园/江苏路私教/团操工作室销量榜第6名 | 拉伸放松到位，环境简洁干净 | 全球300+拉伸门店 | ￥258￥520「新客」80min全身拉伸· | 惠,ocr/input_videos\上海__长宁来福士__20260825.mp4
OBS-001126,长宁来福士,长风拨筋养身,长风拨筋养身,休闲按,4.8,172,商场内,rated,True,,rated,parsed,rating_anchor,0.9915,0.9953,51,9852,168.339,4.8休闲按 | ￥172/人商场内,拨筋 | 长风拨筋养身 | 4.8休闲按 | ￥172/人商场内 | 筋 | 中山公园/江苏路休闲按摩足浴销量榜第7名 | 养身 | 夏三伏拨筋节 | 手法非常舒服，头疗拨筋效果显著 | 力 | ≤ | ￥1388.3折 | ￥169肩颈拨筋|直击酸... | 惠,ocr/input_videos\上海__长宁来福士__20260825.mp4
OBS-001127,长宁来福士,丽妍雅集 Rubis SPA,丽妍雅集RubisSPA,SPA美体,4.6,500,3F,rated,True,,rated,parsed,rating_anchor,0.9612,0.9612,48,9852,168.339,4.6SPA美体￥500/人 | 3F,丽妍雅集 Rubis SPA | 丽妍雅集 | Re5P | 4.6SPA美体￥500/人 | 3F | 中山公园/江苏路SPA按摩销量榜第8名 | 氛围好闻留香，按摩技能满分 | K | ￥2516.4折 | 惠 | ￥98090分钟补水保湿进...,ocr/input_videos\上海__长宁来福士__20260825.mp4
OBS-001128,长宁来福士,诺篮伽牛STEM科学实验人工智能...,诺篮伽牛STEM科学实验人工智能,科学实验,4.4,,商场内,rated,True,,rated,parsed,rating_anchor,0.9047,0.9684,55,9852,168.339,商场内 | ⭐⭐⭐4.4科学实验,诺篮伽牛STEM科学实验人工智能... | 科创竞赛 | 科学实验人工智能 | 商场内 | ⭐⭐⭐4.4科学实验 | 升学 | 长宁区科学探索销量榜第5名 | 规划,ocr/input_videos\上海__长宁来福士__20260825.mp4
OBS-001129,长宁来福士,Dr.stretch·拉伸博士,Dr.stretch·拉伸博士,私教工,4.6,379,商场内,rated,True,,rated,parsed,rating_anchor,0.9114,0.9504,47,9900,169.159,⭐4.6私教工 | ￥379/人商场内,Dr.stretch·拉伸博士 | ⭐4.6私教工 | ￥379/人商场内 | Drstretch | 拉伸博士 | 中山公园/江苏路私教/团操工作室销量榜第6名 | 拉伸放松到位，环境简洁干净 | 2 | - | 全球300+拉伸门店 | 「新客」80min全身拉伸·…. | ￥258￥520 | 惠,ocr/input_videos\上海__长宁来福士__20260825.mp4
OBS-001130,长宁来福士,长风拨筋养身,长风拨筋养身,休闲按.,4.8,172,商场内,rated,True,,rated,parsed,rating_anchor,0.94,0.9961,51,9900,169.159,⭐4.8休闲按. | ￥172/人商场内,拨筋 | 长风拨筋养身 | ⭐4.8休闲按. | ￥172/人商场内 | 中山公园/江苏路休闲按摩浴销量榜第7名 | 养身 | 夏三伏拨筋节 | 法非常舒服，头疗拨筋效果显著” | ( | ￥169肩颈拨筋|直击酸.. | ￥1388.3折 | 惠,ocr/input_videos\上海__长宁来福士__20260825.mp4
OBS-001131,长宁来福士,丽妍雅集Rubis SPA,丽妍雅集RubisSPA,SPA美体,4.6,500,3F,rated,True,,rated,parsed,rating_anchor,0.9607,0.9764,53,9900,169.159,4.6SPA美体￥500/人 | 3F,丽妍雅集Rubis SPA | 丽妍雅集 | Re S | 4.6SPA美体￥500/人 | 3F | 中山公园/江苏路SPA按摩销量榜第8名 | 氛围好闻留香，按摩技能满分 | ￥2516.4折 | 惠 | ￥98090分钟补水保湿进...,ocr/input_videos\上海__长宁来福士__20260825.mp4
OBS-001132,长宁来福士,诺篮伽牛STEM科学实验人工智能....,诺篮伽牛STEM科学实验人工智能,科学实验,4.4,,商场内,rated,True,,rated,parsed,rating_anchor,0.9514,0.9367,56,9900,169.159,⭐⭐4.4科学实验 | 商场内,诺篮伽牛STEM科学实验人工智能.... | 科创竞赛 | 科学实验人工智能 | ⭐⭐4.4科学实验 | 商场内 | 升学 | 长宁区科学探索销量榜第5名 | 规划 | 环境宽敬，科学课程体验超嗨 | 日岁-16岁 | ￥9.9￥597全城6次课随心学|少游.. | 惠,ocr/input_videos\上海__长宁来福士__20260825.mp4
OBS-001133,长宁来福士,丽妍雅集 Rubis SPA,丽妍雅集RubisSPA,SPA美体,4.6,500,3F,rated,True,,rated,parsed,rating_anchor,0.9542,0.9507,51,9924,169.569,3F | 4.6SPA美体￥500/人,丽妍雅集 Rubis SPA | 丽妍雅集 | Re5 | 3F | 4.6SPA美体￥500/人 | 中山公园/江苏路SPA按摩销量榜第8名 | 氛围好闻留香，按摩技能满分 | ￥251 | ￥98090分钟补水保湿进... | 6.4折 | 惠,ocr/input_videos\上海__长宁来福士__20260825.mp4
OBS-001134,长宁来福士,诺篮伽牛STEM科学实验人工智能....,诺篮伽牛STEM科学实验人工智能,科学实验,4.4,,商场内,rated,True,,rated,parsed,rating_anchor,0.9747,0.9524,54,9924,169.569,🌟🌟🌟 | 商场内 | 4.4科学实验 | ★,诺篮伽牛STEM科学实验人工智能.... | 科创竞赛 | 科学实验人工智能 | 🌟🌟🌟 | 商场内 | 4.4科学实验 | ★ | 升学 | 长宁区科学探索销量榜第5名 | 规划 | 环境宽敬，科学课程体验超嗨 | 白岁-16岁 | 福 | ￥9.9￥597全城6次课随心学|少游.. | 惠,ocr/input_videos\上海__长宁来福士__20260825.mp4
OBS-001135,长宁来福士,盒马鲜生,盒马鲜生,超市便利,4.8,84,B1,rated,True,,rated,parsed,rating_anchor,0.968,0.9994,50,9924,169.569,⭐🌟⭐⭐⭐4.8 | B1 | 超市便利￥84/人,盒马鲜生 | 盒马 | ⭐🌟⭐⭐⭐4.8 | B1 | 超市便利￥84/人 | 点评榜单 | 中山公园/江苏路超市便利好评榜第3名 | 低GI水果，皮肤嫩嫩滴,ocr/input_videos\上海__长宁来福士__20260825.mp4
OBS-001136,长宁来福士,迪卡坐标,迪卡坐标,其他科学..,3.6,15736,3F,rated,True,,rated,parsed,rating_anchor,0.9455,0.9992,56,9924,169.569,3.6其他科学..￥15736/人3F,迪卡坐标 | 3.6其他科学..￥15736/人3F,ocr/input_videos\上海__长宁来福士__20260825.mp4
OBS-001137,长宁来福士,耳道精致采耳,耳道精致采耳,采耳头疗,4.7,238,商场内,rated,True,,rated,parsed,rating_anchor,0.9732,0.9842,51,9924,169.569,🌟🌟🌟🌟🌟 | 商场内 | 采耳头疗￥238/人 | 4.7,耳道精致采耳 | 🌟🌟🌟🌟🌟 | 商场内 | 采耳头疗￥238/人 | 4.7 | 瓦道,ocr/input_videos\上海__长宁来福士__20260825.mp4
OBS-001138,长宁来福士,长风拨筋养身,长风拨筋养身,休闲按.,4.8,172,商场内,rated,True,,rated,parsed,rating_anchor,0.9269,0.9984,51,9960,170.184,⭐4.8休闲按. | ￥172/人商场内,拨筋 | 长风拨筋养身 | ⭐4.8休闲按. | ￥172/人商场内 | 中山公园/江苏路休闲按摩足浴销量榜第7名 | 养身 | 夏三伏拨筋节 | 手法非常舒服，头疗拨筋效果显著 | “ | ￥1388.3折 | ￥169肩颈拨筋|直击酸.. | 惠,ocr/input_videos\上海__长宁来福士__20260825.mp4
OBS-001139,长宁来福士,丽妍雅集 Rubis SPA,丽妍雅集RubisSPA,SPA美体,4.6,500,3F,rated,True,,rated,parsed,rating_anchor,0.9492,0.9605,51,9960,170.184,4.6SPA美体￥500/人 | 3F,丽妍雅集 Rubis SPA | 丽妍雅集 | 2+25 | 4.6SPA美体￥500/人 | 3F | 中山公园/江苏路SPA按摩销量榜第8名 | 氛围好闻留香，按摩技能满分 | 打 | G | ￥2516.4折 | ￥98090分钟补水保湿进... | 惠,ocr/input_videos\上海__长宁来福士__20260825.mp4
OBS-001140,长宁来福士,诺篮伽牛STEM科学实验人工智能...,诺篮伽牛STEM科学实验人工智能,科学实验,4.4,,商场内,rated,True,,rated,parsed,rating_anchor,0.966,0.9705,51,9960,170.184,商场内 | ⭐⭐⭐4.4科学实验,科创竞赛 | 诺篮伽牛STEM科学实验人工智能... | 科学实验人工智能 | 商场内 | ⭐⭐⭐4.4科学实验 | 升学 | 长宁区科学探索销量榜第5名 | 规划 | 环境宽敬，科学课程体验超嗨 | 日岁-16岁 | ￥9.9￥597全城6次课随心学1少儿游... | 惠,ocr/input_videos\上海__长宁来福士__20260825.mp4
OBS-001141,长宁来福士,盒马鲜生,盒马鲜生,超市便利,4.8,84,B1,rated,True,,rated,parsed,rating_anchor,0.9736,0.9995,53,9960,170.184,B1 | 4.8超市便利￥84/人,盒马鲜生 | 盒马 | B1 | 4.8超市便利￥84/人 | 点评榜单 | 中山公园/江苏路超市便利好评榜第3名 | 低GI水果，皮肤嫩嫩滴,ocr/input_videos\上海__长宁来福士__20260825.mp4
OBS-001142,长宁来福士,迪卡坐标,迪卡坐标,其他科学.,3.6,15736,3F,rated,True,,rated,parsed,rating_anchor,0.9755,0.9997,57,9960,170.184,3.6其他科学.￥15736/人3F,迪卡坐标 | 3.6其他科学.￥15736/人3F,ocr/input_videos\上海__长宁来福士__20260825.mp4
OBS-001143,长宁来福士,丽妍雅集Rubis SPA,丽妍雅集RubisSPA,SPA美体,4.6,500,3F,rated,True,,rated,parsed,rating_anchor,0.963,0.9624,48,9984,170.595,3F | 4.6SPA美体￥500/人,丽妍雅集Rubis SPA | 丽妍雅集 | iese | 3F | 4.6SPA美体￥500/人 | 中山公园/江苏路SPA按摩销量榜第8名 | 氛围好闻留香，按摩技能满分 | 1 | ￥2516.4折 | ￥98090分钟补水保湿进... | 惠,ocr/input_videos\上海__长宁来福士__20260825.mp4
OBS-001144,长宁来福士,诺篮伽牛STEM科学实验人工智能...,诺篮伽牛STEM科学实验人工智能,科学实验,4.4,,商场内,rated,True,,rated,parsed,rating_anchor,0.9719,0.9449,54,9984,170.595,🌟🌟🌟🌟 | 商场内 | 4.4科学实验 | ★,诺篮伽牛STEM科学实验人工智能... | 科创竞赛 | 科学实验人工智能 | 🌟🌟🌟🌟 | 商场内 | 4.4科学实验 | ★ | 升学 | 长宁区科学探索销量榜第5名 | 规划 | 环境宽敬，科学课程体验超嗨 | 日岁-16岁 | ￥9.9￥597全城6次课随心学|少游. | 惠,ocr/input_videos\上海__长宁来福士__20260825.mp4
OBS-001145,长宁来福士,盒马鲜生,盒马鲜生,超市便利,,84,B1,unknown,True,,ocr_missing,parsed,metadata_anchor,0.9734,0.9994,56,9984,170.595,B1 | 🌟🌟🌟🌟🌟 | 超市便利￥84/人 | 14.8,盒马鲜生 | 盒马 | B1 | 🌟🌟🌟🌟🌟 | 超市便利￥84/人 | 14.8 | 点评榜单 | 中山公园/江苏路超市便利好评榜第3名 | 低GI水果，皮肤嫩嫩滴,ocr/input_videos\上海__长宁来福士__20260825.mp4
OBS-001146,长宁来福士,迪卡坐标,迪卡坐标,其他科学...,3.6,,3F,rated,True,,rated,parsed,rating_anchor,0.9712,0.9989,57,9984,170.595,3.6其他科学…￥15736/3F,迪卡坐标 | 3.6其他科学…￥15736/3F,ocr/input_videos\上海__长宁来福士__20260825.mp4
OBS-001147,长宁来福士,耳道精致采耳,耳道精致采耳,采耳头疗,4.7,238,商场内,rated,True,,rated,parsed,rating_anchor,0.9769,0.9901,53,9984,170.595,商场内 | 🌟🌟🌟🌟🌟 | 4.7 | 采耳头疗￥238/人,耳道精致采耳 | 商场内 | 耳道 | 🌟🌟🌟🌟🌟 | 4.7 | 采耳头疗￥238/人 | 中山公园/江苏路采耳头疗销量榜第2名 | 1 | “独包厢隔音好，采耳解压圣地 | 55 | ￥288 | ￥199.99.1折 | 【体验版】金牌... | 惠,ocr/input_videos\上海__长宁来福士__20260825.mp4
OBS-001148,长宁来福士,诺篮伽牛STEM科学实验人工智能....,诺篮伽牛STEM科学实验人工智能,科学实验,4.4,,商场内,rated,True,,rated,parsed,rating_anchor,0.9715,0.9434,52,10020,171.21,商场内 | 🌟🌟🌟 | 4.4科学实验 | ★,诺篮伽牛STEM科学实验人工智能.... | 科创竞赛 | 科学实验人工智能 | 商场内 | 🌟🌟🌟 | 4.4科学实验 | ★ | 升学 | 长宁区科学探索销量榜第5名 | 规划 | 环境宽敬，科学课程体验超嗨 | 日岁-16岁 | ￥9.9￥597全城6次课随心学1少儿游... | 惠,ocr/input_videos\上海__长宁来福士__20260825.mp4
OBS-001149,长宁来福士,盒马鲜生,盒马鲜生,超市便利,,84,B1,unknown,True,,ocr_missing,parsed,metadata_anchor,0.9763,0.9997,57,10020,171.21,B1 | 🌟🌟🌟⭐🌟 | 超市便利￥84/人 | 14.8,盒马鲜生 | 盒马 | B1 | 🌟🌟🌟⭐🌟 | 超市便利￥84/人 | 14.8 | S | 点评榜单 | 中山公园/江苏路超市便利好评榜第3名 | 低GI水果，皮肤嫩嫩滴,ocr/input_videos\上海__长宁来福士__20260825.mp4
OBS-001150,长宁来福士,迪卡坐标,迪卡坐标,其他科学,3.6,15736,3F,rated,True,,rated,parsed,rating_anchor,0.9797,0.9995,52,10020,171.21,3.6其他科学￥15736/人3F,迪卡坐标 | 3.6其他科学￥15736/人3F | A,ocr/input_videos\上海__长宁来福士__20260825.mp4
OBS-001151,长宁来福士,耳道精致采耳,耳道精致采耳,采耳头疗,4.7,238,商场内,rated,True,,rated,parsed,rating_anchor,0.9407,0.9618,50,10020,171.21,⭐4.7采耳头疗￥238/人 | 商场内,耳道精致采耳 | 耳道 | ⭐4.7采耳头疗￥238/人 | 商场内 | 中山公园/江苏路采耳头疗销量榜第2名 | 精政深耳 | “独立包厢隔音好，采耳解压圣地 | ￥288 | ￥199.99.1折 | 【体验版】金牌.. | 惠,ocr/input_videos\上海__长宁来福士__20260825.mp4
OBS-001152,长宁来福士,思妍丽,思妍丽,SPA美体,4.5,332,商场内,rated,True,,rated,parsed,rating_anchor,0.9831,0.9946,58,10020,171.21,4.5SPA美体￥332/人 | 商场内,思妍丽 | SIYANLI | 200 | 4.5SPA美体￥332/人 | 商场内 | 近 | G | 美容连锁机构 | 中山公园/江苏路瘦身塑形销量榜第7名 | 笛新客钜惠 | 位置好找，洗脸身体都很舒服 | 3 | C | ￥1922.9折 | ￥98090分钟补水保湿一.. | 惠,ocr/input_videos\上海__长宁来福士__20260825.mp4
OBS-001153,长宁来福士,迪卡坐标,迪卡坐标,其他科学.,3.6,15736,3F,rated,True,,rated,parsed,rating_anchor,0.9598,0.9992,57,10092,172.44,3.6其他科学.￥15736/人3F,迪卡坐标 | 3.6其他科学.￥15736/人3F | 迎卡坐税,ocr/input_videos\上海__长宁来福士__20260825.mp4
OBS-001154,长宁来福士,耳道精致采耳,耳道精致采耳,采耳头疗,4.7,238,商场内,rated,True,,rated,parsed,rating_anchor,0.9777,0.9817,55,10092,172.44,商场内 | 🌟🌟⭐🌟🌟 | 4.7 | 采耳头疗￥238/人,耳道精致采耳 | 商场内 | 耳道 | 🌟🌟⭐🌟🌟 | 4.7 | 采耳头疗￥238/人 | 中山公园/江苏路采耳头疗销量榜第2名 | 精致宗 | 1 | “独立包厢隔音好，采耳解压圣地 | 3 | ￥288 | ￥199.99.1折 | 【体验版】金牌.. | 惠,ocr/input_videos\上海__长宁来福士__20260825.mp4
OBS-001155,长宁来福士,思妍丽,思妍丽,SPA美体,4.5,332,商场内,rated,True,,rated,parsed,rating_anchor,0.9805,0.9947,64,10092,172.44,商场内 | 4.5SPA美体￥332/人,思妍丽 | SIYANLI | 200 | 商场内 | 4.5SPA美体￥332/人 | 近 | 家 | 美容连锁机构 | 中山公园/江苏路瘦身塑形销量榜第7名 | “位置好找，洗脸身体都很舒服 | 笛新客钜惠 | 力 | ￥1922.9折 | ￥98090分钟补水保湿|… | 惠,ocr/input_videos\上海__长宁来福士__20260825.mp4
OBS-001156,长宁来福士,周生生Chow Sang Sang,周生生ChowSangSang,黄金,4.7,6813,商场内,rated,True,,rated,parsed,rating_anchor,0.9766,0.9737,71,10092,172.44,4.7黄金 | ￥6813/人商场内,周生生Chow Sang Sang | 周生生 | 4.7黄金 | ￥6813/人商场内 | 卷草纹设计，高颜值金饰” | (hou Sang ang,ocr/input_videos\上海__长宁来福士__20260825.mp4
OBS-001157,长宁来福士,好特卖HotMaxx,好特卖HotMaxx,超市便利,4.8,50,B1,rated,True,,rated,parsed,rating_anchor,0.9804,0.9942,54,10092,172.44,B1 | 4.8超市便利￥50/人,好特卖HotMaxx | B1 | 4.8超市便利￥50/人 | 好特卖 | “抽奖必中购物袋，大牌打折保质保量 | 5 | HotMax | 【会员享】金磨坊脆骨肉枣80g | ￥2.8￥2.9 | 惠,ocr/input_videos\上海__长宁来福士__20260825.mp4
OBS-001158,长宁来福士,耳道精致采耳,耳道精致采耳,采耳头疗,4.7,238,商场内,rated,True,,rated,parsed,rating_anchor,0.9602,0.9656,54,10176,173.875,4.7采耳头疗￥238/人 | 商场内,耳道精致采耳 | 耳道 | 4.7采耳头疗￥238/人 | 商场内 | 中山公园/江苏路采耳头疗销量榜第2名 | 精政深耳 | “独立包厢隔音好，采耳解压圣地 | ￥288 | ￥199.99.1折 | 【体验版】金牌... | 惠,ocr/input_videos\上海__长宁来福士__20260825.mp4
OBS-001159,长宁来福士,思妍丽,思妍丽,SPA美体,4.5,332,商场内,rated,True,,rated,parsed,rating_anchor,0.9806,0.9941,61,10176,173.875,商场内 | 4.5SPA美体￥332/人,思妍丽 | IYANLI | 200 | 商场内 | 4.5SPA美体￥332/人 | 近 | 家 | 美容连锁机构 | 中山公园/江苏路瘦身塑形销量榜第7名 | 出新客钜惠 | 位置好找，洗脸身体都很舒服 | 2 | ￥1922.9折 | ￥98090分钟补水保湿一.. | 惠,ocr/input_videos\上海__长宁来福士__20260825.mp4
OBS-001160,长宁来福士,周生生Chow Sang Sang,周生生ChowSangSang,黄金,4.7,6813,商场内,rated,True,,rated,parsed,rating_anchor,0.8703,0.9663,66,10176,173.875,⭐⭐⭐🌟4.7 黄金 | ￥6813/人商场内,周生生Chow Sang Sang | 周生生 | ⭐⭐⭐🌟4.7 黄金 | ￥6813/人商场内 | 卷草纹设计，高颜值金饰 | (hou Sang Sang,ocr/input_videos\上海__长宁来福士__20260825.mp4
OBS-001161,长宁来福士,好特卖HotMaxx,好特卖HotMaxx,超市便利,4.8,50,B1,rated,True,,rated,parsed,rating_anchor,0.9744,0.9931,54,10176,173.875,B1 | 4.8超市便利￥50/人,好特卖HotMaxx | B1 | 4.8超市便利￥50/人 | 好特卖 | “抽奖必中购物袋，大牌打折保质保量 | HotMax | 【会员享】金磨坊脆骨肉枣80g | ￥2.8￥2.9 | 惠,ocr/input_videos\上海__长宁来福士__20260825.mp4
OBS-001162,长宁来福士,H2half一半洗脸一半洗头,H2half一半洗脸一半洗头,皮肤管理,4.0,158,6F,rated,True,,rated,parsed,rating_anchor,0.9845,0.99,51,10176,173.875,🌟🌟⭐⭐ | 6F | 4.0皮肤管理￥158/人,H2half一半洗脸一半洗头 | H2-half12ar | 一半洗脸 | 🌟🌟⭐⭐ | 6F | 4.0皮肤管理￥158/人 | 一半洗头 | 洗得 | 点评榜单 | 中山公园/江苏路美容/SPA热门榜第5名 | 非常舒服 | 面部清洁彻底，环境干净温馨 | S | ￥687折 | 惠 | ￥12830分钟洗发|精品碳酸..,ocr/input_videos\上海__长宁来福士__20260825.mp4
OBS-001163,长宁来福士,H2half一半洗脸一半洗头,H2half一半洗脸一半洗头,皮肤管理,4.0,158,6F,rated,True,,rated,parsed,rating_anchor,0.9495,0.968,51,10236,174.9,⭐🌟🌟⭐ | 4.0皮肤管理￥158/人 | 6F,H2half一半洗脸一半洗头 | H2-half12am | 一羊洗脸 | ⭐🌟🌟⭐ | 4.0皮肤管理￥158/人 | 6F | 一羊洗头 | 点评榜单 | 洗得 | 中山公园/江苏路美容/SPA热门榜第5名 | 非常舒服 | 面部清洁彻底，环境干净温馨 | S | 2 | ￥687折 | ￥12830分钟洗发|精品碳酸.... | 惠,ocr/input_videos\上海__长宁来福士__20260825.mp4
OBS-001164,长宁来福士,来自芳·头护养发,来自芳·头护养发,养发,4.3,164,商场内,rated,True,,rated,parsed,rating_anchor,0.9765,0.9936,54,10236,174.9,商场内 | 🌟🌟🌟 | 4.3养发￥164/人 | ★,来自芳·头护养发 | 商场内 | 🌟🌟🌟 | 4.3养发￥164/人 | ★ | 来自芳 | 点评榜单 | let's fang | 长宁区养发热门榜第2名 | ￥168￥220 | 惠 | 【舒适洗发】芳香能量洗SPA,ocr/input_videos\上海__长宁来福士__20260825.mp4
OBS-001165,长宁来福士,FancyFancy舞蹈教室,FancyFancy舞蹈教室,舞蹈,3.5,931,,rated,True,,rated,parsed,rating_anchor,0.9732,0.999,60,10236,174.9,3.5舞蹈￥931/人,FancyFancy舞蹈教室 | 3.5舞蹈￥931/人 | 新香开年季专属优理务 | 老师耐专业，跳完神清爽” | 眼定开启中！ | ￥9.99 | ￥199 | 4.8折 | 惠 | 【零基础】不限舞...,ocr/input_videos\上海__长宁来福士__20260825.mp4
OBS-001166,长宁来福士,LANNI蘭·泰式古法按摩,LANNI兰·泰式古法按摩,精油SPA,4.8,376,4F,rated,True,,rated,parsed,rating_anchor,0.9691,0.9837,48,10236,174.9,4F | 🌟🌟★★★ | 4.8 | 精油SPA￥376/人,LANNI蘭·泰式古法按摩 | Lann | 4F | 🌟🌟★★★ | 4.8 | 精油SPA￥376/人 | 品牌人气榜 | -2025年度 | 中山公园/江苏路精油SPA销量榜第2名 | 气通畅，按完整个都舒展开了” | 80+门店 | “ | 全国 | 惠 | ￥4108.5折 | ￥498 | 【全身精油】泰式S..,ocr/input_videos\上海__长宁来福士__20260825.mp4
OBS-001167,长宁来福士,H2half一半洗脸一半洗头,H2half一半洗脸一半洗头,皮肤管理,4.0,158,6F,rated,True,,rated,parsed,rating_anchor,0.979,0.9836,54,10260,175.31,🌟🌟⭐ | 6F | 4.0皮肤管理￥158/人 | ★,H2half一半洗脸一半洗头 | H2·half120T | 一半洗脸 | 🌟🌟⭐ | 6F | 4.0皮肤管理￥158/人 | ★ | 一半洗头 | 点评榜单 | 中山公园/江苏路美容/SPA热门榜第5名 | 洗得 | 非常舒服 | “ | 面部清洁彻底，环境干净温馨 | ￥687折 | ￥12830分钟洗发|精品碳酸... | 惠,ocr/input_videos\上海__长宁来福士__20260825.mp4
OBS-001168,长宁来福士,来自芳·头护养发,来自芳·头护养发,养发,4.3,164,商场内,rated,True,,rated,parsed,rating_anchor,0.9738,0.9947,54,10260,175.31,商场内 | 🌟🌟⭐🌟 | 养发￥164/人 | 4.3,来自芳·头护养发 | 商场内 | 🌟🌟⭐🌟 | 养发￥164/人 | 4.3 | 来自芳 | 点评榜单 | let's fang | 长宁区养发热门榜第2名 | ￥168￥220 | 惠 | 【舒适洗发】芳香能量洗SPA,ocr/input_videos\上海__长宁来福士__20260825.mp4
OBS-001169,长宁来福士,Fancy Fancy舞蹈教室,FancyFancy舞蹈教室,舞蹈,3.5,931,,rated,True,,rated,parsed,rating_anchor,0.9605,0.9741,59,10260,175.31,3.5舞蹈￥931/人,Fancy Fancy舞蹈教室 | 3.5舞蹈￥931/人 | 新香开年季专属优惠购 | 眼定开启中！ | 老师耐心专业，跳完神清气爽 | ￥9.99 | ￥199 | 4.8折 | 【零基础】不限舞. | 惠,ocr/input_videos\上海__长宁来福士__20260825.mp4
OBS-001170,长宁来福士,LANNI蘭·泰式古法按摩,LANNI兰·泰式古法按摩,精油SPA,4.8,376,4F,rated,True,,rated,parsed,rating_anchor,0.9736,0.981,48,10260,175.31,4F | ⭐🌟⭐⭐⭐4.8 | 精油SPA￥376/人,LANNI蘭·泰式古法按摩 | Lann | 4F | ⭐🌟⭐⭐⭐4.8 | 精油SPA￥376/人 | 品牌人气榜 | -2025年度 | 中山公园/江苏路精油SPA销量榜第2名 | 80+门店 | 气通畅，按完整个人都舒展开了” | 全国 | ￥498 | 惠 | ￥4108.5折 | 【全身精油】泰式S..,ocr/input_videos\上海__长宁来福士__20260825.mp4
OBS-001171,长宁来福士,FancyFancy舞蹈教室,FancyFancy舞蹈教室,舞蹈,3.5,931,,rated,True,,rated,parsed,rating_anchor,0.9732,0.9988,57,10344,176.746,3.5舞蹈￥931/人,FancyFancy舞蹈教室 | 3.5舞蹈￥931/人 | 新春开年季专属优理购 | 眼定开启中！ | 老师耐心专业，跳完神清气爽 | < | 3 | ￥9.99 | 4.8折 | ￥199 | 【零基础】不限舞.. | 惠,ocr/input_videos\上海__长宁来福士__20260825.mp4
OBS-001172,长宁来福士,LANNI蘭·泰式古法按摩,LANNI兰·泰式古法按摩,精油SPA,4.8,376,4F,rated,True,,rated,parsed,rating_anchor,0.9647,0.982,55,10344,176.746,4.8精油SPA￥376/人 | 4F,LANNI蘭·泰式古法按摩 | Lann | 4.8精油SPA￥376/人 | 4F | 品牌人气榜 | -2025年度一 | 中山公园/江苏路精油SPA销量榜第2名 | 全国80+门店 | 气血通畅，按完整个人都舒展开了 | 2 | ￥498 | ￥4108.5折 | 【全身精油】泰式S... | 惠,ocr/input_videos\上海__长宁来福士__20260825.mp4
OBS-001173,长宁来福士,美丽田园,美丽田园,SPA美体,4.1,413,商场内,rated,True,,rated,parsed,rating_anchor,0.9875,0.9999,56,10344,176.746,🌟🌟⭐⭐ | 商场内 | 4.1SPA美体￥413/人,美丽田园 | 🌟🌟⭐⭐ | 商场内 | 4.1SPA美体￥413/人 | 美麗田園 | 中山公园/江苏路瘦身塑形销量榜第3名 | BEAUTY FARM | “环境干净整洁，部清洁细致温柔” | ￥1140SPA放松助眠I全... | ￥211 | 4.5折 | 惠,ocr/input_videos\上海__长宁来福士__20260825.mp4
OBS-001174,长宁来福士,鲸鱼爸爸儿童运动馆,鲸鱼爸爸儿童运动馆,游泳培训,4.3,85,商场内,rated,True,,rated,parsed,rating_anchor,0.9863,0.9938,50,10344,176.746,商场内 | 🌟🌟🌟🌟 | 4.3游泳培训￥85/人,鲸鱼爸爸儿童运动馆 | 儿童运动综合馆 | 商场内 | 🌟🌟🌟🌟 | 4.3游泳培训￥85/人 | 鯨鱼爸爸 | 点评榜单 | 中山公园/江苏路运动培训热门榜第2名 | JNG YU BABA | 承球信源源车拍站总击维 | 五彩斑斓的布置，专业教练指导 | “ | 55 | ￥59.9￥300 | 惠 | 【儿童游泳/体能】运动项...,ocr/input_videos\上海__长宁来福士__20260825.mp4
OBS-001175,长宁来福士,FancyFancy舞蹈教室,FancyFancy舞蹈教室,舞蹈,3.5,931,,rated,True,,rated,parsed,rating_anchor,0.9718,0.9987,59,10356,176.951,3.5舞蹈￥931/人,FancyFancy舞蹈教室 | 3.5舞蹈￥931/人 | 新春开年季专属优惠券 | 眼定开启中！ | 老师耐心专业，跳完神清气爽 | “ | 3 | ￥9.99 | ￥199 | 4.8折 | 惠 | 【零基础】不限舞..,ocr/input_videos\上海__长宁来福士__20260825.mp4
OBS-001176,长宁来福士,LANNI蘭·泰式古法按摩,LANNI兰·泰式古法按摩,精油SPA,4.8,,4F,rated,True,,rated,parsed,rating_anchor,0.967,0.9801,48,10356,176.951,4.8精油SPA￥376/ | 4F,LANNI蘭·泰式古法按摩 | Lann | 4.8精油SPA￥376/ | 4F | 品牌人气榜 | -2025年度- | 中山公园/江苏路精油SPA销量榜第2名 | 80+门店 | 气血通畅，按完整个人都舒展开了” | 全国 | ￥498 | ￥4108.5折 | 【全身精油】泰式S.... | 惠,ocr/input_videos\上海__长宁来福士__20260825.mp4
OBS-001177,长宁来福士,美丽田园,美丽田园,SPA美体,4.1,413,商场内,rated,True,,rated,parsed,rating_anchor,0.987,0.9999,56,10356,176.951,🌟🌟🌟⭐ | 商场内 | 4.1SPA美体￥413/人 | ★,美丽田园 | 🌟🌟🌟⭐ | 商场内 | 4.1SPA美体￥413/人 | ★ | 美麗田園 | 中山公园/江苏路瘦身塑形销量榜第3名 | BEAUTY FARM | 环境干净整洁，面部清洁细致温柔 | ￥211 | 4.5折 | ￥1140SPA放松助眠I全... | 惠,ocr/input_videos\上海__长宁来福士__20260825.mp4
OBS-001178,长宁来福士,鲸鱼爸爸儿童运动馆,鲸鱼爸爸儿童运动馆,游泳培训,4.3,85,商场内,rated,True,,rated,parsed,rating_anchor,0.9669,0.995,53,10356,176.951,商场内 | ★★★★★ | 4.3游泳培训￥85/人,鲸鱼爸爸儿童运动馆 | 儿童运动综合馆 | 商场内 | ★★★★★ | 4.3游泳培训￥85/人 | 鲸鱼爸爸 | 点评榜单 | 中山公园/江苏路运动培训热门榜第2名 | JENOG YU BA DA | 承球体车草击姆 | 五彩斑斓的布置，专业教练指导 | “ | 55 | ￥59.9￥300 | 【儿童游泳/体能】运动项... | 惠,ocr/input_videos\上海__长宁来福士__20260825.mp4
OBS-001179,长宁来福士,离心空间拉伸·肌肉拉伸·运动...,离心空间拉伸·肌肉拉伸·运动,康复矫正,4.8,359,商场内,rated,True,,rated,parsed,rating_anchor,0.931,0.9519,56,10356,176.951,商场内 | ⭐4.8康复矫正￥359/人,离心空间拉伸·肌肉拉伸·运动... | 高心空间 | 商场内 | ⭐4.8康复矫正￥359/人 | 新客亭,ocr/input_videos\上海__长宁来福士__20260825.mp4
OBS-001180,长宁来福士,Fancy Fancy舞蹈教室,FancyFancy舞蹈教室,舞蹈,3.5,931,,rated,True,,rated,parsed,rating_anchor,0.9632,0.9796,62,10392,177.566,⭐🌟⭐3.5 | 舞蹈￥931/人,Fancy Fancy舞蹈教室 | ⭐🌟⭐3.5 | 舞蹈￥931/人 | 新香开年季专属优理约 | 老师耐心专业，跳完神清气爽 | 眼定开启中！ | “ | ￥9.99 | ￥199 | 4.8折 | 【零基础】不限舞.. | 惠,ocr/input_videos\上海__长宁来福士__20260825.mp4
OBS-001181,长宁来福士,LANNI蘭·泰式古法按摩,LANNI兰·泰式古法按摩,精油SPA,4.8,376,4F,rated,True,,rated,parsed,rating_anchor,0.9658,0.981,48,10392,177.566,4F | 4.8精油SPA￥376/人,LANNI蘭·泰式古法按摩 | Lann | 4F | 4.8精油SPA￥376/人 | 品牌人气榜 | -2025年度一 | 中山公园/江苏路精油SPA销量榜第2名 | 全国80+门店 | 气血通畅，按完整个人都舒展开了” | ￥4108.5折 | ￥498 | 惠 | 【全身精油】泰式S...,ocr/input_videos\上海__长宁来福士__20260825.mp4
OBS-001182,长宁来福士,美丽田园,美丽田园,SPA美体,4.1,413,商场内,rated,True,,rated,parsed,rating_anchor,0.9883,0.9999,56,10392,177.566,⭐🌟⭐⭐ | 商场内 | 4.1SPA美体￥413/人,美丽田园 | ⭐🌟⭐⭐ | 商场内 | 4.1SPA美体￥413/人 | 美麗田園 | 中山公园/江苏路瘦身塑形销量榜第3名 | BEAUTY FARM | 环境干净整洁，面部清洁细致温柔 | ￥211 | 惠 | 4.5折 | ￥1140SPA放松助眠I全...,ocr/input_videos\上海__长宁来福士__20260825.mp4
OBS-001183,长宁来福士,鲸鱼爸爸儿童运动馆,鲸鱼爸爸儿童运动馆,游泳培训,4.3,85,商场内,rated,True,,rated,parsed,rating_anchor,0.9733,0.9865,51,10392,177.566,商场内 | 🌟🌟🌟 | 游泳培训￥85/人 | 4.3,鲸鱼爸爸儿童运动馆 | 儿童运动综合馆 | 商场内 | 🌟🌟🌟 | 游泳培训￥85/人 | 4.3 | 鲸鱼爸爸 | 点评榜单 | 中山公园/江苏路运动培训热门榜第2名 | JHNG YU EA BA | 球信车物时市 | 五彩斑斓的布置，专业教练指导 | “ | 55 | ￥59.9￥300 | 【儿童游泳/体能】运动项.... | 惠,ocr/input_videos\上海__长宁来福士__20260825.mp4
OBS-001184,长宁来福士,离心空间拉伸·肌肉拉伸·运动...,离心空间拉伸·肌肉拉伸·运动,康复矫正,4.8,359,商场内,rated,True,,rated,parsed,rating_anchor,0.9469,0.9382,55,10392,177.566,4.8康复矫正￥359/人 | 商场内,离心空间拉伸·肌肉拉伸·运动... | 离心室间 | 4.8康复矫正￥359/人 | 商场内 | 新富享 | 68 | 元 | 2選1 | 中山公园/江苏路康复矫正销量榜第2名 | 拉伸或筋膜刀,ocr/input_videos\上海__长宁来福士__20260825.mp4
OBS-001185,长宁来福士,FancyFancy舞蹈教室,FancyFancy舞蹈教室,舞蹈,3.5,931,,rated,True,,rated,parsed,rating_anchor,0.9752,0.9994,58,10428,178.181,3.5舞蹈￥931/人,FancyFancy舞蹈教室 | 3.5舞蹈￥931/人 | 新香开年季专属优更约 | 眼定开启中！ | 老师耐心专业，跳完神清气爽 | ￥9.99 | 4.8折 | ￥199 | 【零基础】不限舞.. | 惠,ocr/input_videos\上海__长宁来福士__20260825.mp4
OBS-001186,长宁来福士,LANNI蘭·泰式古法按摩,LANNI兰·泰式古法按摩,精油SPA,4.8,376,4F,rated,True,,rated,parsed,rating_anchor,0.9636,0.9718,47,10428,178.181,4F | 4.8精油SPA￥376/人,LANNI蘭·泰式古法按摩 | Lann | 4F | 4.8精油SPA￥376/人 | 品牌人气榜 | -2025年度 | 中山公园/江苏路精油SPA销量榜第2名 | 气血通畅，按完整个人都舒展开了” | 全国80+门店 | 4 | ￥4108.5折 | ￥498 | 惠 | 【全身精油】泰式S..,ocr/input_videos\上海__长宁来福士__20260825.mp4
OBS-001187,长宁来福士,美丽田园,美丽田园,SPA美体,4.1,413,商场内,rated,True,,rated,parsed,rating_anchor,0.9868,0.9999,56,10428,178.181,🌟🌟⭐⭐ | 商场内 | 4.1SPA美体￥413/人,美丽田园 | 🌟🌟⭐⭐ | 商场内 | 4.1SPA美体￥413/人 | 美麗田園 | 中山公园/江苏路瘦身塑形销量榜第3名 | BEAUTY FARM | 环境干净整洁，面部清洁细致温柔 | ￥2114.5折 | 惠 | ￥1140SPA放松助眠1全..,ocr/input_videos\上海__长宁来福士__20260825.mp4
OBS-001188,长宁来福士,鲸鱼爸爸儿童运动馆,鲸鱼爸爸儿童运动馆,游泳培训,4.3,85,商场内,rated,True,,rated,parsed,rating_anchor,0.9674,0.9724,53,10428,178.181,🌟🌟🌟🎉 | 商场内 | 游泳培训￥85/人 | 4.3,鲸鱼爸爸儿童运动馆 | 儿童运动综合馆 | 🌟🌟🌟🎉 | 商场内 | 游泳培训￥85/人 | 4.3 | 鲸鱼爸爸 | 点评榜单 | 中山公园/江苏路运动培训热门榜第2名 | JHIMG YU EA BA | 茶殖车脑击场 | 止 | 五彩斑斓的布置，专业教练指导 | 55 | ￥59.9￥300 | 惠 | 【儿童游泳/体能】运动项...,ocr/input_videos\上海__长宁来福士__20260825.mp4
OBS-001189,长宁来福士,离心空间拉伸·肌肉拉伸·运动...,离心空间拉伸·肌肉拉伸·运动,康复矫正,4.8,359,商场内,rated,True,,rated,parsed,rating_anchor,0.9518,0.9439,51,10428,178.181,商场内 | 4.8康复矫正￥359/人,离心空间拉伸·肌肉拉伸·运动... | 高心空间 | 商场内 | 4.8康复矫正￥359/人 | 新客享 | 68 | 元 | 2选1 | 中山公园/江苏路康复矫正销量榜第2名 | 拉伸或筋膜刀 | 松解手法专业，腿瘦一圈 | 22 | 全国30+直营,ocr/input_videos\上海__长宁来福士__20260825.mp4
OBS-001190,长宁来福士,鲸鱼爸爸儿童运动馆,鲸鱼爸爸儿童运动馆,游泳培训,4.3,85,商场内,rated,True,,rated,parsed,rating_anchor,0.9741,0.9924,50,10464,178.796,商场内 | ★★🌟★ | 4.3 | 游泳培训￥85/人,鲸鱼爸爸儿童运动馆 | 儿童运动综合馆 | 商场内 | ★★🌟★ | 4.3 | 游泳培训￥85/人 | 鲸鱼爸爸 | 点评榜单 | 中山公园/江苏路运动培训热门榜第2名 | EMOG YUEA BA | 承球车锅 | 五彩斑斓的布置，专业教练指导 | 9 | ￥59.9￥300 | 【儿童游泳/体能】运动项... | 惠,ocr/input_videos\上海__长宁来福士__20260825.mp4
OBS-001191,长宁来福士,离心空间拉伸·肌肉拉伸·运动...,离心空间拉伸·肌肉拉伸·运动,康复矫正,4.8,359,商场内,rated,True,,rated,parsed,rating_anchor,0.9489,0.938,50,10464,178.796,4.8康复矫正￥359/人商场内,离心空间拉伸·肌肉拉伸·运动... | 高心空间 | 4.8康复矫正￥359/人商场内 | 新客享 | 68 | 2选7 | 元 | 中山公园/江苏路康复矫正销量榜第2名 | 拉伸或筋膜刃 | 松解手法专业，腿瘦一圈 | 2 | 全国30+直营 | ￥68￥600 | 惠 | 【新客专享】拉伸筋膜刀任...,ocr/input_videos\上海__长宁来福士__20260825.mp4
OBS-001192,长宁来福士,金芭蕾舞蹈,金芭蕾舞蹈,4617/商场内,4.7,,商场内,rated,True,,rated,parsed,rating_anchor,0.9781,0.9992,52,10464,178.796,⭐🌟⭐⭐🌟4.7 | 舞蹈. | ￥4617/商场内,金芭蕾舞蹈 | 全保热批出 | ⭐🌟⭐⭐🌟4.7 | 舞蹈. | ￥4617/商场内 | 点评榜单 | 中山公园/江苏路舞蹈培训好评榜第2名 | 开学季 | 幕后团队很幸福，观众笑脸值千金 | 芭蕾新启程 | 惠￥59￥199618尊享【体验课】成芭蕾,ocr/input_videos\上海__长宁来福士__20260825.mp4
OBS-001193,长宁来福士,老凤祥银楼,老凤祥银楼,黄金首饰,3.5,2399,2F,rated,True,,rated,parsed,rating_anchor,0.9593,0.9975,49,10464,178.796,★3.5黄金首饰￥2399/人 | 2F,老凤祥银楼 | ★3.5黄金首饰￥2399/人 | 2F | 店面设计吸引人，款式丰富多彩 | ≤ | ￥147￥168老凤祥迪尼疯狂动物城... | 惠 | ￥970￥1000代金券 | 惠,ocr/input_videos\上海__长宁来福士__20260825.mp4
OBS-001194,长宁来福士,超级猩猩健身·私教·团课·单车,超级猩猩健身·私教·团课·单车,私教,4.3,7698,商场内,rated,True,,rated,parsed,rating_anchor,0.9688,0.9796,47,10464,178.796,商场内 | 4.3私教 | ￥7698/人,超级猩猩健身·私教·团课·单车 | SUPEAMJNKEY | 七夕限定 | 商场内 | 4.3私教 | ￥7698/人,ocr/input_videos\上海__长宁来福士__20260825.mp4
OBS-001195,长宁来福士,鲸鱼爸爸儿童运动馆,鲸鱼爸爸儿童运动馆,游泳培训,4.3,85,商场内,rated,True,,rated,parsed,rating_anchor,0.9717,0.9719,47,10488,179.206,🌟🌟🌟⭐ | 商场内 | 4.3游泳培训￥85/人 | ★,鲸鱼爸爸儿童运动馆 | 儿童运动综合馆 | 🌟🌟🌟⭐ | 商场内 | 4.3游泳培训￥85/人 | 鲸鱼爸爸 | ★ | 点评榜单 | 中山公园/江苏路运动培训热门榜第2名 | ENG YU BAA | 承球体源罕车拍财草击推场 | 五彩斑斓的布置，专业教练指导 | “ | ￥59.9￥300 | 惠 | 【儿童游泳/体能】运动项...,ocr/input_videos\上海__长宁来福士__20260825.mp4
OBS-001196,长宁来福士,离心空间拉伸·肌肉拉伸·运动...,离心空间拉伸·肌肉拉伸·运动,康复矫正,4.8,359,商场内,rated,True,,rated,parsed,rating_anchor,0.9539,0.9389,55,10488,179.206,4.8康复矫正￥359/人 | 商场内,离心空间拉伸·肌肉拉伸·运动... | 离心空间 | 4.8康复矫正￥359/人 | 商场内 | 新富享 | 68 | 元 | 2选1 | 中山公园/江苏路康复矫正销量榜第2名 | 拉伸或筋膜刀 | 松解手法专业，腿瘦一圈 | 3 | 全国30+直营 | ￥68￥600 | 惠 | 【新客专享】拉伸筋膜刀任..,ocr/input_videos\上海__长宁来福士__20260825.mp4
OBS-001197,长宁来福士,金芭蕾舞蹈,金芭蕾舞蹈,舞蹈.,4.7,4617,商场内,rated,True,,rated,parsed,rating_anchor,0.9486,0.9998,55,10488,179.206,🌟🎉🎉🌟4.7 | 舞蹈. | ￥4617/人商场内,金芭蕾舞蹈 | 业维舞味 | 🌟🎉🎉🌟4.7 | 舞蹈. | ￥4617/人商场内 | 点评榜单 | 中山公园/江苏路舞蹈培训好评榜第2名 | 开学季 | 幕后团队很幸福，观众笑脸值千金 | “ | 芭蓄新启程 | ￥59￥199618尊享【体验课】成人芭蕾 | 惠,ocr/input_videos\上海__长宁来福士__20260825.mp4
OBS-001198,长宁来福士,老凤祥银楼,老凤祥银楼,黄金首饰,3.5,2399,2F,rated,True,,rated,parsed,rating_anchor,0.9731,0.9976,49,10488,179.206,2F | 3.5黄金首饰￥2399/人,老凤祥银楼 | 2F | 3.5黄金首饰￥2399/人 | 店面设计吸引人，款式丰富多彩 | C | 惠 | ￥147￥168老凤祥迪士尼疯狂动物城... | ￥970￥1000代金券 | 惠,ocr/input_videos\上海__长宁来福士__20260825.mp4
OBS-001199,长宁来福士,超级猩猩健身·私教·团课·单车,超级猩猩健身·私教·团课·单车,私教,4.3,7698,商场内,rated,True,,rated,parsed,rating_anchor,0.9905,0.9831,50,10488,179.206,🌟🌟⭐⭐ | 4.3私教 | ￥7698/人商场内 | ★,超级猩猩健身·私教·团课·单车 | SUPERMONKEY | 七夕限定 | 🌟🌟⭐⭐ | 4.3私教 | ￥7698/人商场内 | ★ | 的验险边,ocr/input_videos\上海__长宁来福士__20260825.mp4
OBS-001200,长宁来福士,离心空间拉伸·肌肉拉伸·运动...,离心空间拉伸·肌肉拉伸·运动,康复矫正,4.8,359,商场内,rated,True,,rated,parsed,rating_anchor,0.9516,0.9418,53,10608,181.257,4.8康复矫正￥359/人 | 商场内,离心空间拉伸·肌肉拉伸·运动... | 离心空间 | 4.8康复矫正￥359/人 | 商场内 | 新富享 | 68 | 元 | 2選7 | 中山公园/江苏路康复矫正销量榜第2名 | 拉伸或筋膜刀 | 松解手法专业，腿瘦一圈 | 1 | 全国30+直营 | ￥68￥600 | 【新客专享】拉伸筋膜刀任.. | 惠,ocr/input_videos\上海__长宁来福士__20260825.mp4
OBS-001201,长宁来福士,金芭蕾舞蹈,金芭蕾舞蹈,舞蹈..,4.7,4617,商场内,rated,True,,rated,parsed,rating_anchor,0.9184,0.9997,52,10608,181.257,⭐🌟🌟⭐🌟 | 舞蹈.. | ￥4617/人商场内 | 4.7,金芭蕾舞蹈 | 业造银再对 | ⭐🌟🌟⭐🌟 | 舞蹈.. | ￥4617/人商场内 | 4.7 | 点评榜单 | 中山公园/江苏路舞蹈培训好评榜第2名 | 开学平 | 幕后团队很幸福，观众笑脸值千金 | 芭蕾新启程 | ￥59￥199618尊享【体验课】成人芭蕾 | 惠,ocr/input_videos\上海__长宁来福士__20260825.mp4
OBS-001202,长宁来福士,老凤祥银楼,老凤祥银楼,黄金首饰,3.5,2399,2F,rated,True,,rated,parsed,rating_anchor,0.9845,0.9967,49,10608,181.257,2F | ⭐🌟🌟🌟⭐ | 3.5黄金首饰￥2399/人,老凤祥银楼 | 2F | ⭐🌟🌟🌟⭐ | 3.5黄金首饰￥2399/人 | 店面设计吸引人，款式丰富多彩 | ￥147￥168老凤祥迪士尼疯狂动物城... | 惠 | ￥970￥1000代金券 | 惠,ocr/input_videos\上海__长宁来福士__20260825.mp4
OBS-001203,长宁来福士,超级猩猩健身·私教·团课·单车,超级猩猩健身·私教·团课·单车,私教,4.3,7698,商场内,rated,True,,rated,parsed,rating_anchor,0.8551,0.9832,49,10608,181.257,⭐⭐⭐4.3 私教 | ￥7698/人商场内,超级猩猩健身·私教·团课·单车 | SUPERMONKEY | 七夕限定 | ⭐⭐⭐4.3 私教 | ￥7698/人商场内 | 打卡私性验险边 | 中山公园/江苏路私教/团操工作室销量榜第5名 | 位置便利地铁直通，团课私教单车三合一 | 3 | ￥199￥3182节1对4精品小班课|减脂.. | 惠,ocr/input_videos\上海__长宁来福士__20260825.mp4
OBS-001204,长宁来福士,离心空间拉伸·肌肉拉伸·运动...,离心空间拉伸·肌肉拉伸·运动,康复矫正,4.8,359,商场内,rated,True,,rated,parsed,rating_anchor,0.9654,0.9611,56,10656,182.077,商场内 | 4.8康复矫正￥359/人,离心空间拉伸·肌肉拉伸·运动... | 惠心空间 | 商场内 | 4.8康复矫正￥359/人 | 新客享 | 68元 | 2選1 | 中山公园/江苏路康复矫正销量榜第2名 | 拉伸或筋膜刀 | 松解手法专业，腿瘦一圈 | 3 | 全国30+直营 | ￥68￥600 | 惠 | 【新客专享】拉伸筋膜刀任..,ocr/input_videos\上海__长宁来福士__20260825.mp4
OBS-001205,长宁来福士,金芭蕾舞蹈,金芭蕾舞蹈,舞蹈,4.7,4617,商场内,rated,True,,rated,parsed,rating_anchor,0.9998,0.9998,55,10656,182.077,🎉🌟4.7 | 舞蹈 | ￥4617/人商场内,金芭蕾舞蹈 | 选性批 | 🎉🌟4.7 | 舞蹈 | ￥4617/人商场内 | 点评榜单 | 中山公园/江苏路舞蹈培训好评榜第2名 | 开学字 | 幕后团队很幸福，观众笑脸值千金 | 2 | 芭蓄新启程 | ￥59￥199618尊享【体验课】成人芭蕾 | 惠,ocr/input_videos\上海__长宁来福士__20260825.mp4
OBS-001206,长宁来福士,老凤祥银楼,老凤祥银楼,黄金首饰,3.5,2399,2F,rated,True,,rated,parsed,rating_anchor,0.9763,0.9971,55,10656,182.077,2F | 3.5黄金首饰￥2399/人,老凤祥银楼 | 2F | 3.5黄金首饰￥2399/人 | 店面设计吸引人，款式丰富多彩 | （ | ￥147￥168老凤祥迪士尼疯狂动物城.. | 惠 | ￥970￥1000代金券 | 惠,ocr/input_videos\上海__长宁来福士__20260825.mp4
OBS-001207,长宁来福士,超级猩猩健身·私教·团课·单车,超级猩猩健身·私教·团课·单车,私教,4.3,7698,商场内,rated,True,,rated,parsed,rating_anchor,0.9328,0.9849,51,10656,182.077,⭐⭐⭐⭐4.3私教 | ￥7698/人商场内,超级猩猩健身·私教·团课·单车 | SUPERMONKEY | 七夕限定 | ⭐⭐⭐⭐4.3私教 | ￥7698/人商场内 | 打卡私乾验质边 | 中山公园/江苏路私教/团操工作室销量榜第5名 | 位置便利地铁直通，团课私教单车三合一 | ￥199￥3182节1对4精品小班课|减脂... | 惠,ocr/input_videos\上海__长宁来福士__20260825.mp4
OBS-001208,长宁来福士,离心空间拉伸·肌肉拉伸·运动...,离心空间拉伸·肌肉拉伸·运动,康复矫正,4.8,359,商场内,rated,True,,rated,parsed,rating_anchor,0.9446,0.9157,50,10680,182.487,4.8康复矫正￥359/人商场内,离心空间拉伸·肌肉拉伸·运动... | 离心空间 | 4.8康复矫正￥359/人商场内 | 新盒享 | 68 | 元 | 2選7 | 中山公园/江苏路康复矫正销量榜第2名 | 拉伸或筋膜刀 | 松解手法专业，腿瘦一圈 | 2 | 全国30+直营 | ￥68￥600 | 惠 | 【新客专享】拉伸筋膜刀任..,ocr/input_videos\上海__长宁来福士__20260825.mp4
OBS-001209,长宁来福士,金芭蕾舞蹈,金芭蕾舞蹈,舞蹈..,4.7,4617,商场内,rated,True,,rated,parsed,rating_anchor,0.8972,0.9997,55,10680,182.487,⭐🌟🌟4.7 | 舞蹈.. | ￥4617/人商场内,金芭蕾舞蹈 | ⭐🌟🌟4.7 | 舞蹈.. | ￥4617/人商场内 | 点评榜单 | 中山公园/江苏路舞蹈培训好评榜第2名 | 开学事 | 幕后团队很幸福，观众笑脸值千金 | 3 | 色雷新启程 | 惠￥59￥199618尊享【体验课】成人芭蕾,ocr/input_videos\上海__长宁来福士__20260825.mp4
OBS-001210,长宁来福士,老凤祥银楼,老凤祥银楼,黄金首饰,3.5,2399,2F,rated,True,,rated,parsed,rating_anchor,0.9792,0.9959,51,10680,182.487,2F | 3.5黄金首饰￥2399/人,老凤祥银楼 | 2F | 3.5黄金首饰￥2399/人 | 店面设计吸引人，款式丰富多彩 | “ | ￥147￥168老凤祥迪士尼疯狂动物城... | 惠 | ￥970￥1000代金券 | 惠,ocr/input_videos\上海__长宁来福士__20260825.mp4
OBS-001211,长宁来福士,超级猩猩健身·私教·团课·单车,超级猩猩健身·私教·团课·单车,私教..,4.3,7698,商场内,rated,True,,rated,parsed,rating_anchor,0.9411,0.9802,51,10680,182.487,🌟🌟⭐⭐ | 4.3私教.. | ￥7698/人商场内 | ★,超级猩猩健身·私教·团课·单车 | SUPEAMONKEY | 七夕限定 | 🌟🌟⭐⭐ | 4.3私教.. | ￥7698/人商场内 | ★ | 打卡私乾缩励边 | 中山公园/江苏路私教/团操工作室销量榜第5名 | 位置便利地铁直通，团课私教单车三合一 | ￥199￥3182节1对4精品小班课|减脂... | 惠,ocr/input_videos\上海__长宁来福士__20260825.mp4
OBS-001212,长宁来福士,鲸鱼爸爸儿童运动馆,鲸鱼爸爸儿童运动馆,游泳培训,4.3,85,商场内,rated,True,,rated,parsed,rating_anchor,0.9754,0.9791,43,10728,183.307,商场内 | ⭐🌟⭐⭐ | 4.3游泳培训￥85/人 | ★,鲸鱼爸爸儿童运动馆 | 儿童运动综合馆 | 商场内 | ⭐🌟⭐⭐ | 4.3游泳培训￥85/人 | ★ | 鲸鱼爸爸 | 点评榜单 | 中山公园/江苏路运动培训热门榜第2名 | JENOG YU BA BA | 游茶辅球体学插车物防禁击绳 | 五彩斑斓的布置，专业教练指导 | 5 | ￥59.9￥300 | 惠 | 【儿童游泳/体能】运动项...,ocr/input_videos\上海__长宁来福士__20260825.mp4
OBS-001213,长宁来福士,离心空间拉伸·肌肉拉伸·运动...,离心空间拉伸·肌肉拉伸·运动,康复矫正,4.8,359,商场内,rated,True,,rated,parsed,rating_anchor,0.9407,0.9198,53,10728,183.307,4.8康复矫正￥359/人 | 商场内,离心空间拉伸·肌肉拉伸·运动... | 高心室间 | 4.8康复矫正￥359/人 | 商场内 | 新客享 | 68 | 2选1 | 中山公园/江苏路康复矫正销量榜第2名 | 拉伸或筋膜刀 | 松解手法专业，腿瘦一圈 | 全国30+直营 | ￥68￥600 | 惠 | 【新客专享】拉伸筋膜刀任...,ocr/input_videos\上海__长宁来福士__20260825.mp4
OBS-001214,长宁来福士,金芭蕾舞蹈,金芭蕾舞蹈,舞蹈.....,4.7,4617,商场内,rated,True,,rated,parsed,rating_anchor,0.847,0.9998,52,10728,183.307,🌟4.7 | 舞蹈….. | ￥4617/人商场内,金芭蕾舞蹈 | 金盟批站 | 🌟4.7 | 舞蹈….. | ￥4617/人商场内 | 点评榜单 | 中山公园/江苏路舞蹈培训好评榜第2名 | 开学季 | 6 | 幕后团队很幸福，观众笑脸值千金 | 芭蕾新启程 | ￥59￥199618尊享【体验课】成人芭蕾 | 惠,ocr/input_videos\上海__长宁来福士__20260825.mp4
OBS-001215,长宁来福士,老凤祥银楼,老凤祥银楼,黄金首饰,3.5,2399,2F,rated,True,,rated,parsed,rating_anchor,0.9741,0.9981,49,10728,183.307,⭐🌟🌟3.5 | 2F | 黄金首饰￥2399/人,老凤祥银楼 | ⭐🌟🌟3.5 | 2F | 黄金首饰￥2399/人 | 店面设计吸引人，款式丰富多彩 | ￥147￥168老凤祥迪士尼疯狂动物城... | 惠 | ￥970￥1000代金券 | 惠,ocr/input_videos\上海__长宁来福士__20260825.mp4
OBS-001216,长宁来福士,超级猩猩健身·私教·团课·单车,超级猩猩健身·私教·团课·单车,私教..,4.3,7698,商场内,rated,True,,rated,parsed,rating_anchor,0.9313,0.9737,46,10728,183.307,4.3私教.. | ★★★★ | ￥7698/人商场内 | ★,超级猩猩健身·私教·团课·单车 | SUPEAMONKEY | 七夕限定 | 4.3私教.. | ★★★★ | ￥7698/人商场内 | ★ | 打卡私载赠面边 | 中山公园/江苏路私教/团操工作室销量榜第5名 | “位军便利地铁克通 | 39 | 团调科数单在二,ocr/input_videos\上海__长宁来福士__20260825.mp4
OBS-001217,长宁来福士,超级猩猩健身·私教·团课·单车,超级猩猩健身·私教·团课·单车,私教.,4.3,,商场内,rated,True,,rated,parsed,rating_anchor,0.9638,0.9811,51,10776,184.127,★🌟★★ | 4.3私教. | ￥7698/商场内 | ★,超级猩猩健身·私教·团课·单车 | SUPERMONKEY | 七夕限定 | ★🌟★★ | 4.3私教. | ￥7698/商场内 | ★ | 打卡私乾验质边 | 中山公园/江苏路私教/团操工作室销量榜第5名 | 位置便利地铁直通，团课私教单车三合 | 3 | ￥199￥3182节1对4精品小班课|减脂... | 惠,ocr/input_videos\上海__长宁来福士__20260825.mp4
OBS-001218,长宁来福士,乔氏·品绅台球,乔氏·品绅台球,台球馆,4.0,38,商场内,rated,True,,rated,parsed,rating_anchor,0.9771,0.9904,56,10776,184.127,⭐🌟⭐⭐ | 商场内 | 台球馆￥38/人 | 4.0 | ★,乔氏·品绅台球 | 品绅 | ⭐🌟⭐⭐ | 商场内 | 台球馆￥38/人 | 4.0 | ★ | 台球 | 暂停营业,ocr/input_videos\上海__长宁来福士__20260825.mp4
OBS-001219,长宁来福士,聚达美妆MakeUpToo,聚达美妆MakeUpToo,彩妆造型,4.7,,商场内,rated,True,,rated,parsed,rating_anchor,0.9743,0.9972,56,10776,184.127,4.7彩妆造型￥210/ | 商场内,聚达美妆MakeUpToo | MAKE UP TOO | 聚达美妆 | 4.7彩妆造型￥210/ | 商场内 | 全国23家 | 商场直营店 | 店员耐心可爱，环境香香的” | 日常妆·约会妆·COS | LVI化校指导色彩测试 | 惠 | ￥1789折 | ￥228 | 【含高颅顶】爆款|…,ocr/input_videos\上海__长宁来福士__20260825.mp4
OBS-001220,长宁来福士,福奈特洗衣洗鞋,福奈特洗衣洗鞋,洗衣洗鞋,4.8,71,1F,rated,True,,rated,parsed,rating_anchor,0.9628,0.9987,51,10776,184.127,1F | 4.8洗衣洗鞋￥71/人,福奈特洗衣洗鞋 | 1F | 4.8洗衣洗鞋￥71/人 | “地理位置超级便，设备全新环境整洁 | ￥77￥88 | 惠 | 【到店洗衣】任洗1件羽绒服/.... | 惠￥45￥50代金券,ocr/input_videos\上海__长宁来福士__20260825.mp4
OBS-001221,长宁来福士,超级猩猩健身·私教·团课·单车,超级猩猩健身·私教·团课·单车,私教,4.3,7698,商场内,rated,True,,rated,parsed,rating_anchor,0.9668,0.98,50,10800,184.537,⭐⭐4.3私教 | ￥7698/人商场内,超级猩猩健身·私教·团课·单车 | SUPERMONKEY | 七夕限定 | ⭐⭐4.3私教 | ￥7698/人商场内 | 打卡私教赠质边 | 中山公园/江苏路私教/团操工作室销量榜第5名 | 位置便利地铁直通，团课私教单车三合 | 33 | （ | ￥199￥3182节1对4精品小班课|减脂... | 惠,ocr/input_videos\上海__长宁来福士__20260825.mp4
OBS-001222,长宁来福士,乔氏·品绅台球,乔氏·品绅台球,台球馆,4.0,38,商场内,rated,True,,rated,parsed,rating_anchor,0.9766,0.9877,52,10800,184.537,商场内 | 台球馆￥38/人 | ⭐🌟🌈⭐⭐4.0,乔氏·品绅台球 | 品绅 | 商场内 | 台球馆￥38/人 | ⭐🌟🌈⭐⭐4.0 | 台球 | 暂停营业,ocr/input_videos\上海__长宁来福士__20260825.mp4
OBS-001223,长宁来福士,聚达美妆MakeUpToo,聚达美妆MakeUpToo,彩妆造型,4.7,210,商场内,rated,True,,rated,parsed,rating_anchor,0.9693,0.9975,56,10800,184.537,4.7彩妆造型￥210/人 | 商场内,聚达美妆MakeUpToo | MAKE UPTOO | 聚达美妆 | 4.7彩妆造型￥210/人 | 商场内 | 全国23家 | 商场直营店 | 店员耐心可爱，环境香香的 | 日常妆·约会妆·COS故 | 1vI化妆指导色彩测试 | ￥1789折 | ￥228 | 【含高颅顶】爆款|. | 惠,ocr/input_videos\上海__长宁来福士__20260825.mp4
OBS-001224,长宁来福士,福奈特洗衣洗鞋,福奈特洗衣洗鞋,洗衣洗鞋,4.8,71,1F,rated,True,,rated,parsed,rating_anchor,0.9786,0.9998,54,10800,184.537,1F | 4.8洗衣洗鞋￥71/人,福奈特洗衣洗鞋 | FORNET | 1F | 4.8洗衣洗鞋￥71/人 | 上门取送 | “地理位置超级方便，设备全新环境整洁 | 3 | Since 1997 | ￥77￥88 | 【到店洗衣】任洗1件羽绒服/.... | 惠 | ￥45￥50代金券 | 惠,ocr/input_videos\上海__长宁来福士__20260825.mp4
OBS-001225,长宁来福士,超级猩猩健身·私教·团课·单车,超级猩猩健身·私教·团课·单车,私教..,4.3,7698,商场内,rated,True,,rated,parsed,rating_anchor,0.9393,0.9812,50,10836,185.152,4.3私教.. | ￥7698/人商场内 | 🌟🌟🌟🌟 | ★,超级猩猩健身·私教·团课·单车 | SUPERMINKEY | 七夕限定 | 4.3私教.. | ￥7698/人商场内 | 🌟🌟🌟🌟 | ★ | 打卡私教弹质边 | 中山公园/江苏路私教/团操工作室销量榜第5名 | 位置便利地铁直通，团课私教单车三合一 | ￥199￥3182节1对4精品小班课|减脂... | 惠,ocr/input_videos\上海__长宁来福士__20260825.mp4
OBS-001226,长宁来福士,乔氏·品绅台球,乔氏·品绅台球,台球馆,4.0,38,商场内,rated,True,,rated,parsed,rating_anchor,0.9722,0.9847,48,10836,185.152,商场内 | 🌟🌟🌟🌟🌟 | 台球馆￥38/人 | 4.0,乔氏·品绅台球 | 品绅 | 商场内 | 🌟🌟🌟🌟🌟 | 台球馆￥38/人 | 4.0 | 台球 | 暂停营业,ocr/input_videos\上海__长宁来福士__20260825.mp4
OBS-001227,长宁来福士,聚达美妆MakeUpToo,聚达美妆MakeUpToo,彩妆造型,4.7,210,商场内,rated,True,,rated,parsed,rating_anchor,0.9986,0.9979,55,10836,185.152,商场内 | ⭐🌟🎉🎉🌟4.7 | 彩妆造型 | ￥210/人,聚达美妆MakeUpToo | MAKEUPTOO | 聚达美妆 | 商场内 | ⭐🌟🎉🎉🌟4.7 | 彩妆造型 | ￥210/人 | 全国23家 | 商场直营店 | 店员耐心可爱，环境香香的 | 日常校·约会妆·COS | Iv1化妆指导1色彩测域 | ￥1789折 | ￥228 | 【含高颅顶】爆款|… | 惠,ocr/input_videos\上海__长宁来福士__20260825.mp4
OBS-001228,长宁来福士,福奈特洗衣洗鞋,福奈特洗衣洗鞋,洗衣洗鞋,4.8,71,1F,rated,True,,rated,parsed,rating_anchor,0.9827,0.9999,52,10836,185.152,4.8洗衣洗鞋￥71/人 | 1F,福奈特洗衣洗鞋 | FORNET | 4.8洗衣洗鞋￥71/人 | 1F | 上门取送 | 地理位置超级方便，设备全新环境整洁 | Since 1997 | ￥77￥88 | 惠 | 【到店洗衣】任洗1件羽绒服/... | ￥45￥50代金券 | 惠,ocr/input_videos\上海__长宁来福士__20260825.mp4
OBS-001229,长宁来福士,乌首养发,乌首养发,养发,3.7,94,4F,rated,True,,rated,parsed,rating_anchor,0.9767,0.9983,61,10836,185.152,★★🌟🌟★ | 4F | 3.7养发￥94/人,乌首养发 | ★★🌟🌟★ | 4F | 3.7养发￥94/人 | “地理位置便利，按摩刮痧深度享受“ | 乌首养发,ocr/input_videos\上海__长宁来福士__20260825.mp4
OBS-001230,长宁来福士,乔氏·品绅台球,乔氏·品绅台球,台球馆,4.0,38,商场内,rated,True,,rated,parsed,rating_anchor,0.9725,0.9888,51,10884,185.973,商场内 | 台球馆￥38/人 | ⭐🌟🌟⭐⭐ | 4.0,乔氏·品绅台球 | 品绅 | 商场内 | 台球馆￥38/人 | ⭐🌟🌟⭐⭐ | 4.0 | 台球 | 暂停营业,ocr/input_videos\上海__长宁来福士__20260825.mp4
OBS-001231,长宁来福士,聚达美妆MakeUpToo,聚达美妆MakeUpToo,彩妆造型,4.7,210,商场内,rated,True,,rated,parsed,rating_anchor,0.998,0.9976,54,10884,185.973,商场内 | ★★🌟4.7 | 彩妆造型 | ￥210/人,聚达美妆MakeUpToo | MAKE UP TOO | 聚达美妆 | 商场内 | ★★🌟4.7 | 彩妆造型 | ￥210/人 | 全国23家 | 商场直营店 | 店员耐心可爱，环境香香的 | “ | 日常妆·约会妆·COS效 | IV1化枚指导他彩测试 | ￥1789折 | ￥228 | 【含高颅顶】爆款|… | 惠,ocr/input_videos\上海__长宁来福士__20260825.mp4
OBS-001232,长宁来福士,福奈特洗衣洗鞋,福奈特洗衣洗鞋,洗衣洗鞋,4.8,71,1F,rated,True,,rated,parsed,rating_anchor,0.9759,0.9999,55,10884,185.973,4.8洗衣洗鞋￥71/人 | 1F,福奈特洗衣洗鞋 | FORNET | 4.8洗衣洗鞋￥71/人 | 1F | 上门取送 | 地理位置超级方便，设备全新环境整洁 | 心 | Since 1997 | ￥77￥88 | 惠 | 【到店洗衣】任洗1件羽绒服/... | ￥45￥50代金券 | 惠,ocr/input_videos\上海__长宁来福士__20260825.mp4
OBS-001233,长宁来福士,乌首养发,乌首养发,养发,3.7,94,4F,rated,True,,rated,parsed,rating_anchor,0.9747,0.9987,58,10884,185.973,🌟🌟🌟🌟🌟 | 4F | 3.7养发￥94/人,乌首养发 | 🌟🌟🌟🌟🌟 | 4F | 3.7养发￥94/人 | “地理位置便利，按摩刮痧深度享受 | F | 乌首养发 | ￥29.9￥88 | 惠 | 【夏日特惠】草本洗发(30...,ocr/input_videos\上海__长宁来福士__20260825.mp4
OBS-001234,长宁来福士,福奈特洗衣洗鞋,福奈特洗衣洗鞋,洗衣洗鞋,4.8,71,1F,rated,True,,rated,parsed,rating_anchor,0.9764,0.9998,52,10932,186.793,1F | 4.8洗衣洗鞋￥71/人,福奈特洗衣洗鞋 | FORNET | 1F | 4.8洗衣洗鞋￥71/人 | 上门取送 | 地理位置超级方便，设备全新环境整洁 | Since 1997 | ￥77￥88 | 惠 | 【到店洗衣】任洗1件羽绒服/... | ￥45￥50代金券 | 惠,ocr/input_videos\上海__长宁来福士__20260825.mp4
OBS-001235,长宁来福士,乌首养发,乌首养发,养发,3.7,94,4F,rated,True,,rated,parsed,rating_anchor,0.9682,0.9981,59,10932,186.793,3.7养发￥94/人 | 4F,乌首养发 | 3.7养发￥94/人 | 4F | “地理位置便利，按摩刮痧深度享受” | 乌首养发 | ￥29.9￥88 | 惠 | 【夏日特惠】草本洗发(30...,ocr/input_videos\上海__长宁来福士__20260825.mp4
OBS-001236,长宁来福士,全家便利店,全家便利店,超市便利,4.3,25,1F,rated,True,,rated,parsed,rating_anchor,0.9779,0.998,56,10932,186.793,🌟🌟⭐ | 1F | 超市便利￥25/人 | 4.3,全家便利店 | 🌟🌟⭐ | 1F | 超市便利￥25/人 | 4.3 | 颗粒饱满又香甜，早餐加餐超满足 | 全家 FamilyMart | ￥3.5￥5 | 惠 | 【2个装】茶叶蛋【全家】,ocr/input_videos\上海__长宁来福士__20260825.mp4
OBS-001237,长宁来福士,DP私教,DP私教,私教工.,4.4,252,商场内,rated,True,,rated,parsed,rating_anchor,0.9683,0.9992,58,10932,186.793,🌟🌟★⭐ | ￥252/人商场内 | 4.4私教工. | ★,DP私教 | 中 | 🌟🌟★⭐ | ￥252/人商场内 | 4.4私教工. | ★ | ICPOTENEY | 点评榜单 | 中山公园/江苏路健身中心环境榜第10名 | 13周年庆典 | 教练专业耐心，环境小而美 | J | ￥798 | ￥49.9 | 5折 | 【减脂塑形】新人… | 惠,ocr/input_videos\上海__长宁来福士__20260825.mp4
OBS-001238,长宁来福士,众萌普拉提,众萌普拉提,瑜伽,4.5,1577,2F,rated,True,,rated,parsed,rating_anchor,0.963,0.9998,55,10932,186.793,2F | 4.5瑜伽￥1577/人,众萌普拉提 | UASER | 私教+咖啡 | 2F | 4.5瑜伽￥1577/人 | 点评榜单 | 上海瑜伽打卡人气榜第2名,ocr/input_videos\上海__长宁来福士__20260825.mp4
OBS-001239,长宁来福士,DP私教,DP私教,私教工...,4.4,252,商场内,rated,True,,rated,parsed,rating_anchor,0.9323,0.9991,54,11016,188.228,4.4私教工... | 🌟🌟🌟🌟 | ￥252/人商场内,DP私教 | 中 | 4.4私教工... | 🌟🌟🌟🌟 | ￥252/人商场内 | 点评榜单 | ICPOTENCY | 中山公园/江苏路健身中心环境榜第10名 | 13周年庆典 | 教练专业耐心，环境小而美 | 3 | 5 | 5折 | ￥798 | ￥49.9 | 惠 | 【减脂塑形】|新人…,ocr/input_videos\上海__长宁来福士__20260825.mp4
OBS-001240,长宁来福士,众萌普拉提,众萌普拉提,瑜伽,4.5,1577,2F,rated,True,,rated,parsed,rating_anchor,0.9392,0.9998,55,11016,188.228,2F | ⭐4.5瑜伽￥1577/人,众萌普拉提 | SUIAIER | 私教+咖啡 | 2F | ⭐4.5瑜伽￥1577/人 | 点评榜单 | 上海瑜伽打卡人气榜第2名 | 3 | 环境舒适有落地窗，教练热情课后送轻食 | 全国43+连锁门店 | ￥68￥398 | 惠 | 【私教体验课】精品普拉提...,ocr/input_videos\上海__长宁来福士__20260825.mp4
OBS-001241,长宁来福士,灸春堂·专业艾灸·连锁品牌,灸春堂·专业艾灸·连锁品牌,推拿养生,4.7,210,3F,rated,True,,rated,parsed,rating_anchor,0.9739,0.9892,51,11016,188.228,4.7推拿养生￥210/人 | 3F,灸春堂·专业艾灸·连锁品牌 | 4.7推拿养生￥210/人 | 3F | 灸春堂 | ” | 全身热起来，服务态度棒！ | IIUCHUNTANG | ≤ | ￥398 | ￥1686.6折 | 【新客专享】肩颈... | 惠,ocr/input_videos\上海__长宁来福士__20260825.mp4
OBS-001242,长宁来福士,知音琴行雅马哈·珠江·圣卡罗·罗...,知音琴行雅马哈·珠江·圣卡罗·罗,音乐,4.6,3300,2F,rated,True,,rated,parsed,rating_anchor,0.9264,0.9568,53,11016,188.228,2F | ⭐4.6音乐￥3300/人,知音琴行雅马哈·珠江·圣卡罗·罗... | 成立28周年庆 | 扣 | 2F | ⭐4.6音乐￥3300/人 | 严EALNEB | YAMAHA | PIAND | 点评榜单 | Mnn Miwe | 中山公园/江苏路音乐热门榜第3名 | 钢琴-电钢琴-管乐-吉他 | 电钢琴展示多，服务员讲解中肯 | “ | 5,ocr/input_videos\上海__长宁来福士__20260825.mp4
OBS-001243,长宁来福士,全家便利店,全家便利店,超市便利,4.3,25,1F,rated,True,,rated,parsed,rating_anchor,0.9687,0.9974,52,11040,188.638,⭐🌟⭐⭐🎉 | 1F | 4.3 | 超市便利￥25/人,全家便利店 | ⭐🌟⭐⭐🎉 | 1F | 4.3 | 超市便利￥25/人 | 颗粒饱满又香甜，早餐加餐超满足 | 全家 FamilyMart | ￥3.5￥5 | 惠 | 【2个装】茶叶蛋【全家】,ocr/input_videos\上海__长宁来福士__20260825.mp4
OBS-001244,长宁来福士,DP私教,DP私教,私教工..,4.4,252,商场内,rated,True,,rated,parsed,rating_anchor,0.9396,0.999,54,11040,188.638,🌟🌟⭐🌟 | 4.4私教工.. | ￥252/人商场内,DP私教 | 中 | 🌟🌟⭐🌟 | 4.4私教工.. | ￥252/人商场内 | ICPOTENCY | 点评榜单 | 中山公园/江苏路健身中心环境榜第10名 | 13周年庆典 | 教练专业耐心，环境小而美” | ￥49.9 | ￥798 | 【减脂塑形】|新人… | 5折 | 惠,ocr/input_videos\上海__长宁来福士__20260825.mp4
OBS-001245,长宁来福士,众萌普拉提,众萌普拉提,瑜伽,4.5,1577,2F,rated,True,,rated,parsed,rating_anchor,0.924,0.9992,52,11040,188.638,2F | ⭐⭐4.5瑜伽￥1577/人,众萌普拉提 | SUAIER | 私教+咖啡 | 2F | ⭐⭐4.5瑜伽￥1577/人 | 点评榜单 | 上海瑜伽打卡人气榜第2名 | 环境舒适有落地窗，教练热情课后送轻食 | “ | 3 | 全国43+连锁门店 | ￥68￥398 | 惠 | 【私教体验课】精品普拉提..,ocr/input_videos\上海__长宁来福士__20260825.mp4
OBS-001246,长宁来福士,灸春堂·专业艾灸·连锁品牌,灸春堂·专业艾灸·连锁品牌,推拿养生,4.7,210,3F,rated,True,,rated,parsed,rating_anchor,0.9705,0.9908,51,11040,188.638,4.7推拿养生￥210/人 | 3F,灸春堂·专业艾灸·连锁品牌 | 4.7推拿养生￥210/人 | 3F | 灸春堂 | IIUCHUNTANG | 3 | 全身热起来，服务态度棒！ | ￥398 | ￥1686.6折 | 【新客专享】肩颈... | 惠,ocr/input_videos\上海__长宁来福士__20260825.mp4
OBS-001247,长宁来福士,知音琴行雅马哈·珠江·圣卡罗·罗..,知音琴行雅马哈·珠江·圣卡罗·罗,音乐,4.6,3300,2F,rated,True,,rated,parsed,rating_anchor,0.9538,0.9522,53,11040,188.638,2F | 4.6音乐￥3300/人,知音琴行雅马哈·珠江·圣卡罗·罗.. | 成立28周年庆 | 2F | 扣告注 | 4.6音乐￥3300/人 | NE | YAMAHA | 1 | 点评榜单 | 中山公园/江苏路音乐热门榜第3名 | MakeMiwee,ocr/input_videos\上海__长宁来福士__20260825.mp4
OBS-001248,长宁来福士,DP私教,DP私教,私教工.,4.4,252,商场内,rated,True,,rated,parsed,rating_anchor,0.9663,0.9988,54,11076,189.253,🌟🌟⭐⭐ | ￥252/人商场内 | 4.4私教工. | ★,DP私教 | 🌟🌟⭐⭐ | ￥252/人商场内 | 4.4私教工. | ★ | 点评榜单 | EPOTCNCY | 中山公园/江苏路健身中心环境榜第10名 | 13周年庆典 | 教练专业耐心，环境小而美 | C | ￥798 | ￥49.9| | 5折 | 【减脂塑形】新人… | 惠,ocr/input_videos\上海__长宁来福士__20260825.mp4
OBS-001249,长宁来福士,众萌普拉提,众萌普拉提,瑜伽,4.5,1577,2F,rated,True,,rated,parsed,rating_anchor,0.9603,0.9998,55,11076,189.253,4.5瑜伽￥1577/人 | 2F,众萌普拉提 | SUAER | 私教+咖啡 | 4.5瑜伽￥1577/人 | 2F | 点评榜单 | 上海瑜伽打卡人气榜第2名 | 环境舒适有落地窗，教练热情课后送轻食 | 全国43+连锁门店 | ￥68￥398 | 惠 | 【私教体验课】精品普拉提..,ocr/input_videos\上海__长宁来福士__20260825.mp4
OBS-001250,长宁来福士,灸春堂·专业艾灸·连锁品牌,灸春堂·专业艾灸·连锁品牌,推拿养生,4.7,210,3F,rated,True,,rated,parsed,rating_anchor,0.9746,0.9926,54,11076,189.253,4.7推拿养生￥210/人 | 3F,灸春堂·专业艾灸·连锁品牌 | 4.7推拿养生￥210/人 | 3F | 灸春堂 | IIUCHUNTANG | 全身热起来，服务态度棒！ | 3 | ≤ | ￥398 | ￥1686.6折 | 惠 | 【新客专享】肩颈...,ocr/input_videos\上海__长宁来福士__20260825.mp4
OBS-001251,长宁来福士,知音琴行雅马哈·珠江·圣卡罗·罗...,知音琴行雅马哈·珠江·圣卡罗·罗,音乐,4.6,3300,2F,rated,True,,rated,parsed,rating_anchor,0.9557,0.9591,55,11076,189.253,4.6音乐￥3300/人 | 2F,知音琴行雅马哈·珠江·圣卡罗·罗... | 成立28周年庆 | 扣注 | 4.6音乐￥3300/人 | 2F | FEASND | YAMAHA | PANO | 点评榜单 | 中山公园/江苏路音乐热门榜第3名 | MakeMiwes | 钢琴-电钢琴-管乐-吉他 | 电钢琴展示多，服务员讲解中肯 | “ | 5 | 司,ocr/input_videos\上海__长宁来福士__20260825.mp4
OBS-001252,长宁来福士,众萌普拉提,众萌普拉提,瑜伽,4.5,1577,2F,rated,True,,rated,parsed,rating_anchor,0.9446,0.9997,55,11100,189.663,2F | ⭐⭐4.5瑜伽￥1577/人,众萌普拉提 | SUIASER | 私教+咖啡 | 2F | ⭐⭐4.5瑜伽￥1577/人 | 点评榜单 | 上海瑜伽打卡人气榜第2名 | 环境舒适有落地窗，教练热情课后送轻食” | 全国43+连锁门店 | ￥68￥398 | 【私教体验课】精品普拉提... | 惠,ocr/input_videos\上海__长宁来福士__20260825.mp4
OBS-001253,长宁来福士,灸春堂·专业艾灸·连锁品牌,灸春堂·专业艾灸·连锁品牌,推拿养生,4.7,210,3F,rated,True,,rated,parsed,rating_anchor,0.9719,0.9916,53,11100,189.663,3F | 4.7推拿养生￥210/人,灸春堂·专业艾灸·连锁品牌 | 3F | 4.7推拿养生￥210/人 | 灸春堂 | 全身热起来，服务态度棒！ | IIUCHUNTANG | 59 | “ | ￥1686.6折 | ￥398 | 惠 | 【新客专享】肩颈...,ocr/input_videos\上海__长宁来福士__20260825.mp4
OBS-001254,长宁来福士,知音琴行雅马哈·珠江·圣卡罗·罗...,知音琴行雅马哈·珠江·圣卡罗·罗,音乐,4.6,3300,2F,rated,True,,rated,parsed,rating_anchor,0.9341,0.9537,54,11100,189.663,🌈4.6音乐￥3300/人 | 2F,知音琴行雅马哈·珠江·圣卡罗·罗... | 成立28周年庆 | 扣 | 🌈4.6音乐￥3300/人 | 2F | PEANER | YAMAHA | 点评榜单 | MakeMives | 中山公园/江苏路音乐热门榜第3名 | 钢琴-电钢琴-管乐-吉他 | 电钢琴展示多，服务员讲解中肯 | “ | ￥10.9￥3001节试听1对1·青少钢琴|3... | 惠,ocr/input_videos\上海__长宁来福士__20260825.mp4
OBS-001255,长宁来福士,JINS,JINS,眼镜店,4.7,941,B1,rated,True,,rated,parsed,rating_anchor,0.9122,0.9313,51,11100,189.663,B1 | ⭐⭐⭐4.7眼镜店￥941/人,JINS | J!NS | B1 | ⭐⭐⭐4.7眼镜店￥941/人 | 30分钟 | 定制服务专业又亲切，镜片完美不晕 | “ | 立等可取 | 全球超800家直营店 | 低餐含1.60非球面领片399起,ocr/input_videos\上海__长宁来福士__20260825.mp4
OBS-001256,长宁来福士,众萌普拉提,众萌普拉提,瑜伽,4.5,1577,2F,rated,True,,rated,parsed,rating_anchor,0.947,0.9997,55,11136,190.278,2F | ⭐4.5瑜伽￥1577/人,众萌普拉提 | SUIASIER | 私教+咖啡 | 2F | ⭐4.5瑜伽￥1577/人 | 点评榜单 | 上海瑜伽打卡人气榜第2名 | 环境舒适有落地窗，教练热情课后送轻食 | 全国43+连锁门店 | ￥68￥398 | 惠 | 【私教体验课】精品普拉提..,ocr/input_videos\上海__长宁来福士__20260825.mp4
OBS-001257,长宁来福士,灸春堂·专业艾灸·连锁品牌,灸春堂·专业艾灸·连锁品牌,推拿养生,4.7,210,3F,rated,True,,rated,parsed,rating_anchor,0.9518,0.9902,51,11136,190.278,3F | ⭐4.7推拿养生￥210/人,灸春堂·专业艾灸·连锁品牌 | 3F | ⭐4.7推拿养生￥210/人 | 灸春堂 | 全身热起来，服务态度棒！ | IIUCHUNTANG | 53 | “ | ￥1686.6折 | ￥398 | 惠 | 【新客专享】肩颈...,ocr/input_videos\上海__长宁来福士__20260825.mp4
OBS-001258,长宁来福士,知音琴行雅马哈·珠江·圣卡罗·罗...,知音琴行雅马哈·珠江·圣卡罗·罗,音乐,4.6,3300,2F,rated,True,,rated,parsed,rating_anchor,0.9349,0.9567,54,11136,190.278,2F | 🌟4.6音乐￥3300/人,知音琴行雅马哈·珠江·圣卡罗·罗... | 成立28周年庆 | 扣 | 2F | 🌟4.6音乐￥3300/人 | PUS-SNER | YAMAHA | 点评榜单 | 中山公园/江苏路音乐热门榜第3名 | MakeMiws | 钢琴-电钢琴-管乐-吉他 | 电钢琴展示多，服务员讲解中肯 | “ | 5 | ￥10.9￥3001节试听1对1·青少钢琴|3... | 惠,ocr/input_videos\上海__长宁来福士__20260825.mp4
OBS-001259,长宁来福士,JINS,JINS,眼镜店,4.7,941,B1,rated,True,,rated,parsed,rating_anchor,0.8928,0.9088,54,11136,190.278,B1 | ⭐⭐⭐4.7眼镜店￥941/人,JINS | J!NS | B1 | ⭐⭐⭐4.7眼镜店￥941/人 | 30分钟 | 定制服务专业又亲切，镜片完美不晕 | 立等可取的 | 全球超800家直营店 | 低餐含1.60非球面领片399起 | 海马体大师店,ocr/input_videos\上海__长宁来福士__20260825.mp4
OBS-001260,长宁来福士,众萌普拉提,众萌普拉提,瑜伽,4.5,1577,2F,rated,True,,rated,parsed,rating_anchor,0.9394,0.9997,55,11148,190.484,2F | ⭐4.5瑜伽￥1577/人,众萌普拉提 | SUIASIER | 私教+咖啡 | 2F | ⭐4.5瑜伽￥1577/人 | 点评榜单 | 上海瑜伽打卡人气榜第2名 | 环境舒适有落地窗，教练热情课后送轻食 | 全国43+连锁门店 | ￥68￥398 | 【私教体验课】精品普拉提... | 惠,ocr/input_videos\上海__长宁来福士__20260825.mp4
OBS-001261,长宁来福士,灸春堂·专业艾灸·连锁品牌,灸春堂·专业艾灸·连锁品牌,推拿养生,4.7,210,3F,rated,True,,rated,parsed,rating_anchor,0.9643,0.9906,51,11148,190.484,3F | ⭐4.7推拿养生￥210/人,灸春堂·专业艾灸·连锁品牌 | 3F | ⭐4.7推拿养生￥210/人 | 灸春堂 | 全身热起来，服务态度棒！ | IIUCHUNTANG | 53 | “ | ￥1686.6折 | ￥398 | 【新客专享】肩颈... | 惠,ocr/input_videos\上海__长宁来福士__20260825.mp4
OBS-001262,长宁来福士,知音琴行雅马哈·珠江·圣卡罗·罗...,知音琴行雅马哈·珠江·圣卡罗·罗,音乐,4.6,3300,2F,rated,True,,rated,parsed,rating_anchor,0.9343,0.9562,54,11148,190.484,2F | 🌟4.6音乐￥3300/人,知音琴行雅马哈·珠江·圣卡罗·罗... | 成立28周年庆 | 扣 | 2F | 🌟4.6音乐￥3300/人 | YAMAHA | 点评榜单 | 中山公园/江苏路音乐热门榜第3名 | MakeMiws | 钢琴-电钢琴-管乐-吉他 | 电钢琴展示多，服务员讲解中肯 | “ | 5 | ￥10.9￥3001节试听1对1·青少钢琴|3... | 惠,ocr/input_videos\上海__长宁来福士__20260825.mp4
OBS-001263,长宁来福士,JINS,JINS,眼镜店,4.7,941,B1,rated,True,,rated,parsed,rating_anchor,0.8897,0.9088,54,11148,190.484,B1 | ⭐⭐⭐4.7眼镜店￥941/人,JINS | J!NS | B1 | ⭐⭐⭐4.7眼镜店￥941/人 | 30分钟 | 定制服务专业又亲切，镜片完美不晕 | 立等可取 | 全球超800家直营店 | 低餐含1.60非球面领片399起 | 海马体大师店,ocr/input_videos\上海__长宁来福士__20260825.mp4
OBS-001264,长宁来福士,知音琴行雅马哈·珠江·圣卡罗·罗...,知音琴行雅马哈·珠江·圣卡罗·罗,音乐,4.6,3300,2F,rated,True,,rated,parsed,rating_anchor,0.9577,0.951,53,11184,191.099,2F | ★🌟★★🌟 | 4.6音乐￥3300/人,知音琴行雅马哈·珠江·圣卡罗·罗... | 成立28周年庆 | 行 | 2F | ★🌟★★🌟 | 4.6音乐￥3300/人 | ?YAMAHA | PEAALNER | PMAED | 点评榜单 | 中山公园/江苏路音乐热门榜第3名 | 江国楼 | Aake Mres | 钢琴-电钢琴·管乐-吉他 | 电钢琴展示多，服务员讲解中肯 | 5 | ￥10.9￥3001节试听1对1·青少钢琴|3.. | 惠,ocr/input_videos\上海__长宁来福士__20260825.mp4
OBS-001265,长宁来福士,JINS,JINS,眼镜店,4.7,941,B1,rated,True,,rated,parsed,rating_anchor,0.9779,0.9984,52,11184,191.099,B1 | 🌟🎉🌟4.7 | 眼镜店￥941/人,JINS | J!NS | B1 | 🌟🎉🌟4.7 | 眼镜店￥941/人 | 30分钟 | 定制服务专业又亲切，镜片完美不晕 | 立等可取 | 全球超800家直营店 | 套餐含1.60非球面锁片399起,ocr/input_videos\上海__长宁来福士__20260825.mp4
OBS-001266,长宁来福士,海马体大师店,海马体大师店,快照摄影,4.7,381,2F,rated,True,,rated,parsed,rating_anchor,0.9802,0.9997,52,11184,191.099,★🌟★★★ | 2F | 4.7 | 快照摄影￥381/人,海马体大师店 | ★🌟★★★ | 2F | 4.7 | 快照摄影￥381/人 | 氛围浓，摄影师拍出美照 | 用心坚现一生 | 0-0 | ￥254￥259证件照|简历照1求职照.. | 惠,ocr/input_videos\上海__长宁来福士__20260825.mp4
OBS-001267,长宁来福士,天域知音艺术教育培训,天域知音艺术教育培训,音乐,4.6,3906,2F,rated,True,,rated,parsed,rating_anchor,0.9622,0.9993,47,11184,191.099,2F | 🌟🌟🌟★🌟 | 音乐￥3906/人 | 4.6,天域知音艺术教育培训 | 办学28周年庆 | 2F | 🌟🌟🌟★🌟 | 音乐￥3906/人 | 4.6 | 天 | 全品类|全年龄段 | 点评榜单 | 中山公园/江苏路音乐热门榜第7名 | 音乐培训 | 业界标杆品质认证 | 钢琴启蒙课程，毕业典礼仪式感十足 | ￥305折 | ￥200琴房租赁当日卡（工作.... | 惠,ocr/input_videos\上海__长宁来福士__20260825.mp4
OBS-001268,长宁来福士,美式眼镜,美式眼镜,眼镜店,,,B1,new_store,False,new_store,ocr_missing,parsed,metadata_anchor,0.9942,0.9975,57,11184,191.099,新店 | B1 | 眼镜店,美式眼镜 | 医区大医 | EYES | 新店 | B1 | 眼镜店 | 长宁区眼镜销量榜第8名 | 美式眼镜 | 关爱您的眼睛,ocr/input_videos\上海__长宁来福士__20260825.mp4
OBS-001269,长宁来福士,知音琴行雅马哈·珠江·圣卡罗·罗...,知音琴行雅马哈·珠江·圣卡罗·罗,音乐,4.6,3300,2F,rated,True,,rated,parsed,rating_anchor,0.9444,0.9447,51,11208,191.509,2F | ★★🌟🌟 | 4.6 | 音乐￥3300/人,知音琴行雅马哈·珠江·圣卡罗·罗... | 成立28周年庆 | 物行 | 2F | ★★🌟🌟 | 4.6 | 音乐￥3300/人 | YAMAHA | PEAAAMR | PMD | 练江国 | 点评榜单 | 中山公园/江苏路音乐热门榜第3名 | Make Mves | 钢琴-电钢琴·管乐-吉他 | 电钢琴展示多，服务员讲解中肯 | 3 | ￥10.9￥3001节试听1对1·青少钢琴|3.. | 惠,ocr/input_videos\上海__长宁来福士__20260825.mp4
OBS-001270,长宁来福士,JINS,JINS,眼镜店,4.7,941,B1,rated,True,,rated,parsed,rating_anchor,0.9338,0.9162,51,11208,191.509,B1 | ★★★★★4.7 | 眼镜店￥941/人,JINS | J!NS | B1 | ★★★★★4.7 | 眼镜店￥941/人 | 30分钟 | 定制服务专业又亲切，镜片完美不晕 | 立等可取 | 全球超800家直营店 | 营杨含1.60非球面镇片399起,ocr/input_videos\上海__长宁来福士__20260825.mp4
OBS-001271,长宁来福士,海马体大师店,海马体大师店,快照摄影,4.7,381,2F,rated,True,,rated,parsed,rating_anchor,0.9823,0.9997,51,11208,191.509,2F | ⭐🌟⭐⭐🌟4.7 | 快照摄影￥381/人,海马体大师店 | 2F | ⭐🌟⭐⭐🌟4.7 | 快照摄影￥381/人 | 氛围浓，摄影师拍出美照 | 用心空理珍一生 | ￥254￥259证件照|简历照1求职照... | 惠,ocr/input_videos\上海__长宁来福士__20260825.mp4
OBS-001272,长宁来福士,天域知音艺术教育培训,天域知音艺术教育培训,音乐,4.6,3906,2F,rated,True,,rated,parsed,rating_anchor,0.9697,0.9993,48,11208,191.509,2F | 🌟🌟🌟🌟🌟 | 音乐￥3906/人 | 4.6,天域知音艺术教育培训 | 办学28周年庆 | 2F | 🌟🌟🌟🌟🌟 | 音乐￥3906/人 | 4.6 | 全品类|全年龄段 | 点评榜单 | 中山公园/江苏路音乐热门榜第7名 | 音乐培训 | 业界标杆品质认证 | 钢琴启蒙课程，生 | 毕业典礼仪式感十足 | ￥305折 | ￥200 | 惠 | 琴房租赁当日卡 | (工作….,ocr/input_videos\上海__长宁来福士__20260825.mp4
OBS-001273,长宁来福士,美式眼镜,美式眼镜,眼镜店,,,B1,new_store,False,new_store,ocr_missing,parsed,metadata_anchor,0.998,0.9991,53,11208,191.509,眼镜店 | 新店 | B1,美式眼镜 | 医大达 | 眼镜店 | 新店 | BYES | B1 | 美式眼镜 | 长宁区眼镜销量榜第8名 | 关爱您的眼睛 | 一婴司妆视路尼康官力授权店 | 199大阳镜防UV紫外 | ￥7.658.5折 | 惠,ocr/input_videos\上海__长宁来福士__20260825.mp4
OBS-001274,长宁来福士,天域知音艺术教育培训,天域知音艺术教育培训,音乐,4.6,3906,2F,rated,True,,rated,parsed,rating_anchor,0.9725,0.9989,48,11304,193.149,2F | 4.6音乐￥3906/人,天域知音艺术教育培训 | 办学28周年庆 | 2F | R | 4.6音乐￥3906/人 | 全品类| | 全年龄段 | 点评榜单 | 中山公园/江苏路音乐热门榜第7名 | 音乐培训 | 业界标杆品质认证 | 钢琴启蒙课程，毕业典礼仪式感十足 | 5 | ￥305折 | ￥200琴房租赁当日卡（工作... | 惠,ocr/input_videos\上海__长宁来福士__20260825.mp4
OBS-001275,长宁来福士,美式眼镜,美式眼镜,眼镜店,,,B1,new_store,False,new_store,ocr_missing,parsed,metadata_anchor,0.9981,0.9991,56,11304,193.149,新店 | 眼镜店 | B1,美式眼镜 | 医医肉大医 | BYES | 新店 | 眼镜店 | B1 | 美式眼镜 | 长宁区眼镜销量榜第8名 | 关爱您的眼睛 | 一婴罚农视路尼康营力授权店 | ￥7.658.5折 | ￥199太阳镜1防UV紫外... | 惠,ocr/input_videos\上海__长宁来福士__20260825.mp4
OBS-001276,长宁来福士,乐摩吧,乐摩吧,智能按摩空间,3.6,20,3F,rated,True,,rated,parsed,rating_anchor,0.9878,1.0,60,11304,193.149,🌟🌟⭐🌟🌟 | 智能按摩空间￥20/人 | 3F | 3.6,乐摩吧 | （原电） | 插具卖 | 🌟🌟⭐🌟🌟 | 智能按摩空间￥20/人 | 3F | 3.6 | “按摩椅性价比高，体验很舒适” | 乐摩吧 | 米 | LEMOBAR,ocr/input_videos\上海__长宁来福士__20260825.mp4
OBS-001277,长宁来福士,QiLin泰拳·塑形Fitclub,QiLin泰拳·塑形Fitclub,私教,4.7,4046,商场内,rated,True,,rated,parsed,rating_anchor,0.955,0.9928,55,11304,193.149,4.7 私教 | ￥4046/人商场内,高效减肥 | QiLin泰拳·塑形Fitclub | 疤全身 | 4.7 私教 | ￥4046/人商场内 | 点评榜单 | 中山公园/江苏路健身中心好评榜第5名 | 纯泰国教练，场地干净宽 | ￥168￥500 | 惠 | 【泰拳/拳击私教】泰国教..,ocr/input_videos\上海__长宁来福士__20260825.mp4
OBS-001278,长宁来福士,24/7 FITNESS 健身,24/7FITNESS健身,健身房,4.3,2818,4F,rated,True,,rated,parsed,rating_anchor,0.9627,0.9564,48,11304,193.149,4F | 🌟🌟 | 健身房￥2818/人 | 4.3,24/7 FITNESS 健身 | ATITNH | 6 | 小时 | 4F | 🌟🌟 | 健身房￥2818/人 | 4.3 | 健身 | HOURS OPEN | 无零身不打状 | 中山公园/江苏路健身房销量榜第2名 | 5 | 全民健身月 | 环境清新，器械纯进口 | 《 | 5 | 惠 | ¥68.8￥520专业场馆|连续3天|需预约,ocr/input_videos\上海__长宁来福士__20260825.mp4
OBS-001279,长宁来福士,QiLin泰拳·塑形Fitclub,QiLin泰拳·塑形Fitclub,私教.,4.7,4046,商场内,rated,True,,rated,parsed,rating_anchor,0.9303,0.9962,51,11388,194.584,⭐4.7私教. | ￥4046/人商场内,高效减肥 | QiLin泰拳·塑形Fitclub | 瘦全身 | ⭐4.7私教. | ￥4046/人商场内 | 点评榜单 | 中山公园/江苏路健身中心好评榜第5名 | 纯泰国教练，场地干净宽” | ￥168￥500 | 【泰拳/拳击私教】泰国教.. | 惠,ocr/input_videos\上海__长宁来福士__20260825.mp4
OBS-001280,长宁来福士,24/7FITNESS健身,24/7FITNESS健身,健身房,4.3,2818,4F,rated,True,,rated,parsed,rating_anchor,0.9851,0.9971,51,11388,194.584,4F | ⭐🌟⭐⭐🌟 | 健身房￥2818/人 | 4.3,24/7FITNESS健身 | 111 | 2A/P FIYNCOG | 24 | 小时 | 4F | ⭐🌟⭐⭐🌟 | 健身房￥2818/人 | 4.3 | 健身 | HOURS OPEN | 无网 | 国零直酒 | 不打现 | 中山公园/江苏路健身房销量榜第2名 | 1. | 全民健身月 | 环境清新，器械纯进口 | 93 | 惠 | ￥68.8￥520专业场馆连续3天|需预约,ocr/input_videos\上海__长宁来福士__20260825.mp4
OBS-001281,长宁来福士,SAVAGE运动空间(长宁来福士店),SAVAGE运动空间(长宁来福士店),健身房,4.0,372,4F,rated,True,,rated,parsed,rating_anchor,0.9625,0.9575,51,11388,194.584,4F | 🌟🌟⭐⭐ | 4.0健身房￥372/人,SAVAGE运动空间(长宁来福士店) | 4F | 🌟🌟⭐⭐ | 4.0健身房￥372/人 | SAVAGE | 点评榜单 | 中山公园/江苏路健身中心热门榜第6名 | 环境酷而不沉闷，教练专业又热情 | 2 | ￥68.9￥69动感单车系列课程1团课 | 惠,ocr/input_videos\上海__长宁来福士__20260825.mp4
OBS-001282,长宁来福士,MOUSSY,MOUSSY,服饰鞋包,,,4F,new_store,False,new_store,ocr_missing,parsed,metadata_anchor,0.9949,0.9907,46,11388,194.584,新店 | 服饰鞋包 | 4F,MOUSSY | 新店 | 服饰鞋包 | 4F | 4 | 6,ocr/input_videos\上海__长宁来福士__20260825.mp4
OBS-001283,长宁来福士,泡泡玛特POPMART,泡泡玛特POPMART,杂货礼品,4.8,138,1F,rated,True,,rated,parsed,rating_anchor,0.9627,0.9987,48,11388,194.584,1F | ⭐4.8杂货礼品￥138/人,泡泡玛特POPMART | 1F | ⭐4.8杂货礼品￥138/人 | POP MART | 手办质量好，灯光氛围像城堡 | “,ocr/input_videos\上海__长宁来福士__20260825.mp4
OBS-001284,长宁来福士,24/7 FITNESS 健身,24/7FITNESS健身,健身房,4.3,2818,4F,rated,True,,rated,parsed,rating_anchor,0.9628,0.9564,54,11460,195.815,4F | ⭐🌟⭐⭐⭐ | 4.3 | 健身房￥2818/人,24/7 FITNESS 健身 | 2A7TNESE | 24小鸭 | 0 | 4F | ⭐🌟⭐⭐⭐ | 4.3 | 健身房￥2818/人 | 健身 | HOURS OPEN | 无有们学营不打扰 | 中山公园/江苏路健身房销量榜第2名 | T. | 全民健身月 | 环境清新，器械纯进口 | 惠 | ￥68.8￥520专业场馆|连续3天|需预约,ocr/input_videos\上海__长宁来福士__20260825.mp4
OBS-001285,长宁来福士,SAVAGE运动空间(长宁来福士店),SAVAGE运动空间(长宁来福士店),健身房,,372,4F,unknown,True,,ocr_missing,parsed,metadata_anchor,0.9693,0.971,54,11460,195.815,🌟🌟🌟🎉 | 4F | 健身房￥372/人 | 4. | 2,SAVAGE运动空间(长宁来福士店) | 🌟🌟🌟🎉 | 4F | 健身房￥372/人 | 4. | 2 | SAVAGE | 点评榜单 | 中山公园/江苏路健身中心热门榜第6名 | 环境酷而不沉闷，教练专业又热情 | ￥68.9￥69动感单车系列课程|团课 | 惠,ocr/input_videos\上海__长宁来福士__20260825.mp4
OBS-001286,长宁来福士,MOUSSY,MOUSSY,服饰鞋包,,,4F,new_store,False,new_store,ocr_missing,parsed,metadata_anchor,0.9951,0.991,46,11460,195.815,新店 | 服饰鞋包 | 4F,MOUSSY | 新店 | 服饰鞋包 | 4F,ocr/input_videos\上海__长宁来福士__20260825.mp4
OBS-001287,长宁来福士,泡泡玛特POPMART,泡泡玛特POPMART,杂货礼品,4.8,138,1F,rated,True,,rated,parsed,rating_anchor,0.977,0.999,51,11460,195.815,1F | 4.8杂货礼品￥138/人,泡泡玛特POPMART | 1F | 4.8杂货礼品￥138/人 | POP MART | 手办质量好，灯光氛围像城堡”,ocr/input_videos\上海__长宁来福士__20260825.mp4
OBS-001288,长宁来福士,星零界·舞台活动·亲子游乐·潮玩...,星零界·舞台活动·亲子游乐·潮玩,演出/活动,4.0,,B1,rated,True,,rated,parsed,rating_anchor,0.9626,0.9331,56,11460,195.815,B1 | 4.0演出/活动 | 🌟🌟🌟🎉🌟,星零界·舞台活动·亲子游乐·潮玩... | B1 | 4.0演出/活动 | 🌟🌟🌟🎉🌟,ocr/input_videos\上海__长宁来福士__20260825.mp4
OBS-001289,长宁来福士,24/7 FITNESS 健身,24/7FITNESS健身,健身房,4.3,2818,4F,rated,True,,rated,parsed,rating_anchor,0.9644,0.9529,54,11508,196.635,4F | ⭐🌟⭐⭐⭐ | 4.3健身房￥2818/人,24/7 FITNESS 健身 | 2A7TNESE | 0 | 4F | ⭐🌟⭐⭐⭐ | 4.3健身房￥2818/人 | 健身 | HOURS OPEN | 不打找 | 0学营话 | 无 | 中山公园/江苏路健身房销量榜第2名 | T. | 全民健身月 | 环境清新，器械纯进口 | ￥68.8￥520专业场馆|连续3天|需预约 | 惠,ocr/input_videos\上海__长宁来福士__20260825.mp4
OBS-001290,长宁来福士,SAVAGE运动空间(长宁来福士店),SAVAGE运动空间(长宁来福士店),健身房,,372,4F,unknown,True,,ocr_missing,parsed,metadata_anchor,0.9649,0.9591,51,11508,196.635,4F | 🌟🌟🌟🌟 | 健身房￥372/人 | 4 | ★,SAVAGE运动空间(长宁来福士店) | 4F | 🌟🌟🌟🌟 | 健身房￥372/人 | 4 | ★ | SAVAGE | 点评榜单 | 中山公园/江苏路健身中心热门榜第6名 | 环境酷而不沉闷，教练专业又热情 | ￥68.9￥69动感单车系列课程|团课 | 惠,ocr/input_videos\上海__长宁来福士__20260825.mp4
OBS-001291,长宁来福士,MOUSSY,MOUSSY,服饰鞋包,,,4F,new_store,False,new_store,ocr_missing,parsed,metadata_anchor,0.9953,0.9914,46,11508,196.635,新店 | 服饰鞋包 | 4F,MOUSSY | 新店 | 服饰鞋包 | 4F,ocr/input_videos\上海__长宁来福士__20260825.mp4
OBS-001292,长宁来福士,泡泡玛特POPMART,泡泡玛特POPMART,杂货礼品,4.8,138,1F,rated,True,,rated,parsed,rating_anchor,0.978,0.9992,51,11508,196.635,1F | 4.8杂货礼品￥138/人,泡泡玛特POPMART | 1F | 4.8杂货礼品￥138/人 | POP MART | 手办质量好，灯光氛围像城堡”,ocr/input_videos\上海__长宁来福士__20260825.mp4
OBS-001293,长宁来福士,星零界·舞台活动·亲子游乐·潮玩...,星零界·舞台活动·亲子游乐·潮玩,演出/活动,4.0,,B1,rated,True,,rated,parsed,rating_anchor,0.9753,0.9548,56,11508,196.635,B1 | 🌟🌟🌟 | 4.0演出/活动 | ★,星零界·舞台活动·亲子游乐·潮玩... | B1 | 🌟🌟🌟 | 4.0演出/活动 | ★ | 水星家纺,ocr/input_videos\上海__长宁来福士__20260825.mp4
OBS-001294,长宁来福士,SAVAGE运动空间(长宁来福士店）,SAVAGE运动空间(长宁来福士店),健身房,4.0,372,4F,rated,True,,rated,parsed,rating_anchor,0.9512,0.9366,51,11544,197.25,🌟🌟⭐🌟 | 4F | 健身房￥372/人 | 4.0,SAVAGE运动空间(长宁来福士店） | 🌟🌟⭐🌟 | 4F | 健身房￥372/人 | 4.0 | SAVAGE | 点评榜单 | 中山公园/江苏路健身中心热门榜第6名 | 环境酷而不沉闷，教练专业又热情 | ￥68.9￥69动感单车系列课程1团课 | 惠,ocr/input_videos\上海__长宁来福士__20260825.mp4
OBS-001295,长宁来福士,MOUSSY,MOUSSY,服饰鞋包,,,4F,new_store,False,new_store,ocr_missing,parsed,metadata_anchor,0.9959,0.9925,44,11544,197.25,新店 | 4F | 服饰鞋包,MOUSSY | 新店 | 4F | 服饰鞋包,ocr/input_videos\上海__长宁来福士__20260825.mp4
OBS-001296,长宁来福士,泡泡玛特POPMART,泡泡玛特POPMART,杂货礼品,4.8,138,1F,rated,True,,rated,parsed,rating_anchor,0.9787,0.9986,50,11544,197.25,4.8杂货礼品￥138/人 | 1F,泡泡玛特POPMART | 4.8杂货礼品￥138/人 | 1F | POP MART | 手办质量好，灯光氛围像城堡,ocr/input_videos\上海__长宁来福士__20260825.mp4
OBS-001297,长宁来福士,星零界·舞台活动·亲子游乐·潮玩...,星零界·舞台活动·亲子游乐·潮玩,演出/活动,4.0,,B1,rated,True,,rated,parsed,rating_anchor,0.9643,0.9393,57,11544,197.25,4.0演出/活动 | B1,星零界·舞台活动·亲子游乐·潮玩... | 4.0演出/活动 | B1,ocr/input_videos\上海__长宁来福士__20260825.mp4
OBS-001298,长宁来福士,水星家纺,水星家纺,家饰家纺,3.5,,商场内,rated,True,,rated,parsed,rating_anchor,0.9981,0.9995,56,11544,197.25,商场内 | 3.5家饰家纺 | 🌟🌟🌟🌟★,水星家纺 | 话 | 商场内 | 3.5家饰家纺 | 🌟🌟🌟🌟★,ocr/input_videos\上海__长宁来福士__20260825.mp4
OBS-001299,长宁来福士,英孚教育青少儿英语,英孚教育青少儿英语,主持,4.3,17248,商场内,rated,True,,rated,parsed,rating_anchor,0.999,0.9995,54,11544,197.25,★★★★★4.3 | 主持 | ￥17248/人商场内,英孚教育青少儿英语 | 5 | 英可验商 | 邮 | 开学季 | ★★★★★4.3 | 主持 | ￥17248/人商场内 | 英语真学霸 | 老师专业定制学习计划，雅思提分超明显 | 35 | “ | 拼读|谢汇|阅读|语法,ocr/input_videos\上海__长宁来福士__20260825.mp4
OBS-001300,长宁来福士,星零界·舞台活动·亲子游乐·潮玩..,星零界·舞台活动·亲子游乐·潮玩,演出/活动,4.0,,B1,rated,True,,rated,parsed,rating_anchor,0.9164,0.9359,58,11592,198.07,⭐⭐⭐⭐4.0演出/活动 | B1,星零界·舞台活动·亲子游乐·潮玩.. | ⭐⭐⭐⭐4.0演出/活动 | B1,ocr/input_videos\上海__长宁来福士__20260825.mp4
OBS-001301,长宁来福士,水星家纺,水星家纺,家饰家纺,3.5,,商场内,rated,True,,rated,parsed,rating_anchor,0.9926,0.9995,53,11592,198.07,3.5家饰家纺 | 商场内,水星家纺 | 3.5家饰家纺 | 商场内,ocr/input_videos\上海__长宁来福士__20260825.mp4
OBS-001302,长宁来福士,英孚教育青少儿英语,英孚教育青少儿英语,主持,4.3,17248,商场内,rated,True,,rated,parsed,rating_anchor,0.9626,0.9996,57,11592,198.07,4.3 主持￥17248/人商场内,英孚教育青少儿英语 | 0 | 英承验育 | 08 | 开学季 | 4.3 主持￥17248/人商场内 | 英语真学霸 | 老师专业定制学习计划，雅思提分超明显 | 35 | “ | 排读|调汇|阅读|语法 | ￥9.9￥597全城6次课随心学|少儿游... | 惠,ocr/input_videos\上海__长宁来福士__20260825.mp4
OBS-001303,长宁来福士,GEGE格格假发,GEGE格格假发,美发,4.7,3922,商场内,rated,True,,rated,parsed,rating_anchor,0.9717,0.9995,51,11592,198.07,4.7美发￥3922/人 | 商场内,GEGE格格假发 | 4.7美发￥3922/人 | 商场内 | 惠￥1￥100GEGEI假发试戴体验,ocr/input_videos\上海__长宁来福士__20260825.mp4
OBS-001304,长宁来福士,vivo官方授权体验店,vivo官方授权体验店,数码产品,4.9,,B1,rated,True,,rated,parsed,rating_anchor,0.9811,0.9947,56,11592,198.07,4.9数码产品4125/人 | B1,vivo官方授权体验店 | vivOX300E | 电上 | B110 | 1 | 4.9数码产品4125/人 | B1 | 折叠屏手机拍照好看，环境服务都不错 | 来vivo体验店，享国家补贴 | 惠 | ￥1￥967vivo全机型到店购机专属权益..,ocr/input_videos\上海__长宁来福士__20260825.mp4
OBS-001305,长宁来福士,星零界·舞台活动·亲子游乐·潮玩...,星零界·舞台活动·亲子游乐·潮玩,演出/活动,4.0,,B1,rated,True,,rated,parsed,rating_anchor,0.9691,0.9486,54,11604,198.275,B1 | 4.0演出/活动,星零界·舞台活动·亲子游乐·潮玩... | B1 | 4.0演出/活动,ocr/input_videos\上海__长宁来福士__20260825.mp4
OBS-001306,长宁来福士,水星家纺,水星家纺,家饰家纺,3.5,,商场内,rated,True,,rated,parsed,rating_anchor,0.9235,0.9994,57,11604,198.275,商场内 | ⭐⭐⭐3.5家饰家纺,水星家纺 | 80 | 商场内 | ⭐⭐⭐3.5家饰家纺,ocr/input_videos\上海__长宁来福士__20260825.mp4
OBS-001307,长宁来福士,英孚教育青少儿英语,英孚教育青少儿英语,主持,4.3,17248,商场内,rated,True,,rated,parsed,rating_anchor,0.9702,0.9998,57,11604,198.275,4.3 主持￥17248/人商场内,英孚教育青少儿英语 | 英承验育 | 0 | 开学季 | 4.3 主持￥17248/人商场内 | 英语真学霸 | 老师专业定制学习计划，雅思提分超明显 | 35 | 排读|请汇|阅读|语法 | ￥9.9￥597全城6次课随心学|少游. | 惠,ocr/input_videos\上海__长宁来福士__20260825.mp4
OBS-001308,长宁来福士,GEGE格格假发,GEGE格格假发,美发,4.7,3922,商场内,rated,True,,rated,parsed,rating_anchor,0.9642,0.9995,51,11604,198.275,4.7美发￥3922/人 | 商场内,GEGE格格假发 | 4.7美发￥3922/人 | 商场内 | OEO | 惠 | ￥1￥100GEGEI假发试戴体验,ocr/input_videos\上海__长宁来福士__20260825.mp4
OBS-001309,长宁来福士,vivo官方授权体验店,vivo官方授权体验店,数码产品,4.9,4125,B1,rated,True,,rated,parsed,rating_anchor,0.9808,0.9986,55,11604,198.275,4.9数码产品￥4125/人 | B1,vivo官方授权体验店 | vivOX300E | 上 | 1 | 4.9数码产品￥4125/人 | B1 | 折叠屏手机拍照好看，环境服务都不错 | 2 | 来vivo体验店，享国家补贴 | 惠￥1￥967vivo全机型到店购机专属权益...,ocr/input_videos\上海__长宁来福士__20260825.mp4
OBS-001310,长宁来福士,星零界·舞台活动·亲子游乐·潮玩...,星零界·舞台活动·亲子游乐·潮玩,演出/活动,4.0,,B1,rated,True,,rated,parsed,rating_anchor,0.9337,0.9469,59,11652,199.095,⭐⭐4.0演出/活动 | B1,星零界·舞台活动·亲子游乐·潮玩... | ⭐⭐4.0演出/活动 | B1,ocr/input_videos\上海__长宁来福士__20260825.mp4
OBS-001311,长宁来福士,水星家纺,水星家纺,家饰家纺,3.5,,商场内,rated,True,,rated,parsed,rating_anchor,0.9545,0.9991,61,11652,199.095,✨3.5家饰家纺 | 商场内,水星家纺 | 2160 | ✨3.5家饰家纺 | 商场内,ocr/input_videos\上海__长宁来福士__20260825.mp4
OBS-001312,长宁来福士,英孚教育青少儿英语,英孚教育青少儿英语,主持,4.3,17248,商场内,rated,True,,rated,parsed,rating_anchor,0.9568,0.9998,58,11652,199.095,4.3 主持￥17248/人商场内,英孚教育青少儿英语 | 美学教育 | 50 | 开学季 | 4.3 主持￥17248/人商场内 | 英语真学霸 | 老师专业定制学习计划，雅思提分超明显 | 屏读|请汇|阅读|语法 | ￥9.9￥597全城6次课随心学1少儿游... | 惠,ocr/input_videos\上海__长宁来福士__20260825.mp4
OBS-001313,长宁来福士,GEGE格格假发,GEGE格格假发,美发,4.7,3922,商场内,rated,True,,rated,parsed,rating_anchor,0.9766,0.9995,54,11652,199.095,商场内 | 4.7美发￥3922/人,GEGE格格假发 | 商场内 | 4.7美发￥3922/人 | OEQE | 惠￥1￥100GEGE|假发试戴体验,ocr/input_videos\上海__长宁来福士__20260825.mp4
OBS-001314,长宁来福士,vivo官方授权体验店,vivo官方授权体验店,数码产品,4.9,4125,B1,rated,True,,rated,parsed,rating_anchor,0.9793,0.9954,58,11652,199.095,4.9数码产品￥4125/人 | B1,vivo官方授权体验店 | vivoX300E | 4.9数码产品￥4125/人 | B1 | 折叠屏手机拍照好看，环境服务都不错 | 来vivo体验店亮国家社题 | 惠￥1￥967vivo全机型到店购机专属权益...,ocr/input_videos\上海__长宁来福士__20260825.mp4
OBS-001315,长宁来福士,GEGE格格假发,GEGE格格假发,美发,4.7,3922,商场内,rated,True,,rated,parsed,rating_anchor,0.974,0.9995,52,11676,199.505,商场内 | 4.7美发￥3922/人,GEGE格格假发 | 商场内 | 4.7美发￥3922/人 | ￥1￥100GEGE1假发试戴体验 | 惠,ocr/input_videos\上海__长宁来福士__20260825.mp4
OBS-001316,长宁来福士,vivo官方授权体验店,vivo官方授权体验店,数码产品,4.9,,B1,rated,True,,rated,parsed,rating_anchor,0.9872,0.9914,54,11676,199.505,4.9数码产品4125/人 | B1,vivo官方授权体验店 | vivox300E | 电上 | 4.9数码产品4125/人 | B1 | 折叠屏手机拍照好看，环境服务都不错 | 来vivo体验店：真国家补贴 | 惠￥1￥967vivo全机型到店购机专属权益...,ocr/input_videos\上海__长宁来福士__20260825.mp4
OBS-001317,长宁来福士,KOYO蛋白好漾医美,KOYO蛋白好漾医美,医学.,4.7,4175,商场内,rated,True,,rated,parsed,rating_anchor,0.8876,0.9945,56,11676,199.505,⭐4.7 医学. | ￥4175/人商场内,KOYO蛋白好漾医美 | 8 | ⭐4.7 医学. | ￥4175/人商场内 | 美容Spa，养出光滑细腻好皮肤” | “,ocr/input_videos\上海__长宁来福士__20260825.mp4
OBS-001318,长宁来福士,your idols,youridols,购物,4.2,241,商场内,rated,True,,rated,parsed,rating_anchor,0.9788,0.9945,65,11676,199.505,🌟🌟🎉⭐⭐ | 商场内 | 4.2购物￥241/人,Yowr Jdols | your idols | 🌟🌟🎉⭐⭐ | 商场内 | 4.2购物￥241/人 | 专辑上新速度快，种类繁多好逛！ | 33,ocr/input_videos\上海__长宁来福士__20260825.mp4
OBS-001319,长宁来福士,久久金管家·黄金首饰回收,久久金管家·黄金首饰回收,金银首饰回收,3.9,,5F,rated,True,,rated,parsed,rating_anchor,0.9401,0.9866,57,11676,199.505,⭐⭐3.9金银首饰回收 | 5F,久久金管家·黄金首饰回收 | 久久金管家 | IUMUJINHOUSEKEEPER | ⭐⭐3.9金银首饰回收 | 5F | 美团战略合作品牌 | 国检测金实时到账 | ￥99 | 【黄金首饰检测鉴定】专业仪 | 惠 | ￥1,ocr/input_videos\上海__长宁来福士__20260825.mp4
OBS-001320,长宁来福士,GEGE格格假发,GEGE格格假发,美发,4.7,3922,商场内,rated,True,,rated,parsed,rating_anchor,0.9783,0.9996,52,11700,199.915,4.7美发￥3922/人 | 商场内,GEGE格格假发 | 4.7美发￥3922/人 | 商场内 | 惠￥1￥100GEGE|假发试戴体验,ocr/input_videos\上海__长宁来福士__20260825.mp4
OBS-001321,长宁来福士,vivo官方授权体验店,vivo官方授权体验店,数码产品,4.9,4125,B1,rated,True,,rated,parsed,rating_anchor,0.979,0.9968,59,11700,199.915,4.9数码产品￥4125/人 | B1,vivo官方授权体验店 | vivo×300E | 15 | 4.9数码产品￥4125/人 | B1 | “折叠屏机拍照好看，环境服务都不错 | 来vivo体验店、享国家补贴 | ￥1￥967vivo全机型到店购机专属权益... | 惠,ocr/input_videos\上海__长宁来福士__20260825.mp4
OBS-001322,长宁来福士,KOYO蛋白好漾医美,KOYO蛋白好漾医美,医学,4.7,4175,商场内,rated,True,,rated,parsed,rating_anchor,0.899,0.9977,54,11700,199.915,⭐⭐4.7 医学 | ￥4175/人商场内,KOYO蛋白好漾医美 | 8 | ⭐⭐4.7 医学 | ￥4175/人商场内 | 美容Spa，养出光滑细腻好皮肤,ocr/input_videos\上海__长宁来福士__20260825.mp4
OBS-001323,长宁来福士,your idols,youridols,购物,4.2,241,商场内,rated,True,,rated,parsed,rating_anchor,0.9748,0.9897,64,11700,199.915,商场内 | 🌟🌟⭐⭐⭐ | 4.2购物￥241/人,Yowr Jdols | your idols | 商场内 | 🌟🌟⭐⭐⭐ | 4.2购物￥241/人 | 专辑上新速度快，种类繁多好逛！ | 力,ocr/input_videos\上海__长宁来福士__20260825.mp4
OBS-001324,长宁来福士,久久金管家·黄金首饰回收,久久金管家·黄金首饰回收,金银首饰回收,3.9,,5F,rated,True,,rated,parsed,rating_anchor,0.9937,0.9926,57,11700,199.915,3.9金银首饰回收 | 5F,久久金管家·黄金首饰回收 | 久久金管家 | HUJINHOUSEKEEPER | 3.9金银首饰回收 | 5F | 美团战略合作品牌 | 国检测金实时到账 | 【黄金首饰检测鉴定】专业仪.. | 惠￥1￥99,ocr/input_videos\上海__长宁来福士__20260825.mp4
OBS-001325,长宁来福士,vivo官方授权体验店,vivo官方授权体验店,姿,4.9,4125,B1,rated,True,,rated,parsed,rating_anchor,0.8067,0.996,56,11760,200.941,⭐🎉🎉🌈4.9姿 | B1 | 数码产品￥4125/人,vivo官方授权体验店 | vivo×300E | ⭐🎉🎉🌈4.9姿 | B1 | 数码产品￥4125/人 | “折叠屏机拍照好看，环境服务都不错 | 来vivo体验店.享国家补贴 | 惠 | ￥1￥967vivo全机型到店购机专属权益...,ocr/input_videos\上海__长宁来福士__20260825.mp4
OBS-001326,长宁来福士,KOYO蛋白好漾医美,KOYO蛋白好漾医美,医学,4.7,4175,商场内,rated,True,,rated,parsed,rating_anchor,0.878,0.9966,54,11760,200.941,⭐⭐⭐✨4.7 医学 | ￥4175/人商场内,KOYO蛋白好漾医美 | KO | ⭐⭐⭐✨4.7 医学 | ￥4175/人商场内 | YO | 美容Spa，养出光滑细腻好皮肤”,ocr/input_videos\上海__长宁来福士__20260825.mp4
OBS-001327,长宁来福士,your idols,youridols,购物,4.2,241,商场内,rated,True,,rated,parsed,rating_anchor,0.9792,0.9934,61,11760,200.941,商场内 | 🌟🌟🌟⭐ | 4.2购物￥241/人 | ★,Yowr Jdols | your idols | 商场内 | 🌟🌟🌟⭐ | 4.2购物￥241/人 | ★ | 专辑上新速度快，种类繁多好逛！ | 力,ocr/input_videos\上海__长宁来福士__20260825.mp4
OBS-001328,长宁来福士,久久金管家·黄金首饰回收,久久金管家·黄金首饰回收,金银首饰回收,3.9,,5F,rated,True,,rated,parsed,rating_anchor,0.9909,0.9873,57,11760,200.941,3.9金银首饰回收 | 5F,久久金管家·黄金首饰回收 | 久久金管家 | IUNUJINHOUSEKEEPER | 3.9金银首饰回收 | 5F | 美团战略合作品牌 | 国检测金实时到账 | 惠￥1￥99 | 【黄金首饰检测鉴定】专业仪.,ocr/input_videos\上海__长宁来福士__20260825.mp4
OBS-001329,长宁来福士,LIOU&LANS了岚,LIOU&LANS了岚,服饰鞋包,4.4,,2F,rated,True,,rated,parsed,rating_anchor,0.9925,0.9864,54,11760,200.941,4.4服饰鞋包 | 🌟🌟⭐⭐⭐ | 2F,LIOU&LANS了岚 | 4.4服饰鞋包 | 🌟🌟⭐⭐⭐ | 2F | OULLA | 衣服搭配高级感满满，颜色全面,ocr/input_videos\上海__长宁来福士__20260825.mp4
OBS-001330,长宁来福士,your idols,youridols,购物,4.2,241,商场内,rated,True,,rated,parsed,rating_anchor,0.9783,0.9945,65,11796,201.556,🌟🌟🌟⭐⭐ | 商场内 | 4.2购物￥241/人,Yowr Jdols | your idols | 🌟🌟🌟⭐⭐ | 商场内 | 4.2购物￥241/人 | 专辑上新速度快，种类繁多好逛！ | 3,ocr/input_videos\上海__长宁来福士__20260825.mp4
OBS-001331,长宁来福士,久久金管家·黄金首饰回收,久久金管家·黄金首饰回收,金银首饰回收,3.9,,5F,rated,True,,rated,parsed,rating_anchor,0.9581,0.9915,57,11796,201.556,⭐⭐3.9金银首饰回收 | 5F,久久金管家·黄金首饰回收 | 久久金管家 | IUJIUJINHOUSEKEEPER | ⭐⭐3.9金银首饰回收 | 5F | 美团战略合作品牌 | 国检测金实时到账 | 【黄金首饰检测鉴定】专业仪... | 惠 | 1￥99 | ￥1,ocr/input_videos\上海__长宁来福士__20260825.mp4
OBS-001332,长宁来福士,LIOU&LANS了岚,LIOU&LANS了岚,服饰鞋包,4.4,,2F,rated,True,,rated,parsed,rating_anchor,0.9358,0.9872,54,11796,201.556,2F | ⭐⭐⭐4.4服饰鞋包,LIOU&LANS了岚 | 2F | ⭐⭐⭐4.4服饰鞋包 | 衣服搭配高级感满满，颜色全面 | SC,ocr/input_videos\上海__长宁来福士__20260825.mp4
OBS-001333,长宁来福士,镀二·奢侈品回收寄卖,镀二·奢侈品回收寄卖,奢侈品回收,4.5,,商场内,rated,True,,rated,parsed,rating_anchor,0.9579,0.9918,57,11796,201.556,⭐⭐⭐4.5奢侈品回收 | 商场内,镀二·奢侈品回收寄卖 | ⭐⭐⭐4.5奢侈品回收 | 商场内 | 长宁区回收服务销量榜第8名 | 镀二中古 | 中古品牌齐全，试背体验佳” | ≤≤ | ￥1￥2001代200代金券 | 惠,ocr/input_videos\上海__长宁来福士__20260825.mp4
OBS-001334,长宁来福士,TaylorMade 旗舰店,TaylorMade旗舰店,运动...,4.7,4678,商场内,rated,True,,rated,parsed,rating_anchor,0.919,0.9818,62,11796,201.556,🌟🌟🌟🌟🌟 | 运动... | ￥4678/人商场内 | 4.7,TaylorMade 旗舰店 | 🌟🌟🌟🌟🌟 | 运动... | ￥4678/人商场内 | 4.7 | 点评榜单 | 中山公园/江苏路运动户外好评榜第6名 | 新款球杆服饰齐全，位置好找,ocr/input_videos\上海__长宁来福士__20260825.mp4
OBS-001335,长宁来福士,镀二·奢侈品回收寄卖,镀二·奢侈品回收寄卖,奢侈品回收,4.5,,商场内,rated,True,,rated,parsed,rating_anchor,0.9743,0.985,51,11916,203.606,商场内 | 4.5奢侈品回收 | 🌟🌟🌟🌟🌟,镀二·奢侈品回收寄卖 | 商场内 | 4.5奢侈品回收 | 🌟🌟🌟🌟🌟 | 长宁区回收服务销量榜第8名 | 镀二中古 | 中古品牌齐全，试背体验佳 | “ | 惠 | ￥1￥2001代200代金券,ocr/input_videos\上海__长宁来福士__20260825.mp4
OBS-001336,长宁来福士,TaylorMade旗舰店,TaylorMade旗舰店,运动....,4.7,4678,商场内,rated,True,,rated,parsed,rating_anchor,0.873,0.9969,57,11916,203.606,🌟🌟🌟🌟🌟 | 运动.... | ￥4678/人商场内 | 4.7,TaylorMade旗舰店 | 🌟🌟🌟🌟🌟 | 运动.... | ￥4678/人商场内 | 4.7 | 点评榜单 | 中山公园/江苏路运动户外好评榜第6名 | 新款球杆服饰齐全，位置好找,ocr/input_videos\上海__长宁来福士__20260825.mp4
OBS-001337,长宁来福士,转转二手回收,转转二手回收,手机数码回收,4.3,,B1,rated,True,,rated,parsed,rating_anchor,0.9998,0.9998,51,11916,203.606,🌟🌟🌟🌟 | B1 | 4.3 | 手机数码回收,转转二手回收 | 🌟🌟🌟🌟 | B1 | 4.3 | 手机数码回收 | 转转,ocr/input_videos\上海__长宁来福士__20260825.mp4
OBS-001338,长宁来福士,蔚来城市展厅,蔚来城市展厅,4S店,,246867,商场内,unknown,True,,ocr_missing,parsed,metadata_anchor,0.9734,0.9993,52,11916,203.606,3.74S店￥246867/人 | 商场内,蔚来城市展厅 | 购蔚来ES8 | 享1万元选装基金 | 3.74S店￥246867/人 | 商场内 | 车内宽明亮，自动入库快速精准 | 福,ocr/input_videos\上海__长宁来福士__20260825.mp4
OBS-001339,长宁来福士,YIOPTICAL奕镜·蔡司战略合作店,YIOPTICAL奕镜·蔡司战略合作店,眼镜店,4.8,4101,商场内,rated,True,,rated,parsed,rating_anchor,0.9718,0.9853,51,11916,203.606,🌟🌟🎉🌟🌟4.8 | 商场内 | 眼镜店￥4101/人,YIOPTICAL奕镜·蔡司战略合作店 | YI OPTICAL OO | 🌟🌟🎉🌟🌟4.8 | 商场内 | 眼镜店￥4101/人 | 点评榜单 | 中山公园/江苏路眼镜店好评榜第6名 | 拍照姿势不重样，粉粉哒超吸睛 | ￥53.56.1折 | ￥188高级/二级技师验光. | 惠,ocr/input_videos\上海__长宁来福士__20260825.mp4
OBS-001340,长宁来福士,TaylorMade 旗舰店,TaylorMade旗舰店,运动...,4.7,4678,商场内,rated,True,,rated,parsed,rating_anchor,0.8624,0.9674,57,11940,204.016,⭐🌟4.7 | ￥4678/人商场内 | 运动...,TaylorMade 旗舰店 | ⭐🌟4.7 | ￥4678/人商场内 | 运动... | 点评榜单 | 中山公园/江苏路运动户外好评榜第6名 | 新款球杆服饰齐全，位置好找 | G,ocr/input_videos\上海__长宁来福士__20260825.mp4
OBS-001341,长宁来福士,转转二手回收,转转二手回收,手机数码回收,4.3,,B1,rated,True,,rated,parsed,rating_anchor,0.9998,0.9999,52,11940,204.016,⭐★🌟⭐★4.3 | B1 | 手机数码回收,转转二手回收 | ⭐★🌟⭐★4.3 | B1 | 手机数码回收 | 转转 | 1,ocr/input_videos\上海__长宁来福士__20260825.mp4
OBS-001342,长宁来福士,蔚来城市展厅,蔚来城市展厅,4S店,,246867,商场内,unknown,True,,ocr_missing,parsed,metadata_anchor,0.9691,0.9949,51,11940,204.016,3.74S店￥246867/人 | 商场内,蔚来城市展厅 | 购蔚来ES8 | 享1万元选装基金 | 3.74S店￥246867/人 | 商场内 | 车内宽敬明亮，自动入库快速精准 | 《,ocr/input_videos\上海__长宁来福士__20260825.mp4
OBS-001343,长宁来福士,YI OPTICAL 奕镜·蔡司战略合作店,YIOPTICAL奕镜·蔡司战略合作店,眼镜店,,4101,商场内,unknown,True,,ocr_missing,parsed,metadata_anchor,0.9681,0.9757,54,11940,204.016,🌟🌟⭐🌟🌟 | 商场内 | 14.8 | 眼镜店￥4101/人,YI OPTICAL 奕镜·蔡司战略合作店 | YI OPTICAL OO | 🌟🌟⭐🌟🌟 | 商场内 | 14.8 | 眼镜店￥4101/人 | 点评榜单 | 中山公园/江苏路眼镜店好评榜第6名 | 拍照姿势不重样，粉粉哒超吸睛 | ￥188高级/二级技师验光... | ￥53.5 | 6.1折 | 惠,ocr/input_videos\上海__长宁来福士__20260825.mp4
OBS-001344,长宁来福士,HAZZYS哈吉斯,HAZZYS哈吉斯,服饰..,4.1,1055,商场内,rated,True,,rated,parsed,rating_anchor,0.9461,0.9982,56,11940,204.016,服饰.. | 🌟🌟🎉🌟 | ￥1055/人商场内 | 4.1 | ★,HAZZYS哈吉斯 | h | 服饰.. | 🌟🌟🎉🌟 | ￥1055/人商场内 | 4.1 | ★ | “秋冬氛围感拉满，拍照出率高 | HAZZYS,ocr/input_videos\上海__长宁来福士__20260825.mp4
OBS-001345,长宁来福士,镀二·奢侈品回收寄卖,镀二·奢侈品回收寄卖,奢侈品回收,4.5,,商场内,rated,True,,rated,parsed,rating_anchor,0.992,0.9849,53,11952,204.221,商场内 | ★★★★4.5 | 奢侈品回收,镀二·奢侈品回收寄卖 | 商场内 | ★★★★4.5 | 奢侈品回收 | 长宁区回收服务销量榜第8名 | 镀二中古 | 中古品牌齐全，试背体验佳 | 惠 | ￥1￥2001代200代金券,ocr/input_videos\上海__长宁来福士__20260825.mp4
OBS-001346,长宁来福士,TaylorMade旗舰店,TaylorMade旗舰店,运动....,4.7,4678,商场内,rated,True,,rated,parsed,rating_anchor,0.8892,0.9954,56,11952,204.221,🌟🌟4.7 | 运动.... | ￥4678/人商场内,TaylorMade旗舰店 | 🌟🌟4.7 | 运动.... | ￥4678/人商场内 | 点评榜单 | 中山公园/江苏路运动户外好评榜第6名 | 新款球杆服饰齐全，位置好找,ocr/input_videos\上海__长宁来福士__20260825.mp4
OBS-001347,长宁来福士,转转二手回收,转转二手回收,手机数码回收,4.3,,B1,rated,True,,rated,parsed,rating_anchor,0.9998,0.9998,54,11952,204.221,🌟🌟🌟⭐🌟 | B1 | 4.3 | 手机数码回收,转转二手回收 | 🌟🌟🌟⭐🌟 | B1 | 4.3 | 手机数码回收 | 转转,ocr/input_videos\上海__长宁来福士__20260825.mp4
OBS-001348,长宁来福士,蔚来城市展厅,蔚来城市展厅,4S店,,246867,商场内,unknown,True,,ocr_missing,parsed,metadata_anchor,0.9722,0.9965,51,11952,204.221,商场内 | 3.74S店￥246867/人,蔚来城市展厅 | 购蔚来ES8 | 享1万元选装基金 | 商场内 | 3.74S店￥246867/人 | 车内宽明亮，自动入库快速精准 | S | 8,ocr/input_videos\上海__长宁来福士__20260825.mp4
OBS-001349,长宁来福士,YI OPTICAL奕镜·蔡司战略合作店,YIOPTICAL奕镜·蔡司战略合作店,眼镜店,4.8,4101,商场内,rated,True,,rated,parsed,rating_anchor,0.9695,0.9724,51,11952,204.221,商场内 | ★★★★★ | 眼镜店￥4101/人 | 4.8,YI OPTICAL奕镜·蔡司战略合作店 | YI OPTICAL OO | 商场内 | ★★★★★ | 眼镜店￥4101/人 | 4.8 | 点评榜单 | 中山公园/江苏路眼镜店好评榜第6名 | 拍照姿势不重样，粉粉哒超吸睛 | 55 | ￥53.5 | ￥188高级/二级技师验光... | 6.1折 | 惠,ocr/input_videos\上海__长宁来福士__20260825.mp4
OBS-001350,长宁来福士,HAZZYS哈吉斯,HAZZYS哈吉斯,服饰....,4.1,1055,商场内,rated,True,,rated,parsed,rating_anchor,0.9129,0.9991,51,11952,204.221,服饰.... | ￥1055/人商场内 | 🌟🌟🌟⭐ | 4.1,HAZZYS哈吉斯 | h | 服饰.... | ￥1055/人商场内 | 🌟🌟🌟⭐ | 4.1 | 护昭出率” | “科备\用感拉满,ocr/input_videos\上海__长宁来福士__20260825.mp4
OBS-001351,长宁来福士,镀二·奢侈品回收寄卖,镀二·奢侈品回收寄卖,奢侈品回收,4.5,,商场内,rated,True,,rated,parsed,rating_anchor,0.9935,0.9875,53,11988,204.836,⭐🌟4.5 | 商场内 | 奢侈品回收,镀二·奢侈品回收寄卖 | ⭐🌟4.5 | 商场内 | 奢侈品回收 | 长宁区回收服务销量榜第8名 | 镀二中古 | 中古品牌齐全，试背体验佳 | “ | 惠 | ￥1￥2001代200代金券,ocr/input_videos\上海__长宁来福士__20260825.mp4
OBS-001352,长宁来福士,TaylorMade 旗舰店,TaylorMade旗舰店,运动...,4.7,4678,商场内,rated,True,,rated,parsed,rating_anchor,0.9161,0.9661,58,11988,204.836,运动... | 🌟🌟⭐🌟 | ￥4678/人商场内 | 4.7,TaylorMade 旗舰店 | 运动... | 🌟🌟⭐🌟 | ￥4678/人商场内 | 4.7 | 点评榜单 | 中山公园/江苏路运动户外好评榜第6名 | 新款球杆服饰齐全，位置好找,ocr/input_videos\上海__长宁来福士__20260825.mp4
OBS-001353,长宁来福士,转转二手回收,转转二手回收,手机数码回收,4.3,,B1,rated,True,,rated,parsed,rating_anchor,0.9998,0.9998,58,11988,204.836,🌟🌟🌟⭐ | B1 | 4.3 | 手机数码回收 | ★,转转二手回收 | 🌟🌟🌟⭐ | B1 | 4.3 | 手机数码回收 | ★ | 转转,ocr/input_videos\上海__长宁来福士__20260825.mp4
OBS-001354,长宁来福士,蔚来城市展厅,蔚来城市展厅,4S店,,246867,商场内,unknown,True,,ocr_missing,parsed,metadata_anchor,0.9742,0.9867,51,11988,204.836,商场内 | 🌟🌟🎉🌟⭐ | 3.74S店￥246867/人,蔚来城市展厅 | 购蔚来ES8 | 享1万元选装基金 | 商场内 | 🌟🌟🎉🌟⭐ | 3.74S店￥246867/人 | 车内宽敞明亮，自动入库快速精准,ocr/input_videos\上海__长宁来福士__20260825.mp4
OBS-001355,长宁来福士,YI OPTICAL 奕镜·蔡司战略合作店,YIOPTICAL奕镜·蔡司战略合作店,眼镜店,,4101,商场内,unknown,True,,ocr_missing,parsed,metadata_anchor,0.9545,0.9543,51,11988,204.836,商场内 | ★🌟🌟⭐🌟 | 眼镜店￥4101/人 | 14.8,YI OPTICAL 奕镜·蔡司战略合作店 | YI OPTICAL OO | 商场内 | ★🌟🌟⭐🌟 | 眼镜店￥4101/人 | 14.8 | 点评榜单 | 中山公园/江苏路眼镜店好评榜第6名 | 拍照姿势不重样，粉粉哒超吸睛 | 53 | ￥188高级/二级技师验光.. | ￥53.5 | 6.1折 | 惠,ocr/input_videos\上海__长宁来福士__20260825.mp4
OBS-001356,长宁来福士,HAZZYS哈吉斯,HAZZYS哈吉斯,服饰...,4.1,1055,商场内,rated,True,,rated,parsed,rating_anchor,0.9357,0.9981,52,11988,204.836,🌟🌟🌟🌟 | 4.1服饰... | ￥1055/人商场内 | ★,HAZZYS哈吉斯 | 🌟🌟🌟🌟 | 4.1服饰... | ￥1055/人商场内 | ★,ocr/input_videos\上海__长宁来福士__20260825.mp4
OBS-001357,长宁来福士,TaylorMade旗舰店,TaylorMade旗舰店,4678/商场内,4.7,,商场内,rated,True,,rated,parsed,rating_anchor,0.9823,0.9968,56,12036,205.657,🌟🌟🎉🌟🌟 | ￥4678/商场内 | 运动... | 4.7,TaylorMade旗舰店 | 🌟🌟🎉🌟🌟 | ￥4678/商场内 | 运动... | 4.7 | 点评榜单 | 中山公园/江苏路运动户外好评榜第6名 | 新款球杆服饰齐全，位置好找,ocr/input_videos\上海__长宁来福士__20260825.mp4
OBS-001358,长宁来福士,转转二手回收,转转二手回收,手机数码回收,4.3,,B1,rated,True,,rated,parsed,rating_anchor,0.9998,0.9998,52,12036,205.657,★★★★ | B1 | 手机数码回收 | 4.3 | ★,转转二手回收 | ★★★★ | B1 | 手机数码回收 | 4.3 | ★ | 转转,ocr/input_videos\上海__长宁来福士__20260825.mp4
OBS-001359,长宁来福士,蔚来城市展厅,蔚来城市展厅,4S店,,246867,商场内,unknown,True,,ocr_missing,parsed,metadata_anchor,0.9745,0.9991,52,12036,205.657,商场内 | 3.74S店￥246867/人,蔚来城市展厅 | 购蔚来ES8 | 享1万元选装基金 | 商场内 | 3.74S店￥246867/人 | 车内宽敞明亮，自动入库快速精准”,ocr/input_videos\上海__长宁来福士__20260825.mp4
OBS-001360,长宁来福士,YIOPTICAL奕镜·蔡司战略合作店,YIOPTICAL奕镜·蔡司战略合作店,眼镜店,4.8,4101,商场内,rated,True,,rated,parsed,rating_anchor,0.9665,0.9869,51,12036,205.657,商场内 | 🌟🌟 | 眼镜店￥4101/人 | 4.8,YIOPTICAL奕镜·蔡司战略合作店 | YI OPTICAL OO | 商场内 | 🌟🌟 | 眼镜店￥4101/人 | 4.8 | 点评榜单 | 中山公园/江苏路眼镜店好评榜第6名 | 拍照姿势不重样，粉粉哒超吸睛 | 55 | “ | ￥53.5 | ￥188高级/二级技师验光... | 6.1折 | 惠,ocr/input_videos\上海__长宁来福士__20260825.mp4
OBS-001361,长宁来福士,HAZZYS哈吉斯,HAZZYS哈吉斯,1055/商场内,4.1,,商场内,rated,True,,rated,parsed,rating_anchor,0.9877,0.9977,51,12036,205.657,⭐🌟⭐⭐⭐ | 服饰... | ￥1055/商场内 | 4.1,HAZZYS哈吉斯 | h | ⭐🌟⭐⭐⭐ | 服饰... | ￥1055/商场内 | 4.1 | “秋冬氛围感拉满，拍照出率 | HAZZYS,ocr/input_videos\上海__长宁来福士__20260825.mp4
OBS-001362,长宁来福士,朴愫木作,朴愫木作,成品家具,3.9,,4F,rated,True,,rated,parsed,rating_anchor,0.9987,0.999,56,12036,205.657,🌟🌟★★ | 成品家具 | 4F | 3.9,朴愫木作 | 朴木作 | 🌟🌟★★ | 成品家具 | 4F | 3.9 | 点评榜单 | 长宁区家具家居热门榜第6名,ocr/input_videos\上海__长宁来福士__20260825.mp4
OBS-001363,长宁来福士,蔚来城市展厅,蔚来城市展厅,4S店,,246867,商场内,unknown,True,,ocr_missing,parsed,metadata_anchor,0.9694,0.9942,51,12084,206.477,3.74S店￥246867/人 | 商场内,蔚来城市展厅 | 购蔚来ES8 | 享1万元选装基金 | 3.74S店￥246867/人 | 商场内 | 车内宽敬明亮，自动入库快速精准,ocr/input_videos\上海__长宁来福士__20260825.mp4
OBS-001364,长宁来福士,YI OPTICAL 奕镜·蔡司战略合作店,YIOPTICAL奕镜·蔡司战略合作店,眼镜店,4.8,4101,商场内,rated,True,,rated,parsed,rating_anchor,0.9768,0.9615,51,12084,206.477,商场内 | 🌟🌟🎉🎉🌟 | 眼镜店 | ￥4101/人 | 4.8,YI OPTICAL 奕镜·蔡司战略合作店 | YI OPTICAL OO | 商场内 | 🌟🌟🎉🎉🌟 | 眼镜店 | ￥4101/人 | 4.8 | 1Y | 点评榜单 | 中山公园/江苏路眼镜店好评榜第6名 | 拍照姿势不重样，粉粉哒超吸睛 | 5 | ￥53.5 | ￥188高级/二级技师验光... | 6.1折 | 惠,ocr/input_videos\上海__长宁来福士__20260825.mp4
OBS-001365,长宁来福士,HAZZYS哈吉斯,HAZZYS哈吉斯,服饰....,4.1,1055,商场内,rated,True,,rated,parsed,rating_anchor,0.8833,0.9987,51,12084,206.477,🌟🌟⭐🌟 | 服饰.... | ￥1055/人商场内 | 4.1,HAZZYS哈吉斯 | h | 🌟🌟⭐🌟 | 服饰.... | ￥1055/人商场内 | 4.1 | “秋冬氛围感拉满，拍照出率 | HAZZYS,ocr/input_videos\上海__长宁来福士__20260825.mp4
OBS-001366,长宁来福士,朴愫木作,朴愫木作,成品家具,3.9,,4F,rated,True,,rated,parsed,rating_anchor,0.9987,0.9987,60,12084,206.477,4F | 🌟🌟🌟🌟⭐ | 成品家具 | 3.9,朴愫木作 | 朴懷木作 | 4F | 🌟🌟🌟🌟⭐ | 成品家具 | 3.9 | 点评榜单 | 长宁区家具家居热门榜第6名,ocr/input_videos\上海__长宁来福士__20260825.mp4
OBS-001367,长宁来福士,AAPE,AAPE,服装,4.1,,商场内,rated,True,,rated,parsed,rating_anchor,0.9961,0.9936,53,12084,206.477,🌟🌟🌟🎉 | 商场内 | 4.1服装 | ★,AAPE | 🌟🌟🌟🎉 | 商场内 | 4.1服装 | ★ | 限时夏日优惠，3件7折超值购,ocr/input_videos\上海__长宁来福士__20260825.mp4
OBS-001368,长宁来福士,BLUEBOX,BLUEBOX,化妆品,4.7,326,商场内,rated,True,,rated,parsed,rating_anchor,0.9765,0.9996,41,12084,206.477,商场内 | 化妆品￥326/人 | ⭐🌟⭐🌟🌟 | 4.7,BLUEBOX | B | 商场内 | 化妆品￥326/人 | ⭐🌟⭐🌟🌟 | 4.7 | 品种丰富，扩香石送家人好礼物,ocr/input_videos\上海__长宁来福士__20260825.mp4
OBS-001369,长宁来福士,朴愫木作,朴愫木作,成品家具,3.9,,4F,rated,True,,rated,parsed,rating_anchor,0.9985,0.9978,52,12180,208.117,4F | ★★★★★ | 成品家具 | 3.9,朴愫木作 | 朴木作 | 4F | ★★★★★ | 成品家具 | 3.9 | 点评榜单 | 长宁区家具家居热门榜第6名,ocr/input_videos\上海__长宁来福士__20260825.mp4
OBS-001370,长宁来福士,AAPE,AAPE,服装,4.1,,商场内,rated,True,,rated,parsed,rating_anchor,0.9957,0.9961,50,12180,208.117,4.1服装 | 商场内 | 🌟🌟⭐⭐ | ★,AAPE | 4.1服装 | 商场内 | 🌟🌟⭐⭐ | ★ | 限时夏日优惠，3件7折超值购,ocr/input_videos\上海__长宁来福士__20260825.mp4
OBS-001371,长宁来福士,BLUEBOX,BLUEBOX,化妆品,4.7,326,商场内,rated,True,,rated,parsed,rating_anchor,0.973,0.9994,45,12180,208.117,⭐🌟⭐⭐🌟 | 商场内 | 化妆品￥326/人 | 4.7,BLUEBOX | F5a15 | ⭐🌟⭐⭐🌟 | 商场内 | 化妆品￥326/人 | 4.7 | 品种丰富，扩香石送家人好礼物,ocr/input_videos\上海__长宁来福士__20260825.mp4
OBS-001372,长宁来福士,水玫smaker·LPG·瘦身塑形科技,水玫smaker·LPG·瘦身塑形科技,瘦身纤体,4.7,380,商场内,rated,True,,rated,parsed,rating_anchor,0.9714,0.9831,56,12180,208.117,商场内 | 🌟🌟🌟🌟🌟 | 4.7 | 瘦身纤体￥380/人,水玫smaker·LPG·瘦身塑形科技 | 双SMAKER | 法国LPG | 塑形黑科技 | 商场内 | 🌟🌟🌟🌟🌟 | 4.7 | 瘦身纤体￥380/人 | 点评榜单 | 长宁区瘦身纤体热门榜第2名 | 298 | LPG | 轻松舒适无压力，护理师专业温柔” | 合体 | ￥390 | 9.8折 | ￥136075分钟皮肤管理LP.... | 惠,ocr/input_videos\上海__长宁来福士__20260825.mp4
OBS-001373,长宁来福士,SALOMON萨洛蒙,SALOMON萨洛蒙,运动....,3.9,1306,商场内,rated,True,,rated,parsed,rating_anchor,0.8845,0.9983,51,12180,208.117,🌟🌟⭐🌟🌟 | 运动.... | ￥1306/人商场内 | 3.9,SALOMON萨洛蒙 | 🌟🌟⭐🌟🌟 | 运动.... | ￥1306/人商场内 | 3.9 | SALOMON | 点评榜单 | 长宁区运动户外热门榜第7名 | 足弓支撑感足，配色也很好看 | 5 | 3,ocr/input_videos\上海__长宁来福士__20260825.mp4
OBS-001374,长宁来福士,HAVEASEAT来座剧场,HAVEASEAT来座剧场,剧场/剧院,4.7,,商场内,rated,True,,rated,parsed,rating_anchor,0.9606,0.9993,51,12180,208.117,⭐4.7剧场/剧院 | 商场内,Have | 来座剧 | HAVEASEAT来座剧场 | A | ⭐4.7剧场/剧院 | 商场内 | Seat,ocr/input_videos\上海__长宁来福士__20260825.mp4
OBS-001375,长宁来福士,TI系I1F,TI系I1F,成品家具,3.9,,4F,rated,True,,rated,parsed,rating_anchor,0.8766,0.7538,33,12240,209.142,成品家具 | 4F | 🌟🌟⭐🌟🌟 | 3.9,补懷木作 | TI系I1F | 成品家具 | 4F | 🌟🌟⭐🌟🌟 | 3.9 | 点评榜单 | 长宁区家具家居热门榜第6名,ocr/input_videos\上海__长宁来福士__20260825.mp4
OBS-001376,长宁来福士,AAPE,AAPE,服装,4.1,,商场内,rated,True,,rated,parsed,rating_anchor,0.993,0.996,51,12240,209.142,🌟🌟🌟⭐⭐ | 4.1服装 | 商场内,AAPE | 🌟🌟🌟⭐⭐ | 4.1服装 | 商场内 | 限时夏日优惠，3件7折超值购,ocr/input_videos\上海__长宁来福士__20260825.mp4
OBS-001377,长宁来福士,BLUEBOX,BLUEBOX,化妆品,4.7,326,商场内,rated,True,,rated,parsed,rating_anchor,0.9745,0.9992,48,12240,209.142,商场内 | ⭐🌟⭐🌟 | 化妆品￥326/人 | 4.7,BLUEBOX | 商场内 | ⭐🌟⭐🌟 | 化妆品￥326/人 | 4.7 | 品种丰富，扩香石送家人好礼物 | 心,ocr/input_videos\上海__长宁来福士__20260825.mp4
OBS-001378,长宁来福士,水玫smaker·LPG·瘦身塑形科技...,水玫smaker·LPG·瘦身塑形科技,瘦身纤体,4.7,380,商场内,rated,True,,rated,parsed,rating_anchor,0.9488,0.9375,60,12240,209.142,商场内 | 🌟🌟🎉🌟🌟 | 瘦身纤体￥380/人 | 4.7,水玫smaker·LPG·瘦身塑形科技... | 欧SMAKER | 法国LPG | 塑形黑科技 | 商场内 | 🌟🌟🎉🌟🌟 | 瘦身纤体￥380/人 | 4.7 | 点评榜单 | 长宁区瘦身纤体热门榜第2名 | 298 | LPG | 轻松舒适无压力，护理师专业温柔 | “ | 0 | ￥3909.8折 | ￥136075分钟皮肤管理LP... | 惠,ocr/input_videos\上海__长宁来福士__20260825.mp4
OBS-001379,长宁来福士,SALOMON萨洛蒙,SALOMON萨洛蒙,运动....,3.9,1306,商场内,rated,True,,rated,parsed,rating_anchor,0.8899,0.9984,51,12240,209.142,运动.... | 🌟🌟⭐🌟🌟 | 3.9 | ￥1306/人商场内,SALOMON萨洛蒙 | 运动.... | 🌟🌟⭐🌟🌟 | 3.9 | ￥1306/人商场内 | SALOMON | 点评榜单 | 长宁区运动户外热门榜第7名 | 足弓支撑感足，配色也很好看 | “,ocr/input_videos\上海__长宁来福士__20260825.mp4
OBS-001380,长宁来福士,HAVEASEAT来座剧场,HAVEASEAT来座剧场,剧场/剧院,4.7,,商场内,rated,True,,rated,parsed,rating_anchor,0.9576,0.9988,54,12240,209.142,商场内 | ⭐4.7剧场/剧院,Have | 来座剧场 | HAVEASEAT来座剧场 | A | 商场内 | ⭐4.7剧场/剧院 | Seat,ocr/input_videos\上海__长宁来福士__20260825.mp4
OBS-001381,长宁来福士,AAPE,AAPE,服装,4.1,,商场内,rated,True,,rated,parsed,rating_anchor,0.9931,0.9936,55,12276,209.757,商场内 | 🌟🌟⭐⭐ | 4.1服装 | ★,AAPE | 商场内 | 🌟🌟⭐⭐ | 4.1服装 | ★ | 限时夏日优惠，3件7折超值购”,ocr/input_videos\上海__长宁来福士__20260825.mp4
OBS-001382,长宁来福士,BLUEBOX,BLUEBOX,化妆品,4.7,326,商场内,rated,True,,rated,parsed,rating_anchor,0.9687,0.9995,45,12276,209.757,商场内 | 4.7化妆品￥326/人,BLUEBOX | 8039 | 商场内 | 4.7化妆品￥326/人 | 品种丰富，扩香石送家人好礼物,ocr/input_videos\上海__长宁来福士__20260825.mp4
OBS-001383,长宁来福士,水玫smaker·LPG·瘦身塑形科技...,水玫smaker·LPG·瘦身塑形科技,瘦身纤体,4.7,380,商场内,rated,True,,rated,parsed,rating_anchor,0.9509,0.9355,54,12276,209.757,4.7瘦身纤体￥380/人 | 商场内,水玫smaker·LPG·瘦身塑形科技... | 水取SMAKER | 法国LPG | 塑形黑科技 | 4.7瘦身纤体￥380/人 | 商场内 | 点评榜单 | 长宁区瘦身纤体热门榜第2名 | 298 | LPG | 轻松舒适无压力，护理师专业温柔” | 5 | ￥3909.8折 | ￥136075分钟皮肤管理LP.. | 惠,ocr/input_videos\上海__长宁来福士__20260825.mp4
OBS-001384,长宁来福士,SALOMON萨洛蒙,SALOMON萨洛蒙,运动.,3.9,1306,商场内,rated,True,,rated,parsed,rating_anchor,0.8789,0.9985,51,12276,209.757,⭐🌟⭐⭐⭐3.9 运动. | ￥1306/人商场内,SALOMON萨洛蒙 | ⭐🌟⭐⭐⭐3.9 运动. | ￥1306/人商场内 | SALOMON | 点评榜单 | 长宁区运动户外热门榜第7名 | 足弓支撑感足，配色也很好看 | 3,ocr/input_videos\上海__长宁来福士__20260825.mp4
OBS-001385,长宁来福士,HAVEASEAT来座剧场,HAVEASEAT来座剧场,剧场/剧院,4.7,,商场内,rated,True,,rated,parsed,rating_anchor,0.9895,0.999,54,12276,209.757,商场内 | 4.7剧场/剧院,来座剧场 | Have | HAVEASEAT来座剧场 | A | 商场内 | 4.7剧场/剧院 | Seat,ocr/input_videos\上海__长宁来福士__20260825.mp4
OBS-001386,长宁来福士,BLUEBOX,BLUEBOX,化妆品,4.7,326,商场内,rated,True,,rated,parsed,rating_anchor,0.9763,0.9993,47,12324,210.578,⭐🌟🌟⭐🌟 | 商场内 | 化妆品￥326/人 | 4.7,BLUEBOX | ⭐🌟🌟⭐🌟 | 商场内 | 化妆品￥326/人 | 4.7 | 品种丰富，扩香石送家人好礼物,ocr/input_videos\上海__长宁来福士__20260825.mp4
OBS-001387,长宁来福士,水玫smaker·LPG·瘦身塑形科技.,水玫smaker·LPG·瘦身塑形科技.,瘦身纤体,4.7,380,商场内,rated,True,,rated,parsed,rating_anchor,0.9527,0.9504,53,12324,210.578,商场内 | ★★🌟4.7 | 瘦身纤体￥380/人,水玫smaker·LPG·瘦身塑形科技. | 承双SMAKER | 法国LPG | 塑形黑科技 | 商场内 | ★★🌟4.7 | 瘦身纤体￥380/人 | 点评榜单 | 长宁区瘦身纤体热门榜第2名 | 298 | LPG | 轻松舒适无压力，护理师专业温柔” | 自体 | ￥3909.8折 | 惠 | ￥136075分钟皮肤管理LP...,ocr/input_videos\上海__长宁来福士__20260825.mp4
OBS-001388,长宁来福士,SALOMON萨洛蒙,SALOMON萨洛蒙,运动...,3.9,1306,商场内,rated,True,,rated,parsed,rating_anchor,0.897,0.9978,48,12324,210.578,🌟🌟🌟🌟🌟 | 运动... | 3.9 | ￥1306/人商场内,SALOMON萨洛蒙 | 🌟🌟🌟🌟🌟 | 运动... | 3.9 | ￥1306/人商场内 | SALOMON | 点评榜单 | 长宁区运动户外热门榜第7名 | 足弓支撑感，配色也很好看 | S,ocr/input_videos\上海__长宁来福士__20260825.mp4
OBS-001389,长宁来福士,HAVEASEAT来座剧场,HAVEASEAT来座剧场,剧场/剧院,4.7,,商场内,rated,True,,rated,parsed,rating_anchor,0.985,0.999,54,12324,210.578,4.7剧场/剧院 | 商场内,Have | 来座剧场 | HAVEASEAT来座剧场 | A | 4.7剧场/剧院 | 商场内 | Seat,ocr/input_videos\上海__长宁来福士__20260825.mp4
OBS-001390,长宁来福士,ASICS亚瑟士,ASICS亚瑟士,运动户外,3.8,1203,1F,rated,True,,rated,parsed,rating_anchor,0.9799,0.9886,51,12324,210.578,1F | 🌟🌟🌟🌟🌟 | 运动户外￥1203/人 | 3.8,ASICS亚瑟士 | 1F | 🌟🌟🌟🌟🌟 | 运动户外￥1203/人 | 3.8 | Oasics | 点评榜单 | 长宁区运动户外热门榜第10名 | 衣服鞋子完美，轻弹包裹性强 | 2,ocr/input_videos\上海__长宁来福士__20260825.mp4
OBS-001391,长宁来福士,LOOKNOWLAB,LOOKNOWLAB,杂货礼品,4.8,221,商场内,rated,True,,rated,parsed,rating_anchor,0.9835,0.9961,45,12324,210.578,商场内 | 🌟🌟⭐🌟🌟 | 杂货礼品￥221/人 | 4.8,LPoknow l0b | LOOKNOWLAB | 商场内 | 🌟🌟⭐🌟🌟 | 杂货礼品￥221/人 | 4.8 | 与河管单,ocr/input_videos\上海__长宁来福士__20260825.mp4
OBS-001392,长宁来福士,SALOMON萨洛蒙,SALOMON萨洛蒙,运动...,3.9,1306,商场内,rated,True,,rated,parsed,rating_anchor,0.9314,0.9983,51,12336,210.783,🌟🌟🌟🌟🌟 | 3.9运动... | ￥1306/人商场内,SALOMON萨洛蒙 | 🌟🌟🌟🌟🌟 | 3.9运动... | ￥1306/人商场内 | SALOMON | 点评榜单 | 长宁区运动户外热门榜第7名 | 足弓支撑感足，配色也很好看,ocr/input_videos\上海__长宁来福士__20260825.mp4
OBS-001393,长宁来福士,HAVEASEAT来座剧场,HAVEASEAT来座剧场,剧场/剧院,4.7,,商场内,rated,True,,rated,parsed,rating_anchor,0.9917,0.9991,54,12336,210.783,商场内 | 4.7剧场/剧院,来座剧场 | Have | HAVEASEAT来座剧场 | A | 商场内 | 4.7剧场/剧院 | Seat,ocr/input_videos\上海__长宁来福士__20260825.mp4
OBS-001394,长宁来福士,ASICS亚瑟士,ASICS亚瑟士,运动户外,3.8,1203,1F,rated,True,,rated,parsed,rating_anchor,0.9871,0.9955,52,12336,210.783,🌟🌟⭐🌟⭐ | 1F | 3.8运动户外￥1203/人,ASICS亚瑟士 | 🌟🌟⭐🌟⭐ | 1F | 3.8运动户外￥1203/人 | Oasics | 点评榜单 | 长宁区运动户外热门榜第10名 | 衣服鞋子完美，轻弹包裹性强 | “,ocr/input_videos\上海__长宁来福士__20260825.mp4
OBS-001395,长宁来福士,LOOKNOW LAB,LOOKNOWLAB,杂货礼品,4.8,221,商场内,rated,True,,rated,parsed,rating_anchor,0.9737,0.9817,48,12336,210.783,商场内 | 🌟🌟🌟🌟🌟 | 杂货礼品￥221/人 | 4.8,LOoknow 106 | LOOKNOW LAB | 商场内 | 🌟🌟🌟🌟🌟 | 杂货礼品￥221/人 | 4.8 | 点评榜单 | 中山公园/江苏路杂货礼品热门榜第6名 | 货超全！潮流玩具大集合,ocr/input_videos\上海__长宁来福士__20260825.mp4
OBS-001396,长宁来福士,日置名媛,日置名媛,皮肤管理,4.2,1841,4F,rated,True,,rated,parsed,rating_anchor,0.9763,0.9995,57,12336,210.783,🌟🌟⭐⭐🌟 | 4F | 4.2皮肤管理￥1841/人,日置名媛 | 🌟🌟⭐⭐🌟 | 4F | 4.2皮肤管理￥1841/人 | 日置名媛 | PEARLDELUXE | “按摩师法到位，皮肤水嫩光滑 | 55 | ￥498 | 【居家限定】骨. | ￥17.358.8折 | 惠,ocr/input_videos\上海__长宁来福士__20260825.mp4
OBS-001397,长宁来福士,HAVEASEAT来座剧场,HAVEASEAT来座剧场,剧场/剧院,4.7,,商场内,rated,True,,rated,parsed,rating_anchor,0.9974,0.9991,47,12372,211.398,商场内 | ⭐🌟🎉🎉🌟4.7 | 剧场/剧院,来座剧场 | Have | HAVEASEAT来座剧场 | A | 商场内 | ⭐🌟🎉🎉🌟4.7 | 剧场/剧院 | Seat,ocr/input_videos\上海__长宁来福士__20260825.mp4
OBS-001398,长宁来福士,ASICS亚瑟士,ASICS亚瑟士,运动户外,3.8,1203,1F,rated,True,,rated,parsed,rating_anchor,0.9772,0.9894,50,12372,211.398,1F | 🌟🌟⭐💥🌟 | 运动户外￥1203/人 | 3.8,ASICS亚瑟士 | 1F | 🌟🌟⭐💥🌟 | 运动户外￥1203/人 | 3.8 | asIcs | 点评榜单 | 长宁区运动户外热门榜第10名 | 衣服鞋子完美，轻弹包裹性强 | 3,ocr/input_videos\上海__长宁来福士__20260825.mp4
OBS-001399,长宁来福士,LOOKNOW LAB,LOOKNOWLAB,杂货礼品,4.8,221,商场内,rated,True,,rated,parsed,rating_anchor,0.9673,0.9717,44,12372,211.398,商场内 | 🌟🌟🌟🌟 | 杂货礼品￥221/人 | 4.8,lPoknow lob | LOOKNOW LAB | 商场内 | 🌟🌟🌟🌟 | 杂货礼品￥221/人 | 4.8 | 点评榜单 | 中山公园/江苏路杂货礼品热门榜第6名 | 货超全！ | 潮流玩具大集合,ocr/input_videos\上海__长宁来福士__20260825.mp4
OBS-001400,长宁来福士,日置名媛,日置名媛,皮肤管理,4.2,1841,4F,rated,True,,rated,parsed,rating_anchor,0.9845,0.9994,56,12372,211.398,4.2 | 4F | 🌟🌟🌟⭐ | 皮肤管理￥1841/人,日置名媛 | 4.2 | 4F | 🌟🌟🌟⭐ | 皮肤管理￥1841/人 | 日置名媛 | PEARL DELUXE | “按摩师手法到位，皮肤水嫩光滑 | ￥17.358.8折 | ￥498 | 【居家限定】骨.. | 惠,ocr/input_videos\上海__长宁来福士__20260825.mp4
OBS-001401,长宁来福士,PlayStation长宁来福士店,PlayStation长宁来福士店,数码产品,4.5,,商场内,rated,True,,rated,parsed,rating_anchor,0.9971,0.9945,56,12372,211.398,商场内 | ⭐🌟4.5 | 数码产品,PlayStation长宁来福士店 | eo | 商场内 | ⭐🌟4.5 | 数码产品,ocr/input_videos\上海__长宁来福士__20260825.mp4
OBS-001402,长宁来福士,斯坦星球AI编程·机器人科创·科学...,斯坦星球AI编程·机器人科创·科学,机器..,,13950,商场内,unknown,True,,ocr_missing,parsed,metadata_anchor,0.8987,0.9564,56,12372,211.398,★★★🌟🌟 | 14.8机器.. | ￥13950/人商场内,斯坦星球AI编程·机器人科创·科学... | 开学钜惠 | ★★★🌟🌟 | 14.8机器.. | ￥13950/人商场内 | 立減1000 | 点评榜单 | 长宁区科学探索热门榜第1名 | V馆玛机盟,ocr/input_videos\上海__长宁来福士__20260825.mp4
OBS-001403,长宁来福士,HAVEASEAT来座剧场,HAVEASEAT来座剧场,剧场/剧院,4.7,,商场内,rated,True,,rated,parsed,rating_anchor,0.9867,0.9992,48,12396,211.808,4.7剧场/剧院 | 商场内,来座剧场 | Have | HAVEASEAT来座剧场 | A | 4.7剧场/剧院 | 商场内 | Seat,ocr/input_videos\上海__长宁来福士__20260825.mp4
OBS-001404,长宁来福士,ASICS亚瑟士,ASICS亚瑟士,运动户外,3.8,1203,1F,rated,True,,rated,parsed,rating_anchor,0.9744,0.9917,51,12396,211.808,🌟🌟🌟🌟🌟 | 1F | 3.8 | 运动户外￥1203/人,ASICS亚瑟士 | 🌟🌟🌟🌟🌟 | 1F | 3.8 | 运动户外￥1203/人 | asics | 点评榜单 | 长宁区运动户外热门榜第10名 | 衣服鞋子完美，轻弹包裹性强,ocr/input_videos\上海__长宁来福士__20260825.mp4
OBS-001405,长宁来福士,LOOKNOW LAB,LOOKNOWLAB,杂货礼品,4.8,221,商场内,rated,True,,rated,parsed,rating_anchor,0.9664,0.9726,47,12396,211.808,商场内 | 杂货礼品￥221/人 | 🌟🌟🌟🌟🌟 | 4.8,LPoknow lb | LOOKNOW LAB | 商场内 | 杂货礼品￥221/人 | 🌟🌟🌟🌟🌟 | 4.8 | 点评榜单 | 中山公园/江苏路杂货礼品热门榜第6名 | 货超全！ | 潮流玩具大集合,ocr/input_videos\上海__长宁来福士__20260825.mp4
OBS-001406,长宁来福士,日置名媛,日置名媛,皮肤管理,4.2,1841,4F,rated,True,,rated,parsed,rating_anchor,0.9884,0.9997,56,12396,211.808,4F | ★★★★ | 皮肤管理￥1841/人 | 4.2 | ★,日置名媛 | 4F | ★★★★ | 皮肤管理￥1841/人 | 4.2 | ★ | 日置名媛 | “按摩师手法到位，皮肤水嫩光滑 | PEARL DELUXE | ￥498 | 8.8折 | ￥17.35 | 惠 | 【居家限定】骨….,ocr/input_videos\上海__长宁来福士__20260825.mp4
OBS-001407,长宁来福士,PlayStation长宁来福士店,PlayStation长宁来福士店,数码产品,4.5,,商场内,rated,True,,rated,parsed,rating_anchor,0.9326,0.9922,62,12396,211.808,⭐⭐⭐✨4.5数码产品 | 商场内,PlayStation长宁来福士店 | Peyoxin | ⭐⭐⭐✨4.5数码产品 | 商场内,ocr/input_videos\上海__长宁来福士__20260825.mp4
OBS-001408,长宁来福士,斯坦星球AI编程·机器人科创·科学...,斯坦星球AI编程·机器人科创·科学,机器..,4.8,13950,商场内,rated,True,,rated,parsed,rating_anchor,0.936,0.9478,53,12396,211.808,🌟🌟🌟⭐🌟 | ￥13950/人商场内 | 4.8机器..,斯坦星球AI编程·机器人科创·科学... | 开学钜惠 | 🌟🌟🌟⭐🌟 | ￥13950/人商场内 | 4.8机器.. | 立减1000 | 点评榜单 | 长宁区科学探索热门榜第1名 | AI编程机器人 | 科创思维积木 | 校区环墙不错” | “科学实验调程有棚,ocr/input_videos\上海__长宁来福士__20260825.mp4
OBS-001409,长宁来福士,日置名媛,日置名媛,皮肤管理,4.2,1841,4F,rated,True,,rated,parsed,rating_anchor,0.9903,0.9993,52,12468,213.038,4.2皮肤管理￥1841/人 | 4F | 🌟🌟🌟⭐ | ★,日置名媛 | 4.2皮肤管理￥1841/人 | 4F | 🌟🌟🌟⭐ | ★ | 日置名媛 | PEARLDELUXE | “按摩师法到位，皮肤嫩光滑 | ￥498 | ￥17.358.8折 | 【居家限定】骨. | 惠,ocr/input_videos\上海__长宁来福士__20260825.mp4
OBS-001410,长宁来福士,PlayStation长宁来福士店,PlayStation长宁来福士店,数码产品,4.5,,商场内,rated,True,,rated,parsed,rating_anchor,0.9845,0.9808,57,12468,213.038,4.5数码产品 | 商场内,PlayStation长宁来福士店 | 4.5数码产品 | 商场内,ocr/input_videos\上海__长宁来福士__20260825.mp4
OBS-001411,长宁来福士,斯坦星球AI编程·机器人科创·科学...,斯坦星球AI编程·机器人科创·科学,机器..,4.8,13950,商场内,rated,True,,rated,parsed,rating_anchor,0.9334,0.9319,54,12468,213.038,4.8机器..￥13950/人商场内,斯坦星球AI编程·机器人科创·科学... | 开学钜惠 | 4.8机器..￥13950/人商场内 | 立减1000 | 点评榜单 | 长宁区科学探索热门榜第1名 | AI编程机器人 | 科创思维积木 | “科学实验课程有趣，校区环境不错” | ￥9.9￥597全城6次课随心学|少游.. | 惠,ocr/input_videos\上海__长宁来福士__20260825.mp4
OBS-001412,长宁来福士,MeilleurMoment麦檬,MeilleurMoment麦檬,服装,4.2,1268,商场内,rated,True,,rated,parsed,rating_anchor,0.9849,0.9963,48,12468,213.038,商场内 | 🌟🌟🌟🌟⭐ | 4.2服装￥1268/人,MeilleurMoment麦檬 | 商场内 | 🌟🌟🌟🌟⭐ | 4.2服装￥1268/人 | 环境便利，服务态度好”,ocr/input_videos\上海__长宁来福士__20260825.mp4
OBS-001413,长宁来福士,VS假发,VS假发,美发,4.8,4643,商场内,rated,True,,rated,parsed,rating_anchor,0.9807,0.9965,57,12468,213.038,商场内 | ★★★★★ | 4.8美发￥4643/人,VS假发 | V'S | 商场内 | ★★★★★ | 4.8美发￥4643/人 | 假发·设计师品牌 | WGDESCNERSASO | 点评榜单 | 中山公园/江苏路美发好评榜第6名 | 全国连锁品牌 | 假发效果好，染发再也不用 | 1.2折 | ￥100假发试戴|男女通用一…. | 惠 | ￥1,ocr/input_videos\上海__长宁来福士__20260825.mp4
OBS-001414,长宁来福士,日置名媛,日置名媛,皮肤管理,4.2,1841,4F,rated,True,,rated,parsed,rating_anchor,0.9868,0.9954,46,12480,213.243,4.2皮肤管理￥1841/人 | 4F | 🌟🌟🌟⭐ | ★,日置名媛 | 4.2皮肤管理￥1841/人 | 4F | 🌟🌟🌟⭐ | ★ | 日置名媛 | “按摩师手法到位，皮肤水嫩光滑 | PEARL DELUXE | 1 | ￥17.358.8折 | ￥498 | 【居家限定】骨.. | 惠,ocr/input_videos\上海__长宁来福士__20260825.mp4
OBS-001415,长宁来福士,PlayStation长宁来福士店,PlayStation长宁来福士店,数码产品,4.5,,商场内,rated,True,,rated,parsed,rating_anchor,0.9894,0.9896,54,12480,213.243,4.5数码产品 | 商场内,PlayStation长宁来福士店 | 4.5数码产品 | 商场内,ocr/input_videos\上海__长宁来福士__20260825.mp4
OBS-001416,长宁来福士,斯坦星球AI编程·机器人科创·科学...,斯坦星球AI编程·机器人科创·科学,机器.,4.8,13950,商场内,rated,True,,rated,parsed,rating_anchor,0.9393,0.9556,52,12480,213.243,4.8机器.￥13950/人商场内,斯坦星球AI编程·机器人科创·科学... | 开学钜惠 | 4.8机器.￥13950/人商场内 | 立減1000 | 点评榜单 | 长宁区科学探索热门榜第1名 | AI编程机器人 | 科创思维积木 | “科学实验课程有趣，校区环境不错” | ￥9.9￥597全城6次课随心学1少儿游... | 惠,ocr/input_videos\上海__长宁来福士__20260825.mp4
OBS-001417,长宁来福士,Meilleur Moment麦檬,MeilleurMoment麦檬,服装,4.2,1268,商场内,rated,True,,rated,parsed,rating_anchor,0.9767,0.9789,48,12480,213.243,商场内 | 🌟🌟🌟⭐⭐ | 4.2服装￥1268/人,Meilleur Moment麦檬 | 商场内 | 🌟🌟🌟⭐⭐ | 4.2服装￥1268/人 | “环境便利，服务态度好”,ocr/input_videos\上海__长宁来福士__20260825.mp4
OBS-001418,长宁来福士,VS假发,VS假发,美发,4.8,4643,商场内,rated,True,,rated,parsed,rating_anchor,0.9762,0.9911,54,12480,213.243,商场内 | 4.8美发￥4643/人,VS假发 | VS | 商场内 | 4.8美发￥4643/人 | 假发·设计师品牌 | WGDESCNER BANO | 点评榜单 | 中山公园/江苏路美发好评榜第6名 | 全国连锁品牌 | 假发效果好，染发再也不用 | 1.2折 | ￥100假发试戴一男女通用一…. | ￥1 | 惠,ocr/input_videos\上海__长宁来福士__20260825.mp4
OBS-001419,长宁来福士,日置名媛,日置名媛,皮肤管理,4.2,1841,4F,rated,True,,rated,parsed,rating_anchor,0.9807,0.9996,56,12516,213.858,🌟🌟⭐ | 4F | 皮肤管理￥1841/人 | 4.2,日置名媛 | 🌟🌟⭐ | 4F | 皮肤管理￥1841/人 | 4.2 | 日置名媛 | PEARL DELUXE | 按摩师手法到位，皮肤水嫩光滑 | ￥498 | ￥17.358.8折 | 【居家限定】骨 | 惠,ocr/input_videos\上海__长宁来福士__20260825.mp4
OBS-001420,长宁来福士,PlayStation长宁来福士店,PlayStation长宁来福士店,数码产品,4.5,,商场内,rated,True,,rated,parsed,rating_anchor,0.9431,0.9921,58,12516,213.858,商场内 | ⭐⭐4.5数码产品,PlayStation长宁来福士店 | 商场内 | ⭐⭐4.5数码产品,ocr/input_videos\上海__长宁来福士__20260825.mp4
OBS-001421,长宁来福士,斯坦星球AI编程·机器人科创·科学...,斯坦星球AI编程·机器人科创·科学,机器,,13950,商场内,unknown,True,,ocr_missing,parsed,metadata_anchor,0.8542,0.9412,56,12516,213.858,⭐⭐48机器 | ￥13950/人商场内,斯坦星球AI编程·机器人科创·科学... | 开学钜惠 | ⭐⭐48机器 | ￥13950/人商场内 | 立减1000 | 点评榜单 | 长宁区科学探索热门榜第1名 | AI编程机器人 | 科创思维积木 | 科学实验课程有趣，校区环境不错 | G | 惠 | ￥9.9￥597全城6次课随心学1少儿游...,ocr/input_videos\上海__长宁来福士__20260825.mp4
OBS-001422,长宁来福士,Meilleur Moment麦檬,MeilleurMoment麦檬,服装,4.2,1268,商场内,rated,True,,rated,parsed,rating_anchor,0.9749,0.9815,51,12516,213.858,🌟🌟🌟🎉 | 商场内 | 4.2服装￥1268/人 | ★,Meilleur Moment麦檬 | 🌟🌟🌟🎉 | 商场内 | 4.2服装￥1268/人 | ★ | 环境便利，服务态度好,ocr/input_videos\上海__长宁来福士__20260825.mp4
OBS-001423,长宁来福士,VS假发,VS假发,美发,4.8,4643,商场内,rated,True,,rated,parsed,rating_anchor,0.9775,0.9947,54,12516,213.858,商场内 | 4.8美发￥4643/人,VS假发 | V'S | 商场内 | 4.8美发￥4643/人 | 假发·设计师品牌 | WGOESIGNERORASO | 点评榜单 | 中山公园/江苏路美发好评榜第6名 | 全国连锁品牌 | 假发效果好，染发再也不用 | 1.2折 | ￥100假发试戴|男女通用一. | 惠 | ￥1,ocr/input_videos\上海__长宁来福士__20260825.mp4
OBS-001424,长宁来福士,Meilleur Moment麦檬,MeilleurMoment麦檬,服装,4.2,1268,商场内,rated,True,,rated,parsed,rating_anchor,0.9716,0.9841,51,12564,214.678,商场内 | 🌟🌟⭐⭐⭐ | 4.2服装￥1268/人,Meilleur Moment麦檬 | A | 商场内 | 🌟🌟⭐⭐⭐ | 4.2服装￥1268/人 | “环境便利，服务态度好”,ocr/input_videos\上海__长宁来福士__20260825.mp4
OBS-001425,长宁来福士,VS假发,VS假发,美发,4.8,4643,商场内,rated,True,,rated,parsed,rating_anchor,0.9643,0.9882,57,12564,214.678,商场内 | 4.8美发￥4643/人,VS假发 | V'S | 商场内 | 4.8美发￥4643/人 | 假发·设计师品牌 | 点评榜单 | WGDESIGNERGRSO | 中山公园/江苏路美发好评榜第6名 | 全国连锁品牌 | 假发效果好，染发再也不用 | ￥100假发试戴|男女通用一… | 1.2折 | ￥1 | 惠,ocr/input_videos\上海__长宁来福士__20260825.mp4
OBS-001426,长宁来福士,上海得斯威国际货运有限公司,上海得斯威国际货运有限公司,物流快递,3.4,,商场内,rated,True,,rated,parsed,rating_anchor,0.9339,0.9986,56,12564,214.678,⭐⭐3.4物流快递 | 商场内,上海得斯威国际货运有限公司 | S | ⭐⭐3.4物流快递 | 商场内,ocr/input_videos\上海__长宁来福士__20260825.mp4
OBS-001427,长宁来福士,Vbot,Vbot,购物,4.3,,,rated,True,,rated,parsed,rating_anchor,0.9765,0.9919,58,12564,214.678,⭐4.3购物,Vbot | ⭐4.3购物,ocr/input_videos\上海__长宁来福士__20260825.mp4
OBS-001428,长宁来福士,泊源美·科技SKIN·HEALTHY,泊源美·科技SKIN·HEALTHY,皮肤管理,4.6,368,商场内,rated,True,,rated,parsed,rating_anchor,0.9694,0.9852,54,12564,214.678,4.6皮肤管理￥368/人 | 商场内,泊源美·科技SKIN·HEALTHY | 4.6皮肤管理￥368/人 | 商场内 | 房间干净无尘，窗外绿植郁郁葱葱,ocr/input_videos\上海__长宁来福士__20260825.mp4
OBS-001429,长宁来福士,Meilleur Moment麦檬,MeilleurMoment麦檬,服装,4.2,1268,商场内,rated,True,,rated,parsed,rating_anchor,0.9702,0.966,50,12612,215.499,商场内 | 4.2服装￥1268/人 | 🌟🌟⭐🌟 | ★,Meilleur Moment麦檬 | 商场内 | 4.2服装￥1268/人 | 🌟🌟⭐🌟 | ★ | “环境便利，服务态度好”,ocr/input_videos\上海__长宁来福士__20260825.mp4
OBS-001430,长宁来福士,VS假发,VS假发,美发,4.8,4643,商场内,rated,True,,rated,parsed,rating_anchor,0.9819,0.994,57,12612,215.499,商场内 | ★★🌟★🌟 | 4.8美发￥4643/人,VS假发 | V'S | 商场内 | ★★🌟★🌟 | 4.8美发￥4643/人 | 假发·设计师品牌 | VDEIENESND | 点评榜单 | 中山公园/江苏路美发好评榜第6名 | 全国连锁品牌 | 假发效果好，染发再也不用 | 门 | 1.2折 | 假发试戴|男女通用！. | ￥1001 | 惠 | ￥1,ocr/input_videos\上海__长宁来福士__20260825.mp4
OBS-001431,长宁来福士,上海得斯威国际货运有限公司,上海得斯威国际货运有限公司,物流快递,3.4,,商场内,rated,True,,rated,parsed,rating_anchor,0.982,0.9988,54,12612,215.499,⭐3.4物流快递 | 商场内,上海得斯威国际货运有限公司 | S | ⭐3.4物流快递 | 商场内,ocr/input_videos\上海__长宁来福士__20260825.mp4
OBS-001432,长宁来福士,Vbot,Vbot,购物,4.3,,,rated,True,,rated,parsed,rating_anchor,0.9962,0.997,55,12612,215.499,⭐🌟🌟⭐🌟 | 4.3购物,Vbot | ⭐🌟🌟⭐🌟 | 4.3购物,ocr/input_videos\上海__长宁来福士__20260825.mp4
OBS-001433,长宁来福士,泊源美·科技SKIN·HEALTHY,泊源美·科技SKIN·HEALTHY,皮肤管理,4.6,368,商场内,rated,True,,rated,parsed,rating_anchor,0.9785,0.9925,56,12612,215.499,商场内 | 4.6皮肤管理￥368/人,泊源美·科技SKIN·HEALTHY | 商场内 | 4.6皮肤管理￥368/人 | INBEAUTY | 臻享自然之美 | 房间干净无尘，窗外绿植郁郁葱葱” | E | ￥3919.9折 | ￥980 | 【官方授权】NASX.. | 惠,ocr/input_videos\上海__长宁来福士__20260825.mp4
OBS-001434,长宁来福士,VS假发,VS假发,美发,4.8,4643,商场内,rated,True,,rated,parsed,rating_anchor,0.977,0.9944,53,12672,216.524,商场内 | ★★★★★ | 4.8美发￥4643/人,VS假发 | V'S | 商场内 | ★★★★★ | 4.8美发￥4643/人 | 假发·设计师品牌 | VEEO | 点评榜单 | 中山公园/江苏路美发好评榜第6名 | 全国连锁品牌 | 假发效果好，染发再也不用 | ￥1 | 1.2折 | ￥100假发试戴|男女通用一. | 惠,ocr/input_videos\上海__长宁来福士__20260825.mp4
OBS-001435,长宁来福士,上海得斯威国际货运有限公司,上海得斯威国际货运有限公司,物流快递,3.4,,商场内,rated,True,,rated,parsed,rating_anchor,0.9416,0.999,48,12672,216.524,⭐⭐3.4物流快递 | 商场内,上海得斯威国际货运有限公司 | S | ⭐⭐3.4物流快递 | 商场内,ocr/input_videos\上海__长宁来福士__20260825.mp4
OBS-001436,长宁来福士,Vbot,Vbot,购物,4.3,,,rated,True,,rated,parsed,rating_anchor,0.9961,0.9968,55,12672,216.524,4.3购物 | 🌟🌟🌟⭐ | ★,Vbot | 4.3购物 | 🌟🌟🌟⭐ | ★,ocr/input_videos\上海__长宁来福士__20260825.mp4
OBS-001437,长宁来福士,泊源美·科技SKIN·HEALTHY,泊源美·科技SKIN·HEALTHY,皮肤管理,4.6,368,商场内,rated,True,,rated,parsed,rating_anchor,0.9801,0.9926,57,12672,216.524,商场内 | 🌟🌟🌟🌟🌟 | 4.6皮肤管理￥368/人,泊源美·科技SKIN·HEALTHY | 商场内 | 🌟🌟🌟🌟🌟 | 4.6皮肤管理￥368/人 | INBEAUTY | 臻享自然之美 | “房间干净尘，窗外绿植郁郁葱葱” | ￥3919.9折 | ￥980 | 【官方授权】NASX.. | 惠,ocr/input_videos\上海__长宁来福士__20260825.mp4
OBS-001438,长宁来福士,英孚教育青少儿·学术中心,英孚教育青少儿·学术中心,课后辅导,4.6,15211,3F,rated,True,,rated,parsed,rating_anchor,0.9838,0.9894,56,12672,216.524,3F | 🌟🌟⭐🌟🌟 | 4.6课后辅导￥15211/人,英孚教育青少儿·学术中心 | 英孚教育 | BO | □ | 开学季 | 3F | 🌟🌟⭐🌟🌟 | 4.6课后辅导￥15211/人 | 英语真学霸 | 点评榜单 | 长宁区课后辅导热门榜第3名 | 保读|请汇|阅读|语法 | 地铁直达，环境童趣安全 | 31 | ￥9.9￥597全城6次课随心学|少儿游.. | 惠,ocr/input_videos\上海__长宁来福士__20260825.mp4
OBS-001439,长宁来福士,Vbot,Vbot,购物,4.3,,,rated,True,,rated,parsed,rating_anchor,0.9705,0.9948,59,12696,216.934,⭐4.3购物,Vbot | ⭐4.3购物,ocr/input_videos\上海__长宁来福士__20260825.mp4
OBS-001440,长宁来福士,泊源美·科技SKIN·HEALTHY,泊源美·科技SKIN·HEALTHY,皮肤管理,4.6,368,商场内,rated,True,,rated,parsed,rating_anchor,0.9725,0.9844,54,12696,216.934,商场内 | 4.6皮肤管理￥368/人,泊源美·科技SKIN·HEALTHY | 商场内 | 4.6皮肤管理￥368/人 | INBEAUTY | “房间净尘，窗外绿植郁郁葱葱” | 臻享自然之美 | ￥3919.9折 | ￥980 | 【官方授权】NASX... | 惠,ocr/input_videos\上海__长宁来福士__20260825.mp4
OBS-001441,长宁来福士,英孚教育青少儿·学术中心,英孚教育青少儿·学术中心,课后辅导,4.6,15211,3F,rated,True,,rated,parsed,rating_anchor,0.9595,0.979,55,12696,216.934,4.6课后辅导￥15211/人 | 3F,英孚教育青少儿·学术中心 | 50 | 英可验育 | 开学季 | 4.6课后辅导￥15211/人 | 3F | 英语真学霸 | 点评榜单 | 长宁区课后辅导热门榜第3名 | 拼读|调汇|阅读|语法 | 地铁直达，环境童趣安全 | 33 | ￥9.9￥597全城6次课随心学|少游.. | 惠,ocr/input_videos\上海__长宁来福士__20260825.mp4
OBS-001442,长宁来福士,NIKE,NIKE,运动户外,3.9,887,1F,rated,True,,rated,parsed,rating_anchor,0.9762,0.9981,55,12696,216.934,3.9运动户外￥887/人 | 1F,NIKE | 3.9运动户外￥887/人 | 1F | 气垫设计独特，舒适感前所未有 | 5 | YY照H,ocr/input_videos\上海__长宁来福士__20260825.mp4
OBS-001443,长宁来福士,奶糖派大杯內衣,奶糖派大杯内衣,内衣,4.3,762,商场内,rated,True,,rated,parsed,rating_anchor,0.9547,0.9844,52,12696,216.934,4.3内衣￥762/人 | 商场内,奶糖派大杯內衣 | 4.3内衣￥762/人 | 商场内 | 奶糖派 | 大杯内衣 | “私密性很好，店员服务贴心” | ￥89￥100100代金券|黄油小熊家居... | 惠 | ￥19.9￥50 | 惠 | 【新客专享】50元代金券,ocr/input_videos\上海__长宁来福士__20260825.mp4
OBS-001444,长宁来福士,Vbot,Vbot,购物,4.3,,,rated,True,,rated,parsed,rating_anchor,0.9395,0.9947,59,12708,217.139,⭐🌟⭐⭐⭐4.3购物,Vbot | ⭐🌟⭐⭐⭐4.3购物,ocr/input_videos\上海__长宁来福士__20260825.mp4
OBS-001445,长宁来福士,泊源美·科技SKIN·HEALTHY,泊源美·科技SKIN·HEALTHY,皮肤管理,4.6,368,商场内,rated,True,,rated,parsed,rating_anchor,0.9737,0.9894,54,12708,217.139,4.6皮肤管理￥368/人 | 商场内,泊源美·科技SKIN·HEALTHY | 4.6皮肤管理￥368/人 | 商场内 | INBEAUTY | 臻享自然之美 | 房间干净无尘，窗外绿植郁郁葱葱 | ￥3919.9折 | ￥980 | 惠 | 【官方授权】NASX..,ocr/input_videos\上海__长宁来福士__20260825.mp4
OBS-001446,长宁来福士,英孚教育青少儿·学术中心,英孚教育青少儿·学术中心,课后辅导,4.6,15211,3F,rated,True,,rated,parsed,rating_anchor,0.9806,0.9853,53,12708,217.139,🌟🌟🌟🌟🌟 | 3F | 4.6课后辅导￥15211/人,英孚教育青少儿·学术中心 | 英孚铃育 | 开学季 | 🌟🌟🌟🌟🌟 | 3F | 4.6课后辅导￥15211/人 | 英语真学霸 | 点评榜单 | 长宁区课后辅导热门榜第3名 | 读|请汇|阅读|语话 | 地铁直达，环境童趣安全 | 31 | ￥9.9￥597全城6次课随心学|少儿游.. | 惠,ocr/input_videos\上海__长宁来福士__20260825.mp4
OBS-001447,长宁来福士,NIKE,NIKE,运动户外,3.9,887,1F,rated,True,,rated,parsed,rating_anchor,0.9739,0.9979,52,12708,217.139,3.9运动户外￥887/人 | 1F,NIKE | 3.9运动户外￥887/人 | 1F | 气垫设计独特，舒适感前所未有 | YYm,ocr/input_videos\上海__长宁来福士__20260825.mp4
OBS-001448,长宁来福士,奶糖派大杯內衣,奶糖派大杯内衣,内衣,4.3,762,商场内,rated,True,,rated,parsed,rating_anchor,0.929,0.973,54,12708,217.139,商场内 | ★4.3内衣￥762/人,奶糖派大杯內衣 | 商场内 | ★4.3内衣￥762/人 | 奶糖派 | “私密性很好，店员服务贴心” | 大杯内衣 | ￥89￥100100代金券|黄油小熊家居.. | 惠 | ￥19.9￥50 | 惠 | 【新客专享】50元代金券,ocr/input_videos\上海__长宁来福士__20260825.mp4
OBS-001449,长宁来福士,英孚教育青少儿·学术中心,英孚教育青少儿·学术中心,课后辅导,4.6,15211,3F,rated,True,,rated,parsed,rating_anchor,0.9691,0.977,51,12768,218.164,4.6课后辅导￥15211/人 | 3F,英孚教育青少儿·学术中心 | 英可验育 | 开学季 | 1 | 4.6课后辅导￥15211/人 | 3F | 英语真学霸 | 点评榜单 | 长宁区课后辅导热门榜第3名 | 拼读|调汇|阅读|语法 | 地铁直达，环境童趣安全 | 31 | ￥9.9￥597全城6次课随心学|少儿游.. | 惠,ocr/input_videos\上海__长宁来福士__20260825.mp4
OBS-001450,长宁来福士,NIKE,NIKE,运动户外,3.9,887,1F,rated,True,,rated,parsed,rating_anchor,0.965,0.9984,50,12768,218.164,3.9运动户外￥887/人 | 1F,NIKE | 3.9运动户外￥887/人 | 1F | 气垫设计独特，舒适感前所未有 | YY,ocr/input_videos\上海__长宁来福士__20260825.mp4
OBS-001451,长宁来福士,奶糖派大杯內衣,奶糖派大杯内衣,内衣,4.3,762,商场内,rated,True,,rated,parsed,rating_anchor,0.9539,0.9688,50,12768,218.164,商场内 | 4.3内衣￥762/人,奶糖派大杯內衣 | 商场内 | 4.3内衣￥762/人 | 奶糖派 | 大杯内衣 | “私密性很好，店员服务贴心” | 惠￥89￥100100代金券|黄油小熊家居... | ￥19.9￥50 | 惠 | 【新客专享】50元代金券,ocr/input_videos\上海__长宁来福士__20260825.mp4
OBS-001452,长宁来福士,麦橘缤音乐艺术中心·儿童钢琴·少...,麦橘缤音乐艺术中心·儿童钢琴·少,音乐,4.3,,商场内,rated,True,,rated,parsed,rating_anchor,0.8493,0.9243,53,12768,218.164,🌟⭐⭐4.3音乐 | 商场内,麦橘缤音乐艺术中心·儿童钢琴·少... | 专业儿童音乐启豪 | 🌟⭐⭐4.3音乐 | 商场内 | 每年都有大型音乐会，老师负责讲解 | 休息中考级 | 钢 | ￥298￥500 | 【活动报名】音乐会/测评.. | 惠,ocr/input_videos\上海__长宁来福士__20260825.mp4
OBS-001453,长宁来福士,NIKE,NIKE,运动户外,3.9,887,1F,rated,True,,rated,parsed,rating_anchor,0.9785,0.9987,48,12804,218.779,3.9运动户外￥887/人 | 1F,NIKE | 3.9运动户外￥887/人 | 1F | 气垫设计独特，舒适感前所未有 | YY照用,ocr/input_videos\上海__长宁来福士__20260825.mp4
OBS-001454,长宁来福士,奶糖派大杯内衣,奶糖派大杯内衣,内衣,4.3,762,商场内,rated,True,,rated,parsed,rating_anchor,0.9469,0.9526,48,12804,218.779,4.3内衣￥762/人 | 商场内,奶糖派大杯内衣 | 4.3内衣￥762/人 | 商场内 | 奶糖派 | 大杯内衣 | “私密性很好，店员服务贴心” | ￥89￥100100代金券|黄油小熊家居... | 惠 | ￥19.9￥50 | 惠 | 【新客专享】50元代金券,ocr/input_videos\上海__长宁来福士__20260825.mp4
OBS-001455,长宁来福士,麦橘缤音乐艺术中心·儿童钢琴·少...,麦橘缤音乐艺术中心·儿童钢琴·少,音乐,4.3,,商场内,rated,True,,rated,parsed,rating_anchor,0.881,0.9216,50,12804,218.779,⭐🌟⭐⭐4.3音乐 | 商场内,麦橘缤音乐艺术中心·儿童钢琴·少... | 专业儿童音乐启豪 | ⭐🌟⭐⭐4.3音乐 | 商场内 | 每年都有大型音乐会，老师负责讲解 | 琴培训 | 休息中考级 | E钢 | ￥298￥500 | 惠 | 【活动报名】音乐会/测评...,ocr/input_videos\上海__长宁来福士__20260825.mp4
OBS-001456,长宁来福士,舞选,舞选,舞蹈培训,3.8,,商场内,rated,True,,rated,parsed,rating_anchor,0.9995,0.9998,61,12804,218.779,商场内 | 🌟🌟🌟🌟3.8 | 舞蹈培训,舞选 | 中话CV9NCE STLO0O | 商场内 | 🌟🌟🌟🌟3.8 | 舞蹈培训 | 环境很新，跳舞老师耐心有爱 | S | ￥88￥120 | 【体验特惠】成人拉丁摩登.. | 惠,ocr/input_videos\上海__长宁来福士__20260825.mp4
OBS-001457,长宁来福士,爱视眸Eyeblling眼镜·蔡司·依视...,爱视眸Eyeblling眼镜·蔡司·依视,眼镜店,4.8,786,B1,rated,True,,rated,parsed,rating_anchor,0.9422,0.9295,56,12804,218.779,B1 | ★🌟★★4.8 | 眼镜店￥786/人,爱视眸Eyeblling眼镜·蔡司·依视... | ZELS | 爱视眸眼镜 | B1 | ★🌟★★4.8 | 眼镜店￥786/人 | EYE BLLING | 点评榜单 | 中山公园/江苏路眼镜店好评榜第7名 | 7 | 款式新颖，潮流品牌多 | 十五年上海连锁直营门店,ocr/input_videos\上海__长宁来福士__20260825.mp4
OBS-001458,长宁来福士,NIKE,NIKE,运动户外,3.9,887,1F,rated,True,,rated,parsed,rating_anchor,0.9747,0.9986,51,12840,219.394,🌟🌟🎉🌟🌟 | 1F | 3.9 | 运动户外￥887/人,NIKE | 🌟🌟🎉🌟🌟 | 1F | 3.9 | 运动户外￥887/人 | 气垫设计独特，舒适感前所未有 | YY8,ocr/input_videos\上海__长宁来福士__20260825.mp4
OBS-001459,长宁来福士,奶糖派大杯內衣,奶糖派大杯内衣,内衣,4.3,762,商场内,rated,True,,rated,parsed,rating_anchor,0.9625,0.9498,51,12840,219.394,商场内 | 🌟🌟🎉🌟🌟 | 4.3内衣￥762/人,奶糖派大杯內衣 | 商场内 | 🌟🌟🎉🌟🌟 | 4.3内衣￥762/人 | 奶糖派 | “私密性很好，店员服务贴心” | 大杯内衣 | ￥89￥100100代金券1黄油小熊家居... | 惠 | 惠 | ￥19.9￥50 | 【新客专享】50元代金券,ocr/input_videos\上海__长宁来福士__20260825.mp4
OBS-001460,长宁来福士,麦橘缤音乐艺术中心·儿童钢琴·少...,麦橘缤音乐艺术中心·儿童钢琴·少,音乐,4.3,,商场内,rated,True,,rated,parsed,rating_anchor,0.9213,0.925,51,12840,219.394,⭐⭐⭐4.3音乐 | 商场内,麦橘缤音乐艺术中心·儿童钢琴·少... | 专业儿童音乐启豪 | ⭐⭐⭐4.3音乐 | 商场内 | 每年都有大型音乐会，老师负责讲解 | 钢琴培训 | 休息中考级 | ￥298￥500 | 【活动报名】音乐会/测评... | 惠,ocr/input_videos\上海__长宁来福士__20260825.mp4
OBS-001461,长宁来福士,舞选,舞选,舞蹈培训,3.8,,商场内,rated,True,,rated,parsed,rating_anchor,0.9997,0.9998,62,12840,219.394,商场内 | 🌟🎉🌟⭐3.8 | 舞蹈培训,舞选 | 啤送AO4CE STLOUD | 商场内 | 🌟🎉🌟⭐3.8 | 舞蹈培训 | 环境很新，跳舞老师耐心有爱 | ￥88￥120 | 惠 | 【体验特惠】成人拉丁摩登..,ocr/input_videos\上海__长宁来福士__20260825.mp4
OBS-001462,长宁来福士,爱视眸Eyeblling眼镜·蔡司·依视...,爱视眸Eyeblling眼镜·蔡司·依视,眼镜店,4.8,786,B1,rated,True,,rated,parsed,rating_anchor,0.937,0.9179,59,12840,219.394,⭐⭐⭐⭐4.8 | B1 | 眼镜店￥786/人,爱视眸Eyeblling眼镜·蔡司·依视... | ZEESS | 爱视眸眼镜 | ⭐⭐⭐⭐4.8 | B1 | 眼镜店￥786/人 | EYE BLLING | 点评榜单 | 中山公园/江苏路眼镜店好评榜第7名 | 款式新颖，潮流品牌多 | 十五年上海连锁直营门店 | 9 | “,ocr/input_videos\上海__长宁来福士__20260825.mp4
OBS-001463,长宁来福士,NIKE,NIKE,运动户外,3.9,887,1F,rated,True,,rated,parsed,rating_anchor,0.9735,0.9983,51,12888,220.215,1F | 🌟🌟⭐🌟🌟 | 运动户外￥887/人 | 3.9,NIKE | 1F | 🌟🌟⭐🌟🌟 | 运动户外￥887/人 | 3.9 | 气垫设计独特，舒适感前所未有 | YYm,ocr/input_videos\上海__长宁来福士__20260825.mp4
OBS-001464,长宁来福士,奶糖派大杯内衣,奶糖派大杯内衣,内衣,4.3,762,商场内,rated,True,,rated,parsed,rating_anchor,0.9377,0.9388,48,12888,220.215,4.3内衣￥762/人 | 商场内,奶糖派大杯内衣 | 4.3内衣￥762/人 | 商场内 | 奶糖派 | “私密性很好，店员服务贴心” | 大杯内衣 | ￥89￥100100代金券|黄油小熊家居.. | 惠 | ￥19.9￥50 | 惠 | 【新客专享】50元代金券,ocr/input_videos\上海__长宁来福士__20260825.mp4
OBS-001465,长宁来福士,麦橘缤音乐艺术中心·儿童钢琴·少...,麦橘缤音乐艺术中心·儿童钢琴·少,音乐,4.3,,商场内,rated,True,,rated,parsed,rating_anchor,0.9584,0.9292,50,12888,220.215,4.3音乐 | ⭐🌟🌟⭐🌟 | 商场内,麦橘缤音乐艺术中心·儿童钢琴·少... | 专业儿童音乐启豪 | 4.3音乐 | ⭐🌟🌟⭐🌟 | 商场内 | 每年都有大型音乐会，老师负责讲解 | 休息中级 | ￥298￥500 | 惠 | 【活动报名】音乐会/测评.,ocr/input_videos\上海__长宁来福士__20260825.mp4
OBS-001466,长宁来福士,舞选,舞选,舞蹈培训,3.8,,商场内,rated,True,,rated,parsed,rating_anchor,0.9997,0.9998,61,12888,220.215,🌟🌟🌟🌟🌟 | 商场内 | 舞蹈培训 | 3.8,舞选 | 送AVONCE STUO3D | 🌟🌟🌟🌟🌟 | 商场内 | 舞蹈培训 | 3.8 | 环境很新，跳舞老师耐心有爱 | 惠 | ￥88￥120 | 【体验特惠】成人拉丁摩登..,ocr/input_videos\上海__长宁来福士__20260825.mp4
OBS-001467,长宁来福士,爱视眸Eyeblling眼镜·蔡司·依视..,爱视眸Eyeblling眼镜·蔡司·依视,眼镜店,4.8,786,B1,rated,True,,rated,parsed,rating_anchor,0.9491,0.9443,59,12888,220.215,B1 | ★★★⭐4.8 | 眼镜店￥786/人,爱视眸Eyeblling眼镜·蔡司·依视.. | ZE1S | 爱视眸眼镜 | B1 | ★★★⭐4.8 | 眼镜店￥786/人 | EYE BLLING | 点评榜单 | 中山公园/江苏路眼镜店好评榜第7名 | 款式新颖，潮流品牌多 | 十五年上海连锁直营门店 | xoo | 車 | 【单配镜框】国产自 | 85折 | x0.851,ocr/input_videos\上海__长宁来福士__20260825.mp4
OBS-001468,长宁来福士,舞选,舞选,舞蹈培训,3.8,,商场内,rated,True,,rated,parsed,rating_anchor,0.9997,0.9999,64,12912,220.625,⭐🌟★🌟★3.8 | 商场内 | 舞蹈培训,舞选 | 净LAACE STLOAD | ⭐🌟★🌟★3.8 | 商场内 | 舞蹈培训 | 环境很新，跳舞老师耐心有爱 | ￥88￥120 | 惠 | 【体验特惠】成人拉丁摩登..,ocr/input_videos\上海__长宁来福士__20260825.mp4
OBS-001469,长宁来福士,爱视眸Eyeblling眼镜·蔡司·依视...,爱视眸Eyeblling眼镜·蔡司·依视,眼镜店,4.8,786,B1,rated,True,,rated,parsed,rating_anchor,0.9545,0.9497,58,12912,220.625,🌟🌟🌟⭐🌟 | B1 | 眼镜店￥786/人 | 4.8,爱视眸Eyeblling眼镜·蔡司·依视... | ZEESX | 爱视眸眼镜 | 🌟🌟🌟⭐🌟 | B1 | 眼镜店￥786/人 | 4.8 | EYE BLLING | 点评榜单 | OG | 中山公园/江苏路眼镜店好评榜第7名 | 款式新颖，潮流品牌多 | 十五年上海连锁直营门店 | 3 | ￥99 | ￥0.85 | 8.5折 | 【单配镜框】国产自... | 惠 | ￥8.5 | ￥100代金券 | 8.5折 | 惠,ocr/input_videos\上海__长宁来福士__20260825.mp4
OBS-001470,长宁来福士,tutu anna,tutuanna,内衣,4.1,145,B1,rated,True,,rated,parsed,rating_anchor,0.9671,0.9959,45,12912,220.625,4.1内衣￥145/人 | B1,LODL·CnnC | tutu anna | 4.1内衣￥145/人 | B1,ocr/input_videos\上海__长宁来福士__20260825.mp4
OBS-001471,长宁来福士,Vous.Lin,Vous.Lin,服装,3.8,1200,商场内,rated,True,,rated,parsed,rating_anchor,0.9743,0.9969,55,12912,220.625,商场内 | 3.8服装￥1200/人,Vous.Lin | 商场内 | 3.8服装￥1200/人,ocr/input_videos\上海__长宁来福士__20260825.mp4
OBS-001472,长宁来福士,PUMA,PUMA,运动户外,3.8,726,1F,rated,True,,rated,parsed,rating_anchor,0.9686,0.9959,50,12912,220.625,3.8运动户外￥726/人 | 1F,PUMA | 3.8运动户外￥726/人 | 1F | 五彩缤纷的跑鞋，试穿舒适有优惠,ocr/input_videos\上海__长宁来福士__20260825.mp4
OBS-001473,长宁来福士,舞选,舞选,舞蹈培训,3.8,,商场内,rated,True,,rated,parsed,rating_anchor,0.9995,0.9999,69,12948,221.24,🌟🌟🌟3.8 | 商场内 | 舞蹈培训,舞选 | 件话：AWCE STUOUO | 🌟🌟🌟3.8 | 商场内 | 舞蹈培训 | “环境很新，跳舞老师耐心有爱 | ￥88￥120 | 【体验特惠】成人拉丁摩登.. | 惠,ocr/input_videos\上海__长宁来福士__20260825.mp4
OBS-001474,长宁来福士,爱视眸Eyeblling眼镜·蔡司·依视...,爱视眸Eyeblling眼镜·蔡司·依视,眼镜店,4.8,786,B1,rated,True,,rated,parsed,rating_anchor,0.9533,0.9402,57,12948,221.24,🌟⭐4.8 | B1 | 眼镜店￥786/人,爱视眸Eyeblling眼镜·蔡司·依视... | ZEISS | 爱视眸眼镜 | 🌟⭐4.8 | B1 | 眼镜店￥786/人 | EYE BLLING | 点评榜单 | 中山公园/江苏路眼镜店好评榜第7名 | G | 款式新颖，潮流品牌多” | 十五年上海连锁直营门店 | ￥0.85 | ￥99 | 8.5折 | 【单配镜框】国产自.. | 惠 | ￥8.58.5折 | ￥100代金券 | 惠,ocr/input_videos\上海__长宁来福士__20260825.mp4
OBS-001475,长宁来福士,tutu anna,tutuanna,内衣,4.1,145,B1,rated,True,,rated,parsed,rating_anchor,0.9634,0.9817,49,12948,221.24,4.1内衣￥145/人 | B1,Ltu.anmn: | tutu anna | 4.1内衣￥145/人 | B1,ocr/input_videos\上海__长宁来福士__20260825.mp4
OBS-001476,长宁来福士,Vous.Lin,Vous.Lin,服装,3.8,1200,商场内,rated,True,,rated,parsed,rating_anchor,0.98,0.9984,53,12948,221.24,🌟🌟⭐🌟🌟 | 商场内 | 3.8服装￥1200/人,Vous.Lin | 🌟🌟⭐🌟🌟 | 商场内 | 3.8服装￥1200/人,ocr/input_videos\上海__长宁来福士__20260825.mp4
OBS-001477,长宁来福士,PUMA,PUMA,运动户外,3.8,726,1F,rated,True,,rated,parsed,rating_anchor,0.9748,0.9951,51,12948,221.24,1F | 3.8运动户外￥726/人,PUMA | 1F | 3.8运动户外￥726/人 | 五彩缤纷的跑鞋，试穿舒适有优惠” | Purcotton全棉时代,ocr/input_videos\上海__长宁来福士__20260825.mp4
OBS-001478,长宁来福士,爱视眸Eyeblling眼镜·蔡司·依视..,爱视眸Eyeblling眼镜·蔡司·依视,眼镜店,,786,B1,unknown,True,,ocr_missing,parsed,metadata_anchor,0.961,0.9566,60,13032,222.675,B1 | 眼镜店￥786/人 | 🌟🌟🌟🌟🌟 | 14.8,爱视眸Eyeblling眼镜·蔡司·依视.. | ZETSY | 爱视眸眼镜 | B1 | 眼镜店￥786/人 | 🌟🌟🌟🌟🌟 | 14.8 | EYEBLLING | OO | 点评榜单 | 中山公园/江苏路眼镜店好评榜第7名 | 款式新颖，潮流品牌多” | 十五年上海连锁直营门店 | ￥0.85 | ￥99 | 8.5折 | 【单配镜框】国产自.. | 惠 | ￥8.5 | ￥100代金券 | 8.5折 | 惠,ocr/input_videos\上海__长宁来福士__20260825.mp4
OBS-001479,长宁来福士,tutu anna,tutuanna,内衣,4.1,145,B1,rated,True,,rated,parsed,rating_anchor,0.9544,0.9935,47,13032,222.675,4.1内衣￥145/人 | B1,Lt.nnoG | tutu anna | 4.1内衣￥145/人 | B1,ocr/input_videos\上海__长宁来福士__20260825.mp4
OBS-001480,长宁来福士,Vous.Lin,Vous.Lin,服装,3.8,1200,商场内,rated,True,,rated,parsed,rating_anchor,0.9817,0.998,52,13032,222.675,🌟🌟🌟🌟⭐ | 商场内 | 3.8服装￥1200/人,Vous.Lin | 🌟🌟🌟🌟⭐ | 商场内 | 3.8服装￥1200/人,ocr/input_videos\上海__长宁来福士__20260825.mp4
OBS-001481,长宁来福士,PUMA,PUMA,运动户外,3.8,726,1F,rated,True,,rated,parsed,rating_anchor,0.98,0.9948,50,13032,222.675,1F | 🌟🌟🌟🌟🌟 | 3.8运动户外￥726/人,PUMA | 1F | 🌟🌟🌟🌟🌟 | 3.8运动户外￥726/人 | 五彩缤纷的跑鞋，试穿舒适有优惠”,ocr/input_videos\上海__长宁来福士__20260825.mp4
OBS-001482,长宁来福士,Purcotton全棉时代,Purcotton全棉时代,居家日用,4.0,144,商场内,rated,True,,rated,parsed,rating_anchor,0.9851,0.9994,51,13032,222.675,4.0居家日用￥144/人 | 商场内 | ⭐🌟⭐⭐⭐,Purcotton全棉时代 | 4.0居家日用￥144/人 | 商场内 | ⭐🌟⭐⭐⭐ | 店员服务热情，家居服轻透气舒适 | Purcotton,ocr/input_videos\上海__长宁来福士__20260825.mp4
OBS-001483,长宁来福士,爱视眸Eyeblling眼镜·蔡司·依视...,爱视眸Eyeblling眼镜·蔡司·依视,眼镜店,,786,B1,unknown,True,,ocr_missing,parsed,metadata_anchor,0.9453,0.9298,57,13068,223.29,B1 | 🌟🌟🌟🌟🌟 | 眼镜店￥786/人 | 14.8,爱视眸Eyeblling眼镜·蔡司·依视... | ZETSY | 爱视眸眼镜 | B1 | 🌟🌟🌟🌟🌟 | 眼镜店￥786/人 | 14.8 | EYE BLLING | OO | 点评榜单 | 中山公园/江苏路眼镜店好评榜第7名 | 款式新颖，潮流品牌多” | 十五年上海连锁直营门店 | ￥0.85 | ￥99 | 8.5折 | 【单配镜框】国产自. | 惠 | ￥8.5 | ￥100代金券 | 8.5折 | 惠,ocr/input_videos\上海__长宁来福士__20260825.mp4
OBS-001484,长宁来福士,tutu anna,tutuanna,内衣,4.1,145,B1,rated,True,,rated,parsed,rating_anchor,0.9588,0.9711,46,13068,223.29,4.1内衣￥145/人 | B1,Lt.anmog | tutu anna | 4.1内衣￥145/人 | B1,ocr/input_videos\上海__长宁来福士__20260825.mp4
OBS-001485,长宁来福士,Vous.Lin,Vous.Lin,服装,3.8,1200,商场内,rated,True,,rated,parsed,rating_anchor,0.9833,0.998,52,13068,223.29,⭐🌟🌟🌟🌟 | 商场内 | 3.8服装￥1200/人,Vous.Lin | ⭐🌟🌟🌟🌟 | 商场内 | 3.8服装￥1200/人,ocr/input_videos\上海__长宁来福士__20260825.mp4
OBS-001486,长宁来福士,PUMA,PUMA,运动户外,3.8,726,1F,rated,True,,rated,parsed,rating_anchor,0.9826,0.9956,50,13068,223.29,1F | 🌟🌟🌟🌟🌟 | 3.8运动户外￥726/人,PUMA | 1F | 🌟🌟🌟🌟🌟 | 3.8运动户外￥726/人 | 五彩缤纷的跑鞋，试穿舒适有优惠”,ocr/input_videos\上海__长宁来福士__20260825.mp4
OBS-001487,长宁来福士,Purcotton全棉时代,Purcotton全棉时代,居家日用,4.0,144,商场内,rated,True,,rated,parsed,rating_anchor,0.9806,0.9993,51,13068,223.29,商场内 | ⭐🌟⭐★🌟 | 4.0居家日用￥144/人,Purcotton全棉时代 | 商场内 | ⭐🌟⭐★🌟 | 4.0居家日用￥144/人 | 店员服务热情，家居服轻透气舒适 | （ | Purcotton | INLIFE HAIR韩国美发(长宁来福...,ocr/input_videos\上海__长宁来福士__20260825.mp4
OBS-001488,长宁来福士,PUMA,PUMA,运动户外,3.8,726,1F,rated,True,,rated,parsed,rating_anchor,0.9752,0.9958,50,13128,224.315,3.8运动户外￥726/人 | 1F,PUMA | 3.8运动户外￥726/人 | 1F | 五彩缤纷的跑鞋，试穿舒适有优惠”,ocr/input_videos\上海__长宁来福士__20260825.mp4
OBS-001489,长宁来福士,Purcotton全棉时代,Purcotton全棉时代,居家日用,4.0,144,商场内,rated,True,,rated,parsed,rating_anchor,0.9784,0.9993,55,13128,224.315,商场内 | 4.0居家日用￥144/人,Purcotton全棉时代 | 商场内 | 4.0居家日用￥144/人 | 店员服务热情，家居服轻透气舒适 | Purcotton,ocr/input_videos\上海__长宁来福士__20260825.mp4
OBS-001490,长宁来福士,INLIFE HAIR韩国美发(长宁来福....,INLIFEHAIR韩国美发(长宁来福,美发,4.7,318,3F,rated,True,,rated,parsed,rating_anchor,0.935,0.9265,51,13128,224.315,3F | 4.7美发￥318/人,INLIFE HAIR韩国美发(长宁来福.... | 3F | 4.7美发￥318/人 | 中山公园/江苏路洗剪吹销量榜第4名 | 专业细心的造型服务，洗头护理超舒适 | “ | ￥326￥380 | 惠 | 【开学季专享】剪裁/韩籍...,ocr/input_videos\上海__长宁来福士__20260825.mp4
OBS-001491,长宁来福士,OSIM傲胜,OSIM傲胜,智能,3.7,5092,商场内,rated,True,,rated,parsed,rating_anchor,0.8853,0.9945,53,13128,224.315,⭐💥⭐3.7智能 | ￥5092/人商场内,OSIM傲胜 | ⭐💥⭐3.7智能 | ￥5092/人商场内 | OSIM元 | “按摩椅功能齐全，腰背腿超舒适” | 加的信康生话,ocr/input_videos\上海__长宁来福士__20260825.mp4
OBS-001492,长宁来福士,刘娟美甲沙龙,刘娟美甲沙龙,美甲,4.5,417,商场内,rated,True,,rated,parsed,rating_anchor,0.9428,0.9981,51,13128,224.315,商场内 | ⭐4.5美甲￥417/人,刘娟美甲沙龙 | 商场内 | ⭐4.5美甲￥417/人 | L.J Nail salon | 到娟美甲沙龍 | 美睫师专业，环境干净私密性好 | ￥168￥208LCN手部指甲尊贵护理项目 | 惠 | ￥80￥100代金券 | 惠,ocr/input_videos\上海__长宁来福士__20260825.mp4
OBS-001493,长宁来福士,INLIFE HAIR韩国美发(长宁来福..,INLIFEHAIR韩国美发(长宁来福,美发,4.7,,3F,rated,True,,rated,parsed,rating_anchor,0.9297,0.9201,60,13260,226.571,3F | 4.7美发318/人,INLIFE HAIR韩国美发(长宁来福.. | 3F | 4.7美发318/人 | 中山公园/江苏路洗剪吹销量榜第4名 | 专业细心的造型服务，洗头护理超舒适 | ￥326￥380 | 惠 | 【开学季专享】剪裁/韩籍..,ocr/input_videos\上海__长宁来福士__20260825.mp4
OBS-001494,长宁来福士,OSIM傲胜,OSIM傲胜,智能.,3.7,5092,商场内,rated,True,,rated,parsed,rating_anchor,0.8969,0.989,53,13260,226.571,🌟3.7智能. | ￥5092/人商场内,OSIM傲胜 | 🌟3.7智能. | ￥5092/人商场内 | OSIM市 | 重图谁原生活 | 按摩椅功能齐全，腰背腿超舒适”,ocr/input_videos\上海__长宁来福士__20260825.mp4
OBS-001495,长宁来福士,刘娟美甲沙龙,刘娟美甲沙龙,美甲,4.5,417,商场内,rated,True,,rated,parsed,rating_anchor,0.9732,0.9985,55,13260,226.571,商场内 | 4.5美甲￥417/人,刘娟美甲沙龙 | 商场内 | 4.5美甲￥417/人 | L.J Nail salon | 到娟美甲沙龍 | 美睫师专业，环境干净私密性好 | ￥168￥208LCN手部指甲尊贵护理项目 | 惠 | ￥80￥100代金券 | 惠,ocr/input_videos\上海__长宁来福士__20260825.mp4
OBS-001496,长宁来福士,源氏木语,源氏木语,家具...,4.4,2550,商场内,rated,True,,rated,parsed,rating_anchor,0.9171,0.9998,56,13260,226.571,⭐🌟⭐ | 4.4家具... | ￥2550/人商场内,源氏木语 | 「新实木主义 | ⭐🌟⭐ | 4.4家具... | ￥2550/人商场内 | 22% | 点评榜单 | 长宁区家具家居好评榜第9名 | 地1：L：9/9 | 实木家具质感好，店里氛围温馨 | 源氏术语×超品日 | “ | 5 | 惠￥1￥999效果图|全屋空间3D效果搭.,ocr/input_videos\上海__长宁来福士__20260825.mp4
OBS-001497,长宁来福士,迪迪熊捞鱼,迪迪熊捞鱼,其他亲子..,,,商场内,unrated,False,explicitly_unrated,unrated,parsed,unrated_anchor,0.9375,0.9488,54,13260,226.571,商场内 | ★★★★★ | 暂无星级其他亲子..,迪迪熊捞鱼 | 商场内 | ★★★★★ | 暂无星级其他亲子..,ocr/input_videos\上海__长宁来福士__20260825.mp4
OBS-001498,长宁来福士,OSIM傲胜,OSIM傲胜,智能...,3.7,5092,商场内,rated,True,,rated,parsed,rating_anchor,0.8859,0.9942,53,13296,227.186,🌟🌟🎉🌟🌟 | 智能... | 3.7 | ￥5092/人商场内,OSIM傲胜 | 🌟🌟🎉🌟🌟 | 智能... | 3.7 | ￥5092/人商场内 | OSIM | 元 | “按摩椅功能齐全，腰背腿超舒适” | 重图健原生活,ocr/input_videos\上海__长宁来福士__20260825.mp4
OBS-001499,长宁来福士,刘娟美甲沙龙,刘娟美甲沙龙,美甲,4.5,417,商场内,rated,True,,rated,parsed,rating_anchor,0.9624,0.9977,55,13296,227.186,⭐🌟🎉🎉🌟 | 商场内 | 美甲￥417/人 | 4.5,刘娟美甲沙龙 | ⭐🌟🎉🎉🌟 | 商场内 | 美甲￥417/人 | 4.5 | C.J Nail salon | 劉娟美甲沙靓 | 美睫师专业，环境干净私密性好 | “三 | ￥168￥208LCN手部指甲尊贵护理项目 | 惠 | ￥80￥100代金券 | 惠,ocr/input_videos\上海__长宁来福士__20260825.mp4
OBS-001500,长宁来福士,源氏木语,源氏木语,家具...,4.4,2550,商场内,rated,True,,rated,parsed,rating_anchor,0.9237,0.9999,56,13296,227.186,⭐🌟⭐⭐ | 4.4家具... | ￥2550/人商场内 | ★,源氏木语 | 「新实木主义 | ⭐🌟⭐⭐ | 4.4家具... | ￥2550/人商场内 | ★ | 22% | 限时 | 立减 | 点评榜单 | 长宁区家具家居好评榜第9名 | 滋民：E6-9/9 | 实木家具质感好，店里氛围温馨 | 源氏术语×超品日 | “ | 55 | ￥1￥999 | 效果图Ⅰ全屋空间3D效果搭... | 惠,ocr/input_videos\上海__长宁来福士__20260825.mp4
OBS-001501,长宁来福士,迪迪熊捞鱼,迪迪熊捞鱼,其他亲子..,,,商场内,unrated,False,explicitly_unrated,unrated,parsed,unrated_anchor,0.9087,0.9556,55,13296,227.186,商场内 | ★★★★★ | 其他亲子.. | 暂无星级,迪迪熊捞鱼 | 商场内 | ★★★★★ | 其他亲子.. | 暂无星级,ocr/input_videos\上海__长宁来福士__20260825.mp4
OBS-001502,长宁来福士,MOUSSY&SLY,MOUSSY&SLY,,,,3F,unrated,False,explicitly_unrated,unrated,missing,unrated_anchor,0.982,0.982,44,13296,227.186,★★★★★ | 3F | 暂无星级 | 更多亲子服务,MOUSSY&SLY | EICWUA | ★★★★★ | 3F | 暂无星级 | 更多亲子服务 | MOUSSY | 韩将开品 | 即将开业 | TLCure同喜疗愈·失眠颜究所,ocr/input_videos\上海__长宁来福士__20260825.mp4
OBS-001503,长宁来福士,迪迪熊捞鱼,迪迪熊捞鱼,其他亲子..,,,商场内,unrated,False,explicitly_unrated,unrated,parsed,unrated_anchor,0.8823,0.9325,54,13404,229.031,商场内 | 暂无星级 | ★★★★ | 其他亲子..,迪迪熊捞鱼 | 商场内 | 暂无星级 | ★★★★ | 其他亲子..,ocr/input_videos\上海__长宁来福士__20260825.mp4
OBS-001504,长宁来福士,MOUSSY&SLY,MOUSSY&SLY,,,,3F,unrated,False,explicitly_unrated,unrated,missing,unrated_anchor,0.992,0.992,49,13404,229.031,3F | 暂无星级 | 更多亲子服务 | ★★★★★,MOUSSY&SLY | ME | 3F | 暂无星级 | 更多亲子服务 | ★★★★★ | MOUSSY | 路兵开品 | emeg 1M | 即将开业,ocr/input_videos\上海__长宁来福士__20260825.mp4
OBS-001505,长宁来福士,TJ Cure,TJCure,皮肤管理,,,商场内,unrated,False,explicitly_unrated,unrated,parsed,unrated_anchor,0.983,0.9668,48,13404,229.031,商场内 | ★★★★★ | 暂无星级 | 皮肤管理,同嘉疗愈·失眠颜究所 | TJ Cure | 商场内 | ★★★★★ | 暂无星级 | 皮肤管理 | 上海睡眠空间 | SPA新标准 | 000 | 即将开业,ocr/input_videos\上海__长宁来福士__20260825.mp4
OBS-001506,长宁来福士,HelloKitty摩登工坊,HelloKitty摩登工坊,文化艺术,,,商场内,unrated,False,explicitly_unrated,unrated,parsed,unrated_anchor,0.9965,0.9938,58,13404,229.031,★★★★★ | 商场内 | 暂无星级 | 文化艺术,HelloKitty摩登工坊 | ★★★★★ | 商场内 | 暂无星级 | 文化艺术,ocr/input_videos\上海__长宁来福士__20260825.mp4
OBS-001507,长宁来福士,顺丰收发室,顺丰收发室,美发,,,商场内,unrated,False,explicitly_unrated,unrated,parsed,unrated_anchor,0.9996,0.9994,53,13404,229.031,美发 | 商场内 | ★★★★★ | 暂无星级,顺丰收发室 | 美发 | 商场内 | ★★★★★ | 暂无星级 | 美发,ocr/input_videos\上海__长宁来福士__20260825.mp4
OBS-001508,长宁来福士,北京安理（上海）律师事务所,北京安理(上海)律师事务所,,,,商场内,unrated,False,explicitly_unrated,unrated,missing,unrated_anchor,0.9455,0.9455,54,13404,229.031,商场内 | ⭐🌟🌟💥🌟 | 暂无星级 | 法律服务,北京安理（上海）律师事务所 | 商场内 | ⭐🌟🌟💥🌟 | 暂无星级 | 法律服务,ocr/input_videos\上海__长宁来福士__20260825.mp4
OBS-001509,长宁来福士,迪迪熊捞鱼,迪迪熊捞鱼,其他亲子.,,,商场内,unrated,False,explicitly_unrated,unrated,parsed,unrated_anchor,0.9483,0.9573,55,13440,229.646,暂无星级 | 商场内 | ★★★★★ | 其他亲子.,迪迪熊捞鱼 | 暂无星级 | 商场内 | ★★★★★ | 其他亲子.,ocr/input_videos\上海__长宁来福士__20260825.mp4
OBS-001510,长宁来福士,MOUSSY&SLY,MOUSSY&SLY,,,,3F,unrated,False,explicitly_unrated,unrated,missing,unrated_anchor,0.9884,0.9884,46,13440,229.646,3F | ★★★★★ | 暂无星级 | 更多亲子服务,MOUSSY&SLY | MCAN | 3F | ★★★★★ | 暂无星级 | 更多亲子服务 | MOUSSY | 韩将开品 | 5eml e | 即将开业,ocr/input_videos\上海__长宁来福士__20260825.mp4
OBS-001511,长宁来福士,TJ Cure,TJCure,皮肤管理,,,商场内,unrated,False,explicitly_unrated,unrated,parsed,unrated_anchor,0.9961,0.9926,50,13440,229.646,商场内 | 暂无星级 | ★★★★★ | 皮肤管理,同嘉疗愈·失眠颜究所 | TJ Cure | 商场内 | 暂无星级 | ★★★★★ | 皮肤管理 | 上海睡眠空间 | SPA新标准 | 800 | 即将开业,ocr/input_videos\上海__长宁来福士__20260825.mp4
OBS-001512,长宁来福士,HelloKitty摩登工坊,HelloKitty摩登工坊,文化艺术,,,商场内,unrated,False,explicitly_unrated,unrated,parsed,unrated_anchor,0.9974,0.9953,58,13440,229.646,★★★★★ | 文化艺术 | 商场内 | 暂无星级,HelloKitty摩登工坊 | ★★★★★ | 文化艺术 | 商场内 | 暂无星级,ocr/input_videos\上海__长宁来福士__20260825.mp4
OBS-001513,长宁来福士,顺丰收发室,顺丰收发室,美发,,,商场内,unrated,False,explicitly_unrated,unrated,parsed,unrated_anchor,0.9997,0.9995,55,13440,229.646,美发 | 商场内 | 🌟💥💥🌟 | 暂无星级,顺丰收发室 | 美发 | 商场内 | 🌟💥💥🌟 | 暂无星级 | 美发,ocr/input_videos\上海__长宁来福士__20260825.mp4
OBS-001514,长宁来福士,北京安理(上海)律师事务所,北京安理(上海)律师事务所,,,,商场内,unrated,False,explicitly_unrated,unrated,missing,unrated_anchor,0.9925,0.9925,54,13440,229.646,商场内 | ★★★★★ | 法律服务 | 暂无星级,北京安理(上海)律师事务所 | 理印插来务所 | 商场内 | ★★★★★ | 法律服务 | 暂无星级,ocr/input_videos\上海__长宁来福士__20260825.mp4
OBS-001515,长宁来福士,TJ Cure同嘉疗愈·失眠颜究所,TJCure同嘉疗愈·失眠颜究所,皮肤管理,,,商场内,unrated,False,explicitly_unrated,unrated,parsed,unrated_anchor,0.982,0.9644,54,13488,230.467,商场内 | 皮肤管理 | ★★★★★ | 暂无星级,TJ Cure同嘉疗愈·失眠颜究所 | 商场内 | 皮肤管理 | ★★★★★ | 暂无星级 | 上海睡眠空间 | SPA新标准 | 000 | 即将开业,ocr/input_videos\上海__长宁来福士__20260825.mp4
OBS-001516,长宁来福士,HelloKitty摩登工坊,HelloKitty摩登工坊,文化艺术,,,商场内,unrated,False,explicitly_unrated,unrated,parsed,unrated_anchor,0.998,0.9965,59,13488,230.467,文化艺术 | 暂无星级 | 商场内 | ★★★★★,HelloKitty摩登工坊 | 文化艺术 | 暂无星级 | 商场内 | ★★★★★,ocr/input_videos\上海__长宁来福士__20260825.mp4
OBS-001517,长宁来福士,顺丰收发室,顺丰收发室,美发,,,商场内,unrated,False,explicitly_unrated,unrated,parsed,unrated_anchor,0.9997,0.9997,55,13488,230.467,商场内 | ★★★★★ | 美发 | 暂无星级,顺丰收发室 | 商场内 | ★★★★★ | 美发 | 暂无星级 | 美发,ocr/input_videos\上海__长宁来福士__20260825.mp4
OBS-001518,长宁来福士,北京安理(上海)律师事务所,北京安理(上海)律师事务所,,,,商场内,unrated,False,explicitly_unrated,unrated,missing,unrated_anchor,0.9318,0.9318,56,13488,230.467,商场内 | 法律服务 | ★★★★★ | 暂无星级,北京安理(上海)律师事务所 | 理建排来各所 | 商场内 | 法律服务 | ★★★★★ | 暂无星级,ocr/input_videos\上海__长宁来福士__20260825.mp4
OBS-001519,长宁来福士,msixsalon,msixsalon,美发,,355,3F,unrated,False,explicitly_unrated,unrated,parsed,unrated_anchor,0.9765,0.9994,52,13488,230.467,3F | ★★★★★ | 暂无星级 | 美发￥355/人,msixsalon | MSIX | 3F | ★★★★★ | 暂无星级 | 美发￥355/人,ocr/input_videos\上海__长宁来福士__20260825.mp4
OBS-001520,长宁来福士,中国农业银行,中国农业银行,银行,,,1F,new_store,False,new_store,ocr_missing,parsed,metadata_anchor,0.9994,0.9995,54,13488,230.467,银行 | 新店 | 1F,中国农业银行 | 银行 | 新店 | 1F,ocr/input_videos\上海__长宁来福士__20260825.mp4
OBS-001521,长宁来福士,顺丰收发室,顺丰收发室,美发,,,商场内,unrated,False,explicitly_unrated,unrated,parsed,unrated_anchor,0.9997,0.9996,56,13536,231.287,商场内 | 美发 | 暂无星级 | ★★★★★,顺丰收发室 | 商场内 | 美发 | 暂无星级 | ★★★★★ | 美发,ocr/input_videos\上海__长宁来福士__20260825.mp4
OBS-001522,长宁来福士,北京安理(上海)律师事务所,北京安理(上海)律师事务所,,,,商场内,unrated,False,explicitly_unrated,unrated,missing,unrated_anchor,0.9943,0.9943,57,13536,231.287,商场内 | 法律服务 | ★★★★★ | 暂无星级,北京安理(上海)律师事务所 | 学比所 | 商场内 | 法律服务 | ★★★★★ | 暂无星级,ocr/input_videos\上海__长宁来福士__20260825.mp4
OBS-001523,长宁来福士,msixsalon,msixsalon,美发,,355,3F,unrated,False,explicitly_unrated,unrated,parsed,unrated_anchor,0.9762,0.9995,49,13536,231.287,3F | 美发￥355/人 | ★★★★★ | 暂无星级,msixsalon | M SIX | 3F | 美发￥355/人 | ★★★★★ | 暂无星级 | 国,ocr/input_videos\上海__长宁来福士__20260825.mp4
OBS-001524,长宁来福士,中国农业银行,中国农业银行,银行,,,1F,new_store,False,new_store,ocr_missing,parsed,metadata_anchor,0.9994,0.9998,55,13536,231.287,银行 | 1F | 新店,中国农业银行 | 银行 | 1F | 新店,ocr/input_videos\上海__长宁来福士__20260825.mp4
OBS-001525,长宁来福士,adidasKids儿童,adidasKids儿童,亲子购物,,,商场内,unrated,False,explicitly_unrated,unrated,parsed,unrated_anchor,0.9986,0.9975,52,13536,231.287,商场内 | 暂无星级 | 🌟🌟🌟🌟🌟 | 亲子购物,adidasKids儿童 | AL KIDS | 商场内 | 暂无星级 | 🌟🌟🌟🌟🌟 | 亲子购物,ocr/input_videos\上海__长宁来福士__20260825.mp4
OBS-001526,长宁来福士,六福珠宝,六福珠宝,黄金首饰,,,2F,unrated,False,explicitly_unrated,unrated,parsed,unrated_anchor,0.9992,0.9996,62,13536,231.287,★★★★★ | 黄金首饰 | 2F | 暂无星级,六福珠宝 | ★★★★★ | 黄金首饰 | 2F | 暂无星级,ocr/input_videos\上海__长宁来福士__20260825.mp4
OBS-001527,长宁来福士,msixsalon,msixsalon,美发,,355,3F,unrated,False,explicitly_unrated,unrated,parsed,unrated_anchor,0.9714,0.9995,55,13596,232.312,美发￥355/人 | 3F | 暂无星级 | ★★★★★,msixsalon | M SIX | 美发￥355/人 | 3F | 暂无星级 | ★★★★★,ocr/input_videos\上海__长宁来福士__20260825.mp4
OBS-001528,长宁来福士,中国农业银行,中国农业银行,银行,,,1F,new_store,False,new_store,ocr_missing,parsed,metadata_anchor,0.9995,0.9997,61,13596,232.312,银行 | 新店 | 1F,中国农业银行 | 银行 | 新店 | 1F,ocr/input_videos\上海__长宁来福士__20260825.mp4
OBS-001529,长宁来福士,adidasKids儿童,adidasKids儿童,亲子购物,,,商场内,unrated,False,explicitly_unrated,unrated,parsed,unrated_anchor,0.9985,0.9973,57,13596,232.312,商场内 | 暂无星级 | 亲子购物 | ★★★★★,adidasKids儿童 | KIDS | 商场内 | 暂无星级 | 亲子购物 | ★★★★★,ocr/input_videos\上海__长宁来福士__20260825.mp4
OBS-001530,长宁来福士,六福珠宝,六福珠宝,黄金首饰,,,2F,unrated,False,explicitly_unrated,unrated,parsed,unrated_anchor,0.9995,0.9997,63,13596,232.312,暂无星级 | 黄金首饰 | ★★★★★ | 2F,六福珠宝 | 暂无星级 | 黄金首饰 | ★★★★★ | 2F,ocr/input_videos\上海__长宁来福士__20260825.mp4
OBS-001531,长宁来福士,麒麟泰拳,麒麟泰拳,武术拳类培训,,,3F,unrated,False,explicitly_unrated,unrated,parsed,unrated_anchor,0.999,0.9998,57,13596,232.312,暂无星级 | 3F | 武术拳类培训 | ★🌟★★★,麒麟泰拳 | 暂无星级 | 3F | 武术拳类培训 | ★🌟★★★,ocr/input_videos\上海__长宁来福士__20260825.mp4
OBS-001532,长宁来福士,NEC信息系统（中国）有限公司上..,NEC信息系统(中国)有限公司上,证券投资,,,,unrated,False,explicitly_unrated,unrated,parsed,unrated_anchor,0.9731,0.9465,60,13596,232.312,暂无星级 | 证券投资 | ★★★★★,NEC信息系统（中国）有限公司上.. | 暂无星级 | 证券投资 | ★★★★★,ocr/input_videos\上海__长宁来福士__20260825.mp4
OBS-001533,长宁来福士,adidasKids儿童,adidasKids儿童,亲子购物,,,商场内,unrated,False,explicitly_unrated,unrated,parsed,unrated_anchor,0.9996,0.9993,61,13620,232.722,商场内 | 暂无星级 | 亲子购物 | ★★★★★,adidasKids儿童 | KIDS | 商场内 | 暂无星级 | 亲子购物 | ★★★★★,ocr/input_videos\上海__长宁来福士__20260825.mp4
OBS-001534,长宁来福士,六福珠宝,六福珠宝,黄金首饰,,,2F,unrated,False,explicitly_unrated,unrated,parsed,unrated_anchor,0.9992,0.9996,62,13620,232.722,2F | ★★★★★ | 黄金首饰 | 暂无星级,六福珠宝 | 2F | ★★★★★ | 黄金首饰 | 暂无星级,ocr/input_videos\上海__长宁来福士__20260825.mp4
OBS-001535,长宁来福士,麒麟泰拳,麒麟泰拳,武术拳类培训,,,3F,unrated,False,explicitly_unrated,unrated,parsed,unrated_anchor,0.9996,0.9998,59,13620,232.722,★★★★★ | 3F | 暂无星级 | 武术拳类培训,麒麟泰拳 | ★★★★★ | 3F | 暂无星级 | 武术拳类培训,ocr/input_videos\上海__长宁来福士__20260825.mp4
OBS-001536,长宁来福士,NEC信息系统(中国),NEC信息系统(中国),证券投资,,,,unrated,False,explicitly_unrated,unrated,parsed,unrated_anchor,0.9799,0.96,55,13620,232.722,证券投资 | ⭐🌟🌟🌟🌟 | 暂无星级,有限公司上... | NEC信息系统(中国) | 证券投资 | ⭐🌟🌟🌟🌟 | 暂无星级 | 生活服务,ocr/input_videos\上海__长宁来福士__20260825.mp4
OBS-001537,长宁来福士,逸安启超级充电站,逸安启超级充电站,充电站/桩,,,B2,unrated,False,explicitly_unrated,unrated,parsed,unrated_anchor,0.9932,0.9994,54,13620,232.722,暂无星级 | B2 | 充电站/桩 | 🌟🌟🌟🌟🌟,逸安启超级充电站 | 暂无星级 | B2 | 充电站/桩 | 🌟🌟🌟🌟🌟 | 养车/用车,ocr/input_videos\上海__长宁来福士__20260825.mp4
OBS-001538,长宁来福士,德真会齿科,德真会齿科,口腔医疗机构,,,,unrated,False,explicitly_unrated,unrated,parsed,unrated_anchor,0.9901,0.9987,56,13620,232.722,暂无星级 | 口腔医疗机构 | ★★★★★,德真会齿科 | 暂无星级 | 口腔医疗机构 | ★★★★★,ocr/input_videos\上海__长宁来福士__20260825.mp4
OBS-001539,长宁来福士,adidasKids儿童,adidasKids儿童,亲子购物,,,商场内,unrated,False,explicitly_unrated,unrated,parsed,unrated_anchor,0.9993,0.9988,51,13632,232.927,商场内 | ★🌟🌟🌟 | 暂无星级 | 亲子购物,adidasKids儿童 | A KIBS | 商场内 | ★🌟🌟🌟 | 暂无星级 | 亲子购物,ocr/input_videos\上海__长宁来福士__20260825.mp4
OBS-001540,长宁来福士,六福珠宝,六福珠宝,黄金首饰,,,2F,unrated,False,explicitly_unrated,unrated,parsed,unrated_anchor,0.9995,0.9996,56,13632,232.927,黄金首饰 | 2F | ★★★★★ | 暂无星级,六福珠宝 | 黄金首饰 | 2F | ★★★★★ | 暂无星级,ocr/input_videos\上海__长宁来福士__20260825.mp4
OBS-001541,长宁来福士,麒麟泰拳,麒麟泰拳,武术拳类培训,,,3F,unrated,False,explicitly_unrated,unrated,parsed,unrated_anchor,0.9996,0.9997,57,13632,232.927,武术拳类培训 | 🌟🌟🌟🌟 | 3F | 暂无星级,麒麟泰拳 | 武术拳类培训 | 🌟🌟🌟🌟 | 3F | 暂无星级,ocr/input_videos\上海__长宁来福士__20260825.mp4
OBS-001542,长宁来福士,NEC信息系统(中国),NEC信息系统(中国),证券投资,,,,unrated,False,explicitly_unrated,unrated,parsed,unrated_anchor,0.9823,0.9649,55,13632,232.927,★★★★★ | 暂无星级 | 证券投资,有限公司上.... | NEC信息系统(中国) | ★★★★★ | 暂无星级 | 证券投资 | 生活服务,ocr/input_videos\上海__长宁来福士__20260825.mp4
OBS-001543,长宁来福士,逸安启超级充电站,逸安启超级充电站,充电站/桩,,,B2,unrated,False,explicitly_unrated,unrated,parsed,unrated_anchor,0.9928,0.9986,54,13632,232.927,充电站/桩 | B2 | 暂无星级 | ★★★★★,逸安启超级充电站 | 充电站/桩 | B2 | 暂无星级 | ★★★★★ | 养车/用车,ocr/input_videos\上海__长宁来福士__20260825.mp4
OBS-001544,长宁来福士,德真会齿科,德真会齿科,口腔医疗机构,,,,unrated,False,explicitly_unrated,unrated,parsed,unrated_anchor,0.9911,0.9981,56,13632,232.927,🌟🌟🌟🌟🌟 | 暂无星级 | 口腔医疗机构,德真会齿科 | 🌟🌟🌟🌟🌟 | 暂无星级 | 口腔医疗机构,ocr/input_videos\上海__长宁来福士__20260825.mp4
OBS-001545,长宁来福士,麒麟泰拳,麒麟泰拳,武术拳类培训,,,3F,unrated,False,explicitly_unrated,unrated,parsed,unrated_anchor,0.9996,0.9998,57,13704,234.157,3F | ★★★★★ | 暂无星级 | 武术拳类培训,麒麟泰拳 | 3F | ★★★★★ | 暂无星级 | 武术拳类培训,ocr/input_videos\上海__长宁来福士__20260825.mp4
OBS-001546,长宁来福士,NEC信息系统（中国),NEC信息系统(中国),证券投资,,,,unrated,False,explicitly_unrated,unrated,parsed,unrated_anchor,0.9623,0.9249,56,13704,234.157,🌟🌟💥★ | 暂无星级 | 证券投资,NEC信息系统（中国) | 有限公司上.... | 🌟🌟💥★ | 暂无星级 | 证券投资 | 生活服务,ocr/input_videos\上海__长宁来福士__20260825.mp4
OBS-001547,长宁来福士,逸安启超级充电站,逸安启超级充电站,充电站/桩,,,B2,unrated,False,explicitly_unrated,unrated,parsed,unrated_anchor,0.9909,0.9985,54,13704,234.157,暂无星级 | 充电站/桩 | B2 | ★★★★★,逸安启超级充电站 | 暂无星级 | 充电站/桩 | B2 | ★★★★★ | 养车/用车,ocr/input_videos\上海__长宁来福士__20260825.mp4
OBS-001548,长宁来福士,德真会齿科,德真会齿科,口腔医疗机构,,,,unrated,False,explicitly_unrated,unrated,parsed,unrated_anchor,0.992,0.9983,56,13704,234.157,暂无星级 | ★★★★★ | 口腔医疗机构,德真会齿科 | 暂无星级 | ★★★★★ | 口腔医疗机构,ocr/input_videos\上海__长宁来福士__20260825.mp4
OBS-001549,长宁来福士,特来电汽车充电站,特来电汽车充电站,充电站/桩,,34,,unrated,False,explicitly_unrated,unrated,parsed,unrated_anchor,0.9703,0.9994,54,13704,234.157,★★★★★ | 暂无星级 | 充电站/桩￥34/人,特来电汽车充电站 | TELD | 特来电 | ★★★★★ | 暂无星级 | 充电站/桩￥34/人 | ￥28.5￥30特来电30充电券(抵扣电费. | 惠,ocr/input_videos\上海__长宁来福士__20260825.mp4
OBS-001550,长宁来福士,优复拉伸UPFit(长宁来福士店),优复拉伸UPFit(长宁来福士店),体育场馆,,,商场内,unrated,False,explicitly_unrated,unrated,parsed,unrated_anchor,0.9938,0.9881,57,13704,234.157,商场内 | ★★★★★ | 暂无星级 | 体育场馆,优复拉伸UPFit(长宁来福士店) | 商场内 | ★★★★★ | 暂无星级 | 体育场馆,ocr/input_videos\上海__长宁来福士__20260825.mp4
OBS-001551,长宁来福士,NEC信息系统（中国),NEC信息系统(中国),证券投资,,,,unrated,False,explicitly_unrated,unrated,parsed,unrated_anchor,0.9586,0.9175,56,13740,234.772,★★★★★ | 暂无星级 | 证券投资,NEC信息系统（中国) | 有限公司上.... | ★★★★★ | 暂无星级 | 证券投资 | 生活服务,ocr/input_videos\上海__长宁来福士__20260825.mp4
OBS-001552,长宁来福士,逸安启超级充电站,逸安启超级充电站,充电站/桩,,,B2,unrated,False,explicitly_unrated,unrated,parsed,unrated_anchor,0.9925,0.9982,54,13740,234.772,充电站/桩 | B2 | 暂无星级 | ★★★★★,逸安启超级充电站 | 充电站/桩 | B2 | 暂无星级 | ★★★★★ | 养车/用车,ocr/input_videos\上海__长宁来福士__20260825.mp4
OBS-001553,长宁来福士,德真会齿科,德真会齿科,口腔医疗机构,,,,unrated,False,explicitly_unrated,unrated,parsed,unrated_anchor,0.9862,0.9978,56,13740,234.772,⭐🌟🌟🌟 | 暂无星级 | 口腔医疗机构,德真会齿科 | ⭐🌟🌟🌟 | 暂无星级 | 口腔医疗机构,ocr/input_videos\上海__长宁来福士__20260825.mp4
OBS-001554,长宁来福士,特来电汽车充电站,特来电汽车充电站,充电站/桩,,34,,unrated,False,explicitly_unrated,unrated,parsed,unrated_anchor,0.9684,0.9995,54,13740,234.772,暂无星级 | ★★★★★ | 充电站/桩￥34/人,特来电汽车充电站 | TELD | 特来电 | 暂无星级 | ★★★★★ | 充电站/桩￥34/人 | ￥28.5￥30特来电30充电券(抵扣电费... | 惠,ocr/input_videos\上海__长宁来福士__20260825.mp4
OBS-001555,长宁来福士,优复拉伸UPFit(长宁来福士店),优复拉伸UPFit(长宁来福士店),体育场馆,,,商场内,unrated,False,explicitly_unrated,unrated,parsed,unrated_anchor,0.9964,0.9931,57,13740,234.772,商场内 | 暂无星级 | ★★★★★ | 体育场馆,优复拉伸UPFit(长宁来福士店) | 经优复拉伸 | 商场内 | 暂无星级 | ★★★★★ | 体育场馆,ocr/input_videos\上海__长宁来福士__20260825.mp4
OBS-001556,长宁来福士,NEC信息系统（中国),NEC信息系统(中国),证券投资,,,,unrated,False,explicitly_unrated,unrated,parsed,unrated_anchor,0.9594,0.9191,56,13764,235.183,★★★★★ | 暂无星级 | 证券投资,NEC信息系统（中国) | 有限公司上.... | ★★★★★ | 暂无星级 | 证券投资 | 生活服务,ocr/input_videos\上海__长宁来福士__20260825.mp4
OBS-001557,长宁来福士,逸安启超级充电站,逸安启超级充电站,充电站/桩,,,B2,unrated,False,explicitly_unrated,unrated,parsed,unrated_anchor,0.9909,0.9984,51,13764,235.183,B2 | 暂无星级 | ★★★★★ | 充电站/桩,逸安启超级充电站 | B2 | 暂无星级 | ★★★★★ | 充电站/桩 | 养车/用车,ocr/input_videos\上海__长宁来福士__20260825.mp4
OBS-001558,长宁来福士,德真会齿科,德真会齿科,口腔医疗机构,,,,unrated,False,explicitly_unrated,unrated,parsed,unrated_anchor,0.9915,0.9983,55,13764,235.183,⭐🌟💥🌟🌟 | 暂无星级 | 口腔医疗机构,德真会齿科 | ⭐🌟💥🌟🌟 | 暂无星级 | 口腔医疗机构,ocr/input_videos\上海__长宁来福士__20260825.mp4
OBS-001559,长宁来福士,特来电汽车充电站,特来电汽车充电站,充电站/桩,,34,,unrated,False,explicitly_unrated,unrated,parsed,unrated_anchor,0.964,0.9993,51,13764,235.183,★★★★★ | 暂无星级 | 充电站/桩￥34/人,特来电汽车充电站 | TELD | 特来电 | ★★★★★ | 暂无星级 | 充电站/桩￥34/人 | ￥28.5￥30特来电30充电券(抵扣电费. | 惠,ocr/input_videos\上海__长宁来福士__20260825.mp4
OBS-001560,长宁来福士,优复拉伸UPFit(长宁来福士店),优复拉伸UPFit(长宁来福士店),体育场馆,,,商场内,unrated,False,explicitly_unrated,unrated,parsed,unrated_anchor,0.9836,0.9674,54,13764,235.183,商场内 | 暂无星级 | ★★★★★ | 体育场馆,优复拉伸UPFit(长宁来福士店) | 优复拉伸 | 商场内 | 暂无星级 | ★★★★★ | 体育场馆 | 普天新能源汽车充电站(长宁来福士),ocr/input_videos\上海__长宁来福士__20260825.mp4
OBS-001561,长宁来福士,NEC信息系统(中国),NEC信息系统(中国),证券投资,,,,unrated,False,explicitly_unrated,unrated,parsed,unrated_anchor,0.9596,0.9193,54,13788,235.593,⭐🌟★★ | 暂无星级 | 证券投资,有限公司上... | NEC信息系统(中国) | ⭐🌟★★ | 暂无星级 | 证券投资 | 生活服务,ocr/input_videos\上海__长宁来福士__20260825.mp4
OBS-001562,长宁来福士,逸安启超级充电站,逸安启超级充电站,充电站/桩,,,B2,unrated,False,explicitly_unrated,unrated,parsed,unrated_anchor,0.9883,0.9985,51,13788,235.593,B2 | ★★★ | 充电站/桩 | 暂无星级,逸安启超级充电站 | B2 | ★★★ | 充电站/桩 | 暂无星级 | 养车/用车,ocr/input_videos\上海__长宁来福士__20260825.mp4
OBS-001563,长宁来福士,德真会齿科,德真会齿科,口腔医疗机构,,,,unrated,False,explicitly_unrated,unrated,parsed,unrated_anchor,0.9841,0.9986,55,13788,235.593,★★★★★ | 暂无星级 | 口腔医疗机构,德真会齿科 | ★★★★★ | 暂无星级 | 口腔医疗机构,ocr/input_videos\上海__长宁来福士__20260825.mp4
OBS-001564,长宁来福士,特来电汽车充电站,特来电汽车充电站,充电站/桩,,34,,unrated,False,explicitly_unrated,unrated,parsed,unrated_anchor,0.9624,0.9973,54,13788,235.593,★★★★★ | 暂无星级 | 充电站/桩￥34/人,特来电汽车充电站 | TELD | 特来电 | ★★★★★ | 暂无星级 | 充电站/桩￥34/人 | ￥28.5￥30特来电30充电券(抵扣电费.. | 惠,ocr/input_videos\上海__长宁来福士__20260825.mp4
OBS-001565,长宁来福士,优复拉伸UPFit(长宁来福士店),优复拉伸UPFit(长宁来福士店),体育场馆,,,商场内,unrated,False,explicitly_unrated,unrated,parsed,unrated_anchor,0.9917,0.984,53,13788,235.593,商场内 | ★★★★★ | 暂无星级 | 体育场馆,优复拉伸UPFit(长宁来福士店) | 优复拉伸 | 商场内 | ★★★★★ | 暂无星级 | 体育场馆,ocr/input_videos\上海__长宁来福士__20260825.mp4
OBS-001566,长宁来福士,普天新能源汽车充电站(长宁来福士),普天新能源汽车充电站(长宁来福士),充电站/桩,,,B2,unrated,False,explicitly_unrated,unrated,parsed,unrated_anchor,0.9851,0.9903,54,13788,235.593,B2 | ★★★★★ | 暂无星级 | 充电站/桩,普天新能源汽车充电站(长宁来福士) | B2 | ★★★★★ | 暂无星级 | 充电站/桩 | 养车/用车,ocr/input_videos\上海__长宁来福士__20260825.mp4
OBS-001567,长宁来福士,优复拉伸UPFit(长宁来福士店),优复拉伸UPFit(长宁来福士店),体育场馆,,,商场内,unrated,False,explicitly_unrated,unrated,parsed,unrated_anchor,0.9771,0.9547,54,13824,236.208,商场内 | 体育场馆 | ★★★★★ | 暂无星级,优复拉伸UPFit(长宁来福士店) | 优复拉伸 | 商场内 | 体育场馆 | ★★★★★ | 暂无星级,ocr/input_videos\上海__长宁来福士__20260825.mp4
OBS-001568,长宁来福士,普天新能源汽车充电站(长宁来福士),普天新能源汽车充电站(长宁来福士),充电站/桩,,,B2,unrated,False,explicitly_unrated,unrated,parsed,unrated_anchor,0.982,0.9843,57,13824,236.208,★★★★★ | B2 | 暂无星级 | 充电站/桩,普天新能源汽车充电站(长宁来福士) | ★★★★★ | B2 | 暂无星级 | 充电站/桩 | 养车/用车,ocr/input_videos\上海__长宁来福士__20260825.mp4
OBS-001569,长宁来福士,昆仑网电汽车充电站（中国石油长...,昆仑网电汽车充电站(中国石油长,充电站/桩,,,B2,unrated,False,explicitly_unrated,unrated,parsed,unrated_anchor,0.949,0.9195,51,13824,236.208,B2 | 🌟⭐⭐🌟 | 暂无星级 | 充电站/桩,昆仑网电汽车充电站（中国石油长... | B2 | 🌟⭐⭐🌟 | 暂无星级 | 充电站/桩 | 养车/用车,ocr/input_videos\上海__长宁来福士__20260825.mp4
OBS-001570,长宁来福士,来福士广场-座椅,来福士广场-座椅,,,,1F,unrated,False,explicitly_unrated,unrated,missing,unrated_anchor,0.9584,0.9584,54,13824,236.208,生活服务 | 1F | ★★★★★ | 暂无星级,来福士广场-座椅 | 生活服务 | 1F | ★★★★★ | 暂无星级 | 生活服务,ocr/input_videos\上海__长宁来福士__20260825.mp4
OBS-001571,长宁来福士,百莲凯,百莲凯,美容/SPA,,,商场内,unrated,False,explicitly_unrated,unrated,parsed,unrated_anchor,0.9985,0.9991,58,13824,236.208,商场内 | 美容/SPA | ★⭐★★🌟 | 暂无星级,百莲凯 | 商场内 | 美容/SPA | ★⭐★★🌟 | 暂无星级,ocr/input_videos\上海__长宁来福士__20260825.mp4
OBS-001572,长宁来福士,PEARLY,PEARLY,运动户外,,,商场内,unrated,False,explicitly_unrated,unrated,parsed,unrated_anchor,0.9969,0.9945,42,13824,236.208,商场内 | ★★★★★ | 暂无星级 | 运动户外,GATES室内模拟高尔夫... | PEARLY | 商场内 | ★★★★★ | 暂无星级 | 运动户外,ocr/input_videos\上海__长宁来福士__20260825.mp4
OBS-001573,长宁来福士,优复拉伸UPFit(长宁来福士店),优复拉伸UPFit(长宁来福士店),体育场馆,,,商场内,unrated,False,explicitly_unrated,unrated,parsed,unrated_anchor,0.9808,0.9617,51,13836,236.413,★★★★★ | 商场内 | 暂无星级 | 体育场馆,优复拉伸UPFit(长宁来福士店) | 优复拉伸 | ★★★★★ | 商场内 | 暂无星级 | 体育场馆,ocr/input_videos\上海__长宁来福士__20260825.mp4
OBS-001574,长宁来福士,普天新能源汽车充电站(长宁来福士),普天新能源汽车充电站(长宁来福士),充电站/桩,,,B2,unrated,False,explicitly_unrated,unrated,parsed,unrated_anchor,0.9853,0.9903,53,13836,236.413,★★★★★ | B2 | 暂无星级 | 充电站/桩,普天新能源汽车充电站(长宁来福士) | ★★★★★ | B2 | 暂无星级 | 充电站/桩 | 养车/用车,ocr/input_videos\上海__长宁来福士__20260825.mp4
OBS-001575,长宁来福士,昆仑网电汽车充电站(中国石油长...,昆仑网电汽车充电站(中国石油长,充电站/桩,,,B2,unrated,False,explicitly_unrated,unrated,parsed,unrated_anchor,0.9673,0.9466,50,13836,236.413,B2 | ★🌟🎉🌟🌟 | 暂无星级 | 充电站/桩,昆仑网电汽车充电站(中国石油长... | B2 | ★🌟🎉🌟🌟 | 暂无星级 | 充电站/桩 | 养车/用车,ocr/input_videos\上海__长宁来福士__20260825.mp4
OBS-001576,长宁来福士,来福士广场-座椅,来福士广场-座椅,,,,1F,unrated,False,explicitly_unrated,unrated,missing,unrated_anchor,0.9776,0.9776,50,13836,236.413,1F | 暂无星级 | ★★★★★ | 生活服务,来福士广场-座椅 | 1F | 暂无星级 | ★★★★★ | 生活服务 | 生活服务,ocr/input_videos\上海__长宁来福士__20260825.mp4
OBS-001577,长宁来福士,百莲凯,百莲凯,美容/SPA,,,商场内,unrated,False,explicitly_unrated,unrated,parsed,unrated_anchor,0.9983,0.9993,54,13836,236.413,★★★★★ | 商场内 | 暂无星级 | 美容/SPA,百莲凯 | ★★★★★ | 商场内 | 暂无星级 | 美容/SPA,ocr/input_videos\上海__长宁来福士__20260825.mp4
OBS-001578,长宁来福士,PEARLY GATES室内模拟高尔夫...,PEARLYGATES室内模拟高尔夫,运动户外,,,商场内,unrated,False,explicitly_unrated,unrated,parsed,unrated_anchor,0.9507,0.902,50,13836,236.413,商场内 | 暂无星级 | 运动户外 | ★★★★★,PEARLY GATES室内模拟高尔夫... | 商场内 | 暂无星级 | 运动户外 | ★★★★★ | SRAM,ocr/input_videos\上海__长宁来福士__20260825.mp4
OBS-001579,长宁来福士,优复拉伸UPFit(长宁来福士店),优复拉伸UPFit(长宁来福士店),体育场馆,,,商场内,unrated,False,explicitly_unrated,unrated,parsed,unrated_anchor,0.9845,0.9695,53,13884,237.233,商场内 | 体育场馆 | 🌟🌟🌟🌟🌟 | 暂无星级,优复拉伸UPFit(长宁来福士店) | 迎优复拉伸 | 商场内 | 体育场馆 | 🌟🌟🌟🌟🌟 | 暂无星级,ocr/input_videos\上海__长宁来福士__20260825.mp4
OBS-001580,长宁来福士,普天新能源汽车充电站(长宁来福士),普天新能源汽车充电站(长宁来福士),充电站/桩,,,B2,unrated,False,explicitly_unrated,unrated,parsed,unrated_anchor,0.9855,0.99,55,13884,237.233,★★★★★ | 充电站/桩 | 暂无星级 | B2,普天新能源汽车充电站(长宁来福士) | ★★★★★ | 充电站/桩 | 暂无星级 | B2 | 养车/用车,ocr/input_videos\上海__长宁来福士__20260825.mp4
OBS-001581,长宁来福士,昆仑网电汽车充电站(中国石油长...,昆仑网电汽车充电站(中国石油长,充电站/桩,,,B2,unrated,False,explicitly_unrated,unrated,parsed,unrated_anchor,0.966,0.9467,50,13884,237.233,B2 | ★★★★★ | 暂无星级 | 充电站/桩,昆仑网电汽车充电站(中国石油长... | B2 | ★★★★★ | 暂无星级 | 充电站/桩 | 养车/用车,ocr/input_videos\上海__长宁来福士__20260825.mp4
OBS-001582,长宁来福士,来福士广场-座椅,来福士广场-座椅,,,,1F,unrated,False,explicitly_unrated,unrated,missing,unrated_anchor,0.9602,0.9602,51,13884,237.233,生活服务 | 暂无星级 | 1F | ★★★★★,来福士广场-座椅 | 生活服务 | 暂无星级 | 1F | ★★★★★ | 生活服务,ocr/input_videos\上海__长宁来福士__20260825.mp4
OBS-001583,长宁来福士,百莲凯,百莲凯,美容/SPA,,,商场内,unrated,False,explicitly_unrated,unrated,parsed,unrated_anchor,0.9986,0.9993,55,13884,237.233,商场内 | ★★★★★ | 暂无星级 | 美容/SPA,百莲凯 | 商场内 | ★★★★★ | 暂无星级 | 美容/SPA,ocr/input_videos\上海__长宁来福士__20260825.mp4
OBS-001584,长宁来福士,PEARLY,PEARLY,运动户外,,,商场内,unrated,False,explicitly_unrated,unrated,parsed,unrated_anchor,0.9973,0.9952,42,13884,237.233,商场内 | 🌟🌟🌟🌟🌟 | 暂无星级 | 运动户外,GATES室内模拟高尔夫... | PEARLY | 商场内 | 🌟🌟🌟🌟🌟 | 暂无星级 | 运动户外 | BRALLY | GATES,ocr/input_videos\上海__长宁来福士__20260825.mp4
OBS-001585,长宁来福士,优复拉伸UPFit(长宁来福士店),优复拉伸UPFit(长宁来福士店),体育场馆,,,商场内,unrated,False,explicitly_unrated,unrated,parsed,unrated_anchor,0.9953,0.9911,56,13896,237.438,商场内 | ⭐🌟🌟⭐🌟 | 暂无星级 | 体育场馆,优复拉伸UPFit(长宁来福士店) | 优复拉伸 | 商场内 | ⭐🌟🌟⭐🌟 | 暂无星级 | 体育场馆,ocr/input_videos\上海__长宁来福士__20260825.mp4
OBS-001586,长宁来福士,普天新能源汽车充电站(长宁来福士),普天新能源汽车充电站(长宁来福士),充电站/桩,,,B2,unrated,False,explicitly_unrated,unrated,parsed,unrated_anchor,0.9866,0.9908,51,13896,237.438,B2 | 暂无星级 | ★★★★★ | 充电站/桩,普天新能源汽车充电站(长宁来福士) | B2 | 暂无星级 | ★★★★★ | 充电站/桩 | 养车/用车,ocr/input_videos\上海__长宁来福士__20260825.mp4
OBS-001587,长宁来福士,昆仑网电汽车充电站（中国石油长...,昆仑网电汽车充电站(中国石油长,充电站/桩,,,B2,unrated,False,explicitly_unrated,unrated,parsed,unrated_anchor,0.9509,0.9174,51,13896,237.438,★★★★★ | B2 | 暂无星级 | 充电站/桩,昆仑网电汽车充电站（中国石油长... | ★★★★★ | B2 | 暂无星级 | 充电站/桩 | 养车/用车,ocr/input_videos\上海__长宁来福士__20260825.mp4
OBS-001588,长宁来福士,来福士广场-座椅,来福士广场-座椅,,,,1F,unrated,False,explicitly_unrated,unrated,missing,unrated_anchor,0.9139,0.9139,52,13896,237.438,★★★★★ | 1F | 暂无星级 | 生活服务,来福士广场-座椅 | ★★★★★ | 1F | 暂无星级 | 生活服务 | 生活服务,ocr/input_videos\上海__长宁来福士__20260825.mp4
OBS-001589,长宁来福士,百莲凯,百莲凯,美容/SPA,,,商场内,unrated,False,explicitly_unrated,unrated,parsed,unrated_anchor,0.9979,0.9991,58,13896,237.438,商场内 | ★★★★★ | 美容/SPA | 暂无星级,百莲凯 | 商场内 | ★★★★★ | 美容/SPA | 暂无星级,ocr/input_videos\上海__长宁来福士__20260825.mp4
OBS-001590,长宁来福士,PEARLY GATES室内模拟高尔夫...,PEARLYGATES室内模拟高尔夫,运动户外,,,商场内,unrated,False,explicitly_unrated,unrated,parsed,unrated_anchor,0.9553,0.9117,53,13896,237.438,商场内 | ★★ | 暂无星级 | 运动户外,PEARLY GATES室内模拟高尔夫... | 商场内 | ★★ | 暂无星级 | 运动户外 | EARLY | CATES | 水星STARZ HOME,ocr/input_videos\上海__长宁来福士__20260825.mp4
OBS-001591,长宁来福士,百莲凯,百莲凯,美容/SPA,,,商场内,unrated,False,explicitly_unrated,unrated,parsed,unrated_anchor,0.997,0.9959,55,13944,238.258,商场内 | 暂无星级 | ★★★★★ | 美容/SPA,百莲凯 | 商场内 | 暂无星级 | ★★★★★ | 美容/SPA,ocr/input_videos\上海__长宁来福士__20260825.mp4
OBS-001592,长宁来福士,PEARLY GATES室内模拟高尔夫..,PEARLYGATES室内模拟高尔夫,运动户外,,,商场内,unrated,False,explicitly_unrated,unrated,parsed,unrated_anchor,0.9565,0.9136,60,13944,238.258,商场内 | 运动户外 | 暂无星级 | ★★★★,PEARLY GATES室内模拟高尔夫.. | 商场内 | 运动户外 | 暂无星级 | ★★★★ | BAEY,ocr/input_videos\上海__长宁来福士__20260825.mp4
OBS-001593,长宁来福士,水星STARZ HOME,水星STARZHOME,建材,,,4F,unrated,False,explicitly_unrated,unrated,parsed,unrated_anchor,0.9892,0.9786,54,13944,238.258,建材 | 暂无星级 | 4F | ⭐🌟🌟🌟,水星STARZ HOME | 建材 | 暂无星级 | 4F | ⭐🌟🌟🌟,ocr/input_videos\上海__长宁来福士__20260825.mp4
OBS-001594,长宁来福士,TYR运动快闪店,TYR运动快闪店,健身房,,,4F,unrated,False,explicitly_unrated,unrated,parsed,unrated_anchor,0.9995,0.9992,52,13944,238.258,健身房 | 4F | ★★★★★ | 暂无星级,TYR运动快闪店 | 健身房 | 4F | ★★★★★ | 暂无星级 | TM,ocr/input_videos\上海__长宁来福士__20260825.mp4
OBS-001595,长宁来福士,万禾有机农场·团建研学定制·房车...,万禾有机农场·团建研学定制·房车,休闲园区,,,,unrated,False,explicitly_unrated,unrated,parsed,unrated_anchor,0.972,0.9472,56,13944,238.258,🌟🌟🌟🌟⭐ | 暂无星级 | 休闲园区,万禾有机农场·团建研学定制·房车... | 🌟🌟🌟🌟⭐ | 暂无星级 | 休闲园区 | 17:00休息 | ￥98￥224万禾有机农场门票【一大一. | 惠,ocr/input_videos\上海__长宁来福士__20260825.mp4
OBS-001596,长宁来福士,乐摩吧,乐摩吧,休,,17,商场内,unrated,False,explicitly_unrated,unrated,parsed,unrated_anchor,0.9955,1.0,62,13944,238.258,★★★★★ | ￥17/人商场内 | 暂无星级 | 休,乐摩吧 | （乐摩电号） | 承光乐 | 德具装 | ★★★★★ | ￥17/人商场内 | 暂无星级 | 休 | 乐摩吧 | LEMOBAR,ocr/input_videos\上海__长宁来福士__20260825.mp4
OBS-001597,长宁来福士,百莲凯,百莲凯,美容/SPA,,,商场内,unrated,False,explicitly_unrated,unrated,parsed,unrated_anchor,0.9986,0.9992,54,13968,238.668,★★★★★ | 商场内 | 暂无星级 | 美容/SPA,百莲凯 | ★★★★★ | 商场内 | 暂无星级 | 美容/SPA,ocr/input_videos\上海__长宁来福士__20260825.mp4
OBS-001598,长宁来福士,PEARLYGATES室内模拟尔夫..,PEARLYGATES室内模拟尔夫,运动户外,,,商场内,unrated,False,explicitly_unrated,unrated,parsed,unrated_anchor,0.9717,0.944,57,13968,238.668,商场内 | ★★★★★ | 暂无星级 | 运动户外,PEARLYGATES室内模拟尔夫.. | 商场内 | ★★★★★ | 暂无星级 | 运动户外 | BRAY,ocr/input_videos\上海__长宁来福士__20260825.mp4
OBS-001599,长宁来福士,水星STARZ HOME,水星STARZHOME,建材,,,4F,unrated,False,explicitly_unrated,unrated,parsed,unrated_anchor,0.985,0.9704,51,13968,238.668,建材 | 4F | ★★★★★ | 暂无星级,水星STARZ HOME | 星S1ARZ-HIO | 建材 | 4F | ★★★★★ | 暂无星级,ocr/input_videos\上海__长宁来福士__20260825.mp4
OBS-001600,长宁来福士,TYR运动快闪店,TYR运动快闪店,健身房,,,4F,unrated,False,explicitly_unrated,unrated,parsed,unrated_anchor,0.9995,0.9992,51,13968,238.668,健身房 | 4F | ★🌟🌟★ | 暂无星级,TYR运动快闪店 | 健身房 | 4F | ★🌟🌟★ | 暂无星级 | TM,ocr/input_videos\上海__长宁来福士__20260825.mp4
OBS-001601,长宁来福士,万禾有机农场·团建研学定制·房车...,万禾有机农场·团建研学定制·房车,休闲园区,,,,unrated,False,explicitly_unrated,unrated,parsed,unrated_anchor,0.9647,0.9335,60,13968,238.668,暂无星级 | ★★★★★ | 休闲园区,万禾有机农场·团建研学定制·房车... | 暂无星级 | ★★★★★ | 休闲园区 | 17:00休息 | ￥98￥224万禾有机农场门票【一大一. | 惠,ocr/input_videos\上海__长宁来福士__20260825.mp4
OBS-001602,长宁来福士,乐摩吧,乐摩吧,休...,,17,商场内,unrated,False,explicitly_unrated,unrated,parsed,unrated_anchor,0.8774,1.0,57,13968,238.668,★★★ | 休… | ￥17/人商场内 | 暂无星级,乐摩吧 | 不原电 | 原 | 具 | ★★★ | 休… | ￥17/人商场内 | 暂无星级 | 乐摩吧,ocr/input_videos\上海__长宁来福士__20260825.mp4
OBS-001603,长宁来福士,水星STARZ HOME,水星STARZHOME,建材,,,4F,unrated,False,explicitly_unrated,unrated,parsed,unrated_anchor,0.9851,0.9703,51,14028,239.693,建材 | 暂无星级 | 4F | ★★★★★,水星STARZ HOME | 建材 | 暂无星级 | 4F | ★★★★★,ocr/input_videos\上海__长宁来福士__20260825.mp4
OBS-001604,长宁来福士,TYR运动快闪店,TYR运动快闪店,健身房,,,4F,unrated,False,explicitly_unrated,unrated,parsed,unrated_anchor,0.9994,0.9989,52,14028,239.693,健身房 | 4F | 暂无星级 | 🌟🌟🌟,TYR运动快闪店 | 健身房 | 4F | 暂无星级 | 🌟🌟🌟 | TM,ocr/input_videos\上海__长宁来福士__20260825.mp4
OBS-001605,长宁来福士,万禾有机农场·团建研学定制·房车...,万禾有机农场·团建研学定制·房车,休闲园区,,,,unrated,False,explicitly_unrated,unrated,parsed,unrated_anchor,0.9714,0.948,59,14028,239.693,★★★★★ | 暂无星级 | 休闲园区,万禾有机农场·团建研学定制·房车... | ★★★★★ | 暂无星级 | 休闲园区 | 17:00休息 | ￥98￥224万禾有机农场门票【一大一 | 惠,ocr/input_videos\上海__长宁来福士__20260825.mp4
OBS-001606,长宁来福士,乐摩吧,乐摩吧,及休,,17,商场内,unrated,False,explicitly_unrated,unrated,parsed,unrated_anchor,0.9855,1.0,62,14028,239.693,及休 | ￥17/人商场内 | ★★★★★ | 暂无星级,乐摩吧 | 承开州质 | 乐摩电） | 武 | 及休 | ￥17/人商场内 | ★★★★★ | 暂无星级 | 乐摩吧 | LEMOBAR,ocr/input_videos\上海__长宁来福士__20260825.mp4
OBS-001607,长宁来福士,乐摩吧,乐摩吧,休闲按.,,17,5F,unrated,False,explicitly_unrated,unrated,parsed,unrated_anchor,0.9549,1.0,58,14028,239.693,★★★★★ | 暂无星级 | 休闲按. | ￥17/人5F,乐摩吧 | 乐事电器 | 家证量 | 信R售 | ★★★★★ | 暂无星级 | 休闲按. | ￥17/人5F | 乐摩吧 | LEMOBAR,ocr/input_videos\上海__长宁来福士__20260825.mp4
OBS-001608,长宁来福士,水星STARZ HOME,水星STARZHOME,建材,,,4F,unrated,False,explicitly_unrated,unrated,parsed,unrated_anchor,0.9857,0.9718,48,14088,240.719,建材 | ★★★★★ | 暂无星级 | 4F,水星STARZ HOME | 建材 | ★★★★★ | 暂无星级 | 4F,ocr/input_videos\上海__长宁来福士__20260825.mp4
OBS-001609,长宁来福士,TYR运动快闪店,TYR运动快闪店,健身房,,,4F,unrated,False,explicitly_unrated,unrated,parsed,unrated_anchor,0.9993,0.9988,51,14088,240.719,4F | 健身房 | 🌟🌟🌟🌟 | 暂无星级,TYR运动快闪店 | 4F | 健身房 | 🌟🌟🌟🌟 | 暂无星级 | TM,ocr/input_videos\上海__长宁来福士__20260825.mp4
OBS-001610,长宁来福士,万禾有机农场·团建研学定制·房车...,万禾有机农场·团建研学定制·房车,休闲园区,,,,unrated,False,explicitly_unrated,unrated,parsed,unrated_anchor,0.9757,0.9553,56,14088,240.719,★★★★★ | 暂无星级 | 休闲园区,万禾有机农场·团建研学定制·房车... | ★★★★★ | 暂无星级 | 休闲园区 | 17:00休息 | ￥98￥224万禾有机农场门票【一大一. | 惠,ocr/input_videos\上海__长宁来福士__20260825.mp4
OBS-001611,长宁来福士,乐摩吧,乐摩吧,休,,17,商场内,unrated,False,explicitly_unrated,unrated,parsed,unrated_anchor,0.9975,0.9999,59,14088,240.719,★★★★★ | 暂无星级 | 休 | ￥17/人商场内,乐摩吧 | 乐摩电） | 原质 | ★★★★★ | 暂无星级 | 休 | ￥17/人商场内 | 乐摩吧 | LEMOBAR,ocr/input_videos\上海__长宁来福士__20260825.mp4
OBS-001612,长宁来福士,乐摩吧,乐摩吧,休闲按.,,17,5F,unrated,False,explicitly_unrated,unrated,parsed,unrated_anchor,0.9506,1.0,58,14088,240.719,暂无星级 | 休闲按. | ★★★★★ | ￥17/人5F,乐摩吧 | 菜证 | 乐原电器 | 信R | 暂无星级 | 休闲按. | ★★★★★ | ￥17/人5F | 乐摩吧 | LEMOBAR | 乐摩吧 | （乐库吃司） | 信真红,ocr/input_videos\上海__长宁来福士__20260825.mp4
OBS-001613,长宁来福士,乐摩吧,乐摩吧,休.,,17,商场内,unrated,False,explicitly_unrated,unrated,parsed,unrated_anchor,0.9068,0.9999,58,14124,241.334,⭐🌟💥🌟🌟 | 休. | ￥17/人商场内 | 暂无星级,乐摩吧 | 承州源乐 | 乐摩电制 | 意真营 | ⭐🌟💥🌟🌟 | 休. | ￥17/人商场内 | 暂无星级 | 乐摩吧 | LEMOBAR,ocr/input_videos\上海__长宁来福士__20260825.mp4
OBS-001614,长宁来福士,乐摩吧,乐摩吧,休闲按,,17,5F,unrated,False,explicitly_unrated,unrated,parsed,unrated_anchor,0.9921,0.9999,58,14124,241.334,🌟🌟★★ | 暂无星级 | ￥17/人5F | 休闲按,乐摩吧 | 不承电） | 🌟🌟★★ | 暂无星级 | ￥17/人5F | 休闲按 | 乐摩吧 | LEMOBAR,ocr/input_videos\上海__长宁来福士__20260825.mp4
OBS-001615,长宁来福士,乐摩吧,乐摩吧,休闲按..,,17,2F,unrated,False,explicitly_unrated,unrated,parsed,unrated_anchor,0.9138,1.0,57,14124,241.334,★★★★★ | 休闲按.. | 暂无星级 | ￥17/人2F,乐摩吧 | （乐承吧器） | ★★★★★ | 休闲按.. | 暂无星级 | ￥17/人2F | 米 | 乐摩吧 | LEMOBAR,ocr/input_videos\上海__长宁来福士__20260825.mp4
OBS-001616,长宁来福士,乐摩吧,乐摩吧,休,,17,商场内,unrated,False,explicitly_unrated,unrated,parsed,unrated_anchor,0.9954,1.0,58,14124,241.334,★★★★★ | 暂无星级 | 休 | ￥17/人商场内,乐摩吧 | （乐屏电） | 原 | 值兴 | ★★★★★ | 暂无星级 | 休 | ￥17/人商场内 | 乐摩吧 | 米 | LEMOBAR,ocr/input_videos\上海__长宁来福士__20260825.mp4
OBS-001617,长宁来福士,乐摩吧,乐摩吧,智能按,,20,3F,unrated,False,explicitly_unrated,unrated,parsed,unrated_anchor,0.9966,1.0,54,14124,241.334,￥20/人3F | 暂无星级 | ★★★★★ | 智能按,乐摩吧 | 乐摩吧器） | 单 | R | ￥20/人3F | 暂无星级 | ★★★★★ | 智能按 | 乐摩吧 | LEMOBAR,ocr/input_videos\上海__长宁来福士__20260825.mp4
OBS-001618,长宁来福士,乐摩吧,乐摩吧,智...,,17,商场内,unrated,False,explicitly_unrated,unrated,parsed,unrated_anchor,0.8904,0.9999,57,14124,241.334,★🌟💥★🌟 | ￥17/人商场内 | 暂无星级 | 智…,乐摩吧 | （乐摩味粉） | 信灵光经 | ★🌟💥★🌟 | ￥17/人商场内 | 暂无星级 | 智… | 乐摩吧 | LEMOBAR,ocr/input_videos\上海__长宁来福士__20260825.mp4
OBS-001619,长宁来福士,乐摩吧,乐摩吧,休.,,17,商场内,unrated,False,explicitly_unrated,unrated,parsed,unrated_anchor,0.9429,1.0,58,14160,241.949,★★★★★ | ￥17/人商场内 | 暂无星级 | 休.,乐摩吧 | 乐摩吃） | 承明区座 | 活具2 | ★★★★★ | ￥17/人商场内 | 暂无星级 | 休. | 乐摩吧 | LEMOBAR,ocr/input_videos\上海__长宁来福士__20260825.mp4
OBS-001620,长宁来福士,乐摩吧,乐摩吧,休闲按,,17,5F,unrated,False,explicitly_unrated,unrated,parsed,unrated_anchor,0.9947,0.9999,58,14160,241.949,⭐🌟🌟🌟🌟 | 暂无星级 | 休闲按 | ￥17/人 | 5F,乐摩吧 | 乐库吃） | 信商民家 | ⭐🌟🌟🌟🌟 | 暂无星级 | 休闲按 | ￥17/人 | 5F | 乐摩吧 | LEMOBAR,ocr/input_videos\上海__长宁来福士__20260825.mp4
OBS-001621,长宁来福士,乐摩吧,乐摩吧,休闲按,,17,2F,unrated,False,explicitly_unrated,unrated,parsed,unrated_anchor,0.9958,1.0,58,14160,241.949,★★★★★ | 暂无星级 | 休闲按 | ￥17/人2F,乐摩吧 | 乐电器） | ★★★★★ | 暂无星级 | 休闲按 | ￥17/人2F | 乐摩吧 | 米 | LEMOBAR,ocr/input_videos\上海__长宁来福士__20260825.mp4
OBS-001622,长宁来福士,乐摩吧,乐摩吧,休..,,17,商场内,unrated,False,explicitly_unrated,unrated,parsed,unrated_anchor,0.8772,0.9999,61,14160,241.949,★★★★ | 暂无星级 | 商场内 | ￥17/人 | 休..,乐摩吧 | （乐摩电） | 京讯菜 | 德真费场 | ★★★★ | 暂无星级 | 商场内 | ￥17/人 | 休.. | 乐摩吧 | 米 | LEMOBAR,ocr/input_videos\上海__长宁来福士__20260825.mp4
OBS-001623,长宁来福士,乐摩吧,乐摩吧,智能按.,,20,3F,unrated,False,explicitly_unrated,unrated,parsed,unrated_anchor,0.9393,1.0,58,14160,241.949,智能按. | ★★★★★ | 暂无星级 | ￥20/人3F,乐摩吧 | 乐原电 | 质翼更元 | 智能按. | ★★★★★ | 暂无星级 | ￥20/人3F | 乐摩吧 | LEMOBAR,ocr/input_videos\上海__长宁来福士__20260825.mp4
OBS-001624,长宁来福士,乐摩吧,乐摩吧,智...,,17,商场内,unrated,False,explicitly_unrated,unrated,parsed,unrated_anchor,0.9408,1.0,55,14160,241.949,★★★★★ | ￥17/人商场内 | 暂无星级 | 智…,乐摩吧 | 承乳际康 | 乐摩电器 | 造具 | ★★★★★ | ￥17/人商场内 | 暂无星级 | 智… | 乐摩吧 | LEMOBAR,ocr/input_videos\上海__长宁来福士__20260825.mp4
OBS-001625,长宁来福士,乐摩吧,乐摩吧,休闲按...,,17,2F,unrated,False,explicitly_unrated,unrated,parsed,unrated_anchor,0.9473,0.9999,55,14208,242.769,🌟🌟⭐🌟🌟 | 暂无星级 | ￥17/人2F | 休闲按…,乐摩吧 | 乐痛电） | 调费 | 🌟🌟⭐🌟🌟 | 暂无星级 | ￥17/人2F | 休闲按… | 新摩吧 | LEMOBAR,ocr/input_videos\上海__长宁来福士__20260825.mp4
OBS-001626,长宁来福士,乐摩吧,乐摩吧,休.,,17,商场内,unrated,False,explicitly_unrated,unrated,parsed,unrated_anchor,0.8783,1.0,60,14208,242.769,⭐🌟🌟🌟🌟 | 暂无星级 | 休. | ￥17/人商场内,乐摩吧 | （乐摩吃） | 浩真营 | ⭐🌟🌟🌟🌟 | 暂无星级 | 休. | ￥17/人商场内 | 乐摩吧 | LEMOBAR,ocr/input_videos\上海__长宁来福士__20260825.mp4
OBS-001627,长宁来福士,乐摩吧,乐摩吧,智能按..,,20,3F,unrated,False,explicitly_unrated,unrated,parsed,unrated_anchor,0.9165,1.0,58,14208,242.769,🌟🌟🌟★★ | 暂无星级 | 智能按.. | ￥20/人 | 3F,乐摩吧 | （乐电司） | 别制 | 值翼卖物 | 🌟🌟🌟★★ | 暂无星级 | 智能按.. | ￥20/人 | 3F | 乐摩吧 | 米 | LEMOBAR,ocr/input_videos\上海__长宁来福士__20260825.mp4
OBS-001628,长宁来福士,乐摩吧,乐摩吧,智...,,17,商场内,unrated,False,explicitly_unrated,unrated,parsed,unrated_anchor,0.9224,1.0,55,14208,242.769,智… | ★★★★★ | 暂无星级 | ￥17/人商场内,乐摩吧 | 承司 | 乐原电） | 信民 | 智… | ★★★★★ | 暂无星级 | ￥17/人商场内 | 乐摩吧 | LEMOBAR,ocr/input_videos\上海__长宁来福士__20260825.mp4
OBS-001629,长宁来福士,乐摩吧,乐摩吧,智能按.,,20,2F,unrated,False,explicitly_unrated,unrated,parsed,unrated_anchor,0.9285,1.0,55,14208,242.769,暂无星级 | ￥20/人2F | ★★★★★ | 智能按.,乐摩吧 | （乐摩吃器） | 就国正编 | 意具售空 | 暂无星级 | ￥20/人2F | ★★★★★ | 智能按. | 乐摩吧 | LEMOBAR | 乐摩吧 | 体闲按 | 新天县级 | ￥17/ | 5C,ocr/input_videos\上海__长宁来福士__20260825.mp4
OBS-001630,长宁来福士,乐摩吧,乐摩吧,智...,,17,商场内,unrated,False,explicitly_unrated,unrated,parsed,unrated_anchor,0.9363,1.0,55,14232,243.179,暂无星级 | ★★★★★ | ￥17/人商场内 | 智…,乐摩吧 | 乐摩电） | 京州菜 | 浩具装 | 暂无星级 | ★★★★★ | ￥17/人商场内 | 智… | 乐摩吧 | LEMOBAR,ocr/input_videos\上海__长宁来福士__20260825.mp4
OBS-001631,长宁来福士,乐摩吧,乐摩吧,智能按.,,20,2F,unrated,False,explicitly_unrated,unrated,parsed,unrated_anchor,0.9239,0.9999,55,14232,243.179,⭐🌟🌟🌟 | 智能按. | 暂无星级 | ￥20/人2F,乐摩吧 | （乐南电制） | ⭐🌟🌟🌟 | 智能按. | 暂无星级 | ￥20/人2F | 乐摩吧 | LEMOBAR,ocr/input_videos\上海__长宁来福士__20260825.mp4
OBS-001632,长宁来福士,乐摩吧,乐摩吧,休闲按..,,17,5F,unrated,False,explicitly_unrated,unrated,parsed,unrated_anchor,0.934,1.0,59,14232,243.179,⭐🌟💥💥🌟 | 休闲按.. | 暂无星级 | ￥17/人 | 5F,乐摩吧 | （乐摩吃司） | ⭐🌟💥💥🌟 | 休闲按.. | 暂无星级 | ￥17/人 | 5F | 乐摩吧 | * | LEMOBAR,ocr/input_videos\上海__长宁来福士__20260825.mp4
OBS-001633,长宁来福士,存金通长宁来福士店,存金通长宁来福士店,金银首饰回收,,,,unrated,False,explicitly_unrated,unrated,parsed,unrated_anchor,0.9958,0.992,51,14232,243.179,★★★★ | 暂无星级 | 金银首饰回收,存金通长宁来福士店 | ★★★★ | 暂无星级 | 金银首饰回收 | 生活服务,ocr/input_videos\上海__长宁来福士__20260825.mp4
OBS-001634,长宁来福士,琪星闪耀,琪星闪耀,更多教育.....,,,商场内,unrated,False,explicitly_unrated,unrated,parsed,unrated_anchor,0.9122,0.9975,52,14232,243.179,商场内 | ★★★★★ | 暂无星级 | 更多教育…..,琪星闪耀 | 商场内 | ★★★★★ | 暂无星级 | 更多教育…..,ocr/input_videos\上海__长宁来福士__20260825.mp4
OBS-001635,长宁来福士,雷格斯,雷格斯,联合办公.,,,商场内,unrated,False,explicitly_unrated,unrated,parsed,unrated_anchor,0.9721,0.9999,60,14232,243.179,商场内 | ★★★★★ | 联合办公. | 暂无星级,雷格斯 | 商场内 | ★★★★★ | 联合办公. | 暂无星级,ocr/input_videos\上海__长宁来福士__20260825.mp4
OBS-001636,长宁来福士,乐摩吧,乐摩吧,智...,,17,商场内,unrated,False,explicitly_unrated,unrated,parsed,unrated_anchor,0.9062,1.0,55,14244,243.384,★🌟★★★ | 暂无星级 | ￥17/人商场内 | 智…,乐摩吧 | 原电 | 热营要 | ★🌟★★★ | 暂无星级 | ￥17/人商场内 | 智… | 乐摩吧 | 米 | LEMOBAR,ocr/input_videos\上海__长宁来福士__20260825.mp4
OBS-001637,长宁来福士,乐摩吧,乐摩吧,智能按..,,20,2F,unrated,False,explicitly_unrated,unrated,parsed,unrated_anchor,0.9227,1.0,60,14244,243.384,智能按.. | 暂无星级 | ★★★★★ | ￥20/人2F,乐摩吧 | 乐原电 | 民 | 智能按.. | 暂无星级 | ★★★★★ | ￥20/人2F | 乐摩吧 | 米 | LEMOBAR,ocr/input_videos\上海__长宁来福士__20260825.mp4
OBS-001638,长宁来福士,乐摩吧,乐摩吧,休闲按,,17,5F,unrated,False,explicitly_unrated,unrated,parsed,unrated_anchor,0.9923,1.0,55,14244,243.384,暂无星级 | 休闲按 | ★ | ￥17/人 | 5F,乐摩吧 | 乐摩电） | 翼 | 暂无星级 | 休闲按 | ★ | ￥17/人 | 5F | 乐摩吧 | LEMOBAR,ocr/input_videos\上海__长宁来福士__20260825.mp4
OBS-001639,长宁来福士,存金通长宁来福士店,存金通长宁来福士店,金银首饰回收,,,,unrated,False,explicitly_unrated,unrated,parsed,unrated_anchor,0.9947,0.9897,53,14244,243.384,暂无星级 | 金银首饰回收 | ★★★★★,存金通长宁来福士店 | 暂无星级 | 金银首饰回收 | ★★★★★ | 生活服务,ocr/input_videos\上海__长宁来福士__20260825.mp4
OBS-001640,长宁来福士,琪星闪耀,琪星闪耀,更多教育...,,,商场内,unrated,False,explicitly_unrated,unrated,parsed,unrated_anchor,0.9087,0.9975,53,14244,243.384,商场内 | ★★★★★ | 暂无星级 | 更多教育...,琪星闪耀 | 商场内 | ★★★★★ | 暂无星级 | 更多教育... | 琪星闪精,ocr/input_videos\上海__长宁来福士__20260825.mp4
OBS-001641,长宁来福士,雷格斯,雷格斯,联合办公..,,,商场内,unrated,False,explicitly_unrated,unrated,parsed,unrated_anchor,0.9259,0.9997,55,14244,243.384,🌟🌟💥🌟🌟 | 联合办公.. | 商场内 | 暂无星级,雷格斯 | 🌟🌟💥🌟🌟 | 联合办公.. | 商场内 | 暂无星级,ocr/input_videos\上海__长宁来福士__20260825.mp4
OBS-001642,长宁来福士,乐摩吧,乐摩吧,休闲按.,,17,5F,unrated,False,explicitly_unrated,unrated,parsed,unrated_anchor,0.9453,1.0,59,14340,245.025,★★★★★ | 休闲按.￥17/人5F | 暂无星级,乐摩吧 | 乐摩电器） | 原乐心 | 国更家 | ★★★★★ | 休闲按.￥17/人5F | 暂无星级 | 乐摩吧 | LEMOBAR,ocr/input_videos\上海__长宁来福士__20260825.mp4
OBS-001643,长宁来福士,存金通长宁来福士店,存金通长宁来福士店,金银首饰回收,,,,unrated,False,explicitly_unrated,unrated,parsed,unrated_anchor,0.9986,0.9974,57,14340,245.025,暂无星级 | 金银首饰回收 | ★★★★★,存金通长宁来福士店 | 暂无星级 | 金银首饰回收 | ★★★★★ | 生活服务,ocr/input_videos\上海__长宁来福士__20260825.mp4
OBS-001644,长宁来福士,琪星闪耀,琪星闪耀,更多教育..,,,商场内,unrated,False,explicitly_unrated,unrated,parsed,unrated_anchor,0.9197,0.9976,57,14340,245.025,商场内 | ⭐🌟🌟🌟🌟 | 更多教育.. | 暂无星级,琪星闪耀 | 商场内 | ⭐🌟🌟🌟🌟 | 更多教育.. | 暂无星级 | 琪星闪耀,ocr/input_videos\上海__长宁来福士__20260825.mp4
OBS-001645,长宁来福士,雷格斯,雷格斯,联合办公..,,,商场内,unrated,False,explicitly_unrated,unrated,parsed,unrated_anchor,0.9314,0.9998,65,14340,245.025,商场内 | 🌟★ | 联合办公.. | 暂无星级,雷格斯 | 商场内 | 🌟★ | 联合办公.. | 暂无星级 | ￥2745￥30501人独立办公室|雷格... | 惠,ocr/input_videos\上海__长宁来福士__20260825.mp4
OBS-001646,长宁来福士,BELLE,BELLE,购物,,,2F,new_store,False,new_store,ocr_missing,parsed,metadata_anchor,0.9993,0.9986,53,14340,245.025,购物 | 新店 | 2F,BELLE | 购物 | 新店 | 2F,ocr/input_videos\上海__长宁来福士__20260825.mp4
OBS-001647,长宁来福士,乐摩吧,乐摩吧,休闲按.,,17,5F,unrated,False,explicitly_unrated,unrated,parsed,unrated_anchor,0.9233,1.0,57,14412,246.255,★★★★★ | ￥17/人5F | 暂无星级 | 休闲按.,乐摩吧 | 乐摩电器） | ★★★★★ | ￥17/人5F | 暂无星级 | 休闲按. | 乐摩吧 | 米 | LEMOBAR,ocr/input_videos\上海__长宁来福士__20260825.mp4
OBS-001648,长宁来福士,存金通长宁来福士店,存金通长宁来福士店,金银首饰回收,,,,unrated,False,explicitly_unrated,unrated,parsed,unrated_anchor,0.998,0.9962,54,14412,246.255,★★★★★ | 暂无星级 | 金银首饰回收,存金通长宁来福士店 | ★★★★★ | 暂无星级 | 金银首饰回收 | 生活服务,ocr/input_videos\上海__长宁来福士__20260825.mp4
OBS-001649,长宁来福士,琪星闪耀,琪星闪耀,更多教育.,,,商场内,unrated,False,explicitly_unrated,unrated,parsed,unrated_anchor,0.9802,0.9986,56,14412,246.255,更多教育. | 商场内 | ★★★ | 暂无星级,琪星闪耀 | 更多教育. | 商场内 | ★★★ | 暂无星级 | 琪星闪,ocr/input_videos\上海__长宁来福士__20260825.mp4
OBS-001650,长宁来福士,雷格斯,雷格斯,联合办公.,,,商场内,unrated,False,explicitly_unrated,unrated,parsed,unrated_anchor,0.9808,0.9997,61,14412,246.255,商场内 | 🌟🌟🌟🌟🌟 | 暂无星级 | 联合办公.,雷格斯 | 商场内 | 🌟🌟🌟🌟🌟 | 暂无星级 | 联合办公. | ￥2745￥30501人独立办公室|雷格... | 惠,ocr/input_videos\上海__长宁来福士__20260825.mp4
OBS-001651,长宁来福士,BELLE,BELLE,购物,,,2F,new_store,False,new_store,ocr_missing,parsed,metadata_anchor,0.9996,0.9992,45,14412,246.255,购物 | 2F | 新店,BELLE | 购物 | 2F | 新店,ocr/input_videos\上海__长宁来福士__20260825.mp4
OBS-001652,长宁来福士,凯德物业,凯德物业,,,,商场内,unrated,False,explicitly_unrated,unrated,missing,unrated_anchor,0.9996,0.9996,55,14412,246.255,商场内 | ★★★★★ | 暂无星级 | 便民服务,凯德物业 | 商场内 | ★★★★★ | 暂无星级 | 便民服务 | 生活服务,ocr/input_videos\上海__长宁来福士__20260825.mp4
OBS-001653,长宁来福士,琪星闪耀,琪星闪耀,更多教育..,,,商场内,unrated,False,explicitly_unrated,unrated,parsed,unrated_anchor,0.9406,0.9982,62,14424,246.46,商场内 | ★🌟💥🌟🌟 | 暂无星级 | 更多教育..,琪星闪耀 | 商场内 | ★🌟💥🌟🌟 | 暂无星级 | 更多教育.. | 琪星闪,ocr/input_videos\上海__长宁来福士__20260825.mp4
OBS-001654,长宁来福士,雷格斯,雷格斯,联合办公...,,,商场内,unrated,False,explicitly_unrated,unrated,parsed,unrated_anchor,0.9069,0.9997,62,14424,246.46,商场内 | ★★★★ | 暂无星级 | 联合办公...,雷格斯 | 商场内 | ★★★★ | 暂无星级 | 联合办公... | ￥2745￥30501人独立办公室|雷格.. | 惠,ocr/input_videos\上海__长宁来福士__20260825.mp4
OBS-001655,长宁来福士,BELLE,BELLE,购物,,,2F,new_store,False,new_store,ocr_missing,parsed,metadata_anchor,0.9993,0.9986,52,14424,246.46,购物 | 新店 | 2F,BELLE | 购物 | 新店 | 2F,ocr/input_videos\上海__长宁来福士__20260825.mp4
OBS-001656,长宁来福士,凯德物业,凯德物业,,,,商场内,unrated,False,explicitly_unrated,unrated,missing,unrated_anchor,0.9993,0.9993,57,14424,246.46,暂无星级 | 商场内 | 便民服务 | ★★★★★,凯德物业 | 暂无星级 | 商场内 | 便民服务 | ★★★★★ | 生活服务,ocr/input_videos\上海__长宁来福士__20260825.mp4
OBS-001657,长宁来福士,YH TOYS,YHTOYS,杂货礼品,,,B1,unrated,False,explicitly_unrated,unrated,parsed,unrated_anchor,0.9874,0.9755,49,14424,246.46,杂货礼品 | ★★★★★ | 暂无星级 | B1,YH TOYS | 杂货礼品 | YH TOYS | ★★★★★ | 暂无星级 | B1,ocr/input_videos\上海__长宁来福士__20260825.mp4
OBS-001658,长宁来福士,乐道体验店,乐道体验店,4S店,,,,unrated,False,explicitly_unrated,unrated,parsed,unrated_anchor,0.997,0.9999,61,14424,246.46,4S店 | 暂无星级 | ★★★★★,乐道体验店 | 4S店 | 暂无星级 | ★★★★★,ocr/input_videos\上海__长宁来福士__20260825.mp4
OBS-001659,长宁来福士,雷格斯,雷格斯,联合办公.,,,商场内,unrated,False,explicitly_unrated,unrated,parsed,unrated_anchor,0.9781,0.9998,64,14460,247.075,商场内 | 联合办公. | ★★★★★ | 暂无星级,雷格斯 | 商场内 | 联合办公. | ★★★★★ | 暂无星级 | ￥2745￥30501人独立办公室|雷格.. | 惠,ocr/input_videos\上海__长宁来福士__20260825.mp4
OBS-001660,长宁来福士,BELLE,BELLE,购物,,,2F,new_store,False,new_store,ocr_missing,parsed,metadata_anchor,0.999,0.9981,54,14460,247.075,购物 | 新店 | 2F,BELLE | BEL1E | 购物 | 新店 | 2F,ocr/input_videos\上海__长宁来福士__20260825.mp4
OBS-001661,长宁来福士,凯德物业,凯德物业,,,,商场内,unrated,False,explicitly_unrated,unrated,missing,unrated_anchor,0.9983,0.9983,62,14460,247.075,便民服务 | 商场内 | 暂无星级 | ★★★★★,凯德物业 | 便民服务 | 商场内 | 暂无星级 | ★★★★★ | 生活服务,ocr/input_videos\上海__长宁来福士__20260825.mp4
OBS-001662,长宁来福士,YH TOYS,YHTOYS,杂货礼品,,,B1,unrated,False,explicitly_unrated,unrated,parsed,unrated_anchor,0.9963,0.9945,49,14460,247.075,杂货礼品 | 暂无星级 | B1 | ★★★★★,YH TOYS | 杂货礼品 | 暂无星级 | B1 | ★★★★★,ocr/input_videos\上海__长宁来福士__20260825.mp4
OBS-001663,长宁来福士,乐道体验店,乐道体验店,4S店,,,,unrated,False,explicitly_unrated,unrated,parsed,unrated_anchor,0.9979,0.9999,59,14460,247.075,4S店 | 暂无星级 | ⭐🌟🌟🌟🌟,乐道体验店 | 购新乐道L60 | 享限时礼遇 | 4S店 | 暂无星级 | ⭐🌟🌟🌟🌟 | 已经到底啦~,ocr/input_videos\上海__长宁来福士__20260825.mp4
