observation_id,mall_name,merchant_name_raw,merchant_name_normalized,category_raw,rating,avg_price_yuan,floor_location,card_type,research_eligible,exclusion_reason,rating_status,category_status,detection_method,ocr_confidence,title_score,title_height,frame_index,timestamp_sec,metadata_text,all_text,source_video
OBS-000001,百联金山,小荧星艺校,小荧星艺校,音乐,4.5,,2F,rated,True,,rated,parsed,rating_anchor,0.9998,0.9998,55,12,0.203,2F | 🌟🌟🌟🌟🌟 | 音乐 | 4.5,小荧星艺校 | 小荧星 | 艺术成长中心 | 2F | 🌟🌟🌟🌟🌟 | 音乐 | 4.5 | 开学季 | “认识艺术小伙伴， | 学习玩乐两不误 | . | 【儿童主持&表演】主.. | ￥9.9 | 5折 | ￥227 | 惠,ocr/input_videos\上海__百联金山__20260826.mp4
OBS-000002,百联金山,大章鴿·现煲鸽饭,大章鸽·现煲鸽饭,粤菜馆,4.2,73,2F,rated,True,,rated,parsed,rating_anchor,0.9658,0.9824,50,12,0.203,2F | 🌟🌟⭐⭐ | 粤菜馆￥73/人 | 4.2,大章鴿·现煲鸽饭 | 中山滴汁乳鸽 | 大章鸽 | ·首创者· | 2F | 🌟🌟⭐⭐ | 粤菜馆￥73/人 | 4.2 | 点评榜单 | 金山区粵菜打卡人气榜第3名 | 11:00营业 | ￥5 | 3.9折 | ￥12.9 | 惠 | 古法酸梅汁 | ￥95 | 9.5折 | 惠 | ￥100 | 100元代金券,ocr/input_videos\上海__百联金山__20260826.mp4
OBS-000003,百联金山,必胜炙烤串,必胜炙烤串,烤串,,52,1F,new_store,False,new_store,ocr_missing,parsed,metadata_anchor,0.967,0.9951,52,12,0.203,新店 | 烤串￥52/人 | 1F,必胜炙烤串 | 必胜炙烤串一 | 01 | 新店 | 烤串￥52/人 | 1F | 鸡休息中 | ￥19.9￥19.9 | 【缤纷畅饮】19.9元单人券 | 惠,ocr/input_videos\上海__百联金山__20260826.mp4
OBS-000004,百联金山,大光明影城,大光明影城,电影院,4.3,,3F,rated,True,,rated,parsed,rating_anchor,0.9999,1.0,52,12,0.203,3F | ⭐🌟🌟⭐ | 4.3 | 电影院 | ★,大光明影城 | 3F | ⭐🌟🌟⭐ | 4.3 | 电影院 | CMC大光朗影城 | ★,ocr/input_videos\上海__百联金山__20260826.mp4
OBS-000005,百联金山,避风塘·老港味餐厅,避风塘·老港味餐厅,茶餐厅,4.1,69,3F,rated,True,,rated,parsed,rating_anchor,0.9919,0.9855,54,12,0.203,3F | 🌟🌟⭐⭐ | 茶餐厅 | ￥69/人 | 4.1,避风塘·老港味餐厅 | 3F | 🌟🌟⭐⭐ | 茶餐厅 | ￥69/人 | 4.1 | 避风塘 | SINCE1998 | 点评榜单 | 金山区茶餐厅热门榜第1名 | 老港味餐厅 | “避风塘出品稳定，环境新装修”,ocr/input_videos\上海__百联金山__20260826.mp4
OBS-000006,百联金山,大光明影城,大光明影城,电影院,4.3,,3F,rated,True,,rated,parsed,rating_anchor,0.9999,0.9999,55,132,2.232,🌟🌟🌟⭐🌟 | 电影院 | 3F | 4.3,大光明影城 | 🌟🌟🌟⭐🌟 | 电影院 | 3F | 4.3 | CMC大光朗影城,ocr/input_videos\上海__百联金山__20260826.mp4
OBS-000007,百联金山,避风塘·老港味餐厅,避风塘·老港味餐厅,茶餐厅,4.1,69,3F,rated,True,,rated,parsed,rating_anchor,0.9746,0.9822,51,132,2.232,🌟🌟⭐⭐ | 3F | 4.1茶餐厅￥69/人,避风塘·老港味餐厅 | 🌟🌟⭐⭐ | 3F | 4.1茶餐厅￥69/人 | 避风塘 | SINCE1998 | 点评榜单 | 金山区茶餐厅热门榜第1名 | 老港味餐厅 | “避风塘出品稳定，环境新装修” | ￥5.9 | 惠 | 4折 | ￥15夏日饮品 | ￥95 | 9.5折 | 惠 | ￥100100元代金券,ocr/input_videos\上海__百联金山__20260826.mp4
OBS-000008,百联金山,新白鹿餐厅,新白鹿餐厅,浙菜,4.4,68,2F,rated,True,,rated,parsed,rating_anchor,0.9796,0.9983,55,132,2.232,2F | ★🌟★★ | 4.4浙菜￥68/人 | ★,新白鹿餐厅 | 新白度 | 经典老味回 | 2F | ★🌟★★ | 4.4浙菜￥68/人 | ★ | 点评榜单 | 金山区浙菜打卡人气榜第1名 | 性价比高，口味喜欢，服务周到” | 秘里算 | 77 | ￥102 | ￥82 | 8.1折 | 惠 | 【鹿·陆】特惠双人套餐 | 9.2折 | ￥92 | 惠 | ￥100100元代金券,ocr/input_videos\上海__百联金山__20260826.mp4
OBS-000009,百联金山,布偶夹·娃娃机·抓娃娃,布偶夹·娃娃机·抓娃娃,娃娃屋,4.7,58,1F,rated,True,,rated,parsed,rating_anchor,0.9506,0.9793,48,132,2.232,1F | 4.7娃娃屋￥58/人,夹布健 | 布偶夹·娃娃机·抓娃娃 | 一娃换一积分！ | 1F | 4.7娃娃屋￥58/人 | 上海娃娃屋回头客榜第1名 | 3 | 娃娃好抓，人气超高！ | 惠 | ￥9.9￥19.9 | 游戏币20枚,ocr/input_videos\上海__百联金山__20260826.mp4
OBS-000010,百联金山,大光明影城,大光明影城,电影院,4.3,,3F,rated,True,,rated,parsed,rating_anchor,0.9998,0.9999,48,168,2.84,3F | 🌟🌟⭐⭐ | 电影院 | 4.3 | ★,大光明影城 | 3F | 🌟🌟⭐⭐ | 电影院 | 4.3 | ★ | CMC大光朗影城 | 牛,ocr/input_videos\上海__百联金山__20260826.mp4
OBS-000011,百联金山,避风塘·老港味餐厅,避风塘·老港味餐厅,茶餐厅,4.1,69,3F,rated,True,,rated,parsed,rating_anchor,0.9889,0.9804,53,168,2.84,🌟🌟🌟⭐ | 3F | 茶餐厅 | ￥69/人 | 4.1,避风塘·老港味餐厅 | 🌟🌟🌟⭐ | 3F | 茶餐厅 | ￥69/人 | 避风塘 | 4.1 | SINCE1998 | 点评榜单 | 金山区茶餐厅热门榜第1名 | 老港味餐厅 | “避风塘出品稳定，环境新装修” | ￥5.9 | 4折 | 惠 | ￥15夏日饮品 | ￥95 | 惠 | 9.5折 | ￥100100元代金券,ocr/input_videos\上海__百联金山__20260826.mp4
OBS-000012,百联金山,新白鹿餐厅,新白鹿餐厅,浙菜,4.4,68,2F,rated,True,,rated,parsed,rating_anchor,0.9682,0.9975,55,168,2.84,2F | 🌟🌟⭐⭐ | 浙菜￥68/人 | 4.4,新白鹿餐厅 | 新白厦 | 经典电味回 | 2F | 🌟🌟⭐⭐ | 浙菜￥68/人 | 4.4 | 点评榜单 | 金山区浙菜打卡人气榜第1名 | 秘附里算 | 性价比高，口味喜欢，服务周到” | 元创 | ￥82 | 8.1折 | ￥102 | 【鹿·陆】牛 | 惠 | 特惠双人套餐 | 惠 | ￥92 | 9.2折 | ￥100100元代金券,ocr/input_videos\上海__百联金山__20260826.mp4
OBS-000013,百联金山,布偶夹·娃娃机·抓娃娃,布偶夹·娃娃机·抓娃娃,娃娃屋,4.7,58,1F,rated,True,,rated,parsed,rating_anchor,0.9898,0.9805,47,168,2.84,🌟🌟🎉🎉🌟 | 1F | ￥58/人 | 娃娃屋 | 4.7,夹标做 | 布偶夹·娃娃机·抓娃娃 | 一娃换一积分！ | 🌟🌟🎉🎉🌟 | 1F | ￥58/人 | 娃娃屋 | 4.7 | 上海娃娃屋回头客榜第1名 | 娃娃好抓，人气超高！ | 2 | 惠 | ￥9.9￥19.9 | 游戏币20枚,ocr/input_videos\上海__百联金山__20260826.mp4
OBS-000014,百联金山,牛New寿喜烧,牛New寿喜烧,寿喜锅/烧自助,4.6,167,3F,rated,True,,rated,parsed,rating_anchor,0.984,0.9994,51,168,2.84,🌟🌟🌟🌟🌟 | 寿喜锅/烧自助￥167/人 | 4.6 | 3F,牛New寿喜烧 | 清蒸梭子蟹 | 🌟🌟🌟🌟🌟 | 寿喜锅/烧自助￥167/人 | 4.6 | 3F | 蒜蓉生蚝,ocr/input_videos\上海__百联金山__20260826.mp4
OBS-000015,百联金山,避风塘·老港味餐厅,避风塘·老港味餐厅,茶餐厅,4.1,69,3F,rated,True,,rated,parsed,rating_anchor,0.9896,0.9829,50,204,3.449,3F | 🌟🌟🌟🌟 | 4.1茶餐厅 | ￥69/人,避风塘·老港味餐厅 | 3F | 🌟🌟🌟🌟 | 4.1茶餐厅 | ￥69/人 | 避风塘 | SINCE 1998 | 点评榜单 | 金山区茶餐厅热门榜第1名 | 老港味餐厅 | 避风塘出品稳定，环境新装修” | 惠 | ￥5.9 | 4折 | ￥15夏日饮品 | ￥95 | ￥100100元代金券 | 9.5折 | 惠,ocr/input_videos\上海__百联金山__20260826.mp4
OBS-000016,百联金山,新白鹿餐厅,新白鹿餐厅,浙菜,4.4,68,2F,rated,True,,rated,parsed,rating_anchor,0.9798,0.9976,55,204,3.449,2F | 🌟🌟⭐ | 4.4浙菜￥68/人,新白鹿餐厅 | 新白度 | 更日以 | 经典老味1回 | 2F | 🌟🌟⭐ | 4.4浙菜￥68/人 | 点评榜单 | 金山区浙菜打卡人气榜第1名 | 感动里脊 | 性价比高，口味喜欢，服务周到 | 元0 | 型价 | ￥828.1折 | 惠 | ￥102 | 【鹿·陆】特惠双人套餐 | ￥929.2折 | 惠 | ￥100100元代金券,ocr/input_videos\上海__百联金山__20260826.mp4
OBS-000017,百联金山,布偶夹·娃娃机·抓娃娃,布偶夹·娃娃机·抓娃娃,娃娃屋,4.7,58,1F,rated,True,,rated,parsed,rating_anchor,0.9549,0.9703,48,204,3.449,1F | 🌟🌟⭐⭐🌟4.7 | 娃娃屋￥58/人,夹拓牌 | 布偶夹·娃娃机·抓娃娃 | 一娃换一积分！ | 1F | 🌟🌟⭐⭐🌟4.7 | 娃娃屋￥58/人 | 上海娃娃屋回头客榜第1名 | 3 | 娃娃好抓，人气超高！ | ￥9.9￥19.9 | 游戏币20枚 | 惠,ocr/input_videos\上海__百联金山__20260826.mp4
OBS-000018,百联金山,牛New寿喜烧,牛New寿喜烧,寿喜锅/烧自助,4.6,167,3F,rated,True,,rated,parsed,rating_anchor,0.9885,0.9995,51,204,3.449,🌟🌟🌟🌟🌟 | 4.6 | 寿喜锅/烧自助￥167/人3F,牛New寿喜烧 | 清蒸梭子蟹 | 🌟🌟🌟🌟🌟 | 4.6 | 寿喜锅/烧自助￥167/人3F | 蒜蓉生蚝 | 点评榜单 | 金山区自助餐热门榜第1名 | 11:00营业 | 海南糟粕醋酸辣开胃 | ￥159 | 【吃肉自由】哈. | ￥155.59.8折 | 惠,ocr/input_videos\上海__百联金山__20260826.mp4
OBS-000019,百联金山,布偶夹·娃娃机·抓娃娃,布偶夹·娃娃机·抓娃娃,娃娃屋,4.7,58,1F,rated,True,,rated,parsed,rating_anchor,0.9562,0.9677,47,216,3.652,1F | 4.7娃娃屋￥58/人,夹布偶 | 布偶夹·娃娃机·抓娃娃 | 一娃换一积分！ | 1F | 4.7娃娃屋￥58/人 | 上海娃娃屋回头客榜第1名 | ” | 娃娃好抓，人气超高！ | ￥9.9￥19.9游戏币20枚 | 惠,ocr/input_videos\上海__百联金山__20260826.mp4
OBS-000020,百联金山,牛New寿喜烧,牛New寿喜烧,寿喜锅/烧自助,4.6,,3F,rated,True,,rated,parsed,rating_anchor,0.9855,0.9993,52,216,3.652,★★★★★ | 4.6寿喜锅/烧自助￥167/3F,牛New寿喜烧 | 清蒸梭子蟹 | ★★★★★ | 4.6寿喜锅/烧自助￥167/3F | 蒜蓉生蚝 | 吃 | 点评榜单 | L | 金山区自助餐热门榜第1名 | Haaaen | 11:00营业 | 海南糟粕醋酸辣开胃 | ￥159 | 【吃肉自由】哈 | ￥155.59.8折 | 惠,ocr/input_videos\上海__百联金山__20260826.mp4
OBS-000021,百联金山,苏柳作点心×茶叙院,苏柳作点心×茶叙院,本帮菜61/,3.9,,1F,rated,True,,rated,parsed,rating_anchor,0.9421,0.9103,48,216,3.652,3.9本帮菜61/ | 1F,苏柳作点心×茶叙院 | 苏小柳 | SUE DIMSUM | 3.9本帮菜61/ | 1F | 点评榜单 | 百联金山购物中心美食打卡人气榜第3名 | 出山入海 | 环境整洁卫生，服务员态度好 | 7.2折 | ￥75.9 | ￥53.9 | 惠 | 【时令尝鲜】黑钻..,ocr/input_videos\上海__百联金山__20260826.mp4
OBS-000022,百联金山,肆座弹珠堂,肆座弹珠堂,弹珠店,4.6,45,3F,rated,True,,rated,parsed,rating_anchor,0.968,0.9985,48,216,3.652,3F | 4.6弹珠店￥45/人,肆座弹珠堂 | 3F | 4.6弹珠店￥45/人 | 金山区弹珠店回头客榜第1名 | “设备新颖有趣，环境明亮温馨 | 力,ocr/input_videos\上海__百联金山__20260826.mp4
OBS-000023,百联金山,布偶夹·娃娃机·抓娃娃,布偶夹·娃娃机·抓娃娃,娃娃屋,4.7,58,1F,rated,True,,rated,parsed,rating_anchor,0.9614,0.9712,50,264,4.463,1F | 4.7娃娃屋￥58/人,布偶夹·娃娃机·抓娃娃 | 夹布偶 | 一娃换一积分！ | 1F | 4.7娃娃屋￥58/人 | 上海娃娃屋回头客榜第1名 | 娃娃好抓，人气超高！ | 3 | 惠 | ￥9.9￥19.9 | 游戏币20枚,ocr/input_videos\上海__百联金山__20260826.mp4
OBS-000024,百联金山,牛New寿喜烧,牛New寿喜烧,寿喜锅/烧自助,4.6,167,3F,rated,True,,rated,parsed,rating_anchor,0.9856,0.9994,51,264,4.463,🌟🌟🌟🌟🌟 | 寿喜锅/烧自助￥167/人3F | 4.6,牛New寿喜烧 | 清蒸梭子蟹 | 电吃 | 🌟🌟🌟🌟🌟 | 寿喜锅/烧自助￥167/人3F | 4.6 | 蒜蓉生蚝 | 点评榜单 | 金山区自助餐热门榜第1名 | 11:00营业 | 海南糟粕醋酸辣开胃 | ￥159 | 【吃肉自由】哈. | ￥155.59.8折 | 惠,ocr/input_videos\上海__百联金山__20260826.mp4
OBS-000025,百联金山,苏小柳手作点心x茶叙小院,苏小柳手作点心x茶叙小院,本帮菜,3.9,61,1F,rated,True,,rated,parsed,rating_anchor,0.9585,0.9523,53,264,4.463,★★🌟🌟★ | 1F | 3.9本帮菜￥61/人,苏小柳手作点心x茶叙小院 | 苏小柳 | SUE DIMEOIM | ★★🌟🌟★ | 1F | 3.9本帮菜￥61/人 | 点评榜单 | 百联金山购物中心美食打卡人气榜第3名 | “环境整洁卫生，服务员态度好” | 出山入海 | ￥53.9 | 7.2折 | ￥75.9 | 【时令尝鲜】黑钻. | 惠,ocr/input_videos\上海__百联金山__20260826.mp4
OBS-000026,百联金山,肆座弹珠堂,肆座弹珠堂,弹珠店,4.6,45,3F,rated,True,,rated,parsed,rating_anchor,0.9706,0.9961,49,264,4.463,★🌟🌟🌟 | 3F | 弹珠店￥45/人 | 4.6,肆座弹珠堂 | ★🌟🌟🌟 | 3F | 弹珠店￥45/人 | 4.6 | 金山区弹珠店回头客榜第1名 | 设备新颖有趣，环境明亮温馨 | ￥19.9￥29.9DIY自助拼豆体验1小时 | 惠,ocr/input_videos\上海__百联金山__20260826.mp4
OBS-000027,百联金山,必胜客,必胜客,比萨,4.2,57,1F,rated,True,,rated,parsed,rating_anchor,0.9668,0.9991,60,264,4.463,1F | ★★★★ | 4.2比萨￥57/人 | ★,必胜客 | 1F | ★★★★ | 4.2比萨￥57/人 | 必胜客 | ★ | 点评榜单 | 金山区西餐打卡人气榜第3名 | 夏人学 | LNA | 必胜自助餐牌 | 新法终后的环境泪毂” | “十旦页色关日,ocr/input_videos\上海__百联金山__20260826.mp4
OBS-000028,百联金山,牛New寿喜烧,牛New寿喜烧,寿喜锅/烧自助,4.6,167,3F,rated,True,,rated,parsed,rating_anchor,0.9847,0.9993,52,324,5.478,🌟🌟🌟🌟 | 4.6寿喜锅/烧自助￥167/人3F,牛New寿喜烧 | 清蒸梭子蟹 | 🌟🌟🌟🌟 | 4.6寿喜锅/烧自助￥167/人3F | 蒜蓉生蚝 | 畅吃 | 点评榜单 | 20 | 金山区自助餐热门榜第1名 | Haaaen | 11:00营业 | 海南糟粕醋酸辣开胃 | 3 | “ | ￥159 | ￥155.59.8折 | 【吃肉自由】哈. | 惠,ocr/input_videos\上海__百联金山__20260826.mp4
OBS-000029,百联金山,苏小柳手作点心x茶叙小院,苏小柳手作点心x茶叙小院,本帮菜,3.9,61,1F,rated,True,,rated,parsed,rating_anchor,0.9402,0.9419,51,324,5.478,1F | 3.9本帮菜￥61/人,苏小柳手作点心x茶叙小院 | 苏小柳 | SUE DIMSUM | 1F | 3.9本帮菜￥61/人 | 点评榜单 | 百联金山购物中心美食打卡人气榜第3名 | 环境整洁卫生，服务员态度好” | 出山入海 | ￥75.9 | ￥53.9 | 7.2折 | 惠 | 【时令尝鲜】黑钻..,ocr/input_videos\上海__百联金山__20260826.mp4
OBS-000030,百联金山,肆座弹珠堂,肆座弹珠堂,弹珠店,4.6,45,3F,rated,True,,rated,parsed,rating_anchor,0.9636,0.9959,55,324,5.478,3F | ⭐4.6弹珠店￥45/人,肆座弹珠堂 | 3F | ⭐4.6弹珠店￥45/人 | 金山区弹珠店回头客榜第1名 | 设备新颖有趣，环境明亮温馨 | 《 | ￥19.9￥29.9DIY自助拼豆体验1小时 | 惠,ocr/input_videos\上海__百联金山__20260826.mp4
OBS-000031,百联金山,必胜客,必胜客,比萨,4.2,57,1F,rated,True,,rated,parsed,rating_anchor,0.9779,0.9993,61,324,5.478,🌟🌟🌟🌟 | 1F | 4.2比萨￥57/人 | ★,必胜客 | 🌟🌟🌟🌟 | 1F | 4.2比萨￥57/人 | 必胜客 | ★ | 点评榜单 | 金山区西餐打卡人气榜第3名 | 夏超人学？ | 必胜自助餐 | 主题鲜明，新装修后的环境温馨 | ≤ | J | ￥293 | ￥155 | 5.3折 | 【2人餐|免配送费... | 惠,ocr/input_videos\上海__百联金山__20260826.mp4
OBS-000032,百联金山,牛New寿喜烧,牛New寿喜烧,寿喜锅/烧自助,4.6,167,3F,rated,True,,rated,parsed,rating_anchor,0.9831,0.9993,51,360,6.086,🌟🌟⭐🌟🌟 | 4.6寿喜锅/烧自助￥167/人3F,牛New寿喜烧 | 清蒸梭子蟹 | 🌟🌟⭐🌟🌟 | 4.6寿喜锅/烧自助￥167/人3F | 蒜蓉生蚝 | 畅吃 | 点评榜单 | 上0 | 金山区自助餐热门榜第1名 | 11:00营业 | 海南糟粕醋酸辣开胃 | J | C | ￥159 | ￥155.59.8折 | 【吃肉自由】哈.. | 惠,ocr/input_videos\上海__百联金山__20260826.mp4
OBS-000033,百联金山,苏小柳手作点心x茶叙小院,苏小柳手作点心x茶叙小院,本帮菜,3.9,61,1F,rated,True,,rated,parsed,rating_anchor,0.94,0.9421,51,360,6.086,1F | 3.9本帮菜￥61/人,苏小柳手作点心x茶叙小院 | 苏小柳 | SUE DIMSUM | 1F | 3.9本帮菜￥61/人 | 点评榜单 | 百联金山购物中心美食打卡人气榜第3名 | 环境整洁卫生，服务员态度好” | 出山入海 | ￥75.9 | 7.2折 | ￥53.9 | 惠 | 【时令尝鲜】黑钻..,ocr/input_videos\上海__百联金山__20260826.mp4
OBS-000034,百联金山,肆座弹珠堂,肆座弹珠堂,弹珠店,4.6,45,3F,rated,True,,rated,parsed,rating_anchor,0.9754,0.9852,55,360,6.086,🌟🌟🌟🌟🌟 | 3F | 4.6弹珠店￥45/人,肆座弹珠堂 | 🌟🌟🌟🌟🌟 | 3F | 4.6弹珠店￥45/人 | 金山区弹珠店回头客榜第1名 | 设备新颖有趣，环境明亮温馨 | 惠 | ￥19.9￥29.9DIY自助拼豆体验1小时,ocr/input_videos\上海__百联金山__20260826.mp4
OBS-000035,百联金山,必胜客,必胜客,比萨,4.2,57,1F,rated,True,,rated,parsed,rating_anchor,0.9755,0.9991,60,360,6.086,🌟🌟🌟🌟 | 1F | 4.2比萨￥57/人 | ★,必胜客 | 🌟🌟🌟🌟 | 1F | 4.2比萨￥57/人 | 必胜客 | ★ | 点评榜单 | 金山区西餐打卡人气榜第3名 | 夏间大学 | 必胜自助餐 | 主题鲜明，新装修后的环境温馨 | S | 5 | ￥293 | ￥155 | 5.3折 | 惠 | 【2人餐|免配送费...,ocr/input_videos\上海__百联金山__20260826.mp4
OBS-000036,百联金山,苏小柳手作点心x茶叙小院,苏小柳手作点心x茶叙小院,本帮菜,3.9,61,1F,rated,True,,rated,parsed,rating_anchor,0.9268,0.9603,51,408,6.898,1F | ★3.9本帮菜￥61/人,苏小柳手作点心x茶叙小院 | 苏小柳 | SUE DINEOUM | 1F | ★3.9本帮菜￥61/人 | 点评榜单 | 百联金山购物中心美打卡人榜第3名 | 出山入海 | 心 | 环境整洁卫生，服务员态度好 | ￥75.9 | ￥53.97.2折 | 【时令尝鲜】黑钻. | 惠,ocr/input_videos\上海__百联金山__20260826.mp4
OBS-000037,百联金山,肆座弹珠堂,肆座弹珠堂,弹珠店,4.6,45,3F,rated,True,,rated,parsed,rating_anchor,0.9642,0.9981,49,408,6.898,3F | 4.6弹珠店￥45/人,肆座弹珠堂 | 3F | 4.6弹珠店￥45/人 | 金山区弹珠店回头客榜第1名 | 设备新颖有趣，环境明亮温馨 | 5 | 惠 | ￥19.9￥29.9DIY自助拼豆体验1小时,ocr/input_videos\上海__百联金山__20260826.mp4
OBS-000038,百联金山,必胜客,必胜客,比萨,4.2,57,1F,rated,True,,rated,parsed,rating_anchor,0.9694,0.9983,63,408,6.898,1F | 🌟🌟⭐⭐ | 4.2比萨￥57/人,必胜客 | 1F | 🌟🌟⭐⭐ | 4.2比萨￥57/人 | 必胜客 | 点评榜单 | 金山区西餐打卡人气榜第3名 | 口烟大学 | 必胜自助餐 | 主题鲜明，新装修后的环境温馨 | C | 5 | ￥293 | ￥1555.3折 | 惠 | 【2人餐|免配送费...,ocr/input_videos\上海__百联金山__20260826.mp4
OBS-000039,百联金山,左庭右院鲜牛肉火锅,左庭右院鲜牛肉火锅,潮汕牛肉火锅,4.8,120,3F,rated,True,,rated,parsed,rating_anchor,0.9702,0.991,48,408,6.898,4.8潮汕牛肉火锅￥120/人3F,左庭右院鲜牛肉火锅 | 有机日光 | 4.8潮汕牛肉火锅￥120/人3F | 番茄锅/ | 点评镑单 | 金山区火锅口味榜第1名 | 10多款蓝菜 | 无限畅吃：26：8 | 火锅必吃，食材新鲜、卫生 | 5 | 以高配告曰币列 | 中,ocr/input_videos\上海__百联金山__20260826.mp4
OBS-000040,百联金山,左庭右院鲜牛肉火锅,左庭右院鲜牛肉火锅,潮汕牛肉火锅,4.8,120,3F,rated,True,,rated,parsed,rating_anchor,0.979,0.9966,48,444,7.506,4.8潮汕牛肉火锅￥120/人3F,6 | 左庭右院鲜牛肉火锅 | 升 | 有机日光 | 4.8潮汕牛肉火锅￥120/人3F | 番茄锅 | 点评榜单 | 金山区火锅口味榜第1名 | 10多款蓝菜 | 无限畅吃268 | 火锅必吃，食材新鲜、卫生 | 3 | ￥2968.8折 | 惠 | ￥336.6必享|甄选品质双... | 惠 | ￥989.8折 | ￥100100元代金券,ocr/input_videos\上海__百联金山__20260826.mp4
OBS-000041,百联金山,汤姆熊欢乐世界·拼豆·DIY,汤姆熊欢乐世界·拼豆·DIY,电玩城,4.4,63,2F,rated,True,,rated,parsed,rating_anchor,0.9674,0.9782,48,444,7.506,🌟🌟🌟🌟 | 2F | 电玩城￥63/人 | 4.4,汤姆熊欢乐世界·拼豆·DIY | Tumit wieRgD | 🌟🌟🌟🌟 | 2F | 电玩城￥63/人 | 4.4 | 百联金山购物中心游戏厅销量榜第2名 | 面 | 3 | 设备新且干净，游戏活动丰富 | 2 | 指定套锁喜星巴克福利 | 惠 | ￥19.9￥2525枚游戏币,ocr/input_videos\上海__百联金山__20260826.mp4
OBS-000042,百联金山,厚贞日式烤肉,厚贞日式烤肉,日式烧烤/烤肉,4.8,,3F,rated,True,,rated,parsed,rating_anchor,0.9803,0.998,51,444,7.506,⭐🌟⭐4.8 | 日式烧烤/烤肉￥110/3F,厚贞日式烤肉 | ⭐🌟⭐4.8 | 日式烧烤/烤肉￥110/3F | 点评榜单 | 金山区烤肉口味榜第1名 | 11:00营业 | 服务周到，烤肉耐心专业 | ￥2497.5折 | 惠 | ￥336超值安格斯双人套餐,ocr/input_videos\上海__百联金山__20260826.mp4
OBS-000043,百联金山,柚子,柚子,日式自助,4.0,284,2F,rated,True,,rated,parsed,rating_anchor,0.9719,0.9994,66,444,7.506,⭐🌟🌟⭐ | 4.0日式自助￥284/人 | 2F | ★,柚子 | ⭐🌟🌟⭐ | 4.0日式自助￥284/人 | 2F | ★ | 点评榜单 | 金山卫商圈美食热门榜第3名 | “精致刺拼盘，份量，味新鲜” | 11:00营业 | “,ocr/input_videos\上海__百联金山__20260826.mp4
OBS-000044,百联金山,左庭右院鲜牛肉火锅,左庭右院鲜牛肉火锅,潮汕牛肉火锅,4.8,120,3F,rated,True,,rated,parsed,rating_anchor,0.9823,0.9945,48,468,7.912,4.8潮汕牛肉火锅￥120/人3F,左庭右院鲜牛肉火锅 | 开 | 有机日光 | 4.8潮汕牛肉火锅￥120/人3F | 番茄锅 | 点评榜单 | 金山区火锅口味榜第1名 | 10多款蔬菜 | 无限畅吃：268 | 火锅必吃，食材新鲜、卫生 | 9 | ￥2968.8折 | 惠 | ￥336.6必享一甄选品质双.. | ￥989.8折 | 惠 | ￥100100元代金券,ocr/input_videos\上海__百联金山__20260826.mp4
OBS-000045,百联金山,汤姆熊欢乐世界·拼豆·DIY,汤姆熊欢乐世界·拼豆·DIY,电玩城,4.4,63,2F,rated,True,,rated,parsed,rating_anchor,0.9674,0.9867,50,468,7.912,2F | ★★★★ | 电玩城￥63/人 | 4.4,汤姆熊欢乐世界·拼豆·DIY | Tomn | 2F | ★★★★ | 电玩城￥63/人 | 4.4 | 百联金山购物中心游戏厅销量榜第2名 | 设备新且干净，游戏活动丰富 | 享星巴克福制 | 指定育 | ￥19.9￥2525枚游戏币 | 惠,ocr/input_videos\上海__百联金山__20260826.mp4
OBS-000046,百联金山,厚贞日式烤肉,厚贞日式烤肉,日式烧烤/烤肉,,110,3F,unknown,True,,ocr_missing,parsed,metadata_anchor,0.9837,0.9983,51,468,7.912,★★★★窗 | 日式烧烤/烤肉￥110/人3F | 14.8,厚贞日式烤肉 | 原创黑松露 | 横膈膜 | ★★★★窗 | 日式烧烤/烤肉￥110/人3F | 14.8 | 点评榜单 | 金山区烤肉口味榜第1名 | 11:00营业 | 服务周到，烤肉耐心专业 | ￥249 | 7.5折 | ￥336超值安格斯双人套餐 | 惠,ocr/input_videos\上海__百联金山__20260826.mp4
OBS-000047,百联金山,柚子,柚子,日式自助,4.0,284,2F,rated,True,,rated,parsed,rating_anchor,0.9819,0.9995,61,468,7.912,2F | ⭐🌟⭐⭐ | 4.0 | 日式自助￥284/人 | ★,新受斯 | 柚子 | 新饼始 | 2F | ⭐🌟⭐⭐ | 4.0 | 日式自助￥284/人 | ★ | 点评榜单 | 金山卫商圈美食热门榜第3名 | 11:00营业 | 精致刺身拼盘，份量，口味新鲜”,ocr/input_videos\上海__百联金山__20260826.mp4
OBS-000048,百联金山,厚贞日式烤肉,厚贞日式烤肉,式烧烤/烤肉,,,3F,unknown,True,,ocr_missing,parsed,metadata_anchor,0.9719,0.9935,47,564,9.535,★★★★肉 | 14.8 | 式烧烤/烤肉￥110/3F,厚贞日式烤肉 | 原创黑松露 | 横腦膜 | ★★★★肉 | 14.8 | 式烧烤/烤肉￥110/3F | 点评镑单 | 金山区烤肉口味榜第1名 | 11:00营业 | 服务周到，烤肉耐心专业 | ￥249 | 7.5折 | ￥336超值安格斯双人套餐 | 惠,ocr/input_videos\上海__百联金山__20260826.mp4
OBS-000049,百联金山,柚子,柚子,日式自助,4.0,284,2F,rated,True,,rated,parsed,rating_anchor,0.9751,0.9988,62,564,9.535,🌟🌟⭐⭐ | 2F | 4.0 | 日式自助￥284/人 | ￥,柚子 | 新斯 | 新开始 | 🌟🌟⭐⭐ | 2F | 4.0 | 日式自助￥284/人 | ￥ | 健临 | 点评榜单 | 金山卫商圈美食热门榜第3名 | 11:00营业 | 精致刺身拼盘，份量，口味新鲜 | “ | ￥4189折 | 惠 | ￥468极鲜牡丹虾爱尔兰鳌...,ocr/input_videos\上海__百联金山__20260826.mp4
OBS-000050,百联金山,魅KTV·AI辅唱,魅KTV·AI辅唱,量贩式KTV,4.8,75,3F,rated,True,,rated,parsed,rating_anchor,0.9762,0.9868,48,564,9.535,3F | 🌟🌟⭐⭐4.8 | 量贩式KTV￥75/人,千店连锁 | 魅KTV·AI辅唱 | 3F | 🌟🌟⭐⭐4.8 | 量贩式KTV￥75/人 | (mei | 金山区KTV销量榜第2名 | 魅KTV | AI实时唱功辅唱 | 2 | 环境干净整洁，灯光超级好看 | ￥228￥268萧帮福利-纯酒水-百威啤... | 惠,ocr/input_videos\上海__百联金山__20260826.mp4
OBS-000051,百联金山,海底捞火锅,海底捞火锅,四川火锅,,100,1F,unknown,True,,ocr_missing,parsed,metadata_anchor,0.97,0.9992,49,564,9.535,1F | 🌟🌟🎉🌟🌟 | 四川火锅￥100/人 | 14.8,海底捞火锅 | 海店屏火病 | 6斤番茄锅 | 6斤牙对味 | 1F | 🌟🌟🎉🌟🌟 | 四川火锅￥100/人 | 14.8 | 点评榜单 | 金山区四川火锅热门榜第1名 | 特色菜品好吃，欢迎大家前来选购 | ￥239.6 | 8.3折 | 惠 | ￥290 | 海底捞×洛克王国.. | ) | ￥100 | 8.9折 | ￥88.2 | 【全周全天】100. | 惠,ocr/input_videos\上海__百联金山__20260826.mp4
OBS-000052,百联金山,醉辉皇·实惠家宴·海派融合菜,醉辉皇·实惠家宴·海派融合菜,特色菜,3.9,,4F,rated,True,,rated,parsed,rating_anchor,0.9671,0.9563,47,564,9.535,4F | 3.9特色菜80/人 | ★★★★★,醉辉皇·实惠家宴·海派融合菜 | 醉輝皇 | 4F | 3.9特色菜80/人 | ★★★★★,ocr/input_videos\上海__百联金山__20260826.mp4
OBS-000053,百联金山,厚贞日式烤肉,厚贞日式烤肉,日式烧烤/烤肉,4.8,,3F,rated,True,,rated,parsed,rating_anchor,0.9799,0.9984,48,588,9.941,⭐🌟⭐⭐⭐4.8 | 日式烧烤/烤肉￥110/3F,次的百 | 厚贞日式烤肉 | 原创黑松露 | 橫膈膜 | ⭐🌟⭐⭐⭐4.8 | 日式烧烤/烤肉￥110/3F | 点评榜单 | 金山区烤肉口味榜第1名 | 11:00营业 | 服务周到，烤肉耐心专业 | ￥249 | 7.5折 | 惠 | ￥336 | 超值安格斯双人套餐,ocr/input_videos\上海__百联金山__20260826.mp4
OBS-000054,百联金山,柚子,柚子,日式自助,4.0,284,2F,rated,True,,rated,parsed,rating_anchor,0.9765,0.999,63,588,9.941,2F | 🌟🌟🌟🌟 | 日式自助￥284/人 | 4.0 | ★,柚子 | 新受斯 | 2 | 新开始 | 2F | 🌟🌟🌟🌟 | 日式自助￥284/人 | 4.0 | ★ | 点评榜单 | 金山卫商圈美食热门榜第3名 | 11:00营业 | 精致刺身拼盘，份量足，口味新鲜” | ￥4189折 | ￥468 | 惠 | 极鲜牡丹虾爱尔兰鳌...,ocr/input_videos\上海__百联金山__20260826.mp4
OBS-000055,百联金山,魅KTV·AI辅唱,魅KTV·AI辅唱,量贩式KTV,4.8,75,3F,rated,True,,rated,parsed,rating_anchor,0.9768,0.9851,48,588,9.941,⭐⭐4.8 | 3F | 量贩式KTV￥75/人,千店连锁 | 魅KTV·AI辅唱 | ⭐⭐4.8 | 3F | 量贩式KTV￥75/人 | (mei | 金山区KTV销量榜第2名 | 魅KTV | 环境干净整洁，灯光超级好看 | AI实时唱功辅唱 | ￥228￥268萧帮福利-纯酒水-百威啤... | 惠,ocr/input_videos\上海__百联金山__20260826.mp4
OBS-000056,百联金山,海底捞火锅,海底捞火锅,四川火锅,,100,1F,unknown,True,,ocr_missing,parsed,metadata_anchor,0.9684,0.9987,49,588,9.941,1F | ★🌟★★🌟 | 四川火锅￥100/人 | 14.8,海底捞火锅 | 酒居屏火锅 | 6斤番茄锅 | 1F | ★🌟★★🌟 | 四川火锅￥100/人 | 14.8 | 6斤芽对味 | 点评榜单 | 金山区四川火锅热门榜第1名 | 特色菜品好吃，欢迎大家前来选购 | ￥239.68.3折 | 惠 | ￥290 | 海底捞×洛克王国... | ￥88.2 | ￥100 | 惠 | 8.9折 | 【全周全天】100...,ocr/input_videos\上海__百联金山__20260826.mp4
OBS-000057,百联金山,醉辉皇·实惠家宴·海派融合菜,醉辉皇·实惠家宴·海派融合菜,特色菜,3.9,80,4F,rated,True,,rated,parsed,rating_anchor,0.965,0.9745,48,588,9.941,4F | 🌟🌟⭐🌟⭐3.9 | 特色菜￥80/人,醉辉皇·实惠家宴·海派融合菜 | 醉輝皇 | 1 | 4F | 🌟🌟⭐🌟⭐3.9 | 特色菜￥80/人,ocr/input_videos\上海__百联金山__20260826.mp4
OBS-000058,百联金山,厚贝日式烤肉,厚贝日式烤肉,式烧烤/烤肉,,,3F,unknown,True,,ocr_missing,parsed,metadata_anchor,0.9284,0.886,37,672,11.361,🌟🌟⭐🌟🌟 | 14.8 | 式烧烤/烤肉￥110/3F,厚贝日式烤肉 | 原创黑松露 | 横膈膜 | 🌟🌟⭐🌟🌟 | 14.8 | 式烧烤/烤肉￥110/3F | 点评榜单 | 金山区烤肉口味榜第1名 | 11:00营业 | 服务周到，烤肉耐心专业 | ￥2497.5折 | 惠 | ￥336超值安格斯双人套餐,ocr/input_videos\上海__百联金山__20260826.mp4
OBS-000059,百联金山,柚子,柚子,日式自助,4.0,284,2F,rated,True,,rated,parsed,rating_anchor,0.9722,0.997,60,672,11.361,★★★★ | 2F | 4.0 | 日式自助￥284/人,新俘斯 | 柚子 | 新开始 | ★★★★ | 2F | 4.0 | 日式自助￥284/人 | 点评榜单 | 金山卫商圈美食热门榜第3名 | 11:00营业 | 精致刺身拼盘，份量足，口味新鲜 | ￥4189折 | 惠 | ￥468 | 极鲜牡丹虾爱尔兰鳌...,ocr/input_videos\上海__百联金山__20260826.mp4
OBS-000060,百联金山,魅KTV·AI辅唱,魅KTV·AI辅唱,量贩式KTV,4.8,75,3F,rated,True,,rated,parsed,rating_anchor,0.9719,0.9813,48,672,11.361,⭐🌟4.8 | 3F | 量贩式KTV￥75/人,千店连锁 | 魅KTV·AI辅唱 | ⭐🌟4.8 | 3F | 量贩式KTV￥75/人 | mei | 金山区KTV销量榜第2名 | 魅KTV | “环境干净整洁，灯光超级好看 | AI实时唱功辅唱 | F | ￥228￥268萧帮福利-纯酒水-百威啤... | 惠,ocr/input_videos\上海__百联金山__20260826.mp4
OBS-000061,百联金山,海底捞火锅,海底捞火锅,四川火锅,4.8,100,1F,rated,True,,rated,parsed,rating_anchor,0.9782,0.9991,52,672,11.361,⭐🌟⭐⭐4.8 | 1F | 四川火锅￥100/人,海底捞火锅 | 海底捞火活 | 6斤番茄锅 | ⭐🌟⭐⭐4.8 | 1F | 四川火锅￥100/人 | 6斤牙对味 | 点评榜单 | 金山区四川火锅热门榜第1名 | 特色菜品好吃，欢迎大家前来选购 | 惠 | ￥239.68.3折 | ￥290 | 海底捞×洛克王国.. | 惠 | ￥88.2 | ￥100 | 8.9折 | 【全周全天】100...,ocr/input_videos\上海__百联金山__20260826.mp4
OBS-000062,百联金山,醉辉皇·实惠家宴·海派融合菜,醉辉皇·实惠家宴·海派融合菜,特色菜,3.9,80,4F,rated,True,,rated,parsed,rating_anchor,0.9578,0.9595,47,672,11.361,🌟🌟🌟💥🌟 | 4F | 特色菜￥80/人 | 3.9,醉辉皇·实惠家宴·海派融合菜 | 醉輝 | 🌟🌟🌟💥🌟 | 4F | 特色菜￥80/人 | 3.9 | 36 | 点评榜单 | 金山区特色菜热门榜第1名 | 启辉皇,ocr/input_videos\上海__百联金山__20260826.mp4
OBS-000063,百联金山,海底捞火锅,海底捞火锅,四川火锅,4.8,100,1F,rated,True,,rated,parsed,rating_anchor,0.9781,0.9991,52,708,11.97,1F | 🌟4.8 | 四川火锅￥100/人,海底捞火锅 | 海店捞贝销 | 6斤番茄锅 | 1F | 🌟4.8 | 6斤芽对味 | 四川火锅￥100/人 | 点评榜单 | 金山区四川火锅热门榜第1名 | 特色菜品好吃，欢迎大家前来选购 | ￥239.68.3折 | ￥290海底捞×洛克王国... | 惠 | ￥88.2 | ￥100 | 8.9折 | 惠 | 【全周全天】100...,ocr/input_videos\上海__百联金山__20260826.mp4
OBS-000064,百联金山,醉辉皇·实惠家宴·海派融合菜,醉辉皇·实惠家宴·海派融合菜,特色菜,3.9,80,4F,rated,True,,rated,parsed,rating_anchor,0.9651,0.9733,51,708,11.97,4F | 🌟🌟🌟🌟🌟 | 特色菜￥80/人 | 3.9,醉辉皇·实惠家宴·海派融合菜 | 醉輝皇 | 4F | 🌟🌟🌟🌟🌟 | 特色菜￥80/人 | 3.9 | 36 | 6 | 点评榜单 | 金山区特色菜热门榜第1名 | 启辉皇 | ￥993.3折 | ￥309 | 惠 | 【限量特惠】招牌满.…. | ￥81 | 8.1折 | ￥100 | 惠 | 【正常买单专属】10...,ocr/input_videos\上海__百联金山__20260826.mp4
OBS-000065,百联金山,皮皮狗,皮皮狗,服装,3.5,,2F,rated,True,,rated,parsed,rating_anchor,0.9049,0.9997,59,708,11.97,⭐⭐3.5服装 | 2F,皮皮狗 | ⭐⭐3.5服装 | 2F,ocr/input_videos\上海__百联金山__20260826.mp4
OBS-000066,百联金山,青花椒花椒鱼,青花椒花椒鱼,酸菜鱼/煮鱼,4.3,,3F,rated,True,,rated,parsed,rating_anchor,0.9746,0.9973,55,708,11.97,🌟🌟🌟🌟 | 4.3 | 酸菜鱼/煮鱼￥81/ | 3F,青花椒花椒鱼 | 🌟🌟🌟🌟 | 4.3 | 酸菜鱼/煮鱼￥81/ | 3F | 点评榜单 | 金山区川菜销量榜第1名 | 坚持活鱼现做,ocr/input_videos\上海__百联金山__20260826.mp4
OBS-000067,百联金山,海底捞火锅,海底捞火锅,四川火锅,4.8,100,1F,rated,True,,rated,parsed,rating_anchor,0.9741,0.9991,55,744,12.578,1F | 🌟🌟⭐🌟🌟 | 4.8 | 四川火锅￥100/人,海底捞火锅 | 海店拼火锅 | 6斤番茄锅 | 1F | 🌟🌟⭐🌟🌟 | 4.8 | 四川火锅￥100/人 | 6斤牙对味 | 点评榜单 | 金山区四川火锅热门榜第1名 | 特色菜品好吃，欢迎大家前来选购 | ￥239.68.3折 | ￥290 | 惠 | 海底捞×洛克王国... | ￥100 | ￥88.2 | 惠 | 8.9折 | 【全周全天】100..,ocr/input_videos\上海__百联金山__20260826.mp4
OBS-000068,百联金山,醉辉皇·实惠家宴·海派融合菜,醉辉皇·实惠家宴·海派融合菜,特色菜,3.9,80,4F,rated,True,,rated,parsed,rating_anchor,0.9651,0.9747,51,744,12.578,★★🌟🌟🌟 | 4F | 特色菜￥80/人 | 3.9,醉辉皇·实惠家宴·海派融合菜 | 解輝皇 | ★★🌟🌟🌟 | 4F | 特色菜￥80/人 | 3.9 | 36 | 点评榜单 | 金山区特色菜热门榜第1名 | 启辉皇 | ￥309 | ￥99 | 3.3折 | 惠 | 【限量特惠】招牌满... | ￥100 | ￥81 | 8.1折 | 惠 | 【正常买单专属】10...,ocr/input_videos\上海__百联金山__20260826.mp4
OBS-000069,百联金山,皮皮狗,皮皮狗,服装,3.5,,2F,rated,True,,rated,parsed,rating_anchor,0.8962,0.9996,59,744,12.578,⭐⭐🌟⭐3.5服装 | 2F,皮皮狗 | ⭐⭐🌟⭐3.5服装 | 2F,ocr/input_videos\上海__百联金山__20260826.mp4
OBS-000070,百联金山,青花椒花椒鱼,青花椒花椒鱼,酸菜鱼/水煮鱼,4.3,81,3F,rated,True,,rated,parsed,rating_anchor,0.98,0.9973,52,744,12.578,🌟🌟⭐⭐ | 3F | 酸菜鱼/水煮鱼￥81/人 | 4.3,青花椒花椒鱼 | 🌟🌟⭐⭐ | 3F | 酸菜鱼/水煮鱼￥81/人 | 4.3 | 点评榜单 | 金山区川菜销量榜第1名 | 坚持活鱼现做,ocr/input_videos\上海__百联金山__20260826.mp4
OBS-000071,百联金山,醉辉皇·实惠家宴·海派融合菜,醉辉皇·实惠家宴·海派融合菜,特色菜,3.9,80,4F,rated,True,,rated,parsed,rating_anchor,0.973,0.982,53,816,13.795,3.9特色菜￥80/人 | 4F,醉辉皇·实惠家宴·海派融合菜 | 醉輝皇 | 3.9特色菜￥80/人 | 4F | 36 | 此 | 点评榜单 | 金山区特色菜热门榜第1名 | 启辉皇 | ￥309 | ￥993.3折 | 【限量特惠】招牌满.. | 惠 | ￥818.1折 | ￥100 | 【正常买单专属】10.. | 惠,ocr/input_videos\上海__百联金山__20260826.mp4
OBS-000072,百联金山,皮皮狗,皮皮狗,服装,3.5,,2F,rated,True,,rated,parsed,rating_anchor,0.9423,0.9991,66,816,13.795,🌟3.5服装 | 2F,皮皮狗 | 🌟3.5服装 | 2F,ocr/input_videos\上海__百联金山__20260826.mp4
OBS-000073,百联金山,青花椒花椒鱼,青花椒花椒鱼,酸菜鱼/水煮鱼,4.3,81,3F,rated,True,,rated,parsed,rating_anchor,0.9576,0.9977,55,816,13.795,酸菜鱼/水煮鱼￥81/人3F | 🌟🌟⭐🌟 | 4.3 | ★,专业做鱼13年 | 青花椒花椒鱼 | 酸菜鱼/水煮鱼￥81/人3F | 🌟🌟⭐🌟 | 4.3 | ★ | 点评榜单 | 金山区川菜销量榜第1名 | 坚持活鱼现做》 | ￥1898.6折 | ￥220 | 【双人】经典品质... | 惠 | ￥898.9折 | ￥100 | 惠 | 【扫码前台核券】10...,ocr/input_videos\上海__百联金山__20260826.mp4
OBS-000074,百联金山,小菜园新徽菜,小菜园新徽菜,徽菜,4.4,64,3F,rated,True,,rated,parsed,rating_anchor,0.9741,0.9993,55,816,13.795,★★★⭐⭐ | 3F | 4.4徽菜￥64/人,小菜园新徽菜 | ★★★⭐⭐ | 3F | 4.4徽菜￥64/人 | 点评榜单 | 百联金山购物中心美食口味榜第6名 | 小菜园 | “环境干净，服务周到，特色美味” | ￥39￥39招牌农家红烧肉（须叠加套餐. | 惠 | ￥92.89.3折 | 惠 | ￥100100元代金券,ocr/input_videos\上海__百联金山__20260826.mp4
OBS-000075,百联金山,醉辉皇·实惠家宴·海派融合菜,醉辉皇·实惠家宴·海派融合菜,特色菜,3.9,80,4F,rated,True,,rated,parsed,rating_anchor,0.9742,0.9822,53,864,14.607,🌟🌟🌟🌟🌟 | 4F | 3.9特色菜￥80/人,醉辉皇·实惠家宴·海派融合菜 | 醉輝皇 | 🌟🌟🌟🌟🌟 | 4F | 3.9特色菜￥80/人 | 36 | 点评榜单 | 金山区特色菜热门榜第1名 | 启辉皇 | ￥993.3折 | ￥309 | 【限量特惠】招牌满... | 惠 | ￥81 | ￥100 | 惠 | 8.1折 | 【正常买单专属】10...,ocr/input_videos\上海__百联金山__20260826.mp4
OBS-000076,百联金山,皮皮狗,皮皮狗,服装,3.5,,2F,rated,True,,rated,parsed,rating_anchor,0.9495,0.9992,68,864,14.607,🌟3.5服装 | 2F,皮皮狗 | 🌟3.5服装 | 2F,ocr/input_videos\上海__百联金山__20260826.mp4
OBS-000077,百联金山,青花椒花椒鱼,青花椒花椒鱼,酸菜鱼/水煮鱼,4.3,81,3F,rated,True,,rated,parsed,rating_anchor,0.9774,0.9967,52,864,14.607,🌟🌟⭐🌟🌟 | 4.3 | 酸菜鱼/水煮鱼￥81/人3F,专业做鱼13年 | 青花椒花椒鱼 | 🌟🌟⭐🌟🌟 | 4.3 | 酸菜鱼/水煮鱼￥81/人3F | 点评榜单 | 金山区川菜销量榜第1名 | 坚持活鱼现做》 | ￥1898.6折 | ￥220 | 【双人】经典品质... | 惠 | ￥100 | ￥89 | 8.9折 | 惠 | 【扫码前台核券】10...,ocr/input_videos\上海__百联金山__20260826.mp4
OBS-000078,百联金山,小菜园新徽菜,小菜园新徽菜,徽菜,4.4,64,3F,rated,True,,rated,parsed,rating_anchor,0.9746,0.9993,55,864,14.607,⭐🌟⭐ | 3F | 4.4徽菜￥64/人 | ★,小菜园新徽菜 | ⭐🌟⭐ | 3F | 4.4徽菜￥64/人 | ★ | 点评榜单 | 百联金山购物中心美食口味榜第6名 | 小莱园 | “环境干净，服务周到，特色美味” | ￥39￥39招牌农家红烧肉(须叠加套餐.. | 惠 | ￥92.89.3折 | ￥100100元代金券 | 惠,ocr/input_videos\上海__百联金山__20260826.mp4
OBS-000079,百联金山,醉辉皇·实惠家宴·海派融合菜,醉辉皇·实惠家宴·海派融合菜,特色菜,3.9,80,4F,rated,True,,rated,parsed,rating_anchor,0.9742,0.9822,53,876,14.81,🌟🌟🌟🌟🌟 | 4F | 3.9特色菜￥80/人,醉辉皇·实惠家宴·海派融合菜 | 醉輝皇 | 🌟🌟🌟🌟🌟 | 4F | 3.9特色菜￥80/人 | 36 | 点评榜单 | 金山区特色菜热门榜第1名 | 启辉皇 | ￥309 | ￥993.3折 | 【限量特惠】招牌满... | 惠 | ￥81 | ￥100 | 惠 | 8.1折 | 【正常买单专属】10...,ocr/input_videos\上海__百联金山__20260826.mp4
OBS-000080,百联金山,皮皮狗,皮皮狗,服装,3.5,,2F,rated,True,,rated,parsed,rating_anchor,0.9512,0.9988,63,876,14.81,🌟3.5服装 | 2F,皮皮狗 | 🌟3.5服装 | 2F,ocr/input_videos\上海__百联金山__20260826.mp4
OBS-000081,百联金山,青花椒花椒鱼,青花椒花椒鱼,酸菜鱼/水煮鱼,4.3,81,3F,rated,True,,rated,parsed,rating_anchor,0.961,0.9969,52,876,14.81,🌟🌟🌟🌟★ | 酸菜鱼/水煮鱼￥81/人3F | 4.3,专业做鱼13年 | 青花椒花椒鱼 | 🌟🌟🌟🌟★ | 酸菜鱼/水煮鱼￥81/人3F | 4.3 | 点评榜单 | 金山区川菜销量榜第1名 | 坚持活鱼现做》 | ￥1898.6折 | ￥220 | 【双人】经典品质... | 惠 | ￥89 | 8.9折 | ￥100 | 惠 | 【扫码前台核券】10...,ocr/input_videos\上海__百联金山__20260826.mp4
OBS-000082,百联金山,小菜园新徽菜,小菜园新徽菜,徽菜,4.4,64,3F,rated,True,,rated,parsed,rating_anchor,0.9756,0.9981,52,876,14.81,⭐🌟⭐ | 3F | 4.4徽菜￥64/人 | ★,小菜园新徽菜 | ⭐🌟⭐ | 3F | 4.4徽菜￥64/人 | ★ | 点评榜单 | 百联金山购物中心美食口味榜第6名 | 小莱园 | “环境干净，服务周到，特色美味” | ￥39￥39招牌农家红烧肉(须叠加套餐.. | 惠 | ￥92.89.3折 | 惠 | ￥100100元代金券,ocr/input_videos\上海__百联金山__20260826.mp4
OBS-000083,百联金山,青花椒花椒鱼,青花椒花椒鱼,酸菜鱼/水煮鱼,4.3,81,3F,rated,True,,rated,parsed,rating_anchor,0.9595,0.9976,55,936,15.824,⭐🌟⭐⭐ | 酸菜鱼/水煮鱼￥81/人 | 4.3 | 3F,专业做鱼13年 | 青花椒花椒鱼 | ⭐🌟⭐⭐ | 酸菜鱼/水煮鱼￥81/人 | 4.3 | 3F | 点评榜单 | 金山区川菜销量榜第1名 | 坚持活鱼现做 | ￥1898.6折 | ￥220 | 【双人】经典品质... | 惠 | ￥89 | 惠 | 8.9折 | ￥100 | 【扫码前台核券】10....,ocr/input_videos\上海__百联金山__20260826.mp4
OBS-000084,百联金山,小菜园新徽菜,小菜园新徽菜,徽菜,4.4,64,3F,rated,True,,rated,parsed,rating_anchor,0.9624,0.9985,55,936,15.824,3F | 🌟🌟🎉🌟 | 徽菜￥64/人 | 4.4,小菜园新徽菜 | 3F | 🌟🌟🎉🌟 | 徽菜￥64/人 | 4.4 | 点评榜单 | 百联金山购物中心美食口味榜第6名 | 小莱园 | 环境干净，服务周到，特色美味 | 心 | ￥39￥39招牌农家红烧肉（须叠加套餐.. | 惠 | ￥92.89.3折 | 惠 | ￥100100元代金券,ocr/input_videos\上海__百联金山__20260826.mp4
OBS-000085,百联金山,RELX悦刻电子煙店,RELX悦刻电子烟店,数码产品,3.4,,1F,rated,True,,rated,parsed,rating_anchor,0.9346,0.9428,54,936,15.824,⭐3.4数码产品 | 1F,RELX悦刻电子煙店 | ⭐3.4数码产品 | 1F | 门SRa8,ocr/input_videos\上海__百联金山__20260826.mp4
OBS-000086,百联金山,先启半步颠小酒馆,先启半步颠小酒馆,川菜馆,4.4,82,商场内,rated,True,,rated,parsed,rating_anchor,0.9888,0.9988,54,936,15.824,商场内 | 🌟🌟🌟🌟 | 4.4川菜馆￥82/人,先启半步颠小酒馆 | 新鲜现炒 | 商场内 | 🌟🌟🌟🌟 | 4.4川菜馆￥82/人 | 点评榜单 | 金山区川菜回头客榜第1名 | 特色川菜，辣子鸡花生米香脆 | 力 | ￥979.7折 | ￥100100元代金券 | 惠,ocr/input_videos\上海__百联金山__20260826.mp4
OBS-000087,百联金山,炉鱼,炉鱼,烤鱼,4.1,67,2F,rated,True,,rated,parsed,rating_anchor,0.9606,0.9991,65,936,15.824,⭐⭐⭐ | 2F | ★4.1烤鱼￥67/人,炉鱼 | ⭐⭐⭐ | 2F | ★4.1烤鱼￥67/人 | 点评榜单 | 金山区烤鱼销量榜第1名 | 蒜香鱼肉鲜美，回味无穷 | 33,ocr/input_videos\上海__百联金山__20260826.mp4
OBS-000088,百联金山,小菜园新徽菜,小菜园新徽菜,徽菜,4.4,,3F,rated,True,,rated,parsed,rating_anchor,0.9818,0.9994,52,972,16.433,3F | 4.4徽菜64/人,小菜园新徽菜 | 3F | 4.4徽菜64/人 | 点评榜单 | 百联金山购物中心美食口味榜第6名 | 小菜园 | 环境干净，服务周到，特色美味 | ￥39￥39招牌农家红烧肉(须叠加套餐.. | 惠 | ￥92.89.3折 | 惠 | ￥100100元代金券,ocr/input_videos\上海__百联金山__20260826.mp4
OBS-000089,百联金山,RELX悦刻电子煙店,RELX悦刻电子烟店,数码产品,3.4,,1F,rated,True,,rated,parsed,rating_anchor,0.9732,0.9507,56,972,16.433,1F | 3.4数码产品,RELX悦刻电子煙店 | 1F | 3.4数码产品,ocr/input_videos\上海__百联金山__20260826.mp4
OBS-000090,百联金山,先启半步颠小酒馆,先启半步颠小酒馆,川菜馆,4.4,82,商场内,rated,True,,rated,parsed,rating_anchor,0.9866,0.9979,54,972,16.433,🌟🌟🌟🌟 | 商场内 | 4.4川菜馆￥82/人 | ￥,先启半步颠小酒馆 | 新鲜现炒 | 🌟🌟🌟🌟 | 商场内 | 4.4川菜馆￥82/人 | ￥ | 点评榜单 | 金山区川菜回头客榜第1名 | 特色川菜，辣子鸡花生米香脆 | 小 | ￥979.7折 | 惠 | ￥100100元代金券,ocr/input_videos\上海__百联金山__20260826.mp4
OBS-000091,百联金山,炉鱼,炉鱼,烤鱼,4.1,67,2F,rated,True,,rated,parsed,rating_anchor,0.9745,0.9991,63,972,16.433,⭐🌟🌟⭐ | 2F | 4.1烤鱼￥67/人,炉鱼 | 炉魚 | ⭐🌟🌟⭐ | 2F | 4.1烤鱼￥67/人 | 好周年庆 | 点评榜单 | 金山区烤鱼销量榜第1名 | 蒜香鱼肉鲜美，回味无穷 | “ | ￥205.8 | ￥1688.2折 | 【新！鱼香味回归.. | 惠 | ￥989.8折 | 惠 | ￥100100元代金券,ocr/input_videos\上海__百联金山__20260826.mp4
OBS-000092,百联金山,小菜园新徽菜,小菜园新徽菜,徽菜,4.4,64,3F,rated,True,,rated,parsed,rating_anchor,0.9772,0.9988,51,1020,17.244,🌟🌟🌟🌟 | 3F | 4.4徽菜￥64/人,小菜园新徽菜 | 🌟🌟🌟🌟 | 3F | 4.4徽菜￥64/人 | 点评榜单 | 百联金山购物中心美食口味榜第6名 | 小莱园 | “环境干净，服务周到，特色美味” | 2 | 惠 | ￥39￥39 | 招牌农家红烧肉（须叠加套餐... | 惠 | ￥92.8 | 9.3折 | ￥100100元代金券,ocr/input_videos\上海__百联金山__20260826.mp4
OBS-000093,百联金山,RELX悅刻电子煙店,RELX悦刻电子烟店,数码产品,3.4,,1F,rated,True,,rated,parsed,rating_anchor,0.951,0.9526,51,1020,17.244,⭐3.4数码产品 | 1F,RELX悅刻电子煙店 | ⭐3.4数码产品 | 1F | MS.9a8,ocr/input_videos\上海__百联金山__20260826.mp4
OBS-000094,百联金山,先启半步颠小酒馆,先启半步颠小酒馆,川菜馆,4.4,82,商场内,rated,True,,rated,parsed,rating_anchor,0.9855,0.9992,54,1020,17.244,⭐🌟🌟⭐ | 商场内 | 4.4川菜馆￥82/人,先启半步颠小酒馆 | 关 | 新鲜现炒 | ⭐🌟🌟⭐ | 商场内 | 4.4川菜馆￥82/人 | 点评榜单 | 金山区川菜回头客榜第1名 | 特色川菜，辣子鸡花生米香脆 | ￥979.7折 | 惠 | ￥100100元代金券,ocr/input_videos\上海__百联金山__20260826.mp4
OBS-000095,百联金山,炉鱼,炉鱼,烤鱼,4.1,67,2F,rated,True,,rated,parsed,rating_anchor,0.9718,0.999,62,1020,17.244,⭐🌟⭐⭐★ | 2F | 4.1烤鱼￥67/人,炉鱼 | 炉鱼 | ⭐🌟⭐⭐★ | 2F | 4.1烤鱼￥67/人 | 招周年庆 | 点评榜单 | 金山区烤鱼销量榜第1名 | 蒜香鱼肉鲜美，回味无穷 | “ | 31 | ￥1688.2折 | ￥205.8 | 惠 | 【新！鱼香味回归.. | ￥989.8折 | ￥100100元代金券 | 惠,ocr/input_videos\上海__百联金山__20260826.mp4
OBS-000096,百联金山,Lee,Lee,服装,3.4,789,2F,rated,True,,rated,parsed,rating_anchor,0.9858,0.9995,56,1020,17.244,🌟🌟🎉 | 2F | 3.4服装￥789/人,Lee | Lee | 🌟🌟🎉 | 2F | 3.4服装￥789/人,ocr/input_videos\上海__百联金山__20260826.mp4
OBS-000097,百联金山,炉鱼,炉鱼,烤鱼,4.1,67,2F,rated,True,,rated,parsed,rating_anchor,0.9706,0.9994,69,1092,18.462,4.1烤鱼￥67/人 | 2F | ★★★★★,炉鱼 | 炉 | 4.1烤鱼￥67/人 | 2F | ★★★★★ | 好周年庆 | 点评榜单 | 金山区烤鱼销量榜第1名 | 蒜香鱼肉鲜美，回味无穷 | “ | 3 | ￥205.8 | 惠 | ￥1688.2折 | 【新！鱼味回归. | ￥989.8折 | ￥100100元代金券 | 惠,ocr/input_videos\上海__百联金山__20260826.mp4
OBS-000098,百联金山,Lee,Lee,服装,3.4,789,2F,rated,True,,rated,parsed,rating_anchor,0.9571,0.9995,60,1092,18.462,⭐3.4服装￥789/人 | 2F,Lee | Lee | ⭐3.4服装￥789/人 | 2F,ocr/input_videos\上海__百联金山__20260826.mp4
OBS-000099,百联金山,肯悦咖啡,肯悦咖啡,咖啡,4.1,10,1F,rated,True,,rated,parsed,rating_anchor,0.9585,0.9626,63,1092,18.462,4.1咖啡￥10/人 | 1F,肯悦咖啡 | KCOFFEE青悦 | 气泡畅爽季 | 4.1咖啡￥10/人 | 1F | ￥9.9 | 4.5折 | ￥22王牌甄选|人气热卖1... | 惠,ocr/input_videos\上海__百联金山__20260826.mp4
OBS-000100,百联金山,哈根达斯,哈根达斯,冰淇淋,4.2,50,1F,rated,True,,rated,parsed,rating_anchor,0.9831,0.9989,60,1092,18.462,⭐🌟🎉⭐ | 1F | 4.2冰淇淋￥50/人 | 2,哈根达斯 | ⭐🌟🎉⭐ | 1F | 4.2冰淇淋￥50/人 | 2 | 点评榜单 | 金山卫商圈饮品环境榜第1名 | ￥408.6折￥47 | 惠 | 【暑期必买】单球手装...,ocr/input_videos\上海__百联金山__20260826.mp4
OBS-000101,百联金山,乾唐轩,干唐轩,杂货礼品,3.5,,1F,rated,True,,rated,parsed,rating_anchor,0.9744,0.9998,63,1092,18.462,1F | ⭐3.5杂货礼品,乾唐轩 | 1F | ⭐3.5杂货礼品,ocr/input_videos\上海__百联金山__20260826.mp4
OBS-000102,百联金山,炉鱼,炉鱼,烤鱼,4.1,67,2F,rated,True,,rated,parsed,rating_anchor,0.9753,0.9988,67,1140,19.273,⭐🌟⭐⭐ | 2F | 4.1烤鱼￥67/人 | ★,炉鱼 | 炉 | ⭐🌟⭐⭐ | 2F | 4.1烤鱼￥67/人 | ★ | 好周年庆 | 点评榜单 | 金山区烤鱼销量榜第1名 | 蒜香鱼肉鲜美，回味无穷 | 小 | “ | ￥1688.2折 | ￥205.8 | 【新！鱼香味回归. | 惠 | ￥989.8折 | ￥100100元代金券 | 惠,ocr/input_videos\上海__百联金山__20260826.mp4
OBS-000103,百联金山,Lee,Lee,服装,3.4,789,2F,rated,True,,rated,parsed,rating_anchor,0.9601,0.9996,58,1140,19.273,⭐3.4服装￥789/人 | 2F,Lee | Lee | ⭐3.4服装￥789/人 | 2F,ocr/input_videos\上海__百联金山__20260826.mp4
OBS-000104,百联金山,肯悦咖啡,肯悦咖啡,咖啡,4.1,10,1F,rated,True,,rated,parsed,rating_anchor,0.9498,0.9761,61,1140,19.273,4.1咖啡￥10/人 | 1F,肯悦咖啡 | KCOFFEE青悦 | 气泡畅爽季 | 4.1咖啡￥10/人 | 1F | ￥9.9 | ￥22王牌甄选|人气热卖1.. | 4.5折 | 惠,ocr/input_videos\上海__百联金山__20260826.mp4
OBS-000105,百联金山,哈根达斯,哈根达斯,冰淇淋,4.2,50,1F,rated,True,,rated,parsed,rating_anchor,0.9815,0.9991,61,1140,19.273,1F | 🌟🌟🌟⭐ | 4.2冰淇淋￥50/人 | ★,哈根达斯 | 1F | 🌟🌟🌟⭐ | 4.2冰淇淋￥50/人 | ★ | 歸 | 点评榜单 | 金山卫商圈饮品环境榜第1名 | ￥408.6折 | ￥47 | 惠 | 【暑期必买】单球手装..,ocr/input_videos\上海__百联金山__20260826.mp4
OBS-000106,百联金山,乾唐轩,干唐轩,杂货礼品,3.5,,1F,rated,True,,rated,parsed,rating_anchor,0.9973,0.9997,65,1140,19.273,🌟🌟🌟🌟🌟 | 3.5杂货礼品 | 1F,乾唐轩 | 🌟🌟🌟🌟🌟 | 3.5杂货礼品 | 1F,ocr/input_videos\上海__百联金山__20260826.mp4
OBS-000107,百联金山,哈根达斯,哈根达斯,冰淇淋,4.2,50,1F,rated,True,,rated,parsed,rating_anchor,0.983,0.9992,60,1200,20.287,1F | ⭐🌟🌟⭐🌟 | 4.2冰淇淋￥50/人,哈根达斯 | 1F | ⭐🌟🌟⭐🌟 | 4.2冰淇淋￥50/人 | 歸 | 点评榜单 | 金山卫商圈饮品环境榜第1名 | BNXK | ￥408.6折￥47【 | 【暑期必买】单球手装.. | 惠,ocr/input_videos\上海__百联金山__20260826.mp4
OBS-000108,百联金山,乾唐轩,干唐轩,杂货礼品,3.5,,1F,rated,True,,rated,parsed,rating_anchor,0.9944,0.9998,62,1200,20.287,3.5杂货礼品 | 1F,乾唐轩 | 3.5杂货礼品 | 1F,ocr/input_videos\上海__百联金山__20260826.mp4
OBS-000109,百联金山,LELECHA乐乐茶,LELECHA乐乐茶,茶饮果汁,4.2,18,1F,rated,True,,rated,parsed,rating_anchor,0.9621,0.9992,51,1200,20.287,1F | ⭐4.2茶饮果汁￥18/人,LELECHA乐乐茶 | 无花累 | 1F | ⭐4.2茶饮果汁￥18/人 | 荔梦冰 | 点评榜单 | 金山区茶饮果汁销量榜第5名 | F | [el | 惠￥14.87.8折 | ￥19 | 【清爽果茶】随心鲜...,ocr/input_videos\上海__百联金山__20260826.mp4
OBS-000110,百联金山,爷爷不泡茶 NOYEYENOTEA,爷爷不泡茶NOYEYENOTEA,茶饮果汁,4.3,15,1F,rated,True,,rated,parsed,rating_anchor,0.9725,0.9745,57,1200,20.287,1F | 🌟🌟🌟🌟 | 4.3茶饮果汁￥15/人,爷爷不泡茶 NOYEYENOTEA | 泰式情限时上新 | 1F | 🌟🌟🌟🌟 | 4.3茶饮果汁￥15/人 | 点评榜单 | 金山区茶饮果汁回头客榜第3名 | 味合适，需排队，服务快速” | “ | ￥8.95.6折 | ￥16 | 惠 | 【百万爆款】白兰青提,ocr/input_videos\上海__百联金山__20260826.mp4
OBS-000111,百联金山,哈根达斯,哈根达斯,冰淇淋,4.2,50,1F,rated,True,,rated,parsed,rating_anchor,0.983,0.9994,63,1212,20.49,1F | 🌟🌟 | 4.2冰淇淋￥50/人 | ★,哈根达斯 | 1F | 🌟🌟 | 4.2冰淇淋￥50/人 | ★ | 点评榜单 | 金山卫商圈饮品环境榜第1名 | MXKU | ￥408.6折 | ￥47 | 【暑期必买】单球手装... | 惠,ocr/input_videos\上海__百联金山__20260826.mp4
OBS-000112,百联金山,乾唐轩,干唐轩,杂货礼品,3.5,,1F,rated,True,,rated,parsed,rating_anchor,0.955,0.9998,62,1212,20.49,🌟3.5杂货礼品 | 1F,乾唐轩 | 🌟3.5杂货礼品 | 1F,ocr/input_videos\上海__百联金山__20260826.mp4
OBS-000113,百联金山,LELECHA乐乐茶,LELECHA乐乐茶,茶饮果汁,4.2,18,1F,rated,True,,rated,parsed,rating_anchor,0.9873,0.9985,52,1212,20.49,4.2茶饮果汁￥18/人 | ⭐🌟⭐⭐ | 1F,LELECHA乐乐茶 | 无花果 | 4.2茶饮果汁￥18/人 | ⭐🌟⭐⭐ | 1F | 荔拉冰 | 点评榜单 | 金山区茶饮果汁销量榜第5名 | [eli | 乐 | ￥14.87.8折 | ￥19 | 【清爽果茶】随心鲜.. | 惠,ocr/input_videos\上海__百联金山__20260826.mp4
OBS-000114,百联金山,爷爷不泡茶NOYEYENOTEA,爷爷不泡茶NOYEYENOTEA,茶饮果汁,4.3,15,1F,rated,True,,rated,parsed,rating_anchor,0.9826,0.9957,57,1212,20.49,🌟🌟🌟🌟 | 1F | 4.3茶饮果汁￥15/人,爷爷不泡茶NOYEYENOTEA | 泰式波情限时上新 | 🌟🌟🌟🌟 | 1F | 4.3茶饮果汁￥15/人 | 点评榜单 | 金山区茶饮果汁回头客榜第3名 | 味合适，需排队，服务快速” | “ | ￥8.9 | 5.6折 | ￥16 | 【百万爆款】白兰青提 | 惠,ocr/input_videos\上海__百联金山__20260826.mp4
OBS-000115,百联金山,赢利石珠宝,赢利石珠宝,综合珠宝首饰,3.7,,1F,rated,True,,rated,parsed,rating_anchor,0.9906,0.9866,59,1212,20.49,3.7综合珠宝首饰 | 1F,赢利石珠宝 | 新利石 | 3.7综合珠宝首饰 | 1F,ocr/input_videos\上海__百联金山__20260826.mp4
OBS-000116,百联金山,哈根达斯,哈根达斯,冰淇淋,4.2,50,1F,rated,True,,rated,parsed,rating_anchor,0.9866,0.9983,62,1260,21.302,1F | 🌟🌟🌟🎉 | 4.2冰淇淋￥50/人,哈根达斯 | 1F | 🌟🌟🌟🎉 | 4.2冰淇淋￥50/人 | 蟠 | 点评榜单 | 金山卫商圈饮品环境榜第1名 | ￥408.6折 | ￥47 | 惠 | 【暑期必买】单球手装.,ocr/input_videos\上海__百联金山__20260826.mp4
OBS-000117,百联金山,乾唐轩,干唐轩,杂货礼品,3.5,,1F,rated,True,,rated,parsed,rating_anchor,0.9389,0.9998,62,1260,21.302,⭐⭐3.5杂货礼品 | 1F,乾唐轩 | ⭐⭐3.5杂货礼品 | 1F,ocr/input_videos\上海__百联金山__20260826.mp4
OBS-000118,百联金山,LELECHA乐乐茶,LELECHA乐乐茶,茶饮果汁,4.2,18,1F,rated,True,,rated,parsed,rating_anchor,0.9868,0.9991,58,1260,21.302,⭐🌟⭐🎉🌟 | 1F | 4.2茶饮果汁￥18/人,LELECHA乐乐茶 | 无花果 | ⭐🌟⭐🎉🌟 | 1F | 4.2茶饮果汁￥18/人 | 荔梦冰 | 点评榜单 | 17 | 金山区茶饮果汁销量榜第5名 | [LELeCHA) | 5 | ￥19 | ￥14.87.8折 | 【清爽果茶】随心鲜….. | 惠,ocr/input_videos\上海__百联金山__20260826.mp4
OBS-000119,百联金山,爷爷不泡茶 NOYEYENOTEA,爷爷不泡茶NOYEYENOTEA,茶饮果汁,4.3,15,1F,rated,True,,rated,parsed,rating_anchor,0.9692,0.9772,57,1260,21.302,1F | 🌟🌟⭐⭐ | 茶饮果汁￥15/人 | 4.3,爷爷不泡茶 NOYEYENOTEA | 泰式浓情限时上新 | 1F | 🌟🌟⭐⭐ | 茶饮果汁￥15/人 | 4.3 | 点评榜单 | 金山区茶饮果汁回头客榜第3名 | 口味合适，无需排队，服务快速 | “ | ￥8.9 | 5.6折 | ￥16 | 【百万爆款】白兰青提 | 惠,ocr/input_videos\上海__百联金山__20260826.mp4
OBS-000120,百联金山,赢利石珠宝,赢利石珠宝,综合珠宝首饰,3.7,,1F,rated,True,,rated,parsed,rating_anchor,0.9688,0.9835,62,1260,21.302,3.7 综合珠宝首饰 | 1F,赢利石珠宝 | 新利石 | 3.7 综合珠宝首饰 | 1F | 1点点,ocr/input_videos\上海__百联金山__20260826.mp4
OBS-000121,百联金山,乳居轩,乳居轩,杂货礼品,3.5,,1F,rated,True,,rated,parsed,rating_anchor,0.8182,0.6432,42,1320,22.316,1F | 🌟🌟🌟🌟🌟 | 3.5杂货礼品,乳居轩 | 1F | 🌟🌟🌟🌟🌟 | 3.5杂货礼品,ocr/input_videos\上海__百联金山__20260826.mp4
OBS-000122,百联金山,LELECHA乐乐茶,LELECHA乐乐茶,茶饮果汁,4.2,18,1F,rated,True,,rated,parsed,rating_anchor,0.9884,0.9988,51,1320,22.316,1F | ⭐🌟⭐⭐ | 4.2茶饮果汁￥18/人 | ￥,LELECHA乐乐茶 | 无花果 | 1F | ⭐🌟⭐⭐ | 4.2茶饮果汁￥18/人 | ￥ | 荔接冰 | 点评榜单 | Lae | 金山区茶饮果汁销量榜第5名 | LeLoals | 5 | ￥14.87.8折 | ￥19 | 【清爽果茶】随心鲜.….. | 惠,ocr/input_videos\上海__百联金山__20260826.mp4
OBS-000123,百联金山,爷爷不泡茶NOYEYENOTEA,爷爷不泡茶NOYEYENOTEA,茶饮果汁,4.3,15,1F,rated,True,,rated,parsed,rating_anchor,0.9851,0.9959,51,1320,22.316,1F | ⭐🌟🌟⭐ | 4.3茶饮果汁￥15/人,爷爷不泡茶NOYEYENOTEA | 泰式波情限时上新 | 1F | ⭐🌟🌟⭐ | 4.3茶饮果汁￥15/人 | 点评榜单 | 金山区茶饮果汁回头客榜第3名 | 口味合适，无需排队，服务快速” | ￥8.9 | ￥16 | 5.6折 | 【百万爆款】白兰青提 | 惠,ocr/input_videos\上海__百联金山__20260826.mp4
OBS-000124,百联金山,赢利石珠宝,赢利石珠宝,综合珠宝首饰,3.7,,1F,rated,True,,rated,parsed,rating_anchor,0.9678,0.9814,58,1320,22.316,3.7 综合珠宝首饰 | 1F,赢利石珠宝 | 赢利石 | 3.7 综合珠宝首饰 | 1F,ocr/input_videos\上海__百联金山__20260826.mp4
OBS-000125,百联金山,1点点,1点点,茶饮果汁,3.8,17,1F,rated,True,,rated,parsed,rating_anchor,0.9861,0.9994,62,1320,22.316,1F | 🌟🌟🎉🌟🌟 | 3.8茶饮果汁￥17/人,1点点 | 1F | 🌟🌟🎉🌟🌟 | 3.8茶饮果汁￥17/人 | 黑點 | 点评榜单 | 金山区茶饮果汁回头客榜第1名 | “奶茶速度快，服务态度好，味道好” | ￥17.1 | 9.5折 | QQ美莓奶茶（大杯） | ￥18 | 惠,ocr/input_videos\上海__百联金山__20260826.mp4
OBS-000126,百联金山,爷爷不泡茶NOYEYENOTEA,爷爷不泡茶NOYEYENOTEA,茶饮果汁,4.3,15,1F,rated,True,,rated,parsed,rating_anchor,0.9861,0.9951,54,1332,22.519,🌟🌟💥🎉 | 1F | 4.3茶饮果汁￥15/人,爷爷不泡茶NOYEYENOTEA | 泰式始情限时上新 | 🌟🌟💥🎉 | 1F | 4.3茶饮果汁￥15/人 | 点评榜单 | 金山区茶饮果汁回头客榜第3名 | 口味合适，需排队，服务快速 | “ | 55 | ￥8.95.6折 | ￥16 | 【百万爆款】白兰青提 | 惠,ocr/input_videos\上海__百联金山__20260826.mp4
OBS-000127,百联金山,赢利石珠宝,赢利石珠宝,综合珠宝首饰,3.7,,1F,rated,True,,rated,parsed,rating_anchor,0.9694,0.9909,62,1332,22.519,1F | 3.7 综合珠宝首饰,赢利石珠宝 | 燕利石 | 1F | 3.7 综合珠宝首饰,ocr/input_videos\上海__百联金山__20260826.mp4
OBS-000128,百联金山,1点点,1点点,茶饮果汁,3.8,17,1F,rated,True,,rated,parsed,rating_anchor,0.9854,0.9994,70,1332,22.519,⭐🌟🌟🌟🎉 | 1F | 3.8茶饮果汁￥17/人,1点点 | ⭐🌟🌟🌟🎉 | 1F | 3.8茶饮果汁￥17/人 | 黑照 | 点评榜单 | 金山区茶饮果汁回头客榜第1名 | 1 | 奶茶速度快，服务态度好，味道好” | 9.5折 | ￥17.1 | ￥18QQ美莓奶茶(大杯） | 惠,ocr/input_videos\上海__百联金山__20260826.mp4
OBS-000129,百联金山,霸王茶姬,霸王茶姬,茶饮果汁,4.1,20,1F,rated,True,,rated,parsed,rating_anchor,0.9764,0.991,60,1332,22.519,🌟🌟💥🌟 | 1F | 4.1茶饮果汁￥20/人 | ★,霸王茶姬 | 🌟🌟💥🌟 | 1F | 4.1茶饮果汁￥20/人 | ★ | CHAGEE | 鲜奶茶20元，7选1，杯杯好喝 | 3 | “ | ￥189折 | ￥20 | 惠 | 【新会员专享】伯绝弦,ocr/input_videos\上海__百联金山__20260826.mp4
OBS-000130,百联金山,爷爷不泡茶NOYEYENOTEA,爷爷不泡茶NOYEYENOTEA,茶饮果汁,4.3,15,1F,rated,True,,rated,parsed,rating_anchor,0.9807,0.9954,54,1380,23.331,🌟🌟🎉🌟 | 1F | 茶饮果汁￥15/人 | 4.3,爷爷不泡茶NOYEYENOTEA | 泰式政情限叮上新 | 🌟🌟🎉🌟 | 1F | 茶饮果汁￥15/人 | 4.3 | 点评榜单 | 金山区茶饮果汁回头客榜第3名 | 口味合适，无需排队，服务快速 | “ | 55 | 5.6折 | ￥16 | ￥8.9 | 【百万爆款】白兰青提 | 惠,ocr/input_videos\上海__百联金山__20260826.mp4
OBS-000131,百联金山,赢利石珠宝,赢利石珠宝,综合珠宝首饰,3.7,,1F,rated,True,,rated,parsed,rating_anchor,0.9686,0.9853,55,1380,23.331,3.7 综合珠宝首饰 | 1F,赢利石珠宝 | 赢利石 | 3.7 综合珠宝首饰 | 1F,ocr/input_videos\上海__百联金山__20260826.mp4
OBS-000132,百联金山,1点点,1点点,茶饮果汁,3.8,17,1F,rated,True,,rated,parsed,rating_anchor,0.9874,0.9995,63,1380,23.331,🌟🌟🌟🌟🌟 | 1F | 3.8茶饮果汁￥17/人,1点点 | 🌟🌟🌟🌟🌟 | 1F | 3.8茶饮果汁￥17/人 | 黑點 | 点评榜单 | 金山区茶饮果汁回头客榜第1名 | 奶茶速度快，服务态度好，味道好” | S | 9.5折 | ￥17.1 | ￥18 | QQ美莓奶茶（大杯） | 惠,ocr/input_videos\上海__百联金山__20260826.mp4
OBS-000133,百联金山,霸王茶姬,霸王茶姬,茶饮果汁,4.1,20,1F,rated,True,,rated,parsed,rating_anchor,0.9854,0.9953,57,1380,23.331,🌟🌟⭐🌟🌟 | 1F | 4.1茶饮果汁￥20/人,霸王茶姬 | 🌟🌟⭐🌟🌟 | 1F | 4.1茶饮果汁￥20/人 | CHAGEE | 鲜奶茶20元，7选1，杯杯好喝 | ￥189折 | ￥20 | 惠 | 【新会员专享】伯牙绝弦,ocr/input_videos\上海__百联金山__20260826.mp4
OBS-000134,百联金山,森马,森马,服装,4.4,391,2F,rated,True,,rated,parsed,rating_anchor,0.9848,0.9997,66,1380,23.331,🌟🌟🌟🌟 | 2F | 4.4服装￥391/人,森马 | SEM/R | 🌟🌟🌟🌟 | 2F | 4.4服装￥391/人 | 点评榜单 | 金山区服装好评榜第3名,ocr/input_videos\上海__百联金山__20260826.mp4
OBS-000135,百联金山,赢利石珠宝,赢利石珠宝,综合珠宝首饰,3.7,,1F,rated,True,,rated,parsed,rating_anchor,0.9905,0.9816,55,1452,24.548,1F | 🌟⭐🌟⭐3.7 | 综合珠宝首饰,赢利石珠宝 | 赢利石 | 1F | 🌟⭐🌟⭐3.7 | 综合珠宝首饰,ocr/input_videos\上海__百联金山__20260826.mp4
OBS-000136,百联金山,1点点,1点点,茶饮果汁,3.8,17,1F,rated,True,,rated,parsed,rating_anchor,0.9859,0.9995,63,1452,24.548,🌟🌟🌟🌟⭐ | 1F | 3.8茶饮果汁￥17/人,1点点 | 🌟🌟🌟🌟⭐ | 1F | 3.8茶饮果汁￥17/人 | 黑點 | 点评榜单 | 金山区茶饮果汁回头客榜第1名 | 奶茶速度快，服务态度好，味道好” | 9.5折 | ￥18QQ美莓奶茶（大杯） | ￥17.1 | 惠,ocr/input_videos\上海__百联金山__20260826.mp4
OBS-000137,百联金山,霸王茶姬,霸王茶姬,茶饮果汁,4.1,20,1F,rated,True,,rated,parsed,rating_anchor,0.9812,0.9904,59,1452,24.548,🌟🎉⭐ | 1F | 4.1茶饮果汁￥20/人 | ★,霸王茶姬 | 🌟🎉⭐ | 1F | 4.1茶饮果汁￥20/人 | ★ | CHAGEE | 鲜奶茶20元，7选1，杯杯好喝 | “ | ￥189折 | ￥20 | 惠 | 【新会员专享】伯牙绝弦,ocr/input_videos\上海__百联金山__20260826.mp4
OBS-000138,百联金山,森马,森马,服装,4.4,391,2F,rated,True,,rated,parsed,rating_anchor,0.982,0.9997,62,1452,24.548,🌟🌟🌟🎉 | 4.4服装￥391/人 | 2F,森马 | SEM/R | 🌟🌟🌟🎉 | 4.4服装￥391/人 | 2F | 点评榜单 | 金山区服装好评榜第3名,ocr/input_videos\上海__百联金山__20260826.mp4
OBS-000139,百联金山,LINLEE林里·手打柠檬茶,LINLEE林里·手打柠檬茶,茶饮果汁,4.2,18,1F,rated,True,,rated,parsed,rating_anchor,0.9735,0.9839,50,1452,24.548,1F | 4.2茶饮果汁￥18/人,LINLEE林里·手打柠檬茶 | 新学期 | 唤醒元气 | 鲜活力 | 1F | 4.2茶饮果汁￥18/人 | “ | 非常喜欢的柠檬茶 | 5 | 9 | 2,ocr/input_videos\上海__百联金山__20260826.mp4
OBS-000140,百联金山,霸王茶姬,霸王茶姬,茶饮果汁,4.1,20,1F,rated,True,,rated,parsed,rating_anchor,0.986,0.995,57,1476,24.954,1F | 🌟🌟🌟🌟 | 4.1茶饮果汁￥20/人 | ★,霸王茶姬 | 1F | 🌟🌟🌟🌟 | 4.1茶饮果汁￥20/人 | ★ | CHAGEE | 鲜奶茶20元，7选1，杯杯好喝 | ￥189折 | ￥20 | 惠 | 【新会员专享】伯牙绝弦,ocr/input_videos\上海__百联金山__20260826.mp4
OBS-000141,百联金山,森马,森马,服装,4.4,391,2F,rated,True,,rated,parsed,rating_anchor,0.978,0.9996,67,1476,24.954,🌟🌟⭐⭐ | 2F | 4.4服装￥391/人 | ★,森马 | SEIM/R | 🌟🌟⭐⭐ | 2F | 4.4服装￥391/人 | ★ | 点评榜单 | 金山区服装好评榜第3名,ocr/input_videos\上海__百联金山__20260826.mp4
OBS-000142,百联金山,LINLEE林里·手打柠檬茶,LINLEE林里·手打柠檬茶,茶饮果汁,4.2,18,1F,rated,True,,rated,parsed,rating_anchor,0.9781,0.995,51,1476,24.954,4.2茶饮果汁￥18/人 | 1F,LINLEE林里·手打柠檬茶 | 新学期 | 唤醒元气 | 鲜活力 | 4.2茶饮果汁￥18/人 | 1F | L | ，非常喜欢的柠檬茶 | “ | 品 | ￥9.156.1折 | ￥15 | 惠 | 【解腻闭眼囤】清新..,ocr/input_videos\上海__百联金山__20260826.mp4
OBS-000143,百联金山,茉酸奶,茉酸奶,酸奶鲜奶,,23,1F,new_store,False,new_store,ocr_missing,parsed,metadata_anchor,0.9822,0.9965,62,1476,24.954,1F | 新店 | 酸奶鲜奶￥23/人,茉酸奶 | Murairgudame | 1F | 新店 | 酸奶鲜奶￥23/人 | 福 | 点评榜单 | 金山区饮品新店榜第3名 | ￥27.99.7折 | ￥29 | 惠 | 【人气TOP】原创牛..,ocr/input_videos\上海__百联金山__20260826.mp4
OBS-000144,百联金山,hotwind热风,hotwind热风,服装,4.1,382,2F,rated,True,,rated,parsed,rating_anchor,0.9856,0.9989,51,1476,24.954,2F | 🌟🌟🌟🌟 | 4.1服装￥382/人 | ★,hotwind热风 | 2F | 🌟🌟🌟🌟 | 4.1服装￥382/人 | ★ | “停车便，服简单时尚” | “,ocr/input_videos\上海__百联金山__20260826.mp4
OBS-000145,百联金山,霸王茶姬,霸王茶姬,茶饮果汁,4.1,20,1F,rated,True,,rated,parsed,rating_anchor,0.9725,0.9878,62,1524,25.765,★★★★★ | 1F | 4.1茶饮果汁￥20/人,霸王茶姬 | ★★★★★ | 1F | 4.1茶饮果汁￥20/人 | CHAGEE | 鲜奶茶20元，7选1，杯杯好喝 | “ | ￥189折 | ￥20 | 惠 | 【新会员专享】伯牙绝弦,ocr/input_videos\上海__百联金山__20260826.mp4
OBS-000146,百联金山,森马,森马,服装,4.4,391,2F,rated,True,,rated,parsed,rating_anchor,0.9808,0.9997,65,1524,25.765,⭐🌟🌟⭐ | 2F | 4.4服装￥391/人 | ★,森马 | SEM/E | ⭐🌟🌟⭐ | 2F | 4.4服装￥391/人 | ★ | 点评榜单 | 金山区服装好评榜第3名,ocr/input_videos\上海__百联金山__20260826.mp4
OBS-000147,百联金山,LINLEE林里·手打柠檬茶,LINLEE林里·手打柠檬茶,茶饮果汁,4.2,18,1F,rated,True,,rated,parsed,rating_anchor,0.926,0.9846,50,1524,25.765,1F | ⭐⭐⭐4.2茶饮果汁￥18/人,LINLEE林里·手打柠檬茶 | 新学期 | 唤醒元气 | 鲜活力 | 1F | ⭐⭐⭐4.2茶饮果汁￥18/人 | YRALIMY | ，非常喜欢的柠檬茶” | “ | 通 | ￥15 | ￥9.156.1折 | 【解腻闭眼囤】清新. | 惠,ocr/input_videos\上海__百联金山__20260826.mp4
OBS-000148,百联金山,茉酸奶,茉酸奶,酸奶鲜奶,,23,1F,new_store,False,new_store,ocr_missing,parsed,metadata_anchor,0.9774,0.9897,64,1524,25.765,新店 | 1F | 酸奶鲜奶￥23/人,茉酸奶 | MiuOgueamB | C | 新店 | 1F | 酸奶鲜奶￥23/人 | 点评榜单 | 金山区饮品新店榜第3名 | ￥29 | ￥27.99.7折 | 【人气TOP】原创牛 | 惠,ocr/input_videos\上海__百联金山__20260826.mp4
OBS-000149,百联金山,hotwind热风,hotwind热风,服装,4.1,382,2F,rated,True,,rated,parsed,rating_anchor,0.9831,0.9989,51,1524,25.765,2F | 🌟🌟🌟🌟 | 4.1服装￥382/人 | ★,hotwind热风 | 2F | 🌟🌟🌟🌟 | 4.1服装￥382/人 | ★ | “停车方便，衣服简单时尚” | hotwind | 田人 | 风汉酒,ocr/input_videos\上海__百联金山__20260826.mp4
OBS-000150,百联金山,茉酸奶,茉酸奶,酸奶鲜奶,,23,1F,new_store,False,new_store,ocr_missing,parsed,metadata_anchor,0.9798,0.9967,62,1584,26.779,1F | 新店 | 酸奶鲜奶￥23/人,茉酸奶 | MOguEmR | 1F | 新店 | 酸奶鲜奶￥23/人 | 点评榜单 | 金山区饮品新店榜第3名 | ￥27.99.7折 | ￥29 | 【人TOP】原创. | 惠,ocr/input_videos\上海__百联金山__20260826.mp4
OBS-000151,百联金山,hotwind热风,hotwind热风,服装,4.1,382,2F,rated,True,,rated,parsed,rating_anchor,0.9812,0.9982,55,1584,26.779,2F | 4.1服装￥382/人,hotwind热风 | 2F | 4.1服装￥382/人 | “停车便，衣服简单时尚 | hotwind,ocr/input_videos\上海__百联金山__20260826.mp4
OBS-000152,百联金山,野人先生Gelato,野人先生Gelato,冰淇淋,4.1,26,1F,rated,True,,rated,parsed,rating_anchor,0.9801,0.998,57,1584,26.779,1F | ⭐🌟⭐⭐ | 4.1冰淇淋￥26/人 | ★,野人先生Gelato | AB | 山野 | 该瑰 | 1F | ⭐🌟⭐⭐ | 4.1冰淇淋￥26/人 | GELATO | ★ | 点评榜单 | 金山区饮品回头客榜第1名 | 鄂 | 冰淇淋口感一流，包装高端大气” | ￥369.5折 | ￥38 | 惠 | 【任意拼】双拼口味冰...,ocr/input_videos\上海__百联金山__20260826.mp4
OBS-000153,百联金山,星巴克,星巴克,咖啡,3.9,37,1F,rated,True,,rated,parsed,rating_anchor,0.9716,0.9994,62,1584,26.779,🌟🌟🌟🌟🌟 | 1F | 3.9 | 咖啡￥37/人,星巴克 | 🌟🌟🌟🌟🌟 | 1F | 3.9 | 咖啡￥37/人 | 点评榜单 | 金山卫商圈咖啡热门榜第3名 | 真茶真奶真愛你 | ￥59.97.7折 | ￥78 | 惠 | 【爆款推荐】星巴克.,ocr/input_videos\上海__百联金山__20260826.mp4
OBS-000154,百联金山,茉酸奶,茉酸奶,酸奶鲜奶,,23,1F,new_store,False,new_store,ocr_missing,parsed,metadata_anchor,0.9863,0.9993,61,1608,27.185,新店 | 酸奶鲜奶￥23/人 | 1F,茉酸奶 | Mirmgmen | 新店 | 酸奶鲜奶￥23/人 | 1F | 福 | 点评榜单 | 金山区饮品新店榜第3名 | ￥27.99.7折 | ￥29 | 【人气TOP】原创牛. | 惠,ocr/input_videos\上海__百联金山__20260826.mp4
OBS-000155,百联金山,hotwind热风,hotwind热风,服装,4.1,382,2F,rated,True,,rated,parsed,rating_anchor,0.9875,0.9987,51,1608,27.185,🌟🌟🌟⭐🌟 | 4.1服装￥382/人 | 2F,hotwind热风 | 🌟🌟🌟⭐🌟 | 4.1服装￥382/人 | 2F | “停车便，衣服简单时尚 | hotwind,ocr/input_videos\上海__百联金山__20260826.mp4
OBS-000156,百联金山,野人先生Gelato,野人先生Gelato,冰淇淋,4.1,26,1F,rated,True,,rated,parsed,rating_anchor,0.9832,0.9991,58,1608,27.185,1F | ⭐🌟⭐ | 4.1冰淇淋￥26/人 | ★,野人先生Gelato | 8 | 山野 | 张瑰 | 1F | ⭐🌟⭐ | 4.1冰淇淋￥26/人 | ★ | GELATO | 点评榜单 | 金山区饮品回头客榜第1名 | S | 冰淇淋口感一流，包装高端大气” | 小 | ￥369.5折 | ￥38 | 【任意拼】双拼口味冰... | 惠,ocr/input_videos\上海__百联金山__20260826.mp4
OBS-000157,百联金山,星巴克,星巴克,咖啡,3.9,37,1F,rated,True,,rated,parsed,rating_anchor,0.9702,0.9995,62,1608,27.185,🌟🌟🌟🌟🌟 | 1F | 咖啡￥37/人 | 3.9,星巴克 | 🌟🌟🌟🌟🌟 | 1F | 咖啡￥37/人 | 3.9 | 点评榜单 | 金山卫商圈咖啡热门榜第3名 | 真茶真奶真爱你 | ￥59.97.7折 | ￥78 | 【爆款推荐】星巴克... | 惠,ocr/input_videos\上海__百联金山__20260826.mp4
OBS-000158,百联金山,Columbia,Columbia,运动户外,3.3,1702,1F,rated,True,,rated,parsed,rating_anchor,0.9772,0.9994,54,1608,27.185,3.3运动户外￥1702/人 | 1F,Columbia | Columnbia | 3.3运动户外￥1702/人 | 1F | CoCo都可,ocr/input_videos\上海__百联金山__20260826.mp4
OBS-000159,百联金山,茉酸奶,茉酸奶,酸奶鲜奶,,23,1F,new_store,False,new_store,ocr_missing,parsed,metadata_anchor,0.9809,0.9977,62,1644,27.794,新店 | 1F | 酸奶鲜奶￥23/人,茉酸奶 | Mim | 新店 | 1F | 酸奶鲜奶￥23/人 | 点评榜单 | 金山区饮品新店榜第3名 | ￥27.99.7折 | 【人气TOP】原创牛. | ￥29 | 惠,ocr/input_videos\上海__百联金山__20260826.mp4
OBS-000160,百联金山,hotwind热风,hotwind热风,服装,4.1,382,2F,rated,True,,rated,parsed,rating_anchor,0.9865,0.9987,54,1644,27.794,⭐🌟⭐⭐ | 2F | 4.1服装￥382/人 | ★,hotwind热风 | ⭐🌟⭐⭐ | 2F | 4.1服装￥382/人 | ★ | “停车方便，衣服简单时尚 | hotwind,ocr/input_videos\上海__百联金山__20260826.mp4
OBS-000161,百联金山,野人先生Gelato,野人先生Gelato,冰淇淋,4.1,26,1F,rated,True,,rated,parsed,rating_anchor,0.9823,0.9987,54,1644,27.794,🌟🌟⭐⭐ | 4.1冰淇淋￥26/人 | 1F | ★,野人先生Gelato | e | 山野 | 张瑰 | 🌟🌟⭐⭐ | 4.1冰淇淋￥26/人 | 1F | ★ | GELATO | 点评榜单 | 金山区饮品回头客榜第1名 | 鄂 | 冰淇淋口感一流，包装高端大气” | ￥369.5折 | ￥38 | 【任意拼】双拼口味冰... | 惠,ocr/input_videos\上海__百联金山__20260826.mp4
OBS-000162,百联金山,星巴克,星巴克,咖啡,3.9,37,1F,rated,True,,rated,parsed,rating_anchor,0.9691,0.9994,62,1644,27.794,1F | 🌟🌟⭐🌟⭐ | 咖啡￥37/人 | 3.9,星巴克 | 1F | 🌟🌟⭐🌟⭐ | 咖啡￥37/人 | 3.9 | 点评榜单 | 金山卫商圈咖啡热门榜第3名 | 真茶真奶真爱你 | ￥59.97.7折 | 【爆款推荐】星巴克. | ￥78 | 惠,ocr/input_videos\上海__百联金山__20260826.mp4
OBS-000163,百联金山,Columbia,Columbia,运动户外,3.3,1702,1F,rated,True,,rated,parsed,rating_anchor,0.9803,0.9995,54,1644,27.794,3.3运动户外￥1702/人 | 1F,Calunbis | Columbia | 3.3运动户外￥1702/人 | 1F,ocr/input_videos\上海__百联金山__20260826.mp4
OBS-000164,百联金山,hotwind热风,hotwind热风,服装,4.1,382,2F,rated,True,,rated,parsed,rating_anchor,0.9804,0.9988,55,1692,28.605,2F | 4.1服装￥382/人,hotwind热风 | 2F | 4.1服装￥382/人 | “停车便，服简单时尚 | 5 | hotwind,ocr/input_videos\上海__百联金山__20260826.mp4
OBS-000165,百联金山,野人先生Gelato,野人先生Gelato,冰淇淋,4.1,26,1F,rated,True,,rated,parsed,rating_anchor,0.9853,0.9988,52,1692,28.605,🌟🌟⭐⭐ | 1F | 4.1冰淇淋￥26/人,野人先生Gelato | ea | 山野 | 该瑰 | 🌟🌟⭐⭐ | 1F | 4.1冰淇淋￥26/人 | GELATO | 点评榜单 | 金山区饮品回头客榜第1名 | S | “冰淇淋口感一流，包装高端大气” | ￥38 | ￥369.5折 | 惠 | 【任意拼】双拼口味冰.,ocr/input_videos\上海__百联金山__20260826.mp4
OBS-000166,百联金山,星巴克,星巴克,咖啡,3.9,37,1F,rated,True,,rated,parsed,rating_anchor,0.9634,0.999,61,1692,28.605,1F | 咖啡￥37/人 | 🌟🌟★💥★ | 3.9,星巴克 | 1F | 咖啡￥37/人 | 🌟🌟★💥★ | 3.9 | 点评榜单 | 金山卫商圈咖啡热门榜第3名 | 真茶真奶真愛你 | ￥59.97.7折 | ￥78 | 【爆款推荐】星巴克... | 惠,ocr/input_videos\上海__百联金山__20260826.mp4
OBS-000167,百联金山,Columbia,Columbia,运动户外,3.3,1702,1F,rated,True,,rated,parsed,rating_anchor,0.9737,0.9995,55,1692,28.605,★3.3运动户外￥1702/人 | 1F,Columbia | Cabugbis | ★3.3运动户外￥1702/人 | 1F,ocr/input_videos\上海__百联金山__20260826.mp4
OBS-000168,百联金山,CoCo都可,CoCo都可,茶饮果汁,,13,1F,new_store,False,new_store,ocr_missing,parsed,metadata_anchor,0.9854,0.999,65,1692,28.605,新店 | 1F | 茶饮果汁￥13/人,CoCo都可 | 新店 | 1F | 茶饮果汁￥13/人 | CoCo | ￥10.67.1折 | 【清爽有料】生椰杨.. | ￥15 | 惠,ocr/input_videos\上海__百联金山__20260826.mp4
OBS-000169,百联金山,notwina,notwina,服装,4.1,382,2F,rated,True,,rated,parsed,rating_anchor,0.7324,0.4926,41,1740,29.417,⭐🌟⭐⭐⭐ | 2F | 4.1服装￥382/人,notwina | ⭐🌟⭐⭐⭐ | 2F | 4.1服装￥382/人 | “停车方便，衣服简单时尚” | (C | hotwind,ocr/input_videos\上海__百联金山__20260826.mp4
OBS-000170,百联金山,野人先生Gelato,野人先生Gelato,冰淇淋,4.1,26,1F,rated,True,,rated,parsed,rating_anchor,0.9849,0.999,57,1740,29.417,1F | 🌟🌟⭐⭐ | 4.1冰淇淋￥26/人 | ★,野人先生Gelato | A02 | 山野 | 张瑰 | 1F | 🌟🌟⭐⭐ | 4.1冰淇淋￥26/人 | ★ | GELATO | 点评榜单 | 金山区饮品回头客榜第1名 | B | 冰淇淋口感一流，包装高端大气” | ￥369.5折 | ￥38 | 【任意拼】双拼口味冰.. | 惠,ocr/input_videos\上海__百联金山__20260826.mp4
OBS-000171,百联金山,星巴克,星巴克,咖啡,3.9,37,1F,rated,True,,rated,parsed,rating_anchor,0.9652,0.9993,63,1740,29.417,咖啡￥37/人 | 1F | ⭐🌟🌟🌟🌟 | 3.9,星巴克 | 咖啡￥37/人 | 1F | ⭐🌟🌟🌟🌟 | 3.9 | 点评榜单 | 金山卫商圈咖啡热门榜第3名 | 真茶真奶真爱你 | ￥59.97.7折 | 【爆款推荐】星巴克.. | ￥78 | 惠,ocr/input_videos\上海__百联金山__20260826.mp4
OBS-000172,百联金山,Columbia,Columbia,运动户外,3.3,1702,1F,rated,True,,rated,parsed,rating_anchor,0.9823,0.9996,57,1740,29.417,3.3运动户外￥1702/人 | 1F,Columbia | 3.3运动户外￥1702/人 | 1F,ocr/input_videos\上海__百联金山__20260826.mp4
OBS-000173,百联金山,CoCo都可,CoCo都可,茶饮果汁,,13,1F,new_store,False,new_store,ocr_missing,parsed,metadata_anchor,0.9841,0.9993,60,1740,29.417,新店 | 1F | 茶饮果汁￥13/人,CoCo都可 | 新店 | 1F | 茶饮果汁￥13/人 | CoCo | ￥10.6 | ￥15 | 7.1折 | 【清爽有料】生椰杨... | 惠,ocr/input_videos\上海__百联金山__20260826.mp4
OBS-000174,百联金山,星巴克,星巴克,咖啡,3.9,37,1F,rated,True,,rated,parsed,rating_anchor,0.9562,0.9995,66,1776,30.025,咖啡￥37/人 | 1F | 🌟🌟🌟🌟🌟 | 3.9,星巴克 | 咖啡￥37/人 | 1F | 🌟🌟🌟🌟🌟 | 3.9 | 点评榜单 | 金山卫商圈咖啡热门榜第3名 | 真茶真奶真爱你 | ￥59.97.7折 | ￥78 | 【爆款推荐】星巴克.. | 惠,ocr/input_videos\上海__百联金山__20260826.mp4
OBS-000175,百联金山,Columbia,Columbia,运动户外,3.3,1702,1F,rated,True,,rated,parsed,rating_anchor,0.9795,0.9996,56,1776,30.025,3.3运动户外￥1702/人 | 1F,Columbia | 3.3运动户外￥1702/人 | 1F,ocr/input_videos\上海__百联金山__20260826.mp4
OBS-000176,百联金山,CoCo都可,CoCo都可,茶饮果汁,,13,1F,new_store,False,new_store,ocr_missing,parsed,metadata_anchor,0.9807,0.9993,62,1776,30.025,新店 | 茶饮果汁￥13/人 | 1F,CoCo都可 | 新店 | 茶饮果汁￥13/人 | 1F | 00 | CoCo | ￥10.67.1折 | ￥15 | 【清爽有料】生椰杨... | 惠,ocr/input_videos\上海__百联金山__20260826.mp4
OBS-000177,百联金山,DQ·蛋糕·冰淇淋,DQ·蛋糕·冰淇淋,冰淇淋,4.4,27,1F,rated,True,,rated,parsed,rating_anchor,0.9397,0.977,60,1776,30.025,1F | 4.4冰淇淋￥27/人,DQ·蛋糕·冰淇淋 | DQ | 果棉术 | 1F | 4.4冰淇淋￥27/人 | 点评榜单 | 金山区冰淇淋口味榜第1名 | ￥18.29.2折 | ￥19.9 | 【爆品】DQ双头怪 | 惠,ocr/input_videos\上海__百联金山__20260826.mp4
OBS-000178,百联金山,CoCo都可,CoCo都可,茶饮果汁,,13,1F,new_store,False,new_store,ocr_missing,parsed,metadata_anchor,0.9822,0.9994,64,1824,30.837,茶饮果汁￥13/人 | 1F | 新店,CoCo都可 | 茶饮果汁￥13/人 | 1F | 新店 | CoCo | 【清爽有料】生椰杨… | ￥10.67.1折 | ￥15 | 惠,ocr/input_videos\上海__百联金山__20260826.mp4
OBS-000179,百联金山,DQ·蛋糕·冰淇淋,DQ·蛋糕·冰淇淋,冰淇淋,4.4,27,1F,rated,True,,rated,parsed,rating_anchor,0.9886,0.9845,61,1824,30.837,1F | 🌟🌟🌟🎉 | 4.4冰淇淋 | ￥27/人,DQ·蛋糕·冰淇淋 | DQ | 中 | 1F | 🌟🌟🌟🎉 | 4.4冰淇淋 | ￥27/人 | 点评榜单 | 金山区冰淇淋口味榜第1名 | ￥19.9 | ￥18.29.2折 | 【爆品】DQ双头怪 | 惠,ocr/input_videos\上海__百联金山__20260826.mp4
OBS-000180,百联金山,ABLE JEANS,ABLEJEANS,服饰鞋包,3.7,918,2F,rated,True,,rated,parsed,rating_anchor,0.9584,0.9577,48,1824,30.837,3.7服饰鞋包￥918/人 | 2F,ABLE JEANS | 3.7服饰鞋包￥918/人 | 2F | へ | 全身上下都是这个牌子，风格很统” | ≤≤ | ABLE JEANS,ocr/input_videos\上海__百联金山__20260826.mp4
OBS-000181,百联金山,茉莉奶白,茉莉奶白,茶饮果汁,4.2,18,1F,rated,True,,rated,parsed,rating_anchor,0.9838,0.998,60,1824,30.837,⭐🌟🌟🌟 | 4.2茶饮果汁￥18/人 | 1F | ★,茉莉奶白 | MOLLYTEA | 第料见日 | ⭐🌟🌟🌟 | 4.2茶饮果汁￥18/人 | 1F | ★ | ￥20茉莉奶白 | 7.8折 | ￥15.6 | 1（大杯） | 惠,ocr/input_videos\上海__百联金山__20260826.mp4
OBS-000182,百联金山,桂桂茶,桂桂茶,茶饮果汁,4.2,18,1F,rated,True,,rated,parsed,rating_anchor,0.9831,0.9975,62,1824,30.837,⭐🌟⭐🎉 | 1F | 4.2茶饮果汁￥18/人 | ★,桂桂茶 | ⭐🌟⭐🎉 | 1F | 4.2茶饮果汁￥18/人 | ★ | 桂桂茶 | “本店口味独到，口感绝佳 | GUIGUICHA,ocr/input_videos\上海__百联金山__20260826.mp4
OBS-000183,百联金山,CoCo都可,CoCo都可,茶饮果汁,,13,1F,new_store,False,new_store,ocr_missing,parsed,metadata_anchor,0.9816,0.9991,65,1860,31.445,新店 | 1F | 茶饮果汁￥13/人,CoCo都可 | 新店 | 1F | 茶饮果汁￥13/人 | 0 | CoCo | 惠￥10.67.1折 | ￥15 | 【清爽有料】生椰杨..,ocr/input_videos\上海__百联金山__20260826.mp4
OBS-000184,百联金山,DQ·蛋糕·冰淇淋,DQ·蛋糕·冰淇淋,冰淇淋,4.4,27,1F,rated,True,,rated,parsed,rating_anchor,0.9721,0.9726,58,1860,31.445,🌟🌟🎉🎉 | 1F | 4.4冰淇淋￥27/人,DQ·蛋糕·冰淇淋 | DO | 芒果糯米 | 🌟🌟🎉🎉 | 1F | 4.4冰淇淋￥27/人 | 点评榜单 | 金山区冰淇淋口味榜第1名 | ￥19.9 | 9.2折 | ￥18.2 | 【爆品】DQ双头怪 | 惠,ocr/input_videos\上海__百联金山__20260826.mp4
OBS-000185,百联金山,ABLE JEANS,ABLEJEANS,服饰鞋包,3.7,918,2F,rated,True,,rated,parsed,rating_anchor,0.9555,0.9525,51,1860,31.445,⭐🌟⭐3.7 | 服饰鞋包￥918/人 | 2F,ABLE JEANS | ⭐🌟⭐3.7 | 服饰鞋包￥918/人 | 2F | へ | 全身上下都是这个牌子，风格很统 | “ | ABLE JEANS,ocr/input_videos\上海__百联金山__20260826.mp4
OBS-000186,百联金山,茉莉奶白,茉莉奶白,茶饮果汁,4.2,18,1F,rated,True,,rated,parsed,rating_anchor,0.9859,0.9967,64,1860,31.445,🌟🌟🌟⭐🌟 | 1F | 4.2茶饮果汁￥18/人,茉莉奶白 | MOLLY TEA | 荣料见日 | 🌟🌟🌟⭐🌟 | 1F | 4.2茶饮果汁￥18/人 | ￥20茉莉奶白(大杯) | ￥15.67.8折 | 惠,ocr/input_videos\上海__百联金山__20260826.mp4
OBS-000187,百联金山,桂桂茶,桂桂茶,茶饮果汁,4.2,18,1F,rated,True,,rated,parsed,rating_anchor,0.9864,0.9978,65,1860,31.445,⭐🌟⭐⭐ | 1F | 4.2茶饮果汁￥18/人 | ★,桂桂茶 | ⭐🌟⭐⭐ | 1F | 4.2茶饮果汁￥18/人 | ★ | 桂桂茶 | “本店口味独到，口感绝佳” | GUIGUICHA | ￥11.98折￥15 | 惠 | 【热卖15年】原味鸡蛋仔,ocr/input_videos\上海__百联金山__20260826.mp4
OBS-000188,百联金山,ABLE JEANS,ABLEJEANS,服饰鞋包,3.7,918,2F,rated,True,,rated,parsed,rating_anchor,0.9604,0.9771,50,1920,32.46,🌟🌟🌟🌟🌟 | 服饰鞋包￥918/人 | 2F | 3.7,ABLE JEANS | 🌟🌟🌟🌟🌟 | 服饰鞋包￥918/人 | 2F | 3.7 | 全身上下都是这个牌子，风格很统 | “ | ABLE JEANS,ocr/input_videos\上海__百联金山__20260826.mp4
OBS-000189,百联金山,茉莉奶白,茉莉奶白,茶饮果汁,4.2,18,1F,rated,True,,rated,parsed,rating_anchor,0.9875,0.9963,59,1920,32.46,🌟🌟⭐⭐🌟 | 1F | 4.2茶饮果汁￥18/人,茉莉奶白 | MOLLY TEA | 深利完日 | 🌟🌟⭐⭐🌟 | 1F | 4.2茶饮果汁￥18/人 | ￥15.67.8折 | ￥20茉莉奶白(大杯) | 惠,ocr/input_videos\上海__百联金山__20260826.mp4
OBS-000190,百联金山,桂桂茶,桂桂茶,茶饮果汁,4.2,18,1F,rated,True,,rated,parsed,rating_anchor,0.9784,0.9978,58,1920,32.46,🌟🌟★★ | 1F | 茶饮果汁￥18/人 | 4.2,桂桂茶 | 🌟🌟★★ | 1F | 茶饮果汁￥18/人 | 4.2 | 桂桂茶 | GUIGUICHA | 本店口味独到，口感绝佳 | ￥15 | ￥11.9 | 8折 | 【热卖15年】原味鸡蛋仔 | 惠,ocr/input_videos\上海__百联金山__20260826.mp4
OBS-000191,百联金山,Beautychoice全球美妆,Beautychoice全球美妆,化妆品,4.8,419,1F,rated,True,,rated,parsed,rating_anchor,0.9598,0.9781,56,1920,32.46,4.8化妆品￥419/人 | 1F,Beautychoice全球美妆 | 4.8化妆品￥419/人 | 1F | BEAUTY CHOICE | 正品护肤品，快递包邮超方便” | 全国实体门店200+,ocr/input_videos\上海__百联金山__20260826.mp4
OBS-000192,百联金山,肯德基,肯德基,西式快餐,3.8,31,1F,rated,True,,rated,parsed,rating_anchor,0.9818,0.9997,58,1920,32.46,1F | ★★★★★ | 西式快餐￥31/人 | 3.8,肯德基 | KFC | 原味鸡肉霸堡 | 新 | 1F | ★★★★★ | 西式快餐￥31/人 | 3.8 | 29.9/34 | 上下弹是系鸡 | 点评镑单 | 我量环科鸡产经 | 金山卫商圈小吃快餐回头客榜第2名,ocr/input_videos\上海__百联金山__20260826.mp4
OBS-000193,百联金山,茉莉奶白,茉莉奶白,茶饮果汁,4.2,18,1F,rated,True,,rated,parsed,rating_anchor,0.9893,0.9979,61,1944,32.866,🌟🌟💥 | 1F | 4.2茶饮果汁￥18/人 | ★,茉莉奶白 | MOLLYTEA | 莱莉免门 | 🌟🌟💥 | 1F | 4.2茶饮果汁￥18/人 | ★ | ￥15.67.8折 | ￥20茉莉奶白 | 日（大杯） | 惠,ocr/input_videos\上海__百联金山__20260826.mp4
OBS-000194,百联金山,桂桂茶,桂桂茶,茶饮果汁,4.2,18,1F,rated,True,,rated,parsed,rating_anchor,0.986,0.9961,58,1944,32.866,🌟🌟🌟🌟 | 1F | 4.2茶饮果汁￥18/人 | ★,桂桂茶 | 🌟🌟🌟🌟 | 1F | 4.2茶饮果汁￥18/人 | 桂桂茶 | ★ | GUIGUICHA | 本店口味独到，口感绝佳” | “ | ￥11.9 | ￥15 | 8折 | 惠 | 【热卖15年】原味鸡蛋仔,ocr/input_videos\上海__百联金山__20260826.mp4
OBS-000195,百联金山,Beautychoice全球美妆,Beautychoice全球美妆,化妆品,4.8,419,1F,rated,True,,rated,parsed,rating_anchor,0.9671,0.9987,57,1944,32.866,4.8化妆品￥419/人 | 1F,Beautychoice全球美妆 | 4.8化妆品￥419/人 | 1F | BEAUTY CHOICE | 正品护肤品，快递包邮超方便 | 31 | 全国实体门店200+,ocr/input_videos\上海__百联金山__20260826.mp4
OBS-000196,百联金山,肯德基,肯德基,西式快餐,3.8,31,1F,rated,True,,rated,parsed,rating_anchor,0.9793,0.9995,58,1944,32.866,🌟🌟🌟🌟 | 1F | 3.8 | 西式快餐￥31/人,肯德基 | KFC | 原味鸡肉霸堡 | 新 | 🌟🌟🌟🌟 | 1F | 3.8 | 西式快餐￥31/人 | 29.9/37 | 易师时鸡真径 | 点评榜单 | 金山卫商圈小吃快餐回头客榜第2名 | 味道好到爆，服务态度杠杠的” | 5.1折 | ￥39.5 | ￥19.9 | 【汉堡可选】主食. | 惠,ocr/input_videos\上海__百联金山__20260826.mp4
OBS-000197,百联金山,永和大王,永和大王,快餐简餐,3.8,20,1F,rated,True,,rated,parsed,rating_anchor,0.9818,0.9996,56,1944,32.866,🌟🌟🎉💥⭐ | 1F | 3.8 | 快餐简餐￥20/人,茶豆浆 | 永和大王 | 好喝重健康 | 🌟🌟🎉💥⭐ | 1F | 3.8 | 快餐简餐￥20/人 | 点评榜单 | 金山卫商圈小吃快餐热门榜第5名 | 软烂牛腩与筋道面条，营养开胃 | 永和大王 | 5,ocr/input_videos\上海__百联金山__20260826.mp4
OBS-000198,百联金山,茉莉奶白,茉莉奶白,茶饮果汁,4.2,18,1F,rated,True,,rated,parsed,rating_anchor,0.9872,0.9974,57,1968,33.271,🌟🌟🎉⭐ | 1F | 4.2茶饮果汁￥18/人 | ★,茉莉奶白 | MOLLY TEA | 荣莉免门 | 🌟🌟🎉⭐ | 1F | 4.2茶饮果汁￥18/人 | ★ | ￥15.67.8折 | ￥20茉莉奶白（大杯） | 惠,ocr/input_videos\上海__百联金山__20260826.mp4
OBS-000199,百联金山,桂桂茶,桂桂茶,茶饮果汁,4.2,18,1F,rated,True,,rated,parsed,rating_anchor,0.986,0.9971,57,1968,33.271,1F | 🌟🌟🌟🌟 | 4.2茶饮果汁￥18/人 | ★,桂桂茶 | 1F | 🌟🌟🌟🌟 | 4.2茶饮果汁￥18/人 | ★ | 桂桂茶 | GUIGUICHA | 本店口味独到，口感绝佳” | ￥15 | ￥11.9 | 8折 | 惠 | 【热卖15年】原味鸡蛋仔,ocr/input_videos\上海__百联金山__20260826.mp4
OBS-000200,百联金山,Beautychoice全球美妆,Beautychoice全球美妆,化妆品,4.8,419,1F,rated,True,,rated,parsed,rating_anchor,0.9714,0.9988,54,1968,33.271,4.8化妆品￥419/人 | 1F,Beautychoice全球美妆 | 4.8化妆品￥419/人 | 1F | BEAUTY CHOICE | 正品护肤品，快递包邮超方便 | 全国实体门店200+,ocr/input_videos\上海__百联金山__20260826.mp4
OBS-000201,百联金山,肯德基,肯德基,西式快餐,3.8,31,1F,rated,True,,rated,parsed,rating_anchor,0.9768,0.9997,64,1968,33.271,⭐🌟🌟🌟⭐ | 1F | 3.8 | 西式快餐￥31/人,肯德基 | KFC | 新 | 原味鸡肉霸堡 | ⭐🌟🌟🌟⭐ | 1F | 3.8 | 西式快餐￥31/人 | 29.9/3 | 上下编足速源 | 我量评味购公位 | 点评榜单 | 金山卫商圈小吃快餐回头客榜第2名 | 味道好到爆，服务态度杠杠的 | ￥39.5 | 5.1折 | ￥19.9 | 惠 | 【汉堡可选】主食.,ocr/input_videos\上海__百联金山__20260826.mp4
OBS-000202,百联金山,永和大王,永和大王,快餐简餐,3.8,20,1F,rated,True,,rated,parsed,rating_anchor,0.9815,0.9998,57,1968,33.271,🌟🌟⭐🌟⭐ | 1F | 快餐简餐￥20/人 | 3.8,茶浆圖 | 永和大王 | 好喝重健康 | 🌟🌟⭐🌟⭐ | 1F | 快餐简餐￥20/人 | 3.8 | 点评榜单 | 金山卫商圈小吃快餐热门榜第5名 | 软烂牛腩与筋道面条，营养开胃 | 永和大王 | ￥146.1折 | 惠 | ￥23 | 宫保鸡丁两件套,ocr/input_videos\上海__百联金山__20260826.mp4
OBS-000203,百联金山,桂桂茶,桂桂茶,茶饮果汁,4.2,18,1F,rated,True,,rated,parsed,rating_anchor,0.9768,0.9961,55,2064,34.894,1F | ⭐🌟★🌟 | 茶饮果汁￥18/人 | 4.2 | ★,桂桂茶 | 1F | ⭐🌟★🌟 | 茶饮果汁￥18/人 | 4.2 | ★ | 桂桂茶 | GUIGUICHA | 本店口味独到，口感绝佳 | C | ￥15 | ￥11.9 | 8折 | 惠 | 【热卖15年】原味鸡蛋仔,ocr/input_videos\上海__百联金山__20260826.mp4
OBS-000204,百联金山,Beautychoice全球美妆,Beautychoice全球美妆,化妆品,4.8,419,1F,rated,True,,rated,parsed,rating_anchor,0.9751,0.9987,57,2064,34.894,⭐★🌟4.8 | 1F | 化妆品￥419/人,Beautychoice全球美妆 | ⭐★🌟4.8 | 1F | 化妆品￥419/人 | BEAUTY CHOICE | 正品护肤品，快递包邮超方便 | “ | 全国实体门店200,ocr/input_videos\上海__百联金山__20260826.mp4
OBS-000205,百联金山,肯德基,肯德基,西式快餐,3.8,31,1F,rated,True,,rated,parsed,rating_anchor,0.9738,0.999,55,2064,34.894,🌟🌟🌟🌟 | 1F | 3.8 | 西式快餐￥31/人,肯德基 | KFC | 原味鸡肉霸堡 | 新 | 🌟🌟🌟🌟 | 1F | 3.8 | 西式快餐￥31/人 | 29.9/3件 | 上下都基话 | 点评榜单 | 装批科起品院 | 金山卫商圈小吃快餐回头客榜第2名 | 味道好到爆，服务态度杠杠的” | ￥39.5 | ￥19.9 | 5.1折 | 【汉堡可选】主食... | 惠,ocr/input_videos\上海__百联金山__20260826.mp4
OBS-000206,百联金山,永和大王,永和大王,快餐简餐,3.8,20,1F,rated,True,,rated,parsed,rating_anchor,0.9782,0.9996,56,2064,34.894,🌟🌟🌟🌟★ | 1F | 快餐简餐￥20/人 | 3.8,茶豆浆 | 永和大王 | 好喝史健康 | 🌟🌟🌟🌟★ | 1F | 快餐简餐￥20/人 | 3.8 | 点评榜单 | 金山卫商圈小吃快餐热门榜第5名 | 软烂牛腩与筋道面条，营养开胃 | 永和大王 | 55 | ￥146.1折 | 宫保鸡丁两件套 | ￥23 | 惠,ocr/input_videos\上海__百联金山__20260826.mp4
OBS-000207,百联金山,smart上海百联,smart上海百联,4S店,3.9,,1F,rated,True,,rated,parsed,rating_anchor,0.9971,0.9993,52,2064,34.894,4S店 | 1F | ★★★★★ | 3.9,smart上海百联 | 4S店 | 1F | ★★★★★ | 3.9 | “销售专业讲解 | 新能源汽车选择丰富”,ocr/input_videos\上海__百联金山__20260826.mp4
OBS-000208,百联金山,Beauty choice全球美妆,Beautychoice全球美妆,化妆品,4.8,419,1F,rated,True,,rated,parsed,rating_anchor,0.9468,0.9725,54,2076,35.097,4.8化妆品￥419/人 | 1F,Beauty choice全球美妆 | 4.8化妆品￥419/人 | 1F | BEAUTY CHOICE | 正品护肤品，快递包邮超方便” | 全国实体门店200+,ocr/input_videos\上海__百联金山__20260826.mp4
OBS-000209,百联金山,肯德基,肯德基,西式快餐,3.8,31,1F,rated,True,,rated,parsed,rating_anchor,0.9782,0.9998,58,2076,35.097,1F | 🌟🌟🌟🌟🌟 | 西式快餐￥31/人 | 3.8,肯德基 | KFC | 原味鸡肉霸堡 | 新 | 1F | 🌟🌟🌟🌟🌟 | 西式快餐￥31/人 | 3.8 | 29.9/3件 | 上下带提强 | 点评榜单 | 爱器家科品院 | 金山卫商圈小吃快餐回头客榜第2名 | 味道好到爆，服务态度杠杠的 | ￥19.9 | ￥39.5 | 5.1折 | 【汉堡可选】主食... | 惠,ocr/input_videos\上海__百联金山__20260826.mp4
OBS-000210,百联金山,永和大王,永和大王,快餐简餐,3.8,20,1F,rated,True,,rated,parsed,rating_anchor,0.9849,0.9996,59,2076,35.097,🌟🌟🌟🌟🌟 | 1F | 3.8快餐简餐￥20/人,茶豆浆 | 永和大王 | 好喝更健康 | 🌟🌟🌟🌟🌟 | 1F | 3.8快餐简餐￥20/人 | 点评榜单 | 金山卫商圈小吃快餐热门榜第5名 | 软烂牛腩与筋道面条，营养开胃 | 永和大王 | 5 | 中 | 6.1折 | ￥14 | 惠 | ￥23 | 宫保鸡丁两件套,ocr/input_videos\上海__百联金山__20260826.mp4
OBS-000211,百联金山,smart上海百联,smart上海百联,4S店,3.9,,1F,rated,True,,rated,parsed,rating_anchor,0.9971,0.9997,51,2076,35.097,1F | 4S店 | ⭐🌟🌈🌟🌟3.9,smart上海百联 | 1F | 4S店 | ⭐🌟🌈🌟🌟3.9 | 销售专业讲解，新能源汽车选择丰富 | 2,ocr/input_videos\上海__百联金山__20260826.mp4
OBS-000212,百联金山,成都你六姐·牛肉冒菜·麻辣香锅,成都你六姐·牛肉冒菜·麻辣香锅,快餐简餐,3.8,40,,rated,True,,rated,parsed,rating_anchor,0.9496,0.9807,50,2076,35.097,3E | 3.8快餐简餐￥40/人,成都你六姐·牛肉冒菜·麻辣香锅 | 成都你六姐 | 用· | 9周年庆 | 3E | 3.8快餐简餐￥40/人,ocr/input_videos\上海__百联金山__20260826.mp4
OBS-000213,百联金山,Beautychoice全球美妆,Beautychoice全球美妆,化妆品,4.8,419,1F,rated,True,,rated,parsed,rating_anchor,0.9697,0.9988,54,2112,35.706,★🌈4.8 | 1F | 化妆品￥419/人,Beautychoice全球美妆 | ★🌈4.8 | 1F | 化妆品￥419/人 | BEAUTY CHOICE | 正品护肤品，快递包邮超方便 | “ | 全国实体门店2004,ocr/input_videos\上海__百联金山__20260826.mp4
OBS-000214,百联金山,肯德基,肯德基,西式快餐,3.8,31,1F,rated,True,,rated,parsed,rating_anchor,0.9777,0.9996,58,2112,35.706,★★★★★ | 1F | 西式快餐￥31/人 | 3.8,肯德基 | KFC | 原味鸡肉霸堡 | 新 | ★★★★★ | 1F | 西式快餐￥31/人 | 3.8 | 29.9/3件 | 上下表 | 品家科品 | 点评榜单 | 金山卫商圈小吃快餐回头客榜第2名 | 味道好到爆，服务态度杠杠的 | ￥39.5 | ￥19.9 | 5.1折 | 【汉堡可选】主食.. | 惠,ocr/input_videos\上海__百联金山__20260826.mp4
OBS-000215,百联金山,永和大王,永和大王,快餐简餐,3.8,20,1F,rated,True,,rated,parsed,rating_anchor,0.9797,0.9996,56,2112,35.706,🌟★★ | 1F | 快餐简餐￥20/人 | 3.8,茶豆浆 | 永和大王 | 好喝更健康 | 🌟★★ | 1F | 快餐简餐￥20/人 | 3.8 | 点评榜单 | 金山卫商圈小吃快餐热门榜第5名 | 软烂牛腩与筋道面条，营养开胃 | J | 永和大王 | 惠 | ￥14 | 6.1折 | ￥23 | 宫保鸡丁两件套,ocr/input_videos\上海__百联金山__20260826.mp4
OBS-000216,百联金山,smart上海百联,smart上海百联,4S店,3.9,,1F,rated,True,,rated,parsed,rating_anchor,0.9947,0.9924,48,2112,35.706,★🌟★💥★ | 1F | 4S店 | 3.9,smart上海百联 | ★🌟★💥★ | 1F | 4S店 | 3.9 | 销售专业讲解，新能源汽车选择丰富,ocr/input_videos\上海__百联金山__20260826.mp4
OBS-000217,百联金山,成都你六姐·牛肉冒菜·麻辣香锅,成都你六姐·牛肉冒菜·麻辣香锅,快餐简餐,3.8,40,3F,rated,True,,rated,parsed,rating_anchor,0.963,0.9748,50,2112,35.706,🌟★🌟 | 3F | 快餐简餐￥40/人 | 3.8,成都你六姐·牛肉冒菜·麻辣香锅 | 成寿你六组 | 1 | 中用理用 | 9周年庆 | 🌟★🌟 | 3F | 快餐简餐￥40/人 | 3.8 | Qm3 | Meel | CNS | 9/9-9/11送水杯抽盲盒 | ￥28.99.7折 | ￥29.9 | 惠 | 【重磅新品】六姐.,ocr/input_videos\上海__百联金山__20260826.mp4
OBS-000218,百联金山,肯德基,肯德基,西式快餐,3.8,31,1F,rated,True,,rated,parsed,rating_anchor,0.977,0.9991,57,2160,36.517,🌟🌟🌟🌟⭐ | 1F | 3.8 | 西式快餐￥31/人,肯德基 | KFC | 原味鸡肉霸堡 | 新 | 🌟🌟🌟🌟⭐ | 1F | 3.8 | 西式快餐￥31/人 | 29.9/3 | 上下单是际速话 | 我量评片自公修 | 点评榜单 | 金山卫商圈小吃快餐回头客榜第2名 | 味道好到爆，服务态度杠杠的 | 3 | “ | ￥39.5 | 惠 | ￥19.9 | 5.1折 | 【汉堡可选】主食.,ocr/input_videos\上海__百联金山__20260826.mp4
OBS-000219,百联金山,永和大王,永和大王,快餐简餐,3.8,20,1F,rated,True,,rated,parsed,rating_anchor,0.9812,0.9998,53,2160,36.517,1F | 🌟🌟🌟🌟🌟 | 快餐简餐￥20/人 | 3.8,茶業 | 永和大王 | 好喝更健康 | 1F | 🌟🌟🌟🌟🌟 | 快餐简餐￥20/人 | 3.8 | 点评榜单 | 金山卫商圈小吃快餐热门榜第5名 | 软烂牛腩与筋道面条，营养开胃 | 永和大王 | 55 | 5 | ￥146.1折 | ￥23 | 惠 | 宫保鸡丁两件套,ocr/input_videos\上海__百联金山__20260826.mp4
OBS-000220,百联金山,smart上海百联,smart上海百联,4S店,3.9,,1F,rated,True,,rated,parsed,rating_anchor,0.9978,0.9996,50,2160,36.517,4S店 | 🌟🌟⭐🌟⭐ | 1F | 3.9,smart上海百联 | 4S店 | 🌟🌟⭐🌟⭐ | 1F | 3.9 | 销售专业讲解，新能源汽车选择丰富,ocr/input_videos\上海__百联金山__20260826.mp4
OBS-000221,百联金山,成都你六姐·牛肉冒菜·麻辣香锅,成都你六姐·牛肉冒菜·麻辣香锅,快餐简餐,3.8,40,3F,rated,True,,rated,parsed,rating_anchor,0.9686,0.9818,49,2160,36.517,3F | 3.8快餐简餐￥40/人,成得你六员 | 成都你六姐·牛肉冒菜·麻辣香锅 | 9周年庆 | 3F | 3.8快餐简餐￥40/人 | 9m | Meea | N | 9/9-9/11送水杯抽盲盒 | ￥29.9 | ￥28.99.7折 | 惠 | 【重磅新品】六姐... | ￥39.9 | 8.9折 | 【超值限量】45元代.. | 惠 | ￥45,ocr/input_videos\上海__百联金山__20260826.mp4
OBS-000222,百联金山,永和大王,永和大王,快餐简餐,3.8,20,1F,rated,True,,rated,parsed,rating_anchor,0.9772,0.9996,59,2208,37.329,1F | 🌟🌟🌟🌟★ | 快餐简餐￥20/人 | 3.8,茶豆米 | 永和大王 | 好喝更健康 | 1F | 🌟🌟🌟🌟★ | 快餐简餐￥20/人 | 3.8 | 点评榜单 | 金山卫商圈小吃快餐热门榜第5名 | 永和大王 | 软烂牛腩与筋道面条，营养开胃 | ￥146.1折 | 惠 | ￥23 | 宫保鸡丁两件套,ocr/input_videos\上海__百联金山__20260826.mp4
OBS-000223,百联金山,smart上海百联,smart上海百联,4S店,3.9,,1F,rated,True,,rated,parsed,rating_anchor,0.9973,0.9993,51,2208,37.329,1F | 4S店 | ★★★★★ | 3.9,smart上海百联 | 1F | 4S店 | ★★★★★ | 3.9 | 销售专业讲解，新能源汽车选择丰富 | 心,ocr/input_videos\上海__百联金山__20260826.mp4
OBS-000224,百联金山,成都你六姐·牛肉冒菜·麻辣香锅,成都你六姐·牛肉冒菜·麻辣香锅,快餐简餐,3.8,40,3F,rated,True,,rated,parsed,rating_anchor,0.9722,0.9794,53,2208,37.329,🌟🌟🌟💥🌟 | 3F | 3.8 | 快餐简餐￥40/人,成都你六姐·牛肉冒菜·麻辣香锅 | 成都综六通 | 中型 | 9周年庆 | 🌟🌟🌟💥🌟 | 3F | 3.8 | 快餐简餐￥40/人 | O加B | Mel | YENS | 9/9-9/1送水杯抽育盒 | ￥29.9 | 9.7折 | ￥28.9 | 惠 | 【重磅新品】六姐.. | 惠 | ￥39.9 | ￥45 | 8.9折 | 【超值限量】45元代...,ocr/input_videos\上海__百联金山__20260826.mp4
OBS-000225,百联金山,莉莲蛋挞,莉莲蛋挞,面包蛋糕,4.0,23,1F,rated,True,,rated,parsed,rating_anchor,0.9799,0.998,56,2208,37.329,1F | 🌟🌟🌟🌟 | 面包蛋糕￥23/人 | 4.0,莉莲蛋挞 | LILLIAR | 销 | BAKIERT | 1F | 🌟🌟🌟🌟 | 面包蛋糕￥23/人 | 4.0 | 点评榜单 | 金山卫商圈面包蛋糕甜品热门榜第1名 | 凤梨卷 | ￥29.89.4折 | ￥32 | 惠 | 【双拼蛋挞】招牌葡...,ocr/input_videos\上海__百联金山__20260826.mp4
OBS-000226,百联金山,永和大王,永和大王,快餐简餐,3.8,20,1F,rated,True,,rated,parsed,rating_anchor,0.9862,0.9997,59,2244,37.937,🌟🌟🌟🌟 | 1F | 3.8快餐简餐￥20/人,茶豆浆摩 | 永和大王 | 好喝重健康 | 🌟🌟🌟🌟 | 1F | 3.8快餐简餐￥20/人 | 点评榜单 | 金山卫商圈小吃快餐热门榜第5名 | CEU | 永和大王 | 软烂牛腩与筋道面条，营养开胃 | 55 | 6.1折 | ￥14 | ￥23 | 惠 | 宫保鸡丁两件套,ocr/input_videos\上海__百联金山__20260826.mp4
OBS-000227,百联金山,smart上海百联,smart上海百联,4S店,,,1F,unknown,True,,ocr_missing,parsed,metadata_anchor,0.9967,0.9996,54,2244,37.937,3.94S店 | 1F,smart上海百联 | 3.94S店 | 1F | 心 | 销售专业讲解，新能源汽车选择丰富,ocr/input_videos\上海__百联金山__20260826.mp4
OBS-000228,百联金山,成都你六姐·牛肉冒菜·麻辣香锅,成都你六姐·牛肉冒菜·麻辣香锅,快餐简餐,3.8,40,3F,rated,True,,rated,parsed,rating_anchor,0.9707,0.9832,54,2244,37.937,3.8快餐简餐￥40/人 | 3F,成都你六姐·牛肉冒菜·麻辣香锅 | 成都综六姐 | 用·用 | 9周年庆 | 3.8快餐简餐￥40/人 | 3F | Q加m | Meel | YCNS | 9/9-9/11送水杯抽盲盒 | ￥29.9 | ￥28.9 | 9.7折 | 【重磅新品】六姐. | 惠 | 惠 | ￥39.9 | 8.9折 | ￥45 | 【超值限量】45元代...,ocr/input_videos\上海__百联金山__20260826.mp4
OBS-000229,百联金山,莉莲蛋挞,莉莲蛋挞,面包蛋糕,4.0,23,1F,rated,True,,rated,parsed,rating_anchor,0.9866,0.999,57,2244,37.937,4.0面包蛋糕￥23/人 | 1F | 🌟🌟🎉🎉,莉莲蛋挞 | 箱 | 单 | 4.0面包蛋糕￥23/人 | 1F | 🌟🌟🎉🎉 | 点评榜单 | 金山卫商圈面包蛋糕甜品热门榜第1名 | 凤梨卷 | ￥29.89.4折 | ￥32 | 【双拼蛋挞】招牌葡... | 惠,ocr/input_videos\上海__百联金山__20260826.mp4
OBS-000230,百联金山,永和大王,永和大王,快餐简餐,3.8,20,1F,rated,True,,rated,parsed,rating_anchor,0.9857,0.9997,59,2280,38.546,🌟🌟🌟🌟🌟 | 1F | 3.8快餐简餐￥20/人,茶豆米 | 永和大王 | 好喝更健康 | 🌟🌟🌟🌟🌟 | 1F | 3.8快餐简餐￥20/人 | 点评榜单 | 金山卫商圈小吃快餐热门榜第5名 | CEU | 永和大王 | 软烂牛腩与筋道面条，营养开胃 | 55 | ￥14 | 6.1折 | ￥23 | 惠 | 宫保鸡丁两件套,ocr/input_videos\上海__百联金山__20260826.mp4
OBS-000231,百联金山,smart上海百联,smart上海百联,4S店,,,1F,unknown,True,,ocr_missing,parsed,metadata_anchor,0.9226,0.9993,54,2280,38.546,⭐⭐3.94S店 | 1F,smart上海百联 | ⭐⭐3.94S店 | 1F | 小 | 销售专业讲解，新能源汽车选择丰富 | .,ocr/input_videos\上海__百联金山__20260826.mp4
OBS-000232,百联金山,成都你六姐·牛肉冒菜·麻辣香锅,成都你六姐·牛肉冒菜·麻辣香锅,快餐简餐,3.8,40,3F,rated,True,,rated,parsed,rating_anchor,0.9667,0.982,51,2280,38.546,3.8快餐简餐￥40/人 | 3F,成都你六姐·牛肉冒菜·麻辣香锅 | 成寿你六组 | 国 | 9周年庆 | 3.8快餐简餐￥40/人 | 3F | Q加m | Meel | YCNS | 9/9-9/11送水杯抽盲盒 | ￥29.9 | ￥28.9 | 9.7折 | 【重磅新品】六姐. | 惠 | 惠 | ￥39.9 | 8.9折 | ￥45 | 【超值限量】45元代..,ocr/input_videos\上海__百联金山__20260826.mp4
OBS-000233,百联金山,莉莲蛋挞,莉莲蛋挞,面包蛋糕,4.0,23,1F,rated,True,,rated,parsed,rating_anchor,0.9865,0.9993,60,2280,38.546,4.0面包蛋糕￥23/人 | 1F | 🌟🌟🎉🎉,莉莲蛋挞 | LILLIXN | 利 | 单 | BAKIRY | 4.0面包蛋糕￥23/人 | 1F | 🌟🌟🎉🎉 | 点评榜单 | 金山卫商圈面包蛋糕甜品热门榜第1名 | 凤梨卷 | ￥32 | ￥29.8 | 9.4折 | 惠 | 【双拼蛋挞】招牌葡...,ocr/input_videos\上海__百联金山__20260826.mp4
OBS-000234,百联金山,smart上海百联,smart上海百联,4S店,3.9,,1F,rated,True,,rated,parsed,rating_anchor,0.9969,0.9996,52,2352,39.763,4S店 | 1F | 🌟🌟🌟🌟🌟 | 3.9,smart上海百联 | 4S店 | 1F | 🌟🌟🌟🌟🌟 | 3.9 | 销售专业讲解，新能源汽车选择丰富,ocr/input_videos\上海__百联金山__20260826.mp4
OBS-000235,百联金山,成都你六姐·牛肉冒菜·麻辣香锅,成都你六姐·牛肉冒菜·麻辣香锅,快餐简餐,3.8,40,3F,rated,True,,rated,parsed,rating_anchor,0.9609,0.9814,51,2352,39.763,3F | 3.8快餐简餐￥40/人,成都你六姐·牛肉冒菜·麻辣香锅 | 成得你六姐 | 有 | 9周年庆 | 3F | 3.8快餐简餐￥40/人 | 9/9-9/11送水杯抽盲盒 | ￥29.9 | ￥28.99.7折 | 【重磅新品】六姐... | 惠 | ￥39.9 | 8.9折 | ￥45 | 惠 | 【超值限量】45元代..,ocr/input_videos\上海__百联金山__20260826.mp4
OBS-000236,百联金山,莉莲蛋挞,莉莲蛋挞,面包蛋糕,4.0,23,1F,rated,True,,rated,parsed,rating_anchor,0.9842,0.9989,53,2352,39.763,★★🌟🌟 | 1F | 4.0面包蛋糕￥23/人 | ★,莉莲蛋挞 | LITL.IAN | 莉 | BR.KBR? | ★★🌟🌟 | 1F | 4.0面包蛋糕￥23/人 | ★ | 点评榜单 | 金山卫商圈面包蛋糕甜品热门榜第1名 | 凤梨卷 | ￥29.89.4折 | ￥32 | 【双拼蛋挞】招牌葡... | 惠,ocr/input_videos\上海__百联金山__20260826.mp4
OBS-000237,百联金山,斯凯奇专柜,斯凯奇专柜,服饰鞋包,4.0,763,3F,rated,True,,rated,parsed,rating_anchor,0.9458,0.9244,52,2352,39.763,3F | ★🌟★★ | 4.0 | 服饰鞋包￥763/人 | ★,GECHETES | 斯凯奇专柜 | 3F | ★🌟★★ | 4.0 | 服饰鞋包￥763/人 | ★ | 旧款打折实惠多，服务员态度好,ocr/input_videos\上海__百联金山__20260826.mp4
OBS-000238,百联金山,米陀饭团,米陀饭团,小吃快餐,4.1,20,1F,rated,True,,rated,parsed,rating_anchor,0.9469,0.9989,56,2352,39.763,★4.1小吃快餐￥20/人 | 1F,米陀饭团 | 团 | ★4.1小吃快餐￥20/人 | 1F | 全国门店260* | ￥18.89.9折 | ￥19 | 惠 | 【特惠】爆浆芝士饭团,ocr/input_videos\上海__百联金山__20260826.mp4
OBS-000239,百联金山,smart上海百联,smart上海百联,4S店,3.9,,1F,rated,True,,rated,parsed,rating_anchor,0.9971,0.9991,52,2376,40.169,4S店 | 1F | ⭐🌟🌟⭐3.9,smart上海百联 | 4S店 | 1F | ⭐🌟🌟⭐3.9 | 销售专业讲解，新能源汽车选择丰富 | 5,ocr/input_videos\上海__百联金山__20260826.mp4
OBS-000240,百联金山,成都你六姐·牛肉冒菜·麻辣香锅,成都你六姐·牛肉冒菜·麻辣香锅,快餐简餐,3.8,40,3F,rated,True,,rated,parsed,rating_anchor,0.9731,0.9848,54,2376,40.169,3.8快餐简餐￥40/人 | 3F,成都你六姐·牛肉冒菜·麻辣香锅 | 成将你六组 | 六 | ： | 9周年庆 | 3.8快餐简餐￥40/人 | 3F | 原量 | Mel | V | 9/9-9/11送水杯抽盲盒 | ￥29.9 | ￥28.99.7折 | 惠 | 【重磅新品】六姐.. | ￥39.9 | ￥45 | 惠 | 8.9折 | 【超值限量】45元代...,ocr/input_videos\上海__百联金山__20260826.mp4
OBS-000241,百联金山,莉莲蛋挞,莉莲蛋挞,面包蛋糕,4.0,23,1F,rated,True,,rated,parsed,rating_anchor,0.981,0.999,60,2376,40.169,🌟🌟🌟🌟 | 面包蛋糕￥23/人 | 1F | 4.0 | ￥,莉莲蛋挞 | 购 | 地 | 🌟🌟🌟🌟 | 面包蛋糕￥23/人 | 1F | 4.0 | ￥ | 点评榜单 | 金山卫商圈面包蛋糕甜品热门榜第1名 | 凤梨卷 | 惠 | ￥29.89.4折 | ￥32 | 【双拼蛋挞】招牌葡...,ocr/input_videos\上海__百联金山__20260826.mp4
OBS-000242,百联金山,斯凯奇专柜,斯凯奇专柜,服饰鞋包,4.0,763,3F,rated,True,,rated,parsed,rating_anchor,0.9701,0.9694,55,2376,40.169,3F | 🌟🌟🌟🌟 | 4.0服饰鞋包￥763/人 | ★,斯凯奇专柜 | FELCHETS | 3F | 🌟🌟🌟🌟 | 4.0服饰鞋包￥763/人 | ★ | “旧款打折实惠多，服务员态度好”,ocr/input_videos\上海__百联金山__20260826.mp4
OBS-000243,百联金山,米陀饭团,米陀饭团,小吃快餐,4.1,20,1F,rated,True,,rated,parsed,rating_anchor,0.9767,0.9988,57,2376,40.169,4.1小吃快餐￥20/人 | 1F,米陀饭团 | 团 | 4.1小吃快餐￥20/人 | 1F | 全国门店260* | ￥18.89.9折 | ￥19 | 惠 | 【特惠】爆浆芝士饭团,ocr/input_videos\上海__百联金山__20260826.mp4
OBS-000244,百联金山,莉莲蛋挞,莉莲蛋挞,面包蛋糕,4.0,23,1F,rated,True,,rated,parsed,rating_anchor,0.9797,0.9987,57,2436,41.183,1F | 4.0面包蛋糕￥23/人 | 🌟🌟🌟🌟,莉莲蛋挞 | 利 | 1 | 1F | 4.0面包蛋糕￥23/人 | 🌟🌟🌟🌟 | 点评榜单 | 金山卫商圈面包蛋糕甜品热门榜第1名 | 凤梨卷 | ￥29.89.4折 | ￥32 | 惠 | 【双拼蛋挞】招牌葡...,ocr/input_videos\上海__百联金山__20260826.mp4
OBS-000245,百联金山,斯凯奇专柜,斯凯奇专柜,服饰鞋包,4.0,763,3F,rated,True,,rated,parsed,rating_anchor,0.9638,0.9855,56,2436,41.183,3F | ⭐🌟⭐⭐ | 服饰鞋包￥763/人 | 4.0 | ★,斯凯奇专柜 | GEOHERS | 3F | ⭐🌟⭐⭐ | 服饰鞋包￥763/人 | 4.0 | ★ | 旧款打折实惠多，服务员态度好,ocr/input_videos\上海__百联金山__20260826.mp4
OBS-000246,百联金山,米陀饭团,米陀饭团,小吃快餐,4.1,20,1F,rated,True,,rated,parsed,rating_anchor,0.9699,0.9976,60,2436,41.183,★★🌟⭐🌟 | 1F | 4.1小吃快餐￥20/人,米陀饭团 | ★★🌟⭐🌟 | 1F | 4.1小吃快餐￥20/人 | 全国门店260* | 惠 | ￥18.89.9折 | ￥19 | 【特惠】爆浆芝士饭团,ocr/input_videos\上海__百联金山__20260826.mp4
OBS-000247,百联金山,张亮麻辣烫,张亮麻辣烫,麻辣烫,3.7,37,1F,rated,True,,rated,parsed,rating_anchor,0.9703,0.9997,56,2436,41.183,1F | 🌟🌟🌟🌟 | 麻辣烫￥37/人 | 3.7,张亮麻辣烫 | 1F | 🌟🌟🌟🌟 | 麻辣烫￥37/人 | 3.7 | 点评榜单 | 金山区麻辣烫热门榜第3名 | 张亮麻辣烫 | ￥25 | ￥20.9 | 8.4折 | 惠 | 【夏日狂欢】25元代..,ocr/input_videos\上海__百联金山__20260826.mp4
OBS-000248,百联金山,斯凯奇专柜,斯凯奇专柜,服饰鞋包,4.0,763,3F,rated,True,,rated,parsed,rating_anchor,0.9681,0.9707,58,2484,41.995,3F | ⭐🌟🌟⭐ | 服饰鞋包￥763/人 | 4.0 | ★,斯凯奇专柜 | FECHERS | 3F | ⭐🌟🌟⭐ | 服饰鞋包￥763/人 | 4.0 | ★ | “旧款打折实惠多，服务员态度好”,ocr/input_videos\上海__百联金山__20260826.mp4
OBS-000249,百联金山,米陀饭团,米陀饭团,小吃快餐,4.1,20,1F,rated,True,,rated,parsed,rating_anchor,0.986,0.9985,57,2484,41.995,4.1小吃快餐￥20/人 | 1F | 🌟🌟🌟🌟 | ★,米陀饭团 | 4.1小吃快餐￥20/人 | 1F | 🌟🌟🌟🌟 | ★ | 全国门店260* | ￥18.89.9折 | ￥19 | 【特惠】爆浆芝士饭团 | 惠,ocr/input_videos\上海__百联金山__20260826.mp4
OBS-000250,百联金山,张亮麻辣烫,张亮麻辣烫,麻辣烫,3.7,37,1F,rated,True,,rated,parsed,rating_anchor,0.9758,0.9997,55,2484,41.995,🌟🌟⭐🌟🌟 | 1F | 麻辣烫￥37/人 | 3.7,张亮麻辣烫 | 🌟🌟⭐🌟🌟 | 1F | 麻辣烫￥37/人 | 3.7 | 点评榜单 | 金山区麻辣烫热门榜第3名 | 张亮麻辣烫 | ￥20.9 | ￥25 | 8.4折 | 【夏日狂欢】25元代... | 惠,ocr/input_videos\上海__百联金山__20260826.mp4
OBS-000251,百联金山,布景,布景,服装,3.9,,2F,rated,True,,rated,parsed,rating_anchor,0.9498,0.9941,62,2484,41.995,🌟3.9服装 | 2F,布景 | 🌟3.9服装 | 2F,ocr/input_videos\上海__百联金山__20260826.mp4
OBS-000252,百联金山,来伊份,来伊份,零食,3.6,49,,rated,True,,rated,parsed,rating_anchor,0.9355,0.9996,60,2484,41.995,tA+E | 3.6零食￥49/人 | 1E,来伊份 | tA+E | 3.6零食￥49/人 | 1E,ocr/input_videos\上海__百联金山__20260826.mp4
OBS-000253,百联金山,不吧吸四,不吧吸四,小吃快餐,4.1,20,1F,rated,True,,rated,parsed,rating_anchor,0.8421,0.688,34,2580,43.618,1F | 🌟🌟🌟🌟 | ￥20/人 | 4.1小吃快餐 | ★,图 | 海鸭咸蛋黄 | 不吧吸四 | 1F | 🌟🌟🌟🌟 | ￥20/人 | 4.1小吃快餐 | ★ | 全国门店260* | ￥19 | ￥18.89.9折 | 惠 | 【特惠】爆浆芝士饭团,ocr/input_videos\上海__百联金山__20260826.mp4
OBS-000254,百联金山,张亮麻辣烫,张亮麻辣烫,麻辣烫,3.7,37,1F,rated,True,,rated,parsed,rating_anchor,0.9725,0.9997,56,2580,43.618,1F | ⭐🌟🌟🌟 | 3.7 | 麻辣烫￥37/人,张亮麻辣烫 | 1F | ⭐🌟🌟🌟 | 3.7 | 麻辣烫￥37/人 | 点评榜单 | 金山区麻辣烫热门榜第3名 | 张亮麻辣烫 | ￥20.9 | 8.4折 | ￥25 | 惠 | 【夏日狂欢】25元代...,ocr/input_videos\上海__百联金山__20260826.mp4
OBS-000255,百联金山,布景,布景,服装,3.9,,2F,rated,True,,rated,parsed,rating_anchor,0.9922,0.9966,62,2580,43.618,3.9服装 | 2F,布景 | 3.9服装 | 2F,ocr/input_videos\上海__百联金山__20260826.mp4
OBS-000256,百联金山,来伊份,来伊份,零食,3.6,49,1F,rated,True,,rated,parsed,rating_anchor,0.9609,0.9998,65,2580,43.618,3.6零食￥49/人 | 1F,来伊份 | 3.6零食￥49/人 | 1F | 来伊份 | LYFEN | ￥9.9 | ￥8.9 | 9折 | 【首尝推荐】来伊份10... | 惠 | ￥100 | 【随机立减】100元.. | ￥91 | 19.1折 | 惠,ocr/input_videos\上海__百联金山__20260826.mp4
OBS-000257,百联金山,朴大叔拌饭,朴大叔拌饭,韩式小吃,3.7,29,3F,rated,True,,rated,parsed,rating_anchor,0.9804,0.9993,56,2580,43.618,🌟🌟💥🌟 | 韩式小吃￥29/人 | 3F | 3.7,朴大叔拌饭 | 新品登场 | 🌟🌟💥🌟 | 韩式小吃￥29/人 | 3F | 3.7 | 薯乐园拼盘 | 点评榜单 | 炸牌出一营·天天营乐园 | 金山卫商圈小吃快餐回头客榜第5名 | 朴大权锌饭 | 滨小弘队 | ￥24.9 | 照烧鸡肉.. | ￥16.9 | 6.8折 | 【双拼】 | 惠,ocr/input_videos\上海__百联金山__20260826.mp4
OBS-000258,百联金山,张亮麻辣烫,张亮麻辣烫,麻辣烫,3.7,37,1F,rated,True,,rated,parsed,rating_anchor,0.9763,0.9996,55,2604,44.024,1F | ⭐🌟🌟🌟🌟 | 麻辣烫￥37/人 | 3.7,张亮麻辣烫 | 1F | ⭐🌟🌟🌟🌟 | 麻辣烫￥37/人 | 3.7 | 点评榜单 | 金山区麻辣烫热门榜第3名 | 张亮麻辣烫 | ￥25 | ￥20.9 | 8.4折 | 惠 | 【夏日狂欢】25元代.,ocr/input_videos\上海__百联金山__20260826.mp4
OBS-000259,百联金山,布景,布景,服装,3.9,,2F,rated,True,,rated,parsed,rating_anchor,0.9367,0.9973,62,2604,44.024,⭐⭐3.9服装 | 2F,布景 | ⭐⭐3.9服装 | 2F,ocr/input_videos\上海__百联金山__20260826.mp4
OBS-000260,百联金山,来伊份,来伊份,零食,3.6,,1F,rated,True,,rated,parsed,rating_anchor,0.9804,0.9996,64,2604,44.024,3.6零食49/人 | 1F,来伊份 | 3.6零食49/人 | 1F | 来伊份 | LYFEN | ￥8.99折 | ￥9.9 | 【首尝推荐】来伊份10... | 惠 | 9.1折 | ￥100 | ￥91 | 【随机立减】100元... | 惠,ocr/input_videos\上海__百联金山__20260826.mp4
OBS-000261,百联金山,朴大叔拌饭,朴大叔拌饭,韩式小吃,3.7,29,3F,rated,True,,rated,parsed,rating_anchor,0.9755,0.9985,55,2604,44.024,3F | 🌟🌟🌟🌟🌟 | 3.7 | 韩式小吃￥29/人,朴大叔拌饭 | 新品登场： | 3F | 薯乐园拼盘 | 🌟🌟🌟🌟🌟 | 3.7 | 韩式小吃￥29/人 | 炸华一营·火人管乐园 | 点评榜单 | 金山卫商圈小吃快餐回头客榜第5名 | 2 | 朴大救拌馍 | 属小制队 | 20 | ￥24.9 | ￥16.9 | 【双拼】照烧鸡肉. | 6.8折 | 惠,ocr/input_videos\上海__百联金山__20260826.mp4
OBS-000262,百联金山,泰兰尼斯,泰兰尼斯,服饰鞋包,3.5,383,3F,rated,True,,rated,parsed,rating_anchor,0.9717,0.9997,57,2604,44.024,3F | 3.5服饰鞋包￥383/人 | ★內大大★ | 1,泰兰尼斯 | EARANTS | 3F | 3.5服饰鞋包￥383/人 | ★內大大★ | 1,ocr/input_videos\上海__百联金山__20260826.mp4
OBS-000263,百联金山,来伊份,来伊份,零食,3.6,49,1F,rated,True,,rated,parsed,rating_anchor,0.9626,0.9997,59,2700,45.647,3.6零食￥49/人 | 1F,来伊份 | 3.6零食￥49/人 | 1F | 来伊份 | LYFEN | ￥8.99折 | ￥9.9 | 惠 | 【首尝推荐】来伊份10... | ￥91 | ￥100 | 9.1折 | 【随机立减】100元.. | 惠,ocr/input_videos\上海__百联金山__20260826.mp4
OBS-000264,百联金山,朴大叔拌饭,朴大叔拌饭,韩式小吃,3.7,29,3F,rated,True,,rated,parsed,rating_anchor,0.9783,0.9988,55,2700,45.647,🌟🌟🌟🌟🌟 | 3F | 韩式小吃￥29/人 | 3.7,朴大叔拌饭 | 新品登场国 | 🌟🌟🌟🌟🌟 | 3F | 韩式小吃￥29/人 | 薯乐园拼盘 | 3.7 | 炸热饼一置·天天客乐园 | 点评榜单 | 金山卫商圈小吃快餐回头客榜第5名 | 朴大叔捍饭 | 海澳小队 | 1528115023 | ￥24.9 | 6.8折 | ￥16.9 | 【双拼】照烧鸡肉.. | 惠,ocr/input_videos\上海__百联金山__20260826.mp4
OBS-000265,百联金山,泰兰尼斯,泰兰尼斯,服饰鞋包,3.5,383,3F,rated,True,,rated,parsed,rating_anchor,0.9816,0.9999,60,2700,45.647,3F | 3.5服饰鞋包￥383/人,泰兰尼斯 | 3F | 3.5服饰鞋包￥383/人,ocr/input_videos\上海__百联金山__20260826.mp4
OBS-000266,百联金山,陳香貴·兰州牛肉面,陈香贵·兰州牛肉面,面馆,3.9,31,1F,rated,True,,rated,parsed,rating_anchor,0.9427,0.9435,54,2700,45.647,3.9面馆￥31/人 | 1F,陳香貴·兰州牛肉面 | 招解牛肉面 | 升级四重奏！ | 3.9面馆￥31/人 | 1F | 点评榜单 | 金山区面馆回头客榜第6名 | 陈告资 | 火锅店环境优雅，菜品美味服务好” | ￥27.8 | ￥29 | 9.6折 | 【工作餐】招牌面加.. | 惠,ocr/input_videos\上海__百联金山__20260826.mp4
OBS-000267,百联金山,巴黎贝甜,巴黎贝甜,面包蛋糕,3.9,29,1F,rated,True,,rated,parsed,rating_anchor,0.9796,0.9986,56,2700,45.647,🌟🌟🎉🌟⭐ | 1F | 面包蛋糕￥29/人 | 3.9,巴黎贝甜 | B | 🌟🌟🎉🌟⭐ | 1F | 面包蛋糕￥29/人 | 3.9 | 点评榜单 | 金山卫商圈面包蛋糕甜品热门榜第2名 | 0 | KE De i,ocr/input_videos\上海__百联金山__20260826.mp4
OBS-000268,百联金山,朴大叔拌饭,朴大叔拌饭,韩式小吃,3.7,29,3F,rated,True,,rated,parsed,rating_anchor,0.9736,0.9992,55,2760,46.661,🌟🌟🌟🌟 | 韩式小吃￥29/人 | 3F | 3.7,朴大叔拌饭 | 新品登场： | 🌟🌟🌟🌟 | 韩式小吃￥29/人 | 3F | 3.7 | 薯乐园拼盘 | 井即货一·天天香乐烫 | 点评榜单 | 金山卫商圈小吃快餐回头客榜第5名 | 朴大权拜饭 | 尿小队 | H12105 | ￥24.9 | 6.8折 | ￥16.9 | 【双拼】照烧鸡肉 | 惠,ocr/input_videos\上海__百联金山__20260826.mp4
OBS-000269,百联金山,泰兰尼斯,泰兰尼斯,服饰鞋包,3.5,383,3F,rated,True,,rated,parsed,rating_anchor,0.9865,0.9995,57,2760,46.661,⭐🌟🌟🌟⭐ | 3F | 服饰鞋包￥383/人 | 3.5,泰兰尼斯 | ⭐🌟🌟🌟⭐ | 3F | 服饰鞋包￥383/人 | 3.5,ocr/input_videos\上海__百联金山__20260826.mp4
OBS-000270,百联金山,陳香貴·兰州牛肉面,陈香贵·兰州牛肉面,面馆,3.9,31,1F,rated,True,,rated,parsed,rating_anchor,0.9442,0.9516,57,2760,46.661,1F | 🌟🌟⭐🌟🌟 | 面馆￥31/人 | 3.9,陳香貴·兰州牛肉面 | 招辟牛肉面 | 升级四重秀！ | 1F | 🌟🌟⭐🌟🌟 | 面馆￥31/人 | 3.9 | 点评榜单 | 金山区面馆回头客榜第6名 | 陳合货 | 火锅店环境优雅，菜品美味服务好” | ￥29 | ￥27.8 | 9.6折 | 惠 | 【工作餐】招牌面加...,ocr/input_videos\上海__百联金山__20260826.mp4
OBS-000271,百联金山,巴黎贝甜,巴黎贝甜,面包蛋糕,3.9,29,1F,rated,True,,rated,parsed,rating_anchor,0.9978,0.9988,56,2760,46.661,🌟🌟🌟🌟⭐ | 1F | 3.9 | 面包蛋糕 | ￥29/人,巴黎贝甜 | B | 🌟🌟🌟🌟⭐ | 1F | 3.9 | 面包蛋糕 | ￥29/人 | 点评榜单 | 金山卫商圈面包蛋糕甜品热门榜第2名 | 58 | ￥20 | ￥18.2 | 9.1折 | 蒜泥法... | 惠 | 【招牌推荐】 | ￥459折 | 惠 | ￥50 | 50元代金券,ocr/input_videos\上海__百联金山__20260826.mp4
OBS-000272,百联金山,朴大叔拌饭,朴大叔拌饭,韩式小吃,3.7,29,3F,rated,True,,rated,parsed,rating_anchor,0.9741,0.9993,51,2772,46.864,3F | 🌟🌟🌟🌟🌟 | 韩式小吃￥29/人 | 3.7,朴大叔拌饭 | 新品登场： | 3F | 🌟🌟🌟🌟🌟 | 韩式小吃￥29/人 | 薯乐园拼盘 | 3.7 | 开热货一置·天天客乐酒 | 点评榜单 | 金山卫商圈小吃快餐回头客榜第5名 | 朴大叔拜饭 | 海限小学队 | 150 | ￥24.9 | ￥16.9 | 6.8折 | 【双拼】照烧鸡肉. | 惠,ocr/input_videos\上海__百联金山__20260826.mp4
OBS-000273,百联金山,泰兰尼斯,泰兰尼斯,服饰鞋包,3.5,383,3F,rated,True,,rated,parsed,rating_anchor,0.9828,0.9998,57,2772,46.864,3F | 🌟🌟🎉🌟⭐ | 服饰鞋包￥383/人 | 3.5,泰兰尼斯 | 3F | 🌟🌟🎉🌟⭐ | 服饰鞋包￥383/人 | 3.5,ocr/input_videos\上海__百联金山__20260826.mp4
OBS-000274,百联金山,陳香貴·兰州牛肉面,陈香贵·兰州牛肉面,面馆,3.9,31,1F,rated,True,,rated,parsed,rating_anchor,0.9298,0.9227,51,2772,46.864,1F | ⭐🌟⭐★🌟 | 面馆￥31/人 | 3.9,陳香貴·兰州牛肉面 | 招解牛肉面 | 升级四重奏！ | 1F | ⭐🌟⭐★🌟 | 面馆￥31/人 | 3.9 | 点评榜单 | 金山区面馆回头客榜第6名 | 陈香资 | 火锅店环境优雅，菜品美味服务好” | ￥29 | ￥27.8 | 9.6折 | 惠 | 【工作餐】招牌面加..,ocr/input_videos\上海__百联金山__20260826.mp4
OBS-000275,百联金山,巴黎贝甜,巴黎贝甜,面包蛋糕,3.9,29,1F,rated,True,,rated,parsed,rating_anchor,0.9744,0.9981,53,2772,46.864,🌟🌟⭐🌟🌟 | 1F | 面包蛋糕￥29/人 | 3.9,巴黎贝甜 | B | 🌟🌟⭐🌟🌟 | 1F | 面包蛋糕￥29/人 | 3.9 | 点评榜单 | 金山卫商圈面包蛋糕甜品热门榜第2名 | 0 | 专头 | 9.1折 | ￥18.2 | ￥20 | 惠 | 【招牌推荐】 | 蒜泥法.. | ￥459折 | ￥5050元代金券 | 惠,ocr/input_videos\上海__百联金山__20260826.mp4
OBS-000276,百联金山,优品客手机电脑维修回收,优品客手机电脑维修回收,手机维修,4.4,99,1F,rated,True,,rated,parsed,rating_anchor,0.9804,0.9993,50,2772,46.864,1F | ⭐🌟🌟🌟 | 手机维修￥99/人 | 4.4 | ★,YPKR品名 | 优品客手机电脑维修回收 | 手机维修·回收 | 1F | ⭐🌟🌟🌟 | 手机维修￥99/人 | 4.4 | ★ | 上提供Apple正品部件 | “维修专业，贴膜机也回收” | 3学新常体更片,ocr/input_videos\上海__百联金山__20260826.mp4
OBS-000277,百联金山,泰兰尼斯,泰兰尼斯,服饰鞋包,3.5,383,3F,rated,True,,rated,parsed,rating_anchor,0.9809,0.9999,60,2808,47.473,3F | 3.5服饰鞋包￥383/人,泰兰尼斯 | 3F | 3.5服饰鞋包￥383/人,ocr/input_videos\上海__百联金山__20260826.mp4
OBS-000278,百联金山,陳香貴·兰州牛肉面,陈香贵·兰州牛肉面,面馆,3.9,31,1F,rated,True,,rated,parsed,rating_anchor,0.9454,0.9629,58,2808,47.473,⭐🌟🌟⭐3.9 | 1F | 面馆￥31/人,陳香貴·兰州牛肉面 | 招解牛肉面 | 升级四重奏！ | ⭐🌟🌟⭐3.9 | 1F | 面馆￥31/人 | 点评榜单 | 金山区面馆回头客榜第6名 | 火锅店环境优雅，菜品美味服务好” | 陈音音 | ￥27.89.6折 | ￥29 | 惠 | 【工作餐】招牌面加....,ocr/input_videos\上海__百联金山__20260826.mp4
OBS-000279,百联金山,巴黎贝甜,巴黎贝甜,面包蛋糕,3.9,29,1F,rated,True,,rated,parsed,rating_anchor,0.9792,0.9948,60,2808,47.473,🌟🌟🌟🌟🌟 | 1F | 面包蛋糕￥29/人 | 3.9,巴黎贝甜 | B | 🌟🌟🌟🌟🌟 | 1F | 面包蛋糕￥29/人 | 3.9 | 点评榜单 | 金山卫商圈面包蛋糕甜品热门榜第2名 | 0 | 期 | CE DM | ￥20 | ￥18.2 | 9.1折 | 惠 | 【招牌推荐】蒜泥法.. | ￥459折 | 惠 | ￥5050元代金券,ocr/input_videos\上海__百联金山__20260826.mp4
OBS-000280,百联金山,优品客手机电脑维修回收,优品客手机电脑维修回收,手机维修,4.4,99,1F,rated,True,,rated,parsed,rating_anchor,0.9858,0.9994,58,2808,47.473,1F | 🌟🌟🌟 | 4.4手机维修￥99/人 | ★,优品客手机电脑维修回收 | YPKRSB | 手机维修·回收 | 1F | 🌟🌟🌟 | 4.4手机维修￥99/人 | ★ | 上提供Apple正品部件 | “维修专业，贴膜手机也回收” | 1哦38店|有实体更放心 | ￥18.8￥30 | 【手机贴膜】苹果手机系列.. | 惠,ocr/input_videos\上海__百联金山__20260826.mp4
OBS-000281,百联金山,泰兰尼斯,泰兰尼斯,服饰鞋包,3.5,383,3F,rated,True,,rated,parsed,rating_anchor,0.983,0.9999,57,2844,48.081,3F | 3.5服饰鞋包￥383/人,泰兰尼斯 | 3F | 3.5服饰鞋包￥383/人,ocr/input_videos\上海__百联金山__20260826.mp4
OBS-000282,百联金山,陳香貴･兰州牛肉面,陈香贵·兰州牛肉面,面馆,3.9,31,1F,rated,True,,rated,parsed,rating_anchor,0.9244,0.9165,57,2844,48.081,⭐🌟🌟🌟🌟 | 1F | 面馆￥31/人 | 3.9,陳香貴･兰州牛肉面 | 招辟牛肉面 | 升级四重奏！ | ⭐🌟🌟🌟🌟 | 1F | 面馆￥31/人 | 3.9 | 点评榜单 | 金山区面馆回头客榜第6名 | 火锅店环境优雅，菜品美味服务好” | 陈音资 | ￥29 | ￥27.89.6折 | 惠 | 【工作餐】招牌面加....,ocr/input_videos\上海__百联金山__20260826.mp4
OBS-000283,百联金山,巴黎贝甜,巴黎贝甜,面包蛋糕,3.9,29,1F,rated,True,,rated,parsed,rating_anchor,0.977,0.9936,62,2844,48.081,🌟🌟🌟🌟⭐ | 1F | 面包蛋糕￥29/人 | 3.9,巴黎贝甜 | B | 🌟🌟🌟🌟⭐ | 1F | 面包蛋糕￥29/人 | 3.9 | 点评榜单 | 金山卫商圈面包蛋糕甜品热门榜第2名 | 0 | 民期 | Ce De- M | ￥18.2 | 9.1折 | ￥20 | 惠 | 【招牌推荐】蒜泥法. | ￥459折 | 惠 | ￥5050元代金券,ocr/input_videos\上海__百联金山__20260826.mp4
OBS-000284,百联金山,优品客手机电脑维修回收,优品客手机电脑维修回收,手机维修,4.4,99,1F,rated,True,,rated,parsed,rating_anchor,0.9872,0.9993,60,2844,48.081,1F | 4.4手机维修￥99/人 | 🌟🌟🌟🌟🌟,优品客手机电脑维修回收 | YPKR品B | 手机维修·回收 | 1F | 4.4手机维修￥99/人 | 🌟🌟🌟🌟🌟 | 上提供Apple正品部件 | “维修专业，贴膜手机也回收” | 1减38店|有实体更心 | ￥18.8￥30 | 【手机贴膜】苹果手机系列... | 惠,ocr/input_videos\上海__百联金山__20260826.mp4
OBS-000285,百联金山,陳香貴·兰州牛肉面,陈香贵·兰州牛肉面,面馆,3.9,31,1F,rated,True,,rated,parsed,rating_anchor,0.9411,0.9411,54,2880,48.69,3.9面馆￥31/人 | 1F,陳香貴·兰州牛肉面 | 招牌牛肉面） | 升级四重奏！ | 3.9面馆￥31/人 | 1F | 点评榜单 | 金山区面馆回头客榜第6名 | 火锅店环境优雅，菜品美味服务好” | 陕音资 | ￥29 | ￥27.89.6折 | 惠 | 【工作餐】招牌面加..,ocr/input_videos\上海__百联金山__20260826.mp4
OBS-000286,百联金山,巴黎贝甜,巴黎贝甜,包蛋糕,3.9,29,1F,rated,True,,rated,parsed,rating_anchor,0.9617,0.9982,57,2880,48.69,3.9包蛋糕￥29/人 | 1F | 🌟🌟⭐🌟🌟,巴黎贝甜 | B | 3.9包蛋糕￥29/人 | 1F | 🌟🌟⭐🌟🌟 | 点评榜单 | 金山卫商圈面包蛋糕甜品热门榜第2名 | 03 | 惠￥18.29.1折 | ￥20 | 【招牌推荐】蒜泥法.. | ￥459折 | 惠 | ￥5050元代金券,ocr/input_videos\上海__百联金山__20260826.mp4
OBS-000287,百联金山,优品客手机电脑维修回收,优品客手机电脑维修回收,手机维修,4.4,99,1F,rated,True,,rated,parsed,rating_anchor,0.9774,0.9989,57,2880,48.69,1F | 4.4手机维修￥99/人,YPKR品器 | 优品客手机电脑维修回收 | 手机维修·回收 | 1F | 4.4手机维修￥99/人 | 上提供Apple正品部件 | “维修专业，贴膜手机也回收” | 1减38店1有实体更放心 | 惠 | ￥18.8￥30 | 【手机贴膜】苹果手机系列...,ocr/input_videos\上海__百联金山__20260826.mp4
OBS-000288,百联金山,必胜汉堡,必胜汉堡,西式快餐,,41,1F,new_store,False,new_store,ocr_missing,parsed,metadata_anchor,0.9738,0.9994,57,2880,48.69,新店 | 西式快餐￥41/人 | 1F,必胜汉堡 | 庆全面类破 | 新店 | 西式快餐￥41/人 | 1F | 点评榜单 | 百联金山购物中心美食新店榜第4名 | 明星 | 买1送1 | 汉台 | ￥356.1折 | ￥58明星汉堡买1送1 | 惠,ocr/input_videos\上海__百联金山__20260826.mp4
OBS-000289,百联金山,巴黎贝甜,巴黎贝甜,面包蛋糕,3.9,29,1F,rated,True,,rated,parsed,rating_anchor,0.9649,0.9993,56,2892,48.893,1F | 🌟🌟🌟💥🌟 | 面包蛋糕￥29/人 | 3.9,巴黎贝甜 | B | 1F | 🌟🌟🌟💥🌟 | 面包蛋糕￥29/人 | 3.9 | 点评榜单 | 金山卫商圈面包蛋糕甜品热门榜第2名 | 5 | 社 | cste | ￥18.2 | ￥20 | 【招牌推荐】蒜泥法. | 9.1折 | 惠 | ￥459折 | ￥5050元代金券 | 惠,ocr/input_videos\上海__百联金山__20260826.mp4
OBS-000290,百联金山,优品客手机电脑维修回收,优品客手机电脑维修回收,手机维修,4.4,99,1F,rated,True,,rated,parsed,rating_anchor,0.9873,0.9994,60,2892,48.893,🌟🌟 | 4.4手机维修￥99/人 | 1F | ★,优品客手机电脑维修回收 | YPK氏昌名 | 手机维修·回收 | 🌟🌟 | 4.4手机维修￥99/人 | 1F | ★ | 上提供Apple正品部件 | 维修专业，贴膜手机也回收” | 1城38店|有实体更做心 | ￥18.8￥30 | 惠 | 【手机贴膜】苹果手机系列...,ocr/input_videos\上海__百联金山__20260826.mp4
OBS-000291,百联金山,必胜汉堡,必胜汉堡,西式快餐,,41,1F,new_store,False,new_store,ocr_missing,parsed,metadata_anchor,0.971,0.9993,57,2892,48.893,新店 | 1F | 西式快餐￥41/人,必胜汉堡 | 快全国突 | 新店 | 1F | 西式快餐￥41/人 | 点评榜单 | 百联金山购物中心美食新店榜第4名 | 买1送1 | 明星 | 汉堡 | ￥356.1折 | ￥58明星汉堡买1送1 | 惠,ocr/input_videos\上海__百联金山__20260826.mp4
OBS-000292,百联金山,西树泡芙,西树泡芙,甜品,3.8,22,1F,rated,True,,rated,parsed,rating_anchor,0.9757,0.998,56,2892,48.893,1F | ★🌟🌟🌟🌟 | 甜品￥22/人 | 3.8,西树泡芙 | 老红本时 | 1F | ★🌟🌟🌟🌟 | 甜品￥22/人 | 3.8 | 点评单 | 金山区面包蛋糕甜品回头客榜第1名 | ￥27.99.3折 | ￥30 | 惠 | 【招牌推荐】原味曲..,ocr/input_videos\上海__百联金山__20260826.mp4
OBS-000293,百联金山,优品客手机电脑维修回收,优品客手机电脑维修回收,手机维修,4.4,99,1F,rated,True,,rated,parsed,rating_anchor,0.9863,0.9996,58,2928,49.501,1F | 🌟🌟⭐⭐⭐ | 4.4手机维修￥99/人,YPKKSB | 优品客手机电脑维修回收 | 1F | 手机维修·回收 | 🌟🌟⭐⭐⭐ | 4.4手机维修￥99/人 | 上提供Apple正品部件 | “维修专业，贴膜手机也回收” | 1哦38店|有实体更放心 | 【手机贴膜】苹果手机系列... | ￥18.8￥30 | 惠,ocr/input_videos\上海__百联金山__20260826.mp4
OBS-000294,百联金山,必胜汉堡,必胜汉堡,西式快餐,,41,1F,new_store,False,new_store,ocr_missing,parsed,metadata_anchor,0.9586,0.9993,60,2928,49.501,新店 | 西式快餐￥41/人 | 1F,必胜汉堡 | 大全国突政 | 新店 | 西式快餐￥41/人 | 1F | 点评榜单 | 百联金山购物中心美食新店榜第4名 | 服星量 | 买1送1 | ￥356.1折 | ￥58明星汉堡买1送1 | 惠,ocr/input_videos\上海__百联金山__20260826.mp4
OBS-000295,百联金山,西树泡芙,西树泡芙,甜品,3.8,22,1F,rated,True,,rated,parsed,rating_anchor,0.9835,0.9979,60,2928,49.501,1F | 🌟🌟🌟🌟 | 3.8甜品￥22/人,西树泡芙 | 老本好 | 1F | 🌟🌟🌟🌟 | 3.8甜品￥22/人 | 点评榜单 | 金山区面包蛋糕甜品回头客榜第1名 | ￥30 | ￥27.99.3折 | 【招牌推荐】原味曲. | 惠,ocr/input_videos\上海__百联金山__20260826.mp4
OBS-000296,百联金山,ONLY,ONLY,服饰鞋包,3.5,,2F,rated,True,,rated,parsed,rating_anchor,0.9679,0.9981,58,2928,49.501,2F | ⭐3.5服饰鞋包,ONLY | 2F | ⭐3.5服饰鞋包 | ONLY,ocr/input_videos\上海__百联金山__20260826.mp4
OBS-000297,百联金山,西树泡芙,西树泡芙,甜品,3.8,22,1F,rated,True,,rated,parsed,rating_anchor,0.9757,0.9975,57,3024,51.124,1F | 甜品￥22/人 | 🌟🌟🌟🌟🌟 | 3.8,西树泡芙 | 1F | 甜品￥22/人 | 🌟🌟🌟🌟🌟 | 3.8 | 点评榜单 | 金山区面包蛋糕甜品回头客榜第1名 | ￥27.99.3折 | ￥30 | 【招牌推荐】原味曲... | 惠,ocr/input_videos\上海__百联金山__20260826.mp4
OBS-000298,百联金山,ONLY,ONLY,服饰鞋包,3.5,,2F,rated,True,,rated,parsed,rating_anchor,0.9301,0.9978,58,3024,51.124,⭐⭐3.5服饰鞋包 | 2F,ONLY | ⭐⭐3.5服饰鞋包 | 2F | ONLY,ocr/input_videos\上海__百联金山__20260826.mp4
OBS-000299,百联金山,喜姐炸串,喜姐炸串,炸鸡炸串,3.9,25,1F,rated,True,,rated,parsed,rating_anchor,0.9735,0.9993,57,3024,51.124,3.9炸鸡炸串￥25/人 | 1F,年牌新品 | 喜姐炸串 | 肉夯才是 | 硬道理 | 3.9炸鸡炸串￥25/人 | 1F | 多款美味炸物，让你一次过足瘾 | “ | 55 | 喜姐炸串 | ￥1.994折 | 惠 | 【尝鲜购】喜姐开心淀 | ￥5,ocr/input_videos\上海__百联金山__20260826.mp4
OBS-000300,百联金山,欢囍花生,欢囍花生,栗子/干果,3.8,48,1F,rated,True,,rated,parsed,rating_anchor,0.972,0.9941,60,3024,51.124,3.8栗子/干果￥48/人 | 1F,欢囍花生 | 馬上 | 3.8栗子/干果￥48/人 | 1F | 欢囍 | 一起欢囍花生 | ￥23.28山核桃花生588g | ￥22.99.9折 | 惠,ocr/input_videos\上海__百联金山__20260826.mp4
OBS-000301,百联金山,西树泡芙,西树泡芙,甜品,3.8,22,1F,rated,True,,rated,parsed,rating_anchor,0.976,0.9986,61,3060,51.733,🌟🌟🌟🌟🌟 | 1F | 甜品￥22/人 | 3.8,西树泡芙 | 本每所 | 🌟🌟🌟🌟🌟 | 1F | 甜品￥22/人 | 3.8 | 点评榜单 | 金山区面包蛋糕甜品回头客榜第1名 | ￥27.99.3折 | ￥30 | 【招牌推荐】原味曲. | 惠,ocr/input_videos\上海__百联金山__20260826.mp4
OBS-000302,百联金山,ONLY,ONLY,服饰鞋包,3.5,,2F,rated,True,,rated,parsed,rating_anchor,0.9663,0.997,61,3060,51.733,2F | ⭐⭐3.5服饰鞋包,ONLY | 2F | ⭐⭐3.5服饰鞋包 | ONLY,ocr/input_videos\上海__百联金山__20260826.mp4
OBS-000303,百联金山,喜姐炸串,喜姐炸串,炸鸡炸串,3.9,25,1F,rated,True,,rated,parsed,rating_anchor,0.9832,0.9979,66,3060,51.733,🌟🎉🌟⭐ | 1F | 3.9炸鸡炸串￥25/人,喜姐炸串 | 年典新品 | 肉夯才是 | 硬道理 | 🌟🎉🌟⭐ | 1F | 3.9炸鸡炸串￥25/人 | 多款美味炸物，让你一次过足瘾 | “ | 55 | 喜姐炸串 | ￥1.99 | 4折 | 【尝鲜购】喜姐开心淀.. | 惠 | ￥5,ocr/input_videos\上海__百联金山__20260826.mp4
OBS-000304,百联金山,欢囍花生,欢囍花生,栗子/干果,3.8,48,1F,rated,True,,rated,parsed,rating_anchor,0.9765,0.9961,60,3060,51.733,🌟🌟🌟🌟🌟 | 1F | 3.8栗子/干果￥48/人,欢囍花生 | 馬上 | 🌟🌟🌟🌟🌟 | 1F | 3.8栗子/干果￥48/人 | 欢囍 | 一起欢囍花生 | ￥23.28山核桃花生588g | ￥22.9 | 9.9折 | 惠,ocr/input_videos\上海__百联金山__20260826.mp4
OBS-000305,百联金山,MLB,MLB,运动户外,3.4,,1F,rated,True,,rated,parsed,rating_anchor,0.9603,0.9977,57,3060,51.733,⭐⭐⭐3.4运动户外 | 1F,MLB | ⭐⭐⭐3.4运动户外 | 1F | MLB,ocr/input_videos\上海__百联金山__20260826.mp4
OBS-000306,百联金山,ONLY,ONLY,服饰鞋包,3.5,,2F,rated,True,,rated,parsed,rating_anchor,0.9958,0.9977,59,3120,52.747,3.5服饰鞋包 | 2F,ONLY | 3.5服饰鞋包 | 2F | ONLY,ocr/input_videos\上海__百联金山__20260826.mp4
OBS-000307,百联金山,喜姐炸串,喜姐炸串,炸鸡炸串,3.9,25,1F,rated,True,,rated,parsed,rating_anchor,0.9834,0.9991,62,3120,52.747,🌟🌟🌟🌟 | 1F | 炸鸡炸串￥25/人 | 3.9,喜姐炸串 | 年原新品 | 肉夯才是 | 硬道理 | 🌟🌟🌟🌟 | 1F | 炸鸡炸串￥25/人 | 3.9 | 多款美味炸物，让你一次过瘾 | 93 | 喜姐炸串 | ￥1.99 | 4折 | 【尝鲜购】喜姐开心淀. | 惠 | ￥5,ocr/input_videos\上海__百联金山__20260826.mp4
OBS-000308,百联金山,欢囍花生,欢囍花生,栗子/干果,3.8,48,1F,rated,True,,rated,parsed,rating_anchor,0.9664,0.9984,56,3120,52.747,3.8栗子/干果￥48/人 | 1F,欢囍花生 | 馬上 | 3.8栗子/干果￥48/人 | 1F | 欢囍 | 一起欢囍花生 | ￥22.9 | ￥23.28山核桃花生588g | 9.9折 | 惠,ocr/input_videos\上海__百联金山__20260826.mp4
OBS-000309,百联金山,MLB,MLB,运动户外,3.4,,1F,rated,True,,rated,parsed,rating_anchor,0.9705,0.9977,59,3120,52.747,3.4 运动户外 | 1F,MLB | 3.4 运动户外 | 1F | MLB,ocr/input_videos\上海__百联金山__20260826.mp4
OBS-000310,百联金山,和府捞面,和府捞面,面馆,4.3,32,3F,rated,True,,rated,parsed,rating_anchor,0.95,0.9354,57,3120,52.747,3F | 4.3面馆￥32/人 | 🌟🌟🌟🌟,和府捞面 | 骨汤鲜熬 | 3F | 晓头生烫 | 4.3面馆￥32/人 | 🌟🌟🌟🌟 | 2 | 点评榜单 | 金山卫商圈面馆打卡人气榜第1名 | ￥4.9 | 7折 | 【爆款单品】爆浆芝士香肠 | 惠 | ￥7 | ￥55 | 9.2折 | ￥6060元代金券 | 惠,ocr/input_videos\上海__百联金山__20260826.mp4
OBS-000311,百联金山,欢囍花生,欢囍花生,栗子/干果,3.8,48,1F,rated,True,,rated,parsed,rating_anchor,0.9653,0.9989,56,3144,53.153,3.8栗子/干果￥48/人 | 1F,欢囍花生 | 馬上 | 3.8栗子/干果￥48/人 | 1F | 欢囍 | 一起欢囍花生 | ￥22.99.9折 | ￥23.28山核桃花生588g | 惠,ocr/input_videos\上海__百联金山__20260826.mp4
OBS-000312,百联金山,MLB,MLB,运动户外,3.4,,1F,rated,True,,rated,parsed,rating_anchor,0.924,0.9976,55,3144,53.153,⭐⭐⭐⭐3.4运动户外 | 1F,MLB | ⭐⭐⭐⭐3.4运动户外 | 1F | MLB,ocr/input_videos\上海__百联金山__20260826.mp4
OBS-000313,百联金山,和府捞面,和府捞面,面馆,4.3,32,3F,rated,True,,rated,parsed,rating_anchor,0.9392,0.9163,56,3144,53.153,🌟🌟🌟🎉 | 3F | 4.3面馆￥32/人 | ★,和府捞面 | 骨汤鲜熬 | 🌟🌟🌟🎉 | 3F | 4.3面馆￥32/人 | 疫安生煲 | ★ | 点评榜单 | 金山卫商圈面馆打卡人气榜第1名 | ￥4.97折 | 惠 | 【爆款单品】爆浆芝士香肠 | ￥7 | ￥559.2折 | 惠 | ￥6060元代金券,ocr/input_videos\上海__百联金山__20260826.mp4
OBS-000314,百联金山,小杨生煎,小杨生煎,生煎,4.0,25,3F,rated,True,,rated,parsed,rating_anchor,0.9689,0.9979,60,3144,53.153,🌟🌟⭐⭐ | 3F | 生煎￥25/人 | 4.0,小杨生煎 | 🌟🌟⭐⭐ | 3F | 生煎￥25/人 | 4.0 | 点评榜单 | 小杨生煎 | 金山卫商圈小吃快餐热门榜第1名 | 上菜速度快，味道好，服务棒” | “ | 惠 | ￥25.4 | 8.5折 | ￥30 | 煎持打卡餐,ocr/input_videos\上海__百联金山__20260826.mp4
OBS-000315,百联金山,欢囍花生,欢囍花生,栗子/干果,3.8,48,1F,rated,True,,rated,parsed,rating_anchor,0.9749,0.9937,57,3156,53.356,1F | ★🌟★★ | 3.8栗子/干果￥48/人,欢囍花生 | 馬上 | 1F | ★🌟★★ | 3.8栗子/干果￥48/人 | 欢囍 | 一起欢囍花生 | ￥23.28山核桃花生588g | ￥22.9 | 9.9折 | 惠,ocr/input_videos\上海__百联金山__20260826.mp4
OBS-000316,百联金山,MLB,MLB,运动户外,3.4,,1F,rated,True,,rated,parsed,rating_anchor,0.9484,0.9976,56,3156,53.356,⭐⭐3.4运动户外 | 1F,MLB | ⭐⭐3.4运动户外 | 1F | MLB,ocr/input_videos\上海__百联金山__20260826.mp4
OBS-000317,百联金山,和府捞面,和府捞面,面馆,4.3,32,3F,rated,True,,rated,parsed,rating_anchor,0.9425,0.9367,61,3156,53.356,🌟🌟🌟🌟 | 3F | 面馆￥32/人 | 4.3,和府捞面 | 0 | 骨汤鲜熬 | 🌟🌟🌟🌟 | 3F | 面馆￥32/人 | 疾头生烫 | 4.3 | 点评榜单 | 金山卫商圈面馆打卡人气榜第1名 | ￥4.9 | 7折 | 惠 | 【爆款单品】爆浆芝士香肠 | ￥7 | ￥55 | 9.2折 | ￥6060元代金券 | 惠,ocr/input_videos\上海__百联金山__20260826.mp4
OBS-000318,百联金山,小杨生煎,小杨生煎,生煎,4.0,25,3F,rated,True,,rated,parsed,rating_anchor,0.9785,0.9989,61,3156,53.356,4.0生煎￥25/人 | ⭐🌟🌟⭐ | 3F | ★,小杨生煎 | 4.0生煎￥25/人 | ⭐🌟🌟⭐ | 3F | ★ | 点评榜单 | 金山卫商圈小吃快餐热门榜第1名 | 小杨生煎 | 上菜速度快，味道好，服务棒 | S | ￥25.4 | ￥30 | 8.5折 | 煎持打卡餐 | 惠,ocr/input_videos\上海__百联金山__20260826.mp4
OBS-000319,百联金山,和府捞面,和府捞面,面馆,4.3,32,3F,rated,True,,rated,parsed,rating_anchor,0.955,0.9675,56,3264,55.182,🌟🌟🌟🌟 | 3F | 4.3 | 面馆￥32/人,和府捞面 | 骨汤鲜熬 | 🌟🌟🌟🌟 | 3F | 浇头生烫 | 4.3 | 面馆￥32/人 | 点评榜单 | 金山卫商圈面馆打卡人气榜第1名 | ￥4.97折 | 惠 | 【爆款单品】爆浆芝士香肠 | ￥7 | ￥559.2折 | 惠 | ￥6060元代金券,ocr/input_videos\上海__百联金山__20260826.mp4
OBS-000320,百联金山,小杨生煎,小杨生煎,生煎,4.0,25,3F,rated,True,,rated,parsed,rating_anchor,0.9844,0.9992,61,3264,55.182,⭐🌟⭐ | 3F | 4.0生煎￥25/人,小杨生煎 | ⭐🌟⭐ | 3F | 4.0生煎￥25/人 | 点评榜单 | 小杨生煎 | 金山卫商圈小吃快餐热门榜第1名 | 上菜速度快，味道好，服务棒 | “ | ￥25.48.5折 | ￥30 | 煎持打卡餐 | 惠,ocr/input_videos\上海__百联金山__20260826.mp4
OBS-000321,百联金山,伊芙丽,伊芙丽,服装,3.5,,2F,rated,True,,rated,parsed,rating_anchor,0.9329,0.9983,63,3264,55.182,⭐⭐⭐⭐3.5服装 | 2F,伊芙丽 | érlpmi | ⭐⭐⭐⭐3.5服装 | 2F,ocr/input_videos\上海__百联金山__20260826.mp4
OBS-000322,百联金山,泸溪河桃酥,泸溪河桃酥,面包蛋糕,4.3,24,1F,rated,True,,rated,parsed,rating_anchor,0.9727,0.9989,59,3264,55.182,1F | 🌟🌟⭐⭐ | 4.3 | 面包蛋糕￥24/人 | ★,泸溪河桃酥 | 现烤 | 1F | 🌟🌟⭐⭐ | 4.3 | 面包蛋糕￥24/人 | 爆 | ★ | 点评榜单 | 金山区面包蛋糕回头客榜第1名 | 汁 | 肉松多多，新品推荐，泸溪河 | （ | ￥16.9 | ￥15.669.3折 | 黄油年糕·冷热都... | 惠,ocr/input_videos\上海__百联金山__20260826.mp4
OBS-000323,百联金山,和府捞面,和府捞面,面馆,4.3,32,3F,rated,True,,rated,parsed,rating_anchor,0.9437,0.9422,56,3300,55.79,3F | 🌟🌟⭐🌟 | 面馆￥32/人 | 4.3,和府捞面 | 骨汤鲜熬 | 3F | 🌟🌟⭐🌟 | 晓头生烫 | 面馆￥32/人 | 4.3 | 点评榜单 | 金山卫商圈面馆打卡人气榜第1名 | ￥4.97折 | 惠 | ￥7 | 【爆款单品】爆浆芝士香肠 | ￥55 | 惠 | 9.2折 | ￥6060元代金券,ocr/input_videos\上海__百联金山__20260826.mp4
OBS-000324,百联金山,小杨生煎,小杨生煎,生煎,4.0,25,3F,rated,True,,rated,parsed,rating_anchor,0.9805,0.9991,61,3300,55.79,4.0生煎￥25/人 | 🌟🌟🎉🌟 | 3F,小杨生煎 | 4.0生煎￥25/人 | 🌟🌟🎉🌟 | 3F | 点评榜单 | 小杨生煎 | 金山卫商圈小吃快餐热门榜第1名 | 上菜速度快，味道好，服务棒 | “ | ￥25.48.5折 | ￥30 | 煎持打卡餐 | 惠,ocr/input_videos\上海__百联金山__20260826.mp4
OBS-000325,百联金山,伊芙丽,伊芙丽,服装,3.5,,2F,rated,True,,rated,parsed,rating_anchor,0.9402,0.9985,66,3300,55.79,⭐⭐⭐3.5服装 | 2F,伊芙丽 | eMpmi | ⭐⭐⭐3.5服装 | 2F,ocr/input_videos\上海__百联金山__20260826.mp4
OBS-000326,百联金山,泸溪河桃酥,泸溪河桃酥,面包蛋糕,4.3,24,1F,rated,True,,rated,parsed,rating_anchor,0.9702,0.9989,59,3300,55.79,1F | 🌟🌟⭐⭐ | 面包蛋糕￥24/人 | 4.3 | ★,现烤 | 泸溪河桃酥 | 1F | 🌟🌟⭐⭐ | 面包蛋糕￥24/人 | 4.3 | 爆 | ★ | 点评榜单 | 金山区面包蛋糕回头客榜第1名 | 汁 | 肉松多多，新品推荐，泸溪河 | （ | ￥16.9 | ￥15.669.3折 | 黄油年糕·冷热都... | 惠,ocr/input_videos\上海__百联金山__20260826.mp4
OBS-000327,百联金山,和府捞面,和府捞面,面馆,4.3,32,3F,rated,True,,rated,parsed,rating_anchor,0.9552,0.9396,56,3348,56.602,🌟🌟🌟🌟 | 3F | 4.3面馆￥32/人,和府捞面 | 骨汤鲜教 | 🌟🌟🌟🌟 | 3F | 浇生烫 | 4.3面馆￥32/人 | 点评榜单 | 金山卫商圈面馆打卡人气榜第1名 | ￥4.9 | 7折 | 惠 | 【爆款单品】爆浆芝士香肠 | ￥7 | ￥559.2折 | ￥6060元代金券 | 惠,ocr/input_videos\上海__百联金山__20260826.mp4
OBS-000328,百联金山,小杨生煎,小杨生煎,生煎,4.0,25,3F,rated,True,,rated,parsed,rating_anchor,0.9745,0.9993,60,3348,56.602,🌟🌟⭐⭐ | 3F | 生煎￥25/人 | 4.0,小杨生煎 | 🌟🌟⭐⭐ | 3F | 生煎￥25/人 | 4.0 | 点评榜单 | 金山卫商圈小吃快餐热门榜第1名 | 小杨生煎 | 上菜速度快，味道好，服务棒 | “ | ￥30煎持打卡餐 | ￥25.4 | 8.5折 | 惠,ocr/input_videos\上海__百联金山__20260826.mp4
OBS-000329,百联金山,伊芙丽,伊芙丽,服装,3.5,,2F,rated,True,,rated,parsed,rating_anchor,0.9195,0.9997,61,3348,56.602,⭐⭐⭐⭐3.5服装 | 2F,伊芙丽 | eMpmi | ⭐⭐⭐⭐3.5服装 | 2F,ocr/input_videos\上海__百联金山__20260826.mp4
OBS-000330,百联金山,泸溪河桃酥,泸溪河桃酥,面包蛋糕,4.3,24,1F,rated,True,,rated,parsed,rating_anchor,0.9758,0.999,54,3348,56.602,🌟🌟⭐⭐ | 1F | 4.3 | 面包蛋糕￥24/人 | ★,泸溪河桃酥 | 🌟🌟⭐⭐ | 1F | 4.3 | 面包蛋糕￥24/人 | ★ | 点评榜单 | 金山区面包蛋糕回头客榜第1名 | 汁 | 肉松多多，新品推荐，泸溪河” | ￥15.669.3折 | ￥16.9 | 惠 | 黄油年糕·冷热都...,ocr/input_videos\上海__百联金山__20260826.mp4
OBS-000331,百联金山,萨莉亚意式餐厅,萨莉亚意式餐厅,意大利菜,3.8,50,3F,rated,True,,rated,parsed,rating_anchor,0.9711,0.9972,51,3348,56.602,3.8意大利菜￥50/人 | 3F,萨莉亚意式餐厅 | S | aizeriya | 3.8意大利菜￥50/人 | 3F,ocr/input_videos\上海__百联金山__20260826.mp4
OBS-000332,百联金山,伊芙丽,伊芙丽,服装,3.5,,2F,rated,True,,rated,parsed,rating_anchor,0.9433,0.9988,64,3372,57.008,⭐3.5服装 | 2F,"伊芙丽 | epmi, | ⭐3.5服装 | 2F",ocr/input_videos\上海__百联金山__20260826.mp4
OBS-000333,百联金山,泸溪河桃酥,泸溪河桃酥,面包蛋糕,4.3,24,1F,rated,True,,rated,parsed,rating_anchor,0.9737,0.9985,55,3372,57.008,1F | 🌟🌟🌟🌟 | 面包蛋糕￥24/人 | 4.3,现烤 | 泸溪河桃酥 | 1F | 🌟🌟🌟🌟 | 面包蛋糕￥24/人 | 4.3 | 点评榜单 | 金山区面包蛋糕回头客榜第1名 | 汁 | 松多多，新品推荐，泸溪河” | ￥15.669.3折 | ￥16.9 | 惠 | 黄油年糕·冷热都...,ocr/input_videos\上海__百联金山__20260826.mp4
OBS-000334,百联金山,萨莉亚意式餐厅,萨莉亚意式餐厅,意大利菜,3.8,50,3F,rated,True,,rated,parsed,rating_anchor,0.9706,0.9975,54,3372,57.008,3.8意大利菜￥50/人 | 3F,萨莉亚意式餐厅 | aizeriya | 3.8意大利菜￥50/人 | 3F | 意式餐厅 | 萨莉亚,ocr/input_videos\上海__百联金山__20260826.mp4
OBS-000335,百联金山,salon漫,salon漫,美发,3.7,319,3F,rated,True,,rated,parsed,rating_anchor,0.9702,0.9982,57,3372,57.008,3F | 🌟🌟🌟🌟🌟 | 3.7美发￥319/人,salon漫 | 春日烫染季 | 3F | 🌟🌟🌟🌟🌟 | 3.7美发￥319/人 | 点评榜单 | 金山区美发热门榜第4名 | 环境氛围好，发型师沟通顺畅 | 6 | ￥468 | 6.8折 | ￥768夏日光景1美貌焕... | 惠,ocr/input_videos\上海__百联金山__20260826.mp4
OBS-000336,百联金山,马厂老火锅,马厂老火锅,重庆火锅,,119,1F,new_store,False,new_store,ocr_missing,parsed,metadata_anchor,0.9799,0.9996,56,3372,57.008,新店 | 1F | 重庆火锅￥119/人,马厂老火锅 | 全红锅 | 新店 | 1F | 重庆火锅￥119/人 | 就吃马厂 | 点评榜单 | 金山区火锅打卡人气榜第1名 | 年卖出200W+口锅 | 营业至凌晨3点,ocr/input_videos\上海__百联金山__20260826.mp4
OBS-000337,百联金山,伊芙丽,伊芙丽,服装,3.5,,2F,rated,True,,rated,parsed,rating_anchor,0.9403,0.9986,66,3396,57.413,🌟3.5服装 | 2F,"伊芙丽 | eMpmi, | 🌟3.5服装 | 2F",ocr/input_videos\上海__百联金山__20260826.mp4
OBS-000338,百联金山,泸溪河桃酥,泸溪河桃酥,面包蛋糕,4.3,24,1F,rated,True,,rated,parsed,rating_anchor,0.9727,0.9991,55,3396,57.413,1F | 🌟🌟🌟🌟 | 面包蛋糕￥24/人 | 4.3,理 | 泸溪河桃酥 | 1F | 🌟🌟🌟🌟 | 面包蛋糕￥24/人 | 4.3 | 点评榜单 | 金山区面包蛋糕回头客榜第1名 | 汁 | 肉松多多，新品推荐，泸溪河 | ￥16.9黄油年糕·冷热都... | ￥15.669.3折 | 惠,ocr/input_videos\上海__百联金山__20260826.mp4
OBS-000339,百联金山,萨莉亚意式餐厅,萨莉亚意式餐厅,意大利菜,3.8,50,3F,rated,True,,rated,parsed,rating_anchor,0.9792,0.992,52,3396,57.413,3F | 3.8意大利菜￥50/人,萨莉亚意式餐厅 | aizeriya | 3F | 3.8意大利菜￥50/人 | arcATE ECAPE | 意式餐厅 | 萨莉亚,ocr/input_videos\上海__百联金山__20260826.mp4
OBS-000340,百联金山,salon漫,salon漫,美发,3.7,319,3F,rated,True,,rated,parsed,rating_anchor,0.9674,0.9985,62,3396,57.413,3.7美发￥319/人 | 3F,salon漫 | 春日烫染季 | 3.7美发￥319/人 | 3F | 点评榜单 | 金山区美发热门榜第4名 | 环境氛围好，发型师沟通顺畅 | ￥768夏日光景|美貌焕. | 惠 | ￥468 | 6.8折,ocr/input_videos\上海__百联金山__20260826.mp4
OBS-000341,百联金山,马厂老火锅,马厂老火锅,重庆火锅,,119,1F,new_store,False,new_store,ocr_missing,parsed,metadata_anchor,0.9853,0.9997,58,3396,57.413,新店 | 1F | 重庆火锅￥119/人,马厂老火锅 | 全红锅 | 新店 | 1F | 重庆火锅￥119/人 | 就吃马厂 | 点评榜单 | 金山区火锅打卡人气榜第1名 | 年卖出200W+口锅 | 营业至凌晨3点,ocr/input_videos\上海__百联金山__20260826.mp4
OBS-000342,百联金山,泸溪河桃酥,泸溪河桃酥,面包蛋糕,4.3,24,1F,rated,True,,rated,parsed,rating_anchor,0.9765,0.9983,55,3456,58.428,🌟🌟🌟 | 1F | 面包蛋糕￥24/人 | 4.3,泸溪河桃酥 | 🌟🌟🌟 | 1F | 面包蛋糕￥24/人 | 4.3 | 点评榜单 | 金山区面包蛋糕回头客榜第1名 | 汁 | 肉松多多，新品推荐，泸溪河” | “ | ￥15.669.3折 | 惠 | ￥16.9 | 黄油年糕·冷热都...,ocr/input_videos\上海__百联金山__20260826.mp4
OBS-000343,百联金山,萨莉亚意式餐厅,萨莉亚意式餐厅,意大利菜,3.8,50,3F,rated,True,,rated,parsed,rating_anchor,0.9687,0.9984,54,3456,58.428,3.8意大利菜￥50/人 | 3F,萨莉亚意式餐厅 | aizeriya | 3.8意大利菜￥50/人 | 3F | crce anre t cat | 意式餐厅 | 萨莉亚,ocr/input_videos\上海__百联金山__20260826.mp4
OBS-000344,百联金山,salon漫,salon漫,美发,3.7,319,3F,rated,True,,rated,parsed,rating_anchor,0.98,0.9985,57,3456,58.428,3F | 🌟🌟⭐🌟🌟 | 3.7美发￥319/人,salon漫 | 春日烫染季 | 3F | 🌟🌟⭐🌟🌟 | 3.7美发￥319/人 | 点评榜单 | 金山区美发热门榜第4名 | 环境氛围好，发型师沟通顺畅 | G | ￥4686.8折 | 惠 | ￥768夏日光景|美貌焕...,ocr/input_videos\上海__百联金山__20260826.mp4
OBS-000345,百联金山,马厂老火锅,马厂老火锅,重庆火锅,,119,1F,new_store,False,new_store,ocr_missing,parsed,metadata_anchor,0.9839,0.9995,55,3456,58.428,新店 | 1F | 重庆火锅￥119/人,马厂老火锅 | 全红锅 | 新店 | 1F | 重庆火锅￥119/人 | 就吃马厂 | 点评榜单 | 金山区火锅打卡人气榜第1名 | 年卖出200W+口锅 | 营业至凌晨3点,ocr/input_videos\上海__百联金山__20260826.mp4
OBS-000346,百联金山,金匠寿司,金匠寿司,寿司,4.4,90,3F,rated,True,,rated,parsed,rating_anchor,0.9803,0.9999,62,3456,58.428,🌟🌟⭐⭐ | 3F | 4.4寿司￥90/人 | ★,金匠寿司 | 1月20日 | 畅快上新 | 🌟🌟⭐⭐ | 3F | 4.4寿司￥90/人 | ★ | 点评榜单 | 百联金山购物中心美食好评榜第1名 | 11:00营业,ocr/input_videos\上海__百联金山__20260826.mp4
OBS-000347,百联金山,salon漫,salon漫,美发,3.7,319,3F,rated,True,,rated,parsed,rating_anchor,0.9696,0.9974,57,3492,59.036,3F | 🌟🌟🌟🌟🌟 | 美发￥319/人 | 3.7,salon漫 | 春日烫染季 | 3F | 🌟🌟🌟🌟🌟 | 美发￥319/人 | 3.7 | 点评榜单 | 金山区美发热门榜第4名 | 力 | 环境氛围好， | 发型师沟通顺畅 | ￥468 | 6.8折 | 惠 | ￥768 | 夏日光景！美貌焕..,ocr/input_videos\上海__百联金山__20260826.mp4
OBS-000348,百联金山,马厂老火锅,马厂老火锅,重庆火锅,,119,1F,new_store,False,new_store,ocr_missing,parsed,metadata_anchor,0.9996,0.9997,56,3492,59.036,新店 | 1F | ￥119/人 | 重庆火锅,马厂老火锅 | 全红锅 | 新店 | 1F | ￥119/人 | 重庆火锅 | 就吃马厂 | 点评榜单 | 金山区火锅打卡人气榜第1名 | 年卖出200W+口锅 | 营业至凌晨3点,ocr/input_videos\上海__百联金山__20260826.mp4
OBS-000349,百联金山,金匠寿司,金匠寿司,寿司,4.4,90,3F,rated,True,,rated,parsed,rating_anchor,0.9806,0.9999,56,3492,59.036,🌟🌟🌟🌟 | 3F | 4.4寿司￥90/人,1月20日 | 金匠寿司 | 肤上新 | 凸 | 🌟🌟🌟🌟 | 3F | 4.4寿司￥90/人 | 点评榜单 | 百联金山购物中心美食好评榜第1名 | 11:00营业,ocr/input_videos\上海__百联金山__20260826.mp4
OBS-000350,百联金山,辛香汇·四川饭馆,辛香汇·四川饭馆,川菜馆,,81,3F,new_store,False,new_store,ocr_missing,parsed,metadata_anchor,0.9886,0.9784,57,3492,59.036,新店 | 川菜馆 | ￥81/人 | 3F,辛香汇·四川饭馆 | 辛香汇 | 新店 | 川菜馆 | ￥81/人 | 3F | 烟火鲜炒 | 年 | 点评榜单 | 金山区川菜热门榜第1名 | 好文中票,ocr/input_videos\上海__百联金山__20260826.mp4
OBS-000351,百联金山,茶百道,茶百道,茶饮果汁,4.1,17,1F,rated,True,,rated,parsed,rating_anchor,0.9762,0.9969,59,3492,59.036,🌟🌟🎉🌟 | 1F | 茶饮果汁￥17/人 | 4.1 | 1,茶百道 | 百道ChgPanda | 15上90 | 杨桃” | 星星 | 🌟🌟🎉🌟 | 1F | 茶饮果汁￥17/人 | 4.1 | 1 | 上新 | 暂停营业 | 谭木匠,ocr/input_videos\上海__百联金山__20260826.mp4
OBS-000352,百联金山,马厂老火锅,马厂老火锅,重庆火锅,,119,1F,new_store,False,new_store,ocr_missing,parsed,metadata_anchor,0.9993,0.9997,55,3612,61.065,1F | 新店 | 重庆火锅 | ￥119/人,马厂老火锅 | 全红锅 | 1F | 新店 | 重庆火锅 | ￥119/人 | 就吃马厂 | 点评榜单 | 金山区火锅打卡人气榜第1名 | 年卖出200W+口锅 | 营业至凌晨3点,ocr/input_videos\上海__百联金山__20260826.mp4
OBS-000353,百联金山,金匠寿司,金匠寿司,寿司,4.4,90,3F,rated,True,,rated,parsed,rating_anchor,0.9996,0.9994,55,3612,61.065,🌟🌟🌟🌟 | 3F | 寿司 | ￥90/人 | 4.4,1月20月 | 金匠寿司 | 上新 | ? | 🌟🌟🌟🌟 | 3F | 寿司 | ￥90/人 | 4.4 | 点评榜单 | 百联金山购物中心美食好评榜第1名 | 11:00营业,ocr/input_videos\上海__百联金山__20260826.mp4
OBS-000354,百联金山,辛香汇·四川饭馆,辛香汇·四川饭馆,川菜馆,,81,3F,new_store,False,new_store,ocr_missing,parsed,metadata_anchor,0.9911,0.9835,51,3612,61.065,新店 | ￥81/人 | 3F | 川菜馆,辛香汇·四川饭馆 | 辛香汇器 | 新店 | ￥81/人 | 3F | 川菜馆 | 烟火鲜炒 | 点评榜单 | - | 金山区川菜热门榜第1名,ocr/input_videos\上海__百联金山__20260826.mp4
OBS-000355,百联金山,茶百道,茶百道,茶饮果汁,4.1,17,1F,rated,True,,rated,parsed,rating_anchor,0.9811,0.9976,58,3612,61.065,1F | ★🌟🌟🌟 | 4.1茶饮果汁￥17/人 | ★,茶百道 | 齐百通 CaPanca | P上BR | 星星 | 杨桃” | 1F | ★🌟🌟🌟 | 4.1茶饮果汁￥17/人 | ★ | 上 | 暂停营业,ocr/input_videos\上海__百联金山__20260826.mp4
OBS-000356,百联金山,谭木匠,谭木匠,杂货礼品,3.4,,1F,rated,True,,rated,parsed,rating_anchor,0.9964,0.9975,57,3612,61.065,⭐🌟⭐⭐⭐ | 3.4杂货礼品 | 1F,谭木匠 | ⭐🌟⭐⭐⭐ | 3.4杂货礼品 | 1F | 譚木匠 | ￥288￥288谭匠礼盒漆艺护发梳翠屏 | 惠,ocr/input_videos\上海__百联金山__20260826.mp4
OBS-000357,百联金山,Manner Coffee,MannerCoffee,咖啡,4.1,,1F,rated,True,,rated,parsed,rating_anchor,0.9627,0.971,54,3612,61.065,1F | 🌟🌟🌟 | 咖啡￥22/ | 4.1,Manner Coffee | 1F | 🌟🌟🌟 | 咖啡￥22/ | 4.1,ocr/input_videos\上海__百联金山__20260826.mp4
OBS-000358,百联金山,辛香汇·四川饭馆,辛香汇·四川饭馆,川菜馆,,81,3F,new_store,False,new_store,ocr_missing,parsed,metadata_anchor,0.9636,0.9708,55,3636,61.471,新店 | 川菜馆￥81/人 | 3F,辛香汇·四川饭馆 | 辛香汇 | 新店 | 川菜馆￥81/人 | 3F | 烟火鲜炒 | 点评榜单 | 金山区川菜热门榜第1名,ocr/input_videos\上海__百联金山__20260826.mp4
OBS-000359,百联金山,茶百道,茶百道,茶饮果汁,4.1,17,1F,rated,True,,rated,parsed,rating_anchor,0.9848,0.9981,64,3636,61.471,1F | ⭐🌟⭐⭐ | 4.1茶饮果汁￥17/人 | ★,茶百道 | 英道ChaPanca | 上热R | 星星 | 杨桃” | 1F | ⭐🌟⭐⭐ | 4.1茶饮果汁￥17/人 | ★ | E | 心 | 暂停营业,ocr/input_videos\上海__百联金山__20260826.mp4
OBS-000360,百联金山,谭木匠,谭木匠,杂货礼品,3.4,,1F,rated,True,,rated,parsed,rating_anchor,0.9627,0.9944,58,3636,61.471,⭐3.4杂货礼品 | 1F,谭木匠 | ⭐3.4杂货礼品 | 1F | 譚木匠 | ￥288￥288谭木匠礼盒漆艺护发梳翠屏 | 惠,ocr/input_videos\上海__百联金山__20260826.mp4
OBS-000361,百联金山,Manner Coffee,MannerCoffee,咖啡,4.1,22,1F,rated,True,,rated,parsed,rating_anchor,0.975,0.9829,56,3636,61.471,4.1咖啡￥22/人 | 1F | 🌟🌟🌟🎉🌟,Manner Coffee | 4.1咖啡￥22/人 | 1F | 🌟🌟🌟🎉🌟 | MANNER,ocr/input_videos\上海__百联金山__20260826.mp4
OBS-000362,百联金山,荷塔威麦卢卡蜂蜜,荷塔威麦卢卡蜂蜜,滋补品,3.6,,1F,rated,True,,rated,parsed,rating_anchor,0.9621,0.9997,54,3636,61.471,⭐⭐3.6滋补品 | 1F,荷塔威麦卢卡蜂蜜 | DFOR | ⭐⭐3.6滋补品 | 1F,ocr/input_videos\上海__百联金山__20260826.mp4
OBS-000363,百联金山,辛香汇·四川饭馆,辛香汇·四川饭馆,川菜馆,,81,3F,new_store,False,new_store,ocr_missing,parsed,metadata_anchor,0.9947,0.991,60,3696,62.485,新店 | 川菜馆 | ￥81/人 | 3F,辛香汇·四川饭馆 | 辛香汇 | 新店 | 川菜馆 | ￥81/人 | 3F | 烟火鲜炒 | 点评榜单 | 金山区川菜热门榜第1名 | 千,ocr/input_videos\上海__百联金山__20260826.mp4
OBS-000364,百联金山,茶百道,茶百道,茶饮果汁,4.1,17,1F,rated,True,,rated,parsed,rating_anchor,0.9847,0.9981,63,3696,62.485,1F | ⭐🌟🌟 | 4.1茶饮果汁￥17/人 | ★,茶百道 | 基首道CnPands | 上热后0 | 星星 | 杨桃” | 1F | ⭐🌟🌟 | 4.1茶饮果汁￥17/人 | ★ | 暂停营业,ocr/input_videos\上海__百联金山__20260826.mp4
OBS-000365,百联金山,谭木匠,谭木匠,杂货礼品,3.4,,1F,rated,True,,rated,parsed,rating_anchor,0.9944,0.9943,59,3696,62.485,🌟🌟⭐⭐🌟 | 1F | 3.4杂货礼品,谭木匠 | 🌟🌟⭐⭐🌟 | 1F | 3.4杂货礼品 | 譚木匠 | ￥288￥288谭木匠礼盒漆艺护发梳翠屏 | 惠,ocr/input_videos\上海__百联金山__20260826.mp4
OBS-000366,百联金山,Manner Coffee,MannerCoffee,咖啡,4.1,22,1F,rated,True,,rated,parsed,rating_anchor,0.9645,0.9591,51,3696,62.485,⭐🌟⭐⭐ | 4.1咖啡￥22/人 | 1F | ★,Manner Coffee | ⭐🌟⭐⭐ | 4.1咖啡￥22/人 | 1F | ★ | MANNER,ocr/input_videos\上海__百联金山__20260826.mp4
OBS-000367,百联金山,荷塔威麦卢卡蜂蜜,荷塔威麦卢卡蜂蜜,滋补品,3.6,,1F,rated,True,,rated,parsed,rating_anchor,0.9325,0.9992,54,3696,62.485,⭐⭐3.6滋补品 | 1F,荷塔威麦卢卡蜂蜜 | PFO8 | ⭐⭐3.6滋补品 | 1F,ocr/input_videos\上海__百联金山__20260826.mp4
OBS-000368,百联金山,恒源祥,恒源祥,家饰家纺,3.3,179,3F,rated,True,,rated,parsed,rating_anchor,0.9296,0.8942,60,3696,62.485,⭐🌟🌟🌟⭐ | 3F | 3.3 | 家饰家纺￥179/人,恒源祥 | ⭐🌟🌟🌟⭐ | 3F | 3.3 | 家饰家纺￥179/人,ocr/input_videos\上海__百联金山__20260826.mp4
OBS-000369,百联金山,谭木匠,谭木匠,杂货礼品,3.4,,1F,rated,True,,rated,parsed,rating_anchor,0.9974,0.9958,55,3744,63.297,3.4杂货礼品 | 🌟🌟🌟 | ⭐⭐ | 1F,谭木匠 | 3.4杂货礼品 | 🌟🌟🌟 | ⭐⭐ | 1F | 譚木匠 | ￥288￥288谭木匠礼盒漆艺护发梳翠屏 | 惠,ocr/input_videos\上海__百联金山__20260826.mp4
OBS-000370,百联金山,Manner Coffee,MannerCoffee,咖啡,4.1,22,1F,rated,True,,rated,parsed,rating_anchor,0.9511,0.9506,60,3744,63.297,1F | 🌟🌟🌟⭐ | 咖啡￥22/人 | 4.1 | ★,Manner Coffee | 1F | 🌟🌟🌟⭐ | 咖啡￥22/人 | 4.1 | ★ | MANNER,ocr/input_videos\上海__百联金山__20260826.mp4
OBS-000371,百联金山,荷塔威麦卢卡蜂蜜,荷塔威麦卢卡蜂蜜,滋补品,3.6,,1F,rated,True,,rated,parsed,rating_anchor,0.9944,0.9995,55,3744,63.297,3.6滋补品 | 1F,荷塔威麦卢卡蜂蜜 | SR | 3.6滋补品 | 1F,ocr/input_videos\上海__百联金山__20260826.mp4
OBS-000372,百联金山,恒源祥,恒源祥,家饰家纺,3.3,179,3F,rated,True,,rated,parsed,rating_anchor,0.904,0.8396,58,3744,63.297,🌟🌟🎉 | 家饰家纺￥179/人 | 3F | ⭐⭐ | 3.3,恒源祥 | 恒源祥集团 | 1ocya | 🌟🌟🎉 | 家饰家纺￥179/人 | 3F | ⭐⭐ | 3.3,ocr/input_videos\上海__百联金山__20260826.mp4
OBS-000373,百联金山,来咖,来咖,咖啡,,,1F,new_store,False,new_store,ocr_missing,parsed,metadata_anchor,0.9997,0.9997,61,3744,63.297,咖啡 | 新店 | 1F,来咖 | 咖啡 | 新店 | 1F,ocr/input_videos\上海__百联金山__20260826.mp4
OBS-000374,百联金山,菟竹集,菟竹集,茶饮果汁,,,1F,unrated,False,explicitly_unrated,unrated,parsed,unrated_anchor,0.9976,1.0,59,3744,63.297,1F | ★★★★★ | 暂无星级 | 茶饮果汁,菟竹集 | 1F | ★★★★★ | 暂无星级 | 茶饮果汁 | 美食 | 即将开业,ocr/input_videos\上海__百联金山__20260826.mp4
OBS-000375,百联金山,来咖,来咖,咖啡,,,1F,new_store,False,new_store,ocr_missing,parsed,metadata_anchor,0.9999,0.9998,58,3840,64.92,咖啡 | 1F | 新店,来咖 | EH | alDor | 咖啡 | 1F | 新店,ocr/input_videos\上海__百联金山__20260826.mp4
OBS-000376,百联金山,菟竹集,菟竹集,茶饮果汁,,,1F,unrated,False,explicitly_unrated,unrated,parsed,unrated_anchor,0.9987,1.0,58,3840,64.92,1F | ★★★★★ | 暂无星级 | 茶饮果汁,菟竹集 | 1F | ★★★★★ | 暂无星级 | 茶饮果汁 | 美食 | 即将开业,ocr/input_videos\上海__百联金山__20260826.mp4
OBS-000377,百联金山,熊治面包,熊治面包,面包蛋糕,,,1F,unrated,False,explicitly_unrated,unrated,parsed,unrated_anchor,0.975,0.957,57,3840,64.92,暂无星级 | ★★★★★ | 1F | 面包蛋糕,熊治面包 | 1 | 熊治面包 | 暂无星级 | ★★★★★ | 1F | 面包蛋糕 | 即将开业,ocr/input_videos\上海__百联金山__20260826.mp4
OBS-000378,百联金山,金山百联员工食堂,金山百联员工食堂,其他美食,,,1F,unrated,False,explicitly_unrated,unrated,parsed,unrated_anchor,0.9998,0.9999,54,3840,64.92,🌟🌟💥🌟🌟 | 其他美食 | 1F | 暂无星级,金山百联员工食堂 | 🌟🌟💥🌟🌟 | 其他美食 | 1F | 暂无星级 | 美食,ocr/input_videos\上海__百联金山__20260826.mp4
OBS-000379,百联金山,天梭表Tissot,天梭表Tissot,钟表,4.5,3602,1F,rated,True,,rated,parsed,rating_anchor,0.98,0.9961,52,3840,64.92,1F | 🌟🌟⭐🌟 | 钟表￥3602/人 | 4.5,天梭表Tissot | T+ | 1F | 🌟🌟⭐🌟 | 钟表￥3602/人 | 4.5 | TISSOT | 时尚设计元素，佩戴舒适 | SWISS WATCHES SINCE I0S3 | 书房养心面 | 新店 | 面馆 | 3E,ocr/input_videos\上海__百联金山__20260826.mp4
OBS-000380,百联金山,熊治面包,熊治面包,面包蛋糕,,,1F,unrated,False,explicitly_unrated,unrated,parsed,unrated_anchor,0.9782,0.9627,56,3912,66.137,1F | ★🌟★★★ | 暂无星级 | 面包蛋糕,熊治面包 | 熊治面包 | 1F | ★🌟★★★ | 暂无星级 | 面包蛋糕 | 心子咖 | 即将开业,ocr/input_videos\上海__百联金山__20260826.mp4
OBS-000381,百联金山,金山百联员工食堂,金山百联员工食堂,其他美食,,,1F,unrated,False,explicitly_unrated,unrated,parsed,unrated_anchor,0.9998,0.9999,54,3912,66.137,其他美食 | 1F | 暂无星级 | ★★★★★,金山百联员工食堂 | 其他美食 | 1F | 暂无星级 | ★★★★★ | 美食,ocr/input_videos\上海__百联金山__20260826.mp4
OBS-000382,百联金山,天梭表Tissot,天梭表Tissot,钟表,4.5,3602,1F,rated,True,,rated,parsed,rating_anchor,0.9735,0.9964,52,3912,66.137,🌟🌟⭐🌟🌟 | 1F | 钟表￥3602/人 | 4.5,天梭表Tissot | T+ | 🌟🌟⭐🌟🌟 | 1F | 钟表￥3602/人 | 4.5 | TISSOT | 时尚设计元素，佩戴舒适 | “ | 8WI8S WATCHE8 8INCE1853,ocr/input_videos\上海__百联金山__20260826.mp4
OBS-000383,百联金山,书房养心面,书房养心面,面馆,,,3F,new_store,False,new_store,ocr_missing,parsed,metadata_anchor,0.9982,0.998,55,3912,66.137,面馆 | 新店 | 3F,书房养心面 | 面馆 | 新店 | 3F,ocr/input_videos\上海__百联金山__20260826.mp4
OBS-000384,百联金山,中国黄金,中国黄金,黄金首饰,3.7,,1F,rated,True,,rated,parsed,rating_anchor,0.9985,0.9978,60,3912,66.137,1F | 🌟🌟⭐💥🌟 | 黄金首饰 | 3.7 | ),中国黄金 | 1F | 🌟🌟⭐💥🌟 | 黄金首饰 | 3.7 | ) | 中国黄金 | China Gold,ocr/input_videos\上海__百联金山__20260826.mp4
OBS-000385,百联金山,老凤祥,老凤祥,综合珠宝首饰,3.6,,1F,rated,True,,rated,parsed,rating_anchor,0.9977,0.9958,57,3912,66.137,1F | 🌟🌟⭐🌟⭐ | 综合珠宝首饰 | 3.6,老凤祥 | 1F | 🌟🌟⭐🌟⭐ | 综合珠宝首饰 | 3.6,ocr/input_videos\上海__百联金山__20260826.mp4
OBS-000386,百联金山,熊治面巴,熊治面巴,面包蛋糕,,,1F,unrated,False,explicitly_unrated,unrated,parsed,unrated_anchor,0.8039,0.616,31,3960,66.948,1F | ★★★★★ | 暂无星级 | 面包蛋糕,熊治面巴 | 熊治面包 | 1F | ★★★★★ | 暂无星级 | 面包蛋糕 | 即将开业,ocr/input_videos\上海__百联金山__20260826.mp4
OBS-000387,百联金山,金山百联员工食堂,金山百联员工食堂,其他美食,,,1F,unrated,False,explicitly_unrated,unrated,parsed,unrated_anchor,0.9998,0.9998,54,3960,66.948,1F | 其他美食 | 🌟🌟🌟🌟 | 暂无星级,金山百联员工食堂 | 1F | 其他美食 | 🌟🌟🌟🌟 | 暂无星级 | 美食,ocr/input_videos\上海__百联金山__20260826.mp4
OBS-000388,百联金山,天梭表Tissot,天梭表Tissot,钟表,4.5,3602,1F,rated,True,,rated,parsed,rating_anchor,0.977,0.9961,52,3960,66.948,🌟🌟🎉⭐🌟 | 1F | 钟表￥3602/人 | 4.5,天梭表Tissot | r+ | 🌟🌟🎉⭐🌟 | 1F | 钟表￥3602/人 | 4.5 | TISSOT | 时尚设计元素，佩戴舒适 | SWISS WATCHES SINCEI0S3,ocr/input_videos\上海__百联金山__20260826.mp4
OBS-000389,百联金山,书房养心面,书房养心面,面馆,,,3F,new_store,False,new_store,ocr_missing,parsed,metadata_anchor,0.9983,0.9982,56,3960,66.948,面馆 | 新店 | 3F,书房养心面 | 面馆 | 新店 | 3F,ocr/input_videos\上海__百联金山__20260826.mp4
OBS-000390,百联金山,中国黄金,中国黄金,黄金首饰,3.7,,1F,rated,True,,rated,parsed,rating_anchor,0.9995,0.9994,59,3960,66.948,🌟🌟🌟🌟🌟 | 黄金首饰 | 1F | 3.7,中国黄金 | 🌟🌟🌟🌟🌟 | 黄金首饰 | 1F | 3.7 | 中国黄金 | China Gold,ocr/input_videos\上海__百联金山__20260826.mp4
OBS-000391,百联金山,老凤祥,老凤祥,综合珠宝首饰,3.6,,1F,rated,True,,rated,parsed,rating_anchor,0.9956,0.9927,61,3960,66.948,1F | 3.6综合珠宝首饰 | ★🌟★★★,老凤祥 | 1F | 3.6综合珠宝首饰 | ★🌟★★★ | GREEN PARTY | THE,ocr/input_videos\上海__百联金山__20260826.mp4
OBS-000392,百联金山,熊治面巴,熊治面巴,面包蛋糕,,,1F,unrated,False,explicitly_unrated,unrated,parsed,unrated_anchor,0.8119,0.6321,31,3972,67.151,面包蛋糕 | 1F | ★★★★★ | 暂无星级,熊治面巴 | 熊治面包 | 面包蛋糕 | 1F | ★★★★★ | 暂无星级 | 即将开业,ocr/input_videos\上海__百联金山__20260826.mp4
OBS-000393,百联金山,金山百联员工食堂,金山百联员工食堂,其他美食,,,1F,unrated,False,explicitly_unrated,unrated,parsed,unrated_anchor,0.9999,0.9999,54,3972,67.151,1F | 其他美食 | 🌟🌟🌟🌟 | 暂无星级,金山百联员工食堂 | 1F | 其他美食 | 🌟🌟🌟🌟 | 暂无星级 | 美食,ocr/input_videos\上海__百联金山__20260826.mp4
OBS-000394,百联金山,天梭表Tissot,天梭表Tissot,钟表,4.5,3602,1F,rated,True,,rated,parsed,rating_anchor,0.9747,0.9961,52,3972,67.151,1F | 🌟🌟⭐⭐🌟 | 钟表￥3602/人 | 4.5,天梭表Tissot | r+ | 1F | 🌟🌟⭐⭐🌟 | 钟表￥3602/人 | 4.5 | TISSOT | 时尚设计元素，佩戴舒适 | SWISS WATCHES SINCEI0S3,ocr/input_videos\上海__百联金山__20260826.mp4
OBS-000395,百联金山,书房养心面,书房养心面,面馆,,,3F,new_store,False,new_store,ocr_missing,parsed,metadata_anchor,0.9982,0.9982,56,3972,67.151,面馆 | 新店 | 3F,书房养心面 | 面馆 | 新店 | 3F,ocr/input_videos\上海__百联金山__20260826.mp4
OBS-000396,百联金山,中国黄金,中国黄金,黄金首饰,3.7,,1F,rated,True,,rated,parsed,rating_anchor,0.9995,0.9994,59,3972,67.151,🌟🌟🌟🌟🌟 | 黄金首饰 | 1F | 3.7,中国黄金 | 🌟🌟🌟🌟🌟 | 黄金首饰 | 1F | 3.7 | 中国黄金 | China Gold,ocr/input_videos\上海__百联金山__20260826.mp4
OBS-000397,百联金山,老凤祥,老凤祥,综合珠宝首饰,3.6,,1F,rated,True,,rated,parsed,rating_anchor,0.9969,0.9954,60,3972,67.151,1F | ★🌟★🌟★ | 3.6综合珠宝首饰,老凤祥 | 1F | ★🌟★🌟★ | 3.6综合珠宝首饰 | THE | GREEN PARTY,ocr/input_videos\上海__百联金山__20260826.mp4
OBS-000398,百联金山,书房养心面,书房养心面,面馆,,,3F,new_store,False,new_store,ocr_missing,parsed,metadata_anchor,0.9984,0.9985,56,4020,67.963,面馆 | 3F | 新店,书房养心面 | 面馆 | 3F | 新店,ocr/input_videos\上海__百联金山__20260826.mp4
OBS-000399,百联金山,中国黄金,中国黄金,黄金首饰,3.7,,1F,rated,True,,rated,parsed,rating_anchor,0.999,0.9984,63,4020,67.963,🌟🌟⭐🌟⭐ | 1F | 黄金首饰 | 3.7,中国黄金 | 🌟🌟⭐🌟⭐ | 1F | 黄金首饰 | 3.7 | 中国黄金 | China Gold,ocr/input_videos\上海__百联金山__20260826.mp4
OBS-000400,百联金山,老凤祥,老凤祥,综合珠宝首饰,3.6,,1F,rated,True,,rated,parsed,rating_anchor,0.997,0.9945,58,4020,67.963,1F | 🌟🌟🌟⭐ | 综合珠宝首饰 | 3.6,老凤祥 | 1F | 🌟🌟🌟⭐ | 综合珠宝首饰 | 3.6,ocr/input_videos\上海__百联金山__20260826.mp4
OBS-000401,百联金山,THE,THE,杂货礼品,4.1,68,2F,rated,True,,rated,parsed,rating_anchor,0.9956,0.9936,46,4020,67.963,2F | 杂货礼品 | 🌟🌟⭐🌟🌟 | ￥68/人 | 4.1,THE | GREEN PARTY | 2F | 杂货礼品 | 🌟🌟⭐🌟🌟 | ￥68/人 | 4.1 | 软乎乎的手感超好，解压玩具0元玩转城市 | The Green Party | Laring CaMeeuisn,ocr/input_videos\上海__百联金山__20260826.mp4
OBS-000402,百联金山,水星家纺,水星家纺,家饰家纺,3.7,999,3F,rated,True,,rated,parsed,rating_anchor,0.9821,0.9995,56,4020,67.963,🌟🌟🌟🌟🌟 | 3F | 家饰家纺￥999/人 | 3.7,水星家纺 | 🌟🌟🌟🌟🌟 | 3F | 家饰家纺￥999/人 | 3.7,ocr/input_videos\上海__百联金山__20260826.mp4
OBS-000403,百联金山,智己汽车上海金山百联体验中心,智己汽车上海金山百联体验中心,综合经销商,3.6,,1F,rated,True,,rated,parsed,rating_anchor,0.9975,0.9954,54,4020,67.963,1F | 🌟🌟🌟★ | 综合经销商 | 3.6,智己汽车上海金山百联体验中心 | 1F | 🌟🌟🌟★ | 综合经销商 | 3.6 | 钓娱岛,ocr/input_videos\上海__百联金山__20260826.mp4
OBS-000404,百联金山,中国黄金,中国黄金,黄金首饰,3.7,,1F,rated,True,,rated,parsed,rating_anchor,0.9995,0.9993,63,4044,68.369,🌟🌟⭐🌟⭐ | 黄金首饰 | 1F | 3.7,中国黄金 | 🌟🌟⭐🌟⭐ | 黄金首饰 | 1F | 3.7 | 中国黄金 | China Gold,ocr/input_videos\上海__百联金山__20260826.mp4
OBS-000405,百联金山,老凤祥,老凤祥,综合珠宝首饰,3.6,,1F,rated,True,,rated,parsed,rating_anchor,0.9986,0.9976,58,4044,68.369,🌟🌟🌟🌟🌟 | 综合珠宝首饰 | 1F | 3.6,老凤祥 | 租 | 🌟🌟🌟🌟🌟 | 综合珠宝首饰 | 1F | 3.6,ocr/input_videos\上海__百联金山__20260826.mp4
OBS-000406,百联金山,THE GREEN PARTY,THEGREENPARTY,杂货礼品,4.1,68,2F,rated,True,,rated,parsed,rating_anchor,0.9809,0.9647,47,4044,68.369,2F | ★★🌟⭐★ | 杂货礼品 | ￥68/人 | 4.1,THE GREEN PARTY | 2F | ★★🌟⭐★ | 杂货礼品 | ￥68/人 | 4.1 | 软乎乎的手感超好，解压玩具0元玩转城市 | The Green Party | Larirg CaMecaisn,ocr/input_videos\上海__百联金山__20260826.mp4
OBS-000407,百联金山,水星家纺,水星家纺,家饰家纺,3.7,999,3F,rated,True,,rated,parsed,rating_anchor,0.9662,0.9994,59,4044,68.369,3F | ★🌟★ | 家饰家纺￥999/人 | 3.7,水星家纺 | 3F | ★🌟★ | 家饰家纺￥999/人 | 3.7,ocr/input_videos\上海__百联金山__20260826.mp4
OBS-000408,百联金山,智己汽车上海金山百联体验中心,智己汽车上海金山百联体验中心,综合经销商,3.6,,1F,rated,True,,rated,parsed,rating_anchor,0.9984,0.9971,51,4044,68.369,★🌟★🌟🌟 | 1F | 综合经销商 | 3.6,智己汽车上海金山百联体验中心 | ★🌟★🌟🌟 | 1F | 综合经销商 | 3.6,ocr/input_videos\上海__百联金山__20260826.mp4
OBS-000409,百联金山,钓娱岛,钓娱岛,及儿童乐园,,,3F,unrated,False,explicitly_unrated,unrated,parsed,unrated_anchor,0.9625,0.9909,64,4044,68.369,3F | ⭐🌟💥🌟🌟 | 暂无星级 | 及儿童乐园,钓娱岛 | 3F | ⭐🌟💥🌟🌟 | 暂无星级 | 及儿童乐园,ocr/input_videos\上海__百联金山__20260826.mp4
OBS-000410,百联金山,老凤祥,老凤祥,综合珠宝首饰,3.6,,1F,rated,True,,rated,parsed,rating_anchor,0.9974,0.9953,58,4104,69.383,🌟🌟🎉🌟⭐ | 综合珠宝首饰 | 1F | 3.6,老凤祥 | 🌟🌟🎉🌟⭐ | 综合珠宝首饰 | 1F | 3.6,ocr/input_videos\上海__百联金山__20260826.mp4
OBS-000411,百联金山,THE GREEN PARTY,THEGREENPARTY,杂货礼品,4.1,68,2F,rated,True,,rated,parsed,rating_anchor,0.9863,0.9739,47,4104,69.383,2F | ￥68/人 | 杂货礼品 | 🌟🌟🌟★⭐ | 4.1,THE GREEN PARTY | 2F | ￥68/人 | 杂货礼品 | 🌟🌟🌟★⭐ | 4.1 | 软乎乎的手感超好，解压玩具0元玩转城市 | The Green Party | Cavieg Cateuisa,ocr/input_videos\上海__百联金山__20260826.mp4
OBS-000412,百联金山,水星家纺,水星家纺,家饰家纺,3.7,999,3F,rated,True,,rated,parsed,rating_anchor,0.9821,0.9995,60,4104,69.383,3F | 🌟🌟🌟🌟⭐ | 家饰家纺￥999/人 | 3.7,水星家纺 | 3F | 🌟🌟🌟🌟⭐ | 家饰家纺￥999/人 | 3.7,ocr/input_videos\上海__百联金山__20260826.mp4
OBS-000413,百联金山,智己汽车上海金山百联体验中心,智己汽车上海金山百联体验中心,综合经销商,3.6,,1F,rated,True,,rated,parsed,rating_anchor,0.9961,0.9923,54,4104,69.383,⭐⭐3.6 | 1F | 综合经销商,智己汽车上海金山百联体验中心 | ⭐⭐3.6 | 1F | 综合经销商,ocr/input_videos\上海__百联金山__20260826.mp4
OBS-000414,百联金山,钓娱岛,钓娱岛,及儿童乐园,,,3F,unrated,False,explicitly_unrated,unrated,parsed,unrated_anchor,0.9572,0.9811,59,4104,69.383,3F | ★★★★★ | 暂无星级 | 及儿童乐园,钓娱岛 | 3F | ★★★★★ | 暂无星级 | 及儿童乐园,ocr/input_videos\上海__百联金山__20260826.mp4
OBS-000415,百联金山,海澜之家,海澜之家,服饰鞋包,3.6,,2F,rated,True,,rated,parsed,rating_anchor,0.9819,0.9648,59,4104,69.383,🌟🌟🌟🌟🌟 | 服饰鞋包 | 2F | 3.6,海澜之家 | HLA | 🌟🌟🌟🌟🌟 | 服饰鞋包 | 2F | 3.6 | 海澜之家,ocr/input_videos\上海__百联金山__20260826.mp4
OBS-000416,百联金山,水星家纺,水星家纺,家饰家纺,3.7,999,3F,rated,True,,rated,parsed,rating_anchor,0.9798,0.9995,57,4116,69.586,3F | 🌟🌟🌟🌟🌟 | 家饰家纺￥999/人 | 3.7,水星家纺 | 3F | 🌟🌟🌟🌟🌟 | 家饰家纺￥999/人 | 3.7,ocr/input_videos\上海__百联金山__20260826.mp4
OBS-000417,百联金山,智己汽车上海金山百联体验中心,智己汽车上海金山百联体验中心,综合经销商,3.6,,1F,rated,True,,rated,parsed,rating_anchor,0.9714,0.9926,51,4116,69.586,⭐3.6综合经销商 | 1F,智己汽车上海金山百联体验中心 | ⭐3.6综合经销商 | 1F,ocr/input_videos\上海__百联金山__20260826.mp4
OBS-000418,百联金山,钓娱岛,钓娱岛,儿童乐园,,,3F,unrated,False,explicitly_unrated,unrated,parsed,unrated_anchor,0.9891,0.9797,58,4116,69.586,3F | ★🌟⭐🌟🌟 | 暂无星级 | 儿童乐园,钓娱岛 | 3F | ★🌟⭐🌟🌟 | 暂无星级 | 儿童乐园,ocr/input_videos\上海__百联金山__20260826.mp4
OBS-000419,百联金山,海澜之家,海澜之家,服饰鞋包,3.6,,2F,rated,True,,rated,parsed,rating_anchor,0.9439,0.8919,62,4116,69.586,🌟🌟⭐🌟🌟 | 2F | 3.6服饰鞋包,海澜之家 | HLA | 🌟🌟⭐🌟🌟 | 2F | 3.6服饰鞋包 | 海澜之家,ocr/input_videos\上海__百联金山__20260826.mp4
OBS-000420,百联金山,GXG,GXG,服装,3.5,,2F,rated,True,,rated,parsed,rating_anchor,0.9933,0.9982,52,4116,69.586,3.5服装 | 2F,GXG | 3.5服装 | 2F | GXG,ocr/input_videos\上海__百联金山__20260826.mp4
OBS-000421,百联金山,GUJIN古今內衣,GUJIN古今内衣,服饰鞋包,3.6,524,商场内,rated,True,,rated,parsed,rating_anchor,0.9627,0.9603,52,4116,69.586,商场内 | 🌟🌟🌟🌟🌟 | 服饰鞋包￥524/人 | 3.6,GUJIN古今內衣 | 商场内 | 🌟🌟🌟🌟🌟 | 服饰鞋包￥524/人 | 3.6,ocr/input_videos\上海__百联金山__20260826.mp4
OBS-000422,百联金山,智己汽车上海金山百联体验中心,智己汽车上海金山百联体验中心,综合经销商,3.6,,1F,rated,True,,rated,parsed,rating_anchor,0.9947,0.995,57,4152,70.194,1F | 3.6综合经销商,智己汽车上海金山百联体验中心 | 1F | 3.6综合经销商,ocr/input_videos\上海__百联金山__20260826.mp4
OBS-000423,百联金山,钓娱岛,钓娱岛,儿童乐园,,,3F,unrated,False,explicitly_unrated,unrated,parsed,unrated_anchor,0.9887,0.9778,59,4152,70.194,暂无星级 | 儿童乐园 | ★★★★★ | 3F,钓娱岛 | 暂无星级 | 儿童乐园 | ★★★★★ | 3F,ocr/input_videos\上海__百联金山__20260826.mp4
OBS-000424,百联金山,海澜之家,海澜之家,服饰鞋包,3.6,,2F,rated,True,,rated,parsed,rating_anchor,0.9514,0.9034,57,4152,70.194,⭐🌟🌟🌟🌟 | 2F | 服饰鞋包 | 3.6,海澜之家 | HLA | ⭐🌟🌟🌟🌟 | 2F | 服饰鞋包 | 3.6 | 海瀾之家,ocr/input_videos\上海__百联金山__20260826.mp4
OBS-000425,百联金山,GXG,GXG,服装,3.5,,2F,rated,True,,rated,parsed,rating_anchor,0.9983,0.9969,51,4152,70.194,⭐🌟⭐🌟🌟 | 服装 | 2F | 3.5,GXG | ⭐🌟⭐🌟🌟 | 服装 | 2F | 3.5 | GXG,ocr/input_videos\上海__百联金山__20260826.mp4
OBS-000426,百联金山,GUJIN古今內衣,GUJIN古今内衣,服饰鞋包,3.6,524,商场内,rated,True,,rated,parsed,rating_anchor,0.9534,0.9455,54,4152,70.194,商场内 | 🌟🌟🌟🌟⭐ | 服饰鞋包￥524/人 | 3.6,GUJIN古今內衣 | 商场内 | 🌟🌟🌟🌟⭐ | 服饰鞋包￥524/人 | 3.6 | 古今GUJIN | ）一无痕内裤1代7. | 惠 | ￥1￥70内裤（2件装）,ocr/input_videos\上海__百联金山__20260826.mp4
OBS-000427,百联金山,周大福CHOW TAI FOOK,周大福CHOWTAIFOOK,黄金首饰,3.8,2340,1F,rated,True,,rated,parsed,rating_anchor,0.9811,0.9644,54,4152,70.194,黄金首饰 | 1F | 3.8 | ★★ | ￥2340/人 | ★,周大福CHOW TAI FOOK | 黄金首饰 | 1F | 3.8 | ★★ | ￥2340/人 | 福 | ★ | 周 | 大,ocr/input_videos\上海__百联金山__20260826.mp4
OBS-000428,百联金山,智己汽车上海金山百联体验中心,智己汽车上海金山百联体验中心,综合经销商,3.6,,1F,rated,True,,rated,parsed,rating_anchor,0.9584,0.9976,57,4176,70.6,⭐⭐3.6综合经销商 | 1F,智己汽车上海金山百联体验中心 | ⭐⭐3.6综合经销商 | 1F,ocr/input_videos\上海__百联金山__20260826.mp4
OBS-000429,百联金山,钓娱岛,钓娱岛,儿童乐园,,,3F,unrated,False,explicitly_unrated,unrated,parsed,unrated_anchor,0.9919,0.9877,63,4176,70.6,🌟🌟🌟💥🌟 | 3F | 暂无星级儿童乐园,钓娱岛 | 🌟🌟🌟💥🌟 | 3F | 暂无星级儿童乐园,ocr/input_videos\上海__百联金山__20260826.mp4
OBS-000430,百联金山,海澜之家,海澜之家,服饰鞋包,3.6,,2F,rated,True,,rated,parsed,rating_anchor,0.9709,0.9438,63,4176,70.6,🌟🌟🌟🌟🌟 | 2F | 3.6服饰鞋包,海澜之家 | HLA | 🌟🌟🌟🌟🌟 | 2F | 3.6服饰鞋包 | 海澜之家,ocr/input_videos\上海__百联金山__20260826.mp4
OBS-000431,百联金山,GXG,GXG,服装,3.5,,2F,rated,True,,rated,parsed,rating_anchor,0.9952,0.9973,55,4176,70.6,3.5服装 | 2F,GXG | 3.5服装 | 2F | GXG,ocr/input_videos\上海__百联金山__20260826.mp4
OBS-000432,百联金山,GUJIN古今內衣,GUJIN古今内衣,服饰鞋包,3.6,524,商场内,rated,True,,rated,parsed,rating_anchor,0.9761,0.987,62,4176,70.6,商场内 | 🌟🌟🎉🌟🌟 | 服饰鞋包￥524/人 | 3.6,GUJIN古今內衣 | 商场内 | 🌟🌟🎉🌟🌟 | 服饰鞋包￥524/人 | 3.6 | 古今GUJIN | 惠￥1￥70内裤(2件装） | ）|无痕内裤1代7..,ocr/input_videos\上海__百联金山__20260826.mp4
OBS-000433,百联金山,周大福CHOWTAI FOOK,周大福CHOWTAIFOOK,黄金首饰,3.8,2340,1F,rated,True,,rated,parsed,rating_anchor,0.9904,0.9814,54,4176,70.6,黄金首饰 | ★🌟★ | 3.8 | 1F | ￥2340/人,周大福CHOWTAI FOOK | 黄金首饰 | ★🌟★ | 3.8 | 1F | ￥2340/人 | 周大福,ocr/input_videos\上海__百联金山__20260826.mp4
OBS-000434,百联金山,海澜之家,海澜之家,服饰鞋包,3.6,,2F,rated,True,,rated,parsed,rating_anchor,0.9551,0.9125,59,4260,72.02,🌟🌟🌟🌟🌟 | 3.6服饰鞋包 | 2F,海澜之家 | HLA | 🌟🌟🌟🌟🌟 | 3.6服饰鞋包 | 2F | 海澜之家,ocr/input_videos\上海__百联金山__20260826.mp4
OBS-000435,百联金山,GXG,GXG,服装,3.5,,2F,rated,True,,rated,parsed,rating_anchor,0.9107,0.9977,57,4260,72.02,⭐⭐⭐⭐3.5服装 | 2F,GXG | ⭐⭐⭐⭐3.5服装 | 2F | GXG,ocr/input_videos\上海__百联金山__20260826.mp4
OBS-000436,百联金山,GUJIN古今內衣,GUJIN古今内衣,服饰鞋包,3.6,524,商场内,rated,True,,rated,parsed,rating_anchor,0.9652,0.9704,57,4260,72.02,🌟🌟🌟🌟⭐ | 商场内 | 服饰鞋包￥524/人 | 3.6,GUJIN古今內衣 | 🌟🌟🌟🌟⭐ | 商场内 | 服饰鞋包￥524/人 | 3.6 | 古今GUJIN | ￥1￥70内裤（2件装） | 惠 | |无痕内裤1代7..,ocr/input_videos\上海__百联金山__20260826.mp4
OBS-000437,百联金山,周大福CHOW TAI FOOK,周大福CHOWTAIFOOK,黄金首饰,3.8,2340,1F,rated,True,,rated,parsed,rating_anchor,0.9584,0.9538,55,4260,72.02,3.8黄金首饰￥2340/人 | 1F,周大福CHOW TAI FOOK | 3.8黄金首饰￥2340/人 | 1F | 周大福 | SINCE 1929,ocr/input_videos\上海__百联金山__20260826.mp4
OBS-000438,百联金山,中国福利彩票,中国福利彩票,彩票,3.7,,1F,rated,True,,rated,parsed,rating_anchor,0.8759,0.9999,55,4260,72.02,🌟⭐⭐3.7 彩票 | 1F,中国福利彩票 | 中国招鸡医牌 | 🌟⭐⭐3.7 彩票 | 1F | 关可胜定 | 福利彩票刮奖有趣，新年讨个好彩头 | 金,ocr/input_videos\上海__百联金山__20260826.mp4
OBS-000439,百联金山,SDEER圣迪奧,SDEER圣迪奥,服装,4.5,1674,2F,rated,True,,rated,parsed,rating_anchor,0.9635,0.9718,57,4260,72.02,🌟🌟🎉🌟🌟 | 2F | 服装￥1674/人 | 4.5,SDEER圣迪奧 | 🌟🌟🎉🌟🌟 | 2F | 服装￥1674/人 | 4.5 | S·DEER | 点评榜单 | 百联金山购物中心服饰鞋包好评榜第1名 | 简约暗黑风，设计感十足 | 2,ocr/input_videos\上海__百联金山__20260826.mp4
OBS-000440,百联金山,GXG,GXG,服装,3.5,,2F,rated,True,,rated,parsed,rating_anchor,0.9392,0.9975,57,4272,72.223,🌟3.5服装 | 2F,GXG | 🌟3.5服装 | 2F | GXG,ocr/input_videos\上海__百联金山__20260826.mp4
OBS-000441,百联金山,GUJIN古今內衣,GUJIN古今内衣,服饰鞋包,3.6,524,商场内,rated,True,,rated,parsed,rating_anchor,0.9662,0.9711,55,4272,72.223,3.6服饰鞋包￥524/人 | 商场内,GUJIN古今內衣 | 3.6服饰鞋包￥524/人 | 商场内 | 古今GUJIN | 惠￥1￥70内裤(2件装） | ）|无痕内裤1代7..,ocr/input_videos\上海__百联金山__20260826.mp4
OBS-000442,百联金山,周大福CHOW TAI FOOK,周大福CHOWTAIFOOK,黄金首饰,3.8,2340,1F,rated,True,,rated,parsed,rating_anchor,0.9603,0.9621,55,4272,72.223,3.8黄金首饰￥2340/人 | 1F,周大福CHOW TAI FOOK | 3.8黄金首饰￥2340/人 | 1F | 周大福 | SINCE 1929,ocr/input_videos\上海__百联金山__20260826.mp4
OBS-000443,百联金山,中国福利彩票,中国福利彩票,彩票,3.7,,1F,rated,True,,rated,parsed,rating_anchor,0.9895,0.9999,55,4272,72.223,3.7彩票 | 1F,中国福利彩票 | 中国福调彩 | 3.7彩票 | 1F | C发特实 | 福利彩票刮奖有趣，新年讨个好彩头,ocr/input_videos\上海__百联金山__20260826.mp4
OBS-000444,百联金山,SDEER圣迪奧,SDEER圣迪奥,服装,4.5,1674,2F,rated,True,,rated,parsed,rating_anchor,0.9679,0.9902,55,4272,72.223,🌟🌟🎉🌟🌟 | 2F | 服装￥1674/人 | 4.5,SDEER圣迪奧 | 🌟🌟🎉🌟🌟 | 2F | 服装￥1674/人 | 4.5 | S·DEER | 点评榜单 | 百联金山购物中心服饰鞋包好评榜第1名 | 简约暗黑风，设计感十 | 2,ocr/input_videos\上海__百联金山__20260826.mp4
OBS-000445,百联金山,GXG,GXG,服装,3.5,,2F,rated,True,,rated,parsed,rating_anchor,0.9329,0.9978,57,4320,73.035,🌟3.5服装 | 2F,GXG | 🌟3.5服装 | 2F | GXG,ocr/input_videos\上海__百联金山__20260826.mp4
OBS-000446,百联金山,GUJIN古今內衣,GUJIN古今内衣,服饰鞋包,3.6,524,商场内,rated,True,,rated,parsed,rating_anchor,0.9612,0.9609,52,4320,73.035,3.6服饰鞋包￥524/人 | 商场内,GUJIN古今內衣 | 3.6服饰鞋包￥524/人 | 商场内 | 古今GUJIN | 惠￥1￥70内裤(2件装) | ）|无痕内裤1代7..,ocr/input_videos\上海__百联金山__20260826.mp4
OBS-000447,百联金山,周大福CHOW TAI FOOK,周大福CHOWTAIFOOK,黄金首饰,3.8,2340,1F,rated,True,,rated,parsed,rating_anchor,0.96,0.9605,54,4320,73.035,3.8黄金首饰￥2340/人 | 1F,周大福CHOW TAI FOOK | 3.8黄金首饰￥2340/人 | 1F | 周大福 | SINCE 1929,ocr/input_videos\上海__百联金山__20260826.mp4
OBS-000448,百联金山,中国福利彩票,中国福利彩票,彩票,3.7,,1F,rated,True,,rated,parsed,rating_anchor,0.9904,0.9999,56,4320,73.035,3.7彩票 | 1F,中国福利彩票 | 中国福调彩 | 3.7彩票 | 1F | CX特宝 | 福利彩票刮奖有趣，新年讨个好彩头,ocr/input_videos\上海__百联金山__20260826.mp4
OBS-000449,百联金山,SDEER圣迪奧,SDEER圣迪奥,服装,4.5,1674,2F,rated,True,,rated,parsed,rating_anchor,0.967,0.99,55,4320,73.035,🌟🌟🎉🌟🌟 | 2F | 服装￥1674/人 | 4.5,SDEER圣迪奧 | 🌟🌟🎉🌟🌟 | 2F | 服装￥1674/人 | 4.5 | S·DEER | 点评榜单 | 百联金山购物中心服饰鞋包好评榜第1名 | 简约暗黑风，设计感十足 | 3 | 克丽缇娜,ocr/input_videos\上海__百联金山__20260826.mp4
OBS-000450,百联金山,中国福利彩票,中国福利彩票,彩票,3.7,,1F,rated,True,,rated,parsed,rating_anchor,0.9886,0.9999,55,4380,74.049,3.7彩票 | 1F,中国福利彩票 | 中国推型家票 | 3.7彩票 | 1F | 关研文 | 福利彩票刮奖有趣，新年讨个好彩头 | 5 | 香童业,ocr/input_videos\上海__百联金山__20260826.mp4
OBS-000451,百联金山,SDEER圣迪奧,SDEER圣迪奥,服装,4.5,1674,2F,rated,True,,rated,parsed,rating_anchor,0.9617,0.9776,55,4380,74.049,2F | 🌟🌟⭐🌟🌟 | 服装￥1674/人 | 4.5,SDEER圣迪奧 | 2F | 🌟🌟⭐🌟🌟 | 服装￥1674/人 | 4.5 | S·DEER | 点评榜单 | 百联金山购物中心服饰鞋包好评榜第1名 | 简约暗黑风，设计感十 | “ | 1,ocr/input_videos\上海__百联金山__20260826.mp4
OBS-000452,百联金山,克丽缇娜,克丽缇娜,SPA美体,3.7,344,3F,rated,True,,rated,parsed,rating_anchor,0.9759,0.9935,57,4380,74.049,3.7SPA美体￥344/人 | 3F,克丽缇娜 | VNIIITHO | 益 | 3.7SPA美体￥344/人 | 3F | 5 | 而 | 美容师手法专业细腻，全程仪式感拉满 | 发通光 | 都门 | ￥1214.6折 | ￥68060分钟深层清洁·毛... | 惠,ocr/input_videos\上海__百联金山__20260826.mp4
OBS-000453,百联金山,卡游,卡游,杂货礼品,3.8,,2F,rated,True,,rated,parsed,rating_anchor,0.98,1.0,66,4380,74.049,3.8杂货礼品 | 2F,卡游 | 3.8杂货礼品 | 2F | KAYOU | 服务热情周到，环境干净整洁 | S | ￥939.8折 | ￥100 | 惠 | 【限时福利】100代金券,ocr/input_videos\上海__百联金山__20260826.mp4
OBS-000454,百联金山,JACK&JONES,JACK&JONES,服饰鞋包,4.4,,2F,rated,True,,rated,parsed,rating_anchor,0.9953,0.9912,51,4380,74.049,2F | 🌟🌟🌟⭐ | 服饰鞋包 | 4.4 | ★,JACK&JONES | JACK& | 2F | 🌟🌟🌟⭐ | 服饰鞋包 | 4.4 | ★ | JONES | 点评榜单 | 百联金山购物中心服饰鞋包好评榜第2名,ocr/input_videos\上海__百联金山__20260826.mp4
OBS-000455,百联金山,中国福利彩票,中国福利彩票,彩票,3.7,,1F,rated,True,,rated,parsed,rating_anchor,0.9393,0.9999,58,4404,74.455,⭐3.7彩票 | 1F,中国福利彩票 | 中国推彩理 | ⭐3.7彩票 | 1F | CX海文 | 0 | 福利彩票刮奖有趣，新年讨个好彩头 | 曹骨重区,ocr/input_videos\上海__百联金山__20260826.mp4
OBS-000456,百联金山,SDEER圣迪奧,SDEER圣迪奥,服装,4.5,1674,2F,rated,True,,rated,parsed,rating_anchor,0.9749,0.9876,55,4404,74.455,2F | 🌟🌟⭐🌟🌟 | 4.5服装￥1674/人,SDEER圣迪奧 | 2F | 🌟🌟⭐🌟🌟 | 4.5服装￥1674/人 | S·DEER | 点评榜单 | 百联金山购物中心服饰鞋包好评榜第1名 | 简约暗黑风，设计感十足 | 2,ocr/input_videos\上海__百联金山__20260826.mp4
OBS-000457,百联金山,克丽缇娜,克丽缇娜,SPA美体,3.7,344,3F,rated,True,,rated,parsed,rating_anchor,0.976,0.9942,60,4404,74.455,3F | 3.7SPA美体￥344/人,克丽缇娜 | VNILITHS | 3F | 3.7SPA美体￥344/人 | 上 | 面 | 放 | 美容师手法专业细腻，全程仪式感拉满 | n | ￥1214.6折 | ￥68060分钟深层清洁·毛... | 惠,ocr/input_videos\上海__百联金山__20260826.mp4
OBS-000458,百联金山,卡游,卡游,杂货礼品,3.8,,2F,rated,True,,rated,parsed,rating_anchor,0.9352,1.0,66,4404,74.455,⭐⭐⭐3.8杂货礼品 | 2F,卡游 | ⭐⭐⭐3.8杂货礼品 | 2F | KAYOU | 服务热情周到，环境干净整洁 | ￥939.8折 | ￥100 | 惠 | 【限时福利】100代金券,ocr/input_videos\上海__百联金山__20260826.mp4
OBS-000459,百联金山,JACK&JONES,JACK&JONES,服饰鞋包,4.4,,2F,rated,True,,rated,parsed,rating_anchor,0.9906,0.9816,53,4404,74.455,2F | 🌟🌟🌟🌟 | 服饰鞋包 | 4.4,JACK&JONES | JACKS | 2F | 🌟🌟🌟🌟 | 服饰鞋包 | 4.4 | JONES | 点评榜单 | 百联金山购物中心服饰鞋包好评榜第2名,ocr/input_videos\上海__百联金山__20260826.mp4
OBS-000460,百联金山,中国福利彩票,中国福利彩票,彩票,3.7,,1F,rated,True,,rated,parsed,rating_anchor,0.99,0.9999,55,4476,75.672,1F | 3.7彩票,中国福利彩票 | 中国报 | 1F | 3.7彩票 | 关项文 | 福利彩票刮奖有趣，新年讨个好彩头,ocr/input_videos\上海__百联金山__20260826.mp4
OBS-000461,百联金山,SDEER圣迪奧,SDEER圣迪奥,服装,4.5,1674,2F,rated,True,,rated,parsed,rating_anchor,0.9475,0.948,52,4476,75.672,2F | 🌟🌟🌟🎉🌟 | 服装￥1674/人 | 4.5,SDEER圣迪奧 | 2F | 🌟🌟🌟🎉🌟 | 服装￥1674/人 | 4.5 | S·DEER | 点评榜单 | 百联金山购物中心服饰鞋包好评榜第1名 | “简约暗黑风，设计感十足 | 3,ocr/input_videos\上海__百联金山__20260826.mp4
OBS-000462,百联金山,克丽缇娜,克丽缇娜,SPA美体,3.7,344,3F,rated,True,,rated,parsed,rating_anchor,0.9772,0.9884,60,4476,75.672,🌟🌟🎉🌟⭐ | 3F | 3.7SPA美体￥344/人,克丽缇娜 | VNIIITHS | 🌟🌟🎉🌟⭐ | 3F | 3.7SPA美体￥344/人 | 而 | 上 | 分 | 美容师手法专业细腻，全程仪式感拉满 | “ | 法元 | PR | ￥1214.6折 | ￥68060分钟深层清洁·毛.... | 惠,ocr/input_videos\上海__百联金山__20260826.mp4
OBS-000463,百联金山,卡游,卡游,杂货礼品,3.8,,2F,rated,True,,rated,parsed,rating_anchor,0.9939,0.9999,65,4476,75.672,3.8杂货礼品 | 2F,卡游 | 3.8杂货礼品 | 2F | KAYOU | 服务热情周到，环境干净整洁 | 5 | ￥939.8折 | ￥100 | 【限时福利】100代金券 | 惠,ocr/input_videos\上海__百联金山__20260826.mp4
OBS-000464,百联金山,JACK&JONES,JACK&JONES,服饰鞋包,4.4,,2F,rated,True,,rated,parsed,rating_anchor,0.9959,0.9923,48,4476,75.672,⭐🌟⭐🌟 | 服饰鞋包 | 2F | 4.4,JACK&JONES | JACK& | ⭐🌟⭐🌟 | 服饰鞋包 | 2F | 4.4 | JONES | 点评榜单 | 百联金山购物中心服饰鞋包好评榜第2名,ocr/input_videos\上海__百联金山__20260826.mp4
OBS-000465,百联金山,名创优品,名创优品,居家日用,4.4,69,2F,rated,True,,rated,parsed,rating_anchor,0.9824,0.9999,57,4476,75.672,2F | 🌟🌟🌟🌟🌟 | 4.4居家日用￥69/人,名创优品 | 2F | 🌟🌟🌟🌟🌟 | 4.4居家日用￥69/人 | MINI,ocr/input_videos\上海__百联金山__20260826.mp4
OBS-000466,百联金山,克丽缇娜,克丽缇娜,SPA美体,3.7,344,3F,rated,True,,rated,parsed,rating_anchor,0.9708,0.9909,60,4524,76.484,3F | 3.7SPA美体￥344/人,克丽缇娜 | VNIIITHS | 3F | 3.7SPA美体￥344/人 | R | “美容师法专业细腻，全程仪式感拉满 | 护1天名商： | ￥1214.6折 | ￥68060分钟深层清洁·毛... | 惠,ocr/input_videos\上海__百联金山__20260826.mp4
OBS-000467,百联金山,卡游,卡游,杂货礼品,3.8,,2F,rated,True,,rated,parsed,rating_anchor,0.9284,0.9999,69,4524,76.484,⭐⭐3.8杂货礼品 | 2F,卡游 | ⭐⭐3.8杂货礼品 | 2F | KAYOU | 服务热情周到，环境干净整洁 | ￥939.8折 | ￥100 | 惠 | 【限时福利】100代金券,ocr/input_videos\上海__百联金山__20260826.mp4
OBS-000468,百联金山,JACK&JONES,JACK&JONES,服饰鞋包,4.4,,2F,rated,True,,rated,parsed,rating_anchor,0.9939,0.9884,51,4524,76.484,🌟🌟🌟⭐ | 2F | 服饰鞋包 | 4.4,JACK&JONES | JACKS | 🌟🌟🌟⭐ | 2F | 服饰鞋包 | 4.4 | JONES | 点评榜单 | 百联金山购物中心服饰鞋包好评榜第2名,ocr/input_videos\上海__百联金山__20260826.mp4
OBS-000469,百联金山,名创优品,名创优品,居家日用,4.4,69,2F,rated,True,,rated,parsed,rating_anchor,0.9873,0.9998,60,4524,76.484,2F | 🌟🌟🌟 | 4.4居家日用￥69/人 | ★,名创优品 | 2F | MINI | 🌟🌟🌟 | 4.4居家日用￥69/人 | ★ | 点评榜单 | SOü | 金山卫商圈购物热门榜第5名 | 多巴胺货架超好逛，美妆工具10元起” | ￥40.59.7折 | ￥50好物专享·名创优品... | 惠,ocr/input_videos\上海__百联金山__20260826.mp4
OBS-000470,百联金山,潮宏基,潮宏基,黄金首饰,3.8,217,1F,rated,True,,rated,parsed,rating_anchor,0.9737,0.9997,62,4524,76.484,3.8黄金首饰￥217/人 | 1F,潮宏基 | 3.8黄金首饰￥217/人 | 1F | 西町村屋SETIROM,ocr/input_videos\上海__百联金山__20260826.mp4
OBS-000471,百联金山,潮宏基,潮宏基,黄金首饰,3.8,217,1F,rated,True,,rated,parsed,rating_anchor,0.9827,0.9997,61,4608,77.904,1F | 🌟🌟🌟🌟⭐ | 3.8黄金首饰￥217/人,潮宏基 | 1F | 🌟🌟🌟🌟⭐ | 3.8黄金首饰￥217/人,ocr/input_videos\上海__百联金山__20260826.mp4
OBS-000472,百联金山,西町村屋SETIROM,西町村屋SETIROM,服装,3.6,,2F,rated,True,,rated,parsed,rating_anchor,0.9993,0.9989,48,4608,77.904,★🌟🌟🌟🌟 | 服装 | 2F | 3.6,西町村屋SETIROM | SETIROM | ★🌟🌟🌟🌟 | 服装 | 2F | 3.6 | 装修设计独特，服饰耳目一新”,ocr/input_videos\上海__百联金山__20260826.mp4
OBS-000473,百联金山,LE SAUNDA莱尔斯丹,LESAUNDA莱尔斯丹,服饰鞋包,3.5,747,1F,rated,True,,rated,parsed,rating_anchor,0.952,0.932,54,4608,77.904,1F | 🌟🌟🌟🌟🌟 | 服饰鞋包￥747/人 | 3.5,LE SAUNDA莱尔斯丹 | 1F | 🌟🌟🌟🌟🌟 | 服饰鞋包￥747/人 | 3.5 | LE SAUNDA | 莱尔斯丹,ocr/input_videos\上海__百联金山__20260826.mp4
OBS-000474,百联金山,奧斯汀儿童乐园,奥斯汀儿童乐园,儿童乐园,,,商场内,unrated,False,explicitly_unrated,unrated,parsed,unrated_anchor,0.9871,0.9748,54,4608,77.904,商场内 | ★★★★★ | 暂无星级 | 儿童乐园,奧斯汀儿童乐园 | 商场内 | ★★★★★ | 暂无星级 | 儿童乐园 | 积木沙池蹦床，益智玩乐区超适合小朋友 | J,ocr/input_videos\上海__百联金山__20260826.mp4
OBS-000475,百联金山,尔雅花礼,尔雅花礼,花店,4.6,220,3F,rated,True,,rated,parsed,rating_anchor,0.975,0.9997,56,4608,77.904,3F | 🌟🌟🌟⭐🌟 | 花店￥220/人 | 4.6,尔雅花礼 | 3F | 🌟🌟🌟⭐🌟 | 花店￥220/人 | 4.6 | 点评榜单 | 金山区植物花卉好评榜第3名 | 电影院门口的花束，拍照打卡好去处 | ≤ | ￥158￥18819枝粉雪山玫瑰 | 惠,ocr/input_videos\上海__百联金山__20260826.mp4
OBS-000476,百联金山,潮宏基,潮宏基,黄金首饰,3.8,217,1F,rated,True,,rated,parsed,rating_anchor,0.9745,0.9997,59,4632,78.309,3.8黄金首饰￥217/人 | 1F,潮宏基 | 3.8黄金首饰￥217/人 | 1F,ocr/input_videos\上海__百联金山__20260826.mp4
OBS-000477,百联金山,西町村屋SETIROM,西町村屋SETIROM,服装,3.6,,2F,rated,True,,rated,parsed,rating_anchor,0.9992,0.9986,51,4632,78.309,🌟🌟🌟🌟 | 服装 | 2F | 3.6,西町村屋SETIROM | SETIROM | 🌟🌟🌟🌟 | 服装 | 2F | 3.6 | 装修设计独特，服饰耳目一新” | “,ocr/input_videos\上海__百联金山__20260826.mp4
OBS-000478,百联金山,LE SAUNDA莱尔斯丹,LESAUNDA莱尔斯丹,服饰鞋包,3.5,747,1F,rated,True,,rated,parsed,rating_anchor,0.9546,0.9483,55,4632,78.309,🌟🌟🌟🌟★ | 服饰鞋包￥747/人 | 1F | 3.5,LE SAUNDA莱尔斯丹 | 🌟🌟🌟🌟★ | 服饰鞋包￥747/人 | 1F | 3.5 | LE SAUNDA | 莱尔斯丹,ocr/input_videos\上海__百联金山__20260826.mp4
OBS-000479,百联金山,奧斯汀儿童乐园,奥斯汀儿童乐园,儿童乐园,,,商场内,unrated,False,explicitly_unrated,unrated,parsed,unrated_anchor,0.9877,0.9782,54,4632,78.309,商场内 | ★🌟★★ | 暂无星级 | 儿童乐园,奧斯汀儿童乐园 | 商场内 | ★🌟★★ | 暂无星级 | 儿童乐园 | 积木沙池蹦床，益智玩乐区超适合小朋友 | 3,ocr/input_videos\上海__百联金山__20260826.mp4
OBS-000480,百联金山,尔雅花礼,尔雅花礼,花店,4.6,220,3F,rated,True,,rated,parsed,rating_anchor,0.9849,0.9995,56,4632,78.309,3F | 4.6花店￥220/人 | 🌟🌟🌟🌟🌟,尔雅花礼 | 3F | 4.6花店￥220/人 | 🌟🌟🌟🌟🌟 | 点评榜单 | 金山区植物花卉好评榜第3名 | 电影院门口的花束，拍照打卡好去处 | “ | ￥158￥18819枝粉雪山玫瑰 | 惠 | ￥92￥100代金券 | 惠,ocr/input_videos\上海__百联金山__20260826.mp4
OBS-000481,百联金山,潮宏基,潮宏基,黄金首饰,3.8,217,1F,rated,True,,rated,parsed,rating_anchor,0.9588,0.9998,55,4680,79.121,1F | ⭐🌟🌟🌟🌟 | 黄金首饰￥217/人 | 3.8,潮宏基 | 1F | ⭐🌟🌟🌟🌟 | 黄金首饰￥217/人 | 3.8,ocr/input_videos\上海__百联金山__20260826.mp4
OBS-000482,百联金山,西町村屋SETIROM,西町村屋SETIROM,服装,3.6,,2F,rated,True,,rated,parsed,rating_anchor,0.9994,0.999,48,4680,79.121,服装 | 2F | 🌟🌟🌟🌟⭐ | 3.6,西町村屋SETIROM | SETIROM | 服装 | 2F | 🌟🌟🌟🌟⭐ | 3.6 | 装修设计独特，服饰耳目一新” | S,ocr/input_videos\上海__百联金山__20260826.mp4
OBS-000483,百联金山,LE SAUNDA莱尔斯丹,LESAUNDA莱尔斯丹,服饰鞋包,3.5,,1F,rated,True,,rated,parsed,rating_anchor,0.9689,0.9384,51,4680,79.121,⭐🌟🌟3.5 | 服饰鞋包 | 1F | ￥7471人,LE SAUNDA莱尔斯丹 | ⭐🌟🌟3.5 | 服饰鞋包 | 1F | ￥7471人 | LE SAUNDA | 菜尔斯丹,ocr/input_videos\上海__百联金山__20260826.mp4
OBS-000484,百联金山,奧斯汀儿童乐园,奥斯汀儿童乐园,儿童乐园,,,商场内,unrated,False,explicitly_unrated,unrated,parsed,unrated_anchor,0.9931,0.9917,52,4680,79.121,商场内 | ★★★★★ | 暂无星级 | 儿童乐园,奧斯汀儿童乐园 | 商场内 | ★★★★★ | 暂无星级 | 儿童乐园 | 积木沙池蹦床，益智玩乐区超适合小朋友,ocr/input_videos\上海__百联金山__20260826.mp4
OBS-000485,百联金山,尔雅花礼,尔雅花礼,花店,4.6,220,3F,rated,True,,rated,parsed,rating_anchor,0.9827,0.9997,53,4680,79.121,3F | 4.6花店￥220/人 | 🌟🌟⭐🌟,尔雅花礼 | 3F | 4.6花店￥220/人 | 🌟🌟⭐🌟 | 点评榜单 | 金山区植物花卉好评榜第3名 | 电影院门口的花束，拍照打卡好去处 | “ | ￥158￥18819枝粉雪山玫瑰 | 惠 | ￥92￥100代金券 | 惠,ocr/input_videos\上海__百联金山__20260826.mp4
OBS-000486,百联金山,美车堂,美车堂,美容洗车,4.1,102,B1,rated,True,,rated,parsed,rating_anchor,0.9989,0.9999,59,4680,79.121,🌟🌟🌟⭐ | B1 | 4.1美容洗车 | ￥102/人 | ★,美车堂 | 🌟🌟🌟⭐ | B1 | 4.1美容洗车 | ￥102/人 | ★ | CNRSONE | 美行党,ocr/input_videos\上海__百联金山__20260826.mp4
OBS-000487,百联金山,西町村屋SETIROM,西町村屋SETIROM,服装,3.6,,2F,rated,True,,rated,parsed,rating_anchor,0.999,0.9983,48,4740,80.135,🌟🌟⭐🌟⭐3.6 | 服装 | 2F,西町村屋SETIROM | SETIROM | 🌟🌟⭐🌟⭐3.6 | 服装 | 2F | 装修设计独特，服饰耳目一新”,ocr/input_videos\上海__百联金山__20260826.mp4
OBS-000488,百联金山,LE SAUNDA莱尔斯丹,LESAUNDA莱尔斯丹,服饰鞋包,3.5,,1F,rated,True,,rated,parsed,rating_anchor,0.9598,0.9479,51,4740,80.135,⭐3.5服饰鞋包 | 1F | ￥7471人,LE SAUNDA莱尔斯丹 | ⭐3.5服饰鞋包 | 1F | ￥7471人 | LE SAUNDA | 莱尔斯丹,ocr/input_videos\上海__百联金山__20260826.mp4
OBS-000489,百联金山,奧斯汀儿童乐园,奥斯汀儿童乐园,儿童乐园,,,商场内,unrated,False,explicitly_unrated,unrated,parsed,unrated_anchor,0.9888,0.9911,54,4740,80.135,商场内 | 暂无星级 | 儿童乐园 | ★★★★★,奧斯汀儿童乐园 | 商场内 | 暂无星级 | 儿童乐园 | ★★★★★ | 积木沙池蹦床，益智玩乐区超适合小朋友,ocr/input_videos\上海__百联金山__20260826.mp4
OBS-000490,百联金山,尔雅花礼,尔雅花礼,花店,4.6,220,3F,rated,True,,rated,parsed,rating_anchor,0.985,0.9995,56,4740,80.135,3F | 🌟🌟🎉🌟🌟 | 4.6花店￥220/人,尔雅花礼 | 3F | 🌟🌟🎉🌟🌟 | 4.6花店￥220/人 | 点评榜单 | 金山区植物花卉好评榜第3名 | 电影院门口的花束，拍照打卡好去处 | “ | ￥158￥18819枝粉雪山玫瑰 | 惠 | ￥92￥100代金券 | 惠,ocr/input_videos\上海__百联金山__20260826.mp4
OBS-000491,百联金山,美车堂,美车堂,美容洗车,4.1,102,B1,rated,True,,rated,parsed,rating_anchor,0.9903,0.9999,58,4740,80.135,🌟🌟🌟🌟 | 4.1美容洗车￥102/人 | B1 | ★,美车堂 | 🌟🌟🌟🌟 | 4.1美容洗车￥102/人 | B1 | ★ | CRSONE | 美车堂 | 洗得焕然一新，服务贴心周到” | “ | 11:00营业 | ￥108￥138 | 惠 | 【普通洗车】40分钟|全车...,ocr/input_videos\上海__百联金山__20260826.mp4
OBS-000492,百联金山,西町村屋SETIROM,西町村屋SETIROM,服装,3.6,,2F,rated,True,,rated,parsed,rating_anchor,0.9992,0.9985,48,4764,80.541,⭐🌟🌟⭐3.6 | 服装 | 2F,西町村屋SETIROM | SETIROM | ⭐🌟🌟⭐3.6 | 服装 | 2F | 装修设计独特，服饰耳目一新”,ocr/input_videos\上海__百联金山__20260826.mp4
OBS-000493,百联金山,LE SAUNDA莱尔斯丹,LESAUNDA莱尔斯丹,服饰鞋包,3.5,747,1F,rated,True,,rated,parsed,rating_anchor,0.9411,0.926,54,4764,80.541,3.5服饰鞋包￥747/人 | 1F,LE SAUNDA莱尔斯丹 | 3.5服饰鞋包￥747/人 | 1F | LE SAUNDA | 莱尔斯丹,ocr/input_videos\上海__百联金山__20260826.mp4
OBS-000494,百联金山,奧斯汀儿童乐园,奥斯汀儿童乐园,儿童乐园,,,商场内,unrated,False,explicitly_unrated,unrated,parsed,unrated_anchor,0.9911,0.9924,52,4764,80.541,商场内 | 暂无星级 | 儿童乐园 | ★★★★,奧斯汀儿童乐园 | 商场内 | 暂无星级 | 儿童乐园 | ★★★★ | 积木沙池蹦床，益智玩乐区超适合小朋友,ocr/input_videos\上海__百联金山__20260826.mp4
OBS-000495,百联金山,尔雅花礼,尔雅花礼,花店,4.6,220,3F,rated,True,,rated,parsed,rating_anchor,0.9837,0.9995,56,4764,80.541,🌟🌟🌟🌟🌟 | 3F | 4.6花店￥220/人,尔雅花礼 | 🌟🌟🌟🌟🌟 | 3F | 4.6花店￥220/人 | 点评榜单 | 金山区植物花卉好评榜第3名 | 电影院门口的花束，拍照打卡好去处 | “ | ￥158￥18819枝粉雪山玫瑰 | 惠 | ￥92￥100代金券 | 惠,ocr/input_videos\上海__百联金山__20260826.mp4
OBS-000496,百联金山,美车堂,美车堂,美容洗车,4.1,102,B1,rated,True,,rated,parsed,rating_anchor,0.99,0.9999,62,4764,80.541,🌟🌟🌟🌟 | B1 | 4.1美容洗车￥102/人 | ★,美车堂 | 🌟🌟🌟🌟 | B1 | 4.1美容洗车￥102/人 | ★ | CRSONE | 美车堂 | 洗得焕然一新，服务贴心周到” | “ | 11:00营业 | ￥108 | 惠 | 3￥138 | 【普通洗车】40分钟|全车..,ocr/input_videos\上海__百联金山__20260826.mp4
OBS-000497,百联金山,LESAUNDA莱尔斯丹,LESAUNDA莱尔斯丹,服饰鞋包,3.5,747,1F,rated,True,,rated,parsed,rating_anchor,0.9679,0.9696,51,4800,81.15,1F | 3.5服饰鞋包￥747/人,LESAUNDA莱尔斯丹 | 1F | 3.5服饰鞋包￥747/人 | LE SAUNDA | 莱尔斯丹,ocr/input_videos\上海__百联金山__20260826.mp4
OBS-000498,百联金山,奧斯汀儿童乐园,奥斯汀儿童乐园,儿童乐园,,,商场内,unrated,False,explicitly_unrated,unrated,parsed,unrated_anchor,0.9904,0.9881,56,4800,81.15,商场内 | 暂无星级儿童乐园 | ★★★★★,奧斯汀儿童乐园 | 商场内 | 暂无星级儿童乐园 | ★★★★★ | 积木沙池蹦床，益智玩乐区超适合小朋友 | 55,ocr/input_videos\上海__百联金山__20260826.mp4
OBS-000499,百联金山,尔雅花礼,尔雅花礼,花店,4.6,220,3F,rated,True,,rated,parsed,rating_anchor,0.9635,0.9995,59,4800,81.15,3F | 4.6花店￥220/人,尔雅花礼 | 3F | 4.6花店￥220/人 | 点评榜单 | 金山区植物花卉好评榜第3名 | 电影院门口的花束，拍照打卡好去处 | ￥158￥18819枝粉雪山玫瑰 | 惠 | ￥92￥100代金券 | 惠,ocr/input_videos\上海__百联金山__20260826.mp4
OBS-000500,百联金山,美车堂,美车堂,美容洗车,4.1,102,B1,rated,True,,rated,parsed,rating_anchor,0.981,0.9998,62,4800,81.15,4.1美容洗车￥102/人 | B1,美车堂 | 4.1美容洗车￥102/人 | B1 | CNRSONE | 美车堂 | “洗得焕然新，服务贴周到” | 11:00营业 | ￥108￥138 | 【普通洗车】40分钟|全车... | 惠,ocr/input_videos\上海__百联金山__20260826.mp4
OBS-000501,百联金山,小米之家(百联金山购物中心),小米之家(百联金山购物中心),数码产品,3.5,2164,1F,rated,True,,rated,parsed,rating_anchor,0.9512,0.9609,54,4800,81.15,3.5数码产品￥2164/人 | 1F,小米之家(百联金山购物中心) | 3.5数码产品￥2164/人 | 1F | mI | 店面干净整洁，服务态度超级好” | ￥9.99￥11.1小米巨能写中性笔10支装 | 惠,ocr/input_videos\上海__百联金山__20260826.mp4
OBS-000502,百联金山,美车堂,美车堂,美容洗车,4.1,102,B1,rated,True,,rated,parsed,rating_anchor,0.9849,0.9991,62,4812,81.353,⭐🌟🌟⭐ | B1 | 4.1美容洗车￥102/人 | ★,美车堂 | ⭐🌟🌟⭐ | B1 | 4.1美容洗车￥102/人 | CMSONE | ★ | 美车堂 | 洗得焕然一新，服务贴心周到” | C | 11:00营业 | 惠￥108￥138 | 【普通洗车】40分钟|全车...,ocr/input_videos\上海__百联金山__20260826.mp4
OBS-000503,百联金山,小米之家(百联金山购物中心),小米之家(百联金山购物中心),数码产品,3.5,2164,1F,rated,True,,rated,parsed,rating_anchor,0.9756,0.9899,57,4812,81.353,1F | 3.5数码产品￥2164/人,小米之家(百联金山购物中心) | MI | 1F | 3.5数码产品￥2164/人 | 店面干净整洁，服务态度超级好 | 心 | ￥9.99￥11.1小米巨能写中性笔10装 | 惠,ocr/input_videos\上海__百联金山__20260826.mp4
OBS-000504,百联金山,belle,belle,服饰鞋包,3.5,497,1F,rated,True,,rated,parsed,rating_anchor,0.9475,0.9328,60,4812,81.353,3.5服饰鞋包￥497/人 | 1F,belle | 3.5服饰鞋包￥497/人 | 1F | BeLLE | “店员服务热情，鞋质量有保障”,ocr/input_videos\上海__百联金山__20260826.mp4
OBS-000505,百联金山,优衣库,优衣库,服饰鞋包,4.4,186,1F,rated,True,,rated,parsed,rating_anchor,0.9879,0.9996,62,4812,81.353,1F | 🌟🌟🌟 | 4.4服饰鞋包￥186/人,优衣库 | 1F | 🌟🌟🌟 | 4.4服饰鞋包￥186/人 | 点评榜单 | 百联金山购物中心服饰鞋包好评榜第3名 | 保暖内衣限时特优，羽绒夹克收纳便 | 22,ocr/input_videos\上海__百联金山__20260826.mp4
OBS-000506,百联金山,自然堂,自然堂,化妆品,,214,,unknown,True,,ocr_missing,parsed,metadata_anchor,0.8928,0.9998,58,4812,81.353,1E | 41化妆品￥214/人,自然堂 | 1E | 41化妆品￥214/人,ocr/input_videos\上海__百联金山__20260826.mp4
OBS-000507,百联金山,美车堂,美车堂,美容洗车,4.1,102,B1,rated,True,,rated,parsed,rating_anchor,0.9885,0.9999,58,4848,81.961,🌟🌟🌟🌟 | B1 | 4.1美容洗车￥102/人 | ★,美车堂 | 🌟🌟🌟🌟 | B1 | 4.1美容洗车￥102/人 | ★ | CNSONE | 美车堂 | “洗得焕然一新，服务贴心周到” | 11:00营业 | ￥108￥138 | 【普通洗车】40分钟|全车... | 惠,ocr/input_videos\上海__百联金山__20260826.mp4
OBS-000508,百联金山,小米之家(百联金山购物中心),小米之家(百联金山购物中心),数码产品,3.5,2164,1F,rated,True,,rated,parsed,rating_anchor,0.9763,0.9889,57,4848,81.961,3.5数码产品￥2164/人 | 1F,小米之家(百联金山购物中心) | 3.5数码产品￥2164/人 | 1F | MI | 店面干净整洁，服务态度超级好 | ￥9.99￥11.4小米巨能写中性笔10支装 | 惠,ocr/input_videos\上海__百联金山__20260826.mp4
OBS-000509,百联金山,belle,belle,服饰鞋包,3.5,497,1F,rated,True,,rated,parsed,rating_anchor,0.9813,0.9996,60,4848,81.961,3.5服饰鞋包￥497/人 | 1F,belle | 3.5服饰鞋包￥497/人 | 1F | BeLLE | “店员服务热情，鞋子质量有保障,ocr/input_videos\上海__百联金山__20260826.mp4
OBS-000510,百联金山,优衣库,优衣库,服饰鞋包,4.4,186,1F,rated,True,,rated,parsed,rating_anchor,0.9835,0.9997,59,4848,81.961,🌟🌟🌟⭐ | 4.4服饰鞋包￥186/人 | 1F,优衣库 | UNI | 🌟🌟🌟⭐ | 4.4服饰鞋包￥186/人 | 1F | QLO | 点评榜单 | 百联金山购物中心服饰鞋包好评榜第3名 | 保暖内衣限时特优，羽绒夹克收纳方便,ocr/input_videos\上海__百联金山__20260826.mp4
OBS-000511,百联金山,自然堂,自然堂,化妆品,4.1,214,1F,rated,True,,rated,parsed,rating_anchor,0.9817,0.9997,64,4848,81.961,🌟🌟🎉🎉 | 1F | 4.1化妆品￥214/人 | ★,自然堂 | 🌟🌟🎉🎉 | 1F | 4.1化妆品￥214/人 | ★ | CHANDO | 自然堂 | “清爽不刺激，敏感肌也能安心使用 | 3 | 世纪联华,ocr/input_videos\上海__百联金山__20260826.mp4
OBS-000512,百联金山,小米之家(百联金山购物中心),小米之家(百联金山购物中心),数码产品,3.5,2164,1F,rated,True,,rated,parsed,rating_anchor,0.9706,0.9823,54,4908,82.976,3.5数码产品￥2164/人 | 1F,小米之家(百联金山购物中心) | MI | 3.5数码产品￥2164/人 | 1F | 店面干净整洁，服务态度超级好 | 《 | ￥9.99￥11.1小米巨能写中性笔10支装 | 惠,ocr/input_videos\上海__百联金山__20260826.mp4
OBS-000513,百联金山,belle,belle,服饰鞋包,3.5,497,1F,rated,True,,rated,parsed,rating_anchor,0.9866,0.9981,57,4908,82.976,1F | 🌟🌟🌟🌟🌟 | 3.5服饰鞋包￥497/人,belle | 1F | 🌟🌟🌟🌟🌟 | 3.5服饰鞋包￥497/人 | BeLLE | 店员服务热情，鞋子质量有保障,ocr/input_videos\上海__百联金山__20260826.mp4
OBS-000514,百联金山,优衣库,优衣库,服饰鞋包,4.4,186,1F,rated,True,,rated,parsed,rating_anchor,0.9852,0.9997,62,4908,82.976,1F | ★★★★ | 4.4服饰鞋包￥186/人,优衣库 | UNI | 1F | ★★★★ | 4.4服饰鞋包￥186/人 | QLO | 点评榜单 | 百联金山购物中心服饰鞋包好评榜第3名 | 保暖内衣限时特优，羽绒夹克收纳方便 | 9,ocr/input_videos\上海__百联金山__20260826.mp4
OBS-000515,百联金山,自然堂,自然堂,化妆品,4.1,214,1F,rated,True,,rated,parsed,rating_anchor,0.977,0.9998,57,4908,82.976,🌟🌟⭐⭐ | 1F | 4.1化妆品￥214/人 | ★,自然堂 | 🌟🌟⭐⭐ | 1F | 4.1化妆品￥214/人 | ★ | CHANDO | 自然堂 | 清爽不刺激，敏感肌也能安心使用,ocr/input_videos\上海__百联金山__20260826.mp4
OBS-000516,百联金山,世纪联华,世纪联华,超市便利,4.5,81,B1,rated,True,,rated,parsed,rating_anchor,0.9846,0.9995,60,4908,82.976,🌟🌟🌟🌟🌟 | B1 | 4.5超市便利￥81/人,世纪联华 | 🌟🌟🌟🌟🌟 | B1 | 联华 | 4.5超市便利￥81/人 | A | Lianhua | 点评榜单 | 金山卫商圈超市便利好评榜第1名,ocr/input_videos\上海__百联金山__20260826.mp4
OBS-000517,百联金山,自然堂,自然堂,化妆品,4.1,214,1F,rated,True,,rated,parsed,rating_anchor,0.9729,0.9999,55,4944,83.584,🌟🌟⭐⭐ | 1F | 化妆品￥214/人 | 4.1,自然堂 | 🌟🌟⭐⭐ | 1F | 化妆品￥214/人 | 4.1 | CHANDO | 自然堂 | 清爽不刺激，敏感肌也能安心使用,ocr/input_videos\上海__百联金山__20260826.mp4
OBS-000518,百联金山,世纪联华,世纪联华,超市便利,4.5,81,B1,rated,True,,rated,parsed,rating_anchor,0.9994,0.9991,53,4944,83.584,🌟🌟🌟🌟🌟 | B1 | 超市便利 | ￥81/人 | 4.5,世纪联华 | 🌟🌟🌟🌟🌟 | B1 | 超市便利 | ￥81/人 | 联华 | 4.5 | A | Lianhua | 点评榜单 | 金山卫商圈超市便利好评榜第1名 | 空调足， | ≤ | 自动收银便捷,ocr/input_videos\上海__百联金山__20260826.mp4
OBS-000519,百联金山,NIKE,NIKE,运动户外,4.5,685,1F,rated,True,,rated,parsed,rating_anchor,0.9787,0.9988,50,4944,83.584,⭐🌟🌟⭐🌟 | 1F | 运动户外￥685/人 | 4.5,NIKE | ⭐🌟🌟⭐🌟 | 1F | 运动户外￥685/人 | 4.5 | 复古感拉满，上脚稳舒适 | T酒搏,ocr/input_videos\上海__百联金山__20260826.mp4
OBS-000520,百联金山,Timberland,Timberland,运动户外,3.7,,1F,rated,True,,rated,parsed,rating_anchor,0.9993,0.9994,45,4944,83.584,1F | ⭐🌟⭐🌟🌟 | 运动户外 | 3.7,Timberland | 1F | ⭐🌟⭐🌟🌟 | 运动户外 | 3.7,ocr/input_videos\上海__百联金山__20260826.mp4
OBS-000521,百联金山,YPK沪牌代拍·上海牌照,YPK沪牌代拍·上海牌照,,3.9,,1F,rated,True,,rated,missing,rating_anchor,0.9799,0.9799,51,4944,83.584,⭐🌟⭐🌟⭐3.9 | 1F | 代办服务,YPK沪牌代拍·上海牌照 | 金 | 拍中再付款 | ⭐🌟⭐🌟⭐3.9 | 1F | 代办服务 | 专业沪牌代拍 | 代拍牌中标率高，服务专业热情 | 高赔付！ | 高中标！,ocr/input_videos\上海__百联金山__20260826.mp4
OBS-000522,百联金山,屈臣氏,屈臣氏,化妆品,3.5,64,1F,rated,True,,rated,parsed,rating_anchor,0.9656,0.9996,55,4944,83.584,🌟🌟🌟🌟🌟 | 1F | 化妆品￥64/人 | 3.5,屈臣氏 | 🌟🌟🌟🌟🌟 | 1F | 化妆品￥64/人 | 3.5,ocr/input_videos\上海__百联金山__20260826.mp4
OBS-000523,百联金山,NIKE,NIKE,运动户外,4.5,685,1F,rated,True,,rated,parsed,rating_anchor,0.9793,0.9988,51,5040,85.207,⭐4.5 | 1F | 运动户外￥685/人,NIKE | ⭐4.5 | 1F | 运动户外￥685/人 | 复古感拉满，上脚稳舒适 | T酒搏,ocr/input_videos\上海__百联金山__20260826.mp4
OBS-000524,百联金山,Timberland,Timberland,运动户外,3.7,,1F,rated,True,,rated,parsed,rating_anchor,0.9993,0.9994,49,5040,85.207,1F | ★★🌟★3.7 | 运动户外,Timberland | 1F | ★★🌟★3.7 | 运动户外,ocr/input_videos\上海__百联金山__20260826.mp4
OBS-000525,百联金山,YPK沪牌代拍·上海牌照,YPK沪牌代拍·上海牌照,,3.9,,1F,rated,True,,rated,missing,rating_anchor,0.9918,0.9918,58,5040,85.207,🎉🌟⭐3.9 | 代办服务 | 1F,YPK沪牌代拍·上海牌照 | F | 拍中再付款 | 🎉🌟⭐3.9 | 代办服务 | 1F | 专业沪牌代拍 | 代拍牌中标率高，服务专业热情 | 高中标！ | 高赔付！,ocr/input_videos\上海__百联金山__20260826.mp4
OBS-000526,百联金山,屈臣氏,屈臣氏,化妆品,3.5,64,1F,rated,True,,rated,parsed,rating_anchor,0.9711,0.9997,59,5040,85.207,🌟🌟🌟🌟⭐ | 化妆品￥64/人 | 1F | 3.5,屈臣氏 | W | 🌟🌟🌟🌟⭐ | 化妆品￥64/人 | 1F | 3.5 | “补锁效果好，皮肤白嫩许多” | G | 屈臣氏 | ￥39.5￥79欧莱雅洗发水/润发乳/男士.. | 惠,ocr/input_videos\上海__百联金山__20260826.mp4
OBS-000527,百联金山,爱不释手美甲美睫,爱不释手美甲美睫,美甲,4.6,232,1F,rated,True,,rated,parsed,rating_anchor,0.9732,0.9872,50,5040,85.207,1F | ★🌟🌟🌟🌟 | 美甲￥232/人 | 4.6,爱不释手美甲美睫 | NAILEYELASI | 1F | ★🌟🌟🌟🌟 | 美甲￥232/人 | 4.6 | 美甲美睫 | 点评榜单 | 金山卫商圈美甲美睫好评榜第2名 | 高端品质 | 还原度高，细节控必选 | 一对一私人定制打活专局手弥的美 | 【简约款式】本甲4... | ￥268 | ￥196 | 9.9折 | 惠,ocr/input_videos\上海__百联金山__20260826.mp4
OBS-000528,百联金山,NIKE,NIKE,运动户外,4.5,685,1F,rated,True,,rated,parsed,rating_anchor,0.9803,0.9987,50,5100,86.221,⭐4.5 | 1F | 运动户外￥685/人,NIKE | ⭐4.5 | 1F | 运动户外￥685/人 | 复古感拉满，上脚稳舒适 | T酒搏,ocr/input_videos\上海__百联金山__20260826.mp4
OBS-000529,百联金山,Timberland,Timberland,运动户外,3.7,,1F,rated,True,,rated,parsed,rating_anchor,0.9994,0.9994,48,5100,86.221,🌟★🌟🌟★ | 运动户外 | 3.7 | 1F,Timberland | 🌟★🌟🌟★ | 运动户外 | 3.7 | 1F,ocr/input_videos\上海__百联金山__20260826.mp4
OBS-000530,百联金山,YPK沪牌代拍·上海牌照,YPK沪牌代拍·上海牌照,,3.9,,1F,rated,True,,rated,missing,rating_anchor,0.9891,0.9891,57,5100,86.221,⭐🌟⭐🌟⭐3.9 | 代办服务 | 1F,YPK沪牌代拍·上海牌照 | ® | 拍中再付款 | ⭐🌟⭐🌟⭐3.9 | 代办服务 | 1F | 专业沪牌代拍 | 代拍牌中标率高，服务专业热情 | 高中标！ | 高赔付！,ocr/input_videos\上海__百联金山__20260826.mp4
OBS-000531,百联金山,屈臣氏,屈臣氏,化妆品,3.5,64,1F,rated,True,,rated,parsed,rating_anchor,0.9651,0.9996,58,5100,86.221,🌟🌟🎉🌟🌟 | 1F | 化妆品￥64/人 | 3.5,屈臣氏 | W | 🌟🌟🎉🌟🌟 | 1F | 化妆品￥64/人 | 3.5 | - | 补水锁水效果好，皮肤白嫩许多 | 5 | 屈臣氏 | ￥39.5￥79欧莱雅洗发水/润发乳/男士... | 惠,ocr/input_videos\上海__百联金山__20260826.mp4
OBS-000532,百联金山,爱不释手美甲美睫,爱不释手美甲美睫,美甲,4.6,232,1F,rated,True,,rated,parsed,rating_anchor,0.9927,0.9886,54,5100,86.221,1F | ★★★★🌟 | 美甲 | ￥232/人 | 4.6,爱不释手美甲美睫 | NAILEYELAS | 1F | ★★★★🌟 | 美甲 | ￥232/人 | 4.6 | 美甲美睫 | 点评榜单 | 金山卫商圈美甲美睫好评榜第2名 | 高端品质 | 还原度高，细节控必选 | 一对一私人定制打活专局手弥的美 | ￥268 | 本甲4... | ￥196 | 9.9折 | 【简约款式】 | 惠,ocr/input_videos\上海__百联金山__20260826.mp4
OBS-000533,百联金山,爱不释手美甲美睫,爱不释手美甲美睫,美甲,4.6,232,1F,rated,True,,rated,parsed,rating_anchor,0.9564,0.9861,51,5124,86.627,1F | 4.6美甲￥232/人,爱不释手美甲美睫 | NAILEYELAS | 1F | 4.6美甲￥232/人 | 美甲美睫 | 点评榜单 | 金山卫商圈美甲美睫好评榜第2名 | 高端品质 | 还原度高，细节控必选 | 一对一名人定制打造专局于弥的美 | ￥268 | 【简约款式】本甲4.. | ￥196 | 9.9折 | 惠,ocr/input_videos\上海__百联金山__20260826.mp4
OBS-000534,百联金山,金大福,金大福,黄金首饰,3.8,,1F,rated,True,,rated,parsed,rating_anchor,0.99,0.9997,61,5124,86.627,3.8黄金首饰 | 1F,金大福 | 3.8黄金首饰 | 1F | KING | 金大福 | TAI | FOOK,ocr/input_videos\上海__百联金山__20260826.mp4
OBS-000535,百联金山,Apple授权专营店,Apple授权专营店,数码产品,4.8,8093,1F,rated,True,,rated,parsed,rating_anchor,0.9833,0.9946,59,5124,86.627,🌟4.8 | 1F | 数码产品￥8093/人,Apple授权专营店 | 🌟4.8 | 1F | 数码产品￥8093/人 | 点评榜单 | 百联金山购物中心购物好评榜第1名 | 授权经销商 | 手机恢复服务方便，旧手机焕发新活力 | 3 | C,ocr/input_videos\上海__百联金山__20260826.mp4
OBS-000536,百联金山,钻石小鸟·钻戒婚戒定制,钻石小鸟·钻戒婚戒定制,钻彩宝,4.3,14200,1F,rated,True,,rated,parsed,rating_anchor,0.9592,0.9902,48,5124,86.627,4.3钻彩宝￥14200/人 | 1F,全国联保 | 钻石小鸟·钻戒婚戒定制 | 一手货源 | 4.3钻彩宝￥14200/人 | 1F | 性价比高 | “浪漫死不渝，双环项链寓意美好” | ￥9.9￥99私人/个性定制·来图定制首饰 | 惠,ocr/input_videos\上海__百联金山__20260826.mp4
OBS-000537,百联金山,OPPO体验店,OPPO体验店,数码...,4.8,4257,商场内,rated,True,,rated,parsed,rating_anchor,0.8688,0.9983,55,5124,86.627,★🌟★⭐★ | 数码... | ￥4257/人商场内 | 4.8,OPPO体验店 | ★🌟★⭐★ | 数码... | ￥4257/人商场内 | 4.8 | oppo | 点评榜单 | 金山卫商圈购物好评榜第3名 | 拍照效果出色，环境舒适 | 惠 | ￥1￥39.9120umUV固化手机膜5折券,ocr/input_videos\上海__百联金山__20260826.mp4
OBS-000538,百联金山,爱不释手美甲美睫,爱不释手美甲美睫,美甲,4.6,232,1F,rated,True,,rated,parsed,rating_anchor,0.983,0.9939,51,5148,87.033,1F | 4.6美甲￥232/人 | 🌟🌟🎉🌟🌟,NAILEYEL | 爱不释手美甲美睫 | 1F | 4.6美甲￥232/人 | 🌟🌟🎉🌟🌟 | 美甲美睫 | 点评榜单 | 金山卫商圈美甲美睫好评榜第2名 | 高端品质 | 还原度高，细节控必选 | 一对一程人定别打设专购于你的美 | ￥268 | ￥1969.9折 | 【简约款式】本甲4.. | 惠,ocr/input_videos\上海__百联金山__20260826.mp4
OBS-000539,百联金山,金大福,金大福,黄金首饰,3.8,,1F,rated,True,,rated,parsed,rating_anchor,0.9901,0.9998,58,5148,87.033,3.8黄金首饰 | 1F,金大福 | 3.8黄金首饰 | 1F | 金大福 | KING | TAI | FOOK,ocr/input_videos\上海__百联金山__20260826.mp4
OBS-000540,百联金山,Apple授权专营店,Apple授权专营店,数码产品,4.8,8093,1F,rated,True,,rated,parsed,rating_anchor,0.9806,0.9985,62,5148,87.033,🌟🌟🌈🌟4.8 | 1F | 数码产品￥8093/人,Apple授权专营店 | 🌟🌟🌈🌟4.8 | 1F | 数码产品￥8093/人 | 点评榜单 | 百联金山购物中心购物好评榜第1名 | 授权经销商 | 手机恢复服务方便，旧手机焕发新活力 | 炒,ocr/input_videos\上海__百联金山__20260826.mp4
OBS-000541,百联金山,钻石小鸟·钻戒婚戒定制,钻石小鸟·钻戒婚戒定制,钻石彩宝,4.3,14200,1F,rated,True,,rated,parsed,rating_anchor,0.9732,0.9895,50,5148,87.033,4.3钻石彩宝￥14200/人 | 1F,钻石小鸟·钻戒婚戒定制 | 全国联保 | 一手贷源 | 4.3钻石彩宝￥14200/人 | 性价比高 | 1F | “浪漫至死不渝，双环项链寓意美好” | ￥9.9￥99私人/个性定制·来图定制首饰 | 惠,ocr/input_videos\上海__百联金山__20260826.mp4
OBS-000542,百联金山,OPPO体验店,OPPO体验店,数码....,,4257,商场内,unknown,True,,ocr_missing,parsed,metadata_anchor,0.8609,0.9992,52,5148,87.033,★🌟🌟🌟🌟 | 数码.... | ￥4257/人商场内 | 14.8,OPPO体验店 | ★🌟🌟🌟🌟 | 数码.... | ￥4257/人商场内 | 14.8 | OppO | 点评榜单 | 金山卫商圈购物好评榜第3名 | 拍照效果出色，环境舒适 | 21 | 惠￥1￥39.9120umUV固化手机膜5折券,ocr/input_videos\上海__百联金山__20260826.mp4
OBS-000543,百联金山,爱不释手美甲美睫,爱不释手美甲美睫,美甲,4.6,232,1F,rated,True,,rated,parsed,rating_anchor,0.9647,0.9841,53,5184,87.642,1F | 4.6美甲￥232/人,爱不释手美甲美睫 | NAILEYELAS | 1F | 4.6美甲￥232/人 | 美甲美睫 | 点评榜单 | 金山卫商圈美甲美睫好评榜第2名 | 高端品质 | 还原度高，细节控必选 | 1 | 一对一私人定制打造专局于弥的美 | 惠 | ￥1969.9折 | ￥268 | 【简约款式】本甲4...,ocr/input_videos\上海__百联金山__20260826.mp4
OBS-000544,百联金山,金大福,金大福,黄金首饰,3.8,,1F,rated,True,,rated,parsed,rating_anchor,0.9929,0.9999,58,5184,87.642,3.8黄金首饰 | 1F,金大福 | 3.8黄金首饰 | 1F | 金大福 | KING | TAI | FOOK,ocr/input_videos\上海__百联金山__20260826.mp4
OBS-000545,百联金山,Apple授权专营店,Apple授权专营店,数码产品,4.8,8093,1F,rated,True,,rated,parsed,rating_anchor,0.9852,0.9981,62,5184,87.642,1F | 🌟🌟🌟🌟🌟4.8 | 数码产品￥8093/人,Apple授权专营店 | 1F | 🌟🌟🌟🌟🌟4.8 | 数码产品￥8093/人 | 点评榜单 | 百联金山购物中心购物好评榜第1名 | 授权经销商 | 手机恢复服务方便，旧手机焕发新活力,ocr/input_videos\上海__百联金山__20260826.mp4
OBS-000546,百联金山,钻石小鸟·钻戒婚戒定制,钻石小鸟·钻戒婚戒定制,钻石彩宝,4.3,14200,1F,rated,True,,rated,parsed,rating_anchor,0.9691,0.9895,50,5184,87.642,4.3钻石彩宝￥14200/人 | 1F,全国联保 | 钻石小鸟·钻戒婚戒定制 | 一手货源 | 性价比高 | 4.3钻石彩宝￥14200/人 | 1F | 浪漫至死不渝，双环项链寓意美好” | ￥9.9￥99私人/个性定制·来图定制首饰 | 惠,ocr/input_videos\上海__百联金山__20260826.mp4
OBS-000547,百联金山,OPPO体验店,OPPO体验店,数码...,4.8,4257,商场内,rated,True,,rated,parsed,rating_anchor,0.8925,0.9985,56,5184,87.642,🌟🌟🎉🎉⭐4.8 | 数码... | ￥4257/人商场内,OPPO体验店 | 🌟🌟🎉🎉⭐4.8 | 数码... | ￥4257/人商场内 | oppo | 点评榜单 | 金山卫商圈购物好评榜第3名 | “拍照效果出色，环境舒适 | 惠 | ￥1￥39.9120umUV固化手机膜5折券,ocr/input_videos\上海__百联金山__20260826.mp4
OBS-000548,百联金山,OPPO体验店,OPPO体验店,4257/商场内,,,商场内,unknown,True,,ocr_missing,parsed,metadata_anchor,0.9825,0.999,52,5232,88.453,￥4257/商场内 | 🌟🌟🌟🌟🌟 | 数码.. | 14.8,OPPO体验店 | ￥4257/商场内 | 🌟🌟🌟🌟🌟 | 数码.. | 14.8 | oppo | 点评榜单 | 金山卫商圈购物好评榜第3名 | 拍照效果出色，环境舒适 | 《 | 惠 | ￥1￥39.9120umUV固化手机膜5折券,ocr/input_videos\上海__百联金山__20260826.mp4
OBS-000549,百联金山,1985专业美甲美睫,1985专业美甲美睫,美甲,3.5,197,3F,rated,True,,rated,parsed,rating_anchor,0.9714,0.9999,53,5232,88.453,3F | 3.5美甲￥197/人,1985专业美甲美睫 | 1985 | 3F | 3.5美甲￥197/人 | 美甲款式多，过程舒适” | 美甲店 | “ | ￥8.8￥19.9 | 【1985】精致修眉 | 惠,ocr/input_videos\上海__百联金山__20260826.mp4
OBS-000550,百联金山,华为授权体验店,华为授权体验店,数码产品,4.6,4879,1F,rated,True,,rated,parsed,rating_anchor,0.9709,0.9997,55,5232,88.453,4.6数码产品￥4879/人 | 1F,华为授权体验店 | 4.6数码产品￥4879/人 | 1F | HUAWEI | “纯血鸿蒙流畅，血压表颜值高 | ￥9.9￥49手机贴膜|华为手机9.9享手... | 惠,ocr/input_videos\上海__百联金山__20260826.mp4
OBS-000551,百联金山,东方商厦,东方商厦,更多购,3.9,501,商场内,rated,True,,rated,parsed,rating_anchor,0.9359,0.9402,57,5232,88.453,3.9更多购￥501/人商场内,东方商厦 | 3.9更多购￥501/人商场内 | 洛克公园,ocr/input_videos\上海__百联金山__20260826.mp4
OBS-000552,百联金山,OPPO体验店,OPPO体验店,数码..,4.8,4257,商场内,rated,True,,rated,parsed,rating_anchor,0.9214,0.9993,54,5256,88.859,🌟🌟⭐⭐⭐ | ￥4257/人商场内 | 数码.. | 4.8,OPPO体验店 | 🌟🌟⭐⭐⭐ | ￥4257/人商场内 | 数码.. | 4.8 | OppO | 点评榜单 | 金山卫商圈购物好评榜第3名 | 拍照效果出色，环境舒适 | ￥1￥39.9120umUV固化手机膜5折券 | 惠,ocr/input_videos\上海__百联金山__20260826.mp4
OBS-000553,百联金山,1985专业美甲美睫,1985专业美甲美睫,美甲,3.5,197,3F,rated,True,,rated,parsed,rating_anchor,0.9522,0.9997,54,5256,88.859,3F | ★3.5美甲￥197/人,1985专业美甲美睫 | 1985 | 3F | ★3.5美甲￥197/人 | 美甲款式多，过程舒适 | 美甲店 | ￥8.8￥19.9 | 【1985】精致修眉 | 惠,ocr/input_videos\上海__百联金山__20260826.mp4
OBS-000554,百联金山,华为授权体验店,华为授权体验店,数码产品,4.6,4879,1F,rated,True,,rated,parsed,rating_anchor,0.9841,0.9994,52,5256,88.859,1F | 🌟🌟🌈🌟4.6 | 数码产品￥4879/人,华为授权体验店 | 1F | 🌟🌟🌈🌟4.6 | 数码产品￥4879/人 | HUAWEI | 纯血鸿蒙流畅，血压表颜值高 | ￥9.9￥49手机贴膜|华为手机9.9享手.. | 惠,ocr/input_videos\上海__百联金山__20260826.mp4
OBS-000555,百联金山,东方商厦,东方商厦,更多购.,3.9,501,商场内,rated,True,,rated,parsed,rating_anchor,0.9507,0.9563,57,5256,88.859,3.9更多购. | 🌟🌟🌟🌟🌟 | ￥501/人商场内,东方商厦 | 3.9更多购. | 🌟🌟🌟🌟🌟 | ￥501/人商场内,ocr/input_videos\上海__百联金山__20260826.mp4
OBS-000556,百联金山,洛克公园,洛克公园,篮球场,3.1,36,4F,rated,True,,rated,parsed,rating_anchor,0.984,0.9995,60,5256,88.859,🌟🌟⭐ | 4F | ★★ | 3.1篮球场￥36/人,洛克公园 | 动网 | 🌟🌟⭐ | 4F | ★★ | 3.1篮球场￥36/人 | 随时开打 | 休息中,ocr/input_videos\上海__百联金山__20260826.mp4
OBS-000557,百联金山,OPPO体验店,OPPO体验店,数码...,4.8,4257,商场内,rated,True,,rated,parsed,rating_anchor,0.8977,0.9991,55,5304,89.67,￥4257/人商场内 | 🌟🌟🌟⭐🌟 | 数码... | 4.8,OPPO体验店 | ￥4257/人商场内 | 🌟🌟🌟⭐🌟 | 数码... | 4.8 | OPPO | 点评榜单 | 金山卫商圈购物好评榜第3名 | 拍照效果出色，环境舒适 | ￥1￥39.9120umUV固化手机膜5折券 | 惠,ocr/input_videos\上海__百联金山__20260826.mp4
OBS-000558,百联金山,1985专业美甲美睫,1985专业美甲美睫,美甲,3.5,197,3F,rated,True,,rated,parsed,rating_anchor,0.98,0.9999,55,5304,89.67,3.5美甲￥197/人 | 3F,1985专业美甲美睫 | 1985 | 3.5美甲￥197/人 | 3F | 美甲款式多，过程舒适” | 美甲店 | 【1985】精致修眉 | ￥8.8￥19.9 | 惠,ocr/input_videos\上海__百联金山__20260826.mp4
OBS-000559,百联金山,华为授权体验店,华为授权体验店,数码产品,4.6,4879,1F,rated,True,,rated,parsed,rating_anchor,0.9841,0.9997,60,5304,89.67,1F | 4.6数码产品￥4879/人,华为授权体验店 | 1F | 4.6数码产品￥4879/人 | HUAWEI | “纯血鸿蒙流畅，血压表颜值高 | ￥9.9￥49 | 手机贴膜|华为手机9.9享手... | 惠,ocr/input_videos\上海__百联金山__20260826.mp4
OBS-000560,百联金山,东方商厦,东方商厦,更多购,3.9,501,商场内,rated,True,,rated,parsed,rating_anchor,0.9302,0.9423,60,5304,89.67,3.9 更多购￥501/人商场内,东方商厦 | 3.9 更多购￥501/人商场内,ocr/input_videos\上海__百联金山__20260826.mp4
OBS-000561,百联金山,洛克公园,洛克公园,篮球场,3.1,36,4F,rated,True,,rated,parsed,rating_anchor,0.9798,0.9993,60,5304,89.67,🌟🌟⭐ | 3.1篮球场￥36/人 | 4F | ⭐⭐,洛克公园 | 动网 | 🌟🌟⭐ | 3.1篮球场￥36/人 | 4F | ⭐⭐ | 随时开打 | 定 | 休息中 | 价,ocr/input_videos\上海__百联金山__20260826.mp4
OBS-000562,百联金山,1985专业美甲美睫,1985专业美甲美睫,美甲,3.5,197,3F,rated,True,,rated,parsed,rating_anchor,0.9729,0.9997,55,5316,89.873,3F | 3.5美甲￥197/人,1985专业美甲美睫 | 1985 | 3F | 3.5美甲￥197/人 | 美甲款式多，过程舒适” | 美甲店 | ￥8.8￥19.9 | 【1985】精致修眉 | 惠,ocr/input_videos\上海__百联金山__20260826.mp4
OBS-000563,百联金山,华为授权体验店,华为授权体验店,数码产品,4.6,4879,1F,rated,True,,rated,parsed,rating_anchor,0.9748,0.9998,55,5316,89.873,4.6数码产品￥4879/人 | 1F,华为授权体验店 | 4.6数码产品￥4879/人 | 1F | HUAWEI | “纯血鸿蒙流畅，血压表颜值高 | 分 | ￥9.9￥49手机贴膜|华为手机9.9享手... | 惠,ocr/input_videos\上海__百联金山__20260826.mp4
OBS-000564,百联金山,东方商厦,东方商厦,更多购,3.9,,商场内,rated,True,,rated,parsed,rating_anchor,0.9483,0.9467,59,5316,89.873,3.9更多购￥501/商场内,东方商厦 | 3.9更多购￥501/商场内,ocr/input_videos\上海__百联金山__20260826.mp4
OBS-000565,百联金山,洛克公园,洛克公园,篮球场,3.1,36,4F,rated,True,,rated,parsed,rating_anchor,0.9611,0.9994,56,5316,89.873,⭐3.1篮球场￥36/人 | 4F,动网 | 洛克公园 | ⭐3.1篮球场￥36/人 | 4F | 随时开打 | 休息中 | 定,ocr/input_videos\上海__百联金山__20260826.mp4
OBS-000566,百联金山,老庙黄金,老庙黄金,黄金首饰,3.8,,商场内,rated,True,,rated,parsed,rating_anchor,0.9725,0.9633,60,5316,89.873,3.8黄金首饰 | 商场内,老庙黄金 | 3.8黄金首饰 | 商场内 | 老庙 | 量您学意好越气。,ocr/input_videos\上海__百联金山__20260826.mp4
OBS-000567,百联金山,东方商厦,东方商厦,更多购,3.9,501,商场内,rated,True,,rated,parsed,rating_anchor,0.9329,0.9475,60,5364,90.685,⭐3.9更多购 | ￥501/人商场内,东方商厦 | ⭐3.9更多购 | ￥501/人商场内,ocr/input_videos\上海__百联金山__20260826.mp4
OBS-000568,百联金山,洛克公园,洛克公园,篮球场,3.1,36,4F,rated,True,,rated,parsed,rating_anchor,0.9803,0.9994,57,5364,90.685,3.1篮球场￥36/人 | 4F,动网 | 洛克公园 | 3.1篮球场￥36/人 | 4F | 随时开打 | 预定 | 休息中,ocr/input_videos\上海__百联金山__20260826.mp4
OBS-000569,百联金山,老庙黄金,老庙黄金,黄金首饰,3.8,,商场内,rated,True,,rated,parsed,rating_anchor,0.9358,0.9648,61,5364,90.685,商场内 | ⭐3.8黄金首饰,老庙黄金 | 商场内 | ⭐3.8黄金首饰 | 瑜老庙 | 禁您学象好越气。 | ￥0￥99清洗保养|传业服务 | 惠,ocr/input_videos\上海__百联金山__20260826.mp4
OBS-000570,百联金山,福奈特洗衣洗鞋,福奈特洗衣洗鞋,洗衣洗鞋,3.8,156,B1,rated,True,,rated,parsed,rating_anchor,0.9842,0.9998,56,5364,90.685,B1 | 3.8洗衣洗鞋￥156/人,福奈特洗衣洗鞋 | FORNET | B1 | 3.8洗衣洗鞋￥156/人 | 上门取送 | “洗衣时间快，真丝衬衫洗得很干净” | Since 1997 | ￥77￥88 | 【到店洗衣】任洗1件羽绒服/.... | 惠 | ￥45￥50代金券 | 惠,ocr/input_videos\上海__百联金山__20260826.mp4
OBS-000571,百联金山,福奈特洗衣洗鞋,福奈特洗衣洗鞋,洗衣洗鞋,3.8,156,B1,rated,True,,rated,parsed,rating_anchor,0.9743,0.9997,55,5460,92.308,3.8洗衣洗鞋￥156/人 | B1,福奈特洗衣洗鞋 | FORNET | 3.8洗衣洗鞋￥156/人 | B1 | 上门取送 | “洗衣时间快，真丝衬衫洗得很净 | Since 1997 | ￥77￥88 | 惠 | 【到店洗衣】任洗1件羽绒服/... | ￥45￥50代金券 | 惠,ocr/input_videos\上海__百联金山__20260826.mp4
OBS-000572,百联金山,九木杂物社,九木杂物社,杂货礼品,3.8,92,2F,rated,True,,rated,parsed,rating_anchor,0.975,0.9994,55,5460,92.308,3.8杂货礼品￥92/人 | 2F,九木杂物社 | 力 | 3.8杂货礼品￥92/人 | 2F | 品 | 0 | 6 | S | 米 | 点评榜单 | 金山区送礼指南榜第3名 | 杂物社 | 原创帆布包包品种多，适合学生和上班族 | “ | ￥100九木杂物社·夏日限定. | ￥939.8折 | 惠,ocr/input_videos\上海__百联金山__20260826.mp4
OBS-000573,百联金山,浪琴表LONGINES,浪琴表LONGINES,钟表,4.7,18894,1F,rated,True,,rated,parsed,rating_anchor,0.9617,0.9911,48,5460,92.308,1F | 4.7钟表￥18894/人,浪琴表LONGINES | 1F | 4.7钟表￥18894/人 | LONGINES | 点评榜单 | 金山卫商圈购物好评榜第9名 | 款式齐全，传奇潜水员很特别,ocr/input_videos\上海__百联金山__20260826.mp4
OBS-000574,百联金山,JINS,JINS,眼镜店,4.7,704,1F,rated,True,,rated,parsed,rating_anchor,0.957,0.9623,55,5460,92.308,1F | ⭐⭐🌟4.7 | 眼镜店￥704/人,JINS | J!NS | 1F | ⭐⭐🌟4.7 | 眼镜店￥704/人 | 30分钟 | 点评榜单 | 百联金山购物中心购物好评榜第2名 | 立等可取 | 全球超800家直营店 | “21%防蓝光镜，日常使用电脑足够 | 套餐含1.60非球面锁片399起 | 3 | ￥0.85 | 8.5折 | ￥10成人验光提供验光数据 | 惠 | ￥0.85 | 惠 | ￥50代金券 | 8.5折,ocr/input_videos\上海__百联金山__20260826.mp4
OBS-000575,百联金山,福奈特洗衣洗鞋,福奈特洗衣洗鞋,洗衣洗鞋,3.8,156,B1,rated,True,,rated,parsed,rating_anchor,0.9801,0.9996,54,5472,92.511,3.8洗衣洗鞋￥156/人 | B1,福奈特洗衣洗鞋 | FORNET | 3.8洗衣洗鞋￥156/人 | B1 | 上门取送 | 洗衣时间快，真丝衬衫洗得很干净 | “ | Since 1997 | ￥77￥88 | 惠 | 【到店洗衣】任洗1件羽绒服/... | ￥45￥50代金券 | 惠,ocr/input_videos\上海__百联金山__20260826.mp4
OBS-000576,百联金山,九木杂物社,九木杂物社,杂货礼品,3.8,92,2F,rated,True,,rated,parsed,rating_anchor,0.9749,0.9998,51,5472,92.511,⭐🌟⭐🌟🌟3.8 | 2F | 杂货礼品￥92/人,九木杂物社 | 力 | ⭐🌟⭐🌟🌟3.8 | 2F | 杂货礼品￥92/人 | 3日0P | 米 | 点评榜单 | 金山区送礼指南榜第3名 | 杂物社 | 原创帆布包包品种多，适合学生和上班族” | ￥939.8折 | ￥100九木杂物社·夏日限定.. | 惠,ocr/input_videos\上海__百联金山__20260826.mp4
OBS-000577,百联金山,浪琴表LONGINES,浪琴表LONGINES,钟表,4.7,18894,1F,rated,True,,rated,parsed,rating_anchor,0.9755,0.9853,51,5472,92.511,1F | 🌟🌟🎉🌟🌟 | 4.7 | 钟表￥18894/人,浪琴表LONGINES | 1F | 🌟🌟🎉🌟🌟 | 4.7 | 钟表￥18894/人 | LONGINES | 点评榜单 | 网 | 金山卫商圈购物好评榜第9名 | 款式齐全，传奇潜水员很特别,ocr/input_videos\上海__百联金山__20260826.mp4
OBS-000578,百联金山,JINS,JINS,眼镜店,4.7,704,1F,rated,True,,rated,parsed,rating_anchor,0.9591,0.9678,55,5472,92.511,1F | 🌟🌟⭐⭐🌟 | 眼镜店￥704/人 | 4.7,JINS | J!NS | 1F | 🌟🌟⭐⭐🌟 | 眼镜店￥704/人 | 4.7 | 30分钟 | 点评榜单 | 百联金山购物中心购物好评榜第2名 | 立等可取 | 全球超800家直营店 | “21%防蓝光镜，日 | 日常使用电脑足够 | 套餐含1.60非球面镇片399起 | ￥0.85 | 8.5折 | ￥10成人验光提供验光数据 | 惠 | ￥0.85 | ￥50代金券 | 惠 | 8.5折,ocr/input_videos\上海__百联金山__20260826.mp4
OBS-000579,百联金山,福奈特洗衣洗鞋,福奈特洗衣洗鞋,洗衣洗鞋,3.8,156,B1,rated,True,,rated,parsed,rating_anchor,0.9817,0.9998,52,5508,93.119,3.8洗衣洗鞋￥156/人 | B1,福奈特洗衣洗鞋 | FORNET | 3.8洗衣洗鞋￥156/人 | B1 | 上门取送 | 洗衣时间快，真丝衬衫洗得很干净 | “ | Since 1997 | ￥77￥88 | 惠 | 【到店洗衣】任洗1件羽绒服/... | 惠 | ￥45￥50代金券,ocr/input_videos\上海__百联金山__20260826.mp4
OBS-000580,百联金山,九木杂物社,九木杂物社,杂货礼品,3.8,92,2F,rated,True,,rated,parsed,rating_anchor,0.9754,0.9998,54,5508,93.119,2F | ⭐🌟⭐🌟🌟 | 杂货礼品￥92/人 | 3.8,九木杂物社 | 力 | 2F | ⭐🌟⭐🌟🌟 | 杂货礼品￥92/人 | 3.8 | 3日0 | 米 | 点评榜单 | 金山区送礼指南榜第3名 | 杂物社 | 原创帆布包包品种多，适合学生和上班族” | ￥939.8折 | ￥100九木杂物社·夏日限定.. | 惠,ocr/input_videos\上海__百联金山__20260826.mp4
OBS-000581,百联金山,浪琴表LONGINES,浪琴表LONGINES,钟表,4.7,18894,1F,rated,True,,rated,parsed,rating_anchor,0.974,0.9894,54,5508,93.119,1F | 🌟🌟🎉🌟🌟 | 4.7 | 钟表￥18894/人,浪琴表LONGINES | 1F | 🌟🌟🎉🌟🌟 | 4.7 | 钟表￥18894/人 | LONGINES | 点评榜单 | 金山卫商圈购物好评榜第9名 | 款式齐全，传奇潜水员很特别,ocr/input_videos\上海__百联金山__20260826.mp4
OBS-000582,百联金山,JINS,JINS,眼镜店,4.7,704,1F,rated,True,,rated,parsed,rating_anchor,0.9704,0.9765,60,5508,93.119,4.7眼镜店￥704/人 | 1F,JINS | J!NS | 4.7眼镜店￥704/人 | 1F | 30分钟 | 点评榜单 | 百联金山购物中心购物好评榜第2名 | 立等可取 | 金球超800家直营店 | “21%防蓝光镜，日常使用电脑足够 | 套餐含1.60非球面锁片399起 | 2 | ￥0.85 | 8.5折 | 惠 | ￥10成人验光提供验光数据 | 惠 | ￥0.85 | 8.5折 | ￥50代金券,ocr/input_videos\上海__百联金山__20260826.mp4
OBS-000583,百联金山,福奈特洗衣洗鞋,福奈特洗衣洗鞋,洗衣洗鞋,3.8,156,B1,rated,True,,rated,parsed,rating_anchor,0.9831,0.9994,54,5556,93.931,B1 | 3.8洗衣洗鞋￥156/人,福奈特洗衣洗鞋 | FORNET | B1 | 3.8洗衣洗鞋￥156/人 | 上门取送 | 洗衣时间快，真丝衬衫洗得很干净 | Since 1997 | 惠 | ￥77￥88 | 【到店洗衣】任洗1件羽绒服/... | ￥45￥50代金券 | 惠,ocr/input_videos\上海__百联金山__20260826.mp4
OBS-000584,百联金山,九木杂物社,九木杂物社,杂货礼品,3.8,92,2F,rated,True,,rated,parsed,rating_anchor,0.9862,0.9998,55,5556,93.931,2F | ⭐🌟🌟🌟🌟 | 3.8杂货礼品￥92/人,九木杂物社 | 力 | 2F | ⭐🌟🌟🌟🌟 | 3.8杂货礼品￥92/人 | 3H0 | ： | 米 | 点评榜单 | 金山区送礼指南榜第3名 | 杂物社 | 原创帆布包包品种多，适合学生和上班族 | ￥939.8折 | ￥100九木杂物社·夏日限定... | 惠,ocr/input_videos\上海__百联金山__20260826.mp4
OBS-000585,百联金山,浪琴表LONGINES,浪琴表LONGINES,钟表,4.7,18894,1F,rated,True,,rated,parsed,rating_anchor,0.9537,0.9928,48,5556,93.931,1F | ⭐4.7钟表￥18894/人,浪琴表LONGINES | 1F | ⭐4.7钟表￥18894/人 | LONGINES | 点评榜单 | 金山卫商圈购物好评榜第9名 | 款式齐全，传奇潜水员很特别,ocr/input_videos\上海__百联金山__20260826.mp4
OBS-000586,百联金山,JINS,JINS,眼镜店,4.7,704,1F,rated,True,,rated,parsed,rating_anchor,0.9746,0.9966,56,5556,93.931,🌟🌟🎉🌟🌟 | 1F | 眼镜店￥704/人 | 4.7,JINS | J!NS | 🌟🌟🎉🌟🌟 | 1F | 眼镜店￥704/人 | 4.7 | 30分钟 | 点评榜单 | 百联金山购物中心购物好评榜第2名 | 立等可取 | 全球超800家直营店 | “21%防蓝光镜，日常使用电脑足够 | 分 | 套餐含1.60非球面德片399起 | ￥0.85 | 8.5折 | ￥10成人验光|提供验光数据 | 惠 | ￥0.85 | 8.5折 | ￥50代金券 | 惠,ocr/input_videos\上海__百联金山__20260826.mp4
OBS-000587,百联金山,浪琴表LONGINES,浪琴表LONGINES,钟表,4.7,18894,1F,rated,True,,rated,parsed,rating_anchor,0.972,0.988,48,5604,94.742,1F | 🌟🌟⭐🌟🌟 | 4.7 | 钟表￥18894/人,浪琴表LONGINES | 1F | 🌟🌟⭐🌟🌟 | 4.7 | 钟表￥18894/人 | LONGINES | 点评榜单 | 金山卫商圈购物好评榜第9名 | 款式齐全，传奇潜水员很特别,ocr/input_videos\上海__百联金山__20260826.mp4
OBS-000588,百联金山,JINS,JINS,眼镜店,4.7,704,1F,rated,True,,rated,parsed,rating_anchor,0.9779,0.9971,52,5604,94.742,1F | 🌟🌟🌟🌟🌟 | 眼镜店￥704/人 | 4.7,JINS | J!NS | 1F | 🌟🌟🌟🌟🌟 | 眼镜店￥704/人 | 4.7 | 30分钟 | 点评榜单 | 百联金山购物中心购物好评榜第2名 | 立等可取 | 全球超800家直营店 | “21%防蓝光镜，日 | 日常使用电脑足够 | 套餐含1.60非球面锁片399起 | 力 | ￥0.85 | 8.5折 | 惠 | ￥10成人验光提供验光数据 | ￥0.85 | 8.5折 | ￥50代金券 | 惠,ocr/input_videos\上海__百联金山__20260826.mp4
OBS-000589,百联金山,中国体育彩票,中国体育彩票,彩票,3.2,,3F,rated,True,,rated,parsed,rating_anchor,0.9505,0.9999,58,5604,94.742,★3.2彩票 | 3F,中国体育彩票 | ★3.2彩票 | 3F,ocr/input_videos\上海__百联金山__20260826.mp4
OBS-000590,百联金山,好特卖HotMaxx,好特卖HotMaxx,超市便利,4.6,56,1F,rated,True,,rated,parsed,rating_anchor,0.972,0.9929,47,5604,94.742,1F | ★🌟🌟🌟🌟 | 超市便利￥56/人 | 4.6,好特卖HotMaxx | 1F | ★🌟🌟🌟🌟 | 超市便利￥56/人 | 4.6 | 好特卖 | 点评榜单 | 百联金山购物中心购物好评榜第5名 | HotMax,ocr/input_videos\上海__百联金山__20260826.mp4
OBS-000591,百联金山,LOHO眼镜,LOHO眼镜,眼镜店,4.8,646,2F,rated,True,,rated,parsed,rating_anchor,0.9713,0.996,51,5604,94.742,2F | 🌟🌟🌟🌟🌟 | 眼镜店￥646/人 | 4.8,LOHO眼镜 | LOHO | 橱游记 | YHEA6-4636 | 92.3% | 2F | 🌟🌟🌟🌟🌟 | 眼镜店￥646/人 | 4.8 | 点评榜单 | 金山区眼镜店好评榜第2名 | 青装上阵 | 轻 | 副眼镜能戴好几年” | 美学科板新货上车 | 质量杠杠的 | ≤,ocr/input_videos\上海__百联金山__20260826.mp4
OBS-000592,百联金山,JIIVO,JIIVO,眼镜店,4.7,704,1F,rated,True,,rated,parsed,rating_anchor,0.8008,0.604,33,5676,95.959,1F | 🌟🌟⭐🌟 | 眼镜店 | ￥704/人 | 4.7,JIIVO | J!NS | 1F | 🌟🌟⭐🌟 | 眼镜店 | ￥704/人 | 4.7 | 30分钟 | 点评榜单 | 百联金购物中心购物好评榜第2名 | 立等可取 | 全球超800家直营店 | “21%防蓝光镜，日 | 日常使用电脑足够 | 套餐含1.60非球面德片399起 | 8.5折 | ￥0.85 | ￥10成人验光提供验光数据 | 惠 | ￥0.85 | 惠 | 8.5折 | ￥50代金券,ocr/input_videos\上海__百联金山__20260826.mp4
OBS-000593,百联金山,中国体育彩票,中国体育彩票,彩票,3.2,,3F,rated,True,,rated,parsed,rating_anchor,0.8871,0.9999,52,5676,95.959,🌟🌟★3.2 彩票 | 3F,中国体育彩票 | 🌟🌟★3.2 彩票 | 3F,ocr/input_videos\上海__百联金山__20260826.mp4
OBS-000594,百联金山,好特卖HotMaxx,好特卖HotMaxx,超市便利,4.6,56,1F,rated,True,,rated,parsed,rating_anchor,0.9695,0.9957,54,5676,95.959,1F | ⭐🌟🌟🌟🌟 | 超市便利￥56/人 | 4.6,好特卖HotMaxx | 1F | ⭐🌟🌟🌟🌟 | 超市便利￥56/人 | 4.6 | 好特卖 | 点评榜单 | 百联金购物中心购物好评榜第5名 | HotMax,ocr/input_videos\上海__百联金山__20260826.mp4
OBS-000595,百联金山,LOHO眼镜,LOHO眼镜,眼镜店,4.8,646,2F,rated,True,,rated,parsed,rating_anchor,0.9773,0.9985,52,5676,95.959,2F | 🌟🌟⭐⭐🌟 | 眼镜店￥646/人 | 4.8,LOHO眼镜 | 游记 | LOHO | 2F | 🌟🌟⭐⭐🌟 | 眼镜店￥646/人 | 4.8 | 点评榜单 | 金山区眼镜店好评榜第2名 | 青装上阵 | 轻 | 美中科波新站上市 | 质量杠杠的，一副眼镜能戴好几年” | 9.7折 | ￥59.9LOHO眼镜专属验... | ￥28.9 | 惠,ocr/input_videos\上海__百联金山__20260826.mp4
OBS-000596,百联金山,泡泡玛特机器人商店,泡泡玛特机器人商店,杂货礼品,4.3,,1F,rated,True,,rated,parsed,rating_anchor,0.9984,0.9995,54,5676,95.959,1F | 🌟🌟🌟 | 杂货礼品 | 4.3 | ★,泡泡玛特机器人商店 | POP MART | 1F | 🌟🌟🌟 | 杂货礼品 | 4.3 | ★,ocr/input_videos\上海__百联金山__20260826.mp4
OBS-000597,百联金山,阿迪达斯,阿迪达斯,运动户外,4.6,586,1F,rated,True,,rated,parsed,rating_anchor,0.9899,0.9812,56,5676,95.959,1F | ⭐🌟⭐🌟🌟 | 运动户外 | ￥586/人 | 4.6,阿迪达斯 | 1F | ⭐🌟⭐🌟🌟 | 运动户外 | ￥586/人 | 4.6,ocr/input_videos\上海__百联金山__20260826.mp4
OBS-000598,百联金山,中国体育彩票,中国体育彩票,彩票,3.2,,3F,rated,True,,rated,parsed,rating_anchor,0.9018,0.9999,52,5724,96.771,⭐⭐⭐3.2 彩票 | 3F,中国体育彩票 | ⭐⭐⭐3.2 彩票 | 3F,ocr/input_videos\上海__百联金山__20260826.mp4
OBS-000599,百联金山,好特卖HotMaxx,好特卖HotMaxx,超市便利,4.6,56,1F,rated,True,,rated,parsed,rating_anchor,0.9659,0.9877,51,5724,96.771,🌟🌟🌟🌟🌟 | 超市便利￥56/人 | 1F | 4.6,好特卖HotMaxx | 🌟🌟🌟🌟🌟 | 超市便利￥56/人 | 1F | 4.6 | 好特卖 | 点评榜单 | 百联金山购物中心购物好评榜第5名 | HotMax,ocr/input_videos\上海__百联金山__20260826.mp4
OBS-000600,百联金山,LOHO眼镜,LOHO眼镜,眼镜店,4.8,646,2F,rated,True,,rated,parsed,rating_anchor,0.9717,0.9971,52,5724,96.771,🌟🌟🎉🌟🌟 | 2F | 眼镜店￥646/人 | 4.8,LOHO眼镜 | 福记 | LOHO | FSE A1E8856 | 🌟🌟🎉🌟🌟 | 2F | 眼镜店￥646/人 | 4.8 | 点评榜单 | 青装上阵 | 金山区眼镜店好评榜第2名 | 质量杠杠的，一副眼镜能戴好几年 | 美中料波新站上市 | “ | ￥28.99.7折 | ￥59.9LOHO眼镜专属验... | 惠,ocr/input_videos\上海__百联金山__20260826.mp4
OBS-000601,百联金山,泡泡玛特机器人商店,泡泡玛特机器人商店,杂货礼品,4.3,,1F,rated,True,,rated,parsed,rating_anchor,0.9974,0.9995,55,5724,96.771,杂货礼品 | 1F | 🌟🌟🌟🌟 | 4.3 | ★,泡泡玛特机器人商店 | POP MART | 杂货礼品 | 1F | 🌟🌟🌟🌟 | 4.3 | ★ | R0,ocr/input_videos\上海__百联金山__20260826.mp4
OBS-000602,百联金山,阿迪达斯,阿迪达斯,运动户外,4.6,586,1F,rated,True,,rated,parsed,rating_anchor,0.9758,0.9994,55,5724,96.771,1F | 🌟🌟🌟🌟🌟 | 运动户外￥586/人 | 4.6,阿迪达斯 | 1F | 🌟🌟🌟🌟🌟 | 运动户外￥586/人 | 4.6 | 点评榜单 | 百联金山购物中心购物好评榜第4名 | T酒搏 | 麂皮粉色鞋面，侧边花边设计,ocr/input_videos\上海__百联金山__20260826.mp4
OBS-000603,百联金山,米高轮滑,米高轮滑,滑板轮滑,3.4,585,3F,rated,True,,rated,parsed,rating_anchor,0.9888,0.9996,55,5724,96.771,⭐🌟🌟⭐⭐ | 3F | 3.4滑板轮滑￥585/人,米高轮滑 | ⭐🌟🌟⭐⭐ | 3F | 3.4滑板轮滑￥585/人,ocr/input_videos\上海__百联金山__20260826.mp4
OBS-000604,百联金山,好特卖HotMaxx,好特卖HotMaxx,超市便利,4.6,56,1F,rated,True,,rated,parsed,rating_anchor,0.9704,0.9897,51,5772,97.582,1F | 🌟🌟🌟⭐🌟 | 超市便利￥56/人 | 4.6,好特卖HotMaxx | 1F | 🌟🌟🌟⭐🌟 | 超市便利￥56/人 | 4.6 | 好特卖 | 点评榜单 | 百联金山购物中心购物好评榜第5名 | HotMax,ocr/input_videos\上海__百联金山__20260826.mp4
OBS-000605,百联金山,LOHO眼镜,LOHO眼镜,眼镜店,4.8,646,2F,rated,True,,rated,parsed,rating_anchor,0.9701,0.9952,57,5772,97.582,2F | 🌟🌟⭐⭐🌟 | 眼镜店￥646/人 | 4.8,LOHO眼镜 | LOHO | 福湖记 | 2F | 🌟🌟⭐⭐🌟 | 眼镜店￥646/人 | 4.8 | 点评榜单 | 金山区眼镜店好评榜第2名 | 青装上阵 | 质量杠杠的，一副眼镜能戴好几年” | 美学科波热站上型 | “ | 9.7折 | 惠 | ￥28.9 | ￥59.9LOHO眼镜专属验...,ocr/input_videos\上海__百联金山__20260826.mp4
OBS-000606,百联金山,泡泡玛特机器人商店,泡泡玛特机器人商店,杂货礼品,4.3,,1F,rated,True,,rated,parsed,rating_anchor,0.9942,0.9996,53,5772,97.582,1F | 🌟🌟🌟⭐🌟 | 杂货礼品 | 4.3,泡泡玛特机器人商店 | POP MART | 1F | 🌟🌟🌟⭐🌟 | 杂货礼品 | 4.3,ocr/input_videos\上海__百联金山__20260826.mp4
OBS-000607,百联金山,阿迪达斯,阿迪达斯,运动户外,4.6,586,1F,rated,True,,rated,parsed,rating_anchor,0.9772,0.9994,59,5772,97.582,⭐🌟⭐🌟 | 1F | 运动户外￥586/人 | 4.6,阿迪达斯 | ⭐🌟⭐🌟 | 1F | 运动户外￥586/人 | 4.6 | 点评榜单 | 百联金山购物中心购物好评榜第4名 | T酒搏 | 麂皮粉色鞋面，侧边花边设计,ocr/input_videos\上海__百联金山__20260826.mp4
OBS-000608,百联金山,米高轮滑,米高轮滑,滑板轮滑,3.4,585,3F,rated,True,,rated,parsed,rating_anchor,0.999,0.9997,55,5772,97.582,🌟🌟🌟⭐🌟 | 3F | 3.4滑板轮滑 | ￥585/人,米高轮滑 | 🌟🌟🌟⭐🌟 | 3F | 3.4滑板轮滑 | ￥585/人,ocr/input_videos\上海__百联金山__20260826.mp4
OBS-000609,百联金山,小荧星艺校,小荧星艺校,音乐,4.5,,2F,rated,True,,rated,parsed,rating_anchor,0.9984,0.9996,52,5772,97.582,4.5音乐 | 🌟🌟🌟🌟🌟 | 2F,小荧星艺校 | 小荧星 | 艺术成长中心 | 4.5音乐 | 🌟🌟🌟🌟🌟 | 2F | 开学季 | 认识艺术小伙伴，学习玩乐两不误,ocr/input_videos\上海__百联金山__20260826.mp4
OBS-000610,百联金山,LOHO眼镜,LOHO眼镜,眼镜店,4.8,646,2F,rated,True,,rated,parsed,rating_anchor,0.9704,0.9987,52,5820,98.394,2F | 🌟🌟⭐⭐🌟 | 眼镜店￥646/人 | 4.8,LOHO眼镜 | 通游记 | LOHO | 92.3% | 2F | 🌟🌟⭐⭐🌟 | 眼镜店￥646/人 | 4.8 | 点评榜单 | 金山区眼镜店好评榜第2名 | 青装上阵 | 质量杠杠的，一副眼镜能戴好几年” | 美中科胶新防上南 | ￥28.9 | 9.7折 | ￥59.9 | 惠 | LOHO眼镜专属验...,ocr/input_videos\上海__百联金山__20260826.mp4
OBS-000611,百联金山,泡泡玛特机器人商店,泡泡玛特机器人商店,杂货礼品,4.3,,1F,rated,True,,rated,parsed,rating_anchor,0.9986,0.9997,55,5820,98.394,1F | 🌟🌟🌟🌟 | 杂货礼品 | 4.3,泡泡玛特机器人商店 | POP MART | 1F | 🌟🌟🌟🌟 | 杂货礼品 | 4.3 | POPMARI,ocr/input_videos\上海__百联金山__20260826.mp4
OBS-000612,百联金山,阿迪达斯,阿迪达斯,运动户外,4.6,586,1F,rated,True,,rated,parsed,rating_anchor,0.9828,0.9986,59,5820,98.394,1F | ★★★★★ | 4.6运动户外￥586/人,阿迪达斯 | 1F | ★★★★★ | 4.6运动户外￥586/人 | 点评榜单 | 百联金山购物中心购物好评榜第4名 | T酒博 | 鹿皮粉色鞋面，侧边花边设计,ocr/input_videos\上海__百联金山__20260826.mp4
OBS-000613,百联金山,米高轮滑,米高轮滑,滑板轮滑,3.4,585,3F,rated,True,,rated,parsed,rating_anchor,0.9828,0.9996,57,5820,98.394,3.4滑板轮滑￥585/人 | 3F,米高轮滑 | 3.4滑板轮滑￥585/人 | 3F,ocr/input_videos\上海__百联金山__20260826.mp4
OBS-000614,百联金山,小荧星艺校,小荧星艺校,音乐,4.5,,2F,rated,True,,rated,parsed,rating_anchor,0.9998,0.9998,56,5820,98.394,音乐 | 2F | 🌟🌟🌟🌟🌟 | 4.5,小荧星艺校 | 小荧星 | 艺成长中心 | 音乐 | 2F | 🌟🌟🌟🌟🌟 | 4.5 | 开学季 | 认识艺术小伙伴，学习玩乐两不误” | ￥9.9 | ￥227 | 【儿童主持&表演】主. | 5折 | 惠,ocr/input_videos\上海__百联金山__20260826.mp4
OBS-000615,百联金山,LOHO眼镜,LOHO眼镜,眼镜店,4.8,646,2F,rated,True,,rated,parsed,rating_anchor,0.9706,0.9987,52,5844,98.8,2F | 🌟🌟⭐⭐🌟 | 眼镜店￥646/人 | 4.8,LOHO眼镜 | 通游记 | LOHO | 92.3% | 2F | 🌟🌟⭐⭐🌟 | 眼镜店￥646/人 | 4.8 | 点评榜单 | 金山区眼镜店好评榜第2名 | 青装上阵 | 质量杠杠的，一副眼镜能戴好几年” | 美中科胶新防上南 | ￥28.9 | 9.7折 | ￥59.9 | 惠 | LOHO眼镜专属验...,ocr/input_videos\上海__百联金山__20260826.mp4
OBS-000616,百联金山,泡泡玛特机器人商店,泡泡玛特机器人商店,杂货礼品,4.3,,1F,rated,True,,rated,parsed,rating_anchor,0.9986,0.9998,55,5844,98.8,1F | 🌟🌟🌟🌟 | 杂货礼品 | 4.3,泡泡玛特机器人商店 | POP MART | 1F | 🌟🌟🌟🌟 | 杂货礼品 | 4.3 | bSHO | POPHAR,ocr/input_videos\上海__百联金山__20260826.mp4
OBS-000617,百联金山,阿迪达斯,阿迪达斯,运动户外,4.6,586,1F,rated,True,,rated,parsed,rating_anchor,0.9812,0.9986,59,5844,98.8,1F | ⭐★★★★ | 4.6运动户外￥586/人,阿迪达斯 | 1F | ⭐★★★★ | 4.6运动户外￥586/人 | 点评榜单 | 百联金山购物中心购物好评榜第4名 | 丁酒搏 | 魔皮粉色鞋面，侧边花边设计 | 3,ocr/input_videos\上海__百联金山__20260826.mp4
OBS-000618,百联金山,米高轮滑,米高轮滑,滑板轮滑,3.4,585,3F,rated,True,,rated,parsed,rating_anchor,0.9827,0.9996,57,5844,98.8,3.4滑板轮滑￥585/人 | 3F,米高轮滑 | 3.4滑板轮滑￥585/人 | 3F,ocr/input_videos\上海__百联金山__20260826.mp4
OBS-000619,百联金山,小荧星艺校,小荧星艺校,音乐,4.5,,2F,rated,True,,rated,parsed,rating_anchor,0.9998,0.9998,56,5844,98.8,音乐 | 2F | 🌟🌟🌟🎉🌟 | 4.5,小荧星艺校 | 小荧星 | 艺成长中心 | 音乐 | 2F | 🌟🌟🌟🎉🌟 | 4.5 | 开学季 | 认识艺术小伙伴，学习玩乐两不误” | ￥9.9 | ￥227 | 【儿童主持&表演】主.. | 5折 | 惠,ocr/input_videos\上海__百联金山__20260826.mp4
OBS-000620,百联金山,LOHO眼镜,LOHO眼镜,眼镜店,4.8,646,2F,rated,True,,rated,parsed,rating_anchor,0.9754,0.9983,52,5868,99.205,2F | 🌟🌟⭐⭐🌟 | 眼镜店￥646/人 | 4.8,LOHO眼镜 | LOHO | 福游记 | 92.3% | 2F | 🌟🌟⭐⭐🌟 | 眼镜店￥646/人 | 4.8 | 金山区眼镜店好评榜第2名 | 点评榜单 | 青装上阵 | S | 质量杠杠的，一副眼镜能戴好几年” | 美学科技新防上面 | ￥28.99.7折 | ￥59.9LOHO眼镜专属验... | 惠,ocr/input_videos\上海__百联金山__20260826.mp4
OBS-000621,百联金山,泡泡玛特机器人商店,泡泡玛特机器人商店,杂货礼品,4.3,,1F,rated,True,,rated,parsed,rating_anchor,0.9982,0.9996,57,5868,99.205,1F | 杂货礼品 | ★★★4.3,泡泡玛特机器人商店 | POP MART | 1F | 杂货礼品 | ★★★4.3 | POPMARTRO,ocr/input_videos\上海__百联金山__20260826.mp4
OBS-000622,百联金山,阿迪达斯,阿迪达斯,运动户外,4.6,586,1F,rated,True,,rated,parsed,rating_anchor,0.9742,0.9995,55,5868,99.205,🌟🌟⭐⭐🌟 | 1F | 运动户外￥586/人 | 4.6,阿迪达斯 | 🌟🌟⭐⭐🌟 | 1F | 运动户外￥586/人 | 4.6 | 点评榜单 | 百联金山购物中心购物好评榜第4名 | T酒搏 | 麂皮粉色鞋面，侧边花边设计”,ocr/input_videos\上海__百联金山__20260826.mp4
OBS-000623,百联金山,米高轮滑,米高轮滑,滑板轮滑,3.4,585,3F,rated,True,,rated,parsed,rating_anchor,0.9871,0.9996,57,5868,99.205,⭐🌟⭐⭐⭐ | 3F | 3.4滑板轮滑￥585/人,米高轮滑 | ⭐🌟⭐⭐⭐ | 3F | 3.4滑板轮滑￥585/人,ocr/input_videos\上海__百联金山__20260826.mp4
OBS-000624,百联金山,小荧星艺校,小荧星艺校,音乐,4.5,,2F,rated,True,,rated,parsed,rating_anchor,0.9998,0.9998,55,5868,99.205,音乐 | 2F | 🌟🌟🌟🌟🌟 | 4.5,小荧星艺校 | 小荧星 | 艺成长中心 | 音乐 | 2F | 🌟🌟🌟🌟🌟 | 4.5 | 开学季 | 认识艺术小伙伴，学习玩乐两不误 | ￥227 | 【儿童主持&表演】主.. | ￥9.9 | 惠 | 5折,ocr/input_videos\上海__百联金山__20260826.mp4
OBS-000625,百联金山,茂昌眼镜,茂昌眼镜,眼镜店,4.7,841,2F,rated,True,,rated,parsed,rating_anchor,0.9979,0.9992,59,5868,99.205,⭐🌟⭐🌟🌟 | 2F | 眼镜店 | 4.7 | ￥841/人,茂昌眼镜 | ⭐🌟⭐🌟🌟 | 茂昌眼镜 | 2F | 眼镜店 | 4.7 | ￥841/人 | MAOCHANG | 金山卫商图眼镜店好评榜第2多 | 迎培单,ocr/input_videos\上海__百联金山__20260826.mp4
OBS-000626,百联金山,米高轮滑,米高轮滑,滑板轮滑,3.4,585,3F,rated,True,,rated,parsed,rating_anchor,0.9856,0.9995,56,5904,99.814,🌟🌟🎉⭐🌟 | 3F | 3.4滑板轮滑￥585/人,米高轮滑 | 🌟🌟🎉⭐🌟 | 3F | 3.4滑板轮滑￥585/人,ocr/input_videos\上海__百联金山__20260826.mp4
OBS-000627,百联金山,小荧星艺校,小荧星艺校,音乐,4.5,,2F,rated,True,,rated,parsed,rating_anchor,0.9995,0.9994,55,5904,99.814,音乐 | 2F | 🌟🌟⭐🌟 | 4.5,小荧星艺校 | 小荧星 | 艺术成长中心 | 音乐 | 2F | 🌟🌟⭐🌟 | 4.5 | 开学季 | “认识艺术小伙伴，学习玩乐两不误” | ￥9.9 | ￥227 | 【儿童主持&表演】主. | 5折 | 惠,ocr/input_videos\上海__百联金山__20260826.mp4
OBS-000628,百联金山,茂昌眼镜,茂昌眼镜,眼镜店,4.7,841,2F,rated,True,,rated,parsed,rating_anchor,0.98,0.9951,56,5904,99.814,2F | 🌟🌟🌟🌟🌟 | 眼镜店￥841/人 | 4.7,茂昌眼镜 | 茂昌眼镜 | 2F | 🌟🌟🌟🌟🌟 | 眼镜店￥841/人 | 4.7 | MAOCHANG | 点评榜单 | 金山卫商圈眼镜店好评榜第2名 | 百职集团民员企堂 | 隐形眼镜质量好，佩戴舒适无异物感 | ￥10￥300 | 惠 | 眼镜智耀膜升级券,ocr/input_videos\上海__百联金山__20260826.mp4
OBS-000629,百联金山,北京同仁堂,北京同仁堂,药店,,,1F,unrated,False,explicitly_unrated,unrated,parsed,unrated_anchor,0.9997,0.9999,55,5904,99.814,药店 | 1F | ★★★★★ | 暂无星级,北京同仁堂 | 药店 | 1F | ★★★★★ | 暂无星级 | 医疗,ocr/input_videos\上海__百联金山__20260826.mp4
OBS-000630,百联金山,仟佰度,仟佰度,鞋靴,,437,1F,unrated,False,explicitly_unrated,unrated,parsed,unrated_anchor,0.9811,0.9966,59,5904,99.814,★★★★★ | 1F | 暂无星级 | 鞋靴￥437/人,仟佰度 | BANNERFAS | ★★★★★ | 1F | 暂无星级 | 鞋靴￥437/人,ocr/input_videos\上海__百联金山__20260826.mp4
OBS-000631,百联金山,Jeep服饰,Jeep服饰,服装,,,1F,unrated,False,explicitly_unrated,unrated,parsed,unrated_anchor,0.9996,0.9995,66,5904,99.814,1F | 服装 | ⭐⭐💥★🌟 | 暂无星级,Jeep服饰 | 1F | 服装 | ⭐⭐💥★🌟 | 暂无星级,ocr/input_videos\上海__百联金山__20260826.mp4
OBS-000632,百联金山,米高轮滑,米高轮滑,滑板轮滑,3.4,585,3F,rated,True,,rated,parsed,rating_anchor,0.9875,0.9998,57,5928,100.22,🌟🌟⭐ | ⭐⭐ | 3F | 3.4滑板轮滑￥585/人,米高轮滑 | 🌟🌟⭐ | ⭐⭐ | 3F | 3.4滑板轮滑￥585/人,ocr/input_videos\上海__百联金山__20260826.mp4
OBS-000633,百联金山,小荧星艺校,小荧星艺校,音乐,4.5,,2F,rated,True,,rated,parsed,rating_anchor,0.9998,0.9998,59,5928,100.22,🌟🌟🌟⭐🌟 | 音乐 | 2F | 4.5,小荧星艺校 | 小荧星 | 艺术成长中心 | 🌟🌟🌟⭐🌟 | 音乐 | 2F | 4.5 | 开学季 | 认识艺术小伙伴，学习玩乐两不误” | ￥9.9 | ￥227 | 惠 | 5折 | 【儿童主持&表演】主.,ocr/input_videos\上海__百联金山__20260826.mp4
OBS-000634,百联金山,茂昌眼镜,茂昌眼镜,眼镜店,4.7,841,2F,rated,True,,rated,parsed,rating_anchor,0.9779,0.9932,56,5928,100.22,2F | 🌟🌟🎉🌟🌟 | 眼镜店￥841/人 | 4.7,茂昌眼镜 | 茂昌眼镜 | 2F | 🌟🌟🎉🌟🌟 | 眼镜店￥841/人 | 4.7 | MAOCHANG | 点评榜单 | 金山卫商圈眼镜店好评榜第2名 | 百联集团员企业 | 隐形眼镜质量好，佩戴舒适无异物感 | ￥10￥300目 | 惠 | 眼镜智耀膜升级券,ocr/input_videos\上海__百联金山__20260826.mp4
OBS-000635,百联金山,北京同仁堂,北京同仁堂,药店,,,1F,unrated,False,explicitly_unrated,unrated,parsed,unrated_anchor,0.9998,0.9999,58,5928,100.22,药店 | ★★★★★ | 1F | 暂无星级,北京同仁堂 | 药店 | ★★★★★ | 1F | 暂无星级 | 医疗,ocr/input_videos\上海__百联金山__20260826.mp4
OBS-000636,百联金山,仟佰度,仟佰度,鞋靴,,437,1F,unrated,False,explicitly_unrated,unrated,parsed,unrated_anchor,0.9672,0.9964,59,5928,100.22,1F | 鞋靴￥437/人 | ★★★★ | 暂无星级,仟佰度 | BANNERFa | 1F | 鞋靴￥437/人 | ★★★★ | 暂无星级,ocr/input_videos\上海__百联金山__20260826.mp4
OBS-000637,百联金山,Jeep服饰,Jeep服饰,服装,,,1F,unrated,False,explicitly_unrated,unrated,parsed,unrated_anchor,0.9996,0.9994,67,5928,100.22,★★★★★ | 服装 | 1F | 暂无星级,Jeep服饰 | ★★★★★ | 服装 | 1F | 暂无星级,ocr/input_videos\上海__百联金山__20260826.mp4
OBS-000638,百联金山,茂昌眼镜,茂昌眼镜,眼镜店,4.7,841,2F,rated,True,,rated,parsed,rating_anchor,0.9709,0.9981,60,5976,101.031,2F | 4.7眼镜店￥841/人 | 🌟🌟🌟🌟🌟,茂昌眼镜 | 2F | 茂昌眼镜 | 4.7眼镜店￥841/人 | 🌟🌟🌟🌟🌟 | MAOCHANG | 点评榜单 | 金山卫商圈眼镜店好评榜第2名 | 百联集团院员企业 | 隐形眼镜质量好，佩戴舒适无异物感 | ￥10￥300目 | 惠 | 眼镜智耀膜升级券,ocr/input_videos\上海__百联金山__20260826.mp4
OBS-000639,百联金山,北京同仁堂,北京同仁堂,药店,,,1F,unrated,False,explicitly_unrated,unrated,parsed,unrated_anchor,0.9996,0.9998,52,5976,101.031,药店 | 1F | 暂无星级 | ★★★★★,北京同仁堂 | 药店 | 1F | 暂无星级 | ★★★★★ | 医疗,ocr/input_videos\上海__百联金山__20260826.mp4
OBS-000640,百联金山,仟佰度,仟佰度,鞋靴,,437,1F,unrated,False,explicitly_unrated,unrated,parsed,unrated_anchor,0.9746,0.9968,59,5976,101.031,★★★★★ | 1F | 鞋靴￥437/人 | 暂无星级,仟佰度 | BANNER千百服 | ★★★★★ | 1F | 鞋靴￥437/人 | 暂无星级,ocr/input_videos\上海__百联金山__20260826.mp4
OBS-000641,百联金山,Jeep服饰,Jeep服饰,服装,,,1F,unrated,False,explicitly_unrated,unrated,parsed,unrated_anchor,0.9991,0.9993,68,5976,101.031,★★★★★ | 服装 | 1F | 暂无星级,Jeep服饰 | ★★★★★ | 服装 | 1F | 暂无星级,ocr/input_videos\上海__百联金山__20260826.mp4
OBS-000642,百联金山,图森特女装,图森特女装,服装,,,2F,unrated,False,explicitly_unrated,unrated,parsed,unrated_anchor,0.9967,0.9938,55,5976,101.031,服装 | 2F | ★★★★★ | 暂无星级,图森特女装 | 服装 | 2F | ★★★★★ | 暂无星级 | 购物,ocr/input_videos\上海__百联金山__20260826.mp4
OBS-000643,百联金山,北京同仁堂,北京同仁堂,药店,,,1F,unrated,False,explicitly_unrated,unrated,parsed,unrated_anchor,0.9996,0.9998,55,6024,101.843,药店 | 暂无星级 | 1F | ★★★★★,北京同仁堂 | 药店 | 暂无星级 | 1F | ★★★★★ | 医疗,ocr/input_videos\上海__百联金山__20260826.mp4
OBS-000644,百联金山,仟佰度,仟佰度,鞋靴,,437,1F,unrated,False,explicitly_unrated,unrated,parsed,unrated_anchor,0.9682,0.9961,59,6024,101.843,暂无星级 | 1F | ★★★★★ | 鞋靴￥437/人,仟佰度 | BANNER干百发 | 暂无星级 | 1F | ★★★★★ | 鞋靴￥437/人,ocr/input_videos\上海__百联金山__20260826.mp4
OBS-000645,百联金山,Jeep服饰,Jeep服饰,服装,,,1F,unrated,False,explicitly_unrated,unrated,parsed,unrated_anchor,0.9995,0.9992,69,6024,101.843,服装 | ★★★★★ | 1F | 暂无星级,Jeep服饰 | 服装 | ★★★★★ | 1F | 暂无星级,ocr/input_videos\上海__百联金山__20260826.mp4
OBS-000646,百联金山,图森特女装,图森特女装,服装,,,2F,unrated,False,explicitly_unrated,unrated,parsed,unrated_anchor,0.9959,0.9922,55,6024,101.843,服装 | 2F | ★★★★★ | 暂无星级,图森特女装 | 服装 | 2F | ★★★★★ | 暂无星级 | 购物,ocr/input_videos\上海__百联金山__20260826.mp4
OBS-000647,百联金山,金利来goldllion,金利来goldllion,服装,,,3F,unrated,False,explicitly_unrated,unrated,parsed,unrated_anchor,0.9805,0.9616,58,6024,101.843,服装 | 3F | 暂无星级 | ★★★★★,金利来goldllion | 服装 | 3F | 暂无星级 | ★★★★★,ocr/input_videos\上海__百联金山__20260826.mp4
OBS-000648,百联金山,UU服装店(百联金山购物中心店),UU服装店(百联金山购物中心店),服装,,,2F,unrated,False,explicitly_unrated,unrated,parsed,unrated_anchor,0.9945,0.9893,56,6024,101.843,2F | 服装 | ★★★★★ | 暂无星级,UU服装店(百联金山购物中心店) | 2F | 服装 | ★★★★★ | 暂无星级 | 购物,ocr/input_videos\上海__百联金山__20260826.mp4
OBS-000649,百联金山,图森特女装,图森特女装,服装,,,2F,unrated,False,explicitly_unrated,unrated,parsed,unrated_anchor,0.9965,0.9932,55,6084,102.857,服装 | 暂无星级 | 2F | 🌟🌟🌟★★,图森特女装 | 服装 | 暂无星级 | 2F | 🌟🌟🌟★★ | 购物,ocr/input_videos\上海__百联金山__20260826.mp4
OBS-000650,百联金山,金利来goldlion,金利来goldlion,服装,,,3F,unrated,False,explicitly_unrated,unrated,parsed,unrated_anchor,0.9869,0.9742,62,6084,102.857,★★★★★ | 暂无星级 | 服装 | 3F,金利来goldlion | ★★★★★ | 暂无星级 | 服装 | 3F,ocr/input_videos\上海__百联金山__20260826.mp4
OBS-000651,百联金山,UU服装店(百联金山购物中心店),UU服装店(百联金山购物中心店),服装,,,2F,unrated,False,explicitly_unrated,unrated,parsed,unrated_anchor,0.9963,0.9929,61,6084,102.857,暂无星级 | 服装 | 2F | ★★★★★,UU服装店(百联金山购物中心店) | 暂无星级 | 服装 | 2F | ★★★★★ | 购物,ocr/input_videos\上海__百联金山__20260826.mp4
OBS-000652,百联金山,法罗宾,法罗宾,箱包,,,1F,unrated,False,explicitly_unrated,unrated,parsed,unrated_anchor,0.9997,0.9997,62,6084,102.857,箱包 | ★★★★★ | 1F | 暂无星级,法罗宾 | 箱包 | ★★★★★ | 1F | 暂无星级,ocr/input_videos\上海__百联金山__20260826.mp4
OBS-000653,百联金山,SEIFINI,SEIFINI,服装,,,2F,unrated,False,explicitly_unrated,unrated,parsed,unrated_anchor,0.999,0.9986,45,6084,102.857,★★★★★ | 服装 | 2F | 暂无星级,SEIFINI | SEIFINI | ★★★★★ | 服装 | 2F | 暂无星级,ocr/input_videos\上海__百联金山__20260826.mp4
OBS-000654,百联金山,帝高羊绒,帝高羊绒,服装,,,1F,new_store,False,new_store,ocr_missing,parsed,metadata_anchor,0.9971,0.9947,56,6084,102.857,服装 | 新店 | 1F,帝高羊绒 | 服装 | 新店 | 1F | 购物,ocr/input_videos\上海__百联金山__20260826.mp4
OBS-000655,百联金山,图森特女装,图森特女装,服装,,,2F,unrated,False,explicitly_unrated,unrated,parsed,unrated_anchor,0.9959,0.9921,54,6108,103.263,服装 | 2F | ★★★★★ | 暂无星级,图森特女装 | 服装 | 2F | ★★★★★ | 暂无星级 | 购物,ocr/input_videos\上海__百联金山__20260826.mp4
OBS-000656,百联金山,金利来goldllion,金利来goldllion,服装,,,3F,unrated,False,explicitly_unrated,unrated,parsed,unrated_anchor,0.9746,0.9496,66,6108,103.263,服装 | ★★★★★ | 3F | 暂无星级,金利来goldllion | 服装 | ★★★★★ | 3F | 暂无星级,ocr/input_videos\上海__百联金山__20260826.mp4
OBS-000657,百联金山,UU服装店(百联金山购物中心店),UU服装店(百联金山购物中心店),服装,,,2F,unrated,False,explicitly_unrated,unrated,parsed,unrated_anchor,0.9901,0.9809,59,6108,103.263,2F | 服装 | ★🌟★★🌟 | 暂无星级,UU服装店(百联金山购物中心店) | 2F | 服装 | ★🌟★★🌟 | 暂无星级 | 购物,ocr/input_videos\上海__百联金山__20260826.mp4
OBS-000658,百联金山,法罗宾,法罗宾,箱包,,,1F,unrated,False,explicitly_unrated,unrated,parsed,unrated_anchor,0.9997,0.9997,65,6108,103.263,箱包 | ⭐🌟🌟🌟⭐ | 暂无星级 | 1F,法罗宾 | 箱包 | ⭐🌟🌟🌟⭐ | 暂无星级 | 1F,ocr/input_videos\上海__百联金山__20260826.mp4
OBS-000659,百联金山,SEIFINI,SEIFINI,服装,,,2F,unrated,False,explicitly_unrated,unrated,parsed,unrated_anchor,0.9991,0.9985,49,6108,103.263,2F | 服装 | ★★★★ | 暂无星级,SEIFINI | SEIFINI | 2F | 服装 | ★★★★ | 暂无星级,ocr/input_videos\上海__百联金山__20260826.mp4
OBS-000660,百联金山,帝高羊绒,帝高羊绒,服装,,,1F,new_store,False,new_store,ocr_missing,parsed,metadata_anchor,0.9979,0.9961,57,6108,103.263,服装 | 新店 | 1F,帝高羊绒 | 服装 | 新店 | 1F | 购物,ocr/input_videos\上海__百联金山__20260826.mp4
OBS-000661,百联金山,金利来goldlion,金利来goldlion,服装,,,3F,unrated,False,explicitly_unrated,unrated,parsed,unrated_anchor,0.9807,0.9618,57,6168,104.277,3F | 服装 | ★★★★★ | 暂无星级,金利来goldlion | 3F | 服装 | ★★★★★ | 暂无星级,ocr/input_videos\上海__百联金山__20260826.mp4
OBS-000662,百联金山,UU服装店(百联金山购物中心店),UU服装店(百联金山购物中心店),服装,,,2F,unrated,False,explicitly_unrated,unrated,parsed,unrated_anchor,0.9922,0.9849,56,6168,104.277,2F | ★🌟★★★ | 服装 | 暂无星级,UU服装店(百联金山购物中心店) | 2F | ★🌟★★★ | 服装 | 暂无星级 | 购物,ocr/input_videos\上海__百联金山__20260826.mp4
OBS-000663,百联金山,法罗宾,法罗宾,箱包,,,1F,unrated,False,explicitly_unrated,unrated,parsed,unrated_anchor,0.9997,0.9996,65,6168,104.277,箱包 | 1F | ★★★★★ | 暂无星级,法罗宾 | 箱包 | 1F | ★★★★★ | 暂无星级,ocr/input_videos\上海__百联金山__20260826.mp4
OBS-000664,百联金山,SEIFINI,SEIFINI,服装,,,2F,unrated,False,explicitly_unrated,unrated,parsed,unrated_anchor,0.999,0.9984,46,6168,104.277,服装 | 暂无星级 | 2F | ★★★★★,EIFINI | SEIFINI | 0 | 服装 | 暂无星级 | 2F | ★★★★★,ocr/input_videos\上海__百联金山__20260826.mp4
OBS-000665,百联金山,帝高羊绒,帝高羊绒,服装,,,1F,new_store,False,new_store,ocr_missing,parsed,metadata_anchor,0.9981,0.9966,60,6168,104.277,服装 | 新店 | 1F,帝高羊绒 | 服装 | 新店 | 1F | 购物,ocr/input_videos\上海__百联金山__20260826.mp4
OBS-000666,百联金山,太平鸟,太平鸟,服装,,,2F,unrated,False,explicitly_unrated,unrated,parsed,unrated_anchor,0.9982,0.9969,62,6168,104.277,2F | 服装 | ★★★★★ | 暂无星级,太平鸟 | PEACEBIRD | 2F | 服装 | ★★★★★ | 暂无星级,ocr/input_videos\上海__百联金山__20260826.mp4
OBS-000667,百联金山,SEIFINI,SEIFINI,服装,,,2F,unrated,False,explicitly_unrated,unrated,parsed,unrated_anchor,0.9967,0.9941,42,6204,104.886,2F | 服装 | ★★★★★ | 暂无星级,SEIFINI | SEIFINI | 2F | 服装 | ★★★★★ | 暂无星级,ocr/input_videos\上海__百联金山__20260826.mp4
OBS-000668,百联金山,帝高羊绒,帝高羊绒,服装,,,1F,new_store,False,new_store,ocr_missing,parsed,metadata_anchor,0.9982,0.9969,56,6204,104.886,新店 | 服装 | 1F,帝高羊绒 | 新店 | 服装 | 1F | 购物,ocr/input_videos\上海__百联金山__20260826.mp4
OBS-000669,百联金山,太平鸟,太平鸟,服装,,,2F,unrated,False,explicitly_unrated,unrated,parsed,unrated_anchor,0.9994,0.9992,58,6204,104.886,服装 | 暂无星级 | 2F | 🌟🌟★★★,太平鸟 | PEACEBIRD | 服装 | 暂无星级 | 2F | 🌟🌟★★★ | M,ocr/input_videos\上海__百联金山__20260826.mp4
OBS-000670,百联金山,奥斯丁汽车小镇(百联金山购物中心),奥斯丁汽车小镇(百联金山购物中心),综合经销商,,,3F,unrated,False,explicitly_unrated,unrated,parsed,unrated_anchor,0.985,0.9702,56,6204,104.886,3F | 🌟🌟💥🌟🌟 | 暂无星级 | 综合经销商,奥斯丁汽车小镇(百联金山购物中心) | 3F | 🌟🌟💥🌟🌟 | 暂无星级 | 综合经销商 | 养车/用车,ocr/input_videos\上海__百联金山__20260826.mp4
OBS-000671,百联金山,上海牌手表,上海牌手表,钟表,,,1F,unrated,False,explicitly_unrated,unrated,parsed,unrated_anchor,0.9873,0.9753,52,6204,104.886,钟表 | 1F | 暂无星级,上海牌手表 | 钟表 | 1F | 暂无星级 | da05,ocr/input_videos\上海__百联金山__20260826.mp4
OBS-000672,百联金山,博晶雅玉,博晶雅玉,综合珠宝首饰,,,1F,unrated,False,explicitly_unrated,unrated,parsed,unrated_anchor,0.9997,0.9999,53,6204,104.886,1F | ★★★★★ | 综合珠宝首饰 | 暂无星级,博晶雅玉 | 博路锁上 | 1F | ★★★★★ | 综合珠宝首饰 | 暂无星级,ocr/input_videos\上海__百联金山__20260826.mp4
OBS-000673,百联金山,奥斯丁汽车小镇(百联金山购物中心),奥斯丁汽车小镇(百联金山购物中心),综合经销商,,,3F,unrated,False,explicitly_unrated,unrated,parsed,unrated_anchor,0.9775,0.9552,56,6264,105.9,3F | ★★★★ | 暂无星级 | 综合经销商,奥斯丁汽车小镇(百联金山购物中心) | 3F | ★★★★ | 暂无星级 | 综合经销商 | 养车/用车,ocr/input_videos\上海__百联金山__20260826.mp4
OBS-000674,百联金山,上海牌手表,上海牌手表,钟表,,,1F,unrated,False,explicitly_unrated,unrated,parsed,unrated_anchor,0.9911,0.9827,52,6264,105.9,★★★★★ | 钟表 | 暂无星级 | 1F,上海牌手表 | ★★★★★ | 钟表 | 暂无星级 | 1F,ocr/input_videos\上海__百联金山__20260826.mp4
OBS-000675,百联金山,博晶雅玉,博晶雅玉,综合珠宝首饰,,,1F,unrated,False,explicitly_unrated,unrated,parsed,unrated_anchor,0.9997,0.9999,53,6264,105.9,暂无星级 | 1F | ★★★★★ | 综合珠宝首饰,博晶雅玉 | 博路旅上 | 暂无星级 | 1F | ★★★★★ | 综合珠宝首饰,ocr/input_videos\上海__百联金山__20260826.mp4
OBS-000676,百联金山,上海百联金山ID.Store,上海百联金山ID.Store,4S店,,,1F,unrated,False,explicitly_unrated,unrated,parsed,unrated_anchor,0.9819,0.9666,53,6264,105.9,★★★★★ | 4S店 | 1F | 暂无星级,上海百联金山ID.Store | Woikswage.Stane | ★★★★★ | 4S店 | 1F | 暂无星级,ocr/input_videos\上海__百联金山__20260826.mp4
OBS-000677,百联金山,子傲体育金山店(金山百联4楼篮球.,子傲体育金山店(金山百联4楼篮球.,篮球场,,,4F,unrated,False,explicitly_unrated,unrated,parsed,unrated_anchor,0.9725,0.9563,54,6264,105.9,4F | 篮球场 | ★★★★★ | 暂无星级,子傲体育金山店(金山百联4楼篮球. | 4F | 篮球场 | ★★★★★ | 暂无星级 | 当地玩乐,ocr/input_videos\上海__百联金山__20260826.mp4
OBS-000678,百联金山,百联金山购物中心3楼左庭右院,百联金山购物中心3楼左庭右院,购物,,,商场内,unrated,False,explicitly_unrated,unrated,parsed,unrated_anchor,0.9983,0.9966,51,6264,105.9,购物 | 商场内 | 🌟🌟★🌟 | 暂无星级,百联金山购物中心3楼左庭右院 | 购物 | 商场内 | 🌟🌟★🌟 | 暂无星级 | 购 | 物,ocr/input_videos\上海__百联金山__20260826.mp4
OBS-000679,百联金山,奥斯丁汽车小镇(百联金山购物中心),奥斯丁汽车小镇(百联金山购物中心),综合经销商,,,3F,unrated,False,explicitly_unrated,unrated,parsed,unrated_anchor,0.9868,0.9738,51,6300,106.509,3F | ★★★★★ | 暂无星级 | 综合经销商,奥斯丁汽车小镇(百联金山购物中心) | 3F | ★★★★★ | 暂无星级 | 综合经销商 | 养车/用车,ocr/input_videos\上海__百联金山__20260826.mp4
OBS-000680,百联金山,上海牌手表,上海牌手表,钟表,,,1F,unrated,False,explicitly_unrated,unrated,parsed,unrated_anchor,0.9854,0.9717,53,6300,106.509,★★★★★ | 钟表 | 1F | 暂无星级,上海牌手表 | ★★★★★ | 钟表 | 1F | 暂无星级 | 550,ocr/input_videos\上海__百联金山__20260826.mp4
OBS-000681,百联金山,博晶雅玉,博晶雅玉,综合珠宝首饰,,,1F,unrated,False,explicitly_unrated,unrated,parsed,unrated_anchor,0.9998,0.9999,56,6300,106.509,1F | ★🌟★ | 暂无星级 | 综合珠宝首饰,博晶雅玉 | 博品作宝 | 1F | ★🌟★ | 暂无星级 | 综合珠宝首饰,ocr/input_videos\上海__百联金山__20260826.mp4
OBS-000682,百联金山,上海百联金山ID.Store,上海百联金山ID.Store,4S店,,,1F,unrated,False,explicitly_unrated,unrated,parsed,unrated_anchor,0.9853,0.9753,53,6300,106.509,暂无星级 | 4S店 | 1F | ★★★★★,上海百联金山ID.Store | Woiswagen ID.Share | 暂无星级 | 4S店 | 1F | ★★★★★,ocr/input_videos\上海__百联金山__20260826.mp4
OBS-000683,百联金山,子傲体育金山店(金山百联4楼篮球.,子傲体育金山店(金山百联4楼篮球.,篮球场,,,4F,unrated,False,explicitly_unrated,unrated,parsed,unrated_anchor,0.9792,0.9655,56,6300,106.509,篮球场 | 暂无星级 | 4F | 🌟🌟⭐🌟🌟,子傲体育金山店(金山百联4楼篮球. | 篮球场 | 暂无星级 | 4F | 🌟🌟⭐🌟🌟 | 当地玩乐,ocr/input_videos\上海__百联金山__20260826.mp4
OBS-000684,百联金山,百联金山购物中心3楼左庭右院,百联金山购物中心3楼左庭右院,购物,,,商场内,unrated,False,explicitly_unrated,unrated,parsed,unrated_anchor,0.998,0.9961,51,6300,106.509,商场内 | 购物 | ★★★★★ | 暂无星级,百联金山购物中心3楼左庭右院 | 商场内 | 购物 | ★★★★★ | 暂无星级 | 购物,ocr/input_videos\上海__百联金山__20260826.mp4
OBS-000685,百联金山,奥斯丁汽车小镇(百联金山购物中心),奥斯丁汽车小镇(百联金山购物中心),综合经销商,,,3F,unrated,False,explicitly_unrated,unrated,parsed,unrated_anchor,0.9863,0.973,51,6312,106.712,3F | ★★★★★ | 暂无星级 | 综合经销商,奥斯丁汽车小镇(百联金山购物中心) | 3F | ★★★★★ | 暂无星级 | 综合经销商 | 养车/用车,ocr/input_videos\上海__百联金山__20260826.mp4
OBS-000686,百联金山,上海牌手表,上海牌手表,钟表,,,1F,unrated,False,explicitly_unrated,unrated,parsed,unrated_anchor,0.9909,0.9827,52,6312,106.712,钟表 | ★★★★★ | 1F | 暂无星级,上海牌手表 | 钟表 | ★★★★★ | 1F | 暂无星级 | 500,ocr/input_videos\上海__百联金山__20260826.mp4
OBS-000687,百联金山,博晶雅玉,博晶雅玉,综合珠宝首饰,,,1F,unrated,False,explicitly_unrated,unrated,parsed,unrated_anchor,0.9998,0.9999,56,6312,106.712,1F | 🌟🌟🌟🌟 | 暂无星级 | 综合珠宝首饰,博晶雅玉 | 博品作宝 | 1F | 🌟🌟🌟🌟 | 暂无星级 | 综合珠宝首饰,ocr/input_videos\上海__百联金山__20260826.mp4
OBS-000688,百联金山,上海百联金山ID.Store,上海百联金山ID.Store,4S店,,,1F,unrated,False,explicitly_unrated,unrated,parsed,unrated_anchor,0.9868,0.978,51,6312,106.712,4S店 | 1F | ★★★★★ | 暂无星级,上海百联金山ID.Store | Voisswagen1D.Soate | 4S店 | 1F | ★★★★★ | 暂无星级,ocr/input_videos\上海__百联金山__20260826.mp4
OBS-000689,百联金山,子傲体育金山店(金山百联4楼篮球.,子傲体育金山店(金山百联4楼篮球.,篮球场,,,4F,unrated,False,explicitly_unrated,unrated,parsed,unrated_anchor,0.9806,0.9721,54,6312,106.712,篮球场 | 🌟🌟🌟🌟🌟 | 暂无星级 | 4F,子傲体育金山店(金山百联4楼篮球. | 篮球场 | 🌟🌟🌟🌟🌟 | 暂无星级 | 4F | 当地玩乐,ocr/input_videos\上海__百联金山__20260826.mp4
OBS-000690,百联金山,百联金山购物中心3楼左庭右院,百联金山购物中心3楼左庭右院,购物,,,商场内,unrated,False,explicitly_unrated,unrated,parsed,unrated_anchor,0.9988,0.9977,51,6312,106.712,商场内 | 购物 | ★★★★★ | 暂无星级,百联金山购物中心3楼左庭右院 | 商场内 | 购物 | ★★★★★ | 暂无星级 | 购物,ocr/input_videos\上海__百联金山__20260826.mp4
OBS-000691,百联金山,工海日状金山ID.Store,工海日状金山ID.Store,4S店,,,1F,unrated,False,explicitly_unrated,unrated,parsed,unrated_anchor,0.8691,0.7419,33,6384,107.929,★★★★★ | 4S店 | 1F | 暂无星级,工海日状金山ID.Store | WoiskswagenD.Shane | ★★★★★ | 4S店 | 1F | 暂无星级,ocr/input_videos\上海__百联金山__20260826.mp4
OBS-000692,百联金山,子傲体育金山店(金山百联4楼篮球...,子傲体育金山店(金山百联4楼篮球,篮球场,,,4F,unrated,False,explicitly_unrated,unrated,parsed,unrated_anchor,0.9797,0.9656,56,6384,107.929,篮球场 | 4F | 🌟🌟🌟🌟 | 暂无星级,子傲体育金山店(金山百联4楼篮球... | 篮球场 | 4F | 🌟🌟🌟🌟 | 暂无星级 | 当地玩乐,ocr/input_videos\上海__百联金山__20260826.mp4
OBS-000693,百联金山,百联金山购物中心3楼左庭右院,百联金山购物中心3楼左庭右院,购物,,,商场内,unrated,False,explicitly_unrated,unrated,parsed,unrated_anchor,0.9984,0.9968,51,6384,107.929,商场内 | 购物 | ★★★★★ | 暂无星级,百联金山购物中心3楼左庭右院 | 商场内 | 购物 | ★★★★★ | 暂无星级 | 购物,ocr/input_videos\上海__百联金山__20260826.mp4
OBS-000694,百联金山,卡帝波士,卡帝波士,服装,,,3F,unrated,False,explicitly_unrated,unrated,parsed,unrated_anchor,0.9989,0.9982,53,6384,107.929,3F | 服装 | ★★★★★ | 暂无星级,卡帝波士 | CRTTUR BO | 3F | 服装 | ★★★★★ | 暂无星级 | 电饮士,ocr/input_videos\上海__百联金山__20260826.mp4
OBS-000695,百联金山,天彩,天彩,服装,,,B1,unrated,False,explicitly_unrated,unrated,parsed,unrated_anchor,0.9997,0.9996,58,6384,107.929,服装 | ⭐🌟💥🌟🌟 | 暂无星级 | B1,天彩 | 天彩 | 服装 | ⭐🌟💥🌟🌟 | 暂无星级 | B1,ocr/input_videos\上海__百联金山__20260826.mp4
OBS-000696,百联金山,歌浓酒庄,歌浓酒庄,烟酒茶叶,,,1F,unrated,False,explicitly_unrated,unrated,parsed,unrated_anchor,0.9969,0.9996,56,6384,107.929,1F | ★★★★★ | 暂无星级 | 烟酒茶叶,歌浓酒庄 | IOON | 1F | ★★★★★ | 暂无星级 | 烟酒茶叶 | 欧激酒座 | 4,ocr/input_videos\上海__百联金山__20260826.mp4
OBS-000697,百联金山,工海日快金山ID.Store,工海日快金山ID.Store,4S店,,,1F,unrated,False,explicitly_unrated,unrated,parsed,unrated_anchor,0.8654,0.734,33,6420,108.538,4S店 | 1F | 暂无星级 | ★★★★★,工海日快金山ID.Store | Woisswagen lD.Shane | 4S店 | 1F | 暂无星级 | ★★★★★,ocr/input_videos\上海__百联金山__20260826.mp4
OBS-000698,百联金山,子傲体育金山店(金山百联4楼篮球...,子傲体育金山店(金山百联4楼篮球,篮球场,,,4F,unrated,False,explicitly_unrated,unrated,parsed,unrated_anchor,0.98,0.9679,56,6420,108.538,篮球场 | 4F | 暂无星级,子傲体育金山店(金山百联4楼篮球... | 篮球场 | 4F | 暂无星级 | 当地玩乐,ocr/input_videos\上海__百联金山__20260826.mp4
OBS-000699,百联金山,百联金山购物中心3楼左庭右院,百联金山购物中心3楼左庭右院,购物,,,商场内,unrated,False,explicitly_unrated,unrated,parsed,unrated_anchor,0.9981,0.9962,51,6420,108.538,商场内 | 购物 | ★🌟★★★ | 暂无星级,百联金山购物中心3楼左庭右院 | 商场内 | 购物 | ★🌟★★★ | 暂无星级 | 购物,ocr/input_videos\上海__百联金山__20260826.mp4
OBS-000700,百联金山,卡帝波士,卡帝波士,服装,,,3F,unrated,False,explicitly_unrated,unrated,parsed,unrated_anchor,0.999,0.9983,53,6420,108.538,3F | 服装 | ★★★★★ | 暂无星级,卡帝波士 | CRTTUR BO | 3F | 服装 | ★★★★★ | 暂无星级 | 电饮士,ocr/input_videos\上海__百联金山__20260826.mp4
OBS-000701,百联金山,天彩,天彩,服装,,,B1,unrated,False,explicitly_unrated,unrated,parsed,unrated_anchor,0.9997,0.9998,58,6420,108.538,服装 | ⭐🌟🌟🌟🌟 | 暂无星级 | B1,天彩 | 天彩 | 服装 | ⭐🌟🌟🌟🌟 | 暂无星级 | B1,ocr/input_videos\上海__百联金山__20260826.mp4
OBS-000702,百联金山,歌浓酒庄,歌浓酒庄,烟酒茶叶,,,1F,unrated,False,explicitly_unrated,unrated,parsed,unrated_anchor,0.9964,0.9996,56,6420,108.538,1F | ★★★★★ | 暂无星级 | 烟酒茶叶,歌浓酒庄 | IOON | 1F | ★★★★★ | 暂无星级 | 烟酒茶叶 | 欧激酒座 | 3 | 一百江加4 | PIKOLINOS | PIKOLINOS,ocr/input_videos\上海__百联金山__20260826.mp4
OBS-000703,百联金山,子傲体育金山店(金山百联4楼篮球...,子傲体育金山店(金山百联4楼篮球,篮球场,,,4F,unrated,False,explicitly_unrated,unrated,parsed,unrated_anchor,0.9732,0.9504,53,6432,108.741,4F | 篮球场 | ★★★★★ | 暂无星级,子傲体育金山店(金山百联4楼篮球... | 4F | 篮球场 | ★★★★★ | 暂无星级 | 当地玩乐,ocr/input_videos\上海__百联金山__20260826.mp4
OBS-000704,百联金山,百联金山购物中心3楼左庭右院,百联金山购物中心3楼左庭右院,购物,,,商场内,unrated,False,explicitly_unrated,unrated,parsed,unrated_anchor,0.998,0.9959,55,6432,108.741,商场内 | 🌟🌟🌟🌟🌟 | 购物 | 暂无星级,百联金山购物中心3楼左庭右院 | 商场内 | 🌟🌟🌟🌟🌟 | 购物 | 暂无星级 | 购物,ocr/input_videos\上海__百联金山__20260826.mp4
OBS-000705,百联金山,卡帝波士,卡帝波士,服装,,,3F,unrated,False,explicitly_unrated,unrated,parsed,unrated_anchor,0.9983,0.9968,55,6432,108.741,服装 | ★🌟★★★ | 3F | 暂无星级,卡帝波士 | 服装 | CRTTUR BO | ★🌟★★★ | 3F | 暂无星级 | 装大,ocr/input_videos\上海__百联金山__20260826.mp4
OBS-000706,百联金山,天彩,天彩,服装,,,B1,unrated,False,explicitly_unrated,unrated,parsed,unrated_anchor,0.9996,0.9998,64,6432,108.741,服装 | ★★★★★ | 暂无星级 | B1,天彩 | 天彩 | 服装 | ★★★★★ | 暂无星级 | B1,ocr/input_videos\上海__百联金山__20260826.mp4
OBS-000707,百联金山,歌浓酒庄,歌浓酒庄,烟酒茶叶,,,1F,unrated,False,explicitly_unrated,unrated,parsed,unrated_anchor,0.9952,0.9996,56,6432,108.741,1F | ★★★★★ | 烟酒茶叶 | 暂无星级,歌浓酒庄 | RLJRANOON | 1F | ★★★★★ | 烟酒茶叶 | 暂无星级 | 歌淑酒庄,ocr/input_videos\上海__百联金山__20260826.mp4
OBS-000708,百联金山,PIKOLINOS,PIKOLINOS,鞋靴,,,1F,unrated,False,explicitly_unrated,unrated,parsed,unrated_anchor,0.9978,0.9986,45,6432,108.741,1F | 鞋靴 | ★★★★★ | 暂无星级,PIKOLINOS | PIKOLIMOS | 1F | 鞋靴 | ★★★★★ | 暂无星级,ocr/input_videos\上海__百联金山__20260826.mp4
OBS-000709,百联金山,歌浓酒庄,歌浓酒庄,烟酒茶叶,,,1F,unrated,False,explicitly_unrated,unrated,parsed,unrated_anchor,0.9969,0.9996,56,6480,109.552,★★★★★ | 1F | 暂无星级 | 烟酒茶叶,歌浓酒庄 | RLJAAOON | ★★★★★ | 1F | 暂无星级 | 烟酒茶叶 | 欧激酒座 | E,ocr/input_videos\上海__百联金山__20260826.mp4
OBS-000710,百联金山,PIKOLINOS,PIKOLINOS,鞋靴,,,1F,unrated,False,explicitly_unrated,unrated,parsed,unrated_anchor,0.9971,0.9992,45,6480,109.552,暂无星级 | 鞋靴 | 1F | ★★★★★,PIKOLINOS | PIKOLINOS | 暂无星级 | 鞋靴 | 1F | ★★★★★,ocr/input_videos\上海__百联金山__20260826.mp4
OBS-000711,百联金山,鸿星尔克,鸿星尔克,鞋靴,,,2F,unrated,False,explicitly_unrated,unrated,parsed,unrated_anchor,0.982,0.9667,56,6480,109.552,鞋靴 | 2F | 🌟🌟🌟🌟⭐ | 暂无星级,鸿星尔克 | 鞋靴 | 2F | 🌟🌟🌟🌟⭐ | 暂无星级 | ERKE,ocr/input_videos\上海__百联金山__20260826.mp4
OBS-000712,百联金山,Y'RC,Y'RC,鞋靴,,,2F,unrated,False,explicitly_unrated,unrated,parsed,unrated_anchor,0.9899,0.9815,55,6480,109.552,2F | ★★★★★ | 鞋靴 | 暂无星级,Y'RC | 2F | ★★★★★ | 鞋靴 | 暂无星级 | REDS,ocr/input_videos\上海__百联金山__20260826.mp4
OBS-000713,百联金山,百联金山购物中心-地下停车场,百联金山购物中心-地下停车场,停车场,,,商场内,unrated,False,explicitly_unrated,unrated,parsed,unrated_anchor,0.9994,0.9991,54,6480,109.552,停车场 | 商场内 | ⭐★ | 暂无星级,百联金山购物中心-地下停车场 | 停车场 | 商场内 | ⭐★ | 暂无星级,ocr/input_videos\上海__百联金山__20260826.mp4
OBS-000714,百联金山,MEILLEUR MOMENT麦檬,MEILLEURMOMENT麦檬,服装,,,2F,unrated,False,explicitly_unrated,unrated,parsed,unrated_anchor,0.987,0.9743,51,6480,109.552,服装 | 暂无星级 | 2F | ★★★★★,MEILLEUR MOMENT麦檬 | 服装 | 暂无星级 | 2F | ★★★★★ | N,ocr/input_videos\上海__百联金山__20260826.mp4
OBS-000715,百联金山,歌浓酒庄,歌浓酒庄,烟酒茶叶,,,1F,unrated,False,explicitly_unrated,unrated,parsed,unrated_anchor,0.9972,0.9998,60,6492,109.755,1F | 烟酒茶叶 | ★★★★★ | 暂无星级,歌浓酒庄 | RIUANOON | 1F | 烟酒茶叶 | ★★★★★ | 暂无星级 | 歌激酒庄,ocr/input_videos\上海__百联金山__20260826.mp4
OBS-000716,百联金山,PIKOLINOS,PIKOLINOS,鞋靴,,,1F,unrated,False,explicitly_unrated,unrated,parsed,unrated_anchor,0.9985,0.9991,45,6492,109.755,鞋靴 | ★★★★★ | 暂无星级 | 1F,PIKOLINOS | PIKOLINOS | 鞋靴 | ★★★★★ | 暂无星级 | 1F,ocr/input_videos\上海__百联金山__20260826.mp4
OBS-000717,百联金山,鸿星尔克,鸿星尔克,鞋靴,,,2F,unrated,False,explicitly_unrated,unrated,parsed,unrated_anchor,0.9943,0.9936,60,6492,109.755,暂无星级 | 鞋靴 | 🌟🌟⭐ | 2F,鸿星尔克 | 暂无星级 | 鞋靴 | 🌟🌟⭐ | 2F | ERKE,ocr/input_videos\上海__百联金山__20260826.mp4
OBS-000718,百联金山,Y'RC,Y'RC,鞋靴,,,2F,unrated,False,explicitly_unrated,unrated,parsed,unrated_anchor,0.9865,0.976,64,6492,109.755,鞋靴 | 暂无星级 | 2F | ★★★★★,Y'RC | 鞋靴 | 暂无星级 | 2F | ★★★★★ | RE0,ocr/input_videos\上海__百联金山__20260826.mp4
OBS-000719,百联金山,百联金山购物中心-地下停车场,百联金山购物中心-地下停车场,停车场,,,商场内,unrated,False,explicitly_unrated,unrated,parsed,unrated_anchor,0.9989,0.9981,57,6492,109.755,停车场 | 商场内 | ⭐🌟🌟⭐🌟 | 暂无星级,百联金山购物中心-地下停车场 | 停车场 | 商场内 | ⭐🌟🌟⭐🌟 | 暂无星级,ocr/input_videos\上海__百联金山__20260826.mp4
OBS-000720,百联金山,MEILLEUR MOMENT麦檬,MEILLEURMOMENT麦檬,服装,,,2F,unrated,False,explicitly_unrated,unrated,parsed,unrated_anchor,0.9916,0.9835,54,6492,109.755,2F | 🌟🌟🌟⭐ | 服装 | 暂无星级,MEILLEUR MOMENT麦檬 | 2F | 🌟🌟🌟⭐ | 服装 | 暂无星级,ocr/input_videos\上海__百联金山__20260826.mp4
OBS-000721,百联金山,MEILLEUR MOMENT麦檬,MEILLEURMOMENT麦檬,服装,,,2F,unrated,False,explicitly_unrated,unrated,parsed,unrated_anchor,0.9797,0.9597,53,6564,110.972,服装 | ★★★★★ | 2F | 暂无星级,MEILLEUR MOMENT麦檬 | M | MOMENT | NELLEU | 服装 | ★★★★★ | 2F | 暂无星级,ocr/input_videos\上海__百联金山__20260826.mp4
OBS-000722,百联金山,沙驰,沙驰,服装,,,3F,unrated,False,explicitly_unrated,unrated,parsed,unrated_anchor,0.9982,0.9967,61,6564,110.972,服装 | 3F | ★★★★★ | 暂无星级,沙驰 | 服装 | 3F | ★★★★★ | 暂无星级 | 购物,ocr/input_videos\上海__百联金山__20260826.mp4
OBS-000723,百联金山,英氏YeeHoO,英氏YeeHoO,儿童服饰,,,3F,unrated,False,explicitly_unrated,unrated,parsed,unrated_anchor,0.9982,0.9975,55,6564,110.972,儿童服饰 | 3F | 🌟🌟🌟🌟🌟 | 暂无星级,英氏YeeHoO | 儿童服饰 | 3F | 🌟🌟🌟🌟🌟 | 暂无星级,ocr/input_videos\上海__百联金山__20260826.mp4
OBS-000724,百联金山,百田森专柜,百田森专柜,购物,,,1F,unrated,False,explicitly_unrated,unrated,parsed,unrated_anchor,0.9999,0.9997,58,6564,110.972,暂无星级 | 购物 | 1F | ⭐🌟💥🌟🌟,百田森专柜 | 暂无星级 | 购物 | 1F | ⭐🌟💥🌟🌟 | 购物,ocr/input_videos\上海__百联金山__20260826.mp4
OBS-000725,百联金山,大光明影城·演出售票,大光明影城·演出售票,,,,3F,unrated,False,explicitly_unrated,unrated,missing,unrated_anchor,0.9715,0.9715,54,6564,110.972,3F | ⭐🌟🌟🌟🌟 | 生活服务 | 暂无星级,大光明影城·演出售票 | 3F | ⭐🌟🌟🌟🌟 | 生活服务 | 暂无星级 | 生活服务,ocr/input_videos\上海__百联金山__20260826.mp4
OBS-000726,百联金山,EMIVA,EMIVA,服装,,,2F,unrated,False,explicitly_unrated,unrated,parsed,unrated_anchor,0.9976,0.9955,47,6564,110.972,2F | 服装 | ★★★★★ | 暂无星级,EMIVA | EIMNVA | 2F | 服装 | ★★★★★ | 暂无星级,ocr/input_videos\上海__百联金山__20260826.mp4
OBS-000727,百联金山,MEILLEUR MOMENT麦檬,MEILLEURMOMENT麦檬,服装,,,2F,unrated,False,explicitly_unrated,unrated,parsed,unrated_anchor,0.9901,0.9805,53,6576,111.175,2F | 服装 | 暂无星级 | ★★★★★,MEILLEUR MOMENT麦檬 | EMMOMENT | MELLEL | 2F | 服装 | 暂无星级 | ★★★★★ | M,ocr/input_videos\上海__百联金山__20260826.mp4
OBS-000728,百联金山,沙驰,沙驰,服装,,,3F,unrated,False,explicitly_unrated,unrated,parsed,unrated_anchor,0.9986,0.9977,61,6576,111.175,服装 | ⭐🌟🌟⭐🌟 | 3F | 暂无星级,沙驰 | 服装 | ⭐🌟🌟⭐🌟 | 3F | 暂无星级 | 购物,ocr/input_videos\上海__百联金山__20260826.mp4
OBS-000729,百联金山,英氏YeeHoO,英氏YeeHoO,儿童服饰,,,3F,unrated,False,explicitly_unrated,unrated,parsed,unrated_anchor,0.9974,0.9951,54,6576,111.175,暂无星级 | ★★★★★ | 3F | 儿童服饰,英氏YeeHoO | 暂无星级 | ★★★★★ | 3F | 儿童服饰,ocr/input_videos\上海__百联金山__20260826.mp4
OBS-000730,百联金山,百田森专柜,百田森专柜,购物,,,1F,unrated,False,explicitly_unrated,unrated,parsed,unrated_anchor,0.9996,0.9994,58,6576,111.175,暂无星级 | 购物 | ★★★★★ | 1F,百田森专柜 | 暂无星级 | 购物 | ★★★★★ | 1F | 购物,ocr/input_videos\上海__百联金山__20260826.mp4
OBS-000731,百联金山,大光明影城·演出售票,大光明影城·演出售票,,,,3F,unrated,False,explicitly_unrated,unrated,missing,unrated_anchor,0.9833,0.9833,56,6576,111.175,生活服务 | 暂无星级 | 3F | ★★★★★,大光明影城·演出售票 | 生活服务 | 暂无星级 | 3F | ★★★★★ | 生活服务,ocr/input_videos\上海__百联金山__20260826.mp4
OBS-000732,百联金山,EMIVA,EMIVA,服装,,,2F,unrated,False,explicitly_unrated,unrated,parsed,unrated_anchor,0.9963,0.993,47,6576,111.175,2F | 服装 | ★★★★★ | 暂无星级,EMIVA | EMIVA | 2F | 服装 | ★★★★★ | 暂无星级,ocr/input_videos\上海__百联金山__20260826.mp4
OBS-000733,百联金山,MEILLEUR MOMENT麦檬,MEILLEURMOMENT麦檬,服装,,,2F,unrated,False,explicitly_unrated,unrated,parsed,unrated_anchor,0.99,0.9805,57,6624,111.986,服装 | 暂无星级 | 2F | ★★★★★,MEILLEUR MOMENT麦檬 | HELLEU | 服装 | 暂无星级 | 2F | ★★★★★ | M,ocr/input_videos\上海__百联金山__20260826.mp4
OBS-000734,百联金山,沙驰,沙驰,服装,,,3F,unrated,False,explicitly_unrated,unrated,parsed,unrated_anchor,0.9981,0.9965,61,6624,111.986,3F | 服装 | ★★★★★ | 暂无星级,沙驰 | 3F | 服装 | ★★★★★ | 暂无星级 | 购物,ocr/input_videos\上海__百联金山__20260826.mp4
OBS-000735,百联金山,英氏YeeHoO,英氏YeeHoO,儿童服饰,,,3F,unrated,False,explicitly_unrated,unrated,parsed,unrated_anchor,0.9985,0.9974,55,6624,111.986,🌟🌟🌟🌟🌟 | 暂无星级 | 3F | 儿童服饰,英氏YeeHoO | 🌟🌟🌟🌟🌟 | 暂无星级 | 3F | 儿童服饰,ocr/input_videos\上海__百联金山__20260826.mp4
OBS-000736,百联金山,百田森专柜,百田森专柜,购物,,,1F,unrated,False,explicitly_unrated,unrated,parsed,unrated_anchor,0.9999,0.9997,58,6624,111.986,购物 | ⭐★★🌟🌟 | 1F | 暂无星级,百田森专柜 | 购物 | ⭐★★🌟🌟 | 1F | 暂无星级 | 购物,ocr/input_videos\上海__百联金山__20260826.mp4
OBS-000737,百联金山,大光明影城·演出售票,大光明影城·演出售票,,,,3F,unrated,False,explicitly_unrated,unrated,missing,unrated_anchor,0.9603,0.9603,57,6624,111.986,3F | ⭐🌟🌟🌟⭐ | 暂无星级 | 生活服务,大光明影城·演出售票 | 3F | ⭐🌟🌟🌟⭐ | 暂无星级 | 生活服务 | 生活服务,ocr/input_videos\上海__百联金山__20260826.mp4
OBS-000738,百联金山,EMIVA,EMIVA,服装,,,2F,unrated,False,explicitly_unrated,unrated,parsed,unrated_anchor,0.9884,0.9769,47,6624,111.986,2F | ★★★★★ | 服装 | 暂无星级,EMIVA | EMVA | 2F | ★★★★★ | 服装 | 暂无星级,ocr/input_videos\上海__百联金山__20260826.mp4
OBS-000739,百联金山,大光明影城·演出售票,大光明影城·演出售票,,,,3F,unrated,False,explicitly_unrated,unrated,missing,unrated_anchor,0.9883,0.9883,51,6660,112.595,3F | ★★★★★ | 生活服务 | 暂无星级,大光明影城·演出售票 | 3F | ★★★★★ | 生活服务 | 暂无星级 | 生活服务,ocr/input_videos\上海__百联金山__20260826.mp4
OBS-000740,百联金山,EMIVA,EMIVA,服装,,,2F,unrated,False,explicitly_unrated,unrated,parsed,unrated_anchor,0.9742,0.9486,50,6660,112.595,服装 | 暂无星级 | 2F | ★★★,EMIVA | EMANVA | 服装 | 暂无星级 | 2F | ★★★,ocr/input_videos\上海__百联金山__20260826.mp4
OBS-000741,百联金山,百联金山购物中心-停车场,百联金山购物中心-停车场,停车场,,,B1,unrated,False,explicitly_unrated,unrated,parsed,unrated_anchor,0.9993,0.9992,54,6660,112.595,停车场 | B1 | ★★★★★ | 暂无星级,百联金山购物中心-停车场 | 停车场 | B1 | ★★★★★ | 暂无星级 | 直出穆物房宝,ocr/input_videos\上海__百联金山__20260826.mp4
OBS-000742,百联金山,巴黎欧莱雅L'OREAL,巴黎欧莱雅L'OREAL,化妆品,,,1F,unrated,False,explicitly_unrated,unrated,parsed,unrated_anchor,0.9772,0.9549,57,6660,112.595,化妆品 | 🌟🌟🌟⭐ | 1F | 暂无星级,巴黎欧莱雅L'OREAL | 化妆品 | 🌟🌟🌟⭐ | 1F | 暂无星级 | L'OREAL | PARiS | 巴黎欧莱雅,ocr/input_videos\上海__百联金山__20260826.mp4
OBS-000743,百联金山,Annil安奈儿,Annil安奈儿,化妆品,,,3F,unrated,False,explicitly_unrated,unrated,parsed,unrated_anchor,0.9944,0.9901,55,6660,112.595,暂无星级 | 化妆品 | 3F | ★★★★★,Annil安奈儿 | 暂无星级 | 化妆品 | 3F | ★★★★★,ocr/input_videos\上海__百联金山__20260826.mp4
OBS-000744,百联金山,上海国旅锦江旅游,上海国旅锦江旅游,旅行社,,,1F,unrated,False,explicitly_unrated,unrated,parsed,unrated_anchor,0.9994,0.9999,54,6660,112.595,旅行社 | ★★★★★ | 1F | 暂无星级,上海国旅锦江旅游 | 旅行社 | ★★★★★ | 1F | 暂无星级,ocr/input_videos\上海__百联金山__20260826.mp4
OBS-000745,百联金山,大光明影城·演出售票,大光明影城·演出售票,,,,3F,unrated,False,explicitly_unrated,unrated,missing,unrated_anchor,0.982,0.982,51,6684,113.001,暂无星级 | 3F | ★★★★★ | 生活服务,大光明影城·演出售票 | 暂无星级 | 3F | ★★★★★ | 生活服务 | 生活服务,ocr/input_videos\上海__百联金山__20260826.mp4
OBS-000746,百联金山,EMIVA,EMIVA,服装,,,2F,unrated,False,explicitly_unrated,unrated,parsed,unrated_anchor,0.9642,0.9287,49,6684,113.001,2F | 服装 | ★★★★★ | 暂无星级,EMIVA | EIANVA | 2F | 服装 | ★★★★★ | 暂无星级,ocr/input_videos\上海__百联金山__20260826.mp4
OBS-000747,百联金山,百联金山购物中心-停车场,百联金山购物中心-停车场,停车场,,,B1,unrated,False,explicitly_unrated,unrated,parsed,unrated_anchor,0.9994,0.9991,54,6684,113.001,★★★★ | 停车场 | 暂无星级 | B1,百联金山购物中心-停车场 | ★★★★ | 停车场 | 暂无星级 | B1 | 瓦堡意出牌牌电心,ocr/input_videos\上海__百联金山__20260826.mp4
OBS-000748,百联金山,巴黎欧莱雅L'OREAL,巴黎欧莱雅L'OREAL,化妆品,,,1F,unrated,False,explicitly_unrated,unrated,parsed,unrated_anchor,0.985,0.9705,51,6684,113.001,化妆品 | 暂无星级 | 1F | ★★★★★,巴黎欧莱雅L'OREAL | 化妆品 | 暂无星级 | 1F | ★★★★★ | L'OREAL | PARiS | 巴黎欧莱雅,ocr/input_videos\上海__百联金山__20260826.mp4
OBS-000749,百联金山,Annil安奈儿,Annil安奈儿,化妆品,,,3F,unrated,False,explicitly_unrated,unrated,parsed,unrated_anchor,0.9934,0.9877,56,6684,113.001,3F | 化妆品 | ⭐🌟🌟🌟 | 暂无星级,Annil安奈儿 | 3F | 化妆品 | ⭐🌟🌟🌟 | 暂无星级,ocr/input_videos\上海__百联金山__20260826.mp4
OBS-000750,百联金山,上海国旅锦江旅游,上海国旅锦江旅游,旅行社,,,1F,unrated,False,explicitly_unrated,unrated,parsed,unrated_anchor,0.9993,0.9993,51,6684,113.001,旅行社 | ★★★★★ | 1F | 暂无星级,上海国旅锦江旅游 | 上海国 | 锦江旅游 | 旅行社 | ★★★★★ | 1F | 暂无星级,ocr/input_videos\上海__百联金山__20260826.mp4
OBS-000751,百联金山,百联金山购物中心-停车场,百联金山购物中心-停车场,停车场,,,B1,unrated,False,explicitly_unrated,unrated,parsed,unrated_anchor,0.9798,0.9601,53,6744,114.015,停车场 | 🌟🌟★★ | 暂无星级 | B1,百联金山购物中心-停车场 | 停车场 | 🌟🌟★★ | 暂无星级 | B1 | 瓦念山牌牌电会,ocr/input_videos\上海__百联金山__20260826.mp4
OBS-000752,百联金山,巴黎欧莱雅L'OREAL,巴黎欧莱雅L'OREAL,化妆品,,,1F,unrated,False,explicitly_unrated,unrated,parsed,unrated_anchor,0.9831,0.9676,57,6744,114.015,化妆品 | 1F | ★★★★★ | 暂无星级,巴黎欧莱雅L'OREAL | 化妆品 | 1F | ★★★★★ | 暂无星级 | L'OREAL | PARiS | 巴黎欧莱雅,ocr/input_videos\上海__百联金山__20260826.mp4
OBS-000753,百联金山,Annil安奈儿,Annil安奈儿,化妆品,,,3F,unrated,False,explicitly_unrated,unrated,parsed,unrated_anchor,0.9935,0.9884,52,6744,114.015,化妆品 | 3F | ⭐🌟🌟🌟🌟 | 暂无星级,Annil安奈儿 | 化妆品 | 3F | ⭐🌟🌟🌟🌟 | 暂无星级,ocr/input_videos\上海__百联金山__20260826.mp4
OBS-000754,百联金山,上海国旅锦江旅游,上海国旅锦江旅游,旅行社,,,1F,unrated,False,explicitly_unrated,unrated,parsed,unrated_anchor,0.9992,0.9994,51,6744,114.015,旅行社 | 1F | ★★★★★ | 暂无星级,上海国旅锦江旅游 | 上海国肤 | ® | 锦江旅游 | 旅行社 | 1F | ★★★★★ | 暂无星级,ocr/input_videos\上海__百联金山__20260826.mp4
OBS-000755,百联金山,坚果音乐,坚果音乐,音乐,,,1F,unrated,False,explicitly_unrated,unrated,parsed,unrated_anchor,0.9996,0.9995,56,6744,114.015,音乐 | 1F | ★★★★★ | 暂无星级,坚果音乐 | 音乐 | 1F | ★★★★★ | 暂无星级 | 坚果音乐 | MAMCO | MQSIC | 装修风格独特，老师专业耐心“ | C | ￥30￥50吉他维修保养 | 惠,ocr/input_videos\上海__百联金山__20260826.mp4
OBS-000756,百联金山,拍立方大头贴自助店,拍立方大头贴自助店,,,,2F,unrated,False,explicitly_unrated,unrated,missing,unrated_anchor,0.9992,0.9992,54,6744,114.015,2F | 暂无星级 | ★★★★★ | 自拍/换装体验,拍立方大头贴自助店 | 2F | 暂无星级 | ★★★★★ | 自拍/换装体验,ocr/input_videos\上海__百联金山__20260826.mp4
OBS-000757,百联金山,C茶以米狂LUKCAL,C茶以米狂LUKCAL,化妆品,,,1F,unrated,False,explicitly_unrated,unrated,parsed,unrated_anchor,0.8984,0.799,35,6768,114.421,化妆品 | 暂无星级 | 1F | ★★★★★,C茶以米狂LUKCAL | 化妆品 | 暂无星级 | 1F | ★★★★★ | L'OREAL | PARiS | 巴黎欧莱雅,ocr/input_videos\上海__百联金山__20260826.mp4
OBS-000758,百联金山,Annil安奈儿,Annil安奈儿,化妆品,,,3F,unrated,False,explicitly_unrated,unrated,parsed,unrated_anchor,0.9907,0.9844,52,6768,114.421,化妆品 | 3F | ★★★★★ | 暂无星级,Annil安奈儿 | 化妆品 | 3F | ★★★★★ | 暂无星级,ocr/input_videos\上海__百联金山__20260826.mp4
OBS-000759,百联金山,上海国旅锦江旅游,上海国旅锦江旅游,旅行社,,,1F,unrated,False,explicitly_unrated,unrated,parsed,unrated_anchor,0.9995,0.9996,52,6768,114.421,旅行社 | ★★★★★ | 1F | 暂无星级,上海国旅锦江旅游 | 上海国胺 | 9 | 铭江旅游 | 旅行社 | ★★★★★ | 1F | 暂无星级,ocr/input_videos\上海__百联金山__20260826.mp4
OBS-000760,百联金山,坚果音乐,坚果音乐,音乐,,,1F,unrated,False,explicitly_unrated,unrated,parsed,unrated_anchor,0.9997,0.9996,56,6768,114.421,音乐 | 暂无星级 | 1F | ★★★★★,坚果音乐 | 音乐 | 暂无星级 | 1F | ★★★★★ | 坚果音乐 | MAMUO | MUSIC | 装修风格独特，老师专业耐心 | “ | ￥30￥50 | 吉他维修保养 | 惠,ocr/input_videos\上海__百联金山__20260826.mp4
OBS-000761,百联金山,拍立方大头贴自助店,拍立方大头贴自助店,,,,2F,unrated,False,explicitly_unrated,unrated,missing,unrated_anchor,0.999,0.999,55,6768,114.421,⭐🌟★★🌟 | 暂无星级 | 自拍/换装体验 | 2F,拍立方大头贴自助店 | 0万 | 轻松小些经典系列 | 大头贴 | ⭐🌟★★🌟 | 暂无星级 | 自拍/换装体验 | 2F | 2 | 点色了端 | ￥33.5 | ￥35.9 | 惠 | 9.6折 | 任选35.9相框|先..,ocr/input_videos\上海__百联金山__20260826.mp4
OBS-000762,百联金山,乐摩吧,乐摩吧,休闲按.,,17,2F,unrated,False,explicitly_unrated,unrated,parsed,unrated_anchor,0.956,1.0,58,6768,114.421,★★★★★ | 暂无星级 | 休闲按.￥17/人2F,乐摩吧 | ★★★★★ | 暂无星级 | 休闲按.￥17/人2F | 乐业安 | 168日 | S,ocr/input_videos\上海__百联金山__20260826.mp4
OBS-000763,百联金山,Annil安奈儿,Annil安奈儿,化妆品,,,3F,unrated,False,explicitly_unrated,unrated,parsed,unrated_anchor,0.9944,0.9899,55,6804,115.03,化妆品 | ★★★★★ | 暂无星级 | 3F,Annil安奈儿 | 化妆品 | ★★★★★ | 暂无星级 | 3F,ocr/input_videos\上海__百联金山__20260826.mp4
OBS-000764,百联金山,上海国旅锦江旅游,上海国旅锦江旅游,旅行社,,,1F,unrated,False,explicitly_unrated,unrated,parsed,unrated_anchor,0.9994,0.9993,53,6804,115.03,旅行社 | 1F | ★🌟🌟★★ | 暂无星级,上海国旅锦江旅游 | 上海国胺 | 2 | 铭江旅游 | 旅行社 | 1F | ★🌟🌟★★ | 暂无星级,ocr/input_videos\上海__百联金山__20260826.mp4
OBS-000765,百联金山,坚果音乐,坚果音乐,音乐,,,1F,unrated,False,explicitly_unrated,unrated,parsed,unrated_anchor,0.9997,0.9997,56,6804,115.03,音乐 | 1F | 🌟🌟🌟🌟🌟 | 暂无星级,坚果音乐 | 音乐 | 1F | 🌟🌟🌟🌟🌟 | 暂无星级 | 坚果音乐 | MUSIC | 装修风格独特，老师专业耐心“ | ￥30￥50 | 惠 | 吉他维修保养,ocr/input_videos\上海__百联金山__20260826.mp4
OBS-000766,百联金山,拍立方大头贴自助店,拍立方大头贴自助店,,,,2F,unrated,False,explicitly_unrated,unrated,missing,unrated_anchor,0.9994,0.9994,54,6804,115.03,2F | 🌟🌟🌟🌟🌟 | 自拍/换装体验 | 暂无星级,拍立方大头贴自助店 | 071 | 经典系列 | 轻松小熊 | 大头贴 | 2F | 🌟🌟🌟🌟🌟 | 自拍/换装体验 | 2 | 暂无星级 | 点色了编 | ￥33.5 | ￥35.9 | 任选35.9相框|先... | 9.6折 | 惠,ocr/input_videos\上海__百联金山__20260826.mp4
OBS-000767,百联金山,乐摩吧,乐摩吧,休闲按.,,17,2F,unrated,False,explicitly_unrated,unrated,parsed,unrated_anchor,0.94,1.0,57,6804,115.03,★★★★★ | 暂无星级 | ￥17/人2F | 休闲按.,乐摩吧 | ★★★★★ | 暂无星级 | ￥17/人2F | 休闲按. | 正心 | 183B,ocr/input_videos\上海__百联金山__20260826.mp4
OBS-000768,百联金山,上海国旅锦江旅游,上海国旅锦江旅游,旅行社,,,1F,unrated,False,explicitly_unrated,unrated,parsed,unrated_anchor,0.9996,0.9997,53,6852,115.841,旅行社 | 暂无星级 | ★★★★★ | 1F,上海国旅锦江旅游 | 8 | 上海国胺 | 铭江旅游 | 旅行社 | 暂无星级 | ★★★★★ | 1F,ocr/input_videos\上海__百联金山__20260826.mp4
OBS-000769,百联金山,坚果音乐,坚果音乐,音乐,,,1F,unrated,False,explicitly_unrated,unrated,parsed,unrated_anchor,0.9997,0.9997,57,6852,115.841,音乐 | ★★★★★ | 暂无星级 | 1F,坚果音乐 | 音乐 | ★★★★★ | 暂无星级 | 1F | 坚果音乐 | MMGO | M2SIC | 装修风格独特，老师专业耐心 | “ | ￥30￥50 | 惠 | 吉他维修保养,ocr/input_videos\上海__百联金山__20260826.mp4
OBS-000770,百联金山,拍立方大头贴自助店,拍立方大头贴自助店,,,,2F,unrated,False,explicitly_unrated,unrated,missing,unrated_anchor,0.9996,0.9996,54,6852,115.841,2F | 🌟🌟🌟🌟 | 自拍/换装体验 | 暂无星级,拍立方大头贴自助店 | 0751w | 经典系列 | 轻松小熊 | 大头贴 | 2F | 🌟🌟🌟🌟 | 自拍/换装体验 | 2 | 暂无星级 | 点出了编 | ￥33.5 | ￥35.9 | 任选35.9相框|先... | 9.6折 | 惠,ocr/input_videos\上海__百联金山__20260826.mp4
OBS-000771,百联金山,乐摩吧,乐摩吧,休闲按..,,17,2F,unrated,False,explicitly_unrated,unrated,parsed,unrated_anchor,0.9266,1.0,59,6852,115.841,休闲按.．￥17/人2F | ★★★★★ | 暂无星级,乐摩吧 | 休闲按.．￥17/人2F | ★★★★★ | 暂无星级 | 乐甲安材 | 1会8日,ocr/input_videos\上海__百联金山__20260826.mp4
OBS-000772,百联金山,乐摩吧,乐摩吧,智能按.,,20,3F,unrated,False,explicitly_unrated,unrated,parsed,unrated_anchor,0.9382,0.9999,58,6852,115.841,￥20/人3F | ★★★★★ | 智能按. | 暂无星级,乐摩吧 | （乐摩吧器） | 承 | 信具费公 | ￥20/人3F | ★★★★★ | 智能按. | 暂无星级 | 乐摩吧 | LEMOBAR,ocr/input_videos\上海__百联金山__20260826.mp4
OBS-000773,百联金山,上海国旅锦江旅游,上海国旅锦江旅游,旅行社,,,1F,unrated,False,explicitly_unrated,unrated,parsed,unrated_anchor,0.9993,0.9995,53,6876,116.247,旅行社 | 1F | ★★★★★ | 暂无星级,上海国旅锦江旅游 | 上海国胶 | Q | 铭江院游 | 旅行社 | 1F | ★★★★★ | 暂无星级,ocr/input_videos\上海__百联金山__20260826.mp4
OBS-000774,百联金山,坚果音乐,坚果音乐,音乐,,,1F,unrated,False,explicitly_unrated,unrated,parsed,unrated_anchor,0.9997,0.9996,57,6876,116.247,音乐 | 1F | 🌟🌟🌟⭐ | 暂无星级,坚果音乐 | 音乐 | 1F | 🌟🌟🌟⭐ | 暂无星级 | 坚果音乐 | MMiO | MNSIC | 装修风格独特，老师专业耐心” | ￥30￥50吉他维修保养 | 惠,ocr/input_videos\上海__百联金山__20260826.mp4
OBS-000775,百联金山,拍立方大头贴自助店,拍立方大头贴自助店,,,,2F,unrated,False,explicitly_unrated,unrated,missing,unrated_anchor,0.957,0.957,56,6876,116.247,暂无星级 | 2F | 🌟🌟🌟🌟🌟 | 自拍/换装体验,拍立方大头贴自助店 | 107510kv | 轻松小燕 | 经典系列 | 大头贴 | 暂无星级 | 2F | 🌟🌟🌟🌟🌟 | 自拍/换装体验 | 点进了编 | m | 任选35.9相框|先.. | ￥35.9 | ￥33.5 | 9.6折 | 惠,ocr/input_videos\上海__百联金山__20260826.mp4
OBS-000776,百联金山,乐摩吧,乐摩吧,休闲按.,,17,2F,unrated,False,explicitly_unrated,unrated,parsed,unrated_anchor,0.9518,1.0,59,6876,116.247,★★★★★ | 暂无星级 | ￥17/人2F | 休闲按.,乐摩吧 | ★★★★★ | 暂无星级 | ￥17/人2F | 休闲按. | 高印） | 168日 | 2,ocr/input_videos\上海__百联金山__20260826.mp4
OBS-000777,百联金山,乐摩吧,乐摩吧,智能按.,,20,3F,unrated,False,explicitly_unrated,unrated,parsed,unrated_anchor,0.9488,1.0,64,6876,116.247,智能按．￥20/人3F | ★★★★★ | 暂无星级,乐摩吧 | （乐摩吃） | 德具 | 智能按．￥20/人3F | ★★★★★ | 暂无星级 | 乐摩吧 | LEMOBAR | 已经到底啦~,ocr/input_videos\上海__百联金山__20260826.mp4
