card_id,mall_name,merchant_name_raw,merchant_name_normalized,category_raw,rating,avg_price_yuan,floor_location,card_type,research_eligible,exclusion_reason,rating_status,category_status,detection_method,ocr_confidence,title_score,title_height,observations,name_variants,first_seen_sec,last_seen_sec,evidence_image,source_video,all_text,metadata_text,review_status,review_reason
CARD-0001,大宁久光中心,季季山·云南野生菌火锅,季季山·云南野生菌火锅,菌菇火锅,4.8,123,B2,rated,True,,rated,parsed,rating_anchor,0.976,0.982,53,12,季季山·云南野生菌火锅,0.39,31.77,evidence/card_0001.jpg,ocr/input_videos\上海__大宁久光中心__20260824.mp4,季季山·云南野生菌火锅 | 身山 | B2 | 4.8菌菇火锅￥123/人 | 点评镑单 | 静安区美食回头客榜第1名 | 才下山就上桌 | 野生菌汤底，鲜香浓郁，口感丰富 | TERE BARYE | FOEAEOTAST | ￥1.99| | 2.5折 | 什锦·鱼籽鲜虾丸 | 惠 | ￥8 | ￥858.5折 | ￥100100元代金券 | 惠,B2 | 4.8菌菇火锅￥123/人,结构完整,
CARD-0002,大宁久光中心,瑞俪泰·泰国料理,瑞俪泰·泰国料理,泰国菜,4.8,178,L5,rated,True,,rated,parsed,rating_anchor,0.9768,0.9815,52,10,瑞俪泰·泰国料理,0.39,44.91,evidence/card_0002.jpg,ocr/input_videos\上海__大宁久光中心__20260824.mp4,瑞俪泰·泰国料理 | 4.8泰国菜￥178/人 | L5 | 静安区东南亚菜好评榜第1名 | “冬阴功汤料，口味独特超赞 | 9 | ￥195.8折 | ￥33THAI热情·咸奶酪泰式.. | 惠 | ￥989.8折 | 惠 | ￥100100元代金券,4.8泰国菜￥178/人 | L5,结构完整,
CARD-0003,大宁久光中心,新旺茶餐厅,新旺茶餐厅,茶餐厅,3.9,90,B2,rated,True,,rated,parsed,rating_anchor,0.9808,0.999,58,4,新旺茶餐厅,0.39,4.51,evidence/card_0003.jpg,ocr/input_videos\上海__大宁久光中心__20260824.mp4,新旺茶餐厅 | 上海港式 | 🌟🌟⭐🌟⭐ | B2 | 茶餐厅￥90/人 | 3.9 | 地标 | 点评榜单 | 静安区茶餐厅销量榜第2名 | 新旺茶餐厅一 | 医心质经奥管承29年 | ￥19.9 | 6.3折 | ￥32漏奶西多士1份 | 惠 | ￥999.9折 | 惠 | ￥100100元代金券 | d,🌟🌟⭐🌟⭐ | B2 | 茶餐厅￥90/人 | 3.9,结构完整,
CARD-0004,大宁久光中心,天比高·粵菜,天比高·粤菜,粤菜,4.8,228,L6,rated,True,,rated,parsed,rating_anchor,0.9625,0.9691,52,6,天比高·粵菜,0.39,6.86,evidence/card_0004.jpg,ocr/input_videos\上海__大宁久光中心__20260824.mp4,天比高·粵菜 | 🌟🌟🎉🎉🌟4.8 | L6 | 粤菜￥228/人 | 天比高 | 点评榜单 | 大宁地区粵菜口味榜第1名 | 食物有灵迁原本味 | 酥脆鲜嫩的太和烧鸡，外皮酥脆 | “ | 惠 | ￥182.7折 | ￥68宝贝臻选一健康营养·.. | ￥99 | ￥100 | 9.9折 | 惠 | 【结账必用】100元...,🌟🌟🎉🎉🌟4.8 | L6 | 粤菜￥228/人,结构完整,
CARD-0005,大宁久光中心,悦季捞·斑鱼海鲜粥火锅,悦季捞·斑鱼海鲜粥火锅,海鲜火锅,4.8,124,B1,rated,True,,rated,parsed,rating_anchor,0.9715,0.9745,51,6,悅季捞·斑鱼海鲜粥火锅 | 悦季捞·斑鱼海鲜粥火锅,2.94,37.46,evidence/card_0005.jpg,ocr/input_videos\上海__大宁久光中心__20260824.mp4,悦季捞·斑鱼海鲜粥火锅 | 悦雪捞 | B1 | 4.8海鲜火锅￥124/人 | 点评榜单 | 上海海鲜火锅销量榜第1名 | 出入母福店山酒 | ￥0.10.1折 | 惠 | ￥25.8 | 宝宝·稚温暖月·静好... | ￥858.5折 | ￥100 | 惠 | 【超值优惠】100元...,B1 | 4.8海鲜火锅￥124/人,结构完整,
CARD-0006,大宁久光中心,潮界,潮界,潮汕菜,4.7,95,B1,rated,True,,rated,parsed,rating_anchor,0.9803,0.9999,61,5,潮界,5.29,7.65,evidence/card_0006.jpg,ocr/input_videos\上海__大宁久光中心__20260824.mp4,潮界 | 網 | B1 | 🌟🌟🌟🌟🌟 | 潮汕菜￥95/人 | 4.7 | 点评榜单 | 大宁地区粤菜口味榜第3名 | 潮阳新味馨 | “这家店的牛肉口感还不错 | ￥356.4折 | ￥55甜蜜组合套餐（全时段） | 惠 | 惠 | ￥999.9折 | ￥100100元代金券,B1 | 🌟🌟🌟🌟🌟 | 潮汕菜￥95/人 | 4.7,结构完整,
CARD-0007,大宁久光中心,点都德,点都德,粤式茶点,4.4,103,商场内,rated,True,,rated,parsed,rating_anchor,0.9888,0.9992,62,7,点都德,5.29,8.82,evidence/card_0007.jpg,ocr/input_videos\上海__大宁久光中心__20260824.mp4,点都德 | 點都德 | 🌟🌟💥🌟 | 商场内 | 4.4粤式茶点￥103/人 | 点评榜单 | 大宁地区美食销量榜第1名 | 传统方式·现场制作 | 港式点心多年传承，品质始终如“ | “ | ￥959.5折 | ￥100 | 惠 | 【全天可用】100元..,🌟🌟💥🌟 | 商场内 | 4.4粤式茶点￥103/人,结构完整,
CARD-0008,大宁久光中心,添好运,添好运,粤式茶点,3.9,85,L3,rated,True,,rated,parsed,rating_anchor,0.9778,0.9996,61,4,添好运,5.69,8.82,evidence/card_0008.jpg,ocr/input_videos\上海__大宁久光中心__20260824.mp4,添好运 | 🌟🌟🌟🌟🌟 | L3 | 粤式茶点￥85/人 | 3.9 | 点评榜单 | 大宁地区粤菜打卡人气榜第5名 | 月香·经典再观 | 炒味正宗，多样选择满味” | TE1 | ￥325折 | 惠 | ￥64 | 【单人】午后轻食套餐.. | ￥989.8折 | 惠 | ￥100100元代金券,🌟🌟🌟🌟🌟 | L3 | 粤式茶点￥85/人 | 3.9,结构完整,
CARD-0009,大宁久光中心,大比局·粤采,大比局·粤采,粤菜,4.8,228,L6,rated,True,,rated,parsed,rating_anchor,0.8971,0.8439,43,1,大比局·粤采,6.08,6.08,evidence/card_0009.jpg,ocr/input_videos\上海__大宁久光中心__20260824.mp4,大比局·粤采 | 天比高 | L6 | 🌟🌟⭐⭐4.8 | 粤菜￥228/人 | 点评榜单 | 大宁地区粤菜口味榜第1名 | 食物有灵坯原本味 | 酥脆鲜嫩的太和烧鸡，外皮酥脆 | C | ￥182.7折 | ￥68宝贝臻选|健康营养·.. | 惠 | ￥999.9折 | ￥100 | 惠 | 【结账必用】100元...,L6 | 🌟🌟⭐⭐4.8 | 粤菜￥228/人,建议复核,single_observation
CARD-0010,大宁久光中心,洪潮传统潮汕菜,洪潮传统潮汕菜,潮汕菜,4.4,113,L3,rated,True,,rated,parsed,rating_anchor,0.9798,0.9965,48,3,洪潮传统潮汕菜,8.04,9.81,evidence/card_0010.jpg,ocr/input_videos\上海__大宁久光中心__20260824.mp4,开海啦 | 吃海鲜 | 洪潮传统潮汕菜 | 洪潮 | A | 🌟🌟🌟⭐⭐ | L3 | 4.4潮汕菜￥113/人 | 点评榜单 | 大宁地区粤菜热门榜第1名 | ￥19.95.3折 | ￥38黑芝麻手工冰激凌 | 惠 | ￥959.5折 | 惠 | ￥100100元代金券,🌟🌟🌟⭐⭐ | L3 | 4.4潮汕菜￥113/人,结构完整,
CARD-0011,大宁久光中心,南里山房·新淮扬菜,南里山房·新淮扬菜,淮扬菜,4.7,125,B2,rated,True,,rated,parsed,rating_anchor,0.9684,0.9879,57,5,南里山房·新淮扬菜,8.04,10.59,evidence/card_0011.jpg,ocr/input_videos\上海__大宁久光中心__20260824.mp4,南里山房·新淮扬菜 | 南里山房 | 4.7淮扬菜￥125/人 | B2 | 奔赴奇妙 | 点评榜单 | 大宁地区江浙菜热门榜第2名 | 迪士尼小镇店盛大自 | “环境优雅，私密空间让你尽享美食” | 1人杨梅法 | 折 | 事 | 2 | 0,4.7淮扬菜￥125/人 | B2,结构完整,
CARD-0012,大宁久光中心,玛嘉烈·蛋挞·茶餐厅,玛嘉烈·蛋挞·茶餐厅,茶餐厅,4.4,65,B2,rated,True,,rated,parsed,rating_anchor,0.9793,0.9866,54,3,玛嘉烈·蛋挞·茶餐厅,9.81,10.59,evidence/card_0012.jpg,ocr/input_videos\上海__大宁久光中心__20260824.mp4,玛嘉烈·蛋挞·茶餐厅 | 玛嘉烈 | 万客悲 | 🌟🌟⭐⭐ | B2 | 4.4茶餐厅￥65/人 | 皇冠德|简国茶|原头级面 | 点评榜单 | 静安区茶餐厅服务榜第2名 | MARCARDT ICF HOIS | ￥8.85.5折 | ￥16 | 【Q弹】咖喱葡式鱼蛋.. | 惠 | ￥499.8折 | 惠 | ￥5050元代金券,🌟🌟⭐⭐ | B2 | 4.4茶餐厅￥65/人,结构完整,
CARD-0014,大宁久光中心,沼津港板前,沼津港板前,日本料理,3.9,101,B2,rated,True,,rated,parsed,rating_anchor,0.9843,0.9998,52,4,沼津港板前,10.39,12.94,evidence/card_0014.jpg,ocr/input_videos\上海__大宁久光中心__20260824.mp4,夏日新品尝鲜 | 沼津港板前 | 满满一碗 | 甜虾饭 | B2 | 🌟🌟🌟🌟🌟 | 3.9 | 日本料理￥101/人 | MLOANAT | 点评榜单 | 大宁地区日式料理销量榜第2名 | 烤秋葵与拉面美味不可错过 | 惠 | ￥9.9 | 4折 | ￥25 | 【热销】苏打饮品单餐 | 惠 | ￥49 | 9.8折 | ￥50 | 【限首张】50元代金券,B2 | 🌟🌟🌟🌟🌟 | 3.9 | 日本料理￥101/人,结构完整,
CARD-0015,大宁久光中心,迷迭巷·致味新疆,迷迭巷·致味新疆,新疆菜,4.5,93,L5,rated,True,,rated,parsed,rating_anchor,0.9734,0.9758,51,7,迷迭巷·致味新疆,12.16,42.36,evidence/card_0015.jpg,ocr/input_videos\上海__大宁久光中心__20260824.mp4,迷迭巷·致味新疆 | 疆味 | L5 | ⭐🌟⭐🌟🌟 | CLH | 4.5新疆菜￥93/人 | C12LE | 导鲜季 | 点评榜单 | 静安区新疆菜打卡人气榜第1名 | 招牌烤羊肉串和大盘鸡是必点之选 | 力 | 迎店 | ￥10.5 | 4.1折 | 惠 | ￥26特色Ⅱ牛奶饭冰淇淋 | ￥94.5 | 惠 | ￥100100元代金券 | 9.5折,L5 | ⭐🌟⭐🌟🌟 | 4.5新疆菜￥93/人,结构完整,
CARD-0016,大宁久光中心,呆板日式料理,呆板日式料理,日本料理,4.7,125,B2,rated,True,,rated,parsed,rating_anchor,0.9668,0.9644,51,4,呆板日式料理,12.16,14.9,evidence/card_0016.jpg,ocr/input_videos\上海__大宁久光中心__20260824.mp4,呆板日式料理 | 🌟🌟🌟🌟🌟 | B2 | 日本料理￥125/人 | 4.7 | 呆 | 点评榜单 | 大宁地区美食热门榜第1名 | 17:00营业 | ￥10.9 | 6.9折 | ￥16限量超值单品握寿司 | 惠 | ￥989.8折 | 惠 | ￥100 | 【呆板98元】100元...,🌟🌟🌟🌟🌟 | B2 | 日本料理￥125/人 | 4.7,结构完整,
CARD-0017,大宁久光中心,平成屋·Late Night 食堂,平成屋·LateNight食堂,日本料理,3.9,95,B2,rated,True,,rated,parsed,rating_anchor,0.9554,0.957,55,2,平成屋·Late Night 食堂 | 平成屋·LateNight食堂,14.32,14.9,evidence/card_0017.jpg,ocr/input_videos\上海__大宁久光中心__20260824.mp4,平成屋·Late Night 食堂 | 海千西 | B2 | 日本料理￥95/人 | ★★★★★ | 3.9 | 点评榜单 | 静安区日本料理打卡人气榜第2名 | 店的味道人的味道科理的味道 | 惠￥188.98.2折 | ￥233 | 【久光&城市集市...,B2 | 日本料理￥95/人 | ★★★★★ | 3.9,结构完整,
CARD-0018,大宁久光中心,厚贞日式烤肉,厚贞日式烤肉,日式烧烤/烤肉,4.9,158,L5,rated,True,,rated,parsed,rating_anchor,0.9864,0.996,54,2,厚贞日式烤肉,14.32,14.9,evidence/card_0018.jpg,ocr/input_videos\上海__大宁久光中心__20260824.mp4,厚贞日式烤肉 | 原创黑松露 | 橫腦膜 | ⭐⭐🌟4.9 | 日式烧烤/烤肉￥158/人L5 | 点评榜单 | 静安区烤肉好评榜第1名 | “排队也要吃的美味，服务周到” | ￥3698.9折 | ￥419厚贞爆款2人情侣套餐 | 惠,⭐⭐🌟4.9 | 日式烧烤/烤肉￥158/人L5,结构完整,
CARD-0019,大宁久光中心,椰庭·椰子鸡·黎家村落,椰庭·椰子鸡·黎家村落,椰子鸡火锅,4.4,116,L4,rated,True,,rated,parsed,rating_anchor,0.9758,0.9804,53,8,椰庭·椰子鸡·黎家村落,14.32,33.53,evidence/card_0019.jpg,ocr/input_videos\上海__大宁久光中心__20260824.mp4,制旺 | 椰庭·椰子鸡·黎家村落 | 菠萝蜜椰子鸡 | 限时尝鲜 | 🌟🌟🌟🌟 | 4.4椰子鸡火锅￥116/人 | L4 | 点评榜单 | 大宁地区火锅销量榜第4名 | 止 | 非常新鲜的食材，非常不错的服务 | 3 | ￥10.86折 | 惠 | ￥18经典饮品·金桔柠檬茶 | ￥989.8折 | ￥100100元代金券 | 惠,🌟🌟🌟🌟 | 4.4椰子鸡火锅￥116/人 | L4,结构完整,
CARD-0020,大宁久光中心,厚贝口式烤内,厚贝口式烤内,式烧烤/烤肉,4.9,,L5,rated,True,,rated,parsed,rating_anchor,0.8396,0.7283,31,1,厚贝口式烤内,16.67,16.67,evidence/card_0020.jpg,ocr/input_videos\上海__大宁久光中心__20260824.mp4,厚贝口式烤内 | 原创黑松露 | 横膈膜 | ★★★★★ | 4.9 | 式烧烤/烤肉￥158/L5 | 点评榜单 | 静安区烤肉好评榜第1名 | “排队也要吃的美味，服务周到” | ￥3698.9折 | 惠 | ￥419厚贞爆款2人情侣套餐,★★★★★ | 4.9 | 式烧烤/烤肉￥158/L5,建议复核,single_observation | low_title_confidence
CARD-0021,大宁久光中心,竹若荣越,竹若荣越,日式自助,4.4,248,L6,rated,True,,rated,parsed,rating_anchor,0.9827,0.994,56,4,竹若荣越,16.67,18.43,evidence/card_0021.jpg,ocr/input_videos\上海__大宁久光中心__20260824.mp4,竹若荣越 | L6 | 4.4日式自助￥248/人 | 🌟🌟⭐⭐ | 点评榜单 | 静安区自助餐好评榜第2名 | 独 | 17:30营业 | 味道赞，性价比高，服务态度好” | K | ￥3689.5折 | ￥388全天自助臻选【夏 | 惠,L6 | 4.4日式自助￥248/人 | 🌟🌟⭐⭐,结构完整,
CARD-0022,大宁久光中心,YO·NiKU炽贝·和牛炭火烤肉,YO·NiKU炽贝·和牛炭火烤肉,日式烧.,4.4,188,商场内,rated,True,,rated,parsed,rating_anchor,0.9728,0.9867,50,4,YO·NiKU炽贝·和牛炭火烤肉,16.67,18.43,evidence/card_0022.jpg,ocr/input_videos\上海__大宁久光中心__20260824.mp4,YO·NiKU炽贝·和牛炭火烤肉 | 4.4日式烧.￥188/人商场内 | “服务真不错，包肉绝配” | 日式颁肉·酒場 | ￥3985.6折 | ￥713.9 | 【畅销爆款】豪华.. | 惠,4.4日式烧.￥188/人商场内,结构完整,
CARD-0023,大宁久光中心,蛮一和食,蛮一和食,日本料理,4.6,123,L1,rated,True,,rated,parsed,rating_anchor,0.982,0.999,63,5,蛮一和食,16.67,19.41,evidence/card_0023.jpg,ocr/input_videos\上海__大宁久光中心__20260824.mp4,蛮一和食 | UAN YI | 蛮一 | 和食 | 🌟🌟🌟🌟🌟 | L1 | 日本料理￥123/人 | 4.6 | 点评榜单 | 大宁地区日本料理热门榜第3名 | 17:30营业 | 新鲜美味，鱼肉入口即化” | 3 | ￥865折 | ￥174海鲜丼饭定食 | 惠 | ￥909折 | 惠 | ￥100100元代金券,🌟🌟🌟🌟🌟 | L1 | 日本料理￥123/人 | 4.6,结构完整,
CARD-0024,大宁久光中心,LAVAZZA拉瓦萨咖啡,LAVAZZA拉瓦萨咖啡,咖啡,3.8,31,L1,rated,True,,rated,parsed,rating_anchor,0.972,0.9974,48,14,LAVAZZA拉瓦萨咖啡,19.41,79.23,evidence/card_0024.jpg,ocr/input_videos\上海__大宁久光中心__20260824.mp4,LAVAZZA拉瓦萨咖啡 | CINCINDAV | LAVAIZA | L1 | 3.8咖啡￥31/人 | 拉瓦产咖啡 | 周一会员日买一送一 | 点评榜单 | 大宁地区咖啡销量榜第3名 | 美式大杯 | 热美式清新好喝，团购价超值推荐 | ：力 | C | ￥22.9 | 7.2折 | ￥32 | 惠 | 【经典黑咖】风味美.,L1 | 3.8咖啡￥31/人,结构完整,
CARD-0025,大宁久光中心,立方铁@铁板烧,立方铁@铁板烧,日式铁板烧,3.9,90,B2,rated,True,,rated,parsed,rating_anchor,0.9992,0.9991,45,5,立方铁@铁板烧,19.41,22.75,evidence/card_0025.jpg,ocr/input_videos\上海__大宁久光中心__20260824.mp4,立方铁@铁板烧 | 立方铁 | 0预制 | B2 | 🌟🌟🌟🌟🌟 | ￥90/人 | 3.9 | 日式铁板烧 | 板前炙 | 点评榜单 | 静安区日式铁板烧打卡人气榜第1名 | 服务周到性价比高 | C | MATE | A.LFEDOF COOOCD | ￥79.7 | ￥52 | 6.6折 | 惠 | 【精选高能单人餐】 | ￥96 | 惠 | 9.6折 | ￥100100元代金券,B2 | 🌟🌟🌟🌟🌟 | ￥90/人 | 3.9 | 日式铁板烧,结构完整,
CARD-0027,大宁久光中心,醉东Oriental House,醉东OrientalHouse,苏浙菜,4.9,265,L5,rated,True,,rated,parsed,rating_anchor,0.9971,0.9961,51,5,醉东Oriental House,19.81,23.53,evidence/card_0027.jpg,ocr/input_videos\上海__大宁久光中心__20260824.mp4,醉东Oriental House | 苏浙菜 | L5 | 画 | 🌟🌟🎉🎉⭐4.9 | ￥265/人 | ORIENTAIFOUSI | 实东安型店菜 | 2026黑珍珠一钻餐厅 | 点评榜单 | 上海江浙菜回头客榜第1名 | 17:00营业 | 龙虾、红烧肉必点，服务好菜品优” | “ | 惠 | 2.1折 | ￥9.9 | ￥49 | 脆炸顺德水牛奶卷 | ￥99 | 9.9折 | 惠 | ￥100100元代金券,苏浙菜 | L5 | 🌟🌟🎉🎉⭐4.9 | ￥265/人,结构完整,
CARD-0028,大宁久光中心,Baker&Spice,Baker&Spice,西餐,4.4,74,B1,rated,True,,rated,parsed,rating_anchor,0.9676,0.9949,59,5,Baker&Spice,21.77,24.51,evidence/card_0028.jpg,ocr/input_videos\上海__大宁久光中心__20260824.mp4,Baker&Spice | DM | 夏日缤纷谷物色拉碗 | 时开一口 | 🌟🌟🌟★ | B1 | 西餐￥74/人 | 4.4 | ★ | 点评榜单 | 大宁地区西餐热门榜第7名 | ￥385.6折 | ￥69 | 【烘焙盒子】当日现烤.. | 惠,🌟🌟🌟★ | B1 | 西餐￥74/人 | 4.4 | ★,结构完整,
CARD-0029,大宁久光中心,Chilli's奇利斯美式小餐馆,Chilli's奇利斯美式小餐馆,西餐,4.7,133,B2,rated,True,,rated,parsed,rating_anchor,0.9563,0.9652,55,4,Chili's 奇利斯美式小餐馆 | Chili's奇利斯美式小餐馆 | Chilli's奇利斯美式小餐馆,23.53,25.89,evidence/card_0029.jpg,ocr/input_videos\上海__大宁久光中心__20260824.mp4,Chilli's奇利斯美式小餐馆 | chilis | 4.7西餐￥133/人 | B2 | 点评榜单 | 大宁地区西餐口味榜第1名 | 坏小子汉堡手打汉堡 | THE BADBOY系列上新 | 特色酱料，牛肉饼煎得恰到好处 | “ | 55 | ￥684.9折 | 惠 | ￥144工作日单人午市套餐,4.7西餐￥133/人 | B2,结构完整,
CARD-0030,大宁久光中心,3号仓库·创意中国菜,3号仓库·创意中国菜,创意菜,4.7,149,L4,rated,True,,rated,parsed,rating_anchor,0.969,0.9907,51,5,3号仓库·创意中国菜,23.53,26.08,evidence/card_0030.jpg,ocr/input_videos\上海__大宁久光中心__20260824.mp4,3号仓库·创意中国菜 | 4.7创意菜￥149/人 | 🌟🌟🌟🌟🌟 | L4 | WAREHOUS= | 万·大宁·久光中店 | 点评榜单 | 静安区创意菜好评榜第1名 | 节假日全天营业 | 精致菜品与优质服务的完美结合 | 55 | “ | 惠 | ￥9.9 | 4.5折 | ￥22牛奶芒果布丁一约会...,4.7创意菜￥149/人 | 🌟🌟🌟🌟🌟 | L4,结构完整,
CARD-0031,大宁久光中心,BROWNSTONE布朗石西班牙餐厅,BROWNSTONE布朗石西班牙餐厅,西班牙菜,4.7,192,B2,rated,True,,rated,parsed,rating_anchor,0.9815,0.9922,54,6,BROWNSTONE布朗石西班牙餐厅,23.53,26.87,evidence/card_0031.jpg,ocr/input_videos\上海__大宁久光中心__20260824.mp4,BROWNSTONE布朗石西班牙餐厅 | B2 | 🌟🌟🌟🌟 | 4.7 | 西班牙菜￥192/人 | 点评榜单 | 静安区西班牙菜销量榜第1名 | ITC新店后幕 | 四人同行送海鲜饭 | 《 | 3 | STXT | ￥31 | ￥32 | 9.7折 | 惠 | 【品质单品】阿拉比卡... | ￥969.6折 | ￥100 | 【结账必用】100元.. | 惠,B2 | 🌟🌟🌟🌟 | 4.7 | 西班牙菜￥192/人,结构完整,
CARD-0032,大宁久光中心,桂满陇·蟹黄小笼汤包,桂满陇·蟹黄小笼汤包,浙菜,4.4,,B1,rated,True,,rated,parsed,rating_anchor,0.9772,0.9853,51,5,桂满陇·蟹黃小笼汤包 | 桂满陇·蟹黄小笼汤包,24.32,26.87,evidence/card_0032.jpg,ocr/input_videos\上海__大宁久光中心__20260824.mp4,桂满陇·蟹黄小笼汤包 | 夏蟹 | 4.4浙菜65/人 | B1 | 知鲜 | 点评榜单 | 大宁地区江浙菜打卡人气榜第3名 | 桂滿隴 | 西湖风装修，精致菜品，热情服务 | 2 | ￥1287.6折 | ￥169.8 | 惠 | 【工作日午市超值... | ￥969.6折 | 惠 | ￥100100元代金券,4.4浙菜65/人 | B1,结构完整,
CARD-0033,大宁久光中心,gaga,gaga,西餐,4.3,105,L1,rated,True,,rated,parsed,rating_anchor,0.987,0.9962,64,2,gaga,26.08,26.87,evidence/card_0033.jpg,ocr/input_videos\上海__大宁久光中心__20260824.mp4,gaga | 4.3西餐￥105/人 | L1 | 🌟🌟🌟🌟 | ￥ | 点评榜单 | 大宁地区西餐热门榜第4名 | ￥10.2 | 3.1折 | ￥33 | 惠 | 鲜蔬饮品|仅限堂食.. | ￥100 | ￥95 | 59.5折 | 惠 | 【全时段可用】100...,4.3西餐￥105/人 | L1 | 🌟🌟🌟🌟 | ￥,结构完整,
CARD-0034,大宁久光中心,米桃·江南苏锡菜,米桃·江南苏锡菜,苏帮菜,4.6,132,L5,rated,True,,rated,parsed,rating_anchor,0.9719,0.9899,51,4,米桃·江南苏锡菜,26.87,29.81,evidence/card_0034.jpg,ocr/input_videos\上海__大宁久光中心__20260824.mp4,米桃·江南苏锡菜 | 米桃 | L5 | 4.6苏帮菜￥132/人 | MIDAO | 点评榜单 | 上海苏帮菜打卡人气榜第1名 | ￥298雅致苏锡2人桂鱼套餐 | ￥2889.7折 | 惠 | ￥97 | 9.7折 | 惠 | ￥100100元代金券,L5 | 4.6苏帮菜￥132/人,结构完整,
CARD-0035,大宁久光中心,一绪に寿喜烧放题,一绪に寿喜烧放题,自助餐,4.5,180,B1,rated,True,,rated,parsed,rating_anchor,0.9823,0.9876,53,6,一绪に寿喜烧放题,28.83,31.77,evidence/card_0035.jpg,ocr/input_videos\上海__大宁久光中心__20260824.mp4,一绪に寿喜烧放题 | 🌟🌟⭐⭐🌟 | B1 | 4.5自助餐￥180/人 | 点评榜单 | 梭子蟹 | 大宁地区美食热门榜第6名 | 开7:00营业 | 服务热情周到， | 牛肉嫩滑美味” | 2 | ￥1287.2折 | 惠 | ￥178畅吃雪花牛上脑\周...,🌟🌟⭐⭐🌟 | B1 | 4.5自助餐￥180/人,结构完整,
CARD-0036,大宁久光中心,老爸厨房,老爸厨房,本帮菜,4.4,104,B2,rated,True,,rated,parsed,rating_anchor,0.9621,0.9633,56,6,老爸厨房,28.83,31.77,evidence/card_0036.jpg,ocr/input_videos\上海__大宁久光中心__20260824.mp4,老爸厨房 | 老爸厨 | 房 | 🌟🌟🌟🌟 | B2 | 4.4本帮菜￥104/人 | ★ | 点评榜单 | 大宁地区本帮菜销量榜第2名 | ￥98 | 惠 | 6.7折 | ￥65.27 | 【单品】北京烤鸭.. | ￥959.5折 | 惠 | ￥100100元代金券,🌟🌟🌟🌟 | B2 | 4.4本帮菜￥104/人 | ★,结构完整,
CARD-0037,大宁久光中心,椒锅锅·麻辣香锅,椒锅锅·麻辣香锅,干锅/香锅,3.9,42,B2,rated,True,,rated,parsed,rating_anchor,0.9774,0.9933,48,5,椒锅锅·麻辣香锅,30.79,33.53,evidence/card_0037.jpg,ocr/input_videos\上海__大宁久光中心__20260824.mp4,椒锅锅·麻辣香锅 | 五城齐开 | 承谐强 | B2 | ★★★★★ | 3.9干锅/香锅￥42/人 | 价格焕新！ | 点评榜单 | 大宁地区川菜销量榜第6名 | 食材真好锅锅现炒 | 干净卫生，麻辣香锅解决午餐烦恼 | S | ￥7.87.9折 | ￥9.9 | 惠 | 南美白虾【两只】 | ￥499.8折 | 惠 | ￥5050元代金券,B2 | ★★★★★ | 3.9干锅/香锅￥42/人,结构完整,
CARD-0038,大宁久光中心,湊湊火锅·茶憩,凑凑火锅·茶憩,火锅,3.9,144,商场内,rated,True,,rated,parsed,rating_anchor,0.9283,0.9173,48,2,湊湊火锅·茶憩,32.95,33.53,evidence/card_0038.jpg,ocr/input_videos\上海__大宁久光中心__20260824.mp4,湊湊火锅·茶憩 | 渍渍 | 午市轻享 | 3.9火锅￥144/人 | 商场内 | 盛宴 | 点评榜单 | 大宁地区火锅销量榜第10名 | Yunca48 | 优质服务，让你回味无穷 | ￥158￥158 | 【全时段】158安格斯牛肉... | 惠,3.9火锅￥144/人 | 商场内,结构完整,
CARD-0039,大宁久光中心,廖川菜,廖川菜,川菜馆,4.4,80,L6,rated,True,,rated,parsed,rating_anchor,0.9839,0.9999,61,6,廖川菜,32.95,36.28,evidence/card_0039.jpg,ocr/input_videos\上海__大宁久光中心__20260824.mp4,廖川菜 | 廖菜 | ⭐🌟🎉⭐ | L6 | 4.4川菜馆￥80/人 | QINMINJIA | 点评榜单 | 大宁地区川菜热门榜第4名 | ZHENCHUANCAI | 17:00营业 | 辣子鸡酥脆，川菜爱好者必打卡” | C | ￥9.96.2折 | ￥16 | 惠 | 【川味经典】麻婆豆腐 | ￥48.89.8折 | 惠 | ￥5050元代金券,⭐🌟🎉⭐ | L6 | 4.4川菜馆￥80/人,结构完整,
CARD-0040,大宁久光中心,太二酸菜鱼,太二酸菜鱼,川菜馆,4.7,92,商场内,rated,True,,rated,parsed,rating_anchor,0.9816,0.9968,52,5,太二酸菜鱼,34.91,36.67,evidence/card_0040.jpg,ocr/input_videos\上海__大宁久光中心__20260824.mp4,太二酸菜鱼 | 太二 | 商场内 | 🌟🌟🌟🌟🌟 | 4.7川菜馆￥92/人 | 点评榜单 | 大宁地区川菜回头客榜第1名 | 鲜活升级 | ￥2.93.7折 | 惠 | ￥8翻砂红糖冰粉 | ￥969.6折 | 惠 | ￥100100元代金券,商场内 | 🌟🌟🌟🌟🌟 | 4.7川菜馆￥92/人,结构完整,
CARD-0041,大宁久光中心,眉州东坡,眉州东坡,川菜馆,4.8,88,商场内,rated,True,,rated,parsed,rating_anchor,0.9828,0.9997,52,5,眉州东坡,34.91,36.67,evidence/card_0041.jpg,ocr/input_videos\上海__大宁久光中心__20260824.mp4,眉州东坡 | 心吃榜 | 东坡 | 商场内 | 🌟🌟⭐🌟🌟 | 4.8川菜馆￥88/人 | 一经典川菜一 | 心吃榜 | 2026年上榜餐厅 | 沁夏见面 | 猪肝芸豆丝锅气十足” | 有机双豆鸡丝凉面 | C | ￥55.6折 | 惠 | 老板娘冰粉 | ￥9 | ￥858.5折 | 惠 | ￥100100元代金券,商场内 | 🌟🌟⭐🌟🌟 | 4.8川菜馆￥88/人,结构完整,
CARD-0042,大宁久光中心,小绪牧场·牛肉小火锅,小绪牧场·牛肉小火锅,小火锅,3.8,50,B2,rated,True,,rated,parsed,rating_anchor,0.9734,0.9869,48,7,小绪牧场·牛肉小火锅 | 绪牧场·牛肉火锅,34.91,37.46,evidence/card_0042.jpg,ocr/input_videos\上海__大宁久光中心__20260824.mp4,小绪牧场·牛肉小火锅 | B2 | 🌟🌟🌟🌟🌟 | 3.8小火锅￥50/人 | 点评榜单 | 静安区小火锅回头客榜第2名 | 199 | 畅吃20果蔬 | “一人一锅，自选锅底，干净卫生 | “ | 5 | 水果/蓝/K | ￥23.9 | 8.4折 | ￥19.9 | 惠 | 果蔬畅吃单人套餐...,B2 | 🌟🌟🌟🌟🌟 | 3.8小火锅￥50/人,结构完整,
CARD-0043,大宁久光中心,皖荟·山野徽菜,皖荟·山野徽菜,徽菜,4.6,85,L4,rated,True,,rated,parsed,rating_anchor,0.9646,0.9725,51,4,皖荟·山野徽菜,37.26,40.4,evidence/card_0043.jpg,ocr/input_videos\上海__大宁久光中心__20260824.mp4,皖荟·山野徽菜 | 只焗当天鲜土鸡 | L4 | 🌟🌟🌟🌟🌟 | 4.6徽菜￥85/人 | 点评榜单 | 静安区徽菜好评榜第1名 | 性价，肉汤鲜美，烧饼脆” | 6.9折 | ￥50.8淮南牛肉汤单人餐.. | ￥34.9 | 惠 | ￥48.59.7折 | ￥5050元代金券 | 惠,L4 | 🌟🌟🌟🌟🌟 | 4.6徽菜￥85/人,结构完整,
CARD-0044,大宁久光中心,Day By Day创意韩料,DayByDay创意韩料,韩式料理,4.2,105,B2,rated,True,,rated,parsed,rating_anchor,0.9569,0.9548,60,4,Day By Day创意韩料 | DayBy Day创意韩料,37.26,40.4,evidence/card_0044.jpg,ocr/input_videos\上海__大宁久光中心__20260824.mp4,Day By Day创意韩料 | Day By Day | COMEFROMJeJU | B2 | 🌟🌟⭐🌟 | 4.2 | 韩式料理￥105/人 | 点评榜单 | 静安区韩式料理回头客榜第3名 | 喝完的杯子可以带走，幸福感满满 | て | 6.5折 | ￥16.9 | ￥26 | 惠 | 【必点】石头爷爷柠.. | ￥48.59.7折 | 惠 | ￥5050元代金券,B2 | 🌟🌟⭐🌟 | 4.2 | 韩式料理￥105/人,结构完整,
CARD-0045,大宁久光中心,西贡妈妈SaigonMama·越南料理,西贡妈妈SaigonMama·越南料理,越南菜,3.9,89,B1,rated,True,,rated,parsed,rating_anchor,0.9694,0.9884,51,3,西贡妈妈SaigonMama·越南料理,41.38,42.36,evidence/card_0045.jpg,ocr/input_videos\上海__大宁久光中心__20260824.mp4,西贡妈妈SaigonMama·越南料理 | 檬爽一夏 | B1 | ⭐🌟⭐3.9 | 越南菜￥89/人 | 越面 | 国 | 国 | 点评榜单 | 静安区越南菜回头客榜第2名 | 香茅烤柠檬粉口感清淡 | “ | SAIGOH | ￥797.5折 | ￥106 | 惠 | 【西贡妈妈】小吃加.. | ￥989.8折 | 惠 | ￥100100元代金券,B1 | ⭐🌟⭐3.9 | 越南菜￥89/人,结构完整,
CARD-0046,大宁久光中心,星洲小馆·新加坡料理,星洲小馆·新加坡料理,新加坡菜,4.6,88,B1,rated,True,,rated,parsed,rating_anchor,0.9777,0.9869,50,3,星洲小馆·新加坡料理,41.38,42.36,evidence/card_0046.jpg,ocr/input_videos\上海__大宁久光中心__20260824.mp4,星洲小馆·新加坡料理 | CM小 | JOCRLIIWANT | B1 | ★★★★🌟 | 4.6新加坡菜￥88/人 | 所动公 | 点评榜单 | 上海东南亚菜回头客榜第1名 | 新铺启幕 | “ | 牛蛙新口味，免费鸡汤 | 55 | NEW LOOK | ￥538.3折 | 惠 | ￥64海南鸡饭单人餐,B1 | ★★★★🌟 | 4.6新加坡菜￥88/人,结构完整,
CARD-0047,大宁久光中心,啊撒啊撒从,啊撒啊撒从,韩式料理,3.9,100,B2,rated,True,,rated,parsed,rating_anchor,0.9538,0.9489,48,2,啊撒啊撒从 | 啊撒啊撒从O从,43.73,44.12,evidence/card_0047.jpg,ocr/input_videos\上海__大宁久光中心__20260824.mp4,啊撒啊撒从 | 啊撒啊撒 | B2 | ★★⭐★🌟3.9 | 韩式料理￥100/人 | 从0ト从 | 专人帮烤服务，坐着等就好” | 杭州亚运会韩国国家队运动员 | 集体打卡签名韩餐 | ￥1785折 | ￥358 | 惠 | 【畅销爆款】2-3人韩... | ￥959.5折 | 惠 | ￥100100元代金券,B2 | ★★⭐★🌟3.9 | 韩式料理￥100/人,结构完整,
CARD-0048,大宁久光中心,小大董·烤鸭,小大董·烤鸭,烤鸭,4.1,107,L5,rated,True,,rated,parsed,rating_anchor,0.9764,0.9798,52,5,小大董·烤鸭,43.73,46.87,evidence/card_0048.jpg,ocr/input_videos\上海__大宁久光中心__20260824.mp4,小大董·烤鸭 | 资逅新 | 小 | 味赴新知 | x | 4.1烤鸭￥107/人 | L5 | 🌟🌟🌟 | 点评榜单 | 静安区北京菜打卡人气榜第1名 | 鸭架可打包，人事旺旺的热门店 | 39 | 大董北京烤鸭（挂炉）代言人 | ￥185折 | ￥36 | 【热销】金桔柠檬2杯(. | 惠 | ￥93 | ￥100100元代金券 | 9.3折 | 惠,4.1烤鸭￥107/人 | L5 | 🌟🌟🌟,结构完整,
CARD-0049,大宁久光中心,啊撒啊撒O从O从,啊撒啊撒O从O从,韩式料理,3.9,100,B2,rated,True,,rated,parsed,rating_anchor,0.8237,0.6948,51,1,啊撒啊撒O从O从,44.91,44.91,evidence/card_0049.jpg,ocr/input_videos\上海__大宁久光中心__20260824.mp4,啊撒啊撒O从O从 | 啊撒啊撒 | ⭐🌟🎉🌟⭐3.9 | B2 | 韩式料理￥100/人 | 0从0ト从 | “专人帮烤服务，坐着等就好” | 杭州亚运会韩国国家队运动员 | 集体打卡签名韩餐 | ￥1785折 | ￥358 | 惠 | 【畅销爆款】2-3人韩... | ￥959.5折 | 惠 | ￥100100元代金券,⭐🌟🎉🌟⭐3.9 | B2 | 韩式料理￥100/人,建议复核,single_observation | low_title_confidence
CARD-0051,大宁久光中心,胡子大厨·超级小炒肉,胡子大厨·超级小炒肉,湘菜,4.0,55,B2,rated,True,,rated,parsed,rating_anchor,0.9702,0.9788,50,4,胡子大厨·超级小炒肉,46.08,49.81,evidence/card_0051.jpg,ocr/input_videos\上海__大宁久光中心__20260824.mp4,胡子大厨·超级小炒肉 | 型 | B2 | 🌟🌟🎉🎉 | 4.0湘菜￥55/人 | 新鲜不阳夜 | 超级好食材 | 点评镑单 | 大宁地区湘菜好评榜第3名 | 分量足，服务热情，性价比高 | 2 | ￥126 | ￥148.6 | 惠 | 8.5折 | 【雪碧全天】招牌... | ￥989.8折 | 惠 | ￥100100元代金券,B2 | 🌟🌟🎉🎉 | 4.0湘菜￥55/人,结构完整,
CARD-0052,大宁久光中心,大米先生新鲜现炒·自选餐,大米先生新鲜现炒·自选餐,湘菜,3.9,29,B2,rated,True,,rated,parsed,rating_anchor,0.9788,0.9924,56,4,大米先生新鲜现炒·自选餐,46.08,49.81,evidence/card_0052.jpg,ocr/input_videos\上海__大宁久光中心__20260824.mp4,大米先生新鲜现炒·自选餐 | 大米先生 | ⭐🌟⭐🌟⭐ | 3.9湘菜￥29/人 | B2 | 鲜肉鲜菜小锅现炒 | 点评榜单 | 大宁地区湘菜销量榜第5名 | 团直营门店超2000家 | ￥998￥999 | 【新鲜现炒】10-100人及... | 惠 | ￥199.5折 | ￥20 | 惠 | 【帮你省薪】20元代金券,⭐🌟⭐🌟⭐ | 3.9湘菜￥29/人 | B2,结构完整,
CARD-0053,大宁久光中心,CoCo都可,CoCo都可,茶饮果汁,3.9,13,B2,rated,True,,rated,parsed,rating_anchor,0.9857,0.9993,59,2,CoCo都可,49.22,49.81,evidence/card_0053.jpg,ocr/input_videos\上海__大宁久光中心__20260824.mp4,CoCo都可 | B2 | 🌟🌟🎉🌟🌟 | 茶饮果汁￥13/人 | 3.9 | 0 | 点评榜单 | 大宁地区饮品回头客榜第5名 | CoCo | 超值抢购，口感醇厚，性价比爆表” | 《 | ￥10.97.3折 | ￥15 | 惠 | 【清爽有料】生椰杨.,B2 | 🌟🌟🎉🌟🌟 | 茶饮果汁￥13/人 | 3.9,结构完整,
CARD-0054,大宁久光中心,OT另茶,OT另茶,茶饮果汁,4.4,24,商场内,rated,True,,rated,parsed,rating_anchor,0.9842,0.9975,57,3,OT另茶,49.22,51.18,evidence/card_0054.jpg,ocr/input_videos\上海__大宁久光中心__20260824.mp4,OT另茶 | OTHER | 商场内 | 🌟🌟🌟🌟 | 4.4茶饮果汁￥24/人 | TEA男茶 | 点评榜单 | 大宁地区饮品口味榜第3名 | ￥22.89.5折 | 【热销推荐】泰式咸... | 惠 | ￥24 | 惠 | ￥7.5 | 7.5折 | ￥1010元代金券,商场内 | 🌟🌟🌟🌟 | 4.4茶饮果汁￥24/人,结构完整,
CARD-0056,大宁久光中心,DirtySoe得体咖啡,DirtySoe得体咖啡,咖啡,4.1,42,L2,rated,True,,rated,parsed,rating_anchor,0.9843,0.9989,57,3,DirtySoe得体咖啡,51.18,52.36,evidence/card_0056.jpg,ocr/input_videos\上海__大宁久光中心__20260824.mp4,DirtySoe得体咖啡 | 🌟🌟🌟🎉 | 4.1咖啡￥42/人 | L2 | 点评榜单 | 大宁地区咖啡热门榜第4名 | 惠￥798.8折￥90 | 【工作日可用】负86度...,🌟🌟🌟🎉 | 4.1咖啡￥42/人 | L2,结构完整,
CARD-0057,大宁久光中心,Peet's皮爷咖啡,Peet's皮爷咖啡,咖啡,4.4,39,L1,rated,True,,rated,parsed,rating_anchor,0.9813,0.998,55,4,Peet's皮爷咖啡,51.18,53.54,evidence/card_0057.jpg,ocr/input_videos\上海__大宁久光中心__20260824.mp4,Rers | Peet's皮爷咖啡 | 4.4咖啡￥39/人 | L1 | 🌟🌟🌟🌟 | 点评榜单 | 大宁地区咖啡销量榜第1名 | 馥桂在握 | 夏日冰砖，消暑解渴，味道一级棒” | “ | ￥25.86.7折 | 惠 | ￥39 | 【新人专享】第一杯...,4.4咖啡￥39/人 | L1 | 🌟🌟🌟🌟,结构完整,
CARD-0058,大宁久光中心,LuckHaHa好运椰,LuckHaHa好运椰,饮品,3.8,18,商场内,rated,True,,rated,parsed,rating_anchor,0.9757,0.9983,55,4,LuckHaHa好运椰,51.18,53.54,evidence/card_0058.jpg,ocr/input_videos\上海__大宁久光中心__20260824.mp4,LuckHaHa好运椰 | 商场内 | 3.8饮品￥18/人 | ￥21.98.5折 | ￥26好运粉椰 | 惠,商场内 | 3.8饮品￥18/人,结构完整,
CARD-0059,大宁久光中心,裕莲茶楼,裕莲茶楼,茶饮果汁,3.9,28,商场内,rated,True,,rated,parsed,rating_anchor,0.9813,0.989,56,4,裕莲茶楼,53.54,56.09,evidence/card_0059.jpg,ocr/input_videos\上海__大宁久光中心__20260824.mp4,裕莲茶楼 | 商场内 | 🌟🌟🌟🌟🌟 | 3.9茶饮果汁￥28/人 | 点评榜单 | 大宁地区饮品热门榜第2名 | “ | 干酪的芝麻香味扑鼻，口感丰富 | 53 | ￥15 | ￥149.4折 | 惠 | 【招牌2选1】手打奶油...,商场内 | 🌟🌟🌟🌟🌟 | 3.9茶饮果汁￥28/人,结构完整,
CARD-0060,大宁久光中心,哈根达斯,哈根达斯,冰淇淋,4.2,61,L1,rated,True,,rated,parsed,rating_anchor,0.9806,0.9995,56,4,哈根达斯,53.54,56.09,evidence/card_0060.jpg,ocr/input_videos\上海__大宁久光中心__20260824.mp4,哈根达斯 | xrgorba | 尽享浓醇夏日经典 | RCHINDULOENCE. SONRER TASTE | 🌟🌟🌟🌟 | L1 | 4.2冰淇淋￥61/人 | ★ | 朵 | 点评榜单 | 大宁地区冰淇淋热门榜第2名 | ￥408.6折 | ￥47 | 惠 | 【暑期必买】单球手装..,🌟🌟🌟🌟 | L1 | 4.2冰淇淋￥61/人 | ★,结构完整,
CARD-0061,大宁久光中心,每日新鲜水果吧,每日新鲜水果吧,茶饮果汁,3.9,24,B2,rated,True,,rated,parsed,rating_anchor,0.9662,0.9744,51,6,每日新鮮水果吧 | 每日新鲜水果吧,54.12,57.65,evidence/card_0061.jpg,ocr/input_videos\上海__大宁久光中心__20260824.mp4,每日新鲜水果吧 | B2 | 3.9茶饮果汁￥24/人 | 点评榜单 | 大宁地区饮品回头客榜第8名 | 毎白新鮮 | ￥16.756.5折 | ￥26 | 【热卖】鲜榨火龙.. | 惠,B2 | 3.9茶饮果汁￥24/人,结构完整,
CARD-0062,大宁久光中心,星巴克臻选,星巴克臻选,咖啡,3.9,40,L1,rated,True,,rated,parsed,rating_anchor,0.979,0.9991,58,6,星巴克臻选,54.12,57.65,evidence/card_0062.jpg,ocr/input_videos\上海__大宁久光中心__20260824.mp4,星巴克臻选 | ⭐🌟🌟🌟 | L1 | 3.9咖啡￥40/人 | 点评榜单 | 大宁地区咖啡销量榜第2名 | 真茶真奶真愛你 | 精致好喝，儿童大人都爱 | “ | 37 | ￥59.9 | 7.7折 | 【爆款推荐】星巴克. | 惠 | ￥78,⭐🌟🌟🌟 | L1 | 3.9咖啡￥40/人,结构完整,
CARD-0063,大宁久光中心,KOI Thé,KOIThé,茶饮果汁,4.2,22,B2,rated,True,,rated,parsed,rating_anchor,0.967,0.9618,53,4,KOI Thé,56.09,57.65,evidence/card_0063.jpg,ocr/input_videos\上海__大宁久光中心__20260824.mp4,KOI Thé | 山野酸 | KOI The | ②味甘 | ⭐🌟🌟⭐ | B2 | 4.2茶饮果汁￥22/人 | ★ | VEEra,⭐🌟🌟⭐ | B2 | 4.2茶饮果汁￥22/人 | ★,结构完整,
CARD-0064,大宁久光中心,茶米有言,茶米有言,茶饮果汁,3.9,17,B2,rated,True,,rated,parsed,rating_anchor,0.9848,0.9931,59,3,茶米有言,56.67,57.65,evidence/card_0064.jpg,ocr/input_videos\上海__大宁久光中心__20260824.mp4,茶米有言 | 3.9茶饮果汁￥17/人 | B2 | 点评榜单 | 大宁地区饮品销量榜第1名 | 浓巧可可上新 | 柴米油盐的价格” | “ | ￥158.9折 | ￥17 | 【招牌必喝】鲜米豆花... | 惠,3.9茶饮果汁￥17/人 | B2,结构完整,
CARD-0065,大宁久光中心,柠檬向右,柠檬向右,茶饮果汁,4.2,18,B2,rated,True,,rated,parsed,rating_anchor,0.9849,0.9946,60,5,柠檬向右,58.83,63.54,evidence/card_0065.jpg,ocr/input_videos\上海__大宁久光中心__20260824.mp4,柠檬向右 | LEMON RIHT | 特肉尚 | ⭐🌟⭐⭐ | B2 | 4.2茶饮果汁￥18/人 | 点评榜单 | 大宁地区饮品好评榜第2名 | 芙莉莲的味觉记忆 | ￥146.7折 | ￥21 | 【精选三种柠檬】鸭屎... | 惠,⭐🌟⭐⭐ | B2 | 4.2茶饮果汁￥18/人,结构完整,
CARD-0066,大宁久光中心,LINLEE林里·手打柠檬茶,LINLEE林里·手打柠檬茶,茶饮果汁,3.9,18,B2,rated,True,,rated,parsed,rating_anchor,0.9761,0.9852,48,5,LINLEE林里·手打柠檬茶,58.83,63.54,evidence/card_0066.jpg,ocr/input_videos\上海__大宁久光中心__20260824.mp4,LINLEE林里·手打柠檬茶 | 以LIME.EK | 这杯康普 | 好汽质 | B2 | ⭐🌟⭐★⭐3.9 | 茶饮果汁￥18/人 | 点评榜单 | 大宁地区饮品回头客榜第1名 | 林里柠檬茶，三分糖刚刚好 | 53 | ￥15 | ￥9.6 | 6.4折 | 惠 | 【解腻闭眼囤】清新.,B2 | ⭐🌟⭐★⭐3.9 | 茶饮果汁￥18/人,结构完整,
CARD-0067,大宁久光中心,瑞幸咖啡,瑞幸咖啡,咖啡,3.8,15,B2,rated,True,,rated,parsed,rating_anchor,0.9709,0.9999,59,5,瑞幸咖啡,58.83,63.54,evidence/card_0067.jpg,ocr/input_videos\上海__大宁久光中心__20260824.mp4,瑞幸咖啡 | ★★★★★ | 3.8咖啡￥15/人 | B2 | 点评榜单 | 大宁地区咖啡销量榜第6名 | 双杯冰茶清爽登场！ | 口味一如既往，性价比奈斯 | “ | 锈 | 通 | 0 | ￥20 | 【瑞门闭眼入】10选1 | ￥11.45.7折 | 惠,★★★★★ | 3.8咖啡￥15/人 | B2,结构完整,
CARD-0068,大宁久光中心,野人先生Gelato,野人先生Gelato,冰淇淋,3.9,29,B2,rated,True,,rated,parsed,rating_anchor,0.9821,0.999,55,7,野人先生Gelato,59.22,65.11,evidence/card_0068.jpg,ocr/input_videos\上海__大宁久光中心__20260824.mp4,野人先生Gelato | TA | 山野 | 联现 | B2 | ⭐🌟🌟🌟🌟 | 冰淇淋￥29/人 | 3.9 | GELATO | 点评榜单 | 大宁地区冰淇淋销量榜第1名 | B | ￥369.5折 | ￥38 | 惠 | 【任意拼】双拼口味冰..,B2 | ⭐🌟🌟🌟🌟 | 冰淇淋￥29/人 | 3.9,结构完整,
CARD-0069,大宁久光中心,🌟🌟3.9340条,🌟🌟3.9340条,9冰淇淋大宁地区,3.9,,,rated,True,,rated,parsed,rating_anchor,0.874,0.7804,37,1,🌟🌟3.9340条,61.77,61.77,evidence/card_0069.jpg,ocr/input_videos\上海__大宁久光中心__20260824.mp4,🌟🌟3.9340条 | ￥291入 | 相册 | 9冰淇淋大宁地区 | 口味3.9环境3.9服务3.9 | 大宁地区冰淇淋销量榜·第1名 | 营业中10:00-21:30 | 详情■ | 有停车场,9冰淇淋大宁地区 | 口味3.9环境3.9服务3.9,建议复核,single_observation | low_title_confidence
CARD-0070,大宁久光中心,T9tea,T9tea,茶饮果汁,4.4,35,L1,rated,True,,rated,parsed,rating_anchor,0.9831,0.9941,58,3,T9tea,63.93,65.11,evidence/card_0070.jpg,ocr/input_videos\上海__大宁久光中心__20260824.mp4,T9tea | CNT SITATCI TANCNFGT | 一□，像冰澳淋在口中化开 | 🌟🌟🌟🎉 | L1 | 4.4茶饮果汁￥35/人 | 点评榜单 | 大宁地区饮品好评榜第1名 | TO PREMIUM TEA | ￥19.9 | ￥36 | 5.6折 | 【限时福利返场】爱. | 惠,🌟🌟🌟🎉 | L1 | 4.4茶饮果汁￥35/人,结构完整,
CARD-0071,大宁久光中心,霸王茶姬,霸王茶姬,茶饮果汁,4.4,20,B1,rated,True,,rated,parsed,rating_anchor,0.9861,0.9964,55,5,霸王茶姬,63.93,68.83,evidence/card_0071.jpg,ocr/input_videos\上海__大宁久光中心__20260824.mp4,霸王茶姬 | B1 | 🌟🌟🌟 | 4.4茶饮果汁￥20/人 | CHAGEE | 点评榜单 | 大宁地区饮品口味榜第2名 | ￥189折 | ￥20 | 惠 | 【新会员专享】伯牙绝弦,B1 | 🌟🌟🌟 | 4.4茶饮果汁￥20/人,结构完整,
CARD-0072,大宁久光中心,宝珠奶酪,宝珠奶酪,茶饮果汁,3.9,22,B2,rated,True,,rated,parsed,rating_anchor,0.9833,0.9995,57,5,宝珠奶酪,63.93,68.83,evidence/card_0072.jpg,ocr/input_videos\上海__大宁久光中心__20260824.mp4,宝珠奶酪 | 寶 | 🌟🌟🌟🌟 | 茶饮果汁￥22/人 | B2 | 3.9 | BOJOO | FERMENTE | 点评榜单 | 大宁地区茶饮果汁销量榜第10名 | 珠 | ￥21.9 | 8.8折 | ￥25酒酿桂花酪（标准杯） | 惠,🌟🌟🌟🌟 | 茶饮果汁￥22/人 | B2 | 3.9,结构完整,
CARD-0073,大宁久光中心,夸父炸串,夸父炸串,炸鸡炸串,3.5,25,B2,rated,True,,rated,parsed,rating_anchor,0.9862,0.9997,57,4,夸父炸串,64.52,68.83,evidence/card_0073.jpg,ocr/input_videos\上海__大宁久光中心__20260824.mp4,夸父炸串 | 9x48 | B2 | 🌟🌟🌟🌟🌟 | 3.5炸鸡炸串￥25/人 | 点评榜单 | 大宁地区小吃快餐销量榜第10名 | 8.8 | 量足料新鲜，价格实惠，路过必买” | 此串节！ | “ | ￥15.9 | 惠 | 6.7折 | ￥24 | 【品牌甄选】9串人,B2 | 🌟🌟🌟🌟🌟 | 3.5炸鸡炸串￥25/人,结构完整,
CARD-0074,大宁久光中心,MILAMAMAN米拉妈妈·法式黄,MILAMAMAN米拉妈妈·法式黄,甜品,3.9,38,B2,rated,True,,rated,parsed,rating_anchor,0.9561,0.9762,57,3,MILAMAMAN米拉妈妈·法式黄 | MILAMAMAN米拉妈妈·法式黄.,67.26,69.81,evidence/card_0074.jpg,ocr/input_videos\上海__大宁久光中心__20260824.mp4,MILAMAMAN米拉妈妈·法式黄 | B2 | 🌟🌟🌟3.9 | 甜品￥38/人 | 点评榜单 | 大宁地区甜品热门榜第3名 | MILA MAMAN | Beurre & Pitisserie | ￥337.9折 | ￥42 | 惠 | 【买三赠一】费南雪4... | ￥47.5 | 惠 | 9.5折 | ￥5050元代金券,B2 | 🌟🌟🌟3.9 | 甜品￥38/人,结构完整,
CARD-0075,大宁久光中心,ZAKUZAKU,ZAKUZAKU,甜品,4.2,40,B2,rated,True,,rated,parsed,rating_anchor,0.9829,0.9962,51,4,ZAKUZAKU,69.81,72.17,evidence/card_0075.jpg,ocr/input_videos\上海__大宁久光中心__20260824.mp4,ZAKUZAKU | 4.2甜品￥40/人 | B2 | 🌟🌟🌟🌟 | 点评榜单 | 大宁地区面包蛋糕甜品打卡人气榜第1名 | ￥50.59.6折 | ￥53 | 【限定周边】北海道. | 惠 | ￥419.2折 | 惠 | ￥4545元代金券,4.2甜品￥40/人 | B2 | 🌟🌟🌟🌟,结构完整,
CARD-0076,大宁久光中心,山崎面包,山崎面包,面包蛋糕,4.3,36,B2,rated,True,,rated,parsed,rating_anchor,0.9671,0.9745,57,4,山崎面包,69.81,72.17,evidence/card_0076.jpg,ocr/input_videos\上海__大宁久光中心__20260824.mp4,山崎面包 | 8月上新 | Aa1 1en | 面包蛋糕￥36/人 | B2 | 🌟🌟🌟 | 4.3 | 点评榜单 | 大宁地区面包蛋糕好评榜第4名 | 回 | ￥216折 | ￥35 | 【超值单人餐】海盐法... | 惠,面包蛋糕￥36/人 | B2 | 🌟🌟🌟 | 4.3,结构完整,
CARD-0077,大宁久光中心,剪花娘子·陕西面馆,剪花娘子·陕西面馆,快餐简餐,3.5,28,B2,rated,True,,rated,parsed,rating_anchor,0.9761,0.9913,55,4,剪花娘子·陕西面馆,69.81,72.17,evidence/card_0077.jpg,ocr/input_videos\上海__大宁久光中心__20260824.mp4,剪花娘子·陕西面馆 | 3.5快餐简餐￥28/人 | B2 | 点评榜单 | 大宁地区小吃快餐销量榜第5名 | 剪花娘子 | ￥24.9 | ￥31.8M13肉夹馍凉皮套.. | 7.9折 | 惠,3.5快餐简餐￥28/人 | B2,结构完整,
CARD-0078,大宁久光中心,成都你六姐·牛肉冒菜·麻辣香锅,成都你六姐·牛肉冒菜·麻辣香锅,快餐简餐,3.9,43,商场内,rated,True,,rated,parsed,rating_anchor,0.9771,0.9865,57,6,成都你六姐·牛肉冒菜·麻辣香锅,69.81,73.34,evidence/card_0078.jpg,ocr/input_videos\上海__大宁久光中心__20260824.mp4,成都你六姐·牛肉冒菜·麻辣香锅 | 成得你六级 | 9周年庆 | 3.9快餐简餐￥43/人 | 商场内 | 0 | 0 | 9/9-9/11送水杯抽盲盒 | ￥29.9 | ￥28.99.7折 | 惠 | 【重磅新品】六姐.,3.9快餐简餐￥43/人 | 商场内,结构完整,
CARD-0079,大宁久光中心,COCO壱番屋,COCO壱番屋,日式简餐/快餐,3.7,54,B2,rated,True,,rated,parsed,rating_anchor,0.9718,0.9808,51,2,COCO壱番屋,72.75,73.34,evidence/card_0079.jpg,ocr/input_videos\上海__大宁久光中心__20260824.mp4,COCO壱番屋 | 🌟🌟🌟🌟3.7 | B2 | 日式简餐/快餐￥54/人 | 点评榜单 | OC屋 | 静安区日式简餐/快餐回头客榜第6名 | ￥40.96.8折 | ￥61炸鸡块咖喱蛋包饭+.. | 惠 | ￥479.4折 | 惠 | ￥5050元代金券,🌟🌟🌟🌟3.7 | B2 | 日式简餐/快餐￥54/人,结构完整,
CARD-0080,大宁久光中心,屹荣府·家宴,屹荣府·家宴,海鲜,4.7,233,L6,rated,True,,rated,parsed,rating_anchor,0.9701,0.9861,55,2,屹荣府·家宴,72.75,73.34,evidence/card_0080.jpg,ocr/input_videos\上海__大宁久光中心__20260824.mp4,屹荣府·家宴 | 医州 | 屹茶府 | 4.7海鲜￥233/人 | L6 | 点评镑单 | 大宁地区鱼鲜海鲜口味榜第4名 | 开学·商务宜生日会·家限授 | 17:00营业 | 提供上海口味，包房私密 | 力 | ￥1783.5折 | 惠 | ￥510工作日午市特惠双人餐 | ￥959.5折 | ￥100100元代金券 | 惠,4.7海鲜￥233/人 | L6,结构完整,
CARD-0082,大宁久光中心,欢囍花生,欢囍花生,栗子/干果,3.9,46,B2,rated,True,,rated,parsed,rating_anchor,0.9636,0.9947,56,3,欢囍花生,75.7,77.07,evidence/card_0082.jpg,ocr/input_videos\上海__大宁久光中心__20260824.mp4,欢囍花生 | 馬上 | 3.9栗子/干果￥46/人 | B2 | 欢囍 | 一起欢囍花生 | ￥23.28山核桃花生588g | ￥22.99.9折 | 惠,3.9栗子/干果￥46/人 | B2,结构完整,
CARD-0083,大宁久光中心,BUTTERFUL&CREAMOROUS 黃...,BUTTERFUL&CREAMOROUS黄,面包蛋糕,3.7,47,L1,rated,True,,rated,parsed,rating_anchor,0.9453,0.9155,60,3,BUTTERFUL&CREAMOROUS 黃... | BUTTERFUL&CREAMOROUS 黄...,75.7,77.07,evidence/card_0083.jpg,ocr/input_videos\上海__大宁久光中心__20260824.mp4,BUTTERFUL&CREAMOROUS 黃... | ＆ | 3.7面包蛋糕￥47/人 | 🌟🌟🌟🌟🌟 | L1 | 点评榜单 | 静安区面包蛋糕甜品回头客榜第1名 | 草莓拿破仑，甜蜜夹心，入口即化” | ￥9.98.3折 | 惠 | ￥12 | 【层层酥脆，甜而不... | 惠 | ￥64.9￥6565元代金券,3.7面包蛋糕￥47/人 | 🌟🌟🌟🌟🌟 | L1,建议复核,name_truncated
CARD-0084,大宁久光中心,辛一·铜锣烧,辛一·铜锣烧,甜品,3.9,23,商场内,rated,True,,rated,parsed,rating_anchor,0.9713,0.9905,58,3,辛一·铜锣烧,75.7,77.07,evidence/card_0084.jpg,ocr/input_videos\上海__大宁久光中心__20260824.mp4,辛一·铜锣烧 | 2R | 余不过时 | 甜品￥23/人 | ⭐3.9 | 商场内 | 点评镑单 | 大宁地区甜品打卡人气榜第6名 | 热情服务，干净整洁，推荐” | ￥12 | ￥9.9 | 8.3折 | 【工作日专享】带皮. | 惠 | ￥508.4折 | 惠 | ￥6060元代金券,甜品￥23/人 | ⭐3.9 | 商场内,结构完整,
CARD-0085,大宁久光中心,糖小满·冰糖葫芦,糖小满·冰糖葫芦,小吃快餐,3.9,17,B2,rated,True,,rated,parsed,rating_anchor,0.9789,0.9866,54,5,糖小满·冰糖葫芦,77.07,79.23,evidence/card_0085.jpg,ocr/input_videos\上海__大宁久光中心__20260824.mp4,糖小满·冰糖葫芦 | B2 | ★🌟★🌟🌟 | 3.9小吃快餐￥17/人 | 点评榜单 | 大宁地区小吃快餐回头客榜第8名 | 穆小满,B2 | ★🌟★🌟🌟 | 3.9小吃快餐￥17/人,结构完整,
CARD-0086,大宁久光中心,麦当劳,麦当劳,西式快餐,3.9,27,B2,rated,True,,rated,parsed,rating_anchor,0.9757,0.9989,58,4,麦当劳,77.85,79.23,evidence/card_0086.jpg,ocr/input_videos\上海__大宁久光中心__20260824.mp4,麦当劳 | m | 随心配红证号 | 138 | 少酒配0号 | 🌟🌟🌟🌟🌟 | B2 | 西式快餐￥27/人 | 3.9 | 2 | 时 | 点评榜单 | 大宁地区小吃快餐销量榜第4名 | 园 | 麦当劳甜筒冰激凌，好吃又便宜 | C | 5 | ￥27.5 | 5.8折 | ￥15.9 | 惠 | 【百万爆品】麦满..,🌟🌟🌟🌟🌟 | B2 | 西式快餐￥27/人 | 3.9,结构完整,
CARD-0087,大宁久光中心,攀多渔·现烤鱼片·海味小零食,攀多渔·现烤鱼片·海味小零食,快餐简餐,3.9,56,商场内,rated,True,,rated,parsed,rating_anchor,0.9757,0.9873,51,4,攀多渔·现烤鱼片·海味小零食,77.85,79.23,evidence/card_0087.jpg,ocr/input_videos\上海__大宁久光中心__20260824.mp4,攀多渔·现烤鱼片·海味小零食 | 六众鲜集 | 出一片鱼片 | 商场内 | 3.9快餐简餐￥56/人 | ￥9.95折 | 惠 | ￥19.8办公零食1脆香辣鱼皮,商场内 | 3.9快餐简餐￥56/人,结构完整,
CARD-0088,大宁久光中心,马记永·兰州牛肉面,马记永·兰州牛肉面,面馆,3.9,36,B2,rated,True,,rated,parsed,rating_anchor,0.9557,0.9931,57,2,马记永·兰州牛肉面,81.19,81.78,evidence/card_0088.jpg,ocr/input_videos\上海__大宁久光中心__20260824.mp4,马记永·兰州牛肉面 | 国配示 | 凉面串 | 3.9面馆￥36/人 | B2 | 才叫过夏天 | 点评榜单 | 大宁地区面馆销量榜第5名 | ￥41.59.9折 | 惠 | ￥42经典必点单人餐,3.9面馆￥36/人 | B2,结构完整,
CARD-0089,大宁久光中心,燕之屋·燕窝,燕之屋·燕窝,滋补品,3.9,,B2,rated,True,,rated,parsed,rating_anchor,0.9872,0.9849,58,2,燕之屋·燕窝,81.19,81.78,evidence/card_0089.jpg,ocr/input_videos\上海__大宁久光中心__20260824.mp4,燕之屋·燕窝 | 中秋送碗燕 | 3.9滋补品 | B2 | 健康共团圆 | ￥7195.6折 | ￥1290 | 【浮雕礼盒】鲜炖. | 惠,3.9滋补品 | B2,结构完整,
CARD-0090,大宁久光中心,La Repete 手工千层蛋糕,LaRepete手工千层蛋糕,面包蛋糕,3.9,66,B2,rated,True,,rated,parsed,rating_anchor,0.957,0.9736,57,2,La Repete 手工千层蛋糕,81.19,81.78,evidence/card_0090.jpg,ocr/input_videos\上海__大宁久光中心__20260824.mp4,La Repete 手工千层蛋糕 | WRioie | 4千e | 3 | 3.9面包蛋糕￥66/人 | B2 | ￥995折 | ￥200 | 惠 | 【人气爆款】四种口味..,3.9面包蛋糕￥66/人 | B2,结构完整,
CARD-0091,大宁久光中心,西树泡芙,西树泡芙,甜品,4.4,25,B2,rated,True,,rated,parsed,rating_anchor,0.9797,0.9981,59,4,西树泡芙,81.19,85.11,evidence/card_0091.jpg,ocr/input_videos\上海__大宁久光中心__20260824.mp4,西树泡芙 | axlie | 心动脆巧泡芙 | 🌟🌟🌟🌟 | B2 | 4.4甜品￥25/人 | 2 | 点评榜单 | 大宁地区甜品好评榜第3名 | 品质可靠，让你满意不止一点点 | F | 小 | ￥29.97.9折 | ￥38 | 【榴莲味也可选】王... | 惠,🌟🌟🌟🌟 | B2 | 4.4甜品￥25/人 | 2,结构完整,
CARD-0092,大宁久光中心,悠乐Delicake·轻糖·海盐蛋糕,悠乐Delicake·轻糖·海盐蛋糕,面包蛋糕,4.6,53,B2,rated,True,,rated,parsed,rating_anchor,0.9673,0.9793,57,2,悠乐Delicake·轻糖·海盐蛋糕,84.32,85.11,evidence/card_0092.jpg,ocr/input_videos\上海__大宁久光中心__20260824.mp4,悠乐Delicake·轻糖·海盐蛋糕 | Ddi cnke | 王牌产品 | 4.6面包蛋糕￥53/人 | B2 | 点评榜单 | 大宁地区面包蛋糕口味榜第3名 | 口味地道，性价比高，环境舒适 | ≤ | 轻糖·海盐蛋糕 | 4.8折 | ￥19.9 | ￥42 | 【特惠】芒果拿破仑 | 惠 | ￥489.6折 | ￥5050元代金券 | 惠,4.6面包蛋糕￥53/人 | B2,结构完整,
CARD-0093,大宁久光中心,豚野家·拉面专门店,豚野家·拉面专门店,日式简餐/快餐,3.8,45,B2,rated,True,,rated,parsed,rating_anchor,0.9747,0.9843,51,2,豚野家·拉面专门店,84.32,85.11,evidence/card_0093.jpg,ocr/input_videos\上海__大宁久光中心__20260824.mp4,十斤豚骨碗好汤 | 豚野家·拉面专门店 | n8n | 🌟🌟🌟🌟🌟 | B2 | 3.8 | 日式简餐/快餐￥45/人 | 点评榜单 | 静安区日式简餐/快餐打卡人气榜第4名 | 三上吃面 | ￥49.97.1折 | 惠 | ￥71拉面大赛推荐单人餐,🌟🌟🌟🌟🌟 | B2 | 3.8 | 日式简餐/快餐￥45/人,结构完整,
CARD-0094,大宁久光中心,肥汁米蘭香港米线,肥汁米兰香港米线,小吃快餐,3.9,41,B2,rated,True,,rated,parsed,rating_anchor,0.9738,0.9943,51,2,肥汁米蘭香港米线,84.32,85.11,evidence/card_0094.jpg,ocr/input_videos\上海__大宁久光中心__20260824.mp4,肥汁米蘭香港米线 | B2 | 3.9小吃快餐￥41/人 | FE | 肥汁米蘭 | 国包 | ￥3 | 3.8折 | 惠 | ￥8 | 【王炸牛丸】经典香港小...,B2 | 3.9小吃快餐￥41/人,结构完整,
CARD-0095,大宁久光中心,蜜芝林,蜜芝林,甜品,3.8,44,B2,rated,True,,rated,parsed,rating_anchor,0.9829,1.0,63,3,蜜芝林,87.27,88.05,evidence/card_0095.jpg,ocr/input_videos\上海__大宁久光中心__20260824.mp4,蜜芝林 | 白脱葡萄饼干 | 3.8甜品￥44/人 | B2 | 🌟🌟⭐🌟🌟 | 点评榜单 | 大宁地区甜品销量榜第3名 | NINW | 招牌 | 蜜芝林Ain Swe | ￥25.8 | ￥22.88.9折 | 【软huhu-】牛奶… | 惠,3.8甜品￥44/人 | B2 | 🌟🌟⭐🌟🌟,结构完整,
CARD-0096,大宁久光中心,鮨人饭团,鮨人饭团,日式简餐/快餐,3.9,20,B2,rated,True,,rated,parsed,rating_anchor,0.9604,0.9507,56,4,鮨人饭团,87.27,89.23,evidence/card_0096.jpg,ocr/input_videos\上海__大宁久光中心__20260824.mp4,鮨人饭团 | 鮨人饭团 | 搜手修YIREN RICE ROLL | ⭐🌟⭐🌟🌟 | 日式简餐/快餐￥20/人 | B2 | 3.9 | 点评榜单 | 静安区日式简餐/快餐销量榜第9名 | 答物食养更健康 | ￥20.9 | 8.8折 | ￥24 | 【超值单人餐】高邮.. | 惠,⭐🌟⭐🌟🌟 | 日式简餐/快餐￥20/人 | B2 | 3.9,结构完整,
CARD-0097,大宁久光中心,蔡嘉甜品,蔡嘉甜品,甜品,3.9,108,L1,rated,True,,rated,parsed,rating_anchor,0.9765,0.9998,56,4,蔡嘉甜品,87.27,89.23,evidence/card_0097.jpg,ocr/input_videos\上海__大宁久光中心__20260824.mp4,蔡嘉甜品 | Mr. | Choc | L1 | 🌟🌟🌟🌟🌟 | 甜品￥108/人 | 3.9 | Cool | 点评榜单 | 大宁地区甜品热门榜第4名 | ￥40 | ￥19.9 | 5折 | 【新款】 | 惠 | 工作日饮品 | ￥448.8折 | 惠 | ￥5050元代金券,L1 | 🌟🌟🌟🌟🌟 | 甜品￥108/人 | 3.9,结构完整,
CARD-0098,大宁久光中心,喜家德虾仁水饺,喜家德虾仁水饺,饺子,4.1,34,B2,rated,True,,rated,parsed,rating_anchor,0.974,0.998,51,5,喜家德虾仁水饺,87.27,89.82,evidence/card_0098.jpg,ocr/input_videos\上海__大宁久光中心__20260824.mp4,喜家德虾仁水饺 | ★★★★ | B2 | 4.1饺子￥34/人 | 喜家德 | 点评榜单 | 静安区饺子好评榜第2名 | 虾仁水饺 | 店内环境优雅，小姐姐态度亲切” | ￥27.58.4折 | ￥33 | 惠 | 【有肉有菜】鱼凯..,★★★★ | B2 | 4.1饺子￥34/人,结构完整,
CARD-0099,大宁久光中心,蟹榭·本帮江浙菜·蟹宴,蟹榭·本帮江浙菜·蟹宴,大闸蟹,4.6,188,L5,rated,True,,rated,parsed,rating_anchor,0.9511,0.9728,51,2,蟹榭·本帮江浙菜·蟹宴,89.23,89.82,evidence/card_0099.jpg,ocr/input_videos\上海__大宁久光中心__20260824.mp4,蟹榭·本帮江浙菜·蟹宴 | 4.6大闸蟹￥188/人 | L5 | 点评榜单 | B | 静安区大闸蟹热门榜第1名 | 国通国·点面风心 | 找张经理订桌，随心所欲“ | ￥366 | ￥1694.7折 | 【尝鲜】单人餐一… | 惠 | ￥989.8折 | ￥100100元代金券 | 惠,4.6大闸蟹￥188/人 | L5,结构完整,
CARD-0100,大宁久光中心,井梅无锡面馆·私房面,井梅无锡面馆·私房面,面馆,3.9,45,B2,rated,True,,rated,parsed,rating_anchor,0.961,0.9831,51,1,井梅无锡面馆·私房面,89.82,89.82,evidence/card_0100.jpg,ocr/input_videos\上海__大宁久光中心__20260824.mp4,井梅无锡面馆·私房面 | 🌟🌟3.9 | B2 | 面馆￥45/人 | rHt MICHELIN cuIDe | 点评榜单 | 大宁地区面馆热门榜第2名 | 2024/2025/2026 | 蝉联三年米其林必比登 | 让人回味无穷，服务贴心周到” | 开梅无私房区产阳上楼 | ￥13.9 | 9.3折 | ￥15 | 【井梅特惠】无锡小.. | 惠,🌟🌟3.9 | B2 | 面馆￥45/人,建议复核,single_observation
CARD-0101,大宁久光中心,安上烘焙ENCHANTE,安上烘焙ENCHANTE,面包蛋糕,3.9,32,B2,rated,True,,rated,parsed,rating_anchor,0.9976,0.9985,54,3,安上烘焙ENCHANTE,89.82,92.76,evidence/card_0101.jpg,ocr/input_videos\上海__大宁久光中心__20260824.mp4,安上烘焙ENCHANTE | 🌟🌟🌟🌟🌟 | 3.9面包蛋糕 | 羔￥32/人 | B2 | EHCHAHTE | 上期 | 点评榜单 | 大宁地区面包蛋糕热门榜第10名 | ￥1198.7折 | ￥138奥利奥咸奶油蛋糕... | 惠,🌟🌟🌟🌟🌟 | 3.9面包蛋糕 | 羔￥32/人 | B2,结构完整,
CARD-0102,大宁久光中心,朴下隆九,朴下隆九,面包蛋糕,3.7,43,B2,rated,True,,rated,parsed,rating_anchor,0.9834,0.9998,57,2,朴下隆九,92.17,92.76,evidence/card_0102.jpg,ocr/input_videos\上海__大宁久光中心__20260824.mp4,朴下隆九 | 金品 | 朴下隆九 | B2 | 面包蛋糕￥43/人 | 🌟🌟🌟🌟🌟 | 3.7 | 点评榜单 | 大宁地区面包蛋糕销量榜第2名 | ￥15.9 | ￥14.99.4折 | 惠 | 【脆甜焦香】脏脏.. | ￥469.2折 | ￥5050元代金券 | 惠,B2 | 面包蛋糕￥43/人 | 🌟🌟🌟🌟🌟 | 3.7,结构完整,
CARD-0103,大宁久光中心,"the Roll""ING手作瑞士卷专门店","theRoll""ING手作瑞士卷专门店",甜品,3.9,45,B2,rated,True,,rated,parsed,rating_anchor,0.9296,0.9132,57,2,"the Roll""ING手作瑞士卷专门店 | the Roll'ING手作瑞士卷专门店",92.17,92.76,evidence/card_0103.jpg,ocr/input_videos\上海__大宁久光中心__20260824.mp4,"the Roll""ING手作瑞士卷专门店 | B2 | 🌟🌟⭐🌟⭐ | 甜品￥45/人 | 3.9 | theRoll'ING* | 点评榜单 | 大宁地区甜品热门榜第1名 | 黑金抹茶，新品等你来尝 | “ | 2 | 【人气主打】黑金抹. | ￥49 | ￥46.99.6折 | 惠",B2 | 🌟🌟⭐🌟⭐ | 甜品￥45/人 | 3.9,结构完整,
CARD-0104,大宁久光中心,Maki House寿司,MakiHouse寿司,寿司,4.8,143,L5,rated,True,,rated,parsed,rating_anchor,0.994,0.9883,51,4,Maki House寿司,92.17,94.52,evidence/card_0104.jpg,ocr/input_videos\上海__大宁久光中心__20260824.mp4,Maki House寿司 | 🌟🌟🌟🌟🌟 | L5 | ￥143/人 | 4.8 | 寿司 | 点评榜单 | 静安区寿司好评榜第1名 | 17:00营业,🌟🌟🌟🌟🌟 | L5 | ￥143/人 | 4.8 | 寿司,结构完整,
CARD-0105,大宁久光中心,金匠寿司,金匠寿司,寿司,4.3,108,B1,rated,True,,rated,parsed,rating_anchor,0.979,0.9999,57,2,金匠寿司,94.33,94.52,evidence/card_0105.jpg,ocr/input_videos\上海__大宁久光中心__20260824.mp4,金匠寿司 | 1月20日 | 物快上新 | 国 | 🌟🌟⭐🌟 | B1 | 寿司￥108/人 | 4.3 | ★ | 点评榜单 | 大宁地区日式料理热门榜第3名,🌟🌟⭐🌟 | B1 | 寿司￥108/人 | 4.3 | ★,结构完整,
CARD-0106,大宁久光中心,大洋世家,大洋世家,西餐,3.7,,B2,rated,True,,rated,parsed,rating_anchor,0.9994,0.9995,57,2,大洋世家,94.33,94.52,evidence/card_0106.jpg,ocr/input_videos\上海__大宁久光中心__20260824.mp4,大洋世家 | 西餐 | 🌟🌟🌟🌟⭐ | B2 | 3.7 | R3,西餐 | 🌟🌟🌟🌟⭐ | B2 | 3.7,结构完整,
CARD-0107,大宁久光中心,申洪兴本帮大食堂,申洪兴本帮大食堂,本帮菜,3.6,,B2,rated,True,,rated,parsed,rating_anchor,0.9932,0.9979,51,2,申洪兴本帮大食堂,94.33,94.52,evidence/card_0107.jpg,ocr/input_videos\上海__大宁久光中心__20260824.mp4,申洪兴本帮大食堂 | 3.6本帮菜 | B2,3.6本帮菜 | B2,结构完整,
CARD-0108,大宁久光中心,左庭右院鲜牛肉火锅黑金店,左庭右院鲜牛肉火锅黑金店,潮汕牛肉火锅,4.8,322,L5,rated,True,,rated,parsed,rating_anchor,0.9978,0.9967,57,2,左庭右院鲜牛肉火锅黑金店,94.33,94.52,evidence/card_0108.jpg,ocr/input_videos\上海__大宁久光中心__20260824.mp4,左庭右院鲜牛肉火锅黑金店 | L&R | 🌟🌟🌟⭐🌟 | 潮汕牛肉火锅 | ￥322/人 | L5 | 4.8 | 左庭右院·黑金 | 点评榜单 | cnOT十肉锅 | 静安区潮汕牛肉火锅口味榜第1名 | 17:00营业,🌟🌟🌟⭐🌟 | 潮汕牛肉火锅 | ￥322/人 | L5 | 4.8,结构完整,
CARD-0110,大宁久光中心,CHARLIETOWN红茶公司,CHARLIETOWN红茶公司,茶饮果汁,3.9,30,B2,rated,True,,rated,parsed,rating_anchor,0.9972,0.9986,51,4,CHARLIETOWN红茶公司,97.07,100.21,evidence/card_0110.jpg,ocr/input_videos\上海__大宁久光中心__20260824.mp4,CHARLIETOWN红茶公司 | B2 | ￥30/人 | 🌟🌟⭐💥🌟 | 茶饮果汁 | 3.9 | CHARLETOWN | TEACOKZANY | 点评榜单 | 大宁地区饮品热门榜第1名,B2 | ￥30/人 | 🌟🌟⭐💥🌟 | 茶饮果汁 | 3.9,结构完整,
CARD-0111,大宁久光中心,Nespresso,Nespresso,咖啡,4.6,273,B2,rated,True,,rated,parsed,rating_anchor,0.9755,0.9997,58,4,Nespresso,97.07,100.21,evidence/card_0111.jpg,ocr/input_videos\上海__大宁久光中心__20260824.mp4,Nespresso | 🌟🌟🌟🌟🌟 | B2 | 咖啡￥273/人 | 4.6 | 点评榜单 | 大宁地区咖啡口味榜第5名,🌟🌟🌟🌟🌟 | B2 | 咖啡￥273/人 | 4.6,结构完整,
CARD-0112,大宁久光中心,Manner Coffee,MannerCoffee,咖啡,3.9,21,B2,rated,True,,rated,parsed,rating_anchor,0.9533,0.9558,55,4,Manner Coffee,97.07,100.21,evidence/card_0112.jpg,ocr/input_videos\上海__大宁久光中心__20260824.mp4,Manner Coffee | ⭐🌟🌟🌟⭐ | 3.9咖啡￥21/人 | B2 | MANNER,⭐🌟🌟🌟⭐ | 3.9咖啡￥21/人 | B2,结构完整,
CARD-0113,大宁久光中心,楼下酸奶,楼下酸奶,酸奶鲜奶,3.9,26,B2,rated,True,,rated,parsed,rating_anchor,0.9825,0.9987,63,4,楼下酸奶,97.07,100.21,evidence/card_0113.jpg,ocr/input_videos\上海__大宁久光中心__20260824.mp4,楼下酸奶 | 🌟🌟🌟🌟⭐ | 酸奶鲜奶￥26/人 | B2 | 3.9 | 暂停营业,🌟🌟🌟🌟⭐ | 酸奶鲜奶￥26/人 | B2 | 3.9,结构完整,
CARD-0114,大宁久光中心,DippinDots得意点,DippinDots得意点,冰淇淋,4.0,32,B2,rated,True,,rated,parsed,rating_anchor,0.9981,0.9996,60,5,DippinDots得意点,97.07,101.97,evidence/card_0114.jpg,ocr/input_videos\上海__大宁久光中心__20260824.mp4,DippinDots得意点 | 🌟🌟🌟🌟 | B2 | 冰淇淋 | ￥32/人 | 4.0 | dots | 点评榜单 | 大宁地区冰淇淋好评榜第3名 | CKEK | 椿田熟成茶行,🌟🌟🌟🌟 | B2 | 冰淇淋 | ￥32/人 | 4.0,结构完整,
CARD-0116,大宁久光中心,瑞士莫凡彼冰淇淋Movenpick,瑞士莫凡彼冰淇淋Movenpick,冰淇淋,3.9,38,B1,rated,True,,rated,parsed,rating_anchor,0.9709,0.9931,56,2,瑞士莫凡彼冰淇淋Movenpick,101.97,102.56,evidence/card_0116.jpg,ocr/input_videos\上海__大宁久光中心__20260824.mp4,瑞士莫凡彼冰淇淋Movenpick | TNX | YORMCYDOSKO | Happuness! | 3.9冰淇淋￥38/人 | B1 | 8 | 2,3.9冰淇淋￥38/人 | B1,结构完整,
CARD-0118,大宁久光中心,真老大房,真老大房,小吃,3.3,28,B2,rated,True,,rated,parsed,rating_anchor,0.9777,0.9999,57,2,真老大房,101.97,102.56,evidence/card_0118.jpg,ocr/input_videos\上海__大宁久光中心__20260824.mp4,真老大房 | h | ★★★★★ | B2 | 3.3小吃￥28/人,★★★★★ | B2 | 3.3小吃￥28/人,结构完整,
CARD-0119,大宁久光中心,唐饼家,唐饼家,面包蛋糕,3.8,55,B2,rated,True,,rated,parsed,rating_anchor,0.9986,0.9995,58,2,唐饼家,101.97,102.56,evidence/card_0119.jpg,ocr/input_videos\上海__大宁久光中心__20260824.mp4,唐饼家 | B2 | 🌟🌟🌟🌟⭐ | 焦￥55/人 | 3.8面包蛋糕 | 老盛兴·上海小笼汤包馆,B2 | 🌟🌟🌟🌟⭐ | 焦￥55/人 | 3.8面包蛋糕,结构完整,
CARD-0120,大宁久光中心,老盛兴·上海小笼汤包馆,老盛兴·上海小笼汤包馆,小笼,3.8,25,B2,rated,True,,rated,parsed,rating_anchor,0.9704,0.9848,54,3,老盛兴·上海小笼汤包馆,102.56,105.31,evidence/card_0120.jpg,ocr/input_videos\上海__大宁久光中心__20260824.mp4,老盛兴·上海小笼汤包馆 | 老盛菜 | 🌟🌟🌟🌟🌟 | B2 | 3.8小笼￥25/人,🌟🌟🌟🌟🌟 | B2 | 3.8小笼￥25/人,结构完整,
CARD-0121,大宁久光中心,居讲家,居讲家,面包蛋糕,3.8,55,B2,rated,True,,rated,parsed,rating_anchor,0.9243,0.8504,32,2,居讲家,104.72,105.31,evidence/card_0121.jpg,ocr/input_videos\上海__大宁久光中心__20260824.mp4,居讲家 | ￥55/人 | B2 | ⭐🌟⭐🌟🌟 | 面包蛋糕 | 3.8,￥55/人 | B2 | ⭐🌟⭐🌟🌟 | 面包蛋糕 | 3.8,结构完整,
CARD-0122,大宁久光中心,美珍香,美珍香,零食,3.9,91,B2,rated,True,,rated,parsed,rating_anchor,0.9657,0.9998,64,2,美珍香,104.72,105.31,evidence/card_0122.jpg,ocr/input_videos\上海__大宁久光中心__20260824.mp4,美珍香 | 莫珍香 | 3.9零食￥91/人 | B2 | BEE CHENG HIANG,3.9零食￥91/人 | B2,结构完整,
CARD-0123,大宁久光中心,WenTinG文汀·半糖蛋糕,WenTinG文汀·半糖蛋糕,面包蛋糕,4.7,137,B2,rated,True,,rated,parsed,rating_anchor,0.9926,0.9875,51,2,WenTinG文汀·半糖蛋糕,104.72,105.31,evidence/card_0123.jpg,ocr/input_videos\上海__大宁久光中心__20260824.mp4,WenTinG文汀·半糖蛋糕 | 🌟🌟🌟🌟🌟 | B2 | ￥137/人 | 面包蛋糕 | 4.7 | 点评榜单 | 大宁地区面包蛋糕口味榜第1名 | VenIinG,🌟🌟🌟🌟🌟 | B2 | ￥137/人 | 面包蛋糕 | 4.7,结构完整,
CARD-0124,大宁久光中心,白米百味,白米百味,面包蛋糕,3.6,37,B2,rated,True,,rated,parsed,rating_anchor,0.9988,0.9996,59,2,白米百味,104.72,105.31,evidence/card_0124.jpg,ocr/input_videos\上海__大宁久光中心__20260824.mp4,白米百味 | B2 | 🌟🌟🌟🌟🌟 | ￥37/人 | 3.6面包蛋糕,B2 | 🌟🌟🌟🌟🌟 | ￥37/人 | 3.6面包蛋糕,结构完整,
CARD-0125,大宁久光中心,布歌东京,布歌东京,甜品,4.6,153,B2,rated,True,,rated,parsed,rating_anchor,0.9821,0.9992,52,4,布歌东京,104.72,107.47,evidence/card_0125.jpg,ocr/input_videos\上海__大宁久光中心__20260824.mp4,布歌东京 | 石榴红提 | 🌟🌟🌟🌟🌟 | B2 | 甜品￥153/人 | 4.6 | 点评榜单 | 大宁地区甜品热门榜第2名,🌟🌟🌟🌟🌟 | B2 | 甜品￥153/人 | 4.6,结构完整,
CARD-0126,大宁久光中心,CHACHA可丽饼,CHACHA可丽饼,面包蛋糕,3.9,30,B2,rated,True,,rated,parsed,rating_anchor,0.998,0.9985,47,2,CHACHA可丽饼,107.27,107.47,evidence/card_0126.jpg,ocr/input_videos\上海__大宁久光中心__20260824.mp4,CHACHA可丽饼 | ￥30/人 | 🌟🌟🌟🌟🌟 | 面包蛋糕 | B2 | 3.9,￥30/人 | 🌟🌟🌟🌟🌟 | 面包蛋糕 | B2 | 3.9,结构完整,
CARD-0127,大宁久光中心,春风松月楼,春风松月楼,包子,3.3,24,B2,rated,True,,rated,parsed,rating_anchor,0.9724,0.9987,54,2,春风松月楼,107.27,107.47,evidence/card_0127.jpg,ocr/input_videos\上海__大宁久光中心__20260824.mp4,春风松月楼 | ★★★★★ | 包子￥24/人 | B2 | 3.3 | 百年松月楼·素食匠心造,★★★★★ | 包子￥24/人 | B2 | 3.3,结构完整,
CARD-0128,大宁久光中心,上源本草,上源本草,滋补品,3.9,264,B2,rated,True,,rated,parsed,rating_anchor,0.9783,1.0,56,2,上源本草,107.27,107.47,evidence/card_0128.jpg,ocr/input_videos\上海__大宁久光中心__20260824.mp4,上源本草 | ⭐🌟🌟🌟🌟 | 滋补品￥264/人 | B2 | 3.9,⭐🌟🌟🌟🌟 | 滋补品￥264/人 | B2 | 3.9,结构完整,
CARD-0129,大宁久光中心,西塔星球,西塔星球,零食,3.9,59,商场内,rated,True,,rated,parsed,rating_anchor,0.9717,0.9999,56,4,西塔星球,107.27,110.01,evidence/card_0129.jpg,ocr/input_videos\上海__大宁久光中心__20260824.mp4,西塔星球 | 更多糖 | 商场内 | 🌟🌟🌟🎉 | 零食￥59/人 | 3.9 | 好吃不贵，搞活动的必囤美味 | ThetaStar'西话星球,商场内 | 🌟🌟🌟🎉 | 零食￥59/人 | 3.9,结构完整,
CARD-0130,大宁久光中心,奇华饼家,奇华饼家,面包蛋糕,4.6,65,B2,rated,True,,rated,parsed,rating_anchor,0.9985,0.9992,58,4,奇华饼家,107.27,110.01,evidence/card_0130.jpg,ocr/input_videos\上海__大宁久光中心__20260824.mp4,奇华饼家 | ⭐🌟🌟🌟🌟 | B2 | 面包蛋糕 | ￥65/人 | 4.6 | 点评榜单 | 大宁地区面包蛋糕口味榜第2名 | kee wah bakery,⭐🌟🌟🌟🌟 | B2 | 面包蛋糕 | ￥65/人 | 4.6,结构完整,
CARD-0135,大宁久光中心,安启美奈,安启美奈,鞋靴,3.5,,L2,rated,True,,rated,parsed,rating_anchor,0.9994,0.9996,60,5,安启美奈,111.78,118.64,evidence/card_0135.jpg,ocr/input_videos\上海__大宁久光中心__20260824.mp4,安启美奈 | 鞋靴 | L2 | 🌟🌟🌟🌟🌟 | 3.5 | 足弓支撑功能强大，上脚很舒服,鞋靴 | L2 | 🌟🌟🌟🌟🌟 | 3.5,结构完整,
CARD-0136,大宁久光中心,哈森专柜,哈森专柜,服饰鞋包,3.5,649,L2,rated,True,,rated,parsed,rating_anchor,0.9867,0.9994,59,4,哈森专柜,111.78,118.64,evidence/card_0136.jpg,ocr/input_videos\上海__大宁久光中心__20260824.mp4,哈森专柜 | HARSON | L2 | 🌟🌟⭐🌟🌟 | 3.5服饰鞋包￥649/人,L2 | 🌟🌟⭐🌟🌟 | 3.5服饰鞋包￥649/人,结构完整,
CARD-0137,大宁久光中心,ROBERTA DI CAMERINO,ROBERTADICAMERINO,鞋靴,3.5,,商场内,rated,True,,rated,parsed,rating_anchor,0.9829,0.9667,47,4,ROBERTA DI CAMERINO,111.78,118.64,evidence/card_0137.jpg,ocr/input_videos\上海__大宁久光中心__20260824.mp4,ROBERTA DI CAMERINO | 🌟🌟🎉🌟⭐3.5 | 鞋靴 | 商场内,🌟🌟🎉🌟⭐3.5 | 鞋靴 | 商场内,结构完整,
CARD-0138,大宁久光中心,COVEN GARDEN,COVENGARDEN,服装,3.6,,L2,rated,True,,rated,parsed,rating_anchor,0.9923,0.9848,47,5,COVEN GARDEN,111.78,120.21,evidence/card_0138.jpg,ocr/input_videos\上海__大宁久光中心__20260824.mp4,COVEN GARDEN | 服装 | L2 | 🌟🌟🌟🌟🌟 | 3.6 | COVENGARDON,服装 | L2 | 🌟🌟🌟🌟🌟 | 3.6,结构完整,
CARD-0139,大宁久光中心,华硕智汇家,华硕智汇家,数码产品,4.8,3561,L4,rated,True,,rated,parsed,rating_anchor,0.9997,0.9997,56,7,华硕智汇家,111.78,121.19,evidence/card_0139.jpg,ocr/input_videos\上海__大宁久光中心__20260824.mp4,华硕智汇家 | ASUS | ⭐★★★★4.8 | 数码产品 | L4 | ￥3561/人 | 华硕智汇家 | 电脑故障快速修复，服务热情周到” | “ | 000 | 政府补贴15% | 至高立减1500元 | ￥169￥328 | 笔记本电脑.... | 【电脑清灰】 | 惠,⭐★★★★4.8 | 数码产品 | L4 | ￥3561/人,结构完整,
CARD-0140,大宁久光中心,BONI堡尼,BONI堡尼,服装,3.9,,L4,rated,True,,rated,parsed,rating_anchor,0.9995,0.9992,49,3,BONI堡尼,114.53,118.05,evidence/card_0140.jpg,ocr/input_videos\上海__大宁久光中心__20260824.mp4,BONI堡尼 | 🌟🌟🌟🌟🌟 | 服装 | L4 | 3.9,🌟🌟🌟🌟🌟 | 服装 | L4 | 3.9,结构完整,
CARD-0141,大宁久光中心,VINTAGE ＆ REPUBLIC国棉壹厂,VINTAGE&REPUBLIC国棉壹厂,服装,3.8,538,L4,rated,True,,rated,parsed,rating_anchor,0.9414,0.9217,54,1,VINTAGE ＆ REPUBLIC国棉壹厂,115.31,115.31,evidence/card_0141.jpg,ocr/input_videos\上海__大宁久光中心__20260824.mp4,VINTAGE ＆ REPUBLIC国棉壹厂 | L4 | 🌟🌟🌟🌟🌟 | 服装￥538/人 | 3.8 | 点评榜单 | 大宁地区服饰鞋包热门榜第8名 | 手感质量版型好，纯棉舒适复古 | 9 | ≤,L4 | 🌟🌟🌟🌟🌟 | 服装￥538/人 | 3.8,建议复核,single_observation
CARD-0142,大宁久光中心,多兰笙,多兰笙,服装,3.6,,L2,rated,True,,rated,parsed,rating_anchor,0.9979,0.9995,64,1,多兰笙,115.31,115.31,evidence/card_0142.jpg,ocr/input_videos\上海__大宁久光中心__20260824.mp4,多兰笙 | 3.6服装 | ⭐🌟🌟🌟🌟 | L2,3.6服装 | ⭐🌟🌟🌟🌟 | L2,建议复核,single_observation
CARD-0143,大宁久光中心,you ke shu有棵树,youkeshu有棵树,服装,3.6,,B1,rated,True,,rated,parsed,rating_anchor,0.9535,0.9659,65,1,you ke shu有棵树,115.31,115.31,evidence/card_0143.jpg,ocr/input_videos\上海__大宁久光中心__20260824.mp4,you ke shu有棵树 | YOUKES | ⭐⭐3.6服装 | B1,⭐⭐3.6服装 | B1,建议复核,single_observation
CARD-0144,大宁久光中心,久狮,久狮,服装,4.0,,L3,rated,True,,rated,parsed,rating_anchor,0.9981,0.9987,63,1,久狮,115.31,115.31,evidence/card_0144.jpg,ocr/input_videos\上海__大宁久光中心__20260824.mp4,久狮 | 4.0服装 | 🌟🌟🌟🌟🌟 | L3,4.0服装 | 🌟🌟🌟🌟🌟 | L3,建议复核,single_observation
CARD-0145,大宁久光中心,东黎DONGLI,东黎DONGLI,服装,3.7,,L3,rated,True,,rated,parsed,rating_anchor,0.9993,0.9988,51,3,东黎DONGLI,120.21,121.19,evidence/card_0145.jpg,ocr/input_videos\上海__大宁久光中心__20260824.mp4,东黎DONGLI | 🌟🌟🌟🌟🌟 | 服装 | L3 | 3.7 | 羊绒制品设计感强，员工热心专业“ | “,🌟🌟🌟🌟🌟 | 服装 | L3 | 3.7,结构完整,
CARD-0146,大宁久光中心,ENWEIS伊维斯,ENWEIS伊维斯,服饰鞋包,3.1,,L3,rated,True,,rated,parsed,rating_anchor,0.999,0.9984,51,3,ENWEIS伊维斯,120.21,121.19,evidence/card_0146.jpg,ocr/input_videos\上海__大宁久光中心__20260824.mp4,ENWEIS伊维斯 | 🌟🌟🎉 | 服饰鞋包 | L3 | ★⭐ | 3.1,🌟🌟🎉 | 服饰鞋包 | L3 | ★⭐ | 3.1,结构完整,
CARD-0147,大宁久光中心,JNBY,JNBY,月,3.8,816,L2,rated,True,,rated,parsed,rating_anchor,0.98,0.9991,50,3,JNBY,120.21,121.19,evidence/card_0147.jpg,ocr/input_videos\上海__大宁久光中心__20260824.mp4,JNBY | L2 | 🌟🌟🌟🌟🌟 | 服饰鞋包￥816/人 | 3.8月 | JNBY,L2 | 🌟🌟🌟🌟🌟 | 服饰鞋包￥816/人 | 3.8月,结构完整,
CARD-0148,大宁久光中心,MARCOPOLO,MARCOPOLO,服装,4.1,,L2,rated,True,,rated,parsed,rating_anchor,0.999,0.9983,44,6,MARCOPOLO,120.21,123.94,evidence/card_0148.jpg,ocr/input_videos\上海__大宁久光中心__20260824.mp4,MARCOPOLO | MarOPlo | 🌟🌟⭐⭐ | 服装 | L2 | 4.1 | 点评榜单 | 大宁地区服装好评榜第6名 | 服务热情，购物体验舒适放松,🌟🌟⭐⭐ | 服装 | L2 | 4.1,结构完整,
CARD-0149,大宁久光中心,73Hours,73Hours,鞋靴,3.9,,L2,rated,True,,rated,parsed,rating_anchor,0.9988,0.999,55,5,73Hours,120.8,123.94,evidence/card_0149.jpg,ocr/input_videos\上海__大宁久光中心__20260824.mp4,73Hours | 🌟🌟🌟🌟🌟 | 鞋靴 | L2 | 3.9 | 3lons. | 点评榜单 | 静安区鞋靴热门榜第7名 | 鞋子舒适又好看，活动买二送一超值 | 小,🌟🌟🌟🌟🌟 | 鞋靴 | L2 | 3.9,结构完整,
CARD-0150,大宁久光中心,LUXLINCO,LUXLINCO,服饰鞋包,3.7,,L6,rated,True,,rated,parsed,rating_anchor,0.9992,0.999,45,4,LUXLINCO,123.15,126.29,evidence/card_0150.jpg,ocr/input_videos\上海__大宁久光中心__20260824.mp4,LUXLINCO | LURUNOO | L6 | ★🌟★🌟★ | 服饰鞋包 | 3.7 | 导购服务贴心，品牌特卖优惠多“ | ““,L6 | ★🌟★🌟★ | 服饰鞋包 | 3.7,结构完整,
CARD-0151,大宁久光中心,INSUN,INSUN,服饰鞋包,3.5,,L3,rated,True,,rated,parsed,rating_anchor,0.9992,0.9989,46,5,INSUN,123.15,127.86,evidence/card_0151.jpg,ocr/input_videos\上海__大宁久光中心__20260824.mp4,INSUN | L3 | 🌟🌟🌟🌟 | 服饰鞋包 | 3.5,L3 | 🌟🌟🌟🌟 | 服饰鞋包 | 3.5,结构完整,
CARD-0152,大宁久光中心,La Martina,LaMartina,服饰鞋包,4.1,,L2,rated,True,,rated,parsed,rating_anchor,0.9914,0.988,50,5,La Martina,123.15,127.86,evidence/card_0152.jpg,ocr/input_videos\上海__大宁久光中心__20260824.mp4,La Martina | 🌟🌟⭐⭐ | L2 | 4.1服饰鞋包 | ★,🌟🌟⭐⭐ | L2 | 4.1服饰鞋包 | ★,结构完整,
CARD-0153,大宁久光中心,戴尔DELL官方旗舰店·售后维修站,戴尔DELL官方旗舰店·售后维修站,数码产品,4.1,3823,L4,rated,True,,rated,parsed,rating_anchor,0.9823,0.9911,57,5,戴尔 DELL官方旗舰店·售后维修站 | 戴尔DELL官方旗舰店·售后维修站,123.15,127.86,evidence/card_0153.jpg,ocr/input_videos\上海__大宁久光中心__20260824.mp4,戴尔DELL官方旗舰店·售后维修站 | DLL | ⭐🌟⭐⭐4.1 | L4 | 数码产品￥3823/人 | Technologies | 售前售后一体化，交通便利停车方便 | C | ￥29￥50代金券 | 惠,⭐🌟⭐⭐4.1 | L4 | 数码产品￥3823/人,结构完整,
CARD-0154,大宁久光中心,HIT·Collection收卡吧卡牌买取专...,HIT·Collection收卡吧卡牌买取专,购物,4.4,,B1,rated,True,,rated,parsed,rating_anchor,0.941,0.945,50,4,HIT·Collection收卡吧卡牌买取专... | HIT·Collection收卡吧卡牌买取专…..,126.29,129.04,evidence/card_0154.jpg,ocr/input_videos\上海__大宁久光中心__20260824.mp4,HIT·Collection收卡吧卡牌买取专... | IT.Caleo | ⭐4.4购物 | B1,⭐4.4购物 | B1,建议复核,name_truncated
CARD-0155,大宁久光中心,MIZUNO美津浓,MIZUNO美津浓,运动户外,3.8,1308,B1,rated,True,,rated,parsed,rating_anchor,0.9863,0.9983,50,3,MIZUNO美津浓,127.86,129.04,evidence/card_0155.jpg,ocr/input_videos\上海__大宁久光中心__20260824.mp4,MIZUNO美津浓 | YMizua | 🌟🌟🌟🌟⭐ | B1 | 3.8运动户外￥1308/人 | 导购服务热情，高尔夫系列性价比高 | “,🌟🌟🌟🌟⭐ | B1 | 3.8运动户外￥1308/人,结构完整,
CARD-0156,大宁久光中心,MIO,MIO,鞋靴,3.6,,L2,rated,True,,rated,parsed,rating_anchor,0.9946,0.9899,53,3,MIO,127.86,129.04,evidence/card_0156.jpg,ocr/input_videos\上海__大宁久光中心__20260824.mp4,MIO | 6 | 🌟🌟🌟🌟🌟 | 鞋靴 | L2 | 3.6 | 服务员热情周到，试鞋体验舒适 | 1,🌟🌟🌟🌟🌟 | 鞋靴 | L2 | 3.6,结构完整,
CARD-0157,大宁久光中心,she's,she's,服饰鞋包,3.5,,L3,rated,True,,rated,parsed,rating_anchor,0.9928,0.9862,58,2,she's,128.45,129.04,evidence/card_0157.jpg,ocr/input_videos\上海__大宁久光中心__20260824.mp4,she's | L3 | 🌟🌟⭐🌟🌟 | 服饰鞋包 | 3.5 | 产品精致漂亮，服务态度很好,L3 | 🌟🌟⭐🌟🌟 | 服饰鞋包 | 3.5,结构完整,
CARD-0158,大宁久光中心,C-Oli,C-Oli,配饰,3.6,224,B1,rated,True,,rated,parsed,rating_anchor,0.9683,0.9836,55,3,C-Oli,128.45,131.19,evidence/card_0158.jpg,ocr/input_videos\上海__大宁久光中心__20260824.mp4,C-Oli | 🌟🌟🌟🌟🌟 | 配饰￥224/人 | B1 | 3.6 | “种类多样，款式更新快”,🌟🌟🌟🌟🌟 | 配饰￥224/人 | B1 | 3.6,结构完整,
CARD-0159,大宁久光中心,UNTITLED,UNTITLED,服装,3.5,,L2,rated,True,,rated,parsed,rating_anchor,0.9996,0.9995,45,4,UNTITLED,128.45,133.35,evidence/card_0159.jpg,ocr/input_videos\上海__大宁久光中心__20260824.mp4,UNTITLED | 🌟🌟🌟🌟🌟 | 服装 | L2 | 3.5,🌟🌟🌟🌟🌟 | 服装 | L2 | 3.5,结构完整,
CARD-0160,大宁久光中心,敦奴,敦奴,服装,3.4,,L3,rated,True,,rated,parsed,rating_anchor,0.9506,0.9984,66,3,敦奴,131.19,134.14,evidence/card_0160.jpg,ocr/input_videos\上海__大宁久光中心__20260824.mp4,敦奴 | 始观 | dunnu | ⭐3.4服装 | L3,⭐3.4服装 | L3,结构完整,
CARD-0161,大宁久光中心,ERDOS,ERDOS,服饰鞋包,3.5,,L3,rated,True,,rated,parsed,rating_anchor,0.999,0.9987,53,3,ERDOS,131.19,134.14,evidence/card_0161.jpg,ocr/input_videos\上海__大宁久光中心__20260824.mp4,ERDOS | 🌟🌟🌟🌟🌟 | 服饰鞋包 | L3 | 3.5 | ERDOS,🌟🌟🌟🌟🌟 | 服饰鞋包 | L3 | 3.5,结构完整,
CARD-0162,大宁久光中心,Edition,Edition,服装,3.5,,L2,rated,True,,rated,parsed,rating_anchor,0.9992,0.9987,61,3,Edition,131.19,134.14,evidence/card_0162.jpg,ocr/input_videos\上海__大宁久光中心__20260824.mp4,Edition | 服装 | ⭐🌟🌟🌟🌟 | L2 | 3.5,服装 | ⭐🌟🌟🌟🌟 | L2 | 3.5,结构完整,
CARD-0163,大宁久光中心,dproject,dproject,服装,4.0,774,L2,rated,True,,rated,parsed,rating_anchor,0.9793,0.9992,63,3,dproject,131.19,134.14,evidence/card_0163.jpg,ocr/input_videos\上海__大宁久光中心__20260824.mp4,dproject | 🌟🌟🌟🌟 | L2 | 服装￥774/人 | 4.0 | ★ | “棉麻面料柔软舒适，透气性很好”,🌟🌟🌟🌟 | L2 | 服装￥774/人 | 4.0 | ★,结构完整,
CARD-0164,大宁久光中心,LACOSTE,LACOSTE,服装,4.2,900,L2,rated,True,,rated,parsed,rating_anchor,0.9993,0.9991,52,3,LACOSTE,133.35,135.7,evidence/card_0164.jpg,ocr/input_videos\上海__大宁久光中心__20260824.mp4,LACOSTEF | LACOSTE | L2 | 🌟🌟🌟🌟 | ￥900/人 | 服装 | 4.2 | 点评榜单 | 大宁地区服装好评榜第4名 | 依我之见Amonavis,L2 | 🌟🌟🌟🌟 | ￥900/人 | 服装 | 4.2,结构完整,
CARD-0165,大宁久光中心,UNIIILCD,UNIIILCD,服装,3.5,,L2,rated,True,,rated,parsed,rating_anchor,0.9221,0.8445,31,1,UNIIILCD,134.14,134.14,evidence/card_0165.jpg,ocr/input_videos\上海__大宁久光中心__20260824.mp4,UNIIILCD | 🌟🌟🎉🌟🌟 | 服装 | L2 | 3.5,🌟🌟🎉🌟🌟 | 服装 | L2 | 3.5,建议复核,single_observation
CARD-0166,大宁久光中心,依我之见Amonavis,依我之见Amonavis,服饰鞋包,3.3,,L2,rated,True,,rated,parsed,rating_anchor,0.9959,0.9987,57,1,依我之见Amonavis,135.7,135.7,evidence/card_0166.jpg,ocr/input_videos\上海__大宁久光中心__20260824.mp4,依我之见Amonavis | 3.3服饰鞋包 | ⭐🌟 | L2 | ★★,3.3服饰鞋包 | ⭐🌟 | L2 | ★★,建议复核,single_observation
CARD-0167,大宁久光中心,佐奈美珠宝,佐奈美珠宝,银饰珍珠,4.3,832,L3,rated,True,,rated,parsed,rating_anchor,0.9877,0.9999,61,1,佐奈美珠宝,135.7,135.7,evidence/card_0167.jpg,ocr/input_videos\上海__大宁久光中心__20260824.mp4,佐奈美珠宝 | ⭐🌟🌟🌟 | 银饰珍珠￥832/人 | L3 | 4.3 | ★ | “款式简单大方，购物体验愉快” | “ | 保养务 | 区型 | 佐奈美珍珠饰品,⭐🌟🌟🌟 | 银饰珍珠￥832/人 | L3 | 4.3 | ★,建议复核,single_observation
CARD-0168,大宁久光中心,KORADIOR,KORADIOR,服装,3.7,,L3,rated,True,,rated,parsed,rating_anchor,0.9983,0.9968,57,1,KORADIOR,135.7,135.7,evidence/card_0168.jpg,ocr/input_videos\上海__大宁久光中心__20260824.mp4,KORADIOR | 服装 | 🌟🌟🌟🌟🌟 | 3.7 | L3 | Koradior,服装 | 🌟🌟🌟🌟🌟 | 3.7 | L3,建议复核,single_observation
CARD-0169,大宁久光中心,AIGLE,AIGLE,服装,3.5,,L2,rated,True,,rated,parsed,rating_anchor,0.8909,0.9975,54,1,AIGLE,135.7,135.7,evidence/card_0169.jpg,ocr/input_videos\上海__大宁久光中心__20260824.mp4,AIGLE | 🌟🌟⭐3.5服装 | L2,🌟🌟⭐3.5服装 | L2,建议复核,single_observation
CARD-0170,大宁久光中心,CPB肌肤之钥,CPB肌肤之钥,化妆品,3.4,,L1,rated,True,,rated,parsed,rating_anchor,0.9992,0.9992,52,4,CPB肌肤之钥,135.7,140.61,evidence/card_0170.jpg,ocr/input_videos\上海__大宁久光中心__20260824.mp4,CPB肌肤之钥 | 🌟★🌟★🌟 | 化妆品 | L1 | 3.4,🌟★🌟★🌟 | 化妆品 | L1 | 3.4,结构完整,
CARD-0171,大宁久光中心,小熊男装,小熊男装,服装,3.6,,L4,rated,True,,rated,parsed,rating_anchor,0.9932,0.9866,56,4,小熊男装,138.25,141.2,evidence/card_0171.jpg,ocr/input_videos\上海__大宁久光中心__20260824.mp4,小熊男装 | 服装 | 🌟🌟🌟🌟⭐ | L4 | 3.6 | 小熊少年感t恤，百搭又干净,服装 | 🌟🌟🌟🌟⭐ | L4 | 3.6,结构完整,
CARD-0172,大宁久光中心,Eland,Eland,服饰鞋包,3.4,,L2,rated,True,,rated,parsed,rating_anchor,0.9976,0.9975,55,5,Eland,138.25,142.37,evidence/card_0172.jpg,ocr/input_videos\上海__大宁久光中心__20260824.mp4,Eland | ⭐🌟🎉 | L2 | 3.4服饰鞋包 | ★★ | Eland,⭐🌟🎉 | L2 | 3.4服饰鞋包 | ★★,结构完整,
CARD-0173,大宁久光中心,ALIENWARE外星人,ALIENWARE外星人,数码产品,4.9,15439,L4,rated,True,,rated,parsed,rating_anchor,0.9983,0.997,51,5,ALIENWARE外星人,138.25,142.37,evidence/card_0173.jpg,ocr/input_videos\上海__大宁久光中心__20260824.mp4,ALIENWARE外星人 | 国家补贴 | 数码产品 | 🌟🌟🎉🌟🌟 | L4 | ￥15439/人 | 4.9 | 点评榜单 | 大宁地区购物好评榜第4名 | 外星人直营门虑，后维修服务站 | ALIENWARE | 政府补贴15% | 外观设计酷炫，游戏体验流畅 | 7 | 京1500 | 惠 | ￥1￥500 | 学生购机专享500优惠 | ￥29￥50代金券 | 惠,数码产品 | 🌟🌟🎉🌟🌟 | L4 | ￥15439/人 | 4.9,结构完整,
CARD-0174,大宁久光中心,LAYDAY,LAYDAY,服装,3.4,,L2,rated,True,,rated,parsed,rating_anchor,0.9994,0.999,48,5,LAYDAY,138.25,142.37,evidence/card_0174.jpg,ocr/input_videos\上海__大宁久光中心__20260824.mp4,LAYDAY | L2 | 🌟🌟⭐ | 服装 | ★★ | 3.4 | 衣服款式好看，性价比高 | C,L2 | 🌟🌟⭐ | 服装 | ★★ | 3.4,结构完整,
CARD-0175,大宁久光中心,SNIDEL,SNIDEL,服装,3.2,1000,L2,rated,True,,rated,parsed,rating_anchor,0.9799,0.9987,55,4,SNIDEL,140.61,143.16,evidence/card_0175.jpg,ocr/input_videos\上海__大宁久光中心__20260824.mp4,SNIDEL | SNIDEL | ⭐🌟⭐ | 服装￥1000/人 | L2 | 3.2 | 点评榜单 | 大宁地区服饰鞋包热门榜第6名 | 日系风格甜美可爱，收腰设计显气质 | “,⭐🌟⭐ | 服装￥1000/人 | L2 | 3.2,结构完整,
CARD-0176,大宁久光中心,Echolac爱可乐,Echolac爱可乐,服饰鞋包,4.7,,L2,rated,True,,rated,parsed,rating_anchor,0.9992,0.999,60,2,Echolac爱可乐,142.37,143.16,evidence/card_0176.jpg,ocr/input_videos\上海__大宁久光中心__20260824.mp4,Echolac爱可乐 | L2 | 🌟🌟🌟🌟🌟 | 服饰鞋包 | 4.7 | ECHOLAC | 可 | 乐 | 爱 | 点评榜单 | 大宁地区服饰鞋包好评榜第10名 | 始于1964，畅销全球50+国 | “铝镁合金拉杆箱， | 轻便耐用 | 55,L2 | 🌟🌟🌟🌟🌟 | 服饰鞋包 | 4.7,结构完整,
CARD-0177,大宁久光中心,Samsonite新秀丽,Samsonite新秀丽,服饰鞋包,,,L4,unknown,True,,ocr_missing,parsed,metadata_anchor,0.9994,0.9997,54,1,Samsonite新秀丽,143.16,143.16,evidence/card_0177.jpg,ocr/input_videos\上海__大宁久光中心__20260824.mp4,Samsonite新秀丽 | 服饰鞋包 | L4 | 🌟🌟🌟🌟🌟 | 14.8 | SamsGnite | 大宁地区服饰鞋包热门榜第9名 | 点评榜单 | 款式多样，店员介绍详细 | 惠￥1￥999 | 购正价产品满4999赠送首饰...,服饰鞋包 | L4 | 🌟🌟🌟🌟🌟 | 14.8,建议复核,single_observation | rating_missing | metadata_anchor
CARD-0178,大宁久光中心,pikolinos,pikolinos,鞋靴,3.6,,L2,rated,True,,rated,parsed,rating_anchor,0.9857,0.9735,65,1,pikolinos,143.16,143.16,evidence/card_0178.jpg,ocr/input_videos\上海__大宁久光中心__20260824.mp4,pikolinos | 鞋靴 | 🌟🌟🌟🌟 | L2 | 3.6,鞋靴 | 🌟🌟🌟🌟 | L2 | 3.6,建议复核,single_observation
CARD-0179,大宁久光中心,ICICLE之禾女装店,ICICLE之禾女装店,服装,4.0,,L2,rated,True,,rated,parsed,rating_anchor,0.9923,0.9864,57,1,ICICLE之禾女装店,143.16,143.16,evidence/card_0179.jpg,ocr/input_videos\上海__大宁久光中心__20260824.mp4,ICICLE之禾女装店 | 之禾 | 4.0服装 | L2 | 🌟🌟🌟🎉 | ★,4.0服装 | L2 | 🌟🌟🌟🎉 | ★,建议复核,single_observation
CARD-0180,大宁久光中心,callisto,callisto,服饰鞋包,3.5,,L4,rated,True,,rated,parsed,rating_anchor,0.9945,0.9914,56,2,callisto,143.16,144.92,evidence/card_0180.jpg,ocr/input_videos\上海__大宁久光中心__20260824.mp4,callisto | callito | 3.5服饰鞋包 | 🌟🌟⭐🌟🌟 | L4,3.5服饰鞋包 | 🌟🌟⭐🌟🌟 | L4,结构完整,
CARD-0181,大宁久光中心,Columbia,Columbia,运动户外,3.6,,B1,rated,True,,rated,parsed,rating_anchor,0.9994,0.9997,52,3,Columbia,144.92,148.45,evidence/card_0181.jpg,ocr/input_videos\上海__大宁久光中心__20260824.mp4,Columbia | Columbia | 🌟🌟🌟🌟🌟 | B1 | 运动户外 | 3.6 | 面料手感不错，外套防水保暖,🌟🌟🌟🌟🌟 | B1 | 运动户外 | 3.6,结构完整,
CARD-0182,大宁久光中心,DIDPAN,DIDPAN,服装,4.0,,L3,rated,True,,rated,parsed,rating_anchor,0.9996,0.9995,46,3,DIDPAN,144.92,148.45,evidence/card_0182.jpg,ocr/input_videos\上海__大宁久光中心__20260824.mp4,DIDPAN | 🌟🌟🌟🌟 | 服装 | L3 | 4.0 | ★,🌟🌟🌟🌟 | 服装 | L3 | 4.0 | ★,结构完整,
CARD-0184,大宁久光中心,TKY SHOP,TKYSHOP,服装,4.2,,L2,rated,True,,rated,parsed,rating_anchor,0.9967,0.9937,49,4,TKY SHOP | TKYSHOP,144.92,149.43,evidence/card_0184.jpg,ocr/input_videos\上海__大宁久光中心__20260824.mp4,TKY SHOP | TKY SHOP | 服装 | ⭐🌟🌟🌟 | L2 | 4.2 | ★ | 点评榜单 | 大宁地区服装好评榜第5名,服装 | ⭐🌟🌟🌟 | L2 | 4.2 | ★,结构完整,
CARD-0185,大宁久光中心,TUDOR帝舵,TUDOR帝舵,钟表,4.6,29283,L1,rated,True,,rated,parsed,rating_anchor,0.9856,0.9992,59,5,TUDOR帝舵,147.47,150.41,evidence/card_0185.jpg,ocr/input_videos\上海__大宁久光中心__20260824.mp4,TUDOR帝舵 | 円 | 钟表￥29283/人 | L1 | 🌟🌟🌟🎉🌟 | 4.6 | TUDOR | 点评榜单 | 静安区钟表好评榜第9名 | 轻盈舒适，表壳材质先进,钟表￥29283/人 | L1 | 🌟🌟🌟🎉🌟 | 4.6,结构完整,
CARD-0186,大宁久光中心,小米之家,小米之家,数码产品,4.4,2142,B1,rated,True,,rated,parsed,rating_anchor,0.9893,0.9988,56,3,小米之家,149.43,150.41,evidence/card_0186.jpg,ocr/input_videos\上海__大宁久光中心__20260824.mp4,小米之家 | mI | ⭐🌟🎉⭐ | 4.4数码产品￥2142/人 | B1 | ★ | 背屏功能独家，续航持久 | “ | ￥9.99￥11.1小米巨能写中性笔10支装 | 惠,⭐🌟🎉⭐ | 4.4数码产品￥2142/人 | B1 | ★,结构完整,
CARD-0187,大宁久光中心,NITORI宜得利家居,NITORI宜得利家居,居家日用,4.8,125,B1,rated,True,,rated,parsed,rating_anchor,0.986,0.9965,59,3,NITORI 宜得利家居 | NITORI宜得利家居,149.43,150.41,evidence/card_0187.jpg,ocr/input_videos\上海__大宁久光中心__20260824.mp4,NITORI宜得利家居 | NITORI | B1 | 4.8居家日用 | ￥125/人 | 宜得利家居 | 卡通图案干净，杯子大容量,B1 | 4.8居家日用 | ￥125/人,结构完整,
CARD-0188,大宁久光中心,URLAZH,URLAZH,服饰鞋包,3.5,,L2,rated,True,,rated,parsed,rating_anchor,0.9987,0.9982,48,3,URLAZH,149.43,150.41,evidence/card_0188.jpg,ocr/input_videos\上海__大宁久光中心__20260824.mp4,URLAZH | 🌟⭐ | L2 | 服饰鞋包 | 3.5,🌟⭐ | L2 | 服饰鞋包 | 3.5,结构完整,
CARD-0189,大宁久光中心,爱慕,爱慕,内衣,3.4,,L3,rated,True,,rated,parsed,rating_anchor,0.9877,0.9955,62,2,爱慕,149.82,150.41,evidence/card_0189.jpg,ocr/input_videos\上海__大宁久光中心__20260824.mp4,AIMER | 爱慕 | 爱幕 | 3.4内衣625/人 | L3,3.4内衣625/人 | L3,结构完整,
CARD-0190,大宁久光中心,诗篇,诗篇,服饰鞋包,3.5,,L3,rated,True,,rated,parsed,rating_anchor,0.9984,0.9999,62,4,诗篇,149.82,152.37,evidence/card_0190.jpg,ocr/input_videos\上海__大宁久光中心__20260824.mp4,诗篇 | 三PSALTERE | 3.5服饰鞋包 | L3 | 🌟🌟🌟🌟🌟,3.5服饰鞋包 | L3 | 🌟🌟🌟🌟🌟,结构完整,
CARD-0191,大宁久光中心,blancvert,blancvert,服装,3.5,,L2,rated,True,,rated,parsed,rating_anchor,0.9996,0.9994,52,3,blancvert,152.18,154.53,evidence/card_0191.jpg,ocr/input_videos\上海__大宁久光中心__20260824.mp4,blancvert | evert | 服装 | 🌟🌟🌟⭐ | L2 | 3.5,服装 | 🌟🌟🌟⭐ | L2 | 3.5,结构完整,
CARD-0192,大宁久光中心,montbell,montbell,运动户外,3.3,1057,L1,rated,True,,rated,parsed,rating_anchor,0.9827,0.9989,55,4,montbell,152.18,155.71,evidence/card_0192.jpg,ocr/input_videos\上海__大宁久光中心__20260824.mp4,montbell | ⭐🌟⭐⭐🌟 | 运动户外￥1057/人 | L1 | 3.3 | “面料耐磨防泼水，时尚百搭”,⭐🌟⭐⭐🌟 | 运动户外￥1057/人 | L1 | 3.3,结构完整,
CARD-0193,大宁久光中心,例外exception,例外exception,服装,3.4,,L2,rated,True,,rated,parsed,rating_anchor,0.9997,0.9998,66,4,例外exception,152.18,155.71,evidence/card_0193.jpg,ocr/input_videos\上海__大宁久光中心__20260824.mp4,例外exception | 服装 | 🌟🌟🎉 | 3.4 | L2 | ★★,服装 | 🌟🌟🎉 | 3.4 | L2 | ★★,结构完整,
CARD-0194,大宁久光中心,SUCH SAIIA,SUCHSAIIA,服饰鞋包,4.8,890,B1,rated,True,,rated,parsed,rating_anchor,0.975,0.9815,51,5,SUCH SAIIA,152.18,155.9,evidence/card_0194.jpg,ocr/input_videos\上海__大宁久光中心__20260824.mp4,SUCH SAIIA | ★🌟🌟★🌟 | B1 | 服饰鞋包￥890/人 | 4.8 | 点评榜单 | 大宁地区服饰鞋包好评榜第7名 | 衣橱承包，时髦洋气性价比高,★🌟🌟★🌟 | B1 | 服饰鞋包￥890/人 | 4.8,结构完整,
CARD-0195,大宁久光中心,Bouthentique,Bouthentique,服装,3.4,,L2,rated,True,,rated,parsed,rating_anchor,0.9998,0.9998,60,6,Bouthentique,152.18,156.3,evidence/card_0195.jpg,ocr/input_videos\上海__大宁久光中心__20260824.mp4,Bouthentique | ⭐🌟🎉⭐🌟 | 服装 | L2 | 3.4,⭐🌟🎉⭐🌟 | 服装 | L2 | 3.4,结构完整,
CARD-0196,大宁久光中心,华歌尔,华歌尔,服饰鞋包,3.7,,L3,rated,True,,rated,parsed,rating_anchor,0.9998,1.0,58,3,华歌尔,155.71,156.3,evidence/card_0196.jpg,ocr/input_videos\上海__大宁久光中心__20260824.mp4,华歌尔 | 🌟🌟🌟🌟⭐ | L3 | 服饰鞋包 | 3.7,🌟🌟🌟🌟⭐ | L3 | 服饰鞋包 | 3.7,结构完整,
CARD-0197,大宁久光中心,VSKONNE,VSKONNE,服饰鞋包,3.5,,L4,rated,True,,rated,parsed,rating_anchor,0.9988,0.9981,47,3,VSKONNE,155.71,156.3,evidence/card_0197.jpg,ocr/input_videos\上海__大宁久光中心__20260824.mp4,VSKONNE | VSKONNE | 服饰鞋包 | 🌟🌟🌟🌟 | L4 | 3.5 | 设计简约时尚，肩腰处理到位” | 心,服饰鞋包 | 🌟🌟🌟🌟 | L4 | 3.5,结构完整,
CARD-0198,大宁久光中心,奧佳华,奥佳华,家用电器,3.7,,L4,rated,True,,rated,parsed,rating_anchor,0.932,0.8642,62,3,奥佳华 | 奧佳华,155.9,158.06,evidence/card_0198.jpg,ocr/input_videos\上海__大宁久光中心__20260824.mp4,奧佳华 | L4 | 🌟🌟🌟🌟🌟 | 家用电器 | 3.7 | “按摩椅体感舒适，送货快服务好”,L4 | 🌟🌟🌟🌟🌟 | 家用电器 | 3.7,结构完整,
CARD-0199,大宁久光中心,千百度,千百度,革,3.5,566,L2,rated,True,,rated,parsed,rating_anchor,0.9318,0.966,59,3,千百度,155.9,158.06,evidence/card_0199.jpg,ocr/input_videos\上海__大宁久光中心__20260824.mp4,千百度 | L2 | 🌟🌟★🌟⭐ | 3.5革 | 鞋靴￥566/人,L2 | 🌟🌟★🌟⭐ | 3.5革 | 鞋靴￥566/人,结构完整,
CARD-0200,大宁久光中心,MICHAEL KORS,MICHAELKORS,服饰鞋包,4.4,,L1,rated,True,,rated,parsed,rating_anchor,0.9899,0.9819,52,6,MICHAEL KORS,156.3,161.39,evidence/card_0200.jpg,ocr/input_videos\上海__大宁久光中心__20260824.mp4,MICHAEL KORS | 4.4服饰鞋包 | 🌟🌟🌟🌟🌟 | L1 | MICHAEL KORS,4.4服饰鞋包 | 🌟🌟🌟🌟🌟 | L1,结构完整,
CARD-0201,大宁久光中心,H·GENTEEL,H·GENTEEL,服装,3.7,,L2,rated,True,,rated,parsed,rating_anchor,0.9912,0.9826,52,6,H·GENTEEL,158.06,161.39,evidence/card_0201.jpg,ocr/input_videos\上海__大宁久光中心__20260824.mp4,H·GENTEEL | H-GENTEEL | 服装 | 🌟🌟⭐3.7 | L2,服装 | 🌟🌟⭐3.7 | L2,结构完整,
CARD-0202,大宁久光中心,SALOMON萨洛蒙,SALOMON萨洛蒙,运动户外,3.9,1575,L1,rated,True,,rated,parsed,rating_anchor,0.9848,0.9981,60,6,SALOMON萨洛蒙,158.06,161.39,evidence/card_0202.jpg,ocr/input_videos\上海__大宁久光中心__20260824.mp4,SALOMON萨洛蒙 | 3.9运动户外￥1575/人 | L1 | SALOMON | “暴走不疼，日常穿超舒服” | “,3.9运动户外￥1575/人 | L1,结构完整,
CARD-0203,大宁久光中心,任天堂Switch,任天堂Switch,数码产品,4.3,1434,B1,rated,True,,rated,parsed,rating_anchor,0.984,0.9993,58,6,任天堂Switch,158.06,161.39,evidence/card_0203.jpg,ocr/input_videos\上海__大宁久光中心__20260824.mp4,任天堂Switch | 🌟🌟🌟🌟★ | 4.3数码产品￥1434/人 | B1 | 四人同屏互坑，快乐翻倍！ | 5 | C,🌟🌟🌟🌟★ | 4.3数码产品￥1434/人 | B1,结构完整,
CARD-0204,大宁久光中心,LESS,LESS,服饰鞋包,3.6,,L2,rated,True,,rated,parsed,rating_anchor,0.9913,0.997,65,6,LESS,158.45,162.18,evidence/card_0204.jpg,ocr/input_videos\上海__大宁久光中心__20260824.mp4,LESS | 3.6服饰鞋包 | L2 | LESS | ￥450￥500LESS会员9折券450￥ | 惠,3.6服饰鞋包 | L2,结构完整,
CARD-0205,大宁久光中心,MO&Co.,MO&Co.,服饰鞋包,3.9,1856,L2,rated,True,,rated,parsed,rating_anchor,0.9646,0.9676,56,9,MO&Co. | MU&Co.,158.45,164.14,evidence/card_0205.jpg,ocr/input_videos\上海__大宁久光中心__20260824.mp4,MO&Co. | 3.9服饰鞋包￥1856/人 | L2 | MO&Co.,3.9服饰鞋包￥1856/人 | L2,结构完整,
CARD-0206,大宁久光中心,Calvin Klein,CalvinKlein,内衣,4.1,743,L1,rated,True,,rated,parsed,rating_anchor,0.9754,0.9942,49,4,Calvin Klein,162.18,164.14,evidence/card_0206.jpg,ocr/input_videos\上海__大宁久光中心__20260824.mp4,Calvin Klein | 🌟🌟⭐⭐ | L1 | 内衣￥743/人 | 4.1 | ★ | Calvin Klein | 店员服务耐心，内裤经典款式安心美丽 | “ | 号,🌟🌟⭐⭐ | L1 | 内衣￥743/人 | 4.1 | ★,结构完整,
CARD-0207,大宁久光中心,蔚来中心(上海久光中心),蔚来中心(上海久光中心),4S店,,59,L1,unknown,True,,ocr_missing,parsed,metadata_anchor,0.9537,0.9584,55,4,蔚来中心(上海久光中心) | 蔚来中心（上海久光中心),162.18,164.14,evidence/card_0207.jpg,ocr/input_videos\上海__大宁久光中心__20260824.mp4,蔚来中心(上海久光中心) | 购蔚来ES8 | 享1万元选装基金 | 3.84S店￥59/人 | L1 | “换电速度快，空间宽敞舒适”,3.84S店￥59/人 | L1,建议复核,rating_missing | metadata_anchor
CARD-0208,大宁久光中心,Tommy Hilfiger(上海久光中心店),TommyHilfiger(上海久光中心店),服饰鞋包,4.3,,L1,rated,True,,rated,parsed,rating_anchor,0.9953,0.9913,63,4,Tommy Hilfiger(上海久光中心店),162.18,164.14,evidence/card_0208.jpg,ocr/input_videos\上海__大宁久光中心__20260824.mp4,Tommy Hilfiger(上海久光中心店) | TOMMY | 🌟🌟⭐🎉 | L1 | 服饰鞋包 | 4.3 | H I L F I G E R,🌟🌟⭐🎉 | L1 | 服饰鞋包 | 4.3,结构完整,
CARD-0209,大宁久光中心,lululemon,lululemon,运动户外,4.0,1240,L1,rated,True,,rated,parsed,rating_anchor,0.9854,0.994,50,3,lululemon,162.37,164.14,evidence/card_0209.jpg,ocr/input_videos\上海__大宁久光中心__20260824.mp4,Ω | lululemon | 🌟🌟🎉🌟 | L1 | 4.0运动户外￥1240/人 | ★ | 登顶后呼吸清新空气，瑜伽裤舒适显身材”,🌟🌟🎉🌟 | L1 | 4.0运动户外￥1240/人 | ★,结构完整,
CARD-0210,大宁久光中心,HAZZYS哈吉斯,HAZZYS哈吉斯,服饰鞋包,4.3,1812,L2,rated,True,,rated,parsed,rating_anchor,0.9989,0.9985,51,4,HAZZYS哈吉斯,162.37,164.73,evidence/card_0210.jpg,ocr/input_videos\上海__大宁久光中心__20260824.mp4,HAZZYS哈吉斯 | h | 🌟🌟⭐🌟 | L2 | 服饰鞋包 | ￥1812/人 | 4.3 | 店员热情介绍，适合商务休闲 | HAZZYS,🌟🌟⭐🌟 | L2 | 服饰鞋包 | ￥1812/人 | 4.3,结构完整,
CARD-0211,大宁久光中心,MLB,MLB,运动户外,3.7,1017,B1,rated,True,,rated,parsed,rating_anchor,0.9825,0.9985,52,3,MLB,164.73,167.47,evidence/card_0211.jpg,ocr/input_videos\上海__大宁久光中心__20260824.mp4,MLB | 🌟🌟🌟🌟🌟 | B1 | 运动户外￥1017/人 | 3.7 | MLB | 拼色帽檐显白，脸显小,🌟🌟🌟🌟🌟 | B1 | 运动户外￥1017/人 | 3.7,结构完整,
CARD-0212,大宁久光中心,MUJI无印良品,MUJI无印良品,服饰鞋包,4.8,203,L2,rated,True,,rated,parsed,rating_anchor,0.9987,0.9983,51,3,MUJI无印良品,164.73,167.47,evidence/card_0212.jpg,ocr/input_videos\上海__大宁久光中心__20260824.mp4,MUJI无印良品 | 🌟🌟🌟🌟🌟 | ￥203/人 | L2 | MUJI | 服饰鞋包 | 4.8 | 無印良品 | 点评榜单 | 大宁地区服饰鞋包热门榜第1名 | 简约有格调，商品种类丰富 | 9,🌟🌟🌟🌟🌟 | ￥203/人 | L2 | 服饰鞋包 | 4.8,结构完整,
CARD-0213,大宁久光中心,Joy&Peace,Joy&Peace,鞋靴,3.5,,L2,rated,True,,rated,parsed,rating_anchor,0.9973,0.996,56,4,Joy&Peace,164.73,167.87,evidence/card_0213.jpg,ocr/input_videos\上海__大宁久光中心__20260824.mp4,Joy&Peace | 鞋靴 | L2 | 🌟🌟⭐🌟🌟 | 3.5 | 鞋子款式好看，皮质软服务热情 | SK,鞋靴 | L2 | 🌟🌟⭐🌟🌟 | 3.5,结构完整,
CARD-0214,大宁久光中心,NB 1906,NB1906,服饰鞋包,4.0,,B1,rated,True,,rated,parsed,rating_anchor,0.9903,0.9813,52,4,NB 1906,164.73,167.87,evidence/card_0214.jpg,ocr/input_videos\上海__大宁久光中心__20260824.mp4,NB 1906 | 书 | 🌟🌟🌟🌟 | B1 | 服饰鞋包 | 4.0 | ★ | new balance,🌟🌟🌟🌟 | B1 | 服饰鞋包 | 4.0 | ★,结构完整,
CARD-0215,大宁久光中心,小天才步步高,小天才步步高,数码产品,4.8,1256,L3,rated,True,,rated,parsed,rating_anchor,0.9828,0.9986,52,5,小天才步步高,164.73,168.45,evidence/card_0215.jpg,ocr/input_videos\上海__大宁久光中心__20260824.mp4,小天才步步高 | L3 | 🌟🌟🎉🌟4.8 | 数码产品￥1256/人 | 拍照清晰防水，定位到楼层很放心” | C220 | R | ￥0.1 | 0.3折 | 【全国特价】小天才表. | ￥5 | 惠,L3 | 🌟🌟🎉🌟4.8 | 数码产品￥1256/人,结构完整,
CARD-0216,大宁久光中心,DJI大疆,DJI大疆,4277/商场内,4.9,,商场内,rated,True,,rated,parsed,rating_anchor,0.9779,0.998,57,3,DJI大疆,167.87,170.22,evidence/card_0216.jpg,ocr/input_videos\上海__大宁久光中心__20260824.mp4,DJI大疆 | 山ı | ⭐🌟4.9 | ￥4277/商场内 | 数码... | 点评榜单 | 大宁地区购物好评榜第8名 | 授权体验店 | 新无人机和云台超赞，店内科技感十足,⭐🌟4.9 | ￥4277/商场内 | 数码...,结构完整,
CARD-0217,大宁久光中心,STENDERS施丹兰,STENDERS施丹兰,化妆品,3.4,749,L1,rated,True,,rated,parsed,rating_anchor,0.999,0.999,51,4,STENDERS施丹兰,167.87,170.41,evidence/card_0217.jpg,ocr/input_videos\上海__大宁久光中心__20260824.mp4,STENDERS施丹兰 | L1 | ⭐🌟🌟 | ￥749/人 | 化妆品 | 3.4 | ★★ | STENDERS | C | T | 用新颖产品和神奇香味，体验玩泡泡的..,L1 | ⭐🌟🌟 | ￥749/人 | 化妆品 | 3.4 | ★★,结构完整,
CARD-0218,大宁久光中心,Talitaqoom,Talitaqoom,鞋靴,3.5,963,L2,rated,True,,rated,parsed,rating_anchor,0.9808,0.9983,60,6,Talitaqoom,168.45,171.98,evidence/card_0218.jpg,ocr/input_videos\上海__大宁久光中心__20260824.mp4,Talitaqoom | 🌟🌟⭐🌟⭐ | 3.5鞋靴￥963/人 | L2,🌟🌟⭐🌟⭐ | 3.5鞋靴￥963/人 | L2,结构完整,
CARD-0219,大宁久光中心,Theory,Theory,服装,3.7,,L1,rated,True,,rated,parsed,rating_anchor,0.9996,0.9995,71,6,Theory,168.45,171.98,evidence/card_0219.jpg,ocr/input_videos\上海__大宁久光中心__20260824.mp4,Theory | 🌟🌟🌟🎉 | 服装 | L1 | 3.7 | Theory,🌟🌟🌟🎉 | 服装 | L1 | 3.7,结构完整,
CARD-0220,大宁久光中心,ACTREE,ACTREE,服装,4.4,960,B2,rated,True,,rated,parsed,rating_anchor,0.9827,0.998,46,5,ACTREE,170.22,171.98,evidence/card_0220.jpg,ocr/input_videos\上海__大宁久光中心__20260824.mp4,ACTREE | ABE | 🌟🌟🌟🌟 | B2 | 4.4服装￥960/人 | 点评榜单 | 大宁地区服装好评榜第2名 | 服饰搭配齐全，设计时尚舒适,🌟🌟🌟🌟 | B2 | 4.4服装￥960/人,结构完整,
CARD-0221,大宁久光中心,POLO RALPH LAUREN,POLORALPHLAUREN,服装,4.0,1792,L1,rated,True,,rated,parsed,rating_anchor,0.9681,0.9747,47,7,POLO RALPH LAUREN,170.22,173.55,evidence/card_0221.jpg,ocr/input_videos\上海__大宁久光中心__20260824.mp4,POLO RALPH LAUREN | 🌟🌟⭐⭐ | L1 | 服装￥1792/人 | 4.0 | ★ | 点评榜单 | 大宁地区服饰鞋包热门榜第4名 | 试衣间宽敞干净，衣服版型超显比例,🌟🌟⭐⭐ | L1 | 服装￥1792/人 | 4.0 | ★,结构完整,
CARD-0222,大宁久光中心,RAVOUX(久光中心店),RAVOUX(久光中心店),服饰鞋包,3.4,1105,L2,rated,True,,rated,parsed,rating_anchor,0.9797,0.9881,55,6,RAVOUX(久光中心店),170.41,173.55,evidence/card_0222.jpg,ocr/input_videos\上海__大宁久光中心__20260824.mp4,RAVOUX(久光中心店) | RAVCUR | L2 | ⭐🌟⭐ | 3.4服饰鞋包￥1105/人 | ★★ | 位置超好找，新中式风格美翻了”,L2 | ⭐🌟⭐ | 3.4服饰鞋包￥1105/人 | ★★,结构完整,
CARD-0223,大宁久光中心,Clarks,Clarks,鞋靴,3.4,,商场内,rated,True,,rated,parsed,rating_anchor,0.9973,0.9986,59,5,Clarks,170.81,173.55,evidence/card_0223.jpg,ocr/input_videos\上海__大宁久光中心__20260824.mp4,Clarks | 3.4鞋靴 | 商场内,3.4鞋靴 | 商场内,结构完整,
CARD-0224,大宁久光中心,niko and,nikoand,服饰鞋包,4.9,274,L1,rated,True,,rated,parsed,rating_anchor,0.9453,0.9475,52,3,niko and,172.57,174.53,evidence/card_0224.jpg,ocr/input_videos\上海__大宁久光中心__20260824.mp4,niko and | 服饰鞋包￥274/人 | L1 | 🌟🌟🌟🌟🌟 | 4.9 | niko and .. | 点评榜单 | 大宁地区服饰鞋包好评榜第1名 | 环境温馨简约，拍照超出片 | 2,服饰鞋包￥274/人 | L1 | 🌟🌟🌟🌟🌟 | 4.9,结构完整,
CARD-0225,大宁久光中心,CLMX,CLMX,服装,4.8,760,L2,rated,True,,rated,parsed,rating_anchor,0.975,0.9918,51,5,CLMX,172.57,175.32,evidence/card_0225.jpg,ocr/input_videos\上海__大宁久光中心__20260824.mp4,CLMX | 4.8服装￥760/人 | L2 | 点评榜单 | 大宁地区服装好评榜第1名 | 粉色控必爱，服务热情专业,4.8服装￥760/人 | L2,结构完整,
CARD-0226,大宁久光中心,阿玛尼,阿玛尼,化妆品,3.4,795,L1,rated,True,,rated,parsed,rating_anchor,0.9858,0.9994,58,4,阿玛尼,174.53,176.3,evidence/card_0226.jpg,ocr/input_videos\上海__大宁久光中心__20260824.mp4,阿玛尼 | SS CODE FORFUOL | 🌟 | 3.4化妆品￥795/人 | L1 | ★★ | 粉底液细腻，服务详细周到” | 5,🌟 | 3.4化妆品￥795/人 | L1 | ★★,结构完整,
CARD-0227,大宁久光中心,jnbybyJNBY,jnbybyJNBY,服饰鞋包,3.8,,商场内,rated,True,,rated,parsed,rating_anchor,0.998,0.998,64,4,jnbybyJNBY,174.53,176.3,evidence/card_0227.jpg,ocr/input_videos\上海__大宁久光中心__20260824.mp4,jnbybyJNBY | jnby | 商场内 | 🌟🌟🌟🌟🌟 | 3.8服饰鞋包 | by | JNBY,商场内 | 🌟🌟🌟🌟🌟 | 3.8服饰鞋包,结构完整,
CARD-0228,大宁久光中心,FreshMart 鲜品馆,FreshMart鲜品馆,超市便利,4.8,136,商场内,rated,True,,rated,parsed,rating_anchor,0.9785,0.9912,53,4,FreshMart 鲜品馆,174.53,176.3,evidence/card_0228.jpg,ocr/input_videos\上海__大宁久光中心__20260824.mp4,FreshMart 鲜品馆 | 商场内 | 🌟🌟★🌟4.8 | 超市便利￥136/人 | 点评榜单 | 大宁地区超市便利热门榜第3名 | “遛娃好去处，亲子活动超有趣,商场内 | 🌟🌟★🌟4.8 | 超市便利￥136/人,结构完整,
CARD-0229,大宁久光中心,牵绳记·手工编绳,牵绳记·手工编绳,服饰鞋包,4.8,841,B1,rated,True,,rated,parsed,rating_anchor,0.9809,0.9945,54,5,牵绳记·手工编绳,174.53,177.08,evidence/card_0229.jpg,ocr/input_videos\上海__大宁久光中心__20260824.mp4,牵绳记·手工编绳 | B1 | 🌟🌟🌟⭐🌟 | 服饰鞋包￥841/人 | 4.8 | 点评榜单 | 大宁地区服饰鞋包热门榜第5名 | “编手绳寓意好，配色级,B1 | 🌟🌟🌟⭐🌟 | 服饰鞋包￥841/人 | 4.8,结构完整,
CARD-0231,大宁久光中心,ecco,ecco,鞋靴,4.5,,L2,rated,True,,rated,parsed,rating_anchor,0.9992,0.9987,39,5,ecco,176.3,179.44,evidence/card_0231.jpg,ocr/input_videos\上海__大宁久光中心__20260824.mp4,ecco | uco | 鞋靴 | L2 | 🌟🌟🌟🌟🌟 | 4.5 | 点评榜单 | 静安区鞋靴好评榜第2名 | 特别轻便的小白鞋，购物体验愉快”,鞋靴 | L2 | 🌟🌟🌟🌟🌟 | 4.5,结构完整,
CARD-0232,大宁久光中心,POLA,POLA,化妆品,3.5,,L1,rated,True,,rated,parsed,rating_anchor,0.953,0.9982,51,4,POLA,177.08,179.44,evidence/card_0232.jpg,ocr/input_videos\上海__大宁久光中心__20260824.mp4,POLA | ⭐⭐⭐3.5化妆品 | L1 | POLA,⭐⭐⭐3.5化妆品 | L1,结构完整,
CARD-0233,大宁久光中心,娇韵诗,娇韵诗,化妆品,3.4,1016,L1,rated,True,,rated,parsed,rating_anchor,0.9984,0.998,58,5,娇韵诗,177.08,180.02,evidence/card_0233.jpg,ocr/input_videos\上海__大宁久光中心__20260824.mp4,娇韵诗 | ⭐🌟⭐ | ★★ | 化妆品 | L1 | ￥1016/人 | 3.4 | 24h超持妆，妆效持久柔雾,⭐🌟⭐ | ★★ | 化妆品 | L1 | ￥1016/人 | 3.4,结构完整,
CARD-0234,大宁久光中心,泰兰尼斯TARANIS,泰兰尼斯TARANIS,鞋靴,3.9,683,L3,rated,True,,rated,parsed,rating_anchor,0.979,0.9982,57,5,泰兰尼斯TARANIS,177.08,180.02,evidence/card_0234.jpg,ocr/input_videos\上海__大宁久光中心__20260824.mp4,泰兰尼斯TARANIS | ARANIS | ⭐🌟🌟💥🌟3.9 | L3 | 鞋靴￥683/人 | 店内装修现代时尚，稳稳鞋设计舒适,⭐🌟🌟💥🌟3.9 | L3 | 鞋靴￥683/人,结构完整,
CARD-0235,大宁久光中心,法国娇兰,法国娇兰,化妆品,3.4,,L1,rated,True,,rated,parsed,rating_anchor,0.9978,0.9989,63,5,法国娇兰,178.26,180.61,evidence/card_0235.jpg,ocr/input_videos\上海__大宁久光中心__20260824.mp4,法国娇兰 | 3.4化妆品 | 🌟🌟🌟🌟🌟 | L1 | GUERLAIN | 法国娇兰 | CASIO | BGNBN,3.4化妆品 | 🌟🌟🌟🌟🌟 | L1,结构完整,
CARD-0237,大宁久光中心,CASIO,CASIO,钟表,4.8,2263,商场内,rated,True,,rated,parsed,rating_anchor,0.9668,0.9945,53,2,CASIO,180.02,180.61,evidence/card_0237.jpg,ocr/input_videos\上海__大宁久光中心__20260824.mp4,CASIO | B-GMB | 4.8钟表￥2263/人 | 商场内 | HN3 | 点评榜单 | 静安区钟表好评榜第5名 | 款式多样，适合送成人礼,4.8钟表￥2263/人 | 商场内,结构完整,
CARD-0238,大宁久光中心,Apple授权专营店,Apple授权专营店,数码.,4.6,,商场内,rated,True,,rated,parsed,rating_anchor,0.9368,0.9984,62,3,Apple授权专营店,180.02,181.99,evidence/card_0238.jpg,ocr/input_videos\上海__大宁久光中心__20260824.mp4,Apple授权专营店 | 4.6数码. | ￥8493/商场内 | “旧设备免费换新，数据传输便舒适 | 4 | 授权经销商 | ￥9999 | ￥8999 | 9折 | 【需激活】iPhone... | 惠,4.6数码. | ￥8493/商场内,结构完整,
CARD-0239,大宁久光中心,vivo官方授权体验店,vivo官方授权体验店,数码产品,4.8,3552,B1,rated,True,,rated,parsed,rating_anchor,0.9985,0.9973,57,4,vivo官方授权体验店,180.02,182.38,evidence/card_0239.jpg,ocr/input_videos\上海__大宁久光中心__20260824.mp4,vivo官方授权体验店 | ⭐🌟⭐⭐4.8 | ￥3552/人 | B1 | 数码产品,⭐🌟⭐⭐4.8 | ￥3552/人 | B1 | 数码产品,结构完整,
CARD-0240,大宁久光中心,斯凯奇,斯凯奇,鞋靴,3.6,553,B1,rated,True,,rated,parsed,rating_anchor,0.9705,0.997,62,4,斯凯奇,180.61,183.75,evidence/card_0240.jpg,ocr/input_videos\上海__大宁久光中心__20260824.mp4,斯凯奇 | SKECHERA | 3.6鞋靴￥553/人 | B1,3.6鞋靴￥553/人 | B1,结构完整,
CARD-0241,大宁久光中心,Swatch斯沃琪,Swatch斯沃琪,钟表,4.8,1984,L1,rated,True,,rated,parsed,rating_anchor,0.9741,0.9984,51,3,Swatch斯沃琪,181.99,183.75,evidence/card_0241.jpg,ocr/input_videos\上海__大宁久光中心__20260824.mp4,Swatch斯沃琪 | 4.8钟表￥1984/人 | L1 | swatch田 | 瑞士斯沃琪表 | 点评榜单 | 静安区钟表好评榜第3名 | 款式齐全，新增星球系列超好看,4.8钟表￥1984/人 | L1,结构完整,
CARD-0242,大宁久光中心,馥郁甸,馥郁甸,植物花卉,4.8,156,B2,rated,True,,rated,parsed,rating_anchor,0.9869,0.9985,63,5,馥郁甸,181.99,185.12,evidence/card_0242.jpg,ocr/input_videos\上海__大宁久光中心__20260824.mp4,馥郁甸 | 🌟🌟🎉🌟🌟 | B2 | 4.8植物花卉￥156/人 | 点评榜单 | 大宁地区植物花卉好评榜第1名 | 鲜花新鲜精致，氛围感拉满 | ￥129￥139 | 惠 | 【心动来信】·信封花,🌟🌟🎉🌟🌟 | B2 | 4.8植物花卉￥156/人,结构完整,
CARD-0243,大宁久光中心,THE NORTH FACE,THENORTHFACE,运动户外,3.7,1549,L1,rated,True,,rated,parsed,rating_anchor,0.9764,0.9878,48,4,THE NORTH FACE,182.38,185.12,evidence/card_0243.jpg,ocr/input_videos\上海__大宁久光中心__20260824.mp4,THE NORTH FACE | 3.7运动户外￥1549/人 | L1 | THEI | NORTHI | 340g充绒，蓬松保暖 | FACED | 55,3.7运动户外￥1549/人 | L1,结构完整,
CARD-0244,大宁久光中心,NB Kids,NBKids,服饰鞋包,4.1,,L3,rated,True,,rated,parsed,rating_anchor,0.9962,0.9941,58,4,NB Kids,182.38,185.12,evidence/card_0244.jpg,ocr/input_videos\上海__大宁久光中心__20260824.mp4,NB Kids | 🌟⭐⭐ | new balance | 4.1服饰鞋包 | L3 | Kids,🌟⭐⭐ | 4.1服饰鞋包 | L3,结构完整,
CARD-0245,大宁久光中心,BEBE,BEBE,服饰鞋包,3.5,,商场内,rated,True,,rated,parsed,rating_anchor,0.9984,0.9989,54,3,BEBE,184.53,185.51,evidence/card_0245.jpg,ocr/input_videos\上海__大宁久光中心__20260824.mp4,BEBE | 商场内 | 3.5服饰鞋包 | 🌟🌟⭐🌟🌟 | bebe,商场内 | 3.5服饰鞋包 | 🌟🌟⭐🌟🌟,结构完整,
CARD-0246,大宁久光中心,ZUCZUG,ZUCZUG,服装,3.7,,B1,rated,True,,rated,parsed,rating_anchor,0.9973,0.9981,49,4,ZUCZUG,184.53,186.1,evidence/card_0246.jpg,ocr/input_videos\上海__大宁久光中心__20260824.mp4,ZUCZUG | 3.7服装 | 🌟🌟⭐🌟🌟 | B1 | ZUG | Coweri,3.7服装 | 🌟🌟⭐🌟🌟 | B1,结构完整,
CARD-0247,大宁久光中心,联想直营店,联想直营店,数码产品,4.8,8594,L4,rated,True,,rated,parsed,rating_anchor,0.9845,0.9984,55,3,联想直营店,185.51,186.89,evidence/card_0247.jpg,ocr/input_videos\上海__大宁久光中心__20260824.mp4,联想直营店 | 欢摄A1 | 粒者手机Y7口新一代 | 心维 | 数码产品￥8594/人 | L4 | 养 | 🌟🌟⭐⭐🌟 | 4.8 | 电脑出样丰富，购物环境好” | “ | 照 | 田 | 【到店】换散热硅脂 | ￥189 | （游.. | ￥299 | 惠,数码产品￥8594/人 | L4 | 🌟🌟⭐⭐🌟 | 4.8,结构完整,
CARD-0248,大宁久光中心,WeCycle·Brompton小布·Trek崔克,WeCycle·Brompton小布·Trek崔克,自行车/,4.8,12274,L1,rated,True,,rated,parsed,rating_anchor,0.9568,0.984,57,3,WeCycle·Brompton小布·Trek崔克,185.51,186.89,evidence/card_0248.jpg,ocr/input_videos\上海__大宁久光中心__20260824.mp4,WeCycle·Brompton小布·Trek崔克 | 自行车/ | 🌟🌟⭐⭐⭐4.8 | ￥12274/人L1 | cycle | 点评榜单 | 大宁地区自行车/电动车好评榜第3名 | 实物比照片漂亮，服务热情专业 | ￥199￥300 Brompton Cline小布（使. | 惠,自行车/ | 🌟🌟⭐⭐⭐4.8 | ￥12274/人L1,结构完整,
CARD-0249,大宁久光中心,CHANEL,CHANEL,化妆品,2.9,955,L1,rated,True,,rated,parsed,rating_anchor,0.9802,0.9992,44,5,CHANEL,185.51,188.85,evidence/card_0249.jpg,ocr/input_videos\上海__大宁久光中心__20260824.mp4,CHANEL | CHANEL | ⭐🌟★★⭐ | 化妆品￥955/人 | L1 | 2.9 | 环境好产品全，香奈儿奢华系列超好用 | 7,⭐🌟★★⭐ | 化妆品￥955/人 | L1 | 2.9,结构完整,
CARD-0250,大宁久光中心,泡泡玛特机器人商店,泡泡玛特机器人商店,杂货礼品,4.1,,B2,rated,True,,rated,parsed,rating_anchor,0.9986,0.9993,53,5,泡泡玛特机器人商店,185.51,188.85,evidence/card_0250.jpg,ocr/input_videos\上海__大宁久光中心__20260824.mp4,泡泡玛特机器人商店 | POP MART | 🌟🌟🌟🌟 | B2 | 4.1杂货礼品 | POPMIARTRODb cHOE,🌟🌟🌟🌟 | B2 | 4.1杂货礼品,结构完整,
CARD-0251,大宁久光中心,宝森灵珠宝定制维修黄金加工回收,宝森灵珠宝定制维修黄金加工回收,黄金首饰,4.6,115,B2,rated,True,,rated,parsed,rating_anchor,0.9812,0.9957,56,6,宝森灵珠宝定制维修黄金加工回收,186.89,191.2,evidence/card_0251.jpg,ocr/input_videos\上海__大宁久光中心__20260824.mp4,宝森灵珠宝定制维修黄金加工回收 | B2 | ★★★★🌟 | 4.6黄金首饰￥115/人 | TREINFO | 宝森灵 | 黃金回收打金 | 现场配戒托，闪耀发光 | 开放式打金·零损耗,B2 | ★★★★🌟 | 4.6黄金首饰￥115/人,结构完整,
CARD-0252,大宁久光中心,戴森,戴森,数码产品,3.7,3463,B1,rated,True,,rated,parsed,rating_anchor,0.9848,1.0,58,7,戴森,187.48,191.2,evidence/card_0252.jpg,ocr/input_videos\上海__大宁久光中心__20260824.mp4,戴森 | 🌟🌟🌟🌟🌟3.7 | B1 | 数码产品￥3463/人 | 戴森12洗地机全能，服务耐心周到,🌟🌟🌟🌟🌟3.7 | B1 | 数码产品￥3463/人,结构完整,
CARD-0253,大宁久光中心,小罐茶,小罐茶,烟酒茶叶,4.8,745,L4,rated,True,,rated,parsed,rating_anchor,0.9813,0.997,65,7,小罐茶,187.48,191.2,evidence/card_0253.jpg,ocr/input_videos\上海__大宁久光中心__20260824.mp4,小罐茶 | 小罐茶 | 4.8烟酒茶叶￥745/人 | L4 | 品茶慢生活，送人首选 | “ | 9 | 金榜题名,4.8烟酒茶叶￥745/人 | L4,结构完整,
CARD-0254,大宁久光中心,Timberland,Timberland,运动户外,4.8,1249,B1,rated,True,,rated,parsed,rating_anchor,0.9838,0.9992,48,8,Timberland,187.48,191.79,evidence/card_0254.jpg,ocr/input_videos\上海__大宁久光中心__20260824.mp4,Timberland | 🌟🌟🎉🌟🌟 | 4.8运动户外￥1249/人 | B1 | 点评榜单 | 大宁地区运动户外好评榜第1名 | 经典款与限量联名款齐备，服务贴心专业 | ￥959￥1199 | 【当季新品】男款Britton... | 惠,🌟🌟🎉🌟🌟 | 4.8运动户外￥1249/人 | B1,结构完整,
CARD-0255,大宁久光中心,巴拉巴拉,巴拉巴拉,服饰鞋包,4.6,604,L3,rated,True,,rated,parsed,rating_anchor,0.9845,0.9999,55,7,巴拉巴拉,189.24,192.38,evidence/card_0255.jpg,ocr/input_videos\上海__大宁久光中心__20260824.mp4,巴拉巴拉 | L3 | 🌟🌟🌟🌟🌟 | 服饰鞋包￥604/人 | 4.6 | balabala | 巴拉巴拉 | 衣服种类齐全，还有猫和老鼠联名 | ￥200 | 巴拉巴拉【返校. | ￥131.529.8折 | 惠,L3 | 🌟🌟🌟🌟🌟 | 服饰鞋包￥604/人 | 4.6,结构完整,
CARD-0256,大宁久光中心,倩碧,倩碧,化妆品,3.4,765,L1,rated,True,,rated,parsed,rating_anchor,0.9839,0.9997,61,7,倩碧,189.24,192.38,evidence/card_0256.jpg,ocr/input_videos\上海__大宁久光中心__20260824.mp4,倩碧 | ⭐🌟 | L1 | ★★ | 3.4化妆品￥765/人,⭐🌟 | L1 | ★★ | 3.4化妆品￥765/人,结构完整,
CARD-0257,大宁久光中心,科大讯飞AI学习机,科大讯飞AI学习机,数码产品,4.3,4799,B1,rated,True,,rated,parsed,rating_anchor,0.9841,0.9971,53,2,科大讯飞AI学习机,191.79,192.38,evidence/card_0257.jpg,ocr/input_videos\上海__大宁久光中心__20260824.mp4,科大讯飞AI学习机 | 科大讯飞 | ⭐🌟⭐⭐4.3 | 数码产品￥4799/人 | B1 | IFLYTEK | AI学习机 | 服务态度好，售后完美解决,⭐🌟⭐⭐4.3 | 数码产品￥4799/人 | B1,结构完整,
CARD-0258,大宁久光中心,moodytiger,moodytiger,服饰鞋包,4.2,,L3,rated,True,,rated,parsed,rating_anchor,0.9995,0.9995,65,2,moodytiger,191.79,192.38,evidence/card_0258.jpg,ocr/input_videos\上海__大宁久光中心__20260824.mp4,moodytiger | 🌟🌟🌟🌟 | L3 | 服饰鞋包 | 4.2 | ★ | moodytiger | 购物体验贴心，服装舒适透气“ | C,🌟🌟🌟🌟 | L3 | 服饰鞋包 | 4.2 | ★,结构完整,
CARD-0259,大宁久光中心,Mac,Mac,化妆品,3.2,459,L1,rated,True,,rated,parsed,rating_anchor,0.9919,0.9964,61,3,Mac,192.38,194.54,evidence/card_0259.jpg,ocr/input_videos\上海__大宁久光中心__20260824.mp4,Mac | ⭐🌟⭐ | 3.2化妆品 | ￥459/人 | L1 | 色号齐全，粉底遮瑕效果好”,⭐🌟⭐ | 3.2化妆品 | ￥459/人 | L1,结构完整,
CARD-0260,大宁久光中心,NIKE,NIKE,运动户外,4.0,1238,L1,rated,True,,rated,parsed,rating_anchor,0.9852,0.9983,55,3,NIKE,192.38,194.54,evidence/card_0260.jpg,ocr/input_videos\上海__大宁久光中心__20260824.mp4,NIKE | 🎉⭐ | 4.0运动户外￥1238/人 | L1 | ★ | 新年氛围感完美，运动bra颜色超好看 | 33 | 祝刀地耳 | ￥318折上折通用券-2... | ￥286.159.7折 | 惠,🎉⭐ | 4.0运动户外￥1238/人 | L1 | ★,结构完整,
CARD-0261,大宁久光中心,茱莉蔻,茱莉蔻,化妆品,3.5,623,L1,rated,True,,rated,parsed,rating_anchor,0.9794,0.9999,58,3,茱莉蔻,194.14,195.52,evidence/card_0261.jpg,ocr/input_videos\上海__大宁久光中心__20260824.mp4,茱莉蔻 | 🌟🌟🌟🌟🌟 | 3.5化妆品￥623/人 | L1 | Jurlique | 导购贴心，生日礼物挑选到” | G,🌟🌟🌟🌟🌟 | 3.5化妆品￥623/人 | L1,结构完整,
CARD-0262,大宁久光中心,酷乐潮玩,酷乐潮玩,杂货礼品,4.8,98,B2,rated,True,,rated,parsed,rating_anchor,0.981,0.9984,55,4,酷乐潮玩,194.14,195.91,evidence/card_0262.jpg,ocr/input_videos\上海__大宁久光中心__20260824.mp4,酷乐潮玩 | 酷乐 | B2 | 杂货礼品￥98/人 | 🌟🌟⭐🌟🌟 | 4.8 | 潮玩 | 点评榜单 | 大宁地区杂货礼品好评榜第2名 | ￥86.2 | ￥100 | 9.8折 | 惠 | 酷乐潮玩100代金券,B2 | 杂货礼品￥98/人 | 🌟🌟⭐🌟🌟 | 4.8,结构完整,
CARD-0263,大宁久光中心,IPSA,IPSA,化妆品,3.5,777,L1,rated,True,,rated,parsed,rating_anchor,0.9793,0.9982,55,4,IPSA,194.14,195.91,evidence/card_0263.jpg,ocr/input_videos\上海__大宁久光中心__20260824.mp4,IPSA | fPsn | 3.5化妆品￥777/人 | L1,3.5化妆品￥777/人 | L1,结构完整,
CARD-0264,大宁久光中心,浪琴表LONGINES,浪琴表LONGINES,钟表,4.8,17184,L1,rated,True,,rated,parsed,rating_anchor,0.9726,0.9936,54,4,浪琴表LONGINES,194.14,195.91,evidence/card_0264.jpg,ocr/input_videos\上海__大宁久光中心__20260824.mp4,浪琴表LONGINES | 4.8钟表￥17184/人 | L1,4.8钟表￥17184/人 | L1,结构完整,
CARD-0265,大宁久光中心,LANCOME兰蔻,LANCOME兰蔻,化妆品,3.3,611,L1,rated,True,,rated,parsed,rating_anchor,0.9849,0.998,55,3,LANCOME兰蔻,195.52,197.09,evidence/card_0265.jpg,ocr/input_videos\上海__大宁久光中心__20260824.mp4,LANCOME兰蔻 | NCOME | 🌟🌟🌟🌟🌟 | 3.3化妆品￥611/人 | L1,🌟🌟🌟🌟🌟 | 3.3化妆品￥611/人 | L1,结构完整,
CARD-0266,大宁久光中心,K.hanami栩见日系海水珍珠,K.hanami栩见日系海水珍珠,银饰珍珠,4.2,3111,L1,rated,True,,rated,parsed,rating_anchor,0.9796,0.9974,51,4,K.hanami栩见日系海水珍珠 | K.hanami栩见日系海珍珠 | K.hanami栩见系海珍珠,195.52,197.67,evidence/card_0266.jpg,ocr/input_videos\上海__大宁久光中心__20260824.mp4,K.hanami栩见日系海水珍珠 | ⭐🌟🌟🌟⭐ | L1 | 4.2 | 银饰珍珠￥3111/人 | 天然海水珍珠，贵妇气质瞬间提升 | S,⭐🌟🌟🌟⭐ | L1 | 4.2 | 银饰珍珠￥3111/人,结构完整,
CARD-0267,大宁久光中心,AGATHA,AGATHA,综合珠宝..,4.2,1449,B1,rated,True,,rated,parsed,rating_anchor,0.9536,0.9974,49,2,AGATHA,197.09,197.67,evidence/card_0267.jpg,ocr/input_videos\上海__大宁久光中心__20260824.mp4,AGATHA | 4.2综合珠宝.. | 🌟🌟⭐🎉 | ￥1449/人B1 | AGATHA | PARIS | 高级感拉满，玛瑙红配色绝美,4.2综合珠宝.. | 🌟🌟⭐🎉 | ￥1449/人B1,结构完整,
CARD-0268,大宁久光中心,COQUILLE高级珠宝,COQUILLE高级珠宝,综合珠宝首饰,3.8,,L3,rated,True,,rated,parsed,rating_anchor,0.9992,0.9992,53,2,COQUILLE高级珠宝,197.09,197.67,evidence/card_0268.jpg,ocr/input_videos\上海__大宁久光中心__20260824.mp4,COQUILLE高级珠宝 | ⭐🌟🌟🌟🌟 | L3 | 3.8综合珠宝首饰,⭐🌟🌟🌟🌟 | L3 | 3.8综合珠宝首饰,结构完整,
CARD-0269,大宁久光中心,蔓楼兰·旗袍,蔓楼兰·旗袍,服饰鞋包,4.6,6522,L3,rated,True,,rated,parsed,rating_anchor,0.9767,0.9783,57,2,蔓楼兰·旗袍,197.09,197.67,evidence/card_0269.jpg,ocr/input_videos\上海__大宁久光中心__20260824.mp4,蔓楼兰·旗袍 | 🌟🌟⭐🌟 | L3 | 服饰鞋包￥6522/人 | 4.6 | 质量好版型佳，婚礼妈妈装首选,🌟🌟⭐🌟 | L3 | 服饰鞋包￥6522/人 | 4.6,结构完整,
CARD-0270,大宁久光中心,DR·KONG江博士健康鞋,DR·KONG江博士健康鞋,服饰鞋包,4.4,711,L3,rated,True,,rated,parsed,rating_anchor,0.9836,0.968,53,3,DR·KONG江博士健康鞋,197.09,199.63,evidence/card_0270.jpg,ocr/input_videos\上海__大宁久光中心__20260824.mp4,DR·KONG江博士健康鞋 | L3 | 🌟🌟★🌟 | 服饰鞋包 | ￥711/人 | 4.4 | 点评榜单 | 大宁地区服饰鞋包热门榜第7名,L3 | 🌟🌟★🌟 | 服饰鞋包 | ￥711/人 | 4.4,结构完整,
CARD-0271,大宁久光中心,蕉下,蕉下,运动户外,4.2,554,B1,rated,True,,rated,parsed,rating_anchor,0.985,0.9998,62,2,蕉下,197.67,199.63,evidence/card_0271.jpg,ocr/input_videos\上海__大宁久光中心__20260824.mp4,蕉下 | 🌟🌟🌟🌟 | B1 | 4.2运动户外￥554/人 | ★,🌟🌟🌟🌟 | B1 | 4.2运动户外￥554/人 | ★,结构完整,
CARD-0272,大宁久光中心,希临专柜,希临专柜,珠宝首饰,3.5,,L2,rated,True,,rated,parsed,rating_anchor,0.999,0.9998,62,3,希临专柜,199.63,202.38,evidence/card_0272.jpg,ocr/input_videos\上海__大宁久光中心__20260824.mp4,希临专柜 | 🌟🌟🎉🌟🌟 | 3.5珠宝首饰 | L2 | FLARE,🌟🌟🎉🌟🌟 | 3.5珠宝首饰 | L2,结构完整,
CARD-0273,大宁久光中心,雅诗兰黛,雅诗兰黛,化妆品,3.4,784,L1,rated,True,,rated,parsed,rating_anchor,0.9746,0.9981,60,3,雅诗兰黛,199.63,202.38,evidence/card_0273.jpg,ocr/input_videos\上海__大宁久光中心__20260824.mp4,雅诗兰黛 | L1 | 3.4化妆品￥784/人,L1 | 3.4化妆品￥784/人,结构完整,
CARD-0274,大宁久光中心,耐克,耐克,运动户外,3.5,289,L1,rated,True,,rated,parsed,rating_anchor,0.9858,0.9995,62,4,耐克,199.63,203.36,evidence/card_0274.jpg,ocr/input_videos\上海__大宁久光中心__20260824.mp4,耐克 | 🌟🌟🌟🌟🌟 | L1 | 3.5运动户外￥289/人 | 环境敬亮，服务热情到位”,🌟🌟🌟🌟🌟 | L1 | 3.5运动户外￥289/人,结构完整,
CARD-0275,大宁久光中心,思加图STACCATO(大宁久光中心店),思加图STACCATO(大宁久光中心店),服饰鞋包,3.5,931,L2,rated,True,,rated,parsed,rating_anchor,0.98,0.9918,58,4,思加图STACCATO(大宁久光中心店),199.63,203.36,evidence/card_0275.jpg,ocr/input_videos\上海__大宁久光中心__20260824.mp4,思加图STACCATO(大宁久光中心店) | L2 | 🌟⭐💥⭐3.5 | 服饰鞋包￥931/人 | STACCATO,L2 | 🌟⭐💥⭐3.5 | 服饰鞋包￥931/人,结构完整,
CARD-0276,大宁久光中心,东阳光鲜虫草,东阳光鲜虫草,杂货礼品,4.5,,B2,rated,True,,rated,parsed,rating_anchor,0.996,0.993,55,3,东阳光鲜虫草,201.4,203.36,evidence/card_0276.jpg,ocr/input_videos\上海__大宁久光中心__20260824.mp4,东阳光鲜虫草 | ★★🌟4.5 | 杂货礼品 | B2 | 虫草工艺精湛，增强抵抗力 | 2 | S | ￥19.9￥88 | 惠 | 【超值尝鲜】东阳光鲜虫草..,★★🌟4.5 | 杂货礼品 | B2,结构完整,
CARD-0277,大宁久光中心,MONOLOGUE,MONOLOGUE,黄金....,4.4,9203,商场内,rated,True,,rated,parsed,rating_anchor,0.8909,0.9983,44,2,MONOLOGUE,203.36,204.14,evidence/card_0277.jpg,ocr/input_videos\上海__大宁久光中心__20260824.mp4,MONOLOGUE | ⭐🌟🌟⭐ | ￥9203/人商场内 | 黄金.... | 4.4 | ★ | MONOLOGUE | 亮亮的转运珠，新品不断出 | “ | AIORO | SIR,⭐🌟🌟⭐ | ￥9203/人商场内 | 黄金.... | 4.4 | ★,结构完整,
CARD-0278,大宁久光中心,优衣库,优衣库,服饰鞋包,4.9,170,B1,rated,True,,rated,parsed,rating_anchor,0.9823,0.9994,59,2,优衣库,203.36,204.14,evidence/card_0278.jpg,ocr/input_videos\上海__大宁久光中心__20260824.mp4,优衣库 | UNI | ★🌟🌟⭐🌟 | B1 | 服饰鞋包￥170/人 | 4.9 | QLO | 点评榜单 | 大宁地区服饰鞋包热门榜第2名 | 高级保暖款，全身寒气被温柔裹住 | “ | 2,★🌟🌟⭐🌟 | B1 | 服饰鞋包￥170/人 | 4.9,结构完整,
CARD-0279,大宁久光中心,乐阳元蚌出早,乐阳元蚌出早,杂货礼品,4.5,,B2,rated,True,,rated,parsed,rating_anchor,0.8766,0.769,34,1,乐阳元蚌出早,204.14,204.14,evidence/card_0279.jpg,ocr/input_videos\上海__大宁久光中心__20260824.mp4,乐阳元蚌出早 | 10 | B2 | 🌟🌟⭐⭐🌟 | 杂货礼品 | 4.5 | 虫草工艺精湛，增强抵抗力 | ￥19.9￥88 | 【超值尝鲜】东阳光鲜虫草... | 惠,B2 | 🌟🌟⭐⭐🌟 | 杂货礼品 | 4.5,建议复核,single_observation | low_title_confidence
CARD-0280,大宁久光中心,Fsegel,Fsegel,综合珠宝首饰,4.1,511,L2,rated,True,,rated,parsed,rating_anchor,0.9847,0.9989,65,1,Fsegel,204.14,204.14,evidence/card_0280.jpg,ocr/input_videos\上海__大宁久光中心__20260824.mp4,CTSEGLL | Fsegel | 🌟🌟🌟🌟 | 4.1综合珠宝首饰￥511/人 | L2 | ★ | 款式超级多，消毒工作做得很好,🌟🌟🌟🌟 | 4.1综合珠宝首饰￥511/人 | L2 | ★,建议复核,single_observation
CARD-0281,大宁久光中心,奥伦纳素ERNOLASZLO,奥伦纳素ERNOLASZLO,化妆品,3.2,635,L1,rated,True,,rated,parsed,rating_anchor,0.9705,0.9805,51,2,奥伦纳素ERNOLASZLO,204.14,206.11,evidence/card_0281.jpg,ocr/input_videos\上海__大宁久光中心__20260824.mp4,奥伦纳素ERNOLASZLO | 🌟🌟🎉⭐🌟 | L1 | 3.2化妆品￥635/人 | ERNO | LASZO | YORK | NEW,🌟🌟🎉⭐🌟 | L1 | 3.2化妆品￥635/人,结构完整,
CARD-0282,大宁久光中心,犀牛煙酒,犀牛烟酒,烟酒茶叶,3.5,,商场内,rated,True,,rated,parsed,rating_anchor,0.9788,0.9615,56,2,犀牛煙酒,204.14,206.11,evidence/card_0282.jpg,ocr/input_videos\上海__大宁久光中心__20260824.mp4,犀牛煙酒 | 商场内 | 🌟🌟⭐🌟🌟 | 3.5烟酒茶叶,商场内 | 🌟🌟⭐🌟🌟 | 3.5烟酒茶叶,结构完整,
CARD-0283,大宁久光中心,华为授权体验店,华为授权体验店,数码产品,4.8,2434,B1,rated,True,,rated,parsed,rating_anchor,0.9796,0.9994,58,2,华为授权体验店,206.11,207.67,evidence/card_0283.jpg,ocr/input_videos\上海__大宁久光中心__20260824.mp4,华为授权体验店 | B1 | 4.8 | 数码产品￥2434/人 | HUAWEI | 环境舒适不拥挤，拍照效果惊艳 | 《 | 5 | ￥9.9￥49手机贴膜|华为手机9.9享手. | 惠,B1 | 4.8 | 数码产品￥2434/人,结构完整,
CARD-0284,大宁久光中心,屈臣氏,屈臣氏,化妆品,3.3,313,B2,rated,True,,rated,parsed,rating_anchor,0.9834,0.9994,61,3,屈臣氏,206.11,208.66,evidence/card_0284.jpg,ocr/input_videos\上海__大宁久光中心__20260824.mp4,屈臣氏 | W | ⭐🌟⭐ | B2 | 3.3化妆品￥313/人 | ★★ | “分区清晰，防晒修复超方便” | 屈臣氏 | ￥39.5￥79欧莱雅洗发水/润发乳/男士... | 惠,⭐🌟⭐ | B2 | 3.3化妆品￥313/人 | ★★,结构完整,
CARD-0285,大宁久光中心,九木杂物社,九木杂物社,杂货礼品,4.8,100,B2,rated,True,,rated,parsed,rating_anchor,0.9837,0.9998,56,3,九木杂物社,206.11,208.66,evidence/card_0285.jpg,ocr/input_videos\上海__大宁久光中心__20260824.mp4,九木杂物社 | 力 | B2 | ⭐🌟🌟🌟🌟4.8 | 杂货礼品￥100/人 | 米 | 点评榜单 | 大宁地区杂货礼品好评榜第4名 | 杂物社 | 品类丰富，文具可爱又实用 | ￥939.8折 | ￥100九木杂物社·夏日限定.. | 惠,B2 | ⭐🌟🌟🌟🌟4.8 | 杂货礼品￥100/人,结构完整,
CARD-0286,大宁久光中心,Gabriel伽百利,Gabriel伽百利,杂货礼品,4.8,198,商场内,rated,True,,rated,parsed,rating_anchor,0.9844,0.9929,58,2,Gabriel伽百利,207.67,208.66,evidence/card_0286.jpg,ocr/input_videos\上海__大宁久光中心__20260824.mp4,Gabriel伽百利 | 4.8杂货礼品￥198/人 | 商场内 | GABRiEL | 一針一線愛的守護 | 点评榜单 | 大宁地区杂货礼品好评榜第3名 | “娃娃手工制作，亲肤安全 | ￥79￥88定制刺绣服务 | 惠,4.8杂货礼品￥198/人 | 商场内,结构完整,
CARD-0287,大宁久光中心,华致酒行,华致酒行,烟酒茶叶,4.2,,B2,rated,True,,rated,parsed,rating_anchor,0.9919,0.9883,63,3,华致酒行,207.67,210.03,evidence/card_0287.jpg,ocr/input_videos\上海__大宁久光中心__20260824.mp4,华致酒行 | C | 华致酒行 | 4.2烟酒茶叶 | 🌟🌟🎉🌟 | B2 | ★ | 欧舒丹,4.2烟酒茶叶 | 🌟🌟🎉🌟 | B2 | ★,结构完整,
CARD-0288,大宁久光中心,欧舒丹,欧舒丹,化妆品,3.9,451,L1,rated,True,,rated,parsed,rating_anchor,0.9806,0.9991,58,1,欧舒丹,210.03,210.03,evidence/card_0288.jpg,ocr/input_videos\上海__大宁久光中心__20260824.mp4,欧舒丹 | 🌟🌟🌟🌟⭐ | 化妆品￥451/人 | L1 | 3.9 | LOCCITANE | EN PROVENCE,🌟🌟🌟🌟⭐ | 化妆品￥451/人 | L1 | 3.9,建议复核,single_observation
CARD-0289,大宁久光中心,小时候怀旧,小时候怀旧,超市便利,3.8,20,B2,rated,True,,rated,parsed,rating_anchor,0.9786,0.9992,52,2,小时候怀旧,210.03,211.79,evidence/card_0289.jpg,ocr/input_videos\上海__大宁久光中心__20260824.mp4,小时候怀旧 | 🌟🌟🎉🌟 | B2 | 3.8 | 超市便利￥20/人 | 点评榜单 | 大宁地区超市便利热门榜第6名,🌟🌟🎉🌟 | B2 | 3.8 | 超市便利￥20/人,结构完整,
CARD-0290,大宁久光中心,TSL谢瑞麟,TSL谢瑞麟,综合珠宝..,4.4,10695,L2,rated,True,,rated,parsed,rating_anchor,0.9552,0.9937,53,2,TSL谢瑞麟,210.03,211.79,evidence/card_0290.jpg,ocr/input_videos\上海__大宁久光中心__20260824.mp4,TSL谢瑞鳞 | TSL谢瑞麟 | 🌟🌟💥🎉 | 4.4综合珠宝..￥10695/人L2 | ★ | 款式超级多，老金换新金很合适 | “,🌟🌟💥🎉 | 4.4综合珠宝..￥10695/人L2 | ★,结构完整,
CARD-0291,大宁久光中心,金至尊,金至尊,珠宝首饰,4.0,1014,L2,rated,True,,rated,parsed,rating_anchor,0.986,0.9998,64,3,金至尊,210.03,212.19,evidence/card_0291.jpg,ocr/input_videos\上海__大宁久光中心__20260824.mp4,金至尊 | O | 50 | L2 | 🌟🌟🌟⭐ | 4.0珠宝首饰￥1014/人 | ★ | 尊款式多样，金克价划算”,L2 | 🌟🌟🌟⭐ | 4.0珠宝首饰￥1014/人 | ★,结构完整,
CARD-0292,大宁久光中心,李宁,李宁,运动户外,4.2,755,B1,rated,True,,rated,parsed,rating_anchor,0.9865,0.9989,66,3,李宁,210.03,212.19,evidence/card_0292.jpg,ocr/input_videos\上海__大宁久光中心__20260824.mp4,李宁 | 🌟🌟🌟🌟⭐ | B1 | 4.2运动户外￥755/人 | LI-NING | 时尚青春潮流，运动服系列养眼” | ￥540￥600 | 【开学季】540团600折上... | 惠,🌟🌟🌟🌟⭐ | B1 | 4.2运动户外￥755/人,结构完整,
CARD-0293,大宁久光中心,PHILIPS飞利浦,PHILIPS飞利浦,家用电器,3.8,1150,L4,rated,True,,rated,parsed,rating_anchor,0.9825,0.9995,55,5,PHILIPS飞利浦,211.79,215.13,evidence/card_0293.jpg,ocr/input_videos\上海__大宁久光中心__20260824.mp4,PHILIPS飞利浦 | 专海牙科技 | 飞利酒钻石花花刷 | 3.8家用电器￥1150/人 | L4 | S含净不 | ￥1999.04飞利浦电动剃... | ￥1299 | 9.3折 | 惠,3.8家用电器￥1150/人 | L4,结构完整,
CARD-0294,大宁久光中心,TEENIE WEENIE,TEENIEWEENIE,购物,3.5,,L4,rated,True,,rated,parsed,rating_anchor,0.9941,0.9883,48,5,TEENIE WEENIE,211.79,215.13,evidence/card_0294.jpg,ocr/input_videos\上海__大宁久光中心__20260824.mp4,TEENIE WEENIE | 购物 | L4 | 🌟🌟🌟🌟🌟 | 3.5 | TEENIE WEENIE | ALE THAT BEAR,购物 | L4 | 🌟🌟🌟🌟🌟 | 3.5,结构完整,
CARD-0295,大宁久光中心,凡思蔻珠宝,凡思蔻珠宝,综合珠宝首饰,3.9,,L2,rated,True,,rated,parsed,rating_anchor,0.9994,0.9992,58,4,凡思蔻珠宝,212.19,215.13,evidence/card_0295.jpg,ocr/input_videos\上海__大宁久光中心__20260824.mp4,凡思蔻珠宝 | GF38G8L | L2 | ⭐🌟⭐3.9 | 综合珠宝首饰,L2 | ⭐🌟⭐3.9 | 综合珠宝首饰,结构完整,
CARD-0296,大宁久光中心,科沃斯机器人,科沃斯机器人,家用电器,4.1,3191,B1,rated,True,,rated,parsed,rating_anchor,0.985,0.9999,57,3,科沃斯机器人,213.95,215.13,evidence/card_0296.jpg,ocr/input_videos\上海__大宁久光中心__20260824.mp4,科沃斯机器人 | 🌟🌟⭐⭐ | B1 | 4.1家用电器￥3191/人 | ★ | ECOVACS | 科沃斯机器人 | 服务专业高效，扫拖一体机体验满意 | ￥0￥100规划家电小科上门服务 | 惠,🌟🌟⭐⭐ | B1 | 4.1家用电器￥3191/人 | ★,结构完整,
CARD-0297,大宁久光中心,六福珠宝,六福珠宝,综合珠宝.,3.4,5842,L2,rated,True,,rated,parsed,rating_anchor,0.9921,0.9997,60,5,六福珠宝,213.95,216.89,evidence/card_0297.jpg,ocr/input_videos\上海__大宁久光中心__20260824.mp4,六福珠宝 | 🌟🌟🌟🌟🌟 | 3.4综合珠宝. | ￥5842/人L2 | 蛇年首饰款式多，大气又喜庆 | 5,🌟🌟🌟🌟🌟 | 3.4综合珠宝. | ￥5842/人L2,结构完整,
CARD-0298,大宁久光中心,老凤祥,老凤祥,黄金首饰,4.1,,L2,rated,True,,rated,parsed,rating_anchor,0.9969,0.9961,57,2,老凤祥,216.5,216.89,evidence/card_0298.jpg,ocr/input_videos\上海__大宁久光中心__20260824.mp4,老凤祥 | ⭐🌟🎉⭐⭐ | L2 | 4.1黄金首饰,⭐🌟🎉⭐⭐ | L2 | 4.1黄金首饰,结构完整,
CARD-0299,大宁久光中心,东华美钻,东华美钻,钻石彩宝,4.3,2417,L1,rated,True,,rated,parsed,rating_anchor,0.9799,0.9997,55,2,东华美钻,216.5,216.89,evidence/card_0299.jpg,ocr/input_videos\上海__大宁久光中心__20260824.mp4,东华美钻 | 系华美店 | L1 | 🌟🌟🌟🌟 | 钻石彩宝￥2417/人 | 4.3 | ★ | 手链复古显贵气，优惠力度不高 | S | T,L1 | 🌟🌟🌟🌟 | 钻石彩宝￥2417/人 | 4.3 | ★,结构完整,
CARD-0300,大宁久光中心,LOOK眼镜,LOOK眼镜,眼镜店,4.8,763,B1,rated,True,,rated,parsed,rating_anchor,0.982,0.9964,52,2,LOOK眼镜,216.5,216.89,evidence/card_0300.jpg,ocr/input_videos\上海__大宁久光中心__20260824.mp4,LOOK眼镜 | ★★★★★ | B1 | LOOK | 眼镜店￥763/人 | 4.8 | 点评榜单 | 大宁地区眼镜店好评榜第3名 | LOOK AT LOOK | 白在看见 | 国 | 服务贴心，隐形眼镜护理液救急效果好 | ￥7.56 | 8.5折 | ￥59成人验光提供验光数据 | 惠,★★★★★ | B1 | 眼镜店￥763/人 | 4.8,结构完整,
CARD-0301,大宁久光中心,YIOPTICAL奕镜·开云眼镜精品店,YIOPTICAL奕镜·开云眼镜精品店,眼镜店,4.8,5939,L1,rated,True,,rated,parsed,rating_anchor,0.9777,0.989,53,5,YI OPTICAL 奕镜·开云眼镜精品店 | YIOPTICAL奕镜·开云眼镜精品店,216.5,220.23,evidence/card_0301.jpg,ocr/input_videos\上海__大宁久光中心__20260824.mp4,YIOPTICAL奕镜·开云眼镜精品店 | L1 | 🌟🌟🌟🌟🌟 | 眼镜店￥5939/人 | 4.8 | 点评榜单 | 大宁地区眼镜店好评榜第2名 | 验光精确到一度，镜框品牌多选择丰富 | 2 | ￥3.8 | 5.6折 | ￥10OLINDBERG林德伯格... | 惠,L1 | 🌟🌟🌟🌟🌟 | 眼镜店￥5939/人 | 4.8,结构完整,
CARD-0302,大宁久光中心,老庙黄金,老庙黄金,黄金首饰,4.0,14982,L2,rated,True,,rated,parsed,rating_anchor,0.9732,0.9641,59,3,老庙黄金,218.46,220.23,evidence/card_0302.jpg,ocr/input_videos\上海__大宁久光中心__20260824.mp4,老庙黄金 | ⭐🌟🎉 | L2 | 4.0黄金首饰￥14982/人 | ★ | 俞老庙 | 量您学来好越气。 | ￥0￥99清洗保养|传业服务 | 惠,⭐🌟🎉 | L2 | 4.0黄金首饰￥14982/人 | ★,结构完整,
CARD-0303,大宁久光中心,周大福CHOWTAI FOOK,周大福CHOWTAIFOOK,黄金首饰,4.1,11235,L1,rated,True,,rated,parsed,rating_anchor,0.981,0.9835,54,5,周大福CHOW TAI FOOK | 周大福CHOWTAI FOOK,218.46,222.19,evidence/card_0303.jpg,ocr/input_videos\上海__大宁久光中心__20260824.mp4,周大福CHOWTAI FOOK | ★★★★★ | 4.1黄金首饰￥11235/人 | L1 | 周大福 | 设计师一刻不停，鱼项链灵动绝美” | SINCE 1929,★★★★★ | 4.1黄金首饰￥11235/人 | L1,结构完整,
CARD-0304,大宁久光中心,Forevermark永恒印记,Forevermark永恒印记,综合珠宝...,4.3,7912,L2,rated,True,,rated,parsed,rating_anchor,0.9518,0.9986,54,5,Forevermark永恒印记,218.46,222.19,evidence/card_0304.jpg,ocr/input_videos\上海__大宁久光中心__20260824.mp4,Forevermark永恒印记 | 🌟⭐ | 4.3综合珠宝... | ￥7912/人L2 | ★ | FOREVERMARK | 服务热情，款式璀璨亮眼”,🌟⭐ | 4.3综合珠宝... | ￥7912/人L2 | ★,结构完整,
CARD-0305,大宁久光中心,周生生Chow Sang Sang,周生生ChowSangSang,黄金首饰,4.4,7721,L2,rated,True,,rated,parsed,rating_anchor,0.9782,0.9834,75,5,周生生Chow Sang Sang,218.46,222.19,evidence/card_0305.jpg,ocr/input_videos\上海__大宁久光中心__20260824.mp4,周生生Chow Sang Sang | 周生生 | 🌟🌟🎉🌟 | L2 | 黄金首饰￥7721/人 | ￥ | 4.4 | “IP联名超多，年轻时尚个性十” | (hou Sang Sang,🌟🌟🎉🌟 | L2 | 黄金首饰￥7721/人 | ￥ | 4.4,结构完整,
CARD-0306,大宁久光中心,COACH蔻驰,COACH蔻驰,奢侈品,3.6,,L1,rated,True,,rated,parsed,rating_anchor,0.9985,0.9976,51,3,COACH蔻驰,220.23,222.19,evidence/card_0306.jpg,ocr/input_videos\上海__大宁久光中心__20260824.mp4,COACH蔻驰 | ⭐🌟⭐🌟🌟 | 奢侈品 | L1 | 3.6 | COACH | NEWYORK,⭐🌟⭐🌟🌟 | 奢侈品 | L1 | 3.6,结构完整,
CARD-0307,大宁久光中心,茂昌眼镜,茂昌眼镜,眼镜店,4.7,1158,L4,rated,True,,rated,parsed,rating_anchor,0.9856,0.9975,60,3,茂昌眼镜,221.01,222.97,evidence/card_0307.jpg,ocr/input_videos\上海__大宁久光中心__20260824.mp4,茂昌眼镜 | 茂昌眼镜 | 🌟🌟🌟🌟🌟 | 眼镜店￥1158/人 | L4 | 4.7 | MAOCHANG | 西联集团成员企业 | ￥10￥300 | 惠 | 眼镜智耀膜升级券,🌟🌟🌟🌟🌟 | 眼镜店￥1158/人 | L4 | 4.7,结构完整,
CARD-0308,大宁久光中心,木九十,木九十,眼镜店,4.8,1074,B1,rated,True,,rated,parsed,rating_anchor,0.9964,0.9992,62,2,木九十,222.19,222.97,evidence/card_0308.jpg,ocr/input_videos\上海__大宁久光中心__20260824.mp4,木九十 | 他 | ⭐🌟🌈4.8 | B1 | 眼镜店 | ￥1074/人 | 4④ | “验光专业细致，服务耐心不推销”,⭐🌟🌈4.8 | B1 | 眼镜店 | ￥1074/人,结构完整,
CARD-0309,大宁久光中心,JINS,JINS,眼镜店,,723,B1,unknown,True,,ocr_missing,parsed,metadata_anchor,0.9658,0.9665,55,1,JINS,222.97,222.97,evidence/card_0309.jpg,ocr/input_videos\上海__大宁久光中心__20260824.mp4,JINS | J!NS | 🌟🌟🌟🌟🌟 | 眼镜店￥723/人 | B1 | 14.8 | 30分钟 | 点评榜单 | 大宁地区眼镜店好评榜第5名 | 立等可取的 | 全球超800家直营店 | 款式多样时尚，售后服务无忧 | “ | 餐含1.60非球面领片399起 | ￥0.85 | ￥10成人验光提供验光数据 | 8.5折 | 惠 | ￥0.85 | 8.5折 | ￥50 | 代金券 | 惠,🌟🌟🌟🌟🌟 | 眼镜店￥723/人 | B1 | 14.8,建议复核,single_observation | rating_missing | metadata_anchor
CARD-0339,大宁久光中心,汤姆熊欢乐世界,汤姆熊欢乐世界,电玩城,3.9,88,L3,rated,True,,rated,parsed,rating_anchor,0.983,0.9996,54,8,汤姆熊欢乐世界,237.48,247.09,evidence/card_0339.jpg,ocr/input_videos\上海__大宁久光中心__20260824.mp4,汤姆熊欢乐世界 | Tomwen | L3 | 🌟🌟🌟🌟★ | 3.9 | 电玩城￥88/人 | 大宁地区游戏厅销量榜第1名 | 部 | 肉 | う | “位置好找，抓娃娃概率高 | 指定商餐喜显巴克福利 | ￥19.9￥2525枚游戏币 | 惠,L3 | 🌟🌟🌟🌟★ | 3.9 | 电玩城￥88/人,结构完整,
CARD-0340,大宁久光中心,寰映影城,寰映影城,电影院,4.9,,商场内,rated,True,,rated,parsed,rating_anchor,0.9999,0.9998,56,8,寰映影城,237.48,248.27,evidence/card_0340.jpg,ocr/input_videos\上海__大宁久光中心__20260824.mp4,寰映影城 | 亚食映彩城IMA | 商场内 | 电影院 | 🎉⭐4.9,商场内 | 电影院 | 🎉⭐4.9,结构完整,
CARD-0341,大宁久光中心,夯玩,夯玩,桌面游戏,3.3,152,B1,rated,True,,rated,parsed,rating_anchor,0.9894,0.9989,65,8,夯玩,237.48,249.25,evidence/card_0341.jpg,ocr/input_videos\上海__大宁久光中心__20260824.mp4,夯玩 | 3.3桌面游戏￥152/人 | 🌟🌟⭐ | B1 | 暂停营业,3.3桌面游戏￥152/人 | 🌟🌟⭐ | B1,结构完整,
CARD-0342,大宁久光中心,黄庭茶馆,黄庭茶馆,茶馆,4.3,99,L1,rated,True,,rated,parsed,rating_anchor,0.9825,0.9972,60,9,黄庭茶馆,237.48,251.21,evidence/card_0342.jpg,ocr/input_videos\上海__大宁久光中心__20260824.mp4,黄庭茶馆 | 🌟🌟🌟🌟 | 4.3茶馆￥99/人 | L1 | ★ | 大宁地区茶馆回头客榜第1名 | 谈事情约黄庭 | 墙上的画和桌子上的花有意境，茶点美味 | “ | 全国50+门店 | ￥199￥437 | 惠 | 「双人包间」全天茶套餐,🌟🌟🌟🌟 | 4.3茶馆￥99/人 | L1 | ★,结构完整,
CARD-0343,大宁久光中心,EG电玩店,EG电玩店,主机游戏,3.4,63,商场内,rated,True,,rated,parsed,rating_anchor,0.9779,0.9987,55,4,EG电玩店,239.84,243.95,evidence/card_0343.jpg,ocr/input_videos\上海__大宁久光中心__20260824.mp4,E6 | EG电玩店 | APS | 3.4主机游戏￥63/人 | 商场内 | 惠￥45￥49Switch百款游戏畅玩,3.4主机游戏￥63/人 | 商场内,结构完整,
CARD-0344,大宁久光中心,弹射能量弹珠娃娃机拼豆店,弹射能量弹珠娃娃机拼豆店,弹珠店,3.7,72,B1,rated,True,,rated,parsed,rating_anchor,0.9634,0.9822,57,3,弹射能量弹珠娃娃机拼豆店,239.84,243.95,evidence/card_0344.jpg,ocr/input_videos\上海__大宁久光中心__20260824.mp4,理 | 弹射能量弹珠娃娃机拼豆店 | a | B1 | 3.7弹珠店￥72/人 | 静安区弹珠店销量榜第2名 | ￥65.7 | 9折 | ￥98450枚弹珠|【新店特惠.. | 惠,B1 | 3.7弹珠店￥72/人,结构完整,
CARD-0345,大宁久光中心,INLOVE KTV,INLOVEKTV,量贩式KTV,4.2,79,L6,rated,True,,rated,parsed,rating_anchor,0.9783,0.9881,48,6,INLOVE KTV,239.84,247.09,evidence/card_0345.jpg,ocr/input_videos\上海__大宁久光中心__20260824.mp4,INLOVE KTV | INLOVE | 🌟🌟🎉🌟 | L6 | 4.2 | 量贩式KTV￥79/人 | PARTYKTV | 大宁地区KTV回头客榜第2名 | 放松心情缓解压力，交友聚会好去处 | ￥198￥396 | 惠 | 【好饮小吃】百威小红瓶..,🌟🌟🎉🌟 | L6 | 4.2 | 量贩式KTV￥79/人,结构完整,
CARD-0346,大宁久光中心,镭战大联盟真人CS·生日派对·亲...,镭战大联盟真人CS·生日派对·亲,团建拓展,4.7,156,B1,rated,True,,rated,parsed,rating_anchor,0.9518,0.952,57,1,镭战大联盟真人CS·生日派对·亲...,240.82,240.82,evidence/card_0346.jpg,ocr/input_videos\上海__大宁久光中心__20260824.mp4,61899速 | 镭战大联盟真人CS·生日派对·亲... | SA镭战大联盟 | B1 | 4.7团建拓展￥156/人 | 2025年度 | 影响力品牌 | 大宁地区团建拓展销量榜第1名 | 室内真人CS | 环境舒适有空调，释放玩心好去处” | ￥1588.5折 | ￥280 | 【室内真人CS】2小. | 惠,B1 | 4.7团建拓展￥156/人,建议复核,single_observation | name_truncated
CARD-0347,大宁久光中心,雅谷屋·足道SPA采耳(久光中心店),雅谷屋·足道SPA采耳(久光中心店),休闲按摩足浴,4.8,233,L2,rated,True,,rated,parsed,rating_anchor,0.9484,0.9592,57,1,雅谷屋·足道SPA采耳(久光中心店),240.82,240.82,evidence/card_0347.jpg,ocr/input_videos\上海__大宁久光中心__20260824.mp4,雅谷屋·足道SPA采耳(久光中心店) | 4.8休闲按摩足浴￥233/人L2 | 雅谷屋SPA | 大宁地区休闲按摩足浴销量榜第1名 | 好技术好服务好环境 | 商场内环境舒适，按完还能点瑞士卷 | “ | 告 | ￥299 | ￥2098.1折 | 惠 | 【经络·疏通】中.,4.8休闲按摩足浴￥233/人L2,建议复核,single_observation
CARD-0348,大宁久光中心,星球玩家,星球玩家,VR,3.3,50,L5,rated,True,,rated,parsed,rating_anchor,0.9168,0.9993,57,1,星球玩家,240.82,240.82,evidence/card_0348.jpg,ocr/input_videos\上海__大宁久光中心__20260824.mp4,星球玩家 | ⭐⭐⭐3.3VR￥50/人 | L5,⭐⭐⭐3.3VR￥50/人 | L5,建议复核,single_observation
CARD-0349,大宁久光中心,Carrera,Carrera,弹珠店,3.2,,L3,rated,True,,rated,parsed,rating_anchor,0.9539,0.9274,38,2,Carrera,240.82,243.95,evidence/card_0349.jpg,ocr/input_videos\上海__大宁久光中心__20260824.mp4,Carrera | ⭐⭐⭐⭐3.2弹珠店 | L3,⭐⭐⭐⭐3.2弹珠店 | L3,结构完整,
CARD-0350,大宁久光中心,耳禾·精致采耳·SPA,耳禾·精致采耳·SPA,采耳头疗,4.4,207,L2,rated,True,,rated,parsed,rating_anchor,0.9863,0.9735,51,4,耳禾·精致采耳·SPA,248.27,251.21,evidence/card_0350.jpg,ocr/input_videos\上海__大宁久光中心__20260824.mp4,耳禾·精致采耳·SPA | 耳（ | 🌟🌟⭐⭐🌟 | L2 | 采耳头疗 | ￥207/人 | 4.4 | 禾 | “环境私密感强，做完项目还能点心” | 全员资深采耳师,🌟🌟⭐⭐🌟 | L2 | 采耳头疗 | ￥207/人 | 4.4,结构完整,
CARD-0354,大宁久光中心,MAIK MIAKI,MAIKMIAKI,美发,4.5,403,L4,rated,True,,rated,parsed,rating_anchor,0.9278,0.9023,37,1,MAIK MIAKI,252.58,252.58,evidence/card_0354.jpg,ocr/input_videos\上海__大宁久光中心__20260824.mp4,MAIK MIAKI | L4 | 4.5美发￥403/人 | 点评锈单 | 大宁地区美发热门榜第1名 | “纹理感绝了，体验感级棒” | ￥1588.8折 | ￥188创意设计师提案设.. | 惠,L4 | 4.5美发￥403/人,建议复核,single_observation
CARD-0355,大宁久光中心,纽悦伊人问题肌·術后修护,纽悦伊人问题肌·术后修护,皮肤管理,4.5,281,L4,rated,True,,rated,parsed,rating_anchor,0.9698,0.9772,56,2,纽悦伊人问题肌·術后修护,252.58,252.97,evidence/card_0355.jpg,ocr/input_videos\上海__大宁久光中心__20260824.mp4,纽悦伊人问题肌·術后修护 | 4.5皮肤管理￥281/人 | L4 | NYSS | 纽悦伊人 | 点评榜单 | 大宁地区美容/SPA热门榜第7名 | 脸上清洁彻底，环境舒适放松” | C | ￥99965分钟深层清洁毛... | 4.2折 | ￥125 | 惠,4.5皮肤管理￥281/人 | L4,结构完整,
CARD-0356,大宁久光中心,Ulike&极萌大宁久光店,Ulike&极萌大宁久光店,脱433/,3.9,,L1,rated,True,,rated,parsed,rating_anchor,0.9731,0.9713,55,2,Ulike&极萌大宁久光店,252.58,252.97,evidence/card_0356.jpg,ocr/input_videos\上海__大宁久光中心__20260824.mp4,Ulike&极萌大宁久光店 | 3.9脱433/ | L1 | “极萌排灯效果好，打卡送代周边”,3.9脱433/ | L1,结构完整,
CARD-0357,大宁久光中心,HR赫莲娜,HR赫莲娜,皮肤管理,3.2,,商场内,rated,True,,rated,parsed,rating_anchor,0.999,0.9994,52,4,HR赫莲娜,252.58,255.33,evidence/card_0357.jpg,ocr/input_videos\上海__大宁久光中心__20260824.mp4,HR赫莲娜 | 商场内 | 🌟🌟⭐ | 3.2皮肤管理 | ★★ | 专柜8折，黑绷带送5小样” | “,商场内 | 🌟🌟⭐ | 3.2皮肤管理 | ★★,结构完整,
CARD-0358,大宁久光中心,BUT·飞顿牛奶肌·INDIBA·科技美..,BUT·飞顿牛奶肌·INDIBA·科技美,祛痘,4.5,361,L4,rated,True,,rated,parsed,rating_anchor,0.9324,0.9307,54,4,BUT·飞顿牛奶肌·INDIBA·科技美.. | BUT·飞顿牛奶肌·INDIBA·科技美...,252.58,255.33,evidence/card_0358.jpg,ocr/input_videos\上海__大宁久光中心__20260824.mp4,BUT·飞顿牛奶肌·INDIBA·科技美.. | 4.5祛痘￥361/人 | L4 | 静安区祛痘热门榜第3名 | “环境舒适，修复效果很好” | ￥1615折 | 惠 | ￥76855分钟清洁修护|祛....,4.5祛痘￥361/人 | L4,结构完整,
CARD-0359,大宁久光中心,HAIR MART,HAIRMART,美发,4.5,403,L4,rated,True,,rated,parsed,rating_anchor,0.9547,0.9401,45,1,HAIR MART,252.97,252.97,evidence/card_0359.jpg,ocr/input_videos\上海__大宁久光中心__20260824.mp4,HAIR MART | AMAART | L4 | 🌟🌟🌟🌟🌟 | 4.5美发￥403/人 | 点评榜单 | 大宁地区美发热门榜第1名 | HAIR MART | 纹理感绝了，体验感一级棒 | ￥1588.8折 | ￥188创意设计师提案设.. | 惠,L4 | 🌟🌟🌟🌟🌟 | 4.5美发￥403/人,建议复核,single_observation
CARD-0360,大宁久光中心,CARR SALON,CARRSALON,美发,4.8,410,L1,rated,True,,rated,parsed,rating_anchor,0.9452,0.9467,45,2,CARR SALON,254.94,255.33,evidence/card_0360.jpg,ocr/input_videos\上海__大宁久光中心__20260824.mp4,CARR SALON | L1 | 🌟🌟⭐⭐🌟 | 美发￥410/人 | 4.8 | 大宁地区洗吹销量榜第2名 | CARRSALON | HAIRARTISY | 挑染效果好，头皮护理无异味 | 2006 | ￥258￥380 | 惠 | 【创意督导】发型督导提....,L1 | 🌟🌟⭐⭐🌟 | 美发￥410/人 | 4.8,结构完整,
CARD-0361,大宁久光中心,伊莫朵·MDOE·美发沙龙,伊莫朵·MDOE·美发沙龙,美发,4.3,446,L4,rated,True,,rated,parsed,rating_anchor,0.9749,0.9778,52,5,伊莫朵·MDOE·美发沙龙,254.94,258.86,evidence/card_0361.jpg,ocr/input_videos\上海__大宁久光中心__20260824.mp4,uedlair | 伊莫朵·MDOE·美发沙龙 | 伊装旅 | ⭐🌟⭐⭐🌟 | 4.3美发￥446/人 | L4 | PRICELIST | 不推销 | 大宁地区护理销量榜第8名 | 无隐形消费 | ATRN | 发型师审美在线，洗头热敷按摩超舒适 | 【设计师剪发】洗剪吹+.. | ￥138￥180 | 惠,⭐🌟⭐⭐🌟 | 4.3美发￥446/人 | L4,结构完整,
CARD-0362,大宁久光中心,MiNi MEDi by QY,MiNiMEDibyQY,皮肤管理,4.6,271,L4,rated,True,,rated,parsed,rating_anchor,0.9706,0.984,63,5,MiNi MEDi by QY,254.94,258.86,evidence/card_0362.jpg,ocr/input_videos\上海__大宁久光中心__20260824.mp4,MiNi MEDi by QY | 告别繁琐 | 🌟🌟🌟🌟 | L4 | 皮肤管理￥271/人 | 4.6 | 精致从头到脸。 | 点评榜单 | 大宁地区美容/SPA热门榜第2名 | Scolp Core BSlin Care | 面部身体头部服务齐全，效果显著 | ￥239 | ￥1619.6折 | 惠 | 【疗愈舒压头疗】,🌟🌟🌟🌟 | L4 | 皮肤管理￥271/人 | 4.6,结构完整,
CARD-0363,大宁久光中心,刘娟美甲沙龙,刘娟美甲沙龙,美甲,4.6,438,L1,rated,True,,rated,parsed,rating_anchor,0.974,0.9975,55,3,刘娟美甲沙龙,257.09,258.86,evidence/card_0363.jpg,ocr/input_videos\上海__大宁久光中心__20260824.mp4,刘娟美甲沙龙 | 美甲￥438/人 | L1 | 🌟🌟🌟🌟🌟 | 4.6 | S.I Nail salon | 到娟关甲沙 | 大宁地区纯色美甲销量榜第3名 | “私密性好，美甲师卸甲细致” | ￥168￥208LCN手部指甲尊贵护理项目 | 惠 | ￥80￥100代金券 | 惠,美甲￥438/人 | L1 | 🌟🌟🌟🌟🌟 | 4.6,结构完整,
CARD-0364,大宁久光中心,美丽田园,美丽田园,SPA美体,4.0,363,L4,rated,True,,rated,parsed,rating_anchor,0.9906,0.9999,57,5,美丽田园,257.09,259.64,evidence/card_0364.jpg,ocr/input_videos\上海__大宁久光中心__20260824.mp4,美丽田园 | ⭐🌟⭐⭐ | L4 | 4.0SPA美体￥363/人 | ★ | 美麗田園 | 点评榜单 | 大宁地区美容/SPA热门榜第3名 | BEAUTY FARM | 独立淋浴私密舒适，美容师手法温柔 | 5 | 惠 | ￥211 | 4.5折 | ￥1140SPA放松助眠1全...,⭐🌟⭐⭐ | L4 | 4.0SPA美体￥363/人 | ★,结构完整,
CARD-0365,大宁久光中心,爱睫物语·疗愈美睫美甲,爱睫物语·疗愈美睫美甲,美睫,4.7,277,L4,rated,True,,rated,parsed,rating_anchor,0.9654,0.9926,51,3,爱睫物语·疗愈美睫美甲,258.86,259.64,evidence/card_0365.jpg,ocr/input_videos\上海__大宁久光中心__20260824.mp4,爱睫物语·疗愈美睫美甲 | 4.7美睫￥277/人 | L4 | 环境舒适，睫毛自然浓密 | J | （ | LOVE EYELASH | 爱经特话 | ￥385.6折 | ￥80清爽卸除一卸本甲/卸.. | 惠,4.7美睫￥277/人 | L4,结构完整,
CARD-0368,大宁久光中心,爱婴室,爱婴室,母婴用品,3.9,219,L3,rated,True,,rated,parsed,rating_anchor,0.9765,0.9952,59,6,爱婴室,261.02,268.47,evidence/card_0368.jpg,ocr/input_videos\上海__大宁久光中心__20260824.mp4,爱婴室 | 🌟🌟🌟🌟⭐ | L3 | baběmax | 母婴用品￥219/人 | 3.9 | 爱婴室 | 线下实体店坚持住，价格划算 | 您身边的母婴健康专家,🌟🌟🌟🌟⭐ | L3 | 母婴用品￥219/人 | 3.9,结构完整,
CARD-0369,大宁久光中心,小蓝象儿童排汗内衣,小蓝象儿童排汗内衣,母婴用品,3.4,371,L3,rated,True,,rated,parsed,rating_anchor,0.9662,0.9657,51,5,小蓝象儿童排汗內衣 | 小蓝象儿童排汗内衣,261.02,268.47,evidence/card_0369.jpg,ocr/input_videos\上海__大宁久光中心__20260824.mp4,小蓝象儿童排汗内衣 | ⭐🌟⭐⭐⭐ | L3 | 3.4母婴用品￥371/人 | 排汗快不粘糊，衣服抗造又时尚”,⭐🌟⭐⭐⭐ | L3 | 3.4母婴用品￥371/人,结构完整,
CARD-0370,大宁久光中心,英氏YeeHoO,英氏YeeHoO,儿童服饰,3.5,,L3,rated,True,,rated,parsed,rating_anchor,0.9966,0.9964,52,4,英氏YeeHoO,261.02,268.47,evidence/card_0370.jpg,ocr/input_videos\上海__大宁久光中心__20260824.mp4,英氏YeeHoO | 🌟🌟🌟🌟🌟 | 3.5儿童服饰 | L3 | 购物体验非常好，服务热情周到,🌟🌟🌟🌟🌟 | 3.5儿童服饰 | L3,结构完整,
CARD-0371,大宁久光中心,乐高授权专卖店,乐高授权专卖店,玩具,4.5,409,B1,rated,True,,rated,parsed,rating_anchor,0.9832,0.9996,55,6,乐高授权专卖店,261.02,270.62,evidence/card_0371.jpg,ocr/input_videos\上海__大宁久光中心__20260824.mp4,乐高授权专卖店 | 🌟🌟🌟🌟🌟 | 4.5玩具￥409/人 | B1 | 积木桌超大，环境很好”,🌟🌟🌟🌟🌟 | 4.5玩具￥409/人 | B1,结构完整,
CARD-0372,大宁久光中心,ASICS KIDS,ASICSKIDS,儿童服饰,3.6,1059,L3,rated,True,,rated,parsed,rating_anchor,0.9753,0.9807,49,6,ASICS KIDS,261.02,272.39,evidence/card_0372.jpg,ocr/input_videos\上海__大宁久光中心__20260824.mp4,ASICS KIDS | 3.6儿童服饰￥1059/人 | L3,3.6儿童服饰￥1059/人 | L3,结构完整,
CARD-0373,大宁久光中心,樱桃小丸梦幻乐园,樱桃小丸梦幻乐园,童乐园204/,3.9,,商场内,rated,True,,rated,parsed,rating_anchor,0.9725,0.9595,57,1,樱桃小丸梦幻乐园,262.0,262.0,evidence/card_0373.jpg,ocr/input_videos\上海__大宁久光中心__20260824.mp4,樱桃小丸梦幻乐园 | 商场内 | 3.9童乐园204/,商场内 | 3.9童乐园204/,建议复核,single_observation
CARD-0374,大宁久光中心,SlimeLand·史莱姆手工DIY,SlimeLand·史莱姆手工DIY,儿童乐园,4.7,144,L3,rated,True,,rated,parsed,rating_anchor,0.9759,0.9902,52,3,SlimeLand·史来姆手工DIY | SlimeLand·史莱姆手工DIY,262.0,265.13,evidence/card_0374.jpg,ocr/input_videos\上海__大宁久光中心__20260824.mp4,SlimeLand·史莱姆手工DIY | SlreLand | 号 | 史莱姆魔法乐园 | 4.7儿童乐园￥144/人 | L3 | 静安区儿童乐园销量榜第5名 | 现调斑作 | 专门子你 | ￥138￥188 | 惠 | 【夏季限定款】史莱姆DIY...,4.7儿童乐园￥144/人 | L3,结构完整,
CARD-0375,大宁久光中心,托马斯&朋友之探索世界,托马斯&朋友之探索世界,儿童乐园,4.1,104,L3,rated,True,,rated,parsed,rating_anchor,0.9748,0.9781,51,4,托马斯&朋友之探索世界,262.0,265.72,evidence/card_0375.jpg,ocr/input_videos\上海__大宁久光中心__20260824.mp4,托马斯&朋友之探索世界 | 🌟🌟⭐🎉 | L3 | 4.1儿童乐园￥104/人 | ★ | 点评榜单 | 静安区儿童乐园热门榜第10名 | 项目多又干净，办卡后单次扣费亲民 | ￥48￥50 | 【托马斯小火车】儿童票·周... | 惠,🌟🌟⭐🎉 | L3 | 4.1儿童乐园￥104/人 | ★,结构完整,
CARD-0376,大宁久光中心,弹射能量弹珠,弹射能量弹珠,童乐园101/,3.9,,B2,rated,True,,rated,parsed,rating_anchor,0.963,0.9423,55,4,弹射能量弹珠,262.0,265.72,evidence/card_0376.jpg,ocr/input_videos\上海__大宁久光中心__20260824.mp4,弹射能量弹珠 | 3.9童乐园101/ | B2 | “百个珠能玩下午，还有奖品 | J | 惠￥65.79折 | ￥98450枚弹珠|【新店特惠..,3.9童乐园101/ | B2,结构完整,
CARD-0378,大宁久光中心,樱桃小丸子梦幻乐园,樱桃小丸子梦幻乐园,儿童乐园,3.9,204,商场内,rated,True,,rated,parsed,rating_anchor,0.9775,0.9893,53,1,樱桃小丸子梦幻乐园,262.39,262.39,evidence/card_0378.jpg,ocr/input_videos\上海__大宁久光中心__20260824.mp4,樱桃小丸子梦幻乐园 | 3.9儿童乐园￥204/人 | 商场内,3.9儿童乐园￥204/人 | 商场内,建议复核,single_observation
CARD-0379,大宁久光中心,国际蓝孩,国际蓝孩,玩具,4.9,3599,L3,rated,True,,rated,parsed,rating_anchor,0.9792,0.9986,59,3,国际蓝孩,270.23,272.39,evidence/card_0379.jpg,ocr/input_videos\上海__大宁久光中心__20260824.mp4,国际蓝孩 | L3 | 🌟🌟🎉🌟🌟 | 玩具￥3599/人 | 4.9 | 点评榜单 | 静安区亲子购物好评榜第2名 | 配套刺绣服务贴心，母婴用品大件齐全 | 2,L3 | 🌟🌟🎉🌟🌟 | 玩具￥3599/人 | 4.9,结构完整,
CARD-0380,大宁久光中心,FILA KIDS,FILAKIDS,儿童服饰,3.5,,商场内,rated,True,,rated,parsed,rating_anchor,0.9934,0.9898,49,3,FILA KIDS,270.23,272.39,evidence/card_0380.jpg,ocr/input_videos\上海__大宁久光中心__20260824.mp4,UAKO | FILA KIDS | 🌟🌟⭐🌟⭐ | 商场内 | 3.5儿童服饰,🌟🌟⭐🌟⭐ | 商场内 | 3.5儿童服饰,结构完整,
CARD-0381,大宁久光中心,Paw in Paw,PawinPaw,儿童服饰,3.5,,L3,rated,True,,rated,parsed,rating_anchor,0.9837,0.9691,55,4,Paw in Paw,270.23,272.78,evidence/card_0381.jpg,ocr/input_videos\上海__大宁久光中心__20260824.mp4,Paw in Paw | 🌟🌟🌟🌟🌟 | L3 | 3.5儿童服饰,🌟🌟🌟🌟🌟 | L3 | 3.5儿童服饰,结构完整,
CARD-0382,大宁久光中心,TOPTOY,TOPTOY,玩具,3.9,113,B1,rated,True,,rated,parsed,rating_anchor,0.984,0.9996,46,5,TOPTOY,270.23,274.74,evidence/card_0382.jpg,ocr/input_videos\上海__大宁久光中心__20260824.mp4,TOPTOY | TOP | ★★★★★ | B1 | 3.9玩具￥113/人 | TOY | 点评榜单 | 静安区亲子购物热门榜第3名 | 小店摆放有门路，拍照冲动十足 | 5 | ￥29￥29三丽鸥家族草莓糖系列MINI... | 惠,★★★★★ | B1 | 3.9玩具￥113/人,结构完整,
CARD-0383,大宁久光中心,河马叔叔儿童美发,河马叔叔儿童美发,婴童理发,3.4,127,L3,rated,True,,rated,parsed,rating_anchor,0.9994,0.9997,54,3,河马叔叔儿童美发,272.39,274.74,evidence/card_0383.jpg,ocr/input_videos\上海__大宁久光中心__20260824.mp4,河马叔叔儿童美发 | ⭐🌟⭐⭐🌟 | L3 | 3.4 | 婴童理发 | ￥127/人 | 店里布置像童话世界，理发师全程温柔.. | 河马积叔 | N | A | X | m,⭐🌟⭐⭐🌟 | L3 | 3.4 | 婴童理发 | ￥127/人,结构完整,
CARD-0388,大宁久光中心,河与秋秋儿里夫反,河与秋秋儿里夫反,婴童理发,3.4,127,L3,rated,True,,rated,parsed,rating_anchor,0.906,0.8145,33,1,河与秋秋儿里夫反,275.33,275.33,evidence/card_0388.jpg,ocr/input_videos\上海__大宁久光中心__20260824.mp4,河与秋秋儿里夫反 | L3 | 🌟🌟🎉⭐🌟 | 3.4婴童理发 | ￥127/人 | 河马叔叔 | “店里布置像童话世界，理发师全程温柔.. | A | A | E | E,L3 | 🌟🌟🎉⭐🌟 | 3.4婴童理发 | ￥127/人,建议复核,single_observation
CARD-0392,大宁久光中心,BOUNCE舞蹈工作室,BOUNCE舞蹈工作室,舞蹈,4.6,1937,L4,rated,True,,rated,parsed,rating_anchor,0.9745,0.999,51,3,BOUNCE舞蹈工作室,278.86,281.8,evidence/card_0392.jpg,ocr/input_videos\上海__大宁久光中心__20260824.mp4,暑期瑞專 | BOUNCE舞蹈工作室 | ⭐🌟🎉🎉🌟4.6 | L4 | 舞蹈￥1937/人 | 一节 | 点评榜单 | 静安区舞蹈热门榜第3名 | 位置方便，拍视频很出片 | 51 | De | ￥6.6￥150 [火爆]不限基础1街舞/流行.. | 惠,⭐🌟🎉🎉🌟4.6 | L4 | 舞蹈￥1937/人,结构完整,
CARD-0393,大宁久光中心,小美同学·普拉提,小美同学·普拉提,瑜伽,3.5,301,L4,rated,True,,rated,parsed,rating_anchor,0.9642,0.9871,52,3,小美同学·普拉提,278.86,281.8,evidence/card_0393.jpg,ocr/input_videos\上海__大宁久光中心__20260824.mp4,小美同学·普拉提 | 3.5瑜伽￥301/人 | L4 | 美炎 | 点评榜单 | 大宁地区瑜伽热门榜第1名 | 支持单次付费 | 教练有气质，环境颜色柔和出片 | 5 | C | ￥907.1折 | ￥680 | 【私教体验】一对一… | 惠,3.5瑜伽￥301/人 | L4,结构完整,
CARD-0396,大宁久光中心,24/7 FITNESS健身,24/7FITNESS健身,健身房,4.0,3132,L4,rated,True,,rated,parsed,rating_anchor,0.9633,0.9641,48,1,24/7 FITNESS健身,279.45,279.45,evidence/card_0396.jpg,ocr/input_videos\上海__大宁久光中心__20260824.mp4,24/7 FITNESS健身 | 1 | 2A/TFITNEBE | 0 | 小时 | 🌟🌟🌟🌟 | L4 | 健身房￥3132/人 | 4.0 | ★ | 健身 | HOURS OPEN | 无门学系打找 | 点评榜单 | 大宁地区健身中心热门榜第1名 | 1 | 全民健身月： | 环境很好无推销，教练专业耐心 | 5 | ￥68.8￥520专业场馆|连续3天|需预约 | 惠,🌟🌟🌟🌟 | L4 | 健身房￥3132/人 | 4.0 | ★,建议复核,single_observation
CARD-0397,大宁久光中心,PadelU板式网球·匹克球·健身,PadelU板式网球·匹克球·健身,网球场,4.7,,L6,rated,True,,rated,parsed,rating_anchor,0.9705,0.959,50,1,PadelU板式网球·匹克球·健身,279.45,279.45,evidence/card_0397.jpg,ocr/input_videos\上海__大宁久光中心__20260824.mp4,PadelU板式网球·匹克球·健身 | L6 | 4.7网球场 | PADEL U | 大宁地区球场回头客榜第4名 | 氛围感max，适合运动露营 | “ | ￥360￥480Padel体验课-1V1私教可... | 惠,L6 | 4.7网球场,建议复核,single_observation
CARD-0398,大宁久光中心,大曾文化·主持表演·演讲口才·艺...,大曾文化·主持表演·演讲口才·艺,主持表演.,4.8,14123,L3,rated,True,,rated,parsed,rating_anchor,0.9416,0.9546,53,3,大曾文化·主持表演·演讲口才·艺...,282.78,283.76,evidence/card_0398.jpg,ocr/input_videos\上海__大宁久光中心__20260824.mp4,大曾文化·主持表演·演讲口才·艺... | 3-158 | 80 | 12年工共来场托国经验 | 4.8主持表演.￥14123/人L3 | 大曾文化 | 春季新班 | 点评榜单 | 静安区主持表演/模特好评榜第1名 | 主持表演1少儿别1演进口才 | 宽敞明亮的大露台，教学设施一应俱全 | 3 | 自信长 | “ | 款测烟液 | ￥30￥199 | 【新春特惠】零基础主持表.. | 惠,4.8主持表演.￥14123/人L3,建议复核,name_truncated
CARD-0399,大宁久光中心,PAMOLA帕莫拉绘画馆·英语绘本馆,PAMOLA帕莫拉绘画馆·英语绘本馆,美术,4.8,,L3,rated,True,,rated,parsed,rating_anchor,0.9833,0.9921,50,3,PAMOLA帕莫拉绘画馆·英语绘本馆,282.78,283.76,evidence/card_0399.jpg,ocr/input_videos\上海__大宁久光中心__20260824.mp4,PAMOLA帕莫拉绘画馆·英语绘本馆 | 4.8美术 | L3 | a | 点评榜单 | 大宁地区美术热门榜第2名 | PAMOLA | 7 | 美术启蒙好老师，课堂氛围超棒！ | “ | ￥9.9￥597全城6次课随心学1少儿游... | 惠,4.8美术 | L3,结构完整,
CARD-0400,大宁久光中心,文栩练字硬笔书法,文栩练字硬笔书法,书法,4.4,,L3,rated,True,,rated,parsed,rating_anchor,0.9987,0.9985,54,3,文栩练字硬笔书法,282.78,283.76,evidence/card_0400.jpg,ocr/input_videos\上海__大宁久光中心__20260824.mp4,文栩练字硬笔书法 | 4.4书法 | L3 | 大宁地区书法好评榜第6名 | 休息中 | 课堂氛围好，校区干净亮堂 | ￥39.9￥400硬笔书法2节45分钟体验课,4.4书法 | L3,结构完整,
CARD-0401,大宁久光中心,BOUNCE KIDS少儿街舞,BOUNCEKIDS少儿街舞,舞蹈培训,4.8,3277,L4,rated,True,,rated,parsed,rating_anchor,0.9638,0.9764,54,2,BOUNCE KIDS少儿街舞,282.78,283.76,evidence/card_0401.jpg,ocr/input_videos\上海__大宁久光中心__20260824.mp4,BOUNCE KIDS少儿街舞 | 舞蹈培训￥3277/人 | L4 | 4.8 | 大宁地区舞蹈培训好评榜第2名 | 运动会上瘾，出汗又解压 | 31 | ￥250[零基础1嘻哈舞随堂体 | 8折,舞蹈培训￥3277/人 | L4 | 4.8,结构完整,
CARD-0402,大宁久光中心,英孚教育青少儿,英孚教育青少儿,课后辅导,4.2,17132,L3,rated,True,,rated,parsed,rating_anchor,0.9881,0.9956,48,1,英孚教育青少儿,283.37,283.37,evidence/card_0402.jpg,ocr/input_videos\上海__大宁久光中心__20260824.mp4,英孚教育青少儿 | 英乎教育 | . | 08 | 开学季 | L3 | ★武國窗 | 4.2课后辅导￥17132/人 | 英语真学霸 | 点评榜单 | 静安区课后辅导热门榜第1名 | 拼读|调汇|阅读|语法 | 老师上课有活力，校区环境很不错 | ，力 | ￥9.9￥597全城6次课随心学1少儿游... | 惠,L3 | ★武國窗 | 4.2课后辅导￥17132/人,建议复核,single_observation
CARD-0403,大宁久光中心,洁芭蕾舞蹈,洁芭蕾舞蹈,舞蹈培训,4.6,,L3,rated,True,,rated,parsed,rating_anchor,0.9992,0.9994,49,1,洁芭蕾舞蹈,283.37,283.37,evidence/card_0403.jpg,ocr/input_videos\上海__大宁久光中心__20260824.mp4,洁芭蕾舞蹈 | Fal | 英皇芭蕾 | L3 | 舞蹈培训 | ★★ | 4.6 | 开学季 | 点评榜单 | 静安区舞蹈培训热门榜第5名 | 免费试听 | 专注步儿直签 | 设施干净整洁，课堂氛围充满童趣 | ￥66￥400 | 惠 | 9.13前特享 | 【开学季福利】,L3 | 舞蹈培训 | ★★ | 4.6,建议复核,single_observation
CARD-0404,大宁久光中心,亨吉利名表维修中心,亨吉利名表维修中心,钟表维修,4.8,150,L1,rated,True,,rated,parsed,rating_anchor,0.9724,0.9946,54,1,亨吉利名表维修中心,284.94,284.94,evidence/card_0404.jpg,ocr/input_videos\上海__大宁久光中心__20260824.mp4,亨吉利名表维修中心 | clilo | 4.8钟表维修￥150/人 | L1 | HARMONY | 亨吉利名表维修 | “清洗手表很干净，服务态度特别好 | 指修保养 | 更热迎池 | 外观期新 | 定型总带 | ￥9.90.5折 | ￥200 | 惠 | 【手表养护】拆装表.,4.8钟表维修￥150/人 | L1,建议复核,single_observation
CARD-0405,大宁久光中心,Yami Vintage亚米·奢侈品回收,YamiVintage亚米·奢侈品回收,奢侈品回收,4.8,,L2,rated,True,,rated,parsed,rating_anchor,0.987,0.9744,53,1,Yami Vintage亚米·奢侈品回收,284.94,284.94,evidence/card_0405.jpg,ocr/input_videos\上海__大宁久光中心__20260824.mp4,Yami Vintage亚米·奢侈品回收 | ⭐🌟★⭐⭐4.8 | L2 | 奢侈品回收 | 静安区回收服务销量榜第3名 | 鉴定专业细致，商品种类齐全 | 1.1折 | ￥100奢侈品箱包回收 | 惠 | ￥1,⭐🌟★⭐⭐4.8 | L2 | 奢侈品回收,建议复核,single_observation
CARD-0406,大宁久光中心,车微家洗车贴膜车衣,车微家洗车贴膜车衣,美容洗车,4.2,318,B3,rated,True,,rated,parsed,rating_anchor,0.9803,0.9994,48,2,车微家洗车贴膜车衣,284.94,286.7,evidence/card_0406.jpg,ocr/input_videos\上海__大宁久光中心__20260824.mp4,车微家洗车贴膜车衣 | 4.2美容洗车￥318/人 | B3 | 车微家S94810 | 精洗泡沫多，清洁细致到位” | ￥558￥618漆面换新或车厢全效抑菌... | 惠,4.2美容洗车￥318/人 | B3,结构完整,
CARD-0407,大宁久光中心,外星人官方售后维修站.Alienware..,外星人官方售后维修站.Alienware,电脑维修,4.5,530,L4,rated,True,,rated,parsed,rating_anchor,0.9458,0.9291,61,2,外星人官方售后维修站.Alienware.. | 外星人官方售后维修站.Alienware...,284.94,286.7,evidence/card_0407.jpg,ocr/input_videos\上海__大宁久光中心__20260824.mp4,外星人官方售后维修站.Alienware.. | 维修站点 | L4 | 4.5电脑维修￥530/人 | 静安区电脑维修销量榜第1名 | 外星人盗营门店.售线修服务站 | ALIENWARE | 政府补贴15% | 环境科技感十，配件丰富 | “ | 量真立减查仟伍佰 | ￥699￥799外星人整机深度保养 | 惠,L4 | 4.5电脑维修￥530/人,结构完整,
CARD-0408,大宁久光中心,St&J,St&J,定制家居,3.4,,B1,rated,True,,rated,parsed,rating_anchor,0.9898,0.9848,58,6,St&J,284.94,289.65,evidence/card_0408.jpg,ocr/input_videos\上海__大宁久光中心__20260824.mp4,St&J | STANZA&JIE | 3.4定制家居 | 🌟🌟🌟 | B1,3.4定制家居 | 🌟🌟🌟 | B1,结构完整,
CARD-0409,大宁久光中心,戴尔X外星人电脑维修,戴尔X外星人电脑维修,电脑维修,4.1,,L4,rated,True,,rated,parsed,rating_anchor,0.9928,0.9858,54,6,戴尔X外星人电脑维修,286.7,290.43,evidence/card_0409.jpg,ocr/input_videos\上海__大宁久光中心__20260824.mp4,戴尔X外星人电脑维修 | DLL | 电脑维修 | L4 | Technologies | ★★★★ | 4.1 | ★ | 静安区电脑维修销量榜第9名 | ALIENWARE | ￥30￥99 | 【到店福利：故障检测+50抵... | 惠,电脑维修 | L4 | ★★★★ | 4.1 | ★,结构完整,
CARD-0410,大宁久光中心,爱回收,爱回收,手机数码回收,3.5,,B1,rated,True,,rated,parsed,rating_anchor,0.9996,0.9994,58,6,爱回收,287.49,291.02,evidence/card_0410.jpg,ocr/input_videos\上海__大宁久光中心__20260824.mp4,爱回收 | M | 🌟🌟🌟🌟⭐ | B1 | 手机数码回收 | 3.5 | 服务周到检查仔细，还能回收包包手表 | 爱回收,🌟🌟🌟🌟⭐ | B1 | 手机数码回收 | 3.5,结构完整,
CARD-0411,大宁久光中心,北京同仁堂,北京同仁堂,中西药房,3.8,,B2,rated,True,,rated,parsed,rating_anchor,0.9998,0.9999,51,6,北京同仁堂,287.49,291.02,evidence/card_0411.jpg,ocr/input_videos\上海__大宁久光中心__20260824.mp4,北京同仁堂 | 批京月仁营 | ★★★★★ | B2 | 中西药房 | 3.8,★★★★★ | B2 | 中西药房 | 3.8,结构完整,
CARD-0412,大宁久光中心,聚达美妆MakeUpToo,聚达美妆MakeUpToo,彩妆造型,4.4,241,L4,rated,True,,rated,parsed,rating_anchor,0.9987,0.9978,54,7,聚达美妆MakeUpToo,287.49,291.22,evidence/card_0412.jpg,ocr/input_videos\上海__大宁久光中心__20260824.mp4,聚达美妆MakeUpToo | MAKE UPTOO | 美妆 | 聚达 | 🌟🌟🎉🌟 | L4 | 彩妆造型 | ￥241/人 | 4.4 | ★ | 全国23家 | “一对一指导，妆容自然持久 | 商场直营店 | 93 | 日常妆·约会妆·COS效 | 1V1化妆措导1色彩测试 | ￥1789折 | 【含高颅顶】爆款|… | ￥228 | 惠,🌟🌟🎉🌟 | L4 | 彩妆造型 | ￥241/人 | 4.4 | ★,结构完整,
CARD-0413,大宁久光中心,人生四格大头贴,人生四格大头贴,快照摄影,3.6,,L5,rated,True,,rated,parsed,rating_anchor,0.9993,0.9987,54,4,人生四格大头贴,289.65,291.8,evidence/card_0413.jpg,ocr/input_videos\上海__大宁久光中心__20260824.mp4,人生四格大副贴 | 人生四格大头贴 | 🌟3.6 | L5 | 快照摄影,🌟3.6 | L5 | 快照摄影,结构完整,
CARD-0414,大宁久光中心,天真蓝照相馆,天真蓝照相馆,快照摄影,3.9,228,L4,rated,True,,rated,parsed,rating_anchor,0.9784,0.9956,54,3,天真蓝照相馆,291.02,291.8,evidence/card_0414.jpg,ocr/input_videos\上海__大宁久光中心__20260824.mp4,天真蓝照相馆 | 天乳盛nawvobhn | 🌟🌟🌟⭐ | L4 | 快照摄影￥228/人 | 3.9 | 静安区快照销量榜第1名 | 限服照 | 拍照效果级棒，环境也很不错 | 证件照 | 55 | “ | ￥179.99￥270身份证证件照·公安联... | 惠,🌟🌟🌟⭐ | L4 | 快照摄影￥228/人 | 3.9,结构完整,
CARD-0415,大宁久光中心,四格头贴,四格头贴,快照摄影,3.6,,L5,rated,True,,rated,parsed,rating_anchor,0.9835,0.9899,56,1,四格头贴,291.22,291.22,evidence/card_0415.jpg,ocr/input_videos\上海__大宁久光中心__20260824.mp4,人生四格大蔬站 | 四格头贴 | 3.6快照摄影 | L5 | 上,3.6快照摄影 | L5,建议复核,single_observation
CARD-0416,大宁久光中心,JUST·FOTO头贴助店,JUST·FOTO头贴助店,,3.6,54,B2,rated,True,,rated,missing,rating_anchor,0.9847,0.9847,57,2,JUST·FOTO 大头贴自助店 | JUST·FOTO头贴助店,291.22,291.8,evidence/card_0416.jpg,ocr/input_videos\上海__大宁久光中心__20260824.mp4,JUST·FOTO头贴助店 | JUST.FOTO | 3.6自拍/换装体验￥54/人 | B2 | UST.FOTO | 潮流必拍强势装来 | ￥28.69.9折 | ￥29.9 | 新手小白必入一人 | 惠,3.6自拍/换装体验￥54/人 | B2,建议复核,category_missing
