observation_id,mall_name,merchant_name_raw,merchant_name_normalized,category_raw,rating,avg_price_yuan,floor_location,card_type,research_eligible,exclusion_reason,rating_status,category_status,detection_method,ocr_confidence,title_score,title_height,frame_index,timestamp_sec,metadata_text,all_text,source_video
OBS-000001,世博源,世博源公馆·喜宴·宝宝宴·江景宴...,世博源公馆·喜宴·宝宝宴·江景宴,酒店婚宴/宴会,4.6,429,L2,rated,True,,rated,parsed,rating_anchor,0.9381,0.9373,52,24,0.411,4.6酒店婚宴/宴会￥429/人L2,世博源公馆·喜宴·宝宝宴·江景宴... | 4.6酒店婚宴/宴会￥429/人L2 | 全景落地窗，菜品摆盘精致 | C | 惠 | ￥1￥19宝宝宴·江景宴会,ocr/input_videos\上海__世博源__20260826.mp4
OBS-000002,世博源,明洞阿姨·韩式酱蟹·烤肉大排档,明洞阿姨·韩式酱蟹·烤肉大排档,韩式烤肉,4.4,100,,rated,True,,rated,parsed,rating_anchor,0.9566,0.9588,46,24,0.411,★★★★ | 韩式烤肉￥100/人 | B | 4.4,明洞阿姨·韩式酱蟹·烤肉大排档 | 匠心十一年 | 专做酱辣墅 | ★★★★ | 韩式烤肉￥100/人 | B | 4.4 | 点评榜单 | 浦东新区韩式烤肉好评榜第1名 | 9408 | 服务热情，烤肉美味，体验感满满 | UARN | ￥392 | ￥1995.1折 | 【招牌】韩国酱辣. | 惠 | ￥989.8折 | 惠 | ￥100100元代金券,ocr/input_videos\上海__世博源__20260826.mp4
OBS-000003,世博源,宝粵楼广式点心茶楼,宝粤楼广式点心茶楼,粤式茶点,4.7,96,L1,rated,True,,rated,parsed,rating_anchor,0.9413,0.9496,51,24,0.411,⭐🌟🎉🌟4.7 | L1 | 粤式茶点￥96/人,宝粵楼广式点心茶楼 | 宝粵楼 | ⭐🌟🎉🌟4.7 | L1 | 粤式茶点￥96/人 | 廣式點心茶楼 | 点评镑单 | 世博园粵菜热门榜第1名 | 14:30休息 | 老香港风格，口味相当地不错 | K | 2 | ￥9.95.3折 | ￥19 | 惠 | 【限时售卖】红豆爆... | ￥459折 | ￥50 | 惠 | 【工作日专享】50元代金券,ocr/input_videos\上海__世博源__20260826.mp4
OBS-000004,世博源,蔡澜点心·粵菜,蔡澜点心·粤菜,粤菜馆,4.4,95,L2,rated,True,,rated,parsed,rating_anchor,0.9388,0.9355,51,24,0.411,L2 | 🌟🌟🌟🌟 | 粤菜馆￥95/人 | 4.4,蔡澜点心·粵菜 | 禁澜 | L2 | 🌟🌟🌟🌟 | 粤菜馆￥95/人 | 4.4 | 夏日上新 | 店 | 点评榜单 | 鲜配手作 | 世博园粤菜好评榜第4名 | ￥9.9 | 3.6折 | ￥28 | 惠 | 黑松露鲜菌饺【大学.. | ￥989.8折 | 惠 | ￥100100元代金券,ocr/input_videos\上海__世博源__20260826.mp4
OBS-000005,世博源,明洞阿姨·韩式酱蟹·烤肉大排档,明洞阿姨·韩式酱蟹·烤肉大排档,韩式烤肉,4.4,100,,rated,True,,rated,parsed,rating_anchor,0.9673,0.9633,50,72,1.233,🌟🌟⭐🌟 | 4.4韩式烤肉￥100/人 | B,明洞阿姨·韩式酱蟹·烤肉大排档 | 匠心十一年 | 专做酱辣蟹 | 🌟🌟⭐🌟 | 4.4韩式烤肉￥100/人 | B | 点评榜单 | 浦东新区韩式烤肉好评榜第1名 | 99 | 服务热情，烤肉美味，体验感满满” | NARB | ￥1995.1折 | ￥392 | 惠 | 【招牌】韩国酱辣.. | ￥989.8折 | 惠 | ￥100100元代金券,ocr/input_videos\上海__世博源__20260826.mp4
OBS-000006,世博源,宝粤楼广式点心茶楼,宝粤楼广式点心茶楼,粤式茶点,4.7,96,L1,rated,True,,rated,parsed,rating_anchor,0.9577,0.9823,51,72,1.233,🌟🌟🌟4.7 | L1 | 粤式茶点￥96/人,宝粤楼广式点心茶楼 | 宝粤楼 | 🌟🌟🌟4.7 | L1 | 粤式茶点￥96/人 | 溪式點心系楼 | 点评榜单 | 世博园粤菜热门榜第1名 | 14:30休息 | 老港风格，口味相当地不错” | ￥9.95.3折 | ￥19 | 惠 | 【限时售卖】红豆爆... | ￥459折 | 惠 | ￥50 | 【工作专享】50元代金券,ocr/input_videos\上海__世博源__20260826.mp4
OBS-000007,世博源,蔡澜点心·粵菜,蔡澜点心·粤菜,粤菜馆,4.4,95,L2,rated,True,,rated,parsed,rating_anchor,0.9354,0.933,52,72,1.233,⭐🌟🌟⭐⭐4.4 | L2 | 粤菜馆￥95/人,蔡澜点心·粵菜 | 蔡澜 | ⭐🌟🌟⭐⭐4.4 | L2 | 粤菜馆￥95/人 | 夏日上新 | 情 | 点评榜单 | 世博园粤菜好评榜第4名 | 鮮配手作 | ￥9.93.6折 | 惠 | ￥28黑松露鲜菌饺【大学. | ￥989.8折 | 惠 | ￥100100元代金券,ocr/input_videos\上海__世博源__20260826.mp4
OBS-000008,世博源,任天堂switch宅玩游戏,任天堂switch宅玩游戏,主机游戏,4.6,50,,rated,True,,rated,parsed,rating_anchor,0.9725,0.9986,51,72,1.233,4.6主机游戏￥50/人 | B,任天堂switch宅玩游戏 | 主机游戏 | 4.6主机游戏￥50/人 | B | 体验式售卖 | 世博源主机游戏销量榜第1名 | SWITCH PS4 PSS | 设备新且充满电，游戏丰富 | ￥48￥68switchps4单人1小时体验 | 惠,ocr/input_videos\上海__世博源__20260826.mp4
OBS-000009,世博源,蔡澜点心·粵菜,蔡澜点心·粤菜,粤菜馆,4.4,95,L2,rated,True,,rated,parsed,rating_anchor,0.9396,0.9221,52,108,1.849,🌟🌟⭐⭐ | L2 | 粤菜馆￥95/人 | 4.4,蔡澜点心·粵菜 | 禁澜 | 🌟🌟⭐⭐ | L2 | 粤菜馆￥95/人 | 夏日上新。 | 4.4 | 用 | 点评榜单 | 世博园粤菜好评榜第4名 | 鲜配手作 | ￥9.93.6折 | 惠 | ￥28黑松露鲜菌饺【大学.. | ￥989.8折 | 惠 | ￥100100元代金券,ocr/input_videos\上海__世博源__20260826.mp4
OBS-000010,世博源,任天堂switch宅玩游戏,任天堂switch宅玩游戏,主机游戏,4.6,50,,rated,True,,rated,parsed,rating_anchor,0.9763,0.9996,54,108,1.849,4.6主机游戏￥50/人 | B,任天堂switch宅玩游戏 | 主机游戏 | 4.6主机游戏￥50/人 | B | 体验式售卖 | 世博源主机游戏销量榜第1名 | SWITCH PS4 PS5 | 设备新且充满电，游戏丰富 | ￥48￥68switch ps4单人1小时体验 | 惠,ocr/input_videos\上海__世博源__20260826.mp4
OBS-000011,世博源,大宝口福·生焗海鲜·煲煲好,大宝口福·生焗海鲜·煲煲好,江浙菜,4.6,100,,rated,True,,rated,parsed,rating_anchor,0.9719,0.9856,54,108,1.849,G | 4.6江浙菜￥100/人,大宝口福·生焗海鲜·煲煲好 | 大寶圖 | 新旅开业 | （世） | G | 4.6江浙菜￥100/人 | 点评榜单 | 世博源美食销量榜第1名 | ￥249.03 | ￥1686.8折 | 【新店特惠】花.. | 惠 | ￥989.8折 | ￥100100元代金券 | 惠,ocr/input_videos\上海__世博源__20260826.mp4
OBS-000012,世博源,家府潮汕菜,家府潮汕菜,潮汕菜,4.3,92,,rated,True,,rated,parsed,rating_anchor,0.947,0.9982,55,108,1.849,★4.3潮汕菜￥92/人 | G,炎夏食记 | 家府潮汕菜 | ★4.3潮汕菜￥92/人 | G | 古法熟腌海味潮式冰润甜品 | ￥105.6折 | ￥18源自潮汕凤凰山一鸭屎.. | 惠,ocr/input_videos\上海__世博源__20260826.mp4
OBS-000013,世博源,蔡澜点心·粵菜,蔡澜点心·粤菜,粤菜馆,4.4,95,L2,rated,True,,rated,parsed,rating_anchor,0.9354,0.9266,55,144,2.465,🌟🌟⭐🌟 | L2 | 粤菜馆￥95/人 | 4.4,蔡澜点心·粵菜 | 禁澜 | 🌟🌟⭐🌟 | L2 | 粤菜馆￥95/人 | 夏日上新 | 4.4 | 6 | 点评榜单 | 世博园粵菜好评榜第4名 | 鲜配手作 | ￥9.93.6折 | ￥28 黑松露鲜菌饺【大学 | 惠 | ￥989.8折 | 惠 | ￥100100元代金券,ocr/input_videos\上海__世博源__20260826.mp4
OBS-000014,世博源,任天堂switch宅玩游戏,任天堂switch宅玩游戏,主机游戏,4.6,50,,rated,True,,rated,parsed,rating_anchor,0.9695,0.9903,51,144,2.465,🌟🌟4.6 | 主机游戏￥50/人 | B,任天堂switch宅玩游戏 | 主机游戏 | 🌟🌟4.6 | 主机游戏￥50/人 | B | 体验式售卖 | 世博源主机游戏销量榜第1名 | SWITCH PS4 PS5 | 设备新且充满电，游戏丰富 | “ | ￥48￥68switchps4单人1小时体验 | 惠,ocr/input_videos\上海__世博源__20260826.mp4
OBS-000015,世博源,大宝口福·生焗海鲜·煲煲好,大宝口福·生焗海鲜·煲煲好,江浙菜,4.6,100,,rated,True,,rated,parsed,rating_anchor,0.9721,0.9778,57,144,2.465,4.6江浙菜￥100/人 | G,大宝口福·生焗海鲜·煲煲好 | 大寶圖 | 新旅开业 | （世志） | 4.6江浙菜￥100/人 | G | 点评榜单 | 世博源美食销量榜第1名 | ￥1686.8折 | ￥249.03 | 惠 | 【新店特惠】花.. | ￥989.8折 | 惠 | ￥100100元代金券,ocr/input_videos\上海__世博源__20260826.mp4
OBS-000016,世博源,家府潮汕菜,家府潮汕菜,潮汕菜,4.3,92,,rated,True,,rated,parsed,rating_anchor,0.9703,0.9989,56,144,2.465,4.3潮汕菜￥92/人 | G,炎夏食记 | 家府潮汕菜 | 家 | 4.3潮汕菜￥92/人 | G | 古法熊腌海味潮式冰洞醋品 | ￥105.6折 | ￥18源自潮汕凤凰山|鸭屎.. | 惠 | ￥989.8折 | ￥100 | 【结账必用】100元... | 惠,ocr/input_videos\上海__世博源__20260826.mp4
OBS-000017,世博源,大宝口福·生焗海鲜·煲煲好,大宝口福·生焗海鲜·煲煲好,江浙菜,4.6,,,rated,True,,rated,parsed,rating_anchor,0.9522,0.9678,54,192,3.287,4.6江浙菜￥100/ | G,大宝口福·生焗海鲜·煲煲好 | 大寶口福 | 新店开业 | 郑） | 4.6江浙菜￥100/ | G | 点评榜单 | 世博源美食销量榜第1名 | ￥1686.8折 | 【新店特惠】花.. | ￥249.03 | 惠 | ￥989.8折 | 惠 | ￥100100元代金券,ocr/input_videos\上海__世博源__20260826.mp4
OBS-000018,世博源,家府潮汕菜,家府潮汕菜,潮汕菜,4.3,92,,rated,True,,rated,parsed,rating_anchor,0.9744,0.9986,55,192,3.287,🌟🌟★🌈 | 潮汕菜￥92/人 | G | 4.3,炎夏食记 | 家府潮汕菜 | 家府 | 🌟🌟★🌈 | 潮汕菜￥92/人 | G | 4.3 | 古法熟海味湖式冰渝罐品 | ￥105.6折 | 惠 | ￥18源自潮汕凤凰山|鸭屎. | ￥989.8折 | ￥100 | 惠 | 【结账必用】100元...,ocr/input_videos\上海__世博源__20260826.mp4
OBS-000019,世博源,寻潮记潮汕菜·砂锅粥·卤鹅·醉鸡...,寻潮记潮汕菜·砂锅粥·卤鹅·醉鸡,潮汕菜,3.7,87,,rated,True,,rated,parsed,rating_anchor,0.9141,0.9342,50,192,3.287,3.7潮汕菜￥87/人 | G,推荐 | 寻潮记潮汕菜·砂锅粥·卤鹅·醉鸡... | 上海潮汕菜 | 3.7潮汕菜￥87/人 | G | 字号TOP! | 点评榜单 | 上南地区粤菜销量榜第1名 | 当地休息中 | 醉鸡肉随便取，美味不贵 | ￥1765.2折 | ￥345 | 惠 | 【正到爆】粤菜双. | 惠 | ￥47.5 | ￥5050元代金券 | 9.5折,ocr/input_videos\上海__世博源__20260826.mp4
OBS-000020,世博源,小屋电玩ps5·switch主机游戏馆,小屋电玩ps5·switch主机游戏馆,主机游戏,4.9,78,,rated,True,,rated,parsed,rating_anchor,0.9522,0.9446,51,192,3.287,⭐🌟★★⭐4.9 | G | 主机游戏￥78/人,小屋电玩ps5·switch主机游戏馆 | 小屋电玩 | ⭐🌟★★⭐4.9 | G | 主机游戏￥78/人 | 点评榜单 | 浦东新区游戏厅好评榜第1名 | 世博源 | 机器新游戏全，环境干净整洁 | ￥1705.7折 | 【2中包2时】p | ￥300 | 惠,ocr/input_videos\上海__世博源__20260826.mp4
OBS-000021,世博源,家府潮汕菜,家府潮汕菜,潮汕菜,4.3,92,,rated,True,,rated,parsed,rating_anchor,0.9805,0.9985,52,228,3.904,🌟🌟🌟🎉 | G | 潮汕菜￥92/人 | 4.3,炎夏食记 | 家府潮汕菜 | 🌟🌟🌟🎉 | G | 潮汕菜￥92/人 | 4.3 | 占法熟海味湖式冰岗品 | ￥105.6折 | ￥18源自潮汕凤凰山1鸭屎.. | 惠 | ￥989.8折 | 惠 | ￥100 | 【结账必用】100元..,ocr/input_videos\上海__世博源__20260826.mp4
OBS-000022,世博源,寻潮记潮汕菜·砂锅粥·卤鹅·醉鸡...,寻潮记潮汕菜·砂锅粥·卤鹅·醉鸡,潮汕菜,3.7,87,,rated,True,,rated,parsed,rating_anchor,0.9334,0.9426,54,228,3.904,G | 🌟🌟🌟🌟⭐ | 3.7 | 潮汕菜￥87/人,推荐 | 寻潮记潮汕菜·砂锅粥·卤鹅·醉鸡... | 上海潮汕菜 | G | 🌟🌟🌟🌟⭐ | 3.7 | 潮汕菜￥87/人 | 老字号TOP! | 点评榜单 | 上南地区粤菜销量榜第1名 | 当地休息中 | 醉鸡牛肉随便取，美味不贵 | 5 | ￥345 | 【正到爆】粤菜双 | ￥1765.2折 | 惠 | ￥47.59.5折 | ￥5050元代金券 | 惠,ocr/input_videos\上海__世博源__20260826.mp4
OBS-000023,世博源,小屋电玩ps5·switch主机游戏馆,小屋电玩ps5·switch主机游戏馆,主机游戏,4.9,78,,rated,True,,rated,parsed,rating_anchor,0.9583,0.9574,51,228,3.904,⭐★★⭐🌟4.9 | 主机游戏￥78/人 | G,小屋电玩ps5·switch主机游戏馆 | 小屋电玩 | ⭐★★⭐🌟4.9 | 主机游戏￥78/人 | G | 点评榜单 | 浦东新区游戏厅好评榜第1名 | 世博源 | 机器新游戏全，环境干净整洁 | 【2中包2时】p…. | ￥300 | ￥1705.7折 | 惠,ocr/input_videos\上海__世博源__20260826.mp4
OBS-000024,世博源,鲜山季·野山菌火锅,鲜山季·野山菌火锅,菌菇火锅,4.8,111,,rated,True,,rated,parsed,rating_anchor,0.9697,0.9809,51,228,3.904,G | 4.8菌菇火锅￥111/人,鲜山季·野山菌火锅 | 九菌升级 | 不加价 | G | 4.8菌菇火锅￥111/人 | 点评榜单 | 世博园火锅销量榜第1名 | ￥2.991.9折 | ￥16 | 惠 | 【单品】鲜菌脆弹丸,ocr/input_videos\上海__世博源__20260826.mp4
OBS-000025,世博源,家府潮汕菜,家府潮汕菜,潮汕菜,4.3,92,,rated,True,,rated,parsed,rating_anchor,0.9867,0.9985,55,240,4.109,🌟🌟⭐⭐ | 4.3潮汕菜￥92/人 | G | ￥,炎夏食记 | 家府潮汕菜 | 府 | 🌟🌟⭐⭐ | 4.3潮汕菜￥92/人 | G | 古法熟海味湖式冰渝绍品 | ￥ | ￥105.6折 | ￥18源自潮汕凤凰山|鸭屎.. | 惠 | ￥989.8折 | ￥100 | 惠 | 【结账必用】100元..,ocr/input_videos\上海__世博源__20260826.mp4
OBS-000026,世博源,寻潮记潮汕菜·砂锅粥·卤鹅·醉鸡...,寻潮记潮汕菜·砂锅粥·卤鹅·醉鸡,潮汕菜,3.7,87,,rated,True,,rated,parsed,rating_anchor,0.9121,0.946,53,240,4.109,G | ★3.7潮汕菜￥87/人,推荐 | 寻潮记潮汕菜·砂锅粥·卤鹅·醉鸡... | 上海潮汕菜 | G | ★3.7潮汕菜￥87/人 | 字号TOP! | 招 | 点评镑单 | 上南地区粤菜销量榜第1名 | 牌 | 当地休息中 | 醉鸡牛肉随便取，美味不贵 | 55 | ￥1765.2折 | ￥345 | 【正到爆】粤菜双. | 惠 | ￥47.59.5折 | 惠 | ￥5050元代金券,ocr/input_videos\上海__世博源__20260826.mp4
OBS-000027,世博源,小屋电玩ps5·switch主机游戏馆,小屋电玩ps5·switch主机游戏馆,主机游戏,4.9,78,,rated,True,,rated,parsed,rating_anchor,0.9771,0.9892,54,240,4.109,★★4.9 | 主机游戏￥78/人 | G,小屋电玩ps5·switch主机游戏馆 | 小屋电玩 | ★★4.9 | 主机游戏￥78/人 | G | D | 点评榜单 | 浦东新区游戏厅好评榜第1名 | 世博源 | 机器新游戏全，环境干净整洁 | 2 | ￥1705.7折 | 【2人中包2小时】p…. | ￥300 | 惠,ocr/input_videos\上海__世博源__20260826.mp4
OBS-000028,世博源,鲜山季·野山菌火锅,鲜山季·野山菌火锅,菌菇火锅,4.8,111,,rated,True,,rated,parsed,rating_anchor,0.9596,0.9714,53,240,4.109,4.8菌菇火锅￥111/人 | G,鲜山季·野山菌火锅 | R | 九菌升级 | 不加价 | 4.8菌菇火锅￥111/人 | G | 点评榜单 | 世博园火锅销量榜第1名 | ￥2.991.9折 | ￥16 | 惠 | 【单品】鲜菌脆弹丸 | 惠￥787.8折 | ￥100 | 【鲜菌季等您来】10,ocr/input_videos\上海__世博源__20260826.mp4
OBS-000029,世博源,家府潮汕菜,家府潮汕菜,潮汕菜,4.3,92,,rated,True,,rated,parsed,rating_anchor,0.9809,0.9995,51,264,4.52,🌟★🌟🌟🌟 | 潮汕菜￥92/人 | G | 4.3,炎夏食记 | 家府潮汕菜 | 🌟★🌟🌟🌟 | 潮汕菜￥92/人 | G | 4.3 | 古法熊览海味淘式冰润甜品 | ￥105.6折 | 惠 | ￥18源自潮汕凤凰山1鸭屎... | ￥989.8折 | 惠 | ￥100 | 【结账必用】100元...,ocr/input_videos\上海__世博源__20260826.mp4
OBS-000030,世博源,寻潮记潮汕菜·砂锅粥·卤鹅·醉鸡..,寻潮记潮汕菜·砂锅粥·卤鹅·醉鸡,潮汕菜,3.7,87,,rated,True,,rated,parsed,rating_anchor,0.9401,0.9344,57,264,4.52,🌟🌟⭐🌟🌟 | G | 潮汕菜￥87/人 | 3.7,推荐 | 寻潮记潮汕菜·砂锅粥·卤鹅·醉鸡.. | 上海潮汕菜 | 🌟🌟⭐🌟🌟 | G | 潮汕菜￥87/人 | 3.7 | 老字号TOP! | 点评榜单 | 上南地区粤菜销量榜第1名 | 当地休息中 | 醉鸡牛肉随便取，美味不贵 | ￥1765.2折 | ￥345 | 惠 | 【正到爆】粤菜双. | ￥47.59.5折 | ￥5050元代金券 | 惠,ocr/input_videos\上海__世博源__20260826.mp4
OBS-000031,世博源,小屋电玩ps5·switch主机游戏馆,小屋电玩ps5·switch主机游戏馆,主机游戏,,78,,unknown,True,,ocr_missing,parsed,metadata_anchor,0.9798,0.9908,54,264,4.52,🌟🌟🎉🌟🌟 | 主机游戏￥78/人 | 14.9 | G,小屋电玩ps5·switch主机游戏馆 | 小屋电玩 | 🌟🌟🎉🌟🌟 | 主机游戏￥78/人 | 14.9 | G | 00 | 点评榜单 | 浦东新区游戏厅好评榜第1名 | 世博源 | 机器新游戏全，环境干净整洁 | 【2人中包2小时】p…. | ￥1705.7折 | ￥300 | 惠,ocr/input_videos\上海__世博源__20260826.mp4
OBS-000032,世博源,鲜山季·野山菌火锅,鲜山季·野山菌火锅,菌菇火锅,,111,,unknown,True,,ocr_missing,parsed,metadata_anchor,0.9701,0.9905,53,264,4.52,🌟🌟🌟🌟🌟 | G | 14.8 | 菌菇火锅￥111/人,鲜山季·野山菌火锅 | R | 九菌升级 | 不加价 | 🌟🌟🌟🌟🌟 | G | 14.8 | 菌菇火锅￥111/人 | 点评榜单 | 世博园火锅销量榜第1名 | ￥2.99 | 1.9折 | 惠 | ￥16 | 【单品】鲜菌脆弹丸 | ￥787.8折 | ￥100 | 惠 | 【鲜菌季等您来】10...,ocr/input_videos\上海__世博源__20260826.mp4
OBS-000033,世博源,寻潮记潮汕菜·砂锅粥·卤鹅·醉鸡...,寻潮记潮汕菜·砂锅粥·卤鹅·醉鸡,潮汕菜,3.7,87,,rated,True,,rated,parsed,rating_anchor,0.9437,0.9383,54,300,5.136,3.7潮汕菜￥87/人 | G,推荐 | 寻潮记潮汕菜·砂锅粥·卤鹅·醉鸡... | 上海潮汕菜 | 3.7潮汕菜￥87/人 | G | 老字号TOP! | 点评榜单 | 上南地区粤菜销量榜第1名 | 当地休息中 | 醉鸡牛肉随便取，美味不贵 | ￥345 | ￥176 | 惠 | 5.2折 | 【正到爆】粤菜双. | 惠 | ￥47.5 | ￥5050元代金券 | 9.5折,ocr/input_videos\上海__世博源__20260826.mp4
OBS-000034,世博源,小屋电玩ps5·switch主机游戏馆,小屋电玩ps5·switch主机游戏馆,主机游戏,4.9,78,,rated,True,,rated,parsed,rating_anchor,0.9749,0.9864,54,300,5.136,⭐🌟⭐⭐🌟4.9 | G | 主机游戏￥78/人,小屋电玩ps5·switch主机游戏馆 | 小屋电玩 | ⭐🌟⭐⭐🌟4.9 | G | 主机游戏￥78/人 | 点评榜单 | 浦东新区游戏厅好评榜第1名 | 世博源 | 机器新游戏全，环境干净整洁 | ￥1705.7折 | ￥300 | 【2人中包2小时】p…. | 惠,ocr/input_videos\上海__世博源__20260826.mp4
OBS-000035,世博源,鲜山季·野山菌火锅,鲜山季·野山菌火锅,菌菇火锅,4.8,111,,rated,True,,rated,parsed,rating_anchor,0.9476,0.9426,51,300,5.136,🌟🌟🌟🌟🌟4.8 | G | 菌菇火锅￥111/人,鲜山季·野山菌火锅 | 九菌升级 | 不加价 | 🌟🌟🌟🌟🌟4.8 | G | 菌菇火锅￥111/人 | 点评榜单 | 世博园火锅销量榜第1名 | ￥2.991.9折 | ￥16 | 惠 | 【单品】鲜菌脆弹丸 | ￥787.8折 | ￥100 | 惠 | 【鲜菌季等您来】10...,ocr/input_videos\上海__世博源__20260826.mp4
OBS-000036,世博源,避风塘,避风塘,茶餐厅,3.9,63,L1,rated,True,,rated,parsed,rating_anchor,0.9787,0.9994,59,300,5.136,🌟🌟🎉🌟🌟 | L1 | 茶餐厅￥63/人 | 3.9,避风塘 | 🌟🌟🎉🌟🌟 | L1 | 茶餐厅￥63/人 | 3.9 | 避风塘,ocr/input_videos\上海__世博源__20260826.mp4
OBS-000037,世博源,鲜山季·野山菌火锅,鲜山季·野山菌火锅,菌菇火锅,4.8,111,,rated,True,,rated,parsed,rating_anchor,0.9685,0.9698,53,348,5.958,🌟🌟🎉🌟🎉4.8 | 菌菇火锅￥111/人 | G,鲜山季·野山菌火锅 | 2 | 九菌升级 | 🌟🌟🎉🌟🎉4.8 | 不加价 | 菌菇火锅￥111/人 | G | 点评榜单 | 世博园火锅销量榜第1名 | ￥2.99 | ￥16 | 1.9折 | 惠 | 【单品】鲜菌脆弹丸 | ￥787.8折 | 惠 | ￥100 | 【鲜菌季等您来】10...,ocr/input_videos\上海__世博源__20260826.mp4
OBS-000038,世博源,避风塘,避风塘,茶餐厅,3.9,63,L1,rated,True,,rated,parsed,rating_anchor,0.9817,0.9995,60,348,5.958,⭐🌟⭐🌟🌟 | L1 | 茶餐厅￥63/人 | 3.9,避风塘 | ⭐🌟⭐🌟🌟 | L1 | 茶餐厅￥63/人 | 3.9 | 避风塘 | SINCE 1998 | 口感鲜美，性价比高，清口爽口” | 老港味餐厅 | 5 | ￥5.94折 | ￥15夏日饮品 | 惠 | ￥959.5折 | ￥100100元代金券 | 惠,ocr/input_videos\上海__世博源__20260826.mp4
OBS-000039,世博源,西塔老太太泥炉烤肉,西塔老太太泥炉烤肉,韩式烤肉,4.4,126,,rated,True,,rated,parsed,rating_anchor,0.9826,0.9998,50,348,5.958,🌟🌟🎉🌟 | 韩式烤肉￥126/人 | G | 4.4 | ★,西塔老太太泥炉烤肉 | 西 | 🌟🌟🎉🌟 | 韩式烤肉￥126/人 | G | 4.4 | ★ | 对中17 | 点评榜单 | 世博园烤肉好评榜第4名 | 西塔干牛排 | 14:30休息 | 袁阿姨烤肉技术杠杠的 | “ | ￥2745.6折 | ￥491 | 惠 | 【经典】精品2人烤... | ￥797.9折 | ￥100 | 【午市】100元代金券 | 惠,ocr/input_videos\上海__世博源__20260826.mp4
OBS-000040,世博源,格子大作战,格子大作战,儿童乐园,4.8,80,,rated,True,,rated,parsed,rating_anchor,0.9698,0.9997,52,348,5.958,4.8儿童乐园￥80/人 | G,格子大作战 | 4.8儿童乐园￥80/人 | G | 大战格子屋，周末放电好去处” | C | ￥108￥120 | 【限时闯关】大战格子屋. | 惠,ocr/input_videos\上海__世博源__20260826.mp4
OBS-000041,世博源,避风塘,避风塘,茶餐厅,3.9,63,L1,rated,True,,rated,parsed,rating_anchor,0.9766,0.9991,61,420,7.191,茶餐厅￥63/人 | 🌟🌟⭐3.9 | L1,避风塘 | 茶餐厅￥63/人 | 🌟🌟⭐3.9 | L1 | 避风塘 | SINCE 1998 | 《 | 口感鲜美，性价比高，清口爽口 | 老港味餐厅 | 3 | ￥5.9 | ￥15夏日饮品 | 4折 | 惠 | ￥959.5折 | 惠 | ￥100100元代金券,ocr/input_videos\上海__世博源__20260826.mp4
OBS-000042,世博源,西塔老太太泥炉烤肉,西塔老太太泥炉烤肉,韩式烤肉,4.4,126,,rated,True,,rated,parsed,rating_anchor,0.9793,0.9997,51,420,7.191,4.4韩式烤肉￥126/人 | G,西塔老太太泥炉烤肉 | 西琴 | 4.4韩式烤肉￥126/人 | G | F17 | 点评榜单 | 世博园烤肉好评榜第4名 | 西塔王牛排 | 14:30休息 | 袁阿姨烤肉技术杠杠的 | ￥491 | ￥2745.6折 | 惠 | 【经典】精品2人烤. | ￥797.9折 | ￥100 | 惠 | 【午市】100元代金券,ocr/input_videos\上海__世博源__20260826.mp4
OBS-000043,世博源,格子大作战,格子大作战,儿童乐园,4.8,80,,rated,True,,rated,parsed,rating_anchor,0.9747,0.9999,58,420,7.191,4.8儿童乐园￥80/人 | G,格子大作战 | 4.8儿童乐园￥80/人 | G | 大战格子屋，周末放电好去处 | （ | ￥108￥120 | 【限时闯关】大战格子屋 | 惠,ocr/input_videos\上海__世博源__20260826.mp4
OBS-000044,世博源,友黔一刻·贵州菜,友黔一刻·贵州菜,贵州菜...,4.7,84,商场内,rated,True,,rated,parsed,rating_anchor,0.9014,0.989,57,420,7.191,4.7 | ￥84/人商场内 | 贵州菜...,友黔一刻·贵州菜 | 友黔一刻 | 贵州菜 | 4.7 | ￥84/人商场内 | 贵州菜... | 点评榜单 | 浦东新区贵州菜黔菜好评榜第1名 | ￥9.9 | 5.5折 | ￥18 | 惠 | 【贵州风味】贵州豆... | ￥86 | 惠 | 8.6折 | ￥100100元代金券,ocr/input_videos\上海__世博源__20260826.mp4
OBS-000045,世博源,避风塘,避风塘,茶餐厅,3.9,63,L1,rated,True,,rated,parsed,rating_anchor,0.9775,0.999,61,492,8.424,🌟🌟🌟🌟⭐3.9 | 茶餐厅￥63/人 | L1,避风塘 | 🌟🌟🌟🌟⭐3.9 | 茶餐厅￥63/人 | L1 | 避风塘 | SINCE 1998 | 口感鲜美，性价比高，清口爽口 | S | 2 | 老港味餐厅 | ￥5.9 | ￥15夏日饮品 | 4折 | 惠 | ￥959.5折 | 惠 | ￥100100元代金券,ocr/input_videos\上海__世博源__20260826.mp4
OBS-000046,世博源,西塔老太太泥炉烤肉,西塔老太太泥炉烤肉,韩式烤肉,4.4,126,,rated,True,,rated,parsed,rating_anchor,0.9851,0.9997,51,492,8.424,🌟🌟🌟 | 4.4韩式烤肉￥126/人 | G | ★,西塔老太太泥炉烤肉 | 西琴 | 🌟🌟🌟 | 4.4韩式烤肉￥126/人 | G | ★ | F17 | 点评榜单 | 世博园烤肉好评榜第4名 | 西塔干牛排 | 14:30休息 | 袁阿姨烤肉技术杠杠的 | ￥2745.6折 | ￥491 | 【经典】精品2人烤. | 惠 | ￥797.9折 | 惠 | ￥100 | 【午市】100元代金券,ocr/input_videos\上海__世博源__20260826.mp4
OBS-000047,世博源,格子大作战,格子大作战,儿童乐园,4.8,80,,rated,True,,rated,parsed,rating_anchor,0.9716,0.9989,55,492,8.424,4.8儿童乐园￥80/人 | G,格子大作战 | 4.8儿童乐园￥80/人 | G | 大战格子屋，周末放电好去处 | （ | ￥108￥120 | 【限时闯关】大战格子屋 | 惠,ocr/input_videos\上海__世博源__20260826.mp4
OBS-000048,世博源,友黔一刻·贵州菜,友黔一刻·贵州菜,贵州菜...,4.7,84,商场内,rated,True,,rated,parsed,rating_anchor,0.8986,0.9854,52,492,8.424,🌟🌟🌟4.7 | 贵州菜... | ￥84/人商场内,友黔一刻 | 友黔一刻·贵州菜 | 贵州菜 | 🌟🌟🌟4.7 | 贵州菜... | ￥84/人商场内 | 点评榜单 | 浦东新区贵州菜黔菜好评榜第1名 | ￥18 | ￥9.9 | 5.5折 | 惠 | 【贵州风味】贵州豆.. | ￥86 | 惠 | ￥100100元代金券 | 8.6折,ocr/input_videos\上海__世博源__20260826.mp4
OBS-000049,世博源,友黔一刻·贵州菜,友黔一刻·贵州菜,贵州菜...,4.7,84,商场内,rated,True,,rated,parsed,rating_anchor,0.8958,0.9899,59,516,8.835,🌟4.7 | 贵州菜... | ￥84/人商场内,友黔一刻·贵州菜 | 友黔一刻 | 贵州菜 | 🌟4.7 | 贵州菜... | ￥84/人商场内 | 点评榜单 | 浦东新区贵州菜黔菜好评榜第1名 | 5.5折 | ￥9.9 | ￥18 | 【贵州风味】贵州豆.. | 惠 | ￥86 | 惠 | 8.6折 | ￥100100元代金券,ocr/input_videos\上海__世博源__20260826.mp4
OBS-000050,世博源,王品牛排,王品牛排,牛排,4.8,236,L2,rated,True,,rated,parsed,rating_anchor,0.973,0.9997,56,516,8.835,L2 | ⭐⭐4.8 | 牛排￥236/人,王品牛排 | WANG | 七夕挚爱季 | L2 | ⭐⭐4.8 | 牛排￥236/人 | 点评榜单 | 浦东新区牛排好评榜第1名 | 休息中 | 战斧牛排量足满足 | 3 | “ | ￥498￥499 | 【宠粉盛宴】战斧牛排双.. | 惠 | ￥999.9折 | 惠 | ￥100100元代金券,ocr/input_videos\上海__世博源__20260826.mp4
OBS-000051,世博源,卡乐比乐园,卡乐比乐园,电玩城,4.0,89,,rated,True,,rated,parsed,rating_anchor,0.9863,0.9987,54,516,8.835,⭐🌟⭐🌟 | 4.0电玩城￥89/人 | G | ★,卡乐比樂園 | 卡乐比乐园 | ⭐🌟⭐🌟 | 4.0电玩城￥89/人 | G | ★ | 世博源游戏厅销量榜第1名 | 设备全新，游戏厅氛围感拉满！ | 53 | “ | ￥118￥234156枚游戏币|【特惠福利.. | 惠,ocr/input_videos\上海__世博源__20260826.mp4
OBS-000052,世博源,苏小柳点心·手作小笼包,苏小柳点心·手作小笼包,本帮菜,4.2,59,,rated,True,,rated,parsed,rating_anchor,0.9586,0.984,54,516,8.835,4.2本帮菜￥59/人 | B,苏小柳点心·手作小笼包 | 苏小柳 | SUE DIMSM | 4.2本帮菜￥59/人 | B | 新品六月黄鲜嫩蟹粉拌面 | 5 | 出山入海 | ￥53.97折 | ￥77.9 | 惠 | 【时令尝鲜】黑钻石...,ocr/input_videos\上海__世博源__20260826.mp4
OBS-000053,世博源,友黔一刻·贵州菜,友黔一刻·贵州菜,贵州菜..,4.7,84,商场内,rated,True,,rated,parsed,rating_anchor,0.9203,0.989,54,540,9.246,🌟4.7 | 贵州菜.. | ￥84/人商场内,友黔一刻·贵州菜 | 友黔一刻 | 贵州菜 | 🌟4.7 | 贵州菜.. | ￥84/人商场内 | 点评榜单 | 浦东新区贵州菜黔菜好评榜第1名 | ￥9.95.5折 | ￥18 | 惠 | 【贵州风味】贵州豆.. | ￥868.6折 | ￥100100元代金券 | 惠,ocr/input_videos\上海__世博源__20260826.mp4
OBS-000054,世博源,王品牛排,王品牛排,牛排,4.8,236,L2,rated,True,,rated,parsed,rating_anchor,0.973,0.9997,56,540,9.246,L2 | 4.8牛排￥236/人,王品牛排 | WANG | 七夕挚爱季 | L2 | 4.8牛排￥236/人 | 点评榜单 | 浦东新区牛排好评榜第1名 | 休息中 | 战斧牛排量足满足 | ￥498￥499 | 【宠粉盛宴】战斧牛排双.. | 惠 | ￥999.9折 | 惠 | ￥100100元代金券,ocr/input_videos\上海__世博源__20260826.mp4
OBS-000055,世博源,卡乐比乐园,卡乐比乐园,电玩城,4.0,89,,rated,True,,rated,parsed,rating_anchor,0.9774,0.9995,55,540,9.246,⭐🌟🎉🌟🌟 | 电玩城￥89/人 | 4.0 | G,卡乐比樂園 | 卡乐比乐园 | ⭐🌟🎉🌟🌟 | 电玩城￥89/人 | 4.0 | G | 世博源游戏厅销量榜第1名 | 设备全新，游戏厅氛围感拉满！ | 《 | 7 | ￥118￥234156枚游戏币|【特惠福利.. | 惠,ocr/input_videos\上海__世博源__20260826.mp4
OBS-000056,世博源,苏小柳点心·手作小笼包,苏小柳点心·手作小笼包,本帮菜,4.2,59,,rated,True,,rated,parsed,rating_anchor,0.9735,0.9887,54,540,9.246,4.2本帮菜￥59/人 | B,苏小柳点心·手作小笼包 | 苏小柳 | SUE DIMSUM | 4.2本帮菜￥59/人 | B | 新品六月黄鲜嫩蟹粉拌面 | 11 | 出山入海 | ￥53.97折 | ￥77.9 | 【时令尝鲜】黑钻石... | 惠,ocr/input_videos\上海__世博源__20260826.mp4
OBS-000057,世博源,卡乐比乐园,卡乐比乐园,电玩城,4.0,89,,rated,True,,rated,parsed,rating_anchor,0.9702,0.9777,55,612,10.478,🌟🌟⭐⭐ | 电玩城￥89/人 | G | 4.0 | ★,卡乐比樂園 | 卡乐比乐园 | 🌟🌟⭐⭐ | 电玩城￥89/人 | G | 4.0 | ★ | 世博源游戏厅销量榜第1名 | 设备全新，游戏厅氛围感拉满！ | “ | 5 | ￥118￥234156枚游戏币【特惠福利.. | 惠,ocr/input_videos\上海__世博源__20260826.mp4
OBS-000058,世博源,苏柳点心·手作笼包,苏柳点心·手作笼包,本帮菜,4.2,59,,rated,True,,rated,parsed,rating_anchor,0.9313,0.928,51,612,10.478,4.2本帮菜￥59/人 | 🌟🌟★🌟 | B,苏柳点心·手作笼包 | 苏小柳 | SUE DINSUM | 4.2本帮菜￥59/人 | 🌟🌟★🌟 | B | 新品六月黄鲜嫩蟹粉拌面 | 2 | 出山入海 | ￥53.97折 | ￥77.9 | 【时令尝鲜】钻.. | 惠,ocr/input_videos\上海__世博源__20260826.mp4
OBS-000059,世博源,皖禧·徽菜,皖禧·徽菜,徽菜,4.4,85,商场内,rated,True,,rated,parsed,rating_anchor,0.9676,0.9683,56,612,10.478,🌟🌟🌟⭐ | 商场内 | 4.4徽菜￥85/人 | ★,皖禧·徽菜 | 皖禧 | 🌟🌟🌟⭐ | 商场内 | 4.4徽菜￥85/人 | ★ | 点评榜单 | 浦东新区徽菜好评榜第3名 | ￥1987折 | 惠 | ￥286李鸿章杂烩2-3人套餐 | ￥868.6折 | 惠 | ￥100100元代金券,ocr/input_videos\上海__世博源__20260826.mp4
OBS-000060,世博源,東盛炭烤自助料理,东盛炭烤自助料理,自助餐,4.4,129,,rated,True,,rated,parsed,rating_anchor,0.9655,0.9926,51,612,10.478,4.4自助餐￥129/人 | G,東盛炭烤自助料理 | 東盛 | 福 | 4.4自助餐￥129/人 | G | 和信品牌力量我们具觉直营 | 点评榜单 | 浦东新区自助餐销量榜第1名 | 14:30休息 | 东盛自助餐，美食琳琅满目 | 53 | ￥1177折 | ￥169 | 惠 | 【单人】澳洲·黑安格.,ocr/input_videos\上海__世博源__20260826.mp4
OBS-000061,世博源,苏小柳点心·手作小笼包,苏小柳点心·手作小笼包,本帮菜,4.2,59,,rated,True,,rated,parsed,rating_anchor,0.9616,0.9862,51,660,11.3,⭐🌟🌟⭐⭐ | 本帮菜￥59/人 | B | 4.2,苏小柳点心·手作小笼包 | 苏小柳 | SUE DMSM | ⭐🌟🌟⭐⭐ | 本帮菜￥59/人 | B | 4.2 | 新品六月黄鲜嫩蟹粉拌面 | 31 | / | 出山入海 | ￥53.9 | 7折 | ￥77.9 | 惠 | 黑钻石... | 【时令尝鲜】,ocr/input_videos\上海__世博源__20260826.mp4
OBS-000062,世博源,皖禧·徽菜,皖禧·徽菜,徽菜,4.4,85,商场内,rated,True,,rated,parsed,rating_anchor,0.9532,0.9425,55,660,11.3,商场内 | 🌟🌟★🌈 | 4.4徽菜￥85/人 | ★,皖禧·徽菜 | 皖禧 | 商场内 | 🌟🌟★🌈 | 4.4徽菜￥85/人 | ★ | 点评榜单 | 浦东新区徽菜好评榜第3名 | ￥198 | 7折 | ￥286 | 惠 | 李鸿章杂烩2-3人套餐 | ￥86 | 惠 | 8.6折 | ￥100100元代金券,ocr/input_videos\上海__世博源__20260826.mp4
OBS-000063,世博源,東盛炭烤自助料理,东盛炭烤自助料理,自助餐,4.4,129,,rated,True,,rated,parsed,rating_anchor,0.9838,0.9994,48,660,11.3,🌟🌟⭐ | 自助餐￥129/人 | G | 4.4,東盛炭烤自助料理 | 東盛 | 🌟🌟⭐ | 自助餐￥129/人 | G | 4.4 | 和信品牌力量我们民做直营 | 点评榜单 | 浦东新区自助餐销量榜第1名 | 14:30休息 | 东盛自助餐，美食琳琅满目 | 53 | C | ￥169 | ￥117 | 惠 | 7折 | 【单人】澳洲·黑安格.,ocr/input_videos\上海__世博源__20260826.mp4
OBS-000064,世博源,保利国际影城,保利国际影城,电影院,4.8,,,rated,True,,rated,parsed,rating_anchor,0.9999,0.9999,48,660,11.3,⭐🌟🌟⭐🌟 | 电影院 | 4.8 | G,保利国际影城 | ⭐🌟🌟⭐🌟 | 电影院 | 4.8 | G | 保利国际影城 | YINTEENATIOMAL CINEN,ocr/input_videos\上海__世博源__20260826.mp4
OBS-000065,世博源,一绪に寿喜烧放题,一绪に寿喜烧放题,自助餐,4.4,183,L1,rated,True,,rated,parsed,rating_anchor,0.9737,0.9825,53,660,11.3,⭐🌟🌟⭐ | L1 | 自助餐￥183/人 | 4.4 | ★,一绪に寿喜烧放题 | ⭐🌟🌟⭐ | L1 | 自助餐￥183/人 | 4.4 | ★ | 点评榜单 | 梭子蟹 | 世博园自助餐热门榜第3名 | 14:30休息 | 品质需稳定， | 大闸蟹期待再次美味 | “,ocr/input_videos\上海__世博源__20260826.mp4
OBS-000066,世博源,東盛炭烤自助料理,东盛炭烤自助料理,自助餐,4.4,129,,rated,True,,rated,parsed,rating_anchor,0.9849,0.9961,51,720,12.327,G | 🌟🌟⭐⭐ | 4.4自助餐￥129/人 | ★,東盛炭烤自助料理 | 東盛 | G | 🌟🌟⭐⭐ | 4.4自助餐￥129/人 | ★ | 和信品牌力量我们只做直营 | 点评榜单 | 浦东新区自助餐销量榜第1名 | 14:30休息 | 东盛自助餐，美食琳琅满目 | 9 | “ | 惠 | ￥1177折 | ￥169 | 【单人】澳洲·黑安格,ocr/input_videos\上海__世博源__20260826.mp4
OBS-000067,世博源,保利国际影城,保利国际影城,电影院,4.8,,,rated,True,,rated,parsed,rating_anchor,0.9995,0.9998,52,720,12.327,电影院 | ★★★4.8 | G,保利国际影城 | 电影院 | ★★★4.8 | G | 保利国际影城,ocr/input_videos\上海__世博源__20260826.mp4
OBS-000068,世博源,一绪に寿喜烧放题,一绪に寿喜烧放题,自助餐,4.4,183,L1,rated,True,,rated,parsed,rating_anchor,0.9796,0.9909,51,720,12.327,L1 | 🌟🌟🌟⭐ | 4.4自助餐￥183/人 | ★,一绪に寿喜烧放题 | L1 | 🌟🌟🌟⭐ | 4.4自助餐￥183/人 | ★ | 点评榜单 | 梭子蟹 | 世博园自助餐热门榜第3名 | 14:30休息 | 品质需稳定，大闸蟹期待再次美味” | ￥1422.3折 | ￥618 | 超值牛肉双人工作... | 惠,ocr/input_videos\上海__世博源__20260826.mp4
OBS-000069,世博源,鱼酷活鱼烤鱼,鱼酷活鱼烤鱼,烤鱼,4.6,94,L1,rated,True,,rated,parsed,rating_anchor,0.9549,0.9961,52,720,12.327,L1 | ★4.6烤鱼￥94/人,免酷田 | 鱼酷活鱼烤鱼 | 酸爽觉醒 | L1 | ★4.6烤鱼￥94/人 | 穿凯里 | 点评榜单 | 上南地区川菜热门榜第1名 | 半价 | ￥33.85折 | ￥68 | 【小龙虾烤鱼搭档】 | 惠 | ￥88 | ￥100 | 8.8折 | 惠 | 【新店特惠】100元.,ocr/input_videos\上海__世博源__20260826.mp4
OBS-000070,世博源,保利国际影城,保利国际影城,电影院,4.8,,,rated,True,,rated,parsed,rating_anchor,0.9998,0.9998,51,732,12.533,⭐🌟⭐⭐4.8 | 电影院 | G,保利国际影城 | ⭐🌟⭐⭐4.8 | 电影院 | G | 保利国际影城 | OLY INTEENAYIONAL CINEV,ocr/input_videos\上海__世博源__20260826.mp4
OBS-000071,世博源,一绪に寿喜烧放题,一绪に寿喜烧放题,自助餐,4.4,183,L1,rated,True,,rated,parsed,rating_anchor,0.9829,0.9955,50,732,12.533,🌟🌟🌟⭐ | L1 | 自助餐￥183/人 | 4.4 | ★,一绪に寿喜烧放题 | 🌟🌟🌟⭐ | L1 | 自助餐￥183/人 | 4.4 | ★ | 点评榜单 | 梭子蟹 | 世博园自助餐热门榜第3名 | 14:30休息 | 品质需稳定，大闸蟹期待再次美味 | “ | 惠 | ￥1422.3折 | ￥618超值牛肉双人工作...,ocr/input_videos\上海__世博源__20260826.mp4
OBS-000072,世博源,鱼酷活鱼烤鱼,鱼酷活鱼烤鱼,烤鱼,4.6,94,L1,rated,True,,rated,parsed,rating_anchor,0.9549,0.991,54,732,12.533,4.6烤鱼￥94/人 | L1,鱼酷活鱼烤鱼 | 免酷田 | 酸爽觉醒 | 4.6烤鱼￥94/人 | L1 | 魂穿凯里 | 点评榜单 | 上南地区川菜热门榜第1名 | ￥33.85折 | ￥68 | 惠 | 【龙虾烤鱼搭档】 | ￥888.8折 | ￥100 | 惠 | 【新店特惠】100元...,ocr/input_videos\上海__世博源__20260826.mp4
OBS-000073,世博源,世博源公馆·本帮融合菜·主题包厢...,世博源公馆·本帮融合菜·主题包厢,本帮菜,4.9,248,L2,rated,True,,rated,parsed,rating_anchor,0.9305,0.9263,54,732,12.533,4.9本帮菜￥248/人 | L2,世博源公馆·本帮融合菜·主题包厢... | 巴斗西譯 | 4.9本帮菜￥248/人 | L2 | 本帮融合菜 | 江景主题包用 | 点评榜单 | 世博园江浙菜口味榜第1名 | 休息中 | ￥0.010.1折 | 惠 | ￥9 | 【点赞推荐菜】酒酿圆子,ocr/input_videos\上海__世博源__20260826.mp4
OBS-000074,世博源,保利国际影城,保利国际影城,电影院,4.8,,,rated,True,,rated,parsed,rating_anchor,0.9998,0.9999,51,756,12.944,⭐🌟⭐⭐⭐4.8 | 电影院 | G,保利国际影城 | ⭐🌟⭐⭐⭐4.8 | 电影院 | G | 保利国际影城 | DIYINTEINATOMAL CNEN,ocr/input_videos\上海__世博源__20260826.mp4
OBS-000075,世博源,一绪に寿喜烧放题,一绪に寿喜烧放题,自助餐,4.4,183,L1,rated,True,,rated,parsed,rating_anchor,0.971,0.9945,51,756,12.944,4.4 | ⭐🌟⭐⭐ | L1 | 自助餐￥183/人 | ★,一绪に寿喜烧放题 | 4.4 | ⭐🌟⭐⭐ | L1 | 自助餐￥183/人 | ★ | 点评榜单 | 梭子蟹 | 世博园自助餐热门榜第3名 | 14:30休息 | 品质需稳定，大闸蟹期待再次美味 | “ | ￥1422.3折 | ￥618超值牛肉双人工作... | 惠,ocr/input_videos\上海__世博源__20260826.mp4
OBS-000076,世博源,鱼酷活鱼烤鱼,鱼酷活鱼烤鱼,烤鱼,4.6,94,L1,rated,True,,rated,parsed,rating_anchor,0.9516,0.9854,54,756,12.944,4.6烤鱼￥94/人 | L1,鱼酷活鱼烤鱼 | 魚酷田 | 酸爽觉醒 | 4.6烤鱼￥94/人 | L1 | 魂穿凯里 | 点评镑单 | 上南地区川菜热门榜第1名 | H | ￥33.85折 | 惠 | ￥68 | 【小龙虾烤鱼搭档】 | ￥100 | ￥88 | 8.8折 | 惠 | 【新店特惠】100元.,ocr/input_videos\上海__世博源__20260826.mp4
OBS-000077,世博源,世博源公馆·本帮融合菜·主题包厢...,世博源公馆·本帮融合菜·主题包厢,本帮菜,4.9,248,L2,rated,True,,rated,parsed,rating_anchor,0.9413,0.9258,54,756,12.944,🌟⭐⭐4.9 | L2 | 本帮菜￥248/人,世博源公馆·本帮融合菜·主题包厢... | 中公司 | 🌟⭐⭐4.9 | L2 | 本帮菜￥248/人 | 本帮融合菜 | 江景生類包用 | 点评榜单 | 世博园江浙菜口味榜第1名 | 休息中 | 0.1折 | ￥0.01 | ￥9 | 惠 | 【点赞推荐菜】酒酿圆子 | 惠 | ￥47.5 | 9.5折 | ￥50 | 【世博源必吃】50元..,ocr/input_videos\上海__世博源__20260826.mp4
OBS-000078,世博源,鱼酷活鱼烤鱼,鱼酷活鱼烤鱼,烤鱼,4.6,94,L1,rated,True,,rated,parsed,rating_anchor,0.9608,0.9921,51,828,14.176,L1 | 4.6烤鱼￥94/人,条酯出 | 鱼酷活鱼烤鱼 | 酸爽觉醒 | L1 | 4.6烤鱼￥94/人 | 魂穿凯里 | 点评榜单 | 上南地区川菜热门榜第1名 | ￥33.85折 | ￥68 | 惠 | 【龙虾烤鱼搭档】 | ￥888.8折 | ￥100 | 惠 | 【新店特惠】100元.,ocr/input_videos\上海__世博源__20260826.mp4
OBS-000079,世博源,世博源公馆·本帮融合菜·主题包厢...,世博源公馆·本帮融合菜·主题包厢,本帮菜248/,4.9,,L2,rated,True,,rated,parsed,rating_anchor,0.9609,0.9378,54,828,14.176,4.9本帮菜248/ | L2,世博源公馆·本帮融合菜·主题包厢... | 世科國部 | 4.9本帮菜248/ | L2 | 本帮融合菜 | 江氧主题包用 | 点评榜单 | 世博园江浙菜口味榜第1名 | 休息中 | ￥0.010.1折 | 惠 | ￥9 | 【点赞推荐菜】酒酿圆子 | ￥47.59.5折 | ￥50 | 惠 | 【世博源必吃】50元..,ocr/input_videos\上海__世博源__20260826.mp4
OBS-000080,世博源,玩童会·儿童乐园·拼豆,玩童会·儿童乐园·拼豆,儿童乐园,4.2,125,L1,rated,True,,rated,parsed,rating_anchor,0.9256,0.9075,51,828,14.176,🌟🌟⭐⭐ | L1 | 4.2儿童乐园￥125/人,玩童会·儿童乐园·拼豆 | 加童宝 | 🌟🌟⭐⭐ | L1 | 4.2儿童乐园￥125/人 | 点评榜单 | 浦东新区儿童室内乐园榜第10名 | 能玩还能装娃娃，店员温柔耐心 | 5 | ￥48￥50 | 【托马斯火车】童票·周.. | 惠 | ￥270￥300代金券 | 惠,ocr/input_videos\上海__世博源__20260826.mp4
OBS-000081,世博源,斗牛士牛排,斗牛士牛排,西餐,3.8,114,,rated,True,,rated,parsed,rating_anchor,0.9646,0.9796,59,828,14.176,🌟🌟🌟🌟🌟 | 西餐￥114/人 | G | 3.8,斗牛士牛排 | 🌟🌟🌟🌟🌟 | 西餐￥114/人 | G | 3.8 | 点评榜单 | 上南地区西餐热门榜第1名,ocr/input_videos\上海__世博源__20260826.mp4
OBS-000082,世博源,鱼酷活鱼烤鱼,鱼酷活鱼烤鱼,烤鱼,4.6,94,L1,rated,True,,rated,parsed,rating_anchor,0.9372,0.9895,55,864,14.793,⭐4.6烤鱼￥94/人 | L1,鱼酷活鱼烤鱼 | 免酷田 | 酸爽觉醒 | ⭐4.6烤鱼￥94/人 | L1 | 魂穿凯里 | 点评榜单 | 上南地区川菜热门榜第1名 | ￥33.85折 | 【小龙虾烤鱼搭档】… | ￥68 | 惠 | ￥888.8折 | 惠 | ￥100 | 【新店特惠】100元...,ocr/input_videos\上海__世博源__20260826.mp4
OBS-000083,世博源,世博源公馆·本帮融合菜·主题包厢...,世博源公馆·本帮融合菜·主题包厢,本帮菜,4.9,248,L2,rated,True,,rated,parsed,rating_anchor,0.9357,0.9325,57,864,14.793,L2 | 4.9本帮菜￥248/人,世博源公馆·本帮融合菜·主题包厢... | 世风国内行 | L2 | 4.9本帮菜￥248/人 | 本帮融合菜 | 江最主题包用 | 点评榜单 | 世博园江浙菜口味榜第1名 | 休息中 | ￥0.010.1折 | 惠 | 【点赞推荐菜】酒酿圆子 | ￥9 | ￥47.5 | 9.5折 | ￥50 | 【世博源必吃】50元.. | 惠,ocr/input_videos\上海__世博源__20260826.mp4
OBS-000084,世博源,玩童会·儿童乐园·拼豆,玩童会·儿童乐园·拼豆,儿童乐园,4.2,125,L1,rated,True,,rated,parsed,rating_anchor,0.9729,0.9782,56,864,14.793,🌟🌟🌟🎉🌟 | 4.2儿童乐园￥125/人 | L1,玩童会·儿童乐园·拼豆 | 🌟🌟🌟🎉🌟 | 4.2儿童乐园￥125/人 | L1 | 点评榜单 | 浦东新区儿童室内乐园榜第10名 | 能玩还能装娃娃，店员温柔耐心 | “ | ￥48￥50 | 惠 | 【托马斯小火车】儿童票·周.. | ￥270￥300代金券 | 惠,ocr/input_videos\上海__世博源__20260826.mp4
OBS-000085,世博源,斗牛士牛排,斗牛士牛排,西餐,3.8,114,,rated,True,,rated,parsed,rating_anchor,0.9726,0.9951,56,864,14.793,3.8西餐￥114/人 | G,斗牛士牛排 | 两牛 | 3.8西餐￥114/人 | G | 满100 | 点评榜单 | 上南地区西餐热门榜第1名 | 送100 | ￥3188.1折 | ￥394 | 【亲子餐】家庭三. | 惠,ocr/input_videos\上海__世博源__20260826.mp4
OBS-000086,世博源,世博源公馆·本帮融合菜·主题包厢...,世博源公馆·本帮融合菜·主题包厢,本帮菜,4.9,248,L2,rated,True,,rated,parsed,rating_anchor,0.939,0.9282,57,936,16.026,L2 | 4.9本帮菜￥248/人,世博源公馆·本帮融合菜·主题包厢... | 世科西公行 | L2 | 4.9本帮菜￥248/人 | 本帮融合菜 | 江景生照包用 | 点评榜单 | 世博园江浙菜口味榜第1名 | 休息中 | ￥0.010.1折 | *o | 惠 | 【点赞推荐菜】酒酿圆子 | ￥47.59.5折 | 【世博源必吃】50元... | 惠 | ￥50,ocr/input_videos\上海__世博源__20260826.mp4
OBS-000087,世博源,玩童会·儿童乐园·拼豆,玩童会·儿童乐园·拼豆,儿童乐园,4.2,125,L1,rated,True,,rated,parsed,rating_anchor,0.9709,0.9722,54,936,16.026,🌟🌟⭐⭐ | 4.2儿童乐园￥125/人 | L1 | ★,玩童会·儿童乐园·拼豆 | 防童全 | 🌟🌟⭐⭐ | 4.2儿童乐园￥125/人 | L1 | ★ | 点评榜单 | 浦东新区儿童室内乐园榜第10名 | 能玩还能装娃娃，店员温柔耐心 | “ | 55 | ￥48￥50 | 惠 | 【托马斯火车】儿童票·周.. | ￥270￥300代金券 | 惠,ocr/input_videos\上海__世博源__20260826.mp4
OBS-000088,世博源,斗牛士牛排,斗牛士牛排,西餐,3.8,114,,rated,True,,rated,parsed,rating_anchor,0.9813,0.9876,58,936,16.026,🌟🌟🌟🌟🌟 | 3.8西餐￥114/人 | G,牛 | 斗牛士牛排 | 🌟🌟🌟🌟🌟 | 3.8西餐￥114/人 | G | 满100 | 点评榜单 | 上南地区西餐热门榜第1名 | 送100 | ￥3188.1折 | ￥394 | 【亲子餐】家庭三.. | 惠,ocr/input_videos\上海__世博源__20260826.mp4
OBS-000089,世博源,怡泰SPA·泰疗按摩,怡泰SPA·泰疗按摩,精油SPA,,174,L1,new_store,False,new_store,ocr_missing,parsed,metadata_anchor,0.978,0.9929,56,936,16.026,新店 | L1 | 精油SPA￥174/人,怡泰SPA·泰疗按摩 | 怡泰SPA | 热心欢热 | 新店开业 | 新店 | L1 | 精油SPA￥174/人 | 超值优惠 | 世博源按摩/足疗销量榜第1名 | 广告年度影响力品牌 | ￥289￥529 | 惠 | 【新店开业】泰香宁|深..,ocr/input_videos\上海__世博源__20260826.mp4
OBS-000090,世博源,世博源公馆·本帮融合菜·主题包厢...,世博源公馆·本帮融合菜·主题包厢,本帮菜,4.9,248,L2,rated,True,,rated,parsed,rating_anchor,0.9321,0.9274,57,972,16.642,4.9本帮菜￥248/人 | L2,世博源公馆·本帮融合菜·主题包厢... | 巴科國香年 | 4.9本帮菜￥248/人 | L2 | 本帮融合菜 | 江氧主题包用 | 点评榜单 | 世博园江浙菜口味榜第1名 | 休息中 | ￥0.010.1折 | 惠 | 【点赞推荐菜】酒酿圆子 | ￥9 | ￥47.59.5折 | ￥50 | 惠 | 【世博源必吃】50元...,ocr/input_videos\上海__世博源__20260826.mp4
OBS-000091,世博源,玩童会·儿童乐园·拼豆,玩童会·儿童乐园·拼豆,儿童乐园,4.2,125,L1,rated,True,,rated,parsed,rating_anchor,0.9738,0.981,54,972,16.642,🌟🌟⭐⭐ | L1 | 4.2儿童乐园￥125/人 | ★,玩童会·儿童乐园·拼豆 | 航童宝 | 🌟🌟⭐⭐ | L1 | 4.2儿童乐园￥125/人 | ★ | 点评榜单 | 浦东新区儿童室内乐园榜第10名 | 能玩还能装娃娃，店员温柔耐心 | 33 | ￥48￥50 | 惠 | 【托马斯小火车】儿童票·周. | ￥270￥300代金券 | 惠,ocr/input_videos\上海__世博源__20260826.mp4
OBS-000092,世博源,斗牛士牛排,斗牛士牛排,西餐,3.8,114,,rated,True,,rated,parsed,rating_anchor,0.9775,0.986,58,972,16.642,🌟🌟🌟🌟🌟 | 3.8西餐￥114/人 | G,斗牛士牛排 | F牛 | 🌟🌟🌟🌟🌟 | 3.8西餐￥114/人 | G | 满100 | 点评榜单 | 上南地区西餐热门榜第1名 | 送100 | ￥3188.1折 | ￥394 | 惠 | 【亲子餐】家庭三,ocr/input_videos\上海__世博源__20260826.mp4
OBS-000093,世博源,怡泰SPA·泰疗按摩,怡泰SPA·泰疗按摩,精油SPA,,174,L1,new_store,False,new_store,ocr_missing,parsed,metadata_anchor,0.9782,0.9915,57,972,16.642,新店 | L1 | 精油SPA￥174/人,怡泰SPA·泰疗按摩 | 怡泰SPA | 安理专费 | 新店开业 | 新店 | L1 | 精油SPA￥174/人 | 超值优惠 | 世博源按摩/足疗销量榜第1名 | 广告年度影响力品牌 | ￥289￥529 | 【新店开业】泰香宁|深... | 惠,ocr/input_videos\上海__世博源__20260826.mp4
OBS-000094,世博源,世博源公馆·本帮融合菜·主题包厢...,世博源公馆·本帮融合菜·主题包厢,本帮菜,4.9,248,L2,rated,True,,rated,parsed,rating_anchor,0.9401,0.9352,57,1020,17.464,4.9本帮菜￥248/人 | L2,世博源公馆·本帮融合菜·主题包厢... | 世公 | 4.9本帮菜￥248/人 | L2 | 本帮融合菜 | 江景生類包用 | 点评榜单 | 世博园江浙菜口味榜第1名 | 休息中 | ￥0.010.1折 | 惠 | ￥9 | 【点赞推荐菜】酒酿圆子 | ￥47.5 | 【世博源必吃】50元... | 9.5折 | ￥50 | 惠,ocr/input_videos\上海__世博源__20260826.mp4
OBS-000095,世博源,玩童会·儿童乐园·拼豆,玩童会·儿童乐园·拼豆,儿童乐园,4.2,125,L1,rated,True,,rated,parsed,rating_anchor,0.9705,0.9711,56,1020,17.464,🌟🌟🌟⭐ | L1 | 4.2儿童乐园￥125/人,玩童会·儿童乐园·拼豆 | 加童艺 | 🌟🌟🌟⭐ | L1 | 4.2儿童乐园￥125/人 | 点评榜单 | 浦东新区儿童室内乐园榜第10名 | 能玩还能装娃娃，店员温柔耐心 | ￥48￥50 | 惠 | 【托马斯小火车】儿童票·周.. | 惠￥270￥300代金券,ocr/input_videos\上海__世博源__20260826.mp4
OBS-000096,世博源,斗牛士牛排,斗牛士牛排,西餐,3.8,114,,rated,True,,rated,parsed,rating_anchor,0.9573,0.9845,52,1020,17.464,3.8西餐￥114/人 | G,牛 | 斗牛士牛排 | 3.8西餐￥114/人 | G | 满100 | 点评榜单 | 上南地区西餐热门榜第1名 | 送100 | ￥394 | ￥3188.1折 | 惠 | 【亲子餐】家庭三..,ocr/input_videos\上海__世博源__20260826.mp4
OBS-000097,世博源,怡泰SPA·泰疗按摩,怡泰SPA·泰疗按摩,精油SPA,,174,L1,new_store,False,new_store,ocr_missing,parsed,metadata_anchor,0.9784,0.9918,47,1020,17.464,新店 | L1 | 精油SPA￥174/人,怡泰SPA·泰疗按摩 | 怡泰SPA | 心热 | 新店开业 | 新店 | L1 | 精油SPA￥174/人 | 超值优惠 | 世博源按摩/足疗销量榜第1名 | 厂告年度影响力品牌 | ￥289￥529 | 【新店开业】泰香宁|深... | 惠,ocr/input_videos\上海__世博源__20260826.mp4
OBS-000098,世博源,嗨贝码头,嗨贝码头,其他亲子游乐,4.1,50,L2,rated,True,,rated,parsed,rating_anchor,0.9845,0.999,58,1020,17.464,⭐🌟🌟⭐🌟 | L2 | 4.1其他亲子游乐￥50/人,嗨贝码头 | ⭐🌟🌟⭐🌟 | L2 | 4.1其他亲子游乐￥50/人,ocr/input_videos\上海__世博源__20260826.mp4
OBS-000099,世博源,斗牛士牛排,斗牛士牛排,西餐,3.8,114,,rated,True,,rated,parsed,rating_anchor,0.9701,0.9868,52,1068,18.286,G | ★★★★ | 西餐￥114/人 | 3.8,牛 | 斗牛士牛排 | G | ★★★★ | 西餐￥114/人 | 3.8 | 满100 | 点评榜单 | 上南地区西餐热门榜第1名 | 送100 | ￥3188.1折 | ￥394 | 【亲子餐】家庭三. | 惠,ocr/input_videos\上海__世博源__20260826.mp4
OBS-000100,世博源,怡泰SPA·泰疗按摩,怡泰SPA·泰疗按摩,精油SPA,,174,L1,new_store,False,new_store,ocr_missing,parsed,metadata_anchor,0.9808,0.9924,51,1068,18.286,新店 | L1 | 精油SPA￥174/人,怡泰SPA·泰疗按摩 | 怡泰SPA | 热心主热 | 新店开业 | 新店 | L1 | 精油SPA￥174/人 | 超值优惠 | 世博源按摩/足疗销量榜第1名 | 广告年度影响力品牌 | ￥289￥529 | 【新店开业】泰香宁|深... | 惠,ocr/input_videos\上海__世博源__20260826.mp4
OBS-000101,世博源,嗨贝码头,嗨贝码头,其他亲子游乐,4.1,50,L2,rated,True,,rated,parsed,rating_anchor,0.9865,0.9987,53,1068,18.286,⭐🌟⭐🌟 | L2 | 4.1其他亲子游乐￥50/人 | ★,嗨贝码头 | ⭐🌟⭐🌟 | L2 | 4.1其他亲子游乐￥50/人 | ★ | 遛娃宝藏，划船体验超舒适,ocr/input_videos\上海__世博源__20260826.mp4
OBS-000102,世博源,浦江小厨·上海菜,浦江小厨·上海菜,本帮菜,4.7,108,,rated,True,,rated,parsed,rating_anchor,0.9591,0.9562,57,1068,18.286,🌟🌟🎉🌟🌟 | 本帮菜￥108/人 | 4.7 | B,浦江小厨·上海菜 | 浦江小厨 | CCTN | 🌟🌟🎉🌟🌟 | 本帮菜￥108/人 | 4.7 | B | 点评榜单 | 央视播出品牌 | 世博源美食口味榜第5名 | 休息中 | 本帮菜新鲜好味” | “ | ￥28 | 3.6折 | 惠 | ￥9.9 | 【限时福利】儿童餐…. | ￥959.5折 | 惠 | ￥100100元代金券,ocr/input_videos\上海__世博源__20260826.mp4
OBS-000103,世博源,必胜客,必胜客,比萨,4.1,57,,rated,True,,rated,parsed,rating_anchor,0.9602,0.999,58,1068,18.286,🌟🌟🌟🌟 | G | 4.1比萨￥57/人,必胜客 | 🌟🌟🌟🌟 | G | 4.1比萨￥57/人 | 必胜客 | 点评榜单 | 浦东新区比萨好评榜第3名 | 夏间人 | 必胜自助餐 | 必点牛肉汉堡，多汁芝士拉丝,ocr/input_videos\上海__世博源__20260826.mp4
OBS-000104,世博源,浦江小厨·上海菜,浦江小厨·上海菜,本帮菜,4.7,108,,rated,True,,rated,parsed,rating_anchor,0.9576,0.9407,45,1188,20.34,🌟🌟⭐🌟🌟 | B | 4.7本帮菜￥108/人,浦江小厨·上海菜 | 浦江小厨 | CCTN | 🌟🌟⭐🌟🌟 | B | 4.7本帮菜￥108/人 | 点评榜单 | 央视播出品牌 | 世博源美食口味榜第5名 | 休息中 | 本帮菜新鲜好味 | “ | 3.6折 | ￥28 | 惠 | ￥9.9 | 【限时福利】儿童餐. | ￥959.5折 | ￥100100元代金券 | 惠,ocr/input_videos\上海__世博源__20260826.mp4
OBS-000105,世博源,必胜客,必胜客,比萨,4.1,57,,rated,True,,rated,parsed,rating_anchor,0.9683,0.9989,61,1188,20.34,🌟⭐🌟⭐ | 4.1比萨￥57/人 | G,必胜客 | 🌟⭐🌟⭐ | 4.1比萨￥57/人 | 必胜客 | G | 点评榜单 | 浦东新区比萨好评榜第3名 | 孔人学 | 必胜自助餐 | 必点牛肉汉堡，多汁芝士拉丝 | ￥293 | ￥155 | 5.3折 | 【2餐|免配送费... | 惠,ocr/input_videos\上海__世博源__20260826.mp4
OBS-000106,世博源,耀华路青少年羽毛球培训,耀华路青少年羽毛球培训,羽毛球培训,4.3,,L1,rated,True,,rated,parsed,rating_anchor,0.9965,0.9962,48,1188,20.34,L1 | ★★★★ | 4.3 | 羽毛球培训,耀华路青少年羽毛球培训 | 刮 | 云门停司 | L1 | ★★★★ | 4.3 | 羽毛球培训 | 热NOG | 开学季！ | 点评榜单 | 浦东新区羽毛球培训热门榜第8名 | 联毛球学温5店 | ￥9.9￥597全城6次课随心学|少游.. | 惠,ocr/input_videos\上海__世博源__20260826.mp4
OBS-000107,世博源,星聚会KTV,星聚会KTV,量贩式KTV,4.2,80,L2,rated,True,,rated,parsed,rating_anchor,0.9608,0.9974,48,1188,20.34,L2 | ★🌟★ | 4.2 | 量贩式KTV￥80/人 | ★,星聚会KTV | L2 | ★🌟★ | 4.2 | 量贩式KTV￥80/人 | 星聚會 | ★ | 不仅仅是KTV | 世博源KTV销量榜第2名 | 装修科技感十，包间主题丰富 | 55 | ￥98￥128 | 惠 | 【公益品牌】-196冰点鲜果...,ocr/input_videos\上海__世博源__20260826.mp4
OBS-000108,世博源,阿金大白·上海菜馆,阿金大白·上海菜馆,本帮菜,3.9,,,rated,True,,rated,parsed,rating_anchor,0.9596,0.9663,53,1188,20.34,3.9本帮菜61/人 | B,阿金大白·上海菜馆 | 3.9本帮菜61/人 | B | 点评榜单 | 世博园本帮菜打卡人气榜第7名,ocr/input_videos\上海__世博源__20260826.mp4
OBS-000109,世博源,浦江小厨·上海菜,浦江小厨·上海菜,本帮菜,4.7,108,,rated,True,,rated,parsed,rating_anchor,0.9775,0.9787,51,1212,20.751,🌟🌟🎉🌟🌟 | 4.7本帮菜￥108/人 | B,浦江小厨·上海菜 | 浦江小厨 | CCN | 🌟🌟🎉🌟🌟 | 4.7本帮菜￥108/人 | B | 点评镑单 | 央视播出品牌 | 世博源美食口味榜第5名 | 休息中 | 本帮菜新鲜好味” | ￥28 | 3.6折 | ￥9.9 | 惠 | 【限时福利】儿童餐. | ￥95 | 9.5折 | ￥100100元代金券 | 惠,ocr/input_videos\上海__世博源__20260826.mp4
OBS-000110,世博源,必胜客,必胜客,比萨,4.1,57,,rated,True,,rated,parsed,rating_anchor,0.9694,0.997,61,1212,20.751,🌟🌟🌟🌟 | 4.1比萨￥57/人 | G,必胜客 | 🌟🌟🌟🌟 | 4.1比萨￥57/人 | G | 必胜客 | 点评榜单 | 浦东新区比萨好评榜第3名 | 必胜自助餐 | 必点牛肉汉堡，多汁芝士拉丝 | ￥293 | ￥155 | 5.3折 | 【2人餐|免配送费. | 惠,ocr/input_videos\上海__世博源__20260826.mp4
OBS-000111,世博源,耀华路青少年羽毛球培训,耀华路青少年羽毛球培训,羽毛球培训,4.3,,L1,rated,True,,rated,parsed,rating_anchor,0.9983,0.9986,48,1212,20.751,L1 | 🌟🌟🌟🌟 | 4.3 | 羽毛球培训,耀华路青少年羽毛球培训 | +司 | 宝门府育 | L1 | 🌟🌟🌟🌟 | 4.3 | 羽毛球培训 | 热NOG | 开学季！ | 点评榜单 | 浦东新区羽毛球培训热门榜第8名 | 联毛球学理 | ￥9.9￥597全城6次课随心学|少儿游. | 惠,ocr/input_videos\上海__世博源__20260826.mp4
OBS-000112,世博源,星聚会KTV,星聚会KTV,量贩式KTV,4.2,80,L2,rated,True,,rated,parsed,rating_anchor,0.9787,0.9984,49,1212,20.751,L2 | ★🌟🌟🌟 | 4.2 | 量贩式KTV￥80/人 | ★,星聚会KTV | L2 | ★🌟🌟🌟 | 4.2 | 量贩式KTV￥80/人 | 星堅會 | ★ | F | 不仅仅是KTV | 世博源KTV销量榜第2名 | 装修科技感十足，包间主题丰富 | “ | ￥98￥128 | 惠 | 【公益品牌】-196冰点鲜果...,ocr/input_videos\上海__世博源__20260826.mp4
OBS-000113,世博源,阿金大白·上海菜馆,阿金大白·上海菜馆,本帮菜,3.9,61,,rated,True,,rated,parsed,rating_anchor,0.9494,0.9578,50,1212,20.751,3.9本帮菜￥61/人 | B,阿金大白·上海菜馆 | 3.9本帮菜￥61/人 | B | 点评榜单 | 世博园本帮菜打卡人气榜第7名,ocr/input_videos\上海__世博源__20260826.mp4
OBS-000114,世博源,浦江小厨·上海菜,浦江小厨·上海菜,本帮菜,4.7,108,,rated,True,,rated,parsed,rating_anchor,0.9567,0.9636,51,1236,21.162,4.7本帮菜￥108/人 | B,浦江小厨·上海菜 | 浦江小厨 | CCTN | 4.7本帮菜￥108/人 | B | 点评榜单 | 央视播出品牌 | 世博源美食口味榜第5名 | 休息中 | 本帮菜新鲜好味 | “ | ￥28 | 惠 | ￥9.9 | 3.6折 | 【限时福利】儿童餐. | ￥959.5折 | 惠 | ￥100100元代金券,ocr/input_videos\上海__世博源__20260826.mp4
OBS-000115,世博源,必胜客,必胜客,比萨,4.1,57,,rated,True,,rated,parsed,rating_anchor,0.9716,0.9992,60,1236,21.162,🌟🌟🌟🌟 | G | 4.1比萨￥57/人,必胜客 | 🌟🌟🌟🌟 | G | 4.1比萨￥57/人 | 必胜客 | 点评镑单 | 浦东新区比萨好评榜第3名 | 夏大 | 心胜自助餐 | 必点牛肉汉堡，多汁芝士拉丝 | ￥293 | ￥155 | 5.3折 | 【2人餐|免配送费... | 惠,ocr/input_videos\上海__世博源__20260826.mp4
OBS-000116,世博源,耀华路青少年羽毛球培训,耀华路青少年羽毛球培训,羽毛球培训,4.3,,L1,rated,True,,rated,parsed,rating_anchor,0.9987,0.9992,48,1236,21.162,⭐🌟⭐⭐ | L1 | 羽毛球培训 | 4.3,耀华路青少年羽毛球培训 | 刮 | 经力健育 | ⭐🌟⭐⭐ | L1 | 羽毛球培训 | 4.3 | 热NoG | 开学季！ | 点评榜单 | 浦东新区羽毛球培训热门榜第8名 | 利毛味账学牌酒5证 | ￥9.9￥597全城6次课随心学1少儿游.. | 惠,ocr/input_videos\上海__世博源__20260826.mp4
OBS-000117,世博源,星聚会KTV,星聚会KTV,量贩式KTV,4.2,80,L2,rated,True,,rated,parsed,rating_anchor,0.9762,0.9984,48,1236,21.162,L2 | ★★★★ | ★ | 4.2 | 量贩式KTV￥80/人,星聚会KTV | L2 | ★★★★ | ★ | 4.2 | 量贩式KTV￥80/人 | 星坚會 | 严Y | 不仅仅是KTV | 世博源KTV销量榜第2名 | 装修科技感十足，包间主题丰富 | 小 | ￥98￥128 | 惠 | 【公益品牌】-196冰点鲜果..,ocr/input_videos\上海__世博源__20260826.mp4
OBS-000118,世博源,阿金大白·上海菜馆,阿金大白·上海菜馆,本帮菜,3.9,,,rated,True,,rated,parsed,rating_anchor,0.9636,0.9532,48,1236,21.162,3.9本帮菜61/人 | B,阿金大白·上海菜馆 | 阿金大白 | 1 | 冷面 | 上市 | 3.9本帮菜61/人 | B | 点评榜单 | 世博园本帮菜打卡人气榜第7名 | 育椒银芽冷面,ocr/input_videos\上海__世博源__20260826.mp4
OBS-000119,世博源,星聚会KTV,星聚会KTV,量贩式KTV,4.2,80,L2,rated,True,,rated,parsed,rating_anchor,0.9759,0.9977,52,1296,22.189,★★★★ | 4.2 | 量贩式KTV￥80/人 | L2,星聚会KTV | ★★★★ | 4.2 | 量贩式KTV￥80/人 | L2 | 星聚會 | 不仅仅是KTV | 世博源KTV销量榜第2名 | 装修科技感十，包间主题丰富 | 5 | ￥98￥128 | 惠 | 【公益品牌】-196冰点鲜果...,ocr/input_videos\上海__世博源__20260826.mp4
OBS-000120,世博源,阿金大白·上海菜馆,阿金大白·上海菜馆,本帮菜,3.9,61,,rated,True,,rated,parsed,rating_anchor,0.9551,0.9662,51,1296,22.189,★★★★★ | 本帮菜￥61/人 | B | 3.9,阿金大白·上海菜馆 | 阿金大白 | E | 上市 | 冷面 | ★★★★★ | 本帮菜￥61/人 | B | 3.9 | 点评榜单 | 世博园本帮菜打卡人气榜第7名 | 青极银芽冷面 | 丰富多元的菜品，搭配优质服务 | 55 | 吃上海菜就来阿全大白 | ￥126.8 | ￥1088.6折 | 惠 | 【夏日精选】冷面..,ocr/input_videos\上海__世博源__20260826.mp4
OBS-000121,世博源,新发现,新发现,浙菜,4.4,65,L1,rated,True,,rated,parsed,rating_anchor,0.985,0.9996,60,1296,22.189,🌟🌟🌟⭐ | 4.4浙菜￥65/人 | L1,新发现 | 新发现 | 卡民黄装苏炒年糕 | 🌟🌟🌟⭐ | 4.4浙菜￥65/人 | L1 | 点评榜单 | 世博源美食销量榜第9名 | 时令六月黄 | 板栗叫花鸡，配料，性价” | “ | ￥19.9 | 6.9折 | ￥29K2黄油面包冰淇淋... | 惠 | ￥100 | ￥93.1 | 9.4折 | 惠 | 【结账专用】100...,ocr/input_videos\上海__世博源__20260826.mp4
OBS-000122,世博源,滑板公元,滑板公元,滑板轮滑,4.8,52,,rated,True,,rated,parsed,rating_anchor,0.9781,0.9995,52,1296,22.189,★★★★★ | G | 4.8滑板轮滑￥52/人,滑板公元 | CATEMETA | ★★★★★ | G | 4.8滑板轮滑￥52/人 | 点评榜单 | 滑板公元 | 上海滑板轮滑热门榜第1名 | T人的 | 场地大干净，上课氛围轻松有趣 | 粒DLLIE | 2 | ￥26.89折 | ￥360 | 惠 | 【滑板培训】儿童滑.,ocr/input_videos\上海__世博源__20260826.mp4
OBS-000123,世博源,爱玩卡雷拉,爱玩卡雷拉,儿童乐园,3.8,78,L1,rated,True,,rated,parsed,rating_anchor,0.9756,0.9988,52,1296,22.189,🌟🌟🌟🌟🌟 | L1 | 3.8儿童乐园￥78/人,爱玩卡雷拉 | 🌟🌟🌟🌟🌟 | L1 | 3.8儿童乐园￥78/人,ocr/input_videos\上海__世博源__20260826.mp4
OBS-000124,世博源,星聚会KTV,星聚会KTV,量贩式KTV,4.2,80,L2,rated,True,,rated,parsed,rating_anchor,0.969,0.9979,52,1320,22.6,🌟🌟🌟🌟 | 4.2 | L2 | 量贩式KTV￥80/人,星聚会KTV | 🌟🌟🌟🌟 | 4.2 | L2 | 量贩式KTV￥80/人 | 星堅會 | UEIE | 不仅仅是KTV | 世博源KTV销量榜第2名 | 装修科技感十足，包间主题丰富” | ￥98￥128 | 【公益品牌】-196冰点鲜果... | 惠,ocr/input_videos\上海__世博源__20260826.mp4
OBS-000125,世博源,阿金大白·上海菜馆,阿金大白·上海菜馆,本帮菜,3.9,61,,rated,True,,rated,parsed,rating_anchor,0.9482,0.9569,51,1320,22.6,★🌟★ | 本帮菜￥61/人 | 3.9 | B,阿金大白·上海菜馆 | 8 | 阿金大白 | A  1 | 冷面 | 上市 | ★🌟★ | 本帮菜￥61/人 | 3.9 | B | 点评榜单 | 世博园本帮菜打卡人气榜第7名 | 育椒银劳冷面 | 丰富多元的菜品，搭配优质服务 | 5 | 吃上海菜就豪网金大白 | E | ￥108 | 8.6折 | ￥126.8 | 惠 | 【夏日精选】冷面..,ocr/input_videos\上海__世博源__20260826.mp4
OBS-000126,世博源,新发现,新发现,浙菜,4.4,65,L1,rated,True,,rated,parsed,rating_anchor,0.9824,0.9992,55,1320,22.6,⭐🌟🌟⭐ | L1 | 4.4浙菜￥65/人,新发现 | 新发现 | 六月黄发苏炒年程 | ⭐🌟🌟⭐ | L1 | 4.4浙菜￥65/人 | 点评榜单 | 世博源美食销量榜第9名 | 时令六月黄 | 板栗叫花鸡，配料，性价” | ￥19.9 | 6.9折 | 惠 | ￥29 | K2黄油面包冰淇淋... | ￥93.1 | 惠 | ￥100 | 9.4折 | 【结账专用】100...,ocr/input_videos\上海__世博源__20260826.mp4
OBS-000127,世博源,滑板公元,滑板公元,滑板轮滑,,52,,unknown,True,,ocr_missing,parsed,metadata_anchor,0.985,0.9995,53,1320,22.6,★★★★★ | 14.8 | 滑板轮滑￥52/人 | G,滑板公元 | URATEMETA | ★★★★★ | 14.8 | 滑板轮滑￥52/人 | G | 点评榜单 | 滑板公元 | 上海滑板轮滑热门榜第1名 | 下人B | 程DLLIE | 场地大又干净，上课氛围轻松有趣 | ￥26.89折 | ￥360 | 惠 | 【滑板培训】儿童滑.,ocr/input_videos\上海__世博源__20260826.mp4
OBS-000128,世博源,爱玩卡雷拉,爱玩卡雷拉,儿童乐园,3.8,78,L1,rated,True,,rated,parsed,rating_anchor,0.9851,0.999,52,1320,22.6,🌟🌟🌟🌟🌟 | L1 | 3.8儿童乐园￥78/人,爱玩卡雷拉 | 🌟🌟🌟🌟🌟 | L1 | 3.8儿童乐园￥78/人,ocr/input_videos\上海__世博源__20260826.mp4
OBS-000129,世博源,新发现,新发现,浙菜,4.4,65,L1,rated,True,,rated,parsed,rating_anchor,0.9765,0.9998,55,1392,23.833,🌟🌟⭐⭐ | L1 | 4.4浙菜￥65/人,新发现 | 新发现 | 六月黄华苏炒年糕 | 🌟🌟⭐⭐ | L1 | 4.4浙菜￥65/人 | 点评榜单 | 世博源美食销量榜第9名 | 时令六月黄 | 板栗叫花鸡，配料，性价比” | ￥29K2黄油面包冰淇淋... | 6.9折 | ￥19.9 | 惠 | ￥100 | ￥93.1 | 9.4折 | 惠 | 【结账专用】100...,ocr/input_videos\上海__世博源__20260826.mp4
OBS-000130,世博源,滑板公元,滑板公元,滑板轮滑,4.8,52,,rated,True,,rated,parsed,rating_anchor,0.9817,0.999,59,1392,23.833,4.8滑板轮滑￥52/人 | G,滑板公元 | EAATEMETA | 4.8滑板轮滑￥52/人 | G | EM | 点评榜单 | 滑板公元 | 上海滑板轮滑热门榜第1名 | 下人品城 | “场地又干净，上课氛围轻松有趣” | 一粒DLLIE | ￥26.89折 | ￥360 | 惠 | 【滑板培训】儿童滑...,ocr/input_videos\上海__世博源__20260826.mp4
OBS-000131,世博源,爱玩卡雷拉,爱玩卡雷拉,儿童乐园,3.8,78,L1,rated,True,,rated,parsed,rating_anchor,0.9863,0.9992,55,1392,23.833,⭐🌟⭐🌟⭐ | 3.8儿童乐园￥78/人 | L1,爱玩卡雷拉 | ⭐🌟⭐🌟⭐ | 3.8儿童乐园￥78/人 | L1 | 通票60元玩一整天，捞鱼赛车桌游项目... | 电 | ￥50￥116 | 【2时拼豆】拼豆Mard2... | 惠,ocr/input_videos\上海__世博源__20260826.mp4
OBS-000132,世博源,新白鹿餐厅,新白鹿餐厅,浙菜,4.4,72,L2,rated,True,,rated,parsed,rating_anchor,0.9662,0.9967,55,1392,23.833,L2 | 🌟🌟⭐⭐ | ★4.4浙菜￥72/人,新白鹿餐厅 | 新白塵 | 经典老味1回2 | L2 | 🌟🌟⭐⭐ | ★4.4浙菜￥72/人 | 点评榜单 | 上南地区江浙菜销量榜第1名 | 休息中 | 三鲜汤食材丰富，虾Q弹十 | ￥102 | ￥82 | 8.1折 | 惠 | 【鹿·陆】特惠双人套餐 | ￥929.2折 | 惠 | ￥100100元代金券,ocr/input_videos\上海__世博源__20260826.mp4
OBS-000133,世博源,佬肥猫·浙江乡村菜,佬肥猫·浙江乡村菜,浙菜,4.7,79,,rated,True,,rated,parsed,rating_anchor,0.9488,0.9787,56,1392,23.833,4.7浙菜￥79/人 | B,佬肥猫·浙江乡村菜 | 4.7浙菜￥79/人 | B,ocr/input_videos\上海__世博源__20260826.mp4
OBS-000134,世博源,爱玩卡雷拉,爱玩卡雷拉,儿童乐园,3.8,78,L1,rated,True,,rated,parsed,rating_anchor,0.9732,0.9986,52,1500,25.682,3.8儿童乐园￥78/人 | L1,爱玩卡雷拉 | 3.8儿童乐园￥78/人 | L1 | 通票60元玩一整天，捞鱼赛车桌游项目... | ￥50￥116 | 【2小时拼豆】拼豆Mard2... | 惠,ocr/input_videos\上海__世博源__20260826.mp4
OBS-000135,世博源,新白鹿餐厅,新白鹿餐厅,浙菜,4.4,72,L2,rated,True,,rated,parsed,rating_anchor,0.9837,0.998,59,1500,25.682,⭐🌟⭐⭐ | L2 | 4.4浙菜￥72/人 | ★,新白鹿餐厅 | 新白鹿 | 经典味回2 | ⭐🌟⭐⭐ | L2 | 4.4浙菜￥72/人 | ★ | 点评榜单 | 上南地区江浙菜销量榜第1名 | 休息中 | 三鲜汤食材丰富，虾Q弹十 | “ | J | ￥828.1折 | ￥102 | 惠 | 【鹿·陆】特惠双人套餐 | ￥929.2折 | 惠 | ￥100100元代金券,ocr/input_videos\上海__世博源__20260826.mp4
OBS-000136,世博源,佬肥猫·浙江乡村菜,佬肥猫·浙江乡村菜,浙菜,4.7,79,,rated,True,,rated,parsed,rating_anchor,0.9678,0.9847,53,1500,25.682,4.7浙菜￥79/人 | B,佬肥猫·浙江乡村菜 | 顶雪啊 | 4.7浙菜￥79/人 | B | 8 | rysdde | 点评榜单 | 世博源美食口味榜第6名 | 佬肥猫 | 新鲜土鸡，120天养足鲜美 | 35 | ￥54.2折 | 惠 | ￥12荔枝冰粉,ocr/input_videos\上海__世博源__20260826.mp4
OBS-000137,世博源,阿拉丁密室逃脱·生日派对·亲子聚...,阿拉丁密室逃脱·生日派对·亲子聚,密室/沉浸...,4.3,157,L2,rated,True,,rated,parsed,rating_anchor,0.8857,0.9405,54,1500,25.682,🌟🌟🌟 | 4.3 | 密室/沉浸... | ￥157/人L2 | ★,阿拉丁密室逃脱·生日派对·亲子聚... | 🌟🌟🌟 | 4.3 | 密室/沉浸... | ￥157/人L2 | ★ | 少年仙快货 | 世博园密室/沉浸互动剧回头客榜第3名 | 适合小朋友挑战，娱乐消遣好去处” | ￥218￥676少年仙侠传亲子票【双休... | 惠,ocr/input_videos\上海__世博源__20260826.mp4
OBS-000138,世博源,爱玩冒险王国·拼豆,爱玩冒险王国·拼豆,儿童乐园,3.9,112,L1,rated,True,,rated,parsed,rating_anchor,0.9671,0.9903,50,1500,25.682,⭐3.9儿童乐园￥112/人 | L1,爱玩冒险王国·拼豆 | ⭐3.9儿童乐园￥112/人 | L1 | 60通票玩一整天，手工课程超有趣 | ≤,ocr/input_videos\上海__世博源__20260826.mp4
OBS-000139,世博源,新白鹿餐厅,新白鹿餐厅,浙菜,4.4,72,L2,rated,True,,rated,parsed,rating_anchor,0.9844,0.998,55,1632,27.942,🌟🌟🌟🌟 | L2 | 4.4浙菜￥72/人,新白鹿餐厅 | 新白慶 | 对8的 | 经典电味回2 | 🌟🌟🌟🌟 | L2 | 4.4浙菜￥72/人 | 点评榜单 | 上南地区江浙菜销量榜第1名 | 休息中 | 三鲜汤食材丰富，虾Q弹十足 | “ | 3 | ￥82 | ￥102 | 8.1折 | 惠 | 【鹿·陆】特惠双人套餐 | ￥92 | 9.2折 | ￥100100元代金券 | 惠,ocr/input_videos\上海__世博源__20260826.mp4
OBS-000140,世博源,佬肥猫·浙江乡村菜,佬肥猫·浙江乡村菜,浙菜,4.7,79,,rated,True,,rated,parsed,rating_anchor,0.9563,0.941,56,1632,27.942,4.7浙菜￥79/人 | 🌟🌟⭐⭐🌟 | B,佬肥猫·浙江乡村菜 | 顶齊啊 | 4.7浙菜￥79/人 | 🌟🌟⭐⭐🌟 | B | 点评榜单 | Coun ryside | 世博源美食口味榜第6名 | Chin | 佬肥猫 | 新鲜土鸡，120天养足鲜美 | ￥5 | 4.2折 | ￥12荔枝冰粉 | 惠,ocr/input_videos\上海__世博源__20260826.mp4
OBS-000141,世博源,阿拉丁密室逃脱·生日派对·亲子聚...,阿拉丁密室逃脱·生日派对·亲子聚,密室/沉浸..,4.3,157,L2,rated,True,,rated,parsed,rating_anchor,0.9235,0.924,60,1632,27.942,🌟🌟🌟🌟 | ￥157/人L2 | 4.3 | 密室/沉浸..,阿拉丁密室逃脱·生日派对·亲子聚... | 🌟🌟🌟🌟 | ￥157/人L2 | 4.3 | 密室/沉浸.. | 少年仙使信 | 世博园密室/沉浸互动剧回头客榜第3名 | 适合小朋友挑战，娱乐消遣好去处” | 广告 | ￥218￥676少年仙侠传亲子票【双休... | 惠,ocr/input_videos\上海__世博源__20260826.mp4
OBS-000142,世博源,爱玩冒险王国·拼豆,爱玩冒险王国·拼豆,儿童乐园,3.9,112,L1,rated,True,,rated,parsed,rating_anchor,0.974,0.9926,54,1632,27.942,3.9儿童乐园￥112/人 | L1,爱玩冒险王国·拼豆 | 3.9儿童乐园￥112/人 | L1 | 60通票玩一整天，手工课程超有趣 | ￥50￥116 | 【2小时拼豆】拼豆Mard 2... | 惠,ocr/input_videos\上海__世博源__20260826.mp4
OBS-000143,世博源,新白鹿餐厅,新白鹿餐厅,浙菜,4.4,72,L2,rated,True,,rated,parsed,rating_anchor,0.9864,0.9978,55,1704,29.175,🌟🌟🌟🌟 | L2 | 4.4浙菜￥72/人,新白鹿餐厅 | 新白慶 | 品的测 | 经典电味回2 | 🌟🌟🌟🌟 | L2 | 4.4浙菜￥72/人 | 点评榜单 | 上南地区江浙菜销量榜第1名 | 休息中 | 三鲜汤食材丰富，虾Q弹十足 | “ | 3 | ￥102 | ￥82 | 8.1折 | 惠 | 【鹿·陆】特惠双人套餐 | ￥92 | 9.2折 | 惠 | ￥100100元代金券,ocr/input_videos\上海__世博源__20260826.mp4
OBS-000144,世博源,佬肥貓·浙江乡村菜,佬肥猫·浙江乡村菜,浙菜,4.7,79,,rated,True,,rated,parsed,rating_anchor,0.963,0.9547,56,1704,29.175,4.7浙菜￥79/人 | 🌟🌟⭐⭐🌟 | B,佬肥貓·浙江乡村菜 | 顶齊啊 | 4.7浙菜￥79/人 | 🌟🌟⭐⭐🌟 | B | 点评榜单 | Coun ryside | 世博源美食口味榜第6名 | Chin | 佬肥猫 | 新鲜土鸡，120天养足鲜美 | 4.2折 | ￥5 | ￥12荔枝冰粉 | 惠,ocr/input_videos\上海__世博源__20260826.mp4
OBS-000145,世博源,阿拉丁密室逃脱·生日派对·亲子聚...,阿拉丁密室逃脱·生日派对·亲子聚,密室/沉浸...,4.3,157,L2,rated,True,,rated,parsed,rating_anchor,0.8965,0.9369,57,1704,29.175,🌟🌟🌟🎉 | 密室/沉浸... | ￥157/人L2 | 4.3,阿拉丁密室逃脱·生日派对·亲子聚... | 🌟🌟🌟🎉 | 密室/沉浸... | ￥157/人L2 | 4.3 | 少年仙使造 | 世博园密室/沉浸互动剧回头客榜第3名 | “适合小朋友挑战，娱乐消遣好去处” | 广告 | ￥218￥676少年仙侠传亲子票【双休... | 惠,ocr/input_videos\上海__世博源__20260826.mp4
OBS-000146,世博源,爱玩冒险王国·拼豆,爱玩冒险王国·拼豆,儿童乐园,3.9,112,L1,rated,True,,rated,parsed,rating_anchor,0.9707,0.9776,51,1704,29.175,3.9儿童乐园￥112/人 | L1,爱玩冒险王国·拼豆 | 3.9儿童乐园￥112/人 | L1 | 60通票玩一整天，手工课程超有趣 | ￥50￥116 | 【2小时拼豆】拼豆Mard2... | 惠,ocr/input_videos\上海__世博源__20260826.mp4
OBS-000147,世博源,新白鹿餐厅,新白鹿餐厅,浙菜,4.4,72,L2,rated,True,,rated,parsed,rating_anchor,0.9698,0.9972,52,1728,29.586,🌟🌟🌟🌟 | L2 | 浙菜￥72/人 | 4.4,新白鹿餐厅 | 新白慶 | 的测 | 经典电味回 | 🌟🌟🌟🌟 | L2 | 浙菜￥72/人 | 4.4 | 点评榜单 | 上南地区江浙菜销量榜第1名 | 休息中 | 三鲜汤食材丰富，虾Q弹十足 | S | ￥82 | ￥102 | 8.1折 | 【鹿·陆】特惠双人套餐 | 惠 | ￥92 | 9.2折 | 惠 | ￥100100元代金券,ocr/input_videos\上海__世博源__20260826.mp4
OBS-000148,世博源,佬肥猫·浙江乡村菜,佬肥猫·浙江乡村菜,浙菜,4.7,79,,rated,True,,rated,parsed,rating_anchor,0.9599,0.9771,51,1728,29.586,🌟🌟🌟4.7 | 浙菜￥79/人 | B,佬肥猫·浙江乡村菜 | 顶弧啊 | 🌟🌟🌟4.7 | 浙菜￥79/人 | B | Coun ryside | 点评榜单 | 世博源美食口味榜第6名 | Chin | 佬肥猫 | 新鲜土鸡，120天养足鲜美 | “ | ￥54.2折 | 惠 | ￥12荔枝冰粉,ocr/input_videos\上海__世博源__20260826.mp4
OBS-000149,世博源,阿拉丁密室逃脱·生日派对·亲子聚...,阿拉丁密室逃脱·生日派对·亲子聚,密室/沉浸...,4.3,157,L2,rated,True,,rated,parsed,rating_anchor,0.8991,0.9354,57,1728,29.586,🌟🌟🌟🌟 | 密室/沉浸... | ￥157/人L2 | 4.3,阿拉丁密室逃脱·生日派对·亲子聚... | 🌟🌟🌟🌟 | 密室/沉浸... | ￥157/人L2 | 4.3 | 少年仙使信 | 世博园密室/沉浸互动剧回头客榜第3名 | ：大手室 | 适合小朋友挑战，娱乐消遣好去处” | 告 | ￥218￥676少年仙侠传亲子票【双休... | 惠,ocr/input_videos\上海__世博源__20260826.mp4
OBS-000150,世博源,爱玩冒险王国·拼豆,爱玩冒险王国·拼豆,儿童乐园,3.9,112,L1,rated,True,,rated,parsed,rating_anchor,0.9742,0.9921,53,1728,29.586,3.9儿童乐园￥112/人 | L1,爱玩冒险王国·拼豆 | 3.9儿童乐园￥112/人 | L1 | 60通票玩一整天，手工课程超有趣 | C | ￥50￥116 | 惠 | 【2小时拼豆】拼豆Mard2...,ocr/input_videos\上海__世博源__20260826.mp4
OBS-000151,世博源,九厨·淮扬,九厨·淮扬,淮扬菜,4.7,149,L1,rated,True,,rated,parsed,rating_anchor,0.9655,0.9682,51,1728,29.586,L1 | ⭐🌟🌟⭐🌟 | 淮扬菜￥149/人 | 4.7,九厨·淮扬 | L1 | ⭐🌟🌟⭐🌟 | 淮扬菜￥149/人 | 4.7 | 点评榜单 | 世博园江浙菜好评榜第1名,ocr/input_videos\上海__世博源__20260826.mp4
OBS-000152,世博源,爱玩冒险王国·拼豆,爱玩冒险王国·拼豆,儿童乐园,3.9,112,L1,rated,True,,rated,parsed,rating_anchor,0.96,0.9899,54,1752,29.997,3.9儿童乐园￥112/人 | L1,爱玩冒险王国·拼豆 | 3.9儿童乐园￥112/人 | L1 | 60通票玩一整天，手工课程超有趣 | “ | ￥50￥116 | 【2时拼】拼豆Mard2... | 惠,ocr/input_videos\上海__世博源__20260826.mp4
OBS-000153,世博源,九厨·淮扬,九厨·淮扬,淮扬菜,4.7,149,L1,rated,True,,rated,parsed,rating_anchor,0.9493,0.9685,53,1752,29.997,4.7淮扬菜￥149/人 | L1,九厨·淮扬 | 4.7淮扬菜￥149/人 | L1 | 点评榜单 | 世博园江浙菜好评榜第1名 | 休息中 | 推荐熟醉虾、馓子、烤鸭、马蹄爽 | ￥0.1 | ￥29.9九厨淮扬精选宝宝餐 | 0.1折 | 惠 | ￥81 | ￥100 | 8.1折 | 惠 | 【工作日大厅】100...,ocr/input_videos\上海__世博源__20260826.mp4
OBS-000154,世博源,鲜山季·野山菌火锅,鲜山季·野山菌火锅,菌菇火锅,4.8,111,,rated,True,,rated,parsed,rating_anchor,0.97,0.978,56,1752,29.997,⭐🌟🌟🌟🌟4.8 | 菌菇火锅￥111/人 | G,鲜山季·野山菌火锅 | 2 | 九菌升级 | ⭐🌟🌟🌟🌟4.8 | 不加价 | 菌菇火锅￥111/人 | G | 点评榜单 | 世博园火锅销量榜第1名 | ￥2.991.9折 | ￥16 | 惠 | 【单品】鲜菌脆弹丸 | ￥787.8折 | ￥100 | 【鲜菌季等您来】10.. | 惠,ocr/input_videos\上海__世博源__20260826.mp4
OBS-000155,世博源,王牌小骑士儿童滑步车俱乐部,王牌小骑士儿童滑步车俱乐部,平衡车培训,4.4,396,L1,rated,True,,rated,parsed,rating_anchor,0.9742,0.9834,56,1752,29.997,4.4平衡车培训￥396/人 | L1,王牌小骑士儿童滑步车俱乐部 | 4.4平衡车培训￥396/人 | L1 | 专证力 | 王牌 | 暑期充电好去处，价格实惠课时通用 | ￥9.95折 | ￥320 | 惠 | 【平衡车训练】儿童平.,ocr/input_videos\上海__世博源__20260826.mp4
OBS-000156,世博源,爱玩冒险王国·拼豆,爱玩冒险王国·拼豆,儿童乐园,3.9,112,L1,rated,True,,rated,parsed,rating_anchor,0.9675,0.9837,51,1788,30.613,L1 | 3.9儿童乐园￥112/人,爱玩冒险王国·拼豆 | L1 | 3.9儿童乐园￥112/人 | 60通票玩一整天，手工课程超有趣 | L | ￥50￥116 | 【2小时拼豆】拼豆Mard2.... | 惠,ocr/input_videos\上海__世博源__20260826.mp4
OBS-000157,世博源,九厨·淮扬,九厨·淮扬,淮扬菜,4.7,149,L1,rated,True,,rated,parsed,rating_anchor,0.9676,0.9726,58,1788,30.613,⭐🌟🌟🌟🌟 | L1 | 4.7淮扬菜￥149/人,九厨·淮扬 | ⭐🌟🌟🌟🌟 | L1 | 4.7淮扬菜￥149/人 | 点评榜单 | 世博园江浙菜好评榜第1名 | 休息中 | “推荐熟醉虾、馓子、烤鸭、马蹄爽” | ￥0.1 | ￥29.9九厨淮扬精选宝宝餐 | 0.1折 | 惠 | ￥818.1折 | ￥100 | 惠 | 【工作日大厅】100..,ocr/input_videos\上海__世博源__20260826.mp4
OBS-000158,世博源,鲜山季·野山菌火锅,鲜山季·野山菌火锅,菌菇火锅,4.8,111,,rated,True,,rated,parsed,rating_anchor,0.9646,0.9757,54,1788,30.613,G | ⭐🌟⭐⭐4.8 | 菌菇火锅￥111/人,鲜山季·野山菌火锅 | P | 九菌升级 | 不加价 | G | ⭐🌟⭐⭐4.8 | 菌菇火锅￥111/人 | 点评榜单 | 世博园火锅销量榜第1名 | ￥2.991.9折 | 惠 | ￥16 | 【单品】鲜菌脆弹丸 | ￥787.8折 | ￥100 | 惠 | 【鲜菌季等您来】10..,ocr/input_videos\上海__世博源__20260826.mp4
OBS-000159,世博源,王牌小骑士儿童滑步车俱乐部,王牌小骑士儿童滑步车俱乐部,平衡车培训,4.4,396,L1,rated,True,,rated,parsed,rating_anchor,0.9777,0.994,51,1788,30.613,L1 | 4.4平衡车培训￥396/人,王牌小骑士儿童滑步车俱乐部 | MOEBTA2 | L1 | 4.4平衡车培训￥396/人 | 专江力 | 主牌小社 | 暑期充电好去处，价格实惠课时通用 | ￥320 | ￥9.9 | 5折 | 惠 | 【平衡车训练】儿童平...,ocr/input_videos\上海__世博源__20260826.mp4
OBS-000160,世博源,王牌小骑童滑步车俱乐部,王牌小骑童滑步车俱乐部,平衡车培训,4.4,396,L1,rated,True,,rated,parsed,rating_anchor,0.9645,0.9608,48,1872,32.051,4.4平衡车培训￥396/人 | L1,王牌小骑童滑步车俱乐部 | 4.4平衡车培训￥396/人 | L1 | 主牌小士 | 暑期充电好去处，价格实惠课时通用 | ￥9.9 | ￥320 | 5折 | 【平衡车训练】童平... | 惠,ocr/input_videos\上海__世博源__20260826.mp4
OBS-000161,世博源,汤姆熊欢乐世界,汤姆熊欢乐世界,电玩城,3.9,75,,rated,True,,rated,parsed,rating_anchor,0.9793,0.9996,48,1872,32.051,🌟🌟★★★ | 3.9 | 电玩城￥75/人 | G,汤姆熊欢乐世界 | 🌟🌟★★★ | 3.9 | 电玩城￥75/人 | G | 上南地区游戏厅销量榜第1名 | 福 | 娃娃机停不下来，环境干净整洁 | 喜星巴克花利 | 指定音额 | ￥19.9￥2525枚游戏币 | 惠,ocr/input_videos\上海__世博源__20260826.mp4
OBS-000162,世博源,万岛日本料理铁板烧,万岛日本料理铁板烧,日式自助,4.7,498,L2,rated,True,,rated,parsed,rating_anchor,0.9478,0.9992,48,1872,32.051,4.7日式自助￥498/人 | L2,万岛日本料理铁板烧 | 新西兰螯虾畅吃 | 4.7日式自助￥498/人 | L2 | 点评镑单 | 世博源美食热门榜第1名 | 休息中 | 招牌菜品海胆备受好评，鲜美可口 | ￥468 | ￥528 | 惠 | 8.9折 | 【仲夏珍鲜】优享...,ocr/input_videos\上海__世博源__20260826.mp4
OBS-000163,世博源,左庭右院鲜牛肉火锅,左庭右院鲜牛肉火锅,潮汕牛肉火锅,4.7,135,L1,rated,True,,rated,parsed,rating_anchor,0.982,0.9944,47,1872,32.051,★★★★★ | 4.7 | 潮汕牛肉火锅￥135/人L1,艺 | 左庭右院鲜牛肉火锅 | 开 | 有机日光 | ★★★★★ | 4.7 | 潮汕牛肉火锅￥135/人L1 | 番茄锅 | 点评榜单 | 浦东新区潮汕牛肉火锅好评榜第2名 | OPEN UNYIL | 立刻送上新筷子，牛肉口感嫩滑 | 营业至凌晨02:00 | 3 | ￥2968.8折 | ￥336.6必享|甄选品质双.. | 惠 | ￥989.8折 | 惠 | ￥100100元代金券,ocr/input_videos\上海__世博源__20260826.mp4
OBS-000164,世博源,王牌小骑士儿童滑步车俱乐部,王牌小骑士儿童滑步车俱乐部,平衡车培训,4.4,396,L1,rated,True,,rated,parsed,rating_anchor,0.9756,0.9817,47,1896,32.462,4.4平衡车培训￥396/人 | L1,王牌小骑士儿童滑步车俱乐部 | LNLANGE BTAE | 4.4平衡车培训￥396/人 | L1 | DEC | 主牌小社 | 暑期充电好去处，价格实惠课时通用 | “ | R | ￥320 | 5折 | ￥9.9 | 【平衡车训练】儿童平.. | 惠,ocr/input_videos\上海__世博源__20260826.mp4
OBS-000165,世博源,汤姆熊欢乐世界,汤姆熊欢乐世界,电玩城,3.9,75,,rated,True,,rated,parsed,rating_anchor,0.9783,0.9996,48,1896,32.462,🌟🌟🌟🌟🌟 | 电玩城￥75/人 | G | 3.9,汤姆熊欢乐世界 | Tom | 🌟🌟🌟🌟🌟 | 电玩城￥75/人 | G | 3.9 | 上南地区游戏厅销量榜第1名 | 迎 | 商 | 娃娃机停不下来，环境干净整洁 | 喜星巴克德利 | 指定酒餐 | ￥19.9￥2525枚游戏币 | 惠,ocr/input_videos\上海__世博源__20260826.mp4
OBS-000166,世博源,万岛日本料理铁板烧,万岛日本料理铁板烧,日式自助,4.7,498,L2,rated,True,,rated,parsed,rating_anchor,0.9588,0.9996,53,1896,32.462,⭐4.7日式自助￥498/人 | L2,万岛日本料理铁板烧 | 新西兰整虾畅吃 | ⭐4.7日式自助￥498/人 | L2 | 点评榜单 | 世博源美食热门榜第1名 | 休息中 | 招牌菜品海胆备受好评，鲜美可口 | G | ￥4688.9折 | 惠 | ￥528 | 【仲夏珍鲜】优享..,ocr/input_videos\上海__世博源__20260826.mp4
OBS-000167,世博源,左庭右院鲜牛肉火锅,左庭右院鲜牛肉火锅,潮汕牛肉火锅,4.7,135,L1,rated,True,,rated,parsed,rating_anchor,0.9859,0.9893,48,1896,32.462,🌟🌟⭐🌟 | 潮汕牛肉火锅￥135/人L1 | 4.7,左庭右院鲜牛肉火锅 | 高酒开心 | 有机日光 | 🌟🌟⭐🌟 | 潮汕牛肉火锅￥135/人L1 | 4.7 | 番茄锅/ | 点评榜单 | 浦东新区潮汕牛肉火锅好评榜第2名 | OPEN UNTIL | 立刻送上新筷子，牛肉口感嫩滑 | 3 | “ | 营业至 | 凌晨02:00 | ￥2968.8折 | 惠 | ￥336.6必享|甄选品质双.. | ￥989.8折 | 惠 | ￥100100元代金券,ocr/input_videos\上海__世博源__20260826.mp4
OBS-000168,世博源,陳香貴·兰州牛肉面,陈香贵·兰州牛肉面,面馆,3.8,32,,rated,True,,rated,parsed,rating_anchor,0.9416,0.9146,48,1896,32.462,🌟🌟🌟🌟🌟 | 3.8面馆￥32/人 | B,陳香貴·兰州牛肉面 | 招解牛肉面 | 升级四重奏！ | 🌟🌟🌟🌟🌟 | 3.8面馆￥32/人 | B,ocr/input_videos\上海__世博源__20260826.mp4
OBS-000169,世博源,万岛日本料理铁板烧,万岛日本料理铁板烧,日式自助,4.7,498,L2,rated,True,,rated,parsed,rating_anchor,0.9772,0.996,44,1980,33.9,4.7日式自助￥498/人 | L2 | 🌟🌟⭐🌟🌟,万岛日本料理铁板烧 | 新西兰螯虾畅吃 | 4.7日式自助￥498/人 | L2 | 🌟🌟⭐🌟🌟 | 点评镑单 | 世博源美食热门榜第1名 | 休息中 | 招牌菜品海胆备受好评，鲜美可口 | 3 | ￥528 | 惠 | ￥468 | 8.9折 | 【仲夏珍鲜】优享..,ocr/input_videos\上海__世博源__20260826.mp4
OBS-000170,世博源,左庭右院鲜牛肉火锅,左庭右院鲜牛肉火锅,潮汕牛肉火锅,4.7,135,L1,rated,True,,rated,parsed,rating_anchor,0.9799,0.9872,50,1980,33.9,🌟🌟🌟🌟🌟 | 4.7 | 潮汕牛肉火锅￥135/人 | L1,左庭右院鲜牛肉火锅 | 升家 | 有机日光 | 🌟🌟🌟🌟🌟 | 4.7 | 潮汕牛肉火锅￥135/人 | L1 | 番茄锅 | 点评榜单 | 浦东新区潮汕牛肉火锅好评榜第2名 | OPENUNTIL | 立刻送上新筷子，牛肉口感嫩滑 | “ | 凌晨02:00 | 55 | 营业至 | ￥2968.8折 | 惠 | ￥336.6必享|甄选品质双... | ￥989.8折 | 惠 | ￥100100元代金券,ocr/input_videos\上海__世博源__20260826.mp4
OBS-000171,世博源,陳香貴·兰州牛肉面,陈香贵·兰州牛肉面,面馆,3.8,32,,rated,True,,rated,parsed,rating_anchor,0.9384,0.9277,51,1980,33.9,3.8面馆￥32/人 | B,陳香貴·兰州牛肉面 | 招解牛肉面 | 升级四重奏！ | 3.8面馆￥32/人 | B | “招牌牛肉面，热气腾腾的牛骨清汤 | 陈香资 | ￥27.89.6折 | ￥29 | 惠 | 【工作餐】招牌面加...,ocr/input_videos\上海__世博源__20260826.mp4
OBS-000172,世博源,疯狂娃娃城,疯狂娃娃城,娃娃屋,3.5,76,,rated,True,,rated,parsed,rating_anchor,0.9796,0.999,49,1980,33.9,🌟🌟⭐🌟🌟 | 3.5娃娃屋￥76/人 | B,疯狂娃娃城 | 疯江 | 推城 | 🌟🌟⭐🌟🌟 | 3.5娃娃屋￥76/人 | B | 世博源游戏厅销量榜第3名 | 装修色彩缤纷，拍照打卡好去处 | 惠 | ￥1.88￥9 | 【新朋友专属】6枚娃娃币...,ocr/input_videos\上海__世博源__20260826.mp4
OBS-000173,世博源,南门涮肉,南门涮肉,老北京火锅,4.8,125,,rated,True,,rated,parsed,rating_anchor,0.9827,0.9995,52,1980,33.9,★★★★★4.8 | LM | 老北京火锅￥125/人,南门涮肉 | C | 源 | 宏 | ★★★★★4.8 | LM | 老北京火锅￥125/人 | 南門涮肉 | 点评榜单 | 世博源美食好评榜第1名 | —始于1994年 | te | 法山业前 | “□,ocr/input_videos\上海__世博源__20260826.mp4
OBS-000174,世博源,万岛日本料理铁板烧,万岛日本料理铁板烧,日式自助,4.7,498,L2,rated,True,,rated,parsed,rating_anchor,0.9824,0.9998,48,2028,34.722,4.7日式自助￥498/人 | L2,万岛日本料理铁板烧 | 新西兰整虾畅吃 | 4.7日式自助￥498/人 | L2 | 点评榜单 | 世博源美食热门榜第1名 | 休息中 | 招牌菜品海胆备受好评，鲜美可口 | ￥468 | ￥528 | 8.9折 | 惠 | 【仲夏珍鲜】优享..,ocr/input_videos\上海__世博源__20260826.mp4
OBS-000175,世博源,左庭右院鲜牛肉火锅,左庭右院鲜牛肉火锅,潮汕牛肉火锅,4.7,135,L1,rated,True,,rated,parsed,rating_anchor,0.9834,0.9911,48,2028,34.722,🌟🌟🎉🎉🌟4.7 | 潮汕牛肉火锅￥135/人 | 、L1,左庭右院鲜牛肉火锅 | 区界 | 开 | 有机日光 | 🌟🌟🎉🎉🌟4.7 | 潮汕牛肉火锅￥135/人 | 、L1 | 番茄锅 | 点评榜单 | 浦东新区潮汕牛肉火锅好评榜第2名 | OPEN UNYIL | 立刻送上新筷子，牛肉口感嫩滑 | 营业至 | 凌晨02：00 | ￥296 | 8.8折 | ￥336.6必享|甄选品质双... | 惠 | ￥989.8折 | ￥100100元代金券 | 惠,ocr/input_videos\上海__世博源__20260826.mp4
OBS-000176,世博源,陳香貴·兰州牛肉面,陈香贵·兰州牛肉面,面馆,3.8,32,,rated,True,,rated,parsed,rating_anchor,0.9283,0.9265,53,2028,34.722,⭐3.8面馆￥32/人 | B,陳香貴·兰州牛肉面 | 招解牛肉面 | 升级四重秀！ | ⭐3.8面馆￥32/人 | B | 招牌牛肉面，热气腾腾的牛骨清汤 | 陈香贵 | ￥29 | ￥27.89.6折 | 【工作餐】招牌面加... | 惠,ocr/input_videos\上海__世博源__20260826.mp4
OBS-000177,世博源,疯狂娃娃城,疯狂娃娃城,娃娃屋,3.5,76,,rated,True,,rated,parsed,rating_anchor,0.9702,0.9965,48,2028,34.722,🌟🌟🌟🌟⭐ | 娃娃屋￥76/人 | 3.5 | B,疯狂娃娃城 | 疯社 | 娃维城 | 🌟🌟🌟🌟⭐ | 娃娃屋￥76/人 | 3.5 | B | 世博源游戏厅销量榜第3名 | 装修色彩缤纷，拍照打卡好去处 | ￥1.88￥9 | 【新朋友专属】6枚娃娃币... | 惠,ocr/input_videos\上海__世博源__20260826.mp4
OBS-000178,世博源,南门涮肉,南门涮肉,老北京火锅,,125,,unknown,True,,ocr_missing,parsed,metadata_anchor,0.9842,0.9998,56,2028,34.722,LM | 🌟🌟🌟🌟🌟 | 14.8 | 老北京火锅￥125/人,南门涮肉 | 源 | 宏 | LM | 🌟🌟🌟🌟🌟 | 14.8 | 老北京火锅￥125/人 | 购 | 8,ocr/input_videos\上海__世博源__20260826.mp4
OBS-000179,世博源,陳香貴·兰州牛肉面,陈香贵·兰州牛肉面,面馆,3.8,32,,rated,True,,rated,parsed,rating_anchor,0.9423,0.9462,51,2100,35.955,3.8面馆￥32/人 | B,陳香貴·兰州牛肉面 | 招解牛肉面 | 升级四重奏！ | 3.8面馆￥32/人 | B | “招牌肉面，热气腾腾的骨清汤 | 陳合育 | ￥27.89.6折 | ￥29 | 惠 | 【工作餐】招牌面加...,ocr/input_videos\上海__世博源__20260826.mp4
OBS-000180,世博源,疯狂娃娃城,疯狂娃娃城,娃娃屋,3.5,76,,rated,True,,rated,parsed,rating_anchor,0.9712,0.9972,48,2100,35.955,🌟🌟🌟🌟🌟 | 娃娃屋￥76/人 | 3.5 | B,疯狂娃娃城 | 疯社娃城 | 🌟🌟🌟🌟🌟 | 娃娃屋￥76/人 | 3.5 | B | 世博源游戏厅销量榜第3名 | 装修色彩缤纷，拍照打卡好去处” | “ | ￥1.88￥9 | 惠 | 【新朋友专属】6枚娃娃币..,ocr/input_videos\上海__世博源__20260826.mp4
OBS-000181,世博源,南门涮肉,南门涮肉,老北京火锅,4.8,125,,rated,True,,rated,parsed,rating_anchor,0.9776,0.9998,56,2100,35.955,4.8老北京火锅￥125/人 | LM,南门涮肉 | C | Q | 宏 | 源 | 4.8老北京火锅￥125/人 | LM | 南門涮肉 | 点评榜单 | 世博源美食好评榜第1名 | —始于1994年一 | 清真 | 服务态度好，口味独特，性价比高 | 力 | ￥28.87.6折 | 惠 | 南门涮肉·洛神花饮... | ￥38,ocr/input_videos\上海__世博源__20260826.mp4
OBS-000182,世博源,滨寿司,滨寿司,日本料理,3.7,92,商场内,rated,True,,rated,parsed,rating_anchor,0.9633,0.9996,58,2100,35.955,商场内 | 🌟🌟⭐🌟🌟 | 3.7日本料理￥92/人,滨寿司 | は | 濱寿司 | 商场内 | 🌟🌟⭐🌟🌟 | 3.7日本料理￥92/人 | HAMA-SUSHI | 点评榜单 | 世博源美食回头客榜第3名 | 全场商品10元 | ￥929.2折 | ￥100 | 【超值优惠】100元... | 惠,ocr/input_videos\上海__世博源__20260826.mp4
OBS-000183,世博源,镭战大联盟真人CS·生日派对·亲..,镭战大联盟真人CS·生日派对·亲,团建拓展,4.5,152,,rated,True,,rated,parsed,rating_anchor,0.9418,0.9298,50,2100,35.955,4.5团建拓展￥152/人 | G,618498 | 镭战大联盟真人CS·生日派对·亲.. | SA镭战大联盟 | 4.5团建拓展￥152/人 | G | 2025年度 | 影响力品牌 | 浦东新区团建拓展销量榜第2名 | 室内真人CS | “场地宽敞，氛围神秘燃爆全场,ocr/input_videos\上海__世博源__20260826.mp4
OBS-000184,世博源,疯狂娃娃城,疯狂娃娃城,娃娃屋,3.5,76,,rated,True,,rated,parsed,rating_anchor,0.9843,0.9971,48,2136,36.571,★🌟★★★ | 3.5娃娃屋￥76/人 | B,疯狂娃娃城 | 疯社 | 欢佳维城 | ★🌟★★★ | 3.5娃娃屋￥76/人 | B | 世博源游戏厅销量榜第3名 | 装修色彩缤纷，拍照打卡好去处 | ￥1.88￥9 | 惠 | 【新朋友专属】6枚娃娃币...,ocr/input_videos\上海__世博源__20260826.mp4
OBS-000185,世博源,南门涮肉,南门涮肉,老北京火锅,4.8,125,,rated,True,,rated,parsed,rating_anchor,0.9873,0.9998,57,2136,36.571,🌟🌟🎉🌟4.8 | LM | 老北京火锅￥125/人,南门涮肉 | 福 | 源 | 宏 | 🌟🌟🎉🌟4.8 | LM | 老北京火锅￥125/人 | 南門涮肉 | 点评榜单 | 世博源美食好评榜第1名 | —始于4994年— | 清真 | 服务态度好，口味独特，性价比高 | 可力 | “ | ￥28.87.6折 | ￥38南门涮肉·洛神花饮... | 惠,ocr/input_videos\上海__世博源__20260826.mp4
OBS-000186,世博源,滨寿司,滨寿司,日本料理,3.7,92,商场内,rated,True,,rated,parsed,rating_anchor,0.9837,0.9996,63,2136,36.571,商场内 | 🌟🌟🌟🌟🌟 | 3.7日本料理￥92/人,滨寿司 | は | 濱寿司 | 商场内 | 🌟🌟🌟🌟🌟 | 3.7日本料理￥92/人 | HAMA-SUSHI | 点评榜单 | 世博源美食回头客榜第3名 | 全场商品10元 | ￥929.2折 | ￥100 | 惠 | 【超值优惠】100元..,ocr/input_videos\上海__世博源__20260826.mp4
OBS-000187,世博源,镭战大联盟真人CS·生日派对·亲...,镭战大联盟真人CS·生日派对·亲,团建拓展,4.5,152,,rated,True,,rated,parsed,rating_anchor,0.9524,0.9521,51,2136,36.571,4.5团建拓展￥152/人 | G,61813惠 | 镭战大联盟真人CS·生日派对·亲... | LSA镭战大联盟 | 4.5团建拓展￥152/人 | G | 2025年度 | 影响力品牌 | 浦东新区团建拓展销量榜第2名 | 室内真人CS | “场地宽敞，氛围神秘燃爆全场 | ￥280 | ￥1588.5折 | 惠 | 【室内真人CS】2小...,ocr/input_videos\上海__世博源__20260826.mp4
OBS-000188,世博源,跑跑太空熊弹珠乐园,跑跑太空熊弹珠乐园,主机游戏,3.2,30,,rated,True,,rated,parsed,rating_anchor,0.986,0.9913,51,2136,36.571,3.2主机游戏￥30/人 | 🌟🌟🌟 | B,跑跑太空熊弹珠乐园 | GOG | 3.2主机游戏￥30/人 | 🌟🌟🌟 | B | B | 世博源主机游戏销量榜第2名,ocr/input_videos\上海__世博源__20260826.mp4
OBS-000189,世博源,滨寿司,滨寿司,日本料理,3.7,92,商场内,rated,True,,rated,parsed,rating_anchor,0.9835,0.9997,62,2232,38.215,商场内 | 3.7日本料理￥92/人 | 🌟🌟🌟🌟🌟,滨寿司 | は | 濱寿司 | 商场内 | 3.7日本料理￥92/人 | 🌟🌟🌟🌟🌟 | HAMA-SUSHI | 5 | 点评榜单 | 世博源美食回头客榜第3名 | 全场商品10元 | ￥929.2折 | ￥100 | 【超值优惠】100元... | 惠,ocr/input_videos\上海__世博源__20260826.mp4
OBS-000190,世博源,镭战大联盟真人CS·生日派对·亲..,镭战大联盟真人CS·生日派对·亲,团建拓展,4.5,152,,rated,True,,rated,parsed,rating_anchor,0.9573,0.9572,59,2232,38.215,4.5团建拓展￥152/人 | G,61819慧 | 镭战大联盟真人CS·生日派对·亲.. | LSM鑫战大联盟 | 4.5团建拓展￥152/人 | G | 2025年度 | 影响力品牌 | 浦东新区团建拓展销量榜第2名 | 室内真人CS | 场地宽，氛围神秘燃爆全场 | ￥280 | ￥1588.5折 | 【室内真人CS】2小... | 惠,ocr/input_videos\上海__世博源__20260826.mp4
OBS-000191,世博源,跑跑太空熊弹珠乐园,跑跑太空熊弹珠乐园,主机游戏,3.2,30,,rated,True,,rated,parsed,rating_anchor,0.9522,0.9956,54,2232,38.215,⭐3.2主机游戏￥30/人 | B,跑跑太空熊弹珠乐园 | ⭐3.2主机游戏￥30/人 | B | - | 品 | 世博源主机游戏销量榜第2名 | ￥24.9￥210210枚弹珠|【限购一单】2. | 惠,ocr/input_videos\上海__世博源__20260826.mp4
OBS-000192,世博源,厚贞日式烤肉,厚贞日式烤肉,日式烧烤/烤肉,4.8,156,L1,rated,True,,rated,parsed,rating_anchor,0.9862,0.9983,56,2232,38.215,🌟🌟🎉🎉🌟4.8 | 日式烧烤/烤肉￥156/人L1,厚贞日式烤肉 | 原创黑松露 | 横膈膜 | 🌟🌟🎉🎉🌟4.8 | 日式烧烤/烤肉￥156/人L1 | 点评榜单 | 世博园烤肉口味榜第1名 | ￥3698.9折 | ￥419厚贞爆款2人情侣套餐 | 惠,ocr/input_videos\上海__世博源__20260826.mp4
OBS-000193,世博源,滨寿司,滨寿司,日本料理,3.7,92,商场内,rated,True,,rated,parsed,rating_anchor,0.9833,0.9997,62,2256,38.626,商场内 | 3.7日本料理￥92/人 | 🌟🌟🌟💥🌟,滨寿司 | は | 濱寿司 | 商场内 | 3.7日本料理￥92/人 | 🌟🌟🌟💥🌟 | HAMA-SUSHI | 点评榜单 | 世博源美食回头客榜第3名 | 全场商品10元 | ￥929.2折 | ￥100 | 【超值优惠】100元... | 惠,ocr/input_videos\上海__世博源__20260826.mp4
OBS-000194,世博源,镭战大联盟真人CS·生日派对·亲...,镭战大联盟真人CS·生日派对·亲,团建拓展,4.5,152,,rated,True,,rated,parsed,rating_anchor,0.9549,0.9552,54,2256,38.626,4.5团建拓展￥152/人 | G,61819慧 | 镭战大联盟真人CS·生日派对·亲... | LSM鑫战大联盟 | 4.5团建拓展￥152/人 | G | 2025年度 | 影响力品牌 | 浦东新区团建拓展销量榜第2名 | 室内真人CS | 场地宽，氛围神秘燃爆全场 | ￥280 | ￥1588.5折 | 【室内真人CS】2小.. | 惠,ocr/input_videos\上海__世博源__20260826.mp4
OBS-000195,世博源,跑跑太空熊弹珠乐园,跑跑太空熊弹珠乐园,主机游戏,3.2,30,,rated,True,,rated,parsed,rating_anchor,0.9519,0.995,51,2256,38.626,⭐3.2主机游戏￥30/人 | B,跑跑太空熊弹珠乐园 | ⭐3.2主机游戏￥30/人 | B | 品 | 世博源主机游戏销量榜第2名 | ￥24.9￥210210枚弹珠|【限购一单】2.. | 惠,ocr/input_videos\上海__世博源__20260826.mp4
OBS-000196,世博源,厚贞日式烤肉,厚贞日式烤肉,日式烧烤/烤肉,4.8,156,L1,rated,True,,rated,parsed,rating_anchor,0.9852,0.998,58,2256,38.626,🌟🌟🎉🌟🌟4.8 | 日式烧烤/烤肉￥156/人L1,厚贞日式烤肉 | 原创黑松露 | 横膈膜 | 🌟🌟🎉🌟🌟4.8 | 日式烧烤/烤肉￥156/人L1 | 点评榜单 | 世博园烤肉口味榜第1名 | ￥3698.9折 | ￥419厚贞爆款2人情侣套餐 | 惠,ocr/input_videos\上海__世博源__20260826.mp4
OBS-000197,世博源,滨寿司,滨寿司,日本料理,3.7,92,商场内,rated,True,,rated,parsed,rating_anchor,0.9835,0.9997,62,2280,39.037,商场内 | 3.7日本料理￥92/人 | 🌟🌟🌟💥🌟,滨寿司 | は | 濱寿司 | 商场内 | 3.7日本料理￥92/人 | 🌟🌟🌟💥🌟 | HAMA-SUSHI | 点评榜单 | 世博源美食回头客榜第3名 | 全场商品10元 | ￥929.2折 | ￥100 | 【超值优惠】100元... | 惠,ocr/input_videos\上海__世博源__20260826.mp4
OBS-000198,世博源,镭战大联盟真人CS·生日派对·亲...,镭战大联盟真人CS·生日派对·亲,团建拓展,4.5,152,,rated,True,,rated,parsed,rating_anchor,0.9549,0.9552,54,2280,39.037,4.5团建拓展￥152/人 | G,61819惠 | 镭战大联盟真人CS·生日派对·亲... | LSM鑫战大联盟 | 4.5团建拓展￥152/人 | G | 2025年度 | 影响力品牌 | 浦东新区团建拓展销量榜第2名 | 室内真人CS | 场地宽，氛围神秘燃爆全场 | ￥280 | ￥1588.5折 | 【室内真人CS】2小.. | 惠,ocr/input_videos\上海__世博源__20260826.mp4
OBS-000199,世博源,跑跑太空熊弹珠乐园,跑跑太空熊弹珠乐园,主机游戏,3.2,30,,rated,True,,rated,parsed,rating_anchor,0.9519,0.995,51,2280,39.037,⭐3.2主机游戏￥30/人 | B,跑跑太空熊弹珠乐园 | ⭐3.2主机游戏￥30/人 | B | 品 | 世博源主机游戏销量榜第2名 | ￥24.9￥210210枚弹珠|【限购一单】2.. | 惠,ocr/input_videos\上海__世博源__20260826.mp4
OBS-000200,世博源,厚贞日式烤肉,厚贞日式烤肉,日式烧烤/烤肉,4.8,156,L1,rated,True,,rated,parsed,rating_anchor,0.9853,0.9982,58,2280,39.037,🌟🌟🎉🌟🌟4.8 | 日式烧烤/烤肉￥156/人L1,厚贞日式烤肉 | 原创黑松露 | 横膈膜 | 🌟🌟🎉🌟🌟4.8 | 日式烧烤/烤肉￥156/人L1 | 点评榜单 | 世博园烤肉口味榜第1名 | ￥3698.9折 | ￥419厚贞爆款2人情侣套餐 | 惠,ocr/input_videos\上海__世博源__20260826.mp4
OBS-000201,世博源,跑跑太空熊弹珠乐园,跑跑太空熊弹珠乐园,主机游戏,3.2,30,,rated,True,,rated,parsed,rating_anchor,0.9765,0.9963,55,2316,39.653,🌟🌟🌟 | 主机游戏￥30/人 | 3.2 | ★★ | B,跑跑太空熊弹珠乐园 | 🌟🌟🌟 | 主机游戏￥30/人 | 3.2 | ★★ | B | o | B | 世博源主机游戏销量榜第2名 | 05意 | ￥24.9￥210210枚弹珠|【限购一单】2.. | 惠,ocr/input_videos\上海__世博源__20260826.mp4
OBS-000202,世博源,厚贞日式烤肉,厚贞日式烤肉,日式烧烤/烤肉,4.8,,L1,rated,True,,rated,parsed,rating_anchor,0.9661,0.9983,52,2316,39.653,🌈4.8 | 日式烧烤/烤肉￥156/L1,厚贞日式烤肉 | 045 | 原创黑松露 | 横膈膜 | 🌈4.8 | 日式烧烤/烤肉￥156/L1 | 点评榜单 | 世博园烤肉口味榜第1名 | ￥3698.9折 | ￥419厚贞爆款2人情侣套餐 | 惠,ocr/input_videos\上海__世博源__20260826.mp4
OBS-000203,世博源,大森の深夜食堂,大森の深夜食堂,日本料理,4.4,91,,rated,True,,rated,parsed,rating_anchor,0.9738,0.9984,52,2316,39.653,4.4日本料理￥91/人 | B,大森の深夜食堂 | 4.4日本料理￥91/人 | 畅 | B | 人 | 烧鸟盛宴，汁多味美，一定要试 | 大休息中 | ￥0.01 | 0.1折 | 惠 | ￥8 | 【打卡】冰淇淋球畅吃,ocr/input_videos\上海__世博源__20260826.mp4
OBS-000204,世博源,COSTA COFFEE,COSTACOFFEE,咖啡,4.2,27,商场内,rated,True,,rated,parsed,rating_anchor,0.9657,0.9769,45,2316,39.653,商场内 | ⭐🌟⭐⭐ | 4.2咖啡￥27/人 | 人,COSTA COFFEE | COSTA | SERVIE | 桂香满咖 | 2 | 3 | 商场内 | 匠暖于秋 | ⭐🌟⭐⭐ | 4.2咖啡￥27/人 | 人 | 点评榜单 | 世博源咖啡销量榜第1名 | ￥30 | ￥21.97.3折 | 【咖家经典】美式咖啡 | 惠,ocr/input_videos\上海__世博源__20260826.mp4
OBS-000205,世博源,弹珠集换社,弹珠集换社,弹珠店,4.0,78,,rated,True,,rated,parsed,rating_anchor,0.9562,0.9497,55,2316,39.653,🌟🌟🌟🌟 | 弹珠店￥78/人 | 4.0 | B,弹珠集换社 | 🌟🌟🌟🌟 | 弹珠店￥78/人 | 4.0 | B | 浦东新区弹珠店销量榜第1名 | “弹珠游戏超好玩，兑换区有趣温馨”,ocr/input_videos\上海__世博源__20260826.mp4
OBS-000206,世博源,厚贞日式烤肉,厚贞日式烤肉,日式烧烤/烤肉,,156,L1,unknown,True,,ocr_missing,parsed,metadata_anchor,0.9895,0.9983,52,2412,41.297,🌟🌟🎉🌟🌟 | 14.8 | 日式烧烤/烤肉￥156/人L1,厚贞日式烤肉 | 原创黑松露 | 横膈膜 | 🌟🌟🎉🌟🌟 | 14.8 | 日式烧烤/烤肉￥156/人L1 | 点评榜单 | 世博园烤肉口味榜第1名 | ￥3698.9折 | 惠 | ￥419厚贞爆款2人情侣套餐,ocr/input_videos\上海__世博源__20260826.mp4
OBS-000207,世博源,大森の深夜食堂,大森の深夜食堂,日本料理,4.4,91,,rated,True,,rated,parsed,rating_anchor,0.9834,0.9999,52,2412,41.297,🌟🌟🌟🎉 | 4.4日本料理￥91/人 | B | ★,大森の深夜食堂 | 畅饮 | 🌟🌟🌟🎉 | 4.4日本料理￥91/人 | B | ★ | 到 | O大 | 烧鸟盛宴，汁多味美，一定要试 | 大休息中 | ￥0.01 | 0.1折 | ￥8 | 惠 | 【打卡】冰淇淋球畅吃,ocr/input_videos\上海__世博源__20260826.mp4
OBS-000208,世博源,COSTA COFFEE,COSTACOFFEE,咖啡,4.2,27,商场内,rated,True,,rated,parsed,rating_anchor,0.9668,0.9833,50,2412,41.297,🌟🌟⭐⭐ | 4.2咖啡￥27/人 | 商场内,COSTA COFFEE | COSTA | 桂香满咖 | 2 | 匠暖于秋 | 🌟🌟⭐⭐ | 4.2咖啡￥27/人 | 商场内 | 公 | 点评榜单 | 世博源咖啡销量榜第1名 | ￥21.97.3折 | ￥30 | 惠 | 【咖家经典】美式咖啡,ocr/input_videos\上海__世博源__20260826.mp4
OBS-000209,世博源,弹珠集換社,弹珠集换社,弹珠店,4.0,78,,rated,True,,rated,parsed,rating_anchor,0.9483,0.9394,56,2412,41.297,🌟🌟🌟🌟 | 弹珠店￥78/人 | 4.0 | B | ★,弹珠集換社 | 弹珠集 | 🌟🌟🌟🌟 | 弹珠店￥78/人 | 4.0 | B | ★ | 浦东新区弹珠店销量榜第1名 | 弹珠游戏超好玩，兑换区有趣又温馨,ocr/input_videos\上海__世博源__20260826.mp4
OBS-000210,世博源,大森の深夜食堂,大森の深夜食堂,日本料理,4.4,91,,rated,True,,rated,parsed,rating_anchor,0.9815,0.9999,51,2460,42.119,⭐🌟🌟 | 4.4日本料理￥91/人 | B | ★,大森の深夜食堂 | 畅饮 | ⭐🌟🌟 | 4.4日本料理￥91/人 | B | ★ | 大 | 8 | “烧鸟盛宴，汁多味美，一定要试” | 大休息中 | ￥0.010.1折 | 惠 | ￥8 | 【打卡】冰淇淋球畅吃,ocr/input_videos\上海__世博源__20260826.mp4
OBS-000211,世博源,COSTA COFFEE,COSTACOFFEE,咖啡,4.2,27,商场内,rated,True,,rated,parsed,rating_anchor,0.9606,0.9831,47,2460,42.119,商场内 | 🌟🌟🌟🌟 | 咖啡￥27/人 | 4.2,COSTA COFFEE | COSTA | SSFPIE | 桂香满咖 | 商场内 | 🌟🌟🌟🌟 | 匠暖于秋 | 咖啡￥27/人 | 4.2 | 点评榜单 | 世博源咖啡销量榜第1名 | ￥21.97.3折 | ￥30 | 惠 | 【咖家经典】美式咖啡,ocr/input_videos\上海__世博源__20260826.mp4
OBS-000212,世博源,弹珠集換社,弹珠集换社,弹珠店,4.0,78,,rated,True,,rated,parsed,rating_anchor,0.9713,0.9668,55,2460,42.119,4.0弹珠店￥78/人 | 🌟🌟⭐ | B,弹珠集換社 | 4.0弹珠店￥78/人 | 🌟🌟⭐ | B | 浦东新区弹珠店销量榜第1名 | 弹珠游戏超好玩，兑换区有趣又温馨 | ¥50￥68350枚弹珠|额外赠送可爱玩偶... | 惠,ocr/input_videos\上海__世博源__20260826.mp4
OBS-000213,世博源,大馥·炭火烧肉酒场,大馥·炭火烧肉酒场,日式烧烤/烤肉,4.3,147,,rated,True,,rated,parsed,rating_anchor,0.9698,0.9834,56,2460,42.119,🌟🌟⭐⭐ | 4.3日式烧烤/烤肉￥147/人 | B,大馥·炭火烧肉酒场 | 🌟🌟⭐⭐ | 4.3日式烧烤/烤肉￥147/人 | B | 点评榜单 | 浦东新区烤肉打卡人气榜第6名 | 休息中 | 性价比高，两个人吃正合适 | ￥1685.6折 | ￥302工作日午市双人餐 | 惠 | ￥989.8折 | 惠 | ￥100100元代金券,ocr/input_videos\上海__世博源__20260826.mp4
OBS-000214,世博源,茗知道素食料理,茗知道素食料理,素食,4.4,108,L1,rated,True,,rated,parsed,rating_anchor,0.9858,0.9994,51,2460,42.119,🌟🌟🌟🌟 | 4.4素食￥108/人 | L1,茗知道素食料理 | M | 安 | 素食料理 | 🌟🌟🌟🌟 | 4.4素食￥108/人 | L1 | 点评榜单 | 浦东新区素食回头客榜第5名,ocr/input_videos\上海__世博源__20260826.mp4
OBS-000215,世博源,大馥·炭火烧肉酒场,大馥·炭火烧肉酒场,日,4.3,,,rated,True,,rated,parsed,rating_anchor,0.9562,0.9899,48,2520,43.146,🌟🌟🌟⭐ | 4.3日 | 日式烧烤/烤肉￥147/ | ★ | B,大馥·炭火烧肉酒场 | 2 | 🌟🌟🌟⭐ | 4.3日 | 日式烧烤/烤肉￥147/ | ★ | B | 点评榜单 | 浦东新区烤肉打卡人气榜第6名 | 休息中 | 性价比高，两个人吃正合适 | 5 | 惠 | ￥168 | ￥302工作日午市双人餐 | 5.6折 | ￥989.8折 | 惠 | ￥100100元代金券,ocr/input_videos\上海__世博源__20260826.mp4
OBS-000216,世博源,茗知道素食料理,茗知道素食料理,素食,4.4,108,L1,rated,True,,rated,parsed,rating_anchor,0.974,0.9994,54,2520,43.146,4.4素食￥108/人 | L1,茗知道素食料理 | ? | 泰食料理 | 4.4素食￥108/人 | L1 | 点评榜单 | 浦东新区素食回头客榜第5名 | 休息中 | “环境超级好，江边骑后的好去处” | ￥188 | 7.3折 | ￥260静享清欢·双人餐 | 惠,ocr/input_videos\上海__世博源__20260826.mp4
OBS-000217,世博源,STS神探社密室探案馆,STS神探社密室探案馆,密室/沉浸互..,4.2,,,rated,True,,rated,parsed,rating_anchor,0.9622,0.9979,51,2520,43.146,4.2密室/沉浸互..￥126/G | 🌟🌟🌟🌟🌟,STS神探社密室探案馆 | 掉探社密定透脱 | 这个暑假 | 4.2密室/沉浸互..￥126/G | 🌟🌟🌟🌟🌟 | (n) | () | 全国金英主题 | 蜜室 | 主题房间大，难度高但提示无限次 | 卡 | 惠￥1￥188密室【生日券】,ocr/input_videos\上海__世博源__20260826.mp4
OBS-000218,世博源,INLOVE KTV,INLOVEKTV,量,4.1,68,,rated,True,,rated,parsed,rating_anchor,0.8548,0.9534,44,2520,43.146,🌟⭐⭐4.1量 | G | 量贩式KTV￥68/人,INLOVE KTV | INLOVE | 🌟⭐⭐4.1量 | G | 量贩式KTV￥68/人 | PARTYKTV | 世博源KTV销量榜第1名 | 唱歌喝酒玩骰子，服务热情质好”,ocr/input_videos\上海__世博源__20260826.mp4
OBS-000219,世博源,大馥·炭火烧肉酒场,大馥·炭火烧肉酒场,B,4.3,,,rated,True,,rated,parsed,rating_anchor,0.9928,0.9913,51,2544,43.557,🌟🌟🌟⭐🌟 | 4.3 | 日式烧烤/烤肉￥147/ | B,大馥·炭火烧肉酒场 | 🌟🌟🌟⭐🌟 | 4.3 | 日式烧烤/烤肉￥147/ | B | 点评榜单 | 浦东新区烤肉打卡人气榜第6名 | 休息中 | 性价比，两个人吃正合适 | C | D | ￥1685.6折 | 惠 | ￥302工作日午市双人餐 | ￥989.8折 | 惠 | ￥100100元代金券,ocr/input_videos\上海__世博源__20260826.mp4
OBS-000220,世博源,茗知道素食料理,茗知道素食料理,素食,4.4,108,L1,rated,True,,rated,parsed,rating_anchor,0.987,0.9995,51,2544,43.557,4.4素食￥108/人 | 🌟🌟🌟🎉 | L1,茗知道素食料理 | YSEVAS | 染 | 素食料理 | 4.4素食￥108/人 | 🌟🌟🌟🎉 | L1 | 点评榜单 | 浦东新区素食回头客榜第5名 | 休息中 | 环境超级好，江边骑行后的好去处” | “ | ￥260静享清欢·双人餐 | ￥188 | 7.3折 | 惠,ocr/input_videos\上海__世博源__20260826.mp4
OBS-000221,世博源,STS神探社密室探案馆,STS神探社密室探案馆,密室/沉浸互,4.2,126,,rated,True,,rated,parsed,rating_anchor,0.9829,0.9979,54,2544,43.557,4.2密室/沉浸互 | ￥126/人G,STS神探社密室探案馆 | 神原社密室速 | 这个暑假 | 4.2密室/沉浸互 | ￥126/人G | () | (md) | 全国金奖主题 | 密室 | 主题房间大，难度高但提示无限次 | 行卡 | 惠￥1￥188密室【生日券】,ocr/input_videos\上海__世博源__20260826.mp4
OBS-000222,世博源,INLOVE KTV,INLOVEKTV,量贩式KTV,4.1,68,,rated,True,,rated,parsed,rating_anchor,0.9679,0.9849,45,2544,43.557,🌟🌟🌟⭐ | 4.1 | G | 量贩式KTV￥68/人,INLOVE KTV | INLOVE | 🌟🌟🌟⭐ | 4.1 | G | 量贩式KTV￥68/人 | PARTYKTV | 世博源KTV销量榜第1名 | 唱歌喝酒玩骰子，服务热情音质好 | ￥198￥396 | 【好饮吃】百威红瓶... | 惠,ocr/input_videos\上海__世博源__20260826.mp4
OBS-000223,世博源,平成屋·午肴夜酒,平成屋·午肴夜酒,日式料理,4.1,75,,rated,True,,rated,parsed,rating_anchor,0.9758,0.9792,51,2544,43.557,🌟🌟🌟🌟 | 4.1日式料理￥75/人 | B,平成屋·午肴夜酒 | 精琴安 | 海千 | 🌟🌟🌟🌟 | 4.1日式料理￥75/人 | B | 与证镜鱼 | 让书酒六 | [Tb转文签,ocr/input_videos\上海__世博源__20260826.mp4
OBS-000224,世博源,大馥·炭火烧肉酒场,大馥·炭火烧肉酒场,日式烧烤/烤肉,4.3,147,,rated,True,,rated,parsed,rating_anchor,0.9757,0.9916,51,2580,44.173,🌟🌟🌟🌟 | 4.3 | 日式烧烤/烤肉￥147/人 | B,大馥·炭火烧肉酒场 | 租 | 🌟🌟🌟🌟 | 4.3 | 日式烧烤/烤肉￥147/人 | B | 点评榜单 | 浦东新区烤肉打卡人气榜第6名 | 休息中 | 性价比高，两个人吃正合适 | ￥168 | ￥302工作日午市双人餐 | 惠 | 5.6折 | ￥989.8折 | 惠 | ￥100100元代金券,ocr/input_videos\上海__世博源__20260826.mp4
OBS-000225,世博源,茗知道素食料理,茗知道素食料理,素食,4.4,108,L1,rated,True,,rated,parsed,rating_anchor,0.9843,0.9995,54,2580,44.173,🌟🌟⭐⭐ | L1 | 4.4素食￥108/人,茗知道素食料理 | 素食料理 | 折 | 🌟🌟⭐⭐ | L1 | 4.4素食￥108/人 | 点评榜单 | 浦东新区素食回头客榜第5名 | 休息中 | “环境超级好，江边骑行后的好去处” | ￥1887.3折 | 静享清欢·双人餐 | ￥260 | 惠,ocr/input_videos\上海__世博源__20260826.mp4
OBS-000226,世博源,STS神探社密室探案馆,STS神探社密室探案馆,密室/沉浸互..,4.2,126,,rated,True,,rated,parsed,rating_anchor,0.96,0.9987,54,2580,44.173,🌟🌟🌟🌟⭐ | 密室/沉浸互..￥126/人G | 4.2,STS神探社密室探案馆 | 2 | 这个暑假 | 🌟🌟🌟🌟⭐ | 密室/沉浸互..￥126/人G | 4.2 | () | (n) | 全国金奖主题 | 密室 | 主题房间大，难度高但提示无限次 | “ | 卡 | 惠￥1￥188密室【生日券】,ocr/input_videos\上海__世博源__20260826.mp4
OBS-000227,世博源,INLOVE KTV,INLOVEKTV,量贩式KTV,4.1,68,,rated,True,,rated,parsed,rating_anchor,0.9738,0.987,44,2580,44.173,⭐🌟⭐⭐ | 量贩式KTV￥68/人 | G | 4.1 | ★,INLOVE KTV | INLOVE | ⭐🌟⭐⭐ | 量贩式KTV￥68/人 | G | 4.1 | ★ | PARTYKTV | 世博源KTV销量榜第1名 | 唱歌喝酒玩骰子，服务热情音质好” | ￥198￥396 | 【好饮小吃】百威小红瓶.. | 惠,ocr/input_videos\上海__世博源__20260826.mp4
OBS-000228,世博源,平成屋·午肴夜酒,平成屋·午肴夜酒,日式料理,4.1,75,,rated,True,,rated,parsed,rating_anchor,0.9687,0.9877,52,2580,44.173,🌟🌟⭐⭐ | 日式料理￥75/人 | B | 4.1 | ★,平成屋·午肴夜酒 | 海平 | 🌟🌟⭐⭐ | 日式料理￥75/人 | B | 4.1 | ★ | 点评焙单 | 世博源美食打卡人气榜第2名,ocr/input_videos\上海__世博源__20260826.mp4
OBS-000229,世博源,STS神探社密室探案馆,STS神探社密室探案馆,密室/沉浸互..,4.2,126,,rated,True,,rated,parsed,rating_anchor,0.9331,0.9986,48,2628,44.995,🌟🌟🎉🌟 | ￥126/人G | 密室/沉浸互.. | 4.2 | ★,钟探社密室脱 | STS神探社密室探案馆 | () | 这个暑假 | 🌟🌟🎉🌟 | ￥126/人G | 密室/沉浸互.. | 4.2 | ★ | () | (m) | 全国金类主题 | 密室 | 主题房间大，难度高但提示无限次 | 打卡 | ￥1￥188密室【生日券】 | 惠,ocr/input_videos\上海__世博源__20260826.mp4
OBS-000230,世博源,INLOVE KTV,INLOVEKTV,量贩式KTV,4.1,68,,rated,True,,rated,parsed,rating_anchor,0.9639,0.9681,43,2628,44.995,🌟🌟⭐🌈 | 量贩式KTV￥68/人 | G | 4.1,INLOVE KTV | INLOVE | 🌟🌟⭐🌈 | 量贩式KTV￥68/人 | G | 4.1 | PARTYKTV | 世博源KTV销量榜第1名 | 唱歌喝酒玩骰子，服务热情音质好” | C | ￥198￥396 | 惠 | 【好饮吃】百威小红瓶..,ocr/input_videos\上海__世博源__20260826.mp4
OBS-000231,世博源,平成屋·午肴夜酒,平成屋·午肴夜酒,日式料理,4.1,75,,rated,True,,rated,parsed,rating_anchor,0.9773,0.9824,51,2628,44.995,★★★★ | 4.1日式料理￥75/人 | B,平成屋·午肴夜酒 | 海千南 | ★★★★ | 4.1日式料理￥75/人 | B | 点评榜单 | 世博源美食打卡人气榜第2名 | 店的味道人的味道科理的味道,ocr/input_videos\上海__世博源__20260826.mp4
OBS-000232,世博源,朱光玉火锅馆,朱光玉火锅馆,重庆火锅,4.2,117,,rated,True,,rated,parsed,rating_anchor,0.9621,0.9993,52,2628,44.995,🌟🌟⭐⭐ | G | 重庆火锅￥117/人 | 4.2 | 2,朱光玉火锅馆 | 🌟🌟⭐⭐ | G | 重庆火锅￥117/人 | 4.2 | 2 | 未来可期> | 3EA79 | 点评榜单 | 世博园重庆火锅热门榜第1名 | UATIO | 沙葱特色菜品，新鲜美味 | ￥5.83.7折 | ￥16水牛奶姜撞茶/野酸角... | 惠 | ￥489.6折 | 惠 | ￥5050元代金券,ocr/input_videos\上海__世博源__20260826.mp4
OBS-000233,世博源,小屋电玩ps5·switch主机游戏馆,小屋电玩ps5·switch主机游戏馆,主机游戏,,78,,unknown,True,,ocr_missing,parsed,metadata_anchor,0.9464,0.958,53,2628,44.995,G | ★★★★★ | 主机游戏￥78/人 | 14.9,小屋电玩ps5·switch主机游戏馆 | 小屋电玩 | G | ★★★★★ | 主机游戏￥78/人 | 14.9 | 点评榜单 | 浦东新区游戏厅好评榜第1名 | 世博源 | 机器新游戏全，环境干净整洁 | 3,ocr/input_videos\上海__世博源__20260826.mp4
OBS-000234,世博源,INLOVEKTV,INLOVEKTV,量贩式KTV,4.1,68,,rated,True,,rated,parsed,rating_anchor,0.9765,0.996,41,2664,45.611,★★★★ | 4.1 | 量贩式KTV￥68/人 | G,INLOVEKTV | INLOVE | ★★★★ | 4.1 | 量贩式KTV￥68/人 | G | PARTYKTY | 世博源KTV销量榜第1名 | 唱歌喝酒玩骰子，服务热情音质好“ | ￥198￥396 | 惠 | 【好饮小吃】百威小红瓶...,ocr/input_videos\上海__世博源__20260826.mp4
OBS-000235,世博源,平成屋·午肴夜酒,平成屋·午肴夜酒,日式料理,4.1,75,,rated,True,,rated,parsed,rating_anchor,0.9713,0.976,51,2664,45.611,🌟🌟⭐⭐ | 4.1日式料理￥75/人 | B | ★,平成屋·午肴夜酒 | 8元 | 特风图 | 海千西 | 🌟🌟⭐⭐ | 4.1日式料理￥75/人 | B | ★ | 点评镑单 | 世博源美食打卡人气榜第2名 | 中的味道人的味道科理的味道,ocr/input_videos\上海__世博源__20260826.mp4
OBS-000236,世博源,朱光玉火锅馆,朱光玉火锅馆,重庆火锅,4.2,117,,rated,True,,rated,parsed,rating_anchor,0.9748,0.9997,51,2664,45.611,🌟🌟⭐⭐ | G | 4.2 | 重庆火锅￥117/人,朱光玉火锅馆 | 生 | 🌟🌟⭐⭐ | G | 4.2 | 重庆火锅￥117/人 | 末来可期 | 点评榜单 | VIUN | 世博园重庆火锅热门榜第1名 | 沙葱特色菜品，新鲜美味 | ￥5.83.7折 | ￥16水牛奶姜撞茶/野酸角.. | 惠 | ￥489.6折 | 惠 | ￥5050元代金券,ocr/input_videos\上海__世博源__20260826.mp4
OBS-000237,世博源,小屋电玩ps5·switch主机游戏馆,小屋电玩ps5·switch主机游戏馆,主机游戏,4.9,78,,rated,True,,rated,parsed,rating_anchor,0.979,0.9882,54,2664,45.611,🌟🌟🎉🎉🌟 | 主机游戏￥78/人 | G | 4.9,小屋电玩ps5·switch主机游戏馆 | 小屋电玩 | 🌟🌟🎉🎉🌟 | 主机游戏￥78/人 | G | 4.9 | 00 | 点评榜单 | 浦东新区游戏厅好评榜第1名 | 世博源 | 机器新游戏全，环境干净整洁 | 【2人中包2小时】p... | ￥1705.7折 | ￥300 | 惠,ocr/input_videos\上海__世博源__20260826.mp4
OBS-000238,世博源,Rusher Site运动空间·蹦床攀岩·.,RusherSite运动空间·蹦床攀岩·.,儿童乐园,4.6,139,L2,rated,True,,rated,parsed,rating_anchor,0.9621,0.9281,50,2664,45.611,🌟🌟🌟🌟🌟 | L2 | 4.6儿童乐园 | ￥139/人,Rusher Site运动空间·蹦床攀岩·. | 🌟🌟🌟🌟🌟 | L2 | 4.6儿童乐园 | ￥139/人 | R96 | 浦东新区儿童乐园销量榜第5名 | 性价比高“ | 蹦蹦床滑梯超好玩 | ≤,ocr/input_videos\上海__世博源__20260826.mp4
OBS-000239,世博源,小屋电玩ps5·switch主机游戏馆,小屋电玩ps5·switch主机游戏馆,主机游戏,4.9,78,,rated,True,,rated,parsed,rating_anchor,0.9743,0.9876,54,2808,48.077,G | 🌟🎉⭐⭐4.9 | 主机游戏￥78/人,小屋电玩ps5·switch主机游戏馆 | 小屋电玩 | G | 🌟🎉⭐⭐4.9 | 主机游戏￥78/人 | 点评榜单 | 浦东新区游戏厅好评榜第1名 | 世博源 | 机器新游戏全，环境干净整洁 | 2 | ￥1705.7折 | ￥300 | 【2中包2时】p… | 惠,ocr/input_videos\上海__世博源__20260826.mp4
OBS-000240,世博源,Rusher Site运动空间·蹦床攀岩·….,RusherSite运动空间·蹦床攀岩,儿童乐园,4.6,139,L2,rated,True,,rated,parsed,rating_anchor,0.9045,0.9182,56,2808,48.077,L2 | 4.6儿童乐园￥139/人,Rusher Site运动空间·蹦床攀岩·…. | L2 | 4.6儿童乐园￥139/人 | R9a | 浦东新区儿童乐园销量榜第5名 | 蹦蹦床滑梯超好玩，性价比高 | 力 | ￥10￥15防滑袜 | 惠,ocr/input_videos\上海__世博源__20260826.mp4
OBS-000241,世博源,德天雪花肥牛海鲜火锅,德天雪花肥牛海鲜火锅,海鲜火锅,4.8,143,,rated,True,,rated,parsed,rating_anchor,0.9801,0.9993,48,2808,48.077,LM | 4.8海鲜火锅￥143/人,德天雪花肥牛海鲜火锅 | 德天 | LM | 4.8海鲜火锅￥143/人 | 雪花肥牛园火锅 | 点评榜单 | CAOV BTIY ETNPSCO HOENCT | 浦东新区海鲜火锅销量榜第1名 | 全国直营70+ | ￥124折 | ￥30蒜香烤生蚝2只 | 惠 | ￥85 | 8.5折 | ￥100 | 【帮你省薪】100元. | 惠,ocr/input_videos\上海__世博源__20260826.mp4
OBS-000242,世博源,小輝哥火鍋,小辉哥火锅,小火锅,3.9,123,L2,rated,True,,rated,parsed,rating_anchor,0.9522,0.9701,53,2808,48.077,3.9小火锅￥123/人 | L2,小輝哥火鍋 | GBSOP | 3.9小火锅￥123/人 | L2 | 点评榜单 | 浦东新区小火锅热门榜第7名 | 正宗港味 | ￥594.3折 | ￥138午市单人随心餐 | 惠 | ￥929.2折 | ￥100100元代金券 | 惠,ocr/input_videos\上海__世博源__20260826.mp4
OBS-000243,世博源,小屋电玩ps5·switch主机游戏馆,小屋电玩ps5·switch主机游戏馆,主机游戏,4.9,78,,rated,True,,rated,parsed,rating_anchor,0.9743,0.9888,55,2880,49.309,⭐🌟🌟🌟🎉 | 主机游戏￥78/人 | G | 4.9,小屋电玩ps5·switch主机游戏馆 | 小屋电玩 | ⭐🌟🌟🌟🎉 | 主机游戏￥78/人 | G | 4.9 | oo | 浦东新区游戏厅好评榜第1名 | 点评榜单 | 世博源 | 机器新游戏全，环境干净整洁 | 【2人中包2小时】p… | ￥1705.7折 | ￥300 | 惠,ocr/input_videos\上海__世博源__20260826.mp4
OBS-000244,世博源,Rusher Site运动空间·蹦床攀岩·…..,RusherSite运动空间·蹦床攀岩,儿童乐园,4.6,139,L2,rated,True,,rated,parsed,rating_anchor,0.9402,0.9203,62,2880,49.309,4.6儿童乐园￥139/人 | L2,Rusher Site运动空间·蹦床攀岩·….. | 4.6儿童乐园￥139/人 | L2 | W9651 | 浦东新区儿童乐园销量榜第5名 | 蹦蹦床滑梯超好玩，性价比高 | C | 惠 | ￥10￥15防滑袜,ocr/input_videos\上海__世博源__20260826.mp4
OBS-000245,世博源,德天雪花肥牛海鲜火锅,德天雪花肥牛海鲜火锅,海鲜火锅,4.8,143,,rated,True,,rated,parsed,rating_anchor,0.9782,0.9941,54,2880,49.309,LM | 4.8海鲜火锅￥143/人,德天雪花肥牛海鲜火锅 | 德天 | LM | 4.8海鲜火锅￥143/人 | 香花肥牛园火锅 | 点评榜单 | 浦东新区海鲜火锅销量榜第1名 | 全国直营70+ | ￥12 | 4折 | 惠 | ￥30 | 蒜香烤生蚝2只 | ￥85 | 惠 | ￥100 | 【帮你省薪】100元.. | 8.5折,ocr/input_videos\上海__世博源__20260826.mp4
OBS-000246,世博源,小輝哥火鍋,小辉哥火锅,小火锅,3.9,123,L2,rated,True,,rated,parsed,rating_anchor,0.982,0.9996,55,2880,49.309,L2 | ★🌟🌟🌟🌟 | 小火锅￥123/人 | 3.9,小輝哥火鍋 | GNEOD | L2 | ★🌟🌟🌟🌟 | 小火锅￥123/人 | 3.9 | 点评榜单 | 浦东新区小火锅热门榜第7名 | 正宗港味 | ￥594.3折 | 惠 | ￥138 | 午市单人随心餐 | ￥92 | 惠 | 9.2折 | ￥100100元代金券,ocr/input_videos\上海__世博源__20260826.mp4
OBS-000247,世博源,Acc HairSalon烫发染发,AccHairSalon烫发染发,美发,4.6,121,,rated,True,,rated,parsed,rating_anchor,0.9714,0.9767,48,2880,49.309,🌟🌟🌟🌟🌟 | 4.6美发￥121/人 | G,8 | Acc HairSalon烫发染发 | 🌟🌟🌟🌟🌟 | 4.6美发￥121/人 | G,ocr/input_videos\上海__世博源__20260826.mp4
OBS-000248,世博源,Rusher Site运动空间·蹦床攀岩·,RusherSite运动空间·蹦床攀岩,儿童乐园,4.6,139,L2,rated,True,,rated,parsed,rating_anchor,0.9365,0.9681,62,2928,50.131,⭐4.6儿童乐园￥139/人 | L2,Rusher Site运动空间·蹦床攀岩· | ⭐4.6儿童乐园￥139/人 | L2 | Ra | 浦东新区儿童乐园销量榜第5名 | 蹦蹦床滑梯超好玩，性价比高” | 惠 | ￥10￥15防滑袜,ocr/input_videos\上海__世博源__20260826.mp4
OBS-000249,世博源,德天雪花肥牛海鲜火锅,德天雪花肥牛海鲜火锅,海鲜火锅,4.8,143,,rated,True,,rated,parsed,rating_anchor,0.9726,0.9957,55,2928,50.131,4.8海鲜火锅￥143/人 | LM,德天雪花肥牛海鲜火锅 | 天 | 4.8海鲜火锅￥143/人 | LM | 雪花肥牛围火锅 | 点评榜单 | EOY ETE ETCO HCPN | 浦东新区海鲜火锅销量榜第1名 | 全国直营70+ | ￥12 | 4折 | ￥30蒜香烤生蚝2只 | 惠 | ￥85 | 8.5折 | 【帮你省薪】100元.. | 惠 | ￥100,ocr/input_videos\上海__世博源__20260826.mp4
OBS-000250,世博源,小輝哥火鍋,小辉哥火锅,小火锅,3.9,123,L2,rated,True,,rated,parsed,rating_anchor,0.9793,0.999,58,2928,50.131,🌟🌟🌟🌟🌟 | L2 | 3.9 | 小火锅￥123/人,小輝哥火鍋 | GBIEOP | 🌟🌟🌟🌟🌟 | L2 | 3.9 | 小火锅￥123/人 | 点评榜单 | 浦东新区小火锅热门榜第7名 | 正宗港味 | ￥594.3折 | ￥138 | 惠 | 午市单人随心餐 | ￥92 | 惠 | 29.2折 | ￥100100元代金券,ocr/input_videos\上海__世博源__20260826.mp4
OBS-000251,世博源,Acc Hair Salon烫发染发,AccHairSalon烫发染发,美发,4.6,121,,rated,True,,rated,parsed,rating_anchor,0.9526,0.9555,50,2928,50.131,4.6美发￥121/人 | G,Acc Hair Salon烫发染发 | eC | 4.6美发￥121/人 | G | 世博园美发销量榜第2名 | Acc Hair Salon | 染发烫发效果好，发型师技术高超 | C | ￥197 | ￥99 | 7.8折 | 【新客直降39】首席... | 惠,ocr/input_videos\上海__世博源__20260826.mp4
OBS-000252,世博源,Rusher Site运动空间·蹦床攀岩·,RusherSite运动空间·蹦床攀岩,儿童乐园,4.6,139,L2,rated,True,,rated,parsed,rating_anchor,0.937,0.9628,57,2952,50.542,⭐4.6儿童乐园￥139/人 | L2,Rusher Site运动空间·蹦床攀岩· | ⭐4.6儿童乐园￥139/人 | L2 | Ra | 浦东新区儿童乐园销量榜第5名 | 蹦蹦床滑梯超好玩，性价比高” | ￥10￥15防滑袜 | 惠,ocr/input_videos\上海__世博源__20260826.mp4
OBS-000253,世博源,德天雪花肥牛海鲜火锅,德天雪花肥牛海鲜火锅,海鲜火锅,4.8,143,,rated,True,,rated,parsed,rating_anchor,0.9696,0.9943,56,2952,50.542,4.8海鲜火锅￥143/人 | LM,德天雪花肥牛海鲜火锅 | 德天 | 4.8海鲜火锅￥143/人 | LM | 雪花肥牛围火锅 | 点评榜单 | EOY ETE ETCO HCPN | 浦东新区海鲜火锅销量榜第1名 | 全国直营70+ | ￥12 | 4折 | 惠 | ￥30 | 蒜香烤生蚝2只 | ￥85 | 惠 | ￥100 | 8.5折 | 【帮你省薪】100元..,ocr/input_videos\上海__世博源__20260826.mp4
OBS-000254,世博源,小輝哥火鍋,小辉哥火锅,小火锅,3.9,123,L2,rated,True,,rated,parsed,rating_anchor,0.9793,0.999,58,2952,50.542,🌟🌟🌟🌟🌟 | L2 | 3.9 | 小火锅￥123/人,小輝哥火鍋 | GBIFOP | 🌟🌟🌟🌟🌟 | L2 | 3.9 | 小火锅￥123/人 | 点评榜单 | 浦东新区小火锅热门榜第7名 | 正宗港味 | ￥59 | 4.3折 | ￥138 | 惠 | 午市单人随心餐 | ￥92 | 惠 | 9.2折 | ￥100100元代金券,ocr/input_videos\上海__世博源__20260826.mp4
OBS-000255,世博源,Acc Hair Salon烫发染发,AccHairSalon烫发染发,美发,4.6,121,,rated,True,,rated,parsed,rating_anchor,0.9491,0.9482,50,2952,50.542,4.6美发￥121/人 | G,Acc Hair Salon烫发染发 | eC | 4.6美发￥121/人 | G | 世博园美发销量榜第2名 | Acc Hair Salon | 染发烫发效果好，发型师技术高超 | C | ￥197 | ￥99 | 7.8折 | 【新客直降39】首席... | 惠,ocr/input_videos\上海__世博源__20260826.mp4
OBS-000256,世博源,Rusher Site运动空间·蹦床攀岩·,RusherSite运动空间·蹦床攀岩,儿童乐园,4.6,139,L2,rated,True,,rated,parsed,rating_anchor,0.9576,0.947,54,2988,51.159,L2 | 4.6儿童乐园￥139/人,Rusher Site运动空间·蹦床攀岩· | L2 | 4.6儿童乐园￥139/人 | P561 | 浦东新区儿童乐园销量榜第5名 | 蹦蹦床滑梯超好玩，性价比高 | 3 | ￥10￥15防滑袜 | 惠,ocr/input_videos\上海__世博源__20260826.mp4
OBS-000257,世博源,德天雪花肥牛海鲜火锅,德天雪花肥牛海鲜火锅,海鲜火锅,4.8,143,,rated,True,,rated,parsed,rating_anchor,0.9679,0.9917,50,2988,51.159,4.8海鲜火锅￥143/人 | LM,德天雪花肥牛海鲜火锅 | 德天 | 4.8海鲜火锅￥143/人 | LM | 雪花肥牛园火锅 | 点评榜单 | 浦东新区海鲜火锅销量榜第1名 | 全国直营70+ | ￥124折 | ￥30蒜香烤生蚝2只 | 惠 | ￥85 | ￥100 | 惠 | 8.5折 | 【帮你省薪】100元..,ocr/input_videos\上海__世博源__20260826.mp4
OBS-000258,世博源,小輝哥火鍋,小辉哥火锅,小火锅,3.9,123,L2,rated,True,,rated,parsed,rating_anchor,0.9856,0.9983,52,2988,51.159,L2 | ★★★★★ | 3.9小火锅￥123/人,小輝哥火鍋 | GHIEOD | L2 | ★★★★★ | 3.9小火锅￥123/人 | 点评榜单 | 浦东新区小火锅热门榜第7名 | 正宗港味 | ￥594.3折 | ￥138 | 惠 | 午市单人随心餐 | ￥929.2折 | ￥100100元代金券 | 惠,ocr/input_videos\上海__世博源__20260826.mp4
OBS-000259,世博源,AccHairSalon烫发染发,AccHairSalon烫发染发,美发,4.6,121,,rated,True,,rated,parsed,rating_anchor,0.9764,0.9987,47,2988,51.159,🌟🌟🌟4.6 | G | 美发￥121/人,AccHairSalon烫发染发 | eC | 🌟🌟🌟4.6 | G | 美发￥121/人 | 世博园美发销量榜第2名 | “染发烫发效果好，发型师技术高超” | Acc Hair Salon | ￥997.8折 | ￥197 | 【新客直降39】首席.. | 惠,ocr/input_videos\上海__世博源__20260826.mp4
OBS-000260,世博源,嗨贝卡丁车,嗨贝卡丁车,儿童乐园,4.8,79,L2,rated,True,,rated,parsed,rating_anchor,0.9799,0.9995,55,2988,51.159,L2 | 4.8儿童乐园￥79/人,嗨贝卡丁车 | L2 | 4.8儿童乐园￥79/人,ocr/input_videos\上海__世博源__20260826.mp4
OBS-000261,世博源,小輝哥火鍋,小辉哥火锅,小火锅,3.9,123,L2,rated,True,,rated,parsed,rating_anchor,0.9721,0.9961,55,3036,51.98,L2 | 🌟🌟🎉🌟🌟 | 小火锅￥123/人 | 3.9,小輝哥火鍋 | GBIO | L2 | 🌟🌟🎉🌟🌟 | 小火锅￥123/人 | 3.9 | 点评榜单 | 浦东新区小火锅热门榜第7名 | 正宗港味 | ￥594.3折 | ￥138 | 惠 | 午市单人随心餐 | ￥929.2折 | ￥100100元代金券 | 惠,ocr/input_videos\上海__世博源__20260826.mp4
OBS-000262,世博源,AccHairSalon烫发染发,AccHairSalon烫发染发,美发,4.6,121,,rated,True,,rated,parsed,rating_anchor,0.9701,0.9919,51,3036,51.98,⭐🌟🎉⭐🌟 | G | 4.6美发￥121/人,AccHairSalon烫发染发 | e | ⭐🌟🎉⭐🌟 | G | 4.6美发￥121/人 | 世博园美发销量榜第2名 | Acc Hair Salon | 染发烫发效果好，发型师技术高超 | ￥997.8折 | ￥197 | 【新客直降39】席... | 惠,ocr/input_videos\上海__世博源__20260826.mp4
OBS-000263,世博源,嗨贝卡丁车,嗨贝卡丁车,儿童乐园,4.8,79,L2,rated,True,,rated,parsed,rating_anchor,0.9714,0.9993,56,3036,51.98,4.8儿童乐园￥79/人 | L2,嗨贝卡丁车 | 4.8儿童乐园￥79/人 | L2 | 开卡丁车蹦床，遛娃好去处” | 《 | ￥56￥60 | 惠 | 【卡丁车】儿童票·周末节假..,ocr/input_videos\上海__世博源__20260826.mp4
OBS-000264,世博源,匠心·TAKUMI KOKORO,匠心·TAKUMIKOKORO,日式自助,4.4,296,,rated,True,,rated,parsed,rating_anchor,0.9561,0.9396,51,3036,51.98,🌟🌟🌟🌟 | 4.4日式自助￥296/人 | ￥ | G,匠心·TAKUMI KOKORO | 医心 | TANUNIMONOIO | 🌟🌟🌟🌟 | 4.4日式自助￥296/人 | ￥ | G | 畅享全球食材 | 点评榜单 | 世博源美食热门榜第9名 | 休息中 | 自助餐菜品丰富，鳌虾鲜美” | “ | ￥398 | ￥469单人甄选自助放题 | 8.5折 | 惠 | ￥959.5折 | ￥100100元代金券 | 惠,ocr/input_videos\上海__世博源__20260826.mp4
OBS-000265,世博源,小輝哥火鍋,小辉哥火锅,小火锅,3.9,123,L2,rated,True,,rated,parsed,rating_anchor,0.9784,0.9991,56,3060,52.391,🌟🌟🌟🌟🌟 | L2 | 3.9 | 小火锅￥123/人,小輝哥火鍋 | GHBIEOP | 🌟🌟🌟🌟🌟 | L2 | 3.9 | 小火锅￥123/人 | 点评榜单 | 浦东新区小火锅热门榜第7名 | 正宗港味 | ￥594.3折 | ￥138 | 惠 | 午市单人随心餐 | ￥929.2折 | ￥100100元代金券 | 惠,ocr/input_videos\上海__世博源__20260826.mp4
OBS-000266,世博源,Acc Hair Salon烫发染发,AccHairSalon烫发染发,美发,4.6,121,,rated,True,,rated,parsed,rating_anchor,0.935,0.9236,51,3060,52.391,4.6美发￥121/人 | G,Acc Hair Salon烫发染发 | e | 4.6美发￥121/人 | G | 世博园美发销量榜第2名 | Acc Hair Salon | 染发烫发效果好，发型师技术高超” | ￥997.8折 | ￥197 | 惠 | 【新客直降39】首席..,ocr/input_videos\上海__世博源__20260826.mp4
OBS-000267,世博源,嗨贝卡丁车,嗨贝卡丁车,儿童乐园,4.8,79,L2,rated,True,,rated,parsed,rating_anchor,0.9675,0.9995,56,3060,52.391,4.8儿童乐园￥79/人 | L2,嗨贝卡丁车 | 4.8儿童乐园￥79/人 | L2 | 开卡丁车蹦床，遛娃好去处” | 《 | ￥56￥60 | 惠 | 【卡丁车】儿童票·周末节假...,ocr/input_videos\上海__世博源__20260826.mp4
OBS-000268,世博源,匠心·TAKUMI KOKORO,匠心·TAKUMIKOKORO,日式自助,4.4,296,,rated,True,,rated,parsed,rating_anchor,0.9586,0.956,54,3060,52.391,4.4日式自助￥296/人 | G,匠心·TAKUMI KOKORO | 心 | TANUYIMONOIO | 4.4日式自助￥296/人 | G | 畅享全球食材 | 点评榜单 | 世博源美食热门榜第9名 | 休息中 | 自助餐菜品丰富，鳌虾鲜美 | 93 | ￥3988.5折 | 惠 | ￥469单人甄选自助放题 | ￥959.5折 | 惠 | ￥100100元代金券,ocr/input_videos\上海__世博源__20260826.mp4
OBS-000269,世博源,嗨贝卡丁车,嗨贝卡丁车,儿童乐园,4.8,79,L2,rated,True,,rated,parsed,rating_anchor,0.9783,0.9989,55,3132,53.624,L2 | 4.8儿童乐园￥79/人,嗨贝卡丁车 | L2 | 4.8儿童乐园￥79/人 | 开卡丁车蹦床，遛娃好去处” | ￥56￥60 | 惠 | 【卡丁车】儿童票·周末节假..,ocr/input_videos\上海__世博源__20260826.mp4
OBS-000270,世博源,匠心·TAKUMIKOKORO,匠心·TAKUMIKOKORO,日式自助,4.4,296,,rated,True,,rated,parsed,rating_anchor,0.9579,0.9551,50,3132,53.624,🌟🌟🌟🌟🌟 | 4.4日式自助￥296/人 | G,匠心·TAKUMIKOKORO | 医~ | TANUNEAONOSO | 🌟🌟🌟🌟🌟 | 4.4日式自助￥296/人 | 全球 | G | 畅享 | 食材 | 点评榜单 | 世博源美食热门榜第9名 | 休息中 | 自助餐菜品丰富，鳌虾鲜美 | KC | ￥3988.5折 | ￥469单人甄选自助放题 | 惠 | ￥959.5折 | ￥100100元代金券 | 惠,ocr/input_videos\上海__世博源__20260826.mp4
OBS-000271,世博源,湊湊火锅·茶憩,凑凑火锅·茶憩,火锅,3.8,141,,rated,True,,rated,parsed,rating_anchor,0.9315,0.9201,51,3132,53.624,3.8火锅￥141/人 | G,湊湊火锅·茶憩 | 澳溪 | 午市轻享 | 一4 | 3.8火锅￥141/人 | G | 盛宴 | 点评榜单 | 上南地区火锅热门榜第3名 | naa48 | 鲜嫩入味的招牌菜让你爱不释口 | 5 | ￥1509.5折 | ￥158 | 惠 | 【全时段】158安格..,ocr/input_videos\上海__世博源__20260826.mp4
OBS-000272,世博源,维沙阿玛尼SALON,维沙阿玛尼SALON,美发,4.3,387,L1,rated,True,,rated,parsed,rating_anchor,0.9558,0.9978,48,3132,53.624,★4.3美发￥387/人 | L1,维沙阿玛尼SALON | ★4.3美发￥387/人 | L1 | 上南地区洗吹销量榜第1名 | 环境舒适，发型师造型出色 | 2,ocr/input_videos\上海__世博源__20260826.mp4
OBS-000273,世博源,嗨贝卡丁车,嗨贝卡丁车,儿童乐园,4.8,79,L2,rated,True,,rated,parsed,rating_anchor,0.9725,0.9994,52,3144,53.829,L2 | 4.8儿童乐园￥79/人,嗨贝卡丁车 | L2 | 4.8儿童乐园￥79/人 | 开卡丁车蹦床，遛娃好去处” | C | ￥56￥60 | 【卡丁车】儿童票·周末节假.. | 惠,ocr/input_videos\上海__世博源__20260826.mp4
OBS-000274,世博源,匠心·TAKUMI KOKORO,匠心·TAKUMIKOKORO,日式自助,4.4,296,,rated,True,,rated,parsed,rating_anchor,0.9425,0.9395,53,3144,53.829,4.4日式自助￥296/人 | G,匠心·TAKUMI KOKORO | 区～ | 8 | TANLNIMOWOIO | 4.4日式自助￥296/人 | G | 全球 | 畅享 | 食材 | 点评榜单 | 世博源美食热门榜第9名 | 休息中 | 自助餐菜品丰富，鳌虾鲜美 | ￥3988.5折 | ￥469单人甄选自助放题 | 惠 | ￥959.5折 | 惠 | ￥100100元代金券,ocr/input_videos\上海__世博源__20260826.mp4
OBS-000275,世博源,凑湊火锅·茶憩,凑凑火锅·茶憩,火锅,3.8,141,,rated,True,,rated,parsed,rating_anchor,0.9102,0.8558,51,3144,53.829,🌟🌟🎉🌟🌟 | 3.8火锅￥141/人 | G,凑湊火锅·茶憩 | 渍 | 午市轻享 | 🌟🌟🎉🌟🌟 | 3.8火锅￥141/人 | G | 盛宴 | 点评榜单 | 上南地区火锅热门榜第3名 | anea48 | 鲜嫩入味的招牌菜让你爱不释口 | 9 | ￥1509.5折 | ￥158 | 【全时段】158安格... | 惠,ocr/input_videos\上海__世博源__20260826.mp4
OBS-000276,世博源,维沙阿玛尼SALON,维沙阿玛尼SALON,美发,4.3,387,L1,rated,True,,rated,parsed,rating_anchor,0.9799,0.9983,48,3144,53.829,4.3美发￥387/人 | L1,维沙阿玛尼SALON | 4.3美发￥387/人 | L1 | AMANI | SALON | 上南地区洗吹销量榜第1名 | 环境舒适，发型师造型出色 | 广告 | 【S2】首席洗剪吹造型设计 | ￥148￥190 | 惠,ocr/input_videos\上海__世博源__20260826.mp4
OBS-000277,世博源,天幕影像秀,天幕影像秀,演出场馆,4.4,,L2,rated,True,,rated,parsed,rating_anchor,0.9986,0.9992,56,3144,53.829,L2 | 🌟🌟⭐⭐🌟 | 4.4演出场馆,天幕影像秀 | L2 | 🌟🌟⭐⭐🌟 | 4.4演出场馆,ocr/input_videos\上海__世博源__20260826.mp4
OBS-000278,世博源,匠心·TAKUMI KOKORO,匠心·TAKUMIKOKORO,日式自助,4.4,296,,rated,True,,rated,parsed,rating_anchor,0.9244,0.9223,51,3180,54.446,🌟🌟🎉🎉 | 4.4日式自助￥296/人 | G | ★,匠心·TAKUMI KOKORO | ~ | TANUUIMONOSO | 🌟🌟🎉🎉 | 畅享全球食材 | 4.4日式自助￥296/人 | G | ★ | 点评榜单 | 世博源美食热门榜第9名 | 休息中 | 自助餐菜品丰富，鳌虾鲜美 | “ | ￥3988.5折 | 惠 | ￥469单人甄选自助放题 | ￥959.5折 | 惠 | ￥100100元代金券,ocr/input_videos\上海__世博源__20260826.mp4
OBS-000279,世博源,凑湊火锅·茶憩,凑凑火锅·茶憩,火锅,3.8,141,,rated,True,,rated,parsed,rating_anchor,0.9104,0.8729,51,3180,54.446,🌟🌟🌟🌟🌟 | 3.8火锅￥141/人 | G,凑湊火锅·茶憩 | 澳 | 午市轻享 | 🌟🌟🌟🌟🌟 | 3.8火锅￥141/人 | G | 盛宴 | 点评榜单 | na48m | 上南地区火锅热门榜第3名 | 鲜嫩入味的招牌菜让你爱不释口 | 33 | ￥1509.5折 | ￥158 | 【全时段】158安格.. | 惠,ocr/input_videos\上海__世博源__20260826.mp4
OBS-000280,世博源,维沙阿玛尼SALON,维沙阿玛尼SALON,美发,4.3,387,L1,rated,True,,rated,parsed,rating_anchor,0.9835,0.9977,51,3180,54.446,4.3美发￥387/人 | 🌟🌟⭐⭐🌟 | L1,维沙阿玛尼SALON | 4.3美发￥387/人 | 🌟🌟⭐⭐🌟 | L1 | AMANI | SALON | 上南地区洗吹销量榜第1名 | “环境舒适，发型师造型出” | 惠￥148￥190 | 【S2】席洗剪吹造型设计,ocr/input_videos\上海__世博源__20260826.mp4
OBS-000281,世博源,天幕影像秀,天幕影像秀,演出场馆,4.4,,L2,rated,True,,rated,parsed,rating_anchor,0.9985,0.9998,52,3180,54.446,L2 | 🌟🌟🌟🌟 | 4.4演出场馆 | ★,天幕影像秀 | L2 | 🌟🌟🌟🌟 | 4.4演出场馆 | ★,ocr/input_videos\上海__世博源__20260826.mp4
OBS-000282,世博源,探鱼·鲜青椒爽麻烤鱼,探鱼·鲜青椒爽麻烤鱼,烤鱼,4.0,98,L2,rated,True,,rated,parsed,rating_anchor,0.9634,0.9831,48,3180,54.446,L2 | 4.0烤鱼￥98/人,24道产品 | 探鱼·鲜青椒爽麻烤鱼 | 升级上新 | L2 | 4.0烤鱼￥98/人 | 葱葱口味独特，冰粉自由度高 | ( | 探魚,ocr/input_videos\上海__世博源__20260826.mp4
OBS-000283,世博源,匠心·TAKUMI KOKORO,匠心·TAKUMIKOKORO,日式自助,4.4,296,,rated,True,,rated,parsed,rating_anchor,0.9629,0.9509,51,3192,54.651,🌟🌟⭐⭐ | G | 4.4日式自助￥296/人 | ★,匠心·TAKUMI KOKORO | 医~ | TANUUINONOSO | 🌟🌟⭐⭐ | G | 畅享全球食材 | 4.4日式自助￥296/人 | ★ | 点评榜单 | 世博源美食热门榜第9名 | 休息中 | 自助餐菜品丰富，鳌虾鲜美 | “ | ￥3988.5折 | 惠 | ￥469单人甄选自助放题 | ￥959.5折 | 惠 | ￥100100元代金券,ocr/input_videos\上海__世博源__20260826.mp4
OBS-000284,世博源,湊湊火锅·茶憩,凑凑火锅·茶憩,火锅,3.8,141,,rated,True,,rated,parsed,rating_anchor,0.9282,0.8946,54,3192,54.651,3.8火锅￥141/人 | G | ★★★★★,湊湊火锅·茶憩 | 浪漠 | 午市轻享 | 3.8火锅￥141/人 | G | ★★★★★ | 盛宴 | 点评榜单 | 上南地区火锅热门榜第3名 | aa48m | 鲜嫩入味的招牌菜让你爱不释口 | 55 | ￥1509.5折 | ￥158 | 【全时段】158安格... | 惠,ocr/input_videos\上海__世博源__20260826.mp4
OBS-000285,世博源,维沙阿玛尼SALON,维沙阿玛尼SALON,美发,4.3,387,L1,rated,True,,rated,parsed,rating_anchor,0.9737,0.9986,48,3192,54.651,L1 | 4.3美发￥387/人,维沙阿玛尼SALON | L1 | 4.3美发￥387/人 | AMANI | SALDN | 上南地区洗吹销量榜第1名 | 环境舒适，发型师造型出色 | 学 | ￥148￥190 | 【S2】首席洗剪吹造型设计 | 惠,ocr/input_videos\上海__世博源__20260826.mp4
OBS-000286,世博源,天幕影像秀,天幕影像秀,演出场馆,4.4,,L2,rated,True,,rated,parsed,rating_anchor,0.9993,0.9996,52,3192,54.651,🌟🌟⭐ | L2 | 4.4演出场馆 | ★,天幕影像秀 | 🌟🌟⭐ | L2 | 4.4演出场馆 | ★,ocr/input_videos\上海__世博源__20260826.mp4
OBS-000287,世博源,探鱼·鲜青椒爽麻烤鱼,探鱼·鲜青椒爽麻烤鱼,烤鱼,4.0,98,L2,rated,True,,rated,parsed,rating_anchor,0.9632,0.9827,51,3192,54.651,4.0烤鱼￥98/人 | L2,24道产品 | 探鱼·鲜青椒爽麻烤鱼 | 升级上新 | 4.0烤鱼￥98/人 | L2 | 葱葱口味独特，冰粉自由度高 | “ | 探魚,ocr/input_videos\上海__世博源__20260826.mp4
OBS-000288,世博源,匠心·TAKUMI KOKORO,匠心·TAKUMIKOKORO,日式自助,4.4,296,,rated,True,,rated,parsed,rating_anchor,0.9718,0.9761,48,3240,55.473,★🌟★★🌟 | G | 4.4日式自助￥296/人,匠心·TAKUMI KOKORO | ～ | TINLVIMONOIU | ★🌟★★🌟 | G | 畅享全球食材 | 4.4日式自助￥296/人 | 点评榜单 | 世博源美食热门榜第9名 | 休息中 | 自助餐菜品丰富，鳌虾鲜美 | ￥3988.5折 | 惠 | ￥469单人甄选自助放题 | ￥959.5折 | 惠 | ￥100100元代金券,ocr/input_videos\上海__世博源__20260826.mp4
OBS-000289,世博源,湊湊火锅·茶憩,凑凑火锅·茶憩,火锅,3.8,141,,rated,True,,rated,parsed,rating_anchor,0.9353,0.9068,51,3240,55.473,🌟🌟🌟🌟🌟 | 3.8火锅￥141/人 | G,湊湊火锅·茶憩 | 渍渍 | 午市轻享 | 🌟🌟🌟🌟🌟 | 3.8火锅￥141/人 | G | 盛宴 | 点评榜单 | 上南地区火锅热门榜第3名 | ince48 | 鲜嫩入味的招牌菜让你爱不释口 | 3 | ￥158 | ￥150 | 9.5折 | 【全时段】158安格... | 惠,ocr/input_videos\上海__世博源__20260826.mp4
OBS-000290,世博源,维沙阿玛尼SALON,维沙阿玛尼SALON,美发,4.3,387,L1,rated,True,,rated,parsed,rating_anchor,0.9694,0.9984,48,3240,55.473,美发￥387/人 | 🌟🌟⭐⭐ | L1 | 4.3,维沙阿玛尼SALON | 美发￥387/人 | 🌟🌟⭐⭐ | L1 | 4.3 | AMANI | SALON | 上南地区洗吹销量榜第1名 | 环境舒适，发型师造型出色 | 广告 | 惠 | ￥148￥190 | 【S2】首席洗剪吹造型设计,ocr/input_videos\上海__世博源__20260826.mp4
OBS-000291,世博源,天幕影像秀,天幕影像秀,演出场馆,4.4,,L2,rated,True,,rated,parsed,rating_anchor,0.999,0.9996,52,3240,55.473,L2 | ⭐🌟⭐⭐ | 4.4演出场馆 | ★,天幕影像秀 | L2 | ⭐🌟⭐⭐ | 4.4演出场馆 | ★,ocr/input_videos\上海__世博源__20260826.mp4
OBS-000292,世博源,探鱼·鲜青椒爽麻烤鱼,探鱼·鲜青椒爽麻烤鱼,烤鱼,4.0,98,L2,rated,True,,rated,parsed,rating_anchor,0.9718,0.9857,51,3240,55.473,⭐🌟🎉⭐ | L2 | 4.0烤鱼￥98/人,探鱼·鲜青椒爽麻烤鱼 | 24道产品 | 升级上新 | ⭐🌟🎉⭐ | L2 | 4.0烤鱼￥98/人 | 葱葱口味独特，冰粉自由度高 | 5 | 探魚 | 東211 | V213.0 | 【售委升级】工作 | eet,ocr/input_videos\上海__世博源__20260826.mp4
OBS-000293,世博源,天幕影像秀,天幕影像秀,演出场馆,4.4,,L2,rated,True,,rated,parsed,rating_anchor,0.9741,0.9994,55,3264,55.884,⭐4.4演出场馆 | L2,天幕影像秀 | ⭐4.4演出场馆 | L2,ocr/input_videos\上海__世博源__20260826.mp4
OBS-000294,世博源,探鱼·鲜青椒爽麻烤鱼,探鱼·鲜青椒爽麻烤鱼,烤鱼,4.0,98,L2,rated,True,,rated,parsed,rating_anchor,0.9565,0.9866,51,3264,55.884,4.0烤鱼￥98/人 | L2,24道产品 | 探鱼·鲜青椒爽麻烤鱼 | 升级上新 | 4.0烤鱼￥98/人 | L2 | 葱葱口味独特，冰粉自由度高 | 探魚 | ￥2119.9折 | ￥213.9 | 惠 | 【焦香升级】工作..,ocr/input_videos\上海__世博源__20260826.mp4
OBS-000295,世博源,呼右右·东北菜·山野铁锅炖,呼右右·东北菜·山野铁锅炖,东北菜,3.9,80,,rated,True,,rated,parsed,rating_anchor,0.946,0.9486,54,3264,55.884,3.9东北菜￥80/人 | B,新品市 | 呼右右·东北菜·山野铁锅炖 | 3.9东北菜￥80/人 | B | 呼右右铁锅炖鹅，肉香四溢 | “ | ￥129 | 5.8折 | ￥224 | 【招牌】锅包肉2人餐 | 惠 | ￥357折 | ￥5050元代金券 | 惠,ocr/input_videos\上海__世博源__20260826.mp4
OBS-000296,世博源,NRG 自助健身俱乐部,NRG自助健身俱乐部,私教工作室,4.2,1527,,rated,True,,rated,parsed,rating_anchor,0.9694,0.9582,51,3264,55.884,🌟🌟🌟⭐ | 4.2私教工作室￥1527/人 | G,NRG 自助健身俱乐部 | 180 | 🌟🌟🌟⭐ | 4.2私教工作室￥1527/人 | G | IINRGII | ENERGY FITNESS | 世博源健身中心销量榜第2名 | 健身塑型效果好，网红打卡地 | ￥596.8折 | ￥500私教体验课程一一对.. | 惠,ocr/input_videos\上海__世博源__20260826.mp4
OBS-000297,世博源,天幕影像秀,天幕影像秀,演出场馆,4.4,,L2,rated,True,,rated,parsed,rating_anchor,0.9992,0.9998,55,3300,56.5,🌟🌟⭐⭐🌟 | L2 | 4.4演出场馆,天幕影像秀 | 🌟🌟⭐⭐🌟 | L2 | 4.4演出场馆,ocr/input_videos\上海__世博源__20260826.mp4
OBS-000298,世博源,探鱼·鲜青椒爽麻烤鱼,探鱼·鲜青椒爽麻烤鱼,烤鱼,4.0,98,L2,rated,True,,rated,parsed,rating_anchor,0.9588,0.9822,51,3300,56.5,4.0烤鱼￥98/人 | L2,探鱼·鲜青椒爽麻烤鱼 | 24道产品 | 升级上新 | 4.0烤鱼￥98/人 | L2 | 葱葱口味独特，冰粉自由度高 | 探魚賀 | ￥213.9 | ￥2119.9折 | 【焦香升级】工作.. | 惠,ocr/input_videos\上海__世博源__20260826.mp4
OBS-000299,世博源,呼右右·东北菜·山野铁锅炖,呼右右·东北菜·山野铁锅炖,东北菜,3.9,80,,rated,True,,rated,parsed,rating_anchor,0.9426,0.9404,56,3300,56.5,3.9东北菜￥80/人 | B,新品市 | 呼右右·东北菜·山野铁锅炖 | 3.9东北菜￥80/人 | B | 呼右右铁锅炖鹅，肉香四溢” | C | 忘右 | ￥1295.8折 | 惠 | ￥224 | 【招牌】锅包肉2人餐 | ￥357折 | 惠 | ￥5050元代金券,ocr/input_videos\上海__世博源__20260826.mp4
OBS-000300,世博源,NRG 自助健身俱乐部,NRG自助健身俱乐部,私教工作室,4.2,1527,,rated,True,,rated,parsed,rating_anchor,0.9655,0.952,51,3300,56.5,4.2私教工作室￥1527/人 | 🌟🌟🌟 | G | ★,NRG 自助健身俱乐部 | 4.2私教工作室￥1527/人 | 🌟🌟🌟 | G | HNRGI | ★ | ENERGY FITNESS | 世博源健身中心销量榜第2名 | 7 | 健身塑型效果好，红打卡地 | “ | ￥596.8折 | ￥500私教体验课程一一对... | 惠,ocr/input_videos\上海__世博源__20260826.mp4
OBS-000301,世博源,二次元宇宙,二次元宇宙,VR,,,商场内,unrated,False,explicitly_unrated,unrated,parsed,unrated_anchor,0.9981,0.9991,60,3300,56.5,商场内 | 暂无星级VR | ★★★★,二次元宇宙 | 好 | 商场内 | 暂无星级VR | ★★★★,ocr/input_videos\上海__世博源__20260826.mp4
OBS-000302,世博源,NRG自助健身俱乐部,NRG自助健身俱乐部,私教工作室,4.2,1527,,rated,True,,rated,parsed,rating_anchor,0.9788,0.9969,48,3420,58.555,4.2私教工作室￥1527/人 | G,NRG自助健身俱乐部 | 1 | 4.2私教工作室￥1527/人 | G | NRG | ENERGY FITNESS | 世博源健身中心销量榜第2名 | 超10 | 福 | 万会员达择 | 健身塑型效果好，网红打卡地 | 力 | ￥59 | ￥500私教体验课程一一对.. | 6.8折 | 惠,ocr/input_videos\上海__世博源__20260826.mp4
OBS-000303,世博源,二次元宇宙,二次元宇宙,VR,,,商场内,unrated,False,explicitly_unrated,unrated,parsed,unrated_anchor,0.989,0.9987,55,3420,58.555,商场内 | ★★★★★ | 暂无星级 | VR,二次元宇宙 | 商场内 | ★★★★★ | 暂无星级 | VR,ocr/input_videos\上海__世博源__20260826.mp4
OBS-000304,世博源,云果果嘞·云南民族菜,云果果嘞·云南民族菜,云南菜滇菜,4.1,70,,rated,True,,rated,parsed,rating_anchor,0.9778,0.9817,54,3420,58.555,🌟🌟🌟⭐ | 4.1云南菜滇菜￥70/人 | G,云果果嘞·云南民族菜 | 云果果嘞 | 🌟🌟🌟⭐ | 世岗品汗 | 4.1云南菜滇菜￥70/人 | G | 点评榜单 | 浦东新区云南菜滇菜销量榜第7名 | 雅致安静，云南风味，五星好评 | 1 | ￥199 | ￥230 | 8.7折 | 云南快报穿越2600... | 惠,ocr/input_videos\上海__世博源__20260826.mp4
OBS-000305,世博源,掌柜的店·河南的菜,掌柜的店·河南的菜,其他中餐,4.3,76,,rated,True,,rated,parsed,rating_anchor,0.9753,0.9858,54,3420,58.555,⭐🌟⭐🎉 | 4.3 | 其他中餐￥76/人 | B,掌柜的店·河南的菜 | 掌櫃的店 | ⭐🌟⭐🎉 | 4.3 | 其他中餐￥76/人 | B | 点评榜单 | 上南地区美食好评榜第2名 | ZHANGGUI河南的菜 | 羊肉新鲜，山楂糕送不停 | 33 | ￥269折 | ￥29 | 惠 | 【尝鲜特惠】老郑州羊... | ￥48 | 惠 | ￥5050元代金券 | 9.6折,ocr/input_videos\上海__世博源__20260826.mp4
OBS-000306,世博源,NRG自助健身俱乐部,NRG自助健身俱乐部,私教工作室,4.2,1527,,rated,True,,rated,parsed,rating_anchor,0.9822,0.9808,51,3504,59.993,🌟🌟🎉🌟 | 4.2私教工作室￥1527/人 | G | ★,NRG自助健身俱乐部 | trtt | 🌟🌟🎉🌟 | 4.2私教工作室￥1527/人 | G | NRGI | ★ | ENERGY FITNESS | 世博源健身中心销量榜第2名 | 1 | 万会员选择 | 7 | 健身塑型效果好，网红打卡地 | “ | G | ￥59 | ￥500私教体验课程一一对... | 6.8折 | 惠,ocr/input_videos\上海__世博源__20260826.mp4
OBS-000307,世博源,二次元宇宙,二次元宇宙,VR,,,商场内,unrated,False,explicitly_unrated,unrated,parsed,unrated_anchor,0.99,0.9989,53,3504,59.993,商场内 | ⭐🌟💥🌟🌟 | 暂无星级 | VR,二次元宇宙 | 商场内 | ⭐🌟💥🌟🌟 | 暂无星级 | VR,ocr/input_videos\上海__世博源__20260826.mp4
OBS-000308,世博源,云果果嘞·云南民族菜,云果果嘞·云南民族菜,云南菜|滇菜,4.1,70,,rated,True,,rated,parsed,rating_anchor,0.9601,0.9744,51,3504,59.993,🌟🌟🌟🌟 | 4.1云南菜|滇菜￥70/人 | G,云果果嘞·云南民族菜 | 云果果嘞 | H片R | 🌟🌟🌟🌟 | 4.1云南菜|滇菜￥70/人 | G | 点评榜单 | 浦东新区云南菜滇菜销量榜第7名 | 雅致安静，云南风味，五星好评 | ￥199 | 8.7折 | 惠 | ￥230 | 云南快报穿越2600....,ocr/input_videos\上海__世博源__20260826.mp4
OBS-000309,世博源,掌柜的店·河南的菜,掌柜的店·河南的菜,其他中餐,4.3,76,,rated,True,,rated,parsed,rating_anchor,0.9666,0.9751,54,3504,59.993,🌟🌟🌟⭐ | 4.3 | 其他中餐￥76/人 | B,掌柜的店·河南的菜 | 掌櫃的店 | 🌟🌟🌟⭐ | 4.3 | 其他中餐￥76/人 | B | 点评榜单 | 上南地区美食好评榜第2名 | ZHANGGUI河南的菜 | 羊肉新鲜，山楂糕送不停 | 11 | ≤ | ￥269折 | ￥29 | 惠 | 【尝鲜特惠】老郑州羊.. | ￥48 | 9.6折 | 惠 | ￥5050元代金券 | :),ocr/input_videos\上海__世博源__20260826.mp4
OBS-000310,世博源,云果果嘞·云南民族菜,云果果嘞·云南民族菜,云南菜滇菜,4.1,70,,rated,True,,rated,parsed,rating_anchor,0.9842,0.9695,51,3528,60.404,🌟🌟🌟🌟 | 云南菜滇菜 | ￥70/人 | G | 4.1 | -,云果果嘞·云南民族菜 | 云果果嘞 | (五民) | 🌟🌟🌟🌟 | 云南菜滇菜 | ￥70/人 | G | 4.1 | - | 点评榜单 | 浦东新区云南菜滇菜销量榜第7名 | 雅致安静，云南风味，五星好评 | ￥199 | 8.7折 | ￥230 | 云南快报穿越2600.. | 惠,ocr/input_videos\上海__世博源__20260826.mp4
OBS-000311,世博源,掌柜的店·河南的菜,掌柜的店·河南的菜,其他中餐,4.3,76,,rated,True,,rated,parsed,rating_anchor,0.9681,0.984,51,3528,60.404,⭐🌟⭐⭐ | 其他中餐￥76/人 | 4.3 | B,掌柜的店·河南的菜 | ⭐🌟⭐⭐ | 掌櫃的店 | 其他中餐￥76/人 | 4.3 | B | 点评榜单 | 上南地区美食好评榜第2名 | ZHANGGUI河南的菜 | 羊肉新鲜，山楂糕送不停 | ￥269折 | ￥29 | 惠 | 【尝鲜特惠】 | 老郑州羊. | ￥489.6折 | 惠 | ￥5050元代金券,ocr/input_videos\上海__世博源__20260826.mp4
OBS-000312,世博源,韶菲美甲美睫,韶菲美甲美睫,美甲,4.5,197,,rated,True,,rated,parsed,rating_anchor,0.9829,0.9999,51,3528,60.404,🌟🌟★🌟🌟 | 4.5美甲￥197/人 | G,韶菲美甲美睫 | PINe | OACE | 🌟🌟★🌟🌟 | 4.5美甲￥197/人 | G | 上南地区美甲美睫销量榜第2名 | 还原度超高，美甲效果绝佳 | （短甲友好）只... | ￥138￥276款式美甲 | 惠,ocr/input_videos\上海__世博源__20260826.mp4
OBS-000313,世博源,HOPESHOW,HOPESHOW,服装,4.6,1332,,rated,True,,rated,parsed,rating_anchor,0.9878,0.9991,46,3528,60.404,4.6 | 🌟🌟🌟🌟🌟 | 服装￥1332/人 | B,HOPESHOW | 4.6 | 🌟🌟🌟🌟🌟 | 服装￥1332/人 | B | Mdae | 点评榜单 | 世博源服饰鞋包好评榜第6名 | 颜色款式多样，店铺位置便利”,ocr/input_videos\上海__世博源__20260826.mp4
OBS-000314,世博源,二次元宇宙,二次元宇宙,VR,,,商场内,unrated,False,explicitly_unrated,unrated,parsed,unrated_anchor,0.9979,0.9975,53,3564,61.02,暂无星级VR | 商场内 | ★★★★★,二次元宇宙 | 暂无星级VR | 商场内 | ★★★★★,ocr/input_videos\上海__世博源__20260826.mp4
OBS-000315,世博源,云果果嘞·云南民族菜,云果果嘞·云南民族菜,云南菜滇菜,4.1,70,,rated,True,,rated,parsed,rating_anchor,0.9733,0.9707,53,3564,61.02,🌟🌟⭐🌟 | G | 4.1云南菜滇菜￥70/人,云果果嘞·云南民族菜 | 云果果嘞 | 🌟🌟⭐🌟 | G | 4.1云南菜滇菜￥70/人 | 点评榜单 | 浦东新区云南菜滇菜销量榜第7名 | 雅致安静，云南风味，五星好评 | ￥199 | 8.7折 | ￥230 | 惠 | 云南快报穿越2600...,ocr/input_videos\上海__世博源__20260826.mp4
OBS-000316,世博源,掌柜的店·河南的菜,掌柜的店·河南的菜,其他中餐,4.3,76,,rated,True,,rated,parsed,rating_anchor,0.9757,0.9861,51,3564,61.02,🌟🌟🌟🌟 | 其他中餐￥76/人 | B | 4.3 | ★,掌柜的店·河南的菜 | 掌櫃的店 | 🌟🌟🌟🌟 | 其他中餐￥76/人 | B | 4.3 | ★ | 点评榜单 | 上南地区美食好评榜第2名 | ZHANGGUI河南的菜 | 羊肉新鲜，山楂糕送不停 | 3 | ￥269折 | ￥29 | 惠 | 【尝鲜特惠】老郑州羊.. | ￥489.6折 | ￥5050元代金券 | 惠,ocr/input_videos\上海__世博源__20260826.mp4
OBS-000317,世博源,韶菲美甲美睫,韶菲美甲美睫,美甲,4.5,197,,rated,True,,rated,parsed,rating_anchor,0.9699,0.9999,51,3564,61.02,🌟🌟⭐🌟🌟 | 4.5美甲￥197/人 | G,韶菲美甲美睫 | FINO | 🌟🌟⭐🌟🌟 | 4.5美甲￥197/人 | G | 上南地区美甲美睫销量榜第2名 | 还原度超高，美甲效果绝佳 | 5 | ￥138￥276款式美甲（短甲友好）只. | 惠,ocr/input_videos\上海__世博源__20260826.mp4
OBS-000318,世博源,HOPESHOW,HOPESHOW,服装,4.6,1332,,rated,True,,rated,parsed,rating_anchor,0.9847,0.9993,44,3564,61.02,服装￥1332/人 | 🌟🌟🌟🌟🌟 | B | 4.6,HOPESHOW | 服装￥1332/人 | 🌟🌟🌟🌟🌟 | B | 4.6 | hestise,ocr/input_videos\上海__世博源__20260826.mp4
OBS-000319,世博源,二次元宇宙,二次元宇宙,及VR,,,商场内,unrated,False,explicitly_unrated,unrated,parsed,unrated_anchor,0.9756,0.999,58,3588,61.431,商场内 | 暂无星级 | 及VR | ★★★,二次元宇宙 | 好 | 商场内 | 暂无星级 | 及VR | ★★★,ocr/input_videos\上海__世博源__20260826.mp4
OBS-000320,世博源,云果果嘞·云南民族菜,云果果嘞·云南民族菜,云南菜滇菜,4.1,70,,rated,True,,rated,parsed,rating_anchor,0.9598,0.9567,51,3588,61.431,云南菜滇菜￥70/人 | 🌟🌟⭐ | G | 4.1 | ★,云果果嘞·云南民族菜 | 云果果嘞 | RAR期） | 云南菜滇菜￥70/人 | 🌟🌟⭐ | G | 4.1 | ★ | 点评榜单 | 浦东新区云南菜滇菜销量榜第7名 | 雅致安静，云南风味，五星好评 | 2 | ￥199 | 8.7折 | ￥230 | 惠 | 云南快报穿越2600....,ocr/input_videos\上海__世博源__20260826.mp4
OBS-000321,世博源,掌柜的店·河南的菜,掌柜的店·河南的菜,其他中餐,4.3,76,,rated,True,,rated,parsed,rating_anchor,0.9738,0.9901,54,3588,61.431,🌟🌟⭐⭐ | 其他中餐￥76/人 | B | 4.3 | ★,掌柜的店·河南的菜 | 掌櫃的店 | 🌟🌟⭐⭐ | 其他中餐￥76/人 | B | 4.3 | ★ | 点评榜单 | 上南地区美食好评榜第2名 | ZHANGGUI河南的菜 | 羊肉新鲜，山楂糕送不停 | 分 | ￥269折 | ￥29 | 惠 | 【尝鲜特惠】老郑州羊. | ￥489.6折 | 惠 | ￥5050元代金券,ocr/input_videos\上海__世博源__20260826.mp4
OBS-000322,世博源,韶菲美甲美睫,韶菲美甲美睫,美甲,4.5,197,,rated,True,,rated,parsed,rating_anchor,0.9812,0.9999,51,3588,61.431,4.5美甲￥197/人 | 🌟🌟🌟🌟🌟 | G,韶菲美甲美睫 | FINC | 4.5美甲￥197/人 | 🌟🌟🌟🌟🌟 | G | 上南地区美甲美睫销量榜第2名 | 还原度超高，美甲效果绝佳 | 3 | ￥138￥276款式美甲（短甲友好）只... | 惠,ocr/input_videos\上海__世博源__20260826.mp4
OBS-000323,世博源,HOPESHOW,HOPESHOW,服装,4.6,1332,,rated,True,,rated,parsed,rating_anchor,0.983,0.9994,44,3588,61.431,🌟🌟⭐🌟🌟 | 服装￥1332/人 | 4.6 | B,HOPESHOW | 🌟🌟⭐🌟🌟 | 服装￥1332/人 | 4.6 | B | Hatise | 与评接单 | 世捕源服饰鞋包好评接等人名,ocr/input_videos\上海__世博源__20260826.mp4
OBS-000324,世博源,云果果嘞·云南民族菜,云果果嘞·云南民族菜,云南菜滇菜,4.1,70,,rated,True,,rated,parsed,rating_anchor,0.9478,0.9684,47,3612,61.842,⭐4.1云南菜滇菜￥70/人 | G,云果果嘞·云南民族菜 | 云果果嘞 | （用） | ⭐4.1云南菜滇菜￥70/人 | G | 点评榜单 | 浦东新区云南菜滇菜销量榜第7名 | 雅致安静，云南风味，五星好评 | ￥230 | ￥199 | 8.7折 | 惠 | 云南快报穿越2600..,ocr/input_videos\上海__世博源__20260826.mp4
OBS-000325,世博源,掌柜的店·河南的菜,掌柜的店·河南的菜,其他中餐,4.3,76,,rated,True,,rated,parsed,rating_anchor,0.9721,0.9884,53,3612,61.842,🌟🌟🌟🎉 | B | 其他中餐￥76/人 | 4.3,掌柜的店·河南的菜 | 🌟🌟🌟🎉 | 掌櫃的店 | B | 其他中餐￥76/人 | 4.3 | 点评榜单 | 上南地区美食好评榜第2名 | ZHANGGUI河南的菜 | 羊肉新鲜，山楂糕送不停 | ￥269折 | ￥29 | 【尝鲜特惠】老郑州羊.. | 惠 | ￥489.6折 | ￥5050元代金券 | 惠,ocr/input_videos\上海__世博源__20260826.mp4
OBS-000326,世博源,韶菲美甲美睫,韶菲美甲美睫,美甲,4.5,197,,rated,True,,rated,parsed,rating_anchor,0.9635,0.9998,51,3612,61.842,4.5美甲￥197/人 | G,韶菲美甲美睫 | FINS | 4.5美甲￥197/人 | G | 上南地区美甲美睫销量榜第2名 | 还原度超高，美甲效果绝佳 | ￥138￥276款式美甲（短甲友好）只.. | 惠,ocr/input_videos\上海__世博源__20260826.mp4
OBS-000327,世博源,HOPESHOW,HOPESHOW,服装,4.6,1332,,rated,True,,rated,parsed,rating_anchor,0.9786,0.9978,43,3612,61.842,4.6服装￥1332/人 | B,HOPESHOW | 4.6服装￥1332/人 | B | Maedise | 点评榜单 | 世博源服饰鞋包好评榜第6名 | 颜色款式多样，店铺位置便利,ocr/input_videos\上海__世博源__20260826.mp4
OBS-000328,世博源,鱼酷活鱼烤鱼,鱼酷活鱼烤鱼,烤鱼,4.6,94,L1,rated,True,,rated,parsed,rating_anchor,0.9747,0.9941,50,3612,61.842,★🌟🌟 | 4.6烤鱼￥94/人 | L1,魚酷品 | 鱼酷活鱼烤鱼 | 酸爽觉醒 | ★🌟🌟 | 4.6烤鱼￥94/人 | L1 | 魂穿凯里 | 点评镑单 | 上南地区川菜热门榜第1名,ocr/input_videos\上海__世博源__20260826.mp4
OBS-000329,世博源,韶菲美甲美睫,韶菲美甲美睫,美甲,4.5,197,,rated,True,,rated,parsed,rating_anchor,0.9811,0.9998,57,3648,62.459,🌟🌟🎉🌟🌟 | 4.5美甲￥197/人 | G,韶菲美甲美睫 | 🌟🌟🎉🌟🌟 | 4.5美甲￥197/人 | G | 上南地区美甲美睫销量榜第2名 | 还原度超高，美甲效果绝佳 | 5 | ￥138￥276款式美甲 | （短甲友好）只... | 惠,ocr/input_videos\上海__世博源__20260826.mp4
OBS-000330,世博源,HOPESHOW,HOPESHOW,服装,4.6,1332,,rated,True,,rated,parsed,rating_anchor,0.9815,0.999,44,3648,62.459,🌟🌟⭐🌟 | 服装￥1332/人 | 4.6 | B,HOPESHOW | 🌟🌟⭐🌟 | 服装￥1332/人 | 4.6 | B | Hetiss | 点评榜单 | 世博源服饰鞋包好评榜第6名 | 颜色款式多样，店铺位置便利,ocr/input_videos\上海__世博源__20260826.mp4
OBS-000331,世博源,鱼酷活鱼烤鱼,鱼酷活鱼烤鱼,烤鱼,4.6,94,L1,rated,True,,rated,parsed,rating_anchor,0.9601,0.9891,51,3648,62.459,L1 | 🌟🌟🎉🌟🌟 | 烤鱼￥94/人 | 4.6,焦酷田 | 鱼酷活鱼烤鱼 | 酸爽觉醒 | L1 | 🌟🌟🎉🌟🌟 | 烤鱼￥94/人 | 4.6 | 现穿凯里 | 点评榜单 | 上南地区川菜热门榜第1名 | ￥68 | ￥33.8 | 5折 | 惠 | 【小龙虾烤鱼搭档】 | 8.8折 | ￥88 | ￥100 | 惠 | 【新店特惠】100元..,ocr/input_videos\上海__世博源__20260826.mp4
OBS-000332,世博源,皖禧·徽菜,皖禧·徽菜,徽菜,4.4,85,商场内,rated,True,,rated,parsed,rating_anchor,0.9309,0.892,52,3648,62.459,🌟🌟🌟🌟 | 商场内 | 4.4徽菜￥85/人 | ★,皖禧·徽菜 | 皖禧 | 🌟🌟🌟🌟 | 商场内 | 4.4徽菜￥85/人 | ★ | 点评榜单 | 浦东新区徽菜好评榜第3名 | ￥1987折 | ￥286李鸿章杂烩2-3人套餐 | 惠 | ￥86 | 8.6折 | 惠 | ￥100100元代金券,ocr/input_videos\上海__世博源__20260826.mp4
OBS-000333,世博源,鱼酷活鱼烤鱼,鱼酷活鱼烤鱼,烤鱼,4.6,94,L1,rated,True,,rated,parsed,rating_anchor,0.9589,0.99,55,3768,64.513,🌟🌟⭐⭐🌟 | L1 | 烤鱼￥94/人 | 4.6,鱼酷活鱼烤鱼 | 免酷田 | 酸爽觉醒 | 🌟🌟⭐⭐🌟 | L1 | 烤鱼￥94/人 | 4.6 | 親穿凯里 | 点评榜单 | 上南地区川菜热门榜第1名 | 半价 | ￥33.8 | ￥68 | 惠 | 5折 | 【小龙虾烤鱼搭档】 | ￥88 | 8.8折 | ￥100 | 惠 | 【新店特惠】100元...,ocr/input_videos\上海__世博源__20260826.mp4
OBS-000334,世博源,皖禧·徽菜,皖禧·徽菜,徽菜,4.4,85,商场内,rated,True,,rated,parsed,rating_anchor,0.9495,0.9297,53,3768,64.513,🌟🌟🎉🌟 | 商场内 | 4.4徽菜￥85/人,皖禧·徽菜 | 皖禧 | 🌟🌟🎉🌟 | 商场内 | 4.4徽菜￥85/人 | 点评榜单 | 浦东新区徽菜好评榜第3名 | ￥198 | 7折 | ￥286 | 李鸿章杂烩2-3人套餐 | 惠 | ￥86 | 惠 | ￥100100元代金券 | 8.6折,ocr/input_videos\上海__世博源__20260826.mp4
OBS-000335,世博源,蕾特恩专业祛痘国际连锁,蕾特恩专业祛痘国际连锁,皮肤管理,3.4,241,,rated,True,,rated,parsed,rating_anchor,0.9974,0.999,50,3768,64.513,G | ⭐🌟⭐ | 3.4皮肤管理 | ★★ | ￥241/人,蕾特恩专业祛痘国际连锁 | 助特源专业批理 | 468*城 | G | ⭐🌟⭐ | 3.4皮肤管理 | ★★ | ￥241/人 | 1700*店 | 清理黑头效果好，离世博园近很方便 | “祛痘×祛痘印 | 我选「蕾特恩」 | ￥198脸颊痘肌护理|局部祛... | 3.6折 | ￥14 | 惠,ocr/input_videos\上海__世博源__20260826.mp4
OBS-000336,世博源,HIDOLL自製玩偶,HIDOLL自制玩偶,DIY手工坊,4.0,124,L1,rated,True,,rated,parsed,rating_anchor,0.9596,0.9512,48,3768,64.513,🌟🌟🌟🌟 | L1 | 4.0 | DIY手工坊￥124/人 | ★,HIDOLL自製玩偶 | 🌟🌟🌟🌟 | L1 | 4.0 | DIY手工坊￥124/人 | ★ | DIY自制玩偶，仪式感满满,ocr/input_videos\上海__世博源__20260826.mp4
OBS-000337,世博源,莆田餐厅PUTIEN,莆田餐厅PUTIEN,福建菜,4.3,122,L1,rated,True,,rated,parsed,rating_anchor,0.996,0.9925,51,3768,64.513,★★★★ | L1 | ￥122/人 | 4.3 | 福建菜,莆田餐厅PUTIEN | 福建菜 | 黄田 | ★★★★ | L1 | ￥122/人 | 4.3 | 福建菜 | 莆日鲜焗大黄鱼,ocr/input_videos\上海__世博源__20260826.mp4
OBS-000338,世博源,蕾特恩专业祛痘国际连锁,蕾特恩专业祛痘国际连锁,皮肤管理,3.4,241,,rated,True,,rated,parsed,rating_anchor,0.9822,0.999,50,3852,65.951,⭐⭐⭐🌟 | 3.4皮肤管理￥241/人 | G,蕾特恩专业祛痘国际连锁 | 禁特源专业材您 | 468*城 | ⭐⭐⭐🌟 | 3.4皮肤管理￥241/人 | G | 1700店 | 清理黑头效果好，离世博园近很方便” | “祛痘×祛痘印 | 我选「蕾特恩」 | ￥198脸颊痘肌护理局部祛... | 3.6折 | ￥143 | 惠,ocr/input_videos\上海__世博源__20260826.mp4
OBS-000339,世博源,HIDOLL自制玩偶,HIDOLL自制玩偶,DIY手工坊,4.0,124,L1,rated,True,,rated,parsed,rating_anchor,0.9648,0.9769,51,3852,65.951,⭐🌟4.0 | L1 | DIY手工坊￥124/人,HIDOLL自制玩偶 | ⭐🌟4.0 | L1 | DIY手工坊￥124/人 | “DIY自制玩偶，仪式感满满,ocr/input_videos\上海__世博源__20260826.mp4
OBS-000340,世博源,莆田餐厅PUTIEN,莆田餐厅PUTIEN,福建菜,4.3,122,L1,rated,True,,rated,parsed,rating_anchor,0.9793,0.9912,51,3852,65.951,L1 | ★★★★ | 福建菜￥122/人 | 4.3,莆田餐厅PUTIEN | 莆田 | 福建菜 | L1 | ★★★★ | 福建菜￥122/人 | 4.3 | 莆田鲜烤大黄鱼 | 点评榜单 | 浦东新区福建菜好评榜第4名 | 新鲜材，味上佳，服务流” | ￥466 | ￥298 | 6.4折 | 惠 | 【招牌必点】东海..,ocr/input_videos\上海__世博源__20260826.mp4
OBS-000341,世博源,友黔一刻·贵州菜,友黔一刻·贵州菜,贵州菜..,4.7,84,商场内,rated,True,,rated,parsed,rating_anchor,0.9216,0.986,51,3852,65.951,🌟🌟🌟🌟🌟 | 贵州菜.. | ￥84/人商场内 | 4.7,友黔一刻·贵州菜 | 友黔一刻 | 贵州菜 | 🌟🌟🌟🌟🌟 | 贵州菜.. | ￥84/人商场内 | 4.7 | 点评榜单 | 浦东新区贵州菜黔菜好评榜第1名 | 5.5折 | ￥18 | 惠 | 【贵州风味】贵州豆. | ￥9.9 | ￥100100元代余卷 | 惠 | 「86折,ocr/input_videos\上海__世博源__20260826.mp4
OBS-000342,世博源,蕾特恩专业祛痘国际连锁,蕾特恩专业祛痘国际连锁,皮肤管理,3.4,241,,rated,True,,rated,parsed,rating_anchor,0.9654,0.9981,51,3864,66.157,★3.4皮肤管理￥241/人 | G,蕾特恩专业祛痘国际连锁 | 特源专业社 | 468*城 | 0 | ★3.4皮肤管理￥241/人 | G | 1700店 | 清理黑头效果好，离世博园近很方便 | “ | “祛痘×祛痘印 | 我选「蕾特恩」 | ￥143.6折 | ￥198脸颊痘肌护理局部祛... | 惠,ocr/input_videos\上海__世博源__20260826.mp4
OBS-000343,世博源,HIDOLL自制玩偶,HIDOLL自制玩偶,DIY手工坊,4.0,124,L1,rated,True,,rated,parsed,rating_anchor,0.963,0.9647,57,3864,66.157,★🌟★★★ | 4.0DIY手工坊￥124/人 | L1,HIDOLL自制玩偶 | ★🌟★★★ | 4.0DIY手工坊￥124/人 | L1 | “DIY制玩偶，仪式感满满”,ocr/input_videos\上海__世博源__20260826.mp4
OBS-000344,世博源,莆田餐厅PUTIEN,莆田餐厅PUTIEN,福建菜,4.3,122,L1,rated,True,,rated,parsed,rating_anchor,0.9796,0.9923,51,3864,66.157,🌟🌟⭐⭐ | L1 | 福建菜￥122/人 | 4.3,莆田餐厅PUTIEN | 福建菜 | 莆田 | FiTIS | 🌟🌟⭐⭐ | L1 | 福建菜￥122/人 | 4.3 | 莆田鲜大黄鱼 | 点评榜单 | 浦东新区福建菜好评榜第4名 | 新鲜食材，口味上佳，服务一流 | （ | ￥466 | ￥2986.4折 | 惠 | 【招牌必点】东海….,ocr/input_videos\上海__世博源__20260826.mp4
OBS-000345,世博源,友黔一刻·贵州菜,友黔一刻·贵州菜,贵州菜...,4.7,84,商场内,rated,True,,rated,parsed,rating_anchor,0.9074,0.9911,51,3864,66.157,⭐🌟🌟⭐🌟 | 贵州菜... | ￥84/人商场内 | 4.7,友黔一刻·贵州菜 | 一友黔一刻 | 贵州菜 | ⭐🌟🌟⭐🌟 | 贵州菜... | ￥84/人商场内 | 4.7 | 点评榜单 | 浦东新区贵州菜|黔菜好评榜第1名 | ￥18 | 5.5折 | ￥9.9 | 【贵州风味】贵州豆... | 惠 | ￥86 | 8.6折 | ￥100100元代金券 | 惠,ocr/input_videos\上海__世博源__20260826.mp4
OBS-000346,世博源,莆田餐厅PUTIEN,莆田餐厅PUTIEN,福建菜,4.3,122,L1,rated,True,,rated,parsed,rating_anchor,0.9863,0.9964,50,3996,68.417,🌟🌟🌟🌟 | L1 | 福建菜￥122/人 | 4.3 | ★,莆田餐厅PUTIEN | 福建菜 | 黄田 | 🌟🌟🌟🌟 | L1 | 福建菜￥122/人 | 4.3 | ★ | 莆田鲜焗大黄鱼 | 点评榜单 | 浦东新区福建菜好评榜第4名 | 新鲜食材，口味上佳，服务一流 | J | ￥298 | ￥466 | 6.4折 | 【招牌必点】东海.. | 惠,ocr/input_videos\上海__世博源__20260826.mp4
OBS-000347,世博源,友黔一刻·贵州菜,友黔一刻·贵州菜,贵州菜.,4.7,84,商场内,rated,True,,rated,parsed,rating_anchor,0.8863,0.9911,52,3996,68.417,⭐⭐⭐4.7贵州菜. | ￥84/人商场内,友黔一刻·贵州菜 | 友黔一刻 | 贵州菜 | ⭐⭐⭐4.7贵州菜. | ￥84/人商场内 | 点评榜单 | 浦东新区贵州菜黔菜好评榜第1名 | ￥18 | 5.5折 | ￥9.9 | 【贵州风味】贵州豆.. | 惠 | 惠 | ￥86 | 8.6折 | ￥100100元代金券,ocr/input_videos\上海__世博源__20260826.mp4
OBS-000348,世博源,海马体照相馆,海马体照相馆,快照摄影,4.0,203,,rated,True,,rated,parsed,rating_anchor,0.9821,0.9983,51,3996,68.417,🌟🌟🎉🎉🌟 | 快照摄影￥203/人 | G | 4.0,海马体照相馆 | 🌟🌟🎉🎉🌟 | 快照摄影￥203/人 | G | 4.0 | “浪漫生活的记录者，证件照效果一级棒” | 白85美 | 我的人生证件照 | ￥919.7折 | 惠 | ￥99 | 【毕业季热卖】儿童证..,ocr/input_videos\上海__世博源__20260826.mp4
OBS-000349,世博源,威克多VICTOR·逐胜体育,威克多VICTOR·逐胜体育,运动户外,4.7,132,L1,rated,True,,rated,parsed,rating_anchor,0.9739,0.9893,47,3996,68.417,4.7运动户外￥132/人 | L1,威克多VICTOR·逐胜体育 | YVICTOR | 4.7运动户外￥132/人 | L1 | 穿线专业，服务态度好”,ocr/input_videos\上海__世博源__20260826.mp4
OBS-000350,世博源,巡湘记·乡野湖南菜,巡湘记·乡野湖南菜,湘菜,4.2,70,,rated,True,,rated,parsed,rating_anchor,0.9807,0.9891,50,3996,68.417,🌟🌟⭐🌟 | 4.2湘菜￥70/人 | G | ★,巡湘记·乡野湖南菜 | 上海湘菜 | 🌟🌟⭐🌟 | 4.2湘菜￥70/人 | 人气王 | G | ★ | 宝宝最爱，三碗海带汤开胃又营养” | “ | 巡湘记,ocr/input_videos\上海__世博源__20260826.mp4
OBS-000351,世博源,海马体照相馆,海马体照相馆,快照摄影,4.0,203,,rated,True,,rated,parsed,rating_anchor,0.9822,0.9994,52,4200,71.91,🌟🌟⭐⭐⭐ | 快照摄影￥203/人 | G | 4.0,海马体照相馆 | 0a | 🌟🌟⭐⭐⭐ | 快照摄影￥203/人 | G | 4.0 | “浪漫生活的记录者，证件照效果一级棒 | 25 | 我的人生证件照 | ￥919.7折 | ￥99 | 惠 | 【毕业季热卖】儿童证..,ocr/input_videos\上海__世博源__20260826.mp4
OBS-000352,世博源,威克多VICTOR·逐胜体育,威克多VICTOR·逐胜体育,运动户外,4.7,132,L1,rated,True,,rated,parsed,rating_anchor,0.9759,0.9886,56,4200,71.91,4.7运动户外￥132/人 | L1,威克多VICTOR·逐胜体育 | YVICIOR | 4.7运动户外￥132/人 | L1 | 穿线专业，服务态度好,ocr/input_videos\上海__世博源__20260826.mp4
OBS-000353,世博源,巡湘记·乡野湖南菜,巡湘记·乡野湖南菜,湘菜,4.2,70,,rated,True,,rated,parsed,rating_anchor,0.9764,0.9862,51,4200,71.91,🌟🌟🌟⭐ | 4.2湘菜￥70/人 | G,巡湘记·乡野湖南菜 | 上海湘菜 | 🌟🌟🌟⭐ | 4.2湘菜￥70/人 | G | 人气王 | 宝宝最爱，三碗海带汤开胃又营养” | S | 巡湘记 | 全国直管门店超70家 | 惠 | ￥105.3折 | ￥19宝宝餐 | ￥89 | 惠 | 8.9折 | ￥100100元代金券,ocr/input_videos\上海__世博源__20260826.mp4
OBS-000354,世博源,瓦屋老宅·江西土菜,瓦屋老宅·江西土菜,江西菜,4.3,77,L2,rated,True,,rated,parsed,rating_anchor,0.9898,0.9814,51,4200,71.91,L2 | 🌟🌟⭐🌟 | 江西菜 | ￥77/人 | 4.3,瓦屋老宅·江西土菜 | 瓦屋老宅 | L2 | 🌟🌟⭐🌟 | 江西菜 | ￥77/人 | 4.3 | 专做江西土菜 | 点评榜单 | 世博园江西菜热门榜第1名 | 14:30休息 | ￥9.95折 | ￥20 | 惠 | 【招牌】江西瓦罐汤 | ￥100 | ￥959.5折 | 【结账必用】100元.. | 惠,ocr/input_videos\上海__世博源__20260826.mp4
OBS-000355,世博源,SHAOFEI韶菲护理烫发染发设计,SHAOFEI韶菲护理烫发染发设计,美发,4.4,289,,rated,True,,rated,parsed,rating_anchor,0.9782,0.9988,49,4200,71.91,4.4美发￥289/人 | G,SHAOFEI韶菲护理烫发染发设计 | 4.4美发￥289/人 | G | 上南地区洗剪吹销量榜第1名 | SH,ocr/input_videos\上海__世博源__20260826.mp4
OBS-000356,世博源,瓦屋老宅·江西土菜,瓦屋老宅·江西土菜,江西菜,4.3,77,L2,rated,True,,rated,parsed,rating_anchor,0.9785,0.9823,51,4368,74.786,L2 | ★★★★ | 4.3江西菜￥77/人 | ★,瓦屋老宅·江西土菜 | 瓦屋老宅 | L2 | ★★★★ | 4.3江西菜￥77/人 | 专做江西土茶 | ★ | 点评榜单 | 世博园江西菜热门榜第1名 | 14:30休息 | ￥9.9 | 5折 | ￥20 | 【招牌】江西瓦罐汤 | 惠 | ￥95 | ￥100 | 9.5折 | 【结账必用】100元.. | 惠,ocr/input_videos\上海__世博源__20260826.mp4
OBS-000357,世博源,SHAOFEI韶菲护理烫发染发设计,SHAOFEI韶菲护理烫发染发设计,美发,4.4,289,,rated,True,,rated,parsed,rating_anchor,0.9711,0.9986,50,4368,74.786,4.4美发￥289/人 | G,SHAOFEI韶菲护理烫发染发设计 | 4.4美发￥289/人 | G | 上南地区洗剪吹销量榜第1名 | SHAOFEI | 理发染发效果一致，服务温柔细心” | 广告 | ￥888.9折 | ￥100 | 【洗剪吹】专业设计. | 惠,ocr/input_videos\上海__世博源__20260826.mp4
OBS-000358,世博源,森马,森马,服装,3.8,525,,rated,True,,rated,parsed,rating_anchor,0.9734,0.9997,61,4368,74.786,3.8服装￥525/人 | B,森马 | 3.8服装￥525/人 | B,ocr/input_videos\上海__世博源__20260826.mp4
OBS-000359,世博源,Syiong序洋·经典泰国菜,Syiong序洋·经典泰国菜,泰国菜,4.6,125,L1,rated,True,,rated,parsed,rating_anchor,0.9748,0.9936,65,4368,74.786,🌟🌟🌟🌟🌟 | L1 | 泰国菜￥125/人 | 4.6,Syiong序洋·经典泰国菜 | Syiong | WOWI | 康 | 盛夏限定 | 🌟🌟🌟🌟🌟 | L1 | 泰国菜￥125/人 | 4.6 | 帝王蟹上新 | 点评榜单 | 浦东新区泰国菜好评榜第6名 | 休息中 | 份量十足的三人餐性价比高 | ￥19.9 | 6.3折 | 惠 | ￥32 | 【夏日来点冰淇淋! | ￥959.5折 | 惠 | ￥100100元代金券,ocr/input_videos\上海__世博源__20260826.mp4
OBS-000360,世博源,瓦屋老宅·江西土菜,瓦屋老宅·江西土菜,江西菜,4.3,77,L2,rated,True,,rated,parsed,rating_anchor,0.9752,0.98,51,4404,75.402,L2 | ★★★★ | 4.3江西菜￥77/人,瓦屋老宅·江西土菜 | 瓦屋老宅 | L2 | ★★★★ | 4.3江西菜￥77/人 | 专做江西土茶 | 点评榜单 | 世博园江西菜热门榜第1名 | 14:30休息 | ￥9.9 | ￥20 | 5折 | 【招牌】江西瓦罐汤 | 惠 | ￥100 | ￥95 | 9.5折 | 【结账必用】100元... | 惠,ocr/input_videos\上海__世博源__20260826.mp4
OBS-000361,世博源,SHAOFEI韶菲护理烫发染发设计,SHAOFEI韶菲护理烫发染发设计,美发,4.4,289,,rated,True,,rated,parsed,rating_anchor,0.9808,0.999,50,4404,75.402,★★🌟⭐🌟 | 4.4美发￥289/人 | G,SHAOFEI韶菲护理烫发染发设计 | ★★🌟⭐🌟 | 4.4美发￥289/人 | G | 上南地区洗剪吹销量榜第1名 | SHAOFEI | “理发染发效果一致，服务温柔细心” | 厂告 | ￥100 | 惠 | ￥888.9折 | 【洗剪吹】专业设计.,ocr/input_videos\上海__世博源__20260826.mp4
OBS-000362,世博源,森马,森马,服装,3.8,525,,rated,True,,rated,parsed,rating_anchor,0.9742,0.9998,62,4404,75.402,3.8服装￥525/人 | B,森马 | 3.8服装￥525/人 | B,ocr/input_videos\上海__世博源__20260826.mp4
OBS-000363,世博源,Syiong序洋·经典泰国菜,Syiong序洋·经典泰国菜,泰国菜,4.6,125,L1,rated,True,,rated,parsed,rating_anchor,0.9791,0.9938,65,4404,75.402,🌟🌟⭐⭐🌟 | L1 | 泰国菜￥125/人 | 4.6,Syiong序洋·经典泰国菜 | Syiong | WOW! | 康洋 | 盛夏限定 | 🌟🌟⭐⭐🌟 | L1 | 泰国菜￥125/人 | 4.6 | 1F | 帝王蟹上新 | 点评榜单 | 浦东新区泰国菜好评榜第6名 | 休息中 | 份量十足的三人餐性价比高 | ￥19.9 | 6.3折 | 惠 | ￥32 | 【夏日来点冰淇淋! | 惠 | ￥95 | 9.5折 | ￥100100元代金券,ocr/input_videos\上海__世博源__20260826.mp4
OBS-000364,世博源,森马,森马,服装,3.8,525,,rated,True,,rated,parsed,rating_anchor,0.9717,0.9991,63,4488,76.841,3.8服装￥525/人 | B,森马 | 3.8服装￥525/人 | B,ocr/input_videos\上海__世博源__20260826.mp4
OBS-000365,世博源,Syiong序洋·经典泰国菜,Syiong序洋·经典泰国菜,泰国菜,4.6,125,L1,rated,True,,rated,parsed,rating_anchor,0.9746,0.9947,65,4488,76.841,L1 | 4.6泰国菜￥125/人,Syiong序洋·经典泰国菜 | Syiong | WOW! | 晾洋 | L1 | 4.6泰国菜￥125/人 | 盛夏限定1 | 帝王蟹上新 | 点评榜单 | 浦东新区泰国菜好评榜第6名 | 休息中 | 份量十足的三人餐性价比高 | 9 | 6.3折 | ￥32 | ￥19.9 | 惠 | 【夏日来点冰淇淋! | ￥959.5折 | ￥100100元代金券 | 惠,ocr/input_videos\上海__世博源__20260826.mp4
OBS-000366,世博源,星巴克,星巴克,咖啡,4.0,41,L1,rated,True,,rated,parsed,rating_anchor,0.969,0.9993,59,4488,76.841,🌟🌟🌟🌟 | 咖啡￥41/人 | L1 | 4.0,星巴克 | 🌟🌟🌟🌟 | 咖啡￥41/人 | L1 | 4.0 | 点评榜单 | 上南地区咖啡好评榜第2名 | 真茶真奶真爱你 | ￥59.97.7折 | 【爆款推荐】星巴克. | ￥78 | 惠,ocr/input_videos\上海__世博源__20260826.mp4
OBS-000367,世博源,吉吉靓甲美睫,吉吉靓甲美睫,美甲,4.5,227,L1,rated,True,,rated,parsed,rating_anchor,0.9688,0.9967,51,4488,76.841,4.5美甲￥227/人 | L1,吉吉靓甲美睫 | 享7.8折 | 单项 | 双项 | 享6.8折 | 4.5美甲￥227/人 | L1 | 三项 | 享5.8折 | 持98权益会员 | 点评榜单 | 上南地区美甲美睫热门榜第4名 | “温馨舒适，美甲师法娴熟” | ￥69.9￥168吉〖护理1精致修甲〗或... | 惠,ocr/input_videos\上海__世博源__20260826.mp4
OBS-000368,世博源,Syiong序洋·经典泰国菜,Syiong序洋·经典泰国菜,泰国菜,4.6,125,L1,rated,True,,rated,parsed,rating_anchor,0.9769,0.993,58,4584,78.484,🌟🌟🌟🌟🌟 | L1 | 泰国菜￥125/人 | 4.6,Syiong | Syiong序洋·经典泰国菜 | WOW! | 牌洋 | 盛夏限定 | 🌟🌟🌟🌟🌟 | L1 | 泰国菜￥125/人 | 4.6 | 北 | 帝王蟹上新 | 点评榜单 | 浦东新区泰国菜好评榜第6名 | 休息中 | 份量十足的三人餐性价比高 | 3 | 6.3折 | ￥32 | ￥19.9 | 惠 | 【夏日来点冰淇淋！ | ￥959.5折 | 惠 | ￥100100元代金券,ocr/input_videos\上海__世博源__20260826.mp4
OBS-000369,世博源,星巴克,星巴克,咖啡,4.0,41,L1,rated,True,,rated,parsed,rating_anchor,0.9688,0.9994,59,4584,78.484,L1 | 🌟🌟🌟⭐ | 咖啡￥41/人 | 4.0 | ★,星巴克 | L1 | 🌟🌟🌟⭐ | 咖啡￥41/人 | 4.0 | ★ | 点评榜单 | 上南地区咖啡好评榜第2名 | 真茶真奶真爱你 | ￥59.97.7折 | ￥78 | 惠 | 【爆款推荐】星巴克...,ocr/input_videos\上海__世博源__20260826.mp4
OBS-000370,世博源,吉吉靓甲美睫,吉吉靓甲美睫,美甲,4.5,227,L1,rated,True,,rated,parsed,rating_anchor,0.9688,0.9769,56,4584,78.484,★★★★🌟 | L1 | 4.5美甲￥227/人,吉吉靓甲美睫 | 享7.8折 | 单项 | 享6.8折 | 双项 | ★★★★🌟 | L1 | 4.5美甲￥227/人 | 三项 | 享5.8折 | 持98权益会员 | 点评榜单 | 上南地区美甲美睫热门榜第4名 | “温馨舒适，美甲师法娴熟” | ￥69.9￥168吉〖护理1精致修甲〗或.. | 惠,ocr/input_videos\上海__世博源__20260826.mp4
OBS-000371,世博源,ROSEALYSSA,ROSEALYSSA,服饰鞋包,4.8,1242,,rated,True,,rated,parsed,rating_anchor,0.9735,0.9973,44,4584,78.484,★★★★★ | 服饰鞋包￥1242/人 | B | 4.8,ROSEALYSSA | ★★★★★ | 服饰鞋包￥1242/人 | B | 4.8 | 点评榜单 | 世博源服饰鞋包好评榜第1名 | 细节做工满意，时尚感十足 | 3,ocr/input_videos\上海__世博源__20260826.mp4
OBS-000372,世博源,BEARME COFFEE熊美式,BEARMECOFFEE熊美式,咖啡,,25,L2,new_store,False,new_store,ocr_missing,parsed,metadata_anchor,0.9617,0.9777,51,4584,78.484,新店 | 咖啡￥25/人 | L2,BEARME COFFEE熊美式 | 新店 | 咖啡￥25/人 | L2 | 与餐,ocr/input_videos\上海__世博源__20260826.mp4
OBS-000373,世博源,星巴克,星巴克,咖啡,4.0,41,L1,rated,True,,rated,parsed,rating_anchor,0.9673,0.9996,58,4620,79.101,🌟🌟⭐⭐ | L1 | 4.0 | 咖啡￥41/人 | ★,星巴克 | 🌟🌟⭐⭐ | L1 | 4.0 | 咖啡￥41/人 | ★ | 点评榜单 | 上南地区咖啡好评榜第2名 | 真茶真奶真爱你 | ￥59.97.7折 | ￥78 | 【爆款推荐】星巴克.. | 惠,ocr/input_videos\上海__世博源__20260826.mp4
OBS-000374,世博源,吉吉靓甲美睫,吉吉靓甲美睫,美甲,4.5,227,L1,rated,True,,rated,parsed,rating_anchor,0.9563,0.9681,51,4620,79.101,4.5美甲￥227/人 | L1,吉吉靓甲美睫 | 单项 | 享7.8折 | 双项 | 享6.8折 | 4.5美甲￥227/人 | L1 | 三项 | 享5.8折 | 持98权益会员 | 点评榜单 | 上南地区美甲美睫热门榜第4名 | “温馨舒适，美甲师手法娴熟” | ￥69.9￥168吉〖护理1精致修甲〗或.. | 惠,ocr/input_videos\上海__世博源__20260826.mp4
OBS-000375,世博源,ROSEALYSSA,ROSEALYSSA,服饰鞋包,4.8,1242,,rated,True,,rated,parsed,rating_anchor,0.9878,0.9982,44,4620,79.101,⭐🌟⭐🌟🌟 | 服饰鞋包￥1242/人 | 4.8 | B,ROSEALYSSA | ⭐🌟⭐🌟🌟 | 服饰鞋包￥1242/人 | 4.8 | B | 点评榜单 | 世博源服饰鞋包好评榜第1名 | 细节做工满意，时尚感十足 | 55,ocr/input_videos\上海__世博源__20260826.mp4
OBS-000376,世博源,BEARME COFFEE熊美式,BEARMECOFFEE熊美式,咖啡,,25,L2,new_store,False,new_store,ocr_missing,parsed,metadata_anchor,0.9595,0.9757,54,4620,79.101,新店 | L2 | 咖啡￥25/人,BEARME COFFEE熊美式 | 新店 | L2 | 咖啡￥25/人 | 点评榜单 | 世博源美食新店榜第9名 | ￥208折 | ￥25 | 惠 | 【招牌】瑰夏美式单杯,ocr/input_videos\上海__世博源__20260826.mp4
OBS-000377,世博源,茉酸奶,茉酸奶,酸奶鲜奶,4.3,23,,rated,True,,rated,parsed,rating_anchor,0.9787,0.9987,59,4620,79.101,🌟🌟⭐🎉 | 4.3 | 酸奶鲜奶￥23/人 | B,茉酸奶 | Mhromggme | 🌟🌟⭐🎉 | 4.3 | 酸奶鲜奶￥23/人 | B | 点评榜单 | 世博源饮品口味榜第4名 | 选择低糖饮品，健康又美味 | ￥16.98.9折 | ￥19 | 【清凉一夏】招牌清. | 惠,ocr/input_videos\上海__世博源__20260826.mp4
OBS-000378,世博源,ROSEALYSSA,ROSEALYSSA,服饰鞋包,4.8,1242,,rated,True,,rated,parsed,rating_anchor,0.9855,0.9981,48,4776,81.772,⭐🌟🌟🌟🌟 | 服饰鞋包￥1242/人 | 4.8 | B,ROSEALYSSA | ⭐🌟🌟🌟🌟 | 服饰鞋包￥1242/人 | 4.8 | B | 点评榜单 | 世博源服饰鞋包好评榜第1名 | 细节做工满意，时尚感十足” | 3,ocr/input_videos\上海__世博源__20260826.mp4
OBS-000379,世博源,BEARME COFFEE熊美式,BEARMECOFFEE熊美式,咖啡,,25,L2,new_store,False,new_store,ocr_missing,parsed,metadata_anchor,0.9615,0.9782,54,4776,81.772,咖啡￥25/人 | L2 | 新店,BEARME COFFEE熊美式 | 咖啡￥25/人 | L2 | 新店 | 点评榜单 | 世博源美食新店榜第9名 | ￥208折 | ￥25 | 惠 | 【招牌】瑰夏美式单杯,ocr/input_videos\上海__世博源__20260826.mp4
OBS-000380,世博源,茉酸奶,茉酸奶,酸奶鲜奶,4.3,23,,rated,True,,rated,parsed,rating_anchor,0.9829,0.9991,61,4776,81.772,⭐🌟⭐⭐ | 酸奶鲜奶￥23/人 | 4.3 | B,茉酸奶 | Mromgime | ⭐🌟⭐⭐ | 酸奶鲜奶￥23/人 | 4.3 | B | 点评榜单 | 世博源饮品口味榜第4名 | 选择低糖饮品，健康又美味” | ￥19 | 8.9折 | ￥16.9 | 惠 | 【清凉一夏】招牌清.,ocr/input_videos\上海__世博源__20260826.mp4
OBS-000381,世博源,千竺,千竺,服装,3.9,,,rated,True,,rated,parsed,rating_anchor,0.9935,0.9948,68,4776,81.772,3.9服装 | B,千竺 | QianLhovn | 3.9服装 | B | 衣服简单有气质，店员搭配很耐”,ocr/input_videos\上海__世博源__20260826.mp4
OBS-000382,世博源,Ailaooo,Ailaooo,咖啡,3.9,24,,rated,True,,rated,parsed,rating_anchor,0.9522,0.9668,50,4776,81.772,3.9咖啡￥24/人 | B,caffeè | Ailaooo | 一波 | POEA | 柚起 | 3.9咖啡￥24/人 | B | Ailaooo Caffe | ￥39.9 | 8折 | ￥50果咖特调 | 惠 | ￥0.10.5折 | 惠 | ￥22元代金券,ocr/input_videos\上海__世博源__20260826.mp4
OBS-000383,世博源,千竺,千竺,服装,3.9,,,rated,True,,rated,parsed,rating_anchor,0.977,0.9625,70,4944,84.648,3.9服装 | B,千竺 | QianShu+ | 3.9服装 | B | 服简单有质，店员搭配很耐”,ocr/input_videos\上海__世博源__20260826.mp4
OBS-000384,世博源,Ailàooo caffe,Ailàooocaffe,咖啡,3.9,24,,rated,True,,rated,parsed,rating_anchor,0.927,0.9143,61,4944,84.648,3.9咖啡￥24/人 | B,Ailàooo caffe | 一波 | 汽 | FUREL | 柚起 | 3.9咖啡￥24/人 | B | Ailaooo Calffe | ￥39.9 | 8折 | 惠 | ￥50果咖特调 | ￥0.10.5折 | 惠 | ￥22元代金券,ocr/input_videos\上海__世博源__20260826.mp4
OBS-000385,世博源,野人先生Gelato,野人先生Gelato,冰淇淋,4.3,29,,rated,True,,rated,parsed,rating_anchor,0.9782,0.9981,57,4944,84.648,⭐🌟💥⭐ | 冰淇淋￥29/人 | 4.3 | B | ￥,野人先生Gelato | 8 | 山野 | 致瑰 | ⭐🌟💥⭐ | 冰淇淋￥29/人 | 4.3 | B | ￥ | GELATO | 点评榜单 | 世博源饮品回头客榜第1名 | 味多样选择” | “ | ￥369.5折 | ￥38 | 惠 | 【任意拼】双拼口味冰..,ocr/input_videos\上海__世博源__20260826.mp4
OBS-000386,世博源,Jeep,Jeep,服装,3.8,1023,,rated,True,,rated,parsed,rating_anchor,0.9751,0.9984,67,4944,84.648,3.8服装￥1023/人 | B,Jeep | 3.8服装￥1023/人 | B | 款式新且多，世博源负二楼人气旺,ocr/input_videos\上海__世博源__20260826.mp4
OBS-000387,世博源,霸王茶姬,霸王茶姬,茶饮果汁,4.3,19,,rated,True,,rated,parsed,rating_anchor,0.9827,0.9914,56,4944,84.648,🌟🌟★★ | 4.3茶饮果汁￥19/人 | B,霸王茶姬 | 🌟🌟★★ | 4.3茶饮果汁￥19/人 | B,ocr/input_videos\上海__世博源__20260826.mp4
OBS-000388,世博源,千竺,千竺,服装,3.9,,,rated,True,,rated,parsed,rating_anchor,0.9747,0.9496,70,4968,85.059,🌟🌟3.9 | 服装 | B,千竺 | QianRhu4m | 🌟🌟3.9 | 服装 | B | 衣服简单有质，店员搭配很耐” | 6,ocr/input_videos\上海__世博源__20260826.mp4
OBS-000389,世博源,Ailàooo,Ailàooo,咖啡,3.9,24,,rated,True,,rated,parsed,rating_anchor,0.9325,0.9314,51,4968,85.059,3.9咖啡￥24/人 | B,caffè | Ailàooo | 一波 | PONELA | 柚起 | A | 3.9咖啡￥24/人 | B | Allaooo Caffe | ￥39.9 | 8折 | 惠 | ￥50果咖特调 | ￥0.1 | 0.5折 | 惠 | ￥22元代金券,ocr/input_videos\上海__世博源__20260826.mp4
OBS-000390,世博源,野人先生Gelato,野人先生Gelato,冰淇淋,4.3,29,,rated,True,,rated,parsed,rating_anchor,0.9776,0.9987,55,4968,85.059,冰淇淋￥29/人 | ⭐🌟⭐🌟 | 4.3 | B,野人先生Gelato | RAA | 山野 | 跃瑰 | 冰淇淋￥29/人 | ⭐🌟⭐🌟 | 4.3 | B | GELATO | S | 点评榜单 | 世博源饮品回头客榜第1名 | 口味多样选择 | ￥38 | ￥369.5折 | 【任意拼】双拼口味冰.. | 惠,ocr/input_videos\上海__世博源__20260826.mp4
OBS-000391,世博源,Jeep,Jeep,服装,3.8,1023,,rated,True,,rated,parsed,rating_anchor,0.9854,0.9979,66,4968,85.059,🌟🌟⭐🌟🌟 | 3.8服装￥1023/人 | B,Jeep | 🌟🌟⭐🌟🌟 | 3.8服装￥1023/人 | B | 款式新且多，世博源负二楼人气旺”,ocr/input_videos\上海__世博源__20260826.mp4
OBS-000392,世博源,霸王茶姬,霸王茶姬,茶饮果汁,4.3,19,,rated,True,,rated,parsed,rating_anchor,0.9755,0.9916,56,4968,85.059,茶饮果汁￥19/人 | ⭐🌟⭐🌟 | 4.3 | B,霸王茶姬 | 茶饮果汁￥19/人 | ⭐🌟⭐🌟 | 4.3 | B | CHAGEE | 点评榜单 | 世博源饮品环境榜第3名 | ￥189折 | ￥20 | 惠 | 【新会员专享】伯牙绝弦,ocr/input_videos\上海__世博源__20260826.mp4
OBS-000393,世博源,Ailaooo caffe,Ailaooocaffe,咖啡,3.9,24,,rated,True,,rated,parsed,rating_anchor,0.9312,0.9208,61,5100,87.319,3.9咖啡￥24/人 | B,Ailaooo caffe | 抽泡 | FUFELSN | 营海器 | 3.9咖啡￥24/人 | B | Ailaooo Caffe | ￥39.9 | 8折 | ￥50果咖特调 | 惠 | ￥0.1 | 0.5折 | 惠 | ￥22元代金券,ocr/input_videos\上海__世博源__20260826.mp4
OBS-000394,世博源,野人先生Gelato,野人先生Gelato,冰淇淋,4.3,29,,rated,True,,rated,parsed,rating_anchor,0.9858,0.9989,59,5100,87.319,🌟🌟⭐⭐ | 4.3冰淇淋￥29/人 | B | ★,野人先生Gelato | 8 | 山野 | 该瑰 | 🌟🌟⭐⭐ | 4.3冰淇淋￥29/人 | B | ★ | GELATO | 点评榜单 | 世博源饮品回头客榜第1名 | S | “ | 口味多样选择 | 3 | ￥369.5折 | ￥38 | 【任意拼】双拼口味冰.. | 惠,ocr/input_videos\上海__世博源__20260826.mp4
OBS-000395,世博源,Jeep,Jeep,服装,3.8,1023,,rated,True,,rated,parsed,rating_anchor,0.9875,0.998,67,5100,87.319,🌟🌟🌟🌟🌟 | 3.8服装￥1023/人 | B,Jeep | 🌟🌟🌟🌟🌟 | 3.8服装￥1023/人 | B | “款式新且多，世博源负二楼人气旺”,ocr/input_videos\上海__世博源__20260826.mp4
OBS-000396,世博源,霸王茶姬,霸王茶姬,茶饮果汁,4.3,19,,rated,True,,rated,parsed,rating_anchor,0.9844,0.9936,57,5100,87.319,🌟🌟⭐🌟 | 4.3茶饮果汁￥19/人 | B | ★,霸王茶姬 | 🌟🌟⭐🌟 | 4.3茶饮果汁￥19/人 | B | ★ | CHAGEE | 点评榜单 | 世博源饮品环境榜第3名 | ￥189折 | ￥20 | 惠 | 【新会员专享】伯牙绝弦,ocr/input_videos\上海__世博源__20260826.mp4
OBS-000397,世博源,野人先生Gelato,野人先生Gelato,冰淇淋,4.3,29,,rated,True,,rated,parsed,rating_anchor,0.9887,0.9989,57,5124,87.73,🌟🌟⭐⭐ | 4.3冰淇淋￥29/人 | B,野人先生Gelato | Dex | 山野 | 该瑰 | 🌟🌟⭐⭐ | 4.3冰淇淋￥29/人 | B | GELATO | 点评榜单 | 世博源饮品回头客榜第1名 | 鄂 | 口味多样选择” | “ | ￥369.5折 | ￥38 | 惠 | 【任意拼】双拼口味冰..,ocr/input_videos\上海__世博源__20260826.mp4
OBS-000398,世博源,Jeep,Jeep,服装,3.8,1023,,rated,True,,rated,parsed,rating_anchor,0.9772,0.9986,70,5124,87.73,3.8服装￥1023/人 | B,Jeep | 3.8服装￥1023/人 | B | “款式新且多，世博源负楼人旺”,ocr/input_videos\上海__世博源__20260826.mp4
OBS-000399,世博源,霸王茶姬,霸王茶姬,茶饮果汁,4.3,19,,rated,True,,rated,parsed,rating_anchor,0.9859,0.9934,63,5124,87.73,🎉⭐ | 4.3茶饮果汁￥19/人 | B | ★,霸王茶姬 | 🎉⭐ | 4.3茶饮果汁￥19/人 | B | ★ | CHAGEE | 点评榜单 | 世博源饮品环境榜第3名 | ￥189折 | ￥20 | 惠 | 【新会员专享】伯牙绝弦,ocr/input_videos\上海__世博源__20260826.mp4
OBS-000400,世博源,DQ·蛋糕·冰淇淋,DQ·蛋糕·冰淇淋,冰淇淋,4.3,25,,rated,True,,rated,parsed,rating_anchor,0.9761,0.9757,58,5124,87.73,🌟🌟🎉🎉 | 4.3冰淇淋￥25/人 | B,DQ·蛋糕·冰淇淋 | D0 | 果棉米 | 🌟🌟🎉🎉 | 4.3冰淇淋￥25/人 | B | 点评榜单 | 世博源饮品环境榜第2名 | ￥19.9 | ￥18.2 | 9.2折 | 【爆品】DQ双头怪 | 惠,ocr/input_videos\上海__世博源__20260826.mp4
OBS-000401,世博源,野人先生Gelato,野人先生Gelato,冰淇淋,4.3,29,,rated,True,,rated,parsed,rating_anchor,0.9775,0.999,52,5160,88.346,🌟🌟🎉🎉 | 冰淇淋￥29/人 | 4.3 | B,野人先生Gelato | 83 | 山野 | 既瑰 | 🌟🌟🎉🎉 | 冰淇淋￥29/人 | 4.3 | B | GELATO | 点评榜单 | 世博源饮品回头客榜第1名 | S | 口味多样选择” | ￥369.5折 | ￥38 | 【任意拼】双拼口味冰... | 惠,ocr/input_videos\上海__世博源__20260826.mp4
OBS-000402,世博源,Jeep,Jeep,服装,3.8,1023,,rated,True,,rated,parsed,rating_anchor,0.9849,0.9974,69,5160,88.346,🌟🌟🌟🌟🌟 | 3.8服装￥1023/人 | B,Jeep | 🌟🌟🌟🌟🌟 | 3.8服装￥1023/人 | B | 款式新且多，世博源负二楼人气旺”,ocr/input_videos\上海__世博源__20260826.mp4
OBS-000403,世博源,霸王茶姬,霸王茶姬,茶饮果汁,4.3,19,,rated,True,,rated,parsed,rating_anchor,0.9749,0.9904,61,5160,88.346,🌟🌟🌟🌟 | 茶饮果汁￥19/人 | 4.3 | B,霸王茶姬 | 🌟🌟🌟🌟 | 茶饮果汁￥19/人 | 4.3 | B | CHAGEE | 点评榜单 | 世博源饮品环境榜第3名 | ￥189折 | ￥20 | 惠 | 【新会员专享】伯牙绝弦,ocr/input_videos\上海__世博源__20260826.mp4
OBS-000404,世博源,DQ·蛋糕·冰淇淋,DQ·蛋糕·冰淇淋,冰淇淋,4.3,25,,rated,True,,rated,parsed,rating_anchor,0.9689,0.9736,57,5160,88.346,🌟🌟🌟⭐🌟 | 4.3冰淇淋￥25/人 | B,DQ·蛋糕·冰淇淋 | DQ | 🌟🌟🌟⭐🌟 | 4.3冰淇淋￥25/人 | B | 点评榜单 | 世博源饮品环境榜第2名 | ￥18.29.2折 | ￥19.9 | 惠 | 【爆品】DQ双头怪,ocr/input_videos\上海__世博源__20260826.mp4
OBS-000405,世博源,霸王茶姬,霸王茶姬,茶饮果汁,4.3,19,,rated,True,,rated,parsed,rating_anchor,0.9746,0.9914,59,5220,89.373,🌟🌟🌟🌟 | 茶饮果汁￥19/人 | 4.3 | B,霸王茶姬 | 🌟🌟🌟🌟 | 茶饮果汁￥19/人 | 4.3 | B | CHAGEE | 点评榜单 | 世博源饮品环境榜第3名 | ￥189折 | ￥20 | 惠 | 【新会员专享】伯绝弦,ocr/input_videos\上海__世博源__20260826.mp4
OBS-000406,世博源,DQ·蛋糕·冰淇淋,DQ·蛋糕·冰淇淋,冰淇淋,4.3,25,,rated,True,,rated,parsed,rating_anchor,0.9625,0.9687,57,5220,89.373,⭐🌟⭐⭐ | 冰淇淋￥25/人 | 4.3 | B,DQ·蛋糕·冰淇淋 | DO | 艺果棉米 | ⭐🌟⭐⭐ | 冰淇淋￥25/人 | 4.3 | B | 点评榜单 | 世博源饮品环境榜第2名 | 惠￥18.29.2折 | ￥19.9 | 【爆品】DQ双头怪,ocr/input_videos\上海__世博源__20260826.mp4
OBS-000407,世博源,TREK&TRAVEL,TREK&TRAVEL,服装,3.5,713,,rated,True,,rated,parsed,rating_anchor,0.9667,0.9932,44,5220,89.373,3.5服装￥713/人 | B,TREK&TRAVEL | TREK&TRANEL | 3.5服装￥713/人 | B,ocr/input_videos\上海__世博源__20260826.mp4
OBS-000408,世博源,椿田熟成茶行,椿田熟成茶行,茶饮果汁,,22,,new_store,False,new_store,ocr_missing,parsed,metadata_anchor,0.9756,0.9914,56,5220,89.373,新店 | 茶饮果汁￥22/人 | B,椿田熟成茶行 | 新店 | 茶饮果汁￥22/人 | B | CHUNTIAN | 点评榜单 | 世博源饮品热门榜第1名 | 椿田热成茶行 | ￥16.79.9折 | ￥17 | 【冷榨苹果】富士苹.. | 惠,ocr/input_videos\上海__世博源__20260826.mp4
OBS-000409,世博源,红鸟瑰丽·甄选牛乳·Gelato&饮品,红鸟瑰丽·甄选牛乳·Gelato&饮品,茶饮果汁,4.4,28,,rated,True,,rated,parsed,rating_anchor,0.9802,0.9847,53,5220,89.373,🌟🌟⭐ | 4.4茶饮果汁￥28/人 | B | ★,红鸟瑰丽·甄选牛乳·Gelato&饮品 | xa=人-8 | NS | 一口喝到 | 三种柚子 | 🌟🌟⭐ | 4.4茶饮果汁￥28/人 | B | ★ | 点评榜单 | 世博源饮品好评榜第1名,ocr/input_videos\上海__世博源__20260826.mp4
OBS-000410,世博源,霸王茶姬,霸王茶姬,茶饮果汁,4.3,19,,rated,True,,rated,parsed,rating_anchor,0.9779,0.9937,56,5244,89.784,🌟🌟🌟⭐ | 茶饮果汁￥19/人 | 4.3 | B,霸王茶姬 | 🌟🌟🌟⭐ | 茶饮果汁￥19/人 | 4.3 | B | CHAGEE | 点评榜单 | 世博源饮品环境榜第3名 | ￥189折 | ￥20 | 惠 | 【新会员专享】伯牙绝弦,ocr/input_videos\上海__世博源__20260826.mp4
OBS-000411,世博源,DQ·蛋糕·冰淇淋,DQ·蛋糕·冰淇淋,冰淇淋,4.3,25,,rated,True,,rated,parsed,rating_anchor,0.9623,0.9634,56,5244,89.784,🌟🌟🌟🌟 | 冰淇淋￥25/人 | 4.3 | B,DQ·蛋糕·冰淇淋 | DQ | 芒果棉米 | 🌟🌟🌟🌟 | 冰淇淋￥25/人 | 4.3 | B | 点评榜单 | 世博源饮品环境榜第2名 | ￥19.9 | ￥18.29.2折 | 【爆品】DQ双头怪 | 惠,ocr/input_videos\上海__世博源__20260826.mp4
OBS-000412,世博源,TREK&TRAVEL,TREK&TRAVEL,服装,3.5,713,,rated,True,,rated,parsed,rating_anchor,0.9772,0.9965,48,5244,89.784,3.5服装￥713/人 | B,TREK&TRAVEL | TREK&TRAVEL | 3.5服装￥713/人 | B,ocr/input_videos\上海__世博源__20260826.mp4
OBS-000413,世博源,椿田熟成茶行,椿田熟成茶行,茶饮果汁,,22,,new_store,False,new_store,ocr_missing,parsed,metadata_anchor,0.9736,0.9763,60,5244,89.784,新店 | 茶饮果汁￥22/人 | B,椿田熟成茶行 | 新店 | 茶饮果汁￥22/人 | B | CHUNTIAN | 点评榜单 | 世博源饮品热门榜第1名 | 搭田熟式茶行 | ￥16.79.9折 | ￥17 | 【冷榨苹果】富士苹... | 惠,ocr/input_videos\上海__世博源__20260826.mp4
OBS-000414,世博源,红鸟瑰丽·甄选牛乳·Gelato&饮品,红鸟瑰丽·甄选牛乳·Gelato&饮品,茶饮果汁,4.4,28,,rated,True,,rated,parsed,rating_anchor,0.9627,0.9788,54,5244,89.784,4.4茶饮果汁￥28/人 | B,红鸟瑰丽·甄选牛乳·Gelato&饮品 | R福二大a | 一口喝到 | 三种柚子 | 4.4茶饮果汁￥28/人 | B | 优鞋号 | 点评榜单 | 世博源饮品好评榜第1名,ocr/input_videos\上海__世博源__20260826.mp4
OBS-000415,世博源,DQ·蛋糕·冰淇淋,DQ·蛋糕·冰淇淋,冰淇淋,4.3,25,,rated,True,,rated,parsed,rating_anchor,0.9653,0.9687,57,5352,91.633,🌟🌟⭐⭐ | 4.3冰淇淋￥25/人 | B | ★,DQ·蛋糕·冰淇淋 | DO | 芒果棉米 | 🌟🌟⭐⭐ | 4.3冰淇淋￥25/人 | B | ★ | 点评榜单 | 世博源饮品环境榜第2名 | ￥19.9 | ￥18.2 | 【爆品】DQ双头怪 | 9.2折 | 惠,ocr/input_videos\上海__世博源__20260826.mp4
OBS-000416,世博源,TREK&TRAVEL,TREK&TRAVEL,服装,3.5,713,,rated,True,,rated,parsed,rating_anchor,0.9692,0.9934,50,5352,91.633,3.5服装￥713/人 | B,TREK&TRAVEL | TREK&TRAVEL | 3.5服装￥713/人 | B | 椿田熟成茶行,ocr/input_videos\上海__世博源__20260826.mp4
OBS-000417,世博源,红鸟瑰丽·甄选牛乳·Gelato&饮品,红鸟瑰丽·甄选牛乳·Gelato&饮品,茶饮果汁,4.4,28,,rated,True,,rated,parsed,rating_anchor,0.9688,0.9795,60,5352,91.633,⭐🌟🌟⭐🌟 | 4.4茶饮果汁￥28/人 | B,红鸟瑰丽·甄选牛乳·Gelato&饮品 | 福二火 | 蓝 | 一口喝到 | 三种柚字 | ⭐🌟🌟⭐🌟 | 4.4茶饮果汁￥28/人 | B | 静优无益鞋 | 点评榜单 | 世博源饮品好评榜第1名 | ￥29.87.9折 | ￥38经典系列|单杯冰绮.... | 惠,ocr/input_videos\上海__世博源__20260826.mp4
OBS-000418,世博源,IREMY艾瑞美时尚假发,IREMY艾瑞美时尚假发,配饰,4.7,,,rated,True,,rated,parsed,rating_anchor,0.9147,0.9992,51,5352,91.633,⭐⭐4.7 配饰 | B,IREMY艾瑞美时尚假发 | remy | ⭐⭐4.7 配饰 | B,ocr/input_videos\上海__世博源__20260826.mp4
OBS-000419,世博源,椿田熟成茶行,椿田熟成茶行,茶饮果汁,,22,,new_store,False,new_store,ocr_missing,parsed,metadata_anchor,0.9708,0.9897,55,5388,92.25,新店 | 茶饮果汁￥22/人 | B,椿田熟成茶行 | 新店 | 茶饮果汁￥22/人 | B | CHUNTIAN | 点评榜单 | 世博源饮品热门榜第1名 | 椿田熟成茶行 | 9.9折 | ￥16.7 | ￥17 | 【冷榨苹果】富士苹.. | 惠,ocr/input_videos\上海__世博源__20260826.mp4
OBS-000420,世博源,红鸟瑰丽·甄选牛乳·Gelato&饮品,红鸟瑰丽·甄选牛乳·Gelato&饮品,茶饮果汁,4.4,28,,rated,True,,rated,parsed,rating_anchor,0.9755,0.9783,56,5388,92.25,🌟🌟🌟🌟 | 4.4茶饮果汁￥28/人 | B,红鸟瑰丽·甄选牛乳·Gelato&饮品 | Q | 三产 | 一口喝到 | 三种柚子 | 🌟🌟🌟🌟 | 4.4茶饮果汁￥28/人 | B | 0 | 钻正益产 | 点评榜单 | M1 | 世博源饮品好评榜第1名 | ￥29.87.9折 | ￥38经典系列|单杯冰绮... | 惠,ocr/input_videos\上海__世博源__20260826.mp4
OBS-000421,世博源,IREMY艾瑞美时尚假发,IREMY艾瑞美时尚假发,配饰,4.7,,,rated,True,,rated,parsed,rating_anchor,0.9263,0.9986,51,5388,92.25,⭐⭐4.7配饰 | B,IREMY艾瑞美时尚假发 | emS | ⭐⭐4.7配饰 | B | 点评榜单 | 世博源服饰鞋包好评榜第5名,ocr/input_videos\上海__世博源__20260826.mp4
OBS-000422,世博源,KOI Thé,KOIThé,茶饮果汁,4.3,21,,rated,True,,rated,parsed,rating_anchor,0.9582,0.9619,53,5388,92.25,⭐🌟🌟⭐ | 4.3 | 茶饮果汁￥21/人 | G,KOI Thé | 山野酸 | KOI The | @味甘 | ⭐🌟🌟⭐ | 4.3 | 茶饮果汁￥21/人 | G | VEEETa | 点评榜单 | 世博源饮品服务榜第3名 | 奶茶口感一流，服务态度好” | ￥20.9 | 8.8折 | ￥24KOI招牌2选1(大杯） | 惠,ocr/input_videos\上海__世博源__20260826.mp4
OBS-000423,世博源,LAVAZZA拉瓦萨咖啡,LAVAZZA拉瓦萨咖啡,咖啡,,29,,new_store,False,new_store,ocr_missing,parsed,metadata_anchor,0.9744,0.9977,48,5388,92.25,新店 | 咖啡￥29/人 | G,LAVAZZA拉瓦萨咖啡 | CINCNDAV | LAVAILA | 新店 | 咖啡￥29/人 | G | Y | 拉瓦开脚啡 | 周三会员日买一送一 | 与餐,ocr/input_videos\上海__世博源__20260826.mp4
OBS-000424,世博源,椿田熟成茶行,椿田熟成茶行,茶饮果汁,,22,,new_store,False,new_store,ocr_missing,parsed,metadata_anchor,0.9766,0.9875,54,5412,92.661,新店 | 茶饮果汁￥22/人 | B,椿田熟成茶行 | 新店 | 茶饮果汁￥22/人 | B | tImT | CHUNTIAN | 点评榜单 | 世博源饮品热门榜第1名 | 椿田熟成并斤 | ￥16.7 | ￥17 | 9.9折 | 【冷榨苹果】富士苹... | 惠,ocr/input_videos\上海__世博源__20260826.mp4
OBS-000425,世博源,红鸟瑰丽·甄选牛乳·Gelato&饮品,红鸟瑰丽·甄选牛乳·Gelato&饮品,茶饮果汁,4.4,28,,rated,True,,rated,parsed,rating_anchor,0.9779,0.9801,51,5412,92.661,🌟🌟⭐🌟 | 4.4茶饮果汁￥28/人 | B,红鸟瑰丽·甄选牛乳·Gelato&饮品 | 第三大产Q | 一口喝到 | 三种柚字 | 🌟🌟⭐🌟 | 4.4茶饮果汁￥28/人 | B | CsO | 达事 | 点评榜单 | 世博源饮品好评榜第1名 | ￥29.87.9折 | ￥38经典系列|单杯冰绮... | 惠,ocr/input_videos\上海__世博源__20260826.mp4
OBS-000426,世博源,IREMY艾瑞美时尚假发,IREMY艾瑞美时尚假发,配饰,4.7,,,rated,True,,rated,parsed,rating_anchor,0.9683,0.9988,48,5412,92.661,4.7配饰 | B,IREMY艾瑞美时尚假发 | remy | 4.7配饰 | B | 点评榜单 | 世博源服饰鞋包好评榜第5名,ocr/input_videos\上海__世博源__20260826.mp4
OBS-000427,世博源,KOI Thé,KOIThé,茶饮果汁,4.3,21,,rated,True,,rated,parsed,rating_anchor,0.9651,0.9537,56,5412,92.661,4.3茶饮果汁￥21/人 | 🌟🌟⭐⭐ | G,KOI Thé | 山好的酸 | KOI The | 回味的甘 | 4.3茶饮果汁￥21/人 | 🌟🌟⭐⭐ | G | 点评榜单 | 世博源饮品服务榜第3名 | “奶茶感流，服务态度好” | 惠 | ￥20.9 | 8.8折 | ￥24KOI招牌2选1（大杯）,ocr/input_videos\上海__世博源__20260826.mp4
OBS-000428,世博源,LAVAZZA拉瓦萨咖啡,LAVAZZA拉瓦萨咖啡,咖啡,,29,,new_store,False,new_store,ocr_missing,parsed,metadata_anchor,0.973,0.9978,54,5412,92.661,新店 | 咖啡￥29/人 | G,LAVAZZA拉瓦萨咖啡 | CINCNDAV | LAVATZA | 新店 | 咖啡￥29/人 | G | Y | 按瓦萨咖啡 | 周三会员日买一送一 | 点评榜单 | 世博源咖啡销量榜第2名 | 大林水牛乳酒甜京铁,ocr/input_videos\上海__世博源__20260826.mp4
OBS-000429,世博源,红鸟瑰丽·甄选牛乳·Gelato&饮品,红鸟瑰丽·甄选牛乳·Gelato&饮品,茶饮果汁,4.4,28,,rated,True,,rated,parsed,rating_anchor,0.9799,0.9874,57,5472,93.688,4.4茶饮果汁￥28/人 | 🌟🌟💥⭐ | B,红鸟瑰丽·甄选牛乳·Gelato&饮品 | 二大产汉 | 二口喝到 | 三种柚子 | 4.4茶饮果汁￥28/人 | 🌟🌟💥⭐ | B | CSO | 点评榜单 | 世博源饮品好评榜第1名 | ￥29.87.9折 | ￥38经典系列|单杯冰绮... | 惠,ocr/input_videos\上海__世博源__20260826.mp4
OBS-000430,世博源,IREMY艾瑞美时尚假发,IREMY艾瑞美时尚假发,B,4.7,,,rated,True,,rated,parsed,rating_anchor,0.9978,0.9986,54,5472,93.688,配饰 | 🌟🌟⭐🌟 | 4.7 | B,IREMY艾瑞美时尚假发 | cemy | 配饰 | 🌟🌟⭐🌟 | 4.7 | B | 点评榜单 | 世博源服饰鞋包好评榜第5名,ocr/input_videos\上海__世博源__20260826.mp4
OBS-000431,世博源,KOI Thé,KOIThé,茶饮果汁,4.3,21,,rated,True,,rated,parsed,rating_anchor,0.9524,0.928,55,5472,93.688,G | 🌟🌟🌟🎉⭐ | 4.3茶饮果汁￥21/人,KOI Thé | 山好酸 | KOI The | 回味的计 | G | 🌟🌟🌟🎉⭐ | 4.3茶饮果汁￥21/人 | 点评榜单 | 世博源饮品服务榜第3名 | “奶茶感流，服务态度好” | ￥20.9 | ￥24KOI招牌2选1(大杯） | 惠 | 8.8折,ocr/input_videos\上海__世博源__20260826.mp4
OBS-000432,世博源,LAVAZZA拉瓦萨咖啡,LAVAZZA拉瓦萨咖啡,咖啡,,29,,new_store,False,new_store,ocr_missing,parsed,metadata_anchor,0.9725,0.998,54,5472,93.688,新店 | 咖啡￥29/人 | G,LAVAZZA拉瓦萨咖啡 | CINCINDAV | LAVATIR | 新店 | 咖啡￥29/人 | G | 按瓦养咖啡 | 周三会员日买一送一 | 点评榜单 | 世博源咖啡销量榜第2名 | 大桥水牛乳酒甜京铁 | ￥32 | ￥22.97.2折 | 【经典黑咖】风味美… | 惠,ocr/input_videos\上海__世博源__20260826.mp4
OBS-000433,世博源,KOI Thé,KOIThé,茶饮果汁,4.3,21,,rated,True,,rated,parsed,rating_anchor,0.963,0.9628,56,5496,94.099,🌟🌟⭐⭐ | 4.3茶饮果汁￥21/人 | G,KOI Thé | 山好酸 | KOI The | @味的甘 | 🌟🌟⭐⭐ | 4.3茶饮果汁￥21/人 | G | 点评榜单 | 世博源饮品服务榜第3名 | “奶茶感流，服务态度好” | 惠 | ￥20.9 | ￥24KOI招牌2选1(大杯) | 8.8折,ocr/input_videos\上海__世博源__20260826.mp4
OBS-000434,世博源,LAVAZZA拉瓦萨咖啡,LAVAZZA拉瓦萨咖啡,咖啡,,29,,new_store,False,new_store,ocr_missing,parsed,metadata_anchor,0.9791,0.9973,55,5496,94.099,新店 | 咖啡￥29/人 | G,LAVAZZA拉瓦萨咖啡 | CINCNDAV | LAVATZR | 新店 | 咖啡￥29/人 | G | T | 拉瓦产咖啡 | 周三会员日买一送一 | 点评榜单 | 世博源咖啡销量榜第2名 | 大杯水牛电浦比座肤 | ￥22.97.2折 | ￥32 | 惠 | 【经典黑咖】风味美.,ocr/input_videos\上海__世博源__20260826.mp4
OBS-000435,世博源,方程豹汽车,方程豹汽车,4S店,,165364,L1,unknown,True,,ocr_missing,parsed,metadata_anchor,0.9743,0.9997,55,5496,94.099,3.44S店￥165364/人 | L1,方程豹汽车 | 3.44S店￥165364/人 | L1 | 批显说快下个性化超障 | 万特门,ocr/input_videos\上海__世博源__20260826.mp4
OBS-000436,世博源,桂桂茶,桂桂茶,茶饮果汁,4.2,19,商场内,rated,True,,rated,parsed,rating_anchor,0.9885,0.9977,62,5496,94.099,🌟🌟🌟🌟 | 商场内 | 4.2茶饮果汁￥19/人,桂桂茶 | 🌟🌟🌟🌟 | 商场内 | 4.2茶饮果汁￥19/人 | 桂桂茶 | 点评榜单 | GUIGUICHA | 世博源饮品回头客榜第3名 | 服务好，环境舒适，性价比高 | 心 | 1 | ￥11.9 | ￥15 | 8折 | 惠 | 【热卖15年】原味鸡蛋仔,ocr/input_videos\上海__世博源__20260826.mp4
OBS-000437,世博源,柠檬向右,柠檬向右,茶饮果汁,4.1,17,,rated,True,,rated,parsed,rating_anchor,0.9817,0.9928,60,5496,94.099,🌟🌟⭐🌟 | 4.1茶饮果汁￥17/人 | B,柠檬向右 | 🌟🌟⭐🌟 | 4.1茶饮果汁￥17/人 | B,ocr/input_videos\上海__世博源__20260826.mp4
OBS-000438,世博源,KOI Thé,KOIThé,茶饮果汁,4.3,21,,rated,True,,rated,parsed,rating_anchor,0.9759,0.9802,49,5520,94.51,⭐🌟⭐⭐ | 4.3茶饮果汁￥21/人 | G | ★,KOI Thé | 山好的酸 | KOI The | @味的甘 | ⭐🌟⭐⭐ | 4.3茶饮果汁￥21/人 | G | ★ | 点评榜单 | 世博源饮品服务榜第3名 | 奶茶口感一流，服务态度好 | ￥20.9 | 8.8折 | ￥24KOI招牌2选1(大杯） | 惠,ocr/input_videos\上海__世博源__20260826.mp4
OBS-000439,世博源,LAVAZZA拉瓦萨咖啡,LAVAZZA拉瓦萨咖啡,咖啡,,29,,new_store,False,new_store,ocr_missing,parsed,metadata_anchor,0.9755,0.9977,54,5520,94.51,新店 | 咖啡￥29/人 | G,LAVAZZA拉瓦萨咖啡 | CINCNDAV | LAVAILA | 新店 | 咖啡￥29/人 | G | 5 | 拉瓦萨咖理 | 周三会员日买一送一 | 点评榜单 | 世博源咖啡销量榜第2名 | 大杯水牛乳浦出阜铁 | ￥22.97.2折 | ￥32 | 惠 | 【经典黑咖】风味美.,ocr/input_videos\上海__世博源__20260826.mp4
OBS-000440,世博源,方程豹汽车,方程豹汽车,4S店,,165364,L1,unknown,True,,ocr_missing,parsed,metadata_anchor,0.9867,0.9997,55,5520,94.51,L1 | ⭐🌟⭐ | 3.44S店￥165364/人,方程豹汽车 | L1 | ⭐🌟⭐ | 3.44S店￥165364/人 | 方程和比显验国下个性化型牌,ocr/input_videos\上海__世博源__20260826.mp4
OBS-000441,世博源,桂桂茶,桂桂茶,茶饮果汁,4.2,19,商场内,rated,True,,rated,parsed,rating_anchor,0.9853,0.9958,58,5520,94.51,商场内 | 🌟🌟🌟🌟 | 4.2茶饮果汁￥19/人 | ★,桂桂茶 | 商场内 | 🌟🌟🌟🌟 | 4.2茶饮果汁￥19/人 | ★ | 桂桂茶 | 点评榜单 | GUIGUICHA | 世博源饮品回头客榜第3名 | 服务好，环境舒适，性价比高 | 3 | ￥15 | ￥11.9 | 8折 | 惠 | 【热卖15年】原味鸡蛋仔,ocr/input_videos\上海__世博源__20260826.mp4
OBS-000442,世博源,柠檬向右,柠檬向右,茶饮果汁,4.1,17,,rated,True,,rated,parsed,rating_anchor,0.9817,0.994,60,5520,94.51,🌟🌟⭐⭐ | 4.1茶饮果汁￥17/人 | B | ★,柠檬向右 | IFNONPYHT | 尚楼汉白 | 🌟🌟⭐⭐ | 4.1茶饮果汁￥17/人 | B | ★ | 点评榜单 | 上南地区饮品回头客榜第3名 | 芙莉莲的味觉记忆,ocr/input_videos\上海__世博源__20260826.mp4
OBS-000443,世博源,LAVAZZA拉瓦萨咖啡,LAVAZZA拉瓦萨咖啡,咖啡,,29,,new_store,False,new_store,ocr_missing,parsed,metadata_anchor,0.9735,0.9976,51,5616,96.153,新店 | G | 咖啡￥29/人,LAVAZZA拉瓦萨咖啡 | CINCINDAV | LAVATZA | 新店 | G | 咖啡￥29/人 | T5 | 拉瓦萨咖啡 | 周三会员日买一送一 | 点评榜单 | 世博源咖啡销量榜第2名 | 大杯水牛汽铺批享铁 | ￥22.9 | 7.2折 | ￥32 | 【经典黑咖】风味美. | 惠,ocr/input_videos\上海__世博源__20260826.mp4
OBS-000444,世博源,方程豹汽车,方程豹汽车,4S店,,165364,L1,unknown,True,,ocr_missing,parsed,metadata_anchor,0.9809,0.9998,56,5616,96.153,3.44S店￥165364/人 | L1,方程豹汽车 | 3.44S店￥165364/人 | L1 | 万日科 | 比症验填下全性化型理,ocr/input_videos\上海__世博源__20260826.mp4
OBS-000445,世博源,桂桂茶,桂桂茶,茶饮果汁,4.2,19,商场内,rated,True,,rated,parsed,rating_anchor,0.982,0.9957,59,5616,96.153,⭐🌟🌟⭐ | 商场内 | 4.2茶饮果汁￥19/人 | ★,桂桂茶 | ⭐🌟🌟⭐ | 商场内 | 4.2茶饮果汁￥19/人 | ★ | 桂桂茶 | GUIGUICHA | 点评榜单 | 世博源饮品回头客榜第3名 | 服务好，环境舒适，性价比高 | 2 | ￥15 | ￥11.9 | 8折 | 惠 | 【热卖15年】原味鸡蛋仔,ocr/input_videos\上海__世博源__20260826.mp4
OBS-000446,世博源,柠檬向右,柠檬向右,茶饮果汁,4.1,17,,rated,True,,rated,parsed,rating_anchor,0.9815,0.9949,59,5616,96.153,⭐🌟★⭐ | 4.1茶饮果汁￥17/人 | B | ★,柠檬向右 | LFNOVPIHT | G楼汉点 | ⭐🌟★⭐ | 4.1茶饮果汁￥17/人 | B | ★ | 点评榜单 | 上南地区饮品回头客榜第3名 | 芙莉莲的味觉记忆 | ￥146.7折 | ￥21 | 【精选三种柠檬】鸭屎... | 惠,ocr/input_videos\上海__世博源__20260826.mp4
OBS-000447,世博源,罗莱家纺,罗莱家纺,家饰家纺,3.5,,,rated,True,,rated,parsed,rating_anchor,0.9652,0.9964,59,5616,96.153,⭐3.5家饰家纺 | B,罗莱家纺 | ⭐3.5家饰家纺 | B | 罗莱老品牌，家纺值得信赖,ocr/input_videos\上海__世博源__20260826.mp4
OBS-000448,世博源,LAVA∠∠A拉瓦严咖啡,LAVA∠∠A拉瓦严咖啡,咖啡,,29,,new_store,False,new_store,ocr_missing,parsed,metadata_anchor,0.8632,0.7739,40,5628,96.359,新店 | 咖啡￥29/人 | G,LAVA∠∠A拉瓦严咖啡 | CINCHNDAV | LAVATZA | 新店 | 咖啡￥29/人 | G | TITAAR | 按瓦牌咖啡 | 周三会员日买一送一 | 点评榜单 | 世博源咖啡销量榜第2名 | 大杯水牛乳清甜京扶 | ￥22.97.2折 | ￥32 | 【经典黑咖】风味美. | 惠,ocr/input_videos\上海__世博源__20260826.mp4
OBS-000449,世博源,方程豹汽车,方程豹汽车,4S店,,165364,L1,unknown,True,,ocr_missing,parsed,metadata_anchor,0.9761,0.9996,56,5628,96.359,3.44S店￥165364/人 | L1,方程豹汽车 | 3.44S店￥165364/人 | L1 | 比营请国下个技化品国 | 方培羽,ocr/input_videos\上海__世博源__20260826.mp4
OBS-000450,世博源,桂桂茶,桂桂茶,茶饮果汁,4.2,19,商场内,rated,True,,rated,parsed,rating_anchor,0.9859,0.9981,62,5628,96.359,商场内 | 🌟🌟🌟🎉 | 4.2茶饮果汁￥19/人,桂桂茶 | 商场内 | 🌟🌟🌟🎉 | 4.2茶饮果汁￥19/人 | 桂桂茶 | 点评榜单 | GUIGUICHA | 世博源饮品回头客榜第3名 | 服务好，环境舒适，性价比高 | “ | ￥11.9 | 8折 | ￥15 | 【热卖15年】原味鸡蛋仔 | 惠,ocr/input_videos\上海__世博源__20260826.mp4
OBS-000451,世博源,柠檬向右,柠檬向右,茶饮果汁,4.1,17,,rated,True,,rated,parsed,rating_anchor,0.9701,0.9907,56,5628,96.359,🌟🌟⭐⭐ | 4.1 | 茶饮果汁￥17/人 | B,柠檬向右 | LENOVRC-T | 老修网器 | 🌟🌟⭐⭐ | 4.1 | 茶饮果汁￥17/人 | B | 点评榜单 | 上南地区饮品回头客榜第3名 | 芙莉莲的味觉记忆 | 【精选三种柠檬】鸭屎... | ￥146.7折 | ￥21 | 惠,ocr/input_videos\上海__世博源__20260826.mp4
OBS-000452,世博源,罗莱家纺,罗莱家纺,家饰家纺,3.5,,,rated,True,,rated,parsed,rating_anchor,0.9643,0.9839,56,5628,96.359,⭐3.5家饰家纺 | B,罗莱家纺 | ⭐3.5家饰家纺 | B | 罗莱老品牌，家纺值得信赖,ocr/input_videos\上海__世博源__20260826.mp4
OBS-000453,世博源,LAVA∠LA拉瓦萨咖啡,LAVA∠LA拉瓦萨咖啡,咖啡,,29,,new_store,False,new_store,ocr_missing,parsed,metadata_anchor,0.8859,0.8224,38,5676,97.181,新店 | 咖啡￥29/人 | G,LAVA∠LA拉瓦萨咖啡 | CINCN DAV | LAVATLA | 新店 | 咖啡￥29/人 | G | TISTAAR | 按瓦牌咖啡 | 周三会员日买一送一 | 点评榜单 | 世博源咖啡销量榜第2名 | 大杯水牛乳清甜京技 | ￥22.97.2折 | ￥32 | 【经典黑咖】风味美 | 惠,ocr/input_videos\上海__世博源__20260826.mp4
OBS-000454,世博源,方程豹汽车,方程豹汽车,4S店,,165364,L1,unknown,True,,ocr_missing,parsed,metadata_anchor,0.9756,0.9997,55,5676,97.181,3.44S店￥165364/人 | L1,方程豹汽车 | 3.44S店￥165364/人 | L1 | 比验请下个装8品国 | 方培扫,ocr/input_videos\上海__世博源__20260826.mp4
OBS-000455,世博源,桂桂茶,桂桂茶,茶饮果汁,4.2,19,商场内,rated,True,,rated,parsed,rating_anchor,0.9856,0.9976,62,5676,97.181,🌟🌟🎉🎉 | 商场内 | 4.2茶饮果汁￥19/人,桂桂茶 | 🌟🌟🎉🎉 | 商场内 | 4.2茶饮果汁￥19/人 | 桂桂茶 | 点评榜单 | GUIGUICHA | 世博源饮品回头客榜第3名 | 服务好，环境舒适，性价比高 | ≤ | ￥15 | ￥11.9 | 8折 | 惠 | 【热卖15年】原味鸡蛋仔,ocr/input_videos\上海__世博源__20260826.mp4
OBS-000456,世博源,柠檬向右,柠檬向右,茶饮果汁,4.1,17,,rated,True,,rated,parsed,rating_anchor,0.9677,0.99,56,5676,97.181,🌟🌟⭐ | 茶饮果汁￥17/人 | B | 4.1,柠檬向右 | LENOVRIC-T | 老楼网 | 🌟🌟⭐ | 茶饮果汁￥17/人 | B | 4.1 | 点评榜单 | 上南地区饮品回头客榜第3名 | 芙莉莲的味觉记忆 | ￥146.7折 | 【精选三种柠檬】鸭屎.. | ￥21 | 惠,ocr/input_videos\上海__世博源__20260826.mp4
OBS-000457,世博源,罗莱家纺,罗莱家纺,家饰家纺,3.5,,,rated,True,,rated,parsed,rating_anchor,0.9899,0.9817,56,5676,97.181,3.5家饰家纺 | 🌟🌟🌟🌟🌟 | B,罗莱家纺 | 3.5家饰家纺 | 🌟🌟🌟🌟🌟 | B | 罗莱老品牌，家纺值得信赖 | - | SHAOFEI韶菲护理烫发染发设计,ocr/input_videos\上海__世博源__20260826.mp4
OBS-000458,世博源,柠檬向右,柠檬向右,茶饮果汁,4.1,17,,rated,True,,rated,parsed,rating_anchor,0.9788,0.9876,59,5736,98.208,🌟🌟⭐⭐ | 4.1茶饮果汁￥17/人 | B,柠檬向右 | LEMOVRIHT | 酒博网志 | 🌟🌟⭐⭐ | 4.1茶饮果汁￥17/人 | B | 点评榜单 | 上南地区饮品回头客榜第3名 | 芙莉莲的味觉记忆 | ￥146.7折 | ￥21 | 【精选三种柠檬】鸭屎.. | 惠,ocr/input_videos\上海__世博源__20260826.mp4
OBS-000459,世博源,罗莱家纺,罗莱家纺,家饰家纺,3.5,,,rated,True,,rated,parsed,rating_anchor,0.9924,0.9927,56,5736,98.208,3.5家饰家纺 | B,罗莱家纺 | 3.5家饰家纺 | B | 罗莱老品牌，家纺值得信赖 | く,ocr/input_videos\上海__世博源__20260826.mp4
OBS-000460,世博源,SHAOFEI韶菲护理烫发染发设计,SHAOFEI韶菲护理烫发染发设计,美发,4.4,289,,rated,True,,rated,parsed,rating_anchor,0.975,0.9985,51,5736,98.208,4.4美发￥289/人 | G,SHAOFEI韶菲护理烫发染发设计 | 4.4美发￥289/人 | G | 上南地区洗剪吹销量榜第1名 | SHAOFEI | “理发染发效果致，服务温柔细” | 广告 | ￥888.9折 | ￥100 | 惠 | 【洗剪吹】专业设计..,ocr/input_videos\上海__世博源__20260826.mp4
OBS-000461,世博源,宝珠奶酪,宝珠奶酪,茶饮果汁,4.2,25,,rated,True,,rated,parsed,rating_anchor,0.9849,0.9987,57,5736,98.208,🌟🌟🌟🌟 | 4.2茶饮果汁￥25/人 | B,宝珠奶酪 | 寶 | 🌟🌟🌟🌟 | 4.2茶饮果汁￥25/人 | B | BOJOO | FERMENTE | 点评榜单 | 上南地区茶饮果汁好评榜第3名 | 珠 | ￥21.9 | 8.8折 | 惠 | ￥25酒酿桂花酪（标准杯）,ocr/input_videos\上海__世博源__20260826.mp4
OBS-000462,世博源,星巴克,星巴克,咖啡,4.1,39,L1,rated,True,,rated,parsed,rating_anchor,0.9789,0.9997,58,5736,98.208,🌟🌟🌟⭐ | L1 | 4.1咖啡￥39/人 | ★,星巴克 | 🌟🌟🌟⭐ | L1 | 4.1咖啡￥39/人 | ★ | 点评榜单 | 上南地区咖啡热门榜第2名,ocr/input_videos\上海__世博源__20260826.mp4
OBS-000463,世博源,柠檬向右,柠檬向右,茶饮果汁,4.1,17,,rated,True,,rated,parsed,rating_anchor,0.9822,0.994,57,5748,98.413,🌟🌟🌟🎉 | 4.1茶饮果汁￥17/人 | B | ★,柠檬向右 | LEMOV RIHT | R态 | 🌟🌟🌟🎉 | 4.1茶饮果汁￥17/人 | B | ★ | 点评榜单 | 上南地区饮品回头客榜第3名 | 芙莉莲的味觉记忆 | ￥146.7折 | 惠 | ￥21 | 【精选三种柠檬】鸭屎...,ocr/input_videos\上海__世博源__20260826.mp4
OBS-000464,世博源,罗莱家纺,罗莱家纺,家饰家纺,3.5,,,rated,True,,rated,parsed,rating_anchor,0.9973,0.9961,59,5748,98.413,★★★★★ | 3.5家饰家纺 | B,罗莱家纺 | ★★★★★ | 3.5家饰家纺 | B | 罗莱老品牌，家纺值得信赖”,ocr/input_videos\上海__世博源__20260826.mp4
OBS-000465,世博源,SHAOFEI韶菲护理烫发染发设计,SHAOFEI韶菲护理烫发染发设计,美发,4.4,289,,rated,True,,rated,parsed,rating_anchor,0.9673,0.9878,50,5748,98.413,4.4美发￥289/人 | G,SHAOFEI韶菲护理烫发染发设计 | 4.4美发￥289/人 | G | 上南地区洗剪吹销量榜第1名 | SHAOFEI | “理发染发效果一致，服务温柔细心” | 广告 | ￥888.9折 | ￥100 | 【洗剪吹】专业设计.. | 惠,ocr/input_videos\上海__世博源__20260826.mp4
OBS-000466,世博源,宝珠奶酪,宝珠奶酪,茶饮果汁,4.2,25,,rated,True,,rated,parsed,rating_anchor,0.9839,0.9995,56,5748,98.413,🌟🌟⭐⭐ | 4.2茶饮果汁￥25/人 | ★ | B,宝珠奶酪 | 寶 | 🌟🌟⭐⭐ | 4.2茶饮果汁￥25/人 | ★ | B | BOJOO | FERMENTE | 点评榜单 | 上南地区茶饮果汁好评榜第3名 | 珠 | ￥21.9 | 8.8折 | ￥25酒酿桂花酪(标准杯) | 惠,ocr/input_videos\上海__世博源__20260826.mp4
OBS-000467,世博源,星巴克,星巴克,咖啡,4.1,39,L1,rated,True,,rated,parsed,rating_anchor,0.9788,0.9993,64,5748,98.413,🌟🌟🌟🌟 | L1 | 4.1咖啡￥39/人,星巴克 | 🌟🌟🌟🌟 | L1 | 4.1咖啡￥39/人 | 点评镑单 | 上南地区咖啡热门榜第2名 | 真茶真奶真爱你 | “服务态度好，性价比高” | 3,ocr/input_videos\上海__世博源__20260826.mp4
OBS-000468,世博源,SHAOFEI韶菲护理烫发染发设计,SHAOFEI韶菲护理烫发染发设计,美发,4.4,289,,rated,True,,rated,parsed,rating_anchor,0.9527,0.9992,63,5868,100.468,🌟🌟★★ | ★4.4美发￥289/人 | G,SHAOFEI韶菲护理烫发染发设计 | 🌟🌟★★ | ★4.4美发￥289/人 | G | 上南地区洗剪吹销量榜第1名 | SHAOFEI | 理发染发效果一致，服务温柔细心” | 心 | 厂告 | ￥888.9折 | ￥100 | 【洗剪吹】专业设计.. | 惠,ocr/input_videos\上海__世博源__20260826.mp4
OBS-000469,世博源,宝珠奶酪,宝珠奶酪,茶饮果汁,4.2,25,,rated,True,,rated,parsed,rating_anchor,0.9825,0.9995,52,5868,100.468,🌟🌟🌟⭐🌟 | 4.2茶饮果汁￥25/人 | B,宝珠奶酪 | 寶 | 🌟🌟🌟⭐🌟 | 4.2茶饮果汁￥25/人 | B | BOJOO | FERMENTE | 点评榜单 | 上南地区茶饮果汁好评榜第3名 | 珠 | ￥21.9 | 8.8折 | 惠 | ￥25酒酿桂花酪（标准杯),ocr/input_videos\上海__世博源__20260826.mp4
OBS-000470,世博源,星巴克,星巴克,咖啡,4.1,39,L1,rated,True,,rated,parsed,rating_anchor,0.9765,0.9996,61,5868,100.468,⭐🌟🌟⭐ | L1 | 4.1咖啡￥39/人 | ★,星巴克 | ⭐🌟🌟⭐ | L1 | 4.1咖啡￥39/人 | ★ | 点评榜单 | 上南地区咖啡热门榜第2名 | 真茶真奶真愛你 | 服务态度好，性价比高 | ￥59.97.7折 | ￥78 | 惠 | 【爆款推荐】星巴克,ocr/input_videos\上海__世博源__20260826.mp4
OBS-000471,世博源,LeSportsac乐播诗,LeSportsac乐播诗,服饰鞋包,4.2,714,,rated,True,,rated,parsed,rating_anchor,0.9852,0.9993,51,5868,100.468,G | 4.2服饰鞋包￥714/人,LeSportsac乐播诗 | G | 4.2服饰鞋包￥714/人 | 超轻防水小猫咪包，逛街必备！ | 53,ocr/input_videos\上海__世博源__20260826.mp4
OBS-000472,世博源,吉吉靓甲美睫,吉吉靓甲美睫,美甲,4.5,227,L1,rated,True,,rated,parsed,rating_anchor,0.9394,0.9461,52,5868,100.468,L1 | 4.5美甲￥227/人,吉吉靓甲美睫 | 享7.8折 | 单项 | 双项 | 享6.8折 | L1 | 4.5美甲￥227/人 | 三项 | 享5.8折 | 持98权益会员 | 点评榜单 | 上南地区美甲美睫热门榜第4名 | 5 | ￥69.9￥168吉〖护理1精致修甲〗或.. | 惠,ocr/input_videos\上海__世博源__20260826.mp4
OBS-000473,世博源,宝珠奶酪,宝珠奶酪,茶饮果汁,4.2,25,,rated,True,,rated,parsed,rating_anchor,0.9534,0.9987,57,5904,101.084,⭐4.2茶饮果汁￥25/人 | B,宝珠奶酪 | 寶 | ⭐4.2茶饮果汁￥25/人 | B | BOJOO | FERMENTE | 点评榜单 | 上南地区茶饮果汁好评榜第3名 | 珠 | ￥21.98.8折 | ￥25酒酿桂花酪（标准杯） | 惠,ocr/input_videos\上海__世博源__20260826.mp4
OBS-000474,世博源,星巴克,星巴克,咖啡,4.1,39,L1,rated,True,,rated,parsed,rating_anchor,0.9807,0.999,61,5904,101.084,4.1咖啡￥39/人 | 🌟⭐🌟★ | L1,星巴克 | 4.1咖啡￥39/人 | 🌟⭐🌟★ | L1 | 点评榜单 | 上南地区咖啡热门榜第2名 | 真茶真奶真愛你 | 服务态度好，性价比高 | “ | 5 | ￥59.97.7折 | ￥78 | 【爆款推荐】星巴克. | 惠,ocr/input_videos\上海__世博源__20260826.mp4
OBS-000475,世博源,LeSportsac乐播诗,LeSportsac乐播诗,服饰鞋包,4.2,714,,rated,True,,rated,parsed,rating_anchor,0.9875,0.9997,58,5904,101.084,🌟🌟⭐⭐⭐ | 4.2服饰鞋包￥714/人 | G,LeSportsac乐播诗 | 🌟🌟⭐⭐⭐ | 4.2服饰鞋包￥714/人 | G | 超轻防水小猫咪包，逛街必备！ | 59,ocr/input_videos\上海__世博源__20260826.mp4
OBS-000476,世博源,吉吉靚甲美睫,吉吉靓甲美睫,美甲,4.5,227,L1,rated,True,,rated,parsed,rating_anchor,0.9265,0.9294,52,5904,101.084,L1 | 4.5美甲￥227/人,吉吉靚甲美睫 | 单项 | 享7.8折 | 享6.8折 | 双项 | L1 | 4.5美甲￥227/人 | 三项 | 享5.8折 | 持98权益会员 | 点评榜单 | 上南地区美甲美睫热门榜第4名 | “温馨舒适，美甲师手法娴熟 | ￥69.9￥168吉〖护理1精致修甲〗或... | 惠,ocr/input_videos\上海__世博源__20260826.mp4
OBS-000477,世博源,宝珠奶酪,宝珠奶酪,茶饮果汁,4.2,25,,rated,True,,rated,parsed,rating_anchor,0.9866,0.9991,59,5976,102.317,🌟🌟⭐🎉 | 4.2茶饮果汁￥25/人 | B,宝珠奶酪 | 寶 | 🌟🌟⭐🎉 | 4.2茶饮果汁￥25/人 | B | BOJOO | FERMENTE | 点评榜单 | 上南地区茶饮果汁好评榜第3名 | 珠 | ￥25酒酿桂花酪(标准杯) | ￥21.9 | 8.8折 | 惠,ocr/input_videos\上海__世博源__20260826.mp4
OBS-000478,世博源,星巴克,星巴克,咖啡,4.1,39,L1,rated,True,,rated,parsed,rating_anchor,0.9644,0.9995,59,5976,102.317,L1 | 🌟🌟⭐ | 4.1咖啡￥39/人 | ★,星巴克 | L1 | 🌟🌟⭐ | 4.1咖啡￥39/人 | ★ | 点评榜单 | 上南地区咖啡热门榜第2名 | 真茶真奶真愛你 | 服务态度好，性价比高 | C | 2 | ￥78 | ￥59.9 | 【爆款推荐】星巴克. | 7.7折 | 惠,ocr/input_videos\上海__世博源__20260826.mp4
OBS-000479,世博源,LeSportsac乐播诗,LeSportsac乐播诗,服饰鞋包,4.2,714,,rated,True,,rated,parsed,rating_anchor,0.9772,0.9998,56,5976,102.317,G | 🌟🌟🎉🌟⭐ | 服饰鞋包￥714/人 | 4.2,LeSportsac乐播诗 | G | 🌟🌟🎉🌟⭐ | 服饰鞋包￥714/人 | 4.2 | 超轻防水小猫咪包，逛街必备！ | 53,ocr/input_videos\上海__世博源__20260826.mp4
OBS-000480,世博源,吉吉靓甲美睫,吉吉靓甲美睫,美甲,4.5,227,L1,rated,True,,rated,parsed,rating_anchor,0.9475,0.9758,54,5976,102.317,🌟🌟🌟🌟🌟 | L1 | 美甲￥227/人 | 4.5,吉吉靓甲美睫 | 单项 | 享7.8折 | 双项 | 享6.8折 | 🌟🌟🌟🌟🌟 | L1 | 美甲￥227/人 | 4.5 | 三项 | 享5.8折 | 持98权益会员 | 点评榜单 | 上南地区美甲美睫热门榜第4名 | “温馨舒适，美甲师法娴熟” | ￥69.9￥168吉〖护理1精致修甲〗或.. | 惠,ocr/input_videos\上海__世博源__20260826.mp4
OBS-000481,世博源,LELECHA乐乐茶,LELECHA乐乐茶,茶饮果汁,,21,,unknown,True,,ocr_missing,parsed,metadata_anchor,0.9367,0.999,51,5976,102.317,茶饮果汁￥21/人 | B | 2,LELECHA乐乐茶 | 无花果 | 茶饮果汁￥21/人 | B | 2,ocr/input_videos\上海__世博源__20260826.mp4
OBS-000482,世博源,星巴克,星巴克,咖啡,4.1,39,L1,rated,True,,rated,parsed,rating_anchor,0.976,0.999,65,6024,103.139,🌟🌟⭐⭐ | L1 | 4.1咖啡￥39/人 | ★,星巴克 | 🌟🌟⭐⭐ | L1 | 4.1咖啡￥39/人 | ★ | 点评榜单 | 上南地区咖啡热门榜第2名 | 真茶真奶真爱你 | 服务态度好，性价比高 | ￥59.97.7折 | 【爆款推荐】星巴克... | 惠 | ￥78,ocr/input_videos\上海__世博源__20260826.mp4
OBS-000483,世博源,LeSportsac乐播诗,LeSportsac乐播诗,服饰鞋包,4.2,714,,rated,True,,rated,parsed,rating_anchor,0.9862,0.9994,55,6024,103.139,G | 4.2服饰鞋包￥714/人 | 🌟🌟🌟⭐⭐,LeSportsac乐播诗 | G | 4.2服饰鞋包￥714/人 | 🌟🌟🌟⭐⭐ | 超轻防水小猫咪包，逛街必备！ | 55 | C,ocr/input_videos\上海__世博源__20260826.mp4
OBS-000484,世博源,吉吉靓甲美睫,吉吉靓甲美睫,美甲,4.5,227,L1,rated,True,,rated,parsed,rating_anchor,0.9447,0.9391,52,6024,103.139,4.5美甲￥227/人 | L1,吉吉靓甲美睫 | 单项 | 享7.8折 | 双项 | 享6.8折 | 4.5美甲￥227/人 | L1 | 三项 | 享5.8折 | 持98权益会员 | 点评榜单 | 上南地区美甲美睫热门榜第4名 | 美甲198元起砖毛298元起 | 温馨舒适，美甲师手法娴熟 | 门 | 2 | ￥69.9￥168吉〖护理1精致修甲〗或. | 惠,ocr/input_videos\上海__世博源__20260826.mp4
OBS-000485,世博源,LELECHA乐乐茶,LELECHA乐乐茶,茶饮果汁,3.9,21,,rated,True,,rated,parsed,rating_anchor,0.9783,0.9989,48,6024,103.139,🌟🌟🎉🌟⭐3.9 | 茶饮果汁￥21/人 | B,LELECHA乐乐茶 | 无花黑 | 🌟🌟🎉🌟⭐3.9 | 茶饮果汁￥21/人 | B | 荔技冰 | lune | 点评榜单 | 上南地区饮品销量榜第3名 | [LeLecta | ￥19 | ￥14.87.8折 | 【清爽果茶】随心鲜.. | 惠,ocr/input_videos\上海__世博源__20260826.mp4
OBS-000486,世博源,Peet's皮爷咖啡,Peet's皮爷咖啡,咖啡,4.2,38,L1,rated,True,,rated,parsed,rating_anchor,0.985,0.998,52,6024,103.139,4.2咖啡￥38/人 | ⭐🌟🌟🌟 | L1 | ★,Rert | Peet's皮爷咖啡 | 4.2咖啡￥38/人 | ⭐🌟🌟🌟 | L1 | ★ | 点评榜单 | 世博源咖啡热门榜第2名 | 馥桂在握,ocr/input_videos\上海__世博源__20260826.mp4
OBS-000487,世博源,LeSportsac乐播诗,LeSportsac乐播诗,服饰鞋包,4.2,714,,rated,True,,rated,parsed,rating_anchor,0.9823,0.9995,53,6084,104.166,🌟🌟🌟🌟🌟 | 4.2服饰鞋包￥714/人 | G,LeSportsac乐播诗 | 🌟🌟🌟🌟🌟 | 4.2服饰鞋包￥714/人 | G | 超轻防水小猫咪包，逛街必备！ | 53,ocr/input_videos\上海__世博源__20260826.mp4
OBS-000488,世博源,吉吉靓甲美睫,吉吉靓甲美睫,美甲,4.5,227,L1,rated,True,,rated,parsed,rating_anchor,0.9204,0.9444,52,6084,104.166,L1 | ★4.5美甲￥227/人,吉吉靓甲美睫 | 享7.8折 | 单项 | 双项 | 享6.8折 | L1 | ★4.5美甲￥227/人 | 三项 | 享5.8折 | 持98权益会员 | 点评榜单 | 上南地区美甲美睫热门榜第4名 | 睫毛298元起 | 干 | ￥69.9￥168吉〖护理1精致修甲〗或.. | 惠,ocr/input_videos\上海__世博源__20260826.mp4
OBS-000489,世博源,LELECHA乐乐茶,LELECHA乐乐茶,茶饮果汁,3.9,21,,rated,True,,rated,parsed,rating_anchor,0.9771,0.999,52,6084,104.166,🌟🌟🌟🌟🌟 | 茶饮果汁￥21/人 | 3.9 | B,LELECHA乐乐茶 | 无花果 | 🌟🌟🌟🌟🌟 | 茶饮果汁￥21/人 | 3.9 | B | 荔档冰 | 点评榜单 | 上南地区饮品销量榜第3名 | 5 | [LeLeCHm | ￥19 | ￥14.87.8折 | 惠 | 【清爽果茶】随心鲜.,ocr/input_videos\上海__世博源__20260826.mp4
OBS-000490,世博源,Peet's皮爷咖啡,Peet's皮爷咖啡,咖啡,4.2,38,L1,rated,True,,rated,parsed,rating_anchor,0.979,0.9956,55,6084,104.166,4.2咖啡￥38/人 | ⭐🌟⭐⭐ | L1 | ★,Rets | Peet's皮爷咖啡 | 4.2咖啡￥38/人 | ⭐🌟⭐⭐ | L1 | ★ | 点评榜单 | 世博源咖啡热门榜第2名 | 馥桂在握 | ￥25.86.7折 | ￥39 | 【新人专享】第一杯. | 惠,ocr/input_videos\上海__世博源__20260826.mp4
OBS-000491,世博源,LeSportsac乐播诗,LeSportsac乐播诗,服饰鞋包,4.2,714,,rated,True,,rated,parsed,rating_anchor,0.9492,0.9328,38,6108,104.577,🌟🌟⭐⭐⭐ | G | 4.2服饰鞋包￥714/人,LeSportsac乐播诗 | 🌟🌟⭐⭐⭐ | G | 4.2服饰鞋包￥714/人 | 3 | 超轻防水小猫咪包，逛街必备！,ocr/input_videos\上海__世博源__20260826.mp4
OBS-000492,世博源,吉吉靚甲美睫,吉吉靓甲美睫,美甲,4.5,227,L1,rated,True,,rated,parsed,rating_anchor,0.9299,0.9177,52,6108,104.577,★★🌟🌟🌟 | L1 | 4.5美甲￥227/人,吉吉靚甲美睫 | 单项 | 享7.8折 | 享6.8折 | 双项 | ★★🌟🌟🌟 | L1 | 4.5美甲￥227/人 | 三项 | 享5.8折 | 持98权益会员 | 点评榜单 | 上南地区美甲美睫热门榜第4名 | 美甲198元起晓毛298元起 | “温馨舒适，美甲师手法娴熟” | ￥69.9￥168吉〖护理1精致修甲〗或.. | 惠,ocr/input_videos\上海__世博源__20260826.mp4
OBS-000493,世博源,LELECHA乐乐茶,LELECHA乐乐茶,茶饮果汁,3.9,21,,rated,True,,rated,parsed,rating_anchor,0.9807,0.9989,53,6108,104.577,🌟🌟🌟🌟 | 茶饮果汁￥21/人 | B | 3.9,LELECHA乐乐茶 | 无花果 | 🌟🌟🌟🌟 | 茶饮果汁￥21/人 | B | 3.9 | 荔技冰 | lue | 点评榜单 | 上南地区饮品销量榜第3名 | 嘉 | [el4] | ￥14.87.8折 | ￥19 | 【清爽果茶】随心鲜. | 惠,ocr/input_videos\上海__世博源__20260826.mp4
OBS-000494,世博源,Peet's皮爷咖啡,Peet's皮爷咖啡,咖啡,4.2,38,L1,rated,True,,rated,parsed,rating_anchor,0.97,0.9982,52,6108,104.577,🌟🌟🌟🌟 | L1 | 咖啡￥38/人 | 4.2 | ★,Peet's皮爷咖啡 | P | Pets | 🌟🌟🌟🌟 | L1 | 咖啡￥38/人 | 4.2 | ★ | 点评榜单 | 世博源咖啡热门榜第2名 | 馥桂在握 | ￥25.86.7折 | ￥39 | 【新人专享】第一杯. | 惠,ocr/input_videos\上海__世博源__20260826.mp4
OBS-000495,世博源,特漾屋,特漾屋,购物,4.3,,,rated,True,,rated,parsed,rating_anchor,0.9989,0.999,55,6108,104.577,4.3购物 | 🌟🌟⭐⭐ | ★,特漾屋 | 专业维修各类空调 | 蜜识维修 | 4.3购物 | 🌟🌟⭐⭐ | ★ | 医调移机 | 空调加痕 | 空银镜洗 | 日韩进口商品，碗碟好精致 | ≤ | 医记安装 | 空调拆机 | 空调涌水 | 空调服务 | COSTA COFFEE | COSTA | SSFPIE | 桂香满咖,ocr/input_videos\上海__世博源__20260826.mp4
OBS-000496,世博源,吉吉靓甲美睫,吉吉靓甲美睫,美甲,4.5,227,L1,rated,True,,rated,parsed,rating_anchor,0.9419,0.9331,52,6132,104.988,🌟🌟🎉🎉🌟 | 美甲￥227/人 | L1 | 4.5,吉吉靓甲美睫 | 单项 | 享7.8折 | 双项 | 享6.8折 | 🌟🌟🎉🎉🌟 | 美甲￥227/人 | L1 | 4.5 | 三项 | 享5.8折 | 持98权益会员 | 点评榜单 | 上南地区美甲美睫热门榜第4名 | “温馨舒适，美甲师手法娴熟” | 美甲198元起 | 睫毛298元起 | 2 | 香 | ￥69.9￥168吉〖护理1精致修甲〗或.. | 惠,ocr/input_videos\上海__世博源__20260826.mp4
OBS-000497,世博源,LELECHA乐乐茶,LELECHA乐乐茶,茶饮果汁,3.9,21,,rated,True,,rated,parsed,rating_anchor,0.9819,0.9993,51,6132,104.988,🌟🌟🌟 | 茶饮果汁￥21/人 | B | 3.9,LELECHA乐乐茶 | 无花果 | 🌟🌟🌟 | 茶饮果汁￥21/人 | B | 3.9 | 荔技冰 | 12 | 点评榜单 | 上南地区饮品销量榜第3名 | 福 | 5 | LeLeohs | ￥14.8 | ￥19 | 7.8折 | 惠 | 【清爽果茶】随心鲜...,ocr/input_videos\上海__世博源__20260826.mp4
OBS-000498,世博源,Peet's 皮爷咖啡,Peet's皮爷咖啡,咖啡,4.2,38,L1,rated,True,,rated,parsed,rating_anchor,0.9564,0.9669,51,6132,104.988,⭐🌟⭐🌟 | L1 | 咖啡￥38/人 | 4.2 | ★,Peet's 皮爷咖啡 | P | Peets | ⭐🌟⭐🌟 | L1 | 咖啡￥38/人 | 4.2 | ★ | 点评榜单 | 世博源咖啡热门榜第2名 | 馥桂在握 | 6.7折 | ￥25.8 | ￥39 | 惠 | 【新人专享】第一杯...,ocr/input_videos\上海__世博源__20260826.mp4
OBS-000499,世博源,特漾屋,特漾屋,购物,4.3,,,rated,True,,rated,parsed,rating_anchor,0.9999,0.9998,54,6132,104.988,购物 | 🌟🌟🌟🌟 | 4.3 | ★,特漾屋 | 专业维修各类空调 | 空调维修 | 购物 | 🌟🌟🌟🌟 | 4.3 | ★ | 空调移机 | 空银加量 | 运吧液洗 | 日韩进口商品，碗碟好精致” | “ | 全训安路 | 空调拆机 | 室识温水 | 空调服务,ocr/input_videos\上海__世博源__20260826.mp4
OBS-000500,世博源,COSTA COFFEE,COSTACOFFEE,咖啡,4.2,27,商场内,rated,True,,rated,parsed,rating_anchor,0.9465,0.9895,43,6132,104.988,咖啡￥27/人 | 商场内 | 🌟🌟🌟🌟 | 4.2,COSTA COFFEE | COSTA | 桂香满咖 | 咖啡￥27/人 | 商场内 | 匠于秋 | 🌟🌟🌟🌟 | 4.2 | 点评榜单 | 世博源咖啡销量榜第1名,ocr/input_videos\上海__世博源__20260826.mp4
OBS-000501,世博源,吉吉靓甲美睫,吉吉靓甲美睫,美甲,4.5,227,L1,rated,True,,rated,parsed,rating_anchor,0.9292,0.9214,52,6216,106.426,🌟🌟⭐⭐🌟 | L1 | 美甲￥227/人 | 4.5,吉吉靓甲美睫 | 单项 | 享7.8折 | 双项 | 享6.8折 | 🌟🌟⭐⭐🌟 | L1 | 美甲￥227/人 | 4.5 | 三项 | 享5.8折 | 持98权益会员 | 点评榜单 | 上南地区美甲美睫热门榜第4名 | “温馨舒适，美甲师法娴熟” | 惠 | ￥69.9￥168吉〖护理1精致修甲〗或...,ocr/input_videos\上海__世博源__20260826.mp4
OBS-000502,世博源,LELECHA乐乐茶,LELECHA乐乐茶,茶饮果汁,3.9,21,,rated,True,,rated,parsed,rating_anchor,0.9788,0.9988,50,6216,106.426,★★★★★ | 茶饮果汁￥21/人 | B | 3.9,LELECHA乐乐茶 | 无花黑 | ★★★★★ | 茶饮果汁￥21/人 | B | 3.9 | 荔接冰 | 点评榜单 | Lla | 上南地区饮品销量榜第3名 | 福 | 50 | [LeLechn | ￥19 | 7.8折 | 【清爽果茶】随心鲜.. | ￥14.8 | 惠,ocr/input_videos\上海__世博源__20260826.mp4
OBS-000503,世博源,Peet's皮爷咖啡,Peet's皮爷咖啡,咖啡,4.2,38,L1,rated,True,,rated,parsed,rating_anchor,0.9671,0.9955,52,6216,106.426,🌟🌟🌟🌟 | L1 | 咖啡￥38/人 | 4.2 | ★,Peet's皮爷咖啡 | P | Reets | 🌟🌟🌟🌟 | L1 | 咖啡￥38/人 | 4.2 | ★ | 点评榜单 | 世博源咖啡热门榜第2名 | 馥桂在握 | ￥25.86.7折 | 惠 | 【新人专享】第一杯... | ￥39,ocr/input_videos\上海__世博源__20260826.mp4
OBS-000504,世博源,特漾屋,特漾屋,购物,4.3,,,rated,True,,rated,parsed,rating_anchor,0.9988,0.9997,55,6216,106.426,4.3购物 | ⭐🌟⭐⭐🌟,特漾屋 | 专业维修各类空调 | 空调维临 | 4.3购物 | ⭐🌟⭐⭐🌟 | 空调移机 | 运银加量 | 空识液洗 | 日韩进口商品，碗碟好精致 | “ | 全训安装 | 巫调拆机 | 空识漏水 | 等空调服务,ocr/input_videos\上海__世博源__20260826.mp4
OBS-000505,世博源,COSTA COFFEE,COSTACOFFEE,咖啡,4.2,27,商场内,rated,True,,rated,parsed,rating_anchor,0.9627,0.9874,45,6216,106.426,商场内 | 🌟🌟⭐🌟 | 咖啡￥27/人 | 4.2,COSTA COFFEE | COSTA | tePER | K | 桂香满咖 | 商场内 | 🌟🌟⭐🌟 | 匠暖于秋 | 咖啡￥27/人 | 4.2 | 2 | 点评榜单 | 世博源咖啡销量榜第1名 | ￥21.97.3折 | ￥30 | 惠 | 【咖家经典】美式咖啡,ocr/input_videos\上海__世博源__20260826.mp4
OBS-000506,世博源,Peet's 皮爷咖啡,Peet's皮爷咖啡,咖啡,4.2,38,L1,rated,True,,rated,parsed,rating_anchor,0.9858,0.9717,51,6264,107.248,★★★★ | L1 | 4.2 | 咖啡 | ￥38/人,Peet's 皮爷咖啡 | P | Peets | ★★★★ | L1 | 4.2 | 咖啡 | ￥38/人 | 点评榜单 | 世博源咖啡热门榜第2名 | 馥桂在握 | ￥25.8 | 6.7折 | ￥39 | 【新人专享】第一杯... | 惠,ocr/input_videos\上海__世博源__20260826.mp4
OBS-000507,世博源,特漾屋,特漾屋,购物,4.3,,,rated,True,,rated,parsed,rating_anchor,0.9999,0.9999,61,6264,107.248,⭐🌟🌟🌟 | 购物 | 4.3 | ★,特漾屋 | 专业维修各类空调 | 空设维修 | ⭐🌟🌟🌟 | 购物 | 4.3 | ★ | 空调移机 | 空键加霜 | 经调粮洗 | 碗碟好精致” | “ | 日韩进口商品， | 国话好装 | 空调拆机 | 空调漏水 | 警空调服务,ocr/input_videos\上海__世博源__20260826.mp4
OBS-000508,世博源,COSTA COFFEE,COSTACOFFEE,咖啡,4.2,,商场内,rated,True,,rated,parsed,rating_anchor,0.9745,0.9489,51,6264,107.248,商场内 | 🌟🌟🌟🌟 | 咖啡 | ￥271人 | 4.2,COSTA COFFEE | COSTA | CCPE | 桂香满ghu | SE | 商场内 | 匠暖于秋 | 🌟🌟🌟🌟 | 咖啡 | ￥271人 | 4.2 | 点评榜单 | 世博源咖啡销量榜第1名 | ￥21.9 | ￥30 | 7.3折 | 惠 | 【咖家经典】美式咖啡,ocr/input_videos\上海__世博源__20260826.mp4
OBS-000509,世博源,喜识·冰糖葫芦·炒酸奶,喜识·冰糖葫芦·炒酸奶,冰淇淋,3.8,19,,rated,True,,rated,parsed,rating_anchor,0.9892,0.9863,56,6264,107.248,⭐🌟⭐⭐⭐3.8 | G | 冰淇淋 | ￥19/人,喜识·冰糖葫芦·炒酸奶 | 喜识 | ③ | ⭐🌟⭐⭐⭐3.8 | G | 冰淇淋 | ￥19/人 | XIS HI | 冰糖蔬芦·炒酸好 | 点评榜单 | 浦东新区冰淇淋回头客榜第2名 | 饭前饭后吃喜识 | 全国门店700+ | ￥8.8 | ￥10原味大串冰糖葫芦 | 8.8折 | 惠,ocr/input_videos\上海__世博源__20260826.mp4
OBS-000510,世博源,Columbia,Columbia,服装,4.2,1188,,rated,True,,rated,parsed,rating_anchor,0.9863,0.9995,51,6264,107.248,🌟🌟🌟🌟⭐ | 4.2服装￥1188/人 | G,Columbia | 9 | 🌟🌟🌟🌟⭐ | 4.2服装￥1188/人 | G | 三合一冲锋衣防水透气，品质一流” | 瑞幸咖啡,ocr/input_videos\上海__世博源__20260826.mp4
OBS-000511,世博源,特漾屋,特漾屋,购物,4.3,,,rated,True,,rated,parsed,rating_anchor,0.9939,0.9879,47,6408,109.714,🌟🌟⭐⭐ | 购物 | 4.3 | ★,特漾屋 | 专业维修各类空调 | 空训维临 | 🌟🌟⭐⭐ | 购物 | 4.3 | ★ | 还银移机 | 空调加霜 | 空迎雅洗 | 日韩进口商品，碗碟好精致” | “ | 查训安装 | 还调拆机 | 空调涌水 | 翠空训服务,ocr/input_videos\上海__世博源__20260826.mp4
OBS-000512,世博源,COSTA COFFEE,COSTACOFFEE,咖啡,4.2,27,商场内,rated,True,,rated,parsed,rating_anchor,0.959,0.9812,48,6408,109.714,商场内 | 🌟🌟⭐⭐ | 咖啡￥27/人 | 4.2,COSTA COFFEE | COSTA | h | SETFIE | 桂香满咖 | 00元 | 商场内 | 🌟🌟⭐⭐ | 咖啡￥27/人 | 匠暖于秋 | 4.2 | 点评榜单 | 世博源咖啡销量榜第1名 | ￥21.9 | ￥30 | 7.3折 | 【咖家经典】美式咖啡 | 惠,ocr/input_videos\上海__世博源__20260826.mp4
OBS-000513,世博源,喜识·冰糖葫芦·炒酸奶,喜识·冰糖葫芦·炒酸奶,冰淇淋,3.8,19,,rated,True,,rated,parsed,rating_anchor,0.9816,0.9875,56,6408,109.714,3.8冰淇淋￥19/人 | 🌟🌟🎉🌟🌟 | G,喜识·冰糖葫芦·炒酸奶 | 喜识 | @ | 3.8冰淇淋￥19/人 | 🌟🌟🎉🌟🌟 | G | XISHI | 冰糖益芦·炒酸超 | 点评榜单 | 浦东新区冰淇淋回头客榜第2名 | 饭前饭后吃喜识 | 全国门店700+ | 8.8折 | ￥8.8 | ￥10原味大串冰糖葫芦 | 惠,ocr/input_videos\上海__世博源__20260826.mp4
OBS-000514,世博源,Columbia,Columbia,服装,4.2,1188,,rated,True,,rated,parsed,rating_anchor,0.9837,0.9996,52,6408,109.714,🌟🌟🌟⭐🌟 | G | 4.2服装￥1188/人,Columbia | 电永 | 🌟🌟🌟⭐🌟 | G | 4.2服装￥1188/人 | 三合冲锋防透，品质流”,ocr/input_videos\上海__世博源__20260826.mp4
OBS-000515,世博源,瑞幸咖啡,瑞幸咖啡,咖啡,4.2,14,L1,rated,True,,rated,parsed,rating_anchor,0.9617,0.9998,57,6408,109.714,🌟🌟🎉🌟 | L1 | 咖啡￥14/人 | 4.2,瑞幸咖啡 | 🌟🌟🎉🌟 | L1 | 咖啡￥14/人 | 4.2 | 点评榜单 | 世博源咖啡回头客榜第2名 | 双杯冰茶清爽登场！ | 通 | 器 | 美 | ￥11.9 | ￥20 | 6折 | 惠 | 【瑞门闭眼入】10选1,ocr/input_videos\上海__世博源__20260826.mp4
OBS-000516,世博源,特漾屋,特漾屋,购物,4.3,,,rated,True,,rated,parsed,rating_anchor,0.9948,0.9897,47,6432,110.124,🌟🌟⭐⭐ | 购物 | 4.3 | ★,特漾屋 | 专业维修各类空调 | 空训维修 | 🌟🌟⭐⭐ | 购物 | 4.3 | ★ | 还银移机 | 空调加氟 | 空迎精戏 | 日韩进口商品，碗碟好精致” | “ | 查训安装 | 运调拆机 | 空调涌水 | 空训服务,ocr/input_videos\上海__世博源__20260826.mp4
OBS-000517,世博源,COSTA COFFEE,COSTACOFFEE,咖啡,4.2,27,商场内,rated,True,,rated,parsed,rating_anchor,0.9553,0.9838,45,6432,110.124,🌟🌟⭐⭐ | 商场内 | 咖啡￥27/人 | 4.2,COSTA COFFEE | COSTA | h | SETFIE | 桂香满咖 | 00元 | 🌟🌟⭐⭐ | 商场内 | 匠暖于秋 | 咖啡￥27/人 | 4.2 | 点评榜单 | 世博源咖啡销量榜第1名 | ￥21.9 | ￥30 | 7.3折 | 惠 | 【咖家经典】美式咖啡,ocr/input_videos\上海__世博源__20260826.mp4
OBS-000518,世博源,喜识·冰糖葫芦·炒酸奶,喜识·冰糖葫芦·炒酸奶,冰淇淋,3.8,19,,rated,True,,rated,parsed,rating_anchor,0.982,0.9885,56,6432,110.124,G | 🌟🌟🎉🌟🌟 | 3.8冰淇淋￥19/人,喜识·冰糖葫芦·炒酸奶 | @ | 喜识 | G | 🌟🌟🎉🌟🌟 | 3.8冰淇淋￥19/人 | XISHI | 冰糖猫芦·炒腔 | 点评榜单 | 浦东新区冰淇淋回头客榜第2名 | 饭前饭后吃喜识 | 全国门店700+ | ￥8.8 | 8.8折 | ￥10原味大串冰糖葫芦 | 惠,ocr/input_videos\上海__世博源__20260826.mp4
OBS-000519,世博源,Columbia,Columbia,服装,4.2,1188,,rated,True,,rated,parsed,rating_anchor,0.984,0.9996,51,6432,110.124,🌟🌟⭐🌟 | 4.2服装￥1188/人 | G | ★,Columbia | 永 | 🌟🌟⭐🌟 | 4.2服装￥1188/人 | G | ★ | 三合冲锋衣防水透气，品质流”,ocr/input_videos\上海__世博源__20260826.mp4
OBS-000520,世博源,瑞幸咖啡,瑞幸咖啡,咖啡,4.2,14,L1,rated,True,,rated,parsed,rating_anchor,0.9617,0.9997,56,6432,110.124,🌟🌟🎉🌟 | L1 | 咖啡￥14/人 | 4.2,瑞幸咖啡 | 🌟🌟🎉🌟 | L1 | 咖啡￥14/人 | 4.2 | 点评榜单 | 世博源咖啡回头客榜第2名 | 双杯冰茶清爽登场！ | 通 | 器 | 1 | ￥11.9 | ￥20 | 6折 | 【瑞门闭眼入】10选1 | 惠,ocr/input_videos\上海__世博源__20260826.mp4
OBS-000521,世博源,喜识·冰糖葫芦·炒酸奶,喜识·冰糖葫芦·炒酸奶,冰淇淋,3.8,19,,rated,True,,rated,parsed,rating_anchor,0.9512,0.9876,54,6456,110.535,3.8冰淇淋￥19/人 | G,喜识·冰糖葫芦·炒酸奶 | ④ | 喜识 | 3.8冰淇淋￥19/人 | G | XISHI | 冰糖萄芦·炒酸的 | 点评榜单 | 浦东新区冰淇淋回头客榜第2名 | 饭前饭后吃喜识 | 全国门店700+ | ￥8.88.8折 | ￥10原味大串冰糖葫芦 | 惠,ocr/input_videos\上海__世博源__20260826.mp4
OBS-000522,世博源,Columbia,Columbia,服装,4.2,,,rated,True,,rated,parsed,rating_anchor,0.9765,0.9993,52,6456,110.535,4.2服装￥1188/ | G,Columbia | 面水所 | 4.2服装￥1188/ | G | 三合冲锋防透，品质流”,ocr/input_videos\上海__世博源__20260826.mp4
OBS-000523,世博源,瑞幸咖啡,瑞幸咖啡,咖啡,4.2,14,L1,rated,True,,rated,parsed,rating_anchor,0.9711,0.9999,57,6456,110.535,4.2咖啡￥14/人 | ★🌟🌟 | L1 | ★,瑞幸咖啡 | 4.2咖啡￥14/人 | ★🌟🌟 | L1 | ★ | 点评榜单 | 世博源咖啡回头客榜第2名 | 双杯冰茶清爽登场！ | mi nby | X | ￥11.9 | ￥20 | 6折 | 【瑞门闭眼入】10选1 | 惠,ocr/input_videos\上海__世博源__20260826.mp4
OBS-000524,世博源,煲珠公·老红糖珍珠奶茶,煲珠公·老红糖珍珠奶茶,茶饮果汁,4.3,16,,rated,True,,rated,parsed,rating_anchor,0.9805,0.9942,57,6456,110.535,🌟🌟🌟🌟 | 4.3茶饮果汁￥16/人 | B,煲珠公·老红糖珍珠奶茶 | 国年公 | 土巴乐的香 | 🌟🌟🌟🌟 | 4.3茶饮果汁￥16/人 | B | 点评榜单 | 世博源饮品回头客榜第2名 | 美味珍珠奶茶，软糯感细腻” | “ | ￥18老红糖珍珠奶茶（... | ￥15.9 | 8.9折 | 惠,ocr/input_videos\上海__世博源__20260826.mp4
OBS-000525,世博源,Champion,Champion,服装,4.3,,,rated,True,,rated,parsed,rating_anchor,0.9969,0.9982,59,6456,110.535,🌟🌟★⭐🌟 | 4.3服装 | B,Champion | 🌟🌟★⭐🌟 | 4.3服装 | B | “服装款式多样，运动休闲两不误',ocr/input_videos\上海__世博源__20260826.mp4
OBS-000526,世博源,瑞幸咖啡,瑞幸咖啡,咖啡,4.2,14,L1,rated,True,,rated,parsed,rating_anchor,0.9783,0.9998,56,6480,110.946,🌟🌟🌟🌟 | L1 | 4.2咖啡￥14/人,瑞幸咖啡 | 🌟🌟🌟🌟 | L1 | 4.2咖啡￥14/人 | 点评榜单 | 世博源咖啡回头客榜第2名 | 双杯水茶清爽登场！ | 果香酒茶 | 1 | ￥11.9 | ￥20 | 6折 | 惠 | 【瑞门闭眼入】10选1,ocr/input_videos\上海__世博源__20260826.mp4
OBS-000527,世博源,煲珠公·老红糖珍珠奶茶,煲珠公·老红糖珍珠奶茶,茶饮果汁,4.3,16,,rated,True,,rated,parsed,rating_anchor,0.9865,0.9956,51,6480,110.946,🌟🌟 | 4.3茶饮果汁￥16/人 | B | ★,煲珠公·老红糖珍珠奶茶 | 土芭乐的香 | 5 | 🌟🌟 | 4.3茶饮果汁￥16/人 | B | ★ | 点评榜单 | 世博源饮品回头客榜第2名 | 美味珍珠奶茶，软糯口感细腻 | C | 0181 | ￥15.9 | ￥18老红糖珍珠奶茶（首... | 8.9折 | 惠,ocr/input_videos\上海__世博源__20260826.mp4
OBS-000528,世博源,Champion,Champion,服装,4.3,,,rated,True,,rated,parsed,rating_anchor,0.9995,0.9992,60,6480,110.946,⭐🌟⭐⭐ | 服装 | 4.3 | B | ★,Champion | ⭐🌟⭐⭐ | 服装 | 4.3 | B | ★ | 服装款式多样，运动休闲两不误,ocr/input_videos\上海__世博源__20260826.mp4
OBS-000529,世博源,7分甜,7分甜,茶饮果汁,3.8,17,L1,rated,True,,rated,parsed,rating_anchor,0.9874,0.9991,63,6480,110.946,🌟✨⭐🌟⭐ | L1 | 3.8茶饮果汁￥17/人,7分甜 | 福厦 | 🌟✨⭐🌟⭐ | L1 | 3.8茶饮果汁￥17/人 | 点评榜单 | 上南地区饮品销量榜第4名 | 服务热情出餐快，不甜适口大众爱” | 【经典热销】芒椰小... | 6.9折 | ￥21 | ￥14.3| | 惠,ocr/input_videos\上海__世博源__20260826.mp4
OBS-000530,世博源,Columbia,Columbia,服装,4.2,1188,,rated,True,,rated,parsed,rating_anchor,0.9844,0.9994,51,6504,111.357,🌟🌟🎉🎉🌟 | 4.2服装￥1188/人 | G,Columbia | M90n | 🌟🌟🎉🎉🌟 | 4.2服装￥1188/人 | G | 三合冲锋衣防透，品质流”,ocr/input_videos\上海__世博源__20260826.mp4
OBS-000531,世博源,瑞幸咖啡,瑞幸咖啡,咖啡,4.2,14,L1,rated,True,,rated,parsed,rating_anchor,0.9759,0.9997,56,6504,111.357,4.2咖啡￥14/人 | L1 | 🌟🌟🌟🌟,瑞幸咖啡 | 4.2咖啡￥14/人 | L1 | 🌟🌟🌟🌟 | 点评榜单 | 世博源咖啡回头客榜第2名 | 双杯冰茶清爽登场！ | 酒茶 | ： | 限 | 2 | cnhy | ￥20 | 6折 | 【瑞门闭眼入】10选1 | ￥11.9| | 惠,ocr/input_videos\上海__世博源__20260826.mp4
OBS-000532,世博源,煲珠公·老红糖珍珠奶茶,煲珠公·老红糖珍珠奶茶,茶饮果汁,4.3,16,,rated,True,,rated,parsed,rating_anchor,0.9792,0.9948,54,6504,111.357,⭐🌟🌟🌟 | 茶饮果汁￥16/人 | 4.3 | B,煲珠公·老红糖珍珠奶茶 | 国年公 | - | 土芭乐的香 | ⭐🌟🌟🌟 | 茶饮果汁￥16/人 | 4.3 | B | 点评榜单 | 世博源饮品回头客榜第2名 | 美味珍珠奶茶，软糯口感细腻” | “ | 8.9折 | ￥18老红糖珍珠奶茶（首... | ￥15.9 | 惠,ocr/input_videos\上海__世博源__20260826.mp4
OBS-000533,世博源,Champion,Champion,服装,4.3,,,rated,True,,rated,parsed,rating_anchor,0.9986,0.9993,57,6504,111.357,🌟🌟⭐⭐ | 4.3服装 | B,Champion | 🌟🌟⭐⭐ | 4.3服装 | B | 服装款式多样，运动休闲两不误”,ocr/input_videos\上海__世博源__20260826.mp4
OBS-000534,世博源,7分甜,7分甜,茶饮果汁,3.8,17,L1,rated,True,,rated,parsed,rating_anchor,0.9863,0.9989,60,6504,111.357,🌟🌟⭐🌟🌟 | L1 | 3.8茶饮果汁￥17/人,7分甜 | 7 | 酒 | 🌟🌟⭐🌟🌟 | L1 | 3.8茶饮果汁￥17/人 | 点评榜单 | 上南地区饮品销量榜第4名 | 服务热情出餐快，不甜适口大众爱” | ￥14.3 | 6.9折 | ￥21 | 【经典热销】芒椰小.. | 惠,ocr/input_videos\上海__世博源__20260826.mp4
OBS-000535,世博源,Columbia,Columbia,服装,4.2,1188,,rated,True,,rated,parsed,rating_anchor,0.9876,0.9994,50,6540,111.974,🌟🌟🌟🎉 | 4.2服装￥1188/人 | G | ★,Columbia | 店 | 🌟🌟🌟🎉 | 4.2服装￥1188/人 | G | ★ | 三合冲锋衣防透，品质流”,ocr/input_videos\上海__世博源__20260826.mp4
OBS-000536,世博源,瑞幸咖啡,瑞幸咖啡,咖啡,4.2,14,L1,rated,True,,rated,parsed,rating_anchor,0.9768,0.9998,56,6540,111.974,🌟🌟★★★ | 4.2咖啡￥14/人 | L1,瑞幸咖啡 | 🌟🌟★★★ | 4.2咖啡￥14/人 | L1 | 点评榜单 | 世博源咖啡回头客榜第2名 | 双杯冰茶清爽登场！ | 香荟西 | ￥11.9 | 6折 | ￥20 | 【瑞门闭眼入】10选1 | 惠,ocr/input_videos\上海__世博源__20260826.mp4
OBS-000537,世博源,煲珠公·老红糖珍珠奶茶,煲珠公·老红糖珍珠奶茶,茶饮果汁,4.3,16,,rated,True,,rated,parsed,rating_anchor,0.9704,0.9952,54,6540,111.974,🌟🌟🌟⭐ | 茶饮果汁￥16/人 | 4.3 | B | ★,煲珠公·老红糖珍珠奶茶 | 🌟🌟🌟⭐ | 茶饮果汁￥16/人 | 4.3 | B | ★ | 点评榜单 | 世博源饮品回头客榜第2名 | 美味珍珠奶茶，软糯口感细腻 | “ | ￥18老红糖珍珠奶茶（首... | ￥15.9 | 8.9折 | 惠,ocr/input_videos\上海__世博源__20260826.mp4
OBS-000538,世博源,Champion,Champion,服装,4.3,,,rated,True,,rated,parsed,rating_anchor,0.999,0.9996,62,6540,111.974,🌟⭐⭐🌟 | 4.3服装 | B,Champion | 🌟⭐⭐🌟 | 4.3服装 | B | 服装款式多样，运动休闲两不误,ocr/input_videos\上海__世博源__20260826.mp4
OBS-000539,世博源,7分甜,7分甜,茶饮果汁,3.8,17,L1,rated,True,,rated,parsed,rating_anchor,0.9832,0.9991,63,6540,111.974,⭐🌟⭐🌟⭐ | L1 | 3.8茶饮果汁￥17/人,7分甜 | 7 | 红厦 | ⭐🌟⭐🌟⭐ | L1 | 3.8茶饮果汁￥17/人 | 点评榜单 | 上南地区饮品销量榜第4名 | 服务热情出餐快，不甜适口大众爱” | 6.9折 | ￥14.3 | ￥21 | 【经典热销】芒椰小... | 惠,ocr/input_videos\上海__世博源__20260826.mp4
OBS-000540,世博源,Champion,Champion,服装,4.3,,,rated,True,,rated,parsed,rating_anchor,0.9996,0.9995,58,6576,112.59,★★★★★ | 服装 | 4.3 | B,Champion | ★★★★★ | 服装 | 4.3 | B | 服装款式多样，运动休闲两不误,ocr/input_videos\上海__世博源__20260826.mp4
OBS-000541,世博源,7分甜,7分甜,茶饮果汁,3.8,17,L1,rated,True,,rated,parsed,rating_anchor,0.9856,0.999,60,6576,112.59,🌟🌟⭐💥⭐ | L1 | 3.8茶饮果汁￥17/人,7分甜 | 🌟🌟⭐💥⭐ | L1 | 3.8茶饮果汁￥17/人 | 点评榜单 | 上南地区饮品销量榜第4名 | EC | 服务热情出餐快，不甜适口大众爱” | ≤ | ￥14.36.9折 | ￥21 | 【经典热销】芒椰小.... | 惠,ocr/input_videos\上海__世博源__20260826.mp4
OBS-000542,世博源,欢囍花生,欢囍花生,栗子/干果,4.1,37,,rated,True,,rated,parsed,rating_anchor,0.9626,0.9992,61,6576,112.59,4.1栗子/干果￥37/人 | G,欢囍花生 | 馬上 | 4.1栗子/干果￥37/人 | G | 欢囍 | 一起欢囍花生 | ￥22.9 | ￥23.28山核桃花生588g | 9.9折 | 惠,ocr/input_videos\上海__世博源__20260826.mp4
OBS-000543,世博源,嘉又佳晚托辅导,嘉又佳晚托辅导,课后辅导/托管,3.4,,商场内,rated,True,,rated,parsed,rating_anchor,0.9555,0.9986,54,6576,112.59,⭐⭐3.4课后辅导/托管 | 商场内,嘉又佳晚托辅导 | 赢又佳 | 晚托地 | ⭐⭐3.4课后辅导/托管 | 商场内 | “课堂氛围积极热烈，老师精心备课”,ocr/input_videos\上海__世博源__20260826.mp4
OBS-000544,世博源,南浦拌饭,南浦拌饭,韩式小吃,3.6,33,,rated,True,,rated,parsed,rating_anchor,0.9818,0.9995,57,6576,112.59,🌟🌟🌟🌟🌟 | 3.6韩式小吃￥33/人 | B,南浦拌饭 | 南浦拌饭 | NamPo | 🌟🌟🌟🌟🌟 | 3.6韩式小吃￥33/人 | B | 点评榜单 | 浦东新区韩式小吃回头客榜第1名 | 地道美食，超值团购优惠 | 2 | ￥337.1折 | ￥47 | 惠 | 【一拌入魂】锅气满满... | ￥9.29.2折 | ￥1010元代金券 | 惠,ocr/input_videos\上海__世博源__20260826.mp4
OBS-000545,世博源,嘉又佳晚托辅导,嘉又佳晚托辅导,课后辅导/托管,3.4,,商场内,rated,True,,rated,parsed,rating_anchor,0.9951,0.999,54,6660,114.028,商场内 | ⭐🌟🌟 | ★★ | 3.4课后辅导/托管,嘉又佳晚托辅导 | 赢又佳 | 托地 | 商场内 | ⭐🌟🌟 | ★★ | 3.4课后辅导/托管 | 课堂氛围积极热烈，老师精心备课”,ocr/input_videos\上海__世博源__20260826.mp4
OBS-000546,世博源,南浦拌饭,南浦拌饭,韩式小吃,3.6,33,,rated,True,,rated,parsed,rating_anchor,0.9763,0.9997,53,6660,114.028,🌟🌟🌟🌟🌟 | 韩式小吃￥33/人 | B | 3.6,南浦拌饭 | 南浦拌饭 | NamPo | 🌟🌟🌟🌟🌟 | 韩式小吃￥33/人 | B | 3.6 | 点评榜单 | 浦东新区韩式小吃回头客榜第1名 | 地道美食，超值团购优惠 | ￥337.1折 | ￥47 | 锅气满满.. | 惠 | 【一拌入魂】 | ￥9.2 | 9.2折 | ￥1010元代金券 | 惠,ocr/input_videos\上海__世博源__20260826.mp4
OBS-000547,世博源,必胜汉堡,必胜汉堡,西式快餐,,36,,new_store,False,new_store,ocr_missing,parsed,metadata_anchor,0.9811,0.9993,53,6660,114.028,新店 | 西式快餐￥36/人 | G,必胜汉堡 | 快全国突做 | 新店 | 西式快餐￥36/人 | G | 点评榜单 | 世博源小吃快餐新店榜第3名 | 买1送1 | 明 | 星 | 汉堡 | ￥35 | 6.1折 | 惠 | ￥58 | 明星汉堡买1送1,ocr/input_videos\上海__世博源__20260826.mp4
OBS-000548,世博源,NEWERA,NEWERA,配饰,3.9,748,,rated,True,,rated,parsed,rating_anchor,0.9775,0.9978,45,6660,114.028,🌟🌟🌟🌟🌟 | 配饰￥748/人 | 3.9 | B,NEWERA | 四 | 🌟🌟🌟🌟🌟 | 配饰￥748/人 | 3.9 | B | nEwEra. | 暂停营业,ocr/input_videos\上海__世博源__20260826.mp4
OBS-000549,世博源,巴黎贝甜,巴黎贝甜,B,3.9,35,,rated,True,,rated,parsed,rating_anchor,0.9964,0.9985,53,6660,114.028,🌟🌟★★ | ￥35/人 | 面包蛋糕 | 3.9 | B,巴黎贝甜 | B | 🌟🌟★★ | ￥35/人 | 面包蛋糕 | 3.9 | B | 点评榜单 | 上南地区面包蛋糕甜品销量榜第2名 | 0药 | 热全社 | CMD-Ij | ￥18.2 | 9.1折 | 蒜泥法.... | ￥20 | 【招牌推荐】 | 惠 | ￥459折 | 惠 | ￥50 | 50元代金券,ocr/input_videos\上海__世博源__20260826.mp4
OBS-000550,世博源,必胜汉堡,必胜汉堡,西式快餐,,36,,new_store,False,new_store,ocr_missing,parsed,metadata_anchor,0.9782,0.9992,62,6768,115.877,新店 | 西式快餐￥36/人 | G,必胜汉堡 | 庆全国类破 | 新店 | 西式快餐￥36/人 | G | 点评榜单 | 世博源小吃快餐新店榜第3名 | 买1送1 | 明星 | 汉台 | ￥356.1折 | ￥58明星汉堡买1送1 | 惠,ocr/input_videos\上海__世博源__20260826.mp4
OBS-000551,世博源,NEWERA,NEWERA,配饰,3.9,748,,rated,True,,rated,parsed,rating_anchor,0.9818,0.998,49,6768,115.877,🌟🌟🌟🌟⭐ | 3.9配饰￥748/人 | B,NEWERA | F | 🌟🌟🌟🌟⭐ | 3.9配饰￥748/人 | B | nEwEra. | 暂停营业,ocr/input_videos\上海__世博源__20260826.mp4
OBS-000552,世博源,巴黎贝甜,巴黎贝甜,面包蛋糕,3.9,35,,rated,True,,rated,parsed,rating_anchor,0.9829,0.999,60,6768,115.877,面包蛋糕￥35/人 | 🌟🌟🌟🌟🌟 | B | 3.9,巴黎贝甜 | B | 面包蛋糕￥35/人 | 🌟🌟🌟🌟🌟 | B | 3.9 | 点评榜单 | 上南地区面包蛋糕甜品销量榜第2名 | 福3 | KE   o | 【招牌推荐】蒜泥法.. | ￥18.2 | ￥20 | 9.1折 | 惠 | ￥459折 | 惠 | ￥5050元代金券,ocr/input_videos\上海__世博源__20260826.mp4
OBS-000553,世博源,汉堡王,汉堡王,西,3.8,30,,rated,True,,rated,parsed,rating_anchor,0.9373,0.9993,61,6768,115.877,🌟🌟🎉🌟🌟 | 西式快餐￥30/人 | 3.8西 | B,汉堡王 | A | 三色彩椒烤鸡腿堡 | 🌟🌟🎉🌟🌟 | 西式快餐￥30/人 | 3.8西 | B | 点评榜单 | 世博源小吃快餐回头客榜第1名 | 四川藤椒鸡腿，麻辣鲜香 | “ | 37 | ￥5.9 | 4折 | ￥15 | 惠 | 【今天薯条换个吃法】,ocr/input_videos\上海__世博源__20260826.mp4
OBS-000554,世博源,必胜汉堡,必胜汉堡,西式快餐,,36,,new_store,False,new_store,ocr_missing,parsed,metadata_anchor,0.9825,0.9993,57,6804,116.494,新店 | G | 西式快餐￥36/人,必胜汉堡 | 庆全国类破 | 新店 | G | 西式快餐￥36/人 | 点评榜单 | 世博源小吃快餐新店榜第3名 | 明星 | 买1送1 | 汉台 | ￥356.1折 | ￥58明星汉堡买1送1 | 惠,ocr/input_videos\上海__世博源__20260826.mp4
OBS-000555,世博源,NEWERA,NEWERA,配饰,3.9,748,,rated,True,,rated,parsed,rating_anchor,0.9828,0.9976,48,6804,116.494,🌟🌟🌟🌟🌟 | 3.9配饰￥748/人 | B,NEWERA | F | 🌟🌟🌟🌟🌟 | 3.9配饰￥748/人 | B | nEwera. | 暂停营业,ocr/input_videos\上海__世博源__20260826.mp4
OBS-000556,世博源,巴黎贝甜,巴黎贝甜,面包蛋糕,3.9,35,,rated,True,,rated,parsed,rating_anchor,0.9748,0.9933,60,6804,116.494,🌟🌟🎉🌟🌟 | 面包蛋糕￥35/人 | 3.9 | B,巴黎贝甜 | B | 🌟🌟🎉🌟🌟 | 面包蛋糕￥35/人 | 3.9 | B | 点评榜单 | 上南地区面包蛋糕甜品销量榜第2名 | 03 | CE | 【招牌推荐】蒜泥法.. | ￥18.2 | 9.1折 | ￥20 | 惠 | ￥459折 | 惠 | ￥5050元代金券,ocr/input_videos\上海__世博源__20260826.mp4
OBS-000557,世博源,汉堡王,汉堡王,西式快餐,3.8,30,,rated,True,,rated,parsed,rating_anchor,0.9798,0.9992,61,6804,116.494,3.8西式快餐￥30/人 | B,汉堡王 | 三色彩椒烤鸡腿堡 | 3.8西式快餐￥30/人 | B | 点评榜单 | 世博源小吃快餐回头客榜第1名 | 四川藤椒鸡腿，麻辣鲜香 | “ | 37 | ￥5.9 | 4折 | ￥15 | 惠 | 【今天薯条换个吃法】,ocr/input_videos\上海__世博源__20260826.mp4
OBS-000558,世博源,必胜汉堡,必胜汉堡,西式快餐,,36,,new_store,False,new_store,ocr_missing,parsed,metadata_anchor,0.9528,0.9988,63,6816,116.699,新店 | 西式快餐￥36/人 | G,必胜汉堡 | 庆全国突 | 新店 | 西式快餐￥36/人 | G | 点评榜单 | 世博源小吃快餐新店榜第3名 | 明星 | 买1送1 | 汉堡 | ￥356.1折 | 惠 | ￥58明星汉堡买1送1,ocr/input_videos\上海__世博源__20260826.mp4
OBS-000559,世博源,NEWERA,NEWERA,配饰,3.9,748,,rated,True,,rated,parsed,rating_anchor,0.9752,0.9971,48,6816,116.699,🌟🌟⭐🌟🌟 | 配饰￥748/人 | B | 3.9,NEWERA | 四 | 🌟🌟⭐🌟🌟 | 配饰￥748/人 | B | 3.9 | nEwEra | 暂停营业,ocr/input_videos\上海__世博源__20260826.mp4
OBS-000560,世博源,巴黎贝甜,巴黎贝甜,面包蛋糕,3.9,35,,rated,True,,rated,parsed,rating_anchor,0.9806,0.999,59,6816,116.699,🌟🌟🌟🌟🌟 | 面包蛋糕￥35/人 | 3.9 | B,巴黎贝甜 | B | 🌟🌟🌟🌟🌟 | 面包蛋糕￥35/人 | 3.9 | B | 点评榜单 | 上南地区面包蛋糕甜品销量榜第2名 | 85 | 民 | COMM | ￥20 | ￥18.29.1折 | 【招牌推荐】蒜泥法.. | 惠 | ￥459折 | ￥5050元代金券 | 惠,ocr/input_videos\上海__世博源__20260826.mp4
OBS-000561,世博源,汉堡王,汉堡王,西式快餐,3.8,30,,rated,True,,rated,parsed,rating_anchor,0.9794,0.9996,62,6816,116.699,🌟🌟💥🌟🌟 | 3.8 | 西式快餐￥30/人 | B,汉堡王 | A | 三色彩椒烤鸡腿堡 | 🌟🌟💥🌟🌟 | 3.8 | 西式快餐￥30/人 | B | 点评榜单 | 世博源小吃快餐回头客榜第1名 | 四川藤椒鸡腿，麻辣鲜香 | “ | ￥5.9 | 4折 | 惠 | ￥15 | 【今天薯条换个吃法】,ocr/input_videos\上海__世博源__20260826.mp4
OBS-000562,世博源,荣耀授权体验店,荣耀授权体验店,数码产品,4.6,4294,,rated,True,,rated,parsed,rating_anchor,0.9799,0.9993,58,6816,116.699,🌟🌟💥🌟🌟 | 数码产品￥4294/人 | 4.6 | B,荣耀授权体验店 | 🌟🌟💥🌟🌟 | 数码产品￥4294/人 | 4.6 | B | “地铁出来即到商场，电脑质感超好! | 33 | HONOR,ocr/input_videos\上海__世博源__20260826.mp4
OBS-000563,世博源,汉堡王,汉堡王,西式快餐,3.8,30,,rated,True,,rated,parsed,rating_anchor,0.9783,0.9996,59,6864,117.521,3.8西式快餐￥30/人 | B,汉堡王 | 2A | 三色彩椒烤鸡腿堡 | 3.8西式快餐￥30/人 | B | 点评榜单 | 世博源小吃快餐回头客榜第1名 | 四川藤椒鸡腿，麻辣鲜香 | ≤ | 22 | ￥5.9 | ￥15 | 4折 | 惠 | 【今天薯条换个吃法】,ocr/input_videos\上海__世博源__20260826.mp4
OBS-000564,世博源,荣耀授权体验店,荣耀授权体验店,数码产品,4.6,4294,,rated,True,,rated,parsed,rating_anchor,0.9756,0.9987,55,6864,117.521,4.6数码产品￥4294/人 | B,荣耀授权体验店 | 4.6数码产品￥4294/人 | B | “地铁出来即到商场，电脑质感超好! | HONOR,ocr/input_videos\上海__世博源__20260826.mp4
OBS-000565,世博源,池户水产,池户水产,日式简餐/快餐,3.8,55,,rated,True,,rated,parsed,rating_anchor,0.9748,0.9989,66,6864,117.521,3.8日式简餐/快餐￥55/人 | B,池户水产 | e | 3.8日式简餐/快餐￥55/人 | B | ￥587.2折 | 惠 | ￥81池户寿司单人大满贯,ocr/input_videos\上海__世博源__20260826.mp4
OBS-000566,世博源,1973继光香香鸡,1973继光香香鸡,炸鸡炸串,3.6,27,,rated,True,,rated,parsed,rating_anchor,0.9752,0.9992,51,6864,117.521,3.6炸鸡炸串￥27/人 | B,1973继光香香鸡 | 狂欢复 | 3.6炸鸡炸串￥27/人 | B | 维平香香购 | 6.8折 | 【大口吃肉】厚切大. | ￥19 | ￥12.8 | 惠 | ￥31 | 9.4折 | ￥3333元代金券 | 惠,ocr/input_videos\上海__世博源__20260826.mp4
OBS-000567,世博源,池户水产,池户水产,日式简餐/快餐,3.8,55,,rated,True,,rated,parsed,rating_anchor,0.978,0.9983,58,6924,118.548,★★★★★ | 3.8 | 日式简餐/快餐￥55/人 | B,池户水产 | 品活日食 | ★★★★★ | 3.8 | 日式简餐/快餐￥55/人 | B | ￥587.2折 | 惠 | ￥81池户寿司单人大满贯,ocr/input_videos\上海__世博源__20260826.mp4
OBS-000568,世博源,1973继光香香鸡,1973继光香香鸡,炸鸡炸串,3.6,27,,rated,True,,rated,parsed,rating_anchor,0.9754,0.9994,51,6924,118.548,⭐★🌟3.6 | 炸鸡炸串￥27/人 | B,1973继光香香鸡 | 狂欢复 | ⭐★🌟3.6 | 炸鸡炸串￥27/人 | B | 维光香香鸡 | 【吃肉】厚切 | 6.8折 | ￥12.8 | ￥19 | 惠 | ￥31 | 9.4折 | 惠 | 33元代金券 | ￥33,ocr/input_videos\上海__世博源__20260826.mp4
OBS-000569,世博源,布景,布景,服装,3.4,,,rated,True,,rated,parsed,rating_anchor,0.9962,0.9968,61,6924,118.548,3.4服装 | 🌟🌟🌟 | ★★,布景 | 3.4服装 | 🌟🌟🌟 | ★★,ocr/input_videos\上海__世博源__20260826.mp4
OBS-000570,世博源,大米先生·湘菜小炒,大米先生·湘菜小炒,快餐简餐,,31,,new_store,False,new_store,ocr_missing,parsed,metadata_anchor,0.9679,0.9896,58,6924,118.548,新店 | 快餐简餐￥31/人 | B,大米先生·湘菜小炒 | 大米先生 | 新店 | 快餐简餐￥31/人 | B | 鲜肉鲜菜小锅现炒 | 点评镑单 | 世博源小吃快餐新店榜第2名 | 集团直营门店超2000家 | ￥102.9 | 【小锅现炒】糖 | 8.8折 | ￥117 | 惠 | ￥18.5 | 【帮你省薪】20元代.. | 惠 | 9.3折 | ￥20,ocr/input_videos\上海__世博源__20260826.mp4
OBS-000571,世博源,池户水产,池户水产,日式简餐/快餐,3.8,55,,rated,True,,rated,parsed,rating_anchor,0.9755,0.9984,63,6948,118.959,3.8日式简餐/快餐￥55/人 | B,池户水产 | 花 | 3.8日式简餐/快餐￥55/人 | B | ￥587.2折 | ￥81池户寿司单人大满贯 | 惠,ocr/input_videos\上海__世博源__20260826.mp4
OBS-000572,世博源,1973继光香香鸡,1973继光香香鸡,炸鸡炸串,3.6,27,,rated,True,,rated,parsed,rating_anchor,0.9772,0.9993,51,6948,118.959,3.6炸鸡炸串￥27/人 | B,1973继光香香鸡 | 狂复 | 3.6炸鸡炸串￥27/人 | B | 维光香香鸡 | 【大口吃肉】厚切大. | ￥12.8 | ￥19 | 6.8折 | 惠 | ￥31 | ￥3333元代金券 | 9.4折 | 惠,ocr/input_videos\上海__世博源__20260826.mp4
OBS-000573,世博源,布景,布景,服装,3.4,,,rated,True,,rated,parsed,rating_anchor,0.9388,0.9909,62,6948,118.959,⭐⭐⭐⭐3.4服装,布景 | ⭐⭐⭐⭐3.4服装,ocr/input_videos\上海__世博源__20260826.mp4
OBS-000574,世博源,大米先生·湘菜小炒,大米先生·湘菜小炒,快餐简餐,,31,,new_store,False,new_store,ocr_missing,parsed,metadata_anchor,0.9739,0.9921,57,6948,118.959,新店 | 快餐简餐￥31/人 | B,大米先生·湘菜小炒 | 大米先生 | 新店 | 快餐简餐￥31/人 | B | 鲜肉鲜菜小锅现炒 | 点评榜单 | 世博源小吃快餐新店榜第2名 | 集团直营门店超2000家 | ￥102.98.8折 | ￥117 | 【小锅现炒】糖.. | 惠 | ￥18.59.3折 | ￥20 | 【帮你省薪】20元代.. | 惠,ocr/input_videos\上海__世博源__20260826.mp4
OBS-000575,世博源,1973继光香香鸡,1973继光香香鸡,炸鸡炸串,3.6,,,rated,True,,rated,parsed,rating_anchor,0.9681,0.9979,51,7008,119.986,3.6炸鸡炸串27/人 | B,1973继光香香鸡 | 狂欢 | 3.6炸鸡炸串27/人 | B | 维亚香香鸡 | ￥12.86.8折 | 【口吃肉】厚切 | 惠 | ￥19 | ￥319.4折 | ￥3333元代金券 | 惠,ocr/input_videos\上海__世博源__20260826.mp4
OBS-000576,世博源,布景,布景,服装,3.4,,,rated,True,,rated,parsed,rating_anchor,0.9334,0.9981,66,7008,119.986,⭐⭐3.4服装,布景 | ⭐⭐3.4服装,ocr/input_videos\上海__世博源__20260826.mp4
OBS-000577,世博源,大米先生·湘菜小炒,大米先生·湘菜小炒,快餐简餐,,31,,new_store,False,new_store,ocr_missing,parsed,metadata_anchor,0.9707,0.9863,51,7008,119.986,新店 | 快餐简餐￥31/人 | B,大米先生·湘菜小炒 | 大米先生 | 新店 | 快餐简餐￥31/人 | B | 鲜肉鲜菜小锅现炒 | 点评榜单 | 世博源小吃快餐新店榜第2名 | 澳团真营门店超2000家 | ￥102.98.8折 | ￥117 | 惠 | 【小锅现炒】糖.. | ￥18.5 | 9.3折 | ￥20 | 【帮你省薪】20元代... | 惠,ocr/input_videos\上海__世博源__20260826.mp4
OBS-000578,世博源,肥汁米蘭香港米线,肥汁米兰香港米线,小吃快餐,3.6,42,,rated,True,,rated,parsed,rating_anchor,0.9729,0.9984,51,7008,119.986,★🌟🌟★ | 小吃快餐￥42/人 | 3.6 | B,肥汁米蘭香港米线 | ★🌟🌟★ | 小吃快餐￥42/人 | 3.6 | B | 肥汁米蘭 | 点评镑单 | 世博源小吃快餐回头客榜第3名 | 国画 | 世博园的肥汁线，鱼汤鲜美 | Ss | 3.8折 | ￥3 | 【王炸牛丸】经典香港小.. | 惠 | ￥8,ocr/input_videos\上海__世博源__20260826.mp4
OBS-000579,世博源,布景,布景,服装,3.4,,,rated,True,,rated,parsed,rating_anchor,0.9947,0.9906,57,7044,120.603,⭐🌟⭐⭐🌟 | 3.4服装,布景 | ⭐🌟⭐⭐🌟 | 3.4服装,ocr/input_videos\上海__世博源__20260826.mp4
OBS-000580,世博源,大米先生·湘菜小炒,大米先生·湘菜小炒,快餐简餐,,31,,new_store,False,new_store,ocr_missing,parsed,metadata_anchor,0.9764,0.9876,48,7044,120.603,新店 | 快餐简餐￥31/人 | B,大米先生·湘菜小炒 | 大米先生 | 新店 | 快餐简餐￥31/人 | B | 鲜肉鲜菜小锅现炒 | 点评榜单 | 世博源小吃快餐新店榜第2名 | 集团直营门店超2000家 | ￥102.98.8折 | ￥117 | 【小锅现炒】糖.. | 惠 | ￥20 | ￥18.5 | 9.3折 | 惠 | 20元代. | 【帮你省薪】,ocr/input_videos\上海__世博源__20260826.mp4
OBS-000581,世博源,肥汁米蘭香港米线,肥汁米兰香港米线,小吃快餐,3.6,42,,rated,True,,rated,parsed,rating_anchor,0.9813,0.996,47,7044,120.603,🌟🌟🌟🌟🌟 | 小吃快餐￥42/人 | 3.6 | B,肥汁米蘭香港米线 | 園 | 童電PMAILAAN | FEL | 🌟🌟🌟🌟🌟 | 小吃快餐￥42/人 | 3.6 | B | 肥汁米蘭 | 点评榜单 | 世博源小吃快餐回头客榜第3名 | 画動歐鱼 | 世博园的肥汁米线，鱼汤鲜美 | 字 | 惠 | ￥3 | 3.8折 | ￥8 | 【王炸牛丸】经典香港小...,ocr/input_videos\上海__世博源__20260826.mp4
OBS-000582,世博源,TESLA特斯拉超级充电站,TESLA特斯拉超级充电站,充电站/桩,3.7,,,rated,True,,rated,parsed,rating_anchor,0.9922,0.9992,48,7044,120.603,🌟🌟🌟🌟★ | 3.7充电站/桩 | B,TESLA特斯拉超级充电站 | 可陈觉还是非常不错的 | 🌟🌟🌟🌟★ | 3.7充电站/桩 | B,ocr/input_videos\上海__世博源__20260826.mp4
OBS-000583,世博源,陳香貴·兰州牛肉面,陈香贵·兰州牛肉面,面馆,3.8,32,,rated,True,,rated,parsed,rating_anchor,0.9062,0.9205,51,7044,120.603,⭐3.8面馆￥32/人 | B,陳香貴·兰州牛肉面 | 招解牛肉面 | 升级四重奏！ | ⭐3.8面馆￥32/人 | B,ocr/input_videos\上海__世博源__20260826.mp4
OBS-000584,世博源,肥汁米蘭香港米线,肥汁米兰香港米线,小吃快餐,3.6,42,,rated,True,,rated,parsed,rating_anchor,0.9609,0.9938,51,7116,121.835,★★🌟🌟★ | 3.6小吃快餐￥42/人 | B,肥汁米蘭香港米线 | FEL | ★★🌟🌟★ | 3.6小吃快餐￥42/人 | B | 肥汁米蘭 | 点评榜单 | 世博源小吃快餐回头客榜第3名 | 歐型家色 | 世博园的肥汁线，鱼汤鲜美 | 3.8折 | ￥3 | 惠 | ￥8 | 【王炸牛丸】经典香港小..,ocr/input_videos\上海__世博源__20260826.mp4
OBS-000585,世博源,TESLA特斯拉超级充电站,TESLA特斯拉超级充电站,充电站/桩,3.7,,,rated,True,,rated,parsed,rating_anchor,0.9847,0.999,51,7116,121.835,3.7充电站/桩 | B,TESLA特斯拉超级充电站 | 题觉还是非常不错的 | 3.7充电站/桩 | B,ocr/input_videos\上海__世博源__20260826.mp4
OBS-000586,世博源,陳香貴·兰州牛肉面,陈香贵·兰州牛肉面,面馆,3.8,32,,rated,True,,rated,parsed,rating_anchor,0.8997,0.8883,51,7116,121.835,3.8面馆￥32/人 | B,陳香貴·兰州牛肉面 | 招解牛肉面 | 升级四重奏！ | 3.8面馆￥32/人 | B | 招牌牛肉面，热气腾腾的牛骨清汤 | 陳合货 | ￥27.89.6折 | ￥29 | 【工作餐】招牌面加.. | 惠,ocr/input_videos\上海__世博源__20260826.mp4
OBS-000587,世博源,雷允上·虫草·燕窝·海参,雷允上·虫草·燕窝·海参,滋补品,4.7,337,,rated,True,,rated,parsed,rating_anchor,0.9507,0.9532,51,7116,121.835,滋补品￥337/人 | 🌟🌟🌈🌟4.7 | B,雷允上·虫草·燕窝·海参 | 滋补品￥337/人 | 🌟🌟🌈🌟4.7 | B | ￥29 | 6.5折 | ￥45 | 【莲子心】天然精去.. | 惠 | ￥808折 | 惠 | ￥100100元代金券,ocr/input_videos\上海__世博源__20260826.mp4
OBS-000588,世博源,肥汁米蘭香港米线,肥汁米兰香港米线,小吃快餐,3.6,42,,rated,True,,rated,parsed,rating_anchor,0.9811,0.9976,46,7140,122.246,🌟🌟🌟🌟🌟 | 小吃快餐￥42/人 | B | 3.6,肥汁米蘭香港米线 | APMAILAAN | 🌟🌟🌟🌟🌟 | 小吃快餐￥42/人 | B | 3.6 | FE | 肥汁米蘭 | 点评榜单 | 世博源小吃快餐回头客榜第3名 | 热 | 世博园的肥汁米线，鱼汤鲜美 | 3.8折 | 惠 | ￥3 | ￥8 | 【王炸牛丸】经典香港小.,ocr/input_videos\上海__世博源__20260826.mp4
OBS-000589,世博源,TESLA 特斯拉超级充电站,TESLA特斯拉超级充电站,B,3.7,,,rated,True,,rated,parsed,rating_anchor,0.982,0.9665,48,7140,122.246,🌟🌟🌟🌟🌟 | 充电站/桩 | B | 3.7,TESLA 特斯拉超级充电站 | 可炼货还是非常不错的 | 🌟🌟🌟🌟🌟 | 充电站/桩 | B | 3.7,ocr/input_videos\上海__世博源__20260826.mp4
OBS-000590,世博源,陳香貴·兰州牛肉面,陈香贵·兰州牛肉面,面馆,3.8,32,,rated,True,,rated,parsed,rating_anchor,0.9316,0.919,54,7140,122.246,3.8面馆￥32/人 | B,陳香貴·兰州牛肉面 | 招解牛肉面 | 升级四重奏！ | 3.8面馆￥32/人 | B | 招牌牛肉面，热气腾腾的牛骨清汤 | 陈香瓷 | ￥27.89.6折 | ￥29 | 惠 | 【工作餐】招牌面加….,ocr/input_videos\上海__世博源__20260826.mp4
OBS-000591,世博源,雷允上·虫草·燕窝·海参,雷允上·虫草·燕窝·海参,滋补品,4.7,337,,rated,True,,rated,parsed,rating_anchor,0.9818,0.9637,54,7140,122.246,⭐🌟⭐⭐🌟4.7 | 滋补品 | ￥337/人 | B,雷允上·虫草·燕窝·海参 | 全国包邮 | ⭐🌟⭐⭐🌟4.7 | 滋补品 | ￥337/人 | B | G | 允 | 雷允上11734 | EEITNEHASG | 聚百章i万氏 | ￥296.5折 | 天然精去. | ￥45 | 惠 | 【莲子心】 | ￥80 | 8折 | 惠 | ￥100 | 100元代金券,ocr/input_videos\上海__世博源__20260826.mp4
OBS-000592,世博源,naivee,naivee,服装,4.2,1058,,rated,True,,rated,parsed,rating_anchor,0.9896,0.9994,42,7140,122.246,🌟🌟🌟 | 4.2服装￥1058/人 | G,naivee | naivee | 🌟🌟🌟 | 4.2服装￥1058/人 | G | 点评榜单 | 上南地区服装好评榜第4名 | 究文上 | “方力口口 | 本话,ocr/input_videos\上海__世博源__20260826.mp4
OBS-000593,世博源,TESLA特斯拉超级充电站,TESLA特斯拉超级充电站,充电站/桩,3.7,,,rated,True,,rated,parsed,rating_anchor,0.9489,0.9978,51,7260,124.301,⭐3.7充电站/桩 | B,TESLA特斯拉超级充电站 | 感允还是非常不错的 | ⭐3.7充电站/桩 | B,ocr/input_videos\上海__世博源__20260826.mp4
OBS-000594,世博源,陳香貴·兰州牛肉面,陈香贵·兰州牛肉面,面馆,3.8,32,,rated,True,,rated,parsed,rating_anchor,0.9401,0.9454,51,7260,124.301,3.8面馆￥32/人 | B,陳香貴·兰州牛肉面 | 招牌牛肉面 | 升级四重奏！ | 3.8面馆￥32/人 | B | 招牌牛肉面，热气腾腾的牛骨清汤 | 陈音货 | ￥27.89.6折 | ￥29 | 【工作餐】招牌面加.. | 惠,ocr/input_videos\上海__世博源__20260826.mp4
OBS-000595,世博源,雷允上·虫草·燕窝·海参,雷允上·虫草·燕窝·海参,滋补品,4.7,337,,rated,True,,rated,parsed,rating_anchor,0.9271,0.9636,54,7260,124.301,⭐4.7滋补品￥337/人 | B,雷允上·虫草·燕窝·海参 | 全国包邮· | ⭐4.7滋补品￥337/人 | B | 福 | 免 | 雷允上11734 | LEIYMCHSG | AAM | 聚百单+诗万民 | ￥29 | ￥45 | 6.5折 | 惠 | 【莲子心】天然精去. | ￥808折 | ￥100100元代金券 | 惠,ocr/input_videos\上海__世博源__20260826.mp4
OBS-000596,世博源,naivee,naivee,服装,4.2,1058,,rated,True,,rated,parsed,rating_anchor,0.9543,0.9993,48,7260,124.301,🌟🌟🌟🌟 | 服装￥1058/人 | 4.2 | G,naivee | naivee | 🌟🌟🌟🌟 | 服装￥1058/人 | 4.2 | G | 点评榜单 | 上南地区服装好评榜第4名 | 轻松驾驭职场休闲，试穿搭配服务贴心,ocr/input_videos\上海__世博源__20260826.mp4
OBS-000597,世博源,TESLA特斯拉超级充电站,TESLA特斯拉超级充电站,充电站/桩,3.7,,,rated,True,,rated,parsed,rating_anchor,0.9485,0.9992,48,7308,125.123,⭐3.7充电站/桩 | B,TESLA特斯拉超级充电站 | 账允还是非常不错的 | ⭐3.7充电站/桩 | B,ocr/input_videos\上海__世博源__20260826.mp4
OBS-000598,世博源,陳香貴・兰州牛肉面,陈香贵·兰州牛肉面,面馆,3.8,32,,rated,True,,rated,parsed,rating_anchor,0.9418,0.92,51,7308,125.123,⭐🌟🎉🌟🌟 | 3.8面馆￥32/人 | B,陳香貴・兰州牛肉面 | 招牌牛肉面 | 升级四重奏！ | ⭐🌟🎉🌟🌟 | 3.8面馆￥32/人 | B | 招牌牛肉面，热气腾腾的牛骨清汤 | 陈香货 | ￥27.89.6折 | ￥29 | 惠 | 【工作餐】招牌面加...,ocr/input_videos\上海__世博源__20260826.mp4
OBS-000599,世博源,雷允上·虫草·燕窝·海参,雷允上·虫草·燕窝·海参,滋补品,4.7,337,,rated,True,,rated,parsed,rating_anchor,0.9556,0.965,51,7308,125.123,🌟🌟⭐⭐🌟4.7 | 滋补品￥337/人 | B,雷允上·虫草·燕窝·海参 | 全国包邮· | 🌟🌟⭐⭐🌟4.7 | 滋补品￥337/人 | B | 福 | 无上 | 雷允上11734 | LEITUMCHLASG | IAU | 聚百单+诗万民 | ￥29 | 惠 | ￥45 | 6.5折 | 【莲子心】天然精 去.. | ￥808折 | ￥100100元代金券 | 惠,ocr/input_videos\上海__世博源__20260826.mp4
OBS-000600,世博源,naivee,naivee,服装,4.2,1058,,rated,True,,rated,parsed,rating_anchor,0.9805,0.9995,43,7308,125.123,🌟🌟🌟🌟 | 4.2 | G | 服装￥1058/人,navee | naivee | 🌟🌟🌟🌟 | 4.2 | G | 服装￥1058/人 | 点评榜单 | 上南地区服装好评榜第4名 | 轻松驾驭职场休闲，试穿搭配服务贴心 | 成都你六姐·牛肉冒菜·麻辣香锅 | 成得你六姐 | 財周年店,ocr/input_videos\上海__世博源__20260826.mp4
OBS-000601,世博源,陳貴·兰州肉面,陈贵·兰州肉面,面馆,3.8,32,,rated,True,,rated,parsed,rating_anchor,0.864,0.9176,51,7320,125.328,★★★★3.8面馆￥32/人 | B,陳貴·兰州肉面 | 招解牛肉面 | 升级四重奏！ | ★★★★3.8面馆￥32/人 | B | “招牌肉面，热腾腾的骨清汤 | 陳台贵 | ￥27.89.6折 | ￥29 | 惠 | 【工作餐】招牌面加..,ocr/input_videos\上海__世博源__20260826.mp4
OBS-000602,世博源,雷允上·虫草·燕窝·海参,雷允上·虫草·燕窝·海参,滋补品,4.7,,,rated,True,,rated,parsed,rating_anchor,0.9506,0.9564,54,7320,125.328,4.7滋补品￥337/ | B,雷允上·虫草·燕窝·海参 | 全国包邮 | 4.7滋补品￥337/ | B | 允 | 香允上11734 | LEIYUSSIASO | 崇百草诗万民 | ￥29 | ￥45 | 6.5折 | 【莲子心】天然精去.. | 惠 | ￥80 | 8折 | 惠 | ￥100100元代金券,ocr/input_videos\上海__世博源__20260826.mp4
OBS-000603,世博源,naivee,naivee,服装,4.2,1058,,rated,True,,rated,parsed,rating_anchor,0.9876,0.9994,47,7320,125.328,G | 4.2服装￥1058/人 | 🌟🌟⭐⭐,naivee | naivee | G | 4.2服装￥1058/人 | 🌟🌟⭐⭐ | 点评榜单 | 上南地区服装好评榜第4名 | 轻松驾驭职场休闲，试穿搭配服务贴心”,ocr/input_videos\上海__世博源__20260826.mp4
OBS-000604,世博源,成都你六姐·牛肉冒菜·麻辣香锅,成都你六姐·牛肉冒菜·麻辣香锅,小吃快餐,3.9,39,商场内,rated,True,,rated,parsed,rating_anchor,0.9503,0.9816,51,7320,125.328,3.9小吃快餐￥39/人 | 商场内,成都你六姐·牛肉冒菜·麻辣香锅 | 成称你六退 | ·5 | 9周年庆 | 3.9小吃快餐￥39/人 | 商场内 | Omo | Mel | YOU | 9/9-9/11送水杯抽盲盒 | ￥28.99.7折 | ￥29.9 | 惠 | 【重磅新品】六姐...,ocr/input_videos\上海__世博源__20260826.mp4
OBS-000605,世博源,芳圆阁面馆,芳圆阁面馆,面馆,3.2,30,L1,rated,True,,rated,parsed,rating_anchor,0.9704,0.997,55,7320,125.328,3.2面馆￥30/人 | 🌟★★★★ | L1,芳圆阁面馆 | 3.2面馆￥30/人 | 🌟★★★★ | L1 | 环境舒适，服务周到，性价比 | 专,ocr/input_videos\上海__世博源__20260826.mp4
OBS-000606,世博源,naivee,naivee,服装,4.2,1058,,rated,True,,rated,parsed,rating_anchor,0.9907,0.9991,58,7356,125.945,🌟🌟🌟🌟 | 4.2服装￥1058/人 | G,naivee | naivee | 🌟🌟🌟🌟 | 4.2服装￥1058/人 | G | 点评榜单 | 上南地区服装好评榜第4名 | 轻松驾驭职场休闲，试穿搭配服务贴心 | S,ocr/input_videos\上海__世博源__20260826.mp4
OBS-000607,世博源,成都你六姐·牛肉冒菜·麻辣香锅,成都你六姐·牛肉冒菜·麻辣香锅,小吃快餐,3.9,39,商场内,rated,True,,rated,parsed,rating_anchor,0.9677,0.9838,59,7356,125.945,3.9小吃快餐￥39/人 | 商场内,成都你六姐·牛肉冒菜·麻辣香锅 | 成得你六员 | NYA | 9周年庆 | 3.9小吃快餐￥39/人 | 商场内 | Qmo | Mel | XONU | 9/9-9/11送水杯抽盲盒 | ￥29.9 | ￥28.99.7折 | 【重磅新品】六姐. | 惠,ocr/input_videos\上海__世博源__20260826.mp4
OBS-000608,世博源,芳圆阁面馆,芳圆阁面馆,面馆,3.2,30,L1,rated,True,,rated,parsed,rating_anchor,0.9559,0.9982,61,7356,125.945,★3.2面馆￥30/人 | L1,芳圆阁面馆 | ★3.2面馆￥30/人 | L1 | 环境舒适，服务周到，性价比高 | 5 | ￥21.846.5折 | ￥34招牌单人套餐 | 惠,ocr/input_videos\上海__世博源__20260826.mp4
OBS-000609,世博源,上海博源美术馆,上海博源美术馆,购物,3.3,,,rated,True,,rated,parsed,rating_anchor,0.9064,0.9982,52,7356,125.945,⭐⭐⭐⭐3.3 购物 | B,上海博源美术馆 | ⭐⭐⭐⭐3.3 购物 | B | R,ocr/input_videos\上海__世博源__20260826.mp4
OBS-000610,世博源,满记甜品,满记甜品,甜品,4.0,37,,rated,True,,rated,parsed,rating_anchor,0.9704,0.9999,59,7356,125.945,🌟🌟🌟🎉⭐ | 甜品￥37/人 | 4.0 | G,满记甜品 | 买 | 🌟🌟🌟🎉⭐ | 甜品￥37/人 | 4.0 | G | 世博大道满记甜品，芋圆热腾腾 | “ | ￥25.798.9折 | ￥29 | 【爆款】杨枝甘露 | 惠,ocr/input_videos\上海__世博源__20260826.mp4
OBS-000611,世博源,naivee,naivee,服装,4.2,1058,,rated,True,,rated,parsed,rating_anchor,0.9881,0.9994,49,7380,126.356,🌟🌟🌟🌟 | 4.2服装￥1058/人 | G | ★,naivec | naivee | 🌟🌟🌟🌟 | 4.2服装￥1058/人 | G | ★ | 点评榜单 | 上南地区服装好评榜第4名 | 轻松驾驭职场休闲，试穿搭配服务贴心,ocr/input_videos\上海__世博源__20260826.mp4
OBS-000612,世博源,成都你六姐·牛肉冒菜·麻辣香锅,成都你六姐·牛肉冒菜·麻辣香锅,小吃快餐,3.9,39,商场内,rated,True,,rated,parsed,rating_anchor,0.971,0.9795,50,7380,126.356,商场内 | 3.9小吃快餐￥39/人,成都你六姐 | 成都你六姐·牛肉冒菜·麻辣香锅 | 本生· | 9周年庆 | 商场内 | 3.9小吃快餐￥39/人 | OmB | Moel | CN | 9/9-9/1送水杯抽盲盒 | ￥29.9 | ￥28.99.7折 | 【重磅新品】六姐.. | 惠,ocr/input_videos\上海__世博源__20260826.mp4
OBS-000613,世博源,芳圆阁面馆,芳圆阁面馆,面馆,3.2,30,L1,rated,True,,rated,parsed,rating_anchor,0.9764,0.9872,58,7380,126.356,🌟🌟🎉⭐🌟 | 3.2面馆￥30/人 | L1,芳圆阁面馆 | 🌟🌟🎉⭐🌟 | 3.2面馆￥30/人 | L1 | 环境舒适，服务周到，性价比高 | 惠￥21.846.5折 | ￥34招牌单人套餐,ocr/input_videos\上海__世博源__20260826.mp4
OBS-000614,世博源,上海博源美术馆,上海博源美术馆,购物,3.3,,,rated,True,,rated,parsed,rating_anchor,0.8812,0.9982,52,7380,126.356,🌟⭐⭐⭐3.3 购物 | B,上海博源美术馆 | 🌟⭐⭐⭐3.3 购物 | B | 贸,ocr/input_videos\上海__世博源__20260826.mp4
OBS-000615,世博源,满记甜品,满记甜品,甜品,4.0,37,,rated,True,,rated,parsed,rating_anchor,0.9727,0.9999,56,7380,126.356,⭐🌟🌟⭐⭐ | 4.0甜品￥37/人 | G,满记甜品 | ⭐🌟🌟⭐⭐ | 4.0甜品￥37/人 | G | 世博大道满记甜品，芋圆热腾腾 | “ | 1 | ￥25.798.9折 | ￥29 | 【爆款】杨枝甘露 | 惠,ocr/input_videos\上海__世博源__20260826.mp4
OBS-000616,世博源,上海博源美术馆,上海博源美术馆,购物,3.3,,,rated,True,,rated,parsed,rating_anchor,0.9185,0.9976,52,7476,127.999,⭐⭐⭐3.3 购物 | B,上海博源美术馆 | ⭐⭐⭐3.3 购物 | B | 网,ocr/input_videos\上海__世博源__20260826.mp4
OBS-000617,世博源,满记甜品,满记甜品,甜品,4.0,37,,rated,True,,rated,parsed,rating_anchor,0.9666,0.9998,56,7476,127.999,甜品￥37/人 | 🌟🌟⭐⭐ | G | 4.0 | ★,满记甜品 | 甜品￥37/人 | 🌟🌟⭐⭐ | G | 4.0 | ★ | 世博大道满记甜品，芋圆热腾腾 | “ | 8.9折 | ￥29 | 【爆款】杨枝甘露 | ￥25.79 | 惠 | 9.6折 | ￥50 | 【S】50元代金券 | ￥48 | 惠,ocr/input_videos\上海__世博源__20260826.mp4
OBS-000618,世博源,鮮芋仙,鲜芋仙,甜品,,28,,new_store,False,new_store,ocr_missing,parsed,metadata_anchor,0.997,0.9941,62,7476,127.999,新店 | 甜品 | ￥28/人 | B,鮮芋仙 | 新店 | 甜品 | ￥28/人 | B | 点评榜单 | 世博源美食新店榜第4名 | 鲜芋仙 | ￥28.669.6折 | ￥30超级芋霸布丁碗（. | 惠,ocr/input_videos\上海__世博源__20260826.mp4
OBS-000619,世博源,欧拉,欧拉,4S店,,151966,L1,unknown,True,,ocr_missing,parsed,metadata_anchor,0.9698,0.9993,62,7476,127.999,3.64S店￥151966/人 | L1,欧拉 | 204 | 3.64S店￥151966/人 | L1 | 芭藏猫,ocr/input_videos\上海__世博源__20260826.mp4
OBS-000620,世博源,馋三尺蟹粉小笼,馋三尺蟹粉小笼,小笼,4.3,52,,rated,True,,rated,parsed,rating_anchor,0.9734,0.9996,52,7476,127.999,🌟🌟⭐⭐ | 小笼￥52/人 | 4.3 | B | ￥,馋三尺蟹粉小笼 | 修三RO | 限时上新 | 🌟🌟⭐⭐ | 小笼￥52/人 | 4.3 | B | ￥ | 时令六月黄 | 点评榜单 | 世博园小吃快餐销量榜第2名 | 北方口味的美食爱好者必尝 | ￥529.3折 | ￥56 | 【单人】头牌蟹粉小笼.. | 惠,ocr/input_videos\上海__世博源__20260826.mp4
OBS-000621,世博源,鮮芋仙,鲜芋仙,甜品,,28,,new_store,False,new_store,ocr_missing,parsed,metadata_anchor,0.9749,0.9968,58,7560,129.437,新店 | 甜品￥28/人 | B,鮮芋仙 | 新店 | 甜品￥28/人 | B | 点评榜单 | 世博源美食新店榜第4名 | 鲜芋仙 | ￥28.669.6折 | 惠 | ￥30超级芋霸布丁碗...,ocr/input_videos\上海__世博源__20260826.mp4
OBS-000622,世博源,欧拉,欧拉,4S店,,151966,L1,unknown,True,,ocr_missing,parsed,metadata_anchor,0.9681,0.9993,61,7560,129.437,3.64S店￥151966/人 | L1,欧拉 | 3 | 3.64S店￥151966/人 | L1 | 芭蕾猫,ocr/input_videos\上海__世博源__20260826.mp4
OBS-000623,世博源,馋三尺蟹粉小笼,馋三尺蟹粉小笼,小笼,4.3,52,,rated,True,,rated,parsed,rating_anchor,0.9704,0.9997,51,7560,129.437,🌟🌟🌟🌟 | 4.3 | 小笼￥52/人 | B,馋三尺蟹粉小笼 | 停三RO | 限时上新 | 🌟🌟🌟🌟 | 4.3 | 小笼￥52/人 | B | 时令六月黄 | 点评榜单 | 世博园小吃快餐销量榜第2名 | 北方口味的美食爱好者必尝 | 5 | ￥529.3折 | ￥56 | 【单人】头牌蟹粉小笼.. | 惠,ocr/input_videos\上海__世博源__20260826.mp4
OBS-000624,世博源,当家水煎包·牛肉汤,当家水煎包·牛肉汤,生煎,3.9,25,,rated,True,,rated,parsed,rating_anchor,0.9653,0.9883,56,7560,129.437,🌟🌟⭐🌟⭐ | 生煎￥25/人 | 3.9 | B,当家水煎包·牛肉汤 | 🌟🌟⭐🌟⭐ | 生煎￥25/人 | 3.9 | B | 新当家水煎包 | 水煎包|牛肉汤|牛肉面 | 点评榜单 | 上南地区小吃快餐打卡人气榜第1名 | 非物质文化遗产 | 强烈推荐，牛肉水煎包口感鲜美 | 99 | 美车所元有企点 | 2.6折 | ￥0.9 | 惠 | ￥3.5招牌牛肉水煎包,ocr/input_videos\上海__世博源__20260826.mp4
OBS-000625,世博源,欧拉,欧拉,4S店,,151966,L1,unknown,True,,ocr_missing,parsed,metadata_anchor,0.9784,0.9991,62,7596,130.054,3.64S店￥151966/人 | L1,欧拉 | A | 3.64S店￥151966/人 | L1 | 芭香猫,ocr/input_videos\上海__世博源__20260826.mp4
OBS-000626,世博源,馋三尺蟹粉小笼,馋三尺蟹粉小笼,小笼,4.3,52,,rated,True,,rated,parsed,rating_anchor,0.9784,0.9994,52,7596,130.054,🌟🌟🌟⭐ | 4.3小笼￥52/人 | B,馋三尺蟹粉小笼 | 停三RO | 限时上新 | 🌟🌟🌟⭐ | 4.3小笼￥52/人 | B | 时令六月黄 | 点评榜单 | 世博园小吃快餐销量榜第2名 | “北味的美爱好者必尝” | ￥529.3折 | ￥56 | 【单人】头牌蟹粉小笼. | 惠,ocr/input_videos\上海__世博源__20260826.mp4
OBS-000627,世博源,当家水煎包·牛肉汤,当家水煎包·牛肉汤,生煎,3.9,25,,rated,True,,rated,parsed,rating_anchor,0.9624,0.9767,54,7596,130.054,🌟🌟🌟🌟🌟 | 生煎￥25/人 | 3.9 | B,当家水煎包·牛肉汤 | 🌟🌟🌟🌟🌟 | 生煎￥25/人 | 3.9 | B | 新当家水煎包 | 水煎包|牛肉汤|牛肉面 | 点评榜单 | 上南地区小吃快餐打卡人气榜第1名 | 非物质文化遗产 | 强烈推荐，肉煎包口感鲜美 | 《 | 55 | 本智标手调语 元精色心点 | ￥0.9 | 2.6折 | ￥3.5招牌牛肉水煎包 | 惠,ocr/input_videos\上海__世博源__20260826.mp4
OBS-000628,世博源,星动力,星动力,联合办公空间,3.6,90,L1,rated,True,,rated,parsed,rating_anchor,0.9779,0.9997,58,7596,130.054,🌟★★🌟★ | 3.6联合办公空间￥90/人 | L1,星动力 | 🌟★★🌟★ | 3.6联合办公空间￥90/人 | L1,ocr/input_videos\上海__世博源__20260826.mp4
OBS-000629,世博源,KPRO肯律轻食,KPRO肯律轻食,B,,32,,new_store,False,new_store,ocr_missing,parsed,metadata_anchor,0.9968,0.9981,51,7596,130.054,新店 | ￥32/人 | 西式快餐 | B,肯德基旗下能量轻食 | KPRO肯律轻食 | 新店 | ￥32/人 | 西式快餐 | B | 点评榜单 | 世博源小吃快餐新店榜第4名 | 能量PRO | 三明治 | ￥29.9 | 6.8折 | ￥44 | 惠 | 【招牌】烤鸡谷物能..,ocr/input_videos\上海__世博源__20260826.mp4
OBS-000630,世博源,欧拉,欧拉,4S店,,151966,L1,unknown,True,,ocr_missing,parsed,metadata_anchor,0.9792,0.9994,61,7620,130.465,3.64S店￥151966/人 | L1,欧拉 | 51 | 3.64S店￥151966/人 | L1 | 芭馨猫,ocr/input_videos\上海__世博源__20260826.mp4
OBS-000631,世博源,馋三尺蟹粉小笼,馋三尺蟹粉小笼,小笼,4.3,52,,rated,True,,rated,parsed,rating_anchor,0.9739,0.9998,52,7620,130.465,🌟🌟⭐⭐ | 小笼￥52/人 | 4.3 | B,馋三尺蟹粉小笼 | 停三RO | 限时上新 | 🌟🌟⭐⭐ | 小笼￥52/人 | 4.3 | B | 时令六月黄 | 点评榜单 | 世博园小吃快餐销量榜第2名 | 北方口味的美食爱好者必尝 | ￥529.3折 | ￥56 | 【单人】头牌蟹粉小笼... | 惠,ocr/input_videos\上海__世博源__20260826.mp4
OBS-000632,世博源,当家水煎包·牛肉汤,当家水煎包·牛肉汤,生煎,3.9,25,,rated,True,,rated,parsed,rating_anchor,0.962,0.9808,54,7620,130.465,生煎￥25/人 | ★🌟★🌟🌟 | 3.9 | B,当家水煎包·牛肉汤 | 生煎￥25/人 | ★🌟★🌟🌟 | 3.9 | B | 新当家水煎包 | 水煎包|牛肉汤|牛肉面 | 点评榜单 | 上南地区小吃快餐打卡人气榜第1名 | 非物质文化遗产 | 强烈推荐， | 牛肉水煎包口感鲜美 | 办黑金税民品民式企点 | ￥0.9 | 2.6折 | 惠 | ￥3.5 | 招牌牛肉水煎包,ocr/input_videos\上海__世博源__20260826.mp4
OBS-000633,世博源,星动力,星动力,联合办公空间,3.6,90,L1,rated,True,,rated,parsed,rating_anchor,0.985,0.9995,58,7620,130.465,🌟🌟🌟🌟🌟 | 3.6联合办公空间￥90/人 | L1,星动力 | 🌟🌟🌟🌟🌟 | 3.6联合办公空间￥90/人 | L1,ocr/input_videos\上海__世博源__20260826.mp4
OBS-000634,世博源,KPRO肯律轻食,KPRO肯律轻食,B,,32,,new_store,False,new_store,ocr_missing,parsed,metadata_anchor,0.997,0.9988,51,7620,130.465,新店 | 西式快餐 | ￥32/人 | B,KPRO肯律轻食 | 肯德基旗下能量轻食 | 新店 | 西式快餐 | ￥32/人 | B | 点评榜单 | 世博源小吃快餐新店榜第4名 | 能量PRO | 三明治 | ￥29.9 | 6.8折 | 惠 | ￥44 | 【招牌】烤鸡谷物能.,ocr/input_videos\上海__世博源__20260826.mp4
OBS-000635,世博源,当家水煎包·肉汤,当家水煎包·肉汤,生煎,3.9,25,,rated,True,,rated,parsed,rating_anchor,0.9268,0.9212,51,7680,131.492,🌟3.9 | 生煎￥25/人 | B,当家水煎包·肉汤 | 🌟3.9 | 生煎￥25/人 | B | 新当家水煎包 | 水煎包|牛肉汤|牛肉面 | 点评榜单 | 上南地区小吃快餐打卡人气榜第1名 | 非物质文化遗产 | 强烈推荐，牛肉水煎包口感鲜美 | 水和请品色点 | ￥0.9 | 2.6折 | ￥3.5招牌牛肉水煎包 | 惠,ocr/input_videos\上海__世博源__20260826.mp4
OBS-000636,世博源,星动力,星动力,联合办公空间,3.6,90,L1,rated,True,,rated,parsed,rating_anchor,0.9829,0.9995,58,7680,131.492,🌟🌟🎉🌟🌟 | L1 | 3.6联合办公空间￥90/人,星动力 | 🌟🌟🎉🌟🌟 | L1 | 3.6联合办公空间￥90/人,ocr/input_videos\上海__世博源__20260826.mp4
OBS-000637,世博源,KPRO肯律轻食,KPRO肯律轻食,西式快餐,,32,,new_store,False,new_store,ocr_missing,parsed,metadata_anchor,0.9816,0.995,51,7680,131.492,新店 | 西式快餐￥32/人 | B,肯德基旗下能量轻食 | KPRO肯律轻食 | 新店 | 西式快餐￥32/人 | B | 点评榜单 | 世博源小吃快餐新店榜第4名 | 能量PRO | 三明治 | 6.8折 | ￥29.9 | ￥44 | 惠 | 【招牌】烤鸡谷物能.,ocr/input_videos\上海__世博源__20260826.mp4
OBS-000638,世博源,和府捞面,和府捞面,面馆,3.9,33,,rated,True,,rated,parsed,rating_anchor,0.9366,0.9192,56,7680,131.492,🌟🌟🌟🌟🌟 | 面馆￥33/人 | 3.9 | B,和府捞面 | 骨汤鲜熬 | 浇女生煲 | 🌟🌟🌟🌟🌟 | 面馆￥33/人 | 3.9 | B | 点评榜单 | 上南地区面馆打卡人气榜第3名 | 食物色香味俱佳，清新爽口 | ￥57.2折 | 【爆款单品】爆浆芝士香肠 | 惠 | ￥7 | ￥55 | 9.2折 | 惠 | ￥6060元代金券,ocr/input_videos\上海__世博源__20260826.mp4
OBS-000639,世博源,当家水煎包·牛肉汤,当家水煎包·牛肉汤,生煎,3.9,25,,rated,True,,rated,parsed,rating_anchor,0.9462,0.9521,54,7692,131.697,🌟🌟🌟🌟🌟 | 生煎￥25/人 | 3.9 | B,当家水煎包·牛肉汤 | 🌟🌟🌟🌟🌟 | 生煎￥25/人 | 3.9 | B | 新当家水煎包 | 水煎包|牛肉汤|牛肉面 | 点评榜单 | 上南地区小吃快餐打卡人气榜第1名 | 非物质文化遗产 | 强烈推荐，牛肉水煎包口感鲜美 | “ | 52 | 小联肉光色心点 | ￥0.9 | 2.6折 | 惠 | ￥3.5招牌牛肉水煎包,ocr/input_videos\上海__世博源__20260826.mp4
OBS-000640,世博源,星动力,星动力,联合办公空间,3.6,,L1,rated,True,,rated,parsed,rating_anchor,0.9768,0.9993,59,7692,131.697,3.6联合办公空间￥90/ | L1,星动力 | 3.6联合办公空间￥90/ | L1,ocr/input_videos\上海__世博源__20260826.mp4
OBS-000641,世博源,KPRO肯律轻食,KPRO肯律轻食,西式快餐,,32,,new_store,False,new_store,ocr_missing,parsed,metadata_anchor,0.9769,0.9989,52,7692,131.697,新店 | 西式快餐￥32/人 | B,KPRO肯律轻食 | 肯德基旗下能量轻食 | 新店 | 西式快餐￥32/人 | B | 点评榜单 | 世博源小吃快餐新店榜第4名 | 能量PRO | 三明治 | ￥29.9 | ￥44 | 惠 | 6.8折 | 【招牌】烤鸡谷物能.,ocr/input_videos\上海__世博源__20260826.mp4
OBS-000642,世博源,和府捞面,和府捞面,面馆,3.9,33,,rated,True,,rated,parsed,rating_anchor,0.9535,0.9534,56,7692,131.697,⭐🌟⭐🌟🌟 | 面馆￥33/人 | 3.9 | B,和府捞面 | 骨汤鲜教 | 晓女生烫 | ⭐🌟⭐🌟🌟 | 面馆￥33/人 | 3.9 | B | 点评榜单 | 上南地区面馆打卡人气榜第3名 | 食物色香味俱佳，清新爽口 | 9 | “ | ￥57.2折 | 惠 | 【爆款单品】爆浆芝士香肠 | ￥7 | ￥559.2折 | ￥6060元代金券 | 惠,ocr/input_videos\上海__世博源__20260826.mp4
OBS-000643,世博源,水星家纺,水星家纺,B,3.6,,,rated,True,,rated,parsed,rating_anchor,0.997,0.9994,56,7692,131.697,🌟🌟🌟🌟🌟 | 家饰家纺 | 3.6 | B,水星家纺 | 🌟🌟🌟🌟🌟 | 家饰家纺 | 3.6 | B | MERCURY | 水星家纺,ocr/input_videos\上海__世博源__20260826.mp4
OBS-000644,世博源,当家水煎包·牛肉汤,当家水煎包·牛肉汤,生煎,3.9,25,,rated,True,,rated,parsed,rating_anchor,0.9648,0.9879,56,7728,132.314,🌟🌟🌟🌟 | 生煎￥25/人 | 3.9 | B,当家水煎包·牛肉汤 | 🌟🌟🌟🌟 | 生煎￥25/人 | 3.9 | B | 新当家水煎包 | 水煎包|牛肉汤|牛肉面 | 点评榜单 | 上南地区小吃快餐打卡人气榜第1名 | 非物质文化遗产 | 牛肉水煎包口感鲜美 | 强烈推荐， | 55 | 水部和呼请通风色点 | ￥0.9 | 2.6折 | ￥3.5招牌牛肉水煎包 | 惠,ocr/input_videos\上海__世博源__20260826.mp4
OBS-000645,世博源,星动力,星动力,联合办公空间,3.6,90,L1,rated,True,,rated,parsed,rating_anchor,0.9862,0.9998,58,7728,132.314,🌟🌟⭐🌟⭐ | 3.6联合办公空间￥90/人 | L1,星动力 | 🌟🌟⭐🌟⭐ | 3.6联合办公空间￥90/人 | L1,ocr/input_videos\上海__世博源__20260826.mp4
OBS-000646,世博源,KPRO肯律轻食,KPRO肯律轻食,B,,32,,new_store,False,new_store,ocr_missing,parsed,metadata_anchor,0.997,0.9993,48,7728,132.314,新店 | ￥32/人 | 西式快餐 | B,肯德基旗下能量轻食 | KPRO肯律轻食 | 新店 | ￥32/人 | 西式快餐 | B | 点评榜单 | 世博源小吃快餐新店榜第4名 | 能量PRO | 三明治 | ￥29.9 | 6.8折 | ￥44 | 【招牌】烤鸡谷物能. | 惠,ocr/input_videos\上海__世博源__20260826.mp4
OBS-000647,世博源,和府捞面,和府捞面,面馆,3.9,33,,rated,True,,rated,parsed,rating_anchor,0.9295,0.9184,53,7728,132.314,🌟🌟🎉🌟🌟 | 面馆￥33/人 | 3.9 | B,和府捞面 | 骨汤鲜熬 | 没头生烫 | 🌟🌟🎉🌟🌟 | 面馆￥33/人 | 3.9 | B | 点评榜单 | 上南地区面馆打卡人气榜第3名 | 食物色香味俱佳，清新爽口 | ￥57.2折 | 惠 | ￥7 | 【爆款单品】 | 爆浆芝士香肠 | ￥559.2折 | 惠 | ￥6060元代金券,ocr/input_videos\上海__世博源__20260826.mp4
OBS-000648,世博源,水星家纺,水星家纺,B,3.6,,,rated,True,,rated,parsed,rating_anchor,0.9986,0.9995,56,7728,132.314,⭐🌟🌟🌟🌟 | 家饰家纺 | 3.6 | B,水星家纺 | ⭐🌟🌟🌟🌟 | 家饰家纺 | 3.6 | B | MERCURY | 水星家纺,ocr/input_videos\上海__世博源__20260826.mp4
OBS-000649,世博源,KPRO肯律轻食,KPRO肯律轻食,西式快餐,,32,,new_store,False,new_store,ocr_missing,parsed,metadata_anchor,0.9839,0.9995,48,7800,133.546,新店 | 西式快餐￥32/人 | B,肯德基旗下能量轻食 | KPRO肯律轻食 | 新店 | 西式快餐￥32/人 | B | 点评榜单 | 世博源小吃快餐新店榜第4名 | 能量PRO | 三明治 | ￥29.9 | 6.8折 | ￥44 | 惠 | 【招牌】烤鸡谷物能.,ocr/input_videos\上海__世博源__20260826.mp4
OBS-000650,世博源,和府捞面,和府捞面,面馆,3.9,33,,rated,True,,rated,parsed,rating_anchor,0.9235,0.9224,56,7800,133.546,🌟🌟⭐🌟🌟 | 面馆￥33/人 | B | 3.9,和府捞面 | 骨汤鲜熬 | 浇生煲 | 🌟🌟⭐🌟🌟 | 面馆￥33/人 | B | 3.9 | 点评榜单 | 上南地区面馆打卡人气榜第3名 | 食物色香味俱佳，清新爽口 | S | ￥57.2折 | 惠 | 【爆款单品】 | 爆浆芝士香肠 | ￥559.2折 | 惠 | ￥6060元代金券,ocr/input_videos\上海__世博源__20260826.mp4
OBS-000651,世博源,水星家纺,水星家纺,家饰家纺,3.6,,,rated,True,,rated,parsed,rating_anchor,0.9984,0.9978,58,7800,133.546,3.6家饰家纺 | ★🌟★🌟★ | B,水星家纺 | 3.6家饰家纺 | ★🌟★🌟★ | B | NERCURY | 水星家纺,ocr/input_videos\上海__世博源__20260826.mp4
OBS-000652,世博源,阿不就·台湾食堂,阿不就·台湾食堂,快餐简餐,3.8,45,,rated,True,,rated,parsed,rating_anchor,0.9651,0.9636,51,7800,133.546,⭐⭐🌟⭐3.8 | 快餐简餐￥45/人 | B,阿不就·台湾食堂 | 阿不就 | 台湾食壹 | ⭐⭐🌟⭐3.8 | 快餐简餐￥45/人 | B | 海A4T | 具全卤肉饭 | 点评镑单 | 世博源小吃快餐热门榜第2名 | 美味卤肉饭，舒适环境，热情服务 | 力 | ￥108 | 惠 | 6.9折 | 阿不就台式经典2人... | ￥158 | ￥95 | 9.5折 | 惠 | ￥100100元代金券,ocr/input_videos\上海__世博源__20260826.mp4
OBS-000653,世博源,金匠寿司,金匠寿司,寿司,4.4,111,,rated,True,,rated,parsed,rating_anchor,0.9832,0.9998,57,7800,133.546,🌟🌟🌟🌟 | 4.4寿司￥111/人 | B,1月20日 | 金匠寿司 | 2勒快上新 | 🌟🌟🌟🌟 | 4.4寿司￥111/人 | B | 点评榜单 | 上南地区美食打卡人气榜第1名,ocr/input_videos\上海__世博源__20260826.mp4
OBS-000654,世博源,和府捞面,和府捞面,面馆,3.9,33,,rated,True,,rated,parsed,rating_anchor,0.9348,0.9209,53,7860,134.574,🌟🌟⭐🌟🌟 | 面馆￥33/人 | 3.9 | B,和府捞面 | 骨汤鲜熬 | 🌟🌟⭐🌟🌟 | 面馆￥33/人 | 3.9 | B | 生烫 | 点评榜单 | 上南地区面馆打卡人气榜第3名 | 食物色香味俱佳，清新爽口 | 7.2折 | ￥5 | 惠 | 【爆款单品】爆浆芝士香肠 | ￥7 | ￥55 | 惠 | 9.2折 | ￥6060元代金券,ocr/input_videos\上海__世博源__20260826.mp4
OBS-000655,世博源,水星家纺,水星家纺,家饰家纺,3.6,,,rated,True,,rated,parsed,rating_anchor,0.9986,0.9993,59,7860,134.574,🌟🌟🌟🌟⭐ | 3.6家饰家纺 | B,水星家纺 | 🌟🌟🌟🌟⭐ | 3.6家饰家纺 | B | MERCURY | 水星家纺,ocr/input_videos\上海__世博源__20260826.mp4
OBS-000656,世博源,阿不就·台湾食堂,阿不就·台湾食堂,快餐简餐,3.8,45,,rated,True,,rated,parsed,rating_anchor,0.9421,0.9688,52,7860,134.574,⭐3.8快餐简餐￥45/人 | B,阿不就·台湾食堂 | 阿不就 | 台学食 | ⭐3.8快餐简餐￥45/人 | B | A服 | 博金卤岗设 | 点评榜单 | 世博源小吃快餐热门榜第2名 | 美味卤肉饭，舒适环境，热情服务 | （ | ￥108 | 6.9折 | 阿不就台式经典2人... | 惠 | ￥158 | ￥959.5折 | 惠 | ￥100100元代金券,ocr/input_videos\上海__世博源__20260826.mp4
OBS-000657,世博源,金匠寿司,金匠寿司,寿司,4.4,111,,rated,True,,rated,parsed,rating_anchor,0.9805,0.9999,57,7860,134.574,🌟🌟⭐🌟 | 4.4寿司￥111/人 | B,1月20日 | 金匠寿司 | 物快上新 | 白 | 🌟🌟⭐🌟 | 4.4寿司￥111/人 | B | 点评榜单 | 上南地区美食打卡人气榜第1名,ocr/input_videos\上海__世博源__20260826.mp4
OBS-000658,世博源,Our Pickleball多多动匹克球俱乐部,OurPickleball多多动匹克球俱乐部,体育场馆,4.5,,L1,rated,True,,rated,parsed,rating_anchor,0.9787,0.9678,51,7860,134.574,4.5体育场馆 | L1,Our Pickleball多多动匹克球俱乐部 | 4.5体育场馆 | L1 | Our Pickleioall | ￥388￥680匹克球零基础私教一室内.. | 惠,ocr/input_videos\上海__世博源__20260826.mp4
OBS-000659,世博源,水星家纺,水星家纺,家饰家纺,3.6,,,rated,True,,rated,parsed,rating_anchor,0.9934,0.9994,63,7908,135.396,3.6家饰家纺 | B,水星家纺 | 3.6家饰家纺 | B | MERCURY | 水星家纺,ocr/input_videos\上海__世博源__20260826.mp4
OBS-000660,世博源,阿不就·台湾食堂,阿不就·台湾食堂,快餐简餐,3.8,45,,rated,True,,rated,parsed,rating_anchor,0.9578,0.9475,52,7908,135.396,⭐🌟🎉🌟🌟 | 快餐简餐￥45/人 | 3.8 | B,阿不就·台湾食堂 | 阿不就 | 台湾食 | ⭐🌟🎉🌟🌟 | 快餐简餐￥45/人 | 3.8 | B | AA | 国全由肉饭 | 点评榜单 | 世博源小吃快餐热门榜第2名 | 美味卤肉饭，舒适环境，热情服务 | “ | 力 | 惠 | ￥108 | ￥158阿不就台式经典2人.. | 6.9折 | ￥95 | 9.5折 | ￥100100元代金券 | 惠,ocr/input_videos\上海__世博源__20260826.mp4
OBS-000661,世博源,金匠寿司,金匠寿司,寿司,4.4,111,,rated,True,,rated,parsed,rating_anchor,0.9806,0.9998,57,7908,135.396,🌟🌟⭐⭐ | 4.4寿司￥111/人 | B,1月20日 | 金匠寿司 | 协快上新 | 🌟🌟⭐⭐ | 4.4寿司￥111/人 | B | 点评榜单 | 上南地区美食打卡人气榜第1名,ocr/input_videos\上海__世博源__20260826.mp4
OBS-000662,世博源,Our Pickleball多多动匹克球俱乐部,OurPickleball多多动匹克球俱乐部,体育场馆,4.5,,L1,rated,True,,rated,parsed,rating_anchor,0.9158,0.9786,54,7908,135.396,L1 | ⭐⭐⭐⭐4.5体育场馆,Our Pickleball多多动匹克球俱乐部 | L1 | ⭐⭐⭐⭐4.5体育场馆 | Our Pickleioall | ￥388￥680匹克球零基础私教|室内.. | 惠,ocr/input_videos\上海__世博源__20260826.mp4
OBS-000663,世博源,盈yingyinger,盈yingyinger,茶饮果汁,3.6,,L2,rated,True,,rated,parsed,rating_anchor,0.9959,0.9982,64,7908,135.396,🌟🌟3.6 | L2 | 茶饮果汁,盈yingyinger | 🌟🌟3.6 | L2 | 茶饮果汁,ocr/input_videos\上海__世博源__20260826.mp4
OBS-000664,世博源,阿不就·台湾食堂,阿不就·台湾食堂,快餐简餐,3.8,45,,rated,True,,rated,parsed,rating_anchor,0.9692,0.9706,57,7956,136.217,🌟🌟💥🌟🌟 | 3.8 | 快餐简餐￥45/人 | B,阿不就·台湾食堂 | 阿不就 | 台食 | 🌟🌟💥🌟🌟 | 3.8 | 快餐简餐￥45/人 | B | 具金卤岗设 | 点评榜单 | 世博源小吃快餐热门榜第2名 | 美味卤肉饭，舒适环境，热情服务” | G | ￥108 | 6.9折 | ￥158β | 阿不就台式经典2人... | 惠 | ￥959.5折 | ￥100100元代金券 | 惠,ocr/input_videos\上海__世博源__20260826.mp4
OBS-000665,世博源,金匠寿司,金匠寿司,寿司,4.4,111,,rated,True,,rated,parsed,rating_anchor,0.9807,0.9998,61,7956,136.217,🌟🌟🌟🌟 | 4.4寿司￥111/人 | B,金匠寿司 | 1月20日 | 物快上新 | 🌟🌟🌟🌟 | 4.4寿司￥111/人 | B | 点评榜单 | 上南地区美食打卡人气榜第1名,ocr/input_videos\上海__世博源__20260826.mp4
OBS-000666,世博源,Our Pickleball多多动匹克球俱乐部,OurPickleball多多动匹克球俱乐部,体育场馆,4.5,,L1,rated,True,,rated,parsed,rating_anchor,0.9848,0.9795,54,7956,136.217,L1 | 4.5体育场馆,Our Pickleball多多动匹克球俱乐部 | L1 | 4.5体育场馆 | Our Pickleioall | ￥388￥680匹克球零基础私教|室内. | 惠,ocr/input_videos\上海__世博源__20260826.mp4
OBS-000667,世博源,盈yingyinger,盈yingyinger,茶饮果汁,3.6,,L2,rated,True,,rated,parsed,rating_anchor,0.994,0.9989,62,7956,136.217,3.6茶饮果汁 | L2,盈yingyinger | 3.6茶饮果汁 | L2,ocr/input_videos\上海__世博源__20260826.mp4
OBS-000668,世博源,manner coff ee,mannercoffee,咖啡,3.8,17,商场内,rated,True,,rated,parsed,rating_anchor,0.9311,0.9271,52,7956,136.217,商场内 | 3.8咖啡￥17/人,manner coff ee | 商场内 | 3.8咖啡￥17/人 | MANNER,ocr/input_videos\上海__世博源__20260826.mp4
OBS-000669,世博源,金匠寿司,金匠寿司,寿司,4.4,111,,rated,True,,rated,parsed,rating_anchor,0.9846,0.9999,56,8004,137.039,★★★★ | 4.4寿司￥111/人 | B,1月20日 | 金匠寿司 | 快上新 | ★★★★ | 4.4寿司￥111/人 | B | 点评榜单 | 上南地区美食打卡人气榜第1名,ocr/input_videos\上海__世博源__20260826.mp4
OBS-000670,世博源,Our Pickleball多多动匹克球俱乐部,OurPickleball多多动匹克球俱乐部,体育场馆,4.5,,L1,rated,True,,rated,parsed,rating_anchor,0.9853,0.9871,54,8004,137.039,4.5体育场馆 | L1,Our Pickleball多多动匹克球俱乐部 | 4.5体育场馆 | L1 | Our Pickleioall | ￥388￥680 | 匹克球零基础私教|室内... | 惠,ocr/input_videos\上海__世博源__20260826.mp4
OBS-000671,世博源,盈yingyinger,盈yingyinger,茶饮果汁,3.6,,L2,rated,True,,rated,parsed,rating_anchor,0.9926,0.9902,70,8004,137.039,🌟🌟🎉🌟3.6 | 茶饮果汁 | L2,盈yingyinger | 🌟🌟🎉🌟3.6 | 茶饮果汁 | L2,ocr/input_videos\上海__世博源__20260826.mp4
OBS-000672,世博源,manner coffee,mannercoffee,咖啡,3.8,17,商场内,rated,True,,rated,parsed,rating_anchor,0.9822,0.9968,48,8004,137.039,商场内 | 3.8咖啡￥17/人 | ★★★★★,manner coffee | 商场内 | 3.8咖啡￥17/人 | ★★★★★ | MANNER,ocr/input_videos\上海__世博源__20260826.mp4
OBS-000673,世博源,垚动健身少儿体能训练营,垚动健身少儿体能训练营,体育场馆,4.1,2855,,rated,True,,rated,parsed,rating_anchor,0.9817,0.9979,53,8004,137.039,4.1体育场馆￥2855/人 | G,垚动健身少儿体能训练营 | 青少体能团操瑞售 | 4.1体育场馆￥2855/人 | G | 教练跑遍全国，奖牌数不断增加 | “,ocr/input_videos\上海__世博源__20260826.mp4
OBS-000674,世博源,Manner Coff ee,MannerCoffee,咖啡,4.3,21,,rated,True,,rated,parsed,rating_anchor,0.9195,0.9025,54,8004,137.039,🌟🌟🌟🌟 | 咖啡￥21/人 | 4.3 | B | ★,Manner Coff ee | 🌟🌟🌟🌟 | 咖啡￥21/人 | 4.3 | B | ★ | MANNER | 点评榜单 | 世博源咖啡口味榜第2名,ocr/input_videos\上海__世博源__20260826.mp4
OBS-000675,世博源,盈yingyinger,盈yingyinger,茶饮果汁,3.6,,L2,rated,True,,rated,parsed,rating_anchor,0.9793,0.9988,65,8112,138.888,⭐3.6茶饮果汁 | L2,盈yingyinger | ⭐3.6茶饮果汁 | L2,ocr/input_videos\上海__世博源__20260826.mp4
OBS-000676,世博源,manner coffee,mannercoffee,咖啡,3.8,17,商场内,rated,True,,rated,parsed,rating_anchor,0.9539,0.9479,52,8112,138.888,3.8咖啡￥17/人 | 商场内,manner coffee | 3.8咖啡￥17/人 | 商场内 | MANNER,ocr/input_videos\上海__世博源__20260826.mp4
OBS-000677,世博源,垚动健身少儿体能训练营,垚动健身少儿体能训练营,体育场馆,4.1,2855,,rated,True,,rated,parsed,rating_anchor,0.9791,0.9942,57,8112,138.888,4.1体育场馆￥2855/人 | G,垚动健身少儿体能训练营 | （青少体能团探雅加 | 4.1体育场馆￥2855/人 | G | 教练跑遍全国，奖牌数不断增加”,ocr/input_videos\上海__世博源__20260826.mp4
OBS-000678,世博源,Manner Coffee,MannerCoffee,咖啡,4.3,21,,rated,True,,rated,parsed,rating_anchor,0.9518,0.9579,59,8112,138.888,咖啡￥21/人 | 🌟🌟🎉🌟 | 4.3 | B,Manner Coffee | 咖啡￥21/人 | 🌟🌟🎉🌟 | 4.3 | B | MANNER | 点评榜单 | 世博源咖啡口味榜第2名,ocr/input_videos\上海__世博源__20260826.mp4
OBS-000679,世博源,西塔星球,西塔星球,零食,4.4,45,,rated,True,,rated,parsed,rating_anchor,0.9839,0.9999,63,8112,138.888,★★★★★ | 4.4零食￥45/人 | G,西塔星球 | ★★★★★ | 4.4零食￥45/人 | G | B | ThetaStor西塔星球,ocr/input_videos\上海__世博源__20260826.mp4
OBS-000680,世博源,盈yingyinger,盈yingyinger,茶饮果汁,3.6,,L2,rated,True,,rated,parsed,rating_anchor,0.9504,0.9965,65,8148,139.505,⭐⭐3.6茶饮果汁 | L2,盈yingyinger | ⭐⭐3.6茶饮果汁 | L2,ocr/input_videos\上海__世博源__20260826.mp4
OBS-000681,世博源,manner coffee,mannercoffee,咖啡,3.8,17,商场内,rated,True,,rated,parsed,rating_anchor,0.9499,0.9391,52,8148,139.505,3.8咖啡￥17/人 | 商场内,manner coffee | 3.8咖啡￥17/人 | 商场内 | MANNER,ocr/input_videos\上海__世博源__20260826.mp4
OBS-000682,世博源,垚动健身少儿体能训练营,垚动健身少儿体能训练营,体育场馆,4.1,2855,,rated,True,,rated,parsed,rating_anchor,0.9811,0.9984,54,8148,139.505,4.1体育场馆￥2855/人 | G,垚动健身少儿体能训练营 | （青少体能团探雅加 | 4.1体育场馆￥2855/人 | G | 教练跑遍全国，奖牌数不断增加” | 5,ocr/input_videos\上海__世博源__20260826.mp4
OBS-000683,世博源,Manner Coffee,MannerCoffee,咖啡,4.3,21,,rated,True,,rated,parsed,rating_anchor,0.9501,0.9544,59,8148,139.505,咖啡￥21/人 | 🌟🌟🌟🌟 | 4.3 | B,Manner Coffee | 咖啡￥21/人 | 🌟🌟🌟🌟 | 4.3 | B | MANNER | 点评榜单 | 世博源咖啡口味榜第2名,ocr/input_videos\上海__世博源__20260826.mp4
OBS-000684,世博源,西塔星球,西塔星球,零食,4.4,45,,rated,True,,rated,parsed,rating_anchor,0.9784,0.9998,62,8148,139.505,4.4零食￥45/人 | ★★★★★ | G,西塔星球 | 4.4零食￥45/人 | ★★★★★ | G | ® | ThetaStar'西培星球 | 蚂蚁循环市场,ocr/input_videos\上海__世博源__20260826.mp4
OBS-000685,世博源,盈yingyinger,盈yingyinger,茶饮果汁,3.6,,L2,rated,True,,rated,parsed,rating_anchor,0.9973,0.9987,71,8172,139.916,🌟🌟🌟🌟🌟 | L2 | 茶饮果汁 | 3.6,盈yingyinger | 🌟🌟🌟🌟🌟 | L2 | 茶饮果汁 | 3.6,ocr/input_videos\上海__世博源__20260826.mp4
OBS-000686,世博源,manner coffee,mannercoffee,咖啡,3.8,17,商场内,rated,True,,rated,parsed,rating_anchor,0.9671,0.9931,48,8172,139.916,咖啡￥17/人 | 商场内 | ★★★★★ | 3.8,manner coffee | 咖啡￥17/人 | 商场内 | ★★★★★ | 3.8 | MANNER,ocr/input_videos\上海__世博源__20260826.mp4
OBS-000687,世博源,垚动健身少儿体能训练营,垚动健身少儿体能训练营,体育场馆,4.1,2855,,rated,True,,rated,parsed,rating_anchor,0.9969,0.995,50,8172,139.916,🌟🌟⭐⭐ | ￥2855/人 | G | 4.1体育场馆 | ★,垚动健身少儿体能训练营 | 🌟🌟⭐⭐ | ￥2855/人 | G | 4.1体育场馆 | ★ | 教练跑遍全国，奖牌数不断增加,ocr/input_videos\上海__世博源__20260826.mp4
OBS-000688,世博源,Manner Coffee,MannerCoffee,咖啡,4.3,21,,rated,True,,rated,parsed,rating_anchor,0.9259,0.9268,59,8172,139.916,🌟🌟🌟🌟 | 咖啡￥21/人 | 4.3 | B | ￥,Manner Coffee | 🌟🌟🌟🌟 | 咖啡￥21/人 | 4.3 | B | ￥ | MANNER | 点评榜单 | 世博源咖啡口味榜第2名,ocr/input_videos\上海__世博源__20260826.mp4
OBS-000689,世博源,西塔星球,西塔星球,零食,4.4,45,,rated,True,,rated,parsed,rating_anchor,0.9812,0.9999,56,8172,139.916,🌟🌟🌟⭐⭐ | 4.4零食￥45/人 | G,西塔星球 | 🌟🌟🌟⭐⭐ | 4.4零食￥45/人 | G | ThetaStar'西塔是球,ocr/input_videos\上海__世博源__20260826.mp4
OBS-000690,世博源,蚂蚁循环市场,蚂蚁循环市场,回收,3.8,,,rated,True,,rated,parsed,rating_anchor,0.9983,0.997,51,8172,139.916,回收 | G | 🌟🌟🎉🌟🌟 | 3.8,蚂蚁循环市场 | 回收 | G | 🌟🌟🎉🌟🌟 | 3.8 | BUSYPAPA妈数 | 品种丰富如中古店，平台买卖更可靠,ocr/input_videos\上海__世博源__20260826.mp4
OBS-000691,世博源,垚动健身少儿体能训练营,垚动健身少儿体能训练营,体育场馆,4.1,2855,,rated,True,,rated,parsed,rating_anchor,0.9889,0.9781,51,8184,140.121,￥2855/人 | G | 🌟🌟⭐⭐ | 体育场馆 | 4.1 | ★,垚动健身少儿体能训练营 | （青少体能团探瑜咖 | ￥2855/人 | G | 🌟🌟⭐⭐ | 体育场馆 | 4.1 | ★ | 教练跑遍全国，奖牌数不断增加,ocr/input_videos\上海__世博源__20260826.mp4
OBS-000692,世博源,Manner Coff ee,MannerCoffee,咖啡,4.3,21,,rated,True,,rated,parsed,rating_anchor,0.9465,0.9421,51,8184,140.121,🌟🌟🌟🌟 | 咖啡￥21/人 | 4.3 | B,Manner Coff ee | 🌟🌟🌟🌟 | 咖啡￥21/人 | 4.3 | B | MANNER | 点评榜单 | 世博源咖啡口味榜第2名,ocr/input_videos\上海__世博源__20260826.mp4
OBS-000693,世博源,西塔星球,西塔星球,零食,4.4,45,,rated,True,,rated,parsed,rating_anchor,0.9839,0.9999,56,8184,140.121,🌟🌟🌟💥 | G | 4.4零食￥45/人 | ★,西塔星球 | 🌟🌟🌟💥 | G | 4.4零食￥45/人 | ★ | ThetaStar西培星球,ocr/input_videos\上海__世博源__20260826.mp4
OBS-000694,世博源,蚂蚁循环市场,蚂蚁循环市场,回收,3.8,,,rated,True,,rated,parsed,rating_anchor,0.9992,0.9988,52,8184,140.121,回收 | 🌟🌟⭐⭐🌟 | 3.8 | G,蚂蚁循环市场 | 回收 | 🌟🌟⭐⭐🌟 | 3.8 | G | BUSYPAPA蚂数 | 品种丰富如中古店，平台买卖更可靠 | “,ocr/input_videos\上海__世博源__20260826.mp4
OBS-000695,世博源,BUTCHER牛排肉铺,BUTCHER牛排肉铺,快餐简餐,3.7,46,,rated,True,,rated,parsed,rating_anchor,0.9811,0.9996,50,8184,140.121,快餐简餐￥46/人 | ⭐🌟⭐💥🌟 | G | 3.7,BUTCHER牛排肉铺 | B | 快餐简餐￥46/人 | ⭐🌟⭐💥🌟 | G | 3.7 | BUTCHER | STEAR | CAPAESS | 牛暂停营业 | 面,ocr/input_videos\上海__世博源__20260826.mp4
OBS-000696,世博源,水煮牛肉,水煮牛肉,美食,3.5,,,rated,True,,rated,parsed,rating_anchor,0.9979,0.9996,56,8184,140.121,🌟🌟🌟🌟🌟 | 3.5美食 | G,水煮牛肉 | 🌟🌟🌟🌟🌟 | 3.5美食 | G,ocr/input_videos\上海__世博源__20260826.mp4
OBS-000697,世博源,西塔星球,西塔星球,零食,4.4,45,,rated,True,,rated,parsed,rating_anchor,0.9708,1.0,56,8208,140.532,🌟🌟🌟🌟 | 零食￥45/人 | G | 4.4 | ★,西塔星球 | 钱更多楼 | 🌟🌟🌟🌟 | 零食￥45/人 | G | 4.4 | ★ | - | ThetaStar'西塔品球,ocr/input_videos\上海__世博源__20260826.mp4
OBS-000698,世博源,蚂蚁循环市场,蚂蚁循环市场,回收,3.8,,,rated,True,,rated,parsed,rating_anchor,0.9991,0.9985,51,8208,140.532,回收 | 🌟🌟🌟🌟🌟 | G | 3.8,蚂蚁循环市场 | 回收 | 🌟🌟🌟🌟🌟 | G | 3.8 | BUSYPAPA妈数 | 品种丰富如中古店，平台买卖更可靠 | “,ocr/input_videos\上海__世博源__20260826.mp4
OBS-000699,世博源,BUTCHER牛排肉铺,BUTCHER牛排肉铺,快餐简餐,3.7,46,,rated,True,,rated,parsed,rating_anchor,0.9992,0.9994,48,8208,140.532,🌟🌟🌟🌟🌟 | G | ￥46/人 | 3.7 | 快餐简餐,BUTCHER牛排肉铺 | B | 🌟🌟🌟🌟🌟 | G | ￥46/人 | 3.7 | 快餐简餐 | BUTCHER | EIPR888 | 牛停营业 | 面,ocr/input_videos\上海__世博源__20260826.mp4
OBS-000700,世博源,水煮牛肉,水煮牛肉,美食,3.5,,,rated,True,,rated,parsed,rating_anchor,0.9998,0.9997,56,8208,140.532,🌟🌟🌟🌟 | 美食 | 3.5 | G,水煮牛肉 | 🌟🌟🌟🌟 | 美食 | 3.5 | G | 团,ocr/input_videos\上海__世博源__20260826.mp4
OBS-000701,世博源,MINGSI,MINGSI,B,4.8,930,,rated,True,,rated,parsed,rating_anchor,0.9972,0.9976,45,8208,140.532,🌟🌟🌟🌟🌟 | ￥930/人 | 服饰鞋包 | B | 4.8,TINGSI | MINGSI | 🌟🌟🌟🌟🌟 | ￥930/人 | 服饰鞋包 | B | 4.8 | 点评榜单 | 世博源服饰鞋包好评榜第3名,ocr/input_videos\上海__世博源__20260826.mp4
OBS-000702,世博源,官也妈妈,官也妈妈,零食,4.1,100,,rated,True,,rated,parsed,rating_anchor,0.9854,0.9969,55,8208,140.532,🌟🌟🌟🌟 | 4.1零食￥100/人 | B | ★,官也妈妈 | 🌟🌟🌟🌟 | 4.1零食￥100/人 | B | 官也媽媽 | ★ | 源 | a | Zl. | HNEP,ocr/input_videos\上海__世博源__20260826.mp4
OBS-000703,世博源,西塔星球,西塔星球,零食,4.4,45,,rated,True,,rated,parsed,rating_anchor,0.979,0.9999,58,8244,141.148,🌟🌟⭐⭐ | 4.4零食￥45/人 | G | ★,西塔星球 | 🌟🌟⭐⭐ | 4.4零食￥45/人 | G | ★ | ThetaStar西话星球,ocr/input_videos\上海__世博源__20260826.mp4
OBS-000704,世博源,蚂蚁循环市场,蚂蚁循环市场,回收,3.8,,,rated,True,,rated,parsed,rating_anchor,0.9994,0.9992,57,8244,141.148,⭐🌟⭐🌟🌟 | 回收 | 3.8 | G,蚂蚁循环市场 | ⭐🌟⭐🌟🌟 | 回收 | 3.8 | G | BUSYPAPA妈蚁 | 品种丰富如中古店，平台买卖更可靠 | “,ocr/input_videos\上海__世博源__20260826.mp4
OBS-000705,世博源,BUTCHER牛排肉铺,BUTCHER牛排肉铺,快餐简餐,3.7,46,,rated,True,,rated,parsed,rating_anchor,0.9824,0.9988,51,8244,141.148,🌟🌟⭐🌟⭐ | 快餐简餐￥46/人 | 3.7 | G,BUTCHER牛排肉铺 | B | 🌟🌟⭐🌟⭐ | 快餐简餐￥46/人 | 3.7 | G | BUTCHER | TIAR | MIPMESS | 牛新停营业 | 面,ocr/input_videos\上海__世博源__20260826.mp4
OBS-000706,世博源,水煮牛肉,水煮牛肉,美食,3.5,,,rated,True,,rated,parsed,rating_anchor,0.9998,0.9998,59,8244,141.148,美食 | 🌟🌟🌟🌟🌟 | 3.5 | G,水煮牛肉 | 美食 | 🌟🌟🌟🌟🌟 | 3.5 | G | 面园,ocr/input_videos\上海__世博源__20260826.mp4
OBS-000707,世博源,MINGSI,MINGSI,服饰鞋包,4.8,930,,rated,True,,rated,parsed,rating_anchor,0.9788,0.9979,51,8244,141.148,服饰鞋包￥930/人 | 🌟🌟🎉🌟🌟 | B | 4.8,IINGSI | MINGSI | 服饰鞋包￥930/人 | 🌟🌟🎉🌟🌟 | B | 4.8 | 点评榜单 | 世博源服饰鞋包好评榜第3名,ocr/input_videos\上海__世博源__20260826.mp4
OBS-000708,世博源,官也妈妈,官也妈妈,零食,4.1,100,,rated,True,,rated,parsed,rating_anchor,0.985,0.9967,56,8244,141.148,🌟🌟🎉⭐ | 4.1零食￥100/人 | B | ★,官也妈妈 | 🌟🌟🎉⭐ | 4.1零食￥100/人 | B | ★ | 官也媽媽 | 福 | DabHh | 1C31,ocr/input_videos\上海__世博源__20260826.mp4
OBS-000709,世博源,蚂蚁循环市场,蚂蚁循环市场,回收,3.8,,,rated,True,,rated,parsed,rating_anchor,0.9993,0.9991,52,8280,141.765,回收 | G | 🌟🌟⭐🌟🌟 | 3.8,蚂蚁循环市场 | 回收 | G | 🌟🌟⭐🌟🌟 | 3.8 | BUSYPAPA妈数 | 品种丰富如中古店，平台买卖更可靠,ocr/input_videos\上海__世博源__20260826.mp4
OBS-000710,世博源,BUTCHER牛排肉铺,BUTCHER牛排肉铺,快餐简餐,3.7,46,,rated,True,,rated,parsed,rating_anchor,0.9984,0.9993,51,8280,141.765,🌟🌟🌟🌟 | ￥46/人 | G | 快餐简餐 | 3.7,BUTCHER牛排肉铺 | B | 🌟🌟🌟🌟 | ￥46/人 | G | 快餐简餐 | 3.7 | 人 | BUTCHER | STIAK | EAP1888 | 暂停营业 | 牛 | 面,ocr/input_videos\上海__世博源__20260826.mp4
OBS-000711,世博源,水煮牛肉,水煮牛肉,美食,3.5,,,rated,True,,rated,parsed,rating_anchor,0.9997,0.9997,56,8280,141.765,🌟🌟🌟🌟⭐ | 美食 | G | 3.5,水煮牛肉 | 🌟🌟🌟🌟⭐ | 美食 | G | 3.5 | 战江心园,ocr/input_videos\上海__世博源__20260826.mp4
OBS-000712,世博源,MINGSI,MINGSI,B,4.8,930,,rated,True,,rated,parsed,rating_anchor,0.9976,0.9981,46,8280,141.765,🌟🌟★🌟 | B | 4.8 | 服饰鞋包 | ￥930/人,IINGSI | MINGSI | 🌟🌟★🌟 | B | 4.8 | 服饰鞋包 | ￥930/人 | 点评榜单 | 世博源服饰鞋包好评榜第3名,ocr/input_videos\上海__世博源__20260826.mp4
OBS-000713,世博源,官也妈妈,官也妈妈,零食,4.1,100,,rated,True,,rated,parsed,rating_anchor,0.9828,0.9956,53,8280,141.765,🌟🌟🌟⭐ | 4.1零食￥100/人 | B | ★,官也妈妈 | 🌟🌟🌟⭐ | 4.1零食￥100/人 | B | ★ | 官也媽媽 | ZBab Ha | C,ocr/input_videos\上海__世博源__20260826.mp4
OBS-000714,世博源,欢喜花生,欢喜花生,栗子/干果,3.9,54,,rated,True,,rated,parsed,rating_anchor,0.9685,0.9998,56,8280,141.765,🌟🌟⭐🌟🌟 | 栗子/干果￥54/人 | B | 3.9,欢喜花生 | 馬上 | 🌟🌟⭐🌟🌟 | 栗子/干果￥54/人 | B | 3.9 | 水 | 囍,ocr/input_videos\上海__世博源__20260826.mp4
OBS-000715,世博源,MINGSI,MINGSI,服饰鞋包,,930,,unknown,True,,ocr_missing,parsed,metadata_anchor,0.9762,0.9982,46,8316,142.381,🌟🌟🌟🌟🌟 | 服饰鞋包￥930/人 | B | 14.8,INGSI | MINGSI | 🌟🌟🌟🌟🌟 | 服饰鞋包￥930/人 | B | 14.8 | 点评榜单 | 世博源服饰鞋包好评榜第3名,ocr/input_videos\上海__世博源__20260826.mp4
OBS-000716,世博源,官也妈妈,官也妈妈,零食,4.1,100,,rated,True,,rated,parsed,rating_anchor,0.984,0.9972,56,8316,142.381,4.1零食￥100/人 | ⭐🌟🌟🌟 | B | ★,官也妈妈 | 4.1零食￥100/人 | ⭐🌟🌟🌟 | B | 官也媽媽 | ★ | Lh | HCE3,ocr/input_videos\上海__世博源__20260826.mp4
OBS-000717,世博源,欢喜花生,欢喜花生,栗子/干果,3.9,54,,rated,True,,rated,parsed,rating_anchor,0.9655,0.9997,56,8316,142.381,🌟🌟🌟🌟🌟 | 栗子/干果￥54/人 | 3.9 | B,欢喜花生 | 馬上 | 🌟🌟🌟🌟🌟 | 栗子/干果￥54/人 | 3.9 | B | 欢囍 | 口感新奇，好吃到停不下来 | “ | 起欢囍花生,ocr/input_videos\上海__世博源__20260826.mp4
OBS-000718,世博源,瑞士美度表Mido,瑞士美度表Mido,钟表,3.7,4232,,rated,True,,rated,parsed,rating_anchor,0.951,0.9889,51,8316,142.381,★3.7钟表￥4232/人 | B,瑞士美度表Mido | ★3.7钟表￥4232/人 | B | 位置好找，手表拆卸轻松,ocr/input_videos\上海__世博源__20260826.mp4
OBS-000719,世博源,BUTTER&FISH黄油&渔·黃油手,BUTTER&FISH黄油&渔·黄油手,零食,3.8,95,,rated,True,,rated,parsed,rating_anchor,0.9312,0.9371,61,8316,142.381,⭐3.8零食￥95/人 | G,BUTTER&FISH黄油&渔·黃油手 | ⭐3.8零食￥95/人 | G,ocr/input_videos\上海__世博源__20260826.mp4
OBS-000720,世博源,上海哈尔滨食品厂,上海哈尔滨食品厂,面包蛋糕,3.5,35,,rated,True,,rated,parsed,rating_anchor,0.9986,0.9995,54,8316,142.381,🌟🌟🌟 | 焦￥35/人 | 3.5面包蛋糕 | B,上海哈尔滨食品厂 | 🌟🌟🌟 | 焦￥35/人 | 3.5面包蛋糕 | B,ocr/input_videos\上海__世博源__20260826.mp4
OBS-000721,世博源,自也妈妈,自也妈妈,零食,4.1,100,,rated,True,,rated,parsed,rating_anchor,0.8762,0.78,31,8400,143.819,🌟🌟🌟🌟 | 4.1零食￥100/人 | B | ★,自也妈妈 | 🌟🌟🌟🌟 | 4.1零食￥100/人 | B | ★ | 官也媽媽 | LBba | 1C,ocr/input_videos\上海__世博源__20260826.mp4
OBS-000722,世博源,欢喜花生,欢喜花生,栗子/干果,3.9,54,,rated,True,,rated,parsed,rating_anchor,0.963,0.9998,53,8400,143.819,🌟🌟🌟🌟🌟 | 栗子/干果￥54/人 | B | 3.9,欢喜花生 | 馬上 | 🌟🌟🌟🌟🌟 | 栗子/干果￥54/人 | B | 3.9 | 欢囍 | 口感新奇，好吃到停不下来 | 一起欢囍花生,ocr/input_videos\上海__世博源__20260826.mp4
OBS-000723,世博源,瑞士美度表Mido,瑞士美度表Mido,钟表,3.7,4232,,rated,True,,rated,parsed,rating_anchor,0.9628,0.9878,48,8400,143.819,3.7钟表￥4232/人 | B,瑞士美度表Mido | 3.7钟表￥4232/人 | B | 位置好找，手表拆卸轻松,ocr/input_videos\上海__世博源__20260826.mp4
OBS-000724,世博源,BUTTER&FISH黃油&渔·黃油手...,BUTTER&FISH黄油&渔·黄油手,零食,3.8,95,,rated,True,,rated,parsed,rating_anchor,0.9227,0.8835,51,8400,143.819,★★🌟★ | G | 3.8零食￥95/人,BUTTER&FISH黃油&渔·黃油手... | ★★🌟★ | G | 3.8零食￥95/人,ocr/input_videos\上海__世博源__20260826.mp4
OBS-000725,世博源,上海哈尔滨食品厂,上海哈尔滨食品厂,面包蛋糕,3.5,35,,rated,True,,rated,parsed,rating_anchor,0.9214,0.9993,54,8400,143.819,⭐⭐⭐⭐3.5面包蛋糕 | ￥35/人 | B,上海哈尔滨食品厂 | ⭐⭐⭐⭐3.5面包蛋糕 | ￥35/人 | B | 大点,ocr/input_videos\上海__世博源__20260826.mp4
OBS-000726,世博源,涵亞書院书法·美术·逻辑思维,涵亚书院书法·美术·逻辑思维,书法,4.4,,L1,rated,True,,rated,parsed,rating_anchor,0.9911,0.9823,53,8400,143.819,🌟🌟🌟🌟 | 书法 | L1 | 4.4 | ★,涵亞書院书法·美术·逻辑思维 | 酒亞書院 | H | 🌟🌟🌟🌟 | 书法 | L1 | 精让锁美意幼机 | 4.4 | ★ | 暑假班 | 老师全职耐心，课程选项丰富,ocr/input_videos\上海__世博源__20260826.mp4
OBS-000727,世博源,自也妈妈,自也妈妈,1零食,4.1,100,,rated,True,,rated,parsed,rating_anchor,0.8779,0.7992,31,8436,144.436,🌟🌟⭐🌟 | B | 1零食￥100/人 | 4.1 | ★,自也妈妈 | 🌟🌟⭐🌟 | B | 1零食￥100/人 | 4.1 | ★ | 官也媽媽 | BabMa | 1C,ocr/input_videos\上海__世博源__20260826.mp4
OBS-000728,世博源,欢喜花生,欢喜花生,栗子/干果,3.9,54,,rated,True,,rated,parsed,rating_anchor,0.9541,0.9998,53,8436,144.436,🌟🌟🌟🌟🌟 | B | 栗子/干果￥54/人 | 3.9,欢喜花生 | 馬上 | 🌟🌟🌟🌟🌟 | B | 栗子/干果￥54/人 | 3.9 | 欢囍 | 口感新奇，好吃到停不下来 | 一起欢囍花生,ocr/input_videos\上海__世博源__20260826.mp4
OBS-000729,世博源,瑞士美度表Mido,瑞士美度表Mido,钟表,3.7,4232,,rated,True,,rated,parsed,rating_anchor,0.9697,0.9868,48,8436,144.436,3.7钟表￥4232/人 | B,瑞士美度表Mido | 3.7钟表￥4232/人 | B | 位置好找，手表拆卸轻松,ocr/input_videos\上海__世博源__20260826.mp4
OBS-000730,世博源,BUTTER&FISH黃油&渔·黃油手...,BUTTER&FISH黄油&渔·黄油手,零食,3.8,95,,rated,True,,rated,parsed,rating_anchor,0.8997,0.8823,51,8436,144.436,3.8零食￥95/人 | G,BUTTER&FISH黃油&渔·黃油手... | 3.8零食￥95/人 | G,ocr/input_videos\上海__世博源__20260826.mp4
OBS-000731,世博源,上海哈尔滨食品厂,上海哈尔滨食品厂,面包蛋糕,3.5,35,,rated,True,,rated,parsed,rating_anchor,0.9598,0.9994,54,8436,144.436,⭐⭐3.5面包蛋糕 | ￥35/人 | B,上海哈尔滨食品厂 | ⭐⭐3.5面包蛋糕 | ￥35/人 | B | 大0包,ocr/input_videos\上海__世博源__20260826.mp4
OBS-000732,世博源,涵亞書院书法·美术·逻辑思维,涵亚书院书法·美术·逻辑思维,书法,4.4,,L1,rated,True,,rated,parsed,rating_anchor,0.9911,0.9824,53,8436,144.436,🌟🌟🎉🌟 | 书法 | L1 | 4.4 | ★,涵亞書院书法·美术·逻辑思维 | 酒亞書院 | H | 🌟🌟🎉🌟 | 书法 | L1 | 精洗国意的机 | 4.4 | ★ | 暑假班 | 老师全职耐心，课程选项丰富 | 磨逗·豆制轻食卷·小吃·饮品,ocr/input_videos\上海__世博源__20260826.mp4
OBS-000733,世博源,自也妈妈,自也妈妈,零食,4.1,100,,rated,True,,rated,parsed,rating_anchor,0.8805,0.7912,34,8580,146.901,4.1零食￥100/人 | 🌟🌟🌈🌟 | B | ★,自也妈妈 | 4.1零食￥100/人 | 🌟🌟🌈🌟 | B | ★ | 官也媽媽 | Baba | 1NC,ocr/input_videos\上海__世博源__20260826.mp4
OBS-000734,世博源,欢喜花生,欢喜花生,栗子/干果,3.9,54,,rated,True,,rated,parsed,rating_anchor,0.9552,0.9996,53,8580,146.901,🌟🌟🌟🌟🌟 | B | 栗子/干果￥54/人 | 3.9,欢喜花生 | 馬上 | 🌟🌟🌟🌟🌟 | B | 栗子/干果￥54/人 | 3.9 | 欢囍 | 口感新奇，好吃到停不下来 | 一起欢囍花生,ocr/input_videos\上海__世博源__20260826.mp4
OBS-000735,世博源,瑞士美度表Mido,瑞士美度表Mido,钟表,3.7,4232,,rated,True,,rated,parsed,rating_anchor,0.9681,0.9819,48,8580,146.901,3.7钟表￥4232/人 | B,瑞士美度表Mido | 3.7钟表￥4232/人 | B | 位置好找，手表拆卸轻松,ocr/input_videos\上海__世博源__20260826.mp4
OBS-000736,世博源,BUTTER&FISH黃油&渔·黃油手...,BUTTER&FISH黄油&渔·黄油手,零食,3.8,95,,rated,True,,rated,parsed,rating_anchor,0.9249,0.883,51,8580,146.901,★★🌟★ | 3.8零食￥95/人 | G,BUTTER&FISH黃油&渔·黃油手... | ★★🌟★ | 3.8零食￥95/人 | G,ocr/input_videos\上海__世博源__20260826.mp4
OBS-000737,世博源,上海哈尔滨食品厂,上海哈尔滨食品厂,面包蛋糕,3.5,35,,rated,True,,rated,parsed,rating_anchor,0.9565,0.9995,54,8580,146.901,⭐3.5面包蛋糕 | ￥35/人 | B,上海哈尔滨食品厂 | ⭐3.5面包蛋糕 | ￥35/人 | B | 大0包,ocr/input_videos\上海__世博源__20260826.mp4
OBS-000738,世博源,涵亞書院书法·美术·逻辑思维,涵亚书院书法·美术·逻辑思维,书法,4.4,,L1,rated,True,,rated,parsed,rating_anchor,0.9913,0.9827,53,8580,146.901,🌟🌟🎉🌟 | 书法 | L1 | 4.4 | ★,涵亞書院书法·美术·逻辑思维 | 酒亞書院 | H | 🌟🌟🎉🌟 | 书法 | L1 | 精洗国意的机 | 4.4 | ★ | 暑假班 | 老师全职耐心，课程选项丰富 | 磨逗·豆制轻食卷·小吃·饮品 | 磨逗手工好豆腐 | TMOOOUMAODOUFU | 真信家再架清酒,ocr/input_videos\上海__世博源__20260826.mp4
OBS-000739,世博源,上海哈尔滨食品厂,上海哈尔滨食品厂,B,3.5,35,,rated,True,,rated,parsed,rating_anchor,0.9983,0.9992,50,8664,148.339,🌟⭐🌟⭐3.5 | 面包蛋糕 | ￥35/人 | B,上海哈尔滨食品厂 | 🌟⭐🌟⭐3.5 | 面包蛋糕 | ￥35/人 | B,ocr/input_videos\上海__世博源__20260826.mp4
OBS-000740,世博源,涵亞書院书法·美术·逻辑思维,涵亚书院书法·美术·逻辑思维,书法,4.4,,L1,rated,True,,rated,parsed,rating_anchor,0.9821,0.9815,51,8664,148.339,4.4书法 | L1,涵亞書院书法·美术·逻辑思维 | 涵亞書院 | 4.4书法 | L1 | 旺肤凯饼美茶畅推心 | 暑假班 | 老师全职耐心， | 课程选项丰富 | S,ocr/input_videos\上海__世博源__20260826.mp4
OBS-000741,世博源,磨逗·豆制轻食卷·小吃·饮品,磨逗·豆制轻食卷·小吃·饮品,小吃快餐,3.6,18,,rated,True,,rated,parsed,rating_anchor,0.9649,0.9692,54,8664,148.339,G | 3.6小吃快餐￥18/人,磨逗·豆制轻食卷·小吃·饮品 | 磨逗手工好豆腐 | MODOUHAOCOURU | 自营实行好特 | G | 3.6小吃快餐￥18/人 | 豆盛新吃法健康更美味 | 星光咖,ocr/input_videos\上海__世博源__20260826.mp4
OBS-000742,世博源,ABLE JEANS,ABLEJEANS,服饰鞋包,4.2,918,,rated,True,,rated,parsed,rating_anchor,0.97,0.983,44,8664,148.339,⭐🌟⭐⭐ | 服饰鞋包￥918/人 | 4.2 | ★,ABLE JEANS | ⭐🌟⭐⭐ | 服饰鞋包￥918/人 | 4.2 | ★ | ABLE JEANS,ocr/input_videos\上海__世博源__20260826.mp4
OBS-000743,世博源,肯德基,肯德基,西式快餐,,31,,new_store,False,new_store,ocr_missing,parsed,metadata_anchor,0.9793,0.9986,60,8664,148.339,新店 | 西式快餐￥31/人 | B,肯德基 | 新店 | 西式快餐￥31/人 | B,ocr/input_videos\上海__世博源__20260826.mp4
OBS-000744,世博源,ABLE JEANS,ABLEJEANS,服饰鞋包,4.2,918,,rated,True,,rated,parsed,rating_anchor,0.9675,0.9694,45,8784,150.394,⭐🌟🌟⭐ | 服饰鞋包￥918/人 | 4.2 | ★,ABLE JEANS | ⭐🌟🌟⭐ | 服饰鞋包￥918/人 | 4.2 | ★ | ABLE JEANS,ocr/input_videos\上海__世博源__20260826.mp4
OBS-000745,世博源,肯德基,肯德基,西式快餐,,31,,new_store,False,new_store,ocr_missing,parsed,metadata_anchor,0.9762,0.9997,63,8784,150.394,新店 | 西式快餐￥31/人 | B,肯德基 | 新店 | 西式快餐￥31/人 | B,ocr/input_videos\上海__世博源__20260826.mp4
OBS-000746,世博源,LILY,LILY,服饰鞋包,4.3,866,,rated,True,,rated,parsed,rating_anchor,0.9829,0.9992,53,8784,150.394,🌟🌟⭐🌟 | B | 服饰鞋包￥866/人 | 4.3,LILY | LILY | 🌟🌟⭐🌟 | B | 服饰鞋包￥866/人 | 4.3 | 商务时装 | 衣服颜色好漂亮，店员服务热心 | 5,ocr/input_videos\上海__世博源__20260826.mp4
OBS-000747,世博源,lovete夏梵,lovete夏梵,服装,4.1,1949,商场内,rated,True,,rated,parsed,rating_anchor,0.9718,0.9762,56,8784,150.394,商场内 | ⭐★★★★ | 4.1服装￥1949/人,lovete夏梵 | LoB | 商场内 | ⭐★★★★ | 4.1服装￥1949/人 | 穿着舒适显气质，下次还会来”,ocr/input_videos\上海__世博源__20260826.mp4
OBS-000748,世博源,Lee,Lee,服饰鞋包,3.7,999,,rated,True,,rated,parsed,rating_anchor,0.9602,0.9997,50,8784,150.394,⭐3.7服饰鞋包￥999/人,Lee | ⭐3.7服饰鞋包￥999/人,ocr/input_videos\上海__世博源__20260826.mp4
OBS-000749,世博源,斯凯奇,斯凯奇,运动户外,3.7,630,,rated,True,,rated,parsed,rating_anchor,0.9726,0.985,59,8784,150.394,🌟🌟🌟🌟🎉 | 运动户外￥630/人 | 3.7 | B,斯凯奇 | S | 🌟🌟🌟🌟🎉 | 运动户外￥630/人 | 3.7 | B,ocr/input_videos\上海__世博源__20260826.mp4
OBS-000750,世博源,ABLE JEANS,ABLEJEANS,服饰鞋包,4.2,918,,rated,True,,rated,parsed,rating_anchor,0.9735,0.9815,44,8796,150.599,🌟🌟🌟🌟 | 服饰鞋包￥918/人 | 4.2 | ★,ABLE JEANS | 🌟🌟🌟🌟 | 服饰鞋包￥918/人 | 4.2 | ★ | ABLE JEANS,ocr/input_videos\上海__世博源__20260826.mp4
OBS-000751,世博源,肯德基,肯德基,西式快餐,,31,,new_store,False,new_store,ocr_missing,parsed,metadata_anchor,0.9815,0.9997,61,8796,150.599,西式快餐￥31/人 | 新店 | B,肯德基 | 西式快餐￥31/人 | 新店 | B,ocr/input_videos\上海__世博源__20260826.mp4
OBS-000752,世博源,LILY,LILY,服饰鞋包,4.3,866,,rated,True,,rated,parsed,rating_anchor,0.9819,0.9992,53,8796,150.599,⭐🌟🌟⭐ | 服饰鞋包￥866/人 | B | 4.3 | ★,LILY | LILY | ⭐🌟🌟⭐ | 服饰鞋包￥866/人 | B | 4.3 | ★ | 商务时装 | 衣服颜色好漂亮，店员服务热心,ocr/input_videos\上海__世博源__20260826.mp4
OBS-000753,世博源,lovete夏梵,lovete夏梵,服装,4.1,1949,商场内,rated,True,,rated,parsed,rating_anchor,0.9631,0.9719,56,8796,150.599,商场内 | 🌟🌟⭐🌟 | 服装￥1949/人 | 4.1 | ★,lovete夏梵 | LoBi | 商场内 | 🌟🌟⭐🌟 | 服装￥1949/人 | 4.1 | ★ | 穿着舒适显气质，下次还会来”,ocr/input_videos\上海__世博源__20260826.mp4
OBS-000754,世博源,Lee,Lee,服饰鞋包,3.7,999,,rated,True,,rated,parsed,rating_anchor,0.9813,0.9996,53,8796,150.599,3.7服饰鞋包￥999/人,Lee | 3.7服饰鞋包￥999/人,ocr/input_videos\上海__世博源__20260826.mp4
OBS-000755,世博源,斯凯奇,斯凯奇,运动户外,3.7,630,,rated,True,,rated,parsed,rating_anchor,0.9714,0.9811,58,8796,150.599,🌟🌟🌟🌟🌟 | 运动户外￥630/人 | 3.7 | B,斯凯奇 | S | 🌟🌟🌟🌟🌟 | 运动户外￥630/人 | 3.7 | B,ocr/input_videos\上海__世博源__20260826.mp4
OBS-000756,世博源,LILY,LILY,服饰鞋包,4.3,866,,rated,True,,rated,parsed,rating_anchor,0.9833,0.9971,33,8868,151.832,⭐🌟🌟⭐🌟 | 服饰鞋包￥866/人 | B | 4.3,LILY | LILY | ⭐🌟🌟⭐🌟 | 服饰鞋包￥866/人 | B | 4.3 | 商务时装 | 衣服颜色好漂亮，店员服务热心,ocr/input_videos\上海__世博源__20260826.mp4
OBS-000757,世博源,lovete夏梵,lovete夏梵,服装,4.1,1949,商场内,rated,True,,rated,parsed,rating_anchor,0.9678,0.9813,56,8868,151.832,商场内 | 🌟🌟⭐⭐ | 服装￥1949/人 | 4.1 | ★,lovete夏梵 | 吃 | 商场内 | 🌟🌟⭐⭐ | 服装￥1949/人 | 4.1 | ★ | 穿着舒适显气质， | ，下次还会来,ocr/input_videos\上海__世博源__20260826.mp4
OBS-000758,世博源,Lee,Lee,服饰鞋包,3.7,999,,rated,True,,rated,parsed,rating_anchor,0.9852,0.9996,49,8868,151.832,🌟🌟3.7 | 服饰鞋包￥999/人,Lee | 🌟🌟3.7 | 服饰鞋包￥999/人,ocr/input_videos\上海__世博源__20260826.mp4
OBS-000759,世博源,斯凯奇,斯凯奇,运动户外,3.7,630,,rated,True,,rated,parsed,rating_anchor,0.9675,0.974,58,8868,151.832,⭐★🌟🌟🌟 | 运动户外￥630/人 | 3.7 | B,斯凯奇 | S | ⭐★🌟🌟🌟 | 运动户外￥630/人 | 3.7 | B | 春意盎然绿色小清新，踏青郊游好选择 | SKECHERS,ocr/input_videos\上海__世博源__20260826.mp4
OBS-000760,世博源,步步高小天才,步步高小天才,B,3.8,,,rated,True,,rated,parsed,rating_anchor,0.9967,0.9988,52,8868,151.832,🌟🌟🎉🌟⭐ | 课后辅导 | B | 3.8,步步高小天才 | 🌟🌟🎉🌟⭐ | 课后辅导 | B | 3.8 | “地好找，表带洗得很干净,ocr/input_videos\上海__世博源__20260826.mp4
OBS-000761,世博源,奧佳华,奥佳华,家用电器,3.8,10402,,rated,True,,rated,parsed,rating_anchor,0.9233,0.8785,59,8868,151.832,3.8家用电器￥10402/人 | G,奧佳华 | 3.8家用电器￥10402/人 | G | OGAW | 奥佳华 | 每个产品都超级舒服，颜值也很高 | “ | 2,ocr/input_videos\上海__世博源__20260826.mp4
OBS-000762,世博源,LILY,LILY,服饰鞋包,4.3,866,,rated,True,,rated,parsed,rating_anchor,0.979,0.9978,36,8928,152.859,🌟🌟🌟🌟 | 服饰鞋包￥866/人 | 4.3 | B | ★,LILY | LILY | 🌟🌟🌟🌟 | 服饰鞋包￥866/人 | 4.3 | B | ★ | 商务时装 | 衣服颜色好漂亮，店员服务热心 | 5,ocr/input_videos\上海__世博源__20260826.mp4
OBS-000763,世博源,lovete夏梵,lovete夏梵,服装,4.1,1949,商场内,rated,True,,rated,parsed,rating_anchor,0.9741,0.9757,59,8928,152.859,商场内 | 4.1服装￥1949/人 | 🌟🌟⭐ | ★,lovete夏梵 | 商场内 | 4.1服装￥1949/人 | 🌟🌟⭐ | ★ | 穿着舒适显气质，下次还会来,ocr/input_videos\上海__世博源__20260826.mp4
OBS-000764,世博源,Lee,Lee,服饰鞋包,3.7,999,,rated,True,,rated,parsed,rating_anchor,0.9823,0.9997,54,8928,152.859,3.7服饰鞋包￥999/人,Lee | 3.7服饰鞋包￥999/人,ocr/input_videos\上海__世博源__20260826.mp4
OBS-000765,世博源,斯凯奇,斯凯奇,运动户外,3.7,630,,rated,True,,rated,parsed,rating_anchor,0.9749,0.9813,58,8928,152.859,🌟🌟🎉🌟⭐ | 3.7运动户外￥630/人 | B,斯凯奇 | S | 🌟🌟🎉🌟⭐ | 3.7运动户外￥630/人 | B | 春意盎然绿色小清新，踏青郊游好选择 | SKECHERS,ocr/input_videos\上海__世博源__20260826.mp4
OBS-000766,世博源,步步高小天才,步步高小天才,课后辅导,3.8,,,rated,True,,rated,parsed,rating_anchor,0.9978,0.9988,52,8928,152.859,3.8课后辅导 | 🌟🌟🌟🌟🌟 | B,步步高小天才 | 3.8课后辅导 | 🌟🌟🌟🌟🌟 | B | “地方好找，表带洗得很干净”,ocr/input_videos\上海__世博源__20260826.mp4
OBS-000767,世博源,奥佳华,奥佳华,家用电器,3.8,10402,,rated,True,,rated,parsed,rating_anchor,0.9073,0.8461,59,8928,152.859,3.8家用电器￥10402/人 | G,奥佳华 | 3.8家用电器￥10402/人 | G | OGAW | 奥佳华 | 每个产品都超级舒服，颜值也很高 | 巴拉巴拉balabala,ocr/input_videos\上海__世博源__20260826.mp4
OBS-000768,世博源,斯凯奇,斯凯奇,运动户外,3.7,,,rated,True,,rated,parsed,rating_anchor,0.9847,0.9869,58,8988,153.887,3.7运动户外630/人 | B,斯凯奇 | S | 3.7运动户外630/人 | B | 春意盎然绿色小清新，踏青郊游好选择 | G | SKECHERS,ocr/input_videos\上海__世博源__20260826.mp4
OBS-000769,世博源,步步高小天才,步步高小天才,课后辅导,3.8,,,rated,True,,rated,parsed,rating_anchor,0.9986,0.9988,52,8988,153.887,🌟🌟🌟🌟🌟 | 3.8课后辅导 | B,步步高小天才 | 小天才 | 🌟🌟🌟🌟🌟 | 3.8课后辅导 | B | 地方好找，表带洗得很干净”,ocr/input_videos\上海__世博源__20260826.mp4
OBS-000770,世博源,奥佳华,奥佳华,家用电器,3.8,10402,,rated,True,,rated,parsed,rating_anchor,0.9224,0.8701,59,8988,153.887,3.8家用电器￥10402/人 | G,奥佳华 | 3.8家用电器￥10402/人 | G | OGAW | 奥佳华 | “ | 每个产品都超级舒服，颜值也很高,ocr/input_videos\上海__世博源__20260826.mp4
OBS-000771,世博源,巴拉巴拉balabala,巴拉巴拉balabala,儿童服饰,4.4,298,商场内,rated,True,,rated,parsed,rating_anchor,0.9869,0.9992,51,8988,153.887,商场内 | 4.4儿童服饰￥298/人 | 🌟🌟★★🌟,巴拉巴拉balabala | 商场内 | 4.4儿童服饰￥298/人 | 🌟🌟★★🌟 | 衣服款式多样，贺卡很漂亮,ocr/input_videos\上海__世博源__20260826.mp4
OBS-000772,世博源,Abun,Abun,服装,4.8,1470,,rated,True,,rated,parsed,rating_anchor,0.9733,0.9984,53,8988,153.887,4.8服装￥1470/人 | B,Abun | 4.8服装￥1470/人 | ASum | B | 点评榜单 | 世博源服饰鞋包好评榜第2名 | 衣服风格与时俱进，每次都能挑到满意 | ￥380￥1000 | 【部分品】Abun380代1... | 惠,ocr/input_videos\上海__世博源__20260826.mp4
OBS-000773,世博源,澜芮星RS艺术中心·少儿模特主持...,澜芮星RS艺术中心·少儿模特主持,主持表演/模特,4.4,,L1,rated,True,,rated,parsed,rating_anchor,0.969,0.9475,54,8988,153.887,🌟🌟🎉🎉 | L1 | 主持表演/模特 | 4.4 | ￥,澜芮星RS艺术中心·少儿模特主持... | 主持口才 | 形体模特 | 🌟🌟🎉🎉 | L1 | 主持表演/模特 | 4.4 | ￥ | 深程十考绍+限十比否 | 主持口才进步大，登台表演很期待 | <,ocr/input_videos\上海__世博源__20260826.mp4
OBS-000774,世博源,巴拉巴拉balabala,巴拉巴拉balabala,儿童服饰,4.4,298,商场内,rated,True,,rated,parsed,rating_anchor,0.974,0.9992,57,9072,155.325,4.4儿童服饰￥298/人 | 商场内,巴拉巴拉balabala | 4.4儿童服饰￥298/人 | 商场内 | 衣服款式多样，贺卡很漂亮 | K,ocr/input_videos\上海__世博源__20260826.mp4
OBS-000775,世博源,Abun,Abun,服装,4.8,1470,,rated,True,,rated,parsed,rating_anchor,0.9675,0.9974,56,9072,155.325,4.8服装￥1470/人 | B,Abun | ASum | 4.8服装￥1470/人 | B | 点评榜单 | 世博源服饰鞋包好评榜第2名 | 衣服风格与时俱进，每次都能挑到满意 | ￥380￥1000 | 【部分品】Abun380代1... | 惠,ocr/input_videos\上海__世博源__20260826.mp4
OBS-000776,世博源,澜芮星RS艺术中心·少儿模特主持...,澜芮星RS艺术中心·少儿模特主持,主持表演/模特,4.4,,L1,rated,True,,rated,parsed,rating_anchor,0.9567,0.9234,54,9072,155.325,🌟🌟💥🎉 | L1 | 4.4 | 主持表演/模特 | ★,澜芮星RS艺术中心·少儿模特主持... | 主持口才 | 形体模特 | 🌟🌟💥🎉 | L1 | 4.4 | 主持表演/模特 | ★ | 深程十考绍++比否 | 主持口才进步大，登台表演很期待 | ￥9.9￥597全城6次课随心学|少游... | 惠,ocr/input_videos\上海__世博源__20260826.mp4
OBS-000777,世博源,Levi's,Levi's,服饰鞋包,4.2,816,商场内,rated,True,,rated,parsed,rating_anchor,0.9822,0.997,58,9072,155.325,商场内 | 🌟🌟🌟🌟 | 4.2服饰鞋包￥816/人 | ★,Levi's | 商场内 | 🌟🌟🌟🌟 | 4.2服饰鞋包￥816/人 | ★ | Levi's,ocr/input_videos\上海__世博源__20260826.mp4
OBS-000778,世博源,FILA KIDS,FILAKIDS,儿童服饰,3.6,,,rated,True,,rated,parsed,rating_anchor,0.9657,0.9913,49,9072,155.325,⭐3.6儿童服饰 | G,FILA KIDS | ⭐3.6儿童服饰 | G | 款式多配色稳重，科技感十,ocr/input_videos\上海__世博源__20260826.mp4
OBS-000779,世博源,FILA,FILA,服饰鞋包,3.3,870,,rated,True,,rated,parsed,rating_anchor,0.9811,0.996,53,9072,155.325,🌟🌟⭐ | 3.3 | 服饰鞋包￥870/人 | G | ★,FILA | FAKIDS | 证酒证 | 🌟🌟⭐ | 3.3 | 服饰鞋包￥870/人 | G | ★ | 点评境单 | 世博园服饰鞋包热门榜第9名,ocr/input_videos\上海__世博源__20260826.mp4
OBS-000780,世博源,巴拉巴拉balabala,巴拉巴拉balabala,儿童服饰,4.4,298,商场内,rated,True,,rated,parsed,rating_anchor,0.9738,0.999,54,9084,155.53,商场内 | ⭐4.4儿童服饰￥298/人,巴拉巴拉balabala | 商场内 | ⭐4.4儿童服饰￥298/人 | 衣服款式多样，贺卡很漂亮,ocr/input_videos\上海__世博源__20260826.mp4
OBS-000781,世博源,Abun,Abun,服装,4.8,1470,,rated,True,,rated,parsed,rating_anchor,0.9703,0.9977,56,9084,155.53,4.8服装￥1470/人 | B,Abun | ASum | 4.8服装￥1470/人 | B | 点评榜单 | 世博源服饰鞋包好评榜第2名 | 衣服风格与时俱进，每次都能挑到满意 | 3 | ￥380￥1000 | 惠 | 【部分品】Abun380代1...,ocr/input_videos\上海__世博源__20260826.mp4
OBS-000782,世博源,澜芮星RS艺术中心·少儿模特主持..,澜芮星RS艺术中心·少儿模特主持,主持表演/模特,4.4,,L1,rated,True,,rated,parsed,rating_anchor,0.9654,0.937,54,9084,155.53,🌟🌟🎉🎉 | 4.4主持表演/模特 | L1,澜芮星RS艺术中心·少儿模特主持.. | 主持口才 | 形体模特 | 🌟🌟🎉🎉 | 4.4主持表演/模特 | L1 | 深程+考级+院滨十比否 | 主持口才进步大，登台表演很期待” | ≤ | ￥9.9￥597全城6次课随心学1少儿游.. | 惠,ocr/input_videos\上海__世博源__20260826.mp4
OBS-000783,世博源,Levi's,Levi's,服饰鞋包,4.2,816,商场内,rated,True,,rated,parsed,rating_anchor,0.9785,0.9812,58,9084,155.53,⭐🌟⭐ | 商场内 | 4.2服饰鞋包￥816/人 | ★,Levi's | ⭐🌟⭐ | 商场内 | 4.2服饰鞋包￥816/人 | ★ | Levi's,ocr/input_videos\上海__世博源__20260826.mp4
OBS-000784,世博源,FILA KIDS,FILAKIDS,儿童服饰,3.6,,,rated,True,,rated,parsed,rating_anchor,0.9906,0.9923,49,9084,155.53,3.6儿童服饰 | G,FILA KIDS | 3.6儿童服饰 | G | 款式多配色稳重，科技感十足,ocr/input_videos\上海__世博源__20260826.mp4
OBS-000785,世博源,FILA,FILA,服饰鞋包,3.3,870,,rated,True,,rated,parsed,rating_anchor,0.9854,0.9965,53,9084,155.53,G | 🌟🌟⭐ | 3.3服饰鞋包￥870/人 | ★,FLAKIDS | FILA | G | 🌟🌟⭐ | 3.3服饰鞋包￥870/人 | ★ | 点评榜单 | 世博园服饰鞋包热门榜第9名,ocr/input_videos\上海__世博源__20260826.mp4
OBS-000786,世博源,澜芮星RS艺术中心·少儿模特主持...,澜芮星RS艺术中心·少儿模特主持,主持表演/模特,4.4,,L1,rated,True,,rated,parsed,rating_anchor,0.9288,0.9294,56,9168,156.968,⭐⭐4.4主持表演/模特 | L1,澜芮星RS艺术中心·少儿模特主持... | 主持口才 | 形体模特 | ⭐⭐4.4主持表演/模特 | L1 | 课程+考级+演+比 | 主持口才进步大，登台表演很期待 | ￥9.9￥597全城6次课随心学|少儿游.. | 惠,ocr/input_videos\上海__世博源__20260826.mp4
OBS-000787,世博源,Levi's,Levi's,服饰鞋包,4.2,816,商场内,rated,True,,rated,parsed,rating_anchor,0.9753,0.998,56,9168,156.968,⭐⭐⭐⭐4.2 | 商场内 | 服饰鞋包￥816/人,Levi's | ⭐⭐⭐⭐4.2 | 商场内 | 服饰鞋包￥816/人 | R | Levl's,ocr/input_videos\上海__世博源__20260826.mp4
OBS-000788,世博源,FILA KIDS,FILAKIDS,儿童服饰,3.6,,,rated,True,,rated,parsed,rating_anchor,0.9875,0.9772,47,9168,156.968,🌟🌟🌟🌟⭐ | 3.6儿童服饰 | G,FILA KIDS | 🌟🌟🌟🌟⭐ | 3.6儿童服饰 | G | 款式多配色稳重，科技感十足 | C,ocr/input_videos\上海__世博源__20260826.mp4
OBS-000789,世博源,FILA,FILA,服饰鞋包,3.3,870,,rated,True,,rated,parsed,rating_anchor,0.964,0.9955,47,9168,156.968,⭐🌟⭐ | G | ★★ | 3.3 | 服饰鞋包￥870/人,FIAKIDS | FILA | ⭐🌟⭐ | G | ★★ | 3.3 | 服饰鞋包￥870/人 | 点评榜单 | 世博园服饰鞋包热门榜第9名 | 折扣力度超少见，经典款卫衣老爹鞋闭..,ocr/input_videos\上海__世博源__20260826.mp4
OBS-000790,世博源,狀元墨學府·书画·乐器·语数英,状元墨学府·书画·乐器·语数英,书法,4.8,,L1,rated,True,,rated,parsed,rating_anchor,0.9876,0.9752,52,9168,156.968,🌟4.8 | 书法 | L1,狀元墨學府·书画·乐器·语数英 | 欢艺 | 🌟4.8 | 书法 | L1 | 点评榜单 | 浦东新区书法好评榜第9名 | 尽早开始学英语，为其他科目留出更多.. | S,ocr/input_videos\上海__世博源__20260826.mp4
OBS-000791,世博源,休息区,休息区,,3.9,,L1,rated,True,,rated,missing,rating_anchor,0.998,0.998,54,9168,156.968,🌟🌟🌟🌟🌟 | L1 | 生活服务 | 3.9,休息区 | 🌟🌟🌟🌟🌟 | L1 | 生活服务 | 3.9 | 生活服务 | 休息平台安静凉爽，夜晚景色壮观,ocr/input_videos\上海__世博源__20260826.mp4
OBS-000792,世博源,Levi's,Levi's,服饰鞋包,4.2,816,商场内,rated,True,,rated,parsed,rating_anchor,0.9713,0.9747,55,9204,157.585,🌟🌟🌟🎉 | 服饰鞋包￥816/人 | 商场内 | 4.2 | ★,Levi's | 🌟🌟🌟🎉 | 服饰鞋包￥816/人 | 商场内 | 4.2 | ★ | Levi's,ocr/input_videos\上海__世博源__20260826.mp4
OBS-000793,世博源,FILA KIDS,FILAKIDS,儿童服饰,3.6,,,rated,True,,rated,parsed,rating_anchor,0.9934,0.9892,48,9204,157.585,🌟🌟★🌟🌟 | 3.6儿童服饰 | G,FILA KIDS | 🌟🌟★🌟🌟 | 3.6儿童服饰 | G | 款式多配色稳重，科技感十足,ocr/input_videos\上海__世博源__20260826.mp4
OBS-000794,世博源,FILA,FILA,服饰鞋包,3.3,870,,rated,True,,rated,parsed,rating_anchor,0.9797,0.9963,52,9204,157.585,⭐🌟⭐ | 3.3 | 服饰鞋包￥870/人 | G,FIAKIDS | FILA | T0证a证 | ⭐🌟⭐ | 3.3 | 服饰鞋包￥870/人 | G | 点评榜单 | 世博园服饰鞋包热门榜第9名 | 折扣力度超少见，经典款卫衣老爹鞋闭...,ocr/input_videos\上海__世博源__20260826.mp4
OBS-000795,世博源,狀元墨學府·书画·乐器·语数英,状元墨学府·书画·乐器·语数英,书法,4.8,,L1,rated,True,,rated,parsed,rating_anchor,0.9859,0.9719,51,9204,157.585,⭐🎉🌟🌟4.8 | 书法 | L1,狀元墨學府·书画·乐器·语数英 | 3足41 | ⭐🎉🌟🌟4.8 | 书法 | L1 | 点评榜单 | 浦东新区书法好评榜第9名 | 尽早开始学英语，为其他科目留出更多.,ocr/input_videos\上海__世博源__20260826.mp4
OBS-000796,世博源,休息区,休息区,,3.9,,L1,rated,True,,rated,missing,rating_anchor,0.9971,0.9971,60,9204,157.585,L1 | 🌟🌟⭐🌟🌟 | 生活服务 | 3.9,休息区 | L1 | 🌟🌟⭐🌟🌟 | 生活服务 | 3.9 | 生活服务 | 休息平台安静凉爽，夜晚景色壮观,ocr/input_videos\上海__世博源__20260826.mp4
OBS-000797,世博源,TFA青训青少年足球培训,TFA青训青少年足球培训,足球培训,3.4,,L2,rated,True,,rated,parsed,rating_anchor,0.9436,0.9993,54,9204,157.585,⭐⭐3.4足球培训 | L2,TFA青训青少年足球培训 | ⭐⭐3.4足球培训 | L2 | TFA青少年足球培训 | Birco1923,ocr/input_videos\上海__世博源__20260826.mp4
OBS-000798,世博源,FILA KIDS,FILAKIDS,儿童服饰,3.6,,,rated,True,,rated,parsed,rating_anchor,0.9946,0.9915,48,9264,158.612,★🌟★🌟🌟 | 3.6儿童服饰 | G,FILA KIDS | 和 | V | ★🌟★🌟🌟 | 3.6儿童服饰 | G | 款式多配色稳重，科技感十足 | F,ocr/input_videos\上海__世博源__20260826.mp4
OBS-000799,世博源,FILA,FILA,服饰鞋包,3.3,870,,rated,True,,rated,parsed,rating_anchor,0.9807,0.9974,49,9264,158.612,🌟🌟🎉 | 服饰鞋包￥870/人 | ⭐★ | 3.3 | G,FJAKIDS | FILA | 🌟🌟🎉 | 服饰鞋包￥870/人 | ⭐★ | 3.3 | G | 点评榜单 | 世博园服饰鞋包热门榜第9名 | 折扣力度超少见，经典款卫衣老爹鞋闭.. | ４Ｖ,ocr/input_videos\上海__世博源__20260826.mp4
OBS-000800,世博源,狀元墨學府·书画·乐器·语数英,状元墨学府·书画·乐器·语数英,书法,,,L1,unknown,True,,ocr_missing,parsed,metadata_anchor,0.9846,0.9695,51,9264,158.612,L1 | 书法 | 🌟🌟🎉🎉🌟 | 14.8,狀元墨學府·书画·乐器·语数英 | 好风好门 | L1 | 书法 | 🌟🌟🎉🎉🌟 | 14.8 | 点评榜单 | 浦东新区书法好评榜第9名 | 尽早开始学英语，为其他科目留出更多... | ≤,ocr/input_videos\上海__世博源__20260826.mp4
OBS-000801,世博源,休息区,休息区,,3.9,,L1,rated,True,,rated,missing,rating_anchor,0.9976,0.9976,60,9264,158.612,⭐🌟🌟💥⭐ | 生活服务 | L1 | 3.9,休息区 | ⭐🌟🌟💥⭐ | 生活服务 | L1 | 3.9 | 生活服务 | “休息平台安静凉爽，夜晚景色壮观”,ocr/input_videos\上海__世博源__20260826.mp4
OBS-000802,世博源,TFA青训青少年足球培训,TFA青训青少年足球培训,足球培训,3.4,,L2,rated,True,,rated,parsed,rating_anchor,0.9719,0.9981,53,9264,158.612,⭐⭐3.4足球培训 | L2,TFA青训青少年足球培训 | ⭐⭐3.4足球培训 | L2 | TFA青少年足球培训 | 8ce1990,ocr/input_videos\上海__世博源__20260826.mp4
OBS-000803,世博源,le coq,lecoq,运动户外,,507,,unknown,True,,ocr_missing,parsed,metadata_anchor,0.9126,0.956,53,9264,158.612,35运动户外￥507/人 | R | +,1 sportif | le coq | 35运动户外￥507/人 | R | +,ocr/input_videos\上海__世博源__20260826.mp4
OBS-000804,世博源,FILA,FILA,服饰鞋包,3.3,870,,rated,True,,rated,parsed,rating_anchor,0.9815,0.9969,53,9288,159.023,🌟🌟⭐ | G | 服饰鞋包￥870/人 | 3.3 | ★★,FILA | FLAKIDS | 🌟🌟⭐ | G | 服饰鞋包￥870/人 | 3.3 | ★★ | 点评榜单 | 世博园服饰鞋包热门榜第9名 | 折扣力度超少见，经典款卫衣老爹鞋闭...,ocr/input_videos\上海__世博源__20260826.mp4
OBS-000805,世博源,狀元墨學府·书画·乐器·语数英,状元墨学府·书画·乐器·语数英,书法,4.8,,L1,rated,True,,rated,parsed,rating_anchor,0.9898,0.9797,56,9288,159.023,书法 | L1 | ⭐🌟⭐⭐4.8,狀元墨學府·书画·乐器·语数英 | 38路 | 书法 | L1 | ⭐🌟⭐⭐4.8 | 点评榜单 | 浦东新区书法好评榜第9名 | 尽早开始学英语，为其他科目留出更多...,ocr/input_videos\上海__世博源__20260826.mp4
OBS-000806,世博源,休息区,休息区,,3.9,,L1,rated,True,,rated,missing,rating_anchor,0.9975,0.9975,58,9288,159.023,🌟🌟⭐🌟🌟 | L1 | 生活服务 | 3.9,休息区 | 🌟🌟⭐🌟🌟 | L1 | 生活服务 | 3.9 | 生活服务 | 休息平台安静凉爽，夜晚景色壮观,ocr/input_videos\上海__世博源__20260826.mp4
OBS-000807,世博源,TFA青训青少年足球培训,TFA青训青少年足球培训,足球培训,3.4,,L2,rated,True,,rated,parsed,rating_anchor,0.9953,0.9992,55,9288,159.023,L2 | ⭐🌟🌟 | 3.4足球培训 | ★★,TFA青训青少年足球培训 | L2 | ⭐🌟🌟 | 3.4足球培训 | ★★ | TFA青少年足球培训 | Sirce1939,ocr/input_videos\上海__世博源__20260826.mp4
OBS-000808,世博源,le coq sportif,lecoqsportif,运动户外,3.5,507,,rated,True,,rated,parsed,rating_anchor,0.958,0.9713,62,9288,159.023,★🌟★🌟🌟 | 3.5 | 运动户外￥507/人 | B,le coq sportif | ★🌟★🌟🌟 | 3.5 | 运动户外￥507/人 | B,ocr/input_videos\上海__世博源__20260826.mp4
OBS-000809,世博源,FILA,FILA,服饰鞋包,3.3,870,,rated,True,,rated,parsed,rating_anchor,0.9979,0.9968,52,9336,159.845,⭐🌟🌟 | G | 服饰鞋包 | 3.3 | ￥870/人,FUAKIDS | FILA | ⭐🌟🌟 | G | 服饰鞋包 | 3.3 | ￥870/人 | 点评榜单 | 世博园服饰鞋包热门榜第9名 | 折扣力度超少见，经典款卫衣老爹鞋闭...,ocr/input_videos\上海__世博源__20260826.mp4
OBS-000810,世博源,狀元墨學府·书画·乐器·语数英,状元墨学府·书画·乐器·语数英,书法,4.8,,L1,rated,True,,rated,parsed,rating_anchor,0.9869,0.9741,53,9336,159.845,L1 | 🌟🌟🌈⭐4.8 | 书法,狀元墨學府·书画·乐器·语数英 | 3电好 | L1 | 🌟🌟🌈⭐4.8 | 书法 | 点评榜单 | 浦东新区书法好评榜第9名 | 尽早开始学英语，为其他科目留出更多... | C,ocr/input_videos\上海__世博源__20260826.mp4
OBS-000811,世博源,休息区,休息区,,3.9,,L1,rated,True,,rated,missing,rating_anchor,0.9976,0.9976,55,9336,159.845,🌟🌟🌟🌟🌟 | L1 | 生活服务 | 3.9,休息区 | 🌟🌟🌟🌟🌟 | L1 | 生活服务 | 3.9 | 生活服务 | 休息平台安静凉爽，夜晚景色壮观,ocr/input_videos\上海__世博源__20260826.mp4
OBS-000812,世博源,TFA青训青少年足球培训,TFA青训青少年足球培训,足,3.4,,L2,rated,True,,rated,parsed,rating_anchor,0.9244,0.9987,48,9336,159.845,L2 | 🌟🌟⭐★★ | 3.4足 | 足球培训,TFA青训青少年足球培训 | L2 | 🌟🌟⭐★★ | 3.4足 | 足球培训 | FA | TFA青少年足球培训 | Since1899,ocr/input_videos\上海__世博源__20260826.mp4
OBS-000813,世博源,le coq sportif,lecoqsportif,运动户外,3.5,507,,rated,True,,rated,parsed,rating_anchor,0.9394,0.9428,63,9336,159.845,★🌟★★★ | 3.5 | 运动户外￥507/人 | B,le coq sportif | ★🌟★★★ | 3.5 | 运动户外￥507/人 | B,ocr/input_videos\上海__世博源__20260826.mp4
OBS-000814,世博源,斯凯奇,斯凯奇,鞋靴,3.7,402,,rated,True,,rated,parsed,rating_anchor,0.974,0.9778,55,9336,159.845,🌟🌟⭐🌟🌟 | G | 鞋靴￥402/人 | 3.7,斯凯奇 | 🌟🌟⭐🌟🌟 | G | 鞋靴￥402/人 | 3.7,ocr/input_videos\上海__世博源__20260826.mp4
OBS-000815,世博源,休息区,休息区,,3.9,,L1,rated,True,,rated,missing,rating_anchor,0.9977,0.9977,55,9360,160.256,L1 | ⭐🌟🌟🌟🌟 | 生活服务 | 3.9,休息区 | L1 | ⭐🌟🌟🌟🌟 | 生活服务 | 3.9 | 生活服务 | 休息平台安静凉爽，夜晚景色壮观”,ocr/input_videos\上海__世博源__20260826.mp4
OBS-000816,世博源,TFA青训青少年足球培训,TFA青训青少年足球培训,足球培训,3.4,,L2,rated,True,,rated,parsed,rating_anchor,0.9964,0.9994,51,9360,160.256,🌟🌟🌟 | L2 | 3.4足球培训 | ★★,TFA青训青少年足球培训 | 🌟🌟🌟 | L2 | 3.4足球培训 | ★★ | YFA | TFA青少年足球培训 | Since 1939,ocr/input_videos\上海__世博源__20260826.mp4
OBS-000817,世博源,le coq sportif,lecoqsportif,运动户外,3.5,507,,rated,True,,rated,parsed,rating_anchor,0.9613,0.9751,62,9360,160.256,⭐🌟🌟🌟🌟 | 运动户外￥507/人 | B | 3.5,le coq sportif | ⭐🌟🌟🌟🌟 | 运动户外￥507/人 | B | 3.5,ocr/input_videos\上海__世博源__20260826.mp4
OBS-000818,世博源,斯凯奇,斯凯奇,鞋靴,3.7,402,,rated,True,,rated,parsed,rating_anchor,0.9491,0.9804,58,9360,160.256,3.7鞋靴￥402/人 | G,斯凯奇 | S | 3.7鞋靴￥402/人 | G | SKECHERS,ocr/input_videos\上海__世博源__20260826.mp4
OBS-000819,世博源,BISELENA贝茜妮,BISELENA贝茜妮,服装,3.5,1000,,rated,True,,rated,parsed,rating_anchor,0.975,0.999,51,9360,160.256,3.5服装￥1000/人 | B,BISELENA贝茜妮 | BISELENARA号 | 3.5服装￥1000/人 | B,ocr/input_videos\上海__世博源__20260826.mp4
OBS-000820,世博源,阿拉丁密室逃脱·生日派对·亲子聚..,阿拉丁密室逃脱·生日派对·亲子聚,密室/沉浸..,4.3,157,L2,rated,True,,rated,parsed,rating_anchor,0.9185,0.9453,60,9360,160.256,🌟🌟⭐⭐ | 密室/沉浸.. | 4.3 | ￥157/人L2,阿拉丁密室逃脱·生日派对·亲子聚.. | 🌟🌟⭐⭐ | 密室/沉浸.. | 4.3 | ￥157/人L2 | 少年仙使传 | 世博园密室/沉浸互动剧回头客榜第3名 | 适合小朋友挑战，娱乐消遣好去处” | % | 惠 | 【双休.. | ￥218￥676少年仙侠传亲子票,ocr/input_videos\上海__世博源__20260826.mp4
OBS-000821,世博源,TFA青训青少年足球培训,TFA青训青少年足球培训,足球培训,3.4,,L2,rated,True,,rated,parsed,rating_anchor,0.9968,0.9987,53,9384,160.667,3.4足球培训 | L2 | ⭐🌟★★★,TFA青训青少年足球培训 | 3.4足球培训 | L2 | ⭐🌟★★★ | TFA青少年足球培训 | 8ce1999,ocr/input_videos\上海__世博源__20260826.mp4
OBS-000822,世博源,le coq sportif,lecoqsportif,运动户外,3.5,507,,rated,True,,rated,parsed,rating_anchor,0.9689,0.9776,64,9384,160.667,🌟🌟🎉🌟⭐ | 3.5 | 运动户外￥507/人 | B,le coq sportif | 🌟🌟🎉🌟⭐ | 3.5 | 运动户外￥507/人 | B,ocr/input_videos\上海__世博源__20260826.mp4
OBS-000823,世博源,斯凯奇,斯凯奇,鞋靴,3.7,402,,rated,True,,rated,parsed,rating_anchor,0.965,0.967,61,9384,160.667,🌟🌟🌟💥★ | 3.7 | 鞋靴￥402/人 | G,斯凯奇 | S | 🌟🌟🌟💥★ | 3.7 | 鞋靴￥402/人 | G | SKECHERS,ocr/input_videos\上海__世博源__20260826.mp4
OBS-000824,世博源,BISELENA贝茜妮,BISELENA贝茜妮,服装,3.5,1000,,rated,True,,rated,parsed,rating_anchor,0.9825,0.9994,50,9384,160.667,3.5服装￥1000/人 | ★🌟🌟🌟★ | B,BISELENA贝茜妮 | BISELENANEE | 3.5服装￥1000/人 | ★🌟🌟🌟★ | B,ocr/input_videos\上海__世博源__20260826.mp4
OBS-000825,世博源,阿拉丁密室逃脱·生日派对·亲子聚..,阿拉丁密室逃脱·生日派对·亲子聚,密室/沉浸..,4.3,157,L2,rated,True,,rated,parsed,rating_anchor,0.9099,0.9525,55,9384,160.667,🌟🌟🌟 | ￥157/人L2 | 4.3 | 密室/沉浸..,阿拉丁密室逃脱·生日派对·亲子聚.. | 🌟🌟🌟 | ￥157/人L2 | 4.3 | 密室/沉浸.. | 少年仙使信 | 世博园密室/沉浸互动剧回头客榜第3名 | 适合小朋友挑战，娱乐消遣好去处” | ￥218￥676少年仙侠传亲子票 | 票【双休.. | 惠,ocr/input_videos\上海__世博源__20260826.mp4
OBS-000826,世博源,豆屿茶事·DIY手工拼豆,豆屿茶事·DIY手工拼豆,DIY手工坊,4.1,38,,rated,True,,rated,parsed,rating_anchor,0.9748,0.953,53,9384,160.667,￥38/人 | ★★★★ | 4.1DIY手工坊 | G,豆屿茶事·DIY手工拼豆 | ￥38/人 | ★★★★ | 4.1DIY手工坊 | G,ocr/input_videos\上海__世博源__20260826.mp4
OBS-000827,世博源,BISELENA贝茜妮,BISELENA贝茜妮,服装,3.5,1000,,rated,True,,rated,parsed,rating_anchor,0.968,0.9991,52,9480,162.31,3.5服装￥1000/人 | B,BISELENA贝茜妮 | BISELENASEN | 3.5服装￥1000/人 | B,ocr/input_videos\上海__世博源__20260826.mp4
OBS-000828,世博源,阿拉丁密室逃脱·生日派对·亲子聚..,阿拉丁密室逃脱·生日派对·亲子聚,密室/沉浸.,4.3,157,L2,rated,True,,rated,parsed,rating_anchor,0.8304,0.9424,57,9480,162.31,★⭐★⭐⭐4.3 密室/沉浸. | ￥157/人L2,阿拉丁密室逃脱·生日派对·亲子聚.. | ★⭐★⭐⭐4.3 密室/沉浸. | ￥157/人L2 | 少年仙使售 | 世博园密室/沉浸互动剧回头客榜第3名 | 美中原 | 适合朋友挑战，娱乐消遣好去处” | ￥218￥676少年仙侠传亲子票【双休. | 惠,ocr/input_videos\上海__世博源__20260826.mp4
OBS-000829,世博源,豆屿茶事·DIY手工拼豆,豆屿茶事·DIY手工拼豆,DIY手工坊,4.1,38,,rated,True,,rated,parsed,rating_anchor,0.974,0.9926,56,9480,162.31,4.1DIY手工坊￥38/人 | G,豆屿茶事·DIY手工拼豆 | 4.1DIY手工坊￥38/人 | G | 世博源DIY手工坊销量榜第2名 | ￥9.9￥31【 | 【工作日】单人首小时体验(.. | 惠,ocr/input_videos\上海__世博源__20260826.mp4
OBS-000830,世博源,名煙名酒,名烟名酒,烟酒茶叶,3.5,,,rated,True,,rated,parsed,rating_anchor,0.9658,0.9409,60,9480,162.31,3.5烟酒茶叶 | B,名煙名酒 | 名烟·名酒 | 3.5烟酒茶叶 | B,ocr/input_videos\上海__世博源__20260826.mp4
OBS-000831,世博源,唯艺小主播演讲口才·主持绘本·戏...,唯艺小主播演讲口才·主持绘本·戏,主持表演/模特,4.4,,,rated,True,,rated,parsed,rating_anchor,0.9712,0.957,57,9480,162.31,4.4主持表演/模特 | G,唯艺小主播演讲口才·主持绘本·戏... | 4.4主持表演/模特 | G | 演出地点便，节目多姿多彩” | 惠 | ￥9.9￥597全城6次课随心学|少儿游..,ocr/input_videos\上海__世博源__20260826.mp4
OBS-000832,世博源,BISELENA贝茜妮,BISELENA贝茜妮,服装,3.5,1000,,rated,True,,rated,parsed,rating_anchor,0.9771,0.9989,51,9492,162.516,3.5服装￥1000/人 | B,BISELENA贝茜妮 | BISELENASE号 | 3.5服装￥1000/人 | B,ocr/input_videos\上海__世博源__20260826.mp4
OBS-000833,世博源,阿拉丁密室逃脱·生日派对·亲子聚..,阿拉丁密室逃脱·生日派对·亲子聚,密室/沉浸...,4.3,157,L2,rated,True,,rated,parsed,rating_anchor,0.9125,0.9544,60,9492,162.516,🌟🌟🌟🌟 | ￥157/人L2 | 4.3 | 密室/沉浸... | ★,阿拉丁密室逃脱·生日派对·亲子聚.. | 🌟🌟🌟🌟 | ￥157/人L2 | 4.3 | 密室/沉浸... | ★ | 少年仙使信 | 世博园密室/沉浸互动剧回头客榜第3名 | 河了于时 | 适合小朋友挑战，娱乐消遣好去处” | 惠￥218￥676少年仙侠传亲子票【双休...,ocr/input_videos\上海__世博源__20260826.mp4
OBS-000834,世博源,豆屿茶事·DIY手工拼豆,豆屿茶事·DIY手工拼豆,DIY手工坊,4.1,38,,rated,True,,rated,parsed,rating_anchor,0.979,0.9914,51,9492,162.516,4.1DIY手工坊￥38/人 | G,豆屿茶事·DIY手工拼豆 | 4.1DIY手工坊￥38/人 | G | 世博源DIY手工坊销量榜第2名 | ￥9.9￥31 | 惠 | 【工作日】单人首小时体验(..,ocr/input_videos\上海__世博源__20260826.mp4
OBS-000835,世博源,名煙名酒,名烟名酒,烟酒茶叶,3.5,,,rated,True,,rated,parsed,rating_anchor,0.9807,0.9719,57,9492,162.516,3.5烟酒茶叶 | B,名煙名酒 | 名烟·名酒 | 3.5烟酒茶叶 | B,ocr/input_videos\上海__世博源__20260826.mp4
OBS-000836,世博源,唯艺小主播演讲口才·主持绘本·戏..,唯艺小主播演讲口才·主持绘本·戏,主持表演/模特,4.4,,,rated,True,,rated,parsed,rating_anchor,0.9325,0.9621,54,9492,162.516,⭐⭐4.4主持表演/模特 | G,唯艺小主播演讲口才·主持绘本·戏.. | 银诺持调洲论武期业艺 | 唯艺主播 | ⭐⭐4.4主持表演/模特 | G | 演出地点方便，节目多姿多彩 | 唯艺小主播 | 让孩子终身受益的表达源 | ￥9.9￥597全城6次课随心学1少儿游. | 惠,ocr/input_videos\上海__世博源__20260826.mp4
OBS-000837,世博源,BISELENA贝茜妮,BISELENA贝茜妮,服装,3.5,1000,,rated,True,,rated,parsed,rating_anchor,0.9653,0.9988,54,9564,163.749,3.5服装￥1000/人 | B,BISELENA贝茜妮 | BISELENASE号 | 3.5服装￥1000/人 | B,ocr/input_videos\上海__世博源__20260826.mp4
OBS-000838,世博源,阿拉丁密室逃脱·生日派对·亲子聚...,阿拉丁密室逃脱·生日派对·亲子聚,密室/沉浸..,4.3,157,L2,rated,True,,rated,parsed,rating_anchor,0.9235,0.9267,55,9564,163.749,🌟🌟🌟⭐ | 密室/沉浸.. | ￥157/人L2 | 4.3 | ★,阿拉丁密室逃脱·生日派对·亲子聚... | 🌟🌟🌟⭐ | 密室/沉浸.. | ￥157/人L2 | 4.3 | ★ | 少年仙使货 | 世博园密室/沉浸互动剧回头客榜第3名 | 用下型点率 | 适合小朋友挑战，娱乐消遣好去处 | 票【双休.. | ￥218￥676少年仙侠传亲子票 | 惠,ocr/input_videos\上海__世博源__20260826.mp4
OBS-000839,世博源,豆屿茶事·DIY手工拼豆,豆屿茶事·DIY手工拼豆,DIY手工坊,4.1,38,,rated,True,,rated,parsed,rating_anchor,0.981,0.9923,50,9564,163.749,4.1DIY手工坊￥38/人 | 🌟🌟⭐⭐ | G | ★,豆屿茶事·DIY手工拼豆 | 4.1DIY手工坊￥38/人 | 🌟🌟⭐⭐ | G | ★ | 世博源DIY手工坊销量榜第2名 | ￥9.9￥31 | 惠 | 【工作日】单人首小时体验(..,ocr/input_videos\上海__世博源__20260826.mp4
OBS-000840,世博源,名煙名酒,名烟名酒,烟酒茶叶,3.5,,,rated,True,,rated,parsed,rating_anchor,0.9735,0.9559,56,9564,163.749,🌟🌟🎉🌟🌟 | 3.5烟酒茶叶 | B,名煙名酒 | 名烟·名酒 | 🌟🌟🎉🌟🌟 | 3.5烟酒茶叶 | B,ocr/input_videos\上海__世博源__20260826.mp4
OBS-000841,世博源,唯艺小主播演讲口才·主持绘本·戏...,唯艺小主播演讲口才·主持绘本·戏,主持表演/模特,4.4,,,rated,True,,rated,parsed,rating_anchor,0.9616,0.9384,54,9564,163.749,🌟🌟⭐⭐🌟 | G | 4.4主持表演/模特,唯艺小主播演讲口才·主持绘本·戏... | 阳诺出持消兴冠论戏划曲艺 | 唯艺主播 | 🌟🌟⭐⭐🌟 | G | 4.4主持表演/模特 | “演出地点便，节目多姿多彩” | 唯艺小主播 | 让孩子终身受益的表达源 | ￥9.9￥597全城6次课随心学1少儿游... | 惠,ocr/input_videos\上海__世博源__20260826.mp4
OBS-000842,世博源,豆屿茶事·DIY手工拼豆,豆屿茶事·DIY手工拼豆,DIY手工坊,4.1,38,,rated,True,,rated,parsed,rating_anchor,0.981,0.9883,48,9576,163.954,🌟🌟🌟⭐ | G | 4.1DIY手工坊￥38/人 | ★,豆屿茶事·DIY手工拼豆 | 🌟🌟🌟⭐ | G | 4.1DIY手工坊￥38/人 | ★ | 世博源DIY手工坊销量榜第2名 | 惠 | ￥9.9￥31 | 【工作日】单人首小时体验(...,ocr/input_videos\上海__世博源__20260826.mp4
OBS-000843,世博源,名煙名酒,名烟名酒,烟酒茶叶,3.5,,,rated,True,,rated,parsed,rating_anchor,0.928,0.9465,56,9576,163.954,⭐⭐3.5烟酒茶叶 | B,名煙名酒 | 名烟·名酒 | ⭐⭐3.5烟酒茶叶 | B,ocr/input_videos\上海__世博源__20260826.mp4
OBS-000844,世博源,唯艺小主播演讲口才·主持绘本·戏...,唯艺小主播演讲口才·主持绘本·戏,主持表演/模特,4.4,,,rated,True,,rated,parsed,rating_anchor,0.9772,0.9594,54,9576,163.954,⭐🌟⭐⭐🌟 | G | 主持表演/模特 | 4.4,唯艺小主播演讲口才·主持绘本·戏... | 诺主持滴财戏曲艺 | 唯艺主播 | ⭐🌟⭐⭐🌟 | G | 主持表演/模特 | 4.4 | 演出地点方便，节目多姿多彩 | 唯艺小主播 | 让孩子终身受益的表达源 | 惠 | ￥9.9￥597全城6次课随心学|少儿游..,ocr/input_videos\上海__世博源__20260826.mp4
OBS-000845,世博源,小米之家,小米之家,数码产品,4.3,1574,,rated,True,,rated,parsed,rating_anchor,0.9787,0.9988,52,9576,163.954,⭐🌟🌟🌟 | 4.3 | 数码产品￥1574/人 | ★,小米之家 | MI | ⭐🌟🌟🌟 | 4.3 | 数码产品￥1574/人 | ★,ocr/input_videos\上海__世博源__20260826.mp4
OBS-000846,世博源,乐泥手工坊DIY·陶艺·流体熊·奶...,乐泥手工坊DIY·陶艺·流体熊·奶,DIY手工坊,4.6,95,,rated,True,,rated,parsed,rating_anchor,0.9461,0.9346,55,9576,163.954,★🌟🌟⭐🌟 | 4.6DIY手工坊￥95/人 | B,乐泥手工坊DIY·陶艺·流体熊·奶... | ★🌟🌟⭐🌟 | 4.6DIY手工坊￥95/人 | B | 点评榜单 | 世博源DIY手工坊好评榜第2名,ocr/input_videos\上海__世博源__20260826.mp4
OBS-000847,世博源,豆屿茶事·DIY手工拼豆,豆屿茶事·DIY手工拼豆,DIY手工坊,4.1,38,,rated,True,,rated,parsed,rating_anchor,0.9832,0.9915,50,9600,164.365,4.1DIY手工坊￥38/人 | G | ★🌟🌟🌟 | ★,豆屿茶事·DIY手工拼豆 | 4.1DIY手工坊￥38/人 | G | ★🌟🌟🌟 | ★ | 世博源DIY手工坊销量榜第2名 | 【工作日】单人首小时体验(.. | ￥9.9￥31 | 惠,ocr/input_videos\上海__世博源__20260826.mp4
OBS-000848,世博源,名煙名酒,名烟名酒,烟酒茶叶,3.5,,,rated,True,,rated,parsed,rating_anchor,0.971,0.987,53,9600,164.365,⭐3.5烟酒茶叶 | B,名煙名酒 | 名烟·名酒 | ⭐3.5烟酒茶叶 | B,ocr/input_videos\上海__世博源__20260826.mp4
OBS-000849,世博源,唯艺小主播演讲口才·主持绘本·戏...,唯艺小主播演讲口才·主持绘本·戏,主持表演/模特,4.4,,,rated,True,,rated,parsed,rating_anchor,0.9077,0.953,56,9600,164.365,G | ⭐⭐⭐4.4主持表演/模特,唯艺小主播演讲口才·主持绘本·戏... | 银诺建持消消冠论式恩曲艺 | 唯艺主播 | G | ⭐⭐⭐4.4主持表演/模特 | 演出地点方便，节目多姿多彩 | 唯艺小主播 | 让孩子终身受益的表达课 | ￥9.9￥597全城6次课随心学1少儿游.. | 惠,ocr/input_videos\上海__世博源__20260826.mp4
OBS-000850,世博源,小米之家,小米之家,数码产品,4.3,1574,,rated,True,,rated,parsed,rating_anchor,0.9822,0.9985,59,9600,164.365,🌟🌟🌟⭐⭐ | 数码产品￥1574/人 | 4.3,小米之家 | 🌟🌟🌟⭐⭐ | MI | 数码产品￥1574/人 | 4.3,ocr/input_videos\上海__世博源__20260826.mp4
OBS-000851,世博源,乐泥手工坊DIY·陶艺·流体熊·奶...,乐泥手工坊DIY·陶艺·流体熊·奶,DIY手工坊,4.6,95,,rated,True,,rated,parsed,rating_anchor,0.9503,0.932,54,9600,164.365,4.6DIY手工坊￥95/人 | 🌟🌟🌟🌟🌟 | B,乐泥手工坊DIY·陶艺·流体熊·奶... | 4.6DIY手工坊￥95/人 | 🌟🌟🌟🌟🌟 | B | 点评榜单 | 世博源DIY手工坊好评榜第2名 | 位置好找，陶土冰箱贴DIY丰富 | 3 | ￥22.9￥98 | 惠 | 【拼豆一小时】272色烫画...,ocr/input_videos\上海__世博源__20260826.mp4
OBS-000852,世博源,名煙名酒,名烟名酒,烟酒茶叶,3.5,,,rated,True,,rated,parsed,rating_anchor,0.9422,0.9583,56,9684,165.803,⭐3.5烟酒茶叶 | B,名煙名酒 | 名烟·名酒 | ⭐3.5烟酒茶叶 | B,ocr/input_videos\上海__世博源__20260826.mp4
OBS-000853,世博源,唯艺小主播演讲口才·主持绘本·戏...,唯艺小主播演讲口才·主持绘本·戏,主持表演/模特,4.4,,,rated,True,,rated,parsed,rating_anchor,0.9655,0.9487,51,9684,165.803,4.4主持表演/模特 | G,唯艺小主播演讲口才·主持绘本·戏... | 国谐主持演戏营艺 | 唯艺少主播 | 4.4主持表演/模特 | G | 演出地点方便，节目多姿多彩 | 唯艺小主播 | 让孩子终身受益的表达源 | ￥9.9￥597全城6次课随心学|少儿游... | 惠,ocr/input_videos\上海__世博源__20260826.mp4
OBS-000854,世博源,小米之家,小米之家,数码产品,4.3,1574,,rated,True,,rated,parsed,rating_anchor,0.9795,0.9989,59,9684,165.803,🌟🌟🌟⭐ | 4.3 | 数码产品￥1574/人,小米之家 | MI | 🌟🌟🌟⭐ | 4.3 | 数码产品￥1574/人,ocr/input_videos\上海__世博源__20260826.mp4
OBS-000855,世博源,乐泥手工坊DIY·陶艺·流体熊·奶...,乐泥手工坊DIY·陶艺·流体熊·奶,DIY手工坊,4.6,95,,rated,True,,rated,parsed,rating_anchor,0.9453,0.9378,55,9684,165.803,🌟🌟🌟🌟🌟 | B | 4.6DIY手工坊￥95/人,乐泥手工坊DIY·陶艺·流体熊·奶... | 🌟🌟🌟🌟🌟 | B | 4.6DIY手工坊￥95/人 | 点评榜单 | 世博源DIY手工坊好评榜第2名 | 位置好找，陶土冰箱贴DIY丰富 | 22 | ￥22.9￥98 | 【拼豆一小时】272色烫画.. | 惠,ocr/input_videos\上海__世博源__20260826.mp4
OBS-000856,世博源,Acc HairSalon烫发染发,AccHairSalon烫发染发,美发,4.6,121,,rated,True,,rated,parsed,rating_anchor,0.968,0.9749,56,9684,165.803,⭐🌟🌟🌟🌟 | 4.6美发￥121/人 | G,Acc HairSalon烫发染发 | a | ⭐🌟🌟🌟🌟 | 4.6美发￥121/人 | G | 世博园美发销量榜第2名 | Acc Hair Salon | 染发烫发效果好，发型师技术高超 | ￥997.8折 | ￥197 | 惠 | 【新客直降39】首席..,ocr/input_videos\上海__世博源__20260826.mp4
OBS-000857,世博源,唯艺小主播演讲口才·主持绘本·戏...,唯艺小主播演讲口才·主持绘本·戏,主持表演/模特,4.4,,,rated,True,,rated,parsed,rating_anchor,0.9536,0.9526,53,9708,166.214,⭐4.4主持表演/模特 | G,唯艺小主播演讲口才·主持绘本·戏... | 插讯主持消讲阿论戏刷曲艺 | 唯艺主播 | ⭐4.4主持表演/模特 | G | “演出地点方便，节目多姿多彩” | 唯艺小主播 | 让孩子终身受益的表达源 | ￥9.9￥597全城6次课随心学1少儿游... | 惠,ocr/input_videos\上海__世博源__20260826.mp4
OBS-000858,世博源,小米之家,小米之家,数码产品,4.3,1574,,rated,True,,rated,parsed,rating_anchor,0.979,0.9989,56,9708,166.214,🌟🌟🌟 | 4.3 | 数码产品￥1574/人 | ★,小米之家 | MI | 🌟🌟🌟 | 4.3 | 数码产品￥1574/人 | ★,ocr/input_videos\上海__世博源__20260826.mp4
OBS-000859,世博源,乐泥手工坊DIY·陶艺·流体熊·奶...,乐泥手工坊DIY·陶艺·流体熊·奶,DIY手工坊,4.6,95,,rated,True,,rated,parsed,rating_anchor,0.9519,0.9452,56,9708,166.214,⭐🌟🌟⭐🌟 | 4.6DIY手工坊￥95/人 | B,乐泥手工坊DIY·陶艺·流体熊·奶... | ⭐🌟🌟⭐🌟 | 4.6DIY手工坊￥95/人 | B | 点评榜单 | 世博源DIY手工坊好评榜第2名 | 位置好找，陶土冰箱贴DIY丰富 | 11 | ￥22.9￥98 | 惠 | 【拼豆一小时】272色烫画..,ocr/input_videos\上海__世博源__20260826.mp4
OBS-000860,世博源,Acc Hair Salon烫发染发,AccHairSalon烫发染发,美发,4.6,121,,rated,True,,rated,parsed,rating_anchor,0.9493,0.9495,51,9708,166.214,🌟🌟⭐🌟 | G | 美发￥121/人 | 4.6,Acc Hair Salon烫发染发 | 🌟🌟⭐🌟 | G | 美发￥121/人 | 4.6 | 世博园美发销量榜第2名 | Acc Hair Salon | 染发烫发效果好，发型师技术高超 | G | ￥99 | ￥197 | 7.8折 | 【新客直降39】首席... | 惠,ocr/input_videos\上海__世博源__20260826.mp4
OBS-000861,世博源,BELLE,BELLE,鞋靴,3.4,,,rated,True,,rated,parsed,rating_anchor,0.9106,0.9992,42,9708,166.214,★3.4鞋靴,BELLE | ★3.4鞋靴 | 阿姨热情，剪鞋垫服务贴心”,ocr/input_videos\上海__世博源__20260826.mp4
OBS-000862,世博源,唯乙小工猫典开口小工对红伞双.,唯乙小工猫典开口小工对红伞双.,主持表演/模特,4.4,,,rated,True,,rated,parsed,rating_anchor,0.807,0.6571,33,9792,167.652,⭐4.4主持表演/模特 | G,唯乙小工猫典开口小工对红伞双. | 唯艺主播 | ⭐4.4主持表演/模特 | G | “演出地点方便，节目多姿多彩 | 唯艺小主播 | 让孩子终身受益的表达课 | ￥9.9￥597全城6次课随心学1少儿游.. | 惠,ocr/input_videos\上海__世博源__20260826.mp4
OBS-000863,世博源,小米之家,小米之家,数码产品,4.3,1574,,rated,True,,rated,parsed,rating_anchor,0.9772,0.999,56,9792,167.652,🌟⭐⭐ | 4.3 | 数码产品￥1574/人 | ★,小米之家 | 🌟⭐⭐ | MI | 4.3 | 数码产品￥1574/人 | ★,ocr/input_videos\上海__世博源__20260826.mp4
OBS-000864,世博源,乐泥手工坊DIY·陶艺·流体熊·奶..,乐泥手工坊DIY·陶艺·流体熊·奶,DIY手工坊,4.6,95,,rated,True,,rated,parsed,rating_anchor,0.9579,0.9462,57,9792,167.652,🌟🌟🌟🌟🌟 | B | 4.6DIY手工坊￥95/人,乐泥手工坊DIY·陶艺·流体熊·奶.. | 🌟🌟🌟🌟🌟 | B | 4.6DIY手工坊￥95/人 | 点评榜单 | 世博源DIY手工坊好评榜第2名 | 位置好找，陶土冰箱贴DIY丰富 | ￥22.9￥98 | 【拼豆一小时】272色烫画... | 惠,ocr/input_videos\上海__世博源__20260826.mp4
OBS-000865,世博源,Acc Hair Salon烫发染发,AccHairSalon烫发染发,美发,4.6,121,,rated,True,,rated,parsed,rating_anchor,0.9484,0.9433,51,9792,167.652,⭐🌟4.6 | G | 美发￥121/人,Acc Hair Salon烫发染发 | e | ⭐🌟4.6 | G | 美发￥121/人 | 世博园美发销量榜第2名 | Acc Hair Salon | 染发烫发效果好，发型师技术高超 | ￥997.8折 | ￥197 | 惠 | 【新客直降39】首席..,ocr/input_videos\上海__世博源__20260826.mp4
OBS-000866,世博源,BELLE,BELLE,鞋靴,3.4,,,rated,True,,rated,parsed,rating_anchor,0.9941,0.9989,47,9792,167.652,3.4鞋靴 | ★★★★★ | G,BELLE | 3.4鞋靴 | ★★★★★ | G | 阿姨热情，剪鞋垫服务贴心” | ajidou阿吉豆,ocr/input_videos\上海__世博源__20260826.mp4
OBS-000867,世博源,BELLE,BELLE,鞋靴,3.4,,,rated,True,,rated,parsed,rating_anchor,0.9963,0.9987,53,9852,168.679,3.4鞋靴 | 🌟🌟🎉 | ★★ | G,BELLE | 3.4鞋靴 | 🌟🌟🎉 | ★★ | G | 阿姨热情，剪鞋垫服务贴心”,ocr/input_videos\上海__世博源__20260826.mp4
OBS-000868,世博源,ajidou阿吉豆,ajidou阿吉豆,配饰,3.7,158,,rated,True,,rated,parsed,rating_anchor,0.9761,0.9988,61,9852,168.679,3.7配饰￥158/人 | B,ajidou阿吉豆 | 3.7配饰￥158/人 | B | ajidou | “位置好找，饰品款式多样” | 1,ocr/input_videos\上海__世博源__20260826.mp4
OBS-000869,世博源,MEILLEUR MOMENT,MEILLEURMOMENT,服装,3.8,1381,,rated,True,,rated,parsed,rating_anchor,0.9682,0.9861,47,9852,168.679,3.8服装￥1381/人 | B,MEILLEUR MOMENT | 3.8服装￥1381/人 | B,ocr/input_videos\上海__世博源__20260826.mp4
OBS-000870,世博源,三星授权体验店,三星授权体验店,数码产品,4.8,5298,,rated,True,,rated,parsed,rating_anchor,0.9625,0.9994,55,9852,168.679,4.8数码产品￥5298/人 | B,三星授权体验店 | GdlaxyZFoicaUtra Folds | CdiaryA | 4.8数码产品￥5298/人 | B | 手机轻薄系统流畅，店里干净利落 | ￥0.99 | ￥9.99三星授权体验店1.. | 1.2折 | 惠,ocr/input_videos\上海__世博源__20260826.mp4
OBS-000871,世博源,vivo官方授权体验店,vivo官方授权体验店,数码产品,4.9,4187,,rated,True,,rated,parsed,rating_anchor,0.9772,0.9937,54,9852,168.679,数码产品￥4187/人 | 🌟🌟⭐4.9 | B,vivo官方授权体验店 | vivoX300E | 11 | 数码产品￥4187/人 | 🌟🌟⭐4.9 | B | 点评榜单 | 上南地区购物好评榜第2名 | 拍照效果超赞，还能抽手机！ | ” | 来vivo休验店京国家补贴,ocr/input_videos\上海__世博源__20260826.mp4
OBS-000872,世博源,BELLE,BELLE,鞋靴,3.4,,,rated,True,,rated,parsed,rating_anchor,0.9958,0.999,46,9864,168.885,3.4鞋靴 | 🌟🌟🎉 | ★★ | G,BELLE | 3.4鞋靴 | 🌟🌟🎉 | ★★ | G | 阿姨热情，剪鞋垫服务贴心”,ocr/input_videos\上海__世博源__20260826.mp4
OBS-000873,世博源,ajidou阿吉豆,ajidou阿吉豆,配饰,3.7,158,,rated,True,,rated,parsed,rating_anchor,0.9722,0.999,61,9864,168.885,3.7配饰￥158/人 | B,ajidou阿吉豆 | 3.7配饰￥158/人 | B | ajidou | “位置好找，饰品款式多样”,ocr/input_videos\上海__世博源__20260826.mp4
OBS-000874,世博源,MEILLEUR MOMENT,MEILLEURMOMENT,服装,3.8,1381,,rated,True,,rated,parsed,rating_anchor,0.9745,0.9852,47,9864,168.885,3.8服装￥1381/人 | B,MEILLEUR MOMENT | 3.8服装￥1381/人 | B | MMmaMExt,ocr/input_videos\上海__世博源__20260826.mp4
OBS-000875,世博源,三星授权体验店,三星授权体验店,数码产品,4.8,5298,,rated,True,,rated,parsed,rating_anchor,0.9836,0.9997,52,9864,168.885,🌟🌟4.8 | 数码产品￥5298/人 | B,三星授权体验店 | GdiaxyZFoic8Utra Fokd8 | Gdiaayk | 🌟🌟4.8 | 数码产品￥5298/人 | B | “手机轻薄系统流畅，店净利落” | “ | ￥0.99 | 三星授权体验店！. | 1.2折 | ￥9.99 | 惠,ocr/input_videos\上海__世博源__20260826.mp4
OBS-000876,世博源,vivo官方授权体验店,vivo官方授权体验店,数码产品,4.9,4187,,rated,True,,rated,parsed,rating_anchor,0.9816,0.991,58,9864,168.885,🌟🌟🎉🌟⭐4.9 | 数码产品￥4187/人 | B,vivo官方授权体验店 | vivoX300E | 🌟🌟🎉🌟⭐4.9 | 数码产品￥4187/人 | B | 点评榜单 | 上南地区购物好评榜第2名 | ” | 拍照效果超赞，还能抽手机！ | 来vivo体脸店，真国家补贴 | 惠 | ￥1￥967vivo全机型到店购机专属权益...,ocr/input_videos\上海__世博源__20260826.mp4
OBS-000877,世博源,BELLE,BELLE,鞋靴,3.4,,,rated,True,,rated,parsed,rating_anchor,0.9958,0.9992,51,9900,169.501,3.4鞋靴 | ⭐🌟⭐ | ⭐🌟 | G,BELLE | 3.4鞋靴 | ⭐🌟⭐ | ⭐🌟 | G | 阿姨热情，剪鞋垫服务贴心“,ocr/input_videos\上海__世博源__20260826.mp4
OBS-000878,世博源,ajidou阿吉豆,ajidou阿吉豆,配饰,3.7,158,,rated,True,,rated,parsed,rating_anchor,0.9792,0.9992,62,9900,169.501,🌟🌟3.7 | 配饰￥158/人 | B,ajidou阿吉豆 | 🌟🌟3.7 | 配饰￥158/人 | B | ajidou | 位置好找，饰品款式多样 | C,ocr/input_videos\上海__世博源__20260826.mp4
OBS-000879,世博源,MEILLEUR MOMENT,MEILLEURMOMENT,服装,3.8,1381,,rated,True,,rated,parsed,rating_anchor,0.9718,0.9826,41,9900,169.501,3.8服装￥1381/人 | B,MEILLEUR MOMENT | 3.8服装￥1381/人 | B,ocr/input_videos\上海__世博源__20260826.mp4
OBS-000880,世博源,三星授权体验店,三星授权体验店,数码产品,4.8,5298,,rated,True,,rated,parsed,rating_anchor,0.9845,0.9997,52,9900,169.501,4.8数码产品￥5298/人 | B,三星授权体验店 | Cafaxy2Foc8utra|FoNas | Coamk | 4.8数码产品￥5298/人 | B | 手机轻薄系统流畅，店里干净利落” | 《 | ￥0.99 | ￥9.99三星授权体验店一.. | 1.2折 | 惠,ocr/input_videos\上海__世博源__20260826.mp4
OBS-000881,世博源,vivo官方授权体验店,vivo官方授权体验店,数码产品,4.9,4187,,rated,True,,rated,parsed,rating_anchor,0.9823,0.9985,53,9900,169.501,🌟🌟🌟4.9 | 数码产品￥4187/人 | B,vivo官方授权体验店 | VivOX300E | 4上 | i10 | 🌟🌟🌟4.9 | 数码产品￥4187/人 | B | 点评榜单 | 上南地区购物好评榜第2名 | 拍照效果超赞，还能抽手机！ | 3 | 来vivo体验店享国家补贴 | 惠￥1￥967vivo全机型到店购机专属权益...,ocr/input_videos\上海__世博源__20260826.mp4
OBS-000882,世博源,MEILLEUR MOMENT,MEILLEURMOMENT,服装,3.8,1381,,rated,True,,rated,parsed,rating_anchor,0.9767,0.9879,44,9936,170.118,3.8服装￥1381/人 | B,MEILLEUR MOMENT | 3.8服装￥1381/人 | B | MeMMMaMERT,ocr/input_videos\上海__世博源__20260826.mp4
OBS-000883,世博源,三星授权体验店,三星授权体验店,数码产品,4.8,5298,,rated,True,,rated,parsed,rating_anchor,0.9807,0.9994,52,9936,170.118,⭐⭐4.8 | 数码产品￥5298/人 | B,三星授权体验店 | GaixyZFolcUraFok | Cdiaryk | ⭐⭐4.8 | 数码产品￥5298/人 | B | 手机轻薄系统流畅，店里干净利落 | “ | ￥0.99 | 1.2折 | ￥9.99 | 三星授权体验店一 | 惠,ocr/input_videos\上海__世博源__20260826.mp4
OBS-000884,世博源,vivo官方授权体验店,vivo官方授权体验店,数码产品,4.9,4187,,rated,True,,rated,parsed,rating_anchor,0.9793,0.996,54,9936,170.118,🌟🌟🎉4.9 | B | 数码产品￥4187/人,vivo官方授权体验店 | vivoX300E | Ea | 🌟🌟🎉4.9 | B | 数码产品￥4187/人 | 点评榜单 | 上南地区购物好评榜第2名 | 拍照效果超赞，还能抽手机！ | ” | 来vivo体验店、真国家补贴 | 惠￥1￥967vivo全机型到店购机专属权益.,ocr/input_videos\上海__世博源__20260826.mp4
OBS-000885,世博源,Purcotton全棉时代,Purcotton全棉时代,居家日用,4.2,135,,rated,True,,rated,parsed,rating_anchor,0.981,0.999,55,9936,170.118,4.2居家日用￥135/人 | B,Purcotton全棉时代 | 4.2居家日用￥135/人 | 2 | B | 店内喜庆红色，服务态度很好” | Purcotton,ocr/input_videos\上海__世博源__20260826.mp4
OBS-000886,世博源,VINT萌宠猫舍·猫咪专售·撸猫馆,VINT萌宠猫舍·猫咪专售·撸猫馆,购宠,4.5,69,,rated,True,,rated,parsed,rating_anchor,0.9379,0.9306,51,9936,170.118,4.5购宠￥69/人 | G,VINT萌宠猫舍·猫咪专售·撸猫馆 | 4.5购宠￥69/人 | G | 点评榜单 | 浦东新区购宠热门榜第8名 | VINT | 萌爱盛吉营面馆 | 解压好去处，撸猫超开心 | 3,ocr/input_videos\上海__世博源__20260826.mp4
OBS-000887,世博源,vivo官方授权体验店,vivo官方授权体验店,数码产品,4.9,4187,,rated,True,,rated,parsed,rating_anchor,0.978,0.9963,51,9960,170.529,🌟🌟🌟🌟🌟 | 数码产品￥4187/人 | 4.9 | B,vivo官方授权体验店 | viv0X300E | 1 | E | 🌟🌟🌟🌟🌟 | 数码产品￥4187/人 | 4.9 | B | 点评榜单 | 上南地区购物好评榜第2名 | 拍照效果超赞，还能抽手机！ | ” | 来vivo体验店真国家补贴 | 惠 | ￥1￥967vivo全机型到店购机专属权益...,ocr/input_videos\上海__世博源__20260826.mp4
OBS-000888,世博源,Purcotton全棉时代,Purcotton全棉时代,居家日用,4.2,135,,rated,True,,rated,parsed,rating_anchor,0.9828,0.9992,48,9960,170.529,🌟🌟💥💥⭐ | 4.2 | 居家日用￥135/人 | B,Purcotton全棉时代 | 🌟🌟💥💥⭐ | 4.2 | 居家日用￥135/人 | B | 2 | 店内喜庆红色，服务态度很好 | Purcotton,ocr/input_videos\上海__世博源__20260826.mp4
OBS-000889,世博源,VINT萌宠猫舍·猫咪专售·撸猫馆,VINT萌宠猫舍·猫咪专售·撸猫馆,购宠,4.5,69,,rated,True,,rated,parsed,rating_anchor,0.9601,0.9532,51,9960,170.529,⭐🌟🌟⭐🌟 | G | 4.5购宠￥69/人,VINT萌宠猫舍·猫咪专售·撸猫馆 | ⭐🌟🌟⭐🌟 | G | 4.5购宠￥69/人 | 点评榜单 | 'viNT | 浦东新区购宠热门榜第8名 | 剪克造吉限酒馆 | 解压好去处，撸猫超开心 | 77 | “ | ￥728折 | 萌宠互动双人套餐（1.. | 惠 | ￥340,ocr/input_videos\上海__世博源__20260826.mp4
OBS-000890,世博源,酷乐潮玩,酷乐潮玩,杂货礼品,4.8,97,,rated,True,,rated,parsed,rating_anchor,0.9745,0.999,53,9960,170.529,🌟🌟⭐4.8 | 杂货礼品￥97/人 | B,酷乐潮玩 | 酷乐 | 🌟🌟⭐4.8 | 杂货礼品￥97/人 | B | 潮玩 | ￥449.8折 | ￥50酷乐潮玩50代金券 | 惠,ocr/input_videos\上海__世博源__20260826.mp4
OBS-000891,世博源,亨达利名表维修,亨达利名表维修,钟表维修,4.8,109,,rated,True,,rated,parsed,rating_anchor,0.978,0.9951,50,9960,170.529,4.8钟表维修￥109/人 | B,亨达利名表维修 | 4.8钟表维修￥109/人 | B | 亨達利名 | 名表维修 | “维修效，表焕然新” | 百联集团成员企业,ocr/input_videos\上海__世博源__20260826.mp4
OBS-000892,世博源,vivo官方授权体验店,vivo官方授权体验店,数码产品,4.9,4187,,rated,True,,rated,parsed,rating_anchor,0.9777,0.9969,51,9984,170.939,⭐🌟⭐⭐4.9 | 数码产品￥4187/人 | B,vivo官方授权体验店 | vivoX300E | 1 | ⭐🌟⭐⭐4.9 | 数码产品￥4187/人 | B | 点评榜单 | 上南地区购物好评榜第2名 | 拍照效果超赞，还能抽手机！ | 1 | 来vivo体验店，享国家补贴 | ￥1￥967vivo全机型到店购机专属权益... | 惠,ocr/input_videos\上海__世博源__20260826.mp4
OBS-000893,世博源,Purcotton全棉时代,Purcotton全棉时代,居家日用,4.2,135,,rated,True,,rated,parsed,rating_anchor,0.987,0.9988,53,9984,170.939,🌟🌟🌟🌟🌟 | 4.2居家日用￥135/人 | B,Purcotton全棉时代 | 🌟🌟🌟🌟🌟 | 4.2居家日用￥135/人 | B | 店内喜庆红色，服务态度很好 | Purcotton,ocr/input_videos\上海__世博源__20260826.mp4
OBS-000894,世博源,VINT萌宠猫舍·猫咪专售·撸猫馆,VINT萌宠猫舍·猫咪专售·撸猫馆,购宠,4.5,69,,rated,True,,rated,parsed,rating_anchor,0.9148,0.8989,57,9984,170.939,4.5购宠￥69/人 | G,VINT萌宠猫舍·猫咪专售·撸猫馆 | 4.5购宠￥69/人 | G | 点评榜单 | 浦东新区购宠热门榜第8名 | 'viNT | 萌宠超吉&播营馆 | 解压好去处，撸猫超开心 | 31 | S | ￥728折 | 萌宠互动双人套餐（1... | ￥340 | 惠,ocr/input_videos\上海__世博源__20260826.mp4
OBS-000895,世博源,酷乐潮玩,酷乐潮玩,杂货礼品,4.8,97,,rated,True,,rated,parsed,rating_anchor,0.9791,0.9987,56,9984,170.939,4.8杂货礼品￥97/人 | B,酷乐潮玩 | 酷乐 | 4.8杂货礼品￥97/人 | B | 潮玩 | ￥449.8折 | ￥50酷乐潮玩50代金券 | 惠,ocr/input_videos\上海__世博源__20260826.mp4
OBS-000896,世博源,亨达利名表维修,亨达利名表维修,钟表维修,4.8,109,,rated,True,,rated,parsed,rating_anchor,0.955,0.9464,51,9984,170.939,4.8钟表维修￥109/人 | B,亨达利名表维修 | 4.8钟表维修￥109/人 | B | 亨達利 | 名表维修 | “维修高效，手表焕然一新” | 百联集团成员企业,ocr/input_videos\上海__世博源__20260826.mp4
OBS-000897,世博源,Purcotton全棉时代,Purcotton全棉时代,居家日用,4.2,135,,rated,True,,rated,parsed,rating_anchor,0.9652,0.9992,50,10044,171.967,★4.2居家日用￥135/人 | B,Purcotton全棉时代 | 2 | ★4.2居家日用￥135/人 | B | “店内喜庆红色，服务态度很好” | Purcotton,ocr/input_videos\上海__世博源__20260826.mp4
OBS-000898,世博源,VINT萌宠猫舍·貓咪专售·撸猫馆,VINT萌宠猫舍·猫咪专售·撸猫馆,购宠,4.5,69,,rated,True,,rated,parsed,rating_anchor,0.8976,0.8739,49,10044,171.967,4.5购宠￥69/人 | G,VINT萌宠猫舍·貓咪专售·撸猫馆 | 4.5购宠￥69/人 | G | 点评榜单 | 浦东新区购宠热门榜第8名 | ViNT | 萌变猫自品热德馆 | 解压好去处，撸猫超开心 | 33 | ￥72 | ￥340 | 萌宠互动双人套餐（1... | 8折 | 惠,ocr/input_videos\上海__世博源__20260826.mp4
OBS-000899,世博源,酷乐潮玩,酷乐潮玩,杂货礼品,4.8,97,,rated,True,,rated,parsed,rating_anchor,0.9339,0.9988,53,10044,171.967,⭐⭐4.8杂货礼品￥97/人 | B,酷乐潮玩 | 酷乐 | ⭐⭐4.8杂货礼品￥97/人 | B | 潮玩 | ￥449.8折 | ￥50酷乐潮玩50代金券 | 惠,ocr/input_videos\上海__世博源__20260826.mp4
OBS-000900,世博源,亨达利名表维修,亨达利名表维修,钟表维修,4.8,109,,rated,True,,rated,parsed,rating_anchor,0.9712,0.9961,48,10044,171.967,4.8钟表维修￥109/人 | B,亨达利名表维修 | 4.8钟表维修￥109/人 | B | 亨達利名表维修 | 维修效，手表焕然一新” | 西联集团成员企业,ocr/input_videos\上海__世博源__20260826.mp4
OBS-000901,世博源,纳恬·维修回收二手置换,纳恬·维修回收二手置换,手机维修,4.3,230,,rated,True,,rated,parsed,rating_anchor,0.9701,0.975,51,10044,171.967,手机维修￥230/人 | 🌟🌟★★★ | G | 4.3,纳恬·维修回收二手置换 | N纳恬 | 手机维修￥230/人 | 🌟🌟★★★ | G | 4.3 | 维修服务 | 贴曲面屏手机膜不翘边，位置就在世博... | 手机电脑维修回收 | 融 | 限 | 2 | ￥48.869.8折 | ￥1000Mac/电脑重摔 | 惠,ocr/input_videos\上海__世博源__20260826.mp4
OBS-000902,世博源,VINI明龙猫舌·猫味专告·措猫馆,VINI明龙猫舌·猫味专告·措猫馆,购宠,4.5,69,,rated,True,,rated,parsed,rating_anchor,0.9084,0.8487,39,10068,172.378,⭐🌟⭐🌟🌟 | 4.5购宠￥69/人 | G,VINI明龙猫舌·猫味专告·措猫馆 | ⭐🌟⭐🌟🌟 | 4.5购宠￥69/人 | G | 点评榜单 | 浦东新区购宠热门榜第8名 | 'viNT | 萌宠盗含&播磁馆 | 解压好去处，撸猫超开心 | 11 | ￥72 | 8折 | 萌宠互动双人套餐（1... | ￥340 | 惠,ocr/input_videos\上海__世博源__20260826.mp4
OBS-000903,世博源,酷乐潮玩,酷乐潮玩,杂货礼品,4.8,97,,rated,True,,rated,parsed,rating_anchor,0.9639,0.9742,53,10068,172.378,4.8杂货礼品￥97/人 | B,酷乐潮玩 | 酷乐 | 4.8杂货礼品￥97/人 | B | 潮玩 | ￥449.8折 | 惠 | ￥50酷乐潮玩50代金券,ocr/input_videos\上海__世博源__20260826.mp4
OBS-000904,世博源,亨达利名表维修,亨达利名表维修,钟表维修,4.8,109,,rated,True,,rated,parsed,rating_anchor,0.959,0.9458,52,10068,172.378,⭐⭐⭐4.8 | 钟表维修￥109/人 | B,亨达利名表维修 | ⭐⭐⭐4.8 | 钟表维修￥109/人 | B | 亨達利 | 名表维修 | 维修高效，手表焕然一新” | 百联集团成员企业,ocr/input_videos\上海__世博源__20260826.mp4
OBS-000905,世博源,纳恬·维修回收二手置换,纳恬·维修回收二手置换,手机维修,4.3,230,,rated,True,,rated,parsed,rating_anchor,0.9688,0.9762,51,10068,172.378,🌟🌟⭐⭐⭐ | 手机维修￥230/人 | 4.3 | G,纳恬·维修回收二手置换 | 纳话 | 🌟🌟⭐⭐⭐ | 手机维修￥230/人 | 4.3 | G | 维修服务 | 贴曲面屏手机膜不翘边，位置就在世博... | 手机电脑维爆回收 | B | ￥48.869.8折 | 惠 | ￥1000Mac/电脑重摔,ocr/input_videos\上海__世博源__20260826.mp4
OBS-000906,世博源,海澜之家,海澜之家,服饰鞋包,4.4,522,,rated,True,,rated,parsed,rating_anchor,0.9375,0.9034,56,10068,172.378,🌟🌟🌟⭐ | 服饰鞋包￥522/人 | B | 4.4 | ★,海澜之家 | HLA | 🌟🌟🌟⭐ | 服饰鞋包￥522/人 | B | 4.4 | ★ | 衣服时尚有型，价格实惠 | 海瀾之家,ocr/input_videos\上海__世博源__20260826.mp4
OBS-000907,世博源,VINI明龙猫古·猫味专告·措猫馆,VINI明龙猫古·猫味专告·措猫馆,购宠,4.5,69,,rated,True,,rated,parsed,rating_anchor,0.899,0.837,37,10116,173.199,★★★★★ | G | 4.5购宠￥69/人,VINI明龙猫古·猫味专告·措猫馆 | ★★★★★ | G | 4.5购宠￥69/人 | 点评榜单 | 浦东新区购宠热门榜第8名 | ViNT | 萌宠盛含&播福馆 | 解压好去处，撸猫超开心 | 11 | 萌宠互动双人套餐（1... | ￥72 | ￥340 | 8折 | 惠,ocr/input_videos\上海__世博源__20260826.mp4
OBS-000908,世博源,酷乐潮玩,酷乐潮玩,杂货礼品,4.8,97,,rated,True,,rated,parsed,rating_anchor,0.9722,0.9985,52,10116,173.199,🌟🌟🎉🎉🌟4.8 | 杂货礼品￥97/人 | B,酷乐潮玩 | 酷乐 | 🌟🌟🎉🎉🌟4.8 | 杂货礼品￥97/人 | B | 潮玩 | ￥449.8折 | 惠 | ￥50酷乐潮玩50代金券,ocr/input_videos\上海__世博源__20260826.mp4
OBS-000909,世博源,亨达利名表维修,亨达利名表维修,钟表维修,4.8,109,,rated,True,,rated,parsed,rating_anchor,0.9633,0.9631,51,10116,173.199,🌟🌟🌟⭐🌟4.8 | 钟表维修￥109/人 | B,亨达利名表维修 | 🌟🌟🌟⭐🌟4.8 | 钟表维修￥109/人 | B | 亨達利 | 名表维修 | 维修高效，手表焕然一新” | 百联集团成员企业,ocr/input_videos\上海__世博源__20260826.mp4
OBS-000910,世博源,纳恬·维修回收二手置换,纳恬·维修回收二手置换,手机维修,4.3,230,,rated,True,,rated,parsed,rating_anchor,0.9734,0.9832,48,10116,173.199,🌟🌟⭐⭐ | 手机维修￥230/人 | 4.3 | G | ★,纳恬·维修回收二手置换 | 纳话 | 🌟🌟⭐⭐ | 手机维修￥230/人 | 4.3 | G | ★ | 维修服务 | 手机电脑维修回收 | 贴曲面屏手机膜不翘边，位置就在世博... | 惠 | ￥48.869.8折 | ￥1000Mac/电脑重摔,ocr/input_videos\上海__世博源__20260826.mp4
OBS-000911,世博源,海澜之家,海澜之家,服饰鞋包,4.4,522,,rated,True,,rated,parsed,rating_anchor,0.9434,0.9153,58,10116,173.199,4.4服饰鞋包￥522/人 | ⭐🌟🌟🌟 | B | ★,海澜之家 | HLA | 4.4服饰鞋包￥522/人 | ⭐🌟🌟🌟 | B | ★ | 衣服时尚有型，价格实惠 | 海瀾之家 | C | 世博源公馆·喜宴·宝宝宴·江景宴...,ocr/input_videos\上海__世博源__20260826.mp4
OBS-000912,世博源,纳恬·维修回收二手置换,纳恬·维修回收二手置换,手机维修,4.3,230,,rated,True,,rated,parsed,rating_anchor,0.9705,0.9746,51,10176,174.227,手机维修￥230/人 | ⭐🌟🌟🌟★ | 4.3 | G,纳恬·维修回收二手置换 | N纳恬 | 手机维修￥230/人 | ⭐🌟🌟🌟★ | 4.3 | G | 维修服务 | 手机电脑维银回收 | f | 贴曲面屏手机膜不翘边，位置就在世博.. | B器 | ￥48.869.8折 | 惠 | ￥1000Mac/电脑重摔,ocr/input_videos\上海__世博源__20260826.mp4
OBS-000913,世博源,海澜之家,海澜之家,服饰鞋包,4.4,522,,rated,True,,rated,parsed,rating_anchor,0.9375,0.9376,60,10176,174.227,🌟🌟🌟⭐⭐ | 4.4服饰鞋包￥522/人 | B,海澜之家 | HLA | 🌟🌟🌟⭐⭐ | 4.4服饰鞋包￥522/人 | B | 衣服时尚有型，价格实惠” | 海澜之家,ocr/input_videos\上海__世博源__20260826.mp4
OBS-000914,世博源,世博源公馆·喜宴·宝宝宴·江景宴...,世博源公馆·喜宴·宝宝宴·江景宴,酒店婚宴/宴会,4.6,429,L2,rated,True,,rated,parsed,rating_anchor,0.9503,0.9416,53,10176,174.227,4.6酒店婚宴/宴会￥429/人L2,世博源公馆·喜宴·宝宝宴·江景宴... | 4.6酒店婚宴/宴会￥429/人L2 | 全景落地窗，菜品摆盘精致 | ￥1￥19宝宝宴·江景宴会 | 惠,ocr/input_videos\上海__世博源__20260826.mp4
OBS-000915,世博源,李宁,李宁,运动户外,4.7,575,,rated,True,,rated,parsed,rating_anchor,0.9757,0.9995,61,10176,174.227,4.7运动户外￥575/人 | B,李宁 | 4.7运动户外￥575/人 | B | LI-NING | 防晒能力超强，面料轻盈透气,ocr/input_videos\上海__世博源__20260826.mp4
OBS-000916,世博源,美车堂,美车堂,美容洗车,4.3,106,,rated,True,,rated,parsed,rating_anchor,0.9854,0.9999,55,10176,174.227,G | 🌟🌟🎉🌟 | 美容洗车￥106/人 | 4.3,美车堂 | G | 🌟🌟🎉🌟 | 美容洗车￥106/人 | 4.3 | CNRSONE | 美车堂 | 美食堂干净整洁，洗车服务细致周到 | 惠 | ￥108￥138 | 【普通洗车】40分钟|全车...,ocr/input_videos\上海__世博源__20260826.mp4
OBS-000917,世博源,海瀾之家,海澜之家,服饰鞋包,4.4,522,,rated,True,,rated,parsed,rating_anchor,0.933,0.8969,52,10260,175.665,🌟🌟🌟⭐ | 服饰鞋包￥522/人 | B | 4.4 | ★,海瀾之家 | HLA | 🌟🌟🌟⭐ | 服饰鞋包￥522/人 | B | 4.4 | ★ | 衣服时尚有型，价格实惠 | 海澜之家,ocr/input_videos\上海__世博源__20260826.mp4
OBS-000918,世博源,世博源公馆·喜宴·宝宝宴·江景宴...,世博源公馆·喜宴·宝宝宴·江景宴,酒店婚宴/宴会,4.6,,L2,rated,True,,rated,parsed,rating_anchor,0.9406,0.9276,56,10260,175.665,4.6酒店婚宴/宴会429/人L2,世博源公馆·喜宴·宝宝宴·江景宴... | 4.6酒店婚宴/宴会429/人L2 | 全景落地窗，菜品摆盘精致 | 惠￥1￥19宝宝宴·江景宴会,ocr/input_videos\上海__世博源__20260826.mp4
OBS-000919,世博源,李宁,李宁,运动户外,4.7,575,,rated,True,,rated,parsed,rating_anchor,0.9759,0.9989,65,10260,175.665,4.7运动户外￥575/人 | B,李宁 | 4.7运动户外￥575/人 | B | LI-NING | 防晒能力超强，面料轻盈透,ocr/input_videos\上海__世博源__20260826.mp4
OBS-000920,世博源,美车堂,美车堂,美容洗车,4.3,106,,rated,True,,rated,parsed,rating_anchor,0.9823,0.9999,58,10260,175.665,🌟🌟🌟🌟 | 美容洗车￥106/人 | ★ | G | 4.3,美车堂 | 🌟🌟🌟🌟 | 美容洗车￥106/人 | ★ | G | 4.3 | CNRSONE | 美车堂 | 美食堂干净整洁，洗车服务细致周到” | ￥108￥138 | 惠 | 【普通洗车】40分钟|全车...,ocr/input_videos\上海__世博源__20260826.mp4
OBS-000921,世博源,DJI大疆,DJI大疆,数码产品,4.8,4978,,rated,True,,rated,parsed,rating_anchor,0.9853,0.9992,54,10260,175.665,🌟🌈4.8 | 数码产品￥4978/人 | B,DJI大疆 | 山 | 🌟🌈4.8 | 数码产品￥4978/人 | B | 点评榜单 | 世博源购物热门榜第8名 | 授权体验店 | 店内服务贴心，无人机试飞体验超棒！ | 3,ocr/input_videos\上海__世博源__20260826.mp4
OBS-000922,世博源,ThirtyAll关键分网球俱乐部世博..,ThirtyAll关键分网球俱乐部世博,网球场,4.4,,L1,rated,True,,rated,parsed,rating_anchor,0.988,0.9785,55,10260,175.665,🌟🌟🎉🌟 | L1 | 4.4网球场 | ★,ThirtyAll关键分网球俱乐部世博.. | 🌟🌟🎉🌟 | L1 | 4.4网球场 | ★ | 世博源球类运动销量榜第2名,ocr/input_videos\上海__世博源__20260826.mp4
OBS-000923,世博源,李宁,李宁,运动户外,4.7,575,,rated,True,,rated,parsed,rating_anchor,0.9761,0.9989,70,10284,176.076,4.7运动户外￥575/人 | B,李宁 | 4.7运动户外￥575/人 | B | LI-NING | 防晒能力超强，面料轻盈透”,ocr/input_videos\上海__世博源__20260826.mp4
OBS-000924,世博源,美车堂,美车堂,美容洗车,4.3,106,,rated,True,,rated,parsed,rating_anchor,0.987,0.9998,61,10284,176.076,⭐🌟★⭐🌟 | 4.3美容洗车￥106/人 | G,美车堂 | ⭐🌟★⭐🌟 | 4.3美容洗车￥106/人 | G | CNRSONE | 美车堂 | 美食堂干净整洁，洗车服务细致周到” | 惠￥108￥138 | 【普通洗车】40分钟|全车.,ocr/input_videos\上海__世博源__20260826.mp4
OBS-000925,世博源,DJI大疆,DJI大疆,数码产品,4.8,4978,,rated,True,,rated,parsed,rating_anchor,0.9789,0.9984,57,10284,176.076,4.8数码产品￥4978/人 | B,DJI大疆 | 少 | 4.8数码产品￥4978/人 | B | 点评榜单 | 世博源购物热门榜第8名 | 授权体验店 | 店内服务贴心，无人机试飞体验超棒！,ocr/input_videos\上海__世博源__20260826.mp4
OBS-000926,世博源,ThirtyAll关键分网球俱乐部世博..,ThirtyAll关键分网球俱乐部世博,网球场,4.4,,L1,rated,True,,rated,parsed,rating_anchor,0.957,0.9467,60,10284,176.076,4.4网球场 | L1,ThirtyAll关键分网球俱乐部世博.. | BO | ALL | 4.4网球场 | L1 | CLUB | 世博源球类运动销量榜第2名 | ￥3399.5折 | ￥600单次网球体验课(1对... | 惠,ocr/input_videos\上海__世博源__20260826.mp4
OBS-000927,世博源,维沙阿玛尼SALON,维沙阿玛尼SALON,美发,4.3,387,L1,rated,True,,rated,parsed,rating_anchor,0.9778,0.9985,51,10284,176.076,🌟🌟🌟⭐⭐ | 4.3美发￥387/人 | L1,维沙阿玛尼SALON | 🌟🌟🌟⭐⭐ | 4.3美发￥387/人 | L1 | AMANI | SALON | 上南地区洗吹销量榜第1名 | 环境舒适，发型师造型出色 | ￥148￥190 | 【S2】首席洗剪吹造型设计 | 惠,ocr/input_videos\上海__世博源__20260826.mp4
OBS-000928,世博源,李宁,李宁,运动户外,4.7,575,,rated,True,,rated,parsed,rating_anchor,0.9798,0.9994,65,10308,176.487,4.7运动户外￥575/人 | B,李宁 | 4.7运动户外￥575/人 | B | LI-NING | 防晒能力超强，面料轻盈透” | C,ocr/input_videos\上海__世博源__20260826.mp4
OBS-000929,世博源,美车堂,美车堂,美容洗车,4.3,106,,rated,True,,rated,parsed,rating_anchor,0.9857,0.9998,63,10308,176.487,🌟🌟🌟⭐ | 4.3美容洗车￥106/人 | G,美车堂 | 🌟🌟🌟⭐ | 4.3美容洗车￥106/人 | G | CNRSOE | 美车堂 | 美食堂干净整洁，洗车服务细致周到 | ￥108￥138 | 【普通洗车】40分钟|全车... | 惠,ocr/input_videos\上海__世博源__20260826.mp4
OBS-000930,世博源,DJI大疆,DJI大疆,数码产品,4.8,4978,,rated,True,,rated,parsed,rating_anchor,0.9802,0.9978,58,10308,176.487,4.8数码产品￥4978/人 | B,DJI大疆 | 山 | 4.8数码产品￥4978/人 | B | 点评榜单 | 世博源购物热门榜第8名 | 授权体验店 | 店内服务贴心，无人机试飞体验超棒！ | 《,ocr/input_videos\上海__世博源__20260826.mp4
OBS-000931,世博源,ThirtyAll关键分网球俱乐部世博...,ThirtyAll关键分网球俱乐部世博,网球场,4.4,,L1,rated,True,,rated,parsed,rating_anchor,0.9722,0.9461,54,10308,176.487,4.4网球场 | ⭐🌟🌟⭐ | L1 | ★,ThirtyAll关键分网球俱乐部世博... | BO | ALL | 4.4网球场 | ⭐🌟🌟⭐ | L1 | ★ | CLUB | 世博源球类运动销量榜第2名 | ￥3399.5折 | ￥600单次网球体验课(1对... | 惠,ocr/input_videos\上海__世博源__20260826.mp4
OBS-000932,世博源,维沙阿玛尼SALON,维沙阿玛尼SALON,美发,4.3,387,L1,rated,True,,rated,parsed,rating_anchor,0.976,0.9979,51,10308,176.487,4.3美发￥387/人 | L1,维沙阿玛尼SALON | 4.3美发￥387/人 | L1 | AMANI | - SALON - | 上南地区洗吹销量榜第1名 | 环境舒适，发型师造型出色 | ￥148￥190 | 【S2】首席洗剪吹造型设计 | 惠,ocr/input_videos\上海__世博源__20260826.mp4
OBS-000933,世博源,DJI大疆,DJI大疆,数码产品,4.8,4978,,rated,True,,rated,parsed,rating_anchor,0.9812,0.9946,60,10380,177.72,🌟🌟4.8 | 数码产品￥4978/人 | B,DJI大疆 | 少 | 🌟🌟4.8 | 数码产品￥4978/人 | B | 点评榜单 | 世博源购物热门榜第8名 | 授权体验店 | “店内服务贴，机试体验超棒！ | 3,ocr/input_videos\上海__世博源__20260826.mp4
OBS-000934,世博源,ThirtyAll关键分网球俱乐部世博...,ThirtyAll关键分网球俱乐部世博,网球场,4.4,,L1,rated,True,,rated,parsed,rating_anchor,0.9142,0.9353,59,10380,177.72,⭐4.4网球场 | L1,ThirtyAll关键分网球俱乐部世博... | BO | ALL | ⭐4.4网球场 | L1 | QLUB | 世博源球类运动销量榜第2名 | ￥3399.5折 | ￥600单次网球体验课(1对... | 惠,ocr/input_videos\上海__世博源__20260826.mp4
OBS-000935,世博源,维沙阿玛尼SALON,维沙阿玛尼SALON,美发,4.3,387,L1,rated,True,,rated,parsed,rating_anchor,0.9671,0.9961,51,10380,177.72,🌟🌟🌟🌟 | L1 | 美发￥387/人 | 4.3 | ★,维沙阿玛尼SALON | 🌟🌟🌟🌟 | L1 | 美发￥387/人 | 4.3 | ★ | AMANI | SALON | 上南地区洗吹销量榜第1名 | 环境舒适，发型师造型出色 | 《 | ￥148￥190 | 【S2】首席洗剪吹造型设计 | 惠,ocr/input_videos\上海__世博源__20260826.mp4
OBS-000936,世博源,泡泡玛特POPMART,泡泡玛特POPMART,杂货礼品,4.9,137,,rated,True,,rated,parsed,rating_anchor,0.9839,0.9986,53,10380,177.72,🌟🌟★🌈🌟4.9 | 杂货礼品￥137/人 | B,泡泡玛特POPMART | 🌟🌟★🌈🌟4.9 | 杂货礼品￥137/人 | B | POP MART | 点评榜单 | 上南地区购物好评榜第5名 | 位置超好找，热门IP整齐陈列 | S | 3,ocr/input_videos\上海__世博源__20260826.mp4
OBS-000937,世博源,九木杂物社,九木杂物社,杂货礼品,4.8,58,,rated,True,,rated,parsed,rating_anchor,0.9791,0.9995,55,10380,177.72,4.8杂货礼品￥58/人 | G,九木杂物社 | 九 | 4.8杂货礼品￥58/人 | G | 3 | 米 | ? | H | 0 | 4 | “粉主题治愈系，周边款式繁多' | 杂物社,ocr/input_videos\上海__世博源__20260826.mp4
OBS-000938,世博源,ThirtyAll关键分网球俱乐部世博...,ThirtyAll关键分网球俱乐部世博,网球场,4.4,,L1,rated,True,,rated,parsed,rating_anchor,0.9688,0.9394,56,10392,177.925,4.4网球场 | 🌟🌟🎉🌟 | L1 | ★,ThirtyAll关键分网球俱乐部世博... | BO | ALL | 4.4网球场 | 🌟🌟🎉🌟 | L1 | ★ | CLUB | 世博源球类运动销量榜第2名 | ￥3399.5折 | ￥600单次网球体验课(1对... | 惠,ocr/input_videos\上海__世博源__20260826.mp4
OBS-000939,世博源,维沙阿玛尼SALON,维沙阿玛尼SALON,美发,4.3,387,L1,rated,True,,rated,parsed,rating_anchor,0.9695,0.9972,51,10392,177.925,🌟🌟⭐⭐ | 美发￥387/人 | L1 | 4.3 | ★,维沙阿玛尼SALON | 🌟🌟⭐⭐ | 美发￥387/人 | L1 | 4.3 | ★ | AMANI | SALON- | 上南地区洗吹销量榜第1名 | 环境舒适，发型师造型出色 | ￥148￥190 | 【S2】席洗剪吹造型设计 | 惠,ocr/input_videos\上海__世博源__20260826.mp4
OBS-000940,世博源,泡泡玛特POPMART,泡泡玛特POPMART,杂货礼品,,137,,unknown,True,,ocr_missing,parsed,metadata_anchor,0.9808,0.9985,51,10392,177.925,★★★★★ | 杂货礼品￥137/人 | B | 14.9,泡泡玛特POPMART | ★★★★★ | 杂货礼品￥137/人 | B | 14.9 | POP MART | 点评榜单 | 上南地区购物好评榜第5名 | 位置超好找，热IP整齐陈列,ocr/input_videos\上海__世博源__20260826.mp4
OBS-000941,世博源,九木杂物社,九木杂物社,杂货礼品,4.8,58,,rated,True,,rated,parsed,rating_anchor,0.9792,0.9997,55,10392,177.925,⭐🌈4.8 | 杂货礼品￥58/人 | G,九木杂物社 | 力 | ⭐🌈4.8 | 杂货礼品￥58/人 | G | 米 | 」 | ; | H | 0 | 1 | “粉主题治愈系，周边款式繁多” | 杂物社 | ￥939.8折 | ￥100九木杂物社·夏日限定.. | 惠,ocr/input_videos\上海__世博源__20260826.mp4
OBS-000942,世博源,韶菲美甲美睫,韶菲美甲美睫,美甲,4.5,197,,rated,True,,rated,parsed,rating_anchor,0.9305,0.9998,52,10392,177.925,★★4.5美甲￥197/人 | G,韶菲美甲美睫 | ★★4.5美甲￥197/人 | G | 上南地区美甲美睫销量榜第2名 | 还原度超高，美甲效果绝佳,ocr/input_videos\上海__世博源__20260826.mp4
OBS-000943,世博源,维沙阿玛尼SALON,维沙阿玛尼SALON,美发,4.3,387,L1,rated,True,,rated,parsed,rating_anchor,0.972,0.997,54,10416,178.336,🌟🌟⭐⭐🌟 | L1 | 4.3 | 美发￥387/人,维沙阿玛尼SALON | 🌟🌟⭐⭐🌟 | L1 | 4.3 | 美发￥387/人 | AMANI | SALON | 上南地区洗吹销量榜第1名 | 环境舒适，发型师造型出色 | 止 | 7 | ￥148￥190 | 惠 | 【S2】席洗剪吹造型设计,ocr/input_videos\上海__世博源__20260826.mp4
OBS-000944,世博源,泡泡玛特POPMART,泡泡玛特POPMART,杂货礼品,4.9,137,,rated,True,,rated,parsed,rating_anchor,0.9812,0.9978,54,10416,178.336,★★★★★ | 杂货礼品￥137/人 | 4.9 | B,泡泡玛特POPMART | ★★★★★ | 杂货礼品￥137/人 | 4.9 | B | POP MART | 点评榜单 | 上南地区购物好评榜第5名 | 位置超好找，热门IP整齐陈列” | 5,ocr/input_videos\上海__世博源__20260826.mp4
OBS-000945,世博源,九木杂物社,九木杂物社,杂货礼品,4.8,58,,rated,True,,rated,parsed,rating_anchor,0.9626,0.9996,56,10416,178.336,4.8杂货礼品￥58/人 | G,九木杂物社 | 力 | 4.8杂货礼品￥58/人 | G | : | 米 | H | 0 | “粉主题治愈系，周边款式繁多' | 杂物社 | ￥939.8折 | ￥100九木杂物社·夏日限定... | 惠,ocr/input_videos\上海__世博源__20260826.mp4
OBS-000946,世博源,韶菲美甲美睫,韶菲美甲美睫,美甲,4.5,197,,rated,True,,rated,parsed,rating_anchor,0.9715,0.9999,55,10416,178.336,4.5美甲￥197/人 | G,韶菲美甲美睫 | FINS | 4.5美甲￥197/人 | G | 上南地区美甲美睫销量榜第2名 | 还原度超高，美甲效果绝佳 | 53 | ￥138￥276款式美甲（短甲友好）只.. | 惠,ocr/input_videos\上海__世博源__20260826.mp4
OBS-000947,世博源,维沙阿玛尼SALON,维沙阿玛尼SALON,美发,4.3,387,L1,rated,True,,rated,parsed,rating_anchor,0.9668,0.998,53,10452,178.952,L1 | ⭐🌟⭐⭐🌟 | 4.3 | 美发￥387/人,维沙阿玛尼SALON | L1 | ⭐🌟⭐⭐🌟 | 4.3 | 美发￥387/人 | AMANI | SALON | 上南地区洗吹销量榜第1名 | 环境舒适，发型师造型出” | 【S2】首席洗剪吹造型设计 | ￥148￥190 | 惠,ocr/input_videos\上海__世博源__20260826.mp4
OBS-000948,世博源,泡泡玛特POPMART,泡泡玛特POPMART,杂货礼品,4.9,137,,rated,True,,rated,parsed,rating_anchor,0.9817,0.9982,54,10452,178.952,🌟🌟🎉🎉🎉4.9 | 杂货礼品￥137/人 | B,泡泡玛特POPMART | 🌟🌟🎉🎉🎉4.9 | 杂货礼品￥137/人 | B | POP MART | 点评榜单 | 上南地区购物好评榜第5名 | 位置超好找，热门IP整齐陈列,ocr/input_videos\上海__世博源__20260826.mp4
OBS-000949,世博源,九木杂物社,九木杂物社,杂货礼品,4.8,58,,rated,True,,rated,parsed,rating_anchor,0.9808,0.9998,58,10452,178.952,4.8杂货礼品￥58/人 | G,杂 | 九木杂物社 | 4.8杂货礼品￥58/人 | G | K | 0 | B | “粉色主题治愈系，周边款式繁多” | 杂物社 | ￥939.8折 | ￥100九木杂物社·夏日限定.. | 惠,ocr/input_videos\上海__世博源__20260826.mp4
OBS-000950,世博源,韶菲美甲美睫,韶菲美甲美睫,美甲,4.5,197,,rated,True,,rated,parsed,rating_anchor,0.9857,0.9996,52,10452,178.952,4.5美甲￥197/人 | 🌟🌟🌟🌟🌟 | G,韶菲美甲美睫 | 4.5美甲￥197/人 | 🌟🌟🌟🌟🌟 | G | 上南地区美甲美睫销量榜第2名 | 还原度超高，美甲效果绝佳 | ￥138￥276款式美甲（短甲友好）只.. | 惠,ocr/input_videos\上海__世博源__20260826.mp4
OBS-000951,世博源,伊芙丽eifini,伊芙丽eifini,服装,3.6,704,L1,rated,True,,rated,parsed,rating_anchor,0.9663,0.9925,56,10452,178.952,3.6服装￥704/人 | L1,伊芙丽eifini | 3.6服装￥704/人 | L1,ocr/input_videos\上海__世博源__20260826.mp4
OBS-000952,世博源,泡泡玛特POPMART,泡泡玛特POPMART,杂货礼品,4.9,137,,rated,True,,rated,parsed,rating_anchor,0.9816,0.9991,55,10536,180.39,4.9 | 杂货礼品￥137/人 | B,泡泡玛特POPMART | 4.9 | 杂货礼品￥137/人 | B | POP MART | 点评榜单 | 上南地区购物好评榜第5名 | 位置超好找，热门IP整齐陈列”,ocr/input_videos\上海__世博源__20260826.mp4
OBS-000953,世博源,九木杂物社,九木杂物社,杂货礼品,4.8,58,,rated,True,,rated,parsed,rating_anchor,0.9723,0.9998,62,10536,180.39,4.8杂货礼品￥58/人 | G,九木杂物社 | 力 | 4.8杂货礼品￥58/人 | G | 米 | “粉色主题治愈系，周边款式繁多” | 杂物社 | ￥939.8折 | ￥100九木杂物社·夏日限定.. | 惠,ocr/input_videos\上海__世博源__20260826.mp4
OBS-000954,世博源,韶菲美甲美睫,韶菲美甲美睫,美甲,4.5,197,,rated,True,,rated,parsed,rating_anchor,0.9778,0.9998,56,10536,180.39,4.5美甲￥197/人 | G,韶菲美甲美睫 | PIN | 4.5美甲￥197/人 | G | 上南地区美甲美睫销量榜第2名 | 还原度超高，美甲效果绝佳 | SHAOEI | ￥138￥276款式美甲（短甲友好）只... | 惠,ocr/input_videos\上海__世博源__20260826.mp4
OBS-000955,世博源,伊芙丽eifini,伊芙丽eifini,服装,3.6,704,L1,rated,True,,rated,parsed,rating_anchor,0.9752,0.9894,56,10536,180.39,L1 | 3.6服装￥704/人,伊芙丽eifini | L1 | 3.6服装￥704/人,ocr/input_videos\上海__世博源__20260826.mp4
OBS-000956,世博源,泡泡玛特POPMART,泡泡玛特POPMART,杂货礼品,4.9,137,,rated,True,,rated,parsed,rating_anchor,0.9808,0.9977,57,10584,181.212,🌟🌟⭐⭐4.9 | 杂货礼品￥137/人 | B,泡泡玛特POPMART | 🌟🌟⭐⭐4.9 | 杂货礼品￥137/人 | B | POP MART | 点评榜单 | 上南地区购物好评榜第5名 | 位置超好找，热门IP整齐陈列”,ocr/input_videos\上海__世博源__20260826.mp4
OBS-000957,世博源,九木杂物社,九木杂物社,杂货礼品,4.8,58,,rated,True,,rated,parsed,rating_anchor,0.9727,0.9997,59,10584,181.212,4.8杂货礼品￥58/人 | G,九木杂物社 | 力 | 4.8杂货礼品￥58/人 | G | 米 | “粉色主题治愈系，周边款式繁多” | 杂物社 | ￥939.8折 | ￥100九木杂物社·夏日限定.. | 惠,ocr/input_videos\上海__世博源__20260826.mp4
OBS-000958,世博源,韶菲美甲美睫,韶菲美甲美睫,美甲,4.5,197,,rated,True,,rated,parsed,rating_anchor,0.977,0.9998,55,10584,181.212,4.5美甲￥197/人 | G,韶菲美甲美睫 | PIM | 4.5美甲￥197/人 | G | 上南地区美甲美睫销量榜第2名 | 还原度超高，美甲效果绝佳 | “ | SHAOF | ￥138￥276款式美甲（短甲友好）只... | 惠,ocr/input_videos\上海__世博源__20260826.mp4
OBS-000959,世博源,伊芙丽eifini,伊芙丽eifini,服装,3.6,704,L1,rated,True,,rated,parsed,rating_anchor,0.9793,0.999,58,10584,181.212,L1 | 3.6服装￥704/人,伊芙丽eifini | L1 | 3.6服装￥704/人 | vV潮玩·二次元DIY手工坊·拼豆·.,ocr/input_videos\上海__世博源__20260826.mp4
OBS-000960,世博源,泡泡玛特POPMART,泡泡玛特POPMART,杂货礼品,4.9,137,,rated,True,,rated,parsed,rating_anchor,0.9728,0.9987,54,10620,181.829,杂货礼品￥137/人 | ★★★★★4.9 | B,泡泡玛特POPMART | 杂货礼品￥137/人 | ★★★★★4.9 | B | POP MART | 点评榜单 | 上南地区购物好评榜第5名 | 位置超好找，热门IP整齐陈列,ocr/input_videos\上海__世博源__20260826.mp4
OBS-000961,世博源,九木杂物社,九木杂物社,杂货礼品,4.8,,,rated,True,,rated,parsed,rating_anchor,0.9829,0.9996,58,10620,181.829,4.8杂货礼品￥58/ | G,九木杂物社 | 力 | 4.8杂货礼品￥58/ | G | 3日 | o | 米 | 1 | “粉主题治愈系，周边款式繁多” | 杂物社 | ￥939.8折 | ￥100九杂物社·夏日限定.. | 惠,ocr/input_videos\上海__世博源__20260826.mp4
OBS-000962,世博源,韶菲美甲美睫,韶菲美甲美睫,美甲,4.5,197,,rated,True,,rated,parsed,rating_anchor,0.9652,0.9998,55,10620,181.829,4.5美甲￥197/人 | G,韶菲美甲美睫 | 4.5美甲￥197/人 | G | 上南地区美甲美睫销量榜第2名 | 还原度超高，美甲效果绝佳 | 35 | 惠￥138￥276款式美甲（短甲友好）只.,ocr/input_videos\上海__世博源__20260826.mp4
OBS-000963,世博源,伊芙丽eifini,伊芙丽eifini,服装,3.6,704,L1,rated,True,,rated,parsed,rating_anchor,0.9692,0.9939,56,10620,181.829,3.6服装￥704/人 | L1,伊芙丽eifini | 3.6服装￥704/人 | L1,ocr/input_videos\上海__世博源__20260826.mp4
OBS-000964,世博源,vV潮玩·二次元DIY手工坊·拼豆·.,vV潮玩·二次元DIY手工坊·拼豆·.,DIY坊,4.6,,,rated,True,,rated,parsed,rating_anchor,0.9128,0.9034,57,10620,181.829,4.6DIY坊￥89/ | G,vV潮玩·二次元DIY手工坊·拼豆·. | 4.6DIY坊￥89/ | G | 世博源DIY手工坊销量榜第1名 | VV潮玩 | 色齐全装备充，环境氛围好” | 《 | WCINONAN | ￥298 | ￥56.6 | 8.8折 | 【单人拼豆·2小时... | 惠,ocr/input_videos\上海__世博源__20260826.mp4
OBS-000965,世博源,伊芙丽eifini,伊芙丽eifini,服装,3.6,704,L1,rated,True,,rated,parsed,rating_anchor,0.9732,0.9987,55,10644,182.24,3.6服装￥704/人 | L1,伊芙丽eifini | 3.6服装￥704/人 | L1,ocr/input_videos\上海__世博源__20260826.mp4
OBS-000966,世博源,vV潮玩·二次元DIY手工坊·拼豆·.,vV潮玩·二次元DIY手工坊·拼豆·.,DIY手工坊,4.6,89,,rated,True,,rated,parsed,rating_anchor,0.9116,0.8888,64,10644,182.24,4.6DIY手工坊￥89/人 | G,vV潮玩·二次元DIY手工坊·拼豆·. | 4.6DIY手工坊￥89/人 | G | 世博源DIY手工坊销量榜第1名 | VV潮玩 | 豆色齐全装备充足，环境氛围好 | WCHAGWIN | ￥56.6 | ￥298 | 8.8折 | 惠 | 【单人拼豆·2小时.,ocr/input_videos\上海__世博源__20260826.mp4
OBS-000967,世博源,Apple授权专营店,Apple授权专营店,数码产品,4.8,6527,,rated,True,,rated,parsed,rating_anchor,0.9762,0.9978,63,10644,182.24,4.8数码产品￥6527/人 | B,Apple授权专营店 | 4.8数码产品￥6527/人 | B | 点评榜单 | 世博源购物热门榜第5名 | 授权经销商 | “服务热情专业，以旧换新补贴多” | ￥9999 | ￥8999 | 9折 | 惠 | 【需激活】iPhone.,ocr/input_videos\上海__世博源__20260826.mp4
OBS-000968,世博源,潮宏基,潮宏基,黄金首饰,4.4,5353,,rated,True,,rated,parsed,rating_anchor,0.9792,0.9997,61,10644,182.24,⭐🌟🌟⭐ | 4.4黄金首饰￥5353/人 | B | ★,潮宏基 | ⭐🌟🌟⭐ | 4.4黄金首饰￥5353/人 | B | ★ | 购物体验特别好，服务热情不推销”,ocr/input_videos\上海__世博源__20260826.mp4
OBS-000969,世博源,名创优品,名创优品,居家日用,4.9,88,,rated,True,,rated,parsed,rating_anchor,0.9514,0.9997,60,10644,182.24,🌟🌟🌟🎉🌟 | 4.9居家日用￥88/人 | B,名创优品 | 🌟🌟🌟🎉🌟 | 4.9居家日用￥88/人 | MINI | B | 点评榜单 | SOü | 世博源购物好评榜第3名 | 玩具超多，宠物萌宠用品齐全 | 供,ocr/input_videos\上海__世博源__20260826.mp4
OBS-000970,世博源,伊芙丽eifini,伊芙丽eifini,服装,3.6,704,L1,rated,True,,rated,parsed,rating_anchor,0.942,0.9436,55,10692,183.061,L1 | 3.6服装￥704/人,伊芙丽eifini | L1 | 3.6服装￥704/人,ocr/input_videos\上海__世博源__20260826.mp4
OBS-000971,世博源,VV潮玩·二次元DIY手工坊·拼豆·…..,VV潮玩·二次元DIY手工坊·拼豆,DIY手工坊,4.6,89,,rated,True,,rated,parsed,rating_anchor,0.9206,0.8761,59,10692,183.061,🌟🌟🎉🌟🌟 | G | DIY手工坊￥89/人 | 4.6,VV潮玩·二次元DIY手工坊·拼豆·….. | 🌟🌟🎉🌟🌟 | G | DIY手工坊￥89/人 | 4.6 | 世博源DIY手工坊销量榜第1名 | VV潮玩 | 豆色齐全装备充足，环境氛围好 | “ | 8.8折 | ￥298 | ￥56.6 | 【单人拼豆·2小时.. | 惠,ocr/input_videos\上海__世博源__20260826.mp4
OBS-000972,世博源,Apple授权专营店,Apple授权专营店,数码产品,4.8,6527,,rated,True,,rated,parsed,rating_anchor,0.9817,0.9985,64,10692,183.061,🌟🌟🎉4.8 | 数码产品￥6527/人 | B,Apple授权专营店 | 🌟🌟🎉4.8 | 数码产品￥6527/人 | B | 点评榜单 | 世博源购物热门榜第5名 | 授权经销商 | 服务热情专业，以旧换新补贴多” | ￥8999 | ￥9999 | 9折 | 【需激活】iPhone… | 惠,ocr/input_videos\上海__世博源__20260826.mp4
OBS-000973,世博源,潮宏基,潮宏基,黄金首饰,4.4,5353,,rated,True,,rated,parsed,rating_anchor,0.9832,0.9997,61,10692,183.061,🌟🌟⭐⭐ | 4.4黄金首饰￥5353/人 | B | ★,潮宏基 | 🌟🌟⭐⭐ | 4.4黄金首饰￥5353/人 | B | ★ | 购物体验特别好，服务热情不推销 | C,ocr/input_videos\上海__世博源__20260826.mp4
OBS-000974,世博源,名创优品,名创优品,居家日用,4.9,88,,rated,True,,rated,parsed,rating_anchor,0.9802,0.9999,57,10692,183.061,⭐⭐⭐4.9 | 居家日用￥88/人 | B,名创优品 | ⭐⭐⭐4.9 | MINI | 居家日用￥88/人 | B | 点评榜单 | SOü | 世博源购物好评榜第3名 | “玩具超多，宠物角萌宠用品齐全 | 5 | ￥40.59.7折 | ￥50好物专享·名创优品... | 惠,ocr/input_videos\上海__世博源__20260826.mp4
OBS-000975,世博源,潮宏基,潮宏基,黄金首饰,4.4,5353,,rated,True,,rated,parsed,rating_anchor,0.9866,0.9997,64,10776,184.5,⭐🌟🌟🌟 | 4.4黄金首饰￥5353/人 | B,潮宏基 | ⭐🌟🌟🌟 | 4.4黄金首饰￥5353/人 | B | 购物体验特别好，服务热情不推销” | C,ocr/input_videos\上海__世博源__20260826.mp4
OBS-000976,世博源,名创优品,名创优品,居家日用,4.9,88,,rated,True,,rated,parsed,rating_anchor,0.9806,0.9999,57,10776,184.5,🌟🌟🎉🎉🌟4.9 | 居家日用￥88/人 | B,名创优品 | MINI | 🌟🌟🎉🎉🌟4.9 | 居家日用￥88/人 | B | 点评榜单 | SOC | 世博源购物好评榜第3名 | 玩具超多，宠物角萌宠用品齐全 | 5 | ￥40.59.7折 | ￥50好物专享·名创优品.. | 惠,ocr/input_videos\上海__世博源__20260826.mp4
OBS-000977,世博源,鸿蒙智行体验中心,鸿蒙智行体验中心,4S店,,184541,,unknown,True,,ocr_missing,parsed,metadata_anchor,0.9772,0.9985,54,10776,184.5,4.24S店￥184541/人 | B,鸿蒙智行体验中心 | 4.24S店￥184541/人 | B | 智能驾驶体验佳，座椅按摩超舒适” | 惠￥1￥498预约到店智驾体验有礼,ocr/input_videos\上海__世博源__20260826.mp4
OBS-000978,世博源,迪卡侬,迪卡侬,运动户外,4.9,345,,rated,True,,rated,parsed,rating_anchor,0.9628,0.98,61,10776,184.5,⭐🌟⭐⭐⭐4.9 | 运动户外￥345/人 | G,迪卡侬 | ⭐🌟⭐⭐⭐4.9 | 运动户外￥345/人 | G | 点评榜单 | 世博源购物好评榜第1名 | 服务专业贴心，车维修无忧 | ￥35￥40羽毛球穿线（无论何种球拍+. | 惠,ocr/input_videos\上海__世博源__20260826.mp4
OBS-000979,世博源,dyson,dyson,家用电器,3.5,3570,,rated,True,,rated,parsed,rating_anchor,0.9879,0.9994,59,10776,184.5,3.5家用电器￥3570/人 | 🌟🌟🌟🌟 | B | ★,dyson | 3.5家用电器￥3570/人 | 🌟🌟🌟🌟 | B | ★ | dyson | 样机处理讯速” | 心 | 服务贴心,ocr/input_videos\上海__世博源__20260826.mp4
OBS-000980,世博源,潮宏基,潮宏基,黄金首饰,4.4,5353,,rated,True,,rated,parsed,rating_anchor,0.9795,0.9997,58,10800,184.91,4.4黄金首饰￥5353/人 | B,潮宏基 | 4.4黄金首饰￥5353/人 | B | 购物体验特别好，服务热情不推销 | C,ocr/input_videos\上海__世博源__20260826.mp4
OBS-000981,世博源,名创优品,名创优品,居家日用,4.9,88,,rated,True,,rated,parsed,rating_anchor,0.9794,0.9997,60,10800,184.91,🌟🌟🌟🌟🌟 | 居家日用￥88/人 | 4.9 | B,名创优品 | 🌟🌟🌟🌟🌟 | 居家日用￥88/人 | MINI | 4.9 | B | 点评榜单 | SOü | 世博源购物好评榜第3名 | “玩具超多，宠物萌宠用品齐全 | ￥40.59.7折 | ￥50好物专享·名创优品... | 惠,ocr/input_videos\上海__世博源__20260826.mp4
OBS-000982,世博源,鸿蒙智行体验中心,鸿蒙智行体验中心,4S店,,184541,,unknown,True,,ocr_missing,parsed,metadata_anchor,0.9792,0.998,54,10800,184.91,4.24S店￥184541/人 | B,鸿蒙智行体验中心 | M | 4.24S店￥184541/人 | B | 0 | 智能驾驶体验佳，座椅按摩超舒适” | “ | 惠￥1￥498预约到店智驾体验有礼,ocr/input_videos\上海__世博源__20260826.mp4
OBS-000983,世博源,迪卡侬,迪卡侬,运动户外,4.9,345,,rated,True,,rated,parsed,rating_anchor,0.9587,0.9779,61,10800,184.91,🌟🌟🌟🌈⭐4.9 | 运动户外￥345/人 | G,迪卡侬 | 🌟🌟🌟🌈⭐4.9 | 运动户外￥345/人 | G | 点评榜单 | 世博源购物好评榜第1名 | 服务专业贴心，自行车维修无忧 | ￥35￥40羽毛球穿线（无论何种球拍+. | 惠,ocr/input_videos\上海__世博源__20260826.mp4
OBS-000984,世博源,dyson,dyson,家用电器,3.5,3570,,rated,True,,rated,parsed,rating_anchor,0.9836,0.9995,66,10800,184.91,3.5家用电器￥3570/人 | B,dyson | 3.5家用电器￥3570/人 | B | dyson | 服务贴心，样机处理迅速,ocr/input_videos\上海__世博源__20260826.mp4
OBS-000985,世博源,迪卡侬,迪卡侬,运动户外,4.9,345,,rated,True,,rated,parsed,rating_anchor,0.9615,0.9735,61,10884,186.349,★★4.9 | 运动户外￥345/人 | G,迪卡侬 | ★★4.9 | 运动户外￥345/人 | G | 点评榜单 | 世博源购物好评榜第1名 | 服务专业贴心，车维修无忧” | ￥35￥40羽毛球穿线（无论何种球拍+. | 惠,ocr/input_videos\上海__世博源__20260826.mp4
OBS-000986,世博源,dyson,dyson,家用电器,3.5,3570,,rated,True,,rated,parsed,rating_anchor,0.9865,0.9994,62,10884,186.349,🌟🌟🌟🌟🌟 | 3.5家用电器￥3570/人 | B,dyson | 🌟🌟🌟🌟🌟 | 3.5家用电器￥3570/人 | B | dyson | 服务贴心，样机处理迅速,ocr/input_videos\上海__世博源__20260826.mp4
OBS-000987,世博源,荷灵少儿舞蹈,荷灵少儿舞蹈,舞蹈培训,3.5,,L1,rated,True,,rated,parsed,rating_anchor,0.9997,0.9998,59,10884,186.349,⭐🌟🌟3.5 | L1 | 舞蹈培训,荷灵少儿舞蹈 | ⭐🌟🌟3.5 | L1 | 舞蹈培训 | “绿植环绕，精油疗愈香香的”,ocr/input_videos\上海__世博源__20260826.mp4
OBS-000988,世博源,林清轩,林清轩,皮肤管理,3.6,157,,rated,True,,rated,parsed,rating_anchor,0.9841,0.9996,57,10884,186.349,🌟🌟🌟🌟★ | 3.6皮肤管理￥157/人 | B,林清轩 | 林清轩 | Tooe tiho | 🌟🌟🌟🌟★ | 3.6皮肤管理￥157/人 | B | 新客福利超值，兑换流程简单无套路 | 林清轩新·代美白油 | X025x·2579 | ￥41.658.5折 | ￥99深层清洁+眼部护... | 惠,ocr/input_videos\上海__世博源__20260826.mp4
OBS-000989,世博源,华为智能生活馆,华为智能生活馆,数码产品,4.8,4431,,rated,True,,rated,parsed,rating_anchor,0.9818,0.9993,52,10884,186.349,4.8数码产品￥4431/人 | B,华为智能生活馆 | 4.8数码产品￥4431/人 | B | HUAWEI | 点评榜单 | 世博源购物热门榜第7名 | 每款手机独一无，服务态度很好” | ￥9.9￥49手机贴膜|华为手机9.9享... | 惠,ocr/input_videos\上海__世博源__20260826.mp4
OBS-000990,世博源,迪卡侬,迪卡侬,运动户外,4.9,345,,rated,True,,rated,parsed,rating_anchor,0.9493,0.9581,61,10932,187.171,🌟🌟⭐⭐🌟4.9 | 运动户外￥345/人 | G,迪卡侬 | 🌟🌟⭐⭐🌟4.9 | 运动户外￥345/人 | G | 点评榜单 | 世博源购物好评榜第1名 | 服务专业贴心，自行车维修无忧 | ￥35￥40羽毛球穿线（无论何种球拍+ | 惠,ocr/input_videos\上海__世博源__20260826.mp4
OBS-000991,世博源,dyson,dyson,家用电器,3.5,3570,,rated,True,,rated,parsed,rating_anchor,0.9735,0.9991,65,10932,187.171,🌟🌟🎉🌟🌟 | 3.5家用电器￥3570/人 | B,dyson | 🌟🌟🎉🌟🌟 | 3.5家用电器￥3570/人 | B | dyson | 服务贴心，样机处理迅速”,ocr/input_videos\上海__世博源__20260826.mp4
OBS-000992,世博源,荷灵少儿舞蹈,荷灵少儿舞蹈,舞蹈培训,3.5,,L1,rated,True,,rated,parsed,rating_anchor,0.9573,0.9997,59,10932,187.171,⭐⭐3.5舞蹈培训 | L1,荷灵少儿舞蹈 | ⭐⭐3.5舞蹈培训 | L1 | “绿植环绕，精油疗愈香香的”,ocr/input_videos\上海__世博源__20260826.mp4
OBS-000993,世博源,林清轩,林清轩,皮肤管理,3.6,157,,rated,True,,rated,parsed,rating_anchor,0.9754,0.9997,58,10932,187.171,3.6皮肤管理￥157/人 | B,林清轩 | 林清轩 | T ta | 3.6皮肤管理￥157/人 | B | 家 | 新客福利超值，兑换流程简单无套路 | 《 | 林清轩新一代美白油 | 以自 | x自 | 2FX59 | ￥41.658.5折 | ￥99深层清洁+眼部护. | 惠,ocr/input_videos\上海__世博源__20260826.mp4
OBS-000994,世博源,华为智能生活馆,华为智能生活馆,数码产品,4.8,4431,,rated,True,,rated,parsed,rating_anchor,0.9807,0.9987,52,10932,187.171,4.8数码产品￥4431/人 | B,华为智能生活馆 | 4.8数码产品￥4431/人 | B | HUAWEI | 点评榜单 | 世博源购物热门榜第7名 | 每款手机独一无，服务态度很好” | “ | ￥9.9￥49手机贴膜1华为手机9.9享手... | 惠,ocr/input_videos\上海__世博源__20260826.mp4
OBS-000995,世博源,林清轩,林清轩,皮肤管理,3.6,157,,rated,True,,rated,parsed,rating_anchor,0.9762,0.9996,59,10980,187.992,3.6皮肤管理￥157/人 | B,林清轩 | 林清轩 | 3.6皮肤管理￥157/人 | B | 新客福利超值，兑换流程简单无套路 | 林请轩新一代美白油 | 75无晚元·153 | 天0 | ￥99深层清洁+眼部护.. | ￥41.658.5折 | 惠,ocr/input_videos\上海__世博源__20260826.mp4
OBS-000996,世博源,华为智能生活馆,华为智能生活馆,数码产品,4.8,4431,,rated,True,,rated,parsed,rating_anchor,0.9788,0.9997,51,10980,187.992,4.8数码产品￥4431/人 | B,华为智能生活馆 | 4.8数码产品￥4431/人 | B | HUAWEI | 点评榜单 | 世博源购物热门榜第7名 | 每款手机独一无二，服务态度很好” | ￥9.9￥49手机贴膜|华为手机9.9享手... | 惠,ocr/input_videos\上海__世博源__20260826.mp4
OBS-000997,世博源,茗知道茶馆,茗知道茶馆,茶馆,4.1,115,L1,rated,True,,rated,parsed,rating_anchor,0.9838,0.9986,55,10980,187.992,⭐🌟⭐🌟 | L1 | 4.1茶馆￥115/人 | ★,茗知道茶馆 | 食科理 | 茶常 | ⭐🌟⭐🌟 | L1 | 4.1茶馆￥115/人 | ★ | 世博园茶馆销量榜第2名 | 环境温馨诗情画意，茶正宗味很好” | ￥256￥360双人套餐 | 惠 | ￥90￥100代金券 | 惠,ocr/input_videos\上海__世博源__20260826.mp4
OBS-000998,世博源,火豹电竞,火豹电竞,网吧/电竞,3.2,50,L2,rated,True,,rated,parsed,rating_anchor,0.9687,0.9925,62,10980,187.992,3.2网吧/电竞￥50/人 | L2,火豹电竞 | 火豹电豪 | 3.2网吧/电竞￥50/人 | L2 | AYERS | ￥18.8￥49首次到店新会员149网费 | 惠,ocr/input_videos\上海__世博源__20260826.mp4
OBS-000999,世博源,sunglass fiery,sunglassfiery,眼镜店,4.9,1084,,rated,True,,rated,parsed,rating_anchor,0.9866,0.9983,63,10980,187.992,眼镜店￥1084/人 | ★★★★★ | B | 4.9,sunglass fiery | 眼镜店￥1084/人 | ★★★★★ | B | 4.9 | 点评榜单 | 世博源眼镜店好评榜第1名,ocr/input_videos\上海__世博源__20260826.mp4
OBS-001000,世博源,华为智能生活馆,华为智能生活馆,数码产品,4.8,4431,,rated,True,,rated,parsed,rating_anchor,0.9794,0.9998,51,11004,188.403,4.8数码产品￥4431/人 | B,华为智能生活馆 | 4.8数码产品￥4431/人 | B | HUAWEI | 点评榜单 | 世博源购物热门榜第7名 | 每款手机独一无二，服务态度很好 | ￥9.9￥49手机贴膜|华为手机9.9享手... | 惠,ocr/input_videos\上海__世博源__20260826.mp4
OBS-001001,世博源,茗知道茶馆,茗知道茶馆,茶馆,4.1,115,L1,rated,True,,rated,parsed,rating_anchor,0.9826,0.9987,55,11004,188.403,L1 | 🌟🌟🎉🌟 | 4.1茶馆￥115/人,茗知道茶馆 | 专新食科理 | 玉理理茶馆 | L1 | 🌟🌟🎉🌟 | 4.1茶馆￥115/人 | 世博园茶馆销量榜第2名 | 环境温馨诗情画意，茶正宗味很好” | ￥256￥360双人套餐 | 惠 | ￥90￥100代金券 | 惠,ocr/input_videos\上海__世博源__20260826.mp4
OBS-001002,世博源,火豹电竞,火豹电竞,网吧/电竞,3.2,50,L2,rated,True,,rated,parsed,rating_anchor,0.9567,0.9954,56,11004,188.403,3.2网吧/电竞￥50/人 | L2,火豹电竞 | 火豹电瓷 | 3.2网吧/电竞￥50/人 | L2 | AYERS | ￥18.8￥49首次到店新会员149网费 | 惠,ocr/input_videos\上海__世博源__20260826.mp4
OBS-001003,世博源,sunglass fiery,sunglassfiery,眼镜店,4.9,1084,,rated,True,,rated,parsed,rating_anchor,0.9699,0.9837,63,11004,188.403,🌟🌟🌟🌟🌟 | 眼镜店￥1084/人 | 4.9 | B,sunglass fiery | 🌟🌟🌟🌟🌟 | 眼镜店￥1084/人 | 4.9 | B | Sunglass Fiery | 名品限值集合店 | 点评榜单 | 世博源眼镜店好评榜第1名 | 品牌连锁值得信赖 | 路禁方投民店 | 装修现代感十足，商品丰富多样 | “ | 59 | ￥31.5 | 8.3折 | ￥99专业验光检查 | 惠,ocr/input_videos\上海__世博源__20260826.mp4
OBS-001004,世博源,sunglass fiery,sunglassfiery,眼镜店,4.9,1084,,rated,True,,rated,parsed,rating_anchor,0.9655,0.9663,68,11100,190.047,🌟🌟⭐⭐🌟 | 眼镜店￥1084/人 | 4.9 | B,sunglass fiery | 🌟🌟⭐⭐🌟 | 眼镜店￥1084/人 | 4.9 | B | Sunglass Fiery | 名品明锁集合店 | 点评榜单 | 世博源眼镜店好评榜第1名 | 品牌连锁值得信赖 | 路禁方店 | 装修现代感十足，商品丰富多样 | ￥31.5 | 8.3折 | 惠 | ￥99 | 专业验光检查,ocr/input_videos\上海__世博源__20260826.mp4
OBS-001005,世博源,网鱼电竞酒店,网鱼电竞酒店,经济型,4.5,,L2,rated,True,,rated,parsed,rating_anchor,0.9973,0.9947,52,11100,190.047,经济型 | L2 | 🌟🌟🌟🌟🌟 | 4.5,网鱼电竞酒店 | 经济型 | L2 | 🌟🌟🌟🌟🌟 | 4.5 | 中国体育彩票,ocr/input_videos\上海__世博源__20260826.mp4
OBS-001006,世博源,优衣库,优衣库,服饰鞋包,4.8,269,,rated,True,,rated,parsed,rating_anchor,0.9864,0.9994,58,11100,190.047,🌟🌟⭐🌟 | 服饰鞋包￥269/人 | G | 4.8,优衣库 | UNI | 🌟🌟⭐🌟 | 服饰鞋包￥269/人 | G | 4.8 | QLO | 点评榜单 | 上南地区服饰鞋包好评榜第1名 | 款式新颖时尚，环境干净整齐,ocr/input_videos\上海__世博源__20260826.mp4
OBS-001007,世博源,OurTennis网球俱乐部场,OurTennis网球俱乐部场,网球培训,3.2,,L2,rated,True,,rated,parsed,rating_anchor,0.9981,0.9975,51,11100,190.047,🌟🌟🌟⭐🌟 | L2 | 网球培训 | 3.2,OurTennis网球俱乐部场 | 🌟🌟🌟⭐🌟 | L2 | 网球培训 | 3.2 | OTSPRT | OTH,ocr/input_videos\上海__世博源__20260826.mp4
OBS-001008,世博源,COFC机器人咖啡亭,COFC机器人咖啡亭,智能自....,3.9,11,商场内,rated,True,,rated,parsed,rating_anchor,0.8723,0.9941,51,11100,190.047,🌟3.9 | 智能自.... | 商场内 | ￥11/人,COFC机器人咖啡亭 | CCFC+ | 🌟3.9 | 智能自.... | 商场内 | ￥11/人,ocr/input_videos\上海__世博源__20260826.mp4
OBS-001009,世博源,sunglass fiery,sunglassfiery,B,4.9,1084,,rated,True,,rated,parsed,rating_anchor,0.9933,0.9923,65,11124,190.458,🌟🌟🌟🌟🌟 | 眼镜店 | B | 4.9 | ￥1084/人,sunglass fiery | 🌟🌟🌟🌟🌟 | 眼镜店 | B | 4.9 | ￥1084/人 | Sunglass Fiery | 名品明锁集合店 | 点评榜单 | 世博源眼镜店好评榜第1名 | 值得信赖 | 品牌连锁 | 路禁动方投店 | 装修现代感十足，商品丰富多样 | 3 | ￥31.5 | 8.3折 | ￥99 | 专业验光检查 | 惠,ocr/input_videos\上海__世博源__20260826.mp4
OBS-001010,世博源,网鱼电竞酒店,网鱼电竞酒店,经济型,4.5,,L2,rated,True,,rated,parsed,rating_anchor,0.9963,0.9926,52,11124,190.458,L2 | ⭐🌟🌟🌟 | 经济型 | 4.5,网鱼电竞酒店 | L2 | ⭐🌟🌟🌟 | 经济型 | 4.5 | 中国体育彩票,ocr/input_videos\上海__世博源__20260826.mp4
OBS-001011,世博源,优衣库,优衣库,服饰鞋包,4.8,269,,rated,True,,rated,parsed,rating_anchor,0.9824,0.9995,55,11124,190.458,🌟🌟🌟🌟🌟 | 服饰鞋包￥269/人 | 4.8 | G,优衣库 | UNI | 🌟🌟🌟🌟🌟 | 服饰鞋包￥269/人 | 4.8 | G | QLO | 点评榜单 | 上南地区服饰鞋包好评榜第1名 | 款式新颖时尚，环境干净整齐,ocr/input_videos\上海__世博源__20260826.mp4
OBS-001012,世博源,OurTennis网球俱乐部场,OurTennis网球俱乐部场,网球培训,3.2,,L2,rated,True,,rated,parsed,rating_anchor,0.9982,0.9975,51,11124,190.458,⭐⭐ | L2 | ⭐⭐ | 3.2 | 网球培训,OurTennis网球俱乐部场 | ⭐⭐ | L2 | ⭐⭐ | 3.2 | 网球培训 | OT SPRT | 体参,ocr/input_videos\上海__世博源__20260826.mp4
OBS-001013,世博源,COFC机器人咖啡亭,COFC机器人咖啡亭,智能自..,3.9,11,商场内,rated,True,,rated,parsed,rating_anchor,0.945,0.9977,54,11124,190.458,🌟🌟⭐🌟🌟 | 智能自.. | 商场内 | 3.9 | ￥11/人,COFC机器人咖啡亭 | CC.C | 🌟🌟⭐🌟🌟 | 智能自.. | 商场内 | 3.9 | ￥11/人 | 机器人现座咖啡,ocr/input_videos\上海__世博源__20260826.mp4
OBS-001014,世博源,优衣库,优衣库,服饰鞋包,4.8,269,,rated,True,,rated,parsed,rating_anchor,0.9852,0.9994,58,11184,191.485,G | ⭐🌟⭐🌟🌟 | 4.8服饰鞋包￥269/人,优衣库 | UNI | G | ⭐🌟⭐🌟🌟 | 4.8服饰鞋包￥269/人 | QLO | 点评榜单 | 上南地区服饰鞋包好评榜第1名 | 款式新颖时尚，环境干净整齐,ocr/input_videos\上海__世博源__20260826.mp4
OBS-001015,世博源,OurTennis网球俱乐部场,OurTennis网球俱乐部场,网球培训,3.2,,L2,rated,True,,rated,parsed,rating_anchor,0.9958,0.9947,57,11184,191.485,🌟🌟🌟 | L2 | ⭐⭐ | 3.2网球培训,OurTennis网球俱乐部场 | 🌟🌟🌟 | L2 | ⭐⭐ | 3.2网球培训 | OT SPRT | 法的量,ocr/input_videos\上海__世博源__20260826.mp4
OBS-001016,世博源,COFC机器人咖啡亭,COFC机器人咖啡亭,智能自,3.9,11,商场内,rated,True,,rated,parsed,rating_anchor,0.9159,0.9957,54,11184,191.485,⭐⭐⭐3.9智能自 | ￥11/人商场内,COFC机器人咖啡亭 | CCFC* | ⭐⭐⭐3.9智能自 | ￥11/人商场内 | 机器人现座咖啡 | Fresh Ground Robor Care,ocr/input_videos\上海__世博源__20260826.mp4
OBS-001017,世博源,镭战大联盟真人CS·生日派对·亲...,镭战大联盟真人CS·生日派对·亲,团建拓展,4.5,152,,rated,True,,rated,parsed,rating_anchor,0.9578,0.9485,54,11184,191.485,🌟🌟⭐⭐🌟 | G | 团建拓展￥152/人 | 4.5,6184惠 | 镭战大联盟真人CS·生日派对·亲... | LSA鑫战大联盟 | 🌟🌟⭐⭐🌟 | G | 团建拓展￥152/人 | 4.5 | 2025年度 | 影响力品牌 | 浦东新区团建拓展销量榜第2名 | 室内真人CS | 场地宽敬，氛围神秘燃爆全场 | 【室内真CS】2.. | ￥280 | ￥158 | 8.5折 | 惠,ocr/input_videos\上海__世博源__20260826.mp4
OBS-001018,世博源,优衣库,优衣库,服饰鞋包,,269,,unknown,True,,ocr_missing,parsed,metadata_anchor,0.9869,0.9996,58,11208,191.896,🌟🌟🌟🌟🌟 | G | 服饰鞋包￥269/人 | 14.8,优衣库 | UNI | 🌟🌟🌟🌟🌟 | G | 服饰鞋包￥269/人 | 14.8 | QLO | 点评榜单 | 上南地区服饰鞋包好评榜第1名 | 款式新颖时尚，环境干净整齐 | 2,ocr/input_videos\上海__世博源__20260826.mp4
OBS-001019,世博源,OurTennis网球俱乐部场,OurTennis网球俱乐部场,网球培训,3.2,,L2,rated,True,,rated,parsed,rating_anchor,0.9981,0.9984,54,11208,191.896,⭐ | 3.2网球培训 | L2 | ★⭐,OurTennis网球俱乐部场 | ⭐ | 3.2网球培训 | L2 | OT SPRT | ★⭐,ocr/input_videos\上海__世博源__20260826.mp4
OBS-001020,世博源,COFC机器人咖啡亭,COFC机器人咖啡亭,智能自.,3.9,11,商场内,rated,True,,rated,parsed,rating_anchor,0.9039,0.998,54,11208,191.896,⭐⭐⭐⭐3.9 智能自. | ￥11/人商场内,COFC机器人咖啡亭 | CCrC | ⭐⭐⭐⭐3.9 智能自. | ￥11/人商场内 | 机器人现座咖啡 | Fresh Ground Robot Cate,ocr/input_videos\上海__世博源__20260826.mp4
OBS-001021,世博源,镭战大联盟真人CS·生日派对·亲...,镭战大联盟真人CS·生日派对·亲,团建拓展,4.5,152,,rated,True,,rated,parsed,rating_anchor,0.9663,0.9506,54,11208,191.896,🌟🌟🎉🎉🌟 | 4.5团建拓展￥152/人 | G,618特惠 | 镭战大联盟真人CS·生日派对·亲... | LSM罐战大联盟 | 🌟🌟🎉🎉🌟 | 4.5团建拓展￥152/人 | G | 2025年度 | 影响力品牌 | 浦东新区团建拓展销量榜第2名 | 室内真人CS | 场地宽敬，氛围神秘燃爆全场 | ￥280 | 【室内真人CS】2小.. | ￥158 | 8.5折 | 惠,ocr/input_videos\上海__世博源__20260826.mp4
OBS-001022,世博源,修合拨筋·推拿养生,修合拨筋·推拿养生,推拿养生,4.8,171,,rated,True,,rated,parsed,rating_anchor,0.9685,0.9812,53,11208,191.896,4.8推拿养生￥171/人 | G,修合拨筋·推拿养生 | 99 | 元抢 | 4.8推拿养生￥171/人 | G | 肩颈深层拨筋 | 世博园推拿养生销量榜第9名 | 专注拨筋30年 | 药香按摩，疲惫一扫而空 | “ | 37 | 6.7折 | ￥158肩颈推拿按摩30分钟.. | ￥99 | 惠,ocr/input_videos\上海__世博源__20260826.mp4
OBS-001023,世博源,优衣库,优衣库,服饰鞋包,,269,,unknown,True,,ocr_missing,parsed,metadata_anchor,0.9832,0.9995,55,11280,193.129,G | 🌟🌟🌟🌟🌟 | 服饰鞋包￥269/人 | 14.8,优衣库 | UNI | G | 🌟🌟🌟🌟🌟 | 服饰鞋包￥269/人 | 14.8 | QLO | 点评榜单 | 上南地区服饰鞋包好评榜第1名 | 款式新颖时尚，环境干净整齐 | 2,ocr/input_videos\上海__世博源__20260826.mp4
OBS-001024,世博源,OurTennis网球俱乐部场,OurTennis网球俱乐部场,网球培训,3.2,,L2,rated,True,,rated,parsed,rating_anchor,0.9983,0.9984,54,11280,193.129,🌟🌟⭐ | 3.2网球培训 | L2 | ⭐🌟,OurTennis网球俱乐部场 | 🌟🌟⭐ | 3.2网球培训 | L2 | OT SPRT | ⭐🌟 | 的,ocr/input_videos\上海__世博源__20260826.mp4
OBS-001025,世博源,COFC机器人咖啡亭,COFC机器人咖啡亭,智能自,3.9,11,商场内,rated,True,,rated,parsed,rating_anchor,0.9368,0.998,54,11280,193.129,⭐⭐⭐3.9 智能自 | ￥11/人商场内,COFC机器人咖啡亭 | CCrC+ | ⭐⭐⭐3.9 智能自 | ￥11/人商场内 | 机器人现座咖啡 | Fresh Ground Robot Cate,ocr/input_videos\上海__世博源__20260826.mp4
OBS-001026,世博源,镭战大联盟真人CS·生日派对·亲...,镭战大联盟真人CS·生日派对·亲,团建拓展,4.5,152,,rated,True,,rated,parsed,rating_anchor,0.9634,0.9497,51,11280,193.129,🌟🌟🎉🌟🌟 | 4.5团建拓展￥152/人 | G,618特惠 | 镭战大联盟真人CS·生日派对·亲... | LS罐战大联盟 | 🌟🌟🎉🌟🌟 | 4.5团建拓展￥152/人 | G | 2025年度 | 影响力品牌 | 浦东新区团建拓展销量榜第2名 | 室内真人CS | 场地宽敬，氛围神秘燃爆全场 | ￥280 | 【室内真人CS】2小. | ￥158 | 8.5折 | 惠,ocr/input_videos\上海__世博源__20260826.mp4
OBS-001027,世博源,修合拨筋·推拿养生,修合拨筋·推拿养生,推拿养生,4.8,171,,rated,True,,rated,parsed,rating_anchor,0.9677,0.9773,50,11280,193.129,4.8推拿养生￥171/人 | G,修合拨筋·推拿养生 | 99 | 元抢 | 4.8推拿养生￥171/人 | G | 肩颈深层拨筋 | 世博园推拿养生销量榜第9名 | 专注拨筋30年 | 药香按摩，疲惫一扫而空 | “ | 37 | ￥99 | 6.7折 | ￥158肩颈推拿按摩30分钟|... | 惠,ocr/input_videos\上海__世博源__20260826.mp4
OBS-001028,世博源,镭战大联盟真人CS·生日派对·亲...,镭战大联盟真人CS·生日派对·亲,团建拓展,4.5,,,rated,True,,rated,parsed,rating_anchor,0.9441,0.9303,54,11304,193.54,4.5团建拓展￥152/ | G,镭战大联盟真人CS·生日派对·亲... | 4.5团建拓展￥152/ | G | 2025年度 | 影响力品牌 | 浦东新区团建拓展销量榜第2名 | 室内真人CS | 场地宽敞，氛围神秘燃爆全场 | 中 | ￥280 | ￥1588.5折 | 【室内真人CS】2.. | 惠,ocr/input_videos\上海__世博源__20260826.mp4
OBS-001029,世博源,修合拨筋·推拿养生,修合拨筋·推拿养生,推拿养生,4.8,171,,rated,True,,rated,parsed,rating_anchor,0.9469,0.9821,54,11304,193.54,4.8推拿养生￥171/人 | G,修合拨筋·推拿养生 | 99 | 元抢 | 4.8推拿养生￥171/人 | G | 肩颈深层拨筋 | 世博园推拿养生销量榜第9名 | 专注拨筋30年 | 药香按摩，疲惫一扫而空 | “ | ￥996.7折 | ￥158肩颈推拿按摩30分钟... | 惠,ocr/input_videos\上海__世博源__20260826.mp4
OBS-001030,世博源,尹森眼镜·蔡司视觉合作店,尹森眼镜·蔡司视觉合作店,眼镜店,4.8,747,,rated,True,,rated,parsed,rating_anchor,0.9676,0.9912,56,11304,193.54,4.8眼镜店￥747/人 | B,尹森眼镜·蔡司视觉合作店 | CCESUN | 4.8眼镜店￥747/人 | B | 嘉机 | 点评榜单 | 蔡司视觉合作店 | 上南地区眼镜店好评榜第4名 | 环境高级，服务细致不推销 | ￥0.85 | 8.5折 | 惠 | ￥59维修保养更换鼻托、,ocr/input_videos\上海__世博源__20260826.mp4
OBS-001031,世博源,SuperMiniBowl云动吧室内球场,SuperMiniBowl云动吧室内球场,足球场,3.5,70,L2,rated,True,,rated,parsed,rating_anchor,0.9687,0.993,58,11304,193.54,3.5足球场￥70/人 | L2,SuperMiniBowl云动吧室内球场 | 3.5足球场￥70/人 | L2 | 上南地区球场销量榜第1名 | “场地改建后，踢球脚感更舒适,ocr/input_videos\上海__世博源__20260826.mp4
OBS-001032,世博源,ESUN,ESUN,眼镜店,3.6,,L1,rated,True,,rated,parsed,rating_anchor,0.9933,0.9947,54,11304,193.54,🌟🌟🌟🌟🌟 | 3.6眼镜店 | L1,ESUN | 🌟🌟🌟🌟🌟 | 3.6眼镜店 | L1,ocr/input_videos\上海__世博源__20260826.mp4
OBS-001033,世博源,修合拨筋·推拿养生,修合拨筋·推拿养生,推拿养生,4.8,171,,rated,True,,rated,parsed,rating_anchor,0.977,0.9808,51,11328,193.951,🌟🎉🎉🌟4.8 | 推拿养生￥171/人 | G,修合拨筋·推拿养生 | 99 | 元抢 | 🌟🎉🎉🌟4.8 | 推拿养生￥171/人 | G | 肩颈深层拨筋 | 世博园推拿养生销量榜第9名 | 专注拨筋30年 | 药香按摩，疲惫一扫而空 | “ | 7 | ￥99 | 6.7折 | 惠 | ￥158肩颈推拿按摩30分钟...,ocr/input_videos\上海__世博源__20260826.mp4
OBS-001034,世博源,尹森眼镜·蔡司视觉合作店,尹森眼镜·蔡司视觉合作店,眼镜店,4.8,747,,rated,True,,rated,parsed,rating_anchor,0.9724,0.9931,48,11328,193.951,★★★★★ | 眼镜店￥747/人 | 4.8 | B,尹森眼镜·蔡司视觉合作店 | CCESUN | ★★★★★ | 眼镜店￥747/人 | 4.8 | B | 嘉眼银 | 点评榜单 | 蔡司视觉合作店 | 上南地区眼镜店好评榜第4名 | “环境高级，服务细致不推销 | ￥0.85 | 8.5折 | ￥59 | 惠 | 维修保养更换鼻托、,ocr/input_videos\上海__世博源__20260826.mp4
OBS-001035,世博源,SuperMini Bowl云动吧室内球场,SuperMiniBowl云动吧室内球场,足球场,3.5,70,L2,rated,True,,rated,parsed,rating_anchor,0.9837,0.9717,54,11328,193.951,L2 | ★🌟🌟★🌟 | ￥70/人 | 足球场 | 3.5,SuperMini Bowl云动吧室内球场 | 趣运动 | 0 | L2 | ★🌟🌟★🌟 | ￥70/人 | 足球场 | 3.5 | 上南地区足球场销量榜第1名 | 在线订场 | 场地改建后，踢球脚感更舒适,ocr/input_videos\上海__世博源__20260826.mp4
OBS-001036,世博源,ESUN,ESUN,眼镜店,3.6,,L1,rated,True,,rated,parsed,rating_anchor,0.9968,0.9979,50,11328,193.951,🌟🌟🌟🌟🌟 | 眼镜店 | L1 | 3.6,ESUN | OOESUN | 🌟🌟🌟🌟🌟 | 眼镜店 | L1 | 3.6,ocr/input_videos\上海__世博源__20260826.mp4
OBS-001037,世博源,耀华路青少年羽毛球培训,耀华路青少年羽毛球培训,羽毛球培训,4.3,,L1,rated,True,,rated,parsed,rating_anchor,0.9987,0.9993,48,11328,193.951,🌟🌟🌟 | L1 | 羽毛球培训 | 4.3,耀华路青少年羽毛球培训 | 副 | 委力信育 | 🌟🌟🌟 | L1 | 羽毛球培训 | 4.3 | 热NoG | 开学季！ | 点评榜单 | 浦东新区羽毛球培训热门榜第8名 | 毛学培通,ocr/input_videos\上海__世博源__20260826.mp4
OBS-001038,世博源,修合拨筋·推拿养生,修合拨筋·推拿养生,推拿养生,4.8,171,,rated,True,,rated,parsed,rating_anchor,0.967,0.9795,51,11352,194.361,4.8推拿养生￥171/人 | G,99 | 修合拨筋·推拿养生 | 元抢 | 4.8推拿养生￥171/人 | G | 肩颈深层拨筋 | 世博园推拿养生销量榜第9名 | 专注拨筋30年 | 药香按摩，疲惫一扫而空 | “ | 33 | ￥99 | 6.7折 | ￥158肩颈推拿按摩30分钟.... | 惠,ocr/input_videos\上海__世博源__20260826.mp4
OBS-001039,世博源,尹森眼镜·蔡司视觉合作店,尹森眼镜·蔡司视觉合作店,眼镜店,4.8,747,,rated,True,,rated,parsed,rating_anchor,0.9711,0.9864,51,11352,194.361,4.8眼镜店￥747/人 | B,尹森眼镜·蔡司视觉合作店 | CCESUN | 4.8眼镜店￥747/人 | B | 尹嘉银 | 点评榜单 | 蔡司视觉合作店 | 上南地区眼镜店好评榜第4名 | 环境高级，服务细致不推销 | ￥0.85 | 8.5折 | 维修保养更换鼻托、…. | 惠 | ￥59,ocr/input_videos\上海__世博源__20260826.mp4
OBS-001040,世博源,SuperMini Bowl云动吧室内球场,SuperMiniBowl云动吧室内球场,足球场,3.5,70,L2,rated,True,,rated,parsed,rating_anchor,0.9635,0.981,59,11352,194.361,L2 | 🌟🌟🌟🌟🌟 | 足球场￥70/人 | 3.5,SuperMini Bowl云动吧室内球场 | 超运动 | L2 | 🌟🌟🌟🌟🌟 | 足球场￥70/人 | 3.5 | 上南地区球场销量榜第1名 | 在线订场 | 场地改建后，踢球脚感更舒适,ocr/input_videos\上海__世博源__20260826.mp4
OBS-001041,世博源,ESUN,ESUN,眼镜店,3.6,,L1,rated,True,,rated,parsed,rating_anchor,0.9473,0.997,55,11352,194.361,✨3.6眼镜店 | L1,ESUN | COESUN | ✨3.6眼镜店 | L1,ocr/input_videos\上海__世博源__20260826.mp4
OBS-001042,世博源,耀华路青少年羽毛球培训,耀华路青少年羽毛球培训,羽毛球培训,4.3,,L1,rated,True,,rated,parsed,rating_anchor,0.9986,0.999,51,11352,194.361,🌟🌟⭐ | L1 | 羽毛球培训 | 4.3,耀华路青少年羽毛球培训 | +司 | 小码 | 🌟🌟⭐ | L1 | 羽毛球培训 | 4.3 | 热NOC | 开学季！ | 点评榜单 | 浦东新区羽毛球培训热门榜第8名 | 毛学期理 | ￥9.9￥597全城6次课随心学1少儿游.. | 惠,ocr/input_videos\上海__世博源__20260826.mp4
OBS-001043,世博源,ESUN,ESUN,眼镜店,3.6,,L1,rated,True,,rated,parsed,rating_anchor,0.9024,0.9955,55,11448,196.005,⭐⭐⭐⭐⭐3.6眼镜店 | L1,ESUN | OCESUN | ⭐⭐⭐⭐⭐3.6眼镜店 | L1,ocr/input_videos\上海__世博源__20260826.mp4
OBS-001044,世博源,耀华路青少年羽毛球培训,耀华路青少年羽毛球培训,羽毛球培训,4.3,,L1,rated,True,,rated,parsed,rating_anchor,0.9987,0.9988,54,11448,196.005,🌟🌟🌟🌟 | L1 | 羽毛球培训 | 4.3,耀华路青少年羽毛球培训 | +司 | 力体 | 🌟🌟🌟🌟 | L1 | 羽毛球培训 | 4.3 | 热N6G | 开学季！ | 点评榜单 | 浦东新区羽毛球培训热门榜第8名 | 毛学期5道 | 惠 | ￥9.9￥597全城6次课随心学|少儿游..,ocr/input_videos\上海__世博源__20260826.mp4
OBS-001045,世博源,OPPO体验店,OPPO体验店,数码产品,4.9,3264,,rated,True,,rated,parsed,rating_anchor,0.9807,0.9989,54,11448,196.005,🌟🌟🎉4.9 | 数码产品￥3264/人 | B,OPPO体验店 | 🌟🌟🎉4.9 | 数码产品￥3264/人 | B | Oppo | 点评榜单 | 世博源购物好评榜第4名 | 店面设计时尚，拍照效果棒 | 5 | ““ | ￥1￥39.9120umUV固化手机膜5折券 | 惠,ocr/input_videos\上海__世博源__20260826.mp4
OBS-001046,世博源,世博88体育公园·足球·篮球·羽毛球,世博88体育公园·足球·篮球·羽毛球,羽毛球馆,4.4,48,,rated,True,,rated,parsed,rating_anchor,0.9618,0.979,54,11448,196.005,B | 4.4羽毛球馆￥48/人,世博88体育公园·足球·篮球·羽毛球 | B | 4.4羽毛球馆￥48/人 | 世博源球类运动销量榜第1名 | “场地半开放空流通好，购物便利” | ￥1008.4折 | ￥130 | 惠 | 【双休日、节假日...,ocr/input_videos\上海__世博源__20260826.mp4
OBS-001047,世博源,波司登2区,波司登2区,服饰鞋包,3.8,659,,rated,True,,rated,parsed,rating_anchor,0.9755,0.9996,56,11448,196.005,3.8服饰鞋包￥659/人 | B,波司登2区 | 3.8服饰鞋包￥659/人 | B | 波司登 | BOSIDENG | 款式新颖，店铺整洁亮堂 | “,ocr/input_videos\上海__世博源__20260826.mp4
OBS-001048,世博源,世博88体育公园·球·篮球·羽毛球,世博88体育公园·球·篮球·羽毛球,羽毛球馆,4.4,48,,rated,True,,rated,parsed,rating_anchor,0.9681,0.9719,51,11532,197.443,🌟🌟🎉⭐ | B | 4.4羽毛球馆￥48/人 | ★,世博88体育公园·球·篮球·羽毛球 | 🌟🌟🎉⭐ | B | 4.4羽毛球馆￥48/人 | ★ | 世博源球类运动销量榜第1名 | 场地半开放空流通好，购物便利” | ￥1008.4折 | ￥130 | 【双休日、节假日.. | 惠,ocr/input_videos\上海__世博源__20260826.mp4
OBS-001049,世博源,波司登2区,波司登2区,服饰鞋包,3.8,659,,rated,True,,rated,parsed,rating_anchor,0.9818,0.9997,53,11532,197.443,★★★ | 服饰鞋包￥659/人 | 3.8 | B,波司登2区 | ★★★ | 服饰鞋包￥659/人 | 3.8 | B | 波司登 | BOSIDENG | 款式新颖，店铺整洁亮堂 | J | 公,ocr/input_videos\上海__世博源__20260826.mp4
OBS-001050,世博源,小天才步步高,小天才步步高,数码产品,4.8,1504,,rated,True,,rated,parsed,rating_anchor,0.9468,0.9305,51,11532,197.443,⭐🌟🌟🌟4.8 | 数码产品￥1504/人 | B,小天才步步高 | ⭐🌟🌟🌟4.8 | 数码产品￥1504/人 | B | 蓝绿色特别好看，店员服务贴心 | “ | AATAE 20 | 惠￥1￥500 | 【国补专享】天才步步国..,ocr/input_videos\上海__世博源__20260826.mp4
OBS-001051,世博源,盒马鲜生,盒马鲜生,超市便利,,119,,unknown,True,,ocr_missing,parsed,metadata_anchor,0.9792,0.9994,53,11532,197.443,★🌟★★★ | 超市便利￥119/人 | 14.9 | G,盒马鲜生 | 盒马 | ★🌟★★★ | 超市便利￥119/人 | 14.9 | G | 点评镑单 | 上南地区超市便利热门榜第1名 | 五谷杂粮米烧粥，养生又美味 | ≤,ocr/input_videos\上海__世博源__20260826.mp4
OBS-001052,世博源,蕾特恩专业祛痘国际连锁,蕾特恩专业祛痘国际连锁,皮肤管理,3.4,241,,rated,True,,rated,parsed,rating_anchor,0.9628,0.9983,53,11532,197.443,★3.4皮肤管理￥241/人 | G,蕾特恩专业祛痘国际连锁 | 特源专业社店 | 468*城 | ★3.4皮肤管理￥241/人 | G | 1700店 | 清理黑头效果好，离世博园近很方便 | “祛痘×祛痘印 | 我选「蕾特恩」 | ￥143.6折 | 惠 | ￥198脸颊痘肌护理局部祛,ocr/input_videos\上海__世博源__20260826.mp4
OBS-001053,世博源,世博88体育公园·足球·篮球·羽毛球,世博88体育公园·足球·篮球·羽毛球,羽毛球馆,4.4,48,,rated,True,,rated,parsed,rating_anchor,0.9662,0.9636,50,11544,197.649,🌟🌟🌟🌟 | 4.4羽毛球馆￥48/人 | B,世博88体育公园·足球·篮球·羽毛球 | 🌟🌟🌟🌟 | 4.4羽毛球馆￥48/人 | B | 世博源球类运动销量榜第1名 | 场地半开放空气流通好，购物便利 | ￥1008.4折 | ￥130 | 惠 | 【双休日、节假日...,ocr/input_videos\上海__世博源__20260826.mp4
OBS-001054,世博源,波司登2区,波司登2区,服饰鞋包,3.8,659,,rated,True,,rated,parsed,rating_anchor,0.9891,0.9997,53,11544,197.649,🌟🌟🌟🌟🌟 | 3.8服饰鞋包￥659/人 | B,波司登2区 | 🌟🌟🌟🌟🌟 | 3.8服饰鞋包￥659/人 | B | 波司登 | BOSIDENG | 款式新颖，店铺整洁亮堂,ocr/input_videos\上海__世博源__20260826.mp4
OBS-001055,世博源,小天才步步高,小天才步步高,数码产品,4.8,1504,,rated,True,,rated,parsed,rating_anchor,0.9786,0.9972,52,11544,197.649,🌟🌟🎉🎉🎉4.8 | 数码产品￥1504/人 | B,小天才步步高 | 🌟🌟🎉🎉🎉4.8 | 数码产品￥1504/人 | B | 蓝绿色特别好看，店员服务贴心 | 5 | 2 | 中名 | 惠￥1￥500 | 【国补专享】小天才步步高国..,ocr/input_videos\上海__世博源__20260826.mp4
OBS-001056,世博源,盒马鲜生,盒马鲜生,超市便利,4.9,119,,rated,True,,rated,parsed,rating_anchor,0.9839,0.9997,53,11544,197.649,🌟⭐4.9 | G | 超市便利￥119/人,盒马鲜生 | 盒马 | 🌟⭐4.9 | G | 超市便利￥119/人 | 点评榜单 | 上南地区超市便利热门榜第1名 | 五谷杂粮米烧粥，养生又美味 | “,ocr/input_videos\上海__世博源__20260826.mp4
OBS-001057,世博源,蕾特恩专业祛痘国际连锁,蕾特恩专业祛痘国际连锁,皮肤管理,3.4,241,,rated,True,,rated,parsed,rating_anchor,0.9824,0.995,51,11544,197.649,🌟🌟🌟 | 3.4皮肤管理￥241/人 | G | ★★,蕾特恩专业祛痘国际连锁 | 区专业室 | 468* | 🌟🌟🌟 | 3.4皮肤管理￥241/人 | G | ★★ | 1700*店 | 清理黑头效果好，离世博园近很方便 | 祛痘×祛痘印 | 我选「蕾特恩」 | 3.6折 | ￥198脸颊痘肌护理|局部祛... | 惠 | ￥14,ocr/input_videos\上海__世博源__20260826.mp4
OBS-001058,世博源,盒马鲜生,盒马鲜生,超市便利,4.9,119,,rated,True,,rated,parsed,rating_anchor,0.9818,0.9992,52,11592,198.471,★★★★★4.9 | G | 超市便利￥119/人,盒马鲜生 | 盒马 | ★★★★★4.9 | G | 超市便利￥119/人 | 点评榜单 | 上南地区超市便利热门榜第1名 | 五谷杂粮米烧粥，养生又美味 | ≤,ocr/input_videos\上海__世博源__20260826.mp4
OBS-001059,世博源,蕾特恩专业祛痘国际连锁,蕾特恩专业祛痘国际连锁,皮肤管理,3.4,241,,rated,True,,rated,parsed,rating_anchor,0.9734,0.9931,53,11592,198.471,3.4皮肤管理￥241/人 | G,蕾特恩专业祛痘国际连锁 | 防祥源专卖社店 | 468练 | -9 | 3.4皮肤管理￥241/人 | G | 1700店 | 清理黑头效果好，离世博园近很方便 | “祛痘×祛痘印 | 我选「蕾特恩」 | ￥143.6折 | ￥198脸颊痘肌护理局部祛... | 惠,ocr/input_videos\上海__世博源__20260826.mp4
OBS-001060,世博源,超越体能儿童运动馆,超越体能儿童运动馆,体适能培训,4.7,,,rated,True,,rated,parsed,rating_anchor,0.9691,0.9985,48,11592,198.471,★4.7体适能培训 | G,超越体能儿童运动馆 | ★4.7体适能培训 | G | 点评榜单 | 世博源运动培训好评榜第2名 | 教室外面就是小草地，教练亲和力强 | ￥9.9￥388 | 惠 | 【体验课一节】体适能,ocr/input_videos\上海__世博源__20260826.mp4
OBS-001061,世博源,怡泰SPA·泰疗按摩,怡泰SPA·泰疗按摩,精油SPA,,174,L1,new_store,False,new_store,ocr_missing,parsed,metadata_anchor,0.9703,0.9881,51,11592,198.471,新店 | L1 | 精油SPA￥174/人,怡泰SPA·泰疗按摩 | 怡泰SPA | 热0基老拉费 | 新店开业 | 新店 | L1 | 精油SPA￥174/人 | 超值优惠 | 世博源按摩/足疗销量榜第1名 | 年度联响力品牌 | ￥289￥529 | 【新店开业】泰香宁|深... | 惠,ocr/input_videos\上海__世博源__20260826.mp4
OBS-001062,世博源,汉书童艺术中心,汉书童艺术中心,美术,4.6,3370,L1,rated,True,,rated,parsed,rating_anchor,0.9757,0.9989,54,11592,198.471,4.6美术￥3370/人 | L1,汉书童艺术中心 | 4.6美术￥3370/人 | L1 | 暑假预约抢定,ocr/input_videos\上海__世博源__20260826.mp4
OBS-001063,世博源,盒马鲜生,盒马鲜生,超市便利,4.9,119,,rated,True,,rated,parsed,rating_anchor,0.9822,0.9996,53,11616,198.882,🌟⭐4.9 | G | 超市便利￥119/人,盒马鲜生 | 盒马 | 🌟⭐4.9 | G | 超市便利￥119/人 | 点评榜单 | 上南地区超市便利热门榜第1名 | 五谷杂粮米烧粥，养生又美味”,ocr/input_videos\上海__世博源__20260826.mp4
OBS-001064,世博源,蕾特恩专业祛痘国际连锁,蕾特恩专业祛痘国际连锁,皮肤管理,3.4,241,,rated,True,,rated,parsed,rating_anchor,0.9805,0.9989,48,11616,198.882,3.4皮肤管理￥241/人 | G,蕾特恩专业祛痘国际连锁 | 区专业室 | 468* | 3.4皮肤管理￥241/人 | G | 1700*店 | 清理黑头效果好，离世博园近很方便 | “祛痘×祛痘印 | 我选「蕾特恩」 | ￥143.6折 | ￥198脸颊痘肌护理局部祛.... | 惠,ocr/input_videos\上海__世博源__20260826.mp4
OBS-001065,世博源,超越体能儿童运动馆,超越体能儿童运动馆,体适能培训,4.7,,,rated,True,,rated,parsed,rating_anchor,0.9461,0.9992,51,11616,198.882,⭐🌟4.7体适能培训 | G,超越体能儿童运动馆 | 超越 | ⭐🌟4.7体适能培训 | G | 海活出热地用行插进产外 | 点评榜单 | 世博源运动培训好评榜第2名 | 体能 | 教室外面就是小草地，教练亲和力强 | “ | 5 | ￥9.9￥388 | 惠 | 【体验课一节】体适能,ocr/input_videos\上海__世博源__20260826.mp4
OBS-001066,世博源,怡泰SPA·泰疗按摩,怡泰SPA·泰疗按摩,精油SPA,,174,L1,new_store,False,new_store,ocr_missing,parsed,metadata_anchor,0.9804,0.9912,48,11616,198.882,新店 | L1 | 精油SPA￥174/人,怡泰SPA·泰疗按摩 | 怡泰SPA | 心欢型拉热 | 新店开业 | 新店 | L1 | 精油SPA￥174/人 | 超值优惠 | 世博源按摩/足疗销量榜第1名 | 年虚影响力品牌 | ￥289￥529 | 【新店开业】泰香宁|深... | 惠,ocr/input_videos\上海__世博源__20260826.mp4
OBS-001067,世博源,汉书童艺术中心,汉书童艺术中心,美术,4.6,3370,L1,rated,True,,rated,parsed,rating_anchor,0.9754,0.9992,53,11616,198.882,4.6美术￥3370/人 | L1,汉书童艺术中心 | 4.6美术￥3370/人 | L1 | 暑假预约抢定 | ￥39￥560 | 惠 | 【启蒙特惠】漫画课·艺术..,ocr/input_videos\上海__世博源__20260826.mp4
OBS-001068,世博源,盒马鲜生,盒马鲜生,超市便利,,119,,unknown,True,,ocr_missing,parsed,metadata_anchor,0.9853,0.9996,53,11640,199.292,G | 🌟🌟🌟🌟🌟 | 超市便利￥119/人 | 14.9,盒马鲜生 | 盒马 | G | 🌟🌟🌟🌟🌟 | 超市便利￥119/人 | 14.9 | 点评榜单 | 上南地区超市便利热门榜第1名 | 五谷杂粮米烧粥，养生又美味 | “,ocr/input_videos\上海__世博源__20260826.mp4
OBS-001069,世博源,蕾特恩专业祛痘国际连锁,蕾特恩专业祛痘国际连锁,皮肤管理,3.4,241,,rated,True,,rated,parsed,rating_anchor,0.9847,0.9981,51,11640,199.292,🌟🌟⭐🌟🌟 | G | 3.4皮肤管理￥241/人,蕾特恩专业祛痘国际连锁 | 特网专卖 | 468 | 🌟🌟⭐🌟🌟 | G | 3.4皮肤管理￥241/人 | 1700店 | 清理黑头效果好，离世博园近很方便 | “祛痘×祛痘印 | 我选「蕾特恩」 | ￥143.6折 | ￥198脸颊痘肌护理局部祛. | 惠,ocr/input_videos\上海__世博源__20260826.mp4
OBS-001070,世博源,超越体能儿童运动馆,超越体能儿童运动馆,体适能培训,4.7,,,rated,True,,rated,parsed,rating_anchor,0.9946,0.9996,54,11640,199.292,4.7体适能培训 | G,超越体能儿童运动馆 | 超越 | 4.7体适能培训 | G | 建酒出 热行 福强 户外 | 点评榜单 | 体能 | 世博源运动培训好评榜第2名 | 教室外面就是小草地，教练亲和力强 | 惠 | ￥9.9￥388 | 【体验课一节】体适能,ocr/input_videos\上海__世博源__20260826.mp4
OBS-001071,世博源,怡泰SPA·泰疗按摩,怡泰SPA·泰疗按摩,精油SPA,,174,L1,new_store,False,new_store,ocr_missing,parsed,metadata_anchor,0.9805,0.9916,54,11640,199.292,新店 | L1 | 精油SPA￥174/人,怡泰SPA·泰疗按摩 | 怡泰SPA | 心鱼 | 新店开业 | 新店 | L1 | 精油SPA￥174/人 | 超值优惠 | 世博源按摩/足疗销量榜第1名 | 年度影响力品牌 | ￥289￥529 | 【新店开业】泰香宁|深... | 惠,ocr/input_videos\上海__世博源__20260826.mp4
OBS-001072,世博源,汉书童艺术中心,汉书童艺术中心,美术,4.6,3370,L1,rated,True,,rated,parsed,rating_anchor,0.9805,0.9994,55,11640,199.292,🌟🌟🌟🌟 | L1 | 4.6美术￥3370/人,汉书童艺术中心 | 汉书童艺术 | 🌟🌟🌟🌟 | L1 | 4.6美术￥3370/人 | 暑假预约抢定 | ￥39￥560 | 惠 | 【启蒙特惠】漫画课·艺术..,ocr/input_videos\上海__世博源__20260826.mp4
OBS-001073,世博源,超越体能儿童运动馆,超越体能儿童运动馆,体适能培训,4.7,,,rated,True,,rated,parsed,rating_anchor,0.9906,0.9986,54,11688,200.114,4.7体适能培训 | G,超越体能儿童运动馆 | 超越 | 4.7体适能培训 | G | 油酒菜地行理户外 | 点评榜单 | 世博源运动培训好评榜第2名 | 体能 | 教室外面就是小草地，教练亲和力强 | “ | 1 | ￥9.9￥388 | 【体验课一节】体适能 | 惠,ocr/input_videos\上海__世博源__20260826.mp4
OBS-001074,世博源,怡泰SPA·泰疗按摩,怡泰SPA·泰疗按摩,精油SPA,,174,L1,new_store,False,new_store,ocr_missing,parsed,metadata_anchor,0.9692,0.9864,51,11688,200.114,新店 | 精油SPA￥174/人 | L1,怡泰SPA·泰疗按摩 | 怡泰SPA | 水拉 | 新店开业 | 新店 | 精油SPA￥174/人 | L1 | 超值优惠 | 世博源按摩/足疗销量榜第1名 | 年度影响力品牌 | ￥289￥529 | 【新店开业】泰香宁|深.. | 惠,ocr/input_videos\上海__世博源__20260826.mp4
OBS-001075,世博源,汉书童艺术中心,汉书童艺术中心,美术,4.6,3370,L1,rated,True,,rated,parsed,rating_anchor,0.963,0.9987,56,11688,200.114,4.6美术￥3370/人 | L1,汉书童艺术中心 | 汉书童艺术 | 4.6美术￥3370/人 | L1 | 暑假预约抢定 | ￥39￥560 | 惠 | 【启蒙特惠】漫画课·艺术..,ocr/input_videos\上海__世博源__20260826.mp4
OBS-001076,世博源,吉吉靓甲美睫,吉吉靓甲美睫,美甲,4.5,227,L1,rated,True,,rated,parsed,rating_anchor,0.9583,0.9956,55,11688,200.114,L1 | 4.5美甲￥227/人,吉吉靓甲美睫 | 享7.8折 | 单项 | 双项 | 享6.8折 | L1 | 4.5美甲￥227/人 | 三项 | 事5.8折 | 持98权益会员 | 点评榜单 | 上南地区美甲美睫热门榜第4名 | 美甲198元起糖毛298元起 | ￥69.9￥168吉〖护理1精致修甲〗或.. | 惠,ocr/input_videos\上海__世博源__20260826.mp4
OBS-001077,世博源,好特卖HotMaxx,好特卖HotMaxx,超市便利,4.8,39,,rated,True,,rated,parsed,rating_anchor,0.968,0.9868,56,11688,200.114,4.8超市便利￥39/人 | B,好特卖HotMaxx | 4.8超市便利￥39/人 | B | 点评榜单 | 世博源购物热门榜第4名 | “配料表很净 | 参饮品合好喝吗？ | 3,ocr/input_videos\上海__世博源__20260826.mp4
OBS-001078,世博源,怡泰SPA·泰疗按摩,怡泰SPA·泰疗按摩,精油SPA,,174,L1,new_store,False,new_store,ocr_missing,parsed,metadata_anchor,0.978,0.9911,51,11724,200.731,新店 | L1 | 精油SPA￥174/人,怡泰SPA·泰疗按摩 | 怡泰SPA | 0拉 | 新店开业 | 新店 | L1 | 精油SPA￥174/人 | 超值优惠 | 世博源按摩/足疗销量榜第1名 | 年度影响力品牌 | 惠￥289￥529 | 【新店开业】泰香宁|深...,ocr/input_videos\上海__世博源__20260826.mp4
OBS-001079,世博源,汉书童艺术中心,汉书童艺术中心,美术,4.6,3370,L1,rated,True,,rated,parsed,rating_anchor,0.9803,0.9994,54,11724,200.731,4.6美术￥3370/人 | L1,汉书童艺术中心 | 4.6美术￥3370/人 | L1 | 暑假预约抢定 | ￥39￥560 | 惠 | 【启蒙特惠】漫画课·艺术...,ocr/input_videos\上海__世博源__20260826.mp4
OBS-001080,世博源,吉吉靓甲美睫,吉吉靓甲美睫,美甲,4.5,227,L1,rated,True,,rated,parsed,rating_anchor,0.9763,0.9883,55,11724,200.731,🌟🌟⭐⭐🌟 | 4.5美甲￥227/人 | L1,吉吉靓甲美睫 | 享7.8折 | 单项 | 享6.8折 | 双项 | 🌟🌟⭐⭐🌟 | 4.5美甲￥227/人 | L1 | 三项 | 享5.8折 | 持98权益会员 | 点评榜单 | 上南地区美甲美睫热门榜第4名 | 美甲198元起时毛298元起 | ￥69.9￥168吉〖护理1精致修甲〗或.. | 惠,ocr/input_videos\上海__世博源__20260826.mp4
OBS-001081,世博源,好特卖HotMaxx,好特卖HotMaxx,超市便利,4.8,39,,rated,True,,rated,parsed,rating_anchor,0.953,0.9934,52,11724,200.731,⭐4.8超市便利￥39/人 | B,"好特卖HotMaxx | ⭐4.8超市便利￥39/人 | B | 好特卖 | 点评榜单 | 世博源购物热门榜第4名 | HotMax | "" | 配料表很干净，参饮品会好喝吗？ | “",ocr/input_videos\上海__世博源__20260826.mp4
OBS-001082,世博源,沪花拾者,沪花拾者,花店,4.5,161,,rated,True,,rated,parsed,rating_anchor,0.9687,0.9982,57,11724,200.731,4.5花店￥161/人 | B,沪花拾者 | 4.5花店￥161/人 | B | 鲜花绿植齐全，地铁站旁超方便 | S | 全成可配送地加活备 | 惠 | ￥149￥288 | 【繁花梦境】粉玫瑰桔梗..,ocr/input_videos\上海__世博源__20260826.mp4
OBS-001083,世博源,吉吉靓甲美睫,吉吉靓甲美睫,美甲,4.5,227,L1,rated,True,,rated,parsed,rating_anchor,0.9443,0.945,52,11796,201.963,L1 | 4.5美甲￥227/人,吉吉靓甲美睫 | 单项 | 享7.8折 | 双项享6.8折 | L1 | 4.5美甲￥227/人 | 享5.8折 | 三项 | 持98权益会员 | 点评榜单 | 上南地区美甲美睫热门榜第4名 | 美甲198元起睫毛298元起 | 温馨舒适，美甲师法娴熟 | ￥69.9￥168吉〖护理1精致修甲〗或... | 惠,ocr/input_videos\上海__世博源__20260826.mp4
OBS-001084,世博源,好特卖HotMaxx,好特卖HotMaxx,超市便利,4.8,39,,rated,True,,rated,parsed,rating_anchor,0.9718,0.9895,51,11796,201.963,4.8超市便利￥39/人 | B,好特卖HotMaxx | 4.8超市便利￥39/人 | B | 好特卖 | 点评榜单 | 世博源购物热门榜第4名 | HotMax | 配料表很净，参饮品会好喝吗？ | 53,ocr/input_videos\上海__世博源__20260826.mp4
OBS-001085,世博源,沪花拾者,沪花拾者,花店,4.5,161,,rated,True,,rated,parsed,rating_anchor,0.9703,0.9983,59,11796,201.963,4.5花店￥161/人 | B,沪花拾者 | 4.5花店￥161/人 | B | 鲜花绿植齐全，地铁站旁超方便 | 全城可配送地如精格肤 | 惠￥149￥288 | 【繁花梦境】粉玫瑰桔梗..,ocr/input_videos\上海__世博源__20260826.mp4
OBS-001086,世博源,丝域养发馆,丝域养发馆,养发,4.0,162,L1,rated,True,,rated,parsed,rating_anchor,0.9819,0.9988,60,11796,201.963,🌟🌟🌟🌟 | 4.0养发￥162/人 | L1 | ★,丝域养发馆 | AAIRLOGY | 🌟🌟🌟🌟 | 4.0养发￥162/人 | L1 | ★ | “环境特别好，美发师手法细致” | 2 | 养好发故自己 | ￥1734.8折 | ￥458 | 惠 | 【头疗放松】水漾/...,ocr/input_videos\上海__世博源__20260826.mp4
OBS-001087,世博源,荷灵普拉提·瑜伽,荷灵普拉提·瑜伽,瑜伽,4.5,198,L1,rated,True,,rated,parsed,rating_anchor,0.9529,0.9808,52,11796,201.963,4.5瑜伽￥198/人 | L1,荷灵普拉提·瑜伽 | 4.5瑜伽￥198/人 | L1 | 颂钵疗，身放松的奇迹” | ￥228￥899明星普拉提大器械Vip私教.. | 惠,ocr/input_videos\上海__世博源__20260826.mp4
OBS-001088,世博源,好特卖HotMaxx,好特卖HotMaxx,超市便利,4.8,39,,rated,True,,rated,parsed,rating_anchor,0.9744,0.9954,51,11820,202.374,4.8超市便利￥39/人 | B,好特卖HotMaxx | 4.8超市便利￥39/人 | B | 好特卖 | 点评榜单 | 世博源购物热门榜第4名 | HotMax | 配料表很干净，人参饮品会好喝吗? | 33 | “,ocr/input_videos\上海__世博源__20260826.mp4
OBS-001089,世博源,沪花拾者,沪花拾者,花店,4.5,161,,rated,True,,rated,parsed,rating_anchor,0.9758,0.9984,57,11820,202.374,4.5花店￥161/人 | B,沪花拾者 | 4.5花店￥161/人 | B | 鲜花绿植齐全，地铁站旁超方便 | 2 | 全诚可配送地和清备肤 | ￥149￥288 | 惠 | 【繁花梦境】粉玫瑰桔梗..,ocr/input_videos\上海__世博源__20260826.mp4
OBS-001090,世博源,丝域养发馆,丝域养发馆,养发,4.0,162,L1,rated,True,,rated,parsed,rating_anchor,0.9627,0.9996,58,11820,202.374,L1 | 🌟🌟⭐⭐ | 4.0养发￥162/人 | ★,丝域养发馆 | AAIRLOGY | L1 | 🌟🌟⭐⭐ | 4.0养发￥162/人 | ★ | 环境特别好，美发师手法细致” | 丝 | 养好发故自己 | ￥458 | ￥1734.8折 | 【头疗放松】水漾/. | 惠,ocr/input_videos\上海__世博源__20260826.mp4
OBS-001091,世博源,荷灵普拉提·瑜伽,荷灵普拉提·瑜伽,瑜伽,4.5,198,L1,rated,True,,rated,parsed,rating_anchor,0.9564,0.9861,51,11820,202.374,L1 | ⭐4.5瑜伽￥198/人,荷灵普拉提·瑜伽 | 海 | L1 | ⭐4.5瑜伽￥198/人 | 年龄成谜 | 颂钵音疗，身心放松的奇迹 | 身材无敌 | ￥228￥899明星普拉提大器械Vip私教... | 惠,ocr/input_videos\上海__世博源__20260826.mp4
OBS-001092,世博源,NRG自助健身俱乐部,NRG自助健身俱乐部,私教工作室,4.2,1527,,rated,True,,rated,parsed,rating_anchor,0.9825,0.984,51,11820,202.374,🌟🌟⭐⭐ | 4.2私教工作室￥1527/人 | G | ★,NRG自助健身俱乐部 | tett | 天 | 🌟🌟⭐⭐ | 4.2私教工作室￥1527/人 | NRGII | G | ★ | ENERGY FITNESS | 世博源健身中心销量榜第2名 | 超10万会员法择 | 健身塑型效果好，网红打卡地 | 500私教体验课程对 | 東 | 5O | 68折,ocr/input_videos\上海__世博源__20260826.mp4
OBS-001093,世博源,丝域养发馆,丝域养发馆,养发,4.0,162,L1,rated,True,,rated,parsed,rating_anchor,0.9851,0.9995,57,11904,203.812,★★★★★ | L1 | 4.0养发￥162/人,丝域养发馆 | AAIRLOGY | ★★★★★ | L1 | 4.0养发￥162/人 | 环境特别好，美发师手法细致” | 22 | 养好发做自己 | 惠￥1734.8折 | ￥458 | 【头疗放松】水漾/..,ocr/input_videos\上海__世博源__20260826.mp4
OBS-001094,世博源,荷灵普拉提·瑜伽,荷灵普拉提·瑜伽,瑜伽,4.5,198,L1,rated,True,,rated,parsed,rating_anchor,0.959,0.9762,52,11904,203.812,4.5瑜伽￥198/人 | L1,荷灵普拉提·瑜伽 | 樂 | Ecctiveness | 4.5瑜伽￥198/人 | L1 | 年龄成谜 | “颂钵音疗，身心放松的奇迹” | 身材无敌 | ￥228￥899明星普拉提大器械Vip私教... | 惠,ocr/input_videos\上海__世博源__20260826.mp4
OBS-001095,世博源,NRG 自助健身俱乐部,NRG自助健身俱乐部,私教工作室,4.2,1527,,rated,True,,rated,parsed,rating_anchor,0.962,0.9549,56,11904,203.812,★★★★★ | 4.2私教工作室￥1527/人 | G,NRG 自助健身俱乐部 | ★★★★★ | 4.2私教工作室￥1527/人 | G | +HNRGI | ENERGY FITNESS | 世博源健身中心销量榜第2名 | 超10万会员选择 | 健身塑型效果好，网红打卡地 | ￥59 | ￥500私教体验课程|一对.. | 6.8折 | 惠,ocr/input_videos\上海__世博源__20260826.mp4
OBS-001096,世博源,博毅华跆拳道,博毅华跆拳道,跆拳道培训,4.4,,L1,rated,True,,rated,parsed,rating_anchor,0.9991,0.9996,55,11904,203.812,L1 | 🌟🌟🎉🎉 | 4.4跆拳道培训 | ★,博毅华跆拳道 | L1 | 🌟🌟🎉🎉 | 4.4跆拳道培训 | ★ | 身着道服眼神坚定，跆拳道锻炼活力满满 | 15:00营业 | ￥9.9￥250幼儿跆拳道体验课 | 惠,ocr/input_videos\上海__世博源__20260826.mp4
OBS-001097,世博源,丝域养发馆,丝域养发馆,养发,4.0,162,L1,rated,True,,rated,parsed,rating_anchor,0.9858,0.9989,55,11976,205.045,🌟🌟🌟💥 | L1 | 4.0养发￥162/人 | ★,AAIRCALOGY | 丝域养发馆 | 🌟🌟🌟💥 | L1 | 4.0养发￥162/人 | ★ | 环境特别好，美发师手法细致 | 22 | 养好发做白己 | ￥458 | ￥1734.8折 | 【头疗放松】水漾/... | 惠,ocr/input_videos\上海__世博源__20260826.mp4
OBS-001098,世博源,荷灵普拉提·瑜伽,荷灵普拉提·瑜伽,瑜伽,4.5,198,L1,rated,True,,rated,parsed,rating_anchor,0.9468,0.9755,52,11976,205.045,4.5瑜伽￥198/人 | L1,荷灵普拉提·瑜伽 | 樂 | Efcchiveness | 4.5瑜伽￥198/人 | L1 | 年龄成谜 | “颂钵音疗，身心放松的奇迹” | 身材无敌 | 惠 | ￥228￥899日 | 明星普拉提大器械Vip私教....,ocr/input_videos\上海__世博源__20260826.mp4
OBS-001099,世博源,NRG 自助健身俱乐部,NRG自助健身俱乐部,私教工作室,4.2,1527,,rated,True,,rated,parsed,rating_anchor,0.9645,0.9542,51,11976,205.045,★★★★★ | 4.2私教工作室￥1527/人 | G,NRG 自助健身俱乐部 | ★★★★★ | 4.2私教工作室￥1527/人 | G | NRGII | ENERGY FITNESS | 世博源健身中心销量榜第2名 | 超10万会员选择 | 健身塑型效果好，网红打卡地 | ￥59 | ￥500私教体验课程一一对... | 6.8折 | 惠,ocr/input_videos\上海__世博源__20260826.mp4
OBS-001100,世博源,博毅华跆拳道,博毅华跆拳道,跆拳道培训,4.4,,L1,rated,True,,rated,parsed,rating_anchor,0.9983,0.9995,57,11976,205.045,L1 | 🌟🌟🌟🌟🌟 | 4.4跆拳道培训,博毅华跆拳道 | L1 | 🌟🌟🌟🌟🌟 | 4.4跆拳道培训 | 身着道服眼神坚定，跆拳道锻炼活力满满 | 15:00营业 | ￥9.9￥250幼儿跆拳道体验课 | 惠,ocr/input_videos\上海__世博源__20260826.mp4
OBS-001101,世博源,NRG自助健身俱乐部,NRG自助健身俱乐部,私教工作室,4.2,1527,,rated,True,,rated,parsed,rating_anchor,0.9981,0.9971,48,12000,205.456,🌟🌟🌟🌈 | 4.2私教工作室 | ￥1527/人 | G,NRG自助健身俱乐部 | 1 | NRGII | 🌟🌟🌟🌈 | 4.2私教工作室 | ￥1527/人 | G | ENERGY FITNESS | 世博源健身中心销量榜第2名 | 超10 | 万会员选择 | 健身塑型效果好，网红打卡地 | 止 | 中 | ￥596.8折 | 惠 | ￥500私教体验课程一一对...,ocr/input_videos\上海__世博源__20260826.mp4
OBS-001102,世博源,博毅华跆拳道,博毅华跆拳道,跆拳道培训,4.4,,L1,rated,True,,rated,parsed,rating_anchor,0.9989,0.9993,51,12000,205.456,🌟🌟🌟⭐🌟 | L1 | 跆拳道培训 | 4.4,博毅华跆拳道 | 特股净迎泰道 | 🌟🌟🌟⭐🌟 | L1 | 跆拳道培训 | 4.4 | 身着道服眼神坚定，跆拳道锻炼活力满满 | 15:00营业 | ￥9.9￥250幼儿跆拳道体验课 | 惠,ocr/input_videos\上海__世博源__20260826.mp4
OBS-001103,世博源,喜士多,喜士多,超市便利,3.5,27,L1,rated,True,,rated,parsed,rating_anchor,0.9847,0.9984,61,12000,205.456,🌟🌟🌟🌟🌟 | L1 | 3.5超市便利￥27/人,喜士多 | 🌟🌟🌟🌟🌟 | L1 | 3.5超市便利￥27/人 | 点评榜单 | 上南地区超市便利热门榜第8名 | 服务态度好，环境干净 | 5,ocr/input_videos\上海__世博源__20260826.mp4
OBS-001104,世博源,扑扑鲸亲子游泳·早教中心,扑扑鲸亲子游泳·早教中心,游泳培训,4.6,389,L2,rated,True,,rated,parsed,rating_anchor,0.9696,0.9788,48,12000,205.456,🌟🌟🌟⭐🌟 | L2 | 游泳培训￥389/人 | 4.6,扑扑鲸亲子游泳·早教中心 | 游出自店 | 赢在未来 | 🌟🌟🌟⭐🌟 | L2 | 游泳培训￥389/人 | 4.6 | 点评榜单 | 世博源运动培训好评榜第3名 | 温馨氛围舒适，教练专业有爱 | “ | 直营山店 | ￥388￥598游泳体验课（通用） | 惠,ocr/input_videos\上海__世博源__20260826.mp4
OBS-001105,世博源,诗碧曼黑发防脱发养发馆,诗碧曼黑发防脱发养发馆,养发,3.4,111,,rated,True,,rated,parsed,rating_anchor,0.9624,0.981,48,12000,205.456,3.4养发￥111/人 | B,诗碧曼黑发防脱发养发馆 | 诗碧曼 | ® | 3.4养发￥111/人 | B | Sipimo | 头皮洗得很干净，环境干净整洁 | 1 | 白发盼脱发,ocr/input_videos\上海__世博源__20260826.mp4
OBS-001106,世博源,NRG自助健身俱乐部,NRG自助健身俱乐部,私教工作室,4.2,1527,,rated,True,,rated,parsed,rating_anchor,0.9853,0.9914,50,12024,205.867,★★★★★ | G | 4.2私教工作室￥1527/人,NRG自助健身俱乐部 | ★★★★★ | G | HNRGII | 4.2私教工作室￥1527/人 | ENERGY FITNESS | 世博源健身中心销量榜第2名 | 超10万会员选择 | 健身塑型效果好，网红打卡地 | S | T | 大 | ￥59 | 6.8折 | ￥500私教体验课程|一对... | 惠,ocr/input_videos\上海__世博源__20260826.mp4
OBS-001107,世博源,博毅华跆拳道,博毅华跆拳道,跆拳道培训,4.4,,L1,rated,True,,rated,parsed,rating_anchor,0.9986,0.9995,51,12024,205.867,⭐🌟⭐⭐🌟 | L1 | 4.4跆拳道培训,博毅华跆拳道 | 荷批护迎委道 | ⭐🌟⭐⭐🌟 | L1 | 4.4跆拳道培训 | 身着道服眼神坚定，跆拳道锻炼活力满满 | F | 15:00营业 | 惠 | ￥9.9￥250幼儿跆拳道体验课,ocr/input_videos\上海__世博源__20260826.mp4
OBS-001108,世博源,喜士多,喜士多,超市便利,3.5,27,L1,rated,True,,rated,parsed,rating_anchor,0.9823,0.9994,63,12024,205.867,L1 | 🌟🌟🌟🌟🌟 | 3.5超市便利￥27/人,喜士多 | L1 | 🌟🌟🌟🌟🌟 | 3.5超市便利￥27/人 | 点评榜单 | 上南地区超市便利热门榜第8名 | 服务态度好，环境干净 | 33,ocr/input_videos\上海__世博源__20260826.mp4
OBS-001109,世博源,扑扑鲸亲子游泳·早教中心,扑扑鲸亲子游泳·早教中心,游泳培训,4.6,389,L2,rated,True,,rated,parsed,rating_anchor,0.9709,0.9816,48,12024,205.867,4.6游泳培训￥389/人 | L2,扑扑鲸亲子游泳·早教中心 | 游出自信 | 扇在未米 | 4.6游泳培训￥389/人 | L2 | 点评榜单 | 世博源运动培训好评榜第3名 | 温馨氛围舒适，教练专业有爱 | 力 | 新营请配店 | ￥388￥598游泳体验课（通用） | 惠,ocr/input_videos\上海__世博源__20260826.mp4
OBS-001110,世博源,诗碧曼黑发防脱发养发馆,诗碧曼黑发防脱发养发馆,养发,3.4,111,,rated,True,,rated,parsed,rating_anchor,0.9619,0.9926,48,12024,205.867,★3.4养发￥111/人 | B,诗碧曼黑发防脱发养发馆 | 诗碧曼 | R | ★3.4养发￥111/人 | B | 头皮洗得很干净，环境干净整洁 | Sipimo | 白发脱发 | ￥168 | ￥685.4折 | 【招牌·控油祛屑】头.. | 惠,ocr/input_videos\上海__世博源__20260826.mp4
OBS-001111,世博源,诗碧曼黑发防脱发养发馆,诗碧曼黑发防脱发养发馆,养发,3.4,111,,rated,True,,rated,parsed,rating_anchor,0.9598,0.9925,51,12084,206.894,3.4养发￥111/人 | B,诗碧曼黑发防脱发养发馆 | 诗碧曼 | 今 | 3.4养发￥111/人 | B | Sipimo | 头皮洗得很干净，环境干净整洁 | 2 | “ | 白发脱发 | ￥68 | ￥168 | 5.4折 | 【招牌·控油祛屑】头.. | 惠,ocr/input_videos\上海__世博源__20260826.mp4
OBS-001112,世博源,王牌小骑士儿童滑步车俱乐部,王牌小骑士儿童滑步车俱乐部,平衡车培训,4.4,396,L1,rated,True,,rated,parsed,rating_anchor,0.9663,0.9743,48,12084,206.894,4.4平衡车培训￥396/人 | L1,王牌小骑士儿童滑步车俱乐部 | CG | 4.4平衡车培训￥396/人 | L1 | 主牌小社 | 暑期充电好去处，价格实惠课时通用 | ￥320 | ￥9.9 | 5折 | 惠 | 【平衡车训练】儿童平..,ocr/input_videos\上海__世博源__20260826.mp4
OBS-001113,世博源,LOHO眼镜,LOHO眼镜,眼镜店,4.8,737,,rated,True,,rated,parsed,rating_anchor,0.9768,0.9952,49,12084,206.894,🌟🌟🎉🎉🎉4.8 | 眼镜店￥737/人 | B,LOHO眼镜 | LOHO | 源记 | 🌟🌟🎉🎉🎉4.8 | 眼镜店￥737/人 | B | 点评榜单 | 世博源眼镜店好评榜第2名 | 青装上阵 | 经 | 眼镜修得好，款式超多” | 美学科发新货上市 | ￥29.9￥59.9LOHO眼镜专属验光|关.. | 惠,ocr/input_videos\上海__世博源__20260826.mp4
OBS-001114,世博源,JINS,JINS,眼镜店,4.8,758,,rated,True,,rated,parsed,rating_anchor,0.9786,0.9986,54,12084,206.894,🌟🎉4.8 | 眼镜店￥758/人 | B,JINS | J!NS | 🌟🎉4.8 | 眼镜店￥758/人 | B | 30分钟 | 配镜快速30分钟，服务特别贴” | ““ | 立等可取 | 全球超800家直营店 | 套餐含1.60非球面镇片399起 | 小鬼当佳儿童摄影,ocr/input_videos\上海__世博源__20260826.mp4
OBS-001115,世博源,诗碧曼黑发防脱发养发馆,诗碧曼黑发防脱发养发馆,养发,3.4,111,,rated,True,,rated,parsed,rating_anchor,0.9709,0.986,48,12096,207.1,3.4养发￥111/人 | B,诗碧曼黑发防脱发养发馆 | 诗碧曼 | ® | 3.4养发￥111/人 | B | 头皮洗得很干净，环境干净整洁 | Sipimo | S | 白发脱发 | ￥685.4折 | ￥168 | 【招牌·控油祛屑】头... | 惠,ocr/input_videos\上海__世博源__20260826.mp4
OBS-001116,世博源,王牌小骑士儿童滑步车俱乐部,王牌小骑士儿童滑步车俱乐部,平衡车培训,4.4,396,L1,rated,True,,rated,parsed,rating_anchor,0.9725,0.9876,48,12096,207.1,⭐4.4平衡车培训￥396/人 | L1,王牌小骑士儿童滑步车俱乐部 | ⭐4.4平衡车培训￥396/人 | L1 | 主牌小骑士 | 暑期充电好去处，价格实惠课时通用 | ￥9.9 | 5折 | ￥320 | 【平衡车训练】儿童平. | 惠,ocr/input_videos\上海__世博源__20260826.mp4
OBS-001117,世博源,LOHO眼镜,LOHO眼镜,眼镜店,4.8,737,,rated,True,,rated,parsed,rating_anchor,0.9734,0.9991,52,12096,207.1,🌟⭐🌟4.8 | 眼镜店￥737/人 | B,LOHO眼镜 | LOHO | 退湖记 | 🌟⭐🌟4.8 | 眼镜店￥737/人 | B | 点评榜单 | 世博源眼镜店好评榜第2名 | 青装上阵 | 眼镜修得好，款式超多” | 美拿科域新免上和 | ￥29.9￥59.9LOHO眼镜专属验光|关... | 惠,ocr/input_videos\上海__世博源__20260826.mp4
OBS-001118,世博源,JINS,JINS,眼镜店,4.8,758,,rated,True,,rated,parsed,rating_anchor,0.9195,0.8794,52,12096,207.1,⭐🌟⭐⭐4.8 | B | 眼镜店￥758/人,JINS | J!NS | ⭐🌟⭐⭐4.8 | B | 眼镜店￥758/人 | 30分钟 | 配镜快速30分钟，服务特别贴心” | 立等可取 | 全球超800家直营店 | 套餐含1.60非球面镜片399起 | 小鬼当佳儿童摄影,ocr/input_videos\上海__世博源__20260826.mp4
OBS-001119,世博源,诗碧曼黑发防脱发养发馆,诗碧曼黑发防脱发养发馆,养发,3.4,111,,rated,True,,rated,parsed,rating_anchor,0.9778,0.9916,51,12132,207.716,⭐🌟⭐⭐⭐ | 3.4养发￥111/人 | B,诗碧曼黑发防脱发养发馆 | 诗碧曼 | 龙 | ⭐🌟⭐⭐⭐ | 3.4养发￥111/人 | B | Sipimo | 头皮洗得很干净，环境干净整洁 | 白发盼脱发 | ￥685.4折 | ￥168 | 【招牌·控油祛屑】头. | 惠,ocr/input_videos\上海__世博源__20260826.mp4
OBS-001120,世博源,王牌小骑士儿童滑步车俱乐部,王牌小骑士儿童滑步车俱乐部,平衡车培训,4.4,396,L1,rated,True,,rated,parsed,rating_anchor,0.9749,0.9748,51,12132,207.716,4.4平衡车培训￥396/人 | L1,王牌小骑士儿童滑步车俱乐部 | LALANOE BTA2 | 4.4平衡车培训￥396/人 | L1 | RA专证力 | 主牌小社 | 暑期充电好去处，价格实惠课时通用 | ￥9.9 | ￥320 | 惠 | 5折 | 【平衡车训练】儿童平...,ocr/input_videos\上海__世博源__20260826.mp4
OBS-001121,世博源,LOHO眼镜,LOHO眼镜,眼镜店,4.8,737,,rated,True,,rated,parsed,rating_anchor,0.9808,0.9987,52,12132,207.716,4.8眼镜店￥737/人 | B,LOHO眼镜 | 福游记 | CHO | 4.8眼镜店￥737/人 | B | 点评榜单 | 世博源眼镜店好评榜第2名 | 青装上阵 | 程 | 美学料发热站上电 | 眼镜修得好，款式超多 | 9 | ￥29.9￥59.9LOHO眼镜专属验光1关... | 惠,ocr/input_videos\上海__世博源__20260826.mp4
OBS-001122,世博源,JINS,JINS,眼镜店,4.8,758,,rated,True,,rated,parsed,rating_anchor,0.9426,0.9174,51,12132,207.716,⭐🌟⭐⭐⭐4.8 | 眼镜店￥758/人 | B,JINS | J!NS | ⭐🌟⭐⭐⭐4.8 | 眼镜店￥758/人 | B | 30分钟 | 配镜快速30分钟，服务特别贴心” | 立等可取 | 全球超800家直营店 | 额含1.60非球面领片399起,ocr/input_videos\上海__世博源__20260826.mp4
OBS-001123,世博源,小鬼当佳儿童摄影,小鬼当佳儿童摄影,儿童摄影,3.4,2384,,rated,True,,rated,parsed,rating_anchor,0.9796,0.9987,50,12132,207.716,3.4儿童摄影￥2384/人,小鬼当佳儿童摄影 | 3.4儿童摄影￥2384/人 | 停车方便，场景多样实时更新,ocr/input_videos\上海__世博源__20260826.mp4
OBS-001124,世博源,JINS,JINS,眼镜店,4.8,758,,rated,True,,rated,parsed,rating_anchor,0.9792,0.998,56,12192,208.743,4.8眼镜店￥758/人 | B,JINS | J!NS | 4.8眼镜店￥758/人 | B | 30分钟 | “配镜快速30分钟，服务特别贴” | “ | 立等可取 | 全球超800家直营店 | 套餐含1.60非球面片399起,ocr/input_videos\上海__世博源__20260826.mp4
OBS-001125,世博源,小鬼当佳儿童摄影,小鬼当佳儿童摄影,儿童摄影,3.4,2384,,rated,True,,rated,parsed,rating_anchor,0.9747,0.9911,57,12192,208.743,3.4儿童摄影￥2384/人,小鬼当佳儿童摄影 | 3.4儿童摄影￥2384/人 | 停车方便，场景多样实时更新” | ￥799 | 主题随选·亲子套.. | 9.1折 | ￥1799 | 惠,ocr/input_videos\上海__世博源__20260826.mp4
OBS-001126,世博源,BestU照相馆证件照·外拍,BestU照相馆证件照·外拍,快照摄影,4.8,125,,rated,True,,rated,parsed,rating_anchor,0.9708,0.9927,51,12192,208.743,4.8快照摄影￥125/人 | G,BestU照相馆证件照·外拍 | 世博源店 | 4.8快照摄影￥125/人 | G | “拍照修图效果好，环境也不错 | Dont U·号 | 红们一基游实的是烧证 | E | bi1 | ￥199身份证回执类·身份.... | ￥1139.8折 | 惠,ocr/input_videos\上海__世博源__20260826.mp4
OBS-001127,世博源,双翼卡牌中心,双翼卡牌中心,桌面游戏,4.0,,商场内,rated,True,,rated,parsed,rating_anchor,0.9982,0.9982,57,12192,208.743,🌟🌟🌟⭐⭐ | 4.0桌面游戏 | 商场内,双翼卡牌中心 | 🌟🌟🌟⭐⭐ | 4.0桌面游戏 | 商场内,ocr/input_videos\上海__世博源__20260826.mp4
OBS-001128,世博源,乐客LEKEVR,乐客LEKEVR,VR,,68,,unrated,False,explicitly_unrated,unrated,parsed,unrated_anchor,0.9767,0.9979,55,12192,208.743,暂无星级 | VR￥68/人 | ★★★★★ | G,乐客LEKEVR | 暂无星级 | VR￥68/人 | ★★★★★ | G | 世博源游戏厅销量榜第7名 | 惠￥65￥88单人单次vr或ps体验,ocr/input_videos\上海__世博源__20260826.mp4
OBS-001129,世博源,JINS,JINS,眼镜店,4.8,758,,rated,True,,rated,parsed,rating_anchor,0.9832,0.9976,56,12216,209.154,4.8眼镜店￥758/人 | B,JINS | J!NS | 4.8眼镜店￥758/人 | B | 30分钟 | “配镜快速30分钟，服务特别贴” | 立等可取 | 全球超800家直营店 | 套餐含1.60非球面镇片399起,ocr/input_videos\上海__世博源__20260826.mp4
OBS-001130,世博源,小鬼当佳儿童摄影,小鬼当佳儿童摄影,儿童摄影,3.4,2384,,rated,True,,rated,parsed,rating_anchor,0.9752,0.9975,55,12216,209.154,★3.4儿童摄影￥2384/人,小鬼当佳儿童摄影 | ★3.4儿童摄影￥2384/人 | 停车方便，场景多样实时更新” | ￥7999.1折 | ￥1799主题随选·亲子套.. | 惠,ocr/input_videos\上海__世博源__20260826.mp4
OBS-001131,世博源,Best U照相馆证件照·外拍,BestU照相馆证件照·外拍,快照摄影,4.8,125,,rated,True,,rated,parsed,rating_anchor,0.956,0.969,56,12216,209.154,4.8快照摄影￥125/人 | G,Best U照相馆证件照·外拍 | 福 | 世博源店 | - | LIEE | 4.8快照摄影￥125/人 | G | “拍照修图效果好，环境也不错” | BRU·招会 | 们一类的型媒暂过作期 | BCAUTUL BTUY | ￥199身份证回执类·身份.... | ￥1139.8折 | 惠,ocr/input_videos\上海__世博源__20260826.mp4
OBS-001132,世博源,双翼卡牌中心,双翼卡牌中心,桌面游戏,4.0,,商场内,rated,True,,rated,parsed,rating_anchor,0.9982,0.9992,55,12216,209.154,商场内 | 4.0桌面游戏 | 🌟🌟⭐ | ★,双翼卡牌中心 | 商场内 | 4.0桌面游戏 | 🌟🌟⭐ | ★,ocr/input_videos\上海__世博源__20260826.mp4
OBS-001133,世博源,乐客LEKEVR,乐客LEKEVR,VR,,68,,unrated,False,explicitly_unrated,unrated,parsed,unrated_anchor,0.9714,0.9987,52,12216,209.154,★★★★★ | 暂无星级 | G | VR￥68/人,乐客LEKEVR | ★★★★★ | 暂无星级 | G | VR￥68/人 | 世博源游戏厅销量榜第7名 | ￥65￥88单人单次vr或ps体验 | 惠,ocr/input_videos\上海__世博源__20260826.mp4
OBS-001134,世博源,小鬼当佳儿童摄影,小鬼当佳儿童摄影,儿童摄影,3.4,2384,,rated,True,,rated,parsed,rating_anchor,0.9858,0.9989,51,12264,209.976,🌟⭐ | 3.4儿童摄影￥2384/人 | ★★,小鬼当佳儿童摄影 | 🌟⭐ | 3.4儿童摄影￥2384/人 | ★★ | 停车方便，场景多样实时更新” | ￥7999.1折 | ￥1799 | 主题随选·亲子套.. | 惠,ocr/input_videos\上海__世博源__20260826.mp4
OBS-001135,世博源,Best U照相馆证件照·外拍,BestU照相馆证件照·外拍,快照摄影,4.8,125,,rated,True,,rated,parsed,rating_anchor,0.9443,0.9641,54,12264,209.976,4.8快照摄影￥125/人 | G,Best U照相馆证件照·外拍 | 世博源店 | ： | 4.8快照摄影￥125/人 | G | 拍照修图效果好，环境也不错 | Beat U·程 | 一3水是江mm | ￥199身份证回执类·身份... | ￥1139.8折 | 惠,ocr/input_videos\上海__世博源__20260826.mp4
OBS-001136,世博源,双翼卡牌中心,双翼卡牌中心,桌面游戏,4.0,,商场内,rated,True,,rated,parsed,rating_anchor,0.9987,0.9993,54,12264,209.976,商场内 | ⭐🌟🌟⭐ | 4.0桌面游戏 | ★,双翼卡牌中心 | 商场内 | ⭐🌟🌟⭐ | 4.0桌面游戏 | ★,ocr/input_videos\上海__世博源__20260826.mp4
OBS-001137,世博源,乐客LEKEVR,乐客LEKEVR,VR,,68,,unrated,False,explicitly_unrated,unrated,parsed,unrated_anchor,0.9716,0.9982,52,12264,209.976,G | 暂无星级 | VR￥68/人 | ★★★★★,乐客LEKEVR | G | 暂无星级 | VR￥68/人 | ★★★★★ | 世博源游戏厅销量榜第7名 | ￥65￥88单人单次vr或ps体验 | 惠,ocr/input_videos\上海__世博源__20260826.mp4
OBS-001138,世博源,OSIM傲胜,OSIM傲胜,休闲按摩足浴,3.4,,,rated,True,,rated,parsed,rating_anchor,0.9945,0.9923,49,12264,209.976,⭐🌟⭐ | ★★ | 3.4休闲按摩足浴 | B,OSIM傲胜 | ⭐🌟⭐ | ★★ | 3.4休闲按摩足浴 | B | 55 | 《 | /,ocr/input_videos\上海__世博源__20260826.mp4
OBS-001139,世博源,小鬼当佳儿童摄影,小鬼当佳儿童摄影,儿童摄影,3.4,2384,,rated,True,,rated,parsed,rating_anchor,0.9847,0.9991,51,12276,210.182,🌟⭐ | 3.4儿童摄影￥2384/人 | ★★,小鬼当佳儿童摄影 | 🌟⭐ | 3.4儿童摄影￥2384/人 | ★★ | 停车方便，场景多样实时更新” | ￥7999.1折 | ￥1799 | 主题随选·亲子套... | 惠,ocr/input_videos\上海__世博源__20260826.mp4
OBS-001140,世博源,BestU照相馆证件照·外拍,BestU照相馆证件照·外拍,快照摄影,4.8,125,,rated,True,,rated,parsed,rating_anchor,0.9564,0.994,54,12276,210.182,⭐4.8快照摄影￥125/人 | G,BestU照相馆证件照·外拍 | 世博源店 | ⭐4.8快照摄影￥125/人 | G | 拍照修图效果好，环境也不错 | 2 | Beat U·程等 | 一源水是江 | AELR | ￥199身份证回执类·身份... | ￥1139.8折 | 惠,ocr/input_videos\上海__世博源__20260826.mp4
OBS-001141,世博源,双翼卡牌中心,双翼卡牌中心,桌面游戏,4.0,,商场内,rated,True,,rated,parsed,rating_anchor,0.9986,0.9991,54,12276,210.182,商场内 | 🌟🌟⭐⭐ | 4.0桌面游戏 | ★,双翼卡牌中心 | 商场内 | 🌟🌟⭐⭐ | 4.0桌面游戏 | ★,ocr/input_videos\上海__世博源__20260826.mp4
OBS-001142,世博源,乐客LEKEVR,乐客LEKEVR,VR,,68,,unrated,False,explicitly_unrated,unrated,parsed,unrated_anchor,0.9735,0.9979,54,12276,210.182,暂无星级 | VR￥68/人 | G | ★★★★,乐客LEKEVR | 暂无星级 | VR￥68/人 | G | ★★★★ | 世博源游戏厅销量榜第7名 | ￥65￥88单人单次vr或ps体验 | 惠,ocr/input_videos\上海__世博源__20260826.mp4
OBS-001143,世博源,OSIM傲胜,OSIM傲胜,休闲按摩足浴,3.4,,,rated,True,,rated,parsed,rating_anchor,0.9924,0.9902,52,12276,210.182,★★★★★ | 3.4休闲按摩足浴 | B,OSIM傲胜 | ★★★★★ | 3.4休闲按摩足浴 | B | 55,ocr/input_videos\上海__世博源__20260826.mp4
OBS-001144,世博源,乐客LEKEVR,乐客LEKEVR,VR,,68,,unrated,False,explicitly_unrated,unrated,parsed,unrated_anchor,0.9721,0.9984,51,12324,211.003,暂无星级 | ★★★★★ | G | VR￥68/人,乐客LEKEVR | 暂无星级 | ★★★★★ | G | VR￥68/人 | 世博源游戏厅销量榜第7名 | ￥65￥88单人单次vr或ps体验 | 惠,ocr/input_videos\上海__世博源__20260826.mp4
OBS-001145,世博源,OSIM傲胜,OSIM傲胜,休闲按摩足浴,3.4,,,rated,True,,rated,parsed,rating_anchor,0.9954,0.9941,53,12324,211.003,🌟🌟🌟🌟⭐ | B | 3.4休闲按摩足浴,OSIM傲胜 | 🌟🌟🌟🌟⭐ | B | 3.4休闲按摩足浴 | “按摩工学椅，舒适放松身心” | OSM,ocr/input_videos\上海__世博源__20260826.mp4
OBS-001146,世博源,3S Fitness·HUG健身工作室,3SFitness·HUG健身工作室,私教工作室,4.3,2324,L1,rated,True,,rated,parsed,rating_anchor,0.9686,0.9623,51,12324,211.003,🌟🌟🌟🎉🌟 | L1 | 4.3私教工作室￥2324/人,3S Fitness·HUG健身工作室 | 🌟🌟🌟🎉🌟 | L1 | 4.3私教工作室￥2324/人 | MUiG | 鼓励式教学，课程量身定制” | reds Uederg | Hundi | 尊享小团,ocr/input_videos\上海__世博源__20260826.mp4
OBS-001147,世博源,次圆圆街区,次圆圆街区,活动中心,3.8,57,,rated,True,,rated,parsed,rating_anchor,0.967,0.9948,55,12324,211.003,⭐🌟🌟🌟 | 3.8 | 活动中心￥57/人 | G,次圆圆街区 | ⭐🌟🌟🌟 | 3.8 | 活动中心￥57/人 | G | 饮圆圆 | “24块电子屏留墙，二次元浓度过！ | 55,ocr/input_videos\上海__世博源__20260826.mp4
OBS-001148,世博源,STS神探社密室探案馆,STS神探社密室探案馆,密室/沉浸互.,4.2,126,,rated,True,,rated,parsed,rating_anchor,0.9623,0.9983,51,12324,211.003,🌟🌟⭐⭐ | 密室/沉浸互.￥126/人G | 4.2,STS神探社密室探案馆 | 这个暑假 | 🌟🌟⭐⭐ | 密室/沉浸互.￥126/人G | 4.2 | () | (n) | 全国金奖主题 | 密室 | 主题房间大，难度高但提示无限次 | ≤ | 丁卡 | 惠 | ￥1￥188密室【生日券】,ocr/input_videos\上海__世博源__20260826.mp4
OBS-001149,世博源,乐客LEKEVR,乐客LEKEVR,VR,,68,,unrated,False,explicitly_unrated,unrated,parsed,unrated_anchor,0.9655,0.9982,51,12348,211.414,暂无星级 | ★★★★★ | VR￥68/人 | G,乐客LEKEVR | 暂无星级 | ★★★★★ | VR￥68/人 | G | 世博源游戏厅销量榜第7名 | ￥65￥88单人单次vr或ps体验 | 惠,ocr/input_videos\上海__世博源__20260826.mp4
OBS-001150,世博源,OSIM傲胜,OSIM傲胜,休闲按摩足浴,3.4,,,rated,True,,rated,parsed,rating_anchor,0.994,0.9939,53,12348,211.414,★★★★★ | 3.4休闲按摩足浴 | B,OSIM傲胜 | ★★★★★ | 3.4休闲按摩足浴 | B | “按摩工学椅，舒适放松身心” | OSM,ocr/input_videos\上海__世博源__20260826.mp4
OBS-001151,世博源,3S Fitness·HUG健身工作室,3SFitness·HUG健身工作室,私教工作室,4.3,2324,L1,rated,True,,rated,parsed,rating_anchor,0.9715,0.964,54,12348,211.414,⭐🌟⭐⭐ | 4.3私教工作室￥2324/人 | L1,3S Fitness·HUG健身工作室 | ⭐🌟⭐⭐ | 4.3私教工作室￥2324/人 | MUG | L1 | 鼓励式教学，课程量身定制” | “ | Hund | 尊享小団,ocr/input_videos\上海__世博源__20260826.mp4
OBS-001152,世博源,次圆圆街区,次圆圆街区,活动中心,3.8,57,,rated,True,,rated,parsed,rating_anchor,0.9616,0.9855,55,12348,211.414,🌟🌟⭐3.8 | 活动中心￥57/人 | G,次圆圆街区 | 🌟🌟⭐3.8 | 活动中心￥57/人 | G | 欣圆圆 | 24块电子屏留言墙，二次元浓度过高！ | 5,ocr/input_videos\上海__世博源__20260826.mp4
OBS-001153,世博源,STS神探社密室探案馆,STS神探社密室探案馆,密室/沉浸互.,4.2,126,,rated,True,,rated,parsed,rating_anchor,0.9573,0.9979,50,12348,211.414,密室/沉浸互.￥126/人G | 🌟🌟⭐⭐🌟 | 4.2,STS神探社密室探案馆 | 神源社密宣试 | 这个暑假 | 密室/沉浸互.￥126/人G | 🌟🌟⭐⭐🌟 | 4.2 | (h) | (m) | 舞 | 全国金奖主题 | 主题房间大，难度高但提示无限次 | C | 惠￥1￥188密室【生日券】,ocr/input_videos\上海__世博源__20260826.mp4
OBS-001154,世博源,3SFitness·HUG健身工作室,3SFitness·HUG健身工作室,私教工作室,4.3,2324,L1,rated,True,,rated,parsed,rating_anchor,0.9683,0.9673,51,12408,212.442,🌟🌟⭐⭐ | 私教工作室￥2324/人 | L1 | 4.3,3SFitness·HUG健身工作室 | 🌟🌟⭐⭐ | 私教工作室￥2324/人 | L1 | 4.3 | MUG | 鼓励式教学，课程量身定制 | eds Underg | Hund | 尊享小回,ocr/input_videos\上海__世博源__20260826.mp4
OBS-001155,世博源,次圆圆街区,次圆圆街区,活动中心,3.8,57,,rated,True,,rated,parsed,rating_anchor,0.9756,0.9923,52,12408,212.442,★★★★★ | 3.8活动中心￥57/人 | G,次圆圆街区 | ★★★★★ | 3.8活动中心￥57/人 | G | 欣圆圆 | 24块电子屏留言墙，二次元浓度过高！ | 55,ocr/input_videos\上海__世博源__20260826.mp4
OBS-001156,世博源,STS神探社密室探案馆,STS神探社密室探案馆,密室/沉浸互..,4.2,126,,rated,True,,rated,parsed,rating_anchor,0.9418,0.9985,48,12408,212.442,🌟🌟⭐⭐ | ￥126/人G | 密室/沉浸互.. | 4.2,STS神探社密室探案馆 | 掉探社密定脱 | 这个暑假 | 🌟🌟⭐⭐ | ￥126/人G | 密室/沉浸互.. | 4.2 | () | (m) | 全国金类生题 | 密室 | 主题房间大，难度高但提示无限次 | 打卡 | ￥1￥188密室【生日券】 | 惠,ocr/input_videos\上海__世博源__20260826.mp4
OBS-001157,世博源,守艺·手作·团建亲子沙龙·礼品定制,守艺·手作·团建亲子沙龙·礼品定制,DIY手工坊,4.7,81,,rated,True,,rated,parsed,rating_anchor,0.9586,0.9778,52,12408,212.442,🌟🌟🌟🌟🌟 | G | 4.7DIY手工坊￥81/人,守艺·手作·团建亲子沙龙·礼品定制 | 🌟🌟🌟🌟🌟 | G | 4.7DIY手工坊￥81/人 | 福 | 点评榜单 | 世博源DIY手工坊好评榜第1名 | “项丰富，流体熊效果级棒” | ￥39.9￥138拼豆221色畅玩2小时 | 惠,ocr/input_videos\上海__世博源__20260826.mp4
OBS-001158,世博源,灵跃篮球俱乐部,灵跃篮球俱乐部,篮球培训,3.8,,,rated,True,,rated,parsed,rating_anchor,0.9773,0.9583,48,12408,212.442,★🌟3.8 | 篮球培训 | G,灵跃篮球俱乐部 | 灵酥篮球 | ★🌟3.8 | 篮球培训 | G | 教练技术与管理一流，学员稳定 | C,ocr/input_videos\上海__世博源__20260826.mp4
OBS-001159,世博源,次圆圆街区,次圆圆街区,活动中心,3.8,57,,rated,True,,rated,parsed,rating_anchor,0.9463,0.9778,52,12432,212.853,★3.8活动中心￥57/人 | G,次圆圆街区 | ★3.8活动中心￥57/人 | G | 欣圆圆 | 24块电子屏留言墙，二次元浓度过高！ | 55,ocr/input_videos\上海__世博源__20260826.mp4
OBS-001160,世博源,STS神探社密室探案馆,STS神探社密室探案馆,密室/沉浸互..,4.2,126,,rated,True,,rated,parsed,rating_anchor,0.954,0.9985,51,12432,212.853,🌟🌟🌟🎉 | ￥126/人G | 4.2 | 密室/沉浸互.. | ★,STS神探社密室探案馆 | 神探社密定速 | 这个暑假 | 🌟🌟🌟🎉 | ￥126/人G | 4.2 | 密室/沉浸互.. | ★ | (1H) | (m) | 全国金奖主路 | 密室 | 主题房间大，难度高但提示无限次 | C | 打卡 | 惠 | ￥1￥188密室【生日券】,ocr/input_videos\上海__世博源__20260826.mp4
OBS-001161,世博源,守艺·手作·团建亲子沙龙·礼品定制,守艺·手作·团建亲子沙龙·礼品定制,DIY手工坊,4.7,81,,rated,True,,rated,parsed,rating_anchor,0.9729,0.9771,50,12432,212.853,🌟🌟⭐⭐🌟 | 4.7DIY手工坊￥81/人 | G,守艺·手作·团建亲子沙龙·礼品定制 | 🌟🌟⭐⭐🌟 | 4.7DIY手工坊￥81/人 | G | 点评榜单 | 世博源DIY手工坊好评榜第1名 | 项目丰富，流体熊效果一级棒 | ￥39.9￥138拼豆221色畅玩2小时 | 惠,ocr/input_videos\上海__世博源__20260826.mp4
OBS-001162,世博源,灵跃篮球俱乐部,灵跃篮球俱乐部,篮球培训,3.8,,,rated,True,,rated,parsed,rating_anchor,0.9863,0.9757,51,12432,212.853,🌟🌟3.8 | 篮球培训 | G,灵跃篮球俱乐部 | 灵野篮璃 | 🌟🌟3.8 | 篮球培训 | G | 教练技术与管理一流，学员稳定,ocr/input_videos\上海__世博源__20260826.mp4
OBS-001163,世博源,Clarks,Clarks,鞋靴,3.5,1191,,rated,True,,rated,parsed,rating_anchor,0.965,0.9987,53,12432,212.853,3.5鞋靴￥1191/人 | G,Clarks | 3.5鞋靴￥1191/人 | G | larks | 季末特惠封神，百搭不踩雷 | （,ocr/input_videos\上海__世博源__20260826.mp4
OBS-001164,世博源,世博源南广场-地面停车场,世博源南广场-地面停车场,停车场,3.1,24,,rated,True,,rated,parsed,rating_anchor,0.977,0.9956,48,12432,212.853,🌟🌟⭐⭐⭐ | 3.1停车场￥24/人 | B,世博源南广场-地面停车场 | 🌟🌟⭐⭐⭐ | 3.1停车场￥24/人 | B,ocr/input_videos\上海__世博源__20260826.mp4
OBS-001165,世博源,灵跃篮球俱乐部,灵跃篮球俱乐部,篮球培训,3.8,,,rated,True,,rated,parsed,rating_anchor,0.9795,0.9636,54,12528,214.496,⭐⭐⭐3.8 | 篮球培训 | G,灵跃篮球俱乐部 | 灵餅篮璃 | ⭐⭐⭐3.8 | 篮球培训 | G | 教练技术与管理一流，学员稳定 | （G,ocr/input_videos\上海__世博源__20260826.mp4
OBS-001166,世博源,Clarks,Clarks,鞋靴,3.5,1191,,rated,True,,rated,parsed,rating_anchor,0.9762,0.9988,53,12528,214.496,🌟⭐⭐3.5 | 鞋靴￥1191/人 | G,Clarks | 🌟⭐⭐3.5 | 鞋靴￥1191/人 | G | Clarks | 季末特惠封神，百搭不踩雷 | 力,ocr/input_videos\上海__世博源__20260826.mp4
OBS-001167,世博源,世博源南广场-地面停车场,世博源南广场-地面停车场,停车场,3.1,24,,rated,True,,rated,parsed,rating_anchor,0.975,0.9922,51,12528,214.496,3.1停车场￥24/人 | B,世博源南广场-地面停车场 | 3.1停车场￥24/人 | B | 车位紧张，停车要求高,ocr/input_videos\上海__世博源__20260826.mp4
OBS-001168,世博源,福气商店,福气商店,杂货礼品,4.6,32,商场内,rated,True,,rated,parsed,rating_anchor,0.9604,0.9979,56,12528,214.496,商场内 | ⭐4.6杂货礼品￥32/人,福气商店 | 商场内 | ⭐4.6杂货礼品￥32/人 | “店外有拍照机，消费还能盖章,ocr/input_videos\上海__世博源__20260826.mp4
OBS-001169,世博源,老凤祥银楼,老凤祥银楼,黄金首饰,3.4,2325,,rated,True,,rated,parsed,rating_anchor,0.979,0.9931,55,12528,214.496,⭐★★★★ | G | 3.4黄金首饰￥2325/人,老凤祥银楼 | ⭐★★★★ | G | 3.4黄金首饰￥2325/人 | 服务热情细致，金链款式新颖,ocr/input_videos\上海__世博源__20260826.mp4
OBS-001170,世博源,灵跃篮球俱乐部,灵跃篮球俱乐部,篮球培训,3.8,,,rated,True,,rated,parsed,rating_anchor,0.9556,0.9753,54,12576,215.318,⭐3.8篮球培训 | G,灵跃篮球俱乐部 | 灵餅篮璃 | ⭐3.8篮球培训 | G | 教练技术与管理一流，学员稳定 | （G,ocr/input_videos\上海__世博源__20260826.mp4
OBS-001171,世博源,Clarks,Clarks,鞋靴,3.5,1191,,rated,True,,rated,parsed,rating_anchor,0.9756,0.9986,54,12576,215.318,⭐🌟⭐3.5 | 鞋靴￥1191/人 | G,Clarks | ⭐🌟⭐3.5 | 鞋靴￥1191/人 | G | Clarks | 季末特惠封神，百搭不踩雷,ocr/input_videos\上海__世博源__20260826.mp4
OBS-001172,世博源,世博源南广场-地面停车场,世博源南广场-地面停车场,停车场,3.1,24,,rated,True,,rated,parsed,rating_anchor,0.9781,0.9931,51,12576,215.318,3.1停车场￥24/人 | B,世博源南广场-地面停车场 | 3.1停车场￥24/人 | B | 车位紧张，停车要求高,ocr/input_videos\上海__世博源__20260826.mp4
OBS-001173,世博源,福气商店,福气商店,杂货礼品,4.6,32,商场内,rated,True,,rated,parsed,rating_anchor,0.9608,0.9987,56,12576,215.318,商场内 | ⭐4.6杂货礼品￥32/人,福气商店 | 商场内 | ⭐4.6杂货礼品￥32/人 | “店外有拍照机，消费还能盖章,ocr/input_videos\上海__世博源__20260826.mp4
OBS-001174,世博源,老凤祥银楼,老凤祥银楼,黄金首饰,3.4,2325,,rated,True,,rated,parsed,rating_anchor,0.9787,0.9925,55,12576,215.318,★★★★★ | 3.4黄金首饰￥2325/人 | G,老凤祥银楼 | ★★★★★ | 3.4黄金首饰￥2325/人 | G | 服务热情细致，金链款式新颖 | 盖亚科学探索中心早教·编程·英语,ocr/input_videos\上海__世博源__20260826.mp4
OBS-001175,世博源,福气商店,福气商店,杂货礼品,4.6,32,商场内,rated,True,,rated,parsed,rating_anchor,0.9628,0.999,57,12612,215.934,4.6杂货礼品￥32/人 | 商场内,福气商店 | 4.6杂货礼品￥32/人 | 商场内 | 店外有拍照机，消费还能盖章 | 1,ocr/input_videos\上海__世博源__20260826.mp4
OBS-001176,世博源,老凤祥银楼,老凤祥银楼,黄金首饰,3.4,2325,,rated,True,,rated,parsed,rating_anchor,0.9821,0.9894,55,12612,215.934,⭐🌟⭐⭐🌟 | 3.4黄金首饰￥2325/人 | G,老凤祥银楼 | ⭐🌟⭐⭐🌟 | 3.4黄金首饰￥2325/人 | G | 服务热情细致，金链款式新颖”,ocr/input_videos\上海__世博源__20260826.mp4
OBS-001177,世博源,盖亚科学探索中心早教·编程·英语,盖亚科学探索中心早教·编程·英语,机器人编程,4.6,613,L1,rated,True,,rated,parsed,rating_anchor,0.965,0.9881,54,12612,215.934,4.6机器人编程￥613/人 | L1,盖亚科学探索中心早教·编程·英语 | 4.6机器人编程￥613/人 | L1 | CAIA | 浦东新区机器人编程销量榜第7名 | SPACE CENTER | 地处世博源，编程教学收获多” | ￥9.9￥597全城6次课随心学|少游. | 惠,ocr/input_videos\上海__世博源__20260826.mp4
OBS-001178,世博源,夜航学社·成人夜校兴趣班,夜航学社·成人夜校兴趣班,成人学历提升,3.5,,,rated,True,,rated,parsed,rating_anchor,0.9747,0.9611,50,12612,215.934,3.5成人学历提升 | B,成人改校兴趣班 | 夜航学社·成人夜校兴趣班 | 安脑学社溪程表 | 2 | N | 程时长 | 查肉 | 3.5成人学历提升 | B | 109 | 300 | 1带 | 1Nt | M8 | 第 | 120 | 1SNt | s元 | 区 | 00 | 10客源 | 10M | 580元 | X | 1093 | 5 | 笔理图 | 1国营卖 | 22 | 休息中 | u1,ocr/input_videos\上海__世博源__20260826.mp4
OBS-001179,世博源,金芭蕾舞蹈,金芭蕾舞蹈,舞蹈培训,4.7,12706,L1,rated,True,,rated,parsed,rating_anchor,0.9798,0.9998,55,12612,215.934,🌟🌟🌟⭐🌟 | L1 | 4.7 | 舞蹈培训￥12706/人,金芭蕾舞蹈 | 金世批话 | 🌟🌟🌟⭐🌟 | L1 | 4.7 | 舞蹈培训￥12706/人 | 老师专业亲切，学跳舞很开心” | 开学车 | 芭蓄新启程 | ￥1.90.2折 | ￥269.9暑期尊享【体验课.. | 惠,ocr/input_videos\上海__世博源__20260826.mp4
OBS-001180,世博源,MLB,MLB,服饰鞋包,4.2,703,,rated,True,,rated,parsed,rating_anchor,0.9693,0.9981,53,12612,215.934,B | ★青★★ | ★4.2服饰鞋包￥703/人,MLB | B | ★青★★ | ★4.2服饰鞋包￥703/人,ocr/input_videos\上海__世博源__20260826.mp4
OBS-001181,世博源,盖亚科学探索中心早教·编程·英语,盖亚科学探索中心早教·编程·英语,机器人编程,4.6,613,L1,rated,True,,rated,parsed,rating_anchor,0.9709,0.9886,53,12684,217.167,L1 | 4.6机器人编程￥613/人,盖亚科学探索中心早教·编程·英语 | L1 | 4.6机器人编程￥613/人 | CAIA | 浦东新区机器人编程销量榜第7名 | SPACE CENTER | 地处世博源，编程教学收获多 | 3 | ￥9.9￥597全城6次课随心学|少儿游... | 惠,ocr/input_videos\上海__世博源__20260826.mp4
OBS-001182,世博源,夜航学社·成人夜校兴趣班,夜航学社·成人夜校兴趣班,成人学历提升,3.5,,,rated,True,,rated,parsed,rating_anchor,0.9786,0.9705,54,12684,217.167,3.5成人学历提升 | B,成人仪权兴趣班 | 夜航学社·成人夜校兴趣班 | 安航学社程表 | 时 | 验时长 | 灯烫调 | 3.5成人学历提升 | B | 1进9法 | 10营 | 1SNM | 50CE | 200 | 1.5M | 50 | 100 | 通多完 | 票 | 0 | 8 | 1 | 主区 | $ | 10 | SoR | 20 | 医E | LSMH | U | 休息中 | CK,ocr/input_videos\上海__世博源__20260826.mp4
OBS-001183,世博源,金芭蕾舞蹈,金芭蕾舞蹈,舞蹈培训,4.7,12706,L1,rated,True,,rated,parsed,rating_anchor,0.9777,0.9996,55,12684,217.167,★🌟4.7 | L1 | 舞蹈培训￥12706/人,金芭蕾舞蹈 | 业组量所服 | ★🌟4.7 | L1 | 舞蹈培训￥12706/人 | 老师专业亲切，学跳舞很开心 | 开学季 | 芭蓄新启程 | ￥1.90.2折 | ￥269.9暑期尊享【体验课... | 惠,ocr/input_videos\上海__世博源__20260826.mp4
OBS-001184,世博源,MLB,MLB,服饰鞋包,4.2,703,,rated,True,,rated,parsed,rating_anchor,0.9782,0.9977,51,12684,217.167,4.2服饰鞋包￥703/人 | B,MLB | 4.2服饰鞋包￥703/人 | B | MLB | 货品选择余地大，店长聊天愉快,ocr/input_videos\上海__世博源__20260826.mp4
OBS-001185,世博源,嘉又佳学习中心,嘉又佳学习中心,音乐,3.6,,商场内,rated,True,,rated,parsed,rating_anchor,0.9878,0.9936,52,12684,217.167,3.6音乐 | 商场内,嘉又佳学习中心 | 3.6音乐 | 商场内 | 棒棒堂艺术中心 | 老师讲解细致，课堂氛围轻松” | “ | 国文值 | 口 | 万酒民副 | 量0汁 | 节热清园 | 口 | 美光出 | 科沃斯机器人,ocr/input_videos\上海__世博源__20260826.mp4
OBS-001186,世博源,夜航学社·成人夜校兴趣班,夜航学社·成人夜校兴趣班,成人学历提升,3.5,,,rated,True,,rated,parsed,rating_anchor,0.9327,0.9658,56,12720,217.783,⭐⭐3.5成人学历提升 | B,汉人夜权兴趣班 | 夜航学社·成人夜校兴趣班 | 夜航学社程表 | 2 | N | H | 长 | 用 | ⭐⭐3.5成人学历提升 | B | 图9元 | 19带 | 3.M41 | 5号 | 200 | 岁卖 | 1.5041 | 10c% | 1%0 | 200 | t0at | 0元 | 治源 | 业花 | 10售课 | 10 | 500 | 5 | 10 | 1.5Mat | W8 | 休息中 | dt,ocr/input_videos\上海__世博源__20260826.mp4
OBS-001187,世博源,金芭蕾舞蹈,金芭蕾舞蹈,舞蹈培训,4.7,12706,L1,rated,True,,rated,parsed,rating_anchor,0.9822,0.9998,55,12720,217.783,L1 | 🌟🌟⭐⭐🌟 | 舞蹈培训￥12706/人 | 4.7,金芭蕾舞蹈 | 照银牌 | L1 | 🌟🌟⭐⭐🌟 | 舞蹈培训￥12706/人 | 4.7 | 老师专业亲切，学跳舞很开心“ | 开学季 | 芭蕾新启程 | ￥1.90.2折 | ￥269.9 | 暑期尊享【体验课.. | 惠,ocr/input_videos\上海__世博源__20260826.mp4
OBS-001188,世博源,MLB,MLB,服饰鞋包,4.2,703,,rated,True,,rated,parsed,rating_anchor,0.9883,0.9986,52,12720,217.783,⭐🌟🌟⭐ | 4.2服饰鞋包￥703/人 | B | ★,MLB | ⭐🌟🌟⭐ | 4.2服饰鞋包￥703/人 | B | ★ | MLB | “货品选择余地大，店长聊天愉快” | J,ocr/input_videos\上海__世博源__20260826.mp4
OBS-001189,世博源,嘉又佳学习中心,嘉又佳学习中心,音乐,3.6,,商场内,rated,True,,rated,parsed,rating_anchor,0.9977,0.9994,55,12720,217.783,3.6音乐 | 商场内 | 🌟🌟⭐🌟🌟,嘉又佳学习中心 | 3.6音乐 | 商场内 | 🌟🌟⭐🌟🌟 | 棒棒堂艺术中心 | 老师讲解细致，课堂氛围轻松” | “ | 国区镜 | 宾口 | 万请提器 | 菜用 | 炒鑫清牌 | 禁座口港,ocr/input_videos\上海__世博源__20260826.mp4
OBS-001190,世博源,科沃斯机器人,科沃斯机器人,B,3.7,,,rated,True,,rated,parsed,rating_anchor,0.9974,0.9998,51,12720,217.783,🌟🌟⭐🌟🌟 | 家用电器 | 3.7 | B,科沃斯机器人 | 🌟🌟⭐🌟🌟 | 家用电器 | 3.7 | B | ECOVACS | 科沃斯机器人 | 款式多样，扫地机器人解放双手 | ￥0￥100 | 惠 | 规划家电小科上门服务,ocr/input_videos\上海__世博源__20260826.mp4
OBS-001191,世博源,滑板公元,滑板公元,滑板轮滑,4.8,52,,rated,True,,rated,parsed,rating_anchor,0.9854,0.999,59,12720,217.783,🌟🌟🎉🎉🎉4.8 | 滑板轮滑￥52/人 | G,滑板公元 | AATEMETA | 🌟🌟🎉🎉🎉4.8 | 滑板轮滑￥52/人 | G,ocr/input_videos\上海__世博源__20260826.mp4
OBS-001192,世博源,嘉又佳学习中心,嘉又佳学习中心,音乐,3.6,,商场内,rated,True,,rated,parsed,rating_anchor,0.9991,0.9988,52,12804,219.222,🌟🌟🌟⭐3.6 | 音乐 | 商场内,嘉又佳学习中心 | 🌟🌟🌟⭐3.6 | 音乐 | 商场内 | 棒棒堂艺术中心 | 老师讲解细致，课堂氛围轻松” | 《 | 国区锁 | 万清民机 | 小AR | 美只快送 | 炒费消膜 | 禁口澡,ocr/input_videos\上海__世博源__20260826.mp4
OBS-001193,世博源,科沃斯机器人,科沃斯机器人,B,3.7,,,rated,True,,rated,parsed,rating_anchor,0.9973,0.9998,52,12804,219.222,家用电器 | 🌟🌟🌟🌟🌟 | 3.7 | B,科沃斯机器人 | 家用电器 | 🌟🌟🌟🌟🌟 | 3.7 | B | ECOVACS | 科沃断机器人 | 款式多样，扫地机器人解放双手 | ￥0￥100规划家电小科上门服务 | 惠,ocr/input_videos\上海__世博源__20260826.mp4
OBS-001194,世博源,滑板公元,滑板公元,滑板轮滑,4.8,52,,rated,True,,rated,parsed,rating_anchor,0.9859,0.9992,59,12804,219.222,🌟🌟⭐🌟🌟 | 4.8滑板轮滑￥52/人 | G,滑板公元 | SAATEMETA | 🌟🌟⭐🌟🌟 | 4.8滑板轮滑￥52/人 | G | 点评榜单 | 滑板公元 | 上海滑板轮滑热门榜第1名 | 场地大又干净，上课氛围轻松有趣 | 93 | 粒OLLIE | ￥360 | ￥26.8 | 9折 | 惠 | 【滑板培训】儿童滑...,ocr/input_videos\上海__世博源__20260826.mp4
OBS-001195,世博源,C-Oli,C-Oli,配饰,3.8,,商场内,rated,True,,rated,parsed,rating_anchor,0.8933,0.9526,52,12804,219.222,⭐⭐⭐⭐3.8配饰 | 商场内,C-Oli | ⭐⭐⭐⭐3.8配饰 | 商场内,ocr/input_videos\上海__世博源__20260826.mp4
OBS-001196,世博源,茂昌眼镜,茂昌眼镜,眼镜店,,1426,,unknown,True,,ocr_missing,parsed,metadata_anchor,0.9803,0.9989,57,12804,219.222,🌟🌟⭐⭐🌟 | 眼镜店￥1426/人 | B | 14.8,茂昌眼镜 | 茂昌眼镜 | 🌟🌟⭐⭐🌟 | 眼镜店￥1426/人 | B | 14.8 | MAOCHANG | 点评榜单 | 世博源眼镜店好评榜第3名 | 百联集团成是企业 | 维修眼镜技术好，店铺干净整洁 | 55 | S | 惠 | ￥10￥300 | 眼镜智耀膜升级券,ocr/input_videos\上海__世博源__20260826.mp4
OBS-001197,世博源,科沃斯机器人,科沃斯机器人,B,3.7,,,rated,True,,rated,parsed,rating_anchor,0.9969,0.9998,52,12828,219.633,🌟🌟⭐3.7 | 家用电器 | B,科沃斯机器人 | 🌟🌟⭐3.7 | 家用电器 | B | ECOVACS | 科沃斯机器人 | 款式多样，扫地机器人解放双手 | S | ￥0￥100规划家电|科上门服务 | 惠,ocr/input_videos\上海__世博源__20260826.mp4
OBS-001198,世博源,滑板公元,滑板公元,滑板轮滑,4.8,52,,rated,True,,rated,parsed,rating_anchor,0.985,0.9993,56,12828,219.633,🌟🌟🎉🌟🌟 | 滑板轮滑￥52/人 | G | 4.8,滑板公元 | BAATEMETA | 🌟🌟🎉🌟🌟 | 滑板轮滑￥52/人 | G | 4.8 | 点评榜单 | 滑板公元 | 上海滑板轮滑热门榜第1名 | 江人品区 | 场地大又干净，上课氛围轻松有趣 | 动 | OLLIE | 7方 | ￥26.89折 | ￥360 | 【滑板培训】儿童滑... | 惠,ocr/input_videos\上海__世博源__20260826.mp4
OBS-001199,世博源,C-Oli,C-Oli,配饰,3.8,,商场内,rated,True,,rated,parsed,rating_anchor,0.89,0.9836,55,12828,219.633,⭐🌟3.8配饰 | 商场内,C-Oli | ⭐🌟3.8配饰 | 商场内,ocr/input_videos\上海__世博源__20260826.mp4
OBS-001200,世博源,茂昌眼镜,茂昌眼镜,眼镜店,,1426,,unknown,True,,ocr_missing,parsed,metadata_anchor,0.9713,0.9924,56,12828,219.633,🌟🌟🌟🎉🌟 | 眼镜店￥1426/人 | B | 14.8,茂昌眼镜 | 茂昌眼镜 | 🌟🌟🌟🎉🌟 | 眼镜店￥1426/人 | B | 14.8 | MAOCHANG | 点评榜单 | 世博源眼镜店好评榜第3名 | 百联集团员企业 | 维修眼镜技术好，店铺干净整洁 | S | ￥10￥300 | 惠 | 眼镜智耀膜升级券,ocr/input_videos\上海__世博源__20260826.mp4
OBS-001201,世博源,波司登,波司登,运动户外,4.0,1351,,rated,True,,rated,parsed,rating_anchor,0.9841,0.9999,57,12828,219.633,🌟🌟⭐ | 运动户外￥1351/人 | B | 4.0,波司登 | 🌟🌟⭐ | 运动户外￥1351/人 | B | 4.0 | 波司登 | “礼物盒领取方便，小玩意超多 | BOSIDENG,ocr/input_videos\上海__世博源__20260826.mp4
OBS-001202,世博源,科沃斯机器人,科沃斯机器人,B,3.7,,,rated,True,,rated,parsed,rating_anchor,0.9964,0.9998,51,12852,220.043,⭐🌟⭐🌟⭐ | 3.7 | 家用电器 | B,科沃斯机器人 | ⭐🌟⭐🌟⭐ | 3.7 | 家用电器 | B | ECOVACS | 科沃斯机器人 | 款式多样，扫地机器人解放双手 | “ | 惠 | ￥0￥100规划家电小科上门服务,ocr/input_videos\上海__世博源__20260826.mp4
OBS-001203,世博源,滑板公元,滑板公元,滑板轮滑,4.8,52,,rated,True,,rated,parsed,rating_anchor,0.9869,0.9992,57,12852,220.043,🌟🌟🎉🌟🌟 | G | 4.8滑板轮滑￥52/人,滑板公元 | RATEMETA | 2 | 🌟🌟🎉🌟🌟 | G | 4.8滑板轮滑￥52/人 | 点评榜单 | 滑板公元 | 上海滑板轮滑热门榜第1名 | 干人品 | 一粒DLE | 场地大又干净，上课氛围轻松有趣 | ￥26.89折 | ￥360 | 【滑板培训】儿童滑.... | 惠,ocr/input_videos\上海__世博源__20260826.mp4
OBS-001204,世博源,C-Oli,C-Oli,配饰,3.8,,商场内,rated,True,,rated,parsed,rating_anchor,0.893,0.969,52,12852,220.043,⭐⭐⭐3.8配饰 | 商场内,C-Oli | ⭐⭐⭐3.8配饰 | 商场内,ocr/input_videos\上海__世博源__20260826.mp4
OBS-001205,世博源,茂昌眼镜,茂昌眼镜,眼镜店,,1426,,unknown,True,,ocr_missing,parsed,metadata_anchor,0.9805,0.9931,56,12852,220.043,🌟🌟🌟🌟🌟 | 眼镜店￥1426/人 | B | 14.8,茂昌眼镜 | 茂昌眼镜 | 🌟🌟🌟🌟🌟 | 眼镜店￥1426/人 | B | 14.8 | MAOCHANG | 点评榜单 | 世博源眼镜店好评榜第3名 | 百联集团成员企业 | “维修眼镜技术好，店铺干净整洁 | 3 | ￥10￥300 | 惠 | 眼镜智耀膜升级券,ocr/input_videos\上海__世博源__20260826.mp4
OBS-001206,世博源,波司登,波司登,运动户外,4.0,1351,,rated,True,,rated,parsed,rating_anchor,0.9862,0.9999,64,12852,220.043,⭐ | 4.0运动户外￥1351/人 | B,波司登 | ⭐ | 4.0运动户外￥1351/人 | B | 波司登 | BOSIDENG | 礼物盒领取方便，小玩意超多,ocr/input_videos\上海__世博源__20260826.mp4
OBS-001207,世博源,茂昌眼镜,茂昌眼镜,眼镜店,4.8,1426,,rated,True,,rated,parsed,rating_anchor,0.9829,0.9991,57,12924,221.276,🌟🌟🎉🌟🌟 | 眼镜店￥1426/人 | B | 4.8,茂昌眼镜 | 茂昌眼镜 | 🌟🌟🎉🌟🌟 | 眼镜店￥1426/人 | B | 4.8 | MAOCHANG | 点评榜单 | 世博源眼镜店好评榜第3名 | 百联集团民员企党 | 3 | 维修眼镜技术好，店铺干净整洁 | ￥10￥300 | 惠 | 眼镜智耀膜升级券,ocr/input_videos\上海__世博源__20260826.mp4
OBS-001208,世博源,波司登,波司登,运动户外,4.0,1351,,rated,True,,rated,parsed,rating_anchor,0.9838,0.9999,57,12924,221.276,🌟🌟⭐ | 运动户外￥1351/人 | B | ★ | 4.0,波司登 | 🌟🌟⭐ | 运动户外￥1351/人 | B | ★ | 4.0 | 波司登 | “礼物盒领取方便，小玩意超多 | BOSIDENG | 5,ocr/input_videos\上海__世博源__20260826.mp4
OBS-001209,世博源,京东图文,京东图文,文印广告,4.2,30,L1,rated,True,,rated,parsed,rating_anchor,0.9844,0.9994,56,12924,221.276,🌟🌟🌟🎉 | L1 | 4.2文印广告￥30/人 | ★,品牌认证 | 京东图文 | 🌟🌟🌟🎉 | L1 | 4.2文印广告￥30/人 | ★ | 京东图文 | ￥9.9￥20 | 惠 | 【全城一口价】照片打印9.9...,ocr/input_videos\上海__世博源__20260826.mp4
OBS-001210,世博源,3H自修室,3H自修室,自习室,3.5,,L1,rated,True,,rated,parsed,rating_anchor,0.9991,0.9996,57,12924,221.276,🌟🌟🎉🌟⭐ | L1 | 自习室 | 3.5,3H自修室 | 🌟🌟🎉🌟⭐ | L1 | 自习室 | 3.5,ocr/input_videos\上海__世博源__20260826.mp4
OBS-001211,世博源,莲子艺术工作室,莲子艺术工作室,美术,3.6,,,rated,True,,rated,parsed,rating_anchor,0.9581,0.9998,57,12924,221.276,⭐3.6美术 | G,莲子艺术工作室 | ⭐3.6美术 | G | 休息中,ocr/input_videos\上海__世博源__20260826.mp4
OBS-001212,世博源,联想,联想,数码产品,4.8,5190,,rated,True,,rated,parsed,rating_anchor,0.9998,1.0,61,12924,221.276,🌟🌟⭐🌟4.8 | 数码产品 | ￥5190/人 | B,联想 | 联： | 🌟🌟⭐🌟4.8 | 数码产品 | ￥5190/人 | B | enovo,ocr/input_videos\上海__世博源__20260826.mp4
OBS-001213,世博源,茂昌眼镜,茂昌眼镜,眼镜店,,1426,,unknown,True,,ocr_missing,parsed,metadata_anchor,0.9859,0.999,57,12936,221.482,🌟🌟⭐⭐🌟 | 眼镜店￥1426/人 | B | 14.8,茂昌眼镜 | 茂昌眼镜 | 🌟🌟⭐⭐🌟 | 眼镜店￥1426/人 | B | 14.8 | MAOCHANG | 点评榜单 | 世博源眼镜店好评榜第3名 | 百联集团政员企业 | “维修眼镜技术好，店铺干净整洁 | 5 | 惠 | ￥10￥300 | 眼镜智耀膜升级券,ocr/input_videos\上海__世博源__20260826.mp4
OBS-001214,世博源,波司登,波司登,运动户外,4.0,1351,,rated,True,,rated,parsed,rating_anchor,0.9896,0.9999,60,12936,221.482,🌟🌟🎉⭐ | 4.0运动户外￥1351/人 | B | ★,波司登 | 🌟🌟🎉⭐ | 4.0运动户外￥1351/人 | B | ★ | 波司登 | “礼物盒领取方便，小玩意超多” | BOSIDENG,ocr/input_videos\上海__世博源__20260826.mp4
OBS-001215,世博源,京东图文,京东图文,文印广告,4.2,30,L1,rated,True,,rated,parsed,rating_anchor,0.9856,0.9996,64,12936,221.482,🌟🌟🌟⭐ | 4.2文印广告￥30/人 | L1 | ★,京东图文 | 品牌认证 | 🌟🌟🌟⭐ | 4.2文印广告￥30/人 | L1 | ★ | 京东图文 | ￥9.9￥20 | 惠 | 【全城一口价】照片打印9.9..,ocr/input_videos\上海__世博源__20260826.mp4
OBS-001216,世博源,3H自修室,3H自修室,自习室,3.5,,L1,rated,True,,rated,parsed,rating_anchor,0.9995,0.9996,57,12936,221.482,🌟🌟🌟🌟🌟 | 自习室 | 3.5 | L1,3H自修室 | 🌟🌟🌟🌟🌟 | 自习室 | 3.5 | L1,ocr/input_videos\上海__世博源__20260826.mp4
OBS-001217,世博源,莲子艺术工作室,莲子艺术工作室,美术,3.6,,,rated,True,,rated,parsed,rating_anchor,0.9987,0.9998,52,12936,221.482,3.6美术 | 🌟🌟🌟🌟🌟 | G,莲子艺术工作室 | 3.6美术 | 🌟🌟🌟🌟🌟 | G | 休息中,ocr/input_videos\上海__世博源__20260826.mp4
OBS-001218,世博源,联想,联想,B,4.8,5190,,rated,True,,rated,parsed,rating_anchor,0.9979,0.9999,65,12936,221.482,★★★★★4.8 | 数码产品 | ￥5190/人 | B,联想 | 联： | ★★★★★4.8 | 数码产品 | ￥5190/人 | B | enovo | “服务细致。 | 清灰换硅脂无需等待 | 5 | 慧服务Seryices,ocr/input_videos\上海__世博源__20260826.mp4
OBS-001219,世博源,莲子艺术工作室,莲子艺术工作室,美术,3.6,,,rated,True,,rated,parsed,rating_anchor,0.9899,0.9998,52,13020,222.92,3.6美术 | G,莲子艺术工作室 | 3.6美术 | G | 休息中,ocr/input_videos\上海__世博源__20260826.mp4
OBS-001220,世博源,联想,联想,数码产品,4.8,5190,,rated,True,,rated,parsed,rating_anchor,0.9835,0.9999,60,13020,222.92,4.8数码产品￥5190/人 | B,联想 | 联： | 4.8数码产品￥5190/人 | B | enovo | 服务细致，清灰换硅脂无需等待 | 慧服务Services,ocr/input_videos\上海__世博源__20260826.mp4
OBS-001221,世博源,SHAOFEI韶菲护理烫发染发设计,SHAOFEI韶菲护理烫发染发设计,美发,4.4,289,,rated,True,,rated,parsed,rating_anchor,0.9827,0.9987,50,13020,222.92,🌟🌟⭐⭐ | 4.4美发￥289/人 | G | ★,SHAOFEI韶菲护理烫发染发设计 | 🌟🌟⭐⭐ | 4.4美发￥289/人 | G | ★ | 上南地区洗剪吹销量榜第1名 | SHAOFEI | 理发染发效果一致，服务温柔细心” | ￥888.9折 | ￥100 | 惠 | 【洗剪吹】专业设计.,ocr/input_videos\上海__世博源__20260826.mp4
OBS-001222,世博源,蒂漫珠宝定制黄金首饰加工修理,蒂漫珠宝定制黄金首饰加工修理,综合珠宝首饰,4.4,514,,rated,True,,rated,parsed,rating_anchor,0.9631,0.9453,54,13020,222.92,4.4综合珠宝首饰￥514/人 | B,蒂漫珠宝定制黄金首饰加工修理 | 高级球国定利 | 4.4综合珠宝首饰￥514/人 | B | 五D小吊坠视觉效果绝了，排队过程非常..,ocr/input_videos\上海__世博源__20260826.mp4
OBS-001223,世博源,老庙黄金,老庙黄金,黄金首饰,3.3,4193,,rated,True,,rated,parsed,rating_anchor,0.9569,0.9564,59,13020,222.92,3.3黄金首饰￥4193/人 | B,老庙黄金 | 3.3黄金首饰￥4193/人 | B | 老庙 | 经意学象好越气。 | ￥0￥99清洗保养|专业服务 | 惠,ocr/input_videos\上海__世博源__20260826.mp4
OBS-001224,世博源,莲子艺术工作室,莲子艺术工作室,美术,3.6,,,rated,True,,rated,parsed,rating_anchor,0.9176,0.9998,55,13032,223.125,⭐⭐⭐3.6美术 | G,莲子艺术工作室 | ⭐⭐⭐3.6美术 | G | 休息中,ocr/input_videos\上海__世博源__20260826.mp4
OBS-001225,世博源,联想,联想,数码产品,4.8,5190,,rated,True,,rated,parsed,rating_anchor,0.9824,0.9999,60,13032,223.125,4.8数码产品￥5190/人 | B,联想 | 联： | 4.8数码产品￥5190/人 | B | enovo | 服务细致，清灰换硅脂无需等待 | 慧服务Services | 1,ocr/input_videos\上海__世博源__20260826.mp4
OBS-001226,世博源,SHAOFEI韶菲护理烫发染发设计,SHAOFEI韶菲护理烫发染发设计,美发,4.4,289,,rated,True,,rated,parsed,rating_anchor,0.9866,0.9984,50,13032,223.125,🌟🌟🌟🌟🌟 | 4.4美发￥289/人 | G,SHAOFEI韶菲护理烫发染发设计 | 🌟🌟🌟🌟🌟 | 4.4美发￥289/人 | G | 上南地区洗剪吹销量榜第1名 | SHAOFEI | 理发染发效果一致，服务温柔细心” | 小 | ￥888.9折 | ￥100 | 【洗剪吹】专业设计... | 惠,ocr/input_videos\上海__世博源__20260826.mp4
OBS-001227,世博源,蒂漫珠宝定制黄金首饰加工修理,蒂漫珠宝定制黄金首饰加工修理,综合珠宝首饰,4.4,514,,rated,True,,rated,parsed,rating_anchor,0.9559,0.9398,54,13032,223.125,⭐🌟⭐⭐🌟 | 4.4综合珠宝首饰￥514/人 | B,蒂漫珠宝定制黄金首饰加工修理 | 高级球国定刷 | ⭐🌟⭐⭐🌟 | 4.4综合珠宝首饰￥514/人 | B | 五D小吊坠视觉效果绝了，排队过程非常...,ocr/input_videos\上海__世博源__20260826.mp4
OBS-001228,世博源,老庙黄金,老庙黄金,黄金首饰,3.3,4193,,rated,True,,rated,parsed,rating_anchor,0.9638,0.9713,57,13032,223.125,3.3黄金首饰￥4193/人 | B,老庙黄金 | 3.3黄金首饰￥4193/人 | B | 老庙 | 经意学来好越气。 | ￥0￥99清洗保养|专业服务 | 惠,ocr/input_videos\上海__世博源__20260826.mp4
OBS-001229,世博源,蒂漫珠宝定製黃金首饰加工修理,蒂漫珠宝定制黄金首饰加工修理,综合珠宝首饰,4.4,514,,rated,True,,rated,parsed,rating_anchor,0.95,0.9376,57,13128,224.769,4.4综合珠宝首饰￥514/人 | B,蒂漫珠宝定製黃金首饰加工修理 | 高级珠宝足制 | 4.4综合珠宝首饰￥514/人 | B | 五D小吊坠视觉效果绝了，排队过程非常.. | “,ocr/input_videos\上海__世博源__20260826.mp4
OBS-001230,世博源,老庙黄金,老庙黄金,黄金首饰,3.3,4193,,rated,True,,rated,parsed,rating_anchor,0.9531,0.9478,61,13128,224.769,3.3黄金首饰￥4193/人 | B,老庙黄金 | 3.3黄金首饰￥4193/人 | B | 瑜老庙 | 华您带来好运气。 | ￥0￥99清洗保养专业服务 | 惠,ocr/input_videos\上海__世博源__20260826.mp4
OBS-001231,世博源,中国福利彩票,中国福利彩票,彩票,3.9,,,rated,True,,rated,parsed,rating_anchor,0.937,0.9999,56,13128,224.769,⭐⭐3.9彩票 | G,中国福利彩票 | 中国强研房票 | ⭐⭐3.9彩票 | G,ocr/input_videos\上海__世博源__20260826.mp4
OBS-001232,世博源,broadcast播,broadcast播,B,4.5,,,rated,True,,rated,parsed,rating_anchor,0.9983,0.9996,55,13128,224.769,🌟🌟⭐🌟4.5 | 服装 | B,broadcast播 | 播broadcast | 🌟🌟⭐🌟4.5 | 服装 | B | 点评榜单 | 上南地区服装好评榜第2名 | 衣服设计独特，面料好,ocr/input_videos\上海__世博源__20260826.mp4
OBS-001233,世博源,爱回收,爱回收,手机数码回收,3.7,,,rated,True,,rated,parsed,rating_anchor,0.9897,0.9995,62,13128,224.769,⭐3.7手机数码回收 | B,爱回收 | ⭐3.7手机数码回收 | B | 止 | 回收速度快，严选二手有质保 | 爱回收,ocr/input_videos\上海__世博源__20260826.mp4
OBS-001234,世博源,蒂漫珠宝定製黃金首饰加工修理,蒂漫珠宝定制黄金首饰加工修理,综合珠宝首饰,4.4,514,,rated,True,,rated,parsed,rating_anchor,0.9559,0.9405,54,13164,225.385,4.4综合珠宝首饰￥514/人 | B,蒂漫珠宝定製黃金首饰加工修理 | 高级球宝定训 | 4.4综合珠宝首饰￥514/人 | B | 五D小吊坠视觉效果绝了，排队过程非常... | “,ocr/input_videos\上海__世博源__20260826.mp4
OBS-001235,世博源,老庙黄金,老庙黄金,黄金首饰,3.3,4193,,rated,True,,rated,parsed,rating_anchor,0.9484,0.9344,60,13164,225.385,3.3黄金首饰￥4193/人 | B,老庙黄金 | 3.3黄金首饰￥4193/人 | B | 瑜老庙 | 华您带来好场气。 | ￥0￥99清洗保养|专业服务 | 惠,ocr/input_videos\上海__世博源__20260826.mp4
OBS-001236,世博源,中国福利彩票,中国福利彩票,彩票,3.9,,,rated,True,,rated,parsed,rating_anchor,0.9573,0.9999,55,13164,225.385,⭐3.9彩票 | G,中国福利彩票 | 中国强动关 | ⭐3.9彩票 | G,ocr/input_videos\上海__世博源__20260826.mp4
OBS-001237,世博源,broadcast播,broadcast播,B,4.5,,,rated,True,,rated,parsed,rating_anchor,0.9983,0.9996,56,13164,225.385,🌟🌟🌟🌟🌟 | 服装 | 4.5 | B,broadcast播 | 播broadcast | 🌟🌟🌟🌟🌟 | 服装 | 4.5 | B | 点评榜单 | 上南地区服装好评榜第2名 | 衣服设计独特，面料好,ocr/input_videos\上海__世博源__20260826.mp4
OBS-001238,世博源,爱回收,爱回收,手机数码回收,3.7,,,rated,True,,rated,parsed,rating_anchor,0.9991,0.9992,62,13164,225.385,🌟🌟⭐⭐🌟 | 3.7手机数码回收 | B,爱回收 | 🌟🌟⭐⭐🌟 | 3.7手机数码回收 | B | 回收速度快，严选二手有质保 | “ | 2 | 爱回收 | 源氏木语 | 「新实木主义,ocr/input_videos\上海__世博源__20260826.mp4
OBS-001239,世博源,爱回收,爱回收,手机数码回收,3.7,,,rated,True,,rated,parsed,rating_anchor,0.9989,0.9985,59,13224,226.413,⭐🌟💖🌟⭐ | 3.7手机数码回收 | B,爱回收 | ? | ⭐🌟💖🌟⭐ | 3.7手机数码回收 | B | 回收速度快，严选二手有质保” | 爱回收,ocr/input_videos\上海__世博源__20260826.mp4
OBS-001240,世博源,源氏木语,源氏木语,成品家具,4.7,8885,,rated,True,,rated,parsed,rating_anchor,0.9904,0.9998,53,13224,226.413,⭐🌟⭐🌟 | 4.7成品家具￥8885/人 | B,源氏木语 | 「新实木主义 | ⭐🌟⭐🌟 | 4.7成品家具￥8885/人 | B | 限时 | 22% | 立减 | 服务细节到位，售后处理妥妥的 | 民：E6-9/9 | 源氏术语×超品日 | 惠￥1￥999 | 效果图|全屋空间3D效果搭..,ocr/input_videos\上海__世博源__20260826.mp4
OBS-001241,世博源,诗凡黎,诗凡黎,服装,3.6,855,,rated,True,,rated,parsed,rating_anchor,0.9811,0.9918,55,13224,226.413,🌟🌟🌟🌟⭐ | 3.6服装￥855/人 | G,诗凡黎 | 🌟🌟🌟🌟⭐ | 3.6服装￥855/人 | G | 营业员熟悉喜好，衣服款式多样 | “ | 1,ocr/input_videos\上海__世博源__20260826.mp4
OBS-001242,世博源,半亩花田芳疗SPA,半亩花田芳疗SPA,SPA美体,4.7,472,L1,rated,True,,rated,parsed,rating_anchor,0.9741,0.9986,53,13224,226.413,4.7SPA美体￥472/人 | L1,半亩花田芳疗SPA | 4.7SPA美体￥472/人 | L1 | 半|亩|花|田 | 上南地区美容/SPA热门榜第3名 | 点评榜单 | PSPA | 绿植花卉布置，按摩舒适温馨 | 3 | ￥4136.9折 | ￥60070分钟皮肤管理面... | 惠,ocr/input_videos\上海__世博源__20260826.mp4
OBS-001243,世博源,耐克,耐克,运动户外,3.7,747,,rated,True,,rated,parsed,rating_anchor,0.9774,0.999,60,13224,226.413,🌟🌟🌟🌟⭐ | G | 运动户外￥747/人 | 3.7,耐克 | 🌟🌟🌟🌟⭐ | G | 运动户外￥747/人 | 3.7 | 耐克gtcut3系列，清新简洁设计 | YY医,ocr/input_videos\上海__世博源__20260826.mp4
OBS-001244,世博源,爱回收,爱回收,手机数码回收,3.7,,,rated,True,,rated,parsed,rating_anchor,0.9993,0.9995,59,13236,226.618,3.7手机数码回收 | 🌟🌟🌟🌟🌟 | B,爱回收 | 3.7手机数码回收 | 🌟🌟🌟🌟🌟 | B | 回收速度快，严选二手有质保 | 爱回收,ocr/input_videos\上海__世博源__20260826.mp4
OBS-001245,世博源,源氏木语,源氏木语,成品家具,4.7,8885,,rated,True,,rated,parsed,rating_anchor,0.9812,0.9998,53,13236,226.618,成品家具￥8885/人 | 🌟🌟🌟⭐🌟 | 4.7 | B,源氏木语 | 「新实木主义 | 成品家具￥8885/人 | 🌟🌟🌟⭐🌟 | 4.7 | B | 限时 | 22% | 立减 | 服务细节到位，售后处理妥妥的 | 地式：A-919 | 源氏术语×超品日 | 惠￥1￥999效果图|全屋空间3D效果搭...,ocr/input_videos\上海__世博源__20260826.mp4
OBS-001246,世博源,诗凡黎,诗凡黎,服装,3.6,855,,rated,True,,rated,parsed,rating_anchor,0.9782,0.9971,54,13236,226.618,⭐🌟🌟🌟⭐ | 服装￥855/人 | G | 3.6,诗凡黎 | ⭐🌟🌟🌟⭐ | 服装￥855/人 | G | 3.6 | 营业员熟悉喜好，衣服款式多样,ocr/input_videos\上海__世博源__20260826.mp4
OBS-001247,世博源,半亩花田芳疗SPA,半亩花田芳疗SPA,SPA美体,4.7,472,L1,rated,True,,rated,parsed,rating_anchor,0.9802,0.9992,48,13236,226.618,⭐🌟🌟🌟🌟 | SPA美体￥472/人 | L1 | 4.7,半亩花田芳疗SPA | ⭐🌟🌟🌟🌟 | SPA美体￥472/人 | L1 | 4.7 | 半亩|花|田 | 万疗BPA | 点评榜单 | 上南地区美容/SPA热门榜第3名 | 绿植花卉布置，按摩舒适温馨 | 2 | ￥413 | 6.9折 | 惠 | ￥60070分钟皮肤管理面...,ocr/input_videos\上海__世博源__20260826.mp4
OBS-001248,世博源,耐克,耐克,运动户外,3.7,747,,rated,True,,rated,parsed,rating_anchor,0.9732,0.9992,58,13236,226.618,⭐⭐🌟🌟3.7 | 运动户外￥747/人 | G,耐克 | ⭐⭐🌟🌟3.7 | 运动户外￥747/人 | G | 耐克gtcut3系列，清新简洁设计 | YY银男,ocr/input_videos\上海__世博源__20260826.mp4
OBS-001249,世博源,爱回收,爱回收,B,3.7,,,rated,True,,rated,parsed,rating_anchor,0.9979,0.9993,62,13260,227.029,🌟🌟★💥🌟 | 手机数码回收 | 3.7 | B,爱回收 | 🌟🌟★💥🌟 | 手机数码回收 | 3.7 | B | 回收速度快，严选二手有质保 | K | 爱回收,ocr/input_videos\上海__世博源__20260826.mp4
OBS-001250,世博源,源氏木语,源氏木语,成品家具,4.7,8885,,rated,True,,rated,parsed,rating_anchor,0.9873,0.9997,53,13260,227.029,⭐🌟⭐🌟🌟 | 成品家具￥8885/人 | 4.7 | B,源氏木语 | 「新实木主义 | ⭐🌟⭐🌟🌟 | 成品家具￥8885/人 | 4.7 | B | 限时 | 22% | 立减 | 服务细节到位，售后处理妥妥的 | ：L-9/9 | 源氏木语×超品日 | ￥1￥999效果图1全屋空间3D效果搭.. | 惠,ocr/input_videos\上海__世博源__20260826.mp4
OBS-001251,世博源,诗凡黎,诗凡黎,服装,3.6,855,,rated,True,,rated,parsed,rating_anchor,0.9779,0.9981,61,13260,227.029,🌟🌟🌟🌟🌟 | G | 3.6服装￥855/人,诗凡黎 | 🌟🌟🌟🌟🌟 | G | 3.6服装￥855/人 | 营业员熟悉喜好，衣服款式多样,ocr/input_videos\上海__世博源__20260826.mp4
OBS-001252,世博源,半亩花田芳疗SPA,半亩花田芳疗SPA,SPA美体,4.7,472,L1,rated,True,,rated,parsed,rating_anchor,0.9847,0.9991,50,13260,227.029,4.7 | 🌟🌟🎉🌟 | L1 | SPA美体￥472/人,半亩花田芳疗SPA | 4.7 | 🌟🌟🎉🌟 | L1 | SPA美体￥472/人 | 半|亩|花|田 | 万疗8PA | 点评榜单 | 上南地区美容/SPA热门榜第3名 | 绿植花卉布置，按摩舒适温馨 | 2 | ￥413 | 惠 | 6.9折 | ￥60070分钟皮肤管理面...,ocr/input_videos\上海__世博源__20260826.mp4
OBS-001253,世博源,耐克,耐克,运动户外,3.7,747,,rated,True,,rated,parsed,rating_anchor,0.9608,0.9985,58,13260,227.029,🌟🌟★3.7 | G | 运动户外￥747/人,耐克 | 🌟🌟★3.7 | G | 运动户外￥747/人 | 耐克gtcut3系列，清新简洁设计 | YY | 轮悦冰嬉轮滑 | 新店 | 滑板轮滑,ocr/input_videos\上海__世博源__20260826.mp4
OBS-001254,世博源,半亩花田芳疗SPA,半亩花田芳疗SPA,SPA美体,4.7,472,L1,rated,True,,rated,parsed,rating_anchor,0.9749,0.9986,54,13332,228.262,4.7SPA美体￥472/人 | L1,半亩花田芳疗SPA | 4.7SPA美体￥472/人 | L1 | 半|亩|花|田 | 点评榜单 | 腔BPA | 上南地区美容/SPA热门榜第3名 | 绿植花卉布置，按摩舒适温馨 | 力 | ￥4136.9折 | 惠 | ￥60070分钟皮肤管理面...,ocr/input_videos\上海__世博源__20260826.mp4
OBS-001255,世博源,耐克,耐克,运动户外,3.7,747,,rated,True,,rated,parsed,rating_anchor,0.981,0.9987,61,13332,228.262,★★★★★ | G | 3.7运动户外￥747/人,耐克 | ★★★★★ | G | 3.7运动户外￥747/人 | 耐克gtcut3系列，清新简洁设计” | YY聘,ocr/input_videos\上海__世博源__20260826.mp4
OBS-001256,世博源,轮悦冰嬉轮滑,轮悦冰嬉轮滑,滑板轮滑,,,L1,new_store,False,new_store,ocr_missing,parsed,metadata_anchor,0.9951,0.9909,51,13332,228.262,新店 | 滑板轮滑 | L1,轮悦冰嬉轮滑 | 新店 | 滑板轮滑 | L1 | 轮折冰婚 | UNYUE | acc | BINGXI | 点评榜单 | 浦东新区滑板轮滑热门榜第5名 | ￥150 | ￥9.9 | 5折 | 【青少年轮滑】轮滑小. | 惠,ocr/input_videos\上海__世博源__20260826.mp4
OBS-001257,世博源,乐高授权专卖店,乐高授权专卖店,玩具,4.6,457,商场内,rated,True,,rated,parsed,rating_anchor,0.9613,0.9992,52,13332,228.262,4.6玩具￥457/人 | 商场内,乐高授权专卖店 | 4.6玩具￥457/人 | 商场内 | 乐高墙适合各年龄段，消磨时光好去处,ocr/input_videos\上海__世博源__20260826.mp4
OBS-001258,世博源,LOOK眼镜,LOOK眼镜,眼镜店,4.9,490,,rated,True,,rated,parsed,rating_anchor,0.9713,0.9913,53,13332,228.262,🌟🌟🎉🌟🌟 | 眼镜店￥490/人 | 4.9 | B,LOOK眼镜 | 🌟🌟🎉🌟🌟 | LOOK | 眼镜店￥490/人 | 4.9 | B | 点评榜单 | 上南地区眼镜店好评榜第1名 | LOOK AT LOOK | 白在看见 | 0 | 硅水凝胶镜片，16小时水润舒适 | “ | ￥7.56 | ￥59成人验光提供验光数据 | 8.5折 | 惠,ocr/input_videos\上海__世博源__20260826.mp4
OBS-001259,世博源,半亩花田芳疗SPA,半亩花田芳疗SPA,SPA美体,4.7,472,L1,rated,True,,rated,parsed,rating_anchor,0.978,0.9992,54,13380,229.084,4.7SPA美体￥472/人 | L1,半亩花田芳疗SPA | 4.7SPA美体￥472/人 | L1 | 半|亩|花|田 | 点评榜单 | 万PSPA | 上南地区美容/SPA热门榜第3名 | 绿植花卉布置，按摩舒适温馨 | ￥4136.9折 | ￥60070分钟皮肤管理面... | 惠,ocr/input_videos\上海__世博源__20260826.mp4
OBS-001260,世博源,耐克,耐克,运动户外,3.7,747,,rated,True,,rated,parsed,rating_anchor,0.9781,0.9997,65,13380,229.084,3.7运动户外￥747/人 | G,耐克 | 3.7运动户外￥747/人 | G | “耐克gtcut3系列，清新简洁设计” | YY,ocr/input_videos\上海__世博源__20260826.mp4
OBS-001261,世博源,轮悦冰嬉轮滑,轮悦冰嬉轮滑,滑板轮滑,,,L1,new_store,False,new_store,ocr_missing,parsed,metadata_anchor,0.9945,0.9899,54,13380,229.084,新店 | L1 | 滑板轮滑,轮悦冰嬉轮滑 | 新店 | L1 | 滑板轮滑 | 无帆米婚 | ccc | 点评榜单 | 浦东新区滑板轮滑热门榜第5名 | ￥9.9 | 5折 | ￥150 | 【青少年轮滑】轮滑小.. | 惠,ocr/input_videos\上海__世博源__20260826.mp4
OBS-001262,世博源,乐高授权专卖店,乐高授权专卖店,玩具,4.6,457,商场内,rated,True,,rated,parsed,rating_anchor,0.9689,0.9997,55,13380,229.084,4.6玩具￥457/人 | 商场内,乐高授权专卖店 | 4.6玩具￥457/人 | 商场内 | 乐高墙适合各年龄段，消磨时光好去处”,ocr/input_videos\上海__世博源__20260826.mp4
OBS-001263,世博源,LOOK眼镜,LOOK眼镜,眼镜店,4.9,,,rated,True,,rated,parsed,rating_anchor,0.9787,0.9931,53,13380,229.084,4.9眼镜店490/人 | B,LOOK眼镜 | 4.9眼镜店490/人 | LOOK | B | 点评榜单 | 上南地区眼镜店好评榜第1名 | LOOK AT LOOK | 自在看见 | D | 硅水凝胶镜片，16小时水润舒适 | “ | ￥7.56 | ￥59成人验光提供验光数据 | 8.5折 | 惠,ocr/input_videos\上海__世博源__20260826.mp4
OBS-001264,世博源,轮悦冰嬉轮滑,轮悦冰嬉轮滑,滑板轮滑,,,L1,new_store,False,new_store,ocr_missing,parsed,metadata_anchor,0.9911,0.9844,57,13416,229.7,新店 | L1 | 滑板轮滑,轮悦冰嬉轮滑 | 新店 | L1 | 滑板轮滑 | 轮折冰婚 | UNYUE | racc | BINGXI | 点评榜单 | 浦东新区滑板轮滑热门榜第5名 | 5折 | ￥9.9 | ￥150 | 惠 | 【青少年轮滑】轮滑..,ocr/input_videos\上海__世博源__20260826.mp4
OBS-001265,世博源,乐高授权专卖店,乐高授权专卖店,玩具,4.6,457,商场内,rated,True,,rated,parsed,rating_anchor,0.9665,0.999,55,13416,229.7,4.6玩具￥457/人 | 商场内 | ★★★★★,乐高授权专卖店 | 4.6玩具￥457/人 | 商场内 | ★★★★★ | 乐高墙适合各年龄段，消磨时光好去处 | 4,ocr/input_videos\上海__世博源__20260826.mp4
OBS-001266,世博源,LOOK眼镜,LOOK眼镜,眼镜店,,490,,unknown,True,,ocr_missing,parsed,metadata_anchor,0.9654,0.9952,53,13416,229.7,★★★★賣 | 眼镜店￥490/人 | B | 14.9,LOOK眼镜 | LOOK | ★★★★賣 | 眼镜店￥490/人 | B | 14.9 | 点评榜单 | LOOK AT LOOK | 上南地区眼镜店好评榜第1名 | 白在看见 | a1 | 硅水凝胶镜，16小时水润舒适 | “ | ￥7.56 | 8.5折 | ￥59成人验光提供验光数据 | 惠,ocr/input_videos\上海__世博源__20260826.mp4
OBS-001267,世博源,海马体照相馆,海马体照相馆,快照摄影,4.0,203,,rated,True,,rated,parsed,rating_anchor,0.9807,0.9997,52,13416,229.7,🌟🌟🌟🌟 | 快照摄影￥203/人 | G | 4.0 | ★,海马体照相馆 | OMONa | 🌟🌟🌟🌟 | 快照摄影￥203/人 | G | 4.0 | ★ | “浪漫活的记录者，证件照效果级棒 | 我的人生证件照 | ￥99 | ￥919.7折 | 惠 | 【毕业季热卖】儿童证...,ocr/input_videos\上海__世博源__20260826.mp4
OBS-001268,世博源,丽尔美睫·千人千眼AI动态美睫,丽尔美睫·千人千眼AI动态美睫,美甲,4.5,276,L1,rated,True,,rated,parsed,rating_anchor,0.9381,0.9758,54,13416,229.7,L1 | 4.5美甲￥276/人,丽尔美睫·千人千眼AI动态美睫 | L1 | 4.5美甲￥276/人 | 点评榜单 | 上南地区美甲美睫热门榜第2名 | 画美多巴胺，情美美哒” | “,ocr/input_videos\上海__世博源__20260826.mp4
OBS-001269,世博源,示同汉仪マ头,示同汉仪マ头,玩具,4.6,457,商场内,rated,True,,rated,parsed,rating_anchor,0.7325,0.585,31,13440,230.111,商场内 | 🌟4.6玩具￥457/人,示同汉仪マ头 | 商场内 | 🌟4.6玩具￥457/人 | 乐高墙适合各年龄段，消磨时光好去处,ocr/input_videos\上海__世博源__20260826.mp4
OBS-001270,世博源,LOOK眼镜,LOOK眼镜,眼镜店,4.9,490,,rated,True,,rated,parsed,rating_anchor,0.978,0.9966,53,13440,230.111,🌟🌟🎉⭐4.9 | 眼镜店￥490/人 | B,LOOK眼镜 | LOOK | 🌟🌟🎉⭐4.9 | 眼镜店￥490/人 | B | 点评榜单 | 上南地区眼镜店好评榜第1名 | LOOK AT LOOK | 自在看见 | 0 | 硅水凝胶镜片，16小时水润舒适 | 5 | ￥7.56 | 8.5折 | ￥59成人验光提供验光数据 | 惠,ocr/input_videos\上海__世博源__20260826.mp4
OBS-001271,世博源,海马体照相馆,海马体照相馆,快照摄影,4.0,203,,rated,True,,rated,parsed,rating_anchor,0.9816,0.9998,55,13440,230.111,🌟🌟🎉⭐🌟 | 快照摄影￥203/人 | 4.0,海马体照相馆 | 0a | 🌟🌟🎉⭐🌟 | 快照摄影￥203/人 | 4.0 | “浪漫生活的记录者，证件照效果一级棒” | 我的人生证件照 | ￥919.7折 | ￥99 | 惠 | 【毕业季热卖】儿童证...,ocr/input_videos\上海__世博源__20260826.mp4
OBS-001272,世博源,丽尔美睫·千人千眼 AI动态美睫,丽尔美睫·千人千眼AI动态美睫,美甲,4.5,276,L1,rated,True,,rated,parsed,rating_anchor,0.9601,0.9775,51,13440,230.111,L1 | 4.5美甲￥276/人,まつネイル | 丽尔美睫·千人千眼 AI动态美睫 | NalEyelashes | 上海 | L1 | 4.5美甲￥276/人 | 点评榜单 | 上南地区美甲美睫热门榜第2名 | 画美多巴胺，心情美美哒 | “ | J | e尔美业 | S | 2 | ￥889折 | ￥168足部纯色·百色任选+四.. | 惠,ocr/input_videos\上海__世博源__20260826.mp4
OBS-001273,世博源,Wacoal,Wacoal,内衣,3.5,658,,rated,True,,rated,parsed,rating_anchor,0.9753,0.9992,50,13440,230.111,3.5内衣￥658/人,Wacoal | 3.5内衣￥658/人 | 金标款支撑技术升级，品质独一无二 | “,ocr/input_videos\上海__世博源__20260826.mp4
OBS-001274,世博源,示同汉仪マ头,示同汉仪マ头,玩具,4.6,457,商场内,rated,True,,rated,parsed,rating_anchor,0.7712,0.6028,31,13476,230.727,商场内 | 4.6玩具￥457/人,示同汉仪マ头 | 商场内 | 4.6玩具￥457/人 | 乐高墙适合各年龄段，消磨时光好去处,ocr/input_videos\上海__世博源__20260826.mp4
OBS-001275,世博源,LOOK眼镜,LOOK眼镜,眼镜店,4.9,490,,rated,True,,rated,parsed,rating_anchor,0.977,0.9965,53,13476,230.727,⭐🌟🎉🎉🎉4.9 | 眼镜店￥490/人 | B,LOOK眼镜 | ⭐🌟🎉🎉🎉4.9 | LOOK | 眼镜店￥490/人 | B | 点评榜单 | 上南地区眼镜店好评榜第1名 | LOOK AT LOOK | 自在看见 | 0 | 硅水凝胶镜片，16小时水润舒适 | D | “ | ￥7.56 | 8.5折 | ￥59成人验光提供验光数据 | 惠,ocr/input_videos\上海__世博源__20260826.mp4
OBS-001276,世博源,海马体照相馆,海马体照相馆,快照摄影,4.0,203,,rated,True,,rated,parsed,rating_anchor,0.9815,0.9997,55,13476,230.727,🌟🌟🌟🎉⭐ | 快照摄影￥203/人 | 4.0 | G,海马体照相馆 | 0aa | 🌟🌟🌟🎉⭐ | 快照摄影￥203/人 | 4.0 | G | “浪漫生活的记录者，证件照效果一级棒” | 我的人生证件照 | ￥919.7折 | ￥99 | 惠 | 【毕业季热卖】儿童证..,ocr/input_videos\上海__世博源__20260826.mp4
OBS-001277,世博源,丽尔美睫·千人千眼 AI动态美睫,丽尔美睫·千人千眼AI动态美睫,美甲,4.5,276,L1,rated,True,,rated,parsed,rating_anchor,0.9604,0.9727,51,13476,230.727,L1 | 4.5美甲￥276/人,まつネイル | 丽尔美睫·千人千眼 AI动态美睫 | NalEyelashes | 上 | L1 | 4.5美甲￥276/人 | 点评榜单 | 上南地区美甲美睫热门榜第2名 | 画美多巴胺，心情美美哒 | “ | 5 | le图尔美业 | S | ￥889折 | ￥168足部纯色·百色任选+四... | 惠,ocr/input_videos\上海__世博源__20260826.mp4
OBS-001278,世博源,Wacoal,Wacoal,内衣,3.5,658,,rated,True,,rated,parsed,rating_anchor,0.9708,0.9992,50,13476,230.727,3.5内衣￥658/人,Wacoal | 3.5内衣￥658/人 | 金标款支撑技术升级，品质独一无二 | 4 | 周大福CHOW TAI FOOK,ocr/input_videos\上海__世博源__20260826.mp4
OBS-001279,世博源,示同汉仪マ头,示同汉仪マ头,玩具,4.6,457,商场内,rated,True,,rated,parsed,rating_anchor,0.7592,0.5791,31,13488,230.933,商场内 | 4.6玩具￥457/人,示同汉仪マ头 | 商场内 | 4.6玩具￥457/人 | 乐高墙适合各年龄段，消磨时光好去处,ocr/input_videos\上海__世博源__20260826.mp4
OBS-001280,世博源,LOOK眼镜,LOOK眼镜,眼镜店,4.9,490,,rated,True,,rated,parsed,rating_anchor,0.9764,0.9954,53,13488,230.933,🌟🌟🎉🎉🎉4.9 | 眼镜店￥490/人 | B,LOOK眼镜 | 🌟🌟🎉🎉🎉4.9 | LOOK | 眼镜店￥490/人 | B | 点评榜单 | 上南地区眼镜店好评榜第1名 | LOOK AT LOOK | 自在看见 | 0 | 硅水凝胶镜片，16小时水润舒适 | D | “ | ￥7.56 | 8.5折 | ￥59成人验光提供验光数据 | 惠,ocr/input_videos\上海__世博源__20260826.mp4
OBS-001281,世博源,海马体照相馆,海马体照相馆,快照摄影,4.0,203,,rated,True,,rated,parsed,rating_anchor,0.9818,0.9997,55,13488,230.933,🌟🌟🌟🎉⭐ | 快照摄影￥203/人 | 4.0 | G,海马体照相馆 | D0aa | 🌟🌟🌟🎉⭐ | 快照摄影￥203/人 | 4.0 | G | “浪漫生活的记录者，证件照效果一级棒” | 我的人生证件照 | ￥919.7折 | ￥99 | 惠 | 【毕业季热卖】儿童证..,ocr/input_videos\上海__世博源__20260826.mp4
OBS-001282,世博源,丽尔美睫·千人千眼 AI动态美睫,丽尔美睫·千人千眼AI动态美睫,美甲,4.5,276,L1,rated,True,,rated,parsed,rating_anchor,0.9614,0.9718,51,13488,230.933,L1 | 4.5美甲￥276/人,まつネイル | 丽尔美睫·千人千眼 AI动态美睫 | NalEyelashes | 上 | L1 | 4.5美甲￥276/人 | 点评榜单 | 上南地区美甲美睫热门榜第2名 | 画美多巴胺，心情美美哒 | “ | 5 | e尔美业 | ￥889折 | ￥168足部纯色·百色任选+四... | 惠,ocr/input_videos\上海__世博源__20260826.mp4
OBS-001283,世博源,Wacoal,Wacoal,内衣,3.5,658,,rated,True,,rated,parsed,rating_anchor,0.9406,0.9992,50,13488,230.933,★3.5内衣￥658/人,Wacoal | ★3.5内衣￥658/人 | 金标款支撑技术升级，品质独一无二 | “ | 周大福CHOW TAI FOOK,ocr/input_videos\上海__世博源__20260826.mp4
OBS-001284,世博源,丽尔美睫·千人千眼 AI动态美睫,丽尔美睫·千人千眼AI动态美睫,美甲,4.5,276,L1,rated,True,,rated,parsed,rating_anchor,0.9467,0.9515,51,13548,231.96,L1 | 4.5美甲￥276/人,つネイル | 丽尔美睫·千人千眼 AI动态美睫 | Nelttyelashes | 上海 | L1 | 1 | 4.5美甲￥276/人 | 点评榜单 | 上南地区美甲美睫热门榜第2名 | 画美多巴胺，心情美美哒 | “ | e面尔类业 | ￥889折 | ￥168部纯·百色任选+四... | 惠,ocr/input_videos\上海__世博源__20260826.mp4
OBS-001285,世博源,Wacoal,Wacoal,内衣,3.5,,,rated,True,,rated,parsed,rating_anchor,0.9842,0.9989,53,13548,231.96,3.5内衣658/人,Wacoal | 3.5内衣658/人 | 金标款支撑技术升级，品质独一无” | ≤,ocr/input_videos\上海__世博源__20260826.mp4
OBS-001286,世博源,周大福CHOWTAI FOOK,周大福CHOWTAIFOOK,黄金首饰,4.2,5643,,rated,True,,rated,parsed,rating_anchor,0.9228,0.9566,54,13548,231.96,4.2黄金首饰￥5643/人 | B,周大福CHOWTAI FOOK | 4.2黄金首饰￥5643/人 | 周大福 | B | 寓意好，款式传承经典 | SINCE 1929,ocr/input_videos\上海__世博源__20260826.mp4
OBS-001287,世博源,G地公园·少儿体能跑酷运动中心,G地公园·少儿体能跑酷运动中心,体适能培训,4.6,,,rated,True,,rated,parsed,rating_anchor,0.987,0.9805,55,13548,231.96,4.6体适能培训 | G,G地公园·少儿体能跑酷运动中心 | 【4-16】跑酷 | 4.6体适能培训 | G | 点评榜单 | 世博源运动培训好评榜第4名 | 运动量大，体验超有趣” | 惠￥99￥400 | 【少跑酷体验】体育中考.,ocr/input_videos\上海__世博源__20260826.mp4
OBS-001288,世博源,安踏大货,安踏大货,运动户外,3.9,504,,rated,True,,rated,parsed,rating_anchor,0.963,0.9976,56,13548,231.96,3.9运动户外￥504/人 | G,安踏大货 | 3.9运动户外￥504/人 | G | “沙发级缓震脚感，跑步体验超棒”,ocr/input_videos\上海__世博源__20260826.mp4
OBS-001289,世博源,Wacoal,Wacoal,内衣,3.5,658,,rated,True,,rated,parsed,rating_anchor,0.965,0.999,50,13584,232.576,3.5内衣￥658/人,Wacoal | 3.5内衣￥658/人 | 金标款支撑技术升级，品质独一无“ | “,ocr/input_videos\上海__世博源__20260826.mp4
OBS-001290,世博源,周大福CHOW TAI FOOK,周大福CHOWTAIFOOK,黄金首饰,4.2,5643,,rated,True,,rated,parsed,rating_anchor,0.9488,0.943,51,13584,232.576,4.2黄金首饰￥5643/人 | B,周大福CHOW TAI FOOK | 4.2黄金首饰￥5643/人 | B | 周大福 | 寓意好，款式传承经典 | SINCE 1929,ocr/input_videos\上海__世博源__20260826.mp4
OBS-001291,世博源,G地公园·少儿体能跑酷运动中心,G地公园·少儿体能跑酷运动中心,体适能培训,4.6,,,rated,True,,rated,parsed,rating_anchor,0.9952,0.9922,51,13584,232.576,🌟🌟🌟🌟🌟 | 4.6体适能培训 | G,G地公园·少儿体能跑酷运动中心 | 【4-16】跑酷 | 🌟🌟🌟🌟🌟 | 4.6体适能培训 | G | 点评榜单 | 世博源运动培训好评榜第4名 | 运动量大，体验超有趣 | “ | ￥99￥400 | 【少儿跑酷体验】体育中考. | 惠,ocr/input_videos\上海__世博源__20260826.mp4
OBS-001292,世博源,安踏大货,安踏大货,运动户外,3.9,504,,rated,True,,rated,parsed,rating_anchor,0.9717,0.9989,56,13584,232.576,🌟3.9 | 运动户外￥504/人 | G,安踏大货 | 🌟3.9 | 运动户外￥504/人 | G | 沙发级缓震脚感，跑步体验超棒,ocr/input_videos\上海__世博源__20260826.mp4
OBS-001293,世博源,vivo客户服务中心,vivo客户服务中心,手机维修,,,,unrated,False,explicitly_unrated,unrated,parsed,unrated_anchor,0.9969,0.9944,55,13584,232.576,手机维修 | ★🌟★🌟 | 暂无星级 | G,vivo客户服务中心 | 手机维修 | ★🌟★🌟 | 暂无星级 | G | vivo | 百米英语 | 工行 | 年,ocr/input_videos\上海__世博源__20260826.mp4
OBS-001294,世博源,安踏大货,安踏大货,运动户外,3.9,504,,rated,True,,rated,parsed,rating_anchor,0.9749,0.998,57,13680,234.22,⭐🌟🌟🌟🌟 | 运动户外￥504/人 | G | 3.9,安踏大货 | ⭐🌟🌟🌟🌟 | 运动户外￥504/人 | G | 3.9 | 沙发级缓震脚感，跑步体验超棒 | 5,ocr/input_videos\上海__世博源__20260826.mp4
OBS-001295,世博源,vivo客户服务中心,vivo客户服务中心,手机维修,,,,unrated,False,explicitly_unrated,unrated,parsed,unrated_anchor,0.9967,0.9936,57,13680,234.22,暂无星级 | 手机维修 | ★★★★★ | G,vivo客户服务中心 | 暂无星级 | 手机维修 | ★★★★★ | G | vivo,ocr/input_videos\上海__世博源__20260826.mp4
OBS-001296,世博源,百米英语,百米英语,英语,,,,unrated,False,explicitly_unrated,unrated,parsed,unrated_anchor,0.9998,0.9997,57,13680,234.22,英语 | ⭐🌟⭐🌟🌟 | 暂无星级 | G,百米英语 | 爱 | 英语 | ⭐🌟⭐🌟🌟 | 暂无星级 | G,ocr/input_videos\上海__世博源__20260826.mp4
OBS-001297,世博源,HAN CASA,HANCASA,购物,,,L1,unrated,False,explicitly_unrated,unrated,parsed,unrated_anchor,0.9901,0.9803,48,13680,234.22,购物 | L1 | ★★★★★ | 暂无星级,HAN CASA | 购物 | L1 | ★★★★★ | 暂无星级,ocr/input_videos\上海__世博源__20260826.mp4
OBS-001298,世博源,高派文化,高派文化,,,,L2,unrated,False,explicitly_unrated,unrated,missing,unrated_anchor,0.9996,0.9996,60,13680,234.22,🌟🌟🌟🌟🌟 | 暂无星级 | 生活服务 | L2,高派文化 | 🌟🌟🌟🌟🌟 | 暂无星级 | 生活服务 | L2 | 生活服务,ocr/input_videos\上海__世博源__20260826.mp4
OBS-001299,世博源,一加,一加,数码产品,,,,unrated,False,explicitly_unrated,unrated,parsed,unrated_anchor,0.9997,0.9997,67,13680,234.22,★★★★★ | 暂无星级 | 数码产品 | G,一加 | ★★★★★ | 暂无星级 | 数码产品 | G,ocr/input_videos\上海__世博源__20260826.mp4
OBS-001300,世博源,日不央洁,日不央洁,英语,,,,unrated,False,explicitly_unrated,unrated,parsed,unrated_anchor,0.8927,0.7855,35,13764,235.658,英语 | ★★★🌟 | 暂无星级 | G,日不央洁 | 英语 | ★★★🌟 | 暂无星级 | G,ocr/input_videos\上海__世博源__20260826.mp4
OBS-001301,世博源,HAN CASA,HANCASA,购物,,,L1,unrated,False,explicitly_unrated,unrated,parsed,unrated_anchor,0.9923,0.9845,48,13764,235.658,购物 | 暂无星级 | L1 | ★🌟💥🌟,HAN CASA | 购物 | 暂无星级 | L1 | ★🌟💥🌟,ocr/input_videos\上海__世博源__20260826.mp4
OBS-001302,世博源,高派文化,高派文化,,,,L2,unrated,False,explicitly_unrated,unrated,missing,unrated_anchor,0.9999,0.9999,57,13764,235.658,🌟🌟🌟🌟🌟 | 暂无星级 | L2 | 生活服务,高派文化 | 🌟🌟🌟🌟🌟 | 暂无星级 | L2 | 生活服务 | 生活服务,ocr/input_videos\上海__世博源__20260826.mp4
OBS-001303,世博源,一加,一加,数码产品,,,,unrated,False,explicitly_unrated,unrated,parsed,unrated_anchor,0.9995,0.9993,63,13764,235.658,★★★★★ | 暂无星级 | 数码产品 | G,一加 | ★★★★★ | 暂无星级 | 数码产品 | G,ocr/input_videos\上海__世博源__20260826.mp4
OBS-001304,世博源,mirabell,mirabell,服饰鞋包,,,L1,unrated,False,explicitly_unrated,unrated,parsed,unrated_anchor,0.9989,0.9989,55,13764,235.658,服饰鞋包 | L1 | ★★★★★ | 暂无星级,mirabell | 服饰鞋包 | L1 | ★★★★★ | 暂无星级 | MIRABELL | LOTIHOU | BPEHIMG | 即将开业,ocr/input_videos\上海__世博源__20260826.mp4
OBS-001305,世博源,汉萨聚剑堡,汉萨聚剑堡,武术,,,L1,unrated,False,explicitly_unrated,unrated,parsed,unrated_anchor,0.9985,0.9971,58,13764,235.658,武术 | 暂无星级 | L1 | ★★★★★,汉萨聚剑堡 | 武术 | 暂无星级 | L1 | ★★★★★,ocr/input_videos\上海__世博源__20260826.mp4
OBS-001306,世博源,mirabell,mirabell,服饰鞋包,,,L1,unrated,False,explicitly_unrated,unrated,parsed,unrated_anchor,0.9994,0.9996,50,13824,236.685,暂无星级 | ★★★★★ | 服饰鞋包 | L1,mirabell | 暂无星级 | ★★★★★ | 服饰鞋包 | L1 | HIRABELL | UNUHERE | OPENING SO | 即将开业,ocr/input_videos\上海__世博源__20260826.mp4
OBS-001307,世博源,汉萨聚剑堡,汉萨聚剑堡,武术,,,L1,unrated,False,explicitly_unrated,unrated,parsed,unrated_anchor,0.9986,0.9974,58,13824,236.685,武术 | 暂无星级 | ⭐🌟🌟🌟 | L1,汉萨聚剑堡 | 武术 | 暂无星级 | ⭐🌟🌟🌟 | L1 | balaba,ocr/input_videos\上海__世博源__20260826.mp4
OBS-001308,世博源,音立方工作室,音立方工作室,音乐,,,,unrated,False,explicitly_unrated,unrated,parsed,unrated_anchor,0.9996,0.9996,57,13824,236.685,音乐 | ★★★★★ | G | 暂无星级,音立方工作室 | 音乐 | ★★★★★ | G | 暂无星级 | 杂,ocr/input_videos\上海__世博源__20260826.mp4
OBS-001309,世博源,麓风艺术空间,麓风艺术空间,更多教育培训,,,L1,unrated,False,explicitly_unrated,unrated,parsed,unrated_anchor,0.9987,0.9978,57,13824,236.685,★★★★★ | L1 | 暂无星级 | 更多教育培训,麓风艺术空间 | ★★★★★ | L1 | 暂无星级 | 更多教育培训 | 5E30 | 金 | 中 | 42,ocr/input_videos\上海__世博源__20260826.mp4
OBS-001310,世博源,世博源3区-地下停车场,世博源3区-地下停车场,停车场,,,商场内,unrated,False,explicitly_unrated,unrated,parsed,unrated_anchor,0.9994,0.9993,51,13824,236.685,商场内 | ★★★★★ | 停车场 | 暂无星级,世博源3区-地下停车场 | 商场内 | ★★★★★ | 停车场 | 暂无星级,ocr/input_videos\上海__世博源__20260826.mp4
OBS-001311,世博源,mirabell,mirabell,服饰鞋包,,,L1,unrated,False,explicitly_unrated,unrated,parsed,unrated_anchor,0.9991,0.999,53,13848,237.096,★★★★★ | 服饰鞋包 | L1 | 暂无星级,mirabell | ★★★★★ | 服饰鞋包 | L1 | 暂无星级 | MIRABELU | UMOEIHLM | OPERIMGSO | 即将开业,ocr/input_videos\上海__世博源__20260826.mp4
OBS-001312,世博源,汉萨聚剑堡,汉萨聚剑堡,武术,,,L1,unrated,False,explicitly_unrated,unrated,parsed,unrated_anchor,0.9978,0.9958,55,13848,237.096,武术 | L1 | ★★★★★ | 暂无星级,汉萨聚剑堡 | 武术 | L1 | ★★★★★ | 暂无星级 | balaba,ocr/input_videos\上海__世博源__20260826.mp4
OBS-001313,世博源,音立方工作室,音立方工作室,音乐,,,,unrated,False,explicitly_unrated,unrated,parsed,unrated_anchor,0.9996,0.9998,58,13848,237.096,音乐 | ★★★★★ | 暂无星级 | G,音立方工作室 | 音乐 | ★★★★★ | 暂无星级 | G | 酒,ocr/input_videos\上海__世博源__20260826.mp4
OBS-001314,世博源,麓风艺术空间,麓风艺术空间,更多教育培训,,,L1,unrated,False,explicitly_unrated,unrated,parsed,unrated_anchor,0.9991,0.9986,55,13848,237.096,🌟🌟★★ | L1 | 暂无星级 | 更多教育培训,麓风艺术空间 | 🌟🌟★★ | L1 | 暂无星级 | 更多教育培训 | 新3 | A.2,ocr/input_videos\上海__世博源__20260826.mp4
OBS-001315,世博源,世博源3区-地下停车场,世博源3区-地下停车场,停车场,,,商场内,unrated,False,explicitly_unrated,unrated,parsed,unrated_anchor,0.9993,0.9989,54,13848,237.096,停车场 | 商场内 | 🌟🌟🌟🌟🌟 | 暂无星级,世博源3区-地下停车场 | 停车场 | 商场内 | 🌟🌟🌟🌟🌟 | 暂无星级,ocr/input_videos\上海__世博源__20260826.mp4
OBS-001316,世博源,音立方工作室,音立方工作室,音乐,,,,unrated,False,explicitly_unrated,unrated,parsed,unrated_anchor,0.9997,0.9996,51,13920,238.329,音乐 | ★★★★★ | 暂无星级 | G,音立方工作室 | 音乐 | ★★★★★ | 暂无星级 | G | 海,ocr/input_videos\上海__世博源__20260826.mp4
OBS-001317,世博源,麓风艺术空间,麓风艺术空间,更多教育培训,,,L1,unrated,False,explicitly_unrated,unrated,parsed,unrated_anchor,0.9995,0.9991,56,13920,238.329,★★★★★ | 暂无星级 | L1 | 更多教育培训,麓风艺术空间 | ★★★★★ | 暂无星级 | L1 | 更多教育培训 | EO | G | 福 | L2,ocr/input_videos\上海__世博源__20260826.mp4
OBS-001318,世博源,世博源3区-地下停车场,世博源3区-地下停车场,停车场,,,商场内,unrated,False,explicitly_unrated,unrated,parsed,unrated_anchor,0.999,0.9987,50,13920,238.329,停车场 | 商场内 | 暂无星级 | ★★★★★,世博源3区-地下停车场 | 停车场 | 商场内 | 暂无星级 | ★★★★★,ocr/input_videos\上海__世博源__20260826.mp4
OBS-001319,世博源,爱丽思生活馆,爱丽思生活馆,购物,,,,unrated,False,explicitly_unrated,unrated,parsed,unrated_anchor,0.9992,0.9984,54,13920,238.329,暂无星级 | 购物 | ★★★★★ | B,爱丽思生活馆 | 暂无星级 | 购物 | ★★★★★ | B,ocr/input_videos\上海__世博源__20260826.mp4
OBS-001320,世博源,办公区,办公区,联合办公空间,,,L1,new_store,False,new_store,ocr_missing,parsed,metadata_anchor,0.9997,0.9997,58,13920,238.329,新店 | L1 | 联合办公空间,办公区 | 新店 | L1 | 联合办公空间 | 生活服务,ocr/input_videos\上海__世博源__20260826.mp4
OBS-001321,世博源,OurTennis·Dome世博球场,OurTennis·Dome世博球场,网球场,,,L1,unrated,False,explicitly_unrated,unrated,parsed,unrated_anchor,0.9962,0.994,51,13920,238.329,★★★★★ | 暂无星级 | 网球场 | L1,OurTennis·Dome世博球场 | ★★★★★ | 暂无星级 | 网球场 | L1 | 当地玩乐,ocr/input_videos\上海__世博源__20260826.mp4
OBS-001322,世博源,音立方工作室,音立方工作室,音乐,,,,unrated,False,explicitly_unrated,unrated,parsed,unrated_anchor,0.9997,0.9998,54,13932,238.535,音乐 | ★★★★★ | 暂无星级 | G,音立方工作室 | 音乐 | ★★★★★ | 暂无星级 | G | 密,ocr/input_videos\上海__世博源__20260826.mp4
OBS-001323,世博源,麓风艺术空间,麓风艺术空间,更多教育培训,,,L1,unrated,False,explicitly_unrated,unrated,parsed,unrated_anchor,0.9994,0.9992,54,13932,238.535,暂无星级 | 🌟🌟🌟🌟 | 更多教育培训 | L1,麓风艺术空间 | 暂无星级 | 🌟🌟🌟🌟 | 更多教育培训 | L1 | 42,ocr/input_videos\上海__世博源__20260826.mp4
OBS-001324,世博源,世博源3区-地下停车场,世博源3区-地下停车场,停车场,,,商场内,unrated,False,explicitly_unrated,unrated,parsed,unrated_anchor,0.9988,0.9982,53,13932,238.535,★★★★★ | 停车场 | 商场内 | 暂无星级,世博源3区-地下停车场 | ★★★★★ | 停车场 | 商场内 | 暂无星级,ocr/input_videos\上海__世博源__20260826.mp4
OBS-001325,世博源,爱丽思生活馆,爱丽思生活馆,购物,,,,unrated,False,explicitly_unrated,unrated,parsed,unrated_anchor,0.9997,0.9994,52,13932,238.535,购物 | 暂无星级 | ★★★★★ | B,爱丽思生活馆 | 购物 | 暂无星级 | ★★★★★ | B,ocr/input_videos\上海__世博源__20260826.mp4
OBS-001326,世博源,办公区,办公区,联合办公空间,,,L1,new_store,False,new_store,ocr_missing,parsed,metadata_anchor,0.9996,0.9995,61,13932,238.535,新店 | 联合办公空间 | L1,办公区 | 新店 | 联合办公空间 | L1 | 生活服务,ocr/input_videos\上海__世博源__20260826.mp4
OBS-001327,世博源,OurTennis·Dome世博球场,OurTennis·Dome世博球场,网球场,,,L1,unrated,False,explicitly_unrated,unrated,parsed,unrated_anchor,0.995,0.9926,51,13932,238.535,网球场 | ★★★★★ | L1 | 暂无星级,OurTennis·Dome世博球场 | 网球场 | ★★★★★ | L1 | 暂无星级 | 当地玩乐,ocr/input_videos\上海__世博源__20260826.mp4
OBS-001328,世博源,麓风艺术空间,麓风艺术空间,更多教育培训,,,L1,unrated,False,explicitly_unrated,unrated,parsed,unrated_anchor,0.9994,0.9991,52,14040,240.384,暂无星级 | ★🌟★★★ | L1 | 更多教育培训,麓风艺术空间 | 暂无星级 | ★🌟★★★ | L1 | 更多教育培训,ocr/input_videos\上海__世博源__20260826.mp4
OBS-001329,世博源,世博源3区-地下停车场,世博源3区-地下停车场,停车场,,,商场内,unrated,False,explicitly_unrated,unrated,parsed,unrated_anchor,0.9986,0.9977,54,14040,240.384,停车场 | 商场内 | ★★★★★ | 暂无星级,世博源3区-地下停车场 | 停车场 | 商场内 | ★★★★★ | 暂无星级,ocr/input_videos\上海__世博源__20260826.mp4
OBS-001330,世博源,爱丽思生活馆,爱丽思生活馆,购物,,,,unrated,False,explicitly_unrated,unrated,parsed,unrated_anchor,0.9995,0.999,57,14040,240.384,购物 | 暂无星级 | ★ | B,爱丽思生活馆 | 购物 | 暂无星级 | ★ | B,ocr/input_videos\上海__世博源__20260826.mp4
OBS-001331,世博源,办公区,办公区,联合办公空间,,,L1,new_store,False,new_store,ocr_missing,parsed,metadata_anchor,0.9996,0.9997,55,14040,240.384,新店 | L1 | 联合办公空间,办公区 | 新店 | L1 | 联合办公空间 | 生活服务,ocr/input_videos\上海__世博源__20260826.mp4
OBS-001332,世博源,OurTennis·Dome世博球场,OurTennis·Dome世博球场,网球场,,,L1,unrated,False,explicitly_unrated,unrated,parsed,unrated_anchor,0.9969,0.9952,51,14040,240.384,★★★★★ | L1 | 暂无星级 | 网球场,OurTennis·Dome世博球场 | ★★★★★ | L1 | 暂无星级 | 网球场 | 当地玩乐,ocr/input_videos\上海__世博源__20260826.mp4
OBS-001333,世博源,上海·炽天使运动成长中心,上海·炽天使运动成长中心,运动培训,,,L1,unrated,False,explicitly_unrated,unrated,parsed,unrated_anchor,0.9956,0.9918,54,14040,240.384,★★★★★ | 运动培训 | L1 | 暂无星级,上海·炽天使运动成长中心 | ★★★★★ | 运动培训 | L1 | 暂无星级 | 运动培训,ocr/input_videos\上海__世博源__20260826.mp4
OBS-001334,世博源,爱丽忠生活馆,爱丽忠生活馆,B,,,,unrated,False,explicitly_unrated,unrated,parsed,unrated_anchor,0.9135,0.8293,37,14088,241.205,购物 | ★★★★★ | 暂无星级 | B,爱丽忠生活馆 | 购物 | ★★★★★ | 暂无星级 | B,ocr/input_videos\上海__世博源__20260826.mp4
OBS-001335,世博源,办公区,办公区,联合办公空间,,,L1,new_store,False,new_store,ocr_missing,parsed,metadata_anchor,0.9997,0.9997,60,14088,241.205,新店 | 联合办公空间 | L1,办公区 | 新店 | 联合办公空间 | L1 | 生活服务,ocr/input_videos\上海__世博源__20260826.mp4
OBS-001336,世博源,OurTennis·Dome世博球场,OurTennis·Dome世博球场,网球场,,,L1,unrated,False,explicitly_unrated,unrated,parsed,unrated_anchor,0.9969,0.9956,54,14088,241.205,网球场 | L1 | ⭐🌟⭐🌟🌟 | 暂无星级,OurTennis·Dome世博球场 | 网球场 | L1 | ⭐🌟⭐🌟🌟 | 暂无星级 | 当地玩乐,ocr/input_videos\上海__世博源__20260826.mp4
OBS-001337,世博源,上海·炽天使运动成长中心,上海·炽天使运动成长中心,运动培训,,,L1,unrated,False,explicitly_unrated,unrated,parsed,unrated_anchor,0.9951,0.9907,56,14088,241.205,L1 | ★★★★★ | 运动培训 | 暂无星级,上海·炽天使运动成长中心 | L1 | ★★★★★ | 运动培训 | 暂无星级 | 运动培训,ocr/input_videos\上海__世博源__20260826.mp4
OBS-001338,世博源,步步高,步步高,数码产品,,,商场内,unrated,False,explicitly_unrated,unrated,parsed,unrated_anchor,0.9992,0.9987,59,14088,241.205,数码产品 | 🌟🌟🌟🌟 | 商场内 | 暂无星级,步步高 | 数码产品 | 🌟🌟🌟🌟 | 商场内 | 暂无星级,ocr/input_videos\上海__世博源__20260826.mp4
OBS-001339,世博源,宅玩公社switch游戏俱乐部,宅玩公社switch游戏俱乐部,B,,,,unrated,False,explicitly_unrated,unrated,parsed,unrated_anchor,0.9968,0.998,54,14088,241.205,🌟🌟⭐🌟🌟 | B | 暂无星级 | 网吧/电竞,宅玩公社switch游戏俱乐部 | 🌟🌟⭐🌟🌟 | B | 暂无星级 | 网吧/电竞,ocr/input_videos\上海__世博源__20260826.mp4
OBS-001340,世博源,爱丽忠生活馆,爱丽忠生活馆,购物,,,,unrated,False,explicitly_unrated,unrated,parsed,unrated_anchor,0.9301,0.8602,37,14112,241.616,购物 | ★★★★★ | 暂无星级 | B,爱丽忠生活馆 | 购物 | ★★★★★ | 暂无星级 | B,ocr/input_videos\上海__世博源__20260826.mp4
OBS-001341,世博源,办公区,办公区,联合办公空间,,,L1,new_store,False,new_store,ocr_missing,parsed,metadata_anchor,0.9997,0.9997,60,14112,241.616,新店 | L1 | 联合办公空间,办公区 | 新店 | L1 | 联合办公空间 | 生活服务,ocr/input_videos\上海__世博源__20260826.mp4
OBS-001342,世博源,OurTennis·Dome世博球场,OurTennis·Dome世博球场,网球场,,,L1,unrated,False,explicitly_unrated,unrated,parsed,unrated_anchor,0.9966,0.995,54,14112,241.616,网球场 | L1 | ⭐🌟💥🌟🌟 | 暂无星级,OurTennis·Dome世博球场 | 网球场 | L1 | ⭐🌟💥🌟🌟 | 暂无星级 | 当地玩乐,ocr/input_videos\上海__世博源__20260826.mp4
OBS-001343,世博源,上海·炽天使运动成长中心,上海·炽天使运动成长中心,运动培训,,,L1,unrated,False,explicitly_unrated,unrated,parsed,unrated_anchor,0.9926,0.9857,54,14112,241.616,L1 | ★★★★★ | 运动培训 | 暂无星级,上海·炽天使运动成长中心 | L1 | ★★★★★ | 运动培训 | 暂无星级 | 运动培训,ocr/input_videos\上海__世博源__20260826.mp4
OBS-001344,世博源,步步高,步步高,数码产品,,,商场内,unrated,False,explicitly_unrated,unrated,parsed,unrated_anchor,0.9992,0.9987,59,14112,241.616,数码产品 | 🌟🌟🌟🌟 | 商场内 | 暂无星级,步步高 | 数码产品 | 🌟🌟🌟🌟 | 商场内 | 暂无星级,ocr/input_videos\上海__世博源__20260826.mp4
OBS-001345,世博源,宅玩公社switch游戏俱乐部,宅玩公社switch游戏俱乐部,B,,,,unrated,False,explicitly_unrated,unrated,parsed,unrated_anchor,0.9824,0.9715,51,14112,241.616,暂无星级 | 🌟🌟⭐🌟🌟 | 网吧/电竞 | B,宅玩公社switch游戏俱乐部 | 暂无星级 | 🌟🌟⭐🌟🌟 | 网吧/电竞 | B | 球徒世界篮球馆,ocr/input_videos\上海__世博源__20260826.mp4
OBS-001346,世博源,爱丽忠生活馆,爱丽忠生活馆,购物,,,,unrated,False,explicitly_unrated,unrated,parsed,unrated_anchor,0.9301,0.8602,37,14124,241.822,购物 | ★★★★★ | 暂无星级 | B,爱丽忠生活馆 | 购物 | ★★★★★ | 暂无星级 | B,ocr/input_videos\上海__世博源__20260826.mp4
OBS-001347,世博源,办公区,办公区,联合办公空间,,,L1,new_store,False,new_store,ocr_missing,parsed,metadata_anchor,0.9997,0.9997,58,14124,241.822,新店 | L1 | 联合办公空间,办公区 | 新店 | L1 | 联合办公空间 | 生活服务,ocr/input_videos\上海__世博源__20260826.mp4
OBS-001348,世博源,OurTennis·Dome世博球场,OurTennis·Dome世博球场,网球场,,,L1,unrated,False,explicitly_unrated,unrated,parsed,unrated_anchor,0.9967,0.995,54,14124,241.822,L1 | 暂无星级 | 网球场 | ⭐🌟💥🌟🌟,OurTennis·Dome世博球场 | L1 | 暂无星级 | 网球场 | ⭐🌟💥🌟🌟 | 当地玩乐,ocr/input_videos\上海__世博源__20260826.mp4
OBS-001349,世博源,上海·炽天使运动成长中心,上海·炽天使运动成长中心,运动培训,,,L1,unrated,False,explicitly_unrated,unrated,parsed,unrated_anchor,0.9926,0.9857,54,14124,241.822,L1 | ★★★★★ | 运动培训 | 暂无星级,上海·炽天使运动成长中心 | L1 | ★★★★★ | 运动培训 | 暂无星级 | 运动培训,ocr/input_videos\上海__世博源__20260826.mp4
OBS-001350,世博源,步步高,步步高,数码产品,,,商场内,unrated,False,explicitly_unrated,unrated,parsed,unrated_anchor,0.9992,0.9987,58,14124,241.822,🌟🌟🌟★ | 商场内 | 暂无星级 | 数码产品,步步高 | 🌟🌟🌟★ | 商场内 | 暂无星级 | 数码产品,ocr/input_videos\上海__世博源__20260826.mp4
OBS-001351,世博源,宅玩公社switch游戏俱乐部,宅玩公社switch游戏俱乐部,B,,,,unrated,False,explicitly_unrated,unrated,parsed,unrated_anchor,0.9836,0.9715,51,14124,241.822,暂无星级 | 🌟🌟⭐🌟🌟 | B | 网吧/电竞,宅玩公社switch游戏俱乐部 | 暂无星级 | 🌟🌟⭐🌟🌟 | B | 网吧/电竞 | 球徒世界篮球馆,ocr/input_videos\上海__世博源__20260826.mp4
OBS-001352,世博源,OurTennis·Dome世博球场,OurTennis·Dome世博球场,网球场,,,L1,unrated,False,explicitly_unrated,unrated,parsed,unrated_anchor,0.9964,0.994,51,14160,242.438,网球场 | ★★★★★ | 暂无星级 | L1,OurTennis·Dome世博球场 | 网球场 | ★★★★★ | 暂无星级 | L1 | 当地玩乐,ocr/input_videos\上海__世博源__20260826.mp4
OBS-001353,世博源,上海·炽天使运动成长中心,上海·炽天使运动成长中心,运动培训,,,L1,unrated,False,explicitly_unrated,unrated,parsed,unrated_anchor,0.9919,0.9843,54,14160,242.438,★★★★★ | 运动培训 | L1 | 暂无星级,上海·炽天使运动成长中心 | ★★★★★ | 运动培训 | L1 | 暂无星级 | 运动培训,ocr/input_videos\上海__世博源__20260826.mp4
OBS-001354,世博源,步步高,步步高,数码产品,,,商场内,unrated,False,explicitly_unrated,unrated,parsed,unrated_anchor,0.9983,0.9968,58,14160,242.438,★★★★★ | 商场内 | 暂无星级 | 数码产品,步步高 | ★★★★★ | 商场内 | 暂无星级 | 数码产品,ocr/input_videos\上海__世博源__20260826.mp4
OBS-001355,世博源,宅玩公社switch游戏俱乐部,宅玩公社switch游戏俱乐部,B,,,,unrated,False,explicitly_unrated,unrated,parsed,unrated_anchor,0.9865,0.9759,51,14160,242.438,🌟🌟🌟🌟 | 暂无星级 | B | 网吧/电竞,宅玩公社switch游戏俱乐部 | 🌟🌟🌟🌟 | 暂无星级 | B | 网吧/电竞,ocr/input_videos\上海__世博源__20260826.mp4
OBS-001356,世博源,球徒世界篮球馆,球徒世界篮球馆,B,,,,unrated,False,explicitly_unrated,unrated,parsed,unrated_anchor,0.9966,0.9981,54,14160,242.438,篮球场 | ★★★★★ | 暂无星级 | B,球徒世界篮球馆 | 篮球场 | ★★★★★ | 暂无星级 | B,ocr/input_videos\上海__世博源__20260826.mp4
OBS-001357,世博源,英孚教育青少儿,英孚教育青少儿,B,,,,unrated,False,explicitly_unrated,unrated,parsed,unrated_anchor,0.996,0.9971,57,14160,242.438,★★★★★ | 暂无星级 | 主持表演/模特 | B,英孚教育青少儿 | G共教育 | 少儿英语 | ★★★★★ | 暂无星级 | 主持表演/模特 | B | 暑假班 | 拼读|词汇闽读语法,ocr/input_videos\上海__世博源__20260826.mp4
OBS-001358,世博源,步步高,步步高,数码产品,,,商场内,unrated,False,explicitly_unrated,unrated,parsed,unrated_anchor,0.9978,0.996,55,14208,243.26,商场内 | 暂无星级 | ★★★★★ | 数码产品,步步高 | 商场内 | 暂无星级 | ★★★★★ | 数码产品,ocr/input_videos\上海__世博源__20260826.mp4
OBS-001359,世博源,宅玩公社switch游戏俱乐部,宅玩公社switch游戏俱乐部,B,,,,unrated,False,explicitly_unrated,unrated,parsed,unrated_anchor,0.9981,0.9986,55,14208,243.26,暂无星级 | ★★★★★ | 网吧/电竞 | B,宅玩公社switch游戏俱乐部 | 暂无星级 | ★★★★★ | 网吧/电竞 | B,ocr/input_videos\上海__世博源__20260826.mp4
OBS-001360,世博源,球徒世界篮球馆,球徒世界篮球馆,B,,,,unrated,False,explicitly_unrated,unrated,parsed,unrated_anchor,0.9896,0.986,52,14208,243.26,篮球场 | ⭐🌟💥🌟 | 暂无星级 | B,球徒世界篮球馆 | 篮球场 | ⭐🌟💥🌟 | 暂无星级 | B,ocr/input_videos\上海__世博源__20260826.mp4
OBS-001361,世博源,英孚教育青少儿,英孚教育青少儿,B,,,,unrated,False,explicitly_unrated,unrated,parsed,unrated_anchor,0.995,0.9934,52,14208,243.26,★★★★★ | 暂无星级 | 主持表演/模特 | B,英孚教育青少儿 | 西0迎 | 英孚教育 | 少儿英语 | ★★★★★ | 暂无星级 | 主持表演/模特 | B | 暑假班 | 拼读|词汇阅潢|语法,ocr/input_videos\上海__世博源__20260826.mp4
OBS-001362,世博源,乐摩吧,乐摩吧,智能按.,,20,L1,unrated,False,explicitly_unrated,unrated,parsed,unrated_anchor,0.9248,0.9999,62,14208,243.26,★★★ | 暂无星级 | ￥20/人L1 | 智能按.,乐摩吧 | 乐库电司） | 承乐 | 信真费 | ★★★ | 暂无星级 | ￥20/人L1 | 智能按. | 乐摩吧 | 米 | LEMOBAR,ocr/input_videos\上海__世博源__20260826.mp4
OBS-001363,世博源,乐摩吧,乐摩吧,智能按,,20,L1,unrated,False,explicitly_unrated,unrated,parsed,unrated_anchor,0.9946,1.0,57,14208,243.26,★★★★★ | 暂无星级 | 智能按 | ￥20/人L1,乐摩吧 | 乐承电） | ★★★★★ | 暂无星级 | 智能按 | ￥20/人L1 | 乐摩吧,ocr/input_videos\上海__世博源__20260826.mp4
OBS-001364,世博源,英孚教育青少儿,英孚教育青少儿,B,,,,unrated,False,explicitly_unrated,unrated,parsed,unrated_anchor,0.9971,0.9961,54,14292,244.698,★★★★★ | 暂无星级 | B | 主持表演/模特,英孚教育青少儿 | 0图英数商 | 少儿英语 | ★★★★★ | 暂无星级 | B | 主持表演/模特 | 暑假班楚 | 拼读|词汇阅读语法,ocr/input_videos\上海__世博源__20260826.mp4
OBS-001365,世博源,乐摩吧,乐摩吧,智能按.,,20,L1,unrated,False,explicitly_unrated,unrated,parsed,unrated_anchor,0.9584,1.0,60,14292,244.698,★★★★★ | 智能按. | 暂无星级 | ￥20/人L1,乐摩吧 | 承司际星 | 乐摩吃） | 招具司 | ★★★★★ | 智能按. | 暂无星级 | ￥20/人L1 | 乐摩吧 | LEMOBAR,ocr/input_videos\上海__世博源__20260826.mp4
OBS-001366,世博源,乐摩吧,乐摩吧,智能按.....,,20,L1,unrated,False,explicitly_unrated,unrated,parsed,unrated_anchor,0.8815,0.9999,59,14292,244.698,🌟🌟💥🌟 | 暂无星级 | 智能按….. | ￥20/人L1,乐摩吧 | （乐席电号） | 🌟🌟💥🌟 | 暂无星级 | 智能按….. | ￥20/人L1 | 乐摩吧 | 米 | LEMOBAR,ocr/input_videos\上海__世博源__20260826.mp4
OBS-001367,世博源,乐摩吧,乐摩吧,智...,,20,商场内,unrated,False,explicitly_unrated,unrated,parsed,unrated_anchor,0.9775,1.0,58,14292,244.698,智… | ￥20/人商场内 | ★★★★★ | 暂无星级,乐摩吧 | 乐摩电） | 智… | ￥20/人商场内 | ★★★★★ | 暂无星级 | 乐摩吧 | 米 | LEMOBAR,ocr/input_videos\上海__世博源__20260826.mp4
OBS-001368,世博源,乐摩吧,乐摩吧,智能按...,,20,L2,unrated,False,explicitly_unrated,unrated,parsed,unrated_anchor,0.937,0.9999,58,14292,244.698,⭐🌟💥🌟🌟 | 暂无星级 | ￥20/人L2 | 智能按…,乐摩吧 | 承讯制 | （乐库电司） | 真更 | ⭐🌟💥🌟🌟 | 暂无星级 | ￥20/人L2 | 智能按… | 乐摩吧 | LEMOBAR,ocr/input_videos\上海__世博源__20260826.mp4
OBS-001369,世博源,林先森照相馆,林先森照相馆,快照摄影,,123,L1,new_store,False,new_store,ocr_missing,parsed,metadata_anchor,0.9639,0.9986,51,14292,244.698,新店 | 快照摄影￥123/人 | L1,林先森照相馆 | 无需出门 | 新店 | 快照摄影￥123/人 | L1 | 精致证件照 | 闪送到家 | ￥59.9￥129 | 精致通用证.... | 【同城闪送】 | 惠,ocr/input_videos\上海__世博源__20260826.mp4
OBS-001370,世博源,乐摩吧,乐摩吧,智能按.,,20,L1,unrated,False,explicitly_unrated,unrated,parsed,unrated_anchor,0.9591,1.0,57,14304,244.904,★🌟★🌟 | 暂无星级 | 智能按. | ￥20/人L1,乐摩吧 | 承源乐 | 乐牌吃司） | 信真营 | ★🌟★🌟 | 暂无星级 | 智能按. | ￥20/人L1 | 乐摩吧 | LEMOBAR,ocr/input_videos\上海__世博源__20260826.mp4
OBS-001371,世博源,乐摩吧,乐摩吧,智能按.,,20,L1,unrated,False,explicitly_unrated,unrated,parsed,unrated_anchor,0.9373,0.9999,58,14304,244.904,⭐🌟💥🌟🌟 | 暂无星级 | 智能按. | ￥20/人L1,乐摩吧 | 乐 | 乐原电） | 热具 | ⭐🌟💥🌟🌟 | 暂无星级 | 智能按. | ￥20/人L1 | 乐摩吧 | 米 | LEMOBAR,ocr/input_videos\上海__世博源__20260826.mp4
OBS-001372,世博源,乐摩吧,乐摩吧,智...,,20,商场内,unrated,False,explicitly_unrated,unrated,parsed,unrated_anchor,0.9611,1.0,55,14304,244.904,★★★★★ | 智… | 暂无星级 | ￥20/人商场内,乐摩吧 | 乐摩电 | 乳 | 造民 | ★★★★★ | 智… | 暂无星级 | ￥20/人商场内 | 乐摩吧 | 米 | LEMOBAR,ocr/input_videos\上海__世博源__20260826.mp4
OBS-001373,世博源,乐摩吧,乐摩吧,智能按.,,20,L2,unrated,False,explicitly_unrated,unrated,parsed,unrated_anchor,0.922,1.0,60,14304,244.904,暂无星级 | 智能按. | ★★★★★ | ￥20/人L2,乐摩吧 | 原州原 | 摩电） | 翼卖 | 暂无星级 | 智能按. | ★★★★★ | ￥20/人L2 | 乐摩吧 | LEMOBAR,ocr/input_videos\上海__世博源__20260826.mp4
OBS-001374,世博源,林先森照相馆,林先森照相馆,快照摄影,,123,L1,new_store,False,new_store,ocr_missing,parsed,metadata_anchor,0.9849,0.9982,51,14304,244.904,新店 | L1 | 快照摄影￥123/人,林先森照相馆 | 无需出门 | 新店 | L1 | 精致证件照 | 快照摄影￥123/人 | 闪送到家 | ￥59.9￥129 | 【同城闪送】 | 惠 | 精致通用证...,ocr/input_videos\上海__世博源__20260826.mp4
OBS-001375,世博源,乐摩吧,乐摩吧,智能按.,,20,L1,unrated,False,explicitly_unrated,unrated,parsed,unrated_anchor,0.9233,1.0,57,14340,245.52,★★★★★ | 暂无星级 | ￥20/人L1 | 智能按.,乐摩吧 | 乐电 | ★★★★★ | 暂无星级 | ￥20/人L1 | 智能按. | 乐摩吧 | 米 | LEMOBAR,ocr/input_videos\上海__世博源__20260826.mp4
OBS-001376,世博源,乐摩吧,乐摩吧,智能按,,20,L1,unrated,False,explicitly_unrated,unrated,parsed,unrated_anchor,0.9975,1.0,62,14340,245.52,★★★★★ | 暂无星级 | 智能按 | ￥20/人L1,乐摩吧 | 深源 | （乐摩电） | 活兴营5 | ★★★★★ | 暂无星级 | 智能按 | ￥20/人L1 | 乐摩吧 | 米 | LEMOBAR,ocr/input_videos\上海__世博源__20260826.mp4
OBS-001377,世博源,乐摩吧,乐摩吧,智...,,20,商场内,unrated,False,explicitly_unrated,unrated,parsed,unrated_anchor,0.9747,0.9999,62,14340,245.52,★★★★★ | 智… | 暂无星级 | ￥20/人商场内,乐摩吧 | 深司乐 | （乐摩电号） | 信具装 | ★★★★★ | 智… | 暂无星级 | ￥20/人商场内 | 乐摩吧 | LEMOBAR,ocr/input_videos\上海__世博源__20260826.mp4
OBS-001378,世博源,乐摩吧,乐摩吧,智能按...,,20,L2,unrated,False,explicitly_unrated,unrated,parsed,unrated_anchor,0.9003,0.9999,57,14340,245.52,★★💥★★ | 暂无星级 | 智能按... | ￥20/人L2,乐摩吧 | 承州证乐 | 乐摩吃粉） | 地商 | ★★💥★★ | 暂无星级 | 智能按... | ￥20/人L2 | 2 | 乐摩吧 | LEMOBAR,ocr/input_videos\上海__世博源__20260826.mp4
OBS-001379,世博源,林先森照相馆,林先森照相馆,快照摄影,,123,L1,new_store,False,new_store,ocr_missing,parsed,metadata_anchor,0.9821,0.9996,57,14340,245.52,快照摄影￥123/人 | L1 | 新店,林先森照相馆 | 无需出门 | 快照摄影￥123/人 | L1 | 新店 | 精致证件照 | 闪送到家 | ￥59.9￥129 | 惠 | 【同城闪送】精致通用证...,ocr/input_videos\上海__世博源__20260826.mp4
OBS-001380,世博源,乐摩吧,乐摩吧,智...,,20,商场内,unrated,False,explicitly_unrated,unrated,parsed,unrated_anchor,0.9533,1.0,62,14340,245.52,★★🌟 | 智… | ￥20/人商场内 | 暂无星级,乐摩吧 | （乐屏电制） | 深光来 | 培翼美 | ★★🌟 | 智… | ￥20/人商场内 | 暂无星级,ocr/input_videos\上海__世博源__20260826.mp4
OBS-001381,世博源,乐摩吧,乐摩吧,智能按...,,20,L2,unrated,False,explicitly_unrated,unrated,parsed,unrated_anchor,0.9164,0.9999,58,14424,246.958,★★★★★ | 智能按… | 暂无星级 | ￥20/人L2,乐摩吧 | 乐摩电） | 原羽州质 | 翼 | ★★★★★ | 智能按… | 暂无星级 | ￥20/人L2 | 乐摩吧 | LEMOBAR,ocr/input_videos\上海__世博源__20260826.mp4
OBS-001382,世博源,林先森照相馆,林先森照相馆,快照摄影,,123,L1,new_store,False,new_store,ocr_missing,parsed,metadata_anchor,0.9814,0.9984,51,14424,246.958,新店 | 快照摄影￥123/人 | L1,林先森照相馆 | 无需出门 | 新店 | 精致证件照 | 快照摄影￥123/人 | L1 | 闪送到家 | ￥59.9￥129 | 精致通用证... | 【同城闪送】米 | 惠,ocr/input_videos\上海__世博源__20260826.mp4
OBS-001383,世博源,乐摩吧,乐摩吧,智...,,20,商场内,unrated,False,explicitly_unrated,unrated,parsed,unrated_anchor,0.8714,1.0,58,14424,246.958,智… | ★★★★★ | 暂无星级 | ￥20/人商场内,乐摩吧 | （乐摩吧粉） | 明 | 活R店 | 智… | ★★★★★ | 暂无星级 | ￥20/人商场内 | 乐摩吧 | 米 | LEMOBAR,ocr/input_videos\上海__世博源__20260826.mp4
OBS-001384,世博源,乐摩吧,乐摩吧,智能按...,,20,L2,unrated,False,explicitly_unrated,unrated,parsed,unrated_anchor,0.9177,1.0,60,14424,246.958,★★★★★ | 暂无星级 | 智能按… | ￥20/人L2,乐摩吧 | （乐摩吃） | 承州环座 | 信具营 | ★★★★★ | 暂无星级 | 智能按… | ￥20/人L2 | 乐摩吧 | * | LEMOBAR,ocr/input_videos\上海__世博源__20260826.mp4
OBS-001385,世博源,乐摩吧,乐摩吧,智...,,20,商场内,unrated,False,explicitly_unrated,unrated,parsed,unrated_anchor,0.9028,1.0,60,14424,246.958,★★★★★ | 智… | ￥20/人商场内 | 暂无星级,乐摩吧 | 乐摩吧器 | 承机康 | 造R售店 | ★★★★★ | 智… | ￥20/人商场内 | 暂无星级 | 乐摩吧 | LEMOBAR,ocr/input_videos\上海__世博源__20260826.mp4
OBS-001386,世博源,乐摩吧,乐摩吧,智能按.,,20,L2,unrated,False,explicitly_unrated,unrated,parsed,unrated_anchor,0.9277,1.0,58,14520,248.602,★★★★★ | 智能按. | 暂无星级 | ￥20/人L2,乐摩吧 | 原羽州乐 | 乐电） | 翼 | ★★★★★ | 智能按. | 暂无星级 | ￥20/人L2 | 乐摩吧 | LEMOBAR,ocr/input_videos\上海__世博源__20260826.mp4
OBS-001387,世博源,林先森照相馆,林先森照相馆,快照摄影,,123,L1,new_store,False,new_store,ocr_missing,parsed,metadata_anchor,0.9964,0.9936,54,14520,248.602,新店 | L1 | 快照摄影 | ￥123/人,林先森照相馆 | 无需出门 | 新店 | L1 | 快照摄影 | 精致证件照 | ￥123/人 | 闪送到家 | ￥59.9￥129 | 精致通用证... | 【同城闪送】 | 惠,ocr/input_videos\上海__世博源__20260826.mp4
OBS-001388,世博源,乐摩吧,乐摩吧,智...,,20,商场内,unrated,False,explicitly_unrated,unrated,parsed,unrated_anchor,0.9622,1.0,58,14520,248.602,★★★★★ | 智… | ￥20/人商场内 | 暂无星级,乐摩吧 | 乐摩吧器 | 承康心 | 造民 | ★★★★★ | 智… | ￥20/人商场内 | 暂无星级 | 乐摩吧 | 米 | LEMOBAR,ocr/input_videos\上海__世博源__20260826.mp4
OBS-001389,世博源,乐摩吧,乐摩吧,智能按.,,20,L2,unrated,False,explicitly_unrated,unrated,parsed,unrated_anchor,0.9216,0.9999,61,14520,248.602,★★★★ | 暂无星级 | 智能按. | ￥20/人L2,乐摩吧 | 承纸菜 | 乐摩味） | 唐具营 | ★★★★ | 暂无星级 | 智能按. | ￥20/人L2 | * | 乐摩吧 | LEMOBAR,ocr/input_videos\上海__世博源__20260826.mp4
OBS-001390,世博源,乐摩吧,乐摩吧,智...,,20,商场内,unrated,False,explicitly_unrated,unrated,parsed,unrated_anchor,0.939,1.0,55,14520,248.602,智… | ￥20/人商场内 | ★★★★★ | 暂无星级,乐摩吧 | 乐摩吧器 | 造R | 智… | ￥20/人商场内 | ★★★★★ | 暂无星级 | 乐摩吧 | LEMOBAR | 河品潮玩社,ocr/input_videos\上海__世博源__20260826.mp4
OBS-001391,世博源,林先森照相馆,林先森照相馆,快照摄影,,,L1,new_store,False,new_store,ocr_missing,parsed,metadata_anchor,0.9837,0.9985,52,14532,248.807,新店 | 快照摄影￥123/ | L1,林先森照相馆 | 无需出门 | 新店 | 精致证件照 | 快照摄影￥123/ | L1 | 闪送到家 | ￥59.9￥129 | 【同城闪送】精致通用证... | 惠,ocr/input_videos\上海__世博源__20260826.mp4
OBS-001392,世博源,乐摩吧,乐摩吧,智...,,20,商场内,unrated,False,explicitly_unrated,unrated,parsed,unrated_anchor,0.9249,1.0,58,14532,248.807,￥20/人商场内 | ★★★★★ | 暂无星级 | 智…,乐摩吧 | 乐电） | ￥20/人商场内 | ★★★★★ | 暂无星级 | 智… | 乐摩吧 | 米 | LEMOBAR,ocr/input_videos\上海__世博源__20260826.mp4
OBS-001393,世博源,乐摩吧,乐摩吧,智能按.,,20,L2,unrated,False,explicitly_unrated,unrated,parsed,unrated_anchor,0.9335,1.0,57,14532,248.807,暂无星级 | ★★★★★ | 智能按. | ￥20/人L2,乐摩吧 | （乐摩电器） | 承乳 | 兴 | 暂无星级 | ★★★★★ | 智能按. | ￥20/人L2 | 乐摩吧 | LEMOBAR,ocr/input_videos\上海__世博源__20260826.mp4
OBS-001394,世博源,乐摩吧,乐摩吧,智...,,20,商场内,unrated,False,explicitly_unrated,unrated,parsed,unrated_anchor,0.9878,1.0,58,14532,248.807,暂无星级 | 智… | ★★★★★ | ￥20/人商场内,乐摩吧 | 餐 | 乐原电） | 暂无星级 | 智… | ★★★★★ | ￥20/人商场内 | 米 | 乐摩吧 | LEMOBAR,ocr/input_videos\上海__世博源__20260826.mp4
OBS-001395,世博源,河品潮玩社,河品潮玩社,购物,,,L1,unrated,False,explicitly_unrated,unrated,parsed,unrated_anchor,0.9999,0.9997,54,14532,248.807,购物 | ★★★★★ | 暂无星级 | L1,河品潮玩社 | 购物 | ★★★★★ | 暂无星级 | L1,ocr/input_videos\上海__世博源__20260826.mp4
OBS-001396,世博源,悦鑫贝尔,悦鑫贝尔,服装,,,,unrated,False,explicitly_unrated,unrated,parsed,unrated_anchor,0.9962,0.9926,56,14532,248.807,服装 | ★★★★★ | 暂无星级 | G,悦鑫贝尔 | 服装 | ★★★★★ | 暂无星级 | G | 悦鑫员和,ocr/input_videos\上海__世博源__20260826.mp4
OBS-001397,世博源,乐摩吧,乐摩吧,智...,,20,商场内,unrated,False,explicitly_unrated,unrated,parsed,unrated_anchor,0.9494,1.0,62,14568,249.424,★🌟★★★ | 暂无星级 | 智… | ￥20/人商场内,乐摩吧 | 承具 | 不原电） | ★🌟★★★ | 暂无星级 | 智… | ￥20/人商场内 | 乐摩吧 | 米 | LEMOBAR,ocr/input_videos\上海__世博源__20260826.mp4
OBS-001398,世博源,河品潮玩社,河品潮玩社,购物,,,L1,unrated,False,explicitly_unrated,unrated,parsed,unrated_anchor,0.9998,0.9997,51,14568,249.424,购物 | 暂无星级 | L1 | ★★★★★,河品潮玩社 | 购物 | 暂无星级 | L1 | ★★★★★ | 20,ocr/input_videos\上海__世博源__20260826.mp4
OBS-001399,世博源,悦鑫贝尔,悦鑫贝尔,服装,,,,unrated,False,explicitly_unrated,unrated,parsed,unrated_anchor,0.9385,0.8773,55,14568,249.424,服装 | 暂无星级 | ⭐🌟💥🌟🌟 | G,悦鑫贝尔 | 服装 | 暂无星级 | ⭐🌟💥🌟🌟 | G | 悦鑫贝尔,ocr/input_videos\上海__世博源__20260826.mp4
OBS-001400,世博源,标记,标记,服饰鞋包,,,,unrated,False,explicitly_unrated,unrated,parsed,unrated_anchor,0.9992,0.9994,61,14568,249.424,🌟🌟🌟🌟🌟 | 服饰鞋包 | 暂无星级 | G,标记 | 🌟🌟🌟🌟🌟 | 服饰鞋包 | 暂无星级 | G | indicia 报e,ocr/input_videos\上海__世博源__20260826.mp4
OBS-001401,世博源,米可家精品婴童,米可家精品婴童,母婴用品,,,,unrated,False,explicitly_unrated,unrated,parsed,unrated_anchor,0.9654,0.932,51,14568,249.424,★★★★★ | 暂无星级 | 母婴用品 | G,米可家精品婴童 | A | ★★★★★ | 暂无星级 | 母婴用品 | G,ocr/input_videos\上海__世博源__20260826.mp4
OBS-001402,世博源,安踏儿童,安踏儿童,儿童服饰,,,,unrated,False,explicitly_unrated,unrated,parsed,unrated_anchor,0.9992,0.9987,56,14568,249.424,儿童服饰 | ★★★★ | G | 暂无星级,安踏儿童 | 儿童服饰 | ★★★★ | G | 暂无星级 | 亲子购物,ocr/input_videos\上海__世博源__20260826.mp4
OBS-001403,世博源,河品潮玩社,河品潮玩社,购物,,,L1,unrated,False,explicitly_unrated,unrated,parsed,unrated_anchor,0.9816,0.9633,33,14640,250.656,购物 | ★★★★★ | 暂无星级 | L1,河品潮玩社 | 购物 | ★★★★★ | 暂无星级 | L1,ocr/input_videos\上海__世博源__20260826.mp4
OBS-001404,世博源,悦鑫贝尔,悦鑫贝尔,服装,,,,unrated,False,explicitly_unrated,unrated,parsed,unrated_anchor,0.9827,0.9657,56,14640,250.656,⭐🌟🌟🌟🌟 | 服装 | 暂无星级 | G,悦鑫贝尔 | ⭐🌟🌟🌟🌟 | 服装 | 暂无星级 | G | 悦鑫员尔,ocr/input_videos\上海__世博源__20260826.mp4
OBS-001405,世博源,标记,标记,服饰鞋包,,,,unrated,False,explicitly_unrated,unrated,parsed,unrated_anchor,0.9993,0.9993,64,14640,250.656,★★★★★ | 暂无星级 | 服饰鞋包 | G,标记 | ★★★★★ | 暂无星级 | 服饰鞋包 | G | indicia 振记,ocr/input_videos\上海__世博源__20260826.mp4
OBS-001406,世博源,米可家精品婴童,米可家精品婴童,母婴用品,,,,unrated,False,explicitly_unrated,unrated,parsed,unrated_anchor,0.977,0.9556,52,14640,250.656,暂无星级 | ★🌟🌟🌟 | 母婴用品 | G,米可家精品婴童 | 暂无星级 | ★🌟🌟🌟 | 母婴用品 | G,ocr/input_videos\上海__世博源__20260826.mp4
OBS-001407,世博源,安踏儿童,安踏儿童,儿童服饰,,,,unrated,False,explicitly_unrated,unrated,parsed,unrated_anchor,0.9984,0.9976,56,14640,250.656,★★★★★ | 暂无星级 | 儿童服饰 | G,安踏儿童 | ★★★★★ | 暂无星级 | 儿童服饰 | G | 亲子购物,ocr/input_videos\上海__世博源__20260826.mp4
OBS-001408,世博源,Milk Family,MilkFamily,母婴用品,,,,unrated,False,explicitly_unrated,unrated,parsed,unrated_anchor,0.9521,0.9051,55,14640,250.656,★★★★★ | 母婴用品 | 暂无星级 | G,Milk Family | 精品婴童 | MiLk Famlty | + | ★★★★★ | 母婴用品 | 暂无星级 | G,ocr/input_videos\上海__世博源__20260826.mp4
OBS-001409,世博源,河品潮玩社,河品潮玩社,购物,,,L1,unrated,False,explicitly_unrated,unrated,parsed,unrated_anchor,0.9801,0.9603,33,14676,251.273,购物 | 暂无星级 | ★★★★★ | L1,河品潮玩社 | 购物 | 暂无星级 | ★★★★★ | L1,ocr/input_videos\上海__世博源__20260826.mp4
OBS-001410,世博源,悦鑫贝尔,悦鑫贝尔,服装,,,,unrated,False,explicitly_unrated,unrated,parsed,unrated_anchor,0.9441,0.8885,53,14676,251.273,服装 | 🌟🌟🌟🌟 | 暂无星级 | G,悦鑫贝尔 | 服装 | 🌟🌟🌟🌟 | 暂无星级 | G | 悦鑫贝尔,ocr/input_videos\上海__世博源__20260826.mp4
OBS-001411,世博源,标记,标记,服饰鞋包,,,,unrated,False,explicitly_unrated,unrated,parsed,unrated_anchor,0.9991,0.9994,64,14676,251.273,★★★★★ | 暂无星级 | 服饰鞋包 | G,标记 | ★★★★★ | 暂无星级 | 服饰鞋包 | G | indicia 振记,ocr/input_videos\上海__世博源__20260826.mp4
OBS-001412,世博源,米可家精品婴童,米可家精品婴童,母婴用品,,,,unrated,False,explicitly_unrated,unrated,parsed,unrated_anchor,0.9701,0.9421,52,14676,251.273,暂无星级 | ★🌟🌟 | 母婴用品 | G,米可家精品婴童 | 暂无星级 | ★🌟🌟 | 母婴用品 | G,ocr/input_videos\上海__世博源__20260826.mp4
OBS-001413,世博源,安踏儿童,安踏儿童,及儿童服饰,,,,unrated,False,explicitly_unrated,unrated,parsed,unrated_anchor,0.9739,0.9963,56,14676,251.273,★★★★★ | 暂无星级 | 及儿童服饰 | G,安踏儿童 | ★★★★★ | 暂无星级 | 及儿童服饰 | G | 亲子购物,ocr/input_videos\上海__世博源__20260826.mp4
OBS-001414,世博源,Milk Family,MilkFamily,母婴用品,,,,unrated,False,explicitly_unrated,unrated,parsed,unrated_anchor,0.975,0.9508,54,14676,251.273,母婴用品 | ★★★★★ | 暂无星级 | G,精品婴童 | Milk Family | MiLkFamlty | 心 | 母婴用品 | ★★★★★ | 暂无星级 | G | 已经到底啦~,ocr/input_videos\上海__世博源__20260826.mp4
