observation_id,mall_name,merchant_name_raw,merchant_name_normalized,category_raw,rating,avg_price_yuan,floor_location,card_type,research_eligible,exclusion_reason,rating_status,category_status,detection_method,ocr_confidence,title_score,title_height,frame_index,timestamp_sec,metadata_text,all_text,source_video
OBS-000001,上海荟聚中心,涌三鲜 酒料熟醉·宁波小鲜,涌三鲜酒料熟醉·宁波小鲜,浙菜,3.9,121,L4,rated,True,,rated,parsed,rating_anchor,0.9548,0.9486,51,12,0.204,🌟🌟🌟🌟⭐ | L4 | 浙菜￥121/人 | 3.9,涌三鲜 酒料熟醉·宁波小鲜 | 初尝·主厨新品 | 🌟🌟🌟🌟⭐ | L4 | 浙菜￥121/人 | 3.9 | 点评榜单 | 长宁区浙菜销量榜第2名 | 10:30营业 | ￥586.6折 | ￥88 | 惠 | 【巨划算每桌限用一.. | ￥959.5折 | 惠 | ￥100100元代金券,ocr/input_videos\上海__上海荟聚中心__20260826.mp4
OBS-000002,上海荟聚中心,FREETEE室内高尔夫球馆,FREETEE室内高尔夫球馆,高尔夫场,4.8,110,L3,rated,True,,rated,parsed,rating_anchor,0.9793,0.9971,48,12,0.204,⭐⭐★⭐4.8 | L3 | 高尔夫场￥110/人,FREETEE室内高尔夫球馆 | ⭐⭐★⭐4.8 | L3 | 高尔夫场￥110/人 | 北新泾/淞虹路高尔夫场销量榜第2名 | 室内高尔夫 | 210:00营业 | 场地宽敬视觉拉满，卫生效果好 | ￥996.3折 | ￥258 | 惠 | 【工作日】豪华包间..,ocr/input_videos\上海__上海荟聚中心__20260826.mp4
OBS-000003,上海荟聚中心,玛嘉烈·蛋挞·茶餐厅,玛嘉烈·蛋挞·茶餐厅,茶餐厅,3.9,55,LG1,rated,True,,rated,parsed,rating_anchor,0.9698,0.9844,53,12,0.204,LG1 | 🌟🌟🌟🌟🌟 | 茶餐厅￥55/人 | 3.9,玛嘉烈·蛋挞·茶餐厅 | 玛嘉烈 | LG1 | 🌟🌟🌟🌟🌟 | 茶餐厅￥55/人 | 3.9 | 皇思蛋热|简国茶|零头饭面 | 点评榜单 | 长宁区茶餐厅打卡人气榜第2名 | 10:00营业 | 惠 | ￥8.8 | 5.5折 | ￥16 | 【Q弹】 | 咖喱葡式鱼蛋.... | ￥49 | 惠 | 9.8折 | ￥5050元代金券,ocr/input_videos\上海__上海荟聚中心__20260826.mp4
OBS-000004,上海荟聚中心,潮Marée・潮州菜,潮Marée·潮州菜,潮汕菜,4.8,144,L4,rated,True,,rated,parsed,rating_anchor,0.9602,0.975,50,12,0.204,⭐⭐⭐4.8 | L4 | 潮汕菜￥144/人,潮Marée・潮州菜 | 潮 | ⭐⭐⭐4.8 | L4 | 潮汕菜￥144/人 | 点评榜单 | 长宁区潮汕菜好评榜第1名 | Mlarée | 服务周到，性价比高，环境优美 | 5 | ￥3187.7折 | 惠 | ￥417工作日经典双人餐 | ￥979.7折 | 惠 | ￥100100元代金券,ocr/input_videos\上海__上海荟聚中心__20260826.mp4
OBS-000005,上海荟聚中心,潮Marée·潮州菜,潮Marée·潮州菜,潮汕菜,4.8,144,L4,rated,True,,rated,parsed,rating_anchor,0.9423,0.9704,51,156,2.647,4.8潮汕菜￥144/人 | L4,潮Marée·潮州菜 | 潮 | 4.8潮汕菜￥144/人 | L4 | 点评榜单 | 长宁区潮汕菜好评榜第1名 | Aarée | 服务周到，性价比高，环境优美 | 35 | ￥3187.7折 | 惠 | ￥417工作日经典双人餐 | ￥979.7折 | 惠 | ￥100100元代金券,ocr/input_videos\上海__上海荟聚中心__20260826.mp4
OBS-000006,上海荟聚中心,屋顶儿童乐园,屋顶儿童乐园,儿童乐园,4.2,,L5,rated,True,,rated,parsed,rating_anchor,0.9189,0.9769,51,156,2.647,⭐⭐⭐4.2儿童乐园 | L5,屋顶儿童乐园 | ⭐⭐⭐4.2儿童乐园 | L5 | 绿色顶部装饰浪漫，拍照打卡好去处,ocr/input_videos\上海__上海荟聚中心__20260826.mp4
OBS-000007,上海荟聚中心,潮汕·草根牛肉档,潮汕·草根牛肉档,潮汕牛肉火锅,3.9,68,LG2,rated,True,,rated,parsed,rating_anchor,0.9661,0.9703,51,156,2.647,🌟🌟🌟🌟🌟 | 3.9 | 潮汕牛肉火锅￥68/人 | LG2,潮汕·草根牛肉档 | 🌟🌟🌟🌟🌟 | 3.9 | 潮汕牛肉火锅￥68/人 | LG2 | 点评榜单 | 长宁区潮汕牛肉火锅回头客榜第1名 | 10:30营业 | ￥1687.1折 | ￥238 | 惠 | 潮汕牛肉火锅双人餐 | ￥589.7折 | 惠 | ￥6060元代金券,ocr/input_videos\上海__上海荟聚中心__20260826.mp4
OBS-000008,上海荟聚中心,咏發顺德海鲜大排檔,咏发顺德海鲜大排档,顺德菜,4.4,99,L3,rated,True,,rated,parsed,rating_anchor,0.9583,0.949,53,156,2.647,4.4顺德菜￥99/人 | L3 | 🌟🌟🌟🌟 | ★,咏發顺德海鲜大排檔 | 龙料理 | 咏發 | 4.4顺德菜￥99/人 | L3 | 🌟🌟🌟🌟 | ★ | 点评榜单 | 长宁区粤菜销量榜第1名 | 顺德海鲜大排檔 | GET RICH | 江 | 新菜品口味好，服务到位 | （ | 97 | ￥19 | 惠 | ￥12.9 | 6.8折 | 暴打柠檬茶 | 惠 | ￥48.59.7折 | ￥50 | 【结账必用】50元代..,ocr/input_videos\上海__上海荟聚中心__20260826.mp4
OBS-000009,上海荟聚中心,潮Marée·潮州菜,潮Marée·潮州菜,潮汕菜,4.8,144,L4,rated,True,,rated,parsed,rating_anchor,0.9458,0.9503,51,180,3.054,L4 | ⭐🌟⭐★⭐4.8 | 潮汕菜￥144/人,潮Marée·潮州菜 | 潮 | L4 | ⭐🌟⭐★⭐4.8 | 潮汕菜￥144/人 | 点评榜单 | 长宁区潮汕菜好评榜第1名 | Marée | 服务周到，性价比高，环境优美 | 53 | ￥3187.7折 | 惠 | ￥417工作日经典双人餐 | ￥97 | 9.7折 | 惠 | ￥100100元代金券,ocr/input_videos\上海__上海荟聚中心__20260826.mp4
OBS-000010,上海荟聚中心,屋顶儿童乐园,屋顶儿童乐园,儿童乐园,4.2,,L5,rated,True,,rated,parsed,rating_anchor,0.9992,0.9998,51,180,3.054,4.2儿童乐园 | L5 | 🌟🌟🌟🌟,屋顶儿童乐园 | 4.2儿童乐园 | L5 | 🌟🌟🌟🌟 | “绿色顶部装饰浪漫，拍照打卡好去处,ocr/input_videos\上海__上海荟聚中心__20260826.mp4
OBS-000011,上海荟聚中心,潮汕·草根牛肉档,潮汕·草根牛肉档,潮汕牛肉火锅,3.9,68,LG2,rated,True,,rated,parsed,rating_anchor,0.9702,0.9691,51,180,3.054,🌟🌟🌟⭐3.9 | LG2 | 潮汕牛肉火锅￥68/人,潮汕·草根牛肉档 | 鲜肉现切 | 🌟🌟🌟⭐3.9 | LG2 | 潮汕牛肉火锅￥68/人 | 点评榜单 | 长宁区潮汕牛肉火锅回头客榜第1名 | 10:30营业 | ￥1687.1折 | 惠 | ￥238 | 潮汕牛肉火锅双人餐 | ￥589.7折 | 惠 | ￥6060元代金券,ocr/input_videos\上海__上海荟聚中心__20260826.mp4
OBS-000012,上海荟聚中心,咏發顺德海鲜大排檔,咏发顺德海鲜大排档,顺德菜,4.4,99,L3,rated,True,,rated,parsed,rating_anchor,0.8915,0.8357,51,180,3.054,🌟🌟🌟⭐ | L3 | 顺德菜￥99/人 | 4.4,咏發顺德海鲜大排檔 | 龙延料理 | 咏發 | 🌟🌟🌟⭐ | L3 | 顺德菜￥99/人 | 4.4 | 点评榜单 | 长宁区粤菜销量榜第1名 | 顺德海鲜大排檔 | GETRICII | 新菜品口味好，服务到位” | 6.8折 | ￥12.9 | 惠 | ￥19 | 暴打柠檬茶 | ￥50 | 9.7折 | 【结账必用】50元代... | 惠 | ￥48.5,ocr/input_videos\上海__上海荟聚中心__20260826.mp4
OBS-000013,上海荟聚中心,山葵炙·鲜葵烤肉,山葵炙·鲜葵烤肉,融合烤肉,,116,商场内,new_store,False,new_store,ocr_missing,parsed,metadata_anchor,0.9696,0.9818,53,180,3.054,新店 | 商场内 | 融合烤肉￥116/人,山葵炙·鲜葵烤肉 | 新店 | 商场内 | 融合烤肉￥116/人,ocr/input_videos\上海__上海荟聚中心__20260826.mp4
OBS-000014,上海荟聚中心,咏發顺德海鲜大排檔,咏发顺德海鲜大排档,顺德菜,4.4,99,L3,rated,True,,rated,parsed,rating_anchor,0.9389,0.9194,48,252,4.275,4.4顺德菜￥99/人 | L3 | 🌟🌟🌟⭐,咏發顺德海鲜大排檔 | 龙建料理 | 咏發 | 4.4顺德菜￥99/人 | L3 | 🌟🌟🌟⭐ | 点评榜单 | 长宁区粤菜销量榜第1名 | 顺德海鲜大排檔 | GET RICII4 | 新菜品口味好，服务到位 | 5 | ￥12.9 | 6.8折 | ￥19 | 惠 | 暴打柠檬茶 | ￥50 | 【结账必用】50元代.. | ￥48.5 | 惠 | 9.7折,ocr/input_videos\上海__上海荟聚中心__20260826.mp4
OBS-000015,上海荟聚中心,山葵炙·鲜葵烤肉,山葵炙·鲜葵烤肉,融合烤肉,,116,商场内,new_store,False,new_store,ocr_missing,parsed,metadata_anchor,0.9474,0.9817,53,252,4.275,新店 | 商场内 | 融合烤肉￥116/人,山葵炙·鲜葵烤肉 | 新店 | 商场内 | 融合烤肉￥116/人 | 山蒸炙 | 点评榜单 | 上海烤肉打卡人气榜第1名 | T务 | 新店开业二店同庆 | 5.7折 | ￥15.9 | 惠 | 【暑尾上新】超级大. | ￥28 | ￥959.5折 | 惠 | ￥100100元代金券,ocr/input_videos\上海__上海荟聚中心__20260826.mp4
OBS-000016,上海荟聚中心,汤姆熊欢乐世界,汤姆熊欢乐世界,电玩城,4.3,77,L3,rated,True,,rated,parsed,rating_anchor,0.9794,0.9993,53,252,4.275,🌟🌟🌟 | L3 | 电玩城￥77/人 | 4.3 | ★,汤姆熊欢乐世界 | 🌟🌟🌟 | L3 | 电玩城￥77/人 | 4.3 | ★ | 北新泾/淞虹路游戏厅销量榜第1名 | 10:00营业 | 游戏机种类丰富，多巴胺流淌之地” | ￥19.9￥2525枚游戏币 | 惠,ocr/input_videos\上海__上海荟聚中心__20260826.mp4
OBS-000017,上海荟聚中心,镭战大联盟真人CS·生日派对·亲...,镭战大联盟真人CS·生日派对·亲,团建拓展,,152,L3,unknown,True,,ocr_missing,parsed,metadata_anchor,0.9425,0.9208,51,252,4.275,L3 | 🌟🌟🌟🌟🌟 | 团建拓展￥152/人,镭战大联盟真人CS·生日派对·亲... | LS外锅战大联盟 | L3 | 🌟🌟🌟🌟🌟 | 团建拓展￥152/人 | 2025年度 | 影响力品牌 | 长宁区团建拓展销量榜第2名,ocr/input_videos\上海__上海荟聚中心__20260826.mp4
OBS-000018,上海荟聚中心,咏發順德海鲜大排檔,咏发顺德海鲜大排档,顺德菜,4.4,99,L3,rated,True,,rated,parsed,rating_anchor,0.9094,0.8496,53,288,4.886,L3 | 🌟🌟⭐⭐ | 4.4顺德菜￥99/人,咏發順德海鲜大排檔 | 龙料理 | 咏發 | L3 | 🌟🌟⭐⭐ | 4.4顺德菜￥99/人 | 点评榜单 | 长宁区粤菜销量榜第1名 | 顺德海鲜大排楷 | GETRICH | 新菜品口味好，服务到位 | 21 | ￥12.9 | 6.8折 | ￥19 | 惠 | 暴打柠檬茶 | ￥50 | 惠 | ￥48.5 | 9.7折 | 【结账必用】50元代...,ocr/input_videos\上海__上海荟聚中心__20260826.mp4
OBS-000019,上海荟聚中心,山葵炙·鲜葵烤肉,山葵炙·鲜葵烤肉,融合烤肉,,116,商场内,new_store,False,new_store,ocr_missing,parsed,metadata_anchor,0.973,0.9853,51,288,4.886,新店 | 商场内 | 融合烤肉￥116/人,山葵炙·鲜葵烤肉 | 新店 | 商场内 | 融合烤肉￥116/人 | 山蒸炙 | 点评榜单 | 上海烤肉打卡人气榜第1名 | 热 | 新店开业三店同庆 | 上茅·加.只 | ￥15.9 | 5.7折 | 【暑尾上新】超级大.. | ￥28 | 惠 | ￥959.5折 | 惠 | ￥100100元代金券,ocr/input_videos\上海__上海荟聚中心__20260826.mp4
OBS-000020,上海荟聚中心,汤姆熊欢乐世界,汤姆熊欢乐世界,电玩城,4.3,77,L3,rated,True,,rated,parsed,rating_anchor,0.9756,0.9995,51,288,4.886,L3 | ★★★★★ | 4.3 | 电玩城￥77/人,汤姆熊欢乐世界 | Tom | L3 | ★★★★★ | 4.3 | 电玩城￥77/人 | 北新泾/淞虹路游戏厅销量榜第1名 | 10:00营业 | 游戏机种类丰富，多巴胺流淌之地” | 惠 | ￥19.9￥2525枚游戏币,ocr/input_videos\上海__上海荟聚中心__20260826.mp4
OBS-000021,上海荟聚中心,镭战大联盟真人CS·生日派对·亲...,镭战大联盟真人CS·生日派对·亲,团建拓展,4.6,152,L3,rated,True,,rated,parsed,rating_anchor,0.9397,0.9194,54,288,4.886,L3 | 4.6团建拓展￥152/人,镭战大联盟真人CS·生日派对·亲... | L3 | 4.6团建拓展￥152/人 | 2025年度 | 影响力品牌 | 长宁区团建拓展销量榜第2名 | 室10:00营业S | 运动分泌多巴胺，周末来玩很过瘾 | 【室内真人CS】2小. | ￥1588.5折 | ￥280 | 惠,ocr/input_videos\上海__上海荟聚中心__20260826.mp4
OBS-000022,上海荟聚中心,汤姆熊欢乐世界,汤姆熊欢乐世界,电玩城,4.3,77,L3,rated,True,,rated,parsed,rating_anchor,0.9718,0.9992,51,372,6.311,🌟🌟🎉🌟 | L3 | 电玩城￥77/人 | 4.3,汤姆熊欢乐世界 | TomwArD | 🌟🌟🎉🌟 | L3 | 电玩城￥77/人 | 4.3 | 北新泾/淞虹路游戏厅销量榜第1名 | 10:00营业 | 游戏机种类丰富，多巴胺流淌之地 | 惠￥19.9￥2525枚游戏币,ocr/input_videos\上海__上海荟聚中心__20260826.mp4
OBS-000023,上海荟聚中心,镭战大联盟真人CS·生日派对·亲...,镭战大联盟真人CS·生日派对·亲,团建拓展,4.6,152,L3,rated,True,,rated,parsed,rating_anchor,0.9166,0.8996,51,372,6.311,L3 | ★4.6团建拓展￥152/人,6184惠 | 镭战大联盟真人CS·生日派对·亲... | LS外雷战大联盟 | L3 | ★4.6团建拓展￥152/人 | 2025年度 | 影响力品牌 | 长宁区团建拓展销量榜第2名 | 室10:00营业S | 运动分泌多巴胺，周末来玩很过瘾 | 万 | ￥280 | ￥1588.5折 | 惠 | 【室内真人CS】2..,ocr/input_videos\上海__上海荟聚中心__20260826.mp4
OBS-000024,上海荟聚中心,潮桔桔·潮汕小食堂,潮桔桔·潮汕小食堂,潮汕菜,3.9,55,LG1,rated,True,,rated,parsed,rating_anchor,0.9583,0.9711,48,372,6.311,⭐🌟🎉🌟🌟 | LG1 | 潮汕菜￥55/人 | 3.9,潮桔桔·潮汕小食堂 | ⭐🌟🎉🌟🌟 | LG1 | 潮汕菜￥55/人 | 3.9 | 点评榜单 | 长宁区潮汕菜回头客榜第3名 | 10:30营业 | 菜品美味可口，满意度爆表 | 2 | ￥95折 | 惠 | ￥18鸭屎香柠檬茶 | ￥999.9折 | 【结账必用】100元... | 惠 | ￥100,ocr/input_videos\上海__上海荟聚中心__20260826.mp4
OBS-000025,上海荟聚中心,小绪牧场·牛肉小火锅,小绪牧场·牛肉小火锅,火锅自助,3.8,50,LG2,rated,True,,rated,parsed,rating_anchor,0.9007,0.8857,48,372,6.311,LG2 | ★3.8火锅自助￥50/人,小绪牧场·牛肉小火锅 | LG2 | ★3.8火锅自助￥50/人 | 口碑好评，素食麻辣烫必尝 | “ | 19.9 | 新吃20朱蔬 | 果/港常/吃 | ￥19.9 | 8.4折 | ￥23.9 | 果蔬畅吃单人套餐... | 惠,ocr/input_videos\上海__上海荟聚中心__20260826.mp4
OBS-000026,上海荟聚中心,SlimeLand·史莱姆手工DIY,SlimeLand·史莱姆手工DIY,儿童乐园,4.5,146,L3,rated,True,,rated,parsed,rating_anchor,0.9516,0.9503,47,372,6.311,L3 | 🌟🌟🌟🌟🌟 | 4.5儿童乐园￥146/人,SlimeLand·史莱姆手工DIY | SlimeLand | 0 | 史莱姆魔法乐园 | L3 | 🌟🌟🌟🌟🌟 | 4.5儿童乐园￥146/人 | 00 | 长宁区儿童乐园销量榜第7名,ocr/input_videos\上海__上海荟聚中心__20260826.mp4
OBS-000027,上海荟聚中心,汤姆熊欢乐世界,汤姆熊欢乐世界,电玩城,4.3,77,L3,rated,True,,rated,parsed,rating_anchor,0.9746,0.9995,48,384,6.515,L3 | ★🌟★窗 | 电玩城￥77/人 | 4.3 | ★,汤姆熊欢乐世界 | L3 | ★🌟★窗 | 电玩城￥77/人 | 4.3 | ★ | 北新泾/淞虹路游戏厅销量榜第1名 | 10:00营业 | 游戏机种类丰富，多巴胺流淌之地 | 0 | 指 | ￥19.9￥2525枚游戏币 | 惠,ocr/input_videos\上海__上海荟聚中心__20260826.mp4
OBS-000028,上海荟聚中心,镭战大联盟真人CS·生日派对·亲...,镭战大联盟真人CS·生日派对·亲,团建拓展,4.6,152,L3,rated,True,,rated,parsed,rating_anchor,0.9477,0.9329,50,384,6.515,⭐🌟⭐⭐🌟 | L3 | 团建拓展￥152/人 | 4.6,61819惠 | 镭战大联盟真人CS·生日派对·亲... | LS小鑫战大联盟 | ⭐🌟⭐⭐🌟 | L3 | 团建拓展￥152/人 | 4.6 | 2025年度 | 彩响力品牌 | 长宁区团建拓展销量榜第2名 | 室10:00营业S | 运动分泌多巴胺，周末来玩很过瘾 | 3 | ￥1588.5折 | ￥280 | 惠 | 【室内真人CS】2小...,ocr/input_videos\上海__上海荟聚中心__20260826.mp4
OBS-000029,上海荟聚中心,潮桔桔·潮汕小食堂,潮桔桔·潮汕小食堂,潮汕菜,3.9,55,LG1,rated,True,,rated,parsed,rating_anchor,0.989,0.9805,51,384,6.515,LG1 | ⭐🌟🌟🌟🌟 | 潮汕菜 | 3.9 | ￥55/人,不一X一大一光一光光 | 潮桔桔·潮汕小食堂 | 天 | LG1 | ⭐🌟🌟🌟🌟 | 潮汕菜 | 3.9 | ￥55/人 | 3 | 点评榜单 | 长宁区潮汕菜回头客榜第3名 | 10:30营业 | 菜品美味可口，满意度爆表” | X | ￥9 | 5折 | 惠 | ￥18 | 鸭屎香柠檬茶 | ￥999.9折 | ￥100 | 惠 | 【结账必用】100元...,ocr/input_videos\上海__上海荟聚中心__20260826.mp4
OBS-000030,上海荟聚中心,小绪牧场·牛肉小火锅,小绪牧场·牛肉小火锅,火锅自助,3.8,50,LG2,rated,True,,rated,parsed,rating_anchor,0.9221,0.9853,48,384,6.515,LG2 | 🌟⭐⭐3.8火锅自助 | ￥50/人,小绪牧场·牛肉小火锅 | LG2 | 🌟⭐⭐3.8火锅自助 | ￥50/人 | 口碑好评，素食麻辣烫必尝 | ≤ | 19.9 | 畅吃20栾蔬 | 果//吃 | ￥23.9 | ￥19.9 | 8.4折 | 惠 | 果蔬畅吃单人套餐...,ocr/input_videos\上海__上海荟聚中心__20260826.mp4
OBS-000031,上海荟聚中心,SlimeLand·史莱姆手工DIY,SlimeLand·史莱姆手工DIY,儿童乐园,4.5,146,L3,rated,True,,rated,parsed,rating_anchor,0.962,0.9834,44,384,6.515,⭐4.5儿童乐园￥146/人 | L3,SlimeLand·史莱姆手工DIY | SllmeLand | 0 | 史莱姆魔法乐园 | ⭐4.5儿童乐园￥146/人 | L3 | 长宁区儿童乐园销量榜第7名,ocr/input_videos\上海__上海荟聚中心__20260826.mp4
OBS-000032,上海荟聚中心,镭战大联盟真人CS·生日派对·亲..,镭战大联盟真人CS·生日派对·亲,团建拓展,4.6,152,L3,rated,True,,rated,parsed,rating_anchor,0.9479,0.9292,53,444,7.532,L3 | 🌟🌟🌟🌟🌟 | 团建拓展￥152/人 | 4.6,镭战大联盟真人CS·生日派对·亲.. | 618特 | LS小罐战大联盟 | L3 | 🌟🌟🌟🌟🌟 | 团建拓展￥152/人 | 4.6 | 2025年度 | 影响力品牌 | 长宁区团建拓展销量榜第2名 | 室10:00营业S | 运动分泌多巴胺，周末来玩很过瘾” | “ | ￥1588.5折 | 惠 | ￥280 | 【室内真人CS】2小..,ocr/input_videos\上海__上海荟聚中心__20260826.mp4
OBS-000033,上海荟聚中心,潮桔桔·潮汕小食堂,潮桔桔·潮汕小食堂,潮汕菜,3.9,55,LG1,rated,True,,rated,parsed,rating_anchor,0.9795,0.9619,48,444,7.532,LG1 | ★★★★★ | 潮汕菜 | 3.9 | ￥55/人,K000KK | 潮桔桔·潮汕小食堂 | KX | LG1 | ★★★★★ | 潮汕菜 | 3.9 | ￥55/人 | 湘 | 招楼面 | 点评榜单 | 长宁区潮汕菜回头客榜第3名 | 10:30营业 | 菜品美味可口，满意度爆表 | ￥9 | 5折 | ￥18鸭屎香柠檬茶 | 惠 | ￥99 | 9.9折 | 惠 | 【结账必用】100元.. | ￥100,ocr/input_videos\上海__上海荟聚中心__20260826.mp4
OBS-000034,上海荟聚中心,小绪牧场·牛肉小火锅,小绪牧场·牛肉小火锅,火锅自助,3.8,50,LG2,rated,True,,rated,parsed,rating_anchor,0.9654,0.9702,51,444,7.532,LG2 | 3.8火锅自助￥50/人,小绪牧场·牛肉小火锅 | LG2 | 3.8火锅自助￥50/人 | 口碑好评，素食麻辣烫必尝” | 5 | 19.9 | 畅吃20果蔬 | 水果/蒸/ | ￥23.9 | 8.4折 | ￥19.9| | 惠 | 果蔬畅吃单人套餐...,ocr/input_videos\上海__上海荟聚中心__20260826.mp4
OBS-000035,上海荟聚中心,SlimeLand·史莱姆手工DIY,SlimeLand·史莱姆手工DIY,儿童乐园,4.5,146,L3,rated,True,,rated,parsed,rating_anchor,0.9513,0.9612,50,444,7.532,L3 | ★★★★★ | 4.5儿童乐园￥146/人,SlimeLand·史莱姆手工DIY | SlirmeLand | 史莱姆魔法乐园 | L3 | ★★★★★ | 4.5儿童乐园￥146/人 | 长宁区儿童乐园销量榜第7名 | 10:00营业 | 史莱姆质感绝了，解压又治愈” | S | ￥138￥168 | 【解压神器】史莱姆DIY手.. | 惠,ocr/input_videos\上海__上海荟聚中心__20260826.mp4
OBS-000036,上海荟聚中心,馋三尺蟹粉小笼,馋三尺蟹粉小笼,小笼,4.4,48,LG2,rated,True,,rated,parsed,rating_anchor,0.9806,0.9993,54,444,7.532,LG2 | 🌟🌟🌟⭐ | 4.4小笼￥48/人,馋三尺蟹粉小笼 | LG2 | 🌟🌟🌟⭐ | 4.4小笼￥48/人,ocr/input_videos\上海__上海荟聚中心__20260826.mp4
OBS-000037,上海荟聚中心,小绪牧场·牛肉小火锅,小绪牧场·牛肉小火锅,火锅自助,3.8,50,LG2,rated,True,,rated,parsed,rating_anchor,0.9277,0.8916,51,468,7.94,3.8火锅自助￥50/人 | LG2,小绪牧场·牛肉小火锅 | 3.8火锅自助￥50/人 | LG2 | 口碑好评，素食麻辣烫必尝 | ≤ | 19.9 | 畅吃20果蔬 | 果/蓝/吃 | ￥23.9 | ￥19.9 | 8.4折 | 惠 | 果蔬畅吃单人套餐.,ocr/input_videos\上海__上海荟聚中心__20260826.mp4
OBS-000038,上海荟聚中心,SlimeLand·史莱姆手工DIY,SlimeLand·史莱姆手工DIY,儿童乐园,4.5,146,L3,rated,True,,rated,parsed,rating_anchor,0.9551,0.9608,47,468,7.94,L3 | 4.5儿童乐园￥146/人,SlimeLand·史莱姆手工DIY | SlieeLand | 40 | 史莱姆魔法乐园 | L3 | 4.5儿童乐园￥146/人 | 长宁区儿童乐园销量榜第7名 | 10:00营业 | 史莱姆质感绝了，解压又治愈” | “ | ￥138￥168 | 惠 | 【解压神器】史莱姆DIY..,ocr/input_videos\上海__上海荟聚中心__20260826.mp4
OBS-000039,上海荟聚中心,馋三尺蟹粉小笼,馋三尺蟹粉小笼,小笼,4.4,48,LG2,rated,True,,rated,parsed,rating_anchor,0.9269,0.9979,51,468,7.94,LG2 | ★★★★ | ★4.4小笼￥48/人,馋三尺蟹粉小笼 | 三ROE | 限时上新 | LG2 | ★★★★ | ★4.4小笼￥48/人 | 时令六月黄 | 点评榜单 | 长宁区小笼热门榜第1名 | 10:00营业 | 咬下，幸福感满满，皮薄馅” | ≤ | T | ￥529.3折 | ￥56 | 【单人】头牌蟹粉小笼.. | 惠,ocr/input_videos\上海__上海荟聚中心__20260826.mp4
OBS-000040,上海荟聚中心,一緒に寿喜烧放题,一绪に寿喜烧放题,自助餐,4.4,179,L4,rated,True,,rated,parsed,rating_anchor,0.9724,0.9861,51,468,7.94,4.4自助餐￥179/人 | L4,一緒に寿喜烧放题 | 4.4自助餐￥179/人 | L4 | 点评榜单 | 梭子蟹 | 长宁区助餐热门榜第3名 | 开海畅吃 | 牛肉鲜嫩多汁，超治愈之选 | 油 | ￥109 | ￥178畅吃雪花牛上脑\工.. | 惠 | 6.2折,ocr/input_videos\上海__上海荟聚中心__20260826.mp4
OBS-000041,上海荟聚中心,小绪牧场·牛肉小火锅,小绪牧场·牛肉小火锅,火锅自助,3.8,50,LG2,rated,True,,rated,parsed,rating_anchor,0.9595,0.9658,51,504,8.55,LG2 | 3.8火锅自助￥50/人,小绪牧场·牛肉小火锅 | LG2 | 3.8火锅自助￥50/人 | 口碑好评，素食麻辣烫必尝 | 3 | “ | 19.9 | 畅吃20果漆 | 水用洋 | ￥19.9 | ￥23.9 | 果蔬畅吃单人套餐... | 8.4折 | 惠,ocr/input_videos\上海__上海荟聚中心__20260826.mp4
OBS-000042,上海荟聚中心,SlimeLand·史莱姆手工DIY,SlimeLand·史莱姆手工DIY,儿童乐园,4.5,146,L3,rated,True,,rated,parsed,rating_anchor,0.9646,0.9813,47,504,8.55,4.5儿童乐园￥146/人 | L3,SlimeLand·史莱姆手工DIY | SlimeLand | 中 | 史莱姆魔法乐园 | 4.5儿童乐园￥146/人 | L3 | 长宁区儿童乐园销量榜第7名 | 10:00营业 | 史莱姆质感绝了，解压又治愈” | “ | ￥138￥168 | 惠 | 【解压神器】史莱姆DIY手.,ocr/input_videos\上海__上海荟聚中心__20260826.mp4
OBS-000043,上海荟聚中心,馋三尺蟹粉小笼,馋三尺蟹粉小笼,小笼,4.4,48,LG2,rated,True,,rated,parsed,rating_anchor,0.9835,0.9995,52,504,8.55,LG2 | 4.4小笼￥48/人 | 🌟⭐⭐,馋三尺蟹粉小笼 | 停三ROE | 限时上新 | LG2 | 4.4小笼￥48/人 | 🌟⭐⭐ | 时令六月黄 | 点评榜单 | 长宁区小笼热门榜第1名 | 10:00营业 | -口咬下，幸福感满满，皮薄馅大” | “ | ￥529.3折 | ￥56 | 【单人】头牌蟹粉小笼... | 惠,ocr/input_videos\上海__上海荟聚中心__20260826.mp4
OBS-000044,上海荟聚中心,一緒に寿喜烧放题,一绪に寿喜烧放题,自助餐,4.4,179,L4,rated,True,,rated,parsed,rating_anchor,0.9725,0.9909,51,504,8.55,L4 | 🌟🌟🌟🎉 | 自助餐￥179/人 | 4.4,一緒に寿喜烧放题 | L4 | 🌟🌟🌟🎉 | 自助餐￥179/人 | 4.4 | 点评榜单 | 梭子蟹 | 长宁区自助餐热门榜第3名 | 开海畅吃 | 牛肉鲜嫩多汁，超治愈之选 | 55 | ￥109 | 6.2折 | 惠 | ￥178申 | 畅吃雪花牛上脑工...,ocr/input_videos\上海__上海荟聚中心__20260826.mp4
OBS-000045,上海荟聚中心,小绪牧场·牛肉小火锅,小绪牧场·牛肉小火锅,火锅自助,3.8,50,LG2,rated,True,,rated,parsed,rating_anchor,0.9723,0.9885,53,540,9.161,LG2 | 3.8火锅自助￥50/人,小绪牧场·牛肉小火锅 | LG2 | 3.8火锅自助￥50/人 | 《 | 口碑好评，素食麻辣烫必尝 | 3 | 19.9 | 畅吃20果炼 | 水单 | H | ￥23.9 | ￥19.9 | 8.4折 | 果蔬畅吃单人套餐... | 惠,ocr/input_videos\上海__上海荟聚中心__20260826.mp4
OBS-000046,上海荟聚中心,SlimeLand·史莱姆手工DIY,SlimeLand·史莱姆手工DIY,儿童乐园,4.5,146,L3,rated,True,,rated,parsed,rating_anchor,0.9708,0.9844,47,540,9.161,L3 | 4.5儿童乐园￥146/人,SlimeLand·史莱姆手工DIY | SllrmeLand | Q | 史莱姆魔法乐园 | L3 | 4.5儿童乐园￥146/人 | 长宁区儿童乐园销量榜第7名 | 10:00营业 | 史莱姆质感绝了，解压又治愈” | “ | ￥138￥168 | 惠 | 【解压神器】史莱姆DIY手.,ocr/input_videos\上海__上海荟聚中心__20260826.mp4
OBS-000047,上海荟聚中心,馋三尺蟹粉小笼,馋三尺蟹粉小笼,小笼,4.4,48,LG2,rated,True,,rated,parsed,rating_anchor,0.9821,0.9996,52,540,9.161,LG2 | 🌟🌟⭐⭐ | 4.4小笼￥48/人,馋三尺蟹粉小笼 | 停三RO | 限时上新 | LG2 | 🌟🌟⭐⭐ | 4.4小笼￥48/人 | 时令六月黄 | 点评榜单 | 长宁区小笼热门榜第1名 | 10:00营业 | 口咬下，幸福感满满，皮薄馅大 | “ | ￥529.3折 | ￥56 | 惠 | 【单人】头牌蟹粉小笼...,ocr/input_videos\上海__上海荟聚中心__20260826.mp4
OBS-000048,上海荟聚中心,一緒に寿喜烧放题,一绪に寿喜烧放题,自助餐,4.4,179,L4,rated,True,,rated,parsed,rating_anchor,0.95,0.9351,48,540,9.161,L4 | 🌟🌟⭐🌟 | 自助餐￥179/人 | 4.4,一緒に寿喜烧放题 | L4 | 🌟🌟⭐🌟 | 自助餐￥179/人 | 4.4 | 点评榜单 | 梭子蟹 | 长宁区自助餐热门榜第3名 | 开海畅吃 | 牛肉鲜嫩多汁，超治愈之选 | ￥109 | 6.2折 | 惠 | ￥178 | 畅吃雪花牛上脑工...,ocr/input_videos\上海__上海荟聚中心__20260826.mp4
OBS-000049,上海荟聚中心,小绪牧场·牛肉小火锅,小绪牧场·牛肉小火锅,火锅自助,3.8,50,LG2,rated,True,,rated,parsed,rating_anchor,0.9098,0.9877,53,552,9.365,LG2 | ⭐⭐⭐3.8火锅自助 | ￥50/人,小绪牧场·牛肉小火锅 | LG2 | ⭐⭐⭐3.8火锅自助 | ￥50/人 | 口碑好评，素食麻辣烫必尝 | “ | 19.9 | 畅吃20果蔬 | 水单 | 品 | ￥19.9 | 8.4折 | ￥23.9 | 惠 | 果蔬畅吃单人套餐...,ocr/input_videos\上海__上海荟聚中心__20260826.mp4
OBS-000050,上海荟聚中心,SlimeLand·史莱姆手工DIY,SlimeLand·史莱姆手工DIY,儿童乐园,4.5,146,L3,rated,True,,rated,parsed,rating_anchor,0.964,0.9786,49,552,9.365,4.5儿童乐园￥146/人 | L3,SlimeLand·史莱姆手工DIY | SlireeLand | 中 | 史莱姆魔法乐园 | 4.5儿童乐园￥146/人 | L3 | 长宁区儿童乐园销量榜第7名 | 10:00营业 | 史莱姆质感绝了，解压又治愈 | ￥138￥168 | 惠 | 【解压神器】史莱姆DIY手.,ocr/input_videos\上海__上海荟聚中心__20260826.mp4
OBS-000051,上海荟聚中心,馋三尺蟹粉小笼,馋三尺蟹粉小笼,小笼,4.4,48,LG2,rated,True,,rated,parsed,rating_anchor,0.9809,0.9994,48,552,9.365,LG2 | 🌟🌟🎉🎉 | 4.4小笼￥48/人 | ★,馋三尺蟹粉小笼 | 修三RO | 限时上新 | LG2 | 🌟🌟🎉🎉 | 4.4小笼￥48/人 | 时令六月黄 | ★ | 点评榜单 | 长宁区小笼热门榜第1名 | 10:00营业 | 幸福感满满，皮薄馅大” | 一口咬下， | “ | ￥529.3折 | ￥56 | 惠 | 【单人】头牌蟹粉小笼...,ocr/input_videos\上海__上海荟聚中心__20260826.mp4
OBS-000052,上海荟聚中心,一緒に寿喜烧放題,一绪に寿喜烧放题,自助餐,4.4,179,L4,rated,True,,rated,parsed,rating_anchor,0.959,0.9426,53,552,9.365,🌟🌟⭐⭐ | L4 | 4.4自助餐￥179/人 | ￥,一緒に寿喜烧放題 | 🌟🌟⭐⭐ | L4 | 4.4自助餐￥179/人 | ￥ | 点评榜单 | 长宁区自助餐热门榜第3名 | 梭子蟹 | 开海畅吃 | 牛肉鲜嫩多汁，超治愈之选 | “ | ￥109 | 惠 | 6.2折 | ￥178电 | 畅吃雪花牛上脑工.,ocr/input_videos\上海__上海荟聚中心__20260826.mp4
OBS-000053,上海荟聚中心,宜家·瑞典风味餐厅,宜家·瑞典风味餐厅,西餐,3.9,48,L2,rated,True,,rated,parsed,rating_anchor,0.9673,0.9825,54,552,9.365,L2 | 3.9西餐￥48/人,宜家·瑞典风味餐厅 | 2026.8.19-9.8司录 | 指定肉丸类产品 | 8折 | L2 | 3.9西餐￥48/人 | 起,ocr/input_videos\上海__上海荟聚中心__20260826.mp4
OBS-000054,上海荟聚中心,馋三尺蟹粉小笼,馋三尺蟹粉小笼,小笼,4.4,48,LG2,rated,True,,rated,parsed,rating_anchor,0.9738,0.9997,51,600,10.179,LG2 | ⭐🌟⭐⭐ | 4.4小笼￥48/人 | ★,馋三尺蟹粉小笼 | 停三RO | 限时上新 | LG2 | ⭐🌟⭐⭐ | 4.4小笼￥48/人 | ★ | 时令六月黄 | 点评榜单 | 长宁区小笼热门榜第1名 | 10:00营业 | 一口咬下，幸福感满满，皮薄馅大 | 《 | ￥529.3折 | ￥56 | 惠 | 【单人】头牌蟹粉小笼...,ocr/input_videos\上海__上海荟聚中心__20260826.mp4
OBS-000055,上海荟聚中心,一緒に寿喜烧放題,一绪に寿喜烧放题,自助餐,4.4,179,L4,rated,True,,rated,parsed,rating_anchor,0.9809,0.9874,47,600,10.179,🌟🌟🌟⭐ | L4 | 4.4自助餐￥179/人 | ★,一緒に寿喜烧放題 | 🌟🌟🌟⭐ | L4 | 4.4自助餐￥179/人 | ★ | 点评榜单 | 梭子蟹 | 长宁区自助餐热门榜第3名 | 开海畅吃 | 牛肉鲜嫩多汁，超治愈之选 | ￥109 | 6.2折 | ￥178 | 畅吃雪花牛上脑\工.. | 惠,ocr/input_videos\上海__上海荟聚中心__20260826.mp4
OBS-000056,上海荟聚中心,宜家·瑞典风味餐厅,宜家·瑞典风味餐厅,西餐,3.9,48,L2,rated,True,,rated,parsed,rating_anchor,0.9681,0.9805,50,600,10.179,L2 | 🌟🌟🌟🌟🌟 | 西餐￥48/人 | 3.9,宜家·瑞典风味餐厅 | 20268.10-0.8 | 出热号 | 指定肉丸类产品 | 8折 | L2 | 🌟🌟🌟🌟🌟 | 西餐￥48/人 | 3.9 | 起 | 点评榜单 | 9A1945 | 北新泾/淞虹路西餐热门榜第5名 | 10:00营业 | 口感一流，酱汁恰到好处” | “ | 3 | ￥1.99 | ￥7.99 | 2.5折 | 【暑期超值】茶 | 惠 | ￥55 | 9.2折 | ￥6060元代金券 | 惠,ocr/input_videos\上海__上海荟聚中心__20260826.mp4
OBS-000057,上海荟聚中心,星聚会KTVX Party,星聚会KTVXParty,量贩式KTV,4.7,79,LG1,rated,True,,rated,parsed,rating_anchor,0.9667,0.974,63,600,10.179,★★🌟4.7 | LG1 | 量贩式KTV￥79/人,星聚会KTVX Party | ★★🌟4.7 | LG1 | 量贩式KTV￥79/人 | 星堅會 | 不仅仅是KTV | 北新泾/淞虹路KTV销量榜第1名 | 10:00营业 | 环境干净宽，设施全新质量好 | ￥218￥300 | 惠 | 【AI趣唱】10瓶啤酒套餐,ocr/input_videos\上海__上海荟聚中心__20260826.mp4
OBS-000058,上海荟聚中心,壹见视光·蔡司专业验配,壹见视光·蔡司专业验配,眼镜店,4.8,657,L2,rated,True,,rated,parsed,rating_anchor,0.971,0.9887,48,600,10.179,L2 | 🌟🌟⭐🎉⭐4.8 | 眼镜店￥657/人,壹见视光·蔡司专业验配 | 个 | 欢见视光 | L2 | 🌟🌟⭐🎉⭐4.8 | 眼镜店￥657/人 | 点评榜单 | 长宁区眼镜店热门榜第3名,ocr/input_videos\上海__上海荟聚中心__20260826.mp4
OBS-000059,上海荟聚中心,一緒に寿喜烧放題,一绪に寿喜烧放题,自助餐,,179,L4,unknown,True,,ocr_missing,parsed,metadata_anchor,0.9541,0.9382,48,648,10.993,🌟🌟⭐⭐ | L4 | 自助餐￥179/人 | ★,一緒に寿喜烧放題 | 🌟🌟⭐⭐ | L4 | 自助餐￥179/人 | ★ | 点评榜单 | 梭子蟹 | 长宁区自助餐热门榜第3名 | 开海畅吃 | 牛肉鲜嫩多汁，超治愈之选 | ￥109 | 6.2折 | ￥178 | 惠 | 畅吃雪花牛上脑\工..,ocr/input_videos\上海__上海荟聚中心__20260826.mp4
OBS-000060,上海荟聚中心,宜家·瑞典风味餐厅,宜家·瑞典风味餐厅,西餐,3.9,48,L2,rated,True,,rated,parsed,rating_anchor,0.9682,0.984,51,648,10.993,🌟🌟⭐🌟🌟 | L2 | 西餐￥48/人 | 3.9,宜家·瑞典风味餐厅 | 2026.8.19-9.8 | 公员设果 | 指定肉丸类产品 | 8折 | 🌟🌟⭐🌟🌟 | L2 | 西餐￥48/人 | 3.9 | 起 | 点评榜单 | 9C18 | 北新泾/淞虹路西餐热门榜第5名 | 10:00营业 | 口感一流，酱汁恰到好处 | ￥7.99 | 2.5折 | ￥1.99 | 惠 | 【暑期超值】茶 | ￥559.2折 | 惠 | ￥6060元代金券,ocr/input_videos\上海__上海荟聚中心__20260826.mp4
OBS-000061,上海荟聚中心,星聚会KTVXParty,星聚会KTVXParty,量贩式KTV,4.7,79,LG1,rated,True,,rated,parsed,rating_anchor,0.9772,0.9955,62,648,10.993,🌟🌟🎉🌟4.7 | LG1 | 量贩式KTV￥79/人,星聚会KTVXParty | 🌟🌟🎉🌟4.7 | LG1 | 量贩式KTV￥79/人 | 星坚會 | 不仅仅是KTV | 北新泾/淞虹路KTV销量榜第1名 | 10:00营业 | 环境干净宽，设施全新质量好 | ￥218￥300 | 【AI趣唱】10瓶啤酒套餐 | 惠,ocr/input_videos\上海__上海荟聚中心__20260826.mp4
OBS-000062,上海荟聚中心,壹见视光·蔡司专业验配,壹见视光·蔡司专业验配,眼镜店,4.8,657,L2,rated,True,,rated,parsed,rating_anchor,0.9692,0.989,48,648,10.993,★🌟🌟🌟4.8 | L2 | 眼镜店￥657/人,壹见视光·蔡司专业验配 | A | 蒸见找光 | ★🌟🌟🌟4.8 | L2 | 眼镜店￥657/人 | 点评榜单 | 长宁区眼镜店热门榜第3名 | 10:00营业 | 验光专业，镜框品牌多样 | ￥0.85 | 8.5折 | 眼镜维修|保养清洗... | 惠 | ￥99 | ¥40¥100代金券 | 惠,ocr/input_videos\上海__上海荟聚中心__20260826.mp4
OBS-000063,上海荟聚中心,宜家·瑞典风味餐厅,宜家·瑞典风味餐厅,西餐,3.9,48,L2,rated,True,,rated,parsed,rating_anchor,0.9691,0.9859,53,684,11.604,L2 | ★★★★★ | 西餐￥48/人 | 3.9,宜家·瑞典风味餐厅 | 2026.8.19-9.8 | 出通 | 指定肉丸类产品 | 8折 | L2 | ★★★★★ | 西餐￥48/人 | 3.9 | 起 | 点评榜单 | 9R18 | 北新泾/淞虹路西餐热门榜第5名 | 10:00营业 | 口感一流，酱汁恰到好处 | 1 | ￥1.99 | 2.5折 | ￥7.99 | 惠 | 【暑期超值】茶 | ￥559.2折 | ￥6060元代金券 | 惠,ocr/input_videos\上海__上海荟聚中心__20260826.mp4
OBS-000064,上海荟聚中心,星聚会KTVX Party,星聚会KTVXParty,量贩式KTV,4.7,79,LG1,rated,True,,rated,parsed,rating_anchor,0.9685,0.9722,61,684,11.604,LG1 | 🌟🌟🎉🌟🌟 | 4.7 | 量贩式KTV￥79/人,星聚会KTVX Party | LG1 | 🌟🌟🎉🌟🌟 | 4.7 | 量贩式KTV￥79/人 | 星堅會 | EA | 不仅仅是KTV | 北新泾/淞虹路KTV销量榜第1名 | 10:00营业 | 环境干净宽，设施全新质量好 | ￥218￥300 | 【AI趣唱】10瓶啤酒套餐 | 惠,ocr/input_videos\上海__上海荟聚中心__20260826.mp4
OBS-000065,上海荟聚中心,壹见视光·蔡司专业验配,壹见视光·蔡司专业验配,眼镜店,4.8,657,L2,rated,True,,rated,parsed,rating_anchor,0.9601,0.9872,53,684,11.604,L2 | 🌟🌟🌟🌟🌟 | 眼镜店￥657/人 | 4.8,壹见视光·蔡司专业验配 | 个 | 查见现光 | L2 | 🌟🌟🌟🌟🌟 | 眼镜店￥657/人 | 4.8 | 点评榜单 | 长宁区眼镜店热门榜第3名 | 10:00营业 | 验光专业，镜框品牌多样 | ￥0.85 | 8.5折 | ￥99 | 惠 | 眼镜维修|保养清洗... | ￥40￥100代金券 | 惠,ocr/input_videos\上海__上海荟聚中心__20260826.mp4
OBS-000066,上海荟聚中心,亚马逊海鲜自助,亚马逊海鲜自助,海鲜自助,,164,L3,new_store,False,new_store,ocr_missing,parsed,metadata_anchor,0.9752,0.9998,50,684,11.604,新店 | L3 | 海鲜自助￥164/人,亚马逊海鲜自助 | 新店 | L3 | 海鲜自助￥164/人 | 周年庆 | 点评榜单 | 长宁区自助餐热门榜第1名 | 20只力一口 | ￥179上海|晚餐及周末.. | ￥1689.4折 | 惠,ocr/input_videos\上海__上海荟聚中心__20260826.mp4
OBS-000067,上海荟聚中心,星聚会KTV X Party,星聚会KTVXParty,量贩式KTV,4.7,79,LG1,rated,True,,rated,parsed,rating_anchor,0.9548,0.9429,63,792,13.436,LG1 | 🌟🌟🌟⭐🌟4.7 | 量贩式KTV￥79/人,星聚会KTV X Party | LG1 | 🌟🌟🌟⭐🌟4.7 | 量贩式KTV￥79/人 | 星坚會 | E人 | 不仅仅是KTV | 北新泾/淞虹路KTV销量榜第1名 | 10:00营业 | 环境干净宽敬，设施全新质量好” | ￥218￥300 | 惠 | 【AI趣唱】10瓶啤酒套餐,ocr/input_videos\上海__上海荟聚中心__20260826.mp4
OBS-000068,上海荟聚中心,壹见视光·蔡司专业验配,壹见视光·蔡司专业验配,眼镜店,4.8,657,L2,rated,True,,rated,parsed,rating_anchor,0.9778,0.991,56,792,13.436,L2 | ⭐🌟⭐⭐⭐4.8 | 眼镜店￥657/人,壹见视光·蔡司专业验配 | ↑ | 资见规光 | L2 | ⭐🌟⭐⭐⭐4.8 | 眼镜店￥657/人 | 点评榜单 | 长宁区眼镜店热门榜第3名 | 10:00营业 | 验光专业，镜框品牌多样 | ￥0.85 | 8.5折 | 惠 | ￥99 | 眼镜维修|保养清洗... | 惠 | ￥40￥100代金券,ocr/input_videos\上海__上海荟聚中心__20260826.mp4
OBS-000069,上海荟聚中心,亚马逊海鲜自助,亚马逊海鲜自助,海鲜自助,,164,L3,new_store,False,new_store,ocr_missing,parsed,metadata_anchor,0.9782,0.9995,52,792,13.436,新店 | L3 | 海鲜自助￥164/人,亚马逊海鲜自助 | 20 | 新店 | L3 | 海鲜自助￥164/人 | 周年庆 | 点评榜单 | 长宁区自助餐热门榜第1名 | 环球再时20R为一口旺语 | ￥179上海|晚餐及周末... | ￥1689.4折 | 惠,ocr/input_videos\上海__上海荟聚中心__20260826.mp4
OBS-000070,上海荟聚中心,玩童会,玩童会,儿童乐园,4.4,153,L3,rated,True,,rated,parsed,rating_anchor,0.9721,0.9994,59,792,13.436,🌟🌟🌟🎉 | L3 | 4.4儿童乐园￥153/人,玩童会 | 防童豆 | 🌟🌟🌟🎉 | L3 | 4.4儿童乐园￥153/人 | 长宁区儿童乐园人气趋势榜第9名 | 4 | 10:00营业,ocr/input_videos\上海__上海荟聚中心__20260826.mp4
OBS-000071,上海荟聚中心,亚马逊海鲜自助,亚马逊海鲜自助,海鲜自助,,164,L3,new_store,False,new_store,ocr_missing,parsed,metadata_anchor,0.9786,0.9996,58,828,14.047,新店 | L3 | 海鲜自助￥164/人,亚马逊海鲜自助 | 20 | 新店 | L3 | 海鲜自助￥164/人 | 周年庆 | 点评榜单 | 长宁区自助餐热门榜第1名 | 哥20只为一口 | 惠￥1689.4折 | ￥179上海|晚餐及周末...,ocr/input_videos\上海__上海荟聚中心__20260826.mp4
OBS-000072,上海荟聚中心,玩童会,玩童会,儿童乐园,4.4,153,L3,rated,True,,rated,parsed,rating_anchor,0.9812,0.9988,65,828,14.047,🌟🌟🌟🎉 | L3 | 4.4儿童乐园￥153/人,玩童会 | 航童宝 | 🌟🌟🌟🎉 | L3 | 4.4儿童乐园￥153/人 | 长宁区儿童乐园人气趋势榜第9名 | 10:00营业 | ￥49￥50 | 【托马斯来啦】小火车·1次·… | 惠 | ￥270￥300代金券 | 惠,ocr/input_videos\上海__上海荟聚中心__20260826.mp4
OBS-000073,上海荟聚中心,LOKAL,LOKAL,西餐,3.9,102,L4,rated,True,,rated,parsed,rating_anchor,0.9791,0.998,54,828,14.047,🌟🌟💥🌟🌟 | L4 | 西餐￥102/人 | 3.9,LOKAL | LOKAL罗可 | 夏日约会 | 🌟🌟💥🌟🌟 | L4 | 西餐￥102/人 | 3.9 | 餐桌 | 点评榜单 | 北新泾/淞虹路西餐打卡人气榜第4名 | 10:00营业 | ￥126 | ￥927.4折 | 惠 | 【招牌北欧Brunch】,ocr/input_videos\上海__上海荟聚中心__20260826.mp4
OBS-000074,上海荟聚中心,Acc Hair Salon,AccHairSalon,美发,4.2,175,LG2,rated,True,,rated,parsed,rating_anchor,0.961,0.9677,54,828,14.047,美发￥175/人 | LG2 | 🌟🌟🌟🌟 | 4.2,Acc Hair Salon | e | 美发￥175/人 | LG2 | 🌟🌟🌟🌟 | 4.2 | 北新泾/淞虹路美发回头客榜第3名 | 10:00营业 | “理发造型流，环境干净卫 | ￥997.8折 | ￥197 | 【新客直降39】首席.. | 惠,ocr/input_videos\上海__上海荟聚中心__20260826.mp4
OBS-000075,上海荟聚中心,亚马逊海鲜自助,亚马逊海鲜自助,海鲜自助,,164,L3,new_store,False,new_store,ocr_missing,parsed,metadata_anchor,0.981,0.9997,60,852,14.454,新店 | L3 | 海鲜自助￥164/人,亚马逊海鲜自助 | 26 | 新店 | L3 | 海鲜自助￥164/人 | 周年庆 | 点评榜单 | 长宁区自助餐热门榜第1名 | 原综可部20只力一口楼 | ￥1689.4折 | ￥179上海|晚餐及周末... | 惠,ocr/input_videos\上海__上海荟聚中心__20260826.mp4
OBS-000076,上海荟聚中心,玩童会,玩童会,儿童乐园,4.4,153,L3,rated,True,,rated,parsed,rating_anchor,0.9809,0.9996,64,852,14.454,🌟🌟⭐⭐ | L3 | 4.4儿童乐园￥153/人 | ★,玩童会 | 🌟🌟⭐⭐ | L3 | 4.4儿童乐园￥153/人 | ★ | 长宁区儿童乐园人气趋势榜第9名 | CC | 10:00营业 | ￥49￥50 | 惠 | 【托马斯来啦】小火车·1次·. | ￥270￥300代金券 | 惠,ocr/input_videos\上海__上海荟聚中心__20260826.mp4
OBS-000077,上海荟聚中心,LOKAL,LOKAL,西餐,3.9,102,L4,rated,True,,rated,parsed,rating_anchor,0.9831,0.999,53,852,14.454,🌟🌟⭐🌟 | L4 | 西餐￥102/人 | 3.9,LOKAL | LOKAL罗可 | 夏日约会 | 🌟🌟⭐🌟 | L4 | 西餐￥102/人 | 3.9 | 餐桌 | 点评榜单 | 北新泾/淞虹路西餐打卡人气榜第4名 | 10:00营业 | ￥927.4折 | ￥126 | 【招牌北欧Brunch】 | 惠,ocr/input_videos\上海__上海荟聚中心__20260826.mp4
OBS-000078,上海荟聚中心,Acc Hair Salon,AccHairSalon,美发,4.2,175,LG2,rated,True,,rated,parsed,rating_anchor,0.9741,0.9881,51,852,14.454,LG2 | 4.2 | ⭐🌟🎉🌟 | 美发￥175/人 | ★,e | Acc Hair Salon | LG2 | 4.2 | ⭐🌟🎉🌟 | 美发￥175/人 | ★ | 北新泾/淞虹路美发回头客榜第3名 | 10:00营业 | 理发造型一流，环境干净卫生 | （ | ￥197 | ￥99 | 7.8折 | 【新客直降39】首席. | 惠,ocr/input_videos\上海__上海荟聚中心__20260826.mp4
OBS-000079,上海荟聚中心,油梨树AVOCADO TREE,油梨树AVOCADOTREE,西餐,4.3,50,LG1,rated,True,,rated,parsed,rating_anchor,0.9621,0.9775,54,852,14.454,LG1 | 🌟🌟⭐🌟 | 西餐￥50/人 | 4.3 | ★,油梨树AVOCADO TREE | 新鲜不预制 | LG1 | 🌟🌟⭐🌟 | 西餐￥50/人 | 4.3 | ★ | 点评镑单 | 北新泾/淞虹路西餐热门榜第7名,ocr/input_videos\上海__上海荟聚中心__20260826.mp4
OBS-000080,上海荟聚中心,Acc Hair Salon,AccHairSalon,美发,4.2,175,LG2,rated,True,,rated,parsed,rating_anchor,0.9467,0.9505,47,948,16.083,🌟🌟🌟⭐ | LG2 | 4.2 | 美发￥175/人 | ★,红 | Acc Hair Salon | 🌟🌟🌟⭐ | LG2 | 4.2 | 美发￥175/人 | ★ | 北新泾/淞虹路美发回头客榜第3名 | 10:00营业 | 理发造型一流，环境干净卫生 | ￥197 | ￥99 | 7.8折 | 惠 | 【新客直降39】首席...,ocr/input_videos\上海__上海荟聚中心__20260826.mp4
OBS-000081,上海荟聚中心,油梨树AVOCADO TREE,油梨树AVOCADOTREE,西餐,4.3,50,LG1,rated,True,,rated,parsed,rating_anchor,0.9514,0.963,54,948,16.083,🌟🌟⭐⭐ | LG1 | 4.3 | 西餐￥50/人 | ★,油梨树AVOCADO TREE | 新鲜不预制 | 🌟🌟⭐⭐ | LG1 | 4.3 | 西餐￥50/人 | ★ | 点评榜单 | 北新泾/淞虹路西餐热门榜第7名 | 10:00营业 | ￥238.9折 | 惠 | ￥26夏日牛油果冰淇淋,ocr/input_videos\上海__上海荟聚中心__20260826.mp4
OBS-000082,上海荟聚中心,荟聚宝贝,荟聚宝贝,儿童乐园,4.4,,L1,rated,True,,rated,parsed,rating_anchor,0.999,0.9995,56,948,16.083,🌟🌟🌟🌟 | L1 | 4.4儿童乐园,荟聚宝贝 | eLwatJunior | 美东件 | 🌟🌟🌟🌟 | L1 | 4.4儿童乐园 | 点评榜单 | 北新泾/淞虹路儿童乐园好评榜第4名 | 商场提供托管服务，场地宽敞安全 | “ | 分,ocr/input_videos\上海__上海荟聚中心__20260826.mp4
OBS-000083,上海荟聚中心,桂满陇·蟹黄小笼汤包,桂满陇·蟹黄小笼汤包,浙菜,4.4,82,LG1,rated,True,,rated,parsed,rating_anchor,0.9655,0.9566,48,948,16.083,🌟🌟⭐⭐ | 4.4浙菜￥82/人 | LG1,桂满陇·蟹黄小笼汤包 | 夏蟹 | 🌟🌟⭐⭐ | 4.4浙菜￥82/人 | LG1 | 知鲜 | 点评榜单 | 北新泾/淞虹路江浙菜打卡人气榜第2名 | 10:30营业 | 本店特色鸡，肉质鲜嫩，味道十足” | ￥1227.2折 | 惠 | ￥169.8 | 【工作日午市超值... | ￥969.6折 | 惠 | ￥100100元代金券,ocr/input_videos\上海__上海荟聚中心__20260826.mp4
OBS-000084,上海荟聚中心,东瀛造型,东瀛造型,美发,4.4,231,L3,rated,True,,rated,parsed,rating_anchor,0.9815,0.9993,52,948,16.083,🌟🌟🌟🌟 | L3 | 美发￥231/人 | 4.4,东瀛造型 | 上海美 | 🌟🌟🌟🌟 | L3 | 美发￥231/人 | 4.4 | 销量格 | 第1名 | 点评榜单 | 北新泾/淞虹路美发热门榜第1名 | 10:00营业 | “环境于净整洁 | 发型师专注于理发”,ocr/input_videos\上海__上海荟聚中心__20260826.mp4
OBS-000085,上海荟聚中心,Acc Hair Salon,AccHairSalon,美发,4.2,175,LG2,rated,True,,rated,parsed,rating_anchor,0.9627,0.9525,46,960,16.286,LG2 | 4.2美发￥175/人 | ★★★★★,Acc Hair Salon | e | LG2 | 4.2美发￥175/人 | ★★★★★ | 北新泾/淞虹路美发回头客榜第3名 | 10:00营业 | 理发造型一流，环境干净卫生 | 3 | ￥997.8折 | ￥197 | 【新客直降39】首席... | 惠,ocr/input_videos\上海__上海荟聚中心__20260826.mp4
OBS-000086,上海荟聚中心,油梨树AVOCADO TREE,油梨树AVOCADOTREE,西餐,4.3,50,LG1,rated,True,,rated,parsed,rating_anchor,0.961,0.9784,54,960,16.286,LG1 | 🌟🌟🌟🌟 | 西餐￥50/人 | 4.3,油梨树AVOCADO TREE | 新鲜不预制 | LG1 | 🌟🌟🌟🌟 | 西餐￥50/人 | 4.3 | 点评榜单 | 北新泾/淞虹路西餐热门榜第7名 | 10:00营业 | ￥238.9折 | 惠 | ￥26夏日牛油果冰淇淋,ocr/input_videos\上海__上海荟聚中心__20260826.mp4
OBS-000087,上海荟聚中心,荟聚宝贝,荟聚宝贝,儿童乐园,4.4,,L1,rated,True,,rated,parsed,rating_anchor,0.9983,0.9995,56,960,16.286,L1 | 🌟🌟⭐⭐ | 4.4儿童乐园,荟聚宝贝 | L1 | 🌟🌟⭐⭐ | 4.4儿童乐园 | 点评榜单 | 北新泾/淞虹路儿童乐园好评榜第4名 | 商场提供托管服务，场地宽敞安全 | 2,ocr/input_videos\上海__上海荟聚中心__20260826.mp4
OBS-000088,上海荟聚中心,桂满陇·蟹黄小笼汤包,桂满陇·蟹黄小笼汤包,浙菜,4.4,82,LG1,rated,True,,rated,parsed,rating_anchor,0.9466,0.942,48,960,16.286,4.4浙菜￥82/人 | LG1,桂满陇·蟹黄小笼汤包 | 夏蟹 | 4.4浙菜￥82/人 | LG1 | 知鲜 | 点评榜单 | 北新泾/淞虹路江浙菜打卡人气榜第2名 | 10:30营业 | 本店特色鸡，肉质鲜嫩，味道十足” | ￥1227.2折 | ￥169.8 | 【工作日午市超值... | 惠 | ￥969.6折 | 惠 | ￥100100元代金券,ocr/input_videos\上海__上海荟聚中心__20260826.mp4
OBS-000089,上海荟聚中心,东瀛造型,东瀛造型,美发,4.4,231,L3,rated,True,,rated,parsed,rating_anchor,0.9852,0.9998,53,960,16.286,⭐🌟⭐⭐ | L3 | 4.4美发￥231/人 | ★,东瀛造型 | 上海美 | ⭐🌟⭐⭐ | L3 | 4.4美发￥231/人 | 销量榜 | ★ | 第1名 | 点评榜单 | 北新泾/淞虹路美发热门榜第1名 | 10:00营业 | 环境干净整洁， | 发型师专注于理发 | 2,ocr/input_videos\上海__上海荟聚中心__20260826.mp4
OBS-000090,上海荟聚中心,Acc Hair Salon,AccHairSalon,美发,4.2,175,LG2,rated,True,,rated,parsed,rating_anchor,0.9576,0.9664,47,1008,17.101,LG2 | 🌟🌟🌟⭐ | 4.2 | 美发￥175/人 | ★,Acc Hair Salon | eC | LG2 | 🌟🌟🌟⭐ | 4.2 | 美发￥175/人 | ★ | 北新泾/淞虹路美发回头客榜第3名 | 10:00营业 | 理发造型一流，环境干净卫生 | ￥197 | ￥99 | 7.8折 | 【新客直降39】首席.. | 惠,ocr/input_videos\上海__上海荟聚中心__20260826.mp4
OBS-000091,上海荟聚中心,油梨树AVOCADO TREE,油梨树AVOCADOTREE,西餐,4.3,50,LG1,rated,True,,rated,parsed,rating_anchor,0.9628,0.9795,54,1008,17.101,LG1 | 🌟🌟⭐⭐ | 4.3 | 西餐￥50/人,油梨树AVOCADO TREE | 新鲜不预制 | LG1 | 🌟🌟⭐⭐ | 4.3 | 西餐￥50/人 | 点评榜单 | 北新泾/淞虹路西餐热门榜第7名 | 10:00营业 | ￥238.9折 | ￥26夏日牛油果冰淇淋 | 惠,ocr/input_videos\上海__上海荟聚中心__20260826.mp4
OBS-000092,上海荟聚中心,荟聚宝贝,荟聚宝贝,儿童乐园,4.4,,L1,rated,True,,rated,parsed,rating_anchor,0.9987,0.9996,57,1008,17.101,🌟🌟🌟🎉 | L1 | 4.4儿童乐园,荟聚宝贝 | 🌟🌟🌟🎉 | L1 | 4.4儿童乐园 | 点评榜单 | 北新泾/淞虹路儿童乐园好评榜第4名 | 商场提供托管服务，场地宽敞安全,ocr/input_videos\上海__上海荟聚中心__20260826.mp4
OBS-000093,上海荟聚中心,桂满陇·蟹黃小笼汤包,桂满陇·蟹黄小笼汤包,浙菜,4.4,82,LG1,rated,True,,rated,parsed,rating_anchor,0.9583,0.949,54,1008,17.101,LG1 | 🌟🌟🌟⭐ | 4.4浙菜￥82/人 | ★,桂满陇·蟹黃小笼汤包 | 夏蟹 | LG1 | 🌟🌟🌟⭐ | 4.4浙菜￥82/人 | ★ | 知鲜 | 点评榜单 | 北新泾/淞虹路江浙菜打卡人气榜第2名 | 10:30营业 | 本店特色鸡，肉质鲜嫩，味道十足 | ￥1227.2折 | ￥169.8 | 惠 | 【工作日午市超值.... | ￥969.6折 | 惠 | ￥100100元代金券,ocr/input_videos\上海__上海荟聚中心__20260826.mp4
OBS-000094,上海荟聚中心,东瀛造型,东瀛造型,美发,4.4,231,L3,rated,True,,rated,parsed,rating_anchor,0.9843,0.9996,56,1008,17.101,4.4美发￥231/人 | L3 | 🌟🌟🌟🌟 | ★,东瀛造型 | 上海美光 | 4.4美发￥231/人 | L3 | 🌟🌟🌟🌟 | 銷量榜 | ★ | 第1名 | 点评榜单 | 北新泾/淞虹路美发热门榜第1名 | 10:00营业 | 环境干净整洁，发型师专注于理发,ocr/input_videos\上海__上海荟聚中心__20260826.mp4
OBS-000095,上海荟聚中心,油梨树AVOCADO TREE,油梨树AVOCADOTREE,西餐,4.3,50,LG1,rated,True,,rated,parsed,rating_anchor,0.9524,0.966,54,1044,17.711,LG1 | 🌟🌟⭐⭐ | 4.3 | 西餐￥50/人,油梨树AVOCADO TREE | 新鲜不预制 | LG1 | 🌟🌟⭐⭐ | 4.3 | 西餐￥50/人 | 点评榜单 | 北新泾/淞虹路西餐热门榜第7名 | 10:00营业 | ￥238.9折 | ￥26夏日牛油果冰淇淋 | 惠,ocr/input_videos\上海__上海荟聚中心__20260826.mp4
OBS-000096,上海荟聚中心,荟聚宝贝,荟聚宝贝,儿童乐园,4.4,,L1,rated,True,,rated,parsed,rating_anchor,0.9981,0.999,55,1044,17.711,🌟★⭐🌟 | L1 | 4.4儿童乐园 | 1,荟聚宝贝 | 🌟★⭐🌟 | L1 | 4.4儿童乐园 | 1 | 点评榜单 | 北新泾/淞虹路儿童乐园好评榜第4名 | 商场提供托管服务，场地宽敞安全,ocr/input_videos\上海__上海荟聚中心__20260826.mp4
OBS-000097,上海荟聚中心,桂满陇·蟹黄小笼汤包,桂满陇·蟹黄小笼汤包,浙菜,4.4,82,LG1,rated,True,,rated,parsed,rating_anchor,0.9746,0.9772,50,1044,17.711,⭐🌟⭐⭐ | LG1 | 4.4浙菜￥82/人 | ★,桂满陇·蟹黄小笼汤包 | 夏蟹 | ⭐🌟⭐⭐ | LG1 | 4.4浙菜￥82/人 | ★ | 知鲜 | 点评榜单 | 北新泾/淞虹路江浙菜打卡人气榜第2名 | 10:30营业 | 本店特色鸡，质鲜嫩，味道 | ￥1227.2折 | ￥169.8 | 【工作午市超值.. | 惠 | ￥969.6折 | 惠 | ￥100100元代金券,ocr/input_videos\上海__上海荟聚中心__20260826.mp4
OBS-000098,上海荟聚中心,东瀛造型,东瀛造型,美发,4.4,231,L3,rated,True,,rated,parsed,rating_anchor,0.9826,0.9997,53,1044,17.711,4.4美发￥231/人 | L3 | 🌟🌟🌟🌟,东瀛造型 | 上海美 | 4.4美发￥231/人 | L3 | 🌟🌟🌟🌟 | 销量格 | 第1名 | 点评榜单 | 北新泾/淞虹路美发热门榜第1名 | 10:00营业 | 环境干净整洁，发型师专注于理发 | ￥739.7折 | ￥78 | 惠 | 【洗头发】资深设计师...,ocr/input_videos\上海__上海荟聚中心__20260826.mp4
OBS-000099,上海荟聚中心,南里山房·新淮扬菜,南里山房·新淮扬菜,淮扬菜,4.8,127,L2,rated,True,,rated,parsed,rating_anchor,0.9593,0.98,51,1044,17.711,L2 | 4.8淮扬菜￥127/人,南里山房·新淮扬菜 | 南里山房 | L2 | 4.8淮扬菜￥127/人 | 奔赴奇妙 | 点评榜单 | 长宁区江浙菜好评榜第1名 | 迪士尼小镇店盛大启部 | 10:30营业 | 柠檬山药清爽开胃,ocr/input_videos\上海__上海荟聚中心__20260826.mp4
OBS-000100,上海荟聚中心,荟聚宝贝,荟聚宝贝,儿童乐园,4.4,,L1,rated,True,,rated,parsed,rating_anchor,0.9982,0.999,56,1068,18.119,🌟🌟🌟🌟 | 4.4儿童乐园 | L1,荟聚宝贝 | eLwatJunicr | 热财东具 | 🌟🌟🌟🌟 | 4.4儿童乐园 | L1 | 点评榜单 | 北新泾/淞虹路儿童乐园好评榜第4名 | 商场提供托管服务，场地宽敬安全 | 2,ocr/input_videos\上海__上海荟聚中心__20260826.mp4
OBS-000101,上海荟聚中心,桂满陇·蟹黄小笼汤包,桂满陇·蟹黄小笼汤包,浙菜,4.4,82,LG1,rated,True,,rated,parsed,rating_anchor,0.9661,0.9587,51,1068,18.119,⭐🌟★⭐ | LG1 | 4.4浙菜￥82/人,桂满陇·蟹黄小笼汤包 | 夏蟹 | ⭐🌟★⭐ | LG1 | 4.4浙菜￥82/人 | 知鲜 | 点评榜单 | 北新泾/淞虹路江浙菜打卡人气榜第2名 | 10:30营业 | 本店特色鸡，肉质鲜嫩，味道十” | 3 | ￥169.8 | ￥1227.2折 | 惠 | 【工作日午市超值... | ￥969.6折 | 惠 | ￥100100元代金券,ocr/input_videos\上海__上海荟聚中心__20260826.mp4
OBS-000102,上海荟聚中心,东瀛造型,东瀛造型,美发,4.4,231,L3,rated,True,,rated,parsed,rating_anchor,0.9848,0.9998,53,1068,18.119,4.4美发￥231/人 | 🌟🌟🌟🎉 | L3 | ★,东瀛造型 | 上海美发 | 4.4美发￥231/人 | 🌟🌟🌟🎉 | L3 | 销量榜 | ★ | 第1名 | 点评榜单 | 北新泾/淞虹路美发热门榜第1名 | 10:00营业 | 环境干净整洁，发型师专注于理发 | ￥739.7折 | ￥78 | 惠 | 【洗头发】资深设计师...,ocr/input_videos\上海__上海荟聚中心__20260826.mp4
OBS-000103,上海荟聚中心,南里山房·新淮扬菜,南里山房·新淮扬菜,淮扬菜,4.8,127,L2,rated,True,,rated,parsed,rating_anchor,0.9631,0.9706,48,1068,18.119,🌈4.8 | L2 | 淮扬菜￥127/人,南里山房·新淮扬菜 | 南里山房 | 🌈4.8 | L2 | 淮扬菜￥127/人 | 奔赴奇妙 | 点评榜单 | 长宁区江浙菜好评榜第1名 | 迪土尼小集店盛大启基 | 10:30营业 | 柠檬山药清爽开胃 | 9 | ￥10.5 | 6.6折 | ￥16杨梅汁 | 惠 | 惠 | ￥5050元代金券 | ￥46.5 | 9.3折,ocr/input_videos\上海__上海荟聚中心__20260826.mp4
OBS-000104,上海荟聚中心,荟聚宝贝,荟聚宝贝,儿童乐园,4.4,,L1,rated,True,,rated,parsed,rating_anchor,0.9977,0.9992,59,1128,19.137,🌟🌟🌟🌟 | L1 | 4.4儿童乐园,荟聚宝贝 | eLwatJunicr | 具 | 🌟🌟🌟🌟 | L1 | 4.4儿童乐园 | 点评榜单 | 北新泾/淞虹路儿童乐园好评榜第4名 | 商场提供托管服务，场地宽敬安全,ocr/input_videos\上海__上海荟聚中心__20260826.mp4
OBS-000105,上海荟聚中心,桂满陇·蟹黃小笼汤包,桂满陇·蟹黄小笼汤包,浙菜,4.4,82,LG1,rated,True,,rated,parsed,rating_anchor,0.9589,0.9428,48,1128,19.137,LG1 | 🌟🌟⭐⭐ | 4.4浙菜￥82/人,桂满陇·蟹黃小笼汤包 | 夏蟹 | LG1 | 🌟🌟⭐⭐ | 4.4浙菜￥82/人 | 知鲜 | 点评榜单 | 北新泾/淞虹路江浙菜打卡人气榜第2名 | 10:30营业 | 本店特色鸡，肉质鲜嫩，味道十足” | 3 | ￥169.8 | ￥1227.2折 | 惠 | 【工作日午市超值.. | ￥969.6折 | 惠 | ￥100100元代金券,ocr/input_videos\上海__上海荟聚中心__20260826.mp4
OBS-000106,上海荟聚中心,东瀛造型,东瀛造型,美发,4.4,231,L3,rated,True,,rated,parsed,rating_anchor,0.986,0.9998,56,1128,19.137,🌟🌟🎉🎉 | L3 | 4.4美发￥231/人 | ★,东瀛造型 | 上海美 | 🌟🌟🎉🎉 | L3 | 4.4美发￥231/人 | ★ | 销量榜 | 第1名 | 点评榜单 | 北新泾/淞虹路美发热门榜第1名 | 10:00营业 | 环境干净整洁，发型师专注于理发 | ￥739.7折 | ￥78 | 惠 | 【洗头发】资深设计师...,ocr/input_videos\上海__上海荟聚中心__20260826.mp4
OBS-000107,上海荟聚中心,南里山房·新淮扬菜,南里山房·新淮扬菜,淮扬菜,4.8,127,L2,rated,True,,rated,parsed,rating_anchor,0.9604,0.9718,48,1128,19.137,L2 | 🌟🎉🌟🌟4.8 | 淮扬菜￥127/人,南里山房·新淮扬菜 | 南里山房 | L2 | 🌟🎉🌟🌟4.8 | 中 | 淮扬菜￥127/人 | 奔赴奇妙 | 点评榜单 | 长宁区江浙菜好评榜第1名 | 迪土尼小集店盛大启基 | 10:30营业 | 柠檬山药清爽开胃 | 9 | ￥10.5 | 6.6折 | ￥16杨梅汁 | 惠 | ￥46.5 | 9.3折 | ￥5050元代金券 | 惠,ocr/input_videos\上海__上海荟聚中心__20260826.mp4
OBS-000108,上海荟聚中心,东瀛造型,东瀛造型,美发,4.4,231,L3,rated,True,,rated,parsed,rating_anchor,0.9836,0.9998,53,1140,19.34,⭐🌟⭐⭐ | L3 | 4.4美发￥231/人 | ★,东瀛造型 | 上海美发 | ⭐🌟⭐⭐ | L3 | 4.4美发￥231/人 | 销量榜 | ★ | 第1名 | 点评榜单 | 北新泾/淞虹路美发热门榜第1名 | 10:00营业 | 环境干净整洁，发型师专注于理发 | 2 | ￥739.7折 | ￥78 | 惠 | 【洗头发】资深设计师...,ocr/input_videos\上海__上海荟聚中心__20260826.mp4
OBS-000109,上海荟聚中心,南里山房·新淮扬菜,南里山房·新淮扬菜,淮扬菜,4.8,127,L2,rated,True,,rated,parsed,rating_anchor,0.9528,0.9849,51,1140,19.34,4.8淮扬菜￥127/人 | L2,南里山房·新淮扬菜 | 南里山房 | 4.8淮扬菜￥127/人 | L2 | 日 | 奔赴奇妙 | 点评榜单 | 长宁区江浙菜好评榜第1名 | 迪士尼小镇店盛大启募 | 10:30营业 | 柠檬山药清爽开胃 | ￥10.56.6折 | ￥16杨梅汁 | 惠 | ￥46.59.3折 | 惠 | ￥5050元代金券,ocr/input_videos\上海__上海荟聚中心__20260826.mp4
OBS-000110,上海荟聚中心,卡通尼·可以玩的博物馆·生日会,卡通尼·可以玩的博物馆·生日会,儿童乐园,4.1,153,L3,rated,True,,rated,parsed,rating_anchor,0.9578,0.9598,51,1140,19.34,L3 | 🌟🌟🌟 | 4.1儿童乐园￥153/人 | ★,卡通尼·可以玩的博物馆·生日会 | FUN | L3 | 🌟🌟🌟 | MUSEUM | 4.1儿童乐园￥153/人 | ★ | 可以玩的博物馆 | 长宁区儿童乐园销量榜第3名 | 10:00营业 | 场地超大，色扮演区域欢乐无限 | 惠￥29.319.9折 | ￥45 | 【超值全国当日通...,ocr/input_videos\上海__上海荟聚中心__20260826.mp4
OBS-000111,上海荟聚中心,Grande A'moo,GrandeA'moo,意大利菜,4.6,118,L1,rated,True,,rated,parsed,rating_anchor,0.9755,0.9819,52,1140,19.34,★★★★★ | L1 | 意大利菜￥118/人 | 4.6,Grande A'moo | ★★★★★ | L1 | 意大利菜￥118/人 | 4.6 | 点评榜单 | 长宁区西餐好评榜第1名 | 10:30营业 | 评价还能送蛋糕” | “午餐受无限,ocr/input_videos\上海__上海荟聚中心__20260826.mp4
OBS-000112,上海荟聚中心,南里山房·新淮扬菜,南里山房·新淮扬菜,淮扬菜,4.8,127,L2,rated,True,,rated,parsed,rating_anchor,0.963,0.9803,51,1164,19.747,L2 | 4.8淮扬菜￥127/人,南里山房·新淮扬菜 | 南里山房 | L2 | 4.8淮扬菜￥127/人 | 国 | 奔赴奇妙 | 点评榜单 | 长宁区江浙菜好评榜第1名 | 迪士尼小镇店盛大启基 | 10:30营业 | 小 | 柠檬山药清爽开胃 | 惠 | ￥10.5 | 6.6折 | ￥16杨梅汁 | ￥46.59.3折 | 惠 | ￥5050元代金券,ocr/input_videos\上海__上海荟聚中心__20260826.mp4
OBS-000113,上海荟聚中心,卡通尼·可以玩的博物馆·生日会,卡通尼·可以玩的博物馆·生日会,儿童乐园,4.1,153,L3,rated,True,,rated,parsed,rating_anchor,0.9546,0.987,51,1164,19.747,L3 | 🌟🌟⭐🌟 | 4.1儿童乐园￥153/人 | ★,卡通尼·可以玩的博物馆·生日会 | FUN | L3 | 🌟🌟⭐🌟 | MUSEUM | 4.1儿童乐园￥153/人 | ★ | 长宁区儿童乐园销量榜第3名 | 可以玩的博物馆 | 10:00营业 | 场地超大，色扮演区域欢乐限 | 惠￥29.319.9折 | ￥45 | 【超值全国当日通..,ocr/input_videos\上海__上海荟聚中心__20260826.mp4
OBS-000114,上海荟聚中心,Grande A'moo,GrandeA'moo,意大利菜,4.6,118,L1,rated,True,,rated,parsed,rating_anchor,0.9738,0.9798,52,1164,19.747,L1 | 🌟🌟🌟🌟🌟 | 意大利菜￥118/人 | 4.6,Grande A'moo | 限定 | L1 | 🌟🌟🌟🌟🌟 | 意大利菜￥118/人 | 4.6 | 点评榜单 | 长宁区西餐好评榜第1名 | 10:30营业 | 午餐享受无限，评价还能送蛋糕 | 3 | “ | ￥9.9 | 4折 | ￥25 | 惠 | 【工作日20：00前】美.. | ￥95 | 9.5折 | ￥100100元代金券 | 惠,ocr/input_videos\上海__上海荟聚中心__20260826.mp4
OBS-000115,上海荟聚中心,厢房·海上花,厢房·海上花,本帮菜,4.7,168,L2,rated,True,,rated,parsed,rating_anchor,0.9537,0.9659,57,1164,19.747,⭐🌟🌟 | 4.7本帮菜￥168/人 | L2,厢房·海上花 | 厢房 | ⭐🌟🌟 | 4.7本帮菜￥168/人 | L2 | 点评榜单 | 北新泾/淞虹路本帮菜好评榜第2名 | 特色复古装潢，一秒穿越回老上海 | “ | 2 | 0.1折 | 惠 | ￥1 | ￥100独立四-六桌宴会厅·场... | ￥959.5折 | 惠 | ￥100100元代金券,ocr/input_videos\上海__上海荟聚中心__20260826.mp4
OBS-000116,上海荟聚中心,南里山房·新淮扬菜,南里山房·新淮扬菜,淮扬菜,4.8,127,L2,rated,True,,rated,parsed,rating_anchor,0.953,0.9835,54,1200,20.358,4.8淮扬菜￥127/人 | L2,南里山房·新淮扬菜 | 南里山房 | 4.8淮扬菜￥127/人 | L2 | 奔赴奇妙 | 点评榜单 | 长宁区江浙菜好评榜第1名 | 迪士尼小镇店盛大启基 | 10:30营业 | 柠檬山药清爽开胃 | ￥16杨梅汁 | 6.6折 | 惠 | ￥10.5 | ￥46.5 | 9.3折 | ￥5050元代金券 | 惠,ocr/input_videos\上海__上海荟聚中心__20260826.mp4
OBS-000117,上海荟聚中心,卡通尼·可以玩的博物馆·生日会,卡通尼·可以玩的博物馆·生日会,儿童乐园,4.1,153,L3,rated,True,,rated,parsed,rating_anchor,0.974,0.9881,54,1200,20.358,🌟🌟🌟🎉 | L3 | 4.1儿童乐园￥153/人,卡通尼·可以玩的博物馆·生日会 | FUN | 🌟🌟🌟🎉 | L3 | 4.1儿童乐园￥153/人 | MUSEUM | 可以玩的博物馆 | 长宁区儿童乐园销量榜第3名 | 10:00营业 | “场地超大，角色扮演区域欢乐无限” | ￥45 | ￥29.319.9折 | 惠 | 【超值全国当日通..,ocr/input_videos\上海__上海荟聚中心__20260826.mp4
OBS-000118,上海荟聚中心,Grande A'moo,GrandeA'moo,意大利菜,4.6,118,L1,rated,True,,rated,parsed,rating_anchor,0.9683,0.9732,48,1200,20.358,🌟🌟🌟🌟🌟 | L1 | 4.6 | 意大利菜￥118/人,Grande A'moo | 🌟🌟🌟🌟🌟 | L1 | 4.6 | 意大利菜￥118/人 | 点评榜单 | 长宁区西餐好评榜第1名 | 10:30营业 | 午餐享受无限，评价还能送蛋糕 | K | ￥9.9 | 4折 | ￥25 | 惠 | 【工作日20：00前】美. | ￥95 | 9.5折 | ￥100100元代金券 | 惠,ocr/input_videos\上海__上海荟聚中心__20260826.mp4
OBS-000119,上海荟聚中心,厢房·海上花,厢房·海上花,本帮菜,4.7,168,L2,rated,True,,rated,parsed,rating_anchor,0.9513,0.9481,51,1200,20.358,4.7本帮菜￥168/人 | L2,厢房·海上花 | 厢房 | 4.7本帮菜￥168/人 | L2 | 点评榜单 | 北新泾/淞虹路本帮菜好评榜第2名 | 特色复古装潢，一秒穿越回老上海 | 2 | ￥100独立四-六桌宴会厅·场... | 0.1折 | 惠 | ￥1 | ￥959.5折 | 惠 | ￥100100元代金券,ocr/input_videos\上海__上海荟聚中心__20260826.mp4
OBS-000120,上海荟聚中心,厢房·海上花,厢房·海上花,本帮菜,4.7,168,L2,rated,True,,rated,parsed,rating_anchor,0.9587,0.9494,52,1272,21.579,L2 | ⭐🌟⭐🌟🌟 | 4.7本帮菜￥168/人,厢房·海上花 | 厢房 | L2 | ⭐🌟⭐🌟🌟 | 4.7本帮菜￥168/人 | 点评榜单 | 北新泾/淞虹路本帮菜好评榜第2名 | 特色复古装潢，一秒穿越回老上海 | ￥1 | 0.1折 | ￥100独四-六桌宴会厅·场.. | 惠 | ￥959.5折 | 惠 | ￥100100元代金券,ocr/input_videos\上海__上海荟聚中心__20260826.mp4
OBS-000121,上海荟聚中心,恒酷帝国·穿越剧场,恒酷帝国·穿越剧场,其他亲子游乐,3.6,82,LG1,rated,True,,rated,parsed,rating_anchor,0.9833,0.9882,48,1272,21.579,🌟🌟🌟🌟⭐ | 3.6其他亲子游乐￥82/人LG1,恒酷帝国·穿越剧场 | 穿越上海 | 🌟🌟🌟🌟⭐ | 3.6其他亲子游乐￥82/人LG1 | 长宁区儿童乐园人气趋势榜第8名 | 10:00营业 | “代入感很强，画面也不错 | KC | 【穿越上海】1大1·周.. | 惠 | ￥69.9￥129.9,ocr/input_videos\上海__上海荟聚中心__20260826.mp4
OBS-000122,上海荟聚中心,SMAKA,SMAKA,西餐,4.7,128,L4,rated,True,,rated,parsed,rating_anchor,0.9645,0.9847,45,1272,21.579,L4 | 4.7西餐￥128/人,SMAKA | SmAKA | -hir ha | L4 | 4.7西餐￥128/人 | 点评榜单 | 北新泾/淞虹路西餐口味榜第2名 | 10:00营业 | ￥897.5折 | ￥120 | 惠 | 【早午餐】超值单人. | ￥989.8折 | 惠 | ￥100100元代金券,ocr/input_videos\上海__上海荟聚中心__20260826.mp4
OBS-000123,上海荟聚中心,阿萨中东料理·清真,阿萨中东料理·清真,西餐,4.4,110,L3,rated,True,,rated,parsed,rating_anchor,0.9772,0.9861,51,1272,21.579,🌟🌟🎉🌟 | L3 | 4.4西餐￥110/人 | ★,阿萨中东料理·清真 | 中东美食 | 传逆者 | 🌟🌟🎉🌟 | L3 | 4.4西餐￥110/人 | ★ | ESIC | CF METAES: | C0S1F8 | LTS | 点评榜单 | 长宁区西餐销量榜第1名 | 10:30营业 | 中东美食体验，羊肉串香醇可口 | C | ￥0.1 | 1折 | 惠 | 【专属订制服务】团建/... | ￥1,ocr/input_videos\上海__上海荟聚中心__20260826.mp4
OBS-000124,上海荟聚中心,廂房·海上花,厢房·海上花,本帮菜,4.7,168,L2,rated,True,,rated,parsed,rating_anchor,0.9457,0.9298,52,1296,21.987,🌟🌟🌟🌟🌟 | L2 | 4.7 | 本帮菜￥168/人,廂房·海上花 | 厢房 | 🌟🌟🌟🌟🌟 | L2 | 4.7 | 本帮菜￥168/人 | 点评榜单 | 北新泾/淞虹路本帮菜好评榜第2名 | 特色复古装潢，一秒穿越回老上海 | 0.1折 | ￥100 | 惠 | 独立四-六桌宴会厅·场.. | ￥1 | ￥959.5折 | 惠 | ￥100100元代金券,ocr/input_videos\上海__上海荟聚中心__20260826.mp4
OBS-000125,上海荟聚中心,恒酷帝国·穿越剧场,恒酷帝国·穿越剧场,其他亲子游乐,3.6,82,LG1,rated,True,,rated,parsed,rating_anchor,0.9792,0.9811,51,1296,21.987,★★🌟★🌟 | LG1 | 3.6其他亲子游乐￥82/人,恒酷帝国·穿越剧场 | 穿越上海 | ★★🌟★🌟 | LG1 | 3.6其他亲子游乐￥82/人 | 长宁区儿童乐园人气趋势榜第8名 | 10:00营业 | 代入感很强，画面也不错 | 惠 | ￥69.9￥129.9 | 【穿越上海】1大1小·周..,ocr/input_videos\上海__上海荟聚中心__20260826.mp4
OBS-000126,上海荟聚中心,SMAKA,SMAKA,西餐,4.7,128,L4,rated,True,,rated,parsed,rating_anchor,0.9726,0.9841,46,1296,21.987,L4 | 🌟🌟🎉🌟4.7 | 西餐￥128/人,SMAKA | SmAKA | -ILTM | L4 | 🌟🌟🎉🌟4.7 | 西餐￥128/人 | 点评榜单 | 北新泾/淞虹路西餐口味榜第2名 | 10:00营业 | ￥89 | 7.5折 | ￥120 | 惠 | 【早午餐】超值单人… | ￥98 | ￥100100元代金券 | 惠 | 9.8折,ocr/input_videos\上海__上海荟聚中心__20260826.mp4
OBS-000127,上海荟聚中心,阿萨中东料理·清真,阿萨中东料理·清真,西餐,4.4,110,L3,rated,True,,rated,parsed,rating_anchor,0.9824,0.9919,56,1296,21.987,🌟🌟⭐⭐ | 4.4西餐￥110/人 | L3,阿萨中东料理·清真 | 中东美食 | 传递者 | 🌟🌟⭐⭐ | 4.4西餐￥110/人 | L3 | EASSUBS | MIe | 点评榜单 | 长宁区西餐销量榜第1名 | 10:30营业 | 中东美食体验，羊肉串香醇可口 | “ | ￥0.11折 | 惠 | ￥ | 【专属订制服务】团建/.... | ￥47.59.5折 | 惠 | ￥5050元代金券,ocr/input_videos\上海__上海荟聚中心__20260826.mp4
OBS-000128,上海荟聚中心,廂房·海上花,厢房·海上花,本帮菜,4.7,168,L2,rated,True,,rated,parsed,rating_anchor,0.9612,0.9587,48,1332,22.597,L2 | 本帮菜￥168/人 | ⭐🌟⭐⭐🌟4.7,廂房·海上花 | 丽房3 | L2 | 本帮菜￥168/人 | ⭐🌟⭐⭐🌟4.7 | 点评榜单 | 北新泾/淞虹路本帮菜好评榜第2名 | 特色复古装潢，一秒穿越回老上海 | 力 | 惠 | 0.1折 | ￥100独四-六桌宴会厅·场... | ￥1 | ￥959.5折 | 惠 | ￥100100元代金券,ocr/input_videos\上海__上海荟聚中心__20260826.mp4
OBS-000129,上海荟聚中心,恒酷帝国·穿越剧场,恒酷帝国·穿越剧场,其他亲子游乐,3.6,82,LG1,rated,True,,rated,parsed,rating_anchor,0.9775,0.9804,51,1332,22.597,🌟🌟🌟🌟🌟 | 3.6其他亲子游乐￥82/人 | LG1,恒酷帝国·穿越剧场 | 🌟🌟🌟🌟🌟 | 3.6其他亲子游乐￥82/人 | LG1 | 穿越上海 | 长宁区儿童乐园人气趋势榜第8名 | 10:00营业 | “代入感很强，画面也不错 | 【穿越上海】1大1小·周. | ￥69.9￥129.9 | 惠,ocr/input_videos\上海__上海荟聚中心__20260826.mp4
OBS-000130,上海荟聚中心,SMAKA,SMAKA,西餐,4.7,128,L4,rated,True,,rated,parsed,rating_anchor,0.9658,0.9839,46,1332,22.597,L4 | 4.7西餐￥128/人,SMAKA | SmAKA | HirM | L4 | 4.7西餐￥128/人 | 点评榜单 | 北新泾/淞虹路西餐口味榜第2名 | 10:00营业 | ￥897.5折 | ￥120 | 惠 | 【早午餐】超值单人.. | ￥989.8折 | ￥100100元代金券 | 惠,ocr/input_videos\上海__上海荟聚中心__20260826.mp4
OBS-000131,上海荟聚中心,阿萨中东料理·清真,阿萨中东料理·清真,西餐,4.4,110,L3,rated,True,,rated,parsed,rating_anchor,0.98,0.9864,48,1332,22.597,4.4西餐￥110/人 | L3 | 🌟🌟🌟🌟,阿萨中东料理·清真 | 中东美食 | 传递者 | 4.4西餐￥110/人 | L3 | 🌟🌟🌟🌟 | N5OC | CEUETES | 51E | 点评榜单 | 长宁区西餐销量榜第1名 | 10:30营业 | 中东美食体验，羊肉串香醇可口 | 小 | “ | ￥0.1 | 惠 | 1折 | ￥1 | 【专属订制服务】团建/... | ￥47.5 | 9.5折 | 惠 | ￥5050元代金券,ocr/input_videos\上海__上海荟聚中心__20260826.mp4
OBS-000132,上海荟聚中心,阿萨中东料理·清真,阿萨中东料理·清真,西餐,4.4,110,L3,rated,True,,rated,parsed,rating_anchor,0.9833,0.9923,54,1356,23.005,🌟🌟⭐⭐ | L3 | 4.4西餐￥110/人 | ★,阿萨中东料理·清真 | 中东美食 | 传递者 | 🌟🌟⭐⭐ | L3 | 4.4西餐￥110/人 | ★ | SD | 1 | STL | 0.1200 | 点评榜单 | 长宁区西餐销量榜第1名 | 10:30营业 | 中东美食体验， | 羊肉串香醇可口 | ≤ | 2 | ￥0.11折 | 惠 | ￥1 | 【专属订制服务】团建/... | ￥47.5 | 惠 | 9.5折 | ￥5050元代金券,ocr/input_videos\上海__上海荟聚中心__20260826.mp4
OBS-000133,上海荟聚中心,寰映影城,寰映影城,电影院,4.8,,L4,rated,True,,rated,parsed,rating_anchor,0.9813,0.9999,56,1356,23.005,4.8电影院 | L4,寰映影城 | 4.8电影院 | L4 | HOYTS | 寰映 | 影城 | CINEMA | 营业中,ocr/input_videos\上海__上海荟聚中心__20260826.mp4
OBS-000134,上海荟聚中心,米仓MICANG Fresh,米仓MICANGFresh,创意菜,3.9,56,LG2,rated,True,,rated,parsed,rating_anchor,0.9552,0.9594,54,1356,23.005,LG2 | ⭐🌟🌟🌟⭐ | 创意菜￥56/人 | 3.9,米仓MICANG Fresh | 米仓 | MICANG Frest | LG2 | ⭐🌟🌟🌟⭐ | 创意菜￥56/人 | 3.9 | 点评榜单 | 上海创意菜回头客榜第1名 | 10:00营业 | “鸡咕咕必点，环境优雅，服务周到” | ￥0.10.1折 | 惠 | ￥10 | 品质团餐定制 | ￥489.6折 | 惠 | ￥5050元代金券,ocr/input_videos\上海__上海荟聚中心__20260826.mp4
OBS-000135,上海荟聚中心,孤独的寿喜烧,孤独的寿喜烧,日本料理,3.9,80,LG2,rated,True,,rated,parsed,rating_anchor,0.9719,0.989,52,1356,23.005,LG2 | 🌟🌟🌟💥🌟 | 日本料理￥80/人 | 3.9,孤独的寿喜烧 | LG2 | 🌟🌟🌟💥🌟 | 日本料理￥80/人 | 3.9 | 点评榜单 | 北新泾/淞虹路日式料理销量榜第3名 | ￥787.3折 | ￥108 | 惠 | 【板前一人食】孤独..,ocr/input_videos\上海__上海荟聚中心__20260826.mp4
OBS-000136,上海荟聚中心,阿萨中东料理·清真,阿萨中东料理·清真,西餐,4.4,110,L3,rated,True,,rated,parsed,rating_anchor,0.971,0.9878,54,1380,23.412,L3 | ⭐🌟🌟🌟 | 西餐￥110/人 | 4.4,阿萨中东料理·清真 | 中东美食 | 传递者 | L3 | ⭐🌟🌟🌟 | 西餐￥110/人 | 4.4 | EVD | S上 | ET | 点评榜单 | 长宁区西餐销量榜第1名 | 10:30营业 | 中东美食体验，羊肉串香醇可口 | ￥0.1 | 【专属订制服务】团建/.. | 1折 | 惠 | ￥1 | ￥47.5 | 9.5折 | ￥5050元代金券 | 惠,ocr/input_videos\上海__上海荟聚中心__20260826.mp4
OBS-000137,上海荟聚中心,寰映影城,寰映影城,3电影院,4.8,,L4,rated,True,,rated,parsed,rating_anchor,0.961,0.9999,56,1380,23.412,⭐🌟4.8 | 3电影院 | L4,寰映影城 | ⭐🌟4.8 | 3电影院 | L4 | HOYTS映 | 影城 | CINEMA | 营业中,ocr/input_videos\上海__上海荟聚中心__20260826.mp4
OBS-000138,上海荟聚中心,米仓MICANG Fresh,米仓MICANGFresh,创意菜,3.9,56,LG2,rated,True,,rated,parsed,rating_anchor,0.9874,0.975,54,1380,23.412,LG2 | 🌟🌟🌟🌟🌟 | 创意菜 | ￥56/人 | 3.9,米仓MICANG Fresh | 米仓 | MICANG Friest | LG2 | 🌟🌟🌟🌟🌟 | 创意菜 | ￥56/人 | 3.9 | 3 | 点评榜单 | 上海创意菜回头客榜第1名 | 10:00营业 | “鸡咕咕必点，环境优雅，服务周到” | ￥0.1 | 0.1折 | 惠 | ￥10 | 品质团餐定制 | ￥48 | 惠 | 9.6折 | ￥5050元代金券,ocr/input_videos\上海__上海荟聚中心__20260826.mp4
OBS-000139,上海荟聚中心,孤独的寿喜烧,孤独的寿喜烧,日本料理,3.9,80,LG2,rated,True,,rated,parsed,rating_anchor,0.9773,0.9995,54,1380,23.412,日本料理￥80/人 | LG2 | 🌟🌟⭐🌟🌟 | 3.9,孤独的寿喜烧 | 孤独的寿喜烧 | ARO | 日本料理￥80/人 | LG2 | 🌟🌟⭐🌟🌟 | 3.9 | 点评榜单 | 北新泾/淞虹路日式料理销量榜第3名 | 6城6店齐开 | ￥787.3折 | ￥108 | 【板前一人食】孤独.. | 惠,ocr/input_videos\上海__上海荟聚中心__20260826.mp4
OBS-000140,上海荟聚中心,Tky Shop,TkyShop,服饰鞋包,3.6,544,L2,rated,True,,rated,parsed,rating_anchor,0.9698,0.9899,74,1380,23.412,🌟🌟🎉🌟⭐ | L2 | 服饰鞋包￥544/人 | 3.6,Tky Shop | 🌟🌟🎉🌟⭐ | L2 | 服饰鞋包￥544/人 | 3.6 | 10:00营业,ocr/input_videos\上海__上海荟聚中心__20260826.mp4
OBS-000141,上海荟聚中心,寰映影城,寰映影城,电影院,4.8,,L4,rated,True,,rated,parsed,rating_anchor,0.9902,0.9997,56,1428,24.226,4.8电影院 | L4,寰映影城 | 4.8电影院 | L4 | HOYTS | 寰膜 | 影城 | CINEMA | 营业中,ocr/input_videos\上海__上海荟聚中心__20260826.mp4
OBS-000142,上海荟聚中心,米仓MICANG Fresh,米仓MICANGFresh,创意菜,3.9,56,LG2,rated,True,,rated,parsed,rating_anchor,0.9343,0.9684,53,1428,24.226,LG2 | 创意菜￥56/人 | 🌟🌟🌟🌟🌟 | 3.9,MCNE Rry | 米仓MICANG Fresh | LG2 | 创意菜￥56/人 | 🌟🌟🌟🌟🌟 | 3.9 | 点评榜单 | 上海创意菜回头客榜第1名 | 10:00营业 | “鸡咕咕必点，环境优雅，服务周到” | ￥0.1 | 0.1折 | 品质团餐定制 | 惠 | ￥10 | ￥489.6折 | ￥5050元代金券 | 惠,ocr/input_videos\上海__上海荟聚中心__20260826.mp4
OBS-000143,上海荟聚中心,孤独的寿喜烧,孤独的寿喜烧,日本料理,3.9,80,LG2,rated,True,,rated,parsed,rating_anchor,0.9782,0.9963,52,1428,24.226,🌟🌟⭐🌟🎉 | LG2 | 3.9 | 日本料理￥80/人,孤独的寿喜烧 | 孤独的寿喜 | 35R0 | 🌟🌟⭐🌟🎉 | LG2 | 3.9 | 日本料理￥80/人 | 点评榜单 | 北新泾/淞虹路日式料理销量榜第3名 | 6城6店齐开 | ￥787.3折 | ￥108 | 惠 | 【板前一人食】孤独...,ocr/input_videos\上海__上海荟聚中心__20260826.mp4
OBS-000144,上海荟聚中心,Tky Shop,TkyShop,服饰鞋包,3.6,544,L2,rated,True,,rated,parsed,rating_anchor,0.964,0.9689,70,1428,24.226,🌟🌟🎉🌟🌟 | L2 | 服饰鞋包￥544/人 | 3.6,Tky Shop | 🌟🌟🎉🌟🌟 | L2 | 服饰鞋包￥544/人 | 3.6 | 10:00营业,ocr/input_videos\上海__上海荟聚中心__20260826.mp4
OBS-000145,上海荟聚中心,寰映影城,寰映影城,电影院,4.8,,L4,rated,True,,rated,parsed,rating_anchor,0.9998,0.9998,56,1476,25.04,电影院 | 🌟🌟⭐🌟4.8 | L4,寰映影城 | 电影院 | 🌟🌟⭐🌟4.8 | L4 | HOYTS | 寰映 | 昆城 | CINEMA | 营业中,ocr/input_videos\上海__上海荟聚中心__20260826.mp4
OBS-000146,上海荟聚中心,米仓MICANG Fresh,米仓MICANGFresh,创意菜,3.9,56,LG2,rated,True,,rated,parsed,rating_anchor,0.9514,0.9604,51,1476,25.04,LG2 | 创意菜￥56/人 | 🌟🌟🌟🌟🌟 | 3.9,"米仓MICANG Fresh | 米仓 | MICNG Fresh"" | LG2 | 创意菜￥56/人 | 🌟🌟🌟🌟🌟 | 3.9 | 点评榜单 | 上海创意菜回头客榜第1名 | 10:00营业 | “鸡咕咕必点，环境优雅，服务周到” | ￥0.1 | 0.1折 | 惠 | ￥10 | 品质团餐定制 | ￥48 | 惠 | 9.6折 | ￥5050元代金券",ocr/input_videos\上海__上海荟聚中心__20260826.mp4
OBS-000147,上海荟聚中心,孤独的寿喜烧,孤独的寿喜烧,日本料理,3.9,80,LG2,rated,True,,rated,parsed,rating_anchor,0.9734,0.9941,52,1476,25.04,🌟🌟🌟🌟🌟 | LG2 | 日本料理￥80/人 | 3.9,孤独的寿喜烧 | 现油的寿喜 | n0r | 🌟🌟🌟🌟🌟 | LG2 | 日本料理￥80/人 | 3.9 | 点评榜单 | 北新泾/淞虹路日式料理销量榜第3名 | 6城6店齐开 | ￥787.3折 | ￥108 | 惠 | 【板前一人食】孤独..,ocr/input_videos\上海__上海荟聚中心__20260826.mp4
OBS-000148,上海荟聚中心,Tky Shop,TkyShop,服饰鞋包,3.6,544,L2,rated,True,,rated,parsed,rating_anchor,0.9758,0.9851,71,1476,25.04,⭐🌟🌟💥🌟 | L2 | 3.6服饰鞋包￥544/人 | ),Tky Shop | ⭐🌟🌟💥🌟 | L2 | 3.6服饰鞋包￥544/人 | ) | 10:00营业 | 左庭右院鲜牛肉火锅,ocr/input_videos\上海__上海荟聚中心__20260826.mp4
OBS-000149,上海荟聚中心,孤独的寿喜烧,孤独的寿喜烧,日本料理,3.9,80,LG2,rated,True,,rated,parsed,rating_anchor,0.9786,0.9995,51,1500,25.448,LG2 | 日本料理￥80/人 | ★★★★★ | 3.9,孤独的寿喜烧 | 玩轴的寿喜党 | AFOR门T | LG2 | 日本料理￥80/人 | ★★★★★ | 3.9 | 点评榜单 | 北新泾/淞虹路日式料理销量榜第3名 | 6城6店齐开 | ￥787.3折 | ￥108 | 【板前一人食】孤独.. | 惠,ocr/input_videos\上海__上海荟聚中心__20260826.mp4
OBS-000150,上海荟聚中心,Tky Shop,TkyShop,服饰鞋包,3.6,544,L2,rated,True,,rated,parsed,rating_anchor,0.9464,0.9504,72,1500,25.448,🌟🌟🌟🌟🌟 | L2 | 3.6 | 服饰鞋包￥544/人,Tky Shop | 🌟🌟🌟🌟🌟 | L2 | 3.6 | 服饰鞋包￥544/人 | 10:00营业,ocr/input_videos\上海__上海荟聚中心__20260826.mp4
OBS-000151,上海荟聚中心,左庭右院鲜牛肉火锅,左庭右院鲜牛肉火锅,潮汕牛,4.7,,商场内,rated,True,,rated,parsed,rating_anchor,0.952,0.9916,54,1500,25.448,⭐4.7潮汕牛 | ￥135/商场内,左庭右院鲜牛肉火锅 | 品流升 | 有机日光 | ⭐4.7潮汕牛 | ￥135/商场内 | 番茄锅 | 点评榜单 | 北新泾/淞虹路火锅口味榜第4名 | 10:00营业 | OP | 营 | 牛肉饼馅梅菜鲜美，油炸香脆 | 万 | ≤ | ￥2659.1折 | ￥291.6蔬菜自助1经典品... | 惠 | ￥989.8折 | 惠 | ￥100100元代金券,ocr/input_videos\上海__上海荟聚中心__20260826.mp4
OBS-000152,上海荟聚中心,潮汕·草根牛肉档,潮汕·草根牛肉档,潮汕肉火锅,3.9,,LG2,rated,True,,rated,parsed,rating_anchor,0.9718,0.9867,51,1500,25.448,🌟🌟⭐🌟🌟 | 3.9 | 潮汕肉火锅￥68/LG2,潮汕·草根牛肉档 | 鲜肉现切 | 🌟🌟⭐🌟🌟 | 3.9 | 潮汕肉火锅￥68/LG2 | 点评榜单 | 长宁区潮汕牛肉火锅回头客榜第1名 | 10:30营业 | ￥1687.1折 | 惠 | ￥238 | 潮汕牛肉火锅双人餐 | ￥589.7折 | ￥6060元代金券 | 惠,ocr/input_videos\上海__上海荟聚中心__20260826.mp4
OBS-000153,上海荟聚中心,孤独的寿喜烧,孤独的寿喜烧,日本料理,3.9,80,LG2,rated,True,,rated,parsed,rating_anchor,0.9739,0.9992,55,1536,26.058,LG2 | 🌟🌟⭐🌟⭐ | 日本料理￥80/人 | 3.9,孤独的寿喜烧 | 孤独的寿喜况 | 35A10 | LG2 | 🌟🌟⭐🌟⭐ | 日本料理￥80/人 | 3.9 | 点评榜单 | 北新泾/淞虹路日式料理销量榜第3名 | 6城6店齐开 | ￥787.3折 | ￥108 | 【板前一人食】孤独.. | 惠,ocr/input_videos\上海__上海荟聚中心__20260826.mp4
OBS-000154,上海荟聚中心,Tky Shop,TkyShop,服饰鞋包,3.6,544,L2,rated,True,,rated,parsed,rating_anchor,0.954,0.967,70,1536,26.058,🌟🌟🌟⭐ | L2 | 3.6 | 服饰鞋包￥544/人,Tky Shop | TF | 🌟🌟🌟⭐ | L2 | 3.6 | 服饰鞋包￥544/人 | 10:00营业,ocr/input_videos\上海__上海荟聚中心__20260826.mp4
OBS-000155,上海荟聚中心,左庭右院鲜牛肉火锅,左庭右院鲜牛肉火锅,潮汕牛..,4.7,135,商场内,rated,True,,rated,parsed,rating_anchor,0.9327,0.9933,51,1536,26.058,🌟🌟🌟🌟🌟 | ￥135/人商场内 | 4.7潮汕牛..,左庭右院鲜牛肉火锅 | 5 | 酒 | 有机日光 | 🌟🌟🌟🌟🌟 | ￥135/人商场内 | 4.7潮汕牛.. | 番茄锅 | 点评榜单 | 北新泾/淞虹路火锅口味榜第4名 | 10:00营业 | OPG | 牛肉饼馅梅菜鲜美，油炸香脆 | “ | ￥2659.1折 | ￥291.6蔬菜自助1经典品... | 惠 | ￥989.8折 | ￥100100元代金券 | 惠,ocr/input_videos\上海__上海荟聚中心__20260826.mp4
OBS-000156,上海荟聚中心,潮汕·草根牛肉档,潮汕·草根牛肉档,潮汕牛肉火锅,3.9,68,LG2,rated,True,,rated,parsed,rating_anchor,0.9772,0.9819,51,1536,26.058,🌟🌟🌟🌟🌟 | 3.9 | 潮汕牛肉火锅￥68/人 | LG2,鲜肉现切 | 潮汕·草根牛肉档 | 🌟🌟🌟🌟🌟 | 3.9 | 潮汕牛肉火锅￥68/人 | LG2 | 点评榜单 | 长宁区潮汕牛肉火锅回头客榜第1名 | 10:30营业 | ￥1687.1折 | ￥238 | 惠 | 潮汕牛肉火锅双人餐 | ￥589.7折 | 惠 | ￥6060元代金券,ocr/input_videos\上海__上海荟聚中心__20260826.mp4
OBS-000157,上海荟聚中心,ACMEITEM爱棵米,ACMEITEM爱棵米,服饰鞋包,4.1,1211,LG1,rated,True,,rated,parsed,rating_anchor,0.98,0.9913,48,1536,26.058,LG1 | ⭐🌟★⭐⭐ | 服饰鞋包￥1211/人 | 4.1,ACMEITEM爱棵米 | LG1 | ⭐🌟★⭐⭐ | 服饰鞋包￥1211/人 | 4.1 | 颜色清新，功能性强衣 | 10:00营业,ocr/input_videos\上海__上海荟聚中心__20260826.mp4
OBS-000158,上海荟聚中心,左庭右院鲜牛肉火锅,左庭右院鲜牛肉火锅,潮汕牛....,4.7,135,商场内,rated,True,,rated,parsed,rating_anchor,0.9029,0.9934,57,1620,27.483,★🌟🌟4.7 | ￥135/人商场内 | 潮汕牛….,左庭右院鲜牛肉火锅 | 5 | 0 | 品开家 | 有机日光 | ★🌟🌟4.7 | ￥135/人商场内 | 潮汕牛…. | 番茄锅 | 点评榜单 | 北新泾/淞虹路火锅口味榜第4名 | 10:00营业0 | 牛肉饼馅梅菜鲜美，油炸香脆 | （ | ￥2659.1折 | ￥291.6蔬菜自助1经典品... | 惠 | ￥989.8折 | 惠 | ￥100100元代金券,ocr/input_videos\上海__上海荟聚中心__20260826.mp4
OBS-000159,上海荟聚中心,潮汕·草根牛肉档,潮汕·草根牛肉档,潮汕牛肉火锅,3.9,68,LG2,rated,True,,rated,parsed,rating_anchor,0.9656,0.962,48,1620,27.483,★🌟🌟🌟★ | 潮汕牛肉火锅￥68/人 | LG2 | 3.9,鲜肉现切 | 潮汕·草根牛肉档 | ★🌟🌟🌟★ | 潮汕牛肉火锅￥68/人 | LG2 | 3.9 | 点评榜单 | 长宁区潮汕肉火锅回头客榜第1名 | 10:30营业 | ￥1687.1折 | ￥238 | 惠 | 潮汕牛肉火锅双人餐 | ￥589.7折 | 惠 | ￥6060元代金券,ocr/input_videos\上海__上海荟聚中心__20260826.mp4
OBS-000160,上海荟聚中心,ACMEITEM爱棵米,ACMEITEM爱棵米,服饰鞋包,4.1,1211,LG1,rated,True,,rated,parsed,rating_anchor,0.9529,0.9917,47,1620,27.483,★4.1服饰鞋包￥1211/人 | LG1,ACMEITEM爱棵米 | ★4.1服饰鞋包￥1211/人 | LG1 | 颜色清新，功能性强衣 | “ | 10:00营业,ocr/input_videos\上海__上海荟聚中心__20260826.mp4
OBS-000161,上海荟聚中心,沙胆彪炭炉牛杂煲,沙胆彪炭炉牛杂煲,打边炉/港..,4.1,91,LG1,rated,True,,rated,parsed,rating_anchor,0.9587,0.9988,51,1620,27.483,🌟🌟🌟🌟 | ￥91/人LG1 | 4.1打边炉/港..,沙胆彪炭炉牛杂煲 | LE9119875 | 沙胆彪 | 🌟🌟🌟🌟 | ￥91/人LG1 | 4.1打边炉/港.. | 炭炉牛杂煲 | 点评榜单 | 北新泾/淞虹路火锅打卡人气榜第4名 | AYLUO | NGAU ZAAP BOU | 特色小吃，鲜嫩牛杂锅 | 5 | ￥489.6折 | 惠 | ￥5050元代金券,ocr/input_videos\上海__上海荟聚中心__20260826.mp4
OBS-000162,上海荟聚中心,丼丼屋,丼丼屋,日本料理,4.4,76,LG1,rated,True,,rated,parsed,rating_anchor,0.9642,0.9719,58,1620,27.483,🌟🌟🌟🌟 | LG1 | 4.4日本料理￥76/人,丼丼屋 | #才品 | 肥荐力 | 牛肉#1人餐 | 🌟🌟🌟🌟 | LG1 | 4.4日本料理￥76/人 | 点评榜单 | 北新泾/淞虹路日本料理热门榜第3名 | v52 | 服务一流，菜品美味” | 1,ocr/input_videos\上海__上海荟聚中心__20260826.mp4
OBS-000163,上海荟聚中心,左庭右院鲜牛肉火锅,左庭右院鲜牛肉火锅,潮汕牛.,4.7,135,商场内,rated,True,,rated,parsed,rating_anchor,0.9725,0.9949,48,1644,27.89,4.7潮汕牛. | ￥135/人商场内 | 🌟🌟★★🌟,X58 | 左庭右院鲜牛肉火锅 | 酒 | 有机日光 | 4.7潮汕牛. | ￥135/人商场内 | 🌟🌟★★🌟 | 番茄锅 | 点评榜单 | 北新泾/淞虹路火锅口味榜第4名 | 10:00营业0 | 牛肉饼馅梅菜鲜美，油炸香脆 | “ | ￥2659.1折 | ￥291.6蔬菜自助1经典品... | 惠 | ￥989.8折 | 惠 | ￥100100元代金券,ocr/input_videos\上海__上海荟聚中心__20260826.mp4
OBS-000164,上海荟聚中心,潮汕·草根牛肉档,潮汕·草根牛肉档,潮汕牛肉火锅,3.9,68,LG2,rated,True,,rated,parsed,rating_anchor,0.966,0.962,51,1644,27.89,★★★★★ | LG2 | 3.9 | 潮汕牛肉火锅￥68/人,鲜肉现切 | 潮汕·草根牛肉档 | ★★★★★ | LG2 | 3.9 | 潮汕牛肉火锅￥68/人 | 点评镑单 | 长宁区潮汕牛肉火锅回头客榜第1名 | 10:30营业 | 7.1折 | ￥168 | ￥238 | 惠 | 潮汕牛肉火锅双人餐 | ￥589.7折 | 惠 | ￥6060元代金券,ocr/input_videos\上海__上海荟聚中心__20260826.mp4
OBS-000165,上海荟聚中心,ACMEITEM爱棵米,ACMEITEM爱棵米,服饰鞋包,4.1,1211,LG1,rated,True,,rated,parsed,rating_anchor,0.9829,0.9903,50,1644,27.89,★🌟🌟⭐ | LG1 | 服饰鞋包￥1211/人 | 4.1 | ★,ACMEITEM爱棵米 | ★🌟🌟⭐ | LG1 | 服饰鞋包￥1211/人 | 4.1 | ★ | 颜色清新，功能性强衣 | G | 10:00营业,ocr/input_videos\上海__上海荟聚中心__20260826.mp4
OBS-000166,上海荟聚中心,沙胆彪炭炉牛杂煲,沙胆彪炭炉牛杂煲,打边炉/港..,4.1,91,LG1,rated,True,,rated,parsed,rating_anchor,0.9686,0.9994,51,1644,27.89,🌟🌟⭐⭐ | ￥91/人LG1 | 4.1打边炉/港.. | ★,沙胆彪炭炉牛杂煲 | LE3T1982 | 🌟🌟⭐⭐ | ￥91/人LG1 | 沙胆彪 | 4.1打边炉/港.. | ★ | 炭炉牛杂煲 | 点评榜单 | 北新泾/淞虹路火锅打卡人气榜第4名 | TAANLUO | NGAU ZAAP BOG | 特色小吃，鲜嫩牛杂锅 | 5% | ￥489.6折 | 惠 | ￥5050元代金券,ocr/input_videos\上海__上海荟聚中心__20260826.mp4
OBS-000167,上海荟聚中心,丼丼屋,丼丼屋,日本料理,4.4,76,LG1,rated,True,,rated,parsed,rating_anchor,0.967,0.9735,54,1644,27.89,LG1 | 🌟🌟⭐⭐ | 4.4日本料理￥76/人 | ★,H才品 | 丼丼屋 | 低理标力 | LG1 | 🌟🌟⭐⭐ | 4.4日本料理￥76/人 | ★ | 点评榜单 | 北新泾/淞虹路日本料理热门榜第3名,ocr/input_videos\上海__上海荟聚中心__20260826.mp4
OBS-000168,上海荟聚中心,左庭右院鲜牛肉火锅,左庭右院鲜牛肉火锅,潮汕牛,4.7,135,商场内,rated,True,,rated,parsed,rating_anchor,0.916,0.996,48,1668,28.298,⭐⭐⭐⭐4.7潮汕牛 | ￥135/人商场内,左庭右院鲜牛肉火锅 | 开 | 有机日光 | ⭐⭐⭐⭐4.7潮汕牛 | ￥135/人商场内 | 番茄锅 | 点评榜单 | 北新泾/淞虹路火锅口味榜第4名 | 10:00营业0 | OPE | 牛肉饼馅梅菜鲜美，油炸香脆 | ￥2659.1折 | ￥291.6蔬菜自助1经典品... | 惠 | ￥989.8折 | 惠 | ￥100100元代金券,ocr/input_videos\上海__上海荟聚中心__20260826.mp4
OBS-000169,上海荟聚中心,潮汕·草根牛肉档,潮汕·草根牛肉档,潮汕牛肉火锅,3.9,68,LG2,rated,True,,rated,parsed,rating_anchor,0.9719,0.971,51,1668,28.298,🌟🌟🌟⭐3.9 | 潮汕牛肉火锅￥68/人 | LG2,潮汕·草根牛肉档 | 鲜肉现切 | 🌟🌟🌟⭐3.9 | 潮汕牛肉火锅￥68/人 | LG2 | 点评榜单 | 长宁区潮汕牛肉火锅回头客榜第1名 | 10:30营业 | ￥1687.1折 | ￥238潮汕牛肉火锅双人餐 | 惠 | ￥589.7折 | 惠 | ￥6060元代金券,ocr/input_videos\上海__上海荟聚中心__20260826.mp4
OBS-000170,上海荟聚中心,ACMEITEM爱棵米,ACMEITEM爱棵米,服饰鞋包,4.1,1211,LG1,rated,True,,rated,parsed,rating_anchor,0.9834,0.986,48,1668,28.298,⭐🌟⭐⭐ | LG1 | 4.1服饰鞋包￥1211/人 | ★,ACMEITEM爱棵米 | ⭐🌟⭐⭐ | LG1 | 4.1服饰鞋包￥1211/人 | ★ | 颜色清新，功能性强衣 | 10:00营业,ocr/input_videos\上海__上海荟聚中心__20260826.mp4
OBS-000171,上海荟聚中心,沙胆彪炭炉牛杂煲,沙胆彪炭炉牛杂煲,打边炉/港.,4.1,91,LG1,rated,True,,rated,parsed,rating_anchor,0.952,0.9991,48,1668,28.298,⭐⭐⭐4.1打边炉/港. | ￥91/人LG1,沙胆彪炭炉牛杂煲 | 209119N2 | ⭐⭐⭐4.1打边炉/港. | ￥91/人LG1 | 沙胆彪 | 炭炉牛杂煲 | 点评榜单 | 北新泾/淞虹路火锅打卡人气榜第4名 | TAAN LUO | NGAU ZAAP NOE | 特色小吃，鲜嫩牛杂锅 | ￥489.6折 | ￥5050元代金券 | 惠,ocr/input_videos\上海__上海荟聚中心__20260826.mp4
OBS-000172,上海荟聚中心,丼丼屋,丼丼屋,日,4.4,76,LG1,rated,True,,rated,parsed,rating_anchor,0.9653,0.9852,57,1668,28.298,LG1 | 🌟🌟⭐⭐ | 4.4日 | 日本料理￥76/人,丼丼屋 | 井井 | LG1 | 🌟🌟⭐⭐ | 4.4日 | 日本料理￥76/人 | 点评榜单 | 北新泾/淞虹路日本料理热门榜第3名 | 52 | 服务一流，菜品美味” | C,ocr/input_videos\上海__上海荟聚中心__20260826.mp4
OBS-000173,上海荟聚中心,ACMEITEM爱棵米,ACMEITEM爱棵米,服饰鞋包,4.1,1211,LG1,rated,True,,rated,parsed,rating_anchor,0.9742,0.9787,47,1704,28.908,LG1 | 🌟🌟⭐🌟 | 4.1 | 服饰鞋包￥1211/人,ACMEITEM爱棵米 | LG1 | 🌟🌟⭐🌟 | 4.1 | 服饰鞋包￥1211/人 | 颜色清新，功能性强衣 | 3 | 10:00营业,ocr/input_videos\上海__上海荟聚中心__20260826.mp4
OBS-000174,上海荟聚中心,沙胆彪炭炉牛杂煲,沙胆彪炭炉牛杂煲,打边炉/港.,4.1,91,LG1,rated,True,,rated,parsed,rating_anchor,0.9751,0.9996,51,1704,28.908,🌟🌟⭐⭐ | ￥91/人LG1 | 4.1打边炉/港. | ★,沙胆彪炭炉牛杂煲 | 🌟🌟⭐⭐ | ￥91/人LG1 | 沙胆彪 | 4.1打边炉/港. | ★ | 炭炉牛杂煲 | 点评榜单 | 北新泾/淞虹路火锅打卡人气榜第4名 | AYLUO | *NGAU ZAAPBOU | 特色小吃，鲜嫩牛杂锅 | F | 5 | ￥489.6折 | ￥5050元代金券 | 惠,ocr/input_videos\上海__上海荟聚中心__20260826.mp4
OBS-000175,上海荟聚中心,丼丼屋,丼丼屋,日本料理,4.4,76,LG1,rated,True,,rated,parsed,rating_anchor,0.9513,0.9662,61,1704,28.908,🌟🌟⭐⭐ | LG1 | 4.4 | 日本料理￥76/人,丼丼屋 | 服荐力 | #才品 | 🌟🌟⭐⭐ | LG1 | 4.4 | 日本料理￥76/人 | 点评榜单 | 北新泾/淞虹路日本料理热门榜第3名 | 52 | 服务一流，菜品美味” | ￥16.9 | 6.5折 | ￥26 | 【人气甜品】北海道... | 惠 | ￥959.5折 | ￥100100元代金券 | 惠,ocr/input_videos\上海__上海荟聚中心__20260826.mp4
OBS-000176,上海荟聚中心,Boneless,Boneless,服饰鞋包,3.4,546,LG1,rated,True,,rated,parsed,rating_anchor,0.9855,0.9996,48,1704,28.908,🌟🌟🎉⭐⭐ | LG1 | 3.4服饰鞋包￥546/人,Boneless | CUNELESS | 🌟🌟🎉⭐⭐ | LG1 | 3.4服饰鞋包￥546/人 | 款式设计感满满，面料亲肤舒适 | 10:00营业,ocr/input_videos\上海__上海荟聚中心__20260826.mp4
OBS-000177,上海荟聚中心,平成屋·喜之锅,平成屋·喜之锅,日本料理,4.2,87,LG1,rated,True,,rated,parsed,rating_anchor,0.9612,0.9692,51,1704,28.908,LG1 | 🌟🌟🌟🌟 | 日本料理￥87/人 | 4.2,平成屋·喜之锅 | 肉5卷 | LG1 | 🌟🌟🌟🌟 | 日本料理￥87/人 | 4.2 | 点评榜单 | 北新泾/淞虹路日本料理热门榜第7名 | 寿喜烧和三文鱼寿司口感鲜美 | ￥19 | ￥4.9 | 2.6折 | 惠 | 【日式经典】芝士豆..,ocr/input_videos\上海__上海荟聚中心__20260826.mp4
OBS-000178,上海荟聚中心,Boneless,Boneless,服饰鞋包,3.4,546,LG1,rated,True,,rated,parsed,rating_anchor,0.9619,0.9997,54,1776,30.13,★3.4服饰鞋包￥546/人 | LG1,Boneless | GUNELESS | ★3.4服饰鞋包￥546/人 | LG1 | 款式设计感满满，面料亲肤舒适 | 10:00营业,ocr/input_videos\上海__上海荟聚中心__20260826.mp4
OBS-000179,上海荟聚中心,平成屋·喜之锅,平成屋·喜之锅,日本料理,4.2,87,LG1,rated,True,,rated,parsed,rating_anchor,0.9671,0.9904,55,1776,30.13,LG1 | 🌟🌟🌟⭐ | 日本料理￥87/人 | 4.2 | ★,平成屋·喜之锅 | 肉5卷 | LG1 | 🌟🌟🌟⭐ | 日本料理￥87/人 | 4.2 | ★ | 点评榜单 | 北新泾/淞虹路日本料理热门榜第7名 | 寿喜烧和三文鱼寿司口感鲜美 | ￥19 | 2.6折 | ￥4.9 | 惠 | 【日式经典】芝士豆...,ocr/input_videos\上海__上海荟聚中心__20260826.mp4
OBS-000180,上海荟聚中心,鮨和歌,鮨和歌,日本料理,4.9,578,L4,rated,True,,rated,parsed,rating_anchor,0.9353,0.9174,62,1776,30.13,⭐🌟🎉💥💥 | 日本料理￥578/人 | L4 | 4.9,鮨和歌 | 鮨 | ⭐🌟🎉💥💥 | 日本料理￥578/人 | L4 | 和歌 | 4.9 | 点评镑单 | 北新泾/淞虹路日式料理口味榜第2名 | ￥2998.4折 | ￥359 | 惠 | 工作日午市单人套餐,ocr/input_videos\上海__上海荟聚中心__20260826.mp4
OBS-000181,上海荟聚中心,mini peace,minipeace,服装,4.2,,L3,rated,True,,rated,parsed,rating_anchor,0.9961,0.9946,60,1776,30.13,4.2服装 | 🌟🌟⭐🌟 | L3 | ★,mini peace | AGe | 4.2服装 | 🌟🌟⭐🌟 | L3 | ★ | 款式新喜庆，赠袜子超贴” | 10:00营业,ocr/input_videos\上海__上海荟聚中心__20260826.mp4
OBS-000182,上海荟聚中心,锦荟JINHUI·浙江小馆,锦荟JINHUI·浙江小馆,私房菜,4.6,95,L4,rated,True,,rated,parsed,rating_anchor,0.9699,0.9919,54,1776,30.13,L4 | 4.6私房菜￥95/人 | ★🌟★🌟🌟,锦荟JINHUI·浙江小馆 | L4 | 4.6私房菜￥95/人 | ★🌟★🌟🌟 | 点评榜单 | 长宁区私房菜热门榜第1名 | 量足价优，美味推荐 | “ | ￥18 | ￥9.9 | 5.5折 | 【清爽特饮】茉莉红... | 惠 | 惠 | ￥989.8折 | ￥100100元代金券,ocr/input_videos\上海__上海荟聚中心__20260826.mp4
OBS-000183,上海荟聚中心,平成屋·喜之锅,平成屋·喜之锅,日本料理,4.2,87,LG1,rated,True,,rated,parsed,rating_anchor,0.9626,0.9851,52,1824,30.944,LG1 | 🌟🌟⭐⭐ | 日本料理￥87/人 | 4.2,平成屋·喜之锅 | 肉5卷 | LG1 | 🌟🌟⭐⭐ | 日本料理￥87/人 | 4.2 | 点评榜单 | 北新泾/淞虹路日本料理热门榜第7名 | 寿喜烧和三文鱼寿司口感鲜美 | ￥4.9 | ￥19 | 2.6折 | 【日式经典】芝士豆.. | 惠,ocr/input_videos\上海__上海荟聚中心__20260826.mp4
OBS-000184,上海荟聚中心,鮨和歌,鮨和歌,日本料理,4.9,578,L4,rated,True,,rated,parsed,rating_anchor,0.9526,0.9497,61,1824,30.944,L4 | 🌟🌟🎉⭐⭐4.9 | 日本料理￥578/人,鮨和歌 | 鮨 | L4 | 🌟🌟🎉⭐⭐4.9 | 和歌 | 日本料理￥578/人 | 点评榜单 | 北新泾/淞虹路日式料理口味榜第2名 | ￥2998.4折 | ￥359工作日午市单人套餐 | 惠,ocr/input_videos\上海__上海荟聚中心__20260826.mp4
OBS-000185,上海荟聚中心,mini peace,minipeace,服装,4.2,,L3,rated,True,,rated,parsed,rating_anchor,0.9964,0.9943,58,1824,30.944,🌟🌟⭐⭐⭐ | 4.2服装 | L3,mini peace | pore | 🌟🌟⭐⭐⭐ | 4.2服装 | L3 | 款式新又喜庆，赠袜子超贴心” | “ | 10:00营业,ocr/input_videos\上海__上海荟聚中心__20260826.mp4
OBS-000186,上海荟聚中心,锦荟JINHUI·浙江小馆,锦荟JINHUI·浙江小馆,私房菜,4.6,95,L4,rated,True,,rated,parsed,rating_anchor,0.9481,0.9939,54,1824,30.944,4.6私房菜￥95/人 | L4,锦荟JINHUI·浙江小馆 | 4.6私房菜￥95/人 | L4 | ornhun | 点评榜单 | 长宁区私房菜热门榜第1名 | Jinhur | 量足价优，美味推荐 | “ | ￥9.9 | 5.5折 | ￥18 | 惠 | 【清爽特饮】茉莉红.. | ￥989.8折 | ￥100100元代金券 | 惠,ocr/input_videos\上海__上海荟聚中心__20260826.mp4
OBS-000187,上海荟聚中心,平成屋·喜之锅,平成屋·喜之锅,日本料理,4.2,87,LG1,rated,True,,rated,parsed,rating_anchor,0.9658,0.9851,52,1848,31.351,LG1 | 🌟🌟⭐⭐ | 4.2 | 日本料理￥87/人,平成屋·喜之锅 | 肉5卷 | LG1 | 🌟🌟⭐⭐ | 4.2 | 日本料理￥87/人 | 点评榜单 | 北新泾/淞虹路日本料理热门榜第7名 | 寿喜烧和三文鱼寿司口感鲜美 | ￥4.9 | ￥19 | 2.6折 | 【日式经典】芝士豆. | 惠,ocr/input_videos\上海__上海荟聚中心__20260826.mp4
OBS-000188,上海荟聚中心,鮨和歌,鮨和歌,日本料理,4.9,578,L4,rated,True,,rated,parsed,rating_anchor,0.9618,0.968,58,1848,31.351,L4 | 🌟🌟⭐⭐4.9 | 日本料理￥578/人,鮨和歌 | 鮨 | L4 | 🌟🌟⭐⭐4.9 | 和歌 | 日本料理￥578/人 | 点评榜单 | 北新泾/淞虹路日式料理口味榜第2名 | ￥2998.4折 | ￥359工作日午市单人套餐 | 惠,ocr/input_videos\上海__上海荟聚中心__20260826.mp4
OBS-000189,上海荟聚中心,mini peace,minipeace,服装,4.2,,L3,rated,True,,rated,parsed,rating_anchor,0.9965,0.9943,58,1848,31.351,4.2服装 | 🌟🌟⭐⭐ | L3 | ★,mini peace | pore | 4.2服装 | 🌟🌟⭐⭐ | L3 | ★ | 款式新又喜庆，赠袜子超贴心” | “ | 10:00营业,ocr/input_videos\上海__上海荟聚中心__20260826.mp4
OBS-000190,上海荟聚中心,锦荟JINHUI·浙江小馆,锦荟JINHUI·浙江小馆,私房菜,4.6,95,L4,rated,True,,rated,parsed,rating_anchor,0.9353,0.9704,51,1848,31.351,4.6私房菜￥95/人 | L4,锦荟JINHUI·浙江小馆 | 4.6私房菜￥95/人 | L4 | ornhun | 点评榜单 | 长宁区私房菜热门榜第1名 | Jinhur | 量足价优，美味推荐 | “ | 5.5折 | ￥18 | ￥9.9 | 惠 | 【清爽特饮】茉莉红.. | ￥989.8折 | ￥100100元代金券 | 惠,ocr/input_videos\上海__上海荟聚中心__20260826.mp4
OBS-000191,上海荟聚中心,锦荟JINHUI·浙江小馆,锦荟JINHUI·浙江小馆,私房菜,4.6,95,L4,rated,True,,rated,parsed,rating_anchor,0.9777,0.9943,55,1908,32.369,🌟🌟🌟🌟🌟 | L4 | 私房菜￥95/人 | 4.6,锦荟JINHUI·浙江小馆 | 🌟🌟🌟🌟🌟 | L4 | 私房菜￥95/人 | 4.6 | Jinhun | 点评榜单 | 长宁区私房菜热门榜第1名 | Jinhur | 量足价优，美味推荐 | 5.5折 | ￥18 | ￥9.9 | 惠 | 【清爽特饮】茉莉红.. | ￥989.8折 | ￥100100元代金券 | 惠,ocr/input_videos\上海__上海荟聚中心__20260826.mp4
OBS-000192,上海荟聚中心,三出山火锅,三出山火锅,四川火锅,4.7,158,L3,rated,True,,rated,parsed,rating_anchor,0.982,0.9998,53,1908,32.369,L3 | 🌟🌟⭐🌟🌟 | 四川火锅￥158/人 | 4.7,三出山火锅 | L3 | L | 🌟🌟⭐🌟🌟 | 四川火锅￥158/人 | 4.7 | 三E山 | 点评榜单 | 北新泾/淞虹路火锅热门榜第2名 | TRUE SHAN | 环境优雅，鲜美锅底，新鲜食材 | C | 惠 | ￥10.9 | 5.8折 | ￥19夏季饮品三选一(荟... | ￥959.5折 | 惠 | ￥100100元代金券,ocr/input_videos\上海__上海荟聚中心__20260826.mp4
OBS-000193,上海荟聚中心,FLAGLADY,FLAGLADY,服饰鞋包,4.3,,商场内,rated,True,,rated,parsed,rating_anchor,0.9987,0.998,45,1908,32.369,商场内 | 🌟🌟🌟🌟 | 服饰鞋包 | 4.3 | ★,FLAGLADY | RAGLADY | 商场内 | 🌟🌟🌟🌟 | 服饰鞋包 | 4.3 | ★ | 内衣不跑杯，款式服装店找不到 | S | 10:00营业,ocr/input_videos\上海__上海荟聚中心__20260826.mp4
OBS-000194,上海荟聚中心,东瀛造型,东瀛造型,美发,4.4,231,L3,rated,True,,rated,parsed,rating_anchor,0.9859,0.9995,57,1908,32.369,L3 | 🌟🌟 | 4.4美发￥231/人,东瀛造型 | 上海美光 | L3 | 🌟🌟 | 4.4美发￥231/人 | 销量榜 | 第1名 | 点评榜单 | 北新泾/淞虹路美发热门榜第1名 | 10:00营业 | 环境干净整洁，发型师专注于理发 | 2 | （ | ￥739.7折 | ￥78 | 惠 | 【洗头发】资深设计师...,ocr/input_videos\上海__上海荟聚中心__20260826.mp4
OBS-000195,上海荟聚中心,京玖涮肉,京玖涮肉,老北京火锅,4.6,125,L4,rated,True,,rated,parsed,rating_anchor,0.9828,0.9998,59,1908,32.369,老北京火锅￥125/人 | 🌟🌟🌟🌟🌟 | L4 | 4.6,京玖涮肉 | 秋天的 | 第一顿火锅 | 老北京火锅￥125/人 | 🌟🌟🌟🌟🌟 | L4 | 4.6 | 点评榜单 | 北新泾/淞虹路火锅热门榜第6名,ocr/input_videos\上海__上海荟聚中心__20260826.mp4
OBS-000196,上海荟聚中心,FLAGLADY,FLAGLADY,月,4.3,,商场内,rated,True,,rated,parsed,rating_anchor,0.9286,0.9974,45,1980,33.591,商场内 | ⭐🌟🌟🌟 | 服饰鞋包 | 4.3月 | ★,FLAGLADY | RLNGLADY | 商场内 | ⭐🌟🌟🌟 | 服饰鞋包 | 4.3月 | ★ | 内衣不跑杯，款式服装店找不到 | “ | 10:00营业,ocr/input_videos\上海__上海荟聚中心__20260826.mp4
OBS-000197,上海荟聚中心,东瀛造型,东瀛造型,美发,4.4,231,L3,rated,True,,rated,parsed,rating_anchor,0.9797,0.9998,59,1980,33.591,⭐🌟🌟⭐ | L3 | 4.4美发￥231/人,东瀛造型 | 上海美发 | ⭐🌟🌟⭐ | L3 | 4.4美发￥231/人 | 销量榜 | 第1名 | 点评榜单 | 北新泾/淞虹路美发热门榜第1名 | 10:00营业 | “环境干净整洁，发型师专注于理发” | ￥739.7折 | ￥78 | 惠 | 【洗头发】资深设计师...,ocr/input_videos\上海__上海荟聚中心__20260826.mp4
OBS-000198,上海荟聚中心,京玖涮肉,京玖涮肉,老北京火锅,4.6,125,L4,rated,True,,rated,parsed,rating_anchor,0.9856,0.9998,59,1980,33.591,★★★★🌟 | L4 | 老北京火锅￥125/人 | 4.6,京玖涮肉 | 秋天的 | ROAN | R1 | 第一顿火锅 | ★★★★🌟 | L4 | 老北京火锅￥125/人 | 4.6 | 点评榜单 | 北新泾/淞虹路火锅热门榜第6名 | 10:30营业 | 免费丸不容错过” | ￥355 | ￥2346.6折 | 惠 | 【京味特色】京玖..,ocr/input_videos\上海__上海荟聚中心__20260826.mp4
OBS-000199,上海荟聚中心,鮨谷·日料铁板烧,鮨谷·日料铁板烧,日本料理,4.7,162,L2,rated,True,,rated,parsed,rating_anchor,0.9328,0.8956,51,1980,33.591,⭐🌟🌟🌟 | L2 | 4.7日本料理￥162/人,鮨谷·日料铁板烧 | ⭐🌟🌟🌟 | L2 | 4.7日本料理￥162/人 | 業 | 谷 | 点评榜单 | 长宁区式料理销量榜第1名 | ￥285折 | ￥56三宝乐生啤双人餐(2杯) | 惠 | ￥989.8折 | 惠 | ￥100100元代金券,ocr/input_videos\上海__上海荟聚中心__20260826.mp4
OBS-000200,上海荟聚中心,FLAGLADY,FLAGLADY,服饰鞋包,4.3,,商场内,rated,True,,rated,parsed,rating_anchor,0.999,0.9986,42,2004,33.998,商场内 | ⭐🌟⭐🌟 | 4.3 | 服饰鞋包 | ★,FLAGLADY | RAGLADY | 商场内 | ⭐🌟⭐🌟 | 4.3 | 服饰鞋包 | ★ | 内衣不跑杯，款式服装店找不到 | 10:00营业,ocr/input_videos\上海__上海荟聚中心__20260826.mp4
OBS-000201,上海荟聚中心,东瀛造型,东瀛造型,美发,4.4,231,L3,rated,True,,rated,parsed,rating_anchor,0.987,0.9999,57,2004,33.998,🌟🌟⭐🎉 | 4.4美发￥231/人 | L3 | ★,东瀛造型 | 上海美发 | 🌟🌟⭐🎉 | 4.4美发￥231/人 | L3 | ★ | 销量榜 | 第1名 | 点评榜单 | 北新泾/淞虹路美发热门榜第1名 | 10:00营业 | 环境干净整洁，发型师专注于理发 | 2 | ￥739.7折 | ￥78 | 惠 | 【洗头发】资深设计师...,ocr/input_videos\上海__上海荟聚中心__20260826.mp4
OBS-000202,上海荟聚中心,京玖涮肉,京玖涮肉,老北京火锅,4.6,125,L4,rated,True,,rated,parsed,rating_anchor,0.9908,0.9997,57,2004,33.998,🌟🌟⭐🌟🌟 | L4 | 4.6老北京火锅￥125/人,京玖涮肉 | 秋天的 | 第一顿火锅 | 🌟🌟⭐🌟🌟 | L4 | 4.6老北京火锅￥125/人 | 点评榜单 | 北新泾/淞虹路火锅热门榜第6名 | 10:30营业 | 免费羊肉丸子不容错过 | ￥2346.6折 | ￥355 | 【京味特色】京玖. | 惠,ocr/input_videos\上海__上海荟聚中心__20260826.mp4
OBS-000203,上海荟聚中心,鮨谷·日料铁板烧,鮨谷·日料铁板烧,日本料理,4.7,162,L2,rated,True,,rated,parsed,rating_anchor,0.9623,0.9549,51,2004,33.998,🌟🌟🎉🌟🌟 | L2 | 日本料理￥162/人 | 4.7,鮨谷·日料铁板烧 | 🌟🌟🎉🌟🌟 | L2 | 日本料理￥162/人 | 4.7 | 点评榜单 | 长宁区日式料理销量榜第1名 | ￥285折 | 惠 | ￥56三宝乐生啤双人餐（2杯） | ￥98 | 惠 | 9.8折 | ￥100100元代金券,ocr/input_videos\上海__上海荟聚中心__20260826.mp4
OBS-000204,上海荟聚中心,AIRIQI,AIRIQI,服装,3.7,,L2,rated,True,,rated,parsed,rating_anchor,0.9913,0.9965,59,2004,33.998,3.7服装 | L2,AIRIQI | AIRIQI | 3.7服装 | L2 | 10:00营业,ocr/input_videos\上海__上海荟聚中心__20260826.mp4
OBS-000205,上海荟聚中心,FLAGLADY,FLAGLADY,服饰鞋包,4.3,,商场内,rated,True,,rated,parsed,rating_anchor,0.9988,0.998,48,2052,34.812,商场内 | 服饰鞋包 | 🌟🌟🌟🌟 | 4.3 | ★,FLAGLADY | RNGLAOY | 商场内 | 服饰鞋包 | 🌟🌟🌟🌟 | 4.3 | ★ | 内衣不跑杯，款式服装店找不到” | 10:00营业,ocr/input_videos\上海__上海荟聚中心__20260826.mp4
OBS-000206,上海荟聚中心,东瀛造型,东瀛造型,美发,4.4,231,L3,rated,True,,rated,parsed,rating_anchor,0.9844,0.9997,56,2052,34.812,🌟🌟🎉🎉 | L3 | 4.4美发￥231/人,东瀛造型 | 上海美发 | 🌟🌟🎉🎉 | L3 | 4.4美发￥231/人 | 销量榜 | 第1名 | 点评榜单 | 北新泾/淞虹路美发热门榜第1名 | 10:00营业 | 环境干净整洁，发型师专注于理发 | ￥739.7折 | ￥78 | 惠 | 【洗头发】资深设计师...,ocr/input_videos\上海__上海荟聚中心__20260826.mp4
OBS-000207,上海荟聚中心,京玖涮肉,京玖涮肉,老北京火锅,4.6,125,L4,rated,True,,rated,parsed,rating_anchor,0.9876,0.9998,59,2052,34.812,🌟🌟🌟🌟🌟 | 老北京火锅￥125/人 | L4 | 4.6,京玖涮肉 | 秋天的 | 第一顿火锅 | 🌟🌟🌟🌟🌟 | 老北京火锅￥125/人 | L4 | 4.6 | 点评榜单 | 北新泾/淞虹路火锅热门榜第6名 | 10:30营业 | 免费羊肉丸子不容错过” | C | ￥355 | ￥234 | 6.6折 | 惠 | 【京味特色】京玖..,ocr/input_videos\上海__上海荟聚中心__20260826.mp4
OBS-000208,上海荟聚中心,鮨谷·日料铁板烧,鮨谷·日料铁板烧,日本料理,4.7,162,L2,rated,True,,rated,parsed,rating_anchor,0.9613,0.9603,52,2052,34.812,🌟🎉🌟🌟4.7 | L2 | 日本料理￥162/人,鮨谷·日料铁板烧 | 🌟🎉🌟🌟4.7 | L2 | 日本料理￥162/人 | 楽 | 点评榜单 | 长宁区日式料理销量榜第1名 | ￥285折 | 惠 | ￥56三宝乐生啤双人餐（2杯） | ￥989.8折 | 惠 | ￥100100元代金券,ocr/input_videos\上海__上海荟聚中心__20260826.mp4
OBS-000209,上海荟聚中心,AIRIQI,AIRIQI,服装,3.7,,L2,rated,True,,rated,parsed,rating_anchor,0.9038,0.9947,62,2052,34.812,⭐🌟⭐⭐3.7服装 | L2,AIRIQI | AIRIQI | ⭐🌟⭐⭐3.7服装 | L2 | 10:00营业,ocr/input_videos\上海__上海荟聚中心__20260826.mp4
OBS-000210,上海荟聚中心,东瀛造型,东瀛造型,美发,4.4,231,L3,rated,True,,rated,parsed,rating_anchor,0.9865,0.9997,60,2088,35.423,🌟🌟🌟⭐ | L3 | 4.4美发￥231/人,东瀛造型 | 上海美发 | 🌟🌟🌟⭐ | L3 | 4.4美发￥231/人 | 销量榜 | 第1名 | 点评榜单 | 北新泾/淞虹路美发热门榜第1名 | 10:00营业 | 环境干净整洁，发型师专注于理发 | ￥739.7折 | ￥78 | 惠 | 【洗头发】资深设计师...,ocr/input_videos\上海__上海荟聚中心__20260826.mp4
OBS-000211,上海荟聚中心,京玖涮肉,京玖涮肉,老北京火锅,4.6,125,L4,rated,True,,rated,parsed,rating_anchor,0.987,0.9997,56,2088,35.423,🌟🌟🌟🌟🌟 | L4 | 老北京火锅￥125/人 | 4.6,京玖涮肉 | 秋天的 | 目 | 第一顿火锅 | 🌟🌟🌟🌟🌟 | L4 | 老北京火锅￥125/人 | 4.6 | 点评榜单 | 北新泾/淞虹路火锅热门榜第6名 | 10:30营业 | 免费羊肉丸子不容错过” | ￥2346.6折 | ￥355 | 【京味特色】京玖... | 惠,ocr/input_videos\上海__上海荟聚中心__20260826.mp4
OBS-000212,上海荟聚中心,鮨谷·日料铁板烧,鮨谷·日料铁板烧,日本料理,4.7,162,L2,rated,True,,rated,parsed,rating_anchor,0.9617,0.9565,54,2088,35.423,L2 | 🌟🌟🌟🌟 | 4.7 | 日本料理￥162/人,鮨谷·日料铁板烧 | L2 | 🌟🌟🌟🌟 | 4.7 | 日本料理￥162/人 | 点评榜单 | 长宁区日式料理销量榜第1名 | ￥285折 | 惠 | ￥56三宝乐生啤双人餐（2杯） | ￥98 | 惠 | 9.8折 | ￥100100元代金券,ocr/input_videos\上海__上海荟聚中心__20260826.mp4
OBS-000213,上海荟聚中心,AIRIQI,AIRIQI,服装,3.7,,L2,rated,True,,rated,parsed,rating_anchor,0.8938,0.9959,61,2088,35.423,⭐🌟🌟⭐3.7服装 | L2,AIRIQI | AIRIQI | ⭐🌟🌟⭐3.7服装 | L2 | 10:00营业,ocr/input_videos\上海__上海荟聚中心__20260826.mp4
OBS-000214,上海荟聚中心,一痕月 by Seven Villas,一痕月bySevenVillas,创意菜,4.2,196,L5,rated,True,,rated,parsed,rating_anchor,0.9433,0.9372,57,2088,35.423,🌟🌟🎉⭐ | 创意菜￥196/人 | L5 | 4.2,一痕月 by Seven Villas | 🌟🌟🎉⭐ | LALJNE | 创意菜￥196/人 | L5 | 4.2 | 点评榜单 | 杭州店2023-2026 | 长宁区创意菜热门榜第2名 | 来具都指南入这餐厅,ocr/input_videos\上海__上海荟聚中心__20260826.mp4
OBS-000215,上海荟聚中心,京玖涮肉,京玖涮肉,老北京火锅,4.6,125,L4,rated,True,,rated,parsed,rating_anchor,0.9818,0.9998,60,2112,35.83,★🌟★🌟 | L4 | 老北京火锅￥125/人 | 4.6,京玖涮肉 | 秋天的 | 第一顿火锅 | ★🌟★🌟 | L4 | 老北京火锅￥125/人 | 4.6 | 点评榜单 | 北新泾/淞虹路火锅热门榜第6名 | 10:30营业 | 免费羊肉丸子不容错过 | ￥2346.6折 | ￥355 | 惠 | 【京味特色】京玖..,ocr/input_videos\上海__上海荟聚中心__20260826.mp4
OBS-000216,上海荟聚中心,鮨谷·日料铁板烧,鮨谷·日料铁板烧,日本料理,4.7,162,L2,rated,True,,rated,parsed,rating_anchor,0.9553,0.9432,51,2112,35.83,L2 | 🌟🌟🌟🌟🌟 | 4.7 | 日本料理￥162/人,鮨谷·日料铁板烧 | L2 | 🌟🌟🌟🌟🌟 | 4.7 | 日本料理￥162/人 | 点评榜单 | 长宁区日式料理销量榜第1名 | ￥285折 | ￥56三宝乐生啤双人餐(2杯) | 惠 | ￥989.8折 | ￥100100元代金券 | 惠,ocr/input_videos\上海__上海荟聚中心__20260826.mp4
OBS-000217,上海荟聚中心,AIRIQI,AIRIQI,服装,3.7,,L2,rated,True,,rated,parsed,rating_anchor,0.903,0.9948,61,2112,35.83,⭐⭐3.7服装 | L2,AIRIQI | AIRIQI | ⭐⭐3.7服装 | L2 | 10:00营业,ocr/input_videos\上海__上海荟聚中心__20260826.mp4
OBS-000218,上海荟聚中心,一痕月 by Seven Villas,一痕月bySevenVillas,创意菜,4.2,196,L5,rated,True,,rated,parsed,rating_anchor,0.9561,0.9629,66,2112,35.83,L5 | 🌟🌟⭐⭐ | 创意菜￥196/人 | 4.2,一痕月 by Seven Villas | L5 | 🌟🌟⭐⭐ | LALJNE | 创意菜￥196/人 | 4.2 | 点评榜单 | 州店2023-2026 | 长宁区创意菜热门榜第2名 | 来其楼指南人选餐厅 | 鲜美汤底，欲罢不能，现场切烤鸭 | ￥3985.6折 | ￥713 | 惠 | 【屋顶花园】主厨.. | ￥959.5折 | ￥100100元代金券 | 惠,ocr/input_videos\上海__上海荟聚中心__20260826.mp4
OBS-000219,上海荟聚中心,椰庭·山野椰子鸡,椰庭·山野椰子鸡,椰子鸡火锅,4.5,123,L3,rated,True,,rated,parsed,rating_anchor,0.9758,0.9689,51,2112,35.83,🌟🌟🌟🌟🌟 | L3 | 4.5椰子鸡火锅￥123/人,师旺 | 椰庭·山野椰子鸡 | 菠萝蜜椰子鸡 | 🌟🌟🌟🌟🌟 | L3 | 限时尝鲜 | 4.5椰子鸡火锅￥123/人 | 点评榜单 | 上海椰子鸡火锅打卡人气榜第1名 | 环境好服务更好” | 下班来芬娶小娶 | “,ocr/input_videos\上海__上海荟聚中心__20260826.mp4
OBS-000220,上海荟聚中心,京玖涮肉,京玖涮肉,老北京火锅,4.6,125,L4,rated,True,,rated,parsed,rating_anchor,0.9876,0.9998,56,2124,36.034,老北京火锅￥125/人 | L4 | 🌟🌟🌟🌟🌟 | 4.6,京玖涮肉 | 秋天的 | 第一顿火锅 | 老北京火锅￥125/人 | L4 | 🌟🌟🌟🌟🌟 | 4.6 | 点评榜单 | 北新泾/淞虹路火锅热门榜第6名 | 10:30营业 | 免费羊肉丸子不容错过” | ￥355 | ￥234 | 【京味特色】京玖... | 6.6折 | 惠,ocr/input_videos\上海__上海荟聚中心__20260826.mp4
OBS-000221,上海荟聚中心,鮨谷·日料铁板烧,鮨谷·日料铁板烧,日本料理,4.7,162,L2,rated,True,,rated,parsed,rating_anchor,0.9645,0.9643,47,2124,36.034,⭐🌟🌟🌟🌟 | L2 | 4.7 | 日本料理￥162/人,鮨谷·日料铁板烧 | ⭐🌟🌟🌟🌟 | L2 | 4.7 | 日本料理￥162/人 | 点评榜单 | 长宁区日式料理销量榜第1名 | ￥285折 | ￥56三宝乐生啤双人餐(2杯） | 惠 | ￥989.8折 | 惠 | ￥100100元代金券,ocr/input_videos\上海__上海荟聚中心__20260826.mp4
OBS-000222,上海荟聚中心,AIRIQI,AIRIQI,服装,3.7,,L2,rated,True,,rated,parsed,rating_anchor,0.9369,0.995,61,2124,36.034,🌟3.7服装 | L2,AIRIQI | AIRIQI | 🌟3.7服装 | L2 | 10:00营业,ocr/input_videos\上海__上海荟聚中心__20260826.mp4
OBS-000223,上海荟聚中心,一痕月 by Seven Villas,一痕月bySevenVillas,创意菜,4.2,196,L5,rated,True,,rated,parsed,rating_anchor,0.9657,0.9603,61,2124,36.034,🌟⭐⭐ | 创意菜￥196/人 | L5 | 4.2,一痕月 by Seven Villas | 🌟⭐⭐ | 创意菜￥196/人 | L5 | LALJNE | 4.2 | 点评榜单 | 杭州店2023-2026 | 长宁区创意菜热门榜第2名 | 来其都指南人选餐厅 | 3 | 鲜美汤底，欲罢不能，现场切烤鸭 | ￥713 | ￥3985.6折 | 惠 | 【屋顶花园】主厨.. | ￥959.5折 | 惠 | ￥100100元代金券,ocr/input_videos\上海__上海荟聚中心__20260826.mp4
OBS-000224,上海荟聚中心,椰庭·山野椰子鸡,椰庭·山野椰子鸡,椰子鸡火锅,4.5,123,L3,rated,True,,rated,parsed,rating_anchor,0.9732,0.9739,50,2124,36.034,🌟🌟🎉🌟🌟 | L3 | 椰子鸡火锅￥123/人 | 4.5,制主 | 椰庭·山野椰子鸡 | 菠萝蜜椰子鸡 | 🌟🌟🎉🌟🌟 | L3 | 限时尝鲜 | 椰子鸡火锅￥123/人 | 4.5 | 点评镑单 | 上海椰子鸡火锅打卡人气榜第1名 | 环境好服务更好” | 下班来荟聚小聚 | C,ocr/input_videos\上海__上海荟聚中心__20260826.mp4
OBS-000225,上海荟聚中心,AIRIQI,AIRIQI,服装,3.7,,L2,rated,True,,rated,parsed,rating_anchor,0.989,0.9939,64,2196,37.255,3.7服装 | L2,AIRIQI | AIRIQI | 3.7服装 | L2 | 10:00营业,ocr/input_videos\上海__上海荟聚中心__20260826.mp4
OBS-000226,上海荟聚中心,一痕月 by Seven Villas,一痕月bySevenVillas,创意菜,4.2,196,L5,rated,True,,rated,parsed,rating_anchor,0.9442,0.9285,65,2196,37.255,🌟🌟⭐⭐ | L5 | 创意菜￥196/人 | 4.2 | X,一痕月 by Seven Villas | LALUNE | 🌟🌟⭐⭐ | L5 | 创意菜￥196/人 | 4.2 | X | 点评榜单 | 杭州店2023-2026 | 长宁区创意菜热门榜第2名 | 米其都指南人达餐行 | 鲜美汤底，欲罢不能，现场切烤鸭 | 5 | ￥398 | ￥713 | 5.6折 | 惠 | 【屋顶花园】主厨.. | ￥95 | ￥100100元代金券 | 惠 | 9.5折,ocr/input_videos\上海__上海荟聚中心__20260826.mp4
OBS-000227,上海荟聚中心,椰庭·山野椰子鸡,椰庭·山野椰子鸡,椰子鸡火锅,4.5,123,L3,rated,True,,rated,parsed,rating_anchor,0.9643,0.978,51,2196,37.255,L3 | 🌟🌟🌟⭐🌟 | 4.5椰子鸡火锅￥123/人,制庭 | 椰庭·山野椰子鸡 | 菠萝蜜椰子鸡 | L3 | 限时尝鲜 | 🌟🌟🌟⭐🌟 | 4.5椰子鸡火锅￥123/人 | 点评榜单 | 上海椰子鸡火锅打卡人气榜第1名 | 下班来荟聚小聚，环境好服务更好 | 3 | “ | ￥18.9 | 8折 | 惠 | ￥23.9 | 好吃的宝宝餐一番茄.. | ￥989.8折 | ￥100100元代金券 | 惠,ocr/input_videos\上海__上海荟聚中心__20260826.mp4
OBS-000228,上海荟聚中心,BELLE,BELLE,鞋靴,4.2,150,L2,rated,True,,rated,parsed,rating_anchor,0.9722,0.9986,53,2196,37.255,L2 | 鞋靴￥150/人 | 🌟🌟⭐⭐ | 4.2,BELLE | L2 | 鞋靴￥150/人 | 🌟🌟⭐⭐ | 4.2 | 点评榜单 | 长宁区鞋靴好评榜第5名 | 10:00营业 | 交通便利，折扣力度大 | “ | 2,ocr/input_videos\上海__上海荟聚中心__20260826.mp4
OBS-000229,上海荟聚中心,巴奴毛肚火锅,巴奴毛肚火锅,火锅,4.8,154,L3,rated,True,,rated,parsed,rating_anchor,0.9753,0.9985,52,2196,37.255,L3 | 🌟🌟⭐🌟🌟 | 火锅￥154/人 | 4.8,巴奴毛肚火锅 | 巴奴 | L3 | 🌟🌟⭐🌟🌟 | 火锅￥154/人 | 4.8 | 毛肚火锅 | 点评榜单 | 北新泾/淞虹路火锅热门榜第1名 | BANU HOTPOT | 24营业中业 | 这家火锅店新鲜美味，服务贴心 | 35,ocr/input_videos\上海__上海荟聚中心__20260826.mp4
OBS-000230,上海荟聚中心,AIRIQI,AIRIQI,服装,3.7,,L2,rated,True,,rated,parsed,rating_anchor,0.9235,0.9951,62,2220,37.662,⭐⭐3.7服装 | L2,AIRIQI | AIRIQI | ⭐⭐3.7服装 | L2 | 10:00营业,ocr/input_videos\上海__上海荟聚中心__20260826.mp4
OBS-000231,上海荟聚中心,一痕月 by Seven Villas,一痕月bySevenVillas,创意菜,4.2,196,L5,rated,True,,rated,parsed,rating_anchor,0.9585,0.9568,58,2220,37.662,🌟🌟🌟⭐ | 创意菜￥196/人 | L5 | 4.2,一痕月 by Seven Villas | 🌟🌟🌟⭐ | LALJNE | 创意菜￥196/人 | L5 | 4.2 | 点评榜单 | 杭州店2023-2026 | 长宁区创意菜热门榜第2名 | 来具都指南入选餐厅 | 鲜美汤底，欲罢不能，现场切烤鸭 | ( | 【屋顶花园】主厨.. | ￥398 | 5.6折 | ￥713 | 惠 | ￥959.5折 | 惠 | ￥100100元代金券,ocr/input_videos\上海__上海荟聚中心__20260826.mp4
OBS-000232,上海荟聚中心,椰庭·山野椰子鸡,椰庭·山野椰子鸡,椰子鸡火锅,4.5,123,L3,rated,True,,rated,parsed,rating_anchor,0.9774,0.9794,51,2220,37.662,L3 | 🌟🌟🌟⭐🌟 | 4.5椰子鸡火锅￥123/人,相庭 | 椰庭·山野椰子鸡 | 菠萝蜜椰子鸡 | L3 | 🌟🌟🌟⭐🌟 | 限时尝鲜 | 4.5椰子鸡火锅￥123/人 | 点评榜单 | 上海椰子鸡火锅打卡人气榜第1名 | 下班来荟聚小聚，环境好服务更好 | “ | ￥18.9 | 8折 | ￥23.9 | 惠 | 好吃的宝宝餐一番茄... | ￥989.8折 | 惠 | ￥100100元代金券,ocr/input_videos\上海__上海荟聚中心__20260826.mp4
OBS-000233,上海荟聚中心,BELLE,BELLE,鞋靴,4.2,150,L2,rated,True,,rated,parsed,rating_anchor,0.9723,0.9989,50,2220,37.662,🌟🌟🌟🌟 | L2 | 鞋靴￥150/人 | 4.2,BELLE | 🌟🌟🌟🌟 | L2 | 鞋靴￥150/人 | 4.2 | 点评榜单 | 长宁区鞋靴好评榜第5名 | 10:00营业 | 交通便利，折扣力度大 | “,ocr/input_videos\上海__上海荟聚中心__20260826.mp4
OBS-000234,上海荟聚中心,巴奴毛肚火锅,巴奴毛肚火锅,火锅,4.8,154,L3,rated,True,,rated,parsed,rating_anchor,0.9759,0.9993,52,2220,37.662,L3 | ★🌟★★★ | 4.8 | 火锅￥154/人,巴奴毛肚火锅 | 巴奴 | L3 | ★🌟★★★ | 4.8 | 火锅￥154/人 | 毛肚火锅 | 点评榜单 | BANU HOTPOT | 北新泾/淞虹路火锅热门榜第1名 | 24营业中业 | 这家火锅店新鲜美味，服务贴心 | 93 | “,ocr/input_videos\上海__上海荟聚中心__20260826.mp4
OBS-000235,上海荟聚中心,一痕月 by Seven Villas,一痕月bySevenVillas,创意菜,4.2,196,L5,rated,True,,rated,parsed,rating_anchor,0.9463,0.9277,65,2256,38.273,🌟🌟⭐⭐ | L5 | 创意菜￥196/人 | 4.2,一痕月 by Seven Villas | LALJNE | 🌟🌟⭐⭐ | L5 | 创意菜￥196/人 | 4.2 | 点评榜单 | 杭州店2023-2026 | 长宁区创意菜热门榜第2名 | 不具都指南入选餐厅 | 鲜美汤底，欲罢不能，现场切烤鸭 | 力 | “ | ￥3985.6折 | ￥713 | 惠 | 【屋顶花园】主厨.. | ￥959.5折 | 惠 | ￥100100元代金券,ocr/input_videos\上海__上海荟聚中心__20260826.mp4
OBS-000236,上海荟聚中心,椰庭·山野椰子鸡,椰庭·山野椰子鸡,椰子鸡火锅,4.5,123,L3,rated,True,,rated,parsed,rating_anchor,0.9615,0.9804,51,2256,38.273,L3 | 4.5椰子鸡火锅￥123/人,相主 | 椰庭·山野椰子鸡 | 菠萝蜜椰子鸡 | 限时尝鲜 | L3 | 4.5椰子鸡火锅￥123/人 | 点评镑单 | 上海椰子鸡火锅打卡人气榜第1名 | 下班来荟聚小聚，环境好服务更好” | “ | ￥18.9 | ￥23.9好吃的宝宝餐|番茄... | 8折 | 惠 | ￥989.8折 | 惠 | ￥100100元代金券,ocr/input_videos\上海__上海荟聚中心__20260826.mp4
OBS-000237,上海荟聚中心,BELLE,BELLE,鞋靴,4.2,150,L2,rated,True,,rated,parsed,rating_anchor,0.9764,0.9988,50,2256,38.273,L2 | 🌟🌟🌟🌟 | 4.2 | 鞋靴￥150/人,BELLE | L2 | 🌟🌟🌟🌟 | 4.2 | 鞋靴￥150/人 | 点评榜单 | 长宁区鞋靴好评榜第5名 | 10:00营业 | 交通便利，折扣力度大 | 心,ocr/input_videos\上海__上海荟聚中心__20260826.mp4
OBS-000238,上海荟聚中心,巴奴毛肚火锅,巴奴毛肚火锅,火锅,4.8,154,L3,rated,True,,rated,parsed,rating_anchor,0.9791,0.9985,52,2256,38.273,4.8火锅￥154/人 | L3,巴奴毛肚火锅 | 巴奴 | 4.8火锅￥154/人 | L3 | 毛肚火锅 | 点评榜单 | 北新泾/淞虹路火锅热门榜第1名 | BANU HOTPOT | 24营业中业 | “这家火锅店新鲜美味，服务贴心 | 93 | ￥29.5￥29.5 | 惠 | 巴奴会员一夜宵啤酒畅饮 | ￥989.8折 | 惠 | ￥100100元代金券,ocr/input_videos\上海__上海荟聚中心__20260826.mp4
OBS-000239,上海荟聚中心,椰庭·山野椰子鸡,椰庭·山野椰子鸡,椰子鸡火锅,4.5,123,L3,rated,True,,rated,parsed,rating_anchor,0.9738,0.9666,52,2280,38.68,🌟🌟🎉🌟🌟 | L3 | 4.5椰子鸡火锅￥123/人,制庭 | 椰庭·山野椰子鸡 | 菠萝蜜椰子鸡 | 🌟🌟🎉🌟🌟 | L3 | 限时尝鲜 | 4.5椰子鸡火锅￥123/人 | 点评榜单 | 上海椰子鸡火锅打卡人气榜第1名 | 下班来荟聚小聚，环境好服务更好 | “ | ￥18.9 | 8折 | 惠 | ￥23.9 | 好吃的宝宝餐一番茄... | ￥989.8折 | 惠 | ￥100100元代金券,ocr/input_videos\上海__上海荟聚中心__20260826.mp4
OBS-000240,上海荟聚中心,BELLE,BELLE,革,4.2,150,L2,rated,True,,rated,parsed,rating_anchor,0.9433,0.9991,47,2280,38.68,🌟🌟🌟🌟 | L2 | 4.2革 | 鞋靴￥150/人,BELLE | 🌟🌟🌟🌟 | L2 | 4.2革 | 鞋靴￥150/人 | 点评榜单 | 长宁区鞋靴好评榜第5名 | 10:00营业 | 交通便利，折扣力度大 | C,ocr/input_videos\上海__上海荟聚中心__20260826.mp4
OBS-000241,上海荟聚中心,巴奴毛肚火锅,巴奴毛肚火锅,火锅,4.8,154,L3,rated,True,,rated,parsed,rating_anchor,0.9423,0.9988,51,2280,38.68,L3 | ⭐⭐4.8火锅￥154/人,巴奴毛肚火锅 | 巴奴 | L3 | ⭐⭐4.8火锅￥154/人 | 毛肚火锅 | 点评榜单 | 北新泾/淞虹路火锅热门榜第1名 | BANU HOTPOT | 24营业中业 | 这家火锅店新鲜美味，服务贴心 | 5 | ￥29.5￥29.5 | 惠 | 巴奴会员|夜宵啤酒畅饮 | ￥989.8折 | 惠 | ￥100100元代金券,ocr/input_videos\上海__上海荟聚中心__20260826.mp4
OBS-000242,上海荟聚中心,厚贞日式烤肉,厚贞日式烤肉,日式烧烤/烤肉,,,L2,unknown,True,,ocr_missing,parsed,metadata_anchor,0.9702,0.999,54,2280,38.68,★★★★窗 | 日式烧烤/烤肉￥149/L2 | 14.8,厚贞日式烤肉 | 原创黑松露 | 横膈膜 | ★★★★窗 | 日式烧烤/烤肉￥149/L2 | 14.8 | 点评榜单 | 长宁区烤肉好评榜第3名 | 一口下去脂香四溢，幸福感拉满 | ≤ | 5 | ￥369 | ￥419厚贞爆款2人情侣套餐 | 8.9折 | 惠,ocr/input_videos\上海__上海荟聚中心__20260826.mp4
OBS-000243,上海荟聚中心,椰庭·山野椰子鸡,椰庭·山野椰子鸡,椰子鸡火锅,4.5,123,L3,rated,True,,rated,parsed,rating_anchor,0.9581,0.945,52,2328,39.495,🌟🌟🎉🎉🌟 | L3 | 椰子鸡火锅￥123/人 | 4.5,制庭 | 椰庭·山野椰子鸡 | 菠萝蜜椰子鸡 | 🌟🌟🎉🎉🌟 | L3 | 限时尝鲜 | 椰子鸡火锅￥123/人 | 4.5 | 点评镑单 | 上海椰子鸡火锅打卡人气榜第1名 | 下班来荟聚小聚，环境好服务更好 | “ | ￥18.9 | 8折 | 惠 | ￥23.9 | 好吃的宝宝餐！番茄... | ￥989.8折 | 惠 | ￥100100元代金券,ocr/input_videos\上海__上海荟聚中心__20260826.mp4
OBS-000244,上海荟聚中心,BELLE,BELLE,鞋靴,4.2,150,L2,rated,True,,rated,parsed,rating_anchor,0.9616,0.9988,47,2328,39.495,🌟🌟🌟🌟 | L2 | 4.2 | 鞋靴￥150/人,BELLE | 🌟🌟🌟🌟 | L2 | 4.2 | 鞋靴￥150/人 | 点评榜单 | 长宁区鞋靴好评榜第5名 | 10:00营业 | 交通便利，折扣力度大 | 4,ocr/input_videos\上海__上海荟聚中心__20260826.mp4
OBS-000245,上海荟聚中心,巴奴毛肚火锅,巴奴毛肚火锅,火锅,4.8,154,L3,rated,True,,rated,parsed,rating_anchor,0.9427,0.9973,51,2328,39.495,L3 | ⭐⭐4.8火锅￥154/人,巴奴毛肚火锅 | 巴奴 | L3 | ⭐⭐4.8火锅￥154/人 | 毛肚火锅 | 点评榜单 | 北新泾/淞虹路火锅热门榜第1名 | BANU HOTPOT | 24营业中业 | 这家火锅店新鲜美味，服务贴心 | 5 | 惠 | ￥29.5￥29.5 | 巴奴会员|夜宵啤酒畅饮 | ￥989.8折 | 惠 | ￥100100元代金券,ocr/input_videos\上海__上海荟聚中心__20260826.mp4
OBS-000246,上海荟聚中心,厚贞日式烤肉,厚贞日式烤肉,日式烧烤/烤肉,4.8,,L2,rated,True,,rated,parsed,rating_anchor,0.9785,0.9992,50,2328,39.495,★★★★賣 | 日式烧烤/烤肉￥149/L2 | 4.8,309428 | 厚贞日式烤肉 | 原创黑松露 | 横膈膜 | ★★★★賣 | 日式烧烤/烤肉￥149/L2 | 4.8 | 点评榜单 | 长宁区烤肉好评榜第3名 | 一口下去脂香四溢，幸福感拉满 | ≤ | 5 | ￥369 | 8.9折 | 惠 | ￥419厚贞爆款2人情侣套餐,ocr/input_videos\上海__上海荟聚中心__20260826.mp4
OBS-000247,上海荟聚中心,巴奴毛肚火锅,巴奴毛肚火锅,火锅,4.8,154,L3,rated,True,,rated,parsed,rating_anchor,0.978,0.9983,51,2376,40.309,L3 | 🌟🌟🌟🌟🌟 | 4.8火锅￥154/人,巴奴毛肚火锅 | 巴奴 | L3 | 🌟🌟🌟🌟🌟 | 4.8火锅￥154/人 | 毛肚火锅 | 点评榜单 | BANU HOTPOT | 北新泾/淞虹路火锅热门榜第1名 | 24营业中业 | 这家火锅店新鲜美味，服务贴心 | C | ￥29.5￥29.5 | 惠 | 巴奴会员|夜宵啤酒畅饮 | ￥989.8折 | 惠 | ￥100100元代金券,ocr/input_videos\上海__上海荟聚中心__20260826.mp4
OBS-000248,上海荟聚中心,厚贞日式烤肉,厚贞日式烤肉,式烧烤/烤肉,,,L2,unknown,True,,ocr_missing,parsed,metadata_anchor,0.9651,0.9972,54,2376,40.309,⭐🌟⭐🌟🌟 | 14.8 | 式烧烤/烤肉￥149/L2,厚贞日式烤肉 | 原创黑松露 | 横膈膜 | ⭐🌟⭐🌟🌟 | 14.8 | 式烧烤/烤肉￥149/L2 | 点评榜单 | 长宁区烤肉好评榜第3名 | r | 一口下去脂香四溢，幸福感拉满 | ￥3698.9折 | 惠 | ￥419 | 厚贞爆款2人情侣套餐,ocr/input_videos\上海__上海荟聚中心__20260826.mp4
OBS-000249,上海荟聚中心,phenix,phenix,服饰鞋包,3.9,,L1,rated,True,,rated,parsed,rating_anchor,0.9994,0.9994,60,2376,40.309,★🌟⭐🌟🌟 | L1 | 服饰鞋包 | 3.9,phenix | phenix | ★🌟⭐🌟🌟 | L1 | 服饰鞋包 | 3.9 | 风格独特级，版型修饰身形 | 10:00营业,ocr/input_videos\上海__上海荟聚中心__20260826.mp4
OBS-000250,上海荟聚中心,山苗苗鲜牛肉小火锅,山苗苗鲜牛肉小火锅,小火锅,3.9,47,LG2,rated,True,,rated,parsed,rating_anchor,0.919,0.9178,48,2376,40.309,LG2 | 🌟🌟⭐🌟🌟 | 3.9 | 小火锅￥47/人,山苗苗鲜牛肉小火锅 | 山苗苗年肉小火 | LG2 | 🌟🌟⭐🌟🌟 | 3.9 | 小火锅￥47/人 | 点评榜单 | 上海小火锅打卡人气榜第1名 | 口感鲜美，食材新鲜，聚会首选 | “ | 电 | ￥99.4 | ￥38.8 | 【工作日全天】一盘. | 惠 | 4折,ocr/input_videos\上海__上海荟聚中心__20260826.mp4
OBS-000251,上海荟聚中心,万和牛烧肉,万和牛烧肉,日本料理,4.7,312,商场内,rated,True,,rated,parsed,rating_anchor,0.9417,0.9128,48,2376,40.309,商场内 | ★★★★★ | 日本料理￥312/人 | 4.7,万和牛烧肉 | 商场内 | ★★★★★ | 日本料理￥312/人 | 4.7 | 在面出面 | 静享和牛烧肉与海鲜 | 点评榜单 | 北新泾/淞虹路日式料理销量榜第2名 | 蔬菜新鲜，烤肉服务热情到位 | 5,ocr/input_videos\上海__上海荟聚中心__20260826.mp4
OBS-000252,上海荟聚中心,厚贞日式烤肉,厚贞日式烤肉,式烧烤/烤肉,4.8,,L2,rated,True,,rated,parsed,rating_anchor,0.981,0.9959,51,2448,41.53,★★★★★ | 式烧烤/烤肉￥149/L2 | 4.8,厚贞日式烤肉 | 原创黑松露 | 横膈膜 | ★★★★★ | 式烧烤/烤肉￥149/L2 | 4.8 | 点评榜单 | 长宁区烤肉好评榜第3名 | 下去脂四溢，幸福感拉满 | 3 | “ | ￥3698.9折 | 惠 | ￥419厚贞爆款2人情侣套餐,ocr/input_videos\上海__上海荟聚中心__20260826.mp4
OBS-000253,上海荟聚中心,phenix,phenix,服饰鞋包,3.9,,L1,rated,True,,rated,parsed,rating_anchor,0.9989,0.9985,59,2448,41.53,服饰鞋包 | 🌟🌟★🌟★ | L1 | 3.9,phenix | phenix | 服饰鞋包 | 🌟🌟★🌟★ | L1 | 3.9 | 格独特级，版型修饰形 | 10:00营业,ocr/input_videos\上海__上海荟聚中心__20260826.mp4
OBS-000254,上海荟聚中心,山苗苗鲜肉火锅,山苗苗鲜肉火锅,小火锅,3.9,47,LG2,rated,True,,rated,parsed,rating_anchor,0.8912,0.8554,51,2448,41.53,LG2 | 3.9小火锅￥47/人,山苗苗鲜肉火锅 | 鲜牛肉小火锅 | 山苗苗 | LG2 | 3.9小火锅￥47/人 | SHANMEAOMAO | 点评榜单 | 上海小火锅打卡人气榜第1名 | 感鲜美，材新鲜，聚会选 | ≤≤ | 3 | ￥38.8 | ￥99.4 | 【工作全天】一盘. | 4折 | 惠,ocr/input_videos\上海__上海荟聚中心__20260826.mp4
OBS-000255,上海荟聚中心,万牛和牛烧肉,万牛和牛烧肉,日本料理,4.7,312,商场内,rated,True,,rated,parsed,rating_anchor,0.9721,0.9975,51,2448,41.53,🌟🌟🎉🌟🌟4.7 | 商场内 | 日本料理￥312/人,万牛和牛烧肉 | 🌟🌟🎉🌟🌟4.7 | 商场内 | 日本料理￥312/人 | 全的止包明 | 静享和牛烧肉与鲜 | 点评榜单 | 北新泾/淞虹路日式料理销量榜第2名 | 蔬菜新鲜，烤肉服务热情到位 | ￥58 | ￥113 | 5.2折 | 惠 | 【工作日午市】牛舌. | ￥921 | 9.2折 | ￥100100元代金券 | 惠,ocr/input_videos\上海__上海荟聚中心__20260826.mp4
OBS-000256,上海荟聚中心,LACOSTE,LACOSTE,服装,3.8,783,L1,rated,True,,rated,parsed,rating_anchor,0.984,0.9988,47,2448,41.53,🌟🌟🌟🌟🌟 | L1 | 3.8服装￥783/人,LACOSTE | 🌟🌟🌟🌟🌟 | L1 | 3.8服装￥783/人 | 面料和设计都很棒，包袋款式精致时尚,ocr/input_videos\上海__上海荟聚中心__20260826.mp4
OBS-000257,上海荟聚中心,phenix,phenix,服饰鞋包,3.9,,L1,rated,True,,rated,parsed,rating_anchor,0.9993,0.9992,59,2484,42.141,🌟🌟⭐🌟🌟 | L1 | 服饰鞋包 | 3.9,phenix | Phenix | 🌟🌟⭐🌟🌟 | L1 | 服饰鞋包 | 3.9 | 风格独特高级，版型修饰身形 | 10:00营业,ocr/input_videos\上海__上海荟聚中心__20260826.mp4
OBS-000258,上海荟聚中心,山苗苗鲜牛肉小火锅,山苗苗鲜牛肉小火锅,小火锅,3.9,47,LG2,rated,True,,rated,parsed,rating_anchor,0.9538,0.9883,48,2484,42.141,🌟🌟🌟🌟🎉 | LG2 | 3.9 | 小火锅￥47/人,山苗苗鲜牛肉小火锅 | 山黄苗 | 鲜牛肉小火码 | 🌟🌟🌟🌟🎉 | LG2 | 3.9 | 小火锅￥47/人 | SHANMEAOMAO | 点评榜单 | 上海小火锅打卡人气榜第1名 | 口感鲜美，食材新鲜，聚会首选 | “ | 5 | ￥38.8 | ￥99.4 | 4折 | 【工作日全天】一盘. | 惠,ocr/input_videos\上海__上海荟聚中心__20260826.mp4
OBS-000259,上海荟聚中心,万牛和牛烧肉,万牛和牛烧肉,日本料理,4.7,312,商场内,rated,True,,rated,parsed,rating_anchor,0.9799,0.9991,52,2484,42.141,商场内 | 🌟🌟 | 4.7 | 日本料理￥312/人,万牛和牛烧肉 | 商场内 | 🌟🌟 | 4.7 | 日本料理￥312/人 | 全团正包助 | 静享和牛烧肉与沟羊 | 点评榜单 | 北新泾/淞虹路日式料理销量榜第2名 | 蔬菜新鲜，烤肉服务热情到位 | G | ￥58 | 惠 | 5.2折 | ￥113 | 【工作日午市】牛舌. | 惠 | ￥92 | 9.2折 | ￥100100元代金券,ocr/input_videos\上海__上海荟聚中心__20260826.mp4
OBS-000260,上海荟聚中心,LACOSTE,LACOSTE,服装,3.8,783,L1,rated,True,,rated,parsed,rating_anchor,0.978,0.9985,45,2484,42.141,🌟🌟🌟🌟🌟 | L1 | 3.8 | 服装￥783/人,LACOSTE | 🌟🌟🌟🌟🌟 | L1 | 3.8 | 服装￥783/人 | 面料和设计都很棒，包袋款式精致时尚 | 10:00营业,ocr/input_videos\上海__上海荟聚中心__20260826.mp4
OBS-000261,上海荟聚中心,荣先森·福建小馆,荣先森·福建小馆,福建菜,4.4,85,L3,rated,True,,rated,parsed,rating_anchor,0.976,0.9797,51,2484,42.141,L3 | 🌟🌟⭐⭐ | 4.4福建菜￥85/人 | ★,荣先森·福建小馆 | 翡翠二 | 胖级 | L3 | 🌟🌟⭐⭐ | 4.4福建菜￥85/人 | ★ | 点评榜单 | 上海福建菜销量榜第3名 | 上海荟聚荣先森福建菜，鲜美口感 | 欢 | “ | ￥266 | 【地道闽味】2选1.. | 惠 | ￥2228.4折 | 惠 | ￥989.8折 | ￥100100元代金券,ocr/input_videos\上海__上海荟聚中心__20260826.mp4
OBS-000262,上海荟聚中心,PICIIA,PICIIA,服饰鞋包,3.9,,L1,rated,True,,rated,parsed,rating_anchor,0.7541,0.5091,35,2556,43.363,L1 | 🌟🌟⭐🌟⭐ | 服饰鞋包 | 3.9,PICIIA | phenix | L1 | 🌟🌟⭐🌟⭐ | 服饰鞋包 | 3.9 | 风格独特高级，版型修饰身形 | 10:00营业,ocr/input_videos\上海__上海荟聚中心__20260826.mp4
OBS-000263,上海荟聚中心,山苗苗鲜牛肉小火锅,山苗苗鲜牛肉小火锅,小火锅,3.9,47,LG2,rated,True,,rated,parsed,rating_anchor,0.9644,0.9989,53,2556,43.363,LG2 | 🌟🌟🌟🌟⭐3.9 | 小火锅￥47/人,山苗苗鲜牛肉小火锅 | 山苗苗 | 鲜牛肉小火锅 | LG2 | 🌟🌟🌟🌟⭐3.9 | 小火锅￥47/人 | SHANME | 点评榜单 | 上海小火锅打卡人气榜第1名 | 口感鲜美，食材新鲜，聚会首选 | S | ￥38.8 | 4折 | ￥99.4 | 【工作日全天】一盘.. | 惠,ocr/input_videos\上海__上海荟聚中心__20260826.mp4
OBS-000264,上海荟聚中心,万牛和牛烧肉,万牛和牛烧肉,日本料理,4.7,312,商场内,rated,True,,rated,parsed,rating_anchor,0.9781,0.999,51,2556,43.363,🌟🌟⭐⭐🌟 | 商场内 | 4.7 | 日本料理￥312/人,万牛和牛烧肉 | 🌟🌟⭐⭐🌟 | 商场内 | 4.7 | 日本料理￥312/人 | 全团主包明 | 静享和牛烧肉与海羊 | 点评榜单 | 北新泾/淞虹路日式料理销量榜第2名 | 蔬菜新鲜，烤肉服务热情到位” | ￥58 | 5.2折 | ￥113 | 【工作日午市】牛舌. | 惠 | ￥92 | 9.2折 | 惠 | ￥100100元代金券,ocr/input_videos\上海__上海荟聚中心__20260826.mp4
OBS-000265,上海荟聚中心,LACOSTE,LACOSTE,服装,3.8,783,L1,rated,True,,rated,parsed,rating_anchor,0.9749,0.9988,45,2556,43.363,🌟🌟🎉🌟🌟 | L1 | 服装￥783/人 | 3.8,LACOSTE | 🌟🌟🎉🌟🌟 | L1 | 服装￥783/人 | 3.8 | 面料和设计都很棒，包袋款式精致时尚 | s | F | 10:00营业,ocr/input_videos\上海__上海荟聚中心__20260826.mp4
OBS-000266,上海荟聚中心,荣先森·福建小馆,荣先森·福建小馆,福建菜,4.4,85,L3,rated,True,,rated,parsed,rating_anchor,0.9805,0.9893,54,2556,43.363,🌟🌟⭐⭐ | L3 | 4.4福建菜￥85/人,荣先森·福建小馆 | 翡翠 | 胖级 | 🌟🌟⭐⭐ | L3 | 4.4福建菜￥85/人 | 点评榜单 | 上海福建菜销量榜第3名 | 上海荟聚荣先森福建菜，鲜美口感 | “ | 【地道闽味】2选1.. | ￥266 | 惠 | ￥222 | 8.4折 | ￥989.8折 | 惠 | ￥100100元代金券,ocr/input_videos\上海__上海荟聚中心__20260826.mp4
OBS-000267,上海荟聚中心,LACOSTE,LACOSTE,月,3.8,783,L1,rated,True,,rated,parsed,rating_anchor,0.9745,0.9992,44,2604,44.177,L1 | 🌟🌟🌟🌟🌟 | 服装￥783/人 | 3.8月,LACOSTE | L1 | 🌟🌟🌟🌟🌟 | 服装￥783/人 | 3.8月 | 面料和设计都很棒，包袋款式精致时尚 | “ | 10:00营业,ocr/input_videos\上海__上海荟聚中心__20260826.mp4
OBS-000268,上海荟聚中心,荣先森·福建小馆,荣先森·福建小馆,福建菜,4.4,85,L3,rated,True,,rated,parsed,rating_anchor,0.9725,0.9779,54,2604,44.177,🌟🌟🌟🌟 | L3 | 福建菜￥85/人 | 4.4,荣先森·福建小馆 | 翡翠 | 胖级 | 🌟🌟🌟🌟 | L3 | 福建菜￥85/人 | 4.4 | 点评榜单 | 上海福建菜销量榜第3名 | 上海荟聚荣先森福建菜，鲜美口感” | 必卖 | ￥266 | ￥222 | 惠 | 8.4折 | 【地道闽味】 | 2选1.... | ￥98 | ￥100100元代金券 | 9.8折 | 惠,ocr/input_videos\上海__上海荟聚中心__20260826.mp4
OBS-000269,上海荟聚中心,川粵海棠,川粤海棠,川菜馆,4.7,198,L4,rated,True,,rated,parsed,rating_anchor,0.9646,0.9946,56,2604,44.177,4.7川菜馆￥198/人 | L4,川粵海棠 | 川粤海棠 | 4.7川菜馆￥198/人 | L4 | 荣获米其林指南 | 入选餐厅 | 点评榜单 | 北新泾/淞虹路川菜热门榜第1名 | ￥183.8折 | ￥48 | 惠 | 【夏日限定】芭乐香柠.. | ￥88 | 惠 | 8.8折 | ￥100 | 【超值优惠】100元...,ocr/input_videos\上海__上海荟聚中心__20260826.mp4
OBS-000270,上海荟聚中心,JMGO坚果投影,JMGO坚果投影,数码产品,3.9,7759,L3,rated,True,,rated,parsed,rating_anchor,0.9844,0.9974,47,2604,44.177,🌟🌟🌟🌟🌟 | L3 | 数码产品￥7759/人 | 3.9,JMGO坚果投影 | JMGO坚果投影 | 🌟🌟🌟🌟🌟 | L3 | 数码产品￥7759/人 | 3.9 | 10:00营业,ocr/input_videos\上海__上海荟聚中心__20260826.mp4
OBS-000271,上海荟聚中心,湘辣辣鲜炒黃牛肉,湘辣辣鲜炒黄牛肉,湘菜,4.7,81,LG1,rated,True,,rated,parsed,rating_anchor,0.9364,0.9122,51,2604,44.177,4.7湘菜￥81/人 | LG1 | ⭐🌟🌟⭐🌟,湘辣辣鲜炒黃牛肉 | 4.7湘菜￥81/人 | LG1 | ⭐🌟🌟⭐🌟 | 点评榜单 | 长宁区湘菜好评榜第1名 | 湘辣辣 | 日 | 10:00营业 | 不满意可随时反馈” | 止 | 服务态度好，,ocr/input_videos\上海__上海荟聚中心__20260826.mp4
OBS-000272,上海荟聚中心,川粵海棠,川粤海棠,川菜馆,4.7,198,L4,rated,True,,rated,parsed,rating_anchor,0.9661,0.9917,53,2724,46.213,L4 | 4.7川菜馆￥198/人,川粵海棠 | 川粤海棠 | L4 | 4.7川菜馆￥198/人 | 荣获米其林指南 | 入选餐厅 | 点评榜单 | 北新泾/淞虹路川菜热门榜第1名 | ￥183.8折 | ￥48 | 惠 | 芭乐香柠.. | 【夏日限定】 | ￥100 | ￥88 | 【超值优惠】100元... | 8.8折 | 惠,ocr/input_videos\上海__上海荟聚中心__20260826.mp4
OBS-000273,上海荟聚中心,JMGO坚果投影,JMGO坚果投影,数码产品,3.9,7759,L3,rated,True,,rated,parsed,rating_anchor,0.983,0.9984,48,2724,46.213,🌟🌟🌟🌟🌟 | L3 | 3.9 | 数码产品￥7759/人,JMGO坚果投影 | JMGO坚果投影 | 🌟🌟🌟🌟🌟 | L3 | 3.9 | 数码产品￥7759/人 | 10:00营业,ocr/input_videos\上海__上海荟聚中心__20260826.mp4
OBS-000274,上海荟聚中心,湘辣辣鮮炒黃牛肉,湘辣辣鲜炒黄牛肉,湘菜,4.7,81,LG1,rated,True,,rated,parsed,rating_anchor,0.892,0.8922,54,2724,46.213,LG1 | 🌈4.7湘菜￥81/人,湘辣辣鮮炒黃牛肉 | LG1 | 🌈4.7湘菜￥81/人 | 点评榜单 | 长宁区湘菜好评榜第1名 | 湖辣辣 | 10:00营业 | 服务态度好，不满意可随时反馈 | S | J | 6.7折 | ￥30 | ￥19.9 | 惠 | 【暑期爆品】牛肉C.... | ￥989.8折 | ￥100 | 【前台掃碼优惠】10... | 惠,ocr/input_videos\上海__上海荟聚中心__20260826.mp4
OBS-000275,上海荟聚中心,泰息・泰国船面·创意泰料bistro,泰息·泰国船面·创意泰料bistro,泰国菜,4.4,65,LG1,rated,True,,rated,parsed,rating_anchor,0.9628,0.9559,56,2724,46.213,LG1 | 🌟🌟🌟🌟 | 4.4泰国菜￥65/人 | ★,泰息・泰国船面·创意泰料bistro | d | LG1 | 🌟🌟🌟🌟 | 4.4泰国菜￥65/人 | ★ | 泰息 | 点评榜单 | 长宁区东南亚菜回头客榜第1名 | 10:30营业 | 船面越吃越上头，泰国菜新宠 | “ | ￥42.87.7折 | 惠 | 工作日. | ￥56 | 【一隅泰味】 | ￥989.8折 | ￥100 | 惠 | 【结账必用】100元...,ocr/input_videos\上海__上海荟聚中心__20260826.mp4
OBS-000276,上海荟聚中心,IT'S SEEME,IT'SSEEME,服饰鞋包,3.5,,L2,rated,True,,rated,parsed,rating_anchor,0.9921,0.9848,50,2724,46.213,⭐🌟🌟🌟 | L2 | 服饰鞋包 | 3.5,IT'S SEEME | IT'S SEEME | ⭐🌟🌟🌟 | L2 | 服饰鞋包 | 3.5,ocr/input_videos\上海__上海荟聚中心__20260826.mp4
OBS-000277,上海荟聚中心,JMGO坚果投影,JMGO坚果投影,数码产品,3.9,7759,L3,rated,True,,rated,parsed,rating_anchor,0.9863,0.9985,51,2796,47.434,🌟🌟🌟3.9 | L3 | 数码产品￥7759/人,JMGO坚果投影 | JMGO坚果投影 | 🌟🌟🌟3.9 | L3 | 数码产品￥7759/人 | 10:00营业,ocr/input_videos\上海__上海荟聚中心__20260826.mp4
OBS-000278,上海荟聚中心,湘辣辣鲜炒黃牛肉,湘辣辣鲜炒黄牛肉,湘菜,4.7,81,LG1,rated,True,,rated,parsed,rating_anchor,0.9212,0.9034,54,2796,47.434,LG1 | 🌟🌟🎉🎉🌟4.7 | 湘菜￥81/人,湘辣辣鲜炒黃牛肉 | LG1 | 🌟🌟🎉🎉🌟4.7 | 湘菜￥81/人 | 点评榜单 | 长宁区湘菜好评榜第1名 | 湘納純 | 10:00营业 | 服务态度好，不满意可随时反馈 | ￥30 | 6.7折 | 牛肉C... | ￥19.9 | 惠 | 【暑期爆品】 | ￥989.8折 | ￥100 | 【前台掃碼优惠】10... | 惠,ocr/input_videos\上海__上海荟聚中心__20260826.mp4
OBS-000279,上海荟聚中心,泰息・泰国船面·创意泰料bistro,泰息·泰国船面·创意泰料bistro,泰国菜,4.4,65,LG1,rated,True,,rated,parsed,rating_anchor,0.9699,0.9702,58,2796,47.434,🌟🌟⭐🌟 | LG1 | 4.4泰国菜￥65/人 | ★,泰息・泰国船面·创意泰料bistro | d | 🌟🌟⭐🌟 | LG1 | 4.4泰国菜￥65/人 | ★ | 泰息 | 点评榜单 | 长宁区东南亚菜回头客榜第1名 | 10:30营业 | 船面越吃越上头，泰国菜新宠 | ““ | ￥42.87.7折 | ￥56 | 惠 | 工作日.. | 【一隅泰味】 | ￥989.8折 | ￥100 | 【结账必用】100元... | 惠,ocr/input_videos\上海__上海荟聚中心__20260826.mp4
OBS-000280,上海荟聚中心,IT'S SEEME,IT'SSEEME,服饰鞋包,3.5,,L2,rated,True,,rated,parsed,rating_anchor,0.9368,0.9852,54,2796,47.434,⭐⭐⭐3.5服饰鞋包 | L2,IT'S SEEME | IT'S SEEME | ⭐⭐⭐3.5服饰鞋包 | L2 | 10:00营业,ocr/input_videos\上海__上海荟聚中心__20260826.mp4
OBS-000281,上海荟聚中心,JMGO坚果投影,JMGO坚果投影,数码产品,3.9,7759,L3,rated,True,,rated,parsed,rating_anchor,0.9873,0.9986,51,2832,48.045,🌟🌟⭐🌟🌟3.9 | L3 | 数码产品￥7759/人,JMGO坚果投影 | JMGO坚果投影 | 🌟🌟⭐🌟🌟3.9 | L3 | 数码产品￥7759/人 | 10:00营业,ocr/input_videos\上海__上海荟聚中心__20260826.mp4
OBS-000282,上海荟聚中心,湘辣辣鲜炒黄牛肉,湘辣辣鲜炒黄牛肉,湘菜,4.7,81,LG1,rated,True,,rated,parsed,rating_anchor,0.9304,0.922,53,2832,48.045,LG1 | 🌟🌟⭐🎉🌟4.7 | 湘菜￥81/人,湘辣辣鲜炒黄牛肉 | LG1 | 🌟🌟⭐🎉🌟4.7 | 湘菜￥81/人 | 点评榜单 | 长宁区湘菜好评榜第1名 | 湖辣純 | 10:00营业 | 服务态度好，不满意可随时反馈 | ￥30 | 6.7折 | ￥19.9 | 牛肉C.... | 【暑期爆品】 | 惠 | ￥100 | 惠 | ￥989.8折 | 【前台掃碼优惠】10...,ocr/input_videos\上海__上海荟聚中心__20260826.mp4
OBS-000283,上海荟聚中心,泰息・泰国船面·创意泰料bistro,泰息·泰国船面·创意泰料bistro,泰国菜,4.4,65,LG1,rated,True,,rated,parsed,rating_anchor,0.9614,0.9537,55,2832,48.045,LG1 | 🌟🌟⭐⭐ | 4.4泰国菜￥65/人 | ★,泰息・泰国船面·创意泰料bistro | de | LG1 | 🌟🌟⭐⭐ | 4.4泰国菜￥65/人 | ★ | 泰息 | 点评榜单 | 长宁区东南亚菜回头客榜第1名 | 1 | 10:30营业 | 船面越吃越上头，泰国菜新宠 | C | ￥42.87.7折 | ￥56 | 惠 | 工作日…. | 【一隅泰味】 | ￥989.8折 | ￥100 | 【结账必用】100元.. | 惠,ocr/input_videos\上海__上海荟聚中心__20260826.mp4
OBS-000284,上海荟聚中心,IT'S SEEME,IT'SSEEME,服饰鞋包,3.5,,L2,rated,True,,rated,parsed,rating_anchor,0.9795,0.9617,48,2832,48.045,L2 | 🌟🌟🌟⭐⭐ | 3.5服饰鞋包,IT'S SEEME | IT'S SEEME | L2 | 🌟🌟🌟⭐⭐ | 3.5服饰鞋包 | 10:00营业 | 山石榴·贵州菜 | 发的,ocr/input_videos\上海__上海荟聚中心__20260826.mp4
OBS-000285,上海荟聚中心,泰息·泰国船面·创意泰料bistro,泰息·泰国船面·创意泰料bistro,泰国菜,4.4,65,LG1,rated,True,,rated,parsed,rating_anchor,0.9488,0.9368,54,2892,49.063,LG1 | ⭐🌟🌟⭐ | 4.4泰国菜￥65/人 | ★,泰息·泰国船面·创意泰料bistro | d | LG1 | ⭐🌟🌟⭐ | 4.4泰国菜￥65/人 | ★ | 泰息 | 点评榜单 | 长宁区东南亚菜回头客榜第1名 | 01e | 10:30营业 | 船面越吃越上头，泰国菜新宠 | ￥42.87.7折 | 惠 | ￥56 | 【一隅泰味】 | 工作日. | ￥989.8折 | ￥100 | 惠 | 【结账必用】100元..,ocr/input_videos\上海__上海荟聚中心__20260826.mp4
OBS-000286,上海荟聚中心,IT'S SEEME,IT'SSEEME,服饰鞋包,3.5,,L2,rated,True,,rated,parsed,rating_anchor,0.9916,0.9837,45,2892,49.063,L2 | 🌟🌟⭐🌟🌟 | 3.5 | 服饰鞋包,IT'S SEEME | IT'S SEEME | L2 | 🌟🌟⭐🌟🌟 | 3.5 | 服饰鞋包 | 10:00营业,ocr/input_videos\上海__上海荟聚中心__20260826.mp4
OBS-000287,上海荟聚中心,山石榴·贵州菜,山石榴·贵州菜,贵州菜黔菜,4.7,114,L3,rated,True,,rated,parsed,rating_anchor,0.964,0.9689,52,2892,49.063,🌟🌟🌟⭐🌟 | L3 | 4.7 | 贵州菜黔菜￥114/人,山石榴·贵州菜 | 🌟🌟🌟⭐🌟 | L3 | 4.7 | 贵州菜黔菜￥114/人 | 点评榜单 | 北新泾/淞虹路美食打卡人气榜第6名 | 10:30营业 | 精致菜品，环境优雅 | ￥9.9 | 5.9折 | 惠 | ￥17雷家豆腐圆子,ocr/input_videos\上海__上海荟聚中心__20260826.mp4
OBS-000288,上海荟聚中心,迷迭巷·致味新疆,迷迭巷·致味新疆,新疆菜,4.4,92,L4,rated,True,,rated,parsed,rating_anchor,0.9651,0.9734,48,2892,49.063,🌟🌟⭐🌟 | 新疆菜￥92/人 | L4 | 4.4,迷迭巷·致味新疆 | 疆味 | 🌟🌟⭐🌟 | 2R2 | 新疆菜￥92/人 | L4 | 4.4 | C2LE | 导鲜季 | 点评榜单 | 长宁区新疆菜销量榜第3名 | 10:00营业 | 服务棒棒哒，菜品入味，环境干净 | 3 | ￥10.54.1折 | 惠 | ￥26特色牛奶饭冰淇淋 | 惠 | ￥94.59.5折 | ￥100100元代金券,ocr/input_videos\上海__上海荟聚中心__20260826.mp4
OBS-000289,上海荟聚中心,泰息・泰国船面·创意泰料bistro,泰息·泰国船面·创意泰料bistro,泰国菜,4.4,65,LG1,rated,True,,rated,parsed,rating_anchor,0.9553,0.9497,55,2916,49.47,🌟🌟🌟🌟 | LG1 | 4.4泰国菜￥65/人 | ★,泰息・泰国船面·创意泰料bistro | d | 🌟🌟🌟🌟 | LG1 | 4.4泰国菜￥65/人 | ★ | 泰息 | 点评榜单 | 长宁区东南亚菜回头客榜第1名 | 10:30营业 | 船面越吃越上头，泰国菜新宠 | 力 | 7.7折 | ￥42.8 | ￥56 | 惠 | 【一隅泰味】 | 工作日... | ￥989.8折 | ￥100 | 惠 | 【结账必用】100元.,ocr/input_videos\上海__上海荟聚中心__20260826.mp4
OBS-000290,上海荟聚中心,IT'S SEEME,IT'SSEEME,月,3.5,,L2,rated,True,,rated,parsed,rating_anchor,0.9717,0.9628,48,2916,49.47,🌟🌟⭐🌟🌟 | L2 | 3.5月 | 服饰鞋包,IT'S SEEME | IT'S SEEME | 🌟🌟⭐🌟🌟 | L2 | 3.5月 | 服饰鞋包 | 10:00营业,ocr/input_videos\上海__上海荟聚中心__20260826.mp4
OBS-000291,上海荟聚中心,山石榴·贵州菜,山石榴·贵州菜,贵州菜黔菜,4.7,114,L3,rated,True,,rated,parsed,rating_anchor,0.9518,0.9382,51,2916,49.47,⭐🌟🎉4.7 | L3 | 贵州菜黔菜￥114/人,山石榴·贵州菜 | 的 | ⭐🌟🎉4.7 | L3 | 贵州菜黔菜￥114/人 | 点评榜单 | 北新泾/淞虹路美食打卡人气榜第6名 | 10:30营业 | 精致菜品，环境优雅 | C | ￥9.9 | 5.9折 | 惠 | ￥17雷家豆腐圆子,ocr/input_videos\上海__上海荟聚中心__20260826.mp4
OBS-000292,上海荟聚中心,迷迭巷·致味新疆,迷迭巷·致味新疆,新疆菜,4.4,92,L4,rated,True,,rated,parsed,rating_anchor,0.9755,0.9765,51,2916,49.47,🌟🌟⭐⭐ | L4 | 4.4新疆菜￥92/人 | ★,迷迭巷·致味新疆 | 疆味 | 🌟🌟⭐⭐ | L4 | BLH2 | 4.4新疆菜￥92/人 | ★ | 202L2 | 写鲜季 | 点评榜单 | 长宁区新疆菜销量榜第3名 | 10:00营业 | 服务棒棒哒，菜品入味，环境干净 | 4.1折 | 惠 | ￥10.5| | ￥26特色Ⅱ牛奶饭冰淇淋 | 惠 | ￥94.5| | 9.5折 | ￥100100元代金券,ocr/input_videos\上海__上海荟聚中心__20260826.mp4
OBS-000293,上海荟聚中心,IT'S SEEME,IT'SSEEME,服饰鞋包,3.5,,L2,rated,True,,rated,parsed,rating_anchor,0.9939,0.9888,45,3024,51.302,⭐🌟🌟🌟🌟 | L2 | 服饰鞋包 | 3.5,IT'S SEEME | IT'S SEEME | ⭐🌟🌟🌟🌟 | L2 | 服饰鞋包 | 3.5 | 10:00营业,ocr/input_videos\上海__上海荟聚中心__20260826.mp4
OBS-000294,上海荟聚中心,山石榴·贵州菜,山石榴·贵州菜,贵州菜黔菜,4.7,114,L3,rated,True,,rated,parsed,rating_anchor,0.9657,0.968,51,3024,51.302,🌟🌟⭐🌟🌟 | L3 | 贵州菜黔菜￥114/人 | 4.7,山石榴·贵州菜 | 的 | 🌟🌟⭐🌟🌟 | L3 | 贵州菜黔菜￥114/人 | 4.7 | 点评榜单 | 北新泾/淞虹路美食打卡人气榜第6名 | 10:30营业 | 精致菜品，环境优雅 | 5.9折 | ￥9.9 | 惠 | ￥17 | 雷家豆腐圆子,ocr/input_videos\上海__上海荟聚中心__20260826.mp4
OBS-000295,上海荟聚中心,迷迭巷·致味新疆,迷迭巷·致味新疆,新疆菜,4.4,92,L4,rated,True,,rated,parsed,rating_anchor,0.9675,0.9726,47,3024,51.302,⭐🌟⭐⭐ | 新疆菜￥92/人 | L4 | 4.4,迷迭巷·致味新疆 | 疆味 | ⭐🌟⭐⭐ | 新疆菜￥92/人 | L4 | CHMHG | 4.4 | CI2LE | 导鲜季 | 点评榜单 | 长宁区新疆菜销量榜第3名 | 10:00营业 | 服务棒棒哒，菜品入味，环境干净” | ≤ | ￥10.5 | 4.1折 | 惠 | ￥26 | 特色牛奶饭冰淇淋 | ￥100100元代金券 | ￥94.5 | 9.5折 | 惠,ocr/input_videos\上海__上海荟聚中心__20260826.mp4
OBS-000296,上海荟聚中心,斯凯奇,斯凯奇,鞋靴,3.7,689,LG1,rated,True,,rated,parsed,rating_anchor,0.9621,0.9824,58,3024,51.302,LG1 | 🌟🌟🌟🌟🌟 | 3.7 | 鞋靴￥689/人,斯凯奇 | LG1 | 🌟🌟🌟🌟🌟 | 3.7 | 鞋靴￥689/人 | SKECHERS | 舒适透气，活动特别划算” | 10:00营业,ocr/input_videos\上海__上海荟聚中心__20260826.mp4
OBS-000297,上海荟聚中心,关东小磨东北菜,关东小磨东北菜,东北菜,4.5,79,L2,rated,True,,rated,parsed,rating_anchor,0.9989,0.9994,51,3024,51.302,L2 | 🌟🌟🌟🌟 | 东北菜 | ￥79/人 | 4.5,关东小磨东北菜 | 关东小容 | 厚皮 | 海肠捞饭 | L2 | 🌟🌟🌟🌟 | 东北菜 | ￥79/人 | 4.5 | 比油高容活 | 点评榜单 | 长宁区东北菜热门榜第1名 | 口味地道，环境好服务优 | “ | ￥987.2折 | ￥138经典下饭菜精选套餐... | 惠,ocr/input_videos\上海__上海荟聚中心__20260826.mp4
OBS-000298,上海荟聚中心,IT'S SEEME,IT'SSEEME,服饰鞋包,3.5,,L2,rated,True,,rated,parsed,rating_anchor,0.994,0.9886,45,3072,52.117,L2 | 🌟🌟🌟🌟🌟 | 3.5 | 服饰鞋包,IT'S SEEME | IT'S SEEME | L2 | 🌟🌟🌟🌟🌟 | 3.5 | 服饰鞋包 | 10:00营业,ocr/input_videos\上海__上海荟聚中心__20260826.mp4
OBS-000299,上海荟聚中心,山石榴·贵州菜,山石榴·贵州菜,贵州菜黔菜,4.7,114,L3,rated,True,,rated,parsed,rating_anchor,0.955,0.9441,51,3072,52.117,🌟🌟🌟🌟🌟 | L3 | 贵州菜黔菜￥114/人 | 4.7,山石榴·贵州菜 | 的 | 🌟🌟🌟🌟🌟 | L3 | 贵州菜黔菜￥114/人 | 4.7 | 点评镑单 | 北新泾/淞虹路美食打卡人气榜第6名 | 10:30营业 | 精致菜品，环境优雅 | ￥9.9 | 5.9折 | 惠 | ￥17雷家豆腐圆子,ocr/input_videos\上海__上海荟聚中心__20260826.mp4
OBS-000300,上海荟聚中心,迷迭巷·致味新疆,迷迭巷·致味新疆,新疆菜,4.4,92,L4,rated,True,,rated,parsed,rating_anchor,0.9468,0.9424,47,3072,52.117,L4 | 🌟🌟⭐🌟 | 新疆菜￥92/人 | 4.4,迷迭巷·致味新疆 | 疆味 | 3101302 | L4 | 🌟🌟⭐🌟 | 新疆菜￥92/人 | 4.4 | 2001 | 导鲜季 | 点评榜单 | 长宁区新疆菜销量榜第3名 | 10:00营业 | 服务棒棒哒，菜品入味，环境干净 | ￥10.5 | 4.1折 | 惠 | 特色Ⅱ牛奶饭冰淇淋 | ￥26 | ￥94.5 | 惠 | 9.5折 | ￥100100元代金券,ocr/input_videos\上海__上海荟聚中心__20260826.mp4
OBS-000301,上海荟聚中心,斯凯奇,斯凯奇,鞋靴,3.7,689,LG1,rated,True,,rated,parsed,rating_anchor,0.9507,0.9669,57,3072,52.117,LG1 | 🌟🌟⭐🌟🌟 | 鞋靴￥689/人 | 3.7,斯凯奇 | LG1 | 🌟🌟⭐🌟🌟 | 鞋靴￥689/人 | 3.7 | SKLCHERS | 舒适透气， | 活动特别划算 | 10:00营业,ocr/input_videos\上海__上海荟聚中心__20260826.mp4
OBS-000302,上海荟聚中心,关东小磨东北菜,关东小磨东北菜,东北菜,4.5,79,L2,rated,True,,rated,parsed,rating_anchor,0.9835,0.9992,51,3072,52.117,L2 | 🌟🌟🌟⭐🌟 | 东北菜￥79/人 | 4.5,关东小磨东北菜 | 关东小真 | 厚皮 | N王 | 海肠捞饭 | L2 | 🌟🌟🌟⭐🌟 | 东北菜￥79/人 | 4.5 | 优鸡局皮活惠 | 点评榜单 | 长宁区东北菜热门榜第1名 | 口味地道，环境好服务优 | “ | ￥987.2折 | 惠 | ￥138经典下饭菜精选套餐...,ocr/input_videos\上海__上海荟聚中心__20260826.mp4
OBS-000303,上海荟聚中心,迷迭巷·致味新疆,迷迭巷·致味新疆,新疆菜,4.4,92,L4,rated,True,,rated,parsed,rating_anchor,0.9558,0.9635,51,3096,52.524,🌟🌟🌟🌟 | L4 | 新疆菜￥92/人 | 4.4,迷迭巷·致味新疆 | 疆味 | ISIRU | 🌟🌟🌟🌟 | L4 | 新疆菜￥92/人 | 4.4 | 导鲜季 | 点评榜单 | 长宁区新疆菜销量榜第3名 | 10:00营业 | 服务棒棒哒，菜品入味，环境干净 | 4.1折 | ￥10.5 | ￥26特色Ⅱ牛奶饭冰淇淋 | 惠 | 惠 | ￥94.5 | 9.5折 | ￥100100元代金券,ocr/input_videos\上海__上海荟聚中心__20260826.mp4
OBS-000304,上海荟聚中心,斯凯奇,斯凯奇,鞋靴,3.7,689,LG1,rated,True,,rated,parsed,rating_anchor,0.9556,0.9808,57,3096,52.524,LG1 | 🌟🌟⭐🌟 | 3.7 | 鞋靴￥689/人,斯凯奇 | LG1 | 🌟🌟⭐🌟 | 3.7 | 鞋靴￥689/人 | SKECIERS | 舒适透气，活动特别划算 | 10:00营业,ocr/input_videos\上海__上海荟聚中心__20260826.mp4
OBS-000305,上海荟聚中心,关东小磨东北菜,关东小磨东北菜,东北菜,4.5,79,L2,rated,True,,rated,parsed,rating_anchor,0.972,0.9947,51,3096,52.524,L2 | 东北菜￥79/人 | ★🌟🌟★ | 4.5,关东小磨东北菜 | 美东小身 | 厚皮 | 海肠捞饭 | L2 | 东北菜￥79/人 | ★🌟🌟★ | 4.5 | 试活局房活 | 点评榜单 | 长宁区东北菜热门榜第1名 | 口味地道，环境好服务优 | ￥98 | 7.2折 | 惠 | ￥138经典下饭菜精选套餐...,ocr/input_videos\上海__上海荟聚中心__20260826.mp4
OBS-000306,上海荟聚中心,廖川菜,廖川菜,川菜馆,4.4,75,LG2,rated,True,,rated,parsed,rating_anchor,0.9811,0.9997,55,3096,52.524,LG2 | 🌟🌟⭐⭐ | 4.4川菜馆￥75/人,廖川菜 | 廖菜 | LG2 | 🌟🌟⭐⭐ | 4.4川菜馆￥75/人 | QINMINJIA | 国 | 点评榜单 | 北新泾/淞虹路川菜销量榜第1名 | ZHENCHUNCAI | 直菜亲民价 | 正宗川菜，牛肉下饭香，环境优美 | “ | 惠 | ￥9.66折 | ￥16 | 【川味经典】麻婆豆腐 | ￥5050元代全卷 | 中 | 0.8折,ocr/input_videos\上海__上海荟聚中心__20260826.mp4
OBS-000307,上海荟聚中心,迷迭巷·致味新疆,迷迭巷·致味新疆,新疆菜,4.4,92,L4,rated,True,,rated,parsed,rating_anchor,0.964,0.9702,51,3132,53.134,L4 | 新疆菜￥92/人 | ★🌟🌟🌟 | 4.4,迷迭巷·致味新疆 | 疆味 | L4 | 新疆菜￥92/人 | 870L102 | ★🌟🌟🌟 | 4.4 | 21316 | 导鲜季 | 点评榜单 | 长宁区新疆菜销量榜第3名 | 10:00营业 | 服务棒棒哒，菜品入味，环境干净 | ￥10.5 | ￥26 | 4.1折 | 惠 | 特色Ⅱ牛奶饭冰淇淋 | ￥94.5 | 惠 | 9.5折 | ￥100100元代金券,ocr/input_videos\上海__上海荟聚中心__20260826.mp4
OBS-000308,上海荟聚中心,斯凯奇,斯凯奇,鞋靴,3.7,689,LG1,rated,True,,rated,parsed,rating_anchor,0.9617,0.9861,61,3132,53.134,LG1 | 🌟🌟⭐🌟🌟 | 3.7 | 鞋靴￥689/人,斯凯奇 | LG1 | 🌟🌟⭐🌟🌟 | 3.7 | 鞋靴￥689/人 | SKELHERS | 舒适透气，活动特别划算 | 10:00营业,ocr/input_videos\上海__上海荟聚中心__20260826.mp4
OBS-000309,上海荟聚中心,关东小磨东北菜,关东小磨东北菜,东北菜,4.5,79,L2,rated,True,,rated,parsed,rating_anchor,0.9838,0.9996,52,3132,53.134,L2 | 🌟🌟⭐🌟 | 东北菜￥79/人 | 4.5,关东小磨东北菜 | 天东小育 | 厚皮 | 海肠捞饭 | L2 | 🌟🌟⭐🌟 | 东北菜￥79/人 | 4.5 | 武斯活 | 点评榜单 | 长宁区东北菜热门榜第1名 | 口味地道，环境好服务优 | ￥987.2折 | 惠 | ￥138经典下饭菜精选套餐..,ocr/input_videos\上海__上海荟聚中心__20260826.mp4
OBS-000310,上海荟聚中心,廖川菜,廖川菜,川菜馆,4.4,75,LG2,rated,True,,rated,parsed,rating_anchor,0.9785,0.9999,61,3132,53.134,🌟🌟⭐⭐ | LG2 | 4.4川菜馆￥75/人,廖川菜 | 廖川菜 | 🌟🌟⭐⭐ | LG2 | 4.4川菜馆￥75/人 | QINMINJIA | 国 | 点评榜单 | 北新泾/淞虹路川菜销量榜第1名 | ZHENCHUANCAI | 真川民价 | 正宗川菜，牛肉下饭香，环境优美 | ￥9.66折 | 惠 | ￥16 | 【川味经典】麻婆豆腐 | ￥48.89.8折 | ￥5050元代金券 | 惠,ocr/input_videos\上海__上海荟聚中心__20260826.mp4
OBS-000311,上海荟聚中心,关东小磨东北菜,关东小磨东北菜,东北菜,4.5,79,L2,rated,True,,rated,parsed,rating_anchor,0.9993,0.9992,52,3240,54.967,L2 | 🌟🌟🌟⭐🌟 | 东北菜 | ￥79/人 | 4.5,关东小磨东北菜 | 天乐小 | 厚皮 | JP | 海肠捞饭 | L2 | 🌟🌟🌟⭐🌟 | 东北菜 | ￥79/人 | 4.5 | 武玛阿改活 | 点评榜单 | 长宁区东北菜热门榜第1名 | ≤ | 口味地道，环境好服务优 | ￥987.2折 | ￥138经典下饭菜精选套餐... | 惠,ocr/input_videos\上海__上海荟聚中心__20260826.mp4
OBS-000312,上海荟聚中心,廖川菜,廖川菜,川菜馆,4.4,75,LG2,rated,True,,rated,parsed,rating_anchor,0.9818,0.9999,58,3240,54.967,★🌟★★ | LG2 | 4.4川菜馆￥75/人,廖川菜 | 廖菜 | ★🌟★★ | LG2 | 4.4川菜馆￥75/人 | QINMINJIA | 阁 | 点评榜单 | 北新泾/淞虹路川菜销量榜第1名 | ZHENCHUANCAI | 真用菜亲民价 | 正宗川菜，牛肉下饭香，环境优美 | “ | ￥16 | ￥9.6 | 6折 | 惠 | 【川味经典】 | 麻婆豆腐 | 9.8折 | ￥48.8 | ￥50 | 惠 | 50元代金券,ocr/input_videos\上海__上海荟聚中心__20260826.mp4
OBS-000313,上海荟聚中心,FILA,FILA,鞋靴,4.0,962,LG1,rated,True,,rated,parsed,rating_anchor,0.9755,0.9955,51,3240,54.967,LG1 | 🌟🌟🌟🌟🌟 | 4.0鞋靴￥962/人,FILA | LG1 | 🌟🌟🌟🌟🌟 | 4.0鞋靴￥962/人 | 10:00营业,ocr/input_videos\上海__上海荟聚中心__20260826.mp4
OBS-000314,上海荟聚中心,阿元来了,阿元来了,台湾菜,3.8,39,LG2,rated,True,,rated,parsed,rating_anchor,0.9816,0.9997,52,3240,54.967,LG2 | 🌟🌟🌟🌟⭐ | 台湾菜￥39/人 | 3.8,阿元来了 | 阿元乘学 | 蝉联六年米其林 | LG2 | 🌟🌟🌟🌟⭐ | 台湾菜￥39/人 | 3.8 | 点评榜单 | 长宁区台湾菜打卡人气榜第1名 | 10:00营业 | ￥9.9 | 6.6折 | 惠 | ￥15古早味茉莉珍珠奶茶 | ￥489.6折 | 惠 | ￥5050元代金券,ocr/input_videos\上海__上海荟聚中心__20260826.mp4
OBS-000315,上海荟聚中心,关东小磨东北菜,关东小磨东北菜,东北菜,4.5,79,L2,rated,True,,rated,parsed,rating_anchor,0.999,0.9994,54,3264,55.374,🌟🌟⭐🌟 | L2 | 东北菜 | ￥79/人 | 4.5,关东小磨东北菜 | 关东小 | 厚皮 | 海肠捞饭 | 🌟🌟⭐🌟 | L2 | 东北菜 | ￥79/人 | 4.5 | 比武高房活 | 点评榜单 | 长宁区东北菜热门榜第1名 | 口味地道，环境好服务优 | “ | ￥98 | 7.2折 | ￥138经典下饭菜精选套餐... | 惠,ocr/input_videos\上海__上海荟聚中心__20260826.mp4
OBS-000316,上海荟聚中心,廖川菜,廖川菜,川菜馆,4.4,75,LG2,rated,True,,rated,parsed,rating_anchor,0.9841,0.9999,61,3264,55.374,🌟🌟⭐🎉 | LG2 | 4.4川菜馆￥75/人 | ★,廖川菜 | 廖菜 | 🌟🌟⭐🎉 | LG2 | 4.4川菜馆￥75/人 | ★ | 阳 | QINMNUIA | 点评榜单 | 北新泾/淞虹路川菜销量榜第1名 | ZHENCHUANCAI | 真川民价 | 正宗川菜，牛肉下饭香，环境优美 | 6折 | ￥16 | ￥9.6 | 惠 | 【川味经典】麻婆豆腐 | 惠 | ￥48.8 | 9.8折 | ￥5050元代金券,ocr/input_videos\上海__上海荟聚中心__20260826.mp4
OBS-000317,上海荟聚中心,FILA,FILA,鞋靴,4.0,962,LG1,rated,True,,rated,parsed,rating_anchor,0.9325,0.914,55,3264,55.374,LG1 | 🌟🌟🌟🌟 | 鞋靴￥962/人 | 4.0 | ★,FILA | LG1 | 🌟🌟🌟🌟 | 鞋靴￥962/人 | 4.0 | ★ | 10:00营业,ocr/input_videos\上海__上海荟聚中心__20260826.mp4
OBS-000318,上海荟聚中心,阿元来了,阿元来了,台湾菜,3.8,39,LG2,rated,True,,rated,parsed,rating_anchor,0.9775,0.9997,52,3264,55.374,LG2 | 台湾菜￥39/人 | ★🌟★★★ | 3.8,阿元来了 | 阿元秉了 | 蝉联六年米其林 | LG2 | 台湾菜￥39/人 | ★🌟★★★ | 3.8 | 点评榜单 | 长宁区台湾菜打卡人气榜第1名 | 10:00营业 | ￥9.9 | 6.6折 | 惠 | 古早味茉莉珍珠奶茶 | ￥15 | ￥48 | 9.6折 | ￥5050元代金券 | 惠,ocr/input_videos\上海__上海荟聚中心__20260826.mp4
OBS-000319,上海荟聚中心,关东小磨东北菜,关东小磨东北菜,东北菜,4.5,79,L2,rated,True,,rated,parsed,rating_anchor,0.9799,0.9998,52,3312,56.188,L2 | 🌟🌟🌟🌟🌟 | 东北菜￥79/人 | 4.5,关东小磨东北菜 | 天东小售 | 厚皮 | 海肠捞饭 | L2 | 🌟🌟🌟🌟🌟 | 东北菜￥79/人 | 4.5 | 低好将政活 | 点评榜单 | 长宁区东北菜热门榜第1名 | 口味地道，环境好服务优 | ≤ | ￥987.2折 | ￥138经典下饭菜精选套餐... | 惠,ocr/input_videos\上海__上海荟聚中心__20260826.mp4
OBS-000320,上海荟聚中心,廖川菜,廖川菜,川菜馆,4.4,75,LG2,rated,True,,rated,parsed,rating_anchor,0.9821,0.9999,58,3312,56.188,LG2 | 🌟🌟🌟🌟 | 4.4川菜馆￥75/人,廖川菜 | 廖菜 | LG2 | 🌟🌟🌟🌟 | 4.4川菜馆￥75/人 | QINMINUIA | 阁 | 点评榜单 | 北新泾/淞虹路川菜销量榜第1名 | ZHENCHUANCAI | 直用菜亲民价 | 正宗川菜，牛肉下饭香，环境优美 | ￥9.6 | ￥16 | 6折 | 惠 | 麻婆豆腐 | 【川味经典】 | ￥48.89.8折 | 惠 | ￥5050元代金券 | /,ocr/input_videos\上海__上海荟聚中心__20260826.mp4
OBS-000321,上海荟聚中心,FILA,FILA,鞋靴,4.0,962,LG1,rated,True,,rated,parsed,rating_anchor,0.9688,0.992,56,3312,56.188,LG1 | ★🌟⭐🌟 | 4.0鞋靴￥962/人 | ★,FILA | LG1 | ★🌟⭐🌟 | 4.0鞋靴￥962/人 | ★ | 10:00营业,ocr/input_videos\上海__上海荟聚中心__20260826.mp4
OBS-000322,上海荟聚中心,阿元来了,阿元来了,台湾菜,3.8,39,LG2,rated,True,,rated,parsed,rating_anchor,0.984,0.9996,56,3312,56.188,🌟🌟🌟🌟🌟 | LG2 | 3.8 | 台湾菜￥39/人,阿元来了 | 阿元乘子 | 蝉联六年米其林 | 🌟🌟🌟🌟🌟 | LG2 | 3.8 | 台湾菜￥39/人 | 点评榜单 | 长宁区台湾菜打卡人气榜第1名 | 10:00营业 | ￥9.9 | 6.6折 | 惠 | ￥15古早味茉莉珍珠奶茶 | ￥489.6折 | 惠 | ￥5050元代金券,ocr/input_videos\上海__上海荟聚中心__20260826.mp4
OBS-000323,上海荟聚中心,星洲小馆·新加坡料理,星洲小馆·新加坡料理,新加坡菜,,84,L4,new_store,False,new_store,ocr_missing,parsed,metadata_anchor,0.9677,0.9796,47,3312,56.188,新店 | L4 | 新加坡菜￥84/人,星洲小馆·新加坡料理 | GI0CANCREBIE | 新店 | L4 | 新加坡菜￥84/人 | 3A280 | 点评榜单 | 长宁区东南亚菜销量榜第1名 | 新店开业,ocr/input_videos\上海__上海荟聚中心__20260826.mp4
OBS-000324,上海荟聚中心,FILA,FILA,鞋靴,4.0,962,LG1,rated,True,,rated,parsed,rating_anchor,0.975,0.9966,52,3360,57.002,LG1 | ⭐🌟🌟⭐ | 4.0鞋靴￥962/人 | ★,FILA | LG1 | ⭐🌟🌟⭐ | 4.0鞋靴￥962/人 | ★ | 10:00营业,ocr/input_videos\上海__上海荟聚中心__20260826.mp4
OBS-000325,上海荟聚中心,阿元来了,阿元来了,台湾菜,3.8,39,LG2,rated,True,,rated,parsed,rating_anchor,0.9846,0.9996,56,3360,57.002,LG2 | ★★★★★ | 3.8 | 台湾菜￥39/人,阿元来了 | 阿元年了 | 蝉联六年米其林 | LG2 | ★★★★★ | 3.8 | 台湾菜￥39/人 | 点评榜单 | 长宁区台湾菜打卡人气榜第1名 | 10:00营业 | ￥9.96.6折 | 惠 | ￥15古早味茉莉珍珠奶茶 | ￥489.6折 | 惠 | 50元代金券 | ￥50,ocr/input_videos\上海__上海荟聚中心__20260826.mp4
OBS-000326,上海荟聚中心,星洲小馆·新加坡料理,星洲小馆·新加坡料理,新加坡菜,,84,L4,new_store,False,new_store,ocr_missing,parsed,metadata_anchor,0.9936,0.9901,50,3360,57.002,新店 | L4 | 新加坡菜 | ￥84/人,星洲小馆·新加坡料理 | GIOCANATBISTWJANT | 新店 | L4 | 新加坡菜 | ￥84/人 | R8 | 点评榜单 | 新店开亚 | 长宁区东南亚菜销量榜第1名 | 宁装聚间 | ￥538.3折 | 惠 | ￥64海南鸡饭单人餐,ocr/input_videos\上海__上海荟聚中心__20260826.mp4
OBS-000327,上海荟聚中心,Outdoor Products,OutdoorProducts,服饰鞋包,3.7,750,LG1,rated,True,,rated,parsed,rating_anchor,0.9843,0.997,51,3360,57.002,LG1 | 🌟🌟🌟🌟🌟 | 服饰鞋包￥750/人 | 3.7,Outdoor Products | LG1 | 🌟🌟🌟🌟🌟 | 服饰鞋包￥750/人 | 3.7 | UTDOOR | RODUC | 美式户外风格，上身效果赞！ | “,ocr/input_videos\上海__上海荟聚中心__20260826.mp4
OBS-000328,上海荟聚中心,老碗会·陕西手工面,老碗会·陕西手工面,西北民间菜,3.9,37,LG1,rated,True,,rated,parsed,rating_anchor,0.989,0.9785,51,3360,57.002,LG1 | 🌟🌟🎉🌟🌟 | 3.9 | 西北民间菜 | ￥37/人,老碗会 | 老碗会·陕西手工面 | 陕西于工面 | LG1 | 🌟🌟🎉🌟🌟 | 3.9 | 西北民间菜 | ￥37/人 | 新武减配 | 与证管用,ocr/input_videos\上海__上海荟聚中心__20260826.mp4
OBS-000329,上海荟聚中心,FILA,FILA,鞋靴,4.0,962,LG1,rated,True,,rated,parsed,rating_anchor,0.9653,0.9672,61,3420,58.02,LG1 | 🌟🌟🌟🌟 | 4.0鞋靴￥962/人 | ★,FILA | LG1 | 🌟🌟🌟🌟 | 4.0鞋靴￥962/人 | ★ | 10:00营业,ocr/input_videos\上海__上海荟聚中心__20260826.mp4
OBS-000330,上海荟聚中心,阿元来了,阿元来了,台湾菜,3.8,39,LG2,rated,True,,rated,parsed,rating_anchor,0.9894,0.9996,57,3420,58.02,LG2 | 🌟🌟🌟🌟🌟 | 3.8台湾菜￥39/人,阿元来了 | 阿元乘了 | 蝉联六年米其林 | LG2 | 🌟🌟🌟🌟🌟 | 3.8台湾菜￥39/人 | 点评榜单 | 长宁区台湾菜打卡人气榜第1名 | 10:00营业 | ￥9.9 | 6.6折 | 惠 | ￥15古早味茉莉珍珠奶茶 | ￥489.6折 | 惠 | ￥5050元代金券,ocr/input_videos\上海__上海荟聚中心__20260826.mp4
OBS-000331,上海荟聚中心,星洲小馆·新加坡料理,星洲小馆·新加坡料理,新加坡菜,,84,L4,new_store,False,new_store,ocr_missing,parsed,metadata_anchor,0.9752,0.9888,54,3420,58.02,新店 | 新加坡菜￥84/人 | L4,星洲小馆·新加坡料理 | SIOCAPCLEITWIOAN | 新店 | 新加坡菜￥84/人 | L4 | RORRA | 点评榜单 | 长宁区东南亚菜销量榜第1名 | 新店开业 | ·长宁装数店 | ￥538.3折 | 惠 | ￥64海南鸡饭单人餐,ocr/input_videos\上海__上海荟聚中心__20260826.mp4
OBS-000332,上海荟聚中心,Outdoor Products,OutdoorProducts,月,3.7,750,LG1,rated,True,,rated,parsed,rating_anchor,0.8767,0.997,51,3420,58.02,LG1 | 🌟🌟⭐🌟⭐3.7月 | 服饰鞋包￥750/人,Outdoor Products | LG1 | 🌟🌟⭐🌟⭐3.7月 | 服饰鞋包￥750/人 | UTDOOR | RODUC | 美式户外风格，上身效果赞！ | 分 | “,ocr/input_videos\上海__上海荟聚中心__20260826.mp4
OBS-000333,上海荟聚中心,老碗会·陕西手工面,老碗会·陕西手工面,西北民间菜,3.9,37,LG1,rated,True,,rated,parsed,rating_anchor,0.9705,0.9808,54,3420,58.02,LG1 | 西北民间菜￥37/人 | 🌟🌟⭐💥⭐3.9,老碗会 | 老碗会·陕西手工面 | 陕西手工面 | LG1 | 西北民间菜￥37/人 | 🌟🌟⭐💥⭐3.9 | 点评榜单 | 长宁区西北民间菜热门榜第1名,ocr/input_videos\上海__上海荟聚中心__20260826.mp4
OBS-000334,上海荟聚中心,阿元来了,阿元来了,台湾菜,3.8,39,LG2,rated,True,,rated,parsed,rating_anchor,0.9814,0.9995,59,3444,58.427,🌟✨🎉🌟⭐ | LG2 | 台湾菜￥39/人 | 3.8,阿元来了 | 阿元果宁 | 蝉联六年米其林 | 🌟✨🎉🌟⭐ | LG2 | 台湾菜￥39/人 | 3.8 | 点评榜单 | 长宁区台湾菜打卡人气榜第1名 | 10:00营业 | 惠 | ￥9.9 | 6.6折 | ￥15古早味茉莉珍珠奶茶 | ￥489.6折 | 惠 | ￥5050元代金券,ocr/input_videos\上海__上海荟聚中心__20260826.mp4
OBS-000335,上海荟聚中心,星洲小馆·新加坡料理,星洲小馆·新加坡料理,新加坡菜,,84,L4,new_store,False,new_store,ocr_missing,parsed,metadata_anchor,0.9677,0.9771,54,3444,58.427,新店 | 新加坡菜￥84/人 | L4,星洲小馆·新加坡料理 | 州小 | 1OCAPCLEI1W3ANT | 新店 | 新加坡菜￥84/人 | L4 | RRGARA | 点评榜单 | 长宁区东南亚菜销量榜第1名 | 新开业 | 宁装聚店 | ￥538.3折 | ￥64海南鸡饭单人餐 | 惠,ocr/input_videos\上海__上海荟聚中心__20260826.mp4
OBS-000336,上海荟聚中心,Outdoor Products,OutdoorProducts,服饰鞋包,3.7,750,LG1,rated,True,,rated,parsed,rating_anchor,0.982,0.9936,51,3444,58.427,LG1 | 3.7服饰鞋包￥750/人,Outdoor Products | LG1 | 3.7服饰鞋包￥750/人 | UTDOOR | RODU | 美式户外风格，上身效果赞！ | 力,ocr/input_videos\上海__上海荟聚中心__20260826.mp4
OBS-000337,上海荟聚中心,老碗会·陕西手工面,老碗会·陕西手工面,西北民间菜,3.9,37,LG1,rated,True,,rated,parsed,rating_anchor,0.9716,0.9814,54,3444,58.427,LG1 | ⭐🌟🌟3.9 | 西北民间菜￥37/人,老碗会 | 老碗会·陕西手工面 | 陕西手工面 | LG1 | ⭐🌟🌟3.9 | 西北民间菜￥37/人 | 面 | 点评榜单 | 长宁区西北民间菜热门榜第1名 | 10:00营业 | 老碗会的肉夹馍滋味无穷 | 3 | ￥33 | ￥29.9 | 9.1折 | 【爆款】手工凉皮拼.. | 惠 | ￥47.5 | 9.5折 | ￥5050元代金券 | 惠,ocr/input_videos\上海__上海荟聚中心__20260826.mp4
OBS-000338,上海荟聚中心,阿元来了,阿元来了,台湾菜,3.8,39,LG2,rated,True,,rated,parsed,rating_anchor,0.9805,0.9995,57,3492,59.242,LG2 | 🌟🌟🌟🌟🌟 | 台湾菜￥39/人 | 3.8,阿元来了 | 阿元乘了 | 蝉联六年米其林 | LG2 | 🌟🌟🌟🌟🌟 | 台湾菜￥39/人 | 3.8 | 点评榜单 | 长宁区台湾菜打卡人气榜第1名 | 10:00营业 | ￥9.9 | 6.6折 | 惠 | ￥15古早味茉莉珍珠奶茶 | ￥48 | 惠 | 9.6折 | ￥5050元代金券,ocr/input_videos\上海__上海荟聚中心__20260826.mp4
OBS-000339,上海荟聚中心,星洲小馆·新加坡料理,星洲小馆·新加坡料理,新加坡菜,,84,L4,new_store,False,new_store,ocr_missing,parsed,metadata_anchor,0.9724,0.9868,51,3492,59.242,新店 | 新加坡菜￥84/人 | L4,星洲小馆·新加坡料理 | 1OCAPCLI1W3ANT | 新店 | 新加坡菜￥84/人 | L4 | C0 | 点评榜单 | 长宁区东南亚菜销量榜第1名 | 新店开业 | 宁装聚店 | ￥538.3折 | 惠 | ￥64海南鸡饭单人餐,ocr/input_videos\上海__上海荟聚中心__20260826.mp4
OBS-000340,上海荟聚中心,Outdoor Products,OutdoorProducts,服饰鞋包,3.7,750,LG1,rated,True,,rated,parsed,rating_anchor,0.9798,0.9922,50,3492,59.242,LG1 | 3.7服饰鞋包￥750/人,Outdoor Products | LG1 | 3.7服饰鞋包￥750/人 | UTDOOR | RODU | 美式户外风格，上身效果赞！ | 力,ocr/input_videos\上海__上海荟聚中心__20260826.mp4
OBS-000341,上海荟聚中心,老碗会·陕西手工面,老碗会·陕西手工面,西北民间菜,3.9,37,LG1,rated,True,,rated,parsed,rating_anchor,0.9705,0.9816,54,3492,59.242,LG1 | ⭐🌟⭐🌟⭐3.9 | 西北民间菜￥37/人,老碗会 | 老碗会·陕西手工面 | 陕西手工面 | LG1 | ⭐🌟⭐🌟⭐3.9 | 西北民间菜￥37/人 | 点评榜单 | 长宁区西北民间菜热门榜第1名 | 10:00营业 | 老碗会的肉夹馍滋味无穷 | 3 | ￥33 | ￥29.9 | 9.1折 | 【爆款】手工凉皮拼... | 惠 | ￥47.5 | 9.5折 | 惠 | ￥5050元代金券,ocr/input_videos\上海__上海荟聚中心__20260826.mp4
OBS-000342,上海荟聚中心,阿元来了,阿元来了,台湾菜,3.8,39,LG2,rated,True,,rated,parsed,rating_anchor,0.9818,0.9994,63,3528,59.853,LG2 | 🌟🌟🌟🌟 | 台湾菜￥39/人 | 3.8,阿元来了 | 阿元果宁 | 蝉联六年米其林 | LG2 | 🌟🌟🌟🌟 | 台湾菜￥39/人 | 3.8 | 点评榜单 | 长宁区台湾菜打卡人气榜第1名 | 10:00营业 | ￥9.96.6折 | 惠 | ￥15古早味茉莉珍珠奶茶 | ￥489.6折 | 惠 | ￥5050元代金券,ocr/input_videos\上海__上海荟聚中心__20260826.mp4
OBS-000343,上海荟聚中心,星洲小馆·新加坡料理,星洲小馆·新加坡料理,新加坡菜,,84,L4,new_store,False,new_store,ocr_missing,parsed,metadata_anchor,0.9759,0.9901,54,3528,59.853,新店 | 新加坡菜￥84/人 | L4,"星洲小馆·新加坡料理 | IOCAPCLEISTWBANT, | 新店 | 新加坡菜￥84/人 | L4 | RORGAR | 点评榜单 | 长宁区东南亚菜销量榜第1名 | 新开业 | 长宁装聚店 | ￥538.3折 | ￥64海南鸡饭单人餐 | 惠",ocr/input_videos\上海__上海荟聚中心__20260826.mp4
OBS-000344,上海荟聚中心,Outdoor Products,OutdoorProducts,服饰鞋包,3.7,750,LG1,rated,True,,rated,parsed,rating_anchor,0.98,0.9836,51,3528,59.853,LG1 | 🌟🌟🌟🌟🌟 | 3.7服饰鞋包￥750/人,Outdoor Products | LG1 | 🌟🌟🌟🌟🌟 | 3.7服饰鞋包￥750/人 | UTDOOR | 0DU | 美式户外风格，上身效果赞！ | 分,ocr/input_videos\上海__上海荟聚中心__20260826.mp4
OBS-000345,上海荟聚中心,老碗会·陕西手工面,老碗会·陕西手工面,西北民间菜,3.9,37,LG1,rated,True,,rated,parsed,rating_anchor,0.9775,0.9868,55,3528,59.853,LG1 | 🌟🌟🌟🌟🌟 | 西北民间菜￥37/人 | 3.9,老碗会 | 老碗会·陕西手工面 | 陕西手工面 | LG1 | 🌟🌟🌟🌟🌟 | 西北民间菜￥37/人 | 3.9 | 点评榜单 | 长宁区西北民间菜热门榜第1名 | 10:00营业 | 老碗会的肉夹馍滋味无穷 | 31 | ￥29.9 | ￥33 | 惠 | 9.1折 | 【爆款】手工凉皮拼... | ￥5050元代金券 | 惠 | ￥47.5 | 9.5折,ocr/input_videos\上海__上海荟聚中心__20260826.mp4
OBS-000346,上海荟聚中心,徽颂,徽颂,徽菜,4.4,157,L2,rated,True,,rated,parsed,rating_anchor,0.983,0.9989,62,3528,59.853,L2 | 4.4徽菜￥157/人,徽颂 | L2 | 4.4徽菜￥157/人 | 徽,ocr/input_videos\上海__上海荟聚中心__20260826.mp4
OBS-000347,上海荟聚中心,星洲小馆·新加坡料理,星洲小馆·新加坡料理,新加坡菜,,84,L4,new_store,False,new_store,ocr_missing,parsed,metadata_anchor,0.9685,0.987,51,3540,60.056,新店 | 新加坡菜￥84/人 | L4,星洲小馆·新加坡料理 | SI0CAPCLEISTWINANT | 新店 | 新加坡菜￥84/人 | L4 | TRARA | 点评榜单 | 新店开业 | 长宁区东南亚菜销量榜第1名 | 长宁装数店 | ￥538.3折 | ￥64海南鸡饭单人餐 | 惠,ocr/input_videos\上海__上海荟聚中心__20260826.mp4
OBS-000348,上海荟聚中心,Outdoor Products,OutdoorProducts,服饰鞋包,3.7,750,LG1,rated,True,,rated,parsed,rating_anchor,0.9762,0.979,50,3540,60.056,LG1 | 🌟🌟🌟🌟 | 3.7 | 服饰鞋包￥750/人,Outdoor Products | LG1 | 🌟🌟🌟🌟 | 3.7 | 服饰鞋包￥750/人 | UTDOOR | 3 | 美式户外风格，上身效果赞！,ocr/input_videos\上海__上海荟聚中心__20260826.mp4
OBS-000349,上海荟聚中心,老碗会·陕西手工面,老碗会·陕西手工面,西北民间菜,3.9,37,LG1,rated,True,,rated,parsed,rating_anchor,0.9656,0.9876,53,3540,60.056,LG1 | ★★★★★ | 3.9 | 西北民间菜￥37/人,老碗会 | 老碗会·陕西手工面 | 陕西手工面 | LG1 | ★★★★★ | 3.9 | 西北民间菜￥37/人 | 夏 | 牛 | 点评榜单 | 长宁区西北民间菜热门榜第1名 | 10:00营业 | 老碗会的肉夹馍滋味无穷 | 3 | ￥29.99.1折 | ￥33 | 【爆款】手工凉皮拼.. | 惠 | ￥47.59.5折 | ￥5050元代金券 | 惠,ocr/input_videos\上海__上海荟聚中心__20260826.mp4
OBS-000350,上海荟聚中心,徽颂,徽颂,徽菜,4.4,157,L2,rated,True,,rated,parsed,rating_anchor,0.9786,0.9978,60,3540,60.056,🌟🌟🌟🌟 | L2 | 4.4徽菜￥157/人,徽颂 | 🌟🌟🌟🌟 | 徽算 | L2 | 4.4徽菜￥157/人 | 点评榜单 | 长宁区徽菜好评榜第1名 | 徽颂臭鳜鱼，鲜美可口，鱼肉嫩滑 | ￥26.8 | 4折 | ￥68 | 盐水花椒乳鸽 | 惠 | 【巨划算】 | ￥47.5 | 9.5折 | ￥5050元代金券 | 惠,ocr/input_videos\上海__上海荟聚中心__20260826.mp4
OBS-000351,上海荟聚中心,Outdoor Products,OutdoorProducts,服饰鞋包,3.7,750,LG1,rated,True,,rated,parsed,rating_anchor,0.9785,0.9908,50,3588,60.87,LG1 | 3.7服饰鞋包￥750/人,Outdoor Products | LG1 | 3.7服饰鞋包￥750/人 | UTDOOR | RODU | 美式户外风格，上身效果赞！ | 1,ocr/input_videos\上海__上海荟聚中心__20260826.mp4
OBS-000352,上海荟聚中心,老碗会·陕西手工面,老碗会·陕西手工面,西北民间菜,3.9,37,LG1,rated,True,,rated,parsed,rating_anchor,0.9773,0.9891,57,3588,60.87,LG1 | 🌟★🌟🌟🌟 | 西北民间菜￥37/人 | 3.9,老碗会 | 老碗会·陕西手工面 | 陕西手工面 | LG1 | 🌟★🌟🌟🌟 | 西北民间菜￥37/人 | 3.9 | 水迎波源 | 点评榜单 | 长宁区西北民间菜热门榜第1名 | 10:00营业 | 老碗会的肉夹馍滋味无穷 | 31 | ￥29.9 | 9.1折 | ￥33 | 【爆款】手工凉皮拼... | 惠 | ￥47.5 | 9.5折 | ￥5050元代金券 | 惠,ocr/input_videos\上海__上海荟聚中心__20260826.mp4
OBS-000353,上海荟聚中心,徽颂,徽颂,徽菜,4.4,157,L2,rated,True,,rated,parsed,rating_anchor,0.9767,0.9987,65,3588,60.87,L2 | 🌟🌟 | 4.4徽菜￥157/人,徽颂 | L2 | 🌟🌟 | 徽真 | 4.4徽菜￥157/人 | 点评榜单 | 长宁区徽菜好评榜第1名 | WISe | 徽颂臭鳜鱼，鲜美可口，鱼肉嫩滑 | “ | ￥26.8 | ￥68 | 4折 | 惠 | 【巨划算】盐水花椒乳鸽 | 惠 | ￥47.5 | 9.5折 | ￥5050元代金券,ocr/input_videos\上海__上海荟聚中心__20260826.mp4
OBS-000354,上海荟聚中心,雷诺瓦,雷诺瓦,杂货礼品,4.3,,L3,rated,True,,rated,parsed,rating_anchor,0.9988,0.9988,58,3588,60.87,杂货礼品 | L3 | 🌟🌟🌟🌟 | 4.3 | ★,雷诺瓦 | 杂货礼品 | L3 | 🌟🌟🌟🌟 | 4.3 | ★ | 裱框款式丰富，赠送拼图粘合服务 | 10:00营业,ocr/input_videos\上海__上海荟聚中心__20260826.mp4
OBS-000355,上海荟聚中心,Syiong序洋·经典泰国菜,Syiong序洋·经典泰国菜,泰国菜,4.4,145,L4,rated,True,,rated,parsed,rating_anchor,0.9806,0.9937,64,3588,60.87,🌟🌟⭐ | 4.4泰国菜￥145/人 | L4,Syiong序洋·经典泰国菜 | Syiong | WOWI | 康律 | 🌟🌟⭐ | 成夏限定中 | 4.4泰国菜￥145/人 | L4,ocr/input_videos\上海__上海荟聚中心__20260826.mp4
OBS-000356,上海荟聚中心,老碗会·陕西手工面,老碗会·陕西手工面,西北民间菜,3.9,37,LG1,rated,True,,rated,parsed,rating_anchor,0.9729,0.9849,53,3648,61.888,⭐🌟🌟🌟🌟 | LG1 | 西北民间菜￥37/人 | 3.9,老碗会 | 老碗会·陕西手工面 | 陕西于工面 | ⭐🌟🌟🌟🌟 | LG1 | 西北民间菜￥37/人 | 3.9 | 点评榜单 | 长宁区西北民间菜热门榜第1名 | 10:00营业 | 老碗会的肉夹馍滋味无穷 | 5 | S | ￥33 | ￥29.99.1折 | 惠 | 【爆款】手工凉皮拼... | ￥47.5 | 9.5折 | 惠 | ￥50 | 50元代金券,ocr/input_videos\上海__上海荟聚中心__20260826.mp4
OBS-000357,上海荟聚中心,徽颂,徽颂,徽菜,4.4,157,L2,rated,True,,rated,parsed,rating_anchor,0.9812,0.9971,54,3648,61.888,L2 | 4.4徽菜￥157/人 | 🌟🌟🌟🌟,徽颂 | L2 | 4.4徽菜￥157/人 | 徽 | 🌟🌟🌟🌟 | 頌 | 点评榜单 | 长宁区徽菜好评榜第1名 | MI6 | 徽颂臭鳜鱼，鲜美可口，鱼肉嫩滑 | 惠 | ￥26.8 | 4折 | ￥68 | 【巨划算】 | 盐水花椒乳鸽 | - | ￥47.5 | 9.5折 | ￥5050元代金券 | 惠,ocr/input_videos\上海__上海荟聚中心__20260826.mp4
OBS-000358,上海荟聚中心,雷诺瓦,雷诺瓦,杂货礼品,4.3,,L3,rated,True,,rated,parsed,rating_anchor,0.9974,0.9995,55,3648,61.888,🌟🌟🌟🌟 | L3 | 杂货礼品 | 4.3 | ★,雷诺瓦 | 🌟🌟🌟🌟 | L3 | 杂货礼品 | 4.3 | ★ | 裱框款式丰富，赠送拼图粘合服务 | 10:00营业,ocr/input_videos\上海__上海荟聚中心__20260826.mp4
OBS-000359,上海荟聚中心,Syiong序洋·经典泰国菜,Syiong序洋·经典泰国菜,泰国菜,4.4,145,L4,rated,True,,rated,parsed,rating_anchor,0.9969,0.9948,61,3648,61.888,L4 | 🌟🌟⭐🌟 | 泰国菜 | 4.4 | ￥145/人,Syiong序洋·经典泰国菜 | Syiong | WOW! | 库弹 | 盛夏限定1 | L4 | 🌟🌟⭐🌟 | 泰国菜 | 4.4 | ￥145/人 | 帝王蟹上新 | 点评榜单 | 长宁区泰国菜好评榜第2名 | 荟聚屋顶花园，咖喱鸡嫩滑无比 | ￥298 | ￥532 | 5.7折 | 惠 | 【全时段可用】经... | ￥909折 | ￥100 | 惠 | 【周末特惠】100元代...,ocr/input_videos\上海__上海荟聚中心__20260826.mp4
OBS-000360,上海荟聚中心,Blueglass酸奶,Blueglass酸奶,酸奶鲜奶,3.9,40,L1,rated,True,,rated,parsed,rating_anchor,0.973,0.9986,56,3648,61.888,★★★★ | L1 | 3.9 | 酸奶鲜奶￥40/人,Blueglass酸奶 | ★★★★ | L1 | 3.9 | 酸奶鲜奶￥40/人 | 点评榜单 | 长宁区酸奶鲜奶回头客榜第3名,ocr/input_videos\上海__上海荟聚中心__20260826.mp4
OBS-000361,上海荟聚中心,徽颂,徽颂,徽菜,4.4,157,L2,rated,True,,rated,parsed,rating_anchor,0.9796,0.9977,57,3660,62.092,🌟🌟🌟⭐ | L2 | 4.4徽菜￥157/人,徽颂 | 🌟🌟🌟⭐ | L2 | 4.4徽菜￥157/人 | 徽 | 頌 | 点评榜单 | 长宁区徽菜好评榜第1名 | IS | 徽颂臭鳜鱼，鲜美可口，鱼肉嫩滑 | 2 | 惠 | ￥26.84折 | ￥68 | 【巨划算】盐水花椒乳鸽 | ￥47.59.5折 | ￥5050元代金券 | 惠,ocr/input_videos\上海__上海荟聚中心__20260826.mp4
OBS-000362,上海荟聚中心,雷诺瓦,雷诺瓦,杂货礼品,4.3,,L3,rated,True,,rated,parsed,rating_anchor,0.9976,0.9992,58,3660,62.092,🌟🌟🌟★ | L3 | 杂货礼品 | 4.3,雷诺瓦 | 🌟🌟🌟★ | L3 | 杂货礼品 | 4.3 | 裱框款式丰富，赠送拼图粘合服务 | 10:00营业,ocr/input_videos\上海__上海荟聚中心__20260826.mp4
OBS-000363,上海荟聚中心,Syiong序洋·经典泰国菜,Syiong序洋·经典泰国菜,泰国菜,4.4,145,L4,rated,True,,rated,parsed,rating_anchor,0.9838,0.9945,64,3660,62.092,⭐🌟⭐⭐ | 4.4泰国菜￥145/人 | L4,Syiong序洋·经典泰国菜 | Syiong | WOWI | 康注 | ⭐🌟⭐⭐ | 盛夏限定1 | 4.4泰国菜￥145/人 | L4 | 帝王蟹上新 | 点评榜单 | 长宁区泰国菜好评榜第2名 | 荟聚屋顶花园，咖喱鸡嫩滑 | ￥298 | 5.7折 | 惠 | ￥532 | 【全时段可用】经... | ￥909折 | ￥100 | 惠 | 【周末特惠】100元代..,ocr/input_videos\上海__上海荟聚中心__20260826.mp4
OBS-000364,上海荟聚中心,Blueglass酸奶,Blueglass酸奶,酸奶鲜奶,3.9,40,L1,rated,True,,rated,parsed,rating_anchor,0.9774,0.9979,58,3660,62.092,🌟🌟🌟💥🌟 | L1 | 酸奶鲜奶￥40/人 | 3.9,Blueglass酸奶 | 好态更要紧 | EXIR1 | 码 | 🌟🌟🌟💥🌟 | L1 | 酸奶鲜奶￥40/人 | 3.9 | 点评榜单 | 长宁区酸奶鲜奶回头客榜第3名 | 10:00营业 | 味美享受，朋友小聚好去处” | ￥40.98.4折 | ￥49 | 【清爽多味】小蛮 | 惠,ocr/input_videos\上海__上海荟聚中心__20260826.mp4
OBS-000365,上海荟聚中心,徽颂,徽颂,徽菜,4.4,157,L2,rated,True,,rated,parsed,rating_anchor,0.9751,0.9984,62,3696,62.703,🌟🌟🌟⭐ | L2 | 4.4徽菜￥157/人 | ★,徽颂 | 🌟🌟🌟⭐ | L2 | 徽算 | 4.4徽菜￥157/人 | ★ | 点评榜单 | 长宁区徽菜好评榜第1名 | VI6 | 徽颂臭鳜鱼，鲜美可口，鱼肉嫩滑“ | ￥26.8 | 4折 | 【巨划算】盐水花椒乳鸽 | 惠 | ￥68 | ￥5050元代金券 | ￥47.5 | 惠 | 9.5折,ocr/input_videos\上海__上海荟聚中心__20260826.mp4
OBS-000366,上海荟聚中心,雷诺瓦,雷诺瓦,杂货礼品,4.3,,L3,rated,True,,rated,parsed,rating_anchor,0.9346,0.9987,58,3696,62.703,⭐⭐⭐⭐4.3杂货礼品 | L3,雷诺瓦 | 南 | ⭐⭐⭐⭐4.3杂货礼品 | L3 | 司 | 裱框款式丰富，赠送拼图粘合服务 | 10:00营业,ocr/input_videos\上海__上海荟聚中心__20260826.mp4
OBS-000367,上海荟聚中心,Syiong序洋·经典泰国菜,Syiong序洋·经典泰国菜,泰国菜,4.4,145,L4,rated,True,,rated,parsed,rating_anchor,0.9769,0.9948,63,3696,62.703,🌟🌟⭐⭐ | L4 | 泰国菜￥145/人 | 4.4,Syiong序洋·经典泰国菜 | syiong | WOWY | 座津 | 盛夏限定1 | 🌟🌟⭐⭐ | L4 | 泰国菜￥145/人 | 4.4 | 帝王蟹上新 | 点评榜单 | 长宁区泰国菜好评榜第2名 | 荟聚屋顶花园，咖喱鸡嫩滑无比 | “ | 2 | ￥298 | ￥532 | 5.7折 | 惠 | 【全时段可用】经... | ￥909折 | ￥100 | 惠 | 【周末特惠】100元代..,ocr/input_videos\上海__上海荟聚中心__20260826.mp4
OBS-000368,上海荟聚中心,Blueglass酸奶,Blueglass酸奶,酸奶鲜奶,3.9,40,L1,rated,True,,rated,parsed,rating_anchor,0.9753,0.9988,59,3696,62.703,🌟🌟🌟💥⭐ | L1 | 酸奶鲜奶￥40/人 | 3.9,Blueglass酸奶 | 好态更要紧 | XR1 | 烟A | 🌟🌟🌟💥⭐ | L1 | 酸奶鲜奶￥40/人 | 3.9 | 点评榜单 | 长宁区酸奶鲜奶回头客榜第3名 | 10:00营业 | 味美享受，朋友小聚好去处 | “ | 【清爽多口味】小蛮. | ￥40.9 | ￥49 | 8.4折 | 惠,ocr/input_videos\上海__上海荟聚中心__20260826.mp4
OBS-000369,上海荟聚中心,雷诺瓦,雷诺瓦,杂货礼品,4.3,,L3,rated,True,,rated,parsed,rating_anchor,0.998,0.9987,58,3780,64.128,🌟🌟🌟 | L3 | 杂货礼品 | 4.3 | ★,雷诺瓦 | 南 | 🌟🌟🌟 | L3 | 杂货礼品 | 4.3 | ★ | 裱框款式丰富，赠送拼图粘合服务 | 10:00营业,ocr/input_videos\上海__上海荟聚中心__20260826.mp4
OBS-000370,上海荟聚中心,Syiong序洋·经典泰国菜,Syiong序洋·经典泰国菜,泰国菜,4.4,145,L4,rated,True,,rated,parsed,rating_anchor,0.9809,0.996,63,3780,64.128,🌟🌟💥🎉 | 4.4泰国菜￥145/人 | L4 | ★,Syiong序洋·经典泰国菜 | Syiong | WOW! | 座洋 | 🌟🌟💥🎉 | 盛夏限定1 | 4.4泰国菜￥145/人 | L4 | ★ | 帝王蟹上新 | 点评榜单 | 长宁区泰国菜好评榜第2名 | 荟聚屋顶花园，咖喱鸡嫩滑比 | “ | ￥2985.7折 | ￥532 | 【全时段可用】经.. | 惠 | ￥909折 | ￥100 | 惠 | 【周末特惠】100元代..,ocr/input_videos\上海__上海荟聚中心__20260826.mp4
OBS-000371,上海荟聚中心,Blueglass酸奶,Blueglass酸奶,酸奶鲜奶,3.9,40,L1,rated,True,,rated,parsed,rating_anchor,0.9786,0.9982,58,3780,64.128,🌟🌟⭐💥🌟 | L1 | 酸奶鲜奶￥40/人 | 3.9,Blueglass酸奶 | 好态更要紧 | LUXR1 | 照 | 🌟🌟⭐💥🌟 | L1 | 酸奶鲜奶￥40/人 | 3.9 | 点评榜单 | 长宁区酸奶鲜奶回头客榜第3名 | 10:00营业 | 味美享受，朋友小聚好去处 | ≤≤ | 【清爽多口味】小蛮. | 8.4折 | ￥40.9 | ￥49 | 惠,ocr/input_videos\上海__上海荟聚中心__20260826.mp4
OBS-000372,上海荟聚中心,LOVLIFE片断,LOVLIFE片断,服饰鞋包,4.2,75,L2,rated,True,,rated,parsed,rating_anchor,0.9669,0.9996,52,3780,64.128,🌟🌟🌟⭐ | L2 | 服饰鞋包￥75/人 | 4.2 | ★,LOVLIFE片断 | 🌟🌟🌟⭐ | L2 | 服饰鞋包￥75/人 | 4.2 | ★,ocr/input_videos\上海__上海荟聚中心__20260826.mp4
OBS-000373,上海荟聚中心,Tamkoko泰柯茶园,Tamkoko泰柯茶园,饮品,3.9,20,LG2,rated,True,,rated,parsed,rating_anchor,0.965,0.9963,51,3780,64.128,3.9 | LG2 | 饮品￥20/人 | ★🌟🌟🌟★,Tamkoko泰柯茶园 | A | 3.9 | LG2 | 饮品￥20/人 | ★🌟🌟🌟★ | 第 | 点评榜单 | 北新泾/淞虹路饮品打卡人气榜第2名 | 10:00营业,ocr/input_videos\上海__上海荟聚中心__20260826.mp4
OBS-000374,上海荟聚中心,Syiong序洋·经典泰国菜,Syiong序洋·经典泰国菜,泰国菜,4.4,145,L4,rated,True,,rated,parsed,rating_anchor,0.9687,0.9935,62,3828,64.942,⭐🌟⭐⭐ | L4 | 4.4泰国菜￥145/人 | ★,Syiong序洋·经典泰国菜 | syiong | WOW! | 座动 | ⭐🌟⭐⭐ | L4 | 盛夏限定1 | 4.4泰国菜￥145/人 | ★ | 帝王蟹上新 | 点评榜单 | 长宁区泰国菜好评榜第2名 | 荟聚屋顶花园，咖喱鸡嫩滑无比 | 惠 | ￥2985.7折 | ￥532 | 【全时段可用】经.. | ￥909折 | ￥100 | 惠 | 【周末特惠】100元代...,ocr/input_videos\上海__上海荟聚中心__20260826.mp4
OBS-000375,上海荟聚中心,Blueglass酸奶,Blueglass酸奶,酸奶鲜奶,3.9,40,L1,rated,True,,rated,parsed,rating_anchor,0.9771,0.9983,58,3828,64.942,L1 | 酸奶鲜奶￥40/人 | 🌟🌟🌟🌟🌟 | 3.9,Blueglass酸奶 | 如态更要紧 | FLIXIRI | Bp | 品 | L1 | 酸奶鲜奶￥40/人 | 🌟🌟🌟🌟🌟 | 3.9 | 中 | 点评榜单 | 长宁区酸奶鲜奶回头客榜第3名 | 10:00营业 | 味美享受，朋友小聚好去处” | 《 | ￥40.9 | 【清爽多口味】小蛮. | 8.4折 | ￥49 | 惠,ocr/input_videos\上海__上海荟聚中心__20260826.mp4
OBS-000376,上海荟聚中心,LOVLIFE片断,LOVLIFE片断,服饰鞋包,4.2,75,L2,rated,True,,rated,parsed,rating_anchor,0.9855,0.9994,52,3828,64.942,L2 | ⭐🌟⭐⭐ | 4.2服饰鞋包￥75/人 | ★,LOVLIFE片断 | L2 | ⭐🌟⭐⭐ | 4.2服饰鞋包￥75/人 | ★,ocr/input_videos\上海__上海荟聚中心__20260826.mp4
OBS-000377,上海荟聚中心,Tamkoko泰柯茶园,Tamkoko泰柯茶园,饮品,3.9,20,LG2,rated,True,,rated,parsed,rating_anchor,0.9689,0.9973,55,3828,64.942,⭐🌟🌟3.9 | 饮品￥20/人 | LG2,Tamkoko泰柯茶园 | Qins | ⭐🌟🌟3.9 | 饮品￥20/人 | LG2 | 点评榜单 | 北新泾/淞虹路饮品打卡人气榜第2名 | 10:00营业 | ￥16.99.4折 | ￥18 | 惠 | 【经典OG】甄选泰奶,ocr/input_videos\上海__上海荟聚中心__20260826.mp4
OBS-000378,上海荟聚中心,M Stand,MStand,咖啡,3.9,27,LG1,rated,True,,rated,parsed,rating_anchor,0.9494,0.9595,48,3828,64.942,LG1 | 🌟🌟🌟🌟🌟 | 咖啡￥27/人 | 3.9,M Stand | 芒果凤梨系列上新 | LG1 | 🌟🌟🌟🌟🌟 | 咖啡￥27/人 | 3.9 | 点评榜单 | 北新泾/淞虹路咖啡销量榜第4名 | 营业中 | “白带杯子更打天折”,ocr/input_videos\上海__上海荟聚中心__20260826.mp4
OBS-000379,上海荟聚中心,LOVLIFE片断,LOVLIFE片断,服饰鞋包,4.2,75,L2,rated,True,,rated,parsed,rating_anchor,0.9881,0.9992,52,3900,66.164,L2 | ⭐🌟🎉⭐🌟 | 4.2服饰鞋包￥75/人,LOVLIFE片断 | L2 | ⭐🌟🎉⭐🌟 | 4.2服饰鞋包￥75/人,ocr/input_videos\上海__上海荟聚中心__20260826.mp4
OBS-000380,上海荟聚中心,Tamkoko泰柯茶园,Tamkoko泰柯茶园,饮品,3.9,20,LG2,rated,True,,rated,parsed,rating_anchor,0.9699,0.9985,54,3900,66.164,🌟🌟🌟🌟🌟3.9 | 饮品￥20/人 | LG2,Tamkoko泰柯茶园 | 🌟🌟🌟🌟🌟3.9 | 饮品￥20/人 | LG2 | 点评榜单 | 北新泾/淞虹路饮品打卡人气榜第2名 | 10:00营业 | ￥16.99.4折 | ￥18 | 惠 | 【经典OG】 | 甄选泰奶,ocr/input_videos\上海__上海荟聚中心__20260826.mp4
OBS-000381,上海荟聚中心,M Stand,MStand,咖啡,3.9,27,LG1,rated,True,,rated,parsed,rating_anchor,0.9368,0.9504,49,3900,66.164,LG1 | ⭐🌟🌟🌟 | 咖啡￥27/人 | 3.9,M Stand | 芒果凤梨系列上新 | LG1 | ⭐🌟🌟🌟 | 咖啡￥27/人 | 3.9 | 点评榜单 | 北新泾/淞虹路咖啡销量榜第4名 | 营业中 | 自带杯子再打五折 | “ | ￥27.57.3折 | ￥38 | 【第一次喝】招牌特.…. | 惠,ocr/input_videos\上海__上海荟聚中心__20260826.mp4
OBS-000382,上海荟聚中心,ARIOSE years,ARIOSEyears,服装,3.6,,L2,rated,True,,rated,parsed,rating_anchor,0.9646,0.9318,62,3900,66.164,3.6服装 | L2 | 🌟🌟🌟🌟🌟,ARIOSE | ARIOSE years | - | 3.6服装 | L2 | 🌟🌟🌟🌟🌟,ocr/input_videos\上海__上海荟聚中心__20260826.mp4
OBS-000383,上海荟聚中心,OT另茶,OT另茶,茶饮果汁,4.3,24,LG2,rated,True,,rated,parsed,rating_anchor,0.961,0.9627,58,3900,66.164,LG2 | 🌟🌟🌟⭐ | 4.3 | 茶饮果汁￥24/人,OT另茶 | OTHER | LG2 | 🌟🌟🌟⭐ | 4.3 | 茶饮果汁￥24/人 | TEA另茶 | 点评榜单 | 北新泾/淞虹路茶饮果汁环境榜第4名 | 营业中 | 清爽好喝，莓梨柚果茶颜值爆表 | J,ocr/input_videos\上海__上海荟聚中心__20260826.mp4
OBS-000384,上海荟聚中心,LOVLIFE片断,LOVLIFE片断,服饰鞋包,4.2,75,L2,rated,True,,rated,parsed,rating_anchor,0.9899,0.9995,52,3924,66.571,L2 | 🌟🌟🌟🌟 | 4.2服饰鞋包￥75/人,LOVLIFE片断 | L2 | 🌟🌟🌟🌟 | 4.2服饰鞋包￥75/人,ocr/input_videos\上海__上海荟聚中心__20260826.mp4
OBS-000385,上海荟聚中心,Tamkoko泰柯茶园,Tamkoko泰柯茶园,饮品,3.9,20,LG2,rated,True,,rated,parsed,rating_anchor,0.9984,0.9974,51,3924,66.571,LG2 | 饮品 | ￥20/人 | 🌟🌟⭐🌟🌟 | 3.9,Tamkoko泰柯茶园 | LG2 | 饮品 | ￥20/人 | 🌟🌟⭐🌟🌟 | 3.9 | 点评榜单 | 北新泾/淞虹路饮品打卡人气榜第2名 | 10:00营业 | ￥18 | 9.4折 | 【经典OG】 | ￥16.9 | 惠 | 甄选泰奶,ocr/input_videos\上海__上海荟聚中心__20260826.mp4
OBS-000386,上海荟聚中心,M Stand,MStand,咖啡,3.9,27,LG1,rated,True,,rated,parsed,rating_anchor,0.9362,0.937,49,3924,66.571,LG1 | 🌟🌟🌟🌟⭐ | 咖啡￥27/人 | 3.9,M Stand | 芒果凤梨系列上新 | LG1 | 🌟🌟🌟🌟⭐ | 咖啡￥27/人 | 3.9 | 点评榜单 | 北新泾/淞虹路咖啡销量榜第4名 | 营业中 | 自带杯子再打五折” | ￥27.57.3折 | ￥38 | 惠 | 【第一次喝】招牌特…..,ocr/input_videos\上海__上海荟聚中心__20260826.mp4
OBS-000387,上海荟聚中心,ARIOSE years,ARIOSEyears,服装,3.6,,L2,rated,True,,rated,parsed,rating_anchor,0.9812,0.9626,68,3924,66.571,🌟🌟🌟3.6 | 服装 | L2,ARIOSE years | ARIOSE | 🌟🌟🌟3.6 | 服装 | L2,ocr/input_videos\上海__上海荟聚中心__20260826.mp4
OBS-000388,上海荟聚中心,OT另茶,OT另茶,茶饮果汁,4.3,24,LG2,rated,True,,rated,parsed,rating_anchor,0.9779,0.9978,58,3924,66.571,LG2 | 🌟🌟🌟🌟 | 茶饮果汁￥24/人 | 4.3,OT另茶 | LG2 | OTHER | 🌟🌟🌟🌟 | 茶饮果汁￥24/人 | 4.3 | TEA男茶 | 点评榜单 | 北新泾/淞虹路茶饮果汁环境榜第4名 | 营业中 | “清爽好喝，莓梨柚果茶颜值爆表,ocr/input_videos\上海__上海荟聚中心__20260826.mp4
OBS-000389,上海荟聚中心,LOVLIFE片断,LOVLIFE片断,服饰鞋包,4.2,75,L2,rated,True,,rated,parsed,rating_anchor,0.9895,0.9993,52,3972,67.385,🌟🌟⭐⭐ | L2 | 4.2服饰鞋包￥75/人 | ★,LOVLIFE片断 | 🌟🌟⭐⭐ | L2 | 4.2服饰鞋包￥75/人 | ★,ocr/input_videos\上海__上海荟聚中心__20260826.mp4
OBS-000390,上海荟聚中心,Tamkoko泰柯茶园,Tamkoko泰柯茶园,饮品,3.9,20,LG2,rated,True,,rated,parsed,rating_anchor,0.9705,0.9975,55,3972,67.385,LG2 | 🌟🌟🌟🌟🌟 | 饮品￥20/人 | 3.9,Tamkoko泰柯茶园 | Togteoku | LG2 | 🌟🌟🌟🌟🌟 | 饮品￥20/人 | 3.9 | 点评榜单 | 北新泾/淞虹路饮品打卡人气榜第2名 | 10:00营业 | ￥18 | ￥16.9 | 9.4折 | 惠 | 【经典OG】 | 1甄选泰奶,ocr/input_videos\上海__上海荟聚中心__20260826.mp4
OBS-000391,上海荟聚中心,M Stand,MStand,咖啡,3.9,27,LG1,rated,True,,rated,parsed,rating_anchor,0.948,0.9445,56,3972,67.385,LG1 | 🌟🌟🎉🌟⭐ | 咖啡￥27/人 | 3.9,M Stand | 芒果凤梨系列上新 | LG1 | 🌟🌟🎉🌟⭐ | 咖啡￥27/人 | 3.9 | 点评榜单 | 北新泾/淞虹路咖啡销量榜第4名 | 营业中 | 自带杯子再打五折 | “ | 32 | ￥27.57.3折 | ￥38 | 惠 | 【第一次喝】招牌特.…..,ocr/input_videos\上海__上海荟聚中心__20260826.mp4
OBS-000392,上海荟聚中心,ARIOSE years,ARIOSEyears,服装,3.6,,L2,rated,True,,rated,parsed,rating_anchor,0.9636,0.9363,64,3972,67.385,3.6服装 | L2,ARIOSE years | ARIOSE | 3.6服装 | L2,ocr/input_videos\上海__上海荟聚中心__20260826.mp4
OBS-000393,上海荟聚中心,OT另茶,OT另茶,茶饮果汁,4.3,24,LG2,rated,True,,rated,parsed,rating_anchor,0.9784,0.9978,62,3972,67.385,⭐🌟⭐⭐ | LG2 | 茶饮果汁￥24/人 | 4.3,OT另茶 | ⭐🌟⭐⭐ | LG2 | OTHER | 茶饮果汁￥24/人 | 4.3 | TEA男茶 | 点评榜单 | 北新泾/淞虹路茶饮果汁环境榜第4名 | 营业中 | 清爽好喝，莓梨柚果茶颜值爆表 | 《 | 【tt荐】 | 专术式 | 中,ocr/input_videos\上海__上海荟聚中心__20260826.mp4
OBS-000394,上海荟聚中心,Tamkoko泰柯茶园,Tamkoko泰柯茶园,饮品,3.9,20,LG2,rated,True,,rated,parsed,rating_anchor,0.9733,0.9968,54,3984,67.589,LG2 | 饮品￥20/人 | 🌟★★★ | 3.9,Tamkoko泰柯茶园 | × Tawoko | Qins | Oam | LG2 | 饮品￥20/人 | 🌟★★★ | 3.9 | 点评榜单 | 北新泾/淞虹路饮品打卡人气榜第2名 | 10:00营业 | ￥18 | ￥16.99.4折 | 【经典OG】 | 甄选泰奶 | 惠,ocr/input_videos\上海__上海荟聚中心__20260826.mp4
OBS-000395,上海荟聚中心,M Stand,MStand,咖啡,3.9,27,LG1,rated,True,,rated,parsed,rating_anchor,0.9053,0.9255,52,3984,67.589,⭐🌟⭐🌟⭐ | LG1 | 咖啡￥27/人 | 3.9,M Stand | 芒果凤梨系列上新 | ⭐🌟⭐🌟⭐ | LG1 | 咖啡￥27/人 | 3.9 | 点评榜单 | 北新泾/淞虹路咖啡销量榜第4名 | 营业中 | 自带杯子再打五折 | “ | ￥27.57.3折 | ￥38 | 惠 | 【第次喝】招牌特.…,ocr/input_videos\上海__上海荟聚中心__20260826.mp4
OBS-000396,上海荟聚中心,ARIOSE years,ARIOSEyears,服装,3.6,,L2,rated,True,,rated,parsed,rating_anchor,0.9669,0.934,65,3984,67.589,服装 | 🌟🌟💥🌟 | 3.6 | L2,ARIOSE | ARIOSE years | 服装 | 🌟🌟💥🌟 | 3.6 | L2,ocr/input_videos\上海__上海荟聚中心__20260826.mp4
OBS-000397,上海荟聚中心,OT另茶,OT另茶,茶饮果汁,4.3,24,LG2,rated,True,,rated,parsed,rating_anchor,0.9769,0.9977,61,3984,67.589,LG2 | ⭐🌟⭐⭐ | 4.3 | 茶饮果汁￥24/人,OT另茶 | LG2 | OTHER | ⭐🌟⭐⭐ | 4.3 | 茶饮果汁￥24/人 | TEA另茶 | 点评榜单 | 北新泾/淞虹路茶饮果汁环境榜第4名 | 营业中 | 清爽好喝，莓梨柚果茶颜值爆表 | 《 | ￥22.89.5折 | ￥24 | 惠 | 【热销推荐】泰式咸.. | 惠 | ￥7.5 | 7.5折 | ￥1010元代金券,ocr/input_videos\上海__上海荟聚中心__20260826.mp4
OBS-000398,上海荟聚中心,KOI PLUS,KOIPLUS,茶饮果汁,3.9,27,LG1,rated,True,,rated,parsed,rating_anchor,0.961,0.9812,52,3984,67.589,★★★★★ | LG1 | 茶饮果汁￥27/人 | 3.9,KOI PLUS | NCA RIS | ★★★★★ | LG1 | 茶饮果汁￥27/人 | 山野的酸 | 3.9 | 回味的其 | F5 | 点评榜单 | 北新泾/淞虹路茶饮果汁打卡人气榜第9名 | 10:00营业 | “糖巧伯爵慕斯丝滑不腻” | “,ocr/input_videos\上海__上海荟聚中心__20260826.mp4
OBS-000399,上海荟聚中心,M Stand,MStand,咖啡,3.9,27,LG1,rated,True,,rated,parsed,rating_anchor,0.9532,0.9571,52,4008,67.996,LG1 | 咖啡￥27/人 | 🌟🌟⭐🌟🌟 | 3.9,M Stand | 芒果凤梨系列上新 | LG1 | 咖啡￥27/人 | 🌟🌟⭐🌟🌟 | 3.9 | 点评榜单 | 北新泾/淞虹路咖啡销量榜第4名 | 营业中 | 自带杯子再打五折” | “ | ￥27.57.3折 | ￥38 | 惠 | 【第一次喝】招牌特..,ocr/input_videos\上海__上海荟聚中心__20260826.mp4
OBS-000400,上海荟聚中心,ARIOSE years,ARIOSEyears,服装,3.6,,L2,rated,True,,rated,parsed,rating_anchor,0.8605,0.9288,63,4008,67.996,⭐🌟⭐3.6服装 | L2,ARIOSE years | ARIOSE | ⭐🌟⭐3.6服装 | L2,ocr/input_videos\上海__上海荟聚中心__20260826.mp4
OBS-000401,上海荟聚中心,OT另茶,OT另茶,茶饮果汁,4.3,24,LG2,rated,True,,rated,parsed,rating_anchor,0.9866,0.9974,61,4008,67.996,4.3茶饮果汁￥24/人 | LG2 | 🌟🌟🌟🌟,OT另茶 | 4.3茶饮果汁￥24/人 | LG2 | OTHER | 🌟🌟🌟🌟 | TEA男茶 | 点评榜单 | 北新泾/淞虹路茶饮果汁环境榜第4名 | 营业中 | 清爽好喝，莓梨柚果茶颜值爆表” | 《 | ￥24 | ￥22.89.5折 | 惠 | 【热销推荐】泰式咸... | ￥7.5 | 惠 | 7.5折 | ￥1010元代金券,ocr/input_videos\上海__上海荟聚中心__20260826.mp4
OBS-000402,上海荟聚中心,KOI PLUS,KOIPLUS,茶饮果汁,3.9,27,LG1,rated,True,,rated,parsed,rating_anchor,0.9687,0.9835,51,4008,67.996,⭐🌟🌟🌟🌟3.9 | LG1 | 茶饮果汁￥27/人,KOI PLUS | NCI RUs | ⭐🌟🌟🌟🌟3.9 | LG1 | 茶饮果汁￥27/人 | 山野的酸 | 回味的其 | 2 | 点评榜单 | 北新泾/淞虹路茶饮果汁打卡人气榜第9名 | 10:00营业 | 无糖生巧伯爵慕斯丝滑不腻 | ≤ | 5 | ￥25.6 | ￥29KOI招牌2选1(大杯) | 8.9折 | 惠,ocr/input_videos\上海__上海荟聚中心__20260826.mp4
OBS-000403,上海荟聚中心,M Stand,MStand,咖啡,3.9,27,LG1,rated,True,,rated,parsed,rating_anchor,0.9544,0.9593,52,4056,68.81,LG1 | 咖啡￥27/人 | 🌟🌟🌟🌟🌟 | 3.9,M Stand | 芒果凤梨系列上新 | LG1 | 咖啡￥27/人 | 🌟🌟🌟🌟🌟 | 3.9 | 点评榜单 | 北新泾/淞虹路咖啡销量榜第4名 | 营业中 | 自带杯子再打五折 | ￥38 | ￥27.57.3折 | 惠 | 【第一次喝】招牌特….,ocr/input_videos\上海__上海荟聚中心__20260826.mp4
OBS-000404,上海荟聚中心,ARIOSE years,ARIOSEyears,服装,3.6,,L2,rated,True,,rated,parsed,rating_anchor,0.8879,0.9373,63,4056,68.81,⭐⭐3.6服装 | L2,ARIOSE years | ARIOSE | ⭐⭐3.6服装 | L2,ocr/input_videos\上海__上海荟聚中心__20260826.mp4
OBS-000405,上海荟聚中心,OT另茶,OT另茶,茶饮果汁,4.3,24,LG2,rated,True,,rated,parsed,rating_anchor,0.9837,0.9973,61,4056,68.81,LG2 | 🌟🌟🌟★ | 4.3茶饮果汁￥24/人,OT另茶 | OTHER | LG2 | 🌟🌟🌟★ | 4.3茶饮果汁￥24/人 | TEA另茶 | 点评榜单 | 北新泾/淞虹路茶饮果汁环境榜第4名 | 营业中 | 清爽好喝，莓梨柚果茶颜值爆表” | “ | ￥24 | 9.5折 | 惠 | ￥22.8 | 【热销推荐】泰式咸.. | 惠 | ￥7.5 | 7.5折 | ￥1010元代金券,ocr/input_videos\上海__上海荟聚中心__20260826.mp4
OBS-000406,上海荟聚中心,KOI PLUS,KOIPLUS,茶饮果汁,3.9,27,LG1,rated,True,,rated,parsed,rating_anchor,0.9627,0.9806,51,4056,68.81,⭐🌟⭐🌟⭐3.9 | LG1 | 茶饮果汁￥27/人,KOI PLUS | NCL RUs | ⭐🌟⭐🌟⭐3.9 | LG1 | 茶饮果汁￥27/人 | 山野的酸 | 回味的其 | 2 | 点评榜单 | 北新泾/淞虹路茶饮果汁打卡人气榜第9名 | 10:00营业 | 无糖生巧伯爵慕斯丝滑不腻 | ≤≤ | ￥25.6 | 8.9折 | ￥29KOI招牌2选1(大杯) | 惠,ocr/input_videos\上海__上海荟聚中心__20260826.mp4
OBS-000407,上海荟聚中心,KOI PLUS,KOIPLUS,茶饮果汁,3.9,27,LG1,rated,True,,rated,parsed,rating_anchor,0.9433,0.9857,49,4116,69.828,⭐★🌟🌟⭐ | LG1 | 茶饮果汁￥27/人 | 3.9,KOI PLUS | CI Rus | ⭐★🌟🌟⭐ | LG1 | 茶饮果汁￥27/人 | 3.9 | 山野的酸 | 回味的其 | 点评榜单 | 北新泾/淞虹路茶饮果汁打卡人气榜第9名 | 10:00营业 | 无糖巧伯爵慕斯丝滑不腻” | ≤ | ￥25.68.9折 | ￥29KOI招牌2选1(大杯) | 惠,ocr/input_videos\上海__上海荟聚中心__20260826.mp4
OBS-000408,上海荟聚中心,HOKA,HOKA,服饰鞋包,4.6,1354,L1,rated,True,,rated,parsed,rating_anchor,0.975,0.998,51,4116,69.828,★★★★★ | L1 | 4.6 | 服饰鞋包￥1354/人,HOKA | ★★★★★ | L1 | 4.6 | 服饰鞋包￥1354/人 | HCKA | 点评榜单 | 北新泾/淞虹路服饰鞋包热门榜第7名 | 10:00营业 | 徒步轻松搞定，鞋子舒适无比,ocr/input_videos\上海__上海荟聚中心__20260826.mp4
OBS-000409,上海荟聚中心,顾二叔·手作酸奶,顾二叔·手作酸奶,酸奶鲜奶,,13,LG2,new_store,False,new_store,ocr_missing,parsed,metadata_anchor,0.9763,0.9887,52,4116,69.828,新店 | LG2 | 酸奶鲜奶￥13/人,顾二叔·手作酸奶 | 项二数 | 金翠成双 | 新店 | LG2 | 酸奶鲜奶￥13/人 | 百然甜 | 点评榜单 | 临站 | 长宁区酸奶鲜奶新店榜第1名 | 10:00营业 | ￥7.94.7折 | ￥17 | 惠 | 【新店预售】原叶羽..,ocr/input_videos\上海__上海荟聚中心__20260826.mp4
OBS-000410,上海荟聚中心,煲珠公·老红糖珍珠奶茶,煲珠公·老红糖珍珠奶茶,茶饮果汁,4.4,14,LG2,rated,True,,rated,parsed,rating_anchor,0.9389,0.9956,51,4116,69.828,LG2 | ★★4.4茶饮果汁￥14/人,煲珠公·老红糖珍珠奶茶 | LG2 | ★★4.4茶饮果汁￥14/人 | 点评榜单 | 北新泾/淞虹路饮品好评榜第2名 | 营业中 | 珍珠奶茶好喝，红糖珍珠Q弹 | 小 | G | ￥18老红糖珍珠奶茶（首... | ￥15.9 | 8.9折 | 惠,ocr/input_videos\上海__上海荟聚中心__20260826.mp4
OBS-000411,上海荟聚中心,KOI PLUS,KOIPLUS,茶饮果汁,3.9,27,LG1,rated,True,,rated,parsed,rating_anchor,0.9469,0.9878,49,4128,70.032,LG1 | ★3.9茶饮果汁￥27/人,KOI PLUS | NC RUS | LG1 | ★3.9茶饮果汁￥27/人 | 山野的酸 | 回味的其 | 点评榜单 | 北新泾/淞虹路茶饮果汁打卡人气榜第9名 | 10:00营业 | 无糖生巧伯爵慕斯丝滑不腻 | ￥25.6 | 8.9折 | ￥29KOI招牌2选1(大杯) | 惠,ocr/input_videos\上海__上海荟聚中心__20260826.mp4
OBS-000412,上海荟聚中心,HOKA,HOKA,服饰鞋包,4.6,1354,L1,rated,True,,rated,parsed,rating_anchor,0.9784,0.9977,54,4128,70.032,4.6服饰鞋包￥1354/人 | L1,HOKA | 4.6服饰鞋包￥1354/人 | L1 | HCKA | 点评榜单 | 北新泾/淞虹路服饰鞋包热门榜第7名 | 10:00营业 | 徒步轻松搞定，鞋子舒适无比”,ocr/input_videos\上海__上海荟聚中心__20260826.mp4
OBS-000413,上海荟聚中心,顾二叔·手作酸奶,顾二叔·手作酸奶,酸奶鲜奶,,13,LG2,new_store,False,new_store,ocr_missing,parsed,metadata_anchor,0.968,0.9846,52,4128,70.032,新店 | LG2 | 酸奶鲜奶￥13/人,顾二叔·手作酸奶 | 二权 | 金翠成双 | 新店 | LG2 | 酸奶鲜奶￥13/人 | 百然甜 | 点 | 点评榜单 | 长宁区酸奶鲜奶新店榜第1名 | 10:00营业 | ￥7.94.7折 | ￥17 | 惠 | 【新店预售】原叶羽.,ocr/input_videos\上海__上海荟聚中心__20260826.mp4
OBS-000414,上海荟聚中心,煲珠公·老红糖珍珠奶茶,煲珠公·老红糖珍珠奶茶,茶饮果汁,4.4,14,LG2,rated,True,,rated,parsed,rating_anchor,0.9737,0.9945,57,4128,70.032,LG2 | 🌟🌟⭐⭐ | 4.4茶饮果汁￥14/人,煲珠公·老红糖珍珠奶茶 | 医年 | 土巴乐的香 | LG2 | 🌟🌟⭐⭐ | 4.4茶饮果汁￥14/人 | 点评榜单 | 北新泾/淞虹路饮品好评榜第2名 | 营业中 | “珍珠奶茶好喝，红糖珍珠Q弹 | 3 | 惠￥15.9 | 8.9折 | ￥18老红糖珍珠奶茶（首..,ocr/input_videos\上海__上海荟聚中心__20260826.mp4
OBS-000415,上海荟聚中心,KOI PLUS,KOIPLUS,茶饮果汁,3.9,27,LG1,rated,True,,rated,parsed,rating_anchor,0.9682,0.99,48,4152,70.439,LG1 | 🌟🌟🌟🌟🌟 | 茶饮果汁￥27/人 | 3.9,KOI PLUS | NOI PLUS | LG1 | 🌟🌟🌟🌟🌟 | 茶饮果汁￥27/人 | 3.9 | 山哥的酸 | FA | 点评榜单 | 北新泾/淞虹路茶饮果汁打卡人气榜第9名 | 10:00营业 | 3 | 无糖生巧伯爵慕斯丝滑不腻 | “ | ￥25.6 | ￥29KOI招牌2选1(杯) | 8.9折 | 惠,ocr/input_videos\上海__上海荟聚中心__20260826.mp4
OBS-000416,上海荟聚中心,HOKA,HOKA,服饰鞋包,4.6,1354,L1,rated,True,,rated,parsed,rating_anchor,0.9828,0.998,51,4152,70.439,🌟🌟🌟🌟🌟 | L1 | 服饰鞋包￥1354/人 | 4.6,HOKA | 🌟🌟🌟🌟🌟 | L1 | 服饰鞋包￥1354/人 | 4.6 | HCKA | 点评榜单 | 北新泾/淞虹路服饰鞋包热门榜第7名 | 10:00营业 | 徒步轻松搞定，鞋子舒适无比 | 《,ocr/input_videos\上海__上海荟聚中心__20260826.mp4
OBS-000417,上海荟聚中心,顾二叔·手作酸奶,顾二叔·手作酸奶,酸奶鲜奶,,13,LG2,new_store,False,new_store,ocr_missing,parsed,metadata_anchor,0.9738,0.9885,51,4152,70.439,LG2 | 新店 | 酸奶鲜奶￥13/人,顾二叔·手作酸奶 | 硬二权 | 金翠成双 | LG2 | 新店 | 酸奶鲜奶￥13/人 | 百然甜 | 点评榜单 | 制 | 长宁区酸奶鲜奶新店榜第1名 | 10:00营业 | ￥7.94.7折 | ￥17 | 惠 | 【新店预售】原叶羽..,ocr/input_videos\上海__上海荟聚中心__20260826.mp4
OBS-000418,上海荟聚中心,煲珠公·老红糖珍珠奶茶,煲珠公·老红糖珍珠奶茶,茶饮果汁,4.4,14,LG2,rated,True,,rated,parsed,rating_anchor,0.9787,0.9958,51,4152,70.439,4.4茶饮果汁￥14/人 | LG2,煲珠公·老红糖珍珠奶茶 | 欧年公 | 土芭乐的香 | 4.4茶饮果汁￥14/人 | LG2 | 点评榜单 | 北新泾/淞虹路饮品好评榜第2名 | 营业中 | 珍珠奶茶好喝，红糖珍珠Q弹 | ￥15.98.9折 | ￥18老红糖珍珠奶茶（首... | 惠,ocr/input_videos\上海__上海荟聚中心__20260826.mp4
OBS-000419,上海荟聚中心,MaXiaoNa,MaXiaoNa,服装,4.6,,L2,rated,True,,rated,parsed,rating_anchor,0.9993,0.9987,49,4152,70.439,L2 | 服装 | ★🌟🌟🌟🌟 | 4.6,MaXiaoNa | ® | L2 | 服装 | ★🌟🌟🌟🌟 | A | 4.6 | Maxiao na | 点评榜单 | 北新泾/淞虹路服装好评榜第2名 | 10:00营业 | 陈列依旧美 | 位置好找，,ocr/input_videos\上海__上海荟聚中心__20260826.mp4
OBS-000420,上海荟聚中心,KOI PLUS,KOIPLUS,茶饮果汁,3.9,27,LG1,rated,True,,rated,parsed,rating_anchor,0.9684,0.9879,52,4200,71.253,🌟🌟🌟🌟🌟 | LG1 | 3.9 | 茶饮果汁￥27/人,KOI PLUS | RC R1S | 🌟🌟🌟🌟🌟 | LG1 | 3.9 | 山野的酸 | 茶饮果汁￥27/人 | 回味的其 | 55 | 点评榜单 | 北新泾/淞虹路茶饮果汁打卡人气榜第9名 | 10:00营业 | 无糖生巧伯爵慕斯丝滑不腻 | “ | ￥25.6 | 8.9折 | 惠 | KOI招牌2选1（大杯） | ￥29,ocr/input_videos\上海__上海荟聚中心__20260826.mp4
OBS-000421,上海荟聚中心,HOKA,HOKA,服饰鞋包,4.6,1354,L1,rated,True,,rated,parsed,rating_anchor,0.9777,0.9978,51,4200,71.253,🌟🌟🌟🌟🌟 | 服饰鞋包￥1354/人 | L1 | 4.6,HOKA | 🌟🌟🌟🌟🌟 | 服饰鞋包￥1354/人 | L1 | 4.6 | HCKA | 点评榜单 | 北新泾/淞虹路服饰鞋包热门榜第7名 | 10:00营业 | 徒步轻松搞定，鞋子舒适无比”,ocr/input_videos\上海__上海荟聚中心__20260826.mp4
OBS-000422,上海荟聚中心,顾二叔·手作酸奶,顾二叔·手作酸奶,酸奶鲜奶,,13,LG2,new_store,False,new_store,ocr_missing,parsed,metadata_anchor,0.9765,0.9859,54,4200,71.253,新店 | LG2 | 酸奶鲜奶￥13/人,顾二叔·手作酸奶 | 明二权 | 金翠成双 | 新店 | LG2 | 酸奶鲜奶￥13/人 | 百然甜 | 点评榜单 | 长宁区酸奶鲜奶新店榜第1名 | 2 | 10:00营业 | ￥7.94.7折 | ￥17 | 【新店预售】原叶羽.. | 惠,ocr/input_videos\上海__上海荟聚中心__20260826.mp4
OBS-000423,上海荟聚中心,煲珠公·老红糖珍珠奶茶,煲珠公·老红糖珍珠奶茶,茶饮果汁,4.4,14,LG2,rated,True,,rated,parsed,rating_anchor,0.9815,0.9963,54,4200,71.253,LG2 | 4.4茶饮果汁￥14/人 | ★★★★ | .,煲珠公·老红糖珍珠奶茶 | 国年公 | 土乐的香 | LG2 | 4.4茶饮果汁￥14/人 | ★★★★ | . | 点评榜单 | 北新泾/淞虹路饮品好评榜第2名 | 营业中 | 珍珠奶茶好喝，红糖珍珠Q弹 | 6 | ￥15.9 | ￥18老红糖珍珠奶茶（首... | 惠 | 8.9折,ocr/input_videos\上海__上海荟聚中心__20260826.mp4
OBS-000424,上海荟聚中心,MaXiaoNa,MaXiaoNa,服装,4.6,,L2,rated,True,,rated,parsed,rating_anchor,0.9993,0.9988,50,4200,71.253,服装 | L2 | 🌟🌟🌟🌟🌟 | 4.6,MaXiaoNa | ® | 服装 | L2 | 🌟🌟🌟🌟🌟 | 4.6 | Ma xiao na | 点评榜单 | 北新泾/淞虹路服装好评榜第2名 | 10:00营业 | 位置好找，陈列依旧美 | 59,ocr/input_videos\上海__上海荟聚中心__20260826.mp4
OBS-000425,上海荟聚中心,顾二叔·手作酸奶,顾二叔·手作酸奶,酸奶鲜奶,,13,LG2,new_store,False,new_store,ocr_missing,parsed,metadata_anchor,0.9251,0.9359,45,4248,72.067,新店 | LG2 | 酸奶鲜奶￥13/人,顾二叔·手作酸奶 | 员二权 | 金翠成双 | 新店 | LG2 | 酸奶鲜奶￥13/人 | 百然甜 | 点评榜单 | M | 长宁区酸奶鲜奶新店榜第1名 | 10:00营业 | ￥7.94.7折 | ￥17 | 【新店预售】原叶羽. | 惠,ocr/input_videos\上海__上海荟聚中心__20260826.mp4
OBS-000426,上海荟聚中心,煲珠公·老红糖珍珠奶茶,煲珠公·老红糖珍珠奶茶,茶饮果汁,4.4,14,LG2,rated,True,,rated,parsed,rating_anchor,0.9771,0.9943,54,4248,72.067,LG2 | 🌟🌟🌟🌟 | 4.4茶饮果汁￥14/人,煲珠公·老红糖珍珠奶茶 | 便年公 | 土芭乐的香 | LG2 | 🌟🌟🌟🌟 | 4.4茶饮果汁￥14/人 | 点评榜单 | 北新泾/淞虹路饮品好评榜第2名 | 营业中 | 珍珠奶茶好喝，红糖珍珠Q弹 | 3 | 惠￥15.98.9折 | ￥18老红糖珍珠奶茶（首....,ocr/input_videos\上海__上海荟聚中心__20260826.mp4
OBS-000427,上海荟聚中心,MaXiaoNa,MaXiaoNa,服装,4.6,,L2,rated,True,,rated,parsed,rating_anchor,0.9868,0.9985,50,4248,72.067,4.6服装 | L2,MaXiaoNa | ® | 4.6服装 | L2 | 4 | Ma xiao na | 点评榜单 | 北新泾/淞虹路服装好评榜第2名 | 10:00营业 | 位置好找，陈列依旧美 | 39,ocr/input_videos\上海__上海荟聚中心__20260826.mp4
OBS-000428,上海荟聚中心,Yee3·三号椰·椰子炒冰,Yee3·三号椰·椰子炒冰,饮品,3.9,20,LG1,rated,True,,rated,parsed,rating_anchor,0.9621,0.9771,53,4248,72.067,3.9饮品￥20/人 | LG1,Yee3·三号椰·椰子炒冰 | Xoa3 | 3.9饮品￥20/人 | LG1 | 楼上影院观影两不误” | C | 营业中永夜 | ￥13.97折 | ￥20 | 【新客特惠】补充每.. | 惠,ocr/input_videos\上海__上海荟聚中心__20260826.mp4
OBS-000429,上海荟聚中心,LINLEE林里·手打柠檬茶,LINLEE林里·手打柠檬茶,茶饮果汁,4.4,14,L4,rated,True,,rated,parsed,rating_anchor,0.9727,0.988,48,4248,72.067,4.4茶饮果汁￥14/人 | L4,LINLEE林里·手打柠檬茶 | 4.4茶饮果汁￥14/人 | L4 | 点评榜单 | 北新泾/淞虹路饮品回头客榜第2名 | 10:00营业 | 态度热情周到，让人感觉非常舒适 | ￥15 | ￥9.15 | 6.1折 | 惠 | 【解腻闭眼囤】清新..,ocr/input_videos\上海__上海荟聚中心__20260826.mp4
OBS-000430,上海荟聚中心,煲珠公·老红糖珍珠奶茶,煲珠公·老红糖珍珠奶茶,茶饮果汁,4.4,14,LG2,rated,True,,rated,parsed,rating_anchor,0.9823,0.9965,51,4284,72.678,LG2 | ⭐🌟⭐⭐ | 4.4茶饮果汁￥14/人,煲珠公·老红糖珍珠奶茶 | 医年公 | 土巴乐的香 | LG2 | ⭐🌟⭐⭐ | 4.4茶饮果汁￥14/人 | 点评榜单 | 北新泾/淞虹路饮品好评榜第2名 | 营业中 | “珍珠奶茶好喝，红糖珍珠Q弹 | ￥18老红糖珍珠奶茶（首. | ￥15.9 | 8.9折 | 惠,ocr/input_videos\上海__上海荟聚中心__20260826.mp4
OBS-000431,上海荟聚中心,MaXiaoNa,MaXiaoNa,服装,4.6,,L2,rated,True,,rated,parsed,rating_anchor,0.9991,0.9984,48,4284,72.678,L2 | 🌟🌟🎉🎉🌟4.6 | 服装,MaXiaoNa | ® | L2 | 🌟🌟🎉🎉🌟4.6 | 服装 | Ma xiao na | 点评榜单 | 北新泾/淞虹路服装好评榜第2名 | 10:00营业 | 位置好找，陈列依旧美 | 55,ocr/input_videos\上海__上海荟聚中心__20260826.mp4
OBS-000432,上海荟聚中心,Yee3·三号椰·椰子炒冰,Yee3·三号椰·椰子炒冰,饮品,3.9,20,LG1,rated,True,,rated,parsed,rating_anchor,0.9676,0.9786,53,4284,72.678,3.9饮品￥20/人 | LG1,Yee3·三号椰·椰子炒冰 | 3.9饮品￥20/人 | LG1 | 楼上影院观影两不误 | 营业中永夜 | ￥13.9 | 7折 | ￥20 | 惠 | 【新客特惠】补充每,ocr/input_videos\上海__上海荟聚中心__20260826.mp4
OBS-000433,上海荟聚中心,LINLEE林里·手打柠檬茶,LINLEE林里·手打柠檬茶,茶饮果汁,4.4,14,L4,rated,True,,rated,parsed,rating_anchor,0.98,0.9907,48,4284,72.678,L4 | 🌟🌟🌟 | 4.4茶饮果汁￥14/人 | ★,LINLEE林里·手打柠檬茶 | 新学期 | 唤醒元气 | 鲜活力 | L4 | 🌟🌟🌟 | 4.4茶饮果汁￥14/人 | ★ | u | 点评榜单 | 北新泾/淞虹路饮品回头客榜第2名 | 10:00营业 | 态度热情周到，让人感觉非常舒适 | “ | ￥15 | ￥9.15 | 6.1折 | 【解腻闭眼囤】清新. | 惠,ocr/input_videos\上海__上海荟聚中心__20260826.mp4
OBS-000434,上海荟聚中心,麦檬,麦檬,服饰鞋包,3.7,996,L2,rated,True,,rated,parsed,rating_anchor,0.9776,0.9987,61,4284,72.678,3.7服饰鞋包￥996/人 | L2,麦檬 | 3.7服饰鞋包￥996/人 | L2 | 10:00营业,ocr/input_videos\上海__上海荟聚中心__20260826.mp4
OBS-000435,上海荟聚中心,煲珠公·老红糖珍珠奶茶,煲珠公·老红糖珍珠奶茶,茶饮果汁,4.4,14,LG2,rated,True,,rated,parsed,rating_anchor,0.9764,0.9952,51,4320,73.289,LG2 | 🌟🌟🎉🎉 | 茶饮果汁￥14/人 | 4.4,煲珠公·老红糖珍珠奶茶 | 恒味公 | 土巴乐的香 | LG2 | 🌟🌟🎉🎉 | 茶饮果汁￥14/人 | 4.4 | 点评榜单 | 北新泾/淞虹路饮品好评榜第2名 | 营业中 | 珍珠奶茶好喝，红糖珍珠Q弹 | 8.9折 | ￥18老红糖珍珠奶茶（首... | ￥15.9 | 惠,ocr/input_videos\上海__上海荟聚中心__20260826.mp4
OBS-000436,上海荟聚中心,MaXiaoNa,MaXiaoNa,服装,4.6,,L2,rated,True,,rated,parsed,rating_anchor,0.9993,0.9989,47,4320,73.289,🌟🌟🌟🌟🌟 | 服装 | L2 | 4.6,MaXiaoNa | ® | ./ | 🌟🌟🌟🌟🌟 | 服装 | L2 | 4.6 | Ma xiao na | 点评榜单 | 北新泾/淞虹路服装好评榜第2名 | 10:00营业 | 位置好找，陈列依旧美 | 3,ocr/input_videos\上海__上海荟聚中心__20260826.mp4
OBS-000437,上海荟聚中心,Yee3·三号椰·椰子炒冰,Yee3·三号椰·椰子炒冰,饮品,3.9,20,LG1,rated,True,,rated,parsed,rating_anchor,0.9629,0.9752,51,4320,73.289,LG1 | 3.9饮品￥20/人,Yee3·三号椰·椰子炒冰 | LG1 | 3.9饮品￥20/人 | 楼上影院观影两不误 | 营业中永夜 | ￥13.97折 | ￥20 | 惠 | 【新客特惠】补充每..,ocr/input_videos\上海__上海荟聚中心__20260826.mp4
OBS-000438,上海荟聚中心,LINLEE林里·手打柠檬茶,LINLEE林里·手打柠檬茶,茶饮果汁,4.4,14,L4,rated,True,,rated,parsed,rating_anchor,0.9718,0.9922,48,4320,73.289,🌟🌟🌟⭐ | L4 | 茶饮果汁￥14/人 | 4.4 | ★,LINLEE林里·手打柠檬茶 | 新学期 | 唤醒元气 | - | 鲜活力 | 🌟🌟🌟⭐ | L4 | 茶饮果汁￥14/人 | 4.4 | ★ | 点评榜单 | 北新泾/淞虹路饮品回头客榜第2名 | 10:00营业 | 态度热情周到，让人感觉非常舒适 | 力 | ￥9.15 | ￥15 | 6.1折 | 惠 | 【解腻闭眼囤】清新..,ocr/input_videos\上海__上海荟聚中心__20260826.mp4
OBS-000439,上海荟聚中心,麦檬,麦檬,服饰鞋包,3.7,996,L2,rated,True,,rated,parsed,rating_anchor,0.9808,0.9993,65,4320,73.289,3.7服饰鞋包￥996/人 | L2,麦檬 | 3.7服饰鞋包￥996/人 | L2 | 10:00营业,ocr/input_videos\上海__上海荟聚中心__20260826.mp4
OBS-000440,上海荟聚中心,MaXiaoNa,MaXiaoNa,服装,4.6,,L2,rated,True,,rated,parsed,rating_anchor,0.9991,0.9986,50,4332,73.492,L2 | 服装 | 🌟🌟⭐🌟🌟 | 4.6,MaXiaoNa | 4 | L2 | 服装 | 🌟🌟⭐🌟🌟 | 4.6 | Ma xiao na | 点评榜单 | 北新泾/淞虹路服装好评榜第2名 | 10:00营业 | 位置好找，陈列依旧美 | 95 | C,ocr/input_videos\上海__上海荟聚中心__20260826.mp4
OBS-000441,上海荟聚中心,Yee3·三号椰·椰子炒冰,Yee3·三号椰·椰子炒冰,饮品,3.9,20,LG1,rated,True,,rated,parsed,rating_anchor,0.9594,0.9819,50,4332,73.492,LG1 | 3.9饮品￥20/人,Yee3·三号椰·椰子炒冰 | LG1 | 3.9饮品￥20/人 | 楼上影院观影两不误 | 营业中永夜 | ￥13.97折 | ￥20 | 惠 | 【新客特惠】补充每..,ocr/input_videos\上海__上海荟聚中心__20260826.mp4
OBS-000442,上海荟聚中心,LINLEE林里·手打柠檬茶,LINLEE林里·手打柠檬茶,茶饮果汁,4.4,14,L4,rated,True,,rated,parsed,rating_anchor,0.9773,0.9856,48,4332,73.492,L4 | 4.4茶饮果汁￥14/人 | 🌟🌟⭐🌟 | ★,LINLEE林里·手打柠檬茶 | 新学期 | 唤醒元气 | 鲜活力 | L4 | 4.4茶饮果汁￥14/人 | 🌟🌟⭐🌟 | ★ | ERL | 点评榜单 | 北新泾/淞虹路饮品回头客榜第2名 | 10:00营业 | 态度热情周到，让人感觉非常舒适 | 力 | 6.1折 | ￥15 | ￥9.15 | 惠 | 【解腻闭眼囤】清新….,ocr/input_videos\上海__上海荟聚中心__20260826.mp4
OBS-000443,上海荟聚中心,麦檬,麦檬,服饰鞋包,3.7,996,L2,rated,True,,rated,parsed,rating_anchor,0.9762,0.9992,63,4332,73.492,3.7服饰鞋包￥996/人 | L2,麦檬 | 3.7服饰鞋包￥996/人 | L2 | 10:00营业 | LUNEURS月乐诗·法式冰淇淋,ocr/input_videos\上海__上海荟聚中心__20260826.mp4
OBS-000444,上海荟聚中心,LINLEE林里·手打柠檬茶,LINLEE林里·手打柠檬茶,茶饮果汁,4.4,14,L4,rated,True,,rated,parsed,rating_anchor,0.9722,0.9815,54,4356,73.9,🌟🌟🌟🌟 | 4.4茶饮果汁￥14/人 | L4,LINLEE林里·手打柠檬茶 | 新学期 | 唤醒元气 | 鲜活力 | 🌟🌟🌟🌟 | 4.4茶饮果汁￥14/人 | L4 | VUAL RY | 点评榜单 | 北新泾/淞虹路饮品回头客榜第2名 | 10:00营业 | 态度热情周到，让人感觉非常舒适 | 6.1折 | ￥15 | ￥9.15 | 惠 | 【解腻闭眼囤】清新..,ocr/input_videos\上海__上海荟聚中心__20260826.mp4
OBS-000445,上海荟聚中心,麦檬,麦檬,服饰鞋包,3.7,996,L2,rated,True,,rated,parsed,rating_anchor,0.9807,0.9993,61,4356,73.9,⭐🌟🎉🌟⭐ | L2 | 3.7 | 服饰鞋包￥996/人,麦檬 | ⭐🌟🎉🌟⭐ | L2 | 3.7 | 服饰鞋包￥996/人 | 10:00营业,ocr/input_videos\上海__上海荟聚中心__20260826.mp4
OBS-000446,上海荟聚中心,LUNEURS月乐诗·法式冰淇淋,LUNEURS月乐诗·法式冰淇淋,冰淇淋,3.9,32,LG2,rated,True,,rated,parsed,rating_anchor,0.9566,0.9638,51,4356,73.9,LG2 | ★★★★★ | 冰淇淋￥32/人 | 3.9,LUNEURS月乐诗·法式冰淇淋 | LG2 | ★★★★★ | 冰淇淋￥32/人 | 3.9 | 点评榜单 | 长宁区冰淇淋打卡人气榜第7名 | 10:00营业 | ￥29.9 | 8.6折 | 【人气爆款】单球冰.. | 惠 | ￥35,ocr/input_videos\上海__上海荟聚中心__20260826.mp4
OBS-000447,上海荟聚中心,星巴克臻选,星巴克臻选,咖啡,3.9,36,L1,rated,True,,rated,parsed,rating_anchor,0.9631,0.9986,55,4356,73.9,⭐🌟🌟🌟🌟 | L1 | 咖啡￥36/人 | 3.9,星巴克臻选 | ⭐🌟🌟🌟🌟 | L1 | 咖啡￥36/人 | 3.9 | 点评榜单 | 北新泾/淞虹路咖啡销量榜第2名 | 直茶营业中爱你 | ￥59.97.7折 | ￥78 | 【爆款推荐】星巴克.. | 惠,ocr/input_videos\上海__上海荟聚中心__20260826.mp4
OBS-000448,上海荟聚中心,Recommon,Recommon,服饰鞋包,3.8,,LG1,rated,True,,rated,parsed,rating_anchor,0.9863,0.9982,48,4356,73.9,LG1 | ★★★★★ | 3.8服饰鞋包￥360/,Recommon | RAcomnon | LG1 | ★★★★★ | 3.8服饰鞋包￥360/,ocr/input_videos\上海__上海荟聚中心__20260826.mp4
OBS-000449,上海荟聚中心,LINLEE林里·手打柠檬茶,LINLEE林里·手打柠檬茶,茶饮果汁,4.4,14,L4,rated,True,,rated,parsed,rating_anchor,0.978,0.9863,54,4404,74.714,🌟🌟⭐⭐ | 4.4茶饮果汁￥14/人 | L4 | ★,LINLEE林里·手打柠檬茶 | 新学期 | 唤醒元气 | 鲜活力 | 🌟🌟⭐⭐ | 4.4茶饮果汁￥14/人 | L4 | ★ | VIUM EY | 点评榜单 | 北新泾/淞虹路饮品回头客榜第2名 | 10:00营业 | 态度热情周到，让人感觉非常舒适 | C | ￥9.15 | 6.1折 | ￥15 | 惠 | 【解腻闭眼囤】清新….,ocr/input_videos\上海__上海荟聚中心__20260826.mp4
OBS-000450,上海荟聚中心,麦檬,麦檬,服饰鞋包,3.7,996,L2,rated,True,,rated,parsed,rating_anchor,0.9786,0.9984,61,4404,74.714,3.7服饰鞋包￥996/人 | L2,麦檬 | 3.7服饰鞋包￥996/人 | L2 | 10:00营业,ocr/input_videos\上海__上海荟聚中心__20260826.mp4
OBS-000451,上海荟聚中心,LUNEURS月乐诗·法式冰淇淋,LUNEURS月乐诗·法式冰淇淋,冰淇淋,3.9,32,LG2,rated,True,,rated,parsed,rating_anchor,0.975,0.9946,53,4404,74.714,LG2 | 🌟🌟★★ | 冰淇淋￥32/人 | 3.9,LUNEURS月乐诗·法式冰淇淋 | LG2 | 🌟🌟★★ | 冰淇淋￥32/人 | 3.9 | 点评榜单 | 长宁区冰淇淋打卡人气榜第7名 | 10:00营业 | ￥35 | ￥29.9 | 8.6折 | 【人气爆款】单球冰... | 惠,ocr/input_videos\上海__上海荟聚中心__20260826.mp4
OBS-000452,上海荟聚中心,星巴克臻选,星巴克臻选,咖啡,3.9,36,L1,rated,True,,rated,parsed,rating_anchor,0.9599,0.9979,55,4404,74.714,🌟🌟🌟🌟🌟 | L1 | 咖啡￥36/人 | 3.9,星巴克臻选 | 🌟🌟🌟🌟🌟 | L1 | 咖啡￥36/人 | 3.9 | 点评榜单 | 北新泾/淞虹路咖啡销量榜第2名 | 真茶营业虫爱你 | ￥59.9 | ￥78 | 7.7折 | 【爆款推荐】星巴克... | 惠,ocr/input_videos\上海__上海荟聚中心__20260826.mp4
OBS-000453,上海荟聚中心,Recommon,Recommon,服饰鞋包,3.8,360,LG1,rated,True,,rated,parsed,rating_anchor,0.9826,0.9986,48,4404,74.714,LG1 | 🌟🌟⭐🌟🌟 | 3.8服饰鞋包￥360/人,Recommon | Recomon | LG1 | 🌟🌟⭐🌟🌟 | 3.8服饰鞋包￥360/人 | 暂停营业 | 1,ocr/input_videos\上海__上海荟聚中心__20260826.mp4
OBS-000454,上海荟聚中心,LUNEURS月乐诗·法式冰淇淋,LUNEURS月乐诗·法式冰淇淋,冰淇淋,3.9,32,LG2,rated,True,,rated,parsed,rating_anchor,0.9727,0.9644,50,4464,75.732,LG2 | 🌟🌟🌟🌟🌟 | 3.9冰淇淋￥32/人,LUNEURS月乐诗·法式冰淇淋 | LG2 | 🌟🌟🌟🌟🌟 | 3.9冰淇淋￥32/人 | 点评榜单 | 长宁区冰淇淋打卡人气榜第7名 | 10:00营业 | ￥29.98.6折 | ￥35 | 【人气爆款】单球冰.. | 惠,ocr/input_videos\上海__上海荟聚中心__20260826.mp4
OBS-000455,上海荟聚中心,星巴克臻选,星巴克臻选,咖啡,3.9,36,L1,rated,True,,rated,parsed,rating_anchor,0.96,0.9978,55,4464,75.732,🌟🌟3.9 | L1 | 咖啡￥36/人,星巴克臻选 | 🌟🌟3.9 | L1 | 咖啡￥36/人 | 点评榜单 | 北新泾/淞虹路咖啡销量榜第2名 | 真茶营业虫爱你 | ￥59.97.7折 | ￥78 | 惠 | 【爆款推荐】星巴克...,ocr/input_videos\上海__上海荟聚中心__20260826.mp4
OBS-000456,上海荟聚中心,Recommon,Recommon,服饰鞋包,3.8,360,LG1,rated,True,,rated,parsed,rating_anchor,0.9843,0.9987,53,4464,75.732,3.8服饰鞋包￥360/人 | 🌟🌟🌟🌟⭐ | LG1,Recommon | Recommon | 3.8服饰鞋包￥360/人 | 🌟🌟🌟🌟⭐ | LG1 | 暂停营业,ocr/input_videos\上海__上海荟聚中心__20260826.mp4
OBS-000457,上海荟聚中心,村口冰浆,村口冰浆,茶饮果汁,3.8,23,LG2,rated,True,,rated,parsed,rating_anchor,0.9872,0.9993,57,4464,75.732,LG2 | 🌟🌟🌟🌟🌟 | 3.8茶饮果汁￥23/人,村口冰浆 | LG2 | 🌟🌟🌟🌟🌟 | 3.8茶饮果汁￥23/人 | □□ | 点评榜单 | 北新泾/淞虹路饮品销量榜第1名 | 村口冰浆 | 10:00营业 | ￥21.69折 | ￥24 | 【爆款】芒果糯糯冰. | 惠,ocr/input_videos\上海__上海荟聚中心__20260826.mp4
OBS-000458,上海荟聚中心,柠檬向右,柠檬向右,茶饮果汁,4.1,17,LG1,rated,True,,rated,parsed,rating_anchor,0.9822,0.992,57,4464,75.732,🌟🌟🌟 | LG1 | 4.1茶饮果汁￥17/人 | ★,柠檬向右 | LENOVROT | 老棒海器 | 🌟🌟🌟 | LG1 | 4.1茶饮果汁￥17/人 | ★ | 点评榜单 | 北新泾/淞虹路饮品回头客榜第1名 | 芙莉营业中记忆 | ￥21 | ￥13.46.4折 | 【精选三种柠檬】鸭. | 惠,ocr/input_videos\上海__上海荟聚中心__20260826.mp4
OBS-000459,上海荟聚中心,LUNEURS月乐诗·法式冰淇淋,LUNEURS月乐诗·法式冰淇淋,冰淇淋,3.9,32,LG2,rated,True,,rated,parsed,rating_anchor,0.9834,0.9893,57,4476,75.935,LG2 | 🌟🌟🌟🌟🌟 | 3.9冰淇淋￥32/人,LUNEURS月乐诗·法式冰淇淋 | LG2 | 🌟🌟🌟🌟🌟 | 3.9冰淇淋￥32/人 | 点评榜单 | 长宁区冰淇淋打卡人气榜第7名 | 10.00营业 | ￥35 | ￥29.9 | 8.6折 | 【人气爆款】单球冰.. | 惠,ocr/input_videos\上海__上海荟聚中心__20260826.mp4
OBS-000460,上海荟聚中心,星巴克臻选,星巴克臻选,咖啡,3.9,36,L1,rated,True,,rated,parsed,rating_anchor,0.9641,0.9979,55,4476,75.935,🌟🌟🌟🌟⭐ | 咖啡￥36/人 | L1 | 3.9,星巴克臻选 | 🌟🌟🌟🌟⭐ | 咖啡￥36/人 | L1 | 3.9 | 点评榜单 | 北新泾/淞虹路咖啡销量榜第2名 | 真茶营业中爱你 | ￥59.97.7折 | ￥78 | 【爆款推荐】星巴克.. | 惠,ocr/input_videos\上海__上海荟聚中心__20260826.mp4
OBS-000461,上海荟聚中心,Recommon,Recommon,服饰鞋包,3.8,360,LG1,rated,True,,rated,parsed,rating_anchor,0.9819,0.9989,48,4476,75.935,LG1 | 3.8服饰鞋包￥360/人,Recommon | Recomon | LG1 | 3.8服饰鞋包￥360/人 | 暂停营业,ocr/input_videos\上海__上海荟聚中心__20260826.mp4
OBS-000462,上海荟聚中心,村口冰浆,村口冰浆,茶饮果汁,3.8,23,LG2,rated,True,,rated,parsed,rating_anchor,0.9861,0.9995,60,4476,75.935,LG2 | 🌟🌟🌟🌟🌟 | 3.8茶饮果汁￥23/人,村口冰浆 | LG2 | 🌟🌟🌟🌟🌟 | 3.8茶饮果汁￥23/人 | □ | 点评镑单 | 北新泾/淞虹路饮品销量榜第1名 | 村口冰浆 | 10:00营业 | ￥21.69折 | ￥24 | 惠 | 【爆款】芒果糯糯冰..,ocr/input_videos\上海__上海荟聚中心__20260826.mp4
OBS-000463,上海荟聚中心,柠檬向右,柠檬向右,茶饮果汁,4.1,17,LG1,rated,True,,rated,parsed,rating_anchor,0.9825,0.9928,60,4476,75.935,LG1 | 🌟🌟⭐⭐ | 4.1茶饮果汁￥17/人,柠檬向右 | LENOVRICAT | 网 | LG1 | 🌟🌟⭐⭐ | 4.1茶饮果汁￥17/人 | 点评榜单 | 北新泾/淞虹路饮品回头客榜第1名 | 芙莉营业中记忆 | ￥13.46.4折 | ￥21 | 【精选三种柠檬】鸭.. | 惠,ocr/input_videos\上海__上海荟聚中心__20260826.mp4
OBS-000464,上海荟聚中心,村口冰浆,村口冰浆,茶饮果汁,3.8,23,LG2,rated,True,,rated,parsed,rating_anchor,0.9839,0.9994,60,4548,77.157,⭐🌟🌟🌟🌟 | LG2 | 3.8茶饮果汁￥23/人,村口冰浆 | ⭐🌟🌟🌟🌟 | LG2 | 3.8茶饮果汁￥23/人 | □ | □ | 点评榜单 | 北新泾/淞虹路饮品销量榜第1名 | 村口冰浆 | 10:00营业 | ￥21.69折 | ￥24 | 惠 | 【爆款】芒果糯糯冰..,ocr/input_videos\上海__上海荟聚中心__20260826.mp4
OBS-000465,上海荟聚中心,柠檬向右,柠檬向右,茶饮果汁,4.1,17,LG1,rated,True,,rated,parsed,rating_anchor,0.9747,0.9899,60,4548,77.157,4.1茶饮果汁￥17/人 | LG1 | 🌟🌟🌟⭐ | ★,柠檬向右 | LENOV RIG-Y | 体色 | 4.1茶饮果汁￥17/人 | LG1 | 🌟🌟🌟⭐ | ★ | 点评榜单 | 北新泾/淞虹路饮品回头客榜第1名 | 芙莉营业中记忆 | ￥21 | ￥13.46.4折 | 【精选三种柠檬】鸭. | 惠 | 电,ocr/input_videos\上海__上海荟聚中心__20260826.mp4
OBS-000466,上海荟聚中心,GXG,GXG,服饰鞋包,3.8,,LG1,rated,True,,rated,parsed,rating_anchor,0.956,0.9961,60,4548,77.157,LG1 | ⭐3.8服饰鞋包,GXG | LG1 | ⭐3.8服饰鞋包 | GXG | 10:00营业,ocr/input_videos\上海__上海荟聚中心__20260826.mp4
OBS-000467,上海荟聚中心,DQ·蛋糕·冰淇淋,DQ·蛋糕·冰淇淋,冰淇淋,4.1,26,LG2,rated,True,,rated,parsed,rating_anchor,0.9672,0.9693,58,4548,77.157,LG2 | 🌟🌟🌟⭐ | 4.1冰淇淋￥26/人 | ￥,DQ·蛋糕·冰淇淋 | D | 芒果棉彩 | LG2 | 🌟🌟🌟⭐ | 4.1冰淇淋￥26/人 | ￥ | 点评榜单 | 北新泾/淞虹路饮品打卡人气榜第3名 | 10:00营业 | ￥38 | ￥35.29.3折 | 【可配送/爆品】DQ. | 惠,ocr/input_videos\上海__上海荟聚中心__20260826.mp4
OBS-000468,上海荟聚中心,太犇牛手作茶铺,太犇牛手作茶铺,茶饮果汁,,18,LG2,new_store,False,new_store,ocr_missing,parsed,metadata_anchor,0.9759,0.9985,57,4548,77.157,新店 | LG2 | 茶饮果汁￥18/人,太犇牛手作茶铺 | 次鲍牛 | 新店 | LG2 | 茶饮果汁￥18/人 | 点评榜单 | 北新泾/淞虹路饮品销量榜第3名 | 10:00营业,ocr/input_videos\上海__上海荟聚中心__20260826.mp4
OBS-000469,上海荟聚中心,村口冰浆,村口冰浆,茶饮果汁,3.8,23,LG2,rated,True,,rated,parsed,rating_anchor,0.9888,0.9994,60,4572,77.564,🌟🌟🎉🌟⭐ | LG2 | 3.8茶饮果汁￥23/人,村口冰浆 | 🌟🌟🎉🌟⭐ | LG2 | 3.8茶饮果汁￥23/人 | □ | □ | 点评榜单 | 北新泾/淞虹路饮品销量榜第1名 | 村口冰浆 | 10:00营业 | ￥21.69折 | ￥24 | 惠 | 【爆款】芒果糯糯冰..,ocr/input_videos\上海__上海荟聚中心__20260826.mp4
OBS-000470,上海荟聚中心,柠檬向右,柠檬向右,茶饮果汁,4.1,17,LG1,rated,True,,rated,parsed,rating_anchor,0.9812,0.991,60,4572,77.564,LG1 | 🌟🌟🌟🎉 | 4.1茶饮果汁￥17/人 | ★,柠檬向右 | LENOVRICAT | LG1 | 🌟🌟🌟🎉 | 4.1茶饮果汁￥17/人 | ★ | 点评榜单 | 北新泾/淞虹路饮品回头客榜第1名 | 芙莉营业中记忆 | ￥21 | 【精选三种柠檬】鸭. | ￥13.4 | 6.4折 | 惠,ocr/input_videos\上海__上海荟聚中心__20260826.mp4
OBS-000471,上海荟聚中心,GXG,GXG,服饰鞋包,3.8,,LG1,rated,True,,rated,parsed,rating_anchor,0.9967,0.9968,61,4572,77.564,LG1 | 🌟🌟🌟🌟⭐ | 3.8服饰鞋包,GXG | LG1 | 🌟🌟🌟🌟⭐ | 3.8服饰鞋包 | GXG | 10:00营业,ocr/input_videos\上海__上海荟聚中心__20260826.mp4
OBS-000472,上海荟聚中心,DQ·蛋糕·冰淇淋,DQ·蛋糕·冰淇淋,冰淇淋,4.1,26,LG2,rated,True,,rated,parsed,rating_anchor,0.9675,0.983,61,4572,77.564,LG2 | 🌟🌟🌟🎉 | 冰淇淋￥26/人 | 4.1,DQ·蛋糕·冰淇淋 | DO | 艺果棉米 | LG2 | 🌟🌟🌟🎉 | 冰淇淋￥26/人 | 4.1 | 点评榜单 | 北新泾/淞虹路饮品打卡人气榜第3名 | 10:00营业 | ￥35.29.3折 | ￥38 | 【可配送/爆品】DQ.. | 惠,ocr/input_videos\上海__上海荟聚中心__20260826.mp4
OBS-000473,上海荟聚中心,太犇牛手作茶铺,太犇牛手作茶铺,茶饮果汁,,18,LG2,new_store,False,new_store,ocr_missing,parsed,metadata_anchor,0.9844,0.9989,58,4572,77.564,新店 | LG2 | 茶饮果汁￥18/人,太犇牛手作茶铺 | 木温牛 | 新店 | LG2 | 茶饮果汁￥18/人 | 点评榜单 | 北新泾/淞虹路饮品销量榜第3名 | 10:00营业 | 惠¥￥4.83.7折 | ￥13超浓牛乳手工冰淇淋,ocr/input_videos\上海__上海荟聚中心__20260826.mp4
OBS-000474,上海荟聚中心,柠檬向右,柠檬向右,茶饮果汁,4.1,17,LG1,rated,True,,rated,parsed,rating_anchor,0.9689,0.9921,60,4620,78.378,LG1 | ⭐🌟🌟⭐ | 茶饮果汁￥17/人 | 4.1 | ★,柠檬向右 | IFMONPIT | 尚肉 | LG1 | ⭐🌟🌟⭐ | 茶饮果汁￥17/人 | 4.1 | ★ | 点评榜单 | 北新泾/淞虹路饮品回头客榜第1名 | 芙莉营业中记忆 | ￥13.46.4折 | ￥21 | 【精选三种柠檬】鸭. | 惠,ocr/input_videos\上海__上海荟聚中心__20260826.mp4
OBS-000475,上海荟聚中心,GXG,GXG,服饰鞋包,3.8,,LG1,rated,True,,rated,parsed,rating_anchor,0.9608,0.9966,56,4620,78.378,⭐3.8服饰鞋包 | LG1,GXG | ⭐3.8服饰鞋包 | LG1 | GXG | 10:00营业,ocr/input_videos\上海__上海荟聚中心__20260826.mp4
OBS-000476,上海荟聚中心,DQ·蛋糕·冰淇淋,DQ·蛋糕·冰淇淋,冰淇淋,4.1,26,LG2,rated,True,,rated,parsed,rating_anchor,0.9663,0.968,51,4620,78.378,LG2 | 🌟🌟💥⭐ | 4.1冰淇淋￥26/人,DQ | DQ·蛋糕·冰淇淋 | 芒果棉米 | LG2 | 🌟🌟💥⭐ | 4.1冰淇淋￥26/人 | 点评榜单 | 北新泾/淞虹路饮品打卡人气榜第3名 | 10:00营业 | ￥35.2 | ￥38 | 【可配送/爆品】DQ.… | 9.3折 | 惠,ocr/input_videos\上海__上海荟聚中心__20260826.mp4
OBS-000477,上海荟聚中心,太犇牛手作茶铺,太犇牛手作茶铺,茶饮果汁,,18,LG2,new_store,False,new_store,ocr_missing,parsed,metadata_anchor,0.9794,0.9989,52,4620,78.378,新店 | LG2 | 茶饮果汁￥18/人,太犇牛手作茶铺 | 太此牛 | 新店 | LG2 | 茶饮果汁￥18/人 | 点评榜单 | 北新泾/淞虹路饮品销量榜第3名 | 10:00营业 | ￥4.8 | ￥13超浓牛乳手工冰淇淋... | 3.7折 | 惠,ocr/input_videos\上海__上海荟聚中心__20260826.mp4
OBS-000478,上海荟聚中心,喜坊编绳·串珠·定制,喜坊编绳·串珠·定制,月,4.7,192,L2,rated,True,,rated,parsed,rating_anchor,0.958,0.9517,55,4620,78.378,L2 | 🌟🌟🌟🌟🌟 | 服饰鞋包￥192/人 | 4.7月,喜坊编绳·串珠·定制 | L2 | 🌟🌟🌟🌟🌟 | 服饰鞋包￥192/人 | 4.7月 | 点评榜单 | 北新泾/淞虹路服饰鞋包热门榜第8名 | 10:00营业 | “编链独，意义非凡”,ocr/input_videos\上海__上海荟聚中心__20260826.mp4
OBS-000479,上海荟聚中心,GXG,GXG,服饰鞋包,3.8,,LG1,rated,True,,rated,parsed,rating_anchor,0.9703,0.997,60,4668,79.193,LG1 | ⭐3.8服饰鞋包,GXG | LG1 | ⭐3.8服饰鞋包 | GXG | 10:00营业,ocr/input_videos\上海__上海荟聚中心__20260826.mp4
OBS-000480,上海荟聚中心,DQ·蛋糕·冰淇淋,DQ·蛋糕·冰淇淋,冰淇淋,4.1,26,LG2,rated,True,,rated,parsed,rating_anchor,0.967,0.9723,55,4668,79.193,LG2 | 🌟🌟⭐⭐ | 4.1冰淇淋￥26/人 | ★,DQ·蛋糕·冰淇淋 | DO | LG2 | 🌟🌟⭐⭐ | 4.1冰淇淋￥26/人 | ★ | 点评榜单 | 北新泾/淞虹路饮品打卡人气榜第3名 | 10:00营业 | ￥35.29.3折 | ￥38 | 【可配送/爆品】DQ… | 惠,ocr/input_videos\上海__上海荟聚中心__20260826.mp4
OBS-000481,上海荟聚中心,太犇牛手作茶铺,太犇牛手作茶铺,茶饮果汁,,18,LG2,new_store,False,new_store,ocr_missing,parsed,metadata_anchor,0.9852,0.9993,54,4668,79.193,新店 | LG2 | 茶饮果汁￥18/人,太犇牛手作茶铺 | 次选牛 | 新店 | LG2 | 茶饮果汁￥18/人 | 点评榜单 | 北新泾/淞虹路饮品销量榜第3名 | 10:00营业 | ￥4.83.7折 | 惠 | ￥13超浓牛乳手工冰淇淋..,ocr/input_videos\上海__上海荟聚中心__20260826.mp4
OBS-000482,上海荟聚中心,喜坊编绳·串珠·定制,喜坊编绳·串珠·定制,服饰鞋包,4.7,192,L2,rated,True,,rated,parsed,rating_anchor,0.9759,0.9811,54,4668,79.193,L2 | 🌟🌟⭐🌟🌟 | 服饰鞋包￥192/人 | 4.7,喜坊编绳·串珠·定制 | L2 | 🌟🌟⭐🌟🌟 | 服饰鞋包￥192/人 | 4.7 | 点评榜单 | 北新泾/淞虹路服饰鞋包热门榜第8名 | 10:00营业 | 编手链独一无二，意义非凡 | 5 | “,ocr/input_videos\上海__上海荟聚中心__20260826.mp4
OBS-000483,上海荟聚中心,无印良品咖啡Café MUJI,无印良品咖啡CaféMUJI,咖啡,4.6,19,L1,rated,True,,rated,parsed,rating_anchor,0.9535,0.9618,55,4668,79.193,🌟🌟🎉🌟🌟 | 咖啡￥19/人 | L1 | 4.6,无印良品咖啡Café MUJI | 青夏 | B | 艺气议 | 是音 | 🌟🌟🎉🌟🌟 | 咖啡￥19/人 | L1 | 4.6 | 点评榜单 | 北新泾/淞虹路咖啡好评榜第1名 | 营业中 | 座位多，秋梨好喝，位置方便 | “ | ￥64折 | ￥15 | 惠 | 【限时】美式咖啡,ocr/input_videos\上海__上海荟聚中心__20260826.mp4
OBS-000484,上海荟聚中心,G入G,G入G,服饰鞋包,3.8,,LG1,rated,True,,rated,parsed,rating_anchor,0.9069,0.8191,43,4716,80.007,LG1 | 🌟🌟🌟🌟🌟 | 3.8服饰鞋包,G入G | LG1 | 🌟🌟🌟🌟🌟 | 3.8服饰鞋包 | GXG | 10:00营业,ocr/input_videos\上海__上海荟聚中心__20260826.mp4
OBS-000485,上海荟聚中心,DQ·蛋糕·冰淇淋,DQ·蛋糕·冰淇淋,冰淇淋,4.1,26,LG2,rated,True,,rated,parsed,rating_anchor,0.9675,0.9733,56,4716,80.007,LG2 | 4.1冰淇淋￥26/人 | ★🌟★★,DQ·蛋糕·冰淇淋 | DQ | 芒果棉术 | LG2 | 4.1冰淇淋￥26/人 | ★🌟★★ | 点评榜单 | 北新泾/淞虹路饮品打卡人气榜第3名 | 10:00营业 | 【可配送/爆品】DQ… | ￥35.29.3折 | ￥38 | 惠,ocr/input_videos\上海__上海荟聚中心__20260826.mp4
OBS-000486,上海荟聚中心,太犇牛手作茶铺,太犇牛手作茶铺,茶饮果汁,,18,LG2,new_store,False,new_store,ocr_missing,parsed,metadata_anchor,0.9835,0.9965,55,4716,80.007,新店 | LG2 | 茶饮果汁￥18/人,太犇牛手作茶铺 | 太熊半 | 新店 | LG2 | 茶饮果汁￥18/人 | 点评榜单 | 北新泾/淞虹路饮品销量榜第3名 | 10:00营业 | ￥4.83.7折 | 惠 | ￥13超浓牛乳手工冰淇淋...,ocr/input_videos\上海__上海荟聚中心__20260826.mp4
OBS-000487,上海荟聚中心,喜坊编绳·串珠·定制,喜坊编绳·串珠·定制,服饰鞋包,4.7,192,L2,rated,True,,rated,parsed,rating_anchor,0.9588,0.9511,55,4716,80.007,L2 | 4.7 | 服饰鞋包￥192/人 | 🌟🌟🌟🌟🌟,"喜坊编绳·串珠·定制 | L2 | 4.7 | 服饰鞋包￥192/人 | 🌟🌟🌟🌟🌟 | 点评榜单 | 北新泾/淞虹路服饰鞋包热门榜第8名 | 10:00营业 | 编手链独一无，意义非凡” | ,",ocr/input_videos\上海__上海荟聚中心__20260826.mp4
OBS-000488,上海荟聚中心,无印良品咖啡CaféMUJI,无印良品咖啡CaféMUJI,咖啡,4.6,19,L1,rated,True,,rated,parsed,rating_anchor,0.9599,0.987,55,4716,80.007,咖啡￥19/人 | L1 | 🌟🌟🌟🌟🌟 | 4.6,无印良品咖啡CaféMUJI | 青夏 | 巫 | 型气饮 | 音 | 咖啡￥19/人 | L1 | 🌟🌟🌟🌟🌟 | 4.6 | 点评榜单 | 北新泾/淞虹路咖啡好评榜第1名 | 营业中 | “ | 座位多，秋梨好喝，位置方便 | 力 | ￥64折 | ￥15 | 惠 | 【限时】美式咖啡,ocr/input_videos\上海__上海荟聚中心__20260826.mp4
OBS-000489,上海荟聚中心,太犇牛手作茶铺,太犇牛手作茶铺,茶饮果汁,,18,LG2,new_store,False,new_store,ocr_missing,parsed,metadata_anchor,0.9634,0.9985,55,4740,80.414,新店 | LG2 | 茶饮果汁￥18/人,太犇牛手作茶铺 | 永线牛 | 新店 | LG2 | 茶饮果汁￥18/人 | 点评榜单 | 北新泾/淞虹路饮品销量榜第3名 | 10:00营业 | ￥4.8 | 3.7折 | ￥13超浓牛乳手工冰淇淋... | 惠,ocr/input_videos\上海__上海荟聚中心__20260826.mp4
OBS-000490,上海荟聚中心,喜坊编绳·串珠·定制,喜坊编绳·串珠·定制,服饰鞋包,4.7,192,L2,rated,True,,rated,parsed,rating_anchor,0.9637,0.9555,57,4740,80.414,L2 | 🌟🌟⭐🌟🌟 | 4.7 | 服饰鞋包￥192/人,喜坊编绳·串珠·定制 | L2 | 🌟🌟⭐🌟🌟 | 4.7 | 服饰鞋包￥192/人 | 点评榜单 | 北新泾/淞虹路服饰鞋包热门榜第8名 | 10:00营业 | 编手链独一无，意义非凡” | 9 | SC,ocr/input_videos\上海__上海荟聚中心__20260826.mp4
OBS-000491,上海荟聚中心,无印良品咖啡CaféMUJI,无印良品咖啡CaféMUJI,咖啡,4.6,19,L1,rated,True,,rated,parsed,rating_anchor,0.9681,0.9958,50,4740,80.414,咖啡￥19/人 | L1 | 🌟🌟🌟🌟🌟 | 4.6,喜 | 无印良品咖啡CaféMUJI | 实能联车 | 可司 | 同客气议 | 咖啡￥19/人 | L1 | 🌟🌟🌟🌟🌟 | 4.6 | 点评榜单 | 北新泾/淞虹路咖啡好评榜第1名 | 营业中 | 座位多，秋梨好喝，位置方便 | “ | ￥64折 | ￥15 | 惠 | 【限时】美式咖啡,ocr/input_videos\上海__上海荟聚中心__20260826.mp4
OBS-000492,上海荟聚中心,艾炒酸奶,艾炒酸奶,酸奶鲜奶,,22,L3,new_store,False,new_store,ocr_missing,parsed,metadata_anchor,0.9779,0.9998,56,4740,80.414,酸奶鲜奶￥22/人 | 新店 | L3,艾炒酸奶 | 酸奶鲜奶￥22/人 | 新店 | L3 | 点评榜单 | 长宁区酸奶鲜奶销量榜第2名 | 10:00营业 | ￥17.19折 | 惠 | ￥19 | 【人气推荐】杨枝甘…. | ￥1.5 | 5折 | ￥33元代金券 | 惠,ocr/input_videos\上海__上海荟聚中心__20260826.mp4
OBS-000493,上海荟聚中心,太犇牛手作茶铺,太犇牛手作茶铺,茶饮果汁,,18,LG2,new_store,False,new_store,ocr_missing,parsed,metadata_anchor,0.9854,0.9992,52,4776,81.025,新店 | LG2 | 茶饮果汁￥18/人,太犇牛手作茶铺 | 次些牛 | 新店 | LG2 | 茶饮果汁￥18/人 | 点评榜单 | 北新泾/淞虹路饮品销量榜第3名 | 10:00营业 | 3.7折 | ￥4.8 | ￥13超浓牛乳手工冰淇淋... | 惠,ocr/input_videos\上海__上海荟聚中心__20260826.mp4
OBS-000494,上海荟聚中心,喜坊编绳·串珠·定制,喜坊编绳·串珠·定制,服饰鞋包,4.7,192,L2,rated,True,,rated,parsed,rating_anchor,0.9898,0.9804,57,4776,81.025,🌟🌟⭐🌟 | L2 | 服饰鞋包 | ￥192/人 | 4.7,喜坊编绳·串珠·定制 | 🌟🌟⭐🌟 | L2 | 服饰鞋包 | ￥192/人 | 4.7 | 点评榜单 | 北新泾/淞虹路服饰鞋包热门榜第8名 | 10:00营业 | 编手链独一无二，意义非凡” | 5,ocr/input_videos\上海__上海荟聚中心__20260826.mp4
OBS-000495,上海荟聚中心,无印良品咖啡Café MUJI,无印良品咖啡CaféMUJI,咖啡,,19,L1,unknown,True,,ocr_missing,parsed,metadata_anchor,0.9506,0.9631,53,4776,81.025,🌟🌟🌟🌟🌟 | L1 | 咖啡￥19/人,无印良品咖啡Café MUJI | 青夏 | 留安 | 气制饮 | 芒百 | 🌟🌟🌟🌟🌟 | L1 | 咖啡￥19/人 | 点评榜单 | 北新泾/淞虹路咖啡好评榜第1名 | 营业中 | 座位多，秋梨好喝，位置方便” | “ | CMUJI | ￥64折 | 【限时】美式咖啡 | ￥15 | 惠,ocr/input_videos\上海__上海荟聚中心__20260826.mp4
OBS-000496,上海荟聚中心,艾炒酸奶,艾炒酸奶,酸奶鲜奶,,22,L3,new_store,False,new_store,ocr_missing,parsed,metadata_anchor,0.9856,0.9999,56,4776,81.025,新店 | L3 | 酸奶鲜奶￥22/人,艾炒酸奶 | 新店 | L3 | 酸奶鲜奶￥22/人 | 点评榜单 | 长宁区酸奶鲜奶销量榜第2名 | 10:00营业 | ￥17.19折 | ￥19 | 惠 | 【人气推荐】杨枝甘. | ￥1.5 | 5折 | 惠 | 3元代金券 | ￥3,ocr/input_videos\上海__上海荟聚中心__20260826.mp4
OBS-000497,上海荟聚中心,TARANIS,TARANIS,服饰鞋包,4.4,896,L3,rated,True,,rated,parsed,rating_anchor,0.9846,0.9975,45,4776,81.025,L3 | 🌟🌟🌟⭐ | 4.4服饰鞋包￥896/人 | ★,TARANIS | TARANIS | L3 | 🌟🌟🌟⭐ | 4.4服饰鞋包￥896/人 | ★ | 10:00营业,ocr/input_videos\上海__上海荟聚中心__20260826.mp4
OBS-000498,上海荟聚中心,喜坊编绳·串珠·定制,喜坊编绳·串珠·定制,服饰鞋包,4.7,192,L2,rated,True,,rated,parsed,rating_anchor,0.977,0.9876,54,4824,81.839,L2 | 🌟🌟🌟🌟🌟 | 服饰鞋包￥192/人 | 4.7,喜坊编绳·串珠·定制 | L2 | 🌟🌟🌟🌟🌟 | 服饰鞋包￥192/人 | 4.7 | 点评榜单 | 北新泾/淞虹路服饰鞋包热门榜第8名 | 10:00营业 | 编手链独一无二，意义非凡” | 3,ocr/input_videos\上海__上海荟聚中心__20260826.mp4
OBS-000499,上海荟聚中心,无印良品咖啡CaféMUJI,无印良品咖啡CaféMUJI,咖啡,4.6,19,L1,rated,True,,rated,parsed,rating_anchor,0.9679,0.9927,54,4824,81.839,🌟🌟★★🌟 | L1 | 咖啡￥19/人 | 4.6,无印良品咖啡CaféMUJI | 实康联话 | 青夏 | 国 | 气议 | 芒百 | 🌟🌟★★🌟 | L1 | 咖啡￥19/人 | 4.6 | 点评榜单 | 北新泾/淞虹路咖啡好评榜第1名 | 营业中 | 座位多，秋梨好喝，位置方便 | S | MUJI | ￥64折 | ￥15 | 【限时】美式咖啡 | 惠,ocr/input_videos\上海__上海荟聚中心__20260826.mp4
OBS-000500,上海荟聚中心,艾炒酸奶,艾炒酸奶,酸奶鲜奶,,22,L3,new_store,False,new_store,ocr_missing,parsed,metadata_anchor,0.9856,0.9998,57,4824,81.839,L3 | 新店 | 酸奶鲜奶￥22/人,艾炒酸奶 | L3 | 新店 | 酸奶鲜奶￥22/人 | 点评榜单 | 长宁区酸奶鲜奶销量榜第2名 | 10:00营业 | ￥17.1 | 9折 | ￥19 | 惠 | 【人气推荐】杨枝甘.. | ￥1.5 | 5折 | 惠 | 3元代金券 | ￥3,ocr/input_videos\上海__上海荟聚中心__20260826.mp4
OBS-000501,上海荟聚中心,TARANIS,TARANIS,服饰鞋包,4.4,896,L3,rated,True,,rated,parsed,rating_anchor,0.9868,0.9977,45,4824,81.839,⭐🌟⭐⭐ | L3 | 4.4服饰鞋包￥896/人 | ★,TARANIS | TARANIS | ⭐🌟⭐⭐ | L3 | 4.4服饰鞋包￥896/人 | ★ | 10:00营业,ocr/input_videos\上海__上海荟聚中心__20260826.mp4
OBS-000502,上海荟聚中心,混果汁,混果汁,茶饮果汁,3.9,26,L3,rated,True,,rated,parsed,rating_anchor,0.9763,0.9997,57,4824,81.839,茶饮果汁￥26/人 | L3 | ⭐🌟🌟🌟 | 3.9,混果汁 | 茶饮果汁￥26/人 | L3 | ⭐🌟🌟🌟 | 3.9 | 点评榜单 | 北新泾/淞虹路茶饮果汁销量榜第9名 | 10:00营业 | “□味当可 | 环境服务性价比高“,ocr/input_videos\上海__上海荟聚中心__20260826.mp4
OBS-000503,上海荟聚中心,无印良品咖啡CaféMUJI,无印良品咖啡CaféMUJI,咖啡,4.6,19,L1,rated,True,,rated,parsed,rating_anchor,0.9755,0.9923,51,4860,82.45,🌟🌟🌟⭐🌟 | L1 | 4.6咖啡￥19/人,无印良品咖啡CaféMUJI | 同 | 男气议 | 芒百 | 🌟🌟🌟⭐🌟 | L1 | 4.6咖啡￥19/人 | 点评榜单 | 北新泾/淞虹路咖啡好评榜第1名 | 营业中M | 座位多，秋梨好喝，位置方便” | “ | ￥64折 | ￥15 | 【限时】美式咖啡 | 惠,ocr/input_videos\上海__上海荟聚中心__20260826.mp4
OBS-000504,上海荟聚中心,艾炒酸奶,艾炒酸奶,酸奶鲜奶,,22,L3,new_store,False,new_store,ocr_missing,parsed,metadata_anchor,0.9831,0.9999,56,4860,82.45,新店 | 酸奶鲜奶￥22/人 | L3,艾炒酸奶 | 新店 | 酸奶鲜奶￥22/人 | L3 | 点评榜单 | 长宁区酸奶鲜奶销量榜第2名 | 10:00营业 | ￥17.1 | 9折 | ￥19 | 惠 | 【人气推荐】杨枝甘.. | ￥1.5 | 5折 | ￥33元代金券 | 惠,ocr/input_videos\上海__上海荟聚中心__20260826.mp4
OBS-000505,上海荟聚中心,TARANIS,TARANIS,服饰鞋包,4.4,896,L3,rated,True,,rated,parsed,rating_anchor,0.9831,0.9972,48,4860,82.45,🌟🌟🌟⭐🌟 | 4.4服饰鞋包￥896/人 | L3,TARANIS | TARANIS | 🌟🌟🌟⭐🌟 | 4.4服饰鞋包￥896/人 | L3 | 10:00营业,ocr/input_videos\上海__上海荟聚中心__20260826.mp4
OBS-000506,上海荟聚中心,混果汁,混果汁,茶饮果汁,3.9,26,L3,rated,True,,rated,parsed,rating_anchor,0.9836,0.9997,61,4860,82.45,3.9茶饮果汁￥26/人 | L3,混果汁 | 3.9茶饮果汁￥26/人 | L3 | 点评榜单 | 北新泾/淞虹路茶饮果汁销量榜第9名 | 10:00营业 | 口味尚可，环境服务性价比高 | “ | 5 | ￥25.9 | 惠 | 8.1折 | ￥32 | 【复购TOP】招牌生..,ocr/input_videos\上海__上海荟聚中心__20260826.mp4
OBS-000507,上海荟聚中心,无印良品咖啡CaféMUJI,无印良品咖啡CaféMUJI,咖啡,4.6,19,L1,rated,True,,rated,parsed,rating_anchor,0.9782,0.9957,51,4896,83.061,4.6咖啡￥19/人 | L1 | ⭐🌟⭐🌟🌟,无印良品咖啡CaféMUJI | 可 | 气议 | 芒音 | 4.6咖啡￥19/人 | L1 | ⭐🌟⭐🌟🌟 | 点评榜单 | 北新泾/淞虹路咖啡好评榜第1名 | 营业中 | 座位多，秋梨好喝，位置方便” | ￥64折 | ￥15 | 【限时】美式咖啡 | 惠,ocr/input_videos\上海__上海荟聚中心__20260826.mp4
OBS-000508,上海荟聚中心,艾炒酸奶,艾炒酸奶,酸奶鲜奶,,22,L3,new_store,False,new_store,ocr_missing,parsed,metadata_anchor,0.9858,0.9999,56,4896,83.061,新店 | L3 | 酸奶鲜奶￥22/人,艾炒酸奶 | 新店 | L3 | 酸奶鲜奶￥22/人 | 点评榜单 | 长宁区酸奶鲜奶销量榜第2名 | 10:00营业 | ￥17.1 | 9折 | ￥19 | 惠 | 【人气推荐】杨枝甘. | ￥1.5 | 5折 | ￥33元代金券 | 惠,ocr/input_videos\上海__上海荟聚中心__20260826.mp4
OBS-000509,上海荟聚中心,TARANIS,TARANIS,服饰鞋包,4.4,896,L3,rated,True,,rated,parsed,rating_anchor,0.9808,0.997,47,4896,83.061,L3 | 🌟🌟⭐⭐ | 4.4服饰鞋包￥896/人 | ★,TARANIS | TARANIS | L3 | 🌟🌟⭐⭐ | 4.4服饰鞋包￥896/人 | ★ | 10:00营业,ocr/input_videos\上海__上海荟聚中心__20260826.mp4
OBS-000510,上海荟聚中心,混果汁,混果汁,茶饮果汁,3.9,26,L3,rated,True,,rated,parsed,rating_anchor,0.9828,0.9998,58,4896,83.061,3.9茶饮果汁￥26/人 | L3,混果汁 | 3.9茶饮果汁￥26/人 | L3 | 点评榜单 | 北新泾/淞虹路茶饮果汁销量榜第9名 | 10:00营业 | 口味尚可，环境服务性价比高 | “ | 5 | ￥25.9 | 8.1折 | ￥32 | 惠 | 【复购TOP】招牌生..,ocr/input_videos\上海__上海荟聚中心__20260826.mp4
OBS-000511,上海荟聚中心,艾炒酸奶,艾炒酸奶,酸奶鲜奶,,22,L3,new_store,False,new_store,ocr_missing,parsed,metadata_anchor,0.9848,0.9999,57,4944,83.875,L3 | 新店 | 酸奶鲜奶￥22/人,艾炒酸奶 | L3 | 新店 | 酸奶鲜奶￥22/人 | 点评榜单 | 长宁区酸奶鲜奶销量榜第2名 | 10:00营业 | ￥19 | ￥17.1 | 9折 | 【人气推荐】杨枝甘... | 惠 | ￥1.5 | 5折 | 惠 | ￥33元代金券,ocr/input_videos\上海__上海荟聚中心__20260826.mp4
OBS-000512,上海荟聚中心,TARANIS,TARANIS,服饰鞋包,4.4,896,L3,rated,True,,rated,parsed,rating_anchor,0.9848,0.9953,51,4944,83.875,🌟🌟🌟🌟 | L3 | 4.4服饰鞋包￥896/人 | ★,TARANIS | TARANIS | 🌟🌟🌟🌟 | L3 | 4.4服饰鞋包￥896/人 | ★ | 10:00营业,ocr/input_videos\上海__上海荟聚中心__20260826.mp4
OBS-000513,上海荟聚中心,混果汁,混果汁,茶饮果汁,3.9,26,L3,rated,True,,rated,parsed,rating_anchor,0.9736,0.9998,61,4944,83.875,🌟🌟🌟🌟🌟 | L3 | 3.9 | 茶饮果汁￥26/人,混果汁 | 🌟🌟🌟🌟🌟 | L3 | 3.9 | 茶饮果汁￥26/人 | 点评榜单 | 北新泾/淞虹路茶饮果汁销量榜第9名 | 10:00营业 | 口味尚可，环境服务性价比高 | ￥25.9 | 【复购TOP】招牌.. | 8.1折 | ￥32 | 惠,ocr/input_videos\上海__上海荟聚中心__20260826.mp4
OBS-000514,上海荟聚中心,瑞幸咖啡,瑞幸咖啡,咖啡,3.9,12,LG2,rated,True,,rated,parsed,rating_anchor,0.9759,0.9999,56,4944,83.875,🌟🌟🎉🌟⭐ | LG2 | 咖啡￥12/人 | 3.9,瑞幸咖啡 | 🌟🌟🎉🌟⭐ | LG2 | 咖啡￥12/人 | 3.9 | 点评榜单 | 北新泾/淞虹路咖啡回头客榜第2名 | 双杯营业中登场！ | 荟聚网红咖啡，服务好评 | “ | ￥20 | 5.7折 | 惠 | ￥11.4 | 【瑞门闭眼入】10选1,ocr/input_videos\上海__上海荟聚中心__20260826.mp4
OBS-000515,上海荟聚中心,MIRABELL美丽寶,MIRABELL美丽宝,服饰鞋包,4.3,,L2,rated,True,,rated,parsed,rating_anchor,0.9985,0.9976,54,4944,83.875,L2 | 🌟🌟🌟🌟 | 服饰鞋包 | 4.3 | ★,MIRABELL美丽寶 | L2 | 🌟🌟🌟🌟 | 服饰鞋包 | 4.3 | ★ | 鞋子表面坚韧，内里柔软舒适” | ≤ | 10:00营业,ocr/input_videos\上海__上海荟聚中心__20260826.mp4
OBS-000516,上海荟聚中心,瑞幸咖啡,瑞幸咖啡,咖啡,3.9,12,LG2,rated,True,,rated,parsed,rating_anchor,0.9663,0.9997,56,5016,85.096,LG2 | 🌟🌟⭐🌟🌟 | 咖啡￥12/人 | 3.9,瑞幸咖啡 | LG2 | 🌟🌟⭐🌟🌟 | 咖啡￥12/人 | 3.9 | 点评榜单 | 北新泾/淞虹路咖啡回头客榜第2名 | 双杯营业中登场！ | 荟聚网红咖啡，服务好评 | 力 | ≤ | ￥20 | 5.7折 | ￥11.4 | 惠 | 【瑞门闭眼入】10选1,ocr/input_videos\上海__上海荟聚中心__20260826.mp4
OBS-000517,上海荟聚中心,MIRABELL美丽寶,MIRABELL美丽宝,服饰鞋包,4.3,,L2,rated,True,,rated,parsed,rating_anchor,0.9985,0.9976,53,5016,85.096,🌟🌟🌟⭐🌟 | L2 | 服饰鞋包 | 4.3,MIRABELL美丽寶 | 🌟🌟🌟⭐🌟 | L2 | 服饰鞋包 | 4.3 | 鞋子表面坚韧，内里柔软舒适 | 《 | 10:00营业,ocr/input_videos\上海__上海荟聚中心__20260826.mp4
OBS-000518,上海荟聚中心,茉莉奶白,茉莉奶白,茶饮果汁,3.9,19,LG1,rated,True,,rated,parsed,rating_anchor,0.9785,0.9949,55,5016,85.096,★★★🌟★ | LG1 | 3.9 | 茶饮果汁￥19/人,茉莉奶白 | MOLLY TEA | 利财白 | ★★★🌟★ | LG1 | 3.9 | 茶饮果汁￥19/人 | 点评榜单 | 北新泾/淞虹路茶饮果汁打卡人气榜第7名 | 营业中 | 环境整洁服务好” | ￥15.67.8折 | ￥20茉莉奶白 | （大杯） | 惠,ocr/input_videos\上海__上海荟聚中心__20260826.mp4
OBS-000519,上海荟聚中心,本草小匠养生熟水,本草小匠养生熟水,饮品,4.4,26,L3,rated,True,,rated,parsed,rating_anchor,0.9617,0.9877,48,5016,85.096,🌟🌟🌟🌟 | L3 | 饮品￥26/人 | 4.4,本草小匠养生熟水 | 秋， | 十年球皮纯露梨 | 月 | 本菜 | 小豆 | 🌟🌟🌟🌟 | L3 | 饮品￥26/人 | 4.4 | 滋阴润 | 点评镑单 | 北新泾/淞虹路饮品环境榜第2名 | 营业中澡 | ￥22.88.8折 | ￥26 | 十年陈.. | 惠 | (清畅呼吸),ocr/input_videos\上海__上海荟聚中心__20260826.mp4
OBS-000520,上海荟聚中心,瑞幸咖啡,瑞幸咖啡,咖啡,3.9,12,LG2,rated,True,,rated,parsed,rating_anchor,0.9751,0.9998,56,5028,85.3,⭐🌟🌟⭐ | LG2 | 3.9 | 咖啡￥12/人,瑞幸咖啡 | ⭐🌟🌟⭐ | LG2 | 3.9 | 咖啡￥12/人 | 点评榜单 | 北新泾/淞虹路咖啡回头客榜第2名 | 双杯营业中登场！ | 荟聚网红咖啡，服务好评 | “ | ￥20 | 惠 | ￥11.4 | 5.7折 | 【瑞门闭眼入】10选1,ocr/input_videos\上海__上海荟聚中心__20260826.mp4
OBS-000521,上海荟聚中心,MIRABELL美丽寶,MIRABELL美丽宝,服饰鞋包,4.3,,L2,rated,True,,rated,parsed,rating_anchor,0.9989,0.9982,51,5028,85.3,服饰鞋包 | 🌟🌟💥🌟 | L2 | 4.3 | 2,MIRABELL美丽寶 | 服饰鞋包 | 🌟🌟💥🌟 | L2 | 4.3 | 2 | 鞋子表面坚韧，内里柔软舒适 | ≤ | 10:00营业,ocr/input_videos\上海__上海荟聚中心__20260826.mp4
OBS-000522,上海荟聚中心,茉莉奶白,茉莉奶白,茶饮果汁,3.9,19,LG1,rated,True,,rated,parsed,rating_anchor,0.9807,0.9986,56,5028,85.3,LG1 | 🌟🌟⭐🌟⭐ | 茶饮果汁￥19/人 | 3.9,茉莉奶白 | MOLLY TEA | 莱彩奶白 | LG1 | 🌟🌟⭐🌟⭐ | 茶饮果汁￥19/人 | 3.9 | 点评榜单 | 北新泾/淞虹路茶饮果汁打卡人气榜第7名 | 营业中 | 环境整洁服务好” | “ | ￥20茉莉奶白 | ￥15.6 | 7.8折 | 惠 | （大杯）,ocr/input_videos\上海__上海荟聚中心__20260826.mp4
OBS-000523,上海荟聚中心,本草小匠养生熟水,本草小匠养生熟水,饮品,4.4,26,L3,rated,True,,rated,parsed,rating_anchor,0.9971,0.9949,51,5028,85.3,L3 | 🌟🌟🌟🌟 | 饮品 | ￥26/人 | 4.4,本草小匠养生熟水 | 秋，滋阴 | 十年陈皮纯驾梨 | 本址 | 小匠 | L3 | 🌟🌟🌟🌟 | 饮品 | ￥26/人 | 4.4 | 点评榜单 | 北新泾/淞虹路饮品环境榜第2名 | 营业中澡 | ￥26 | ￥22.8 | 8.8折 | 十年陈.. | 惠 | (清畅呼吸),ocr/input_videos\上海__上海荟聚中心__20260826.mp4
OBS-000524,上海荟聚中心,周大生珠宝,周大生珠宝,黄金首饰,,,L2,new_store,False,new_store,ocr_missing,parsed,metadata_anchor,0.9997,0.9998,54,5028,85.3,新店 | 黄金首饰 | L2,周大生珠宝 | TSENG周大生 | 新店 | 黄金首饰 | L2 | 10:00营业,ocr/input_videos\上海__上海荟聚中心__20260826.mp4
OBS-000525,上海荟聚中心,瑞幸咖啡,瑞幸咖啡,咖啡,3.9,12,LG2,rated,True,,rated,parsed,rating_anchor,0.9756,0.9998,56,5052,85.707,LG2 | 🌟🌟🌟🌟🌟 | 咖啡￥12/人 | 3.9,瑞幸咖啡 | LG2 | 🌟🌟🌟🌟🌟 | 咖啡￥12/人 | 3.9 | 点评榜单 | 北新泾/淞虹路咖啡回头客榜第2名 | 双杯营业中登场！ | 荟聚网红咖啡，服务好评 | C | ￥20 | 5.7折 | ￥11.4 | 【瑞门闭眼入】10选1 | 惠,ocr/input_videos\上海__上海荟聚中心__20260826.mp4
OBS-000526,上海荟聚中心,MIRABELL美丽寶,MIRABELL美丽宝,服饰鞋包,4.3,,L2,rated,True,,rated,parsed,rating_anchor,0.9984,0.9974,56,5052,85.707,L2 | 服饰鞋包 | ★★★★ | 4.3,MIRABELL美丽寶 | L2 | 服饰鞋包 | ★★★★ | 4.3 | 鞋子表面坚韧，内里柔软舒适” | S | 10:00营业,ocr/input_videos\上海__上海荟聚中心__20260826.mp4
OBS-000527,上海荟聚中心,茉莉奶白,茉莉奶白,茶饮果汁,3.9,19,LG1,rated,True,,rated,parsed,rating_anchor,0.9826,0.9978,59,5052,85.707,LG1 | 🌟🌟⭐🌟🌟 | 茶饮果汁￥19/人 | 3.9,茉莉奶白 | MOLLYTEA | 美物影白 | LG1 | 🌟🌟⭐🌟🌟 | 茶饮果汁￥19/人 | 3.9 | 点评榜单 | 北新泾/淞虹路茶饮果汁打卡人气榜第7名 | 营业中 | 环境整洁服务好” | “ | ￥15.6 | ￥20 | 7.8折 | 惠 | （大杯） | 茉莉奶白,ocr/input_videos\上海__上海荟聚中心__20260826.mp4
OBS-000528,上海荟聚中心,本草小匠养生熟水,本草小匠养生熟水,饮品,4.4,26,L3,rated,True,,rated,parsed,rating_anchor,0.9973,0.9955,51,5052,85.707,L3 | 🌟🌟⭐🌟 | 饮品 | ￥26/人 | 4.4 | ★,本草小匠养生熟水 | 秋，滋阴 | 十年陈皮纯舞梨 | L3 | 🌟🌟⭐🌟 | 饮品 | ￥26/人 | 4.4 | ★ | 点评榜单 | 北新泾/淞虹路饮品环境榜第2名 | 营业中噪 | ￥26 | ￥22.8 | 8.8折 | 十年陈.. | 惠 | (清畅呼吸),ocr/input_videos\上海__上海荟聚中心__20260826.mp4
OBS-000529,上海荟聚中心,周大生珠宝,周大生珠宝,黄金首饰,,,L2,new_store,False,new_store,ocr_missing,parsed,metadata_anchor,0.9997,0.9998,55,5052,85.707,新店 | 黄金首饰 | L2,周大生珠宝 | ISENG周大生 | 新店 | 黄金首饰 | L2 | 10:00营业,ocr/input_videos\上海__上海荟聚中心__20260826.mp4
OBS-000530,上海荟聚中心,茉莉奶白,茉莉奶白,茶饮果汁,3.9,19,LG1,rated,True,,rated,parsed,rating_anchor,0.9851,0.9983,59,5124,86.929,🌟🌟🌟🌟🌟 | LG1 | 茶饮果汁￥19/人 | 3.9,茉莉奶白 | MOLLY TEA | 莱利好白 | 🌟🌟🌟🌟🌟 | LG1 | 茶饮果汁￥19/人 | 3.9 | 点评榜单 | 北新泾/淞虹路茶饮果汁打卡人气榜第7名 | 营业中 | 环境整洁服务好 | ￥15.6 | 惠 | 7.8折 | ￥20茉莉奶白 | （大杯）,ocr/input_videos\上海__上海荟聚中心__20260826.mp4
OBS-000531,上海荟聚中心,本草小匠养生熟水,本草小匠养生熟水,饮品,4.4,26,L3,rated,True,,rated,parsed,rating_anchor,0.9705,0.9997,53,5124,86.929,饮品￥26/人 | L3 | 🌟🌟🌟🌟 | 4.4 | ★,本草小匠养生熟水 | 秋，滋阴 | 十年蘇皮纯写梨 | 月 | 本 | 小匠 | 饮品￥26/人 | L3 | 🌟🌟🌟🌟 | 4.4 | ★ | 点评榜单 | 北新泾/淞虹路饮品环境榜第2名 | 营业中澡 | ￥22.8 | 8.8折 | ￥26 | 十年陈.. | 惠 | (清畅呼吸),ocr/input_videos\上海__上海荟聚中心__20260826.mp4
OBS-000532,上海荟聚中心,周大生珠宝,周大生珠宝,黄金首饰,,,L2,new_store,False,new_store,ocr_missing,parsed,metadata_anchor,0.9996,0.9999,56,5124,86.929,新店 | 黄金首饰 | L2,周大生珠宝 | TSENG周大生 | 新店 | 黄金首饰 | L2 | 10:00营业,ocr/input_videos\上海__上海荟聚中心__20260826.mp4
OBS-000533,上海荟聚中心,野人先生Gelato,野人先生Gelato,冰淇淋,3.9,28,LG2,rated,True,,rated,parsed,rating_anchor,0.9799,0.9989,53,5124,86.929,LG2 | 冰淇淋￥28/人 | 🌟🌟🌟🌟⭐ | 3.9,野人先生Gelato | TRAA | 山野 | 张瑰 | LG2 | 冰淇淋￥28/人 | 🌟🌟🌟🌟⭐ | 3.9 | GELATO | 点评榜单 | 北新泾/淞虹路饮品销量榜第7名 | B | 10:00营业 | ￥369.5折 | ￥38 | 惠 | 【任意拼】双拼口味冰...,ocr/input_videos\上海__上海荟聚中心__20260826.mp4
OBS-000534,上海荟聚中心,裕莲茶楼,裕莲茶楼,茶饮果汁,,32,L1,new_store,False,new_store,ocr_missing,parsed,metadata_anchor,0.9808,0.9957,56,5124,86.929,新店 | L1 | 茶饮果汁￥32/人,裕莲茶楼 | 新店 | L1 | 茶饮果汁￥32/人 | 点评榜单 | 北新泾/淞虹路饮品热门榜第2名 | 10:00营业 | 【品牌新人礼】西域. | 7.2折 | ￥12.9 | ￥18 | 惠,ocr/input_videos\上海__上海荟聚中心__20260826.mp4
OBS-000535,上海荟聚中心,周大生珠宝,周大生珠宝,黄金首饰,,,L2,new_store,False,new_store,ocr_missing,parsed,metadata_anchor,0.9997,0.9998,58,5184,87.947,新店 | 黄金首饰 | L2,周大生珠宝 | ISENG周大生 | 新店 | 黄金首饰 | L2 | 10:00营业,ocr/input_videos\上海__上海荟聚中心__20260826.mp4
OBS-000536,上海荟聚中心,野人先生Gelato,野人先生Gelato,冰淇淋,3.9,28,LG2,rated,True,,rated,parsed,rating_anchor,0.9795,0.9982,51,5184,87.947,LG2 | 🌟🌟🌟🌟 | 冰淇淋￥28/人 | 3.9,野人先生Gelato | 8 | 山野 | 张瑰 | LG2 | 🌟🌟🌟🌟 | 冰淇淋￥28/人 | 3.9 | GELATO | 点评榜单 | 北新泾/淞虹路饮品销量榜第7名 | BB | 10:00营业 | ￥369.5折 | ￥38 | 【任意拼】双拼口味冰... | 惠,ocr/input_videos\上海__上海荟聚中心__20260826.mp4
OBS-000537,上海荟聚中心,裕莲茶楼,裕莲茶楼,茶饮果汁,,32,L1,new_store,False,new_store,ocr_missing,parsed,metadata_anchor,0.975,0.9964,56,5184,87.947,L1 | 新店 | 茶饮果汁￥32/人,裕莲茶楼 | L1 | 新店 | 茶饮果汁￥32/人 | 点评榜单 | 北新泾/淞虹路饮品热门榜第2名 | 10:00营业 | 【品牌新人礼】西域.. | ￥18 | ￥12.9 | 7.2折 | 惠,ocr/input_videos\上海__上海荟聚中心__20260826.mp4
OBS-000538,上海荟聚中心,ARMY LOGIC,ARMYLOGIC,服饰鞋包,3.5,,L1,rated,True,,rated,parsed,rating_anchor,0.9816,0.964,45,5184,87.947,🌟🌟🌟🌟🌟 | L1 | 3.5 | 服饰鞋包,ARMY LOGIC | 🌟🌟🌟🌟🌟 | L1 | 3.5 | 服饰鞋包 | 10:00营业,ocr/input_videos\上海__上海荟聚中心__20260826.mp4
OBS-000539,上海荟聚中心,馋三尺蟹粉小笼,馋三尺蟹粉小笼,小笼,4.4,48,LG2,rated,True,,rated,parsed,rating_anchor,0.9992,0.9988,52,5184,87.947,LG2 | 🌟🌟⭐🌟 | 小笼 | ￥48/人 | 4.4,馋三尺蟹粉小笼 | 停三RO | 限时上新 | LG2 | 🌟🌟⭐🌟 | 小笼 | ￥48/人 | 4.4 | 时令六月黄 | 点评榜单 | 长宁区小笼热门榜第1名 | 10:00营业 | 幸福感满满，皮薄馅大” | “ | 口咬下， | ￥529.3折 | 【单人】头牌蟹粉小笼 | 惠 | ￥56,ocr/input_videos\上海__上海荟聚中心__20260826.mp4
OBS-000540,上海荟聚中心,周大生珠宝,周大生珠宝,黄金首饰,,,L2,new_store,False,new_store,ocr_missing,parsed,metadata_anchor,0.9994,0.9999,54,5220,88.557,新店 | L2 | 黄金首饰,周大生珠宝 | ISENG周大生 | 新店 | L2 | 黄金首饰 | 10:00营业,ocr/input_videos\上海__上海荟聚中心__20260826.mp4
OBS-000541,上海荟聚中心,野人先生Gelato,野人先生Gelato,冰淇淋,3.9,28,LG2,rated,True,,rated,parsed,rating_anchor,0.9792,0.9988,55,5220,88.557,LG2 | 冰淇淋￥28/人 | 🌟🌟🌟⭐🌟 | 3.9,野人先生Gelato | 68A | 山野 | 跃瑰 | LG2 | 冰淇淋￥28/人 | 🌟🌟🌟⭐🌟 | 3.9 | GELATO | 点评榜单 | 北新泾/淞虹路饮品销量榜第7名 | BB | 10:00营业 | ￥369.5折 | ￥38 | 惠 | 【任意拼】双拼口味冰...,ocr/input_videos\上海__上海荟聚中心__20260826.mp4
OBS-000542,上海荟聚中心,裕莲茶楼,裕莲茶楼,茶饮果汁,,32,L1,new_store,False,new_store,ocr_missing,parsed,metadata_anchor,0.9746,0.9895,56,5220,88.557,新店 | 茶饮果汁￥32/人 | L1,裕莲茶楼 | 新店 | 茶饮果汁￥32/人 | L1 | 点评榜单 | 北新泾/淞虹路饮品热门榜第2名 | 10:00营业 | ￥12.9 | 7.2折 | ￥18 | 【品牌新人礼】西域.. | 惠,ocr/input_videos\上海__上海荟聚中心__20260826.mp4
OBS-000543,上海荟聚中心,ARMY LOGIC,ARMYLOGIC,服饰鞋包,3.5,,L1,rated,True,,rated,parsed,rating_anchor,0.9793,0.9596,45,5220,88.557,🌟🌟⭐🌟🌟 | L1 | 服饰鞋包 | 3.5,ARMY LOGIC | 🌟🌟⭐🌟🌟 | L1 | 服饰鞋包 | 3.5 | 10:00营业,ocr/input_videos\上海__上海荟聚中心__20260826.mp4
OBS-000544,上海荟聚中心,馋三尺蟹粉小笼,馋三尺蟹粉小笼,小笼,4.4,48,LG2,rated,True,,rated,parsed,rating_anchor,0.9805,0.9996,52,5220,88.557,🌟⭐⭐ | LG2 | 4.4小笼￥48/人 | ★,馋三尺蟹粉小笼 | 修玉RO | 限时上新 | 🌟⭐⭐ | LG2 | 4.4小笼￥48/人 | ★ | 时令六月黄 | 点评榜单 | 长宁区小笼热门榜第1名 | 10:00营业 | 幸福感满满，皮薄馅大” | 一口咬下， | “ | ￥529.3折 | ￥56 | 惠 | 【单人】头牌蟹粉小笼...,ocr/input_videos\上海__上海荟聚中心__20260826.mp4
OBS-000545,上海荟聚中心,野人先生Gelato,野人先生Gelato,冰淇淋,3.9,28,LG2,rated,True,,rated,parsed,rating_anchor,0.9822,0.9986,51,5244,88.965,LG2 | 🌟🌟🌟🌟🌟 | 冰淇淋￥28/人 | 3.9,野人先生Gelato | A | 山野 | 族瑰 | LG2 | 🌟🌟🌟🌟🌟 | 冰淇淋￥28/人 | 3.9 | GELATO | 点评榜单 | 北新泾/淞虹路饮品销量榜第7名 | B | 10:00营业 | ￥369.5折 | ￥38 | 惠 | 【任意拼】双拼口味冰...,ocr/input_videos\上海__上海荟聚中心__20260826.mp4
OBS-000546,上海荟聚中心,裕莲茶楼,裕莲茶楼,茶饮果汁,,32,L1,new_store,False,new_store,ocr_missing,parsed,metadata_anchor,0.9799,0.9957,57,5244,88.965,新店 | 茶饮果汁￥32/人 | L1,裕莲茶楼 | 新店 | 茶饮果汁￥32/人 | L1 | 点评榜单 | 北新泾/淞虹路饮品热门榜第2名 | 10:00营业 | ￥18 | ￥12.9 | 【品牌新人礼】西域. | 7.2折 | 惠,ocr/input_videos\上海__上海荟聚中心__20260826.mp4
OBS-000547,上海荟聚中心,ARMY LOGIC,ARMYLOGIC,服饰鞋包,3.5,,L1,rated,True,,rated,parsed,rating_anchor,0.9773,0.9554,48,5244,88.965,L1 | 🌟🌟🌟🌟🌟 | 服饰鞋包 | 3.5,ARMY LOGIC | L1 | 🌟🌟🌟🌟🌟 | 服饰鞋包 | 3.5 | 10:00营业,ocr/input_videos\上海__上海荟聚中心__20260826.mp4
OBS-000548,上海荟聚中心,馋三尺蟹粉小笼,馋三尺蟹粉小笼,小笼,4.4,48,LG2,rated,True,,rated,parsed,rating_anchor,0.9749,0.9987,54,5244,88.965,LG2 | 小笼￥48/人 | 🌟🌟🌟⭐ | 4.4,馋三尺蟹粉小笼 | 停三RO | 限时上新 | LG2 | 小笼￥48/人 | 🌟🌟🌟⭐ | 4.4 | 时令六月黄 | 点评榜单 | 长宁区小笼热门榜第1名 | 10:00营业 | 一咬下，幸福感满满，皮薄馅” | “ | ￥529.3折 | ￥56 | 惠 | 【单人】头牌蟹粉小笼...,ocr/input_videos\上海__上海荟聚中心__20260826.mp4
OBS-000549,上海荟聚中心,野人先生Gelato,野人先生Gelato,冰淇淋,3.9,28,LG2,rated,True,,rated,parsed,rating_anchor,0.9768,0.9973,54,5256,89.168,LG2 | 🌟🌟★★★ | 冰淇淋￥28/人 | 3.9,野人先生Gelato | 山野 | 张瑰 | LG2 | 🌟🌟★★★ | 冰淇淋￥28/人 | 3.9 | GELATO | 点评榜单 | 北新泾/淞虹路饮品销量榜第7名 | B | 10:00营业 | ￥38 | ￥369.5折 | 【任意拼】双拼口味冰... | 惠,ocr/input_videos\上海__上海荟聚中心__20260826.mp4
OBS-000550,上海荟聚中心,裕莲茶楼,裕莲茶楼,茶饮果汁,,32,L1,new_store,False,new_store,ocr_missing,parsed,metadata_anchor,0.9773,0.9934,56,5256,89.168,新店 | 茶饮果汁￥32/人 | L1,裕莲茶楼 | 新店 | 茶饮果汁￥32/人 | L1 | 点评榜单 | 北新泾/淞虹路饮品热门榜第2名 | 10:00营业 | ￥18 | ￥12.9 | 7.2折 | 【品牌新人礼】西域. | 惠,ocr/input_videos\上海__上海荟聚中心__20260826.mp4
OBS-000551,上海荟聚中心,ARMY LOGIC,ARMYLOGIC,服饰鞋包,3.5,,L1,rated,True,,rated,parsed,rating_anchor,0.9768,0.9577,48,5256,89.168,3.5服饰鞋包 | L1 | 🌟🌟🌟🌟🌟,ARMY LOGIC | 3.5服饰鞋包 | L1 | 🌟🌟🌟🌟🌟 | 10:00营业,ocr/input_videos\上海__上海荟聚中心__20260826.mp4
OBS-000552,上海荟聚中心,馋三尺蟹粉小笼,馋三尺蟹粉小笼,小笼,4.4,48,LG2,rated,True,,rated,parsed,rating_anchor,0.9832,0.9996,52,5256,89.168,LG2 | 4.4小笼￥48/人 | 🌟🌟🌟🌈 | ★,馋三尺蟹粉小笼 | 停三RO | 限时上新 | LG2 | 4.4小笼￥48/人 | 🌟🌟🌟🌈 | 时令六月黄 | ★ | 点评榜单 | 长宁区小笼热门榜第1名 | 10:00营业 | 咬下，幸福感满满，薄馅” | “ | ￥529.3折 | ￥56 | 惠 | 【单人】头牌蟹粉小笼..,ocr/input_videos\上海__上海荟聚中心__20260826.mp4
OBS-000553,上海荟聚中心,肥汁米蘭香港米线,肥汁米兰香港米线,小吃快餐,3.9,38,LG2,rated,True,,rated,parsed,rating_anchor,0.9771,0.9966,54,5256,89.168,3.9小吃快餐￥38/人 | LG2,肥汁米蘭香港米线 | 園 | UP MAILAAN | 3.9小吃快餐￥38/人 | LG2 | FEL | 肥汁米蘭 | 10:30营业 | ￥33.8折 | 惠 | ￥8 | 【王炸牛丸】经典香港小...,ocr/input_videos\上海__上海荟聚中心__20260826.mp4
OBS-000554,上海荟聚中心,裕莲茶楼,裕莲茶楼,茶饮果汁,,32,L1,new_store,False,new_store,ocr_missing,parsed,metadata_anchor,0.9828,0.9955,57,5280,89.575,新店 | 茶饮果汁￥32/人 | L1,裕莲茶楼 | 新店 | 茶饮果汁￥32/人 | L1 | 点评榜单 | 北新泾/淞虹路饮品热门榜第2名 | 10:00营业 | ￥12.97.2折 | ￥18 | 【品牌新人礼】西域.. | 惠,ocr/input_videos\上海__上海荟聚中心__20260826.mp4
OBS-000555,上海荟聚中心,ARMY LOGIC,ARMYLOGIC,服饰鞋包,3.5,,L1,rated,True,,rated,parsed,rating_anchor,0.9468,0.9597,51,5280,89.575,⭐3.5服饰鞋包 | L1,ARMY LOGIC | ⭐3.5服饰鞋包 | L1 | 10:00营业,ocr/input_videos\上海__上海荟聚中心__20260826.mp4
OBS-000556,上海荟聚中心,馋三尺蟹粉小笼,馋三尺蟹粉小笼,小笼,4.4,48,LG2,rated,True,,rated,parsed,rating_anchor,0.9831,0.9991,52,5280,89.575,4.4小笼￥48/人 | LG2 | 🌟🌟🌟🌟,馋三尺蟹粉小笼 | 停三RO | 限时上新 | 4.4小笼￥48/人 | LG2 | 🌟🌟🌟🌟 | 时令六月黄 | 点评榜单 | 长宁区小笼热门榜第1名 | 10:00营业 | 幸福感满满，皮薄馅大” | 一口咬下， | “ | ￥529.3折 | ￥56 | 惠 | 【单人】头牌蟹粉小笼..,ocr/input_videos\上海__上海荟聚中心__20260826.mp4
OBS-000557,上海荟聚中心,肥汁米蘭香港米线,肥汁米兰香港米线,小吃快餐,3.9,38,LG2,rated,True,,rated,parsed,rating_anchor,0.9797,0.9978,54,5280,89.575,LG2 | 3.9小吃快餐￥38/人,肥汁米蘭香港米线 | 園 | 童AP MAILAAN | LG2 | 3.9小吃快餐￥38/人 | E | 肥汁米蘭 | 10:30营业 | ￥3 | 3.8折 | 惠 | ￥8 | 【王炸牛丸】经典香港小...,ocr/input_videos\上海__上海荟聚中心__20260826.mp4
OBS-000558,上海荟聚中心,裕莲茶楼,裕莲茶楼,茶饮果汁,,32,L1,new_store,False,new_store,ocr_missing,parsed,metadata_anchor,0.9822,0.9953,57,5328,90.39,新店 | 茶饮果汁￥32/人 | L1,裕莲茶楼 | 新店 | 茶饮果汁￥32/人 | L1 | 点评榜单 | 北新泾/淞虹路饮品热门榜第2名 | 10:00营业 | ￥12.97.2折 | ￥18 | 【品牌新人礼】西域... | 惠,ocr/input_videos\上海__上海荟聚中心__20260826.mp4
OBS-000559,上海荟聚中心,ARMY LOGIC,ARMYLOGIC,服饰鞋包,3.5,,L1,rated,True,,rated,parsed,rating_anchor,0.9765,0.9609,50,5328,90.39,3.5服饰鞋包 | L1,ARMY LOGIC | 3.5服饰鞋包 | L1 | 10:00营业,ocr/input_videos\上海__上海荟聚中心__20260826.mp4
OBS-000560,上海荟聚中心,馋三尺蟹粉小笼,馋三尺蟹粉小笼,小笼,4.4,48,LG2,rated,True,,rated,parsed,rating_anchor,0.9827,0.9996,52,5328,90.39,4.4小笼￥48/人 | 🌟🌟🌟🌟 | LG2,馋三尺蟹粉小笼 | 停三RO | 限时上新 | 4.4小笼￥48/人 | 🌟🌟🌟🌟 | LG2 | 时令六月黄 | 点评榜单 | 长宁区小笼热门榜第1名 | 10:00营业 | 幸福感满满，皮薄馅大” | “ | 一口咬下， | ￥529.3折 | ￥56 | 惠 | 【单人】头牌蟹粉小笼.,ocr/input_videos\上海__上海荟聚中心__20260826.mp4
OBS-000561,上海荟聚中心,肥汁米蘭香港米线,肥汁米兰香港米线,小吃快餐,3.9,38,LG2,rated,True,,rated,parsed,rating_anchor,0.9781,0.9975,54,5328,90.39,LG2 | 3.9小吃快餐￥38/人,肥汁米蘭香港米线 | 龍AP MAILAAN | LG2 | 3.9小吃快餐￥38/人 | E | 肥汁米蘭 | 10:30营业 | ￥3 | 3.8折 | 惠 | ￥8 | 【王炸牛丸】经典香港小..,ocr/input_videos\上海__上海荟聚中心__20260826.mp4
OBS-000562,上海荟聚中心,裕莲茶楼,裕莲茶楼,茶饮果汁,,32,L1,new_store,False,new_store,ocr_missing,parsed,metadata_anchor,0.9822,0.9955,57,5340,90.593,新店 | 茶饮果汁￥32/人 | L1,裕莲茶楼 | 新店 | 茶饮果汁￥32/人 | L1 | 点评榜单 | 北新泾/淞虹路饮品热门榜第2名 | 10:00营业 | ￥12.9 | ￥18 | 7.2折 | 【品牌新人礼】西域.. | 惠,ocr/input_videos\上海__上海荟聚中心__20260826.mp4
OBS-000563,上海荟聚中心,ARMY LOGIC,ARMYLOGIC,服饰鞋包,3.5,,L1,rated,True,,rated,parsed,rating_anchor,0.9805,0.9676,51,5340,90.593,L1 | 3.5服饰鞋包,ARMY LOGIC | L1 | 3.5服饰鞋包 | 10:00营业,ocr/input_videos\上海__上海荟聚中心__20260826.mp4
OBS-000564,上海荟聚中心,馋三尺蟹粉小笼,馋三尺蟹粉小笼,小笼,4.4,48,LG2,rated,True,,rated,parsed,rating_anchor,0.9834,0.9997,55,5340,90.593,LG2 | 🌟🌟⭐⭐ | 4.4小笼￥48/人 | ★,馋三尺蟹粉小笼 | 停三RO | 限时上新 | LG2 | 🌟🌟⭐⭐ | 4.4小笼￥48/人 | 时令六月黄 | ★ | 点评榜单 | 长宁区小笼热门榜第1名 | 10:00营业 | 幸福感满满，皮薄馅大” | 一口咬下， | “ | ￥529.3折 | 惠 | ￥56 | 【单人】头牌蟹粉小笼...,ocr/input_videos\上海__上海荟聚中心__20260826.mp4
OBS-000565,上海荟聚中心,肥汁米蘭香港米线,肥汁米兰香港米线,小吃快餐,3.9,38,LG2,rated,True,,rated,parsed,rating_anchor,0.9785,0.9949,50,5340,90.593,LG2 | 3.9小吃快餐￥38/人,肥汁米蘭香港米线 | PEI ZAPALA | LAA | AP MAILAAN | LG2 | 3.9小吃快餐￥38/人 | CE | 肥汁米蘭 | 10:30营业 | 3.8折 | ￥3 | 惠 | ￥8 | 【王炸牛丸】经典香港小..,ocr/input_videos\上海__上海荟聚中心__20260826.mp4
OBS-000566,上海荟聚中心,STACCATO,STACCATO,服饰鞋包,,866,L1,unknown,True,,ocr_missing,parsed,metadata_anchor,0.9823,0.9975,48,5340,90.593,L1 | 🌟🌟🌟🌟 | 服饰鞋包￥866/人,STACCATO | L1 | 🌟🌟🌟🌟 | 服饰鞋包￥866/人,ocr/input_videos\上海__上海荟聚中心__20260826.mp4
OBS-000567,上海荟聚中心,馋三尺蟹粉小笼,馋三尺蟹粉小笼,小笼,4.4,48,LG2,rated,True,,rated,parsed,rating_anchor,0.974,0.9978,52,5376,91.204,LG2 | 🌟🌟🌟 | 小笼￥48/人 | 4.4,馋三尺蟹粉小笼 | 修三RO | 限时上新 | LG2 | 🌟🌟🌟 | 小笼￥48/人 | 4.4 | 时令六月黄 | 点评榜单 | 长宁区小笼热门榜第1名 | 10:00营业 | 幸福感满满，皮薄馅大 | ≤ | 口咬下， | ￥529.3折 | ￥56 | 【单人】头牌蟹粉小笼... | 惠,ocr/input_videos\上海__上海荟聚中心__20260826.mp4
OBS-000568,上海荟聚中心,肥汁米蘭香港米线,肥汁米兰香港米线,小吃快餐,3.9,38,LG2,rated,True,,rated,parsed,rating_anchor,0.9802,0.9977,48,5376,91.204,🌟3.9 | LG2 | 小吃快餐￥38/人,肥汁米蘭香港米线 | 🌟3.9 | LG2 | 小吃快餐￥38/人 | 肥汁米蘭 | 10:30营业 | 3.8折 | 惠 | ￥3 | ￥8 | 【王炸牛丸】经典香港小...,ocr/input_videos\上海__上海荟聚中心__20260826.mp4
OBS-000569,上海荟聚中心,STACCATO,STACCATO,服饰鞋包,4.0,866,L1,rated,True,,rated,parsed,rating_anchor,0.9792,0.9969,45,5376,91.204,🌟🌟⭐🌟 | 4.0 | L1 | 服饰鞋包￥866/人 | +,STACCATO | 🌟🌟⭐🌟 | 4.0 | L1 | 服饰鞋包￥866/人 | + | STACCATO | 10:00营业,ocr/input_videos\上海__上海荟聚中心__20260826.mp4
OBS-000570,上海荟聚中心,北京同仁堂,北京同仁堂,滋补品,3.5,76,LG2,rated,True,,rated,parsed,rating_anchor,0.9782,0.9998,52,5376,91.204,🌟🌟🌟🌟🌟 | LG2 | 滋补品￥76/人 | 3.5,北京同仁堂 | 🌟🌟🌟🌟🌟 | LG2 | 北京同仁堂 | 滋补品￥76/人 | 3.5 | 亳州饮片 | 老字号信赖之选，品质保证” | 营业中 | ￥8287.6折 | 【夏日优惠】西洋.. | ￥1098 | 惠 | ￥42 | 8.4折 | ￥5050元代金券 | 惠,ocr/input_videos\上海__上海荟聚中心__20260826.mp4
OBS-000571,上海荟聚中心,读酥世家,读酥世家,面包蛋糕,3.9,27,LG2,rated,True,,rated,parsed,rating_anchor,0.9681,0.9984,58,5376,91.204,LG2 | 🌟🌟🌟🌟🌟 | 面包蛋糕￥27/人 | 3.9,读酥世家 | ISLANHOLIDAY | 海岛柳各开一厦 | LG2 | 🌟🌟🌟🌟🌟 | 面包蛋糕￥27/人 | 3.9 | 点评接单 | 北新泾淞虹路面包蛋糕玻品回头客榜,ocr/input_videos\上海__上海荟聚中心__20260826.mp4
OBS-000572,上海荟聚中心,馋三尺蟹粉小笼,馋三尺蟹粉小笼,小笼,4.4,48,LG2,rated,True,,rated,parsed,rating_anchor,0.9697,0.9995,55,5400,91.611,LG2 | 小笼￥48/人 | 🌟🌟⭐⭐ | 4.4,馋三尺蟹粉小笼 | 停三RO | 限时上新 | LG2 | 小笼￥48/人 | 🌟🌟⭐⭐ | 4.4 | 时令六月黄 | 点评榜单 | 长宁区小笼热门榜第1名 | 10:00营业 | 一口咬下，幸福感满满，皮薄馅大 | “ | 。列 | ￥529.3折 | ￥56 | 【单人】头牌蟹粉小笼. | 惠,ocr/input_videos\上海__上海荟聚中心__20260826.mp4
OBS-000573,上海荟聚中心,肥汁米蘭香港米线,肥汁米兰香港米线,小吃快餐,3.9,38,LG2,rated,True,,rated,parsed,rating_anchor,0.9786,0.9981,54,5400,91.611,3.9小吃快餐￥38/人 | LG2,肥汁米蘭香港米线 | ZAP AAI LA | 3.9小吃快餐￥38/人 | LG2 | FELZ | 肥汁米蘭 | 10:30营业 | 3.8折 | 惠 | ￥3 | ￥8 | 【王炸牛丸】经典香港小..,ocr/input_videos\上海__上海荟聚中心__20260826.mp4
OBS-000574,上海荟聚中心,STACCATO,STACCATO,服饰鞋包,4.0,866,L1,rated,True,,rated,parsed,rating_anchor,0.9811,0.9978,48,5400,91.611,🌟🌟🌟 | L1 | 4.0 | 服饰鞋包￥866/人,STACCATO | 🌟🌟🌟 | L1 | 4.0 | 服饰鞋包￥866/人 | STACCATO | 10:00营业,ocr/input_videos\上海__上海荟聚中心__20260826.mp4
OBS-000575,上海荟聚中心,北京同仁堂,北京同仁堂,滋补品,3.5,76,LG2,rated,True,,rated,parsed,rating_anchor,0.9756,0.9999,55,5400,91.611,LG2 | 滋补品￥76/人 | ⭐🌟🌟🌟 | 3.5,北京同仁堂 | 北京同仁堂 | LG2 | 滋补品￥76/人 | ⭐🌟🌟🌟 | 3.5 | 亳州饮片 | 老字号信赖之选，品质保证” | 营业中 | ￥8287.6折 | ￥1098 | 【夏日优惠】西洋... | 惠 | ￥421 | 8.4折 | 惠 | ￥5050元代金券,ocr/input_videos\上海__上海荟聚中心__20260826.mp4
OBS-000576,上海荟聚中心,读酥世家,读酥世家,焦,3.9,27,LG2,rated,True,,rated,parsed,rating_anchor,0.9037,0.9985,59,5400,91.611,LG2 | 🌟🌟🌟🌟⭐ | 3.9 | 面包蛋糕 | 焦￥27/人,读酥世家 | ISLANDHOLIDAY | 海疗得营开享一度 | A | LG2 | 🌟🌟🌟🌟⭐ | 3.9 | 面包蛋糕 | 焦￥27/人 | 点评焙单 | 北新泾/淞虹路面包蛋糕甜品回头客榜,ocr/input_videos\上海__上海荟聚中心__20260826.mp4
OBS-000577,上海荟聚中心,肥汁米蘭香港米线,肥汁米兰香港米线,小吃快餐,3.9,38,LG2,rated,True,,rated,parsed,rating_anchor,0.9646,0.992,51,5460,92.629,LG2 | 3.9小吃快餐￥38/人,肥汁米蘭香港米线 | PEI Z A LA | 四屋 | LG2 | 3.9小吃快餐￥38/人 | FE | 肥汁米蘭 | 10:30营业 | ￥3 | 3.8折 | 惠 | ￥8 | 【王炸牛丸】经典香港小..,ocr/input_videos\上海__上海荟聚中心__20260826.mp4
OBS-000578,上海荟聚中心,STACCATO,STACCATO,服饰鞋包,4.0,866,L1,rated,True,,rated,parsed,rating_anchor,0.9832,0.9973,49,5460,92.629,⭐🌟🌟⭐ | 4.0 | L1 | 服饰鞋包￥866/人 | ★,STACCATO | ⭐🌟🌟⭐ | 4.0 | L1 | 服饰鞋包￥866/人 | ★ | STACCATO | 10:00营业,ocr/input_videos\上海__上海荟聚中心__20260826.mp4
OBS-000579,上海荟聚中心,北京同仁堂,北京同仁堂,滋补品,3.5,76,LG2,rated,True,,rated,parsed,rating_anchor,0.9786,0.9999,56,5460,92.629,LG2 | 🌟🌟⭐🌟🌟 | 滋补品￥76/人 | 3.5,北京同仁堂 | LG2 | 址京同仁堂 | 🌟🌟⭐🌟🌟 | 滋补品￥76/人 | 3.5 | 亳州饮片 | 老字号信赖之选，品质保证” | 营业中 | ￥1098 | ￥828 | 7.6折 | 【夏日优惠】西洋... | 惠 | ￥42 | 惠 | 8.4折 | ￥5050元代金券,ocr/input_videos\上海__上海荟聚中心__20260826.mp4
OBS-000580,上海荟聚中心,读酥世家,读酥世家,面包蛋糕,3.9,27,LG2,rated,True,,rated,parsed,rating_anchor,0.9984,0.9987,56,5460,92.629,LG2 | 🌟🌟🌟🌟🌟 | 面包蛋糕 | ￥27/人 | 3.9,读酥世家 | ISLANDHOLIDAY | 海疗得容开享一漫 | RA | LG2 | 🌟🌟🌟🌟🌟 | 面包蛋糕 | ￥27/人 | 3.9 | 点评榜单 | 北新泾/淞虹路面包蛋糕甜品回头客榜... | 10:00营业 | 肉肠面包，口感酥脆 | “ | ￥15.9 | ￥16.9 | 9.5折 | 安佳动物黄油！黄. | 惠,ocr/input_videos\上海__上海荟聚中心__20260826.mp4
OBS-000581,上海荟聚中心,Rokid乐奇AI眼镜,Rokid乐奇AI眼镜,数码产品,4.8,,L1,rated,True,,rated,parsed,rating_anchor,0.9924,0.985,52,5460,92.629,⭐4.8 | 数码产品 | L1,Rokid乐奇AI眼镜 | ⭐4.8 | 数码产品 | L1,ocr/input_videos\上海__上海荟聚中心__20260826.mp4
OBS-000582,上海荟聚中心,肥汁米蘭香港米线,肥汁米兰香港米线,小吃快餐,3.9,38,LG2,rated,True,,rated,parsed,rating_anchor,0.9751,0.9924,53,5508,93.443,LG2 | 3.9小吃快餐￥38/人,肥汁米蘭香港米线 | 園 | LG2 | 3.9小吃快餐￥38/人 | 肥汁米蘭 | 10:30营业 | ￥3 | 3.8折 | 惠 | ￥8 | 【王炸牛丸】经典香港小..,ocr/input_videos\上海__上海荟聚中心__20260826.mp4
OBS-000583,上海荟聚中心,STACCATO,STACCATO,服饰鞋包,4.0,866,L1,rated,True,,rated,parsed,rating_anchor,0.9817,0.9979,48,5508,93.443,🌟🌟🌟 | 服饰鞋包￥866/人 | L1 | 4.0 | ￥,STACCATO | 🌟🌟🌟 | 服饰鞋包￥866/人 | L1 | 4.0 | ￥ | STACCATO | 10:00营业,ocr/input_videos\上海__上海荟聚中心__20260826.mp4
OBS-000584,上海荟聚中心,北京同仁堂,北京同仁堂,滋补品,3.5,76,LG2,rated,True,,rated,parsed,rating_anchor,0.9762,0.9999,55,5508,93.443,LG2 | ★🌟🌟🌟★ | 滋补品￥76/人 | 3.5,北京同仁堂 | LG2 | 北京同仁堂 | ★🌟🌟🌟★ | 滋补品￥76/人 | 3.5 | 亳州饮片 | 老字号信赖之选，品质保证 | 营业中 | ￥8287.6折 | ￥1098 | 【夏日优惠】西洋... | 惠 | ￥42 | 8.4折 | 惠 | ￥5050元代金券,ocr/input_videos\上海__上海荟聚中心__20260826.mp4
OBS-000585,上海荟聚中心,读酥世家,读酥世家,面包蛋糕,3.9,27,LG2,rated,True,,rated,parsed,rating_anchor,0.9709,0.9991,57,5508,93.443,LG2 | 🌟🌟⭐💥🌟 | 3.9 | 面包蛋糕￥27/人,读酥世家 | ISLANDHOLIDAY | 海电押酥享一面 | LG2 | 🌟🌟⭐💥🌟 | 3.9 | 面包蛋糕￥27/人 | 点评榜单 | 北新泾/淞虹路面包蛋糕甜品回头客榜... | 10:00营业 | 肉肠面包，口感酥脆 | 5 | ￥16.9 | ￥15.9 | 9.5折 | 惠 | 安佳动物黄油！黄..,ocr/input_videos\上海__上海荟聚中心__20260826.mp4
OBS-000586,上海荟聚中心,Rokid乐奇AI眼镜,Rokid乐奇AI眼镜,数码产品,4.8,,L1,rated,True,,rated,parsed,rating_anchor,0.9939,0.9879,50,5508,93.443,★★★★★4.8 | 数码产品 | L1,Rokid乐奇AI眼镜 | 乐药 Rokid | ★★★★★4.8 | 数码产品 | L1 | 10:00营业,ocr/input_videos\上海__上海荟聚中心__20260826.mp4
OBS-000587,上海荟聚中心,读酥世家,读酥世家,面包蛋糕,3.9,27,LG2,rated,True,,rated,parsed,rating_anchor,0.9722,0.9991,57,5568,94.461,LG2 | ★🌟🌟★ | 面包蛋糕￥27/人 | 3.9,读酥世家 | ISLANGHOLIDAY | 海疗得营开享一菱 | XAE | LG2 | ★🌟🌟★ | 面包蛋糕￥27/人 | 3.9 | 点评榜单 | 北新泾/淞虹路面包蛋糕甜品回头客榜... | 10:00营业 | 肉肠面包，口感酥脆 | 9.5折 | ￥16.9 | ￥15.9 | 安佳动物黄油！黄. | 惠,ocr/input_videos\上海__上海荟聚中心__20260826.mp4
OBS-000588,上海荟聚中心,Rokid乐奇AI眼镜,Rokid乐奇AI眼镜,数码产品,4.8,,L1,rated,True,,rated,parsed,rating_anchor,0.9817,0.9636,55,5568,94.461,★🌈4.8 | 数码产品 | L1,Rokid乐奇AI眼镜 | 原 Podid | ★🌈4.8 | 数码产品 | L1 | 10:00营业,ocr/input_videos\上海__上海荟聚中心__20260826.mp4
OBS-000589,上海荟聚中心,煲仔皇腊味煲仔饭,煲仔皇腊味煲仔饭,快餐简餐,3.9,41,LG2,rated,True,,rated,parsed,rating_anchor,0.9779,0.9982,54,5568,94.461,🌟🌟🌟⭐ | LG2 | 快餐简餐￥41/人 | 3.9,货行息 | 煲仔皇腊味煲仔饭 | 暑期快乐吃煲 | 🌟🌟🌟⭐ | LG2 | 快餐简餐￥41/人 | 3.9 | 煲仔饭口感地道，性价比高 | S | 10:00营业 | ￥1.99 | 4折 | 南瓜羹 | 惠 | ￥5 | ￥47 | 惠 | 9.4折 | ￥5050元代金券,ocr/input_videos\上海__上海荟聚中心__20260826.mp4
OBS-000590,上海荟聚中心,UH祐禾,UH祐禾,面包蛋糕,3.8,39,LG2,rated,True,,rated,parsed,rating_anchor,0.9978,0.9982,58,5568,94.461,⭐🌟🌟🌟🌟 | LG2 | ￥39/人 | 3.8面包蛋糕,UH祐禾 | ⭐🌟🌟🌟🌟 | LG2 | ￥39/人 | 3.8面包蛋糕 | 点评榜单 | 北新泾/淞虹路面包蛋糕甜品回头客榜... | 营业中 | 7.4折 | ￥12.9 | 惠 | 【新品】 | 米布丁 | ￥17.6 | 2次卡 | 9.4折 | ￥47 | ￥50 | 惠 | 【祐禾】！ | 50元代金券,ocr/input_videos\上海__上海荟聚中心__20260826.mp4
OBS-000591,上海荟聚中心,读酥世家,读酥世家,面包蛋糕,3.9,27,LG2,rated,True,,rated,parsed,rating_anchor,0.9768,0.9992,62,5580,94.665,LG2 | 🌟🌟⭐🌟🌟 | 面包蛋糕￥27/人 | 3.9,读酥世家 | ISLANDHOLIDAY | 海岛酥享一面 | LG2 | 🌟🌟⭐🌟🌟 | 面包蛋糕￥27/人 | 3.9 | 点评榜单 | 北新泾/淞虹路面包蛋糕甜品回头客榜... | 10:00营业 | 肉肠面包，口感酥脆 | ￥16.9 | ￥15.9 | 9.5折 | 惠 | 安佳动物黄油！黄,ocr/input_videos\上海__上海荟聚中心__20260826.mp4
OBS-000592,上海荟聚中心,Rokid乐奇AI眼镜,Rokid乐奇AI眼镜,姿,4.8,,L1,rated,True,,rated,parsed,rating_anchor,0.8108,0.9863,52,5580,94.665,数码产品 | 🌟🌟🎉🌟🌟4.8姿 | L1,Rokid乐奇AI眼镜 | 乐萄Rokid | 数码产品 | 🌟🌟🎉🌟🌟4.8姿 | L1 | 10:00营业,ocr/input_videos\上海__上海荟聚中心__20260826.mp4
OBS-000593,上海荟聚中心,煲仔皇腊味煲仔饭,煲仔皇腊味煲仔饭,快餐简餐,3.9,41,LG2,rated,True,,rated,parsed,rating_anchor,0.9871,0.9996,53,5580,94.665,LG2 | ★★★★★ | 3.9快餐简餐￥41/人,煲仔皇腊味煲仔饭 | 赁仔皇 | ： | Paieal Nrg | 暑期快乐吃 | LG2 | ★★★★★ | 3.9快餐简餐￥41/人 | 煲仔饭口感地道，性价比高” | 10:00营业 | ￥1.99 | 4折 | 南瓜羹 | 惠 | ￥5 | ￥47 | 9.4折 | ￥5050元代金券 | 惠,ocr/input_videos\上海__上海荟聚中心__20260826.mp4
OBS-000594,上海荟聚中心,UH祐禾,UH祐禾,面包蛋糕,3.8,39,LG2,rated,True,,rated,parsed,rating_anchor,0.9808,0.9984,60,5580,94.665,LG2 | 🌟🌟🌟🌟🌟 | 面包蛋糕￥39/人 | 3.8,UH祐禾 | UH祐禾 | LG2 | 🌟🌟🌟🌟🌟 | 面包蛋糕￥39/人 | 3.8 | 点评榜单 | 北新泾/淞虹路面包蛋糕甜品回头客榜.. | 营业中 | ￥12.97.4折 | ￥17.62次卡 | 【新品】米布丁 | 惠 | ￥50 | 惠 | ￥47 | 9.4折 | 【祐禾】50元代金券,ocr/input_videos\上海__上海荟聚中心__20260826.mp4
OBS-000595,上海荟聚中心,煲仔皇腊味煲仔饭,煲仔皇腊味煲仔饭,快餐简餐,3.9,41,LG2,rated,True,,rated,parsed,rating_anchor,0.9989,0.9985,51,5664,96.09,LG2 | ⭐🌟⭐🌟🌟 | 快餐简餐 | ￥41/人 | 3.9,煲仔皇腊味煲仔饭 | 赁仔皇 | Cl | 暑期快乐吃煲 | LG2 | ⭐🌟⭐🌟🌟 | 快餐简餐 | ￥41/人 | 3.9 | 煲仔饭口感地道，性价比高” | 10:00营业 | 南瓜羹 | ￥1.99 | 4折 | 惠 | ￥5 | 9.4折 | ￥47 | 惠 | ￥5050元代金券,ocr/input_videos\上海__上海荟聚中心__20260826.mp4
OBS-000596,上海荟聚中心,UH祐禾,UH祐禾,面包蛋糕,3.8,39,LG2,rated,True,,rated,parsed,rating_anchor,0.9984,0.9985,56,5664,96.09,LG2 | 🌟🌟 | ￥39/人 | 面包蛋糕 | 3.8,UH祐禾 | UH祐禾 | LG2 | 🌟🌟 | ￥39/人 | 面包蛋糕 | 3.8 | 点评榜单 | 北新泾/淞虹路面包蛋糕甜品回头客榜. | 营业中 | ￥12.97.4折 | 惠 | ￥17.6 | 【新品】 | 米布丁 | 2次卡 | ￥479.4折 | ￥50 | 惠 | 【祐禾】 | 50元代金券,ocr/input_videos\上海__上海荟聚中心__20260826.mp4
OBS-000597,上海荟聚中心,Sam Edelman,SamEdelman,服饰鞋包,3.9,,L1,rated,True,,rated,parsed,rating_anchor,0.9961,0.993,51,5664,96.09,🌟🌟🌟🌟🌟 | L1 | 服饰鞋包 | 3.9,Sam Edelman | 🌟🌟🌟🌟🌟 | L1 | 服饰鞋包 | 3.9,ocr/input_videos\上海__上海荟聚中心__20260826.mp4
OBS-000598,上海荟聚中心,朴下隆九,朴下隆九,面包蛋糕,,51,LG2,new_store,False,new_store,ocr_missing,parsed,metadata_anchor,0.9982,0.9997,59,5664,96.09,新店 | 面包蛋糕 | LG2 | ￥51/人,朴下隆九 | 新店 | 面包蛋糕 | LG2 | ￥51/人 | 点评榜单 | 长宁区面包蛋糕甜品新店榜第3名 | 10:00营业 | 【脆甜焦香】脏脏.. | 9.4折 | ￥14.9 | ￥15.9 | 惠 | ￥459折 | 惠 | ￥50 | 50元代金券,ocr/input_videos\上海__上海荟聚中心__20260826.mp4
OBS-000599,上海荟聚中心,煲仔皇腊味煲仔饭,煲仔皇腊味煲仔饭,快餐简餐,3.9,41,LG2,rated,True,,rated,parsed,rating_anchor,0.998,0.9995,54,5700,96.701,LG2 | 🌟🌟🎉🌟🌟 | 快餐简餐 | ￥41/人 | 3.9,煲仔皇腊味煲仔饭 | 赁仔皇 | - | LG2 | 🌟🌟🎉🌟🌟 | 快餐简餐 | ￥41/人 | 3.9 | 煲仔饭口感地道，性价比高” | 10:00营业 | ￥1.99 | 南瓜羹 | 4折 | 惠 | ￥5 | ￥47 | 惠 | 9.4折 | ￥50 | 50元代金券,ocr/input_videos\上海__上海荟聚中心__20260826.mp4
OBS-000600,上海荟聚中心,UH祐禾,UH祐禾,面包蛋糕,3.8,39,LG2,rated,True,,rated,parsed,rating_anchor,0.9977,0.998,62,5700,96.701,LG2 | 🌟🌟⭐🌟🌟 | ￥39/人 | 面包蛋糕 | 3.8,UH祐禾 | UH祐禾 | LG2 | 🌟🌟⭐🌟🌟 | ￥39/人 | 面包蛋糕 | 3.8 | 点评榜单 | 北新泾/淞虹路面包蛋糕甜品回头客榜. | 营业中 | ￥12.9 | 7.4折 | 米布丁 | 【新品】 | ￥17.6 | 2次卡 | 惠 | 9.4折 | ￥47 | ￥50 | 惠 | 【祐禾】 | 50元代金券,ocr/input_videos\上海__上海荟聚中心__20260826.mp4
OBS-000601,上海荟聚中心,Sam Edelman,SamEdelman,服饰鞋包,3.9,,L1,rated,True,,rated,parsed,rating_anchor,0.9975,0.9958,50,5700,96.701,🌟🌟🌟🌟⭐ | L1 | 服饰鞋包 | 3.9,Sam Edelman | 🌟🌟🌟🌟⭐ | L1 | 服饰鞋包 | 3.9,ocr/input_videos\上海__上海荟聚中心__20260826.mp4
OBS-000602,上海荟聚中心,朴下隆九,朴下隆九,面包蛋糕,,51,LG2,new_store,False,new_store,ocr_missing,parsed,metadata_anchor,0.9967,0.9998,63,5700,96.701,新店 | LG2 | 面包蛋糕 | ￥51/人,朴下隆九 | 金品 | 朴下隆九 | 洋 | 新店 | LG2 | 面包蛋糕 | ￥51/人 | 点评榜单 | 长宁区面包蛋糕甜品新店榜第3名 | 10:00营业 | ￥15.9 | 【脆甜焦香】脏脏... | ￥14.9 | 9.4折 | 惠 | 59折 | 惠 | ￥45 | ￥50 | 50元代金券,ocr/input_videos\上海__上海荟聚中心__20260826.mp4
OBS-000603,上海荟聚中心,烫仔呈腊味烫仔饭,烫仔呈腊味烫仔饭,快餐简餐,3.9,41,LG2,rated,True,,rated,parsed,rating_anchor,0.9285,0.8944,34,5760,97.718,LG2 | ⭐🌟⭐3.9 | 快餐简餐￥41/人,顶竹星 | 烫仔呈腊味烫仔饭 | 暑期快乐吃煲 | LG2 | ⭐🌟⭐3.9 | 快餐简餐￥41/人 | 煲仔饭口感地道，性价比高 | 10:00营业 | ￥1.99 | 4折 | 南瓜羹 | 惠 | ￥5 | ￥47 | 惠 | 9.4折 | ￥50 | 50元代金券,ocr/input_videos\上海__上海荟聚中心__20260826.mp4
OBS-000604,上海荟聚中心,UH祐禾,UH祐禾,面包蛋糕,3.8,39,LG2,rated,True,,rated,parsed,rating_anchor,0.9983,0.9986,57,5760,97.718,LG2 | ★🌟★★★ | ￥39/人 | 面包蛋糕 | 3.8,UH祐禾 | UH祐禾 | LG2 | ★🌟★★★ | ￥39/人 | 面包蛋糕 | 3.8 | 点评榜单 | 北新泾/淞虹路面包蛋糕甜品回头客榜... | 营业中 | 7.4折 | ￥12.9 | ￥17.62次卡 | 【新品】 | 米布丁 | 惠 | ￥47 | 9.4折 | ￥50 | 惠 | 【祐禾】 | 50元代金券,ocr/input_videos\上海__上海荟聚中心__20260826.mp4
OBS-000605,上海荟聚中心,Sam Edelman,SamEdelman,服饰鞋包,3.9,,L1,rated,True,,rated,parsed,rating_anchor,0.989,0.9784,51,5760,97.718,L1 | 🌟🌟🌟🌟🌟 | 服饰鞋包 | 3.9,Sam Edelman | L1 | 🌟🌟🌟🌟🌟 | 服饰鞋包 | 3.9,ocr/input_videos\上海__上海荟聚中心__20260826.mp4
OBS-000606,上海荟聚中心,朴下隆九,朴下隆九,面包蛋糕,,51,LG2,new_store,False,new_store,ocr_missing,parsed,metadata_anchor,0.9963,0.9999,53,5760,97.718,LG2 | 新店 | 面包蛋糕 | ￥51/人,朴下隆九 | 5 | 朴下隆九 | LG2 | 新店 | 面包蛋糕 | ￥51/人 | 点评榜单 | 长宁区面包蛋糕甜品新店榜第3名 | 10:00营业 | ￥15.9 | 惠 | ￥14.9 | 9.4折 | 脏脏... | 【脆甜焦香】 | ￥459折 | 惠 | ￥5050元代金券,ocr/input_videos\上海__上海荟聚中心__20260826.mp4
OBS-000607,上海荟聚中心,鮨人饭团,鮨人饭团,日式简餐/....,4.0,16,LG1,rated,True,,rated,parsed,rating_anchor,0.899,0.9386,60,5760,97.718,⭐🌟💥⭐ | 日式简餐/.... | ￥16/人LG1 | 4.0,鮨人饭团 | 鮨人饭团 | ⭐🌟💥⭐ | 现藏手YIRENRICEROLL | 日式简餐/.... | ￥16/人LG1 | 4.0 | 点评榜单 | 长宁区日式简餐/快餐环境榜第3名 | 10:00营业,ocr/input_videos\上海__上海荟聚中心__20260826.mp4
OBS-000608,上海荟聚中心,Sam Edelman,SamEdelman,服饰鞋包,3.9,,L1,rated,True,,rated,parsed,rating_anchor,0.9956,0.9916,55,5772,97.922,🌟🌟🌟🌟⭐ | L1 | 服饰鞋包 | 3.9,Sam Edelman | 🌟🌟🌟🌟⭐ | L1 | 服饰鞋包 | 3.9,ocr/input_videos\上海__上海荟聚中心__20260826.mp4
OBS-000609,上海荟聚中心,朴下隆九,朴下隆九,面包蛋糕,,51,LG2,new_store,False,new_store,ocr_missing,parsed,metadata_anchor,0.9984,0.9999,63,5772,97.922,新店 | LG2 | 面包蛋糕 | ￥51/人,朴下隆九 | 金品 | 朴下隆九 | 新店 | LG2 | 面包蛋糕 | ￥51/人 | 点评榜单 | 长宁区面包蛋糕甜品新店榜第3名 | 10:00营业 | ￥15.9 | 9.4折 | ￥14.9 | 【脆甜焦香】脏脏.. | 惠 | ￥459折 | ￥5050元代金券 | 惠,ocr/input_videos\上海__上海荟聚中心__20260826.mp4
OBS-000610,上海荟聚中心,鮨人饭团,鮨人饭团,日式简餐/....,4.0,16,LG1,rated,True,,rated,parsed,rating_anchor,0.8904,0.9127,57,5772,97.922,🌟🌟🌟🌟 | 日式简餐/.... | ￥16/人LG1 | 4.0,鮨人饭团 | 鮨人饭团 | 搜平 YIREN RICE ROLL | 🌟🌟🌟🌟 | 日式简餐/.... | ￥16/人LG1 | 4.0 | 点评榜单 | 长宁区日式简餐/快餐环境榜第3名 | 10:00营业 | ￥24 | ￥20.9 | 8.8折 | 【超值单人餐】高邮. | 惠,ocr/input_videos\上海__上海荟聚中心__20260826.mp4
OBS-000611,上海荟聚中心,CASIO,CASIO,钟表,4.8,1624,LG1,rated,True,,rated,parsed,rating_anchor,0.9711,0.9934,54,5772,97.922,4.8钟表￥1624/人 | LG1,CASIO | 4.8钟表￥1624/人 | LG1 | 经典设计百搭，防水防震超耐用 | 5 | 三 | 10:00营业,ocr/input_videos\上海__上海荟聚中心__20260826.mp4
OBS-000612,上海荟聚中心,Sam Edelman,SamEdelman,服饰鞋包,3.9,,L1,rated,True,,rated,parsed,rating_anchor,0.9975,0.9953,50,5820,98.736,🌟🌟🌟🌟🌟 | L1 | 服饰鞋包 | 3.9,Sam Edelman | 🌟🌟🌟🌟🌟 | L1 | 服饰鞋包 | 3.9,ocr/input_videos\上海__上海荟聚中心__20260826.mp4
OBS-000613,上海荟聚中心,朴下隆九,朴下隆九,面包蛋糕,,51,LG2,new_store,False,new_store,ocr_missing,parsed,metadata_anchor,0.9979,0.9998,59,5820,98.736,新店 | LG2 | 面包蛋糕 | ￥51/人,朴下隆九 | 金亮 | 朴下隆九 | 惠 | 新店 | LG2 | 面包蛋糕 | ￥51/人 | 点评榜单 | 长宁区面包蛋糕甜品新店榜第3名 | 10:00营业 | ￥15.9 | 9.4折 | ￥14.9| | 【脆甜焦香】脏脏.. | 惠 | ￥459折 | ￥5050元代金券 | 惠,ocr/input_videos\上海__上海荟聚中心__20260826.mp4
OBS-000614,上海荟聚中心,鮨人饭团,鮨人饭团,日式简餐/....,4.0,16,LG1,rated,True,,rated,parsed,rating_anchor,0.8862,0.9521,57,5820,98.736,🌟🌟🌟⭐ | 日式简餐/.... | ￥16/人LG1 | 4.0,鮨人饭团 | 鮨人饭团 | 🌟🌟🌟⭐ | 搜平FYIREN RICE ROLL | 日式简餐/.... | ￥16/人LG1 | 4.0 | 点评榜单 | 长宁区日式简餐/快餐环境榜第3名 | 谷10:00营业 | ￥20.9 | 8.8折 | ￥24 | 惠 | 【超值单人餐】高邮.,ocr/input_videos\上海__上海荟聚中心__20260826.mp4
OBS-000615,上海荟聚中心,CASIO,CASIO,钟表,4.8,1624,LG1,rated,True,,rated,parsed,rating_anchor,0.958,0.9947,53,5820,98.736,LG1 | ⭐4.8钟表￥1624/人,CASIO | LG1 | ⭐4.8钟表￥1624/人 | “经典设计百搭，防防震超耐用 | 55 | 10:00营业 | 云阿蛮云南生烫牛肉米线,ocr/input_videos\上海__上海荟聚中心__20260826.mp4
OBS-000616,上海荟聚中心,Sam Edelman,SamEdelman,服饰鞋包,3.9,,L1,rated,True,,rated,parsed,rating_anchor,0.9971,0.9945,50,5856,99.347,⭐🌟⭐🌟3.9 | L1 | 服饰鞋包,Sam Edelman | ⭐🌟⭐🌟3.9 | L1 | 服饰鞋包,ocr/input_videos\上海__上海荟聚中心__20260826.mp4
OBS-000617,上海荟聚中心,朴下隆九,朴下隆九,面包蛋糕,,51,LG2,new_store,False,new_store,ocr_missing,parsed,metadata_anchor,0.996,0.9997,57,5856,99.347,新店 | LG2 | 面包蛋糕 | ￥51/人,朴下隆九 | 品 | 朴下隆九 | 新店 | LG2 | 面包蛋糕 | ￥51/人 | 点评榜单 | 长宁区面包蛋糕甜品新店榜第3名 | 10:00营业 | 惠 | ￥14.9 | ￥15.9 | 9.4折 | 【脆甜焦香】脏脏... | ￥459折 | ￥5050元代金券 | 惠,ocr/input_videos\上海__上海荟聚中心__20260826.mp4
OBS-000618,上海荟聚中心,鮨人饭团,鮨人饭团,日式简餐/....,4.0,16,LG1,rated,True,,rated,parsed,rating_anchor,0.893,0.9536,56,5856,99.347,🌟🌟⭐⭐ | 日式简餐/.... | 4.0 | ￥16/人LG1,鮨人饭团 | 鮨人饭团 | 现藏平作 YIREN RICE ROLL | 🌟🌟⭐⭐ | 日式简餐/.... | 4.0 | ￥16/人LG1 | 点评榜单 | 长宁区日式简餐/快餐环境榜第3名 | 谷10:00营业 | ￥20.9 | ￥24 | 8.8折 | 【超值单人餐】高邮. | 惠,ocr/input_videos\上海__上海荟聚中心__20260826.mp4
OBS-000619,上海荟聚中心,CASIO,CASIO,钟表,4.8,1624,LG1,rated,True,,rated,parsed,rating_anchor,0.9667,0.9935,51,5856,99.347,LG1 | 🌟🌟🌟🌟🌟 | 钟表￥1624/人 | 4.8,CASIO | LG1 | 🌟🌟🌟🌟🌟 | 钟表￥1624/人 | 4.8 | 经典设计百搭，防水防震超耐用 | 《 | 5 | 10:00营业,ocr/input_videos\上海__上海荟聚中心__20260826.mp4
OBS-000620,上海荟聚中心,云阿蛮云南生烫牛肉米线,云阿蛮云南生烫牛肉米线,小吃快餐,3.9,33,LG2,rated,True,,rated,parsed,rating_anchor,0.9989,0.9991,51,5856,99.347,LG2 | 🌟🌟🌟🌟🌟 | ￥33/人 | 3.9 | 小吃快餐,云阿蛮云南生烫牛肉米线 | 云阿童 | LG2 | 🌟🌟🌟🌟🌟 | ￥33/人 | 3.9 | 小吃快餐 | 我是云阿蛮， | tt,ocr/input_videos\上海__上海荟聚中心__20260826.mp4
OBS-000621,上海荟聚中心,鮨人饭团,鮨人饭团,日式简餐/...,4.0,16,LG1,rated,True,,rated,parsed,rating_anchor,0.8771,0.9113,60,5880,99.754,🌟🌟💥🎉 | 日式简餐/... | ￥16/人LG1 | 4.0 | ★,鮨人饭团 | 鮨人饭团 | 现手YIRENAICEROLL | 🌟🌟💥🎉 | 日式简餐/... | ￥16/人LG1 | 4.0 | ★ | 点评榜单 | 长宁区日式简餐/快餐环境榜第3名 | 10:00营业 | ￥20.9 | ￥24 | 8.8折 | 【超值单人餐】高邮. | 惠,ocr/input_videos\上海__上海荟聚中心__20260826.mp4
OBS-000622,上海荟聚中心,CASIO,CASIO,钟表,4.8,1624,LG1,rated,True,,rated,parsed,rating_anchor,0.9654,0.9937,54,5880,99.754,LG1 | 4.8钟表￥1624/人,CASIO | LG1 | 4.8钟表￥1624/人 | “经典设计百搭，防防震超耐 | 10:00营业,ocr/input_videos\上海__上海荟聚中心__20260826.mp4
OBS-000623,上海荟聚中心,云阿蛮云南生烫牛肉米线,云阿蛮云南生烫牛肉米线,小吃快餐,3.9,33,LG2,rated,True,,rated,parsed,rating_anchor,0.9767,0.9976,51,5880,99.754,LG2 | 小吃快餐￥33/人 | 🌟🌟🌟🌟🌟 | 3.9,云阿蛮云南生烫牛肉米线 | 云阿童 | LG2 | 小吃快餐￥33/人 | 🌟🌟🌟🌟🌟 | 3.9 | 我是云阿蛮， | 点评榜单 | 北新泾/淞虹路小吃快餐销量榜第2名 | 我来自云南 | 10:00营业 | 酥香春卷，回味无穷，全国都想尝 | 3 | “ | ￥1.991.6折 | ￥12.8 | 【馋嘴必备】玫瑰.. | 惠 | ￥289.4折 | 惠 | ￥3030元代金券,ocr/input_videos\上海__上海荟聚中心__20260826.mp4
OBS-000624,上海荟聚中心,井梅无锡面馆·私房面,井梅无锡面馆·私房面,面馆,3.9,43,LG2,rated,True,,rated,parsed,rating_anchor,0.9588,0.985,54,5880,99.754,LG2 | 3.9面馆￥43/人,井梅无锡面馆·私房面 | LG2 | 3.9面馆￥43/人 | THE MICHELIN CUIDE | 点评榜单 | 北新泾/淞虹路面馆热门榜第3名 | 2024/2025/2026 | 林必比登 | 维联三 | 10:00营业 | ￥13.99.3折 | ￥15 | 惠 | 【井梅特惠】无锡小.,ocr/input_videos\上海__上海荟聚中心__20260826.mp4
OBS-000625,上海荟聚中心,鮨人饭团,鮨人饭团,日式简餐/....,4.0,16,LG1,rated,True,,rated,parsed,rating_anchor,0.8725,0.9442,57,5892,99.958,🌟🌟🌟🌟 | ￥16/人LG1 | 日式简餐/.... | 4.0,鮨人饭团 | 鮨人饭团 | 段平作YIRENRICE ROLL | 🌟🌟🌟🌟 | ￥16/人LG1 | 日式简餐/.... | 4.0 | 点评榜单 | 长宁区日式简餐/快餐环境榜第3名 | 10:00营业 | 惠 | ￥20.9 | 8.8折 | ￥24 | 【超值单人餐】高邮..,ocr/input_videos\上海__上海荟聚中心__20260826.mp4
OBS-000626,上海荟聚中心,CASIO,CASIO,钟表,4.8,1624,LG1,rated,True,,rated,parsed,rating_anchor,0.9735,0.9929,51,5892,99.958,LG1 | 4.8钟表￥1624/人,CASIO | LG1 | 4.8钟表￥1624/人 | “经典设计百搭，防水防震超耐用 | 3 | 10:00营业,ocr/input_videos\上海__上海荟聚中心__20260826.mp4
OBS-000627,上海荟聚中心,云阿蛮云南生烫牛肉米线,云阿蛮云南生烫牛肉米线,小吃快餐,3.9,33,LG2,rated,True,,rated,parsed,rating_anchor,0.9837,0.9991,51,5892,99.958,🌟🌟🌟🌟🌟 | 小吃快餐￥33/人 | LG2 | 3.9,云阿蛮云南生烫牛肉米线 | 云阿童 | 🌟🌟🌟🌟🌟 | 小吃快餐￥33/人 | LG2 | 3.9 | 我是云阿蛮， | 点评榜单 | 北新泾/淞虹路小吃快餐销量榜第2名 | 我連自云南 | 10:00营业 | 酥香春卷，回味无穷，全国都想尝 | ￥1.991.6折 | 惠 | ￥12.8 | 【馋嘴必备】玫瑰... | ￥289.4折 | 惠 | ￥3030元代金券,ocr/input_videos\上海__上海荟聚中心__20260826.mp4
OBS-000628,上海荟聚中心,井梅无锡面馆·私房面,井梅无锡面馆·私房面,面馆,3.9,43,LG2,rated,True,,rated,parsed,rating_anchor,0.9632,0.9818,56,5892,99.958,LG2 | 🌟🌟🌟🌟🌟 | 面馆￥43/人 | 3.9,井梅无锡面馆·私房面 | LG2 | 🌟🌟🌟🌟🌟 | 面馆￥43/人 | 3.9 | THE MICHELIN curoe | 点评榜单 | 北新泾/淞虹路面馆热门榜第3名 | 2024/2025/2026 | 10:00营业 | ￥15 | ￥13.9 | 9.3折 | 【井梅特惠】无锡小…. | 惠,ocr/input_videos\上海__上海荟聚中心__20260826.mp4
OBS-000629,上海荟聚中心,云阿蛮云南生烫牛肉米线,云阿蛮云南生烫牛肉米线,小吃快餐,3.9,33,LG2,rated,True,,rated,parsed,rating_anchor,0.9765,0.9988,50,6000,101.79,⭐🌟⭐🌟⭐ | LG2 | 小吃快餐￥33/人 | 3.9,云阿蛮云南生烫牛肉米线 | 云阿童 | ⭐🌟⭐🌟⭐ | LG2 | 小吃快餐￥33/人 | 3.9 | 我是云阿蛮， | 点评榜单 | 北新泾/淞虹路小吃快餐销量榜第2名 | 我来自云南 | 10:00营业 | 酥香春卷，回味无穷，全国都想尝 | C | 2 | ￥12.8 | ￥1.99 | 1.6折 | 【馋嘴必备】玫瑰.. | 惠 | ￥28 | 9.4折 | ￥3030元代金券 | 惠,ocr/input_videos\上海__上海荟聚中心__20260826.mp4
OBS-000630,上海荟聚中心,井梅无锡面馆·私房面,井梅无锡面馆·私房面,面馆,3.9,43,LG2,rated,True,,rated,parsed,rating_anchor,0.964,0.9829,51,6000,101.79,LG2 | 🌟🌟★🌟★3.9 | 面馆￥43/人,井梅无锡面馆·私房面 | LG2 | 🌟🌟★🌟★3.9 | 面馆￥43/人 | THE MICHELIN GUIDE | 点评榜单 | 北新泾/淞虹路面馆热门榜第3名 | 2024/2025/2026 | 蝉联三年米其林必比登 | 10:00营业 | ￥13.99.3折 | ￥15 | 惠 | 【井梅特惠】无锡小.,ocr/input_videos\上海__上海荟聚中心__20260826.mp4
OBS-000631,上海荟聚中心,Balabala,Balabala,儿童服饰,4.4,330,L3,rated,True,,rated,parsed,rating_anchor,0.9974,0.9992,49,6000,101.79,🌟🌟⭐ | L3 | 4.4儿童服饰 | ￥330/人 | ★,Balabala | 🌟🌟⭐ | L3 | 4.4儿童服饰 | ￥330/人 | ★ | 款式多样，面料柔软舒适 | 10:00营业,ocr/input_videos\上海__上海荟聚中心__20260826.mp4
OBS-000632,上海荟聚中心,琦王花生,琦王花生,栗子/干果,3.8,56,LG2,rated,True,,rated,parsed,rating_anchor,0.9722,0.9995,53,6000,101.79,LG2 | 🌟🌟🌟🌟🌟 | 3.8栗子/干果￥56/人,琦王花生 | 琦王 | REAAYE | LG2 | 🌟🌟🌟🌟🌟 | 3.8栗子/干果￥56/人 | 花生 | 10:00营业少 | ￥19.8￥19.8红山雪葵（原味瓜子) | 惠,ocr/input_videos\上海__上海荟聚中心__20260826.mp4
OBS-000633,上海荟聚中心,马记永·兰州牛肉面,马记永·兰州牛肉面,面馆,3.9,36,LG2,rated,True,,rated,parsed,rating_anchor,0.9643,0.9911,58,6000,101.79,LG2 | 🌟⭐🌟🎉 | 面馆￥36/人 | 3.9,马记永·兰州牛肉面 | 马配乐 | 凉面串 | LG2 | 🌟⭐🌟🎉 | 面馆￥36/人 | 3.9 | 才叫过袁天 | 点评榜单 | 北新泾/淞虹路面馆热门榜第6名 | 030营业,ocr/input_videos\上海__上海荟聚中心__20260826.mp4
OBS-000634,上海荟聚中心,云阿蛮云南生烫牛肉米线,云阿蛮云南生烫牛肉米线,小吃快餐,3.9,33,LG2,rated,True,,rated,parsed,rating_anchor,0.9829,0.9987,54,6024,102.197,🌟🌟⭐🌟🌟 | 小吃快餐￥33/人 | LG2 | 3.9,云阿蛮云南生烫牛肉米线 | 云阿蛮 | 🌟🌟⭐🌟🌟 | 小吃快餐￥33/人 | LG2 | 3.9 | 我是云阿蛮， | 点评榜单 | 北新泾/淞虹路小吃快餐销量榜第2名 | 我来自云南 | 10:00营业 | 酥香春卷，回味无穷，全国都想尝 | C | 1.6折 | ￥12.8 | ￥1.99 | 惠 | 【馋嘴必备】玫瑰.. | 惠 | ￥289.4折 | ￥3030元代金券,ocr/input_videos\上海__上海荟聚中心__20260826.mp4
OBS-000635,上海荟聚中心,井梅无锡面馆·私房面,井梅无锡面馆·私房面,面馆,3.9,43,LG2,rated,True,,rated,parsed,rating_anchor,0.9644,0.9807,51,6024,102.197,LG2 | 面馆￥43/人 | ★★★🌟★ | 3.9,井梅无锡面馆·私房面 | LG2 | 面馆￥43/人 | ★★★🌟★ | 3.9 | THE MICHELIN GUIDE | 点评榜单 | 北新泾/淞虹路面馆热门榜第3名 | 2024/2025/2026 | 蝉联三年米其林必比登 | 10:00营业 | ￥13.99.3折 | ￥15 | 【井梅特惠】无锡小. | 惠,ocr/input_videos\上海__上海荟聚中心__20260826.mp4
OBS-000636,上海荟聚中心,Balabala,Balabala,儿童服饰,4.4,330,L3,rated,True,,rated,parsed,rating_anchor,0.9798,0.9993,46,6024,102.197,4.4儿童服饰￥330/人 | L3,Balabala | 4.4儿童服饰￥330/人 | L3 | 款式多样，面料柔软舒适 | 0 | 10:00营业,ocr/input_videos\上海__上海荟聚中心__20260826.mp4
OBS-000637,上海荟聚中心,琦王花生,琦王花生,栗子/干果,3.8,56,LG2,rated,True,,rated,parsed,rating_anchor,0.9642,0.9996,58,6024,102.197,★3.8栗子/干果￥56/人 | LG2,琦王花生 | 琦王 | ★3.8栗子/干果￥56/人 | LG2 | 花生 | 小10:00营业 | ￥19.8￥19.8红山雪葵（原味瓜子） | 惠,ocr/input_videos\上海__上海荟聚中心__20260826.mp4
OBS-000638,上海荟聚中心,马记永·兰州牛肉面,马记永·兰州牛肉面,面馆,3.9,36,LG2,rated,True,,rated,parsed,rating_anchor,0.9616,0.9912,57,6024,102.197,🌟🌟🎉🌟⭐ | LG2 | 面馆￥36/人 | 3.9,马记永·兰州牛肉面 | 县配录国购间 | 凉面串 | 🌟🌟🎉🌟⭐ | LG2 | 面馆￥36/人 | 3.9 | 才叫过夏天 | 点评榜单 | 北新泾/淞虹路面馆热门榜第6名 | 10:30营业 | 一碗马记永牛肉面抚慰疲惫 | “,ocr/input_videos\上海__上海荟聚中心__20260826.mp4
OBS-000639,上海荟聚中心,井梅无锡面馆·私房面,井梅无锡面馆·私房面,面馆,3.9,43,LG2,rated,True,,rated,parsed,rating_anchor,0.9545,0.9655,44,6072,103.012,LG2 | ★🌟3.9 | 面馆￥43/人 | -,井梅无锡面馆·私房面 | LG2 | ★🌟3.9 | 面馆￥43/人 | - | THE MICHELIN GUIDE | 点评榜单 | 北新泾/淞虹路面馆热门榜第3名 | 2024/2025/2026 | 其林必比登 | 样联三年 | 10:00营业 | ￥13.99.3折 | ￥15 | 【井梅特惠】无锡小.. | 惠,ocr/input_videos\上海__上海荟聚中心__20260826.mp4
OBS-000640,上海荟聚中心,Balabala,Balabala,儿童服饰,4.4,330,L3,rated,True,,rated,parsed,rating_anchor,0.9757,0.999,52,6072,103.012,⭐4.4儿童服饰 | L3 | ￥330/人,Balabala | ⭐4.4儿童服饰 | L3 | ￥330/人 | 款式多样，面料柔软舒适 | S | 10:00营业,ocr/input_videos\上海__上海荟聚中心__20260826.mp4
OBS-000641,上海荟聚中心,琦王花生,琦王花生,栗子/干果,3.8,56,LG2,rated,True,,rated,parsed,rating_anchor,0.9708,0.9978,56,6072,103.012,🌟🌟🌟🌟🌟 | LG2 | 3.8栗子/干果￥56/人,琦王花生 | 琦王 | 瑜 | REANAYS | 🌟🌟🌟🌟🌟 | LG2 | 3.8栗子/干果￥56/人 | 花生 | 小10:00营业少 | ￥19.8￥19.8红山雪葵(原味瓜子） | 惠,ocr/input_videos\上海__上海荟聚中心__20260826.mp4
OBS-000642,上海荟聚中心,马记永·兰州牛肉面,马记永·兰州牛肉面,面馆,3.9,36,LG2,rated,True,,rated,parsed,rating_anchor,0.9581,0.9925,57,6072,103.012,LG2 | 🌟🌟⭐🌟⭐ | 面馆￥36/人 | 3.9,马记永·兰州牛肉面 | 国配录国面 | 凉面串 | LG2 | 🌟🌟⭐🌟⭐ | 面馆￥36/人 | 3.9 | 才叫过真天 | 点评榜单 | 北新泾/淞虹路面馆热门榜第6名 | 10:30营业 | 《 | 一碗马记永牛肉面抚慰疲惫 | ￥41.5 | 9.9折 | ￥42经典必点单人餐 | 惠,ocr/input_videos\上海__上海荟聚中心__20260826.mp4
OBS-000643,上海荟聚中心,CHUU,CHUU,服装,4.5,363,LG1,rated,True,,rated,parsed,rating_anchor,0.9811,0.9992,51,6072,103.012,LG1 | 🌟🌟💥🌟🌟 | 4.5服装￥363/人,CHUU | LG1 | 🌟🌟💥🌟🌟 | 4.5服装￥363/人 | 点评榜单 | 北新泾/淞虹路服装好评榜第3名 | 10:00营业 | 麦当劳,ocr/input_videos\上海__上海荟聚中心__20260826.mp4
OBS-000644,上海荟聚中心,Balabala,Balabala,儿童服饰,4.4,330,L3,rated,True,,rated,parsed,rating_anchor,0.9848,0.9993,49,6096,103.419,🌟🌟🌟🌟 | L3 | 4.4儿童服饰￥330/人 | ★,Balabala | 🌟🌟🌟🌟 | L3 | 4.4儿童服饰￥330/人 | ★ | 款式多样，面料柔软舒适 | 10:00营业,ocr/input_videos\上海__上海荟聚中心__20260826.mp4
OBS-000645,上海荟聚中心,琦王花生,琦王花生,栗子/干果,3.8,56,LG2,rated,True,,rated,parsed,rating_anchor,0.9645,0.9973,56,6096,103.419,LG2 | 3.8栗子/干果￥56/人,琦王花生 | 琦王 | LG2 | 3.8栗子/干果￥56/人 | 花生 | 小10:00营业少 | ￥19.8￥19.8红山雪葵（原味瓜子） | 惠,ocr/input_videos\上海__上海荟聚中心__20260826.mp4
OBS-000646,上海荟聚中心,马记永·兰州牛肉面,马记永·兰州牛肉面,面馆,3.9,36,LG2,rated,True,,rated,parsed,rating_anchor,0.966,0.9912,54,6096,103.419,LG2 | 🌟🌟🌟🌟🌟 | 面馆￥36/人 | 3.9,马记永·兰州牛肉面 | 黑配承国 | 凉面雞串 | LG2 | 🌟🌟🌟🌟🌟 | 面馆￥36/人 | 3.9 | 才叫过夏夫 | 点评榜单 | 北新泾/淞虹路面馆热门榜第6名 | 10:30营业 | “ | 一碗马记永牛肉面抚慰疲惫 | 3 | ￥41.59.9折 | 惠 | ￥42经典必点单人餐,ocr/input_videos\上海__上海荟聚中心__20260826.mp4
OBS-000647,上海荟聚中心,CHUU,CHUU,服装,4.5,363,LG1,rated,True,,rated,parsed,rating_anchor,0.962,0.999,50,6096,103.419,LG1 | ⭐4.5服装￥363/人,CHUU | LG1 | ⭐4.5服装￥363/人 | 点评榜单 | 北新泾/淞虹路服装好评榜第3名 | 10:00营业,ocr/input_videos\上海__上海荟聚中心__20260826.mp4
OBS-000648,上海荟聚中心,麦当劳,麦当劳,西式快餐,3.9,28,LG2,rated,True,,rated,parsed,rating_anchor,0.9799,0.9982,59,6096,103.419,LG2 | 🌟🌟🌟🌟🌟 | 3.9 | 西式快餐￥28/人,麦当劳 | M | 随心配江证 | 13 | 本下爽果早 | LG2 | 盼 | 🌟🌟🌟🌟🌟 | 3.9 | 西式快餐￥28/人 | 点评榜单 | 北新泾/淞虹路小吃快餐销量榜第6名 | 营业中 | 一心 | 团购优惠，出餐迅速，麦麦汉堡 | “ | 55,ocr/input_videos\上海__上海荟聚中心__20260826.mp4
OBS-000649,上海荟聚中心,Balabala,Balabala,儿童服饰,4.4,330,L3,rated,True,,rated,parsed,rating_anchor,0.9851,0.9992,51,6120,103.826,🌟🌟🌟🌟 | L3 | 4.4儿童服饰￥330/人,Balabala | 🌟🌟🌟🌟 | L3 | 4.4儿童服饰￥330/人 | 款式多样，面料柔软舒适 | C | 10:00营业,ocr/input_videos\上海__上海荟聚中心__20260826.mp4
OBS-000650,上海荟聚中心,琦王花生,琦王花生,栗子/干果,3.8,56,LG2,rated,True,,rated,parsed,rating_anchor,0.9759,0.9978,56,6120,103.826,LG2 | ★★★★★ | 3.8栗子/干果￥56/人,琦王花生 | 琦王 | LG2 | ★★★★★ | 3.8栗子/干果￥56/人 | 花生 | 小10:00营业少 | ￥19.8￥19.8红山雪葵（原味瓜子） | 惠,ocr/input_videos\上海__上海荟聚中心__20260826.mp4
OBS-000651,上海荟聚中心,马记永·兰州牛肉面,马记永·兰州牛肉面,面馆,3.9,36,LG2,rated,True,,rated,parsed,rating_anchor,0.9587,0.9914,55,6120,103.826,★★🌟🌟★ | LG2 | 面馆￥36/人 | 3.9,马记永·兰州牛肉面 | 男配永区 | 凉面串 | ★★🌟🌟★ | LG2 | 面馆￥36/人 | 3.9 | 才叫过夏夫 | 点评榜单 | 北新泾/淞虹路面馆热门榜第6名 | 10:30营业 | 一碗马记永牛肉面抚慰疲惫 | “ | ￥41.5 | 9.9折 | ￥42经典必点单人餐 | 惠,ocr/input_videos\上海__上海荟聚中心__20260826.mp4
OBS-000652,上海荟聚中心,CHUU,CHUU,服装,4.5,363,LG1,rated,True,,rated,parsed,rating_anchor,0.9756,0.9992,47,6120,103.826,★★★★★ | LG1 | 4.5 | 服装￥363/人,CHUU | ★★★★★ | LG1 | 4.5 | 服装￥363/人 | 点评榜单 | 北新泾/淞虹路服装好评榜第3名 | 10:00营业,ocr/input_videos\上海__上海荟聚中心__20260826.mp4
OBS-000653,上海荟聚中心,麦当劳,麦当劳,西式快餐,3.9,28,LG2,rated,True,,rated,parsed,rating_anchor,0.9792,0.9991,58,6120,103.826,LG2 | 🌟🌟🌟🌟🌟 | 西式快餐￥28/人 | 3.9,麦当劳 | M | 随心配口 | 13 | 本年更学 | LG2 | 🌟🌟🌟🌟🌟 | 西式快餐￥28/人 | 3.9 | 点评镑单 | 北新泾/淞虹路小吃快餐销量榜第6名 | 营业中 | 团购优惠，出餐迅速，麦麦汉堡” | 55 | ￥15.9 | 5.8折 | 惠 | ￥27.5 | 【百万爆品】麦满..,ocr/input_videos\上海__上海荟聚中心__20260826.mp4
OBS-000654,上海荟聚中心,CHUU,CHUU,服装,4.5,363,LG1,rated,True,,rated,parsed,rating_anchor,0.9771,0.9987,54,6204,105.251,🌟🌟🌟🌟 | LG1 | 服装￥363/人 | 4.5,CHUU | 🌟🌟🌟🌟 | LG1 | 服装￥363/人 | 4.5 | 点评榜单 | 北新泾/淞虹路服装好评榜第3名 | 10:00营业,ocr/input_videos\上海__上海荟聚中心__20260826.mp4
OBS-000655,上海荟聚中心,麦当劳,麦当劳,西式快餐,3.9,28,LG2,rated,True,,rated,parsed,rating_anchor,0.9819,0.9992,64,6204,105.251,LG2 | 🌟🌟🌟🌟🌟 | 西式快餐￥28/人 | 3.9,麦当劳 | m | 随心配国证 | 13 | 9 | 欢东面 | LG2 | 🌟🌟🌟🌟🌟 | 西式快餐￥28/人 | 3.9 | D | 点评榜单 | 北新泾/淞虹路小吃快餐销量榜第6名 | 营业中 | 自 | 团购优惠，出餐迅速，麦麦汉堡 | “ | 55 | ￥15.9 | ￥27.5 | 5.8折 | 惠 | 【百万爆品】麦满..,ocr/input_videos\上海__上海荟聚中心__20260826.mp4
OBS-000656,上海荟聚中心,罗宋千礼·罗宋面包,罗宋千礼·罗宋面包,面包蛋糕,3.9,24,LG2,rated,True,,rated,parsed,rating_anchor,0.958,0.9601,50,6204,105.251,面包蛋糕￥24/人 | LG2 | 🌟🌟⭐🌟⭐ | 3.9,罗宗干礼 | 罗宋千礼·罗宋面包 | 面包蛋糕￥24/人 | LG2 | 🌟🌟⭐🌟⭐ | 3.9 | 点评榜单 | 北新泾/淞虹路面包蛋糕销量榜第7名 | 10:00营业 | 装 | ￥35.2 | ￥267.4折 | 【必点】Mini罗宋全. | 惠 | ￥25.9 | 8.7折 | ￥3030元代金券 | 惠,ocr/input_videos\上海__上海荟聚中心__20260826.mp4
OBS-000657,上海荟聚中心,montbell,montbell,运动户外,3.8,1078,LG1,rated,True,,rated,parsed,rating_anchor,0.988,0.9992,48,6204,105.251,🌟🌟🎉🌟🌟 | LG1 | 3.8运动户外￥1078/人,montbell | 🌟🌟🎉🌟🌟 | LG1 | 3.8运动户外￥1078/人 | 点评榜单 | 长宁区运动户外热门榜第5名 | 10:00营业 | 福建菜味道好，服务也很棒 | “ | 古早萬丹传统台湾糕點,ocr/input_videos\上海__上海荟聚中心__20260826.mp4
OBS-000658,上海荟聚中心,CHUU,CHUU,服装,4.5,363,LG1,rated,True,,rated,parsed,rating_anchor,0.9833,0.9992,55,6216,105.454,🌟🌟🌟🌟 | LG1 | 4.5服装￥363/人,CHUU | 🌟🌟🌟🌟 | LG1 | 4.5服装￥363/人 | 点评榜单 | 北新泾/淞虹路服装好评榜第3名 | 10:00营业,ocr/input_videos\上海__上海荟聚中心__20260826.mp4
OBS-000659,上海荟聚中心,麦当劳,麦当劳,西式快餐,3.9,28,LG2,rated,True,,rated,parsed,rating_anchor,0.9777,0.9991,65,6216,105.454,🌟🌟🌟🌟⭐ | LG2 | 3.9 | 西式快餐￥28/人,麦当劳 | M | 随心配江证 | 133 | 1 | 欢东面配 | 🌟🌟🌟🌟⭐ | LG2 | 3.9 | 西式快餐￥28/人 | P | 点评榜单 | 北新泾/淞虹路小吃快餐销量榜第6名 | 营业中 | 商 | 团购优惠，出餐迅速，麦麦汉堡” | ￥27.5 | ￥15.9 | 5.8折 | 【百万爆品】麦满.. | 惠,ocr/input_videos\上海__上海荟聚中心__20260826.mp4
OBS-000660,上海荟聚中心,罗宋千礼·罗宋面包,罗宋千礼·罗宋面包,面包蛋糕,3.9,24,LG2,rated,True,,rated,parsed,rating_anchor,0.9694,0.9784,51,6216,105.454,🌟🌟⭐🌟🌟 | LG2 | 面包蛋糕￥24/人 | 3.9,罗家干礼 | 罗宋千礼·罗宋面包 | 🌟🌟⭐🌟🌟 | LG2 | 面包蛋糕￥24/人 | 3.9 | 点评榜单 | 北新泾/淞虹路面包蛋糕销量榜第7名 | 10:00营业 | 柴 | ￥35.2 | ￥267.4折 | 【必点】Mini罗宋全. | 惠 | ￥25.9 | 惠 | 8.7折 | ￥3030元代金券,ocr/input_videos\上海__上海荟聚中心__20260826.mp4
OBS-000661,上海荟聚中心,montbell,montbell,运动户外,3.8,1078,LG1,rated,True,,rated,parsed,rating_anchor,0.9872,0.9985,49,6216,105.454,LG1 | 🌟🌟🌟🌟🌟 | 3.8运动户外￥1078/人,montbell | LG1 | 🌟🌟🌟🌟🌟 | 3.8运动户外￥1078/人 | 点评榜单 | 长宁区运动户外热门榜第5名 | 10:00营业 | 福建菜味道好，服务也很棒 | 55,ocr/input_videos\上海__上海荟聚中心__20260826.mp4
OBS-000662,上海荟聚中心,古早萬丹传统台湾糕點,古早万丹传统台湾糕点,面包蛋糕,3.9,21,LG2,rated,True,,rated,parsed,rating_anchor,0.9922,0.986,53,6216,105.454,⭐✨🌟⭐ | LG2 | ￥21/人 | 3.9 | 面包蛋糕,古早萬丹传统台湾糕點 | 古早 | ⭐✨🌟⭐ | LG2 | ￥21/人 | 3.9 | 面包蛋糕 | 萬丹 | 点评榜单 | 北新泾/淞虹路面包蛋糕甜品销量榜第2名 | 10:00营业,ocr/input_videos\上海__上海荟聚中心__20260826.mp4
OBS-000663,上海荟聚中心,CHUU,CHUU,服装,4.5,363,LG1,rated,True,,rated,parsed,rating_anchor,0.9834,0.9992,50,6240,105.862,LG1 | 🌟🌟🌟🌟🌟 | 4.5服装￥363/人,CHUU | LG1 | 🌟🌟🌟🌟🌟 | 4.5服装￥363/人 | 点评榜单 | 北新泾/淞虹路服装好评榜第3名 | 10:00营业,ocr/input_videos\上海__上海荟聚中心__20260826.mp4
OBS-000664,上海荟聚中心,麦当劳,麦当劳,西式快餐,3.9,28,LG2,rated,True,,rated,parsed,rating_anchor,0.979,0.9982,59,6240,105.862,LG2 | 🌟🌟🎉🌟🌟 | 3.9 | 西式快餐￥28/人,麦当劳 | 四 | 138 | 随心配到1州 | 福 | 少职源加号 | LG2 | 🌟🌟🎉🌟🌟 | 3.9 | 西式快餐￥28/人 | 点评榜单 | 北新泾/淞虹路小吃快餐销量榜第6名 | 营业中 | 团购优惠，出餐迅速，麦麦汉堡 | （ | 5 | ￥27.5 | 5.8折 | ￥15.9 | 惠 | 【百万爆品】麦满.,ocr/input_videos\上海__上海荟聚中心__20260826.mp4
OBS-000665,上海荟聚中心,罗宋千礼·罗宋面包,罗宋千礼·罗宋面包,面包蛋糕,3.9,24,LG2,rated,True,,rated,parsed,rating_anchor,0.9867,0.9763,53,6240,105.862,LG2 | 🌟🌟🌟🌟🌟 | 3.9 | 面包蛋糕 | ￥24/人,罗宋千礼 | 罗宋千礼·罗宋面包 | LG2 | 🌟🌟🌟🌟🌟 | 3.9 | 面包蛋糕 | ￥24/人 | 点评榜单 | 北新泾/淞虹路面包蛋糕销量榜第7名 | 品 | 10:00营业 | ￥35.2 | ￥267.4折 | 惠 | 【必点】Mini罗宋全.. | ￥25.9 | 8.7折 | 惠 | ￥3030元代金券,ocr/input_videos\上海__上海荟聚中心__20260826.mp4
OBS-000666,上海荟聚中心,montbell,montbell,运动户外,3.8,1078,LG1,rated,True,,rated,parsed,rating_anchor,0.9846,0.9986,51,6240,105.862,LG1 | 🌟🌟⭐🌟🌟 | 3.8运动户外￥1078/人,montbell | LG1 | 🌟🌟⭐🌟🌟 | 3.8运动户外￥1078/人 | 点评榜单 | 长宁区运动户外热门榜第5名 | 10:00营业 | 福建菜味道好，服务也很棒,ocr/input_videos\上海__上海荟聚中心__20260826.mp4
OBS-000667,上海荟聚中心,古早萬丹传統台湾糕點,古早万丹传统台湾糕点,面包蛋糕,3.9,21,LG2,rated,True,,rated,parsed,rating_anchor,0.9574,0.9645,48,6240,105.862,3.9面包蛋糕￥21/人 | LG2,古早萬丹传統台湾糕點 | 古早 | 3.9面包蛋糕￥21/人 | LG2 | 萬丹 | 点评榜单 | 北新泾/淞虹路面包蛋糕甜品销量榜第2名 | 10:00营业 | 惠 | ￥19.98.7折 | ￥23 | 【老少皆宜】招牌古...,ocr/input_videos\上海__上海荟聚中心__20260826.mp4
OBS-000668,上海荟聚中心,麦当劳,麦当劳,西式快餐,3.9,28,LG2,rated,True,,rated,parsed,rating_anchor,0.9769,0.9985,58,6336,107.49,LG2 | 🌟🌟⭐🌟🌟 | 3.9 | 西式快餐￥28/人,麦当劳 | m | 商心配工工 | 133 | 中字 | LG2 | 🌟🌟⭐🌟🌟 | 3.9 | 西式快餐￥28/人 | 51 | 点评榜单 | 北新泾/淞虹路小吃快餐销量榜第6名 | 营业中 | 团购优惠，出餐迅速，麦麦汉堡 | ￥15.9 | 5.8折 | ￥27.5 | 【百万爆品】麦满.. | 惠,ocr/input_videos\上海__上海荟聚中心__20260826.mp4
OBS-000669,上海荟聚中心,罗宋千礼·罗宋面包,罗宋千礼·罗宋面包,面包蛋糕,3.9,24,LG2,rated,True,,rated,parsed,rating_anchor,0.9602,0.9692,54,6336,107.49,LG2 | 🌟🌟🌟🌟🌟 | 面包蛋糕￥24/人 | 3.9,罗宋千礼·罗宋面包 | 罗家干礼 | LG2 | 🌟🌟🌟🌟🌟 | 面包蛋糕￥24/人 | 3.9 | 点评榜单 | 北新泾/淞虹路面包蛋糕销量榜第7名 | 10:00营业 | ￥35.2 | ￥267.4折 | 惠 | 【必点】Mini罗宋全.. | ￥25.9 | 8.7折 | ￥3030元代金券 | 惠,ocr/input_videos\上海__上海荟聚中心__20260826.mp4
OBS-000670,上海荟聚中心,montbell,montbell,运动户外,3.8,1078,LG1,rated,True,,rated,parsed,rating_anchor,0.9871,0.9995,51,6336,107.49,★🌟★★ | LG1 | 3.8运动户外￥1078/人,montbell | ★🌟★★ | LG1 | 3.8运动户外￥1078/人 | 点评榜单 | 长宁区运动户外热门榜第5名 | 10:00营业 | 福建菜味道好，服务也很棒 | “ | 55,ocr/input_videos\上海__上海荟聚中心__20260826.mp4
OBS-000671,上海荟聚中心,古早萬丹传統台湾糕點,古早万丹传统台湾糕点,面包蛋糕,3.9,21,LG2,rated,True,,rated,parsed,rating_anchor,0.9485,0.9409,54,6336,107.49,LG2 | 面包蛋糕￥21/人 | 🌟🌟🌟🌟🌟 | 3.9,古早萬丹传統台湾糕點 | 古早 | LG2 | 面包蛋糕￥21/人 | 🌟🌟🌟🌟🌟 | 3.9 | 萬丹 | 点评榜单 | 北新泾/淞虹路面包蛋糕甜品销量榜第2名 | 10:00营业 | 8.7折 | ￥19.9 | ￥23 | 【老少皆宜】招牌古.…. | 惠,ocr/input_videos\上海__上海荟聚中心__20260826.mp4
OBS-000672,上海荟聚中心,麦当劳,麦当劳,西式快餐,3.9,28,LG2,rated,True,,rated,parsed,rating_anchor,0.9752,0.999,58,6384,108.305,⭐🌟🌟🌟🌟 | LG2 | 3.9 | 西式快餐￥28/人,麦当劳 | m | 商心配工 | 133 | 中商更学 | ⭐🌟🌟🌟🌟 | LG2 | 3.9 | 西式快餐￥28/人 | 月 | 点评榜单 | 北新泾/淞虹路小吃快餐销量榜第6名 | 营业中 | 团购优惠，出餐迅速，麦麦汉堡 | 5.8折 | ￥27.5 | ￥15.9 | 【百万爆品】麦满... | 惠,ocr/input_videos\上海__上海荟聚中心__20260826.mp4
OBS-000673,上海荟聚中心,罗宋千礼·罗宋面包,罗宋千礼·罗宋面包,面包蛋糕,3.9,24,LG2,rated,True,,rated,parsed,rating_anchor,0.9614,0.9811,51,6384,108.305,LG2 | 🌟🌟🌟🌟🌟 | 3.9 | 面包蛋糕￥24/人,罗宋千礼·罗宋面包 | 罗家干礼 | LG2 | 🌟🌟🌟🌟🌟 | 3.9 | 面包蛋糕￥24/人 | 点评镑单 | 北新泾/淞虹路面包蛋糕销量榜第7名 | 10:00营业 | ￥267.4折 | ￥35.2 | 惠 | 【必点】Mini罗宋全.. | ￥25.9 | 8.7折 | ￥3030元代金券 | 惠,ocr/input_videos\上海__上海荟聚中心__20260826.mp4
OBS-000674,上海荟聚中心,montbell,montbell,运动户外,3.8,1078,LG1,rated,True,,rated,parsed,rating_anchor,0.9804,0.9995,51,6384,108.305,🌟🌟🌟★ | LG1 | 运动户外￥1078/人 | 3.8,montbell | 🌟🌟🌟★ | LG1 | 运动户外￥1078/人 | 3.8 | 点评榜单 | 长宁区运动户外热门榜第5名 | 10:00营业 | 福建菜味道好，服务也很棒 | 2 | “,ocr/input_videos\上海__上海荟聚中心__20260826.mp4
OBS-000675,上海荟聚中心,古早萬丹传統台湾糕點,古早万丹传统台湾糕点,面包蛋糕,3.9,21,LG2,rated,True,,rated,parsed,rating_anchor,0.9664,0.9752,54,6384,108.305,LG2 | 面包蛋糕￥21/人 | 🌟🌟🌟🌟🎉 | 3.9,古早萬丹传統台湾糕點 | 古早 | LG2 | 面包蛋糕￥21/人 | 🌟🌟🌟🌟🎉 | 3.9 | 萬丹 | 点评榜单 | 北新泾/淞虹路面包蛋糕甜品销量榜第2名 | 10:00营业 | 8.7折 | 惠 | ￥19.9 | ￥23 | 【老少皆宜】招牌古.….,ocr/input_videos\上海__上海荟聚中心__20260826.mp4
OBS-000676,上海荟聚中心,montbell,montbell,运动户外,3.8,1078,LG1,rated,True,,rated,parsed,rating_anchor,0.9817,0.9986,52,6432,109.119,LG1 | 🌟🌟🌟🌟🌟 | 运动户外￥1078/人 | 3.8,montbell | LG1 | 🌟🌟🌟🌟🌟 | 运动户外￥1078/人 | 3.8 | 点评榜单 | 长宁区运动户外热门榜第5名 | 10:00营业 | 福建菜味道好，服务也很棒 | “,ocr/input_videos\上海__上海荟聚中心__20260826.mp4
OBS-000677,上海荟聚中心,古早萬丹传统台湾糕點,古早万丹传统台湾糕点,面包蛋糕,3.9,21,LG2,rated,True,,rated,parsed,rating_anchor,0.9876,0.9771,51,6432,109.119,LG2 | ★★★★★ | ￥21/人 | 面包蛋糕 | 3.9,古早萬丹传统台湾糕點 | 古早 | LG2 | ★★★★★ | ￥21/人 | 面包蛋糕 | 3.9 | 萬丹 | 点评榜单 | 北新泾/淞虹路面包蛋糕甜品销量榜第2名 | 10:00营业 | ￥19.9 | 8.7折 | ￥23 | 【老少皆宜】招牌古.. | 惠,ocr/input_videos\上海__上海荟聚中心__20260826.mp4
OBS-000678,上海荟聚中心,Five Guys,FiveGuys,西式快餐,4.4,69,LG2,rated,True,,rated,parsed,rating_anchor,0.9676,0.9824,66,6432,109.119,🌟💥🌟⭐ | LG2 | 西式快餐￥69/人 | 4.4 | 食,Five Guys | FIVE GUYS | 超值套餐 | 🌟💥🌟⭐ | LG2 | 西式快餐￥69/人 | 4.4 | 食 | 点评榜单 | 北新泾/淞虹路小吃快餐热门榜第2名 | au | 10:00营业 | 绝绝子的牛肉汉堡，必尝之选 | ￥507.7折 | ￥65单层浓香芝士堡【赠限... | 惠,ocr/input_videos\上海__上海荟聚中心__20260826.mp4
OBS-000679,上海荟聚中心,indicia,indicia,服饰鞋包,3.7,,L2,rated,True,,rated,parsed,rating_anchor,0.9994,0.9996,53,6432,109.119,L2 | ⭐🌟🌟⭐3.7 | 服饰鞋包,indicia | L2 | ⭐🌟🌟⭐3.7 | 服饰鞋包 | 营业中,ocr/input_videos\上海__上海荟聚中心__20260826.mp4
OBS-000680,上海荟聚中心,提篮桥老摊头葱油饼,提篮桥老摊头葱油饼,快餐简餐,3.8,14,LG1,rated,True,,rated,parsed,rating_anchor,0.9698,0.9971,51,6432,109.119,LG1 | 3.8快餐简餐￥14/人,提篮桥老摊头葱油饼 | 新达汇·三林店 | LG1 | 3.8快餐简餐￥14/人 | 松江印象城店 | 店产平 | 10:00营业 | ￥247.5折 | ￥32买3个经典葱油饼送油.. | 惠 | 惠 | ￥189折 | ￥2020元代金券,ocr/input_videos\上海__上海荟聚中心__20260826.mp4
OBS-000681,上海荟聚中心,montbell,montbell,运动户外,3.8,1078,LG1,rated,True,,rated,parsed,rating_anchor,0.9844,0.9979,50,6444,109.323,LG1 | 🌟🌟🌟💥🌟 | 3.8运动户外￥1078/人,montbell | LG1 | 🌟🌟🌟💥🌟 | 3.8运动户外￥1078/人 | 点评榜单 | 长宁区运动户外热门榜第5名 | 10:00营业 | 福建菜味道好，服务也很棒,ocr/input_videos\上海__上海荟聚中心__20260826.mp4
OBS-000682,上海荟聚中心,古早萬丹传统台湾糕點,古早万丹传统台湾糕点,面包蛋糕,3.9,21,LG2,rated,True,,rated,parsed,rating_anchor,0.9685,0.9818,54,6444,109.323,LG2 | 🌟🌟🌟🌟🌟 | 面包蛋糕￥21/人 | 3.9,古早萬丹传统台湾糕點 | 古早 | LG2 | 🌟🌟🌟🌟🌟 | 面包蛋糕￥21/人 | 3.9 | 萬丹 | 点评榜单 | 北新泾/淞虹路面包蛋糕甜品销量榜第2名 | 10:00营业 | ￥23 | ￥19.9 | 8.7折 | 【老少皆宜】招牌古... | 惠,ocr/input_videos\上海__上海荟聚中心__20260826.mp4
OBS-000683,上海荟聚中心,Five Guys,FiveGuys,西式快餐,4.4,69,LG2,rated,True,,rated,parsed,rating_anchor,0.9756,0.9939,66,6444,109.323,LG2 | 🌟🌟🌟🌟 | 西式快餐￥69/人 | 4.4,Five Guys | FIVE GUYS | 超值套餐 | LG2 | 🌟🌟🌟🌟 | 西式快餐￥69/人 | 4.4 | 点评榜单 | 北新泾/淞虹路小吃快餐热门榜第2名 | au | 10:00营业 | 绝绝子的牛肉汉堡，必尝之选 | 2 | ￥507.7折 | 惠 | ￥65单层浓香芝士堡【赠限...,ocr/input_videos\上海__上海荟聚中心__20260826.mp4
OBS-000684,上海荟聚中心,indicia,indicia,服饰鞋包,3.7,,L2,rated,True,,rated,parsed,rating_anchor,0.9579,0.9995,50,6444,109.323,L2 | ⭐3.7服饰鞋包,indicia | L2 | ⭐3.7服饰鞋包 | 营业中,ocr/input_videos\上海__上海荟聚中心__20260826.mp4
OBS-000685,上海荟聚中心,提篮桥老摊头葱油饼,提篮桥老摊头葱油饼,快餐简餐,3.8,14,LG1,rated,True,,rated,parsed,rating_anchor,0.976,0.9965,51,6444,109.323,3.8快餐简餐￥14/人 | LG1,提篮桥老摊头葱油饼 | 新达汇·三林店 | 3.8快餐简餐￥14/人 | LG1 | 松江印象城店 | 红龙 | 10:00营业 | ￥247.5折 | 惠 | ￥32买3个经典葱油饼送油.... | ￥189折 | 惠 | ￥2020元代金券,ocr/input_videos\上海__上海荟聚中心__20260826.mp4
OBS-000686,上海荟聚中心,Five Guys,FiveGuys,西式快餐,4.4,69,LG2,rated,True,,rated,parsed,rating_anchor,0.9795,0.9952,65,6564,111.358,⭐🌟⭐⭐ | LG2 | 西式快餐￥69/人 | 4.4 | ★,Five Guys | FIVE GUYS | 超值套餐 | ⭐🌟⭐⭐ | LG2 | 西式快餐￥69/人 | 4.4 | ★ | 点评榜单 | au | 北新泾/淞虹路小吃快餐热门榜第2名 | 10:00营业 | 绝绝子的牛肉汉堡，必尝之选 | “ | 2 | ￥507.7折 | ￥65单层浓香芝士堡【赠限.. | 惠,ocr/input_videos\上海__上海荟聚中心__20260826.mp4
OBS-000687,上海荟聚中心,indicia,indicia,服饰鞋包,3.7,,L2,rated,True,,rated,parsed,rating_anchor,0.9613,0.9995,53,6564,111.358,L2 | ⭐3.7服饰鞋包,indicia | L2 | ⭐3.7服饰鞋包 | 营业中,ocr/input_videos\上海__上海荟聚中心__20260826.mp4
OBS-000688,上海荟聚中心,提篮桥老摊头葱油饼,提篮桥老摊头葱油饼,快餐简餐,3.8,14,LG1,rated,True,,rated,parsed,rating_anchor,0.9794,0.9926,54,6564,111.358,LG1 | 3.8快餐简餐￥14/人,提篮桥老摊头葱油饼 | 新达汇·三林店 | LG1 | 3.8快餐简餐￥14/人 | 松江印象城店 | 10:00营业 | ￥247.5折 | ￥32买3个经典葱油饼送油.. | 惠 | ￥189折 | ￥2020元代金券 | 惠,ocr/input_videos\上海__上海荟聚中心__20260826.mp4
OBS-000689,上海荟聚中心,毒蛇面馆,毒蛇面馆,面馆,4.2,42,LG2,rated,True,,rated,parsed,rating_anchor,0.9715,0.9985,56,6564,111.358,LG2 | 🌟🌟⭐🌟 | 面馆￥42/人 | 4.2 | ★,GOODINEW | 毒蛇面馆 | SHEI | 小 | 国 | LG2 | 🌟🌟⭐🌟 | 面馆￥42/人 | 4.2 | ★ | 固 | 吃 | 点评榜单 | 长宁区面馆打卡人气榜第1名 | 10:00营业 | 皮蛋牛肉面汤浓面条筋道” | ￥29.9 | ￥35 | 8.6折 | 【招牌必点】猪肝拌... | 惠,ocr/input_videos\上海__上海荟聚中心__20260826.mp4
OBS-000690,上海荟聚中心,BLANKSOCKS,BLANKSOCKS,服饰鞋包,4.3,531,LG1,rated,True,,rated,parsed,rating_anchor,0.9809,0.996,45,6564,111.358,LG1 | 🌟🌟⭐⭐ | 4.3 | 服饰鞋包￥531/人,BLANKSSCNS | BLANKSOCKS | LG1 | 🌟🌟⭐⭐ | 4.3 | 服饰鞋包￥531/人 | 颜色款式限量，送人自用佳选 | 5 | 10:00营业,ocr/input_videos\上海__上海荟聚中心__20260826.mp4
OBS-000691,上海荟聚中心,提篮桥老摊头葱油饼,提篮桥老摊头葱油饼,快餐简餐,3.8,14,LG1,rated,True,,rated,parsed,rating_anchor,0.9761,0.9964,50,6696,113.598,LG1 | 3.8快餐简餐￥14/人,提篮桥老摊头葱油饼 | 新达汇·三林店 | LG1 | 3.8快餐简餐￥14/人 | 松江印象城店 | 六工 | 10:00营业 | ￥247.5折 | ￥32买3个经典葱油饼送油... | 惠 | ￥18 | 9折 | 惠 | ￥2020元代金券,ocr/input_videos\上海__上海荟聚中心__20260826.mp4
OBS-000692,上海荟聚中心,毒蛇面馆,毒蛇面馆,面馆,4.2,42,LG2,rated,True,,rated,parsed,rating_anchor,0.9759,0.9985,57,6696,113.598,LG2 | 🌟🌟⭐⭐ | 面馆￥42/人 | 4.2,毒蛇面馆 | 毒 | 4 | LG2 | 🌟🌟⭐⭐ | 面馆￥42/人 | 4.2 | 居 | 购 | 点评榜单 | 长宁区面馆打卡人气榜第1名 | 10:00营业 | 皮蛋牛肉面汤浓面条筋道” | 1 | ￥29.9 | 8.6折 | ￥35 | 惠 | 【招牌必点】猪肝拌....,ocr/input_videos\上海__上海荟聚中心__20260826.mp4
OBS-000693,上海荟聚中心,BLANKSOCKS,BLANKSOCKS,服饰鞋包,4.3,531,LG1,rated,True,,rated,parsed,rating_anchor,0.977,0.9963,44,6696,113.598,LG1 | 🌟🌟⭐ | 4.3 | 服饰鞋包￥531/人,BLANKSOCAS | BLANKSOCKS | LG1 | 🌟🌟⭐ | 4.3 | 服饰鞋包￥531/人 | 颜色款式限量，送人自用佳选 | 6 | 10:00营业,ocr/input_videos\上海__上海荟聚中心__20260826.mp4
OBS-000694,上海荟聚中心,鲜芋仙,鲜芋仙,甜品,3.8,28,LG1,rated,True,,rated,parsed,rating_anchor,0.9721,0.9992,59,6696,113.598,LG1 | 甜品￥28/人 | 🌟🌟🌟🌟🌟 | 3.8,鲜芋仙 | LG1 | 甜品￥28/人 | 🌟🌟🌟🌟🌟 | 3.8 | 点评榜单 | 北新泾/淞虹路甜品回头客榜第1名 | 10:00营业 | ￥28.669.6折 | ￥30超级芋霸布丁碗(... | 惠,ocr/input_videos\上海__上海荟聚中心__20260826.mp4
OBS-000695,上海荟聚中心,美珍香,美珍香,零食,3.9,84,LG2,rated,True,,rated,parsed,rating_anchor,0.9706,0.9999,65,6696,113.598,3.9零食￥84/人 | LG2,美珍香 | 3.9零食￥84/人 | LG2 | 美珍香 | BEE CHENG HIANG | 10:00营业,ocr/input_videos\上海__上海荟聚中心__20260826.mp4
OBS-000696,上海荟聚中心,提篮桥老摊头葱油饼,提篮桥老摊头葱油饼,快餐简餐,3.8,14,LG1,rated,True,,rated,parsed,rating_anchor,0.9825,0.9972,51,6780,115.023,LG1 | ★★★★★ | 3.8快餐简餐￥14/人,提篮桥老摊头葱油饼 | 新达汇·三林店 | LG1 | ★★★★★ | 3.8快餐简餐￥14/人 | 松江印象城店 | 可 | 10:00营业 | ￥247.5折 | ￥32买3个经典葱油饼送油... | 惠 | ￥189折 | ￥2020元代金券 | 惠,ocr/input_videos\上海__上海荟聚中心__20260826.mp4
OBS-000697,上海荟聚中心,毒蛇面馆,毒蛇面馆,面馆,4.2,42,LG2,rated,True,,rated,parsed,rating_anchor,0.9867,0.9983,57,6780,115.023,LG2 | 🌟🌟⭐⭐ | 4.2面馆￥42/人,毒蛇面馆 | 海 | LG2 | 🌟🌟⭐⭐ | 4.2面馆￥42/人 | 固 | 购 | 点评榜单 | 长宁区面馆打卡人气榜第1名 | 鑫 | C | 10:00营业 | 皮蛋牛肉面汤浓面条筋道 | ￥29.9 | 8.6折 | ￥35 | 惠 | 【招牌必点】猪肝拌.….,ocr/input_videos\上海__上海荟聚中心__20260826.mp4
OBS-000698,上海荟聚中心,BLANKSOCKS,BLANKSOCKS,服饰鞋包,4.3,531,LG1,rated,True,,rated,parsed,rating_anchor,0.9831,0.9978,45,6780,115.023,LG1 | ⭐🌟🌟⭐ | 服饰鞋包￥531/人 | 4.3 | ★,BLANKSSCRS | BLANKSOCKS | LG1 | ⭐🌟🌟⭐ | 服饰鞋包￥531/人 | 4.3 | ★ | 颜色款式限量，送人自用佳选 | 3 | 1 | 10:00营业,ocr/input_videos\上海__上海荟聚中心__20260826.mp4
OBS-000699,上海荟聚中心,鲜芋仙,鲜芋仙,甜品,3.8,28,LG1,rated,True,,rated,parsed,rating_anchor,0.9763,0.9967,62,6780,115.023,LG1 | 🌟🌟🌟🌟⭐ | 3.8甜品￥28/人,鲜芋仙 | LG1 | 🌟🌟🌟🌟⭐ | 3.8甜品￥28/人 | 点评榜单 | 北新泾/淞虹路甜品回头客榜第1名 | 10:00营业 | ￥28.669.6折 | ￥30超级芋霸布丁碗(... | 惠,ocr/input_videos\上海__上海荟聚中心__20260826.mp4
OBS-000700,上海荟聚中心,美珍香,美珍香,零食,3.9,84,LG2,rated,True,,rated,parsed,rating_anchor,0.9839,0.9999,64,6780,115.023,LG2 | 🌟🌟🌟🌟🌟 | 3.9零食￥84/人,美珍香 | 美珍香 | LG2 | 🌟🌟🌟🌟🌟 | 3.9零食￥84/人 | BEE CHENG HIANG | 10:00营业,ocr/input_videos\上海__上海荟聚中心__20260826.mp4
OBS-000701,上海荟聚中心,毒蛇面馆,毒蛇面馆,面馆,4.2,42,LG2,rated,True,,rated,parsed,rating_anchor,0.9853,0.9988,60,6792,115.226,LG2 | 🌟🌟⭐⭐ | 4.2面馆￥42/人 | ★,毒蛇面馆 | 五 | LG2 | 毒 | 🌟🌟⭐⭐ | 4.2面馆￥42/人 | ★ | 点评榜单 | 长宁区面馆打卡人气榜第1名 | 10:00营业 | 皮蛋牛肉面汤浓面条筋道 | 2 | ￥35 | ￥29.9 | 8.6折 | 【招牌必点】猪肝拌... | 惠,ocr/input_videos\上海__上海荟聚中心__20260826.mp4
OBS-000702,上海荟聚中心,BLANKSOCKS,BLANKSOCKS,服饰鞋包,4.3,531,LG1,rated,True,,rated,parsed,rating_anchor,0.9796,0.9949,48,6792,115.226,LG1 | 🌟🌟🌟⭐ | 服饰鞋包￥531/人 | 4.3 | ★,BLANKSSCAS | BLANKSOCKS | LG1 | 🌟🌟🌟⭐ | 服饰鞋包￥531/人 | 4.3 | ★ | 颜色款式限量，送人自用佳选 | 力 | ≤ | 10:00营业,ocr/input_videos\上海__上海荟聚中心__20260826.mp4
OBS-000703,上海荟聚中心,鲜芋仙,鲜芋仙,甜品,3.8,28,LG1,rated,True,,rated,parsed,rating_anchor,0.9787,0.9962,62,6792,115.226,LG1 | 🌟🌟🌟🌟🌟 | 3.8甜品￥28/人,鲜芋仙 | LG1 | 🌟🌟🌟🌟🌟 | 3.8甜品￥28/人 | 点评榜单 | 北新泾/淞虹路甜品回头客榜第1名 | 1000营业 | ￥28.669.6折 | ￥30超级芋霸布丁碗(... | 惠,ocr/input_videos\上海__上海荟聚中心__20260826.mp4
OBS-000704,上海荟聚中心,美珍香,美珍香,零食,3.9,84,LG2,rated,True,,rated,parsed,rating_anchor,0.9725,0.9996,62,6792,115.226,LG2 | 3.9零食￥84/人,美珍香 | 美珍香 | LG2 | 3.9零食￥84/人 | BEE CHENG HIANG | 10:00营业 | ￥35.7 | 8.5折 | ￥42 | 【经典老味道】金钱.. | 惠 | ￥838.3折 | ￥100 | 【直播间立减9】100.. | 惠,ocr/input_videos\上海__上海荟聚中心__20260826.mp4
OBS-000705,上海荟聚中心,毒蛇面馆,毒蛇面馆,面馆,4.2,42,LG2,rated,True,,rated,parsed,rating_anchor,0.9724,0.9986,57,6828,115.837,🌟🌟🌟🎉 | LG2 | 面馆￥42/人 | 4.2,GOOD!MEW | 毒蛇面馆 | m91 | SHEI! | 🌟🌟🌟🎉 | LG2 | 面馆￥42/人 | 香 | 4.2 | 固 | 购 | 2 | 点评榜单 | 长宁区面馆打卡人气榜第1名 | 10:00营业 | 皮蛋牛肉面汤浓面条筋道 | 9 | C | ￥35 | 惠 | ￥29.9 | 8.6折 | 【招牌必点】猪肝拌..,ocr/input_videos\上海__上海荟聚中心__20260826.mp4
OBS-000706,上海荟聚中心,BLANKSOCKS,BLANKSOCKS,服饰鞋包,4.3,531,LG1,rated,True,,rated,parsed,rating_anchor,0.98,0.9977,45,6828,115.837,LG1 | 🌟🌟🌟🌟 | 服饰鞋包￥531/人 | 4.3 | ★,BLANKSOCAS | BLANKSOCKS | LG1 | 🌟🌟🌟🌟 | 服饰鞋包￥531/人 | 4.3 | ★ | 颜色款式限量，送人自用佳选 | 10:00营业,ocr/input_videos\上海__上海荟聚中心__20260826.mp4
OBS-000707,上海荟聚中心,鲜芋仙,鲜芋仙,甜品,3.8,28,LG1,rated,True,,rated,parsed,rating_anchor,0.974,0.9978,65,6828,115.837,🌟🌟🌟🌟🌟 | LG1 | 甜品￥28/人 | 3.8,鲜芋仙 | 🌟🌟🌟🌟🌟 | LG1 | 甜品￥28/人 | 3.8 | 点评榜单 | 北新泾/淞虹路甜品回头客榜第1名 | 10:00营业 | ￥28.669.6折 | ￥30超级芋霸布丁碗(.. | 惠,ocr/input_videos\上海__上海荟聚中心__20260826.mp4
OBS-000708,上海荟聚中心,美珍香,美珍香,零食,3.9,84,LG2,rated,True,,rated,parsed,rating_anchor,0.9772,0.9999,65,6828,115.837,3.9零食￥84/人 | LG2,美珍香 | 美珍香 | 3.9零食￥84/人 | LG2 | BEE CHENG HIANG | 10:00营业 | 8.5折 | ￥42 | 【经典老味道】金钱.…. | ￥35.7 | 惠 | ￥100 | ￥83 | 【直播间立减9】100... | 惠 | 8.3折,ocr/input_videos\上海__上海荟聚中心__20260826.mp4
OBS-000709,上海荟聚中心,DREAM ROOM,DREAMROOM,数码产品,4.1,,L1,rated,True,,rated,parsed,rating_anchor,0.9874,0.9751,48,6828,115.837,🌟🌟🎉🎉 | L1 | 数码产品 | 4.1 | ★,MROGIN | DREAM ROOM | 🌟🌟🎉🎉 | L1 | 数码产品 | 4.1 | ★ | “服务贴心专业，体验满分”,ocr/input_videos\上海__上海荟聚中心__20260826.mp4
OBS-000710,上海荟聚中心,BLANKSOCKS,BLANKSOCKS,服饰鞋包,4.3,531,LG1,rated,True,,rated,parsed,rating_anchor,0.9791,0.9936,50,6924,117.466,LG1 | 🌟🌟🎉🌟 | 服饰鞋包￥531/人 | 4.3 | ★,BLANKSOCKS | BLANKSOCAS | LG1 | 🌟🌟🎉🌟 | 服饰鞋包￥531/人 | 4.3 | ★ | 颜色款式限量，送人自用佳选 | T0 | 分 | 10:00营业,ocr/input_videos\上海__上海荟聚中心__20260826.mp4
OBS-000711,上海荟聚中心,鲜芋仙,鲜芋仙,甜品,3.8,28,LG1,rated,True,,rated,parsed,rating_anchor,0.974,0.9988,61,6924,117.466,LG1 | 🌟🌟⭐🌟🌟 | 甜品￥28/人 | 3.8,鲜芋仙 | LG1 | 🌟🌟⭐🌟🌟 | 甜品￥28/人 | 3.8 | 点评榜单 | 北新泾/淞虹路甜品回头客榜第1名 | 1000营业 | ￥28.669.6折 | ￥30超级芋霸布丁碗.. | 惠,ocr/input_videos\上海__上海荟聚中心__20260826.mp4
OBS-000712,上海荟聚中心,美珍香,美珍香,零食,3.9,84,LG2,rated,True,,rated,parsed,rating_anchor,0.9722,0.9998,66,6924,117.466,LG2 | 3.9零食￥84/人,美珍香 | 美珍香 | LG2 | 3.9零食￥84/人 | BEE CHENG HIANG | 10:00营业 | 【经典老味道】金钱... | ￥35.7 | 8.5折 | ￥42 | 惠 | ￥83 | ￥100 | 【直播间立减9】100.. | 惠 | 8.3折,ocr/input_videos\上海__上海荟聚中心__20260826.mp4
OBS-000713,上海荟聚中心,DREAM ROOM,DREAMROOM,数码产品,4.1,,L1,rated,True,,rated,parsed,rating_anchor,0.9854,0.9711,45,6924,117.466,★★★★★4.1 | 数码产品 | L1,MROGIN | DREAM ROOM | ★★★★★4.1 | 数码产品 | L1 | “服务贴心专业，体验满分”,ocr/input_videos\上海__上海荟聚中心__20260826.mp4
OBS-000714,上海荟聚中心,薛记炒货,薛记炒货,栗子/干果,3.9,45,LG2,rated,True,,rated,parsed,rating_anchor,0.9504,0.9984,60,6924,117.466,LG2 | 🌟🌟🎉🌟⭐ | 3.9 | 栗子/干果￥45/人,薛记炒货 | LG2 | 🌟🌟🎉🌟⭐ | 3.9 | 栗子/干果￥45/人 | 这里的栗子是必试的” | 10:00营业 | ￥14.9 | 锁鲜冰/烤栗子250g | ￥12.9 | 8.7折 | 惠,ocr/input_videos\上海__上海荟聚中心__20260826.mp4
OBS-000715,上海荟聚中心,美珍香,美珍香,零食,3.9,84,LG2,rated,True,,rated,parsed,rating_anchor,0.967,0.9997,70,7008,118.891,LG2 | 3.9零食￥84/人,美珍香 | LG2 | 美珍香 | 3.9零食￥84/人 | BEE CHENG HIANG | 10:00营业 | ￥42 | 8.5折 | ￥35.7 | 【经典老味道】金钱... | 惠 | ￥100 | 惠 | ￥83 | 8.3折 | 【直播间立减9】100..,ocr/input_videos\上海__上海荟聚中心__20260826.mp4
OBS-000716,上海荟聚中心,DREAM ROOM,DREAMROOM,数码产品,4.1,,L1,rated,True,,rated,parsed,rating_anchor,0.952,0.9506,48,7008,118.891,⭐4.1数码产品 | L1,MROGIM | DREAM ROOM | ⭐4.1数码产品 | L1 | “服务贴心专业，体验满分”,ocr/input_videos\上海__上海荟聚中心__20260826.mp4
OBS-000717,上海荟聚中心,薛记炒货,薛记炒货,栗子/干果,3.9,45,LG2,rated,True,,rated,parsed,rating_anchor,0.9556,0.9984,60,7008,118.891,⭐🌟🌟3.9 | LG2 | 栗子/干果￥45/人,薛记炒货 | ⭐🌟🌟3.9 | LG2 | 栗子/干果￥45/人 | 这的栗子是必试的” | 10:00营业 | 锁鲜冰/烤栗子250g | ￥12.9 | 8.7折 | ￥14.9 | 惠,ocr/input_videos\上海__上海荟聚中心__20260826.mp4
OBS-000718,上海荟聚中心,欢囍花生,欢囍花生,栗子/干果,3.9,72,LG2,rated,True,,rated,parsed,rating_anchor,0.9532,0.991,57,7008,118.891,LG2 | 3.9栗子/干果￥72/人,欢囍花生 | 馬上 | LG2 | 3.9栗子/干果￥72/人 | 欢囍 | “美味佳肴，服务态度特别好” | 10:00营业生 | ￥23.28核桃花588g | ￥22.99.9折 | 惠,ocr/input_videos\上海__上海荟聚中心__20260826.mp4
OBS-000719,上海荟聚中心,美珍香,美珍香,零食,3.9,84,LG2,rated,True,,rated,parsed,rating_anchor,0.9705,0.9996,66,7044,119.502,3.9零食￥84/人 | LG2,美珍香 | 3.9零食￥84/人 | 美珍香 | LG2 | BEE CHENG HIANG | 10:00营业 | 【经典老味道】金钱.. | ￥35.7 | 8.5折 | ￥42 | 惠 | ￥83 | ￥100 | 惠 | 8.3折 | 【直播间立减9】100.,ocr/input_videos\上海__上海荟聚中心__20260826.mp4
OBS-000720,上海荟聚中心,DREAM ROOM,DREAMROOM,数码产品,4.1,,L1,rated,True,,rated,parsed,rating_anchor,0.9893,0.9808,51,7044,119.502,⭐🌟🌟⭐⭐ | 4.1数码产品 | L1,MROLOIN | DREAM ROOM | ⭐🌟🌟⭐⭐ | 4.1数码产品 | L1 | “服务贴心专业，体验满分”,ocr/input_videos\上海__上海荟聚中心__20260826.mp4
OBS-000721,上海荟聚中心,薛记炒货,薛记炒货,栗子/干果,3.9,45,LG2,rated,True,,rated,parsed,rating_anchor,0.9711,0.9986,66,7044,119.502,3.9栗子/干果￥45/人 | LG2,薛记炒货 | 3.9栗子/干果￥45/人 | LG2 | “这里的栗子是必试的” | 10:00营业 | 8.7折 | 锁鲜冰/烤栗子250g | ￥12.9 | ￥14.9 | 惠,ocr/input_videos\上海__上海荟聚中心__20260826.mp4
OBS-000722,上海荟聚中心,欢囍花生,欢囍花生,栗子/干果,3.9,72,LG2,rated,True,,rated,parsed,rating_anchor,0.9723,0.9981,64,7044,119.502,LG2 | 3.9栗子/干果￥72/人 | 🌟🌟🎉🌟🌟,欢囍花生 | 馬上 | LG2 | 3.9栗子/干果￥72/人 | 🌟🌟🎉🌟🌟 | 欢囍 | 美味佳肴，服务态度特别好” | 10:00营业生 | ￥23.28山核桃花生588g | ￥22.9 | 9.9折 | 惠,ocr/input_videos\上海__上海荟聚中心__20260826.mp4
OBS-000723,上海荟聚中心,美珍香,美珍香,零食,3.9,84,LG2,rated,True,,rated,parsed,rating_anchor,0.9738,0.9996,66,7068,119.909,3.9零食￥84/人 | LG2,美珍香 | 美珍香 | 3.9零食￥84/人 | LG2 | BEE CHENG HIANG | 10:00营业 | 【经典老味道】金钱.. | ￥42 | ￥35.7 | 8.5折 | 惠 | ￥83 | ￥100 | 惠 | 8.3折 | 【直播间立减9】100.,ocr/input_videos\上海__上海荟聚中心__20260826.mp4
OBS-000724,上海荟聚中心,DREAM ROOM,DREAMROOM,数码产品,4.1,,L1,rated,True,,rated,parsed,rating_anchor,0.9893,0.9808,51,7068,119.909,⭐🌟🌟⭐⭐ | 4.1数码产品 | L1,MROLOIN | DREAM ROOM | ⭐🌟🌟⭐⭐ | 4.1数码产品 | L1 | “服务贴心专业，体验满分”,ocr/input_videos\上海__上海荟聚中心__20260826.mp4
OBS-000725,上海荟聚中心,薛记炒货,薛记炒货,栗子/干果,3.9,45,LG2,rated,True,,rated,parsed,rating_anchor,0.9712,0.9986,66,7068,119.909,3.9栗子/干果￥45/人 | LG2,薛记炒货 | 3.9栗子/干果￥45/人 | LG2 | “这里的栗子是必试的” | 10:00营业 | 8.7折 | 锁鲜冰/烤栗子250g | ￥12.9 | ￥14.9 | 惠,ocr/input_videos\上海__上海荟聚中心__20260826.mp4
OBS-000726,上海荟聚中心,欢囍花生,欢囍花生,栗子/干果,3.9,72,LG2,rated,True,,rated,parsed,rating_anchor,0.9725,0.9981,64,7068,119.909,LG2 | 3.9栗子/干果￥72/人 | 🌟🌟🎉🌟🌟,欢囍花生 | 馬上 | LG2 | 3.9栗子/干果￥72/人 | 🌟🌟🎉🌟🌟 | 欢囍 | 美味佳肴，服务态度特别好” | 10:00营业生 | ￥23.28山核桃花生588g | ￥22.9 | 9.9折 | 惠,ocr/input_videos\上海__上海荟聚中心__20260826.mp4
OBS-000727,上海荟聚中心,DREAM ROOM,DREAMROOM,数码产品,4.1,,L1,rated,True,,rated,parsed,rating_anchor,0.9287,0.9395,45,7104,120.519,⭐⭐⭐⭐4.1数码产品 | L1,MROGIN | DREAM ROOM | ⭐⭐⭐⭐4.1数码产品 | L1 | 服务贴心专业，体验满分,ocr/input_videos\上海__上海荟聚中心__20260826.mp4
OBS-000728,上海荟聚中心,薛记炒货,薛记炒货,栗子/干果,3.9,45,LG2,rated,True,,rated,parsed,rating_anchor,0.9546,0.9974,60,7104,120.519,🌟🌟🌟🌟 | LG2 | 3.9 | 栗子/干果￥45/人,薛记炒货 | 🌟🌟🌟🌟 | LG2 | 3.9 | 栗子/干果￥45/人 | 这里的栗子是必试的” | 10:00营业 | 锁鲜冰/烤栗子250g | ￥14.9 | ￥12.9 | 8.7折 | 惠,ocr/input_videos\上海__上海荟聚中心__20260826.mp4
OBS-000729,上海荟聚中心,欢囍花生,欢囍花生,栗子/干果,3.9,72,LG2,rated,True,,rated,parsed,rating_anchor,0.946,0.9977,57,7104,120.519,🌟🌟🌟🌟🌟 | LG2 | 3.9栗子/干果￥72/人,欢囍花生 | 馬上 | 🌟🌟🌟🌟🌟 | LG2 | 3.9栗子/干果￥72/人 | 欢囍 | 美味佳肴，服务态度特别好” | 10:00营业生 | ￥23.28核桃花588g | ￥22.9 | 9.9折 | 惠,ocr/input_videos\上海__上海荟聚中心__20260826.mp4
OBS-000730,上海荟聚中心,Columbia,Columbia,运动户外,4.2,1479,LG1,rated,True,,rated,parsed,rating_anchor,0.9832,0.9996,52,7104,120.519,🌟🌟⭐⭐🌟 | LG1 | 4.2运动户外￥1479/人,Columbia | 🌟🌟⭐⭐🌟 | LG1 | 4.2运动户外￥1479/人 | 10:00营业,ocr/input_videos\上海__上海荟聚中心__20260826.mp4
OBS-000731,上海荟聚中心,席小鲜·台州渔市,席小鲜·台州渔市,海鲜,3.8,128,L4,rated,True,,rated,parsed,rating_anchor,0.9482,0.9698,54,7104,120.519,3.8海鲜￥128/人 | L4,席小鲜·台州渔市 | 3.8海鲜￥128/人 | 季导鲜 | L4 | 点评榜单 | 长宁区海鲜回头客榜第10名 | 红烧肉香甜浓郁，海瓜子新鲜无泥 | 惠 | 【打卡】双人餐（ | ￥3695.3折 | ￥699,ocr/input_videos\上海__上海荟聚中心__20260826.mp4
OBS-000732,上海荟聚中心,薛记炒货,薛记炒货,栗子/干果,3.9,45,LG2,rated,True,,rated,parsed,rating_anchor,0.9645,0.9974,57,7128,120.927,★*3.9 | LG2 | 栗子/干果￥45/人,薛记炒货 | ★*3.9 | LG2 | 栗子/干果￥45/人 | 这里的栗子是必试的” | 10:00营业 | 锁鲜冰/烤栗子250g | ￥14.9 | ￥12.9 | 8.7折 | 惠,ocr/input_videos\上海__上海荟聚中心__20260826.mp4
OBS-000733,上海荟聚中心,欢囍花生,欢囍花生,栗子/干果,3.9,72,LG2,rated,True,,rated,parsed,rating_anchor,0.9593,0.9966,55,7128,120.927,3.9栗子/干果￥72/人 | LG2,欢囍花生 | 馬上 | 3.9栗子/干果￥72/人 | LG2 | 欢囍 | 美味佳肴，服务态度特别好” | 10:00营业生 | ￥23.28山核桃花生588g | ￥22.99.9折 | 惠,ocr/input_videos\上海__上海荟聚中心__20260826.mp4
OBS-000734,上海荟聚中心,Columbia,Columbia,运动户外,4.2,1479,LG1,rated,True,,rated,parsed,rating_anchor,0.9656,0.9994,52,7128,120.927,4.2运动户外￥1479/人 | LG1,Columbia | 4.2运动户外￥1479/人 | LG1 | 10:00营业,ocr/input_videos\上海__上海荟聚中心__20260826.mp4
OBS-000735,上海荟聚中心,席小鲜·台州渔市,席小鲜·台州渔市,海鲜,3.8,128,L4,rated,True,,rated,parsed,rating_anchor,0.9171,0.9225,52,7128,120.927,3.8海鲜￥128/人 | L4,席小鲜·台州渔市 | 季寻鲜 | 3.8海鲜￥128/人 | L4 | 点评榜单 | 长宁区海鲜回头客榜第10名 | 红烧肉香甜浓郁，海瓜子新鲜无泥 | ￥699 | ￥369 | 惠 | 5.3折 | 【打卡】双人餐( | ￥787.8折 | ￥100 | 惠 | 【厅独享】100元...,ocr/input_videos\上海__上海荟聚中心__20260826.mp4
OBS-000736,上海荟聚中心,HOTCRUSH趁热集合·现烤面包,HOTCRUSH趁热集合·现烤面包,面包蛋糕,3.8,41,LG1,rated,True,,rated,parsed,rating_anchor,0.9811,0.9919,54,7128,120.927,LG1 | 🌟🌟🌟🌟★ | 3.8面包蛋糕￥41/人,HOT CRUSH | HOTCRUSH趁热集合·现烤面包 | 松號il | LG1 | 🌟🌟🌟🌟★ | 3.8面包蛋糕￥41/人 | 点评榜单 | 北新泾/淞虹路面包蛋糕打卡人气榜第1名 | 10:00营业 | 汁滚烫咸鲜，一口尝尽沪上秋味 | “,ocr/input_videos\上海__上海荟聚中心__20260826.mp4
OBS-000737,上海荟聚中心,薛记炒货,薛记炒货,栗子/干果,3.9,45,LG2,rated,True,,rated,parsed,rating_anchor,0.9629,0.9981,56,7140,121.13,3.9栗子/干果￥45/人 | LG2,薛记炒货 | 3.9栗子/干果￥45/人 | LG2 | 这里的栗子是必试的” | C | 10:00营业 | ￥14.9 | 锁鲜冰/烤栗子250g | 8.7折 | ￥12.9 | 惠,ocr/input_videos\上海__上海荟聚中心__20260826.mp4
OBS-000738,上海荟聚中心,欢囍花生,欢囍花生,栗子/干果,3.9,72,LG2,rated,True,,rated,parsed,rating_anchor,0.9746,0.9982,55,7140,121.13,LG2 | 3.9栗子/干果￥72/人,欢囍花生 | 馬上 | LG2 | 3.9栗子/干果￥72/人 | 欢囍 | 美味佳肴，服务态度特别好” | 10:00营业生 | ￥23.28山核桃花生588g | ￥22.9 | 9.9折 | 惠,ocr/input_videos\上海__上海荟聚中心__20260826.mp4
OBS-000739,上海荟聚中心,Columbia,Columbia,运动户外,4.2,1479,LG1,rated,True,,rated,parsed,rating_anchor,0.9846,0.9994,51,7140,121.13,⭐🌟🌟⭐⭐ | LG1 | 4.2运动户外￥1479/人,Columbia | ⭐🌟🌟⭐⭐ | LG1 | 4.2运动户外￥1479/人 | 10:00营业,ocr/input_videos\上海__上海荟聚中心__20260826.mp4
OBS-000740,上海荟聚中心,席小鲜·台州渔市,席小鲜·台州渔市,海鲜,3.8,128,L4,rated,True,,rated,parsed,rating_anchor,0.9657,0.9758,52,7140,121.13,L4 | 3.8海鲜￥128/人,席小鲜·台州渔市 | 季寻鲜 | L4 | 3.8海鲜￥128/人 | 点评榜单 | 长宁区海鲜回头客榜第10名 | 红烧肉香甜浓郁，海瓜子新鲜无泥 | 《 | ￥699 | ￥369 | 5.3折 | 惠 | 【打卡】双人餐（. | ￥787.8折 | ￥100 | 【大厅独享】100元... | 惠,ocr/input_videos\上海__上海荟聚中心__20260826.mp4
OBS-000741,上海荟聚中心,HOT CRUSH趁热集合·现烤面包,HOTCRUSH趁热集合·现烤面包,面包蛋糕,3.8,41,LG1,rated,True,,rated,parsed,rating_anchor,0.9526,0.9648,58,7140,121.13,LG1 | 3.8面包蛋糕￥41/人,HOT CRUSH趁热集合·现烤面包 | HOT CRUSH | 松號l | LG1 | 3.8面包蛋糕￥41/人 | 点评榜单 | 北新泾/淞虹路面包蛋糕打卡人气榜第1名 | 10:00营业 | 肉汁滚烫咸鲜，一口尝尽沪上秋味” | “,ocr/input_videos\上海__上海荟聚中心__20260826.mp4
OBS-000742,上海荟聚中心,欢語花王,欢语花王,栗子/干果,3.9,72,LG2,rated,True,,rated,parsed,rating_anchor,0.8114,0.696,47,7224,122.555,LG2 | 🌟🌟🌟🌟🌟 | 3.9 | 栗子/干果￥72/人,欢語花王 | 馬上 | LG2 | 🌟🌟🌟🌟🌟 | 3.9 | 栗子/干果￥72/人 | 欢囍 | 美味佳肴，服务态度特别好” | 10:00营业 | ￥23.28山核桃花生588g | ￥22.99.9折 | 惠,ocr/input_videos\上海__上海荟聚中心__20260826.mp4
OBS-000743,上海荟聚中心,Columbia,Columbia,运动户外,4.2,1479,LG1,rated,True,,rated,parsed,rating_anchor,0.9831,0.9995,51,7224,122.555,⭐🌟⭐⭐⭐ | LG1 | 4.2运动户外￥1479/人,Columbia | ⭐🌟⭐⭐⭐ | LG1 | 4.2运动户外￥1479/人 | 10:00营业,ocr/input_videos\上海__上海荟聚中心__20260826.mp4
OBS-000744,上海荟聚中心,席小鲜·台州渔市,席小鲜·台州渔市,海鲜,3.8,128,L4,rated,True,,rated,parsed,rating_anchor,0.959,0.9773,51,7224,122.555,3.8海鲜￥128/人 | L4,席小鲜·台州渔市 | 季寻鲜 | 3.8海鲜￥128/人 | L4 | 点评榜单 | 长宁区海鲜回头客榜第10名 | 红烧肉香甜浓郁，海瓜子新鲜无泥 | J | ￥699 | ￥369 | 5.3折 | 惠 | 【打卡】双人餐(. | ￥787.8折 | ￥100 | 【大厅独享】100元... | 惠,ocr/input_videos\上海__上海荟聚中心__20260826.mp4
OBS-000745,上海荟聚中心,HOTCRUSH趁热集合·现烤面包,HOTCRUSH趁热集合·现烤面包,面包蛋糕,3.8,41,LG1,rated,True,,rated,parsed,rating_anchor,0.9781,0.9913,50,7224,122.555,🌟⭐3.8 | LG1 | 面包蛋糕￥41/人,HOT CRUSH | HOTCRUSH趁热集合·现烤面包 | 🌟⭐3.8 | LG1 | 面包蛋糕￥41/人 | 点评榜单 | 北新泾/淞虹路面包蛋糕打卡人气榜第1名 | 10:00营业 | 汁滚烫咸鲜，口尝尽沪上秋味” | 2 | ￥28.8 | ￥31.6 | 9.2折 | 惠 | 【招牌必点】趁热. | ￥45.5 | 9.1折 | ￥5050元代金券 | 惠,ocr/input_videos\上海__上海荟聚中心__20260826.mp4
OBS-000746,上海荟聚中心,Hamleys哈姆雷斯,Hamleys哈姆雷斯,玩具,4.2,268,L3,rated,True,,rated,parsed,rating_anchor,0.9841,0.9992,54,7224,122.555,⭐🌟🌟🎉 | L3 | 4.2玩具￥268/人,Hamleys哈姆雷斯 | Hamlys | ⭐🌟🌟🎉 | L3 | 4.2玩具￥268/人 | 点评榜单 | 长宁区亲子购物热门榜第3名 | 10:00营业 | “汽车模型墙震撼，还能下围棋,ocr/input_videos\上海__上海荟聚中心__20260826.mp4
OBS-000747,上海荟聚中心,Columbia,Columbia,运动户外,4.2,1479,LG1,rated,True,,rated,parsed,rating_anchor,0.9851,0.9995,47,7260,123.166,🌟🌟⭐⭐ | LG1 | 4.2运动户外￥1479/人 | ★,Columbia | 🌟🌟⭐⭐ | LG1 | 4.2运动户外￥1479/人 | ★ | 10:00营业,ocr/input_videos\上海__上海荟聚中心__20260826.mp4
OBS-000748,上海荟聚中心,席小鲜·台州渔市,席小鲜·台州渔市,海鲜,3.8,128,L4,rated,True,,rated,parsed,rating_anchor,0.9649,0.9751,50,7260,123.166,3.8海鲜￥128/人 | L4,席小鲜·台州渔市 | 季寻鲜 | 3.8海鲜￥128/人 | L4 | 点评榜单 | 长宁区海鲜回头客榜第10名 | 红烧肉香甜浓郁，海瓜子新鲜无泥 | ￥699 | ￥369 | 5.3折 | 惠 | 【打卡】双人餐(. | ￥787.8折 | ￥100 | 惠 | 【大厅独享】100元.,ocr/input_videos\上海__上海荟聚中心__20260826.mp4
OBS-000749,上海荟聚中心,HOTCRUSH趁热集合·现烤面包,HOTCRUSH趁热集合·现烤面包,面包蛋糕,3.8,41,LG1,rated,True,,rated,parsed,rating_anchor,0.9951,0.992,50,7260,123.166,LG1 | 🌟🌟🌟🌟 | ￥41/人 | 3.8 | 面包蛋糕,HOT CRUSH | HOTCRUSH趁热集合·现烤面包 | 松號il | LG1 | 🌟🌟🌟🌟 | ￥41/人 | 3.8 | 面包蛋糕 | 点评榜单 | 北新泾/淞虹路面包蛋糕打卡人气榜第1名 | 10:00营业 | 肉汁滚烫咸鲜，一口尝尽沪上秋味” | G | ￥28.8 | ￥31.6 | 9.2折 | 惠 | 【招牌必点】趁热…. | 惠 | 9.1折 | ￥45.5 | ￥5050元代金券,ocr/input_videos\上海__上海荟聚中心__20260826.mp4
OBS-000750,上海荟聚中心,Hamleys哈姆雷斯,Hamleys哈姆雷斯,玩具,4.2,268,L3,rated,True,,rated,parsed,rating_anchor,0.9709,0.9997,51,7260,123.166,L3 | ⭐🌟⭐🌈 | 4.2 | 玩具￥268/人 | ★,Hamleys哈姆雷斯 | Hamlys | L3 | ⭐🌟⭐🌈 | 4.2 | 玩具￥268/人 | ★ | 点评镑单 | 长宁区亲子购物热门榜第3名 | 10:00营业 | 汽车模型墙震撼，还能下围棋,ocr/input_videos\上海__上海荟聚中心__20260826.mp4
OBS-000751,上海荟聚中心,陕仓,陕仓,小吃,3.9,31,LG2,rated,True,,rated,parsed,rating_anchor,0.9745,0.999,62,7260,123.166,LG2 | ⭐🌟🌟🌟🌟 | 3.9小吃￥31/人,陕仓 | 陕仓 | LG2 | ⭐🌟🌟🌟🌟 | 3.9小吃￥31/人 | 点评镑单 | SHAN CANG | 长宁区小吃热门榜第1名 | 10:00营业 | 性价比超高的陕西面，服务态度赞,ocr/input_videos\上海__上海荟聚中心__20260826.mp4
OBS-000752,上海荟聚中心,席小鲜·台州渔市,席小鲜·台州渔市,海鲜,3.8,128,L4,rated,True,,rated,parsed,rating_anchor,0.9716,0.975,53,7332,124.387,🌟🌟🎉🌟🌟 | 3.8海鲜￥128/人 | L4,席小鲜·台州渔市 | 🌟🌟🎉🌟🌟 | 季寻鲜 | 3.8海鲜￥128/人 | L4 | 点评榜单 | 长宁区海鲜回头客榜第10名 | 红烧肉香甜浓郁，海瓜子新鲜无泥 | ￥699 | ￥369 | 5.3折 | 【打卡】双人餐（ | 惠 | ￥787.8折 | ￥100 | 惠 | 【大厅独享】100元..,ocr/input_videos\上海__上海荟聚中心__20260826.mp4
OBS-000753,上海荟聚中心,HOTCRUSH趁热集合·现烤面包,HOTCRUSH趁热集合·现烤面包,面包蛋糕,3.8,41,LG1,rated,True,,rated,parsed,rating_anchor,0.9755,0.989,50,7332,124.387,⭐🌟🌟🌟3.8 | LG1 | 面包蛋糕￥41/人,HOT CRUSH | HOTCRUSH趁热集合·现烤面包 | 松弛il | ⭐🌟🌟🌟3.8 | LG1 | 面包蛋糕￥41/人 | 点评榜单 | 北新泾/淞虹路面包蛋糕打卡人气榜第1名 | 10:00营业 | 肉汁滚烫咸鲜，一口尝尽沪上秋味” | ￥28.89.2折 | ￥31.6 | 惠 | 【招牌必点】趁热.. | 9.1折 | 惠 | ￥45.5 | ￥5050元代金券,ocr/input_videos\上海__上海荟聚中心__20260826.mp4
OBS-000754,上海荟聚中心,Hamleys哈姆雷斯,Hamleys哈姆雷斯,玩具,4.2,268,L3,rated,True,,rated,parsed,rating_anchor,0.9853,0.9996,54,7332,124.387,⭐🌟⭐⭐ | L3 | 4.2玩具￥268/人 | ★,Hamleys哈姆雷斯 | Hainleyss | ⭐🌟⭐⭐ | L3 | 4.2玩具￥268/人 | ★ | 点评榜单 | 长宁区亲子购物热门榜第3名 | 10:00营业 | 汽车模型墙震撼，还能下围棋,ocr/input_videos\上海__上海荟聚中心__20260826.mp4
OBS-000755,上海荟聚中心,陕仓,陕仓,小吃,3.9,31,LG2,rated,True,,rated,parsed,rating_anchor,0.9621,0.9995,69,7332,124.387,LG2 | 3.9小吃￥31/人,陕仓 | 陕仓 | LG2 | 3.9小吃￥31/人 | 点评榜单 | SHAN CANC | 长宁区吃热门榜第1名 | 10:00营业 | 性价比超高的陕西面，服务态度赞 | 力 | ￥26.9 | 9.3折 | ￥29 | 【巨划算】陕仓新疆... | 惠,ocr/input_videos\上海__上海荟聚中心__20260826.mp4
OBS-000756,上海荟聚中心,HOTCRUSH趁热集合·现烤面包,HOTCRUSH趁热集合·现烤面包,面包蛋糕,3.8,41,LG1,rated,True,,rated,parsed,rating_anchor,0.9765,0.9916,50,7344,124.591,LG1 | ★🌟🌟★★ | 面包蛋糕￥41/人 | 3.8,HOT CRUSH | HOTCRUSH趁热集合·现烤面包 | 松弹 | LG1 | ★🌟🌟★★ | 面包蛋糕￥41/人 | 3.8 | CON | 点评榜单 | 北新泾/淞虹路面包蛋糕打卡人气榜第1名 | 10:00营业 | 汁滚烫咸鲜，尝尽沪上秋味 | ≤ | 【招牌必点】趁热... | ￥28.89.2折 | ￥31.6 | 惠 | ￥45.5 | ￥5050元代金券 | 9.1折 | 惠,ocr/input_videos\上海__上海荟聚中心__20260826.mp4
OBS-000757,上海荟聚中心,Hamleys哈姆雷斯,Hamleys哈姆雷斯,玩具,4.2,268,L3,rated,True,,rated,parsed,rating_anchor,0.9832,0.9991,55,7344,124.591,⭐🌟🌟⭐ | L3 | 4.2玩具￥268/人,Hamleys哈姆雷斯 | Hfaileys | ⭐🌟🌟⭐ | L3 | 4.2玩具￥268/人 | 点评榜单 | 长宁区亲子购物热门榜第3名 | 10:00营业 | 汽车模型墙震撼，还能下围棋,ocr/input_videos\上海__上海荟聚中心__20260826.mp4
OBS-000758,上海荟聚中心,陕仓,陕仓,小吃,3.9,31,LG2,rated,True,,rated,parsed,rating_anchor,0.979,0.9987,62,7344,124.591,LG2 | 🌟🌟🌟🌟🌟 | 3.9小吃￥31/人,陕仓 | 陕仓 | LG2 | 🌟🌟🌟🌟🌟 | 3.9小吃￥31/人 | 点评榜单 | SHAM CAMG | 长宁区小吃热门榜第1名 | 10:00营业 | 性价比超的陕西面，服务态度赞 | 分 | 公 | ￥26.9 | ￥29 | 9.3折 | 【巨划算】陕仓新疆.... | 惠,ocr/input_videos\上海__上海荟聚中心__20260826.mp4
OBS-000759,上海荟聚中心,司芳糯米,司芳糯米,面包蛋糕,3.8,27,LG1,rated,True,,rated,parsed,rating_anchor,0.9751,0.9997,56,7344,124.591,🌟🌟🌟🌟🌟 | LG1 | 3.8 | 面包蛋糕￥27/人,司芳糯米 | 🌟🌟🌟🌟🌟 | LG1 | 3.8 | 面包蛋糕￥27/人 | 中 | 点评榜单 | 北新泾/淞虹路面包蛋糕销量榜第8名 | 2 | 10:00营业 | “又好吃实惠” | 固 | 東,ocr/input_videos\上海__上海荟聚中心__20260826.mp4
OBS-000760,上海荟聚中心,HOTCRUSH趁热集合·现烤面包,HOTCRUSH趁热集合·现烤面包,面包蛋糕,3.8,41,LG1,rated,True,,rated,parsed,rating_anchor,0.9746,0.9917,53,7380,125.202,LG1 | 🌟🌟🌟🌟 | 面包蛋糕￥41/人 | 3.8,HOT CRUSH | HOTCRUSH趁热集合·现烤面包 | 松號 | LG1 | 🌟🌟🌟🌟 | 面包蛋糕￥41/人 | 3.8 | 点评榜单 | 北新泾/淞虹路面包蛋糕打卡人气榜第1名 | 10:00营业 | 肉汁滚烫咸鲜，尝尽沪上秋味” | C | 惠 | ￥28.89.2折 | ￥31.6 | 【招牌必点】趁热.. | ￥45.5 | 9.1折 | 惠 | ￥5050元代金券,ocr/input_videos\上海__上海荟聚中心__20260826.mp4
OBS-000761,上海荟聚中心,Hamleys哈姆雷斯,Hamleys哈姆雷斯,玩具,4.2,268,L3,rated,True,,rated,parsed,rating_anchor,0.9736,0.9992,55,7380,125.202,🌟🌟🌟🎉 | L3 | 玩具￥268/人 | 4.2,Hamleys哈姆雷斯 | Hamley | 🌟🌟🌟🎉 | L3 | 玩具￥268/人 | 4.2 | 点评榜单 | 长宁区亲子购物热门榜第3名 | 10:00营业 | 汽车模型墙震撼，还能下围棋”,ocr/input_videos\上海__上海荟聚中心__20260826.mp4
OBS-000762,上海荟聚中心,陕仓,陕仓,小吃,3.9,31,LG2,rated,True,,rated,parsed,rating_anchor,0.9661,0.9987,62,7380,125.202,LG2 | 3.9小吃￥31/人,陕仓 | 陕仓 | LG2 | 3.9小吃￥31/人 | 点评榜单 | SHAN CANC | 长宁区小吃热门榜第1名 | 道西北味 | 10:00营业 | 性价比超高的陕西面，服务态度赞 | ； | （ | 9.3折 | ￥29 | ￥26.9 | 惠 | 【巨划算】陕仓新疆..,ocr/input_videos\上海__上海荟聚中心__20260826.mp4
OBS-000763,上海荟聚中心,司芳糯米,司芳糯米,面包蛋糕,3.8,27,LG1,rated,True,,rated,parsed,rating_anchor,0.9722,0.9999,59,7380,125.202,LG1 | ⭐🌟🌟🌟🌟 | 3.8 | 面包蛋糕￥27/人,司芳糯米 | LG1 | ⭐🌟🌟🌟🌟 | 3.8 | 面包蛋糕￥27/人 | 点评榜单 | 北新泾/淞虹路面包蛋糕销量榜第8名 | 固10:00营业 | 又好吃又实惠 | ￥28苏丹王榴莲糯米糍 | ￥19.9 | 7.2折 | 惠,ocr/input_videos\上海__上海荟聚中心__20260826.mp4
OBS-000764,上海荟聚中心,NB UCC,NBUCC,服饰鞋包,3.6,,商场内,rated,True,,rated,parsed,rating_anchor,0.9718,0.9445,52,7380,125.202,商场内 | 🌟🌟🎉🌟🌟 | 服饰鞋包 | 3.6,NB UCC | 书 | 商场内 | 🌟🌟🎉🌟🌟 | 服饰鞋包 | 3.6 | new balance | 10:00营业,ocr/input_videos\上海__上海荟聚中心__20260826.mp4
OBS-000765,上海荟聚中心,陕仓,陕仓,小吃,3.9,31,LG2,rated,True,,rated,parsed,rating_anchor,0.9615,0.9994,65,7476,126.83,3.9小吃￥31/人 | LG2,陕仓 | 陕仓 | 3.9小吃￥31/人 | LG2 | 点评榜单 | SHAN CANG | 长宁区小吃热门榜第1名 | 10:00营业 | 性价超的陕西，服务态度赞” | “ | ￥26.9 | 9.3折 | ￥29 | 惠 | 【巨划算】陕仓新疆...,ocr/input_videos\上海__上海荟聚中心__20260826.mp4
OBS-000766,上海荟聚中心,司芳糯米,司芳糯米,面包蛋糕,3.8,27,LG1,rated,True,,rated,parsed,rating_anchor,0.9637,0.9998,59,7476,126.83,LG1 | 🌟🌟🌟★ | 3.8 | 面包蛋糕￥27/人,司芳糯米 | LG1 | 🌟🌟🌟★ | 3.8 | 面包蛋糕￥27/人 | 热 | 壮相 | 点评榜单 | 北新泾/淞虹路面包蛋糕销量榜第8名 | Ka | 12 | 10:00营业 | 又好吃又实惠 | 3 | ￥19.97.2折 | ￥28苏丹王榴莲糯米糍 | 惠,ocr/input_videos\上海__上海荟聚中心__20260826.mp4
OBS-000767,上海荟聚中心,NB UCC,NBUCC,服饰鞋包,3.6,,商场内,rated,True,,rated,parsed,rating_anchor,0.9565,0.964,53,7476,126.83,3.6服饰鞋包 | 商场内,NB UCC | 书 | 3.6服饰鞋包 | 商场内 | new balance | 10:00营业,ocr/input_videos\上海__上海荟聚中心__20260826.mp4
OBS-000768,上海荟聚中心,BUTTERFUL&CREAMOROUS黄...,BUTTERFUL&CREAMOROUS黄,面包蛋糕,3.9,44,L1,rated,True,,rated,parsed,rating_anchor,0.9484,0.9521,53,7476,126.83,🌟🌟🌟🌟🌟 | L1 | 面包蛋糕￥44/人 | 3.9,BUTTERFUL&CREAMOROUS黄... | ＆ | 🌟🌟🌟🌟🌟 | L1 | 面包蛋糕￥44/人 | 3.9 | 点评榜单 | 北新泾/淞虹路面包蛋糕甜品销量榜第1名 | 超好吃的面包、饮品” | ￥12 | ￥9.9 | 8.3折 | 惠 | 【层层酥脆，甜而不.. | ￥589折 | 惠 | ￥6565元代金券,ocr/input_videos\上海__上海荟聚中心__20260826.mp4
OBS-000769,上海荟聚中心,山野妞·火烧肉米线·云南现烹小馆,山野妞·火烧肉米线·云南现烹小馆,小吃快餐,3.9,45,LG2,rated,True,,rated,parsed,rating_anchor,0.9309,0.9657,54,7476,126.83,3.9小吃快餐￥45/人 | LG2,山野妞·火烧肉米线·云南现烹小馆 | 3.9小吃快餐￥45/人 | LG2,ocr/input_videos\上海__上海荟聚中心__20260826.mp4
OBS-000770,上海荟聚中心,陕仓,陕仓,小吃,3.9,31,LG2,rated,True,,rated,parsed,rating_anchor,0.9718,0.9987,62,7488,127.034,🌟🌟🎉🌟🌟 | LG2 | 小吃￥31/人 | 3.9,陕仓 | 陕仓 | 🌟🌟🎉🌟🌟 | LG2 | 小吃￥31/人 | 3.9 | 点评榜单 | SHAN CAMC | 长宁区小吃热门榜第1名 | 10:00营业 | 性价比超高的陕西面，服务态度赞 | 力 | ￥29 | ￥26.9 | 9.3折 | 惠 | 陕仓新疆.... | 【巨划算】,ocr/input_videos\上海__上海荟聚中心__20260826.mp4
OBS-000771,上海荟聚中心,司芳糯米,司芳糯米,面包蛋糕,3.8,27,LG1,rated,True,,rated,parsed,rating_anchor,0.9988,0.9998,58,7488,127.034,LG1 | 🌟🌟🌟🌟🌟 | 面包蛋糕 | 3.8 | ￥27/人,司芳糯米 | LG1 | 🌟🌟🌟🌟🌟 | 面包蛋糕 | 3.8 | ￥27/人 | 2 | 点评榜单 | 北新泾/淞虹路面包蛋糕销量榜第8名 | 10:00营业 | 又好吃又实惠” | 固 | ￥19.9 | 7.2折 | 惠 | ￥28 | 苏丹王榴莲糯米糍,ocr/input_videos\上海__上海荟聚中心__20260826.mp4
OBS-000772,上海荟聚中心,NB UCC,NBUCC,服饰鞋包,3.6,,商场内,rated,True,,rated,parsed,rating_anchor,0.991,0.9841,50,7488,127.034,⭐🌟⭐🌟🌟 | 商场内 | 3.6服饰鞋包,NB UCC | 部 | ⭐🌟⭐🌟🌟 | 商场内 | 3.6服饰鞋包 | new balance | 10:00营业,ocr/input_videos\上海__上海荟聚中心__20260826.mp4
OBS-000773,上海荟聚中心,BUTTERFUL&CREAMOROUS黄...,BUTTERFUL&CREAMOROUS黄,面包蛋糕,3.9,44,L1,rated,True,,rated,parsed,rating_anchor,0.9645,0.9348,54,7488,127.034,L1 | 🌟🌟⭐🌟🌟 | 面包蛋糕 | ￥44/人 | 3.9,BUTTERFUL&CREAMOROUS黄... | ＆ | L1 | 🌟🌟⭐🌟🌟 | 面包蛋糕 | ￥44/人 | 3.9 | 点评榜单 | 北新泾/淞虹路面包蛋糕甜品销量榜第1名 | 超好吃的面包、饮品” | “ | 1 | ￥12 | 8.3折 | 惠 | ￥9.9 | 【层层酥脆，甜而不.. | ￥589折 | 惠 | ￥6565元代金券,ocr/input_videos\上海__上海荟聚中心__20260826.mp4
OBS-000774,上海荟聚中心,山野妞·火烧肉米线·云南现烹小馆,山野妞·火烧肉米线·云南现烹小馆,小吃快餐,3.9,45,LG2,rated,True,,rated,parsed,rating_anchor,0.9908,0.9828,53,7488,127.034,LG2 | ★🌟★★★ | 3.9 | 小吃快餐 | ￥45/人,山野妞·火烧肉米线·云南现烹小馆 | LG2 | ★🌟★★★ | 3.9 | 小吃快餐 | ￥45/人 | 野姐 | 市转 | 儿 | 转址控 | 口,ocr/input_videos\上海__上海荟聚中心__20260826.mp4
OBS-000775,上海荟聚中心,NB UCC,NBUCC,服饰鞋包,3.6,,商场内,rated,True,,rated,parsed,rating_anchor,0.9844,0.9821,50,7584,128.663,3.6服饰鞋包 | 商场内,NB UCC | 3 | 3.6服饰鞋包 | 商场内 | new balance | 10:00营业,ocr/input_videos\上海__上海荟聚中心__20260826.mp4
OBS-000776,上海荟聚中心,BUTTERFUL&CREAMOROUS黃...,BUTTERFUL&CREAMOROUS黄,面包蛋糕,3.9,44,L1,rated,True,,rated,parsed,rating_anchor,0.9511,0.9356,50,7584,128.663,🌟🌟🌟🌟🌟 | L1 | 面包蛋糕￥44/人 | 3.9,BUTTERFUL&CREAMOROUS黃... | ＆ | 🌟🌟🌟🌟🌟 | L1 | 面包蛋糕￥44/人 | 3.9 | 点评榜单 | 北新泾/淞虹路面包蛋糕甜品销量榜第1名 | 超好吃的面包、饮品” | 8.3折 | ￥12 | 惠 | 【层层酥脆，甜而不... | ￥9.9 | ￥589折 | ￥6565元代金券 | 惠,ocr/input_videos\上海__上海荟聚中心__20260826.mp4
OBS-000777,上海荟聚中心,山野妞·火烧肉米线·云南现烹小馆,山野妞·火烧肉米线·云南现烹小馆,小吃快餐,3.9,45,LG2,rated,True,,rated,parsed,rating_anchor,0.9722,0.9805,54,7584,128.663,🌟🌟⭐🌟🌟 | LG2 | 小吃快餐￥45/人 | 3.9,山野妞·火烧肉米线·云南现烹小馆 | 🌟🌟⭐🌟🌟 | LG2 | 小吃快餐￥45/人 | 3.9 | 山野姐 | 点评榜单 | 北新泾/淞虹路小吃快餐热门榜第4名 | 惠 | ￥9.9 | 5.3折 | ￥19云南特色经典泡鲁达,ocr/input_videos\上海__上海荟聚中心__20260826.mp4
OBS-000778,上海荟聚中心,MLB,MLB,服饰鞋包,3.5,401,LG1,rated,True,,rated,parsed,rating_anchor,0.9792,0.9982,53,7584,128.663,3.5服饰鞋包￥401/人 | LG1,MLB | MLB | 3.5服饰鞋包￥401/人 | LG1 | 10:00营业,ocr/input_videos\上海__上海荟聚中心__20260826.mp4
OBS-000779,上海荟聚中心,NB UCC,NBUCC,服饰鞋包,3.6,,商场内,rated,True,,rated,parsed,rating_anchor,0.9835,0.9677,53,7620,129.273,🌟🌟🌟🌟🌟 | 商场内 | 服饰鞋包 | 3.6,NB UCC | 书 | 🌟🌟🌟🌟🌟 | 商场内 | 服饰鞋包 | 3.6 | new balance | 10:00营业,ocr/input_videos\上海__上海荟聚中心__20260826.mp4
OBS-000780,上海荟聚中心,BUTTERFUL&CREAMOROUS黄...,BUTTERFUL&CREAMOROUS黄,面包蛋糕,3.9,44,L1,rated,True,,rated,parsed,rating_anchor,0.9497,0.9392,50,7620,129.273,🌟🌟🌟🌟🌟 | L1 | 面包蛋糕￥44/人 | 3.9,BUTTERFUL&CREAMOROUS黄... | ＆ | 🌟🌟🌟🌟🌟 | L1 | 面包蛋糕￥44/人 | 3.9 | 点评镑单 | 北新泾/淞虹路面包蛋糕甜品销量榜第1名 | “超好吃的面包、饮品” | 8.3折 | ￥12 | ￥9.9 | 惠 | 【层层酥脆，甜而不... | ￥589折 | ￥6565元代金券 | 惠,ocr/input_videos\上海__上海荟聚中心__20260826.mp4
OBS-000781,上海荟聚中心,山野妞·火烧肉米线·云南现烹小馆,山野妞·火烧肉米线·云南现烹小馆,小吃快餐,3.9,45,LG2,rated,True,,rated,parsed,rating_anchor,0.9704,0.978,54,7620,129.273,🌟🌟🌟⭐ | LG2 | 小吃快餐￥45/人 | 3.9,山野妞·火烧肉米线·云南现烹小馆 | 🌟🌟🌟⭐ | LG2 | 小吃快餐￥45/人 | 3.9 | l野姐 | 点评榜单 | 北新泾/淞虹路小吃快餐热门榜第4名 | 5.3折 | ￥9.9 | 惠 | ￥19云南特色经典泡鲁达,ocr/input_videos\上海__上海荟聚中心__20260826.mp4
OBS-000782,上海荟聚中心,MLB,MLB,服饰鞋包,3.5,401,LG1,rated,True,,rated,parsed,rating_anchor,0.983,0.9986,52,7620,129.273,LG1 | 3.5服饰鞋包￥401/人,MLB | MLB | LG1 | 3.5服饰鞋包￥401/人 | 10:00营业 | 泽田本家·铜锣烧,ocr/input_videos\上海__上海荟聚中心__20260826.mp4
OBS-000783,上海荟聚中心,山野妞·火烧肉米线·云南现烹小馆,山野妞·火烧肉米线·云南现烹小馆,小吃快餐,3.9,45,LG2,rated,True,,rated,parsed,rating_anchor,0.962,0.976,53,7680,130.291,3.9小吃快餐￥45/人 | LG2,山野妞·火烧肉米线·云南现烹小馆 | 3.9小吃快餐￥45/人 | LG2 | M野姐 | 点评榜单 | 北新泾/淞虹路小吃快餐热门榜第4名 | 惠 | ￥9.9 | 5.3折 | ￥19云南特色经典泡鲁达,ocr/input_videos\上海__上海荟聚中心__20260826.mp4
OBS-000784,上海荟聚中心,MLB,MLB,服饰鞋包,3.5,401,LG1,rated,True,,rated,parsed,rating_anchor,0.9852,0.9984,53,7680,130.291,🌟✨🌟⭐ | LG1 | 3.5服饰鞋包￥401/人,MLB | MLB | 🌟✨🌟⭐ | LG1 | 3.5服饰鞋包￥401/人 | 10:00营业,ocr/input_videos\上海__上海荟聚中心__20260826.mp4
OBS-000785,上海荟聚中心,泽田本家·铜锣烧,泽田本家·铜锣烧,甜品,4.3,25,LG1,rated,True,,rated,parsed,rating_anchor,0.9626,0.9857,54,7680,130.291,甜品￥25/人 | LG1 | 🌟🌟🌟⭐ | 4.3,泽田本家·铜锣烧 | 联 | 迪拜5克力开心果软笑关 | 甜品￥25/人 | LG1 | 🌟🌟🌟⭐ | 如联 | 4.3 | 87 | rul | 点评榜单 | 北新泾/淞虹路甜品口味榜第3名 | 10:00营业 | ￥44.98.7折 | ￥52 | 惠 | 【招牌】3颗烧烧组...,ocr/input_videos\上海__上海荟聚中心__20260826.mp4
OBS-000786,上海荟聚中心,老米记酒酿铺,老米记酒酿铺,甜品,3.9,35,商场内,rated,True,,rated,parsed,rating_anchor,0.969,0.9992,55,7680,130.291,🌟🌟⭐🌟⭐ | 商场内 | 甜品￥35/人 | 3.9,老米记酒酿铺 | 🌟🌟⭐🌟⭐ | 商场内 | 甜品￥35/人 | 3.9 | 点评榜单 | 北新泾/淞虹路甜品热门榜第3名 | 10:00营业 | “新开业优惠券，中规中矩口味” | 6 | ￥38记宝葫酒汁 | ￥28.87.6折 | 惠,ocr/input_videos\上海__上海荟聚中心__20260826.mp4
OBS-000787,上海荟聚中心,山野妞·火烧肉米线·云南现烹小馆,山野妞·火烧肉米线·云南现烹小馆,小吃快餐,3.9,45,LG2,rated,True,,rated,parsed,rating_anchor,0.9739,0.9846,56,7704,130.698,LG2 | 🌟🌟🌟🌟 | 小吃快餐￥45/人 | 3.9,山野妞·火烧肉米线·云南现烹小馆 | LG2 | 🌟🌟🌟🌟 | 小吃快餐￥45/人 | 3.9 | 山野姐 | 点评榜单 | 北新泾/淞虹路小吃快餐热门榜第4名 | 5.3折 | ￥19云南特色经典泡鲁达 | 惠 | ￥9.9,ocr/input_videos\上海__上海荟聚中心__20260826.mp4
OBS-000788,上海荟聚中心,MLB,MLB,服饰鞋包,3.5,401,LG1,rated,True,,rated,parsed,rating_anchor,0.977,0.9983,52,7704,130.698,3.5服饰鞋包￥401/人 | LG1,MLB | MLB | 3.5服饰鞋包￥401/人 | LG1 | 10:00营业,ocr/input_videos\上海__上海荟聚中心__20260826.mp4
OBS-000789,上海荟聚中心,泽田本家·铜锣烧,泽田本家·铜锣烧,甜品,4.3,25,LG1,rated,True,,rated,parsed,rating_anchor,0.9648,0.9848,55,7704,130.698,LG1 | 🌟🌟🎉🎉 | 甜品￥25/人 | 4.3 | ★,泽田本家·铜锣烧 | 服 | 迪拜5克力开心果软英关 | LG1 | 🌟🌟🎉🎉 | 零彩 | 甜品￥25/人 | 4.3 | ★ | 087 | uh | 点评榜单 | 北新泾/淞虹路甜品口味榜第3名 | 10:00营业 | ￥44.9 | 惠 | ￥52 | 8.7折 | 【招牌】3颗烧烧组...,ocr/input_videos\上海__上海荟聚中心__20260826.mp4
OBS-000790,上海荟聚中心,老米记酒酿铺,老米记酒酿铺,甜品,3.9,35,商场内,rated,True,,rated,parsed,rating_anchor,0.9688,0.9984,51,7704,130.698,商场内 | 甜品￥35/人 | 🌟🌟⭐🌟🌟 | 3.9,老米记酒酿铺 | 商场内 | 甜品￥35/人 | 🌟🌟⭐🌟🌟 | 3.9 | 中式发酵甜品 | 点评榜单 | LAOMLI | 北新泾/淞虹路甜品热门榜第3名 | 10:00营业 | 新开业优惠券，中规中矩口味 | “ | 2 | 惠 | ￥28.87.6折 | ￥38老米记宝葫米酒汁,ocr/input_videos\上海__上海荟聚中心__20260826.mp4
OBS-000791,上海荟聚中心,山野妞·火烧肉米线·云南现烹小馆,山野妞·火烧肉米线·云南现烹小馆,小吃快餐,3.9,45,LG2,rated,True,,rated,parsed,rating_anchor,0.9813,0.9866,57,7752,131.513,LG2 | 🌟🌟🌟🌟🌟 | 3.9小吃快餐￥45/人,山野妞·火烧肉米线·云南现烹小馆 | LG2 | 🌟🌟🌟🌟🌟 | 3.9小吃快餐￥45/人 | l野姐 | 点评榜单 | 北新泾/淞虹路小吃快餐热门榜第4名 | ￥9.9 | 5.3折 | ￥19云南特色经典泡鲁达 | 惠,ocr/input_videos\上海__上海荟聚中心__20260826.mp4
OBS-000792,上海荟聚中心,MLB,MLB,服饰鞋包,3.5,401,LG1,rated,True,,rated,parsed,rating_anchor,0.9812,0.9984,52,7752,131.513,LG1 | 3.5服饰鞋包￥401/人,MLB | MLB | LG1 | 3.5服饰鞋包￥401/人 | RSARA | 10:00营业,ocr/input_videos\上海__上海荟聚中心__20260826.mp4
OBS-000793,上海荟聚中心,泽田本家·铜锣烧,泽田本家·铜锣烧,甜品,4.3,25,LG1,rated,True,,rated,parsed,rating_anchor,0.9629,0.985,52,7752,131.513,LG1 | 🌟★🌟🌟 | 甜品￥25/人 | 4.3,泽田本家·铜锣烧 | 迪拜x5克力开心果软笑关目 | LG1 | 🌟★🌟🌟 | 甜品￥25/人 | 4.3 | 27 | ul | 点评榜单 | 北新泾/淞虹路甜品口味榜第3名 | 10:00营业 | 学开 | 8.7折 | ￥44.9 | ￥52 | 惠 | 【招牌】3颗烧烧组..,ocr/input_videos\上海__上海荟聚中心__20260826.mp4
OBS-000794,上海荟聚中心,老米记酒酿铺,老米记酒酿铺,甜品,3.9,35,商场内,rated,True,,rated,parsed,rating_anchor,0.9683,0.9994,52,7752,131.513,甜品￥35/人 | 商场内 | 🌟🌟🌟🌟🌟 | 3.9,老米记酒酿铺 | 甜品￥35/人 | 商场内 | 🌟🌟🌟🌟🌟 | 3.9 | 中式发酵甜品 | LAOMLII | 点评榜单 | 北新泾/淞虹路甜品热门榜第3名 | 10:00营业 | 新开业优惠券，中规中矩口味 | ≤ | ￥28.87.6折 | ￥38老米记宝葫米酒汁 | 惠,ocr/input_videos\上海__上海荟聚中心__20260826.mp4
OBS-000795,上海荟聚中心,蓬松Fluffy Market,蓬松FluffyMarket,居家日用,4.3,269,L1,rated,True,,rated,parsed,rating_anchor,0.9528,0.9527,62,7752,131.513,🌟🌟🌟🌟 | L1 | 居家日用￥269/人 | 4.3,蓬松Fluffy Market | 🌟🌟🌟🌟 | L1 | 居家日用￥269/人 | 蓝松 | 4.3 | 委气体验心听神怡” | “委水还原度京,ocr/input_videos\上海__上海荟聚中心__20260826.mp4
OBS-000796,上海荟聚中心,泽田本家·铜锣烧,泽田本家·铜锣烧,甜品,4.3,25,LG1,rated,True,,rated,parsed,rating_anchor,0.9636,0.9871,51,7800,132.327,LG1 | ⭐🌟🌟🌟 | 甜品￥25/人 | ★ | 4.3,泽田本家·铜锣烧 | 服 | 迪拜x5克力开心果软笑关0 | LG1 | ⭐🌟🌟🌟 | 甜品￥25/人 | 专粉 | ★ | 4.3 | 点评榜单 | 北新泾/淞虹路甜品口味榜第3名 | 10:00营业 | ￥44.9| | 8.7折 | ￥52 | 惠 | 【招牌】3颗烧烧组...,ocr/input_videos\上海__上海荟聚中心__20260826.mp4
OBS-000797,上海荟聚中心,老米记酒酿铺,老米记酒酿铺,甜品,3.9,35,商场内,rated,True,,rated,parsed,rating_anchor,0.9675,0.9987,51,7800,132.327,商场内 | 🌟🌟🌟★★ | 甜品￥35/人 | 3.9,老米记酒酿铺 | 商场内 | 🌟🌟🌟★★ | 甜品￥35/人 | 3.9 | 中式发酵甜品 | LAOMLII | 点评榜单 | 北新泾/淞虹路甜品热门榜第3名 | 10:00营业 | 新开业优惠券，中规中矩口味” | S | ￥28.87.6折 | ￥38老米记宝葫米酒汁 | 惠,ocr/input_videos\上海__上海荟聚中心__20260826.mp4
OBS-000798,上海荟聚中心,蓬松Fluffy Market,蓬松FluffyMarket,居家日用,4.3,269,L1,rated,True,,rated,parsed,rating_anchor,0.9757,0.9743,58,7800,132.327,🌟🌟⭐⭐ | 4.3居家日用￥269/人 | L1 | ★,蓬松Fluffy Market | 🌟🌟⭐⭐ | 4.3居家日用￥269/人 | L1 | 透秘 | ★ | 香水还原度高，香氛体验心旷神怡 | 10:00营业,ocr/input_videos\上海__上海荟聚中心__20260826.mp4
OBS-000799,上海荟聚中心,様sama寿司,様sama寿司,日式简餐/...,3.6,60,LG2,rated,True,,rated,parsed,rating_anchor,0.9132,0.9888,55,7800,132.327,★★★★★ | 3.6 | ￥60/人LG2 | 日式简餐/...,樣 | 様sama寿司 | ★★★★★ | 3.6 | ￥60/人LG2 | 日式简餐/... | 点评榜单 | 长宁区日式简餐/快餐销量榜第6名 | sama | 10:30营业 | 和牛卷滑嫩，蔬菜多汁，配菜充足 | ￥288折 | ￥35 | 惠 | 【工作日午市】日替单. | ￥959.5折 | 惠 | ￥100100元代金券,ocr/input_videos\上海__上海荟聚中心__20260826.mp4
OBS-000800,上海荟聚中心,蜀语砂锅,蜀语砂锅,快餐简餐,3.8,40,LG2,rated,True,,rated,parsed,rating_anchor,0.9891,0.9997,56,7800,132.327,LG2 | 🌟🌟🌟🌟⭐ | 3.8快餐简餐￥40/人,蜀语砂锅 | LG2 | 🌟🌟🌟🌟⭐ | 3.8快餐简餐￥40/人 | 点评榜单 | 北新泾/淞虹路小吃快餐销量榜第7名 | 10:30营业 | 味独特，净卫，性价 | “ | 5,ocr/input_videos\上海__上海荟聚中心__20260826.mp4
OBS-000801,上海荟聚中心,泽田本家·铜锣烧,泽田本家·铜锣烧,甜品,4.3,25,LG1,rated,True,,rated,parsed,rating_anchor,0.9608,0.9857,55,7812,132.531,⭐🌟⭐🌟 | LG1 | 甜品￥25/人 | 4.3 | ★,泽田本家·铜锣烧 | 服 | 迪拜5克力开心果软笑关0 | ⭐🌟⭐🌟 | LG1 | 如验 | 甜品￥25/人 | 4.3 | ★ | 点评榜单 | 北新泾/淞虹路甜品口味榜第3名 | 10:00营业 | ￥44.9| | 8.7折 | ￥52 | 惠 | 【招牌】3颗烧烧组....,ocr/input_videos\上海__上海荟聚中心__20260826.mp4
OBS-000802,上海荟聚中心,老米记酒酿铺,老米记酒酿铺,甜品,3.9,35,商场内,rated,True,,rated,parsed,rating_anchor,0.9659,0.9986,51,7812,132.531,商场内 | 🌟🌟🌟🌟★ | 甜品￥35/人 | 3.9,老米记酒酿铺 | 商场内 | 🌟🌟🌟🌟★ | 甜品￥35/人 | 3.9 | 中式发酵甜品 | LAOMLII | 点评榜单 | 北新泾/淞虹路甜品热门榜第3名 | 10:00营业 | 新开业优惠券，中规中矩口味” | ￥28.8 | ￥38老米记宝葫米酒汁 | 7.6折 | 惠,ocr/input_videos\上海__上海荟聚中心__20260826.mp4
OBS-000803,上海荟聚中心,蓬松Fluffy Market,蓬松FluffyMarket,居家日用,4.3,269,L1,rated,True,,rated,parsed,rating_anchor,0.9657,0.9705,57,7812,132.531,L1 | 🌟🌟⭐⭐ | 居家日用￥269/人 | 4.3,蓬松Fluffy Market | L1 | 🌟🌟⭐⭐ | 居家日用￥269/人 | 4.3 | 透秘 | 香水还原度高，香氛体验心旷神怡 | 10:00营业,ocr/input_videos\上海__上海荟聚中心__20260826.mp4
OBS-000804,上海荟聚中心,様sama寿司,様sama寿司,日式简餐/....,3.6,60,LG2,rated,True,,rated,parsed,rating_anchor,0.9044,0.9623,55,7812,132.531,★★★★★ | ￥60/人LG2 | 3.6 | 日式简餐/....,檬 | 様sama寿司 | ★★★★★ | ￥60/人LG2 | 3.6 | 日式简餐/.... | 点评榜单 | 长宁区日式简餐/快餐销量榜第6名 | sama | 10:30营业 | 和牛卷滑嫩，蔬菜多汁，配菜充足 | ￥288折 | ￥35 | 惠 | 【工作日午市】日替单... | ￥959.5折 | 惠 | ￥100100元代金券,ocr/input_videos\上海__上海荟聚中心__20260826.mp4
OBS-000805,上海荟聚中心,蜀语砂锅,蜀语砂锅,快餐简餐,3.8,40,LG2,rated,True,,rated,parsed,rating_anchor,0.9865,0.9996,56,7812,132.531,⭐🌟🌟🌟⭐ | LG2 | 3.8快餐简餐￥40/人,蜀语砂锅 | 蜀语砂锅 | ⭐🌟🌟🌟⭐ | LG2 | 3.8快餐简餐￥40/人 | 点评榜单 | 北新泾/淞虹路小吃快餐销量榜第7名 | 10:30营业 | 口味独特，干净卫生，性价比高 | “ | 55,ocr/input_videos\上海__上海荟聚中心__20260826.mp4
OBS-000806,上海荟聚中心,蓬松FluffyMarket,蓬松FluffyMarket,居家日用,4.3,269,L1,rated,True,,rated,parsed,rating_anchor,0.9655,0.9827,59,7872,133.549,⭐🌟⭐⭐ | 居家日用￥269/人 | L1 | 4.3 | ★,蓬松FluffyMarket | ⭐🌟⭐⭐ | 居家日用￥269/人 | L1 | 4.3 | ★ | 香水还原度高，香氛体验心旷神怡 | 力 | 10:00营业,ocr/input_videos\上海__上海荟聚中心__20260826.mp4
OBS-000807,上海荟聚中心,様sama寿司,様sama寿司,日式简餐/....,3.6,60,LG2,rated,True,,rated,parsed,rating_anchor,0.9073,0.989,58,7872,133.549,🌟🌟🌟🌟 | 日式简餐/.... | 3.6 | ￥60/人LG2,橡 | 様sama寿司 | 🌟🌟🌟🌟 | 日式简餐/.... | 3.6 | ￥60/人LG2 | 点评榜单 | 长宁区日式简餐/快餐销量榜第6名 | Soma | 10:30营业 | 和牛卷滑嫩，蔬菜多汁，配菜充” | 2 | C | ￥288折 | ￥35 | 惠 | 【工作日午市】日替单.. | ￥959.5折 | 惠 | ￥100100元代金券,ocr/input_videos\上海__上海荟聚中心__20260826.mp4
OBS-000808,上海荟聚中心,蜀语砂锅,蜀语砂锅,快餐简餐,3.8,40,LG2,rated,True,,rated,parsed,rating_anchor,0.9813,0.9998,53,7872,133.549,🌟🌟🌟🌟🌟 | LG2 | 快餐简餐￥40/人 | 3.8,蜀语砂锅 | 蜀语砂锅 | 🌟🌟🌟🌟🌟 | LG2 | 快餐简餐￥40/人 | 3.8 | 点评榜单 | 北新泾/淞虹路小吃快餐销量榜第7名 | 10:30营业 | 口味独特，干净卫，性价比 | “ | ￥28.9 | 9.4折 | ￥31 | 惠 | 黄焖鸡. | 【每日现制】 | ￥469.2折 | 惠 | ￥5050元代金券,ocr/input_videos\上海__上海荟聚中心__20260826.mp4
OBS-000809,上海荟聚中心,GOELIA歌莉娅,GOELIA歌莉娅,服饰鞋包,4.3,1156,L2,rated,True,,rated,parsed,rating_anchor,0.9739,0.9953,54,7872,133.549,L2 | 🌟🌟🌟⭐ | 4.3 | 服饰鞋包￥1156/人 | ★,GOELIA歌莉娅 | GOELLAXR | L2 | 🌟🌟🌟⭐ | 4.3 | 服饰鞋包￥1156/人 | ★ | 星空顶超吸睛，款式多样拍照出 | “ | 10:00营业,ocr/input_videos\上海__上海荟聚中心__20260826.mp4
OBS-000810,上海荟聚中心,蓬松Fluffy Market,蓬松FluffyMarket,居家日用,4.3,269,L1,rated,True,,rated,parsed,rating_anchor,0.962,0.963,57,7896,133.956,🌟🌟⭐⭐ | L1 | 居家日用￥269/人 | 4.3,蓬松Fluffy Market | 🌟🌟⭐⭐ | L1 | 居家日用￥269/人 | 4.3 | 香水还原度高，香氛体验心旷神怡 | “ | 10:00营业,ocr/input_videos\上海__上海荟聚中心__20260826.mp4
OBS-000811,上海荟聚中心,様sama寿司,様sama寿司,日式简餐/...,3.6,60,LG2,rated,True,,rated,parsed,rating_anchor,0.9153,0.9575,55,7896,133.956,🌟🌟🌟🌟🌟 | ￥60/人LG2 | 日式简餐/... | 3.6,様sama寿司 | 穆 | 🌟🌟🌟🌟🌟 | ￥60/人LG2 | 日式简餐/... | 3.6 | 点评榜单 | 长宁区日式简餐/快餐销量榜第6名 | Soma | 10:30营业 | 和牛卷滑嫩，蔬菜多汁，配菜充足 | “ | 2 | ￥288折 | 惠 | ￥35 | 【工作日午市】日替单. | ￥959.5折 | 惠 | ￥100100元代金券,ocr/input_videos\上海__上海荟聚中心__20260826.mp4
OBS-000812,上海荟聚中心,蜀语砂锅,蜀语砂锅,快餐简餐,3.8,40,LG2,rated,True,,rated,parsed,rating_anchor,0.981,0.9998,53,7896,133.956,LG2 | 🌟🌟🌟🌟🌟 | 快餐简餐￥40/人 | 3.8,蜀语砂锅 | 蜀语砂锅 | LG2 | 🌟🌟🌟🌟🌟 | 快餐简餐￥40/人 | 3.8 | 点评榜单 | 北新泾/淞虹路小吃快餐销量榜第7名 | 10:30营业 | 口味独特，干净卫生，性价比高 | “ | 惠 | ￥28.9 | 9.4折 | ￥31 | 【每日现制】黄焖鸡. | ￥46 | 9.2折 | 惠 | 50元代金券 | ￥50,ocr/input_videos\上海__上海荟聚中心__20260826.mp4
OBS-000813,上海荟聚中心,GOELIA歌莉娅,GOELIA歌莉娅,服饰鞋包,4.3,1156,L2,rated,True,,rated,parsed,rating_anchor,0.9844,0.9973,48,7896,133.956,⭐🌟🌟⭐ | L2 | 4.3 | 服饰鞋包￥1156/人 | ★,GOELIA歌莉娅 | GOELAAR | ⭐🌟🌟⭐ | L2 | 4.3 | 服饰鞋包￥1156/人 | ★ | 星空顶超吸睛，款式多样拍照出片 | 10:00营业,ocr/input_videos\上海__上海荟聚中心__20260826.mp4
OBS-000814,上海荟聚中心,佩格酥脂坊,佩格酥脂坊,零食,3.9,41,商场内,rated,True,,rated,parsed,rating_anchor,0.973,0.9991,52,7896,133.956,⭐🌟🌟🌟🌟 | 商场内 | 零食￥41/人 | 3.9,佩格酥脂坊 | ⭐🌟🌟🌟🌟 | 商场内 | 零食￥41/人 | 3.9 | 財,ocr/input_videos\上海__上海荟聚中心__20260826.mp4
OBS-000815,上海荟聚中心,蓬松Fluffy Market,蓬松FluffyMarket,居家日用,4.3,269,L1,rated,True,,rated,parsed,rating_anchor,0.962,0.9669,58,7944,134.77,居家日用￥269/人 | 🌟🌟⭐⭐ | L1 | 4.3,蓬松Fluffy Market | 居家日用￥269/人 | 🌟🌟⭐⭐ | L1 | 4.3 | 香水还原度高，香氛体验心旷神怡 | 10:00营业,ocr/input_videos\上海__上海荟聚中心__20260826.mp4
OBS-000816,上海荟聚中心,様sama寿司,様sama寿司,日式简餐/....,3.6,60,LG2,rated,True,,rated,parsed,rating_anchor,0.905,0.963,52,7944,134.77,🌟🌟🌟🌟🌟 | ￥60/人LG2 | 3.6 | 日式简餐/....,檬 | 様sama寿司 | 🌟🌟🌟🌟🌟 | ￥60/人LG2 | 3.6 | 日式简餐/.... | 点评榜单 | 长宁区日式简餐/快餐销量榜第6名 | soma | 10:30营业 | 和牛卷滑嫩，蔬菜多汁，配菜充足 | 5 | ￥288折 | ￥35 | 惠 | 【工作日午市】日替单.. | ￥95 | 惠 | 9.5折 | ￥100100元代金券,ocr/input_videos\上海__上海荟聚中心__20260826.mp4
OBS-000817,上海荟聚中心,蜀语砂锅,蜀语砂锅,快餐简餐,3.8,40,LG2,rated,True,,rated,parsed,rating_anchor,0.9846,0.9998,53,7944,134.77,LG2 | ★🌟🌟🌟🌟 | 3.8快餐简餐￥40/人,蜀语砂锅 | 蜀语砂锅 | LG2 | ★🌟🌟🌟🌟 | 3.8快餐简餐￥40/人 | 点评榜单 | 北新泾/淞虹路小吃快餐销量榜第7名 | 00:30营业 | 口味独特，干净卫生，性价比高 | ≤ | 3 | ￥31 | 【每日现制】黄焖鸡.. | ￥28.9 | 9.4折 | 惠 | 惠 | 9.2折 | ￥46 | ￥50 | 50元代金券,ocr/input_videos\上海__上海荟聚中心__20260826.mp4
OBS-000818,上海荟聚中心,GOELIA歌莉娅,GOELIA歌莉娅,服饰鞋包,4.3,1156,L2,rated,True,,rated,parsed,rating_anchor,0.9846,0.9963,48,7944,134.77,🌟🌟🌟🎉 | L2 | 服饰鞋包￥1156/人 | 4.3,GOELIA歌莉娅 | GOELIAERAN | 🌟🌟🌟🎉 | L2 | 服饰鞋包￥1156/人 | 4.3 | 星空顶超吸睛，款式多样拍照出片 | 10:00营业,ocr/input_videos\上海__上海荟聚中心__20260826.mp4
OBS-000819,上海荟聚中心,佩格酥脂坊,佩格酥脂坊,零食,3.9,41,商场内,rated,True,,rated,parsed,rating_anchor,0.9713,0.9993,52,7944,134.77,商场内 | 🌟🌟🌟🌟🌟 | 零食￥41/人 | 3.9,佩格酥脂坊 | 商场内 | 🌟🌟🌟🌟🌟 | 零食￥41/人 | 3.9 | 財 | 10:30营业,ocr/input_videos\上海__上海荟聚中心__20260826.mp4
OBS-000820,上海荟聚中心,様sama寿司,様sama寿司,日式简餐/....,3.6,60,LG2,rated,True,,rated,parsed,rating_anchor,0.8971,0.9682,45,8004,135.788,🌟🌟🌟🌟 | ￥60/人LG2 | 日式简餐/.... | 3.6,橡 | 様sama寿司 | 🌟🌟🌟🌟 | ￥60/人LG2 | 日式简餐/.... | 3.6 | 点评榜单 | 长宁区日式简餐/快餐销量榜第6名 | sama | 10:30营业 | 和牛卷滑嫩，蔬菜多汁，配菜充 | 3 | ￥288折 | ￥35 | 惠 | 【工作日午市】日替单. | 惠 | ￥100100元代金券 | ￥95 | 9.5折,ocr/input_videos\上海__上海荟聚中心__20260826.mp4
OBS-000821,上海荟聚中心,蜀语砂锅,蜀语砂锅,快餐简餐,3.8,40,LG2,rated,True,,rated,parsed,rating_anchor,0.9817,0.9998,56,8004,135.788,LG2 | 🌟🌟⭐💥🌟 | 快餐简餐￥40/人 | 3.8,蜀语砂锅 | 蜀语砂锅 | LG2 | 🌟🌟⭐💥🌟 | 快餐简餐￥40/人 | 3.8 | 点评榜单 | 北新泾/淞虹路小吃快餐销量榜第7名 | 110:30营业 | 口味独特，干净卫，性价 | J | ￥28.9 | ￥31 | 惠 | 黄焖鸡. | 9.4折 | 【每日现制】 | ￥469.2折 | 惠 | ￥50 | 50元代金券,ocr/input_videos\上海__上海荟聚中心__20260826.mp4
OBS-000822,上海荟聚中心,GOELIA歌莉娅,GOELIA歌莉娅,服饰鞋包,4.3,1156,L2,rated,True,,rated,parsed,rating_anchor,0.9782,0.9959,45,8004,135.788,🌟🌟🌟🌟 | L2 | 服饰鞋包￥1156/人 | 4.3,GOELIA歌莉娅 | GOELIAR房品 | 🌟🌟🌟🌟 | L2 | 服饰鞋包￥1156/人 | 4.3 | 星空顶超吸睛，款式多样拍照出片 | S | T | 10:00营业,ocr/input_videos\上海__上海荟聚中心__20260826.mp4
OBS-000823,上海荟聚中心,佩格酥脂坊,佩格酥脂坊,零食,3.9,41,商场内,rated,True,,rated,parsed,rating_anchor,0.9827,0.9995,49,8004,135.788,★★★★★ | 商场内 | 3.9零食￥41/人,佩格酥脂坊 | ★★★★★ | 商场内 | 3.9零食￥41/人 | 財 | 10:30营业 | ￥48.89.8折 | ￥5050元代金券 | 惠,ocr/input_videos\上海__上海荟聚中心__20260826.mp4
OBS-000824,上海荟聚中心,théATRE茶聚场,théATRE茶聚场,甜品,4.2,60,L1,rated,True,,rated,parsed,rating_anchor,0.9583,0.9925,51,8004,135.788,甜品￥60/人 | 🌟🌟🌟 | L1 | 4.2 | X,théATRE茶聚场 | 甜品￥60/人 | 🌟🌟🌟 | L1 | 4.2 | X | 点评榜单 | 北新泾/淞虹路甜品热门榜第2名 | 10:00营业 | 蛋糕颜值高，店员小姐姐态度好 | ≤,ocr/input_videos\上海__上海荟聚中心__20260826.mp4
OBS-000825,上海荟聚中心,蜀语砂锅,蜀语砂锅,快餐简餐,3.8,40,LG2,rated,True,,rated,parsed,rating_anchor,0.9811,0.9997,56,8016,135.992,LG2 | 🌟🌟⭐🌟⭐ | 快餐简餐￥40/人 | 3.8,蜀语砂锅 | 蜀语砂锅 | LG2 | 🌟🌟⭐🌟⭐ | 快餐简餐￥40/人 | 3.8 | 点评榜单 | 北新泾/淞虹路小吃快餐销量榜第7名 | 010:30营业 | 口味独特，干净卫，性价比 | “ | 93 | ￥28.99.4折 | ￥31 | 惠 | 【每日现制】黄焖鸡.. | ￥469.2折 | 惠 | ￥5050元代金券,ocr/input_videos\上海__上海荟聚中心__20260826.mp4
OBS-000826,上海荟聚中心,GOELIA歌莉娅,GOELIA歌莉娅,服饰鞋包,4.3,1156,L2,rated,True,,rated,parsed,rating_anchor,0.9795,0.9957,52,8016,135.992,L2 | 🌟🌟🌟🎉 | 4.3 | 服饰鞋包￥1156/人,GOELIA歌莉娅 | GOELIAR万E | L2 | 🌟🌟🌟🎉 | 4.3 | 服饰鞋包￥1156/人 | 星空顶超吸睛，款式多样拍照出片 | “ | 10:00营业,ocr/input_videos\上海__上海荟聚中心__20260826.mp4
OBS-000827,上海荟聚中心,佩格酥脂坊,佩格酥脂坊,零食,3.9,41,商场内,rated,True,,rated,parsed,rating_anchor,0.9728,0.9994,59,8016,135.992,商场内 | ★★★🌟 | 零食￥41/人 | 3.9,佩格酥脂坊 | 商场内 | ★★★🌟 | 零食￥41/人 | 3.9 | 財 | 10:30营业 | ￥48.89.8折 | ￥5050元代金券 | 惠,ocr/input_videos\上海__上海荟聚中心__20260826.mp4
OBS-000828,上海荟聚中心,théATRE茶聚场,théATRE茶聚场,甜品,4.2,60,L1,rated,True,,rated,parsed,rating_anchor,0.9657,0.9928,54,8016,135.992,🌟🌟🌟⭐ | 甜品￥60/人 | L1 | 4.2 | ★,théATRE茶聚场 | 🌟🌟🌟⭐ | 甜品￥60/人 | L1 | 4.2 | UEN F | ★ | 点评榜单 | 北新泾/淞虹路甜品热门榜第2名 | 10:00营业 | 蛋糕颜值高，店员小姐姐态度好 | “ | 3 | ￥55 | ￥65 | 8.5折 | 惠 | 【经典】茶山甜品3选1 | ￥989.8折 | 惠 | ￥100100元代金券,ocr/input_videos\上海__上海荟聚中心__20260826.mp4
OBS-000829,上海荟聚中心,蜀语砂锅,蜀语砂锅,快餐简餐,3.8,40,LG2,rated,True,,rated,parsed,rating_anchor,0.9994,0.9998,53,8040,136.399,LG2 | 🌟🌟🌟🌟🌟 | ￥40/人 | 3.8快餐简餐,蜀语砂锅 | 蜀语砂锅 | LG2 | 🌟🌟🌟🌟🌟 | ￥40/人 | 3.8快餐简餐 | 点评榜单 | 北新泾/淞虹路小吃快餐销量榜第7名 | 010:30营业 | 口味独特，干净卫生，性价比高 | “ | 55 | ￥28.9 | ￥31 | 黄焖鸡. | 9.4折 | 惠 | 【每日现制】 | ￥469.2折 | 惠 | ￥5050元代金券,ocr/input_videos\上海__上海荟聚中心__20260826.mp4
OBS-000830,上海荟聚中心,GOELIA歌莉娅,GOELIA歌莉娅,服饰鞋包,4.3,1156,L2,rated,True,,rated,parsed,rating_anchor,0.9834,0.9972,51,8040,136.399,🌟🌟🌟🌟 | L2 | 服饰鞋包￥1156/人 | 4.3 | ★,GOELIA歌莉娅 | GOELIALCAR | 🌟🌟🌟🌟 | L2 | 服饰鞋包￥1156/人 | 4.3 | ★ | 星空顶超吸睛，款式多样拍照出片 | 10:00营业,ocr/input_videos\上海__上海荟聚中心__20260826.mp4
OBS-000831,上海荟聚中心,佩格酥脂坊,佩格酥脂坊,零食,3.9,41,商场内,rated,True,,rated,parsed,rating_anchor,0.9722,0.9992,52,8040,136.399,🌟🌟🎉🌟🌟 | 商场内 | 零食￥41/人 | 3.9,佩格酥脂坊 | 🌟🌟🎉🌟🌟 | 商场内 | 零食￥41/人 | 3.9 | 財 | 10:30营业 | ￥48.8 | 惠 | 9.8折 | ￥505 | 50元代金券,ocr/input_videos\上海__上海荟聚中心__20260826.mp4
OBS-000832,上海荟聚中心,théATRE 茶聚场,théATRE茶聚场,甜品,4.2,60,L1,rated,True,,rated,parsed,rating_anchor,0.9375,0.9607,55,8040,136.399,🌟🌟⭐⭐ | L1 | 4.2 | 甜品￥60/人,théATRE 茶聚场 | 🌟🌟⭐⭐ | L1 | 4.2 | 甜品￥60/人 | 点评榜单 | 北新泾/淞虹路甜品热门榜第2名 | 10:00营业 | 蛋糕颜值高，店员小姐姐态度好” | ￥558.5折 | ￥65 | 惠 | 【经典】茶山甜品3选1 | ￥98 | 惠 | 9.8折 | ￥100100元代金券,ocr/input_videos\上海__上海荟聚中心__20260826.mp4
OBS-000833,上海荟聚中心,GOELIA歌莉娅,GOELIA歌莉娅,服饰鞋包,4.3,1156,L2,rated,True,,rated,parsed,rating_anchor,0.9826,0.9986,50,8124,137.824,L2 | 🌟🌟🌟🌟 | 服饰鞋包￥1156/人 | 4.3 | ★,GOELIA歌莉娅 | GOELLARA | L2 | 🌟🌟🌟🌟 | 服饰鞋包￥1156/人 | 4.3 | ★ | 星空顶超吸睛，款式多样拍照出 | “ | 3 | 10:00营业,ocr/input_videos\上海__上海荟聚中心__20260826.mp4
OBS-000834,上海荟聚中心,佩格酥脂坊,佩格酥脂坊,零食,3.9,41,商场内,rated,True,,rated,parsed,rating_anchor,0.9698,0.9996,54,8124,137.824,商场内 | 🌟🌟🌟3.9 | 零食￥41/人,佩格酥脂坊 | 商场内 | 🌟🌟🌟3.9 | 零食￥41/人 | 財 | H | 10:30营业 | ￥48.89.8折 | ￥5050元代金券 | 惠,ocr/input_videos\上海__上海荟聚中心__20260826.mp4
OBS-000835,上海荟聚中心,théATRE 茶聚场,théATRE茶聚场,甜品,4.2,60,L1,rated,True,,rated,parsed,rating_anchor,0.9476,0.9725,51,8124,137.824,甜品￥60/人 | 🌟🌟⭐⭐ | L1 | 4.2,théATRE 茶聚场 | 甜品￥60/人 | 🌟🌟⭐⭐ | L1 | 4.2 | EAN | 点评榜单 | 北新泾/淞虹路甜品热门榜第2名 | 10:00营业 | 蛋糕颜值高，店员小姐姐态度好 | “ | ￥55 | ￥65 | 8.5折 | 惠 | 【经典】茶山甜品3选1 | ￥989.8折 | 惠 | ￥100100元代金券,ocr/input_videos\上海__上海荟聚中心__20260826.mp4
OBS-000836,上海荟聚中心,朱炳仁铜,朱炳仁铜,杂货礼品,4.8,199,LG1,rated,True,,rated,parsed,rating_anchor,0.987,0.9994,56,8124,137.824,LG1 | 🌟🌟🌟⭐🌟 | 4.8杂货礼品￥199/人,朱烟 | 朱炳仁铜 | LG1 | 🌟🌟🌟⭐🌟 | 4.8杂货礼品￥199/人 | 二锅 | 点评榜单 | 北新泾/淞虹路杂货礼品好评榜第5名 | 10:00营业,ocr/input_videos\上海__上海荟聚中心__20260826.mp4
OBS-000837,上海荟聚中心,佩格酥脂坊,佩格酥脂坊,零食,3.9,41,商场内,rated,True,,rated,parsed,rating_anchor,0.9816,0.9992,55,8160,138.434,⭐🌟🌟🌟🌟 | 3.9零食￥41/人 | 商场内,佩格酥脂坊 | ⭐🌟🌟🌟🌟 | 3.9零食￥41/人 | 商场内 | 財 | 10:30营业 | ￥48.89.8折 | ￥5050元代金券 | 惠,ocr/input_videos\上海__上海荟聚中心__20260826.mp4
OBS-000838,上海荟聚中心,théATRE 茶聚场,théATRE茶聚场,甜品,4.2,60,L1,rated,True,,rated,parsed,rating_anchor,0.9643,0.989,51,8160,138.434,甜品￥60/人 | L1 | 🌟🌟⭐⭐ | 4.2 | ★,théATRE 茶聚场 | 甜品￥60/人 | L1 | 🌟🌟⭐⭐ | 4.2 | ★ | 点评榜单 | 北新泾/淞虹路甜品热门榜第2名 | 10:00营业 | 蛋糕颜值高，店员小姐姐态度好 | ≤ | ￥55 | ￥65 | 8.5折 | 惠 | 【经典】茶山甜品3选1 | ￥989.8折 | 惠 | ￥100100元代金券,ocr/input_videos\上海__上海荟聚中心__20260826.mp4
OBS-000839,上海荟聚中心,朱炳仁铜,朱炳仁铜,杂货礼品,4.8,199,LG1,rated,True,,rated,parsed,rating_anchor,0.9863,0.9994,56,8160,138.434,🌟🌟🌟🌟🌟 | LG1 | 杂货礼品￥199/人 | 4.8,朱烟 | 朱炳仁铜 | 🌟🌟🌟🌟🌟 | LG1 | 杂货礼品￥199/人 | 4.8 | 正锅 | 点评榜单 | 北新泾/淞虹路杂货礼品好评榜第5名 | 10:00营业,ocr/input_videos\上海__上海荟聚中心__20260826.mp4
OBS-000840,上海荟聚中心,Pantry's Best派悦坊蛋糕,Pantry'sBest派悦坊蛋糕,面包蛋糕,4.4,60,L2,rated,True,,rated,parsed,rating_anchor,0.9598,0.951,57,8160,138.434,🌟🌟⭐⭐ | 面包蛋糕￥60/人 | L2 | 4.4 | ★,Pantry's Best派悦坊蛋糕 | 夏日来杏 | 🌟🌟⭐⭐ | 面包蛋糕￥60/人 | L2 | 4.4 | ★ | 点评榜单 | 北新泾/淞虹路面包蛋糕打卡人气榜第4名 | 10:00营业 | ￥398.7折 | ￥45 | 【一人食】方块蛋糕 | 惠,ocr/input_videos\上海__上海荟聚中心__20260826.mp4
OBS-000841,上海荟聚中心,佩格酥脂坊,佩格酥脂坊,零食,3.9,41,商场内,rated,True,,rated,parsed,rating_anchor,0.9771,0.9992,55,8196,139.045,🌟🌟🌟🌟⭐ | 商场内 | 3.9零食￥41/人,佩格酥脂坊 | 🌟🌟🌟🌟⭐ | 商场内 | 3.9零食￥41/人 | 財 | 10:30营业 | ￥48.89.8折 | 惠 | ￥5050元代金券,ocr/input_videos\上海__上海荟聚中心__20260826.mp4
OBS-000842,上海荟聚中心,théATRE 茶聚场,théATRE茶聚场,甜品,4.2,60,L1,rated,True,,rated,parsed,rating_anchor,0.9488,0.9833,51,8196,139.045,甜品￥60/人 | L1 | 🌟🌟⭐★ | 4.2 | ★,théATRE 茶聚场 | 甜品￥60/人 | L1 | 🌟🌟⭐★ | 4.2 | ★ | 点评榜单 | 北新泾/淞虹路甜品热门榜第2名 | 10:00营业 | 蛋糕颜值高，店员小姐姐态度好 | C | ￥65 | ￥55 | 8.5折 | 惠 | 【经典】茶山甜品3选1 | ￥989.8折 | ￥100100元代金券 | 惠,ocr/input_videos\上海__上海荟聚中心__20260826.mp4
OBS-000843,上海荟聚中心,朱炳仁铜,朱炳仁铜,杂货礼品,4.8,199,LG1,rated,True,,rated,parsed,rating_anchor,0.978,0.9993,56,8196,139.045,LG1 | ★🌟🌟🌟🌟 | 杂货礼品￥199/人 | 4.8,朱烟 | 朱炳仁铜 | LG1 | ★🌟🌟🌟🌟 | 杂货礼品￥199/人 | 4.8 | 正锅 | 点评榜单 | 北新泾/淞虹路杂货礼品好评榜第5名 | 10:00营业,ocr/input_videos\上海__上海荟聚中心__20260826.mp4
OBS-000844,上海荟聚中心,Pantry's Best派悦坊蛋糕,Pantry'sBest派悦坊蛋糕,面包蛋糕,4.4,60,L2,rated,True,,rated,parsed,rating_anchor,0.9506,0.9454,57,8196,139.045,🌟🌟⭐⭐ | L2 | 面包蛋糕￥60/人 | 4.4 | ★,Pantry's Best派悦坊蛋糕 | 夏日来杏 | 🌟🌟⭐⭐ | L2 | 面包蛋糕￥60/人 | 4.4 | ★ | 点评榜单 | 北新泾/淞虹路面包蛋糕打卡人气榜第4名 | 10:00营业 | ￥398.7折 | ￥45 | 【一人食】方块蛋糕 | 惠,ocr/input_videos\上海__上海荟聚中心__20260826.mp4
OBS-000845,上海荟聚中心,théATRE茶聚场,théATRE茶聚场,甜品,4.2,60,L1,rated,True,,rated,parsed,rating_anchor,0.964,0.9952,55,8232,139.656,🌟🌟⭐🎉 | 甜品￥60/人 | L1 | 4.2 | ￥,théATRE茶聚场 | 🌟🌟⭐🎉 | 甜品￥60/人 | L1 | 4.2 | ￥ | LON NO | 点评榜单 | 北新泾/淞虹路甜品热门榜第2名 | 10:00营业 | 蛋糕颜值高，店员小姐姐态度好 | “ | ￥558.5折 | ￥65 | 惠 | 【经典】茶山甜品3选1 | ￥989.8折 | 惠 | ￥100100元代金券,ocr/input_videos\上海__上海荟聚中心__20260826.mp4
OBS-000846,上海荟聚中心,朱炳仁铜,朱炳仁铜,杂货礼品,4.8,199,LG1,rated,True,,rated,parsed,rating_anchor,0.9703,0.9993,60,8232,139.656,4.8杂货礼品￥199/人 | LG1,朱烟 | 朱炳仁铜 | 4.8杂货礼品￥199/人 | LG1 | 仁锅 | 点评榜单 | 北新泾/淞虹路杂货礼品好评榜第5名 | 10:00营业,ocr/input_videos\上海__上海荟聚中心__20260826.mp4
OBS-000847,上海荟聚中心,Pantry'sBest派悦坊蛋糕,Pantry'sBest派悦坊蛋糕,面包蛋糕,4.4,60,L2,rated,True,,rated,parsed,rating_anchor,0.978,0.9852,56,8232,139.656,🌟🌟🌟⭐ | 4.4面包蛋糕￥60/人 | L2,Pantry'sBest派悦坊蛋糕 | 夏日来杏 | 🌟🌟🌟⭐ | 4.4面包蛋糕￥60/人 | L2 | 点评榜单 | 北新泾/淞虹路面包蛋糕打卡人气榜第4名 | 10:00营业 | ￥398.7折￥45【 | 惠 | 【一人食】方块蛋糕,ocr/input_videos\上海__上海荟聚中心__20260826.mp4
OBS-000848,上海荟聚中心,1973继光香香鸡,1973继光香香鸡,炸鸡炸串,3.9,22,LG2,rated,True,,rated,parsed,rating_anchor,0.9675,0.9976,52,8232,139.656,LG2 | 3.9炸鸡炸串￥22/人,1973继光香香鸡 | LG2 | 3.9炸鸡炸串￥22/人 | “外焦嫩，感绝佳” | 10:00营业 | ￥27.9 | ￥35 | 8折 | 惠 | 【必点双脆】香香炸... | ￥319.4折 | ￥3333元代金券 | 惠,ocr/input_videos\上海__上海荟聚中心__20260826.mp4
OBS-000849,上海荟聚中心,鹿岛会员店,鹿岛会员店,9服饰鞋句,,105,,unknown,True,,ocr_missing,parsed,metadata_anchor,0.8874,0.999,56,8232,139.656,9服饰鞋句￥105/人,鹿岛会员店 | 9服饰鞋句￥105/人,ocr/input_videos\上海__上海荟聚中心__20260826.mp4
OBS-000850,上海荟聚中心,朱炳仁铜,朱炳仁铜,杂货礼品,,199,LG1,unknown,True,,ocr_missing,parsed,metadata_anchor,0.9848,0.999,60,8244,139.86,LG1 | 杂货礼品￥199/人 | 🌟🌟🌟🌟🌟 | 14.8,朱烟 | 朱炳仁铜 | LG1 | 杂货礼品￥199/人 | 🌟🌟🌟🌟🌟 | 14.8 | 一锅 | 点评榜单 | 北新泾/淞虹路杂货礼品好评榜第5名 | 10:00营业,ocr/input_videos\上海__上海荟聚中心__20260826.mp4
OBS-000851,上海荟聚中心,Pantry'sBest派悦坊蛋糕,Pantry'sBest派悦坊蛋糕,面包蛋糕,4.4,60,L2,rated,True,,rated,parsed,rating_anchor,0.9903,0.9823,58,8244,139.86,🌟🌟💥🎉 | L2 | 羔￥60/人 | 4.4面包蛋糕,Pantry'sBest派悦坊蛋糕 | 夏日来杏 | 🌟🌟💥🎉 | L2 | 羔￥60/人 | 4.4面包蛋糕 | 点评榜单 | 北新泾/淞虹路面包蛋糕打卡人气榜第4名 | 10:00营业 | ￥398.7折 | 惠 | ￥45 | 【一人食】方块蛋糕 | (..,ocr/input_videos\上海__上海荟聚中心__20260826.mp4
OBS-000852,上海荟聚中心,1973继光香香鸡,1973继光香香鸡,炸鸡炸串,3.9,22,LG2,rated,True,,rated,parsed,rating_anchor,0.9852,0.9978,53,8244,139.86,🌟🌟🎉🌟🌟 | LG2 | 3.9炸鸡炸串￥22/人,1973继光香香鸡 | 狂改 | 🌟🌟🎉🌟🌟 | LG2 | 3.9炸鸡炸串￥22/人 | 外焦里嫩，口感绝佳 | 10:00营业 | ￥27.9 | 8折 | ￥35 | 【必点双脆】香香炸.. | 惠 | ￥31 | 惠 | 9.4折 | ￥3333元代金券,ocr/input_videos\上海__上海荟聚中心__20260826.mp4
OBS-000853,上海荟聚中心,鹿岛会员店,鹿岛会员店,服饰鞋包,4.9,105,LG1,rated,True,,rated,parsed,rating_anchor,0.9737,0.9993,55,8244,139.86,LG1 | ⭐🌟🌟⭐⭐ | 服饰鞋包￥105/人 | 4.9,鹿岛会员店 | 高品质 | LG1 | ⭐🌟🌟⭐⭐ | 服饰鞋包￥105/人 | 4.9 | 2 | 48 | 点评镑单 | 北新泾/淞虹路服饰鞋包热门榜第1名 | 10:00营业 | 包的种类多，独一无二”,ocr/input_videos\上海__上海荟聚中心__20260826.mp4
OBS-000854,上海荟聚中心,德罗心DELORSIM,德罗心DELORSIM,面包蛋糕,4.4,138,LG1,rated,True,,rated,parsed,rating_anchor,0.9969,0.9954,51,8244,139.86,🌟🌟🌟🌟 | LG1 | 面包蛋糕 | ￥138/人 | 4.4,德罗心DELORSIM | 🌟🌟🌟🌟 | LG1 | 面包蛋糕 | ￥138/人 | 4.4 | 点评榜单 | 北新泾/淞虹路面包蛋糕好评榜第3名 | 营业中,ocr/input_videos\上海__上海荟聚中心__20260826.mp4
OBS-000855,上海荟聚中心,朱炳仁铜,朱炳仁铜,杂货礼品,4.8,199,LG1,rated,True,,rated,parsed,rating_anchor,0.9824,0.9978,55,8268,140.267,LG1 | 🌟🌟🌟🌟🌟 | 杂货礼品￥199/人 | 4.8,朱烟 | 朱炳仁铜 | LG1 | 🌟🌟🌟🌟🌟 | 杂货礼品￥199/人 | 4.8 | 一锅 | 点评榜单 | 北新泾/淞虹路杂货礼品好评榜第5名 | 10:00营业,ocr/input_videos\上海__上海荟聚中心__20260826.mp4
OBS-000856,上海荟聚中心,Pantry'sBest派悦坊蛋糕,Pantry'sBest派悦坊蛋糕,面包蛋糕,4.4,60,L2,rated,True,,rated,parsed,rating_anchor,0.982,0.9664,55,8268,140.267,🌟🌟⭐⭐ | ￥60/人 | L2 | 面包蛋糕 | 4.4,Pantry'sBest派悦坊蛋糕 | 夏日来杏 | 🌟🌟⭐⭐ | ￥60/人 | L2 | 面包蛋糕 | 4.4 | 点评榜单 | 北新泾/淞虹路面包蛋糕打卡人气榜第4名 | 10:00营业 | ￥398.7折 | ￥45 | 惠 | 【一人食】方块蛋糕 | (...,ocr/input_videos\上海__上海荟聚中心__20260826.mp4
OBS-000857,上海荟聚中心,1973继光香香鸡,1973继光香香鸡,炸鸡炸串,3.9,22,LG2,rated,True,,rated,parsed,rating_anchor,0.984,0.9994,51,8268,140.267,LG2 | 🌟🌟🎉🌟⭐3.9 | 炸鸡炸串￥22/人,1973继光香香鸡 | 狂复 | LG2 | 🌟🌟🎉🌟⭐3.9 | 炸鸡炸串￥22/人 | 外焦里嫩，口感绝佳 | 10:00营业 | ￥27.9 | 8折 | ￥35 | 惠 | 【必点双脆】香香炸. | ￥31 | 9.4折 | 惠 | ￥33 | 33元代金券,ocr/input_videos\上海__上海荟聚中心__20260826.mp4
OBS-000858,上海荟聚中心,鹿岛会员店,鹿岛会员店,服饰鞋包,,105,LG1,unknown,True,,ocr_missing,parsed,metadata_anchor,0.9823,0.9993,55,8268,140.267,LG1 | ⭐🌟⭐🌟🌟 | 4. | 服饰鞋包￥105/人,鹿岛会员店 | 高品质 | LG1 | ⭐🌟⭐🌟🌟 | 4. | 服饰鞋包￥105/人 | 国 | 48. | 点评榜单 | 北新泾/淞虹路服饰鞋包热门榜第1名 | 10:00营业 | 包的种类多，独一无二 | S,ocr/input_videos\上海__上海荟聚中心__20260826.mp4
OBS-000859,上海荟聚中心,德罗心DELORSIM,德罗心DELORSIM,面包蛋糕,4.4,138,LG1,rated,True,,rated,parsed,rating_anchor,0.9972,0.9962,51,8268,140.267,LG1 | 🌟🌟🌟🎉 | 面包蛋糕 | ￥138/人 | 4.4,德罗心DELORSIM | DeLorSim | 德罗心 | LG1 | 🌟🌟🌟🎉 | 面包蛋糕 | ￥138/人 | 4.4 | 点评榜单 | 北新泾/淞虹路面包蛋糕好评榜第3名 | 营业中,ocr/input_videos\上海__上海荟聚中心__20260826.mp4
OBS-000860,上海荟聚中心,禾炳仁铜,禾炳仁铜,杂货礼品,4.8,199,LG1,rated,True,,rated,parsed,rating_anchor,0.8961,0.8286,46,8328,141.285,LG1 | 杂货礼品￥199/人 | 🌟🌟🌟🌟🌟 | 4.8,朱炳 | 禾炳仁铜 | LG1 | 杂货礼品￥199/人 | 🌟🌟🌟🌟🌟 | 4.8 | 正锅 | 点评榜单 | 北新泾/淞虹路杂货礼品好评榜第5名 | 10:00营业,ocr/input_videos\上海__上海荟聚中心__20260826.mp4
OBS-000861,上海荟聚中心,Pantry's Best派悦坊蛋糕,Pantry'sBest派悦坊蛋糕,面包蛋糕,4.4,60,L2,rated,True,,rated,parsed,rating_anchor,0.9763,0.9554,57,8328,141.285,🌟🌟⭐⭐ | L2 | 4.4面包蛋糕 | ￥60/人,Pantry's Best派悦坊蛋糕 | 夏日来杏 | 🌟🌟⭐⭐ | L2 | 4.4面包蛋糕 | ￥60/人 | 点评榜单 | 北新泾/淞虹路面包蛋糕打卡人气榜第4名 | 10:00营业 | ￥398.7折 | 惠 | ￥45 | 【一人食】方块蛋糕,ocr/input_videos\上海__上海荟聚中心__20260826.mp4
OBS-000862,上海荟聚中心,1973继光香香鸡,1973继光香香鸡,炸鸡炸串,3.9,22,LG2,rated,True,,rated,parsed,rating_anchor,0.9677,0.9996,48,8328,141.285,3.9炸鸡炸串￥22/人 | LG2,1973继光香香鸡 | 狂欢 | 3.9炸鸡炸串￥22/人 | LG2 | 外焦里嫩，口感绝佳 | 10:00营业 | ￥35 | ￥27.9 | 8折 | 惠 | 【必点双脆】香香炸.. | ￥319.4折 | ￥33 | 惠 | 33元代金券,ocr/input_videos\上海__上海荟聚中心__20260826.mp4
OBS-000863,上海荟聚中心,鹿岛会员店,鹿岛会员店,服饰鞋包,4.9,105,LG1,rated,True,,rated,parsed,rating_anchor,0.9838,0.9994,56,8328,141.285,LG1 | 🌟🌟🌟🌟🌟 | 4.9 | 服饰鞋包￥105/人,鹿岛会员店 | 高品质 | LG1 | 🌟🌟🌟🌟🌟 | 4.9 | 服饰鞋包￥105/人 | . | 点评榜单 | 北新泾/淞虹路服饰鞋包热门榜第1名 | 10:00营业 | 包的种类多，独一无二”,ocr/input_videos\上海__上海荟聚中心__20260826.mp4
OBS-000864,上海荟聚中心,德罗心DELORSIM,德罗心DELORSIM,面包蛋糕,4.4,138,LG1,rated,True,,rated,parsed,rating_anchor,0.9855,0.9939,54,8328,141.285,LG1 | 🌟🌟⭐⭐ | 4.4面包蛋糕￥138/人 | 食,德罗心DELORSIM | Delorsim | 德罗心 | LG1 | 🌟🌟⭐⭐ | 4.4面包蛋糕￥138/人 | 食 | 点评榜单 | 北新泾/淞虹路面包蛋糕好评榜第3名 | 营业中心 | ￥19.9 | ￥48 | 4.2折 | 【双层系列】水果多. | 惠 | ￥459折 | 惠 | ￥5050元代金券,ocr/input_videos\上海__上海荟聚中心__20260826.mp4
OBS-000865,上海荟聚中心,1973继光香香鸡,1973继光香香鸡,炸鸡炸串,3.9,22,LG2,rated,True,,rated,parsed,rating_anchor,0.9797,0.9995,51,8364,141.895,⭐🌟💥⭐3.9 | LG2 | 炸鸡炸串￥22/人,1973继光香香鸡 | ⭐🌟💥⭐3.9 | LG2 | 炸鸡炸串￥22/人 | “外焦里嫩，口感绝佳” | 10:00营业 | ￥27.9 | 8折 | 惠 | ￥35 | 【必点双脆】香香炸.. | ￥31 | 9.4折 | 惠 | ￥3333元代金券,ocr/input_videos\上海__上海荟聚中心__20260826.mp4
OBS-000866,上海荟聚中心,鹿岛会员店,鹿岛会员店,服饰鞋包,4.9,105,LG1,rated,True,,rated,parsed,rating_anchor,0.9801,0.9975,55,8364,141.895,LG1 | ⭐🌟⭐⭐🌈4.9 | 服饰鞋包￥105/人,鹿岛会员店 | 高品质 | LG1 | ⭐🌟⭐⭐🌈4.9 | 服饰鞋包￥105/人 | 种 | 点评榜单 | 北新泾/淞虹路服饰鞋包热门榜第1名 | 10:00营业 | 包的种类多，独一无二 | “,ocr/input_videos\上海__上海荟聚中心__20260826.mp4
OBS-000867,上海荟聚中心,德罗心DELORSIM,德罗心DELORSIM,面包蛋糕,4.4,138,LG1,rated,True,,rated,parsed,rating_anchor,0.9961,0.9955,51,8364,141.895,LG1 | 🌟🌟🌟🌟 | 面包蛋糕 | ￥138/人 | 4.4,Delorsim | 德罗心DELORSIM | 德罗心 | LG1 | 🌟🌟🌟🌟 | 面包蛋糕 | ￥138/人 | 4.4 | 点评榜单 | 北新泾/淞虹路面包蛋糕好评榜第3名 | 营业中 | 4.2折 | ￥19.9 | ￥48 | 惠 | 【双层系列】 | 水果多. | ￥459折 | 惠 | ￥5050元代金券,ocr/input_videos\上海__上海荟聚中心__20260826.mp4
OBS-000868,上海荟聚中心,有堂古·甘草水果·鲜榨果汁,有堂古·甘草水果·鲜榨果汁,水果店,3.9,29,LG2,rated,True,,rated,parsed,rating_anchor,0.9683,0.971,51,8364,141.895,LG2 | 🌟🌟🌟🌟🌟 | 水果店￥29/人 | 3.9,有堂古·甘草水果·鲜榨果汁 | 有堂古 | 潮汕阿媛 | LG2 | 🌟🌟🌟🌟🌟 | 水果店￥29/人 | 3.9 | 点评榜单 | 长宁区水果店热门榜第1名 | 10:00营业 | 新鲜水果制作，热情服务卫生打包 | ￥25.8 | ￥22.8 | 8.9折 | 惠 | 【潮汕水果】尝鲜... | 惠 | ￥0.5 | 2.5折 | ￥22元代金券,ocr/input_videos\上海__上海荟聚中心__20260826.mp4
OBS-000869,上海荟聚中心,凯乐石Kailas,凯乐石Kailas,运动户外,4.8,1924,LG1,rated,True,,rated,parsed,rating_anchor,0.9763,0.9987,56,8364,141.895,LG1 | ⭐🌟⭐⭐⭐4.8 | 运动户外￥1924/人,凯乐石Kailas | KAILAS | LG1 | ⭐🌟⭐⭐⭐4.8 | 运动户外￥1924/人,ocr/input_videos\上海__上海荟聚中心__20260826.mp4
OBS-000870,上海荟聚中心,鹿岛会员店,鹿岛会员店,服饰鞋包,4.9,105,LG1,rated,True,,rated,parsed,rating_anchor,0.9859,0.9996,54,8460,143.524,LG1 | 🌟🌟🌟🌟🌟 | 4.9 | 服饰鞋包￥105/人,鹿岛会员店 | 高品质 | LG1 | 🌟🌟🌟🌟🌟 | 4.9 | 服饰鞋包￥105/人 | 9. | 点评榜单 | 北新泾/淞虹路服饰鞋包热门榜第1名 | 10:00营业 | 包的种类多，独一无二”,ocr/input_videos\上海__上海荟聚中心__20260826.mp4
OBS-000871,上海荟聚中心,德罗心DELORSIM,德罗心DELORSIM,焦,4.4,138,LG1,rated,True,,rated,parsed,rating_anchor,0.9322,0.9939,50,8460,143.524,LG1 | 🌟🌟🌟⭐ | 焦￥138/人 | 面包蛋糕 | 4.4 | ★,德罗心DELORSIM | DeLorsim | 德罗心 | LG1 | 🌟🌟🌟⭐ | 焦￥138/人 | 面包蛋糕 | 4.4 | ★ | 点评榜单 | 北新泾/淞虹路面包蛋糕好评榜第3名 | 营业中 | ￥48 | 4.2折 | ￥19.9 | 【双层系列】水果多. | 惠 | ￥459折 | 惠 | ￥50 | 50元代金券,ocr/input_videos\上海__上海荟聚中心__20260826.mp4
OBS-000872,上海荟聚中心,有堂古·甘草水果·鲜榨果汁,有堂古·甘草水果·鲜榨果汁,水果店,3.9,29,LG2,rated,True,,rated,parsed,rating_anchor,0.9575,0.9607,48,8460,143.524,🌟🌟🌟🌟 | LG2 | 水果店￥29/人 | 3.9,有堂古·甘草水果·鲜榨果汁 | 有空古 | -潮汕阿嫂 | 🌟🌟🌟🌟 | LG2 | 水果店￥29/人 | 3.9 | 点评榜单 | 长宁区水果店热门榜第1名 | 10:00营业 | 新鲜水果制作，热情服务卫生打包 | 3 | ￥22.8 | 8.9折 | ￥25.8 | 惠 | 【潮汕水果】尝鲜. | ￥0.5 | 2.5折 | 惠 | ￥22元代金券,ocr/input_videos\上海__上海荟聚中心__20260826.mp4
OBS-000873,上海荟聚中心,凯乐石Kailas,凯乐石Kailas,运动户外,4.8,1924,LG1,rated,True,,rated,parsed,rating_anchor,0.9691,0.9881,51,8460,143.524,LG1 | 🌟★★⭐🌟4.8 | 运动户外￥1924/人,凯乐石Kailas | KAILAS | LG1 | 🌟★★⭐🌟4.8 | 运动户外￥1924/人 | 点评榜单 | 北新泾/淞虹路运动户外好评榜第2名 | 10:00营业 | 配色惊艳，拍照超出片 | “,ocr/input_videos\上海__上海荟聚中心__20260826.mp4
OBS-000874,上海荟聚中心,德罗心DELORSIM,德罗心DELORSIM,面包蛋糕,4.4,138,LG1,rated,True,,rated,parsed,rating_anchor,0.985,0.9955,51,8496,144.135,LG1 | 🌟🌟🌟🌟 | 4.4面包蛋糕￥138/人 | ★,Delorsim | 德罗心DELORSIM | 德写心 | LG1 | 🌟🌟🌟🌟 | 4.4面包蛋糕￥138/人 | ★ | 点评榜单 | 北新泾/淞虹路面包蛋糕好评榜第3名 | 营业中 | 惠 | 4.2折 | ￥19.9 | ￥48 | 【双层系列】水果多.. | ￥459折 | ￥5050元代金券 | 惠,ocr/input_videos\上海__上海荟聚中心__20260826.mp4
OBS-000875,上海荟聚中心,有堂古·甘草水果·鲜榨果汁,有堂古·甘草水果·鲜榨果汁,水果店,3.9,29,LG2,rated,True,,rated,parsed,rating_anchor,0.9665,0.956,54,8496,144.135,🌟🌟🌟🌟⭐ | LG2 | 3.9水果店￥29/人,有堂古·甘草水果·鲜榨果汁 | 有堂士 | 🌟🌟🌟🌟⭐ | LG2 | 3.9水果店￥29/人 | 点评榜单 | 长宁区水果店热门榜第1名 | 10:00营业 | 新鲜水果制作，热情服务卫生打包 | ￥22.8 | 8.9折 | ￥25.8 | 惠 | 【潮汕水果】尝鲜. | ￥0.5 | 2.5折 | 惠 | ￥22元代金券,ocr/input_videos\上海__上海荟聚中心__20260826.mp4
OBS-000876,上海荟聚中心,凯乐石Kailas,凯乐石Kailas,运动户外,4.8,1924,LG1,rated,True,,rated,parsed,rating_anchor,0.9784,0.9975,52,8496,144.135,LG1 | 🌟🌟🎉🎉4.8 | 运动户外￥1924/人,凯乐石Kailas | KAILAS | LG1 | 🌟🌟🎉🎉4.8 | 运动户外￥1924/人 | 点评榜单 | 北新泾/淞虹路运动户外好评榜第2名 | 10:00营业 | 配色惊艳，拍照超出” | “,ocr/input_videos\上海__上海荟聚中心__20260826.mp4
OBS-000877,上海荟聚中心,歌娜思巧克力,歌娜思巧克力,甜品,,,L3,new_store,False,new_store,ocr_missing,parsed,metadata_anchor,0.9998,0.9996,52,8496,144.135,新店 | 甜品 | L3,歌娜思巧克力 | 新店 | 甜品 | L3 | 10:00营业 | ￥39.6 | ￥122 | 3.3折 | 【新店特惠】歌娜…. | 惠 | ￥858.5折 | ￥100100元代金券 | 惠,ocr/input_videos\上海__上海荟聚中心__20260826.mp4
OBS-000878,上海荟聚中心,很久以前羊肉串,很久以前羊肉串,烤串,4.9,92,L4,rated,True,,rated,parsed,rating_anchor,0.9659,0.9984,51,8496,144.135,烤串￥92/人 | L4 | ★★★★窗 | 4.9,很久以前羊肉串 | 烤串￥92/人 | L4 | ★★★★窗 | 4.9 | 点评榜单 | 北新泾/淞虹路烧烤烤串热门榜第1名,ocr/input_videos\上海__上海荟聚中心__20260826.mp4
OBS-000879,上海荟聚中心,'@夕UDCLUKOIIMI,'@夕UDCLUKOIIMI,面包蛋糕,4.4,138,LG1,rated,True,,rated,parsed,rating_anchor,0.8527,0.7338,33,8556,145.153,LG1 | 🌟🌟⭐🌟 | 面包蛋糕￥138/人 | 4.4 | ★,'@夕UDCLUKOIIMI | LG1 | 🌟🌟⭐🌟 | 面包蛋糕￥138/人 | 4.4 | ★ | 点评榜单 | 北新泾/淞虹路面包蛋糕好评榜第3名 | 营业中 | ￥19.9 | 4.2折 | ￥48 | 【双层系列】水果多.. | 惠 | ￥459折 | 惠 | ￥5050元代金券,ocr/input_videos\上海__上海荟聚中心__20260826.mp4
OBS-000880,上海荟聚中心,有堂古·甘草水果·鲜榨果汁,有堂古·甘草水果·鲜榨果汁,水果店,3.9,29,LG2,rated,True,,rated,parsed,rating_anchor,0.9548,0.936,50,8556,145.153,🌟🌟🎉🌟🌟 | LG2 | 水果店￥29/人 | 3.9,有型古 | 有堂古·甘草水果·鲜榨果汁 | 一潮汕阿嬤 | 🌟🌟🎉🌟🌟 | LG2 | 水果店￥29/人 | 3.9 | 点评榜单 | 长宁区水果店热门榜第1名 | 10:00营业 | 新鲜水果制作，热情服务卫生打包 | ￥25.8 | ￥22.8 | 8.9折 | 惠 | 【潮汕水果】尝鲜.. | ￥0.5 | 2.5折 | 惠 | ￥22元代金券,ocr/input_videos\上海__上海荟聚中心__20260826.mp4
OBS-000881,上海荟聚中心,凯乐石Kailas,凯乐石Kailas,运动户外,,1924,LG1,unknown,True,,ocr_missing,parsed,metadata_anchor,0.9747,0.9985,52,8556,145.153,🌟🌟🌟🌟🌟 | LG1 | 运动户外￥1924/人 | 14.8,凯乐石Kailas | KAILAS | 🌟🌟🌟🌟🌟 | LG1 | 运动户外￥1924/人 | 14.8 | 点评榜单 | 北新泾/淞虹路运动户外好评榜第2名 | 10:00营业 | 配色惊艳，拍照超出片 | “ | 5,ocr/input_videos\上海__上海荟聚中心__20260826.mp4
OBS-000882,上海荟聚中心,歌娜思巧克力,歌娜思巧克力,甜品,,,L3,new_store,False,new_store,ocr_missing,parsed,metadata_anchor,0.9997,0.9994,58,8556,145.153,甜品 | 新店 | L3,歌娜思巧克力 | 甜品 | 新店 | L3 | 1 | 10:00营业 | ￥39.63.3折 | ￥122 | 【新店特惠】歌娜.. | 惠 | ￥85 | 惠 | 8.5折 | ￥100100元代金券,ocr/input_videos\上海__上海荟聚中心__20260826.mp4
OBS-000883,上海荟聚中心,很久以前羊肉串,很久以前羊肉串,烤串,4.9,92,L4,rated,True,,rated,parsed,rating_anchor,0.9681,0.9999,50,8556,145.153,4.9烤串￥92/人 | L4,很久以前羊肉串 | 4.9烤串￥92/人 | L4 | 点评榜单 | 北新泾/淞虹路烧烤烤串热门榜第1名,ocr/input_videos\上海__上海荟聚中心__20260826.mp4
OBS-000884,上海荟聚中心,凯乐石Kailas,凯乐石Kailas,运动户外,4.8,1924,LG1,rated,True,,rated,parsed,rating_anchor,0.9571,0.9524,55,8592,145.763,🌟🌟⭐⭐🌟 | LG1 | 4.8 | 运动户外￥1924/人,凯乐石Kailas | KAILAS | 🌟🌟⭐⭐🌟 | LG1 | 4.8 | 运动户外￥1924/人 | 点评榜单 | 北新泾/淞虹路运动户外好评榜第2名 | 10:00营业 | 配色惊艳，拍照超出片 | “,ocr/input_videos\上海__上海荟聚中心__20260826.mp4
OBS-000885,上海荟聚中心,歌娜思巧克力,歌娜思巧克力,甜品,,,L3,new_store,False,new_store,ocr_missing,parsed,metadata_anchor,0.9996,0.9993,55,8592,145.763,甜品 | 新店 | L3,歌娜思巧克力 | 甜品 | 新店 | L3 | 10:00营业 | ￥39.6 | ￥122 | 3.3折 | 【新店特惠】 | 歌娜... | 惠 | ￥858.5折 | 惠 | ￥100100元代金券,ocr/input_videos\上海__上海荟聚中心__20260826.mp4
OBS-000886,上海荟聚中心,很久以前羊肉串,很久以前羊肉串,烤串,4.9,92,L4,rated,True,,rated,parsed,rating_anchor,0.9748,0.9998,52,8592,145.763,🌟🌟⭐🌟🌟 | 烤串￥92/人 | L4 | 4.9,很久以前羊肉串 | 🌟🌟⭐🌟🌟 | 烤串￥92/人 | L4 | 4.9 | 点评榜单 | 北新泾/淞虹路烧烤烤串热门榜第1名 | 全国100+直营店,ocr/input_videos\上海__上海荟聚中心__20260826.mp4
OBS-000887,上海荟聚中心,Benchmark攀岩馆,Benchmark攀岩馆,攀岩馆,4.5,,L3,rated,True,,rated,parsed,rating_anchor,0.9974,0.9955,55,8592,145.763,🌟🌟🌟⭐🌟 | L3 | 攀岩馆 | 4.5,Benchmark攀岩馆 | 🌟🌟🌟⭐🌟 | L3 | 攀岩馆 | 4.5 | 长宁区休闲运动销量榜第3名 | 10:00营业 | 惠 | ￥10￥15攀岩鞋租赁,ocr/input_videos\上海__上海荟聚中心__20260826.mp4
OBS-000888,上海荟聚中心,宜家小餐馆,宜家小餐馆,西餐,4.4,25,L1,rated,True,,rated,parsed,rating_anchor,0.9708,0.9902,58,8592,145.763,L1 | 🌟🌟🌟⭐ | 西餐￥25/人 | 4.4 | ★,宜家小餐馆 | 仲夏派对 | 这就是瑞典 | L1 | 🌟🌟🌟⭐ | 西餐￥25/人 | 4.4 | ★ | 点评榜单 | 北新泾/淞虹路西餐环境榜第10名 | Hej! | 10:00营业,ocr/input_videos\上海__上海荟聚中心__20260826.mp4
OBS-000889,上海荟聚中心,凯乐石Kailas,凯乐石Kailas,运动户外,4.8,1924,LG1,rated,True,,rated,parsed,rating_anchor,0.9777,0.9988,52,8616,146.171,LG1 | 🌟🌟⭐🌟🌟 | 4.8 | 运动户外￥1924/人,凯乐石Kailas | KAILAS | LG1 | 🌟🌟⭐🌟🌟 | 4.8 | 运动户外￥1924/人 | 点评榜单 | 北新泾/淞虹路运动户外好评榜第2名 | 10:00营业 | 配色惊艳，拍照超出片 | 3 | Ｓ,ocr/input_videos\上海__上海荟聚中心__20260826.mp4
OBS-000890,上海荟聚中心,歌娜思巧克力,歌娜思巧克力,甜品,,,L3,new_store,False,new_store,ocr_missing,parsed,metadata_anchor,0.9998,0.9995,54,8616,146.171,甜品 | 新店 | L3,歌娜思巧克力 | 甜品 | 新店 | L3 | 10:00营业 | ￥39.6 | ￥122 | 惠 | 3.3折 | 【新店特惠】歌娜.. | 8.5折 | ￥85 | 惠 | ￥100100元代金券,ocr/input_videos\上海__上海荟聚中心__20260826.mp4
OBS-000891,上海荟聚中心,很久以前羊肉串,很久以前羊肉串,烤串,4.9,92,L4,rated,True,,rated,parsed,rating_anchor,0.9999,0.9998,52,8616,146.171,烤串 | L4 | 🌟🌟🌟🌟🎉 | ￥92/人 | 4.9,很久以前羊肉串 | 烤串 | L4 | 🌟🌟🌟🌟🎉 | ￥92/人 | 4.9 | 点评榜单 | 北新泾/淞虹路烧烤烤串热门榜第1名 | 全国100+直营店,ocr/input_videos\上海__上海荟聚中心__20260826.mp4
OBS-000892,上海荟聚中心,Benchmark攀岩馆,Benchmark攀岩馆,攀岩馆,4.5,,L3,rated,True,,rated,parsed,rating_anchor,0.9991,0.9991,54,8616,146.171,L3 | 🌟🌟⭐🌟 | 攀岩馆 | 4.5,Benchmark攀岩馆 | L3 | 🌟🌟⭐🌟 | 攀岩馆 | 4.5 | 长宁区休闲运动销量榜第3名 | 10:00营业 | ￥10￥15攀岩鞋租赁 | 惠,ocr/input_videos\上海__上海荟聚中心__20260826.mp4
OBS-000893,上海荟聚中心,宜家小餐馆,宜家小餐馆,西餐,4.4,25,L1,rated,True,,rated,parsed,rating_anchor,0.9671,0.981,55,8616,146.171,🌟🌟🌟🌟 | L1 | 西餐￥25/人 | 4.4,仲夏派对 | 宜家小餐馆 | 这就是瑞典 | 🌟🌟🌟🌟 | L1 | 西餐￥25/人 | 4.4 | 点评榜单 | 北新泾/淞虹路西餐环境榜第10名 | Hei! | 10:00营业,ocr/input_videos\上海__上海荟聚中心__20260826.mp4
OBS-000894,上海荟聚中心,歌娜思巧克力,歌娜思巧克力,甜品,,,L3,new_store,False,new_store,ocr_missing,parsed,metadata_anchor,0.9997,0.9994,58,8712,147.799,甜品 | 新店 | L3,歌娜思巧克力 | 甜品 | 新店 | L3 | 10:00营业 | ￥122 | 3.3折 | ￥39.6 | 歌娜... | 惠 | 【新店特惠】 | ￥85 | 惠 | 8.5折 | ￥100100元代金券,ocr/input_videos\上海__上海荟聚中心__20260826.mp4
OBS-000895,上海荟聚中心,很久以前羊肉串,很久以前羊肉串,烤串,4.9,92,L4,rated,True,,rated,parsed,rating_anchor,0.9699,0.9998,56,8712,147.799,烤串￥92/人 | L4 | ⭐🌟⭐⭐⭐4.9,很久以前羊肉串 | 烤串￥92/人 | L4 | ⭐🌟⭐⭐⭐4.9 | 点评榜单 | 北新泾/淞虹路烧烤烤串热门榜第1名 | 全国100+直营店,ocr/input_videos\上海__上海荟聚中心__20260826.mp4
OBS-000896,上海荟聚中心,Benchmark攀岩馆,Benchmark攀岩馆,攀岩馆,4.5,,L3,rated,True,,rated,parsed,rating_anchor,0.9987,0.9981,55,8712,147.799,攀岩馆 | L3 | 🌟🌟⭐🌟🌟 | 4.5,Benchmark攀岩馆 | 攀岩馆 | L3 | 🌟🌟⭐🌟🌟 | 4.5 | 长宁区休闲运动销量榜第3名 | 10:00营业 | ￥10￥15攀岩鞋租赁 | 惠,ocr/input_videos\上海__上海荟聚中心__20260826.mp4
OBS-000897,上海荟聚中心,宜家小餐馆,宜家小餐馆,西餐,4.4,25,L1,rated,True,,rated,parsed,rating_anchor,0.9744,0.9913,58,8712,147.799,西餐￥25/人 | L1 | 🌟🌟⭐⭐ | 4.4,仲夏派对 | 宜家小餐馆 | 这就是瑞典 | 西餐￥25/人 | L1 | 🌟🌟⭐⭐ | 4.4 | 点评榜单 | 北新泾/淞虹路西餐环境榜第10名 | Hej! | 10:00营业,ocr/input_videos\上海__上海荟聚中心__20260826.mp4
OBS-000898,上海荟聚中心,阿亮宁波菜,阿亮宁波菜,浙菜,3.9,106,LG2,rated,True,,rated,parsed,rating_anchor,0.9459,0.9994,59,8712,147.799,LG2 | ⭐3.9浙菜￥106/人,阿亮宁波菜 | 阿亮 | LG2 | ⭐3.9浙菜￥106/人 | 宁波菜 | SEA FOOD | 10:00营业,ocr/input_videos\上海__上海荟聚中心__20260826.mp4
OBS-000899,上海荟聚中心,Benchmark攀岩馆,Benchmark攀岩馆,攀岩馆,4.5,,L3,rated,True,,rated,parsed,rating_anchor,0.9989,0.9991,54,8808,149.428,L3 | 攀岩馆 | 🌟🌟🌟🌟🌟 | 4.5,Benchmark攀岩馆 | L3 | 攀岩馆 | 🌟🌟🌟🌟🌟 | 4.5 | 长宁区休闲运动销量榜第3名 | 10:00营业 | ￥10￥15攀岩鞋租赁 | 惠,ocr/input_videos\上海__上海荟聚中心__20260826.mp4
OBS-000900,上海荟聚中心,宜家小餐馆,宜家小餐馆,西餐,4.4,25,L1,rated,True,,rated,parsed,rating_anchor,0.9712,0.9931,55,8808,149.428,🌟🌟⭐⭐ | L1 | 西餐￥25/人 | 4.4,仲夏派对 | 宜家小餐馆 | 这就是瑞典 | 🌟🌟⭐⭐ | L1 | 西餐￥25/人 | 4.4 | 点评榜单 | 北新泾/淞虹路西餐环境榜第10名 | Hej! | 10:00营业,ocr/input_videos\上海__上海荟聚中心__20260826.mp4
OBS-000901,上海荟聚中心,阿亮宁波菜,阿亮宁波菜,浙菜,3.9,106,LG2,rated,True,,rated,parsed,rating_anchor,0.9745,0.9996,52,8808,149.428,LG2 | ⭐🌟🌈🌟⭐3.9 | 浙菜￥106/人,阿亮宁波菜 | 阿亮 | LG2 | ⭐🌟🌈🌟⭐3.9 | 浙菜￥106/人 | 宁波菜 | SEA FOOD | 10:00营业,ocr/input_videos\上海__上海荟聚中心__20260826.mp4
OBS-000902,上海荟聚中心,Calvin Klein Jeans,CalvinKleinJeans,服饰鞋包,4.2,,L1,rated,True,,rated,parsed,rating_anchor,0.9893,0.9792,52,8808,149.428,🌟🌟🌟🎉 | 服饰鞋包 | L1 | 4.2 | ★,Calvin Klein Jeans | 🌟🌟🌟🎉 | 服饰鞋包 | L1 | 4.2 | ★ | Calvin Klein | 版型巨好，搭配帽子很时尚 | C | 10:00营业,ocr/input_videos\上海__上海荟聚中心__20260826.mp4
OBS-000903,上海荟聚中心,Maki house寿司,Makihouse寿司,寿司,4.7,132,LG1,rated,True,,rated,parsed,rating_anchor,0.9673,0.9724,50,8808,149.428,LG1 | 🌟🌟🎉🌟🌟 | 寿司￥132/人 | 4.7,Maki house寿司 | LG1 | 🌟🌟🎉🌟🌟 | 寿司￥132/人 | 4.7 | 点评榜单 | 长宁区寿司好评榜第1名 | 鲜甜口味，火爆生意，实惠价格 | “,ocr/input_videos\上海__上海荟聚中心__20260826.mp4
OBS-000904,上海荟聚中心,町田商店·浓厚家系拉面,町田商店·浓厚家系拉面,日式面条,3.9,47,LG2,rated,True,,rated,parsed,rating_anchor,0.9531,0.9546,53,8808,149.428,🌟🌟⭐ | LG2 | 日式面条￥47/人 | 3.9,町田商店·浓厚家系拉面 | 2026 | 🌟🌟⭐ | LG2 | 日式面条￥47/人 | 3.9 | 面王挑战赛 | 冠军 | 27354.,ocr/input_videos\上海__上海荟聚中心__20260826.mp4
OBS-000905,上海荟聚中心,宜家小餐馆,宜家小餐馆,西餐,4.4,25,L1,rated,True,,rated,parsed,rating_anchor,0.9715,0.9917,52,8880,150.649,🌟🌟⭐⭐ | L1 | 西餐￥25/人 | 4.4,仲夏派对 | 宜家小餐馆 | 这就是瑞典 | 🌟🌟⭐⭐ | L1 | 西餐￥25/人 | 4.4 | 点评榜单 | 北新泾/淞虹路西餐环境榜第10名 | Hei! | 10:00营业,ocr/input_videos\上海__上海荟聚中心__20260826.mp4
OBS-000906,上海荟聚中心,阿亮宁波菜,阿亮宁波菜,浙菜,3.9,106,LG2,rated,True,,rated,parsed,rating_anchor,0.974,0.9995,54,8880,150.649,LG2 | 🌟🌟🎉🌟🌟 | 浙菜￥106/人 | 3.9,阿亮宁波菜 | 阿亮 | LG2 | 🌟🌟🎉🌟🌟 | 浙菜￥106/人 | 3.9 | 宁波菜 | SEA FOOD | 10:00营业,ocr/input_videos\上海__上海荟聚中心__20260826.mp4
OBS-000907,上海荟聚中心,Calvin Klein Jeans,CalvinKleinJeans,服饰鞋包,4.2,,L1,rated,True,,rated,parsed,rating_anchor,0.9885,0.9776,53,8880,150.649,🌟🌟⭐⭐ | 服饰鞋包 | L1 | 4.2 | ★,Calvin Klein Jeans | 🌟🌟⭐⭐ | 服饰鞋包 | L1 | 4.2 | ★ | Calvin Klein | 版型巨好，搭配帽子很时尚 | C | 1 | 10:00营业,ocr/input_videos\上海__上海荟聚中心__20260826.mp4
OBS-000908,上海荟聚中心,Maki house寿司,Makihouse寿司,寿司,4.7,132,LG1,rated,True,,rated,parsed,rating_anchor,0.9719,0.9756,50,8880,150.649,LG1 | 4.7寿司￥132/人 | 🌟🌟🌟🌟🌟,Maki house寿司 | LG1 | 4.7寿司￥132/人 | 🌟🌟🌟🌟🌟 | 点评榜单 | 长宁区寿司好评榜第1名 | 鲜甜口味，火爆生意，实惠价格 | “,ocr/input_videos\上海__上海荟聚中心__20260826.mp4
OBS-000909,上海荟聚中心,町田商店·浓厚家系拉面,町田商店·浓厚家系拉面,日式面条,3.9,47,LG2,rated,True,,rated,parsed,rating_anchor,0.9527,0.9536,50,8880,150.649,⭐🌟🌟🌟🌟 | LG2 | 日式面条￥47/人 | 3.9,町田商店·浓厚家系拉面 | 2026 | ⭐🌟🌟🌟🌟 | LG2 | 日式面条￥47/人 | 3.9 | 虚面王挑战赛 | 冠军,ocr/input_videos\上海__上海荟聚中心__20260826.mp4
OBS-000910,上海荟聚中心,GARMIN佳明,GARMIN佳明,品,,3239,L1,unknown,True,,ocr_missing,parsed,metadata_anchor,0.9558,0.9975,51,8880,150.649,L1 | 🌟🌟🌟⭐🌟 | 品￥3239/人 | 数码产品 | 14.8,GARMIN佳明 | L1 | 🌟🌟🌟⭐🌟 | 品￥3239/人 | 数码产品 | 14.8 | GARMIN | 专业运动手表，GPS定位安心 | 3 | 10:00营业,ocr/input_videos\上海__上海荟聚中心__20260826.mp4
OBS-000911,上海荟聚中心,阿亮宁波菜,阿亮宁波菜,浙菜,3.9,106,LG2,rated,True,,rated,parsed,rating_anchor,0.9845,0.9997,55,8916,151.26,LG2 | 🌟🌟🌟💥🌟 | 3.9浙菜￥106/人,阿亮宁波菜 | 阿亮 | LG2 | 🌟🌟🌟💥🌟 | 3.9浙菜￥106/人 | 宁波菜 | SEA FOOD | 10:00营业,ocr/input_videos\上海__上海荟聚中心__20260826.mp4
OBS-000912,上海荟聚中心,Calvin Klein Jeans,CalvinKleinJeans,服饰鞋包,4.2,,L1,rated,True,,rated,parsed,rating_anchor,0.9979,0.9962,51,8916,151.26,⭐🌟🌟⭐ | L1 | 服饰鞋包 | 4.2,Calvin Klein Jeans | ⭐🌟🌟⭐ | L1 | 服饰鞋包 | 4.2 | Calvin Klein | 版型巨好，搭配帽子很时尚 | 10:00营业,ocr/input_videos\上海__上海荟聚中心__20260826.mp4
OBS-000913,上海荟聚中心,Maki house寿司,Makihouse寿司,寿司,4.7,132,LG1,rated,True,,rated,parsed,rating_anchor,0.9754,0.9927,52,8916,151.26,LG1 | 🌟⭐⭐🌟 | 寿司￥132/人 | 4.7,Maki house寿司 | LG1 | 🌟⭐⭐🌟 | 寿司￥132/人 | 4.7 | 点评榜单 | 长宁区寿司好评榜第1名 | 鲜甜口味，火爆生意，实惠价格,ocr/input_videos\上海__上海荟聚中心__20260826.mp4
OBS-000914,上海荟聚中心,町田商店·浓厚家系拉面,町田商店·浓厚家系拉面,日式面条,3.9,47,LG2,rated,True,,rated,parsed,rating_anchor,0.9488,0.9488,53,8916,151.26,LG2 | 🌟🌟🌟🌟🌟 | 日式面条￥47/人 | 3.9,町田商店·浓厚家系拉面 | 2026 | LG2 | 🌟🌟🌟🌟🌟 | 日式面条￥47/人 | 3.9 | 拉面王挑战赛 | 冠军 | 27354,ocr/input_videos\上海__上海荟聚中心__20260826.mp4
OBS-000915,上海荟聚中心,GARMIN佳明,GARMIN佳明,数码产品,4.8,3239,L1,rated,True,,rated,parsed,rating_anchor,0.9986,0.9973,50,8916,151.26,数码产品 | L1 | 🌟🌟🌟🌟🌟 | ￥3239/人 | 4.8,GARMIN佳明 | 数码产品 | L1 | 🌟🌟🌟🌟🌟 | ￥3239/人 | 4.8 | GARMIN | “专业运动表，GPS定位安” | “ | 10:00营业 | ￥4.9￥203 | 惠 | 到店贴膜-佳明255,ocr/input_videos\上海__上海荟聚中心__20260826.mp4
OBS-000916,上海荟聚中心,金匠寿司,金匠寿司,寿司,4.4,104,L3,rated,True,,rated,parsed,rating_anchor,0.9931,0.9999,56,8916,151.26,4.4寿司 | L3 | ￥104/人 | ★★★★ | ★,1月20日 | 金匠寿司 | 白 | 2勒快上新 | 4.4寿司 | L3 | ￥104/人 | ★★★★ | ★,ocr/input_videos\上海__上海荟聚中心__20260826.mp4
OBS-000917,上海荟聚中心,Calvin Klein Jeans,CalvinKleinJeans,服饰鞋包,4.2,,L1,rated,True,,rated,parsed,rating_anchor,0.9802,0.9609,55,9012,152.889,L1 | 🌟🌟⭐🌟 | 服饰鞋包 | 4.2,Calvin Klein Jeans | L1 | 🌟🌟⭐🌟 | 服饰鞋包 | 4.2 | Calvin Klein | 版型巨好，搭配帽子很时尚” | 10:00营业,ocr/input_videos\上海__上海荟聚中心__20260826.mp4
OBS-000918,上海荟聚中心,Maki house寿司,Makihouse寿司,寿司,4.7,132,LG1,rated,True,,rated,parsed,rating_anchor,0.9626,0.9838,56,9012,152.889,LG1 | 🌟🌟🌟⭐🌟 | 4.7 | 寿司￥132/人,Maki house寿司 | LG1 | 🌟🌟🌟⭐🌟 | 4.7 | 寿司￥132/人 | 点评榜单 | 长宁区寿司好评榜第1名 | 鲜甜味，火爆意，实惠价格”,ocr/input_videos\上海__上海荟聚中心__20260826.mp4
OBS-000919,上海荟聚中心,町田商店·浓厚家系拉面,町田商店·浓厚家系拉面,日式面条,3.9,47,LG2,rated,True,,rated,parsed,rating_anchor,0.9182,0.9567,53,9012,152.889,LG2 | ★★★🌟★ | 3.9 | 日式面条￥47/人,町田商店·浓厚家系拉面 | 2026 | LG2 | ★★★🌟★ | 3.9 | 日式面条￥47/人 | 上海抗面王挑战赛 | 冠军 | 2735年,ocr/input_videos\上海__上海荟聚中心__20260826.mp4
OBS-000920,上海荟聚中心,GARMIN佳明,GARMIN佳明,数码产品,4.8,3239,L1,rated,True,,rated,parsed,rating_anchor,0.9574,0.9435,52,9012,152.889,L1 | 🌟🌟🌟🌟🌟 | 数码产品￥3239/人 | 4.8,GARMIN佳明 | L1 | 🌟🌟🌟🌟🌟 | 数码产品￥3239/人 | 4.8 | GARMIN | 专业运动表，GPS定位安” | “ | 10:00营业 | ￥4.9￥20 | 惠 | 到店贴膜-佳明255,ocr/input_videos\上海__上海荟聚中心__20260826.mp4
OBS-000921,上海荟聚中心,金匠寿司,金匠寿司,寿司,4.4,104,L3,rated,True,,rated,parsed,rating_anchor,0.9843,0.9998,57,9012,152.889,🌟🌟🌟🌟 | L3 | 4.4寿司￥104/人,1月20日 | 金匠寿司 | 快上新 | 🌟🌟🌟🌟 | L3 | 4.4寿司￥104/人 | 点评榜单 | 北新泾/淞虹路日式料理打卡人气榜第1名,ocr/input_videos\上海__上海荟聚中心__20260826.mp4
OBS-000922,上海荟聚中心,和刘园云南餐厅·野生菌火锅·米线...,和刘园云南餐厅·野生菌火锅·米线,云南菜滇菜,,106,L3,new_store,False,new_store,ocr_missing,parsed,metadata_anchor,0.9735,0.9528,57,9012,152.889,新店 | L3 | 云南菜滇菜 | ￥106/人,和刘园云南餐厅·野生菌火锅·米线... | 新店 | L3 | 云南菜滇菜 | ￥106/人 | 卢证境单 | 宁区二南营速茅新店接等1名,ocr/input_videos\上海__上海荟聚中心__20260826.mp4
OBS-000923,上海荟聚中心,Maki house寿司,Makihouse寿司,寿司,4.7,132,LG1,rated,True,,rated,parsed,rating_anchor,0.983,0.9922,51,9048,153.499,LG1 | 🌟🌟🎉🌟 | 4.7寿司￥132/人,Maki house寿司 | LG1 | 🌟🌟🎉🌟 | 4.7寿司￥132/人 | 点评榜单 | 长宁区寿司好评榜第1名 | 鲜甜口味，火爆生意，实惠价格 | C,ocr/input_videos\上海__上海荟聚中心__20260826.mp4
OBS-000924,上海荟聚中心,町田商店·浓厚家系拉面,町田商店·浓厚家系拉面,日式面条,3.9,47,LG2,rated,True,,rated,parsed,rating_anchor,0.9459,0.9494,56,9048,153.499,⭐3.9日式面条￥47/人 | LG2,町田商店·浓厚家系拉面 | 2026 | ⭐3.9日式面条￥47/人 | LG2 | 海家面王挑战赛 | 冠军 | 21354.,ocr/input_videos\上海__上海荟聚中心__20260826.mp4
OBS-000925,上海荟聚中心,GARMIN佳明,GARMIN佳明,数码产品,4.8,3239,L1,rated,True,,rated,parsed,rating_anchor,0.9807,0.9976,51,9048,153.499,⭐🌟🎉⭐🌟 | 数码产品￥3239/人 | L1 | 4.8,GARMIN佳明 | ⭐🌟🎉⭐🌟 | 数码产品￥3239/人 | L1 | 4.8 | GARMIN | 专业运动手表，GPS定位安心” | “ | 10:00营业 | ￥4.9￥20到店贴膜-佳明255 | 惠,ocr/input_videos\上海__上海荟聚中心__20260826.mp4
OBS-000926,上海荟聚中心,金匠寿司,金匠寿司,寿司,4.4,104,L3,rated,True,,rated,parsed,rating_anchor,0.9751,0.9999,56,9048,153.499,L3 | ★★★★ | 4.4寿司￥104/人,1月20日 | 金匠寿司 | 物快上新 | L3 | ★★★★ | 4.4寿司￥104/人 | 点评榜单 | 北新泾/淞虹路日式料理打卡人气榜第1名,ocr/input_videos\上海__上海荟聚中心__20260826.mp4
OBS-000927,上海荟聚中心,和刘园云南餐厅·野生菌火锅·米线...,和刘园云南餐厅·野生菌火锅·米线,云南菜|滇菜,,106,L3,new_store,False,new_store,ocr_missing,parsed,metadata_anchor,0.9565,0.9589,60,9048,153.499,新店 | 云南菜|滇菜￥106/人 | L3,和刘园云南餐厅·野生菌火锅·米线... | 新店 | 云南菜|滇菜￥106/人 | L3 | 点评榜单 | 长宁区云南菜|滇菜新店榜第1名 | 10:30营业,ocr/input_videos\上海__上海荟聚中心__20260826.mp4
OBS-000928,上海荟聚中心,泰普尔TEMPUR床垫,泰普尔TEMPUR床垫,成品家具,3.8,,L3,rated,True,,rated,parsed,rating_anchor,0.956,0.9969,54,9048,153.499,⭐⭐3.8成品家具 | L3,泰普尔TEMPUR床垫 | TEMPUR | ⭐⭐3.8成品家具 | L3 | 泰普尔枕头缓解颈椎疲劳，购物体验不错,ocr/input_videos\上海__上海荟聚中心__20260826.mp4
OBS-000929,上海荟聚中心,Maki house寿司,Makihouse寿司,寿司,4.7,132,LG1,rated,True,,rated,parsed,rating_anchor,0.9743,0.9878,51,9120,154.721,LG1 | ★★★★★ | 寿司￥132/人 | 4.7,Maki house寿司 | LG1 | ★★★★★ | 寿司￥132/人 | 4.7 | 点评榜单 | 长宁区寿司好评榜第1名 | 鲜甜口味，火爆生意，实惠价格,ocr/input_videos\上海__上海荟聚中心__20260826.mp4
OBS-000930,上海荟聚中心,町田商店·浓厚家系拉面,町田商店·浓厚家系拉面,日式面条,3.9,47,LG2,rated,True,,rated,parsed,rating_anchor,0.9196,0.9407,56,9120,154.721,★3.9日式面条￥47/人 | LG2,町田商店·浓厚家系拉面 | 2026 | ★3.9日式面条￥47/人 | LG2 | 拉面王挑战赛 | 冠军 | 2725年,ocr/input_videos\上海__上海荟聚中心__20260826.mp4
OBS-000931,上海荟聚中心,GARMIN佳明,GARMIN佳明,数码产品,,3239,L1,unknown,True,,ocr_missing,parsed,metadata_anchor,0.9799,0.9969,48,9120,154.721,★★★★★ | L1 | 数码产品￥3239/人 | 14.8,GARMIN佳明 | ★★★★★ | L1 | 数码产品￥3239/人 | 14.8 | GARMIN | 专业运动手表，GPS定位安心” | “ | 10:00营业 | ￥4.9￥20到店贴膜-佳明255 | 惠,ocr/input_videos\上海__上海荟聚中心__20260826.mp4
OBS-000932,上海荟聚中心,金匠寿司,金匠寿司,寿司,4.4,104,L3,rated,True,,rated,parsed,rating_anchor,0.9818,0.9998,60,9120,154.721,🌟🌟⭐⭐ | L3 | 4.4寿司￥104/人,金匠寿司 | 1月20日 | 物快上新 | 🌟🌟⭐⭐ | L3 | 4.4寿司￥104/人 | 点评榜单 | 北新泾/淞虹路日式料理打卡人气榜第1名,ocr/input_videos\上海__上海荟聚中心__20260826.mp4
OBS-000933,上海荟聚中心,和刘园云南餐厅·野生菌火锅·米线...,和刘园云南餐厅·野生菌火锅·米线,云南菜|滇菜,,106,L3,new_store,False,new_store,ocr_missing,parsed,metadata_anchor,0.9499,0.9495,57,9120,154.721,L3 | 新店 | 云南菜|滇菜￥106/人,和刘园云南餐厅·野生菌火锅·米线... | L3 | 新店 | 云南菜|滇菜￥106/人 | 点评榜单 | 长宁区云南菜|滇菜新店榜第1名 | 10:30营业,ocr/input_videos\上海__上海荟聚中心__20260826.mp4
OBS-000934,上海荟聚中心,泰普尔TEMPUR床垫,泰普尔TEMPUR床垫,成品家具,3.8,,L3,rated,True,,rated,parsed,rating_anchor,0.9571,0.9977,56,9120,154.721,⭐⭐3.8成品家具 | L3,泰普尔TEMPUR床垫 | 35 | TEMPUR | ⭐⭐3.8成品家具 | L3 | 泰普尔枕头缓解颈椎疲劳，购物体验不错 | 10:00营业,ocr/input_videos\上海__上海荟聚中心__20260826.mp4
OBS-000935,上海荟聚中心,GARMIN佳明,GARMIN佳明,数码产品,4.8,3239,L1,rated,True,,rated,parsed,rating_anchor,0.9809,0.9977,52,9156,155.332,L1 | ⭐⭐⭐4.8 | 数码产品￥3239/人,GARMIN佳明 | L1 | ⭐⭐⭐4.8 | 数码产品￥3239/人 | GARMIN | 专业运动手表，GPS定位安心” | 10:00营业 | ￥4.9￥20到店贴膜-佳明255 | 惠,ocr/input_videos\上海__上海荟聚中心__20260826.mp4
OBS-000936,上海荟聚中心,金匠寿司,金匠寿司,寿司,4.4,104,L3,rated,True,,rated,parsed,rating_anchor,0.9788,0.9998,56,9156,155.332,L3 | ★★★★ | 4.4寿司￥104/人,1月20日 | 金匠寿司 | 上新 | L3 | ★★★★ | 4.4寿司￥104/人 | 三 | 点评榜单 | 北新泾/淞虹路日式料理打卡人气榜第1名,ocr/input_videos\上海__上海荟聚中心__20260826.mp4
OBS-000937,上海荟聚中心,和刘园云南餐厅·野生菌火锅·米线...,和刘园云南餐厅·野生菌火锅·米线,云南菜|滇菜,,106,L3,new_store,False,new_store,ocr_missing,parsed,metadata_anchor,0.9463,0.9485,56,9156,155.332,新店 | L3 | 云南菜|滇菜￥106/人,和刘园云南餐厅·野生菌火锅·米线... | 新店 | L3 | 云南菜|滇菜￥106/人 | 点评榜单 | 长宁区云南菜滇菜新店榜第1名 | 10:30营业,ocr/input_videos\上海__上海荟聚中心__20260826.mp4
OBS-000938,上海荟聚中心,泰普尔TEMPUR床垫,泰普尔TEMPUR床垫,成品家具,3.8,,L3,rated,True,,rated,parsed,rating_anchor,0.9578,0.9974,53,9156,155.332,✨3.8成品家具 | L3,泰普尔TEMPUR床垫 | PEMPUR | 35 | ✨3.8成品家具 | L3 | 泰普尔枕头缓解颈椎疲劳，购物体验不错 | “ | 10:00营业 | ￥79￥210泰普尔枕头保护套枕套(千.. | 惠 | ￥9.9￥100代金券 | 惠,ocr/input_videos\上海__上海荟聚中心__20260826.mp4
OBS-000939,上海荟聚中心,费大厨辣椒炒肉,费大厨辣椒炒肉,湘菜,4.6,82,L3,rated,True,,rated,parsed,rating_anchor,0.978,0.9945,52,9156,155.332,湘菜￥82/人 | L3 | 🌟🌟🌟🌟🌟 | 4.6,费大厨辣椒炒肉 | 费大廚 | 湘菜￥82/人 | L3 | 🌟🌟🌟🌟🌟 | 4.6 | 辣椒炒肉 | 点评榜单 | 虹桥火车站/国展中心美食打卡人气榜.. | 国 | 炒 | 10:30营业 | “小炒牛肉嫩滑多汁，辣度适中 | 3 | 阿嬤手作,ocr/input_videos\上海__上海荟聚中心__20260826.mp4
OBS-000940,上海荟聚中心,GAKMIN王明,GAKMIN王明,数码产品,4.8,3239,L1,rated,True,,rated,parsed,rating_anchor,0.9419,0.9167,38,9228,156.553,★★★★窗 | L1 | 数码产品￥3239/人 | 4.8,GAKMIN王明 | ★★★★窗 | L1 | 数码产品￥3239/人 | 4.8 | GARMIN | 专业运动手表，GPS定位安心 | “ | 10:00营业 | ￥4.9￥20到店贴膜-佳明255 | 惠,ocr/input_videos\上海__上海荟聚中心__20260826.mp4
OBS-000941,上海荟聚中心,金匠寿司,金匠寿司,寿司,4.4,104,L3,rated,True,,rated,parsed,rating_anchor,0.9815,0.9998,57,9228,156.553,🌟🌟⭐⭐ | L3 | 4.4寿司￥104/人 | ￥,1月20日 | 金匠寿司 | 物快上新 | 🌟🌟⭐⭐ | L3 | 4.4寿司￥104/人 | ￥ | 点评榜单 | 北新泾/淞虹路日式料理打卡人气榜第1名,ocr/input_videos\上海__上海荟聚中心__20260826.mp4
OBS-000942,上海荟聚中心,和刘园云南餐厅·野生菌火锅·米线...,和刘园云南餐厅·野生菌火锅·米线,云南菜滇菜,,106,L3,new_store,False,new_store,ocr_missing,parsed,metadata_anchor,0.9597,0.9552,54,9228,156.553,新店 | L3 | 云南菜滇菜￥106/人,和刘园云南餐厅·野生菌火锅·米线... | 新店 | L3 | 云南菜滇菜￥106/人 | 点评榜单 | 长宁区云南菜|滇菜新店榜第1名 | 10:30营业,ocr/input_videos\上海__上海荟聚中心__20260826.mp4
OBS-000943,上海荟聚中心,泰普尔TEMPUR床垫,泰普尔TEMPUR床垫,成品家具,3.8,,L3,rated,True,,rated,parsed,rating_anchor,0.9388,0.9969,56,9228,156.553,⭐3.8成品家具 | L3,泰普尔TEMPUR床垫 | TEMPUR | ⭐3.8成品家具 | L3 | 泰普尔枕头缓解颈椎疲劳，购物体验不错 | 10:00营业 | ￥79￥210泰普尔枕头保护套枕套（千... | 惠 | ￥9.9￥100代金券 | 惠,ocr/input_videos\上海__上海荟聚中心__20260826.mp4
OBS-000944,上海荟聚中心,费大厨辣椒炒肉,费大厨辣椒炒肉,湘菜,4.6,82,L3,rated,True,,rated,parsed,rating_anchor,0.978,0.9868,52,9228,156.553,L3 | 🌟🌟⭐🌟🌟 | 4.6湘菜￥82/人,费大厨辣椒炒肉 | 费大廚 | L3 | 🌟🌟⭐🌟🌟 | 4.6湘菜￥82/人 | 辣椒炒肉 | 点评榜单 | 虹桥火车站/国展中心美食打卡人气榜... | 烟炒 | 10:30营业 | “小炒牛肉嫩滑多汁，辣度适中,ocr/input_videos\上海__上海荟聚中心__20260826.mp4
OBS-000945,上海荟聚中心,阿嬤手作,阿嬷手作,茶饮果汁,3.9,28,L1,rated,True,,rated,parsed,rating_anchor,0.9336,0.9077,56,9228,156.553,L1 | 茶饮果汁￥28/人 | 🌟🌟⭐🌟🌟 | 3.9,阿嬤手作 | L1 | 茶饮果汁￥28/人 | 🌟🌟⭐🌟🌟 | 3.9 | 阿概手作,ocr/input_videos\上海__上海荟聚中心__20260826.mp4
OBS-000946,上海荟聚中心,金匠寿司,金匠寿司,寿司,4.4,104,L3,rated,True,,rated,parsed,rating_anchor,0.9839,0.9997,53,9276,157.367,L3 | 🌟🌟⭐ | 4.4寿司￥104/人,1月20日 | 金匠寿司 | 物快上新 | - | L3 | 🌟🌟⭐ | 4.4寿司￥104/人 | 点评榜单 | 北新泾/淞虹路日式料理打卡人气榜第1名,ocr/input_videos\上海__上海荟聚中心__20260826.mp4
OBS-000947,上海荟聚中心,和刘园云南餐厅·野生菌火锅·米线...,和刘园云南餐厅·野生菌火锅·米线,云南菜|滇菜,,106,L3,new_store,False,new_store,ocr_missing,parsed,metadata_anchor,0.9415,0.9455,57,9276,157.367,新店 | 云南菜|滇菜￥106/人 | L3,和刘园云南餐厅·野生菌火锅·米线... | 新店 | 云南菜|滇菜￥106/人 | L3 | 点评榜单 | 长宁区云南菜|滇菜新店榜第1名 | 10:30营业,ocr/input_videos\上海__上海荟聚中心__20260826.mp4
OBS-000948,上海荟聚中心,泰普尔TEMPUR床垫,泰普尔TEMPUR床垫,成品家具,3.8,,L3,rated,True,,rated,parsed,rating_anchor,0.9502,0.9927,51,9276,157.367,⭐⭐3.8成品家具 | L3,泰普尔TEMPUR床垫 | TEMPUR | ⭐⭐3.8成品家具 | L3 | 泰普尔枕头缓解颈椎疲劳，购物体验不错 | 1 | 10:00营业 | ￥79￥210泰普尔枕头保护套枕套(千... | 惠 | ￥9.9￥100代金券 | 惠,ocr/input_videos\上海__上海荟聚中心__20260826.mp4
OBS-000949,上海荟聚中心,费大厨辣椒炒肉,费大厨辣椒炒肉,湘菜,4.6,82,L3,rated,True,,rated,parsed,rating_anchor,0.9765,0.9903,51,9276,157.367,L3 | 🌟🌟🌟⭐🌟 | 4.6湘菜￥82/人,费大厨辣椒炒肉 | 费大廚 | L3 | 🌟🌟🌟⭐🌟 | 4.6湘菜￥82/人 | 辣椒炒肉 | 点评榜单 | 虹桥火车站/国展中心美食打卡人气榜... | 精选果猪肉 | 10:30营业 | 小炒牛肉嫩滑多汁，辣度适中 | V,ocr/input_videos\上海__上海荟聚中心__20260826.mp4
OBS-000950,上海荟聚中心,阿嬤手作,阿嬷手作,茶饮果汁,3.9,28,L1,rated,True,,rated,parsed,rating_anchor,0.9333,0.9099,56,9276,157.367,🌟🌟🌟🌟🌟 | L1 | 3.9 | 茶饮果汁￥28/人,阿嬤手作 | 🌟🌟🌟🌟🌟 | L1 | 3.9 | 茶饮果汁￥28/人 | 阿嬤手作 | 点评榜单 | AH MA HANDMADE | 北新泾/淞虹路饮品热门榜第5名 | 10:00营业,ocr/input_videos\上海__上海荟聚中心__20260826.mp4
OBS-000951,上海荟聚中心,JACK&JONES,JACK&JONES,服饰鞋包,4.1,,LG1,rated,True,,rated,parsed,rating_anchor,0.9945,0.9897,43,9276,157.367,LG1 | 🌟🌟🌟 | 4.1服饰鞋包,JACK&JONES | JANES | LG1 | 🌟🌟🌟 | 4.1服饰鞋包,ocr/input_videos\上海__上海荟聚中心__20260826.mp4
OBS-000952,上海荟聚中心,金匠寿司,金匠寿司,寿司,4.4,104,L3,rated,True,,rated,parsed,rating_anchor,0.9799,0.9999,58,9288,157.571,L3 | 4.4寿司￥104/人 | ★★★★,金匠寿司 | 1月20日 | 畅快上新 | L3 | 4.4寿司￥104/人 | ★★★★ | 点评榜单 | 北新泾/淞虹路日式料理打卡人气榜第1名,ocr/input_videos\上海__上海荟聚中心__20260826.mp4
OBS-000953,上海荟聚中心,和刘园云南餐厅·野生菌火锅·米线...,和刘园云南餐厅·野生菌火锅·米线,云南菜滇菜,,106,L3,new_store,False,new_store,ocr_missing,parsed,metadata_anchor,0.945,0.9367,54,9288,157.571,新店 | L3 | 云南菜滇菜￥106/人,和刘园云南餐厅·野生菌火锅·米线... | 新店 | L3 | 云南菜滇菜￥106/人 | 点评榜单 | 长宁区云南菜|滇菜新店榜第1名 | 10:30营业,ocr/input_videos\上海__上海荟聚中心__20260826.mp4
OBS-000954,上海荟聚中心,泰普尔TEMPUR床垫,泰普尔TEMPUR床垫,成品家具,3.8,,L3,rated,True,,rated,parsed,rating_anchor,0.9294,0.9958,51,9288,157.571,⭐⭐3.8成品家具 | L3,泰普尔TEMPUR床垫 | 35 | YENPUR | ⭐⭐3.8成品家具 | L3 | 泰普尔枕头缓解颈椎疲劳，购物体验不错 | 10:00营业 | ￥79￥210泰普尔枕头保护套枕套（千.. | 惠 | ￥9.9￥100代金券 | 惠,ocr/input_videos\上海__上海荟聚中心__20260826.mp4
OBS-000955,上海荟聚中心,费大厨辣椒炒肉,费大厨辣椒炒肉,湘菜,4.6,82,L3,rated,True,,rated,parsed,rating_anchor,0.9768,0.9897,51,9288,157.571,L3 | ★★★★★ | 4.6湘菜￥82/人,费大厨辣椒炒肉 | 费大廚 | L3 | ★★★★★ | 4.6湘菜￥82/人 | 辣椒炒肉 | 点评榜单 | 虹桥火车站/国展中心美食打卡人气榜.. | 精选黑 | 10:30营业 | 小炒牛肉嫩滑多汁，辣度适中 | 2,ocr/input_videos\上海__上海荟聚中心__20260826.mp4
OBS-000956,上海荟聚中心,阿嬤手作,阿嬷手作,茶饮果汁,3.9,28,L1,rated,True,,rated,parsed,rating_anchor,0.9268,0.8925,56,9288,157.571,🌟🌟🌟⭐ | L1 | 茶饮果汁￥28/人 | 3.9,阿嬤手作 | 🌟🌟🌟⭐ | L1 | 茶饮果汁￥28/人 | 3.9 | 阿嬤手作 | 点评榜单 | AH MA HANDVADE | 北新泾/淞虹路饮品热门榜第5名 | 10:00营业,ocr/input_videos\上海__上海荟聚中心__20260826.mp4
OBS-000957,上海荟聚中心,JACK&JONES,JACK&JONES,服饰鞋包,4.1,,LG1,rated,True,,rated,parsed,rating_anchor,0.997,0.9952,41,9288,157.571,LG1 | 🌟🌟🌟⭐ | 4.1服饰鞋包 | ★,JACK&JONES | JARES | LG1 | 🌟🌟🌟⭐ | 4.1服饰鞋包 | ★,ocr/input_videos\上海__上海荟聚中心__20260826.mp4
OBS-000958,上海荟聚中心,和刘园云南餐厅·野生菌火锅·米线...,和刘园云南餐厅·野生菌火锅·米线,云南菜|滇菜,,106,L3,new_store,False,new_store,ocr_missing,parsed,metadata_anchor,0.9485,0.9528,57,9348,158.589,新店 | L3 | 云南菜|滇菜￥106/人,和刘园云南餐厅·野生菌火锅·米线... | 新店 | L3 | 云南菜|滇菜￥106/人 | 点评榜单 | 长宁区云南菜|滇菜新店榜第1名 | 10:30营业,ocr/input_videos\上海__上海荟聚中心__20260826.mp4
OBS-000959,上海荟聚中心,泰普尔TEMPUR床垫,泰普尔TEMPUR床垫,成品家具,3.8,,L3,rated,True,,rated,parsed,rating_anchor,0.9572,0.997,50,9348,158.589,⭐3.8成品家具 | L3,泰普尔TEMPUR床垫 | PENPUR | 35 | ⭐3.8成品家具 | L3 | 泰普尔枕头缓解颈椎疲劳，购物体验不错 | 10:00营业 | ￥79￥210泰普尔枕头保护套枕套(千.. | 惠 | ￥9.9￥100代金券 | 惠,ocr/input_videos\上海__上海荟聚中心__20260826.mp4
OBS-000960,上海荟聚中心,费大厨辣椒炒肉,费大厨辣椒炒肉,湘菜,4.6,82,L3,rated,True,,rated,parsed,rating_anchor,0.9778,0.9938,52,9348,158.589,L3 | 🌟🌟🌟🌟🌟 | 湘菜￥82/人 | 4.6,费大厨辣椒炒肉 | 费大廚 | L3 | 🌟🌟🌟🌟🌟 | 湘菜￥82/人 | 4.6 | 辣椒炒肉 | 点评榜单 | 虹桥火车站/国展中心美食打卡人气榜... | 精选里疗 | 10:30营业 | “小炒牛肉嫩滑多汁，辣度适中,ocr/input_videos\上海__上海荟聚中心__20260826.mp4
OBS-000961,上海荟聚中心,阿嬷手作,阿嬷手作,茶饮果汁,3.9,28,L1,rated,True,,rated,parsed,rating_anchor,0.9237,0.8891,57,9348,158.589,L1 | 🌟🌟🌟🌟🌟 | 茶饮果汁￥28/人 | 3.9,阿嬷手作 | L1 | 🌟🌟🌟🌟🌟 | 茶饮果汁￥28/人 | 3.9 | 阿嬤手作 | 点评榜单 | AJIMA HANDVADC | 北新泾/淞虹路饮品热门榜第5名 | 10:00营业,ocr/input_videos\上海__上海荟聚中心__20260826.mp4
OBS-000962,上海荟聚中心,JACK&JONES,JACK&JONES,服饰鞋包,4.1,,LG1,rated,True,,rated,parsed,rating_anchor,0.9961,0.9926,50,9348,158.589,LG1 | ★★★★★ | 服饰鞋包 | 4.1,JACK&JONES | LG1 | JACKS | ★★★★★ | 服饰鞋包 | 4.1 | JONES,ocr/input_videos\上海__上海荟聚中心__20260826.mp4
OBS-000963,上海荟聚中心,费大厨辣椒炒肉,费大厨辣椒炒肉,湘菜,4.6,82,L3,rated,True,,rated,parsed,rating_anchor,0.9845,0.9969,51,9432,160.014,⭐🌟🌟🌟🌟 | L3 | 4.6湘菜￥82/人,费大厨辣椒炒肉 | 费大廚 | ⭐🌟🌟🌟🌟 | L3 | 4.6湘菜￥82/人 | 辣椒炒肉 | 点评榜单 | 虹桥火车站/国展中心美食打卡人气榜... | 大威炒 | 10:30营业 | “小炒肉嫩滑多汁，辣度适中,ocr/input_videos\上海__上海荟聚中心__20260826.mp4
OBS-000964,上海荟聚中心,阿嬤手作,阿嬷手作,茶饮果汁,3.9,28,L1,rated,True,,rated,parsed,rating_anchor,0.9183,0.8801,60,9432,160.014,🌟🌟💥🌟⭐ | L1 | 茶饮果汁￥28/人 | 3.9,阿嬤手作 | 🌟🌟💥🌟⭐ | L1 | 茶饮果汁￥28/人 | 3.9 | 阿嬤手作 | AHKE HAKDVADE | 点评榜单 | 北新泾/淞虹路饮品热门榜第5名 | 10:00营业,ocr/input_videos\上海__上海荟聚中心__20260826.mp4
OBS-000965,上海荟聚中心,JACK&JONES,JACK&JONES,服饰鞋包,4.1,,LG1,rated,True,,rated,parsed,rating_anchor,0.9939,0.9892,45,9432,160.014,LG1 | 🌟🌟🌟🌟 | 4.1服饰鞋包 | ★,JACK&JONES | JACK& | LG1 | 🌟🌟🌟🌟 | 4.1服饰鞋包 | ★ | JONES,ocr/input_videos\上海__上海荟聚中心__20260826.mp4
OBS-000966,上海荟聚中心,LB咖啡,LB咖啡,咖啡,4.4,31,LG2,rated,True,,rated,parsed,rating_anchor,0.9652,0.9989,57,9432,160.014,LG2 | 🌟🌟🎉🌟 | 咖啡￥31/人 | 4.4,LB咖啡 | LG2 | 🌟🌟🎉🌟 | ●lb | 咖啡￥31/人 | 4.4 | 点评榜单 | 北新泾/淞虹路咖啡口味榜第4名 | 营业中,ocr/input_videos\上海__上海荟聚中心__20260826.mp4
OBS-000967,上海荟聚中心,谷牛和牛烤肉,谷牛和牛烤肉,日式烧烤/烤肉,,,LG2,unrated,False,explicitly_unrated,unrated,parsed,unrated_anchor,0.9949,0.9984,54,9432,160.014,LG2 | ★★★★★ | 暂无星级 | 日式烧烤/烤肉,谷牛和牛烤肉 | 即将开业 | LG2 | COMINGSOON | ★★★★★ | 暂无星级 | 日式烧烤/烤肉 | 谷 | 即将开业,ocr/input_videos\上海__上海荟聚中心__20260826.mp4
OBS-000968,上海荟聚中心,费大厨辣椒炒肉,费大厨辣椒炒肉,湘菜,4.6,82,L3,rated,True,,rated,parsed,rating_anchor,0.9938,0.9897,52,9480,160.828,L3 | 🌟🌟🌟🌟🌟 | 湘菜 | ￥82/人 | 4.6,费大厨辣椒炒肉 | 费大廚 | L3 | 🌟🌟🌟🌟🌟 | 湘菜 | ￥82/人 | 4.6 | 辣椒炒肉 | 点评榜单 | 虹桥火车站/国展中心美食打卡人气榜... | 精选里猪 | 10:30营业 | “小炒牛肉嫩滑多汁，辣度适中,ocr/input_videos\上海__上海荟聚中心__20260826.mp4
OBS-000969,上海荟聚中心,阿嬷手作,阿嬷手作,茶饮果汁,3.9,28,L1,rated,True,,rated,parsed,rating_anchor,0.9237,0.8787,57,9480,160.828,⭐🌟⭐🌟🌟 | L1 | 茶饮果汁￥28/人 | 3.9,阿嬷手作 | ⭐🌟⭐🌟🌟 | L1 | 茶饮果汁￥28/人 | 3.9 | 阿嬤手作 | 点评榜单 | AH MA HANDVADE | 北新泾/淞虹路饮品热门榜第5名 | 10:00营业,ocr/input_videos\上海__上海荟聚中心__20260826.mp4
OBS-000970,上海荟聚中心,JACK&JONES,JACK&JONES,服饰鞋包,4.1,,LG1,rated,True,,rated,parsed,rating_anchor,0.996,0.9928,50,9480,160.828,🌟🌟🌟🎉 | LG1 | 服饰鞋包 | 4.1 | ★,JACK&JONES | JACKS | 🌟🌟🌟🎉 | LG1 | 服饰鞋包 | 4.1 | ★ | JONES,ocr/input_videos\上海__上海荟聚中心__20260826.mp4
OBS-000971,上海荟聚中心,LB咖啡,LB咖啡,咖啡,4.4,31,LG2,rated,True,,rated,parsed,rating_anchor,0.9689,0.9986,57,9480,160.828,⭐🌟🎉⭐ | LG2 | 咖啡￥31/人 | 4.4,LB咖啡 | ⭐🌟🎉⭐ | LG2 | 咖啡￥31/人 | 4.4 | Ilb | 点评榜单 | 北新泾/淞虹路咖啡口味榜第4名 | 营业中,ocr/input_videos\上海__上海荟聚中心__20260826.mp4
OBS-000972,上海荟聚中心,谷牛和牛烤肉,谷牛和牛烤肉,日式烧烤/烤肉,,,LG2,unrated,False,explicitly_unrated,unrated,parsed,unrated_anchor,0.9966,0.9975,55,9480,160.828,暂无星级 | LG2 | ★★★★★ | 日式烧烤/烤肉,谷牛和牛烤肉 | 即将开业 | COMINGSOON | 暂无星级 | LG2 | ★★★★★ | 日式烧烤/烤肉 | 即将开业,ocr/input_videos\上海__上海荟聚中心__20260826.mp4
OBS-000973,上海荟聚中心,西昊人体工学椅,西昊人体工学椅,成品家具,3.9,2513,LG1,rated,True,,rated,parsed,rating_anchor,0.9836,0.9996,52,9480,160.828,LG1 | 成品家具￥2513/人 | 🌟🌟⭐⭐🌟 | 3.9,西昊人体工学椅 | D8 | H300Pro尊享款 | 怎么室，都择得生 | LG1 | 成品家具￥2513/人 | 🌟🌟⭐⭐🌟 | 3.9 | 点评榜单 | 长宁区家具家居热门榜第5名 | 10:00营业 | 坐垫舒适有包裹感，服务热情专业” | “ | 惠 | K100 | 【到店专享】70代100门店,ocr/input_videos\上海__上海荟聚中心__20260826.mp4
OBS-000974,上海荟聚中心,JACK&JONES,JACK&JONES,服饰鞋包,4.1,,LG1,rated,True,,rated,parsed,rating_anchor,0.9958,0.9923,45,9564,162.253,🌟🌟💥🌟 | LG1 | 服饰鞋包 | 4.1,JACK&JONES | JACK& | 🌟🌟💥🌟 | LG1 | 服饰鞋包 | 4.1 | JONES,ocr/input_videos\上海__上海荟聚中心__20260826.mp4
OBS-000975,上海荟聚中心,LB咖啡,LB咖啡,咖啡,4.4,31,LG2,rated,True,,rated,parsed,rating_anchor,0.9668,0.999,54,9564,162.253,LG2 | ⭐🌟⭐⭐ | 咖啡￥31/人 | 4.4 | -,LB咖啡 | LG2 | ⭐🌟⭐⭐ | 咖啡￥31/人 | 4.4 | Ib | - | 点评榜单 | 北新泾/淞虹路咖啡口味榜第4名 | 营业中,ocr/input_videos\上海__上海荟聚中心__20260826.mp4
OBS-000976,上海荟聚中心,谷牛和牛烤肉,谷牛和牛烤肉,日式烧烤/烤肉,,,LG2,unrated,False,explicitly_unrated,unrated,parsed,unrated_anchor,0.9948,0.998,54,9564,162.253,LG2 | 暂无星级 | ★★★★★ | 日式烧烤/烤肉,谷牛和牛烤肉 | 即将开业 | LG2 | 暂无星级 | COMINGSOON | ★★★★★ | 日式烧烤/烤肉 | 公 | 即将开业,ocr/input_videos\上海__上海荟聚中心__20260826.mp4
OBS-000977,上海荟聚中心,西昊人体工学椅,西昊人体工学椅,成品家具,3.9,2513,LG1,rated,True,,rated,parsed,rating_anchor,0.984,0.9992,52,9564,162.253,LG1 | 🌟🌟⭐🌟🌟 | 成品家具￥2513/人 | 3.9,西昊人体工学椅 | M300Pro马享款 | 怎么生，都择得住 | LG1 | 🌟🌟⭐🌟🌟 | 成品家具￥2513/人 | 3.9 | 点评榜单 | 长宁区家具家居热门榜第5名 | 10:00营业 | 坐垫舒适有包裹感，服务热情专业” | S | ￥70￥100 | 【到店专享】70代100门店... | 惠,ocr/input_videos\上海__上海荟聚中心__20260826.mp4
OBS-000978,上海荟聚中心,布歌东京,布歌东京,甜品,4.4,139,LG2,rated,True,,rated,parsed,rating_anchor,0.9814,0.9986,60,9564,162.253,🌟🌟🌟⭐ | LG2 | 甜品￥139/人 | 4.4 | ★,布歌东京 | 石榴红提 | 🌟🌟🌟⭐ | LG2 | 甜品￥139/人 | 4.4 | ★ | 点评榜单 | 北新泾/淞虹路甜品口味榜第2名 | 10:00营业,ocr/input_videos\上海__上海荟聚中心__20260826.mp4
OBS-000979,上海荟聚中心,西塔星球,西塔星球,零食,3.8,76,LG1,rated,True,,rated,parsed,rating_anchor,0.9753,0.9999,55,9564,162.253,🌟🌟🌟🌟🌟 | LG1 | 零食￥76/人 | 3.8,西塔星球 | 🌟🌟🌟🌟🌟 | LG1 | 零食￥76/人 | 3.8 | 酸甜口感，100克超值团购 | 10:00营业,ocr/input_videos\上海__上海荟聚中心__20260826.mp4
OBS-000980,上海荟聚中心,JACK&JONES,JACK&JONES,服饰鞋包,4.1,,LG1,rated,True,,rated,parsed,rating_anchor,0.9932,0.9869,45,9576,162.457,LG1 | ⭐★⭐⭐🌟 | 服饰鞋包 | 4.1,JACK&JONES | JACKS | LG1 | ⭐★⭐⭐🌟 | 服饰鞋包 | 4.1 | JONES,ocr/input_videos\上海__上海荟聚中心__20260826.mp4
OBS-000981,上海荟聚中心,LB咖啡,LB咖啡,咖啡,4.4,31,LG2,rated,True,,rated,parsed,rating_anchor,0.9253,0.9354,58,9576,162.457,LG2 | ⭐🌟⭐⭐ | 4.4咖啡￥31/人 | ★,LB咖啡 | LG2 | ⭐🌟⭐⭐ | 4.4咖啡￥31/人 | Ib | ★ | 点评榜单 | 北新泾/淞虹路咖啡口味榜第4名 | 营业中,ocr/input_videos\上海__上海荟聚中心__20260826.mp4
OBS-000982,上海荟聚中心,谷牛和牛烤肉,谷牛和牛烤肉,日式烧烤/烤肉,,,LG2,unrated,False,explicitly_unrated,unrated,parsed,unrated_anchor,0.9934,0.9973,58,9576,162.457,LG2 | 暂无星级 | ★★★★ | 日式烧烤/烤肉,谷牛和牛烤肉 | 即将开业 | LG2 | 暂无星级 | COMINGSOON | ★★★★ | 日式烧烤/烤肉 | 即将开业,ocr/input_videos\上海__上海荟聚中心__20260826.mp4
OBS-000983,上海荟聚中心,西昊人体工学椅,西昊人体工学椅,成品家具,3.9,2513,LG1,rated,True,,rated,parsed,rating_anchor,0.9842,0.9997,52,9576,162.457,🌟🌟🌟🌟🌟 | 成品家具￥2513/人 | LG1 | 3.9,西昊人体工学椅 | M300Pro尊享款 | 怎么宝，都挥得性 | 🌟🌟🌟🌟🌟 | 成品家具￥2513/人 | LG1 | 3.9 | 点评榜单 | 长宁区家具家居热门榜第5名 | 坐垫舒适有包裹感，服务热情专业” | 10:00营业 | 小 | ￥70￥100 | 惠 | 【到店专享】70代100门店..,ocr/input_videos\上海__上海荟聚中心__20260826.mp4
OBS-000984,上海荟聚中心,布歌东京,布歌东京,甜品,4.4,139,LG2,rated,True,,rated,parsed,rating_anchor,0.9862,0.9992,55,9576,162.457,LG2 | 🌟🌟⭐ | 4.4甜品￥139/人,布歌东京 | 石榴红提 | LG2 | 🌟🌟⭐ | 4.4甜品￥139/人 | 点评榜单 | 北新泾/淞虹路甜品口味榜第2名 | 10:00营业,ocr/input_videos\上海__上海荟聚中心__20260826.mp4
OBS-000985,上海荟聚中心,西塔星球,西塔星球,零食,3.8,76,LG1,rated,True,,rated,parsed,rating_anchor,0.9726,1.0,60,9576,162.457,LG1 | 🌟🌟🌟🌟🌟 | 零食￥76/人 | 3.8,西塔星球 | LG1 | 🌟🌟🌟🌟🌟 | 零食￥76/人 | 3.8 | 酸甜口感，100克超值团购 | “ | . | Th10:00营业,ocr/input_videos\上海__上海荟聚中心__20260826.mp4
OBS-000986,上海荟聚中心,LB咖啡,LB咖啡,咖啡,4.4,31,LG2,rated,True,,rated,parsed,rating_anchor,0.9697,0.9985,54,9648,163.678,🌟🌟🌟🌟 | LG2 | 咖啡￥31/人 | 4.4,LB咖啡 | 🌟🌟🌟🌟 | LG2 | 咖啡￥31/人 | Ib | 4.4 | 点评镑单 | 北新泾/淞虹路咖啡口味榜第4名 | 营业中,ocr/input_videos\上海__上海荟聚中心__20260826.mp4
OBS-000987,上海荟聚中心,谷牛和牛烤肉,谷牛和牛烤肉,日式烧烤/烤肉,,,LG2,unrated,False,explicitly_unrated,unrated,parsed,unrated_anchor,0.9949,0.9982,51,9648,163.678,LG2 | ★★★★★ | 暂无星级 | 日式烧烤/烤肉,谷牛和牛烤肉 | 即将开业 | LG2 | ★★★★★ | 暂无星级 | COMINGSOON | 日式烧烤/烤肉 | 谷零和牛共肉 | 即将开业,ocr/input_videos\上海__上海荟聚中心__20260826.mp4
OBS-000988,上海荟聚中心,西昊人体工学椅,西昊人体工学椅,成品家具,3.9,2513,LG1,rated,True,,rated,parsed,rating_anchor,0.9823,0.9974,51,9648,163.678,🌟🌟🌟🌟 | LG1 | 3.9 | 成品家具￥2513/人,西昊人体工学椅 | H300Pro导享款 | 怎么宝， | 都挥得住 | 🌟🌟🌟🌟 | LG1 | 3.9 | 成品家具￥2513/人 | 点评榜单 | 长宁区家具家居热门榜第5名 | 10:00营业 | 坐垫舒适有包裹感，服务热情专业” | ￥70￥100 | 【到店专享】70代100门店... | 惠,ocr/input_videos\上海__上海荟聚中心__20260826.mp4
OBS-000989,上海荟聚中心,布歌东京,布歌东京,甜品,4.4,139,LG2,rated,True,,rated,parsed,rating_anchor,0.9788,0.9994,53,9648,163.678,LG2 | ★★★★ | 甜品￥139/人 | 4.4,布歌东京 | 石榴红提 | LG2 | ★★★★ | 甜品￥139/人 | 4.4 | 点评镑单 | 北新泾/淞虹路甜品口味榜第2名 | 10:00营业,ocr/input_videos\上海__上海荟聚中心__20260826.mp4
OBS-000990,上海荟聚中心,西塔星球,西塔星球,零食,3.8,76,LG1,rated,True,,rated,parsed,rating_anchor,0.9704,0.9999,53,9648,163.678,LG1 | 🌟🌟🌟🌟🌟 | 3.8 | 零食￥76/人,西塔星球 | LG1 | 🌟🌟🌟🌟🌟 | 3.8 | 零食￥76/人 | 酸甜口感，100克超值团购 | C | Th10:00营业,ocr/input_videos\上海__上海荟聚中心__20260826.mp4
OBS-000991,上海荟聚中心,松山棉店,松山棉店,服饰鞋包,4.5,474,L2,rated,True,,rated,parsed,rating_anchor,0.9996,0.9999,53,9648,163.678,L2 | 🌟🌟🌟⭐🌟 | 服饰鞋包 | ￥474/人 | 4.5,松山棉店 | L2 | 🌟🌟🌟⭐🌟 | 松山 | 服饰鞋包 | ￥474/人 | 4.5 | 棉店 | “棉质纱线整齐，家 | 家居服款式多” | SONG SHAN | 10:00营业,ocr/input_videos\上海__上海荟聚中心__20260826.mp4
OBS-000992,上海荟聚中心,谷牛和牛烤肉,谷牛和牛烤肉,日式烧烤/烤肉,,,LG2,unrated,False,explicitly_unrated,unrated,parsed,unrated_anchor,0.9885,0.9974,54,9684,164.289,★★★★★ | 暂无星级 | LG2 | 日式烧烤/烤肉,谷牛和牛烤肉 | 即将开业 | ★★★★★ | COMINGSOON | 暂无星级 | LG2 | 日式烧烤/烤肉 | 公 | 即将开业,ocr/input_videos\上海__上海荟聚中心__20260826.mp4
OBS-000993,上海荟聚中心,西昊人体工学椅,西昊人体工学椅,成品家具,3.9,2513,LG1,rated,True,,rated,parsed,rating_anchor,0.9834,0.9993,52,9684,164.289,LG1 | ★★★★ | 成品家具￥2513/人 | 3.9,西昊人体工学椅 | H300Pro尊享款 | 怎么，都挥得生 | LG1 | ★★★★ | 成品家具￥2513/人 | 3.9 | 点评榜单 | 长宁区家具家居热门榜第5名 | 10:00营业 | 坐垫舒适有包裹感，服务热情专业 | “ | ￥70￥100 | 惠 | 【到店专享】70代100门店.,ocr/input_videos\上海__上海荟聚中心__20260826.mp4
OBS-000994,上海荟聚中心,布歌东京,布歌东京,甜品,4.4,139,LG2,rated,True,,rated,parsed,rating_anchor,0.98,0.9993,53,9684,164.289,LG2 | 🌟🌟🌟🌟 | 甜品￥139/人 | 4.4,布歌东京 | 石榴红提 | LG2 | 🌟🌟🌟🌟 | 甜品￥139/人 | 4.4 | 点评榜单 | 北新泾/淞虹路甜品口味榜第2名 | 10:00营业,ocr/input_videos\上海__上海荟聚中心__20260826.mp4
OBS-000995,上海荟聚中心,西塔星球,西塔星球,零食,3.8,76,LG1,rated,True,,rated,parsed,rating_anchor,0.9712,0.9999,55,9684,164.289,LG1 | 🌟🌟★★ | 零食￥76/人 | 3.8,西塔星球 | LG1 | 🌟🌟★★ | 零食￥76/人 | 3.8 | - | 酸甜口感，100克超值团购 | Th10:00营业球,ocr/input_videos\上海__上海荟聚中心__20260826.mp4
OBS-000996,上海荟聚中心,松山棉店,松山棉店,服饰鞋包,4.5,474,L2,rated,True,,rated,parsed,rating_anchor,0.9995,0.9997,56,9684,164.289,🌟🌟⭐🌟 | L2 | 服饰鞋包 | ￥474/人 | 4.5,松山棉店 | 🌟🌟⭐🌟 | L2 | 服饰鞋包 | ￥474/人 | 4.5 | 松 | 出 | 棉店 | 棉质纱线整齐，家居服款式多” | 5 | SONG SHAN | 10:00营业,ocr/input_videos\上海__上海荟聚中心__20260826.mp4
OBS-000997,上海荟聚中心,老城厢汤包馆,老城厢汤包馆,小吃快餐,3.5,36,LG2,rated,True,,rated,parsed,rating_anchor,0.968,0.9875,51,9684,164.289,LG2 | ⭐🌟🌟💥🌟 | 小吃快餐￥36/人 | 3.5,老城厢汤包馆 | 老域面388 | LG2 | ⭐🌟🌟💥🌟 | 小吃快餐￥36/人 | 3.5 | 营业中,ocr/input_videos\上海__上海荟聚中心__20260826.mp4
OBS-000998,上海荟聚中心,西昊人体工学椅,西昊人体工学椅,成品家具,3.9,2513,LG1,rated,True,,rated,parsed,rating_anchor,0.9771,0.9991,51,9756,165.511,★★★★★ | LG1 | 成品家具￥2513/人 | 3.9,西昊人体工学椅 | H300Pro尊享款 | 怎么宝，都择阁 | ★★★★★ | LG1 | 成品家具￥2513/人 | 3.9 | 点评榜单 | 长宁区家具家居热门榜第5名 | 10:00营业 | 坐垫舒适有包裹感，服务热情专业” | ≤ | ￥70￥100 | 【到店专享】70代100门店... | 惠,ocr/input_videos\上海__上海荟聚中心__20260826.mp4
OBS-000999,上海荟聚中心,布歌东京,布歌东京,甜品,4.4,139,LG2,rated,True,,rated,parsed,rating_anchor,0.9728,0.9993,53,9756,165.511,🌟💥🌟⭐ | LG2 | 甜品￥139/人 | ￥ | 4.4,布歌东京 | 石榴红提 | 🌟💥🌟⭐ | LG2 | 甜品￥139/人 | ￥ | 4.4 | 点评榜单 | 北新泾/淞虹路甜品口味榜第2名 | 10:00营业,ocr/input_videos\上海__上海荟聚中心__20260826.mp4
OBS-001000,上海荟聚中心,西塔星球,西塔星球,零食,3.8,76,LG1,rated,True,,rated,parsed,rating_anchor,0.9652,0.9998,53,9756,165.511,🌟🌟🌟🌟⭐ | LG1 | 零食￥76/人 | 3.8,西塔星球 | 🌟🌟🌟🌟⭐ | LG1 | 零食￥76/人 | 3.8 | 酸甜口感，100克超值团购 | C | Th10:00营业,ocr/input_videos\上海__上海荟聚中心__20260826.mp4
OBS-001001,上海荟聚中心,松山棉店,松山棉店,服饰鞋包,4.5,474,L2,rated,True,,rated,parsed,rating_anchor,0.9997,0.9998,56,9756,165.511,L2 | 🌟🌟🌟🌟🌟 | 服饰鞋包 | ￥474/人 | 4.5,松山棉店 | L2 | 🌟🌟🌟🌟🌟 | 服饰鞋包 | ￥474/人 | 松山 | 4.5 | 棉店 | “棉质纱线整齐，家居服款式多” | SONG SHAN | 10:00营业,ocr/input_videos\上海__上海荟聚中心__20260826.mp4
OBS-001002,上海荟聚中心,老城厢汤包馆,老城厢汤包馆,小吃快餐,3.5,36,LG2,rated,True,,rated,parsed,rating_anchor,0.9691,0.9922,51,9756,165.511,LG2 | 🌟🌟⭐🌟🌟 | 3.5小吃快餐￥36/人,老城厢汤包馆 | 老城面8 | LG2 | 🌟🌟⭐🌟🌟 | 3.5小吃快餐￥36/人 | 242 | 营业中,ocr/input_videos\上海__上海荟聚中心__20260826.mp4
OBS-001003,上海荟聚中心,上海哈尔滨食品厂,上海哈尔滨食品厂,面包蛋糕,3.8,46,LG2,rated,True,,rated,parsed,rating_anchor,0.9977,0.9972,51,9756,165.511,🌟🌟3.8 | LG2 | 面包蛋糕 | ￥46/人,上海哈尔滨食品厂 | 🌟🌟3.8 | LG2 | 面包蛋糕 | ￥46/人,ocr/input_videos\上海__上海荟聚中心__20260826.mp4
OBS-001004,上海荟聚中心,布歌东京,布歌东京,甜品,4.4,139,LG2,rated,True,,rated,parsed,rating_anchor,0.9997,0.9994,53,9780,165.918,🌟🌟🌟🎉 | LG2 | 甜品 | ￥139/人 | 4.4,布歌东京 | 石榴红提 | 🌟🌟🌟🎉 | LG2 | 甜品 | ￥139/人 | 4.4 | 点评镑单 | 北新泾/淞虹路甜品口味榜第2名 | 10:00营业,ocr/input_videos\上海__上海荟聚中心__20260826.mp4
OBS-001005,上海荟聚中心,西塔星球,西塔星球,零食,3.8,76,LG1,rated,True,,rated,parsed,rating_anchor,0.9677,0.9999,52,9780,165.918,LG1 | ★🌟★★★ | 零食￥76/人 | 3.8,西塔星球 | LG1 | ★🌟★★★ | 零食￥76/人 | 3.8 | 酸甜口感，100克超值团购 | G | Th10:00营业 | 豆,ocr/input_videos\上海__上海荟聚中心__20260826.mp4
OBS-001006,上海荟聚中心,松山棉店,松山棉店,服饰鞋包,4.5,474,L2,rated,True,,rated,parsed,rating_anchor,0.9997,0.9997,55,9780,165.918,L2 | ⭐🌟🌟🌟 | 服饰鞋包 | ￥474/人 | 4.5,松山棉店 | L2 | ⭐🌟🌟🌟 | 服饰鞋包 | ￥474/人 | 4.5 | 松山 | 棉店 | 棉质纱线整齐，家居服款式多 | SONG SHAN | 10:00营业,ocr/input_videos\上海__上海荟聚中心__20260826.mp4
OBS-001007,上海荟聚中心,老城厢汤包馆,老城厢汤包馆,小吃快餐,3.5,36,LG2,rated,True,,rated,parsed,rating_anchor,0.992,0.9851,50,9780,165.918,LG2 | 🌟🌟🌟🌟 | 小吃快餐 | ￥36/人 | 3.5,老城厢汤包馆 | 老城版88号 | LG2 | 🌟🌟🌟🌟 | 小吃快餐 | ￥36/人 | 3.5 | 24281 | 营业中,ocr/input_videos\上海__上海荟聚中心__20260826.mp4
OBS-001008,上海荟聚中心,上海哈尔滨食品厂,上海哈尔滨食品厂,面包蛋糕,3.8,46,LG2,rated,True,,rated,parsed,rating_anchor,0.9988,0.9993,54,9780,165.918,🌟🌟🌟🌟🌟 | LG2 | ￥46/人 | 3.8 | 面包蛋糕,上海哈尔滨食品厂 | 🌟🌟🌟🌟🌟 | LG2 | ￥46/人 | 3.8 | 面包蛋糕 | 营业中,ocr/input_videos\上海__上海荟聚中心__20260826.mp4
OBS-001009,上海荟聚中心,PELLIOT伯希和,PELLIOT伯希和,运动户外,3.7,,LG1,rated,True,,rated,parsed,rating_anchor,0.999,0.9992,48,9780,165.918,LG1 | 🌟🌟🎉🌟⭐ | 运动户外 | 3.7,PELLIOT伯希和 | PELUOT | LG1 | 🌟🌟🎉🌟⭐ | 运动户外 | 3.7 | 10:00营业,ocr/input_videos\上海__上海荟聚中心__20260826.mp4
OBS-001010,上海荟聚中心,布歌东京,布歌东京,甜品,4.4,139,LG2,rated,True,,rated,parsed,rating_anchor,0.9754,0.9988,56,9828,166.732,🌟🌟⭐🌟 | LG2 | 甜品￥139/人 | 4.4,布歌东京 | 石榴红提 | 🌟🌟⭐🌟 | LG2 | 甜品￥139/人 | 4.4 | 点评榜单 | 北新泾/淞虹路甜品口味榜第2名 | 10:00营业,ocr/input_videos\上海__上海荟聚中心__20260826.mp4
OBS-001011,上海荟聚中心,西塔星球,西塔星球,零食,3.8,76,LG1,rated,True,,rated,parsed,rating_anchor,0.9681,0.9999,56,9828,166.732,🌟🌟🌟🌟🌟 | LG1 | 零食￥76/人 | 3.8,西塔星球 | 🌟🌟🌟🌟🌟 | LG1 | 零食￥76/人 | 3.8 | 酸甜口感，100克超值团购” | Th10:00营业 | 球,ocr/input_videos\上海__上海荟聚中心__20260826.mp4
OBS-001012,上海荟聚中心,松山棉店,松山棉店,服饰鞋包,4.5,474,L2,rated,True,,rated,parsed,rating_anchor,0.9996,0.9998,56,9828,166.732,L2 | 🌟🌟🌟⭐🌟 | 服饰鞋包 | ￥474/人 | 4.5,松山棉店 | L2 | 🌟🌟🌟⭐🌟 | 服饰鞋包 | ￥474/人 | 4.5 | 松山 | 棉店 | “棉质纱线整齐，家居服款式多 | SONG SHAN | 10:00营业,ocr/input_videos\上海__上海荟聚中心__20260826.mp4
OBS-001013,上海荟聚中心,老城厢汤包馆,老城厢汤包馆,小吃快餐,3.5,36,LG2,rated,True,,rated,parsed,rating_anchor,0.9624,0.9732,52,9828,166.732,🌟🌟🌟🌟⭐ | LG2 | 小吃快餐￥36/人 | 3.5,老城厢汤包馆 | 老域面西话 | 🌟🌟🌟🌟⭐ | LG2 | 小吃快餐￥36/人 | 3.5 | 营业中,ocr/input_videos\上海__上海荟聚中心__20260826.mp4
OBS-001014,上海荟聚中心,上海哈尔滨食品厂,上海哈尔滨食品厂,面包蛋糕,3.8,46,LG2,rated,True,,rated,parsed,rating_anchor,0.9975,0.9995,51,9828,166.732,🌟🌟🌟⭐ | LG2 | 3.8 | 面包蛋糕 | ￥46/人,上海哈尔滨食品厂 | 🌟🌟🌟⭐ | LG2 | 3.8 | 面包蛋糕 | ￥46/人 | 营业中,ocr/input_videos\上海__上海荟聚中心__20260826.mp4
OBS-001015,上海荟聚中心,PELLIOT伯希和,PELLIOT伯希和,运动户外,3.7,,LG1,rated,True,,rated,parsed,rating_anchor,0.9996,0.9995,51,9828,166.732,⭐🌟🌟🌟🌟 | LG1 | 运动户外 | 3.7,PELLIOT伯希和 | ⭐🌟🌟🌟🌟 | LG1 | 运动户外 | 3.7 | 10:00营业,ocr/input_videos\上海__上海荟聚中心__20260826.mp4
OBS-001016,上海荟聚中心,四培星球,四培星球,零食,3.8,76,LG1,rated,True,,rated,parsed,rating_anchor,0.8553,0.763,31,9900,167.954,LG1 | 🌟🌟🎉🌟🌟 | 零食￥76/人 | 3.8,四培星球 | LG1 | 🌟🌟🎉🌟🌟 | 零食￥76/人 | 3.8 | 酸甜口感，100克超值团购” | Th10:00营业,ocr/input_videos\上海__上海荟聚中心__20260826.mp4
OBS-001017,上海荟聚中心,松山棉店,松山棉店,服饰鞋包,4.5,474,L2,rated,True,,rated,parsed,rating_anchor,0.9997,0.9999,56,9900,167.954,🌟🌟⭐⭐🌟 | L2 | 服饰鞋包 | 4.5 | ￥474/人,松山棉店 | 🌟🌟⭐⭐🌟 | L2 | 服饰鞋包 | 松山 | 4.5 | ￥474/人 | 棉店 | “棉质纱线整齐，家 | 家居服款式多 | SONG SHAN | 10:00营业,ocr/input_videos\上海__上海荟聚中心__20260826.mp4
OBS-001018,上海荟聚中心,老城厢汤包馆,老城厢汤包馆,小吃快餐,3.5,36,LG2,rated,True,,rated,parsed,rating_anchor,0.9609,0.9773,52,9900,167.954,🌟🌟⭐🌟⭐ | LG2 | 小吃快餐￥36/人 | 3.5,老城厢汤包馆 | 光域面088 | 🌟🌟⭐🌟⭐ | LG2 | 小吃快餐￥36/人 | 3.5 | 22 | 营业中,ocr/input_videos\上海__上海荟聚中心__20260826.mp4
OBS-001019,上海荟聚中心,上海哈尔滨食品厂,上海哈尔滨食品厂,面包蛋糕,3.8,46,LG2,rated,True,,rated,parsed,rating_anchor,0.9973,0.9995,51,9900,167.954,🌟🌟🌟🌟🌟 | LG2 | 面包蛋糕 | ￥46/人 | 3.8,上海哈尔滨食品厂 | 🌟🌟🌟🌟🌟 | LG2 | 面包蛋糕 | ￥46/人 | 3.8 | 营业中,ocr/input_videos\上海__上海荟聚中心__20260826.mp4
OBS-001020,上海荟聚中心,PELLIOT伯希和,PELLIOT伯希和,运动户外,3.7,,LG1,rated,True,,rated,parsed,rating_anchor,0.9989,0.999,54,9900,167.954,运动户外 | 🌟🌟🌟🌟🌟 | LG1 | 3.7,PELLIOT伯希和 | 运动户外 | 🌟🌟🌟🌟🌟 | LG1 | 3.7 | 10:00营业,ocr/input_videos\上海__上海荟聚中心__20260826.mp4
OBS-001021,上海荟聚中心,赫士德,赫士德,水果店,,,LG2,new_store,False,new_store,ocr_missing,parsed,metadata_anchor,0.9963,0.9934,55,9900,167.954,新店 | 水果店 | LG2,赫士德 | 新店 | 水果店 | LG2 | 点评榜单 | 上海水果店新店榜第2名 | 10:00营业,ocr/input_videos\上海__上海荟聚中心__20260826.mp4
OBS-001022,上海荟聚中心,四冶星球,四冶星球,零食,3.8,76,LG1,rated,True,,rated,parsed,rating_anchor,0.8796,0.8104,34,9936,168.564,LG1 | 🌟🌟🎉🌟🌟 | 零食￥76/人 | 3.8,四冶星球 | LG1 | 🌟🌟🎉🌟🌟 | 零食￥76/人 | 3.8 | 酸甜口感，100克超值团购” | Th10:00营业,ocr/input_videos\上海__上海荟聚中心__20260826.mp4
OBS-001023,上海荟聚中心,松山棉店,松山棉店,服饰鞋包,4.5,474,L2,rated,True,,rated,parsed,rating_anchor,0.9997,0.9999,56,9936,168.564,🌟🌟⭐⭐🌟 | L2 | 服饰鞋包 | 4.5 | ￥474/人,松山棉店 | 🌟🌟⭐⭐🌟 | L2 | 服饰鞋包 | 4.5 | ￥474/人 | 松山 | 棉店 | “棉质纱线整齐，家 | 家居服款式多 | 3 | SONG SHAN | 10:00营业,ocr/input_videos\上海__上海荟聚中心__20260826.mp4
OBS-001024,上海荟聚中心,老城厢汤包馆,老城厢汤包馆,小吃快餐,3.5,36,LG2,rated,True,,rated,parsed,rating_anchor,0.9625,0.9759,51,9936,168.564,LG2 | 🌟🌟⭐🌟⭐ | 小吃快餐￥36/人 | 3.5,老城厢汤包馆 | 光域面088 | LG2 | 🌟🌟⭐🌟⭐ | 小吃快餐￥36/人 | 3.5 | 营业中,ocr/input_videos\上海__上海荟聚中心__20260826.mp4
OBS-001025,上海荟聚中心,上海哈尔滨食品厂,上海哈尔滨食品厂,面包蛋糕,3.8,46,LG2,rated,True,,rated,parsed,rating_anchor,0.997,0.9993,51,9936,168.564,🌟🌟🌟🌟🌟 | LG2 | 面包蛋糕 | ￥46/人 | 3.8,上海哈尔滨食品厂 | 🌟🌟🌟🌟🌟 | LG2 | 面包蛋糕 | ￥46/人 | 3.8 | 营业中,ocr/input_videos\上海__上海荟聚中心__20260826.mp4
OBS-001026,上海荟聚中心,PELLIOT伯希和,PELLIOT伯希和,运动户外,3.7,,LG1,rated,True,,rated,parsed,rating_anchor,0.999,0.999,54,9936,168.564,🌟🌟🌟🌟🌟 | 运动户外 | LG1 | 3.7,PELLIOT伯希和 | 🌟🌟🌟🌟🌟 | 运动户外 | LG1 | 3.7 | 10:00营业,ocr/input_videos\上海__上海荟聚中心__20260826.mp4
OBS-001027,上海荟聚中心,赫士德,赫士德,水果店,,,LG2,new_store,False,new_store,ocr_missing,parsed,metadata_anchor,0.9955,0.9916,55,9936,168.564,水果店 | LG2 | 新店,赫士德 | 水果店 | LG2 | 新店 | 点评榜单 | 上海水果店新店榜第2名 | 10:00营业 | 麻辣烫店,ocr/input_videos\上海__上海荟聚中心__20260826.mp4
OBS-001028,上海荟聚中心,老城厢汤包馆,老城厢汤包馆,小吃快餐,3.5,36,LG2,rated,True,,rated,parsed,rating_anchor,0.9645,0.99,54,9996,169.582,LG2 | 🌟🌟★💥🌟 | 3.5 | 小吃快餐￥36/人,老城厢汤包馆 | 老域面88 | LG2 | 🌟🌟★💥🌟 | 3.5 | 小吃快餐￥36/人 | 2m | 营业中,ocr/input_videos\上海__上海荟聚中心__20260826.mp4
OBS-001029,上海荟聚中心,上海哈尔滨食品厂,上海哈尔滨食品厂,面包蛋糕,3.8,46,LG2,rated,True,,rated,parsed,rating_anchor,0.9987,0.9995,53,9996,169.582,LG2 | 🌟🌟⭐🌟🌟 | 面包蛋糕 | ￥46/人 | 3.8,上海哈尔滨食品厂 | LG2 | 🌟🌟⭐🌟🌟 | 面包蛋糕 | ￥46/人 | 3.8 | 营业中,ocr/input_videos\上海__上海荟聚中心__20260826.mp4
OBS-001030,上海荟聚中心,PELLIOT伯希和,PELLIOT伯希和,运动户外,3.7,,LG1,rated,True,,rated,parsed,rating_anchor,0.9993,0.9991,48,9996,169.582,LG1 | 🌟🌟⭐🌟🌟 | 运动户外 | 3.7,PELLIOT伯希和 | LG1 | PRUOT | 🌟🌟⭐🌟🌟 | 运动户外 | 3.7 | 10:00营业,ocr/input_videos\上海__上海荟聚中心__20260826.mp4
OBS-001031,上海荟聚中心,赫士德,赫士德,水果店,,,LG2,new_store,False,new_store,ocr_missing,parsed,metadata_anchor,0.9923,0.9851,61,9996,169.582,水果店 | LG2 | 新店,赫士德 | 水果店 | LG2 | 新店 | 点评榜单 | 上海水果店新店榜第2名 | 10:00营业,ocr/input_videos\上海__上海荟聚中心__20260826.mp4
OBS-001032,上海荟聚中心,麻辣烫店,麻辣烫店,麻辣烫,3.5,,LG2,rated,True,,rated,parsed,rating_anchor,0.9996,0.9998,56,9996,169.582,LG2 | 🌟🌟🌟🌟🌟 | 麻辣烫 | 3.5,麻辣烫店 | 麻味烫座 | LG2 | 🌟🌟🌟🌟🌟 | 麻辣烫 | 3.5,ocr/input_videos\上海__上海荟聚中心__20260826.mp4
OBS-001033,上海荟聚中心,Anruz安润适,Anruz安润适,皮肤管理,3.4,302,商场内,rated,True,,rated,parsed,rating_anchor,0.9988,0.9991,52,9996,169.582,商场内 | ⭐🌟⭐ | ★★ | 皮肤管理 | ￥302/人 | 3.4,Anruz安润适 | 商场内 | ⭐🌟⭐ | ★★ | 皮肤管理 | ￥302/人 | 3.4 | 主打植物精油护理，皮肤嫩白很多 | 10:00营业 | 新市 | 作 | 上内同部,ocr/input_videos\上海__上海荟聚中心__20260826.mp4
OBS-001034,上海荟聚中心,上海哈尔滨食品厂,上海哈尔滨食品厂,面包蛋糕,3.8,46,LG2,rated,True,,rated,parsed,rating_anchor,0.9986,0.9995,54,10032,170.193,🌟🌟⭐🌟🌟 | LG2 | 3.8 | 面包蛋糕 | ￥46/人,上海哈尔滨食品厂 | 🌟🌟⭐🌟🌟 | LG2 | 3.8 | 面包蛋糕 | ￥46/人 | 营业中,ocr/input_videos\上海__上海荟聚中心__20260826.mp4
OBS-001035,上海荟聚中心,PELLIOT伯希和,PELLIOT伯希和,运动户外,3.7,,LG1,rated,True,,rated,parsed,rating_anchor,0.999,0.9995,47,10032,170.193,LG1 | 🌟🌟⭐🌟🌟 | 运动户外 | 3.7,PELLIOT伯希和 | PRLUOT | LG1 | 🌟🌟⭐🌟🌟 | 运动户外 | 3.7 | 10:00营业,ocr/input_videos\上海__上海荟聚中心__20260826.mp4
OBS-001036,上海荟聚中心,赫士德,赫士德,水果店,,,LG2,new_store,False,new_store,ocr_missing,parsed,metadata_anchor,0.9926,0.9858,61,10032,170.193,新店 | LG2 | 水果店,赫士德 | 新店 | LG2 | 水果店 | 点评榜单 | 上海水果店新店榜第2名 | 10:00营业,ocr/input_videos\上海__上海荟聚中心__20260826.mp4
OBS-001037,上海荟聚中心,麻辣烫店,麻辣烫店,麻辣烫,3.5,,LG2,rated,True,,rated,parsed,rating_anchor,0.9996,0.9999,56,10032,170.193,🌟🌟🌟🌟🌟 | 麻辣烫 | LG2 | 3.5,麻辣烫店 | 麻辣烫-印 | 🌟🌟🌟🌟🌟 | 麻辣烫 | LG2 | 3.5,ocr/input_videos\上海__上海荟聚中心__20260826.mp4
OBS-001038,上海荟聚中心,Anruz安润适,Anruz安润适,皮肤管理,3.4,302,商场内,rated,True,,rated,parsed,rating_anchor,0.9789,0.999,52,10032,170.193,🌟🌟⭐ | 商场内 | 皮肤管理￥302/人 | ★★ | 3.4,Anruz安润适 | 🌟🌟⭐ | 商场内 | 皮肤管理￥302/人 | ★★ | 3.4 | 主打植物精油护理，皮肤嫩白很多 | 10:00营业,ocr/input_videos\上海__上海荟聚中心__20260826.mp4
OBS-001039,上海荟聚中心,成都你六姐·牛肉冒菜·麻辣香锅,成都你六姐·牛肉冒菜·麻辣香锅,小吃快餐,3.9,43,LG2,rated,True,,rated,parsed,rating_anchor,0.9897,0.9821,54,10032,170.193,LG2 | 🌟🌟🌟🌟🌟 | 3.9小吃快餐 | ￥43/人,成都你六姐·牛肉冒菜·麻辣香锅 | 成你六退 | 9周年庆 | LG2 | 🌟🌟🌟🌟🌟 | 3.9小吃快餐 | ￥43/人 | Qm | Mae | KON | g/9-10:30营业,ocr/input_videos\上海__上海荟聚中心__20260826.mp4
OBS-001040,上海荟聚中心,赫士德,赫士德,水果店,,,LG2,new_store,False,new_store,ocr_missing,parsed,metadata_anchor,0.9962,0.9932,54,10116,171.618,新店 | LG2 | 水果店,赫士德 | 新店 | LG2 | 水果店 | 点评榜单 | 上海水果店新店榜第2名 | 10:00营业,ocr/input_videos\上海__上海荟聚中心__20260826.mp4
OBS-001041,上海荟聚中心,麻辣烫店,麻辣烫店,麻辣烫,3.5,,LG2,rated,True,,rated,parsed,rating_anchor,0.9996,0.9999,59,10116,171.618,麻辣烫 | 🌟🌟⭐🌟🌟 | LG2 | 3.5,麻辣烫店 | 麻辣燙座 | 麻辣烫 | 🌟🌟⭐🌟🌟 | LG2 | 3.5,ocr/input_videos\上海__上海荟聚中心__20260826.mp4
OBS-001042,上海荟聚中心,Anruz安润适,Anruz安润适,里,3.4,302,商场内,rated,True,,rated,parsed,rating_anchor,0.9455,0.9989,57,10116,171.618,🌟🌟⭐★★ | 商场内 | 皮肤管理 | 里￥302/人 | 3.4,Anruz安润适 | 🌟🌟⭐★★ | 商场内 | 皮肤管理 | 里￥302/人 | 3.4 | 主打植物精油护理，皮肤嫩白很多 | 10:00营业,ocr/input_videos\上海__上海荟聚中心__20260826.mp4
OBS-001043,上海荟聚中心,成都你六姐·牛肉冒菜·麻辣香锅,成都你六姐·牛肉冒菜·麻辣香锅,小吃快餐,3.9,43,LG2,rated,True,,rated,parsed,rating_anchor,0.9884,0.9774,50,10116,171.618,LG2 | 🌟🌟🌟🌟⭐ | 3.9 | 小吃快餐 | ￥43/人,成都你六姐·牛肉冒菜·麻辣香锅 | 成你六级 | 9周年庆 | LG2 | 🌟🌟🌟🌟⭐ | 3.9 | 小吃快餐 | ￥43/人 | Qmo | Mael | 9/9-10:30营业,ocr/input_videos\上海__上海荟聚中心__20260826.mp4
OBS-001044,上海荟聚中心,Mamatata·塔塔商店,Mamatata·塔塔商店,零食,,62,LG2,new_store,False,new_store,ocr_missing,parsed,metadata_anchor,0.9707,0.9865,51,10116,171.618,LG2 | 新店 | 零食￥62/人,Mamatata·塔塔商店 | MAMATATA塔商店 | LG2 | 新店 | 零食￥62/人 | 10:00营业,ocr/input_videos\上海__上海荟聚中心__20260826.mp4
OBS-001045,上海荟聚中心,爱回收球拍主题店,爱回收球拍主题店,手机数码回收,3.2,,LG2,rated,True,,rated,parsed,rating_anchor,0.9992,0.9986,51,10116,171.618,LG2 | ⭐🌟⭐⭐⭐ | 手机数码回收 | 3.2,爱回收球拍主题店 | M | LG2 | ⭐🌟⭐⭐⭐ | 手机数码回收 | 3.2 | 爱回收 | 分量和纯度检测精准，回收快捷方便 | 10:00营业,ocr/input_videos\上海__上海荟聚中心__20260826.mp4
OBS-001046,上海荟聚中心,赫士德,赫士德,水果店,,,LG2,new_store,False,new_store,ocr_missing,parsed,metadata_anchor,0.9973,0.9948,58,10140,172.025,LG2 | 新店 | 水果店,赫士德 | LG2 | 新店 | 水果店 | 点评榜单 | 上海水果店新店榜第2名 | 赤10:00营业,ocr/input_videos\上海__上海荟聚中心__20260826.mp4
OBS-001047,上海荟聚中心,麻辣烫店,麻辣烫店,麻辣烫,3.5,,LG2,rated,True,,rated,parsed,rating_anchor,0.9996,0.9998,56,10140,172.025,LG2 | ⭐🌟🌟🌟🌟 | 麻辣烫 | 3.5,麻辣烫店 | 麻辣烫所 | LG2 | ⭐🌟🌟🌟🌟 | 麻辣烫 | 3.5,ocr/input_videos\上海__上海荟聚中心__20260826.mp4
OBS-001048,上海荟聚中心,Anruz安润适,Anruz安润适,皮肤管理,3.4,302,商场内,rated,True,,rated,parsed,rating_anchor,0.9809,0.9993,52,10140,172.025,商场内 | 🌟🌟⭐ | 皮肤管理￥302/人 | ★★ | 3.4,Anruz安润适 | 商场内 | 🌟🌟⭐ | 皮肤管理￥302/人 | ★★ | 3.4 | 主打植物精油护理，皮肤嫩白很多 | 10:00营业,ocr/input_videos\上海__上海荟聚中心__20260826.mp4
OBS-001049,上海荟聚中心,成都你六姐·牛肉冒菜·麻辣香锅,成都你六姐·牛肉冒菜·麻辣香锅,小吃快餐,3.9,43,LG2,rated,True,,rated,parsed,rating_anchor,0.9887,0.9787,51,10140,172.025,🌟🌟⭐🌟🌟 | LG2 | 小吃快餐 | ￥43/人 | 3.9,成都你六姐·牛肉冒菜·麻辣香锅 | 成都你六道 | ·用 | 9周年庆 | 🌟🌟⭐🌟🌟 | LG2 | 小吃快餐 | ￥43/人 | 3.9 | OmB | Meel | CN | 9/9-10:30营业,ocr/input_videos\上海__上海荟聚中心__20260826.mp4
OBS-001050,上海荟聚中心,Mamatata·塔塔商店,Mamatata·塔塔商店,零食,,62,LG2,new_store,False,new_store,ocr_missing,parsed,metadata_anchor,0.9652,0.9889,51,10140,172.025,新店 | LG2 | 零食￥62/人,Mamatata·塔塔商店 | MAMATATA塔塔商店 | 2 | 新店 | LG2 | 零食￥62/人 | 10:00营业,ocr/input_videos\上海__上海荟聚中心__20260826.mp4
OBS-001051,上海荟聚中心,爱回收球拍主题店,爱回收球拍主题店,手机数码回收,3.2,,LG2,rated,True,,rated,parsed,rating_anchor,0.9991,0.9986,51,10140,172.025,🌟🌟★★★ | LG2 | 3.2 | 手机数码回收,爱回收球拍主题店 | 🌟🌟★★★ | LG2 | 3.2 | 手机数码回收 | 爱回收 | 分量和纯度检测精准，回收快捷方便 | 10:00营业,ocr/input_videos\上海__上海荟聚中心__20260826.mp4
OBS-001052,上海荟聚中心,麻辣烫店,麻辣烫店,麻辣烫,3.5,,LG2,rated,True,,rated,parsed,rating_anchor,0.9997,0.9999,53,10200,173.043,LG2 | 🌟🌟🌟🌟⭐ | 麻辣烫 | 3.5,麻辣烫店 | 麻辣烫-用 | LG2 | 🌟🌟🌟🌟⭐ | 麻辣烫 | 3.5,ocr/input_videos\上海__上海荟聚中心__20260826.mp4
OBS-001053,上海荟聚中心,Anruz安润适,Anruz安润适,皮肤管理,3.4,302,商场内,rated,True,,rated,parsed,rating_anchor,0.9834,0.999,52,10200,173.043,🌟🌟🌈 | 商场内 | 皮肤管理￥302/人 | ★★ | 3.4,Anruz安润适 | 🌟🌟🌈 | 商场内 | 皮肤管理￥302/人 | ★★ | 3.4 | 主打植物精油护理，皮肤嫩白很多 | 10:00营业,ocr/input_videos\上海__上海荟聚中心__20260826.mp4
OBS-001054,上海荟聚中心,成都你六姐·牛肉冒菜·麻辣香锅,成都你六姐·牛肉冒菜·麻辣香锅,小吃快餐,3.9,43,LG2,rated,True,,rated,parsed,rating_anchor,0.9877,0.98,51,10200,173.043,LG2 | 🌟🌟★🌟🌟 | 3.9小吃快餐 | ￥43/人,成都你六姐·牛肉冒菜·麻辣香锅 | 成售你六退 | 9周年庆 | LG2 | 🌟🌟★🌟🌟 | 3.9小吃快餐 | ￥43/人 | Qmo | Me | XONI | 9/9-10:30营业,ocr/input_videos\上海__上海荟聚中心__20260826.mp4
OBS-001055,上海荟聚中心,Mamatata·塔塔商店,Mamatata·塔塔商店,零食,,62,LG2,new_store,False,new_store,ocr_missing,parsed,metadata_anchor,0.9594,0.9842,51,10200,173.043,新店 | 零食￥62/人 | LG2,Mamatata·塔塔商店 | MAMATATA四塔塔商店 | 新店 | 零食￥62/人 | LG2 | 10:00营业,ocr/input_videos\上海__上海荟聚中心__20260826.mp4
OBS-001056,上海荟聚中心,爱回收球拍主题店,爱回收球拍主题店,手机数码回收,3.2,,LG2,rated,True,,rated,parsed,rating_anchor,0.9987,0.9977,48,10200,173.043,LG2 | 🌟🌟🌟💥⭐ | 3.2 | 手机数码回收,爱回收球拍主题店 | LG2 | 🌟🌟🌟💥⭐ | 3.2 | 手机数码回收 | 爱回收 | 分量和纯度检测精准，回收快捷方便 | LC | 10:00营业,ocr/input_videos\上海__上海荟聚中心__20260826.mp4
OBS-001057,上海荟聚中心,万益蓝Wonderlab,万益蓝Wonderlab,滋补品,3.9,,L1,rated,True,,rated,parsed,rating_anchor,0.9988,0.9977,48,10200,173.043,3.9 | 🌟🌟🌟🌟🌟 | 滋补品 | L1,万益蓝Wonderlab | OSCENNCERAE | 3.9 | 🌟🌟🌟🌟🌟 | 滋补品 | L1 | 10:00营业 | 一”： | /,ocr/input_videos\上海__上海荟聚中心__20260826.mp4
OBS-001058,上海荟聚中心,Anruz安润适,Anruz安润适,里,3.4,302,商场内,rated,True,,rated,parsed,rating_anchor,0.9718,0.9986,51,10224,173.45,⭐ | 商场内 | 里￥302/人 | ⭐⭐ | 皮肤管理 | 3.4,Anruz安润适 | ⭐ | 商场内 | 里￥302/人 | ⭐⭐ | 皮肤管理 | 3.4 | 主打植物精油护理，皮肤嫩白很多 | 10:00营业,ocr/input_videos\上海__上海荟聚中心__20260826.mp4
OBS-001059,上海荟聚中心,成都你六姐·牛肉冒菜·麻辣香锅,成都你六姐·牛肉冒菜·麻辣香锅,小吃快餐,3.9,43,LG2,rated,True,,rated,parsed,rating_anchor,0.9879,0.9772,50,10224,173.45,🌟🌟🌟🌟🌟 | LG2 | ￥43/人 | 小吃快餐 | 3.9,成都你六姐·牛肉冒菜·麻辣香锅 | 成都你六组 | · | 9周年庆 | 🌟🌟🌟🌟🌟 | LG2 | ￥43/人 | 小吃快餐 | 3.9 | Om3 | Meel | YCNS | 9/9-10:30营业,ocr/input_videos\上海__上海荟聚中心__20260826.mp4
OBS-001060,上海荟聚中心,Mamatata·塔塔商店,Mamatata·塔塔商店,零食,,62,LG2,new_store,False,new_store,ocr_missing,parsed,metadata_anchor,0.9682,0.9897,54,10224,173.45,LG2 | 新店 | 零食￥62/人,Mamatata·塔塔商店 | MAMATATA塔塔商店 | LG2 | 新店 | 零食￥62/人 | 10:00营业,ocr/input_videos\上海__上海荟聚中心__20260826.mp4
OBS-001061,上海荟聚中心,爱回收球拍主题店,爱回收球拍主题店,手机数码回收,3.2,,LG2,rated,True,,rated,parsed,rating_anchor,0.9987,0.9976,48,10224,173.45,LG2 | 🌟🌟🎉 | ★★ | 手机数码回收 | 3.2,爱回收球拍主题店 | LG2 | 🌟🌟🎉 | ★★ | 手机数码回收 | 3.2 | 爱回收 | 分量和纯度检测精准，回收快捷方便 | 10:00营业,ocr/input_videos\上海__上海荟聚中心__20260826.mp4
OBS-001062,上海荟聚中心,万益蓝Wonderlab,万益蓝Wonderlab,滋补品,3.9,,L1,rated,True,,rated,parsed,rating_anchor,0.9989,0.998,48,10224,173.45,滋补品 | ⭐🌟🌟🌟🌟 | L1 | 3.9,万益蓝Wonderlab | 03N0R | 滋补品 | ⭐🌟🌟🌟🌟 | L1 | 3.9 | 10:00营业,ocr/input_videos\上海__上海荟聚中心__20260826.mp4
OBS-001063,上海荟聚中心,七鲜麻辣烫,七鲜麻辣烫,麻辣烫,3.5,,商场内,rated,True,,rated,parsed,rating_anchor,0.9996,0.9997,54,10224,173.45,🌟🌟⭐⭐ | 商场内 | 麻辣烫 | 3.5,七鲜麻辣烫 | 🌟🌟⭐⭐ | 商场内 | 麻辣烫 | 3.5 | 营业中,ocr/input_videos\上海__上海荟聚中心__20260826.mp4
OBS-001064,上海荟聚中心,Anruz安润适,Anruz安润适,皮肤管理,3.4,302,商场内,rated,True,,rated,parsed,rating_anchor,0.9992,0.9989,52,10260,174.061,🌟🌟⭐ | 商场内 | ⭐⭐ | 皮肤管理 | 3.4 | ￥302/人,Anruz安润适 | 🌟🌟⭐ | 商场内 | ⭐⭐ | 皮肤管理 | 3.4 | ￥302/人 | 主打植物精油护理，皮肤嫩白很多 | 5 | 10:00营业,ocr/input_videos\上海__上海荟聚中心__20260826.mp4
OBS-001065,上海荟聚中心,成都你六姐·牛肉冒菜·麻辣香锅,成都你六姐·牛肉冒菜·麻辣香锅,小吃快餐,3.9,43,LG2,rated,True,,rated,parsed,rating_anchor,0.9894,0.9797,51,10260,174.061,LG2 | 🌟🌟🌟💥🌟 | 小吃快餐 | ￥43/人 | 3.9,成都你六姐·牛肉冒菜·麻辣香锅 | 成标六运 | 9周年庆 | LG2 | 🌟🌟🌟💥🌟 | 小吃快餐 | ￥43/人 | 3.9 | 9m | e | YON | 9/9.10:30营业,ocr/input_videos\上海__上海荟聚中心__20260826.mp4
OBS-001066,上海荟聚中心,Mamatata·塔塔商店,Mamatata·塔塔商店,零食,,62,LG2,new_store,False,new_store,ocr_missing,parsed,metadata_anchor,0.9703,0.986,51,10260,174.061,新店 | 零食￥62/人 | LG2,Mamatata·塔塔商店 | MAMATATA塔塔商店 | 新店 | 零食￥62/人 | LG2 | 10:00营业,ocr/input_videos\上海__上海荟聚中心__20260826.mp4
OBS-001067,上海荟聚中心,爱回收球拍主题店,爱回收球拍主题店,手机数码回收,3.2,,LG2,rated,True,,rated,parsed,rating_anchor,0.9993,0.9988,53,10260,174.061,⭐🌟⭐ | LG2 | ★★ | 手机数码回收 | 3.2,爱回收球拍主题店 | ⭐🌟⭐ | LG2 | ★★ | 手机数码回收 | 3.2 | 爱回收 | 分量和纯度检测精准，回收快捷方便 | 10:00营业,ocr/input_videos\上海__上海荟聚中心__20260826.mp4
OBS-001068,上海荟聚中心,万益蓝Wonderlab,万益蓝Wonderlab,滋补品,3.9,,L1,rated,True,,rated,parsed,rating_anchor,0.9989,0.9981,47,10260,174.061,滋补品 | 🌟🌟🌟🌟🌟 | L1 | 3.9,万益蓝Wonderlab | O3ENNOERJR | 滋补品 | 🌟🌟🌟🌟🌟 | L1 | 3.9 | 10:00营业,ocr/input_videos\上海__上海荟聚中心__20260826.mp4
OBS-001069,上海荟聚中心,七鲜麻辣烫,七鲜麻辣烫,麻辣烫,3.5,,商场内,rated,True,,rated,parsed,rating_anchor,0.9995,0.9995,52,10260,174.061,商场内 | 🌟🌟🌟🌟🌟 | 麻辣烫 | 3.5,七鲜麻辣烫 | 商场内 | 🌟🌟🌟🌟🌟 | 麻辣烫 | 3.5 | 营业中,ocr/input_videos\上海__上海荟聚中心__20260826.mp4
OBS-001070,上海荟聚中心,Mamatata·培后向店,Mamatata·培后向店,零食,,62,LG2,new_store,False,new_store,ocr_missing,parsed,metadata_anchor,0.8174,0.687,33,10344,175.486,LG2 | 新店 | 零食￥62/人,YIAIMI | Mamatata·培后向店 | LG2 | 新店 | 零食￥62/人 | 10:00营业,ocr/input_videos\上海__上海荟聚中心__20260826.mp4
OBS-001071,上海荟聚中心,爱回收球拍主题店,爱回收球拍主题店,手机数码回收,3.2,,LG2,rated,True,,rated,parsed,rating_anchor,0.9993,0.9989,51,10344,175.486,LG2 | 🌟🌟⭐★★ | 手机数码回收 | 3.2,爱回收球拍主题店 | LG2 | 🌟🌟⭐★★ | 手机数码回收 | 3.2 | 爱回收 | 分量和纯度检测精准，回收快捷方便 | “ | 10:00营业,ocr/input_videos\上海__上海荟聚中心__20260826.mp4
OBS-001072,上海荟聚中心,万益蓝Wonderlab,万益蓝Wonderlab,滋补品,3.9,,L1,rated,True,,rated,parsed,rating_anchor,0.9981,0.9964,51,10344,175.486,滋补品 | 🌟🌟🌟🌟3.9 | L1,万益蓝Wonderlab | OHNSCERE | 滋补品 | 🌟🌟🌟🌟3.9 | L1 | 10:00营业,ocr/input_videos\上海__上海荟聚中心__20260826.mp4
OBS-001073,上海荟聚中心,七鲜麻辣烫,七鲜麻辣烫,麻辣烫,3.5,,商场内,rated,True,,rated,parsed,rating_anchor,0.9995,0.9995,52,10344,175.486,🌟🌟🌟🌟🌟 | 商场内 | 麻辣烫 | 3.5,七鲜麻辣烫 | 🌟🌟🌟🌟🌟 | 商场内 | 麻辣烫 | 3.5 | 营业中,ocr/input_videos\上海__上海荟聚中心__20260826.mp4
OBS-001074,上海荟聚中心,AIMEEWQ,AIMEEWQ,服饰鞋包,4.4,153,LG1,rated,True,,rated,parsed,rating_anchor,0.9963,0.9933,54,10344,175.486,⭐🌟⭐⭐ | LG1 | 4.4 | 服饰鞋包 | ￥153/人 | ★,"AIMEEWQ | ""HELLO | SHANGHAI"" | ⭐🌟⭐⭐ | LG1 | 4.4 | 服饰鞋包 | ￥153/人 | ★ | 店内装修粉粉的，娃娃超可爱 | 000AnO | 10:00营业",ocr/input_videos\上海__上海荟聚中心__20260826.mp4
OBS-001075,上海荟聚中心,WenTinG文汀·半糖蛋糕,WenTinG文汀·半糖蛋糕,面包蛋糕,4.7,132,LG1,rated,True,,rated,parsed,rating_anchor,0.9923,0.9895,51,10344,175.486,LG1 | 🌟🌟⭐⭐🌟 | ￥132/人 | 4.7 | 面包蛋糕,WenTinG文汀·半糖蛋糕 | LG1 | 🌟🌟⭐⭐🌟 | ￥132/人 | 4.7 | 面包蛋糕 | 点评榜单 | 北新泾/淞虹路面包蛋糕好评榜第1名 | 10:00营业 | 颜值与味道并存，服务贴心，推荐” | 米村拌饭,ocr/input_videos\上海__上海荟聚中心__20260826.mp4
OBS-001076,上海荟聚中心,爱回收球拍主题店,爱回收球拍主题店,手机数码回收,3.2,,LG2,rated,True,,rated,parsed,rating_anchor,0.999,0.9981,51,10356,175.69,🌟🌟⭐ | LG2 | 手机数码回收 | 3.2 | ★★,爱回收球拍主题店 | 🌟🌟⭐ | LG2 | 手机数码回收 | 3.2 | ★★ | 爱回收 | 分量和纯度检测精准，回收快捷方便 | 10:00营业,ocr/input_videos\上海__上海荟聚中心__20260826.mp4
OBS-001077,上海荟聚中心,万益蓝Wonderlab,万益蓝Wonderlab,滋补品,3.9,,L1,rated,True,,rated,parsed,rating_anchor,0.9989,0.998,48,10356,175.69,🌟🌟⭐🌟🌟 | 滋补品 | L1 | 3.9,万益蓝Wonderlab | OSOENNEFAE | 🌟🌟⭐🌟🌟 | 滋补品 | L1 | 3.9 | 10:00营业,ocr/input_videos\上海__上海荟聚中心__20260826.mp4
OBS-001078,上海荟聚中心,七鲜麻辣烫,七鲜麻辣烫,麻辣烫,3.5,,商场内,rated,True,,rated,parsed,rating_anchor,0.9974,0.9952,55,10356,175.69,商场内 | 麻辣烫 | ★🌟🌟★ | 3.5,七鲜麻辣烫 | 商场内 | 麻辣烫 | ★🌟🌟★ | 3.5 | 营业中,ocr/input_videos\上海__上海荟聚中心__20260826.mp4
OBS-001079,上海荟聚中心,AIMEEWQ,AIMEEWQ,服饰鞋包,4.4,153,LG1,rated,True,,rated,parsed,rating_anchor,0.9962,0.9928,52,10356,175.69,🌟🌟🎉🎉 | LG1 | 服饰鞋包 | ￥153/人 | 4.4 | ★,"AIMEEWQ | HELLO | SHANGHAI"" | 🌟🌟🎉🎉 | LG1 | 服饰鞋包 | ￥153/人 | 4.4 | ★ | 店内装修粉粉的，娃娃超可爱 | COCnAA | 10:00营业",ocr/input_videos\上海__上海荟聚中心__20260826.mp4
OBS-001080,上海荟聚中心,WenTinG文汀·半糖蛋糕,WenTinG文汀·半糖蛋糕,面包蛋糕,4.7,132,LG1,rated,True,,rated,parsed,rating_anchor,0.9873,0.9792,48,10356,175.69,LG1 | 🌟🌟🌟 | 4.7 | 面包蛋糕 | ￥132/人,WenTinG文汀·半糖蛋糕 | LG1 | 🌟🌟🌟 | 4.7 | 面包蛋糕 | ￥132/人 | 点评榜单 | 北新泾/淞虹路面包蛋糕好评榜第1名 | 10:00营业 | “颜值与味道并存，服务贴心，推荐”,ocr/input_videos\上海__上海荟聚中心__20260826.mp4
OBS-001081,上海荟聚中心,米村拌饭,米村拌饭,快察简餐,,32,,unknown,True,,ocr_missing,parsed,metadata_anchor,0.9393,0.9993,53,10356,175.69,快察简餐￥32/人,米村拌饭 | 米村 | 快察简餐￥32/人,ocr/input_videos\上海__上海荟聚中心__20260826.mp4
OBS-001082,上海荟聚中心,万益蓝Wonderlab,万益蓝Wonderlab,滋补品,3.9,,L1,rated,True,,rated,parsed,rating_anchor,0.9989,0.9979,48,10440,177.115,🌟🌟🎉🌟3.9 | 滋补品 | L1,万益蓝Wonderlab | 030EONCRE | 🌟🌟🎉🌟3.9 | 滋补品 | L1 | 10:00营业,ocr/input_videos\上海__上海荟聚中心__20260826.mp4
OBS-001083,上海荟聚中心,七鲜麻辣烫,七鲜麻辣烫,麻辣烫,3.5,,商场内,rated,True,,rated,parsed,rating_anchor,0.9997,0.9994,52,10440,177.115,商场内 | 🌟🌟🌟⭐⭐ | 麻辣烫 | 3.5,七鲜麻辣烫 | 商场内 | 🌟🌟🌟⭐⭐ | 麻辣烫 | 3.5 | 营业中,ocr/input_videos\上海__上海荟聚中心__20260826.mp4
OBS-001084,上海荟聚中心,AIMEEWQ,AIMEEWQ,服饰鞋包,4.4,153,LG1,rated,True,,rated,parsed,rating_anchor,0.9836,0.9918,54,10440,177.115,🌟🌟⭐ | LG1 | 服饰鞋包￥153/人 | 4.4 | ★,"AIMEEWQ | ""HELLO | SHANGHAI"" | 🌟🌟⭐ | LG1 | 服饰鞋包￥153/人 | 4.4 | ★ | 店内装修粉粉的，娃娃超可爱 | F | C0C00 | 10:00营业",ocr/input_videos\上海__上海荟聚中心__20260826.mp4
OBS-001085,上海荟聚中心,WenTinG文汀·半糖蛋糕,WenTinG文汀·半糖蛋糕,面包蛋糕,4.7,132,LG1,rated,True,,rated,parsed,rating_anchor,0.991,0.9865,51,10440,177.115,LG1 | 🌟🌟🌟⭐🌟 | ￥132/人 | 4.7 | 面包蛋糕,WenTinG文汀·半糖蛋糕 | LG1 | 🌟🌟🌟⭐🌟 | ￥132/人 | 4.7 | 面包蛋糕 | 点评榜单 | 北新泾/淞虹路面包蛋糕好评榜第1名 | 10:00营业 | 颜值与味道并存，服务贴心，推荐”,ocr/input_videos\上海__上海荟聚中心__20260826.mp4
OBS-001086,上海荟聚中心,米村拌饭,米村拌饭,快餐简餐,3.9,32,LG2,rated,True,,rated,parsed,rating_anchor,0.9981,0.9994,56,10440,177.115,LG2 | ⭐🌟🌟🌟🌟 | ￥32/人 | 快餐简餐 | 3.9,米村拌饭 | 米村 | LG2 | ⭐🌟🌟🌟🌟 | ￥32/人 | 快餐简餐 | 3.9 | 拌饭 | 石锅拌饭加干锅鱿鱼，美味又实惠 | S | 10:00营业,ocr/input_videos\上海__上海荟聚中心__20260826.mp4
OBS-001087,上海荟聚中心,万益蓝Wonderlab,万益蓝Wonderlab,滋补品,3.9,,L1,rated,True,,rated,parsed,rating_anchor,0.9989,0.998,48,10488,177.929,🌟🌟🎉🌟3.9 | 滋补品 | L1,万益蓝Wonderlab | 030EONCCRE | 🌟🌟🎉🌟3.9 | 滋补品 | L1 | 10:00营业,ocr/input_videos\上海__上海荟聚中心__20260826.mp4
OBS-001088,上海荟聚中心,七鲜麻辣烫,七鲜麻辣烫,麻辣烫,3.5,,商场内,rated,True,,rated,parsed,rating_anchor,0.9994,0.9989,52,10488,177.929,商场内 | ★🌟★★★ | 麻辣烫 | 3.5,七鲜麻辣烫 | 商场内 | ★🌟★★★ | 麻辣烫 | 3.5 | 营业中,ocr/input_videos\上海__上海荟聚中心__20260826.mp4
OBS-001089,上海荟聚中心,AIMEEWQ,AIMEEWQ,服饰鞋包,4.4,153,LG1,rated,True,,rated,parsed,rating_anchor,0.9824,0.9937,53,10488,177.929,LG1 | 🌟🌟⭐⭐ | 服饰鞋包￥153/人 | 4.4,"AIMEEWQ | ""HELLO | SHANGHAI"" | LG1 | 🌟🌟⭐⭐ | 服饰鞋包￥153/人 | 4.4 | 店内装修粉粉的，娃娃超可爱 | 1 | 0ooo | 10:00营业",ocr/input_videos\上海__上海荟聚中心__20260826.mp4
OBS-001090,上海荟聚中心,WenTinG文汀·半糖蛋糕,WenTinG文汀·半糖蛋糕,面包蛋糕,4.7,132,LG1,rated,True,,rated,parsed,rating_anchor,0.9931,0.9917,51,10488,177.929,LG1 | ★🌟🌟🌟🌟 | ￥132/人 | 面包蛋糕 | 4.7,WenTinG文汀·半糖蛋糕 | LG1 | ★🌟🌟🌟🌟 | ￥132/人 | 面包蛋糕 | 4.7 | 点评榜单 | 北新泾/淞虹路面包蛋糕好评榜第1名 | 10:00营业 | 颜值与味道并存，服务贴心，推荐 | ：,ocr/input_videos\上海__上海荟聚中心__20260826.mp4
OBS-001091,上海荟聚中心,米村拌饭,米村拌饭,快餐简餐,3.9,32,LG2,rated,True,,rated,parsed,rating_anchor,0.9754,0.9993,56,10488,177.929,LG2 | 快餐简餐￥32/人 | ★🌟★★★ | 3.9,米村拌饭 | 米村 | LG2 | 快餐简餐￥32/人 | ★🌟★★★ | 3.9 | 拌饭 | 石锅拌饭加干锅鱿鱼，美味又实惠 | S | 10:00营业 | 奶糖派大杯內衣,ocr/input_videos\上海__上海荟聚中心__20260826.mp4
OBS-001092,上海荟聚中心,七鲜麻辣烫,七鲜麻辣烫,麻辣烫,3.5,,商场内,rated,True,,rated,parsed,rating_anchor,0.9973,0.9996,52,10524,178.54,商场内 | 3.5麻辣烫 | 🌟🌟🌟🌟🌟,七鲜麻辣烫 | 商场内 | 3.5麻辣烫 | 🌟🌟🌟🌟🌟 | 营业中,ocr/input_videos\上海__上海荟聚中心__20260826.mp4
OBS-001093,上海荟聚中心,AIMEEWQ,AIMEEWQ,服饰鞋包,4.4,153,LG1,rated,True,,rated,parsed,rating_anchor,0.9839,0.9933,53,10524,178.54,★★★★ | LG1 | 服饰鞋包￥153/人 | 4.4 | ★,"AIMEEWQ | ""HELLO | SHANGHAI"" | ★★★★ | LG1 | 服饰鞋包￥153/人 | 4.4 | ★ | C | 店内装修粉粉的，娃娃超可爱 | cdaaeno | 10:00营业",ocr/input_videos\上海__上海荟聚中心__20260826.mp4
OBS-001094,上海荟聚中心,WenTinG文汀·半糖蛋糕,WenTinG文汀·半糖蛋糕,面包蛋糕,4.7,132,LG1,rated,True,,rated,parsed,rating_anchor,0.9812,0.99,51,10524,178.54,⭐🌟🌟🌟🌟 | LG1 | 4.7 | 面包蛋糕￥132/人,WenTinG文汀·半糖蛋糕 | ⭐🌟🌟🌟🌟 | LG1 | 4.7 | 面包蛋糕￥132/人 | 点评榜单 | 北新泾/淞虹路面包蛋糕好评榜第1名 | 10:00营业 | 颜值与味道并存，服务贴心，推荐”,ocr/input_videos\上海__上海荟聚中心__20260826.mp4
OBS-001095,上海荟聚中心,米村拌饭,米村拌饭,快餐简餐,3.9,32,LG2,rated,True,,rated,parsed,rating_anchor,0.9841,0.9992,57,10524,178.54,LG2 | 🌟🌟🌟🌟🌟 | 3.9 | 快餐简餐￥32/人,米村拌饭 | 米村 | LG2 | 🌟🌟🌟🌟🌟 | 3.9 | 快餐简餐￥32/人 | 拌饭 | 石锅拌饭加干锅鱿鱼，美味又实惠 | 10:00营业,ocr/input_videos\上海__上海荟聚中心__20260826.mp4
OBS-001096,上海荟聚中心,奶糖派大杯内衣,奶糖派大杯内衣,内衣,4.6,661,L2,rated,True,,rated,parsed,rating_anchor,0.9399,0.9304,51,10524,178.54,🌟🌟🌟🌟🌟 | L2 | 4.6内衣￥661/人,奶糖派大杯内衣 | 🌟🌟🌟🌟🌟 | L2 | 4.6内衣￥661/人 | 奶糖派 | 点评榜单 | 北新泾/淞虹路服饰鞋包热门榜第10名 | 大杯内衣 | 10:00营业 | 前台服务贴心，示范操作暖心” | “ | ￥89￥100100代券|黄油小熊家居. | 惠 | ￥19.9￥50 | 惠 | 【新客专享】50元代金券,ocr/input_videos\上海__上海荟聚中心__20260826.mp4
OBS-001097,上海荟聚中心,CITYMART城市集市·假日,CITYMART城市集市·假日,快餐简餐,4.3,48,LG2,rated,True,,rated,parsed,rating_anchor,0.9696,0.9823,51,10524,178.54,LG2 | 🌟🌟🌟 | 快餐简餐￥48/人 | 4.3 | ★,CITYMART城市集市·假日 | LG2 | 🌟🌟🌟 | 快餐简餐￥48/人 | 4.3 | ★,ocr/input_videos\上海__上海荟聚中心__20260826.mp4
OBS-001098,上海荟聚中心,WenTinG文汀·半糖蛋糕,WenTinG文汀·半糖蛋糕,面包蛋糕,4.7,132,LG1,rated,True,,rated,parsed,rating_anchor,0.9607,0.9712,54,10536,178.743,LG1 | 4.7面包蛋糕￥132/人,WenTinG文汀·半糖蛋糕 | LG1 | 4.7面包蛋糕￥132/人 | 点评榜单 | 北新泾/淞虹路面包蛋糕好评榜第1名 | 10:00营业 | 颜值与味道并存，服务贴心，推荐,ocr/input_videos\上海__上海荟聚中心__20260826.mp4
OBS-001099,上海荟聚中心,米村拌饭,米村拌饭,快餐简餐,3.9,32,LG2,rated,True,,rated,parsed,rating_anchor,0.9743,0.9992,56,10536,178.743,LG2 | 3.9快餐简餐￥32/人,米村拌饭 | 米村 | LG2 | 3.9快餐简餐￥32/人 | 拌饭 | 石锅拌饭加干锅鱿鱼，美味又实惠 | “ | 10:00营业,ocr/input_videos\上海__上海荟聚中心__20260826.mp4
OBS-001100,上海荟聚中心,奶糖派大杯內衣,奶糖派大杯内衣,内衣,4.6,661,L2,rated,True,,rated,parsed,rating_anchor,0.9342,0.9486,51,10536,178.743,4.6内衣￥661/人 | L2,奶糖派大杯內衣 | 4.6内衣￥661/人 | L2 | 奶糖派 | 点评榜单 | 大杯内衣 | 北新泾/淞虹路服饰鞋包热门榜第10名 | 10:00营业 | 前台服务贴心，示范操作暖” | ≤ | ￥89￥100100代金券|黄油小熊家居.. | 惠 | ￥19.9￥50 | 惠 | 【新客专享】50元代金券,ocr/input_videos\上海__上海荟聚中心__20260826.mp4
OBS-001101,上海荟聚中心,CITYMART城市集市·假日,CITYMART城市集市·假日,快餐简餐,4.3,48,LG2,rated,True,,rated,parsed,rating_anchor,0.9787,0.9814,54,10536,178.743,LG2 | 🌟🌟⭐ | 4.3快餐简餐￥48/人,CITYMART城市集市·假日 | 城市 | LG2 | 🌟🌟⭐ | 4.3快餐简餐￥48/人 | 集花 | 北新泾/淞虹路小吃快餐环境榜第6名 | 点评榜单 | 10:00营业 | 附近人气超旺的打工午餐聚集地,ocr/input_videos\上海__上海荟聚中心__20260826.mp4
OBS-001102,上海荟聚中心,黄油&渔·黄油手工烤鱼片,黄油&渔·黄油手工烤鱼片,其他美食,3.7,79,LG2,rated,True,,rated,parsed,rating_anchor,0.9508,0.9723,54,10536,178.743,LG2 | 3.7其他美食￥79/人,黄油&渔·黄油手工烤鱼片 | LG2 | 3.7其他美食￥79/人 | 10:00营业,ocr/input_videos\上海__上海荟聚中心__20260826.mp4
OBS-001103,上海荟聚中心,WenTinG文汀·半糖蛋糕,WenTinG文汀·半糖蛋糕,面包蛋糕,4.7,132,LG1,rated,True,,rated,parsed,rating_anchor,0.9752,0.9815,46,10560,179.15,⭐🌟🌟🌟🌟 | LG1 | 面包蛋糕￥132/人 | 4.7,WenTinG文汀·半糖蛋糕 | ⭐🌟🌟🌟🌟 | LG1 | 面包蛋糕￥132/人 | 4.7 | 点评榜单 | 北新泾/淞虹路面包蛋糕好评榜第1名 | 10:00营业 | 颜值与味道并存，服务贴心，推荐”,ocr/input_videos\上海__上海荟聚中心__20260826.mp4
OBS-001104,上海荟聚中心,米村拌饭,米村拌饭,快餐简餐,3.9,32,LG2,rated,True,,rated,parsed,rating_anchor,0.9852,0.9992,51,10560,179.15,LG2 | 🌟🌟🌟🌟🌟 | 快餐简餐￥32/人 | 3.9,米村拌饭 | 米村 | LG2 | 🌟🌟🌟🌟🌟 | 快餐简餐￥32/人 | 3.9 | 拌饭 | 石锅拌饭加干锅鱿鱼，美味又实惠 | 10:00营业,ocr/input_videos\上海__上海荟聚中心__20260826.mp4
OBS-001105,上海荟聚中心,奶糖派大杯内衣,奶糖派大杯内衣,内衣,4.6,661,L2,rated,True,,rated,parsed,rating_anchor,0.951,0.9646,48,10560,179.15,L2 | ★★★★★ | 内衣￥661/人 | 4.6,奶糖派大杯内衣 | L2 | ★★★★★ | 内衣￥661/人 | 4.6 | 奶糖派 | 点评榜单 | 大杯内衣 | 北新泾/淞虹路服饰鞋包热门榜第10名 | 10:00营业 | 前台服务贴心，示范操作暖心 | “ | 2 | ￥89￥100100代金券|黄油小熊家居... | 惠 | ￥19.9￥50 | 【新客专享】 | 惠 | 50元代金券,ocr/input_videos\上海__上海荟聚中心__20260826.mp4
OBS-001106,上海荟聚中心,CITYMART城市集市·假日,CITYMART城市集市·假日,快餐简餐,4.3,48,LG2,rated,True,,rated,parsed,rating_anchor,0.9707,0.9806,48,10560,179.15,🌟🌟🌟🌟 | LG2 | 快餐简餐￥48/人 | 4.3,CITYMART城市集市·假日 | 城市 | 🌟🌟🌟🌟 | LG2 | 快餐简餐￥48/人 | 4.3 | 集花 | 点评榜单 | 北新泾/淞虹路小吃快餐环境榜第6名 | 10:00营业 | 附近人气超旺的打工午餐聚集地,ocr/input_videos\上海__上海荟聚中心__20260826.mp4
OBS-001107,上海荟聚中心,黄油&渔·黄油手工烤鱼片,黄油&渔·黄油手工烤鱼片,其他美食,3.7,79,LG2,rated,True,,rated,parsed,rating_anchor,0.9356,0.9591,48,10560,179.15,⭐3.7其他美食￥79/人 | LG2,黄油&渔·黄油手工烤鱼片 | ⭐3.7其他美食￥79/人 | LG2 | 10:00营业 | GANO HAIR,ocr/input_videos\上海__上海荟聚中心__20260826.mp4
OBS-001108,上海荟聚中心,CITYMART城市集市·假日,CITYMART城市集市·假日,快餐简餐,4.3,48,LG2,rated,True,,rated,parsed,rating_anchor,0.9734,0.9818,57,10680,181.186,⭐🌟🌟 | LG2 | 快餐简餐￥48/人 | 4.3 | ★,CITYMART城市集市·假日 | 城市 | ⭐🌟🌟 | LG2 | 快餐简餐￥48/人 | 4.3 | ★ | 集花 | 点评榜单 | 北新泾/淞虹路小吃快餐环境榜第6名 | 10:00营业 | 附近人气超旺的打工午餐聚集地,ocr/input_videos\上海__上海荟聚中心__20260826.mp4
OBS-001109,上海荟聚中心,黄油&渔·黄油手工烤鱼片,黄油&渔·黄油手工烤鱼片,其他美食,3.7,79,LG2,rated,True,,rated,parsed,rating_anchor,0.9421,0.9516,51,10680,181.186,3.7其他美食￥79/人 | LG2,黄油&渔·黄油手工烤鱼片 | 3.7其他美食￥79/人 | LG2 | 10:00营业,ocr/input_videos\上海__上海荟聚中心__20260826.mp4
OBS-001110,上海荟聚中心,GANO HAIR,GANOHAIR,美发,4.6,231,商场内,rated,True,,rated,parsed,rating_anchor,0.9626,0.9545,45,10680,181.186,商场内 | 🌟🌟⭐🌟🌟 | 4.6美发￥231/人,GANO HAIR | 商场内 | 🌟🌟⭐🌟🌟 | 4.6美发￥231/人 | 北新泾/淞虹路洗剪吹销量榜第1名 | 10:00营业 | 惠 | ￥198 | ￥1688.6折 | 【开学季专享】精..,ocr/input_videos\上海__上海荟聚中心__20260826.mp4
OBS-001111,上海荟聚中心,淮南牛肉汤,淮南牛肉汤,小吃快餐,3.2,,LG2,rated,True,,rated,parsed,rating_anchor,0.9469,0.9989,55,10680,181.186,LG2 | ⭐3.2 小吃快餐,淮南牛肉汤 | 浪南牛内汤 | LG2 | ⭐3.2 小吃快餐,ocr/input_videos\上海__上海荟聚中心__20260826.mp4
OBS-001112,上海荟聚中心,年之糕,年之糕,面包蛋糕,3.5,41,LG1,rated,True,,rated,parsed,rating_anchor,0.97,0.9999,59,10680,181.186,LG1 | 3.5面包蛋糕￥41/人,年之糕 | 糕 | LG1 | 3.5面包蛋糕￥41/人 | NIANZHIGAO | 年之糕 | 10:00营业,ocr/input_videos\上海__上海荟聚中心__20260826.mp4
OBS-001113,上海荟聚中心,CITYMART城市集市·假日,CITYMART城市集市·假日,快餐简餐,4.3,48,LG2,rated,True,,rated,parsed,rating_anchor,0.9913,0.9837,54,10728,182.001,LG2 | 🌟🌟⭐ | 快餐简餐 | ￥48/人 | ￥ | 4.3,CITYMART城市集市·假日 | 城市 | LG2 | 🌟🌟⭐ | 快餐简餐 | ￥48/人 | ￥ | 4.3 | 集花 | 点评镑单 | 北新泾/淞虹路小吃快餐环境榜第6名 | 10:00营业 | T | 附近人气超旺的打工午餐聚集地 | 5,ocr/input_videos\上海__上海荟聚中心__20260826.mp4
OBS-001114,上海荟聚中心,黄油&渔·黄油手工烤鱼片,黄油&渔·黄油手工烤鱼片,其他美食,3.7,79,LG2,rated,True,,rated,parsed,rating_anchor,0.949,0.9378,48,10728,182.001,LG2 | 🌟🌟🌟🌟🌟 | 其他美食￥79/人 | 3.7,黄油&渔·黄油手工烤鱼片 | LG2 | 🌟🌟🌟🌟🌟 | 其他美食￥79/人 | 3.7 | 10:00营业,ocr/input_videos\上海__上海荟聚中心__20260826.mp4
OBS-001115,上海荟聚中心,GANO HAIR,GANOHAIR,美发,4.6,231,商场内,rated,True,,rated,parsed,rating_anchor,0.9805,0.9611,44,10728,182.001,商场内 | ￥231/人 | ★★★★★ | 美发 | 4.6,GANO HAIR | Hair | 商场内 | ￥231/人 | ★★★★★ | 美发 | 4.6 | 北新泾/淞虹路洗剪吹销量榜第1名 | 10:00营业 | ￥198 | ￥168 | 8.6折 | 【开学季专享】精.. | 惠,ocr/input_videos\上海__上海荟聚中心__20260826.mp4
OBS-001116,上海荟聚中心,淮南牛肉汤,淮南牛肉汤,小吃快餐,3.2,,LG2,rated,True,,rated,parsed,rating_anchor,0.9984,0.9991,55,10728,182.001,LG2 | ★★🌟★★ | 3.2小吃快餐,淮南牛肉汤 | 浪南牛肉汤 | LG2 | ★★🌟★★ | 3.2小吃快餐,ocr/input_videos\上海__上海荟聚中心__20260826.mp4
OBS-001117,上海荟聚中心,年之糕,年之糕,面包蛋糕,3.5,41,LG1,rated,True,,rated,parsed,rating_anchor,0.9993,0.9999,61,10728,182.001,LG1 | 🌟🌟🌟🌟🌟 | 面包蛋糕 | 3.5 | ￥41/人,年之糕 | 糕 | LG1 | 🌟🌟🌟🌟🌟 | 面包蛋糕 | 3.5 | ￥41/人 | NIANZHIGAO | 年之糕 | 10:00营业,ocr/input_videos\上海__上海荟聚中心__20260826.mp4
OBS-001118,上海荟聚中心,CLMX,CLMX,服饰鞋包,,1199,L2,unknown,True,,ocr_missing,parsed,metadata_anchor,0.986,0.9949,46,10728,182.001,L2 | ⭐🌟🌟⭐🌟 | 服饰鞋包￥1199/人 | 14.8,CLMX | CLMX | L2 | ⭐🌟🌟⭐🌟 | 服饰鞋包￥1199/人 | 14.8 | 点评榜单 | 北新泾/淞虹路服饰鞋包好评榜第5名,ocr/input_videos\上海__上海荟聚中心__20260826.mp4
OBS-001119,上海荟聚中心,GANO HAIR,GANOHAIR,美发,4.6,231,商场内,rated,True,,rated,parsed,rating_anchor,0.9545,0.9533,50,10800,183.222,🌟🌟⭐⭐🌟 | 商场内 | 美发￥231/人 | 4.6,GANO HAIR | 🌟🌟⭐⭐🌟 | 商场内 | 美发￥231/人 | 4.6 | 北新泾/淞虹路洗剪吹销量榜第1名 | 10:00营业 | ￥198 | ￥168 | 8.6折 | 惠 | 【开学季专享】精..,ocr/input_videos\上海__上海荟聚中心__20260826.mp4
OBS-001120,上海荟聚中心,淮南牛肉汤,淮南牛肉汤,小吃快餐,3.2,,LG2,rated,True,,rated,parsed,rating_anchor,0.9963,0.9992,58,10800,183.222,⭐🌟⭐ | LG2 | ⭐⭐ | 3.2小吃快餐,淮南牛肉汤 | 淮南牛肉汤 | ⭐🌟⭐ | LG2 | ⭐⭐ | 3.2小吃快餐,ocr/input_videos\上海__上海荟聚中心__20260826.mp4
OBS-001121,上海荟聚中心,年之糕,年之糕,面包蛋糕,3.5,41,LG1,rated,True,,rated,parsed,rating_anchor,0.9665,0.9999,59,10800,183.222,⭐3.5面包蛋糕 | LG1 | 焦￥41/人,年之糕 | 糕 | ⭐3.5面包蛋糕 | LG1 | 焦￥41/人 | NIANZHIGAO | 年之糕 | 10:00营业,ocr/input_videos\上海__上海荟聚中心__20260826.mp4
OBS-001122,上海荟聚中心,CLMX,CLMX,服饰鞋包,4.8,1199,L2,rated,True,,rated,parsed,rating_anchor,0.9777,0.9908,51,10800,183.222,⭐🌟🌟⭐🌟 | L2 | 4.8 | 服饰鞋包￥1199/人,CLMX | CLMX | ⭐🌟🌟⭐🌟 | L2 | 4.8 | 服饰鞋包￥1199/人 | 点评榜单 | 北新泾/淞虹路服饰鞋包好评榜第5名 | 10:00营业 | 款式众多，服务贴心不推销,ocr/input_videos\上海__上海荟聚中心__20260826.mp4
OBS-001123,上海荟聚中心,汕心·潮汕甜汤,汕心·潮汕甜汤,甜品,3.9,26,LG2,rated,True,,rated,parsed,rating_anchor,0.9899,0.9799,52,10800,183.222,🌟🌟⭐🌟🌟 | 甜品 | ￥26/人 | LG2 | 3.9,汕心·潮汕甜汤 | 国 | 潮汕冬瓜清 | 🌟🌟⭐🌟🌟 | 甜品 | ￥26/人 | LG2 | 3.9 | 点评榜单 | 长宁区甜品打卡人气榜第2名 | 10:00营业,ocr/input_videos\上海__上海荟聚中心__20260826.mp4
OBS-001124,上海荟聚中心,巧国源记,巧国源记,甜品,3.9,67,LG2,rated,True,,rated,parsed,rating_anchor,0.9688,0.9999,56,10800,183.222,🌟🌟🌟🌟🌟 | LG2 | 甜品￥67/人 | 3.9,巧国源记 | 巧国源记 | 风巧克力 | 🌟🌟🌟🌟🌟 | LG2 | 甜品￥67/人 | 3.9,ocr/input_videos\上海__上海荟聚中心__20260826.mp4
OBS-001125,上海荟聚中心,GANO HAIR,GANOHAIR,美发,4.6,231,商场内,rated,True,,rated,parsed,rating_anchor,0.9666,0.9727,45,10824,183.629,商场内 | 🌟🌟🌟🌟🌟 | 美发￥231/人 | 4.6,GANO HAIR | 商场内 | 🌟🌟🌟🌟🌟 | 美发￥231/人 | 4.6 | 北新泾/淞虹路洗剪吹销量榜第1名 | 10:00营业 | ￥198 | 【开学季专享】精….. | ￥168 | 8.6折 | 惠,ocr/input_videos\上海__上海荟聚中心__20260826.mp4
OBS-001126,上海荟聚中心,淮南牛肉汤,淮南牛肉汤,小吃快餐,3.2,,LG2,rated,True,,rated,parsed,rating_anchor,0.9987,0.9994,56,10824,183.629,⭐🌟⭐ | LG2 | 3.2小吃快餐 | ★★,淮南牛肉汤 | 淮南牛内汤 | ⭐🌟⭐ | LG2 | 3.2小吃快餐 | ★★,ocr/input_videos\上海__上海荟聚中心__20260826.mp4
OBS-001127,上海荟聚中心,年之糕,年之糕,面包蛋糕,3.5,41,LG1,rated,True,,rated,parsed,rating_anchor,0.977,0.9999,66,10824,183.629,3.5面包蛋糕￥41/人 | LG1,年之糕 | 糕 | 3.5面包蛋糕￥41/人 | LG1 | NIANZHIGAO | 年之糕 | 10:00营业,ocr/input_videos\上海__上海荟聚中心__20260826.mp4
OBS-001128,上海荟聚中心,CLMX,CLMX,服饰鞋包,,1199,L2,unknown,True,,ocr_missing,parsed,metadata_anchor,0.9819,0.9924,50,10824,183.629,🌟🌟🌟🌟🌟 | L2 | 服饰鞋包￥1199/人 | 14.8,CLMX | CLMX | 🌟🌟🌟🌟🌟 | L2 | 服饰鞋包￥1199/人 | 14.8 | 点评榜单 | 北新泾/淞虹路服饰鞋包好评榜第5名 | 10:00营业 | 款式众多，服务贴心不推销,ocr/input_videos\上海__上海荟聚中心__20260826.mp4
OBS-001129,上海荟聚中心,汕心·潮汕甜汤,汕心·潮汕甜汤,甜品,3.9,26,LG2,rated,True,,rated,parsed,rating_anchor,0.9929,0.9858,54,10824,183.629,甜品 | LG2 | 🌟🌟🌟💥🌟 | ￥26/人 | 3.9,汕心·潮汕甜汤 | 国 | 潮汕冬瓜清 | 甜品 | LG2 | 🌟🌟🌟💥🌟 | ￥26/人 | 3.9 | 点评榜单 | 长宁区甜品打卡人气榜第2名 | 10:00营业,ocr/input_videos\上海__上海荟聚中心__20260826.mp4
OBS-001130,上海荟聚中心,巧国源记,巧国源记,甜品,3.9,67,LG2,rated,True,,rated,parsed,rating_anchor,0.9658,0.9999,55,10824,183.629,🌟🌟🌟⭐3.9 | LG2 | 甜品￥67/人,巧国源记 | 巧国源记 | 风巧克力 | 🌟🌟🌟⭐3.9 | LG2 | 甜品￥67/人 | 轿停营业,ocr/input_videos\上海__上海荟聚中心__20260826.mp4
OBS-001131,上海荟聚中心,年之糕,年之糕,面包蛋糕,3.5,41,LG1,rated,True,,rated,parsed,rating_anchor,0.9716,0.9998,59,10896,184.851,3.5面包蛋糕￥41/人 | LG1,年之糕 | 糕 | 3.5面包蛋糕￥41/人 | LG1 | NIANZHIGAO | 年之糕 | 10:00营业,ocr/input_videos\上海__上海荟聚中心__20260826.mp4
OBS-001132,上海荟聚中心,CLMX,CLMX,服饰鞋包,,1199,L2,unknown,True,,ocr_missing,parsed,metadata_anchor,0.9831,0.9914,51,10896,184.851,⭐🌟🌟🌟 | L2 | 服饰鞋包￥1199/人 | 14.8,CLMX | CLMX | ⭐🌟🌟🌟 | L2 | 服饰鞋包￥1199/人 | 14.8 | 点评榜单 | 北新泾/淞虹路服饰鞋包好评榜第5名 | 10:00营业 | 款式众多，服务贴心不推销”,ocr/input_videos\上海__上海荟聚中心__20260826.mp4
OBS-001133,上海荟聚中心,汕心·潮汕甜汤,汕心·潮汕甜汤,甜品,3.9,26,LG2,rated,True,,rated,parsed,rating_anchor,0.963,0.9833,55,10896,184.851,🌟🌟🌟🌟🌟 | 甜品￥26/人 | LG2 | 3.9,汕心·潮汕甜汤 | 买 | 潮汕冬瓜清 | 🌟🌟🌟🌟🌟 | 甜品￥26/人 | LG2 | 3.9 | 点评榜单 | 长宁区甜品打卡人气榜第2名 | 10:00营业,ocr/input_videos\上海__上海荟聚中心__20260826.mp4
OBS-001134,上海荟聚中心,巧国源记,巧国源记,甜品,3.9,67,LG2,rated,True,,rated,parsed,rating_anchor,0.966,0.9999,57,10896,184.851,LG2 | ⭐🌟🌟💥🌟 | 甜品￥67/人 | 3.9,巧国源记 | 巧国源记 | 山风巧克力 | LG2 | ⭐🌟🌟💥🌟 | 甜品￥67/人 | 3.9 | 暂停营业,ocr/input_videos\上海__上海荟聚中心__20260826.mp4
OBS-001135,上海荟聚中心,德美乐嘉dermalogica,德美乐嘉dermalogica,皮肤管理,4.2,408,L1,rated,True,,rated,parsed,rating_anchor,0.9995,0.9992,63,10896,184.851,皮肤管理 | ★🌟★🌟 | L1 | 4.2 | ￥408/人,德美乐嘉dermalogica | dermalogica | 北美院线领先 | 皮肤管理 | ★🌟★🌟 | L1 | 4.2 | ￥408/人 | 多维皮肤护理 | 北新泾/淞虹路美容美体回头客榜第3名 | 营业中 | 服务贴心舒适，脸洗得很舒爽 | ￥480深层清洁·气泡|微.. | ￥281 | 9.8折 | 惠,ocr/input_videos\上海__上海荟聚中心__20260826.mp4
OBS-001136,上海荟聚中心,年之糕,年之糕,面包蛋糕,3.5,41,LG1,rated,True,,rated,parsed,rating_anchor,0.986,0.9999,61,10920,185.258,LG1 | 🌟🌟⭐🌟🌟 | 3.5面包蛋糕￥41/人,年之糕 | 糕 | LG1 | 🌟🌟⭐🌟🌟 | 3.5面包蛋糕￥41/人 | NIANZHIGAO | 年之糕 | 10:00营业,ocr/input_videos\上海__上海荟聚中心__20260826.mp4
OBS-001137,上海荟聚中心,CLMX,CLMX,服饰鞋包,4.8,1199,L2,rated,True,,rated,parsed,rating_anchor,0.9788,0.9913,54,10920,185.258,🌟🌟🌟🌟🎉 | L2 | 服饰鞋包￥1199/人 | 4.8,CLMX | CLMX | 🌟🌟🌟🌟🎉 | L2 | 服饰鞋包￥1199/人 | 4.8 | 点评榜单 | 北新泾/淞虹路服饰鞋包好评榜第5名 | 10:00营业 | 款式众多，服务贴心不推销 | “,ocr/input_videos\上海__上海荟聚中心__20260826.mp4
OBS-001138,上海荟聚中心,汕心·潮汕甜汤,汕心·潮汕甜汤,甜品,3.9,26,LG2,rated,True,,rated,parsed,rating_anchor,0.9914,0.9828,52,10920,185.258,LG2 | ★🌟★🌟★ | 甜品 | ￥26/人 | 3.9,汕心·潮汕甜汤 | 大 | 潮汕冬瓜清 | LG2 | ★🌟★🌟★ | 甜品 | ￥26/人 | 3.9 | 点评榜单 | 长宁区甜品打卡人气榜第2名 | 10:00营业,ocr/input_videos\上海__上海荟聚中心__20260826.mp4
OBS-001139,上海荟聚中心,巧国源记,巧国源记,甜品,3.9,67,LG2,rated,True,,rated,parsed,rating_anchor,0.9533,0.9999,56,10920,185.258,LG2 | 🌟🌟🌟⭐ | 甜品￥67/人 | 3.9,巧国源记 | 巧国源记 | 风巧克力 | LG2 | 🌟🌟🌟⭐ | 甜品￥67/人 | 3.9 | 暂停营业,ocr/input_videos\上海__上海荟聚中心__20260826.mp4
OBS-001140,上海荟聚中心,德美乐嘉dermalogica,德美乐嘉dermalogica,皮肤管理,4.2,408,L1,rated,True,,rated,parsed,rating_anchor,0.9995,0.9995,61,10920,185.258,🌟🌟🌟🌟 | L1 | 皮肤管理 | ￥408/人 | 4.2 | ★,德美乐嘉dermalogica | dermalogica | 北美院线领先 | 🌟🌟🌟🌟 | L1 | 皮肤管理 | ￥408/人 | 4.2 | ★ | 多维皮肤护理 | 北新泾/淞虹路美容美体回头客榜第3名 | 营业中 | 服务贴心舒适，脸洗得很舒爽 | ￥281 | 9.8折 | ￥480 | 深层清洁·大气泡|微.. | 惠,ocr/input_videos\上海__上海荟聚中心__20260826.mp4
OBS-001141,上海荟聚中心,年之糕,年之糕,面包蛋糕,3.5,41,LG1,rated,True,,rated,parsed,rating_anchor,0.9858,0.9999,61,10956,185.869,🌟🌟🌟🌟🌟 | LG1 | 3.5面包蛋糕￥41/人,年之糕 | 糕 | 🌟🌟🌟🌟🌟 | LG1 | 3.5面包蛋糕￥41/人 | NIANZHIGAO | 年之糕 | 10:00营业,ocr/input_videos\上海__上海荟聚中心__20260826.mp4
OBS-001142,上海荟聚中心,CLMX,CLMX,服饰鞋包,4.8,1199,L2,rated,True,,rated,parsed,rating_anchor,0.984,0.9924,51,10956,185.869,L2 | 🌟🌟🌟🌟🌟 | 服饰鞋包￥1199/人 | 4.8,CLMX | CLMX | L2 | 🌟🌟🌟🌟🌟 | 服饰鞋包￥1199/人 | 4.8 | 点评榜单 | 北新泾/淞虹路服饰鞋包好评榜第5名 | 10:00营业 | 款式众多，服务贴心不推销,ocr/input_videos\上海__上海荟聚中心__20260826.mp4
OBS-001143,上海荟聚中心,汕心·潮汕甜汤,汕心·潮汕甜汤,甜品,3.9,26,LG2,rated,True,,rated,parsed,rating_anchor,0.9887,0.9775,52,10956,185.869,LG2 | ★★★★★ | 甜品 | ￥26/人 | 3.9,汕心·潮汕甜汤 | 大 | 潮汕冬瓜清 | LG2 | ★★★★★ | 甜品 | ￥26/人 | 3.9 | 点评榜单 | 长宁区甜品打卡人气榜第2名 | 10:00营业,ocr/input_videos\上海__上海荟聚中心__20260826.mp4
OBS-001144,上海荟聚中心,巧国源记,巧国源记,甜品,3.9,67,LG2,rated,True,,rated,parsed,rating_anchor,0.9427,0.9999,56,10956,185.869,🌟🌟🌟🌟 | LG2 | 甜品￥67/人 | 3.9,巧国源记 | 巧国源记 | 风巧克力 | 🌟🌟🌟🌟 | LG2 | 甜品￥67/人 | 3.9 | 暂停营业,ocr/input_videos\上海__上海荟聚中心__20260826.mp4
OBS-001145,上海荟聚中心,德美乐嘉dermalogica,德美乐嘉dermalogica,皮肤管理,4.2,408,L1,rated,True,,rated,parsed,rating_anchor,0.9997,0.9995,60,10956,185.869,★🌟🌟🌟 | L1 | 皮肤管理 | ￥408/人 | 4.2 | ★,德美乐嘉dermalogica | dermalogica | 北美院线领先 | ★🌟🌟🌟 | L1 | 皮肤管理 | ￥408/人 | 4.2 | ★ | 多维皮肤护理 | 北新泾/淞虹路美容美体回头客榜第3名 | 营业中 | 服务贴心舒适，脸洗得很舒爽 | ￥281 | ￥480 | 深层清洁·大气泡|微... | 惠 | 9.8折,ocr/input_videos\上海__上海荟聚中心__20260826.mp4
OBS-001146,上海荟聚中心,年之糕,年之糕,面包蛋糕,3.5,41,LG1,rated,True,,rated,parsed,rating_anchor,0.999,0.9999,58,10968,186.072,🌟🌟🎉🌟🌟 | LG1 | ￥41/人 | 3.5 | 面包蛋糕,年之糕 | 糕 | 🌟🌟🎉🌟🌟 | LG1 | ￥41/人 | 3.5 | 面包蛋糕 | NIANZHIGAO | 年之糕 | 10:00营业,ocr/input_videos\上海__上海荟聚中心__20260826.mp4
OBS-001147,上海荟聚中心,CLMX,CLMX,服饰鞋包,4.8,1199,L2,rated,True,,rated,parsed,rating_anchor,0.9814,0.9951,47,10968,186.072,🌟🌟⭐⭐🌟 | L2 | 服饰鞋包￥1199/人 | 4.8,CLMX | CLMX | 🌟🌟⭐⭐🌟 | L2 | 服饰鞋包￥1199/人 | 4.8 | 点评榜单 | 北新泾/淞虹路服饰鞋包好评榜第5名 | 10:00营业 | 款式众多，服务贴心不推销”,ocr/input_videos\上海__上海荟聚中心__20260826.mp4
OBS-001148,上海荟聚中心,汕心·潮汕甜汤,汕心·潮汕甜汤,甜品,3.9,26,LG2,rated,True,,rated,parsed,rating_anchor,0.9533,0.9709,52,10968,186.072,LG2 | 甜品￥26/人 | 🌟🌟🌟 | 3.9,汕心·潮汕甜汤 | 宝 | 潮汕冬瓜清 | LG2 | 甜品￥26/人 | 🌟🌟🌟 | 3.9 | 点评榜单 | 长宁区甜品打卡人气榜第2名 | 10:00营业,ocr/input_videos\上海__上海荟聚中心__20260826.mp4
OBS-001149,上海荟聚中心,巧国源记,巧国源记,甜品,3.9,67,LG2,rated,True,,rated,parsed,rating_anchor,0.9628,0.9999,56,10968,186.072,LG2 | 🌟🌟🌟🌟🌟 | 甜品￥67/人 | 3.9,巧国源记 | 巧国源记 | 国风巧克力 | LG2 | 🌟🌟🌟🌟🌟 | 甜品￥67/人 | 3.9 | 暂停营业,ocr/input_videos\上海__上海荟聚中心__20260826.mp4
OBS-001150,上海荟聚中心,德美乐嘉dermalogica,德美乐嘉dermalogica,皮肤管理,4.2,408,L1,rated,True,,rated,parsed,rating_anchor,0.9992,0.999,56,10968,186.072,★★★★ | L1 | 4.2 | 皮肤管理 | ￥408/人 | ★,德美乐嘉dermalogica | dermalogica | 北美院线领先 | ★★★★ | L1 | 4.2 | 皮肤管理 | ￥408/人 | ★ | 多维皮肤护理 | 北新泾/淞虹路美容美体回头客榜第3名 | 营业中 | 服务贴心舒适，脸洗得很舒爽 | ￥281 | ￥480深层清洁·大气泡|微... | 9.8折 | 惠,ocr/input_videos\上海__上海荟聚中心__20260826.mp4
OBS-001151,上海荟聚中心,战锅计麻辣香锅,战锅计麻辣香锅,干锅/香锅,,,L2,unrated,False,explicitly_unrated,unrated,parsed,unrated_anchor,0.9945,0.9998,51,10968,186.072,L2 | 暂无星级 | ★★★★★ | 干锅/香锅,战锅计麻辣香锅 | 战锅计 | 麻辣香锅 | L2 | 暂无星级 | ★★★★★ | 干锅/香锅 | SPAZYFOT | 长宁首店 | CnC | 即将开业,ocr/input_videos\上海__上海荟聚中心__20260826.mp4
OBS-001152,上海荟聚中心,汕心·潮汕甜汤,汕心·潮汕甜汤,甜品,3.9,26,LG2,rated,True,,rated,parsed,rating_anchor,0.9462,0.9626,51,11004,186.683,🌟🌟🌟🌟🌟 | LG2 | 甜品￥26/人 | 3.9,汕心·潮汕甜汤 | 5 | 潮汕冬瓜清 | 🌟🌟🌟🌟🌟 | LG2 | 甜品￥26/人 | 3.9 | 点评榜单 | 长宁区甜品打卡人气榜第2名 | 10:00营业,ocr/input_videos\上海__上海荟聚中心__20260826.mp4
OBS-001153,上海荟聚中心,巧国源记,巧国源记,甜品,3.9,67,LG2,rated,True,,rated,parsed,rating_anchor,0.9582,0.9999,55,11004,186.683,🌟🌟🌟★★ | 甜品￥67/人 | LG2 | 3.9,巧国源记 | 巧国源记 | 风巧克力 | 🌟🌟🌟★★ | 甜品￥67/人 | LG2 | 3.9 | 暂停营业,ocr/input_videos\上海__上海荟聚中心__20260826.mp4
OBS-001154,上海荟聚中心,德美乐嘉dermalogica,德美乐嘉dermalogica,皮肤管理,4.2,408,L1,rated,True,,rated,parsed,rating_anchor,0.999,0.9989,57,11004,186.683,L1 | ★★★ | 4.2 | 皮肤管理 | ￥408/人,德美乐嘉dermalogica | dermalogica | 北美院线领先 | L1 | ★★★ | 4.2 | 皮肤管理 | ￥408/人 | 多维皮肤护理 | 北新泾/淞虹路美容美体回头客榜第3名 | 营业中 | 服务贴心舒适， | 脸洗得很舒爽 | ￥281 | 深层清洁·大气泡|微.. | 惠 | 9.8折 | ￥480,ocr/input_videos\上海__上海荟聚中心__20260826.mp4
OBS-001155,上海荟聚中心,战锅计麻辣香锅,战锅计麻辣香锅,干锅/香锅,,,L2,unrated,False,explicitly_unrated,unrated,parsed,unrated_anchor,0.9947,0.9993,48,11004,186.683,L2 | ★★★★★ | 暂无星级 | 干锅/香锅,战锅计麻辣香锅 | 麻辣香锅 | 战锅计 | L2 | ★★★★★ | 暂无星级 | 干锅/香锅 | SPATYFOT | 长宁首店 | 即将开业,ocr/input_videos\上海__上海荟聚中心__20260826.mp4
OBS-001156,上海荟聚中心,丹叔厨房,丹叔厨房,台湾菜,,,LG2,unrated,False,explicitly_unrated,unrated,parsed,unrated_anchor,0.9463,0.8929,53,11004,186.683,LG2 | 台湾菜 | ★★★★★ | 暂无星级,丹叔厨房 | LG2 | 台湾菜 | ★★★★★ | 暂无星级 | 即将开业,ocr/input_videos\上海__上海荟聚中心__20260826.mp4
OBS-001157,上海荟聚中心,名表维修,名表维修,钟表维修,3.7,,LG1,rated,True,,rated,parsed,rating_anchor,0.9925,0.9867,53,11004,186.683,⭐🌟🌟🌟🌟 | LG1 | 钟表维修 | 3.7,名表维修 | -话N | 名表维修 | ⭐🌟🌟🌟🌟 | LG1 | 钟表维修 | 3.7 | WATCH REPAIR | 消费透明 | 清洗保养 | 师傅热情专业， | 手把手教调整时间 | 进水生锈 | 更换电池 | 须的 | 在线留资 | 免排队,ocr/input_videos\上海__上海荟聚中心__20260826.mp4
OBS-001158,上海荟聚中心,德美乐嘉dermalogica,德美乐嘉dermalogica,皮肤管理,4.2,408,L1,rated,True,,rated,parsed,rating_anchor,0.9993,0.9992,58,11100,188.312,🌟🌟⭐⭐ | L1 | 4.2 | 皮肤管理 | ￥408/人,德美乐嘉dermalogica | dermalogica | 北美院线领先 | 🌟🌟⭐⭐ | L1 | 4.2 | 皮肤管理 | ￥408/人 | 多维皮肤护理 | 北新泾/淞虹路美容美体回头客榜第3名 | 营业中 | 服务贴心舒适， | 脸洗得很舒爽 | C | 2 | ￥281 | 9.8折 | 惠 | 深层清洁·大气泡微.. | ￥480,ocr/input_videos\上海__上海荟聚中心__20260826.mp4
OBS-001159,上海荟聚中心,战锅计麻辣香锅,战锅计麻辣香锅,干锅/香锅,,,L2,unrated,False,explicitly_unrated,unrated,parsed,unrated_anchor,0.9878,0.9995,48,11100,188.312,L2 | 暂无星级 | ★★★★★ | 干锅/香锅,战锅计麻辣香锅 | 战锅计 | 麻辣香锅 | L2 | 暂无星级 | ★★★★★ | 干锅/香锅 | SPACYFOT | 长宁首店 | 1aCn | 即将开业,ocr/input_videos\上海__上海荟聚中心__20260826.mp4
OBS-001160,上海荟聚中心,丹叔厨房,丹叔厨房,台湾菜,,,LG2,unrated,False,explicitly_unrated,unrated,parsed,unrated_anchor,0.9883,0.9774,56,11100,188.312,LG2 | 台湾菜 | 🌟🌟🌟💥🌟 | 暂无星级,丹叔厨房 | LG2 | 台湾菜 | 🌟🌟🌟💥🌟 | 暂无星级 | 即将开业,ocr/input_videos\上海__上海荟聚中心__20260826.mp4
OBS-001161,上海荟聚中心,名表维修,名表维修,钟表维修,3.7,,LG1,rated,True,,rated,parsed,rating_anchor,0.9935,0.9874,56,11100,188.312,LG1 | 🌟🌟⭐🌟🌟 | 钟表维修 | 3.7,名表维修 | 1--H | 名表维修 | LG1 | 🌟🌟⭐🌟🌟 | 钟表维修 | 3.7 | WAYCH REPAIR | 清洗保养 | 消费透明 | 师傅热情专业，手把手教调整时间” | 更换电池 | 进水生锈 | 预约 | 在线留资 | 免排队,ocr/input_videos\上海__上海荟聚中心__20260826.mp4
OBS-001162,上海荟聚中心,LITTLE BEAN(上海荟聚店),LITTLEBEAN(上海荟聚店),咖啡,,,LG2,new_store,False,new_store,ocr_missing,parsed,metadata_anchor,0.989,0.9781,50,11100,188.312,LG2 | 新店 | 咖啡,LITTLE BEAN(上海荟聚店) | LG2 | 新店 | 咖啡,ocr/input_videos\上海__上海荟聚中心__20260826.mp4
OBS-001163,上海荟聚中心,CoCo都可,CoCo都可,茶饮果汁,,,LG2,unrated,False,explicitly_unrated,unrated,parsed,unrated_anchor,0.9986,0.9994,52,11100,188.312,LG2 | ★★★★★ | 茶饮果汁 | 暂无星级,CoCo都可 | LG2 | ★★★★★ | 茶饮果汁 | 暂无星级 | 0 | 即将开业,ocr/input_videos\上海__上海荟聚中心__20260826.mp4
OBS-001164,上海荟聚中心,丹叔厨房,丹叔厨房,台湾菜,,,LG2,unrated,False,explicitly_unrated,unrated,parsed,unrated_anchor,0.9841,0.9687,56,11172,189.533,台湾菜 | LG2 | ★★★★★ | 暂无星级,丹叔厨房 | 台湾菜 | LG2 | ★★★★★ | 暂无星级 | 即将开业,ocr/input_videos\上海__上海荟聚中心__20260826.mp4
OBS-001165,上海荟聚中心,名表维修,名表维修,钟表维修,3.7,,LG1,rated,True,,rated,parsed,rating_anchor,0.9986,0.9978,56,11172,189.533,LG1 | 🌟🌟⭐🌟🌟 | 3.7 | 钟表维修,名表维修 | 名表维修 | LG1 | 🌟🌟⭐🌟🌟 | 3.7 | 钟表维修 | WATCH REPAIR | 消费透明 | 清洗保养 | 师傅热情专业，手把手教调整时间” | 进水生锈 | 更换电池 | 预的 | 在线留资 | 免排队,ocr/input_videos\上海__上海荟聚中心__20260826.mp4
OBS-001166,上海荟聚中心,LITTLE BEAN(上海荟聚店),LITTLEBEAN(上海荟聚店),咖啡,,,LG2,new_store,False,new_store,ocr_missing,parsed,metadata_anchor,0.9911,0.9823,58,11172,189.533,新店 | 咖啡 | LG2,LITTLE BEAN(上海荟聚店) | 新店 | 咖啡 | LG2,ocr/input_videos\上海__上海荟聚中心__20260826.mp4
OBS-001167,上海荟聚中心,CoCo都可,CoCo都可,茶饮果汁,,,LG2,unrated,False,explicitly_unrated,unrated,parsed,unrated_anchor,0.9974,0.9993,53,11172,189.533,★★★★★ | LG2 | 暂无星级 | 茶饮果汁,CoCo都可 | ★★★★★ | LG2 | 暂无星级 | 茶饮果汁 | 0 | CoCo | 即将开业,ocr/input_videos\上海__上海荟聚中心__20260826.mp4
OBS-001168,上海荟聚中心,asics,asics,运动户外,3.3,1095,LG1,rated,True,,rated,parsed,rating_anchor,0.9809,0.9987,54,11172,189.533,🌟🌟🎉 | ★★ | LG1 | 3.3 | 运动户外￥1095/人,asics | 🌟🌟🎉 | ★★ | LG1 | 3.3 | 运动户外￥1095/人 | asics | 10:00营业,ocr/input_videos\上海__上海荟聚中心__20260826.mp4
OBS-001169,上海荟聚中心,沪食光老羌饼,沪食光老羌饼,快餐简餐,,,L2,unrated,False,explicitly_unrated,unrated,parsed,unrated_anchor,0.9967,0.9964,52,11172,189.533,L2 | ★★★★★ | 暂无星级 | 快餐简餐,沪食光老羌饼 | L2 | ★★★★★ | 暂无星级 | 快餐简餐,ocr/input_videos\上海__上海荟聚中心__20260826.mp4
OBS-001170,上海荟聚中心,丹叔厨房,丹叔厨房,台湾菜,,,LG2,unrated,False,explicitly_unrated,unrated,parsed,unrated_anchor,0.9702,0.9411,53,11208,190.144,台湾菜 | LG2 | 暂无星级 | ★★★★★,丹叔厨房 | 台湾菜 | LG2 | 暂无星级 | ★★★★★ | 即将开业,ocr/input_videos\上海__上海荟聚中心__20260826.mp4
OBS-001171,上海荟聚中心,名表维修,名表维修,钟表维修,3.7,,LG1,rated,True,,rated,parsed,rating_anchor,0.9975,0.9971,57,11208,190.144,LG1 | 🌟★🌟★ | 钟表维修 | 3.7,名表维修 | 名表维修 | LG1 | 🌟★🌟★ | 钟表维修 | 3.7 | WATCH REPAIR | 消费透明 | 清洗保养 | 师傅热情专业， | 手把手教调整时间 | 进水生锈 | 更换电池 | 预的 | 在线留资 | 免排队,ocr/input_videos\上海__上海荟聚中心__20260826.mp4
OBS-001172,上海荟聚中心,LITTLE BEAN(上海荟聚店),LITTLEBEAN(上海荟聚店),咖啡,,,LG2,new_store,False,new_store,ocr_missing,parsed,metadata_anchor,0.9927,0.9856,54,11208,190.144,咖啡 | LG2 | 新店,LITTLE BEAN(上海荟聚店) | 咖啡 | LG2 | 新店,ocr/input_videos\上海__上海荟聚中心__20260826.mp4
OBS-001173,上海荟聚中心,CoCo都可,CoCo都可,茶饮果汁,,,LG2,unrated,False,explicitly_unrated,unrated,parsed,unrated_anchor,0.9965,0.9994,56,11208,190.144,茶饮果汁 | LG2 | ★★★★★ | 暂无星级,CoCo都可 | 茶饮果汁 | LG2 | ★★★★★ | 暂无星级 | 2 | 即将开业,ocr/input_videos\上海__上海荟聚中心__20260826.mp4
OBS-001174,上海荟聚中心,asics,asics,运动户外,3.3,1095,LG1,rated,True,,rated,parsed,rating_anchor,0.981,0.9993,52,11208,190.144,⭐🌟 | ★★ | 运动户外￥1095/人 | LG1 | 3.3,asics | ⭐🌟 | ★★ | 运动户外￥1095/人 | LG1 | 3.3 | asics | 10:00营业,ocr/input_videos\上海__上海荟聚中心__20260826.mp4
OBS-001175,上海荟聚中心,沪食光老羌饼,沪食光老羌饼,快餐简餐,,,L2,unrated,False,explicitly_unrated,unrated,parsed,unrated_anchor,0.9979,0.998,52,11208,190.144,L2 | 暂无星级 | 快餐简餐 | ★★★★★,沪食光老羌饼 | L2 | 暂无星级 | 快餐简餐 | ★★★★★ | AA | 即将开业 | 城市奶茶,ocr/input_videos\上海__上海荟聚中心__20260826.mp4
OBS-001176,上海荟聚中心,LITTLE BEAN(上海荟聚店),LITTLEBEAN(上海荟聚店),咖啡,,,LG2,new_store,False,new_store,ocr_missing,parsed,metadata_anchor,0.9914,0.983,54,11304,191.772,咖啡 | LG2 | 新店,LITTLE BEAN(上海荟聚店) | 咖啡 | LG2 | 新店,ocr/input_videos\上海__上海荟聚中心__20260826.mp4
OBS-001177,上海荟聚中心,CoCo都可,CoCo都可,茶饮果汁,,,LG2,unrated,False,explicitly_unrated,unrated,parsed,unrated_anchor,0.9984,0.9993,53,11304,191.772,★★★★★ | LG2 | 茶饮果汁 | 暂无星级,CoCo都可 | ★★★★★ | LG2 | 茶饮果汁 | 暂无星级 | 即将开业,ocr/input_videos\上海__上海荟聚中心__20260826.mp4
OBS-001178,上海荟聚中心,asics,asics,运动户外,3.3,1095,LG1,rated,True,,rated,parsed,rating_anchor,0.9821,0.9986,55,11304,191.772,⭐🌟⭐ | ★★3.3 | LG1 | 运动户外￥1095/人,asics | ⭐🌟⭐ | ★★3.3 | LG1 | 运动户外￥1095/人 | asics | 10:00营业,ocr/input_videos\上海__上海荟聚中心__20260826.mp4
OBS-001179,上海荟聚中心,沪食光老羌饼,沪食光老羌饼,快餐简餐,,,L2,unrated,False,explicitly_unrated,unrated,parsed,unrated_anchor,0.9978,0.9971,57,11304,191.772,暂无星级 | L2 | ★★★★★ | 快餐简餐,沪食光老羌饼 | 暂无星级 | L2 | ★★★★★ | 快餐简餐 | 美人多个整费 | A | 即将开业,ocr/input_videos\上海__上海荟聚中心__20260826.mp4
OBS-001180,上海荟聚中心,城市奶茶,城市奶茶,美食,,,商场内,unrated,False,explicitly_unrated,unrated,parsed,unrated_anchor,0.9985,0.9972,55,11304,191.772,美食 | 商场内 | ★★★★★ | 暂无星级,城市奶茶 | 美食 | 商场内 | ★★★★★ | 暂无星级 | 美食 | 即将开业,ocr/input_videos\上海__上海荟聚中心__20260826.mp4
OBS-001181,上海荟聚中心,影石Insta360,影石Insta360,数码产品,4.8,3096,L1,rated,True,,rated,parsed,rating_anchor,0.9844,0.9689,51,11304,191.772,🌟🌟★🌟★ | L1 | 数码产品 | ￥3096/人 | 4.8,"影石Insta360 | 06613350x6 | 拍万物, | 皆无界 | 🌟🌟★🌟★ | L1 | 数码产品 | ￥3096/人 | 4.8 | 讲解耐心， | 自拍屏体验超赞 | “",ocr/input_videos\上海__上海荟聚中心__20260826.mp4
OBS-001182,上海荟聚中心,LITTLE BEAN(上海荟聚店),LITTLEBEAN(上海荟聚店),咖啡,,,LG2,new_store,False,new_store,ocr_missing,parsed,metadata_anchor,0.9815,0.9631,54,11328,192.18,LG2 | 新店 | 咖啡,LITTLE BEAN(上海荟聚店) | LG2 | 新店 | 咖啡,ocr/input_videos\上海__上海荟聚中心__20260826.mp4
OBS-001183,上海荟聚中心,CoCo都可,CoCo都可,茶饮果汁,,,LG2,unrated,False,explicitly_unrated,unrated,parsed,unrated_anchor,0.998,0.9993,56,11328,192.18,★★★★★ | 暂无星级 | 茶饮果汁 | LG2,CoCo都可 | ★★★★★ | 暂无星级 | 茶饮果汁 | LG2 | 即将开业,ocr/input_videos\上海__上海荟聚中心__20260826.mp4
OBS-001184,上海荟聚中心,asics,asics,运动户外,3.3,1095,LG1,rated,True,,rated,parsed,rating_anchor,0.9837,0.9988,51,11328,192.18,★★★★★ | LG1 | 3.3 | 运动户外￥1095/人,asics | ★★★★★ | LG1 | 3.3 | 运动户外￥1095/人 | asics | 10:00营业,ocr/input_videos\上海__上海荟聚中心__20260826.mp4
OBS-001185,上海荟聚中心,沪食光老羌饼,沪食光老羌饼,快餐简餐,,,L2,unrated,False,explicitly_unrated,unrated,parsed,unrated_anchor,0.9877,0.9981,55,11328,192.18,快餐简餐 | L2 | 暂无星级 | ★★★★★,沪食光老羌饼 | 快餐简餐 | L2 | 暂无星级 | ★★★★★ | 花人A%小项费 | A | 即将开业,ocr/input_videos\上海__上海荟聚中心__20260826.mp4
OBS-001186,上海荟聚中心,城市奶茶,城市奶茶,美食,,,商场内,unrated,False,explicitly_unrated,unrated,parsed,unrated_anchor,0.9994,0.999,62,11328,192.18,美食 | 商场内 | 暂无星级 | 🌟🌟🌟🌟🌟,城市奶茶 | 美食 | 商场内 | 暂无星级 | 🌟🌟🌟🌟🌟 | 美食 | 即将开业,ocr/input_videos\上海__上海荟聚中心__20260826.mp4
OBS-001187,上海荟聚中心,影石Insta360,影石Insta360,数码产品,4.8,3096,L1,rated,True,,rated,parsed,rating_anchor,0.9897,0.9796,52,11328,192.18,🌟🌟⭐🌟🌟 | L1 | 数码产品 | ￥3096/人 | 4.8,影石Insta360 | 06￥613350 | 皆无界 | 拍万物， | 🌟🌟⭐🌟🌟 | L1 | 数码产品 | ￥3096/人 | 4.8 | 讲解耐心，自拍屏体验超赞 | 10:00营业 | ￥129￥139 | 惠 | 影石Insta360脖挂支架,ocr/input_videos\上海__上海荟聚中心__20260826.mp4
OBS-001188,上海荟聚中心,asics,asics,运动户外,3.3,1095,LG1,rated,True,,rated,parsed,rating_anchor,0.9813,0.9988,51,11424,193.808,3.3运动户外￥1095/人 | LG1,asics | 3.3运动户外￥1095/人 | LG1 | asics | 10:00营业,ocr/input_videos\上海__上海荟聚中心__20260826.mp4
OBS-001189,上海荟聚中心,沪食光老羌饼,沪食光老羌饼,快餐简餐,,,L2,unrated,False,explicitly_unrated,unrated,parsed,unrated_anchor,0.9975,0.9981,55,11424,193.808,L2 | 🌟🌟🌟🌟🌟 | 暂无星级 | 快餐简餐,沪食光老羌饼 | L2 | 🌟🌟🌟🌟🌟 | 暂无星级 | 快餐简餐 | 花小整项费 | AE | 即将开业,ocr/input_videos\上海__上海荟聚中心__20260826.mp4
OBS-001190,上海荟聚中心,城市奶茶,城市奶茶,美食,,,商场内,unrated,False,explicitly_unrated,unrated,parsed,unrated_anchor,0.9985,0.9973,60,11424,193.808,美食 | 商场内 | 暂无星级 | ★★★★★,城市奶茶 | 美食 | 商场内 | 暂无星级 | ★★★★★ | 美食 | 即将开业,ocr/input_videos\上海__上海荟聚中心__20260826.mp4
OBS-001191,上海荟聚中心,影石Insta360,影石Insta360,数码产品,,3096,L1,unknown,True,,ocr_missing,parsed,metadata_anchor,0.9752,0.9917,55,11424,193.808,数码产品￥3096/人 | 🌟🌟🌟⭐🌟 | L1 | 14.8,影石Insta360 | 60618350x6 | 拍万物，皆无界 | 数码产品￥3096/人 | 🌟🌟🌟⭐🌟 | L1 | 14.8 | 讲解耐心，自拍屏体验超赞 | 10:00营业 | ￥129￥139影石lnsta360脖挂支架 | 惠,ocr/input_videos\上海__上海荟聚中心__20260826.mp4
OBS-001192,上海荟聚中心,Bananain 蕉內,Bananain蕉内,运动户外,4.4,551,LG1,rated,True,,rated,parsed,rating_anchor,0.9468,0.9253,59,11424,193.808,LG1 | 🌟🌟🎉🎉 | 4.4运动户外￥551/人 | ★,Bananain 蕉內 | LG1 | 🌟🌟🎉🎉 | 4.4运动户外￥551/人 | ★ | Bananain蕉内 | 店内装饰整洁干净，防晒系列必买” | 10:00营业 | ￥2849.8折 | ￥300 | 全场折上折通用券-. | 惠,ocr/input_videos\上海__上海荟聚中心__20260826.mp4
OBS-001193,上海荟聚中心,asics,asics,运动户外,3.3,1095,LG1,rated,True,,rated,parsed,rating_anchor,0.9804,0.999,50,11484,194.826,3.3运动户外￥1095/人 | LG1,asics | 3.3运动户外￥1095/人 | LG1 | asics | 10:00营业,ocr/input_videos\上海__上海荟聚中心__20260826.mp4
OBS-001194,上海荟聚中心,沪食光老羌饼,沪食光老羌饼,快餐简餐,,,L2,unrated,False,explicitly_unrated,unrated,parsed,unrated_anchor,0.9969,0.998,55,11484,194.826,L2 | ★★★★★ | 暂无星级 | 快餐简餐,沪食光老羌饼 | L2 | ★★★★★ | 暂无星级 | 快餐简餐 | 美十整项费 | AL | 即将开业,ocr/input_videos\上海__上海荟聚中心__20260826.mp4
OBS-001195,上海荟聚中心,城市奶茶,城市奶茶,美食,,,商场内,unrated,False,explicitly_unrated,unrated,parsed,unrated_anchor,0.999,0.9983,57,11484,194.826,美食 | 商场内 | 暂无星级 | 🌟🌟★🌟🌟,城市奶茶 | 美食 | 商场内 | 暂无星级 | 🌟🌟★🌟🌟 | 美食 | 即将开业,ocr/input_videos\上海__上海荟聚中心__20260826.mp4
OBS-001196,上海荟聚中心,影石Insta360,影石Insta360,数码产品,4.8,3096,L1,rated,True,,rated,parsed,rating_anchor,0.9734,0.9844,52,11484,194.826,🌟🌟🌟⭐🎉 | L1 | 数码产品￥3096/人 | 4.8,影石Insta360 | 860618350x6 | 拍万物， | 皆无界 | 🌟🌟🌟⭐🎉 | L1 | 数码产品￥3096/人 | 4.8 | 讲解耐心，自拍屏体验超赞 | 10:00营业 | ￥129￥139影石lnsta360脖挂支架 | 惠,ocr/input_videos\上海__上海荟聚中心__20260826.mp4
OBS-001197,上海荟聚中心,Bananain 蕉內,Bananain蕉内,运动户外,4.4,551,LG1,rated,True,,rated,parsed,rating_anchor,0.9579,0.945,58,11484,194.826,LG1 | 🌟🌟🌟🌟🌟 | 4.4运动户外￥551/人,Bananain 蕉內 | LG1 | 🌟🌟🌟🌟🌟 | 4.4运动户外￥551/人 | in蕉内 | Banana | 店内装饰整洁干净，防晒系列必买” | 10:00营业 | ￥300 | ￥284 | 9.8折 | 惠 | 全场折上折通用券-.,ocr/input_videos\上海__上海荟聚中心__20260826.mp4
OBS-001198,上海荟聚中心,asics,asics,运动户外,3.3,1095,LG1,rated,True,,rated,parsed,rating_anchor,0.9626,0.9689,32,11508,195.233,★3.3 | ⭐🌟⭐ | 运动户外￥1095/人 | LG1,asics | ★3.3 | ⭐🌟⭐ | 运动户外￥1095/人 | LG1 | asics | 10:00营业,ocr/input_videos\上海__上海荟聚中心__20260826.mp4
OBS-001199,上海荟聚中心,沪食光老羌饼,沪食光老羌饼,快餐简餐,,,L2,unrated,False,explicitly_unrated,unrated,parsed,unrated_anchor,0.997,0.9969,55,11508,195.233,L2 | 快餐简餐 | ★🌟★💥★ | 暂无星级,沪食光老羌饼 | L2 | 快餐简餐 | ★🌟★💥★ | 暂无星级 | 小项 | A  L | 即将开业,ocr/input_videos\上海__上海荟聚中心__20260826.mp4
OBS-001200,上海荟聚中心,城市奶茶,城市奶茶,美食,,,商场内,unrated,False,explicitly_unrated,unrated,parsed,unrated_anchor,0.9993,0.9991,57,11508,195.233,美食 | ★★★★★ | 商场内 | 暂无星级,城市奶茶 | 美食 | ★★★★★ | 商场内 | 暂无星级 | 美食 | 即将开业,ocr/input_videos\上海__上海荟聚中心__20260826.mp4
OBS-001201,上海荟聚中心,影石Insta360,影石Insta360,数码产品,4.8,3096,L1,rated,True,,rated,parsed,rating_anchor,0.9749,0.988,52,11508,195.233,⭐🌟4.8 | L1 | 数码产品￥3096/人,影石Insta360 | 063618350X6 | 拍万物， | 皆无界 | ⭐🌟4.8 | L1 | 数码产品￥3096/人 | 讲解耐心，自拍屏体验超赞 | 2 | 10:00营业 | ￥129￥139影石Insta360脖挂支架 | 惠,ocr/input_videos\上海__上海荟聚中心__20260826.mp4
OBS-001202,上海荟聚中心,Bananain 蕉內,Bananain蕉内,运动户外,4.4,551,LG1,rated,True,,rated,parsed,rating_anchor,0.9555,0.951,58,11508,195.233,LG1 | ⭐🌟⭐⭐🌟 | 运动户外￥551/人 | 4.4,Bananain 蕉內 | LG1 | ⭐🌟⭐⭐🌟 | 运动户外￥551/人 | 4.4 | Banana in蕉内 | 店内装饰整洁干净，防晒系列必买” | “ | 10:00营业 | ￥2849.8折 | ￥300 | 全场折上折通用券-.. | 惠,ocr/input_videos\上海__上海荟聚中心__20260826.mp4
OBS-001203,上海荟聚中心,乐贴手机贴膜,乐贴手机贴膜,手机维修,2.9,137,LG2,rated,True,,rated,parsed,rating_anchor,0.9847,0.9994,54,11508,195.233,LG2 | ⭐★🌟 | 手机维修￥137/人 | 2.9,乐贴手机贴膜,ocr/input_videos\上海__上海荟聚中心__20260826.mp4
OBS-001204,上海荟聚中心,★窗,★窗,商场内位置便利,,,商场内,unknown,True,,ocr_missing,parsed,metadata_anchor,0.8392,0.6793,37,11508,195.233,贴膜技术一流， | 商场内位置便利,LG2 | ⭐★🌟 | 手机维修￥137/人 | 2.9 | ★窗 | 贴膜技术一流， | 商场内位置便利,ocr/input_videos\上海__上海荟聚中心__20260826.mp4
OBS-001205,上海荟聚中心,城市奶茶,城市奶茶,美食,,,商场内,unrated,False,explicitly_unrated,unrated,parsed,unrated_anchor,0.9994,0.9991,57,11532,195.64,美食 | 商场内 | 🌟🌟★★ | 暂无星级,城市奶茶 | 美食 | 商场内 | 🌟🌟★★ | 暂无星级 | 美食 | 即将开业,ocr/input_videos\上海__上海荟聚中心__20260826.mp4
OBS-001206,上海荟聚中心,影石Insta360,影石Insta360,数码产品,,3096,L1,unknown,True,,ocr_missing,parsed,metadata_anchor,0.9752,0.9885,52,11532,195.64,🌟🌟⭐🌟🌟 | L1 | 14.8 | 数码产品￥3096/人,影石Insta360 | 86612350X6 | 拍万物，皆无界 | 🌟🌟⭐🌟🌟 | L1 | 14.8 | 数码产品￥3096/人 | 讲解耐心，自拍屏体验超赞 | 10:00营业 | ￥129￥139影石lnsta360脖挂支架 | 惠,ocr/input_videos\上海__上海荟聚中心__20260826.mp4
OBS-001207,上海荟聚中心,Bananain 蕉內,Bananain蕉内,运动户外,4.4,551,LG1,rated,True,,rated,parsed,rating_anchor,0.9616,0.9519,55,11532,195.64,LG1 | ⭐🌟⭐⭐🌟 | 4.4运动户外￥551/人,Bananain 蕉內 | LG1 | ⭐🌟⭐⭐🌟 | 4.4运动户外￥551/人 | 蕉内 | Banana | 店内装饰整洁干净，防晒系列必买 | 10:00营业 | ￥2849.8折 | ￥300全场折上折通用券-... | 惠,ocr/input_videos\上海__上海荟聚中心__20260826.mp4
OBS-001208,上海荟聚中心,乐贴手机贴膜,乐贴手机贴膜,手机维修,2.9,137,LG2,rated,True,,rated,parsed,rating_anchor,0.9795,0.9987,52,11532,195.64,★🌟★⭐⭐ | LG2 | 手机维修￥137/人 | 2.9,乐贴手机贴膜 | ★🌟★⭐⭐ | LG2 | 手机维修￥137/人 | 2.9 | 贴膜技术一流，商场内位置便利 | G | 10:00营业,ocr/input_videos\上海__上海荟聚中心__20260826.mp4
OBS-001209,上海荟聚中心,TOMA SALON,TOMASALON,美发,4.6,302,LG1,rated,True,,rated,parsed,rating_anchor,0.9566,0.957,48,11532,195.64,🌟🌟🌟🌟🌟 | LG1 | 美发￥302/人 | 4.6,TOMA SALON | 🌟🌟🌟🌟🌟 | LG1 | 美发￥302/人 | 4.6 | TOMA SALON | 点评榜单 | 北新泾/淞虹路美发热门榜第3名 | 新文道型美学 | 10:00营业 | 环境干净明亮，烫发过程舒适无推销 | 4 | 惠 | ￥138￥168洗剪吹男女通用|设计师剪..,ocr/input_videos\上海__上海荟聚中心__20260826.mp4
OBS-001210,上海荟聚中心,影石Insta360,影石Insta360,数码产品,4.8,3096,L1,rated,True,,rated,parsed,rating_anchor,0.9738,0.985,52,11556,196.048,L1 | ★★★★★4.8 | 数码产品￥3096/人,影石Insta360 | 13606 | 抬万物， | 皆无界 | L1 | ★★★★★4.8 | 数码产品￥3096/人 | “讲解耐，拍屏体验超赞” | “ | 10:00营业 | ￥129￥139影石Insta360脖挂架 | 惠,ocr/input_videos\上海__上海荟聚中心__20260826.mp4
OBS-001211,上海荟聚中心,Bananain 蕉内,Bananain蕉内,运动户外,4.4,551,LG1,rated,True,,rated,parsed,rating_anchor,0.9538,0.9357,55,11556,196.048,LG1 | 🌟🌟⭐⭐ | 4.4运动户外￥551/人 | ★,Bananain 蕉内 | LG1 | 🌟🌟⭐⭐ | 4.4运动户外￥551/人 | ★ | Banana in内 | “店内装饰整洁干净，防晒系列必买” | 10:00营业 | ￥300 | ￥2849.8折 | 全场折上折通用券-.. | 惠,ocr/input_videos\上海__上海荟聚中心__20260826.mp4
OBS-001212,上海荟聚中心,乐贴手机贴膜,乐贴手机贴膜,手机维修,2.9,137,LG2,rated,True,,rated,parsed,rating_anchor,0.9831,0.9993,52,11556,196.048,🌟🌟🌟🌟⭐ | LG2 | 手机维修￥137/人 | 2.9,乐贴手机贴膜 | 🌟🌟🌟🌟⭐ | LG2 | 手机维修￥137/人 | 2.9 | 贴膜技术一流，商场内位置便利 | 10:00营业,ocr/input_videos\上海__上海荟聚中心__20260826.mp4
OBS-001213,上海荟聚中心,TOMASALON,TOMASALON,美发,4.6,302,LG1,rated,True,,rated,parsed,rating_anchor,0.9728,0.9874,50,11556,196.048,LG1 | 美发￥302/人 | 🌟🌟🌟🌟🌟 | 4.6,TOMASALON | LG1 | 美发￥302/人 | 🌟🌟🌟🌟🌟 | 4.6 | TOMA SALON | 点评榜单 | 北新泾/淞虹路美发热门榜第3名 | 精义请型美学 | 10:00营业 | 环境干净明亮，烫发过程舒适无推销 | ￥138￥168洗剪吹男女通用|设计师剪... | 惠,ocr/input_videos\上海__上海荟聚中心__20260826.mp4
OBS-001214,上海荟聚中心,Babycare,Babycare,母婴用品,4.6,146,L3,rated,True,,rated,parsed,rating_anchor,0.9757,0.9994,63,11556,196.048,母婴用品￥146/人 | L3 | 🌟🌟🎉🌟🌟 | 4.6,Babycare | 母婴用品￥146/人 | L3 | 🌟🌟🎉🌟🌟 | 4.6 | 点评榜单 | 长宁区亲子购物好评榜第4名 | 10:00营业 | “消毒机效果好，湿异味”,ocr/input_videos\上海__上海荟聚中心__20260826.mp4
OBS-001215,上海荟聚中心,影石Insta360,影石Insta360,数码产品,4.8,3096,L1,rated,True,,rated,parsed,rating_anchor,0.9754,0.9893,50,11580,196.455,⭐🌟⭐⭐4.8 | L1 | 数码产品￥3096/人,影石Insta360 | 8183506 | 拍万物，皆无界 | ⭐🌟⭐⭐4.8 | L1 | 数码产品￥3096/人 | 讲解耐心，自拍屏体验超赞 | 10:00营业 | ￥129￥139影石lnsta360脖挂支架 | 惠,ocr/input_videos\上海__上海荟聚中心__20260826.mp4
OBS-001216,上海荟聚中心,Bananain 蕉內,Bananain蕉内,运动户外,4.4,551,LG1,rated,True,,rated,parsed,rating_anchor,0.9578,0.9548,55,11580,196.455,LG1 | 🌟🌟🌟🌟⭐ | 4.4运动户外￥551/人,Bananain 蕉內 | LG1 | 🌟🌟🌟🌟⭐ | 4.4运动户外￥551/人 | Bananain蕉内 | “店内装饰整洁干净，防晒系列必买” | 10:00营业 | ￥2849.8折 | ￥300 | 全场折上折通用券-. | 惠,ocr/input_videos\上海__上海荟聚中心__20260826.mp4
OBS-001217,上海荟聚中心,乐贴手机贴膜,乐贴手机贴膜,手机维修,2.9,137,LG2,rated,True,,rated,parsed,rating_anchor,0.9838,0.9991,52,11580,196.455,⭐🌟⭐⭐🌟 | LG2 | 2.9 | 手机维修￥137/人,乐贴手机贴膜 | ⭐🌟⭐⭐🌟 | LG2 | 2.9 | 手机维修￥137/人 | 贴膜技术一流，商场内位置便利 | 10:00营业,ocr/input_videos\上海__上海荟聚中心__20260826.mp4
OBS-001218,上海荟聚中心,TOMA SALON,TOMASALON,美发,4.6,302,LG1,rated,True,,rated,parsed,rating_anchor,0.9521,0.9511,50,11580,196.455,LG1 | 🌟🌟⭐⭐🌟 | 美发￥302/人 | 4.6,TOMA SALON | LG1 | 🌟🌟⭐⭐🌟 | 美发￥302/人 | 4.6 | TOMA SALON | 点评榜单 | 北新泾/淞虹路美发热门榜第3名 | 新文造型英学 | 10:00营业 | “环境干净明亮，烫发过程舒适无推销 | 5 | ￥138￥168洗剪吹男女通用|设计师剪... | 惠,ocr/input_videos\上海__上海荟聚中心__20260826.mp4
OBS-001219,上海荟聚中心,Babycare,Babycare,母婴用品,4.6,146,L3,rated,True,,rated,parsed,rating_anchor,0.979,0.9991,58,11580,196.455,L3 | ★🌟★🌟🌟 | 母婴用品￥146/人 | 4.6,Babycare | L3 | ★🌟★🌟🌟 | 母婴用品￥146/人 | 4.6 | 点评榜单 | 长宁区亲子购物好评榜第4名 | 10:00营业 | 消毒机效果好，湿巾无异味,ocr/input_videos\上海__上海荟聚中心__20260826.mp4
OBS-001220,上海荟聚中心,影石Insta360,影石Insta360,数码产品,4.8,3096,L1,rated,True,,rated,parsed,rating_anchor,0.9583,0.9578,50,11616,197.066,🌟🌟⭐⭐🌟4.8 | L1 | 数码产品￥3096/人,影石Insta360 | 1350xb | 拍万物，皆无界 | 🌟🌟⭐⭐🌟4.8 | L1 | 数码产品￥3096/人 | 讲解耐心，自拍屏体验超赞 | 10:00营业 | ￥129￥139影石Insta360脖挂支架 | 惠,ocr/input_videos\上海__上海荟聚中心__20260826.mp4
OBS-001221,上海荟聚中心,Bananain 蕉內,Bananain蕉内,运动户外,4.4,551,LG1,rated,True,,rated,parsed,rating_anchor,0.9708,0.9714,55,11616,197.066,LG1 | 🌟🌟⭐⭐⭐ | 4.4运动户外￥551/人,Bananain 蕉內 | LG1 | 🌟🌟⭐⭐⭐ | 4.4运动户外￥551/人 | Banana in蕉内 | 店内装饰整洁干净，防晒系列必买” | 10:00营业 | ￥300 | ￥2849.8折 | 惠 | 全场折上折通用券-...,ocr/input_videos\上海__上海荟聚中心__20260826.mp4
OBS-001222,上海荟聚中心,乐贴手机贴膜,乐贴手机贴膜,手机维修,2.9,137,LG2,rated,True,,rated,parsed,rating_anchor,0.9844,0.9987,55,11616,197.066,LG2 | 2.9 | 🌟🌟 | ⭐⭐ | 手机维修￥137/人,乐贴手机贴膜 | LG2 | 2.9 | 🌟🌟 | ⭐⭐ | 手机维修￥137/人 | 贴膜技术一流，商场内位置便利 | 10:00营业,ocr/input_videos\上海__上海荟聚中心__20260826.mp4
OBS-001223,上海荟聚中心,TOMA SALON,TOMASALON,美发,4.6,302,LG1,rated,True,,rated,parsed,rating_anchor,0.9674,0.9768,51,11616,197.066,LG1 | 美发￥302/人 | 🌟🌟🌟🌟🌟 | 4.6,TOMA SALON | LG1 | 美发￥302/人 | 🌟🌟🌟🌟🌟 | 4.6 | TOMA SALON | 点评榜单 | 北新泾/淞虹路美发热门榜第3名 | 新文道型英学 | 10:00营业 | 环境干净明亮，烫发过程舒适无推销 | ￥138￥168洗剪吹男女通用|设计师剪... | 惠,ocr/input_videos\上海__上海荟聚中心__20260826.mp4
OBS-001224,上海荟聚中心,Babycare,Babycare,母婴用品,4.6,146,L3,rated,True,,rated,parsed,rating_anchor,0.9743,0.9994,61,11616,197.066,L3 | 🌟🌟🌟🌟🌟 | 母婴用品￥146/人 | 4.6,Babycare | L3 | 🌟🌟🌟🌟🌟 | 母婴用品￥146/人 | 4.6 | 点评榜单 | 长宁区亲子购物好评榜第4名 | 10:00营业 | 消毒机效果好，湿巾无异味 | 3,ocr/input_videos\上海__上海荟聚中心__20260826.mp4
OBS-001225,上海荟聚中心,TOMASALON,TOMASALON,美发,4.6,302,LG1,rated,True,,rated,parsed,rating_anchor,0.9718,0.9935,47,11676,198.083,LG1 | 美发￥302/人 | 🌟🌟🌟⭐🌟 | 4.6,TOMASALON | LG1 | 美发￥302/人 | 🌟🌟🌟⭐🌟 | 4.6 | TOMA SALON | 点评榜单 | 北新泾/淞虹路美发热门榜第3名 | 新文请型美学 | 10:00营业 | 环境干净明亮，烫发过程舒适无推销 | ￥138￥168洗剪吹男通|设计师剪... | 惠,ocr/input_videos\上海__上海荟聚中心__20260826.mp4
OBS-001226,上海荟聚中心,Babycare,Babycare,母婴用品,4.6,146,L3,rated,True,,rated,parsed,rating_anchor,0.9776,0.9991,60,11676,198.083,L3 | 🌟🌟🎉🌟🌟 | 4.6 | 母婴用品￥146/人,Babycare | L3 | 🌟🌟🎉🌟🌟 | 4.6 | 母婴用品￥146/人 | 点评榜单 | 长宁区亲购物好评榜第4名 | 10:00营业 | 消毒机效果好，湿巾无异味,ocr/input_videos\上海__上海荟聚中心__20260826.mp4
OBS-001227,上海荟聚中心,番茄口袋,番茄口袋,杂货礼品,4.8,88,L2,rated,True,,rated,parsed,rating_anchor,0.9778,0.9992,56,11676,198.083,L2 | 杂货礼品￥88/人 | ⭐🌟⭐⭐🌟 | 4.8,番茄口袋 | L2 | 杂货礼品￥88/人 | ⭐🌟⭐⭐🌟 | 4.8 | 番茄 | 袋 | 点评榜单 | 北新泾/淞虹路杂货礼品好评榜第2名 | 10:00营业 | 300m²梦幻空间，拍照打卡超出 | 9,ocr/input_videos\上海__上海荟聚中心__20260826.mp4
OBS-001228,上海荟聚中心,THE NORTH FACE,THENORTHFACE,运动户外,4.2,929,L1,rated,True,,rated,parsed,rating_anchor,0.9675,0.9857,44,11676,198.083,🌟🌟🌟⭐ | L1 | 运动户外￥929/人 | ★ | 4.2,THE NORTH FACE | THEI | 🌟🌟🌟⭐ | L1 | 运动户外￥929/人 | ★ | 4.2 | NORTHI | FACED | 面料双层，羽绒服品质佳 | 10:00营业,ocr/input_videos\上海__上海荟聚中心__20260826.mp4
OBS-001229,上海荟聚中心,谋局精选密室X跳格子,谋局精选密室X跳格子,密室/沉浸..,4.5,120,L3,rated,True,,rated,parsed,rating_anchor,0.9342,0.9913,54,11676,198.083,🌟🌟🎉🌟🌟 | ￥120/人L3 | 密室/沉浸.. | 4.5,谋局精选密室X跳格子 | 超好玩 | 🌟🌟🎉🌟🌟 | ￥120/人L3 | 密室/沉浸.. | 4.5 | 谋局 | 北新泾/淞虹路密室/沉浸互动剧销量榜第1名 | 营堂请双城本新厅 | 10:00营业 | 魔法世界主题，团建生日好去处 | “ | 1 | ￥138￥158 | 惠 | 【补票专用】红明星单人券,ocr/input_videos\上海__上海荟聚中心__20260826.mp4
OBS-001230,上海荟聚中心,TOMASALON,TOMASALON,美发,4.6,302,LG1,rated,True,,rated,parsed,rating_anchor,0.97,0.9919,47,11712,198.694,LG1 | 美发￥302/人 | 🌟🌟🎉🌟🌟 | 4.6,TOMASALON | LG1 | 美发￥302/人 | 🌟🌟🎉🌟🌟 | 4.6 | TOMA SALON | 点评榜单 | 北新泾/淞虹路美发热门榜第3名 | 文道型英学 | 10:00营业 | 环境干净明亮，烫发过程舒适无推销 | 1 | ￥138￥168洗剪吹男女通用|设计师剪.. | 惠,ocr/input_videos\上海__上海荟聚中心__20260826.mp4
OBS-001231,上海荟聚中心,Babycare,Babycare,母婴用品,4.6,146,L3,rated,True,,rated,parsed,rating_anchor,0.9747,0.9993,60,11712,198.694,L3 | 🌟🌟🌟🌟🌟 | 母婴用品￥146/人 | 4.6,Babycare | L3 | 🌟🌟🌟🌟🌟 | 母婴用品￥146/人 | 4.6 | 点评榜单 | 长宁区亲子购物好评榜第4名 | 10:00营业 | 消毒机效果好，湿巾无异味,ocr/input_videos\上海__上海荟聚中心__20260826.mp4
OBS-001232,上海荟聚中心,番茄口袋,番茄口袋,杂货礼品,4.8,88,L2,rated,True,,rated,parsed,rating_anchor,0.9852,0.9996,53,11712,198.694,L2 | 4.8杂货礼品￥88/人,番茄口袋 | L2 | 4.8杂货礼品￥88/人 | 番茄 | 袋 | 点评榜单 | 北新泾/淞虹路杂货礼品好评榜第2名 | 10:00营业 | 300m²梦幻空间，拍照打卡超出,ocr/input_videos\上海__上海荟聚中心__20260826.mp4
OBS-001233,上海荟聚中心,THE NORTH FACE,THENORTHFACE,运动户外,4.2,929,L1,rated,True,,rated,parsed,rating_anchor,0.9588,0.9723,48,11712,198.694,🌟🌟⭐⭐ | L1 | 运动户外￥929/人 | 4.2,THE NORTH FACE | 🌟🌟⭐⭐ | THEI | L1 | 运动户外￥929/人 | 4.2 | NORTH | 面料双层，羽绒服品质佳 | FACED | 10:00营业,ocr/input_videos\上海__上海荟聚中心__20260826.mp4
OBS-001234,上海荟聚中心,谋局精选密室X跳格子,谋局精选密室X跳格子,密室/沉浸....,4.5,120,L3,rated,True,,rated,parsed,rating_anchor,0.9153,0.9878,51,11712,198.694,🌟🌟🌟🌟🌟 | ￥120/人L3 | 4.5 | 密室/沉浸....,谋局精选密室X跳格子 | 超好玩 | 🌟🌟🌟🌟🌟 | ￥120/人L3 | 4.5 | 密室/沉浸.... | 谋局 | 北新泾/淞虹路密室/沉浸互动剧销量榜第1名 | 营室选城本客疗 | 10:00营业 | 魔法世界主题，团建生日好去处 | 55 | ￥138￥158 | 惠 | 【补票专用】网红明星单人券,ocr/input_videos\上海__上海荟聚中心__20260826.mp4
OBS-001235,上海荟聚中心,THE NORTH FACE,THENORTHFACE,运动户外,4.2,929,L1,rated,True,,rated,parsed,rating_anchor,0.9628,0.9528,44,11796,200.119,⭐🌟🌟⭐ | L1 | 4.2运动户外￥929/人 | ★,THE NORTH FACE | ⭐🌟🌟⭐ | THEI | L1 | 4.2运动户外￥929/人 | ★ | NORTH | 面料双层，羽绒服品质佳 | FACE | 10:00营业,ocr/input_videos\上海__上海荟聚中心__20260826.mp4
OBS-001236,上海荟聚中心,谋局精选密室X跳格子,谋局精选密室X跳格子,密室/沉浸...,4.5,120,L3,rated,True,,rated,parsed,rating_anchor,0.9151,0.9863,48,11796,200.119,⭐⭐🌟4.5 | ￥120/人L3 | 密室/沉浸...,谋局精选密室X跳格子 | 超好玩 | ⭐⭐🌟4.5 | ￥120/人L3 | 密室/沉浸... | 谋局 | 北新泾/淞虹路密室/沉浸互动剧销量榜第1名 | 营室道政城客行 | 10：00营业 | 魔法世界主题，团建生日好去处 | 5 | ￥138￥158 | 惠 | 【补票专用】红明星单人券,ocr/input_videos\上海__上海荟聚中心__20260826.mp4
OBS-001237,上海荟聚中心,东瀛造型,东瀛造型,美发,4.4,231,L3,rated,True,,rated,parsed,rating_anchor,0.9839,0.9991,53,11796,200.119,L3 | ⭐🌟🌟⭐ | 4.4美发￥231/人,东瀛造型 | 上海美光 | L3 | ⭐🌟🌟⭐ | 4.4美发￥231/人 | 銷量榜 | 第1名 | 点评榜单 | 北新泾/淞虹路美发热门榜第1名 | 10:00营业 | 环境干净整洁，发型师专注于理发 | 2 | ￥739.7折 | ￥78 | 惠 | 【洗头发】资深设计师...,ocr/input_videos\上海__上海荟聚中心__20260826.mp4
OBS-001238,上海荟聚中心,汉方悦食,汉方悦食,烟酒茶叶,4.2,252,LG2,rated,True,,rated,parsed,rating_anchor,0.9414,0.9177,60,11796,200.119,LG2 | 4.2烟酒茶叶￥252/人 | 🌟🌟🌟⭐ | ★,汉方悦食 | 汉方悦食 | LG2 | 4.2烟酒茶叶￥252/人 | 🌟🌟🌟⭐ | ★ | 店里东西品质好，口感清爽 | C | 10:00营业,ocr/input_videos\上海__上海荟聚中心__20260826.mp4
OBS-001239,上海荟聚中心,极氪空间|上海荟聚,极氪空间|上海荟聚,4S店,,78384,L1,unknown,True,,ocr_missing,parsed,metadata_anchor,0.9357,0.9144,54,11796,200.119,3.84S店￥78384/人 | L1,极氪空间|上海荟聚 | 3.84S店￥78384/人 | L1 | 」 | “试驾领盲盒，音响效果超赞 | 10:00营业,ocr/input_videos\上海__上海荟聚中心__20260826.mp4
OBS-001240,上海荟聚中心,THE NORTH FACE,THENORTHFACE,运动户外,4.2,929,L1,rated,True,,rated,parsed,rating_anchor,0.9729,0.9729,47,11808,200.323,🌟🌟🌟🌟⭐ | L1 | 4.2运动户外￥929/人,THE NORTH FACE | THEI | 🌟🌟🌟🌟⭐ | L1 | 4.2运动户外￥929/人 | NORTHI | 面料双层，羽绒服品质佳” | FACED | 10:00营业,ocr/input_videos\上海__上海荟聚中心__20260826.mp4
OBS-001241,上海荟聚中心,谋局精选密室X跳格子,谋局精选密室X跳格子,密室/沉浸...,4.5,120,L3,rated,True,,rated,parsed,rating_anchor,0.9174,0.9923,47,11808,200.323,⭐🌟★🌟4.5 | ￥120/人L3 | 密室/沉浸...,谋局精选密室X跳格子 | 超好玩 | ⭐🌟★🌟4.5 | ￥120/人L3 | 密室/沉浸... | 谋局 | 北新泾/淞虹路密室/沉浸互动剧销量榜第1名 | 营定选职城本客疗 | 10:00营业 | 魔法世界主题，团建生日好去处 | “ | 5 | ￥138￥158 | 惠 | 【补票专用】红明星单人券,ocr/input_videos\上海__上海荟聚中心__20260826.mp4
OBS-001242,上海荟聚中心,东瀛造型,东瀛造型,美发,4.4,231,L3,rated,True,,rated,parsed,rating_anchor,0.9864,0.9996,58,11808,200.323,🌟🌟🌟🌟 | L3 | 4.4美发￥231/人 | 人,东瀛造型 | 上海美发 | 🌟🌟🌟🌟 | L3 | 4.4美发￥231/人 | 销量格 | 人 | 第1名 | 点评榜单 | 北新泾/淞虹路美发热门榜第1名 | 10:00营业 | 环境干净整洁，发型师专注于理发 | ￥739.7折 | ￥78 | 惠 | 【洗头发】资深设计师..,ocr/input_videos\上海__上海荟聚中心__20260826.mp4
OBS-001243,上海荟聚中心,汉方悦食,汉方悦食,烟酒茶叶,4.2,252,LG2,rated,True,,rated,parsed,rating_anchor,0.9834,0.9895,53,11808,200.323,LG2 | 🌟🌟★⭐ | 4.2烟酒茶叶￥252/人 | ★,汉方悦食 | 汉方悦香 | LG2 | 🌟🌟★⭐ | 4.2烟酒茶叶￥252/人 | ★ | 店里东西品质好，口感清爽” | （ | 10:00营业,ocr/input_videos\上海__上海荟聚中心__20260826.mp4
OBS-001244,上海荟聚中心,极氪空间|上海荟聚,极氪空间|上海荟聚,4S店,,78384,L1,unknown,True,,ocr_missing,parsed,metadata_anchor,0.9388,0.9252,56,11808,200.323,3.84S店￥78384/人 | L1,极氪空间|上海荟聚 | ⑤ | 3.84S店￥78384/人 | L1 | 试驾领盲盒，音响效果超赞 | 53 | 10:00营业 | ￥0.01￥1 | 惠 | 【试驾有礼】极氪全系车型...,ocr/input_videos\上海__上海荟聚中心__20260826.mp4
OBS-001245,上海荟聚中心,THE NORTH FACE,THENORTHFACE,运动户外,4.2,929,L1,rated,True,,rated,parsed,rating_anchor,0.9905,0.9835,47,11856,201.137,L1 | 🌟🌟🌟⭐ | 4.2运动户外 | ￥929/人 | ★,THE NORTH FACE | THEI | L1 | 🌟🌟🌟⭐ | 4.2运动户外 | ￥929/人 | ★ | NORTHI | 面料双层，羽绒服品质佳 | FACE | 10:00营业,ocr/input_videos\上海__上海荟聚中心__20260826.mp4
OBS-001246,上海荟聚中心,谋局精选密室X跳格子,谋局精选密室X跳格子,密室/沉浸...,4.5,120,L3,rated,True,,rated,parsed,rating_anchor,0.9287,0.9868,47,11856,201.137,🌟🌟🎉🌟🌟 | ￥120/人L3 | 4.5 | 密室/沉浸...,谋局精选密室X跳格子 | 超好玩 | 🌟🌟🎉🌟🌟 | ￥120/人L3 | 4.5 | 密室/沉浸... | 谋局 | 北新泾/淞虹路密室/沉浸互动剧销量榜第1名 | 京请职城本新疗 | 10:00营业 | 魔法世界主题，团建生日好去处 | ￥138￥158 | 【补票专用】网红明星单人券 | 惠,ocr/input_videos\上海__上海荟聚中心__20260826.mp4
OBS-001247,上海荟聚中心,东瀛造型,东瀛造型,美发,4.4,231,L3,rated,True,,rated,parsed,rating_anchor,0.9673,0.9997,53,11856,201.137,4.4美发￥231/人 | L3,东瀛造型 | 上海美 | 4.4美发￥231/人 | L3 | 销量榜 | 第1名 | 点评榜单 | 北新泾/淞虹路美发热门榜第1名 | 10:00营业 | 环境干净整洁，发型师专注于理发 | ￥739.7折 | ￥78 | 惠 | 【洗头发】资深设计师..,ocr/input_videos\上海__上海荟聚中心__20260826.mp4
OBS-001248,上海荟聚中心,汉方悦食,汉方悦食,烟酒茶叶,4.2,252,LG2,rated,True,,rated,parsed,rating_anchor,0.9798,0.9789,56,11856,201.137,🌟🌟⭐⭐ | LG2 | 4.2烟酒茶叶￥252/人 | ★,汉方悦食 | 汉方悦食 | 🌟🌟⭐⭐ | LG2 | 4.2烟酒茶叶￥252/人 | ★ | 店里东西品质好，口感清爽 | 10:00营业,ocr/input_videos\上海__上海荟聚中心__20260826.mp4
OBS-001249,上海荟聚中心,极氪空间|上海荟聚,极氪空间|上海荟聚,4S店,,78384,L1,unknown,True,,ocr_missing,parsed,metadata_anchor,0.9338,0.9221,51,11856,201.137,3.84S店￥78384/人 | L1,极氪空间|上海荟聚 | 3.84S店￥78384/人 | L1 | 5 | - | 试驾领盲盒，音响效果超赞 | 2 | 10:00营业 | ￥0.01￥1 | 惠 | 【试驾有礼】极氪全系车型...,ocr/input_videos\上海__上海荟聚中心__20260826.mp4
OBS-001250,上海荟聚中心,东瀛造型,东瀛造型,美发,4.4,231,L3,rated,True,,rated,parsed,rating_anchor,0.9841,0.9997,56,11904,201.951,🎉⭐ | L3 | 4.4美发￥231/人,东瀛造型 | 上海美发 | 🎉⭐ | L3 | 4.4美发￥231/人 | 销量榜 | 第1名 | 点评榜单 | 北新泾/淞虹路美发热门榜第1名 | 10:00营业 | 环境干净整洁，发型师专注于理发 | ￥739.7折 | ￥78 | 惠 | 【洗头发】资深设计师...,ocr/input_videos\上海__上海荟聚中心__20260826.mp4
OBS-001251,上海荟聚中心,汉方悦食,汉方悦食,烟酒茶叶,4.2,252,LG2,rated,True,,rated,parsed,rating_anchor,0.9767,0.9784,56,11904,201.951,LG2 | ★★★★★ | 4.2烟酒茶叶￥252/人,汉方悦食 | 汉方悦食 | LG2 | ★★★★★ | 4.2烟酒茶叶￥252/人 | 店里东西品质好，口感清爽” | 10:00营业,ocr/input_videos\上海__上海荟聚中心__20260826.mp4
OBS-001252,上海荟聚中心,极氪空间|上海荟聚,极氪空间|上海荟聚,4S店,,78384,L1,unknown,True,,ocr_missing,parsed,metadata_anchor,0.9367,0.9076,54,11904,201.951,L1 | ⭐🌟⭐💥🎉 | 3.84S店￥78384/人,极氪空间|上海荟聚 | L1 | ⭐🌟⭐💥🎉 | 3.84S店￥78384/人 | “试驾领盲盒，音响效果超赞” | 10:00营业 | ￥0.01￥1 | 惠 | 【试驾有礼】极氪全系车型...,ocr/input_videos\上海__上海荟聚中心__20260826.mp4
OBS-001253,上海荟聚中心,爱婴室,爱婴室,母婴用品,3.7,105,L3,rated,True,,rated,parsed,rating_anchor,0.9787,0.995,59,11904,201.951,🌟🌟🌟🌟🌟 | L3 | 3.7 | 母婴用品￥105/人,爱婴室 | 🌟🌟🌟🌟🌟 | L3 | baběmax | 3.7 | 母婴用品￥105/人 | 爱婴室 | 点评榜单 | 长宁区亲子购物热门榜第9名 | 您10:00营业 | 服务热情，环境宽敬选择多 | 95,ocr/input_videos\上海__上海荟聚中心__20260826.mp4
OBS-001254,上海荟聚中心,东瀛造型,东瀛造型,美发,4.4,231,L3,rated,True,,rated,parsed,rating_anchor,0.983,0.9998,61,11952,202.766,🌟🌟🎉⭐ | L3 | 4.4美发￥231/人,东瀛造型 | 上海美 | 🌟🌟🎉⭐ | L3 | 4.4美发￥231/人 | 銷量榜 | 第1名 | 点评榜单 | 北新泾/淞虹路美发热门榜第1名 | 10:00营业 | 环境干净整洁，发型师专注于理发 | 2 | ￥739.7折 | ￥78 | 惠 | 【洗头发】资深设计师...,ocr/input_videos\上海__上海荟聚中心__20260826.mp4
OBS-001255,上海荟聚中心,汉方悦食,汉方悦食,烟酒茶叶,4.2,252,LG2,rated,True,,rated,parsed,rating_anchor,0.9521,0.9295,59,11952,202.766,LG2 | ⭐🌟⭐⭐ | 4.2烟酒茶叶￥252/人,汉方悦食 | 汉方悦食 | LG2 | ⭐🌟⭐⭐ | 4.2烟酒茶叶￥252/人 | 店里东西品质好，口感清爽” | 10:00营业,ocr/input_videos\上海__上海荟聚中心__20260826.mp4
OBS-001256,上海荟聚中心,极氪空间|上海荟聚,极氪空间|上海荟聚,4S店,,78384,L1,unknown,True,,ocr_missing,parsed,metadata_anchor,0.9392,0.9034,54,11952,202.766,🌟🌟⭐🌟🌟 | 3.84S店￥78384/人 | L1,极氪空间|上海荟聚 | 🌟🌟⭐🌟🌟 | 3.84S店￥78384/人 | L1 | “试驾领盲盒，音响效果超赞 | ” | 10:00营业 | ¥0.01￥1 | 惠 | 【试驾有礼】极氪全系车型...,ocr/input_videos\上海__上海荟聚中心__20260826.mp4
OBS-001257,上海荟聚中心,爱婴室,爱婴室,母婴用品,3.7,105,L3,rated,True,,rated,parsed,rating_anchor,0.9727,0.9937,59,11952,202.766,🌟🌟🎉🌟🌟 | L3 | 3.7 | 母婴用品￥105/人,爱婴室 | 🌟🌟🎉🌟🌟 | L3 | baběmax | 3.7 | 母婴用品￥105/人 | 爱婴室 | 点评榜单 | 长宁区亲子购物热门榜第9名 | 您10:00营业 | 服务热情，环境宽敞选择多 | 95 | 卡游,ocr/input_videos\上海__上海荟聚中心__20260826.mp4
OBS-001258,上海荟聚中心,极氪空间|上海荟聚,极氪空间|上海荟聚,4S店,,78384,L1,unknown,True,,ocr_missing,parsed,metadata_anchor,0.9457,0.9163,54,12000,203.58,🌟🌟🌟🌟🌟 | 3.84S店￥78384/人 | L1,极氪空间|上海荟聚 | 因 | 🌟🌟🌟🌟🌟 | 3.84S店￥78384/人 | L1 | 试驾领盲盒，音响效果超赞 | 10:00营业 | ￥0.01￥ | 惠 | 【试驾有礼】极氪全系车型..,ocr/input_videos\上海__上海荟聚中心__20260826.mp4
OBS-001259,上海荟聚中心,爱婴室,爱婴室,母婴用品,3.7,105,L3,rated,True,,rated,parsed,rating_anchor,0.9708,0.9957,57,12000,203.58,L3 | 3.7母婴用品￥105/人,爱婴室 | L3 | 3.7母婴用品￥105/人 | babämax | 爱婴室 | 点评榜单 | 长宁区亲子购物热门榜第9名 | 您10:00营业 | 服务热情，环境宽敞选择多”,ocr/input_videos\上海__上海荟聚中心__20260826.mp4
OBS-001260,上海荟聚中心,卡游,卡游,杂货礼品,4.6,87,LG2,rated,True,,rated,parsed,rating_anchor,0.9791,1.0,61,12000,203.58,LG2 | 4.6杂货礼品￥87/人,卡游 | LG2 | 4.6杂货礼品￥87/人 | KWYOU | 10:00营业 | ￥939.8折 | ￥100 | 【限时福利】100代金券 | 惠,ocr/input_videos\上海__上海荟聚中心__20260826.mp4
OBS-001261,上海荟聚中心,科大讯飞直营店,科大讯飞直营店,数码产品,4.7,6049,L3,rated,True,,rated,parsed,rating_anchor,0.9845,0.9987,52,12000,203.58,L3 | ★★🌟4.7 | 数码产品￥6049/人,科大讯飞直营店 | IFLYTEK 讯飞 | L3 | ★★🌟4.7 | 数码产品￥6049/人 | 教学模式清晰易懂，棋艺进步肉眼可见 | 2 | S | 10:00营业 | 莱绅通灵 | 莱绅通剂,ocr/input_videos\上海__上海荟聚中心__20260826.mp4
OBS-001262,上海荟聚中心,极氪空间1上海荟聚,极氪空间1上海荟聚,4S店,3.8,78384,L1,rated,True,,rated,parsed,rating_anchor,0.972,0.9536,49,12024,203.987,L1 | 🌟🌟🌟🌟🌟 | 4S店 | 3.8 | ￥78384/人,极氪空间1上海荟聚 | L1 | 🌟🌟🌟🌟🌟 | 4S店 | 3.8 | ￥78384/人 | 试驾领盲盒，音响效果超赞 | 635 | 10:00营业 | ￥0.01￥1 | 惠 | 【试驾有礼】极氪全系车型...,ocr/input_videos\上海__上海荟聚中心__20260826.mp4
OBS-001263,上海荟聚中心,爱婴室,爱婴室,母婴用品,3.7,105,L3,rated,True,,rated,parsed,rating_anchor,0.9662,0.9655,57,12024,203.987,⭐🌟⭐🌟⭐ | 3.7母婴用品￥105/人 | L3,爱婴室 | ⭐🌟⭐🌟⭐ | 3.7母婴用品￥105/人 | L3 | babëmax | 爱婴室 | 点评榜单 | 长宁区亲子购物热门榜第9名 | 您10:00营业 | 服务热情，环境宽敞选择多,ocr/input_videos\上海__上海荟聚中心__20260826.mp4
OBS-001264,上海荟聚中心,卡游,卡游,杂货礼品,4.6,87,LG2,rated,True,,rated,parsed,rating_anchor,0.9629,1.0,61,12024,203.987,4.6杂货礼品￥87/人 | LG2,卡游 | 4.6杂货礼品￥87/人 | LG2 | KYOU | 10:00营业 | ￥939.8折 | ￥100 | 【限时福利】100代金券 | 惠,ocr/input_videos\上海__上海荟聚中心__20260826.mp4
OBS-001265,上海荟聚中心,科大讯飞直营店,科大讯飞直营店,数码产品,4.7,6049,L3,rated,True,,rated,parsed,rating_anchor,0.9777,0.9988,51,12024,203.987,🌟🌟🌟🌟🌟4.7 | L3 | 数码产品￥6049/人,科大讯飞直营店 | FLYTEK | 讯飞 | 🌟🌟🌟🌟🌟4.7 | L3 | 数码产品￥6049/人 | 教学模式清晰易懂，棋艺进步肉眼可见 | て | 10:00营业 | 莱绅通灵 | 莱绅通灵 传多,ocr/input_videos\上海__上海荟聚中心__20260826.mp4
OBS-001266,上海荟聚中心,极氪空间|上海荟聚,极氪空间|上海荟聚,4S店,,78384,L1,unknown,True,,ocr_missing,parsed,metadata_anchor,0.9417,0.9295,57,12060,204.598,3.84S店￥78384/人 | L1,极氪空间|上海荟聚 | 3.84S店￥78384/人 | ⑤ | L1 | 试驾领盲盒，音响效果超赞 | 10:00营业 | ￥0.01￥1 | 惠 | 【试驾有礼】极氪全系车型...,ocr/input_videos\上海__上海荟聚中心__20260826.mp4
OBS-001267,上海荟聚中心,爱婴室,爱婴室,母婴用品,3.7,105,L3,rated,True,,rated,parsed,rating_anchor,0.9618,0.9616,62,12060,204.598,🌟★🌟🌟🌟 | 3.7母婴用品￥105/人 | L3,爱婴室 | 🌟★🌟🌟🌟 | 3.7母婴用品￥105/人 | L3 | baběmax | 爱婴室 | 点评榜单 | 长宁区亲子购物热门榜第9名 | 您10:00营业 | 服务热情，环境宽敞选择多”,ocr/input_videos\上海__上海荟聚中心__20260826.mp4
OBS-001268,上海荟聚中心,卡游,卡游,杂货礼品,4.6,87,LG2,rated,True,,rated,parsed,rating_anchor,0.9799,1.0,63,12060,204.598,LG2 | 4.6杂货礼品￥87/人,卡游 | LG2 | 4.6杂货礼品￥87/人 | KAYOU | 10:00营业 | ￥939.8折 | ￥100 | 惠 | 【限时福利】100代金券,ocr/input_videos\上海__上海荟聚中心__20260826.mp4
OBS-001269,上海荟聚中心,科大讯飞直营店,科大讯飞直营店,数码产品,4.7,6049,L3,rated,True,,rated,parsed,rating_anchor,0.9807,0.9986,54,12060,204.598,L3 | 数码产品￥6049/人 | 🌟🌟⭐🌟🌟 | 4.7,科大讯飞直营店 | IFLYTEK 讯飞 | L3 | 数码产品￥6049/人 | 🌟🌟⭐🌟🌟 | 4.7 | 教学模式清晰易懂，棋艺进步肉眼可见 | 10:00营业,ocr/input_videos\上海__上海荟聚中心__20260826.mp4
OBS-001270,上海荟聚中心,科大讯飞直营店,科大讯飞直营店,数码产品,4.7,6049,L3,rated,True,,rated,parsed,rating_anchor,0.9806,0.9992,54,12120,205.616,L3 | 🌟🌟4.7 | 数码产品￥6049/人,科大讯飞直营店 | IFLYTEK 讯飞 | L3 | 🌟🌟4.7 | 数码产品￥6049/人 | 教学模式清晰易懂，棋艺进步肉眼可见 | “ | 10:00营业,ocr/input_videos\上海__上海荟聚中心__20260826.mp4
OBS-001271,上海荟聚中心,莱绅通灵,莱绅通灵,黄金首饰,4.2,,L2,rated,True,,rated,parsed,rating_anchor,0.9961,0.9932,55,12120,205.616,🌟🌟🌟🌟🌟 | L2 | 4.2黄金首饰,莱绅通灵 | 莱绅通灵传灶 | 🌟🌟🌟🌟🌟 | L2 | 4.2黄金首饰 | 2M热是 | 10:00营业,ocr/input_videos\上海__上海荟聚中心__20260826.mp4
OBS-001272,上海荟聚中心,adidas Originals,adidasOriginals,运动户外,4.6,928,L1,rated,True,,rated,parsed,rating_anchor,0.9736,0.9971,53,12120,205.616,🌟🌟🌟🌟🌟 | L1 | 运动户外￥928/人 | 4.6,adidas Originals | 🌟🌟🌟🌟🌟 | L1 | 运动户外￥928/人 | 4.6 | 点评榜单 | 北新泾/淞虹路运动户外好评榜第7名 | 10:00营业 | 蓝色麂皮面料，质感拉满 | 惠 | ￥674.24 | ￥800上海多品牌688... | 9.8折,ocr/input_videos\上海__上海荟聚中心__20260826.mp4
OBS-001273,上海荟聚中心,The Green Party,TheGreenParty,杂货礼品,4.8,59,LG2,rated,True,,rated,parsed,rating_anchor,0.9696,0.9723,61,12120,205.616,🌟🌟🌟🌟🌟 | LG2 | 杂货礼品￥59/人 | 4.8,The Green Party | 🌟🌟🌟🌟🌟 | LG2 | 杂货礼品￥59/人 | 4.8 | 点评榜单 | 北新泾/淞虹路杂货礼品好评榜第6名 | T10:00营业 | 玩偶娃娃超多，遛娃逛街好去处 | 1,ocr/input_videos\上海__上海荟聚中心__20260826.mp4
OBS-001274,上海荟聚中心,车微家洗车贴膜车衣,车微家洗车贴膜车衣,美容洗车,3.8,,L3,rated,True,,rated,parsed,rating_anchor,0.9913,0.9986,51,12120,205.616,3.8美容洗车251/人 | L3,车微家洗车贴膜车衣 | 3.8美容洗车251/人 | L3 | 车微家SHB010 | 服务专业又贴心，细节处理到位 | 10:00营业,ocr/input_videos\上海__上海荟聚中心__20260826.mp4
OBS-001275,上海荟聚中心,科大讯飞直营店,科大讯飞直营店,数码产品,4.7,6049,L3,rated,True,,rated,parsed,rating_anchor,0.9754,0.9988,51,12132,205.819,L3 | ★🌟★🌟🌟 | 数码产品￥6049/人 | 4.7,科大讯飞直营店 | jFLYTEK 讯飞 | L3 | ★🌟★🌟🌟 | 数码产品￥6049/人 | 4.7 | 教学模式清晰易懂，棋艺进步肉眼可见 | 10:00营业,ocr/input_videos\上海__上海荟聚中心__20260826.mp4
OBS-001276,上海荟聚中心,莱绅通灵,莱绅通灵,黄金首饰,4.2,,L2,rated,True,,rated,parsed,rating_anchor,0.9941,0.9886,53,12132,205.819,L2 | 🌟🌟⭐⭐ | 黄金首饰 | 4.2 | ★,莱绅通灵 | 莱绅通灵传世全 | L2 | 🌟🌟⭐⭐ | 黄金首饰 | 4.2 | ★ | 一 | S | 10:00营业,ocr/input_videos\上海__上海荟聚中心__20260826.mp4
OBS-001277,上海荟聚中心,adidas Originals,adidasOriginals,运动户外,4.6,928,L1,rated,True,,rated,parsed,rating_anchor,0.9815,0.9988,53,12132,205.819,🌟🌟⭐⭐🌟 | L1 | 运动户外￥928/人 | 4.6,adidas Originals | 🌟🌟⭐⭐🌟 | L1 | 运动户外￥928/人 | 4.6 | 点评榜单 | 北新泾/淞虹路运动户外好评榜第7名 | 10:00营业 | 蓝色麂皮面料，质感拉满 | “ | 5 | ￥674.249.8折 | ￥800上海多品牌688... | 惠,ocr/input_videos\上海__上海荟聚中心__20260826.mp4
OBS-001278,上海荟聚中心,The Green Party,TheGreenParty,杂货礼品,4.8,59,LG2,rated,True,,rated,parsed,rating_anchor,0.9782,0.9958,65,12132,205.819,LG2 | 🌟🌟🌟⭐🌟 | 杂货礼品￥59/人 | 4.8,The Green Party | LG2 | 🌟🌟🌟⭐🌟 | 杂货礼品￥59/人 | 4.8 | 点评榜单 | 北新泾/淞虹路杂货礼品好评榜第6名 | T10:00营业 | 玩偶娃娃超多，遛娃逛街好去处,ocr/input_videos\上海__上海荟聚中心__20260826.mp4
OBS-001279,上海荟聚中心,车微家洗车贴膜车衣,车微家洗车贴膜车衣,美容洗车,3.8,251,L3,rated,True,,rated,parsed,rating_anchor,0.9221,0.9987,53,12132,205.819,L3 | ⭐⭐3.8美容洗车 | ￥251/人,车微家洗车贴膜车衣 | L3 | ⭐⭐3.8美容洗车 | ￥251/人 | 车微家SHD10 | 服务专业又贴心，细节处理到位 | 1 | 10:00营业,ocr/input_videos\上海__上海荟聚中心__20260826.mp4
OBS-001280,上海荟聚中心,科大讯飞直营店,科大讯飞直营店,数码产品,4.7,6049,L3,rated,True,,rated,parsed,rating_anchor,0.9844,0.9991,54,12204,207.041,🌟🌟🌟⭐🌟 | L3 | 数码产品￥6049/人 | 4.7,科大讯飞直营店 | jFLYTEK 讯飞 | 🌟🌟🌟⭐🌟 | L3 | 数码产品￥6049/人 | 4.7 | 教学模式清晰易懂，棋艺进步肉眼可见 | 2 | 10:00营业,ocr/input_videos\上海__上海荟聚中心__20260826.mp4
OBS-001281,上海荟聚中心,莱绅通灵,莱绅通灵,黄金首饰,4.2,,L2,rated,True,,rated,parsed,rating_anchor,0.9974,0.9957,56,12204,207.041,⭐🌟🌟⭐ | 黄金首饰 | L2 | 4.2 | ★,莱绅通灵 | 莱绅通灵传世全 | ⭐🌟🌟⭐ | 黄金首饰 | L2 | 4.2 | ★ | 美外5 | 10:00营业,ocr/input_videos\上海__上海荟聚中心__20260826.mp4
OBS-001282,上海荟聚中心,adidas Originals,adidasOriginals,运动户外,4.6,928,L1,rated,True,,rated,parsed,rating_anchor,0.9766,0.9988,58,12204,207.041,🌟🌟⭐🌟 | 运动户外￥928/人 | L1 | 4.6,adidas Originals | 🌟🌟⭐🌟 | 运动户外￥928/人 | L1 | 4.6 | 点评榜单 | 北新泾/淞虹路运动户外好评榜第7名 | 10:00营业 | 蓝色麂皮面料，质感拉满 | ￥800上海多品牌688... | ￥674.24 | 惠 | 9.8折,ocr/input_videos\上海__上海荟聚中心__20260826.mp4
OBS-001283,上海荟聚中心,The Green Party,TheGreenParty,杂货礼品,4.8,59,LG2,rated,True,,rated,parsed,rating_anchor,0.9661,0.9644,60,12204,207.041,LG2 | ⭐🌟⭐🌟🌟 | 杂货礼品￥59/人 | 4.8,The Green Party | LG2 | ⭐🌟⭐🌟🌟 | 杂货礼品￥59/人 | 4.8 | 点评榜单 | 北新泾/淞虹路杂货礼品好评榜第6名 | T10:00营业 | “玩偶娃娃超多，遛娃逛街好去处,ocr/input_videos\上海__上海荟聚中心__20260826.mp4
OBS-001284,上海荟聚中心,车微家洗车贴膜车衣,车微家洗车贴膜车衣,美容洗车,3.8,251,L3,rated,True,,rated,parsed,rating_anchor,0.973,0.9985,51,12204,207.041,3.8美容洗车￥251/人 | L3,车微家洗车贴膜车衣 | 3.8美容洗车￥251/人 | L3 | 车微家S010 | 服务专业又贴心，细节处理到位 | 10:00营业 | ￥298￥376精致洗车加玻璃去油膜 | 惠,ocr/input_videos\上海__上海荟聚中心__20260826.mp4
OBS-001285,上海荟聚中心,adidas Originals,adidasOriginals,运动户外,4.6,928,L1,rated,True,,rated,parsed,rating_anchor,0.959,0.9962,55,12228,207.448,4.6运动户外￥928/人 | L1,adidas Originals | 4.6运动户外￥928/人 | L1 | 点评榜单 | 北新泾/淞虹路运动户外好评榜第7名 | 10:00营业 | 蓝色魔皮面料，质感拉满 | “ | 3 | ￥674.249.8折 | ￥800上海多品牌688.... | 惠,ocr/input_videos\上海__上海荟聚中心__20260826.mp4
OBS-001286,上海荟聚中心,The Green Party,TheGreenParty,杂货礼品,4.8,59,LG2,rated,True,,rated,parsed,rating_anchor,0.965,0.9845,66,12228,207.448,4.8杂货礼品￥59/人 | LG2,The Green Party | 4.8杂货礼品￥59/人 | LG2 | 点评榜单 | 北新泾/淞虹路杂货礼品好评榜第6名 | T10:00营业 | 玩偶娃娃超多，遛娃逛街好去处,ocr/input_videos\上海__上海荟聚中心__20260826.mp4
OBS-001287,上海荟聚中心,车微家洗车贴膜车衣,车微家洗车贴膜车衣,美容洗车,3.8,251,L3,rated,True,,rated,parsed,rating_anchor,0.9775,0.9993,54,12228,207.448,3.8美容洗车￥251/人 | L3,车微家洗车贴膜车衣 | 3.8美容洗车￥251/人 | L3 | 车微家SHB010 | “服务专业贴心，细节处理到位 | 10:00营业 | ￥298￥376精致洗车加玻璃去油膜 | 惠,ocr/input_videos\上海__上海荟聚中心__20260826.mp4
OBS-001288,上海荟聚中心,智己汽车,智己汽车,4S店,,,LG1,unknown,True,,ocr_missing,parsed,metadata_anchor,0.9903,0.9898,60,12228,207.448,🌟🌟⭐ | 3.24S店 | LG1 | ★🌟,"智己汽车 | "". | 智己LS8 | 🌟🌟⭐ | 3.24S店 | LG1 | ★🌟 | 8代科技豫成5UV | 10:00营业",ocr/input_videos\上海__上海荟聚中心__20260826.mp4
OBS-001289,上海荟聚中心,NIKE,NIKE,运动户外,4.7,848,L1,rated,True,,rated,parsed,rating_anchor,0.976,0.9982,52,12228,207.448,4.7运动户外￥848/人 | L1,NIKE | 4.7运动户外￥848/人 | L1 | 点评榜单 | 北新泾/淞虹路运动户外好评榜第4名 | 10:00营业 | 小 | 设计风格时尚，运动装保暖又好看 | ￥485￥500 | 【折上折】-NIKE部分产 | 惠,ocr/input_videos\上海__上海荟聚中心__20260826.mp4
OBS-001290,上海荟聚中心,auiuas Ui ylais,auiuasUiylais,运动户外,4.6,928,L1,rated,True,,rated,parsed,rating_anchor,0.8207,0.6907,37,12264,208.059,L1 | ⭐🌟⭐⭐4.6 | 运动户外￥928/人,auiuas Ui ylais | L1 | ⭐🌟⭐⭐4.6 | 运动户外￥928/人 | 点评榜单 | 北新泾/淞虹路运动户外好评榜第7名 | 10:00营业 | 蓝色麂皮面料，质感拉满 | “ | 2 | ￥674.249.8折 | ￥800上海多品牌688.... | 惠,ocr/input_videos\上海__上海荟聚中心__20260826.mp4
OBS-001291,上海荟聚中心,The Green Party,TheGreenParty,杂货礼品,4.8,59,LG2,rated,True,,rated,parsed,rating_anchor,0.977,0.9949,64,12264,208.059,LG2 | 杂货礼品￥59/人 | 🌟🌟🌟🌟🌟 | 4.8,The Green Party | LG2 | 杂货礼品￥59/人 | 🌟🌟🌟🌟🌟 | 4.8 | 点评榜单 | 北新泾/淞虹路杂货礼品好评榜第6名 | T10:00营业 | 玩偶娃娃超多，遛娃逛街好去处,ocr/input_videos\上海__上海荟聚中心__20260826.mp4
OBS-001292,上海荟聚中心,车微家洗车贴膜车衣,车微家洗车贴膜车衣,美容洗车,3.8,251,L3,rated,True,,rated,parsed,rating_anchor,0.9704,0.9994,51,12264,208.059,L3 | ⭐3.8美容洗车￥251/人,车微家洗车贴膜车衣 | L3 | ⭐3.8美容洗车￥251/人 | 车微家SHB010 | “服务专业又贴心，细节处理到位 | 10:00营业 | ￥298￥376精致洗车加玻璃去油膜 | 惠,ocr/input_videos\上海__上海荟聚中心__20260826.mp4
OBS-001293,上海荟聚中心,智己汽车,智己汽车,4S店,,,LG1,unknown,True,,ocr_missing,parsed,metadata_anchor,0.993,0.9924,57,12264,208.059,🌟🌟⭐🌟⭐ | LG1 | 3.24S店,"智己汽车 | "". | 智己しS8 | 🌟🌟⭐🌟⭐ | LG1 | 3.24S店 | 即时代科技豫张5UV | 10:00营业",ocr/input_videos\上海__上海荟聚中心__20260826.mp4
OBS-001294,上海荟聚中心,NIKE,NIKE,运动户外,4.7,848,L1,rated,True,,rated,parsed,rating_anchor,0.9633,0.9982,55,12264,208.059,4.7运动户外￥848/人 | L1,NIKE | 4.7运动户外￥848/人 | L1 | 点评榜单 | 北新泾/淞虹路运动户外好评榜第4名 | 10:00营业 | 设计风格时尚，运动装保暖又好看 | 3 | ￥485￥500 | 惠 | 【折上折】-NIKE部分产..,ocr/input_videos\上海__上海荟聚中心__20260826.mp4
OBS-001295,上海荟聚中心,The Green Party,TheGreenParty,杂货礼品,4.8,59,LG2,rated,True,,rated,parsed,rating_anchor,0.9771,0.9909,65,12300,208.67,LG2 | 杂货礼品￥59/人 | 🌟🌟⭐🌟🌟 | 4.8,The Green Party | LG2 | 杂货礼品￥59/人 | 🌟🌟⭐🌟🌟 | 4.8 | 点评榜单 | 北新泾/淞虹路杂货礼品好评榜第6名 | T10:00营业 | 玩偶娃娃超多，遛娃逛街好去处 | “,ocr/input_videos\上海__上海荟聚中心__20260826.mp4
OBS-001296,上海荟聚中心,车微家洗车贴膜车衣,车微家洗车贴膜车衣,美容洗车,3.8,251,L3,rated,True,,rated,parsed,rating_anchor,0.9689,0.999,53,12300,208.67,3.8美容洗车￥251/人 | L3,车微家洗车贴膜车衣 | 3.8美容洗车￥251/人 | L3 | 车微家S9HB00 | 服务专业又贴心，细节处理到位 | 10:00营业 | ￥298￥376精致洗车加玻璃去油膜 | 惠,ocr/input_videos\上海__上海荟聚中心__20260826.mp4
OBS-001297,上海荟聚中心,智己汽车,智己汽车,4S店,,,LG1,unknown,True,,ocr_missing,parsed,metadata_anchor,0.9929,0.9925,56,12300,208.67,3.24S店 | LG1 | 🌟🌟★★⭐,"智己汽车 | "" | 智己LS8 | 3.24S店 | LG1 | 🌟🌟★★⭐ | 阿时代程技牌联5U0 | 10:00营业",ocr/input_videos\上海__上海荟聚中心__20260826.mp4
OBS-001298,上海荟聚中心,NIKE,NIKE,运动户外,4.7,848,L1,rated,True,,rated,parsed,rating_anchor,0.9735,0.9977,52,12300,208.67,★★★★★ | L1 | 运动户外￥848/人 | 4.7,NIKE | ★★★★★ | L1 | 运动户外￥848/人 | 4.7 | 点评榜单 | 北新泾/淞虹路运动户外好评榜第4名 | 10:00营业 | 设计风格时尚，运动装保暖又好看 | 《 | 力 | ￥485￥500 | 惠 | 【折上折】-NIKE部分产..,ocr/input_videos\上海__上海荟聚中心__20260826.mp4
OBS-001299,上海荟聚中心,泡泡玛特POPMART,泡泡玛特POPMART,杂货礼品,4.8,140,L1,rated,True,,rated,parsed,rating_anchor,0.9986,0.9988,51,12300,208.67,L1 | 🌟🌟🌟🌟🌟 | 杂货礼品 | ￥140/人 | 4.8,泡泡玛特POPMART | L1 | 🌟🌟🌟🌟🌟 | 杂货礼品 | ￥140/人 | 4.8 | POP MART,ocr/input_videos\上海__上海荟聚中心__20260826.mp4
OBS-001300,上海荟聚中心,The Green Party,TheGreenParty,杂货礼品,4.8,59,LG2,rated,True,,rated,parsed,rating_anchor,0.9786,0.9945,63,12348,209.484,杂货礼品￥59/人 | LG2 | 🌟🌟🌟🌟🌟 | 4.8,The Green Party | 杂货礼品￥59/人 | LG2 | 🌟🌟🌟🌟🌟 | 4.8 | 点评榜单 | 北新泾/淞虹路杂货礼品好评榜第6名 | T10:00营业 | 玩偶娃娃超多，遛娃逛街好去处 | 《,ocr/input_videos\上海__上海荟聚中心__20260826.mp4
OBS-001301,上海荟聚中心,车微家洗车贴膜车衣,车微家洗车贴膜车衣,美容洗车,3.8,251,L3,rated,True,,rated,parsed,rating_anchor,0.9808,0.9994,54,12348,209.484,3.8美容洗车￥251/人 | L3,车微家洗车贴膜车衣 | 3.8美容洗车￥251/人 | L3 | 车祝家SHB010 | 服务专业又贴心，细节处理到位 | 2 | 10:00营业 | ￥298￥376精致洗车加玻璃去油膜 | 惠,ocr/input_videos\上海__上海荟聚中心__20260826.mp4
OBS-001302,上海荟聚中心,智己汽车,智己汽车,4S店,,,LG1,unknown,True,,ocr_missing,parsed,metadata_anchor,0.9909,0.9874,57,12348,209.484,3.24S店 | ⭐🌟🌟 | LG1 | ⭐⭐,"智己汽车 | "" | 智己LS8 | 3.24S店 | ⭐🌟🌟 | LG1 | ⭐⭐ | 8代科技豫线SU | 10:00营业",ocr/input_videos\上海__上海荟聚中心__20260826.mp4
OBS-001303,上海荟聚中心,NIKE,NIKE,运动户外,4.7,848,L1,rated,True,,rated,parsed,rating_anchor,0.9761,0.9978,52,12348,209.484,🌟🌟⭐🎉🌟4.7 | L1 | 运动户外￥848/人,NIKE | 🌟🌟⭐🎉🌟4.7 | L1 | 运动户外￥848/人 | 点评榜单 | 北新泾/淞虹路运动户外好评榜第4名 | 10:00营业 | 设计风格时尚，运动装保暖又好看 | “ | ￥485￥500 | 【折上折】-NIKE部分产. | 惠,ocr/input_videos\上海__上海荟聚中心__20260826.mp4
OBS-001304,上海荟聚中心,泡泡玛特POPMART,泡泡玛特POPMART,杂货礼品,4.8,140,L1,rated,True,,rated,parsed,rating_anchor,0.9747,0.9991,51,12348,209.484,L1 | 🌟🌟🌟🌟🌟 | 杂货礼品￥140/人 | 4.8,泡泡玛特POPMART | L1 | 🌟🌟🌟🌟🌟 | 杂货礼品￥140/人 | 4.8 | POP MART | 点评榜单 | 北新泾/淞虹路杂货礼品好评榜第1名 | 10:00营业 | 陈列整齐又治愈，拍照打卡超好看,ocr/input_videos\上海__上海荟聚中心__20260826.mp4
OBS-001305,上海荟聚中心,The Green Party,TheGreenParty,杂货礼品,4.8,59,LG2,rated,True,,rated,parsed,rating_anchor,0.9786,0.9974,62,12372,209.891,杂货礼品￥59/人 | LG2 | 🌟🌟🌟🌟🌟 | 4.8,The Green Party | 杂货礼品￥59/人 | LG2 | 🌟🌟🌟🌟🌟 | 4.8 | 点评榜单 | 北新泾/淞虹路杂货礼品好评榜第6名 | T10:00营业 | 玩偶娃娃超多，遛娃逛街好去处 | 公 | 5,ocr/input_videos\上海__上海荟聚中心__20260826.mp4
OBS-001306,上海荟聚中心,车微家洗车贴膜车衣,车微家洗车贴膜车衣,美容洗车,3.8,251,L3,rated,True,,rated,parsed,rating_anchor,0.9818,0.9994,54,12372,209.891,⭐🌟⭐🌟3.8 | L3 | 美容洗车￥251/人,车微家洗车贴膜车衣 | ⭐🌟⭐🌟3.8 | L3 | 美容洗车￥251/人 | 车微家SHB010 | 服务专业又贴心，细节处理到位 | ≤ | 5 | 10:00营业 | ￥298￥376精致洗车加玻璃去油膜 | 惠,ocr/input_videos\上海__上海荟聚中心__20260826.mp4
OBS-001307,上海荟聚中心,智己汽车,智己汽车,4S店,,,LG1,unknown,True,,ocr_missing,parsed,metadata_anchor,0.9907,0.9893,59,12372,209.891,LG1 | 3.24S店 | ⭐🌟🌟 | ⭐🌟,"智己汽车 | "". | 智己LS8 | LG1 | 3.24S店 | ⭐🌟🌟 | ⭐🌟 | 8代科技豫现SUV | 10:00营业",ocr/input_videos\上海__上海荟聚中心__20260826.mp4
OBS-001308,上海荟聚中心,NIKE,NIKE,运动户外,4.7,848,L1,rated,True,,rated,parsed,rating_anchor,0.9787,0.9983,52,12372,209.891,🌟🌟🎉🎉4.7 | L1 | 运动户外￥848/人,NIKE | 🌟🌟🎉🎉4.7 | L1 | 运动户外￥848/人 | 点评榜单 | 北新泾/淞虹路运动户外好评榜第4名 | 10:00营业 | 设计风格时尚，运动装保暖又好看 | 《 | ￥485 | 【折上折】-NIKE部分产. | 惠 | 5￥500,ocr/input_videos\上海__上海荟聚中心__20260826.mp4
OBS-001309,上海荟聚中心,泡泡玛特POPMART,泡泡玛特POPMART,杂货礼品,4.8,140,L1,rated,True,,rated,parsed,rating_anchor,0.9791,0.9991,51,12372,209.891,L1 | 🌟🌟🎉🌟🌟 | 杂货礼品￥140/人 | 4.8,泡泡玛特POPMART | L1 | 🌟🌟🎉🌟🌟 | 杂货礼品￥140/人 | 4.8 | POP MART | 点评榜单 | 北新泾/淞虹路杂货礼品好评榜第1名 | 10:00营业 | 陈列整齐又治愈，拍照打卡超好看 | 优衣库,ocr/input_videos\上海__上海荟聚中心__20260826.mp4
OBS-001310,上海荟聚中心,智己汽车,智己汽车,4S店,,,LG1,unknown,True,,ocr_missing,parsed,metadata_anchor,0.9926,0.9929,55,12432,210.909,3.24S店 | 🌟🌟🎉🌟🌟 | LG1,"智己汽车 | "". | 智己LS8 | 3.24S店 | 🌟🌟🎉🌟🌟 | LG1 | 时代科技豫线5U9 | 10:00营业",ocr/input_videos\上海__上海荟聚中心__20260826.mp4
OBS-001311,上海荟聚中心,NIKE,NIKE,运动户外,4.7,848,L1,rated,True,,rated,parsed,rating_anchor,0.9765,0.9985,51,12432,210.909,⭐🌟🌟🌟🌈 | 运动户外￥848/人 | L1 | 4.7,NIKE | ⭐🌟🌟🌟🌈 | 运动户外￥848/人 | L1 | 4.7 | 点评榜单 | 北新泾/淞虹路运动户外好评榜第4名 | 10:00营业 | 设计风格时尚，运动装保暖又好看 | ￥485 | 惠 | ￥500 | 【折上折】-NIKE部分产..,ocr/input_videos\上海__上海荟聚中心__20260826.mp4
OBS-001312,上海荟聚中心,泡泡玛特POPMART,泡泡玛特POPMART,杂货礼品,4.8,140,L1,rated,True,,rated,parsed,rating_anchor,0.9974,0.9985,48,12432,210.909,🌟🌟🌟🌟🌟 | L1 | 杂货礼品 | ￥140/人 | 4.8,泡泡玛特POPMART | 🌟🌟🌟🌟🌟 | L1 | 杂货礼品 | ￥140/人 | 4.8 | POP MART | 点评榜单 | 北新泾/淞虹路杂货礼品好评榜第1名 | 10:00营业 | 陈列整齐又治愈，拍照打卡超好看 | “ | 力,ocr/input_videos\上海__上海荟聚中心__20260826.mp4
OBS-001313,上海荟聚中心,优衣库,优衣库,服饰鞋包,4.9,296,L1,rated,True,,rated,parsed,rating_anchor,0.9823,0.9995,59,12432,210.909,"⭐🌟⭐🌟 | 服饰鞋包￥296/人 | L1,L2 | 4.9","优衣库 | UNI | ⭐🌟⭐🌟 | 服饰鞋包￥296/人 | L1,L2 | 4.9 | QL.0 | 北新泾/淞虹路服饰鞋包好评榜第3名 | 点评榜单 | 10:00营业 | 裙裤设计，吸汗速干舒适",ocr/input_videos\上海__上海荟聚中心__20260826.mp4
OBS-001314,上海荟聚中心,创聚场,创聚场,科学实验,3.5,,LG2,rated,True,,rated,parsed,rating_anchor,0.9994,0.999,58,12432,210.909,LG2 | 科学实验 | 🌟🌟🌟🌟🌟 | 3.5,创聚场 | LG2 | 科学实验 | 🌟🌟🌟🌟🌟 | 3.5 | moovation Hut | 画展场地特别大，手工工作台丰富 | “ | 10:00营业,ocr/input_videos\上海__上海荟聚中心__20260826.mp4
OBS-001315,上海荟聚中心,星河跆拳道,星河跆拳道,跆拳道馆,3.7,,L3,rated,True,,rated,parsed,rating_anchor,0.9992,0.9998,55,12432,210.909,L3 | 🌟🌟🌟🌟🌟 | 跆拳道馆 | 3.7,星河跆拳道 | L3 | 🌟🌟🌟🌟🌟 | 跆拳道馆 | 3.7,ocr/input_videos\上海__上海荟聚中心__20260826.mp4
OBS-001316,上海荟聚中心,智己汽车,智己汽车,4S店,,,LG1,unknown,True,,ocr_missing,parsed,metadata_anchor,0.9937,0.992,55,12444,211.113,⭐🌟🎉⭐⭐ | 3.24S店 | LG1,"智己汽车 | "" | 智己LS8 | ⭐🌟🎉⭐⭐ | 3.24S店 | LG1 | 代科控SUV | 10:00营业",ocr/input_videos\上海__上海荟聚中心__20260826.mp4
OBS-001317,上海荟聚中心,NIKE,NIKE,运动户外,4.7,848,L1,rated,True,,rated,parsed,rating_anchor,0.9778,0.9984,51,12444,211.113,L1 | 🌟🌟🌟🌟🌟 | 运动户外￥848/人 | 4.7,NIKE | L1 | 🌟🌟🌟🌟🌟 | 运动户外￥848/人 | 4.7 | 点评榜单 | 北新泾/淞虹路运动户外好评榜第4名 | 10:00营业 | 设计风格时尚，运动装保暖又好看 | ￥485 | 【折上折】-NIKE部分产. | 惠 | ￥500,ocr/input_videos\上海__上海荟聚中心__20260826.mp4
OBS-001318,上海荟聚中心,泡泡玛特POPMART,泡泡玛特POPMART,杂货礼品,4.8,140,L1,rated,True,,rated,parsed,rating_anchor,0.9858,0.9992,51,12444,211.113,★★🌟🌟★ | L1 | 杂货礼品 | ￥140/人 | 4.8,泡泡玛特POPMART | ★★🌟🌟★ | L1 | 杂货礼品 | ￥140/人 | 4.8 | POP MART | 点评榜单 | 北新泾/淞虹路杂货礼品好评榜第1名 | 10:00营业 | 陈列整齐又治愈，拍照打卡超好看 | 力,ocr/input_videos\上海__上海荟聚中心__20260826.mp4
OBS-001319,上海荟聚中心,优衣库,优衣库,服饰鞋包,4.9,296,L1,rated,True,,rated,parsed,rating_anchor,0.9785,0.9996,58,12444,211.113,"L1,L2 | ⭐🌟🌟🌟🌟 | 服饰鞋包￥296/人 | 4.9","优衣库 | UNI | L1,L2 | ⭐🌟🌟🌟🌟 | 服饰鞋包￥296/人 | 4.9 | QL.0 | 点评榜单 | 北新泾/淞虹路服饰鞋包好评榜第3名 | 10:00营业 | 裙裤设计，吸汗速干舒适",ocr/input_videos\上海__上海荟聚中心__20260826.mp4
OBS-001320,上海荟聚中心,创聚场,创聚场,科学实验,3.5,,LG2,rated,True,,rated,parsed,rating_anchor,0.9995,0.9992,58,12444,211.113,LG2 | 🌟🌟⭐🌟🌟 | 科学实验 | 3.5,创聚场 | LG2 | 🌟🌟⭐🌟🌟 | 科学实验 | 3.5 | nsovation Hut | ，手工工作台丰富 | 画展场地特别大， | 10:00营业,ocr/input_videos\上海__上海荟聚中心__20260826.mp4
OBS-001321,上海荟聚中心,星河跆拳道,星河跆拳道,跆拳道馆,3.7,,L3,rated,True,,rated,parsed,rating_anchor,0.9996,0.9999,55,12444,211.113,L3 | 🌟🌟🌟🌟🌟 | 3.7 | 跆拳道馆,星河跆拳道 | L3 | 🌟🌟🌟🌟🌟 | 3.7 | 跆拳道馆,ocr/input_videos\上海__上海荟聚中心__20260826.mp4
OBS-001322,上海荟聚中心,智己汽车,智己汽车,4S店,,,LG1,unknown,True,,ocr_missing,parsed,metadata_anchor,0.9936,0.9934,57,12528,212.538,3.24S店 | ⭐🌟⭐ | LG1 | ★★,"智己汽车 | "". | 智己しS8 | 3.24S店 | ⭐🌟⭐ | LG1 | ★★ | 时代科技课线5U9 | 10:00营业",ocr/input_videos\上海__上海荟聚中心__20260826.mp4
OBS-001323,上海荟聚中心,NIKE,NIKE,运动户外,4.7,848,L1,rated,True,,rated,parsed,rating_anchor,0.9725,0.9988,51,12528,212.538,★🌟🌟🌟🌟 | L1 | 运动户外￥848/人 | 4.7,NIKE | ★🌟🌟🌟🌟 | L1 | 运动户外￥848/人 | 4.7 | 点评榜单 | 北新泾/淞虹路运动户外好评榜第4名 | 10:00营业 | 设计风格时尚，运动装保暖又好看 | 3 | ￥485￥500 | 【折上折】-NIKE部分产.. | 惠,ocr/input_videos\上海__上海荟聚中心__20260826.mp4
OBS-001324,上海荟聚中心,泡泡玛特POPMART,泡泡玛特POPMART,杂货礼品,4.8,140,L1,rated,True,,rated,parsed,rating_anchor,0.9971,0.9977,54,12528,212.538,⭐🌟⭐⭐🌟 | L1 | 杂货礼品 | ￥140/人 | 4.8,泡泡玛特POPMART | ⭐🌟⭐⭐🌟 | L1 | 杂货礼品 | ￥140/人 | 4.8 | POP MART | 点评榜单 | 北新泾/淞虹路杂货礼品好评榜第1名 | 10:00营业 | 陈列整齐又治愈，拍照打卡超好看 | （ | 2,ocr/input_videos\上海__上海荟聚中心__20260826.mp4
OBS-001325,上海荟聚中心,优衣库,优衣库,服饰鞋包,4.9,296,L1,rated,True,,rated,parsed,rating_anchor,0.9821,0.9996,58,12528,212.538,"L1,L2 | 🌟🌟🌟🌟🌟 | 服饰鞋包￥296/人 | 4.9","优衣库 | UNI | L1,L2 | 🌟🌟🌟🌟🌟 | 服饰鞋包￥296/人 | 4.9 | QL.0 | 点评榜单 | 北新泾/淞虹路服饰鞋包好评榜第3名 | 10:00营业 | 裙裤设计，吸汗速干舒适 | 6 | 3",ocr/input_videos\上海__上海荟聚中心__20260826.mp4
OBS-001326,上海荟聚中心,创聚场,创聚场,科学实验,3.5,,LG2,rated,True,,rated,parsed,rating_anchor,0.999,0.998,58,12528,212.538,LG2 | 科学实验 | 🌟🌟🌟🌟🌟 | 3.5,创聚场 | LG2 | 科学实验 | 🌟🌟🌟🌟🌟 | 3.5 | Inoovatlon Hut | 画展场地特别大，手工工作台丰富 | “ | 4 | V | 10:00营业,ocr/input_videos\上海__上海荟聚中心__20260826.mp4
OBS-001327,上海荟聚中心,星河跆拳道,星河跆拳道,跆拳道馆,3.7,,L3,rated,True,,rated,parsed,rating_anchor,0.9941,0.9998,55,12528,212.538,3.7跆拳道馆 | L3,星河跆拳道 | 3.7跆拳道馆 | L3,ocr/input_videos\上海__上海荟聚中心__20260826.mp4
OBS-001328,上海荟聚中心,泡泡玛特POPMART,泡泡玛特POPMART,杂货礼品,,140,L1,unknown,True,,ocr_missing,parsed,metadata_anchor,0.9977,0.9987,51,12540,212.741,L1 | 🌟🌟🌟🌟🌟 | 杂货礼品 | ￥140/人 | 14.8,泡泡玛特POPMART | L1 | 🌟🌟🌟🌟🌟 | 杂货礼品 | ￥140/人 | 14.8 | POP MART | 点评榜单 | 北新泾/淞虹路杂货礼品好评榜第1名 | 10:00营业 | 陈列整齐又治愈，拍照打卡超好看 | 2,ocr/input_videos\上海__上海荟聚中心__20260826.mp4
OBS-001329,上海荟聚中心,优衣库,优衣库,服饰鞋包,4.9,296,L1,rated,True,,rated,parsed,rating_anchor,0.9811,0.9993,58,12540,212.741,"服饰鞋包￥296/人 | ⭐🌟🌟🌟🌟 | L1,L2 | 4.9","优衣库 | UNI | 服饰鞋包￥296/人 | ⭐🌟🌟🌟🌟 | L1,L2 | 4.9 | QL0 | 点评榜单 | 北新泾/淞虹路服饰鞋包好评榜第3名 | 10:00营业 | 裙裤设计，吸汗速干舒适 | C",ocr/input_videos\上海__上海荟聚中心__20260826.mp4
OBS-001330,上海荟聚中心,创聚场,创聚场,科学实验,3.5,,LG2,rated,True,,rated,parsed,rating_anchor,0.9979,0.9992,55,12540,212.741,LG2 | 3.5科学实验 | 🌟🌟🌟🌟🌟,创聚场 | LG2 | 3.5科学实验 | 🌟🌟🌟🌟🌟 | noovatlon Hut | 画展场地特别大，手工工作台丰富 | “ | 10:00营业,ocr/input_videos\上海__上海荟聚中心__20260826.mp4
OBS-001331,上海荟聚中心,星河跆拳道,星河跆拳道,跆拳道馆,3.7,,L3,rated,True,,rated,parsed,rating_anchor,0.9993,0.9998,52,12540,212.741,L3 | 🌟🌟🌟★ | 跆拳道馆 | 3.7,星河跆拳道 | L3 | 🌟🌟🌟★ | 跆拳道馆 | 3.7 | 营业中,ocr/input_videos\上海__上海荟聚中心__20260826.mp4
OBS-001332,上海荟聚中心,FREE TEE室内高尔夫球馆,FREETEE室内高尔夫球馆,高尔夫场,,110,L3,unknown,True,,ocr_missing,parsed,metadata_anchor,0.9909,0.9828,48,12540,212.741,🌟🌟🌟⭐🌟 | L3 | 14.8 | 高尔夫场 | ￥110/人,FREE TEE室内高尔夫球馆 | 🌟🌟🌟⭐🌟 | L3 | 14.8 | 高尔夫场 | ￥110/人 | 北新泾/淞虹路高尔夫场销量榜第2名 | 室内高尔夫 | 210:00营业 | “场地宽敬视觉拉满，卫生效果好”,ocr/input_videos\上海__上海荟聚中心__20260826.mp4
OBS-001333,上海荟聚中心,泡泡玛特POPMART,泡泡玛特POPMART,杂货礼品,4.8,140,L1,rated,True,,rated,parsed,rating_anchor,0.9941,0.9993,47,12564,213.148,🌟🌟⭐🌟🌟 | L1 | 杂货礼品 | ￥140/人 | 4.8,泡泡玛特POPMART | 🌟🌟⭐🌟🌟 | L1 | 杂货礼品 | ￥140/人 | 4.8 | POP MART | 点评榜单 | 北新泾/淞虹路杂货礼品好评榜第1名 | 10:00营业 | 陈列整齐又治愈，拍照打卡超好看 | 分,ocr/input_videos\上海__上海荟聚中心__20260826.mp4
OBS-001334,上海荟聚中心,优衣库,优衣库,服饰鞋包,4.9,296,L1,rated,True,,rated,parsed,rating_anchor,0.9819,0.9995,55,12564,213.148,"🌟🌟🌟🌟🌟 | 服饰鞋包￥296/人 | L1,L2 | 4.9","优衣库 | UNI | 🌟🌟🌟🌟🌟 | 服饰鞋包￥296/人 | L1,L2 | 4.9 | QL0 | 点评榜单 | 北新泾/淞虹路服饰鞋包好评榜第3名 | 10:00营业 | 裙裤设计， | 吸汗速干舒适 | ≤",ocr/input_videos\上海__上海荟聚中心__20260826.mp4
OBS-001335,上海荟聚中心,创聚场,创聚场,科学实验,3.5,,LG2,rated,True,,rated,parsed,rating_anchor,0.9996,0.9994,55,12564,213.148,LG2 | 🌟🌟🌟🌟🌟 | 科学实验 | 3.5,创聚场 | LG2 | 🌟🌟🌟🌟🌟 | 科学实验 | 3.5 | 国 | 画展场地特别大，手工工作台丰富 | ≤ | 10:00营业,ocr/input_videos\上海__上海荟聚中心__20260826.mp4
OBS-001336,上海荟聚中心,星河跆拳道,星河跆拳道,跆拳道馆,3.7,,L3,rated,True,,rated,parsed,rating_anchor,0.9992,0.9998,52,12564,213.148,L3 | 🌟🌟🌟🌟 | 跆拳道馆 | 3.7,星河跆拳道 | 营动·鱼河胎 | L3 | 🌟🌟🌟🌟 | 跆拳道馆 | 3.7 | 营业中,ocr/input_videos\上海__上海荟聚中心__20260826.mp4
OBS-001337,上海荟聚中心,FREE TEE室内高尔夫球馆,FREETEE室内高尔夫球馆,高尔夫场,4.8,110,L3,rated,True,,rated,parsed,rating_anchor,0.9822,0.9656,48,12564,213.148,L3 | 🌟🌟🌟🌟 | 高尔夫场 | ￥110/人 | 4.8,FREE TEE室内高尔夫球馆 | L3 | 🌟🌟🌟🌟 | 高尔夫场 | ￥110/人 | 4.8 | B | 北新泾/淞虹路高尔夫场销量榜第2名 | 室内高尔夫 | 210:00营业 | 场地宽敞视觉拉满，卫生效果好 | ￥258 | ￥99 | 6.3折 | 惠 | 【工作日】 | 】豪华包间.,ocr/input_videos\上海__上海荟聚中心__20260826.mp4
OBS-001338,上海荟聚中心,H2half 美甲美睫艺术沙龙,H2half美甲美睫艺术沙龙,美甲,4.6,307,LG1,rated,True,,rated,parsed,rating_anchor,0.9613,0.9811,48,12564,213.148,LG1 | ★★★★★ | 美甲￥307/人 | 4.6,H2half 美甲美睫艺术沙龙 | H2.ha1f | LG1 | ★★★★★ | 美甲￥307/人 | 4.6 | 一站式美业沙龙 | 点评榜单 | 北新泾/淞虹路美甲美睫热门榜第6名,ocr/input_videos\上海__上海荟聚中心__20260826.mp4
OBS-001339,上海荟聚中心,创聚场,创聚场,科学实验,3.5,,LG2,rated,True,,rated,parsed,rating_anchor,0.9994,0.999,58,12636,214.37,LG2 | 科学实验 | 🌟🌟🌟🌟 | 3.5,创聚场 | LG2 | 科学实验 | 🌟🌟🌟🌟 | 3.5 | Innovation Hut | 画展场地特别大，手工工作台丰富 | 10:00营业,ocr/input_videos\上海__上海荟聚中心__20260826.mp4
OBS-001340,上海荟聚中心,星河跆拳道,星河跆拳道,跆拳道馆,3.7,,L3,rated,True,,rated,parsed,rating_anchor,0.953,0.9997,55,12636,214.37,⭐3.7跆拳道馆 | L3,星河跆拳道 | ⭐3.7跆拳道馆 | L3 | 营业中,ocr/input_videos\上海__上海荟聚中心__20260826.mp4
OBS-001341,上海荟聚中心,FREE TEE室内高尔夫球馆,FREETEE室内高尔夫球馆,高尔夫场,4.8,110,L3,rated,True,,rated,parsed,rating_anchor,0.9871,0.9748,51,12636,214.37,🌟🌟🎉🎉🎉4.8 | L3 | 高尔夫场 | ￥110/人,FREE TEE室内高尔夫球馆 | 🌟🌟🎉🎉🎉4.8 | L3 | 高尔夫场 | ￥110/人 | 北新泾/淞虹路高尔夫场销量榜第2名 | 室内高尔夫 | 210:00营业 | 场地宽敬视觉拉满，卫生效果好 | ￥996.3折 | ￥258 | 【工作日】豪华包间 | 惠,ocr/input_videos\上海__上海荟聚中心__20260826.mp4
OBS-001342,上海荟聚中心,H2half 美甲美睫艺术沙龙,H2half美甲美睫艺术沙龙,美甲,4.6,307,LG1,rated,True,,rated,parsed,rating_anchor,0.9633,0.9761,51,12636,214.37,🌟🌟🌟🌟🌟 | LG1 | 美甲￥307/人 | 4.6,H2half 美甲美睫艺术沙龙 | H2.half | 🌟🌟🌟🌟🌟 | LG1 | 美甲￥307/人 | 4.6 | 一站式美业沙龙 | 点评榜单 | 北新泾/淞虹路美甲美睫热门榜第6名 | 10:00营业 | 全程无菌操作，环境清新整洁 | C | ￥38￥166本甲卸甲·日式卸睫12选1 | 惠,ocr/input_videos\上海__上海荟聚中心__20260826.mp4
OBS-001343,上海荟聚中心,Gabriel伽百利,Gabriel伽百利,杂货礼品,4.7,188,L3,rated,True,,rated,parsed,rating_anchor,0.9761,0.9885,54,12636,214.37,🌟🌟⭐⭐🌟 | L3 | 杂货礼品￥188/人 | 4.7,Gabriel伽百利 | 🌟🌟⭐⭐🌟 | L3 | 杂货礼品￥188/人 | 4.7 | 点评榜单 | 北新泾/淞虹路杂货礼品好评榜第7名,ocr/input_videos\上海__上海荟聚中心__20260826.mp4
OBS-001344,上海荟聚中心,星河跆拳道,星河跆拳道,跆拳道馆,3.7,,L3,rated,True,,rated,parsed,rating_anchor,0.9637,0.9996,52,12672,214.981,⭐3.7跆拳道馆 | L3,星河跆拳道 | 兰动 | ⭐3.7跆拳道馆 | L3 | M | 营业中,ocr/input_videos\上海__上海荟聚中心__20260826.mp4
OBS-001345,上海荟聚中心,FREETEE室内高尔夫球馆,FREETEE室内高尔夫球馆,高尔夫场,4.8,110,L3,rated,True,,rated,parsed,rating_anchor,0.9823,0.9977,48,12672,214.981,L3 | 4.8高尔夫场￥110/人,FREETEE室内高尔夫球馆 | L3 | 4.8高尔夫场￥110/人 | 北新泾/淞虹路高尔夫场销量榜第2名 | 室内高尔夫 | 210:00营业 | 场地宽敞视觉拉满，卫生效果好 | 6.3折 | ￥258 | ￥99 | 惠 | 【工作日】豪华包间,ocr/input_videos\上海__上海荟聚中心__20260826.mp4
OBS-001346,上海荟聚中心,H2half美甲美睫艺术沙龙,H2half美甲美睫艺术沙龙,美甲,4.6,307,LG1,rated,True,,rated,parsed,rating_anchor,0.9635,0.9979,47,12672,214.981,LG1 | 4.6美甲￥307/人,H2half美甲美睫艺术沙龙 | H2.half | LG1 | 4.6美甲￥307/人 | 一站式美业沙龙 | K | 点评榜单 | 北新泾/淞虹路美甲美睫热门榜第6名 | 10:00营业 | 全程无菌操作，环境清新整洁 | “ | ￥38￥166本甲卸甲·日式卸睫|2选1 | 惠,ocr/input_videos\上海__上海荟聚中心__20260826.mp4
OBS-001347,上海荟聚中心,Gabriel伽百利,Gabriel伽百利,杂货礼品,4.7,188,L3,rated,True,,rated,parsed,rating_anchor,0.9768,0.9912,51,12672,214.981,★★★🌟 | L3 | 4.7 | 杂货礼品￥188/人,Gabriel伽百利 | ★★★🌟 | L3 | 4.7 | 杂货礼品￥188/人 | GABRiEL | 一針一線愛的守護 | 点评榜单 | 北新泾/淞虹路杂货礼品好评榜第7名 | 10:00营业 | 毛绒软乎乎，做工精致” | ￥79￥88定制刺绣服务 | 惠,ocr/input_videos\上海__上海荟聚中心__20260826.mp4
OBS-001348,上海荟聚中心,九木杂物社,九木杂物社,杂货礼品,4.8,52,LG2,rated,True,,rated,parsed,rating_anchor,0.9774,0.9998,55,12672,214.981,LG2 | ⭐🌟🌟⭐⭐4.8 | 杂货礼品￥52/人,九木杂物社 | 力 | LG2 | ⭐🌟🌟⭐⭐4.8 | 杂货礼品￥52/人 | 3H0 | 米 | 点评榜单 | 北新泾/淞虹路杂货礼品好评榜第4名 | 10:00营业 | “环境明亮简约，设计感十足” | ￥939.8折 | ￥100九木杂物社·夏日限定.. | 惠,ocr/input_videos\上海__上海荟聚中心__20260826.mp4
OBS-001349,上海荟聚中心,星河跆拳道,星河跆拳道,跆拳道馆,3.7,,L3,rated,True,,rated,parsed,rating_anchor,0.9696,0.9999,55,12696,215.388,⭐3.7跆拳道馆 | L3,星河跆拳道 | ⭐3.7跆拳道馆 | L3 | 1 | 营业中,ocr/input_videos\上海__上海荟聚中心__20260826.mp4
OBS-001350,上海荟聚中心,FREE TEE室内高尔夫球馆,FREETEE室内高尔夫球馆,高尔夫场,4.8,110,L3,rated,True,,rated,parsed,rating_anchor,0.9674,0.9762,48,12696,215.388,L3 | 4.8高尔夫场￥110/人,FREE TEE室内高尔夫球馆 | L3 | 4.8高尔夫场￥110/人 | - | 北新泾/淞虹路高尔夫场销量榜第2名 | 室内高尔夫 | 210:00营业 | “场地宽敬视觉拉满，卫生效果好' | ￥99 | ￥258 | 6.3折 | 惠 | 【工作日】豪华包间..,ocr/input_videos\上海__上海荟聚中心__20260826.mp4
OBS-001351,上海荟聚中心,H2half美甲美睫艺术沙龙,H2half美甲美睫艺术沙龙,美甲,4.6,307,LG1,rated,True,,rated,parsed,rating_anchor,0.945,0.9968,57,12696,215.388,LG1 | 4.6美甲￥307/人,H2half美甲美睫艺术沙龙 | H2.half | LG1 | 4.6美甲￥307/人 | 一站式美业沙龙 | 众X验 | 点评榜单 | 北新泾/淞虹路美甲美睫热门榜第6名 | 10:00营业 | 全程无菌操作，环境清新整洁 | “ | ￥38￥166本甲卸甲·日式卸睫|2选1 | 惠,ocr/input_videos\上海__上海荟聚中心__20260826.mp4
OBS-001352,上海荟聚中心,Gabriel伽百利,Gabriel伽百利,杂货礼品,4.7,188,L3,rated,True,,rated,parsed,rating_anchor,0.9792,0.9905,51,12696,215.388,L3 | 🌟🌟⭐🌟 | 杂货礼品￥188/人 | 4.7,Gabriel伽百利 | L3 | 🌟🌟⭐🌟 | 杂货礼品￥188/人 | 4.7 | GABRiEL | 一針一線愛的守護 | 点评榜单 | 北新泾/淞虹路杂货礼品好评榜第7名 | 10:00营业 | 毛绒软乎乎，做工精致 | “ | ￥79￥88定制刺绣服务 | 惠,ocr/input_videos\上海__上海荟聚中心__20260826.mp4
OBS-001353,上海荟聚中心,九木杂物社,九木杂物社,杂货礼品,4.8,52,LG2,rated,True,,rated,parsed,rating_anchor,0.9833,0.9998,58,12696,215.388,LG2 | ⭐⭐⭐4.8 | 杂货礼品￥52/人,九木杂物社 | 力 | LG2 | ⭐⭐⭐4.8 | 杂货礼品￥52/人 | 日 | 品 | 8 | 米 | 点评榜单 | 北新泾/淞虹路杂货礼品好评榜第4名 | 10:00营业 | 环境明亮简约，设计感十足 | “,ocr/input_videos\上海__上海荟聚中心__20260826.mp4
OBS-001354,上海荟聚中心,H2half美甲美睫艺术沙龙,H2half美甲美睫艺术沙龙,美甲,4.6,307,LG1,rated,True,,rated,parsed,rating_anchor,0.962,0.965,54,12756,216.406,LG1 | 🌟🌟🎉🌟🌟 | 美甲￥307/人 | 4.6,H2half美甲美睫艺术沙龙 | H2.ha1r | LG1 | 🌟🌟🎉🌟🌟 | 美甲￥307/人 | 4.6 | 一站式美业沙龙 | 文X | 点评榜单 | 北新泾/淞虹路美甲美睫热门榜第6名 | 10:00营业 | 全程无菌操作，环境清新整洁 | “ | 2 | 惠￥38￥166本甲卸甲·日式卸睫|2选1,ocr/input_videos\上海__上海荟聚中心__20260826.mp4
OBS-001355,上海荟聚中心,Gabriel伽百利,Gabriel伽百利,杂货礼品,4.7,188,L3,rated,True,,rated,parsed,rating_anchor,0.9749,0.9892,51,12756,216.406,🌟🌟🌟🌟🌟 | L3 | 杂货礼品￥188/人 | 4.7,Gabriel伽百利 | 🌟🌟🌟🌟🌟 | L3 | 杂货礼品￥188/人 | 4.7 | GABRiEL | 一針一線愛的守護 | 点评榜单 | 北新泾/淞虹路杂货礼品好评榜第7名 | 10:00营业 | 毛绒软乎乎，做工精致” | ￥79￥88定制刺绣服务 | 惠,ocr/input_videos\上海__上海荟聚中心__20260826.mp4
OBS-001356,上海荟聚中心,九木杂物社,九木杂物社,杂货礼品,4.8,52,LG2,rated,True,,rated,parsed,rating_anchor,0.9773,0.9997,52,12756,216.406,🌟🌟🌟🌟🌟 | LG2 | 杂货礼品￥52/人 | 4.8,九木杂物社 | 力 | 🌟🌟🌟🌟🌟 | LG2 | 杂货礼品￥52/人 | 4.8 | 日0 | 米 | 点评榜单 | 北新泾/淞虹路杂货礼品好评榜第4名 | 10:00营业 | 环境明亮简约，设计感” | ￥939.8折 | ￥100九木杂物社·夏日限定.. | 惠,ocr/input_videos\上海__上海荟聚中心__20260826.mp4
OBS-001357,上海荟聚中心,花点时间,花点时间,花店,4.8,178,LG1,rated,True,,rated,parsed,rating_anchor,0.9643,0.9995,59,12756,216.406,LG1 | 4.8花店￥178/人,花点时间 | LG1 | 4.8花店￥178/人 | 点评榜单 | 长宁区植物花卉好评榜第1名 | 10:00营业 | 花海满眼，服务热情周到” | ￥99￥208见面花束|色系可选花材... | 惠,ocr/input_videos\上海__上海荟聚中心__20260826.mp4
OBS-001358,上海荟聚中心,7-ELEVEN,7-ELEVEN,超市便利,4.3,20,LG2,rated,True,,rated,parsed,rating_anchor,0.9773,0.9969,45,12756,216.406,LG2 | 🌟🌟🌟🌟 | 4.3 | 超市便利￥20/人,7-ELEVEN | LG2 | 🌟🌟🌟🌟 | 4.3 | 超市便利￥20/人 | 点评榜单 | 北新泾/淞虹路超市便利热门榜第6名 | 10:00营业 | “爆汁肉丸，咸香不腻超解馋！ | 3,ocr/input_videos\上海__上海荟聚中心__20260826.mp4
OBS-001359,上海荟聚中心,Gabriel伽百利,Gabriel伽百利,杂货礼品,4.7,188,L3,rated,True,,rated,parsed,rating_anchor,0.9746,0.9913,51,12768,216.609,4.7杂货礼品￥188/人 | L3,Gabriel伽百利 | 4.7杂货礼品￥188/人 | L3 | GABRiEL | 一針一線愛的守護 | 点评榜单 | 北新泾/淞虹路杂货礼品好评榜第7名 | 10:00营业 | 毛绒软乎乎，做工精致 | “ | 惠 | ￥79￥88定制刺绣服务,ocr/input_videos\上海__上海荟聚中心__20260826.mp4
OBS-001360,上海荟聚中心,九木杂物社,九木杂物社,杂货礼品,4.8,52,LG2,rated,True,,rated,parsed,rating_anchor,0.9558,0.9996,58,12768,216.609,LG2 | ★4.8杂货礼品￥52/人,九木杂物社 | 九 | LG2 | ★4.8杂货礼品￥52/人 | A | 1 | 国 | - | 米 | 点评榜单 | 北新泾/淞虹路杂货礼品好评榜第4名 | 10:00营业 | 环境明亮简约，设计感十 | 5 | ￥939.8折 | ￥100九木杂物社·夏日限定... | 惠,ocr/input_videos\上海__上海荟聚中心__20260826.mp4
OBS-001361,上海荟聚中心,花点时间,花点时间,花店,4.8,178,LG1,rated,True,,rated,parsed,rating_anchor,0.9699,0.9996,57,12768,216.609,LG1 | 4.8花店￥178/人,花点时间 | LG1 | 4.8花店￥178/人 | 点评榜单 | 长宁区植物花卉好评榜第1名 | 10:00营业 | 花海满眼，服务热情周到 | ￥99￥208见面花束|色系可选花材.. | 惠,ocr/input_videos\上海__上海荟聚中心__20260826.mp4
OBS-001362,上海荟聚中心,7-ELEVEN,7-ELEVEN,超市便利,4.3,20,LG2,rated,True,,rated,parsed,rating_anchor,0.9707,0.9961,42,12768,216.609,LG2 | 🌟🌟⭐⭐ | 4.3 | 超市便利￥20/人 | ★,7-ELEVEN | LG2 | 🌟🌟⭐⭐ | 4.3 | 超市便利￥20/人 | ★ | 点评榜单 | 北新泾/淞虹路超市便利热门榜第6名 | 10:00营业 | 爆汁肉丸，咸香不腻超解馋！ | 3 | 菲样健身·健身私教&普拉提私教· | 限时抢购 | 健身目卡,ocr/input_videos\上海__上海荟聚中心__20260826.mp4
OBS-001363,上海荟聚中心,Gabriel伽百利,Gabriel伽百利,杂货礼品,4.7,188,L3,rated,True,,rated,parsed,rating_anchor,0.9831,0.9938,51,12792,217.016,★★★★★ | L3 | 4.7杂货礼品￥188/人,Gabriel伽百利 | ★★★★★ | L3 | 4.7杂货礼品￥188/人 | GABRiEL | 一針一線愛的守護 | 点评榜单 | 北新泾/淞虹路杂货礼品好评榜第7名 | 10:00营业 | 毛绒软乎乎，做工精致 | ≤ | 惠￥79￥88定制刺绣服务,ocr/input_videos\上海__上海荟聚中心__20260826.mp4
OBS-001364,上海荟聚中心,九木杂物社,九木杂物社,杂货礼品,,52,LG2,unknown,True,,ocr_missing,parsed,metadata_anchor,0.9794,0.9997,55,12792,217.016,LG2 | 🌟🌟⭐⭐🌟 | 杂货礼品￥52/人 | 14.8,九木杂物社 | 力 | LG2 | 🌟🌟⭐⭐🌟 | 杂货礼品￥52/人 | 14.8 | ： | 4 | 米 | 点评榜单 | 北新泾/淞虹路杂货礼品好评榜第4名 | 10:00营业 | 环境明亮简约，设计感十足 | ￥939.8折 | ￥100九木杂物社·夏日限定. | 惠,ocr/input_videos\上海__上海荟聚中心__20260826.mp4
OBS-001365,上海荟聚中心,花点时间,花点时间,花店,4.8,178,LG1,rated,True,,rated,parsed,rating_anchor,0.9744,0.9995,56,12792,217.016,LG1 | 4.8花店￥178/人,花点时间 | LG1 | 4.8花店￥178/人 | 点评榜单 | 长宁区植物花卉好评榜第1名 | 10:00营业 | 花海满眼，服务热情周到 | ￥99￥208见面小花束|色系可选花材.. | 惠,ocr/input_videos\上海__上海荟聚中心__20260826.mp4
OBS-001366,上海荟聚中心,7-ELEVEN,7-ELEVEN,超市便利,4.3,20,LG2,rated,True,,rated,parsed,rating_anchor,0.972,0.9928,47,12792,217.016,LG2 | 🌟🌟🎉🎉 | 超市便利￥20/人 | 4.3,7-ELEVEN | LG2 | 🌟🌟🎉🎉 | 超市便利￥20/人 | 4.3 | 点评榜单 | 北新泾/淞虹路超市便利热门榜第6名 | 10:00营业 | “爆汁肉丸，咸香不腻超解馋！,ocr/input_videos\上海__上海荟聚中心__20260826.mp4
OBS-001367,上海荟聚中心,菲样健身·健身私教&普拉提私教·…..,菲样健身·健身私教&普拉提私教,健身房,4.4,,LG1,rated,True,,rated,parsed,rating_anchor,0.9383,0.8795,57,12792,217.016,LG1 | 🌟🌟⭐⭐⭐ | 4.4健身房,菲样健身·健身私教&普拉提私教·….. | 限时批购。 | 健身月卡 | LG1 | 168 | 🌟🌟⭐⭐⭐ | 4.4健身房 | 长宁区健身房销量榜第1名,ocr/input_videos\上海__上海荟聚中心__20260826.mp4
OBS-001368,上海荟聚中心,Gabriel伽百利,Gabriel伽百利,杂货礼品,4.7,188,L3,rated,True,,rated,parsed,rating_anchor,0.9754,0.9912,51,12840,217.831,L3 | ★★★★★ | 杂货礼品￥188/人 | 4.7,Gabriel伽百利 | L3 | ★★★★★ | 杂货礼品￥188/人 | 4.7 | GABRiEL | 一針一線愛的守護 | 点评榜单 | 北新泾/淞虹路杂货礼品好评榜第7名 | 10:00营业 | 毛绒软乎乎，做工精致 | ￥79￥88定制刺绣服务 | 惠,ocr/input_videos\上海__上海荟聚中心__20260826.mp4
OBS-001369,上海荟聚中心,九木杂物社,九木杂物社,杂货礼品,,52,LG2,unknown,True,,ocr_missing,parsed,metadata_anchor,0.9784,0.9995,51,12840,217.831,⭐🌟⭐⭐🌟 | LG2 | 杂货礼品￥52/人 | 14.8,九木杂物社 | 力 | ⭐🌟⭐⭐🌟 | LG2 | 杂货礼品￥52/人 | 14.8 | 0 | 1 | 米 | 点评榜单 | 北新泾/淞虹路杂货礼品好评榜第4名 | 10:00营业 | 环境明亮简约，设计感十” | ￥939.8折 | ￥100九木杂物社·夏日限定.. | 惠,ocr/input_videos\上海__上海荟聚中心__20260826.mp4
OBS-001370,上海荟聚中心,花点时间,花点时间,花店,4.8,178,LG1,rated,True,,rated,parsed,rating_anchor,0.9785,0.9997,56,12840,217.831,LG1 | 4.8花店￥178/人,花点时间 | LG1 | 4.8花店￥178/人 | 点评榜单 | 长宁区植物花卉好评榜第1名 | 10:00营业 | 花海满眼，服务热情周到 | ￥99￥208见面花束|色系可选花材. | 惠,ocr/input_videos\上海__上海荟聚中心__20260826.mp4
OBS-001371,上海荟聚中心,7-ELEVEN,7-ELEVEN,超市便利,4.3,20,LG2,rated,True,,rated,parsed,rating_anchor,0.9724,0.9952,48,12840,217.831,🌟🌟🌟🌟 | LG2 | 4.3 | 超市便利￥20/人,7-ELEVEN | 🌟🌟🌟🌟 | LG2 | 4.3 | 超市便利￥20/人 | 点评榜单 | 北新泾/淞虹路超市便利热门榜第6名 | 10:00营业 | “爆汁肉丸，咸香不腻超解馋！,ocr/input_videos\上海__上海荟聚中心__20260826.mp4
OBS-001372,上海荟聚中心,菲样健身·健身私教＆普拉提私教·..,菲样健身·健身私教&普拉提私教,健身房,4.4,,LG1,rated,True,,rated,parsed,rating_anchor,0.939,0.8804,54,12840,217.831,LG1 | 🌟🌟🌟⭐🌟 | 4.4健身房,菲样健身·健身私教＆普拉提私教·.. | 限时抢销 | 健身月卡 | LG1 | 168 | 🌟🌟🌟⭐🌟 | 4.4健身房 | 长宁区健身房销量榜第1名 | 曾拉提 | 过 | 10:00营业 | 环境干净通风好，设施全新维护全” | 【新客收藏打卡专享】健.. | 惠 | ￥19.9￥159,ocr/input_videos\上海__上海荟聚中心__20260826.mp4
OBS-001373,上海荟聚中心,九木杂物社,九木杂物社,杂货礼品,4.8,52,LG2,rated,True,,rated,parsed,rating_anchor,0.9849,0.9996,55,12852,218.034,4.8杂货礼品￥52/人 | LG2,九木杂物社 | 九 | 4.8杂货礼品￥52/人 | LG2 | B | S | 易 | 0 | 米 | 点评榜单 | 北新泾/淞虹路杂货礼品好评榜第4名 | 10:00营业 | 环境明亮简约，设计感十足 | ￥939.8折 | ￥100九木杂物社·夏日限定... | 惠,ocr/input_videos\上海__上海荟聚中心__20260826.mp4
OBS-001374,上海荟聚中心,花点时间,花点时间,花店,4.8,178,LG1,rated,True,,rated,parsed,rating_anchor,0.9795,0.9995,57,12852,218.034,LG1 | 🌟🌟🌟🌟🌟 | 4.8花店￥178/人,花点时间 | LG1 | 🌟🌟🌟🌟🌟 | 4.8花店￥178/人 | 点评榜单 | 长宁区植物花卉好评榜第1名 | 10:00营业 | 花海满眼，服务热情周到 | ￥99￥208见面小花束|色系可选花材... | 惠,ocr/input_videos\上海__上海荟聚中心__20260826.mp4
OBS-001375,上海荟聚中心,7-ELEVEN,7-ELEVEN,超市便利,4.3,20,LG2,rated,True,,rated,parsed,rating_anchor,0.9693,0.9972,44,12852,218.034,🌟🌟⭐⭐ | LG2 | 4.3 | 超市便利￥20/人,7-ELEVEN | 🌟🌟⭐⭐ | LG2 | 4.3 | 超市便利￥20/人 | 点评榜单 | 北新泾/淞虹路超市便利热门榜第6名 | 10:00营业 | 爆汁肉丸，咸香不腻超解馋！ | 力,ocr/input_videos\上海__上海荟聚中心__20260826.mp4
OBS-001376,上海荟聚中心,菲样健身·健身私教&普拉提私教·.,菲样健身·健身私教&普拉提私教·.,健身房,4.4,,LG1,rated,True,,rated,parsed,rating_anchor,0.872,0.9043,53,12852,218.034,LG1 | ⭐⭐4.4健身房,菲样健身·健身私教&普拉提私教·. | 限批码 | 健身月卡 | 168 | LG1 | ⭐⭐4.4健身房 | 长宁区健身房销量榜第1名 | 普拉提 | 普拉器 | 健身 | 10:00营业 | 环境干净通风好，设施全新维护全” | 【新客收藏打卡专享】健. | ￥19.9￥159 | 惠,ocr/input_videos\上海__上海荟聚中心__20260826.mp4
OBS-001377,上海荟聚中心,九木杂物社,九木杂物社,杂货礼品,4.8,52,LG2,rated,True,,rated,parsed,rating_anchor,0.9859,0.9997,55,12900,218.849,LG2 | 🌟🌟🎉🌟🌟 | 4.8杂货礼品￥52/人,九木杂物社 | 宏 | LG2 | 🌟🌟🎉🌟🌟 | 4.8杂货礼品￥52/人 | 6 | 0 | 易 | S | 米 | 点评榜单 | 北新泾/淞虹路杂货礼品好评榜第4名 | 10:00营业 | 环境明亮简约，设计感十足 | ￥939.8折 | ￥100九木杂物社·夏日限定... | 惠,ocr/input_videos\上海__上海荟聚中心__20260826.mp4
OBS-001378,上海荟聚中心,花点时间,花点时间,花店,4.8,178,LG1,rated,True,,rated,parsed,rating_anchor,0.9787,0.9996,57,12900,218.849,LG1 | 🌟🌟🌟🌟 | 4.8花店￥178/人,花点时间 | LG1 | 🌟🌟🌟🌟 | 4.8花店￥178/人 | 点评榜单 | 长宁区植物花卉好评榜第1名 | 10:00营业 | 花海满眼，服务热情周到 | ￥99￥208见面小花束|色系可选花材... | 惠,ocr/input_videos\上海__上海荟聚中心__20260826.mp4
OBS-001379,上海荟聚中心,7-ELEVEN,7-ELEVEN,超市便利,4.3,20,LG2,rated,True,,rated,parsed,rating_anchor,0.9688,0.9975,44,12900,218.849,LG2 | 🌟🌟⭐⭐ | 4.3 | 超市便利￥20/人,7-ELEVEN | LG2 | 🌟🌟⭐⭐ | 4.3 | 超市便利￥20/人 | 点评榜单 | 北新泾/淞虹路超市便利热门榜第6名 | 10:00营业 | 爆汁肉丸，咸香不腻超解馋！ | 力,ocr/input_videos\上海__上海荟聚中心__20260826.mp4
OBS-001380,上海荟聚中心,菲样健身·健身私教＆普拉提私教·.,菲样健身·健身私教&普拉提私教·.,健身房,4.4,,LG1,rated,True,,rated,parsed,rating_anchor,0.9512,0.9048,53,12900,218.849,LG1 | ★★★★★ | 4.4健身房,菲样健身·健身私教＆普拉提私教·. | 限时批码 | 健身月卡 | LG1 | 168 | ★★★★★ | 4.4健身房 | 长宁区健身房销量榜第1名 | 普拉提 | 普拉提 | 健身 | 10:00营业 | 环境干净通风好，设施全新维护全” | ￥19.9￥159 | 惠 | 【新客收藏打卡专享】健..,ocr/input_videos\上海__上海荟聚中心__20260826.mp4
OBS-001381,上海荟聚中心,菲样健身·健身私教&普拉提私教·...,菲样健身·健身私教&普拉提私教,健身房,4.4,,LG1,rated,True,,rated,parsed,rating_anchor,0.9275,0.8592,54,12960,219.867,LG1 | 4.4健身房 | ★🌟★★ | ★,菲样健身·健身私教&普拉提私教·... | 限时控购 | 健身月卡 | LG1 | 4.4健身房 | ★🌟★★ | 168 | ★ | 上深免 | 长宁区健身房销量榜第1名 | 证 | 10:00营业 | 环境净通风好，设施全新维护全” | “ | 惠 | ￥19.9￥159 | 【新客收藏打卡专享】健..,ocr/input_videos\上海__上海荟聚中心__20260826.mp4
OBS-001382,上海荟聚中心,七鲜超市,七鲜超市,超市便利,4.8,98,LG2,rated,True,,rated,parsed,rating_anchor,0.9718,0.995,55,12960,219.867,LG2 | 4.8超市便利￥98/人,七鲜超市 | 七鲜 | LG2 | 4.8超市便利￥98/人 | 点评榜单 | 北新泾/淞虹路超市便利热门榜第1名 | 京营业中 | 鲜花绿植新鲜度高，专业保鲜机护航,ocr/input_videos\上海__上海荟聚中心__20260826.mp4
OBS-001383,上海荟聚中心,小米之家,小米之家,数码产品,4.6,1577,LG1,rated,True,,rated,parsed,rating_anchor,0.9702,0.9976,53,12960,219.867,⭐🌟⭐🌟🌟 | LG1 | 数码产品￥1577/人 | 4.6,小米之家 | MI | ⭐🌟⭐🌟🌟 | LG1 | 数码产品￥1577/人 | 4.6 | 实物超吸睛，销售专业讲解 | 营业中 | ￥9.99￥11.1小米巨能写中性笔10支装 | 惠,ocr/input_videos\上海__上海荟聚中心__20260826.mp4
OBS-001384,上海荟聚中心,天才步步,天才步步,数码产品,4.9,1461,L3,rated,True,,rated,parsed,rating_anchor,0.9833,0.9965,51,12960,219.867,🌟🌟🌟🌟🌟 | L3 | 4.9 | 数码产品￥1461/人,天才步步 | 🌟🌟🌟🌟🌟 | L3 | 4.9 | 数码产品￥1461/人 | 点评榜单 | 北新泾/淞虹路购物好评榜第9名 | 10:00营业 | 拍照功能强大，英语天天练超标准 | C | 惠￥4￥5 | 【全国特价】天才表带清洗/..,ocr/input_videos\上海__上海荟聚中心__20260826.mp4
OBS-001385,上海荟聚中心,ubras,ubras,服饰鞋包,4.8,427,L2,rated,True,,rated,parsed,rating_anchor,0.9682,0.9985,54,12960,219.867,🌟🌟4.8 | L2 | 服饰鞋包￥427/人,ubras | 🌟🌟4.8 | L2 | 服饰鞋包￥427/人 | ubras | 点评焙单 | 北新泾/淞虹路服饰鞋包好评榜第8名,ocr/input_videos\上海__上海荟聚中心__20260826.mp4
OBS-001386,上海荟聚中心,菲样健身·健身私教&普拉提私教·..,菲样健身·健身私教&普拉提私教,健身房,4.4,,LG1,rated,True,,rated,parsed,rating_anchor,0.9438,0.8891,53,12984,220.274,LG1 | ⭐🌟🌟🌈 | 4.4健身房 | ★,菲样健身·健身私教&普拉提私教·.. | 限时批购 | 健身月卡 | LG1 | ⭐🌟🌟🌈 | 4.4健身房 | 168 | ★ | 上雨 | 长宁区健身房销量榜第1名 | 管拉摄 | 10:00营业 | 环境净通风好，设施全新维护全” | “≤ | 惠 | 【新客收藏打卡专享】健... | ￥19.9￥159,ocr/input_videos\上海__上海荟聚中心__20260826.mp4
OBS-001387,上海荟聚中心,七鲜超市,七鲜超市,超市便利,4.8,98,LG2,rated,True,,rated,parsed,rating_anchor,0.9802,0.9963,53,12984,220.274,LG2 | 超市便利￥98/人 | ★★★★★4.8,七鲜超市 | 七鲜 | LG2 | 超市便利￥98/人 | ★★★★★4.8 | 点评榜单 | 北新泾/淞虹路超市便利热门榜第1名 | 京营业中营 | 鲜花绿植新鲜度，专业保鲜机护航,ocr/input_videos\上海__上海荟聚中心__20260826.mp4
OBS-001388,上海荟聚中心,小米之家,小米之家,数码产品,4.6,1577,LG1,rated,True,,rated,parsed,rating_anchor,0.9816,0.9973,53,12984,220.274,🌟🌟🌟🌟🌟 | LG1 | 数码产品￥1577/人 | 4.6,小米之家 | MI | 🌟🌟🌟🌟🌟 | LG1 | 数码产品￥1577/人 | 4.6 | 实物超吸睛，销售专业讲解” | 营业中 | ￥9.99￥11.1小米巨能写中性笔10支装 | 惠,ocr/input_videos\上海__上海荟聚中心__20260826.mp4
OBS-001389,上海荟聚中心,小天才步步高,小天才步步高,数码产品,4.9,1461,L3,rated,True,,rated,parsed,rating_anchor,0.9677,0.9725,51,12984,220.274,🌟🌟🎉🎉🌟4.9 | L3 | 数码产品￥1461/人,小天才步步高 | 🌟🌟🎉🎉🌟4.9 | L3 | 数码产品￥1461/人 | 点评榜单 | 北新泾/淞虹路购物好评榜第9名 | 10:00营业 | 拍照功能强大，英语天天练超标准 | 5 | 惠￥4￥5 | 【全国特价】天才表带清洗/...,ocr/input_videos\上海__上海荟聚中心__20260826.mp4
OBS-001390,上海荟聚中心,ubras,ubras,服饰鞋包,4.8,427,L2,rated,True,,rated,parsed,rating_anchor,0.9633,0.9987,53,12984,220.274,🌟4.8 | L2 | 服饰鞋包￥427/人,ubras | 🌟4.8 | L2 | 服饰鞋包￥427/人 | ubras | 点评榜单 | 北新泾/淞虹路服饰鞋包好评榜第8名 | 10:00营业 | 内衣店开遍全世界，居家服舒适爽滑,ocr/input_videos\上海__上海荟聚中心__20260826.mp4
OBS-001391,上海荟聚中心,七鲜超市,七鲜超市,超市便利,4.8,98,LG2,rated,True,,rated,parsed,rating_anchor,0.9243,0.8977,56,13056,221.495,LG2 | 🌟🌟🌟🌟🌟 | 超市便利￥98/人 | 4.8,七鲜超市 | 七鲜 | LG2 | 🌟🌟🌟🌟🌟 | 超市便利￥98/人 | 4.8 | 点评榜单 | 北新泾/淞虹路超市便利热门榜第1名 | 京营业中营 | 鲜花绿植新鲜度高，专业保鲜机护航,ocr/input_videos\上海__上海荟聚中心__20260826.mp4
OBS-001392,上海荟聚中心,小米之家,小米之家,数码产品,4.6,1577,LG1,rated,True,,rated,parsed,rating_anchor,0.9783,0.998,53,13056,221.495,LG1 | 🌟🌟🌟🌟🌟 | 数码产品￥1577/人 | 4.6,小米之家 | MI | LG1 | 🌟🌟🌟🌟🌟 | 数码产品￥1577/人 | 4.6 | 实物超吸睛，销售专业讲解” | 营业中 | ￥9.99￥11.1小米巨能写中性笔10支装 | 惠,ocr/input_videos\上海__上海荟聚中心__20260826.mp4
OBS-001393,上海荟聚中心,小天才步步高,小天才步步高,数码产品,4.9,1461,L3,rated,True,,rated,parsed,rating_anchor,0.9674,0.9714,50,13056,221.495,L3 | 🌟🌟🌟⭐🌟 | 数码产品￥1461/人 | 4.9,小天才步步高 | L3 | 🌟🌟🌟⭐🌟 | 数码产品￥1461/人 | 4.9 | 点评榜单 | 北新泾/淞虹路购物好评榜第9名 | 10:00营业 | 拍照功能强大，英语天天练超标准 | C | ￥4￥5 | 惠 | 【全国特价】小天才表带清洗/...,ocr/input_videos\上海__上海荟聚中心__20260826.mp4
OBS-001394,上海荟聚中心,ubras,ubras,服饰鞋包,4.8,427,L2,rated,True,,rated,parsed,rating_anchor,0.9838,0.9988,53,13056,221.495,🌟🌟⭐⭐⭐ | L2 | 4.8 | 服饰鞋包￥427/人,ubras | 🌟🌟⭐⭐⭐ | L2 | 4.8 | 服饰鞋包￥427/人 | ubras | 点评榜单 | 北新泾/淞虹路服饰鞋包好评榜第8名 | 10:00营业 | 内衣店开遍全世界，居家服舒适爽滑 | ￥2009.8折 | ￥21510周年-折上折ubra... | 惠,ocr/input_videos\上海__上海荟聚中心__20260826.mp4
OBS-001395,上海荟聚中心,小鹏汽车销售中心,小鹏汽车销售中心,4S店,,,LG1,unknown,True,,ocr_missing,parsed,metadata_anchor,0.9893,0.9868,51,13056,221.495,⭐🌟🌟🌟🌟 | LG1 | 3.74S店,小鹏汽车销售中心 | 预售权益限时享 | ⭐🌟🌟🌟🌟 | LG1 | 3.74S店 | 颜色实车比照惊艳，试驾体验超棒！ | 3 | 10:00营业 | I,ocr/input_videos\上海__上海荟聚中心__20260826.mp4
OBS-001396,上海荟聚中心,小米之家,小米之家,数码产品,4.6,1577,LG1,rated,True,,rated,parsed,rating_anchor,0.9721,0.9991,56,13092,222.106,数码产品￥1577/人 | LG1 | 🌟🌟🌟🌟🌟 | 4.6,小米之家 | MI | 数码产品￥1577/人 | LG1 | 🌟🌟🌟🌟🌟 | 4.6 | 实物超吸睛，销售专业讲解” | C | 营业中 | ￥9.99￥11.1小米巨能写中性笔10支装 | 惠,ocr/input_videos\上海__上海荟聚中心__20260826.mp4
OBS-001397,上海荟聚中心,小天才步步高,小天才步步高,数码产品,4.9,1461,L3,rated,True,,rated,parsed,rating_anchor,0.9816,0.9979,52,13092,222.106,L3 | ★★★★★ | 数码产品￥1461/人 | 4.9,小天才步步高 | L3 | ★★★★★ | 数码产品￥1461/人 | 4.9 | 点评榜单 | 北新泾/淞虹路购物好评榜第9名 | 10:00营业 | 拍照功能强大，英语天天练超标准 | ￥4￥5 | 【全国特价】小天才表带清洗/... | 惠,ocr/input_videos\上海__上海荟聚中心__20260826.mp4
OBS-001398,上海荟聚中心,ubras,ubras,服饰鞋包,4.8,427,L2,rated,True,,rated,parsed,rating_anchor,0.9738,0.9993,53,13092,222.106,🌟🌟🌟🎉🎉4.8 | L2 | 服饰鞋包￥427/人,ubras | 🌟🌟🌟🎉🎉4.8 | L2 | 服饰鞋包￥427/人 | ubras | 点评榜单 | 北新泾/淞虹路服饰鞋包好评榜第8名 | 10:00营业 | 内衣店开遍全世界，居家服舒适爽滑 | C | ￥2009.8折 | 惠 | ￥215 | 510周年-折上折ubra...,ocr/input_videos\上海__上海荟聚中心__20260826.mp4
OBS-001399,上海荟聚中心,小鹏汽车销售中心,小鹏汽车销售中心,4S店,,,LG1,unknown,True,,ocr_missing,parsed,metadata_anchor,0.9856,0.9984,51,13092,222.106,LG1 | 3.74S店,小鹏汽车销售中心 | 预售权益限时享 | LG1 | 3.74S店 | 颜色实车比照片惊艳，试驾体验超棒！ | 10:00营业,ocr/input_videos\上海__上海荟聚中心__20260826.mp4
OBS-001400,上海荟聚中心,顺丰速运,顺丰速运,物流快递,3.8,20,LG2,rated,True,,rated,parsed,rating_anchor,0.9838,0.9984,53,13092,222.106,LG2 | 🌟🌟🌟🌟🌟 | 物流快递￥20/人 | 3.8,顺丰速运 | EXPRESS | 顺丰速运 | LG2 | 🌟🌟🌟🌟🌟 | 物流快递￥20/人 | 3.8 | SG1 | 超营业中,ocr/input_videos\上海__上海荟聚中心__20260826.mp4
OBS-001401,上海荟聚中心,ubras,ubras,月,4.8,427,L2,rated,True,,rated,parsed,rating_anchor,0.8679,0.999,54,13152,223.124,L2 | 🌟🌟⭐⭐4.8月 | 服饰鞋包￥427/人,ubras | L2 | 🌟🌟⭐⭐4.8月 | 服饰鞋包￥427/人 | ubras | 点评镑单 | 北新泾/淞虹路服饰鞋包好评榜第8名 | 10:00营业 | 内衣店开遍全世界，居家服舒适爽滑 | ￥2009.8折 | ￥21510周年-折上折ubra... | 惠,ocr/input_videos\上海__上海荟聚中心__20260826.mp4
OBS-001402,上海荟聚中心,小鹏汽车销售中心,小鹏汽车销售中心,4S店,,,LG1,unknown,True,,ocr_missing,parsed,metadata_anchor,0.9814,0.9844,53,13152,223.124,3.74S店 | LG1,小鹏汽车销售中心 | 预售权益限时享 | 3.74S店 | LG1 | 7 | 颜色实车比照惊艳，试驾体验超棒！ | 10:00营业,ocr/input_videos\上海__上海荟聚中心__20260826.mp4
OBS-001403,上海荟聚中心,顺丰速运,顺丰速运,物流快递,3.8,20,LG2,rated,True,,rated,parsed,rating_anchor,0.9712,0.9993,56,13152,223.124,3.8物流快递￥20/人 | LG2,顺丰速运 | EXPRESS | 顺丰速运 | 3.8物流快递￥20/人 | LG2 | 超营业中,ocr/input_videos\上海__上海荟聚中心__20260826.mp4
OBS-001404,上海荟聚中心,镭战大联盟真人CS·生日派对·亲...,镭战大联盟真人CS·生日派对·亲,团建拓展,4.6,152,L3,rated,True,,rated,parsed,rating_anchor,0.9542,0.9466,57,13152,223.124,★★★🌟 | L3 | 4.6 | 团建拓展￥152/人,6189惠 | 镭战大联盟真人CS·生日派对·亲... | LS外罐战大联盟 | ★★★🌟 | L3 | 4.6 | 团建拓展￥152/人 | 2025年度 | 影响力品牌 | 长宁区团建拓展销量榜第2名 | 室10:00营业 | 运动分泌多巴胺，周末来玩很过瘾 | ￥280 | ￥1588.5折 | 【室内真人CS】2小.. | 惠,ocr/input_videos\上海__上海荟聚中心__20260826.mp4
OBS-001405,上海荟聚中心,ubras,ubras,月,4.8,427,L2,rated,True,,rated,parsed,rating_anchor,0.8542,0.9993,58,13188,223.735,⭐🌟⭐⭐⭐4.8月 | L2 | 服饰鞋包￥427/人,ubras | ⭐🌟⭐⭐⭐4.8月 | L2 | 服饰鞋包￥427/人 | ubras | 点评榜单 | 北新泾/淞虹路服饰鞋包好评榜第8名 | 10:00营业 | 内衣店开遍全世界，居家服舒适爽滑 | C | 1 | 惠 | ￥2009.8折 | ￥21510周年-折上折ubra...,ocr/input_videos\上海__上海荟聚中心__20260826.mp4
OBS-001406,上海荟聚中心,小鹏汽车销售中心,小鹏汽车销售中心,4S店,,,LG1,unknown,True,,ocr_missing,parsed,metadata_anchor,0.9429,0.9971,51,13188,223.735,🌟3.74S店 | LG1,小鹏汽车销售中心 | 预售权益限时享 | 🌟3.74S店 | LG1 | 颜色实车比照片惊艳，试驾体验超棒！ | 力 | 10:00营业,ocr/input_videos\上海__上海荟聚中心__20260826.mp4
OBS-001407,上海荟聚中心,顺丰速运,顺丰速运,物流快递,3.8,20,LG2,rated,True,,rated,parsed,rating_anchor,0.9743,0.9975,53,13188,223.735,3.8物流快递￥20/人 | LG2,顺丰速运 | EXPRESS | 顺丰速运 | 3.8物流快递￥20/人 | LG2 | 超营业中,ocr/input_videos\上海__上海荟聚中心__20260826.mp4
OBS-001408,上海荟聚中心,镭战大联盟真人CS·生日派对·亲...,镭战大联盟真人CS·生日派对·亲,团建拓展,4.6,152,L3,rated,True,,rated,parsed,rating_anchor,0.9586,0.9437,59,13188,223.735,⭐🌟⭐⭐🌟 | L3 | 团建拓展￥152/人 | 4.6,618惠 | 镭战大联盟真人CS·生日派对·亲... | S小器战大联盟 | ⭐🌟⭐⭐🌟 | L3 | 团建拓展￥152/人 | 4.6 | 2025年度 | 影响力品牌 | 长宁区团建拓展销量榜第2名 | 室10:00营业 | 运动分泌多巴胺，周末来玩很过瘾” | ￥280 | 【室内真人CS】2小. | ￥1588.5折 | 惠,ocr/input_videos\上海__上海荟聚中心__20260826.mp4
OBS-001409,上海荟聚中心,A·O·史密斯·热水·采暖·净水·烟...,A·O·史密斯·热水·采暖·净水·烟,家用电器,,,LG2,new_store,False,new_store,ocr_missing,parsed,metadata_anchor,0.9556,0.9114,54,13188,223.735,新店 | LG2 | 家用电器,"A·O·史密斯·热水·采暖·净水·烟... | ""HI, SMITH"" | 夏日焕新季 | 新店 | LG2 | 家用电器 | 10:00营业 | 惠 | ￥1￥198 | 【随时预约】A.O.史密斯免费...",ocr/input_videos\上海__上海荟聚中心__20260826.mp4
OBS-001410,上海荟聚中心,小鹏汽车销售中心,小鹏汽车销售中心,4S店,,,LG1,unknown,True,,ocr_missing,parsed,metadata_anchor,0.9412,0.9988,51,13272,225.16,🌟3.74S店 | LG1,小鹏汽车销售中心 | 预售权益限时享 | 🌟3.74S店 | LG1 | 颜色实车比照片惊艳，试驾体验超棒！ | 力 | 10:00营业,ocr/input_videos\上海__上海荟聚中心__20260826.mp4
OBS-001411,上海荟聚中心,顺丰速运,顺丰速运,物流快递,3.8,20,LG2,rated,True,,rated,parsed,rating_anchor,0.9826,0.9971,56,13272,225.16,LG2 | 🌟🌟🎉🌟⭐ | 物流快递￥20/人 | 3.8,顺丰速运 | EXPRESS | 顺丰速运 | LG2 | 🌟🌟🎉🌟⭐ | 物流快递￥20/人 | 3.8 | 超营业中,ocr/input_videos\上海__上海荟聚中心__20260826.mp4
OBS-001412,上海荟聚中心,镭战大联盟真人CS·生日派对·亲...,镭战大联盟真人CS·生日派对·亲,团建拓展,4.6,152,L3,rated,True,,rated,parsed,rating_anchor,0.9543,0.9342,53,13272,225.16,L3 | 🌟🌟🎉🎉🌟 | 4.6团建拓展￥152/人,184慧 | 镭战大联盟真人CS·生日派对·亲... | LS小鑫战大联盟 | L3 | 🌟🌟🎉🎉🌟 | 4.6团建拓展￥152/人 | 2025年度 | 影响力品牌 | 长宁区团建拓展销量榜第2名 | 室0:00营业 | 运动分泌多巴胺，周末来玩很过瘾 | C | 【室内真人CS】2小.. | ￥280 | ￥158 | 8.5折 | 惠,ocr/input_videos\上海__上海荟聚中心__20260826.mp4
OBS-001413,上海荟聚中心,A·O·史密斯·热水·采暖·净水·烟.,A·O·史密斯·热水·采暖·净水·烟.,家用电器,,,LG2,new_store,False,new_store,ocr_missing,parsed,metadata_anchor,0.9751,0.9504,57,13272,225.16,新店 | LG2 | 家用电器,"A·O·史密斯·热水·采暖·净水·烟. | ""HI, SMITH | 夏日焕新季 | 新店 | LG2 | 家用电器 | 10:00营业 | 【随时预约】A.O.史密斯免费... | 惠 | ￥1￥198",ocr/input_videos\上海__上海荟聚中心__20260826.mp4
OBS-001414,上海荟聚中心,蔚来中心,蔚来中心,4S店,,355835,LG1,unknown,True,,ocr_missing,parsed,metadata_anchor,0.9914,0.9994,53,13272,225.16,LG1 | 🌟🌟⭐🌟🌟 | 3.94S店￥355835/人,蔚来中心 | 购蔚来ES8 | 享1万元选装基金 | LG1 | 🌟🌟⭐🌟🌟 | 3.94S店￥355835/人 | 特饮颜值无可挑剔，服务热情周到” | 10:00营业,ocr/input_videos\上海__上海荟聚中心__20260826.mp4
OBS-001415,上海荟聚中心,乐窑陶艺美创馆,乐窑陶艺美创馆,DIY手工坊,3.4,67,L3,rated,True,,rated,parsed,rating_anchor,0.9734,0.9948,51,13272,225.16,3.4DIY手工坊￥67/人 | L3 | ★🌟★ | ★★,乐窑陶艺美创馆 | 3.4DIY手工坊￥67/人 | L3 | ★🌟★ | ★★,ocr/input_videos\上海__上海荟聚中心__20260826.mp4
OBS-001416,上海荟聚中心,顺干还运,顺干还运,物流快递,3.8,20,LG2,rated,True,,rated,parsed,rating_anchor,0.8935,0.8187,31,13344,226.381,LG2 | 🌟🌟🌟🌟🌟 | 物流快递￥20/人 | 3.8,顺干还运 | EXPRESS | SF | 顺丰速运 | LG2 | 🌟🌟🌟🌟🌟 | 物流快递￥20/人 | 3.8 | 超营业中,ocr/input_videos\上海__上海荟聚中心__20260826.mp4
OBS-001417,上海荟聚中心,镭战大联盟真人CS·生日派对·亲...,镭战大联盟真人CS·生日派对·亲,团建拓展,4.6,152,L3,rated,True,,rated,parsed,rating_anchor,0.9484,0.945,57,13344,226.381,L3 | 4.6团建拓展￥152/人,镭战大联盟真人CS·生日派对·亲... | CLS小鑫战大联盟 | L3 | 4.6团建拓展￥152/人 | 2025年度 | 影响力品牌 | 长宁区团建拓展销量榜第2名 | 室10:00营业S | 运动分泌多巴胺，周末来玩很过瘾 | ￥280 | 【室内真人CS】2小.. | ￥158 | 8.5折 | 惠,ocr/input_videos\上海__上海荟聚中心__20260826.mp4
OBS-001418,上海荟聚中心,A·O·史密斯·热水·采暖·净水·烟.,A·O·史密斯·热水·采暖·净水·烟.,家用电器,,,LG2,new_store,False,new_store,ocr_missing,parsed,metadata_anchor,0.9695,0.9392,59,13344,226.381,新店 | LG2 | 家用电器,"A·O·史密斯·热水·采暖·净水·烟. | ""HI, SMITH' | 夏日焕新季 | 新店 | LG2 | 家用电器 | 10:00营业 | 惠￥1￥198 | 【随时预约】A.O.史密斯免费..",ocr/input_videos\上海__上海荟聚中心__20260826.mp4
OBS-001419,上海荟聚中心,蔚来中心,蔚来中心,4S店,,355835,LG1,unknown,True,,ocr_missing,parsed,metadata_anchor,0.9897,0.9994,57,13344,226.381,LG1 | 🌟🌟⭐🌟🌟 | 3.94S店￥355835/人,蔚来中心 | 购蔚来ES8 | 享1万元选装基金 | LG1 | 🌟🌟⭐🌟🌟 | 3.94S店￥355835/人 | 特饮颜值无可挑剔，服务热情周到 | 10:00营业,ocr/input_videos\上海__上海荟聚中心__20260826.mp4
OBS-001420,上海荟聚中心,乐窑陶艺美创馆,乐窑陶艺美创馆,DIY手工坊,3.4,67,L3,rated,True,,rated,parsed,rating_anchor,0.983,0.9903,51,13344,226.381,⭐🌟⭐ | L3 | 3.4DIY手工坊￥67/人 | ★★,乐窑陶艺美创馆 | ⭐🌟⭐ | L3 | 3.4DIY手工坊￥67/人 | ★★ | 北新泾/淞虹路DIY手工坊销量榜第6名 | 10:00营业 | 手工消暑一夏，灵感爆棚！ | 55 | ““ | ￥29.9￥39高品质融合豆拼豆一小时|… | 惠,ocr/input_videos\上海__上海荟聚中心__20260826.mp4
OBS-001421,上海荟聚中心,镭战大联盟真人CS·生日派对·亲...,镭战大联盟真人CS·生日派对·亲,团建拓展,4.6,152,L3,rated,True,,rated,parsed,rating_anchor,0.9488,0.9472,57,13392,227.195,L3 | 4.6团建拓展￥152/人,618特惠 | 镭战大联盟真人CS·生日派对·亲... | CLS小鑫战大联盟 | L3 | 4.6团建拓展￥152/人 | 2025年度 | 影响力品牌 | 长宁区团建拓展销量榜第2名 | 室0:00营业 | 运动分泌多巴胺，周末来玩很过瘾 | ￥280 | 【室内真人CS】2小.. | ￥158 | 惠 | 8.5折,ocr/input_videos\上海__上海荟聚中心__20260826.mp4
OBS-001422,上海荟聚中心,A·O·史密斯·热水·采暖·净水·烟..,A·O·史密斯·热水·采暖·净水·烟,家用电器,,,LG2,new_store,False,new_store,ocr_missing,parsed,metadata_anchor,0.9562,0.9126,57,13392,227.195,新店 | 家用电器 | LG2,"A·O·史密斯·热水·采暖·净水·烟.. | ""HI, SMITH | 夏日焕新季 | 新店 | 家用电器 | LG2 | 10:00营业 | 惠￥1￥198 | 【随时预约】A.O.史密斯免费...",ocr/input_videos\上海__上海荟聚中心__20260826.mp4
OBS-001423,上海荟聚中心,蔚来中心,蔚来中心,4S店,,355835,LG1,unknown,True,,ocr_missing,parsed,metadata_anchor,0.9906,0.9994,57,13392,227.195,LG1 | 🌟🌟⭐🌟🌟 | 3.94S店￥355835/人,蔚来中心 | 购蔚来ES8 | 享1万元选装基金 | LG1 | 🌟🌟⭐🌟🌟 | 3.94S店￥355835/人 | “特饮颜值无可挑剔，服务热情周到” | 10:00营业,ocr/input_videos\上海__上海荟聚中心__20260826.mp4
OBS-001424,上海荟聚中心,乐窑陶艺美创馆,乐窑陶艺美创馆,DIY手工坊,3.4,67,L3,rated,True,,rated,parsed,rating_anchor,0.9743,0.9833,51,13392,227.195,⭐🌟⭐🌟⭐ | L3 | 3.4DIY手工坊￥67/人,乐窑陶艺美创馆 | ⭐🌟⭐🌟⭐ | L3 | 3.4DIY手工坊￥67/人 | 北新泾/淞虹路DIY手工坊销量榜第6名 | 10:00营业 | 手工消暑一夏，灵感爆棚！ | 55 | ““ | ￥29.9￥39高品质融合豆拼豆一小时|…. | 惠,ocr/input_videos\上海__上海荟聚中心__20260826.mp4
OBS-001425,上海荟聚中心,A·O·史密斯·热水·采暖·净水·烟...,A·O·史密斯·热水·采暖·净水·烟,家用电器,,,LG2,new_store,False,new_store,ocr_missing,parsed,metadata_anchor,0.9542,0.9087,53,13428,227.806,新店 | LG2 | 家用电器,"A·O·史密斯·热水·采暖·净水·烟... | ""HI,SMITH"" | 夏日焕新季 | 新店 | LG2 | 家用电器 | 10:00营业 | 惠￥1￥198 | 【随时预约】A.O.史密斯免费...",ocr/input_videos\上海__上海荟聚中心__20260826.mp4
OBS-001426,上海荟聚中心,蔚来中心,蔚来中心,4S店,,355835,LG1,unknown,True,,ocr_missing,parsed,metadata_anchor,0.9799,0.9993,55,13428,227.806,LG1 | 3.94S店￥355835/人,蔚来中心 | 购蔚来ES8 | 享1万元选装基金 | LG1 | 3.94S店￥355835/人 | 特饮颜值无可挑剔，服务热情周到 | 10:00营业,ocr/input_videos\上海__上海荟聚中心__20260826.mp4
OBS-001427,上海荟聚中心,乐窑陶艺美创馆,乐窑陶艺美创馆,DIY手工坊,3.4,67,L3,rated,True,,rated,parsed,rating_anchor,0.9801,0.9983,51,13428,227.806,⭐🌟⭐ | 3.4DIY手工坊￥67/人 | L3,乐窑陶艺美创馆 | ⭐🌟⭐ | 3.4DIY手工坊￥67/人 | L3 | 北新泾/淞虹路DIY手工坊销量榜第6名 | 10:00营业 | 9 | 手工消暑一夏，灵感爆棚！ | “ | ￥29.9￥39高品质融合豆拼豆一小时|. | 惠,ocr/input_videos\上海__上海荟聚中心__20260826.mp4
OBS-001428,上海荟聚中心,名创优品,名创优品,居家日用,4.8,57,LG2,rated,True,,rated,parsed,rating_anchor,0.939,0.9999,59,13428,227.806,LG2 | ⭐⭐4.8居家日用￥57/人,名创优品 | LG2 | ⭐⭐4.8居家日用￥57/人 | MINI | 点评榜单 | 北新泾/淞虹路购物热门榜第9名 | sO:' | 10:00营业 | 设计师创意十，环境干净整洁 | “ | 55 | ￥40.59.7折 | ￥50好物专享·名创优品.. | 惠,ocr/input_videos\上海__上海荟聚中心__20260826.mp4
OBS-001429,上海荟聚中心,A·O·史密斯·热水·采暖·净水·烟..,A·O·史密斯·热水·采暖·净水·烟,家用电器,,,LG2,new_store,False,new_store,ocr_missing,parsed,metadata_anchor,0.9559,0.912,53,13464,228.417,新店 | LG2 | 家用电器,"A·O·史密斯·热水·采暖·净水·烟.. | ""HI,SMITH"" | 夏日焕新季 | 新店 | LG2 | 家用电器 | 10:00营业 | ￥1￥198 | 【随时预约】A.O.史密斯免费... | 惠",ocr/input_videos\上海__上海荟聚中心__20260826.mp4
OBS-001430,上海荟聚中心,蔚来中心,蔚来中心,4S店,,355835,LG1,unknown,True,,ocr_missing,parsed,metadata_anchor,0.9813,0.9993,57,13464,228.417,LG1 | 3.94S店￥355835/人,蔚来中心 | 购蔚来ES8 | 享1万元选装基金 | LG1 | 3.94S店￥355835/人 | “特饮颜值无可挑剔，服务热情周到” | 10:00营业,ocr/input_videos\上海__上海荟聚中心__20260826.mp4
OBS-001431,上海荟聚中心,乐窑陶艺美创馆,乐窑陶艺美创馆,DIY手工坊,3.4,67,L3,rated,True,,rated,parsed,rating_anchor,0.981,0.999,55,13464,228.417,🌟🌟🌟 | L3 | ★★ | 3.4DIY手工坊￥67/人,乐窑陶艺美创馆 | 🌟🌟🌟 | L3 | ★★ | 3.4DIY手工坊￥67/人 | 北新泾/淞虹路DIY手工坊销量榜第6名 | 10:00营业 | 手工消暑一夏，灵感爆棚！ | ≤ | ￥29.9￥39高品质融合豆拼豆一小时一. | 惠,ocr/input_videos\上海__上海荟聚中心__20260826.mp4
OBS-001432,上海荟聚中心,名创优品,名创优品,居家日用,,57,LG2,unknown,True,,ocr_missing,parsed,metadata_anchor,0.959,0.9999,56,13464,228.417,LG2 | 🌟🌟🌟🌟🌟 | 居家日用￥57/人 | 14.8,名创优品 | LG2 | 🌟🌟🌟🌟🌟 | MINI | 居家日用￥57/人 | 14.8 | 点评榜单 | 北新泾/淞虹路购物热门榜第9名 | SO:. | 10:00营业 | 设计师创意十足，环境干净整洁 | ￥40.5 | 9.7折 | ￥50好物专享·名创优品.. | 惠,ocr/input_videos\上海__上海荟聚中心__20260826.mp4
OBS-001433,上海荟聚中心,六福珠宝,六福珠宝,黄金首饰,3.4,7117,L2,rated,True,,rated,parsed,rating_anchor,0.9805,0.9997,60,13464,228.417,3.4黄金首饰￥7117/人 | L2,六福珠宝 | 3.4黄金首饰￥7117/人 | L2 | 六福珠寶 | LUKFOOK JEWELLERY | 10:00营业,ocr/input_videos\上海__上海荟聚中心__20260826.mp4
OBS-001434,上海荟聚中心,蔚来中心,蔚来中心,4S店,,355835,LG1,unknown,True,,ocr_missing,parsed,metadata_anchor,0.985,0.9994,57,13524,229.435,LG1 | 🌟🌟🌟🌟⭐ | 3.94S店￥355835/人,蔚来中心 | 购蔚来ES8 | 享1万元选装基金 | LG1 | 🌟🌟🌟🌟⭐ | 3.94S店￥355835/人 | 特饮颜值无可挑剔，服务热情周到 | 10:00营业,ocr/input_videos\上海__上海荟聚中心__20260826.mp4
OBS-001435,上海荟聚中心,乐窑陶艺美创馆,乐窑陶艺美创馆,DIY手工坊,3.4,67,L3,rated,True,,rated,parsed,rating_anchor,0.9781,0.9964,52,13524,229.435,L3 | ★★★★★ | 3.4DIY手工坊￥67/人,乐窑陶艺美创馆 | L3 | ★★★★★ | 3.4DIY手工坊￥67/人 | 北新泾/淞虹路DIY手工坊销量榜第6名 | 10:00营业 | 手工消暑一夏，灵感爆棚！ | 3 | “ | ￥29.9￥39高品质融合豆拼时|…. | 惠,ocr/input_videos\上海__上海荟聚中心__20260826.mp4
OBS-001436,上海荟聚中心,名创优品,名创优品,居家日用,4.8,57,LG2,rated,True,,rated,parsed,rating_anchor,0.9828,0.9999,57,13524,229.435,LG2 | 4.8居家日用￥57/人 | 🌟🌟★🌟🌟,名创优品 | LG2 | MINI | 4.8居家日用￥57/人 | 🌟🌟★🌟🌟 | 点评榜单 | 北新泾/淞虹路购物热门榜第9名 | nn | 10:00营业 | 设计师创意十足，环境干净整洁 | “ | 55 | ￥40.59.7折 | ￥50好物专享·名创优品... | 惠,ocr/input_videos\上海__上海荟聚中心__20260826.mp4
OBS-001437,上海荟聚中心,六福珠宝,六福珠宝,黄金首饰,3.4,7117,L2,rated,True,,rated,parsed,rating_anchor,0.9599,0.9997,56,13524,229.435,★3.4黄金首饰￥7117/人 | L2,六福珠宝 | ★3.4黄金首饰￥7117/人 | L2 | 六福珠寶 | LUKFOOK JEWELLERY | 10:00营业,ocr/input_videos\上海__上海荟聚中心__20260826.mp4
OBS-001438,上海荟聚中心,名表维修服务中心,名表维修服务中心,钟表维修,4.6,62,LG2,rated,True,,rated,parsed,rating_anchor,0.9781,0.9984,51,13524,229.435,LG2 | 🌟🌟🌟🌟🌟 | 钟表维修￥62/人 | 4.6,名表维修服务中心 | LG2 | 🌟🌟🌟🌟🌟 | 钟表维修￥62/人 | 4.6 | 名表维修 | 专业保养 | 上海钟表维修销量榜第8名 | 营业中 | ￥30￥50 | 惠 | 【8.5折优惠券】手表换电池/..,ocr/input_videos\上海__上海荟聚中心__20260826.mp4
OBS-001439,上海荟聚中心,乐窑陶艺美创馆,乐窑陶艺美创馆,DIY手工坊,3.4,67,L3,rated,True,,rated,parsed,rating_anchor,0.9845,0.9987,60,13572,230.249,🌟🌟★★★ | L3 | 3.4DIY手工坊￥67/人,乐窑陶艺美创馆 | 🌟🌟★★★ | L3 | 3.4DIY手工坊￥67/人 | 北新泾/淞虹路DIY手工坊销量榜第6名 | 10:00营业 | 手工消暑一夏，灵感爆棚！ | 39 | “ | 高品质融合豆拼豆一小时|. | ￥29.9￥39 | 惠,ocr/input_videos\上海__上海荟聚中心__20260826.mp4
OBS-001440,上海荟聚中心,名创优品,名创优品,居家日用,4.8,57,LG2,rated,True,,rated,parsed,rating_anchor,0.9749,0.9998,60,13572,230.249,LG2 | 🌟🌟🌟🌟🌟 | 居家日用￥57/人 | 4.8,名创优品 | LG2 | 🌟🌟🌟🌟🌟 | MINI | 居家日用￥57/人 | 4.8 | 点评榜单 | 北新泾/淞虹路购物热门榜第9名 | SO:- | 10:00营业 | 设计师创意十足，环境干净整洁 | ￥40.59.7折 | ￥50好物专享·名创优品... | 惠,ocr/input_videos\上海__上海荟聚中心__20260826.mp4
OBS-001441,上海荟聚中心,六福珠宝,六福珠宝,黄金首饰,3.4,7117,L2,rated,True,,rated,parsed,rating_anchor,0.9821,0.9997,61,13572,230.249,3.4黄金首饰￥7117/人 | L2,六福珠宝 | 3.4黄金首饰￥7117/人 | L2 | 六福珠寶 | LUKFOOK JEWELLERY | 10:00营业,ocr/input_videos\上海__上海荟聚中心__20260826.mp4
OBS-001442,上海荟聚中心,名表维修服务中心,名表维修服务中心,钟表维修,4.6,62,LG2,rated,True,,rated,parsed,rating_anchor,0.983,0.9985,51,13572,230.249,LG2 | 🌟🌟⭐🌟🌟 | 钟表维修￥62/人 | 4.6,名表维修服务中心 | LG2 | 🌟🌟⭐🌟🌟 | 钟表维修￥62/人 | 4.6 | 名表维修 | 专业保养 | 上海钟表维修销量榜第8名 | 营业中 | 惠￥30￥50 | 【8.5折优惠券】手表换电池/...,ocr/input_videos\上海__上海荟聚中心__20260826.mp4
OBS-001443,上海荟聚中心,蕉下,蕉下,运动户外,3.8,423,LG1,rated,True,,rated,parsed,rating_anchor,0.9819,0.9997,69,13572,230.249,3.8运动户外￥423/人 | LG1,蕉下 | 3.8运动户外￥423/人 | LG1 | 10:00营业 | 惠 | 【折上折】379代309代余卷 | ￥379￥300,ocr/input_videos\上海__上海荟聚中心__20260826.mp4
OBS-001444,上海荟聚中心,六福珠宝,六福珠宝,黄金首饰,3.4,7117,L2,rated,True,,rated,parsed,rating_anchor,0.9861,0.9997,57,13656,231.674,🌟⭐ | L2 | ★★ | 3.4黄金首饰￥7117/人,六福珠宝 | 🌟⭐ | L2 | ★★ | 3.4黄金首饰￥7117/人 | 六福珠寶 | LUKFOOK JEWELLERY | 10:00营业,ocr/input_videos\上海__上海荟聚中心__20260826.mp4
OBS-001445,上海荟聚中心,名表维修服务中心,名表维修服务中心,钟表维修,4.6,62,LG2,rated,True,,rated,parsed,rating_anchor,0.9778,0.9989,54,13656,231.674,LG2 | 4.6钟表维修￥62/人,名表维修服务中心 | LG2 | 4.6钟表维修￥62/人 | 名表维修 | 专业保养 | 上海钟表维修销量榜第8名 | 营业中 | ￥30￥50 | 惠 | 【8.5折优惠券】手表换电池/...,ocr/input_videos\上海__上海荟聚中心__20260826.mp4
OBS-001446,上海荟聚中心,蕉下,蕉下,运动户外,3.8,423,LG1,rated,True,,rated,parsed,rating_anchor,0.9772,0.9997,67,13656,231.674,LG1 | 3.8运动户外￥423/人,蕉下 | LG1 | 3.8运动户外￥423/人 | 10:00营业 | ￥379￥399 | 惠 | 【折上折】379代399代金券,ocr/input_videos\上海__上海荟聚中心__20260826.mp4
OBS-001447,上海荟聚中心,鸿蒙智行体验中心,鸿蒙智行体验中心,4S店,,245298,L1,unknown,True,,ocr_missing,parsed,metadata_anchor,0.9697,0.9972,54,13656,231.674,4.64S店￥245298/人 | L1,鸿蒙智行体验中心 | 4.64S店￥245298/人 | L1 | 汽车体验豪华，工作人员讲解详细” | 10:00营业 | 惠￥1￥398[售卖]预约到店智驾体验有礼,ocr/input_videos\上海__上海荟聚中心__20260826.mp4
OBS-001448,上海荟聚中心,迪卡侬,迪卡侬,运动户外,4.9,401,LG1,rated,True,,rated,parsed,rating_anchor,0.971,0.9881,61,13656,231.674,LG1 | 4.9运动户外￥401/人,迪卡侬 | LG1 | 4.9运动户外￥401/人 | 证管单 | 加广包p订按e | 大户同行,ocr/input_videos\上海__上海荟聚中心__20260826.mp4
OBS-001449,上海荟聚中心,六福珠宝,六福珠宝,黄金首饰,3.4,7117,L2,rated,True,,rated,parsed,rating_anchor,0.9843,0.9997,56,13668,231.878,⭐🌟🎉 | ★⭐ | 3.4黄金首饰￥7117/人 | L2,六福珠宝 | ⭐🌟🎉 | ★⭐ | 3.4黄金首饰￥7117/人 | L2 | 六福珠寶 | LUKFOOK JEWELLERY | 10:00营业,ocr/input_videos\上海__上海荟聚中心__20260826.mp4
OBS-001450,上海荟聚中心,名表维修服务中心,名表维修服务中心,钟表维修,4.6,62,LG2,rated,True,,rated,parsed,rating_anchor,0.9755,0.9986,50,13668,231.878,LG2 | 钟表维修￥62/人 | 🌟🌟🎉🌟🌟 | 4.6,名表维修服务中心 | LG2 | 钟表维修￥62/人 | 🌟🌟🎉🌟🌟 | 4.6 | 名表维修 | 专业保养 | 上海钟表维修销量榜第8名 | 营业中 | ￥30￥50 | 惠 | 【8.5折优惠券】手表换电池/...,ocr/input_videos\上海__上海荟聚中心__20260826.mp4
OBS-001451,上海荟聚中心,蕉下,蕉下,运动户外,3.8,423,LG1,rated,True,,rated,parsed,rating_anchor,0.9602,0.9995,62,13668,231.878,3.8运动户外￥423/人 | LG1,蕉下 | 3.8运动户外￥423/人 | LG1 | 10:00营业 | ￥379￥399 | 惠 | 【折上折】379代399代金券,ocr/input_videos\上海__上海荟聚中心__20260826.mp4
OBS-001452,上海荟聚中心,鸿蒙智行体验中心,鸿蒙智行体验中心,4S店,4.6,245298,L1,rated,True,,rated,parsed,rating_anchor,0.9949,0.9955,51,13668,231.878,🌟4.6 | L1 | 4S店 | ￥245298/人,鸿蒙智行体验中心 | M | 🌟4.6 | L1 | 4S店 | ￥245298/人 | 汽车体验豪华，工作人员讲解详细” | 10:00营业 | 惠￥1￥398[售卖]预约到店智驾体验有礼,ocr/input_videos\上海__上海荟聚中心__20260826.mp4
OBS-001453,上海荟聚中心,迪卡侬,迪卡侬,运动户外,4.9,401,LG1,rated,True,,rated,parsed,rating_anchor,0.9679,0.981,61,13668,231.878,🌟🌟🌟🌟🌟4.9 | LG1 | 运动户外￥401/人,迪卡侬 | 🌟🌟🌟🌟🌟4.9 | LG1 | 运动户外￥401/人 | 点评榜单 | 长宁区运动户外热门榜第1名 | 10:00营业 | 拍照氛围超好，三连击抽奖超有趣,ocr/input_videos\上海__上海荟聚中心__20260826.mp4
OBS-001454,上海荟聚中心,六福珠宝,六福珠宝,黄金首饰,3.4,7117,L2,rated,True,,rated,parsed,rating_anchor,0.9847,0.9998,63,13716,232.692,3.4黄金首饰￥7117/人 | L2,六福珠宝 | 3.4黄金首饰￥7117/人 | L2 | 六福珠寶 | LUKFOOK JEWELLERY | 10:00营业,ocr/input_videos\上海__上海荟聚中心__20260826.mp4
OBS-001455,上海荟聚中心,名表维修服务中心,名表维修服务中心,钟表维修,4.6,62,LG2,rated,True,,rated,parsed,rating_anchor,0.9792,0.9983,53,13716,232.692,⭐4.6 | LG2 | 钟表维修￥62/人,名表维修服务中心 | ⭐4.6 | LG2 | 钟表维修￥62/人 | 名表维修 | 专业保养 | 上海钟表维修销量榜第8名 | 营业中 | ￥30￥50 | 【8.5折优惠券】手表换电池/... | 惠,ocr/input_videos\上海__上海荟聚中心__20260826.mp4
OBS-001456,上海荟聚中心,蕉下,蕉下,运动户外,3.8,423,LG1,rated,True,,rated,parsed,rating_anchor,0.9788,0.9998,70,13716,232.692,3.8运动户外￥423/人 | LG1,蕉下 | 3.8运动户外￥423/人 | LG1 | 10:00营业 | ￥379￥399 | 【折上折】379代399代金券 | 惠,ocr/input_videos\上海__上海荟聚中心__20260826.mp4
OBS-001457,上海荟聚中心,鸿蒙智行体验中心,鸿蒙智行体验中心,4S店,,245298,L1,unknown,True,,ocr_missing,parsed,metadata_anchor,0.9751,0.9977,54,13716,232.692,4.64S店￥245298/人 | L1,鸿蒙智行体验中心 | 4.64S店￥245298/人 | L1 | 汽车体验豪华，工作人员讲解详细 | 10:00营业 | 惠￥1￥398[售卖]预约到店智驾体验有礼,ocr/input_videos\上海__上海荟聚中心__20260826.mp4
OBS-001458,上海荟聚中心,迪卡侬,迪卡侬,运动户外,4.9,401,LG1,rated,True,,rated,parsed,rating_anchor,0.971,0.9852,62,13716,232.692,LG1 | ⭐🌟⭐⭐4.9 | 运动户外￥401/人,迪卡侬 | LG1 | ⭐🌟⭐⭐4.9 | 运动户外￥401/人 | 点评榜单 | 长宁区运动户外热门榜第1名 | 10:00营业 | 心 | 拍照氛围超好，三连击抽奖超有趣 | 力,ocr/input_videos\上海__上海荟聚中心__20260826.mp4
OBS-001459,上海荟聚中心,蕉下,蕉下,运动户外,3.8,423,LG1,rated,True,,rated,parsed,rating_anchor,0.9689,0.9999,70,13764,233.506,3.8运动户外￥423/人 | LG1,蕉下 | 3.8运动户外￥423/人 | LG1 | 10:00营业 | ￥379￥399 | 【折上折】379代399代金券 | 惠,ocr/input_videos\上海__上海荟聚中心__20260826.mp4
OBS-001460,上海荟聚中心,鸿蒙智行体验中心,鸿蒙智行体验中心,4S店,,245298,L1,unknown,True,,ocr_missing,parsed,metadata_anchor,0.9691,0.9971,54,13764,233.506,4.64S店￥245298/人 | L1,鸿蒙智行体验中心 | M | 4.64S店￥245298/人 | L1 | 汽车体验豪华，工作人员讲解详细” | 10:00营业 | 惠￥1￥398[售卖]预约到店智驾体验有礼,ocr/input_videos\上海__上海荟聚中心__20260826.mp4
OBS-001461,上海荟聚中心,迪卡侬,迪卡侬,运动户外,4.9,401,LG1,rated,True,,rated,parsed,rating_anchor,0.9551,0.961,61,13764,233.506,LG1 | 4.9运动户外￥401/人,迪卡侬 | LG1 | 4.9运动户外￥401/人 | 点评榜单 | 长宁区运动户外热门榜第1名 | 10:00营业 | 拍照氛围超好，三连击抽奖超有趣 | “ | ￥35￥40羽毛球穿线（论何种球拍+. | 惠,ocr/input_videos\上海__上海荟聚中心__20260826.mp4
OBS-001462,上海荟聚中心,L-idol龍偶像,L-idol龙偶像,舞蹈,4.1,526,L3,rated,True,,rated,parsed,rating_anchor,0.9752,0.9937,55,13764,233.506,4.1舞蹈￥526/人 | L3,L-idol龍偶像 | （龍像 | 4.1舞蹈￥526/人 | L3 | 长宁区舞蹈回头客榜第8名 | 10:00营业 | 教室位置便利，课程丰富多样 | 5 | 【成人】零基础舞蹈体.. | ￥23.88￥164 | 惠,ocr/input_videos\上海__上海荟聚中心__20260826.mp4
OBS-001463,上海荟聚中心,蕉下,蕉下,运动户外,3.8,423,LG1,rated,True,,rated,parsed,rating_anchor,0.9742,0.9995,62,13788,233.914,3.8运动户外￥423/人 | LG1,蕉下 | 3.8运动户外￥423/人 | LG1 | 10:00营业 | ￥379￥399 | 惠 | 【折上折】379代399代金券,ocr/input_videos\上海__上海荟聚中心__20260826.mp4
OBS-001464,上海荟聚中心,鸿蒙智行体验中心,鸿蒙智行体验中心,4S店,,245298,L1,unknown,True,,ocr_missing,parsed,metadata_anchor,0.9695,0.9956,51,13788,233.914,4.64S店￥245298/人 | L1,鸿蒙智行体验中心 | 4.64S店￥245298/人 | L1 | 汽车体验豪华，工作人员讲解详细 | 10:00营业 | 惠 | ￥1￥398[售卖]预约到店智驾体验有礼,ocr/input_videos\上海__上海荟聚中心__20260826.mp4
OBS-001465,上海荟聚中心,迪卡侬,迪卡侬,运动户外,4.9,401,LG1,rated,True,,rated,parsed,rating_anchor,0.9621,0.9671,58,13788,233.914,⭐🌟⭐⭐⭐4.9 | LG1 | 运动户外￥401/人,迪卡侬 | ⭐🌟⭐⭐⭐4.9 | LG1 | 运动户外￥401/人 | - | 点评榜单 | 长宁区运动户外热门榜第1名 | 10:00营业 | 3 | 拍照氛围超好，三连击抽奖超有趣 | ￥35￥40羽毛球穿线（无论何种球拍+.. | 惠,ocr/input_videos\上海__上海荟聚中心__20260826.mp4
OBS-001466,上海荟聚中心,L-idol龍偶像,L-idol龙偶像,舞蹈,4.1,526,L3,rated,True,,rated,parsed,rating_anchor,0.9695,0.993,55,13788,233.914,L3 | 🌟🌟🌟🌟 | 舞蹈￥526/人 | 4.1,L-idol龍偶像 | （龍像 | L3 | 🌟🌟🌟🌟 | 舞蹈￥526/人 | 4.1 | 长宁区舞蹈回头客榜第8名 | 10:00营业 | 教室位置便利，课程丰富多样 | 3 | 6 | ￥23.88￥164 | 【成人】零基础舞蹈体.. | 惠,ocr/input_videos\上海__上海荟聚中心__20260826.mp4
OBS-001467,上海荟聚中心,梵高树美术,梵高树美术,美术,4.4,,L3,rated,True,,rated,parsed,rating_anchor,0.9994,0.9997,54,13788,233.914,4.4美术 | L3 | 🌟🌟🌟⭐ | ★,梵高树美术 | 4.4美术 | L3 | 🌟🌟🌟⭐ | ★ | 点评榜单 | 长宁区美术热门榜第9名 | 梵高剂艺术馆 | 营业中 | 老师专业耐心“ | “课程设计充满章拟,ocr/input_videos\上海__上海荟聚中心__20260826.mp4
OBS-001468,上海荟聚中心,迪卡侬,迪卡侬,运动户外,,401,LG1,unknown,True,,ocr_missing,parsed,metadata_anchor,0.9659,0.9808,55,13860,235.135,🌟🌟★★🌟 | LG1 | 运动户外￥401/人 | 14.9,迪卡侬 | 🌟🌟★★🌟 | LG1 | 运动户外￥401/人 | 14.9 | 点评榜单 | 长宁区运动户外热门榜第1名 | 10:00营业 | 拍照氛围超好，三连击抽奖超有趣 | ￥35￥40羽毛球穿线（无论何种球拍+. | 惠,ocr/input_videos\上海__上海荟聚中心__20260826.mp4
OBS-001469,上海荟聚中心,L-idol龍偶像,L-idol龙偶像,舞蹈,4.1,526,L3,rated,True,,rated,parsed,rating_anchor,0.9759,0.9982,52,13860,235.135,🌟🌟🌟🌟 | L3 | 4.1舞蹈￥526/人 | ★,L-idol龍偶像 | (龍像 | 🌟🌟🌟🌟 | L3 | 4.1舞蹈￥526/人 | ★ | 长宁区舞蹈回头客榜第8名 | 10:00营业 | 教室位置便利，课程丰富多样 | ￥23.88￥164 | 【成人】 | 惠 | 零基础舞蹈体...,ocr/input_videos\上海__上海荟聚中心__20260826.mp4
OBS-001470,上海荟聚中心,梵高树美术,梵高树美术,美术,4.4,,L3,rated,True,,rated,parsed,rating_anchor,0.9998,0.9997,55,13860,235.135,🌟🌟⭐⭐ | 美术 | L3 | 4.4 | 1,梵高树美术 | 🌟🌟⭐⭐ | 美术 | L3 | 4.4 | 1 | 点评榜单 | 长宁区美术热门榜第9名 | 梵高树艺术馆 | 营业中 | 课程设计充满童趣，老师专业耐心” | ￥39.9￥168涂鸦班-艺术培养【体验课】 | 惠,ocr/input_videos\上海__上海荟聚中心__20260826.mp4
OBS-001471,上海荟聚中心,Apple授权专营店,Apple授权专营店,梦,4.8,6771,L1,rated,True,,rated,parsed,rating_anchor,0.8164,0.9987,58,13860,235.135,⭐⭐⭐4.8梦 | 数码产品￥6771/人 | L1,Apple授权专营店 | ⭐⭐⭐4.8梦 | 数码产品￥6771/人 | L1 | “科技感拉满，产品陈列整齐直观 | 授权经销商 | 10:00营业,ocr/input_videos\上海__上海荟聚中心__20260826.mp4
OBS-001472,上海荟聚中心,迪卡侬,迪卡侬,运动户外,,401,LG1,unknown,True,,ocr_missing,parsed,metadata_anchor,0.9766,0.9933,51,13884,235.542,LG1 | 运动户外￥401/人 | 🌟🌟⭐🌟🌟 | 14.9,迪卡侬 | LG1 | 运动户外￥401/人 | 🌟🌟⭐🌟🌟 | 14.9 | 点评榜单 | 长宁区运动户外热门榜第1名 | 10:00营业 | 拍照氛围超好，三连击抽奖超有趣 | 7力 | ￥35￥40羽毛球穿线（无论何种球拍+. | 惠,ocr/input_videos\上海__上海荟聚中心__20260826.mp4
OBS-001473,上海荟聚中心,L-idol龍偶像,L-idol龙偶像,舞蹈,4.1,526,L3,rated,True,,rated,parsed,rating_anchor,0.9673,0.9922,48,13884,235.542,L3 | 🌟🌟🌟🌟 | 舞蹈￥526/人 | 4.1,L-idol龍偶像 | (青像 | L3 | 🌟🌟🌟🌟 | 舞蹈￥526/人 | 4.1 | 长宁区舞蹈回头客榜第8名 | 10:00营业 | 教室位置便利，课程丰富多样 | 惠 | ￥23.88￥164 | 【成人】零基础舞蹈体..,ocr/input_videos\上海__上海荟聚中心__20260826.mp4
OBS-001474,上海荟聚中心,梵高树美术,梵高树美术,美术,4.4,,L3,rated,True,,rated,parsed,rating_anchor,0.999,0.9994,52,13884,235.542,4.4美术 | 🌟🌟🌟🌟 | L3 | ★,梵高树美术 | 4.4美术 | 🌟🌟🌟🌟 | L3 | ★ | 点评榜单 | 长宁区美术热门榜第9名 | 梵高树艺术馆 | 营业中 | 课程设计充满童趣，老师专业耐” | ￥39.9￥168涂鸦班-艺术培养【体验课】 | 惠,ocr/input_videos\上海__上海荟聚中心__20260826.mp4
OBS-001475,上海荟聚中心,Apple授权专营店,Apple授权专营店,数码产品,4.8,6771,L1,rated,True,,rated,parsed,rating_anchor,0.982,0.9968,58,13884,235.542,⭐⭐4.8 | L1 | 数码产品￥6771/人,Apple授权专营店 | ⭐⭐4.8 | L1 | 数码产品￥6771/人 | 科技感拉满，产品陈列整齐直观 | J | 授权经销商 | 10:00营业 | ￥9999 | ￥89999折 | 【需激活】iPhone.. | 惠,ocr/input_videos\上海__上海荟聚中心__20260826.mp4
OBS-001476,上海荟聚中心,H2half一半洗脸一半洗头,H2half一半洗脸一半洗头,皮肤管理,4.0,256,LG1,rated,True,,rated,parsed,rating_anchor,0.9621,0.9512,55,13884,235.542,★🌟★★ | LG1 | 4.0皮肤管理￥256/人 | ★,H2half一半洗脸一半洗头 | H2-half12a | 一半洗脸 | ★🌟★★ | LG1 | 4.0皮肤管理￥256/人 | ★ | 一半洗头 | 点评榜单 | 洗得 | 北新泾/淞虹路美容/SPA热门榜第1名 | 10:00营业 | 皮肤亮一个度，美容师细心专业 | 5,ocr/input_videos\上海__上海荟聚中心__20260826.mp4
OBS-001477,上海荟聚中心,L-idol龍偶像,L-idol龙偶像,舞蹈,4.1,526,L3,rated,True,,rated,parsed,rating_anchor,0.9697,0.9977,49,13980,237.171,🌟🌟⭐⭐ | L3 | 4.1舞蹈￥526/人 | ★,L-idol龍偶像 | (能像 | 🌟🌟⭐⭐ | L3 | 4.1舞蹈￥526/人 | ★ | 长宁区舞蹈回头客榜第8名 | 10:00营业 | 教室位置便利，课程丰富多样” | 【成人】零基础舞蹈体.. | 惠 | ￥23.88￥164,ocr/input_videos\上海__上海荟聚中心__20260826.mp4
OBS-001478,上海荟聚中心,梵高树美术,梵高树美术,美术,4.4,,L3,rated,True,,rated,parsed,rating_anchor,0.9994,0.9998,55,13980,237.171,4.4美术 | 🌟🌟⭐⭐ | L3,梵高树美术 | 4.4美术 | 🌟🌟⭐⭐ | L3 | 点评榜单 | 长宁区美术热门榜第9名 | 梵高树艺术馆 | 营业中 | 课程设计充满童趣，老师专业耐心” | ￥39.9￥168涂鸦班-艺术培养【体验课】 | 惠,ocr/input_videos\上海__上海荟聚中心__20260826.mp4
OBS-001479,上海荟聚中心,Apple授权专营店,Apple授权专营店,数码产品,4.8,6771,L1,rated,True,,rated,parsed,rating_anchor,0.9774,0.9976,59,13980,237.171,4.8数码产品￥6771/人 | L1,Apple授权专营店 | 4.8数码产品￥6771/人 | L1 | 科技感拉满，产品陈列整齐直观 | 授权经销商 | 10:00营业 | ￥89999折 | ￥9999 | 【需激活】iPhone….. | 惠,ocr/input_videos\上海__上海荟聚中心__20260826.mp4
OBS-001480,上海荟聚中心,H2half一半洗脸一半洗头,H2half一半洗脸一半洗头,皮肤管理,4.0,256,LG1,rated,True,,rated,parsed,rating_anchor,0.972,0.9779,50,13980,237.171,LG1 | 🌟🌟🌟🌟 | 4.0皮肤管理￥256/人 | ★,H2half一半洗脸一半洗头 | H2-half12ar | 一半洗脸 | LG1 | 🌟🌟🌟🌟 | 4.0皮肤管理￥256/人 | ★ | 一羊洗头 | 点评榜单 | 洗得 | 北新泾/淞虹路美容/SPA热门榜第1名 | 10:00营业 | 皮肤亮一个度，美容师细心专业 | ￥687折 | ￥12830分钟洗发|精品碳酸... | 惠,ocr/input_videos\上海__上海荟聚中心__20260826.mp4
OBS-001481,上海荟聚中心,L-idol龍偶像,L-idol龙偶像,舞蹈,4.1,526,L3,rated,True,,rated,parsed,rating_anchor,0.9651,0.9976,49,14028,237.985,🌟🌟🌟 | L3 | 舞蹈￥526/人 | 4.1 | ★,L-idol龍偶像 | (色像 | 🌟🌟🌟 | L3 | 舞蹈￥526/人 | 4.1 | ★ | 长宁区舞蹈回头客榜第8名 | 10:00营业 | 教室位置便利，课程丰富多样 | ￥23.88￥164 | 惠 | 【成人】零基础舞蹈体...,ocr/input_videos\上海__上海荟聚中心__20260826.mp4
OBS-001482,上海荟聚中心,梵高树美术,梵高树美术,美术,4.4,,L3,rated,True,,rated,parsed,rating_anchor,0.9998,0.9998,55,14028,237.985,🌟🌟⭐⭐ | 美术 | L3 | 4.4,梵高树美术 | 🌟🌟⭐⭐ | 美术 | L3 | 4.4 | 点评榜单 | 长宁区美术热门榜第9名 | 梵高树艺术馆 | 营业中 | 课程设计充满童趣，老师专业耐心“ | 惠 | ￥39.9￥168涂鸦班-艺术培养【体验课】,ocr/input_videos\上海__上海荟聚中心__20260826.mp4
OBS-001483,上海荟聚中心,Apple授权专营店,Apple授权专营店,数码产品,4.8,6771,L1,rated,True,,rated,parsed,rating_anchor,0.9772,0.9988,58,14028,237.985,4.8数码产品￥6771/人 | L1,Apple授权专营店 | 4.8数码产品￥6771/人 | L1 | 科技感拉满，产品陈列整齐直观 | 授权经销商 | 10:00营业 | ￥89999折 | ￥9999 | 惠 | 【需激活】iPhone.,ocr/input_videos\上海__上海荟聚中心__20260826.mp4
OBS-001484,上海荟聚中心,H2half一半洗脸一半洗头,H2half一半洗脸一半洗头,皮肤管理,4.0,256,LG1,rated,True,,rated,parsed,rating_anchor,0.9699,0.9766,54,14028,237.985,LG1 | ★★★★★ | 4.0皮肤管理￥256/人,H2half一半洗脸一半洗头 | H2-halfl2ar | 一半洗脸 | LG1 | ★★★★★ | 4.0皮肤管理￥256/人 | 一羊洗头 | 点评榜单 | 洗得 | 北新泾/淞虹路美容/SPA热门榜第1名 | 10:00营业 | 皮肤亮一个度，美容师细心专业 | ￥687折 | ￥12830分钟洗发|精品碳酸.... | 惠,ocr/input_videos\上海__上海荟聚中心__20260826.mp4
OBS-001485,上海荟聚中心,梵高树美术,梵高树美术,美术,4.4,,L3,rated,True,,rated,parsed,rating_anchor,0.999,0.9995,56,14088,239.003,4.4美术 | L3 | 🌟🌟🌟 | ★,梵高树美术 | 4.4美术 | L3 | 🌟🌟🌟 | ★ | 点评榜单 | 长宁区美术热门榜第9名 | 梵高树艺术馆 | 营业中 | 课程设计充满童趣，老师专业耐心” | 惠 | ￥39.9￥168涂鸦班-艺术培养【体验课】,ocr/input_videos\上海__上海荟聚中心__20260826.mp4
OBS-001486,上海荟聚中心,Apple授权专营店,Apple授权专营店,数码产品,4.8,6771,L1,rated,True,,rated,parsed,rating_anchor,0.9743,0.9982,61,14088,239.003,L1 | 4.8数码产品￥6771/人,Apple授权专营店 | L1 | 4.8数码产品￥6771/人 | “科技感拉满，产品陈列整齐直观 | 2 | 授权经销商 | 10:00营业 | ￥9999 | ￥8999 | 9折 | 惠 | 【需激活】iPhone.,ocr/input_videos\上海__上海荟聚中心__20260826.mp4
OBS-001487,上海荟聚中心,H2half一半洗脸一半洗头,H2half一半洗脸一半洗头,皮肤管理,4.0,256,LG1,rated,True,,rated,parsed,rating_anchor,0.9828,0.9898,58,14088,239.003,LG1 | ⭐🌟🌟⭐ | 4.0皮肤管理￥256/人,H2half一半洗脸一半洗头 | H2-ha1f20 | 一半洗脸 | LG1 | ⭐🌟🌟⭐ | 4.0皮肤管理￥256/人 | 一半洗头 | 洗得 | 点评榜单 | 北新泾/淞虹路美容/SPA热门榜第1名 | 10:00营业 | 皮肤亮一个度，美容师细心专业 | ￥687折 | 惠 | ￥12830分钟洗发|精品碳酸...,ocr/input_videos\上海__上海荟聚中心__20260826.mp4
OBS-001488,上海荟聚中心,常乐·对症推拿,常乐·对症推拿,推拿养生,4.3,176,L3,rated,True,,rated,parsed,rating_anchor,0.9805,0.9834,51,14088,239.003,L3 | 4.3推拿养生￥176/人 | ★★★★ | ★,常乐·对症推拿 | 常楽 | L3 | 4.3推拿养生￥176/人 | ★★★★ | ★ | 北新泾/淞虹路推拿养生销量榜第8名 | 对症推拿 | 10:00营业 | 拳拳到点，舒缓运动后肌肉 | “ | 【局部推拿/对症祛痛】40... | ￥159￥160 | 惠,ocr/input_videos\上海__上海荟聚中心__20260826.mp4
OBS-001489,上海荟聚中心,Apple授权专营店,Apple授权专营店,数码产品,4.8,6771,L1,rated,True,,rated,parsed,rating_anchor,0.9728,0.9975,58,14100,239.207,4.8数码产品￥6771/人 | L1,Apple授权专营店 | 4.8数码产品￥6771/人 | L1 | “科技感拉满，产品陈列整齐直观 | 授权经销商 | 10:00营业 | ￥89999折 | ￥9999 | 惠 | 【需激活】iPhone...,ocr/input_videos\上海__上海荟聚中心__20260826.mp4
OBS-001490,上海荟聚中心,H2half一半洗脸一半洗头,H2half一半洗脸一半洗头,皮肤管理,4.0,256,LG1,rated,True,,rated,parsed,rating_anchor,0.9716,0.9773,47,14100,239.207,LG1 | ★★🌟★ | 4.0皮肤管理￥256/人,H2half一半洗脸一半洗头 | H2-ha1fl2ar | 一半洗脸 | LG1 | ★★🌟★ | 4.0皮肤管理￥256/人 | 一半洗头 | 点评榜单 | 洗得 | 北新泾/淞虹路美容/SPA热门榜第1名 | 10:00营业 | 皮肤亮一个度，美容师细心专业 | S | ￥687折 | ￥12830分钟洗发1精品碳酸... | 惠,ocr/input_videos\上海__上海荟聚中心__20260826.mp4
OBS-001491,上海荟聚中心,常乐·对症推拿,常乐·对症推拿,推拿养生,4.3,176,L3,rated,True,,rated,parsed,rating_anchor,0.9733,0.9824,51,14100,239.207,⭐🌟⭐⭐ | L3 | 4.3 | 推拿养生￥176/人,常乐·对症推拿 | 常楽 | ⭐🌟⭐⭐ | L3 | 4.3 | 推拿养生￥176/人 | 北新泾/淞虹路推拿养生销量榜第8名 | 对症推拿 | 10:00营业 | 拳拳到点，舒缓运动后肌肉 | “ | ￥159￥160 | 惠 | 【局部推拿/对症祛痛】40...,ocr/input_videos\上海__上海荟聚中心__20260826.mp4
OBS-001492,上海荟聚中心,DR·KONG江博士健康鞋,DR·KONG江博士健康鞋,服饰鞋包,4.2,441,L3,rated,True,,rated,parsed,rating_anchor,0.9758,0.9794,48,14100,239.207,L3 | ⭐🌟🌟★⭐ | 4.2服饰鞋包￥441/人,DR·KONG江博士健康鞋 | L3 | ⭐🌟🌟★⭐ | 4.2服饰鞋包￥441/人 | DR·KOnG | 江博士·健康鞋 | 地理位置便利，环境宽敬明亮 | 10:00营业 | ￥547.589.6折 | 【夏日上新】1. | 惠 | ￥1159,ocr/input_videos\上海__上海荟聚中心__20260826.mp4
OBS-001493,上海荟聚中心,Apple授权专营店,Apple授权专营店,数码产品,4.8,6771,L1,rated,True,,rated,parsed,rating_anchor,0.9754,0.9972,59,14148,240.021,L1 | 4.8数码产品￥6771/人,Apple授权专营店 | L1 | 4.8数码产品￥6771/人 | “科技感拉满，产品陈列整齐直观 | 授权经销商 | 10:00营业 | ￥89999折 | ￥9999 | 【需激活】iPhone. | 惠,ocr/input_videos\上海__上海荟聚中心__20260826.mp4
OBS-001494,上海荟聚中心,H2half一半洗脸一半洗头,H2half一半洗脸一半洗头,皮肤管理,4.0,256,LG1,rated,True,,rated,parsed,rating_anchor,0.9758,0.9876,54,14148,240.021,LG1 | ⭐🌟🌟⭐ | 皮肤管理￥256/人 | 4.0,H2half一半洗脸一半洗头 | H2-half12a | 一半洗脸 | LG1 | ⭐🌟🌟⭐ | 皮肤管理￥256/人 | 4.0 | 一半洗头 | 点评榜单 | 洗得 | 北新泾/淞虹路美容/SPA热门榜第1名 | 10:00营业 | 皮肤亮一个度，美容师细心专业” | ￥687折 | 惠 | ￥12830分钟洗发|精品碳酸...,ocr/input_videos\上海__上海荟聚中心__20260826.mp4
OBS-001495,上海荟聚中心,常乐·对症推拿,常乐·对症推拿,推拿养生,4.3,176,L3,rated,True,,rated,parsed,rating_anchor,0.9745,0.9853,55,14148,240.021,🌟🌟🌟🌟 | L3 | 推拿养生￥176/人 | 4.3,常乐·对症推拿 | 常楽 | 🌟🌟🌟🌟 | L3 | 推拿养生￥176/人 | 4.3 | 北新泾/淞虹路推拿养生销量榜第8名 | 对症推拿 | 10:00营业 | 拳拳到点，舒缓运动后肌肉 | ￥159￥160 | 【局部推拿/对症祛痛】40... | 惠,ocr/input_videos\上海__上海荟聚中心__20260826.mp4
OBS-001496,上海荟聚中心,DR·KONG江博士健康鞋,DR·KONG江博士健康鞋,服饰鞋包,4.2,441,L3,rated,True,,rated,parsed,rating_anchor,0.9789,0.9858,53,14148,240.021,🌟🌟⭐🌟 | L3 | 4.2服饰鞋包￥441/人 | ★,DR·KONG江博士健康鞋 | 🌟🌟⭐🌟 | L3 | 4.2服饰鞋包￥441/人 | ★ | DR·KONG | 江博士·储康鞋 | 地理位置便利，环境宽敞明亮 | 10:00营业 | ￥547.589.6折 | ￥1159 | 【夏日上新】1. | 惠,ocr/input_videos\上海__上海荟聚中心__20260826.mp4
OBS-001497,上海荟聚中心,常乐·对症推拿,常乐·对症推拿,推拿养生,4.3,176,L3,rated,True,,rated,parsed,rating_anchor,0.9771,0.9856,52,14220,241.242,🌟🌟💥🌟 | L3 | 4.3 | 推拿养生￥176/人,常乐·对症推拿 | 常楽 | 🌟🌟💥🌟 | L3 | 4.3 | 推拿养生￥176/人 | 北新泾/淞虹路推拿养生销量榜第8名 | 对症推拿 | 10:00营业 | 拳拳到点，舒缓运动后肌肉 | 3 | ￥159￥160 | 【局部推拿/对症祛痛】40... | 惠,ocr/input_videos\上海__上海荟聚中心__20260826.mp4
OBS-001498,上海荟聚中心,DR·KONG江博士健康鞋,DR·KONG江博士健康鞋,服饰鞋包,4.2,441,L3,rated,True,,rated,parsed,rating_anchor,0.9715,0.9797,54,14220,241.242,🌟🌟🌟 | L3 | 服饰鞋包￥441/人 | 4.2,DR·KONG江博士健康鞋 | 🌟🌟🌟 | L3 | 服饰鞋包￥441/人 | 4.2 | DR·KONG | 江博士·健质鞋 | 地理位置便利，环境宽敞明亮 | 10:00营业 | ￥1159 | ￥547.589.6折 | 【夏日上新】1... | 惠,ocr/input_videos\上海__上海荟聚中心__20260826.mp4
OBS-001499,上海荟聚中心,好特卖HotMaxx,好特卖HotMaxx,超市便利,4.9,48,LG2,rated,True,,rated,parsed,rating_anchor,0.9763,0.99,53,14220,241.242,LG2 | ★★★★4.9 | 超市便利￥48/人,好特卖HotMaxx | LG2 | ★★★★4.9 | 超市便利￥48/人 | 好特卖 | 点评榜单 | 北新泾/淞虹路超市便利热门榜第3名 | 10:00营业 | 800+门店连锁背书，正品保障放心买 | ≤ | 2,ocr/input_videos\上海__上海荟聚中心__20260826.mp4
OBS-001500,上海荟聚中心,波司登,波司登,运动户外,4.2,1336,LG1,rated,True,,rated,parsed,rating_anchor,0.9878,0.9999,58,14220,241.242,LG1 | 🌟🌟🌟⭐ | 4.2运动户外￥1336/人 | ★,波司登 | LG1 | 🌟🌟🌟⭐ | 4.2运动户外￥1336/人 | 波司登 | ★ | BOSIDENG | 心 | 防晒衣活动超值，带大帽檐和口罩 | 10:00营业 | ￥499.8折 | ￥100 | 惠 | 【开学季】波司登秋..,ocr/input_videos\上海__上海荟聚中心__20260826.mp4
OBS-001501,上海荟聚中心,周大福,周大福,黄金首饰,4.4,9074,,rated,True,,rated,parsed,rating_anchor,0.9467,0.9998,55,14220,241.242,4.4黄金首饰￥9074/人,周大福 | 4.4黄金首饰￥9074/人,ocr/input_videos\上海__上海荟聚中心__20260826.mp4
OBS-001502,上海荟聚中心,常乐·对症推拿,常乐·对症推拿,推拿养生,4.3,176,L3,rated,True,,rated,parsed,rating_anchor,0.9726,0.9818,51,14244,241.65,L3 | 🌟🌟🌟🌟 | 4.3 | 推拿养生￥176/人,常乐·对症推拿 | 常楽 | L3 | 🌟🌟🌟🌟 | 4.3 | 推拿养生￥176/人 | 北新泾/淞虹路推拿养生销量榜第8名 | 对症推拿 | 10:00营业 | 拳拳到点，舒缓运动后肌肉 | 5 | 【局部推拿/对症祛痛】40... | ￥159￥160 | 惠,ocr/input_videos\上海__上海荟聚中心__20260826.mp4
OBS-001503,上海荟聚中心,DR·KONG江博士健康鞋,DR·KONG江博士健康鞋,服饰鞋包,4.2,441,L3,rated,True,,rated,parsed,rating_anchor,0.9721,0.9798,48,14244,241.65,L3 | 🌟🌟🎉🌟🌟 | 服饰鞋包￥441/人 | 4.2,DR·KONG江博士健康鞋 | L3 | 🌟🌟🎉🌟🌟 | 服饰鞋包￥441/人 | 4.2 | DR·KOnG | 江博士·健康鞋 | 地理位置便利，环境宽敞明亮 | 10:00营业 | ￥1159 | ￥547.589.6折 | 【夏日上新】1... | 惠,ocr/input_videos\上海__上海荟聚中心__20260826.mp4
OBS-001504,上海荟聚中心,好特卖HotMaxx,好特卖HotMaxx,超市便利,4.9,48,LG2,rated,True,,rated,parsed,rating_anchor,0.9765,0.9959,51,14244,241.65,★⭐4.9 | LG2 | 超市便利￥48/人,好特卖HotMaxx | ★⭐4.9 | LG2 | 超市便利￥48/人 | 好特卖 | 点评榜单 | 北新泾/淞虹路超市便利热门榜第3名 | 10:00营业 | 800+门店连锁背书，正品保障放心买 | 力 | S,ocr/input_videos\上海__上海荟聚中心__20260826.mp4
OBS-001505,上海荟聚中心,波司登,波司登,运动户外,4.2,1336,LG1,rated,True,,rated,parsed,rating_anchor,0.9803,0.9998,58,14244,241.65,⭐🌟🌟⭐ | LG1 | 4.2 | 运动户外￥1336/人 | ★,波司登 | ⭐🌟🌟⭐ | LG1 | 4.2 | 运动户外￥1336/人 | ★ | 波司登 | BOSIDENG | 防晒衣活动超值，带大帽檐和口罩 | C | 10:00营业 | ￥499.8折 | ￥100 | 惠 | 【开学季】波司登秋..,ocr/input_videos\上海__上海荟聚中心__20260826.mp4
OBS-001506,上海荟聚中心,周大福,周大福,黄金首饰,4.4,9074,L2,rated,True,,rated,parsed,rating_anchor,0.9833,0.9998,54,14244,241.65,4.4黄金首饰￥9074/人 | L2 | 🌟🌟⭐⭐ | ★,周大福 | 4.4黄金首饰￥9074/人 | L2 | 🌟🌟⭐⭐ | ★ | 编绳寓意好，店长服务热情,ocr/input_videos\上海__上海荟聚中心__20260826.mp4
OBS-001507,上海荟聚中心,常乐·对症推拿,常乐·对症推拿,推拿养生,4.3,176,L3,rated,True,,rated,parsed,rating_anchor,0.9738,0.9813,47,14304,242.667,L3 | 🌟🌟⭐⭐ | 4.3 | 推拿养生￥176/人 | ★,常乐·对症推拿 | 常楽 | L3 | 🌟🌟⭐⭐ | 4.3 | 推拿养生￥176/人 | ★ | 北新泾/淞虹路推拿养生销量榜第8名 | 对症推拿 | 10:00营业 | 拳拳到点，舒缓运动后肌肉 | ≤ | 5 | 【局部推拿/对症祛痛】40... | ￥159￥160 | 惠,ocr/input_videos\上海__上海荟聚中心__20260826.mp4
OBS-001508,上海荟聚中心,DR·KONG江博士健康鞋,DR·KONG江博士健康鞋,服饰鞋包,4.2,441,L3,rated,True,,rated,parsed,rating_anchor,0.975,0.9836,47,14304,242.667,L3 | 🌟🌟⭐⭐⭐ | 服饰鞋包￥441/人 | 4.2,DR·KONG江博士健康鞋 | L3 | 🌟🌟⭐⭐⭐ | 服饰鞋包￥441/人 | 4.2 | DR·KONG | 江博士·健康鞋 | 地理位置便利，环境宽敞明亮 | 10:00营业 | ￥1159 | ￥547.589.6折 | 惠 | 【夏日上新】1...,ocr/input_videos\上海__上海荟聚中心__20260826.mp4
OBS-001509,上海荟聚中心,好特卖HotMaxx,好特卖HotMaxx,超市便利,4.9,48,LG2,rated,True,,rated,parsed,rating_anchor,0.9748,0.991,51,14304,242.667,LG2 | 🌟🌟🌟🌟🌟 | 超市便利￥48/人 | 4.9,好特卖HotMaxx | LG2 | 🌟🌟🌟🌟🌟 | 超市便利￥48/人 | 4.9 | 好特卖 | 点评榜单 | 北新泾/淞虹路超市便利热门榜第3名 | 10:00营业 | 800+门店连锁背书，正品保障放心买 | 4 | 2,ocr/input_videos\上海__上海荟聚中心__20260826.mp4
OBS-001510,上海荟聚中心,波司登,波司登,运动户外,4.2,1336,LG1,rated,True,,rated,parsed,rating_anchor,0.9783,0.9999,58,14304,242.667,🌟🌟⭐ | LG1 | 运动户外￥1336/人 | 4.2,波司登 | 🌟🌟⭐ | LG1 | 运动户外￥1336/人 | 4.2 | 波司登 | BOSIDENG | 防晒衣活动超值，带大帽檐和口罩 | 10:00营业 | ￥499.8折 | ￥100 | 【开学季】波司登秋... | 惠,ocr/input_videos\上海__上海荟聚中心__20260826.mp4
OBS-001511,上海荟聚中心,周大福,周大福,黄金首饰,4.4,9074,L2,rated,True,,rated,parsed,rating_anchor,0.9848,0.9997,59,14304,242.667,🌟🌟🌟🌟 | L2 | 4.4黄金首饰￥9074/人,周大福 | 🌟🌟🌟🌟 | L2 | 4.4黄金首饰￥9074/人 | “编绳寓意好，店长服务热情 | 三” | 10:00营业 | 拨 | 长风拨筋养身驻颜,ocr/input_videos\上海__上海荟聚中心__20260826.mp4
OBS-001512,上海荟聚中心,好特卖HotMaxx,好特卖HotMaxx,超市便利,4.9,48,LG2,rated,True,,rated,parsed,rating_anchor,0.9763,0.996,52,14340,243.278,LG2 | ⭐🌟⭐🎉4.9 | 超市便利￥48/人,好特卖HotMaxx | LG2 | ⭐🌟⭐🎉4.9 | 超市便利￥48/人 | 好特卖 | 点评榜单 | 北新泾/淞虹路超市便利热门榜第3名 | 10:00营业 | 小 | 800+门店连锁背书，正品保障放心买 | 2,ocr/input_videos\上海__上海荟聚中心__20260826.mp4
OBS-001513,上海荟聚中心,波司登,波司登,运动户外,4.2,1336,LG1,rated,True,,rated,parsed,rating_anchor,0.9849,0.9999,58,14340,243.278,🌟🌟🎉🎉 | LG1 | 4.2运动户外￥1336/人 | ★,波司登 | 🌟🌟🎉🎉 | LG1 | 4.2运动户外￥1336/人 | ★ | 波司登 | BOSIDENG | 防晒衣活动超值，带大帽檐和口罩 | 10:00营业 | ￥499.8折 | ￥100 | 惠 | 【开学季】波司登秋...,ocr/input_videos\上海__上海荟聚中心__20260826.mp4
OBS-001514,上海荟聚中心,周大福,周大福,黄金首饰,4.4,9074,L2,rated,True,,rated,parsed,rating_anchor,0.9844,0.9998,58,14340,243.278,🌟🌟⭐⭐ | L2 | 4.4黄金首饰￥9074/人,周大福 | 🌟🌟⭐⭐ | L2 | 4.4黄金首饰￥9074/人 | “编绳寓意好，店长服务热情 | 三” | 10:00营业,ocr/input_videos\上海__上海荟聚中心__20260826.mp4
OBS-001515,上海荟聚中心,长风拨筋养身驻颜,长风拨筋养身驻颜,推拿养生,4.8,166,LG2,rated,True,,rated,parsed,rating_anchor,0.9764,0.9967,48,14340,243.278,LG2 | 4.8推拿养生￥166/人,拨筋 | 长风拨筋养身驻颜 | LG2 | 4.8推拿养生￥166/人 | 北新泾/淞虹路推拿养生销量榜第2名 | 养身 | 夏0:00营业节 | 古风清雅环境，技师手法专业 | “ | ￥1388.3折 | ￥169 | 惠 | 肩颈拨筋一直击酸...,ocr/input_videos\上海__上海荟聚中心__20260826.mp4
OBS-001516,上海荟聚中心,爱睫物语美睫美甲,爱睫物语美睫美甲,美睫,4.5,199,LG1,rated,True,,rated,parsed,rating_anchor,0.9737,0.9977,51,14340,243.278,LG1 | 4.5美睫￥199/人,爱睫物语美睫美甲 | LG1 | 4.5美睫￥199/人 | 固睫持久度 | 增长40% | 北新泾/淞虹路美睫销量榜第3名 | 10:00营业 | “沙发躺椅舒适，手法专业自然” | ￥385.6折 | 惠 | ￥80清爽卸除|卸本甲/卸..,ocr/input_videos\上海__上海荟聚中心__20260826.mp4
OBS-001517,上海荟聚中心,周大福,周大福,黄金首饰,4.4,9074,L2,rated,True,,rated,parsed,rating_anchor,0.9841,0.9998,58,14424,244.703,L2 | ★🌟★⭐ | 4.4黄金首饰￥9074/人 | ★,周大福 | L2 | ★🌟★⭐ | 4.4黄金首饰￥9074/人 | ★ | 编绳寓意好，店长服务热情 | 10:00营业,ocr/input_videos\上海__上海荟聚中心__20260826.mp4
OBS-001518,上海荟聚中心,长风拨筋养身驻颜,长风拨筋养身驻颜,推拿养生,4.8,166,LG2,rated,True,,rated,parsed,rating_anchor,0.9706,0.9989,51,14424,244.703,LG2 | 4.8推拿养生￥166/人,拨筋 | 长风拨筋养身驻颜 | LG2 | 4.8推拿养生￥166/人 | 北新泾/淞虹路推拿养生销量榜第2名 | 养身 | 夏0:00营业 | 古风清雅环境，技师手法专业” | “ | ￥138 | 8.3折 | 惠 | ￥169 | 肩颈拨筋|直击酸..,ocr/input_videos\上海__上海荟聚中心__20260826.mp4
OBS-001519,上海荟聚中心,爱睫物语美睫美甲,爱睫物语美睫美甲,美睫,4.5,199,LG1,rated,True,,rated,parsed,rating_anchor,0.9756,0.9987,50,14424,244.703,LG1 | 4.5美睫￥199/人,爱睫物语美睫美甲 | LG1 | 4.5美睫￥199/人 | 固健持久度 | 北新泾/淞虹路美睫销量榜第3名 | 增长40% | 10:00营业 | “沙发躺椅舒适，手法专业自然” | ￥38 | 5.6折 | 惠 | ￥80清爽卸除|卸本甲/卸.,ocr/input_videos\上海__上海荟聚中心__20260826.mp4
OBS-001520,上海荟聚中心,阿吉豆,阿吉豆,珠宝首饰,3.5,93,L2,rated,True,,rated,parsed,rating_anchor,0.9812,0.9998,58,14424,244.703,3.5珠宝首饰￥93/人 | L2,阿吉豆 | AJIDOU 网吉豆 | 3.5珠宝首饰￥93/人 | L2 | 10:00营业,ocr/input_videos\上海__上海荟聚中心__20260826.mp4
OBS-001521,上海荟聚中心,老庙黄金,老庙黄金,黄金首饰,,1395,,unknown,True,,ocr_missing,parsed,metadata_anchor,0.9297,0.976,56,14424,244.703,43黄金首饰￥1395/人,老庙黄金 | 43黄金首饰￥1395/人,ocr/input_videos\上海__上海荟聚中心__20260826.mp4
OBS-001522,上海荟聚中心,周大福,周大福,黄金首饰,4.4,9074,L2,rated,True,,rated,parsed,rating_anchor,0.9865,0.9997,58,14460,245.314,⭐🌟🌟🌟 | L2 | 4.4黄金首饰￥9074/人,周大福 | ⭐🌟🌟🌟 | L2 | 4.4黄金首饰￥9074/人 | 编绳寓意好，店长服务热情 | 10:00营业,ocr/input_videos\上海__上海荟聚中心__20260826.mp4
OBS-001523,上海荟聚中心,长风拨筋养身驻颜,长风拨筋养身驻颜,推拿养生,4.8,166,LG2,rated,True,,rated,parsed,rating_anchor,0.9733,0.9972,54,14460,245.314,LG2 | 4.8推拿养生￥166/人,拨筋 | 长风拨筋养身驻颜 | LG2 | 4.8推拿养生￥166/人 | 北新泾/淞虹路推拿养生销量榜第2名 | 养身 | 夏0:00营业节 | 古风清雅环境，技师手法专业” | ￥1388.3折 | ￥169 | 肩颈拨筋Ⅰ直击酸.. | 惠,ocr/input_videos\上海__上海荟聚中心__20260826.mp4
OBS-001524,上海荟聚中心,爱睫物语美睫美甲,爱睫物语美睫美甲,美睫,4.5,199,LG1,rated,True,,rated,parsed,rating_anchor,0.9717,0.9995,53,14460,245.314,4.5美睫￥199/人 | LG1,爱睫物语美睫美甲 | IRPEIEAI | 4.5美睫￥199/人 | LG1 | 固健持久度 | 北新泾/淞虹路美睫销量榜第3名 | 增长403 | 10:00营业 | “沙发躺椅舒适，手法专业自然” | ￥38 | 5.6折 | ￥80清爽卸除|卸本甲/卸.. | 惠,ocr/input_videos\上海__上海荟聚中心__20260826.mp4
OBS-001525,上海荟聚中心,阿吉豆,阿吉豆,珠宝首饰,3.5,93,L2,rated,True,,rated,parsed,rating_anchor,0.986,0.9999,64,14460,245.314,⭐🌟⭐🌟🌟 | 3.5珠宝首饰￥93/人 | L2,阿吉豆 | AJIDOU网吉豆 | ⭐🌟⭐🌟🌟 | 3.5珠宝首饰￥93/人 | L2 | 10:00营业,ocr/input_videos\上海__上海荟聚中心__20260826.mp4
OBS-001526,上海荟聚中心,老庙黄金,老庙黄金,黄金首饰,4.3,1395,L2,rated,True,,rated,parsed,rating_anchor,0.9772,0.9767,57,14460,245.314,⭐🌟🌟 | L2 | 4.3黄金首饰￥1395/人 | ★ | -,老庙黄金 | ⭐🌟🌟 | L2 | 4.3黄金首饰￥1395/人 | ★ | - | 瑜老庙 | 经您带意好越气。 | 10:00营业 | ￥0￥99清洗保养|传业服务 | 惠,ocr/input_videos\上海__上海荟聚中心__20260826.mp4
OBS-001527,上海荟聚中心,长风拨筋养身驻颜,长风拨筋养身驻颜,推拿养生,4.8,166,LG2,rated,True,,rated,parsed,rating_anchor,0.9854,0.9987,51,14532,246.535,LG2 | 🌟🌟🌟🌟4.8 | 推拿养生￥166/人,拨筋 | 长风拨筋养身驻颜 | LG2 | 🌟🌟🌟🌟4.8 | 推拿养生￥166/人 | - | 北新泾/淞虹路推拿养生销量榜第2名 | 养身 | 夏0:00营业节 | 古风清雅环境，技师手法专业 | ￥138 | 惠 | ￥169 | 8.3折 | 肩颈拨筋Ⅰ直击酸...,ocr/input_videos\上海__上海荟聚中心__20260826.mp4
OBS-001528,上海荟聚中心,爱睫物语美睫美甲,爱睫物语美睫美甲,美睫,4.5,199,LG1,rated,True,,rated,parsed,rating_anchor,0.9816,0.9972,51,14532,246.535,LG1 | 🌟🌟🌟🌟🌟 | 美睫￥199/人 | 4.5,爱睫物语美睫美甲 | LG1 | 🌟🌟🌟🌟🌟 | 美睫￥199/人 | 4.5 | 固睫持久度 | 增长40% | 北新泾/淞虹路美睫销量榜第3名 | 10:00营业 | “沙发躺椅舒适，手法专业自然 | 5 | ￥38 | ￥80清爽卸除|卸本甲/卸... | 5.6折 | 惠,ocr/input_videos\上海__上海荟聚中心__20260826.mp4
OBS-001529,上海荟聚中心,阿吉豆,阿吉豆,珠宝首饰,3.5,93,L2,rated,True,,rated,parsed,rating_anchor,0.9777,0.9999,54,14532,246.535,L2 | 🌟🌟⭐🌟🌟 | 珠宝首饰￥93/人 | 3.5 | ),阿吉豆 | AJIDOU 阿吉豆 | L2 | 🌟🌟⭐🌟🌟 | 珠宝首饰￥93/人 | 3.5 | ) | 10:00营业,ocr/input_videos\上海__上海荟聚中心__20260826.mp4
OBS-001530,上海荟聚中心,老庙黄金,老庙黄金,黄金首饰,4.3,1395,L2,rated,True,,rated,parsed,rating_anchor,0.9375,0.9061,56,14532,246.535,⭐🌟🌟⭐ | L2 | 4.3 | 黄金首饰￥1395/人 | ★,老庙黄金 | ⭐🌟🌟⭐ | L2 | 4.3 | 黄金首饰￥1395/人 | ★ | 瑜老庙 | 操您牵来野运气。 | 10:00营业 | 惠 | ￥0￥99清洗保养|传业服务,ocr/input_videos\上海__上海荟聚中心__20260826.mp4
OBS-001531,上海荟聚中心,作业帮学习机,作业帮学习机,课后辅导,4.3,72,L3,rated,True,,rated,parsed,rating_anchor,0.9853,0.9999,51,14532,246.535,⭐🌟🌟⭐ | L3 | 课后辅导￥72/人 | 4.3,作业帮学习机 | ⭐🌟🌟⭐ | L3 | 课后辅导￥72/人 | 4.3 | 100,ocr/input_videos\上海__上海荟聚中心__20260826.mp4
OBS-001532,上海荟聚中心,爱睫物语美睫美甲,爱睫物语美睫美甲,美睫,4.5,199,LG1,rated,True,,rated,parsed,rating_anchor,0.9808,0.9995,57,14568,247.146,LG1 | 4.5美睫￥199/人,爱睫物语美睫美甲 | LG1 | 4.5美睫￥199/人 | 固睫持久度 | 北新泾/淞虹路美睫销量榜第3名 | 增长40% | 10:00营业 | “沙发躺椅舒适，法专业自然” | ￥385.6折 | 惠 | ￥80清爽卸除|卸本甲/卸..,ocr/input_videos\上海__上海荟聚中心__20260826.mp4
OBS-001533,上海荟聚中心,阿吉豆,阿吉豆,珠宝首饰,3.5,93,L2,rated,True,,rated,parsed,rating_anchor,0.9823,0.9999,63,14568,247.146,3.5珠宝首饰￥93/人 | L2,阿吉豆 | AJIDOU 网吉豆 | 3.5珠宝首饰￥93/人 | L2 | 10:00营业,ocr/input_videos\上海__上海荟聚中心__20260826.mp4
OBS-001534,上海荟聚中心,老庙黄金,老庙黄金,黄金首饰,4.3,1395,L2,rated,True,,rated,parsed,rating_anchor,0.9549,0.9445,66,14568,247.146,4.3黄金首饰￥1395/人 | L2,老庙黄金 | 4.3黄金首饰￥1395/人 | L2 | 瑜老庙 | 绿您带最好运气。 | 10:00营业 | 惠 | ￥0￥99清洗保养|专业服务,ocr/input_videos\上海__上海荟聚中心__20260826.mp4
OBS-001535,上海荟聚中心,作业帮学习机,作业帮学习机,课后辅导,4.3,72,L3,rated,True,,rated,parsed,rating_anchor,0.9898,0.9998,58,14568,247.146,🌟🌟🌟🎉 | L3 | 4.3课后辅导￥72/人 | ★,作业帮学习机 | 🌟🌟🌟🎉 | L3 | 4.3课后辅导￥72/人 | 100 | ★ | “位置好找，顾问专业耐心” | 10:00营业 | ￥58939.9折 | ￥64992026年新品旗舰.. | 惠,ocr/input_videos\上海__上海荟聚中心__20260826.mp4
OBS-001536,上海荟聚中心,阿吉豆,阿吉豆,珠宝首饰,3.5,93,L2,rated,True,,rated,parsed,rating_anchor,0.9811,0.9998,62,14616,247.961,3.5珠宝首饰￥93/人 | L2,阿吉豆 | AJIDOU网吉豆 | 3.5珠宝首饰￥93/人 | L2 | 10:00营业,ocr/input_videos\上海__上海荟聚中心__20260826.mp4
OBS-001537,上海荟聚中心,老庙黄金,老庙黄金,黄金首饰,4.3,1395,L2,rated,True,,rated,parsed,rating_anchor,0.9467,0.9539,59,14616,247.961,🌟🌟🌟⭐⭐ | 4.3黄金首饰￥1395/人 | L2,老庙黄金 | 🌟🌟🌟⭐⭐ | 4.3黄金首饰￥1395/人 | L2 | 老庙 | 经您学意好越气。 | 10:00营业 | ￥0￥99清洗保养|专业服务 | 惠,ocr/input_videos\上海__上海荟聚中心__20260826.mp4
OBS-001538,上海荟聚中心,作业帮学习机,作业帮学习机,课后辅导,4.3,72,L3,rated,True,,rated,parsed,rating_anchor,0.9877,0.9999,57,14616,247.961,🌟🌟🌟🌟 | L3 | 4.3课后辅导￥72/人,作业帮学习机 | 🌟🌟🌟🌟 | L3 | 4.3课后辅导￥72/人 | 100 | 位置好找，顾问专业耐” | 10:00营业 | ￥5893 | 9.9折 | ￥64992026年新品旗舰... | 惠,ocr/input_videos\上海__上海荟聚中心__20260826.mp4
OBS-001539,上海荟聚中心,福奈特洗衣洗鞋,福奈特洗衣洗鞋,洗衣洗鞋,4.3,84,LG2,rated,True,,rated,parsed,rating_anchor,0.9788,0.9997,54,14616,247.961,LG2 | ⭐🌟⭐⭐ | 洗衣洗鞋￥84/人 | 4.3 | ★,福奈特洗衣洗鞋 | FORNET | LG2 | ⭐🌟⭐⭐ | 洗衣洗鞋￥84/人 | 4.3 | ★ | 上门取送 | 长宁区洗涤回头客榜实体店第1名 | 10:00营业 | 清洁力度强，细节处理到位 | “ | 5 | ￥77￥88 | 惠 | 【到店洗衣】 | 任洗1件羽绒服/... | ￥45￥50代金券 | 惠,ocr/input_videos\上海__上海荟聚中心__20260826.mp4
OBS-001540,上海荟聚中心,壹见视光·蔡司专业验配,壹见视光·蔡司专业验配,眼镜店,4.8,657,L2,rated,True,,rated,parsed,rating_anchor,0.9948,0.9933,54,14616,247.961,L2 | ★★★★★ | 眼镜店 | ￥657/人 | 4.8,壹见视光·蔡司专业验配 | ▲ | 欢见祝火 | L2 | ★★★★★ | 眼镜店 | ￥657/人 | 4.8 | 点评榜单 | 长宁区眼镜店热门榜第3名,ocr/input_videos\上海__上海荟聚中心__20260826.mp4
OBS-001541,上海荟聚中心,阿吉豆,阿吉豆,珠宝首饰,3.5,93,L2,rated,True,,rated,parsed,rating_anchor,0.9854,0.9999,54,14640,248.368,🌟🌟⭐💥🌟 | L2 | 3.5珠宝首饰￥93/人,阿吉豆 | AJIDOU 网吉豆 | 🌟🌟⭐💥🌟 | L2 | 3.5珠宝首饰￥93/人 | 10:00营业,ocr/input_videos\上海__上海荟聚中心__20260826.mp4
OBS-001542,上海荟聚中心,老庙黄金,老庙黄金,黄金首饰,4.3,1395,L2,rated,True,,rated,parsed,rating_anchor,0.9649,0.9556,60,14640,248.368,⭐🌟🌟⭐ | L2 | 黄金首饰￥1395/人 | 4.3 | ★,老庙黄金 | ⭐🌟🌟⭐ | L2 | 黄金首饰￥1395/人 | 4.3 | ★ | 瑜老庙 | 绿您带业野运气。 | 10:00营业 | ￥0￥99清洗保养|传业服务 | 惠,ocr/input_videos\上海__上海荟聚中心__20260826.mp4
OBS-001543,上海荟聚中心,作业帮学习机,作业帮学习机,课后辅导,4.3,72,L3,rated,True,,rated,parsed,rating_anchor,0.9812,0.9999,52,14640,248.368,🌟🌟🌟🌟 | L3 | 课后辅导￥72/人 | 4.3 | ★,作业帮学习机 | 🌟🌟🌟🌟 | L3 | 课后辅导￥72/人 | 4.3 | 100 | ★ | 位置好找，顾问专业耐心 | 2 | 10:00营业 | ￥5893 | ￥64992026年新品旗舰.. | 惠 | 9.9折,ocr/input_videos\上海__上海荟聚中心__20260826.mp4
OBS-001544,上海荟聚中心,福奈特洗衣洗鞋,福奈特洗衣洗鞋,洗衣洗鞋,4.3,84,LG2,rated,True,,rated,parsed,rating_anchor,0.9991,0.9997,52,14640,248.368,LG2 | ⭐🌟⭐🌟 | 4.3 | 洗衣洗鞋 | ￥84/人 | ★,福奈特洗衣洗鞋 | FORNET | LG2 | ⭐🌟⭐🌟 | 4.3 | 洗衣洗鞋 | ￥84/人 | ★ | 上门取送 | 长宁区洗涤回头客榜实体店第1名 | 10:00营业 | 清洁力度强，细节处理到位 | 3 | ￥77￥88 | 惠 | 【到店洗衣】 | 任洗1件羽绒服/... | ￥45￥50代金券 | 惠,ocr/input_videos\上海__上海荟聚中心__20260826.mp4
OBS-001545,上海荟聚中心,壹见视光·蔡司专业验配,壹见视光·蔡司专业验配,眼镜店,4.8,657,L2,rated,True,,rated,parsed,rating_anchor,0.9947,0.9922,55,14640,248.368,L2 | 🌟🌟🎉🎉🌟 | ￥657/人 | 眼镜店 | 4.8,壹见视光·蔡司专业验配 | ▲ | 整见现光 | L2 | 🌟🌟🎉🎉🌟 | ￥657/人 | 眼镜店 | 4.8 | 点评榜单 | 长宁区眼镜店热门榜第3名 | 10:00营业 | 镜框品牌多样” | “验光专业。,ocr/input_videos\上海__上海荟聚中心__20260826.mp4
OBS-001546,上海荟聚中心,老庙黄金,老庙黄金,黄金首饰,4.3,1395,L2,rated,True,,rated,parsed,rating_anchor,0.9698,0.9644,62,14700,249.386,⭐🌟🎉⭐🌟 | 4.3黄金首饰￥1395/人 | L2,老庙黄金 | ⭐🌟🎉⭐🌟 | 4.3黄金首饰￥1395/人 | L2 | 瑜老庙 | 经您要爱好端气。 | 10:00营业 | 惠 | ￥0￥99清洗保养|专业服务,ocr/input_videos\上海__上海荟聚中心__20260826.mp4
OBS-001547,上海荟聚中心,作业帮学习机,作业帮学习机,课后辅导,4.3,72,L3,rated,True,,rated,parsed,rating_anchor,0.9811,0.9998,57,14700,249.386,⭐🌟🌟 | L3 | 4.3 | 课后辅导￥72/人 | ★,作业帮学习机 | ⭐🌟🌟 | L3 | 100 | 4.3 | 课后辅导￥72/人 | ★ | “位置好找，顾问专业耐” | 10:00营业 | ￥58939.9折 | 惠 | ￥64992026年新品旗舰...,ocr/input_videos\上海__上海荟聚中心__20260826.mp4
OBS-001548,上海荟聚中心,福奈特洗衣洗鞋,福奈特洗衣洗鞋,洗衣洗鞋,4.3,84,LG2,rated,True,,rated,parsed,rating_anchor,0.9834,0.9997,57,14700,249.386,⭐🌟⭐⭐ | LG2 | 洗衣洗鞋￥84/人 | 4.3,福奈特洗衣洗鞋 | FORNET | ⭐🌟⭐⭐ | LG2 | 洗衣洗鞋￥84/人 | 4.3 | 上门取送 | 长宁区洗涤回头客榜实体店第1名 | 10:00营业 | 清洁力度强，细节处理到位 | 55 | ￥77￥88 | 惠 | 【到店洗衣】 | 任洗1件羽绒服/... | ￥45￥50代金券 | 惠,ocr/input_videos\上海__上海荟聚中心__20260826.mp4
OBS-001549,上海荟聚中心,壹见视光·蔡司专业验配,壹见视光·蔡司专业验配,眼镜店,4.8,657,L2,rated,True,,rated,parsed,rating_anchor,0.9786,0.9945,58,14700,249.386,L2 | 🌟🌟🎉🎉⭐4.8 | 眼镜店￥657/人,壹见视光·蔡司专业验配 | 个 | L2 | 🌟🌟🎉🎉⭐4.8 | 眼镜店￥657/人 | 点评榜单 | 长宁区眼镜店热门榜第3名 | 10:00营业 | 验光专业，镜框品牌多样 | ￥0.85 | 8.5折 | 惠 | 眼镜维修|保养清洗... | ￥99 | ￥40￥100代金券 | 惠,ocr/input_videos\上海__上海荟聚中心__20260826.mp4
OBS-001550,上海荟聚中心,作业帮学习机,作业帮学习机,课后辅导,4.3,72,L3,rated,True,,rated,parsed,rating_anchor,0.9855,0.9998,51,14724,249.793,L3 | ★🌟🌟⭐ | 4.3课后辅导￥72/人 | ★,作业帮学习机 | L3 | ★🌟🌟⭐ | 4.3课后辅导￥72/人 | 100 | ★ | 位置好找，顾问专业耐心 | 10:00营业 | ￥58939.9折 | 惠 | ￥64992026年新品旗舰...,ocr/input_videos\上海__上海荟聚中心__20260826.mp4
OBS-001551,上海荟聚中心,福奈特洗衣洗鞋,福奈特洗衣洗鞋,洗衣洗鞋,4.3,84,LG2,rated,True,,rated,parsed,rating_anchor,0.9762,0.9998,51,14724,249.793,LG2 | ★★★★ | 4.3 | 洗衣洗鞋￥84/人,福奈特洗衣洗鞋 | FORNET | LG2 | ★★★★ | 4.3 | 洗衣洗鞋￥84/人 | 上门取送 | 长宁区洗涤回头客榜实体店第1名 | 10:00营业 | 清洁力度强，细节处理到位 | 93 | ￥77￥88 | 惠 | 任洗1件羽绒服/.... | 【到店洗衣】 | ￥45￥50代金券 | 惠,ocr/input_videos\上海__上海荟聚中心__20260826.mp4
OBS-001552,上海荟聚中心,壹见视光·蔡司专业验配,壹见视光·蔡司专业验配,眼镜店,4.8,657,L2,rated,True,,rated,parsed,rating_anchor,0.9744,0.9942,51,14724,249.793,L2 | 🌟🌟🌟🎉🌟4.8 | 眼镜店￥657/人,壹见视光·蔡司专业验配 | A | 蒸见现光 | L2 | 🌟🌟🌟🎉🌟4.8 | 眼镜店￥657/人 | 点评榜单 | 长宁区眼镜店热门榜第3名 | 10:00营业 | 验光专业，镜框品牌多样 | 1 | 8.5折 | ￥0.85 | 惠 | ￥99 | 眼镜维修|保养清洗... | ￥40￥100代金券 | 惠,ocr/input_videos\上海__上海荟聚中心__20260826.mp4
OBS-001553,上海荟聚中心,乒乓视界·排球·中考培训,乒乓视界·排球·中考培训,乒乓球培训,,,L3,new_store,False,new_store,ocr_missing,parsed,metadata_anchor,0.9387,0.961,50,14724,249.793,新店 | 乒乓球培训 | L3,乒乓视界·排球·中考培训 | Pingpong world | 乒乓视界 | 新店 | 乒乓球培训 | L3 | ON | 点评榜单 | 北新泾/淞虹路运动培训热门榜第7名 | 专业乒乓球训练 | 10:00营业 | ￥1.92折 | 惠 | ￥1801对1乒乓球30分钟：【,ocr/input_videos\上海__上海荟聚中心__20260826.mp4
OBS-001554,上海荟聚中心,作业帮学习机,作业帮学习机,课后辅导,4.3,72,L3,rated,True,,rated,parsed,rating_anchor,0.9821,0.9999,51,14748,250.2,L3 | 4.3课后辅导￥72/人,作业帮学习机 | L3 | 4.3课后辅导￥72/人 | 100 | 位置好找，顾问专业耐心 | 10:00营业 | ￥58939.9折 | ￥64992026年新品旗舰... | 惠,ocr/input_videos\上海__上海荟聚中心__20260826.mp4
OBS-001555,上海荟聚中心,福奈特洗衣洗鞋,福奈特洗衣洗鞋,洗衣洗鞋,4.3,84,LG2,rated,True,,rated,parsed,rating_anchor,0.9853,0.9999,51,14748,250.2,LG2 | ★★★★ | 4.3洗衣洗鞋￥84/人,福奈特洗衣洗鞋 | FORNET | LG2 | ★★★★ | 4.3洗衣洗鞋￥84/人 | 上门取送 | 长宁区洗涤回头客榜实体店第1名 | 10:00营业 | 清洁力度强，细节处理到位 | ￥77￥88 | 惠 | 【到店洗衣】任洗1件羽绒服/.... | ￥45￥50代金券 | 惠,ocr/input_videos\上海__上海荟聚中心__20260826.mp4
OBS-001556,上海荟聚中心,壹见视光·蔡司专业验配,壹见视光·蔡司专业验配,眼镜店,4.8,657,L2,rated,True,,rated,parsed,rating_anchor,0.9739,0.9892,50,14748,250.2,🌟🌟🎉🎉🌟4.8 | L2 | 眼镜店￥657/人,壹见视光·蔡司专业验配 | Δ | 盗见现光 | 🌟🌟🎉🎉🌟4.8 | L2 | 眼镜店￥657/人 | 点评榜单 | 长宁区眼镜店热门榜第3名 | 10:00营业 | 验光专业，镜框品牌多样 | ￥0.85 | 8.5折 | ￥99 | 眼镜维修|保养清洗... | 惠 | ￥40￥100代金券 | 惠,ocr/input_videos\上海__上海荟聚中心__20260826.mp4
OBS-001557,上海荟聚中心,乒乓视界·排球·中考培训,乒乓视界·排球·中考培训,兵乓球培训,,,L3,new_store,False,new_store,ocr_missing,parsed,metadata_anchor,0.9285,0.9769,53,14748,250.2,新店 | 兵乓球培训 | L3,乒乓视界·排球·中考培训 | PingPong World | 乒乓视界 | 新店 | 兵乓球培训 | L3 | QONI | 点评榜单 | 北新泾/淞虹路运动培训热门榜第7名 | 专业乒乓球训练 | 10:00营业 | ￥1.92折 | ￥1801对1乒乓球30分钟·【.. | 惠,ocr/input_videos\上海__上海荟聚中心__20260826.mp4
OBS-001558,上海荟聚中心,福奈特洗衣洗鞋,福奈特洗衣洗鞋,洗衣洗鞋,4.3,84,LG2,rated,True,,rated,parsed,rating_anchor,0.9792,0.9998,51,14868,252.236,LG2 | 🌟🌟🌟🌟 | 洗衣洗鞋￥84/人 | 4.3,福奈特洗衣洗鞋 | FORNET | LG2 | 🌟🌟🌟🌟 | 洗衣洗鞋￥84/人 | 4.3 | 上门取送 | 长宁区洗涤回头客榜实体店第1名 | 10:00营业 | 清洁力度强，细节处理到位 | 59 | ￥77￥88 | 惠 | 任洗1件羽绒服/... | 【到店洗衣】1 | ￥45￥50代金券 | 惠,ocr/input_videos\上海__上海荟聚中心__20260826.mp4
OBS-001559,上海荟聚中心,壹见视光·蔡司专业验配,壹见视光·蔡司专业验配,眼镜店,4.8,657,L2,rated,True,,rated,parsed,rating_anchor,0.9783,0.9894,53,14868,252.236,★★★★★4.8 | L2 | 眼镜店￥657/人,壹见视光·蔡司专业验配 | 个 | 盗见现光 | ★★★★★4.8 | L2 | 眼镜店￥657/人 | 点评榜单 | 长宁区眼镜店热门榜第3名 | 10:00营业 | “验光专业，镜框品牌多样 | 2 | ￥0.85 | 8.5折 | ￥99 | 惠 | 眼镜维修|保养清洗... | ￥40￥100代金券 | 惠,ocr/input_videos\上海__上海荟聚中心__20260826.mp4
OBS-001560,上海荟聚中心,乒乓视界·排球·中考培训,乒乓视界·排球·中考培训,乒乓球培训,,,L3,new_store,False,new_store,ocr_missing,parsed,metadata_anchor,0.9526,0.981,54,14868,252.236,新店 | L3 | 乒乓球培训,乒乓视界·排球·中考培训 | PingPong World | 乒乓视界 | 新店 | L3 | 乒乓球培训 | DONI | 点评榜单 | 北新泾/淞虹路运动培训热门榜第7名 | 专业乒乓球训练 | 10:00营业 | ￥1.92折 | ￥1801对1乒乓球30分钟·【.. | 惠,ocr/input_videos\上海__上海荟聚中心__20260826.mp4
OBS-001561,上海荟聚中心,丝域养发馆,丝域养发馆,养发,3.4,175,LG1,rated,True,,rated,parsed,rating_anchor,0.9767,0.9994,56,14868,252.236,3.4养发￥175/人 | LG1,丝域养发馆 | AAIROGY | 3.4养发￥175/人 | LG1 | “环境舒适，玫瑰养发超香” | 2 | 10:00营业 | ￥468 | 5.2折 | ￥138 | 【新客体验】玫瑰.. | 惠,ocr/input_videos\上海__上海荟聚中心__20260826.mp4
OBS-001562,上海荟聚中心,学而思学习机,学而思学习机,课后辅导,4.5,5828,L3,rated,True,,rated,parsed,rating_anchor,0.9837,0.9997,51,14868,252.236,4.5课后辅导￥5828/人 | L3,学而思学习机 | 开学季福利 | 4.5课后辅导￥5828/人 | L3,ocr/input_videos\上海__上海荟聚中心__20260826.mp4
OBS-001563,上海荟聚中心,乒乓视界·排球·中考培训,乒乓视界·排球·中考培训,乒乓球培训,,,L3,new_store,False,new_store,ocr_missing,parsed,metadata_anchor,0.8949,0.9719,53,14964,253.864,新店 | L3 | 乒乓球培训,乒乓视界·排球·中考培训 | PIngpong world | 乒乓视界 | 新店 | L3 | 乒乓球培训 | 点评榜单 | 北新泾/淞虹路运动培训热门榜第7名 | 专业乒乓球训练 | 10:00营业 | ￥1.92折 | ￥1801对1乒乓球30分钟·【. | 惠,ocr/input_videos\上海__上海荟聚中心__20260826.mp4
OBS-001564,上海荟聚中心,丝域养发馆,丝域养发馆,养发,3.4,175,LG1,rated,True,,rated,parsed,rating_anchor,0.9828,0.9994,54,14964,253.864,🌟🌟🌟 | LG1 | 3.4养发￥175/人 | ★★,丝域养发馆 | AAIRLOGY | 🌟🌟🌟 | LG1 | 3.4养发￥175/人 | ★★ | 环境舒适，玫瑰养发超香 | 10:00营业 | ￥468 | ￥138 | 5.2折 | 惠 | 【新客体验】玫瑰.,ocr/input_videos\上海__上海荟聚中心__20260826.mp4
OBS-001565,上海荟聚中心,学而思学习机,学而思学习机,课后辅导,4.5,5828,L3,rated,True,,rated,parsed,rating_anchor,0.9828,0.9996,51,14964,253.864,L3 | 🌟🌟⭐🌟🌟 | 课后辅导￥5828/人 | 4.5,学而思学习机 | 开学季福利 | L3 | 🌟🌟⭐🌟🌟 | 课后辅导￥5828/人 | 4.5 | 点评镑单 | 北新泾/淞虹路课后辅导好评榜第3名 | 10:00营业 | 刷题专业，系统分类清晰,ocr/input_videos\上海__上海荟聚中心__20260826.mp4
OBS-001566,上海荟聚中心,成长空间站·少儿运动馆,成长空间站·少儿运动馆,游泳培训,4.1,80,L3,rated,True,,rated,parsed,rating_anchor,0.9702,0.9814,48,14964,253.864,游泳培训￥80/人 | L3 | ★★★ | 4.1,Teemuspace | 成长空间站·少儿运动馆 | 点亮游泳 | 游泳培训￥80/人 | L3 | ★★★ | 4.1 | 【技能点】 | II | 点评榜单 | 北新泾/淞虹路运动培训热门榜第4名 | 10:00营业 | 弹珠机容易打住，价格实惠 | “ | ￥999折 | 惠 | ￥399 | 【青少儿】泳池精品体...,ocr/input_videos\上海__上海荟聚中心__20260826.mp4
OBS-001567,上海荟聚中心,乒乓视界·排球·中考培训,乒乓视界·排球·中考培训,乒乓球培训,,,L3,new_store,False,new_store,ocr_missing,parsed,metadata_anchor,0.9448,0.9523,50,14988,254.272,新店 | L3 | 乒乓球培训,乒乓视界·排球·中考培训 | Pingpong world | 乒乓视界 | 新店 | L3 | 乒乓球培训 | 点评榜单 | 北新泾/淞虹路运动培训热门榜第7名 | 专业乒乓球训练 | 10:00营业 | ￥1.92折 | ￥1801对1乒乓球30分钟·【.. | 惠,ocr/input_videos\上海__上海荟聚中心__20260826.mp4
OBS-001568,上海荟聚中心,丝域养发馆,丝域养发馆,养发,3.4,175,LG1,rated,True,,rated,parsed,rating_anchor,0.953,0.9989,52,14988,254.272,LG1 | ★3.4养发￥175/人,AAIRLOGY | 丝域养发馆 | LG1 | ★3.4养发￥175/人 | 环境舒适，玫瑰养发超香 | 5 | 2 | 10:00营业 | ￥468 | ￥138 | 5.2折 | 【新客体验】玫瑰.. | 惠,ocr/input_videos\上海__上海荟聚中心__20260826.mp4
OBS-001569,上海荟聚中心,学而思学习机,学而思学习机,课后辅导,4.5,5828,L3,rated,True,,rated,parsed,rating_anchor,0.9816,0.9997,52,14988,254.272,🌟🌟🌟🎉🌟 | L3 | 课后辅导￥5828/人 | 4.5,学而思学习机 | 开学季福利 | 🌟🌟🌟🎉🌟 | L3 | 课后辅导￥5828/人 | 4.5 | 点评榜单 | 北新泾/淞虹路课后辅导好评榜第3名 | 10:00营业 | 刷题专业，系统分类清晰 | 3,ocr/input_videos\上海__上海荟聚中心__20260826.mp4
OBS-001570,上海荟聚中心,成长空间站·少儿运动馆,成长空间站·少儿运动馆,游泳培训,4.1,80,L3,rated,True,,rated,parsed,rating_anchor,0.9771,0.9799,50,14988,254.272,4.1游泳培训￥80/人 | L3 | 🌟🌟⭐⭐,成长空间站·少儿运动馆 | Teerspace | 点亮游泳 | 4.1游泳培训￥80/人 | L3 | 🌟🌟⭐⭐ | 中[技能点】 | itr i | 点评榜单 | 北新泾/淞虹路运动培训热门榜第4名 | 10:00营业 | 弹珠机容易打住，价格实惠 | ￥999折 | ￥399 | 惠 | 【青少儿】泳池精品体...,ocr/input_videos\上海__上海荟聚中心__20260826.mp4
OBS-001571,上海荟聚中心,学而思学习机,学而思学习机,课后辅导,4.5,5828,L3,rated,True,,rated,parsed,rating_anchor,0.9846,0.9981,48,15624,265.061,⭐🌟🌟⭐🌟 | L3 | 4.5课后辅导￥5828/人,学而思学习机 | 开学季福利 | ⭐🌟🌟⭐🌟 | L3 | 4.5课后辅导￥5828/人 | 点评榜单 | 北新泾/淞虹路课后辅导好评榜第3名 | 10:00营业 | 刷题专业，系统分类清晰 | “,ocr/input_videos\上海__上海荟聚中心__20260826.mp4
OBS-001572,上海荟聚中心,成长空间站·少儿运动馆,成长空间站·少儿运动馆,游泳培训,4.1,80,L3,rated,True,,rated,parsed,rating_anchor,0.9563,0.9446,50,15624,265.061,🌟🌟🌟🌟 | L3 | 4.1游泳培训￥80/人,成长空间站·少儿运动馆 | Teerauspace | 点亮游泳 | 🌟🌟🌟🌟 | L3 | 4.1游泳培训￥80/人 | 【技能点】 | wimmin9 ssis | 点评榜单 | 北新泾/淞虹路运动培训热门榜第4名 | 10:00营业 | 弹珠机容易打住，价格实惠 | 9 | ￥999折 | ￥399 | 【青少儿】泳池精品体.. | 惠,ocr/input_videos\上海__上海荟聚中心__20260826.mp4
OBS-001573,上海荟聚中心,LOOK眼镜,LOOK眼镜,眼镜店,4.8,338,LG2,rated,True,,rated,parsed,rating_anchor,0.98,0.9977,49,15624,265.061,LG2 | ★★★★賣 | 眼镜店￥338/人 | 4.8,LOOK眼镜 | LG2 | LOOK | ★★★★賣 | 眼镜店￥338/人 | 4.8 | 点评榜单 | LOOK AT LOOK | 北新泾/淞虹路眼镜店好评榜第3名 | 白在看见 | 福 | 10:00营业 | 店员修理眼镜架很彻底，沟通无负担 | 5 | ≤ | ￥7.568.5折 | 惠 | ￥59成人验光提供验光数据,ocr/input_videos\上海__上海荟聚中心__20260826.mp4
OBS-001574,上海荟聚中心,溜溜熊弹珠堂,溜溜熊弹珠堂,弹珠店,,58,L3,unrated,False,explicitly_unrated,unrated,parsed,unrated_anchor,0.9427,0.9775,50,15624,265.061,暂无星级 | L3 | ★★★★ | 弹珠店￥58/人,溜溜熊弹珠堂 | 暂无星级 | L3 | ★★★★ | 弹珠店￥58/人 | 长宁区弹珠店销量榜第1名 | 10:00营业 | 机器多中奖，环境好玩得尽兴 | 惠 | ￥38.229.8折 | ￥99280枚弹珠溜溜熊.,ocr/input_videos\上海__上海荟聚中心__20260826.mp4
OBS-001575,上海荟聚中心,灸春堂·专业艾灸·连锁品牌,灸春堂·专业艾灸·连锁品牌,推拿养生,4.7,208,LG1,rated,True,,rated,parsed,rating_anchor,0.9695,0.9898,48,15624,265.061,LG1 | 4.7推拿养生￥208/人,灸春堂·专业艾灸·连锁品牌 | LG1 | 4.7推拿养生￥208/人 | 灸春堂,ocr/input_videos\上海__上海荟聚中心__20260826.mp4
OBS-001576,上海荟聚中心,学而思学习机,学而思学习机,课后辅导,4.5,5828,L3,rated,True,,rated,parsed,rating_anchor,0.9875,0.9994,50,15648,265.468,L3 | 🌟🌟🌟🌟🌟 | 4.5课后辅导￥5828/人,学而思学习机 | 开学季福利 | L3 | 🌟🌟🌟🌟🌟 | 4.5课后辅导￥5828/人 | 点评榜单 | 北新泾/淞虹路课后辅导好评榜第3名 | 10:00营业 | 刷题专业，系统分类清晰 | C,ocr/input_videos\上海__上海荟聚中心__20260826.mp4
OBS-001577,上海荟聚中心,成长空间站·少儿运动馆,成长空间站·少儿运动馆,游泳培训,4.1,80,L3,rated,True,,rated,parsed,rating_anchor,0.967,0.9636,47,15648,265.468,★★★ | L3 | 4.1游泳培训￥80/人 | ￥,Teenspace | 成长空间站·少儿运动馆 | 点亮游泳 | ★★★ | L3 | 4.1游泳培训￥80/人 | ￥ | 技能点】 | winminss | 点评榜单 | 北新泾/淞虹路运动培训热门榜第4名 | 10:00营业 | 弹珠机容易打住，价格实惠 | ￥999折 | ￥399 | 惠 | 【青少儿】泳池精品体...,ocr/input_videos\上海__上海荟聚中心__20260826.mp4
OBS-001578,上海荟聚中心,LOOK眼镜,LOOK眼镜,眼镜店,4.8,338,LG2,rated,True,,rated,parsed,rating_anchor,0.9775,0.9968,49,15648,265.468,LG2 | ★⭐⭐4.8 | 眼镜店￥338/人,LOOK眼镜 | LG2 | LOOK | ★⭐⭐4.8 | 眼镜店￥338/人 | 点评榜单 | 北新泾/淞虹路眼镜店好评榜第3名 | LOOK AT LOOK | 自在省见 | 0 | 10:00营业 | 店员修理眼镜架很彻底，沟通无负担 | C | ￥7.56 | ￥59成人验光|提供验光数据 | 8.5折 | 惠,ocr/input_videos\上海__上海荟聚中心__20260826.mp4
OBS-001579,上海荟聚中心,溜溜熊弹珠堂,溜溜熊弹珠堂,弹珠店,,58,L3,unrated,False,explicitly_unrated,unrated,parsed,unrated_anchor,0.9484,0.9373,51,15648,265.468,L3 | ★★ | 弹珠店￥58/人 | 暂无星级,溜溜熊弹珠堂 | L3 | ★★ | 弹珠店￥58/人 | 暂无星级 | 长宁区弹珠店销量榜第1名 | 10:00营业 | 机器多中奖高，环境好玩得尽兴 | ￥38.229.8折 | ￥99280枚弹珠溜溜熊... | 惠,ocr/input_videos\上海__上海荟聚中心__20260826.mp4
OBS-001580,上海荟聚中心,灸春堂·专业艾灸·连锁品牌,灸春堂·专业艾灸·连锁品牌,推拿养生,4.7,208,LG1,rated,True,,rated,parsed,rating_anchor,0.9557,0.9894,48,15648,265.468,LG1 | ⭐4.7推拿养生￥208/人,灸春堂·专业艾灸·连锁品牌 | LG1 | ⭐4.7推拿养生￥208/人 | 灸春堂 | 北新泾/淞虹路推拿养生销量榜第6名 | IIUCHUNTANG | 10:00营业 | 单人单间艾灸，技师手法超好 | （,ocr/input_videos\上海__上海荟聚中心__20260826.mp4
OBS-001581,上海荟聚中心,学而思学习机,学而思学习机,课后辅导,4.5,5828,L3,rated,True,,rated,parsed,rating_anchor,0.9883,0.9997,51,15672,265.876,★★★★★ | L3 | 4.5课后辅导￥5828/人,学而思学习机 | 开学季福利 | ★★★★★ | L3 | 4.5课后辅导￥5828/人 | 点评榜单 | 北新泾/淞虹路课后辅导好评榜第3名 | 10:00营业 | 刷题专业，系统分类清晰,ocr/input_videos\上海__上海荟聚中心__20260826.mp4
OBS-001582,上海荟聚中心,成长空间站·少儿运动馆,成长空间站·少儿运动馆,游泳培训,4.1,80,L3,rated,True,,rated,parsed,rating_anchor,0.9725,0.9791,51,15672,265.876,🌟🌟🎉⭐ | L3 | 游泳培训￥80/人 | 4.1,成长空间站·少儿运动馆 | Teenspace | 点亮游泳 | 🌟🌟🎉⭐ | L3 | 游泳培训￥80/人 | 4.1 | 【技能点】 | swimmnSKi | 点评榜单 | 北新泾/淞虹路运动培训热门榜第4名 | 10:00营业 | 弹珠机容易打住，价格实惠 | ￥999折 | ￥399 | 惠 | 【青少儿】泳池精品体...,ocr/input_videos\上海__上海荟聚中心__20260826.mp4
OBS-001583,上海荟聚中心,LOOK眼镜,LOOK眼镜,眼镜店,,338,LG2,unknown,True,,ocr_missing,parsed,metadata_anchor,0.9775,0.9973,49,15672,265.876,LG2 | ★★★★ | 眼镜店￥338/人 | 14.8,LOOK眼镜 | LG2 | ★★★★ | 眼镜店￥338/人 | LOOK | 14.8 | 点评榜单 | LOOK AT LOOK | 北新泾/淞虹路眼镜店好评榜第3名 | 白在看见 | 国 | 10:00营业 | 店员修理眼镜架很彻底，沟通无负担 | A | 8.5折 | ￥7.56 | ￥59成人验光|提供验光数据 | 惠,ocr/input_videos\上海__上海荟聚中心__20260826.mp4
OBS-001584,上海荟聚中心,溜溜熊弹珠堂,溜溜熊弹珠堂,弹珠店,,58,L3,unrated,False,explicitly_unrated,unrated,parsed,unrated_anchor,0.966,0.9813,51,15672,265.876,L3 | ★★★★★ | 暂无星级 | 弹珠店￥58/人,溜溜熊弹珠堂 | L3 | ★★★★★ | 暂无星级 | 弹珠店￥58/人 | 长宁区弹珠店销量榜第1名 | 10:00营业 | 机器多中奖高，环境好玩得尽兴 | 5 | ￥38.229.8折 | ￥99280枚弹珠溜溜熊... | 惠,ocr/input_videos\上海__上海荟聚中心__20260826.mp4
OBS-001585,上海荟聚中心,灸春堂·专业艾灸·连锁品牌,灸春堂·专业艾灸·连锁品牌,推拿养生,4.7,208,LG1,rated,True,,rated,parsed,rating_anchor,0.9521,0.989,54,15672,265.876,LG1 | ★4.7推拿养生￥208/人,灸春堂·专业艾灸·连锁品牌 | LG1 | ★4.7推拿养生￥208/人 | 灸春堂 | 北新泾/淞虹路推拿养生销量榜第6名 | IIUCHUNTANG | 10:00营业 | 单人单间艾灸，技师手法超好 | “,ocr/input_videos\上海__上海荟聚中心__20260826.mp4
OBS-001586,上海荟聚中心,成长空间站·少儿运动馆,成长空间站·少儿运动馆,游泳培训,4.1,80,L3,rated,True,,rated,parsed,rating_anchor,0.9703,0.9839,53,15744,267.097,4.1游泳培训￥80/人 | L3,成长空间站·少儿运动馆 | Teemuspace | 点亮游泳 | 4.1游泳培训￥80/人 | L3 | 技能点】 | 点评榜单 | 北新泾/淞虹路运动培训热门榜第4名 | 10:00营业 | 弹珠机容易打住，价格实惠 | “ | ￥999折 | ￥399 | 惠 | 【青少儿】泳池精品体..,ocr/input_videos\上海__上海荟聚中心__20260826.mp4
OBS-001587,上海荟聚中心,LOOK眼镜,LOOK眼镜,眼镜店,4.8,338,LG2,rated,True,,rated,parsed,rating_anchor,0.9817,0.9977,52,15744,267.097,LG2 | 4.8眼镜店￥338/人,LOOK眼镜 | LG2 | 4.8眼镜店￥338/人 | LOOK | 点评榜单 | LOOK AT LOOK | 北新泾/淞虹路眼镜店好评榜第3名 | 白在着见 | 0 | 10:00营业 | 店员修理眼镜架很彻底，沟通无负担 | （C | 号 | ￥7.568.5折 | ￥59成人验光提供验光数据 | 惠 | /,ocr/input_videos\上海__上海荟聚中心__20260826.mp4
OBS-001588,上海荟聚中心,溜溜熊弹珠堂,溜溜熊弹珠堂,弹珠店,,58,L3,unrated,False,explicitly_unrated,unrated,parsed,unrated_anchor,0.9426,0.9431,51,15744,267.097,★★★★★ | L3 | 暂无星级 | 弹珠店￥58/人,溜溜熊弹珠堂 | ★★★★★ | L3 | 暂无星级 | 弹珠店￥58/人 | 长宁区弹珠店销量榜第1名 | 10:00营业 | “机器多中奖，环境好玩得尽兴 | 3 | ￥38.229.8折 | 惠 | ￥99280枚弹珠溜溜熊...,ocr/input_videos\上海__上海荟聚中心__20260826.mp4
OBS-001589,上海荟聚中心,灸春堂·专业艾灸·连锁品牌,灸春堂·专业艾灸·连锁品牌,推拿养生,4.7,208,LG1,rated,True,,rated,parsed,rating_anchor,0.9637,0.9872,53,15744,267.097,4.7推拿养生￥208/人 | LG1,灸春堂·专业艾灸·连锁品牌 | 4.7推拿养生￥208/人 | LG1 | 灸春堂 | 北新泾/淞虹路推拿养生销量榜第6名 | IIUCHUNTANG | 10:00营业 | 单人单间艾灸，技师手法超好 | “ | ￥398 | ￥1686.6折 | 惠 | 【新客专享】肩颈..,ocr/input_videos\上海__上海荟聚中心__20260826.mp4
OBS-001590,上海荟聚中心,LOOK眼镜,LOOK眼镜,眼镜店,4.8,338,LG2,rated,True,,rated,parsed,rating_anchor,0.9766,0.9939,53,15768,267.504,LG2 | 4.8眼镜店￥338/人,LOOK眼镜 | LG2 | 4.8眼镜店￥338/人 | LOOK | 点评榜单 | 北新泾/淞虹路眼镜店好评榜第3名 | LOOK AT LOOK | 白在者见 | 日 | 10:00营业 | 店员修理眼镜架很彻底，沟通无负担 | ￥7.568.5折 | 惠 | ￥59成人验光|提供验光数据,ocr/input_videos\上海__上海荟聚中心__20260826.mp4
OBS-001591,上海荟聚中心,溜溜熊弹珠堂,溜溜熊弹珠堂,弹珠店,,58,L3,unrated,False,explicitly_unrated,unrated,parsed,unrated_anchor,0.9503,0.9431,52,15768,267.504,弹珠店￥58/人 | L3 | ★★★ | 暂无星级,溜溜熊弹珠堂 | 弹珠店￥58/人 | L3 | ★★★ | 暂无星级 | 长宁区弹珠店销量榜第1名 | 10:00营业 | “机器多中奖高，环境好玩得尽兴 | 3 | ￥38.229.8折 | ￥99280枚弹珠|溜溜熊... | 惠,ocr/input_videos\上海__上海荟聚中心__20260826.mp4
OBS-001592,上海荟聚中心,灸春堂·专业艾灸·连锁品牌,灸春堂·专业艾灸·连锁品牌,推拿养生,4.7,208,LG1,rated,True,,rated,parsed,rating_anchor,0.9727,0.9908,51,15768,267.504,4.7推拿养生￥208/人 | LG1,灸春堂·专业艾灸·连锁品牌 | 4.7推拿养生￥208/人 | LG1 | 灸春堂 | 北新泾/淞虹路推拿养生销量榜第6名 | IIUCHUNTANG | 10:00营业 | 单人单间艾灸，技师手法超好 | “ | ￥1686.6折 | ￥398 | 惠 | 【新客专享】肩颈..,ocr/input_videos\上海__上海荟聚中心__20260826.mp4
OBS-001593,上海荟聚中心,LANNI蘭泰式古法按摩,LANNI兰泰式古法按摩,窗4.9,4.9,372,LG1,rated,True,,rated,parsed,rating_anchor,0.8345,0.9944,50,15768,267.504,LG1 | ★★★窗4.9 | 精油SPA￥372/人,LANNI蘭泰式古法按摩 | Lann | LG1 | ★★★窗4.9 | 精油SPA￥372/人 | 品牌人气榜》 | -2025年度- | 北新泾/淞虹路精油SPA销量榜第1名 | 全国80+门店 | 环境香氛独特，按摩手法专业舒适” | ￥498 | ￥4108.5折 | 惠 | 【全身精油】泰式S..,ocr/input_videos\上海__上海荟聚中心__20260826.mp4
OBS-001594,上海荟聚中心,LOOK眼镜,LOOK眼镜,眼镜店,4.8,338,LG2,rated,True,,rated,parsed,rating_anchor,0.9832,0.9976,52,15816,268.319,LG2 | 4.8眼镜店￥338/人,LOOK眼镜 | LG2 | 4.8眼镜店￥338/人 | LOOK | 点评榜单 | 北新泾/淞虹路眼镜店好评榜第3名 | LOOK AT LOOK | 白在者见 | 福 | 10:00营业 | 店员修理眼镜架很彻底，沟通无负担 | （ | 惠 | ￥7.56 | 8.5折 | ￥59成人验光|提供验光数据,ocr/input_videos\上海__上海荟聚中心__20260826.mp4
OBS-001595,上海荟聚中心,溜溜熊弹珠堂,溜溜熊弹珠堂,弹珠店,,58,L3,unrated,False,explicitly_unrated,unrated,parsed,unrated_anchor,0.954,0.9412,52,15816,268.319,L3 | ★★★★ | 暂无星级 | 弹珠店￥58/人,溜溜熊弹珠堂 | L3 | ★★★★ | 暂无星级 | 弹珠店￥58/人 | 长宁区弹珠店销量榜第1名 | 10:00营业 | “机器多中奖，环境好玩得尽兴 | 3 | ￥38.229.8折 | ￥99280枚弹珠|溜溜熊... | 惠,ocr/input_videos\上海__上海荟聚中心__20260826.mp4
OBS-001596,上海荟聚中心,灸春堂·专业艾灸·连锁品牌,灸春堂·专业艾灸·连锁品牌,推拿养生,4.7,208,LG1,rated,True,,rated,parsed,rating_anchor,0.9727,0.9906,51,15816,268.319,4.7推拿养生￥208/人 | LG1,灸春堂·专业艾灸·连锁品牌 | 4.7推拿养生￥208/人 | LG1 | 灸春堂 | 北新泾/淞虹路推拿养生销量榜第6名 | IIUCHUNTANG | 10:00营业 | 单人单间艾灸，技师手法超好 | “ | ￥1686.6折 | ￥398 | 惠 | 【新客专享】肩颈...,ocr/input_videos\上海__上海荟聚中心__20260826.mp4
OBS-001597,上海荟聚中心,LANNI蘭泰式古法按摩,LANNI兰泰式古法按摩,精油SPA,4.9,372,LG1,rated,True,,rated,parsed,rating_anchor,0.9738,0.988,54,15816,268.319,LG1 | ★🌟4.9 | 精油SPA￥372/人,LANNI蘭泰式古法按摩 | Lann | LG1 | ★🌟4.9 | 精油SPA￥372/人 | 品牌人气榜》 | -2025年度一 | 北新泾/淞虹路精油SPA销量榜第1名 | 全国80+门店 | 环境香氛独特，按摩手法专业舒适” | ￥4108.5折 | ￥498 | 【全身精油】泰式S.. | 惠,ocr/input_videos\上海__上海荟聚中心__20260826.mp4
OBS-001598,上海荟聚中心,LOOK眼镜,LOOK眼镜,眼镜店,4.8,338,LG2,rated,True,,rated,parsed,rating_anchor,0.979,0.9902,55,15840,268.726,LG2 | 4.8眼镜店￥338/人,LOOK眼镜 | LG2 | 4.8眼镜店￥338/人 | LOOK | 点评榜单 | 北新泾/淞虹路眼镜店好评榜第3名 | LOOK AT LOOK | 白在者见 | 国 | 10:00营业 | 店员修理眼镜架很彻底，沟通无负担 | （ | 惠 | ￥7.56 | 8.5折 | ￥59成人验光|提供验光数据,ocr/input_videos\上海__上海荟聚中心__20260826.mp4
OBS-001599,上海荟聚中心,溜溜熊弹珠堂,溜溜熊弹珠堂,弹珠店,,58,L3,unrated,False,explicitly_unrated,unrated,parsed,unrated_anchor,0.9547,0.9412,52,15840,268.726,L3 | ★ | 暂无星级 | 弹珠店￥58/人,溜溜熊弹珠堂 | L3 | ★ | 暂无星级 | 弹珠店￥58/人 | 长宁区弹珠店销量榜第1名 | 10:00营业 | “机器多中奖，环境好玩得尽兴 | ￥38.229.8折 | ￥99280枚弹珠|溜溜熊... | 惠,ocr/input_videos\上海__上海荟聚中心__20260826.mp4
OBS-001600,上海荟聚中心,灸春堂·专业艾灸·连锁品牌,灸春堂·专业艾灸·连锁品牌,推拿养生,4.7,208,LG1,rated,True,,rated,parsed,rating_anchor,0.9735,0.9921,56,15840,268.726,4.7推拿养生￥208/人 | LG1,灸春堂·专业艾灸·连锁品牌 | 4.7推拿养生￥208/人 | LG1 | 灸春堂 | 北新泾/淞虹路推拿养生销量榜第6名 | IIUCHUNTANG | 10:00营业 | 单人单间艾灸，技师手法超好 | “ | ￥1686.6折 | ￥398 | 惠 | 【新客专享】肩颈..,ocr/input_videos\上海__上海荟聚中心__20260826.mp4
OBS-001601,上海荟聚中心,LANNI蘭泰式古法按摩,LANNI兰泰式古法按摩,精油SPA,4.9,372,LG1,rated,True,,rated,parsed,rating_anchor,0.9768,0.9956,47,15840,268.726,LG1 | ★🌟4.9 | 精油SPA￥372/人,LANNI蘭泰式古法按摩 | Lann | LG1 | ★🌟4.9 | 精油SPA￥372/人 | 品牌人气榜 | -2025年度一 | 北新泾/淞虹路精油SPA销量榜第1名 | 全国80+门店 | 环境香氛独特，按摩手法专业舒适” | ￥498 | ￥4108.5折 | 【全身精油】泰式S.. | 惠,ocr/input_videos\上海__上海荟聚中心__20260826.mp4
OBS-001602,上海荟聚中心,灸春堂·专业艾灸·连锁品牌,灸春堂·专业艾灸·连锁品牌,推拿养生,4.7,208,LG1,rated,True,,rated,parsed,rating_anchor,0.9564,0.9915,55,15888,269.54,LG1 | ★4.7推拿养生￥208/人,灸春堂·专业艾灸·连锁品牌 | LG1 | ★4.7推拿养生￥208/人 | 灸春堂 | IIUCHUNTANG | 北新泾/淞虹路推拿养生销量榜第6名 | 10:00营业 | 单人单间艾灸，技师手法超好” | ￥1686.6折 | ￥398 | 惠 | 【新客专享】肩颈..,ocr/input_videos\上海__上海荟聚中心__20260826.mp4
OBS-001603,上海荟聚中心,LANNI蘭泰式古法按摩,LANNI兰泰式古法按摩,精油SPA,4.9,372,LG1,rated,True,,rated,parsed,rating_anchor,0.9801,0.9974,48,15888,269.54,LG1 | 🌟🌟⭐🌟4.9 | 精油SPA￥372/人,LANNI蘭泰式古法按摩 | Lann | LG1 | 🌟🌟⭐🌟4.9 | 精油SPA￥372/人 | 品牌人气榜 | -2025年度一 | 北新泾/淞虹路精油SPA销量榜第1名 | 全国80+门店 | 环境香氛独特，按摩手法专业舒适” | ￥4108.5折 | ￥498 | 惠 | 【全身精油】泰式S..,ocr/input_videos\上海__上海荟聚中心__20260826.mp4
OBS-001604,上海荟聚中心,费尔岛手编·系统教学·毛线工具...,费尔岛手编·系统教学·毛线工具,DIY手工坊,4.6,160,L2,rated,True,,rated,parsed,rating_anchor,0.9375,0.9398,53,15888,269.54,L2 | 4.6DIY手工坊￥160/人,费尔岛手编·系统教学·毛线工具... | L2 | 4.6DIY手工坊￥160/人 | 点评榜单 | 北新泾/淞虹路DIY手工坊好评榜第3名 | 于 | 编10:00营业 | 老师手把手教，编织体验治愈 | ≤ | ￥1698.5折 | ￥299 | 【人气】钩针笑脸.. | 惠,ocr/input_videos\上海__上海荟聚中心__20260826.mp4
OBS-001605,上海荟聚中心,SALOMON萨洛蒙,SALOMON萨洛蒙,运动户外,4.1,1608,L1,rated,True,,rated,parsed,rating_anchor,0.9861,0.9983,47,15888,269.54,L1 | 4.1运动户外￥1608/人,SALOMON萨洛蒙 | L1 | 4.1运动户外￥1608/人 | SALOMON | 鞋垫超软不磨脚，购物体验必须点赞！ | 3 | 10:00营业,ocr/input_videos\上海__上海荟聚中心__20260826.mp4
OBS-001606,上海荟聚中心,威尔胜Wilson,威尔胜Wilson,运动.,4.5,1901,商场内,rated,True,,rated,parsed,rating_anchor,0.8714,0.9962,51,15888,269.54,⭐⭐⭐⭐4.5运动. | ￥1901/人商场内,威尔胜Wilson | ⭐⭐⭐⭐4.5运动. | ￥1901/人商场内 | wilsom. | 点评榜单 | 北新泾/淞虹路运动户外好评榜第8名 | 10:00营业 | 店里整洁香香的，服务热情周到 | 二,ocr/input_videos\上海__上海荟聚中心__20260826.mp4
OBS-001607,上海荟聚中心,SALOMON萨洛蒙,SALOMON萨洛蒙,运动户外,4.1,1608,L1,rated,True,,rated,parsed,rating_anchor,0.983,0.998,48,15984,271.169,🌟🌟🌟🌟⭐ | L1 | 4.1运动户外￥1608/人,SALOMON萨洛蒙 | 🌟🌟🌟🌟⭐ | L1 | 4.1运动户外￥1608/人 | SALOMON | 鞋垫超软不磨脚，购物体验必须点赞！ | “ | 3 | 10:00营业,ocr/input_videos\上海__上海荟聚中心__20260826.mp4
OBS-001608,上海荟聚中心,威尔胜Wilson,威尔胜Wilson,运动..,4.5,1901,商场内,rated,True,,rated,parsed,rating_anchor,0.9241,0.9959,51,15984,271.169,运动.. | ￥1901/人商场内 | 🌟🌟🎉🌟🌟 | 4.5,威尔胜Wilson | 运动.. | ￥1901/人商场内 | 🌟🌟🎉🌟🌟 | 4.5 | wilson. | 点评榜单 | 北新泾/淞虹路运动户外好评榜第8名 | 10:00营业 | 店里整洁香香的，服务热情周到 | “,ocr/input_videos\上海__上海荟聚中心__20260826.mp4
OBS-001609,上海荟聚中心,Q21,Q21,童服饰,3.8,107,L3,rated,True,,rated,parsed,rating_anchor,0.9828,0.9994,63,15984,271.169,L3 | 🌟🌟⭐🌟🌟 | 3.8童服饰￥107/人,Q21 | L3 | 🌟🌟⭐🌟🌟 | 3.8童服饰￥107/人 | 天丝面料亲肤舒适，颜色搭配亮眼” | 10:00营业,ocr/input_videos\上海__上海荟聚中心__20260826.mp4
OBS-001610,上海荟聚中心,天真蓝照相馆,天真蓝照相馆,快照摄影,3.9,220,商场内,rated,True,,rated,parsed,rating_anchor,0.9798,0.9967,51,15984,271.169,商场内 | ⭐🌟🌟3.9 | 快照摄影￥220/人,天真蓝照相馆 | 天真盛navo bhe | 商场内 | ⭐🌟🌟3.9 | 快照摄影￥220/人 | “位置好找，化妆拍照舒适 | 10:00营业 | ￥179.99￥270身份证证件照·公安联... | 惠,ocr/input_videos\上海__上海荟聚中心__20260826.mp4
OBS-001611,上海荟聚中心,ILOVETOY,ILOVETOY,玩具,4.8,149,LG2,rated,True,,rated,parsed,rating_anchor,0.9713,0.9989,45,15984,271.169,4.8玩具￥149/人 | LG2,ILOVETOY | 4.8玩具￥149/人 | LG2 | 点评榜单 | 长宁区亲子购物热门榜第2名 | 10:00营业 | 车模品种丰富，多美卡和风火轮为主流,ocr/input_videos\上海__上海荟聚中心__20260826.mp4
OBS-001612,上海荟聚中心,SALOMON萨洛蒙,SALOMON萨洛蒙,运动户外,4.1,1608,L1,rated,True,,rated,parsed,rating_anchor,0.978,0.9977,51,16020,271.779,运动户外￥1608/人 | ⭐⭐4.1 | L1,SALOMON萨洛蒙 | 运动户外￥1608/人 | ⭐⭐4.1 | L1 | SALOMON | 鞋垫超软不磨脚，购物体验必须点赞！ | 分 | 10:00营业,ocr/input_videos\上海__上海荟聚中心__20260826.mp4
OBS-001613,上海荟聚中心,威尔胜Wilson,威尔胜Wilson,运动.,4.5,1901,商场内,rated,True,,rated,parsed,rating_anchor,0.9414,0.997,54,16020,271.779,⭐4.5运动. | ￥1901/人商场内,威尔胜Wilson | ⭐4.5运动. | ￥1901/人商场内 | wilsom | 点评榜单 | 北新泾/淞虹路运动户外好评榜第8名 | 10:00营业 | 店里整洁香香的，服务热情周到”,ocr/input_videos\上海__上海荟聚中心__20260826.mp4
OBS-001614,上海荟聚中心,Q21,Q21,儿童服饰,3.8,107,L3,rated,True,,rated,parsed,rating_anchor,0.9813,0.9991,66,16020,271.779,3.8儿童服饰￥107/人 | L3,Q21 | 3.8儿童服饰￥107/人 | L3 | 天丝面料亲肤舒适，颜色搭配亮眼 | “ | 10:00营业,ocr/input_videos\上海__上海荟聚中心__20260826.mp4
OBS-001615,上海荟聚中心,天真蓝照相馆,天真蓝照相馆,快照摄影,3.9,220,商场内,rated,True,,rated,parsed,rating_anchor,0.9803,0.9953,55,16020,271.779,⭐3.9 | 商场内 | 快照摄影￥220/人,天真蓝照相馆 | 买真veb点 | ⭐3.9 | 商场内 | 快照摄影￥220/人 | 位置好找，化妆拍照舒适 | 10:00营业 | ￥179.99￥270身份证证件照·公安联... | 惠,ocr/input_videos\上海__上海荟聚中心__20260826.mp4
OBS-001616,上海荟聚中心,ILOVETOY,ILOVETOY,玩具,4.8,149,LG2,rated,True,,rated,parsed,rating_anchor,0.9814,0.9994,48,16020,271.779,LG2 | 🌟🌟🎉🎉🌟 | 4.8玩具￥149/人,ILOVETOY | ILOVE | LG2 | 🌟🌟🎉🎉🌟 | 4.8玩具￥149/人 | 点评榜单 | 长宁区亲子购物热门榜第2名 | 10:00营业 | 车模品种丰富，多美卡和风火轮为主流 | 力 | “ | 潮宏基,ocr/input_videos\上海__上海荟聚中心__20260826.mp4
OBS-001617,上海荟聚中心,SALOMON萨洛蒙,SALOMON萨洛蒙,运动户外,4.1,1608,L1,rated,True,,rated,parsed,rating_anchor,0.9785,0.9984,51,16068,272.594,🌟🌟⭐⭐4.1 | L1 | 运动户外￥1608/人,SALOMON萨洛蒙 | 🌟🌟⭐⭐4.1 | L1 | 运动户外￥1608/人 | SALOMON | 鞋垫超软不磨脚，购物体验必须点赞！ | 10:00营业,ocr/input_videos\上海__上海荟聚中心__20260826.mp4
OBS-001618,上海荟聚中心,威尔胜Wilson,威尔胜Wilson,运动.,4.5,1901,商场内,rated,True,,rated,parsed,rating_anchor,0.8717,0.9962,54,16068,272.594,⭐⭐4.5 运动. | ￥1901/人商场内,威尔胜Wilson | ⭐⭐4.5 运动. | ￥1901/人商场内 | wilson. | 点评榜单 | 北新泾/淞虹路运动户外好评榜第8名 | 10:00营业 | 店里整洁香香的，服务热情周到,ocr/input_videos\上海__上海荟聚中心__20260826.mp4
OBS-001619,上海荟聚中心,Q21,Q21,儿童服饰,3.8,107,L3,rated,True,,rated,parsed,rating_anchor,0.9775,0.9988,67,16068,272.594,3.8儿童服饰￥107/人 | L3,Q21 | 3.8儿童服饰￥107/人 | L3 | 天丝面料亲肤舒适，颜色搭配亮眼 | 10:00营业,ocr/input_videos\上海__上海荟聚中心__20260826.mp4
OBS-001620,上海荟聚中心,天真蓝照相馆,天真蓝照相馆,快照摄影,3.9,220,商场内,rated,True,,rated,parsed,rating_anchor,0.9477,0.9936,57,16068,272.594,★3.9快照摄影￥220/人 | 商场内,天真蓝照相馆 | 天真盛àvobu | ★3.9快照摄影￥220/人 | 商场内 | 位置好找，化妆拍照舒适 | 10:00营业 | ￥179.99￥270身份证证件照·公安联... | 惠,ocr/input_videos\上海__上海荟聚中心__20260826.mp4
OBS-001621,上海荟聚中心,ILOVETOY,ILOVETOY,玩具,4.8,149,LG2,rated,True,,rated,parsed,rating_anchor,0.9639,0.9994,47,16068,272.594,LG2 | 🌟🌟⭐🌟🌟 | 4.8玩具￥149/人,ILOVETOY | ILOVE | LG2 | 🌟🌟⭐🌟🌟 | 4.8玩具￥149/人 | 点评榜单 | 长宁区亲子购物热门榜第2名 | 10:00营业 | 车模品种丰富，多美卡和风火轮为主流 | “,ocr/input_videos\上海__上海荟聚中心__20260826.mp4
OBS-001622,上海荟聚中心,潮宏基,潮宏基,黄金首饰,3.6,4481,L2,rated,True,,rated,parsed,rating_anchor,0.9767,0.9997,62,16068,272.594,L2 | 3.6黄金首饰￥4481/人 | 🌟🌟🌟🌟🌟,潮宏基 | L2 | 3.6黄金首饰￥4481/人 | 🌟🌟🌟🌟🌟 | “细心耐心艺好，真十二颜超美”,ocr/input_videos\上海__上海荟聚中心__20260826.mp4
OBS-001623,上海荟聚中心,天真蓝照相馆,天真蓝照相馆,快照摄影,3.9,220,商场内,rated,True,,rated,parsed,rating_anchor,0.9811,0.9922,52,16104,273.204,商场内 | ⭐🌟🌟⭐3.9 | 快照摄影￥220/人,天真蓝照相馆 | 天其盛naebu心 | 赔 | 商场内 | ⭐🌟🌟⭐3.9 | 快照摄影￥220/人 | 位置好找，化妆拍照舒适 | 10:00营业 | ￥179.99￥270身份证证件照·公安联.. | 惠,ocr/input_videos\上海__上海荟聚中心__20260826.mp4
OBS-001624,上海荟聚中心,ILOVETOY,ILOVETOY,玩具,4.8,149,LG2,rated,True,,rated,parsed,rating_anchor,0.9817,0.9993,42,16104,273.204,LG2 | ★★★★★ | 4.8玩具￥149/人,ILOVETOY | ILOVE | LG2 | ★★★★★ | 4.8玩具￥149/人 | 点评榜单 | 长宁区亲子购物热门榜第2名 | 10:00营业 | 车模品种丰富，多美卡和风火轮为主流,ocr/input_videos\上海__上海荟聚中心__20260826.mp4
OBS-001625,上海荟聚中心,潮宏基,潮宏基,黄金首饰,3.6,4481,L2,rated,True,,rated,parsed,rating_anchor,0.9852,0.9997,58,16104,273.204,🌟🌟🌟🌟⭐ | L2 | 黄金首饰￥4481/人 | 3.6,潮宏基 | 🌟🌟🌟🌟⭐ | L2 | 黄金首饰￥4481/人 | 3.6 | 洲 | 细心耐心手艺好，真金十二颜超美 | 员 | 10:00营业,ocr/input_videos\上海__上海荟聚中心__20260826.mp4
OBS-001626,上海荟聚中心,6IXTY8IGHT,6IXTY8IGHT,服饰鞋包,4.5,109,LG2,rated,True,,rated,parsed,rating_anchor,0.9838,0.9981,44,16104,273.204,LG2 | 🌟🌟🌟🌟🌟 | 服饰鞋包￥109/人 | 4.5,6IXTY8IGHT | 6IXTY | LG2 | 🌟🌟🌟🌟🌟 | 服饰鞋包￥109/人 | 4.5 | 8IGHT | 10:00营业,ocr/input_videos\上海__上海荟聚中心__20260826.mp4
OBS-001627,上海荟聚中心,MUJI无印良品,MUJI无印良品,服饰鞋包,4.9,143,L1,rated,True,,rated,parsed,rating_anchor,0.9792,0.9981,51,16104,273.204,"🌟🌟🌟⭐🌟 | L1,L2 | 服饰鞋包￥143/人 | 4.9","MUJI无印良品 | 🌟🌟🌟⭐🌟 | L1,L2 | 服饰鞋包￥143/人 | MUJI | 4.9 | 点评榜单 | 無印良品 | 北新泾/淞虹路服饰鞋包热门榜第2名 | 10:00营业 | 足足两层大空间，灯光柔和不刺眼 | KYBSHOO | 英氏YeehoO",ocr/input_videos\上海__上海荟聚中心__20260826.mp4
OBS-001628,上海荟聚中心,ILOVETOY,ILOVETOY,玩具,4.8,149,LG2,rated,True,,rated,parsed,rating_anchor,0.9733,0.9994,48,16188,274.63,LG2 | 🌟🌟⭐⭐🌟 | 玩具￥149/人 | 4.8,ILOVETOY | ILOVE | LG2 | 🌟🌟⭐⭐🌟 | 玩具￥149/人 | 4.8 | 点评榜单 | 长宁区亲子购物热门榜第2名 | 10:00营业 | 车模品种丰富，多美卡和风火轮为主流 | 加,ocr/input_videos\上海__上海荟聚中心__20260826.mp4
OBS-001629,上海荟聚中心,潮宏基,潮宏基,黄金首饰,3.6,4481,L2,rated,True,,rated,parsed,rating_anchor,0.9876,0.9997,61,16188,274.63,L2 | ★★★★★ | 3.6黄金首饰￥4481/人,潮宏基 | L2 | ★★★★★ | 3.6黄金首饰￥4481/人 | “细心耐心手艺好，真金十二颜超美” | 10:00营业,ocr/input_videos\上海__上海荟聚中心__20260826.mp4
OBS-001630,上海荟聚中心,6IXTY8IGHT,6IXTY8IGHT,服饰鞋包,4.5,109,LG2,rated,True,,rated,parsed,rating_anchor,0.9863,0.9988,45,16188,274.63,🌟⭐🌟🌟4.5 | LG2 | 服饰鞋包￥109/人,6IXTY8IGHT | 6IXTY | 🌟⭐🌟🌟4.5 | LG2 | 服饰鞋包￥109/人 | 8IGHT | 10:00营业,ocr/input_videos\上海__上海荟聚中心__20260826.mp4
OBS-001631,上海荟聚中心,MUJI无印良品,MUJI无印良品,服饰鞋包,4.9,143,L1,rated,True,,rated,parsed,rating_anchor,0.9781,0.9981,52,16188,274.63,"★🌟🌟🌟🌟 | L1,L2 | 服饰鞋包￥143/人 | 4.9","MUJI无印良品 | ★🌟🌟🌟🌟 | L1,L2 | 服饰鞋包￥143/人 | MUJI | 4.9 | 点评榜单 | 無印良品 | 北新泾/淞虹路服饰鞋包热门榜第2名 | 10:00营业 | 足足两层大空间，灯光柔和不刺眼 | S",ocr/input_videos\上海__上海荟聚中心__20260826.mp4
OBS-001632,上海荟聚中心,英氏YeehoO,英氏YeehoO,母婴用品,3.7,,L3,rated,True,,rated,parsed,rating_anchor,0.9563,0.9944,56,16188,274.63,⭐3.7母婴用品 | L3,英氏YeehoO | JMEOHOO | ⭐3.7母婴用品 | L3 | 10:00营业,ocr/input_videos\上海__上海荟聚中心__20260826.mp4
OBS-001633,上海荟聚中心,ILOVETOY,ILOVETOY,玩具,4.8,149,LG2,rated,True,,rated,parsed,rating_anchor,0.9724,0.9994,48,16236,275.444,LG2 | 🌟🌟🌟🌟🌟 | 玩具￥149/人 | 4.8,ILOVETOY | ILOVE | LG2 | 🌟🌟🌟🌟🌟 | 玩具￥149/人 | 4.8 | 点评榜单 | 长宁区亲子购物热门榜第2名 | 10:00营业 | 车模品种丰富，多美卡和风火轮为主流 | 业,ocr/input_videos\上海__上海荟聚中心__20260826.mp4
OBS-001634,上海荟聚中心,潮宏基,潮宏基,黄金首饰,3.6,4481,L2,rated,True,,rated,parsed,rating_anchor,0.9873,0.9998,61,16236,275.444,L2 | 🌟🌟🌟🌟★ | 3.6黄金首饰￥4481/人,潮宏基 | L2 | 🌟🌟🌟🌟★ | 3.6黄金首饰￥4481/人 | “细心耐心手艺好，真金十二颜超美” | 10:00营业,ocr/input_videos\上海__上海荟聚中心__20260826.mp4
OBS-001635,上海荟聚中心,6IXTY8IGHT,6IXTY8IGHT,服饰鞋包,4.5,109,LG2,rated,True,,rated,parsed,rating_anchor,0.9864,0.9985,45,16236,275.444,⭐🌟4.5 | LG2 | 服饰鞋包￥109/人,6IXTY8IGHT | 6IXTY | ⭐🌟4.5 | LG2 | 服饰鞋包￥109/人 | 8IGHT | 10:00营业,ocr/input_videos\上海__上海荟聚中心__20260826.mp4
OBS-001636,上海荟聚中心,MUJI无印良品,MUJI无印良品,服饰鞋包,4.9,143,L1,rated,True,,rated,parsed,rating_anchor,0.9787,0.998,52,16236,275.444,"🌟🌟🌟🌟🌟 | L1,L2 | 服饰鞋包￥143/人 | 4.9","MUJI无印良品 | 🌟🌟🌟🌟🌟 | L1,L2 | 服饰鞋包￥143/人 | MUJI | 4.9 | 点评榜单 | 無印良品 | 北新泾/淞虹路服饰鞋包热门榜第2名 | 10:00营业 | 足足两层大空间，灯光柔和不刺眼 | S",ocr/input_videos\上海__上海荟聚中心__20260826.mp4
OBS-001637,上海荟聚中心,英氏YeehoO,英氏YeehoO,母婴用品,3.7,,L3,rated,True,,rated,parsed,rating_anchor,0.9964,0.9946,56,16236,275.444,🌟🌟3.7 | L3 | 母婴用品,英氏YeehoO | 🌟🌟3.7 | L3 | 母婴用品 | 10:00营业 | 潮品挚尚,ocr/input_videos\上海__上海荟聚中心__20260826.mp4
OBS-001638,上海荟聚中心,潮宏基,潮宏基,黄金首饰,3.6,4481,L2,rated,True,,rated,parsed,rating_anchor,0.9855,0.9998,61,16260,275.851,🌟🌟🌟🌟 | L2 | 黄金首饰￥4481/人 | 3.6,潮宏基 | 🌟🌟🌟🌟 | L2 | 黄金首饰￥4481/人 | 3.6 | M品 | 细心耐心手艺好，真金十二颜超美 | 10:00营业,ocr/input_videos\上海__上海荟聚中心__20260826.mp4
OBS-001639,上海荟聚中心,6IXTY8IGHT,6IXTY8IGHT,服饰鞋包,4.5,109,LG2,rated,True,,rated,parsed,rating_anchor,0.9821,0.9984,45,16260,275.851,LG2 | 🌟🌟🌟🌟🌟 | 4.5 | 服饰鞋包￥109/人,6IXTY8IGHT | 6IXTY | LG2 | 🌟🌟🌟🌟🌟 | 4.5 | 服饰鞋包￥109/人 | 8IGHT | 10:00营业,ocr/input_videos\上海__上海荟聚中心__20260826.mp4
OBS-001640,上海荟聚中心,MUJI无印良品,MUJI无印良品,服饰鞋包,4.9,143,L1,rated,True,,rated,parsed,rating_anchor,0.9777,0.9983,51,16260,275.851,"⭐🌟⭐⭐🌟 | 服饰鞋包￥143/人 | L1,L2 | 4.9","MUJI无印良品 | ⭐🌟⭐⭐🌟 | 服饰鞋包￥143/人 | L1,L2 | MUJI | 4.9 | 無印良品 | 点评榜单 | 北新泾/淞虹路服饰鞋包热门榜第2名 | 10:00营业 | 足足两层大空间，灯光柔和不刺眼 | “ | 力",ocr/input_videos\上海__上海荟聚中心__20260826.mp4
OBS-001641,上海荟聚中心,英氏YeehoO,英氏YeehoO,母婴用品,3.7,,L3,rated,True,,rated,parsed,rating_anchor,0.9957,0.9928,52,16260,275.851,🌟🌟🌟🌟 | 3.7 | L3 | 母婴用品,英氏YeehoO | 🌟🌟🌟🌟 | 3.7 | L3 | 母婴用品 | 10:00营业,ocr/input_videos\上海__上海荟聚中心__20260826.mp4
OBS-001642,上海荟聚中心,潮品挚尚,潮品挚尚,杂货礼品,4.5,74,LG2,rated,True,,rated,parsed,rating_anchor,0.9579,0.9692,53,16260,275.851,LG2 | 杂货礼品￥74/人 | 🌟🌟🌟🌟🌟 | 4.5,潮品挚尚 | LG2 | 杂货礼品￥74/人 | 🌟🌟🌟🌟🌟 | 4.5 | SINCS·2054 | 潮品挚尚 | 龙爪刀设计酷炫，环境舒适购物愉快 | CIENTYVT NSPGLA | 10:00营业 | 惠￥1￥5代金券,ocr/input_videos\上海__上海荟聚中心__20260826.mp4
OBS-001643,上海荟聚中心,6IXTY8IGHT,6IXTY8IGHT,服饰鞋包,4.5,109,LG2,rated,True,,rated,parsed,rating_anchor,0.9833,0.9984,44,16284,276.258,LG2 | 🌟🌟⭐🌟🌟 | 服饰鞋包￥109/人 | 4.5,6IXTY8IGHT | 6IXTY | LG2 | 🌟🌟⭐🌟🌟 | 服饰鞋包￥109/人 | 4.5 | 8IGHT | 10:00营业,ocr/input_videos\上海__上海荟聚中心__20260826.mp4
OBS-001644,上海荟聚中心,MUJI无印良品,MUJI无印良品,服饰鞋包,4.9,143,L1,rated,True,,rated,parsed,rating_anchor,0.987,0.9987,52,16284,276.258,"★🌟🌟🌟🌈 | L1,L2 | 服饰鞋包￥143/人 | 4.9","MUJI无印良品 | ★🌟🌟🌟🌈 | L1,L2 | 服饰鞋包￥143/人 | MUJI | 4.9 | 点评榜单 | 無印良品 | 北新泾/淞虹路服饰鞋包热门榜第2名 | 10:00营业 | 足足两层大空间，灯光柔和不刺眼 | 《",ocr/input_videos\上海__上海荟聚中心__20260826.mp4
OBS-001645,上海荟聚中心,英氏YeehoO,英氏YeehoO,母婴用品,3.7,,L3,rated,True,,rated,parsed,rating_anchor,0.9974,0.996,55,16284,276.258,🌟🌟🎉🌟🌟3.7 | L3 | 母婴用品,英氏YeehoO | 🌟🌟🎉🌟🌟3.7 | L3 | 母婴用品 | 10:00营业,ocr/input_videos\上海__上海荟聚中心__20260826.mp4
OBS-001646,上海荟聚中心,潮品挚尚,潮品挚尚,杂货礼品,4.5,74,LG2,rated,True,,rated,parsed,rating_anchor,0.9334,0.9118,56,16284,276.258,⭐🌟🌟🌟🌟 | LG2 | 杂货礼品￥74/人 | 4.5,潮品挚尚 | ⭐🌟🌟🌟🌟 | LG2 | 杂货礼品￥74/人 | 4.5 | 5NCE·204 | 潮品挚尚 | 龙爪刀设计酷炫，环境舒适购物愉快 | 5 | CRENTTEE POPELAR | UPE PALREE | 10:00营业 | 惠 | ￥1￥5代金券,ocr/input_videos\上海__上海荟聚中心__20260826.mp4
OBS-001647,上海荟聚中心,华为授权体验店,华为授权体验店,数码产品,4.9,5448,L1,rated,True,,rated,parsed,rating_anchor,0.9823,0.9998,51,16284,276.258,L1 | 🌟🌟🌟🌟🌟 | 数码产品￥5448/人 | 4.9,华为授权体验店 | L1 | 🌟🌟🌟🌟🌟 | 数码产品￥5448/人 | 4.9 | HUAWEI | 点评榜单 | 北新泾/淞虹路购物好评榜第7名 | 10:00营业 | 旧手机回收透明，服务一对—” | 惠 | ￥49手机贴膜一华为手机99亨手 | V,ocr/input_videos\上海__上海荟聚中心__20260826.mp4
OBS-001648,上海荟聚中心,英氏YeehoO,英氏YeehoO,母婴用品,3.7,,L3,rated,True,,rated,parsed,rating_anchor,0.9957,0.9926,54,16356,277.48,L3 | 🌟🌟🌟🌟🌟 | 3.7 | 母婴用品,英氏YeehoO | L3 | 🌟🌟🌟🌟🌟 | 3.7 | 母婴用品 | 10:00营业,ocr/input_videos\上海__上海荟聚中心__20260826.mp4
OBS-001649,上海荟聚中心,潮品挚尚,潮品挚尚,杂货礼品,4.5,74,LG2,rated,True,,rated,parsed,rating_anchor,0.9585,0.9687,55,16356,277.48,LG2 | 🌟🌟⭐⭐🌟 | 杂货礼品￥74/人 | 4.5,潮品挚尚 | LG2 | 🌟🌟⭐⭐🌟 | 杂货礼品￥74/人 | 4.5 | S4NCE·2034 | 潮品挚尚 | 龙刀设计酷炫，环境舒适购物愉快 | - | CEATYUE POPELAR | 10:00营业 | 惠￥1￥5代金券,ocr/input_videos\上海__上海荟聚中心__20260826.mp4
OBS-001650,上海荟聚中心,华为授权体验店,华为授权体验店,数码产品,4.9,5448,L1,rated,True,,rated,parsed,rating_anchor,0.9824,0.9996,52,16356,277.48,🌟🌟🌟🌟🌟 | 4.9 | L1 | 数码产品￥5448/人,华为授权体验店 | 🌟🌟🌟🌟🌟 | 4.9 | L1 | 数码产品￥5448/人 | HUAWEI | 点评榜单 | 北新泾/淞虹路购物好评榜第7名 | 10:00营业 | “旧机回收透明，服务对” | ￥9.9￥49 | 手机贴膜一华为手机9.9享手... | 惠,ocr/input_videos\上海__上海荟聚中心__20260826.mp4
OBS-001651,上海荟聚中心,头号顽家生日派对·儿童沉浸式·轻...,头号顽家生日派对·儿童沉浸式·轻,宝宝宴/派对,3.4,,商场内,rated,True,,rated,parsed,rating_anchor,0.9629,0.935,53,16356,277.48,商场内 | 🌟🌟⭐⭐⭐ | 3.4 | 宝宝宴/派对,头号顽家生日派对·儿童沉浸式·轻... | 商场内 | 🌟🌟⭐⭐⭐ | 3.4 | 宝宝宴/派对 | 哈利波特主题派对，沉浸式魔法体验 | 10:00营业,ocr/input_videos\上海__上海荟聚中心__20260826.mp4
OBS-001652,上海荟聚中心,JEWELRIA周大福荟馆,JEWELRIA周大福荟馆,黄金首饰,4.4,3719,L1,rated,True,,rated,parsed,rating_anchor,0.9824,0.9987,51,16356,277.48,L1 | 4.4黄金首饰￥3719/人 | 🌟🌟🌟🌟 | ★,JEWELRIA周大福荟馆 | L1 | 4.4黄金首饰￥3719/人 | 🌟🌟🌟🌟 | ★ | “服务热情到位，款式耐看” | 10:00营业 | 盟名期1080,ocr/input_videos\上海__上海荟聚中心__20260826.mp4
OBS-001653,上海荟聚中心,英氏YeehoO,英氏YeehoO,母婴用品,3.7,,L3,rated,True,,rated,parsed,rating_anchor,0.9961,0.9939,49,16380,277.887,★🌟3.7 | L3 | 母婴用品,英氏YeehoO | SoRs | ★🌟3.7 | L3 | 母婴用品 | 10:00营业,ocr/input_videos\上海__上海荟聚中心__20260826.mp4
OBS-001654,上海荟聚中心,潮品挚尚,潮品挚尚,杂货礼品,4.5,74,LG2,rated,True,,rated,parsed,rating_anchor,0.9665,0.9677,56,16380,277.887,🌟🌟🌟🌟🌟 | LG2 | 杂货礼品￥74/人 | 4.5,潮品挚尚 | 🌟🌟🌟🌟🌟 | LG2 | 杂货礼品￥74/人 | 4.5 | SINCS·26M | 潮品挚尚 | 龙爪刀设计酷炫，环境舒适购物愉快 | CHENTYVT AOPELIR | aP | 10:00营业 | ￥1￥5代金券 | 惠,ocr/input_videos\上海__上海荟聚中心__20260826.mp4
OBS-001655,上海荟聚中心,华为授权体验店,华为授权体验店,数码产品,,5448,L1,unknown,True,,ocr_missing,parsed,metadata_anchor,0.9805,0.9997,50,16380,277.887,L1 | 🌟🌟🌟🌟🌟 | 数码产品￥5448/人 | 14.9,华为授权体验店 | L1 | 🌟🌟🌟🌟🌟 | 数码产品￥5448/人 | 14.9 | HUAWEI | 点评榜单 | 北新泾/淞虹路购物好评榜第7名 | 10:00营业 | 旧手机回收透明，服务一对” | C | 惠 | ￥9.9￥49 | 手机贴膜|华为手机9.9享手..,ocr/input_videos\上海__上海荟聚中心__20260826.mp4
OBS-001656,上海荟聚中心,头号顽家生日派对·儿童沉浸式·轻...,头号顽家生日派对·儿童沉浸式·轻,宝宝宴/派对,3.4,,商场内,rated,True,,rated,parsed,rating_anchor,0.899,0.9511,51,16380,277.887,商场内 | ⭐⭐⭐3.4宝宝宴/派对,头号顽家生日派对·儿童沉浸式·轻... | 商场内 | ⭐⭐⭐3.4宝宝宴/派对 | 一起开 | 哈利波特主题派对，沉浸式魔法体验 | AEnnn | 10:00营业,ocr/input_videos\上海__上海荟聚中心__20260826.mp4
OBS-001657,上海荟聚中心,JEWELRIA周大福荟馆,JEWELRIA周大福荟馆,黄金首饰,4.4,3719,L1,rated,True,,rated,parsed,rating_anchor,0.9825,0.9984,51,16380,277.887,4.4黄金首饰￥3719/人 | L1,JEWELRIA周大福荟馆 | 4.4黄金首饰￥3719/人 | L1 | 服务热情到位，款式耐看大气“ | 10:00营业,ocr/input_videos\上海__上海荟聚中心__20260826.mp4
OBS-001658,上海荟聚中心,鄂尔多斯1980,鄂尔多斯1980,服饰鞋包,4.0,,L1,rated,True,,rated,parsed,rating_anchor,0.9994,0.9995,51,16380,277.887,🌟🌟⭐⭐ | 服饰鞋包 | L1 | 4.0 | ★,鄂尔多斯1980 | 🌟🌟⭐⭐ | 服饰鞋包 | L1 | 4.0 | ★,ocr/input_videos\上海__上海荟聚中心__20260826.mp4
OBS-001659,上海荟聚中心,英氏YeehoO,英氏YeehoO,母婴用品,3.7,,L3,rated,True,,rated,parsed,rating_anchor,0.9957,0.9933,55,16428,278.701,L3 | 🌟🌟⭐🌟🌟 | 3.7 | 母婴用品,英氏YeehoO | L3 | 🌟🌟⭐🌟🌟 | 3.7 | 母婴用品 | 10:00营业,ocr/input_videos\上海__上海荟聚中心__20260826.mp4
OBS-001660,上海荟聚中心,潮品挚尚,潮品挚尚,杂货礼品,4.5,74,LG2,rated,True,,rated,parsed,rating_anchor,0.9355,0.9203,57,16428,278.701,LG2 | ⭐🌟🎉🎉🌟4.5 | 杂货礼品￥74/人,潮品挚尚 | LG2 | ⭐🌟🎉🎉🌟4.5 | 杂货礼品￥74/人 | S4NCE·2054 | 潮品挚尚 | 龙爪刀设计酷炫，环境舒适购物愉快 | CIEATYUENGPELAR | e | 10:00营业 | ￥1￥5代金券 | 惠,ocr/input_videos\上海__上海荟聚中心__20260826.mp4
OBS-001661,上海荟聚中心,华为授权体验店,华为授权体验店,数码产品,4.9,5448,L1,rated,True,,rated,parsed,rating_anchor,0.9833,0.9995,52,16428,278.701,L1 | 🌟🌟⭐🌟 | 数码产品￥5448/人 | 4.9,华为授权体验店 | L1 | 🌟🌟⭐🌟 | 数码产品￥5448/人 | 4.9 | HUAWEI | 点评榜单 | 北新泾/淞虹路购物好评榜第7名 | 10:00营业 | 旧手机回收透明，服务一对“ | ￥9.9￥49手机贴膜|华为手机9.9享手.. | 惠,ocr/input_videos\上海__上海荟聚中心__20260826.mp4
OBS-001662,上海荟聚中心,头号顽家生日派对·儿童沉浸式·轻...,头号顽家生日派对·儿童沉浸式·轻,宝宝宴/派对,3.4,,商场内,rated,True,,rated,parsed,rating_anchor,0.9715,0.9502,56,16428,278.701,商场内 | 🌟🌟🎉⭐⭐ | 宝宝宴/派对 | 3.4,头号顽家生日派对·儿童沉浸式·轻... | 商场内 | 🌟🌟🎉⭐⭐ | 宝宝宴/派对 | 3.4 | 一起开 | 哈利波特主题派对，沉浸式魔法体验 | nAnnn | 10:00营业,ocr/input_videos\上海__上海荟聚中心__20260826.mp4
OBS-001663,上海荟聚中心,JEWELRIA周大福荟馆,JEWELRIA周大福荟馆,黄金首饰,4.4,3719,L1,rated,True,,rated,parsed,rating_anchor,0.9755,0.997,51,16428,278.701,🌟🌟⭐⭐ | L1 | 黄金首饰￥3719/人 | 4.4 | ★,JEWELRIA周大福荟馆 | 🌟🌟⭐⭐ | L1 | 黄金首饰￥3719/人 | 4.4 | ★ | 服务热情到位，款式耐看大气” | 10:00营业,ocr/input_videos\上海__上海荟聚中心__20260826.mp4
OBS-001664,上海荟聚中心,鄂尔多斯1980,鄂尔多斯1980,服饰鞋包,4.0,,L1,rated,True,,rated,parsed,rating_anchor,0.9992,0.999,51,16428,278.701,⭐🌟⭐ | 服饰鞋包 | L1 | 4.0,鄂尔多斯1980 | ⭐🌟⭐ | 服饰鞋包 | L1 | 4.0 | 郑尔多斯,ocr/input_videos\上海__上海荟聚中心__20260826.mp4
OBS-001665,上海荟聚中心,头号顽家生日派对·儿童沉浸式·轻...,头号顽家生日派对·儿童沉浸式·轻,宝宝宴/派对,3.4,,商场内,rated,True,,rated,parsed,rating_anchor,0.9731,0.9516,57,16464,279.312,商场内 | ⭐🌟🎉🌟 | 3.4宝宝宴/派对,头号顽家生日派对·儿童沉浸式·轻... | 商场内 | ⭐🌟🎉🌟 | 3.4宝宝宴/派对 | 一起开 | 哈利波特主题派对，沉浸式魔法体验 | 10:00营业,ocr/input_videos\上海__上海荟聚中心__20260826.mp4
OBS-001666,上海荟聚中心,JEWELRIA周大福荟馆,JEWELRIA周大福荟馆,黄金首饰,4.4,3719,L1,rated,True,,rated,parsed,rating_anchor,0.9517,0.9983,51,16464,279.312,⭐★4.4黄金首饰￥3719/人 | L1,JEWELRIA周大福荟馆 | ⭐★4.4黄金首饰￥3719/人 | L1 | 服务热情到位，款式耐看大气” | 10:00营业,ocr/input_videos\上海__上海荟聚中心__20260826.mp4
OBS-001667,上海荟聚中心,鄂尔多斯1980,鄂尔多斯1980,服饰鞋包,4.0,,L1,rated,True,,rated,parsed,rating_anchor,0.9991,0.9987,51,16464,279.312,🌟🌟⭐⭐ | L1 | 服饰鞋包 | 4.0 | ★,鄂尔多斯1980 | 🌟🌟⭐⭐ | L1 | 服饰鞋包 | 4.0 | ★ | 郑尔多斯 | 10:00营业,ocr/input_videos\上海__上海荟聚中心__20260826.mp4
OBS-001668,上海荟聚中心,nice rice,nicerice,服装,4.3,,L1,rated,True,,rated,parsed,rating_anchor,0.9963,0.9961,55,16464,279.312,4.3服装 | 🌟🌟⭐⭐⭐ | L1,nice rice | 4.3服装 | 🌟🌟⭐⭐⭐ | L1 | nice rice | 装修木结构，服装极简风” | “ | 10:00营业,ocr/input_videos\上海__上海荟聚中心__20260826.mp4
OBS-001669,上海荟聚中心,Shokz韶音,Shokz韶音,数码产品,4.8,1406,L1,rated,True,,rated,parsed,rating_anchor,0.9821,0.9993,56,16464,279.312,L1 | 🌟🌟🌟🌟🌟 | 4.8 | 数码产品￥1406/人,Shokz韶音 | L1 | 🌟🌟🌟🌟🌟 | 4.8 | 数码产品￥1406/人 | SHOKZ | 佩戴超舒适，音质清晰立体” | 10:00营业,ocr/input_videos\上海__上海荟聚中心__20260826.mp4
OBS-001670,上海荟聚中心,头号顽家生日派对·儿童沉浸式·轻...,头号顽家生日派对·儿童沉浸式·轻,宝宝宴/派对,3.4,,商场内,rated,True,,rated,parsed,rating_anchor,0.9687,0.9446,56,16536,280.533,商场内 | 🌟🌟⭐🌟🌟 | 3.4 | 宝宝宴/派对,头号顽家生日派对·儿童沉浸式·轻... | 商场内 | 🌟🌟⭐🌟🌟 | 3.4 | 宝宝宴/派对 | 哈利波特主题派对，沉浸式魔法体验 | Dn | 10:00营业,ocr/input_videos\上海__上海荟聚中心__20260826.mp4
OBS-001671,上海荟聚中心,JEWELRIA周大福荟馆,JEWELRIA周大福荟馆,黄金首饰,4.4,3719,L1,rated,True,,rated,parsed,rating_anchor,0.984,0.9986,48,16536,280.533,🌟🌟⭐🌟 | 黄金首饰￥3719/人 | L1 | 4.4 | ★,JEWELRIA周大福荟馆 | 🌟🌟⭐🌟 | 黄金首饰￥3719/人 | L1 | 4.4 | ★ | “服务热情到位，款式耐看大气” | 10:00营业,ocr/input_videos\上海__上海荟聚中心__20260826.mp4
OBS-001672,上海荟聚中心,鄂尔多斯1980,鄂尔多斯1980,服饰鞋包,4.0,,L1,rated,True,,rated,parsed,rating_anchor,0.9993,0.9995,51,16536,280.533,🌟🌟⭐⭐🌟 | 服饰鞋包 | L1 | 4.0,鄂尔多斯1980 | 🌟🌟⭐⭐🌟 | 服饰鞋包 | L1 | 4.0 | 郑尔多斯 | 10:00营业,ocr/input_videos\上海__上海荟聚中心__20260826.mp4
OBS-001673,上海荟聚中心,nice rice,nicerice,服装,4.3,,L1,rated,True,,rated,parsed,rating_anchor,0.9985,0.9973,53,16536,280.533,🌟🌟⭐🌟 | 服装 | L1 | 4.3 | ★,nice rice | 🌟🌟⭐🌟 | 服装 | L1 | 4.3 | ★ | nice rice | 装修木结构，服装极简风“ | “ | 10:00营业,ocr/input_videos\上海__上海荟聚中心__20260826.mp4
OBS-001674,上海荟聚中心,Shokz韶音,Shokz韶音,数码产品,4.8,1406,L1,rated,True,,rated,parsed,rating_anchor,0.9754,0.9993,56,16536,280.533,🌟🌟🌟🌟🌟 | L1 | 4.8 | 数码产品￥1406/人,Shokz韶音 | 🌟🌟🌟🌟🌟 | L1 | 4.8 | 数码产品￥1406/人 | SHOKZ | 佩戴超舒适，音质清晰立体” | 10:00营业,ocr/input_videos\上海__上海荟聚中心__20260826.mp4
OBS-001675,上海荟聚中心,JEWELRIA周大福荟馆,JEWELRIA周大福荟馆,黄金首饰,4.4,3719,L1,rated,True,,rated,parsed,rating_anchor,0.9804,0.9987,54,16584,281.348,🌟🌟🌟🌟🌟 | 黄金首饰￥3719/人 | L1 | 4.4,JEWELRIA周大福荟馆 | 🌟🌟🌟🌟🌟 | 黄金首饰￥3719/人 | L1 | 4.4 | 服务热情到位，款式耐看” | 10:00营业,ocr/input_videos\上海__上海荟聚中心__20260826.mp4
OBS-001676,上海荟聚中心,鄂尔多斯1980,鄂尔多斯1980,服饰鞋包,4.0,,L1,rated,True,,rated,parsed,rating_anchor,0.9994,0.9995,52,16584,281.348,🌟🌟🌟🌟 | L1 | 服饰鞋包 | 4.0 | ★,鄂尔多斯1980 | 🌟🌟🌟🌟 | L1 | 服饰鞋包 | 4.0 | ★ | 郑尔多斯 | 10:00营业,ocr/input_videos\上海__上海荟聚中心__20260826.mp4
OBS-001677,上海荟聚中心,nice rice,nicerice,服装,4.3,,L1,rated,True,,rated,parsed,rating_anchor,0.9967,0.9936,60,16584,281.348,服装 | 🌟🌟🌟🌟 | L1 | 4.3,nice rice | 服装 | 🌟🌟🌟🌟 | L1 | 4.3 | rice | nice | 装修木结构，服装极简风” | “ | 10:00营业,ocr/input_videos\上海__上海荟聚中心__20260826.mp4
OBS-001678,上海荟聚中心,Shokz韶音,Shokz韶音,品,4.8,1406,L1,rated,True,,rated,parsed,rating_anchor,0.9508,0.9991,59,16584,281.348,品￥1406/人 | L1 | ⭐🌟★★★ | 数码产品 | 4.8,Shokz韶音 | 品￥1406/人 | L1 | ⭐🌟★★★ | 数码产品 | 4.8 | SHOKZ | “佩戴超舒适，质清晰体” | 10:00营业,ocr/input_videos\上海__上海荟聚中心__20260826.mp4
OBS-001679,上海荟聚中心,reima,reima,儿童服饰,3.6,542,L3,rated,True,,rated,parsed,rating_anchor,0.9972,0.9986,51,16584,281.348,🌟🌟🌟⭐ | L3 | 3.6儿童服饰 | ￥542/人,reima | 🌟🌟🌟⭐ | L3 | 3.6儿童服饰 | ￥542/人 | reima | “滑雪用品专业，价格也很不错 | 10:00营业,ocr/input_videos\上海__上海荟聚中心__20260826.mp4
OBS-001680,上海荟聚中心,New |,New|,运动户外,3.8,,LG1,rated,True,,rated,parsed,rating_anchor,0.9125,0.8271,47,16584,281.348,🌟★🌟🌟⭐ | 3.8运动户外 | LG1,Balance | New | | 🌟★🌟🌟⭐ | 3.8运动户外 | LG1 | 10:00营业 | JNBY,ocr/input_videos\上海__上海荟聚中心__20260826.mp4
OBS-001681,上海荟聚中心,JEWELRIA周大福荟馆,JEWELRIA周大福荟馆,黄金首饰,4.4,3719,L1,rated,True,,rated,parsed,rating_anchor,0.9764,0.996,54,16596,281.551,黄金首饰￥3719/人 | 🌟🌟🌟⭐⭐ | L1 | 4.4,JEWELRIA周大福荟馆 | 黄金首饰￥3719/人 | 🌟🌟🌟⭐⭐ | L1 | 4.4 | 服务热情到位，款式耐看大气” | 10:00营业,ocr/input_videos\上海__上海荟聚中心__20260826.mp4
OBS-001682,上海荟聚中心,鄂尔多斯1980,鄂尔多斯1980,服饰鞋包,4.0,,L1,rated,True,,rated,parsed,rating_anchor,0.9993,0.9996,57,16596,281.551,🌟🌟⭐⭐ | L1 | 服饰鞋包 | 4.0 | ★,鄂尔多斯1980 | 🌟🌟⭐⭐ | L1 | 服饰鞋包 | 4.0 | ★ | 郑尔多斯 | 10:00营业,ocr/input_videos\上海__上海荟聚中心__20260826.mp4
OBS-001683,上海荟聚中心,nice rice,nicerice,服装,4.3,,L1,rated,True,,rated,parsed,rating_anchor,0.9964,0.9931,60,16596,281.551,🌟🌟⭐⭐ | 服装 | L1 | 4.3 | ★,nice rice | 🌟🌟⭐⭐ | 服装 | L1 | 4.3 | ★ | nice | rice | 装修木结构，服装极简风” | 10:00营业,ocr/input_videos\上海__上海荟聚中心__20260826.mp4
OBS-001684,上海荟聚中心,Shokz韶音,Shokz韶音,数码产品,,1406,L1,unknown,True,,ocr_missing,parsed,metadata_anchor,0.9804,0.9993,59,16596,281.551,🌟🌟⭐🌟🌟 | L1 | 数码产品￥1406/人 | 14.8,Shokz韶音 | 🌟🌟⭐🌟🌟 | L1 | 数码产品￥1406/人 | 14.8 | SHOKZ | “佩戴超舒适，音质清晰立体” | 10:00营业,ocr/input_videos\上海__上海荟聚中心__20260826.mp4
OBS-001685,上海荟聚中心,reima,reima,儿童服饰,3.6,542,L3,rated,True,,rated,parsed,rating_anchor,0.9978,0.9985,54,16596,281.551,🌟🌟🌟🌟⭐ | ￥542/人 | L3 | 3.6儿童服饰,reima | 🌟🌟🌟🌟⭐ | ￥542/人 | L3 | 3.6儿童服饰 | reima | “滑雪用品专业，价格也很不错 | 10:00营业,ocr/input_videos\上海__上海荟聚中心__20260826.mp4
OBS-001686,上海荟聚中心,New,New,运动户外,3.8,,LG1,rated,True,,rated,parsed,rating_anchor,0.9688,0.9988,47,16596,281.551,🌟🌟🌟🌟⭐ | 3.8运动户外 | LG1,Balance | New | 🌟🌟🌟🌟⭐ | 3.8运动户外 | LG1 | 10:00营业 | JNBY,ocr/input_videos\上海__上海荟聚中心__20260826.mp4
OBS-001687,上海荟聚中心,鄂小期10,鄂小期10,服饰鞋包,4.0,,L1,rated,True,,rated,parsed,rating_anchor,0.7886,0.5777,37,16656,282.569,L1 | 服饰鞋包 | ⭐🌟⭐⭐ | 4.0 | ★,鄂小期10 | L1 | 服饰鞋包 | ⭐🌟⭐⭐ | 4.0 | ★ | 郑尔多斯 | 10:00营业,ocr/input_videos\上海__上海荟聚中心__20260826.mp4
OBS-001688,上海荟聚中心,nice rice,nicerice,服装,4.3,,L1,rated,True,,rated,parsed,rating_anchor,0.9828,0.9657,64,16656,282.569,🌟🌟⭐🎉 | 服装 | 4.3 | L1 | ★,nice rice | 🌟🌟⭐🎉 | 服装 | 4.3 | L1 | ★ | nice rice | “装修木结构，服装极简风” | 10:00营业,ocr/input_videos\上海__上海荟聚中心__20260826.mp4
OBS-001689,上海荟聚中心,Shokz韶音,Shokz韶音,数码产品,4.8,1406,L1,rated,True,,rated,parsed,rating_anchor,0.9836,0.9992,63,16656,282.569,🌟🌟⭐⭐🌟 | 数码产品￥1406/人 | L1 | 4.8,Shokz韶音 | 🌟🌟⭐⭐🌟 | 数码产品￥1406/人 | L1 | SHOKZ | 4.8 | “佩戴超舒适，音质清晰体” | 10:00营业,ocr/input_videos\上海__上海荟聚中心__20260826.mp4
OBS-001690,上海荟聚中心,reima,reima,儿童服饰,3.6,542,L3,rated,True,,rated,parsed,rating_anchor,0.9861,0.9987,57,16656,282.569,🌟🌟🌟🌟🌟 | L3 | 3.6儿童服饰￥542/人,reima | 🌟🌟🌟🌟🌟 | L3 | 3.6儿童服饰￥542/人 | reima | “滑雪用品专业，价格也很不错” | 10:00营业,ocr/input_videos\上海__上海荟聚中心__20260826.mp4
OBS-001691,上海荟聚中心,New Balance,NewBalance,运动户外,3.8,,LG1,rated,True,,rated,parsed,rating_anchor,0.9901,0.9818,57,16656,282.569,LG1 | 3.8运动户外 | 🌟🌟🌟💥🌟,New Balance | LG1 | 3.8运动户外 | 🌟🌟🌟💥🌟 | 10:00营业,ocr/input_videos\上海__上海荟聚中心__20260826.mp4
OBS-001692,上海荟聚中心,JNBY,JNBY,服饰鞋包,3.7,995,L2,rated,True,,rated,parsed,rating_anchor,0.9817,0.9987,59,16656,282.569,3.7服饰鞋包￥995/人 | L2,JNBY | 3.7服饰鞋包￥995/人 | L2 | JNBY | 10:00营业,ocr/input_videos\上海__上海荟聚中心__20260826.mp4
OBS-001693,上海荟聚中心,Shokz韶音,Shokz韶音,数码产品,4.8,1406,L1,rated,True,,rated,parsed,rating_anchor,0.9994,0.9989,60,16728,283.791,🌟🌟🌟🌟🌟 | L1 | 数码产品 | ￥1406/人 | 4.8,Shokz韶音 | 🌟🌟🌟🌟🌟 | L1 | 数码产品 | ￥1406/人 | 4.8 | SHOKZ | 佩戴超舒适，音质清晰体” | 10:00营业,ocr/input_videos\上海__上海荟聚中心__20260826.mp4
OBS-001694,上海荟聚中心,reima,reima,儿童服饰,3.6,542,L3,rated,True,,rated,parsed,rating_anchor,0.9981,0.9984,54,16728,283.791,🌟🌟🌟🌟🌟 | 3.6儿童服饰 | L3 | ￥542/人,reima | 🌟🌟🌟🌟🌟 | 3.6儿童服饰 | L3 | ￥542/人 | reima | “滑雪用品专业，价格也很不错 | 10:00营业,ocr/input_videos\上海__上海荟聚中心__20260826.mp4
OBS-001695,上海荟聚中心,New,New,运动户外,3.8,,LG1,rated,True,,rated,parsed,rating_anchor,0.9993,0.9993,47,16728,283.791,🌟🎉🌟⭐ | LG1 | 运动户外 | 3.8,Balance | New | 🌟🎉🌟⭐ | LG1 | 运动户外 | 3.8 | 10:00营业,ocr/input_videos\上海__上海荟聚中心__20260826.mp4
OBS-001696,上海荟聚中心,JNBY,JNBY,服饰鞋包,3.7,995,L2,rated,True,,rated,parsed,rating_anchor,0.9753,0.9989,55,16728,283.791,⭐🌟🌟🌟🌟 | L2 | 服饰鞋包￥995/人 | 3.7,JNBY | ⭐🌟🌟🌟🌟 | L2 | 服饰鞋包￥995/人 | 3.7 | JNBY | 10:00营业,ocr/input_videos\上海__上海荟聚中心__20260826.mp4
OBS-001697,上海荟聚中心,乐道体验店,乐道体验店,4S店,3.5,,商场内,rated,True,,rated,parsed,rating_anchor,0.9976,0.9999,56,16728,283.791,商场内 | 4S店 | ★🌟★🌟★ | 3.5,乐道体验店 | 购新乐道L60 | 享限时礼遇 | 商场内 | 4S店 | ★🌟★🌟★ | 3.5 | 10:00营业,ocr/input_videos\上海__上海荟聚中心__20260826.mp4
OBS-001698,上海荟聚中心,JINS,JINS,眼镜店,4.8,729,LG1,rated,True,,rated,parsed,rating_anchor,0.997,0.9984,53,16728,283.791,LG1 | 🌟🌟🌟🌟🌟 | 眼镜店 | ￥729/人 | 4.8,JINS | J!NS | LG1 | 🌟🌟🌟🌟🌟 | 眼镜店 | ￥729/人 | 4.8 | 30分钟 | 点评接单 | 长定区明镜店热门榜第么名,ocr/input_videos\上海__上海荟聚中心__20260826.mp4
OBS-001699,上海荟聚中心,reima,reima,儿童服饰,3.6,542,L3,rated,True,,rated,parsed,rating_anchor,0.9987,0.9989,51,16740,283.994,L3 | 🌟🌟🌟🌟🌟 | 3.6儿童服饰 | ￥542/人,reima | L3 | 🌟🌟🌟🌟🌟 | 3.6儿童服饰 | ￥542/人 | reima | 滑雪用品专业，价格也很不错 | 力 | 10:00营业,ocr/input_videos\上海__上海荟聚中心__20260826.mp4
OBS-001700,上海荟聚中心,New Balance,NewBalance,运动户外,3.8,,LG1,rated,True,,rated,parsed,rating_anchor,0.9906,0.9817,51,16740,283.994,LG1 | 🌟🌟⭐🌟🌟 | 运动户外 | 3.8,New Balance | LG1 | 🌟🌟⭐🌟🌟 | 运动户外 | 3.8 | 10:00营业,ocr/input_videos\上海__上海荟聚中心__20260826.mp4
OBS-001701,上海荟聚中心,JNBY,JNBY,服饰鞋包,3.7,995,L2,rated,True,,rated,parsed,rating_anchor,0.9991,0.9991,51,16740,283.994,⭐🌟🌟🌟⭐ | L2 | 3.7 | 服饰鞋包 | ￥995/人,JNBY | ⭐🌟🌟🌟⭐ | L2 | 3.7 | 服饰鞋包 | ￥995/人 | JNBY | 10:00营业,ocr/input_videos\上海__上海荟聚中心__20260826.mp4
OBS-001702,上海荟聚中心,乐道体验店,乐道体验店,4S店,3.5,,商场内,rated,True,,rated,parsed,rating_anchor,0.9984,0.9999,56,16740,283.994,🌟🌟⭐🌟🌟 | 商场内 | 4S店 | 3.5,乐道体验店 | 购新乐道L60 | 享限时礼遇 | 🌟🌟⭐🌟🌟 | 商场内 | 4S店 | 3.5 | 10:00营业,ocr/input_videos\上海__上海荟聚中心__20260826.mp4
OBS-001703,上海荟聚中心,JINS,JINS,眼镜店,4.8,729,LG1,rated,True,,rated,parsed,rating_anchor,0.9957,0.9981,50,16740,283.994,LG1 | 🌟🌟🌟🌟🌟 | 眼镜店 | ￥729/人 | 4.8,JINS | J!NS | LG1 | 🌟🌟🌟🌟🌟 | 眼镜店 | ￥729/人 | 4.8 | 30分钟 | 点评榜单 | 长宁区眼镜店热门榜第4名 | 立等可取 | 10:00营业 | 服务贴心，具 | 鼻托更换干净不收费 | “,ocr/input_videos\上海__上海荟聚中心__20260826.mp4
OBS-001704,上海荟聚中心,魏牌新能源零售中心,魏牌新能源零售中心,4S店,3.8,,LG1,rated,True,,rated,parsed,rating_anchor,0.9976,0.9993,53,16740,283.994,LG1 | 🌟🌟🌟🌟 | 4S店 | 3.8,魏牌新能源零售中心 | LG1 | 🌟🌟🌟🌟 | 4S店 | 3.8 | 车内舒适，智驾功能体验佳,ocr/input_videos\上海__上海荟聚中心__20260826.mp4
OBS-001705,上海荟聚中心,New,New,运动户外,3.8,,LG1,rated,True,,rated,parsed,rating_anchor,0.9984,0.9979,46,16776,284.605,⭐★⭐🌟3.8 | LG1 | 运动户外,Balance | New | ⭐★⭐🌟3.8 | LG1 | 运动户外 | 10:00营业,ocr/input_videos\上海__上海荟聚中心__20260826.mp4
OBS-001706,上海荟聚中心,JNBY,JNBY,服饰鞋包,3.7,995,L2,rated,True,,rated,parsed,rating_anchor,0.9798,0.9989,53,16776,284.605,🌟🌟🌟🌟🌟 | L2 | 服饰鞋包￥995/人 | 3.7,JNBY | 🌟🌟🌟🌟🌟 | L2 | 服饰鞋包￥995/人 | 3.7 | JNBY | 10:00营业,ocr/input_videos\上海__上海荟聚中心__20260826.mp4
OBS-001707,上海荟聚中心,乐道体验店,乐道体验店,4S店,3.5,,商场内,rated,True,,rated,parsed,rating_anchor,0.9971,0.9999,55,16776,284.605,4S店 | 商场内 | 🌟🌟🌟🌟🌟 | 3.5,乐道体验店 | 购新乐道L60 | 享限时礼遇 | 4S店 | 商场内 | 🌟🌟🌟🌟🌟 | 3.5 | 10:00营业,ocr/input_videos\上海__上海荟聚中心__20260826.mp4
OBS-001708,上海荟聚中心,JINS,JINS,眼镜店,4.8,729,LG1,rated,True,,rated,parsed,rating_anchor,0.9543,0.9115,58,16776,284.605,LG1 | 🌟🌟🌟⭐🌟 | 眼镜店 | ￥729/人 | 4.8,JINS | J!NS | LG1 | 🌟🌟🌟⭐🌟 | 眼镜店 | ￥729/人 | 4.8 | 30分钟 | 点评榜单 | 长宁区眼镜店热门榜第4名 | 立等可取 | 10:00营业 | 服务贴心，鼻托更换干净不收费 | J | “ | O,ocr/input_videos\上海__上海荟聚中心__20260826.mp4
OBS-001709,上海荟聚中心,魏牌新能源零售中心,魏牌新能源零售中心,4S店,3.8,,LG1,rated,True,,rated,parsed,rating_anchor,0.9976,0.9995,55,16776,284.605,LG1 | 🌟🌟🌟🌟⭐ | 4S店 | 3.8,魏牌新能源零售中心 | LG1 | 🌟🌟🌟🌟⭐ | 4S店 | 3.8 | 车内舒适，智驾功能体验佳” | 6 | 10:00营业,ocr/input_videos\上海__上海荟聚中心__20260826.mp4
OBS-001710,上海荟聚中心,芮兰·头皮&养发,芮兰·头皮&养发,养发,3.9,115,商场内,rated,True,,rated,parsed,rating_anchor,0.9647,0.9704,55,16776,284.605,商场内 | 🌟🌟🎉🌟⭐3.9 | 养发￥115/人,芮兰·头皮&养发 | 芮 | 商场内 | 🌟🌟🎉🌟⭐3.9 | 养发￥115/人 | 10:00营业,ocr/input_videos\上海__上海荟聚中心__20260826.mp4
OBS-001711,上海荟聚中心,New,New,运动户外,3.8,,LG1,rated,True,,rated,parsed,rating_anchor,0.999,0.9994,47,16812,285.216,🌟🌟🌟🌟🌟 | LG1 | 运动户外 | 3.8,Balance | New | 🌟🌟🌟🌟🌟 | LG1 | 运动户外 | 3.8 | 10:00营业,ocr/input_videos\上海__上海荟聚中心__20260826.mp4
OBS-001712,上海荟聚中心,JNBY,JNBY,服饰鞋包,3.7,995,L2,rated,True,,rated,parsed,rating_anchor,0.9991,0.9991,51,16812,285.216,L2 | ★🌟⭐🌟🌟 | 3.7 | 服饰鞋包 | ￥995/人,JNBY | L2 | ★🌟⭐🌟🌟 | 3.7 | 服饰鞋包 | ￥995/人 | JNBY | 10:00营业,ocr/input_videos\上海__上海荟聚中心__20260826.mp4
OBS-001713,上海荟聚中心,乐道体验店,乐道体验店,4S店,3.5,,商场内,rated,True,,rated,parsed,rating_anchor,0.997,0.9999,55,16812,285.216,4S店 | 商场内 | ⭐🌟🌟🌟🌟 | 3.5,乐道体验店 | 购新乐道L60 | 享限时礼遇 | 4S店 | 商场内 | ⭐🌟🌟🌟🌟 | 3.5 | 10:00营业,ocr/input_videos\上海__上海荟聚中心__20260826.mp4
OBS-001714,上海荟聚中心,JINS,JINS,眼镜店,4.8,729,LG1,rated,True,,rated,parsed,rating_anchor,0.9963,0.9984,51,16812,285.216,LG1 | 眼镜店 | ⭐🌟🌟🌟🌟 | ￥729/人 | 4.8,JINS | J!NS | LG1 | 眼镜店 | ⭐🌟🌟🌟🌟 | ￥729/人 | 4.8 | 30分钟 | 点评榜单 | 长宁区眼镜店热门榜第4名 | 立等可取 | 10:00营业 | 服务贴心， | 鼻托更换干净不收费 | 53,ocr/input_videos\上海__上海荟聚中心__20260826.mp4
OBS-001715,上海荟聚中心,魏牌新能源零售中心,魏牌新能源零售中心,4S店,3.8,,LG1,rated,True,,rated,parsed,rating_anchor,0.9974,0.9998,54,16812,285.216,4S店 | LG1 | 🌟🌟🎉🌟🌟 | 3.8,魏牌新能源零售中心 | 4S店 | LG1 | 🌟🌟🎉🌟🌟 | 3.8 | 车内舒适，智驾功能体验佳 | 10:00营业,ocr/input_videos\上海__上海荟聚中心__20260826.mp4
OBS-001716,上海荟聚中心,芮兰·头皮&养发,芮兰·头皮&养发,养发,3.9,115,商场内,rated,True,,rated,parsed,rating_anchor,0.9613,0.9663,52,16812,285.216,⭐⭐⭐3.9 | 商场内 | 养发￥115/人,芮兰·头皮&养发 | 芮兰 | ⭐⭐⭐3.9 | 商场内 | 养发￥115/人 | a8 | 10:00营业 | 惠 | 【招牌】 | 卡诗头皮[闪充]能 | ￥128￥200,ocr/input_videos\上海__上海荟聚中心__20260826.mp4
OBS-001717,上海荟聚中心,New,New,运动户外,3.8,,LG1,rated,True,,rated,parsed,rating_anchor,0.9989,0.9989,44,16824,285.419,🌟🌟🌟⭐ | LG1 | 运动户外 | 3.8,Balance | New | 🌟🌟🌟⭐ | LG1 | 运动户外 | 3.8 | 10:00营业,ocr/input_videos\上海__上海荟聚中心__20260826.mp4
OBS-001718,上海荟聚中心,JNBY,JNBY,服饰鞋包,3.7,995,L2,rated,True,,rated,parsed,rating_anchor,0.943,0.9317,54,16824,285.419,🌟🌟🌟🌟🌟 | L2 | 服饰鞋包￥995/人 | 3.7,JNBY | 🌟🌟🌟🌟🌟 | L2 | 服饰鞋包￥995/人 | 3.7 | JNBY | 10:00营业,ocr/input_videos\上海__上海荟聚中心__20260826.mp4
OBS-001719,上海荟聚中心,乐道体验店,乐道体验店,4S店,3.5,,商场内,rated,True,,rated,parsed,rating_anchor,0.9965,0.9999,55,16824,285.419,🌟🌟🌟🌟⭐ | 4S店 | 商场内 | 3.5,乐道体验店 | 购新乐道L60 | 享限时礼遇 | 🌟🌟🌟🌟⭐ | 4S店 | 商场内 | 3.5 | 10:00营业,ocr/input_videos\上海__上海荟聚中心__20260826.mp4
OBS-001720,上海荟聚中心,JINS,JINS,眼镜店,4.8,729,LG1,rated,True,,rated,parsed,rating_anchor,0.9926,0.9977,52,16824,285.419,🌟🌟🎉🎉🎉4.8 | LG1 | 眼镜店 | ￥729/人,JINS | J!NS | 🌟🌟🎉🎉🎉4.8 | LG1 | 眼镜店 | ￥729/人 | 30分钟 | 点评榜单 | 长宁区眼镜店热门榜第4名 | 立等可取 | 10:00营业 | 服务贴心，鼻托更换干净不收费 | “ | 55,ocr/input_videos\上海__上海荟聚中心__20260826.mp4
OBS-001721,上海荟聚中心,魏牌新能源零售中心,魏牌新能源零售中心,4S店,3.8,,LG1,rated,True,,rated,parsed,rating_anchor,0.998,0.9996,55,16824,285.419,LG1 | 🌟🌟🌟🌟 | 4S店 | 3.8,魏牌新能源零售中心 | LG1 | 🌟🌟🌟🌟 | 4S店 | 3.8 | 车内舒适，智驾功能体验佳” | 10:00营业,ocr/input_videos\上海__上海荟聚中心__20260826.mp4
OBS-001722,上海荟聚中心,芮兰·头皮&养发,芮兰·头皮&养发,养发,3.9,115,商场内,rated,True,,rated,parsed,rating_anchor,0.9592,0.965,52,16824,285.419,商场内 | ⭐🌟🌟🌟⭐3.9 | 养发￥115/人,芮兰·头皮&养发 | 内 | 商场内 | ⭐🌟🌟🌟⭐3.9 | 养发￥115/人 | 10:00营业 | ￥128￥200 | 【招牌】 | 惠 | 卡诗头皮[闪充]能,ocr/input_videos\上海__上海荟聚中心__20260826.mp4
OBS-001723,上海荟聚中心,JINS,JINS,眼镜店,,729,LG1,unknown,True,,ocr_missing,parsed,metadata_anchor,0.9189,0.8742,52,16896,286.641,LG1 | 🌟🌟⭐🌟🌟 | 眼镜店￥729/人 | 14.8,JINS | J!NS | LG1 | 🌟🌟⭐🌟🌟 | 眼镜店￥729/人 | 14.8 | 30分钟 | 点评榜单 | 长宁区眼镜店热门榜第4名 | 立等可取 | 套10:00营业 | 服务贴心，鼻托更换干净不收费 | 59 | “,ocr/input_videos\上海__上海荟聚中心__20260826.mp4
OBS-001724,上海荟聚中心,魏牌新能源零售中心,魏牌新能源零售中心,4S店,,,LG1,unknown,True,,ocr_missing,parsed,metadata_anchor,0.997,0.9993,54,16896,286.641,⭐🌟⭐🌟⭐ | LG1 | 3.84S店,魏牌新能源零售中心 | ⭐🌟⭐🌟⭐ | LG1 | 3.84S店 | 车内舒适，智驾功能体验佳 | S | 10:00营业,ocr/input_videos\上海__上海荟聚中心__20260826.mp4
OBS-001725,上海荟聚中心,芮兰·头皮&养发,芮兰·头皮&养发,养发,3.9,115,商场内,rated,True,,rated,parsed,rating_anchor,0.9501,0.9551,52,16896,286.641,商场内 | 3.9养发￥115/人,芮兰·头皮&养发 | 茵 | 商场内 | 3.9养发￥115/人 | 10:00营业 | ￥128￥200 | 【招牌】卡诗头皮[闪充]能.. | 惠,ocr/input_videos\上海__上海荟聚中心__20260826.mp4
OBS-001726,上海荟聚中心,ROCK&RIDE,ROCK&RIDE,服饰鞋包,4.8,1442,L1,rated,True,,rated,parsed,rating_anchor,0.9805,0.9971,48,16896,286.641,🌟🌟⭐⭐ | L1 | 服饰鞋包￥1442/人 | 4.8,RUHXRRIUZ | ROCK&RIDE | 🌟🌟⭐⭐ | L1 | 服饰鞋包￥1442/人 | 4.8 | 点评榜单 | 北新泾/淞虹路服饰鞋包好评榜第6名 | 10:00营业 | 做旧工艺酷炫，服务耐心周到”,ocr/input_videos\上海__上海荟聚中心__20260826.mp4
OBS-001727,上海荟聚中心,TESLA 特斯拉,TESLA特斯拉,4S店,4.0,51816,L1,rated,True,,rated,parsed,rating_anchor,0.9755,0.9558,52,16896,286.641,🌟🌟🌟🌟 | 4S店 | L1 | 4.0 | ￥51816/人,TESLA 特斯拉 | 进店体验 | 特斯拉辅助驾驶 | 🌟🌟🌟🌟 | 4S店 | L1 | 4.0 | ￥51816/人 | 科技感十，娱乐小游戏丰富 | 营业中 | ¥0.01￥1智驾/辅助驾驶体验免费预约 | 惠,ocr/input_videos\上海__上海荟聚中心__20260826.mp4
OBS-001728,上海荟聚中心,JINS,JINS,眼镜店,4.8,729,LG1,rated,True,,rated,parsed,rating_anchor,0.9815,0.9962,52,16920,287.048,LG1 | 🌟🌟🎉🎉🌟4.8 | 眼镜店￥729/人,JINS | J!NS | LG1 | 🌟🌟🎉🎉🌟4.8 | 眼镜店￥729/人 | 30分钟 | 点评榜单 | 长宁区眼镜店热门榜第4名 | 立等可取 | 10:00营业 | 服务贴心，鼻托更换干净不收费 | 55 | C,ocr/input_videos\上海__上海荟聚中心__20260826.mp4
OBS-001729,上海荟聚中心,魏牌新能源零售中心,魏牌新能源零售中心,4S店,,,LG1,unknown,True,,ocr_missing,parsed,metadata_anchor,0.9987,0.9997,54,16920,287.048,LG1 | 3.84S店 | 🌟🌟⭐💥🌟,魏牌新能源零售中心 | LG1 | 3.84S店 | 🌟🌟⭐💥🌟 | 车内舒适，智驾功能体验佳 | 5 | 10:00营业,ocr/input_videos\上海__上海荟聚中心__20260826.mp4
OBS-001730,上海荟聚中心,芮兰·头皮&养发,芮兰·头皮&养发,养发,3.9,115,商场内,rated,True,,rated,parsed,rating_anchor,0.9494,0.9606,52,16920,287.048,3.9养发￥115/人 | 商场内,芮兰·头皮&养发 | 芮 | 3.9养发￥115/人 | 商场内 | 10:00营业 | ￥128￥200 | 【招牌】卡诗头皮[闪充]能.. | 惠,ocr/input_videos\上海__上海荟聚中心__20260826.mp4
OBS-001731,上海荟聚中心,ROCK&RIDE,ROCK&RIDE,服饰鞋包,4.8,1442,L1,rated,True,,rated,parsed,rating_anchor,0.9797,0.9949,48,16920,287.048,L1 | 🌟🌟🌟🌟🌟 | 服饰鞋包￥1442/人 | 4.8,RUHXXRIUZ | ROCK&RIDE | L1 | 🌟🌟🌟🌟🌟 | 服饰鞋包￥1442/人 | 4.8 | 点评榜单 | 北新泾/淞虹路服饰鞋包好评榜第6名 | 10:00营业 | 做旧工艺酷炫，服务耐心周到,ocr/input_videos\上海__上海荟聚中心__20260826.mp4
OBS-001732,上海荟聚中心,TESLA 特斯拉,TESLA特斯拉,4S店,4.0,51816,L1,rated,True,,rated,parsed,rating_anchor,0.9823,0.9684,50,16920,287.048,🌟🌟⭐⭐ | L1 | 4.0 | 4S店 | ￥51816/人,TESLA 特斯拉 | 进店体验 | 特斯拉辅助驾驶 | 🌟🌟⭐⭐ | L1 | 4.0 | 4S店 | ￥51816/人 | 科技感十足，娱乐小游戏丰富 | 营业中 | ￥0.01￥1智驾/辅助驾驶体验免费预约 | 惠,ocr/input_videos\上海__上海荟聚中心__20260826.mp4
OBS-001733,上海荟聚中心,摩登巴赫香氛艺术馆,摩登巴赫香氛艺术馆,展览,4.9,231,L2,rated,True,,rated,parsed,rating_anchor,0.9957,0.9916,48,16920,287.048,🌟🌟⭐🎉⭐4.9 | L2 | ￥231/人 | 展览,摩登巴赫香氛艺术馆 | MODERN | 🌟🌟⭐🎉⭐4.9 | L2 | ￥231/人 | 展览 | BATH,ocr/input_videos\上海__上海荟聚中心__20260826.mp4
OBS-001734,上海荟聚中心,内二·大反&乔反,内二·大反&乔反,养发,3.9,115,商场内,rated,True,,rated,parsed,rating_anchor,0.8176,0.6939,34,16992,288.269,商场内 | 3.9养发￥115/人,内二·大反&乔反 | 商场内 | 3.9养发￥115/人 | 10:00营业 | 惠 | ￥128￥200 | 【招牌】卡诗头皮[闪充]能...,ocr/input_videos\上海__上海荟聚中心__20260826.mp4
OBS-001735,上海荟聚中心,ROCK&RIDE,ROCK&RIDE,服饰鞋包,4.8,1442,L1,rated,True,,rated,parsed,rating_anchor,0.9828,0.9936,47,16992,288.269,⭐🌟🌟⭐🌟 | L1 | 服饰鞋包￥1442/人 | 4.8,RUMXARIUE | ROCK&RIDE | ⭐🌟🌟⭐🌟 | L1 | 服饰鞋包￥1442/人 | 4.8 | 点评榜单 | 北新泾/淞虹路服饰鞋包好评榜第6名 | 10:00营业 | 做旧工艺酷炫，服务耐心周到,ocr/input_videos\上海__上海荟聚中心__20260826.mp4
OBS-001736,上海荟聚中心,TESLA特斯拉,TESLA特斯拉,4S店,4.0,51816,L1,rated,True,,rated,parsed,rating_anchor,0.9736,0.9984,51,16992,288.269,L1 | 🌟🌟🌟⭐ | 4S店￥51816/人 | 4.0 | ★,TESLA特斯拉 | 进店体验 | 特斯拉辅助驾驶 | L1 | 🌟🌟🌟⭐ | 4S店￥51816/人 | 4.0 | ★ | 科技感十足，娱乐小游戏丰富 | 3 | 营业中 | ￥0.01￥4智驾/辅助驾驶体验免费预约 | 惠,ocr/input_videos\上海__上海荟聚中心__20260826.mp4
OBS-001737,上海荟聚中心,摩登巴赫香氛艺术馆,摩登巴赫香氛艺术馆,展览,4.9,231,L2,rated,True,,rated,parsed,rating_anchor,0.9753,0.9933,51,16992,288.269,L2 | ⭐🌟⭐⭐🎉4.9 | 展览￥231/人,摩登巴赫香氛艺术馆 | MODERN | L2 | ⭐🌟⭐⭐🎉4.9 | 展览￥231/人 | BATH | ART | 点评榜单 | 长宁区文化艺术好评榜第2名 | 摩登巴林 | 10:00营业 | 店铺设计艺术感十足，香氛种类丰富 | ￥54.9￥90摩登巴赫冬季-旅游/出差... | 惠,ocr/input_videos\上海__上海荟聚中心__20260826.mp4
OBS-001738,上海荟聚中心,舒福德智能床,舒福德智能床,智能家居,4.4,19200,L3,rated,True,,rated,parsed,rating_anchor,0.9888,0.9994,51,16992,288.269,⭐🌟⭐⭐ | 4.4智能家居￥19200/人 | L3 | ★,舒福德智能床 | 键入眠 | 睡舒福德 | ⭐🌟⭐⭐ | 4.4智能家居￥19200/人 | L3 | ★ | 好检 | 人注 | 0 | 点评榜单 | 长宁区家具家居好评榜第9名 | 10:00营业 | 床垫软硬度刚好，科技感十足 | ≤ | 周生生Chow Sang Sang,ocr/input_videos\上海__上海荟聚中心__20260826.mp4
OBS-001739,上海荟聚中心,ROCK&RIDE,ROCK&RIDE,服饰鞋包,4.8,1442,L1,rated,True,,rated,parsed,rating_anchor,0.9829,0.9935,44,17004,288.473,L1 | ★★★★★ | 4.8 | 服饰鞋包￥1442/人,RULKKRIUE | ROCK&RIDE | L1 | ★★★★★ | 4.8 | 服饰鞋包￥1442/人 | 新 | 点评榜单 | 北新泾/淞虹路服饰鞋包好评榜第6名 | 10:00营业 | 做旧工艺酷炫，服务耐心周到 | 2,ocr/input_videos\上海__上海荟聚中心__20260826.mp4
OBS-001740,上海荟聚中心,TESLA特斯拉,TESLA特斯拉,4S店,4.0,51816,L1,rated,True,,rated,parsed,rating_anchor,0.973,0.9987,48,17004,288.473,🌟🌟🌟🌟 | L1 | 4.0 | 4S店￥51816/人 | ★,TESLA特斯拉 | 进店体验 | 特斯拉辅助驾驶 | 🌟🌟🌟🌟 | L1 | 4.0 | 4S店￥51816/人 | ★ | 科技感十，娱乐小游戏丰富 | 2 | C | 营业中 | ￥0.01￥1智驾/辅助驾驶体验免费预约 | 惠,ocr/input_videos\上海__上海荟聚中心__20260826.mp4
OBS-001741,上海荟聚中心,摩登巴赫香氛艺术馆,摩登巴赫香氛艺术馆,展览,4.9,231,L2,rated,True,,rated,parsed,rating_anchor,0.9694,0.9948,50,17004,288.473,展览￥231/人 | L2 | 🌟🌟🌟⭐⭐4.9,摩登巴赫香氛艺术馆 | MODERN | 展览￥231/人 | L2 | 🌟🌟🌟⭐⭐4.9 | BATH | ART | 点评榜单 | 长宁区文化艺术好评榜第2名 | 摩登巴林 | 10:00营业 | 店铺设计艺术感十足，香氛种类丰富 | ￥54.9￥90摩登巴赫冬季-旅游/出差... | 惠,ocr/input_videos\上海__上海荟聚中心__20260826.mp4
OBS-001742,上海荟聚中心,舒福德智能床,舒福德智能床,智能家居,4.4,19200,L3,rated,True,,rated,parsed,rating_anchor,0.9695,0.9996,51,17004,288.473,L3 | ★🌟🌟 | ★4.4智能家居￥19200/人,舒福德智能床 | 一键入眠 | 睡舒福德 | L3 | ★🌟🌟 | ★4.4智能家居￥19200/人 | 好墙法 | 全银 | 点评榜单 | 长宁区家具家居好评榜第9名 | 10:00营业 | 床垫软硬度刚好，科技感十足 | 7 | 周生生Chow SangSang | 国44 | Vo275L,ocr/input_videos\上海__上海荟聚中心__20260826.mp4
OBS-001743,上海荟聚中心,芮兰·头皮&养发,芮兰·头皮&养发,养发,3.9,115,商场内,rated,True,,rated,parsed,rating_anchor,0.9591,0.962,53,17040,289.084,商场内 | 3.9养发￥115/人,芮兰·头皮&养发 | 兰 | 芮 | 商场内 | 3.9养发￥115/人 | 10:00营业 | ￥128￥200 | 【招牌】卡诗头皮[闪充]能.. | 惠,ocr/input_videos\上海__上海荟聚中心__20260826.mp4
OBS-001744,上海荟聚中心,ROCK&RIDE,ROCK&RIDE,服饰鞋包,4.8,1442,L1,rated,True,,rated,parsed,rating_anchor,0.9798,0.9957,48,17040,289.084,L1 | ★🌟★★★ | 服饰鞋包￥1442/人 | 4.8,RUHXEXRIUE | ROCK&RIDE | L1 | ★🌟★★★ | 服饰鞋包￥1442/人 | 4.8 | 点评榜单 | 北新泾/淞虹路服饰鞋包好评榜第6名 | 10:00营业 | 做旧工艺酷炫，服务耐心周到,ocr/input_videos\上海__上海荟聚中心__20260826.mp4
OBS-001745,上海荟聚中心,TESLA 特斯拉,TESLA特斯拉,4S店,4.0,51816,L1,rated,True,,rated,parsed,rating_anchor,0.957,0.964,50,17040,289.084,L1 | 🌟🌟⭐🌈 | 4S店￥51816/人 | 4.0,TESLA 特斯拉 | 进店体验 | 特斯拉辅助驾驶 | L1 | 🌟🌟⭐🌈 | 4S店￥51816/人 | 4.0 | 科技感十，娱乐小游戏丰富” | 营业中 | ￥0.01￥1智驾/辅助驾驶体验免费预约 | 惠,ocr/input_videos\上海__上海荟聚中心__20260826.mp4
OBS-001746,上海荟聚中心,摩登巴赫香氛艺术馆,摩登巴赫香氛艺术馆,展览,4.9,231,L2,rated,True,,rated,parsed,rating_anchor,0.976,0.9954,54,17040,289.084,🌟🌟🎉🎉🎉4.9 | L2 | 展览￥231/人,摩登巴赫香氛艺术馆 | MODERN | 🌟🌟🎉🎉🎉4.9 | L2 | 展览￥231/人 | BATH | ART | 点评榜单 | 长宁区化艺术好评榜第2名 | 摩登巴林 | 10:00营业 | 店铺设计艺术感十足，香氛种类丰富 | K | 3 | ￥54.9￥90摩登巴赫冬季-旅游/出差.. | 惠,ocr/input_videos\上海__上海荟聚中心__20260826.mp4
OBS-001747,上海荟聚中心,舒福德智能床,舒福德智能床,智能家居,,19200,L3,unknown,True,,ocr_missing,parsed,metadata_anchor,0.9869,0.9994,51,17040,289.084,🌟🌟⭐ | L3 | 智能家居￥19200/人 | 2,舒福德智能床 | 一键入眠 | 睡舒福德 | 🌟🌟⭐ | L3 | 智能家居￥19200/人 | 2 | 全 | 点评榜单 | 长宁区家具家居好评榜第9名 | 10:00营业 | 床垫软硬度刚好，科技感十足 | 周生生CL,ocr/input_videos\上海__上海荟聚中心__20260826.mp4
OBS-001748,上海荟聚中心,芮兰·头皮&养发,芮兰·头皮&养发,养发,3.9,115,商场内,rated,True,,rated,parsed,rating_anchor,0.9577,0.9588,51,17064,289.491,商场内 | 3.9养发￥115/人,芮兰·头皮&养发 | 芮兰 | 商场内 | 3.9养发￥115/人 | A2. | 10:00营业 | ￥128￥200 | 【招牌】卡诗头皮[闪充]能... | 惠,ocr/input_videos\上海__上海荟聚中心__20260826.mp4
OBS-001749,上海荟聚中心,ROCK&RIDE,ROCK&RIDE,服饰鞋包,4.8,1442,L1,rated,True,,rated,parsed,rating_anchor,0.9843,0.9958,43,17064,289.491,★★★★★ | L1 | 服饰鞋包￥1442/人 | 4.8,RUMXARIUE | ROCK&RIDE | ★★★★★ | L1 | 服饰鞋包￥1442/人 | 4.8 | 点评榜单 | 北新泾/淞虹路服饰鞋包好评榜第6名 | 10:00营业 | 做旧工艺酷炫，服务耐心周到,ocr/input_videos\上海__上海荟聚中心__20260826.mp4
OBS-001750,上海荟聚中心,TESLA 特斯拉,TESLA特斯拉,4S店,4.0,51816,L1,rated,True,,rated,parsed,rating_anchor,0.9516,0.9519,50,17064,289.491,⭐🌟⭐⭐ | L1 | 4S店￥51816/人 | 4.0 | ★,TESLA 特斯拉 | 进店体验 | 特斯拉辅助驾驶 | ⭐🌟⭐⭐ | L1 | 4S店￥51816/人 | 4.0 | ★ | 科技感十足，娱乐小游戏丰富 | 营业中 | ￥0.01￥1智驾/辅助驾驶体验免费预约 | 惠,ocr/input_videos\上海__上海荟聚中心__20260826.mp4
OBS-001751,上海荟聚中心,摩登巴赫香氛艺术馆,摩登巴赫香氛艺术馆,展览,4.9,231,L2,rated,True,,rated,parsed,rating_anchor,0.9771,0.9943,48,17064,289.491,L2 | ★★★★★4.9 | 展览￥231/人,摩登巴赫香氛艺术馆 | MODERN | L2 | ★★★★★4.9 | 展览￥231/人 | BATH | ART | 点评榜单 | 长宁区文化艺术好评榜第2名 | 摩登巴林 | 10:00营业 | 店铺设计艺术感十足，香氛种类丰富 | ￥54.9￥90摩登巴赫冬季-旅游/出差... | 惠,ocr/input_videos\上海__上海荟聚中心__20260826.mp4
OBS-001752,上海荟聚中心,舒福德智能床,舒福德智能床,智能家居,4.4,19200,L3,rated,True,,rated,parsed,rating_anchor,0.9879,0.9994,51,17064,289.491,🌟🌟⭐⭐ | L3 | 4.4智能家居￥19200/人 | ★,舒福德智能床 | 一键入眠 | 睡舒福德 | 🌟🌟⭐⭐ | L3 | 4.4智能家居￥19200/人 | ★ | 检达床全理国 | 点评榜单 | 长宁区家具家居好评榜第9名 | 10:00营业 | 床垫软硬度刚好，科技感十足 | ≤ | 1 | 电告告,ocr/input_videos\上海__上海荟聚中心__20260826.mp4
OBS-001753,上海荟聚中心,ROCK&RIDE,ROCK&RIDE,服饰鞋包,4.8,1442,L1,rated,True,,rated,parsed,rating_anchor,0.9781,0.9936,47,17100,290.102,★🌟🌟🌟🌟 | L1 | 4.8 | 服饰鞋包￥1442/人,RUMXAXIUZ | ROCK&RIDE | ★🌟🌟🌟🌟 | L1 | 4.8 | 服饰鞋包￥1442/人 | 野 | 点评榜单 | 北新泾/淞虹路服饰鞋包好评榜第6名 | 10:00营业 | 做旧工艺酷炫，服务耐心周到,ocr/input_videos\上海__上海荟聚中心__20260826.mp4
OBS-001754,上海荟聚中心,TESLA特斯拉,TESLA特斯拉,4S店,,51816,L1,unknown,True,,ocr_missing,parsed,metadata_anchor,0.9801,0.9983,51,17100,290.102,L1 | 🌟🌟⭐⭐ | 4.04S店￥51816/人,TESLA特斯拉 | 进店体验 | 特斯拉辅助驾驶 | L1 | 🌟🌟⭐⭐ | 4.04S店￥51816/人 | 科技感十，娱乐小游戏丰富 | 营业中 | ￥0.01￥1智驾/辅助驾驶体验免费预约 | 惠,ocr/input_videos\上海__上海荟聚中心__20260826.mp4
OBS-001755,上海荟聚中心,摩登巴赫香氛艺术馆,摩登巴赫香氛艺术馆,月,4.9,231,L2,rated,True,,rated,parsed,rating_anchor,0.8628,0.9948,48,17100,290.102,L2 | ⭐🌈4.9月 | 展览￥231/人,摩登巴赫香氛艺术馆 | MODERN | L2 | ⭐🌈4.9月 | 展览￥231/人 | BATH | ART | 点评榜单 | 长宁区化艺术好评榜第2名 | 摩登巴林 | 10:00营业 | 店铺设计艺术感十足，香氛种类丰富 | 3 | 惠 | ￥54.9￥90摩登巴赫冬季-旅游/出差...,ocr/input_videos\上海__上海荟聚中心__20260826.mp4
OBS-001756,上海荟聚中心,舒福德智能床,舒福德智能床,智能家居,4.4,19200,L3,rated,True,,rated,parsed,rating_anchor,0.9857,0.999,51,17100,290.102,L3 | 🌟🌟⭐⭐ | 智能家居￥19200/人 | 4.4 | ★,舒福德智能床 | 一键入眠 | 睡舒福德 | L3 | 🌟🌟⭐⭐ | 智能家居￥19200/人 | 4.4 | ★ | 点评榜单 | 长宁区家具家居好评榜第9名 | 10:00营业 | 床垫软硬度刚好，科技感十足,ocr/input_videos\上海__上海荟聚中心__20260826.mp4
OBS-001757,上海荟聚中心,周生生Chow Sang Sang,周生生ChowSangSang,黄金首饰,4.5,8275,L1,rated,True,,rated,parsed,rating_anchor,0.9579,0.9552,66,17100,290.102,4.5黄金首饰￥8275/人 | L1,周生生Chow Sang Sang | 周生生 | 4.5黄金首饰￥8275/人 | L1 | 上新款式多，店铺干净整洁 | “ | (hnuSannSann | 10:00营业,ocr/input_videos\上海__上海荟聚中心__20260826.mp4
OBS-001758,上海荟聚中心,TESLA特斯拉,TESLA特斯拉,4S店,4.0,51816,L1,rated,True,,rated,parsed,rating_anchor,0.9697,0.9988,48,17124,290.509,🌟🌟🌟🌟 | L1 | 4.0 | 4S店￥51816/人,TESLA特斯拉 | 进店体验 | 特斯拉辅助驾驶 | 🌟🌟🌟🌟 | L1 | 4.0 | 4S店￥51816/人 | 科技感十足，娱乐小游戏丰富 | 3 | 营业中 | ￥0.01￥1智驾/辅助驾驶体验免费预约 | 惠,ocr/input_videos\上海__上海荟聚中心__20260826.mp4
OBS-001759,上海荟聚中心,摩登巴赫香氛艺术馆,摩登巴赫香氛艺术馆,展览,4.9,231,L2,rated,True,,rated,parsed,rating_anchor,0.9754,0.9945,51,17124,290.509,🌟⭐🌟4.9 | L2 | 展览￥231/人,摩登巴赫香氛艺术馆 | MODERN | 🌟⭐🌟4.9 | L2 | 展览￥231/人 | BATH | ART | 点评榜单 | 长宁区化艺术好评榜第2名 | 摩登巴林 | 10:00营业 | 店铺设计艺术感十，香氛种类丰富 | ￥54.9￥90摩登巴赫冬季-旅游/出差... | 惠,ocr/input_videos\上海__上海荟聚中心__20260826.mp4
OBS-001760,上海荟聚中心,舒福德智能床,舒福德智能床,智能家居,4.4,19200,L3,rated,True,,rated,parsed,rating_anchor,0.9851,0.9989,51,17124,290.509,🌟🌟🌟🌟 | L3 | 智能家居￥19200/人 | 4.4,舒福德智能床 | 键入眠 | 一 | 睡舒福德 | 🌟🌟🌟🌟 | L3 | 智能家居￥19200/人 | 4.4 | 时福热 | 注全 | ® | 点评榜单 | 长宁区家具家居好评榜第9名 | 10:00营业 | 床垫软硬度刚好，科技感十足,ocr/input_videos\上海__上海荟聚中心__20260826.mp4
OBS-001761,上海荟聚中心,周生生Chow Sang Sang,周生生ChowSangSang,黄金首饰,4.5,8275,L1,rated,True,,rated,parsed,rating_anchor,0.9518,0.9381,67,17124,290.509,4.5黄金首饰￥8275/人 | L1,周生生Chow Sang Sang | 周生生 | 4.5黄金首饰￥8275/人 | L1 | 上新款式多，店铺干净整洁 | “ | (hnm(ann(ann | 10:00营业,ocr/input_videos\上海__上海荟聚中心__20260826.mp4
OBS-001762,上海荟聚中心,华硕电脑智汇家,华硕电脑智汇家,数码产品,4.8,5940,LG1,rated,True,,rated,parsed,rating_anchor,0.9801,0.9995,48,17124,290.509,LG1 | 🌟4.8 | 数码产品￥5940/人,华硕电脑智汇家 | ASUS | LG1 | 🌟4.8 | 数码产品￥5940/人 | 华硕智汇家 | 1 | 样机齐全又新，服务周到全面 | 000 | 502 | 10:00营业 | ￥169￥328 | 惠 | 【电脑清灰】 | 笔记本电脑...,ocr/input_videos\上海__上海荟聚中心__20260826.mp4
OBS-001763,上海荟聚中心,TESLA 特斯拉,TESLA特斯拉,4S店,4.0,51816,L1,rated,True,,rated,parsed,rating_anchor,0.9763,0.9565,51,17160,291.12,L1 | 🌟🌟🌟🌟 | 4S店 | ￥51816/人 | 4.0,TESLA 特斯拉 | 进店体验 | 特斯拉辅助驾驶 | L1 | 🌟🌟🌟🌟 | 4S店 | ￥51816/人 | 4.0 | 科技感十足，娱乐小游戏丰富 | 营业中 | ￥0.01￥1智驾/辅助驾驶体验免费预约 | 惠,ocr/input_videos\上海__上海荟聚中心__20260826.mp4
OBS-001764,上海荟聚中心,摩登巴赫香氛艺术馆,摩登巴赫香氛艺术馆,展览,4.9,231,L2,rated,True,,rated,parsed,rating_anchor,0.9793,0.9963,51,17160,291.12,⭐🌟⭐⭐🎉4.9 | L2 | 展览￥231/人,摩登巴赫香氛艺术馆 | MODERN | ⭐🌟⭐⭐🎉4.9 | L2 | 展览￥231/人 | BATH | ART | 点评榜单 | 长宁区文化艺术好评榜第2名 | 摩登巴林 | 10:00营业 | 店铺设计艺术感十足，香氛种类丰富 | 惠 | ￥54.9￥90摩登巴赫冬季-旅游/出差...,ocr/input_videos\上海__上海荟聚中心__20260826.mp4
OBS-001765,上海荟聚中心,舒福德智能床,舒福德智能床,智能家居,4.4,19200,L3,rated,True,,rated,parsed,rating_anchor,0.9882,0.9985,51,17160,291.12,🌟🌟🎉 | L3 | 智能家居￥19200/人 | 4.4,舒福德智能床 | 键入眠 | _ | 睡舒福德 | 🌟🌟🎉 | L3 | 智能家居￥19200/人 | 4.4 | 彩福法 | 国全 | 点评榜单 | 长宁区家具家居好评榜第9名 | 10:00营业 | 床垫软硬度刚好，科技感十足,ocr/input_videos\上海__上海荟聚中心__20260826.mp4
OBS-001766,上海荟聚中心,周生生Chow Sang Sang,周生生ChowSangSang,黄金首饰,4.5,8275,L1,rated,True,,rated,parsed,rating_anchor,0.9631,0.9563,68,17160,291.12,🌟🌟⭐⭐🌟 | L1 | 4.5 | 黄金首饰￥8275/人,周生生Chow Sang Sang | 周生生 | 🌟🌟⭐⭐🌟 | L1 | 4.5 | 黄金首饰￥8275/人 | 上新款式多，店铺干净整洁 | (hnu(ann(ann | 10:00营业,ocr/input_videos\上海__上海荟聚中心__20260826.mp4
OBS-001767,上海荟聚中心,华硕电脑智汇家,华硕电脑智汇家,数码产品,4.8,5940,LG1,rated,True,,rated,parsed,rating_anchor,0.9787,0.9992,50,17160,291.12,🌟⭐⭐⭐4.8 | LG1 | 数码产品￥5940/人,华硕电脑智汇家 | ASUS | 🌟⭐⭐⭐4.8 | LG1 | 数码产品￥5940/人 | 华硕智汇家 | 样机齐全又新，服务周到全面 | 0 | 10:00营业 | ￥169￥328 | 【电脑清灰】笔记本电脑.. | 惠,ocr/input_videos\上海__上海荟聚中心__20260826.mp4
OBS-001768,上海荟聚中心,ICOLH付别I,ICOLH付别I,4S店,,51816,L1,unknown,True,,ocr_missing,parsed,metadata_anchor,0.834,0.7014,31,17208,291.934,L1 | ★★★★★ | 4.04S店￥51816/人,ICOLH付别I | 特斯拉辅助驾驶 | L1 | ★★★★★ | 4.04S店￥51816/人 | 科技感十足，娱乐小游戏丰富 | 营业中 | ￥0.01￥1智驾/辅助驾驶体验免费预约 | 惠,ocr/input_videos\上海__上海荟聚中心__20260826.mp4
OBS-001769,上海荟聚中心,摩登巴赫香氛艺术馆,摩登巴赫香氛艺术馆,展览,4.9,231,L2,rated,True,,rated,parsed,rating_anchor,0.9749,0.9956,51,17208,291.934,🌈4.9 | L2 | 展览￥231/人,摩登巴赫香氛艺术馆 | MODERN | 🌈4.9 | L2 | 展览￥231/人 | BATH | ART | 点评榜单 | 长宁区文化艺术好评榜第2名 | 摩登巴林 | 10:00营业 | 店铺设计艺术感十足，香氛种类丰富 | ￥54.9￥90摩登巴赫冬季-旅游/出差... | 惠,ocr/input_videos\上海__上海荟聚中心__20260826.mp4
OBS-001770,上海荟聚中心,舒福德智能床,舒福德智能床,智能家居,4.4,19200,L3,rated,True,,rated,parsed,rating_anchor,0.9867,0.9995,51,17208,291.934,⭐🌟⭐🌟 | L3 | 4.4 | 智能家居￥19200/人,舒福德智能床 | 键入眠 | 睡舒福德 | ⭐🌟⭐🌟 | L3 | 4.4 | 智能家居￥19200/人 | 好指达 | 提宝理学 | ® | 点评榜单 | 长宁区家具家居好评榜第9名 | 日 | 10:00营业 | 床垫软硬度刚好，科技感十足 | ≤ | 2,ocr/input_videos\上海__上海荟聚中心__20260826.mp4
OBS-001771,上海荟聚中心,周生生Chow Sang Sang,周生生ChowSangSang,黄金首饰,4.5,8275,L1,rated,True,,rated,parsed,rating_anchor,0.9636,0.961,72,17208,291.934,⭐⭐🌟4.5 | L1 | 黄金首饰￥8275/人,周生生Chow Sang Sang | 周生生 | ⭐⭐🌟4.5 | L1 | 黄金首饰￥8275/人 | 上新款式多，店铺干净整洁 | (hnu Sann(ann | 10:00营业,ocr/input_videos\上海__上海荟聚中心__20260826.mp4
OBS-001772,上海荟聚中心,华硕电脑智汇家,华硕电脑智汇家,数码产品,4.8,5940,LG1,rated,True,,rated,parsed,rating_anchor,0.9818,0.9987,51,17208,291.934,LG1 | 4.8数码产品￥5940/人,华硕电脑智汇家 | ASUS | LG1 | 4.8数码产品￥5940/人 | 华硕智汇家 | 研 | 样机齐全又新，服务周到全面” | 2 | 10:00营业 | ￥169￥328 | 【电脑清灰】笔记本电脑... | 惠,ocr/input_videos\上海__上海荟聚中心__20260826.mp4
OBS-001773,上海荟聚中心,摩登巴赫香氛艺术馆,摩登巴赫香氛艺术馆,展览,4.9,231,L2,rated,True,,rated,parsed,rating_anchor,0.9728,0.9958,51,17232,292.341,🌟🌟🎉🌈4.9 | L2 | 展览￥231/人,摩登巴赫香氛艺术馆 | MODERN | 🌟🌟🎉🌈4.9 | L2 | 展览￥231/人 | BATH | ART | 点评榜单 | 长宁区化艺术好评榜第2名 | 摩登巴林 | 10:00营业 | 店铺设计艺术感十，香氛种类丰富 | ￥54.9￥90摩登巴赫冬季-旅游/出差.. | 惠,ocr/input_videos\上海__上海荟聚中心__20260826.mp4
OBS-001774,上海荟聚中心,舒福德智能床,舒福德智能床,智能家居,4.4,19200,L3,rated,True,,rated,parsed,rating_anchor,0.9849,0.9989,50,17232,292.341,🌟🌟🌟⭐ | L3 | 智能家居￥19200/人 | 4.4 | ★,舒福德智能床 | 键入眠 | — | 睡舒福德 | 🌟🌟🌟⭐ | L3 | 智能家居￥19200/人 | 4.4 | ★ | 彩福热 | ? | 点评榜单 | 长宁区家具家居好评榜第9名 | 10:00营业 | 床垫软硬度刚好，科技感十足,ocr/input_videos\上海__上海荟聚中心__20260826.mp4
OBS-001775,上海荟聚中心,周生生Chow Sang Sang,周生生ChowSangSang,黄,4.5,8275,L1,rated,True,,rated,parsed,rating_anchor,0.8658,0.938,71,17232,292.341,L1 | 🌟🌟⭐🌟🎉 | 4.5黄 | 黄金首饰￥8275/人,周生生Chow Sang Sang | 周生生 | L1 | 🌟🌟⭐🌟🎉 | 4.5黄 | 黄金首饰￥8275/人 | 上新款式多，店铺干净整洁 | Chnm(ann(ann | 10:00营业,ocr/input_videos\上海__上海荟聚中心__20260826.mp4
OBS-001776,上海荟聚中心,华硕电脑智汇家,华硕电脑智汇家,数码产品,4.8,5940,LG1,rated,True,,rated,parsed,rating_anchor,0.981,0.9993,54,17232,292.341,LG1 | ★★★★★ | 数码产品￥5940/人 | 4.8,华硕电脑智汇家 | ASUS | LG1 | ★★★★★ | 数码产品￥5940/人 | 4.8 | 华硕智汇家 | 样机齐全又新，服务周到全面 | G | 福 | 200 | 10:00营业 | ￥169￥328 | 【电脑清灰】笔记本电脑... | 惠,ocr/input_videos\上海__上海荟聚中心__20260826.mp4
OBS-001777,上海荟聚中心,moodytiger,moodytiger,服饰鞋包,4.0,,L3,rated,True,,rated,parsed,rating_anchor,0.9993,0.9991,61,17232,292.341,🌟🌟⭐⭐ | L3 | 服饰鞋包 | 4.0 | ★,moodytiger | 🌟🌟⭐⭐ | L3 | 服饰鞋包 | 4.0 | ★ | moodytiger | 10:00营业,ocr/input_videos\上海__上海荟聚中心__20260826.mp4
OBS-001778,上海荟聚中心,VANS,VANS,服饰鞋包,4.5,,LG1,rated,True,,rated,parsed,rating_anchor,0.9965,0.9972,50,17232,292.341,LG1 | 4.5服饰鞋包,VANS | LG1 | 4.5服饰鞋包,ocr/input_videos\上海__上海荟聚中心__20260826.mp4
OBS-001779,上海荟聚中心,舒福德智能床,舒福德智能床,智能家居,4.4,19200,L3,rated,True,,rated,parsed,rating_anchor,0.986,0.9996,52,17256,292.748,L3 | 🌟🌟🌟⭐ | 4.4智能家居￥19200/人 | X,舒福德智能床 | 键入眠 | 睡舒福德 | L3 | 🌟🌟🌟⭐ | 4.4智能家居￥19200/人 | X | 财越热床业名 | 点评榜单 | 长宁区家具家居好评榜第9名 | 02 | 10:00营业 | 床垫软硬度刚好，科技感十 | ≤,ocr/input_videos\上海__上海荟聚中心__20260826.mp4
OBS-001780,上海荟聚中心,周生生Chow Sang Sang,周生生ChowSangSang,黄金首饰,4.5,8275,L1,rated,True,,rated,parsed,rating_anchor,0.9541,0.9534,72,17256,292.748,🌟🌟🌟🌟 | 黄金首饰￥8275/人 | L1 | 4.5,周生生Chow Sang Sang | 周生生 | 🌟🌟🌟🌟 | 黄金首饰￥8275/人 | L1 | 4.5 | 上新款式多，店铺干净整洁 | 5 | S“ | (hnm (ann(ann | 10:00营业,ocr/input_videos\上海__上海荟聚中心__20260826.mp4
OBS-001781,上海荟聚中心,华硕电脑智汇家,华硕电脑智汇家,数码产品,4.8,5940,LG1,rated,True,,rated,parsed,rating_anchor,0.9809,0.999,51,17256,292.748,★★🌟4.8 | LG1 | 数码产品￥5940/人,华硕电脑智汇家 | 18 | ASUS | ★★🌟4.8 | LG1 | 数码产品￥5940/人 | 华硕智汇家 | 样机齐全又新，服务周到全面 | 2收源 | 10:00营业 | ￥169￥328 | 惠 | 【电脑清灰】 | 笔记本电脑...,ocr/input_videos\上海__上海荟聚中心__20260826.mp4
OBS-001782,上海荟聚中心,moodytiger,moodytiger,服饰鞋包,4.0,,L3,rated,True,,rated,parsed,rating_anchor,0.9994,0.9995,61,17256,292.748,★★★★ | L3 | ★ | 服饰鞋包 | 4.0,moodytiger | ★★★★ | L3 | ★ | 服饰鞋包 | 4.0 | moodytiger | 10:00营业,ocr/input_videos\上海__上海荟聚中心__20260826.mp4
OBS-001783,上海荟聚中心,VANS,VANS,服饰鞋包,4.5,,LG1,rated,True,,rated,parsed,rating_anchor,0.9981,0.9971,50,17256,292.748,LG1 | 🌟🌟4.5 | 服饰鞋包,VANS | LG1 | 🌟🌟4.5 | 服饰鞋包 | VANS | 经典款永远看不腻，滑板鞋体验忘不掉” | 10:00营业,ocr/input_videos\上海__上海荟聚中心__20260826.mp4
OBS-001784,上海荟聚中心,舒福德智能床,舒福德智能床,智能家居,4.4,19200,L3,rated,True,,rated,parsed,rating_anchor,0.9864,0.9993,52,17292,293.359,🌟🌟⭐ | L3 | 4.4智能家居￥19200/人 | ★,舒福德智能床 | 一键入眠 | 睡舒福德 | 🌟🌟⭐ | L3 | 4.4智能家居￥19200/人 | ★ | 的指达 | 点评榜单 | 长宁区家具家居好评榜第9名 | 10:00营业 | 床垫软硬度刚好，科技感十足,ocr/input_videos\上海__上海荟聚中心__20260826.mp4
OBS-001785,上海荟聚中心,周生生Chow Sang Sang,周生生ChowSangSang,黄金首饰,4.5,8275,L1,rated,True,,rated,parsed,rating_anchor,0.9576,0.9536,66,17292,293.359,4.5黄金首饰￥8275/人 | L1,周生生Chow Sang Sang | 周生生 | 4.5黄金首饰￥8275/人 | L1 | 上新款式多，店铺干净整洁 | “ | 5 | (hnuSannSann | 10:00营业,ocr/input_videos\上海__上海荟聚中心__20260826.mp4
OBS-001786,上海荟聚中心,华硕电脑智汇家,华硕电脑智汇家,岁,4.8,5940,LG1,rated,True,,rated,parsed,rating_anchor,0.8232,0.9983,51,17292,293.359,LG1 | ⭐🌟🌟⭐⭐4.8岁 | 数码产品￥5940/人,华硕电脑智汇家 | ASUS | LG1 | ⭐🌟🌟⭐⭐4.8岁 | 数码产品￥5940/人 | 华硕智汇家 | 样机齐全又新，服务周到全面 | 2源 | 10:00营业 | ￥169￥328 | 惠 | 【电脑清灰】笔记本电脑...,ocr/input_videos\上海__上海荟聚中心__20260826.mp4
OBS-001787,上海荟聚中心,moodytiger,moodytiger,服饰鞋包,4.0,,L3,rated,True,,rated,parsed,rating_anchor,0.9987,0.9996,57,17292,293.359,🌟🌟⭐⭐ | L3 | 4.0服饰鞋包 | ★,moodytiger | 🌟🌟⭐⭐ | L3 | 4.0服饰鞋包 | ★ | moodytiger | 10:00营业,ocr/input_videos\上海__上海荟聚中心__20260826.mp4
OBS-001788,上海荟聚中心,VANS,VANS,服饰鞋包,4.5,,LG1,rated,True,,rated,parsed,rating_anchor,0.992,0.9968,50,17292,293.359,LG1 | 4.5服饰鞋包,VANS | LG1 | 4.5服饰鞋包 | VANS | 经典款永远看不腻，滑板鞋体验忘不掉 | G | 10:00营业,ocr/input_videos\上海__上海荟聚中心__20260826.mp4
OBS-001789,上海荟聚中心,周生生Chow Sang Sang,周生生ChowSangSang,黄金首饰,4.5,8275,L1,rated,True,,rated,parsed,rating_anchor,0.9532,0.965,65,17316,293.766,4.5黄金首饰￥8275/人 | L1,周生生Chow Sang Sang | 周生生 | 4.5黄金首饰￥8275/人 | L1 | 上新款式多，店铺干净整洁 | “ | (hn SanoSano | 10:00营业,ocr/input_videos\上海__上海荟聚中心__20260826.mp4
OBS-001790,上海荟聚中心,华硕电脑智汇家,华硕电脑智汇家,数码产品,4.8,5940,LG1,rated,True,,rated,parsed,rating_anchor,0.9848,0.9991,51,17316,293.766,4.8 | LG1 | 数码产品￥5940/人,华硕电脑智汇家 | ASUS | 4.8 | LG1 | 数码产品￥5940/人 | 华硕智汇家 | 0 | 样机齐全又新，服务周到全面 | 公 | 2快0 | 10:00营业 | 惠 | ￥169￥328 | 笔记本电脑... | 【电脑清灰】,ocr/input_videos\上海__上海荟聚中心__20260826.mp4
OBS-001791,上海荟聚中心,moodytiger,moodytiger,服饰鞋包,4.0,,L3,rated,True,,rated,parsed,rating_anchor,0.9989,0.9995,59,17316,293.766,⭐🌟⭐⭐⭐ | L3 | 4.0服饰鞋包,moodytiger | ⭐🌟⭐⭐⭐ | L3 | 4.0服饰鞋包 | moodytiger | 10:00营业,ocr/input_videos\上海__上海荟聚中心__20260826.mp4
OBS-001792,上海荟聚中心,VANS,VANS,服饰鞋包,4.5,,LG1,rated,True,,rated,parsed,rating_anchor,0.9978,0.9963,53,17316,293.766,LG1 | ⭐🌟4.5 | 服饰鞋包,VANS | LG1 | ⭐🌟4.5 | 服饰鞋包 | VANS | “经典款永远看不腻，滑板鞋体验忘不掉” | 10:00营业,ocr/input_videos\上海__上海荟聚中心__20260826.mp4
OBS-001793,上海荟聚中心,Acc Hair Salon,AccHairSalon,美发,4.2,175,LG2,rated,True,,rated,parsed,rating_anchor,0.9692,0.9816,51,17316,293.766,LG2 | 🌟🌟🌟🎉 | 美发￥175/人 | 4.2 | ★,Acc Hair Salon | e | LG2 | 🌟🌟🌟🎉 | 美发￥175/人 | 4.2 | ★ | 北新泾/淞虹路美发回头客榜第3名 | 10:00营业 | 理发造型一流，环境干净卫生 | ￥997.8折 | ￥197 | 【新客直降39】首席. | 惠,ocr/input_videos\上海__上海荟聚中心__20260826.mp4
OBS-001794,上海荟聚中心,moodytiger,moodytiger,服饰鞋包,4.0,,L3,rated,True,,rated,parsed,rating_anchor,0.9994,0.9995,59,17352,294.377,🌟🌟🎉🎉 | L3 | 服饰鞋包 | 4.0 | ★,moodytiger | 🌟🌟🎉🎉 | L3 | 服饰鞋包 | 4.0 | ★ | moodytiger | 10:00营业,ocr/input_videos\上海__上海荟聚中心__20260826.mp4
OBS-001795,上海荟聚中心,VANS,VANS,服饰鞋包,4.5,,LG1,rated,True,,rated,parsed,rating_anchor,0.9983,0.9971,51,17352,294.377,⭐🌟🌟🌟🌟 | LG1 | 服饰鞋包 | 4.5,VANS | ⭐🌟🌟🌟🌟 | LG1 | 服饰鞋包 | VANS | 4.5 | 经典款永远看不腻，滑板鞋体验忘不掉 | 10:00营业,ocr/input_videos\上海__上海荟聚中心__20260826.mp4
OBS-001796,上海荟聚中心,Acc Hair Salon,AccHairSalon,美发,4.2,175,LG2,rated,True,,rated,parsed,rating_anchor,0.9844,0.9689,50,17352,294.377,LG2 | ⭐🌟⭐⭐ | 美发 | 4.2 | ￥175/人 | ￥,e | Acc Hair Salon | LG2 | ⭐🌟⭐⭐ | 美发 | 4.2 | ￥175/人 | ￥ | 北新泾/淞虹路美发回头客榜第3名 | 10:00营业 | 理发造型一流，环境干净卫生 | ￥997.8折 | 【新客直降39】首席. | ￥197 | 惠,ocr/input_videos\上海__上海荟聚中心__20260826.mp4
OBS-001797,上海荟聚中心,crocs,crocs,鞋靴,4.4,471,LG1,rated,True,,rated,parsed,rating_anchor,0.9813,0.9978,39,17352,294.377,⭐🌟⭐⭐ | LG1 | 4.4鞋靴￥471/人,crocs | ⭐🌟⭐⭐ | LG1 | 4.4鞋靴￥471/人 | 点评榜单 | 长宁区鞋靴好评榜第3名 | 10:00营业 | 毛茸茸的洞洞鞋，冬装超可爱,ocr/input_videos\上海__上海荟聚中心__20260826.mp4
OBS-001798,上海荟聚中心,PEACEBIRD,PEACEBIRD,服饰鞋包,4.0,,LG1,rated,True,,rated,parsed,rating_anchor,0.9992,0.999,45,17352,294.377,LG1 | 🌟🌟⭐⭐ | 服饰鞋包 | 4.0 | ★,PEACEBIRD | LG1 | 🌟🌟⭐⭐ | 服饰鞋包 | 4.0 | ★ | 10:00营业,ocr/input_videos\上海__上海荟聚中心__20260826.mp4
OBS-001799,上海荟聚中心,宜家家居,宜家家居,家居卖场,4.7,152,L2,rated,True,,rated,parsed,rating_anchor,0.9946,0.9895,60,17352,294.377,🌟🌟🌟🌟🌟 | L2 | 家居卖场 | 4.7 | ￥152/人,宜家家居 | 🌟🌟🌟🌟🌟 | L2 | 家居卖场 | 4.7 | ￥152/人 | “吃助丰富，手工DIY眼罩超有趣,ocr/input_videos\上海__上海荟聚中心__20260826.mp4
OBS-001800,上海荟聚中心,VANS,VANS,服饰鞋包,4.5,,LG1,rated,True,,rated,parsed,rating_anchor,0.9983,0.9968,53,17400,295.191,🌟🌟🌟🌟🌟 | LG1 | 服饰鞋包 | 4.5,VANS | 🌟🌟🌟🌟🌟 | LG1 | 服饰鞋包 | 4.5 | VANS | 经典款永远看不腻，滑板鞋体验忘不掉 | 10:00营业,ocr/input_videos\上海__上海荟聚中心__20260826.mp4
OBS-001801,上海荟聚中心,Acc Hair Salon,AccHairSalon,美发,4.2,175,LG2,rated,True,,rated,parsed,rating_anchor,0.9604,0.9769,47,17400,295.191,LG2 | 🌟🌟⭐🌟 | 美发￥175/人 | 4.2 | ★,e | Acc Hair Salon | LG2 | 🌟🌟⭐🌟 | 美发￥175/人 | 4.2 | ★ | 北新泾/淞虹路美发回头客榜第3名 | 10:00营业 | 理发造型一流，环境干净卫生 | 7.8折 | ￥197 | ￥99 | 【新客直降39】首席. | 惠,ocr/input_videos\上海__上海荟聚中心__20260826.mp4
OBS-001802,上海荟聚中心,crocs,crocs,鞋靴,4.4,471,LG1,rated,True,,rated,parsed,rating_anchor,0.9817,0.9982,43,17400,295.191,LG1 | ⭐🌟🌟⭐ | 4.4鞋靴￥471/人,crocs | LG1 | ⭐🌟🌟⭐ | 4.4鞋靴￥471/人 | 点评榜单 | 长宁区鞋靴好评榜第3名 | 10:00营业 | 毛茸茸的洞洞鞋，冬装超可爱,ocr/input_videos\上海__上海荟聚中心__20260826.mp4
OBS-001803,上海荟聚中心,PEACEBIRD,PEACEBIRD,服饰鞋包,4.0,,LG1,rated,True,,rated,parsed,rating_anchor,0.9991,0.9991,44,17400,295.191,LG1 | ⭐🌟⭐⭐ | 服饰鞋包 | 4.0 | ★,PEACEBIRD | LG1 | ⭐🌟⭐⭐ | 服饰鞋包 | 4.0 | ★ | 10:00营业,ocr/input_videos\上海__上海荟聚中心__20260826.mp4
OBS-001804,上海荟聚中心,宜家家居,宜家家居,家居卖场,4.7,152,L2,rated,True,,rated,parsed,rating_anchor,0.9949,0.9899,60,17400,295.191,🌟🌟🎉🌟🌟 | L2 | 4.7 | 家居卖场 | ￥152/人,宜家家居 | 🌟🌟🎉🌟🌟 | L2 | 4.7 | 家居卖场 | ￥152/人 | “吃自助丰富，手工DIY眼罩超有趣 | 10:00营业,ocr/input_videos\上海__上海荟聚中心__20260826.mp4
OBS-001805,上海荟聚中心,老凤祥银楼,老凤祥银楼,黄金首饰,4.2,398,L2,rated,True,,rated,parsed,rating_anchor,0.9967,0.994,52,17400,295.191,L2 | ★★★★ | 4.2 | 黄金首饰 | ￥398/人,老凤祥银楼 | L2 | ★★★★ | 4.2 | 黄金首饰 | ￥398/人,ocr/input_videos\上海__上海荟聚中心__20260826.mp4
OBS-001806,上海荟聚中心,crocs,crocs,鞋靴,4.4,471,LG1,rated,True,,rated,parsed,rating_anchor,0.9659,0.9987,39,17424,295.598,LG1 | 🌟🌟🌟🌟 | 鞋靴￥471/人 | 4.4,crocs | LG1 | 🌟🌟🌟🌟 | 鞋靴￥471/人 | 4.4 | 点评榜单 | 长宁区鞋靴好评榜第3名 | 10:00营业 | 毛茸茸的洞洞鞋，冬装超可爱,ocr/input_videos\上海__上海荟聚中心__20260826.mp4
OBS-001807,上海荟聚中心,PEACEBIRD,PEACEBIRD,服饰鞋包,4.0,,LG1,rated,True,,rated,parsed,rating_anchor,0.9992,0.9991,41,17424,295.598,LG1 | ⭐🌟🌟⭐ | 服饰鞋包 | 4.0 | ★,PEACEBIRD | LG1 | ⭐🌟🌟⭐ | 服饰鞋包 | 4.0 | ★ | 品 | 10:00营业,ocr/input_videos\上海__上海荟聚中心__20260826.mp4
OBS-001808,上海荟聚中心,宜家家居,宜家家居,家居卖场,4.7,152,L2,rated,True,,rated,parsed,rating_anchor,0.9889,0.9781,53,17424,295.598,🌟🌟🌟🌟🌟 | L2 | 4.7 | 家居卖场 | ￥152/人,宜家家居 | 🌟🌟🌟🌟🌟 | L2 | 4.7 | 家居卖场 | ￥152/人 | “吃自助丰富，手工DIY眼罩超有趣 | 10:00营业,ocr/input_videos\上海__上海荟聚中心__20260826.mp4
OBS-001809,上海荟聚中心,老凤祥银楼,老凤祥银楼,黄金首饰,4.2,398,L2,rated,True,,rated,parsed,rating_anchor,0.9981,0.9966,52,17424,295.598,L2 | 黄金首饰 | 🌟🌟🌟🌟 | 4.2 | ￥398/人 | ★,老凤祥银楼 | L2 | 黄金首饰 | 🌟🌟🌟🌟 | 4.2 | ￥398/人 | ★ | 开业优惠多，送化妆盒超划算 | 10:00营业 | ￥59 | 【特惠】 | 惠 | ￥99 | 老凤祥财神马上来挂饰 | ￥970￥1000代金券 | 惠,ocr/input_videos\上海__上海荟聚中心__20260826.mp4
OBS-001810,上海荟聚中心,SKECHERS,SKECHERS,儿童服饰,3.5,763,L3,rated,True,,rated,parsed,rating_anchor,0.9855,0.9987,42,17424,295.598,L3 | ⭐🌟🌟⭐🌟 | 3.5儿童服饰￥763/人,SKECHERS | SKECHB | L3 | ⭐🌟🌟⭐🌟 | 3.5儿童服饰￥763/人 | 0,ocr/input_videos\上海__上海荟聚中心__20260826.mp4
OBS-001811,上海荟聚中心,金雅福智慧金店智能黃金回收,金雅福智慧金店智能黄金回收,金银首饰回收,3.8,,L2,rated,True,,rated,parsed,rating_anchor,0.9876,0.9757,48,17424,295.598,L2 | 🌟🌟🌟⭐🌟 | 金银首饰回收 | 3.8,金雅福智慧金店智能黃金回收 | 智能黄金ATM机 | 3分钟无损测金 | L2 | 🌟🌟🌟⭐🌟 | 金银首饰回收 | 3.8 | ） | （收款 | 1对1服务” | “智能流程 | 金理民权,ocr/input_videos\上海__上海荟聚中心__20260826.mp4
OBS-001812,上海荟聚中心,crocs,crocs,鞋靴,4.4,471,LG1,rated,True,,rated,parsed,rating_anchor,0.9818,0.9981,39,17436,295.802,LG1 | 🌟🌟🌟⭐ | 4.4鞋靴￥471/人 | ★,crocs | LG1 | 🌟🌟🌟⭐ | 4.4鞋靴￥471/人 | ★ | 点评榜单 | 长宁区鞋靴好评榜第3名 | 10:00营业 | 毛茸茸的洞洞鞋，冬装超可爱 | “,ocr/input_videos\上海__上海荟聚中心__20260826.mp4
OBS-001813,上海荟聚中心,PEACEBIRD,PEACEBIRD,服饰鞋包,4.0,,LG1,rated,True,,rated,parsed,rating_anchor,0.9993,0.9991,41,17436,295.802,🌟🌟⭐⭐ | 服饰鞋包 | LG1 | 4.0,PEACEBIRD | 🌟🌟⭐⭐ | 服饰鞋包 | LG1 | 4.0 | 豆 | 10:00营业,ocr/input_videos\上海__上海荟聚中心__20260826.mp4
OBS-001814,上海荟聚中心,宜家家居,宜家家居,家居卖场,4.7,152,L2,rated,True,,rated,parsed,rating_anchor,0.9906,0.9812,56,17436,295.802,L2 | ★🌟🌟⭐🌟 | 家居卖场 | ￥152/人 | 4.7,宜家家居 | L2 | ★🌟🌟⭐🌟 | 家居卖场 | ￥152/人 | 4.7 | “小吃自助丰富，手工DIY眼罩超有趣” | 10:00营业,ocr/input_videos\上海__上海荟聚中心__20260826.mp4
OBS-001815,上海荟聚中心,老凤祥银楼,老凤祥银楼,黄金首饰,4.2,398,L2,rated,True,,rated,parsed,rating_anchor,0.9787,0.9968,55,17436,295.802,L2 | 🌟🌟🌟 | 黄金首饰￥398/人 | 4.2 | ★,老凤祥银楼 | L2 | 🌟🌟🌟 | 黄金首饰￥398/人 | 4.2 | ★ | 开业优惠多，送化妆盒超划算 | 10:00营业 | ￥59￥99 | 【特惠】 | 惠 | 老凤祥财神马上来挂饰 | ￥970￥1000代金券 | 惠,ocr/input_videos\上海__上海荟聚中心__20260826.mp4
OBS-001816,上海荟聚中心,SKECHERS,SKECHERS,儿童服饰,3.5,763,L3,rated,True,,rated,parsed,rating_anchor,0.9867,0.9989,42,17436,295.802,L3 | 🌟🌟⭐🌟🌟 | 3.5儿童服饰￥763/人,SKECHERS | SKECH35 | L3 | 🌟🌟⭐🌟🌟 | 3.5儿童服饰￥763/人,ocr/input_videos\上海__上海荟聚中心__20260826.mp4
OBS-001817,上海荟聚中心,金雅福智慧金店智能黃金回收,金雅福智慧金店智能黄金回收,金银首饰回收,3.8,,L2,rated,True,,rated,parsed,rating_anchor,0.987,0.9741,50,17436,295.802,🌟🌟⭐🌟🌟 | L2 | 金银首饰回收 | 3.8,金雅福智慧金店智能黃金回收 | 智能黄金ATM机 | 3分钟无损测金 | 🌟🌟⭐🌟🌟 | L2 | 金银首饰回收 | 3.8 | （明） | 饮款 | 智能流程，1对1服务 | 金理可权】 | S | 党全现,ocr/input_videos\上海__上海荟聚中心__20260826.mp4
OBS-001818,上海荟聚中心,宜家家居,宜家家居,家居卖场,4.7,152,L2,rated,True,,rated,parsed,rating_anchor,0.9771,0.981,57,17508,297.023,L2 | 🌟🌟🌟⭐🌟 | 家居卖场￥152/人 | 4.7,宜家家居 | L2 | 🌟🌟🌟⭐🌟 | 家居卖场￥152/人 | 4.7 | 小吃自助丰富，手工DIY眼罩超有趣 | 10:00营业,ocr/input_videos\上海__上海荟聚中心__20260826.mp4
OBS-001819,上海荟聚中心,老凤祥银楼,老凤祥银楼,黄金首饰,4.2,398,L2,rated,True,,rated,parsed,rating_anchor,0.9769,0.9961,54,17508,297.023,L2 | 🌟🌟⭐⭐ | 黄金首饰￥398/人 | 4.2 | ★,老凤祥银楼 | L2 | 🌟🌟⭐⭐ | 黄金首饰￥398/人 | 4.2 | ★ | 开业优惠多，送化妆盒超划算 | 10:00营业 | 惠 | ￥59￥99 | 【特惠】老凤祥财神马上来挂饰 | ￥970￥1000代金券 | 惠,ocr/input_videos\上海__上海荟聚中心__20260826.mp4
OBS-001820,上海荟聚中心,SKECHERS,SKECHERS,儿童服饰,3.5,763,L3,rated,True,,rated,parsed,rating_anchor,0.9865,0.9987,47,17508,297.023,🌟🌟🌟🌟🌟 | L3 | 3.5儿童服饰￥763/人,SKECHERS | SKECH35 | 🌟🌟🌟🌟🌟 | L3 | 3.5儿童服饰￥763/人,ocr/input_videos\上海__上海荟聚中心__20260826.mp4
OBS-001821,上海荟聚中心,金雅福智慧金店智能黃金回收,金雅福智慧金店智能黄金回收,金银首饰回收,3.8,,L2,rated,True,,rated,parsed,rating_anchor,0.9499,0.9726,56,17508,297.023,L2 | ⭐⭐⭐3.8金银首饰回收,金雅福智慧金店智能黃金回收 | 智能黄金ATM机 | 3分钟无损测金 | L2 | ⭐⭐⭐3.8金银首饰回收 | 在明性） | 微爱收款 | 智能流程，1对1服务 | 金理民程 | 党全规照】 | 10:00营业,ocr/input_videos\上海__上海荟聚中心__20260826.mp4
OBS-001822,上海荟聚中心,宝可梦慢闪店,宝可梦慢闪店,杂货礼品,4.8,105,LG1,rated,True,,rated,parsed,rating_anchor,0.9809,0.9993,52,17508,297.023,LG1 | 杂货礼品￥105/人 | 🌟🌟🌟⭐🌟 | 4.8,宝可梦慢闪店 | LG1 | 杂货礼品￥105/人 | 🌟🌟🌟⭐🌟 | 4.8 | 点评榜单 | 北新泾/淞虹路杂货礼品好评榜第3名,ocr/input_videos\上海__上海荟聚中心__20260826.mp4
OBS-001823,上海荟聚中心,金雅福智慧金店智能黃金回收,金雅福智慧金店智能黄金回收,金银首饰回收,3.8,,L2,rated,True,,rated,parsed,rating_anchor,0.9833,0.9669,51,17568,298.041,L2 | ★★★★3.8 | 金银首饰回收,金雅福智慧金店智能黃金回收 | 智能黄金ATM机 | 3分钟无损测金 | L2 | ★★★★3.8 | 金银首饰回收 | 通收款 | 智能流程，1对1服务 | 全理理权 | “ | 安全提路 | 10:00营业,ocr/input_videos\上海__上海荟聚中心__20260826.mp4
OBS-001824,上海荟聚中心,宝可梦慢闪店,宝可梦慢闪店,杂货礼品,4.8,105,LG1,rated,True,,rated,parsed,rating_anchor,0.9806,0.9996,52,17568,298.041,LG1 | 🌟🌟🌟🌟🌟 | 杂货礼品￥105/人 | 4.8,宝可梦慢闪店 | LG1 | 🌟🌟🌟🌟🌟 | 杂货礼品￥105/人 | 4.8 | 点评榜单 | 北新泾/淞虹路杂货礼品好评榜第3名,ocr/input_videos\上海__上海荟聚中心__20260826.mp4
OBS-001825,上海荟聚中心,MOUSSY,MOUSSY,服装,3.6,,L2,rated,True,,rated,parsed,rating_anchor,0.9951,0.992,46,17568,298.041,3.6服装 | L2 | 🌟🌟🌟🌟🌟,MOUSSY | 3.6服装 | L2 | 🌟🌟🌟🌟🌟 | 10:00营业,ocr/input_videos\上海__上海荟聚中心__20260826.mp4
OBS-001826,上海荟聚中心,MINGSI,MINGSI,服装,4.7,840,L2,rated,True,,rated,parsed,rating_anchor,0.9755,0.9978,49,17568,298.041,L2 | 服装￥840/人 | ★★★★★ | 4.7,MINGSI | L2 | 服装￥840/人 | ★★★★★ | 4.7 | 点评榜单 | 北新泾/淞虹路服装好评榜第1名 | 10:00营业 | 色彩吸引人，服务态度热情,ocr/input_videos\上海__上海荟聚中心__20260826.mp4
OBS-001827,上海荟聚中心,闲鱼循环商店,闲鱼循环商店,服饰鞋包,4.8,104,LG2,rated,True,,rated,parsed,rating_anchor,0.9805,0.9989,55,17568,298.041,LG2 | 🌟★🌟★🌟 | 服饰鞋包￥104/人 | 4.8,闲鱼循环商店 | LG2 | 🌟★🌟★🌟 | 服饰鞋包￥104/人 | 4.8 | 点评榜单 | 北新泾/淞虹路服饰鞋包热门榜第3名 | 闲鱼循环商店 | XIANYUI | SHOP | REC | D | 10:00营业 | 潮流好物琳琅满目，停车优惠超贴心 | “ | 5,ocr/input_videos\上海__上海荟聚中心__20260826.mp4
OBS-001828,上海荟聚中心,LensCrafters亮视点·OAKLEY精选,LensCrafters亮视点·OAKLEY精选,眼镜店,4.8,1181,L1,rated,True,,rated,parsed,rating_anchor,0.9726,0.9939,50,17568,298.041,L1 | ⭐★★★⭐4.8 | 眼镜店￥1181/人,LensCrafters亮视点·OAKLEY精选 | L1 | ⭐★★★⭐4.8 | 眼镜店￥1181/人,ocr/input_videos\上海__上海荟聚中心__20260826.mp4
OBS-001829,上海荟聚中心,金雅福智慧金店智能黃金回收,金雅福智慧金店智能黄金回收,金银首饰回收,3.8,,L2,rated,True,,rated,parsed,rating_anchor,0.9916,0.9836,53,17592,298.448,L2 | 🌟🌟🌟🌟🌟 | 金银首饰回收 | 3.8,金雅福智慧金店智能黃金回收 | 智能黄金ATM机 | 3分钟无损测金 | L2 | 🌟🌟🌟🌟🌟 | 金银首饰回收 | 3.8 | （明份） | 欢款 | 智能流程，1对1服务 | （业全规器 | 10:00营业,ocr/input_videos\上海__上海荟聚中心__20260826.mp4
OBS-001830,上海荟聚中心,宝可梦慢闪店,宝可梦慢闪店,杂货礼品,4.8,105,LG1,rated,True,,rated,parsed,rating_anchor,0.9833,0.9977,51,17592,298.448,LG1 | ★🌟★★ | 杂货礼品￥105/人 | 4.8,宝可梦慢闪店 | LG1 | ★🌟★★ | 杂货礼品￥105/人 | 4.8 | 点评榜单 | 北新泾/淞虹路杂货礼品好评榜第3名,ocr/input_videos\上海__上海荟聚中心__20260826.mp4
OBS-001831,上海荟聚中心,MOUSSY,MOUSSY,服装,3.6,,L2,rated,True,,rated,parsed,rating_anchor,0.9944,0.9891,47,17592,298.448,L2 | 服装 | 🌟🌟🌟🌟🌟 | 3.6,MOUSSY | L2 | 服装 | 🌟🌟🌟🌟🌟 | 3.6 | 10:00营业,ocr/input_videos\上海__上海荟聚中心__20260826.mp4
OBS-001832,上海荟聚中心,MINGSI,MINGSI,服装,4.7,840,L2,rated,True,,rated,parsed,rating_anchor,0.9766,0.9976,46,17592,298.448,L2 | 🌟🌟🎉🌟🌟 | 服装￥840/人 | 4.7,MINGSI | L2 | 🌟🌟🎉🌟🌟 | 服装￥840/人 | 4.7 | 点评榜单 | 北新泾/淞虹路服装好评榜第1名 | 10:00营业 | 色彩吸引人， | 服务态度热情 | 3 | S,ocr/input_videos\上海__上海荟聚中心__20260826.mp4
OBS-001833,上海荟聚中心,闲鱼循环商店,闲鱼循环商店,服饰鞋包,,104,LG2,unknown,True,,ocr_missing,parsed,metadata_anchor,0.9801,0.9977,51,17592,298.448,LG2 | 🌟🌟⭐🌟🌟 | 服饰鞋包￥104/人 | 14.8,闲鱼循环商店 | LG2 | 🌟🌟⭐🌟🌟 | 服饰鞋包￥104/人 | 14.8 | 中 | 点评榜单 | 北新泾/淞虹路服饰鞋包热门榜第3名 | 闲鱼循环商店 | XIANYU RECYCL | E SHOP | 10:00营业 | 潮流好物琳琅满目，停车优惠超贴心,ocr/input_videos\上海__上海荟聚中心__20260826.mp4
OBS-001834,上海荟聚中心,LensCrafters亮视点·OAKLEY精选,LensCrafters亮视点·OAKLEY精选,眼镜店,4.8,1181,L1,rated,True,,rated,parsed,rating_anchor,0.9815,0.9955,53,17592,298.448,🌟🌟🎉🎉🌟 | L1 | 眼镜店￥1181/人 | 4.8,LensCrafters亮视点·OAKLEY精选 | 🌟🌟🎉🎉🌟 | L1 | 眼镜店￥1181/人 | 4.8 | LENSCRAFTERS | 用心点亮视界 | 亮视点 | 点评榜单 | 北新泾/淞虹路眼镜店好评榜第4名 | 10:00营业 | 品种丰富，隐形眼镜和框架眼镜一站式.. | “,ocr/input_videos\上海__上海荟聚中心__20260826.mp4
OBS-001835,上海荟聚中心,宝可梦慢闪店,宝可梦慢闪店,杂货礼品,4.8,105,LG1,rated,True,,rated,parsed,rating_anchor,0.9831,0.9994,55,17640,299.263,LG1 | 🌟🌟🌟🌟🌟 | 杂货礼品￥105/人 | 】4.8,宝可梦慢闪店 | LG1 | 🌟🌟🌟🌟🌟 | 杂货礼品￥105/人 | 】4.8 | 点评榜单 | 北新泾/淞虹路杂货礼品好评榜第3名,ocr/input_videos\上海__上海荟聚中心__20260826.mp4
OBS-001836,上海荟聚中心,MOUSSY,MOUSSY,服装,3.6,,L2,rated,True,,rated,parsed,rating_anchor,0.9856,0.991,49,17640,299.263,3.6服装 | L2,MOUSSY | 3.6服装 | L2 | 10:00营业,ocr/input_videos\上海__上海荟聚中心__20260826.mp4
OBS-001837,上海荟聚中心,MINGSI,MINGSI,服装,4.7,840,L2,rated,True,,rated,parsed,rating_anchor,0.9728,0.997,50,17640,299.263,L2 | 🌟🌟🌟🌟🌟 | 服装￥840/人 | 4.7,MINGSI | L2 | 🌟🌟🌟🌟🌟 | 服装￥840/人 | 4.7 | 点评榜单 | 北新泾/淞虹路服装好评榜第1名 | 10:00营业 | 色彩吸引人，服务态度热情 | <,ocr/input_videos\上海__上海荟聚中心__20260826.mp4
OBS-001838,上海荟聚中心,闲鱼循环商店,闲鱼循环商店,服饰鞋包,4.8,104,LG2,rated,True,,rated,parsed,rating_anchor,0.9804,0.999,58,17640,299.263,LG2 | ⭐🌟🌟⭐🌟 | 服饰鞋包￥104/人 | 4.8,闲鱼循环商店 | LG2 | ⭐🌟🌟⭐🌟 | 服饰鞋包￥104/人 | 4.8 | 点评榜单 | 闲魚循环商店 | 北新泾/淞虹路服饰鞋包热门榜第3名 | LE SHOP | XIANYU REO | 10:00营业 | 潮流好物琳琅满目，停车优惠超贴心 | S,ocr/input_videos\上海__上海荟聚中心__20260826.mp4
OBS-001839,上海荟聚中心,LensCrafters亮视点·OAKLEY精选,LensCrafters亮视点·OAKLEY精选,眼镜店,4.8,1181,L1,rated,True,,rated,parsed,rating_anchor,0.9776,0.9924,55,17640,299.263,L1 | ★🎉4.8 | 眼镜店￥1181/人,LensCrafters亮视点·OAKLEY精选 | L1 | ★🎉4.8 | 眼镜店￥1181/人 | LENSCRAFTERS | 亮视点 用心点亮视界 | 点评榜单 | 北新泾/淞虹路眼镜店好评榜第4名 | 10:00营业 | 品种丰富，隐形眼镜和框架眼镜站式... | “ | ￥399￥500太阳镜一 | 惠 | 【大促狂欢】399..,ocr/input_videos\上海__上海荟聚中心__20260826.mp4
OBS-001840,上海荟聚中心,VERO MODA,VEROMODA,鞋靴,3.6,500,商场内,rated,True,,rated,parsed,rating_anchor,0.9367,0.9709,48,17640,299.263,3.6鞋靴￥500/人 | 商场内,VERO MODA | 3.6鞋靴￥500/人 | 商场内,ocr/input_videos\上海__上海荟聚中心__20260826.mp4
OBS-001841,上海荟聚中心,闲鱼循环商店,闲鱼循环商店,服饰鞋包,,104,LG2,unknown,True,,ocr_missing,parsed,metadata_anchor,0.9813,0.9989,52,17664,299.67,LG2 | ⭐🌟🌟🌟🌟 | 服饰鞋包￥104/人 | 14.8,闲鱼循环商店 | LG2 | ⭐🌟🌟🌟🌟 | 服饰鞋包￥104/人 | 14.8 | 点评榜单 | 北新泾/淞虹路服饰鞋包热门榜第3名 | 闲鱼循环商店 | XIANYU | 10:00营业 | 潮流好物琳琅满目，停车优惠超贴心 | “,ocr/input_videos\上海__上海荟聚中心__20260826.mp4
OBS-001842,上海荟聚中心,LensCrafters亮视点·OAKLEY精选,LensCrafters亮视点·OAKLEY精选,目,4.8,1181,L1,rated,True,,rated,parsed,rating_anchor,0.8122,0.9942,54,17664,299.67,L1 | ⭐🌟⭐🌟4.8目 | 眼镜店￥1181/人,LensCrafters亮视点·OAKLEY精选 | L1 | ⭐🌟⭐🌟4.8目 | 眼镜店￥1181/人 | LENSCRAFTERS | 亮视点 用心点亮视界 | 点评榜单 | 北新泾/淞虹路眼镜店好评榜第4名 | 10:00营业 | 品种丰富，隐形眼镜和框架眼镜站式... | “ | ￥399￥500太阳镜|【大促狂欢】399. | 惠,ocr/input_videos\上海__上海荟聚中心__20260826.mp4
OBS-001843,上海荟聚中心,VERO MODA,VEROMODA,鞋靴,3.6,500,商场内,rated,True,,rated,parsed,rating_anchor,0.9422,0.9736,48,17664,299.67,商场内 | 3.6鞋靴￥500/人,VERO MODA | 商场内 | 3.6鞋靴￥500/人,ocr/input_videos\上海__上海荟聚中心__20260826.mp4
OBS-001844,上海荟聚中心,自分製枕,自分制枕,家饰家纺,3.9,2476,L3,rated,True,,rated,parsed,rating_anchor,0.9736,0.9993,56,17664,299.67,3.9家饰家纺￥2476/人 | L3,自分製枕 | 自分枕 | 3.9家饰家纺￥2476/人 | L3 | 点评榜单 | 长宁区家具家居热门榜第4名 | 10:00营业 | 服务贴心，定制枕头很舒适 | 惠￥1￥100代金券,ocr/input_videos\上海__上海荟聚中心__20260826.mp4
OBS-001845,上海荟聚中心,小米汽车,小米汽车,4S店,,,商场内,unknown,True,,ocr_missing,parsed,metadata_anchor,0.9889,0.9988,55,17664,299.67,3.64S店 | 商场内,小米汽车 | 3.64S店 | 商场内,ocr/input_videos\上海__上海荟聚中心__20260826.mp4
OBS-001846,上海荟聚中心,闲鱼循环商店,闲鱼循环商店,服饰鞋包,4.8,104,LG2,rated,True,,rated,parsed,rating_anchor,0.9764,0.9989,58,17712,300.484,LG2 | 🌟🌟🌟🌟🌟 | 服饰鞋包￥104/人 | 4.8,闲鱼循环商店 | LG2 | 🌟🌟🌟🌟🌟 | 服饰鞋包￥104/人 | 4.8 | 点评榜单 | 北新泾/淞虹路服饰鞋包热门榜第3名 | 闲魚循环商店 | XIANYU | SHOP | REC | 10:00营业 | 潮流好物琳琅满目，停车优惠超贴心 | “,ocr/input_videos\上海__上海荟聚中心__20260826.mp4
OBS-001847,上海荟聚中心,LensCrafters亮视点·OAKLEY精选,LensCrafters亮视点·OAKLEY精选,眼镜店,4.8,1181,L1,rated,True,,rated,parsed,rating_anchor,0.983,0.9957,51,17712,300.484,L1 | 眼镜店￥1181/人 | ⭐🌟⭐⭐🌟4.8,LensCrafters亮视点·OAKLEY精选 | L1 | 眼镜店￥1181/人 | ⭐🌟⭐⭐🌟4.8 | LENSCRAFTERS' | 亮视点 用心点亮视界 | 点评榜单 | 北新泾/淞虹路眼镜店好评榜第4名 | 10:00营业 | 品种丰富，隐形眼镜和框架眼镜一站式... | “ | ￥399￥500太阳镜|【 | 【大促狂欢】399.. | 惠,ocr/input_videos\上海__上海荟聚中心__20260826.mp4
OBS-001848,上海荟聚中心,VERO MODA,VEROMODA,鞋靴,3.6,500,商场内,rated,True,,rated,parsed,rating_anchor,0.9415,0.9558,50,17712,300.484,商场内 | 3.6鞋靴￥500/人,VERO MODA | 商场内 | 3.6鞋靴￥500/人,ocr/input_videos\上海__上海荟聚中心__20260826.mp4
OBS-001849,上海荟聚中心,自分製枕,自分制枕,家饰家纺,3.9,2476,L3,rated,True,,rated,parsed,rating_anchor,0.9768,0.9993,56,17712,300.484,L3 | 家饰家纺￥2476/人 | 🌟🌟⭐💥🌟 | 3.9,自分製枕 | 自分枕 | L3 | 家饰家纺￥2476/人 | 🌟🌟⭐💥🌟 | 3.9 | 点评榜单 | 长宁区家具家居热门榜第4名 | 10:00营业 | 服务贴心，定制枕头很舒适 | 惠￥1￥100代金券,ocr/input_videos\上海__上海荟聚中心__20260826.mp4
OBS-001850,上海荟聚中心,小米汽车,小米汽车,4S店,,,商场内,unknown,True,,ocr_missing,parsed,metadata_anchor,0.9881,0.9993,60,17712,300.484,3.64S店 | 商场内,小米汽车 | 3.64S店 | 商场内,ocr/input_videos\上海__上海荟聚中心__20260826.mp4
OBS-001851,上海荟聚中心,ecco,ecco,鞋靴,4.1,,商场内,rated,True,,rated,parsed,rating_anchor,0.9971,0.9982,44,17712,300.484,商场内 | 4.1鞋靴 | 🌟🌟🌟⭐ | ★,ecC0 | ecco | 商场内 | 4.1鞋靴 | 🌟🌟🌟⭐ | ★,ocr/input_videos\上海__上海荟聚中心__20260826.mp4
OBS-001852,上海荟聚中心,VERO MODA,VEROMODA,鞋靴,3.6,500,商场内,rated,True,,rated,parsed,rating_anchor,0.9638,0.9741,51,17760,301.299,商场内 | ⭐🌟🌟🌟🌟 | 鞋靴￥500/人 | 3.6,VERO MODA | 商场内 | ⭐🌟🌟🌟🌟 | 鞋靴￥500/人 | 3.6,ocr/input_videos\上海__上海荟聚中心__20260826.mp4
OBS-001853,上海荟聚中心,自分製枕,自分制枕,家饰家纺,3.9,2476,L3,rated,True,,rated,parsed,rating_anchor,0.9691,0.9957,60,17760,301.299,🌟🌟🌟🌟🌟 | L3 | 家饰家纺￥2476/人 | 3.9,自分製枕 | 自分枕 | 🌟🌟🌟🌟🌟 | L3 | 家饰家纺￥2476/人 | 3.9 | 点评榜单 | 长宁区家具家居热门榜第4名 | 10:00营业 | 服务贴心，定制枕头很舒适 | （ | D | 惠￥1￥100 | 代金券,ocr/input_videos\上海__上海荟聚中心__20260826.mp4
OBS-001854,上海荟聚中心,小米汽车,小米汽车,4S店,,,商场内,unknown,True,,ocr_missing,parsed,metadata_anchor,0.9886,0.9984,60,17760,301.299,3.64S店 | 商场内,小米汽车 | 3.64S店 | 商场内,ocr/input_videos\上海__上海荟聚中心__20260826.mp4
OBS-001855,上海荟聚中心,ecco,ecco,鞋靴,4.1,,商场内,rated,True,,rated,parsed,rating_anchor,0.9983,0.9979,43,17760,301.299,鞋靴 | 商场内 | ⭐🌟💥🎉 | 4.1,ecc0 | ecco | 鞋靴 | 商场内 | ⭐🌟💥🎉 | 4.1 | 点评榜单 | 长宁区鞋靴好评榜第6名 | 10:00营业,ocr/input_videos\上海__上海荟聚中心__20260826.mp4
OBS-001856,上海荟聚中心,xexymix,xexymix,运动户外,4.2,,LG1,rated,True,,rated,parsed,rating_anchor,0.9977,0.9975,59,17760,301.299,🌟🌟🌟🌟🌟 | LG1 | 4.2运动户外,xexymix | 🌟🌟🌟🌟🌟 | LG1 | 4.2运动户外 | M | 10:00营业,ocr/input_videos\上海__上海荟聚中心__20260826.mp4
OBS-001857,上海荟聚中心,RECLASSIFIED,RECLASSIFIED,化妆品,3.5,312,L2,rated,True,,rated,parsed,rating_anchor,0.9977,0.9985,45,17760,301.299,3.5化妆品 | ￥312/人 | L2 | ★,RECLASSIFIED | 3.5化妆品 | ￥312/人 | L2 | ★,ocr/input_videos\上海__上海荟聚中心__20260826.mp4
OBS-001858,上海荟聚中心,自分製枕,自分制枕,家饰家纺,3.9,2476,L3,rated,True,,rated,parsed,rating_anchor,0.9826,0.9987,60,17784,301.706,🌟🌟🌟🌟🌟 | L3 | 家饰家纺￥2476/人 | 3.9,自分製枕 | 自分枕 | 🌟🌟🌟🌟🌟 | L3 | 家饰家纺￥2476/人 | 3.9 | 点评榜单 | 长宁区家具家居热门榜第4名 | 10:00营业 | 服务贴心， | 定制枕头很舒适 | 52 | 代金券 | 惠 | ￥1￥100,ocr/input_videos\上海__上海荟聚中心__20260826.mp4
OBS-001859,上海荟聚中心,小米汽车,小米汽车,4S店,,,商场内,unknown,True,,ocr_missing,parsed,metadata_anchor,0.9975,0.9992,57,17784,301.706,商场内 | 🌟🌟🎉🌟⭐ | 3.64S店,小米汽车 | 商场内 | 🌟🌟🎉🌟⭐ | 3.64S店,ocr/input_videos\上海__上海荟聚中心__20260826.mp4
OBS-001860,上海荟聚中心,ecco,ecco,鞋靴,4.1,,商场内,rated,True,,rated,parsed,rating_anchor,0.9987,0.9983,40,17784,301.706,鞋靴 | 🌟🌟🌟🌟 | 商场内 | 4.1,ecc0 | ecco | 鞋靴 | 🌟🌟🌟🌟 | 商场内 | 4.1 | 点评榜单 | 长宁区鞋靴好评榜第6名 | 10:00营业,ocr/input_videos\上海__上海荟聚中心__20260826.mp4
OBS-001861,上海荟聚中心,xexymix,xexymix,运动户外,4.2,,LG1,rated,True,,rated,parsed,rating_anchor,0.9982,0.9978,59,17784,301.706,🌟🌟🌟🌟 | LG1 | 4.2运动户外 | ★,xexymix | 🌟🌟🌟🌟 | LG1 | 4.2运动户外 | ★ | 10:00营业,ocr/input_videos\上海__上海荟聚中心__20260826.mp4
OBS-001862,上海荟聚中心,RECLASSIFIED,RECLASSIFIED,化妆品,3.5,312,L2,rated,True,,rated,parsed,rating_anchor,0.9983,0.9987,45,17784,301.706,L2 | ⭐🌟⭐🌟🌟3.5 | 化妆品 | ￥312/人,RECLASSIFIED | RE | L2 | ⭐🌟⭐🌟🌟3.5 | 化妆品 | ￥312/人 | “调香师专业耐心，环境干净独特 | CLASSIFIED | 5 | 10:00营业,ocr/input_videos\上海__上海荟聚中心__20260826.mp4
OBS-001863,上海荟聚中心,小米汽车,小米汽车,4S店,,,商场内,unknown,True,,ocr_missing,parsed,metadata_anchor,0.9967,0.9982,57,17856,302.927,商场内 | 3.64S店 | 🌟🌟🎉🌟🎉,小米汽车 | 商场内 | 3.64S店 | 🌟🌟🎉🌟🎉,ocr/input_videos\上海__上海荟聚中心__20260826.mp4
OBS-001864,上海荟聚中心,ecco,ecco,鞋靴,4.1,,商场内,rated,True,,rated,parsed,rating_anchor,0.9985,0.9985,43,17856,302.927,⭐🌟🌟⭐ | 商场内 | 鞋靴 | 4.1,ecC0 | ecco | ⭐🌟🌟⭐ | 商场内 | 鞋靴 | 4.1 | 点评榜单 | 长宁区鞋靴好评榜第6名 | 10:00营业,ocr/input_videos\上海__上海荟聚中心__20260826.mp4
OBS-001865,上海荟聚中心,xexymix,xexymix,运动户外,4.2,,LG1,rated,True,,rated,parsed,rating_anchor,0.9981,0.9983,65,17856,302.927,⭐🌟⭐⭐ | LG1 | 4.2运动户外 | ★,xexymix | ⭐🌟⭐⭐ | LG1 | 4.2运动户外 | ★ | 10:00营业,ocr/input_videos\上海__上海荟聚中心__20260826.mp4
OBS-001866,上海荟聚中心,RECLASSIFIED,RECLASSIFIED,化妆品,3.5,312,L2,rated,True,,rated,parsed,rating_anchor,0.9989,0.9991,45,17856,302.927,🌟🌟🌟🌟 | 化妆品 | ￥312/人 | L2 | 3.5,RECLASSIFIED | RE | 🌟🌟🌟🌟 | 化妆品 | ￥312/人 | L2 | 3.5 | “调香师专业耐心，环境干净独特 | CLASSIFIED | 3 | 10:00营业,ocr/input_videos\上海__上海荟聚中心__20260826.mp4
OBS-001867,上海荟聚中心,DJI大疆,DJI大疆,数码产品,4.8,3090,L1,rated,True,,rated,parsed,rating_anchor,0.9674,0.9351,60,17856,302.927,￥3090/人 | 🌟🌟⭐🌟🌟 | 4.8 | 数码产品 | L1,DJI大疆 | 少 | ￥3090/人 | 🌟🌟⭐🌟🌟 | 4.8 | 数码产品 | L1 | “拍照效果超赞，运动相机值得购买” | 授权体验店 | 10:00营业,ocr/input_videos\上海__上海荟聚中心__20260826.mp4
OBS-001868,上海荟聚中心,ecco,ecco,鞋靴,4.1,,商场内,rated,True,,rated,parsed,rating_anchor,0.9979,0.9987,42,17892,303.538,商场内 | 鞋靴 | ⭐🌟⭐🌟 | 4.1,eccO | ecco | 商场内 | 鞋靴 | ⭐🌟⭐🌟 | 4.1 | 点评榜单 | 长宁区鞋靴好评榜第6名 | 10:00营业,ocr/input_videos\上海__上海荟聚中心__20260826.mp4
OBS-001869,上海荟聚中心,xexymix,xexymix,运动户外,4.2,,LG1,rated,True,,rated,parsed,rating_anchor,0.9978,0.9981,62,17892,303.538,LG1 | ⭐🌟⭐🌟 | 4.2运动户外 | ★,xexymix | LG1 | ⭐🌟⭐🌟 | 4.2运动户外 | ★ | 10:00营业,ocr/input_videos\上海__上海荟聚中心__20260826.mp4
OBS-001870,上海荟聚中心,RECLASSIFIED,RECLASSIFIED,化妆品,3.5,312,L2,rated,True,,rated,parsed,rating_anchor,0.9987,0.9989,44,17892,303.538,⭐🌟3.5 | 化妆品 | L2 | ￥312/人,RECLASSIFIED | RE | ⭐🌟3.5 | 化妆品 | L2 | ￥312/人 | “调香师专业耐心，环境干净独特 | CLASSIFIED | 55 | 10:00营业,ocr/input_videos\上海__上海荟聚中心__20260826.mp4
OBS-001871,上海荟聚中心,DJI大疆,DJI大疆,数码产品,,3090,L1,unknown,True,,ocr_missing,parsed,metadata_anchor,0.9812,0.9995,56,17892,303.538,🌟🌟🎉🌟🌟 | 数码产品￥3090/人 | L1 | 14.8,DJI大疆 | 山 | 🌟🌟🎉🌟🌟 | 数码产品￥3090/人 | L1 | 14.8 | 拍照效果超赞，运动相机值得购买 | 授权体验店 | 10:00营业,ocr/input_videos\上海__上海荟聚中心__20260826.mp4
OBS-001872,上海荟聚中心,OSIM傲胜,OSIM傲胜,更多家具家居,3.6,,L3,rated,True,,rated,parsed,rating_anchor,0.996,0.9932,53,17892,303.538,⭐🌟🌟🌟🌟 | L3 | 更多家具家居 | 3.6,OSIM傲胜 | ⭐🌟🌟🌟🌟 | L3 | 更多家具家居 | 3.6 | “力度精准，肩颈酸痛全跑光” | 10:00营业,ocr/input_videos\上海__上海荟聚中心__20260826.mp4
OBS-001873,上海荟聚中心,MO&CO.,MO&CO.,服饰鞋包,4.0,,L2,rated,True,,rated,parsed,rating_anchor,0.963,0.9269,52,17892,303.538,🌟🌟⭐⭐ | L2 | 服饰鞋包 | 4.0 | ★,MO&CO. | 🌟🌟⭐⭐ | L2 | 服饰鞋包 | 4.0 | ★ | MO&Co. | 10:00营业,ocr/input_videos\上海__上海荟聚中心__20260826.mp4
OBS-001874,上海荟聚中心,xexymix,xexymix,运动户外,4.2,,LG1,rated,True,,rated,parsed,rating_anchor,0.9987,0.9983,58,17940,304.352,运动户外 | ⭐★🌟🌟 | LG1 | 4.2 | ★,xexymix | 运动户外 | ⭐★🌟🌟 | LG1 | 4.2 | ★ | F | 10:00营业,ocr/input_videos\上海__上海荟聚中心__20260826.mp4
OBS-001875,上海荟聚中心,RECLASSIFIED,RECLASSIFIED,化妆品,3.5,312,L2,rated,True,,rated,parsed,rating_anchor,0.998,0.9991,44,17940,304.352,L2 | 🌟🌟🌟🌟⭐ | 3.5 | 化妆品 | ￥312/人,RECLASSIFIED | RE | L2 | 🌟🌟🌟🌟⭐ | 3.5 | 化妆品 | ￥312/人 | CLASSIFIED | 调香师专业耐心，环境干净独特 | 5 | 10:00营业,ocr/input_videos\上海__上海荟聚中心__20260826.mp4
OBS-001876,上海荟聚中心,DJI大疆,DJI大疆,数码产品,4.8,3090,L1,rated,True,,rated,parsed,rating_anchor,0.9995,0.9992,54,17940,304.352,🌟🌟🎉🌟⭐4.8 | L1 | 数码产品 | ￥3090/人,DJI大疆 | 少 | 🌟🌟🎉🌟⭐4.8 | L1 | 数码产品 | ￥3090/人 | 拍照效果超赞，运动相机值得购买 | 授权体验店 | 10:00营业,ocr/input_videos\上海__上海荟聚中心__20260826.mp4
OBS-001877,上海荟聚中心,OSIM傲胜,OSIM傲胜,更多家具家居,3.6,,L3,rated,True,,rated,parsed,rating_anchor,0.9967,0.9938,53,17940,304.352,L3 | ⭐🌟🌟🌟⭐ | 更多家具家居 | 3.6,OSIM傲胜 | L3 | ⭐🌟🌟🌟⭐ | 更多家具家居 | 3.6 | 力度精准，肩颈酸痛全跑光 | 10:00营业,ocr/input_videos\上海__上海荟聚中心__20260826.mp4
OBS-001878,上海荟聚中心,MO&CO.,MO&CO.,服饰鞋包,4.0,,L2,rated,True,,rated,parsed,rating_anchor,0.9728,0.9462,49,17940,304.352,⭐🌟🎉🎉 | L2 | 服饰鞋包 | 4.0 | ★,MO&CO. | ⭐🌟🎉🎉 | L2 | 服饰鞋包 | 4.0 | ★ | MO&Co. | 10:00营业,ocr/input_videos\上海__上海荟聚中心__20260826.mp4
OBS-001879,上海荟聚中心,purcotton全棉时代,purcotton全棉时代,居家日用,3.8,96,L2,rated,True,,rated,parsed,rating_anchor,0.9977,0.9991,62,17940,304.352,🌟🌟⭐3.8 | ￥96/人 | L2 | 居家日用,purcotton全棉时代 | 🌟🌟⭐3.8 | ￥96/人 | L2 | 居家日用 | 棉质产品品类多样，优惠多多 | C | Purc | 10:00营业,ocr/input_videos\上海__上海荟聚中心__20260826.mp4
OBS-001880,上海荟聚中心,RECLASSIFIED,RECLASSIFIED,化妆品,3.5,312,L2,rated,True,,rated,parsed,rating_anchor,0.9982,0.9986,44,17952,304.556,⭐🌟⭐🌟🌟 | L2 | 化妆品 | 3.5 | ￥312/人,RECLASSIFIED | RE | ⭐🌟⭐🌟🌟 | L2 | 化妆品 | 3.5 | ￥312/人 | CLASSIFIED | 调香师专业耐心，环境干净独特 | 10:00营业,ocr/input_videos\上海__上海荟聚中心__20260826.mp4
OBS-001881,上海荟聚中心,DJI大疆,DJI大疆,数码产品,,3090,L1,unknown,True,,ocr_missing,parsed,metadata_anchor,0.9825,0.9989,53,17952,304.556,🌟🌟🎉⭐🌟 | 数码产品￥3090/人 | L1 | 14.8,DJI大疆 | 少 | 🌟🌟🎉⭐🌟 | 数码产品￥3090/人 | L1 | 14.8 | “拍照效果超赞，运动相机值得购买 | 授权体验店 | 10:00营业,ocr/input_videos\上海__上海荟聚中心__20260826.mp4
OBS-001882,上海荟聚中心,OSIM傲胜,OSIM傲胜,更多家具家居,3.6,,L3,rated,True,,rated,parsed,rating_anchor,0.9968,0.9942,52,17952,304.556,L3 | 🌟🌟🌟🌟🌟 | 更多家具家居 | 3.6,OSIM傲胜 | L3 | 🌟🌟🌟🌟🌟 | 更多家具家居 | 3.6 | 力度精准，肩颈酸痛全跑光 | 10:00营业,ocr/input_videos\上海__上海荟聚中心__20260826.mp4
OBS-001883,上海荟聚中心,MO&CO.,MO&CO.,服饰鞋包,4.0,,L2,rated,True,,rated,parsed,rating_anchor,0.9631,0.9273,48,17952,304.556,L2 | 🌟🌟🌟 | 服饰鞋包 | 4.0 | ★,MO&CO. | L2 | 🌟🌟🌟 | 服饰鞋包 | 4.0 | ★ | MO&Co. | 10:00营业,ocr/input_videos\上海__上海荟聚中心__20260826.mp4
OBS-001884,上海荟聚中心,purcotton全棉时代,purcotton全棉时代,居家日用,3.8,96,L2,rated,True,,rated,parsed,rating_anchor,0.9992,0.9987,60,17952,304.556,🌟🌟🌟💥🌟 | L2 | 居家日用 | ￥96/人 | 3.8,purcotton全棉时代 | 🌟🌟🌟💥🌟 | L2 | 居家日用 | ￥96/人 | 3.8 | 棉质产品品类多样，优惠多多 | Pur | 10:00营业,ocr/input_videos\上海__上海荟聚中心__20260826.mp4
OBS-001885,上海荟聚中心,安踏冠军ANTAGUANJUN,安踏冠军ANTAGUANJUN,运动户外,3.8,1474,LG1,rated,True,,rated,parsed,rating_anchor,0.9982,0.9974,48,17952,304.556,🌟🌟🌟⭐🌟 | LG1 | 运动户外 | 3.8 | ￥1474/人,安踏冠军ANTAGUANJUN | ANNGUANJUN | 🌟🌟🌟⭐🌟 | LG1 | 运动户外 | 3.8 | ￥1474/人 | 运动鞋款式多样，防晒清新系列超适合... | 10:00营业 | ALLREADAY新奇天,ocr/input_videos\上海__上海荟聚中心__20260826.mp4
OBS-001886,上海荟聚中心,DJI大疆,DJI大疆,数码产品,,3090,L1,unknown,True,,ocr_missing,parsed,metadata_anchor,0.9788,0.9991,54,17988,305.167,⭐🌟🌟🌟🌟 | 数码产品￥3090/人 | L1 | 14.8,DJI大疆 | 少 | ⭐🌟🌟🌟🌟 | 数码产品￥3090/人 | L1 | 14.8 | “拍照效果超赞，运动相机值得购买” | 授权体验店 | 10:00营业,ocr/input_videos\上海__上海荟聚中心__20260826.mp4
OBS-001887,上海荟聚中心,OSIM傲胜,OSIM傲胜,更多家具家居,3.6,,L3,rated,True,,rated,parsed,rating_anchor,0.9966,0.9943,52,17988,305.167,L3 | 🌟🌟🎉🌟🌟 | 3.6更多家具家居,OSIM傲胜 | L3 | 🌟🌟🎉🌟🌟 | 3.6更多家具家居 | 力度精准，肩颈酸痛全跑光 | 10:00营业,ocr/input_videos\上海__上海荟聚中心__20260826.mp4
OBS-001888,上海荟聚中心,MO&CO.,MO&CO.,服饰鞋包,4.0,,L2,rated,True,,rated,parsed,rating_anchor,0.9659,0.9334,49,17988,305.167,⭐🌟⭐⭐ | L2 | 4.0服饰鞋包 | ★,MO&CO. | ⭐🌟⭐⭐ | L2 | 4.0服饰鞋包 | ★ | MO&Co. | 10:00营业,ocr/input_videos\上海__上海荟聚中心__20260826.mp4
OBS-001889,上海荟聚中心,purcotton全棉时代,purcotton全棉时代,居家日用,3.8,96,L2,rated,True,,rated,parsed,rating_anchor,0.982,0.9989,59,17988,305.167,🌟🌟🌟🌟🌟 | 3.8居家日用￥96/人 | L2,purcotton全棉时代 | 🌟🌟🌟🌟🌟 | 3.8居家日用￥96/人 | L2 | 棉质产品品类多样，优惠多多” | 《 | Purcottar | 10:00营业,ocr/input_videos\上海__上海荟聚中心__20260826.mp4
OBS-001890,上海荟聚中心,安踏冠军ANTAGUANJUN,安踏冠军ANTAGUANJUN,运动户外,3.8,1474,LG1,rated,True,,rated,parsed,rating_anchor,0.9976,0.9961,48,17988,305.167,LG1 | 🌟🌟⭐🌟⭐3.8 | 运动户外 | ￥1474/人,安踏冠军ANTAGUANJUN | ANMGUANJUN | LG1 | 🌟🌟⭐🌟⭐3.8 | 运动户外 | ￥1474/人 | “运动鞋款式多样，防晒清新系列超适合... | 10:00营业,ocr/input_videos\上海__上海荟聚中心__20260826.mp4
OBS-001891,上海荟聚中心,ALLREADAY新奇天,ALLREADAY新奇天,运动户外,4.7,836,LG1,rated,True,,rated,parsed,rating_anchor,0.9762,0.9982,51,17988,305.167,LG1 | 🌟🌟🌟🌟 | 运动户外￥836/人 | 4.7,ALLREADAY新奇天 | LG1 | 🌟🌟🌟🌟 | 运动户外￥836/人 | 4.7 | 点评榜单 | 北新泾/淞虹路运动户外好评榜第6名 | 10:00营业 | 设计师轻户外品牌，性价比高,ocr/input_videos\上海__上海荟聚中心__20260826.mp4
OBS-001892,上海荟聚中心,MO&CO.,MO&CO.,服饰鞋包,4.0,,L2,rated,True,,rated,parsed,rating_anchor,0.9607,0.9222,46,18048,306.184,⭐🌟🌟⭐ | L2 | 服饰鞋包 | 4.0 | ★,MO&CO. | ⭐🌟🌟⭐ | L2 | 服饰鞋包 | 4.0 | ★ | MO&Co. | 10:00营业,ocr/input_videos\上海__上海荟聚中心__20260826.mp4
OBS-001893,上海荟聚中心,purcotton全棉时代,purcotton全棉时代,居家日用,3.8,96,L2,rated,True,,rated,parsed,rating_anchor,0.9989,0.9982,62,18048,306.184,⭐🌟🎉🌟⭐ | L2 | 居家日用 | ￥96/人 | 3.8,purcotton全棉时代 | Q | ⭐🌟🎉🌟⭐ | L2 | 居家日用 | ￥96/人 | 3.8 | “棉质产品品类多样，优惠多多 | Pura | 10:00营业,ocr/input_videos\上海__上海荟聚中心__20260826.mp4
OBS-001894,上海荟聚中心,安踏冠军ANTAGUANJUN,安踏冠军ANTAGUANJUN,运动户外,3.8,1474,LG1,rated,True,,rated,parsed,rating_anchor,0.9684,0.9948,54,18048,306.184,🌟🌟🌟🌟 | LG1 | 运动户外￥1474/人 | 3.8,安踏冠军ANTAGUANJUN | ANTA GUANJUN | 🌟🌟🌟🌟 | LG1 | 运动户外￥1474/人 | 3.8 | 运动鞋款式多样，防晒清新系列超适合.. | 10:00营业,ocr/input_videos\上海__上海荟聚中心__20260826.mp4
OBS-001895,上海荟聚中心,ALLREADAY新奇天,ALLREADAY新奇天,运动户外,4.7,836,LG1,rated,True,,rated,parsed,rating_anchor,0.9982,0.9977,53,18048,306.184,🌟🌟🌟🌟🌟 | LG1 | 运动户外 | ￥836/人 | 4.7,ALLREADAY新奇天 | 🌟🌟🌟🌟🌟 | LG1 | 运动户外 | ￥836/人 | 4.7 | 点评榜单 | 北新泾/淞虹路运动户外好评榜第6名 | 10:00营业 | 设计师轻户外品牌，性价比高 | 《,ocr/input_videos\上海__上海荟聚中心__20260826.mp4
OBS-001896,上海荟聚中心,vivo体验店,vivo体验店,数码产品,3.8,,LG2,rated,True,,rated,parsed,rating_anchor,0.9986,0.9974,59,18048,306.184,⭐🌟⭐🌟🌟 | LG2 | 数码产品 | 3.8,宁房购 | vivo体验店 | ⭐🌟⭐🌟🌟 | LG2 | 数码产品 | 3.8 | 苏宁易购促销力度大， | 价格实惠 | CC | 11 | 10:00营业,ocr/input_videos\上海__上海荟聚中心__20260826.mp4
OBS-001897,上海荟聚中心,安踏儿童,安踏儿童,玩具,,,L3,unrated,False,explicitly_unrated,unrated,parsed,unrated_anchor,0.9986,0.9979,53,18048,306.184,L3 | 玩具 | 暂无星级 | ★★★★★,安踏儿童 | Anta Campus | L3 | 玩具 | 暂无星级 | ★★★★★,ocr/input_videos\上海__上海荟聚中心__20260826.mp4
OBS-001898,上海荟聚中心,purcotton全棉时代,purcotton全棉时代,居家日用,3.8,96,L2,rated,True,,rated,parsed,rating_anchor,0.9991,0.9988,60,18072,306.592,L2 | ⭐🌟★💥🌟 | 居家日用 | ￥96/人 | 3.8,purcotton全棉时代 | L2 | ⭐🌟★💥🌟 | 居家日用 | ￥96/人 | 3.8 | “棉质产品品类多样，优惠多多” | Pura | o | 10:00营业,ocr/input_videos\上海__上海荟聚中心__20260826.mp4
OBS-001899,上海荟聚中心,安踏冠军ANTAGUANJUN,安踏冠军ANTAGUANJUN,运动户外,3.8,1474,LG1,rated,True,,rated,parsed,rating_anchor,0.972,0.9965,51,18072,306.592,🌟🌟🌟⭐ | LG1 | 3.8 | 运动户外￥1474/人,安踏冠军ANTAGUANJUN | ANTGUANJUN | 🌟🌟🌟⭐ | LG1 | 3.8 | 运动户外￥1474/人 | 运动鞋款式多样，防晒清新系列超适合. | 10:00营业,ocr/input_videos\上海__上海荟聚中心__20260826.mp4
OBS-001900,上海荟聚中心,ALLREADAY新奇天,ALLREADAY新奇天,运动户外,4.7,836,LG1,rated,True,,rated,parsed,rating_anchor,0.9988,0.9985,48,18072,306.592,⭐🌟🌟⭐🌟 | LG1 | 运动户外 | ￥836/人 | 4.7,ALLREADAY新奇天 | ⭐🌟🌟⭐🌟 | LG1 | 运动户外 | ￥836/人 | 4.7 | 点评榜单 | 北新泾/淞虹路运动户外好评榜第6名 | 10:00营业 | 设计师轻户外品牌，性价比高,ocr/input_videos\上海__上海荟聚中心__20260826.mp4
OBS-001901,上海荟聚中心,vivo体验店,vivo体验店,数码产品,3.8,,LG2,rated,True,,rated,parsed,rating_anchor,0.9982,0.9966,55,18072,306.592,LG2 | 🌟🌟🌟🌟🌟 | 数码产品 | 3.8,宁房购 | vivo体验店 | LG2 | 🌟🌟🌟🌟🌟 | 数码产品 | 3.8 | 价格实惠 | 苏宁易购促销力度大， | 1 | 10:00营业,ocr/input_videos\上海__上海荟聚中心__20260826.mp4
OBS-001902,上海荟聚中心,安踏儿童,安踏儿童,玩具,,,L3,unrated,False,explicitly_unrated,unrated,parsed,unrated_anchor,0.9991,0.9988,56,18072,306.592,L3 | 玩具 | ★★★★★ | 暂无星级,安踏儿童 | Anta Campus | L3 | 玩具 | ★★★★★ | 暂无星级,ocr/input_videos\上海__上海荟聚中心__20260826.mp4
OBS-001903,上海荟聚中心,薇诺娜,薇诺娜,服饰鞋包,,,LG2,unrated,False,explicitly_unrated,unrated,parsed,unrated_anchor,0.9992,0.9994,55,18072,306.592,LG2 | 🌟🌟⭐🌟🌟 | 服饰鞋包 | 暂无星级,薇诺娜 | WINGNA | LG2 | 🌟🌟⭐🌟🌟 | 服饰鞋包 | 暂无星级,ocr/input_videos\上海__上海荟聚中心__20260826.mp4
OBS-001904,上海荟聚中心,purcotton王饰时1,purcotton王饰时1,居家日用,3.8,96,L2,rated,True,,rated,parsed,rating_anchor,0.9056,0.8119,36,18120,307.406,L2 | 🌟🌟🎉🌟🌟 | ￥96/人 | 居家日用 | 3.8,purcotton王饰时1 | 6 | L2 | 🌟🌟🎉🌟🌟 | ￥96/人 | 居家日用 | 3.8 | “棉质产品品类多样，优惠多多” | Puro | - | 10:00营业,ocr/input_videos\上海__上海荟聚中心__20260826.mp4
OBS-001905,上海荟聚中心,安踏冠军ANTAGUANJUN,安踏冠军ANTAGUANJUN,运动户外,3.8,1474,LG1,rated,True,,rated,parsed,rating_anchor,0.9974,0.9959,48,18120,307.406,★🌟🌟⭐ | LG1 | 运动户外 | ￥1474/人 | 3.8,安踏冠军ANTAGUANJUN | ANIA GUANJUN | ★🌟🌟⭐ | LG1 | 运动户外 | ￥1474/人 | 3.8 | 运动鞋款式多样，防晒清新系列超适合... | 10:00营业,ocr/input_videos\上海__上海荟聚中心__20260826.mp4
OBS-001906,上海荟聚中心,ALLREADAY新奇天,ALLREADAY新奇天,运动户外,4.7,836,LG1,rated,True,,rated,parsed,rating_anchor,0.9779,0.9982,48,18120,307.406,LG1 | ⭐🌟⭐⭐🌟 | 运动户外￥836/人 | 4.7,ALLREADAY新奇天 | LG1 | ⭐🌟⭐⭐🌟 | 运动户外￥836/人 | 4.7 | 点评榜单 | 北新泾/淞虹路运动户外好评榜第6名 | 10:00营业 | 设计师轻户外品牌，性价比高 | G,ocr/input_videos\上海__上海荟聚中心__20260826.mp4
OBS-001907,上海荟聚中心,vivo体验店,vivo体验店,数码产品,3.8,,LG2,rated,True,,rated,parsed,rating_anchor,0.9982,0.9967,55,18120,307.406,LG2 | 🌟★🌟🌟★ | 数码产品 | 3.8,宁房购 | vivo体验店 | LG2 | 🌟★🌟🌟★ | 数码产品 | 3.8 | 苏宁易购促销力度大， | 价格实惠 | 10:00营业,ocr/input_videos\上海__上海荟聚中心__20260826.mp4
OBS-001908,上海荟聚中心,安踏儿童,安踏儿童,玩具,,,L3,unrated,False,explicitly_unrated,unrated,parsed,unrated_anchor,0.9986,0.9975,56,18120,307.406,★★★★★ | L3 | 暂无星级 | 玩具,安踏儿童 | Anta Campus | ★★★★★ | L3 | 暂无星级 | 玩具,ocr/input_videos\上海__上海荟聚中心__20260826.mp4
OBS-001909,上海荟聚中心,薇诺娜,薇诺娜,服饰鞋包,,,LG2,unrated,False,explicitly_unrated,unrated,parsed,unrated_anchor,0.9993,0.9997,55,18120,307.406,LG2 | ★★★★★ | 暂无星级 | 服饰鞋包,薇诺娜 | WINONA | LG2 | ★★★★★ | 暂无星级 | 服饰鞋包 | EeS96E00 | FILA KIDS,ocr/input_videos\上海__上海荟聚中心__20260826.mp4
OBS-001910,上海荟聚中心,ALLREADAY新奇天,ALLREADAY新奇天,运动户外,4.7,836,LG1,rated,True,,rated,parsed,rating_anchor,0.9774,0.9987,48,18144,307.813,⭐🌟⭐🌟🌟 | LG1 | 运动户外￥836/人 | 4.7,ALLREADAY新奇天 | ⭐🌟⭐🌟🌟 | LG1 | 运动户外￥836/人 | 4.7 | 点评榜单 | 北新泾/淞虹路运动户外好评榜第6名 | 10:00营业 | 设计师轻户外品牌，性价比高 | 2,ocr/input_videos\上海__上海荟聚中心__20260826.mp4
OBS-001911,上海荟聚中心,vivo体验店,vivo体验店,数码产品,3.8,,LG2,rated,True,,rated,parsed,rating_anchor,0.9986,0.9974,55,18144,307.813,🌟🌟🌟🌟 | LG2 | 数码产品 | 3.8,力宁易购 | vivo体验店 | 🌟🌟🌟🌟 | LG2 | 数码产品 | 3.8 | 价格实惠 | 苏宁易购促销力度大，作 | 10:00营业,ocr/input_videos\上海__上海荟聚中心__20260826.mp4
OBS-001912,上海荟聚中心,安踏儿童,安踏儿童,玩具,,,L3,unrated,False,explicitly_unrated,unrated,parsed,unrated_anchor,0.9991,0.9986,56,18144,307.813,暂无星级 | ★★★ | L3 | 玩具,安踏儿童 | Anta Campus | 暂无星级 | ★★★ | L3 | 玩具,ocr/input_videos\上海__上海荟聚中心__20260826.mp4
OBS-001913,上海荟聚中心,薇诺娜,薇诺娜,服饰鞋包,,,LG2,unrated,False,explicitly_unrated,unrated,parsed,unrated_anchor,0.999,0.9988,58,18144,307.813,★★★★★ | 服饰鞋包 | 暂无星级 | LG2,薇诺娜 | WINGNA | ★★★★★ | 服饰鞋包 | 暂无星级 | LG2 | 0SEN,ocr/input_videos\上海__上海荟聚中心__20260826.mp4
OBS-001914,上海荟聚中心,FILA KIDS,FILAKIDS,儿童服饰,,,L3,unrated,False,explicitly_unrated,unrated,parsed,unrated_anchor,0.9937,0.9878,42,18144,307.813,L3 | ★★★★★ | 暂无星级 | 儿童服饰,FILA KIDS | L3 | ★★★★★ | 暂无星级 | 儿童服饰 | 鞋款丰富设计潮，购物体验超棒 | 5 | 10:00营业,ocr/input_videos\上海__上海荟聚中心__20260826.mp4
OBS-001915,上海荟聚中心,vivo体验店,vivo体验店,数码产品,3.8,,LG2,rated,True,,rated,parsed,rating_anchor,0.9983,0.9968,56,18216,309.035,数码产品 | LG2 | 🌟🌟🌟🌟🌟 | 3.8,一宁房购 | vivo体验店 | 数码产品 | LG2 | 🌟🌟🌟🌟🌟 | 3.8 | 苏宁易购促销力度大，价格实惠” | “ | 10:00营业,ocr/input_videos\上海__上海荟聚中心__20260826.mp4
OBS-001916,上海荟聚中心,安踏儿童,安踏儿童,玩具,,,L3,unrated,False,explicitly_unrated,unrated,parsed,unrated_anchor,0.999,0.9985,57,18216,309.035,暂无星级 | 玩具 | L3 | ★★★★★,安踏儿童 | Anta Campus | 暂无星级 | 玩具 | L3 | ★★★★★,ocr/input_videos\上海__上海荟聚中心__20260826.mp4
OBS-001917,上海荟聚中心,薇诺娜,薇诺娜,服饰鞋包,,,LG2,unrated,False,explicitly_unrated,unrated,parsed,unrated_anchor,0.9996,0.9997,58,18216,309.035,LG2 | ★🌟⭐★🌟 | 暂无星级 | 服饰鞋包,薇诺娜 | WINONA | LG2 | ★🌟⭐★🌟 | 暂无星级 | 服饰鞋包 | PPSBER,ocr/input_videos\上海__上海荟聚中心__20260826.mp4
OBS-001918,上海荟聚中心,FILA KIDS,FILAKIDS,儿童服饰,,,L3,unrated,False,explicitly_unrated,unrated,parsed,unrated_anchor,0.9955,0.9913,49,18216,309.035,L3 | 暂无星级 | 儿童服饰 | ★★★★,FILA KIDS | L3 | 暂无星级 | 儿童服饰 | ★★★★ | 鞋款丰富设计潮，购物体验超棒 | 10:00营业,ocr/input_videos\上海__上海荟聚中心__20260826.mp4
OBS-001919,上海荟聚中心,男人先生,男人先生,更多购物场所,,,LG2,unrated,False,explicitly_unrated,unrated,parsed,unrated_anchor,0.9999,0.9999,59,18216,309.035,LG2 | ★★★★★ | 暂无星级 | 更多购物场所,男人先生 | LG2 | ★★★★★ | 暂无星级 | 更多购物场所,ocr/input_videos\上海__上海荟聚中心__20260826.mp4
OBS-001920,上海荟聚中心,STACCATO思加图,STACCATO思加图,服饰...,,925,L1,unrated,False,explicitly_unrated,unrated,parsed,unrated_anchor,0.8841,0.9976,51,18216,309.035,★★★🌟 | 服饰... | ￥925/人L1 | 暂无星级,STACCATO思加图 | ★★★🌟 | 服饰... | ￥925/人L1 | 暂无星级 | STACCATO | 10:00营业 | ￥6189.6折 | ￥698鞋履焕新轻享券一 | 惠,ocr/input_videos\上海__上海荟聚中心__20260826.mp4
OBS-001921,上海荟聚中心,安踏儿童,安踏儿童,玩具,,,L3,unrated,False,explicitly_unrated,unrated,parsed,unrated_anchor,0.9989,0.9985,57,18252,309.645,玩具 | L3 | 🌟🌟🌟🌟🌟 | 暂无星级,安踏儿童 | Anta Campus | 玩具 | L3 | 🌟🌟🌟🌟🌟 | 暂无星级,ocr/input_videos\上海__上海荟聚中心__20260826.mp4
OBS-001922,上海荟聚中心,薇诺娜,薇诺娜,服饰鞋包,,,LG2,unrated,False,explicitly_unrated,unrated,parsed,unrated_anchor,0.9988,0.9992,58,18252,309.645,服饰鞋包 | LG2 | ★★★★★ | 暂无星级,薇诺娜 | WINGNA | 服饰鞋包 | LG2 | ★★★★★ | 暂无星级 | BeS,ocr/input_videos\上海__上海荟聚中心__20260826.mp4
OBS-001923,上海荟聚中心,FILA KIDS,FILAKIDS,儿童服饰,,,L3,unrated,False,explicitly_unrated,unrated,parsed,unrated_anchor,0.9954,0.9912,49,18252,309.645,儿童服饰 | L3 | ★★★★★ | 暂无星级,FILA KIDS | 儿童服饰 | L3 | ★★★★★ | 暂无星级 | 鞋款丰富设计潮，购物体验超棒 | 5 | 10:00营业,ocr/input_videos\上海__上海荟聚中心__20260826.mp4
OBS-001924,上海荟聚中心,男人先生,男人先生,更多购物场所,,,LG2,unrated,False,explicitly_unrated,unrated,parsed,unrated_anchor,0.9999,0.9998,57,18252,309.645,LG2 | ⭐🌟🌟🌟🌟 | 更多购物场所 | 暂无星级,男人先生 | LG2 | ⭐🌟🌟🌟🌟 | 更多购物场所 | 暂无星级,ocr/input_videos\上海__上海荟聚中心__20260826.mp4
OBS-001925,上海荟聚中心,STACCATO思加图,STACCATO思加图,服饰...,,925,L1,unrated,False,explicitly_unrated,unrated,parsed,unrated_anchor,0.9304,0.9985,55,18252,309.645,服饰... | 🌟🌟🌟🌟⭐ | 暂无星级 | ￥925/人L1,STACCATO思加图 | 1 | 服饰... | 🌟🌟🌟🌟⭐ | 暂无星级 | ￥925/人L1 | STACCATO | 10:00营业 | ￥6189.6折 | 惠 | ￥698鞋履焕新轻享券一.,ocr/input_videos\上海__上海荟聚中心__20260826.mp4
OBS-001926,上海荟聚中心,IWeCar,IWeCar,美容洗车,,,B3,unrated,False,explicitly_unrated,unrated,parsed,unrated_anchor,0.9971,0.9948,58,18252,309.645,B3 | 美容洗车 | ★★★★★ | 暂无星级,IWeCar | B3 | 美容洗车 | ★★★★★ | 暂无星级,ocr/input_videos\上海__上海荟聚中心__20260826.mp4
OBS-001927,上海荟聚中心,男人先生,男人先生,更多购物场所,,,LG2,unrated,False,explicitly_unrated,unrated,parsed,unrated_anchor,0.9998,0.9997,60,18312,310.663,★★★★★ | LG2 | 暂无星级 | 更多购物场所,男人先生 | ★★★★★ | LG2 | 暂无星级 | 更多购物场所,ocr/input_videos\上海__上海荟聚中心__20260826.mp4
OBS-001928,上海荟聚中心,STACCATO思加图,STACCATO思加图,服饰....,,925,L1,unrated,False,explicitly_unrated,unrated,parsed,unrated_anchor,0.8966,0.9983,51,18312,310.663,服饰.... | ★★★★ | 暂无星级 | ￥925/人L1,STACCATO思加图 | 3 | 服饰.... | ★★★★ | 暂无星级 | ￥925/人L1 | STACCATO | 10:00营业 | ￥6189.6折 | ￥698 | 鞋履焕新轻享券一.. | 惠,ocr/input_videos\上海__上海荟聚中心__20260826.mp4
OBS-001929,上海荟聚中心,IWeCar,IWeCar,美容洗车,,,B3,unrated,False,explicitly_unrated,unrated,parsed,unrated_anchor,0.9956,0.9917,59,18312,310.663,美容洗车 | 暂无星级 | B3 | 🌟🌟🌟★★,IWeCar | 美容洗车 | 暂无星级 | B3 | 🌟🌟🌟★★,ocr/input_videos\上海__上海荟聚中心__20260826.mp4
OBS-001930,上海荟聚中心,东风日产,东风日产,综合经销商,,,L1,unrated,False,explicitly_unrated,unrated,parsed,unrated_anchor,0.9987,0.9976,63,18312,310.663,暂无星级 | ★★★★★ | 综合经销商 | L1,东风日产 | 暂无星级 | ★★★★★ | 综合经销商 | L1 | 养车/用车,ocr/input_videos\上海__上海荟聚中心__20260826.mp4
OBS-001931,上海荟聚中心,存金通上海荟聚综合体店,存金通上海荟聚综合体店,金银首饰回收,,,LG2,unrated,False,explicitly_unrated,unrated,parsed,unrated_anchor,0.9975,0.9952,58,18312,310.663,金银首饰回收 | LG2 | ★★★★★ | 暂无星级,存金通上海荟聚综合体店 | 金银首饰回收 | LG2 | ★★★★★ | 暂无星级 | 10:00营业,ocr/input_videos\上海__上海荟聚中心__20260826.mp4
OBS-001932,上海荟聚中心,男人先生,男人先生,更多购物场所,,,LG2,unrated,False,explicitly_unrated,unrated,parsed,unrated_anchor,0.9998,0.9998,57,18348,311.274,LG2 | ★★★★★ | 暂无星级 | 更多购物场所,男人先生 | LG2 | ★★★★★ | 暂无星级 | 更多购物场所,ocr/input_videos\上海__上海荟聚中心__20260826.mp4
OBS-001933,上海荟聚中心,STACCATO思加图,STACCATO思加图,服饰..,,925,L1,unrated,False,explicitly_unrated,unrated,parsed,unrated_anchor,0.9202,0.9981,51,18348,311.274,服饰.. | 暂无星级 | ★★★★★ | ￥925/人L1,STACCATO思加图 | 服饰.. | 暂无星级 | ★★★★★ | ￥925/人L1 | STACCATO | 10:00营业 | 鞋履焕新轻享券！.. | ￥6189.6折 | ￥698 | 惠,ocr/input_videos\上海__上海荟聚中心__20260826.mp4
OBS-001934,上海荟聚中心,IWeCar,IWeCar,美容洗车,,,B3,unrated,False,explicitly_unrated,unrated,parsed,unrated_anchor,0.9973,0.9951,55,18348,311.274,B3 | 美容洗车 | ★★★★★ | 暂无星级,IWeCar | B3 | 美容洗车 | ★★★★★ | 暂无星级,ocr/input_videos\上海__上海荟聚中心__20260826.mp4
OBS-001935,上海荟聚中心,东风日产,东风日产,综合经销商,,,L1,unrated,False,explicitly_unrated,unrated,parsed,unrated_anchor,0.9984,0.9972,65,18348,311.274,★★★★★ | 暂无星级 | L1 | 综合经销商,东风日产 | ★★★★★ | 暂无星级 | L1 | 综合经销商 | 养车/用车,ocr/input_videos\上海__上海荟聚中心__20260826.mp4
OBS-001936,上海荟聚中心,存金通上海荟聚综合体店,存金通上海荟聚综合体店,金银首饰回收,,,LG2,unrated,False,explicitly_unrated,unrated,parsed,unrated_anchor,0.9928,0.986,53,18348,311.274,LG2 | ⭐🌟💥🌟🌟 | 暂无星级 | 金银首饰回收,存金通上海荟聚综合体店 | LG2 | ⭐🌟💥🌟🌟 | 暂无星级 | 金银首饰回收 | 生活服务 | 10:00营业,ocr/input_videos\上海__上海荟聚中心__20260826.mp4
OBS-001937,上海荟聚中心,特来电汽车充电站,特来电汽车充电站,充电..,,60,LG1,unrated,False,explicitly_unrated,unrated,parsed,unrated_anchor,0.9074,0.9986,57,18348,311.274,★★★ | 充电.. | ￥60/人LG1 | 暂无星级,特来电汽车充电站 | TELD3 | 特来电 | ★★★ | 充电.. | ￥60/人LG1 | 暂无星级 | 营业中,ocr/input_videos\上海__上海荟聚中心__20260826.mp4
OBS-001938,上海荟聚中心,STACCATO思加图,STACCATO思加图,服饰...,,925,L1,unrated,False,explicitly_unrated,unrated,parsed,unrated_anchor,0.9208,0.998,51,18408,312.292,暂无星级 | 服饰... | ★★★★★ | ￥925/人L1,STACCATO思加图 | 暂无星级 | 服饰... | ★★★★★ | ￥925/人L1 | STACCATO | 10:00营业 | 鞋履焕新轻享券|. | ￥6189.6折 | ￥698 | 惠,ocr/input_videos\上海__上海荟聚中心__20260826.mp4
OBS-001939,上海荟聚中心,IWeCar,IWeCar,美容洗车,,,B3,unrated,False,explicitly_unrated,unrated,parsed,unrated_anchor,0.9975,0.9955,57,18408,312.292,美容洗车 | B3 | ★★★★★ | 暂无星级,IWeCar | 美容洗车 | B3 | ★★★★★ | 暂无星级,ocr/input_videos\上海__上海荟聚中心__20260826.mp4
OBS-001940,上海荟聚中心,东风日产,东风日产,综合经销商,,,L1,unrated,False,explicitly_unrated,unrated,parsed,unrated_anchor,0.9985,0.9975,64,18408,312.292,★★★★★ | 暂无星级 | L1 | 综合经销商,东风日产 | ★★★★★ | 暂无星级 | L1 | 综合经销商 | 养车/用车,ocr/input_videos\上海__上海荟聚中心__20260826.mp4
OBS-001941,上海荟聚中心,存金通上海荟聚综合体店,存金通上海荟聚综合体店,金银首饰回收,,,LG2,unrated,False,explicitly_unrated,unrated,parsed,unrated_anchor,0.9946,0.9895,55,18408,312.292,金银首饰回收 | LG2 | 🌟🌟🌟🌟 | 暂无星级,存金通上海荟聚综合体店 | 金银首饰回收 | LG2 | 🌟🌟🌟🌟 | 暂无星级 | 生活服务 | 10:00营业,ocr/input_videos\上海__上海荟聚中心__20260826.mp4
OBS-001942,上海荟聚中心,特来电汽车充电站,特来电汽车充电站,充电..,,60,LG1,unrated,False,explicitly_unrated,unrated,parsed,unrated_anchor,0.8826,0.9987,54,18408,312.292,充电.. | 暂无星级 | ￥60/人LG1 | ★⭐💥🌟🌟,特来电汽车充电站 | TELD | 特来电 | 充电.. | 暂无星级 | ￥60/人LG1 | ★⭐💥🌟🌟 | 营业中 | ￥28.5￥30特来电30充电券(抵扣电费... | 惠,ocr/input_videos\上海__上海荟聚中心__20260826.mp4
OBS-001943,上海荟聚中心,东风日产,东风日产,综合经销商,,,L1,unrated,False,explicitly_unrated,unrated,parsed,unrated_anchor,0.999,0.9984,59,18444,312.903,★★★★★ | L1 | 暂无星级 | 综合经销商,东风日产 | ★★★★★ | L1 | 暂无星级 | 综合经销商 | 养车/用车,ocr/input_videos\上海__上海荟聚中心__20260826.mp4
OBS-001944,上海荟聚中心,存金通上海荟聚综合体店,存金通上海荟聚综合体店,金银首饰回收,,,LG2,unrated,False,explicitly_unrated,unrated,parsed,unrated_anchor,0.9949,0.99,54,18444,312.903,⭐🌟💥🌟 | LG2 | 暂无星级 | 金银首饰回收,存金通上海荟聚综合体店 | ⭐🌟💥🌟 | LG2 | 暂无星级 | 金银首饰回收 | 生活服务 | 10:00营业,ocr/input_videos\上海__上海荟聚中心__20260826.mp4
OBS-001945,上海荟聚中心,特来电汽车充电站,特来电汽车充电站,充电...,,60,LG1,unrated,False,explicitly_unrated,unrated,parsed,unrated_anchor,0.8807,0.9994,50,18444,312.903,充电... | 暂无星级 | ￥60/人LG1 | ★★★★★,特来电汽车充电站 | TELD | 特来电 | 充电... | 暂无星级 | ￥60/人LG1 | ★★★★★ | 营业中 | ￥28.5￥30特来电30充电券(抵扣电费.. | 惠,ocr/input_videos\上海__上海荟聚中心__20260826.mp4
OBS-001946,上海荟聚中心,女子百货,女子百货,服饰鞋包,,,L1,new_store,False,new_store,ocr_missing,parsed,metadata_anchor,0.9994,0.9994,57,18444,312.903,新店 | 服饰鞋包 | L1,女子百货 | 世子百 | 新店 | 服饰鞋包 | L1 | 4 | 10:00营业,ocr/input_videos\上海__上海荟聚中心__20260826.mp4
OBS-001947,上海荟聚中心,KOI The,KOIThe,化妆品,,,LG1,unrated,False,explicitly_unrated,unrated,parsed,unrated_anchor,0.9591,0.9205,50,18444,312.903,化妆品 | LG1 | 🌟🌟🌟🌟🌟 | 暂无星级,KOI The | 化妆品 | LG1 | 🌟🌟🌟🌟🌟 | 暂无星级 | 化妆品,ocr/input_videos\上海__上海荟聚中心__20260826.mp4
OBS-001948,上海荟聚中心,容声冰箱,容声冰箱,家用电器,,,LG2,unrated,False,explicitly_unrated,unrated,parsed,unrated_anchor,0.9998,0.9999,56,18444,312.903,LG2 | 家用电器 | 暂无星级 | ★★★★★,容声冰箱 | Ronshen商商 | LG2 | 家用电器 | 暂无星级 | ★★★★★,ocr/input_videos\上海__上海荟聚中心__20260826.mp4
OBS-001949,上海荟聚中心,东风日产,东风日产,综合经销商,,,L1,unrated,False,explicitly_unrated,unrated,parsed,unrated_anchor,0.9987,0.9976,64,18456,313.106,★★★★★ | 暂无星级 | L1 | 综合经销商,东风日产 | ★★★★★ | 暂无星级 | L1 | 综合经销商 | 养车/用车,ocr/input_videos\上海__上海荟聚中心__20260826.mp4
OBS-001950,上海荟聚中心,存金通上海荟聚综合体店,存金通上海荟聚综合体店,金银首饰回收,,,LG2,unrated,False,explicitly_unrated,unrated,parsed,unrated_anchor,0.9964,0.9932,54,18456,313.106,LG2 | 金银首饰回收 | ★★★★★ | 暂无星级,存金通上海荟聚综合体店 | LG2 | 金银首饰回收 | ★★★★★ | 暂无星级 | 生活服务 | 10:00营业,ocr/input_videos\上海__上海荟聚中心__20260826.mp4
OBS-001951,上海荟聚中心,特来电汽车充电站,特来电汽车充电站,充电..,,60,LG1,unrated,False,explicitly_unrated,unrated,parsed,unrated_anchor,0.9178,0.9996,53,18456,313.106,充电.. | ★★★★★ | 暂无星级 | ￥60/人LG1,特来电汽车充电站 | TELD | 特来电 | 充电.. | ★★★★★ | 暂无星级 | ￥60/人LG1 | 营业中 | ￥28.5￥30特来电30充电券(抵扣电费. | 惠,ocr/input_videos\上海__上海荟聚中心__20260826.mp4
OBS-001952,上海荟聚中心,女子百货,女子百货,服饰鞋包,,,L1,new_store,False,new_store,ocr_missing,parsed,metadata_anchor,0.9992,0.9991,57,18456,313.106,新店 | 服饰鞋包 | L1,女子百货 | 世子百 | 新店 | 服饰鞋包 | L1 | 化 | 10:00营业,ocr/input_videos\上海__上海荟聚中心__20260826.mp4
OBS-001953,上海荟聚中心,KOI The,KOIThe,化妆品,,,LG1,unrated,False,explicitly_unrated,unrated,parsed,unrated_anchor,0.9585,0.9186,56,18456,313.106,化妆品 | LG1 | 🌟🌟🌟🌟 | 暂无星级,KOI The | 化妆品 | LG1 | 🌟🌟🌟🌟 | 暂无星级 | 化妆品,ocr/input_videos\上海__上海荟聚中心__20260826.mp4
OBS-001954,上海荟聚中心,容声冰箱,容声冰箱,家用电器,,,LG2,unrated,False,explicitly_unrated,unrated,parsed,unrated_anchor,0.9999,0.9999,62,18456,313.106,LG2 | ★★★★★ | 家用电器 | 暂无星级,容声冰箱 | Ronshen商声 | LG2 | ★★★★★ | 家用电器 | 暂无星级,ocr/input_videos\上海__上海荟聚中心__20260826.mp4
OBS-001955,上海荟聚中心,东风日产,东风日产,综合经销商,,,L1,unrated,False,explicitly_unrated,unrated,parsed,unrated_anchor,0.9987,0.9976,60,18480,313.513,🌟🌟🌟🌟⭐ | 暂无星级 | L1 | 综合经销商,东风日产 | 🌟🌟🌟🌟⭐ | 暂无星级 | L1 | 综合经销商 | 养车/用车,ocr/input_videos\上海__上海荟聚中心__20260826.mp4
OBS-001956,上海荟聚中心,存金通上海荟聚综合体店,存金通上海荟聚综合体店,金银首饰回收,,,LG2,unrated,False,explicitly_unrated,unrated,parsed,unrated_anchor,0.9979,0.9962,56,18480,313.513,LG2 | ★★★★★ | 金银首饰回收 | 暂无星级,存金通上海荟聚综合体店 | LG2 | ★★★★★ | 金银首饰回收 | 暂无星级 | 生活服务 | 10:00营业,ocr/input_videos\上海__上海荟聚中心__20260826.mp4
OBS-001957,上海荟聚中心,特来电汽车充电站,特来电汽车充电站,充电..,,60,LG1,unrated,False,explicitly_unrated,unrated,parsed,unrated_anchor,0.9034,0.9995,54,18480,313.513,充电.. | ⭐🌟⭐🌟🌟 | 暂无星级 | ￥60/人LG1,特来电汽车充电站 | TELD | 特来电 | 充电.. | ⭐🌟⭐🌟🌟 | 暂无星级 | ￥60/人LG1 | 营业中 | ￥28.5￥30特来电30充电券(抵扣电费... | 惠,ocr/input_videos\上海__上海荟聚中心__20260826.mp4
OBS-001958,上海荟聚中心,女子百货,女子百货,服饰鞋包,,,L1,new_store,False,new_store,ocr_missing,parsed,metadata_anchor,0.9991,0.9991,55,18480,313.513,新店 | 服饰鞋包 | L1,女子百货 | 世子百 | 新店 | 服饰鞋包 | L1 | 化 | 10:00营业,ocr/input_videos\上海__上海荟聚中心__20260826.mp4
OBS-001959,上海荟聚中心,KOI The,KOIThe,化妆品,,,LG1,unrated,False,explicitly_unrated,unrated,parsed,unrated_anchor,0.9749,0.9519,56,18480,313.513,化妆品 | LG1 | ★★★★★ | 暂无星级,KOI The | 化妆品 | LG1 | ★★★★★ | 暂无星级 | 化妆品,ocr/input_videos\上海__上海荟聚中心__20260826.mp4
OBS-001960,上海荟聚中心,容声冰箱,容声冰箱,家用电器,,,LG2,unrated,False,explicitly_unrated,unrated,parsed,unrated_anchor,0.9999,1.0,60,18480,313.513,LG2 | 暂无星级 | ★★★★★ | 家用电器,容声冰箱 | Ronshen容障 | LG2 | 暂无星级 | ★★★★★ | 家用电器,ocr/input_videos\上海__上海荟聚中心__20260826.mp4
OBS-001961,上海荟聚中心,特来电汽车充电站,特来电汽车充电站,充电..,,60,LG1,unrated,False,explicitly_unrated,unrated,parsed,unrated_anchor,0.8881,0.9994,56,18540,314.531,充电.. | 暂无星级 | ★★★★★ | ￥60/人LG1,特来电汽车充电站 | TELD | 特来电 | 充电.. | 暂无星级 | ★★★★★ | ￥60/人LG1 | 营业中 | ￥28.5￥30特来电30充电券(抵扣电费... | 惠,ocr/input_videos\上海__上海荟聚中心__20260826.mp4
OBS-001962,上海荟聚中心,女子百货,女子百货,服饰鞋包,,,L1,new_store,False,new_store,ocr_missing,parsed,metadata_anchor,0.9991,0.9989,60,18540,314.531,服饰鞋包 | 新店 | L1,女子百货 | 服饰鞋包 | 新店 | L1 | 10:00营业,ocr/input_videos\上海__上海荟聚中心__20260826.mp4
OBS-001963,上海荟聚中心,KOI The,KOIThe,化妆品,,,LG1,unrated,False,explicitly_unrated,unrated,parsed,unrated_anchor,0.9859,0.9724,56,18540,314.531,LG1 | 化妆品 | ★★★★★ | 暂无星级,KOI The | LG1 | 化妆品 | ★★★★★ | 暂无星级 | 化妆品,ocr/input_videos\上海__上海荟聚中心__20260826.mp4
OBS-001964,上海荟聚中心,容声冰箱,容声冰箱,家用电器,,,LG2,unrated,False,explicitly_unrated,unrated,parsed,unrated_anchor,0.9999,0.9999,63,18540,314.531,LG2 | 家用电器 | ★★★★★ | 暂无星级,容声冰箱 | Ronshen座声 | LG2 | 家用电器 | ★★★★★ | 暂无星级,ocr/input_videos\上海__上海荟聚中心__20260826.mp4
OBS-001965,上海荟聚中心,悠然荟,悠然荟,SPA美体,,,LG1,unrated,False,explicitly_unrated,unrated,parsed,unrated_anchor,0.9988,0.9989,66,18540,314.531,SPA美体 | 🌟🌟★🌟🌟 | LG1 | 暂无星级,悠然荟 | oulyat | SPA美体 | 🌟🌟★🌟🌟 | LG1 | 暂无星级 | F1,ocr/input_videos\上海__上海荟聚中心__20260826.mp4
OBS-001966,上海荟聚中心,特来电汽车充电站,特来电汽车充电站,充电.,,60,LG1,unrated,False,explicitly_unrated,unrated,parsed,unrated_anchor,0.9386,0.9996,54,18636,316.16,充电. | ★★★★★ | 暂无星级 | ￥60/人LG1,特来电汽车充电站 | TELD | 特来电 | 充电. | ★★★★★ | 暂无星级 | ￥60/人LG1 | 营业中 | ￥28.5￥30特来电30充电券(抵扣电费... | 惠,ocr/input_videos\上海__上海荟聚中心__20260826.mp4
OBS-001967,上海荟聚中心,女子百货,女子百货,服饰鞋包,,,L1,new_store,False,new_store,ocr_missing,parsed,metadata_anchor,0.9991,0.999,60,18636,316.16,新店 | 服饰鞋包 | L1,女子百货 | 新店 | 服饰鞋包 | L1 | 10:00营业,ocr/input_videos\上海__上海荟聚中心__20260826.mp4
OBS-001968,上海荟聚中心,KOI The,KOIThe,化妆品,,,LG1,unrated,False,explicitly_unrated,unrated,parsed,unrated_anchor,0.9766,0.9538,55,18636,316.16,LG1 | 化妆品 | ★★★★★ | 暂无星级,KOI The | LG1 | 化妆品 | ★★★★★ | 暂无星级 | 化妆品,ocr/input_videos\上海__上海荟聚中心__20260826.mp4
OBS-001969,上海荟聚中心,容声冰箱,容声冰箱,家用电器,,,LG2,unrated,False,explicitly_unrated,unrated,parsed,unrated_anchor,0.9998,1.0,62,18636,316.16,LG2 | ★★★★★ | 家用电器 | 暂无星级,容声冰箱 | Ronshen疼声 | LG2 | ★★★★★ | 家用电器 | 暂无星级,ocr/input_videos\上海__上海荟聚中心__20260826.mp4
OBS-001970,上海荟聚中心,悠然荟,悠然荟,SPA美体,,,LG1,unrated,False,explicitly_unrated,unrated,parsed,unrated_anchor,0.9987,0.9991,66,18636,316.16,SPA美体 | LG1 | ★🌟★★★ | 暂无星级,悠然荟 | Olyat | SPA美体 | LG1 | ★🌟★★★ | 暂无星级 | 51 | 上海荟聚-育婴室,ocr/input_videos\上海__上海荟聚中心__20260826.mp4
OBS-001971,上海荟聚中心,女子百货,女子百货,服饰鞋包,,,L1,new_store,False,new_store,ocr_missing,parsed,metadata_anchor,0.9994,0.9994,57,18648,316.363,L1 | 新店 | 服饰鞋包,女子百货 | 女子百 | L1 | 新店 | 服饰鞋包 | 化 | 10:00营业,ocr/input_videos\上海__上海荟聚中心__20260826.mp4
OBS-001972,上海荟聚中心,KOI The,KOIThe,化妆品,,,LG1,unrated,False,explicitly_unrated,unrated,parsed,unrated_anchor,0.9577,0.9174,50,18648,316.363,LG1 | 化妆品 | ★★★★★ | 暂无星级,KOI The | LG1 | 化妆品 | ★★★★★ | 暂无星级 | 化妆品,ocr/input_videos\上海__上海荟聚中心__20260826.mp4
OBS-001973,上海荟聚中心,容声冰箱,容声冰箱,家用电器,,,LG2,unrated,False,explicitly_unrated,unrated,parsed,unrated_anchor,0.9999,0.9999,55,18648,316.363,LG2 | ★★★★★ | 暂无星级 | 家用电器,容声冰箱 | Ronshen商声 | LG2 | ★★★★★ | 暂无星级 | 家用电器,ocr/input_videos\上海__上海荟聚中心__20260826.mp4
OBS-001974,上海荟聚中心,悠然荟,悠然荟,SPA美体,,,LG1,unrated,False,explicitly_unrated,unrated,parsed,unrated_anchor,0.998,0.998,58,18648,316.363,LG1 | ★★★★★ | SPA美体 | 暂无星级,悠然荟 | ouvat | LG1 | ★★★★★ | SPA美体 | 暂无星级 | 2,ocr/input_videos\上海__上海荟聚中心__20260826.mp4
OBS-001975,上海荟聚中心,上海荟聚-育婴室,上海荟聚-育婴室,,,,L1,unrated,False,explicitly_unrated,unrated,missing,unrated_anchor,0.9631,0.9631,57,18648,316.363,L1 | ★★★★★ | 暂无星级 | 生活服务,上海荟聚-育婴室 | L1 | ★★★★★ | 暂无星级 | 生活服务 | 生活服务,ocr/input_videos\上海__上海荟聚中心__20260826.mp4
OBS-001976,上海荟聚中心,水木和足道SPA,水木和足道SPA,休闲按摩足浴,,,L2,unrated,False,explicitly_unrated,unrated,parsed,unrated_anchor,0.996,0.9976,57,18648,316.363,★★★★★ | 暂无星级 | L2 | 休闲按摩足浴,水木和足道SPA | 9月23 | ★★★★★ | 暂无星级 | L2 | 休闲按摩足浴 | 即将开业,ocr/input_videos\上海__上海荟聚中心__20260826.mp4
OBS-001977,上海荟聚中心,容声冰箱,容声冰箱,家用电器,,,LG2,unrated,False,explicitly_unrated,unrated,parsed,unrated_anchor,0.9999,0.9999,57,18684,316.974,家用电器 | LG2 | ★★★★★ | 暂无星级,容声冰箱 | Ronshen容商 | 家用电器 | LG2 | ★★★★★ | 暂无星级,ocr/input_videos\上海__上海荟聚中心__20260826.mp4
OBS-001978,上海荟聚中心,悠然荟,悠然荟,SPA美体,,,LG1,unrated,False,explicitly_unrated,unrated,parsed,unrated_anchor,0.9976,0.9964,59,18684,316.974,LG1 | SPA美体 | ⭐⭐🌟🌟🌟 | 暂无星级,悠然荟 | Blivat | LG1 | SPA美体 | ⭐⭐🌟🌟🌟 | 暂无星级,ocr/input_videos\上海__上海荟聚中心__20260826.mp4
OBS-001979,上海荟聚中心,上海荟聚-育婴室,上海荟聚-育婴室,,,,L1,unrated,False,explicitly_unrated,unrated,missing,unrated_anchor,0.9628,0.9628,55,18684,316.974,★★★★★ | 暂无星级 | 生活服务 | L1,上海荟聚-育婴室 | ★★★★★ | 暂无星级 | 生活服务 | L1 | 生活服务,ocr/input_videos\上海__上海荟聚中心__20260826.mp4
OBS-001980,上海荟聚中心,水木和足道SPA,水木和足道SPA,休闲按摩足浴,,,L2,unrated,False,explicitly_unrated,unrated,parsed,unrated_anchor,0.9974,0.9976,58,18684,316.974,⭐🌟💥🌟🌟 | 暂无星级 | L2 | 休闲按摩足浴,水木和足道SPA | 9月23 | ⭐🌟💥🌟🌟 | 暂无星级 | L2 | 休闲按摩足浴 | 荟聚店即将开业 | 即将开业 | ￥179 | 【水一境】70分钟|头颈... | ￥229 | 惠,ocr/input_videos\上海__上海荟聚中心__20260826.mp4
OBS-001981,上海荟聚中心,乒乓视界,乒乓视界,乒乓球馆,,,L3,new_store,False,new_store,ocr_missing,parsed,metadata_anchor,0.9562,0.9918,56,18684,316.974,乒乓球馆 | L3 | 新店,乒乓视界 | 乒乓球馆 | L3 | 新店,ocr/input_videos\上海__上海荟聚中心__20260826.mp4
OBS-001982,上海荟聚中心,Paw in Paw,PawinPaw,宠物店,,,L3,unrated,False,explicitly_unrated,unrated,parsed,unrated_anchor,0.9867,0.9737,51,18684,316.974,🌟🌟🌟🌟🌟 | 宠物店 | 暂无星级 | L3,Paw in Paw | 🌟🌟🌟🌟🌟 | 宠物店 | 暂无星级 | L3,ocr/input_videos\上海__上海荟聚中心__20260826.mp4
OBS-001983,上海荟聚中心,上海荟聚-育嬰室,上海荟聚-育婴室,,,,L1,unrated,False,explicitly_unrated,unrated,missing,unrated_anchor,0.9411,0.9411,58,18744,317.992,★★★★★ | 暂无星级 | L1 | 生活服务,上海荟聚-育嬰室 | ★★★★★ | 暂无星级 | L1 | 生活服务 | 生活服务,ocr/input_videos\上海__上海荟聚中心__20260826.mp4
OBS-001984,上海荟聚中心,水木和足道SPA,水木和足道SPA,休闲按摩足浴,,,L2,unrated,False,explicitly_unrated,unrated,parsed,unrated_anchor,0.994,0.9958,58,18744,317.992,暂无星级 | ★★★★★ | L2 | 休闲按摩足浴,水木和足道SPA | 9月23 | 暂无星级 | ★★★★★ | L2 | 休闲按摩足浴 | 每荟聚店即将开业 | 即将开业 | ￥179￥229 | 【水一境】70分钟|头颈... | 惠,ocr/input_videos\上海__上海荟聚中心__20260826.mp4
OBS-001985,上海荟聚中心,乒乓视界,乒乓视界,乒乓球馆,,,L3,new_store,False,new_store,ocr_missing,parsed,metadata_anchor,0.9762,0.9923,56,18744,317.992,新店 | 乒乓球馆 | L3,乒乓视界 | 新店 | 乒乓球馆 | L3,ocr/input_videos\上海__上海荟聚中心__20260826.mp4
OBS-001986,上海荟聚中心,Paw in Paw,PawinPaw,宠物店,,,L3,unrated,False,explicitly_unrated,unrated,parsed,unrated_anchor,0.9963,0.9929,51,18744,317.992,宠物店 | 🌟🌟💥🌟🌟 | 暂无星级 | L3,Paw in Paw | 宠物店 | 🌟🌟💥🌟🌟 | 暂无星级 | L3,ocr/input_videos\上海__上海荟聚中心__20260826.mp4
OBS-001987,上海荟聚中心,上海荟聚-服务台,上海荟聚-服务台,,,,L1,unrated,False,explicitly_unrated,unrated,missing,unrated_anchor,0.9991,0.9991,52,18744,317.992,★🌟💥🌟🌟 | 暂无星级 | 生活服务 | L1,上海荟聚-服务台 | ★🌟💥🌟🌟 | 暂无星级 | 生活服务 | L1 | 生活服务,ocr/input_videos\上海__上海荟聚中心__20260826.mp4
OBS-001988,上海荟聚中心,MLB KIDS,MLBKIDS,儿童服饰,,,L3,unrated,False,explicitly_unrated,unrated,parsed,unrated_anchor,0.9888,0.9779,49,18744,317.992,L3 | 儿童服饰 | ★★ | 暂无星级,MLB KIDS | MLBx0s | L3 | 儿童服饰 | ★★ | 暂无星级,ocr/input_videos\上海__上海荟聚中心__20260826.mp4
OBS-001989,上海荟聚中心,乒乓视界,乒乓视界,乒乓球馆,,,L3,new_store,False,new_store,ocr_missing,parsed,metadata_anchor,0.9699,0.9937,60,18768,318.399,乒乓球馆 | 新店 | L3,乒乓视界 | 乒乓球馆 | 新店 | L3,ocr/input_videos\上海__上海荟聚中心__20260826.mp4
OBS-001990,上海荟聚中心,Paw in Paw,PawinPaw,宠物店,,,L3,unrated,False,explicitly_unrated,unrated,parsed,unrated_anchor,0.9725,0.9455,54,18768,318.399,宠物店 | 暂无星级 | L3 | ★★★★★,Paw in Paw | 宠物店 | 暂无星级 | L3 | ★★★★★,ocr/input_videos\上海__上海荟聚中心__20260826.mp4
OBS-001991,上海荟聚中心,上海荟聚-服务台,上海荟聚-服务台,,,,L1,unrated,False,explicitly_unrated,unrated,missing,unrated_anchor,0.9987,0.9987,55,18768,318.399,🌟🌟🌟🌟🌟 | 生活服务 | 暂无星级 | L1,上海荟聚-服务台 | 🌟🌟🌟🌟🌟 | 生活服务 | 暂无星级 | L1 | 生活服务,ocr/input_videos\上海__上海荟聚中心__20260826.mp4
OBS-001992,上海荟聚中心,MLB KIDS,MLBKIDS,儿童服饰,,,L3,unrated,False,explicitly_unrated,unrated,parsed,unrated_anchor,0.9771,0.9545,49,18768,318.399,暂无星级 | 儿童服饰 | L3 | ★★★★★,MLB KIDS | MLBxa | 暂无星级 | 儿童服饰 | L3 | ★★★★★ | 10:00营业,ocr/input_videos\上海__上海荟聚中心__20260826.mp4
OBS-001993,上海荟聚中心,倍科,倍科,家用电器,,,LG2,new_store,False,new_store,ocr_missing,parsed,metadata_anchor,0.9997,0.9996,67,18768,318.399,家用电器 | 新店 | LG2,倍科 | 家用电器 | 新店 | LG2 | 小技衣电衣中站 | 1,ocr/input_videos\上海__上海荟聚中心__20260826.mp4
OBS-001994,上海荟聚中心,乒乓视界,乒乓视界,乒乓球馆,,,L3,new_store,False,new_store,ocr_missing,parsed,metadata_anchor,0.9665,0.9919,60,18816,319.214,新店 | 乒乓球馆 | L3,乒乓视界 | 新店 | 乒乓球馆 | L3,ocr/input_videos\上海__上海荟聚中心__20260826.mp4
OBS-001995,上海荟聚中心,Paw in Paw,PawinPaw,宠物店,,,L3,unrated,False,explicitly_unrated,unrated,parsed,unrated_anchor,0.9852,0.9707,54,18816,319.214,宠物店 | 暂无星级 | L3 | ★★★★★,Paw in Paw | 宠物店 | 暂无星级 | L3 | ★★★★★,ocr/input_videos\上海__上海荟聚中心__20260826.mp4
OBS-001996,上海荟聚中心,上海荟聚-服务台,上海荟聚-服务台,,,,L1,unrated,False,explicitly_unrated,unrated,missing,unrated_anchor,0.9994,0.9994,61,18816,319.214,★★★★★ | 暂无星级 | 生活服务 | L1,上海荟聚-服务台 | ★★★★★ | 暂无星级 | 生活服务 | L1 | 生活服务,ocr/input_videos\上海__上海荟聚中心__20260826.mp4
OBS-001997,上海荟聚中心,MLB KIDS,MLBKIDS,儿童服饰,,,L3,unrated,False,explicitly_unrated,unrated,parsed,unrated_anchor,0.9756,0.9516,49,18816,319.214,L3 | 儿童服饰 | ★★★★★ | 暂无星级,MLB KIDS | MLBxca | L3 | 儿童服饰 | ★★★★★ | 暂无星级 | 10:00营业,ocr/input_videos\上海__上海荟聚中心__20260826.mp4
OBS-001998,上海荟聚中心,倍科,倍科,家用电器,,,LG2,new_store,False,new_store,ocr_missing,parsed,metadata_anchor,0.9997,0.9996,67,18816,319.214,家用电器 | 新店 | LG2,倍科 | 家用电器 | 新店 | LG2 | 小技衣电充中站,ocr/input_videos\上海__上海荟聚中心__20260826.mp4
OBS-001999,上海荟聚中心,上海荟聚-服务台,上海荟聚-服务台,,,,L1,unrated,False,explicitly_unrated,unrated,missing,unrated_anchor,0.9993,0.9993,52,18840,319.621,暂无星级 | 生活服务 | L1 | ★★★★★,上海荟聚-服务台 | 暂无星级 | 生活服务 | L1 | ★★★★★ | 生活服务,ocr/input_videos\上海__上海荟聚中心__20260826.mp4
OBS-002000,上海荟聚中心,MLB KIDS,MLBKIDS,儿童服饰,,,L3,unrated,False,explicitly_unrated,unrated,parsed,unrated_anchor,0.9716,0.9435,49,18840,319.621,儿童服饰 | ★★★★★ | L3 | 暂无星级,MLB KIDS | MLBxus | 儿童服饰 | ★★★★★ | L3 | 暂无星级 | 10:00营业,ocr/input_videos\上海__上海荟聚中心__20260826.mp4
OBS-002001,上海荟聚中心,倍科,倍科,家用电器,,,LG2,new_store,False,new_store,ocr_missing,parsed,metadata_anchor,0.9997,0.9997,63,18840,319.621,新店 | 家用电器 | LG2,倍科 | 新店 | 家用电器 | LG2,ocr/input_videos\上海__上海荟聚中心__20260826.mp4
OBS-002002,上海荟聚中心,小桔充电充电站,小桔充电充电站,充电站/桩,,,LG2,unrated,False,explicitly_unrated,unrated,parsed,unrated_anchor,0.9912,0.9996,56,18840,319.621,暂无星级 | LG2 | ★★★★★ | 充电站/桩,小桔充电充电站 | 暂无星级 | LG2 | ★★★★★ | 充电站/桩 | 养车/用车,ocr/input_videos\上海__上海荟聚中心__20260826.mp4
OBS-002003,上海荟聚中心,roopy润培,roopy润培,化妆品,,,L2,unrated,False,explicitly_unrated,unrated,parsed,unrated_anchor,0.9989,0.9988,74,18840,319.621,化妆品 | 暂无星级 | L2 | ★★🌟,roopy润培 | 化妆品 | 暂无星级 | L2 | ★★🌟 | 化妆品,ocr/input_videos\上海__上海荟聚中心__20260826.mp4
OBS-002004,上海荟聚中心,长城智选,长城智选,4S店,,,LG1,unrated,False,explicitly_unrated,unrated,parsed,unrated_anchor,0.9974,0.9997,57,18840,319.621,LG1 | 4S店 | ★★★★★ | 暂无星级,长城智选 | (上海) | 荟聚零售中心 | LG1 | 4S店 | ★★★★★ | 暂无星级,ocr/input_videos\上海__上海荟聚中心__20260826.mp4
OBS-002005,上海荟聚中心,上海荟聚-服务台,上海荟聚-服务台,,,,L1,unrated,False,explicitly_unrated,unrated,missing,unrated_anchor,0.9994,0.9994,58,18852,319.824,生活服务 | 暂无星级 | ★★★★★ | L1,上海荟聚-服务台 | 生活服务 | 暂无星级 | ★★★★★ | L1 | 生活服务,ocr/input_videos\上海__上海荟聚中心__20260826.mp4
OBS-002006,上海荟聚中心,MLB KIDS,MLBKIDS,及儿童服饰,,,L3,unrated,False,explicitly_unrated,unrated,parsed,unrated_anchor,0.9842,0.9942,48,18852,319.824,L3 | ★★★★★ | 暂无星级 | 及儿童服饰,MLB KIDS | MLBxus | L3 | ★★★★★ | 暂无星级 | 及儿童服饰 | 10:00营业,ocr/input_videos\上海__上海荟聚中心__20260826.mp4
OBS-002007,上海荟聚中心,倍科,倍科,家用电器,,,LG2,new_store,False,new_store,ocr_missing,parsed,metadata_anchor,0.9996,0.9994,66,18852,319.824,新店 | 家用电器 | LG2,倍科 | 新店 | 家用电器 | LG2,ocr/input_videos\上海__上海荟聚中心__20260826.mp4
OBS-002008,上海荟聚中心,小桔充电充电站,小桔充电充电站,充电站/桩,,,LG2,unrated,False,explicitly_unrated,unrated,parsed,unrated_anchor,0.9938,0.9994,55,18852,319.824,充电站/桩 | LG2 | ★★★★★ | 暂无星级,小桔充电充电站 | 充电站/桩 | LG2 | ★★★★★ | 暂无星级 | 养车/用车,ocr/input_videos\上海__上海荟聚中心__20260826.mp4
OBS-002009,上海荟聚中心,roopy润培,roopy润培,化妆品,,,L2,unrated,False,explicitly_unrated,unrated,parsed,unrated_anchor,0.999,0.9984,72,18852,319.824,化妆品 | L2 | ★🌟★★★ | 暂无星级,roopy润培 | 化妆品 | L2 | ★🌟★★★ | 暂无星级 | 化妆品,ocr/input_videos\上海__上海荟聚中心__20260826.mp4
OBS-002010,上海荟聚中心,长城智选,长城智选,4S店,,,LG1,unrated,False,explicitly_unrated,unrated,parsed,unrated_anchor,0.9975,0.9992,52,18852,319.824,4S店 | LG1 | 暂无星级 | ★★★★★,（上海） | 荟聚零售中心 | 长城智选 | 4S店 | LG1 | 暂无星级 | ★★★★★,ocr/input_videos\上海__上海荟聚中心__20260826.mp4
OBS-002011,上海荟聚中心,上海云家-服务口,上海云家-服务口,,,,L1,unrated,False,explicitly_unrated,unrated,missing,unrated_anchor,0.767,0.767,32,18960,321.657,L1 | 生活服务 | 暂无星级 | ★★★★★,上海云家-服务口 | L1 | 生活服务 | 暂无星级 | ★★★★★ | 生活服务,ocr/input_videos\上海__上海荟聚中心__20260826.mp4
OBS-002012,上海荟聚中心,MLB KIDS,MLBKIDS,及儿童服饰,,,L3,unrated,False,explicitly_unrated,unrated,parsed,unrated_anchor,0.9866,0.9788,49,18960,321.657,及儿童服饰 | L3 | 暂无星级 | ⭐🌟⭐⭐,MLB KIDS | MLBxos | 及儿童服饰 | L3 | 暂无星级 | ⭐🌟⭐⭐ | 10:00营业,ocr/input_videos\上海__上海荟聚中心__20260826.mp4
OBS-002013,上海荟聚中心,倍科,倍科,家用电器,,,LG2,new_store,False,new_store,ocr_missing,parsed,metadata_anchor,0.9997,0.9997,62,18960,321.657,新店 | 家用电器 | LG2,倍科 | 新店 | 家用电器 | LG2,ocr/input_videos\上海__上海荟聚中心__20260826.mp4
OBS-002014,上海荟聚中心,小桔充电充电站,小桔充电充电站,充电站/桩,,,LG2,unrated,False,explicitly_unrated,unrated,parsed,unrated_anchor,0.9929,0.9994,56,18960,321.657,LG2 | 暂无星级 | 充电站/桩 | ★★★★★,小桔充电充电站 | LG2 | 暂无星级 | 充电站/桩 | ★★★★★ | 养车/用车,ocr/input_videos\上海__上海荟聚中心__20260826.mp4
OBS-002015,上海荟聚中心,roopy润培,roopy润培,化妆品,,,L2,unrated,False,explicitly_unrated,unrated,parsed,unrated_anchor,0.9989,0.9989,69,18960,321.657,化妆品 | L2 | ★★★★★ | 暂无星级,roopy润培 | 化妆品 | L2 | ★★★★★ | 暂无星级 | 化妆品,ocr/input_videos\上海__上海荟聚中心__20260826.mp4
OBS-002016,上海荟聚中心,长城智选,长城智选,4S店,,,LG1,unrated,False,explicitly_unrated,unrated,parsed,unrated_anchor,0.9972,0.9998,53,18960,321.657,4S店 | LG1 | 暂无星级 | ★★★★★,荟聚零售中心 | (上海) | 长城智选 | 4S店 | LG1 | 暂无星级 | ★★★★★,ocr/input_videos\上海__上海荟聚中心__20260826.mp4
OBS-002017,上海荟聚中心,上海云家-服务口,上海云家-服务口,,,,L1,unrated,False,explicitly_unrated,unrated,missing,unrated_anchor,0.7669,0.7669,32,18984,322.064,暂无星级 | L1 | ★★★★★ | 生活服务,上海云家-服务口 | 暂无星级 | L1 | ★★★★★ | 生活服务 | 生活服务,ocr/input_videos\上海__上海荟聚中心__20260826.mp4
OBS-002018,上海荟聚中心,MLB KIDS,MLBKIDS,儿童服饰,,,L3,unrated,False,explicitly_unrated,unrated,parsed,unrated_anchor,0.9971,0.9951,48,18984,322.064,L3 | 儿童服饰 | 🌟🌟🌟🌟 | 暂无星级,MLB KIDS | MLBxos | L3 | 儿童服饰 | 🌟🌟🌟🌟 | 暂无星级 | 10:00营业,ocr/input_videos\上海__上海荟聚中心__20260826.mp4
OBS-002019,上海荟聚中心,倍科,倍科,家用电器,,,LG2,new_store,False,new_store,ocr_missing,parsed,metadata_anchor,0.9996,0.9997,61,18984,322.064,家用电器 | 新店 | LG2,倍科 | 家用电器 | 新店 | LG2,ocr/input_videos\上海__上海荟聚中心__20260826.mp4
OBS-002020,上海荟聚中心,小桔充电充电站,小桔充电充电站,充电站/桩,,,LG2,unrated,False,explicitly_unrated,unrated,parsed,unrated_anchor,0.9913,0.9996,52,18984,322.064,LG2 | 充电站/桩 | ★★★★★ | 暂无星级,小桔充电充电站 | LG2 | 充电站/桩 | ★★★★★ | 暂无星级 | 养车/用车,ocr/input_videos\上海__上海荟聚中心__20260826.mp4
OBS-002021,上海荟聚中心,roopy润培,roopy润培,化妆品,,,L2,unrated,False,explicitly_unrated,unrated,parsed,unrated_anchor,0.9986,0.9988,71,18984,322.064,化妆品 | L2 | ★★★★★ | 暂无星级,roopy润培 | 化妆品 | L2 | ★★★★★ | 暂无星级 | 化妆品,ocr/input_videos\上海__上海荟聚中心__20260826.mp4
OBS-002022,上海荟聚中心,长城智选,长城智选,4S店,,,LG1,unrated,False,explicitly_unrated,unrated,parsed,unrated_anchor,0.9976,0.9998,53,18984,322.064,暂无星级 | LG1 | 4S店 | ★★★★★,(上海) | 荟聚零售中心 | 长城智选 | 暂无星级 | LG1 | 4S店 | ★★★★★ | M·latin | “标店道！ | M.latin,ocr/input_videos\上海__上海荟聚中心__20260826.mp4
OBS-002023,上海荟聚中心,信科,信科,家用电器,,,LG2,new_store,False,new_store,ocr_missing,parsed,metadata_anchor,0.8765,0.7534,43,19044,323.082,新店 | LG2 | 家用电器,信科 | 新店 | LG2 | 家用电器,ocr/input_videos\上海__上海荟聚中心__20260826.mp4
OBS-002024,上海荟聚中心,小桔充电充电站,小桔充电充电站,充电站/桩,,,LG2,unrated,False,explicitly_unrated,unrated,parsed,unrated_anchor,0.9908,0.9988,52,19044,323.082,暂无星级 | LG2 | ★★★★★ | 充电站/桩,小桔充电充电站 | 暂无星级 | LG2 | ★★★★★ | 充电站/桩 | 养车/用车,ocr/input_videos\上海__上海荟聚中心__20260826.mp4
OBS-002025,上海荟聚中心,roopy润培,roopy润培,化妆品,,,L2,unrated,False,explicitly_unrated,unrated,parsed,unrated_anchor,0.9992,0.9988,75,19044,323.082,化妆品 | 🌟🌟🌟🌟★ | 暂无星级 | L2,roopy润培 | 化妆品 | 🌟🌟🌟🌟★ | 暂无星级 | L2 | 化妆品,ocr/input_videos\上海__上海荟聚中心__20260826.mp4
OBS-002026,上海荟聚中心,长城智选,长城智选,4S店,,,LG1,unrated,False,explicitly_unrated,unrated,parsed,unrated_anchor,0.9966,0.9996,56,19044,323.082,LG1 | 4S店 | ★★★★★ | 暂无星级,(上海) | 长城智选 | 荟聚零售中心 | LG1 | 4S店 | ★★★★★ | 暂无星级,ocr/input_videos\上海__上海荟聚中心__20260826.mp4
OBS-002027,上海荟聚中心,M·latin,M·latin,儿童服饰,,,L3,unrated,False,explicitly_unrated,unrated,parsed,unrated_anchor,0.9745,0.9496,54,19044,323.082,儿童服饰 | L3 | ★★★★★ | 暂无星级,M·latin | “保磁！ | M.latin | 儿童服饰 | L3 | ★★★★★ | 暂无星级,ocr/input_videos\上海__上海荟聚中心__20260826.mp4
OBS-002028,上海荟聚中心,KiLaLa彩瞳,KiLaLa彩瞳,购物,,,LG2,unrated,False,explicitly_unrated,unrated,parsed,unrated_anchor,0.9976,0.9951,58,19044,323.082,购物 | LG2 | 🌟🌟🌟 | 暂无星级,KiLaLa彩瞳 | 购物 | LG2 | 🌟🌟🌟 | 暂无星级 | 购物 | 即将开业,ocr/input_videos\上海__上海荟聚中心__20260826.mp4
OBS-002029,上海荟聚中心,小桔充电充电站,小桔充电充电站,充电站/桩,,,LG2,unrated,False,explicitly_unrated,unrated,parsed,unrated_anchor,0.9928,0.9995,57,19092,323.896,充电站/桩 | LG2 | 暂无星级 | ★★★,小桔充电充电站 | 充电站/桩 | LG2 | 暂无星级 | ★★★ | 养车/用车,ocr/input_videos\上海__上海荟聚中心__20260826.mp4
OBS-002030,上海荟聚中心,roopy润培,roopy润培,化妆品,,,L2,unrated,False,explicitly_unrated,unrated,parsed,unrated_anchor,0.9984,0.9985,70,19092,323.896,化妆品 | 🌟🌟⭐★ | L2 | 暂无星级,roopy润培 | 化妆品 | 🌟🌟⭐★ | L2 | 暂无星级 | 化妆品,ocr/input_videos\上海__上海荟聚中心__20260826.mp4
OBS-002031,上海荟聚中心,长城智选,长城智选,4S店,,,LG1,unrated,False,explicitly_unrated,unrated,parsed,unrated_anchor,0.9976,0.9997,57,19092,323.896,4S店 | LG1 | ★★★★ | 暂无星级,长城智选 | (上海) | 荟聚零售中心 | 4S店 | LG1 | ★★★★ | 暂无星级,ocr/input_videos\上海__上海荟聚中心__20260826.mp4
OBS-002032,上海荟聚中心,M·latin,M·latin,儿童服饰,,,L3,unrated,False,explicitly_unrated,unrated,parsed,unrated_anchor,0.9694,0.9392,50,19092,323.896,L3 | ★★★★★ | 暂无星级 | 儿童服饰,M·latin | “探因意滑！ | 1M.latin | L3 | ★★★★★ | 暂无星级 | 儿童服饰,ocr/input_videos\上海__上海荟聚中心__20260826.mp4
OBS-002033,上海荟聚中心,KiLaLa彩瞳,KiLaLa彩瞳,购物,,,LG2,unrated,False,explicitly_unrated,unrated,parsed,unrated_anchor,0.9983,0.9967,55,19092,323.896,购物 | 暂无星级 | LG2 | ★★★★★,KiLaLa彩瞳 | 购物 | 暂无星级 | LG2 | ★★★★★ | 购物 | 即将开业 | 已经到底啦~,ocr/input_videos\上海__上海荟聚中心__20260826.mp4
