observation_id,mall_name,merchant_name_raw,merchant_name_normalized,category_raw,rating,avg_price_yuan,floor_location,card_type,research_eligible,exclusion_reason,rating_status,category_status,detection_method,ocr_confidence,title_score,title_height,frame_index,timestamp_sec,metadata_text,all_text,source_video
OBS-000001,芮欧百货,山缓缓火锅,山缓缓火锅,四川火锅,4.7,162,3F,rated,True,,rated,parsed,rating_anchor,0.9769,0.9998,55,11,0.199,3F | 🌟🌟🌟🌟🌟 | 四川火锅￥162/人 | 4.7,山缓缓火锅 | 3F | 🌟🌟🌟🌟🌟 | 四川火锅￥162/人 | 4.7 | 点评榜单 | 静安寺商圈火锅环境榜第2名 | 山缓缓 | ￥10.85.7折 | ￥19饮品3选1 | 惠 | ￥989.8折 | 惠 | ￥100100元代金券,ocr/input_videos\上海__芮欧百货__20260825.mp4
OBS-000002,芮欧百货,唐师傅登门回收钻石黄金,唐师傅登门回收钻石黄金,金银首饰回收,4.8,,商场内,rated,True,,rated,parsed,rating_anchor,0.9874,0.975,51,11,0.199,商场内 | 🌟🌟⭐🌟🎉 | 金银首饰回收 | 4.8,唐师傅登门回收钻石黄金 | 免费上 | 唐师傅 | 专业回收黄金 | 商场内 | 🌟🌟⭐🌟🎉 | 金银首饰回收 | 4.8 | 专业国收青业的全更全石K金 | 风程闻量 | 高自面款 | 静安区回收服务销量榜第10名 | 检验快速无损，地铁站附近方便好找 | ￥1￥5 | 惠 | 【免费】上海市全市免费上门回收,ocr/input_videos\上海__芮欧百货__20260825.mp4
OBS-000003,芮欧百货,津富贵-港式烧腊鲜活升级店,津富贵-港式烧腊鲜活升级店,烧腊,3.9,45,B2,rated,True,,rated,parsed,rating_anchor,0.9711,0.9972,51,11,0.199,B2 | 🌟🌟🌟🌟🌟 | 烧腊￥45/人 | 3.9,津富贵-港式烧腊鲜活升级店 | 津富貴 | B2 | 🌟🌟🌟🌟🌟 | 烧腊￥45/人 | 3.9 | 通式森腦 | 点评榜单 | 静安区烧腊销量榜第2名 | 鲜活升级店 | 美味服务环境全五星级 | C | ￥42.9 | 8折 | 惠 | ￥54 | 【本店必点】烧味单人餐,ocr/input_videos\上海__芮欧百货__20260825.mp4
OBS-000004,芮欧百货,鹅匠·潮汕卤味集市,鹅匠·潮汕卤味集市,潮汕菜,4.6,72,B2,rated,True,,rated,parsed,rating_anchor,0.9489,0.9515,48,11,0.199,⭐🌟🌟🌟🌟 | B2 | 潮汕菜￥72/人 | 4.6,鹅匠·潮汕卤味集市 | ⭐🌟🌟🌟🌟 | B2 | 潮汕菜￥72/人 | 4.6 | 卤鹅菜品榱 | TOP.1 | ￥1099.2折 | ￥119经典双人餐 | 惠,ocr/input_videos\上海__芮欧百货__20260825.mp4
OBS-000005,芮欧百货,ZONA20 MILANO,ZONA20MILANO,服装,3.7,,2F,rated,True,,rated,parsed,rating_anchor,0.9324,0.9701,46,11,0.199,⭐⭐⭐⭐3.7服装 | 2F,ZONA20 MILANO | ⭐⭐⭐⭐3.7服装 | 2F,ocr/input_videos\上海__芮欧百货__20260825.mp4
OBS-000006,芮欧百货,津富贵-港式烧腊鲜活升级店,津富贵-港式烧腊鲜活升级店,烧腊,3.9,45,B2,rated,True,,rated,parsed,rating_anchor,0.9694,0.9981,57,88,1.59,🌟🌟🌟💥🌟 | B2 | 烧腊￥45/人 | 3.9,津富贵-港式烧腊鲜活升级店 | 津富貴 | 🌟🌟🌟💥🌟 | B2 | 烧腊￥45/人 | 3.9 | 通式蔬膜 | 点评榜单 | 静安区烧腊销量榜第2名 | 鲜活升级店 | 美味服务环境全五星级 | “ | ￥42.9 | 8折 | 【本店必点】烧味单人餐 | ￥54 | 惠,ocr/input_videos\上海__芮欧百货__20260825.mp4
OBS-000007,芮欧百货,鹅匠·潮汕卤味集市,鹅匠·潮汕卤味集市,潮汕菜,4.6,72,B2,rated,True,,rated,parsed,rating_anchor,0.9519,0.9745,54,88,1.59,B2 | 4.6潮汕菜￥72/人,鹅匠·潮汕卤味集市 | B2 | 4.6潮汕菜￥72/人 | 卤鹅菜品榱 | TOP.1 | ￥1099.2折 | ￥119经典双人餐 | 惠,ocr/input_videos\上海__芮欧百货__20260825.mp4
OBS-000008,芮欧百货,ZONA20 MILANO,ZONA20MILANO,服装,3.7,,2F,rated,True,,rated,parsed,rating_anchor,0.923,0.9514,50,88,1.59,★3.7服装 | 2F,ZONA20 MILANO | ★3.7服装 | 2F,ocr/input_videos\上海__芮欧百货__20260825.mp4
OBS-000009,芮欧百货,浙一道,浙一道,苏浙菜,4.9,265,2F,rated,True,,rated,parsed,rating_anchor,0.9765,0.9973,63,88,1.59,★🌟⭐★4.9 | 2F | 苏浙菜￥265/人,浙一道 | 浙-道 | ★🌟⭐★4.9 | 2F | 苏浙菜￥265/人 | 点评榜单 | 上海苏浙菜销量榜第2名 | ￥266.9折 | ￥38 | 【沁爽】好喝单人茶饮. | 惠 | ￥989.8折 | 惠 | ￥100100元代金券,ocr/input_videos\上海__芮欧百货__20260825.mp4
OBS-000010,芮欧百货,瑰海仙Aquarose,瑰海仙Aquarose,浙菜,4.4,284,5F,rated,True,,rated,parsed,rating_anchor,0.9696,0.9984,63,88,1.59,5F | 🌟🌟⭐⭐ | 浙菜￥284/人 | 4.4,瑰海仙Aquarose | 5F | 🌟🌟⭐⭐ | 浙菜￥284/人 | 4.4 | 点评培单 | 黎安走商网浙苹环境榜策名,ocr/input_videos\上海__芮欧百货__20260825.mp4
OBS-000011,芮欧百货,鹅匠·潮汕卤味集市,鹅匠·潮汕卤味集市,潮汕菜,4.6,72,B2,rated,True,,rated,parsed,rating_anchor,0.9573,0.9721,55,132,2.385,4.6潮汕菜￥72/人 | B2,鹅匠·潮汕卤味集市 | 4.6潮汕菜￥72/人 | B2 | 卤鹅菜品榱 | TOP.1 | ￥1099.2折 | ￥119经典双人餐 | 惠,ocr/input_videos\上海__芮欧百货__20260825.mp4
OBS-000012,芮欧百货,ZONA20 MILANO,ZONA20MILANO,服装,3.7,,2F,rated,True,,rated,parsed,rating_anchor,0.9589,0.9528,51,132,2.385,⭐3.7服装 | 2F,ZONA20 MILANO | ⭐3.7服装 | 2F,ocr/input_videos\上海__芮欧百货__20260825.mp4
OBS-000013,芮欧百货,浙一道,浙一道,苏浙菜,4.9,265,2F,rated,True,,rated,parsed,rating_anchor,0.9835,0.9986,66,132,2.385,2F | 🌟🌟🎉🎉🎉4.9 | 苏浙菜￥265/人,浙一道 | 新一道 | 2F | 🌟🌟🎉🎉🎉4.9 | 苏浙菜￥265/人 | 点评榜单 | 上海苏浙菜销量榜第2名 | ￥38 | ￥266.9折 | 【沁爽】好喝单人茶饮. | 惠 | ￥989.8折 | ￥100100元代金券 | 惠,ocr/input_videos\上海__芮欧百货__20260825.mp4
OBS-000014,芮欧百货,瑰海仙Aquarose,瑰海仙Aquarose,浙菜,4.4,284,5F,rated,True,,rated,parsed,rating_anchor,0.9752,0.9992,62,132,2.385,🌟🌟🎉 | 5F | 浙菜￥284/人 | 4.4 | ★,瑰海仙Aquarose | 宁海海刻·香核轻发 | 🌟🌟🎉 | 5F | 浙菜￥284/人 | 4.4 | ★ | 0 | U | QUAROS | 点评榜单 | 静安寺商圈浙菜环境榜第4名 | 休息中 | ￥2985.2折 | ￥578 | 惠 | 【招牌尊享】双人餐,ocr/input_videos\上海__芮欧百货__20260825.mp4
OBS-000015,芮欧百货,COMMUNE MAISON幻师,COMMUNEMAISON幻师,西餐,4.7,155,1F,rated,True,,rated,parsed,rating_anchor,0.9659,0.9559,57,132,2.385,1F | 4.7西餐￥155/人 | 🌟🌟🎉🌟🌟,COMMUNE MAISON幻师 | 1F | 4.7西餐￥155/人 | 🌟🌟🎉🌟🌟 | 点评榜单 | 静安寺商圈西餐打卡人气榜第7名 | 创意下酒菜，招牌味道一绝 | 2,ocr/input_videos\上海__芮欧百货__20260825.mp4
OBS-000016,芮欧百货,瑰海仙Aquarose,瑰海仙Aquarose,浙菜,4.4,284,5F,rated,True,,rated,parsed,rating_anchor,0.9828,0.9983,59,209,3.777,4.4浙菜￥284/人 | ⭐🌟🌟🌟 | 5F | ￥,瑰海仙Aquarose | 中海的销·香教经东 | 4.4浙菜￥284/人 | ⭐🌟🌟🌟 | 5F | ￥ | 0 | 0 | 点评榜单 | 静安寺商圈浙菜环境榜第4名 | 休息中 | ￥2985.2折 | ￥578 | 【招牌尊享】双人餐 | 惠,ocr/input_videos\上海__芮欧百货__20260825.mp4
OBS-000017,芮欧百货,COMMUNE MAISON幻师,COMMUNEMAISON幻师,西餐,4.7,155,1F,rated,True,,rated,parsed,rating_anchor,0.9601,0.966,51,209,3.777,1F | 🌟🌟⭐🌟🌟 | 西餐￥155/人 | 4.7,COMMUNE MAISON幻师 | 1F | 🌟🌟⭐🌟🌟 | 西餐￥155/人 | 4.7 | 点评榜单 | 静安寺商圈西餐打卡人气榜第7名 | Q | 创意下酒菜，招牌味道绝” | ￥48￥48工作日午间单人套餐 | 惠,ocr/input_videos\上海__芮欧百货__20260825.mp4
OBS-000018,芮欧百货,Studio Nicholson,StudioNicholson,服饰鞋包,4.4,,2F,rated,True,,rated,parsed,rating_anchor,0.9677,0.9938,54,209,3.777,⭐4.4服饰鞋包 | 2F,Studio Nicholson | ⭐4.4服饰鞋包 | 2F,ocr/input_videos\上海__芮欧百货__20260825.mp4
OBS-000019,芮欧百货,SIMPLE Hair Salon,SIMPLEHairSalon,美发,4.7,451,4F,rated,True,,rated,parsed,rating_anchor,0.969,0.9842,55,209,3.777,4F | 4.7 | 美发￥451/人 | ★★★★★,SIMPLE Hair Salon | 4F | 4.7 | 美发￥451/人 | ★★★★★ | 点评榜单 | 静安寺商圈美发热门榜第3名 | “提前预约免排队，发型师技术绝佳” | ￥378￥380 | 惠 | 【首席设计师】,ocr/input_videos\上海__芮欧百货__20260825.mp4
OBS-000020,芮欧百货,THEFIRE Eatery,THEFIREEatery,西餐,4.5,176,5F,rated,True,,rated,parsed,rating_anchor,0.9672,0.9922,66,209,3.777,5F | 4.5西餐￥176/人,THEFIRE Eatery | 5F | 4.5西餐￥176/人,ocr/input_videos\上海__芮欧百货__20260825.mp4
OBS-000021,芮欧百货,瑰海仙Aquarose,瑰海仙Aquarose,浙菜,4.4,284,5F,rated,True,,rated,parsed,rating_anchor,0.9764,0.9989,62,242,4.373,浙菜￥284/人 | 5F | 🌟🌟🌟🌟 | 4.4,瑰海仙Aquarose | 宁海好·手教轻家 | n el arpae | 浙菜￥284/人 | 5F | 🌟🌟🌟🌟 | 4.4 | 海 | 碗 | QUAR | Q | S | 点评榜单 | 静安寺商圈浙菜环境榜第4名 | 休息中 | ￥298 | 5.2折 | ￥578 | 【招牌尊享】双人餐 | 惠,ocr/input_videos\上海__芮欧百货__20260825.mp4
OBS-000022,芮欧百货,COMMUNE MAISON幻师,COMMUNEMAISON幻师,西餐,4.7,155,1F,rated,True,,rated,parsed,rating_anchor,0.9607,0.9528,57,242,4.373,⭐🌟⭐⭐🌟 | 1F | 4.7西餐￥155/人,COMMUNE MAISON幻师 | ⭐🌟⭐⭐🌟 | 1F | 4.7西餐￥155/人 | 点评榜单 | 静安寺商圈西餐打卡人气榜第7名 | 间 | 创意下酒菜，招牌味道绝” | ￥48￥48工作日午间单人套餐 | 惠,ocr/input_videos\上海__芮欧百货__20260825.mp4
OBS-000023,芮欧百货,Studio Nicholson,StudioNicholson,服饰鞋包,4.4,,2F,rated,True,,rated,parsed,rating_anchor,0.9652,0.9928,52,242,4.373,⭐4.4服饰鞋包 | 2F,Studio Nicholson | ⭐4.4服饰鞋包 | 2F,ocr/input_videos\上海__芮欧百货__20260825.mp4
OBS-000024,芮欧百货,SIMPLE Hair Salon,SIMPLEHairSalon,美发,4.7,451,4F,rated,True,,rated,parsed,rating_anchor,0.9644,0.971,53,242,4.373,🌟🌟⭐⭐🌟4.7 | 4F | 美发￥451/人,SIMPLE Hair Salon | S | 🌟🌟⭐⭐🌟4.7 | 4F | 美发￥451/人 | Simple Hair Salon | 点评榜单 | 静安寺商圈美发热门榜第3名 | 2021 | “提前预约免排队，发型师技术绝佳” | ￥378￥380 | 【首席设计师】 | 惠,ocr/input_videos\上海__芮欧百货__20260825.mp4
OBS-000025,芮欧百货,THEFIRE Eatery,THEFIREEatery,西餐,4.5,176,5F,rated,True,,rated,parsed,rating_anchor,0.9674,0.9903,68,242,4.373,5F | 4.5西餐￥176/人,THEFIRE Eatery | THEFIRE Eatery | 5F | 4.5西餐￥176/人 | 惠￥284.2折 | ￥68 | 【新品】热熏新西兰O.,ocr/input_videos\上海__芮欧百货__20260825.mp4
OBS-000026,芮欧百货,瑰海仙Aquarose,瑰海仙Aquarose,浙菜,4.4,284,5F,rated,True,,rated,parsed,rating_anchor,0.9839,0.9983,62,264,4.771,5F | 🌟🌟🎉 | 4.4浙菜￥284/人 | ★,瑰海仙Aquarose | 宁海斯·香族轻政 | 5F | 🌟🌟🎉 | 4.4浙菜￥284/人 | ★ | 晓海仙 | QUAROS | 点评榜单 | 静安寺商圈浙菜环境榜第4名 | 休息中 | ￥298 | ￥578 | 5.2折 | 惠 | 【招牌尊享】双人餐,ocr/input_videos\上海__芮欧百货__20260825.mp4
OBS-000027,芮欧百货,COMMUNE MAISON幻师,COMMUNEMAISON幻师,西餐,4.7,155,1F,rated,True,,rated,parsed,rating_anchor,0.9709,0.9757,58,264,4.771,1F | 🌟🌟⭐⭐🌟 | 西餐￥155/人 | 4.7,COMMUNE MAISON幻师 | 1F | 🌟🌟⭐⭐🌟 | 西餐￥155/人 | 4.7 | 点评榜单 | 静安寺商圈西餐打卡人气榜第7名 | 3 | “创意下酒菜，招牌味道绝” | ￥48￥48工作日午间单人套餐 | 惠,ocr/input_videos\上海__芮欧百货__20260825.mp4
OBS-000028,芮欧百货,Studio Nicholson,StudioNicholson,服饰鞋包,4.4,,2F,rated,True,,rated,parsed,rating_anchor,0.9832,0.9703,53,264,4.771,2F | ⭐🌟🌟⭐⭐ | 4.4服饰鞋包,Studio Nicholson | 2F | ⭐🌟🌟⭐⭐ | 4.4服饰鞋包,ocr/input_videos\上海__芮欧百货__20260825.mp4
OBS-000029,芮欧百货,SIMPLE Hair Salon,SIMPLEHairSalon,美发,4.7,451,4F,rated,True,,rated,parsed,rating_anchor,0.9638,0.9843,55,264,4.771,4.7美发￥451/人 | 4F,SIMPLE Hair Salon | S | 4.7美发￥451/人 | 4F | Simple Hair Salon | 点评榜单 | 静安寺商圈美发热门榜第3名 | 2021 | 提前预约免排队，发型师技术绝佳 | 告 | ￥378￥380 | 【首席设计师】 | 惠,ocr/input_videos\上海__芮欧百货__20260825.mp4
OBS-000030,芮欧百货,THEFIRE Eatery,THEFIREEatery,西餐,4.5,176,5F,rated,True,,rated,parsed,rating_anchor,0.9568,0.989,70,264,4.771,5F | 4.5西餐￥176/人,THEFIRE Eatery | THEFIRE Eatery | 5F | 4.5西餐￥176/人 | ￥284.2折 | ￥68 | 【新品】热熏新西兰O.. | 惠,ocr/input_videos\上海__芮欧百货__20260825.mp4
OBS-000031,芮欧百货,SIMPLE Hair Salon,SIMPLEHairSalon,美发,4.7,451,4F,rated,True,,rated,parsed,rating_anchor,0.967,0.9716,54,330,5.963,🌟🌟🌟🌟🌟 | 美发￥451/人 | 4F | 4.7,SIMPLE Hair Salon | S | 🌟🌟🌟🌟🌟 | 美发￥451/人 | 4F | 4.7 | Simple Hair Salon | 点评榜单 | 静安寺商圈美发热门榜第3名 | 2021 | “提前预约免排队，发型师技术绝佳” | ￥378￥380 | 惠 | 【首席设计师】,ocr/input_videos\上海__芮欧百货__20260825.mp4
OBS-000032,芮欧百货,THEFIRE Eatery,THEFIREEatery,西餐,4.5,176,5F,rated,True,,rated,parsed,rating_anchor,0.9518,0.9674,65,330,5.963,5F | 4.5西餐￥176/人,THEFIRE Eatery | THEFIRE Eatery | 5F | 4.5西餐￥176/人 | ￥284.2折 | ￥68 | 【新品】热熏新西兰O. | 惠 | ￥989.8折 | ￥100100元代金券 | 惠,ocr/input_videos\上海__芮欧百货__20260825.mp4
OBS-000033,芮欧百货,Wagas沃歌斯,Wagas沃歌斯,西餐,3.9,,B1,rated,True,,rated,parsed,rating_anchor,0.984,0.9996,66,330,5.963,3.9西餐69/人 | B1,Wagas沃歌斯 | wogas | 3.9西餐69/人 | B1 | 蛋白奶昔干净无负担 | ￥837.3折 | ￥114 | 【销量王】能量碗+饮... | 惠,ocr/input_videos\上海__芮欧百货__20260825.mp4
OBS-000034,芮欧百货,C·P,C·P,服饰鞋包,3.6,,2F,rated,True,,rated,parsed,rating_anchor,0.9591,0.9285,62,330,5.963,3.6服饰鞋包 | 2F,C·P | C.P | 3.6服饰鞋包 | 2F | COMPANY,ocr/input_videos\上海__芮欧百货__20260825.mp4
OBS-000035,芮欧百货,LUNEURS月乐诗 法式早午餐&餐吧,LUNEURS月乐诗法式早午餐&餐吧,法国菜,4.2,78,1F,rated,True,,rated,parsed,rating_anchor,0.9666,0.9618,58,330,5.963,1F | ⭐🌟⭐⭐ | 4.2法国菜￥78/人 | ★,LUNEURS月乐诗 法式早午餐&餐吧 | 1F | ⭐🌟⭐⭐ | 4.2法国菜￥78/人 | ★ | 点评榜单 | 静安区法国菜好评榜第4名 | LUNEURS,ocr/input_videos\上海__芮欧百货__20260825.mp4
OBS-000036,芮欧百货,SIMPLE Hair Salon,SIMPLEHairSalon,美发,4.7,451,4F,rated,True,,rated,parsed,rating_anchor,0.9643,0.9783,55,352,6.361,⭐🌟🌟⭐🌟 | 4F | 美发￥451/人 | 4.7,SIMPLE Hair Salon | S | ⭐🌟🌟⭐🌟 | 4F | 美发￥451/人 | 4.7 | Simple Hair Salon | 点评榜单 | 静安寺商圈美发热门榜第3名 | 2021 | 提前预约免排队，发型师技术绝佳” | “ | 厂告 | ￥378￥380 | 【首席设计师】 | 惠,ocr/input_videos\上海__芮欧百货__20260825.mp4
OBS-000037,芮欧百货,THEFIRE Eatery,THEFIREEatery,西餐,4.5,176,5F,rated,True,,rated,parsed,rating_anchor,0.97,0.9897,66,352,6.361,4.5西餐￥176/人 | 5F,THEFIRE Eatery | THEFIRE Eatery | 4.5西餐￥176/人 | 5F | ￥284.2折 | ￥68 | 【新品】热熏新西兰0... | 惠 | ￥989.8折 | ￥100100元代金券 | 惠,ocr/input_videos\上海__芮欧百货__20260825.mp4
OBS-000038,芮欧百货,Wagas沃歌斯,Wagas沃歌斯,西餐,3.9,69,B1,rated,True,,rated,parsed,rating_anchor,0.9689,0.9998,68,352,6.361,西餐￥69/人 | 🌟🌟🌟🌟⭐ | B1 | 3.9,Wagas沃歌斯 | wagas | 西餐￥69/人 | 🌟🌟🌟🌟⭐ | B1 | 3.9 | 蛋白奶替干净无负担 | ￥837.3折 | ￥114 | 【销量王】能量碗+饮.. | 惠,ocr/input_videos\上海__芮欧百货__20260825.mp4
OBS-000039,芮欧百货,C·P,C·P,服饰鞋包,3.6,,2F,rated,True,,rated,parsed,rating_anchor,0.9297,0.9544,61,352,6.361,⭐⭐3.6服饰鞋包 | 2F,C·P | C.P | ⭐⭐3.6服饰鞋包 | 2F | COMPANY,ocr/input_videos\上海__芮欧百货__20260825.mp4
OBS-000040,芮欧百货,LUNEURS月乐诗 法式早午餐&餐吧,LUNEURS月乐诗法式早午餐&餐吧,法国菜,4.2,78,1F,rated,True,,rated,parsed,rating_anchor,0.9682,0.9674,61,352,6.361,1F | 🌟🌟🌟🌟 | 法国菜￥78/人 | 4.2 | ￥,LUNEURS月乐诗 法式早午餐&餐吧 | 1F | 🌟🌟🌟🌟 | 法国菜￥78/人 | 4.2 | ￥ | 点评榜单 | 静安区法国菜好评榜第4名 | LUNEURS,ocr/input_videos\上海__芮欧百货__20260825.mp4
OBS-000041,芮欧百货,THEFIRE Eatery,THEFIREEatery,西餐,4.5,176,5F,rated,True,,rated,parsed,rating_anchor,0.9678,0.9857,71,440,7.951,4.5西餐￥176/人 | 5F,THEFIRE Eatery | THEFIRE Eatery | 7 | 4.5西餐￥176/人 | 5F | ￥68 | ￥28 | 4.2折 | 【新品】热熏新西兰.... | 惠 | ￥989.8折 | 惠 | ￥100100元代金券,ocr/input_videos\上海__芮欧百货__20260825.mp4
OBS-000042,芮欧百货,Wagas沃歌斯,Wagas沃歌斯,西餐,3.9,69,B1,rated,True,,rated,parsed,rating_anchor,0.9735,0.9997,65,440,7.951,3.9西餐￥69/人 | B1,Wagas沃歌斯 | wagas | 3.9西餐￥69/人 | B1 | 蛋白奶昔干净无负担 | ￥837.3折 | ￥114 | 【销量王】能量碗+饮. | 惠,ocr/input_videos\上海__芮欧百货__20260825.mp4
OBS-000043,芮欧百货,C·P,C·P,服饰鞋包,3.6,,2F,rated,True,,rated,parsed,rating_anchor,0.939,0.9574,57,440,7.951,⭐3.6服饰鞋包 | 2F,C·P | C.P | ⭐3.6服饰鞋包 | 2F | COMPANY,ocr/input_videos\上海__芮欧百货__20260825.mp4
OBS-000044,芮欧百货,LUNEURS月乐诗法式早午餐&餐吧,LUNEURS月乐诗法式早午餐&餐吧,法国菜,4.2,78,1F,rated,True,,rated,parsed,rating_anchor,0.9794,0.9859,58,440,7.951,1F | ⭐🌟🌟🌟 | 4.2法国菜￥78/人 | ★,LUNEURS月乐诗法式早午餐&餐吧 | 1F | ⭐🌟🌟🌟 | 4.2法国菜￥78/人 | ★ | 点评榜单 | 静安区法国菜好评榜第4名 | LUNEURS | ￥29.9 | ￥35 | 【人气爆款】单球冰.. | 8.6折 | 惠,ocr/input_videos\上海__芮欧百货__20260825.mp4
OBS-000045,芮欧百货,THEFIRE Eatery,THEFIREEatery,西餐,4.5,176,5F,rated,True,,rated,parsed,rating_anchor,0.9759,0.9902,69,473,8.548,4.5西餐￥176/人 | 5F,THEFIRE Eatery | THEFIRE Eatery | T | 4.5西餐￥176/人 | 5F | ￥68 | 【新品】热熏新西兰O.. | ￥28 | 4.2折 | 惠 | ￥989.8折 | ￥100100元代金券 | 惠,ocr/input_videos\上海__芮欧百货__20260825.mp4
OBS-000046,芮欧百货,Wagas沃歌斯,Wagas沃歌斯,西餐,3.9,69,B1,rated,True,,rated,parsed,rating_anchor,0.9656,0.9997,65,473,8.548,3.9西餐￥69/人 | B1,Wagas沃歌斯 | wagas | 3.9西餐￥69/人 | B1 | 蛋白奶昔干净无负担 | ￥837.3折 | ￥114 | 【销量王】能量碗+饮. | 惠,ocr/input_videos\上海__芮欧百货__20260825.mp4
OBS-000047,芮欧百货,C·P,C·P,服饰鞋包,3.6,,2F,rated,True,,rated,parsed,rating_anchor,0.9382,0.9574,57,473,8.548,⭐3.6服饰鞋包 | 2F,C·P | C.P | ⭐3.6服饰鞋包 | 2F | COMPANY,ocr/input_videos\上海__芮欧百货__20260825.mp4
OBS-000048,芮欧百货,LUNEURS月乐诗 法式早午餐&餐吧,LUNEURS月乐诗法式早午餐&餐吧,法国菜,4.2,78,1F,rated,True,,rated,parsed,rating_anchor,0.9682,0.9608,58,473,8.548,1F | ⭐🌟🌟🌟 | 4.2法国菜￥78/人,LUNEURS月乐诗 法式早午餐&餐吧 | 1F | ⭐🌟🌟🌟 | 4.2法国菜￥78/人 | 点评榜单 | 静安区法国菜好评榜第4名 | LUNEURS | 【人气爆款】单球冰. | ￥29.9 | ￥35 | 8.6折 | 惠,ocr/input_videos\上海__芮欧百货__20260825.mp4
OBS-000049,芮欧百货,LUNEURS月乐诗 法式早午餐&餐吧,LUNEURS月乐诗法式早午餐&餐吧,法国菜,4.2,78,1F,rated,True,,rated,parsed,rating_anchor,0.9686,0.9746,53,528,9.542,🌟🌟🎉🌟 | 1F | 法国菜￥78/人 | 4.2,LUNEURS月乐诗 法式早午餐&餐吧 | 🌟🌟🎉🌟 | 1F | 法国菜￥78/人 | 4.2 | 点评榜单 | 静安区法国菜好评榜第4名 | LUNEURS | ￥35 | ￥29.9 | 8.6折 | 】单球冰... | 惠 | 【人气爆款】,ocr/input_videos\上海__芮欧百货__20260825.mp4
OBS-000050,芮欧百货,PINKY JANICE,PINKYJANICE,配饰,3.7,,B1,rated,True,,rated,parsed,rating_anchor,0.9836,0.9674,47,528,9.542,配饰 | ⭐🌟3.7 | B1,PINKY JANICE | PINKY JAN | 配饰 | ⭐🌟3.7 | B1,ocr/input_videos\上海__芮欧百货__20260825.mp4
OBS-000051,芮欧百货,歌志轩·名古屋拌面,歌志轩·名古屋拌面,日式面条,3.9,49,B2,rated,True,,rated,parsed,rating_anchor,0.9717,0.9816,54,528,9.542,🌟★🌟🌟🌟 | B2 | 日式面条￥49/人 | 3.9,歌志轩·名古屋拌面 | 柚柚虾仁冰 | 歌志軒 | 嘉吉星百 | 🌟★🌟🌟🌟 | B2 | 日式面条￥49/人 | 3.9 | 汤汁浓郁，黑蒜油加持，美味加分 | 柚你真好 | 夏日限区 | ￥49 | 6.3折 | ￥78.8D17豪华招牌拌面一.. | 惠,ocr/input_videos\上海__芮欧百货__20260825.mp4
OBS-000052,芮欧百货,阿吾罗日本料理,阿吾罗日本料理,日本料理,4.7,184,5F,rated,True,,rated,parsed,rating_anchor,0.9751,0.9996,51,528,9.542,5F | 🌟🌟🌟⭐🌟 | 日本料理￥184/人 | 4.7,阿吾罗日本料理 | 5F | 🌟🌟🌟⭐🌟 | 日本料理￥184/人 | 4.7 | 点评榜单 | 静安寺商圈日式料理回头客榜第3名 | 休息中 | ￥8.8 | 4折 | ￥22谷脆三色砖 | 惠 | ￥92 | 9.2折 | ￥100100元代金券 | 惠,ocr/input_videos\上海__芮欧百货__20260825.mp4
OBS-000053,芮欧百货,LILYSILK,LILYSILK,服饰鞋包,,,B1,new_store,False,new_store,ocr_missing,parsed,metadata_anchor,0.999,0.9989,46,528,9.542,新店 | 服饰鞋包 | B1,LILYSILK | 新店 | 服饰鞋包 | B1,ocr/input_videos\上海__芮欧百货__20260825.mp4
OBS-000054,芮欧百货,LUNEURS月乐诗 法式早午餐&餐吧,LUNEURS月乐诗法式早午餐&餐吧,法国菜,4.2,78,1F,rated,True,,rated,parsed,rating_anchor,0.9709,0.9642,58,539,9.74,1F | 4.2法国菜￥78/人 | ★★★★ | ★,LUNEURS月乐诗 法式早午餐&餐吧 | 1F | 4.2法国菜￥78/人 | ★★★★ | ★ | 点评榜单 | 静安区法国菜好评榜第4名 | LUNEURS | ￥29.9 | 8.6折 | ￥35 | 【人气爆款】单球冰... | 惠,ocr/input_videos\上海__芮欧百货__20260825.mp4
OBS-000055,芮欧百货,PINKY JANICE,PINKYJANICE,配饰,3.7,,B1,rated,True,,rated,parsed,rating_anchor,0.8961,0.9646,45,539,9.74,⭐⭐3.7配饰 | B1,PINKY JANICE | PINKYJAN | ⭐⭐3.7配饰 | B1,ocr/input_videos\上海__芮欧百货__20260825.mp4
OBS-000056,芮欧百货,歌志轩·名古屋拌面,歌志轩·名古屋拌面,日式面条,3.9,49,B2,rated,True,,rated,parsed,rating_anchor,0.969,0.9811,57,539,9.74,🌟🌟🌟⭐3.9 | 日式面条￥49/人 | B2,歌志轩·名古屋拌面 | 袖档虾仁冰品 | 歌志軒 | 嘉吉蛋面 | 心 | 🌟🌟🌟⭐3.9 | 日式面条￥49/人 | B2 | “汤汁浓郁，黑蒜油加持，美味加分” | 柚你真好（日） | ￥78.8D17豪华招牌拌面 | ￥49 | 6.3折 | 惠,ocr/input_videos\上海__芮欧百货__20260825.mp4
OBS-000057,芮欧百货,阿吾罗日本料理,阿吾罗日本料理,日本料理,4.7,184,5F,rated,True,,rated,parsed,rating_anchor,0.9838,0.9996,52,539,9.74,5F | 🌟🌟⭐🌟🌟 | 日本料理￥184/人 | 4.7,阿吾罗日本料理 | 5F | 🌟🌟⭐🌟🌟 | 日本料理￥184/人 | 4.7 | 点评榜单 | 静安寺商圈日式料理回头客榜第3名 | 休息中 | ￥8.8 | 4折 | ￥22谷脆三色砖 | 惠 | ￥92 | 9.2折 | ￥100100元代金券 | 惠,ocr/input_videos\上海__芮欧百货__20260825.mp4
OBS-000058,芮欧百货,LILYSILK,LILYSILK,服饰鞋包,,,B1,new_store,False,new_store,ocr_missing,parsed,metadata_anchor,0.9988,0.9987,49,539,9.74,新店 | 服饰鞋包 | B1,LILYSILK | 新店 | 服饰鞋包 | B1,ocr/input_videos\上海__芮欧百货__20260825.mp4
OBS-000059,芮欧百货,阿吾罗日本料理,阿吾罗日本料理,日本料理,4.7,184,5F,rated,True,,rated,parsed,rating_anchor,0.978,0.9988,54,616,11.132,5F | 🌟🌟🌟🌟🌟 | 日本料理￥184/人 | 4.7,阿吾罗日本料理 | 派 | 5F | 🌟🌟🌟🌟🌟 | 日本料理￥184/人 | 4.7 | 点评榜单 | 静安寺商圈日式料理回头客榜第3名 | 休息中 | ￥8.84折 | ￥22谷脆三色砖 | 惠 | ￥92 | 惠 | 9.2折 | ￥100100元代金券,ocr/input_videos\上海__芮欧百货__20260825.mp4
OBS-000060,芮欧百货,LILYSILK,LILYSILK,服饰鞋包,,,B1,new_store,False,new_store,ocr_missing,parsed,metadata_anchor,0.9991,0.9991,45,616,11.132,新店 | B1 | 服饰鞋包,LILYSILK | 新店 | B1 | 服饰鞋包,ocr/input_videos\上海__芮欧百货__20260825.mp4
OBS-000061,芮欧百货,橘焱胡同烧肉夜食,橘焱胡同烧肉夜食,日式烧烤/烤肉,4.6,240,2F,rated,True,,rated,parsed,rating_anchor,0.9737,0.9948,54,616,11.132,🌟🌟🌟🌟 | 日式烧烤/烤肉￥240/人2F | 4.6,橘焱胡同烧肉夜食 | 橘谷 | 胡 | 🌟🌟🌟🌟 | 日式烧烤/烤肉￥240/人2F | 4.6 | TE | 点评榜单 | 静安寺商圈烤肉回头客榜第3名 | 休息中 | ￥40 | ￥33 | 8.3折 | 惠 | 特调系列.... | 【橘焱新品】 | ￥95 | ￥100100元代金券 | 惠 | 9.5折,ocr/input_videos\上海__芮欧百货__20260825.mp4
OBS-000062,芮欧百货,满来寿喜烧·雅苑,满来寿喜烧·雅苑,日本料理,4.8,218,商场内,rated,True,,rated,parsed,rating_anchor,0.9722,0.9867,51,616,11.132,商场内 | 🌟🌟🌟🌟🌟 | 日本料理￥218/人 | 4.8,满来寿喜烧·雅苑 | 商场内 | 🌟🌟🌟🌟🌟 | 日本料理￥218/人 | 4.8 | 点评榜单 | 静安寺商圈日本料理回头客榜第5名 | 休息中 | 锅底鲜甜，配菜丰富，暖心又暖胃 | 力 | ￥4.9 | 2.8折 | ￥18樱花杏仁豆腐 | 惠 | ￥98 | ￥100100元代金券 | 惠 | 9.8折,ocr/input_videos\上海__芮欧百货__20260825.mp4
OBS-000063,芮欧百货,Isabel Marant,IsabelMarant,服装,3.5,,2F,rated,True,,rated,parsed,rating_anchor,0.9866,0.9735,47,616,11.132,服装 | 2F | ★★★★★ | 3.5,Isabel Marant | 服装 | 2F | ★★★★★ | 3.5 | “法国设计师品牌 | 打折季超值购“,ocr/input_videos\上海__芮欧百货__20260825.mp4
OBS-000064,芮欧百货,阿吾罗日本料理,阿吾罗日本料理,日本料理,4.7,184,5F,rated,True,,rated,parsed,rating_anchor,0.975,0.9995,52,627,11.331,5F | 日本料理￥184/人 | 🌟🌟🌟⭐🌟 | 4.7,阿吾罗日本料理 | 5F | 日本料理￥184/人 | 🌟🌟🌟⭐🌟 | 4.7 | 点评榜单 | 静安寺商圈日式料理回头客榜第3名 | 休息中 | ￥8.84折 | ￥22谷脆三色砖 | 惠 | ￥929.2折 | 惠 | ￥100100元代金券,ocr/input_videos\上海__芮欧百货__20260825.mp4
OBS-000065,芮欧百货,LILYSILK,LILYSILK,服饰鞋包,,,B1,new_store,False,new_store,ocr_missing,parsed,metadata_anchor,0.999,0.9987,49,627,11.331,新店 | 服饰鞋包 | B1,LILYSILK | 新店 | 服饰鞋包 | B1,ocr/input_videos\上海__芮欧百货__20260825.mp4
OBS-000066,芮欧百货,橘焱胡同烧肉夜食,橘焱胡同烧肉夜食,日式烧烤/烤肉,4.6,,2F,rated,True,,rated,parsed,rating_anchor,0.9745,0.9962,51,627,11.331,🌟🌟🌟🌟🌟 | 日式烧烤/烤肉￥240/2F | 4.6,橘焱胡同烧肉夜食 | 橘 | 🌟🌟🌟🌟🌟 | 日式烧烤/烤肉￥240/2F | 4.6 | 点评榜单 | 静安寺商圈烤肉回头客榜第3名 | 休息中 | ￥338.3折 | ￥40 | 特调系列.... | 惠 | 【橘焱新品】！ | ￥95 | 9.5折 | ￥100100元代金券 | 惠,ocr/input_videos\上海__芮欧百货__20260825.mp4
OBS-000067,芮欧百货,满来寿喜烧·雅苑,满来寿喜烧·雅苑,日本料理,4.8,218,商场内,rated,True,,rated,parsed,rating_anchor,0.9746,0.9885,51,627,11.331,⭐🎉⭐4.8 | 商场内 | 日本料理￥218/人,满来寿喜烧·雅苑 | ⭐🎉⭐4.8 | 商场内 | 日本料理￥218/人 | 点评榜单 | 静安寺商圈日本料理回头客榜第5名 | 休息中 | 锅底鲜甜，配菜丰富，暖心又暖胃 | ￥4.92.8折 | 惠 | ￥18樱花杏仁豆腐 | ￥989.8折 | 惠 | ￥100100元代金券,ocr/input_videos\上海__芮欧百货__20260825.mp4
OBS-000068,芮欧百货,Isabel Marant,IsabelMarant,服装,3.5,,2F,rated,True,,rated,parsed,rating_anchor,0.99,0.9803,47,627,11.331,🌟🌟🌟🌟🌟 | 服装 | 2F | 3.5,Isabel Marant | 🌟🌟🌟🌟🌟 | 服装 | 2F | 3.5 | 法国设计师品牌， | 打折季超值购,ocr/input_videos\上海__芮欧百货__20260825.mp4
OBS-000069,芮欧百货,橘焱胡同烧肉夜食,橘焱胡同烧肉夜食,日式烧烤/烤肉,4.6,240,2F,rated,True,,rated,parsed,rating_anchor,0.9847,0.9938,57,693,12.523,🌟🌟⭐🌟 | 日式烧烤/烤肉￥240/人2F | 4.6,橘焱胡同烧肉夜食 | 橘 | 🌟🌟⭐🌟 | 日式烧烤/烤肉￥240/人2F | 4.6 | 点评榜单 | 静安寺商圈烤肉回头客榜第3名 | 休息中 | ￥338.3折 | ￥40 | 惠 | 【橘焱新品】特调系列... | ￥95 | ￥100100元代金券 | 9.5折 | 惠,ocr/input_videos\上海__芮欧百货__20260825.mp4
OBS-000070,芮欧百货,满来寿喜烧·雅苑,满来寿喜烧·雅苑,日本料理,4.8,218,商场内,rated,True,,rated,parsed,rating_anchor,0.976,0.9885,52,693,12.523,⭐★★★🌟4.8 | 商场内 | 日本料理￥218/人,满来寿喜烧·雅苑 | ⭐★★★🌟4.8 | 商场内 | 日本料理￥218/人 | 点评镑单 | 静安寺商圈日本料理回头客榜第5名 | 休息中 | 锅底鲜甜，配菜丰富，暖心又暖胃 | 力 | 惠 | ￥4.9 | 2.8折 | ￥18樱花杏仁豆腐 | ￥989.8折 | ￥100100元代金券 | 惠,ocr/input_videos\上海__芮欧百货__20260825.mp4
OBS-000071,芮欧百货,Isabel Marant,IsabelMarant,服装,3.5,,2F,rated,True,,rated,parsed,rating_anchor,0.8697,0.9671,50,693,12.523,⭐⭐⭐3.5服装 | 2F,Isabel Marant | ⭐⭐⭐3.5服装 | 2F | 法国设计师品牌，打折季超值购,ocr/input_videos\上海__芮欧百货__20260825.mp4
OBS-000072,芮欧百货,合点寿司,合点寿司,寿司,3.9,122,B2,rated,True,,rated,parsed,rating_anchor,0.9848,0.9998,60,693,12.523,🌟🌟🌟🌟 | 3.9寿司￥122/人 | B2,合点寿司 | 夏日限定 | 🌟🌟🌟🌟 | 3.9寿司￥122/人 | B2 | ￥1687.1折 | ￥237168元单人豪华套餐 | 惠,ocr/input_videos\上海__芮欧百货__20260825.mp4
OBS-000073,芮欧百货,橘焱胡同烧肉夜食,橘焱胡同烧肉夜食,日式烧烤/烤肉,4.6,240,2F,rated,True,,rated,parsed,rating_anchor,0.9833,0.9938,54,748,13.517,🌟🌟⭐🌟 | 日式烧烤/烤肉￥240/人2F | 4.6,橘焱胡同烧肉夜食 | 元 | 橘 | 🌟🌟⭐🌟 | 日式烧烤/烤肉￥240/人2F | 4.6 | 点评榜单 | 静安寺商圈烤肉回头客榜第3名 | 休息中 | ￥338.3折 | ￥40 | 惠 | 【橘焱新品】特调系列... | ￥95 | ￥100100元代金券 | 9.5折 | 惠,ocr/input_videos\上海__芮欧百货__20260825.mp4
OBS-000074,芮欧百货,满来寿喜烧·雅苑,满来寿喜烧·雅苑,日本料理,,218,商场内,unknown,True,,ocr_missing,parsed,metadata_anchor,0.972,0.983,51,748,13.517,商场内 | 🌟🌟🌟🌟🌟 | 14.8 | 日本料理￥218/人,满来寿喜烧·雅苑 | 商场内 | 🌟🌟🌟🌟🌟 | 14.8 | 日本料理￥218/人 | 点评镑单 | 静安寺商圈日本料理回头客榜第5名 | 休息中 | 锅底鲜甜，配菜丰富，暖心又暖胃 | 力 | ￥4.9 | 2.8折 | ￥18樱花杏仁豆腐 | 惠 | ￥98 | 9.8折 | ￥100100元代金券 | 惠,ocr/input_videos\上海__芮欧百货__20260825.mp4
OBS-000075,芮欧百货,Isabel Marant,IsabelMarant,服装,3.5,,2F,rated,True,,rated,parsed,rating_anchor,0.8909,0.9682,50,748,13.517,🌟⭐🌟3.5服装 | 2F,Isabel Marant | 🌟⭐🌟3.5服装 | 2F | 法国设计师品牌，打折季超值购,ocr/input_videos\上海__芮欧百货__20260825.mp4
OBS-000076,芮欧百货,合点寿司,合点寿司,寿司,3.9,122,B2,rated,True,,rated,parsed,rating_anchor,0.9858,0.9998,60,748,13.517,B2 | 🌟🌟🌟🌟🌟 | 3.9寿司￥122/人,合点寿司 | 夏日限定 | B2 | 🌟🌟🌟🌟🌟 | 3.9寿司￥122/人 | ￥1687.1折 | ￥237168元单人豪华套餐 | 惠,ocr/input_videos\上海__芮欧百货__20260825.mp4
OBS-000077,芮欧百货,橘焱胡同烧肉夜食,橘焱胡同烧肉夜食,日式烧烤/烤肉,4.6,240,2F,rated,True,,rated,parsed,rating_anchor,0.9776,0.9949,50,759,13.716,🌟🌟⭐🌟🌟 | 日式烧烤/烤肉￥240/人2F | 4.6,橘焱胡同烧肉夜食 | 橘 | 超 | 🌟🌟⭐🌟🌟 | 日式烧烤/烤肉￥240/人2F | 4.6 | 点评榜单 | 静安寺商圈烤肉回头客榜第3名 | 休息中 | ￥40 | ￥338.3折 | 【橘焱新品】特调系列.. | 惠 | ￥95 | 9.5折 | ￥100100元代金券 | 惠,ocr/input_videos\上海__芮欧百货__20260825.mp4
OBS-000078,芮欧百货,满来寿喜烧·雅苑,满来寿喜烧·雅苑,日本料理,4.8,218,商场内,rated,True,,rated,parsed,rating_anchor,0.9773,0.9846,51,759,13.716,商场内 | 🌟🌟⭐⭐4.8 | 日本料理￥218/人,满来寿喜烧·雅苑 | 商场内 | 🌟🌟⭐⭐4.8 | 日本料理￥218/人 | 点评榜单 | 静安寺商圈日本料理回头客榜第5名 | 休息中 | 锅底鲜甜，配菜丰富，暖心又暖胃 | 2 | ￥4.9 | 2.8折 | ￥18樱花杏仁豆腐 | 惠 | ￥989.8折 | 惠 | ￥100100元代金券,ocr/input_videos\上海__芮欧百货__20260825.mp4
OBS-000079,芮欧百货,Isabel Marant,IsabelMarant,服装,3.5,,2F,rated,True,,rated,parsed,rating_anchor,0.9217,0.9684,50,759,13.716,⭐⭐3.5服装 | 2F,Isabel Marant | ⭐⭐3.5服装 | 2F | 法国设计师品牌，打折季超值购,ocr/input_videos\上海__芮欧百货__20260825.mp4
OBS-000080,芮欧百货,合点寿司,合点寿司,寿司,3.9,122,B2,rated,True,,rated,parsed,rating_anchor,0.9758,0.9999,61,759,13.716,3.9寿司￥122/人 | B2,合点寿司 | 夏日限定 | 3.9寿司￥122/人 | B2 | 大竹英鱼 | ￥1687.1折 | ￥237168元单人豪华套餐 | 惠,ocr/input_videos\上海__芮欧百货__20260825.mp4
OBS-000081,芮欧百货,45R,45R,服饰鞋包,4.0,,3F,rated,True,,rated,parsed,rating_anchor,0.998,0.9975,58,759,13.716,4.0服饰鞋包 | 3F | 🌟🌟🌟🌟 | ★,45R | 4.0服饰鞋包 | 3F | 🌟🌟🌟🌟 | ★,ocr/input_videos\上海__芮欧百货__20260825.mp4
OBS-000082,芮欧百货,合点寿司,合点寿司,寿司,3.9,122,B2,rated,True,,rated,parsed,rating_anchor,0.9775,0.9997,64,792,14.312,3.9寿司￥122/人 | B2,合点寿司 | 夏日限定 | 3.9寿司￥122/人 | B2 | ￥1687.1折 | 惠 | ￥237168元单人豪华套餐,ocr/input_videos\上海__芮欧百货__20260825.mp4
OBS-000083,芮欧百货,45R,45R,服饰鞋包,4.0,,3F,rated,True,,rated,parsed,rating_anchor,0.9973,0.9966,62,792,14.312,3F | 🌟🌟🌟🌟 | 4.0服饰鞋包 | ★,45R | 3F | 🌟🌟🌟🌟 | 4.0服饰鞋包 | ★ | 蓝染款式缺货严重，高价也要买！ | 力,ocr/input_videos\上海__芮欧百货__20260825.mp4
OBS-000084,芮欧百货,大馥·烧肉丼饭,大馥·烧肉丼饭,日式烧烤/烤肉,4.4,85,B2,rated,True,,rated,parsed,rating_anchor,0.9755,0.9933,60,792,14.312,🌟🌟★🌟 | B2 | 日式烧烤/烤肉￥85/人 | 4.4 | ★,大馥·烧肉丼饭 | 大路 | 其 | DAFU DONG | 🌟🌟★🌟 | B2 | 日式烧烤/烤肉￥85/人 | 4.4 | ★ | 点评榜单 | 静安寺商圈烤肉打卡人气榜第2名 | 每都入味多汁，星必吃” | ￥19薯条 | ￥7.5 | 4折 | 惠,ocr/input_videos\上海__芮欧百货__20260825.mp4
OBS-000085,芮欧百货,GimGim韩国紫菜卷,GimGim韩国紫菜卷,韩式料理,,29,B2,new_store,False,new_store,ocr_missing,parsed,metadata_anchor,0.9624,0.9968,55,792,14.312,新店 | 韩式料理￥29/人 | B2,GimGim韩国紫菜卷 | GimGim韩整 | 新店 | 韩式料理￥29/人 | B2 | 康风味 | 自然 | 点评榜单 | 静安区韩式料理新店榜第3名 | ￥32.88.9折 | ￥37 | 惠 | 【划算双人餐】双人餐,ocr/input_videos\上海__芮欧百货__20260825.mp4
OBS-000086,芮欧百货,sandro,sandro,服装,3.9,3117,B1,rated,True,,rated,parsed,rating_anchor,0.9789,0.9991,58,792,14.312,3.9服装￥3117/人 | B1,sandro | 3.9服装￥3117/人 | B1 | sa ndro,ocr/input_videos\上海__芮欧百货__20260825.mp4
OBS-000087,芮欧百货,合点寿司,合点寿司,寿司,3.9,122,B2,rated,True,,rated,parsed,rating_anchor,0.9614,0.9998,65,825,14.909,⭐3.9寿司￥122/人 | B2,合点寿司 | 夏限定 | ⭐3.9寿司￥122/人 | B2 | ￥1687.1折 | ￥237168元单人豪华套餐 | 惠,ocr/input_videos\上海__芮欧百货__20260825.mp4
OBS-000088,芮欧百货,45R,45R,服饰鞋包,4.0,,3F,rated,True,,rated,parsed,rating_anchor,0.9975,0.9968,66,825,14.909,🌟🌟🌟⭐ | 3F | 4.0服饰鞋包 | ★,45R | 🌟🌟🌟⭐ | 3F | 4.0服饰鞋包 | ★ | 蓝染款式缺货严重，高价也要买！ | 33,ocr/input_videos\上海__芮欧百货__20260825.mp4
OBS-000089,芮欧百货,大馥·烧肉丼饭,大馥·烧肉丼饭,日式烧烤/烤肉,4.4,85,B2,rated,True,,rated,parsed,rating_anchor,0.9772,0.9908,57,825,14.909,🌟🌟🌟🌟 | B2 | 日式烧烤/烤肉￥85/人 | 4.4 | ★,大馥·烧肉丼饭 | 大政 | 共 | DAFU DONG | 🌟🌟🌟🌟 | B2 | 日式烧烤/烤肉￥85/人 | 4.4 | ★ | 点评榜单 | 静安寺商圈烤肉打卡人气榜第2名 | 每一口都入味多汁，食肉星人必吃” | “ | ￥19薯条 | ￥7.5 | 4折 | 惠,ocr/input_videos\上海__芮欧百货__20260825.mp4
OBS-000090,芮欧百货,GimGim韩国紫菜卷,GimGim韩国紫菜卷,韩式料理,,29,B2,new_store,False,new_store,ocr_missing,parsed,metadata_anchor,0.9811,0.9945,55,825,14.909,新店 | 韩式料理￥29/人 | B2,GimGim韩国紫菜卷 | GimGim韩据英登 | 新店 | 韩式料理￥29/人 | B2 | 康风味 | 自然 | 点评榜单 | 静安区韩式料理新店榜第3名 | ￥32.88.9折 | ￥37 | 惠 | 【划算双人餐】双人餐,ocr/input_videos\上海__芮欧百货__20260825.mp4
OBS-000091,芮欧百货,sandro,sandro,服装,3.9,3117,B1,rated,True,,rated,parsed,rating_anchor,0.9777,0.999,57,825,14.909,3.9服装￥3117/人 | B1,sandro | 3.9服装￥3117/人 | B1 | sa n dro | 十苦,ocr/input_videos\上海__芮欧百货__20260825.mp4
OBS-000092,芮欧百货,大馥·烧肉丼饭,大馥·烧肉丼饭,日式烧烤/烤肉,4.4,85,B2,rated,True,,rated,parsed,rating_anchor,0.9735,0.9935,55,891,16.101,⭐🌟🌟⭐ | B2 | 日式烧烤/烤肉￥85/人 | 4.4 | ★,大馥·烧肉丼饭 | 大 | 共 | DAFU DONG | ⭐🌟🌟⭐ | B2 | 日式烧烤/烤肉￥85/人 | 4.4 | ★ | 点评榜单 | 静安寺商圈烤肉打卡人气榜第2名 | 每都入味多汁，食肉星必吃” | ≤ | ￥19薯条 | ￥7.5 | 惠 | 4折,ocr/input_videos\上海__芮欧百货__20260825.mp4
OBS-000093,芮欧百货,GimGim韩国紫菜卷,GimGim韩国紫菜卷,韩式料理,,29,B2,new_store,False,new_store,ocr_missing,parsed,metadata_anchor,0.9751,0.9894,54,891,16.101,新店 | B2 | 韩式料理￥29/人,GimGim韩国紫菜卷 | GlmGlm体项卷 | 新店 | B2 | 韩式料理￥29/人 | 康风味 | 自然 | 惠 | 点评榜单 | 静安区韩式料理新店榜第3名 | ￥32.88.9折 | ￥37 | 【划算双人餐】双人餐 | 惠,ocr/input_videos\上海__芮欧百货__20260825.mp4
OBS-000094,芮欧百货,sandro,sandro,服装,3.9,3117,B1,rated,True,,rated,parsed,rating_anchor,0.9785,0.9992,53,891,16.101,3.9服装￥3117/人 | B1,sandro | 3.9服装￥3117/人 | B1 | sandro,ocr/input_videos\上海__芮欧百货__20260825.mp4
OBS-000095,芮欧百货,大董,大董,烤鸭,4.8,438,5F,rated,True,,rated,parsed,rating_anchor,0.9657,0.9992,66,891,16.101,5F | 4.8烤鸭￥438/人,大董 | 5F | 4.8烤鸭￥438/人 | ·大董海参店 | 大 | Giwtn Eeheticx at BAatxng | 点评榜单 | 静安区烤鸭口味榜第1名 | 盛开的杏花 | 休息中 | “小包间温馨私密，菜品口味好” | ￥3589折 | ￥398大董45天“酥不腻”烤鸭 | 惠 | ￥6509.3折 | 惠 | ￥700700元代金券,ocr/input_videos\上海__芮欧百货__20260825.mp4
OBS-000096,芮欧百货,GimGim韩国紫菜卷,GimGim韩国紫菜卷,韩式料理,,29,B2,new_store,False,new_store,ocr_missing,parsed,metadata_anchor,0.9612,0.9553,46,924,16.698,新店 | B2 | 韩式料理￥29/人,GimGim韩国紫菜卷 | GimGim卷 | 新店 | B2 | 韩式料理￥29/人 | 惠 | 康风味 | 自然 | 点评榜单 | 静安区韩式料理新店榜第3名 | ￥32.88.9折 | ￥37 | 【划算双人餐】双人餐 | 惠,ocr/input_videos\上海__芮欧百货__20260825.mp4
OBS-000097,芮欧百货,sandro,sandro,服装,3.9,3117,B1,rated,True,,rated,parsed,rating_anchor,0.9792,0.9988,57,924,16.698,3.9服装￥3117/人 | B1,sandro | 3.9服装￥3117/人 | B1 | sandro,ocr/input_videos\上海__芮欧百货__20260825.mp4
OBS-000098,芮欧百货,大董,大董,烤鸭,4.8,438,5F,rated,True,,rated,parsed,rating_anchor,0.9685,0.9963,63,924,16.698,4.8烤鸭￥438/人 | 5F,大董 | 4.8烤鸭￥438/人 | 5F | 大董海参店 | . | Gxtn Enhetiox at Dalcng | 点评榜单 | 静安区烤鸭口味榜第1名 | 盛开的杏花 | 休息中 | “小包间温馨私密，菜品口味好” | ￥358 | 9折 | ￥398 | 惠 | 大董45天“酥不腻”烤鸭 | ￥6509.3折 | 惠 | ￥700700元代金券,ocr/input_videos\上海__芮欧百货__20260825.mp4
OBS-000099,芮欧百货,Day By Day创意韩料,DayByDay创意韩料,韩式料理,4.3,124,4F,rated,True,,rated,parsed,rating_anchor,0.9707,0.9839,61,924,16.698,⭐🌟⭐⭐ | 4F | 4.3 | 韩式料理￥124/人,Day By Day创意韩料 | Day By Day | OMEFROMJeJU | ⭐🌟⭐⭐ | 4F | 4.3 | 韩式料理￥124/人 | 点评榜单 | 静安区韩式料理热门榜第1名 | 美貌与美味，集齐打卡圣地 | “ | ￥16.9 | 6.5折 | ￥26 | 惠 | 【必点】石头爷爷柠.. | ￥48.59.7折 | 惠 | ￥5050元代金券,ocr/input_videos\上海__芮欧百货__20260825.mp4
OBS-000100,芮欧百货,Assemble by Réel,AssemblebyRéel,服装,3.4,3909,1F,rated,True,,rated,parsed,rating_anchor,0.9825,0.9914,61,924,16.698,🌟🌟⭐🌟⭐ | 1F | 3.4服装￥3909/人,Assemble by Réel | 🌟🌟⭐🌟⭐ | 1F | 3.4服装￥3909/人 | SFTM联名拼接外套，实物很厚重,ocr/input_videos\上海__芮欧百货__20260825.mp4
OBS-000101,芮欧百货,GimGim韩国紫菜卷,GimGim韩国紫菜卷,韩式料理,,29,B2,new_store,False,new_store,ocr_missing,parsed,metadata_anchor,0.9779,0.9909,51,946,17.095,B2 | 新店 | 韩式料理￥29/人,GimGim韩国紫菜卷 | GimGim防原卷 | B2 | 新店 | 韩式料理￥29/人 | 康风味 | 自然 | 点评榜单 | 静安区韩式料理新店榜第3名 | 惠￥32.88.9折 | ￥37 | 【划算双人餐】双人餐,ocr/input_videos\上海__芮欧百货__20260825.mp4
OBS-000102,芮欧百货,sandro,sandro,服装,3.9,3117,B1,rated,True,,rated,parsed,rating_anchor,0.9777,0.9988,56,946,17.095,3.9服装￥3117/人 | B1,sandro | 3.9服装￥3117/人 | B1 | san dro,ocr/input_videos\上海__芮欧百货__20260825.mp4
OBS-000103,芮欧百货,大董,大董,烤鸭,4.8,438,5F,rated,True,,rated,parsed,rating_anchor,0.9708,0.9986,70,946,17.095,4.8烤鸭￥438/人 | 5F,大董 | 4.8烤鸭￥438/人 | 5F | ·大董海参店 | Goln Eio n DD | 点评榜单 | 静安区烤鸭口味榜第1名 | 盛开的咨花 | 休息中 | “包间温馨私密，菜品口味好” | ￥3589折 | ￥398大董45天“酥不腻”烤鸭 | 惠 | ￥6509.3折 | ￥700700元代金券 | 惠,ocr/input_videos\上海__芮欧百货__20260825.mp4
OBS-000104,芮欧百货,Day By Day创意韩料,DayByDay创意韩料,韩式料理,4.3,124,4F,rated,True,,rated,parsed,rating_anchor,0.9701,0.9752,66,946,17.095,🌟🌟🎉 | 4F | 韩式料理￥124/人 | 4.3 | ★,Day By Day创意韩料 | Day By Doy | OMEFROMJeJU | 🌟🌟🎉 | 4F | 韩式料理￥124/人 | 4.3 | ★ | 点评榜单 | 静安区韩式料理热门榜第1名 | 美貌与美味，集齐打卡圣地 | C | 6.5折 | ￥26 | ￥16.9 | 【必点】石头爷爷柠.. | 惠 | ￥48.59.7折 | ￥5050元代金券 | 惠,ocr/input_videos\上海__芮欧百货__20260825.mp4
OBS-000105,芮欧百货,Assemble by Réel,AssemblebyRéel,服装,3.4,3909,1F,rated,True,,rated,parsed,rating_anchor,0.9828,0.995,58,946,17.095,🌟🌟🌟⭐🌟 | 3.4服装￥3909/人 | 1F,Assemble by Réel | 🌟🌟🌟⭐🌟 | 3.4服装￥3909/人 | 1F | “SFTM联名拼接外套，实物很厚重 | 2,ocr/input_videos\上海__芮欧百货__20260825.mp4
OBS-000106,芮欧百货,Day By Day创意韩料,DayByDay创意韩料,韩式料理,4.3,124,4F,rated,True,,rated,parsed,rating_anchor,0.9584,0.9548,64,1023,18.487,4F | 🌟🌟🌟🌟 | 韩式料理￥124/人 | 4.3 | ★,Day By Day创意韩料 | Day By Day | CMEFROMJeJU | 4F | 🌟🌟🌟🌟 | 韩式料理￥124/人 | 4.3 | ★ | 点评榜单 | 静安区韩式料理热门榜第1名 | 美貌与美味，集齐打卡圣地 | r | ￥16.9 | 6.5折 | ￥26 | 【必点】石头爷爷柠... | 惠 | ￥48.59.7折 | ￥5050元代金券 | 惠,ocr/input_videos\上海__芮欧百货__20260825.mp4
OBS-000107,芮欧百货,Assemble by Réel,AssemblebyRéel,服装,3.4,3909,1F,rated,True,,rated,parsed,rating_anchor,0.9691,0.9816,65,1023,18.487,3.4服装￥3909/人 | 1F,Assemble by Réel | 3.4服装￥3909/人 | 1F | “SFTM联名拼接外套，实物很厚重,ocr/input_videos\上海__芮欧百货__20260825.mp4
OBS-000108,芮欧百货,椿风手作,椿风手作,茶饮果汁,3.9,20,B2,rated,True,,rated,parsed,rating_anchor,0.9759,0.9937,60,1023,18.487,3.9茶饮果汁￥20/人 | B2,椿风手作 | 夏日消暑 | ® | 3.9茶饮果汁￥20/人 | B2 | ￥15.88.4折 | 惠 | ￥19现煮绿豆牛乳冰,ocr/input_videos\上海__芮欧百货__20260825.mp4
OBS-000109,芮欧百货,喜茶,喜茶,茶饮果汁,4.0,25,5F,rated,True,,rated,parsed,rating_anchor,0.97,0.9955,70,1023,18.487,4.0茶饮果汁￥25/人 | 5F,喜茶 | 4.0茶饮果汁￥25/人 | 5F | 我 | ￥19 | ￥17.59.3折 | 【人气推荐】5选1 | 惠,ocr/input_videos\上海__芮欧百货__20260825.mp4
OBS-000110,芮欧百货,RuirUirul,RuirUirul,服饰鞋包,3.6,,,rated,True,,rated,parsed,rating_anchor,0.9728,0.9974,51,1023,18.487,4E | 3.6服饰鞋包,RuirUirul | 4E | 3.6服饰鞋包,ocr/input_videos\上海__芮欧百货__20260825.mp4
OBS-000111,芮欧百货,Day by Day忌科,DaybyDay忌科,韩式料理,4.3,124,4F,rated,True,,rated,parsed,rating_anchor,0.9018,0.8342,44,1045,18.884,🌟🌟⭐⭐ | 4F | 韩式料理￥124/人 | 4.3,Day by Day忌科 | Day By Day | OMEFROMJeJU | 🌟🌟⭐⭐ | 4F | 韩式料理￥124/人 | 4.3 | 点评榜单 | 静安区韩式料理热门榜第1名 | 美貌与美味，集齐打卡圣地 | “ | 6.5折 | ￥26 | ￥16.9 | 【必点】石头爷爷柠.. | 惠 | ￥48.59.7折 | ￥5050元代金券 | 惠,ocr/input_videos\上海__芮欧百货__20260825.mp4
OBS-000112,芮欧百货,Assemble by Réel,AssemblebyRéel,服装,3.4,3909,1F,rated,True,,rated,parsed,rating_anchor,0.9712,0.9728,68,1045,18.884,3.4服装￥3909/人 | 1F,Assemble by Réel | 3.4服装￥3909/人 | 1F | “SFTM联名拼接外套，实物很厚重 | “,ocr/input_videos\上海__芮欧百货__20260825.mp4
OBS-000113,芮欧百货,椿风手作,椿风手作,茶饮果汁,3.9,20,B2,rated,True,,rated,parsed,rating_anchor,0.9787,0.9926,60,1045,18.884,3.9茶饮果汁￥20/人 | B2,椿风手作 | 夏日消景 | Sumner必备 | 3.9茶饮果汁￥20/人 | B2 | ￥15.88.4折 | ￥19现煮绿豆牛乳冰 | 惠,ocr/input_videos\上海__芮欧百货__20260825.mp4
OBS-000114,芮欧百货,喜茶,喜茶,茶饮果汁,4.0,25,5F,rated,True,,rated,parsed,rating_anchor,0.9772,0.9921,69,1045,18.884,4.0茶饮果汁￥25/人 | 5F,喜茶 | 4.0茶饮果汁￥25/人 | 5F | 心 | ￥17.59.3折 | 【人气推荐】5选1 | ￥19 | 惠,ocr/input_videos\上海__芮欧百货__20260825.mp4
OBS-000115,芮欧百货,RuirUirul,RuirUirul,服饰鞋包,3.6,,4F,rated,True,,rated,parsed,rating_anchor,0.9695,0.9983,49,1045,18.884,⭐3.6服饰鞋包 | 4F,RuirUirul | ⭐3.6服饰鞋包 | 4F,ocr/input_videos\上海__芮欧百货__20260825.mp4
OBS-000116,芮欧百货,Day By Day创意韩料,DayByDay创意韩料,韩式料理,4.3,124,4F,rated,True,,rated,parsed,rating_anchor,0.9687,0.9786,69,1089,19.679,🌟🌟🌟🌟 | 韩式料理￥124/人 | 4F | 4.3 | 1,Day By Day创意韩料 | Day By Day | COMEFROMJeJU | 🌟🌟🌟🌟 | 韩式料理￥124/人 | 4F | 4.3 | 1 | 点评榜单 | 静安区韩式料理热门榜第1名 | 品 | 美貌与美味，集齐打卡圣地” | “ | ￥26 | 6.5折 | ￥16.9 | 【必点】石头爷爷柠. | 惠 | ￥48.59.7折 | ￥5050元代金券 | 惠,ocr/input_videos\上海__芮欧百货__20260825.mp4
OBS-000117,芮欧百货,Assemble by Réel,AssemblebyRéel,服装,3.4,3909,1F,rated,True,,rated,parsed,rating_anchor,0.9753,0.9904,68,1089,19.679,1F | 3.4服装￥3909/人,Assemble by Réel | 1F | 3.4服装￥3909/人 | “SFTM联名拼接外套，实物很厚重”,ocr/input_videos\上海__芮欧百货__20260825.mp4
OBS-000118,芮欧百货,椿风手作,椿风手作,茶饮果汁,3.9,20,B2,rated,True,,rated,parsed,rating_anchor,0.9751,0.9938,66,1089,19.679,3.9茶饮果汁￥20/人 | B2,椿风手作 | 夏日消暑 | 3.9茶饮果汁￥20/人 | B2 | ￥15.88.4折 | ￥19现煮绿豆牛乳冰 | 惠,ocr/input_videos\上海__芮欧百货__20260825.mp4
OBS-000119,芮欧百货,喜茶,喜茶,茶饮果汁,4.0,25,5F,rated,True,,rated,parsed,rating_anchor,0.979,0.9954,70,1089,19.679,5F | 4.0茶饮果汁￥25/人,喜茶 | 5F | 4.0茶饮果汁￥25/人 | 公 | ￥17.59.3折 | ￥19 | 【人气推荐】5选1 | 惠,ocr/input_videos\上海__芮欧百货__20260825.mp4
OBS-000120,芮欧百货,RuirUirul,RuirUirul,服饰鞋包,3.6,,4F,rated,True,,rated,parsed,rating_anchor,0.9651,0.9976,58,1089,19.679,⭐3.6服饰鞋包 | 4F,RuirUirul | ⭐3.6服饰鞋包 | 4F,ocr/input_videos\上海__芮欧百货__20260825.mp4
OBS-000121,芮欧百货,椿风手作,椿风手作,茶饮果汁,3.9,20,B2,rated,True,,rated,parsed,rating_anchor,0.9779,0.993,63,1155,20.872,3.9茶饮果汁￥20/人 | B2,椿风手作 | 夏日消暑 | Sumner必备 | 3.9茶饮果汁￥20/人 | B2 | ￥19现煮绿牛乳冰 | ￥15.8 | 8.4折 | 惠,ocr/input_videos\上海__芮欧百货__20260825.mp4
OBS-000122,芮欧百货,喜茶,喜茶,茶饮果汁,4.0,25,5F,rated,True,,rated,parsed,rating_anchor,0.9807,0.9985,75,1155,20.872,4.0茶饮果汁￥25/人 | 5F,喜茶 | 4.0茶饮果汁￥25/人 | 5F | 迎 | ￥17.59.3折 | ￥19 | 【人气推荐】5选1 | 惠,ocr/input_videos\上海__芮欧百货__20260825.mp4
OBS-000123,芮欧百货,RuirUirul,RuirUirul,服饰鞋包,3.6,,4F,rated,True,,rated,parsed,rating_anchor,0.9969,0.9989,52,1155,20.872,🌟🌟🌟🌟🌟 | 3.6服饰鞋包 | 4F,RuirUirul | 🌟🌟🌟🌟🌟 | 3.6服饰鞋包 | 4F,ocr/input_videos\上海__芮欧百货__20260825.mp4
OBS-000124,芮欧百货,椿田熟成茶行,椿田熟成茶行,茶饮果汁,3.9,23,B2,rated,True,,rated,parsed,rating_anchor,0.975,0.9823,56,1155,20.872,3.9茶饮果汁￥23/人 | B2,椿田熟成茶行 | 3.9茶饮果汁￥23/人 | B2 | CIUNTIAN | 点评榜单 | 静安寺商圈饮品打卡人气榜第3名 | 椿田熟成羊行 | ￥31.57.5折 | ￥42 | 【新品预售】黄油红.... | 惠 | ￥36.89.2折 | ￥4040元代金券 | 惠,ocr/input_videos\上海__芮欧百货__20260825.mp4
OBS-000125,芮欧百货,M Stand,MStand,咖啡,3.9,26,B1,rated,True,,rated,parsed,rating_anchor,0.9457,0.9532,57,1155,20.872,3.9咖啡￥26/人 | B1,M Stand | 芒果凤梨系列上新 | 3.9咖啡￥26/人 | B1,ocr/input_videos\上海__芮欧百货__20260825.mp4
OBS-000126,芮欧百货,椿风手作,椿风手作,茶饮果汁,3.9,20,B2,rated,True,,rated,parsed,rating_anchor,0.9791,0.9956,61,1199,21.667,🌟🌟🌟🌟🌟 | 茶饮果汁￥20/人 | B2 | 3.9,椿风手作 | 夏日消景 | 🌟🌟🌟🌟🌟 | 茶饮果汁￥20/人 | B2 | 3.9 | ￥15.8 | 惠 | 8.4折 | ￥19现煮绿豆牛乳冰,ocr/input_videos\上海__芮欧百货__20260825.mp4
OBS-000127,芮欧百货,喜茶,喜茶,茶饮果汁,4.0,25,5F,rated,True,,rated,parsed,rating_anchor,0.9827,0.995,70,1199,21.667,⭐🌟⭐🌟 | 4.0茶饮果汁￥25/人 | 5F | ★,喜茶 | ⭐🌟⭐🌟 | 4.0茶饮果汁￥25/人 | 5F | ★ | ￥17.59.3折 | ￥19 | 【人气推荐】5选1 | 惠,ocr/input_videos\上海__芮欧百货__20260825.mp4
OBS-000128,芮欧百货,RuirUirul,RuirUirul,服饰鞋包,3.6,,4F,rated,True,,rated,parsed,rating_anchor,0.9971,0.9985,52,1199,21.667,🌟🌟🌟🌟🌟 | 4F | 3.6服饰鞋包,RuirUirul | 🌟🌟🌟🌟🌟 | 4F | 3.6服饰鞋包,ocr/input_videos\上海__芮欧百货__20260825.mp4
OBS-000129,芮欧百货,椿田熟成茶行,椿田熟成茶行,茶饮果汁,3.9,23,B2,rated,True,,rated,parsed,rating_anchor,0.9802,0.9914,59,1199,21.667,B2 | 🌟🌟🎉🌟🎉 | 茶饮果汁￥23/人 | 3.9,椿田熟成茶行 | B2 | 🌟🌟🎉🌟🎉 | 茶饮果汁￥23/人 | 3.9 | CHUNTIAN | 点评榜单 | 静安寺商圈饮品打卡人气榜第3名 | 椿田热威茶行 | ￥31.5 | ￥42 | 7.5折 | 【新品预售】黄油红.... | 惠 | ￥36.8 | ￥4040元代金券 | 惠 | 9.2折,ocr/input_videos\上海__芮欧百货__20260825.mp4
OBS-000130,芮欧百货,M Stand,MStand,咖啡,3.9,26,B1,rated,True,,rated,parsed,rating_anchor,0.947,0.9429,56,1199,21.667,3.9咖啡￥26/人 | B1,M Stand | 芒果凤梨系列上新 | 3.9咖啡￥26/人 | B1 | 品国品下,ocr/input_videos\上海__芮欧百货__20260825.mp4
OBS-000131,芮欧百货,RuirUirul,RuirUirul,服饰鞋包,3.6,,4F,rated,True,,rated,parsed,rating_anchor,0.9744,0.9975,56,1232,22.264,⭐3.6服饰鞋包 | 4F,RuirUirul | ⭐3.6服饰鞋包 | 4F,ocr/input_videos\上海__芮欧百货__20260825.mp4
OBS-000132,芮欧百货,椿田熟成茶行,椿田熟成茶行,茶饮果汁,3.9,23,B2,rated,True,,rated,parsed,rating_anchor,0.9851,0.9912,62,1232,22.264,🌟🌟🎉🌟⭐ | B2 | 3.9茶饮果汁￥23/人,椿田熟成茶行 | 🌟🌟🎉🌟⭐ | B2 | 3.9茶饮果汁￥23/人 | m | CIUNTIAN | 点评榜单 | 静安寺商圈饮品打卡人气榜第3名 | 椿田航成并行 | ￥42 | ￥31.57.5折 | 【新品预售】黄油红... | 惠 | ￥36.89.2折 | ￥4040元代金券 | 惠,ocr/input_videos\上海__芮欧百货__20260825.mp4
OBS-000133,芮欧百货,M Stand,MStand,咖啡,3.9,26,B1,rated,True,,rated,parsed,rating_anchor,0.9525,0.9569,56,1232,22.264,3.9咖啡￥26/人 | B1,M Stand | 芒果凤梨系列上新 | 3.9咖啡￥26/人 | B1 | ￥27.57.3折 | ￥38 | 惠 | 【第一次喝】招牌特..,ocr/input_videos\上海__芮欧百货__20260825.mp4
OBS-000134,芮欧百货,ZESH芮欧百货,ZESH芮欧百货,服饰鞋包,4.2,,B1,rated,True,,rated,parsed,rating_anchor,0.9978,0.998,57,1232,22.264,4.2服饰鞋包 | B1 | 🌟🌟★★,ZESH芮欧百货 | ZESH | 4.2服饰鞋包 | B1 | 🌟🌟★★,ocr/input_videos\上海__芮欧百货__20260825.mp4
OBS-000135,芮欧百货,Tamkoko泰柯茶园,Tamkoko泰柯茶园,茶饮果汁,3.9,21,B2,rated,True,,rated,parsed,rating_anchor,0.9732,0.9975,55,1232,22.264,3.9茶饮果汁￥21/人 | B2,Tamkoko泰柯茶园 | 3.9茶饮果汁￥21/人 | B2 | 点评榜单 | 静安寺商圈饮品回头客榜第2名,ocr/input_videos\上海__芮欧百货__20260825.mp4
OBS-000136,芮欧百货,椿田熟成茶行,椿田熟成茶行,茶饮果汁,3.9,23,B2,rated,True,,rated,parsed,rating_anchor,0.9798,0.9912,54,1254,22.661,🌟🌟🌟🌟⭐ | 茶饮果汁￥23/人 | B2 | 3.9,椿田熟成茶行 | 🌟🌟🌟🌟⭐ | 茶饮果汁￥23/人 | B2 | 3.9 | CIUNTIAN | 点评榜单 | 静安寺商圈饮品打卡人气榜第3名 | 椿田热成养行 | 7.5折 | ￥42 | ￥31.5 | 【新品预售】黄油红.. | 惠 | ￥36.8 | 9.2折 | ￥4040元代券 | 惠,ocr/input_videos\上海__芮欧百货__20260825.mp4
OBS-000137,芮欧百货,M Stand,MStand,咖啡,3.9,26,B1,rated,True,,rated,parsed,rating_anchor,0.9412,0.95,53,1254,22.661,3.9咖啡￥26/人 | B1,M Stand | 芒果凤梨系列上新 | 3.9咖啡￥26/人 | B1 | ￥27.57.3折 | ￥38 | 惠 | 【第一次喝】招牌特..,ocr/input_videos\上海__芮欧百货__20260825.mp4
OBS-000138,芮欧百货,ZESH芮欧百货,ZESH芮欧百货,服饰鞋包,4.2,,B1,rated,True,,rated,parsed,rating_anchor,0.9993,0.9992,52,1254,22.661,服饰鞋包 | 🌟🌟🌟🌟⭐ | B1 | 4.2,ZESH芮欧百货 | ZESH | 服饰鞋包 | 🌟🌟🌟🌟⭐ | B1 | 4.2,ocr/input_videos\上海__芮欧百货__20260825.mp4
OBS-000139,芮欧百货,Tamkoko泰柯茶园,Tamkoko泰柯茶园,茶饮果汁,3.9,21,B2,rated,True,,rated,parsed,rating_anchor,0.9754,0.9976,51,1254,22.661,★★★★3.9 | 茶饮果汁￥21/人 | B2,Tamkoko泰柯茶园 | Tiorkeko | Qinta | ★★★★3.9 | 茶饮果汁￥21/人 | B2 | 点评榜单 | 静安寺商圈饮品回头客榜第2名 | ￥18 | ￥16.9 | 9.4折 | 【经典OG】 | 甄选泰奶 | 惠,ocr/input_videos\上海__芮欧百货__20260825.mp4
OBS-000140,芮欧百货,星巴克,星巴克,咖啡,3.9,34,1F,rated,True,,rated,parsed,rating_anchor,0.9655,0.9993,61,1254,22.661,1F | 🌟🌟🌟🌟★ | 咖啡￥34/人 | 3.9,星巴克 | 1F | 🌟🌟🌟🌟★ | 咖啡￥34/人 | 3.9 | 希望多出新品，能有更多的优惠券” | 真茶真奶真爱你,ocr/input_videos\上海__芮欧百货__20260825.mp4
OBS-000141,芮欧百货,椿田熟成茶行,椿田熟成茶行,茶饮果汁,3.9,23,B2,rated,True,,rated,parsed,rating_anchor,0.98,0.9926,56,1276,23.059,🌟🌟🎉🌟⭐ | B2 | 茶饮果汁￥23/人 | 3.9,椿田熟成茶行 | 🌟🌟🎉🌟⭐ | B2 | 茶饮果汁￥23/人 | 3.9 | CHUNTIAN | 点评榜单 | 静安寺商圈饮品打卡人气榜第3名 | 椿热成养行 | ￥31.57.5折 | ￥42 | 【新品预售】黄油红... | 惠 | ￥36.8 | ￥4040元代金券 | 惠 | 9.2折,ocr/input_videos\上海__芮欧百货__20260825.mp4
OBS-000142,芮欧百货,MStand,MStand,咖啡,3.9,26,B1,rated,True,,rated,parsed,rating_anchor,0.9716,0.9967,52,1276,23.059,3.9咖啡￥26/人 | B1,MStand | 芒果凤梨系列上新 | 3.9咖啡￥26/人 | B1 | ￥38 | ￥27.57.3折 | 【第一次喝】招牌特. | 惠,ocr/input_videos\上海__芮欧百货__20260825.mp4
OBS-000143,芮欧百货,ZESH芮欧百货,ZESH芮欧百货,服饰鞋包,4.2,,B1,rated,True,,rated,parsed,rating_anchor,0.9984,0.9991,52,1276,23.059,🌟🌟🌟🎉⭐ | 4.2服饰鞋包 | B1,ZESH芮欧百货 | ZESH | 🌟🌟🌟🎉⭐ | 4.2服饰鞋包 | B1,ocr/input_videos\上海__芮欧百货__20260825.mp4
OBS-000144,芮欧百货,Tamkoko泰柯茶园,Tamkoko泰柯茶园,茶饮果汁,3.9,21,B2,rated,True,,rated,parsed,rating_anchor,0.9791,0.9985,54,1276,23.059,B2 | 茶饮果汁￥21/人 | ★★★★★ | 3.9,Tamkoko泰柯茶园 | Qing × extaeka | B2 | 茶饮果汁￥21/人 | ★★★★★ | 3.9 | 点评榜单 | 静安寺商圈饮品回头客榜第2名 | ￥18 | ￥16.99.4折 | 【经典OG】 | 1甄选泰奶 | 惠,ocr/input_videos\上海__芮欧百货__20260825.mp4
OBS-000145,芮欧百货,星巴克,星巴克,咖啡,3.9,34,1F,rated,True,,rated,parsed,rating_anchor,0.9774,0.9992,59,1276,23.059,1F | ★★★★★ | 3.9咖啡￥34/人,星巴克 | 1F | ★★★★★ | 3.9咖啡￥34/人 | 希望多出新品，能有更多的优惠券 | 5 | 真茶真奶真愛你,ocr/input_videos\上海__芮欧百货__20260825.mp4
OBS-000146,芮欧百货,Tamkoko泰柯茶园,Tamkoko泰柯茶园,茶饮果汁,3.9,21,B2,rated,True,,rated,parsed,rating_anchor,0.9706,0.998,54,1353,24.45,3.9茶饮果汁￥21/人 | B2,Tamkoko泰柯茶园 | 3.9茶饮果汁￥21/人 | B2 | 点评榜单 | 静安寺商圈饮品回头客榜第2名 | 惠￥16.99.4折 | ￥18 | 【经典OG】甄选泰奶,ocr/input_videos\上海__芮欧百货__20260825.mp4
OBS-000147,芮欧百货,星巴克,星巴克,咖啡,3.9,34,1F,rated,True,,rated,parsed,rating_anchor,0.9732,0.9997,65,1353,24.45,1F | 3.9咖啡￥34/人,星巴克 | 1F | 3.9咖啡￥34/人 | “希望多出新品，能有更多的优惠券” | 真茶真奶真愛你 | ￥59.97.7折 | ￥78 | 【爆款推荐】星巴克... | 惠,ocr/input_videos\上海__芮欧百货__20260825.mp4
OBS-000148,芮欧百货,STONE ISLAND,STONEISLAND,服装,4.2,4708,2F,rated,True,,rated,parsed,rating_anchor,0.9687,0.983,51,1353,24.45,4.2服装￥4708/人 | 2F,STONE ISLAND | 4.2服装￥4708/人 | 2F,ocr/input_videos\上海__芮欧百货__20260825.mp4
OBS-000149,芮欧百货,T9tea,T9tea,茶饮果汁,3.9,33,1F,rated,True,,rated,parsed,rating_anchor,0.977,0.9943,61,1353,24.45,3.9茶饮果汁￥33/人 | 1F,T9tea | OS.U | 一口，像冰淋在口中化开 | 3.9茶饮果汁￥33/人 | 1F | TY PREHIUM TEA | 惠￥547.2折 | ￥76 | 【8月上新第二杯半价....,ocr/input_videos\上海__芮欧百货__20260825.mp4
OBS-000150,芮欧百货,野人先生Gelato,野人先生Gelato,冰淇淋,,34,B2,new_store,False,new_store,ocr_missing,parsed,metadata_anchor,0.9732,0.999,58,1353,24.45,新店 | 冰淇淋￥34/人 | B2,野人先生Gelato | 山野 | 张瑰 | 新店 | 冰淇淋￥34/人 | B2 | GELATO | 鄂 | ￥38 | ￥369.5折 | 【任意拼】双拼口味冰.. | 惠,ocr/input_videos\上海__芮欧百货__20260825.mp4
OBS-000151,芮欧百货,星巴克,星巴克,咖啡,3.9,34,1F,rated,True,,rated,parsed,rating_anchor,0.9488,0.9995,66,1375,24.848,⭐3.9咖啡￥34/人 | 1F,星巴克 | ⭐3.9咖啡￥34/人 | 1F | “希望多出新品，能有更多的优惠券” | 真茶真奶真愛你 | ￥59.97.7折 | ￥78 | 【爆款推荐】星巴克.. | 惠,ocr/input_videos\上海__芮欧百货__20260825.mp4
OBS-000152,芮欧百货,STONE ISLAND,STONEISLAND,服装,4.2,4708,2F,rated,True,,rated,parsed,rating_anchor,0.9652,0.9801,48,1375,24.848,2F | 4.2服装￥4708/人,STONE ISLAND | 2F | 4.2服装￥4708/人,ocr/input_videos\上海__芮欧百货__20260825.mp4
OBS-000153,芮欧百货,T9tea,T9tea,茶饮果汁,3.9,33,1F,rated,True,,rated,parsed,rating_anchor,0.9714,0.9858,61,1375,24.848,3.9茶饮果汁￥33/人 | 1F,T9tea | CNI MITATCIC CNCNT | 一口，像冰测淋在口中化开 | 3.9茶饮果汁￥33/人 | 1F | TO PREMIUM IEA | ￥547.2折 | ￥76 | 【8月上新第二杯半价.. | 惠,ocr/input_videos\上海__芮欧百货__20260825.mp4
OBS-000154,芮欧百货,野人先生Gelato,野人先生Gelato,冰淇淋,,34,B2,new_store,False,new_store,ocr_missing,parsed,metadata_anchor,0.9716,0.9992,59,1375,24.848,新店 | 冰淇淋￥34/人 | B2,野人先生Gelato | CA | 山野 | 瑰 | 新店 | 冰淇淋￥34/人 | B2 | GELATO | 鄂 | ￥369.5折 | ￥38 | 【任意拼】双拼口味冰... | 惠,ocr/input_videos\上海__芮欧百货__20260825.mp4
OBS-000155,芮欧百货,PLEINE LUNE,PLEINELUNE,服饰鞋包,3.1,,4F,rated,True,,rated,parsed,rating_anchor,0.9409,0.9792,50,1375,24.848,⭐⭐⭐⭐3.1服饰鞋包 | 4F,PLEINE LUNE | PLEINE LUNE | RkS | ⭐⭐⭐⭐3.1服饰鞋包 | 4F,ocr/input_videos\上海__芮欧百货__20260825.mp4
OBS-000156,芮欧百货,星巴克,星巴克,咖啡,3.9,34,1F,rated,True,,rated,parsed,rating_anchor,0.9672,0.9991,62,1408,25.444,🌟🌟🌟🌟🌟 | 1F | 咖啡￥34/人 | 3.9,星巴克 | 🌟🌟🌟🌟🌟 | 1F | 咖啡￥34/人 | 3.9 | “希望多出新品，能有更多的优惠券” | 真茶真奶真愛你 | ￥59.9 | 7.7折 | ￥78 | 【爆款推荐】星巴克... | 惠,ocr/input_videos\上海__芮欧百货__20260825.mp4
OBS-000157,芮欧百货,STONE ISLAND,STONEISLAND,服装,4.2,4708,2F,rated,True,,rated,parsed,rating_anchor,0.9609,0.985,48,1408,25.444,⭐🌟⭐⭐ | 4.2服装￥4708/人 | 2F | ★,STONE ISLAND | ⭐🌟⭐⭐ | 4.2服装￥4708/人 | 2F | ★,ocr/input_videos\上海__芮欧百货__20260825.mp4
OBS-000158,芮欧百货,T9tea,T9tea,茶饮果汁,3.9,33,1F,rated,True,,rated,parsed,rating_anchor,0.982,0.9952,58,1408,25.444,3.9茶饮果汁￥33/人 | 1F,T9tea | CNSC | 一□，像冰消淋在口中化开 | 3.9茶饮果汁￥33/人 | 1F | TP PREMIUN TEA | ￥547.2折 | ￥76 | 【8月上新第二杯半价... | 惠,ocr/input_videos\上海__芮欧百货__20260825.mp4
OBS-000159,芮欧百货,野人先生Gelato,野人先生Gelato,冰淇淋,,34,B2,new_store,False,new_store,ocr_missing,parsed,metadata_anchor,0.9689,0.9994,59,1408,25.444,新店 | 冰淇淋￥34/人 | B2,野人先生Gelato | RBA | 山野 | 张瑰 | 新店 | 冰淇淋￥34/人 | B2 | GELATO | B | ￥369.5折 | ￥38 | 【任意拼】双拼口味冰... | 惠,ocr/input_videos\上海__芮欧百货__20260825.mp4
OBS-000160,芮欧百货,PLEINE LUNE,PLEINELUNE,服饰鞋包,3.1,,4F,rated,True,,rated,parsed,rating_anchor,0.9148,0.9865,48,1408,25.444,⭐⭐⭐⭐⭐3.1服饰鞋包 | 4F,PLEINE LUNE | PLEINE LUNE | 知 | ⭐⭐⭐⭐⭐3.1服饰鞋包 | 4F,ocr/input_videos\上海__芮欧百货__20260825.mp4
OBS-000161,芮欧百货,STONE ISLAND,STONEISLAND,服装,4.2,4708,2F,rated,True,,rated,parsed,rating_anchor,0.9726,0.9872,44,1463,26.438,🌟🌟🎉🎉 | 2F | 服装￥4708/人 | 4.2 | ★,STONE ISLAND | 🌟🌟🎉🎉 | 2F | 服装￥4708/人 | 4.2 | ★,ocr/input_videos\上海__芮欧百货__20260825.mp4
OBS-000162,芮欧百货,T9tea,T9tea,茶饮果汁,3.9,33,1F,rated,True,,rated,parsed,rating_anchor,0.979,0.9973,54,1463,26.438,🌟🌟🌟🌟⭐3.9 | 1F | 茶饮果汁￥33/人,T9tea | 一□，晚冰消淋在□中化开 | 🌟🌟🌟🌟⭐3.9 | 1F | 茶饮果汁￥33/人 | TP PREMIUM TEA | ￥547.2折 | ￥76 | 惠 | 【8月上新第二杯半价..,ocr/input_videos\上海__芮欧百货__20260825.mp4
OBS-000163,芮欧百货,野人先生Gelato,野人先生Gelato,冰淇淋,,34,B2,new_store,False,new_store,ocr_missing,parsed,metadata_anchor,0.9679,0.9991,57,1463,26.438,新店 | 冰淇淋￥34/人 | B2,野人先生Gelato | MA | 山野 | 跃瑰 | 新店 | 冰淇淋￥34/人 | B2 | GELATO | S | ￥369.5折 | ￥38 | 【任意拼】双拼口味冰.. | 惠,ocr/input_videos\上海__芮欧百货__20260825.mp4
OBS-000164,芮欧百货,PLEINE LUNE,PLEINELUNE,服饰鞋包,3.1,,4F,rated,True,,rated,parsed,rating_anchor,0.989,0.9834,45,1463,26.438,🌟★🌟★⭐ | 3.1服饰鞋包 | 4F,PLEINE LUNE | PLEINE LUNE | F | 🌟★🌟★⭐ | 3.1服饰鞋包 | 4F,ocr/input_videos\上海__芮欧百货__20260825.mp4
OBS-000165,芮欧百货,0566咖啡製作所·称賣店,0566咖啡制作所·称卖店,咖啡,4.4,58,1F,rated,True,,rated,parsed,rating_anchor,0.9683,0.9914,61,1463,26.438,🌟🌟🎉🎉 | 1F | 咖啡￥58/人 | 4.4,0566咖啡製作所·称賣店 | 0566 | 🌟🌟🎉🎉 | 1F | 咖啡￥58/人 | 4.4 | SPECIALTY CDFFEE BOUTIQUE | 点评榜单 | 静安寺商圈咖啡打卡人气榜第2名 | ￥96瑰夏序曲意式单人套餐 | ￥91 | 9.5折 | 惠,ocr/input_videos\上海__芮欧百货__20260825.mp4
OBS-000166,芮欧百货,STONE ISLAND,STONEISLAND,服装,4.2,4708,2F,rated,True,,rated,parsed,rating_anchor,0.9728,0.9867,44,1507,27.233,2F | 🌟🌟🌟⭐⭐ | 服装￥4708/人 | 4.2,STONE ISLAND | 2F | 🌟🌟🌟⭐⭐ | 服装￥4708/人 | 4.2,ocr/input_videos\上海__芮欧百货__20260825.mp4
OBS-000167,芮欧百货,T9tea,T9tea,茶饮果汁,3.9,33,1F,rated,True,,rated,parsed,rating_anchor,0.9785,0.9982,56,1507,27.233,⭐🌟⭐🌟⭐3.9 | 1F | 茶饮果汁￥33/人,T9tea | 一□，晚冰消淋在□中化开 | ⭐🌟⭐🌟⭐3.9 | 1F | 茶饮果汁￥33/人 | TP PREMIUM TEA | ￥547.2折 | 惠 | ￥76 | 【8月上新第二杯半价..,ocr/input_videos\上海__芮欧百货__20260825.mp4
OBS-000168,芮欧百货,野人先生Gelato,野人先生Gelato,冰淇淋,,34,B2,new_store,False,new_store,ocr_missing,parsed,metadata_anchor,0.9677,0.9993,57,1507,27.233,新店 | 冰淇淋￥34/人 | B2,野人先生Gelato | A | 山野 | 张现 | 新店 | 冰淇淋￥34/人 | B2 | GELATO | 鄂 | ￥369.5折 | ￥38 | 【任意拼】双拼口味冰.. | 惠,ocr/input_videos\上海__芮欧百货__20260825.mp4
OBS-000169,芮欧百货,PLEINE LUNE,PLEINELUNE,服饰鞋包,3.1,,4F,rated,True,,rated,parsed,rating_anchor,0.9892,0.9837,45,1507,27.233,⭐🌟⭐⭐⭐ | 3.1服饰鞋包 | 4F,PLEINE LUNE | PLEINE LUNE | FM | ⭐🌟⭐⭐⭐ | 3.1服饰鞋包 | 4F,ocr/input_videos\上海__芮欧百货__20260825.mp4
OBS-000170,芮欧百货,0566咖啡製作所·称賣店,0566咖啡制作所·称卖店,咖啡,4.4,58,1F,rated,True,,rated,parsed,rating_anchor,0.9801,0.9918,58,1507,27.233,1F | 4.4咖啡￥58/人 | 🌟🌟🌟🎉,0566咖啡製作所·称賣店 | 0566 | 1F | 4.4咖啡￥58/人 | 🌟🌟🌟🎉 | SPECIALTY CDFFEE BCUTIQUE | 点评榜单 | 静安寺商圈咖啡打卡人气榜第2名 | ￥91 | 9.5折 | ￥96瑰夏序曲意式单人套餐 | 惠,ocr/input_videos\上海__芮欧百货__20260825.mp4
OBS-000171,芮欧百货,PLEINE LUNE,PLEINELUNE,服饰鞋包,3.1,,4F,rated,True,,rated,parsed,rating_anchor,0.9916,0.9846,47,1617,29.221,3.1服饰鞋包 | ⭐🌟⭐ | 4F | ★★,PLEINE LUNE | PLEINE LUNE | Rks | 3.1服饰鞋包 | ⭐🌟⭐ | 4F | ★★,ocr/input_videos\上海__芮欧百货__20260825.mp4
OBS-000172,芮欧百货,0566咖啡製作所·称賣店,0566咖啡制作所·称卖店,咖啡,4.4,58,1F,rated,True,,rated,parsed,rating_anchor,0.9777,0.9909,57,1617,29.221,🌟🌟⭐ | 1F | 4.4咖啡￥58/人 | ★,0566咖啡製作所·称賣店 | 0566 | 🌟🌟⭐ | 1F | 4.4咖啡￥58/人 | ★ | SPECIALTY COFFEE BOUTIQUE | 点评榜单 | 静安寺商圈咖啡打卡人气榜第2名 | ￥919.5折 | ￥96瑰夏序曲意式单人套餐 | 惠,ocr/input_videos\上海__芮欧百货__20260825.mp4
OBS-000173,芮欧百货,namedcup小杯子咖啡,namedcup小杯子咖啡,咖啡,4.3,24,5F,rated,True,,rated,parsed,rating_anchor,0.9722,0.9905,60,1617,29.221,4.3咖啡￥24/人 | 5F | 🌟🌟🌟🎉 | ★,namedcup小杯子咖啡 | 4.3咖啡￥24/人 | 5F | 🌟🌟🌟🎉 | ★ | ￥60 | ￥33.755.7折 | 【暖冬】香烤榛果/.. | 惠,ocr/input_videos\上海__芮欧百货__20260825.mp4
OBS-000174,芮欧百货,MAISON KITSUNE,MAISONKITSUNE,服装,3.4,,2F,rated,True,,rated,parsed,rating_anchor,0.948,0.9848,48,1617,29.221,⭐⭐3.4服装 | 2F,MAISON KITSUNE | ⭐⭐3.4服装 | 2F,ocr/input_videos\上海__芮欧百货__20260825.mp4
OBS-000175,芮欧百货,Pierre Marcolini,PierreMarcolini,甜品,4.3,156,1F,rated,True,,rated,parsed,rating_anchor,0.9729,0.9971,52,1617,29.221,1F | 🌟🌟🌟🌟 | 甜品￥156/人 | 4.3 | ★,Pierre Marcolini | $\ra}$ | 1F | 🌟🌟🌟🌟 | 甜品￥156/人 | 4.3 | ★ | 点评榜单 | 静安寺商圈甜品环境榜第10名 | PIERRE MARCOLINI | DRUBSCLS | ￥406 | ￥324 | 【爆款特惠】马卡龙... | 惠 | 8折,ocr/input_videos\上海__芮欧百货__20260825.mp4
OBS-000176,芮欧百货,PLEINE LUNE,PLEINELUNE,服饰鞋包,3.1,,4F,rated,True,,rated,parsed,rating_anchor,0.9182,0.9814,53,1628,29.42,⭐⭐⭐3.1服饰鞋包 | 4F,PLEINE LUNE | PLEINE LUNE | Paa | ⭐⭐⭐3.1服饰鞋包 | 4F,ocr/input_videos\上海__芮欧百货__20260825.mp4
OBS-000177,芮欧百货,0566咖啡製作所·称賣店,0566咖啡制作所·称卖店,咖啡,4.4,58,1F,rated,True,,rated,parsed,rating_anchor,0.9635,0.9903,58,1628,29.42,1F | ⭐🌟🌟⭐ | 咖啡￥58/人 | 4.4,0566咖啡製作所·称賣店 | 0566 | 1F | ⭐🌟🌟⭐ | 咖啡￥58/人 | 4.4 | SPECIALTY COFFEE BOUTIQUE | 点评榜单 | 静安寺商圈咖啡打卡人气榜第2名 | ￥91 | 9.5折 | ￥96瑰夏序曲意式单人套餐 | 惠,ocr/input_videos\上海__芮欧百货__20260825.mp4
OBS-000178,芮欧百货,namedcup小杯子咖啡,namedcup小杯子咖啡,咖啡,4.3,24,5F,rated,True,,rated,parsed,rating_anchor,0.9455,0.999,61,1628,29.42,⭐4.3咖啡￥24/人 | 5F,namedcup小杯子咖啡 | ⭐4.3咖啡￥24/人 | 5F | ￥33.755.7折 | ￥60 | 【暖冬】香烤榛果/... | 惠,ocr/input_videos\上海__芮欧百货__20260825.mp4
OBS-000179,芮欧百货,MAISON KITSUNE,MAISONKITSUNE,服装,3.4,,2F,rated,True,,rated,parsed,rating_anchor,0.8801,0.9838,48,1628,29.42,⭐🌟⭐⭐⭐3.4 服装 | 2F,MAISON KITSUNE | ⭐🌟⭐⭐⭐3.4 服装 | 2F,ocr/input_videos\上海__芮欧百货__20260825.mp4
OBS-000180,芮欧百货,Pierre Marcolini,PierreMarcolini,甜品,4.3,156,1F,rated,True,,rated,parsed,rating_anchor,0.9734,0.9933,54,1628,29.42,甜品￥156/人 | 1F | ⭐🌟🌟⭐ | 4.3,Pierre Marcolini | $r$ | 甜品￥156/人 | 1F | ⭐🌟🌟⭐ | 4.3 | 点评榜单 | 静安寺商圈甜品环境榜第10名 | PIERRE MARCOLINI | RUELS | ￥3248折 | ￥406 | 惠 | 【爆款特惠】马卡龙.,ocr/input_videos\上海__芮欧百货__20260825.mp4
OBS-000181,芮欧百货,PLEINE LUNE,PLEINELUNE,服饰鞋包,3.1,,4F,rated,True,,rated,parsed,rating_anchor,0.9444,0.9509,51,1661,30.016,⭐3.1服饰鞋包 | 4F,PLEINE LUNE | PLEINE LUNE | Pms | ⭐3.1服饰鞋包 | 4F,ocr/input_videos\上海__芮欧百货__20260825.mp4
OBS-000182,芮欧百货,0566咖啡製作所·称賣店,0566咖啡制作所·称卖店,咖啡,4.4,58,1F,rated,True,,rated,parsed,rating_anchor,0.9757,0.9904,61,1661,30.016,🌟🌟🎉⭐🌟 | 1F | 4.4咖啡￥58/人,0566咖啡製作所·称賣店 | 0566 | 🌟🌟🎉⭐🌟 | 1F | 4.4咖啡￥58/人 | SPECIALTY COFFEE BOUTIQUE | 点评榜单 | 静安寺商圈咖啡打卡人气榜第2名 | ￥919.5折 | ￥96瑰夏序曲意式单人套餐 | 惠,ocr/input_videos\上海__芮欧百货__20260825.mp4
OBS-000183,芮欧百货,namedcup小杯子咖啡,namedcup小杯子咖啡,咖啡,4.3,24,5F,rated,True,,rated,parsed,rating_anchor,0.9828,0.9992,65,1661,30.016,4.3咖啡￥24/人 | 5F | 🌟🌟🌟🌟 | ⭐,namedcup小杯子咖啡 | 4.3咖啡￥24/人 | 5F | 🌟🌟🌟🌟 | ⭐ | ￥60 | ￥33.755.7折 | 【暖冬】香烤榛果/.. | 惠,ocr/input_videos\上海__芮欧百货__20260825.mp4
OBS-000184,芮欧百货,MAISON KITSUNE,MAISONKITSUNE,服装,3.4,,2F,rated,True,,rated,parsed,rating_anchor,0.9371,0.9753,51,1661,30.016,⭐⭐3.4服装 | 2F,MAISON KITSUNE | ⭐⭐3.4服装 | 2F,ocr/input_videos\上海__芮欧百货__20260825.mp4
OBS-000185,芮欧百货,Pierre Marcolini,PierreMarcolini,甜品,4.3,156,1F,rated,True,,rated,parsed,rating_anchor,0.9755,0.9964,51,1661,30.016,1F | 甜品￥156/人 | 🌟🌟🌟🎉 | 4.3,Pierre Marcolini | \r$ | 1F | 甜品￥156/人 | 🌟🌟🌟🎉 | 4.3 | 点评榜单 | 静安寺商圈甜品环境榜第10名 | PIERRE MARCOLINI | BNUSBELB | ￥3248折 | ￥406 | 惠 | 【爆款特惠】马卡龙..,ocr/input_videos\上海__芮欧百货__20260825.mp4
OBS-000186,芮欧百货,PLEINE LUNE,PLEINELUNE,服饰鞋包,3.1,,4F,rated,True,,rated,parsed,rating_anchor,0.9326,0.9365,51,1694,30.612,⭐⭐⭐3.1服饰鞋包 | 4F,PLEINE LUNE | PLEINE LUNE | Pah | ⭐⭐⭐3.1服饰鞋包 | 4F,ocr/input_videos\上海__芮欧百货__20260825.mp4
OBS-000187,芮欧百货,0566咖啡製作所·称賣店,0566咖啡制作所·称卖店,咖啡,4.4,58,1F,rated,True,,rated,parsed,rating_anchor,0.977,0.9892,61,1694,30.612,1F | 4.4咖啡￥58/人 | 🌟🌟🌟🌟,0566咖啡製作所·称賣店 | 0566 | 1F | 4.4咖啡￥58/人 | 🌟🌟🌟🌟 | SPECIALTY COFFEE BOUTIQUE | 点评榜单 | 静安寺商圈咖啡打卡人气榜第2名 | ￥919.5折 | ￥96瑰夏序曲意式单人套餐 | 惠,ocr/input_videos\上海__芮欧百货__20260825.mp4
OBS-000188,芮欧百货,namedcup小杯子咖啡,namedcup小杯子咖啡,咖啡,4.3,24,5F,rated,True,,rated,parsed,rating_anchor,0.9759,0.9982,60,1694,30.612,5F | 4.3咖啡￥24/人,namedcup小杯子咖啡 | 5F | 4.3咖啡￥24/人 | ￥33.755.7折 | ￥60 | 【暖冬】香烤榛果/.. | 惠,ocr/input_videos\上海__芮欧百货__20260825.mp4
OBS-000189,芮欧百货,MAISON KITSUNE,MAISONKITSUNE,服装,3.4,,2F,rated,True,,rated,parsed,rating_anchor,0.8938,0.9757,53,1694,30.612,🌟⭐⭐3.4服装 | 2F,MAISON KITSUNE | 🌟⭐⭐3.4服装 | 2F,ocr/input_videos\上海__芮欧百货__20260825.mp4
OBS-000190,芮欧百货,Pierre Marcolini,PierreMarcolini,甜品,4.3,156,1F,rated,True,,rated,parsed,rating_anchor,0.9826,0.9966,51,1694,30.612,1F | 🌟🌟⭐ | 4.3甜品￥156/人 | ★,Pierre Marcolini | $\rc}$ | 1F | 🌟🌟⭐ | 4.3甜品￥156/人 | ★ | 点评榜单 | 静安寺商圈甜品环境榜第10名 | PIERRE MARCOLINI | BRUSAELR | ￥3248折 | ￥406 | 【爆款特惠】马卡龙. | 惠,ocr/input_videos\上海__芮欧百货__20260825.mp4
OBS-000191,芮欧百货,Pierre Marcolini,PierreMarcolini,甜品,4.3,156,1F,rated,True,,rated,parsed,rating_anchor,0.9742,0.9941,47,1727,31.209,1F | 🌟🌟⭐⭐ | 甜品￥156/人 | 4.3 | ★,Pierre Marcolini | \r$ | 1F | 🌟🌟⭐⭐ | 甜品￥156/人 | 4.3 | ★ | 点评榜单 | 静安寺商圈甜品环境榜第10名 | PIERRE MARCOLINI | DRUSSCLS | ￥3248折 | ￥406 | 惠 | 【爆款特惠】马卡龙.,ocr/input_videos\上海__芮欧百货__20260825.mp4
OBS-000192,芮欧百货,观甜·厝内野果甜汤,观甜·厝内野果甜汤,甜品,3.9,27,B2,rated,True,,rated,parsed,rating_anchor,0.9665,0.9883,55,1727,31.209,甜品￥27/人 | 🌟★★★ | B2 | 3.9,观甜·厝内野果甜汤 | 观甜·厝内 | OUANTIAN | 甜品￥27/人 | 🌟★★★ | B2 | 3.9 | 野果出汤 | 点评榜单 | 静安寺商圈甜品回头客榜第6名 | ￥0.01 | 0.1折 | 惠 | 【任意消费】收藏打. | ￥4,ocr/input_videos\上海__芮欧百货__20260825.mp4
OBS-000193,芮欧百货,Marimekko,Marimekko,服装,3.9,,B1,rated,True,,rated,parsed,rating_anchor,0.9992,0.9988,51,1727,31.209,🌟🌟🌟3.9 | 服装 | B1,Marimekko | mamtme20o | 🌟🌟🌟3.9 | 服装 | B1 | 4EXO | 花叉叉色系夺目，设计感十足 | “,ocr/input_videos\上海__芮欧百货__20260825.mp4
OBS-000194,芮欧百货,JE&JO新鮮意面,JE&JO新鲜意面,面馆,,59,B2,new_store,False,new_store,ocr_missing,parsed,metadata_anchor,0.939,0.9328,55,1727,31.209,新店 | 面馆￥59/人 | B2,JE&JO新鮮意面 | TEaO | Masta | JERT0 | 新鲜开业啦！ | 新店 | 面馆￥59/人 | B2 | ￥77 | ￥113单人健康餐 | 6.9折 | 惠,ocr/input_videos\上海__芮欧百货__20260825.mp4
OBS-000195,芮欧百货,FOURNIL福你有,FOURNIL福你有,焦,3.9,42,B2,rated,True,,rated,parsed,rating_anchor,0.9132,0.9784,52,1727,31.209,B2 | ★★★★★ | 面包蛋糕 | 焦￥42/人 | 3.9,FOURNIL福你有 | B2 | ★★★★★ | 面包蛋糕 | 焦￥42/人 | 3.9 | 1 | 点评榜单 | 静安寺商圈面包蛋糕销量榜第5名 | FURN1L | BAKERY&COFFEE,ocr/input_videos\上海__芮欧百货__20260825.mp4
OBS-000196,芮欧百货,Pierre Marcolini,PierreMarcolini,甜品,4.3,156,1F,rated,True,,rated,parsed,rating_anchor,0.9648,0.9748,53,1749,31.606,🌟🌟⭐⭐ | 甜品￥156/人 | 1F | 4.3,Pierre Marcolini | $\rc}$ | 🌟🌟⭐⭐ | 甜品￥156/人 | 1F | 4.3 | 点评榜单 | 静安寺商圈甜品环境榜第10名 | PIERRE MARCOLINI | DRUSSCLS | ￥406 | ￥3248折 | 惠 | 【爆款特惠】马卡龙...,ocr/input_videos\上海__芮欧百货__20260825.mp4
OBS-000197,芮欧百货,观甜·厝内野果甜汤,观甜·厝内野果甜汤,甜品,3.9,27,B2,rated,True,,rated,parsed,rating_anchor,0.9607,0.9861,54,1749,31.606,甜品￥27/人 | B2 | 🌟🌟🌟🌟🌟 | 3.9,观甜·厝内野果甜汤 | 观甜·厝内 | OUANTIAN | 甜品￥27/人 | B2 | 🌟🌟🌟🌟🌟 | 3.9 | 财果出汤 | 点评榜单 | 静安寺商圈甜品回头客榜第6名 | ￥0.01 | 【任意消费】收藏打.. | 0.1折 | ￥4 | 惠,ocr/input_videos\上海__芮欧百货__20260825.mp4
OBS-000198,芮欧百货,Marimekko,Marimekko,服装,3.9,,B1,rated,True,,rated,parsed,rating_anchor,0.9967,0.9989,51,1749,31.606,⭐🌟🌟🌟🌟 | 3.9服装 | B1,Marimekko | maytmc20xe | ⭐🌟🌟🌟🌟 | 3.9服装 | B1 | 花叉叉色系夺目，设计感十” | C,ocr/input_videos\上海__芮欧百货__20260825.mp4
OBS-000199,芮欧百货,JE&JO新鮮意面,JE&JO新鲜意面,面馆,,59,B2,new_store,False,new_store,ocr_missing,parsed,metadata_anchor,0.9457,0.9455,55,1749,31.606,新店 | B2 | 面馆￥59/人,"JE&JO新鮮意面 | IEnJO | Saste | ""JERTO | 新鲜开业啦！ | 新店 | B2 | 面馆￥59/人 | ￥776.9折 | ￥113单人健康餐 | 惠",ocr/input_videos\上海__芮欧百货__20260825.mp4
OBS-000200,芮欧百货,FOURNIL福你有,FOURNIL福你有,面包蛋糕,3.9,42,B2,rated,True,,rated,parsed,rating_anchor,0.9742,0.99,52,1749,31.606,🌟🌟🌟🌟⭐ | 面包蛋糕￥42/人 | B2 | 3.9,FOURNIL福你有 | 🌟🌟🌟🌟⭐ | 面包蛋糕￥42/人 | B2 | 3.9 | 点评榜单 | 静安寺商圈面包蛋糕销量榜第5名 | FURN1L | BAKERY&COFSEE,ocr/input_videos\上海__芮欧百货__20260825.mp4
OBS-000201,芮欧百货,JE&JO新鮮意面,JE&JO新鲜意面,面馆,,59,B2,new_store,False,new_store,ocr_missing,parsed,metadata_anchor,0.9301,0.9122,55,1837,33.197,新店 | 面馆￥59/人 | B2,JE&JO新鮮意面 | IEa1O | Makte | JExJO上 | 新鲜开业啦！ | 新店 | 面馆￥59/人 | B2 | 惠 | ￥77 | 6.9折 | ￥113单人健康餐,ocr/input_videos\上海__芮欧百货__20260825.mp4
OBS-000202,芮欧百货,FOURNIL福你有,FOURNIL福你有,面包蛋糕,3.9,42,B2,rated,True,,rated,parsed,rating_anchor,0.9824,0.999,61,1837,33.197,★★★★🌟 | 面包蛋糕￥42/人 | B2 | 3.9,FOURNIL福你有 | ★★★★🌟 | 面包蛋糕￥42/人 | B2 | 3.9 | 点评榜单 | 静安寺商圈面包蛋糕销量榜第5名 | FURN1L | BAKERY&COFFEE | ￥10.5 | ￥12招牌胡萝卜碱水球(... | 8.8折 | 惠,ocr/input_videos\上海__芮欧百货__20260825.mp4
OBS-000203,芮欧百货,Toteme,Toteme,服饰鞋包,3.7,,2F,rated,True,,rated,parsed,rating_anchor,0.9566,0.9995,57,1837,33.197,2F | ⭐⭐3.7服饰鞋包,Toteme | 2F | ⭐⭐3.7服饰鞋包,ocr/input_videos\上海__芮欧百货__20260825.mp4
OBS-000204,芮欧百货,阿不就·台湾食堂,阿不就·台湾食堂,快餐简餐,3.7,42,B2,rated,True,,rated,parsed,rating_anchor,0.9727,0.9757,58,1837,33.197,B2 | 快餐简餐￥42/人 | ★★★★★ | 3.7,阿不就·台湾食堂 | 阿不就 | 学食 | B2 | 快餐简餐￥42/人 | ★★★★★ | 3.7 | A服行 | 具金卤肉馆 | 点评榜单 | 静安寺商圈小吃快餐打卡人气榜第7名 | ￥108 | ￥158阿不就台式经典2人.. | 6.9折 | 惠 | ￥95 | ￥100100元代金券 | 9.5折 | 惠,ocr/input_videos\上海__芮欧百货__20260825.mp4
OBS-000205,芮欧百货,勝博殿·日式炸豬排,胜博殿·日式炸猪排,日式简餐/,3.9,101,B2,rated,True,,rated,parsed,rating_anchor,0.9306,0.9388,54,1837,33.197,￥101/人B2 | ⭐3.9日式简餐/,勝博殿·日式炸豬排 | ￥101/人B2 | ⭐3.9日式简餐/ | 惠￥1308.7折 | ￥150 | 【尝鲜】伊比利亚,ocr/input_videos\上海__芮欧百货__20260825.mp4
OBS-000206,芮欧百货,FOURNIL福你有,FOURNIL福你有,面包蛋糕,3.9,42,B2,rated,True,,rated,parsed,rating_anchor,0.9765,0.9987,58,1870,33.793,⭐🌟🌟🌟🌟 | 面包蛋糕￥42/人 | B2 | 3.9,FOURNIL福你有 | ⭐🌟🌟🌟🌟 | 面包蛋糕￥42/人 | B2 | 3.9 | 点评榜单 | 静安寺商圈面包蛋糕销量榜第5名 | FURN1L | BAKERY&COFSEE | ￥12招牌胡萝卜碱水球(.….. | 惠 | ￥10.5 | 8.8折,ocr/input_videos\上海__芮欧百货__20260825.mp4
OBS-000207,芮欧百货,Toteme,Toteme,服饰鞋包,3.7,,2F,rated,True,,rated,parsed,rating_anchor,0.9954,0.9995,56,1870,33.793,2F | 3.7服饰鞋包,Toteme | 2F | 3.7服饰鞋包,ocr/input_videos\上海__芮欧百货__20260825.mp4
OBS-000208,芮欧百货,阿不就·台湾食堂,阿不就·台湾食堂,快餐简餐,3.7,42,B2,rated,True,,rated,parsed,rating_anchor,0.9724,0.967,59,1870,33.793,🌟🌟🌟🌟🌟 | B2 | 3.7快餐简餐￥42/人,阿不就·台湾食堂 | 阿不就 | 🌟🌟🌟🌟🌟 | B2 | 3.7快餐简餐￥42/人 | 周鱼卤岗运 | 点评榜单 | 静安寺商圈小吃快餐打卡人气榜第7名 | ￥1086.9折 | ￥158阿不就台式经典2人.. | 惠 | ￥959.5折 | 惠 | ￥100100元代金券,ocr/input_videos\上海__芮欧百货__20260825.mp4
OBS-000209,芮欧百货,勝博殿·日式炸豬排,胜博殿·日式炸猪排,日式简餐/..,3.9,101,B2,rated,True,,rated,parsed,rating_anchor,0.87,0.9511,61,1870,33.793,⭐✨3.9日式简餐/.. | ￥101/人B2,勝博殿·日式炸豬排 | ⭐✨3.9日式简餐/.. | ￥101/人B2 | ￥150 | ￥1308.7折 | 【尝鲜】伊比利亚... | 惠,ocr/input_videos\上海__芮欧百货__20260825.mp4
OBS-000210,芮欧百货,FOURNIL福你有,FOURNIL福你有,面包蛋糕,3.9,42,B2,rated,True,,rated,parsed,rating_anchor,0.9763,0.9986,58,1903,34.389,B2 | 🌟🌟🌟🌟🌟 | 面包蛋糕￥42/人 | 3.9,FOURNIL福你有 | B2 | 🌟🌟🌟🌟🌟 | 面包蛋糕￥42/人 | 3.9 | 点评榜单 | 静安寺商圈面包蛋糕销量榜第5名 | FURN1L | BAKERY&COFSEE | ￥12招牌胡萝卜碱水球(.…. | 8.8折 | ￥10.5 | 惠,ocr/input_videos\上海__芮欧百货__20260825.mp4
OBS-000211,芮欧百货,Toteme,Toteme,服饰鞋包,3.7,,2F,rated,True,,rated,parsed,rating_anchor,0.9645,0.9995,54,1903,34.389,2F | ⭐3.7服饰鞋包,Toteme | 2F | ⭐3.7服饰鞋包,ocr/input_videos\上海__芮欧百货__20260825.mp4
OBS-000212,芮欧百货,阿不就·台湾食堂,阿不就·台湾食堂,快餐简餐,3.7,42,B2,rated,True,,rated,parsed,rating_anchor,0.9687,0.967,59,1903,34.389,🌟🌟🌟🌟🌟 | 3.7快餐简餐￥42/人 | B2,阿不就·台湾食堂 | 阿不就 | 🌟🌟🌟🌟🌟 | 3.7快餐简餐￥42/人 | B2 | 周鱼卤岗运 | 点评榜单 | 静安寺商圈小吃快餐打卡人气榜第7名 | ￥1086.9折 | ￥158阿不就台式经典2人. | 惠 | ￥959.5折 | 惠 | ￥100100元代金券,ocr/input_videos\上海__芮欧百货__20260825.mp4
OBS-000213,芮欧百货,勝博殿·日式炸豬排,胜博殿·日式炸猪排,日式简餐/..,3.9,101,B2,rated,True,,rated,parsed,rating_anchor,0.928,0.9589,61,1903,34.389,3.9日式简餐/.. | ￥101/人B2 | 🌟🌟🌟🌟🌟,勝博殿·日式炸豬排 | 3.9日式简餐/.. | ￥101/人B2 | 🌟🌟🌟🌟🌟 | ￥150 | ￥1308.7折 | 【尝鲜】伊比利亚.. | 惠,ocr/input_videos\上海__芮欧百货__20260825.mp4
OBS-000214,芮欧百货,loteme,loteme,服饰鞋包,3.7,,2F,rated,True,,rated,parsed,rating_anchor,0.9958,0.9922,41,1958,35.383,⭐🌟🌟3.7 | 2F | 服饰鞋包,loteme | ⭐🌟🌟3.7 | 2F | 服饰鞋包,ocr/input_videos\上海__芮欧百货__20260825.mp4
OBS-000215,芮欧百货,阿不就·台湾食堂,阿不就·台湾食堂,快餐简餐,3.7,42,B2,rated,True,,rated,parsed,rating_anchor,0.9772,0.9778,60,1958,35.383,B2 | 🌟🌟🌟🌟 | 3.7快餐简餐￥42/人,阿不就·台湾食堂 | 阿不就 | 台湾食业 | B2 | 🌟🌟🌟🌟 | 3.7快餐简餐￥42/人 | 具全卤肉馆 | 点评榜单 | 静安寺商圈小吃快餐打卡人气榜第7名 | ￥1086.9折 | ￥158阿不就台式经典2人.. | 惠 | ￥95 | ￥100100元代金券 | 9.5折 | 惠,ocr/input_videos\上海__芮欧百货__20260825.mp4
OBS-000216,芮欧百货,勝博殿·日式炸猪排,胜博殿·日式炸猪排,日式简餐/.,3.9,101,B2,rated,True,,rated,parsed,rating_anchor,0.9239,0.9336,53,1958,35.383,￥101/人B2 | 3.9日式简餐/.,勝博殿·日式炸猪排 | ￥101/人B2 | 3.9日式简餐/. | ￥150 | ￥1308.7折 | 【尝鲜】伊比利亚. | 惠,ocr/input_videos\上海__芮欧百货__20260825.mp4
OBS-000217,芮欧百货,a MATTER of DESIGN,aMATTERofDESIGN,成品家具,3.9,2824,4F,rated,True,,rated,parsed,rating_anchor,0.9431,0.9334,55,1958,35.383,3.9成品家具￥2824/人 | 4F,a MATTER of DESIGN | 3.9成品家具￥2824/人 | 4F | 熔岩灯如梦如幻，香薰系列淡雅高级,ocr/input_videos\上海__芮欧百货__20260825.mp4
OBS-000218,芮欧百货,M'CAKE,M'CAKE,甜品,4.2,141,B2,rated,True,,rated,parsed,rating_anchor,0.9704,0.9761,55,1958,35.383,🌟🌟🎉🎉 | B2 | 4.2甜品￥141/人 | ★,M'CAKE | MCAKE | 茶歇小蛋糕上新 | 🌟🌟🎉🎉 | B2 | 4.2甜品￥141/人 | ETITCHTEU UEIMAUITIE | ★ | ￥1299.4折 | ￥138 | 招牌拿破仑3选1(4... | 惠 | ￥95 | 惠 | 9.5折 | ￥100100元代金券,ocr/input_videos\上海__芮欧百货__20260825.mp4
OBS-000219,芮欧百货,阿不就·台湾食堂,阿不就·台湾食堂,快餐简餐,3.7,42,B2,rated,True,,rated,parsed,rating_anchor,0.9693,0.9587,55,1980,35.781,🌟🌟⭐🌟⭐ | B2 | 3.7快餐简餐￥42/人,阿不就·台湾食堂 | 阿不就 | 台湾食堂 | 🌟🌟⭐🌟⭐ | B2 | 3.7快餐简餐￥42/人 | AR4U | 具全卤肉馆 | 点评榜单 | 静安寺商圈小吃快餐打卡人气榜第7名 | ￥1086.9折 | ￥158阿不就台式经典2人.. | 惠 | ￥95 | 9.5折 | ￥100100元代金券 | 惠,ocr/input_videos\上海__芮欧百货__20260825.mp4
OBS-000220,芮欧百货,勝博殿·日式炸豬排,胜博殿·日式炸猪排,日式简餐/.,3.9,101,B2,rated,True,,rated,parsed,rating_anchor,0.9115,0.9231,51,1980,35.781,⭐⭐⭐3.9日式简餐/. | ￥101/人B2,勝博殿·日式炸豬排 | ⭐⭐⭐3.9日式简餐/. | ￥101/人B2 | ￥1308.7折 | 【尝鲜】伊比利亚. | ￥150 | 惠,ocr/input_videos\上海__芮欧百货__20260825.mp4
OBS-000221,芮欧百货,a MATTER of DESIGN,aMATTERofDESIGN,成品家具,3.9,2824,4F,rated,True,,rated,parsed,rating_anchor,0.9514,0.9337,50,1980,35.781,🌟🌟3.9 | 4F | 成品家具￥2824/人,a MATTER of DESIGN | 🌟🌟3.9 | 4F | 成品家具￥2824/人 | 熔岩灯如梦如幻，香薰系列淡雅高级,ocr/input_videos\上海__芮欧百货__20260825.mp4
OBS-000222,芮欧百货,M'CAKE,M'CAKE,甜品,4.2,141,B2,rated,True,,rated,parsed,rating_anchor,0.9728,0.9837,50,1980,35.781,🌟🌟🎉⭐ | B2 | 4.2甜品￥141/人 | ★,M'CAKE | MCAKE | 茶歇小蛋糕上新 | 🌟🌟🎉⭐ | B2 | 4.2甜品￥141/人 | PEEITCHTEU UEIMAUETIE | ★ | ￥138招牌拿破仑3选1(4.. | ￥1299.4折 | 惠 | ￥959.5折 | ￥100100元代金券 | 惠,ocr/input_videos\上海__芮欧百货__20260825.mp4
OBS-000223,芮欧百货,勝博殿·日式炸豬排,胜博殿·日式炸猪排,日式简餐/.,3.9,101,B2,rated,True,,rated,parsed,rating_anchor,0.9201,0.9463,54,2068,37.371,￥101/人B2 | ⭐⭐3.9日式简餐/.,勝博殿·日式炸豬排 | ￥101/人B2 | ⭐⭐3.9日式简餐/. | ￥1308.7折 | ￥150 | 【尝鲜】伊比利亚.. | 惠,ocr/input_videos\上海__芮欧百货__20260825.mp4
OBS-000224,芮欧百货,a MATTER of DESIGN,aMATTERofDESIGN,成品家具,3.9,2824,4F,rated,True,,rated,parsed,rating_anchor,0.9388,0.9271,51,2068,37.371,3.9成品家具￥2824/人 | 4F,a MATTER of DESIGN | 3.9成品家具￥2824/人 | 4F | 熔岩灯如梦如幻，香薰系列淡雅高级,ocr/input_videos\上海__芮欧百货__20260825.mp4
OBS-000225,芮欧百货,M'CAKE,M'CAKE,甜品,4.2,141,B2,rated,True,,rated,parsed,rating_anchor,0.9704,0.9785,50,2068,37.371,⭐🌟🌟⭐🌟 | B2 | 4.2甜品￥141/人,M'CAKE | MCAKE | 茶歇小蛋糕上新 | ⭐🌟🌟⭐🌟 | B2 | 4.2甜品￥141/人 | SETCNTEALIEPIHETH | ￥1299.4折 | ￥138招牌拿破仑3选1(4... | 惠 | ￥959.5折 | ￥100100元代金券 | 惠,ocr/input_videos\上海__芮欧百货__20260825.mp4
OBS-000226,芮欧百货,佰立祥上海小馆,佰立祥上海小馆,面馆,3.8,29,B2,rated,True,,rated,parsed,rating_anchor,0.9702,0.9984,54,2068,37.371,B2 | 🌟🌟🌟🌟🌟 | 面馆￥29/人 | 3.8,佰立祥上海小馆 | 佰立 | B2 | 🌟🌟🌟🌟🌟 | 面馆￥29/人 | 3.8 | 点评榜单 | 静安寺商圈面馆销量榜第5名 | 能国总者 | 出部 | ￥38 | ￥19.85.3折 | 【佰立祥拌一夏】 | 惠,ocr/input_videos\上海__芮欧百货__20260825.mp4
OBS-000227,芮欧百货,Cello Sonata(上海芮欧店),CelloSonata(上海芮欧店),服饰鞋包,,,4F,unknown,True,,ocr_missing,parsed,metadata_anchor,0.9835,0.9731,58,2068,37.371,4F | 服饰鞋包,Cello Sonata(上海芮欧店) | 4F | 服饰鞋包,ocr/input_videos\上海__芮欧百货__20260825.mp4
OBS-000228,芮欧百货,勝博殿·日式炸猪排,胜博殿·日式炸猪排,日式简餐/.,3.9,101,B2,rated,True,,rated,parsed,rating_anchor,0.9121,0.9342,53,2079,37.57,⭐⭐3.9日式简餐/. | ￥101/人B2,勝博殿·日式炸猪排 | ⭐⭐3.9日式简餐/. | ￥101/人B2 | ￥150 | ￥1308.7折 | 【尝鲜】伊比利亚. | 惠,ocr/input_videos\上海__芮欧百货__20260825.mp4
OBS-000229,芮欧百货,a MATTER of DESIGN,aMATTERofDESIGN,成品家具,3.9,2824,4F,rated,True,,rated,parsed,rating_anchor,0.9411,0.917,51,2079,37.57,4F | 🌟⭐3.9 | 成品家具￥2824/人,a MATTER of DESIGN | 4F | 🌟⭐3.9 | 成品家具￥2824/人 | 熔岩灯如梦如幻，香薰系列淡雅高级,ocr/input_videos\上海__芮欧百货__20260825.mp4
OBS-000230,芮欧百货,M'CAKE,M'CAKE,甜品,4.2,141,B2,rated,True,,rated,parsed,rating_anchor,0.9679,0.9737,53,2079,37.57,🌟🌟🌟⭐🌟 | B2 | 4.2甜品￥141/人,M'CAKE | MCAKE | 茶歇小蛋糕上新 | 🌟🌟🌟⭐🌟 | B2 | 4.2甜品￥141/人 | EEIICHILA UEIMNETIE | ￥138招牌拿破仑3选1(4... | ￥1299.4折 | 惠 | ￥959.5折 | ￥100100元代金券 | 惠,ocr/input_videos\上海__芮欧百货__20260825.mp4
OBS-000231,芮欧百货,佰立祥上海小馆,佰立祥上海小馆,面馆,3.8,29,B2,rated,True,,rated,parsed,rating_anchor,0.9622,0.9971,60,2079,37.57,3.8面馆￥29/人 | B2,佰立祥上海小馆 | 3.8面馆￥29/人 | B2 | 点评榜单 | 静安寺商圈面馆销量榜第5名 | 5.3折 | ￥38 | ￥19.8 | 【佰立祥拌一夏】… | 惠,ocr/input_videos\上海__芮欧百货__20260825.mp4
OBS-000232,芮欧百货,Cello Sonata(上海芮欧店),CelloSonata(上海芮欧店),服饰鞋包,3.4,,4F,rated,True,,rated,parsed,rating_anchor,0.912,0.9503,56,2079,37.57,⭐⭐⭐⭐3.4服饰鞋包 | 4F,Cello Sonata(上海芮欧店) | ⭐⭐⭐⭐3.4服饰鞋包 | 4F,ocr/input_videos\上海__芮欧百货__20260825.mp4
OBS-000233,芮欧百货,肠殿·口式F猪排,肠殿·口式F猪排,日式简餐/.,3.9,101,B2,rated,True,,rated,parsed,rating_anchor,0.8168,0.7358,34,2101,37.967,⭐⭐3.9日式简餐/. | ￥101/人B2,肠殿·口式F猪排 | ⭐⭐3.9日式简餐/. | ￥101/人B2 | ￥1308.7折 | ￥150 | 【尝鲜】伊比利亚.. | 惠,ocr/input_videos\上海__芮欧百货__20260825.mp4
OBS-000234,芮欧百货,a MATTER of DESIGN,aMATTERofDESIGN,成品家具,3.9,2824,4F,rated,True,,rated,parsed,rating_anchor,0.9488,0.933,50,2101,37.967,4F | 🌟🌟🌟3.9 | 成品家具￥2824/人,a MATTER of DESIGN | 4F | 🌟🌟🌟3.9 | 成品家具￥2824/人 | “熔岩灯如梦如幻，香薰系列淡雅高级 | C,ocr/input_videos\上海__芮欧百货__20260825.mp4
OBS-000235,芮欧百货,M'CAKE,M'CAKE,甜品,4.2,141,B2,rated,True,,rated,parsed,rating_anchor,0.9742,0.9832,53,2101,37.967,🌟🌟🌟🌟🌟 | B2 | 4.2甜品￥141/人,M'CAKE | MCAKE | 茶歇小蛋糕上新 | 🌟🌟🌟🌟🌟 | B2 | 4.2甜品￥141/人 | PETCMNEAR ES PASETHE | ￥1299.4折 | ￥138招牌拿破仑3选1(4... | 惠 | ￥95 | 惠 | 9.5折 | ￥100100元代金券,ocr/input_videos\上海__芮欧百货__20260825.mp4
OBS-000236,芮欧百货,佰立祥上海小馆,佰立祥上海小馆,面馆,3.8,29,B2,rated,True,,rated,parsed,rating_anchor,0.9861,0.9985,60,2101,37.967,B2 | 3.8面馆￥29/人 | 🌟🌟🌟🌟🌟,佰立祥上海小馆 | 佰 | B2 | 3.8面馆￥29/人 | 🌟🌟🌟🌟🌟 | 点评榜单 | 静安寺商圈面馆销量榜第5名 | 語发总态 | 鞋海 | 中之秒 | ￥38 | 【佰立祥拌一夏】… | ￥19.8 | 5.3折 | 惠,ocr/input_videos\上海__芮欧百货__20260825.mp4
OBS-000237,芮欧百货,Cello Sonata(上海芮欧店),CelloSonata(上海芮欧店),服饰鞋包,3.4,,4F,rated,True,,rated,parsed,rating_anchor,0.9723,0.9619,58,2101,37.967,⭐3.4服饰鞋包 | 4F,Cello Sonata(上海芮欧店) | ⭐3.4服饰鞋包 | 4F,ocr/input_videos\上海__芮欧百货__20260825.mp4
OBS-000238,芮欧百货,a MATTER of DESIGN,aMATTERofDESIGN,成品家具,3.9,2824,4F,rated,True,,rated,parsed,rating_anchor,0.9639,0.9669,48,2145,38.763,3.9成品家具￥2824/人 | 4F,a MATTER of DESIGN | 3.9成品家具￥2824/人 | 4F | 熔岩灯如梦如幻，香薰系列淡雅高级 | 1,ocr/input_videos\上海__芮欧百货__20260825.mp4
OBS-000239,芮欧百货,M'CAKE,M'CAKE,甜品,4.2,141,B2,rated,True,,rated,parsed,rating_anchor,0.9583,0.982,56,2145,38.763,🌟🌟🌟⭐⭐ | 4.2甜品￥141/人 | B2,M'CAKE | MCAKE | 茶歇小蛋糕上新 | 🌟🌟🌟⭐⭐ | 4.2甜品￥141/人 | B2 | PETITCHTLU EE PAUETHE | ￥138招牌拿破仑3选1(4... | 惠￥1299.4折 | ￥959.5折 | ￥100100元代金券 | 惠,ocr/input_videos\上海__芮欧百货__20260825.mp4
OBS-000240,芮欧百货,佰立祥上海小馆,佰立祥上海小馆,面馆,3.8,29,B2,rated,True,,rated,parsed,rating_anchor,0.9685,0.9984,58,2145,38.763,3.8面馆￥29/人 | B2,佰立祥上海小馆 | 佰立 | D | 3.8面馆￥29/人 | B2 | 点评榜单 | 静安寺商圈面馆销量榜第5名 | 德者 | 富 | ￥19.85.3折 | ￥38 | 【佰立祥拌一夏】 | 惠,ocr/input_videos\上海__芮欧百货__20260825.mp4
OBS-000241,芮欧百货,Cello Sonata(上海芮欧店),CelloSonata(上海芮欧店),服饰鞋包,3.4,,4F,rated,True,,rated,parsed,rating_anchor,0.9349,0.9841,61,2145,38.763,⭐⭐⭐⭐3.4服饰鞋包 | 4F,Cello Sonata(上海芮欧店) | ⭐⭐⭐⭐3.4服饰鞋包 | 4F,ocr/input_videos\上海__芮欧百货__20260825.mp4
OBS-000242,芮欧百货,麦当劳,麦当劳,西式快餐,3.9,28,B2,rated,True,,rated,parsed,rating_anchor,0.9838,0.9994,62,2145,38.763,🌟🌟🌟⭐3.9 | B2 | 西式快餐￥28/人,麦当劳 | M | 随心配江证号 | 13 | 本天票 | 🌟🌟🌟⭐3.9 | B2 | 西式快餐￥28/人,ocr/input_videos\上海__芮欧百货__20260825.mp4
OBS-000243,芮欧百货,M'CAKE,M'CAKE,甜品,4.2,141,B2,rated,True,,rated,parsed,rating_anchor,0.9697,0.98,56,2178,39.359,🌟🌟🌟🌟 | B2 | 4.2甜品￥141/人 | ★,M'CAKE | MCAKE | 茶歇小蛋糕上新 | 🌟🌟🌟🌟 | B2 | 4.2甜品￥141/人 | EEITCHTENUIULTIE | ★ | ￥129 | 招牌拿破仑3选1(4... | 9.4折 | ￥138 | 惠 | ￥95 | 惠 | ￥100100元代金券 | 9.5折,ocr/input_videos\上海__芮欧百货__20260825.mp4
OBS-000244,芮欧百货,佰立祥上海小馆,佰立祥上海小馆,面馆,3.8,29,B2,rated,True,,rated,parsed,rating_anchor,0.9698,0.9978,52,2178,39.359,面馆￥29/人 | B2 | ★🌟★★🌟 | 3.8,佰立祥上海小馆 | 佰方 | 面馆￥29/人 | B2 | ★🌟★★🌟 | 3.8 | 点评榜单 | 静安寺商圈面馆销量榜第5名 | ￥19.8 | ￥38 | 【佰立祥拌一夏】 | 5.3折 | 惠,ocr/input_videos\上海__芮欧百货__20260825.mp4
OBS-000245,芮欧百货,Cello Sonata(上海芮欧店),CelloSonata(上海芮欧店),服饰鞋包,3.4,,4F,rated,True,,rated,parsed,rating_anchor,0.9178,0.9642,57,2178,39.359,⭐⭐3.4服饰鞋包 | 4F,Cello Sonata(上海芮欧店) | ⭐⭐3.4服饰鞋包 | 4F,ocr/input_videos\上海__芮欧百货__20260825.mp4
OBS-000246,芮欧百货,麦当劳,麦当劳,西式快餐,3.9,28,B2,rated,True,,rated,parsed,rating_anchor,0.9755,0.9982,59,2178,39.359,西式快餐￥28/人 | B2 | 🌟🌟🌟🌟🌟 | 3.9,麦当劳 | 四 | 13 | 随心配工 | 服酒家 | 小电型 | 西式快餐￥28/人 | B2 | 🌟🌟🌟🌟🌟 | 3.9 | “服务赞，口感赞，性价比高” | ￥27.5 | 【百万爆品】麦满.. | ￥15.9 | 5.8折 | 惠,ocr/input_videos\上海__芮欧百货__20260825.mp4
OBS-000247,芮欧百货,M'CAKE,M'CAKE,甜品,4.2,141,B2,rated,True,,rated,parsed,rating_anchor,0.9681,0.9862,45,2189,39.558,B2 | 🌟🌟⭐ | 4.2 | 甜品￥141/人 | ★,M'CAKE | MCAKE | 茶歇小蛋糕上新 | B2 | 🌟🌟⭐ | 4.2 | 甜品￥141/人 | PETTCMTEAOEPUSETHE | ★ | ￥138招牌拿破仑3选1(4... | ￥1299.4折 | 惠 | ￥95 | ￥100100元代金券 | 9.5折 | 惠,ocr/input_videos\上海__芮欧百货__20260825.mp4
OBS-000248,芮欧百货,佰立祥上海小馆,佰立祥上海小馆,面馆,3.8,29,B2,rated,True,,rated,parsed,rating_anchor,0.9675,0.9971,55,2189,39.558,3.8面馆￥29/人 | B2,佰立祥上海小馆 | 佰 | F | 3.8面馆￥29/人 | B2 | 点评榜单 | 静安寺商圈面馆销量榜第5名 | 装路斋 | 海 | 2 | ￥38 | ￥19.8 | 5.3折 | 惠 | 【佰立祥 拌一夏】,ocr/input_videos\上海__芮欧百货__20260825.mp4
OBS-000249,芮欧百货,Cello Sonata(上海芮欧店),CelloSonata(上海芮欧店),服饰鞋包,3.4,,4F,rated,True,,rated,parsed,rating_anchor,0.9861,0.9736,57,2189,39.558,🌟🌟🎉⭐🌟 | 4F | 3.4服饰鞋包,Cello Sonata(上海芮欧店) | 🌟🌟🎉⭐🌟 | 4F | 3.4服饰鞋包,ocr/input_videos\上海__芮欧百货__20260825.mp4
OBS-000250,芮欧百货,麦当劳,麦当劳,西式快餐,3.9,28,B2,rated,True,,rated,parsed,rating_anchor,0.9831,0.9988,59,2189,39.558,🌟🌟🌟⭐3.9 | B2 | 西式快餐￥28/人,麦当劳 | m | 13 | 随心配工证 | 1品号 | 中玩面配 | 🌟🌟🌟⭐3.9 | B2 | 西式快餐￥28/人 | 服务赞，口感赞，性价比高” | 通网园 | 門國國 | 器 | ￥15.9 | ￥27.5 | 5.8折 | 【百万爆品】麦满.. | 惠,ocr/input_videos\上海__芮欧百货__20260825.mp4
OBS-000251,芮欧百货,米陀饭团,米陀饭团,小吃,3.9,20,B2,rated,True,,rated,parsed,rating_anchor,0.9799,0.9988,56,2189,39.558,🌟🌟🌟🌟🌟 | B2 | 3.9小吃￥20/人,米陀饭团 | 🌟🌟🌟🌟🌟 | B2 | 3.9小吃￥20/人 | 点评榜单 | 静安寺商圈小吃回头客榜第3名 | 全国门店260* | 美美哒小姐姐热情友好” | ￥18.89.9折 | ￥19 | 惠 | 【特惠】爆浆芝士饭团,ocr/input_videos\上海__芮欧百货__20260825.mp4
OBS-000252,芮欧百货,佰立祥上海小馆,佰立祥上海小馆,面馆,3.8,29,B2,rated,True,,rated,parsed,rating_anchor,0.9728,0.9961,52,2222,40.154,B2 | 面馆￥29/人 | ★★🌟🌟🌟 | 3.8,佰立祥上海小馆 | 佰立 | B2 | 面馆￥29/人 | ★★🌟🌟🌟 | 3.8 | 点评榜单 | 静安寺商圈面馆销量榜第5名 | 是活港者 | ￥19.85.3折 | ￥38 | 【佰立祥拌一夏】 | 惠,ocr/input_videos\上海__芮欧百货__20260825.mp4
OBS-000253,芮欧百货,Cello Sonata(上海芮欧店),CelloSonata(上海芮欧店),服饰鞋包,3.4,,4F,rated,True,,rated,parsed,rating_anchor,0.9594,0.9679,58,2222,40.154,⭐3.4服饰鞋包 | 4F,Cello Sonata(上海芮欧店) | ⭐3.4服饰鞋包 | 4F,ocr/input_videos\上海__芮欧百货__20260825.mp4
OBS-000254,芮欧百货,麦当劳,麦当劳,西式快餐,3.9,28,B2,rated,True,,rated,parsed,rating_anchor,0.9811,0.9983,59,2222,40.154,🌟🌟🌟🌟 | 西式快餐￥28/人 | B2 | 3.9,麦当劳 | M | 13 | 随心配江江 | 国 | - | 🌟🌟🌟🌟 | 西式快餐￥28/人 | B2 | 3.9 | “服务赞，感赞，性价” | ? | 日B | 5.8折 | ￥27.5 | ￥15.9 | 【百万爆品】麦满... | 惠,ocr/input_videos\上海__芮欧百货__20260825.mp4
OBS-000255,芮欧百货,米陀饭团,米陀饭团,小吃,3.9,20,B2,rated,True,,rated,parsed,rating_anchor,0.967,0.9982,57,2222,40.154,小吃￥20/人 | B2 | 🌟🌟🌟🌟 | 3.9,米陀饭团 | 小吃￥20/人 | B2 | 🌟🌟🌟🌟 | 3.9 | 点评榜单 | 静安寺商圈小吃回头客榜第3名 | 全国门店260* | 美美哒小姐姐热情友好 | 山 | ￥18.8 | ￥19 | 9.9折 | 惠 | 【特惠】爆浆芝士饭团,ocr/input_videos\上海__芮欧百货__20260825.mp4
OBS-000256,芮欧百货,BIMBA Y LOLA,BIMBAYLOLA,服饰鞋包,4.5,,3F,rated,True,,rated,parsed,rating_anchor,0.9728,0.9464,48,2222,40.154,3F | ⭐🌟🌟🌟🌟 | 服饰鞋包 | 4.5,BIMBA Y LOLA | 3F | ⭐🌟🌟🌟🌟 | 服饰鞋包 | 4.5,ocr/input_videos\上海__芮欧百货__20260825.mp4
OBS-000257,芮欧百货,佰立祥上海小馆,佰立祥上海小馆,面馆,3.8,29,B2,rated,True,,rated,parsed,rating_anchor,0.9773,0.9991,57,2244,40.552,面馆￥29/人 | B2 | 🌟🌟🌟🌟🌟 | 3.8,佰立祥上海小馆 | 佰立 | 面馆￥29/人 | B2 | 🌟🌟🌟🌟🌟 | 3.8 | 点评榜单 | 静安寺商圈面馆销量榜第5名 | 售能国总者 | 出秒 | ￥38 | 5.3折 | 【佰立祥拌一夏】 | ￥19.8 | 惠,ocr/input_videos\上海__芮欧百货__20260825.mp4
OBS-000258,芮欧百货,Cello Sonata(上海芮欧店),CelloSonata(上海芮欧店),服饰鞋包,3.4,,4F,rated,True,,rated,parsed,rating_anchor,0.9644,0.9318,58,2244,40.552,🌟🌟🌟 | 3.4服饰鞋包 | 4F,Cello Sonata(上海芮欧店) | 🌟🌟🌟 | 3.4服饰鞋包 | 4F,ocr/input_videos\上海__芮欧百货__20260825.mp4
OBS-000259,芮欧百货,麦当劳,麦当劳,西式快餐,3.9,28,B2,rated,True,,rated,parsed,rating_anchor,0.9991,0.9991,64,2244,40.552,🌟🌟🌟🌟⭐ | B2 | ￥28/人 | 西式快餐 | 3.9,麦当劳 | m | 随心配红面 | 132 | 清面 | 🌟🌟🌟🌟⭐ | B2 | ￥28/人 | 西式快餐 | 3.9 | “服务赞，口感赞，性价比高” | 出 | ￥15.9 | ￥27.5 | 5.8折 | 惠 | 【百万爆品】麦满...,ocr/input_videos\上海__芮欧百货__20260825.mp4
OBS-000260,芮欧百货,米陀饭团,米陀饭团,小吃,3.9,20,B2,rated,True,,rated,parsed,rating_anchor,0.9777,0.9984,57,2244,40.552,🌟🌟🎉🌟⭐ | B2 | 3.9小吃￥20/人,米陀饭团 | 🌟🌟🎉🌟⭐ | B2 | 3.9小吃￥20/人 | 点评榜单 | 静安寺商圈小吃回头客榜第3名 | 全国门店260* | 美美哒小姐姐热情友好“ | ￥18.8 | 9.9折 | ￥19 | 惠 | 【特惠】爆浆芝士饭团,ocr/input_videos\上海__芮欧百货__20260825.mp4
OBS-000261,芮欧百货,BIMBA Y LOLA,BIMBAYLOLA,服饰鞋包,4.5,,3F,rated,True,,rated,parsed,rating_anchor,0.9753,0.9584,47,2244,40.552,4.5服饰鞋包 | 3F,BIMBA Y LOLA | 4.5服饰鞋包 | 3F,ocr/input_videos\上海__芮欧百货__20260825.mp4
OBS-000262,芮欧百货,麦当劳,麦当劳,西式快餐,3.9,28,B2,rated,True,,rated,parsed,rating_anchor,0.9807,0.9986,55,2288,41.347,🌟🌟🌟🌟🌟 | B2 | 西式快餐￥28/人 | 3.9,麦当劳 | m | 随心配 | 133 | R道5 | 中车质更 | 🌟🌟🌟🌟🌟 | B2 | 西式快餐￥28/人 | 3.9 | 日 | 服务赞，口感赞，性价比高 | CMA | 一平学 | ￥15.9 | 5.8折 | ￥27.5 | 【百万爆品】麦满.. | 惠,ocr/input_videos\上海__芮欧百货__20260825.mp4
OBS-000263,芮欧百货,米陀饭团,米陀饭团,小吃,3.9,20,B2,rated,True,,rated,parsed,rating_anchor,0.9675,0.9986,56,2288,41.347,B2 | 🌟🌟🌟🌟🌟 | 小吃￥20/人 | 3.9,米陀饭团 | B2 | 🌟🌟🌟🌟🌟 | 小吃￥20/人 | 3.9 | 点评镑单 | 静安寺商圈小吃回头客榜第3名 | 全国门店260 | 美美哒小姐姐热情友好 | ￥19 | 9.9折 | ￥18.8 | 惠 | 【特惠】爆浆芝士饭团,ocr/input_videos\上海__芮欧百货__20260825.mp4
OBS-000264,芮欧百货,BIMBA Y LOLA,BIMBAYLOLA,服饰鞋包,4.5,,3F,rated,True,,rated,parsed,rating_anchor,0.9664,0.9333,45,2288,41.347,3F | 🌟🌟🌟⭐🌟 | 服饰鞋包 | 4.5,BIMBA Y LOLA | 3F | 🌟🌟🌟⭐🌟 | 服饰鞋包 | 4.5,ocr/input_videos\上海__芮欧百货__20260825.mp4
OBS-000265,芮欧百货,晶采轩,晶采轩,粤菜馆,4.8,328,,rated,True,,rated,parsed,rating_anchor,0.9789,0.9982,58,2288,41.347,🌟⭐⭐🌟4.8 | 3F4F | 粤菜馆￥328/人,晶采轩 | 园 | 品采轩 | 🌟⭐⭐🌟4.8 | 3F4F | 粤菜馆￥328/人 | 门店升级娱新中 | 七月重开 | 敬请期行 | 暂停营业,ocr/input_videos\上海__芮欧百货__20260825.mp4
OBS-000266,芮欧百货,恋椒儿香·麻辣香锅,恋椒儿香·麻辣香锅,干锅/香锅,3.6,56,B2,rated,True,,rated,parsed,rating_anchor,0.9807,0.9849,54,2288,41.347,🌟🌟🌟🌟🌟 | 3.6干锅/香锅 | B2 | ￥56/人,恋椒儿香業 | 恋椒儿香·麻辣香锅 | 麻辣香锅 | 🌟🌟🌟🌟🌟 | 3.6干锅/香锅 | B2 | ￥56/人 | 暂停营业味 | -P-P-HOUSE-礼物出版社 | 办化礼 | I | 21,ocr/input_videos\上海__芮欧百货__20260825.mp4
OBS-000267,芮欧百货,米陀饭团,米陀饭团,小吃,3.9,20,B2,rated,True,,rated,parsed,rating_anchor,0.9775,0.9984,57,2310,41.744,🌟🌟🌟🌟🌟 | 3.9小吃￥20/人 | B2,米陀饭团 | 🌟🌟🌟🌟🌟 | 3.9小吃￥20/人 | B2 | 点评榜单 | 静安寺商圈小吃回头客榜第3名 | 全国门店260* | 美美哒小姐姐热情友好 | “ | ￥19 | ￥18.8 | 9.9折 | 惠 | 【特惠】爆浆芝士饭团,ocr/input_videos\上海__芮欧百货__20260825.mp4
OBS-000268,芮欧百货,BIMBA Y LOLA,BIMBAYLOLA,服饰鞋包,4.5,,3F,rated,True,,rated,parsed,rating_anchor,0.9722,0.9449,48,2310,41.744,3F | 🌟🌟🎉🌟🌟 | 服饰鞋包 | 4.5,BIMBA Y LOLA | 3F | 🌟🌟🎉🌟🌟 | 服饰鞋包 | 4.5,ocr/input_videos\上海__芮欧百货__20260825.mp4
OBS-000269,芮欧百货,晶采轩,晶采轩,粤菜馆,4.8,328,3F,rated,True,,rated,parsed,rating_anchor,0.9793,0.995,64,2310,41.744,"🌟🌟🌟🌟🌟4.8 | 3F,4F | 粤菜馆￥328/人","晶采轩 | 品 | 晶采轩 | 🌟🌟🌟🌟🌟4.8 | 3F,4F | 粤菜馆￥328/人 | 门店升级焕新中 | 敬请期梅 | 七月重开 | 暂停营业",ocr/input_videos\上海__芮欧百货__20260825.mp4
OBS-000270,芮欧百货,恋椒儿香·麻辣香锅,恋椒儿香·麻辣香锅,干锅/香锅,3.6,56,B2,rated,True,,rated,parsed,rating_anchor,0.9671,0.9846,54,2310,41.744,3.6干锅/香锅￥56/人 | B2,恋椒儿香处 | 恋椒儿香·麻辣香锅 | 麻辣香锅 | 3.6干锅/香锅￥56/人 | B2 | 暂停营业味,ocr/input_videos\上海__芮欧百货__20260825.mp4
OBS-000271,芮欧百货,'-P-P-HOUSE-礼物出版社,P-P-HOUSE-礼物出版社,杂货礼品,4.7,,B1,rated,True,,rated,parsed,rating_anchor,0.9929,0.9907,57,2310,41.744,B1 | 杂货礼品 | 🌟🌟🌟⭐🌟 | 4.7,'-P-P-HOUSE-礼物出版社 | B1 | 杂货礼品 | 🌟🌟🌟⭐🌟 | 4.7 | 点评榜单 | 静安寺商圈杂货礼品好评榜第8名,ocr/input_videos\上海__芮欧百货__20260825.mp4
OBS-000272,芮欧百货,米陀饭团,米陀饭团,小吃,3.9,20,B2,rated,True,,rated,parsed,rating_anchor,0.9784,0.9986,57,2343,42.341,B2 | 3.9小吃￥20/人 | 🌟🌟🌟🌟🌟,米陀饭团 | B2 | 3.9小吃￥20/人 | 🌟🌟🌟🌟🌟 | 点评榜单 | 静安寺商圈小吃回头客榜第3名 | 全国门店260* | 美美哒小姐姐热情友好 | ￥18.8 | ￥19 | 9.9折 | 惠 | 【特惠】爆浆芝士饭团,ocr/input_videos\上海__芮欧百货__20260825.mp4
OBS-000273,芮欧百货,BIMBA Y LOLA,BIMBAYLOLA,服饰鞋包,4.5,,3F,rated,True,,rated,parsed,rating_anchor,0.9738,0.9481,48,2343,42.341,3F | 🌟🌟🎉🌟🌟 | 服饰鞋包 | 4.5,BIMBA Y LOLA | 3F | 🌟🌟🎉🌟🌟 | 服饰鞋包 | 4.5,ocr/input_videos\上海__芮欧百货__20260825.mp4
OBS-000274,芮欧百货,晶采轩,晶采轩,粤菜馆,4.8,328,3F,rated,True,,rated,parsed,rating_anchor,0.9803,0.9945,64,2343,42.341,"🌟🌟🎉🎉🎉4.8 | 3F,4F | 粤菜馆￥328/人","晶采轩 | 园 | 品宋轩 | 🌟🌟🎉🎉🎉4.8 | 3F,4F | 粤菜馆￥328/人 | 门店升级焕新中 | 七月定开|敬请期将 | 暂停营业",ocr/input_videos\上海__芮欧百货__20260825.mp4
OBS-000275,芮欧百货,恋椒儿香·麻辣香锅,恋椒儿香·麻辣香锅,干锅/香锅,3.6,56,B2,rated,True,,rated,parsed,rating_anchor,0.969,0.9853,54,2343,42.341,3.6干锅/香锅￥56/人 | B2,恋椒儿香处 | 恋椒儿香·麻辣香锅 | 麻辣香锅 | 3.6干锅/香锅￥56/人 | B2 | 暂停营业味品,ocr/input_videos\上海__芮欧百货__20260825.mp4
OBS-000276,芮欧百货,'-P-P-HOUSE-礼物出版社,P-P-HOUSE-礼物出版社,杂货礼品,4.7,,B1,rated,True,,rated,parsed,rating_anchor,0.9918,0.9867,54,2343,42.341,B1 | 4.7 | 杂货礼品 | 🌟🌟🌟⭐🌟,'-P-P-HOUSE-礼物出版社 | B1 | 4.7 | 杂货礼品 | 🌟🌟🌟⭐🌟 | 点评榜单 | 静安寺商圈杂货礼品好评榜第8名 | 浩海火燒雲傣家菜,ocr/input_videos\上海__芮欧百货__20260825.mp4
OBS-000277,芮欧百货,恋椒儿香·麻辣香锅,恋椒儿香·麻辣香锅,干锅/香锅,3.6,56,B2,rated,True,,rated,parsed,rating_anchor,0.9651,0.9836,51,2398,43.335,🌟🌟🌟🌟🌟 | 3.6干锅/香锅￥56/人 | B2,恋椒儿香 | 自 | 恋椒儿香·麻辣香锅 | 麻辣香锅 | 🌟🌟🌟🌟🌟 | 3.6干锅/香锅￥56/人 | B2 | 暂停营业,ocr/input_videos\上海__芮欧百货__20260825.mp4
OBS-000278,芮欧百货,'-P-P-HOUSE-礼物出版社,P-P-HOUSE-礼物出版社,杂货礼品,4.7,,B1,rated,True,,rated,parsed,rating_anchor,0.9951,0.9927,55,2398,43.335,B1 | 🌟🌟🌟🎉🌟 | 杂货礼品 | 4.7,'-P-P-HOUSE-礼物出版社 | B1 | 🌟🌟🌟🎉🌟 | 杂货礼品 | 4.7 | 静安寺商圈杂货礼品好评榜第8名 | 点评榜单,ocr/input_videos\上海__芮欧百货__20260825.mp4
OBS-000279,芮欧百货,浩海火燒雲傣家菜,浩海火烧云傣家菜,云南菜滇菜,4.6,107,4F,rated,True,,rated,parsed,rating_anchor,0.9778,0.9964,50,2398,43.335,4F | ★★★★★ | 云南菜滇菜￥107/人 | 4.6,浩海火燒雲傣家菜 | 4F | ★★★★★ | 云南菜滇菜￥107/人 | 4.6 | 浩海火烧雲 | 便家茶 | 点评榜单 | 上海云南菜|滇菜热门榜第1名,ocr/input_videos\上海__芮欧百货__20260825.mp4
OBS-000280,芮欧百货,泰百贊·船面・泰國食檔,泰百赞·船面·泰国食档,泰国菜,3.9,58,B2,rated,True,,rated,parsed,rating_anchor,0.9487,0.9389,53,2398,43.335,🌟🌟⭐🌟⭐3.9 | 泰国菜￥58/人 | B2,泰百贊·船面・泰國食檔 | 泰百赞 | 🌟🌟⭐🌟⭐3.9 | 泰国菜￥58/人 | B2 | nnwseauns | 暂停营业,ocr/input_videos\上海__芮欧百货__20260825.mp4
OBS-000281,芮欧百货,ANINE BING,ANINEBING,服装,3.9,,2F,rated,True,,rated,parsed,rating_anchor,0.9717,0.9441,44,2398,43.335,2F | 服装 | 🌟🌟🌟🌟 | 3.9,ANINE BING | 2F | 服装 | 🌟🌟🌟🌟 | 3.9 | 衣服品质感强，时髦又精致,ocr/input_videos\上海__芮欧百货__20260825.mp4
OBS-000282,芮欧百货,每日新鲜水果吧,每日新鲜水果吧,茶饮果汁,3.9,25,B2,rated,True,,rated,parsed,rating_anchor,0.9774,0.9901,50,2398,43.335,🌟3.9 | B2 | 茶饮果汁￥25/人,每日新鲜水果吧 | 🌟3.9 | B2 | 茶饮果汁￥25/人 | 每日新鲜,ocr/input_videos\上海__芮欧百货__20260825.mp4
OBS-000283,芮欧百货,浩海火燒雲傣家菜,浩海火烧云傣家菜,云南菜滇菜,4.6,107,4F,rated,True,,rated,parsed,rating_anchor,0.9959,0.993,51,2475,44.726,4F | 🌟🌟🌟⭐🌟 | 云南菜滇菜 | ￥107/人 | 4.6,浩海火燒雲傣家菜 | 4F | 🌟🌟🌟⭐🌟 | 云南菜滇菜 | ￥107/人 | 4.6 | 浩海火烧雲 | 点评榜单 | 上海云南菜滇菜热门榜第1名,ocr/input_videos\上海__芮欧百货__20260825.mp4
OBS-000284,芮欧百货,泰百贊·船面・泰國食檔,泰百赞·船面·泰国食档,泰国菜,3.9,58,B2,rated,True,,rated,parsed,rating_anchor,0.9406,0.9297,54,2475,44.726,⭐🌟3.9 | B2 | 泰国菜￥58/人,泰百贊·船面・泰國食檔 | ⭐🌟3.9 | 泰百背 | B2 | 泰国菜￥58/人 | nawseauns | 暂停营业,ocr/input_videos\上海__芮欧百货__20260825.mp4
OBS-000285,芮欧百货,ANINE BING,ANINEBING,服装,3.9,,2F,rated,True,,rated,parsed,rating_anchor,0.9853,0.9709,45,2475,44.726,🌟🌟🌟🌟🌟 | 服装 | 2F | 3.9,ANINE BING | 🌟🌟🌟🌟🌟 | 服装 | 2F | 3.9 | 衣服品质感强，时髦又精致,ocr/input_videos\上海__芮欧百货__20260825.mp4
OBS-000286,芮欧百货,每日新鲜水果吧,每日新鲜水果吧,茶饮果汁,3.9,25,B2,rated,True,,rated,parsed,rating_anchor,0.9689,0.9686,48,2475,44.726,🌟🌟🌟🌟🌟 | B2 | 3.9茶饮果汁￥25/人,每日新鲜水果吧 | 🌟🌟🌟🌟🌟 | B2 | 3.9茶饮果汁￥25/人 | 每白新鲜,ocr/input_videos\上海__芮欧百货__20260825.mp4
OBS-000287,芮欧百货,LINLEE林里·手打柠檬茶,LINLEE林里·手打柠檬茶,茶饮果汁,3.8,19,B2,rated,True,,rated,parsed,rating_anchor,0.9797,0.9898,48,2475,44.726,🌟🌟🎉🌟🌟3.8 | B2 | 茶饮果汁￥19/人,HILIM.CC | LINLEE林里·手打柠檬茶 | 这杯康普 | 好汽质 | 🌟🌟🎉🌟🌟3.8 | B2 | 茶饮果汁￥19/人 | 暂停营业,ocr/input_videos\上海__芮欧百货__20260825.mp4
OBS-000288,芮欧百货,拉贝儿 LABELLE＆Maxim,拉贝儿LABELLE&Maxim,服饰鞋包,3.5,,3F,rated,True,,rated,parsed,rating_anchor,0.9522,0.9051,51,2475,44.726,🌟🌟🌟⭐3.5 | 3F | 服饰鞋包,拉贝儿 LABELLE＆Maxim | 🌟🌟🌟⭐3.5 | 3F | 服饰鞋包,ocr/input_videos\上海__芮欧百货__20260825.mp4
OBS-000289,芮欧百货,每日新鲜水果吧,每日新鲜水果吧,茶饮果汁,3.9,25,B2,rated,True,,rated,parsed,rating_anchor,0.9671,0.9743,52,2508,45.322,⭐⭐⭐⭐3.9 | 茶饮果汁￥25/人 | B2,每日新鲜水果吧 | ⭐⭐⭐⭐3.9 | 茶饮果汁￥25/人 | B2 | 毎白新鲜,ocr/input_videos\上海__芮欧百货__20260825.mp4
OBS-000290,芮欧百货,LINLEE林里·手打柠檬茶,LINLEE林里·手打柠檬茶,茶饮果汁,3.8,19,B2,rated,True,,rated,parsed,rating_anchor,0.977,0.989,54,2508,45.322,🌟⭐3.8 | 茶饮果汁￥19/人 | B2,LINLEE林里·手打柠檬茶 | H2LIM.CC | 这杯康普 | 好汽质 | 🌟⭐3.8 | 茶饮果汁￥19/人 | B2 | 暂停营业,ocr/input_videos\上海__芮欧百货__20260825.mp4
OBS-000291,芮欧百货,拉贝儿 LABELLE &Maxim,拉贝儿LABELLE&Maxim,服饰鞋包,3.5,,3F,rated,True,,rated,parsed,rating_anchor,0.9661,0.9328,54,2508,45.322,🌟🌟🌟🌟🌟 | 3F | 服饰鞋包 | 3.5,拉贝儿 LABELLE &Maxim | mI | 🌟🌟🌟🌟🌟 | 3F | 服饰鞋包 | 3.5,ocr/input_videos\上海__芮欧百货__20260825.mp4
OBS-000292,芮欧百货,Manner Coffee,MannerCoffee,咖啡,3.9,18,B2,rated,True,,rated,parsed,rating_anchor,0.9334,0.9239,51,2508,45.322,🌟🌟🎉💥3.9 | B2 | 咖啡￥18/人,Manner Coffee | 🌟🌟🎉💥3.9 | B2 | 咖啡￥18/人 | MANNER,ocr/input_videos\上海__芮欧百货__20260825.mp4
OBS-000293,芮欧百货,Birdie Cup Coffee,BirdieCupCoffee,咖啡,3.9,26,B2,rated,True,,rated,parsed,rating_anchor,0.9572,0.9844,62,2508,45.322,★🌟★🌟🌟 | B2 | 咖啡￥26/人 | 3.9,Birdie Cup Coffee | ★🌟★🌟🌟 | B2 | 咖啡￥26/人 | 3.9,ocr/input_videos\上海__芮欧百货__20260825.mp4
OBS-000294,芮欧百货,DRIES VAN NOTEN,DRIESVANNOTEN,化妆品,3.4,,1F,rated,True,,rated,parsed,rating_anchor,0.9725,0.9506,47,2508,45.322,⭐🌟⭐ | 3.4化妆品 | 1F | ★★,DRIES VAN NOTEN | ⭐🌟⭐ | 3.4化妆品 | 1F | ★★ | 0 | 日,ocr/input_videos\上海__芮欧百货__20260825.mp4
OBS-000295,芮欧百货,LINLEE林里·手打柠檬茶,LINLEE林里·手打柠檬茶,茶饮果汁,3.8,19,B2,rated,True,,rated,parsed,rating_anchor,0.9776,0.9896,54,2530,45.72,3.8茶饮果汁￥19/人 | B2,LINLEE林里·手打柠檬茶 | HMLIM.CC | 这杯康普 | 好汽质 | 3.8茶饮果汁￥19/人 | B2 | 暂停营业,ocr/input_videos\上海__芮欧百货__20260825.mp4
OBS-000296,芮欧百货,拉贝儿 LABELLE &Maxim,拉贝儿LABELLE&Maxim,服饰鞋包,3.5,,3F,rated,True,,rated,parsed,rating_anchor,0.9574,0.9154,53,2530,45.72,🌟🌟🌟🌟🌟 | 服饰鞋包 | 3F | 3.5,拉贝儿 LABELLE &Maxim | 🌟🌟🌟🌟🌟 | 服饰鞋包 | 3F | 3.5,ocr/input_videos\上海__芮欧百货__20260825.mp4
OBS-000297,芮欧百货,Manner Coffee,MannerCoffee,咖啡,3.9,18,B2,rated,True,,rated,parsed,rating_anchor,0.9625,0.9802,54,2530,45.72,咖啡￥18/人 | B2 | 🌟🌟🌟🌟⭐ | 3.9,Manner Coffee | 咖啡￥18/人 | B2 | 🌟🌟🌟🌟⭐ | 3.9 | MANNER,ocr/input_videos\上海__芮欧百货__20260825.mp4
OBS-000298,芮欧百货,Birdie Cup,BirdieCup,咖啡,3.9,26,B2,rated,True,,rated,parsed,rating_anchor,0.9632,0.9874,60,2530,45.72,咖啡￥26/人 | 🌟🌟⭐🌟🌟 | B2 | 3.9,Birdie Cup | Coffee | 咖啡￥26/人 | 🌟🌟⭐🌟🌟 | B2 | 3.9,ocr/input_videos\上海__芮欧百货__20260825.mp4
OBS-000299,芮欧百货,DRIES VAN NOTEN,DRIESVANNOTEN,化妆品,3.4,,1F,rated,True,,rated,parsed,rating_anchor,0.9859,0.9738,47,2530,45.72,1F | ⭐🌟⭐ | ⭐⭐ | 化妆品 | 3.4,DRIES VAN NOTEN | 1F | ⭐🌟⭐ | ⭐⭐ | 化妆品 | 3.4 | 椒香湃,ocr/input_videos\上海__芮欧百货__20260825.mp4
OBS-000300,芮欧百货,LINLEE林里·手打柠檬茶,LINLEE林里·手打柠檬茶,茶饮果汁,3.8,19,B2,rated,True,,rated,parsed,rating_anchor,0.977,0.9868,54,2563,46.316,3.8茶饮果汁￥19/人 | B2,LINLEE林里·手打柠檬茶 | HILIM.CT | 这杯康普 | 71 | 好汽质 | 3.8茶饮果汁￥19/人 | B2 | 暂停营业,ocr/input_videos\上海__芮欧百货__20260825.mp4
OBS-000301,芮欧百货,拉贝儿 LABELLE & Maxim,拉贝儿LABELLE&Maxim,服饰鞋包,3.5,,3F,rated,True,,rated,parsed,rating_anchor,0.9573,0.9236,57,2563,46.316,3.5服饰鞋包 | 3F,拉贝儿 LABELLE & Maxim | 3.5服饰鞋包 | 3F,ocr/input_videos\上海__芮欧百货__20260825.mp4
OBS-000302,芮欧百货,Manner Coffee,MannerCoffee,咖啡,3.9,18,B2,rated,True,,rated,parsed,rating_anchor,0.9551,0.9664,58,2563,46.316,⭐🌟3.9 | 咖啡￥18/人 | B2,Manner Coffee | ⭐🌟3.9 | 咖啡￥18/人 | B2 | MANNER,ocr/input_videos\上海__芮欧百货__20260825.mp4
OBS-000303,芮欧百货,Birdie Cup,BirdieCup,咖啡,3.9,26,B2,rated,True,,rated,parsed,rating_anchor,0.9508,0.9564,69,2563,46.316,🌟🌟🌟🌟🌟 | 咖啡￥26/人 | B2 | 3.9,Birdie Cup | Coffee | 🌟🌟🌟🌟🌟 | 咖啡￥26/人 | B2 | 3.9,ocr/input_videos\上海__芮欧百货__20260825.mp4
OBS-000304,芮欧百货,DRIES VAN NOTEN,DRIESVANNOTEN,化妆品,3.4,,1F,rated,True,,rated,parsed,rating_anchor,0.9849,0.9719,47,2563,46.316,化妆品 | 🌟⭐ | 1F | ⭐⭐ | 3.4,DRIES VAN NOTEN | 化妆品 | 🌟⭐ | 1F | ⭐⭐ | 3.4,ocr/input_videos\上海__芮欧百货__20260825.mp4
OBS-000305,芮欧百货,椒香湃,椒香湃,美食,3.3,38,B2,rated,True,,rated,parsed,rating_anchor,0.9818,0.9986,58,2563,46.316,⭐🌟⭐⭐⭐ | 3.3美食￥38/人 | B2,椒香湃 | ⭐🌟⭐⭐⭐ | 3.3美食￥38/人 | B2,ocr/input_videos\上海__芮欧百货__20260825.mp4
OBS-000306,芮欧百货,LIINLCC个生·于打竹傢乐,LIINLCC个生·于打竹家乐,茶饮果汁,3.8,19,B2,rated,True,,rated,parsed,rating_anchor,0.8807,0.7973,36,2585,46.714,B2 | 3.8茶饮果汁￥19/人,LIINLCC个生·于打竹傢乐 | 这杯康普 | 2 | 好汽质 | B2 | 3.8茶饮果汁￥19/人 | 暂停营业,ocr/input_videos\上海__芮欧百货__20260825.mp4
OBS-000307,芮欧百货,拉贝儿 LABELLE & Maxim,拉贝儿LABELLE&Maxim,服饰鞋包,3.5,,3F,rated,True,,rated,parsed,rating_anchor,0.9575,0.9155,57,2585,46.714,🌟⭐3.5 | 3F | 服饰鞋包,AW | 拉贝儿 LABELLE & Maxim | 🌟⭐3.5 | 3F | 服饰鞋包,ocr/input_videos\上海__芮欧百货__20260825.mp4
OBS-000308,芮欧百货,Manner Coffee,MannerCoffee,咖啡,3.9,18,B2,rated,True,,rated,parsed,rating_anchor,0.9539,0.9564,57,2585,46.714,🌟🌟3.9 | 咖啡￥18/人 | B2,Manner Coffee | 🌟🌟3.9 | 咖啡￥18/人 | B2 | MANNER,ocr/input_videos\上海__芮欧百货__20260825.mp4
OBS-000309,芮欧百货,Birdie,Birdie,咖啡,3.9,26,B2,rated,True,,rated,parsed,rating_anchor,0.9585,0.9988,51,2585,46.714,🌟🌟🌟🌟🌟 | 咖啡￥26/人 | B2 | 3.9,Coffee | Birdie | Cup | 🌟🌟🌟🌟🌟 | 咖啡￥26/人 | B2 | 3.9,ocr/input_videos\上海__芮欧百货__20260825.mp4
OBS-000310,芮欧百货,DRIES VAN NOTEN,DRIESVANNOTEN,化妆品,3.4,,1F,rated,True,,rated,parsed,rating_anchor,0.9874,0.9755,47,2585,46.714,化妆品 | ⭐🌟🎉 | 1F | ★⭐ | 3.4,DRIES VAN NOTEN | 化妆品 | ⭐🌟🎉 | 1F | ★⭐ | 3.4 | 0,ocr/input_videos\上海__芮欧百货__20260825.mp4
OBS-000311,芮欧百货,椒香湃,椒香湃,美食,3.3,38,B2,rated,True,,rated,parsed,rating_anchor,0.9823,0.9987,58,2585,46.714,★★★★★ | 3.3美食￥38/人 | B2,椒香湃 | ★★★★★ | 3.3美食￥38/人 | B2,ocr/input_videos\上海__芮欧百货__20260825.mp4
OBS-000312,芮欧百货,LINLEC个生·于打竹傢乐,LINLEC个生·于打竹家乐,茶饮果汁,3.8,19,B2,rated,True,,rated,parsed,rating_anchor,0.8542,0.7442,36,2629,47.509,3.8茶饮果汁￥19/人 | B2,LINLEC个生·于打竹傢乐 | 这杯康普 | 好汽质 | 3.8茶饮果汁￥19/人 | B2 | 暂停营业,ocr/input_videos\上海__芮欧百货__20260825.mp4
OBS-000313,芮欧百货,拉贝儿 LABELLE & Maxim,拉贝儿LABELLE&Maxim,服饰鞋包,3.5,,3F,rated,True,,rated,parsed,rating_anchor,0.9711,0.9437,57,2629,47.509,🌟⭐3.5 | 服饰鞋包 | 3F,AW | 拉贝儿 LABELLE & Maxim | 🌟⭐3.5 | 服饰鞋包 | 3F,ocr/input_videos\上海__芮欧百货__20260825.mp4
OBS-000314,芮欧百货,Manner Coffee,MannerCoffee,咖啡,3.9,18,B2,rated,True,,rated,parsed,rating_anchor,0.9728,0.9943,54,2629,47.509,🌟🌟⭐3.9 | 咖啡￥18/人 | B2,Manner Coffee | 🌟🌟⭐3.9 | 咖啡￥18/人 | B2 | MANNER,ocr/input_videos\上海__芮欧百货__20260825.mp4
OBS-000315,芮欧百货,Birdie,Birdie,咖啡,3.9,26,B2,rated,True,,rated,parsed,rating_anchor,0.9709,0.9992,50,2629,47.509,⭐🌟🌟🌟⭐ | 咖啡￥26/人 | B2 | 3.9,Cup | Coffee | Birdie | ⭐🌟🌟🌟⭐ | 咖啡￥26/人 | B2 | 3.9,ocr/input_videos\上海__芮欧百货__20260825.mp4
OBS-000316,芮欧百货,DRIES VAN NOTEN,DRIESVANNOTEN,化妆品,3.4,,1F,rated,True,,rated,parsed,rating_anchor,0.9851,0.9747,44,2629,47.509,化妆品 | 1F | 🌟🌟🎉 | ★⭐ | 3.4,DRIES VAN NOTEN | 化妆品 | 1F | 🌟🌟🎉 | ★⭐ | 3.4,ocr/input_videos\上海__芮欧百货__20260825.mp4
OBS-000317,芮欧百货,椒香湃,椒香湃,美食,3.3,38,B2,rated,True,,rated,parsed,rating_anchor,0.9792,0.9988,58,2629,47.509,★★🌟⭐🌟 | 3.3美食￥38/人 | B2,椒香湃 | ★★🌟⭐🌟 | 3.3美食￥38/人 | B2 | 久久丫鸭脖 | 热的没胃口？ | 订迎 | 万煙壺,ocr/input_videos\上海__芮欧百货__20260825.mp4
OBS-000318,芮欧百货,DRIESVAN NOTEN,DRIESVANNOTEN,化妆品,3.4,,1F,rated,True,,rated,parsed,rating_anchor,0.9826,0.9658,41,2816,50.888,化妆品 | 🌟🌟🎉 | 1F | ⭐⭐ | 3.4,DRIESVAN NOTEN | 化妆品 | 🌟🌟🎉 | 1F | ⭐⭐ | 3.4,ocr/input_videos\上海__芮欧百货__20260825.mp4
OBS-000319,芮欧百货,椒香湃,椒香湃,美食,3.3,38,B2,rated,True,,rated,parsed,rating_anchor,0.971,0.999,58,2816,50.888,⭐🌟⭐ | ★🌟 | 美食￥38/人 | B2 | 3.3,椒香湃 | ⭐🌟⭐ | ★🌟 | 美食￥38/人 | B2 | 3.3,ocr/input_videos\上海__芮欧百货__20260825.mp4
OBS-000320,芮欧百货,久久丫鸭脖,久久丫鸭脖,卤味鸭脖,3.1,42,B2,rated,True,,rated,parsed,rating_anchor,0.9807,0.9958,55,2816,50.888,🌟🌟🎉🌟🌟 | B2 | 卤味鸭脖￥42/人 | 3.1,久久丫鸭脖 | 夏印 | 热的没胃口？ | 柔の久久丫拝棄 | 🌟🌟🎉🌟🌟 | B2 | 卤味鸭脖￥42/人 | 3.1 | 久久丫,ocr/input_videos\上海__芮欧百货__20260825.mp4
OBS-000321,芮欧百货,WHM得趣园,WHM得趣园,服饰鞋包,4.0,,4F,rated,True,,rated,parsed,rating_anchor,0.9987,0.9982,49,2816,50.888,🌟🌟🌟🌟 | 4F | 服饰鞋包 | 4.0,WHM得趣园 | 🌟🌟🌟🌟 | 4F | 服饰鞋包 | 4.0 | 装修有感觉，挂毯真棒,ocr/input_videos\上海__芮欧百货__20260825.mp4
OBS-000322,芮欧百货,香港肥佬九记牛腩,香港肥佬九记牛腩,小吃,3.8,42,B2,rated,True,,rated,parsed,rating_anchor,0.9688,0.9993,51,2816,50.888,🌟🌟🌟🌟🌟 | B2 | 小吃￥42/人 | 3.8,香港肥佬九记牛腩 | 肥佬 | 🌟🌟🌟🌟🌟 | B2 | 小吃￥42/人 | 3.8 | 九记 | 点评榜单 | 静安区小吃打卡人气榜第1名,ocr/input_videos\上海__芮欧百货__20260825.mp4
OBS-000323,芮欧百货,SKROLL卡特司库·司康·生吐司,SKROLL卡特司库·司康·生吐司,面包蛋糕,4.3,36,B2,rated,True,,rated,parsed,rating_anchor,0.9926,0.9889,51,2816,50.888,B2 | 🌟🌟🌟🌈 | ￥36/人 | 4.3 | 面包蛋糕,SOm | OREO | SKROLL卡特司库·司康·生吐司 | CRUNCH | SCONE | B2 | 🌟🌟🌟🌈 | ￥36/人 | 4.3 | 面包蛋糕 | 点评榜单 | 肉到 | 静安寺商圈面包蛋糕好评榜第8名 | 可 | SEA New York,ocr/input_videos\上海__芮欧百货__20260825.mp4
OBS-000324,芮欧百货,查湃,查湃,美食,3.3,38,B2,rated,True,,rated,parsed,rating_anchor,0.8445,0.7326,47,2849,51.485,🌟🌟🌟⭐🌟 | B2 | 美食￥38/人 | 3.3,查湃 | 🌟🌟🌟⭐🌟 | B2 | 美食￥38/人 | 3.3,ocr/input_videos\上海__芮欧百货__20260825.mp4
OBS-000325,芮欧百货,久久丫鸭脖,久久丫鸭脖,卤味鸭脖,3.1,,B2,rated,True,,rated,parsed,rating_anchor,0.9821,0.9992,56,2849,51.485,🌟🌟🌟🌟🌟 | 3.1卤味鸭脖￥42/ | B2,久久丫鸭脖 | 订 | 热的投胃口？ | 柔朔久久丫拝菜 | 🌟🌟🌟🌟🌟 | 3.1卤味鸭脖￥42/ | B2 | 久久Y,ocr/input_videos\上海__芮欧百货__20260825.mp4
OBS-000326,芮欧百货,WHM得趣园,WHM得趣园,服饰鞋包,4.0,,4F,rated,True,,rated,parsed,rating_anchor,0.999,0.9987,49,2849,51.485,🌟🌟🌟🎉 | 服饰鞋包 | 4F | 4.0,WHM得趣园 | 🌟🌟🌟🎉 | 服饰鞋包 | 4F | 4.0 | 装修有感觉，挂毯真棒,ocr/input_videos\上海__芮欧百货__20260825.mp4
OBS-000327,芮欧百货,香港肥佬九记牛腩,香港肥佬九记牛腩,小吃,3.8,42,B2,rated,True,,rated,parsed,rating_anchor,0.9995,0.9997,48,2849,51.485,🌟🌟🌟🌟🌟 | B2 | 小吃 | ￥42/人 | 3.8,香港肥佬九记牛腩 | 肥佬 | 🌟🌟🌟🌟🌟 | B2 | 小吃 | ￥42/人 | 3.8 | 九記 | 点评榜单 | 静安区小吃打卡人气榜第1名,ocr/input_videos\上海__芮欧百货__20260825.mp4
OBS-000328,芮欧百货,SKROLL卡特司库·司康·生吐司,SKROLL卡特司库·司康·生吐司,面包蛋糕,4.3,36,B2,rated,True,,rated,parsed,rating_anchor,0.9672,0.9918,54,2849,51.485,🌟🌟⭐⭐ | B2 | 面包蛋糕￥36/人 | 4.3 | 2,HU | OREO: | SKROLL卡特司库·司康·生吐司 | CRUNCH | SCONE | 🌟🌟⭐⭐ | B2 | 面包蛋糕￥36/人 | 4.3 | 2 | 点评榜单 | 奥到 | 静安寺商圈面包蛋糕好评榜第8名 | 司康。,ocr/input_videos\上海__芮欧百货__20260825.mp4
OBS-000329,芮欧百货,SEA New York,SEANewYork,服饰鞋包,4.8,,3F,rated,True,,rated,parsed,rating_anchor,0.9639,0.9295,51,2849,51.485,3F | 🌟🌟⭐⭐🌟 | 服饰鞋包 | 4.8,SEA New York | 3F | 🌟🌟⭐⭐🌟 | 服饰鞋包 | 4.8 | 欢囍花生 | 匡上,ocr/input_videos\上海__芮欧百货__20260825.mp4
OBS-000330,芮欧百货,久久丫鸭脖,久久丫鸭脖,卤味鸭脖,3.1,42,B2,rated,True,,rated,parsed,rating_anchor,0.9839,0.9991,56,2871,51.882,🌟🌟🌟⭐⭐ | B2 | 3.1卤味鸭脖￥42/人,久久丫鸭脖 | TEM | 熱的沒胃口？ | 柔のクク丫牌葉 | 🌟🌟🌟⭐⭐ | B2 | 3.1卤味鸭脖￥42/人 | 久久Y,ocr/input_videos\上海__芮欧百货__20260825.mp4
OBS-000331,芮欧百货,WHM得趣园,WHM得趣园,服饰鞋包,4.0,,4F,rated,True,,rated,parsed,rating_anchor,0.9991,0.9987,48,2871,51.882,🌟🌟🌟🌟 | 4F | 服饰鞋包 | 4.0,WHM得趣园 | 🌟🌟🌟🌟 | 4F | 服饰鞋包 | 4.0 | 装修有感觉，挂毯真棒,ocr/input_videos\上海__芮欧百货__20260825.mp4
OBS-000332,芮欧百货,香港肥佬九记牛腩,香港肥佬九记牛腩,小吃,3.8,42,B2,rated,True,,rated,parsed,rating_anchor,0.9993,0.9992,53,2871,51.882,B2 | ￥42/人 | ★★★★★ | 小吃 | 3.8,香港肥佬九记牛腩 | 肥佬 | B2 | ￥42/人 | ★★★★★ | 小吃 | 3.8 | 九記 | 点评榜单 | 静安区小吃打卡人气榜第1名,ocr/input_videos\上海__芮欧百货__20260825.mp4
OBS-000333,芮欧百货,SKROLL卡特司库·司康·生吐司,SKROLL卡特司库·司康·生吐司,面包蛋糕,4.3,36,B2,rated,True,,rated,parsed,rating_anchor,0.9891,0.9843,51,2871,51.882,B2 | 🌟🌟⭐ | ￥36/人 | 面包蛋糕 | 4.3,SIOHL | OREO: | SKROLL卡特司库·司康·生吐司 | CRUNCH | SCONE | B2 | 🌟🌟⭐ | ￥36/人 | 面包蛋糕 | 4.3 | 点评榜单 | 肉 | 静安寺商圈面包蛋糕好评榜第8名 | 可,ocr/input_videos\上海__芮欧百货__20260825.mp4
OBS-000334,芮欧百货,SEA New York,SEANewYork,服饰鞋包,4.8,,3F,rated,True,,rated,parsed,rating_anchor,0.991,0.9826,48,2871,51.882,3F | 🌟🌟🌟🌟🌟 | 服饰鞋包 | 4.8,SEA New York | 3F | 🌟🌟🌟🌟🌟 | 服饰鞋包 | 4.8,ocr/input_videos\上海__芮欧百货__20260825.mp4
OBS-000335,芮欧百货,欢囍花生,欢囍花生,栗子/干果,4.2,50,B2,rated,True,,rated,parsed,rating_anchor,0.9765,0.9997,53,2871,51.882,🌟🌟🌟🌟 | B2 | ￥50/人 | 栗子/干果 | 4.2,欢囍花生 | 馬上 | 🌟🌟🌟🌟 | B2 | ￥50/人 | 栗子/干果 | 4.2,ocr/input_videos\上海__芮欧百货__20260825.mp4
OBS-000336,芮欧百货,SEA NewYork,SEANewYork,服饰鞋包,4.8,,3F,rated,True,,rated,parsed,rating_anchor,0.9924,0.9853,45,2937,53.075,3F | 🌟🌟🌟🌟🌟 | 服饰鞋包 | 4.8,SEA NewYork | 3F | 🌟🌟🌟🌟🌟 | 服饰鞋包 | 4.8 | MeYorx,ocr/input_videos\上海__芮欧百货__20260825.mp4
OBS-000337,芮欧百货,欢囍花生,欢囍花生,买,4.2,50,B2,rated,True,,rated,parsed,rating_anchor,0.9109,0.9994,53,2937,53.075,🌟🌟🎉🎉 | B2 | 栗子/干果￥50/人 | 4.2买 | ★,欢囍花生 | 馬上 | 🌟🌟🎉🎉 | B2 | 栗子/干果￥50/人 | 4.2买 | ★ | 欢囍 | 起欢囍花生,ocr/input_videos\上海__芮欧百货__20260825.mp4
OBS-000338,芮欧百货,naruroo soufflé日式舒芙蕾,naruroosoufflé日式舒芙蕾,面包蛋糕,3.9,38,B2,rated,True,,rated,parsed,rating_anchor,0.9594,0.9586,51,2937,53.075,🌟🌟🌟🌟 | 面包蛋糕￥38/人 | B2 | 3.9,naruroo soufflé日式舒芙蕾 | 🌟🌟🌟🌟 | 面包蛋糕￥38/人 | B2 | 3.9 | narurao | 点评榜单 | SOUFrLE | 静安寺商圈面包蛋糕打卡人气榜第8名 | 男热 | 成计关业戏学型,ocr/input_videos\上海__芮欧百货__20260825.mp4
OBS-000339,芮欧百货,唐师傅登门回收钻石黄金,唐师傅登门回收钻石黄金,金银首饰回收,,,商场内,unknown,True,,ocr_missing,parsed,metadata_anchor,0.993,0.9863,48,2937,53.075,商场内 | 🌟🌟🌟⭐⭐ | 金银首饰回收 | 14.8,唐师傅登门回收钻石黄金 | 业费上门 | 唐师傅 | 专业回收黄金 | 商场内 | 🌟🌟🌟⭐⭐ | 金银首饰回收 | 14.8 | 专重国校青金检企全站石区会 | 现利就型 | 高身当款 | 静安区回收服务销量榜第10名 | 检验快速无损，地铁站附近方便好找 | “ | ￥1￥5 | 惠 | 【免费】上海市全市免费上门回收,ocr/input_videos\上海__芮欧百货__20260825.mp4
OBS-000340,芮欧百货,肥汁米蘭香港米线,肥汁米兰香港米线,小吃快餐,3.7,46,B2,rated,True,,rated,parsed,rating_anchor,0.9637,0.998,48,2937,53.075,B2 | 🌟★🌟🌟3.7 | 小吃快餐￥46/人,肥汁米蘭香港米线 | 園 | B2 | 🌟★🌟🌟3.7 | 小吃快餐￥46/人 | 肥汁米蘭 | 汤汁浓郁，口感极佳 | 窗 | BUTTER&FISH黄油&渔·黄油手,ocr/input_videos\上海__芮欧百货__20260825.mp4
OBS-000341,芮欧百货,SEA NewYork,SEANewYork,服饰鞋包,4.8,,3F,rated,True,,rated,parsed,rating_anchor,0.9848,0.9711,51,2948,53.274,3F | 🌟🌟🌟🌟 | 服饰鞋包 | 4.8,SEA NewYork | 3F | 🌟🌟🌟🌟 | 服饰鞋包 | 4.8,ocr/input_videos\上海__芮欧百货__20260825.mp4
OBS-000342,芮欧百货,欢囍花生,欢囍花生,栗子/干果,4.2,50,B2,rated,True,,rated,parsed,rating_anchor,0.9571,0.999,53,2948,53.274,⭐🌟⭐⭐⭐ | B2 | 栗子/干果￥50/人 | 4.2,欢囍花生 | 馬上 | ⭐🌟⭐⭐⭐ | B2 | 栗子/干果￥50/人 | 4.2 | 欢囍 | 起欢囍花生,ocr/input_videos\上海__芮欧百货__20260825.mp4
OBS-000343,芮欧百货,naruroo soufflé日式舒芙蕾,naruroosoufflé日式舒芙蕾,面包蛋糕,3.9,38,B2,rated,True,,rated,parsed,rating_anchor,0.9839,0.9694,51,2948,53.274,B2 | 🌟🌟🌟🌟🌟 | 面包蛋糕 | ￥38/人 | 3.9,naruroo soufflé日式舒芙蕾 | B2 | 🌟🌟🌟🌟🌟 | 面包蛋糕 | ￥38/人 | 3.9 | narurao | SOUFFLS | 点评镑单 | 静安寺商圈面包蛋糕打卡人气榜第8名 | 安 | 蓝签,ocr/input_videos\上海__芮欧百货__20260825.mp4
OBS-000344,芮欧百货,唐师傅登门回收钻石黄金,唐师傅登门回收钻石黄金,金银首饰回收,4.8,,商场内,rated,True,,rated,parsed,rating_anchor,0.9946,0.9897,51,2948,53.274,商场内 | 金银首饰回收 | ★🌟★★★ | 4.8,唐师傅登门回收钻石黄金 | 免上门 | 唐师傅 | 1 | 专业回收黄金 | 商场内 | 金银首饰回收 | ★🌟★★★ | 4.8 | 专业国校业热金更全站石民金 | 海程量 | 高机当 | 静安区回收服务销量榜第10名 | 检验快速无损，地铁站附近方便好找 | ￥1￥5 | 惠 | 【免费】上海市全市免费上门回收,ocr/input_videos\上海__芮欧百货__20260825.mp4
OBS-000345,芮欧百货,肥汁米蘭香港米线,肥汁米兰香港米线,小吃快餐,3.7,46,B2,rated,True,,rated,parsed,rating_anchor,0.9962,0.9936,53,2948,53.274,B2 | ⭐🌟3.7 | 小吃快餐 | ￥46/人,肥汁米蘭香港米线 | FEI ZAP W LA | B2 | ⭐🌟3.7 | 小吃快餐 | ￥46/人 | 肥汁米蘭 | 汤汁浓郁，口感极佳” | 香,ocr/input_videos\上海__芮欧百货__20260825.mp4
OBS-000346,芮欧百货,BUTTER&FISH黃油&渔·黃油手...,BUTTER&FISH黄油&渔·黄油手,快餐简餐,3.9,59,B2,rated,True,,rated,parsed,rating_anchor,0.9249,0.8916,51,2948,53.274,B2 | 3.9快餐简餐￥59/人 | -,BUTTER&FISH黃油&渔·黃油手... | B2 | 3.9快餐简餐￥59/人 | -,ocr/input_videos\上海__芮欧百货__20260825.mp4
OBS-000347,芮欧百货,欢囍花生,欢囍花生,栗子/干果,4.2,50,B2,rated,True,,rated,parsed,rating_anchor,0.9758,0.9955,56,2992,54.069,🌟🌟⭐⭐ | 4.2栗子/干果￥50/人 | B2 | ★,欢囍花生 | 馬上 | 🌟🌟⭐⭐ | 4.2栗子/干果￥50/人 | B2 | ★ | 欢囍 | 起欢囍花生,ocr/input_videos\上海__芮欧百货__20260825.mp4
OBS-000348,芮欧百货,naruroo soufflé日式舒芙蕾,naruroosoufflé日式舒芙蕾,面包蛋糕,3.9,38,B2,rated,True,,rated,parsed,rating_anchor,0.9564,0.9682,54,2992,54.069,B2 | 🌟🌟🌟🌟🌟 | 面包蛋糕￥38/人 | 3.9,naruroo soufflé日式舒芙蕾 | B2 | 🌟🌟🌟🌟🌟 | 面包蛋糕￥38/人 | 3.9 | narurao | 点评榜单 | SOUFFLS | 静安寺商圈面包蛋糕打卡人气榜第8名 | 安 | 温芙签财,ocr/input_videos\上海__芮欧百货__20260825.mp4
OBS-000349,芮欧百货,唐师傅登门回收钻石黄金,唐师傅登门回收钻石黄金,金银首饰回收,4.8,,商场内,rated,True,,rated,parsed,rating_anchor,0.9242,0.9585,54,2992,54.069,商场内 | ⭐⭐4.8金银首饰回收,唐师傅登门回收钻石黄金 | 免上门 | 唐师傅 | 专业回收黄金 | 商场内 | ⭐⭐4.8金银首饰回收 | 专业国校黄业护金更金站石区金 | 因程闻量 | 高 | 静安区回收服务销量榜第10名 | 检验快速无损，地铁站附近方便好找 | ￥1￥5 | 【免费】上海市全市免费上门回收 | 惠,ocr/input_videos\上海__芮欧百货__20260825.mp4
OBS-000350,芮欧百货,肥汁米蘭香港米线,肥汁米兰香港米线,小吃快餐,3.7,46,B2,rated,True,,rated,parsed,rating_anchor,0.9655,0.9921,51,2992,54.069,3.7小吃快餐￥46/人 | B2,肥汁米蘭香港米线 | 3.7小吃快餐￥46/人 | B2 | FEL | 肥汁米蘭 | 汤汁浓郁，口感极佳” | 通魚し,ocr/input_videos\上海__芮欧百货__20260825.mp4
OBS-000351,芮欧百货,BUTTER&FISH黃油&渔·黃油手...,BUTTER&FISH黄油&渔·黄油手,快餐简餐,3.9,59,B2,rated,True,,rated,parsed,rating_anchor,0.9219,0.8824,51,2992,54.069,3.9快餐简餐￥59/人 | B2,BUTTER&FISH黃油&渔·黃油手... | 3.9快餐简餐￥59/人 | B2 | Acne Studios,ocr/input_videos\上海__芮欧百货__20260825.mp4
OBS-000352,芮欧百货,唐师傅登门回收钻石黄金,唐师傅登门回收钻石黄金,金银首饰回收,4.8,,商场内,rated,True,,rated,parsed,rating_anchor,0.9961,0.9927,53,3047,55.063,商场内 | ★🌟★🌟★ | 金银首饰回收 | 4.8,唐师傅登门回收钻石黄金 | 免雪上门 | 唐师傅 | [ | 专业回收黄金 | 商场内 | ★🌟★🌟★ | 金银首饰回收 | 4.8 | 专业国校业地业定全站石区金 | 程单 | 真电当需 | 静安区回收服务销量榜第10名 | 检验快速无损，地铁站附近方便好找 | “ | ￥1￥5 | 惠 | 【免费】上海市全市免费上门回收,ocr/input_videos\上海__芮欧百货__20260825.mp4
OBS-000353,芮欧百货,肥汁米蘭香港米线,肥汁米兰香港米线,小吃快餐,,46,B2,unknown,True,,ocr_missing,parsed,metadata_anchor,0.9748,0.998,48,3047,55.063,B2 | ⭐⭐★⭐3.71 | 小吃快餐￥46/人,HEIZAP HAA LA | 肥汁米蘭香港米线 | B2 | ⭐⭐★⭐3.71 | 小吃快餐￥46/人 | FEI | 肥汁米蘭 | 汤汁浓郁，口感极佳 | 国ン,ocr/input_videos\上海__芮欧百货__20260825.mp4
OBS-000354,芮欧百货,BUTTER&FISH黄油&渔·黄油手...,BUTTER&FISH黄油&渔·黄油手,快餐简餐,3.9,59,B2,rated,True,,rated,parsed,rating_anchor,0.9093,0.8833,51,3047,55.063,3.9快餐简餐￥59/人 | B2,BUTTER&FISH黄油&渔·黄油手... | 3.9快餐简餐￥59/人 | B2,ocr/input_videos\上海__芮欧百货__20260825.mp4
OBS-000355,芮欧百货,Acne Studios,AcneStudios,服装,4.6,1615,2F,rated,True,,rated,parsed,rating_anchor,0.9675,0.9949,48,3047,55.063,2F | ★★★★★ | 服装￥1615/人 | 4.6,Acne Studios | 2F | ★★★★★ | 服装￥1615/人 | 4.6 | Acne Studios | 点评榜单 | 静安寺商圈服装热门榜第2名 | 衣服版型好，颜百搭”,ocr/input_videos\上海__芮欧百货__20260825.mp4
OBS-000356,芮欧百货,油梨树AVOCADOTREE,油梨树AVOCADOTREE,西式快餐,,58,B2,new_store,False,new_store,ocr_missing,parsed,metadata_anchor,0.9733,0.9969,47,3047,55.063,B2 | 西式快餐￥58/人 | 新店,油梨树AVOCADOTREE | 新鲜不预制 | B2 | 西式快餐￥58/人 | 新店 | 点评榜单 | 静安寺商圈小吃快餐新店榜第7名 | 油梨树 | AVOCADO | TREE | ￥238.9折 | 惠 | ￥26夏日牛油果冰淇淋,ocr/input_videos\上海__芮欧百货__20260825.mp4
OBS-000357,芮欧百货,肥汁米蘭香港米线,肥汁米兰香港米线,小吃快餐,3.7,46,B2,rated,True,,rated,parsed,rating_anchor,0.9453,0.9934,54,3080,55.659,B2 | ★3.7小吃快餐￥46/人,肥汁米蘭香港米线 | 園 | 寶AP MAI LAAN | B2 | ★3.7小吃快餐￥46/人 | 肥汁米蘭 | 汤汁浓郁，口感极佳 | 固國國,ocr/input_videos\上海__芮欧百货__20260825.mp4
OBS-000358,芮欧百货,BUTTER&FISH黄油&渔·黄油手...,BUTTER&FISH黄油&渔·黄油手,快餐简餐,3.9,59,B2,rated,True,,rated,parsed,rating_anchor,0.929,0.897,51,3080,55.659,★🌟🌟★ | B2 | 快餐简餐￥59/人 | 3.9,BUTTER&FISH黄油&渔·黄油手... | ★🌟🌟★ | B2 | 快餐简餐￥59/人 | 3.9,ocr/input_videos\上海__芮欧百货__20260825.mp4
OBS-000359,芮欧百货,Acne Studios,AcneStudios,服装,4.6,1615,2F,rated,True,,rated,parsed,rating_anchor,0.9749,0.9889,45,3080,55.659,2F | 🌟🌟🌟🌟🌟 | 服装￥1615/人 | 4.6,Acne Studios | 2F | 🌟🌟🌟🌟🌟 | 服装￥1615/人 | 4.6 | Acne Studios | 点评榜单 | 静安寺商圈服装热门榜第2名 | 衣服版型好，颜色百搭” | 1,ocr/input_videos\上海__芮欧百货__20260825.mp4
OBS-000360,芮欧百货,油梨树AVOCADOTREE,油梨树AVOCADOTREE,西式快餐,,58,B2,new_store,False,new_store,ocr_missing,parsed,metadata_anchor,0.9772,0.9947,51,3080,55.659,新店 | B2 | 西式快餐￥58/人,油梨树AVOCADOTREE | 新鲜不预制 | 新店 | B2 | 西式快餐￥58/人 | 点评榜单 | 静安寺商圈小吃快餐新店榜第7名 | 油梨树 | AVOCADO | TREE | ￥23 | 8.9折 | 惠 | ￥26夏日牛油果冰淇淋,ocr/input_videos\上海__芮欧百货__20260825.mp4
OBS-000361,芮欧百货,壹盏灯,壹盏灯,湘菜,,,B2,unrated,False,explicitly_unrated,unrated,parsed,unrated_anchor,0.9942,0.9896,57,3080,55.659,湘菜 | B2 | ★★★★★ | 暂无星级,壹盏灯 | 壹盏灯 | 湘菜 | B2 | ★★★★★ | 暂无星级 | 上海首店 | 即格亚业,ocr/input_videos\上海__芮欧百货__20260825.mp4
OBS-000362,芮欧百货,唐师傅登门回收钻石黄金,唐师傅登门回收钻石黄金,金银首饰回收,4.8,,商场内,rated,True,,rated,parsed,rating_anchor,0.9848,0.9703,53,3102,56.057,★★🌟★★ | 商场内 | 金银首饰回收 | 4.8,唐师傅登门回收钻石黄金 | 免费上门 | 唐师傅 | 专业回收黄金 | ★★🌟★★ | 商场内 | 金银首饰回收 | 4.8 | 专业国校黄业协金更金站石区金 | 医程闻量 | 高电自面邦机 | 静安区回收服务销量榜第10名 | 检验快速无损，地铁站附近方便好找 | ￥1￥5 | 【免费】上海市全市免费上门回收 | 惠,ocr/input_videos\上海__芮欧百货__20260825.mp4
OBS-000363,芮欧百货,肥汁米蘭香港米线,肥汁米兰香港米线,小吃快餐,3.7,46,B2,rated,True,,rated,parsed,rating_anchor,0.9782,0.9982,50,3102,56.057,B2 | 3.7小吃快餐￥46/人,肥汁米蘭香港米线 | 可園 | TAP MAI LAAN | B2 | 3.7小吃快餐￥46/人 | 肥汁米蘭 | 汤汁浓郁，口感极佳 | 適画駅,ocr/input_videos\上海__芮欧百货__20260825.mp4
OBS-000364,芮欧百货,BUTTER&FISH黄油&渔·黃油手..,BUTTER&FISH黄油&渔·黄油手,快餐简餐,3.9,59,B2,rated,True,,rated,parsed,rating_anchor,0.9048,0.9002,50,3102,56.057,★3.9快餐简餐￥59/人 | B2,BUTTER&FISH黄油&渔·黃油手.. | ★3.9快餐简餐￥59/人 | B2,ocr/input_videos\上海__芮欧百货__20260825.mp4
OBS-000365,芮欧百货,Acne Studios,AcneStudios,服装,4.6,1615,2F,rated,True,,rated,parsed,rating_anchor,0.9772,0.9925,44,3102,56.057,2F | 🌟🌟🎉🌟🌟 | 服装￥1615/人 | 4.6,Acne Studios | 2F | 🌟🌟🎉🌟🌟 | 服装￥1615/人 | 4.6 | Acne Studios | 点评榜单 | 静安寺商圈服装热门榜第2名 | 衣服版型好，颜色百搭,ocr/input_videos\上海__芮欧百货__20260825.mp4
OBS-000366,芮欧百货,油梨树AVOCADO TREE,油梨树AVOCADOTREE,西式快餐,,58,B2,new_store,False,new_store,ocr_missing,parsed,metadata_anchor,0.9631,0.9676,51,3102,56.057,新店 | B2 | 西式快餐￥58/人,油梨树AVOCADO TREE | 新鲜不预制 | 新店 | B2 | 西式快餐￥58/人 | 点评榜单 | 静安寺商圈小吃快餐新店榜第7名 | 油梨树 | AVOCADO | TREE | ￥23 | 8.9折 | ￥26夏日牛油果冰淇淋 | 惠,ocr/input_videos\上海__芮欧百货__20260825.mp4
OBS-000367,芮欧百货,壹盏灯,壹盏灯,湘菜,,,B2,unrated,False,explicitly_unrated,unrated,parsed,unrated_anchor,0.9929,0.9863,58,3102,56.057,湘菜 | B2 | 🌟🌟🌟💥🌟 | 暂无星级,壹盏灯 | 壹盏灯 | 湘菜 | B2 | 🌟🌟🌟💥🌟 | 暂无星级 | 上海首店,ocr/input_videos\上海__芮欧百货__20260825.mp4
OBS-000368,芮欧百货,肥汁米蘭香港米线,肥汁米兰香港米线,小吃快餐,3.7,46,B2,rated,True,,rated,parsed,rating_anchor,0.9931,0.9872,54,3146,56.852,🌟🌟⭐3.7 | B2 | 小吃快餐 | ￥46/人,肥汁米蘭香港米线 | HEIZAMMU | 图 | 🌟🌟⭐3.7 | B2 | 小吃快餐 | ￥46/人 | 肥汁米蘭 | 汤汁浓郁，口感极佳 | 道地國,ocr/input_videos\上海__芮欧百货__20260825.mp4
OBS-000369,芮欧百货,BUTTER&FISH黃油&渔·黃油手...,BUTTER&FISH黄油&渔·黄油手,快餐简餐,3.9,59,B2,rated,True,,rated,parsed,rating_anchor,0.922,0.88,51,3146,56.852,🌟🌟🎉🌟🌟 | B2 | 3.9 | 快餐简餐￥59/人,BUTTER&FISH黃油&渔·黃油手... | 🌟🌟🎉🌟🌟 | B2 | 3.9 | 快餐简餐￥59/人,ocr/input_videos\上海__芮欧百货__20260825.mp4
OBS-000370,芮欧百货,Acne Studios,AcneStudios,服装,4.6,1615,2F,rated,True,,rated,parsed,rating_anchor,0.9969,0.9942,48,3146,56.852,🌟🌟🌟🌟🌟 | 2F | 服装 | ￥1615/人 | 4.6,Acne Studios | 🌟🌟🌟🌟🌟 | 2F | 服装 | ￥1615/人 | 4.6 | Acne Studios | 点评榜单 | 静安寺商圈服装热门榜第2名 | 衣服版型好，颜色百搭,ocr/input_videos\上海__芮欧百货__20260825.mp4
OBS-000371,芮欧百货,油梨树AVOCADOTREE,油梨树AVOCADOTREE,西式快餐,,58,B2,new_store,False,new_store,ocr_missing,parsed,metadata_anchor,0.9974,0.9954,51,3146,56.852,新店 | B2 | 西式快餐 | ￥58/人,油梨树AVOCADOTREE | 新鲜不预制 | 新店 | B2 | 西式快餐 | ￥58/人 | 点评榜单 | 静安寺商圈小吃快餐新店榜第7名 | 油梨树 | AVOCADO | TREE | ￥238.9折 | 惠 | ￥26夏日牛油果冰淇淋,ocr/input_videos\上海__芮欧百货__20260825.mp4
OBS-000372,芮欧百货,壹盏灯,壹盏灯,湘菜,,,B2,unrated,False,explicitly_unrated,unrated,parsed,unrated_anchor,0.9948,0.9904,57,3146,56.852,湘菜 | ★★★★★ | B2 | 暂无星级,壹盏灯 | 壹盏灯 | 湘菜 | ★★★★★ | B2 | 暂无星级 | 上海首店 | 即将开业,ocr/input_videos\上海__芮欧百货__20260825.mp4
OBS-000373,芮欧百货,self-portrait,self-portrait,服饰鞋包,4.2,4512,B1,rated,True,,rated,parsed,rating_anchor,0.9836,0.9993,54,3146,56.852,⭐🌟🌟⭐ | 4.2 | B1 | 服饰鞋包￥4512/人 | ★,self-portrait | ⭐🌟🌟⭐ | 4.2 | B1 | 服饰鞋包￥4512/人 | ★,ocr/input_videos\上海__芮欧百货__20260825.mp4
OBS-000374,芮欧百货,油梨树AVOCADOTREE,油梨树AVOCADOTREE,西式快餐,,58,B2,new_store,False,new_store,ocr_missing,parsed,metadata_anchor,0.9738,0.9958,53,3179,57.448,西式快餐￥58/人 | B2 | 新店,油梨树AVOCADOTREE | 新鲜不预制 | 西式快餐￥58/人 | B2 | 新店 | 点评榜单 | 静安寺商圈小吃快餐新店榜第7名 | 油梨树 | AVOCADO | TREE | ￥238.9折 | ￥26夏日牛油果冰淇淋 | 惠,ocr/input_videos\上海__芮欧百货__20260825.mp4
OBS-000375,芮欧百货,壹盏灯,壹盏灯,湘菜,,,B2,unrated,False,explicitly_unrated,unrated,parsed,unrated_anchor,0.9825,0.9655,63,3179,57.448,湘菜 | B2 | ★🌟🌟🌟 | 暂无星级,壹盏灯 | 壹盏灯 | 湘菜 | B2 | ★🌟🌟🌟 | 暂无星级 | 上海首店 | 即将开业,ocr/input_videos\上海__芮欧百货__20260825.mp4
OBS-000376,芮欧百货,self-portrait,self-portrait,服饰鞋包,4.2,4512,B1,rated,True,,rated,parsed,rating_anchor,0.9904,0.9996,55,3179,57.448,🌟🌟🌟🌟 | B1 | 服饰鞋包￥4512/人 | 4.2 | ★,self-portrait | 🌟🌟🌟🌟 | B1 | 服饰鞋包￥4512/人 | 4.2 | ★,ocr/input_videos\上海__芮欧百货__20260825.mp4
OBS-000377,芮欧百货,茶二·现萃中国茶,茶二·现萃中国茶,茶饮果汁,,23,B2,unrated,False,explicitly_unrated,unrated,parsed,unrated_anchor,0.9818,0.9945,55,3179,57.448,★★★★★ | 茶饮果汁￥23/人 | 暂无星级 | B2,茶二·现萃中国茶 | ★★★★★ | 茶饮果汁￥23/人 | 暂无星级 | B2 | 柴二 | 现萃柒 | TEAPRE88O,ocr/input_videos\上海__芮欧百货__20260825.mp4
OBS-000378,芮欧百货,芮欧美食广场,芮欧美食广场,美食,,,B2,unrated,False,explicitly_unrated,unrated,parsed,unrated_anchor,0.9991,0.9983,58,3179,57.448,美食 | ★★★★★ | 暂无星级 | B2,芮欧美食广场 | 双 | 鲜 | 美食 | ★★★★★ | 暂无星级 | B2 | 党国 | 再好吃 | 也没逃过倒闭,ocr/input_videos\上海__芮欧百货__20260825.mp4
OBS-000379,芮欧百货,mu designer label,mudesignerlabel,服饰鞋包,4.2,,B1,rated,True,,rated,parsed,rating_anchor,0.9944,0.9891,59,3179,57.448,⭐🌟⭐🌟🌟 | 服饰鞋包 | B1 | 4.2,mu designer label | ⭐🌟⭐🌟🌟 | 服饰鞋包 | B1 | 4.2,ocr/input_videos\上海__芮欧百货__20260825.mp4
OBS-000380,芮欧百货,油梨树AVOCADO TREE,油梨树AVOCADOTREE,西式快餐,,58,B2,new_store,False,new_store,ocr_missing,parsed,metadata_anchor,0.9818,0.964,54,3212,58.044,新店 | B2 | ￥58/人 | 西式快餐,油梨树AVOCADO TREE | 新鲜不预制 | 新店 | B2 | ￥58/人 | 西式快餐 | 点评榜单 | 静安寺商圈小吃快餐新店榜第7名 | 油梨树 | AVOCADO | TREE | ￥23 | 8.9折 | ￥26夏日牛油果冰淇淋 | 惠,ocr/input_videos\上海__芮欧百货__20260825.mp4
OBS-000381,芮欧百货,壹盏灯,壹盏灯,湘菜,,,B2,unrated,False,explicitly_unrated,unrated,parsed,unrated_anchor,0.9951,0.9917,58,3212,58.044,湘菜 | ★★★★★ | B2 | 暂无星级,壹盏灯 | 壹盏灯 | 湘菜 | ★★★★★ | B2 | 暂无星级 | 上海首店 | 即将开业,ocr/input_videos\上海__芮欧百货__20260825.mp4
OBS-000382,芮欧百货,self-portrait,self-portrait,服饰鞋包,4.2,4512,B1,rated,True,,rated,parsed,rating_anchor,0.9875,0.9992,51,3212,58.044,🌟🌟🌟🌟 | B1 | 4.2 | 服饰鞋包￥4512/人 | ★,self-portrait | 🌟🌟🌟🌟 | B1 | 4.2 | 服饰鞋包￥4512/人 | ★,ocr/input_videos\上海__芮欧百货__20260825.mp4
OBS-000383,芮欧百货,茶二·现萃中国茶,茶二·现萃中国茶,茶饮果汁,,23,B2,unrated,False,explicitly_unrated,unrated,parsed,unrated_anchor,0.9804,0.9925,51,3212,58.044,茶饮果汁￥23/人 | 🌟🌟🌟🌟🌟 | 暂无星级 | B2,茶二·现萃中国茶 | 茶饮果汁￥23/人 | 🌟🌟🌟🌟🌟 | 暂无星级 | B2 | 茶二 | 现萃茶 | TEAPRTSSO,ocr/input_videos\上海__芮欧百货__20260825.mp4
OBS-000384,芮欧百货,芮欧美食广场,芮欧美食广场,美食,,,B2,unrated,False,explicitly_unrated,unrated,parsed,unrated_anchor,0.9993,0.999,57,3212,58.044,美食 | B2 | 暂无星级 | ★★★★★,芮欧美食广场 | 美食 | B2 | 暂无星级 | ★★★★★ | 也没逃过倒闭,ocr/input_videos\上海__芮欧百货__20260825.mp4
OBS-000385,芮欧百货,mu,mu,服饰鞋包,4.2,,B1,rated,True,,rated,parsed,rating_anchor,0.9965,0.9937,37,3212,58.044,🌟🌟⭐⭐ | 服饰鞋包 | B1 | 4.2 | ★,designer label | mu | 🌟🌟⭐⭐ | 服饰鞋包 | B1 | 4.2 | ★,ocr/input_videos\上海__芮欧百货__20260825.mp4
OBS-000386,芮欧百货,余二·现卒中国乐,余二·现卒中国乐,茶饮果汁,,23,B2,unrated,False,explicitly_unrated,unrated,parsed,unrated_anchor,0.8757,0.7773,36,3300,59.635,茶饮果汁￥23/人 | ★★★★★ | 暂无星级 | B2,余二·现卒中国乐 | 茶饮果汁￥23/人 | ★★★★★ | 暂无星级 | B2 | 柴二 | 现萃菜 | TEAPTESSO,ocr/input_videos\上海__芮欧百货__20260825.mp4
OBS-000387,芮欧百货,芮欧美食广场,芮欧美食广场,美食,,,B2,unrated,False,explicitly_unrated,unrated,parsed,unrated_anchor,0.9991,0.9983,57,3300,59.635,美食 | B2 | 暂无星级 | ★★★★★,芮欧美食广场 | 双 | 美食 | B2 | 暂无星级 | ★★★★★ | 再好吃 | 也没逃过倒闭,ocr/input_videos\上海__芮欧百货__20260825.mp4
OBS-000388,芮欧百货,designer label,designerlabel,服饰鞋包,4.2,,B1,rated,True,,rated,parsed,rating_anchor,0.9959,0.9922,60,3300,59.635,服饰鞋包 | B1 | 4.2 | ★,designer label | mu | 🌟🌟⭐⭐ | 服饰鞋包 | B1 | 4.2 | ★,ocr/input_videos\上海__芮欧百货__20260825.mp4
OBS-000389,芮欧百货,IRO,IRO,服装,3.4,,B1,rated,True,,rated,parsed,rating_anchor,0.9956,0.9967,50,3300,59.635,⭐🌟⭐ | 3.4服装 | ★★ | B1,IRO | ⭐🌟⭐ | 3.4服装 | ★★ | B1,ocr/input_videos\上海__芮欧百货__20260825.mp4
OBS-000390,芮欧百货,Moose Knuckles,MooseKnuckles,服饰鞋包,3.5,,2F,rated,True,,rated,parsed,rating_anchor,0.9964,0.9935,50,3300,59.635,2F | 🌟🌟🌟🌟🌟 | 服饰鞋包 | 3.5,Moose Knuckles | 2F | 🌟🌟🌟🌟🌟 | 服饰鞋包 | 3.5 | 暂停营业,ocr/input_videos\上海__芮欧百货__20260825.mp4
OBS-000391,芮欧百货,BOTTLE植物创意生活馆,BOTTLE植物创意生活馆,DIY手工坊,4.4,258,5F,rated,True,,rated,parsed,rating_anchor,0.9879,0.9995,51,3300,59.635,🌟🌟🌟🌟 | DIY手工坊￥258/人 | 5F | 4.4 | 食,BOTTLE植物创意生活馆 | 🌟🌟🌟🌟 | DIY手工坊￥258/人 | 5F | 4.4 | 食,ocr/input_videos\上海__芮欧百货__20260825.mp4
OBS-000392,芮欧百货,余二·现卒中国乐,余二·现卒中国乐,茶饮果汁,,23,B2,unrated,False,explicitly_unrated,unrated,parsed,unrated_anchor,0.8783,0.7846,36,3355,60.629,茶饮果汁￥23/人 | ★★★★★ | 暂无星级 | B2,余二·现卒中国乐 | 茶饮果汁￥23/人 | ★★★★★ | 暂无星级 | B2 | 菜二 | 现萃菜 | TEAPTESSO,ocr/input_videos\上海__芮欧百货__20260825.mp4
OBS-000393,芮欧百货,芮欧美食广场,芮欧美食广场,美食,,,B2,unrated,False,explicitly_unrated,unrated,parsed,unrated_anchor,0.999,0.9981,57,3355,60.629,美食 | ★★★★★ | B2 | 暂无星级,芮欧美食广场 | 双 | 美食 | ★★★★★ | B2 | 暂无星级 | 再好吃 | 也没逃过倒闭,ocr/input_videos\上海__芮欧百货__20260825.mp4
OBS-000394,芮欧百货,mu,mu,服饰鞋包,4.2,,B1,rated,True,,rated,parsed,rating_anchor,0.9965,0.9938,37,3355,60.629,🌟🌟⭐⭐ | B1 | 服饰鞋包 | 4.2 | ★,designer label | mu | 🌟🌟⭐⭐ | B1 | 服饰鞋包 | 4.2 | ★,ocr/input_videos\上海__芮欧百货__20260825.mp4
OBS-000395,芮欧百货,IRO,IRO,服装,3.4,,B1,rated,True,,rated,parsed,rating_anchor,0.9209,0.9977,49,3355,60.629,⭐⭐⭐3.4服装 | B1,IRO | ⭐⭐⭐3.4服装 | B1,ocr/input_videos\上海__芮欧百货__20260825.mp4
OBS-000396,芮欧百货,Moose Knuckles,MooseKnuckles,服饰鞋包,3.5,,2F,rated,True,,rated,parsed,rating_anchor,0.998,0.9965,48,3355,60.629,服饰鞋包 | 2F | 🌟🌟🌟🌟🌟 | 3.5,Moose Knuckles | 服饰鞋包 | 2F | 🌟🌟🌟🌟🌟 | 3.5 | 暂停营业,ocr/input_videos\上海__芮欧百货__20260825.mp4
OBS-000397,芮欧百货,BOTTLE植物创意生活馆,BOTTLE植物创意生活馆,DIY手工坊,4.4,258,5F,rated,True,,rated,parsed,rating_anchor,0.9991,0.9995,48,3355,60.629,🌟🌟🌟🌟 | 5F | ￥258/人 | DIY手工坊 | 4.4 | ★,BOTTLE植物创意生活馆 | 🌟🌟🌟🌟 | 5F | ￥258/人 | DIY手工坊 | 4.4 | ★ | R13,ocr/input_videos\上海__芮欧百货__20260825.mp4
OBS-000398,芮欧百货,Moose Knuckles,MooseKnuckles,服饰鞋包,3.5,,2F,rated,True,,rated,parsed,rating_anchor,0.9597,0.9957,55,3388,61.225,⭐3.5服饰鞋包 | 2F,Moose Knuckles | ⭐3.5服饰鞋包 | 2F | 暂停营业,ocr/input_videos\上海__芮欧百货__20260825.mp4
OBS-000399,芮欧百货,BOTTLE植物创意生活馆,BOTTLE植物创意生活馆,DIY手工坊,4.4,258,5F,rated,True,,rated,parsed,rating_anchor,0.9765,0.9991,54,3388,61.225,4.4DIY手工坊￥258/人 | 5F,BOTTLE植物创意生活馆 | 4.4DIY手工坊￥258/人 | 5F,ocr/input_videos\上海__芮欧百货__20260825.mp4
OBS-000400,芮欧百货,R13,R13,服饰鞋包,3.5,,商场内,rated,True,,rated,parsed,rating_anchor,0.9976,0.9957,56,3388,61.225,商场内 | 🌟🌟🌟🌟 | 服饰鞋包 | 3.5,R13 | 商场内 | 🌟🌟🌟🌟 | 服饰鞋包 | 3.5 | 服务态度超好，款式挑选很专业 | ≤,ocr/input_videos\上海__芮欧百货__20260825.mp4
OBS-000401,芮欧百货,UNICA芮欧精品店,UNICA芮欧精品店,服饰鞋包,4.1,,4F,rated,True,,rated,parsed,rating_anchor,0.9989,0.999,54,3388,61.225,4.1服饰鞋包 | 4F | 🌟🌟⭐🌟,UNICA芮欧精品店 | 4.1服饰鞋包 | 4F | 🌟🌟⭐🌟 | UNICA | 高级感穿搭，品质女装好去处”,ocr/input_videos\上海__芮欧百货__20260825.mp4
OBS-000402,芮欧百货,SIMPLE Hair Salon,SIMPLEHairSalon,美发,4.7,451,4F,rated,True,,rated,parsed,rating_anchor,0.9646,0.9809,54,3388,61.225,🌟🌟⭐⭐🌟 | 4F | 美发￥451/人 | 4.7,SIMPLE Hair Salon | 🌟🌟⭐⭐🌟 | 4F | 美发￥451/人 | 4.7 | 点评榜单 | 静安寺商圈美发热门榜第3名 | “提前预约免排队，发型师技术绝佳” | ￥378￥380 | 【首席设计师】 | 惠,ocr/input_videos\上海__芮欧百货__20260825.mp4
OBS-000403,芮欧百货,BOTTLE植物创意生活馆,BOTTLE植物创意生活馆,DIY手工坊,4.4,258,5F,rated,True,,rated,parsed,rating_anchor,0.9834,0.9993,57,3410,61.622,4.4DIY手工坊￥258/人 | 5F,BOTTLE植物创意生活馆 | 4.4DIY手工坊￥258/人 | 5F,ocr/input_videos\上海__芮欧百货__20260825.mp4
OBS-000404,芮欧百货,R13,R13,月,3.5,,商场内,rated,True,,rated,parsed,rating_anchor,0.9135,0.9953,50,3410,61.622,🌟3.5月 | 商场内 | 服饰鞋包,R13 | 🌟3.5月 | 商场内 | 服饰鞋包 | 服务态度超好，款式挑选很专业 | C,ocr/input_videos\上海__芮欧百货__20260825.mp4
OBS-000405,芮欧百货,UNICA芮欧精品店,UNICA芮欧精品店,服饰鞋包,4.1,,4F,rated,True,,rated,parsed,rating_anchor,0.9974,0.9981,54,3410,61.622,🌟🌟🌟🌟⭐ | 4F | 4.1服饰鞋包,UNICA芮欧精品店 | 🌟🌟🌟🌟⭐ | 4F | 4.1服饰鞋包 | UNICA | 高级感穿搭，品质女装好去处” | “,ocr/input_videos\上海__芮欧百货__20260825.mp4
OBS-000406,芮欧百货,SIMPLE Hair Salon,SIMPLEHairSalon,美发,4.7,451,4F,rated,True,,rated,parsed,rating_anchor,0.9734,0.992,48,3410,61.622,美发￥451/人 | 4F | 🌟🌟★🌟🌟 | 4.7,SIMPLE Hair Salon | S | 美发￥451/人 | 4F | 🌟🌟★🌟🌟 | 4.7 | 点评榜单 | Simple Hair Salon | 静安寺商圈美发热门榜第3名 | 2021 | “提前预约免排队，发型师技术绝佳” | ￥378￥380 | 惠 | 【首席设计师】,ocr/input_videos\上海__芮欧百货__20260825.mp4
OBS-000407,芮欧百货,CA4LA,CA4LA,服饰鞋包,4.0,1605,3F,rated,True,,rated,parsed,rating_anchor,0.9842,0.9984,49,3410,61.622,🌟🌟🌟🌟 | 3F | 4.0服饰鞋包￥1605/人 | ★,CA4LA | 🌟🌟🌟🌟 | 3F | 4.0服饰鞋包￥1605/人 | ★ | 店员专业耐心，帽子出片又好看,ocr/input_videos\上海__芮欧百货__20260825.mp4
OBS-000408,芮欧百货,American Vintage,AmericanVintage,服饰鞋包,3.4,,3F,rated,True,,rated,parsed,rating_anchor,0.9974,0.9951,60,3410,61.622,3F | 🌟🌟🌟★🌟 | 服饰鞋包 | 3.4,American Vintage | 3F | 🌟🌟🌟★🌟 | 服饰鞋包 | 3.4 | 法国设计师设计，服饰宽松休闲,ocr/input_videos\上海__芮欧百货__20260825.mp4
OBS-000409,芮欧百货,BOTTLE植物创意生活馆,BOTTLE植物创意生活馆,DIY手工坊,4.4,258,5F,rated,True,,rated,parsed,rating_anchor,0.9861,0.9994,54,3443,62.219,🌟🌟🎉🌟 | 5F | 4.4DIY手工坊￥258/人 | ★,BOTTLE植物创意生活馆 | 🌟🌟🎉🌟 | 5F | 4.4DIY手工坊￥258/人 | ★,ocr/input_videos\上海__芮欧百货__20260825.mp4
OBS-000410,芮欧百货,R13,R13,服饰鞋包,3.5,,商场内,rated,True,,rated,parsed,rating_anchor,0.9985,0.998,54,3443,62.219,商场内 | ⭐🌟⭐🌟🌟 | 服饰鞋包 | 3.5,R13 | 商场内 | ⭐🌟⭐🌟🌟 | 服饰鞋包 | 3.5 | “服务态度超好，款式挑选很专业,ocr/input_videos\上海__芮欧百货__20260825.mp4
OBS-000411,芮欧百货,UNICA芮欧精品店,UNICA芮欧精品店,服饰鞋包,4.1,,4F,rated,True,,rated,parsed,rating_anchor,0.9978,0.9984,54,3443,62.219,4.1服饰鞋包 | 4F | 🌟🌟🌟🌟⭐,UNICA芮欧精品店 | 4.1服饰鞋包 | 4F | 🌟🌟🌟🌟⭐ | UNICA | 高级感穿搭，品质女装好去处”,ocr/input_videos\上海__芮欧百货__20260825.mp4
OBS-000412,芮欧百货,SIMPLE Hair Salon,SIMPLEHairSalon,美发,4.7,451,4F,rated,True,,rated,parsed,rating_anchor,0.9672,0.9836,51,3443,62.219,4F | 🌟★🌟🌟🌟 | 美发￥451/人 | 4.7,SIMPLE Hair Salon | S | 4F | 🌟★🌟🌟🌟 | 美发￥451/人 | 4.7 | Simple Hair Salon | 点评榜单 | 静安寺商圈美发热门榜第3名 | 2021 | 提前预约免排队，发型师技术绝佳 | ￥378￥380 | 惠 | 【首席设计师】,ocr/input_videos\上海__芮欧百货__20260825.mp4
OBS-000413,芮欧百货,CA4LA,CA4LA,服饰鞋包,4.0,1605,3F,rated,True,,rated,parsed,rating_anchor,0.9834,0.997,49,3443,62.219,🌟🌟🌟⭐ | 3F | 服饰鞋包￥1605/人 | 4.0 | X,CA4LA | 🌟🌟🌟⭐ | 3F | 服饰鞋包￥1605/人 | 4.0 | X | 店员专业耐心，帽子出片又好看 | 53,ocr/input_videos\上海__芮欧百货__20260825.mp4
OBS-000414,芮欧百货,American Vintage,AmericanVintage,服饰鞋包,3.4,,3F,rated,True,,rated,parsed,rating_anchor,0.997,0.9945,65,3443,62.219,⭐🌟🌟⭐⭐ | 3F | 服饰鞋包 | 3.4,American Vintage | ⭐🌟🌟⭐⭐ | 3F | 服饰鞋包 | 3.4 | 法国设计师设计，服饰宽松休闲 | C,ocr/input_videos\上海__芮欧百货__20260825.mp4
OBS-000415,芮欧百货,BOTTLE植物创意生活馆,BOTTLE植物创意生活馆,DIY手工坊,4.4,258,5F,rated,True,,rated,parsed,rating_anchor,0.9875,0.9994,54,3487,63.014,4.4DIY手工坊￥258/人 | 5F | 🌟🌟🎉🎉 | ★,BOTTLE植物创意生活馆 | 4.4DIY手工坊￥258/人 | 5F | 🌟🌟🎉🎉 | ★,ocr/input_videos\上海__芮欧百货__20260825.mp4
OBS-000416,芮欧百货,R13,R13,服饰鞋包,3.5,,商场内,rated,True,,rated,parsed,rating_anchor,0.9985,0.9979,54,3487,63.014,商场内 | 🌟🌟⭐🌟⭐ | 服饰鞋包 | 3.5,R13 | 商场内 | 🌟🌟⭐🌟⭐ | 服饰鞋包 | 3.5 | 服务态度超好，款式挑选很专业,ocr/input_videos\上海__芮欧百货__20260825.mp4
OBS-000417,芮欧百货,UNICA芮欧精品店,UNICA芮欧精品店,服饰鞋包,4.1,,4F,rated,True,,rated,parsed,rating_anchor,0.9984,0.999,55,3487,63.014,🌟🌟🌟⭐⭐ | 4.1服饰鞋包 | 4F,UNICA芮欧精品店 | 🌟🌟🌟⭐⭐ | 4.1服饰鞋包 | 4F | UNICA | 高级感穿搭，品质女装好去处 | S,ocr/input_videos\上海__芮欧百货__20260825.mp4
OBS-000418,芮欧百货,SIMPLE Hair Salon,SIMPLEHairSalon,美发,4.7,451,4F,rated,True,,rated,parsed,rating_anchor,0.9578,0.9873,55,3487,63.014,4.7美发￥451/人 | 4F,SIMPLE Hair Salon | S | 4.7美发￥451/人 | 4F | Simple Hair Salon | 点评榜单 | 静安寺商圈美发热门榜第3名 | 2021 | “提前预约免排队，发型师技术绝佳” | ￥378￥380 | 【首席设计师】 | 惠,ocr/input_videos\上海__芮欧百货__20260825.mp4
OBS-000419,芮欧百货,CA4LA,CA4LA,服饰鞋包,4.0,1605,3F,rated,True,,rated,parsed,rating_anchor,0.9866,0.9978,49,3487,63.014,🌟🌟⭐⭐ | 3F | 4.0服饰鞋包￥1605/人 | ★,CA4LA | 🌟🌟⭐⭐ | 3F | 4.0服饰鞋包￥1605/人 | ★ | “店员专业耐心，帽子出片又好看 | 5,ocr/input_videos\上海__芮欧百货__20260825.mp4
OBS-000420,芮欧百货,American Vintage,AmericanVintage,服饰鞋包,3.4,,3F,rated,True,,rated,parsed,rating_anchor,0.9956,0.9931,65,3487,63.014,⭐🌟🌟⭐⭐ | 3F | 3.4服饰鞋包,American Vintage | ⭐🌟🌟⭐⭐ | 3F | 3.4服饰鞋包 | 法国设计师设计，服饰宽松休闲,ocr/input_videos\上海__芮欧百货__20260825.mp4
OBS-000421,芮欧百货,SIMPLE Hair Salon,SIMPLEHairSalon,美发,4.7,451,4F,rated,True,,rated,parsed,rating_anchor,0.9678,0.986,52,3509,63.412,🌟🌟🌟🌟🌟 | 4F | 美发￥451/人 | 4.7,SIMPLE Hair Salon | S | 🌟🌟🌟🌟🌟 | 4F | 美发￥451/人 | 4.7 | 点评榜单 | Simple Hair Salon | 静安寺商圈美发热门榜第3名 | 2021 | “提前预约免排队，发型师技术绝佳” | ￥378￥380 | 【首席设计师】 | 惠,ocr/input_videos\上海__芮欧百货__20260825.mp4
OBS-000422,芮欧百货,CA4LA,CA4LA,服饰鞋包,4.0,1605,3F,rated,True,,rated,parsed,rating_anchor,0.9818,0.9981,49,3509,63.412,🌟🌟🌟⭐ | 3F | 服饰鞋包￥1605/人 | 4.0,CA4LA | 🌟🌟🌟⭐ | 3F | 服饰鞋包￥1605/人 | 4.0 | 店员专业耐心，帽子出片又好看 | 3,ocr/input_videos\上海__芮欧百货__20260825.mp4
OBS-000423,芮欧百货,American Vintage,AmericanVintage,服饰鞋包,3.4,,3F,rated,True,,rated,parsed,rating_anchor,0.9876,0.9756,65,3509,63.412,⭐🌟🌟 | 3F | 服饰鞋包 | ★★ | 3.4,American Vintage | ⭐🌟🌟 | 3F | 服饰鞋包 | ★★ | 3.4 | 法国设计师设计，服饰宽松休闲”,ocr/input_videos\上海__芮欧百货__20260825.mp4
OBS-000424,芮欧百货,芮欧百货地下停车场,芮欧百货地下停车场,停车场,3.5,26,B2,rated,True,,rated,parsed,rating_anchor,0.9703,0.997,57,3509,63.412,3.5停车场￥26/人 | B2,芮欧百货地下停车场 | 3.5停车场￥26/人 | B2,ocr/input_videos\上海__芮欧百货__20260825.mp4
OBS-000425,芮欧百货,BLANKSOCKS,BLANKSOCKS,服饰鞋包,4.3,,B1,rated,True,,rated,parsed,rating_anchor,0.9985,0.9975,50,3509,63.412,服饰鞋包 | B1 | ★★★★★ | 4.3,BLANKSOCKS | 服饰鞋包 | B1 | ★★★★★ | 4.3,ocr/input_videos\上海__芮欧百货__20260825.mp4
OBS-000426,芮欧百货,INJOI,INJOI,杂货礼品,4.6,479,B1,rated,True,,rated,parsed,rating_anchor,0.9832,0.9975,54,3509,63.412,⭐🌟🎉⭐🌟 | 4.6杂货礼品￥479/人 | B1,INJOI | INJOI | ⭐🌟🎉⭐🌟 | 4.6杂货礼品￥479/人 | B1 | Australian Aloaca | 电拉 | 羊驼挂件超可爱，服务态度很好,ocr/input_videos\上海__芮欧百货__20260825.mp4
OBS-000427,芮欧百货,CA4LA,CA4LA,服饰鞋包,4.0,1605,3F,rated,True,,rated,parsed,rating_anchor,0.9829,0.9984,50,3553,64.207,⭐🌟⭐⭐ | 3F | 服饰鞋包￥1605/人 | 4.0 | ★,CA4LA | ⭐🌟⭐⭐ | 3F | 服饰鞋包￥1605/人 | 4.0 | ★ | 店员专业耐心，帽子出片又好看,ocr/input_videos\上海__芮欧百货__20260825.mp4
OBS-000428,芮欧百货,American Vintage,AmericanVintage,服饰鞋包,3.4,,3F,rated,True,,rated,parsed,rating_anchor,0.9968,0.9954,67,3553,64.207,3.4服饰鞋包 | 3F | ⭐🌟⭐ | ★★,American Vintage | 3.4服饰鞋包 | 3F | ⭐🌟⭐ | ★★ | 法国设计师设计，服饰宽松休闲”,ocr/input_videos\上海__芮欧百货__20260825.mp4
OBS-000429,芮欧百货,芮欧百货地下停车场,芮欧百货地下停车场,停车场,3.5,26,B2,rated,True,,rated,parsed,rating_anchor,0.9941,0.9981,57,3553,64.207,3.5停车场 | ￥26/人 | B2,芮欧百货地下停车场 | 3.5停车场 | ￥26/人 | B2,ocr/input_videos\上海__芮欧百货__20260825.mp4
OBS-000430,芮欧百货,BLANKSOCKS,BLANKSOCKS,服饰鞋包,4.3,,B1,rated,True,,rated,parsed,rating_anchor,0.998,0.9968,45,3553,64.207,服饰鞋包 | 🌟🌟🌟🌟⭐ | B1 | 4.3,BLANKSOCKS | 服饰鞋包 | 🌟🌟🌟🌟⭐ | B1 | 4.3,ocr/input_videos\上海__芮欧百货__20260825.mp4
OBS-000431,芮欧百货,INJOI,INJOI,杂货礼品,4.6,479,B1,rated,True,,rated,parsed,rating_anchor,0.9802,0.9972,54,3553,64.207,🌟🌟🎉🌟🌟 | B1 | 杂货礼品￥479/人 | 4.6,INJOI | INJOI | 🌟🌟🎉🌟🌟 | B1 | 杂货礼品￥479/人 | 4.6 | Australlan Alpaca | 水元种热堂 | 吉意垃 | 羊驼挂件超可爱，服务态度很好”,ocr/input_videos\上海__芮欧百货__20260825.mp4
OBS-000432,芮欧百货,edition,edition,服装,4.3,,3F,rated,True,,rated,parsed,rating_anchor,0.9981,0.9993,53,3553,64.207,4.3服装 | 3F | 🌟🌟🌟★★,edition | 4.3服装 | 3F | 🌟🌟🌟★★ | edition | sessin,ocr/input_videos\上海__芮欧百货__20260825.mp4
OBS-000433,芮欧百货,American Vintage,AmericanVintage,服饰鞋包,3.4,,3F,rated,True,,rated,parsed,rating_anchor,0.9973,0.9951,68,3619,65.399,服饰鞋包 | 3F | ⭐🌟🎉 | ★⭐ | 3.4,American Vintage | 服饰鞋包 | 3F | ⭐🌟🎉 | ★⭐ | 3.4 | 法国设计师设计，服饰宽松休闲” | <,ocr/input_videos\上海__芮欧百货__20260825.mp4
OBS-000434,芮欧百货,芮欧百货地下停车场,芮欧百货地下停车场,停车场,3.5,26,B2,rated,True,,rated,parsed,rating_anchor,0.9757,0.9981,54,3619,65.399,3.5停车场￥26/人 | B2,芮欧百货地下停车场 | 3.5停车场￥26/人 | B2,ocr/input_videos\上海__芮欧百货__20260825.mp4
OBS-000435,芮欧百货,BLANKSOCKS,BLANKSOCKS,服饰鞋包,4.3,,B1,rated,True,,rated,parsed,rating_anchor,0.9973,0.9952,48,3619,65.399,服饰鞋包 | B1 | ⭐🌟⭐🌟 | 4.3,BLAIKSOCLS | BLANKSOCKS | 服饰鞋包 | B1 | ⭐🌟⭐🌟 | 4.3,ocr/input_videos\上海__芮欧百货__20260825.mp4
OBS-000436,芮欧百货,INJOI,INJOI,杂货礼品,4.6,479,B1,rated,True,,rated,parsed,rating_anchor,0.9729,0.9976,51,3619,65.399,4.6杂货礼品￥479/人 | B1,INJOI | INJOI | 4.6杂货礼品￥479/人 | B1 | Australian Aloaca | 南 | 012 | 羊驼挂件超可爱，服务态度很好 | “,ocr/input_videos\上海__芮欧百货__20260825.mp4
OBS-000437,芮欧百货,edition,edition,服装,4.3,,3F,rated,True,,rated,parsed,rating_anchor,0.9981,0.9992,57,3619,65.399,⭐🌟⭐⭐ | 4.3服装 | 3F | ★,edition | ⭐🌟⭐⭐ | 4.3服装 | 3F | ★ | edition,ocr/input_videos\上海__芮欧百货__20260825.mp4
OBS-000438,芮欧百货,sessùn,sessùn,服饰鞋包,4.8,1822,3F,rated,True,,rated,parsed,rating_anchor,0.9806,0.9896,54,3619,65.399,4.8服饰鞋包￥1822/人 | 3F,sessùn | sessan | 4.8服饰鞋包￥1822/人 | 3F,ocr/input_videos\上海__芮欧百货__20260825.mp4
OBS-000439,芮欧百货,American vintage,Americanvintage,服饰鞋包,3.4,,3F,rated,True,,rated,parsed,rating_anchor,0.9955,0.9914,43,3663,66.194,3F | 🌟🌟🌟🌟 | 服饰鞋包 | 3.4,American vintage | 3F | 🌟🌟🌟🌟 | 服饰鞋包 | 3.4 | 法国设计师设计，服饰宽松休闲”,ocr/input_videos\上海__芮欧百货__20260825.mp4
OBS-000440,芮欧百货,芮欧百货地下停车场,芮欧百货地下停车场,停车场,3.5,26,B2,rated,True,,rated,parsed,rating_anchor,0.9426,0.9988,57,3663,66.194,★3.5停车场 | B2 | ￥26/人,芮欧百货地下停车场 | ★3.5停车场 | B2 | ￥26/人,ocr/input_videos\上海__芮欧百货__20260825.mp4
OBS-000441,芮欧百货,BLANKSOCKS,BLANKSOCKS,服饰鞋包,4.3,,B1,rated,True,,rated,parsed,rating_anchor,0.9981,0.9971,48,3663,66.194,🌟🌟⭐⭐ | 服饰鞋包 | B1 | 4.3 | ★,BLANKSOCKS | 🌟🌟⭐⭐ | 服饰鞋包 | B1 | 4.3 | ★,ocr/input_videos\上海__芮欧百货__20260825.mp4
OBS-000442,芮欧百货,INJOI,INJOI,杂货礼品,4.6,479,B1,rated,True,,rated,parsed,rating_anchor,0.9721,0.9971,54,3663,66.194,4.6杂货礼品￥479/人 | B1,INJOI | INJOI | 4.6杂货礼品￥479/人 | B1 | Australian Alpaca | 北中电种 | 6系02 | 羊驼挂件超可爱，服务态度很好,ocr/input_videos\上海__芮欧百货__20260825.mp4
OBS-000443,芮欧百货,edition,edition,服装,4.3,,3F,rated,True,,rated,parsed,rating_anchor,0.9969,0.9995,59,3663,66.194,4.3服装 | 🌟🌟🌟⭐ | 3F | ★,edition | 4.3服装 | 🌟🌟🌟⭐ | 3F | ★ | edition,ocr/input_videos\上海__芮欧百货__20260825.mp4
OBS-000444,芮欧百货,sessùn,sessùn,服饰鞋包,4.8,1822,3F,rated,True,,rated,parsed,rating_anchor,0.9692,0.9949,53,3663,66.194,3F | ⭐4.8服饰鞋包￥1822/人,sessùn | sessan | 3F | ⭐4.8服饰鞋包￥1822/人 | Scale尺度造型,ocr/input_videos\上海__芮欧百货__20260825.mp4
OBS-000445,芮欧百货,BLANKSOCKS,BLANKSOCKS,服饰鞋包,4.3,,B1,rated,True,,rated,parsed,rating_anchor,0.9976,0.9959,50,3696,66.791,服饰鞋包 | 🌟🌟🌟🎉 | B1 | 4.3 | ★,BLANKSOCKS | 服饰鞋包 | 🌟🌟🌟🎉 | B1 | 4.3 | ★,ocr/input_videos\上海__芮欧百货__20260825.mp4
OBS-000446,芮欧百货,INJOI,INJOI,杂货礼品,4.6,479,B1,rated,True,,rated,parsed,rating_anchor,0.9736,0.9968,58,3696,66.791,4.6杂货礼品￥479/人 | B1,INJOI | INJOI | 4.6杂货礼品￥479/人 | B1 | Australian Alpaca | 欢惠常国 | 机地 | 驼挂件超可爱，服务态度很好” | “,ocr/input_videos\上海__芮欧百货__20260825.mp4
OBS-000447,芮欧百货,edition,edition,服装,4.3,,3F,rated,True,,rated,parsed,rating_anchor,0.9996,0.9994,59,3696,66.791,3F | 🌟🌟⭐⭐ | 服装 | 4.3 | ★,edition | 3F | 🌟🌟⭐⭐ | 服装 | 4.3 | ★ | edition,ocr/input_videos\上海__芮欧百货__20260825.mp4
OBS-000448,芮欧百货,sessùn,sessùn,服饰鞋包,4.8,1822,3F,rated,True,,rated,parsed,rating_anchor,0.9639,0.9943,55,3696,66.791,4.8服饰鞋包￥1822/人 | 3F,sessùn | 4.8服饰鞋包￥1822/人 | sesstun | 3F,ocr/input_videos\上海__芮欧百货__20260825.mp4
OBS-000449,芮欧百货,Scale尺度造型,Scale尺度造型,美发,3.9,472,3F,rated,True,,rated,parsed,rating_anchor,0.9797,0.9994,55,3696,66.791,🌟🌟🌟⭐3.9 | 美发￥472/人 | 3F,Scale尺度造型 | 🌟🌟🌟⭐3.9 | 美发￥472/人 | 3F | 发型师创意，地铁直达超方便” | MIR SALON | ￥238￥260 | 【人气爆款】资深设计师... | 惠,ocr/input_videos\上海__芮欧百货__20260825.mp4
OBS-000450,芮欧百货,ReMINGLE lab,ReMINGLElab,美发,4.6,263,4F,rated,True,,rated,parsed,rating_anchor,0.9508,0.9453,47,3696,66.791,4F | 🌟🌟⭐⭐🌟 | 美发￥263/人 | 4.6,ReMINGLE lab | 4F | 🌟🌟⭐⭐🌟 | 美发￥263/人 | 4.6 | 点评榜单 | 静安区美发热门榜第1名 | 上八 | 代广,ocr/input_videos\上海__芮欧百货__20260825.mp4
OBS-000451,芮欧百货,sessùn,sessùn,服饰鞋包,4.8,1822,3F,rated,True,,rated,parsed,rating_anchor,0.9803,0.9947,52,3718,67.188,4.8服饰鞋包￥1822/人 | 3F,sessùn | sessun | 4.8服饰鞋包￥1822/人 | 3F,ocr/input_videos\上海__芮欧百货__20260825.mp4
OBS-000452,芮欧百货,Scale尺度造型,Scale尺度造型,美发,3.9,472,3F,rated,True,,rated,parsed,rating_anchor,0.9648,0.9992,52,3718,67.188,3F | 3.9美发￥472/人,Scale尺度造型 | 3F | 3.9美发￥472/人 | 发型师创意，地铁直达超方便” | “ | AIRSALOV | ￥238￥260 | 【人气爆款】资深设计师... | 惠,ocr/input_videos\上海__芮欧百货__20260825.mp4
OBS-000453,芮欧百货,ReMINGLE Iab,ReMINGLEIab,美发,4.6,263,4F,rated,True,,rated,parsed,rating_anchor,0.9504,0.944,45,3718,67.188,4F | ★🌟★★🌟 | 4.6美发￥263/人,ReMINGLE Iab | 4F | ★🌟★★🌟 | 4.6美发￥263/人 | 点评榜单 | 静安区美发热门榜第1名 | ReMINGLElab | 发根自然蓬松，冷棕质感显白 | 33 | ￥91￥180 | 惠 | 【品质洗发+女神专享造型】,ocr/input_videos\上海__芮欧百货__20260825.mp4
OBS-000454,芮欧百货,城市匠心皮具DIY·团建·改造·商...,城市匠心皮具DIY·团建·改造·商,DIY工坊,4.8,284,5F,rated,True,,rated,parsed,rating_anchor,0.9092,0.932,58,3718,67.188,4.8DIY工坊￥284/人 | 5F,"城市匠心皮具DIY·团建·改造·商... | 4.8DIY工坊￥284/人 | 5F | 点评榜单 | 静安寺商圈DIY手工坊好评榜第4名 | 城市监心·安国心 | 制作过程太愉快，独一无二的礼物！ | "" | CRAFTSYOANN CIT | ￥198￥238 | 【手工DIY】属于自己的专.. | 惠 | ￥5￥30代金券 | 惠",ocr/input_videos\上海__芮欧百货__20260825.mp4
OBS-000455,芮欧百货,sessùn,sessùn,服饰鞋包,4.8,1822,3F,rated,True,,rated,parsed,rating_anchor,0.9812,0.9899,56,3751,67.785,3F | 4.8服饰鞋包￥1822/人,sessùn | sessan | 3F | 4.8服饰鞋包￥1822/人,ocr/input_videos\上海__芮欧百货__20260825.mp4
OBS-000456,芮欧百货,Scale尺度造型,Scale尺度造型,美发,3.9,472,3F,rated,True,,rated,parsed,rating_anchor,0.9694,0.999,52,3751,67.785,3.9 | 🌟⭐ | 3F | 美发￥472/人,Scale尺度造型 | 3.9 | 🌟⭐ | 3F | 美发￥472/人 | 发型师创意十，地铁直达超方便” | ≤ | HIC SALGN | ￥238￥260 | 【人气爆款】资深设计师... | 惠,ocr/input_videos\上海__芮欧百货__20260825.mp4
OBS-000457,芮欧百货,ReMINGLE lab,ReMINGLElab,美发,4.6,263,4F,rated,True,,rated,parsed,rating_anchor,0.945,0.9216,48,3751,67.785,4F | 🌟🌟🌟🌟🌟 | 4.6美发￥263/人,ReMINGLE lab | Xe | 4F | 🌟🌟🌟🌟🌟 | 4.6美发￥263/人 | 点评榜单 | 静安区美发热门榜第1名 | ReMINGLE lab | 发根自然蓬松，冷棕质感显白 | 力 | “ | ￥91￥180 | 惠 | 【品质洗发+女神专享造型】,ocr/input_videos\上海__芮欧百货__20260825.mp4
OBS-000458,芮欧百货,城市匠心皮具DIY·团建·改造·商.,城市匠心皮具DIY·团建·改造·商.,DIY手工坊,4.8,284,5F,rated,True,,rated,parsed,rating_anchor,0.9583,0.9645,61,3751,67.785,5F | 4.8DIY手工坊￥284/人,城市匠心皮具DIY·团建·改造·商. | 5F | 4.8DIY手工坊￥284/人 | 点评榜单 | 静安寺商圈DIY手工坊好评榜第4名 | 欢阳上心实 | 制作过程太愉快，独一无二的礼物！ | 55 | CRASTEN | ￥198￥238 | 【手工DIY】属于自己的专. | 惠 | ￥5￥30代金券 | 惠,ocr/input_videos\上海__芮欧百货__20260825.mp4
OBS-000459,芮欧百货,DanVanna原创艺术首饰,DanVanna原创艺术首饰,综合珠宝首饰,3.9,,B1,rated,True,,rated,parsed,rating_anchor,0.9937,0.992,54,3751,67.785,B1 | 3.9综合珠宝首饰,DanVanna原创艺术首饰 | B1 | 3.9综合珠宝首饰,ocr/input_videos\上海__芮欧百货__20260825.mp4
OBS-000460,芮欧百货,sessùn,sessùn,服饰鞋包,4.8,1822,3F,rated,True,,rated,parsed,rating_anchor,0.9812,0.9954,56,3773,68.182,4.8服饰鞋包￥1822/人 | 3F,sessùn | 4.8服饰鞋包￥1822/人 | sessan | 3F,ocr/input_videos\上海__芮欧百货__20260825.mp4
OBS-000461,芮欧百货,Scale尺度造型,Scale尺度造型,美发,3.9,472,3F,rated,True,,rated,parsed,rating_anchor,0.9765,0.9994,52,3773,68.182,⭐🌟🌟⭐3.9 | 3F | 美发￥472/人,Scale尺度造型 | ⭐🌟🌟⭐3.9 | 3F | 美发￥472/人 | 发型师创意十，地铁直达超方便” | C | AIR SALON | 惠 | ￥238￥260 | 【人气爆款】资深设计师...,ocr/input_videos\上海__芮欧百货__20260825.mp4
OBS-000462,芮欧百货,ReMINGLE Iab,ReMINGLEIab,美发,4.6,263,4F,rated,True,,rated,parsed,rating_anchor,0.9458,0.9477,44,3773,68.182,4F | 美发￥263/人 | ★🌟★★🌟 | 4.6,ReMINGLE Iab | R | 4F | 美发￥263/人 | ★🌟★★🌟 | 4.6 | 点评榜单 | 静安区美发热门榜第1名 | ReMINGLE lab | 发根自然蓬松，冷棕质感显白 | 力 | “ | ￥91￥180 | 【品质洗发+女神专享造型】 | 惠,ocr/input_videos\上海__芮欧百货__20260825.mp4
OBS-000463,芮欧百货,城市匠心皮具DIY·团建·改造·商..,城市匠心皮具DIY·团建·改造·商,DIY手工坊,4.8,284,5F,rated,True,,rated,parsed,rating_anchor,0.958,0.9562,61,3773,68.182,5F | 4.8DIY手工坊￥284/人,"城市匠心皮具DIY·团建·改造·商.. | 5F | 4.8DIY手工坊￥284/人 | 点评榜单 | 静安寺商圈DIY手工坊好评榜第4名 | 减废监心·实面开心 | 制作过程太愉快，独一无二的礼物！ | "" | “ | CRA-SON CM | 【手工DIY】属于自己的专... | ￥198￥238 | 惠 | ￥5￥30代金券 | 惠",ocr/input_videos\上海__芮欧百货__20260825.mp4
OBS-000464,芮欧百货,DanVanna原创艺术首饰,DanVanna原创艺术首饰,综合珠宝首饰,3.9,,B1,rated,True,,rated,parsed,rating_anchor,0.9643,0.9993,51,3773,68.182,⭐3.9综合珠宝首饰 | B1,DanVanna原创艺术首饰 | ⭐3.9综合珠宝首饰 | B1,ocr/input_videos\上海__芮欧百货__20260825.mp4
OBS-000465,芮欧百货,ReMINGLE Iab,ReMINGLEIab,美发,4.6,263,4F,rated,True,,rated,parsed,rating_anchor,0.9545,0.9449,45,3850,69.574,4F | 🌟🌟🎉🌟🌟 | 美发￥263/人 | 4.6,ReMINGLE Iab | t | n | 4F | 🌟🌟🎉🌟🌟 | 美发￥263/人 | 4.6 | 点评榜单 | 静安区美发热门榜第1名 | ReMINGLE lab | 发根自然蓬松，冷棕质感显白 | 号 | “ | ￥91￥180 | 惠 | 【品质洗发+女神专享造型】,ocr/input_videos\上海__芮欧百货__20260825.mp4
OBS-000466,芮欧百货,城市匠心皮具DIY·团建·改造·商.,城市匠心皮具DIY·团建·改造·商.,DIY手工坊,4.8,284,5F,rated,True,,rated,parsed,rating_anchor,0.9637,0.9752,61,3850,69.574,5F | 4.8DIY手工坊￥284/人,城市匠心皮具DIY·团建·改造·商. | 5F | 4.8DIY手工坊￥284/人 | 点评榜单 | 静安寺商圈DIY手工坊好评榜第4名 | 减用服心实 | 制作过程太愉快，独一无二的礼物！ | 59 | “ | CRA930AN | ￥198￥238 | 【手工DIY】属于自己的专. | 惠 | ￥5￥30代金券 | 惠,ocr/input_videos\上海__芮欧百货__20260825.mp4
OBS-000467,芮欧百货,DanVanna原创艺术首饰,DanVanna原创艺术首饰,综合珠宝首饰,3.9,,B1,rated,True,,rated,parsed,rating_anchor,0.9979,0.9978,50,3850,69.574,⭐🌟⭐⭐⭐3.9 | B1 | 综合珠宝首饰,DanVanna原创艺术首饰 | ⭐🌟⭐⭐⭐3.9 | B1 | 综合珠宝首饰,ocr/input_videos\上海__芮欧百货__20260825.mp4
OBS-000468,芮欧百货,Theory,Theory,服装,3.9,4860,3F,rated,True,,rated,parsed,rating_anchor,0.9759,0.9993,70,3850,69.574,3.9服装￥4860/人 | 3F,Theory | 3.9服装￥4860/人 | 3F | Theory,ocr/input_videos\上海__芮欧百货__20260825.mp4
OBS-000469,芮欧百货,The Blender,TheBlender,服饰鞋包,4.7,254,B1,rated,True,,rated,parsed,rating_anchor,0.9763,0.9881,52,3850,69.574,⭐🌟⭐🌟4.7 | B1 | 服饰鞋包￥254/人,The Blender | THRBLENDER | ⭐🌟⭐🌟4.7 | B1 | 服饰鞋包￥254/人 | BEHS | 美式复古松弛感，内衣穿搭多元化” | 081 | C,ocr/input_videos\上海__芮欧百货__20260825.mp4
OBS-000470,芮欧百货,城市匠心皮具DIY·团建·改造·商...,城市匠心皮具DIY·团建·改造·商,DIY手工坊,4.8,284,5F,rated,True,,rated,parsed,rating_anchor,0.9597,0.952,57,3872,69.971,5F | 🌟🌟⭐⭐🌟 | 4.8DIY手工坊￥284/人,城市匠心皮具DIY·团建·改造·商... | 5F | 🌟🌟⭐⭐🌟 | 4.8DIY手工坊￥284/人 | 点评榜单 | 静安寺商圈DIY手工坊好评榜第4名 | 减心·实 | 55 | 制作过程太愉快，独一无二的礼物！ | “ | ORAS-EIANN | ￥198￥238 | 【手工DIY】属于自己的专. | 惠 | ￥5￥30代金券 | 惠,ocr/input_videos\上海__芮欧百货__20260825.mp4
OBS-000471,芮欧百货,DanVanna原创艺术首饰,DanVanna原创艺术首饰,综合珠宝首饰,3.9,,B1,rated,True,,rated,parsed,rating_anchor,0.9898,0.9801,51,3872,69.971,3.9 | B1 | ★★★★★ | 综合珠宝首饰,DanVanna原创艺术首饰 | 3.9 | B1 | ★★★★★ | 综合珠宝首饰 | 康,ocr/input_videos\上海__芮欧百货__20260825.mp4
OBS-000472,芮欧百货,Theory,Theory,服装,3.9,4860,3F,rated,True,,rated,parsed,rating_anchor,0.97,0.9996,66,3872,69.971,3.9服装￥4860/人 | 3F,Theory | 3.9服装￥4860/人 | 3F | Theory,ocr/input_videos\上海__芮欧百货__20260825.mp4
OBS-000473,芮欧百货,The Blender,TheBlender,服饰鞋包,4.7,254,B1,rated,True,,rated,parsed,rating_anchor,0.9658,0.9846,53,3872,69.971,⭐🌟🌟🌟🌟 | B1 | 服饰鞋包￥254/人 | 4.7,The Blender | THSBLENOER | ⭐🌟🌟🌟🌟 | B1 | 服饰鞋包￥254/人 | 4.7 | 美式复古松弛感，内衣穿搭多元化 | “,ocr/input_videos\上海__芮欧百货__20260825.mp4
OBS-000474,芮欧百货,御金匠奢侈品维修保养,御金匠奢侈品维修保养,奢侈品.,3.8,685,商场内,rated,True,,rated,parsed,rating_anchor,0.948,0.9897,51,3872,69.971,⭐3.8奢侈品. | ￥685/人商场内,御 | 御金匠奢侈品维修保养 | 药陵百货店 | ⭐3.8奢侈品. | ￥685/人商场内 | 做工超级棒，新鞋再也不会打滑 | 5 | G | ：奢护服务 | 惠 | ￥100￥300 | 品牌皮带打孔 | ￥0.01 | 0.1折 | 代金券 | 惠 | ￥58,ocr/input_videos\上海__芮欧百货__20260825.mp4
OBS-000475,芮欧百货,城市匠心皮具DIY·团建·改造·商...,城市匠心皮具DIY·团建·改造·商,DIY手工坊,4.8,284,5F,rated,True,,rated,parsed,rating_anchor,0.94,0.9415,57,3894,70.369,4.8DIY手工坊￥284/人 | 5F,"城市匠心皮具DIY·团建·改造·商... | 4.8DIY手工坊￥284/人 | 5F | 点评榜单 | 静安寺商圈DIY手工坊好评榜第4名 | 城市监心：空号 | 制作过程太愉快，独一无二的礼物！ | "" | CRATESOAN CY | ￥198￥238 | 【手工DIY】属于自己的专.. | 惠 | ￥5￥30代金券 | 惠",ocr/input_videos\上海__芮欧百货__20260825.mp4
OBS-000476,芮欧百货,DanVanna原创艺术首饰,DanVanna原创艺术首饰,综合珠宝首饰,3.9,,B1,rated,True,,rated,parsed,rating_anchor,0.9621,0.9764,58,3894,70.369,⭐3.9综合珠宝首饰 | B1,DanVanna原创艺术首饰 | ⭐3.9综合珠宝首饰 | B1,ocr/input_videos\上海__芮欧百货__20260825.mp4
OBS-000477,芮欧百货,Theory,Theory,服装,3.9,4860,3F,rated,True,,rated,parsed,rating_anchor,0.9873,0.9996,64,3894,70.369,🌟🌟⭐🌟⭐ | 3F | 3.9服装￥4860/人,Theory | 🌟🌟⭐🌟⭐ | 3F | 3.9服装￥4860/人 | Theory,ocr/input_videos\上海__芮欧百货__20260825.mp4
OBS-000478,芮欧百货,The Blender,TheBlender,月,4.7,254,B1,rated,True,,rated,parsed,rating_anchor,0.8675,0.9907,52,3894,70.369,⭐⭐🌟4.7月 | B1 | 服饰鞋包￥254/人,The Blender | THSBLENDER | ⭐⭐🌟4.7月 | B1 | 服饰鞋包￥254/人 | 美式复古松弛感，内衣穿搭多元化”,ocr/input_videos\上海__芮欧百货__20260825.mp4
OBS-000479,芮欧百货,御金匠奢侈品维修保养,御金匠奢侈品维修保养,奢侈品,3.8,685,商场内,rated,True,,rated,parsed,rating_anchor,0.9116,0.999,54,3894,70.369,⭐⭐3.8奢侈品 | ￥685/人商场内,御 | 御金匠奢侈品维修保养 | 芮百货店 | ⭐⭐3.8奢侈品 | ￥685/人商场内 | 做工超级棒，新鞋再也不会打滑 | 密护服务 | ￥100￥300品牌皮带打孔 | 惠 | ￥0.01 | 0.1折 | ￥58代金券 | 惠,ocr/input_videos\上海__芮欧百货__20260825.mp4
OBS-000480,芮欧百货,城币匠心皮具DIY·团建·改造·商...,城币匠心皮具DIY·团建·改造·商,DIY手工坊,,284,5F,unknown,True,,ocr_missing,parsed,metadata_anchor,0.9562,0.9485,47,3949,71.363,5F | ★★★★★ | DIY手工坊￥284/人 | 14.8,城币匠心皮具DIY·团建·改造·商... | 5F | ★★★★★ | DIY手工坊￥284/人 | 14.8 | 点评榜单 | 静安寺商圈DIY手工坊好评榜第4名 | 家正心 | 2 | 制作过程太愉快，独一无二的礼物！ | 9 | 3 | ORAFTE | 【手工DIY】属于自己的专. | ￥198￥238 | 惠 | ￥5￥30代金券 | 惠,ocr/input_videos\上海__芮欧百货__20260825.mp4
OBS-000481,芮欧百货,DanVanna原创艺术首饰,DanVanna原创艺术首饰,综合珠宝首饰,3.9,,B1,rated,True,,rated,parsed,rating_anchor,0.9739,0.9994,54,3949,71.363,⭐3.9综合珠宝首饰 | B1,DanVanna原创艺术首饰 | ⭐3.9综合珠宝首饰 | B1 | 1,ocr/input_videos\上海__芮欧百货__20260825.mp4
OBS-000482,芮欧百货,Theory,Theory,服装,3.9,4860,3F,rated,True,,rated,parsed,rating_anchor,0.9775,0.9997,66,3949,71.363,3F | 3.9服装￥4860/人,Theory | 3F | 3.9服装￥4860/人 | Theory,ocr/input_videos\上海__芮欧百货__20260825.mp4
OBS-000483,芮欧百货,The Blender,TheBlender,服饰鞋包,4.7,254,B1,rated,True,,rated,parsed,rating_anchor,0.9795,0.9907,55,3949,71.363,🎉🌟4.7 | B1 | 服饰鞋包￥254/人,The Blender | THNBLENDER | 🎉🌟4.7 | B1 | 服饰鞋包￥254/人 | 美式复古松弛感，内衣穿搭多元化,ocr/input_videos\上海__芮欧百货__20260825.mp4
OBS-000484,芮欧百货,御金匠奢侈品维修保养,御金匠奢侈品维修保养,奢侈品.,3.8,685,商场内,rated,True,,rated,parsed,rating_anchor,0.954,0.9972,56,3949,71.363,⭐⭐✨⭐3.8奢侈品. | ￥685/人商场内,御金匠奢侈品维修保养 | 御 | 芮质百货店 | ⭐⭐✨⭐3.8奢侈品. | ￥685/人商场内 | 匠 | 做工超级棒，新鞋再也不会打滑 | ：奢护服务 | ￥100￥300 | 惠 | 品牌皮带打孔 | ￥0.01 | 0.1折 | ￥58代金券 | 惠,ocr/input_videos\上海__芮欧百货__20260825.mp4
OBS-000485,芮欧百货,The Blender,TheBlender,服饰鞋包,4.7,254,B1,rated,True,,rated,parsed,rating_anchor,0.9627,0.9613,45,4004,72.357,🌟🌟🌟💥🌟 | B1 | 4.7 | 服饰鞋包￥254/人,The Blender | THRBLENDEER | 🌟🌟🌟💥🌟 | B1 | 4.7 | 服饰鞋包￥254/人 | 美式复古松弛感，内衣穿搭多元化 | 2,ocr/input_videos\上海__芮欧百货__20260825.mp4
OBS-000486,芮欧百货,御金匠奢侈品维修保养,御金匠奢侈品维修保养,奢侈品,3.8,685,商场内,rated,True,,rated,parsed,rating_anchor,0.9371,0.9987,54,4004,72.357,⭐⭐⭐⭐3.8奢侈品 | ￥685/人商场内,御金匠奢侈品维修保养 | 御蓝 | 药阪百货店 | ⭐⭐⭐⭐3.8奢侈品 | ￥685/人商场内 | 金 | 做工超级棒，新鞋再也不会打滑 | 奢护服务 | ￥100 | ￥300 | 惠 | 品牌皮带打孔 | 0.1折 | ￥0.01 | 惠 | ￥58代金券,ocr/input_videos\上海__芮欧百货__20260825.mp4
OBS-000487,芮欧百货,chodron,chodron,购物,3.4,1251,B1,rated,True,,rated,parsed,rating_anchor,0.9567,0.9996,56,4004,72.357,3.4购物￥1251/人 | B1,chodron | 3.4购物￥1251/人 | B1,ocr/input_videos\上海__芮欧百货__20260825.mp4
OBS-000488,芮欧百货,Flowertree,Flowertree,花店,4.8,258,1F,rated,True,,rated,parsed,rating_anchor,0.9627,0.9989,49,4004,72.357,4.8花店￥258/人 | 1F,Flowertree | 4.8花店￥258/人 | 1F | 花材新鲜多样，色彩搭配超美,ocr/input_videos\上海__芮欧百货__20260825.mp4
OBS-000489,芮欧百货,良工巧匠·品牌改衣·鞋包奢护,良工巧匠·品牌改衣·鞋包奢护,裁缝改衣,4.9,196,B1,rated,True,,rated,parsed,rating_anchor,0.9531,0.9524,53,4004,72.357,⭐⭐⭐4.9 | B1 | 裁缝改衣￥196/人,良工巧匠·品牌改衣·鞋包奢护 | 良工IS匠 | ⭐⭐⭐4.9 | B1 | 改衣找良工 | 裁缝改衣￥196/人 | 奢护到巧匠 | 静安区洗涤护理周边人气榜第2名 | xCREs | 7 | G | 0 | “修改效果然，包包鞋子洗护翻新也能做 | 铭度请话 | 复羊蓝养 | 外色烈新 | ￥168￥280 | 鞋贴底贴掌加掌-前掌（限... | 惠 | ￥160￥200代金券 | 惠,ocr/input_videos\上海__芮欧百货__20260825.mp4
OBS-000490,芮欧百货,The Blender,TheBlender,服饰鞋包,4.7,254,B1,rated,True,,rated,parsed,rating_anchor,0.9637,0.9596,45,4015,72.556,⭐4.7 | B1 | 服饰鞋包￥254/人,The Blender | THSBLENDER | ⭐4.7 | B1 | 服饰鞋包￥254/人 | 美式复古松弛感，内衣穿搭多元化”,ocr/input_videos\上海__芮欧百货__20260825.mp4
OBS-000491,芮欧百货,御金匠奢侈品维修保养,御金匠奢侈品维修保养,奢侈品,3.8,685,商场内,rated,True,,rated,parsed,rating_anchor,0.9089,0.9981,54,4015,72.556,⭐⭐⭐⭐3.8奢侈品 | ￥685/人商场内,御金匠奢侈品维修保养 | 御蓝 | 药陵百货店 | ⭐⭐⭐⭐3.8奢侈品 | ￥685/人商场内 | - | 做工超级棒，新鞋再也不会打滑 | 3 | ：奢护服务 | ￥100￥300 | 惠 | 品牌皮带打孔 | ￥0.01 | 惠 | 0.1折 | ￥58代金券,ocr/input_videos\上海__芮欧百货__20260825.mp4
OBS-000492,芮欧百货,chodron,chodron,购物,3.4,1251,B1,rated,True,,rated,parsed,rating_anchor,0.9828,0.9997,54,4015,72.556,3.4购物￥1251/人 | B1,chodron | 3.4购物￥1251/人 | B1,ocr/input_videos\上海__芮欧百货__20260825.mp4
OBS-000493,芮欧百货,Flowertree,Flowertree,花店,4.8,258,1F,rated,True,,rated,parsed,rating_anchor,0.976,0.9989,50,4015,72.556,4.8 | 1F | 花店￥258/人,Flowertree | 4.8 | 1F | 花店￥258/人 | 花材新鲜多样，色彩搭配超美,ocr/input_videos\上海__芮欧百货__20260825.mp4
OBS-000494,芮欧百货,良工巧匠·品牌改衣·鞋包奢护,良工巧匠·品牌改衣·鞋包奢护,裁缝改衣,4.9,196,B1,rated,True,,rated,parsed,rating_anchor,0.9694,0.978,50,4015,72.556,★★4.9 | B1 | 裁缝改衣￥196/人,良工巧匠·品牌改衣·鞋包奢护 | 良工I5匠 | ★★4.9 | B1 | 改衣找良工 | 裁缝改衣￥196/人 | 奢护到巧匠 | 静安区洗涤护理周边人气榜第2名 | y | xCNRLCS | 1 | （D | G | 1 | 修改效果自然，包包鞋子洗护翻新也能做 | 收羊熟养 | 名理请话 | 外色副新 | ￥168￥280鞋贴底贴掌加掌-前掌(限... | 惠 | ￥160￥200代金券 | 惠,ocr/input_videos\上海__芮欧百货__20260825.mp4
OBS-000495,芮欧百货,Flowertree,Flowertree,花店,4.8,258,1F,rated,True,,rated,parsed,rating_anchor,0.9775,0.9987,49,4059,73.351,1F | 4.8花店￥258/人,Flowertree | 1F | 4.8花店￥258/人 | 花材新鲜多样，色彩搭配超美,ocr/input_videos\上海__芮欧百货__20260825.mp4
OBS-000496,芮欧百货,良工巧匠·品牌改衣·鞋包奢护,良工巧匠·品牌改衣·鞋包奢护,裁缝改衣,4.9,196,B1,rated,True,,rated,parsed,rating_anchor,0.9675,0.981,51,4059,73.351,⭐★★⭐4.9 | B1 | 裁缝改衣￥196/人,良工巧匠·品牌改衣·鞋包奢护 | 良工IS匠 | ⭐★★⭐4.9 | B1 | 改衣找良工 | 裁缝改衣￥196/人 | 奢护到巧匠 | 静安区洗涤护理周边人气榜第2名 | YO | “修改效果然，包包鞋子洗护翻新也能做” | 家度请销 | 院羊照 | 外色烈新 | ￥168￥280鞋贴底贴掌加掌-前掌(限.. | 惠 | 惠￥160￥200代金券,ocr/input_videos\上海__芮欧百货__20260825.mp4
OBS-000497,芮欧百货,美车堂,美车堂,美容洗车,4.5,187,商场内,rated,True,,rated,parsed,rating_anchor,0.977,0.9998,59,4059,73.351,4.5美容洗车￥187/人 | 商场内,美车堂 | 4.5美容洗车￥187/人 | 商场内 | CNRSONE | 美车堂 | 点评榜单 | 静安区美容洗车好评榜第8名 | 停车方便，洗车送券超大方 | ￥108￥138 | 惠 | 【普通洗车】40分钟|全车...,ocr/input_videos\上海__芮欧百货__20260825.mp4
OBS-000498,芮欧百货,丽妍雅集Rubis SPA,丽妍雅集RubisSPA,SPA美体,4.3,545,4F,rated,True,,rated,parsed,rating_anchor,0.9695,0.9694,47,4059,73.351,★★★★★ | 4F | 4.3SPA美体￥545/人,丽妍雅集Rubis SPA | 丽妍雅集 | Rre | ★★★★★ | 4F | 4.3SPA美体￥545/人 | 静安寺商圈SPA按摩销量榜第5名 | 面部项目专业，皮肤清透不少” | ￥251 | 6.4折 | ￥98090分钟补水保湿进... | 惠,ocr/input_videos\上海__芮欧百货__20260825.mp4
OBS-000499,芮欧百货,COOK&BOOK烘焙料理DIY体验·.,COOK&BOOK烘焙料理DIY体验·.,兴趣烘焙,4.7,315,4F,rated,True,,rated,parsed,rating_anchor,0.9458,0.9497,59,4059,73.351,🌟🌟🌟⭐🌟 | 4F | 4.7兴趣烘焙￥315/人,COOK&BOOK烘焙料理DIY体验·. | 🌟🌟🌟⭐🌟 | 4F | 4.7兴趣烘焙￥315/人,ocr/input_videos\上海__芮欧百货__20260825.mp4
OBS-000500,芮欧百货,良工巧匠·品牌改衣·鞋包奢护,良工巧匠·品牌改衣·鞋包奢护,裁缝改衣,4.9,196,B1,rated,True,,rated,parsed,rating_anchor,0.9593,0.9802,53,4070,73.549,4.9裁缝改衣￥196/人 | B1,良工巧匠·品牌改衣·鞋包奢护 | 良工I匠 | 4.9裁缝改衣￥196/人 | B1 | 改衣找良工 | 奢护到巧匠 | 静安区洗涤护理周边人气榜第2名 | LT | D | G | 修改效果自然，包包鞋子洗护翻新也能做 | 保度请情 | 外色甜新 | 夜羊蒸养 | ￥168￥280鞋贴底贴掌加掌-前掌(限... | 惠 | ￥160￥200代金券 | 惠,ocr/input_videos\上海__芮欧百货__20260825.mp4
OBS-000501,芮欧百货,美车堂,美车堂,美容洗车,4.5,187,商场内,rated,True,,rated,parsed,rating_anchor,0.98,0.9999,55,4070,73.549,商场内 | 4.5美容洗车￥187/人,美车堂 | 商场内 | 4.5美容洗车￥187/人 | CNRSONE | 美车堂 | 点评榜单 | 静安区美容洗车好评榜第8名 | 停车方便，洗车送券超大方 | 55 | 惠￥108￥138 | 【普通洗车】40分钟|全车...,ocr/input_videos\上海__芮欧百货__20260825.mp4
OBS-000502,芮欧百货,丽妍雅集Rubis SPA,丽妍雅集RubisSPA,SPA美体,4.3,545,4F,rated,True,,rated,parsed,rating_anchor,0.9654,0.9607,48,4070,73.549,4F | 🌟🌟🌟🌟 | 4.3SPA美体￥545/人 | ★,丽妍雅集Rubis SPA | 丽妍雅集 | 福 | oes | 4F | 🌟🌟🌟🌟 | 4.3SPA美体￥545/人 | ★ | 静安寺商圈SPA按摩销量榜第5名 | 面部项目专业，肤清透不少” | ≤ | ￥2516.4折 | ￥98090分钟补水保湿进... | 惠,ocr/input_videos\上海__芮欧百货__20260825.mp4
OBS-000503,芮欧百货,COOK&BOOK烘焙料理DIY体验·….,COOK&BOOK烘焙料理DIY体验,兴趣烘焙,4.7,315,4F,rated,True,,rated,parsed,rating_anchor,0.9453,0.9373,55,4070,73.549,4.7兴趣烘焙￥315/人 | 4F,COOK&BOOK烘焙料理DIY体验·…. | COOK&BOOK | 4.7兴趣烘焙￥315/人 | 4F | 点评榜单 | 静安区兴趣生活热门榜第1名 | 1C00FBO03 | 落地窗可眺静安寺全景，烘培体验超棒 | 2 | ￥288￥388小熊饼干：COOKBOOK402 | 惠,ocr/input_videos\上海__芮欧百货__20260825.mp4
OBS-000504,芮欧百货,良工巧匠·品牌改衣·鞋包奢护,良工巧匠·品牌改衣·鞋包奢护,裁缝改衣,4.9,196,B1,rated,True,,rated,parsed,rating_anchor,0.966,0.9841,48,4103,74.146,⭐🎉🌟4.9 | B1 | 裁缝改衣￥196/人,良工巧匠·品牌改衣·鞋包奢护 | 良工IS匠 | ⭐🎉🌟4.9 | B1 | 改衣找良工 | 裁缝改衣￥196/人 | 奢护到巧匠 | 静安区洗涤护理周边人气榜第2名 | (Dx | y | 0 | 修改效果自然，包包鞋子洗护翻新也能做” | 外色甜新 | 皮羊篮养 | 保度情情 | ￥168￥280鞋贴底贴掌加掌-前掌(限... | 惠 | 惠￥160￥200代金券,ocr/input_videos\上海__芮欧百货__20260825.mp4
OBS-000505,芮欧百货,美车堂,美车堂,美容洗车,4.5,187,商场内,rated,True,,rated,parsed,rating_anchor,0.9825,0.9999,59,4103,74.146,4.5美容洗车￥187/人 | 商场内,美车堂 | 4.5美容洗车￥187/人 | 商场内 | CNRSONE | 美车堂 | 点评榜单 | 静安区美容洗车好评榜第8名 | 停车方便，洗车送券超大方 | ￥108￥138 | 惠 | 【普通洗车】40分钟|全车...,ocr/input_videos\上海__芮欧百货__20260825.mp4
OBS-000506,芮欧百货,丽妍雅集Rubis SPA,丽妍雅集RubisSPA,SPA美体,4.3,545,4F,rated,True,,rated,parsed,rating_anchor,0.982,0.9908,54,4103,74.146,🌟🌟⭐⭐ | 4.3SPA美体￥545/人 | 4F | ★,丽妍雅集Rubis SPA | 丽妍雅集 | x5 | 🌟🌟⭐⭐ | 4.3SPA美体￥545/人 | 4F | ★ | 静安寺商圈SPA按摩销量榜第5名 | 面部项目专业，皮肤清透不少” | S | ￥2516.4折 | 惠 | ￥98090分钟补水保湿进...,ocr/input_videos\上海__芮欧百货__20260825.mp4
OBS-000507,芮欧百货,COOK&BOOK烘焙料理DIY体验·.,COOK&BOOK烘焙料理DIY体验·.,兴趣烘焙,4.7,315,4F,rated,True,,rated,parsed,rating_anchor,0.9574,0.9664,53,4103,74.146,🌟🌟🎉🌟🌟 | 4F | 4.7 | 兴趣烘焙￥315/人,COOK&BOOK烘焙料理DIY体验·. | COOK&BOOK | 🌟🌟🎉🌟🌟 | 4F | 4.7 | 兴趣烘焙￥315/人 | 点评榜单 | 静安区兴趣生活热门榜第1名 | 1C007B00E | 落地窗可眺静安寺全景，烘培体验超棒 | ￥288￥388小熊饼干：COOKBOOK402 | 惠,ocr/input_videos\上海__芮欧百货__20260825.mp4
OBS-000508,芮欧百货,刘娟美甲沙龙,刘娟美甲沙龙,美甲,4.5,362,3F,rated,True,,rated,parsed,rating_anchor,0.9743,0.9984,51,4103,74.146,4.5美甲￥362/人 | 3F,刘娟美甲沙龙 | 4.5美甲￥362/人 | 3F | S.I Nail salon,ocr/input_videos\上海__芮欧百货__20260825.mp4
OBS-000509,芮欧百货,良工巧匠·品牌改衣·鞋包奢护,良工巧匠·品牌改衣·鞋包奢护,表,4.9,196,B1,rated,True,,rated,parsed,rating_anchor,0.8238,0.981,51,4125,74.543,⭐⭐⭐4.9表 | B1 | 裁缝改衣￥196/人,良工巧匠·品牌改衣·鞋包奢护 | 良工工巧匠 | ⭐⭐⭐4.9表 | B1 | 改衣找良工 | 裁缝改衣￥196/人 | 奢护到巧匠 | 静安区洗涤护理周边人气榜第2名 | YT | (D)  x | 修改效果自然，包包鞋子洗护翻新也能做 | 食羊照染 | 含度请话 | 外色烈新 | ￥168￥280鞋贴底贴掌加掌-前掌（限... | 惠 | ￥160￥200代金券 | 惠,ocr/input_videos\上海__芮欧百货__20260825.mp4
OBS-000510,芮欧百货,美车堂,美车堂,美容洗车,4.5,187,商场内,rated,True,,rated,parsed,rating_anchor,0.9819,0.9999,59,4125,74.543,4.5美容洗车￥187/人 | 商场内,美车堂 | 4.5美容洗车￥187/人 | 商场内 | CNSONE | 美车堂 | 点评榜单 | 静安区美容洗车好评榜第8名 | 停车方便，洗车送券超大方 | 93 | ￥108￥138 | 惠 | 【普通洗车】40分钟|全车...,ocr/input_videos\上海__芮欧百货__20260825.mp4
OBS-000511,芮欧百货,丽妍雅集Rubis SPA,丽妍雅集RubisSPA,SPA美体,4.3,545,4F,rated,True,,rated,parsed,rating_anchor,0.9506,0.9657,50,4125,74.543,4F | ⭐4.3SPA美体￥545/人,丽妍雅集Rubis SPA | 丽妍雅集 | rr | 4F | ⭐4.3SPA美体￥545/人 | 静安寺商圈SPA按摩销量榜第5名 | 面部项目专业，皮肤清透不少” | 惠￥2516.4折 | ￥98090分钟补水保湿进...,ocr/input_videos\上海__芮欧百货__20260825.mp4
OBS-000512,芮欧百货,COOK&BOOK烘焙料理DIY体验·..,COOK&BOOK烘焙料理DIY体验,兴趣烘焙,4.7,315,4F,rated,True,,rated,parsed,rating_anchor,0.9562,0.9485,54,4125,74.543,4.7兴趣烘焙￥315/人 | 4F,COOK&BOOK烘焙料理DIY体验·.. | COOK&BOOK | 4.7兴趣烘焙￥315/人 | 4F | 点评榜单 | 静安区兴趣生活热门榜第1名 | A | C0O7E00G | 落地窗可眺静安寺全景，烘培体验超棒 | ￥288￥388小熊饼干：COOKBOOK402 | 惠,ocr/input_videos\上海__芮欧百货__20260825.mp4
OBS-000513,芮欧百货,刘娟美甲沙龙,刘娟美甲沙龙,美甲,4.5,362,3F,rated,True,,rated,parsed,rating_anchor,0.9762,0.9972,52,4125,74.543,4.5美甲￥362/人 | 3F,刘娟美甲沙龙 | 4.5美甲￥362/人 | 3F | L.J Nail salon | 劉始美田沙麟,ocr/input_videos\上海__芮欧百货__20260825.mp4
OBS-000514,芮欧百货,COOK&BOOK烘焙料理DIY体验·..,COOK&BOOK烘焙料理DIY体验,兴趣烘焙,,315,4F,unknown,True,,ocr_missing,parsed,metadata_anchor,0.9498,0.9409,58,4191,75.736,🌟🌟🎉⭐🌟 | 4F | 兴趣烘焙￥315/人,COOK&BOOK烘焙料理DIY体验·.. | COOK&BOOK | 🌟🌟🎉⭐🌟 | 4F | 兴趣烘焙￥315/人 | 点评榜单 | 静安区兴趣生活热门榜第1名 | COOF EGOE | 落地窗可眺静安寺全景，烘培体验超棒 | ““ | ￥288￥388小熊饼干：COOKBOOK402 | 惠,ocr/input_videos\上海__芮欧百货__20260825.mp4
OBS-000515,芮欧百货,刘娟美甲沙龙,刘娟美甲沙龙,美甲,4.5,362,3F,rated,True,,rated,parsed,rating_anchor,0.9791,0.9989,56,4191,75.736,4.5美甲￥362/人 | 3F,刘娟美甲沙龙 | 4.5美甲￥362/人 | 3F | L.J Nail salon | 到娟美甲沙龍 | 美睫手法娴熟，环境舒适如头等舱” | “ | ￥168￥208LCN手部指甲尊贵护理项目 | 惠 | ￥80￥100代金券 | 惠,ocr/input_videos\上海__芮欧百货__20260825.mp4
OBS-000516,芮欧百货,THOM BROWNE,THOMBROWNE,奢侈品,4.1,13402,1F,rated,True,,rated,parsed,rating_anchor,0.9569,0.9648,50,4191,75.736,4.1奢侈品￥13402/人 | 1F,THOM BROWNE | 4.1奢侈品￥13402/人 | 1F | THOM BROWNE. | NEW YORK,ocr/input_videos\上海__芮欧百货__20260825.mp4
OBS-000517,芮欧百货,Maison Margiela,MaisonMargiela,奢侈品,3.6,12078,1F,rated,True,,rated,parsed,rating_anchor,0.9755,0.9971,59,4191,75.736,3.6奢侈品￥12078/人 | 1F,Maison Margiela | 3.6奢侈品￥12078/人 | 1F | Maison Margiela | PARIS,ocr/input_videos\上海__芮欧百货__20260825.mp4
OBS-000518,芮欧百货,MM6 Maison Margiela,MM6MaisonMargiela,奢侈品,3.6,95,2F,rated,True,,rated,parsed,rating_anchor,0.9677,0.9928,61,4191,75.736,2F | 3.6奢侈品￥95/人,MM6 Maison Margiela | 2F | 3.6奢侈品￥95/人 | 89 | 01234 | 6 | 10111213 | 16 | 5 | 17181920212223,ocr/input_videos\上海__芮欧百货__20260825.mp4
OBS-000519,芮欧百货,COOK&BOOK烘焙料理DIY体验·..,COOK&BOOK烘焙料理DIY体验,兴趣烘焙,4.7,315,4F,rated,True,,rated,parsed,rating_anchor,0.9519,0.9365,62,4213,76.134,4.7兴趣烘焙￥315/人 | 🌟🌟⭐🌟🌟 | 4F,COOK&BOOK烘焙料理DIY体验·.. | COOK&BOOK | 4.7兴趣烘焙￥315/人 | 🌟🌟⭐🌟🌟 | 4F | 点评榜单 | 静安区兴趣生活热门榜第1名 | C007E008 | “落地窗可眺静安寺全景，烘培体验超棒” | ￥288￥388小熊饼干：COOKBOOK402 | 惠,ocr/input_videos\上海__芮欧百货__20260825.mp4
OBS-000520,芮欧百货,刘娟美甲沙龙,刘娟美甲沙龙,美甲,4.5,362,3F,rated,True,,rated,parsed,rating_anchor,0.9722,0.9979,55,4213,76.134,4.5美甲￥362/人 | 3F,刘娟美甲沙龙 | 4.5美甲￥362/人 | 3F | L.J Nail salon | 到娟美甲沙麓 | 美睫手法娴熟，环境舒适如头等舱” | “ | ￥168￥208LCN手部指甲尊贵护理项目 | 惠 | ￥80￥100代金券 | 惠,ocr/input_videos\上海__芮欧百货__20260825.mp4
OBS-000521,芮欧百货,THOM BROWNE,THOMBROWNE,奢侈品,4.1,13402,1F,rated,True,,rated,parsed,rating_anchor,0.9787,0.9877,48,4213,76.134,4.1奢侈品￥13402/人 | 1F,THOM BROWNE | 4.1奢侈品￥13402/人 | 1F | THOM BROWNE. | NEW YORK,ocr/input_videos\上海__芮欧百货__20260825.mp4
OBS-000522,芮欧百货,Maison Margiela,MaisonMargiela,奢侈品,3.6,12078,1F,rated,True,,rated,parsed,rating_anchor,0.9806,0.9971,58,4213,76.134,3.6奢侈品￥12078/人 | 1F,Maison Margiela | 3.6奢侈品￥12078/人 | 1F | Maison Margiela | PARIS,ocr/input_videos\上海__芮欧百货__20260825.mp4
OBS-000523,芮欧百货,MM6 Maison Margiela,MM6MaisonMargiela,奢侈品,3.6,95,2F,rated,True,,rated,parsed,rating_anchor,0.9675,0.9814,66,4213,76.134,3.6奢侈品￥95/人 | 2F,MM6 Maison Margiela | 3.6奢侈品￥95/人 | 2F | 01234 | 89 | 16 | 17181920212223 | 麦昆 McQueen,ocr/input_videos\上海__芮欧百货__20260825.mp4
OBS-000524,芮欧百货,COOK&BOOK烘焙料理DIY体验·…..,COOK&BOOK烘焙料理DIY体验,兴趣烘焙,4.7,315,4F,rated,True,,rated,parsed,rating_anchor,0.937,0.9232,60,4246,76.73,4F | 🌟🌟🌟🌟🌟 | 兴趣烘焙￥315/人 | 4.7,COOK&BOOK烘焙料理DIY体验·….. | COOK&BOOK | 4F | 🌟🌟🌟🌟🌟 | 兴趣烘焙￥315/人 | 4.7 | 点评榜单 | 静安区兴趣生活热门榜第1名 | C0078003 | 落地窗可眺静安寺全景，烘培体验超棒” | “ | ￥288￥388小熊饼干：COOKBOOK402 | 惠,ocr/input_videos\上海__芮欧百货__20260825.mp4
OBS-000525,芮欧百货,刘娟美甲沙龙,刘娟美甲沙龙,美甲,4.5,362,3F,rated,True,,rated,parsed,rating_anchor,0.9773,0.9984,55,4246,76.73,4.5美甲￥362/人 | 3F,刘娟美甲沙龙 | 4.5美甲￥362/人 | 3F | L.J Nail salon | 劉娟美甲沙龍 | “美睫法娴熟，环境舒适如头等舱” | ￥168￥208LCN手部指甲尊贵护理项目 | 惠 | ￥80￥100代金券 | 惠,ocr/input_videos\上海__芮欧百货__20260825.mp4
OBS-000526,芮欧百货,THOM BROWNE,THOMBROWNE,奢侈品,4.1,13402,1F,rated,True,,rated,parsed,rating_anchor,0.9816,0.9896,54,4246,76.73,🌟🌟⭐⭐🌟 | 4.1奢侈品￥13402/人 | 1F,THOM BROWNE | 🌟🌟⭐⭐🌟 | 4.1奢侈品￥13402/人 | 1F | THOM BROWNE. | NEW YORK,ocr/input_videos\上海__芮欧百货__20260825.mp4
OBS-000527,芮欧百货,Maison Margiela,MaisonMargiela,奢侈品,3.6,12078,1F,rated,True,,rated,parsed,rating_anchor,0.9606,0.9678,59,4246,76.73,3.6奢侈品￥12078/人 | 1F,Maison Margiela | 3.6奢侈品￥12078/人 | 1F | Maison Margiela | PARIS,ocr/input_videos\上海__芮欧百货__20260825.mp4
OBS-000528,芮欧百货,MM6 Maison Margiela,MM6MaisonMargiela,奢侈品,3.6,95,2F,rated,True,,rated,parsed,rating_anchor,0.9577,0.963,60,4246,76.73,2F | 3.6奢侈品￥95/人,MM6 Maison Margiela | 2F | 3.6奢侈品￥95/人 | 89 | 01234 | 6 | 10111213 | 16 | 6 | 1718 192021 2223 | 麦昆McQueen,ocr/input_videos\上海__芮欧百货__20260825.mp4
OBS-000529,芮欧百货,刘娟美甲沙龙,刘娟美甲沙龙,美甲,4.5,362,3F,rated,True,,rated,parsed,rating_anchor,0.9757,0.9986,56,4345,78.519,3F | 4.5美甲￥362/人,刘娟美甲沙龙 | 3F | 4.5美甲￥362/人 | S.J Nail salon | 劉娟美甲沙龍 | “美睫手法娴熟，环境舒适如头等舱” | ￥168￥208LCN手部指甲尊贵护理项目 | 惠 | ￥80￥100代金券 | 惠,ocr/input_videos\上海__芮欧百货__20260825.mp4
OBS-000530,芮欧百货,THOM BROWNE,THOMBROWNE,奢侈品,4.1,13402,1F,rated,True,,rated,parsed,rating_anchor,0.9604,0.952,51,4345,78.519,4.1奢侈品￥13402/人 | 1F,THOM BROWNE | 4.1奢侈品￥13402/人 | 1F | THOM BROWNE. | NEW YORK,ocr/input_videos\上海__芮欧百货__20260825.mp4
OBS-000531,芮欧百货,Maison Margiela,MaisonMargiela,奢侈品,3.6,12078,1F,rated,True,,rated,parsed,rating_anchor,0.9766,0.9901,61,4345,78.519,3.6奢侈品￥12078/人 | 1F,Maison Margiela | 3.6奢侈品￥12078/人 | 1F | Maison Margiela | PARIS,ocr/input_videos\上海__芮欧百货__20260825.mp4
OBS-000532,芮欧百货,MM6 Maison Margiela,MM6MaisonMargiela,奢侈品,3.6,95,2F,rated,True,,rated,parsed,rating_anchor,0.9421,0.9834,62,4345,78.519,⭐3.6奢侈品￥95/人 | 2F,MM6 Maison Margiela | ⭐3.6奢侈品￥95/人 | 2F | 01234 | 89 | 16 | 10111213 | 5 | 17 18 19 2021 2223,ocr/input_videos\上海__芮欧百货__20260825.mp4
OBS-000533,芮欧百货,麦昆McQueen,麦昆McQueen,奢侈品,4.0,4584,1F,rated,True,,rated,parsed,rating_anchor,0.9721,0.9987,62,4345,78.519,4.0奢侈品￥4584/人 | 1F,麦昆McQueen | 4.0奢侈品￥4584/人 | 1F | M © U E E N,ocr/input_videos\上海__芮欧百货__20260825.mp4
OBS-000534,芮欧百货,Maison Margiela,MaisonMargiela,奢侈品,3.6,12078,1F,rated,True,,rated,parsed,rating_anchor,0.9834,0.9975,63,4378,79.115,3.6奢侈品￥12078/人 | 1F,Maison Margiela | 3.6奢侈品￥12078/人 | 1F | Maison Margiela | PARIS,ocr/input_videos\上海__芮欧百货__20260825.mp4
OBS-000535,芮欧百货,MM6 Maison Margiela,MM6MaisonMargiela,奢侈品,3.6,95,2F,rated,True,,rated,parsed,rating_anchor,0.972,0.9855,70,4378,79.115,2F | 3.6奢侈品￥95/人,MM6 Maison Margiela | 2F | 3.6奢侈品￥95/人 | 01234 | 89 | 10111213 | 16 | b | 17 18 19202122 23,ocr/input_videos\上海__芮欧百货__20260825.mp4
OBS-000536,芮欧百货,麦昆 McQueen,麦昆McQueen,奢侈品,4.0,4584,1F,rated,True,,rated,parsed,rating_anchor,0.9591,0.9591,66,4378,79.115,4.0奢侈品￥4584/人 | 1F,麦昆 McQueen | 4.0奢侈品￥4584/人 | 1F | M©UEE N,ocr/input_videos\上海__芮欧百货__20260825.mp4
OBS-000537,芮欧百货,Ami Paris,AmiParis,奢侈品,3.7,3646,2F,rated,True,,rated,parsed,rating_anchor,0.965,0.9963,53,4378,79.115,3.7奢侈品￥3646/人 | 2F,Ami Paris | 3.7奢侈品￥3646/人 | 2F,ocr/input_videos\上海__芮欧百货__20260825.mp4
OBS-000538,芮欧百货,葡轩红酒,葡轩红酒,烟酒茶叶,4.8,529,1F,rated,True,,rated,parsed,rating_anchor,0.9777,0.9988,63,4378,79.115,4.8烟酒茶叶￥529/人 | 1F,葡轩红酒 | 葡轩红酒 | SINCE 2009 | 4.8烟酒茶叶￥529/人 | 1F | “店员推荐细致，酒款品质在线” | ￥399￥700 | 【半价抢】3瓶任选装（. | 惠,ocr/input_videos\上海__芮欧百货__20260825.mp4
OBS-000539,芮欧百货,Maison Margiela,MaisonMargiela,奢侈品,3.6,12078,1F,rated,True,,rated,parsed,rating_anchor,0.9832,0.9967,62,4422,79.91,3.6奢侈品￥12078/人 | 1F,Maison Margiela | 3.6奢侈品￥12078/人 | 1F | Maison Margiela | PARIS,ocr/input_videos\上海__芮欧百货__20260825.mp4
OBS-000540,芮欧百货,MM6 Maison Margiela,MM6MaisonMargiela,奢侈品,3.6,95,2F,rated,True,,rated,parsed,rating_anchor,0.9669,0.9751,65,4422,79.91,2F | 3.6奢侈品￥95/人,MM6 Maison Margiela | 2F | 3.6奢侈品￥95/人 | 89 | 01234 | 16 | 10111213 | b | 17 181920212223,ocr/input_videos\上海__芮欧百货__20260825.mp4
OBS-000541,芮欧百货,麦昆 McQueen,麦昆McQueen,奢侈品,4.0,4584,1F,rated,True,,rated,parsed,rating_anchor,0.9589,0.9572,68,4422,79.91,4.0奢侈品￥4584/人 | 1F,麦昆 McQueen | 4.0奢侈品￥4584/人 | 1F | M© UE E N,ocr/input_videos\上海__芮欧百货__20260825.mp4
OBS-000542,芮欧百货,Ami Paris,AmiParis,奢侈品,3.7,3646,2F,rated,True,,rated,parsed,rating_anchor,0.9699,0.9962,53,4422,79.91,3.7奢侈品￥3646/人 | 2F,Ami Paris | 3.7奢侈品￥3646/人 | 2F,ocr/input_videos\上海__芮欧百货__20260825.mp4
OBS-000543,芮欧百货,葡轩红酒,葡轩红酒,烟酒茶叶,4.8,529,1F,rated,True,,rated,parsed,rating_anchor,0.9817,0.9987,63,4422,79.91,4.8烟酒茶叶￥529/人 | 1F,葡轩红酒 | 葡轩红酒 | SINCE 2009 | 4.8烟酒茶叶￥529/人 | 1F | “店员推荐细致，酒款品质在线” | ￥399￥700 | 【半价抢】3瓶任选装(.. | 惠 | -,ocr/input_videos\上海__芮欧百货__20260825.mp4
OBS-000544,芮欧百货,MM6 Maison Margiela,MM6MaisonMargiela,奢侈品,3.6,95,2F,rated,True,,rated,parsed,rating_anchor,0.9716,0.9922,61,4554,82.296,3.6奢侈品￥95/人 | 2F,MM6 Maison Margiela | 3.6奢侈品￥95/人 | 2F | 01234 | 89 | 10111213 | 16 | 17 18 19 2021 22 23,ocr/input_videos\上海__芮欧百货__20260825.mp4
OBS-000545,芮欧百货,麦昆McQueen,麦昆McQueen,奢侈品,4.0,4584,1F,rated,True,,rated,parsed,rating_anchor,0.9783,0.9984,61,4554,82.296,4.0奢侈品￥4584/人 | 1F,麦昆McQueen | 4.0奢侈品￥4584/人 | 1F | M © UE E N,ocr/input_videos\上海__芮欧百货__20260825.mp4
OBS-000546,芮欧百货,Ami Paris,AmiParis,奢侈品,3.7,3646,2F,rated,True,,rated,parsed,rating_anchor,0.9696,0.9929,58,4554,82.296,3.7奢侈品￥3646/人 | 2F,Ami Paris | 3.7奢侈品￥3646/人 | 2F,ocr/input_videos\上海__芮欧百货__20260825.mp4
OBS-000547,芮欧百货,葡轩红酒,葡轩红酒,烟酒茶叶,4.8,529,1F,rated,True,,rated,parsed,rating_anchor,0.9725,0.9989,60,4554,82.296,4.8烟酒茶叶￥529/人 | 1F,葡轩红酒 | 葡轩红酒 | SINCE 2009 | 4.8烟酒茶叶￥529/人 | 1F | “店员推荐细致，酒款品质在线” | ￥399￥700 | 【半价抢】3瓶任选装(门.. | 惠,ocr/input_videos\上海__芮欧百货__20260825.mp4
OBS-000548,芮欧百货,Reluxe瑞兰穿耳,Reluxe瑞兰穿耳,综合珠宝首饰,4.3,758,5F,rated,True,,rated,parsed,rating_anchor,0.9922,0.9996,57,4554,82.296,4.3综合珠宝首饰￥758/人 | 、5F,Reluxe瑞兰穿耳 | 好评店铺 | 4.3综合珠宝首饰￥758/人 | 、5F | Ré luxe | “钉次性菌包装，打洞不疼” | “ | ￥380￥450Reluxe医学钢无菌穿耳套.. | 惠 | ￥19.9￥50代金券 | 惠,ocr/input_videos\上海__芮欧百货__20260825.mp4
OBS-000549,芮欧百货,葡轩红酒,葡轩红酒,烟酒茶叶,4.8,529,1F,rated,True,,rated,parsed,rating_anchor,0.9735,0.9983,57,4587,82.892,4.8烟酒茶叶￥529/人 | 1F,葡轩红酒 | 葡轩红酒 | SINCE 2009 | 4.8烟酒茶叶￥529/人 | 1F | 店员推荐细致，酒款品质在线 | （ | ￥399￥700 | 【半价抢】3瓶任选装（门.. | 惠,ocr/input_videos\上海__芮欧百货__20260825.mp4
OBS-000550,芮欧百货,Reluxe瑞兰穿耳,Reluxe瑞兰穿耳,综合珠宝首饰,4.3,758,5F,rated,True,,rated,parsed,rating_anchor,0.9829,0.9997,52,4587,82.892,★4.3综合珠宝首饰￥758/人5F,Reluxe瑞兰穿耳 | 好评店铺 | ★4.3综合珠宝首饰￥758/人5F | Réluxe | “钉次性菌包装，打洞不疼” | ￥380￥450Reluxe医学钢无菌穿耳套... | 惠 | ￥19.9￥50代金券 | 惠,ocr/input_videos\上海__芮欧百货__20260825.mp4
OBS-000551,芮欧百货,ipluso eyes意索眼镜,iplusoeyes意索眼镜,眼镜店,4.2,2582,B1,rated,True,,rated,parsed,rating_anchor,0.98,0.9932,65,4587,82.892,4.2眼镜店￥2582/人 | B1,ipluso eyes意索眼镜 | 4.2眼镜店￥2582/人 | B1 | 买手品味，眼镜款式多样” | ￥1999￥3560意索眼镜+蔡司1.60泽... | 惠,ocr/input_videos\上海__芮欧百货__20260825.mp4
OBS-000552,芮欧百货,眉毛的修养,眉毛的修养,美睫,3.6,158,B1,rated,True,,rated,parsed,rating_anchor,0.9669,1.0,58,4587,82.892,3.6美睫￥158/人 | B1,眉毛的修养 | 3.6美睫￥158/人 | B1 | 眉毛的修养 | 睫毛自然变长，眼睛blingbling | ““ | BBRROOWW1X7/ | ￥135￥139 | 惠 | 【工作日】高级老师/眉型..,ocr/input_videos\上海__芮欧百货__20260825.mp4
OBS-000553,芮欧百货,葡轩红酒,葡轩红酒,烟酒茶叶,4.8,529,1F,rated,True,,rated,parsed,rating_anchor,0.9797,0.999,60,4620,83.489,4.8烟酒茶叶￥529/人 | 1F,葡轩红酒 | 葡轩红酒 | SINCE 2009 | 4.8烟酒茶叶￥529/人 | 1F | 店员推荐细致，酒款品质在线 | ￥399￥700 | 【半价抢】3瓶任选装(门... | 惠,ocr/input_videos\上海__芮欧百货__20260825.mp4
OBS-000554,芮欧百货,Reluxe瑞兰穿耳,Reluxe瑞兰穿耳,综合珠宝首饰,4.3,758,5F,rated,True,,rated,parsed,rating_anchor,0.9892,0.9995,60,4620,83.489,4.3综合珠宝首饰￥758/人5F,Reluxe瑞兰穿耳 | 好评店铺 | 4.3综合珠宝首饰￥758/人5F | Ré luxe | “耳钉次性菌包装，打洞不疼” | ￥380￥450Reluxe医学钢无菌穿耳套... | 惠 | ￥19.9￥50代金券 | 惠,ocr/input_videos\上海__芮欧百货__20260825.mp4
OBS-000555,芮欧百货,ipluso eyes意索眼镜,iplusoeyes意索眼镜,眼镜店,4.2,2582,B1,rated,True,,rated,parsed,rating_anchor,0.9707,0.975,67,4620,83.489,⭐🌟🌟⭐⭐ | 4.2眼镜店￥2582/人 | B1,ipluso eyes意索眼镜 | ⭐🌟🌟⭐⭐ | 4.2眼镜店￥2582/人 | B1 | 买品味高，眼镜款式多样” | ￥1999￥3560 意索眼镜+蔡司1.60泽.. | 惠,ocr/input_videos\上海__芮欧百货__20260825.mp4
OBS-000556,芮欧百货,眉毛的修养,眉毛的修养,美睫,3.6,158,B1,rated,True,,rated,parsed,rating_anchor,0.9717,0.9999,61,4620,83.489,3.6美睫￥158/人 | B1,眉毛的修养 | 3.6美睫￥158/人 | B1 | 眉毛的修养 | 睫毛自然变长，眼睛bling bling | 2 | BBRROOWW1X7/ | 惠￥135￥139 | 【工作日】高级老师/眉型...,ocr/input_videos\上海__芮欧百货__20260825.mp4
OBS-000557,芮欧百货,Reluxe瑞兰穿耳,Reluxe瑞兰穿耳,综合珠宝首饰,4.3,758,5F,rated,True,,rated,parsed,rating_anchor,0.9886,0.9994,55,4686,84.681,4.3综合珠宝首饰￥758/人5F,Reluxe瑞兰穿耳 | 好评店铺 | 4.3综合珠宝首饰￥758/人5F | Ré luxe | “耳钉次性菌包装，打耳洞不疼” | “ | ￥380￥450Reluxe医学钢无菌穿耳套.. | 惠 | ￥19.9￥50代金券 | 惠,ocr/input_videos\上海__芮欧百货__20260825.mp4
OBS-000558,芮欧百货,ipluso eyes意索眼镜,iplusoeyes意索眼镜,眼镜店,4.2,2582,B1,rated,True,,rated,parsed,rating_anchor,0.9878,0.9942,63,4686,84.681,🌟🌟🎉🌟🌟 | B1 | 4.2眼镜店￥2582/人,ipluso eyes意索眼镜 | 🌟🌟🎉🌟🌟 | B1 | 4.2眼镜店￥2582/人 | 买手品味高，眼镜款式多样” | 惠￥1999￥3560意索眼镜+蔡司1.60泽..,ocr/input_videos\上海__芮欧百货__20260825.mp4
OBS-000559,芮欧百货,眉毛的修养,眉毛的修养,美睫,3.6,158,B1,rated,True,,rated,parsed,rating_anchor,0.9721,1.0,58,4686,84.681,3.6美睫￥158/人 | B1,眉毛的修养 | 3.6美睫￥158/人 | B1 | 眉毛的修养 | 睫毛然变长，眼睛bling bling | 5 | BBRROOWW1X7/ | 惠￥135￥139 | 【工作日】高级老师/眉型..,ocr/input_videos\上海__芮欧百货__20260825.mp4
OBS-000560,芮欧百货,方快PLUS照相馆,方快PLUS照相馆,快照摄影,4.7,116,5F,rated,True,,rated,parsed,rating_anchor,0.9827,0.9988,58,4686,84.681,4.7快照摄影￥116/人 | 5F,方快PLUS照相馆 | 结婚登记照 | 4.7快照摄影￥116/人 | 5F | 静安区快照销量榜第2名 | “拍照服务贴心，位置也很好找” | REASYFASTNA | 新门口的U | ￥49.99￥50 | 【证件照拍照】签证照！… | 惠,ocr/input_videos\上海__芮欧百货__20260825.mp4
OBS-000561,芮欧百货,眉毛的修养,眉毛的修养,美睫,3.6,158,B1,rated,True,,rated,parsed,rating_anchor,0.9663,0.9999,59,4708,85.079,3.6美睫￥158/人 | B1,眉毛的修养 | 3.6美睫￥158/人 | B1 | 眉毛的修养 | “睫然变长，眼睛blingbling | BBRROOWW1X7/ | ￥135￥139 | 【作】高级老师/眉型... | 惠,ocr/input_videos\上海__芮欧百货__20260825.mp4
OBS-000562,芮欧百货,方快PLUS照相馆,方快PLUS照相馆,快照摄影,4.7,116,5F,rated,True,,rated,parsed,rating_anchor,0.9681,0.9984,52,4708,85.079,快照摄影￥116/人 | 5F | 🌟🌟🌟4.7,方快PLUS照相馆 | 结婚登记照 | 快照摄影￥116/人 | 5F | 🌟🌟🌟4.7 | 静安区快照销量榜第2名 | 拍照服务贴，位置也很好找” | “6 | EASYPASTNA | 新门品计照片 | ￥49.99￥50 | 【证件照拍照】签证照|… | 惠,ocr/input_videos\上海__芮欧百货__20260825.mp4
OBS-000563,芮欧百货,OUDAVKYO KYOKYO,OUDAVKYOKYOKYO,服饰鞋包,,,4F,new_store,False,new_store,ocr_missing,parsed,metadata_anchor,0.9786,0.9587,48,4708,85.079,新店 | 服饰鞋包 | 4F,OUDAVKYO KYOKYO | 新店 | 服饰鞋包 | 4F,ocr/input_videos\上海__芮欧百货__20260825.mp4
OBS-000564,芮欧百货,摩登博物馆,摩登博物馆,文化艺术,,,3F,unrated,False,explicitly_unrated,unrated,parsed,unrated_anchor,0.999,0.9989,56,4708,85.079,暂无星级 | 文化艺术 | 3F | ★★★★★,摩登博物馆 | 暂无星级 | 文化艺术 | 3F | ★★★★★,ocr/input_videos\上海__芮欧百货__20260825.mp4
OBS-000565,芮欧百货,越洋广场-地下停车场,越洋广场-地下停车场,停车场,,,B2,unrated,False,explicitly_unrated,unrated,parsed,unrated_anchor,0.9974,0.9978,54,4708,85.079,暂无星级停车场 | B2 | ★★★★★,越洋广场-地下停车场 | 暂无星级停车场 | B2 | ★★★★★,ocr/input_videos\上海__芮欧百货__20260825.mp4
OBS-000566,芮欧百货,眉毛的修养,眉毛的修养,美睫,3.6,158,B1,rated,True,,rated,parsed,rating_anchor,0.9734,1.0,59,4752,85.874,3.6美睫￥158/人 | B1,眉毛的修养 | 3.6美睫￥158/人 | B1 | 眉毛的修养 | 睫毛自然变长，眼睛blingbling | “ | BBRROOWW1X7/ | ￥135￥139 | 【工作日】高级老师/眉型... | 惠,ocr/input_videos\上海__芮欧百货__20260825.mp4
OBS-000567,芮欧百货,方快PLUS照相馆,方快PLUS照相馆,快照摄影,4.7,116,5F,rated,True,,rated,parsed,rating_anchor,0.9808,0.9983,55,4752,85.874,4.7快照摄影￥116/人 | 5F,方快PLUS照相馆 | 结婚登记照 | 4.7快照摄影￥116/人 | 5F | 静安区快照销量榜第2名 | 拍照服务贴心，位置也很好找” | EASYFASTNA | 新门腔日村 | ￥49.99￥50 | 【证件照拍照】签证照|… | 惠,ocr/input_videos\上海__芮欧百货__20260825.mp4
OBS-000568,芮欧百货,OUDAVKYO KYOKYO,OUDAVKYOKYOKYO,服饰鞋包,,,4F,new_store,False,new_store,ocr_missing,parsed,metadata_anchor,0.9867,0.9742,51,4752,85.874,服饰鞋包 | 4F | 新店,OUDAVKYO KYOKYO | 服饰鞋包 | 4F | 新店,ocr/input_videos\上海__芮欧百货__20260825.mp4
OBS-000569,芮欧百货,摩登博物馆,摩登博物馆,文化艺术,,,3F,unrated,False,explicitly_unrated,unrated,parsed,unrated_anchor,0.9978,0.996,59,4752,85.874,暂无星级 | 文化艺术 | ★★★★★ | 3F,摩登博物馆 | 暂无星级 | 文化艺术 | ★★★★★ | 3F,ocr/input_videos\上海__芮欧百货__20260825.mp4
OBS-000570,芮欧百货,越洋广场-地下停车场,越洋广场-地下停车场,停车场,,,B2,unrated,False,explicitly_unrated,unrated,parsed,unrated_anchor,0.9973,0.9967,55,4752,85.874,暂无星级停车场 | B2 | ★★★★★,越洋广场-地下停车场 | 暂无星级停车场 | B2 | ★★★★★ | HAG,ocr/input_videos\上海__芮欧百货__20260825.mp4
OBS-000571,芮欧百货,OUDAVKYO KYOKYO,OUDAVKYOKYOKYO,服饰鞋包,,,4F,new_store,False,new_store,ocr_missing,parsed,metadata_anchor,0.9883,0.9773,44,4851,87.663,新店 | 服饰鞋包 | 4F,OUDAVKYO KYOKYO | 新店 | 服饰鞋包 | 4F,ocr/input_videos\上海__芮欧百货__20260825.mp4
OBS-000572,芮欧百货,摩登博物馆,摩登博物馆,文化艺术,,,3F,unrated,False,explicitly_unrated,unrated,parsed,unrated_anchor,0.9979,0.9963,56,4851,87.663,文化艺术 | 3F | ★🌟💥★🌟 | 暂无星级,摩登博物馆 | 文化艺术 | 3F | ★🌟💥★🌟 | 暂无星级,ocr/input_videos\上海__芮欧百货__20260825.mp4
OBS-000573,芮欧百货,越洋广场-地下停车场,越洋广场-地下停车场,停车场,,,B2,unrated,False,explicitly_unrated,unrated,parsed,unrated_anchor,0.9988,0.9979,54,4851,87.663,停车场 | ★★★★★ | 暂无星级 | B2,越洋广场-地下停车场 | 停车场 | ★★★★★ | 暂无星级 | B2,ocr/input_videos\上海__芮欧百货__20260825.mp4
OBS-000574,芮欧百货,PANATTAfitness健身,PANATTAfitness健身,运动健身,,,4F,unrated,False,explicitly_unrated,unrated,parsed,unrated_anchor,0.9907,0.982,55,4851,87.663,运动健身 | 4F | ★★★★★ | 暂无星级,PANATTAfitness健身 | 运动健身 | 4F | ★★★★★ | 暂无星级 | 即将开业,ocr/input_videos\上海__芮欧百货__20260825.mp4
OBS-000575,芮欧百货,TESLA 特斯拉超级充电站,TESLA特斯拉超级充电站,充电站/桩,,,商场内,unrated,False,explicitly_unrated,unrated,parsed,unrated_anchor,0.9732,0.9622,54,4851,87.663,商场内 | 暂无星级 | 充电站/桩 | ★★★★★,TESLA 特斯拉超级充电站 | 商场内 | 暂无星级 | 充电站/桩 | ★★★★★ | TFS,ocr/input_videos\上海__芮欧百货__20260825.mp4
OBS-000576,芮欧百货,彤梵·印度手工,彤梵·印度手工,DIY手工坊,,,5F,unrated,False,explicitly_unrated,unrated,parsed,unrated_anchor,0.9954,0.9919,58,4851,87.663,暂无星级 | 5F | ★★★★★ | DIY手工坊,彤梵·印度手工 | 暂无星级 | 5F | ★★★★★ | DIY手工坊,ocr/input_videos\上海__芮欧百货__20260825.mp4
OBS-000577,芮欧百货,摩登博物馆,摩登博物馆,文化艺术,,,3F,unrated,False,explicitly_unrated,unrated,parsed,unrated_anchor,0.9993,0.9991,55,4895,88.458,文化艺术 | 3F | ★★★★★ | 暂无星级,摩登博物馆 | 文化艺术 | 3F | ★★★★★ | 暂无星级,ocr/input_videos\上海__芮欧百货__20260825.mp4
OBS-000578,芮欧百货,越洋广场-地下停车场,越洋广场-地下停车场,停车场,,,B2,unrated,False,explicitly_unrated,unrated,parsed,unrated_anchor,0.9983,0.9973,54,4895,88.458,停车场 | B2 | 🌟🌟🌟🌟 | 暂无星级,越洋广场-地下停车场 | 停车场 | B2 | 🌟🌟🌟🌟 | 暂无星级 | AECPAC,ocr/input_videos\上海__芮欧百货__20260825.mp4
OBS-000579,芮欧百货,PANATTAfitness健身,PANATTAfitness健身,运动健身,,,4F,unrated,False,explicitly_unrated,unrated,parsed,unrated_anchor,0.9961,0.9928,55,4895,88.458,★🌟★★★ | 4F | 运动健身 | 暂无星级,PANATTAfitness健身 | ★🌟★★★ | 4F | 运动健身 | 暂无星级 | 即将开业,ocr/input_videos\上海__芮欧百货__20260825.mp4
OBS-000580,芮欧百货,TESLA 特斯拉超级充电站,TESLA特斯拉超级充电站,充电站/桩,,,商场内,unrated,False,explicitly_unrated,unrated,parsed,unrated_anchor,0.9758,0.9663,54,4895,88.458,商场内 | 充电站/桩 | 暂无星级 | ★★★★★,TESLA 特斯拉超级充电站 | 商场内 | 充电站/桩 | 暂无星级 | ★★★★★ | TFS,ocr/input_videos\上海__芮欧百货__20260825.mp4
OBS-000581,芮欧百货,彤梵·印度手工,彤梵·印度手工,DIY手工坊,,,5F,unrated,False,explicitly_unrated,unrated,parsed,unrated_anchor,0.9937,0.9885,51,4895,88.458,5F | 暂无星级 | ★★★★★ | DIY手工坊,彤梵·印度手工 | 5F | 暂无星级 | ★★★★★ | DIY手工坊,ocr/input_videos\上海__芮欧百货__20260825.mp4
OBS-000582,芮欧百货,MeetMimiQ,MeetMimiQ,服饰鞋包,,,B1,unrated,False,explicitly_unrated,unrated,parsed,unrated_anchor,0.9869,0.9746,51,4895,88.458,★★★★★ | 暂无星级 | B1 | 服饰鞋包,MeetMimiQ | ★★★★★ | 暂无星级 | B1 | 服饰鞋包,ocr/input_videos\上海__芮欧百货__20260825.mp4
OBS-000583,芮欧百货,摩登博物馆,摩登博物馆,文化艺术,,,3F,unrated,False,explicitly_unrated,unrated,parsed,unrated_anchor,0.9988,0.9987,54,4917,88.856,文化艺术 | 暂无星级 | 3F | ★★★★★,摩登博物馆 | 文化艺术 | 暂无星级 | 3F | ★★★★★,ocr/input_videos\上海__芮欧百货__20260825.mp4
OBS-000584,芮欧百货,越洋广场-地下停车场,越洋广场-地下停车场,停车场,,,B2,unrated,False,explicitly_unrated,unrated,parsed,unrated_anchor,0.9988,0.9983,50,4917,88.856,停车场 | B2 | ★★★★★ | 暂无星级,越洋广场-地下停车场 | 停车场 | B2 | ★★★★★ | 暂无星级 | rhae,ocr/input_videos\上海__芮欧百货__20260825.mp4
OBS-000585,芮欧百货,PANATTAfitness健身,PANATTAfitness健身,运动健身,,,4F,unrated,False,explicitly_unrated,unrated,parsed,unrated_anchor,0.9969,0.9942,54,4917,88.856,4F | ★★★★★ | 运动健身 | 暂无星级,PANATTAfitness健身 | 4F | ★★★★★ | 运动健身 | 暂无星级 | 即将开业,ocr/input_videos\上海__芮欧百货__20260825.mp4
OBS-000586,芮欧百货,TESLA 特斯拉超级充电站,TESLA特斯拉超级充电站,充电站/桩,,,商场内,unrated,False,explicitly_unrated,unrated,parsed,unrated_anchor,0.9778,0.9722,53,4917,88.856,商场内 | ★★★★★ | 暂无星级 | 充电站/桩,TESLA 特斯拉超级充电站 | 商场内 | ★★★★★ | 暂无星级 | 充电站/桩 | TFSLA,ocr/input_videos\上海__芮欧百货__20260825.mp4
OBS-000587,芮欧百货,彤梵·印度手工,彤梵·印度手工,DIY手工坊,,,5F,unrated,False,explicitly_unrated,unrated,parsed,unrated_anchor,0.9937,0.9884,57,4917,88.856,暂无星级 | 5F | ★★★★★ | DIY手工坊,彤梵·印度手工 | 暂无星级 | 5F | ★★★★★ | DIY手工坊,ocr/input_videos\上海__芮欧百货__20260825.mp4
OBS-000588,芮欧百货,MeetMimiQ,MeetMimiQ,服饰鞋包,,,B1,unrated,False,explicitly_unrated,unrated,parsed,unrated_anchor,0.9979,0.9966,52,4917,88.856,★🌟★★🌟 | 暂无星级 | 服饰鞋包 | B1,MeetMimiQ | ★🌟★★🌟 | 暂无星级 | 服饰鞋包 | B1,ocr/input_videos\上海__芮欧百货__20260825.mp4
OBS-000589,芮欧百货,手豆符物,手豆符物,文化艺术,,,3F,unrated,False,explicitly_unrated,unrated,parsed,unrated_anchor,0.8266,0.6536,33,4961,89.651,文化艺术 | 3F | ★★★★★ | 暂无星级,手豆符物 | 文化艺术 | 3F | ★★★★★ | 暂无星级,ocr/input_videos\上海__芮欧百货__20260825.mp4
OBS-000590,芮欧百货,越洋广场-地下停车场,越洋广场-地下停车场,停车场,,,B2,unrated,False,explicitly_unrated,unrated,parsed,unrated_anchor,0.9986,0.9976,54,4961,89.651,停车场 | ★🌟🌟 | 暂无星级 | B2,越洋广场-地下停车场 | 停车场 | ★🌟🌟 | 暂无星级 | B2,ocr/input_videos\上海__芮欧百货__20260825.mp4
OBS-000591,芮欧百货,PANATTAfitness健身,PANATTAfitness健身,运动健身,,,4F,unrated,False,explicitly_unrated,unrated,parsed,unrated_anchor,0.9837,0.9679,55,4961,89.651,★★★★★ | 4F | 暂无星级 | 运动健身,PANATTAfitness健身 | ★★★★★ | 4F | 暂无星级 | 运动健身 | 即将开业,ocr/input_videos\上海__芮欧百货__20260825.mp4
OBS-000592,芮欧百货,TESLA 特斯拉超级充电站,TESLA特斯拉超级充电站,充电站/桩,,,商场内,unrated,False,explicitly_unrated,unrated,parsed,unrated_anchor,0.9798,0.9691,54,4961,89.651,商场内 | ★🌟💥★ | 暂无星级 | 充电站/桩,TESLA 特斯拉超级充电站 | 商场内 | ★🌟💥★ | 暂无星级 | 充电站/桩 | TESLA,ocr/input_videos\上海__芮欧百货__20260825.mp4
OBS-000593,芮欧百货,彤梵·印度手工,彤梵·印度手工,DIY手工坊,,,5F,unrated,False,explicitly_unrated,unrated,parsed,unrated_anchor,0.9935,0.9881,57,4961,89.651,暂无星级 | DIY手工坊 | 5F | ★★★★★,彤梵·印度手工 | 暂无星级 | DIY手工坊 | 5F | ★★★★★,ocr/input_videos\上海__芮欧百货__20260825.mp4
OBS-000594,芮欧百货,MeetMimiQ,MeetMimiQ,服饰鞋包,,,B1,unrated,False,explicitly_unrated,unrated,parsed,unrated_anchor,0.9986,0.998,54,4961,89.651,服饰鞋包 | ★★★★★ | 暂无星级 | B1,MeetMimiQ | 服饰鞋包 | ★★★★★ | 暂无星级 | B1 | Tom Dixon(芮欧百货店),ocr/input_videos\上海__芮欧百货__20260825.mp4
OBS-000595,芮欧百货,彤梵·印度手工,彤梵·印度手工,DIY手工坊,,,5F,unrated,False,explicitly_unrated,unrated,parsed,unrated_anchor,0.995,0.9914,55,5005,90.446,DIY手工坊 | 5F | 🌟🌟💥🌟🌟 | 暂无星级,彤梵·印度手工 | DIY手工坊 | 5F | 🌟🌟💥🌟🌟 | 暂无星级,ocr/input_videos\上海__芮欧百货__20260825.mp4
OBS-000596,芮欧百货,MeetMimiQ,MeetMimiQ,服饰鞋包,,,B1,unrated,False,explicitly_unrated,unrated,parsed,unrated_anchor,0.9983,0.9972,54,5005,90.446,🌟🌟🌟🌟⭐ | 暂无星级 | 服饰鞋包 | B1,MeetMimiQ | 🌟🌟🌟🌟⭐ | 暂无星级 | 服饰鞋包 | B1,ocr/input_videos\上海__芮欧百货__20260825.mp4
OBS-000597,芮欧百货,Tom Dixon(芮欧百货店),TomDixon(芮欧百货店),家具家居,,,4F,new_store,False,new_store,ocr_missing,parsed,metadata_anchor,0.978,0.9567,61,5005,90.446,新店 | 家具家居 | 4F,Tom Dixon(芮欧百货店) | 新店 | 家具家居 | 4F | 家具家居,ocr/input_videos\上海__芮欧百货__20260825.mp4
OBS-000598,芮欧百货,WEVE2050(芮欧百货店),WEVE2050(芮欧百货店),购物,,,4F,new_store,False,new_store,ocr_missing,parsed,metadata_anchor,0.9943,0.9886,66,5005,90.446,购物 | 新店 | 4F,WEVE2050(芮欧百货店) | WEVE2050 | 购物 | 新店 | 4F,ocr/input_videos\上海__芮欧百货__20260825.mp4
OBS-000599,芮欧百货,日本SOCIE施舒雅美容世界,日本SOCIE施舒雅美容世界,SPA美体,,,2F,new_store,False,new_store,ocr_missing,parsed,metadata_anchor,0.9984,0.9992,60,5005,90.446,新店 | SPA美体 | 2F,日本SOCIE施舒雅美容世界 | SOCIE | 新店 | SPA美体 | 2F | esthetie,ocr/input_videos\上海__芮欧百货__20260825.mp4
OBS-000600,芮欧百货,GERARDDAREL,GERARDDAREL,服饰鞋包,,,3F,unrated,False,explicitly_unrated,unrated,parsed,unrated_anchor,0.9984,0.9974,47,5005,90.446,服饰鞋包 | 3F | ★⭐🌟🌟🌟 | 暂无星级,GERARDDAREL | 服饰鞋包 | 3F | ★⭐🌟🌟🌟 | 暂无星级,ocr/input_videos\上海__芮欧百货__20260825.mp4
OBS-000601,芮欧百货,彤梵·印度手工,彤梵·印度手工,DIY手工坊,,,5F,unrated,False,explicitly_unrated,unrated,parsed,unrated_anchor,0.9941,0.9891,57,5038,91.042,暂无星级 | 5F | DIY手工坊 | ★★★★★,彤梵·印度手工 | 暂无星级 | 5F | DIY手工坊 | ★★★★★,ocr/input_videos\上海__芮欧百货__20260825.mp4
OBS-000602,芮欧百货,MeetMimiQ,MeetMimiQ,服饰鞋包,,,B1,unrated,False,explicitly_unrated,unrated,parsed,unrated_anchor,0.9983,0.9971,58,5038,91.042,⭐🌟🌟🌟⭐ | 暂无星级 | 服饰鞋包 | B1,MeetMimiQ | ⭐🌟🌟🌟⭐ | 暂无星级 | 服饰鞋包 | B1,ocr/input_videos\上海__芮欧百货__20260825.mp4
OBS-000603,芮欧百货,Tom Dixon(芮欧百货店),TomDixon(芮欧百货店),家具家居,,,4F,new_store,False,new_store,ocr_missing,parsed,metadata_anchor,0.9935,0.9877,60,5038,91.042,家具家居 | 新店 | 4F,Tom Dixon(芮欧百货店) | 家具家居 | 新店 | 4F | 家具家居,ocr/input_videos\上海__芮欧百货__20260825.mp4
OBS-000604,芮欧百货,WEVE2050(芮欧百货店),WEVE2050(芮欧百货店),购物,,,4F,new_store,False,new_store,ocr_missing,parsed,metadata_anchor,0.9941,0.9882,57,5038,91.042,购物 | 4F | 新店,WEVE2050(芮欧百货店) | WEVE2050 | 购物 | 4F | 新店,ocr/input_videos\上海__芮欧百货__20260825.mp4
OBS-000605,芮欧百货,日本SOCIE施舒雅美容世界,日本SOCIE施舒雅美容世界,SPA美体,,,2F,new_store,False,new_store,ocr_missing,parsed,metadata_anchor,0.999,0.9991,59,5038,91.042,2F | 新店 | SPA美体,日本SOCIE施舒雅美容世界 | SOCIE | 2F | 新店 | SPA美体 | esthetn,ocr/input_videos\上海__芮欧百货__20260825.mp4
OBS-000606,芮欧百货,GERARDDAREL,GERARDDAREL,服饰鞋包,,,3F,unrated,False,explicitly_unrated,unrated,parsed,unrated_anchor,0.9986,0.9979,45,5038,91.042,3F | ★★★★★ | 暂无星级 | 服饰鞋包,GERARDDAREL | 3F | ★★★★★ | 暂无星级 | 服饰鞋包,ocr/input_videos\上海__芮欧百货__20260825.mp4
OBS-000607,芮欧百货,MeetMimiQ,MeetMimiQ,服饰鞋包,,,B1,unrated,False,explicitly_unrated,unrated,parsed,unrated_anchor,0.9982,0.9973,56,5137,92.831,服饰鞋包 | 暂无星级 | 🌟🌟🌟🌟⭐ | B1,MeetMimiQ | 服饰鞋包 | 暂无星级 | 🌟🌟🌟🌟⭐ | B1,ocr/input_videos\上海__芮欧百货__20260825.mp4
OBS-000608,芮欧百货,Tom Dixon(芮欧百货店),TomDixon(芮欧百货店),家具家居,,,4F,new_store,False,new_store,ocr_missing,parsed,metadata_anchor,0.983,0.9667,65,5137,92.831,家具家居 | 新店 | 4F,Tom Dixon(芮欧百货店) | 家具家居 | 新店 | 4F | 家具家居,ocr/input_videos\上海__芮欧百货__20260825.mp4
OBS-000609,芮欧百货,WEVE2050(芮欧百货店),WEVE2050(芮欧百货店),购物,,,4F,new_store,False,new_store,ocr_missing,parsed,metadata_anchor,0.9885,0.9771,61,5137,92.831,新店 | 购物 | 4F,WEVE2050(芮欧百货店) | WEVE2050 | 新店 | 购物 | 4F,ocr/input_videos\上海__芮欧百货__20260825.mp4
OBS-000610,芮欧百货,日本SOCIE施舒雅美容世界,日本SOCIE施舒雅美容世界,SPA美体,,,2F,new_store,False,new_store,ocr_missing,parsed,metadata_anchor,0.9987,0.9991,60,5137,92.831,新店 | SPA美体 | 2F,日本SOCIE施舒雅美容世界 | SOCIE | 新店 | SPA美体 | 2F | esthetin,ocr/input_videos\上海__芮欧百货__20260825.mp4
OBS-000611,芮欧百货,GERARDDAREL,GERARDDAREL,服饰鞋包,,,3F,unrated,False,explicitly_unrated,unrated,parsed,unrated_anchor,0.9983,0.9976,45,5137,92.831,3F | 暂无星级 | ★★★★★ | 服饰鞋包,GERARDDAREL | 3F | 暂无星级 | ★★★★★ | 服饰鞋包,ocr/input_videos\上海__芮欧百货__20260825.mp4
OBS-000612,芮欧百货,GABRIELE COLANGELO,GABRIELECOLANGELO,服装,,,2F,unrated,False,explicitly_unrated,unrated,parsed,unrated_anchor,0.9867,0.9737,47,5137,92.831,★★★★★ | 服装 | 2F | 暂无星级,GABRIELE COLANGELO | ★★★★★ | 服装 | 2F | 暂无星级,ocr/input_videos\上海__芮欧百货__20260825.mp4
OBS-000613,芮欧百货,meetmimiQ,meetmimiQ,服饰鞋包,,,B1,unrated,False,explicitly_unrated,unrated,parsed,unrated_anchor,0.9619,0.9245,39,5159,93.229,★★★★ | 暂无星级 | 服饰鞋包 | B1,meetmimiQ | ★★★★ | 暂无星级 | 服饰鞋包 | B1,ocr/input_videos\上海__芮欧百货__20260825.mp4
OBS-000614,芮欧百货,Tom Dixon(芮欧百货店),TomDixon(芮欧百货店),家具家居,,,4F,new_store,False,new_store,ocr_missing,parsed,metadata_anchor,0.9796,0.9602,58,5159,93.229,新店 | 家具家居 | 4F,Tom Dixon(芮欧百货店) | 新店 | 家具家居 | 4F | 家具家居,ocr/input_videos\上海__芮欧百货__20260825.mp4
OBS-000615,芮欧百货,WEVE2050(芮欧百货店),WEVE2050(芮欧百货店),购物,,,4F,new_store,False,new_store,ocr_missing,parsed,metadata_anchor,0.993,0.986,55,5159,93.229,购物 | 新店 | 4F,WEVE2050(芮欧百货店) | WEVE2050 | 购物 | 新店 | 4F,ocr/input_videos\上海__芮欧百货__20260825.mp4
OBS-000616,芮欧百货,日本SOCIE施舒雅美容世界,日本SOCIE施舒雅美容世界,SPA美体,,,2F,new_store,False,new_store,ocr_missing,parsed,metadata_anchor,0.9986,0.9991,57,5159,93.229,新店 | SPA美体 | 2F,日本SOCIE施舒雅美容世界 | SOCIE | 新店 | SPA美体 | 2F | esthetin,ocr/input_videos\上海__芮欧百货__20260825.mp4
OBS-000617,芮欧百货,GERARDDAREL,GERARDDAREL,服饰鞋包,,,3F,unrated,False,explicitly_unrated,unrated,parsed,unrated_anchor,0.9979,0.9963,50,5159,93.229,3F | ★★★★★ | 暂无星级 | 服饰鞋包,GERARDDAREL | 3F | ★★★★★ | 暂无星级 | 服饰鞋包,ocr/input_videos\上海__芮欧百货__20260825.mp4
OBS-000618,芮欧百货,GABRIELE COLANGELO,GABRIELECOLANGELO,服装,,,2F,unrated,False,explicitly_unrated,unrated,parsed,unrated_anchor,0.987,0.9742,48,5159,93.229,服装 | 暂无星级 | 2F | ★★★★★,GABRIELE COLANGELO | 服装 | 暂无星级 | 2F | ★★★★★,ocr/input_videos\上海__芮欧百货__20260825.mp4
OBS-000619,芮欧百货,PANATTAfitness健身,PANATTAfitness健身,运动健身,,,4F,unrated,False,explicitly_unrated,unrated,parsed,unrated_anchor,0.9822,0.9649,54,5203,94.024,暂无星级 | 运动健身 | 4F | ★★★★★,PANATTAfitness健身 | 暂无星级 | 运动健身 | 4F | ★★★★★ | 即将开业,ocr/input_videos\上海__芮欧百货__20260825.mp4
OBS-000620,芮欧百货,TESLA 特斯拉超级充电站,TESLA特斯拉超级充电站,充电站/桩,,,商场内,unrated,False,explicitly_unrated,unrated,parsed,unrated_anchor,0.9744,0.9612,54,5203,94.024,商场内 | 充电站/桩 | ★★★★★ | 暂无星级,TESLA 特斯拉超级充电站 | 商场内 | 充电站/桩 | ★★★★★ | 暂无星级 | ES,ocr/input_videos\上海__芮欧百货__20260825.mp4
OBS-000621,芮欧百货,彤梵·印度手工,彤梵·印度手工,DIY手工坊,,,5F,unrated,False,explicitly_unrated,unrated,parsed,unrated_anchor,0.9922,0.9856,52,5203,94.024,5F | ★★★★★ | DIY手工坊 | 暂无星级,彤梵·印度手工 | 5F | ★★★★★ | DIY手工坊 | 暂无星级,ocr/input_videos\上海__芮欧百货__20260825.mp4
OBS-000622,芮欧百货,MeetMimiQ,MeetMimiQ,服饰鞋包,,,B1,unrated,False,explicitly_unrated,unrated,parsed,unrated_anchor,0.9976,0.9956,56,5203,94.024,★★★★★ | 暂无星级 | 服饰鞋包 | B1,MeetMimiQ | ★★★★★ | 暂无星级 | 服饰鞋包 | B1,ocr/input_videos\上海__芮欧百货__20260825.mp4
OBS-000623,芮欧百货,TomDixon(芮欧百货店),TomDixon(芮欧百货店),家具家居,,,4F,new_store,False,new_store,ocr_missing,parsed,metadata_anchor,0.9803,0.9619,60,5203,94.024,新店 | 4F | 家具家居,TomDixon(芮欧百货店) | 新店 | 4F | 家具家居 | 家具家居,ocr/input_videos\上海__芮欧百货__20260825.mp4
OBS-000624,芮欧百货,WEVE2050(芮欧百货店),WEVE2050(芮欧百货店),购物,,,4F,new_store,False,new_store,ocr_missing,parsed,metadata_anchor,0.9932,0.9865,55,5203,94.024,购物 | 新店 | 4F,WEVE2050(芮欧百货店) | WEVE2050 | 购物 | 新店 | 4F,ocr/input_videos\上海__芮欧百货__20260825.mp4
OBS-000625,芮欧百货,摩登博物馆,摩登博物馆,文化艺术,,,3F,unrated,False,explicitly_unrated,unrated,parsed,unrated_anchor,0.9978,0.9965,55,5225,94.422,★★★★ | 暂无星级 | 文化艺术 | 3F,摩登博物馆 | ★★★★ | 暂无星级 | 文化艺术 | 3F,ocr/input_videos\上海__芮欧百货__20260825.mp4
OBS-000626,芮欧百货,越洋广场-地下停车场,越洋广场-地下停车场,停车场,,,B2,unrated,False,explicitly_unrated,unrated,parsed,unrated_anchor,0.9991,0.9988,54,5225,94.422,停车场 | 暂无星级 | ★★★★★ | B2,越洋广场-地下停车场 | 停车场 | 暂无星级 | ★★★★★ | B2,ocr/input_videos\上海__芮欧百货__20260825.mp4
OBS-000627,芮欧百货,PANATTAfitness健身,PANATTAfitness健身,运动健身,,,4F,unrated,False,explicitly_unrated,unrated,parsed,unrated_anchor,0.9978,0.9961,54,5225,94.422,4F | 运动健身 | ★★★★★ | 暂无星级,PANATTAfitness健身 | 4F | 运动健身 | ★★★★★ | 暂无星级 | 即将开业,ocr/input_videos\上海__芮欧百货__20260825.mp4
OBS-000628,芮欧百货,TESLA 特斯拉超级充电站,TESLA特斯拉超级充电站,充电站/桩,,,商场内,unrated,False,explicitly_unrated,unrated,parsed,unrated_anchor,0.975,0.9644,54,5225,94.422,商场内 | 充电站/桩 | ★★★★★ | 暂无星级,TESLA 特斯拉超级充电站 | 商场内 | 充电站/桩 | ★★★★★ | 暂无星级,ocr/input_videos\上海__芮欧百货__20260825.mp4
OBS-000629,芮欧百货,彤梵·印度手工,彤梵·印度手工,DIY手工坊,,,5F,unrated,False,explicitly_unrated,unrated,parsed,unrated_anchor,0.9948,0.9907,55,5225,94.422,🌟🌟🌟🌟⭐ | 5F | 暂无星级 | DIY手工坊,彤梵·印度手工 | 🌟🌟🌟🌟⭐ | 5F | 暂无星级 | DIY手工坊,ocr/input_videos\上海__芮欧百货__20260825.mp4
OBS-000630,芮欧百货,MeetMimiQ,MeetMimiQ,服饰鞋包,,,B1,unrated,False,explicitly_unrated,unrated,parsed,unrated_anchor,0.9982,0.9969,55,5225,94.422,★★★★ | 暂无星级 | 服饰鞋包 | B1,MeetMimiQ | ★★★★ | 暂无星级 | 服饰鞋包 | B1,ocr/input_videos\上海__芮欧百货__20260825.mp4
OBS-000631,芮欧百货,OUDAVKYO KYOKYO,OUDAVKYOKYOKYO,服饰鞋包,,,4F,new_store,False,new_store,ocr_missing,parsed,metadata_anchor,0.9799,0.9603,47,5247,94.819,4F | 新店 | 服饰鞋包,OUDAVKYO KYOKYO | 4F | 新店 | 服饰鞋包,ocr/input_videos\上海__芮欧百货__20260825.mp4
OBS-000632,芮欧百货,摩登博物馆,摩登博物馆,文化艺术,,,3F,unrated,False,explicitly_unrated,unrated,parsed,unrated_anchor,0.9944,0.9893,55,5247,94.819,暂无星级 | 文化艺术 | 3F | ★★★★★,摩登博物馆 | 暂无星级 | 文化艺术 | 3F | ★★★★★,ocr/input_videos\上海__芮欧百货__20260825.mp4
OBS-000633,芮欧百货,越洋广场-地下停车场,越洋广场-地下停车场,停车场,,,B2,unrated,False,explicitly_unrated,unrated,parsed,unrated_anchor,0.9989,0.9982,54,5247,94.819,停车场 | B2 | ⭐🌟🌟🌟 | 暂无星级,越洋广场-地下停车场 | 停车场 | B2 | ⭐🌟🌟🌟 | 暂无星级 | AICFIACA,ocr/input_videos\上海__芮欧百货__20260825.mp4
OBS-000634,芮欧百货,PANATTAfitness健身,PANATTAfitness健身,运动健身,,,4F,unrated,False,explicitly_unrated,unrated,parsed,unrated_anchor,0.9829,0.9664,54,5247,94.819,★★★★★ | 运动健身 | 4F | 暂无星级,PANATTAfitness健身 | ★★★★★ | 运动健身 | 4F | 暂无星级 | 即将开业,ocr/input_videos\上海__芮欧百货__20260825.mp4
OBS-000635,芮欧百货,TESLA特斯拉超级充电站,TESLA特斯拉超级充电站,充电站/桩,,,商场内,unrated,False,explicitly_unrated,unrated,parsed,unrated_anchor,0.9919,0.9972,55,5247,94.819,⭐🌟🌟🌟⭐ | 充电站/桩 | 商场内 | 暂无星级,TESLA特斯拉超级充电站 | ⭐🌟🌟🌟⭐ | 充电站/桩 | 商场内 | 暂无星级 | TFSL | 国,ocr/input_videos\上海__芮欧百货__20260825.mp4
OBS-000636,芮欧百货,彤梵·印度手工,彤梵·印度手工,DIY手工坊,,,5F,unrated,False,explicitly_unrated,unrated,parsed,unrated_anchor,0.9943,0.9895,52,5247,94.819,5F | ★★★★★ | 暂无星级 | DIY手工坊,彤梵·印度手工 | 5F | ★★★★★ | 暂无星级 | DIY手工坊,ocr/input_videos\上海__芮欧百货__20260825.mp4
OBS-000637,芮欧百货,ipluso eyes意索眼镜,iplusoeyes意索眼镜,目,4.2,2582,B1,rated,True,,rated,parsed,rating_anchor,0.9092,0.9955,63,5291,95.614,B1 | 🌟🌟🎉🌟 | 眼镜店￥2582/人 | 4.2目 | ★,ipluso eyes意索眼镜 | B1 | 🌟🌟🎉🌟 | 眼镜店￥2582/人 | 4.2目 | ★ | “买品味，眼镜款式多样” | ￥1999￥3560意索眼镜+蔡司1.60泽... | 惠,ocr/input_videos\上海__芮欧百货__20260825.mp4
OBS-000638,芮欧百货,眉毛的修养,眉毛的修养,美睫,3.6,158,B1,rated,True,,rated,parsed,rating_anchor,0.9772,0.9999,62,5291,95.614,⭐🌟🌟🌟🌟 | B1 | 美睫￥158/人 | 3.6,眉毛的修养 | ⭐🌟🌟🌟🌟 | B1 | 美睫￥158/人 | 3.6 | 眉毛的修养 | 睫毛自然变长，眼睛blingbling | 小 | BBRROOWW1X7/ | 惠 | ￥135￥139 | 【工作日】高级老师/眉型...,ocr/input_videos\上海__芮欧百货__20260825.mp4
OBS-000639,芮欧百货,方快PLUS照相馆,方快PLUS照相馆,快照摄影,4.7,116,5F,rated,True,,rated,parsed,rating_anchor,0.9757,0.999,57,5291,95.614,4.7快照摄影￥116/人 | 5F,方快PLUS照相馆 | 结婚登记照 | 4.7快照摄影￥116/人 | 5F | 静安区快照销量榜第2名 | 拍照服务贴心，位置也很好找” | G | REASYFASTNA | 打门口UE | 【证件照拍照】签证照|… | ￥49.99￥50 | 惠,ocr/input_videos\上海__芮欧百货__20260825.mp4
OBS-000640,芮欧百货,OUDAVKYO KYOKYO,OUDAVKYOKYOKYO,服饰鞋包,,,4F,new_store,False,new_store,ocr_missing,parsed,metadata_anchor,0.9811,0.9632,47,5291,95.614,新店 | 4F | 服饰鞋包,OUDAVKYO KYOKYO | 新店 | 4F | 服饰鞋包,ocr/input_videos\上海__芮欧百货__20260825.mp4
OBS-000641,芮欧百货,摩登博物馆,摩登博物馆,文化艺术,,,3F,unrated,False,explicitly_unrated,unrated,parsed,unrated_anchor,0.9993,0.9991,56,5291,95.614,文化艺术 | 🌟🌟⭐⭐ | 暂无星级 | 3F,摩登博物馆 | 文化艺术 | 🌟🌟⭐⭐ | 暂无星级 | 3F,ocr/input_videos\上海__芮欧百货__20260825.mp4
OBS-000642,芮欧百货,ipluso eyes意索眼镜,iplusoeyes意索眼镜,眼镜店,4.2,2582,B1,rated,True,,rated,parsed,rating_anchor,0.9736,0.9679,65,5313,96.012,🌟🌟🌟🎉⭐ | 4.2眼镜店￥2582/人 | B1,ipluso eyes意索眼镜 | 🌟🌟🌟🎉⭐ | 4.2眼镜店￥2582/人 | B1 | 买手品味高，眼镜款式多样” | 「 | ￥1999￥3560意索眼镜+蔡司1.60泽. | 惠,ocr/input_videos\上海__芮欧百货__20260825.mp4
OBS-000643,芮欧百货,眉毛的修养,眉毛的修养,美睫,3.6,158,B1,rated,True,,rated,parsed,rating_anchor,0.9692,1.0,63,5313,96.012,3.6美睫￥158/人 | B1,眉毛的修养 | 3.6美睫￥158/人 | B1 | 眉毛的修养 | 睫毛自然变长，眼睛blingbling | “ | 3 | BBRRO0Ww1X7/ | ￥135￥139 | 【工作日】高级老师/眉型.. | 惠,ocr/input_videos\上海__芮欧百货__20260825.mp4
OBS-000644,芮欧百货,方快PLUS照相馆,方快PLUS照相馆,快照摄影,4.7,116,5F,rated,True,,rated,parsed,rating_anchor,0.9795,0.9983,58,5313,96.012,4.7快照摄影￥116/人 | 5F,方快PLUS照相馆 | 结婚登记照 | 4.7快照摄影￥116/人 | 5F | 静安区快照销量榜第2名 | “拍照服务贴心，位置也很好找” | 万EASYFASTNA | 南门口片 | ￥49.99￥50 | 【证件照拍照】签证照|. | 惠,ocr/input_videos\上海__芮欧百货__20260825.mp4
OBS-000645,芮欧百货,OUDAVKYO KYOKYO,OUDAVKYOKYOKYO,服饰鞋包,,,4F,new_store,False,new_store,ocr_missing,parsed,metadata_anchor,0.9751,0.951,53,5313,96.012,新店 | 服饰鞋包 | 4F,OUDAVKYO KYOKYO | 新店 | 服饰鞋包 | 4F | 摩登博物馆,ocr/input_videos\上海__芮欧百货__20260825.mp4
OBS-000646,芮欧百货,葡轩红酒,葡轩红酒,烟酒茶叶,4.8,,1F,rated,True,,rated,parsed,rating_anchor,0.9687,0.999,60,5324,96.211,1F | 4.8烟酒茶叶￥529/,葡轩红酒 | 葡轩红酒 | SINC0 2009 | 1F | 4.8烟酒茶叶￥529/ | 店员推荐细致，酒款品质在线 | ￥399￥700 | 【半价抢】3瓶任选装(. | 惠,ocr/input_videos\上海__芮欧百货__20260825.mp4
OBS-000647,芮欧百货,Reluxe瑞兰穿耳,Reluxe瑞兰穿耳,综合珠宝饰,4.3,,5F,rated,True,,rated,parsed,rating_anchor,0.9824,0.9995,52,5324,96.211,4.3综合珠宝饰￥758/ | 5F,Reluxe瑞兰穿耳 | 好评店铺 | 4.3综合珠宝饰￥758/ | 5F | Réluxe | 钉次性菌包装，打洞不疼” | “ | ￥380￥450Reluxe医学钢无菌穿耳套... | 惠 | ￥19.9￥50代金券 | 惠,ocr/input_videos\上海__芮欧百货__20260825.mp4
OBS-000648,芮欧百货,ipluso eyes意索眼镜,iplusoeyes意索眼镜,眼镜店,4.2,2582,B1,rated,True,,rated,parsed,rating_anchor,0.982,0.9925,63,5324,96.211,B1 | 4.2眼镜店￥2582/人 | 🌟🌟🌟🌟,ipluso eyes意索眼镜 | B1 | 4.2眼镜店￥2582/人 | 🌟🌟🌟🌟 | 买手品味，眼镜款式多样” | ￥1999￥3560意索眼镜+蔡司1.60泽... | 惠,ocr/input_videos\上海__芮欧百货__20260825.mp4
OBS-000649,芮欧百货,眉毛的修养,眉毛的修养,美睫,3.6,158,B1,rated,True,,rated,parsed,rating_anchor,0.9709,1.0,54,5324,96.211,3.6美睫￥158/人 | B1,眉毛的修养 | 3.6美睫￥158/人 | B1 | 眉毛的修养 | 睫然变长，眼睛blingbling | 《 | 33 | BBRROOWW1X7/ | ￥135￥139 | 【作】级师/眉型.. | 惠,ocr/input_videos\上海__芮欧百货__20260825.mp4
OBS-000650,芮欧百货,方快PLUS照相馆,方快PLUS照相馆,快照摄影,4.7,,5F,rated,True,,rated,parsed,rating_anchor,0.972,0.9982,52,5324,96.211,4.7快照摄影￥116/ | 5F,方快PLUS照相馆 | 结婚登记照 | 4.7快照摄影￥116/ | 5F,ocr/input_videos\上海__芮欧百货__20260825.mp4
OBS-000651,芮欧百货,Ami Paris,AmiParis,奢侈品,3.7,3646,2F,rated,True,,rated,parsed,rating_anchor,0.9794,0.9961,52,5357,96.807,3.7奢侈品￥3646/人 | 2F,Ami Paris | 3.7奢侈品￥3646/人 | 2F,ocr/input_videos\上海__芮欧百货__20260825.mp4
OBS-000652,芮欧百货,葡轩红酒,葡轩红酒,烟酒茶叶,4.8,529,1F,rated,True,,rated,parsed,rating_anchor,0.9777,0.9973,57,5357,96.807,4.8烟酒茶叶￥529/人 | 1F,葡轩红酒 | 葡轩红酒 | SINCE 2009 | 4.8烟酒茶叶￥529/人 | 1F | “店员推荐细致，酒款品质在线” | ￥399￥700 | 【半价抢】3瓶任选装(门. | 惠,ocr/input_videos\上海__芮欧百货__20260825.mp4
OBS-000653,芮欧百货,Reluxe瑞兰穿耳,Reluxe瑞兰穿耳,综合珠宝首饰,4.3,758,,rated,True,,rated,parsed,rating_anchor,0.9911,0.9997,55,5357,96.807,4.3综合珠宝首饰￥758/人,Reluxe瑞兰穿耳 | 好评店铺 | 4.3综合珠宝首饰￥758/人 | Ré luxe | “耳钉次性菌包装，打耳洞不疼” | “ | ￥380￥450Reluxe医学钢无菌穿耳套... | 惠 | ￥19.9￥50代金券 | 惠,ocr/input_videos\上海__芮欧百货__20260825.mp4
OBS-000654,芮欧百货,ipluso eyes意索眼镜,iplusoeyes意索眼镜,眼镜店,4.2,2582,B1,rated,True,,rated,parsed,rating_anchor,0.9833,0.9954,64,5357,96.807,★★★★★ | 4.2眼镜店￥2582/人 | B1,ipluso eyes意索眼镜 | ★★★★★ | 4.2眼镜店￥2582/人 | B1 | “买手品味高，眼镜款式多样” | ￥1999￥3560意索眼镜+蔡司1.60泽... | 惠,ocr/input_videos\上海__芮欧百货__20260825.mp4
OBS-000655,芮欧百货,眉毛的修养,眉毛的修养,美睫,3.6,158,B1,rated,True,,rated,parsed,rating_anchor,0.9759,0.9999,61,5357,96.807,B1 | 3.6美睫￥158/人,眉毛的修养 | B1 | 3.6美睫￥158/人 | 眉毛的修养 | “睫然变长，眼睛blingbling” | “ | 5,ocr/input_videos\上海__芮欧百货__20260825.mp4
OBS-000656,芮欧百货,THOM BROWNE,THOMBROWNE,奢侈品,4.1,13402,1F,rated,True,,rated,parsed,rating_anchor,0.9801,0.9919,54,5390,97.403,4.1奢侈品￥13402/人 | 1F,THOM BROWNE | 4.1奢侈品￥13402/人 | 1F | THOM BROWNE. | NEW YORK,ocr/input_videos\上海__芮欧百货__20260825.mp4
OBS-000657,芮欧百货,Maison Margiela,MaisonMargiela,奢侈品,3.6,12078,1F,rated,True,,rated,parsed,rating_anchor,0.9827,0.9974,63,5390,97.403,3.6奢侈品￥12078/人 | 1F,Maison Margiela | 3.6奢侈品￥12078/人 | 1F | Maison Margiela | PARIS,ocr/input_videos\上海__芮欧百货__20260825.mp4
OBS-000658,芮欧百货,MM6 Maison Margiela,MM6MaisonMargiela,奢侈品,3.6,95,2F,rated,True,,rated,parsed,rating_anchor,0.9694,0.9802,63,5390,97.403,3.6奢侈品￥95/人 | 2F,MM6 Maison Margiela | 3.6奢侈品￥95/人 | 2F | 89 | 01234 | 16 | 101112 | 13 | b | 17181920212223,ocr/input_videos\上海__芮欧百货__20260825.mp4
OBS-000659,芮欧百货,麦昆 McQueen,麦昆McQueen,奢侈品,4.0,4584,1F,rated,True,,rated,parsed,rating_anchor,0.9545,0.9633,65,5390,97.403,4.0奢侈品￥4584/人 | 1F,麦昆 McQueen | 4.0奢侈品￥4584/人 | 1F | M©UE E N,ocr/input_videos\上海__芮欧百货__20260825.mp4
OBS-000660,芮欧百货,Ami Paris,AmiParis,奢侈品,3.7,3646,2F,rated,True,,rated,parsed,rating_anchor,0.9706,0.9947,58,5390,97.403,3.7奢侈品￥3646/人 | 2F,Ami Paris | 3.7奢侈品￥3646/人 | 2F | 葡轩红酒 | 葡轩红酒 | SINCI | 2009,ocr/input_videos\上海__芮欧百货__20260825.mp4
OBS-000661,芮欧百货,丽妍雅集Rubis SPA,丽妍雅集RubisSPA,SPA美体,4.3,545,4F,rated,True,,rated,parsed,rating_anchor,0.9783,0.9918,56,5423,98.0,4F | 4.3SPA美体￥545/人,丽妍雅集Rubis SPA | 丽妍雅集 | + | 4F | 4.3SPA美体￥545/人 | 静安寺商圈SPA按摩销量榜第5名 | 面部项目专业，皮肤清透不少” | ≤≤ | ￥2516.4折 | ￥98090分钟补水保湿进... | 惠,ocr/input_videos\上海__芮欧百货__20260825.mp4
OBS-000662,芮欧百货,COOK&BOOK烘焙料理DIY体验·,COOK&BOOK烘焙料理DIY体验,兴趣烘焙,4.7,315,4F,rated,True,,rated,parsed,rating_anchor,0.9632,0.9714,58,5423,98.0,4.7兴趣烘焙￥315/人 | 4F,COOK&BOOK烘焙料理DIY体验· | COOK&BOOK | 4.7兴趣烘焙￥315/人 | 4F | 点评榜单 | 静安区兴趣生活热门榜第1名 | 1C007B003 | 落地窗可眺静安寺全景，烘培体验超棒” | ￥288￥388小熊饼干：COOKBOOK402 | 惠,ocr/input_videos\上海__芮欧百货__20260825.mp4
OBS-000663,芮欧百货,刘娟美甲沙龙,刘娟美甲沙龙,美甲,4.5,362,3F,rated,True,,rated,parsed,rating_anchor,0.9721,0.9982,55,5423,98.0,4.5美甲￥362/人 | 3F,刘娟美甲沙龙 | 4.5美甲￥362/人 | 3F | L.J Nail salon | 劉娟美甲沙 | 美睫手法娴熟，环境舒适如头等舱” | < | ￥168￥208LCN手部指甲尊贵护理项目 | 惠 | ￥80￥100代金券 | 惠,ocr/input_videos\上海__芮欧百货__20260825.mp4
OBS-000664,芮欧百货,THOM BROWNE,THOMBROWNE,奢侈品,4.1,13402,1F,rated,True,,rated,parsed,rating_anchor,0.9638,0.9605,50,5423,98.0,4.1奢侈品￥13402/人 | 1F,THOM BROWNE | 4.1奢侈品￥13402/人 | 1F | THOM BROWNE. | NEW YORK,ocr/input_videos\上海__芮欧百货__20260825.mp4
OBS-000665,芮欧百货,Maison Margiela,MaisonMargiela,奢侈品,3.6,12078,1F,rated,True,,rated,parsed,rating_anchor,0.9782,0.9969,58,5423,98.0,3.6奢侈品￥12078/人 | 1F,Maison Margiela | 3.6奢侈品￥12078/人 | 1F | Maison Margiela | PARIS,ocr/input_videos\上海__芮欧百货__20260825.mp4
OBS-000666,芮欧百货,良工巧匠·品牌改衣·鞋包奢护,良工巧匠·品牌改衣·鞋包奢护,裁缝改衣,4.9,196,B1,rated,True,,rated,parsed,rating_anchor,0.9628,0.9693,59,5456,98.596,B1 | 🌟★🌟4.9 | 裁缝改衣￥196/人,良工巧匠·品牌改衣·鞋包奢护 | 良工I巧匠 | B1 | 改衣找良工 | 🌟★🌟4.9 | 裁缝改衣￥196/人 | 奢护到巧匠 | 静安区洗涤护理周边人榜第2名 | X①(D G | 修改效果自然，包包鞋子洗护翻新也能做 | 实食请铺 | 夜羊蒸养 | 外山烈粉 | ￥168￥280鞋贴底贴掌加掌-前掌(限... | 惠 | ￥160￥200代金券 | 惠,ocr/input_videos\上海__芮欧百货__20260825.mp4
OBS-000667,芮欧百货,美车堂,美车堂,美容洗车,4.5,187,商场内,rated,True,,rated,parsed,rating_anchor,0.9639,0.9999,59,5456,98.596,4.5美容洗车￥187/人 | 商场内,美车堂 | 4.5美容洗车￥187/人 | 商场内 | CNRSONE | 美车堂 | 点评榜单 | 静安区美容洗车好评榜第8名 | 停车方便，洗车送券超大方 | ￥108￥138 | 惠 | 【普通洗车】40分钟全车...,ocr/input_videos\上海__芮欧百货__20260825.mp4
OBS-000668,芮欧百货,丽妍雅集Rubis SPA,丽妍雅集RubisSPA,SPA美体,4.3,545,4F,rated,True,,rated,parsed,rating_anchor,0.9637,0.9683,51,5456,98.596,4.3SPA美体￥545/人 | 4F | 🌟🌟🌟🌟 | ★,丽妍雅集Rubis SPA | 丽妍雅集 | Riesr | 4.3SPA美体￥545/人 | 4F | 🌟🌟🌟🌟 | ★ | 静安寺商圈SPA按摩销量榜第5名 | 面部项专业，肤清透不少” | “ | ￥2516.4折 | 惠 | ￥98090分钟补水保湿进...,ocr/input_videos\上海__芮欧百货__20260825.mp4
OBS-000669,芮欧百货,COOK&BOOK烘焙料理DIY体验·…..,COOK&BOOK烘焙料理DIY体验,兴趣烘焙,4.7,,4F,rated,True,,rated,parsed,rating_anchor,0.9352,0.9109,53,5456,98.596,4.7兴趣烘焙￥315/ | 4F,COOK&BOOK烘焙料理DIY体验·….. | COOK&B00K | 4.7兴趣烘焙￥315/ | 4F | 点评榜单 | 静安区兴趣生活热门榜第1名 | C007B003 | 落地窗可眺静安寺全景，烘培体验超棒 | 5 | ￥288￥388小熊饼干：COOKBOOK402 | 惠,ocr/input_videos\上海__芮欧百货__20260825.mp4
OBS-000670,芮欧百货,刘娟美甲沙龙,刘娟美甲沙龙,美甲,4.5,362,3F,rated,True,,rated,parsed,rating_anchor,0.966,0.9982,52,5456,98.596,3F | 4.5美甲￥362/人,刘娟美甲沙龙 | 3F | 4.5美甲￥362/人 | L.J Nail salon | 劉娟美甲沙龍 | 环境铭活如等的” | “苦铸天沐娜韵,ocr/input_videos\上海__芮欧百货__20260825.mp4
OBS-000671,芮欧百货,cnoaron,cnoaron,购物,3.4,1251,B1,rated,True,,rated,parsed,rating_anchor,0.9765,0.9967,34,5467,98.795,3.4购物￥1251/人 | B1,cnoaron | 3.4购物￥1251/人 | B1,ocr/input_videos\上海__芮欧百货__20260825.mp4
OBS-000672,芮欧百货,Flowertree,Flowertree,花店,4.8,258,1F,rated,True,,rated,parsed,rating_anchor,0.9745,0.9989,53,5467,98.795,1F | 4.8花店￥258/人,Flowertree | 1F | 4.8花店￥258/人 | 花材新鲜多样，色彩搭配超美,ocr/input_videos\上海__芮欧百货__20260825.mp4
OBS-000673,芮欧百货,良工巧匠·品牌改衣·鞋包奢护,良工巧匠·品牌改衣·鞋包奢护,裁缝改衣,4.9,196,B1,rated,True,,rated,parsed,rating_anchor,0.964,0.9774,54,5467,98.795,🌟🌟🎉4.9 | B1 | 裁缝改衣￥196/人,良工巧匠·品牌改衣·鞋包奢护 | 良工IS匠 | 🌟🌟🎉4.9 | B1 | 裁缝改衣￥196/人 | 改衣找良工 | 奢护到巧匠 | 静安区洗涤护理周边人气榜第2名 | Y0 | (DG×cRc | 修改效果自然，包包鞋子洗护翻新也能做 | 食度请信 | 外色甜新 | 复羊篮养 | ￥168￥280鞋贴底贴掌加掌-前掌(限.. | 惠 | 惠￥160￥200代金券,ocr/input_videos\上海__芮欧百货__20260825.mp4
OBS-000674,芮欧百货,美车堂,美车堂,美容洗车,4.5,187,商场内,rated,True,,rated,parsed,rating_anchor,0.9745,0.9999,61,5467,98.795,⭐🌟🌟🌟🌟 | 商场内 | 4.5美容洗车￥187/人,美车堂 | ⭐🌟🌟🌟🌟 | 商场内 | 4.5美容洗车￥187/人 | CNSONE | 美车堂 | 点评榜单 | 静安区美容洗车好评榜第8名 | 停车方便，洗车送券超大方 | 惠￥108￥138 | 【普通洗车】40分钟|全车...,ocr/input_videos\上海__芮欧百货__20260825.mp4
OBS-000675,芮欧百货,丽妍雅集Rubis SPA,丽妍雅集RubisSPA,SPA美体,4.3,545,4F,rated,True,,rated,parsed,rating_anchor,0.984,0.9895,51,5467,98.795,⭐🌟🌟⭐⭐ | 4F | 4.3SPA美体￥545/人,丽妍雅集Rubis SPA | 丽妍雅集 | oes | ⭐🌟🌟⭐⭐ | 4F | 4.3SPA美体￥545/人 | 静安寺商圈SPA按摩销量榜第5名 | 面部项目专业，皮肤清透不少” | ≤ | 惠￥2516.4折 | ￥98090分钟补水保湿进...,ocr/input_videos\上海__芮欧百货__20260825.mp4
OBS-000676,芮欧百货,chodron,chodron,购物,3.4,1251,B1,rated,True,,rated,parsed,rating_anchor,0.961,0.9998,53,5489,99.192,★3.4购物￥1251/人 | B1,chodron | ★3.4购物￥1251/人 | B1,ocr/input_videos\上海__芮欧百货__20260825.mp4
OBS-000677,芮欧百货,Flowertree,Flowertree,花店,4.8,258,1F,rated,True,,rated,parsed,rating_anchor,0.9739,0.9993,53,5489,99.192,⭐⭐⭐4.8 | 1F | 花店￥258/人,Flowertree | ⭐⭐⭐4.8 | 1F | 花店￥258/人 | 花材新鲜多样，色彩搭配超美,ocr/input_videos\上海__芮欧百货__20260825.mp4
OBS-000678,芮欧百货,良工巧匠·品牌改衣·鞋包奢护,良工巧匠·品牌改衣·鞋包奢护,裁缝改衣,,196,B1,unknown,True,,ocr_missing,parsed,metadata_anchor,0.9716,0.9821,54,5489,99.192,B1 | 🌟🌟🌟⭐🌟 | 裁缝改衣￥196/人 | 14.9,良工巧匠·品牌改衣·鞋包奢护 | 金 | 良工IS匠 | B1 | 🌟🌟🌟⭐🌟 | 改衣找良工 | 裁缝改衣￥196/人 | 14.9 | 奢护到巧匠 | 静安区洗涤护理周边人气榜第2名 | YT | ( | 修改效果自然，包包鞋子洗护翻新也能做 | 食食请洁 | 夜弟滋养 | 补色国新 | ￥168￥280鞋贴底贴掌加掌-前掌(限... | 惠 | ￥160￥200代金券 | 惠,ocr/input_videos\上海__芮欧百货__20260825.mp4
OBS-000679,芮欧百货,美车堂,美车堂,美容洗车,4.5,187,商场内,rated,True,,rated,parsed,rating_anchor,0.9859,0.9999,55,5489,99.192,🌟🌟⭐🌟🌟 | 商场内 | 4.5美容洗车￥187/人,美车堂 | 🌟🌟⭐🌟🌟 | 商场内 | 4.5美容洗车￥187/人 | CNRSONE | 美车堂 | 点评榜单 | 静安区美容洗车好评榜第8名 | 停车方便，洗车送券超大方 | 5 | ￥108￥138 | 【普通洗车】40分钟|全车.. | 惠,ocr/input_videos\上海__芮欧百货__20260825.mp4
OBS-000680,芮欧百货,丽妍雅集Rubis SPA,丽妍雅集RubisSPA,SPA美体,4.3,545,4F,rated,True,,rated,parsed,rating_anchor,0.9647,0.9752,51,5489,99.192,🌟🌟🎉🎉 | 4F | 4.3 | SPA美体￥545/人,丽妍雅集Rubis SPA | 丽妍雅集 | RiisS- | 🌟🌟🎉🎉 | 4F | 4.3 | SPA美体￥545/人 | 静安寺商圈SPA按摩销量榜第5名 | 面部项目专业，皮肤清透不少” | “,ocr/input_videos\上海__芮欧百货__20260825.mp4
