observation_id,mall_name,merchant_name_raw,merchant_name_normalized,category_raw,rating,avg_price_yuan,floor_location,card_type,research_eligible,exclusion_reason,rating_status,category_status,detection_method,ocr_confidence,title_score,title_height,frame_index,timestamp_sec,metadata_text,all_text,source_video
OBS-000001,尚嘉中心,蟹犇前.帝王蟹雪蟹,蟹犇前.帝王蟹雪蟹,里,4.9,238,L3,rated,True,,rated,parsed,rating_anchor,0.933,0.9989,56,12,0.204,L3 | ★★★★★ | 里￥238/人 | 日本料理 | 4.9,蟹犇前.帝王蟹雪蟹 | L3 | ★★★★★ | 里￥238/人 | 日本料理 | 4.9 | 点评榜单 | 天山美食环境榜第1名 | 休息中 | ￥7986.8折 | 【亲友相聚】2人. | 惠 | ￥1177,ocr/input_videos\上海__尚嘉中心__20260826.mp4
OBS-000002,尚嘉中心,珍宝海鲜JUMBO Seafood,珍宝海鲜JUMBOSeafood,新加坡菜,,248,LG1,unknown,True,,ocr_missing,parsed,metadata_anchor,0.9841,0.9692,53,12,0.204,LG1 | ⭐🌟⭐🌟🌟 | 新加坡菜 | 14.8 | ￥248/人,珍宝海鲜JUMBO Seafood | MMB@ | LA | 39 | LG1 | 年新加坡老字号 | ⭐🌟⭐🌟🌟 | 新加坡菜 | 14.8 | ￥248/人 | 点评榜单 | 上海新加坡菜环境榜第1名 | 休息中 | 5折 | ￥19 | ￥38 | 【夏季冰沁】红宝石配.. | 惠 | ￥909折 | ￥100100元代金券 | 惠,ocr/input_videos\上海__尚嘉中心__20260826.mp4
OBS-000003,尚嘉中心,leaf &loaf轻食,leaf&loaf轻食,轻食沙拉,4.1,55,LG2,rated,True,,rated,parsed,rating_anchor,0.957,0.9157,55,12,0.204,LG2 | 🌟🌟🌟 | 4.1轻食沙拉 | ￥55/人 | ★,leaf &loaf轻食 | LG2 | 🌟🌟🌟 | 4.1轻食沙拉 | ￥55/人 | ★ | 点评榜单 | 天山西餐口味榜第9名 | f&loaf | ￥55 | ￥100 | 5.5折 | 惠 | 【西式经典】帕尼尼..,ocr/input_videos\上海__尚嘉中心__20260826.mp4
OBS-000004,尚嘉中心,CrazyCat失控猫·能量碗,CrazyCat失控猫·能量碗,西餐,4.2,32,LG2,rated,True,,rated,parsed,rating_anchor,0.9594,0.9697,57,12,0.204,LG2 | ★★★★ | 西餐￥32/人 | 4.2 | ★,CrazyCat失控猫·能量碗 | CraayCat失控猫 | Boeryr Brrl | LG2 | ★★★★ | 西餐￥32/人 | 4.2 | ★ | 点评榜单 | 天山西餐好评榜第10名 | 10:00营业 | ￥43B【招牌推荐】Me... | ￥37.848.8折 | 惠,ocr/input_videos\上海__尚嘉中心__20260826.mp4
OBS-000005,尚嘉中心,星聚会KTVX·Party,星聚会KTVX·Party,量贩式KTV,4.4,74,L3,rated,True,,rated,parsed,rating_anchor,0.9737,0.9887,59,12,0.204,L3 | 🌟🌟🌟⭐ | 量贩式KTV￥74/人 | 4.4 | ★,星聚会KTVX·Party | 星堅會 | L3 | 🌟🌟🌟⭐ | 量贩式KTV￥74/人 | 4.4 | ★ | TA | MIIEOC | 不仅仅是KTV | 天山KTV销量榜第3名,ocr/input_videos\上海__尚嘉中心__20260826.mp4
OBS-000006,尚嘉中心,珍宝海鲜JUMBOSeafood,珍宝海鲜JUMBOSeafood,新加坡菜,4.8,248,LG1,rated,True,,rated,parsed,rating_anchor,0.9828,0.9957,54,156,2.651,LG1 | 🌟🌟🌈4.8 | 新加坡菜￥248/人,珍宝海鲜JUMBOSeafood | 39年新加坡老字号 | LG1 | 🌟🌟🌈4.8 | 新加坡菜￥248/人 | 点评榜单 | 上海新加坡菜环境榜第1名 | 休息中 | ￥195折 | ￥38 | 【夏季冰沁】红宝石配... | 惠 | ￥909折 | 惠 | ￥100100元代金券,ocr/input_videos\上海__尚嘉中心__20260826.mp4
OBS-000007,尚嘉中心,leaf& loaf轻食,leaf&loaf轻食,轻食沙拉,4.1,55,LG2,rated,True,,rated,parsed,rating_anchor,0.9168,0.8667,51,156,2.651,LG2 | 轻食沙拉￥55/人 | 🌟🌟💥🌟 | 4.1,leaf& loaf轻食 | LG2 | 轻食沙拉￥55/人 | 🌟🌟💥🌟 | 4.1 | 点评榜单 | 天山西餐口味榜第9名 | af&loaf | ￥555.5折 | ￥100 | 【西式经典】帕尼尼... | 惠,ocr/input_videos\上海__尚嘉中心__20260826.mp4
OBS-000008,尚嘉中心,CrazyCat失控猫·能量碗,CrazyCat失控猫·能量碗,西餐,4.2,32,LG2,rated,True,,rated,parsed,rating_anchor,0.9667,0.9752,61,156,2.651,🌟🌟🌟⭐ | LG2 | 西餐￥32/人 | 4.2,CrazyCat失控猫·能量碗 | CrayCat失控猫 | Tnargr Iar | 🌟🌟🌟⭐ | LG2 | 西餐￥32/人 | 4.2 | 点评榜单 | 天山西餐好评榜第10名 | 10:00营业 | 393 | ￥37.848.8折 | ￥43B【招牌推荐】Me.. | 惠,ocr/input_videos\上海__尚嘉中心__20260826.mp4
OBS-000009,尚嘉中心,星聚会KTVX·Party,星聚会KTVX·Party,量贩式KTV,4.4,74,L3,rated,True,,rated,parsed,rating_anchor,0.9732,0.9862,66,156,2.651,🌟🌟🌟🌟 | L3 | 量贩式KTV￥74/人 | 4.4,星聚会KTVX·Party | 星堅會 | 🌟🌟🌟🌟 | L3 | 量贩式KTV￥74/人 | 4.4 | 不仅仅是KTV | 天山KTV销量榜第3名 | 10:00营业 | “设施炫酷全新，响效果棒” | ￥218￥300 | 惠 | 【AI趣唱】10瓶啤酒套餐,ocr/input_videos\上海__尚嘉中心__20260826.mp4
OBS-000010,尚嘉中心,CrazyCat失控猫·能量碗,CrazyCat失控猫·能量碗,西餐,4.2,32,LG2,rated,True,,rated,parsed,rating_anchor,0.9687,0.9816,58,180,3.059,LG2 | 🌟🌟🌟🌟 | 西餐￥32/人 | 4.2,CrazyCat失控猫·能量碗 | CraayCat失控猫 | Bvirgr boni | LG2 | 🌟🌟🌟🌟 | 西餐￥32/人 | 4.2 | 点评榜单 | 天山西餐好评榜第10名 | 10:00营业 | ￥43B【招牌推荐】Me.. | ￥37.848.8折 | 惠,ocr/input_videos\上海__尚嘉中心__20260826.mp4
OBS-000011,尚嘉中心,星聚会KTVX·Party,星聚会KTVX·Party,量贩式KTV,4.4,74,L3,rated,True,,rated,parsed,rating_anchor,0.9695,0.9893,65,180,3.059,⭐🌟⭐⭐ | L3 | 4.4量贩式KTV￥74/人 | ★,星聚会KTVX·Party | 星坚會 | ⭐🌟⭐⭐ | L3 | 4.4量贩式KTV￥74/人 | ★ | EA | 不仅仅是KTV | 天山KTV销量榜第3名 | 10:00营业 | “设施炫酷全新，音响效果棒 | ￥218￥300 | 惠 | 【AI趣唱】10瓶啤酒套餐,ocr/input_videos\上海__尚嘉中心__20260826.mp4
OBS-000012,尚嘉中心,FREETEE室内尔夫球馆,FREETEE室内尔夫球馆,高尔夫场,,,L3,new_store,False,new_store,ocr_missing,parsed,metadata_anchor,0.9905,0.9915,51,180,3.059,新店 | 高尔夫场 | L3,FREETEE室内尔夫球馆 | 新店 | 高尔夫场 | L3 | 长宁区高尔夫场销量榜第1名 | 新店开业 | 22℃恒温不惧烈日 | ￥278 | ￥995折 | 【作】尔夫豪华. | 惠,ocr/input_videos\上海__尚嘉中心__20260826.mp4
OBS-000013,尚嘉中心,IL GIARDINO花园意大利餐厅by…,ILGIARDINO花园意大利餐厅by,意利菜,4.4,219,L1,rated,True,,rated,parsed,rating_anchor,0.9305,0.9451,68,180,3.059,L1 | 4.4意利菜￥219/人,IL GIARDINO花园意大利餐厅by… | ILGIARDINO | L1 | 4.4意利菜￥219/人 | 品 | 点评榜单 | 长宁区意大利菜回头客榜第6名 | 休息中 | ￥985.1折 | ￥194作午市【元能. | 惠 | ￥959.5折 | 惠 | ￥100100元代金券,ocr/input_videos\上海__尚嘉中心__20260826.mp4
OBS-000014,尚嘉中心,MagicFocus麦百年·轻食·能量碗,MagicFocus麦百年·轻食·能量碗,西餐,,42,LG2,new_store,False,new_store,ocr_missing,parsed,metadata_anchor,0.9542,0.961,63,180,3.059,新店 | LG2 | 西餐￥42/人,MagicFocus麦百年·轻食·能量碗 | （轻食能量碗） | Nei:Foc | Qm | C*用 | 新店 | LG2 | 西餐￥42/人 | 点评榜单 | 天山西餐新店榜第3名,ocr/input_videos\上海__尚嘉中心__20260826.mp4
OBS-000015,尚嘉中心,星聚会KTVX·Party,星聚会KTVX·Party,量贩式KTV,4.4,74,L3,rated,True,,rated,parsed,rating_anchor,0.9803,0.9906,62,228,3.875,🌟🌟 | 4.4量贩式KTV￥74/人 | L3 | ★,星聚会KTVX·Party | 星堅會 | 🌟🌟 | 4.4量贩式KTV￥74/人 | L3 | ★ | IEAMUSIC | 不仅仅是KTV | 天山KTV销量榜第3名 | 10:00营业 | “设施炫酷全新，音响效果棒 | 惠 | 【AI趣唱】10瓶啤酒套餐 | ￥218￥300,ocr/input_videos\上海__尚嘉中心__20260826.mp4
OBS-000016,尚嘉中心,FREE TEE室内高尔夫球馆,FREETEE室内高尔夫球馆,高尔夫场,,,L3,new_store,False,new_store,ocr_missing,parsed,metadata_anchor,0.9822,0.9651,58,228,3.875,新店 | 高尔夫场 | L3,FREE TEE室内高尔夫球馆 | 新店 | 高尔夫场 | L3 | 长宁区高尔夫场销量榜第1名 | 新店开业 | 22℃恒温不惧烈日 | ￥995折 | ￥278 | 【工作日】高尔夫豪华... | 惠,ocr/input_videos\上海__尚嘉中心__20260826.mp4
OBS-000017,尚嘉中心,IL GIARDINO花园意大利餐厅by…,ILGIARDINO花园意大利餐厅by,意大利菜,4.4,219,L1,rated,True,,rated,parsed,rating_anchor,0.9652,0.9601,69,228,3.875,🌟🌟🌟⭐⭐ | L1 | 4.4意大利菜￥219/人,IL GIARDINO花园意大利餐厅by… | nGIARDINO | 🌟🌟🌟⭐⭐ | L1 | 4.4意大利菜￥219/人 | 点评榜单 | 长宁区意大利菜回头客榜第6名 | 休息中 | ￥985.1折 | ￥194工作日午市【元气能... | 惠 | ￥959.5折 | 惠 | ￥100100元代金券,ocr/input_videos\上海__尚嘉中心__20260826.mp4
OBS-000018,尚嘉中心,Magic Focus麦百年·轻食·能量碗,MagicFocus麦百年·轻食·能量碗,西餐,,42,LG2,new_store,False,new_store,ocr_missing,parsed,metadata_anchor,0.9608,0.9747,64,228,3.875,新店 | LG2 | 西餐￥42/人,Magic Focus麦百年·轻食·能量碗 | N2iFC | （轻食能量碗） | 鲁口平 | 一C注R | 新店 | LG2 | 西餐￥42/人 | 点评榜单 | 天山西餐新店榜第3名 | 离豬白低卡系列 | ￥47.87.6折 | ￥63 | 【门店招牌】香煎鸡.. | 惠,ocr/input_videos\上海__尚嘉中心__20260826.mp4
OBS-000019,尚嘉中心,IL GIARDINO花园意大利餐厅by…,ILGIARDINO花园意大利餐厅by,意大利菜,4.4,219,L1,rated,True,,rated,parsed,rating_anchor,0.961,0.9548,70,300,5.098,🌟🌟🌟🌟 | L1 | ￥ | 4.4意大利菜￥219/人,IL GIARDINO花园意大利餐厅by… | nGIARDINO | 🌟🌟🌟🌟 | L1 | ￥ | 4.4意大利菜￥219/人 | 百 | 点评榜单 | 长宁区意大利菜回头客榜第6名 | 休息中 | ￥985.1折 | ￥194工作日午市【元气能.. | 惠 | ￥95 | 59.5折 | ￥100100元代金券 | 惠,ocr/input_videos\上海__尚嘉中心__20260826.mp4
OBS-000020,尚嘉中心,Magic Focus麦百年·轻食·能量碗,MagicFocus麦百年·轻食·能量碗,西餐,,42,LG2,new_store,False,new_store,ocr_missing,parsed,metadata_anchor,0.9896,0.9797,61,300,5.098,新店 | LG2 | 西餐 | ￥42/人,Magic Focus麦百年·轻食·能量碗 | NaFO. | （轻食能量碗) | 鲁口不 | 一法面典内 | 新店 | LG2 | 西餐 | ￥42/人 | 点评榜单 | 天山西餐新店榜第3名 | 隔猪白低卡系列 | ￥47.87.6折 | ￥63 | 【门店招牌】香煎鸡. | 惠,ocr/input_videos\上海__尚嘉中心__20260826.mp4
OBS-000021,尚嘉中心,sundanpulse/顺电脉,sundanpulse/顺电脉,数码产品,4.7,3079,LG1,rated,True,,rated,parsed,rating_anchor,0.9502,0.9331,57,300,5.098,LG1 | 🌟🌟⭐⭐🌟 | 数码产品￥3079/人 | 4.7,sundanpulse/顺电脉 | LG1 | 🌟🌟⭐⭐🌟 | 数码产品￥3079/人 | 4.7 | 大疆pocket3现货，佛系出奇迹 | 2 | 10:00营业,ocr/input_videos\上海__尚嘉中心__20260826.mp4
OBS-000022,尚嘉中心,FREETEE室內匹克球,FREETEE室内匹克球,网球场,,,L3,new_store,False,new_store,ocr_missing,parsed,metadata_anchor,0.9772,0.9572,54,300,5.098,网球场 | 新店 | L3,FREETEE室內匹克球 | 网球场 | 新店 | L3 | 点评榜单 | 长宁区球类运动热门榜第1名 | 室内匹克球 | 22℃恒温不惧烈日 | 惠 | ￥218￥398 | 【忙时专享】匹克球全场·…. | ￥19.9￥300代金券 | 惠,ocr/input_videos\上海__尚嘉中心__20260826.mp4
OBS-000023,尚嘉中心,柏兰蒂西餐厅BAR.A.MUNDI,柏兰蒂西餐厅BAR.A.MUNDI,法国菜,3.9,119,L2,rated,True,,rated,parsed,rating_anchor,0.9809,0.9954,53,300,5.098,L2 | 🌟🌟3.9 | 法国菜￥119/人,柏兰蒂西餐厅BAR.A.MUNDI | L2 | 🌟🌟3.9 | 法国菜￥119/人 | 点评榜单 | 虹桥/古北西餐打卡人气榜第5名 | 120营业,ocr/input_videos\上海__尚嘉中心__20260826.mp4
OBS-000024,尚嘉中心,IL GIARDINO花园意大利餐厅by…,ILGIARDINO花园意大利餐厅by,意大利菜,4.4,219,L1,rated,True,,rated,parsed,rating_anchor,0.9596,0.9488,66,348,5.914,★★★⭐ | L1 | 4.4意大利菜￥219/人,IL GIARDINO花园意大利餐厅by… | nGIARDINO | ★★★⭐ | L1 | 4.4意大利菜￥219/人 | 百 | 点评榜单 | 长宁区意大利菜回头客榜第6名 | 休息中 | ￥985.1折 | ￥194工作日午市【元气能... | 惠 | ￥95 | ￥100100元代金券 | 惠 | 9.5折,ocr/input_videos\上海__尚嘉中心__20260826.mp4
OBS-000025,尚嘉中心,Magic Focus麦百年·轻食·能量碗,MagicFocus麦百年·轻食·能量碗,西餐,,42,LG2,new_store,False,new_store,ocr_missing,parsed,metadata_anchor,0.9878,0.976,62,348,5.914,新店 | LG2 | 西餐 | ￥42/人,Magic Focus麦百年·轻食·能量碗 | NaFO. | （轻食能量碗) | 鲁口平 | 面内 | 新店 | LG2 | 西餐 | ￥42/人 | 点评镑单 | 天山西餐新店榜第3名 | 福猪白低卡系列 | ￥47.87.6折 | ￥63 | 【门店招牌】香煎鸡.. | 惠,ocr/input_videos\上海__尚嘉中心__20260826.mp4
OBS-000026,尚嘉中心,sundanpulse顺电脉,sundanpulse顺电脉,数码产品,4.7,3079,LG1,rated,True,,rated,parsed,rating_anchor,0.9752,0.9871,58,348,5.914,🌟🌟🎉🌟🌟 | LG1 | 数码产品￥3079/人 | 4.7,sundanpulse顺电脉 | 🌟🌟🎉🌟🌟 | LG1 | 数码产品￥3079/人 | 4.7 | 大疆pocket3现货，佛系出奇迹 | 2 | 10:00营业,ocr/input_videos\上海__尚嘉中心__20260826.mp4
OBS-000027,尚嘉中心,FREETEE室內匹克球,FREETEE室内匹克球,网球场,,,L3,new_store,False,new_store,ocr_missing,parsed,metadata_anchor,0.984,0.9717,54,348,5.914,新店 | 网球场 | L3,FREETEE室內匹克球 | 新店 | 网球场 | L3 | 点评榜单 | 长宁区球类运动热门榜第1名 | 室内匹克球 | 22℃恒温不惧烈日 | ￥218￥398 | 【忙时专享】匹克球全场·….. | 惠 | ￥19.9￥300代金券 | 惠,ocr/input_videos\上海__尚嘉中心__20260826.mp4
OBS-000028,尚嘉中心,柏兰蒂西餐厅BAR.A.MUNDI,柏兰蒂西餐厅BAR.A.MUNDI,法国菜,3.9,119,L2,rated,True,,rated,parsed,rating_anchor,0.9804,0.9925,58,348,5.914,L2 | 🌟🌟⭐🌟🌟 | 3.9 | 法国菜￥119/人,柏兰蒂西餐厅BAR.A.MUNDI | 的 | 验 | BMR A | 柏兰蒂西厅 | L2 | 🌟🌟⭐🌟🌟 | 3.9 | 法国菜￥119/人 | 点评榜单 | 虹桥/古北西餐打卡人气榜第5名,ocr/input_videos\上海__尚嘉中心__20260826.mp4
OBS-000029,尚嘉中心,MagicFocus日年·轻·能,MagicFocus日年·轻·能,西餐,,42,LG2,new_store,False,new_store,ocr_missing,parsed,metadata_anchor,0.8936,0.8361,41,360,6.118,新店 | 西餐￥42/人 | LG2,MagicFocus日年·轻·能 | 层月80 | C俱E品界 | 新店 | 西餐￥42/人 | LG2 | 点评榜单 | 天山西餐新店榜第3名 | 高第白低卡系列 | ￥63 | ￥47.87.6折 | 惠 | 【门店招牌】香煎鸡...,ocr/input_videos\上海__尚嘉中心__20260826.mp4
OBS-000030,尚嘉中心,sundanpulsel顺电脉,sundanpulsel顺电脉,数码产品,4.7,3079,LG1,rated,True,,rated,parsed,rating_anchor,0.9849,0.97,54,360,6.118,🌟🌟🌟🌟🌟 | LG1 | 4.7 | 数码产品 | ￥3079/人,sundanpulsel顺电脉 | 🌟🌟🌟🌟🌟 | LG1 | 4.7 | 数码产品 | ￥3079/人 | 大疆pocket3现货，佛系出奇迹 | 3 | T | 10:00营业,ocr/input_videos\上海__尚嘉中心__20260826.mp4
OBS-000031,尚嘉中心,FREETEE室內匹克球,FREETEE室内匹克球,网球场,,,L3,new_store,False,new_store,ocr_missing,parsed,metadata_anchor,0.9898,0.9844,48,360,6.118,L3 | 新店 | 网球场,FREETEE室內匹克球 | L3 | 新店 | 网球场 | 点评榜单 | 长宁区球类运动热门榜第1名 | 室内匹克球 | 22℃恒温不惧烈日 | 惠 | 匹克球全场·.. | ￥218￥398 | 【忙时专享】 | ￥19.9￥300代金券 | 惠,ocr/input_videos\上海__尚嘉中心__20260826.mp4
OBS-000032,尚嘉中心,柏兰蒂西餐厅BAR.A.MUNDI,柏兰蒂西餐厅BAR.A.MUNDI,法国菜,3.9,119,L2,rated,True,,rated,parsed,rating_anchor,0.9781,0.9911,51,360,6.118,L2 | 🌟🌟🌟🌟🌟 | 法国菜￥119/人 | 3.9,柏兰蒂西餐厅BAR.A.MUNDI | 社一E的海 | BMADAO | 柏兰蒂西餐厅 | L2 | 🌟🌟🌟🌟🌟 | 法国菜￥119/人 | 3.9 | 点评榜单 | 虹桥/古北西餐打卡人气榜第5名 | 10:30营业 | 环境优雅，美食享受。 | 2 | 3折 | ￥237 | ￥806法式漂亮饭八道菜【.. | 惠,ocr/input_videos\上海__尚嘉中心__20260826.mp4
OBS-000033,尚嘉中心,九厨·淮扬,九厨·淮扬,淮扬菜,4.9,174,L4,rated,True,,rated,parsed,rating_anchor,0.968,0.9788,56,360,6.118,🌟🌟🌟🌟🌟 | L4 | 淮扬菜￥174/人 | 4.9,九厨·淮扬 | 九厨 | 品淮扬到九厨 | 🌟🌟🌟🌟🌟 | L4 | 淮扬菜￥174/人 | 4.9 | 点评榜单 | 长宁区淮扬菜口味榜第1名 | F | 休息中 | ￥0.10.1折 | 惠 | ￥29.9九厨淮扬精选宝宝餐,ocr/input_videos\上海__尚嘉中心__20260826.mp4
OBS-000034,尚嘉中心,FREETEE室內匹克球,FREETEE室内匹克球,网球场,,,L3,new_store,False,new_store,ocr_missing,parsed,metadata_anchor,0.9866,0.9762,60,396,6.73,网球场 | L3 | 新店,FREETEE室內匹克球 | 网球场 | L3 | 新店 | 点评榜单 | 长宁区球类运动热门榜第1名 | 室内匹克球 | 22℃恒温不惧烈日 | ￥218￥398 | 【忙时专享】匹克球全场·. | 惠 | ￥19.9￥300代金券 | 惠,ocr/input_videos\上海__尚嘉中心__20260826.mp4
OBS-000035,尚嘉中心,柏兰蒂西餐厅BAR.A.MUNDI,柏兰蒂西餐厅BAR.A.MUNDI,法国菜,3.9,119,L2,rated,True,,rated,parsed,rating_anchor,0.9766,0.9958,54,396,6.73,L2 | 🌟🌟🌟🌟★ | 法国菜￥119/人 | 3.9,柏兰蒂西餐厅BAR.A.MUNDI | 生一扫的浪 | BARA.C | 柏兰蒂西餐厅 | L2 | 🌟🌟🌟🌟★ | 法国菜￥119/人 | 3.9 | 点评榜单 | 虹桥/古北西餐打卡人气榜第5名 | 10:30营业 | 环境优雅，美食享受。 | 3 | ￥237 | ￥806法式漂亮饭八道菜 | 3折 | 惠 | 【...,ocr/input_videos\上海__尚嘉中心__20260826.mp4
OBS-000036,尚嘉中心,九厨·淮扬,九厨·淮扬,淮扬菜,4.9,174,L4,rated,True,,rated,parsed,rating_anchor,0.9636,0.9723,56,396,6.73,淮扬菜￥174/人 | L4 | 🌟🌟⭐⭐🌟 | 4.9,九厨·淮扬 | 九厨 | 品淮扬到九厨 | 淮扬菜￥174/人 | L4 | 🌟🌟⭐⭐🌟 | 4.9 | 点评榜单 | 长宁区淮扬菜口味榜第1名 | 休息中 | ￥29.9九厨淮扬精选宝宝餐 | ￥0.1 | 0.1折 | 惠 | ￥979.7折 | 惠 | ￥100100元代金券,ocr/input_videos\上海__尚嘉中心__20260826.mp4
OBS-000037,尚嘉中心,Maxim,Maxim,服装,3.5,,L2,rated,True,,rated,parsed,rating_anchor,0.9969,0.9969,55,396,6.73,🌟🌟🎉🌟🌟 | 3.5服装 | L2,Maxim | 🌟🌟🎉🌟🌟 | 3.5服装 | L2 | 10:00营业,ocr/input_videos\上海__尚嘉中心__20260826.mp4
OBS-000038,尚嘉中心,gaga,gaga,西餐,4.6,102,L1,rated,True,,rated,parsed,rating_anchor,0.9778,0.996,65,396,6.73,L1 | ⭐⭐🌟4.6 | 西餐￥102/人,gaga | 2 | L1 | ⭐⭐🌟4.6 | 西餐￥102/人 | 证培闲 | 工开餐行音校,ocr/input_videos\上海__尚嘉中心__20260826.mp4
OBS-000039,尚嘉中心,FREETEE室內匹克球,FREETEE室内匹克球,网球场,,,L3,new_store,False,new_store,ocr_missing,parsed,metadata_anchor,0.9853,0.9732,54,420,7.137,L3 | 新店 | 网球场,FREETEE室內匹克球 | L3 | 新店 | 网球场 | 点评榜单 | 长宁区球类运动热门榜第1名 | 室内匹克球 | 22℃恒温不惧烈日 | ￥218￥398 | 【忙时专享】匹克球全场·… | 惠 | ￥19.9￥300代金券 | 惠,ocr/input_videos\上海__尚嘉中心__20260826.mp4
OBS-000040,尚嘉中心,柏兰蒂西餐厅BAR.A.MUNDI,柏兰蒂西餐厅BAR.A.MUNDI,法国菜,3.9,119,L2,rated,True,,rated,parsed,rating_anchor,0.9975,0.9955,61,420,7.137,L2 | 🌟🌟🌟🌟🌟 | 法国菜 | ￥119/人 | 3.9,柏兰蒂西餐厅BAR.A.MUNDI | 张的 | BMRAO | 柏兰蒂西餐厅 | L2 | 🌟🌟🌟🌟🌟 | 法国菜 | ￥119/人 | 3.9 | 点评榜单 | 虹桥/古北西餐打卡人气榜第5名 | 10:30营业 | 环境优雅，美食享受。 | 2 | ￥237 | 法式漂亮饭八道菜【. | 3折 | ￥806 | 惠,ocr/input_videos\上海__尚嘉中心__20260826.mp4
OBS-000041,尚嘉中心,九厨·淮扬,九厨·淮扬,淮扬菜,,174,L4,unknown,True,,ocr_missing,parsed,metadata_anchor,0.9522,0.9564,53,420,7.137,14.9 | L4 | 淮扬菜￥174/人 | 🌟🌟🌟🌟🌟,九耐 | 九厨·淮扬 | 品淮扬到九厨 | 14.9 | L4 | 淮扬菜￥174/人 | 🌟🌟🌟🌟🌟 | 点评榜单 | 长宁区淮扬菜口味榜第1名 | 休息中 | ￥0.10.1折 | ￥29.9九厨淮扬精选宝宝餐 | 惠 | ￥97 | 9.7折 | ￥100100元代金券 | 惠,ocr/input_videos\上海__尚嘉中心__20260826.mp4
OBS-000042,尚嘉中心,Maxim,Maxim,服装,3.5,,L2,rated,True,,rated,parsed,rating_anchor,0.9167,0.9975,56,420,7.137,⭐⭐3.5服装 | L2,Maxim | ⭐⭐3.5服装 | L2 | 10:00营业,ocr/input_videos\上海__尚嘉中心__20260826.mp4
OBS-000043,尚嘉中心,gaga,gaga,西餐,4.6,102,L1,rated,True,,rated,parsed,rating_anchor,0.9824,0.9965,61,420,7.137,🌟🌟🌟🌟🌟 | L1 | 4.6 | 西餐￥102/人,gaga | 🌟🌟🌟🌟🌟 | L1 | 4.6 | 西餐￥102/人 | 点评榜单 | 天山西餐环境榜第3名,ocr/input_videos\上海__尚嘉中心__20260826.mp4
OBS-000044,尚嘉中心,柏兰蒂西餐厅BAR.A.MUNDI,柏兰蒂西餐厅BAR.A.MUNDI,法国菜,3.9,119,L2,rated,True,,rated,parsed,rating_anchor,0.9791,0.9926,57,480,8.157,L2 | 🌟🌟🌟🌟🌟 | 3.9法国菜￥119/人,柏兰蒂西餐厅BAR.A.MUNDI | 一日的 | R | 柏兰带西餐厅 | L2 | 🌟🌟🌟🌟🌟 | 3.9法国菜￥119/人 | 点评榜单 | 虹桥/古北西餐打卡人气榜第5名 | 10:30营业 | 环境优雅，美食享受。 | 3 | 《 | ￥237 | 3折 | ￥806法式漂亮饭八道菜【.. | 惠,ocr/input_videos\上海__尚嘉中心__20260826.mp4
OBS-000045,尚嘉中心,九厨·淮扬,九厨·淮扬,淮扬菜,,174,L4,unknown,True,,ocr_missing,parsed,metadata_anchor,0.9646,0.9742,59,480,8.157,🌟🌟🎉🌟🎉 | 淮扬菜￥174/人 | L4 | 14.9,九厨·淮扬 | 九厨 | 品淮扬到九厨 | 🌟🌟🎉🌟🎉 | 淮扬菜￥174/人 | L4 | 14.9 | 点评榜单 | 长宁区淮扬菜口味榜第1名 | 休息中 | ￥0.10.1折 | ￥29.9九厨淮扬精选宝宝餐 | 惠 | ￥979.7折 | 惠 | ￥100100元代金券 | -,ocr/input_videos\上海__尚嘉中心__20260826.mp4
OBS-000046,尚嘉中心,Maxim,Maxim,服装,3.5,,L2,rated,True,,rated,parsed,rating_anchor,0.9454,0.9971,59,480,8.157,⭐3.5服装 | L2,Maxim | ⭐3.5服装 | L2 | 10:00营业,ocr/input_videos\上海__尚嘉中心__20260826.mp4
OBS-000047,尚嘉中心,gaga,gaga,西餐,4.6,102,L1,rated,True,,rated,parsed,rating_anchor,0.9614,0.9955,68,480,8.157,4.6西餐￥102/人 | L1,gaga | Fruit flanrr | 4.6西餐￥102/人 | L1 | 点评榜单 | 天山西餐环境榜第3名 | 健康养生，鲜榨系列饮品口感清爽” | ￥33 | 3.1折 | ￥10.2 | 鲜蔬饮品|仅限堂食... | 惠 | ￥959.5折 | ￥100 | 【全时段可用】100... | 惠,ocr/input_videos\上海__尚嘉中心__20260826.mp4
OBS-000048,尚嘉中心,柏兰蒂西餐厅BAR.A.MUNDI,柏兰蒂西餐厅BAR.A.MUNDI,法国菜,3.9,119,L2,rated,True,,rated,parsed,rating_anchor,0.9859,0.9957,54,516,8.769,L2 | 3.9法国菜￥119/人 | ★★★★★,柏兰蒂西餐厅BAR.A.MUNDI | 处一日的浪 | nR. | 柏兰带西餐厅 | L2 | 3.9法国菜￥119/人 | ★★★★★ | 点评榜单 | 虹桥/古北西餐打卡人气榜第5名 | 10:30营业 | 环境优雅，美食享受。 | 3 | 《 | ￥237 | ￥806法式漂亮饭八道菜【.. | 3折 | 惠,ocr/input_videos\上海__尚嘉中心__20260826.mp4
OBS-000049,尚嘉中心,九厨·淮扬,九厨·淮扬,淮扬菜,,174,L4,unknown,True,,ocr_missing,parsed,metadata_anchor,0.9609,0.9709,59,516,8.769,淮扬菜￥174/人 | L4 | 🌟🌟🌟🎉🌟 | 14.9,九厨·淮扬 | 九厨 | 品淮扬到九厨 | 淮扬菜￥174/人 | L4 | 🌟🌟🌟🎉🌟 | 14.9 | 点评榜单 | 长宁区淮扬菜口味榜第1名 | 休息中 | ￥0.10.1折 | ￥29.9九厨淮扬精选宝宝餐 | 惠 | ￥979.7折 | 惠 | ￥100100元代金券,ocr/input_videos\上海__尚嘉中心__20260826.mp4
OBS-000050,尚嘉中心,Maxim,Maxim,服装,3.5,,L2,rated,True,,rated,parsed,rating_anchor,0.9024,0.9977,58,516,8.769,🌟⭐3.5服装 | L2,Maxim | 🌟⭐3.5服装 | L2 | 10:00营业,ocr/input_videos\上海__尚嘉中心__20260826.mp4
OBS-000051,尚嘉中心,gaga,gaga,西餐,4.6,102,L1,rated,True,,rated,parsed,rating_anchor,0.9725,0.9936,69,516,8.769,4.6西餐￥102/人 | L1,gaga | 4.6西餐￥102/人 | L1 | 点评镑单 | 天山西餐环境榜第3名 | 健康养生，鲜榨系列饮品口感清爽” | ￥10.2 | 3.1折 | ￥33 | 惠 | 鲜蔬饮品一仅限堂食.... | ￥959.5折 | ￥100 | 惠 | 【全时段可用】100...,ocr/input_videos\上海__尚嘉中心__20260826.mp4
OBS-000052,尚嘉中心,Maxim,Maxim,服装,3.5,,L2,rated,True,,rated,parsed,rating_anchor,0.8937,0.9976,58,564,9.585,⭐⭐⭐⭐3.5服装 | L2,Maxim | ⭐⭐⭐⭐3.5服装 | L2 | 10:00营业,ocr/input_videos\上海__尚嘉中心__20260826.mp4
OBS-000053,尚嘉中心,gaga,gaga,西餐,4.6,102,L1,rated,True,,rated,parsed,rating_anchor,0.9679,0.996,73,564,9.585,4.6西餐￥102/人 | L1,gaga | 4.6西餐￥102/人 | L1 | 点评榜单 | 天山西餐环境榜第3名 | 健康养生，鲜榨系列饮品口感清爽 | ￥10.2 | 3.1折 | 惠 | ￥33 | 鲜蔬饮品一仅限堂食.. | ￥959.5折 | ￥100 | 惠 | 【全时段可用】100...,ocr/input_videos\上海__尚嘉中心__20260826.mp4
OBS-000054,尚嘉中心,富舍拉面炭烤吧Forsher Noodle&...,富舍拉面炭烤吧ForsherNoodle&,日本料理,4.0,63,LG2,rated,True,,rated,parsed,rating_anchor,0.9551,0.9481,57,564,9.585,🌟🌟🌟🌟🌟 | 4.0日本料理￥63/人 | LG2,富舍拉面炭烤吧Forsher Noodle&... | 🌟🌟🌟🌟🌟 | 4.0日本料理￥63/人 | LG2 | Forsher | 休息中 | ￥489.3折 | ￥52 | 【高蛋白低脂原切·首... | 惠,ocr/input_videos\上海__尚嘉中心__20260826.mp4
OBS-000055,尚嘉中心,PANNING,PANNING,服装,3.9,,L2,rated,True,,rated,parsed,rating_anchor,0.9164,0.9967,54,564,9.585,⭐⭐3.9服装 | L2,PANNING | ⭐⭐3.9服装 | L2 | PANNING | 10:00营业,ocr/input_videos\上海__尚嘉中心__20260826.mp4
OBS-000056,尚嘉中心,好鮃·活鱼料理,好鲆·活鱼料理,创意菜,4.8,132,LG2,rated,True,,rated,parsed,rating_anchor,0.9306,0.9079,52,564,9.585,LG2 | 4.8创意菜￥132/人,好鮃·活鱼料理 | LG2 | 4.8创意菜￥132/人 | 点评榜单 | 长宁区创意菜服务榜第2名 | 休息中 | ￥2886.8折 | ￥428 | 【活鲜珍味·两人食.. | 惠 | ￥189折 | ￥2020元代金券 | 惠,ocr/input_videos\上海__尚嘉中心__20260826.mp4
OBS-000057,尚嘉中心,富舍拉炭烤吧ForsherNoodle&...,富舍拉炭烤吧ForsherNoodle&,本料理,4.0,,LG2,rated,True,,rated,parsed,rating_anchor,0.9563,0.9623,57,648,11.012,🌟🌟🌟🌟 | LG2 | 4.0本料理￥63/ | ★,富舍拉炭烤吧ForsherNoodle&... | 🌟🌟🌟🌟 | LG2 | 4.0本料理￥63/ | ★ | Forsher | 休息中 | ￥52 | ￥489.3折 | 惠 | 【高蛋白低脂原切·首.,ocr/input_videos\上海__尚嘉中心__20260826.mp4
OBS-000058,尚嘉中心,PANNING,PANNING,服装,3.9,,L2,rated,True,,rated,parsed,rating_anchor,0.9992,0.9985,47,648,11.012,🌟🌟🌟🌟🌟 | 服装 | L2 | 3.9,PANNING | 🌟🌟🌟🌟🌟 | 服装 | L2 | 3.9 | PANNING | 10:00营业,ocr/input_videos\上海__尚嘉中心__20260826.mp4
OBS-000059,尚嘉中心,好鲆·活鱼料理,好鲆·活鱼料理,创意菜,4.8,132,LG2,rated,True,,rated,parsed,rating_anchor,0.9342,0.9015,52,648,11.012,LG2 | 4.8 | 创意菜￥132/人,好鲆·活鱼料理 | LG2 | 4.8 | 创意菜￥132/人 | 点评榜单 | 长宁区创意菜服务榜第2名 | 休息中 | ￥288 | ￥428 | 惠 | 6.8折 | 【活鲜珍味·两人食 | ￥189折 | ￥2020元代金券 | 惠,ocr/input_videos\上海__尚嘉中心__20260826.mp4
OBS-000060,尚嘉中心,大山猫·自然农耕·生态健康,大山猫·自然农耕·生态健康,创意菜,4.4,43,商场内,rated,True,,rated,parsed,rating_anchor,0.8963,0.8429,59,648,11.012,商场内 | ★🌟★🌟 | 4.4创意菜￥43/人,大山猫·自然农耕·生态健康 | 大山道 | 商场内 | ★🌟★🌟 | 4.4创意菜￥43/人 | 生态餐厅 | 点评榜单 | 长宁区创意菜回头客榜第8名 | CasR | 原生山的 | 10:00营业 | ￥88 | 6.6折 | ￥134超值双人餐 | 惠 | ￥88 | 惠 | 8.8折 | ￥100100元代金券,ocr/input_videos\上海__尚嘉中心__20260826.mp4
OBS-000061,尚嘉中心,好鲆·活鱼料理,好鲆·活鱼料理,创意菜,4.8,132,LG2,rated,True,,rated,parsed,rating_anchor,0.9509,0.9284,51,696,11.828,LG2 | 🌟🌟🌟🎉🌟4.8 | 创意菜￥132/人,好鲆·活鱼料理 | LG2 | 🌟🌟🌟🎉🌟4.8 | 创意菜￥132/人 | 点评榜单 | 长宁区创意菜服务榜第2名 | 休息中 | ￥2886.8折 | ￥428 | 惠 | 【活鲆珍味·两人食.. | ￥189折 | ￥2020元代金券 | 惠,ocr/input_videos\上海__尚嘉中心__20260826.mp4
OBS-000062,尚嘉中心,大山猫·自然农耕·生态健康,大山猫·自然农耕·生态健康,创意菜,4.4,43,商场内,rated,True,,rated,parsed,rating_anchor,0.9468,0.9176,54,696,11.828,商场内 | 🌟🌟⭐⭐ | 4.4创意菜￥43/人 | ★,大山猫·自然农耕·生态健康 | 大山猫 | 商场内 | 🌟🌟⭐⭐ | 4.4创意菜￥43/人 | ★ | 生态餐厅 | 点评榜单 | 长宁区创意菜回头客榜第8名 | UAANE EANS | 质生山健 | 10:00营业 | ￥886.6折 | ￥134超值双人餐 | 惠 | ￥888.8折 | 惠 | ￥100100元代金券,ocr/input_videos\上海__尚嘉中心__20260826.mp4
OBS-000063,尚嘉中心,MTPT,MTPT,服饰鞋包,3.5,,L1,rated,True,,rated,parsed,rating_anchor,0.9568,0.9982,51,696,11.828,⭐3.5服饰鞋包 | L1,MTPT | ⭐3.5服饰鞋包 | L1,ocr/input_videos\上海__尚嘉中心__20260826.mp4
OBS-000064,尚嘉中心,满板前炙烤寿司·日本料理,满板前炙烤寿司·日本料理,日本料理,4.8,178,L3,rated,True,,rated,parsed,rating_anchor,0.9449,0.9772,51,696,11.828,L3 | 4.8日本料理￥178/人,满板前炙烤寿司·日本料理 | 满板前实烤寿司·日本料理 | 陆宝响中心心 | 入 | L3 | 4.8日本料理￥178/人 | 点评榜单 | 天山日式料理环境榜第3名 | 休息中 | ￥3969.3折 | 惠 | ￥4282-4人日料刺身寿喜.,ocr/input_videos\上海__尚嘉中心__20260826.mp4
OBS-000065,尚嘉中心,C-Oli尚嘉,C-Oli尚嘉,配饰,3.5,559,L2,rated,True,,rated,parsed,rating_anchor,0.9651,0.9788,55,696,11.828,3.5配饰￥559/人 | L2,C-Oli尚嘉 | 3.5配饰￥559/人 | L2 | 10:00营业,ocr/input_videos\上海__尚嘉中心__20260826.mp4
OBS-000066,尚嘉中心,好鲆·活鱼料理,好鲆·活鱼料理,创意菜,4.8,132,LG2,rated,True,,rated,parsed,rating_anchor,0.9496,0.9231,51,708,12.032,LG2 | 🌟🌟🌟🌟🌟 | 创意菜￥132/人 | 4.8,好鲆·活鱼料理 | LG2 | 🌟🌟🌟🌟🌟 | 创意菜￥132/人 | 4.8 | 点评榜单 | 长宁区创意菜服务榜第2名 | 休息中 | ￥428 | ￥288 | 6.8折 | 惠 | 【活鲆珍味·两人食.. | ￥189折 | ￥2020元代金券 | 惠,ocr/input_videos\上海__尚嘉中心__20260826.mp4
OBS-000067,尚嘉中心,大山貓·自然农耕·生态健康,大山猫·自然农耕·生态健康,创意菜,4.4,43,商场内,rated,True,,rated,parsed,rating_anchor,0.9503,0.948,57,708,12.032,商场内 | 🌟🌟🌟🌟 | 创意菜￥43/人 | 4.4,大山貓·自然农耕·生态健康 | 大山猫 | 商场内 | 🌟🌟🌟🌟 | 创意菜￥43/人 | 4.4 | 生态餐厅 | 点评榜单 | 长宁区创意菜回头客榜第8名 | UAANT DANDI | 原生山健 | 10:00营业 | ￥886.6折 | ￥134超值双人餐 | 惠 | ￥88 | 惠 | 8.8折 | ￥100100元代金券,ocr/input_videos\上海__尚嘉中心__20260826.mp4
OBS-000068,尚嘉中心,MTPT,MTPT,服饰鞋包,3.5,,L1,rated,True,,rated,parsed,rating_anchor,0.9585,0.9982,51,708,12.032,⭐3.5服饰鞋包 | L1,MTPT | ⭐3.5服饰鞋包 | L1,ocr/input_videos\上海__尚嘉中心__20260826.mp4
OBS-000069,尚嘉中心,满板前炙烤寿司·日本料理,满板前炙烤寿司·日本料理,日本料理,4.8,178,L3,rated,True,,rated,parsed,rating_anchor,0.9663,0.9743,51,708,12.032,⭐🌟🌈4.8 | L3 | 日本料理￥178/人,满板前炙烤寿司·日本料理 | 满板前炙烤寿司·日本料理 | 陆宝阳中心 | 入 | ⭐🌟🌈4.8 | L3 | 日本料理￥178/人 | 点评榜单 | 天山日式料理环境榜第3名 | 休息中 | ￥3969.3折 | 惠 | ￥4282-4人日料刺身寿喜..,ocr/input_videos\上海__尚嘉中心__20260826.mp4
OBS-000070,尚嘉中心,C-Oli尚嘉,C-Oli尚嘉,配饰,3.5,559,L2,rated,True,,rated,parsed,rating_anchor,0.9228,0.9003,55,708,12.032,3.5配饰￥559/人 | L2,C-Oli尚嘉 | 3.5配饰￥559/人 | L2 | 10：00营业,ocr/input_videos\上海__尚嘉中心__20260826.mp4
OBS-000071,尚嘉中心,MTPT,MTPT,服饰鞋包,3.5,,L1,rated,True,,rated,parsed,rating_anchor,0.9716,0.9979,54,792,13.459,L1 | ⭐3.5服饰鞋包,MTPT | L1 | ⭐3.5服饰鞋包 | NIbL,ocr/input_videos\上海__尚嘉中心__20260826.mp4
OBS-000072,尚嘉中心,满板前炙烤寿司·日本料理,满板前炙烤寿司·日本料理,日本料理,4.8,178,L3,rated,True,,rated,parsed,rating_anchor,0.9712,0.9839,54,792,13.459,L3 | 日本料理￥178/人 | 🌟🌟⭐⭐4.8,满板前炙烤寿司·日本料理 | 满板前炙烤寿司·日本料理 | 陆家国中心心 | 入 | L3 | 日本料理￥178/人 | 🌟🌟⭐⭐4.8 | 点评榜单 | 天山日式料理环境榜第3名 | 休息中 | ￥3969.3折 | ￥4282-4人日料刺身寿喜... | 惠,ocr/input_videos\上海__尚嘉中心__20260826.mp4
OBS-000073,尚嘉中心,C-Oli尚嘉,C-Oli尚嘉,配饰,3.5,559,L2,rated,True,,rated,parsed,rating_anchor,0.9783,0.9845,56,792,13.459,⭐🌟🌟🌟🌟 | L2 | 3.5配饰￥559/人,C-Oli尚嘉 | ⭐🌟🌟🌟🌟 | L2 | 3.5配饰￥559/人 | 10:00营业,ocr/input_videos\上海__尚嘉中心__20260826.mp4
OBS-000074,尚嘉中心,福禄小厨·湘味现炒·智选餐厅,福禄小厨·湘味现炒·智选餐厅,湘菜,3.8,36,LG2,rated,True,,rated,parsed,rating_anchor,0.9442,0.9705,59,792,13.459,LG2 | 3.8湘菜￥36/人,福禄小厨·湘味现炒·智选餐厅 | 福禄小厨装餐控 | LG2 | 3.8湘菜￥36/人 | 10:00营业 | 日 | ￥487折 | 晚市一人食 | 惠 | ￥69 | ￥10 | ￥0.1 | 0.1折 | 惠 | 【仅称重菜】10元代金券,ocr/input_videos\上海__尚嘉中心__20260826.mp4
OBS-000075,尚嘉中心,MTPT,MTPT,服饰鞋包,3.5,,L1,rated,True,,rated,parsed,rating_anchor,0.9732,0.9979,54,840,14.275,L1 | ⭐3.5服饰鞋包,MTPT | L1 | ⭐3.5服饰鞋包,ocr/input_videos\上海__尚嘉中心__20260826.mp4
OBS-000076,尚嘉中心,满板前炙烤寿司·日本料理,满板前炙烤寿司·日本料理,日本料理,4.8,178,L3,rated,True,,rated,parsed,rating_anchor,0.9719,0.9806,54,840,14.275,L3 | 日本料理￥178/人 | ⭐🌟⭐⭐4.8,满板前炙烤寿司·日本料理 | 满板前炙烤寿司·日本料理 | 陆家国中心心 | 入 | L3 | 日本料理￥178/人 | ⭐🌟⭐⭐4.8 | 点评榜单 | 天山日式料理环境榜第3名 | 休息中 | ￥3969.3折 | ￥4282-4人日料刺身寿喜... | 惠,ocr/input_videos\上海__尚嘉中心__20260826.mp4
OBS-000077,尚嘉中心,C-Oli尚嘉,C-Oli尚嘉,配饰,3.5,559,L2,rated,True,,rated,parsed,rating_anchor,0.9786,0.9846,56,840,14.275,⭐🌟🌟🌟🌟 | 3.5配饰￥559/人 | L2,C-Oli尚嘉 | ⭐🌟🌟🌟🌟 | 3.5配饰￥559/人 | L2 | 10:00营业,ocr/input_videos\上海__尚嘉中心__20260826.mp4
OBS-000078,尚嘉中心,福禄小厨·湘味现炒·智选餐厅,福禄小厨·湘味现炒·智选餐厅,湘菜,3.8,36,LG2,rated,True,,rated,parsed,rating_anchor,0.9463,0.9735,57,840,14.275,LG2 | 3.8湘菜￥36/人,福禄小厨·湘味现炒·智选餐厅 | 福禄小厨装餐控 | LG2 | 3.8湘菜￥36/人 | 10:00营业 | 日 | ￥487折 | 晚市一人食 | 惠 | ￥69 | ￥0.1 | 惠 | 0.1折 | ￥10 | 【仅称重菜】10元代金券,ocr/input_videos\上海__尚嘉中心__20260826.mp4
OBS-000079,尚嘉中心,满板前炙烤寿司·日本料理,满板前炙烤寿司·日本料理,日本料理,4.8,178,L3,rated,True,,rated,parsed,rating_anchor,0.9913,0.9831,50,876,14.887,🌟🌟🌟🌟🌟 | L3 | ￥178/人 | 日本料理 | 4.8,满板前炙烤寿司·日本料理 | 满板前炙烤寿司·日本料理 | 陆家南中心电 | 入 | 🌟🌟🌟🌟🌟 | L3 | ￥178/人 | 日本料理 | 4.8 | 点评榜单 | 天山日式料理环境榜第3名 | 休息中 | ￥3969.3折 | ￥4282-4人日料刺身寿喜.. | 惠,ocr/input_videos\上海__尚嘉中心__20260826.mp4
OBS-000080,尚嘉中心,C-Oli尚嘉,C-Oli尚嘉,配饰,3.5,559,L2,rated,True,,rated,parsed,rating_anchor,0.9717,0.9824,56,876,14.887,L2 | ★★★★★ | 3.5配饰￥559/人,C-Oli尚嘉 | L2 | ★★★★★ | 3.5配饰￥559/人 | 10:00营业,ocr/input_videos\上海__尚嘉中心__20260826.mp4
OBS-000081,尚嘉中心,福禄小厨·湘味现炒·智选餐厅,福禄小厨·湘味现炒·智选餐厅,湘菜,3.8,36,LG2,rated,True,,rated,parsed,rating_anchor,0.9525,0.9744,54,876,14.887,LG2 | ⭐⭐⭐3.8 | 湘菜￥36/人,福禄小厨·湘味现炒·智选餐厅 | 号 | LG2 | ⭐⭐⭐3.8 | 湘菜￥36/人 | 10:00营业 | ￥487折 | 惠 | ￥69 | 晚市一人食 | ￥0.1 | 0.1折 | 惠 | ￥10 | 【仅称重菜】10元代金券,ocr/input_videos\上海__尚嘉中心__20260826.mp4
OBS-000082,尚嘉中心,MONNALISA,MONNALISA,儿童服饰,3.6,,L3,rated,True,,rated,parsed,rating_anchor,0.9965,0.9962,44,876,14.887,🌟🌟🌟🌟🌟 | L3 | 3.6儿童服饰,MONNALISA | L | 🌟🌟🌟🌟🌟 | L3 | 3.6儿童服饰 | 10:00营业,ocr/input_videos\上海__尚嘉中心__20260826.mp4
OBS-000083,尚嘉中心,一品卤味,一品卤味,台湾菜,4.4,39,LG2,rated,True,,rated,parsed,rating_anchor,0.9739,0.9913,56,876,14.887,🌟🌟🎉🎉 | LG2 | 台湾菜￥39/人 | 4.4,一品卤味 | 一品菌味 | 🌟🌟🎉🎉 | LG2 | 台湾菜￥39/人 | 4.4 | 风儿方 | 点评单 | 长宁区台湾菜口味榜第5名 | 10:00营业,ocr/input_videos\上海__尚嘉中心__20260826.mp4
OBS-000084,尚嘉中心,C-UII回嘉,C-UII回嘉,配饰,3.5,559,L2,rated,True,,rated,parsed,rating_anchor,0.8485,0.7277,46,912,15.498,⭐🌟⭐🌟⭐ | L2 | 3.5配饰￥559/人,C-UII回嘉 | ⭐🌟⭐🌟⭐ | L2 | 3.5配饰￥559/人 | 10:00营业,ocr/input_videos\上海__尚嘉中心__20260826.mp4
OBS-000085,尚嘉中心,福禄小厨·湘味现炒·智选餐厅,福禄小厨·湘味现炒·智选餐厅,湘菜,3.8,36,LG2,rated,True,,rated,parsed,rating_anchor,0.9635,0.9676,56,912,15.498,LG2 | 3.8湘菜￥36/人,福禄小厨·湘味现炒·智选餐厅 | 湘味现炒 | 福禄小厨 | 客设餐厅 | LG2 | 3.8湘菜￥36/人 | 10:00营业 | 品 | ￥487折 | ￥69 | 晚市一人食 | 惠 | ￥0.1 | 0.1折 | 惠 | ￥10 | 【仅称重菜】10元代金券,ocr/input_videos\上海__尚嘉中心__20260826.mp4
OBS-000086,尚嘉中心,MONNALISA,MONNALISA,儿童服饰,3.6,,L3,rated,True,,rated,parsed,rating_anchor,0.9882,0.9943,47,912,15.498,3.6儿童服饰 | L3,MONNALISA | 3.6儿童服饰 | L3 | 10:00营业,ocr/input_videos\上海__尚嘉中心__20260826.mp4
OBS-000087,尚嘉中心,一品卤味,一品卤味,台湾菜,4.4,39,LG2,rated,True,,rated,parsed,rating_anchor,0.9798,0.9914,59,912,15.498,LG2 | ⭐🌟🌟⭐ | 台湾菜￥39/人 | 4.4 | ★,一品卤味 | 一品滷味 | LG2 | ⭐🌟🌟⭐ | 台湾菜￥39/人 | 4.4 | ★ | 名 | 点评榜单 | 长宁区台湾菜口味榜第5名 | 10:00营业 | ￥459.2折 | ￥49 | 【干饭必备】卤牛腱单.. | 惠,ocr/input_videos\上海__尚嘉中心__20260826.mp4
OBS-000088,尚嘉中心,傣轻舂·舂鸡脚,傣轻舂·舂鸡脚,云南菜|滇菜,4.2,32,LG2,rated,True,,rated,parsed,rating_anchor,0.9195,0.8875,51,912,15.498,LG2 | ⭐🌟🌟 | 4.2云南菜|滇菜￥32/人,傣轻舂·舂鸡脚 | LG2 | ⭐🌟🌟 | 4.2云南菜|滇菜￥32/人 | 点评榜单 | 长宁区云南菜|滇菜好评榜第8名 | 傣轻舂 | 10:00营业 | ￥39.9 | 6.5折 | ￥61.8荤菜大满贯+云滇... | 惠,ocr/input_videos\上海__尚嘉中心__20260826.mp4
OBS-000089,尚嘉中心,傣轻舂·春鸡脚,傣轻舂·春鸡脚,云南菜滇菜,4.2,32,LG2,rated,True,,rated,parsed,rating_anchor,0.9176,0.8732,52,1008,17.13,LG2 | 🌟🌟⭐⭐ | 云南菜滇菜￥32/人 | 4.2 | ★,傣轻舂·春鸡脚 | LG2 | 🌟🌟⭐⭐ | 云南菜滇菜￥32/人 | 4.2 | ★ | 2 | 点评榜单 | 长宁区云南菜|滇菜好评榜第8名 | 傣轻舂 | 10:00营业 | ￥39.9| | 6.5折 | 惠 | ￥61.8荤菜大满贯+云滇...,ocr/input_videos\上海__尚嘉中心__20260826.mp4
OBS-000090,尚嘉中心,UNIZOOM,UNIZOOM,服饰鞋包,4.1,,L2,rated,True,,rated,parsed,rating_anchor,0.9979,0.9967,50,1008,17.13,L2 | ★★★★★ | 4.1服饰鞋包,UNIZOOM | L2 | ★★★★★ | 4.1服饰鞋包 | 设计师品牌一折起，购物环境很不错 | 休息中,ocr/input_videos\上海__尚嘉中心__20260826.mp4
OBS-000091,尚嘉中心,椒点·川粵精品,椒点·川粤精品,川菜馆,4.8,152,L3,rated,True,,rated,parsed,rating_anchor,0.9675,0.9759,54,1008,17.13,4.8川菜馆￥152/人 | L3,椒点·川粵精品 | 椒点 | 4.8川菜馆￥152/人 | L3 | 点评榜单 | 长宁区川菜口味榜第2名 | 休息中品 | 服务周到，下次还来 | ￥229 | ￥344 | 6.7折 | 惠 | 【乐享甄选】双人… | ￥89 | 惠 | 8.9折 | ￥100100元代金券,ocr/input_videos\上海__尚嘉中心__20260826.mp4
OBS-000092,尚嘉中心,星巴克臻选,星巴克臻选,咖啡,3.9,38,LG1,rated,True,,rated,parsed,rating_anchor,0.9758,0.9983,55,1008,17.13,LG1 | 3.9咖啡￥38/人,星巴克臻选 | LG1 | 3.9咖啡￥38/人 | 真茶真奶真愛你 | ￥59.97.7折 | ￥78 | 惠 | 【爆款推荐】星巴克..,ocr/input_videos\上海__尚嘉中心__20260826.mp4
OBS-000093,尚嘉中心,椒点·川粵精品,椒点·川粤精品,川菜馆,4.8,152,L3,rated,True,,rated,parsed,rating_anchor,0.961,0.9763,52,1104,18.761,4.8川菜馆￥152/人 | L3,椒点·川粵精品 | 椒点 | 4.8川菜馆￥152/人 | L3 | 点评榜单 | 长宁区川菜味榜第2名 | 休息中品 | 服务周到，下次还来” | 惠 | ￥229 | ￥344 | 6.7折 | 【乐享甄选】双… | ￥89 | 8.9折 | ￥100100元代金券 | 惠,ocr/input_videos\上海__尚嘉中心__20260826.mp4
OBS-000094,尚嘉中心,星巴克臻选,星巴克臻选,咖啡,3.9,38,LG1,rated,True,,rated,parsed,rating_anchor,0.9728,0.9984,51,1104,18.761,3.9咖啡￥38/人 | LG1,星巴克臻选 | 3.9咖啡￥38/人 | LG1 | 真茶真奶真爱你 | ￥59.97.7折 | 【爆款推荐】星巴克.. | ￥78 | 惠,ocr/input_videos\上海__尚嘉中心__20260826.mp4
OBS-000095,尚嘉中心,Jumplify室内蹦极运动,Jumplify室内蹦极运动,健身房,4.5,2952,LG1,rated,True,,rated,parsed,rating_anchor,0.9737,0.9862,57,1104,18.761,🌟🌟4.5 | LG1 | 健身房￥2952/人,Jumplify室内蹦极运动 | SPLASHY | 9FARS | 🌟🌟4.5 | LG1 | 健身房￥2952/人 | 虹桥/古北健身房销量榜第6名 | 10:00营业 | 快乐健身，消耗满满！ | 39 | ￥398￥796 | 【暑期特惠】两人同行一 | 惠,ocr/input_videos\上海__尚嘉中心__20260826.mp4
OBS-000096,尚嘉中心,代数学家algebraist,代数学家algebraist,咖啡,3.9,25,L2,rated,True,,rated,parsed,rating_anchor,0.969,0.9984,54,1104,18.761,L2 | 🌟🌟⭐🌟🌟 | 咖啡￥25/人 | 3.9,代数学家algebraist | L2 | 🌟🌟⭐🌟🌟 | 咖啡￥25/人 | 3.9 | 点评榜单 | 天山咖啡销量榜第9名 | ￥19.98折 | ￥25 | 惠 | 【工作充电】经典系...,ocr/input_videos\上海__尚嘉中心__20260826.mp4
OBS-000097,尚嘉中心,星巴克臻选,星巴克臻选,咖啡,3.9,38,LG1,rated,True,,rated,parsed,rating_anchor,0.9773,0.9988,54,1152,19.577,3.9咖啡￥38/人 | LG1,星巴克臻选 | 3.9咖啡￥38/人 | LG1 | 真茶真奶真爱你 | ￥59.97.7折 | 【爆款推荐】星巴克. | 惠 | ￥78,ocr/input_videos\上海__尚嘉中心__20260826.mp4
OBS-000098,尚嘉中心,Jumplify室内蹦极运动,Jumplify室内蹦极运动,健身房,4.5,2952,LG1,rated,True,,rated,parsed,rating_anchor,0.9038,0.9963,59,1152,19.577,LG1 | 🌟🌈4.5健身房 | ￥2952/人,Jumplify室内蹦极运动 | SPLASHY | 9FARS | LG1 | 🌟🌈4.5健身房 | ￥2952/人 | 虹桥/古北健身房销量榜第6名 | 10:00营业 | 中 | “快乐健身，消耗满满！ | 3 | ￥398￥796 | 惠 | 【暑期特惠】两人同行一..,ocr/input_videos\上海__尚嘉中心__20260826.mp4
OBS-000099,尚嘉中心,代数学家algebraist,代数学家algebraist,咖啡,3.9,25,L2,rated,True,,rated,parsed,rating_anchor,0.9678,0.9985,54,1152,19.577,L2 | 🌟🌟🌟⭐🌟 | 3.9 | 咖啡￥25/人,代数学家algebraist | L2 | 🌟🌟🌟⭐🌟 | 3.9 | 咖啡￥25/人 | 点评榜单 | 天山咖啡销量榜第9名 | 8折 | ￥19.9 | ￥25 | 惠 | 【工作充电】经典系...,ocr/input_videos\上海__尚嘉中心__20260826.mp4
OBS-000100,尚嘉中心,NIBU·牧场手作酸奶,NIBU·牧场手作酸奶,酸奶鲜奶,4.1,32,LG2,rated,True,,rated,parsed,rating_anchor,0.9782,0.989,51,1152,19.577,LG2 | 🌟🌟🎉🎉 | 酸奶鲜奶￥32/人 | 4.1,NIBU·牧场手作酸奶 | 3 | LG2 | 🌟🌟🎉🎉 | 酸奶鲜奶￥32/人 | 4.1 | 点评榜单 | 长宁区酸奶鲜奶热门榜第3名 | 10:00营业 | ￥23.56.1折 | ￥39 | 【全新升级】姥姥的... | 惠,ocr/input_videos\上海__尚嘉中心__20260826.mp4
OBS-000101,尚嘉中心,万仟堂,万仟堂,家饰家纺,3.8,905,LG1,rated,True,,rated,parsed,rating_anchor,0.9818,0.9986,58,1152,19.577,LG1 | 3.8家饰家纺￥905/人,万仟堂 | EDENUS万仟堂 | LG1 | 3.8家饰家纺￥905/人 | 茶具送礼佳选，款式独特 | 9,ocr/input_videos\上海__尚嘉中心__20260826.mp4
OBS-000102,尚嘉中心,Jumplify室内蹦极运动,Jumplify室内蹦极运动,健身房,4.5,2952,LG1,rated,True,,rated,parsed,rating_anchor,0.9787,0.9964,60,1224,20.8,LG1 | 4.5健身房￥2952/人,Jumplify室内蹦极运动 | SPLASHY | 9FARS | LG1 | 4.5健身房￥2952/人 | 虹桥/古北健身房销量榜第6名 | 2 | 10:00营业 | 快乐健身，消耗满满！ | ” | 惠 | ￥398￥796【 | 【暑期特惠】两人同行一..,ocr/input_videos\上海__尚嘉中心__20260826.mp4
OBS-000103,尚嘉中心,代数学家algebraist,代数学家algebraist,咖啡,3.9,25,L2,rated,True,,rated,parsed,rating_anchor,0.973,0.9987,57,1224,20.8,咖啡￥25/人 | L2 | 🌟🌟🌟🌟🌟3.9,代数学家algebraist | 咖啡￥25/人 | L2 | 🌟🌟🌟🌟🌟3.9 | 点评榜单 | 天山咖啡销量榜第9名 | ￥19.9 | ￥25 | 8折 | 【工作充电】经典系... | 惠,ocr/input_videos\上海__尚嘉中心__20260826.mp4
OBS-000104,尚嘉中心,NIBU·牧场手作酸奶,NIBU·牧场手作酸奶,酸奶鲜奶,4.1,32,LG2,rated,True,,rated,parsed,rating_anchor,0.9816,0.9938,54,1224,20.8,⭐🌟🌟⭐ | LG2 | 4.1酸奶鲜奶￥32/人 | ★,NIBU·牧场手作酸奶 | NBU | ⭐🌟🌟⭐ | LG2 | 4.1酸奶鲜奶￥32/人 | ★ | 点评榜单 | 长宁区酸奶鲜奶热门榜第3名 | 10:00营业 | ￥23.56.1折 | ￥39 | 【全新升级】姥姥的... | 惠,ocr/input_videos\上海__尚嘉中心__20260826.mp4
OBS-000105,尚嘉中心,万仟堂,万仟堂,家饰家纺,3.8,905,LG1,rated,True,,rated,parsed,rating_anchor,0.9833,0.9982,64,1224,20.8,LG1 | 3.8家饰家纺￥905/人,万仟堂 | EDENUS万仟堂 | LG1 | 3.8家饰家纺￥905/人 | 茶具送礼佳选，款式独特 | 10:00营业,ocr/input_videos\上海__尚嘉中心__20260826.mp4
OBS-000106,尚嘉中心,Jumplify室内蹦极运动,Jumplify室内蹦极运动,健身房,4.5,2952,LG1,rated,True,,rated,parsed,rating_anchor,0.9785,0.9852,57,1260,21.412,LG1 | 4.5健身房￥2952/人,Jumplify室内蹦极运动 | SPLASHY | 9FARS | LG1 | 4.5健身房￥2952/人 | 2 | 虹桥/古北健身房销量榜第6名 | 10:00营业 | 快乐健身，消耗满满！ | ” | ￥398￥796 | 惠 | 【暑期特惠】两人同行一..,ocr/input_videos\上海__尚嘉中心__20260826.mp4
OBS-000107,尚嘉中心,代数学家algebraist,代数学家algebraist,咖啡,3.9,25,L2,rated,True,,rated,parsed,rating_anchor,0.9735,0.9983,56,1260,21.412,咖啡￥25/人 | L2 | 🌟🌟🌟🌟🌟 | 3.9,代数学家algebraist | 咖啡￥25/人 | L2 | 🌟🌟🌟🌟🌟 | 3.9 | 点评榜单 | 天山咖啡销量榜第9名 | ￥19.9 | ￥25 | 8折 | 【工作充电】经典系... | 惠,ocr/input_videos\上海__尚嘉中心__20260826.mp4
OBS-000108,尚嘉中心,NIBU·牧场手作酸奶,NIBU·牧场手作酸奶,西,4.1,32,LG2,rated,True,,rated,parsed,rating_anchor,0.9517,0.9916,54,1260,21.412,LG2 | 🌟🌟🌟🌟 | 酸奶鲜奶￥32/人 | 4.1西,NIBU·牧场手作酸奶 | NBU | LG2 | 🌟🌟🌟🌟 | 酸奶鲜奶￥32/人 | 4.1西 | 点评榜单 | 长宁区酸奶鲜奶热门榜第3名 | 10:00营业 | ￥23.56.1折 | ￥39 | 【全新升级】姥姥的... | 惠,ocr/input_videos\上海__尚嘉中心__20260826.mp4
OBS-000109,尚嘉中心,万仟堂,万仟堂,家饰家纺,3.8,905,LG1,rated,True,,rated,parsed,rating_anchor,0.9818,0.9991,64,1260,21.412,LG1 | 3.8家饰家纺￥905/人,万仟堂 | EDENUS万仟堂 | LG1 | 3.8家饰家纺￥905/人 | 茶具送礼佳选，款式独特 | 公 | 10:00营业 | M Stand | 芒果凤梨系列上新 | 业事,ocr/input_videos\上海__尚嘉中心__20260826.mp4
OBS-000110,尚嘉中心,NIBU·牧场手作酸奶,NIBU·牧场手作酸奶,酸奶鲜奶,4.1,32,LG2,rated,True,,rated,parsed,rating_anchor,0.994,0.9885,52,1320,22.432,LG2 | 🌟🌟🌟🌟 | ￥32/人 | 酸奶鲜奶 | 4.1,NIBU·牧场手作酸奶 | 30 | umme | LG2 | 🌟🌟🌟🌟 | ￥32/人 | 酸奶鲜奶 | 4.1 | 点评榜单 | 长宁区酸奶鲜奶热门榜第3名 | 10:00营业 | ￥23.56.1折 | ￥39 | 【全新升级】姥姥的. | 惠,ocr/input_videos\上海__尚嘉中心__20260826.mp4
OBS-000111,尚嘉中心,万仟堂,万仟堂,家饰家纺,3.8,905,LG1,rated,True,,rated,parsed,rating_anchor,0.9753,0.9991,57,1320,22.432,LG1 | 🌟🌟🌟💥🌟 | 家饰家纺￥905/人 | 3.8,万仟堂 | EDENUS万仟堂 | LG1 | 🌟🌟🌟💥🌟 | 家饰家纺￥905/人 | 3.8 | 茶具送礼佳选，款式独特 | 10:00营业,ocr/input_videos\上海__尚嘉中心__20260826.mp4
OBS-000112,尚嘉中心,MStand,MStand,咖啡,3.9,31,商场内,rated,True,,rated,parsed,rating_anchor,0.9648,0.9961,51,1320,22.432,商场内 | ★★★★★ | 咖啡￥31/人 | 3.9,MStand | 芒果风梨系列上新 | 商场内 | ★★★★★ | 咖啡￥31/人 | 3.9 | 点评榜单 | 天山咖啡销量榜第8名 | ￥27.57.3折 | 【第一次喝】招牌特. | ￥38 | 惠,ocr/input_videos\上海__尚嘉中心__20260826.mp4
OBS-000113,尚嘉中心,YOGREATYOGURT永优酸奶,YOGREATYOGURT永优酸奶,酸奶鲜奶,,20,LG2,new_store,False,new_store,ocr_missing,parsed,metadata_anchor,0.9761,0.9957,51,1320,22.432,LG2 | 新店 | 酸奶鲜奶￥20/人,YOGREATYOGURT永优酸奶 | CANTAE | YOGREATE | 升级A2奶源 | LG2 | 新店 | 酸奶鲜奶￥20/人 | 点评榜单 | 长宁区酸奶鲜奶口味榜第1名 | 10:00营业 | ￥9.9 | 惠 | 4.2折 | ￥24 | 【福利罐罐】100ml希.,ocr/input_videos\上海__尚嘉中心__20260826.mp4
OBS-000114,尚嘉中心,Bund 1936,Bund1936,家具家居,3.7,2600,L3,rated,True,,rated,parsed,rating_anchor,0.9817,0.994,48,1320,22.432,⭐🌟⭐🌟🌟 | L3 | 家具家居￥2600/人 | 3.7,Bund 1936 | Band 1936 | ⭐🌟⭐🌟🌟 | L3 | 家具家居￥2600/人 | 3.7 | 全新空间亮相，瓷器臻品凝聚匠心美学 | 10:00营业 | 例外咖啡＆书屋,ocr/input_videos\上海__尚嘉中心__20260826.mp4
OBS-000115,尚嘉中心,NIDU权奶于1F政奶,NIDU权奶于1F政奶,酸奶鲜奶,4.1,32,LG2,rated,True,,rated,parsed,rating_anchor,0.7904,0.5816,35,1344,22.84,LG2 | 🌟🌟⭐🌟 | 酸奶鲜奶 | ￥32/人 | 4.1,NIDU权奶于1F政奶 | OUmm | LG2 | 🌟🌟⭐🌟 | 酸奶鲜奶 | ￥32/人 | 4.1 | 点评榜单 | 长宁区酸奶鲜奶热门榜第3名 | 10:00营业 | ￥23.56.1折 | ￥39 | 惠 | 【全新升级】姥姥的...,ocr/input_videos\上海__尚嘉中心__20260826.mp4
OBS-000116,尚嘉中心,万仟堂,万仟堂,家饰家纺,3.8,905,LG1,rated,True,,rated,parsed,rating_anchor,0.9775,0.9988,58,1344,22.84,LG1 | ★🌟🌟🌟★ | 家饰家纺￥905/人 | 3.8,万仟堂 | EDENUS万仟堂 | LG1 | ★🌟🌟🌟★ | 家饰家纺￥905/人 | 3.8 | 茶具送礼佳选，款式独特 | （ | 10:00营业,ocr/input_videos\上海__尚嘉中心__20260826.mp4
OBS-000117,尚嘉中心,M Stand,MStand,咖啡,3.9,31,商场内,rated,True,,rated,parsed,rating_anchor,0.9562,0.9717,49,1344,22.84,商场内 | ⭐🌟🌟🌟🌟 | 咖啡￥31/人 | 3.9,M Stand | 芒果凤梨系列上新 | 商场内 | ⭐🌟🌟🌟🌟 | 咖啡￥31/人 | 3.9 | 点评榜单 | 天山咖啡销量榜第8名 | 惠￥27.57.3折 | ￥38 | 【第一次喝】招牌特.,ocr/input_videos\上海__尚嘉中心__20260826.mp4
OBS-000118,尚嘉中心,YOGREATYOGURT永优酸奶,YOGREATYOGURT永优酸奶,酸奶鲜奶,,20,LG2,new_store,False,new_store,ocr_missing,parsed,metadata_anchor,0.9817,0.9962,48,1344,22.84,LG2 | 新店 | 酸奶鲜奶￥20/人,YOGREATYOGURT永优酸奶 | RATAE | YOORLAT 点K | 升级A2奶源 | LG2 | 新店 | 酸奶鲜奶￥20/人 | 点评榜单 | 长宁区酸奶鲜奶口味榜第1名 | 10:00营业 | ￥9.9 | ￥24 | 惠 | 4.2折 | 【福利罐罐】100ml希...,ocr/input_videos\上海__尚嘉中心__20260826.mp4
OBS-000119,尚嘉中心,Bund 1936,Bund1936,家具家居,3.7,2600,L3,rated,True,,rated,parsed,rating_anchor,0.9813,0.995,48,1344,22.84,L3 | ★🌟★🌟🌟 | 家具家居￥2600/人 | 3.7,Bund 1936 | Bendl 1936 | L3 | ★🌟★🌟🌟 | 家具家居￥2600/人 | 3.7 | 全新空间亮相，瓷器臻品凝聚匠心美学 | C | eAr | 10:00营业 | 例外咖啡＆书屋 | nhn k | V2人/ | ）,ocr/input_videos\上海__尚嘉中心__20260826.mp4
OBS-000120,尚嘉中心,INIDU·枚奶于1F政奶,INIDU·枚奶于1F政奶,酸奶鲜奶,4.1,32,LG2,rated,True,,rated,parsed,rating_anchor,0.8188,0.638,35,1380,23.451,LG2 | 🌟🌟🌟 | ￥32/人 | 酸奶鲜奶 | 4.1,INIDU·枚奶于1F政奶 | SUmm | LG2 | 🌟🌟🌟 | ￥32/人 | 酸奶鲜奶 | 4.1 | 点评榜单 | 长宁区酸奶鲜奶热门榜第3名 | 10:00营业 | ￥23.56.1折 | ￥39 | 惠 | 【全新升级】姥姥的...,ocr/input_videos\上海__尚嘉中心__20260826.mp4
OBS-000121,尚嘉中心,万仟堂,万仟堂,家饰家纺,3.8,905,LG1,rated,True,,rated,parsed,rating_anchor,0.9809,0.9988,58,1380,23.451,LG1 | 🌟🌟🌟🌟★ | 家饰家纺￥905/人 | 3.8,万仟堂 | EDENUS万仟堂 | LG1 | 🌟🌟🌟🌟★ | 家饰家纺￥905/人 | 3.8 | 茶具送礼佳选，款式独特 | （ | 号 | 10:00营业,ocr/input_videos\上海__尚嘉中心__20260826.mp4
OBS-000122,尚嘉中心,M Stand,MStand,咖啡,3.9,31,商场内,rated,True,,rated,parsed,rating_anchor,0.9619,0.9828,49,1380,23.451,商场内 | ★★★★★ | 咖啡￥31/人 | 3.9,M Stand | 芒果凤梨系列上新 | 商场内 | ★★★★★ | 咖啡￥31/人 | 3.9 | 点评榜单 | 天山咖啡销量榜第8名 | 惠￥27.57.3折 | ￥38 | 【第一次喝】招牌特…..,ocr/input_videos\上海__尚嘉中心__20260826.mp4
OBS-000123,尚嘉中心,YOGREATYOGURT永优酸奶,YOGREATYOGURT永优酸奶,酸奶鲜奶,,20,LG2,new_store,False,new_store,ocr_missing,parsed,metadata_anchor,0.9816,0.9949,48,1380,23.451,LG2 | 新店 | 酸奶鲜奶￥20/人,YOGREATYOGURT永优酸奶 | RATRE | YOORLAF KNE | 升级A2奶源 | LG2 | 新店 | 酸奶鲜奶￥20/人 | 点评榜单 | 长宁区酸奶鲜奶口味榜第1名 | 10:00营业 | ￥9.9 | ￥24 | 4.2折 | 惠 | 【福利罐罐】100ml希.…..,ocr/input_videos\上海__尚嘉中心__20260826.mp4
OBS-000124,尚嘉中心,Bund 1936,Bund1936,家具家居,3.7,2600,L3,rated,True,,rated,parsed,rating_anchor,0.9825,0.9958,48,1380,23.451,家具家居￥2600/人 | L3 | 🌟🌟⭐🌟🌟 | 3.7,Bund 1936 | Bend 1936 | 家具家居￥2600/人 | L3 | 🌟🌟⭐🌟🌟 | 3.7 | 全新空间亮相，瓷器臻品凝聚匠心美学 | 10:00营业 | 例外咖啡＆书屋 | nhn k | V2人/,ocr/input_videos\上海__尚嘉中心__20260826.mp4
OBS-000125,尚嘉中心,Bund 1936,Bund1936,家具家居,3.7,2600,L3,rated,True,,rated,parsed,rating_anchor,0.9832,0.996,52,1476,25.083,🌟🌟🌟💥🌟 | L3 | 3.7 | 家具家居￥2600/人,Bund 1936 | Band 1936 | 🌟🌟🌟💥🌟 | L3 | 3.7 | 家具家居￥2600/人 | 全新空间亮相，瓷器臻品凝聚匠心美学” | S | 10:00营业,ocr/input_videos\上海__尚嘉中心__20260826.mp4
OBS-000126,尚嘉中心,例外咖啡＆书屋,例外咖啡&书屋,咖啡,4.3,36,L2,rated,True,,rated,parsed,rating_anchor,0.9366,0.9356,58,1476,25.083,咖啡￥36/人 | 🌟🌟🌟🌟 | L2 | 4.3,例外咖啡＆书屋 | 咖啡￥36/人 | 🌟🌟🌟🌟 | L2 | 4.3 | 点评榜单 | 天山咖啡热门榜第10名 | 休息中 | ￥186折 | ￥30 | 【特惠】经典美式咖啡.. | 惠 | ￥808折 | ￥100100元代金券 | 惠,ocr/input_videos\上海__尚嘉中心__20260826.mp4
OBS-000127,尚嘉中心,闹茶元纪NEOCHA,闹茶元纪NEOCHA,茶饮果汁,,16,LG2,new_store,False,new_store,ocr_missing,parsed,metadata_anchor,0.9803,0.9965,54,1476,25.083,LG2 | 新店 | 茶饮果汁￥16/人,闹茶元纪NEOCHA | 秋天 | 第一杯 | LG2 | 新店 | 茶饮果汁￥16/人 | 点评榜单 | 天山茶饮果汁新店榜第2名 | 回 | 四 | 俪茶型 | ￥22 | ￥15.87.2折 | 【招牌必喝】法芙娜... | 惠,ocr/input_videos\上海__尚嘉中心__20260826.mp4
OBS-000128,尚嘉中心,CASUCA,CASUCA,家饰家纺,3.8,,L1,rated,True,,rated,parsed,rating_anchor,0.9963,0.9956,49,1476,25.083,L1 | 3.8家饰家纺 | ★★★★★,CASUCA | L1 | 3.8家饰家纺 | ★★★★★ | 10:00营业 | 锡有物种 | Einm,ocr/input_videos\上海__尚嘉中心__20260826.mp4
OBS-000129,尚嘉中心,Bund 1936,Bund1936,家具家居,3.7,2600,L3,rated,True,,rated,parsed,rating_anchor,0.9817,0.9973,49,1500,25.491,⭐⭐🌟★3.7 | 家具家居￥2600/人 | L3,Bund 1936 | Band! 1936 | ⭐⭐🌟★3.7 | 家具家居￥2600/人 | L3 | 全新空间亮相，瓷器臻品凝聚匠心美学 | 4 | . | 10:00营业,ocr/input_videos\上海__尚嘉中心__20260826.mp4
OBS-000130,尚嘉中心,例外咖啡＆书屋,例外咖啡&书屋,咖啡,4.3,36,L2,rated,True,,rated,parsed,rating_anchor,0.9357,0.9454,58,1500,25.491,🌟🌟🌟🎉 | 咖啡￥36/人 | L2 | 4.3,例外咖啡＆书屋 | 🌟🌟🌟🎉 | 咖啡￥36/人 | L2 | 4.3 | 点评榜单 | 天山咖啡热门榜第10名 | 休息中 | ￥186折 | ￥30 | 【特惠】经典美式咖啡... | 惠 | ￥808折 | ￥100100元代金券 | 惠,ocr/input_videos\上海__尚嘉中心__20260826.mp4
OBS-000131,尚嘉中心,闹茶元纪NEOCHA,闹茶元纪NEOCHA,茶饮果汁,,16,LG2,new_store,False,new_store,ocr_missing,parsed,metadata_anchor,0.9807,0.9969,57,1500,25.491,新店 | LG2 | 茶饮果汁￥16/人,闹茶元纪NEOCHA | 秋天 | 新店 | LG2 | 茶饮果汁￥16/人 | 点评榜单 | 天山茶饮果汁新店榜第2名 | 回 | ® | 闹茶 | ￥15.87.2折 | 【招牌必喝】法芙娜. | ￥22 | 惠,ocr/input_videos\上海__尚嘉中心__20260826.mp4
OBS-000132,尚嘉中心,CASUCA,CASUCA,家饰家纺,3.8,,L1,rated,True,,rated,parsed,rating_anchor,0.9442,0.9955,52,1500,25.491,⭐⭐3.8家饰家纺 | L1,CASUCA | ⭐⭐3.8家饰家纺 | L1 | 10:00营业 | 锡有物种,ocr/input_videos\上海__尚嘉中心__20260826.mp4
OBS-000133,尚嘉中心,闹茶元纪NEOCHA,闹茶元纪NEOCHA,茶饮果汁,,16,LG2,new_store,False,new_store,ocr_missing,parsed,metadata_anchor,0.9804,0.9962,55,1596,27.122,新店 | LG2 | 茶饮果汁￥16/人,闹茶元纪NEOCHA | 秋天 | 第一杯 | 新店 | LG2 | 茶饮果汁￥16/人 | 点评榜单 | 天山茶饮果汁新店榜第2名 | 回 | 日 | 闹茶店 | ￥15.87.2折 | ￥22 | 【招牌必喝】法芙娜... | 惠,ocr/input_videos\上海__尚嘉中心__20260826.mp4
OBS-000134,尚嘉中心,CASUCA,CASUCA,家饰家纺,3.8,,L1,rated,True,,rated,parsed,rating_anchor,0.9836,0.9961,48,1596,27.122,3.8家饰家纺 | L1,CASUCA | 3.8家饰家纺 | L1 | 10:00营业,ocr/input_videos\上海__尚嘉中心__20260826.mp4
OBS-000135,尚嘉中心,锡有物种,锡有物种,茶饮果汁,3.9,22,LG2,rated,True,,rated,parsed,rating_anchor,0.983,0.9995,64,1596,27.122,LG2 | 🌟🌟🌟🌟 | 茶饮果汁￥22/人 | 3.9,锡有物种 | C | GoldenYiange | LG2 | 🌟🌟🌟🌟 | 茶饮果汁￥22/人 | 流沙金煌芒 | 3.9 | 点评榜单 | 天山茶饮果汁打卡人气榜第2名 | ￥23.8 | 7.5折 | ￥32 | 【奶粹】Tahiti香草. | 惠,ocr/input_videos\上海__尚嘉中心__20260826.mp4
OBS-000136,尚嘉中心,瑞幸咖啡,瑞幸咖啡,咖啡,3.9,12,LG2,rated,True,,rated,parsed,rating_anchor,0.9639,0.9997,60,1596,27.122,3.9咖啡￥12/人 | LG2,瑞幸咖啡 | 3.9咖啡￥12/人 | LG2 | ￥11.45.7折 | ￥20 | 【瑞门闭眼入】10选1 | 惠,ocr/input_videos\上海__尚嘉中心__20260826.mp4
OBS-000137,尚嘉中心,闹茶元纪NEOCHA,闹茶元纪NEOCHA,茶饮果汁,,16,LG2,new_store,False,new_store,ocr_missing,parsed,metadata_anchor,0.9815,0.9962,54,1644,27.938,LG2 | 新店 | 茶饮果汁￥16/人,闹茶元纪NEOCHA | 秋天 | 第一杯 | LG2 | 新店 | 茶饮果汁￥16/人 | 点评榜单 | 回 | 天山茶饮果汁新店榜第2名 | 回 | 倆茶 | ￥22 | ￥15.87.2折 | 【招牌必喝】法芙娜. | 惠,ocr/input_videos\上海__尚嘉中心__20260826.mp4
OBS-000138,尚嘉中心,CASUCA,CASUCA,家饰家纺,3.8,,L1,rated,True,,rated,parsed,rating_anchor,0.9957,0.9953,51,1644,27.938,🌟🌟🌟🌟⭐ | 3.8家饰家纺 | L1,CASUCA | 🌟🌟🌟🌟⭐ | 3.8家饰家纺 | L1 | 10:00营业,ocr/input_videos\上海__尚嘉中心__20260826.mp4
OBS-000139,尚嘉中心,锡有物种,锡有物种,茶饮果汁,3.9,22,LG2,rated,True,,rated,parsed,rating_anchor,0.9851,0.9995,59,1644,27.938,🌟🌟🌟⭐ | LG2 | 茶饮果汁￥22/人 | 3.9,锡有物种 | GoldenMan | 🌟🌟🌟⭐ | LG2 | 茶饮果汁￥22/人 | 流沙金煌芒 | 3.9 | 点评榜单 | 天山茶饮果汁打卡人气榜第2名 | ￥23.87.5折 | ￥32 | 【奶粹】Tahiti香草. | 惠,ocr/input_videos\上海__尚嘉中心__20260826.mp4
OBS-000140,尚嘉中心,瑞幸咖啡,瑞幸咖啡,咖啡,3.9,12,LG2,rated,True,,rated,parsed,rating_anchor,0.9711,0.9999,60,1644,27.938,3.9咖啡￥12/人 | LG2,瑞幸咖啡 | 3.9咖啡￥12/人 | LG2 | 双杯冰茶清爽登场！ | 适茶 | 器 | ￥20 | 5.7折 | ￥11.4 | 【瑞门闭眼入】10选1 | 惠,ocr/input_videos\上海__尚嘉中心__20260826.mp4
OBS-000141,尚嘉中心,Chubbsafes英国集宝保险柜实体店,Chubbsafes英国集宝保险柜实体店,居家日用,4.6,,LG1,rated,True,,rated,parsed,rating_anchor,0.9681,0.9995,57,1644,27.938,LG1 | ⭐4.6居家日用,Chubbsafes英国集宝保险柜实体店 | Chubbsaf | LG1 | ⭐4.6居家日用 | 10:00营业 | 上楼,ocr/input_videos\上海__尚嘉中心__20260826.mp4
OBS-000142,尚嘉中心,锡有物种,锡有物种,茶饮果汁,3.9,22,LG2,rated,True,,rated,parsed,rating_anchor,0.9839,0.9997,60,1704,28.957,🌟🌟⭐🌟🌟 | LG2 | 茶饮果汁￥22/人 | 3.9,锡有物种 | Cun | GoldeManpn | 🌟🌟⭐🌟🌟 | LG2 | 茶饮果汁￥22/人 | 3.9 | 流沙金煌芒 | 点评榜单 | 天山茶饮果汁打卡人气榜第2名 | ￥32 | ￥23.8 | 7.5折 | 【奶粹】Tahiti香草. | 惠,ocr/input_videos\上海__尚嘉中心__20260826.mp4
OBS-000143,尚嘉中心,瑞幸咖啡,瑞幸咖啡,咖啡,3.9,12,LG2,rated,True,,rated,parsed,rating_anchor,0.9434,0.9999,57,1704,28.957,LG2 | ★3.9咖啡￥12/人,瑞幸咖啡 | LG2 | ★3.9咖啡￥12/人 | 双杯冰茶清爽登场！ | 3 | 务 | ￥20 | ￥11.45.7折 | 【瑞门闭眼入】10选1 | 惠,ocr/input_videos\上海__尚嘉中心__20260826.mp4
OBS-000144,尚嘉中心,Chubbsafes英国集宝保险柜实体店,Chubbsafes英国集宝保险柜实体店,居家日用,4.6,,LG1,rated,True,,rated,parsed,rating_anchor,0.9932,0.9985,53,1704,28.957,4.6居家日用 | LG1,Chubbsafes英国集宝保险柜实体店 | Chubbsaf | 4.6居家日用 | LG1 | 10:00营业,ocr/input_videos\上海__尚嘉中心__20260826.mp4
OBS-000145,尚嘉中心,兴鲜港海鲜大排档,兴鲜港海鲜大排档,海鲜,4.4,148,LG2,rated,True,,rated,parsed,rating_anchor,0.9832,0.9961,56,1704,28.957,4.4海鲜￥148/人 | LG2 | 🌟🌟🌟⭐,兴鲜港海鲜大排档 | 兴鲜港 | 4.4海鲜￥148/人 | LG2 | 🌟🌟🌟⭐ | 顶级盛宴·百姓价格 | 点评榜单 | 天山鱼鲜海鲜热门榜第1名 | 10:00营业 | ￥49.9 | 【尝鲜一人食】海 | 4.3折 | ￥118 | 惠 | ￥757.5折 | ￥100 | 【帮你省薪】100元. | 惠,ocr/input_videos\上海__尚嘉中心__20260826.mp4
OBS-000146,尚嘉中心,锡有物种,锡有物种,茶饮果汁,3.9,22,LG2,rated,True,,rated,parsed,rating_anchor,0.9854,0.9997,60,1740,29.569,🌟🌟🌟🌟 | LG2 | 茶饮果汁￥22/人 | 3.9,锡有物种 | C | GoldeYangn | 🌟🌟🌟🌟 | LG2 | 茶饮果汁￥22/人 | 3.9 | 流沙金煌芒 | 点评榜单 | 天山茶饮果汁打卡人气榜第2名 | ￥32 | ￥23.8 | 7.5折 | 【奶粹】Tahiti香草…. | 惠,ocr/input_videos\上海__尚嘉中心__20260826.mp4
OBS-000147,尚嘉中心,瑞幸咖啡,瑞幸咖啡,咖啡,3.9,12,LG2,rated,True,,rated,parsed,rating_anchor,0.9731,0.9997,56,1740,29.569,LG2 | 3.9咖啡￥12/人,瑞幸咖啡 | LG2 | 3.9咖啡￥12/人 | 双杯冰茶清爽登场！ | 荟 | 话 | E | ￥20 | 【瑞门闭眼入】10选1 | 5.7折 | ￥11.4 | 惠,ocr/input_videos\上海__尚嘉中心__20260826.mp4
OBS-000148,尚嘉中心,Chubbsafes英国集宝保险柜实体店,Chubbsafes英国集宝保险柜实体店,居家日用,4.6,,LG1,rated,True,,rated,parsed,rating_anchor,0.9924,0.9994,53,1740,29.569,4.6居家日用 | LG1,Chubbsafes英国集宝保险柜实体店 | Chubbsaf | 4.6居家日用 | LG1 | 10:00营业,ocr/input_videos\上海__尚嘉中心__20260826.mp4
OBS-000149,尚嘉中心,兴鲜港海鲜大排档,兴鲜港海鲜大排档,海鲜,4.4,148,LG2,rated,True,,rated,parsed,rating_anchor,0.9769,0.9888,56,1740,29.569,LG2 | 4.4海鲜￥148/人 | 🌟🌟🌟🌟,兴鲜港海鲜大排档 | 兴鲜港 | LG2 | 4.4海鲜￥148/人 | 🌟🌟🌟🌟 | 顶级盛宴·百姓价格 | 点评榜单 | 天山鱼鲜海鲜热门榜第1名 | 10:00营业 | ￥49.9 | 4.3折 | ￥118 | 【尝鲜一人食】海. | 惠 | ￥100 | ￥75 | 惠 | 7.5折 | 【帮你省薪】100元..,ocr/input_videos\上海__尚嘉中心__20260826.mp4
OBS-000150,尚嘉中心,锡有物种,锡有物种,茶饮果汁,3.9,22,LG2,rated,True,,rated,parsed,rating_anchor,0.9828,0.9993,55,1764,29.977,LG2 | 🌟🌟🌟🌟🌟 | 茶饮果汁￥22/人 | 3.9,锡有物种 | GoldeYange | LG2 | 🌟🌟🌟🌟🌟 | 茶饮果汁￥22/人 | 流沙金煌芒 | 3.9 | 点评榜单 | 天山茶饮果汁打卡人气榜第2名 | ￥23.8 | ￥32 | 7.5折 | 【奶粹】Tahiti香草. | 惠,ocr/input_videos\上海__尚嘉中心__20260826.mp4
OBS-000151,尚嘉中心,瑞幸咖啡,瑞幸咖啡,咖啡,3.9,12,LG2,rated,True,,rated,parsed,rating_anchor,0.9789,0.9999,57,1764,29.977,⭐🌟3.9 | LG2 | 咖啡￥12/人,瑞幸咖啡 | ⭐🌟3.9 | LG2 | 咖啡￥12/人 | 双杯冰茶清爽登场！ | 适茶 | 码 | 口 | 业 | Cniing | ￥11.4 | ￥20 | 5.7折 | 【瑞门闭眼入】10选1 | 惠,ocr/input_videos\上海__尚嘉中心__20260826.mp4
OBS-000152,尚嘉中心,Chubbsafes英国集宝保险柜实体店,Chubbsafes英国集宝保险柜实体店,居家日用,4.6,,LG1,rated,True,,rated,parsed,rating_anchor,0.9554,0.9993,54,1764,29.977,LG1 | ⭐⭐⭐4.6居家日用,Chubbsafes英国集宝保险柜实体店 | Chubbsaf | LG1 | ⭐⭐⭐4.6居家日用 | 10:00营业,ocr/input_videos\上海__尚嘉中心__20260826.mp4
OBS-000153,尚嘉中心,兴鲜港海鲜大排档,兴鲜港海鲜大排档,海鲜,4.4,148,LG2,rated,True,,rated,parsed,rating_anchor,0.9783,0.9917,54,1764,29.977,LG2 | ★🌟★★ | 4.4海鲜￥148/人 | ★,兴鲜港海鲜大排档 | 兴鲜港 | LG2 | ★🌟★★ | 4.4海鲜￥148/人 | ★ | 顶级盛宴·百姓价格 | 点评榜单 | 天山鱼鲜海鲜热门榜第1名 | 10:00营业 | 4.3折 | ￥118 | ￥49.9 | 惠 | 【尝鲜一人食】海. | ￥757.5折 | ￥100 | 【帮你省薪】100元. | 惠,ocr/input_videos\上海__尚嘉中心__20260826.mp4
OBS-000154,尚嘉中心,鼎泰丰,鼎泰丰,小笼,3.9,150,L3,rated,True,,rated,parsed,rating_anchor,0.9788,0.9997,58,1764,29.977,3.9小笼￥150/人 | ★★★🌟★ | L3,鼎泰丰 | 能态零 | 3.9小笼￥150/人 | ★★★🌟★ | L3 | 点评榜单 | 长宁区小笼热门榜第2名 | 休息中,ocr/input_videos\上海__尚嘉中心__20260826.mp4
OBS-000155,尚嘉中心,Chubbsafes英国集宝保险柜实体店,Chubbsafes英国集宝保险柜实体店,居家日用,4.6,,LG1,rated,True,,rated,parsed,rating_anchor,0.9847,0.9848,47,1788,30.385,LG1 | 4.6居家日用,Chubbsafes英国集宝保险柜实体店 | Chubbsaf | LG1 | 4.6居家日用 | 10:00营业,ocr/input_videos\上海__尚嘉中心__20260826.mp4
OBS-000156,尚嘉中心,兴鲜港海鲜大排档,兴鲜港海鲜大排档,海鲜,4.4,148,LG2,rated,True,,rated,parsed,rating_anchor,0.9726,0.9887,54,1788,30.385,🌟🌟🌟🎉 | LG2 | 海鲜￥148/人 | 4.4 | ★,兴鲜港海鲜大排档 | 兴鲜港 | 🌟🌟🌟🎉 | LG2 | 海鲜￥148/人 | 4.4 | ★ | 顶级盛宴·百姓价格 | 点评榜单 | 天山鱼鲜海鲜热门榜第1名 | 10:00营业 | ￥49.9 | ￥118 | 4.3折 | 惠 | 【尝鲜一人食】海. | ￥757.5折 | 惠 | ￥100 | 【帮你省薪】100元...,ocr/input_videos\上海__尚嘉中心__20260826.mp4
OBS-000157,尚嘉中心,鼎泰丰,鼎泰丰,小笼,3.9,150,L3,rated,True,,rated,parsed,rating_anchor,0.9829,0.9996,61,1788,30.385,🌟🎉🌟⭐ | L3 | 3.9小笼￥150/人,鼎泰丰 | 我春堂 | 🌟🎉🌟⭐ | L3 | 3.9小笼￥150/人 | 点评榜单 | 长宁区小笼热门榜第2名 | 休息中 | ￥25 | ￥187.2折 | 惠 | 【精美小吃】焦糖布丁 | ￥95 | 9.5折 | ￥100100元代金券 | 惠,ocr/input_videos\上海__尚嘉中心__20260826.mp4
OBS-000158,尚嘉中心,ijin艾今,ijin艾今,鞋靴,3.4,,L2,rated,True,,rated,parsed,rating_anchor,0.92,0.8575,68,1788,30.385,🌟★🌟⭐★ | 3.4鞋靴 | L2,ijin艾今 | T | 🌟★🌟⭐★ | 3.4鞋靴 | L2 | 10:00营业,ocr/input_videos\上海__尚嘉中心__20260826.mp4
OBS-000159,尚嘉中心,湾仔小伙台湾鸡排,湾仔小伙台湾鸡排,炸鸡炸串,4.0,23,LG2,rated,True,,rated,parsed,rating_anchor,0.9854,0.9985,54,1788,30.385,4.0炸鸡炸串￥23/人 | LG2 | 🌟🌟🌟🌟 | ★,湾仔小伙台湾鸡排 | 4.0炸鸡炸串￥23/人 | LG2 | 🌟🌟🌟🌟 | ★ | 休息中 | 7.2折 | ￥22.9 | ￥31.9 | 惠 | 爆浆芝士脆皮鸡排..,ocr/input_videos\上海__尚嘉中心__20260826.mp4
OBS-000160,尚嘉中心,Chubbsafes英国集宝保险柜实体店,Chubbsafes英国集宝保险柜实体店,居家日用,4.6,,LG1,rated,True,,rated,parsed,rating_anchor,0.9987,0.9995,57,1824,30.997,LG1 | 🌟🌟🎉🎉🌟 | 4.6居家日用,Chubbsafes英国集宝保险柜实体店 | Chubbsaf | LG1 | 🌟🌟🎉🎉🌟 | 4.6居家日用 | 10:00营业,ocr/input_videos\上海__尚嘉中心__20260826.mp4
OBS-000161,尚嘉中心,兴鲜港海鲜大排档,兴鲜港海鲜大排档,海鲜,4.4,148,LG2,rated,True,,rated,parsed,rating_anchor,0.9765,0.9977,54,1824,30.997,LG2 | 🌟🌟🌟🌟 | 海鲜￥148/人 | 4.4,兴鲜港海鲜大排档 | 兴鲜港 | LG2 | 🌟🌟🌟🌟 | 海鲜￥148/人 | 4.4 | 顶级盛宴·百姓价格 | 点评榜单 | 天山鱼鲜海鲜热门榜第1名 | 10:00营业 | ￥118 | ￥49.9 | 4.3折 | 【尝鲜一人食】海. | 惠 | ￥757.5折 | ￥100 | 惠 | 【帮你省薪】100元…,ocr/input_videos\上海__尚嘉中心__20260826.mp4
OBS-000162,尚嘉中心,鼎泰丰,鼎泰丰,小笼,3.9,150,L3,rated,True,,rated,parsed,rating_anchor,0.9836,0.9997,59,1824,30.997,L3 | 🌟🌟🌟🌟🌟 | 3.9小笼￥150/人,鼎泰丰 | 礼态堂 | L3 | 🌟🌟🌟🌟🌟 | 3.9小笼￥150/人 | 点评榜单 | 长宁区小笼热门榜第2名 | 休息中 | ￥187.2折 | ￥25 | 焦糖布丁 | 惠 | 【精美小吃】 | ￥95 | ￥100100元代金券 | 惠 | 9.5折,ocr/input_videos\上海__尚嘉中心__20260826.mp4
OBS-000163,尚嘉中心,ijin艾今,ijin艾今,鞋靴,3.4,,L2,rated,True,,rated,parsed,rating_anchor,0.8857,0.8921,68,1824,30.997,⭐⭐⭐3.4鞋靴 | L2,ijin艾今 | 硬 | ⭐⭐⭐3.4鞋靴 | L2 | 10:00营业,ocr/input_videos\上海__尚嘉中心__20260826.mp4
OBS-000164,尚嘉中心,湾仔小伙台湾鸡排,湾仔小伙台湾鸡排,炸鸡炸串,4.0,23,LG2,rated,True,,rated,parsed,rating_anchor,0.9766,0.9992,54,1824,30.997,4.0炸鸡炸串￥23/人 | LG2,湾仔小伙台湾鸡排 | 4.0炸鸡炸串￥23/人 | LG2 | 休息中 | 伙 | V31燥奖节十脆皮鸡排 | 22972折 | 車,ocr/input_videos\上海__尚嘉中心__20260826.mp4
OBS-000165,尚嘉中心,ijin艾今,ijin艾今,鞋靴,3.4,,L2,rated,True,,rated,parsed,rating_anchor,0.902,0.9295,71,1896,32.22,⭐⭐3.4鞋靴 | L2,ijin艾今 | ⭐⭐3.4鞋靴 | L2 | 1 | 10:00营业,ocr/input_videos\上海__尚嘉中心__20260826.mp4
OBS-000166,尚嘉中心,湾仔小伙台湾鸡排,湾仔小伙台湾鸡排,炸鸡炸串,4.0,23,LG2,rated,True,,rated,parsed,rating_anchor,0.9829,0.9989,55,1896,32.22,LG2 | 4.0炸鸡炸串￥23/人,湾仔小伙台湾鸡排 | LG2 | 4.0炸鸡炸串￥23/人 | 休息中 | ￥31.9爆浆芝士脆皮鸡排.. | ￥22.9 | 7.2折 | 惠,ocr/input_videos\上海__尚嘉中心__20260826.mp4
OBS-000167,尚嘉中心,伊势百番日式拉面,伊势百番日式拉面,日式简餐/快餐,,43,LG2,new_store,False,new_store,ocr_missing,parsed,metadata_anchor,0.9771,0.9843,55,1896,32.22,新店 | LG2 | 日式简餐/快餐￥43/人,伊势百番日式拉面 | 新店 | LG2 | 日式简餐/快餐￥43/人 | 点评榜单 | 天山日式简餐/快餐新店榜第2名 | 伊势百番-× | 10:30营业 | ￥335.8折 | ￥57 | 惠 | 【本周特价拉面】京都.. | ￥35 | 惠 | 8.8折 | ￥4040元代金券,ocr/input_videos\上海__尚嘉中心__20260826.mp4
OBS-000168,尚嘉中心,FALKE,FALKE,服装,3.2,544,LG1,rated,True,,rated,parsed,rating_anchor,0.9814,0.9961,53,1896,32.22,🌟🌟🌟🌟🌟 | LG1 | 3.2服装￥544/人,FALKE | 🌟🌟🌟🌟🌟 | LG1 | 3.2服装￥544/人 | FALKE | GERMANY1895 | 10:00营业,ocr/input_videos\上海__尚嘉中心__20260826.mp4
OBS-000169,尚嘉中心,外物食樘,外物食樘,甜品,4.2,53,L3,rated,True,,rated,parsed,rating_anchor,0.9374,0.9257,60,1896,32.22,甜品￥53/人 | L3 | 🌟🌟⭐🌟 | 4.2 | ★,外物食樘 | 甜品￥53/人 | L3 | 🌟🌟⭐🌟 | 4.2 | ★,ocr/input_videos\上海__尚嘉中心__20260826.mp4
OBS-000170,尚嘉中心,ijin艾今,ijin艾今,鞋靴,3.4,,L2,rated,True,,rated,parsed,rating_anchor,0.9378,0.9366,70,1920,32.628,⭐3.4鞋靴 | L2,ijin艾今 | ⭐3.4鞋靴 | L2 | 10:00营业,ocr/input_videos\上海__尚嘉中心__20260826.mp4
OBS-000171,尚嘉中心,湾仔小伙台湾鸡排,湾仔小伙台湾鸡排,炸鸡炸串,4.0,23,LG2,rated,True,,rated,parsed,rating_anchor,0.9715,0.9989,54,1920,32.628,LG2 | 4.0炸鸡炸串￥23/人,湾仔小伙台湾鸡排 | LG2 | 4.0炸鸡炸串￥23/人 | 休息中 | ￥22.9 | 7.2折 | 惠 | ￥31.9爆浆芝士脆皮鸡排...,ocr/input_videos\上海__尚嘉中心__20260826.mp4
OBS-000172,尚嘉中心,伊势百番日式拉面,伊势百番日式拉面,日式简餐/快餐,,43,LG2,new_store,False,new_store,ocr_missing,parsed,metadata_anchor,0.9778,0.986,54,1920,32.628,LG2 | 新店 | 日式简餐/快餐￥43/人,伊势百番日式拉面 | LG2 | 新店 | 日式简餐/快餐￥43/人 | 点评榜单 | 天山日式简餐/快餐新店榜第2名 | 伊势百番ラ× | 10:30营业 | ￥335.8折 | ￥57 | 【本周特价拉面】京都.. | 惠 | ￥358.8折 | ￥4040元代金券 | 惠,ocr/input_videos\上海__尚嘉中心__20260826.mp4
OBS-000173,尚嘉中心,FALKE,FALKE,服装,3.2,544,LG1,rated,True,,rated,parsed,rating_anchor,0.9773,0.9974,54,1920,32.628,3.2服装￥544/人 | LG1,FALKE | 3.2服装￥544/人 | LG1 | FA L KE | GERMANY1895 | 10:00营业,ocr/input_videos\上海__尚嘉中心__20260826.mp4
OBS-000174,尚嘉中心,外物食樘,外物食樘,甜品,4.2,53,L3,rated,True,,rated,parsed,rating_anchor,0.9098,0.8761,57,1920,32.628,L3 | ⭐🌟🌟⭐ | 甜品￥53/人 | 4.2 | ★,外物食樘 | 外物食控 | WATWU SWEET SHOP | L3 | ⭐🌟🌟⭐ | 甜品￥53/人 | 4.2 | ★ | 点评榜单 | 天山甜品口味榜第3名 | 10:00营业 | ￥17.9 | ￥20 | 9折 | 惠 | 【招牌推荐】招牌黑..,ocr/input_videos\上海__尚嘉中心__20260826.mp4
OBS-000175,尚嘉中心,ijin艾今,ijin艾今,鞋靴,3.4,,L2,rated,True,,rated,parsed,rating_anchor,0.9124,0.9378,71,1944,33.036,⭐⭐3.4鞋靴 | L2,ijin艾今 | 动 | ⭐⭐3.4鞋靴 | L2 | 10:00营业,ocr/input_videos\上海__尚嘉中心__20260826.mp4
OBS-000176,尚嘉中心,湾仔小伙台湾鸡排,湾仔小伙台湾鸡排,炸鸡炸串,4.0,23,LG2,rated,True,,rated,parsed,rating_anchor,0.9818,0.9988,54,1944,33.036,LG2 | 🌟🌟🌟🎉 | 4.0炸鸡炸串￥23/人 | ★,湾仔小伙台湾鸡排 | LG2 | 🌟🌟🌟🎉 | 4.0炸鸡炸串￥23/人 | ★ | 休息中 | ￥22.9 | 7.2折 | ￥31.9爆浆芝士脆皮鸡排.. | 惠,ocr/input_videos\上海__尚嘉中心__20260826.mp4
OBS-000177,尚嘉中心,伊势百番日式拉面,伊势百番日式拉面,日式简餐/快餐,,43,LG2,new_store,False,new_store,ocr_missing,parsed,metadata_anchor,0.9759,0.9837,54,1944,33.036,新店 | LG2 | 日式简餐/快餐￥43/人,伊势百番日式拉面 | 新店 | LG2 | 日式简餐/快餐￥43/人 | 点评榜单 | 天山日式简餐/快餐新店榜第2名 | 伊势百番-× | 10:30营业 | ￥335.8折 | ￥57 | 惠 | 【本周特价拉面】京都... | ￥35 | ￥4040元代金券 | 8.8折 | 惠,ocr/input_videos\上海__尚嘉中心__20260826.mp4
OBS-000178,尚嘉中心,FALKE,FALKE,服装,3.2,544,LG1,rated,True,,rated,parsed,rating_anchor,0.9753,0.9978,53,1944,33.036,3.2服装￥544/人 | LG1,FALKE | 3.2服装￥544/人 | LG1 | F | E | A | GERMANY1895 | 10:00营业,ocr/input_videos\上海__尚嘉中心__20260826.mp4
OBS-000179,尚嘉中心,外物食樘,外物食樘,甜品,4.2,53,L3,rated,True,,rated,parsed,rating_anchor,0.9415,0.9381,60,1944,33.036,🌟🌟🌟⭐ | L3 | 甜品￥53/人 | 4.2,外物食樘 | 外验食控 | WAI WUSWEET SHOP | 🌟🌟🌟⭐ | L3 | 甜品￥53/人 | 4.2 | 点评榜单 | 天山甜品口味榜第3名 | 10:00营业 | ￥17.9 | ￥20 | 9折 | 惠 | 【招牌推荐】招牌黑….,ocr/input_videos\上海__尚嘉中心__20260826.mp4
OBS-000180,尚嘉中心,湾仔小伙台湾鸡排,湾仔小伙台湾鸡排,炸鸡炸串,4.0,23,LG2,rated,True,,rated,parsed,rating_anchor,0.9733,0.9769,54,1980,33.648,4.0炸鸡炸串￥23/人 | LG2 | 🌟🌟🌟⭐⭐,湾仔小伙台湾鸡排 | 4.0炸鸡炸串￥23/人 | LG2 | 🌟🌟🌟⭐⭐ | 休息中 | ￥22.9 | 7.2折 | 惠 | ￥31.9爆浆芝士脆皮鸡排...,ocr/input_videos\上海__尚嘉中心__20260826.mp4
OBS-000181,尚嘉中心,伊势百番日式拉面,伊势百番日式拉面,日式简餐/快餐,,43,LG2,new_store,False,new_store,ocr_missing,parsed,metadata_anchor,0.9782,0.9915,54,1980,33.648,LG2 | 新店 | 日式简餐/快餐￥43/人,伊势百番日式拉面 | LG2 | 新店 | 日式简餐/快餐￥43/人 | 点评榜单 | 天山日式简餐/快餐新店榜第2名 | 伊势百=-× | 10:30营业 | ￥57 | ￥33 | 5.8折 | 【本周特价拉面】京都.. | 惠 | ￥35 | 8.8折 | ￥4040元代金券 | 惠,ocr/input_videos\上海__尚嘉中心__20260826.mp4
OBS-000182,尚嘉中心,FALKE,FALKE,服装,3.2,544,LG1,rated,True,,rated,parsed,rating_anchor,0.9827,0.9974,46,1980,33.648,🌟🌟🎉 | LG1 | ⭐⭐ | 3.2服装￥544/人,FALKE | 🌟🌟🎉 | LG1 | ⭐⭐ | 3.2服装￥544/人 | E | F | GERMANY1896 | 10:00营业,ocr/input_videos\上海__尚嘉中心__20260826.mp4
OBS-000183,尚嘉中心,外物食檔,外物食档,甜品,4.2,53,L3,rated,True,,rated,parsed,rating_anchor,0.9118,0.8801,55,1980,33.648,L3 | 🌟🌟🌟🌟 | 甜品￥53/人 | 4.2,外物食檔 | 外物食禮 | WAI WU SWEET SHOP | L3 | 🌟🌟🌟🌟 | 甜品￥53/人 | 4.2 | 点评榜单 | 天山甜品口味榜第3名 | 10:00营业 | ￥17.9 | 9折 | ￥20 | 【招牌推荐】招牌黑. | 惠,ocr/input_videos\上海__尚嘉中心__20260826.mp4
OBS-000184,尚嘉中心,黔来锋烫耙菜·贵州烫菜,黔来锋烫耙菜·贵州烫菜,快餐简餐,3.9,29,LG2,rated,True,,rated,parsed,rating_anchor,0.9762,0.9955,57,1980,33.648,⭐🌟3.9 | 快餐简餐￥29/人 | LG2,黔来锋烫耙菜·贵州烫菜 | 蔬菜“现”烫 | 搭配責州蘸水 | ⭐🌟3.9 | 快餐简餐￥29/人 | LG2,ocr/input_videos\上海__尚嘉中心__20260826.mp4
OBS-000185,尚嘉中心,FALKE,FALKE,服装,3.2,544,LG1,rated,True,,rated,parsed,rating_anchor,0.9768,0.998,53,2004,34.056,3.2服装￥544/人 | LG1,FALKE | 3.2服装￥544/人 | LG1 | F | ＡＬKＥ | GERMANY1895 | 10:00营业,ocr/input_videos\上海__尚嘉中心__20260826.mp4
OBS-000186,尚嘉中心,外物食樘,外物食樘,甜品,4.2,53,L3,rated,True,,rated,parsed,rating_anchor,0.9168,0.8724,57,2004,34.056,🌟🌟⭐🌟 | 4.2甜品￥53/人 | L3 | ★,外物食樘 | 外验食控 | WAI WU SWEET SHOP | 🌟🌟⭐🌟 | 4.2甜品￥53/人 | L3 | ★ | 点评榜单 | 天山甜品口味榜第3名 | 10:00营业 | ￥17.99折 | ￥20 | 惠 | 【招牌推荐】招牌黑..,ocr/input_videos\上海__尚嘉中心__20260826.mp4
OBS-000187,尚嘉中心,黔来锋烫耙菜·贵州烫菜,黔来锋烫耙菜·贵州烫菜,快餐简餐,3.9,29,LG2,rated,True,,rated,parsed,rating_anchor,0.9699,0.9923,55,2004,34.056,3.9快餐简餐￥29/人 | LG2,"黔来锋烫耙菜·贵州烫菜 | 蔬菜“现""烫 | 搭配貴州臨水 | 3.9快餐简餐￥29/人 | LG2 | 10:30营业 | ￥25.3 | 6.9折 | ￥37 | 惠 | 【健康轻食】高蛋白.",ocr/input_videos\上海__尚嘉中心__20260826.mp4
OBS-000188,尚嘉中心,DOLOMIA杜勒米亚,DOLOMIA杜勒米亚,家饰家纺,3.9,2781,L3,rated,True,,rated,parsed,rating_anchor,0.975,0.997,54,2004,34.056,3.9家饰家纺￥2781/人 | L3,DOLOMIA杜勒米亚 | OOLOMIA | 3.9家饰家纺￥2781/人 | L3 | 10:00营业,ocr/input_videos\上海__尚嘉中心__20260826.mp4
OBS-000189,尚嘉中心,华国隆烧腊皇,华国隆烧腊皇,快餐简餐,3.9,31,LG2,rated,True,,rated,parsed,rating_anchor,0.9715,0.9998,55,2004,34.056,LG2 | 3.9快餐简餐￥31/人,华国隆烧腊皇 | 華国隆·烧聯皇 | 金奖 | LG2 | 3.9快餐简餐￥31/人 | 烧鹅 | 回味无穷的老广回忆 | A2 | 理,ocr/input_videos\上海__尚嘉中心__20260826.mp4
OBS-000190,尚嘉中心,FALKE,FALKE,服装,3.2,544,LG1,rated,True,,rated,parsed,rating_anchor,0.9816,0.998,53,2040,34.667,3.2服装￥544/人 | LG1,FALKE | 3.2服装￥544/人 | LG1 | ＡＬKＥ | F | GERMANY1895 | 10:00营业,ocr/input_videos\上海__尚嘉中心__20260826.mp4
OBS-000191,尚嘉中心,外物食樘,外物食樘,甜品,4.2,53,L3,rated,True,,rated,parsed,rating_anchor,0.9199,0.9047,63,2040,34.667,🌟🌟💥⭐ | L3 | 甜品￥53/人 | 4.2 | ★,外物食樘 | 外物食 | SHOP | WAI WU SWEET | 🌟🌟💥⭐ | L3 | 甜品￥53/人 | 4.2 | ★ | 点评榜单 | 天山甜品口味榜第3名 | 10:00营业 | 9折 | ￥17.9 | ￥20 | 惠 | 【招牌推荐】招牌黑..,ocr/input_videos\上海__尚嘉中心__20260826.mp4
OBS-000192,尚嘉中心,黔来锋烫耙菜·贵州烫菜,黔来锋烫耙菜·贵州烫菜,快餐简餐,3.9,29,LG2,rated,True,,rated,parsed,rating_anchor,0.9687,0.9925,54,2040,34.667,LG2 | 3.9快餐简餐￥29/人,"黔来锋烫耙菜·贵州烫菜 | 蔬菜""现""烫 | 搭配贵州蘸水 | LG2 | 3.9快餐简餐￥29/人 | 10:30营业 | ￥25.36.9折 | ￥37 | 【健康轻食】高蛋白.. | 惠",ocr/input_videos\上海__尚嘉中心__20260826.mp4
OBS-000193,尚嘉中心,DOLOMIA杜勒米亚,DOLOMIA杜勒米亚,家饰家纺,3.9,2781,L3,rated,True,,rated,parsed,rating_anchor,0.9784,0.9976,51,2040,34.667,3.9家饰家纺￥2781/人 | L3,DOLOMIA杜勒米亚 | DOLOMIA | 3.9家饰家纺￥2781/人 | L3 | 10:00营业,ocr/input_videos\上海__尚嘉中心__20260826.mp4
OBS-000194,尚嘉中心,华国隆烧腊皇,华国隆烧腊皇,快餐简餐,3.9,31,LG2,rated,True,,rated,parsed,rating_anchor,0.9738,0.9996,55,2040,34.667,LG2 | 3.9快餐简餐￥31/人,华国隆·烧照皇 | 华国隆烧腊皇 | 金奖 | LG2 | 3.9快餐简餐￥31/人 | 烧鹅 | 回味穷的回忆” | “ | 润 | 轮 | ￥327.3折 | ￥44 | 【港式经典】明炉古法.. | 惠,ocr/input_videos\上海__尚嘉中心__20260826.mp4
OBS-000195,尚嘉中心,FALKE,FALKE,服装,3.2,544,LG1,rated,True,,rated,parsed,rating_anchor,0.9764,0.998,50,2088,35.483,3.2服装￥544/人 | LG1,FALKE | 3.2服装￥544/人 | LG1 | ＡＬK | F | E | GERMANY1896 | 10:00营业,ocr/input_videos\上海__尚嘉中心__20260826.mp4
OBS-000196,尚嘉中心,外物食樘,外物食樘,甜品,4.2,53,L3,rated,True,,rated,parsed,rating_anchor,0.9347,0.9205,57,2088,35.483,🌟🌟🎉⭐ | L3 | 甜品￥53/人 | 4.2,外物食樘 | 外物食检 | WAI WU SWEET SHOD | 🌟🌟🎉⭐ | L3 | 甜品￥53/人 | 4.2 | 点评榜单 | 天山甜品口味榜第3名 | 10:00营业 | ￥17.9 | 9折 | ￥20 | 惠 | 【招牌推荐】招牌黑..,ocr/input_videos\上海__尚嘉中心__20260826.mp4
OBS-000197,尚嘉中心,黔来锋烫耙菜·贵州烫菜,黔来锋烫耙菜·贵州烫菜,快餐简餐,3.9,29,LG2,rated,True,,rated,parsed,rating_anchor,0.973,0.9947,55,2088,35.483,3.9快餐简餐￥29/人 | LG2,"黔来锋烫耙菜·贵州烫菜 | 蔬菜""现""烫 | 搭配貴州蘸水 | 3.9快餐简餐￥29/人 | LG2 | 10:30营业 | ￥25.3 | ￥37 | 6.9折 | 惠 | 【健康轻食】高蛋白..",ocr/input_videos\上海__尚嘉中心__20260826.mp4
OBS-000198,尚嘉中心,DOLOMIA杜勒米亚,DOLOMIA杜勒米亚,家饰家纺,3.9,2781,L3,rated,True,,rated,parsed,rating_anchor,0.971,0.9964,54,2088,35.483,⭐🌟⭐🌟⭐3.9 | 家饰家纺￥2781/人 | L3,DOLOMIA杜勒米亚 | OOLOMIA | ⭐🌟⭐🌟⭐3.9 | 家饰家纺￥2781/人 | L3 | 10:00营业,ocr/input_videos\上海__尚嘉中心__20260826.mp4
OBS-000199,尚嘉中心,华国隆烧腊皇,华国隆烧腊皇,快餐简餐,3.9,31,LG2,rated,True,,rated,parsed,rating_anchor,0.9772,0.9998,58,2088,35.483,LG2 | 3.9快餐简餐￥31/人,华国隆烧腊皇 | 华国隆·焕照皇 | 金奖 | LG2 | 3.9快餐简餐￥31/人 | 烧鹅 | 回味无穷的老回忆” | 助养 | 拉 | ￥327.3折 | ￥44 | 惠 | 【港式经典】明炉古法...,ocr/input_videos\上海__尚嘉中心__20260826.mp4
OBS-000200,尚嘉中心,黔来锋烫耙菜·贵州烫菜,黔来锋烫耙菜·贵州烫菜,快餐简餐,3.9,29,LG2,rated,True,,rated,parsed,rating_anchor,0.9678,0.99,55,2136,36.299,LG2 | 3.9快餐简餐￥29/人,"黔来锋烫耙菜·贵州烫菜 | 蔬菜""现""烫 | 搭配贵州蘸水 | LG2 | 3.9快餐简餐￥29/人 | 10:30营业 | ￥25.3 | 6.9折 | ￥37 | 惠 | 【健康轻食】高蛋白...",ocr/input_videos\上海__尚嘉中心__20260826.mp4
OBS-000201,尚嘉中心,DOLOMIA杜勒米亚,DOLOMIA杜勒米亚,家饰家纺,3.9,2781,L3,rated,True,,rated,parsed,rating_anchor,0.9746,0.9979,51,2136,36.299,3.9家饰家纺￥2781/人 | L3,DOLOMIA杜勒米亚 | KIN | DOLOMIA | 品 | 3.9家饰家纺￥2781/人 | L3 | 10:00营业,ocr/input_videos\上海__尚嘉中心__20260826.mp4
OBS-000202,尚嘉中心,华国隆烧腊皇,华国隆烧腊皇,快餐简餐,3.9,31,LG2,rated,True,,rated,parsed,rating_anchor,0.9795,0.9998,56,2136,36.299,LG2 | 🌟🌟⭐🌟⭐3.9 | 快餐简餐￥31/人,華国隆·焕照皇， | 华国隆烧腊皇 | 金将 | LG2 | 🌟🌟⭐🌟⭐3.9 | 快餐简餐￥31/人 | 回味无穷的回忆 | “ | lare | ￥327.3折 | 【港式经典】明炉古法.. | ￥44 | 惠,ocr/input_videos\上海__尚嘉中心__20260826.mp4
OBS-000203,尚嘉中心,陈李济居家派食养工坊,陈李济居家派食养工坊,滋补品,3.9,,LG2,rated,True,,rated,parsed,rating_anchor,0.9892,0.9972,55,2136,36.299,3.9滋补品66/人 | LG2,陈李济居家派食养工坊 | 3.9滋补品66/人 | LG2 | 居家派 | 食养工坊 | 10:00营业 | ￥9.9 | 5.9折 | ￥17 | 惠 | 【超实惠】特级新疆... | ￥95 | ￥100100元代金券 | 惠 | 9.5折,ocr/input_videos\上海__尚嘉中心__20260826.mp4
OBS-000204,尚嘉中心,黔来锋烫耙菜·贵州烫菜,黔来锋烫耙菜·贵州烫菜,快餐简餐,3.9,29,LG2,rated,True,,rated,parsed,rating_anchor,0.9728,0.9937,54,2196,37.318,3.9快餐简餐￥29/人 | LG2,"黔来锋烫耙菜·贵州烫菜 | 蔬菜“现""烫 | 搭配貴州蘸水 | 3.9快餐简餐￥29/人 | LG2 | 10:30营业 | ￥25.3 | 6.9折 | ￥37 | 惠 | 【健康轻食】高蛋白...",ocr/input_videos\上海__尚嘉中心__20260826.mp4
OBS-000205,尚嘉中心,DOLOMIA杜勒米亚,DOLOMIA杜勒米亚,家饰家纺,3.9,2781,L3,rated,True,,rated,parsed,rating_anchor,0.9762,0.9982,48,2196,37.318,3.9家饰家纺￥2781/人 | L3,DOLOMIA杜勒米亚 | KIN | DOLOMIA | 3.9家饰家纺￥2781/人 | L3 | 10:00营业,ocr/input_videos\上海__尚嘉中心__20260826.mp4
OBS-000206,尚嘉中心,华国隆烧腊皇,华国隆烧腊皇,快餐简餐,3.9,31,LG2,rated,True,,rated,parsed,rating_anchor,0.9783,0.9994,55,2196,37.318,LG2 | 🌟🌟🌟⭐3.9 | 快餐简餐￥31/人,華国隆·燒照皇 | 华国隆烧腊皇 | 金将 | LG2 | 🌟🌟🌟⭐3.9 | 快餐简餐￥31/人 | 回味无穷的老广回忆 | “ | 内 | ￥327.3折 | 【港式经典】明炉古法... | ￥44 | 惠,ocr/input_videos\上海__尚嘉中心__20260826.mp4
OBS-000207,尚嘉中心,陈李济居家派食养工坊,陈李济居家派食养工坊,滋补品,3.9,66,LG2,rated,True,,rated,parsed,rating_anchor,0.9654,0.9977,55,2196,37.318,LG2 | 3.9滋补品￥66/人,陈李济居家派食养工坊 | LG2 | 3.9滋补品￥66/人 | 居家派 | 食养工坊 | 10:00营业 | 5.9折 | ￥9.9 | ￥17 | 惠 | 【超实惠】特级新疆... | ￥95 | ￥100100元代金券 | 惠 | 9.5折,ocr/input_videos\上海__尚嘉中心__20260826.mp4
OBS-000208,尚嘉中心,华国隆院脂全,华国隆院脂全,快餐简餐,3.9,31,LG2,rated,True,,rated,parsed,rating_anchor,0.7817,0.6069,34,2220,37.726,LG2 | 🌟🌟🌟🌟🌟 | 快餐简餐￥31/人 | 3.9,金奖 | 华国隆院脂全 | LG2 | 🌟🌟🌟🌟🌟 | 快餐简餐￥31/人 | 3.9 | 烧鹅 | 回味无穷的回忆” | C | 鸡西 | O | ￥327.3折 | ￥44 | 【港式经典】明炉古法... | 惠,ocr/input_videos\上海__尚嘉中心__20260826.mp4
OBS-000209,尚嘉中心,陈李济居家派食养工坊,陈李济居家派食养工坊,滋补品,3.9,66,LG2,rated,True,,rated,parsed,rating_anchor,0.9699,0.9978,55,2220,37.726,⭐🌟3.9 | LG2 | 滋补品￥66/人,陈李济居家派食养工坊 | ⭐🌟3.9 | LG2 | 滋补品￥66/人 | LLAPA | 居家派 | 食养工坊 | 10:00营业 | 5.9折 | ￥17 | ￥9.9 | 惠 | 【超实惠】特级新疆... | ￥95 | 9.5折 | ￥100100元代金券 | 惠,ocr/input_videos\上海__尚嘉中心__20260826.mp4
OBS-000210,尚嘉中心,I·T,I·T,服装,4.0,,商场内,rated,True,,rated,parsed,rating_anchor,0.8868,0.7738,52,2220,37.726,🌟🌟🌟⭐ | 服装 | 商场内 | 4.0,I·T | 🌟🌟🌟⭐ | 服装 | 商场内 | 4.0 | 点评榜单 | 天山服装热门榜第2名 | 休息中,ocr/input_videos\上海__尚嘉中心__20260826.mp4
OBS-000211,尚嘉中心,AN18鸡汤煮,AN18鸡汤煮,其他中餐,,,LG2,new_store,False,new_store,ocr_missing,parsed,metadata_anchor,0.9996,0.9993,55,2220,37.726,新店 | 其他中餐 | LG2,AN18鸡汤煮 | 新店 | 其他中餐 | LG2 | sbisd业 | ￥39.9 | 5.2折 | ￥77.9 | 惠 | 【山珍菌皇】单人餐,ocr/input_videos\上海__尚嘉中心__20260826.mp4
OBS-000212,尚嘉中心,和食万象·日本料理,和食万象·日本料理,日式简,3.5,34,商场内,rated,True,,rated,parsed,rating_anchor,0.8834,0.9843,55,2220,37.726,⭐⭐⭐⭐3.5日式简 | ￥34/人商场内,和食万象·日本料理 | ⭐⭐⭐⭐3.5日式简 | ￥34/人商场内 | 10:00营业 | ￥27.9 | 惠 | 【日式经典】 | 6.5折 | ￥43 | 照烧鸡.,ocr/input_videos\上海__尚嘉中心__20260826.mp4
OBS-000213,尚嘉中心,陈李济居家派食养工坊,陈李济居家派食养工坊,滋补品,3.9,66,LG2,rated,True,,rated,parsed,rating_anchor,0.9709,0.9964,55,2256,38.338,⭐🌟🌟3.9 | 滋补品￥66/人 | LG2,陈李济居家派食养工坊 | ⭐🌟🌟3.9 | 滋补品￥66/人 | LG2 | 居家派 | 食养工坊 | 10:00营业 | ￥17 | 5.9折 | ￥9.9 | 惠 | 【超实惠】特级新疆... | ￥959.5折 | ￥100100元代金券 | 惠,ocr/input_videos\上海__尚嘉中心__20260826.mp4
OBS-000214,尚嘉中心,I·T,I·T,服装,4.0,,商场内,rated,True,,rated,parsed,rating_anchor,0.9267,0.8535,52,2256,38.338,⭐🌟⭐⭐ | 商场内 | 服装 | 4.0 | ★,I·T | ⭐🌟⭐⭐ | 商场内 | 服装 | 4.0 | ★ | 点评榜单 | 天山服装热门榜第2名 | 休息中,ocr/input_videos\上海__尚嘉中心__20260826.mp4
OBS-000215,尚嘉中心,AN18鸡汤煮,AN18鸡汤煮,其他中餐,,,LG2,new_store,False,new_store,ocr_missing,parsed,metadata_anchor,0.9995,0.9991,58,2256,38.338,新店 | 其他中餐 | LG2,AN18鸡汤煮 | 新店 | 其他中餐 | LG2 | chicken | 10:30营业 | ￥77.9 | ￥39.9 | 5.2折 | 惠 | 【山珍菌皇】单人餐,ocr/input_videos\上海__尚嘉中心__20260826.mp4
OBS-000216,尚嘉中心,和食万象·日本料理,和食万象·日本料理,日式简,3.5,34,商场内,rated,True,,rated,parsed,rating_anchor,0.9468,0.9819,54,2256,38.338,⭐⭐3.5日式简 | ￥34/人商场内,和食万象·日本料理 | ⭐⭐3.5日式简 | ￥34/人商场内 | 10:00营业 | ￥43 | ￥27.9 | 6.5折 | 【日式经典】只 | 照烧鸡.. | 惠,ocr/input_videos\上海__尚嘉中心__20260826.mp4
OBS-000217,尚嘉中心,左右艺术超市,左右艺术超市,古玩字画,4.4,,LG1,rated,True,,rated,parsed,rating_anchor,0.9989,0.9981,56,2256,38.338,🌟🌟⭐ | LG1 | 4.4 | 古玩字画 | ★,左右艺术超市 | 🌟🌟⭐ | LG1 | 4.4 | 古玩字画 | ★ | 设计感强，门口有坐垫有钱花 | 10:00营业,ocr/input_videos\上海__尚嘉中心__20260826.mp4
OBS-000218,尚嘉中心,和食万象·日本料理,和食万象·日本料理,日式简,3.5,,商场内,rated,True,,rated,parsed,rating_anchor,0.9217,0.9843,54,2340,39.766,⭐⭐⭐3.5日式简 | ￥34/商场内,和食万象·日本料理 | ⭐⭐⭐3.5日式简 | ￥34/商场内 | 业 | 10:00营业 | ￥43 | ￥27.9 | 6.5折 | 【日式经典】照烧鸡... | 惠,ocr/input_videos\上海__尚嘉中心__20260826.mp4
OBS-000219,尚嘉中心,左右艺术超市,左右艺术超市,古玩字画,4.4,,LG1,rated,True,,rated,parsed,rating_anchor,0.9985,0.9981,55,2340,39.766,LG1 | 🌟🌟🌟🌟 | 4.4古玩字画 | ★,左右艺术超市 | LG1 | 🌟🌟🌟🌟 | 4.4古玩字画 | ★ | 设计感强，门口有坐垫有钱花 | 10:00营业,ocr/input_videos\上海__尚嘉中心__20260826.mp4
OBS-000220,尚嘉中心,万大喜·广西白切,万大喜·广西白切,快餐简餐,,35,LG2,new_store,False,new_store,ocr_missing,parsed,metadata_anchor,0.9676,0.9775,54,2340,39.766,LG2 | 新店 | 快餐简餐￥35/人,万大喜·广西白切 | LG2 | 新店 | 快餐简餐￥35/人 | 点评榜单 | 天山小吃快餐新店榜第8名 | 万大喜 | WA0:30营业切 | ￥299.1折 | ￥32 | 【招牌甄选】白切隔山….. | 惠 | ￥28 | 9.4折 | ￥3030元代金券 | 惠,ocr/input_videos\上海__尚嘉中心__20260826.mp4
OBS-000221,尚嘉中心,釜大班·韩国炸酱面专门店,釜大班·韩国炸酱面专门店,韩式小吃,,29,LG2,new_store,False,new_store,ocr_missing,parsed,metadata_anchor,0.979,0.9931,57,2340,39.766,新店 | LG2 | 韩式小吃￥29/人,釜大班·韩国炸酱面专门店 | 新店 | LG2 | 韩式小吃￥29/人 | 釜大班 | 点评榜单 | 早 | 上海韩式小吃新店榜第5名 | 国理2 | ￥29.86.2折 | 惠 | ￥48.2 | 【招牌】一品炸酱.,ocr/input_videos\上海__尚嘉中心__20260826.mp4
OBS-000222,尚嘉中心,MINIONM点,MINIONM点,其他中餐,,,LG2,new_store,False,new_store,ocr_missing,parsed,metadata_anchor,0.7409,0.482,34,2352,39.969,新店 | LG2 | 其他中餐,MINIONM点 | 新店 | LG2 | 其他中餐 | sbisder | ￥77.9 | ￥39.9 | 【山珍菌皇】单人餐 | 5.2折 | 惠,ocr/input_videos\上海__尚嘉中心__20260826.mp4
OBS-000223,尚嘉中心,和食万象·日本料理,和食万象·日本料理,日式简,3.5,34,商场内,rated,True,,rated,parsed,rating_anchor,0.9171,0.9804,51,2352,39.969,⭐⭐⭐3.5日式简 | ￥34/人商场内,和食万象·日本料理 | ⭐⭐⭐3.5日式简 | ￥34/人商场内 | 10:00营业 | 【日式经典】照烧鸡. | ￥27.9 | 6.5折 | ￥43 | 惠,ocr/input_videos\上海__尚嘉中心__20260826.mp4
OBS-000224,尚嘉中心,左右艺术超市,左右艺术超市,古玩字画,4.4,,LG1,rated,True,,rated,parsed,rating_anchor,0.9966,0.9936,52,2352,39.969,LG1 | 🌟🌟🌟 | 古玩字画 | 4.4 | ★,左右艺术超市 | LG1 | 🌟🌟🌟 | 古玩字画 | 4.4 | ★ | 设计感强，门口有坐垫有钱花 | 10:00营业,ocr/input_videos\上海__尚嘉中心__20260826.mp4
OBS-000225,尚嘉中心,万大喜·广西白切,万大喜·广西白切,快餐简餐,,35,LG2,new_store,False,new_store,ocr_missing,parsed,metadata_anchor,0.975,0.9946,60,2352,39.969,新店 | LG2 | 快餐简餐￥35/人,万大喜·广西白切 | 新店 | LG2 | 快餐简餐￥35/人 | 点评榜单 | 天山小吃快餐新店榜第8名 | 万大喜 | W10:30营业切 | 惠 | ￥29 | ￥32 | 9.1折 | 白切隔山…. | 【招牌甄选】 | ￥28 | 惠 | 9.4折 | ￥30 | 30元代金券,ocr/input_videos\上海__尚嘉中心__20260826.mp4
OBS-000226,尚嘉中心,釜大班·韩国炸酱面专门店,釜大班·韩国炸酱面专门店,韩式小吃,,29,LG2,new_store,False,new_store,ocr_missing,parsed,metadata_anchor,0.9768,0.9907,57,2352,39.969,LG2 | 新店 | 韩式小吃￥29/人,釜大班·韩国炸酱面专门店 | LG2 | 新店 | 韩式小吃￥29/人 | 釜大班 | 点评榜单 | 上海韩式小吃新店榜第5名 | 转国料理 | ￥29.86.2折 | ￥48.2 | 【招牌】一品炸酱…. | 惠,ocr/input_videos\上海__尚嘉中心__20260826.mp4
OBS-000227,尚嘉中心,AN18鸡汤煮,AN18鸡汤煮,其他中餐,,,LG2,new_store,False,new_store,ocr_missing,parsed,metadata_anchor,0.9996,0.9993,52,2400,40.785,新店 | 其他中餐 | LG2,AN18鸡汤煮 | 新店 | 其他中餐 | LG2 | chicken | 10:30营业 | ￥77.9 | ￥39.9 | 【山珍菌皇】单人餐 | 5.2折 | 惠,ocr/input_videos\上海__尚嘉中心__20260826.mp4
OBS-000228,尚嘉中心,和食万象·日本料理,和食万象·日本料理,日式简,3.5,34,商场内,rated,True,,rated,parsed,rating_anchor,0.9307,0.9704,50,2400,40.785,⭐⭐⭐3.5日式简 | ￥34/人商场内,和食万象·日本料理 | ⭐⭐⭐3.5日式简 | ￥34/人商场内 | 10:00营业 | 【日式经典】照烧鸡. | ￥27.9 | 6.5折 | ￥43 | 惠,ocr/input_videos\上海__尚嘉中心__20260826.mp4
OBS-000229,尚嘉中心,左右艺术超市,左右艺术超市,古玩字画,4.4,,LG1,rated,True,,rated,parsed,rating_anchor,0.9972,0.9946,52,2400,40.785,LG1 | 🌟🌟⭐🌟 | 古玩字画 | 4.4 | ★,左右艺术超市 | LG1 | 🌟🌟⭐🌟 | 古玩字画 | 4.4 | ★ | 设计感强，门口有坐垫有钱花 | 10:00营业,ocr/input_videos\上海__尚嘉中心__20260826.mp4
OBS-000230,尚嘉中心,万大喜·广西白切,万大喜·广西白切,快餐简餐,,35,LG2,new_store,False,new_store,ocr_missing,parsed,metadata_anchor,0.9733,0.985,55,2400,40.785,LG2 | 新店 | 快餐简餐￥35/人,万大喜·广西白切 | 喜 | LG2 | 新店 | 快餐简餐￥35/人 | 点评榜单 | 天山小吃快餐新店榜第8名 | 万大喜 | wA0:30营业切 | ￥29 | 9.1折 | ￥32 | 惠 | 【招牌甄选】 | 白切隔山…. | ￥28 | 9.4折 | ￥30 | 惠 | 30元代金券,ocr/input_videos\上海__尚嘉中心__20260826.mp4
OBS-000231,尚嘉中心,釜大班·韩国炸酱面专门店,釜大班·韩国炸酱面专门店,韩式小吃,,29,LG2,new_store,False,new_store,ocr_missing,parsed,metadata_anchor,0.9908,0.9837,54,2400,40.785,新店 | LG2 | 韩式小吃 | ￥29/人,釜大班·韩国炸酱面专门店 | 新店 | LG2 | 韩式小吃 | ￥29/人 | 釜大班 | 点评榜单 | 早 | 上海韩式小吃新店榜第5名 | 转国科理,ocr/input_videos\上海__尚嘉中心__20260826.mp4
OBS-000232,尚嘉中心,左右艺术超市,左右艺术超市,古玩字画,4.4,,LG1,rated,True,,rated,parsed,rating_anchor,0.9968,0.9939,52,2460,41.805,🌟🌟🌟🌟 | LG1 | 古玩字画 | 4.4 | ★,左右艺术超市 | 🌟🌟🌟🌟 | LG1 | 古玩字画 | 4.4 | ★ | 设计感强，门口有坐垫有钱花 | ≤≤ | 10:00营业,ocr/input_videos\上海__尚嘉中心__20260826.mp4
OBS-000233,尚嘉中心,万大喜·广西白切,万大喜·广西白切,快餐简餐,,35,LG2,new_store,False,new_store,ocr_missing,parsed,metadata_anchor,0.962,0.9882,52,2460,41.805,LG2 | 新店 | 快餐简餐￥35/人,万大喜·广西白切 | LG2 | 新店 | 快餐简餐￥35/人 | 点评榜单 | 天山小吃快餐新店榜第8名 | 万大喜 | WA0:30营业切 | ￥299.1折 | ￥32 | 白切隔山…. | 惠 | 【招牌甄选】 | ￥28 | 惠 | 9.4折 | ￥3030元代金券,ocr/input_videos\上海__尚嘉中心__20260826.mp4
OBS-000234,尚嘉中心,釜大班·韩国炸酱面专门店,釜大班·韩国炸酱面专门店,韩式小吃,,29,LG2,new_store,False,new_store,ocr_missing,parsed,metadata_anchor,0.9684,0.9907,54,2460,41.805,新店 | LG2 | 韩式小吃￥29/人,釜大班·韩国炸酱面专门店 | 新店 | LG2 | 韩式小吃￥29/人 | 釜大班 | 点评榜单 | 早 | 上海韩式小吃新店榜第5名 | 国 | ￥48.2 | ￥29.86.2折 | 惠 | 【招牌】一品炸酱….,ocr/input_videos\上海__尚嘉中心__20260826.mp4
OBS-000235,尚嘉中心,CIVAS 喜花仕,CIVAS喜花仕,花店,4.1,2820,L1,rated,True,,rated,parsed,rating_anchor,0.9396,0.9515,54,2460,41.805,🌟🌟💥⭐ | L1 | 花店￥2820/人 | 4.1 | ★,CIVAS 喜花仕 | 🌟🌟💥⭐ | L1 | 花店￥2820/人 | 4.1 | ★ | 点评榜单 | 长宁区植物花卉热门榜第10名 | 10:00营业 | 花束富贵迷人眼，主理人热情可爱 | ≤,ocr/input_videos\上海__尚嘉中心__20260826.mp4
OBS-000236,尚嘉中心,蛮掌柜罐罐米线,蛮掌柜罐罐米线,美食,,20,LG2,new_store,False,new_store,ocr_missing,parsed,metadata_anchor,0.9673,0.9923,51,2460,41.805,新店 | 美食￥20/人 | LG2,蛮掌柜罐罐米线 | 蛮掌柜 | 门罐米线 | 新店 | 美食￥20/人 | LG2 | 10:00营业,ocr/input_videos\上海__尚嘉中心__20260826.mp4
OBS-000237,尚嘉中心,万大喜·广西白切,万大喜·广西白切,快餐简餐,,35,LG2,new_store,False,new_store,ocr_missing,parsed,metadata_anchor,0.993,0.9886,52,2484,42.213,LG2 | 新店 | 快餐简餐 | ￥35/人,万大喜·广西白切 | LG2 | 新店 | 快餐简餐 | ￥35/人 | 点评榜单 | 天山小吃快餐新店榜第8名 | 万大喜 | W10:30营业切 | ￥299.1折 | ￥32 | 【招牌甄选】 | 白切隔山…. | 惠 | ￥28 | ￥3030元代金券 | 9.4折 | 惠,ocr/input_videos\上海__尚嘉中心__20260826.mp4
OBS-000238,尚嘉中心,釜大班·韩国炸酱面专门店,釜大班·韩国炸酱面专门店,韩式小吃,,29,LG2,new_store,False,new_store,ocr_missing,parsed,metadata_anchor,0.9559,0.991,54,2484,42.213,新店 | LG2 | 韩式小吃￥29/人,釜大班·韩国炸酱面专门店 | 新店 | LG2 | 韩式小吃￥29/人 | 釜大班 | 点评榜单 | 早 | 上海韩式小吃新店榜第5名 | 国料 | ￥29.86.2折 | ￥48.2 | 惠 | 【招牌】一品炸酱.,ocr/input_videos\上海__尚嘉中心__20260826.mp4
OBS-000239,尚嘉中心,CIVAS 喜花仕,CIVAS喜花仕,花店,4.1,2820,L1,rated,True,,rated,parsed,rating_anchor,0.9516,0.9562,51,2484,42.213,花店￥2820/人 | L1 | ★★★★ | 4.1,CIVAS 喜花仕 | 花店￥2820/人 | L1 | ★★★★ | 4.1 | 点评榜单 | 长宁区植物花卉热门榜第10名 | 10:00营业 | 花束富贵迷人眼，主理人热情可爱” | ≤,ocr/input_videos\上海__尚嘉中心__20260826.mp4
OBS-000240,尚嘉中心,蛮掌柜罐罐米线,蛮掌柜罐罐米线,美食,,20,LG2,new_store,False,new_store,ocr_missing,parsed,metadata_anchor,0.9676,0.993,53,2484,42.213,LG2 | 新店 | 美食￥20/人,蛮掌柜罐罐米线 | 蛮掌柜 | 程冰发 | CNN | LG2 | 新店 | 美食￥20/人 | 10:00营业 | ￥42.56.9折 | 惠 | ￥62好饱双人套餐,ocr/input_videos\上海__尚嘉中心__20260826.mp4
OBS-000241,尚嘉中心,秦乡味陕西手工面·凉皮肉夹馍,秦乡味陕西手工面·凉皮肉夹馍,美食,,20,,new_store,False,new_store,ocr_missing,parsed,metadata_anchor,0.8799,0.9619,56,2484,42.213,新店 | 美食￥20/人,秦乡味 | 秦乡味陕西手工面·凉皮肉夹馍 | 庆西美名 | 新店 | 美食￥20/人,ocr/input_videos\上海__尚嘉中心__20260826.mp4
OBS-000242,尚嘉中心,万大喜·广西白切,万大喜·广西白切,快餐简餐,,35,LG2,new_store,False,new_store,ocr_missing,parsed,metadata_anchor,0.9747,0.9888,57,2520,42.824,LG2 | 新店 | 快餐简餐￥35/人,万大喜·广西白切 | 喜 | LG2 | 新店 | 快餐简餐￥35/人 | 点评榜单 | 天山小吃快餐新店榜第8名 | 万大喜 | WA0:30营业切 | 9.1折 | ￥29 | ￥32 | 惠 | 白切隔山. | 【招牌甄选】 | ￥28 | 9.4折 | ￥30 | 惠 | 30元代金券,ocr/input_videos\上海__尚嘉中心__20260826.mp4
OBS-000243,尚嘉中心,釜大班·韩国炸酱面专门店,釜大班·韩国炸酱面专门店,韩式小吃,,29,LG2,new_store,False,new_store,ocr_missing,parsed,metadata_anchor,0.9727,0.9747,51,2520,42.824,LG2 | 新店 | 韩式小吃￥29/人,釜大班·韩国炸酱面专门店 | LG2 | 新店 | 韩式小吃￥29/人 | 釜大班 | 点评榜单 | 上海韩式小吃新店榜第5名 | 早 | 国科 | ￥29.86.2折 | ￥48.2 | 【招牌】一品炸酱…. | 惠,ocr/input_videos\上海__尚嘉中心__20260826.mp4
OBS-000244,尚嘉中心,CIVAS 喜花仕,CIVAS喜花仕,花店,4.1,2820,L1,rated,True,,rated,parsed,rating_anchor,0.9725,0.9792,52,2520,42.824,🌟🌟🌟⭐ | 4.1花店￥2820/人 | L1 | 食,CIVAS 喜花仕 | 🌟🌟🌟⭐ | 4.1花店￥2820/人 | L1 | 食 | 点评榜单 | 长宁区植物花卉热门榜第10名 | 10:00营业 | 花束富贵迷人眼，主理人热情可爱 | (,ocr/input_videos\上海__尚嘉中心__20260826.mp4
OBS-000245,尚嘉中心,蛮掌柜罐罐米线,蛮掌柜罐罐米线,美食,,20,LG2,new_store,False,new_store,ocr_missing,parsed,metadata_anchor,0.976,0.9949,51,2520,42.824,新店 | 美食￥20/人 | LG2,蛮掌柜罐罐米线 | 蛮掌柜 | 服服冰线 | 新店 | 美食￥20/人 | LG2 | 10:00营业 | ￥42.5 | 6.9折 | ￥62好饱双人套餐 | 惠,ocr/input_videos\上海__尚嘉中心__20260826.mp4
OBS-000246,尚嘉中心,秦乡味陕西手工面·凉皮肉夹馍,秦乡味陕西手工面·凉皮肉夹馍,美食,,20,LG2,new_store,False,new_store,ocr_missing,parsed,metadata_anchor,0.9557,0.9606,56,2520,42.824,LG2 | 新店 | 美食￥20/人,秦乡味 | 秦乡味陕西手工面·凉皮肉夹馍 | 联西美食 | LG2 | 新店 | 美食￥20/人 | 舌尖之魅地道入味,ocr/input_videos\上海__尚嘉中心__20260826.mp4
OBS-000247,尚嘉中心,金天班·师国炸酉面专J店,金天班·师国炸酉面专J店,韩式小吃,,29,LG2,new_store,False,new_store,ocr_missing,parsed,metadata_anchor,0.9002,0.8537,37,2604,44.252,LG2 | 新店 | 韩式小吃￥29/人,金天班·师国炸酉面专J店 | LG2 | 新店 | 韩式小吃￥29/人 | 釜大班 | 点评榜单 | 上海韩式小吃新店榜第5名 | H | 国料理 | ￥29.86.2折 | ￥48.2 | 【招牌】一品炸酱. | 惠,ocr/input_videos\上海__尚嘉中心__20260826.mp4
OBS-000248,尚嘉中心,CIVAS 喜花仕,CIVAS喜花仕,花店,4.1,2820,L1,rated,True,,rated,parsed,rating_anchor,0.9605,0.9642,56,2604,44.252,🌟🌟🌟🌟 | 花店￥2820/人 | L1 | 4.1 | ★,CIVAS 喜花仕 | 🌟🌟🌟🌟 | 花店￥2820/人 | L1 | 4.1 | ★ | 点评榜单 | 长宁区植物花卉热门榜第10名 | 10:00营业 | 花束富贵迷人眼，主理人热情可爱 | 力,ocr/input_videos\上海__尚嘉中心__20260826.mp4
OBS-000249,尚嘉中心,蛮掌柜罐罐米线,蛮掌柜罐罐米线,美食,,20,LG2,new_store,False,new_store,ocr_missing,parsed,metadata_anchor,0.9702,0.9938,52,2604,44.252,新店 | LG2 | 美食￥20/人,蛮掌柜罐罐米线 | 蛮掌柜 | 罐罐冰饺 | 新店 | LG2 | 美食￥20/人 | 10:00营业 | ￥42.56.9折 | ￥62好饱双人套餐 | 惠,ocr/input_videos\上海__尚嘉中心__20260826.mp4
OBS-000250,尚嘉中心,秦乡味陕西手工面·凉皮肉夹馍,秦乡味陕西手工面·凉皮肉夹馍,美食,,20,LG2,new_store,False,new_store,ocr_missing,parsed,metadata_anchor,0.9552,0.9625,54,2604,44.252,新店 | LG2 | 美食￥20/人,秦乡味 | 秦乡味陕西手工面·凉皮肉夹馍 | 陕西更包 | 新店 | LG2 | 美食￥20/人 | 舌尖之魅地道入味 | ￥9.9 | 6.2折 | ￥16 | 惠 | 【王牌小食】小吃单人餐,ocr/input_videos\上海__尚嘉中心__20260826.mp4
OBS-000251,尚嘉中心,Villeroy&Boch德国唯宝餐具,Villeroy&Boch德国唯宝餐具,居家日用,4.7,,L1,rated,True,,rated,parsed,rating_anchor,0.9106,0.9839,54,2604,44.252,⭐⭐⭐4.7居家日用 | L1,Villeroy&Boch德国唯宝餐具 | ⭐⭐⭐4.7居家日用 | L1 | Villeroy & Boch | 1748 | 10:00营业 | 德克士,ocr/input_videos\上海__尚嘉中心__20260826.mp4
OBS-000252,尚嘉中心,金天班·乾国炸酉面专J店,金天班·干国炸酉面专J店,韩式小吃,,29,LG2,new_store,False,new_store,ocr_missing,parsed,metadata_anchor,0.8624,0.7816,36,2628,44.66,LG2 | 新店 | 韩式小吃￥29/人,金天班·乾国炸酉面专J店 | LG2 | 新店 | 韩式小吃￥29/人 | 釜大班 | 点评榜单 | 早H | 上海韩式小吃新店榜第5名 | 国料 | ￥48.2 | ￥29.8 | 6.2折 | 惠 | 【招牌】一品炸酱.,ocr/input_videos\上海__尚嘉中心__20260826.mp4
OBS-000253,尚嘉中心,CIVAS 喜花仕,CIVAS喜花仕,花店,4.1,2820,L1,rated,True,,rated,parsed,rating_anchor,0.959,0.9637,55,2628,44.66,⭐🌟🌟🌟 | 花店￥2820/人 | L1 | 4.1 | ★,CIVAS 喜花仕 | ⭐🌟🌟🌟 | 花店￥2820/人 | L1 | 4.1 | ★ | 点评榜单 | 长宁区植物花卉热门榜第10名 | 10:00营业 | 花束富贵迷人眼，主理人热情可爱 | 力,ocr/input_videos\上海__尚嘉中心__20260826.mp4
OBS-000254,尚嘉中心,蛮掌柜罐罐米线,蛮掌柜罐罐米线,美食,,20,LG2,new_store,False,new_store,ocr_missing,parsed,metadata_anchor,0.9713,0.9959,52,2628,44.66,新店 | LG2 | 美食￥20/人,蛮掌柜罐罐米线 | 蛮掌柜 | 罐罐冰发 | 新店 | LG2 | 美食￥20/人 | 10:00营业 | ￥42.56.9折 | ￥62好饱双人套餐 | 惠,ocr/input_videos\上海__尚嘉中心__20260826.mp4
OBS-000255,尚嘉中心,秦乡味陕西手工面·凉皮肉夹馍,秦乡味陕西手工面·凉皮肉夹馍,美食,,20,LG2,new_store,False,new_store,ocr_missing,parsed,metadata_anchor,0.9529,0.9569,54,2628,44.66,新店 | LG2 | 美食￥20/人,秦乡味 | 秦乡味陕西手工面·凉皮肉夹馍 | 陕西更包 | 新店 | LG2 | 美食￥20/人 | 舌尖之魅地道入味 | 6.2折 | ￥9.9 | ￥16 | 惠 | 【王牌小食】小吃单人餐,ocr/input_videos\上海__尚嘉中心__20260826.mp4
OBS-000256,尚嘉中心,Villeroy&Boch德国唯宝餐具,Villeroy&Boch德国唯宝餐具,居家日用,4.7,,L1,rated,True,,rated,parsed,rating_anchor,0.9319,0.9801,54,2628,44.66,L1 | ⭐⭐4.7居家日用,Villeroy&Boch德国唯宝餐具 | L1 | ⭐⭐4.7居家日用 | Villeroy & Boch | 1748 | 10:00营业 | 德克士 | 不一样的好炸鸡 | 家连网配送服,ocr/input_videos\上海__尚嘉中心__20260826.mp4
OBS-000257,尚嘉中心,CIVAS 喜花仕,CIVAS喜花仕,花店,4.1,2820,L1,rated,True,,rated,parsed,rating_anchor,0.9798,0.9603,55,2640,44.864,🌟🌟🌟🌟 | L1 | 花店 | 4.1 | ￥2820/人,CIVAS 喜花仕 | 🌟🌟🌟🌟 | L1 | 花店 | 4.1 | ￥2820/人 | 点评榜单 | 长宁区植物花卉热门榜第10名 | 10:00营业 | 花束富贵迷人眼，主理人热情可爱,ocr/input_videos\上海__尚嘉中心__20260826.mp4
OBS-000258,尚嘉中心,蛮掌柜罐罐米线,蛮掌柜罐罐米线,美食,,20,LG2,new_store,False,new_store,ocr_missing,parsed,metadata_anchor,0.9731,0.9946,51,2640,44.864,新店 | 美食￥20/人 | LG2,蛮掌柜罐罐米线 | 蛮掌柜 | 服超张线 | 新店 | 美食￥20/人 | LG2 | 10:00营业 | ￥42.56.9折 | ￥62好饱双人套餐 | 惠,ocr/input_videos\上海__尚嘉中心__20260826.mp4
OBS-000259,尚嘉中心,秦乡味陕西手工面·凉皮肉夹馍,秦乡味陕西手工面·凉皮肉夹馍,美食,,20,LG2,new_store,False,new_store,ocr_missing,parsed,metadata_anchor,0.9582,0.9643,53,2640,44.864,新店 | LG2 | 美食￥20/人,秦乡味 | 秦乡味陕西手工面·凉皮肉夹馍 | 庆西美食 | 新店 | LG2 | 美食￥20/人 | 鲜 | 舌尖之魅地道入味 | ￥9.96.2折 | ￥16 | 惠 | 【王牌小食】小吃单人餐,ocr/input_videos\上海__尚嘉中心__20260826.mp4
OBS-000260,尚嘉中心,Villeroy&Boch德国唯宝餐具,Villeroy&Boch德国唯宝餐具,居家日用,4.7,,L1,rated,True,,rated,parsed,rating_anchor,0.9965,0.9942,56,2640,44.864,🌟🌟🌟🌟🌟 | 4.7居家日用 | L1,Villeroy&Boch德国唯宝餐具 | 🌟🌟🌟🌟🌟 | 4.7居家日用 | L1 | Villeroy & Boch | 1748 | 10:00营业,ocr/input_videos\上海__尚嘉中心__20260826.mp4
OBS-000261,尚嘉中心,德克士,德克士,西式快餐,3.9,25,LG2,rated,True,,rated,parsed,rating_anchor,0.9731,0.9905,58,2640,44.864,LG2 | ★🌟★★★ | 西式快餐￥25/人 | 3.9,德克士 | 不一样的好炸鸡 | 维皮炸鸡家族实腿送腿 | LG2 | ★🌟★★★ | 西式快餐￥25/人 | 3.9,ocr/input_videos\上海__尚嘉中心__20260826.mp4
OBS-000262,尚嘉中心,秦乡味陕西手工面·凉皮肉夹馍,秦乡味陕西手工面·凉皮肉夹馍,美食,,20,LG2,new_store,False,new_store,ocr_missing,parsed,metadata_anchor,0.9613,0.9688,57,2688,45.679,新店 | LG2 | 美食￥20/人,秦乡味 | 秦乡味陕西手工面·凉皮肉夹馍 | 比即三 | 庆西美食 | 新店 | LG2 | 美食￥20/人 | 舌尖之魅地道入味 | 6.2折 | ￥16 | 惠 | ￥9.9 | 【王牌小食】小吃单人餐,ocr/input_videos\上海__尚嘉中心__20260826.mp4
OBS-000263,尚嘉中心,Villeroy&Boch德国唯宝餐具,Villeroy&Boch德国唯宝餐具,居家日用,4.7,,L1,rated,True,,rated,parsed,rating_anchor,0.9327,0.9817,56,2688,45.679,⭐⭐4.7居家日用 | L1,Villeroy&Boch德国唯宝餐具 | ⭐⭐4.7居家日用 | L1 | Villeroy & Boch | 1748 | 10:00营业,ocr/input_videos\上海__尚嘉中心__20260826.mp4
OBS-000264,尚嘉中心,德克士,德克士,西式快餐,3.9,25,LG2,rated,True,,rated,parsed,rating_anchor,0.9763,0.9921,58,2688,45.679,🌟🌟3.9 | LG2 | 西式快餐￥25/人,德克士 | 不一样的好炸鸡 | 雅皮炸鸡家族买腿送腿 | 🌟🌟3.9 | LG2 | 西式快餐￥25/人 | 10:00营业 | ￥20.9 | ￥34美味汉堡随心选 | 6.2折 | 惠,ocr/input_videos\上海__尚嘉中心__20260826.mp4
OBS-000265,尚嘉中心,PAIN CHAUD百丘,PAINCHAUD百丘,面包蛋糕,3.9,53,商场内,rated,True,,rated,parsed,rating_anchor,0.9878,0.9776,58,2688,45.679,商场内 | ★★🌟🌟★ | 面包蛋糕 | ￥53/人 | 3.9,PAIN CHAUD百丘 | 2 | 商场内 | ★★🌟🌟★ | 面包蛋糕 | ￥53/人 | 3.9 | 点评榜单 | 虹桥/古北面包蛋糕销量榜第1名 | 2 | OC | 5 | PAIN CHAUD | 6.7折 | ￥19.9 | ￥30 | 惠 | 【人气特惠】法式冰... | ￥86 | 惠 | 9.6折 | ￥9090元代金券,ocr/input_videos\上海__尚嘉中心__20260826.mp4
OBS-000266,尚嘉中心,伊本造型,伊本造型,美发,3.7,512,LG1,rated,True,,rated,parsed,rating_anchor,0.9666,1.0,57,2688,45.679,LG1 | 3.7美发￥512/人,伊本造型 | 摆动旅行 | YO rerex | LG1 | 3.7美发￥512/人 | 店内环境设备品质高，做头发体验感特... | 10:00营业,ocr/input_videos\上海__尚嘉中心__20260826.mp4
OBS-000267,尚嘉中心,秦乡味陕西手工面·凉皮肉夹馍,秦乡味陕西手工面·凉皮肉夹馍,美食,,20,LG2,new_store,False,new_store,ocr_missing,parsed,metadata_anchor,0.9484,0.9407,51,2700,45.883,新店 | LG2 | 美食￥20/人,秦乡味 | 秦乡味陕西手工面·凉皮肉夹馍 | 比即二 | 陕西美食 | 新店 | LG2 | 美食￥20/人 | 舌尖之魅地道入味 | ￥9.96.2折 | ￥16 | 惠 | 【王牌小食】小吃单人餐,ocr/input_videos\上海__尚嘉中心__20260826.mp4
OBS-000268,尚嘉中心,Villeroy&Boch德国唯宝餐具,Villeroy&Boch德国唯宝餐具,居家日用,4.7,,L1,rated,True,,rated,parsed,rating_anchor,0.9443,0.9737,56,2700,45.883,⭐4.7居家日用 | L1,Villeroy&Boch德国唯宝餐具 | ⭐4.7居家日用 | L1 | Villeroy & Boch | 1748 | 10:00营业,ocr/input_videos\上海__尚嘉中心__20260826.mp4
OBS-000269,尚嘉中心,德克士,德克士,西式快餐,3.9,25,LG2,rated,True,,rated,parsed,rating_anchor,0.9785,0.9966,61,2700,45.883,🌟🌟🌟🌟🎉 | LG2 | 西式快餐￥25/人 | 3.9,德克士 | 不一样的好炸鸡 | 雅皮炸鸡家族买腿送腿 | 🌟🌟🌟🌟🎉 | LG2 | 西式快餐￥25/人 | 3.9 | 10:00营业 | ￥20.9 | 6.2折 | ￥34美味汉堡随心选 | 惠,ocr/input_videos\上海__尚嘉中心__20260826.mp4
OBS-000270,尚嘉中心,PAIN CHAUD 百丘,PAINCHAUD百丘,面包蛋糕,3.9,53,商场内,rated,True,,rated,parsed,rating_anchor,0.9479,0.9384,61,2700,45.883,商场内 | ⭐🌟⭐🌟🌟 | 面包蛋糕￥53/人 | 3.9,PAIN CHAUD 百丘 | 0 | 商场内 | ⭐🌟⭐🌟🌟 | 面包蛋糕￥53/人 | 学 | 3.9 | 点评榜单 | 虹桥/古北面包蛋糕销量榜第1名 | CCo | 小 | PAIN CHAUD | ￥19.9 | 6.7折 | 【人气特惠】法式冰... | ￥30 | 惠 | ￥869.6折 | ￥9090元代金券 | 惠,ocr/input_videos\上海__尚嘉中心__20260826.mp4
OBS-000271,尚嘉中心,伊本造型,伊本造型,美发,3.7,512,LG1,rated,True,,rated,parsed,rating_anchor,0.9695,1.0,60,2700,45.883,LG1 | 3.7美发￥512/人,伊本造型 | 摆法旅行 | FR | LG1 | 3.7美发￥512/人 | 店内环境设备品质高，做头发体验感特.. | 10:00营业,ocr/input_videos\上海__尚嘉中心__20260826.mp4
OBS-000272,尚嘉中心,德克士,德克士,西,3.9,25,LG2,rated,True,,rated,parsed,rating_anchor,0.9787,0.9953,63,2760,46.903,🌟🌟🌟🌟🌟 | LG2 | 西式快餐￥25/人 | 3.9西,德克士 | 不一样的好炸鸡 | 雅皮炸鸡家族买腿送腿 | 🌟🌟🌟🌟🌟 | LG2 | 西式快餐￥25/人 | 3.9西 | 10:00营业 | ￥20.9 | 6.2折 | ￥34 | 美味汉堡随心选 | 惠,ocr/input_videos\上海__尚嘉中心__20260826.mp4
OBS-000273,尚嘉中心,PAIN CHAUD 百丘,PAINCHAUD百丘,面包蛋糕,3.9,53,商场内,rated,True,,rated,parsed,rating_anchor,0.9631,0.9284,68,2760,46.903,★★★🌟🌟 | 商场内 | 面包蛋糕 | 3.9 | ￥53/人,PAIN CHAUD 百丘 | 0 | ★★★🌟🌟 | 商场内 | 面包蛋糕 | 3.9 | ￥53/人 | 点评榜单 | 虹桥/古北面包蛋糕销量榜第1名 | PAIN CHAUD | 6.7折 | ￥19.9 | ￥30 | 惠 | 【人气特惠】法式冰.. | ￥86 | 9.6折 | ￥909 | 惠 | 90元代金券,ocr/input_videos\上海__尚嘉中心__20260826.mp4
OBS-000274,尚嘉中心,伊本造型,伊本造型,美发,3.7,512,LG1,rated,True,,rated,parsed,rating_anchor,0.9732,0.9999,56,2760,46.903,🌟🌟⭐🌟🌟 | LG1 | 3.7 | 美发￥512/人,伊本造型 | 摆动瓷行 | ELETY | 🌟🌟⭐🌟🌟 | LG1 | 3.7 | 美发￥512/人 | 店内环境设备品质高，做头发体验感特.. | 10:00营业,ocr/input_videos\上海__尚嘉中心__20260826.mp4
OBS-000275,尚嘉中心,怀九爷匠心手作拌面,怀九爷匠心手作拌面,面馆,,28,LG2,new_store,False,new_store,ocr_missing,parsed,metadata_anchor,0.9661,0.9974,54,2760,46.903,LG2 | 新店 | 面馆￥28/人,怀九爷匠心手作拌面 | ス七节 | 成时合你持面 | LG2 | 新店 | 面馆￥28/人 | 4 | 点评榜单 | 天山面馆打卡人气榜第4名 | ￥18.87.6折 | ￥25 | 惠 | 【经典拌面】 | 酱爆猪..,ocr/input_videos\上海__尚嘉中心__20260826.mp4
OBS-000276,尚嘉中心,PAIN CHAUD 百丘,PAINCHAUD百丘,面包蛋糕,3.9,53,商场内,rated,True,,rated,parsed,rating_anchor,0.9781,0.9588,68,2796,47.515,商场内 | 🌟🌟🌟💥🌟 | 面包蛋糕 | ￥53/人 | 3.9,PAIN CHAUD 百丘 | 0 | 商场内 | 🌟🌟🌟💥🌟 | 面包蛋糕 | ￥53/人 | 宁 | 3.9 | 点评榜单 | 虹桥/古北面包蛋糕销量榜第1名 | PAIN CHAUD | ￥30 | ￥19.9 | 【人气特惠】法式冰.. | 6.7折 | 惠 | ￥869.6折 | ￥9090元代金券 | 惠,ocr/input_videos\上海__尚嘉中心__20260826.mp4
OBS-000277,尚嘉中心,伊本造型,伊本造型,美发,3.7,512,LG1,rated,True,,rated,parsed,rating_anchor,0.9782,1.0,60,2796,47.515,3.7美发￥512/人 | LG1,伊本造型 | 推动流行 | PLT | 3.7美发￥512/人 | LG1 | 店内环境设备品质高，做头发体验感特... | 10:00营业,ocr/input_videos\上海__尚嘉中心__20260826.mp4
OBS-000278,尚嘉中心,怀九爷匠心手作拌面,怀九爷匠心手作拌面,面馆,,28,LG2,new_store,False,new_store,ocr_missing,parsed,metadata_anchor,0.9771,0.9946,54,2796,47.515,新店 | LG2 | 面馆￥28/人,怀九爷匠心手作拌面 | 怀节 | 直会作挤面 | 新店 | LG2 | 面馆￥28/人 | 点评榜单 | 天山面馆打卡人气榜第4名 | ￥25 | 惠￥18.87.6折 | 酱爆猪... | 【经典拌面】,ocr/input_videos\上海__尚嘉中心__20260826.mp4
OBS-000279,尚嘉中心,Deli NYC纽约三明治,DeliNYC纽约三明治,西式快餐,4.0,52,LG2,rated,True,,rated,parsed,rating_anchor,0.9583,0.9365,55,2796,47.515,LG2 | 🌟🌟🌟🌟 | 4.0西式快餐￥52/人 | ★,Deli NYC纽约三明治 | 连续20年 | 冠军产品 | LG2 | 🌟🌟🌟🌟 | 4.0西式快餐￥52/人 | ★ | 10:00营业 | ￥43.87.9折 | ￥56经典费城奶酪牛肉三... | 惠,ocr/input_videos\上海__尚嘉中心__20260826.mp4
OBS-000280,尚嘉中心,JORYA卓雅,JORYA卓雅,服装,4.0,,L2,rated,True,,rated,parsed,rating_anchor,0.9978,0.9993,56,2796,47.515,4.0服装 | L2 | 🌟🌟🌟⭐ | ★,JORYA卓雅 | 4.0服装 | L2 | 🌟🌟🌟⭐ | ★ | 10:00营业,ocr/input_videos\上海__尚嘉中心__20260826.mp4
OBS-000281,尚嘉中心,Deli NYC纽约三明治,DeliNYC纽约三明治,西式快餐,4.0,52,LG2,rated,True,,rated,parsed,rating_anchor,0.9583,0.9599,58,2880,48.942,4.0西式快餐￥52/人 | LG2,Deli NYC纽约三明治 | 连续20年 | 冠军产品 | 4.0西式快餐￥52/人 | LG2 | 10:00营业 | ￥43.87.9折 | ￥56经典费城奶酪牛肉三. | 惠,ocr/input_videos\上海__尚嘉中心__20260826.mp4
OBS-000282,尚嘉中心,JORYA卓雅,JORYA卓雅,服装,4.0,,L2,rated,True,,rated,parsed,rating_anchor,0.9973,0.999,59,2880,48.942,4.0服装 | 🌟🌟🌟🌟🌟 | L2,JORYA卓雅 | 4.0服装 | 🌟🌟🌟🌟🌟 | L2 | 10:00营业,ocr/input_videos\上海__尚嘉中心__20260826.mp4
OBS-000283,尚嘉中心,珊珊来吃,珊珊来吃,快餐简餐,4.1,41,LG2,rated,True,,rated,parsed,rating_anchor,0.9796,0.9959,62,2880,48.942,4.1快餐简餐￥41/人 | LG2,shān | 珊珊来吃 | 4.1快餐简餐￥41/人 | LG2 | shan | 休息中 | ￥23.87折 | 【台式经典】卤肉饭... | ￥34 | 惠,ocr/input_videos\上海__尚嘉中心__20260826.mp4
OBS-000284,尚嘉中心,牛正焱汕头牛肉饭·粿条汤,牛正焱汕头牛肉饭·粿条汤,快餐简餐,,21,LG2,new_store,False,new_store,ocr_missing,parsed,metadata_anchor,0.9724,0.9766,59,2880,48.942,新店 | LG2 | 快餐简餐￥21/人,牛正焱汕头牛肉饭·粿条汤 | 用心选材满口牛香 | 像阿婕待你那级温柔 | 新店 | LG2 | 快餐简餐￥21/人 | 点评榜单 | 天山小吃快餐新店榜第9名 | 10:30营业 | ￥33 | ￥23.87.3折 | 【进店必点】招牌牛... | 惠,ocr/input_videos\上海__尚嘉中心__20260826.mp4
OBS-000285,尚嘉中心,Deli NYC纽约三明治,DeliNYC纽约三明治,西式快餐,4.0,52,LG2,rated,True,,rated,parsed,rating_anchor,0.9604,0.9623,55,2904,49.35,4.0西式快餐￥52/人 | LG2,Deli NYC纽约三明治 | 连续20年 | 冠军产品 | 4.0西式快餐￥52/人 | LG2 | 10:00营业 | ￥43.87.9折 | ￥56经典费城奶酪牛肉三. | 惠,ocr/input_videos\上海__尚嘉中心__20260826.mp4
OBS-000286,尚嘉中心,JORYA卓雅,JORYA卓雅,服装,4.0,,L2,rated,True,,rated,parsed,rating_anchor,0.9995,0.9992,55,2904,49.35,服装 | L2 | 🌟🌟⭐🌟 | 4.0 | ★,JORYA卓雅 | 服装 | L2 | 🌟🌟⭐🌟 | 4.0 | ★ | 10:00营业,ocr/input_videos\上海__尚嘉中心__20260826.mp4
OBS-000287,尚嘉中心,珊珊来吃,珊珊来吃,快餐简餐,4.1,41,LG2,rated,True,,rated,parsed,rating_anchor,0.9849,0.9989,57,2904,49.35,LG2 | 🌟🌟🌟⭐ | 4.1快餐简餐￥41/人 | ★,shān | 珊珊来吃 | LG2 | 🌟🌟🌟⭐ | 」 | 4.1快餐简餐￥41/人 | ★ | shan | 休息中 | ￥23.87折 | 【台式经典】卤肉饭.. | ￥34 | 惠,ocr/input_videos\上海__尚嘉中心__20260826.mp4
OBS-000288,尚嘉中心,牛正焱汕头牛肉饭·粿条汤,牛正焱汕头牛肉饭·粿条汤,快餐简餐,,21,LG2,new_store,False,new_store,ocr_missing,parsed,metadata_anchor,0.9766,0.9881,54,2904,49.35,LG2 | 新店 | 快餐简餐￥21/人,牛正焱汕头牛肉饭·粿条汤 | 用心选材满口牛香 | 像阿娘待你那般温柔 | LG2 | 新店 | 快餐简餐￥21/人 | 点评榜单 | 天山小吃快餐新店榜第9名 | 10:30营业 | ￥23.87.3折 | ￥33 | 惠 | 【进店必点】招牌牛..,ocr/input_videos\上海__尚嘉中心__20260826.mp4
OBS-000289,尚嘉中心,婷意花宇·TheGracesFloral,婷意花宇·TheGracesFloral,花店,4.2,289,LG1,rated,True,,rated,parsed,rating_anchor,0.9716,0.9914,54,2904,49.35,4.2 | LG1 | 🌟🌟🌟⭐ | 花店￥289/人 | 1,婷意花宇·TheGracesFloral | MEGRAGESIOAL | 4.2 | LG1 | 🌟🌟🌟⭐ | 花店￥289/人 | 1 | 点评榜单 | 虹桥/古北花店好评榜第3名 | 10:00营业 | 氛围宜人温馨舒适，花束新鲜有质感 | “,ocr/input_videos\上海__尚嘉中心__20260826.mp4
OBS-000290,尚嘉中心,JORYA卓雅,JORYA卓雅,服装,4.0,,L2,rated,True,,rated,parsed,rating_anchor,0.9995,0.9993,56,2964,50.37,🌟🌟🌟⭐ | 服装 | L2 | 4.0 | ★,JORYA卓雅 | 🌟🌟🌟⭐ | 服装 | L2 | 4.0 | ★ | 10:00营业,ocr/input_videos\上海__尚嘉中心__20260826.mp4
OBS-000291,尚嘉中心,珊珊来吃,珊珊来吃,快餐简餐,4.1,41,LG2,rated,True,,rated,parsed,rating_anchor,0.9883,0.9991,57,2964,50.37,LG2 | 🌟🌟⭐⭐🌟 | 4.1快餐简餐￥41/人,hān | 珊珊来吃 | LG2 | 🌟🌟⭐⭐🌟 | 4.1快餐简餐￥41/人 | shan | 休息中 | ￥23.87折 | 【台式经典】卤肉饭. | ￥34 | 惠,ocr/input_videos\上海__尚嘉中心__20260826.mp4
OBS-000292,尚嘉中心,牛正焱汕头牛肉饭·粿条汤,牛正焱汕头牛肉饭·粿条汤,快餐简餐,,21,LG2,new_store,False,new_store,ocr_missing,parsed,metadata_anchor,0.9559,0.9827,53,2964,50.37,LG2 | 新店 | 快餐简餐￥21/人,牛正焱汕头牛肉饭·粿条汤 | 用心选材满口牛香 | 像阿婕待你那级温柔 | LG2 | 新店 | 快餐简餐￥21/人 | 点评榜单 | 天山小吃快餐新店榜第9名 | 10:30营业 | ￥23.87.3折 | ￥33 | 【进店必点】招牌.. | 惠,ocr/input_videos\上海__尚嘉中心__20260826.mp4
OBS-000293,尚嘉中心,婷意花宇·TheGracesFloral,婷意花宇·TheGracesFloral,花店,4.2,289,LG1,rated,True,,rated,parsed,rating_anchor,0.9686,0.9897,48,2964,50.37,LG1 | 🌟🌟⭐⭐ | 4.2 | 花店￥289/人,婷意花宇·TheGracesFloral | TEGRJNCESAORNL | LG1 | 🌟🌟⭐⭐ | 4.2 | 花店￥289/人 | 点评榜单 | 虹桥/古北花店好评榜第3名 | 10:00营业 | 氛围宜人温馨舒适，花束新鲜有质感 | “,ocr/input_videos\上海__尚嘉中心__20260826.mp4
OBS-000294,尚嘉中心,北京同仁堂,北京同仁堂,滋补品,3.9,1293,LG1,rated,True,,rated,parsed,rating_anchor,0.9829,0.9999,56,2964,50.37,LG1 | 🌟🌟🌟🌟🌟 | 3.9 | 滋补品￥1293/人,北京同仁堂 | LG1 | 🌟🌟🌟🌟🌟 | 3.9 | 滋补品￥1293/人 | 2 | “红参品质好，滋补效果棒” | 0 | 10:00营业 | ￥3188折 | ￥398 | 惠 | 【春节推荐】同仁堂. | ￥909折 | ￥100100元代金券 | 惠,ocr/input_videos\上海__尚嘉中心__20260826.mp4
OBS-000295,尚嘉中心,珊珊来吃,珊珊来吃,快餐简餐,4.1,41,LG2,rated,True,,rated,parsed,rating_anchor,0.9843,0.9993,57,3012,51.185,🌟🌟⭐⭐🌟 | LG2 | 4.1快餐简餐￥41/人,shān | 珊珊来吃 | 🌟🌟⭐⭐🌟 | LG2 | 4.1快餐简餐￥41/人 | shan | 休息中 | ￥23.87折 | 惠 | ￥34 | 【台式经典】卤肉饭..,ocr/input_videos\上海__尚嘉中心__20260826.mp4
OBS-000296,尚嘉中心,牛正焱汕头牛肉饭·粿条汤,牛正焱汕头牛肉饭·粿条汤,快餐简餐,,21,LG2,new_store,False,new_store,ocr_missing,parsed,metadata_anchor,0.9728,0.9822,51,3012,51.185,新店 | LG2 | 快餐简餐￥21/人,牛正焱汕头牛肉饭·粿条汤 | 用心选材满口牛香 | 像阿续得你那般温柔 | 新店 | LG2 | 快餐简餐￥21/人 | 点评镑单 | 天山小吃快餐新店榜第9名 | 10:30营业 | ￥23.87.3折 | ￥33 | 【进店必点】招牌牛.. | 惠,ocr/input_videos\上海__尚嘉中心__20260826.mp4
OBS-000297,尚嘉中心,婷意花宇·TheGracesFloral,婷意花宇·TheGracesFloral,花店,4.2,289,LG1,rated,True,,rated,parsed,rating_anchor,0.964,0.9772,59,3012,51.185,LG1 | 🌟🌟⭐ | 花店￥289/人 | 4.2 | ★,婷意花宇·TheGracesFloral | NEGRJNCESAORL | LG1 | 🌟🌟⭐ | 花店￥289/人 | 4.2 | ★ | 点评榜单 | 虹桥/古北花店好评榜第3名 | 10:00营业 | 氛围宜人温馨舒适，花束新鲜有质感,ocr/input_videos\上海__尚嘉中心__20260826.mp4
OBS-000298,尚嘉中心,北京同仁堂,北京同仁堂,滋补品,3.9,1293,LG1,rated,True,,rated,parsed,rating_anchor,0.9845,0.9999,55,3012,51.185,LG1 | 滋补品￥1293/人 | ★★🌟🌟★ | 3.9,北京同仁堂 | 区理 | LG1 | 滋补品￥1293/人 | ★★🌟🌟★ | 3.9 | “红参片品质好，滋补效果棒 | 10:00营业 | ￥3188折 | ￥398 | 【春节推荐】同仁堂... | 惠 | ￥909折 | 惠 | ￥100100元代金券,ocr/input_videos\上海__尚嘉中心__20260826.mp4
OBS-000299,尚嘉中心,牛正焱汕头牛肉饭·粿条汤,牛正焱汕头牛肉饭·粿条汤,快餐简餐,,21,LG2,new_store,False,new_store,ocr_missing,parsed,metadata_anchor,0.9481,0.9849,51,3036,51.593,新店 | LG2 | 快餐简餐￥21/人,牛正焱汕头牛肉饭·粿条汤 | 用心选材满口牛香 | 像阿姆待你那般過柔 | 新店 | LG2 | 快餐简餐￥21/人 | 点评榜单 | 天山小吃快餐新店榜第9名 | 10:30营业 | ￥23.87.3折 | ￥33 | 【进店必点】招牌牛... | 惠,ocr/input_videos\上海__尚嘉中心__20260826.mp4
OBS-000300,尚嘉中心,婷意花宇·TheGracesFloral,婷意花宇·TheGracesFloral,花店,4.2,289,LG1,rated,True,,rated,parsed,rating_anchor,0.9805,0.99,54,3036,51.593,LG1 | 4.2花店￥289/人 | 🌟🌟🌟 | ★,婷意花宇·TheGracesFloral | NIGRACESAOAL | LG1 | 4.2花店￥289/人 | 🌟🌟🌟 | ★ | 点评榜单 | 虹桥/古北花店好评榜第3名 | 10:00营业 | 氛围宜人温馨舒适，花束新鲜有质感 | “,ocr/input_videos\上海__尚嘉中心__20260826.mp4
OBS-000301,尚嘉中心,北京同仁堂,北京同仁堂,滋补品,3.9,1293,LG1,rated,True,,rated,parsed,rating_anchor,0.9813,0.9998,56,3036,51.593,LG1 | 🌟🌟⭐🌟⭐3.9 | 滋补品￥1293/人,北京同仁堂 | LG1 | 🌟🌟⭐🌟⭐3.9 | 滋补品￥1293/人 | “红参品质好，滋补效果棒 | 10:00营业 | ￥3188折 | ￥398 | 【春节推荐】同仁堂.. | 惠 | ￥909折 | 惠 | ￥100100元代金券,ocr/input_videos\上海__尚嘉中心__20260826.mp4
OBS-000302,尚嘉中心,山牛将烧肉丼,山牛将烧肉丼,日式简餐/.,3.7,33,LG2,rated,True,,rated,parsed,rating_anchor,0.9489,0.9988,51,3036,51.593,⭐3.7日式简餐/. | ￥33/人LG2,山牛将烧肉丼 | 原切牛肉 | ⭐3.7日式简餐/. | ￥33/人LG2 | 现烤现制 | 10:30营业 | ￥29.99.8折 | ￥30.6现烤现制1味增烤. | 惠,ocr/input_videos\上海__尚嘉中心__20260826.mp4
OBS-000303,尚嘉中心,婷意花宇·TheGracesFloral,婷意花宇·TheGracesFloral,花店,4.2,289,LG1,rated,True,,rated,parsed,rating_anchor,0.9923,0.9882,48,3072,52.205,LG1 | ⭐🌟🌟⭐ | 4.2 | 花店 | ￥289/人,婷意花宇·TheGracesFloral | NCRUAGESALORNL | LG1 | ⭐🌟🌟⭐ | 4.2 | 花店 | ￥289/人 | 点评榜单 | 虹桥/古北花店好评榜第3名 | 10:00营业 | 氛围宜人温馨舒适，花束新鲜有质感 | C,ocr/input_videos\上海__尚嘉中心__20260826.mp4
OBS-000304,尚嘉中心,北京同仁堂,北京同仁堂,滋补品,3.9,1293,LG1,rated,True,,rated,parsed,rating_anchor,0.9838,0.9999,58,3072,52.205,LG1 | 🌟🌟🎉🌟🌟 | 3.9 | 滋补品￥1293/人,北京同仁堂 | LG1 | 🌟🌟🎉🌟🌟 | 3.9 | 滋补品￥1293/人 | 红参片品质好，滋补效果棒 | 10:00营业 | ￥398 | ￥3188折 | 【春节推荐】同仁堂. | 惠 | ￥90 | 9折 | 惠 | ￥100 | 100元代金券,ocr/input_videos\上海__尚嘉中心__20260826.mp4
OBS-000305,尚嘉中心,山牛将烧肉丼,山牛将烧肉丼,日式简餐/..,3.7,33,LG2,rated,True,,rated,parsed,rating_anchor,0.9597,0.9981,54,3072,52.205,3.7日式简餐/.. | 🌟🌟🌟🌟🌟 | ￥33/人LG2,山牛将烧肉丼 | 原切牛肉 | 3.7日式简餐/.. | 🌟🌟🌟🌟🌟 | ￥33/人LG2 | 现烤现制 | 10:30营业 | 9.8折 | ￥29.9 | ￥30.6 | 惠 | 现烤现制|味增烤..,ocr/input_videos\上海__尚嘉中心__20260826.mp4
OBS-000306,尚嘉中心,JCC国际当代首饰艺术中心,JCC国际当代首饰艺术中心,珠宝首饰,3.4,,L2,rated,True,,rated,parsed,rating_anchor,0.9659,0.9979,51,3072,52.205,★3.4珠宝首饰 | L2,JCC国际当代首饰艺术中心 | 回A | ★3.4珠宝首饰 | L2 | 10:00营业,ocr/input_videos\上海__尚嘉中心__20260826.mp4
OBS-000307,尚嘉中心,磁庆天毛血旺·川菜,磁庆天毛血旺·川菜,川菜馆,,,LG2,new_store,False,new_store,ocr_missing,parsed,metadata_anchor,0.9685,0.992,53,3072,52.205,新店 | LG2 | 川菜馆￥59/,磁庆天毛血旺·川菜 | 磁庆天 | CHINA TIAVOR | 专做毛血旺30年 | 新店 | LG2 | 川菜馆￥59/ | 原盛盛天记亚名 | ￥91.9 | ￥44.9 | 4.9折 | 【超值特惠】经典.. | 惠,ocr/input_videos\上海__尚嘉中心__20260826.mp4
OBS-000308,尚嘉中心,婷意花宇·TheGracesFloral,婷意花宇·TheGracesFloral,花店,4.2,289,LG1,rated,True,,rated,parsed,rating_anchor,0.9735,0.9919,51,3084,52.409,🌟🌟🎉🎉 | LG1 | 花店￥289/人 | 4.2,婷意花宇·TheGracesFloral | WEGRJNCESAORL | 🌟🌟🎉🎉 | LG1 | 花店￥289/人 | 4.2 | 点评榜单 | 虹桥/古北花店好评榜第3名 | 10:00营业 | 氛围宜人温馨舒适，花束新鲜有质感,ocr/input_videos\上海__尚嘉中心__20260826.mp4
OBS-000309,尚嘉中心,北京同仁堂,北京同仁堂,滋补品,3.9,1293,LG1,rated,True,,rated,parsed,rating_anchor,0.9823,0.9999,55,3084,52.409,⭐🌟🌟🌟🌟 | LG1 | 滋补品￥1293/人 | 3.9,北京同仁堂 | ⭐🌟🌟🌟🌟 | LG1 | 滋补品￥1293/人 | 3.9 | 25 | “红参片品质好，滋补效果棒 | 10:00营业 | ￥398 | ￥3188折 | 惠 | 【春节推荐】同仁堂. | ￥909折 | ￥100100元代金券 | 惠,ocr/input_videos\上海__尚嘉中心__20260826.mp4
OBS-000310,尚嘉中心,山牛将烧肉丼,山牛将烧肉丼,日式简餐/...,3.7,33,LG2,rated,True,,rated,parsed,rating_anchor,0.9247,0.9992,51,3084,52.409,🌟🌟🌟🌟🌟 | 日式简餐/... | ￥33/人LG2 | 3.7,山牛将烧肉丼 | 原切牛肉 | 🌟🌟🌟🌟🌟 | 日式简餐/... | ￥33/人LG2 | 3.7 | 现烤现制 | 1030营业 | ￥30.6现烤现制|味增烤 | ￥29.9 | 9.8折 | 惠,ocr/input_videos\上海__尚嘉中心__20260826.mp4
OBS-000311,尚嘉中心,JCC国际当代首饰艺术中心,JCC国际当代首饰艺术中心,珠宝首饰,3.4,,L2,rated,True,,rated,parsed,rating_anchor,0.9703,0.9991,48,3084,52.409,⭐3.4珠宝首饰 | L2,JCC国际当代首饰艺术中心 | 547 | ⭐3.4珠宝首饰 | L2 | 10:00营业,ocr/input_videos\上海__尚嘉中心__20260826.mp4
OBS-000312,尚嘉中心,磁庆天毛血旺·川菜,磁庆天毛血旺·川菜,川菜馆,,59,LG2,new_store,False,new_store,ocr_missing,parsed,metadata_anchor,0.9695,0.9883,51,3084,52.409,新店 | LG2 | 川菜馆￥59/人,磁庆天毛血旺·川菜 | 磁庆天 | CHINA FLAVOR | 专做毛血旺30年 | 新店 | LG2 | 川菜馆￥59/人 | 原磁盛天已更名 | ￥44.9 | ￥91.9 | 4.9折 | 惠 | 【超值特惠】经典...,ocr/input_videos\上海__尚嘉中心__20260826.mp4
OBS-000313,尚嘉中心,山牛将烧肉丼,山牛将烧肉丼,日式简餐.,3.7,33,LG2,rated,True,,rated,parsed,rating_anchor,0.9367,0.9989,50,3144,53.429,⭐3.7日式简餐. | ￥33/人LG2,山牛将烧肉丼 | 原切牛肉 | ⭐3.7日式简餐. | ￥33/人LG2 | 现烤现制 | 10:30营业 | ￥29.99.8折 | ￥30.6现烤现制|味增烤... | 惠,ocr/input_videos\上海__尚嘉中心__20260826.mp4
OBS-000314,尚嘉中心,JCC国际当代首饰艺术中心,JCC国际当代首饰艺术中心,珠宝首饰,3.4,,L2,rated,True,,rated,parsed,rating_anchor,0.9362,0.9945,57,3144,53.429,⭐⭐3.4珠宝首饰 | L2,JCC国际当代首饰艺术中心 | 可国我区 | ⭐⭐3.4珠宝首饰 | L2 | 10:00营业,ocr/input_videos\上海__尚嘉中心__20260826.mp4
OBS-000315,尚嘉中心,磁庆天毛血旺·川菜,磁庆天毛血旺·川菜,川菜馆,,59,LG2,new_store,False,new_store,ocr_missing,parsed,metadata_anchor,0.9665,0.989,55,3144,53.429,新店 | LG2 | 川菜馆￥59/人,磁庆天毛血旺·川菜 | 磁庆天 | CHINA FEAVOR | 专做毛应旺30年 | 新店 | LG2 | 川菜馆￥59/人 | 原盛盛天已更名 | ￥91.9 | 【超值特惠】经典... | 4.9折 | ￥44.9 | 惠,ocr/input_videos\上海__尚嘉中心__20260826.mp4
OBS-000316,尚嘉中心,张正发茶餐厅,张正发茶餐厅,茶餐厅,3.9,26,LG2,rated,True,,rated,parsed,rating_anchor,0.9583,0.9975,55,3144,53.429,3.9茶餐厅￥26/人 | LG2,ZHE | 张正发茶餐厅 | TGFA | 3.9茶餐厅￥26/人 | LG2 | 10:00营业,ocr/input_videos\上海__尚嘉中心__20260826.mp4
OBS-000317,尚嘉中心,Calvin Klein Underwear,CalvinKleinUnderwear,内衣,3.6,,L2,rated,True,,rated,parsed,rating_anchor,0.9375,0.9907,52,3144,53.429,🌟3.6内衣 | L2,Calvin Klein Underwear | 🌟3.6内衣 | L2 | Calvin Klein | 10:00营业 | FoodGame超级厨房,ocr/input_videos\上海__尚嘉中心__20260826.mp4
OBS-000318,尚嘉中心,JCC国际当代首饰艺术中心,JCC国际当代首饰艺术中心,珠宝首饰,3.4,,L2,rated,True,,rated,parsed,rating_anchor,0.9968,0.9988,54,3180,54.04,3.4珠宝首饰 | L2,JCC国际当代首饰艺术中心 | 3.4珠宝首饰 | L2 | 10:00营业,ocr/input_videos\上海__尚嘉中心__20260826.mp4
OBS-000319,尚嘉中心,磁庆天毛血旺·川菜,磁庆天毛血旺·川菜,川菜馆,,59,LG2,new_store,False,new_store,ocr_missing,parsed,metadata_anchor,0.9626,0.9926,54,3180,54.04,LG2 | 新店 | 川菜馆￥59/人,磁庆天毛血旺·川菜 | 磁庆天 | CHINA TLAVOR | 专做毛血旺30年 | LG2 | 新店 | 川菜馆￥59/人 | 原盛盛天已更名 | ￥91.9 | ￥44.9 | 4.9折 | 【超值特惠】经典.. | 惠,ocr/input_videos\上海__尚嘉中心__20260826.mp4
OBS-000320,尚嘉中心,张正发茶餐厅,张正发茶餐厅,茶餐厅,3.9,26,LG2,rated,True,,rated,parsed,rating_anchor,0.9792,0.9984,51,3180,54.04,LG2 | 🌟🌟🌟⭐3.9 | 茶餐厅￥26/人,张正发茶餐厅 | LG2 | 🌟🌟🌟⭐3.9 | 茶餐厅￥26/人 | 10:00营业,ocr/input_videos\上海__尚嘉中心__20260826.mp4
OBS-000321,尚嘉中心,Calvin Klein Underwear,CalvinKleinUnderwear,内衣,3.6,,L2,rated,True,,rated,parsed,rating_anchor,0.9958,0.9944,51,3180,54.04,⭐🌟🌟🌟🌟 | L2 | 内衣 | 3.6,Calvin Klein Underwear | ⭐🌟🌟🌟🌟 | L2 | 内衣 | 3.6 | Calvin Klein | 10:00营业,ocr/input_videos\上海__尚嘉中心__20260826.mp4
OBS-000322,尚嘉中心,FoodGame超级厨房,FoodGame超级厨房,西餐,3.7,30,LG2,rated,True,,rated,parsed,rating_anchor,0.9659,0.9953,54,3180,54.04,⭐🌟🌟💥🌟 | LG2 | 西餐￥30/人 | 3.7,FoodGame超级厨房 | ⭐🌟🌟💥🌟 | LG2 | 西餐￥30/人 | 3.7 | FOODGAME | 超 | 超·级 | 我们是您的放心食,ocr/input_videos\上海__尚嘉中心__20260826.mp4
OBS-000323,尚嘉中心,月湖萃·普通小馆·新本帮,月湖萃·普通小馆·新本帮,本帮菜,3.9,89,LG1,rated,True,,rated,parsed,rating_anchor,0.9511,0.9756,55,3180,54.04,LG1 | 3.9本帮菜￥89/人,月湖萃·普通小馆·新本帮 | LG1 | 3.9本帮菜￥89/人 | 休息中,ocr/input_videos\上海__尚嘉中心__20260826.mp4
OBS-000324,尚嘉中心,JCC国际当代首饰艺术中心,JCC国际当代首饰艺术中心,珠宝首饰,3.4,,L2,rated,True,,rated,parsed,rating_anchor,0.9969,0.9977,51,3192,54.244,🌟🌟🌟🌟🌟 | 3.4珠宝首饰 | L2,JCC国际当代首饰艺术中心 | 🌟🌟🌟🌟🌟 | 3.4珠宝首饰 | L2 | 10:00营业,ocr/input_videos\上海__尚嘉中心__20260826.mp4
OBS-000325,尚嘉中心,磁庆天毛血旺·川菜,磁庆天毛血旺·川菜,川菜馆,,59,LG2,new_store,False,new_store,ocr_missing,parsed,metadata_anchor,0.9786,0.9917,54,3192,54.244,川菜馆￥59/人 | 新店 | LG2,磁庆天毛血旺·川菜 | 磁庆天 | CHINA TIAVON | 专做毛血旺30年 | 川菜馆￥59/人 | 新店 | LG2 | 原盛盛天记更者 | ￥44.9 | ￥91.9 | 【超值特惠】经典... | 4.9折 | 惠,ocr/input_videos\上海__尚嘉中心__20260826.mp4
OBS-000326,尚嘉中心,张正发茶餐厅,张正发茶餐厅,茶餐厅,3.9,26,LG2,rated,True,,rated,parsed,rating_anchor,0.9777,0.9986,50,3192,54.244,🌟🌟⭐💥⭐3.9 | 茶餐厅￥26/人 | LG2,张正发茶餐厅 | 🌟🌟⭐💥⭐3.9 | 茶餐厅￥26/人 | LG2 | 10:00营业,ocr/input_videos\上海__尚嘉中心__20260826.mp4
OBS-000327,尚嘉中心,Calvin Klein Underwear,CalvinKleinUnderwear,内衣,3.6,,L2,rated,True,,rated,parsed,rating_anchor,0.9433,0.9887,49,3192,54.244,⭐⭐3.6内衣 | L2,Calvin Klein Underwear | ⭐⭐3.6内衣 | L2 | Calvin Klein | 10:00营业,ocr/input_videos\上海__尚嘉中心__20260826.mp4
OBS-000328,尚嘉中心,FoodGame超级厨房,FoodGame超级厨房,西餐,3.7,30,LG2,rated,True,,rated,parsed,rating_anchor,0.9647,0.9872,55,3192,54.244,⭐🌟3.7 | LG2 | 西餐￥30/人,FoodGame超级厨房 | ⭐🌟3.7 | LG2 | 西餐￥30/人 | FOODGAME | 超 | 超·级 | 我们是您的放心食堂,ocr/input_videos\上海__尚嘉中心__20260826.mp4
OBS-000329,尚嘉中心,月湖萃·普通小馆·新本帮,月湖萃·普通小馆·新本帮,本帮菜,3.9,89,LG1,rated,True,,rated,parsed,rating_anchor,0.9591,0.9757,51,3192,54.244,LG1 | 3.9本帮菜￥89/人,月湖萃·普通小馆·新本帮 | LG1 | 3.9本帮菜￥89/人 | 休息中,ocr/input_videos\上海__尚嘉中心__20260826.mp4
OBS-000330,尚嘉中心,FoodGame超级厨房,FoodGame超级厨房,西餐,3.7,30,LG2,rated,True,,rated,parsed,rating_anchor,0.9799,0.9902,55,3276,55.672,LG2 | 3.7西餐￥30/人 | 🌟🌟🌟🌟🌟,FoodGame超级厨房 | LG2 | 3.7西餐￥30/人 | 🌟🌟🌟🌟🌟 | FOODGAME | 超·级 | 我们是您的放心,ocr/input_videos\上海__尚嘉中心__20260826.mp4
OBS-000331,尚嘉中心,月湖萃·普通小馆·新本帮,月湖萃·普通小馆·新本帮,本帮菜,3.9,89,LG1,rated,True,,rated,parsed,rating_anchor,0.9564,0.9751,57,3276,55.672,LG1 | 3.9本帮菜￥89/人,月湖萃·普通小馆·新本帮 | LG1 | 3.9本帮菜￥89/人 | 休息中,ocr/input_videos\上海__尚嘉中心__20260826.mp4
OBS-000332,尚嘉中心,ShiYi Hair Salon,ShiYiHairSalon,美发,3.9,593,L3,rated,True,,rated,parsed,rating_anchor,0.9741,0.992,51,3276,55.672,3.9美发￥593/人 | L3,ShiYi Hair Salon | Devilhands&shivi | 3.9美发￥593/人 | L3 | 10:00营业 | ￥987.7折 | ￥188 | 碳酸泉洗吹造型/精油... | 惠,ocr/input_videos\上海__尚嘉中心__20260826.mp4
OBS-000333,尚嘉中心,平成屋·午肴夜酒,平成屋·午肴夜酒,日式料理,4.6,81,L3,rated,True,,rated,parsed,rating_anchor,0.9862,0.9807,52,3276,55.672,4.6日式料理 | L3 | ￥81/人,平成屋·午肴夜酒 | 海千商 | 4.6日式料理 | L3 | ￥81/人 | 服务热情，让你心情大好” | 暂停营业,ocr/input_videos\上海__尚嘉中心__20260826.mp4
OBS-000334,尚嘉中心,俄罗斯进口冰淇淋自动售货机,俄罗斯进口冰淇淋自动售货机,冰淇淋,3.7,11,LG2,rated,True,,rated,parsed,rating_anchor,0.975,0.9982,54,3276,55.672,LG2 | 3.7冰淇淋￥11/人,俄罗斯进口冰淇淋自动售货机 | LG2 | 3.7冰淇淋￥11/人 | 10:00营业 | THANN,ocr/input_videos\上海__尚嘉中心__20260826.mp4
OBS-000335,尚嘉中心,FoodGame超级厨房,FoodGame超级厨房,西餐,3.7,30,LG2,rated,True,,rated,parsed,rating_anchor,0.9688,0.9895,51,3300,56.08,LG2 | ⭐🌟⭐3.7 | 西餐￥30/人,FoodGame超级厨房 | LG2 | ⭐🌟⭐3.7 | 西餐￥30/人 | FOODGAME | 超·级 | 2 | 我们是您的放心食,ocr/input_videos\上海__尚嘉中心__20260826.mp4
OBS-000336,尚嘉中心,月湖萃·普通小馆·新本帮,月湖萃·普通小馆·新本帮,本帮菜,3.9,89,LG1,rated,True,,rated,parsed,rating_anchor,0.9701,0.9754,50,3300,56.08,LG1 | 🌟⭐3.9 | 本帮菜￥89/人,月湖萃·普通小馆·新本帮 | LG1 | 🌟⭐3.9 | 本帮菜￥89/人 | 休息中,ocr/input_videos\上海__尚嘉中心__20260826.mp4
OBS-000337,尚嘉中心,ShiYi Hair Salon,ShiYiHairSalon,美发,3.9,593,L3,rated,True,,rated,parsed,rating_anchor,0.9587,0.9654,56,3300,56.08,🌟🌟⭐🌟🌟 | 美发￥593/人 | L3 | 3.9,ShiYi Hair Salon | Devilhands&shivi | 🌟🌟⭐🌟🌟 | 美发￥593/人 | L3 | 3.9 | 10:00营业 | ￥987.7折 | ￥188 | 惠 | 碳酸泉洗吹造型/精油...,ocr/input_videos\上海__尚嘉中心__20260826.mp4
OBS-000338,尚嘉中心,平成屋·午肴夜酒,平成屋·午肴夜酒,日式料理,4.6,81,L3,rated,True,,rated,parsed,rating_anchor,0.9926,0.9858,57,3300,56.08,L3 | 🌟🌟🌟🌟🌟 | 日式料理 | ￥81/人 | 4.6,平成屋·午肴夜酒 | 喜千南 | L3 | 🌟🌟🌟🌟🌟 | 日式料理 | ￥81/人 | 4.6 | 服务热情，让你心情大好” | 中 | 暂停营业,ocr/input_videos\上海__尚嘉中心__20260826.mp4
OBS-000339,尚嘉中心,俄罗斯进口冰淇淋自动售货机,俄罗斯进口冰淇淋自动售货机,冰淇淋,3.7,11,LG2,rated,True,,rated,parsed,rating_anchor,0.9776,0.9982,54,3300,56.08,LG2 | 🌟🌟🌟🌟🌟 | 冰淇淋￥11/人 | 3.7,俄罗斯进口冰淇淋自动售货机 | LG2 | 🌟🌟🌟🌟🌟 | 冰淇淋￥11/人 | 3.7 | 10:00营业,ocr/input_videos\上海__尚嘉中心__20260826.mp4
OBS-000340,尚嘉中心,THANN,THANN,化妆品,3.7,600,LG1,rated,True,,rated,parsed,rating_anchor,0.9979,0.9991,45,3300,56.08,LG1 | ￥600/人 | ⭐🌟⭐💥🌟 | 化妆品 | 3.7,"THANN | LG1 | ￥600/人 | ⭐🌟⭐💥🌟 | 化妆品 | 3.7 | THANN"" | 回",ocr/input_videos\上海__尚嘉中心__20260826.mp4
OBS-000341,尚嘉中心,平成屋·午肴夜酒,平成屋·午肴夜酒,里,4.6,81,L3,rated,True,,rated,parsed,rating_anchor,0.9594,0.9842,58,3348,56.895,🌟🌟🌟🌟🌟 | 里￥81/人 | 日式料理 | L3 | 4.6,平成屋·午肴夜酒 | 嘉千商 | 🌟🌟🌟🌟🌟 | 里￥81/人 | 日式料理 | L3 | 4.6 | 服务热情，让你心情大好” | ( | 暂停营业,ocr/input_videos\上海__尚嘉中心__20260826.mp4
OBS-000342,尚嘉中心,俄罗斯进口冰淇淋自动售货机,俄罗斯进口冰淇淋自动售货机,冰淇淋,3.7,11,LG2,rated,True,,rated,parsed,rating_anchor,0.9824,0.9974,60,3348,56.895,LG2 | 3.7冰淇淋￥11/人 | 🌟🌟🌟🌟🌟,俄罗斯进口冰淇淋自动售货机 | LG2 | 3.7冰淇淋￥11/人 | 🌟🌟🌟🌟🌟 | 10:00营业,ocr/input_videos\上海__尚嘉中心__20260826.mp4
OBS-000343,尚嘉中心,THANN,THANN,化妆品,3.7,600,LG1,rated,True,,rated,parsed,rating_anchor,0.9644,0.9987,49,3348,56.895,3.7化妆品￥600/人 | LG1,"THANN | 3.7化妆品￥600/人 | LG1 | 回THANN"" | 10:00营业",ocr/input_videos\上海__尚嘉中心__20260826.mp4
OBS-000344,尚嘉中心,Maison Margiela Café,MaisonMargielaCafé,咖啡,3.9,44,L1,rated,True,,rated,parsed,rating_anchor,0.971,0.9934,65,3348,56.895,3.9咖啡￥44/人 | L1,Maison Margiela Café | 3.9咖啡￥44/人 | L1 | Maison Margiela | Cafe | 10:00营业,ocr/input_videos\上海__尚嘉中心__20260826.mp4
OBS-000345,尚嘉中心,ENOTECA葡萄酒,ENOTECA葡萄酒,饮品,3.9,337,LG1,rated,True,,rated,parsed,rating_anchor,0.9766,0.9984,52,3348,56.895,3.9饮品￥337/人 | LG1,ENOTECA葡萄酒 | 3.9饮品￥337/人 | LG1 | 10:00营业,ocr/input_videos\上海__尚嘉中心__20260826.mp4
OBS-000346,尚嘉中心,MUR MUR MOON,MURMURMOON,服饰鞋包,4.8,3003,L2,rated,True,,rated,parsed,rating_anchor,0.98,0.9609,48,3348,56.895,L2 | 🌟🌟🌟⭐🌟 | 服饰鞋包 | 4.8 | ￥3003/人,MUR MUR MOON | L2 | 🌟🌟🌟⭐🌟 | 服饰鞋包 | 4.8 | ￥3003/人 | 点评榜单 | 虹桥/古北服饰鞋包好评榜第5名 | 10:00营业 | 设计品独一无二，店内布置优雅 | 5,ocr/input_videos\上海__尚嘉中心__20260826.mp4
OBS-000347,尚嘉中心,俄罗斯进口冰淇淋自动售货机,俄罗斯进口冰淇淋自动售货机,冰淇淋,3.7,11,LG2,rated,True,,rated,parsed,rating_anchor,0.9647,0.9973,56,3384,57.507,LG2 | 3.7冰淇淋￥11/人,俄罗斯进口冰淇淋自动售货机 | LG2 | 3.7冰淇淋￥11/人 | 2 | 10:00营业,ocr/input_videos\上海__尚嘉中心__20260826.mp4
OBS-000348,尚嘉中心,THANN,THANN,化妆品,3.7,600,LG1,rated,True,,rated,parsed,rating_anchor,0.9702,0.9981,50,3384,57.507,3.7化妆品￥600/人 | LG1,"THANN | 3.7化妆品￥600/人 | LG1 | ]THANN"" | 回 | 10:00营业",ocr/input_videos\上海__尚嘉中心__20260826.mp4
OBS-000349,尚嘉中心,Maison Margiela Café,MaisonMargielaCafé,咖啡,3.9,44,L1,rated,True,,rated,parsed,rating_anchor,0.9582,0.9874,63,3384,57.507,⭐🌟⭐🌟3.9 | L1 | 咖啡￥44/人,Maison Margiela Café | ⭐🌟⭐🌟3.9 | L1 | 咖啡￥44/人 | Maison Margiela | Cale | 10:00营业,ocr/input_videos\上海__尚嘉中心__20260826.mp4
OBS-000350,尚嘉中心,ENOTECA葡萄酒,ENOTECA葡萄酒,饮品,3.9,337,LG1,rated,True,,rated,parsed,rating_anchor,0.9739,0.998,58,3384,57.507,饮品￥337/人 | 🌟🌟⭐🌟🌟 | LG1 | 3.9,ENOTECA葡萄酒 | 1G | 饮品￥337/人 | 🌟🌟⭐🌟🌟 | LG1 | 3.9 | 国国包 | 20 | 10:00营业,ocr/input_videos\上海__尚嘉中心__20260826.mp4
OBS-000351,尚嘉中心,MUR MUR MOON,MURMURMOON,服饰鞋包,4.8,3003,L2,rated,True,,rated,parsed,rating_anchor,0.9749,0.9508,51,3384,57.507,L2 | 服饰鞋包 | 🌟🌟🌟🌟🌟 | ￥3003/人 | 4.8,MUR MUR MOON | L2 | 服饰鞋包 | 🌟🌟🌟🌟🌟 | ￥3003/人 | 4.8 | 点评榜单 | 虹桥/古北服饰鞋包好评榜第5名 | 10:00营业 | 设计品独一无二，店内布置优雅 | “ | 55,ocr/input_videos\上海__尚嘉中心__20260826.mp4
OBS-000352,尚嘉中心,集思合庐定制茶,集思合庐定制茶,饮品,3.8,290,L3,rated,True,,rated,parsed,rating_anchor,0.9517,0.9368,55,3384,57.507,🌟🌟🎉🌟🌟 | 3.8饮品￥290/人 | L3,集思合庐定制茶 | 思 | 合 | 🌟🌟🎉🌟🌟 | 3.8饮品￥290/人 | L3 | 集 | 座 | 定製 | 10:00营业,ocr/input_videos\上海__尚嘉中心__20260826.mp4
OBS-000353,尚嘉中心,俄罗斯进口冰淇淋自动售货机,俄罗斯进口冰淇淋自动售货机,冰淇淋,3.7,11,LG2,rated,True,,rated,parsed,rating_anchor,0.9721,0.9979,56,3408,57.915,3.7冰淇淋￥11/人 | LG2,俄罗斯进口冰淇淋自动售货机 | 3.7冰淇淋￥11/人 | LG2 | 10:00营业,ocr/input_videos\上海__尚嘉中心__20260826.mp4
OBS-000354,尚嘉中心,THANN,THANN,化妆品,3.7,600,LG1,rated,True,,rated,parsed,rating_anchor,0.9864,0.999,46,3408,57.915,LG1 | 🌟🌟⭐🌟🌟 | 3.7化妆品￥600/人,"THANN | LG1 | 🌟🌟⭐🌟🌟 | 3.7化妆品￥600/人 | THANN"" | 回 | 10:00营业",ocr/input_videos\上海__尚嘉中心__20260826.mp4
OBS-000355,尚嘉中心,Maison Margiela Café,MaisonMargielaCafé,咖啡,3.9,44,L1,rated,True,,rated,parsed,rating_anchor,0.9633,0.9967,58,3408,57.915,🌟🌟🌟3.9 | L1 | 咖啡￥44/人,Maison Margiela Café | 🌟🌟🌟3.9 | L1 | 咖啡￥44/人 | Maison Margiela | Caf | 10:00营业,ocr/input_videos\上海__尚嘉中心__20260826.mp4
OBS-000356,尚嘉中心,ENOTECA葡萄酒,ENOTECA葡萄酒,饮品,3.9,337,LG1,rated,True,,rated,parsed,rating_anchor,0.9731,0.9983,55,3408,57.915,3.9饮品￥337/人 | LG1,ENOTECA葡萄酒 | EIITIG | 3.9饮品￥337/人 | LG1 | 009 | 10:00营业,ocr/input_videos\上海__尚嘉中心__20260826.mp4
OBS-000357,尚嘉中心,MUR MUR MOON,MURMURMOON,服饰鞋包,4.8,3003,L2,rated,True,,rated,parsed,rating_anchor,0.9588,0.955,48,3408,57.915,服饰鞋包￥3003/人 | 🌟🌟🌟🌟🌟 | L2 | 4.8,MUR MUR MOON | 服饰鞋包￥3003/人 | 🌟🌟🌟🌟🌟 | L2 | 4.8 | 点评榜单 | 虹桥/古北服饰鞋包好评榜第5名 | 10:00营业 | 设计品独一无二，店内布置优雅”,ocr/input_videos\上海__尚嘉中心__20260826.mp4
OBS-000358,尚嘉中心,集思合庐定制茶,集思合庐定制茶,饮品,3.8,290,L3,rated,True,,rated,parsed,rating_anchor,0.9525,0.9497,60,3408,57.915,3.8饮品￥290/人 | L3,集思合庐定制茶 | 除 | 思 | 3.8饮品￥290/人 | L3 | 集 | 蓝 | 定裂 | 10:00营业,ocr/input_videos\上海__尚嘉中心__20260826.mp4
OBS-000359,尚嘉中心,Maison Margiela Café,MaisonMargielaCafé,咖啡,3.9,44,L1,rated,True,,rated,parsed,rating_anchor,0.9562,0.9878,61,3432,58.323,咖啡￥44/人 | 🌟★🌟🌟★ | L1 | 3.9,Maison Margiela Café | 咖啡￥44/人 | 🌟★🌟🌟★ | L1 | 3.9 | Maison Margiela | Cale | 10:00营业,ocr/input_videos\上海__尚嘉中心__20260826.mp4
OBS-000360,尚嘉中心,ENOTECA葡萄酒,ENOTECA葡萄酒,饮品,3.9,337,LG1,rated,True,,rated,parsed,rating_anchor,0.9708,0.997,57,3432,58.323,LG1 | 饮品￥337/人 | 🌟🌟🌟⭐3.9,ENOTECA葡萄酒 | EIIT1O | LG1 | 饮品￥337/人 | 🌟🌟🌟⭐3.9 | G间 | 10:00营业,ocr/input_videos\上海__尚嘉中心__20260826.mp4
OBS-000361,尚嘉中心,MUR MUR MOON,MURMURMOON,服饰鞋包,4.8,3003,L2,rated,True,,rated,parsed,rating_anchor,0.9657,0.9327,51,3432,58.323,L2 | 服饰鞋包 | ￥3003/人 | 🌟🎉🎉🌟 | 4.8,MUR MUR MOON | L2 | 服饰鞋包 | ￥3003/人 | 🌟🎉🎉🌟 | 4.8 | 点评榜单 | 虹桥/古北服饰鞋包好评榜第5名 | 10:00营业 | 设计品独一，店内布置优雅 | “ | 55,ocr/input_videos\上海__尚嘉中心__20260826.mp4
OBS-000362,尚嘉中心,集思合庐定制茶,集思合庐定制茶,饮品,3.8,290,L3,rated,True,,rated,parsed,rating_anchor,0.9288,0.9351,55,3432,58.323,3.8饮品￥290/人 | L3,集思合庐定制茶 | 福 | 3.8饮品￥290/人 | L3 | 集 | 盛 | 尖象 | 10:00营业,ocr/input_videos\上海__尚嘉中心__20260826.mp4
OBS-000363,尚嘉中心,と食べる料理,と食べる料理,日本料理,,,LG2,unrated,False,explicitly_unrated,unrated,parsed,unrated_anchor,0.9989,0.9985,56,3432,58.323,LG2 | 暂无星级 | 日本料理 | ★★★★★,と食べる料理 | LG2 | 暂无星级 | 日本料理 | ★★★★★ | 美食,ocr/input_videos\上海__尚嘉中心__20260826.mp4
OBS-000364,尚嘉中心,ASCOTCHANG诗阁,ASCOTCHANG诗阁,西服定制,3.4,,商场内,rated,True,,rated,parsed,rating_anchor,0.9273,0.9972,55,3432,58.323,⭐⭐⭐3.4 西服定制 | 商场内,ASCOTCHANG诗阁 | ⭐⭐⭐3.4 西服定制 | 商场内 | 10:00营业,ocr/input_videos\上海__尚嘉中心__20260826.mp4
OBS-000365,尚嘉中心,MUR MUR MOON,MURMURMOON,服饰鞋包,4.8,3003,L2,rated,True,,rated,parsed,rating_anchor,0.9832,0.9668,48,3480,59.138,L2 | 🌟🌟🌟🌟🌟 | 服饰鞋包 | ￥3003/人 | 4.8,MUR MUR MOON | L2 | 🌟🌟🌟🌟🌟 | 服饰鞋包 | ￥3003/人 | 4.8 | 点评榜单 | 虹桥/古北服饰鞋包好评榜第5名 | 10:00营业 | 设计品独一无二，店内布置优雅 | 1,ocr/input_videos\上海__尚嘉中心__20260826.mp4
OBS-000366,尚嘉中心,集思合庐定制茶,集思合庐定制茶,饮品,3.8,290,L3,rated,True,,rated,parsed,rating_anchor,0.9475,0.9436,52,3480,59.138,饮品￥290/人 | L3 | ★★★★★ | 3.8,集思合庐定制茶 | 想 | 店 | 饮品￥290/人 | L3 | ★★★★★ | 3.8 | 集 | 蓝 | 定装 | 10:00营业,ocr/input_videos\上海__尚嘉中心__20260826.mp4
OBS-000367,尚嘉中心,と食べる料理,と食べる料理,日本料理,,,LG2,unrated,False,explicitly_unrated,unrated,parsed,unrated_anchor,0.9993,0.9996,59,3480,59.138,LG2 | 暂无星级 | 日本料理 | ★★★★★,と食べる料理 | LG2 | 暂无星级 | 日本料理 | ★★★★★ | 美食,ocr/input_videos\上海__尚嘉中心__20260826.mp4
OBS-000368,尚嘉中心,ASCOTCHANG诗阁,ASCOTCHANG诗阁,西服定制,3.4,,商场内,rated,True,,rated,parsed,rating_anchor,0.9555,0.9985,51,3480,59.138,商场内 | ⭐⭐3.4西服定制,ASCOTCHANG诗阁 | 商场内 | ⭐⭐3.4西服定制 | 10:00营业,ocr/input_videos\上海__尚嘉中心__20260826.mp4
OBS-000369,尚嘉中心,陈锦记·港式餐厅,陈锦记·港式餐厅,小吃,3.9,,LG2,rated,True,,rated,parsed,rating_anchor,0.9885,0.9937,55,3480,59.138,3.9小吃 | LG2,陈锦记·港式餐厅 | 3.9小吃 | LG2 | 港式烧腊 | 国上 | 国,ocr/input_videos\上海__尚嘉中心__20260826.mp4
OBS-000370,尚嘉中心,幺鸾,幺鸾,零食,3.4,,商场内,rated,True,,rated,parsed,rating_anchor,0.8593,0.719,63,3480,59.138,🌟🌟🌟 | 商场内 | 零食 | ⭐⭐ | 3.4,幺鸾 | 🌟🌟🌟 | 商场内 | 零食 | ⭐⭐ | 3.4 | 美食,ocr/input_videos\上海__尚嘉中心__20260826.mp4
OBS-000371,尚嘉中心,集思合庐定制茶,集思合庐定制茶,饮品,3.8,290,L3,rated,True,,rated,parsed,rating_anchor,0.9473,0.9447,55,3516,59.75,🌟⭐🌟3.8 | 饮品￥290/人 | L3,集思合庐定制茶 | 思 | 心 | 🌟⭐🌟3.8 | 饮品￥290/人 | L3 | 集 | 庭 | 定浆 | 10:00营业,ocr/input_videos\上海__尚嘉中心__20260826.mp4
OBS-000372,尚嘉中心,と食べる料理,と食べる料理,日本料理,,,LG2,unrated,False,explicitly_unrated,unrated,parsed,unrated_anchor,0.9994,0.9994,54,3516,59.75,LG2 | 暂无星级 | ★★★★★ | 日本料理,と食べる料理 | LG2 | 暂无星级 | ★★★★★ | 日本料理 | 美食,ocr/input_videos\上海__尚嘉中心__20260826.mp4
OBS-000373,尚嘉中心,ASCOTCHANG诗阁,ASCOTCHANG诗阁,西服定制,3.4,,商场内,rated,True,,rated,parsed,rating_anchor,0.9977,0.9985,50,3516,59.75,商场内 | 🌟🌟⭐ | 3.4西服定制 | ★★,ASCOTCHANG诗阁 | 商场内 | 🌟🌟⭐ | 3.4西服定制 | ★★ | 10:00营业,ocr/input_videos\上海__尚嘉中心__20260826.mp4
OBS-000374,尚嘉中心,陈锦记·港式餐厅,陈锦记·港式餐厅,小吃,3.9,,LG2,rated,True,,rated,parsed,rating_anchor,0.9966,0.9938,51,3516,59.75,小吃 | 🌟🌟🎉🌟🌟 | LG2 | 3.9,陈锦记·港式餐厅 | 广陈锦记 | 小吃 | 🌟🌟🎉🌟🌟 | LG2 | 3.9 | 港式烧腊,ocr/input_videos\上海__尚嘉中心__20260826.mp4
OBS-000375,尚嘉中心,幺鸾,幺鸾,零食,3.4,,商场内,rated,True,,rated,parsed,rating_anchor,0.8983,0.7969,61,3516,59.75,⭐🌟🌟⭐🌟3.4 | 零食 | 商场内,幺鸾 | ⭐🌟🌟⭐🌟3.4 | 零食 | 商场内 | 美食,ocr/input_videos\上海__尚嘉中心__20260826.mp4
OBS-000376,尚嘉中心,EP雅莹,EP雅莹,服装,3.5,,L2,rated,True,,rated,parsed,rating_anchor,0.9991,0.9984,56,3516,59.75,服装 | 🌟🌟⭐🌟⭐ | L2 | 3.5,EP雅莹 | 服装 | 🌟🌟⭐🌟⭐ | L2 | 3.5 | YAYING | EP | 10:30营业,ocr/input_videos\上海__尚嘉中心__20260826.mp4
OBS-000377,尚嘉中心,集思合庐定制茶,集思合庐定制茶,饮品,3.8,290,L3,rated,True,,rated,parsed,rating_anchor,0.9524,0.9448,52,3564,60.566,饮品￥290/人 | L3 | 🌟🌟🌟🌟🌟 | 3.8,集思合庐定制茶 | 饮品￥290/人 | L3 | 🌟🌟🌟🌟🌟 | 3.8 | 集 | 定製 | 10:00营业,ocr/input_videos\上海__尚嘉中心__20260826.mp4
OBS-000378,尚嘉中心,と食べる料理,と食べる料理,日本料理,,,LG2,unrated,False,explicitly_unrated,unrated,parsed,unrated_anchor,0.9989,0.9994,55,3564,60.566,★★★★★ | 暂无星级 | LG2 | 日本料理,と食べる料理 | ★★★★★ | 暂无星级 | LG2 | 日本料理 | 美食,ocr/input_videos\上海__尚嘉中心__20260826.mp4
OBS-000379,尚嘉中心,ASCOTCHANG诗阁,ASCOTCHANG诗阁,西服定制,3.4,,商场内,rated,True,,rated,parsed,rating_anchor,0.9975,0.9987,54,3564,60.566,商场内 | ⭐🌟⭐ | ⭐⭐ | 西服定制 | 3.4,ASCOTCHANG诗阁 | 商场内 | ⭐🌟⭐ | ⭐⭐ | 西服定制 | 3.4 | 10:00营业,ocr/input_videos\上海__尚嘉中心__20260826.mp4
OBS-000380,尚嘉中心,陈锦记·港式餐厅,陈锦记·港式餐厅,小吃,3.9,,LG2,rated,True,,rated,parsed,rating_anchor,0.9956,0.992,54,3564,60.566,小吃 | LG2 | ⭐🌟🌟3.9,陈锦记·港式餐厅 | 陈锦记 | 小吃 | LG2 | ⭐🌟🌟3.9 | 港式烧腊 | 系,ocr/input_videos\上海__尚嘉中心__20260826.mp4
OBS-000381,尚嘉中心,幺鸾,幺鸾,零食,3.4,,商场内,rated,True,,rated,parsed,rating_anchor,0.9591,0.9211,62,3564,60.566,🌟🌟🌟⭐🌟 | 3.4零食 | 商场内,幺鸾 | 🌟🌟🌟⭐🌟 | 3.4零食 | 商场内 | 美食,ocr/input_videos\上海__尚嘉中心__20260826.mp4
OBS-000382,尚嘉中心,EP雅莹,EP雅莹,服装,3.5,,L2,rated,True,,rated,parsed,rating_anchor,0.9992,0.9987,58,3564,60.566,🌟🌟🌟🌟🌟 | 服装 | L2 | 3.5,EP雅莹 | 🌟🌟🌟🌟🌟 | 服装 | L2 | 3.5 | AYING | EP | 10:30营业 | 沪上百岁角,ocr/input_videos\上海__尚嘉中心__20260826.mp4
OBS-000383,尚嘉中心,幺弯,幺弯,零食,3.4,,商场内,rated,True,,rated,parsed,rating_anchor,0.7653,0.7696,62,3624,61.586,⭐⭐⭐3.4零食 | 商场内,幺弯 | ⭐⭐⭐3.4零食 | 商场内 | 美食,ocr/input_videos\上海__尚嘉中心__20260826.mp4
OBS-000384,尚嘉中心,EP雅莹,EP雅莹,服装,3.5,,L2,rated,True,,rated,parsed,rating_anchor,0.9991,0.9986,54,3624,61.586,服装 | 🌟🌟🌟🌟🌟 | L2 | 3.5,EP雅莹 | 服装 | 🌟🌟🌟🌟🌟 | L2 | 3.5 | YAYING | EP | 10:30营业,ocr/input_videos\上海__尚嘉中心__20260826.mp4
OBS-000385,尚嘉中心,沪上百岁鱼,沪上百岁鱼,小吃快餐,3.6,,商场内,rated,True,,rated,parsed,rating_anchor,0.9972,0.9978,52,3624,61.586,商场内 | 🌟🌟🌟★ | 3.6小吃快餐,沪上百岁鱼 | 沙上百岁鱼 | 商场内 | 🌟🌟🌟★ | 3.6小吃快餐,ocr/input_videos\上海__尚嘉中心__20260826.mp4
OBS-000386,尚嘉中心,FooluMart美食集市,FooluMart美食集市,美食,3.7,16,LG2,rated,True,,rated,parsed,rating_anchor,0.9816,0.999,51,3624,61.586,LG2 | 3.7美食￥16/人 | 🌟🌟🌟⭐⭐,FooluMart美食集市 | LG2 | 3.7美食￥16/人 | 🌟🌟🌟⭐⭐ | 10:00营业,ocr/input_videos\上海__尚嘉中心__20260826.mp4
OBS-000387,尚嘉中心,D&H by Devilhands男士理容店,D&HbyDevilhands男士理容店,美发,3.8,156,L3,rated,True,,rated,parsed,rating_anchor,0.9477,0.9414,54,3624,61.586,美发￥156/人 | L3 | 🌟🌟⭐🌟🌟 | 3.8,D&H by Devilhands男士理容店 | 剪烫染 | 传统修面 | 美发￥156/人 | L3 | 🌟🌟⭐🌟🌟 | 3.8 | D&H | “理发师手法超牛，环境优越生意火爆 | RARRERSHOD | 10:00营业 | ￥98￥136 | 惠 | 三星男士精剪或修面二选一...,ocr/input_videos\上海__尚嘉中心__20260826.mp4
OBS-000388,尚嘉中心,林记新旺角烧腊,林记新旺角烧腊,快餐简餐,3.7,29,LG2,rated,True,,rated,parsed,rating_anchor,0.9837,0.9997,51,3624,61.586,⭐🌟🌟🌟⭐3.7 | 快餐简餐￥29/人 | LG2,林记新旺角烧腊 | 淋记薯旺角烧丽 | ⭐🌟🌟🌟⭐3.7 | 快餐简餐￥29/人 | LG2 | 暂停营业,ocr/input_videos\上海__尚嘉中心__20260826.mp4
OBS-000389,尚嘉中心,D&H byDevilhands男士理容店,D&HbyDevilhands男士理容店,美发,3.8,156,L3,rated,True,,rated,parsed,rating_anchor,0.9749,0.9828,56,3672,62.401,⭐🌟🌟⭐ | 3.8美发￥156/人 | L3,D&H byDevilhands男士理容店 | 剪/烫染 | 传统修面 | ⭐🌟🌟⭐ | 3.8美发￥156/人 | L3 | D&M | 理发师手法超牛，环境优越生意火爆 | BARRERSHOD | 10:00营业 | ￥98￥136三星男士精剪或修面二选.. | 惠,ocr/input_videos\上海__尚嘉中心__20260826.mp4
OBS-000390,尚嘉中心,林记新旺角烧腊,林记新旺角烧腊,快餐简餐,3.7,29,LG2,rated,True,,rated,parsed,rating_anchor,0.9728,0.9982,52,3672,62.401,LG2 | 3.7快餐简餐￥29/人,林记新旺角烧腊 | 前迎新旺鱼烧册 | LG2 | 3.7快餐简餐￥29/人 | 暂停营业,ocr/input_videos\上海__尚嘉中心__20260826.mp4
OBS-000391,尚嘉中心,Monchouchou檬舒舒,Monchouchou檬舒舒,甜品,3.9,56,L2,rated,True,,rated,parsed,rating_anchor,0.9607,0.9988,51,3672,62.401,3.9甜品￥56/人 | L2,Monchouchou檬舒舒 | 3.9甜品￥56/人 | L2 | 10:00营业,ocr/input_videos\上海__尚嘉中心__20260826.mp4
OBS-000392,尚嘉中心,东阳光鲜虫草,东阳光鲜虫草,杂货礼品,4.8,1834,LG2,rated,True,,rated,parsed,rating_anchor,0.9768,0.9921,52,3672,62.401,🌟🎉🎉4.8 | LG2 | 杂货礼品￥1834/人,东阳光鲜虫草 | 所阳兴财生面 | 🌟🎉🎉4.8 | LG2 | 杂货礼品￥1834/人 | 燕盏品质均匀，礼盒端庄大气” | 10:00营业 | 惠￥19.9￥88 | 【超值尝鲜】东阳光鲜虫草...,ocr/input_videos\上海__尚嘉中心__20260826.mp4
OBS-000393,尚嘉中心,蒙自源米线,蒙自源米线,小吃快餐,3.7,24,LG2,rated,True,,rated,parsed,rating_anchor,0.9705,0.9993,56,3672,62.401,3.7小吃快餐￥24/人 | LG2,蒙自源米线 | 3.7小吃快餐￥24/人 | LG2,ocr/input_videos\上海__尚嘉中心__20260826.mp4
OBS-000394,尚嘉中心,D&H by Devilhands男士理容店,D&HbyDevilhands男士理容店,美发,3.8,156,L3,rated,True,,rated,parsed,rating_anchor,0.9654,0.971,51,3708,63.013,L3 | ★🌟🌟🌟🌟 | 美发￥156/人 | 3.8,D&H by Devilhands男士理容店 | 剪/烫染 | 传统修面 | L3 | ★🌟🌟🌟🌟 | 美发￥156/人 | 3.8 | D&M | “理发师手法超牛，环境优越生意火爆 | BARRERSHOD | 10:00营业 | 三星男士精剪或修面二选一.. | ￥98￥136 | 惠,ocr/input_videos\上海__尚嘉中心__20260826.mp4
OBS-000395,尚嘉中心,林记新旺角烧腊,林记新旺角烧腊,快餐简餐,3.7,29,LG2,rated,True,,rated,parsed,rating_anchor,0.9799,0.9997,54,3708,63.013,⭐🌟⭐3.7 | LG2 | 快餐简餐￥29/人,林记新旺角烧腊 | 淋记福旺角烧丽 | ⭐🌟⭐3.7 | LG2 | 快餐简餐￥29/人 | 暂停营业,ocr/input_videos\上海__尚嘉中心__20260826.mp4
OBS-000396,尚嘉中心,Monchouchou檬舒舒,Monchouchou檬舒舒,甜品,3.9,56,L2,rated,True,,rated,parsed,rating_anchor,0.9662,0.9993,47,3708,63.013,★🌟★🌟🌟 | L2 | 甜品￥56/人 | 3.9,Monchouchou檬舒舒 | A | ★🌟★🌟🌟 | L2 | 甜品￥56/人 | 3.9 | 10:00营业,ocr/input_videos\上海__尚嘉中心__20260826.mp4
OBS-000397,尚嘉中心,东阳光鲜虫草,东阳光鲜虫草,杂货礼品,,1834,LG2,unknown,True,,ocr_missing,parsed,metadata_anchor,0.978,0.9918,51,3708,63.013,LG2 | ⭐🌟🌟⭐🌟 | 杂货礼品￥1834/人 | 14.8,东阳光鲜虫草 | 午阳齐好宝 | LG2 | ⭐🌟🌟⭐🌟 | 杂货礼品￥1834/人 | 14.8 | 旺 | 燕盏品质均匀，礼盒端庄大气“ | “ | 10:00营业 | ￥19.9￥88 | 【超值尝鲜】东阳光鲜虫草... | 惠,ocr/input_videos\上海__尚嘉中心__20260826.mp4
OBS-000398,尚嘉中心,蒙自源米线,蒙自源米线,小吃快餐,3.7,24,LG2,rated,True,,rated,parsed,rating_anchor,0.976,0.9987,52,3708,63.013,LG2 | 🌟🌟🌟🌟🌟 | 3.7小吃快餐￥24/人,蒙自源米线 | LG2 | 🌟🌟🌟🌟🌟 | 3.7小吃快餐￥24/人 | 蒙自源 | 爆款米线5折起,ocr/input_videos\上海__尚嘉中心__20260826.mp4
OBS-000399,尚嘉中心,烤串,烤串,美食,,,LG1,unrated,False,explicitly_unrated,unrated,parsed,unrated_anchor,0.9999,0.9999,57,3708,63.013,美食 | ★🌟★★ | 暂无星级 | LG1,烤串 | 怪馅OBNNE | 美食 | ★🌟★★ | 暂无星级 | LG1,ocr/input_videos\上海__尚嘉中心__20260826.mp4
OBS-000400,尚嘉中心,东阳光鲜虫草,东阳光鲜虫草,杂货礼品,4.8,1834,LG2,rated,True,,rated,parsed,rating_anchor,0.9773,0.9937,52,3768,64.033,🌟🌟🌟🌟🌟 | 杂货礼品￥1834/人 | LG2 | 4.8,东阳光鲜虫草 | 阳光调生 | 🌟🌟🌟🌟🌟 | 杂货礼品￥1834/人 | LG2 | 4.8 | 燕盏品质均匀，礼盒端庄大气” | 10:00营业 | ￥19.9￥88 | 惠 | 【超值尝鲜】东阳光鲜虫草...,ocr/input_videos\上海__尚嘉中心__20260826.mp4
OBS-000401,尚嘉中心,蒙自源米线,蒙自源米线,小吃快餐,3.7,24,LG2,rated,True,,rated,parsed,rating_anchor,0.9835,0.9997,55,3768,64.033,LG2 | 🌟🌟⭐🌟🌟 | 3.7小吃快餐￥24/人,蒙自源米线 | LG2 | 🌟🌟⭐🌟🌟 | 3.7小吃快餐￥24/人 | 蒙自源 | 爆款米线5折起,ocr/input_videos\上海__尚嘉中心__20260826.mp4
OBS-000402,尚嘉中心,烤串,烤串,美食,,,LG1,unrated,False,explicitly_unrated,unrated,parsed,unrated_anchor,0.9999,0.9999,61,3768,64.033,LG1 | 美食 | 暂无星级 | ★★★★★,烤串 | B.DN | 送阳 | 平烤 | LG1 | 美食 | 暂无星级 | ★★★★★ | 即将开业,ocr/input_videos\上海__尚嘉中心__20260826.mp4
OBS-000403,尚嘉中心,琉璃工房,琉璃工房,综合珠宝...,4.2,2203,L3,rated,True,,rated,parsed,rating_anchor,0.9542,0.9994,56,3768,64.033,🌟🌟🌟⭐⭐ | 4.2综合珠宝... | ￥2203/人L3,琉璃工房 | 🌟🌟🌟⭐⭐ | 4.2综合珠宝... | ￥2203/人L3 | 10:00营业,ocr/input_videos\上海__尚嘉中心__20260826.mp4
OBS-000404,尚嘉中心,DAHON大行折叠自行车(尚嘉中...,DAHON大行折叠自行车(尚嘉中,自行车/电..,,4831,L1,unknown,True,,ocr_missing,parsed,metadata_anchor,0.9269,0.9399,61,3768,64.033,🌟🌟🌟🌟🌟 | ￥4831/人L1 | 14.8 | 自行车/电..,DAHON大行折叠自行车(尚嘉中... | DAHN | 🌟🌟🌟🌟🌟 | ￥4831/人L1 | 14.8 | 自行车/电.. | 点评榜单 | 天山自行车/电动车好评榜第2名 | 10:00营业 | 颜值超高，折叠方便放后备箱,ocr/input_videos\上海__尚嘉中心__20260826.mp4
OBS-000405,尚嘉中心,东阳光鲜虫草,东阳光鲜虫草,杂货礼品,4.8,1834,LG2,rated,True,,rated,parsed,rating_anchor,0.9806,0.9941,52,3792,64.441,🌟🌟🌟🌟🌟 | LG2 | 杂货礼品￥1834/人 | 4.8,东阳光鲜虫草 | 阳光科生面 | 🌟🌟🌟🌟🌟 | LG2 | 杂货礼品￥1834/人 | 4.8 | 燕盏品质均匀，礼盒端庄大气” | 10:00营业 | ￥19.9￥88 | 惠 | 【超值尝鲜】东阳光鲜虫草..,ocr/input_videos\上海__尚嘉中心__20260826.mp4
OBS-000406,尚嘉中心,蒙自源米线,蒙自源米线,小吃快餐,3.7,24,LG2,rated,True,,rated,parsed,rating_anchor,0.9838,0.9996,55,3792,64.441,LG2 | 🌟🌟⭐🌟🌟 | 3.7小吃快餐￥24/人,蒙自源米线 | LG2 | 🌟🌟⭐🌟🌟 | 3.7小吃快餐￥24/人 | 蒙自源 | 爆款米线5折起,ocr/input_videos\上海__尚嘉中心__20260826.mp4
OBS-000407,尚嘉中心,烤串,烤串,美食,,,LG1,unrated,False,explicitly_unrated,unrated,parsed,unrated_anchor,0.9999,0.9999,61,3792,64.441,LG1 | 暂无星级 | 美食 | ★★★★★,烤串 | BN | 民阳 | 中烤 | LG1 | 暂无星级 | 美食 | ★★★★★ | 即将开业,ocr/input_videos\上海__尚嘉中心__20260826.mp4
OBS-000408,尚嘉中心,琉璃工房,琉璃工房,综合珠宝....,4.2,2203,L3,rated,True,,rated,parsed,rating_anchor,0.9316,0.9995,56,3792,64.441,🌟🌟🌟⭐⭐ | 4.2综合珠宝.... | ￥2203/人L3,琉璃工房 | 🌟🌟🌟⭐⭐ | 4.2综合珠宝.... | ￥2203/人L3 | 10:00营业,ocr/input_videos\上海__尚嘉中心__20260826.mp4
OBS-000409,尚嘉中心,DAHON大行折叠自行车(尚嘉中..,DAHON大行折叠自行车(尚嘉中,自行车/电..,4.8,4831,L1,rated,True,,rated,parsed,rating_anchor,0.9219,0.9361,54,3792,64.441,🌟🌟🎉🎉🌟4.8 | ￥4831/人L1 | 自行车/电..,DAHON大行折叠自行车(尚嘉中.. | DAHN | 🌟🌟🎉🎉🌟4.8 | ￥4831/人L1 | 自行车/电.. | 点评榜单 | 天山自行车/电动车好评榜第2名 | 10:00营业 | 颜值超高，折叠方便放后备箱 | Loro Piana诺悠翩雅,ocr/input_videos\上海__尚嘉中心__20260826.mp4
OBS-000410,尚嘉中心,琉璃工房,琉璃工房,综合珠宝.,4.2,2203,L3,rated,True,,rated,parsed,rating_anchor,0.9868,0.9994,57,3852,65.46,🌟🌟⭐⭐ | 4.2综合珠宝. | ￥2203/人L3 | ★,琉璃工房 | 🌟🌟⭐⭐ | 4.2综合珠宝. | ￥2203/人L3 | ★ | 10:00营业,ocr/input_videos\上海__尚嘉中心__20260826.mp4
OBS-000411,尚嘉中心,DAHON大行折叠自行车(尚嘉中...,DAHON大行折叠自行车(尚嘉中,自行车/电,4.8,4831,L1,rated,True,,rated,parsed,rating_anchor,0.9568,0.9209,57,3852,65.46,⭐🌟🎉🌟🌟4.8 | ￥4831/人L1 | 自行车/电,DAHON大行折叠自行车(尚嘉中... | DAHN | ⭐🌟🎉🌟🌟4.8 | ￥4831/人L1 | 自行车/电 | 3 | 点评榜单 | 天山自行车/电动车好评榜第2名 | 10:00营业 | 颜值超高，折叠方便放后备箱 | K,ocr/input_videos\上海__尚嘉中心__20260826.mp4
OBS-000412,尚嘉中心,Loro Piana诺悠翩雅,LoroPiana诺悠翩雅,奢侈品,4.6,16324,L1,rated,True,,rated,parsed,rating_anchor,0.9718,0.9832,54,3852,65.46,🌟🌟⭐🌟4.6 | L1 | 奢侈品￥16324/人,Loro Piana诺悠翩雅 | 🌟🌟⭐🌟4.6 | L1 | 奢侈品￥16324/人 | Loro Diana | 10:00营业,ocr/input_videos\上海__尚嘉中心__20260826.mp4
OBS-000413,尚嘉中心,梵克雅宝,梵克雅宝,奢侈品,4.7,24447,商场内,rated,True,,rated,parsed,rating_anchor,0.9784,0.9982,57,3852,65.46,4.7奢侈品￥24447/人 | 商场内,梵克雅宝 | 4.7奢侈品￥24447/人 | 商场内 | Am | VC | A | 10:00营业,ocr/input_videos\上海__尚嘉中心__20260826.mp4
OBS-000414,尚嘉中心,Maison Margiela,MaisonMargiela,奢侈品,4.2,,商场内,rated,True,,rated,parsed,rating_anchor,0.9955,0.9961,59,3852,65.46,商场内 | ★🌟🌟⭐🌟 | 4.2奢侈品,Maison Margiela | 商场内 | ★🌟🌟⭐🌟 | 4.2奢侈品 | Maison Margiela | PARIS | 10:00营业,ocr/input_videos\上海__尚嘉中心__20260826.mp4
OBS-000415,尚嘉中心,泡泡玛特机器人商店,泡泡玛特机器人商店,杂货礼品,3.7,134,商场内,rated,True,,rated,parsed,rating_anchor,0.9756,0.9992,58,3852,65.46,3.7杂货礼品￥134/人 | 商场内,泡泡玛特机器人商店 | POP MART | 3.7杂货礼品￥134/人 | 商场内 | SHOP | POP | 10:00营业,ocr/input_videos\上海__尚嘉中心__20260826.mp4
OBS-000416,尚嘉中心,琉璃工房,琉璃工房,综合珠宝.,4.2,2203,L3,rated,True,,rated,parsed,rating_anchor,0.992,0.9992,57,3864,65.664,⭐🌟🌟⭐⭐ | 4.2综合珠宝. | ￥2203/人L3,琉璃工房 | ⭐🌟🌟⭐⭐ | 4.2综合珠宝. | ￥2203/人L3 | 10:00营业,ocr/input_videos\上海__尚嘉中心__20260826.mp4
OBS-000417,尚嘉中心,DAHON大行折叠自行车(尚嘉中...,DAHON大行折叠自行车(尚嘉中,自行车/电..,4.8,4831,L1,rated,True,,rated,parsed,rating_anchor,0.8867,0.9242,54,3864,65.664,🌟🌟🎉🎉🌟4.8 | ￥4831/人L1 | 自行车/电..,DAHON大行折叠自行车(尚嘉中... | DAHN | 🌟🌟🎉🎉🌟4.8 | ￥4831/人L1 | 自行车/电.. | 山 | 点评榜单 | 天山自行车/电动车好评榜第2名 | 10:00营业 | 颜值超高，折叠方便放后备箱 | 3,ocr/input_videos\上海__尚嘉中心__20260826.mp4
OBS-000418,尚嘉中心,Loro Piana诺悠翩雅,LoroPiana诺悠翩雅,奢侈品,4.6,16324,L1,rated,True,,rated,parsed,rating_anchor,0.9663,0.9711,55,3864,65.664,★🌟★★🌟 | 奢侈品￥16324/人 | L1 | 4.6,Loro Piana诺悠翩雅 | ★🌟★★🌟 | 奢侈品￥16324/人 | L1 | 4.6 | Loro Fiana | 2 | 10:00营业,ocr/input_videos\上海__尚嘉中心__20260826.mp4
OBS-000419,尚嘉中心,梵克雅宝,梵克雅宝,奢侈品,4.7,24447,商场内,rated,True,,rated,parsed,rating_anchor,0.9777,0.998,59,3864,65.664,商场内 | 4.7奢侈品￥24447/人,梵克雅宝 | 商场内 | 4.7奢侈品￥24447/人 | An | VC | A | 10:00营业,ocr/input_videos\上海__尚嘉中心__20260826.mp4
OBS-000420,尚嘉中心,Maison Margiela,MaisonMargiela,奢侈品,4.2,,商场内,rated,True,,rated,parsed,rating_anchor,0.8871,0.979,56,3864,65.664,⭐🌟⭐⭐⭐4.2奢侈品 | 商场内,Maison Margiela | ⭐🌟⭐⭐⭐4.2奢侈品 | 商场内 | Maison Margiela | PARIS | 10:00营业,ocr/input_videos\上海__尚嘉中心__20260826.mp4
OBS-000421,尚嘉中心,泡泡玛特机器人商店,泡泡玛特机器人商店,杂货礼品,3.7,134,商场内,rated,True,,rated,parsed,rating_anchor,0.9803,0.9998,55,3864,65.664,3.7杂货礼品￥134/人 | 商场内,泡泡玛特机器人商店 | POP MART | 3.7杂货礼品￥134/人 | 商场内 | SHOP | POPH | 10:00营业,ocr/input_videos\上海__尚嘉中心__20260826.mp4
OBS-000422,尚嘉中心,Loro Piana诺悠翩雅,LoroPiana诺悠翩雅,奢侈品,4.6,16324,L1,rated,True,,rated,parsed,rating_anchor,0.977,0.9862,55,3900,66.276,🌟🌟🌟🌟🌟 | 4.6奢侈品￥16324/人 | L1,Loro Piana诺悠翩雅 | 🌟🌟🌟🌟🌟 | 4.6奢侈品￥16324/人 | L1 | Cana | 10:00营业,ocr/input_videos\上海__尚嘉中心__20260826.mp4
OBS-000423,尚嘉中心,梵克雅宝,梵克雅宝,奢侈品,4.7,24447,商场内,rated,True,,rated,parsed,rating_anchor,0.9677,0.9979,60,3900,66.276,商场内 | 4.7奢侈品￥24447/人,梵克雅宝 | 商场内 | 4.7奢侈品￥24447/人 | A | VC | A | 10:00营业,ocr/input_videos\上海__尚嘉中心__20260826.mp4
OBS-000424,尚嘉中心,Maison Margiela,MaisonMargiela,奢侈品,4.2,,商场内,rated,True,,rated,parsed,rating_anchor,0.9803,0.9674,56,3900,66.276,🌟🌟⭐🌟 | 4.2奢侈品 | 商场内,Maison Margiela | 🌟🌟⭐🌟 | 4.2奢侈品 | 商场内 | Maison Margiela | PARIS | 10:00营业,ocr/input_videos\上海__尚嘉中心__20260826.mp4
OBS-000425,尚嘉中心,泡泡玛特机器人商店,泡泡玛特机器人商店,杂货礼品,3.7,134,商场内,rated,True,,rated,parsed,rating_anchor,0.9644,0.9987,58,3900,66.276,商场内 | 3.7杂货礼品￥134/人,泡泡玛特机器人商店 | POP MART | 商场内 | 3.7杂货礼品￥134/人 | POPH | 10:00营业,ocr/input_videos\上海__尚嘉中心__20260826.mp4
OBS-000426,尚嘉中心,momokira米努特·德文卷毛猫·棉...,momokira米努特·德文卷毛猫·棉,购宠,4.8,487,LG1,rated,True,,rated,parsed,rating_anchor,0.9096,0.8958,60,3900,66.276,🌟🌟🌟🌟4.8 | LG1 | 购宠￥487/人,momokira米努特·德文卷毛猫·棉... | momokira | 🌟🌟🌟🌟4.8 | LG1 | 购宠￥487/人 | 8 | 点评榜单 | 长宁区购宠好评榜第1名 | 2 | 10:00营业 | 洗完香香宝，店员服务细致温柔” | 4 | ￥2709.7折 | ￥318猫洗澡·短毛·精致洗护 | 惠,ocr/input_videos\上海__尚嘉中心__20260826.mp4
OBS-000427,尚嘉中心,MARNI,MARNI,奢侈品,3.9,,L1,rated,True,,rated,parsed,rating_anchor,0.9907,0.9941,53,3900,66.276,3.9奢侈品 | 🌟🌟🌟🌟⭐ | L1,MARNI | 3.9奢侈品 | 🌟🌟🌟🌟⭐ | L1 | 10:00营业,ocr/input_videos\上海__尚嘉中心__20260826.mp4
OBS-000428,尚嘉中心,Maison Margiela,MaisonMargiela,奢侈品,4.2,,商场内,rated,True,,rated,parsed,rating_anchor,0.9084,0.9967,57,3924,66.684,⭐⭐★4.2奢侈品 | 商场内,Maison Margiela | ⭐⭐★4.2奢侈品 | 商场内 | Maison Margiela | PARIS | 10:00营业,ocr/input_videos\上海__尚嘉中心__20260826.mp4
OBS-000429,尚嘉中心,泡泡玛特机器人商店,泡泡玛特机器人商店,杂货礼品,3.7,134,商场内,rated,True,,rated,parsed,rating_anchor,0.981,0.9994,54,3924,66.684,3.7杂货礼品￥134/人 | 商场内,泡泡玛特机器人商店 | POP MART | 3.7杂货礼品￥134/人 | 商场内 | SHOPI | POPMAR | 10:00营业,ocr/input_videos\上海__尚嘉中心__20260826.mp4
OBS-000430,尚嘉中心,momokira米努特·德卷毛猫·棉...,momokira米努特·德卷毛猫·棉,购宠,4.8,487,LG1,rated,True,,rated,parsed,rating_anchor,0.9345,0.9212,59,3924,66.684,LG1 | 🌟🌟🌟🌟🌟 | 购宠￥487/人 | 4.8,momokira米努特·德卷毛猫·棉... | momokira | LG1 | 🌟🌟🌟🌟🌟 | 购宠￥487/人 | 4.8 | 福 | 点评榜单 | 长宁区购宠好评榜第1名 | 10:00营业 | “洗完香香宝，店员服务细致温柔” | ￥2709.7折 | 惠 | ￥318 | 猫洗澡·短毛·精致洗护,ocr/input_videos\上海__尚嘉中心__20260826.mp4
OBS-000431,尚嘉中心,MARNI,MARNI,奢侈品,3.9,,L1,rated,True,,rated,parsed,rating_anchor,0.9958,0.9948,52,3924,66.684,奢侈品 | 🌟🌟🌟🌟🌟 | L1 | 3.9,MARNI | 奢侈品 | 🌟🌟🌟🌟🌟 | L1 | 3.9 | ? | M | N | D | 10:00营业,ocr/input_videos\上海__尚嘉中心__20260826.mp4
OBS-000432,尚嘉中心,万宝龙MONTBLANC,万宝龙MONTBLANC,奢侈品,3.8,7084,L1,rated,True,,rated,parsed,rating_anchor,0.9825,0.9968,54,3924,66.684,奢侈品￥7084/人 | L1 | ⭐🌟🎉🌟⭐3.8,万宝龙MONTBLANC | 。 | 奢侈品￥7084/人 | L1 | ⭐🌟🎉🌟⭐3.8 | MONTBLANC | 10:00营业,ocr/input_videos\上海__尚嘉中心__20260826.mp4
OBS-000433,尚嘉中心,TASAKI,TASAKI,综合珠宝..,4.0,15041,L1,rated,True,,rated,parsed,rating_anchor,0.9482,0.9962,49,3924,66.684,🌟🌟⭐ | 综合珠宝..￥15041/人L1 | 4.0 | ★,TASAKI | 🌟🌟⭐ | 综合珠宝..￥15041/人L1 | 4.0 | ★ | TASAKI,ocr/input_videos\上海__尚嘉中心__20260826.mp4
OBS-000434,尚嘉中心,Maison Margiela,MaisonMargiela,奢侈品,4.2,,商场内,rated,True,,rated,parsed,rating_anchor,0.9253,0.997,58,3960,67.296,⭐⭐⭐⭐⭐4.2奢侈品 | 商场内,Maison Margiela | ⭐⭐⭐⭐⭐4.2奢侈品 | 商场内 | Maison Margiela | PARIS | 10:00营业,ocr/input_videos\上海__尚嘉中心__20260826.mp4
OBS-000435,尚嘉中心,泡泡玛特机器人商店,泡泡玛特机器人商店,杂货礼品,3.7,134,商场内,rated,True,,rated,parsed,rating_anchor,0.9786,0.9996,58,3960,67.296,商场内 | 3.7杂货礼品￥134/人,泡泡玛特机器人商店 | POP MART | 商场内 | 3.7杂货礼品￥134/人 | SHON | POPMA | 10:00营业,ocr/input_videos\上海__尚嘉中心__20260826.mp4
OBS-000436,尚嘉中心,momokira米努特·德文卷毛猫·棉...,momokira米努特·德文卷毛猫·棉,购宠,4.8,487,LG1,rated,True,,rated,parsed,rating_anchor,0.9349,0.9304,58,3960,67.296,LG1 | 4.8购宠￥487/人,momokira米努特·德文卷毛猫·棉... | momokira | LG1 | 4.8购宠￥487/人 | 点评榜单 | 长宁区购宠好评榜第1名 | 10:00营业 | “洗完香香宝，店员服务细致温柔” | ￥2709.7折 | ￥318猫洗澡·短毛·精致洗护 | 惠,ocr/input_videos\上海__尚嘉中心__20260826.mp4
OBS-000437,尚嘉中心,MARNI,MARNI,奢侈品,3.9,,L1,rated,True,,rated,parsed,rating_anchor,0.9938,0.9937,52,3960,67.296,3.9奢侈品 | 🌟🌟🎉🌟⭐ | L1,MARNI | 3.9奢侈品 | 🌟🌟🎉🌟⭐ | L1 | M | N | R | A | 10:00营业,ocr/input_videos\上海__尚嘉中心__20260826.mp4
OBS-000438,尚嘉中心,万宝龙MONTBLANC,万宝龙MONTBLANC,奢侈品,3.8,7084,L1,rated,True,,rated,parsed,rating_anchor,0.9818,0.9983,54,3960,67.296,L1 | 3.8奢侈品￥7084/人,万宝龙MONTBLANC | 。 | L1 | 3.8奢侈品￥7084/人 | MONTBLANC | 10:00营业,ocr/input_videos\上海__尚嘉中心__20260826.mp4
OBS-000439,尚嘉中心,TASAKI,TASAKI,综合珠宝...,4.0,15041,L1,rated,True,,rated,parsed,rating_anchor,0.9341,0.9965,52,3960,67.296,🌟🌟⭐⭐🌟 | 4.0综合珠宝...￥15041/人L1,TASAKI | 🌟🌟⭐⭐🌟 | 4.0综合珠宝...￥15041/人L1 | TASAKI | 10:00营业,ocr/input_videos\上海__尚嘉中心__20260826.mp4
OBS-000440,尚嘉中心,momokira米努特·德文卷毛猫·棉..,momokira米努特·德文卷毛猫·棉,购宠,4.8,487,LG1,rated,True,,rated,parsed,rating_anchor,0.9363,0.9214,59,3984,67.703,LG1 | 购宠￥487/人 | ★★★★★ | 4.8,momokira米努特·德文卷毛猫·棉.. | momokira | LG1 | 购宠￥487/人 | ★★★★★ | 4.8 | 点评榜单 | 长宁区购宠好评榜第1名 | 10:00营业 | 洗完香香宝，店员服务细致温柔 | 《 | ￥2709.7折 | ￥318猫洗澡·短毛·精致洗护 | 惠,ocr/input_videos\上海__尚嘉中心__20260826.mp4
OBS-000441,尚嘉中心,MARNI,MARNI,奢侈品,3.9,,L1,rated,True,,rated,parsed,rating_anchor,0.899,0.9948,50,3984,67.703,⭐★⭐3.9奢侈品 | L1,MARNI | ⭐★⭐3.9奢侈品 | L1 | - | 10:00营业,ocr/input_videos\上海__尚嘉中心__20260826.mp4
OBS-000442,尚嘉中心,万宝龙MONTBLANC,万宝龙MONTBLANC,奢侈品,3.8,7084,L1,rated,True,,rated,parsed,rating_anchor,0.975,0.9958,54,3984,67.703,3.8奢侈品￥7084/人 | L1,万宝龙MONTBLANC | O | 3.8奢侈品￥7084/人 | L1 | MONTBLANC | 10:00营业,ocr/input_videos\上海__尚嘉中心__20260826.mp4
OBS-000443,尚嘉中心,TASAKI,TASAKI,综合珠宝...,4.0,15041,L1,rated,True,,rated,parsed,rating_anchor,0.9501,0.997,50,3984,67.703,⭐🌟🌟⭐⭐ | 4.0综合珠宝...￥15041/人L1,TASAKI | ⭐🌟🌟⭐⭐ | 4.0综合珠宝...￥15041/人L1 | TASAKI | 10:00营业,ocr/input_videos\上海__尚嘉中心__20260826.mp4
OBS-000444,尚嘉中心,FREETEE室內匹克球,FREETEE室内匹克球,网球场,,,L3,new_store,False,new_store,ocr_missing,parsed,metadata_anchor,0.9807,0.9636,55,3984,67.703,网球场 | L3 | 新店,FREETEE室內匹克球 | 网球场 | L3 | 新店 | 点评榜单 | 长宁区球类运动热门榜第1名 | 室内匹克球 | 22℃恒温不惧烈日 | ￥218￥398 | 【忙时专享】匹克球全场·… | 惠 | 惠 | ￥19.9￥300代金券,ocr/input_videos\上海__尚嘉中心__20260826.mp4
OBS-000445,尚嘉中心,MARNI,MARNI,奢侈品,3.9,,L1,rated,True,,rated,parsed,rating_anchor,0.9155,0.9956,53,4020,68.315,⭐⭐⭐3.9奢侈品 | L1,MARNI | ⭐⭐⭐3.9奢侈品 | L1 | M | - | L | 10:00营业,ocr/input_videos\上海__尚嘉中心__20260826.mp4
OBS-000446,尚嘉中心,万宝龙MONTBLANC,万宝龙MONTBLANC,奢侈品,3.8,7084,L1,rated,True,,rated,parsed,rating_anchor,0.9742,0.9973,55,4020,68.315,3.8奢侈品￥7084/人 | L1,万宝龙MONTBLANC | 3.8奢侈品￥7084/人 | O | L1 | MONTBLANC | 10:00营业,ocr/input_videos\上海__尚嘉中心__20260826.mp4
OBS-000447,尚嘉中心,TASAKI,TASAKI,综合珠宝..,4.0,15041,L1,rated,True,,rated,parsed,rating_anchor,0.9634,0.9963,53,4020,68.315,🌟🌟🌟🌟🌟 | 4.0综合珠宝..￥15041/人L1,TASAKI | 🌟🌟🌟🌟🌟 | 4.0综合珠宝..￥15041/人L1 | TASAKI | 10:00营业,ocr/input_videos\上海__尚嘉中心__20260826.mp4
OBS-000448,尚嘉中心,FREETEE室內匹克球,FREETEE室内匹克球,网球场,,,L3,new_store,False,new_store,ocr_missing,parsed,metadata_anchor,0.9834,0.9723,55,4020,68.315,网球场 | 新店 | L3,FREETEE室內匹克球 | 网球场 | 新店 | L3 | 点评榜单 | 长宁区球类运动热门榜第1名 | 室内匹克球 | 22℃恒温不惧烈日 | ￥218￥398 | 【忙时专享】匹克球全场·. | 惠 | ￥19.9￥300代金券 | 惠,ocr/input_videos\上海__尚嘉中心__20260826.mp4
OBS-000449,尚嘉中心,美车堂,美车堂,美容洗车,4.3,200,LG3,rated,True,,rated,parsed,rating_anchor,0.9863,0.9998,69,4020,68.315,⭐🌟⭐🌟 | LG3 | 4.3美容洗车￥200/人,美车堂 | ⭐🌟⭐🌟 | LG3 | 4.3美容洗车￥200/人 | CNRSONE | 美车堂 | 点评榜单 | 虹桥/古北美容洗车好评榜第3名 | 10:00营业 | 精洗+雪花打蜡，洗完白白亮亮 | “ | 5 | ￥108￥138 | 【普通洗车】40分钟|全车 | 惠,ocr/input_videos\上海__尚嘉中心__20260826.mp4
OBS-000450,尚嘉中心,MARNI,MARNI,奢侈品,3.9,,L1,rated,True,,rated,parsed,rating_anchor,0.9301,0.9955,53,4056,68.927,⭐⭐⭐3.9奢侈品 | L1,MARNI | ⭐⭐⭐3.9奢侈品 | L1 | M | 10:00营业,ocr/input_videos\上海__尚嘉中心__20260826.mp4
OBS-000451,尚嘉中心,万宝龙MONTBLANC,万宝龙MONTBLANC,奢侈品,3.8,7084,L1,rated,True,,rated,parsed,rating_anchor,0.9786,0.9973,54,4056,68.927,3.8奢侈品￥7084/人 | L1,万宝龙MONTBLANC | O | 3.8奢侈品￥7084/人 | L1 | MONTBLANC | 10:00营业,ocr/input_videos\上海__尚嘉中心__20260826.mp4
OBS-000452,尚嘉中心,TASAKI,TASAKI,综合珠宝.,4.0,15041,L1,rated,True,,rated,parsed,rating_anchor,0.9715,0.9969,50,4056,68.927,🌟🌟🌟🌟 | 4.0综合珠宝.￥15041/人L1,TASAKI | 🌟🌟🌟🌟 | 4.0综合珠宝.￥15041/人L1 | TASAKI | 10:00营业,ocr/input_videos\上海__尚嘉中心__20260826.mp4
OBS-000453,尚嘉中心,FREETEE室內匹克球,FREETEE室内匹克球,网球场,,,L3,new_store,False,new_store,ocr_missing,parsed,metadata_anchor,0.9873,0.9784,55,4056,68.927,新店 | 网球场 | L3,FREETEE室內匹克球 | 新店 | 网球场 | L3 | 点评榜单 | 长宁区球类运动热门榜第1名 | 室内匹克球 | 22℃恒温不惧烈日 | ￥218￥398 | 【忙时专享】匹克球全场·… | 惠 | ￥19.9￥300代金券 | 惠,ocr/input_videos\上海__尚嘉中心__20260826.mp4
OBS-000454,尚嘉中心,美车堂,美车堂,美容洗车,4.3,200,LG3,rated,True,,rated,parsed,rating_anchor,0.9868,0.9998,69,4056,68.927,LG3 | 🌟🌟🌟🌟 | 4.3 | 美容洗车￥200/人,美车堂 | LG3 | 🌟🌟🌟🌟 | 4.3 | 美容洗车￥200/人 | CNRSONE | 美车堂 | 点评榜单 | 虹桥/古北美容洗车好评榜第3名 | 10:00营业 | 精洗+雪花打蜡，洗完白白亮亮 | “ | 5 | ￥108￥138 | 【普通洗车】40分钟|全车... | 惠,ocr/input_videos\上海__尚嘉中心__20260826.mp4
OBS-000455,尚嘉中心,FREETEE室內匹克球,FREETEE室内匹克球,网球场,,,L3,new_store,False,new_store,ocr_missing,parsed,metadata_anchor,0.9846,0.9719,51,4080,69.335,新店 | 网球场 | L3,FREETEE室內匹克球 | 新店 | 网球场 | L3 | 点评榜单 | 长宁区球类运动热门榜第1名 | 室内匹克球 | 22°℃恒温不惧烈日 | ￥218￥398 | 【忙时专享】匹克球全场· | 惠 | ￥19.9￥300代金券 | 惠,ocr/input_videos\上海__尚嘉中心__20260826.mp4
OBS-000456,尚嘉中心,美车堂,美车堂,美容洗车,4.3,200,LG3,rated,True,,rated,parsed,rating_anchor,0.9836,0.9999,59,4080,69.335,🌟🌟💥 | LG3 | 4.3 | 美容洗车￥200/人,美车堂 | 🌟🌟💥 | LG3 | 4.3 | 美容洗车￥200/人 | CNRSONE | 美车堂 | 点评榜单 | 虹桥/古北美容洗车好评榜第3名 | 10:00营业 | 精洗+雪花打蜡，洗完白白亮亮 | “ | 5 | ￥108￥138 | 【普通洗车】40分钟|全车.. | 惠,ocr/input_videos\上海__尚嘉中心__20260826.mp4
OBS-000457,尚嘉中心,迈可先生·私家衣尚护理中心,迈可先生·私家衣尚护理中心,洗衣洗鞋,4.5,261,L1,rated,True,,rated,parsed,rating_anchor,0.9588,0.9838,54,4080,69.335,🌟🌟🌟🌟🌟 | 4.5洗衣洗鞋￥261/人 | L1,迈可先生·私家衣尚护理中心 | 🌟🌟🌟🌟🌟 | 4.5洗衣洗鞋￥261/人 | L1 | PANTEELOTIESG | Cale | 洗掉顽固污渍，前台服务亲切” | 10:00营业,ocr/input_videos\上海__尚嘉中心__20260826.mp4
OBS-000458,尚嘉中心,刘娟美甲沙龙,刘娟美甲沙龙,美甲,4.7,540,L2,rated,True,,rated,parsed,rating_anchor,0.9801,0.9985,55,4080,69.335,🌟🌟🌟🌟 | 4.7美甲￥540/人 | L2,刘娟美甲沙龙 | 🌟🌟🌟🌟 | 4.7美甲￥540/人 | L2 | L.J Nail salon | 劉娟美甲沙龙 | 美甲师功力深厚，环境舒适温馨 | “ | 10:00营业 | ￥168￥208LCN手部指甲尊贵护理项目 | 惠 | ￥80￥100代金券 | 惠,ocr/input_videos\上海__尚嘉中心__20260826.mp4
OBS-000459,尚嘉中心,方壶FangHu SPA,方壶FangHuSPA,精油SPA,,276,L2,unknown,True,,ocr_missing,parsed,metadata_anchor,0.9613,0.9642,54,4080,69.335,精油SPA￥276/人 | L2,方壶FangHu SPA | 精油SPA￥276/人 | L2,ocr/input_videos\上海__尚嘉中心__20260826.mp4
OBS-000460,尚嘉中心,美车堂,美车堂,美容洗车,4.3,200,LG3,rated,True,,rated,parsed,rating_anchor,0.9825,0.9999,59,4104,69.743,🌟🌟🎉🎉 | 美容洗车￥200/人 | LG3 | 4.3,美车堂 | 🌟🌟🎉🎉 | 美容洗车￥200/人 | LG3 | 4.3 | CNRSONE | 美车堂 | 点评榜单 | 虹桥/古北美容洗车好评榜第3名 | 10:00营业 | 4 | 惠￥108￥138 | 【普通洗车】40分钟|全车...,ocr/input_videos\上海__尚嘉中心__20260826.mp4
OBS-000461,尚嘉中心,迈可先生·私家衣尚护理中心,迈可先生·私家衣尚护理中心,洗衣洗鞋,4.5,261,L1,rated,True,,rated,parsed,rating_anchor,0.9735,0.992,56,4104,69.743,4.5洗衣洗鞋￥261/人 | L1,迈可先生·私家衣尚护理中心 | 4.5洗衣洗鞋￥261/人 | L1 | ANMTECLOTENGCARECENTE | 洗掉顽固污渍，前台服务亲切 | 贴家护哲心 | 2 | 10:00营业,ocr/input_videos\上海__尚嘉中心__20260826.mp4
OBS-000462,尚嘉中心,刘娟美甲沙龙,刘娟美甲沙龙,美甲,4.7,540,L2,rated,True,,rated,parsed,rating_anchor,0.9207,0.9982,51,4104,69.743,⭐4.7美甲￥540/人 | L2,刘娟美甲沙龙 | ⭐4.7美甲￥540/人 | L2 | L.J Nail salon | 劉娟美甲沙龍 | 美甲师功力深厚，环境舒适温馨” | “ | 10:00营业 | 惠 | ￥168￥208LCN手部指甲尊贵护理项目 | ￥80￥100代金券 | 惠,ocr/input_videos\上海__尚嘉中心__20260826.mp4
OBS-000463,尚嘉中心,方壶FangHu SPA,方壶FangHuSPA,精油SPA,4.7,276,L2,rated,True,,rated,parsed,rating_anchor,0.9713,0.9728,58,4104,69.743,🌟💥4.7 | L2 | 精油SPA￥276/人,方壶FangHu SPA | 🌟💥4.7 | L2 | 精油SPA￥276/人 | FANGHU | 方壶 | 虹桥/古北精油SPA销量榜第2名 | 好睡觉SPA | 10:00营业 | 精油味扑鼻，按摩环境舒适疗愈 | ￥2588.7折 | 惠 | 【进店招牌】方壶·. | ￥528,ocr/input_videos\上海__尚嘉中心__20260826.mp4
OBS-000464,尚嘉中心,FREETEE室內匹克球,FREETEE室内匹克球,网球场,,,L3,new_store,False,new_store,ocr_missing,parsed,metadata_anchor,0.9853,0.9738,46,4140,70.354,新店 | L3 | 网球场,FREETEE室內匹克球 | 新店 | L3 | 网球场 | 点评榜单 | 长宁区球类运动热门榜第1名 | 室内匹克球 | 22℃恒温不惧烈日 | ￥218￥398 | 匹克球全场·… | 【忙时专享】 | 惠 | ￥19.9￥300代金券 | 惠,ocr/input_videos\上海__尚嘉中心__20260826.mp4
OBS-000465,尚嘉中心,美车堂,美车堂,美容洗车,4.3,200,LG3,rated,True,,rated,parsed,rating_anchor,0.9803,0.9999,58,4140,70.354,LG3 | ⭐🌟⭐⭐ | 美容洗车￥200/人 | 4.3 | ★,美车堂 | LG3 | ⭐🌟⭐⭐ | 美容洗车￥200/人 | 4.3 | CNRSONE | ★ | 美车堂 | 点评榜单 | 虹桥/古北美容洗车好评榜第3名 | 10:00营业 | 精洗+雪花打蜡，洗完白白亮亮 | “ | ￥108￥138 | 【普通洗车】40分钟|全车. | 惠,ocr/input_videos\上海__尚嘉中心__20260826.mp4
OBS-000466,尚嘉中心,迈可先生·私家衣尚护理中心,迈可先生·私家衣尚护理中心,洗衣洗鞋,4.5,261,L1,rated,True,,rated,parsed,rating_anchor,0.9806,0.9911,48,4140,70.354,🌟🌟⭐⭐🌟 | L1 | 4.5洗衣洗鞋￥261/人,迈可先生·私家衣尚护理中心 | 🌟🌟⭐⭐🌟 | L1 | 4.5洗衣洗鞋￥261/人 | WNTECLOTIENIG | CaBECEUN | 洗掉顽固污渍，前台服务亲切 | （ | 10:00营业,ocr/input_videos\上海__尚嘉中心__20260826.mp4
OBS-000467,尚嘉中心,刘娟美甲沙龙,刘娟美甲沙龙,美甲,4.7,540,L2,rated,True,,rated,parsed,rating_anchor,0.9669,0.9986,51,4140,70.354,🌟🌟⭐⭐🌟 | L2 | 美甲￥540/人 | 4.7,刘娟美甲沙龙 | 🌟🌟⭐⭐🌟 | L2 | 美甲￥540/人 | 4.7 | C.J Nail salon | 劉娟美甲沙龙 | 美甲师功力深厚，环境舒适温馨 | 10:00营业 | ￥168￥208LCN手部指甲尊贵护理项目 | 惠 | ￥80￥100代金券 | 惠,ocr/input_videos\上海__尚嘉中心__20260826.mp4
OBS-000468,尚嘉中心,方壶FangHu SPA,方壶FangHuSPA,精油SPA,4.7,276,L2,rated,True,,rated,parsed,rating_anchor,0.9765,0.9857,54,4140,70.354,精油SPA￥276/人 | L2 | 🌟🌟🎉🌟🌟 | 4.7,方壶FangHu SPA | 精油SPA￥276/人 | L2 | 🌟🌟🎉🌟🌟 | 4.7 | FANGHU | 方壶 | 虹桥/古北精油SPA销量榜第2名 | 好睡觉SPA | 10:00营业 | 精油味扑鼻，按摩环境舒适疗愈,ocr/input_videos\上海__尚嘉中心__20260826.mp4
OBS-000469,尚嘉中心,FREETEE室內匹克球,FREETEE室内匹克球,网球场,,,L3,new_store,False,new_store,ocr_missing,parsed,metadata_anchor,0.9866,0.9755,57,4164,70.762,网球场 | 新店 | L3,FREETEE室內匹克球 | 网球场 | 新店 | L3 | 点评榜单 | 长宁区球类运动热门榜第1名 | 室内匹克球 | 22℃恒温不惧烈日 | ￥218￥398 | 【忙时专享】匹克球全场·…. | 惠 | ￥19.9￥300代金券 | 惠,ocr/input_videos\上海__尚嘉中心__20260826.mp4
OBS-000470,尚嘉中心,美车堂,美车堂,美容洗车,4.3,200,LG3,rated,True,,rated,parsed,rating_anchor,0.9885,0.9999,61,4164,70.762,🌟🌟⭐🌟 | LG3 | 4.3美容洗车￥200/人 | ★,美车堂 | 🌟🌟⭐🌟 | LG3 | 4.3美容洗车￥200/人 | ★ | CARSONE | 美车堂 | 点评榜单 | 虹桥/古北美容洗车好评榜第3名 | 10:00营业 | 精洗+雪花打蜡，洗完白白亮亮 | 5 | ￥108￥138 | 惠 | 【普通洗车】40分钟|全车...,ocr/input_videos\上海__尚嘉中心__20260826.mp4
OBS-000471,尚嘉中心,迈可先生·私家衣尚护理中心,迈可先生·私家衣尚护理中心,洗衣洗鞋,4.5,261,L1,rated,True,,rated,parsed,rating_anchor,0.9803,0.9935,55,4164,70.762,4.5洗衣洗鞋￥261/人 | L1,迈可先生·私家衣尚护理中心 | 4.5洗衣洗鞋￥261/人 | L1 | 洗掉顽固污渍，前台服务亲切 | “ | 10:00营业,ocr/input_videos\上海__尚嘉中心__20260826.mp4
OBS-000472,尚嘉中心,刘娟美甲沙龙,刘娟美甲沙龙,美甲,4.7,540,L2,rated,True,,rated,parsed,rating_anchor,0.9584,0.9975,52,4164,70.762,4.7美甲￥540/人 | L2,刘娟美甲沙龙 | 4.7美甲￥540/人 | L2 | L.I Nail salon | 劉娟美甲沙龍 | 美甲师功力深厚，环境舒适温馨 | C | 10:00营业 | ￥168￥208LCN手部指甲尊贵护理项目 | 惠 | ￥80￥100代金券 | 惠,ocr/input_videos\上海__尚嘉中心__20260826.mp4
OBS-000473,尚嘉中心,方壶FangHu SPA,方壶FangHuSPA,精油SPA,4.7,276,L2,rated,True,,rated,parsed,rating_anchor,0.9762,0.9854,54,4164,70.762,L2 | ⭐🌟⭐🌟🌟 | 4.7 | 精油SPA￥276/人,方壶FangHu SPA | L2 | ⭐🌟⭐🌟🌟 | 4.7 | 精油SPA￥276/人 | FANGHU | 方壶 | 虹桥/古北精油SPA销量榜第2名 | 好睡觉SPA | 10:00营业 | 控麻环墙话疗命” | “佳油时址息,ocr/input_videos\上海__尚嘉中心__20260826.mp4
OBS-000474,尚嘉中心,还可元土·私家仪问扩理中心,还可元土·私家仪问扩理中心,洗衣洗鞋,4.5,261,L1,rated,True,,rated,parsed,rating_anchor,0.8526,0.741,33,4212,71.578,L1 | ⭐🌟🌟🌟🌟 | 洗衣洗鞋￥261/人 | 4.5,还可元土·私家仪问扩理中心 | L1 | ⭐🌟🌟🌟🌟 | 洗衣洗鞋￥261/人 | 4.5 | PAWIE | 洗掉顽固污渍，前台服务亲切” | 10:00营业,ocr/input_videos\上海__尚嘉中心__20260826.mp4
OBS-000475,尚嘉中心,刘娟美甲沙龙,刘娟美甲沙龙,美甲,4.7,540,L2,rated,True,,rated,parsed,rating_anchor,0.9802,0.9982,52,4212,71.578,⭐🌟⭐🌟🌟 | L2 | 4.7美甲￥540/人,刘娟美甲沙龙 | ⭐🌟⭐🌟🌟 | L2 | 4.7美甲￥540/人 | L.J Nail salon | 劉娟美甲沙龍 | 美甲师功力深厚，环境舒适温馨 | 10:00营业 | ￥168￥208LCN手部指甲尊贵护理项目 | 惠 | ￥80￥100代金券 | 惠,ocr/input_videos\上海__尚嘉中心__20260826.mp4
OBS-000476,尚嘉中心,方壶FangHu SPA,方壶FangHuSPA,精油SPA,4.7,276,L2,rated,True,,rated,parsed,rating_anchor,0.9796,0.9901,64,4212,71.578,🌟🌟🌟🌟🌟 | L2 | 精油SPA￥276/人 | 4.7,方壶FangHu SPA | 🌟🌟🌟🌟🌟 | L2 | 精油SPA￥276/人 | 4.7 | FANGHU | 方壶 | 虹桥/古北精油SPA销量榜第2名 | 好睡觉SPA | 10:00营业 | 精油味扑鼻，按摩环境舒适疗愈 | 《 | ￥528 | 【进店招牌】方壶· | ￥258 | 8.7折 | 惠,ocr/input_videos\上海__尚嘉中心__20260826.mp4
OBS-000477,尚嘉中心,菲拉格慕,菲拉格慕,奢侈品,3.6,4695,L1,rated,True,,rated,parsed,rating_anchor,0.976,0.9974,56,4212,71.578,🌟⭐🌟⭐3.6 | 奢侈品￥4695/人 | L1,菲拉格慕 | 🌟⭐🌟⭐3.6 | 奢侈品￥4695/人 | L1 | Salatne Femagamo | 10:00营业,ocr/input_videos\上海__尚嘉中心__20260826.mp4
OBS-000478,尚嘉中心,Zegna,Zegna,奢侈品,4.3,3200,L1,rated,True,,rated,parsed,rating_anchor,0.9858,0.9991,64,4212,71.578,🌟🌟🌟🌟 | L1 | 4.3奢侈品￥3200/人 | ★,Zegna | Ermenegildo Zegna | 🌟🌟🌟🌟 | L1 | 4.3奢侈品￥3200/人 | ★ | 10:00营业,ocr/input_videos\上海__尚嘉中心__20260826.mp4
OBS-000479,尚嘉中心,LV路易威登,LV路易威登,奢侈品,4.9,19797,商场内,rated,True,,rated,parsed,rating_anchor,0.9827,0.9987,52,4212,71.578,🌟🌟🎉🎉4.9 | 商场内 | 奢侈品￥19797/人,LV路易威登 | 🌟🌟🎉🎉4.9 | 商场内 | 奢侈品￥19797/人,ocr/input_videos\上海__尚嘉中心__20260826.mp4
OBS-000480,尚嘉中心,刘娟美甲沙龙,刘娟美甲沙龙,美甲,4.7,540,L2,rated,True,,rated,parsed,rating_anchor,0.9649,0.9977,55,4236,71.986,4.7美甲￥540/人 | L2,刘娟美甲沙龙 | 4.7美甲￥540/人 | L2 | L.J Nail salon | 到娟美甲沙髓 | 美甲师功力深厚，环境舒适温馨 | 10:00营业 | ￥168￥208LCN手部指甲尊贵护理项目 | 惠 | 惠 | ￥80￥100代金券,ocr/input_videos\上海__尚嘉中心__20260826.mp4
OBS-000481,尚嘉中心,方壶FangHu SPA,方壶FangHuSPA,精油SPA,4.7,276,L2,rated,True,,rated,parsed,rating_anchor,0.9805,0.9894,61,4236,71.986,L2 | 🌟💖🌟4.7 | 精油SPA￥276/人,方壶FangHu SPA | L2 | 🌟💖🌟4.7 | 精油SPA￥276/人 | FANGHU | 方壶 | 虹桥/古北精油SPA销量榜第2名 | 好睡觉SPA | 10:00营业 | 精油味扑鼻，按摩环境舒适疗愈” | 【进店招牌】方壶·… | ￥2588.7折 | ￥528 | 惠,ocr/input_videos\上海__尚嘉中心__20260826.mp4
OBS-000482,尚嘉中心,菲拉格慕,菲拉格慕,奢侈品,3.6,4695,L1,rated,True,,rated,parsed,rating_anchor,0.9733,0.9977,62,4236,71.986,3.6奢侈品￥4695/人 | L1,菲拉格慕 | 3.6奢侈品￥4695/人 | L1 | Sabatne Femagamo | 10:00营业,ocr/input_videos\上海__尚嘉中心__20260826.mp4
OBS-000483,尚嘉中心,Zegna,Zegna,奢侈品,4.3,3200,L1,rated,True,,rated,parsed,rating_anchor,0.9828,0.999,66,4236,71.986,⭐🌟🌟⭐⭐ | 4.3奢侈品￥3200/人 | L1,Zegna | Ermenegildo Zegna | ⭐🌟🌟⭐⭐ | 4.3奢侈品￥3200/人 | L1 | 10:00营业,ocr/input_videos\上海__尚嘉中心__20260826.mp4
OBS-000484,尚嘉中心,LV路易威登,LV路易威登,奢侈品,4.9,19797,商场内,rated,True,,rated,parsed,rating_anchor,0.9797,0.9984,52,4236,71.986,商场内 | ⭐⭐⭐⭐4.9 | 奢侈品￥19797/人,LV路易威登 | 商场内 | ⭐⭐⭐⭐4.9 | 奢侈品￥19797/人,ocr/input_videos\上海__尚嘉中心__20260826.mp4
OBS-000485,尚嘉中心,刘娟美甲沙龙,刘娟美甲沙龙,美甲,4.7,540,L2,rated,True,,rated,parsed,rating_anchor,0.9734,0.9981,55,4284,72.802,4.7美甲￥540/人 | L2,刘娟美甲沙龙 | 4.7美甲￥540/人 | L2 | L.J Nail salon | 劉娟美甲沙龍 | 美甲师功力深厚，环境舒适温馨” | “ | 10:00营业 | ￥168￥208LCN手部指甲尊贵护理项目 | 惠 | ￥80￥100代金券 | 惠,ocr/input_videos\上海__尚嘉中心__20260826.mp4
OBS-000486,尚嘉中心,方壶FangHu SPA,方壶FangHuSPA,精油SPA,4.7,276,L2,rated,True,,rated,parsed,rating_anchor,0.9771,0.9875,61,4284,72.802,🌟🌟🌟4.7 | L2 | 精油SPA￥276/人,方壶FangHu SPA | 🌟🌟🌟4.7 | L2 | 精油SPA￥276/人 | FANGHU | 方壶 | 虹桥/古北精油SPA销量榜第2名 | 好睡觉SPA | 10:00营业 | “精油味扑鼻，按摩环境舒适疗愈” | 【进店招牌】方壶· | ￥258 | ￥528 | 8.7折 | 惠,ocr/input_videos\上海__尚嘉中心__20260826.mp4
OBS-000487,尚嘉中心,菲拉格慕,菲拉格慕,奢侈品,3.6,4695,L1,rated,True,,rated,parsed,rating_anchor,0.9665,0.9971,57,4284,72.802,3.6奢侈品￥4695/人 | L1,菲拉格慕 | 3.6奢侈品￥4695/人 | L1 | Salatne Femagamo | 10:00营业,ocr/input_videos\上海__尚嘉中心__20260826.mp4
OBS-000488,尚嘉中心,Zegna,Zegna,奢侈品,4.3,3200,L1,rated,True,,rated,parsed,rating_anchor,0.983,0.999,67,4284,72.802,🌟🌟🌟🌟 | 4.3奢侈品￥3200/人 | L1 | ★,Zegna | Ermenegildo Zegna | 🌟🌟🌟🌟 | 4.3奢侈品￥3200/人 | L1 | ★ | 10:00营业,ocr/input_videos\上海__尚嘉中心__20260826.mp4
OBS-000489,尚嘉中心,LV路易威登,LV路易威登,奢侈品,4.9,19797,商场内,rated,True,,rated,parsed,rating_anchor,0.9812,0.9985,55,4284,72.802,商场内 | 4.9奢侈品￥19797/人,LV路易威登 | X | 商场内 | 4.9奢侈品￥19797/人 | 10:00营业,ocr/input_videos\上海__尚嘉中心__20260826.mp4
OBS-000490,尚嘉中心,Zegna,Zegna,奢侈品,4.3,3200,L1,rated,True,,rated,parsed,rating_anchor,0.9674,0.9988,64,4368,74.229,4.3奢侈品￥3200/人 | L1,Zegna | Ervenegildo Zegna | 4.3奢侈品￥3200/人 | L1 | 10:00营业,ocr/input_videos\上海__尚嘉中心__20260826.mp4
OBS-000491,尚嘉中心,LV路易威登,LV路易威登,奢侈品,4.9,19797,商场内,rated,True,,rated,parsed,rating_anchor,0.9735,0.998,56,4368,74.229,⭐🌟🌟🌟4.9 | 商场内 | 奢侈品￥19797/人,LV路易威登 | X | ⭐🌟🌟🌟4.9 | 商场内 | 奢侈品￥19797/人 | 10:00营业,ocr/input_videos\上海__尚嘉中心__20260826.mp4
OBS-000492,尚嘉中心,日置名媛,日置名媛,皮肤管理,4.1,3305,LG1,rated,True,,rated,parsed,rating_anchor,0.9836,0.9995,59,4368,74.229,LG1 | 🌟🌟🌟🎉 | 4.1皮肤管理￥3305/人,日置名媛 | LG1 | 🌟🌟🌟🎉 | 4.1皮肤管理￥3305/人 | 日置名媛 | PEARLDELUXE | “按摩道，背出痧身轻松” | 10:00营业 | ￥498 | ￥17.358.8折 | 【居家限定】骨. | 惠,ocr/input_videos\上海__尚嘉中心__20260826.mp4
OBS-000493,尚嘉中心,黄庭茶馆,黄庭茶馆,茶馆,4.7,102,L2,rated,True,,rated,parsed,rating_anchor,0.9863,0.9968,57,4368,74.229,L2 | 🌟🌟⭐⭐🌟 | 4.7茶馆￥102/人,黄庭茶馆 | L2 | 🌟🌟⭐⭐🌟 | 4.7茶馆￥102/人 | 点评榜单 | 虹桥/古北茶馆好评榜第4名 | 谈事情约黄庭 | 10:00营业 | 包房安谧宁静，茶饮性价比高 | ≤ | ￥199￥437 | 惠 | 「双人包间」全天茶套餐,ocr/input_videos\上海__尚嘉中心__20260826.mp4
OBS-000494,尚嘉中心,Athlete Gym AG健身·铁馆,AthleteGymAG健身·铁馆,健身房,4.2,3763,LG1,rated,True,,rated,parsed,rating_anchor,0.9513,0.9478,60,4368,74.229,LG1 | ★🌟★ | 健身房￥3763/人 | 4.2 | ★,Athlete Gym AG健身·铁馆 | LG1 | ★🌟★ | 健身房￥3763/人 | 4.2 | ★ | 点评榜单 | 天山健身中心热门榜第4名 | 健身停车两不误，体验超棒！ | 3 | 小 | 惠￥99￥158 | 自助训练健身单次卡|原装,ocr/input_videos\上海__尚嘉中心__20260826.mp4
OBS-000495,尚嘉中心,LV路易威登,LV路易威登,奢侈品,4.9,19797,商场内,rated,True,,rated,parsed,rating_anchor,0.9778,0.9979,52,4392,74.637,4.9奢侈品￥19797/人 | 商场内,LV路易威登 | X | 4.9奢侈品￥19797/人 | 商场内 | 10:00营业,ocr/input_videos\上海__尚嘉中心__20260826.mp4
OBS-000496,尚嘉中心,日置名媛,日置名媛,皮肤管理,4.1,3305,LG1,rated,True,,rated,parsed,rating_anchor,0.9834,0.9993,57,4392,74.637,4.1皮肤管理￥3305/人 | LG1,日置名媛 | 4.1皮肤管理￥3305/人 | LG1 | 日置名媛 | PEARLDELUXE | “按摩道大，背出痧身轻松 | 10:00营业 | ￥17.358.8折 | ￥498 | 惠 | 【居家限定】骨.,ocr/input_videos\上海__尚嘉中心__20260826.mp4
OBS-000497,尚嘉中心,黄庭茶馆,黄庭茶馆,茶馆,4.7,102,L2,rated,True,,rated,parsed,rating_anchor,0.9785,0.9972,57,4392,74.637,L2 | 4.7茶馆￥102/人,黄庭茶馆 | L2 | 4.7茶馆￥102/人 | 点评榜单 | 虹桥/古北茶馆好评榜第4名 | 谈事情约黄庭 | 10:00营业 | 包房安谧宁静，茶饮性价比高 | “ | 2 | ￥199￥437「双人包间」全天茶套餐 | 惠,ocr/input_videos\上海__尚嘉中心__20260826.mp4
OBS-000498,尚嘉中心,Athlete Gym AG健身·铁馆,AthleteGymAG健身·铁馆,健身房,4.2,3763,LG1,rated,True,,rated,parsed,rating_anchor,0.9655,0.9619,60,4392,74.637,LG1 | 🌟🌟🌟🌟 | 健身房￥3763/人 | 4.2,Athlete Gym AG健身·铁馆 | LG1 | 🌟🌟🌟🌟 | AG | 健身房￥3763/人 | 4.2 | Athlete Gym | 点评榜单 | 天山健身中心热门榜第4名 | 3 | 健身停车两不误，体验超棒！ | ￥99￥158助训练健身单次卡|原装.. | 惠,ocr/input_videos\上海__尚嘉中心__20260826.mp4
OBS-000499,尚嘉中心,周大福荟馆JEWELRIA,周大福荟馆JEWELRIA,黄金首饰,4.9,5814,LG1,rated,True,,rated,parsed,rating_anchor,0.9631,0.9956,53,4392,74.637,LG1 | 4.9黄金首饰￥5814/人,周大福荟馆JEWELRIA | LG1 | 4.9黄金首饰￥5814/人 | 周大福蕾館 | 新款式特别多，服务贴心细致 | JEWELRA | 10:00营业,ocr/input_videos\上海__尚嘉中心__20260826.mp4
OBS-000500,尚嘉中心,LV路易威登,LV路易威登,奢侈品,4.9,19797,商场内,rated,True,,rated,parsed,rating_anchor,0.9749,0.9984,52,4428,75.249,商场内 | 4.9奢侈品￥19797/人,LV路易威登 | X | 商场内 | 4.9奢侈品￥19797/人 | 10:00营业,ocr/input_videos\上海__尚嘉中心__20260826.mp4
OBS-000501,尚嘉中心,日置名媛,日置名媛,皮肤管理,4.1,3305,LG1,rated,True,,rated,parsed,rating_anchor,0.9871,0.9991,57,4428,75.249,LG1 | 🌟🌟🎉🌟 | 4.1皮肤管理￥3305/人 | ★,日置名媛 | LG1 | 🌟🌟🎉🌟 | 4.1皮肤管理￥3305/人 | ★ | 日置名媛 | “按摩道大，背出痧身轻松” | PEARLDELUXE | 10:00营业 | ￥498 | ￥17.35 | 8.8折 | 【居家限定】骨.. | 惠,ocr/input_videos\上海__尚嘉中心__20260826.mp4
OBS-000502,尚嘉中心,黄庭茶馆,黄庭茶馆,茶馆,4.7,102,L2,rated,True,,rated,parsed,rating_anchor,0.985,0.9989,55,4428,75.249,L2 | 🌟🌟🌟🌟 | 4.7茶馆￥102/人,黄庭茶馆 | L2 | 🌟🌟🌟🌟 | 4.7茶馆￥102/人 | 点评榜单 | 虹桥/古北茶馆好评榜第4名 | 谈事情约黄庭 | 10:00营业 | 包房安谧宁静，茶饮性价比高 | “ | 2 | ￥199￥437 | 惠 | 「双人包间」全天茶套餐 | L,ocr/input_videos\上海__尚嘉中心__20260826.mp4
OBS-000503,尚嘉中心,Athlete Gym AG健身·铁馆,AthleteGymAG健身·铁馆,健身房,4.2,3763,LG1,rated,True,,rated,parsed,rating_anchor,0.965,0.9718,57,4428,75.249,LG1 | ★★★★ | 4.2 | 健身房￥3763/人,Athlete Gym AG健身·铁馆 | LG1 | ★★★★ | 4.2 | 健身房￥3763/人 | AG | Athlete Gym | 点评榜单 | 天山健身中心热门榜第4名 | 健身停车两不误，体验超棒！ | 3 | ￥99￥158助训练健身单次卡|原装.. | 惠,ocr/input_videos\上海__尚嘉中心__20260826.mp4
OBS-000504,尚嘉中心,周大福荟馆JEWELRIA,周大福荟馆JEWELRIA,黄金首饰,4.9,5814,LG1,rated,True,,rated,parsed,rating_anchor,0.9777,0.9967,51,4428,75.249,LG1 | 4.9黄金首饰￥5814/人,周大福荟馆JEWELRIA | LG1 | 4.9黄金首饰￥5814/人 | 周大福蓉館 | “新款式特别多，服务贴细致” | JEWELRIA | 10:00营业 | 1,ocr/input_videos\上海__尚嘉中心__20260826.mp4
OBS-000505,尚嘉中心,LV路易威登,LV路易威登,奢侈品,4.9,19797,商场内,rated,True,,rated,parsed,rating_anchor,0.976,0.9984,52,4440,75.453,4.9奢侈品￥19797/人 | 商场内,LV路易威登 | X | 4.9奢侈品￥19797/人 | 商场内 | 10:00营业,ocr/input_videos\上海__尚嘉中心__20260826.mp4
OBS-000506,尚嘉中心,日置名媛,日置名媛,皮肤管理,4.1,3305,LG1,rated,True,,rated,parsed,rating_anchor,0.9822,0.9997,59,4440,75.453,LG1 | 4.1皮肤管理￥3305/人,日置名媛 | LG1 | 4.1皮肤管理￥3305/人 | 日置名媛 | “按摩力道大，背出痧身轻松” | PEARL DELUXE | 10:00营业 | ￥498 | ￥17.358.8折 | 【居家限定】骨... | 惠,ocr/input_videos\上海__尚嘉中心__20260826.mp4
OBS-000507,尚嘉中心,黄庭茶馆,黄庭茶馆,茶馆,4.7,102,L2,rated,True,,rated,parsed,rating_anchor,0.9834,0.997,56,4440,75.453,L2 | ★🌟🌟★🌟 | 4.7茶馆￥102/人,黄庭茶馆 | L2 | ★🌟🌟★🌟 | 4.7茶馆￥102/人 | 点评榜单 | 虹桥/古北茶馆好评榜第4名 | 谈事情约黄庭 | 10:00营业 | 包房安谧宁静，茶饮性价比高 | “ | ￥199￥437 | 惠 | 「双人包间」全天茶套餐,ocr/input_videos\上海__尚嘉中心__20260826.mp4
OBS-000508,尚嘉中心,Athlete Gym AG健身·铁馆,AthleteGymAG健身·铁馆,健身房,4.2,3763,LG1,rated,True,,rated,parsed,rating_anchor,0.9632,0.9593,56,4440,75.453,LG1 | 🌟🌟🌟🎉 | 4.2健身房￥3763/人,Athlete Gym AG健身·铁馆 | LG1 | 🌟🌟🌟🎉 | 4.2健身房￥3763/人 | 4 | Athlete Gym | 点评榜单 | 天山健身中心热门榜第4名 | 健身停车两不误，体验超棒！ | ￥99￥158自助训练健身单次卡|原装.. | 惠,ocr/input_videos\上海__尚嘉中心__20260826.mp4
OBS-000509,尚嘉中心,周大福荟馆JEWELRIA,周大福荟馆JEWELRIA,黄金首饰,4.9,5814,LG1,rated,True,,rated,parsed,rating_anchor,0.9762,0.9955,57,4440,75.453,LG1 | 4.9黄金首饰￥5814/人,周大福荟馆JEWELRIA | LG1 | 4.9黄金首饰￥5814/人 | 周大福警館 | 新款式特别多，服务贴心细致” | JEWELR:A | 10:00营业,ocr/input_videos\上海__尚嘉中心__20260826.mp4
OBS-000510,尚嘉中心,LV路易威登,LV路易威登,奢侈品,4.9,19797,商场内,rated,True,,rated,parsed,rating_anchor,0.9779,0.9988,55,4488,76.268,⭐🌟⭐⭐4.9 | 商场内 | 奢侈品￥19797/人,LV路易威登 | X | ⭐🌟⭐⭐4.9 | 商场内 | 奢侈品￥19797/人 | 10:00营业,ocr/input_videos\上海__尚嘉中心__20260826.mp4
OBS-000511,尚嘉中心,日置名媛,日置名媛,皮肤管理,4.1,3305,LG1,rated,True,,rated,parsed,rating_anchor,0.9866,0.9994,60,4488,76.268,✨⭐ | LG1 | 4.1皮肤管理￥3305/人,日置名媛 | ✨⭐ | LG1 | 4.1皮肤管理￥3305/人 | 日置名媛 | PEARLDELUXE | “按摩道大，背出痧身轻松” | 6 | 10:00营业 | ￥498 | ￥17.358.8折 | 惠 | 【居家限定】骨..,ocr/input_videos\上海__尚嘉中心__20260826.mp4
OBS-000512,尚嘉中心,黄庭茶馆,黄庭茶馆,茶馆,4.7,102,L2,rated,True,,rated,parsed,rating_anchor,0.9782,0.9972,57,4488,76.268,L2 | 4.7茶馆￥102/人,黄庭茶馆 | L2 | 4.7茶馆￥102/人 | 点评榜单 | 虹桥/古北茶馆好评榜第4名 | 谈事情约黄庭 | 10:00营业 | 包房安谧宁静，茶饮性价比高 | “ | 2 | ￥199￥437 | 惠 | 「双人包间」全天茶套餐,ocr/input_videos\上海__尚嘉中心__20260826.mp4
OBS-000513,尚嘉中心,Athlete Gym AG健身·铁馆,AthleteGymAG健身·铁馆,健身房,4.2,3763,LG1,rated,True,,rated,parsed,rating_anchor,0.965,0.9675,60,4488,76.268,LG1 | 🌟🌟🌟🎉 | 健身房￥3763/人 | 4.2 | ★,Athlete Gym AG健身·铁馆 | LG1 | 🌟🌟🌟🎉 | 健身房￥3763/人 | 4.2 | AG | ★ | Athlete Gym | 点评榜单 | 天山健身中心热门榜第4名 | 健身停车两不误，体验超棒！ | 分 | ￥99￥158 | 自助训练健身单次卡|原装... | 惠,ocr/input_videos\上海__尚嘉中心__20260826.mp4
OBS-000514,尚嘉中心,周大福荟馆JEWELRIA,周大福荟馆JEWELRIA,黄金首饰,4.9,5814,LG1,rated,True,,rated,parsed,rating_anchor,0.9792,0.9968,55,4488,76.268,⭐🌟⭐🌟4.9 | LG1 | 黄金首饰￥5814/人,周大福荟馆JEWELRIA | ⭐🌟⭐🌟4.9 | LG1 | 黄金首饰￥5814/人 | 周大福蕾館 | 新款式特别多，服务贴心细致 | ら | JEWELRIA | 10:00营业,ocr/input_videos\上海__尚嘉中心__20260826.mp4
OBS-000515,尚嘉中心,黄庭茶馆,黄庭茶馆,茶馆,4.7,102,L2,rated,True,,rated,parsed,rating_anchor,0.9858,0.9964,57,4512,76.676,L2 | 🌟🌟🌟🌟🌟 | 4.7茶馆￥102/人,黄庭茶馆 | L2 | 🌟🌟🌟🌟🌟 | 4.7茶馆￥102/人 | 点评榜单 | 虹桥/古北茶馆好评榜第4名 | 谈事情约黄庭 | 10:00营业 | 包房安谧宁静，茶饮性价比高 | “ | 2 | ￥199￥437 | 惠 | 「双人包间」全天茶套餐,ocr/input_videos\上海__尚嘉中心__20260826.mp4
OBS-000516,尚嘉中心,Athlete Gym AG健身·铁馆,AthleteGymAG健身·铁馆,健身房,4.2,3763,LG1,rated,True,,rated,parsed,rating_anchor,0.9606,0.9583,56,4512,76.676,LG1 | 🌟🌟⭐⭐ | 4.2 | 健身房￥3763/人,Athlete Gym AG健身·铁馆 | LG1 | 🌟🌟⭐⭐ | 4.2 | 健身房￥3763/人 | AG | Athlete Gym | 点评榜单 | 天山健身中心热门榜第4名 | 健身停车两不误，体验超棒！ | ” | ￥99￥158自 | 惠 | 自助训练健身单次卡|原装..,ocr/input_videos\上海__尚嘉中心__20260826.mp4
OBS-000517,尚嘉中心,周大福荟馆JEWELRIA,周大福荟馆JEWELRIA,黄金首饰,4.9,5814,LG1,rated,True,,rated,parsed,rating_anchor,0.9681,0.9951,51,4512,76.676,4.9黄金首饰￥5814/人 | LG1,周大福荟馆JEWELRIA | 4.9黄金首饰￥5814/人 | LG1 | 周大福营馆 | “新款式特别多，服务贴心细致” | JEWELR:A | 10:00营业,ocr/input_videos\上海__尚嘉中心__20260826.mp4
OBS-000518,尚嘉中心,小罐茶,小罐茶,茶馆,3.7,778,LG2,rated,True,,rated,parsed,rating_anchor,0.9781,0.998,59,4512,76.676,3.7茶馆￥778/人 | LG2,小罐茶 | 小唯示 | 3.7茶馆￥778/人 | LG2 | 10:00营业,ocr/input_videos\上海__尚嘉中心__20260826.mp4
OBS-000519,尚嘉中心,FREETEE室内高尔夫球馆,FREETEE室内高尔夫球馆,高尔夫场,,,L3,new_store,False,new_store,ocr_missing,parsed,metadata_anchor,0.9938,0.9884,54,4512,76.676,新店 | 高尔夫场 | L3,FREETEE室内高尔夫球馆 | 新店 | 高尔夫场 | L3 | 长宁区高尔夫场销量榜第1名 | 新店开业 | 22°℃恒温不惧烈日 | ￥995折 | ￥278 | 惠 | 【工作日】高尔夫豪华.,ocr/input_videos\上海__尚嘉中心__20260826.mp4
OBS-000520,尚嘉中心,Athlete Gym AG健身·铁馆,AthleteGymAG健身·铁馆,健身房,4.2,3763,LG1,rated,True,,rated,parsed,rating_anchor,0.9643,0.9701,58,4548,77.288,LG1 | 🌟🌟🌟⭐ | 健身房￥3763/人 | 4.2,Athlete Gym AG健身·铁馆 | LG1 | 🌟🌟🌟⭐ | AG | 健身房￥3763/人 | 4.2 | Athlete Gym | 点评榜单 | 天山健身中心热门榜第4名 | 健身停车两不误，体验超棒！ | ” | ￥99￥158自 | 惠 | 自助训练健身单次卡|原装...,ocr/input_videos\上海__尚嘉中心__20260826.mp4
OBS-000521,尚嘉中心,周大福荟馆JEWELRIA,周大福荟馆JEWELRIA,黄金首饰,4.9,5814,LG1,rated,True,,rated,parsed,rating_anchor,0.9793,0.994,55,4548,77.288,LG1 | 4.9黄金首饰￥5814/人,周大福荟馆JEWELRIA | LG1 | 4.9黄金首饰￥5814/人 | 周大福警馆 | “新款式特别多，服务贴心细致” | JEWELRIA | 10:00营业,ocr/input_videos\上海__尚嘉中心__20260826.mp4
OBS-000522,尚嘉中心,小罐茶,小罐茶,茶馆,3.7,778,LG2,rated,True,,rated,parsed,rating_anchor,0.9763,0.9979,59,4548,77.288,LG2 | 3.7茶馆￥778/人,小罐茶 | 雄尔 | LG2 | 3.7茶馆￥778/人 | 10:00营业,ocr/input_videos\上海__尚嘉中心__20260826.mp4
OBS-000523,尚嘉中心,FREE TEE室内高尔夫球馆,FREETEE室内高尔夫球馆,高尔夫场,,,L3,new_store,False,new_store,ocr_missing,parsed,metadata_anchor,0.9857,0.9722,54,4548,77.288,新店 | 高尔夫场 | L3,FREE TEE室内高尔夫球馆 | FreoTe | 新店 | 高尔夫场 | L3 | 长宁区高尔夫场销量榜第1名 | 新店开业 | 22°℃恒温不惧烈日 | ￥995折 | ￥278 | 惠 | 【工作日】高尔夫豪华.,ocr/input_videos\上海__尚嘉中心__20260826.mp4
OBS-000524,尚嘉中心,MYbarre元气芭杆,MYbarre元气芭杆,瑜伽,4.6,110,L3,rated,True,,rated,parsed,rating_anchor,0.9425,0.9643,54,4548,77.288,4.6瑜伽￥110/人 | L3,MYbarre元气芭杆 | 4.6瑜伽￥110/人 | L3 | 长宁区瑜伽回头客榜第1名 | “爆汗环境好，器材齐全 | 5 | ￥159￥298 | 惠 | 【新人专享】任选2节课程包,ocr/input_videos\上海__尚嘉中心__20260826.mp4
OBS-000525,尚嘉中心,周大福荟馆JEWELRIA,周大福荟馆JEWELRIA,黄金首饰,4.9,5814,LG1,rated,True,,rated,parsed,rating_anchor,0.9607,0.995,54,4620,78.511,4.9黄金首饰￥5814/人 | LG1,周大福荟馆JEWELRIA | 4.9黄金首饰￥5814/人 | LG1 | 周大福蓉馆 | “新款式特别多，服务贴细致” | JEWELRIA | 10:00营业,ocr/input_videos\上海__尚嘉中心__20260826.mp4
OBS-000526,尚嘉中心,小罐茶,小罐茶,茶馆,3.7,778,LG2,rated,True,,rated,parsed,rating_anchor,0.9529,0.9979,61,4620,78.511,3.7 茶馆￥778/人 | LG2,小罐茶 | J啡尔 | 3.7 茶馆￥778/人 | LG2 | 10:00营业,ocr/input_videos\上海__尚嘉中心__20260826.mp4
OBS-000527,尚嘉中心,FREE TEE室内高尔夫球馆,FREETEE室内高尔夫球馆,高尔夫场,,,L3,new_store,False,new_store,ocr_missing,parsed,metadata_anchor,0.9687,0.9383,56,4620,78.511,新店 | 高尔夫场 | L3,FREE TEE室内高尔夫球馆 | 新店 | 高尔夫场 | L3 | 长宁区高尔夫场销量榜第1名 | 新店开业 | 22℃恒温不惧烈日 | ￥995折 | ￥278 | 【工作日】高尔夫豪华. | 惠,ocr/input_videos\上海__尚嘉中心__20260826.mp4
OBS-000528,尚嘉中心,MYbarre元气芭杆,MYbarre元气芭杆,瑜伽,4.6,110,L3,rated,True,,rated,parsed,rating_anchor,0.9394,0.9671,62,4620,78.511,4.6瑜伽￥110/人 | L3,MYbarre元气芭杆 | 4.6瑜伽￥110/人 | L3 | 长宁区瑜伽回头客榜第1名 | 爆汗环境好，器材齐全 | 3 | ￥159￥298 | 【新人专享】任选2节课程包 | 惠,ocr/input_videos\上海__尚嘉中心__20260826.mp4
OBS-000529,尚嘉中心,LOHAS生活馆,LOHAS生活馆,休闲按摩足浴,3.3,58,LG2,rated,True,,rated,parsed,rating_anchor,0.9717,0.998,59,4620,78.511,3.3休闲按摩足浴￥58/人LG2,LOHAS生活馆 | LOHEEEE | 3.3休闲按摩足浴￥58/人LG2 | Dior迪奥,ocr/input_videos\上海__尚嘉中心__20260826.mp4
OBS-000530,尚嘉中心,小罐茶,小罐茶,茶馆,3.7,778,LG2,rated,True,,rated,parsed,rating_anchor,0.9753,0.9956,62,4668,79.327,LG2 | 3.7茶馆￥778/人,小罐茶 | LG2 | 3.7茶馆￥778/人 | 10:00营业,ocr/input_videos\上海__尚嘉中心__20260826.mp4
OBS-000531,尚嘉中心,FREE TEE室内高尔夫球馆,FREETEE室内高尔夫球馆,高尔夫场,,,L3,new_store,False,new_store,ocr_missing,parsed,metadata_anchor,0.9866,0.974,54,4668,79.327,高尔夫场 | 新店 | L3,FREE TEE室内高尔夫球馆 | 高尔夫场 | 新店 | L3 | 长宁区高尔夫场销量榜第1名 | 新店开业 | 22°℃恒温不惧烈日 | 【工作日】高尔夫豪华.. | ￥99 | 5折 | ￥278 | 惠,ocr/input_videos\上海__尚嘉中心__20260826.mp4
OBS-000532,尚嘉中心,MYbarre元气芭杆,MYbarre元气芭杆,瑜伽,4.6,110,L3,rated,True,,rated,parsed,rating_anchor,0.9507,0.9632,53,4668,79.327,L3 | 🌟🌟⭐🌟 | 4.6瑜伽￥110/人,MYbarre元气芭杆 | L3 | 🌟🌟⭐🌟 | 4.6瑜伽￥110/人 | 长宁区瑜伽回头客榜第1名 | “爆汗环境好，器材齐全” | ￥159 | ￥298 | 惠 | 【新人专享】任选2节课程包,ocr/input_videos\上海__尚嘉中心__20260826.mp4
OBS-000533,尚嘉中心,LOHAS生活馆,LOHAS生活馆,休闲按摩足浴,3.3,58,LG2,rated,True,,rated,parsed,rating_anchor,0.9682,0.9988,55,4668,79.327,⭐3.3休闲按摩足浴￥58/人 | LG2,LOHAS生活馆 | LOHEEE | ⭐3.3休闲按摩足浴￥58/人 | LG2,ocr/input_videos\上海__尚嘉中心__20260826.mp4
OBS-000534,尚嘉中心,Dior迪奧,Dior迪奥,奢侈品,3.7,18174,L1,rated,True,,rated,parsed,rating_anchor,0.9482,0.9306,60,4668,79.327,3.7奢侈品￥18174/人 | L1,Dior迪奧 | Dior | 3.7奢侈品￥18174/人 | L1 | 10:00营业,ocr/input_videos\上海__尚嘉中心__20260826.mp4
OBS-000535,尚嘉中心,美丽田园,美丽田园,SPA美体,4.5,473,LG1,rated,True,,rated,parsed,rating_anchor,0.981,0.9998,60,4668,79.327,LG1 | 4.5SPA美体￥473/人,美丽田园 | LG1 | 4.5SPA美体￥473/人,ocr/input_videos\上海__尚嘉中心__20260826.mp4
OBS-000536,尚嘉中心,LOHAS生活馆,LOHAS生活馆,休闲按摩足浴,3.3,58,LG2,rated,True,,rated,parsed,rating_anchor,0.9403,0.9583,52,4740,80.551,3.3休闲按摩足浴￥58/人 | LG2,LOHAS生活馆 | LOI | 3.3休闲按摩足浴￥58/人 | LG2,ocr/input_videos\上海__尚嘉中心__20260826.mp4
OBS-000537,尚嘉中心,Dior迪奧,Dior迪奥,奢侈品,3.7,18174,L1,rated,True,,rated,parsed,rating_anchor,0.9452,0.9275,59,4740,80.551,3.7奢侈品￥18174/人 | L1,Dior迪奧 | Dior | 3.7奢侈品￥18174/人 | L1 | 10:00营业,ocr/input_videos\上海__尚嘉中心__20260826.mp4
OBS-000538,尚嘉中心,美丽田园,美丽田园,SPA美体,4.5,473,LG1,rated,True,,rated,parsed,rating_anchor,0.9865,0.9998,57,4740,80.551,LG1 | ⭐🌟⭐🌟🌟 | 4.5SPA美体￥473/人,美丽田园 | LG1 | ⭐🌟⭐🌟🌟 | 4.5SPA美体￥473/人 | 美麗田園 | 虹桥/古北瘦身塑形销量榜第3名 | 10:00营业 | 全身按摩特别放松，体验后轻松多了 | ￥1140SPA放松助眠|全. | ￥211 | 4.5折 | 惠,ocr/input_videos\上海__尚嘉中心__20260826.mp4
OBS-000539,尚嘉中心,Glasstique眼镜店,Glasstique眼镜店,眼镜店,4.7,9679,L2,rated,True,,rated,parsed,rating_anchor,0.9801,0.9977,54,4740,80.551,★4.7 | L2 | 眼镜店￥9679/人,Glasstique眼镜店 | ★4.7 | L2 | 眼镜店￥9679/人 | “补螺丝还调整镜腿，服务超棒 | 10:00营业,ocr/input_videos\上海__尚嘉中心__20260826.mp4
OBS-000540,尚嘉中心,一代眼镜,一代眼镜,眼镜店,4.8,2055,LG1,rated,True,,rated,parsed,rating_anchor,0.9815,0.9988,62,4740,80.551,LG1 | 🌟🌟🌟⭐🌟 | 眼镜店￥2055/人 | 4.8,一代眼镜 | LG1 | IDEE | 🌟🌟🌟⭐🌟 | 眼镜店￥2055/人 | 4.8 | 一代眼镜 | 点评榜单 | 虹桥/古北眼镜店好评榜第7名 | 值得信赖 | 专业配镜 | 10:00营业 | 地理位置优越，装修豪华上档次 | 《 | J | ￥16.918.5折 | ￥25海昌|隐形眼镜美瞳... | 惠,ocr/input_videos\上海__尚嘉中心__20260826.mp4
OBS-000541,尚嘉中心,LOHAS生活馆,LOHAS生活馆,休闲按摩足浴,3.3,58,LG2,rated,True,,rated,parsed,rating_anchor,0.9808,0.9993,51,4764,80.959,★★★★★ | 3.3 | LG2 | 休闲按摩足浴￥58/人,LOHAS生活馆 | LOIEEE | ★★★★★ | 3.3 | LG2 | 休闲按摩足浴￥58/人,ocr/input_videos\上海__尚嘉中心__20260826.mp4
OBS-000542,尚嘉中心,Dior迪奧,Dior迪奥,奢侈品,3.7,18174,L1,rated,True,,rated,parsed,rating_anchor,0.9388,0.9187,60,4764,80.959,🌟🌟⭐3.7 | L1 | 奢侈品￥18174/人,Dior迪奧 | Dior | 🌟🌟⭐3.7 | L1 | 奢侈品￥18174/人 | 10:00营业,ocr/input_videos\上海__尚嘉中心__20260826.mp4
OBS-000543,尚嘉中心,美丽田园,美丽田园,SPA美体,4.5,473,LG1,rated,True,,rated,parsed,rating_anchor,0.9879,0.9997,57,4764,80.959,LG1 | 🌟🌟⭐⭐🌟 | 4.5SPA美体￥473/人,美丽田园 | LG1 | 🌟🌟⭐⭐🌟 | 4.5SPA美体￥473/人 | 美麗田園 | 虹桥/古北瘦身塑形销量榜第3名 | 10:00营业 | 全身按摩特别放松，体验后轻松多了” | “ | ￥211 | 4.5折 | 惠 | SPA放松助眠|全... | ￥1140,ocr/input_videos\上海__尚嘉中心__20260826.mp4
OBS-000544,尚嘉中心,Glasstique眼镜店,Glasstique眼镜店,眼镜店,4.7,9679,L2,rated,True,,rated,parsed,rating_anchor,0.9919,0.9881,53,4764,80.959,🌟🌟⭐⭐🌟 | 眼镜店 | L2 | 4.7 | ￥9679/人,Glasstique眼镜店 | 🌟🌟⭐⭐🌟 | 眼镜店 | L2 | 4.7 | ￥9679/人 | 补螺丝还调整镜腿，服务超棒 | 10:00营业,ocr/input_videos\上海__尚嘉中心__20260826.mp4
OBS-000545,尚嘉中心,一代眼镜,一代眼镜,眼镜店,4.8,2055,LG1,rated,True,,rated,parsed,rating_anchor,0.9846,0.9985,60,4764,80.959,LG1 | 眼镜店￥2055/人 | 🌟🌟⭐🌟 | 4.8,一代眼镜 | 起好 | LG1 | 眼镜店￥2055/人 | 🌟🌟⭐🌟 | IDEE | 4.8 | 一代眼镜 | 点评榜单 | 虹桥/古北眼镜店好评榜第7名 | 值得信賴 | 专业配镜 | 10:00营业 | 地理位置优越，装修豪华上档次 | 惠 | ￥16.91 | 8.5折 | ￥25海昌|隐形眼镜美瞳...,ocr/input_videos\上海__尚嘉中心__20260826.mp4
OBS-000546,尚嘉中心,NEWYORKER,NEWYORKER,服饰鞋包,,,L2,unrated,False,explicitly_unrated,unrated,parsed,unrated_anchor,0.9989,0.9986,44,4764,80.959,L2 | ★★★★★ | 暂无星级 | 服饰鞋包,NEWYORKER | L2 | ★★★★★ | 暂无星级 | 服饰鞋包,ocr/input_videos\上海__尚嘉中心__20260826.mp4
OBS-000547,尚嘉中心,Dior迪奥,Dior迪奥,奢侈品,3.7,18174,L1,rated,True,,rated,parsed,rating_anchor,0.9279,0.9407,62,4824,81.978,L1 | ★3.7奢侈品￥18174/人,Dior迪奥 | Dior | L1 | ★3.7奢侈品￥18174/人 | 10:00营业,ocr/input_videos\上海__尚嘉中心__20260826.mp4
OBS-000548,尚嘉中心,美丽田园,美丽田园,SPA美体,4.5,473,LG1,rated,True,,rated,parsed,rating_anchor,0.9864,0.9998,57,4824,81.978,LG1 | 🌟🌟🌟🌟🌟 | 4.5SPA美体￥473/人,美丽田园 | LG1 | 🌟🌟🌟🌟🌟 | 4.5SPA美体￥473/人 | 美麗田園 | 虹桥/古北瘦身塑形销量榜第3名 | 10:00营业 | 全身按摩特别放松，体验后轻松多了” | 心 | ￥2114.5折 | ￥1140 | SPA放松助眠一全... | 惠,ocr/input_videos\上海__尚嘉中心__20260826.mp4
OBS-000549,尚嘉中心,Glasstique眼镜店,Glasstique眼镜店,眼镜店,4.7,9679,L2,rated,True,,rated,parsed,rating_anchor,0.953,0.9924,56,4824,81.978,L2 | 🌟🌟💥🌟🌟 | 眼镜店￥9679/人 | 4.7,Glasstique眼镜店 | L2 | 🌟🌟💥🌟🌟 | 眼镜店￥9679/人 | 4.7 | 补螺丝还调整镜腿，服务超棒 | 10:00营业,ocr/input_videos\上海__尚嘉中心__20260826.mp4
OBS-000550,尚嘉中心,一代眼镜,一代眼镜,眼镜店,,2055,LG1,unknown,True,,ocr_missing,parsed,metadata_anchor,0.9822,0.9987,63,4824,81.978,LG1 | ⭐🌟⭐🌟🌟 | 眼镜店￥2055/人 | 14.8,一代眼镜 | LG1 | ⭐🌟⭐🌟🌟 | 眼镜店￥2055/人 | 14.8 | IDEE | 一代眼镜 | 点评榜单 | 虹桥/古北眼镜店好评榜第7名 | 专业配镜 | 值得信赖 | 10:00营业 | “地理位置优越，装修豪华上档次 | 8.5折 | ￥16.91 | ￥25海昌|隐形眼镜美瞳... | 惠,ocr/input_videos\上海__尚嘉中心__20260826.mp4
OBS-000551,尚嘉中心,NEWYORKER,NEWYORKER,服饰鞋包,,,L2,unrated,False,explicitly_unrated,unrated,parsed,unrated_anchor,0.9987,0.9981,45,4824,81.978,L2 | 暂无星级 | ★★★★★ | 服饰鞋包,NEWYORKER | L2 | 暂无星级 | ★★★★★ | 服饰鞋包 | EXCEPTION(尚嘉中心店) | 81 | 服法 | 新工层级,ocr/input_videos\上海__尚嘉中心__20260826.mp4
OBS-000552,尚嘉中心,美丽田园,美丽田园,SPA美体,4.5,473,LG1,rated,True,,rated,parsed,rating_anchor,0.9835,0.9998,57,4860,82.59,4.5SPA美体￥473/人 | LG1,美丽田园 | 4.5SPA美体￥473/人 | LG1 | 美麗田園 | 虹桥/古北瘦身塑形销量榜第3名 | 10:00营业 | 全身按摩特别放松，体验后轻松多了” | S | ￥211 | 4.5折 | SPA放松助眠一全.. | 惠 | ￥1140,ocr/input_videos\上海__尚嘉中心__20260826.mp4
OBS-000553,尚嘉中心,Glasstique眼镜店,Glasstique眼镜店,眼镜店,4.7,9679,L2,rated,True,,rated,parsed,rating_anchor,0.9659,0.9713,58,4860,82.59,🌟🌟🌟🌟 | L2 | 眼镜店￥9679/人 | 4.7,Glasstique眼镜店 | 🌟🌟🌟🌟 | L2 | 眼镜店￥9679/人 | 4.7 | “补螺丝还调整镜腿，服务超棒 | 10:00营业,ocr/input_videos\上海__尚嘉中心__20260826.mp4
OBS-000554,尚嘉中心,一代眼镜,一代眼镜,眼镜店,,2055,LG1,unknown,True,,ocr_missing,parsed,metadata_anchor,0.9858,0.9987,62,4860,82.59,LG1 | ★★★★★ | 眼镜店￥2055/人 | 14.8,一代眼镜 | LG1 | ★★★★★ | 眼镜店￥2055/人 | IDEE | 14.8 | 一代眼镜 | 点评榜单 | 虹桥/古北眼镜店好评榜第7名 | 值得信贛 | 专业配镜 | 10:00营业 | “地理位置优越，装修豪华上档次 | ￥16.91 | 8.5折 | ￥25海昌|隐形眼镜美瞳... | 惠,ocr/input_videos\上海__尚嘉中心__20260826.mp4
OBS-000555,尚嘉中心,NEWYORKER,NEWYORKER,服饰鞋包,,,L2,unrated,False,explicitly_unrated,unrated,parsed,unrated_anchor,0.9988,0.9986,45,4860,82.59,L2 | 暂无星级 | 服饰鞋包 | ★★★★★,NEWYORKER | L2 | 暂无星级 | 服饰鞋包 | ★★★★★,ocr/input_videos\上海__尚嘉中心__20260826.mp4
OBS-000556,尚嘉中心,EXCEPTION(尚嘉中心店),EXCEPTION(尚嘉中心店),服装,,,L2,unrated,False,explicitly_unrated,unrated,parsed,unrated_anchor,0.99,0.9805,55,4860,82.59,服装 | L2 | ★★★★★ | 暂无星级,EXCEPTION(尚嘉中心店) | 33031 | 服装 | L2 | ★★★★★ | 暂无星级 | GETOY潮玩贩售,ocr/input_videos\上海__尚嘉中心__20260826.mp4
OBS-000557,尚嘉中心,一代眼镜,一代眼镜,眼镜店,4.8,2055,LG1,rated,True,,rated,parsed,rating_anchor,0.9972,0.9982,53,4932,83.814,LG1 | 🌟🌟⭐⭐🌟 | 眼镜店 | ￥2055/人 | 4.8,一代眼镜 | LG1 | 🌟🌟⭐⭐🌟 | 眼镜店 | ￥2055/人 | IDEE | 4.8 | 虹桥/古北眼镜店好评榜第7名 | 一代眼镜 | 点评榜单 | 专业配镜 | 值得信赖 | 10:00营业 | 地理位置优越，装修豪华上档次 | ￥16.918.5折 | ￥25海昌|隐形眼镜美瞳... | 惠,ocr/input_videos\上海__尚嘉中心__20260826.mp4
OBS-000558,尚嘉中心,NEWYORKER,NEWYORKER,服饰鞋包,,,L2,unrated,False,explicitly_unrated,unrated,parsed,unrated_anchor,0.999,0.9987,44,4932,83.814,L2 | ★★★★★ | 暂无星级 | 服饰鞋包,NEWYORKER | L2 | ★★★★★ | 暂无星级 | 服饰鞋包,ocr/input_videos\上海__尚嘉中心__20260826.mp4
OBS-000559,尚嘉中心,EXCEPTION(尚嘉中心店),EXCEPTION(尚嘉中心店),服装,,,L2,unrated,False,explicitly_unrated,unrated,parsed,unrated_anchor,0.9814,0.9632,54,4932,83.814,服装 | ★★★★★ | 暂无星级 | L2,EXCEPTION(尚嘉中心店) | 371 | 服装 | ★★★★★ | 暂无星级 | L2,ocr/input_videos\上海__尚嘉中心__20260826.mp4
OBS-000560,尚嘉中心,GETOY潮玩贩售,GETOY潮玩贩售,玩具,,,LG2,unrated,False,explicitly_unrated,unrated,parsed,unrated_anchor,0.999,0.9988,51,4932,83.814,玩具 | ★★★★★ | LG2 | 暂无星级,GETOY潮玩贩售 | CETOT潮玩贩聘 | 玩具 | ★★★★★ | LG2 | 暂无星级,ocr/input_videos\上海__尚嘉中心__20260826.mp4
OBS-000561,尚嘉中心,新电途充电站,新电途充电站,充电站/桩,,,LG3,unrated,False,explicitly_unrated,unrated,parsed,unrated_anchor,0.9897,0.9998,52,4932,83.814,LG3 | ★🌟💥🎉🌟 | 暂无星级 | 充电站/桩,新电途充电站 | LG3 | ★🌟💥🎉🌟 | 暂无星级 | 充电站/桩 | 养车/用车,ocr/input_videos\上海__尚嘉中心__20260826.mp4
OBS-000562,尚嘉中心,特来电汽车充电站,特来电汽车充电站,充电站/桩,,,LG4,unrated,False,explicitly_unrated,unrated,parsed,unrated_anchor,0.9922,0.9989,54,4932,83.814,充电站/桩 | ★★★★★ | LG4 | 暂无星级,特来电汽车充电站 | TELD | 特来电 | 充电站/桩 | ★★★★★ | LG4 | 暂无星级,ocr/input_videos\上海__尚嘉中心__20260826.mp4
OBS-000563,尚嘉中心,NEWYORKER,NEWYORKER,服饰鞋包,,,L2,unrated,False,explicitly_unrated,unrated,parsed,unrated_anchor,0.9993,0.999,44,4968,84.425,L2 | ★★★★★ | 暂无星级 | 服饰鞋包,NEWYORKER | L2 | ★★★★★ | 暂无星级 | 服饰鞋包,ocr/input_videos\上海__尚嘉中心__20260826.mp4
OBS-000564,尚嘉中心,EXCEPTION(尚嘉中心店),EXCEPTION(尚嘉中心店),服装,,,L2,unrated,False,explicitly_unrated,unrated,parsed,unrated_anchor,0.9934,0.9869,55,4968,84.425,服装 | ★★💥★★ | L2 | 暂无星级,EXCEPTION(尚嘉中心店) | 31 | 服装 | ★★💥★★ | L2 | 暂无星级,ocr/input_videos\上海__尚嘉中心__20260826.mp4
OBS-000565,尚嘉中心,GETOY潮玩贩售,GETOY潮玩贩售,玩具,,,LG2,unrated,False,explicitly_unrated,unrated,parsed,unrated_anchor,0.999,0.9989,51,4968,84.425,🌟🌟💥🌟🌟 | 玩具 | LG2 | 暂无星级,GETOY潮玩贩售 | CETOT潮玩贩聘 | 🌟🌟💥🌟🌟 | 玩具 | LG2 | 暂无星级,ocr/input_videos\上海__尚嘉中心__20260826.mp4
OBS-000566,尚嘉中心,新电途充电站,新电途充电站,充电站/桩,,,LG3,unrated,False,explicitly_unrated,unrated,parsed,unrated_anchor,0.9949,0.9997,57,4968,84.425,LG3 | ⭐🌟💥🌟🌟 | 暂无星级 | 充电站/桩,新电途充电站 | LG3 | ⭐🌟💥🌟🌟 | 暂无星级 | 充电站/桩 | 养车/用车,ocr/input_videos\上海__尚嘉中心__20260826.mp4
OBS-000567,尚嘉中心,特来电汽车充电站,特来电汽车充电站,充电站/桩,,,LG4,unrated,False,explicitly_unrated,unrated,parsed,unrated_anchor,0.9917,0.9993,54,4968,84.425,⭐🌟★★🌟 | 充电站/桩 | 暂无星级 | LG4,特来电汽车充电站 | TELD | 特来电 | ⭐🌟★★🌟 | 充电站/桩 | 暂无星级 | LG4 | ￥28.5￥30特来电30充电券(抵扣电费... | 惠,ocr/input_videos\上海__尚嘉中心__20260826.mp4
OBS-000568,尚嘉中心,Hwas Gallery,HwasGallery,古玩字画,,,L3,unrated,False,explicitly_unrated,unrated,parsed,unrated_anchor,0.9977,0.9956,68,4968,84.425,🌟🌟🌟🌟🌟 | 暂无星级 | 古玩字画 | L3,Hwas Gallery | 🌟🌟🌟🌟🌟 | 暂无星级 | 古玩字画 | L3 | P1AO1 | 福,ocr/input_videos\上海__尚嘉中心__20260826.mp4
OBS-000569,尚嘉中心,NEWYORKER,NEWYORKER,服饰鞋包,,,L2,unrated,False,explicitly_unrated,unrated,parsed,unrated_anchor,0.9986,0.9978,45,4992,84.833,L2 | ★★★★★ | 暂无星级 | 服饰鞋包,NEWYORKER | L2 | ★★★★★ | 暂无星级 | 服饰鞋包,ocr/input_videos\上海__尚嘉中心__20260826.mp4
OBS-000570,尚嘉中心,EXCEPTION(尚嘉中心店),EXCEPTION(尚嘉中心店),服装,,,L2,unrated,False,explicitly_unrated,unrated,parsed,unrated_anchor,0.984,0.9683,58,4992,84.833,服装 | L2 | ★★★★ | 暂无星级,EXCEPTION(尚嘉中心店) | 3771 | 服装 | L2 | ★★★★ | 暂无星级,ocr/input_videos\上海__尚嘉中心__20260826.mp4
OBS-000571,尚嘉中心,GETOY潮玩贩售,GETOY潮玩贩售,玩具,,,LG2,unrated,False,explicitly_unrated,unrated,parsed,unrated_anchor,0.9985,0.9974,52,4992,84.833,暂无星级 | LG2 | 玩具 | 🌟🌟★★🌟,GETOY潮玩贩售 | CETOI潮玩贩聘 | 暂无星级 | LG2 | 玩具 | 🌟🌟★★🌟,ocr/input_videos\上海__尚嘉中心__20260826.mp4
OBS-000572,尚嘉中心,新电途充电站,新电途充电站,充电站/桩,,,LG3,unrated,False,explicitly_unrated,unrated,parsed,unrated_anchor,0.996,0.9997,55,4992,84.833,LG3 | 暂无星级 | 🌟🌟🌟💥🌟 | 充电站/桩,新电途充电站 | LG3 | 暂无星级 | 🌟🌟🌟💥🌟 | 充电站/桩 | 养车/用车,ocr/input_videos\上海__尚嘉中心__20260826.mp4
OBS-000573,尚嘉中心,特来电汽车充电站,特来电汽车充电站,充电站/桩,,,LG4,unrated,False,explicitly_unrated,unrated,parsed,unrated_anchor,0.9944,0.9994,57,4992,84.833,★★★★ | 充电站/桩 | LG4 | 暂无星级,特来电汽车充电站 | TELD | 特来电 | ★★★★ | 充电站/桩 | LG4 | 暂无星级 | ￥28.5￥30特来电30充电券(抵扣电费.. | 惠,ocr/input_videos\上海__尚嘉中心__20260826.mp4
OBS-000574,尚嘉中心,Hwas Gallery,HwasGallery,古玩字画,,,L3,unrated,False,explicitly_unrated,unrated,parsed,unrated_anchor,0.9981,0.9964,67,4992,84.833,暂无星级 | L3 | 🌟🌟🌟🌟 | 古玩字画,Hwas Gallery | 暂无星级 | L3 | 🌟🌟🌟🌟 | 古玩字画 | 人,ocr/input_videos\上海__尚嘉中心__20260826.mp4
OBS-000575,尚嘉中心,NEWYORKER,NEWYORKER,服饰鞋包,,,L2,unrated,False,explicitly_unrated,unrated,parsed,unrated_anchor,0.9989,0.9988,45,5040,85.649,暂无星级 | ★★★★★ | 服饰鞋包 | L2,NEWYORKER | 2 | 暂无星级 | ★★★★★ | 服饰鞋包 | L2,ocr/input_videos\上海__尚嘉中心__20260826.mp4
OBS-000576,尚嘉中心,EXCEPTION(尚嘉中心店),EXCEPTION(尚嘉中心店),服装,,,L2,unrated,False,explicitly_unrated,unrated,parsed,unrated_anchor,0.9898,0.9799,61,5040,85.649,服装 | L2 | ★🌟★★ | 暂无星级,EXCEPTION(尚嘉中心店) | 3071 | 服装 | L2 | ★🌟★★ | 暂无星级,ocr/input_videos\上海__尚嘉中心__20260826.mp4
OBS-000577,尚嘉中心,GETOY潮玩贩售,GETOY潮玩贩售,玩具,,,LG2,unrated,False,explicitly_unrated,unrated,parsed,unrated_anchor,0.9984,0.9977,52,5040,85.649,玩具 | LG2 | ★★★★★ | 暂无星级,GETOY潮玩贩售 | CETOI潮玩贩鸭 | 玩具 | LG2 | ★★★★★ | 暂无星级,ocr/input_videos\上海__尚嘉中心__20260826.mp4
OBS-000578,尚嘉中心,新电途充电站,新电途充电站,充电站/桩,,,LG3,unrated,False,explicitly_unrated,unrated,parsed,unrated_anchor,0.9952,0.9997,55,5040,85.649,LG3 | 🌟🌟🌟🌟🌟 | 暂无星级 | 充电站/桩,新电途充电站 | LG3 | 🌟🌟🌟🌟🌟 | 暂无星级 | 充电站/桩 | 养车/用车,ocr/input_videos\上海__尚嘉中心__20260826.mp4
OBS-000579,尚嘉中心,特来电汽车充电站,特来电汽车充电站,充电站/桩,,,LG4,unrated,False,explicitly_unrated,unrated,parsed,unrated_anchor,0.9914,0.9978,54,5040,85.649,LG4 | ★★★★★ | 暂无星级 | 充电站/桩,特来电汽车充电站 | TELD | 特来电 | LG4 | ★★★★★ | 暂无星级 | 充电站/桩 | ￥28.5￥30特来电30充电券(抵扣电费.. | 惠,ocr/input_videos\上海__尚嘉中心__20260826.mp4
OBS-000580,尚嘉中心,Hwas Gallery,HwasGallery,古玩字画,,,L3,unrated,False,explicitly_unrated,unrated,parsed,unrated_anchor,0.9972,0.995,68,5040,85.649,★★★★★ | L3 | 暂无星级 | 古玩字画,Hwas Gallery | ★★★★★ | L3 | 暂无星级 | 古玩字画,ocr/input_videos\上海__尚嘉中心__20260826.mp4
OBS-000581,尚嘉中心,EXCEPTION(尚嘉中心店),EXCEPTION(尚嘉中心店),服装,,,L2,unrated,False,explicitly_unrated,unrated,parsed,unrated_anchor,0.98,0.9605,55,5052,85.853,⭐🌟🌟⭐🎉 | 服装 | L2 | 暂无星级,EXCEPTION(尚嘉中心店) | 23 | ⭐🌟🌟⭐🎉 | 服装 | L2 | 暂无星级,ocr/input_videos\上海__尚嘉中心__20260826.mp4
OBS-000582,尚嘉中心,GETOY潮玩贩售,GETOY潮玩贩售,玩具,,,LG2,unrated,False,explicitly_unrated,unrated,parsed,unrated_anchor,0.9993,0.9991,51,5052,85.853,★★★★★ | LG2 | 玩具 | 暂无星级,GETOY潮玩贩售 | CETOT潮玩贩售 | ★★★★★ | LG2 | 玩具 | 暂无星级,ocr/input_videos\上海__尚嘉中心__20260826.mp4
OBS-000583,尚嘉中心,新电途充电站,新电途充电站,充电站/桩,,,LG3,unrated,False,explicitly_unrated,unrated,parsed,unrated_anchor,0.9919,0.9997,52,5052,85.853,LG3 | 充电站/桩 | 暂无星级 | 🌟🌟🌟🌟,新电途充电站 | LG3 | 充电站/桩 | 暂无星级 | 🌟🌟🌟🌟 | 养车/用车,ocr/input_videos\上海__尚嘉中心__20260826.mp4
OBS-000584,尚嘉中心,特来电汽车充电站,特来电汽车充电站,充电站/桩,,,LG4,unrated,False,explicitly_unrated,unrated,parsed,unrated_anchor,0.9917,0.9996,54,5052,85.853,LG4 | 暂无星级 | 充电站/桩 | ★★★★★,特来电汽车充电站 | TELD | 特来电 | LG4 | 暂无星级 | 充电站/桩 | ★★★★★ | ￥28.5￥30特来电30充电券(抵扣电费.. | 惠,ocr/input_videos\上海__尚嘉中心__20260826.mp4
OBS-000585,尚嘉中心,Hwas Gallery,HwasGallery,古玩字画,,,L3,unrated,False,explicitly_unrated,unrated,parsed,unrated_anchor,0.9987,0.9977,67,5052,85.853,暂无星级 | 古玩字画 | ★🌟★★★ | L3,Hwas Gallery | 暂无星级 | 古玩字画 | ★🌟★★★ | L3 | 国,ocr/input_videos\上海__尚嘉中心__20260826.mp4
OBS-000586,尚嘉中心,安悦充电汽车充电站（尚嘉中心充...,安悦充电汽车充电站(尚嘉中心充,充电站/桩,,,LG4,unrated,False,explicitly_unrated,unrated,parsed,unrated_anchor,0.9517,0.9211,60,5052,85.853,LG4 | ★★★★★ | 暂无星级 | 充电站/桩,安悦充电汽车充电站（尚嘉中心充... | LG4 | ★★★★★ | 暂无星级 | 充电站/桩 | 养车/用车,ocr/input_videos\上海__尚嘉中心__20260826.mp4
OBS-000587,尚嘉中心,GETOY潮玩贩售,GETOY潮玩贩售,玩具,,,LG2,unrated,False,explicitly_unrated,unrated,parsed,unrated_anchor,0.9988,0.998,52,5088,86.465,玩具 | LG2 | ★★★★★ | 暂无星级,GETOY潮玩贩售 | CETOT玩元贩鸭 | 玩具 | LG2 | ★★★★★ | 暂无星级,ocr/input_videos\上海__尚嘉中心__20260826.mp4
OBS-000588,尚嘉中心,新电途充电站,新电途充电站,充电站/桩,,,LG3,unrated,False,explicitly_unrated,unrated,parsed,unrated_anchor,0.9911,0.9996,52,5088,86.465,LG3 | ★★★★★ | 暂无星级 | 充电站/桩,新电途充电站 | LG3 | ★★★★★ | 暂无星级 | 充电站/桩 | 养车/用车,ocr/input_videos\上海__尚嘉中心__20260826.mp4
OBS-000589,尚嘉中心,特来电汽车充电站,特来电汽车充电站,充电站/桩,,,LG4,unrated,False,explicitly_unrated,unrated,parsed,unrated_anchor,0.9938,0.9993,54,5088,86.465,LG4 | 充电站/桩 | ★★★★★ | 暂无星级,特来电汽车充电站 | TELDw | 特来电 | LG4 | 充电站/桩 | ★★★★★ | 暂无星级 | ￥28.5￥30特来电30充电券(抵扣电费.. | 惠,ocr/input_videos\上海__尚嘉中心__20260826.mp4
OBS-000590,尚嘉中心,Hwas Gallery,HwasGallery,古玩字画,,,L3,unrated,False,explicitly_unrated,unrated,parsed,unrated_anchor,0.9779,0.956,64,5088,86.465,★★★★★ | 暂无星级 | 古玩字画 | L3,Hwas Gallery | ★★★★★ | 暂无星级 | 古玩字画 | L3 | 5,ocr/input_videos\上海__尚嘉中心__20260826.mp4
OBS-000591,尚嘉中心,安悦充电汽车充电站(尚嘉中心充...,安悦充电汽车充电站(尚嘉中心充,及充电站/桩,,,LG4,unrated,False,explicitly_unrated,unrated,parsed,unrated_anchor,0.9192,0.9259,57,5088,86.465,LG4 | ★★★★ | 及充电站/桩 | 暂无星级,安悦充电汽车充电站(尚嘉中心充... | LG4 | ★★★★ | 及充电站/桩 | 暂无星级 | 养车/用车 | 已经到底啦~,ocr/input_videos\上海__尚嘉中心__20260826.mp4
